smiles,exp_mean [nM],y,cliff_mol,split,y[exp_mean [nM],Predicted_y,Error,Abs_Error
Cc1nnc(-c2ccccc2)c(C#N)n1,100000.0,-5.0,0,test,4.0,-3.0916009928794153,-1.9083990071205847,1.9083990071205847
S=c1[nH]nc2c3c4c(sc3n3c(=S)[nH]nc3n12)CCC4,79.43,-1.899984562549391,0,test,7.100015437450609,-3.7717768948878785,1.8717923323384875,1.8717923323384875
O=C(Nc1ccc(F)c(-c2ccc3cc(NC(=O)C4CC4)ncc3c2)c1)C1CCOCC1,27.0,-1.4313637641589874,1,test,7.568636235841012,0.2510889461330417,-1.682452710292029,1.682452710292029
Nc1ncnc2c1c(-c1cnc3[nH]ccc3c1)nn2C1CCCC1,15.85,-1.2000292665537702,0,test,7.79997073344623,-2.826469332811602,1.626440066257832,1.626440066257832
Cc1cnc(CO)cc1-c1ccc2cc(NC(=O)C3CC3)ncc2c1,4.0,-0.6020599913279624,1,test,8.397940008672037,0.938070779579757,-1.5401307709077194,1.5401307709077194
Cc1ccc(N2NC(=O)/C(=C/c3ccc(-c4ccc(C)c(Cl)c4)o3)C2=O)cc1C,5000.0,-3.6989700043360187,0,test,5.301029995663981,-2.1698911421154823,-1.529078862220536,1.529078862220536
Cc1cc(C(O)C(F)F)ncc1-c1ccc2cc(NC(=O)C3C[C@@H]3F)ncc2c1,33.5,-1.5250448070368452,0,test,7.474955192963154,-0.044538715209281,-1.480506091827564,1.480506091827564
CSc1nc(NCCc2ccccc2)c2cnn(CC(Cl)c3ccccc3)c2n1,7300.0,-3.863322860120456,1,test,5.136677139879544,-2.404044150392903,-1.459278709727553,1.459278709727553
Cn1c(=O)c(-c2ccccc2)cc2cnc(NCc3cccc(N)c3)nc21,2000.0,-3.3010299956639813,1,test,5.698970004336019,-1.84736787963597,-1.4536621160280112,1.4536621160280112
CN1CCN(c2ccc3cc(NC(=O)C4CC4)ncc3c2)CC1,403.0,-2.6053050461411096,1,test,6.39469495385889,-1.166258919004716,-1.4390461271363937,1.4390461271363937
COCCNC(=O)Nc1cc2ccc(-c3cc(F)ccc3C)cc2cn1,0.2,0.6989700043360187,0,test,9.698970004336019,-0.6810742480241205,1.3800442523601393,1.3800442523601393
Cc1cc([S+](C)O)ncc1-c1ccc2cc(NC(=O)C3CC3F)ncc2c1,25.3,-1.403120521175818,0,test,7.596879478824182,-0.053643878175888206,-1.3494766429999299,1.3494766429999299
NCc1cccc(-c2ccc3cc(NC(=O)C4CC4)ncc3c2)c1,41.0,-1.6127838567197355,1,test,7.3872161432802645,-0.26902550560616495,-1.3437583511135707,1.3437583511135707
COC(C(=O)N1Cc2[nH]nc(NC(=O)c3ccc(N4CCN(C)CC4)cc3)c2C1)c1ccccc1,2.512,-0.40001963506515853,0,test,8.599980364934842,-1.7300212031493774,1.330001568084219,1.330001568084219
Nc1nc(=O)[nH]c2sccc12,63095.73,-4.799999969383821,0,test,4.200000030616179,-3.4702103202909096,-1.3297896490929113,1.3297896490929113
CC1CC(C)N1c1ccc2cc(NC(=O)C3CC3F)ncc2c1,41.6,-1.6190933306267428,0,test,7.380906669373257,-0.29899971209801346,-1.3200936185287293,1.3200936185287293
COc1ccc(C=NNc2ncnc3c2[nH]c2ccccc23)cc1OC,63.1,-1.8000293592441343,0,test,7.199970640755866,-3.0661495533684127,1.2661201941242783,1.2661201941242783
CC(C)c1cc(=O)[nH]c2[nH][nH]c(=O)c12,63095.73,-4.799999969383821,0,test,4.200000030616179,-3.5655485159808187,-1.2344514534030022,1.2344514534030022
Cc1cccc(NC(=O)Nc2ccc(-c3csc4ccnc(N)c34)cc2)c1,398.11,-2.60000308662774,0,test,6.399996913372259,-1.3796148368174088,-1.2203882498103313,1.2203882498103313
Cc1cc(-c2ccc3cc(NC(=O)C4CC4)ncc3c2)c(C)cn1,20.0,-1.3010299956639813,1,test,7.698970004336019,-0.1847614077145111,-1.1162685879494703,1.1162685879494703
Cc1ccc(NC(=O)C2CCC2)c(F)c1-c1ccc2cc(NC(=O)C3CC3)ncc2c1,0.2,0.6989700043360187,0,test,9.698970004336019,-0.386329408916914,1.0852994132529328,1.0852994132529328
c1cc2cc(-c3ccc4cn[nH]c4c3)cnc2[nH]1,50.12,-1.7000110623221123,0,test,7.299988937677888,-2.7690508374019025,1.0690397750797902,1.0690397750797902
CN1CCN(Cc2ccc(NC(=O)Nc3ccc(Oc4ccc5ccccc5c4)cc3)cc2C(F)(F)F)CC1,155.0,-2.1903316981702914,1,test,6.809668301829708,-1.125443403521034,-1.0648882946492575,1.0648882946492575
Cc1ccc(O)cc1-c1ccc2cc(NC(=O)C3CC3)ncc2c1,0.02,1.6989700043360187,1,test,10.698970004336019,0.6837355555486555,1.0152344487873632,1.0152344487873632
Cc1c(-c2ccc3cc(NC(=O)C4CC4)ncc3c2)cnc(CO)c1F,0.02,1.6989700043360187,0,test,10.698970004336019,0.692452422779647,1.0065175815563716,1.0065175815563716
Cc1ccc(F)cc1-c1cc2cnc(NC(=O)C3CC3)cc2c(-c2cn[nH]c2)n1,0.1,1.0,1,test,10.0,0.008881007761770952,0.9911189922382291,0.9911189922382291
CCc1nc2cc(NC(=O)C3CC3)ncc2cc1-c1ccccc1Cl,11.0,-1.0413926851582251,0,test,7.958607314841775,-0.05175090734932735,-0.9896417778088978,0.9896417778088978
Cc1ccc(NC(=O)C2CCN(C)CC2)cc1-c1ccc2cc(NC(=O)C3CC3)ncc2c1,7.0,-0.8450980400142568,1,test,8.154901959985743,0.1328526099132757,-0.9779506499275326,0.9779506499275326
Cc1ccc(F)cc1-c1ccc2cc(NC(=O)C3CC3c3ccc(CN(C)C)cc3)ncc2c1,0.2,0.6989700043360187,0,test,9.698970004336019,-0.27696993357957633,0.9759399379155951,0.9759399379155951
Cc1ccc(F)cc1-c1ccc2cc(NC(=O)NC3COC3)ncc2c1,0.2,0.6989700043360187,1,test,9.698970004336019,-0.25717181502233555,0.9561418193583543,0.9561418193583543
CCNC(=O)Nc1cc2ccc(-c3cc(F)ccc3C)cc2cn1,0.2,0.6989700043360187,0,test,9.698970004336019,-0.25658849596906264,0.9555585003050814,0.9555585003050814
Cc1ccc(F)cc1-c1ccc2c(Cl)c(N)ncc2c1,15.0,-1.1760912590556813,0,test,7.823908740944319,-2.1123306294451623,0.9362393703894811,0.9362393703894811
Cc1ncc(CO)cc1-c1ccc2cc(NC(=O)C3CC3)ncc2c1,3.0,-0.47712125471966244,1,test,8.522878745280337,0.45051851827380834,-0.9276397729934707,0.9276397729934707
Cc1nc(Nc2ncc(C(=O)Nc3c(C)cccc3Cl)s2)cc(N2CCN(CCOCCOCCNC(=O)CCCCCC3(C)C(/C=C/C=C/C=C4/N(CCCS(=O)(=O)O)c5ccc(S(=O)(=O)O)cc5C4(C)C)=[N+](CCCS(=O)(=O)O)c4ccc(S(=O)(=O)O)cc43)CC2)n1,0.35,0.4559319556497244,0,test,9.455931955649724,-0.4686907551988259,0.9246227108485503,0.9246227108485503
CC(C)(C)c1ccc2nc(-c3n[nH]c4ccccc34)[nH]c2c1,158.49,-2.200001865406602,0,test,6.799998134593398,-3.070775851846258,0.870773986439656,0.870773986439656
CCN(CC)CCNC(=O)C=Cc1cnc(N)c2c(-c3ccc(NC(=O)Nc4cccc(C)c4)cc3)csc12,2.512,-0.40001963506515853,0,test,8.599980364934842,-1.2550128690523936,0.8549932339872351,0.8549932339872351
COC(=O)Nc1nc2cc(C(=O)c3ccccc3)ccc2[nH]1,4600.0,-3.662757831681574,0,test,5.337242168318426,-2.815184212291998,-0.8475736193895758,0.8475736193895758
Nc1ncnc2c1c(-c1ccc(Cl)cc1)nn2-c1cccc(-c2cnnn2CCCCCC(=O)NO)c1,2350.0,-3.3710678622717363,0,test,5.628932137728263,-2.5241849001131538,-0.8468829621585825,0.8468829621585825
C#CCN(C)C(=O)c1cncc(-c2cnc3[nH]cc(-c4cc(C=O)c(C#C)cc4OC)c3c2)c1,3200.0,-3.505149978319906,0,test,5.494850021680094,-2.6656963290666345,-0.8394536492532714,0.8394536492532714
Nc1n[nH]c2cccc(-c3ccc(F)cc3)c12,15848.93,-4.199999947261554,0,test,4.800000052738446,-3.3901960254987484,-0.8098039217628052,0.8098039217628052
O=C(Nc1cc2ccc(Oc3cncnc3)cc2cn1)C1CC1,42.0,-1.6232492903979006,1,test,7.376750709602099,-0.8298421935769814,-0.7934070968209191,0.7934070968209191
CCC(=O)Nc1cc2ccc(-c3cc(F)ccc3C)cc2cn1,0.5,0.3010299956639812,0,test,9.301029995663981,-0.49221731269940266,0.7932473083633839,0.7932473083633839
Cc1ccc(F)cc1-c1ccc2cc(NC(=O)C(C)(C)C)ncc2c1,2.0,-0.3010299956639812,1,test,8.698970004336019,-1.0621966602011903,0.761166664537209,0.761166664537209
CNCc1ccc(-c2cc(-c3nc(-c4ccc(S(=O)(=O)C(C)C)cc4)cnc3N)on2)cc1,59.0,-1.7708520116421442,0,test,7.229147988357855,-2.5242831319780343,0.7534311203358901,0.7534311203358901
O=C(Nc1nnc(SCc2ccc([N+](=O)[O-])cc2)s1)c1ccccc1Cl,83.0,-1.919078092376074,0,test,7.080921907623926,-2.666666500856319,0.7475884084802449,0.7475884084802449
Cc1ccnc(CO)c1-c1ccc2cc(NC(=O)C3CC3)ncc2c1,0.07,1.154901959985743,1,test,10.154901959985743,0.43104021112457774,0.7238617488611654,0.7238617488611654
Cc1ccc(F)cc1-c1cc2cnc(NC(=O)C3CC3)cc2c(-c2cnn(C)c2)n1,0.1,1.0,1,test,10.0,0.2851420255884528,0.7148579744115472,0.7148579744115472
COc1ccc2cc(NC(=O)C3CC3)ncc2c1,30.0,-1.4771212547196624,0,test,7.522878745280337,-0.7719517827848774,-0.705169471934785,0.705169471934785
O=C(Nc1cc2ccc(-c3cncc(F)c3)cc2cn1)C1CC1,0.5,0.3010299956639812,1,test,9.301029995663981,-0.39245950374085375,0.693489499404835,0.693489499404835
Clc1cccc(Cl)c1-c1ccc2cc(Nc3ccnc(N4CCOCC4)n3)ncc2c1,1.03,-0.012837224705172217,0,test,8.987162775294827,-0.705901350993515,0.6930641262883428,0.6930641262883428
CN(C)c1ccc(-c2cc(-c3ccc([N+](=O)[O-])cc3)nc(NS(=O)(=O)c3ccc(N)cc3)n2)cc1,1258.93,-3.100001582801352,0,test,5.899998417198648,-2.408926227487953,-0.6910753553133988,0.6910753553133988
Cc1ccc(C#N)cc1-c1ccc2cc(NC(=O)C3CC3)ncc2c1,0.2,0.6989700043360187,1,test,9.698970004336019,0.016069828023045577,0.6829001763129732,0.6829001763129732
O=C(Nc1ncc(Cc2ccc(Cl)cc2)s1)c1cccs1,624.0,-2.795184589682424,0,test,6.204815410317575,-2.122721457805751,-0.6724631318766732,0.6724631318766732
CC(C)(C)c1cc(NC(=O)Nc2ccc(Oc3ccc4cccnc4c3)cc2)n(-c2ccc3ncccc3c2)n1,3.51,-0.5453071164658241,0,test,8.454692883534175,-1.2147892769738475,0.6694821605080234,0.6694821605080234
Cn1c(=O)c(-c2c(Cl)cccc2Cl)cc2cnc(NCc3cccc(N)c3)nc21,8.0,-0.9030899869919435,1,test,8.096910013008056,-1.5642608538101876,0.661170866818244,0.661170866818244
O=C1NC(=O)c2c1c(-c1ccccc1Cl)cc1[nH]c3ccc(O)cc3c21,158.49,-2.200001865406602,0,test,6.799998134593398,-2.8599836091207997,0.6599817437141979,0.6599817437141979
Cc1ccc(F)cc1-c1ccc2cc(NC(=O)CC3CC3)ncc2c1,0.9,0.045757490560675115,1,test,9.045757490560675,-0.6109766372551215,0.6567341278157967,0.6567341278157967
COc1ccc(CN(C)C)cc1Nc1nccc(-c2c(-c3cccc(NC(=O)Cc4ccccc4)c3)nc3sccn23)n1,1995.26,-3.2999994961169836,0,test,5.700000503883016,-2.648798747543324,-0.6512007485736602,0.6512007485736602
Cc1ccncc1-c1ccc2c(C#N)c(N)ncc2c1,5.0,-0.6989700043360189,0,test,8.301029995663981,-1.3437683790333892,0.6447983746973703,0.6447983746973703
O=C(Nc1ccc(Cl)c(-c2ccc3cc(NC(=O)C4CC4)ncc3c2)c1)C1CCOCC1,2.0,-0.3010299956639812,1,test,8.698970004336019,0.33328343610994055,-0.6343134317739217,0.6343134317739217
Cc1ccc(F)cc1-c1cc2cnc(NC(=O)C3CC3)cc2c(-c2cc[nH]n2)n1,0.2,0.6989700043360187,1,test,9.698970004336019,0.06995290443869503,0.6290170998973237,0.6290170998973237
Fc1ccc(CNc2ncnc3c2cnn3CC(Cl)c2ccc(Cl)cc2)cc1,80.0,-1.9030899869919435,1,test,7.096910013008056,-2.5283967479056693,0.6253067609137257,0.6253067609137257
Cc1ccc(F)cc1-c1cc2cnc(NC(=O)C3CC3)cc2c(-c2ccccc2)n1,0.4,0.3979400086720376,1,test,9.397940008672037,-0.21973818895387964,0.6176781976259172,0.6176781976259172
CNc1nc(C)c(-c2ccnc(Nc3ccc(N4CCNCC4)cc3)n2)s1,79.43,-1.899984562549391,0,test,7.100015437450609,-2.501111115393036,0.6011265528436449,0.6011265528436449
CC(C)Cc1nc(Nc2ccc(N3CCOCC3)c(Cl)c2)nc2[nH]ccc12,2511.89,-3.4000006169763797,0,test,5.59999938302362,-2.805332980881171,-0.5946676360952092,0.5946676360952092
Cc1ccc(Nc2nccc(N(C)c3ccc4c(C)n(C)nc4c3)n2)cc1S(N)(=O)=O,316.23,-2.500003068051693,0,test,6.499996931948306,-1.9090404589109824,-0.5909626091407107,0.5909626091407107
O=C(Nc1cc2ccc(-c3ccccc3Cl)nc2cn1)C1CC1,3.0,-0.47712125471966244,1,test,8.522878745280337,-1.0610011789918712,0.5838799242722088,0.5838799242722088
COc1ccc(C)c(-c2ccc3cc(NC(=O)C4CC4)ncc3c2)c1,0.6,0.2218487496163564,1,test,9.221848749616356,-0.34858895634967657,0.5704377059660329,0.5704377059660329
O=C(Nc1cc2ccc(N3CCC(O)CC3)cc2cn1)C1CC1,3.0,-0.47712125471966244,1,test,8.522878745280337,-1.030080552809284,0.5529592980896216,0.5529592980896216
COc1cc2c(N[C@@H]3C[C@H]3c3ccccc3)c(C#N)cnc2cc1OCCCc1cccnc1,300.0,-2.4771212547196626,0,test,6.522878745280337,-3.025420416224894,0.5482991615052315,0.5482991615052315
O=C(Nc1cccc(C2Nc3ccc4ccccc4c3C3C=CCC32)c1)c1ccc(F)cc1,1258.93,-3.100001582801352,0,test,5.899998417198648,-2.553657128336293,-0.5463444544650589,0.5463444544650589
Cc1cc(C(=O)O)ncc1-c1ccc2cc(NC(=O)C3CC3)ncc2c1,3.0,-0.47712125471966244,1,test,8.522878745280337,0.055964923187323296,-0.5330861779069856,0.5330861779069856
CSc1cccc(Nc2ncc3cc(-c4c(Cl)cccc4Cl)c(=O)n(C)c3n2)c1,0.2,0.6989700043360187,1,test,9.698970004336019,0.16989185733652015,0.5290781469994986,0.5290781469994986
Cc1ccc(NC(=O)C2CN(C)CCO2)cc1-c1ccc2cc(NC(=O)C3CC3)ncc2c1,0.2,0.6989700043360187,1,test,9.698970004336019,0.1776803210415396,0.5212896832944791,0.5212896832944791
Cc1cccc(NC(=O)Nc2ccc(-c3csc4c(C#CCN5CCCC5)cnc(N)c34)cc2)c1,251.19,-2.400002345927956,0,test,6.599997654072045,-1.8804390862411,-0.5195632596868558,0.5195632596868558
Cc1ccc(F)cc1-c1ccc2cc(NC(=O)C3CC3(F)F)ncc2c1,0.4,0.3979400086720376,1,test,9.397940008672037,-0.12018933691926388,0.5181293455913015,0.5181293455913015
OCc1cccc(Nc2cc3ccc(-c4ccccc4Cl)nc3cn2)c1,214.0,-2.330413773349191,1,test,6.669586226650809,-1.814457533253566,-0.515956240095625,0.515956240095625
O=C(Nc1cc2ccc(-c3ccc4[nH]ccc4c3)cc2cn1)C1CC1,1.0,-0.0,1,test,9.0,-0.5014808729468938,0.5014808729468938,0.5014808729468938
Cc1nc(N)sc1-c1ccnc(Nc2cccc([N+](=O)[O-])c2)n1,160.0,-2.2041199826559246,0,test,6.795880017344075,-2.702454023704197,0.49833404104827217,0.49833404104827217
N#Cc1ccncc1-c1ccc2cc(NC(=O)C3CC3)ncc2c1,1.0,-0.0,1,test,9.0,0.4979253830398083,-0.4979253830398083,0.4979253830398083
O=C(Nc1cc2ccc(-c3cccnc3)cc2cn1)C1CC1,0.712,0.14752000636314366,1,test,9.147520006363143,-0.3447642344808597,0.4922842408440033,0.4922842408440033
CC(C)NC1=NNC(=O)C1=Cc1cc2ccccc2[nH]1,251.19,-2.400002345927956,0,test,6.599997654072045,-2.8858165340674695,0.4858141881395137,0.4858141881395137
Cc1ncc(O)cc1-c1ccc2cc(NC(=O)C3CC3)ncc2c1,0.1,1.0,1,test,10.0,0.5153794843746069,0.4846205156253931,0.4846205156253931
CCC(=O)Nc1ccc(C(=O)N2CCNCC2)c(O)c1,1000.0,-3.0,0,test,6.0,-2.5265284704760127,-0.4734715295239873,0.4734715295239873
Cc1cccc(NC(=O)Nc2ccc(-c3csc4c(C#Cc5cccnc5)cnc(N)c34)cc2)c1,63.1,-1.8000293592441343,0,test,7.199970640755866,-2.2629815021442856,0.4629521429001513,0.4629521429001513
Cc1ccc(-c2cc3c(NCCN)ccc(C(N)=O)c3[nH]2)cc1,1995.26,-3.2999994961169836,0,test,5.700000503883016,-2.8458453267915953,-0.45415416932538877,0.45415416932538877
O=C(Nc1cc2ccc(N3CCCCC3)cc2cn1)C1CC1,6.0,-0.7781512503836436,1,test,8.221848749616356,-1.2284668074285978,0.4503155570449542,0.4503155570449542
CCN(CCN)C(=O)c1cccc(-n2nc(C(C)(C)C)cc2NC(=O)Nc2cccc3ccccc23)c1,1584.89,-3.1999991251967965,0,test,5.800000874803203,-2.759721712383091,-0.44027741281370547,0.44027741281370547
CSc1nc(N2CCOCC2)c2cnn(CC(Cl)c3ccc(F)cc3)c2n1,970.0,-2.9867717342662448,0,test,6.013228265733755,-2.5578355847618734,-0.4289361495043713,0.4289361495043713
Cc1ccc(C(=O)NC2CCOC2)cc1-c1ccc2cc(NC(=O)C3CC3)ncc2c1,1.95,-0.290034611362518,1,test,8.709965388637482,0.13423513982954158,-0.42426975119205956,0.42426975119205956
Fc1ccc(C(Cl)Cn2ncc3c(NCc4ccccc4Cl)ncnc32)cc1,200.0,-2.3010299956639813,1,test,6.698970004336019,-1.8818953579053956,-0.4191346377585856,0.4191346377585856
Cc1ccc(C(C)(C)O)cc1-c1ccc2cc(NC(=O)C3CC3)ncc2c1,22.0,-1.3424226808222062,1,test,7.657577319177793,-0.9303987615642009,-0.4120239192580053,0.4120239192580053
O=C(Nc1nnc(SCc2cccc(Cl)c2)s1)c1ccccc1Cl,760.0,-2.8808135922807914,0,test,6.119186407719209,-2.498966331989874,-0.38184726029091776,0.38184726029091776
Nc1c(-c2ccc(NC(=O)Nc3cccc(C(F)(F)F)c3)cc2)cnc2c(-c3ccc4c(c3)OCO4)cnn12,199.53,-2.300008202553813,0,test,6.699991797446187,-1.9195496180384273,-0.3804585845153856,0.3804585845153856
Cc1ccc(C(=O)NC2(C)CCC2)cc1-c1ccc2c(Cl)c(N)ncc2c1,33.5,-1.5250448070368452,0,test,7.474955192963154,-1.1519302255324368,-0.37311458150440835,0.37311458150440835
Cc1c(-c2ccc3cc(NC(=O)[C@@H]4C[C@@H]4F)ncc3c2)cnc(C(C)(C)O)c1F,0.268,0.5718652059712112,0,test,9.57186520597121,0.2067356117879595,0.36512959418325164,0.36512959418325164
CSc1nc(N2CCCC2)c2cnn(CC(Br)c3ccccc3)c2n1,1400.0,-3.146128035678238,0,test,5.853871964321762,-2.7954911472075894,-0.3506368884706488,0.3506368884706488
CCOC(=O)C1=c2sc(=Cc3ccco3)c(=O)n2C(N)=C(C#N)C1c1ccco1,79.43,-1.899984562549391,0,test,7.100015437450609,-2.2492346573587,0.3492500948093089,0.3492500948093089
CN1CCN(c2ccc(Nc3ncc(Cl)c(Nc4ccc5[nH]ncc5c4)n3)cc2)CC1,100.0,-2.0,0,test,7.0,-2.3430895543977073,0.3430895543977073,0.3430895543977073
CCCn1cc(-c2cnc(N)c3c(-c4ccc(NC(=O)Nc5cccc(F)c5)cc4)csc23)cn1,1.259,-0.10002573010786256,1,test,8.899974269892137,-0.43919005856078414,0.33916432845292166,0.33916432845292166
Cc1ccc(F)cc1-c1ccc2cc(NC(=O)C3CCOCC3)ncc2c1,3.0,-0.47712125471966244,1,test,8.522878745280337,-0.14104805857714586,-0.3360731961425165,0.3360731961425165
CSc1nc(NCCc2ccccc2)c2cnn(CC(Cl)c3ccc(Cl)cc3)c2n1,110.0,-2.041392685158225,1,test,6.958607314841775,-2.3735589474393457,0.3321662622811208,0.3321662622811208
O=C(Nc1nnc(SCc2ccc([N+](=O)[O-])cc2)s1)c1ccc(Cl)cc1,92.0,-1.9637878273455553,0,test,7.036212172654444,-2.295339810009765,0.33155198266420927,0.33155198266420927
Cc1cccc(NC(=O)Nc2ccc(-c3cncc4[nH]nc(N)c34)cc2)c1,630.96,-2.800001827817969,0,test,6.199998172182031,-2.4737052887744193,-0.3262965390435495,0.3262965390435495
Cc1ccc(F)cc1-c1ccc2cc(NC(=O)C3CCC3)ncc2c1,1.0,-0.0,1,test,9.0,-0.32585834762456956,0.32585834762456956,0.32585834762456956
CSc1nc(NCc2ccccc2)c2cnn(CC(Cl)c3ccc(Cl)cc3)c2n1,110.0,-2.041392685158225,1,test,6.958607314841775,-2.35660686577224,0.31521418061401496,0.31521418061401496
O=C(Nc1cc2ncc(-c3cc(F)ccc3Cl)cc2cn1)C1CC1,0.3,0.5228787452803376,1,test,9.522878745280337,0.20869701515797703,0.3141817301223606,0.3141817301223606
CCCCNc1ncnc2c1cnn2CC(Cl)c1ccccc1,1995.26,-3.2999994961169836,0,test,5.700000503883016,-2.986035998769191,-0.31396349734779294,0.31396349734779294
COc1ccc2c(c1)c(-c1cc3nc(Br)cnc3[nH]1)cn2C,199.53,-2.300008202553813,0,test,6.699991797446187,-2.6131630759621767,0.3131548734083638,0.3131548734083638
Nc1ccc(-c2csc3c(C=Cc4nc5ccccc5[nH]4)cnc(N)c23)cc1,50.12,-1.7000110623221123,0,test,7.299988937677888,-1.38705132938652,-0.3129597329355922,0.3129597329355922
O=C(Nc1cc2ccc(-c3cc(F)cc4[nH]ncc34)cc2cn1)C1CC1,0.158,0.8013429130455774,0,test,9.801342913045577,0.49004455804816205,0.3112983549974153,0.3112983549974153
Cc1ccc(F)cc1-c1cc2cnc(NC(=O)C3CC3)cc2c(OC2CCCC2)n1,4.0,-0.6020599913279624,0,test,8.397940008672037,-0.29824633034742287,-0.3038136609805395,0.3038136609805395
Cc1nc(-c2ccc3cc(NC(=O)C4CC4)ncc3c2)cs1,13.0,-1.1139433523068367,1,test,7.886056647693163,-0.8250031243385814,-0.28894022796825536,0.28894022796825536
Cc1ccc(F)cc1-c1cc(O)c2cc(NC(=O)C3CC3)ncc2n1,8.0,-0.9030899869919435,1,test,8.096910013008056,-1.1808549252502873,0.2777649382583437,0.2777649382583437
COc1ccc(C(=O)Nc2cc3ccc(-c4cc(F)ccc4C)cc3cn2)cc1,52.0,-1.7160033436347992,1,test,7.2839966563652006,-1.4423376944701263,-0.27366564916467295,0.27366564916467295
Cc1ccncc1-c1ccc2c(C#N)c(NC(=O)C3CC3)ncc2c1,0.7,0.1549019599857432,0,test,9.154901959985743,0.4247705981459255,-0.2698686381601823,0.2698686381601823
Cc1c(N)cncc1-c1ccc2cc(NC(=O)C3CC3)ncc2c1,0.09,1.0457574905606752,1,test,10.045757490560675,0.783452399196807,0.26230509136386826,0.26230509136386826
CSc1nc(NCCc2ccccc2F)c2cnn(CC(Cl)c3ccccc3)c2n1,400.0,-2.6020599913279625,1,test,6.3979400086720375,-2.3405703204761137,-0.2614896708518488,0.2614896708518488
Cc1ccc(F)c(NC(=O)Nc2ccc(-c3coc4c(C#CCN5CCOCC5)cnc(N)c34)cc2)c1,398.11,-2.60000308662774,1,test,6.399996913372259,-2.342974780448553,-0.25702830617918737,0.25702830617918737
CCN(CC)CCCNC(=O)c1cnc(N)c2c(-c3ccc(NC(=O)Nc4cccc(C)c4)cc3)csc12,7.943,-0.899984562549391,1,test,8.100015437450608,-1.150096568418834,0.25011200586944304,0.25011200586944304
Cc1ncccc1-c1ccc2cc(NC(=O)C3CC3)ncc2c1,1.0,-0.0,1,test,9.0,0.23297133474960346,-0.23297133474960346,0.23297133474960346
Cc1nc(C)c(-c2nc(-c3cc(F)ccc3C)cc3cnc(NC(=O)C4CC4)cc23)s1,0.3,0.5228787452803376,0,test,9.522878745280337,0.29142893245226986,0.23144981282806776,0.23144981282806776
Cc1ccc(F)cc1-c1cc2cnc(NC(=O)C3CC3)cc2c(-c2ccnn2C)n1,0.3,0.5228787452803376,1,test,9.522878745280337,0.29175399097854643,0.2311247543017912,0.2311247543017912
Cc1cccc(Nc2nc(NC3CCCCC3N)cnc2C(N)=O)c1,251.19,-2.400002345927956,0,test,6.599997654072045,-2.628331405148389,0.228329059220433,0.228329059220433
Cc1ccc(NC(=O)c2ccc(C3CCCN3C)cc2)cc1-c1ccc2cc(NC(=O)C3CC3)ncc2c1,0.3,0.5228787452803376,0,test,9.522878745280337,0.2977015852221773,0.2251771600581603,0.2251771600581603
O=C(Nc1nnc(SCc2ccc(F)cc2)s1)c1ccccc1Cl,406.0,-2.6085260335771943,0,test,6.391473966422806,-2.387301694484505,-0.22122433909268935,0.22122433909268935
CSc1nc(N2CCOCC2)c2cnn(CC(Br)c3ccccc3)c2n1,970.0,-2.9867717342662448,0,test,6.013228265733755,-2.789870096455133,-0.19690163781111192,0.19690163781111192
CCCNc1nc(SC)nc2c1cnn2CC(Br)c1ccccc1,880.0,-2.9444826721501687,0,test,6.055517327849831,-3.136312569113444,0.19182989696327546,0.19182989696327546
Cc1cc(C)cc(NC(=O)Nc2ccc(-c3c(C)sc4ncnc(N)c34)cc2)c1,199.53,-2.300008202553813,0,test,6.699991797446187,-2.488533793181141,0.1885255906273282,0.1885255906273282
CSCNc1cc2ccc(-c3cc(F)ccc3Cl)cc2cn1,72.0,-1.8573324964312685,0,test,7.142667503568731,-2.0438221718964487,0.18648967546518036,0.18648967546518036
CSc1nc(NCc2ccccc2)c2cnn(CC(Br)c3ccccc3)c2n1,190.0,-2.278753600952829,1,test,6.721246399047171,-2.4620729473137164,0.18331934636088754,0.18331934636088754
Cc1c2cc(NC(=O)C3CC3)ncc2cc(-c2ccccc2Cl)[n+]1[O-],1.0,-0.0,0,test,9.0,0.16393656406418303,-0.16393656406418303,0.16393656406418303
Cc1ccc(F)cc1-c1ccc2cc(NC(=O)N3CCN(C)CC3)ncc2c1,4.0,-0.6020599913279624,1,test,8.397940008672037,-0.765140803736593,0.1630808124086306,0.1630808124086306
Cc1ccc(C(=O)NC2CCC2)cc1-c1ccc2cc(NC(=O)C3CC3)ncc2c1,0.417,0.3798639450262425,1,test,9.379863945026242,0.226588652988028,0.1532752920382145,0.1532752920382145
O=C(Nc1cc2ccc(C3CCCC3)cc2cn1)C1CC1,2.0,-0.3010299956639812,1,test,8.698970004336019,-0.4348930238546056,0.1338630281906244,0.1338630281906244
O=C(O)c1ccccc1Nc1ccnc(Nc2ccc3[nH]ncc3c2)n1,501.19,-2.7000023971422538,0,test,6.299997602857746,-2.5708266760938154,-0.12917572104843833,0.12917572104843833
CSc1nc(Nc2cccc(F)c2)c2cnn(CC(Cl)c3ccc(F)cc3)c2n1,220.0,-2.342422680822206,0,test,6.657577319177793,-2.4705270213858954,0.12810434056368925,0.12810434056368925
CSc1nc(NCCc2ccc(Cl)cc2)c2cnn(CC(Cl)c3ccccc3)c2n1,350.0,-2.5440680443502757,1,test,6.455931955649724,-2.417260289148503,-0.126807755201773,0.126807755201773
COc1ccc(CSc2nnc(NC(=O)c3ccc(F)cc3)s2)cc1,195.0,-2.290034611362518,0,test,6.709965388637482,-2.170085929600917,-0.1199486817616009,0.1199486817616009
CNC(=O)c1cc(Oc2ccc(NC(=O)Nc3ccc(Cl)c(C(F)(F)F)c3)cc2)ccn1,158.49,-2.200001865406602,0,test,6.799998134593398,-2.3198029773736186,0.11980111196701682,0.11980111196701682
O=C(O)c1ccc(Nc2ncc3c(n2)-c2ccc(Cl)cc2C(c2c(F)cccc2F)=NC3)cc1,158.49,-2.200001865406602,0,test,6.799998134593398,-2.3191881673968995,0.11918630199029767,0.11918630199029767
Cc1cc(-c2cc(O)ccc2Cl)cc2nnc(Nc3ccc(C(=O)N4CCNCC4)cc3)nc12,8.35,-0.921686475483602,0,test,8.078313524516398,-0.8073451955524252,-0.11434127993117682,0.11434127993117682
COc1ccc(CNc2nc(SC)nc3c2cnn3CC(Cl)c2ccccc2)cc1,300.0,-2.4771212547196626,0,test,6.522878745280337,-2.3677775143291124,-0.10934374039055017,0.10934374039055017
Fc1ccc(C(Cl)Cn2ncc3c(NCc4cccc(F)c4)ncnc32)cc1,100.0,-2.0,1,test,7.0,-1.899704216285977,-0.10029578371402303,0.10029578371402303
Cc1[nH]c(/C=C2\C(=O)Nc3ccc(F)cc32)c(C)c1NC(=O)CCN1CCN(C)CC1,120.0,-2.0791812460476247,0,test,6.920818753952375,-2.1773485233260774,0.09816727727845276,0.09816727727845276
COc1ccc(NC(=O)Nc2ccc(-c3csc4c(-c5cnn(CC(O)CO)c5)cnc(N)c34)cc2)cc1,1.995,-0.2999429000227671,0,test,8.700057099977233,-0.20454283057894163,-0.09540006944382545,0.09540006944382545
CCCCN(CCC#N)C(=O)c1ccc2nc(-c3n[nH]c4ccccc34)[nH]c2c1,1995.26,-3.2999994961169836,0,test,5.700000503883016,-3.209838062652234,-0.09016143346475003,0.09016143346475003
Cc1ccc(-c2cc3nc(Br)cnc3[nH]2)cc1,794.33,-2.9000009651534695,0,test,6.0999990348465305,-2.8107976549076192,-0.08920331024584982,0.08920331024584982
CSc1nc(NCCc2ccc(C)cc2)c2cnn(CC(Cl)c3ccccc3)c2n1,370.0,-2.568201724066995,1,test,6.431798275933005,-2.4878225828217593,-0.08037914124523571,0.08037914124523571
O=C1Nc2ccccc2C1=Cc1c[nH]c2ccccc12,1258.93,-3.100001582801352,0,test,5.899998417198648,-3.1777611888854524,0.0777596060841006,0.0777596060841006
O=C(Nc1nnc(COc2ccccc2)s1)c1cccs1,278.0,-2.444044795918076,0,test,6.555955204081924,-2.518481992858712,0.07443719694063589,0.07443719694063589
O=C(Nc1ncc(Cc2cccc(C(F)(F)F)c2)s1)c1cccs1,136.0,-2.1335389083702174,0,test,6.866461091629782,-2.2038551214610482,0.07031621309083125,0.07031621309083125
Cc1ccc(C(=O)NC2CC(F)(F)C2)cc1-c1ccc2cc(NC(=O)C3CC3)ncc2c1,0.706,0.15119529894819625,0,test,9.151195298948196,0.0849635026510342,0.066231796297162,0.066231796297162
O=C(Nc1ncc(Cc2ccc(F)cc2)s1)c1cccs1,130.0,-2.113943352306837,1,test,6.886056647693163,-2.178576590600035,0.06463323829319823,0.06463323829319823
CSc1nc(N2CCOCC2)c2cnn(CC(Cl)c3ccc(Cl)cc3)c2n1,500.0,-2.6989700043360187,0,test,6.301029995663981,-2.6363559007529282,-0.0626141035830905,0.0626141035830905
Cc1ncncc1-c1ccc2cc(NC(=O)C3CC3)ncc2c1,0.5,0.3010299956639812,1,test,9.301029995663981,0.239041091066942,0.06198890459703921,0.06198890459703921
Cc1ccc(F)cc1-c1cc2cnc(NC(=O)C3CC3)cc2c[n+]1[O-],0.4,0.3979400086720376,1,test,9.397940008672037,0.3361383213762707,0.061801687295766905,0.061801687295766905
Cn1nc(N)c2c(-c3ccc(NC(=O)Nc4cccc(C(F)(F)F)c4)cc3)ccnc21,199.53,-2.300008202553813,0,test,6.699991797446187,-2.2404652443577255,-0.05954295819608735,0.05954295819608735
Clc1cccc(Nc2ncnc3c2cnn3CC(Cl)c2ccccc2)c1,240.0,-2.380211241711606,0,test,6.619788758288394,-2.4364262344450616,0.05621499273345565,0.05621499273345565
O=C(Nc1cc2ccc(Oc3cccnc3)cc2cn1)C1CC1,6.0,-0.7781512503836436,1,test,8.221848749616356,-0.7281502509881289,-0.05000099939551472,0.05000099939551472
Cc1ccc(F)cc1-c1ccc2c(Br)c(NC(=O)C3CC3)ncc2c1,0.9,0.045757490560675115,0,test,9.045757490560675,0.003969496387552924,0.04178799417312218,0.04178799417312218
Fc1ccc(C(Cl)Cn2ncc3c(NCc4ccccc4)ncnc32)cc1,440.0,-2.6434526764861874,1,test,6.356547323513812,-2.6017814192038577,-0.04167125728232968,0.04167125728232968
Cn1ccc(Oc2ccc3cc(NC(=O)C4CC4)ncc3c2)n1,7.0,-0.8450980400142568,0,test,8.154901959985743,-0.8369837267711026,-0.008114313243154259,0.008114313243154259
O=C(Nc1cccc(C(F)(F)F)n1)Nc1ccnc2ccc(Cl)cc12,1995.26,-3.2999994961169836,0,test,5.700000503883016,-3.2941867552307094,-0.005812740886274703,0.005812740886274703
Cn1c(=O)c(-c2c(Cl)cccc2Cl)cc2cnc(Nc3cccc(N)c3)nc21,0.02,1.6989700043360187,1,train,10.698970004336019,0.5714701104237093,1.1274998939123093,1.1274998939123093
Nc1ccc(-c2cccn3c(=O)[nH]nc23)cc1,50118.72,-4.699999970860911,0,train,4.300000029139089,-3.588149712707173,-1.111850258153738,1.111850258153738
Clc1ccccc1CNc1ncnc2c1cnn2CC(Cl)c1ccc(Br)cc1,3.5,-0.5440680443502757,1,train,8.455931955649724,-1.6421350509471762,1.0980670065969005,1.0980670065969005
N#Cc1ccc2nc(N)n(-c3nc(-c4ccccc4)cs3)c2c1,10.0,-1.0,0,train,8.0,-2.0543548261612714,1.0543548261612714,1.0543548261612714
Fc1cccc(CNc2ncnc3[nH]cnc23)c1,50118.72,-4.699999970860911,0,train,4.300000029139089,-3.696885550044668,-1.0031144208162428,1.0031144208162428
COC(=O)c1c(N)nc2ccccn12,100000.0,-5.0,0,train,4.0,-4.120620287655447,-0.8793797123445533,0.8793797123445533
CC(C)(C)c1cc(NC(=O)Nc2ccc(Oc3ccc4ncncc4c3)cc2)n(-c2ccc3ncccc3c2)n1,2.18,-0.33845649360460484,0,train,8.661543506395395,-1.2068591165065572,0.8684026229019524,0.8684026229019524
CN1CCN(C2CCC(n3cc(-c4ccc(Oc5ccccc5)cc4)c4c(N)ncnc43)CC2)CC1,3.981,-0.599992177584098,0,train,8.400007822415901,-1.4311939973247283,0.8312018197406303,0.8312018197406303
Cn1c(=O)c(-c2c(Cl)cccc2Cl)cc2cnc(Nc3cccc(NC(=O)CN)c3)nc21,0.02,1.6989700043360187,1,train,10.698970004336019,0.8808756215415411,0.8180943827944777,0.8180943827944777
O=C(Nc1ccccc1)Nc1nnc(Cc2ccccc2)s1,58000.0,-4.763427993562937,0,train,4.236572006437063,-3.9759909047617406,-0.7874370888011963,0.7874370888011963
c1ccc(Nc2ncnc3ccccc23)cc1,39810.72,-4.600000032123142,0,train,4.399999967876858,-3.8444964428326007,-0.7555035892905413,0.7555035892905413
O=c1[nH]c2ccc(Cl)cc2c2ncnn12,39810.72,-4.600000032123142,0,train,4.399999967876858,-3.847878470120112,-0.7521215620030302,0.7521215620030302
CC(=O)c1ccccc1-c1ncnc2[nH]ccc12,79432.82,-4.899999981014695,0,train,4.100000018985305,-4.149999510712292,-0.7500004703024024,0.7500004703024024
Cc1c(NC(=O)C2CCOCC2)cncc1-c1ccc2cc(NC(=O)C3CC3)ncc2c1,42.0,-1.6232492903979006,1,train,7.376750709602099,-0.878771014480198,-0.7444782759177025,0.7444782759177025
Cc1ccc2[nH]ncc2c1-c1cc2cnc(NC(=O)[C@@H]3C[C@@H]3F)cc2cn1,0.02,1.6989700043360187,1,train,10.698970004336019,0.9732504069306964,0.7257195974053223,0.7257195974053223
O=C(Nc1cnc2[nH]cc(-c3ccccc3)c2c1)c1c(F)cccc1F,10.0,-1.0,0,train,8.0,-1.7138427701800432,0.7138427701800432,0.7138427701800432
Fc1ccc(C(Cl)Cn2ncc3c(NCc4ccccc4F)ncnc32)cc1,20.0,-1.3010299956639813,1,train,7.698970004336019,-2.0084068239306365,0.7073768282666553,0.7073768282666553
COc1ccc(-n2ccc3cnc(Nc4cc(OC)c(OC)c(OC)c4)nc32)cc1,501.19,-2.7000023971422538,0,train,6.299997602857746,-2.0065316200806507,-0.6934707770616031,0.6934707770616031
Cc1ccc2[nH]ncc2c1-c1ccc2cc(NC(=O)[C@@H]3C[C@@H]3F)ncc2c1,5.0,-0.6989700043360189,1,train,8.301029995663981,-0.01347653705515524,-0.6854934672808636,0.6854934672808636
CC(=O)Nc1cc2ccccn2n1,63095.73,-4.799999969383821,0,train,4.200000030616179,-4.117748323485071,-0.6822516458987495,0.6822516458987495
CCCCCCNc1cccc(CNc2ncc3cc(-c4c(Cl)cccc4Cl)c(=O)n(C)c3n2)c1,900.0,-2.9542425094393248,0,train,6.045757490560675,-2.2803638436403157,-0.673878665799009,0.673878665799009
CNC(=O)c1ccccc1Sc1ccc2c(C=Cc3ccccn3)n[nH]c2c1,3.162,-0.4999618655961902,0,train,8.500038134403809,-1.1720952215026375,0.6721333559064473,0.6721333559064473
O=C(Nc1cc2cnc(-c3ccccc3Cl)c(O)c2cn1)C1CC1,20.0,-1.3010299956639813,1,train,7.698970004336019,-0.6366310092320077,-0.6643989864319736,0.6643989864319736
Nc1n[nH]c2ncc(Br)cc12,79432.82,-4.899999981014695,0,train,4.100000018985305,-4.2363363538511525,-0.6636636271635421,0.6636636271635421
Cc1ccc2[nH]ncc2c1-c1ccc2cc(NC(=O)C3CC3)ncc2c1,0.03,1.5228787452803376,0,train,10.522878745280337,0.8760482185570249,0.6468305267233128,0.6468305267233128
O=C1Cc2cc(-c3ccccc3)cnc2N1,79432.82,-4.899999981014695,0,train,4.100000018985305,-4.256788355021976,-0.643211625992719,0.643211625992719
COc1ccc(-c2ccc(N)cc2)c2cnoc12,63095.73,-4.799999969383821,0,train,4.200000030616179,-4.168082358314236,-0.6319176110695848,0.6319176110695848
O=C(Nc1cc2cnc(-c3ccccc3OC(F)(F)F)cc2cn1)[C@@H]1C[C@@H]1F,22.0,-1.3424226808222062,0,train,7.657577319177793,-0.7136088000325863,-0.6288138807896199,0.6288138807896199
C#Cc1cc(OC)c(-c2ccc3nc(NC(=O)NCO)sc3c2)cc1C=O,13.0,-1.1139433523068367,0,train,7.886056647693163,-1.7403888270746117,0.626445474767775,0.626445474767775
COc1cc2ncc(C#N)c(N[C@@H]3C[C@H]3c3ccccc3)c2cc1OCCCN1CCOCC1,1800.0,-3.255272505103306,0,train,5.7447274948966935,-2.64815850863253,-0.6071139964707761,0.6071139964707761
Cc1cccc(-c2cccc3onc(N)c23)c1,25118.86,-4.399999925393822,0,train,4.600000074606178,-3.796536589363535,-0.6034633360302872,0.6034633360302872
Cn1ncc2c(-c3ccc4cc(NC(=O)C5CC5)ncc4c3)cccc21,9.0,-0.9542425094393249,0,train,8.045757490560675,-0.35625596263774445,-0.5979865468015804,0.5979865468015804
CC1=CN2CC(=O)NN=C2C=C1,100000.0,-5.0,0,train,4.0,-4.402836474473055,-0.5971635255269447,0.5971635255269447
CC(=O)Nc1cc2ccc(-c3cc(F)ccc3C)cc2cn1,0.3,0.5228787452803376,0,train,9.522878745280337,-0.07119531087148659,0.5940740561518242,0.5940740561518242
Cc1ccc(C(=O)N2CCOCC2)cc1-c1ccc2cc(NC(=O)C3CC3)ncc2c1,40.0,-1.6020599913279623,1,train,7.3979400086720375,-1.0201883800762834,-0.5818716112516791,0.5818716112516791
O=C(Nc1cc2ccc(N3CCNCC3)cc2cn1)C1CC1,238.0,-2.376576957056512,1,train,6.623423042943488,-1.7972976854160008,-0.5792792716405111,0.5792792716405111
CNC(=O)c1cnc(N)c2c(-c3ccc(NC(=O)Nc4cccc(Cl)c4)cc3)csc12,0.5012,0.29998893767788765,1,train,9.299988937677888,-0.27586229780995175,0.5758512354878393,0.5758512354878393
CNC(=O)c1cc(C)c(-c2ccc3cc(NC(=O)C4CC4)ncc3c2)cn1,10.0,-1.0,0,train,8.0,-0.4274254681145306,-0.5725745318854694,0.5725745318854694
c1ccc(CNc2nc(Nc3cc(C4CC4)[nH]n3)c3sccc3n2)cc1,10.0,-1.0,0,train,8.0,-1.5690426593374798,0.5690426593374798,0.5690426593374798
O=C(Nc1ncc(Cc2ccc(Cl)cc2Cl)s1)c1cccs1,3474.0,-3.54082981411108,1,train,5.459170185888921,-2.9754569395144586,-0.5653728745966213,0.5653728745966213
COc1cccc(C(=O)Nc2cc3ccc(-c4cc(F)ccc4C)cc3cn2)c1,360.0,-2.5563025007672873,0,train,6.443697499232712,-2.0016137318716143,-0.5546887688956734,0.5546887688956734
CNS(=O)(=O)c1ccccc1Nc1nc(Nc2cc(OC)c(OC)c(OC)c2)ncc1Cl,7.943,-0.899984562549391,0,train,8.100015437450608,-1.4534863398283613,0.5535017772789703,0.5535017772789703
Cc1ccc(NC(=O)c2ccc(CN3CCN(C)CC3)cc2)cc1-c1ccc2cc(N)ncc2c1,0.4,0.3979400086720376,0,train,9.397940008672037,-0.1519629862891565,0.5499029949611941,0.5499029949611941
CNC(=O)Nc1cc2ccc(-c3cc(F)ccc3C)cc2cn1,0.1,1.0,0,train,10.0,0.4545655344006525,0.5454344655993475,0.5454344655993475
O=C1NN(c2ccc(I)cc2)C(=O)/C1=C\c1ccc(N2CCOCC2)cc1,20000.0,-4.301029995663981,0,train,4.698970004336019,-3.7558942754346925,-0.5451357202292888,0.5451357202292888
Cc1cc2cc(-c3csc4c(-c5cccc(S(C)(=O)=O)c5)cnc(N)c34)ccc2[nH]1,3.981,-0.599992177584098,0,train,8.400007822415901,-1.1442776296520432,0.5442854520679452,0.5442854520679452
Cc1cnc(-c2ccc3cc(NC(=O)C4CC4)ncc3c2)cn1,42.0,-1.6232492903979006,1,train,7.376750709602099,-1.0855534929908113,-0.5376957974070893,0.5376957974070893
O=c1[nH][nH]c2ccc(Br)cc12,39810.72,-4.600000032123142,0,train,4.399999967876858,-4.065528119840623,-0.5344719122825188,0.5344719122825188
CC(=O)c1cccc(-c2ccc3nccn3n2)c1,50118.72,-4.699999970860911,0,train,4.300000029139089,-4.166542009337821,-0.5334579615230899,0.5334579615230899
Cc1ncc2[nH]ncc2c1-c1ccc2cc(NC(=O)C3CC3)ncc2c1,0.04,1.3979400086720375,0,train,10.397940008672037,0.8790227065809078,0.5189173020911297,0.5189173020911297
Fc1cccc(CNc2ncnc3c2cnn3CCc2ccccc2)c1,4920.0,-3.69196510276736,1,train,5.308034897232639,-3.179424470296214,-0.5125406324711461,0.5125406324711461
Cc1cc(-c2c(Cl)cccc2Cl)cc2nnc(Nc3ccc(OCC[N+]4([O-])CCCC4)cc3)nc12,2.04,-0.3096301674258988,0,train,8.6903698325741,-0.8209351549802887,0.5113049875543899,0.5113049875543899
Cc1n[nH]c2ccc(-c3cccnc3)cc12,25118.86,-4.399999925393822,0,train,4.600000074606178,-3.8897280906036027,-0.5102718347902195,0.5102718347902195
NC(=O)c1cc2ccncc2s1,79432.82,-4.899999981014695,0,train,4.100000018985305,-4.391026633560291,-0.5089733474544031,0.5089733474544031
COc1ccc(-c2nn(CC3CCNCC3)c3ncnc(N)c23)cc1C,5500.0,-3.7403626894942437,0,train,5.259637310505756,-3.23463707167929,-0.5057256178149543,0.5057256178149543
COc1ccccc1C(=O)Nc1cc2ccc(-c3cc(F)ccc3C)cc2cn1,132.0,-2.12057393120585,0,train,6.8794260687941495,-1.6240797787601327,-0.4964941524457174,0.4964941524457174
O=C1Nc2cc(-c3ccc(O)cc3)ccc2C1=Cc1ccc[nH]1,50.12,-1.7000110623221123,0,train,7.299988937677888,-2.196030078992351,0.4960190166702385,0.4960190166702385
CN1CCN(Cc2ccc(NC(=O)Nc3ccc(Nc4ccc5ncccc5c4)cc3)cc2C(F)(F)F)CC1,1.8333333333333333,-0.2632414347745814,1,train,8.736758565225418,-0.7557053784284813,0.4924639436538999,0.4924639436538999
Cc1ccc(C(=O)NC2(C)COC2)cc1-c1cc2cnc(NC(=O)[C@@H]3C[C@@H]3F)cc2cn1,42.0,-1.6232492903979006,0,train,7.376750709602099,-1.1323472356706368,-0.4909020547272638,0.4909020547272638
Cc1ncc(NC(=O)c2ccc(CN3CCN(C)CC3)c(C(F)(F)F)c2)cc1-c1ccc2cc(NC(=O)C3CC3)ncc2c1,0.2,0.6989700043360187,0,train,9.698970004336019,0.20810897754986116,0.4908610267861576,0.4908610267861576
Cn1ccc(=O)c(-c2ccc3cc(NC(=O)C4CC4)ncc3c2)c1,42.0,-1.6232492903979006,1,train,7.376750709602099,-1.139268806225622,-0.48398048417227857,0.48398048417227857
O=C(Nc1cc2ccc(-c3c(Cl)cccc3C(F)(F)F)cc2cn1)C1CC1,19.6,-1.2922560713564761,0,train,7.707743928643524,-0.8096392112061888,-0.48261686015028715,0.48261686015028715
N#Cc1cnc2c(Br)cnn2c1N,79432.82,-4.899999981014695,0,train,4.100000018985305,-4.418857260683943,-0.48114272033075167,0.48114272033075167
CC(Nc1cncc(-n2cnc3ccc(C#N)cc32)n1)c1ccccc1F,630.96,-2.800001827817969,0,train,6.199998172182031,-2.319076133428866,-0.4809256943891027,0.4809256943891027
Cc1ccc(CO)cc1-c1ccc2cc(NC(=O)C3CC3)ncc2c1,0.03,1.5228787452803376,1,train,10.522878745280337,1.0603301226110622,0.46254862266927543,0.46254862266927543
O=C(Nc1cc2ccc(Br)cc2cn1)C1CC1,24.9,-1.3961993470957363,1,train,7.603800652904264,-0.9353151412896011,-0.4608842058061352,0.4608842058061352
Cc1cc(CO)ncc1-c1ccc2cc(NC(=O)C3CC3)ncc2c1,0.02,1.6989700043360187,1,train,10.698970004336019,1.249929519217116,0.4490404851189027,0.4490404851189027
Nc1[nH]cnc2nnc(-c3ccc(Cl)cc3)c1-2,500.0,-2.6989700043360187,0,train,6.301029995663981,-3.142427199605736,0.4434571952697173,0.4434571952697173
Cc1cc(=O)n2ccc(CN(C)C)c(O)c2n1,79.43,-1.899984562549391,0,train,7.100015437450609,-2.3430805137736264,0.4430959512242354,0.4430959512242354
Cc1cc(-c2ccc3cc(NC(=O)C4CC4)ncc3c2)ccn1,42.0,-1.6232492903979006,1,train,7.376750709602099,-1.1823875561525938,-0.4408617342453067,0.4408617342453067
Cc1ccc(F)cc1-c1ccc2cc(N)ncc2c1,440.0,-2.6434526764861874,0,train,6.356547323513812,-2.206500082860062,-0.4369525936261254,0.4369525936261254
Clc1cc(-c2c[nH]c3ncccc23)cc(NCc2ccccc2)n1,501.19,-2.7000023971422538,0,train,6.299997602857746,-2.2635716231661123,-0.4364307739761415,0.4364307739761415
COCC(=O)Nc1cc2ccc(-c3cc(F)ccc3C)cc2cn1,0.3,0.5228787452803376,0,train,9.522878745280337,0.09051431417970603,0.4323644311006316,0.4323644311006316
Cc1cc(C(C)(C)O)ccc1-c1ccc2cc(NC(=O)C3CC3)ncc2c1,7.0,-0.8450980400142568,1,train,8.154901959985743,-0.4133816258183826,-0.4317164141958742,0.4317164141958742
Cc1c[nH]nc1-c1ccc2cc(NC(=O)C3CC3)ncc2c1,0.1,1.0,1,train,10.0,0.5692848918063338,0.4307151081936662,0.4307151081936662
Cc1cc(C(C)(C)O)ncc1-c1ccc2cc(NC(=O)C3CC3)ncc2c1,0.1,1.0,1,train,10.0,0.5724737510097901,0.42752624899020986,0.42752624899020986
Cc1ccc(C(=O)NC(C)(C)CO)cc1-c1ccc2cc(NC(=O)C3CC3)ncc2c1,11.0,-1.0413926851582251,1,train,7.958607314841775,-0.6141675844371376,-0.42722510072108755,0.42722510072108755
Cc1ccncc1-c1ccc2cc(Nc3cc(CO)ccn3)ncc2c1,0.1,1.0,1,train,10.0,0.5744665318992758,0.42553346810072423,0.42553346810072423
Fc1ccc(CNc2ncnc3c2cnn3CC(Cl)c2ccc(Br)cc2)cc1F,2710.0,-3.432969290874406,1,train,5.567030709125595,-3.0081283101954055,-0.42484098067900034,0.42484098067900034
CNC(=O)c1cc(Oc2ccc(NC(=O)Nc3cccc(C(F)(F)F)c3)cc2)ccn1,630.96,-2.800001827817969,0,train,6.199998172182031,-2.379714624386102,-0.420287203431867,0.420287203431867
C(=C\n1ncc2c(NCCc3ccccc3)ncnc21)\c1ccccc1,9750.0,-3.989004615698537,0,train,5.010995384301463,-3.5693563927250396,-0.41964822297349746,0.41964822297349746
Cc1ccncc1-c1ccc2cc(Nc3cccc(CO)n3)ncc2c1,0.2,0.6989700043360187,1,train,9.698970004336019,0.28033451720327196,0.4186354871327468,0.4186354871327468
O=C(Nc1cc2ccc(-c3cccc4[nH]ncc34)cc2cn1)C1CC1,0.04,1.3979400086720375,1,train,10.397940008672037,0.9849408241579752,0.41299918451406226,0.41299918451406226
Cc1ncc(NC(=O)C2CCOCC2)cc1-c1ccc2cc(NC(=O)C3CC3)ncc2c1,9.0,-0.9542425094393249,1,train,8.045757490560675,-0.5418492140014481,-0.4123932954378766,0.4123932954378766
CCN(CC)CCOc1ccc(Nc2ncc3cc(-c4c(Cl)cccc4Cl)c(=O)n(C)c3n2)cc1,0.5012,0.29998893767788765,0,train,9.299988937677888,-0.11210772191224053,0.4120966595901281,0.4120966595901281
Cc1ccc(F)cc1-c1cc2cnc(NC(=O)C3CC3)cc2c(Nc2ccccc2)n1,11.0,-1.0413926851582251,1,train,7.958607314841775,-0.6297676790307923,-0.4116250061274328,0.4116250061274328
COc1cc2/c(=N/c3ccc(Br)cc3F)nc[nH]c2cc1OCC1CCN(C)CC1,31.62,-1.4999618655961902,0,train,7.50003813440381,-1.9091849145665045,0.40922304897031436,0.40922304897031436
Cc1c(F)cncc1-c1ccc2cc(NC(=O)[C@@H]3C[C@@H]3F)ncc2c1,0.0186,1.7304870557820837,0,train,10.730487055782083,1.3231526310905324,0.4073344246915511,0.4073344246915511
CC(C)n1nc(-c2cnc3ccccc3c2)c2c(N)ncnc21,1600.0,-3.2041199826559246,1,train,5.795880017344075,-2.7992051461702814,-0.40491483648564364,0.40491483648564364
O=C(Nc1cc2ccc(-c3ccc4cn[nH]c4c3)cc2cn1)C1CC1,11.0,-1.0413926851582251,1,train,7.958607314841775,-0.6388992975024456,-0.4024933876557796,0.4024933876557796
Cc1ccc(NC(=O)c2ccc(CN(C)C)cc2)cc1-c1ccc2cc(NC(=O)C3CC3)ncc2c1,0.1,1.0,0,train,10.0,0.5977110423297333,0.40228895767026673,0.40228895767026673
COc1ccccc1-c1c[nH]c2ncc(-c3cncc(C(=O)N(C)C)c3)cc12,20.0,-1.3010299956639813,0,train,7.698970004336019,-1.6982967245941767,0.39726672893019543,0.39726672893019543
Cc1ccncc1-c1ccc2cc(NC(=O)C3CC3)ncc2c1,0.03,1.5228787452803376,1,train,10.522878745280337,1.126035304705123,0.3968434405752146,0.3968434405752146
Cc1ccc(F)cc1-c1ccc2cc(NC(=O)C3CC3)ncc2c1,0.116,0.9355420107730815,1,train,9.935542010773082,0.5397068814747091,0.3958351292983725,0.3958351292983725
O=C1Cc2c([nH]c3ccc(Br)cc23)-c2ccccc2N1,158.49,-2.200001865406602,0,train,6.799998134593398,-2.593991027262289,0.393989161855687,0.393989161855687
Cc1ccc(F)cc1-c1cc2cnc(NC(=O)C3CC3)cc2c(CN(C)C)n1,10.0,-1.0,1,train,8.0,-0.6064924423556424,-0.39350755764435763,0.39350755764435763
CNCc1nc(-c2cc(F)ccc2C)cc2cnc(NC(=O)C3CC3)cc12,5.0,-0.6989700043360189,0,train,8.301029995663981,-0.3091860797693961,-0.38978392456662275,0.38978392456662275
O=C(Nc1cc2ccc(NCCO)cc2cn1)C1CC1,17.0,-1.2304489213782739,0,train,7.769551078621726,-0.8455796670261043,-0.3848692543521698,0.3848692543521698
Cn1c(-c2ccc3cc(NC(=O)C4CC4)ncc3c2)cccc1=O,16.0,-1.2041199826559248,1,train,7.795880017344075,-0.8196392735817836,-0.3844807090741412,0.3844807090741412
Cc1cccc(NC(=O)Nc2ccc(-c3csc4c(-c5cn[nH]c5)cnc(N)c34)cc2)c1,1.585,-0.2000292665537703,1,train,8.79997073344623,-0.5830602841542233,0.383031017600453,0.383031017600453
COCOc1cccc(OCOC)c1-c1ccc(NS(C)(=O)=O)cc1C(=O)OC,1995.26,-3.2999994961169836,0,train,5.700000503883016,-2.923120394000957,-0.37687910211602693,0.37687910211602693
Nc1ncnc2scc(-c3ccccc3)c12,2511.89,-3.4000006169763797,0,train,5.59999938302362,-3.025353711846865,-0.37464690512951515,0.37464690512951515
Nc1nc2ccc(C(=O)c3ccccc3)cc2[nH]1,10000.0,-4.0,0,train,5.0,-3.62620997506834,-0.3737900249316599,0.3737900249316599
Clc1cc2nnc(-c3ccccc3)n2cn1,63095.73,-4.799999969383821,0,train,4.200000030616179,-4.426763662182093,-0.3732363072017275,0.3732363072017275
Cc1ccc(C(F)(F)F)cc1-c1ccc2cc(NC(=O)C3CC3)ncc2c1,20.0,-1.3010299956639813,0,train,7.698970004336019,-0.9312333546737173,-0.369796640990264,0.369796640990264
Cc1ccccc1-c1ccc2cnc(NC(=O)C3CC3)cc2c1,4.0,-0.6020599913279624,1,train,8.397940008672037,-0.23231265626876685,-0.36974733505919555,0.36974733505919555
Cc1ccc(F)cc1-c1ccc2cc(NC(=O)C3CCCCC3)ncc2c1,39.0,-1.591064607026499,1,train,7.4089353929735005,-1.2219885465581606,-0.3690760604683385,0.3690760604683385
CCN(C(C)=O)c1ccc(Nc2nc(NC3CC3)c3nc[nH]c3n2)cc1,100.0,-2.0,0,train,7.0,-2.367593207319607,0.3675932073196071,0.3675932073196071
O=C(Nc1ncc(Cc2cc(Cl)ccc2Cl)s1)c1cccs1,50.0,-1.6989700043360187,1,train,7.301029995663981,-2.0653734802429624,0.36640347590694367,0.36640347590694367
CNc1cc2ccc(-c3cc(F)ccc3Cl)cc2cn1,416.0,-2.6190933306267428,0,train,6.380906669373257,-2.253591076578244,-0.3655022540484989,0.3655022540484989
Cc1ccc(F)cc1-c1ccc2cc(NC(=O)NC3CCOCC3)ncc2c1,0.6,0.2218487496163564,1,train,9.221848749616356,-0.14345414334644385,0.3653028929628003,0.3653028929628003
O=c1[nH]cnc2c(Cl)cccc12,39810.72,-4.600000032123142,0,train,4.399999967876858,-4.234814193623767,-0.36518583849937514,0.36518583849937514
Cc1ccc(-c2cnc(N)c3c(-c4ccc(NC(=O)Nc5cccc(F)c5)cc4)csc23)cn1,39.81,-1.599992177584098,1,train,7.400007822415902,-1.236288000673522,-0.363704176910576,0.363704176910576
CC(C)n1nc(-c2ccc3ccccc3c2)c2c(N)ncnc21,69.0,-1.8388490907372552,1,train,7.161150909262744,-2.201999905692618,0.36315081495536283,0.36315081495536283
Cc1ccc(F)cc1-c1cc2cnc(NC(=O)C3CC3)cc2c(Oc2ccccc2)n1,12.0,-1.0791812460476249,1,train,7.920818753952375,-0.7171859524679256,-0.3619952935796993,0.3619952935796993
O=C(O)c1csc2c1NCCNC2=O,63095.73,-4.799999969383821,0,train,4.200000030616179,-4.438979058792269,-0.3610209105915523,0.3610209105915523
CN1CCN(Cc2ccc(NC(=O)Nc3ccc(Oc4ccc5cccnc5c4)cc3)cc2C(F)(F)F)CC1,3.55,-0.5502283530550941,1,train,8.449771646944907,-0.909296925251261,0.35906857219616695,0.35906857219616695
CS(=O)(=O)c1nc(NCc2ccccc2)c2cnn(CC(Cl)c3ccccc3)c2n1,2000.0,-3.3010299956639813,0,train,5.698970004336019,-2.9460117639894325,-0.3550182316745487,0.3550182316745487
O=C(Nc1cc2c(O)cc(-c3ccccc3Cl)nc2cn1)C1CC1,6.0,-0.7781512503836436,1,train,8.221848749616356,-1.1322165414546963,0.35406529107105267,0.35406529107105267
C=Cc1ccc(-c2cccc3nnc(N)n23)cc1,39810.72,-4.600000032123142,0,train,4.399999967876858,-4.247631969150126,-0.35236806297301637,0.35236806297301637
CN1CCN(c2ccc3nc(-c4c(N)c5c(F)cccc5[nH]c4=O)[nH]c3c2)CC1,100.0,-2.0,0,train,7.0,-2.3502376658217314,0.35023766582173144,0.35023766582173144
CCNC(=O)Nc1ncc2cc(-c3cc(F)ccc3C)ccc2c1F,4.0,-0.6020599913279624,0,train,8.397940008672037,-0.9511134479693443,0.3490534566413819,0.3490534566413819
COc1cc2c(N[C@@H]3C[C@H]3c3ccccc3)c(C#N)cnc2cc1OCCCN1CCOCC1,200.0,-2.3010299956639813,0,train,6.698970004336019,-2.64815850863253,0.34712851296854863,0.34712851296854863
CCN(CC)CCNC(=O)c1cccc(-n2nc(C(C)(C)C)cc2NC(=O)Nc2cccc3ccccc23)c1,1584.89,-3.1999991251967965,0,train,5.800000874803203,-2.854790871023832,-0.3452082541729644,0.3452082541729644
NC(COc1cncc(-c2ccc3c(c2)C(=Cc2ccc[nH]2)C(=O)N3)c1)Cc1ccccc1,63.1,-1.8000293592441343,0,train,7.199970640755866,-2.144512953910241,0.3444835946661069,0.3444835946661069
Cc1nc(-c2ccccc2Cl)cc2cnc(NC(=O)C3CC3)cc12,0.1,1.0,1,train,10.0,0.6580439922222796,0.3419560077777204,0.3419560077777204
COc1cc(Nc2ncc3c(n2)-c2ccc(Cl)cc2C(c2c(F)cccc2OC)=NC3)ccc1C(=O)O,501.19,-2.7000023971422538,0,train,6.299997602857746,-2.358586952327133,-0.34141544481512076,0.34141544481512076
COc1ccc(Cc2cnc(NC(=O)c3cccs3)s2)cc1,16.0,-1.2041199826559248,1,train,7.795880017344075,-1.5452156019483516,0.3410956192924268,0.3410956192924268
Cc1nc(Nc2ncc(C(=O)Nc3c(C)cccc3Cl)s2)cc(N2CCN(CCOCCOCCN)CC2)n1,0.103,0.9871627752948278,0,train,9.987162775294827,0.646240603870425,0.34092217142440273,0.34092217142440273
Clc1ccccc1-c1ccc2cc(Nc3ncccn3)ncc2c1,139.0,-2.143014800254095,1,train,6.856985199745905,-1.8031004545693892,-0.3399143456847058,0.3399143456847058
CNC(=O)C=Cc1cnc(N)c2c(-c3cc(F)c4[nH]c(C)cc4c3)csc12,1.995,-0.2999429000227671,0,train,8.700057099977233,-0.6351469134541439,0.3352040134313768,0.3352040134313768
O=C(Nc1cc2ccc(-c3cc(O)ccc3Cl)cc2cn1)C1CC1,0.04,1.3979400086720375,1,train,10.397940008672037,1.0630345764671483,0.3349054322048892,0.3349054322048892
O=C(Nc1cc2ccc(Oc3ccc(F)cc3)cc2cn1)C1CC1,20.0,-1.3010299956639813,1,train,7.698970004336019,-0.9679823755503466,-0.33304762011363465,0.33304762011363465
Cc1ccncc1-c1cc2c[n+]([O-])c(NC(=O)[C@@H]3C[C@@H]3F)cc2cn1,41.6,-1.6190933306267428,0,train,7.380906669373257,-1.2863054065057997,-0.33278792412094305,0.33278792412094305
Cn1cc(-c2cnn3c(N)c(-c4ccc(NC(=O)Nc5cccc(C(F)(F)F)c5)cc4)cnc23)cn1,15.85,-1.2000292665537702,0,train,7.79997073344623,-1.532101562432938,0.33207229587916776,0.33207229587916776
COc1cc2c(N[C@@H]3C[C@H]3c3ccccc3)c(C#N)cnc2cc1OCCCN1CCN(C)CC1,44.0,-1.6434526764861874,0,train,7.356547323513812,-1.9749063172603991,0.3314536407742117,0.3314536407742117
ClC(Cn1ncc2c(NCc3ccccc3Br)ncnc21)c1ccc(Br)cc1,1343.0,-3.1280760126687155,1,train,5.871923987331284,-2.797225331546757,-0.3308506811219587,0.3308506811219587
Cc1cc(Cl)ncc1-c1ccc2cc(NC(=O)C3CC3)ncc2c1,0.1,1.0,1,train,10.0,0.6706866465476877,0.3293133534523123,0.3293133534523123
O=C(Nc1cc2ccc(-c3cncc4[nH]ncc34)cc2cn1)C1CC1,1.0,-0.0,1,train,9.0,0.329299692009269,-0.329299692009269,0.329299692009269
Cc1ccc(F)cc1-c1ccc2cc(NC(=O)CN(C)C)ncc2c1,1.0,-0.0,1,train,9.0,-0.3258627987976518,0.3258627987976518,0.3258627987976518
O=C(Nc1cc2ccc(-c3cc[nH]n3)cc2cn1)C1CC1,0.5,0.3010299956639812,1,train,9.301029995663981,-0.02388588692971829,0.32491588259369947,0.32491588259369947
Cc1ccc(NC(=O)Nc2ccc(-c3csc4ncnc(N)c34)cc2)cc1C,316.23,-2.500003068051693,0,train,6.499996931948306,-2.176714250513585,-0.3232888175381081,0.3232888175381081
Cc1ccc(F)cc1-c1ccc2cc(NC(=O)C(F)F)ncc2c1,1.0,-0.0,1,train,9.0,-0.32180284729034475,0.32180284729034475,0.32180284729034475
O=C(Nc1cc2ccc(-c3ccnnc3)cc2cn1)C1CC1,34.0,-1.5314789170422551,1,train,7.468521082957745,-1.2099040927237577,-0.3215748243184975,0.3215748243184975
O=C(Nc1cc2ccc(-c3cccnc3CO)cc2cn1)C1CC1,0.1,1.0,1,train,10.0,0.6797153950676429,0.3202846049323571,0.3202846049323571
Cc1ccncc1-c1ccc2cc(NC(=O)C3CCN(C)CC3)ncc2c1,2.0,-0.3010299956639812,1,train,8.698970004336019,0.015867439263435076,-0.3168974349274163,0.3168974349274163
CC(=O)NCC(=O)N1C2CCC1c1cc(Nc3ncc(C(F)(F)F)c(NC4CCC4)n3)ccc12,251.19,-2.400002345927956,0,train,6.599997654072045,-2.711645769901566,0.3116434239736101,0.3116434239736101
NC(=O)c1ccc2nc(-c3ccc([N+](=O)[O-])o3)cn2c1,398.11,-2.60000308662774,0,train,6.399996913372259,-2.9110734922624353,0.3110704056346951,0.3110704056346951
Cc1ccc(NC(=O)Nc2ccc(-c3csc4c(-c5cnn(C(C)C(=O)N(C)C)c5)cnc(N)c34)cc2)cc1,25.12,-1.4000196350651586,0,train,7.599980364934842,-1.0895638313877638,-0.3104558036773948,0.3104558036773948
Cc1ccc(-c2nn(C(C)(C)C)c3ncnc(N)c23)cc1,251.19,-2.400002345927956,0,train,6.599997654072045,-2.709981420062462,0.3099790741345063,0.3099790741345063
Cc1cccnc1-c1ccc2cc(NC(=O)C3CC3)ncc2c1,0.1,1.0,1,train,10.0,0.6902538018878936,0.30974619811210635,0.30974619811210635
Cc1ccc(F)cc1-c1cc2cnc(NC(=O)C3CC3)cc2c(C(C)(C)O)n1,0.2,0.6989700043360187,1,train,9.698970004336019,0.38957222250907675,0.309397781826942,0.309397781826942
Cc1cc(Nc2ncc(F)c(NC3C4C=CC(C4)C3C(N)=O)n2)ccc1N1CCN(C)CC1,39.81,-1.599992177584098,0,train,7.400007822415902,-1.908800925968604,0.3088087483845061,0.3088087483845061
COc1ccc(CSc2nnc(NC(=O)c3ccccc3Cl)s2)cc1,1260.0,-3.100370545117563,0,train,5.899629454882437,-2.7920067335701657,-0.3083638115473972,0.3083638115473972
COc1ccc2c(c1)Cc1sc(NC(=O)c3cccs3)nc1-2,68.0,-1.8325089127062364,0,train,7.167491087293763,-2.139957938514799,0.3074490258085627,0.3074490258085627
Cc1c(F)cncc1-c1cc2cnc(NC(=O)C3CC3F)cc2c[n+]1[O-],1.04,-0.01703333929878037,0,train,8.98296666070122,0.29009724234501916,-0.30713058164379947,0.30713058164379947
O=C(Nc1cc2ccc(N3CCC(O)C3)cc2cn1)C1CC1,1.0,-0.0,1,train,9.0,-0.30447277806039735,0.30447277806039735,0.30447277806039735
CCCNc1nc(SC)nc2c1cnn2CC(Cl)c1ccccc1,4800.0,-3.681241237375587,1,train,5.318758762624412,-3.376861953570095,-0.30437928380549195,0.30437928380549195
Cc1ccc(NS(=O)(=O)C2CCCC2)cc1-c1ccc2cc(NC(=O)C3CC3)ncc2c1,10.0,-1.0,0,train,8.0,-0.6960877573501892,-0.30391224264981076,0.30391224264981076
COc1cc(Nc2ncnc(N3CCCc4cc(C)ccc43)n2)cc(OC)c1OC,1995.26,-3.2999994961169836,0,train,5.700000503883016,-2.996119419930042,-0.303880076186942,0.303880076186942
O=C(Nc1cc2ccc(-c3cccc4[nH]nnc34)cc2cn1)C1CC1,0.0723,1.140861702705469,1,train,10.140861702705468,0.8389154945107183,0.3019462081947507,0.3019462081947507
Cc1c(F)cc(NC(=O)C2CCC2)cc1-c1ccc2cc(NC(=O)C3CC3)ncc2c1,2.0,-0.3010299956639812,1,train,8.698970004336019,0.00014213253468414288,-0.30117212819866535,0.30117212819866535
COc1ccc(NC(=O)Nc2ccc(-c3csc4c(-c5cnn(CCO)c5)cnc(N)c34)cc2)cc1,0.2512,0.5999803649348415,1,train,9.599980364934842,0.3039841347036188,0.29599623023122273,0.29599623023122273
CCCS(=O)(=O)Nc1ccc(F)c(-c2ccc3cc(NC(C)=O)ncc3c2)c1F,21.7,-1.3364597338485296,0,train,7.66354026615147,-1.0427796736813055,-0.29368006016722403,0.29368006016722403
CN1CCN(c2ccc(-c3cnc4c(c3)N(Cc3c(F)ccc(F)c3Cl)CCN4)cn2)CC1,100.0,-2.0,0,train,7.0,-2.288090206583348,0.28809020658334816,0.28809020658334816
COc1cc2c(Oc3ccc4[nH]c(C)cc4c3F)ncnc2cc1OCCCN1CCCC1,100.0,-2.0,0,train,7.0,-2.286116571977348,0.28611657197734797,0.28611657197734797
Fc1ccc(CNc2ncnc3c2cnn3CC(Cl)c2ccc(F)cc2)cc1,200.0,-2.3010299956639813,1,train,6.698970004336019,-2.5857720071776034,0.2847420115136221,0.2847420115136221
O=C(Nc1cc2ccc(-c3cccc4[nH]ccc34)cc2cn1)C1CC1,0.3,0.5228787452803376,1,train,9.522878745280337,0.23886041687863788,0.2840183284016997,0.2840183284016997
Fc1ccc(CNc2ncnc3c2cnn3CC(Cl)c2ccccc2)cc1,2000.0,-3.3010299956639813,1,train,5.698970004336019,-3.0170910378530458,-0.2839389578109355,0.2839389578109355
O=C(Nc1ncc(Cc2cc(C(F)(F)F)ccc2Cl)s1)c1cccs1,845.0,-2.926856708949692,0,train,6.073143291050307,-2.6432224401237194,-0.28363426882597276,0.28363426882597276
N#Cc1cc(F)ccc1-c1ccc2cc(NC(=O)C3CC3)ncc2c1,0.06,1.2218487496163564,1,train,10.221848749616356,0.939210740934476,0.2826380086818804,0.2826380086818804
O=C(Nc1cc2ccc(-c3cnccc3Cl)cc2cn1)C1CC1,0.07,1.154901959985743,1,train,10.154901959985743,0.8729734493279576,0.28192851065778546,0.28192851065778546
CSc1nc(NCc2ccccc2F)c2cnn(CC(Cl)c3ccc(F)cc3)c2n1,340.0,-2.531478917042255,0,train,6.468521082957745,-2.249918608209238,-0.28156030883301675,0.28156030883301675
Fc1cccc(CNc2ncnc3c2cnn3CC(Cl)c2ccccc2)c1,40.0,-1.6020599913279623,1,train,7.3979400086720375,-1.880017642690513,0.2779576513625506,0.2779576513625506
CCc1nc(-c2ccccc2Cl)cc2cnc(NC(=O)C3CC3)cc12,0.3,0.5228787452803376,0,train,9.522878745280337,0.24627568321483165,0.276603062065506,0.276603062065506
Cc1n[nH]c(C)c1-c1ccc2cc(NC(=O)C3CC3)ncc2c1,3.0,-0.47712125471966244,0,train,8.522878745280337,-0.2022529651401376,-0.2748682895795248,0.2748682895795248
CN1CCN(c2ccc(-c3cnc4c(c3)N(Cc3cc(Cl)ccc3C(F)(F)F)CCN4)cn2)CC1,794.33,-2.9000009651534695,0,train,6.0999990348465305,-2.6264818798831278,-0.2735190852703413,0.2735190852703413
COC(=O)c1c(-c2ccc(NC(=O)Nc3ccccc3)cc2)c2c(N)ncnn2c1C,125.89,-2.0999912335446846,0,train,6.900008766455315,-2.373372155552953,0.27338092200826836,0.27338092200826836
CCCCNc1nc(SC)nc2c1cnn2CC(Cl)c1ccc(F)cc1,110.0,-2.041392685158225,1,train,6.958607314841775,-2.3133945496810373,0.2720018645228124,0.2720018645228124
O=C(Nc1cc2ccc(-c3c(F)cc(F)cc3Cl)cc2cn1)C1CC1,0.236,0.6270879970298935,0,train,9.627087997029893,0.355721173469724,0.2713668235601695,0.2713668235601695
O=C(Nc1cc2ccc(OC3CCCCC3)cc2cn1)C1CC1,27.0,-1.4313637641589874,1,train,7.568636235841012,-1.1601377705640896,-0.27122599359489774,0.27122599359489774
CSc1nc(NCc2ccccc2F)c2cnn(CC(Cl)c3ccccc3)c2n1,80.0,-1.9030899869919435,1,train,7.096910013008056,-2.1722714553259745,0.269181468334031,0.269181468334031
O=C(Nc1cc2ccc(-c3cnccn3)cc2cn1)C1CC1,18.0,-1.255272505103306,1,train,7.7447274948966935,-0.987653847993648,-0.26761865710965804,0.26761865710965804
Cc1ccc(F)cc1-c1cc2cnc(NC(=O)C3CC3)cc2c(N2CCCCC2)n1,3.0,-0.47712125471966244,1,train,8.522878745280337,-0.20952803326815428,-0.2675932214515081,0.2675932214515081
CCN1CCN(Cc2ccc(NC(=O)Nc3ccc(Oc4cc(NC)ncn4)cc3)cc2C(F)(F)F)CC1,25.12,-1.4000196350651586,0,train,7.599980364934842,-1.6669096631709734,0.26689002810581486,0.26689002810581486
Cc1ccc(NCc2ccc(-c3ccc(F)cc3)nc2)cc1,1995.26,-3.2999994961169836,0,train,5.700000503883016,-3.033505576473278,-0.26649391964370617,0.26649391964370617
O=C(Nc1cc2c(C3CC3)nc(-c3ccccc3Cl)cc2cn1)C1CC1,2.0,-0.3010299956639812,0,train,8.698970004336019,-0.03541482160577278,-0.26561517405820845,0.26561517405820845
O=C(Nc1cc2ccc(-c3ccc[nH]3)cc2cn1)C1CC1,0.7,0.1549019599857432,1,train,9.154901959985743,-0.10951201444055575,0.26441397442629894,0.26441397442629894
Cc1ccnc(CO)c1-c1ccc2cc(NC(=O)[C@@H]3C[C@@H]3F)ncc2c1,0.193,0.7144426909922262,0,train,9.714442690992227,0.45005479996583075,0.2643878910263955,0.2643878910263955
Nc1cc(=O)[nH]n1-c1ccccn1,12589.25,-4.099999857942367,0,train,4.900000142057633,-3.838142559788503,-0.26185729815386427,0.26185729815386427
CCNC(=O)Nc1ncc2cc(-c3cc(F)ccc3C)ccc2c1Cl,37.0,-1.568201724066995,0,train,7.431798275933005,-1.306467109475111,-0.26173461459188396,0.26173461459188396
Cc1cc(C(C)(C)O)ncc1-c1cc2cnc(NC(=O)[C@@H]3C[C@@H]3F)cc2cn1,0.218,0.6615435063953952,0,train,9.661543506395395,0.4012755910351904,0.26026791536020477,0.26026791536020477
Cc1cc(CO)cc(Nc2cc3ccc(-c4cc(F)ccc4C)cc3cn2)n1,5.0,-0.6989700043360189,0,train,8.301029995663981,-0.44096225272848694,-0.2580077516075319,0.2580077516075319
Nc1ncnc2sccc12,19952.62,-4.29999993144297,0,train,4.70000006855703,-4.043193435359783,-0.25680649608318706,0.25680649608318706
O=C(Nc1cnc2[nH]cc(-c3ccccc3)c2c1)c1cccc(F)c1F,251.19,-2.400002345927956,0,train,6.599997654072045,-2.144137920005539,-0.25586442592241676,0.25586442592241676
O=C(Nc1cc2c(=O)[nH]c(-c3ccccc3Cl)cc2cn1)C1CC1,5.0,-0.6989700043360189,1,train,8.301029995663981,-0.4432013943789852,-0.25576860995703365,0.25576860995703365
O=C(Nc1cccc(-c2nc3sccn3c2-c2ccnc(Nc3cccc(N4CCOCC4)c3)n2)c1Cl)c1ccccc1F,1258.93,-3.100001582801352,0,train,5.899998417198648,-2.8466081894285384,-0.2533933933728134,0.2533933933728134
NC(=O)c1ccc(-c2c[nH]c3nccc(Cl)c23)cc1,1000.0,-3.0,0,train,6.0,-2.7468126413317275,-0.25318735866827247,0.25318735866827247
O=C(Nc1nnc(SCc2cccc(Cl)c2)s1)c1ccc(Cl)cc1,73.0,-1.863322860120456,0,train,7.136677139879544,-2.1156365458927984,0.2523136857723425,0.2523136857723425
NC(=O)c1c(OCc2c(F)cc(Br)cc2F)nsc1NC(=O)NCCCCN1CCCC1,79.43,-1.899984562549391,0,train,7.100015437450609,-2.1513129816956273,0.2513284191462364,0.2513284191462364
Cc1ccc(F)cc1-c1cc2cnc(NC(=O)C3CC3)cc2c(C)n1,0.08,1.0969100130080565,1,train,10.096910013008056,0.8460905404415187,0.2508194725665378,0.2508194725665378
CCSc1nc(Nc2cccc(Cl)c2)c2cnn(CC(Cl)c3ccccc3)c2n1,40.0,-1.6020599913279623,1,train,7.3979400086720375,-1.8521383728734448,0.25007838154548234,0.25007838154548234
Nc1ncc(-c2ccoc2)c2scc(-c3ccc(NC(=O)Nc4ccccc4F)cc3)c12,100.0,-2.0,0,train,7.0,-1.7502980256165654,-0.24970197438343456,0.24970197438343456
Cc1cc(F)c(O)cc1-c1ccc2cc(NC(=O)C3CC3)ncc2c1,0.03,1.5228787452803376,1,train,10.522878745280337,1.2742362623126744,0.24864248296766323,0.24864248296766323
CC(C)Oc1ccc2cc(NC(=O)C3CC3)ncc2c1,0.8,0.09691001300805639,1,train,9.096910013008056,-0.1514574119233999,0.2483674249314562,0.2483674249314562
Cc1c(F)cncc1-c1ccc2cc(NC(=O)C3CC3)ncc2c1,0.02,1.6989700043360187,1,train,10.698970004336019,1.4526420610558493,0.2463279432801695,0.2463279432801695
Cc1ccc(C(=O)NC2CCCC2)cc1-c1ccc2cc(NC(=O)C3CC3)ncc2c1,0.5,0.3010299956639812,1,train,9.301029995663981,0.05499571960053801,0.2460342760634432,0.2460342760634432
O=C(Nc1ncc(-c2ccc(F)cc2)s1)c1cccs1,1646.0,-3.216429830876251,1,train,5.783570169123749,-2.970784895557389,-0.24564493531886233,0.24564493531886233
C[C@@H](NC(=O)CCCCCC(=O)Nc1cccc(Nc2nccc(Nc3cc(C4CC4)[nH]n3)n2)c1)c1ccco1,1200.0,-3.0791812460476247,0,train,5.920818753952375,-2.834816861208053,-0.2443643848395718,0.2443643848395718
CSc1nc(Nc2cccc(Br)c2)c2cnn(CC(C)c3ccccc3)c2n1,1070.0,-3.0293837776852097,1,train,5.97061622231479,-2.785115687500077,-0.24426809018513262,0.24426809018513262
Nc1ncnc2scc(-c3ccc(NC(=O)Nc4cc(C(F)(F)F)ccc4F)cc3)c12,31.62,-1.4999618655961902,0,train,7.50003813440381,-1.7438713840213267,0.24390951842513653,0.24390951842513653
CCOCCNc1nc(SC)nc2c1cnn2CC(Cl)c1ccccc1,1500.0,-3.1760912590556813,0,train,5.823908740944319,-2.932866356592767,-0.24322490246291428,0.24322490246291428
Cc1ccncc1-c1ccc2cc(NC(=O)C3CCO3)ncc2c1,2.13,-0.3283796034387377,1,train,8.671620396561263,-0.089251719718129,-0.23912788372060867,0.23912788372060867
Cc1ncc(-c2ccc3cc(NC(=O)C4CC4)ncc3c2)cc1F,4.0,-0.6020599913279624,1,train,8.397940008672037,-0.3633874741191942,-0.2386725172087682,0.2386725172087682
Cc1cc(C)cc(NC(=O)Nc2ccc(-c3cccc4c3CNC4=O)c(C)c2)c1,630.96,-2.800001827817969,0,train,6.199998172182031,-2.561931686217818,-0.23807014160015072,0.23807014160015072
CCNc1nc(C)c(-c2ccnc(Nc3ccc(N4CCN(C(C)=O)CC4)cc3)n2)s1,251.19,-2.400002345927956,0,train,6.599997654072045,-2.63745774631912,0.23745540039116442,0.23745540039116442
Cc1ccc(NC(=O)N2CCCC2)cc1-c1ccc2cc(NC(=O)C3CC3)ncc2c1,0.09,1.0457574905606752,1,train,10.045757490560675,0.8084402003557359,0.2373172902049393,0.2373172902049393
Fc1ccc(CNc2nc(SCCN3CCOCC3)nc3c2cnn3CC(Cl)c2ccccc2)cc1,580.0,-2.7634279935629373,0,train,6.236572006437063,-2.526501656994115,-0.23692633656882212,0.23692633656882212
Cc1ccc(F)cc1-c1ccc2cc(NC(=O)C(F)(F)F)ncc2c1,33.0,-1.5185139398778875,1,train,7.481486060122112,-1.283943055570532,-0.2345708843073555,0.2345708843073555
Cc1ccc(F)cc1-c1cc2cnc(NC(=O)C3CC3)cc2c(CF)n1,0.2,0.6989700043360187,0,train,9.698970004336019,0.4644634678498633,0.23450653648615544,0.23450653648615544
Cc1ccc(F)cc1-c1cc2cnc(NC(=O)C3CC3)cc2c(-c2ccncc2)n1,6.6,-0.8195439355418687,1,train,8.18045606445813,-0.5853367125403173,-0.2342072230015514,0.2342072230015514
CC(C)n1nc(-c2cc3c(Cl)cccc3[nH]2)c2c(N)ncnc21,280.0,-2.4471580313422194,0,train,6.552841968657781,-2.68123298883801,0.23407495749579077,0.23407495749579077
c1nc(-c2ccc3c(c2)OCO3)c2cc[nH]c2n1,7943.28,-3.899999871665804,0,train,5.100000128334196,-3.6659522047815627,-0.2340476668842415,0.2340476668842415
Clc1cc(Nc2nc(NC3CC3)c3sccc3n2)ccc1N1CCOCC1,1258.93,-3.100001582801352,0,train,5.899998417198648,-2.866766738922615,-0.23323484387873705,0.23323484387873705
NC(=O)c1cccc(-c2cnc3[nH]cc(-c4ccccc4)c3c2)c1,50.12,-1.7000110623221123,0,train,7.299988937677888,-1.9331342937301996,0.23312323140808733,0.23312323140808733
N#CCOc1ccc(Nc2nc(Nc3cccc(S(N)(=O)=O)c3)ncc2Br)cc1,100.0,-2.0,0,train,7.0,-2.2328150046827515,0.23281500468275151,0.23281500468275151
Cc1nc(Nc2ncc(C(=O)Nc3c(C)cccc3Cl)s2)cc(N2CCNCC2)n1,3.3,-0.5185139398778874,0,train,8.481486060122112,-0.751261710252922,0.23274777037503458,0.23274777037503458
Fc1cccc(CNc2ncnc3c2cnn3CC(Cl)c2ccc(Br)cc2)c1,45.5,-1.6580113966571124,1,train,7.341988603342887,-1.8905942422513649,0.23258284559425246,0.23258284559425246
O=C(Nc1cccc(C(F)(F)F)n1)Nc1ccnc2cc(Cl)ccc12,3981.07,-3.59999981394342,0,train,5.40000018605658,-3.3674303385101996,-0.2325694754332206,0.2325694754332206
CC(C)COc1ccc2cc(NC(=O)C3CC3)ncc2c1,12.0,-1.0791812460476249,1,train,7.920818753952375,-0.8476281152665598,-0.2315531307810651,0.2315531307810651
Cc1ccc(F)cc1-c1cc2cnc(NC(=O)C3CC3)cc2c(-c2cccnc2)n1,0.2,0.6989700043360187,1,train,9.698970004336019,0.46806493562703905,0.2309050687089797,0.2309050687089797
O=C(Nc1cc2ccc(-c3c(F)cccc3F)cc2cn1)C1CC1,0.175,0.7569619513137056,1,train,9.756961951313706,0.5262755119637382,0.23068643934996735,0.23068643934996735
CC(C)Nc1nccc(Nc2ncc(-c3ccccc3)s2)n1,79.43,-1.899984562549391,0,train,7.100015437450609,-2.130538236050404,0.2305536735010132,0.2305536735010132
COc1cccc(C#N)c1-c1ccc2cc(NC(=O)C3CC3)ncc2c1,3.0,-0.47712125471966244,1,train,8.522878745280337,-0.2471282930440709,-0.22999296167559147,0.22999296167559147
COc1cc2ncc(C#N)c(N[C@@H]3C[C@H]3c3ccccc3)c2cc1OCCCc1cccnc1,1800.0,-3.255272505103306,0,train,5.7447274948966935,-3.025420416224894,-0.2298520888784119,0.2298520888784119
O=C(Nc1cc2ccc(-c3cccc4[nH]cnc34)cc2cn1)C1CC1,1.0,-0.0,1,train,9.0,0.22870743815685646,-0.22870743815685646,0.22870743815685646
O=C(Nc1nnc(SCc2ccc(Br)cc2)s1)c1ccc(Cl)cc1,47.0,-1.6720978579357175,0,train,7.327902142064282,-1.899992261615431,0.22789440367971348,0.22789440367971348
Nc1n[nH]c2nccc(-c3ccc(NC(=O)Nc4cc(C(F)(F)F)ccc4F)cc3)c12,79.43,-1.899984562549391,0,train,7.100015437450609,-2.1277597077132797,0.22777514516388875,0.22777514516388875
NC(=O)c1cc2c(-c3ccc(Nc4nc5ccccc5o4)cc3)cnc(N)c2s1,1584.89,-3.1999991251967965,0,train,5.800000874803203,-2.973034829026687,-0.2269642961701095,0.2269642961701095
Fc1ccccc1CNc1ncnc2c1cnn2CC(Cl)c1ccccc1,730.0,-2.863322860120456,0,train,6.136677139879544,-2.6364026598890575,-0.22692020023139836,0.22692020023139836
Cc1ccc(C(=O)NC2(C)CCS(=O)(=O)C2)cc1-c1ccc2cc(NC(=O)C3CC3)ncc2c1,1.0,-0.0,0,train,9.0,0.22643029474760248,-0.22643029474760248,0.22643029474760248
O=C(Nc1nnc(SCc2ccccc2)s1)c1ccc(F)cc1,70.0,-1.845098040014257,0,train,7.154901959985743,-2.0713285025692953,0.22623046255503843,0.22623046255503843
Cc1ccc(C(=O)NC2(C)CCC2)cc1-c1ccc2cc(N)ncc2c1,7.7,-0.8864907251724818,0,train,8.113509274827518,-1.110610766229398,0.22412004105691619,0.22412004105691619
Cc1ccc[n+]([O-])c1-c1ccc2cc(NC(=O)C3CC3)ncc2c1,0.0896,1.0476919903378747,1,train,10.047691990337874,0.8235813146183681,0.2241106757195066,0.2241106757195066
Cc1cc(C)cc(NC(=O)Nc2ccc(-c3cccc4onc(N)c34)cc2)c1,501.19,-2.7000023971422538,0,train,6.299997602857746,-2.4769182473499414,-0.2230841497923124,0.2230841497923124
CCC(N)(C#Cc1cnc(N)c2c(-c3ccc(NC(=O)Nc4cccc(C)c4)cc3)csc12)CC,501.19,-2.7000023971422538,0,train,6.299997602857746,-2.479001610085772,-0.22100078705648185,0.22100078705648185
Cc1ccc(F)cc1-c1cc2cnc(NC(=O)C3CC3)cc2cn1,0.1,1.0,1,train,10.0,0.7792985459683638,0.2207014540316362,0.2207014540316362
COc1cc(-c2csc3c(C=CC(=O)NCCN(C)C)cnc(N)c23)ccc1NC(=O)c1cc2ccccc2n1C,12.59,-1.1000257301078626,0,train,7.899974269892137,-0.8827595364304383,-0.2172661936774244,0.2172661936774244
Cc1ccc(Cc2cnc(NC(=O)c3cccs3)s2)cc1,249.0,-2.3961993470957363,1,train,6.603800652904264,-2.1789925167106428,-0.21720683038509359,0.21720683038509359
O=C(Nc1cc2ccc(Nc3ccccc3)cc2cn1)C1CC1,1.0,-0.0,1,train,9.0,-0.21679724130713587,0.21679724130713587,0.21679724130713587
Fc1ccc(C(Cl)Cn2ncc3c(NCc4ccccn4)ncnc32)cc1,2100.0,-3.322219294733919,1,train,5.6777807052660805,-3.1083642572952375,-0.21385503743868162,0.21385503743868162
CN1CCN(c2nccc(Nc3cc4ccc(-c5c(Cl)cccc5Cl)cc4cn3)n2)CC1,2.42,-0.38381536598043126,0,train,8.616184634019568,-0.5976462552288583,0.21383088924842708,0.21383088924842708
Cc1ccc(F)cc1-c1ccc2cc(NC(=O)C3(C)CC3)ncc2c1,50.0,-1.6989700043360187,1,train,7.301029995663981,-1.4880459712132037,-0.21092403312281505,0.21092403312281505
Cc1ccc(F)cc1-c1cc2cnc(NC(=O)C3CC3)cc2c(NC2CCCC2)n1,5.0,-0.6989700043360189,1,train,8.301029995663981,-0.48868693206445424,-0.21028307227156462,0.21028307227156462
O=C(Nc1ccc([N+](=O)[O-])cc1)N1CCc2[nH]c3c(Cl)cc(Cl)cc3c2C1,2511.89,-3.4000006169763797,0,train,5.59999938302362,-3.1898399962566315,-0.21016062071974861,0.21016062071974861
CSc1nc(NCc2ccc(F)cc2)c2cnn(CC(C)c3ccccc3)c2n1,1860.0,-3.2695129442179165,1,train,5.730487055782083,-3.059724608853873,-0.2097883353640433,0.2097883353640433
N#CC1=C(c2ccccc2)CC(c2ccc(Cl)cc2)C(C(=O)c2ccccc2)C1=O,1258.93,-3.100001582801352,0,train,5.899998417198648,-3.309638073824904,0.2096364910235522,0.2096364910235522
Cc1ccc(F)cc1-c1cc2cnc(NC(=O)C3CC3)cc2c(-c2cnccc2C)n1,1.0,-0.0,1,train,9.0,0.20932743120893577,-0.20932743120893577,0.20932743120893577
Cc1ccc(F)cc1-c1ccc2cc(NC(=O)C3(O)CC3)ncc2c1,42.0,-1.6232492903979006,1,train,7.376750709602099,-1.4142136468496087,-0.20903564354829185,0.20903564354829185
N#Cc1ccc(Cl)cc1-c1ccc2cc(NC(=O)C3CC3)ncc2c1,0.9,0.045757490560675115,1,train,9.045757490560675,0.2542981389562157,-0.20854064839554062,0.20854064839554062
Cc1cccc(NC(=O)Nc2ccc(-c3csc4c(C#CCN5CCOCC5)cnc(N)c34)cc2)c1,39.81,-1.599992177584098,1,train,7.400007822415902,-1.8080068646692433,0.20801468708514537,0.20801468708514537
CCN(CC)CC#Cc1cnc(N)c2c(-c3ccc(NC(=O)Nc4cccc(C)c4)cc3)csc12,501.19,-2.7000023971422538,1,train,6.299997602857746,-2.4926353647715964,-0.20736703237065734,0.20736703237065734
O=C1Cc2c([nH]c3ccc([N+](=O)[O-])cc23)-c2ccccc2N1,1584.89,-3.1999991251967965,0,train,5.800000874803203,-2.993714446865448,-0.20628467833134856,0.20628467833134856
CCOc1ccc2cc(-c3nn(C(C)C)c4ncnc(N)c34)ccc2c1,1600.0,-3.2041199826559246,0,train,5.795880017344075,-2.9995312796142515,-0.20458870304167354,0.20458870304167354
CCCNc1nc(SC)nc2c1cnn2CC(Cl)c1ccc(Cl)cc1,400.0,-2.6020599913279625,0,train,6.3979400086720375,-2.8044138241642433,0.20235383283628083,0.20235383283628083
Cc1ccc(C(=O)NC2(C)COC2)cc1-c1ccc2cc(N)ncc2c1,41.6,-1.6190933306267428,0,train,7.380906669373257,-1.4181011486900659,-0.2009921819366769,0.2009921819366769
N#CCC(C1CCCC1)n1cc(-c2ncnc3[nH]ccc23)cn1,3162.28,-3.5000003213429354,0,train,5.499999678657065,-3.299105177739006,-0.20089514360392968,0.20089514360392968
Nc1ncc2cccc(-c3ccccc3)n12,25118.86,-4.399999925393822,0,train,4.600000074606178,-4.200264214998913,-0.19973571039490956,0.19973571039490956
CNC(=O)C=Cc1cnc(N)c2c(-c3ccc4sc(C)nc4c3)csc12,50.12,-1.7000110623221123,0,train,7.299988937677888,-1.5009644263225328,-0.1990466359995795,0.1990466359995795
Nc1nccc2cnc(-c3ccccc3)n12,25118.86,-4.399999925393822,0,train,4.600000074606178,-4.201031624889413,-0.1989683005044096,0.1989683005044096
Cc1ccc(NC(=O)N2CCS(=O)(=O)CC2)cc1-c1ccc2cc(NC(=O)C3CC3)ncc2c1,2.0,-0.3010299956639812,0,train,8.698970004336019,-0.10212436886779727,-0.19890562679618393,0.19890562679618393
Cc1cc(C(C)(C)O)ncc1-c1ccc2cc(NC(=O)[C@@H]3C[C@@H]3F)ncc2c1,2.08,-0.31806333496276157,0,train,8.681936665037238,-0.11928208086051523,-0.19878125410224629,0.19878125410224629
CNC(=O)c1cnc(N)c2c(-c3ccc(NC(=O)Nc4cc(C)ccc4F)cc3)csc12,1.995,-0.2999429000227671,0,train,8.700057099977233,-0.49853746833648843,0.19859456831372135,0.19859456831372135
Cn1cc(-c2cc3nc(Br)cnc3[nH]2)c2cc(F)ccc21,158.49,-2.200001865406602,0,train,6.799998134593398,-2.3969716368604583,0.19696977145385652,0.19696977145385652
Cc1cccc(F)c1-c1ccc2cc(NC(=O)C3CC3)ncc2c1,0.0709,1.1493537648169334,1,train,10.149353764816933,0.9532338588027207,0.1961199060142127,0.1961199060142127
O=C(NN=Cc1ccc(O)cc1O)Nc1cccc2nsnc12,398.11,-2.60000308662774,0,train,6.399996913372259,-2.795999819692357,0.19599673306461662,0.19599673306461662
O=C(Nc1cc2ccc(-c3ccncc3Cl)cc2cn1)C1CC1,1.39,-0.14301480025409505,1,train,8.856985199745905,0.051523982854084875,-0.19453878310817987,0.19453878310817987
CCCNc1nc(SCCC)nc2c1cnn2CC(Cl)c1ccccc1,250.0,-2.3979400086720375,1,train,6.6020599913279625,-2.592296291542274,0.19435628287023698,0.19435628287023698
O=C1NN(c2ccc(I)cc2)C(=O)/C1=C\c1ccccc1,600.0,-2.7781512503836434,0,train,6.221848749616356,-2.971976651388209,0.19382540100456547,0.19382540100456547
CCOc1ccc(NC(=O)Nc2ccc(-c3csc4c(-c5cnn(C)c5)cnc(N)c34)cc2)cc1,0.631,0.19997064075586568,0,train,9.199970640755865,0.006512459109281396,0.1934581816465842,0.1934581816465842
ClC(Cn1ncc2c(NCc3ccccc3)nc(SCCN3CCOCC3)nc21)c1ccccc1,90.0,-1.954242509439325,0,train,7.045757490560675,-2.147507131676343,0.19326462223701824,0.19326462223701824
O=C(Nc1nc2ccccc2s1)c1cccc2c1CN(c1nc(C(=O)O)c(-c3ccc(CO)cc3)s1)CC2,1584.89,-3.1999991251967965,0,train,5.800000874803203,-3.0088297345626005,-0.19116939063419602,0.19116939063419602
Nc1ncnc2c1N=C(c1ccc(NC(=O)Nc3cccc(C(F)(F)F)c3)cc1)CCN2,79.43,-1.899984562549391,0,train,7.100015437450609,-2.089937176856767,0.18995261430737598,0.18995261430737598
C#Cc1cccc(Nc2ncnc3cc(OCCOC)c(OCCOC)cc23)c1,398.11,-2.60000308662774,0,train,6.399996913372259,-2.7874310003161673,0.18742791368842715,0.18742791368842715
Cc1ccc(F)cc1-c1cc2cnc(NC(=O)C3CC3)cc2c(C#N)n1,1.0,-0.0,1,train,9.0,0.1873876919874907,-0.1873876919874907,0.1873876919874907
O=C(Nc1nnc(SCc2ccccc2)s1)c1ccccc1Cl,920.0,-2.963787827345555,0,train,6.036212172654444,-2.777110648882927,-0.1866771784626282,0.1866771784626282
Cc1ccc(C(=O)NC2(C)COC2)cc1-c1ccc2cc(NC(=O)C3CC3)ncc2c1,2.0,-0.3010299956639812,1,train,8.698970004336019,-0.48626543329963234,0.18523543763565115,0.18523543763565115
Cc1ccc(F)cc1-c1cc2cnc(NC(=O)C3CC3)cc2c(CO)n1,0.2,0.6989700043360187,0,train,9.698970004336019,0.5138924493002575,0.1850775550357613,0.1850775550357613
Cc1cccc(NC(=O)Nc2ccc(-c3cnc4c(-c5cnn(C)c5)cnn4c3N)cc2)c1,25.12,-1.4000196350651586,0,train,7.599980364934842,-1.584397918643195,0.18437828357803632,0.18437828357803632
O=C1NN(c2ccc(I)cc2)C(=O)/C1=C\c1ccc(I)cc1,800.0,-2.9030899869919438,0,train,6.096910013008056,-3.0867081455764516,0.18361815858450736,0.18361815858450736
O=C(Nc1cc2ccc(-c3c(F)ccc(F)c3Cl)cc2cn1)C1CC1,0.164,0.7851561519523022,0,train,9.785156151952302,0.6022254635425547,0.18293068840974747,0.18293068840974747
Cc1ccc(NC(=O)C2CCOCC2)cc1-c1ccc2cc(NC(=O)C3CC3)ncc2c1,0.2,0.6989700043360187,1,train,9.698970004336019,0.5167967545239065,0.18217324981211225,0.18217324981211225
N#Cc1cc(F)c(F)cc1-c1ccc2cc(NC(=O)C3CC3)ncc2c1,0.07,1.154901959985743,1,train,10.154901959985743,0.9728062193229917,0.18209574066275136,0.18209574066275136
Cc1ccc(F)cc1-c1cc2cnc(NC(=O)C3CC3)cc2c(OC2CCNC2)n1,2.0,-0.3010299956639812,0,train,8.698970004336019,-0.1201642275707206,-0.1808657680932606,0.1808657680932606
CCn1nccc1C(=O)Nc1cc2ccc(-c3cc(F)ccc3C)cc2cn1,34.2,-1.534026106056135,0,train,7.465973893943865,-1.3538126017079737,-0.1802135043481614,0.1802135043481614
COc1ccncc1-c1ccc2cc(NC(=O)C3CC3)ncc2c1,2.0,-0.3010299956639812,1,train,8.698970004336019,-0.1212736111022897,-0.17975638456169152,0.17975638456169152
O=C(Nc1cc2ccc(-c3cc(CO)ccc3F)cc2cn1)C1CC1,0.8,0.09691001300805639,1,train,9.096910013008056,0.2765402471959728,-0.17963023418791652,0.17963023418791652
CCCSc1nc(NCc2ccccc2)c2cnn(CC(Cl)c3ccccc3)c2n1,100.0,-2.0,1,train,7.0,-2.1785084666724948,0.17850846667249476,0.17850846667249476
Cc1ccc(F)cc1-c1ccc2cc(NC(=O)c3ccccc3F)ncc2c1,86.0,-1.9344984512435677,1,train,7.0655015487564325,-1.7561316382197034,-0.17836681302386448,0.17836681302386448
CCCNc1nc(N(C)C)nc2c1cnn2CC(Cl)c1ccccc1,320.0,-2.505149978319906,0,train,6.494850021680094,-2.6835032935576755,0.17835331523776965,0.17835331523776965
O=C(Nc1nnc(SCc2ccccc2)s1)c1ccc(Cl)cc1,400.0,-2.6020599913279625,0,train,6.3979400086720375,-2.4246497996371654,-0.17741019169079708,0.17741019169079708
Cc1cc[n+]([O-])cc1-c1ccc2cc(NC(=O)C3CC3)ncc2c1,0.167,0.7772835288524167,1,train,9.777283528852417,0.60006579654858,0.17721773230383664,0.17721773230383664
Cc1ccc(NC(=O)c2ccc(C(C)N(C)C)cc2)cc1-c1ccc2cc(NC(=O)C3CC3)ncc2c1,0.3,0.5228787452803376,0,train,9.522878745280337,0.34583289914066584,0.17704584613967178,0.17704584613967178
Cn1cc(-c2cnc(N)c3c(-c4ccc(NC(=O)Nc5cccc(F)c5)cc4)csc23)cn1,1.995,-0.2999429000227671,1,train,8.700057099977233,-0.47664846027590746,0.17670556025314038,0.17670556025314038
O=C(Nc1cc2ccc(Oc3ccccc3)cc2cn1)C1CC1,3.0,-0.47712125471966244,1,train,8.522878745280337,-0.6525331528805992,0.17541189816093683,0.17541189816093683
Cc1cc(-c2cc(O)ccc2Cl)cc2nnc(Nc3ccc(S(=O)(=O)N(C)CCN4CCCC4)cc3)nc12,0.75,0.12493873660829995,1,train,9.1249387366083,-0.04914722902235383,0.17408596563065373,0.17408596563065373
Cc1cccc(Cc2cnc(NC(=O)c3cccs3)s2)c1,59.0,-1.7708520116421442,0,train,7.229147988357855,-1.9443854014578952,0.17353338981575095,0.17353338981575095
Clc1ccc(C(Cl)Cn2ncc3c(NCc4cccc(Cl)c4)ncnc32)cc1,80.0,-1.9030899869919435,0,train,7.096910013008056,-2.0753225157557846,0.1722325287638411,0.1722325287638411
O=C(Nc1cc2ccc(C3CCCCC3)cc2cn1)C1CC1,2.0,-0.3010299956639812,1,train,8.698970004336019,-0.4718519695571859,0.1708219738932047,0.1708219738932047
Cc1cccc(NC(=O)Nc2ccc(-c3csc4c(-c5cnn(C)c5)cnc(N)c34)cc2)c1,1.585,-0.2000292665537703,1,train,8.79997073344623,-0.3704854433823799,0.17045617682860958,0.17045617682860958
C=CCn1c(=O)c2cnc(Nc3ccc(N4CCN(C)CC4)cc3)nc2n1-c1cccc(C(C)(C)O)n1,316.23,-2.500003068051693,0,train,6.499996931948306,-2.3296431646794455,-0.1703599033722476,0.1703599033722476
Cc1ccc(F)cc1-c1ccc2c(Cl)c(NC(=O)C3CC3)ncc2c1,2.0,-0.3010299956639812,1,train,8.698970004336019,-0.131722211657147,-0.1693077840068342,0.1693077840068342
Cc1ccncc1-c1ccc2cc(NC(=O)C3CC3(F)F)ncc2c1,0.25,0.6020599913279624,0,train,9.602059991327963,0.4329486570374506,0.16911133429051178,0.16911133429051178
CSc1nc(Nc2cccc(Cl)c2)c2cnn(CC(Cl)c3ccccc3)c2n1,600.0,-2.7781512503836434,1,train,6.221848749616356,-2.609249885832904,-0.16890136455073934,0.16890136455073934
O=C(Nc1cc2ccc(-c3ccc(F)c(O)c3)cc2cn1)C1CC1,0.09,1.0457574905606752,1,train,10.045757490560675,0.8779974555719343,0.16776003498874092,0.16776003498874092
Cc1cc(-c2cc(Cl)ccc2O)cc2nnc(Nc3ccc(S(=O)(=O)N(C)CCN4CCCC4)cc3)nc12,0.75,0.12493873660829995,1,train,9.1249387366083,-0.03984673705058362,0.16478547365888352,0.16478547365888352
CCN(CC)CCCNC(=O)c1cnc(N)c2c(-c3ccc(NC(=O)Nc4cccc(F)c4)cc3)csc12,7.943,-0.899984562549391,0,train,8.100015437450608,-1.064417271621999,0.1644327090726081,0.1644327090726081
COc1cc(C)c(-c2ccc3cc(NC(=O)C4CC4)ncc3c2)cn1,2.0,-0.3010299956639812,1,train,8.698970004336019,-0.13708018862792304,-0.16394980703605816,0.16394980703605816
Cc1ncc(N)cc1-c1ccc2cc(NC(=O)C3CC3)ncc2c1,4.0,-0.6020599913279624,1,train,8.397940008672037,-0.43902164840270186,-0.16303834292526054,0.16303834292526054
Cc1cnccc1-c1ccc2cc(NC(=O)C3CC3)ncc2c1,2.0,-0.3010299956639812,1,train,8.698970004336019,-0.13838755156570615,-0.16264244409827505,0.16264244409827505
COc1cccc(Nc2cc3ccc(-c4cc(F)ccc4C)cc3cn2)n1,4.0,-0.6020599913279624,0,train,8.397940008672037,-0.7636098506148484,0.16154985928688603,0.16154985928688603
Cc1cc(F)ccc1-c1ccc2cc(NC(=O)C3CC3)ncc2c1,0.3,0.5228787452803376,1,train,9.522878745280337,0.3615923299034517,0.16128641537688593,0.16128641537688593
Cc1cc(-c2ccccc2)n(-c2cc(NN=Cc3ccco3)ncn2)n1,501.19,-2.7000023971422538,0,train,6.299997602857746,-2.5395091990016367,-0.16049319814061702,0.16049319814061702
Cc1ccc(F)cc1-c1ccc2cc(Nc3cc(CO)ccn3)ncc2c1,0.6,0.2218487496163564,0,train,9.221848749616356,0.06298277476862428,0.15886597484773213,0.15886597484773213
Cc1cccc(NC(=O)Nc2ccc(-c3coc4ncnc(N)c34)cc2)c1,199.53,-2.300008202553813,0,train,6.699991797446187,-2.458716470477766,0.1587082679239531,0.1587082679239531
Fc1ccc(C(Cl)Cn2ncc3c(NCc4ccncc4)ncnc32)cc1,1600.0,-3.2041199826559246,1,train,5.795880017344075,-3.0466652028294465,-0.15745477982647849,0.15745477982647849
Cc1cccc(NC(=O)Nc2ccc(-c3csc4c(C#CCNS(C)(=O)=O)cnc(N)c34)cc2)c1,79.43,-1.899984562549391,0,train,7.100015437450609,-2.056989814174865,0.15700525162547407,0.15700525162547407
CCCCNc1nc(SC)nc2c1cnn2CC(Cl)c1ccccc1,1200.0,-3.0791812460476247,1,train,5.920818753952375,-2.9224154869417696,-0.1567657591058551,0.1567657591058551
CSc1nc(NCc2ccc(F)cc2)c2cnn(CC(Cl)c3ccccc3)c2n1,100.0,-2.0,1,train,7.0,-2.1558977590550628,0.15589775905506276,0.15589775905506276
Cc1cccc(C)c1-c1cc(C)c2nc(Nc3ccc(OCCN4CCCC4)cc3)nnc2c1,11.0,-1.0413926851582251,0,train,7.958607314841775,-1.1958121892917482,0.154419504133523,0.154419504133523
Cc1ncc(F)cc1-c1ccc2cc(NC(=O)C3CC3)ncc2c1,0.7,0.1549019599857432,1,train,9.154901959985743,0.0007723003621857077,0.15412965962355749,0.15412965962355749
Cc1ccc(F)cc1-c1ccc2cc(NC(=O)C3CCCC3)ncc2c1,12.0,-1.0791812460476249,1,train,7.920818753952375,-0.9252099640985663,-0.15397128194905862,0.15397128194905862
Cc1ccc(F)cc1-c1ccc2c(F)c(NC(=O)C3CC3)ncc2c1,0.7,0.1549019599857432,1,train,9.154901959985743,0.001400055436218311,0.15350190454952486,0.15350190454952486
O=C(Nc1cc2ccc(-c3ccccc3Cl)cc2cn1)C1CC1,0.312,0.5058454059815573,1,train,9.505845405981557,0.3530930724052807,0.15275233357627654,0.15275233357627654
O=C(Cc1ccc(-c2cccnc2)cc1)Nc1ccc(SC(F)F)cc1,199.53,-2.300008202553813,0,train,6.699991797446187,-2.452749607762087,0.15274140520827428,0.15274140520827428
COc1ccc(Cl)cc1-c1ccc2cc(NC(=O)C3CC3)ncc2c1,2.0,-0.3010299956639812,1,train,8.698970004336019,-0.14933430563009778,-0.15169569003388342,0.15169569003388342
Cc1c(O)cccc1-c1ccc2cc(NC(=O)C3CC3)ncc2c1,0.03,1.5228787452803376,1,train,10.522878745280337,1.371820102826101,0.1510586424542366,0.1510586424542366
Cc1cccc(NC(=O)Nc2ccc(-c3csc4c(C#CC(C)(C)N)cnc(N)c34)cc2)c1,316.23,-2.500003068051693,0,train,6.499996931948306,-2.3510020980848947,-0.14900096996679846,0.14900096996679846
CC(C)(C)N1CN(c2ccc(Cl)cc2)C(N)=C2C=NN=C21,520.0,-2.716003343634799,0,train,6.2839966563652006,-2.8642817666589195,0.14827842302412053,0.14827842302412053
Cn1cc(-c2cc3nc(Br)cnc3[nH]2)c2ccccc21,1258.93,-3.100001582801352,0,train,5.899998417198648,-2.952378996203908,-0.14762258659744365,0.14762258659744365
Cc1ccc(F)cc1-c1ccc2cc(NC(=O)C3CCN(C)C3)ncc2c1,3.0,-0.47712125471966244,1,train,8.522878745280337,-0.3318251573721894,-0.14529609734747295,0.14529609734747295
CSc1nc(NCc2ccccc2Cl)c2cnn(CC(C)c3ccccc3)c2n1,770.0,-2.886490725172482,0,train,6.113509274827518,-2.7417910433297914,-0.14469968184269044,0.14469968184269044
COC(C)(C)C(=O)Nc1ccc(C)c(-c2ccc3cc(NC(=O)C4CC4)ncc3c2)c1,3.0,-0.47712125471966244,0,train,8.522878745280337,-0.332935692442595,-0.14418556227706736,0.14418556227706736
Cc1ccc(F)cc1-c1ccc2cc(NC(=O)NC(C)C)ncc2c1,1.0,-0.0,1,train,9.0,-0.14345677899683623,0.14345677899683623,0.14345677899683623
CSc1nc(Nc2cccc(Br)c2)c2cnn(CC(Cl)c3ccccc3)c2n1,60.0,-1.7781512503836436,1,train,7.221848749616356,-1.921566278009201,0.14341502762555747,0.14341502762555747
Cc1ccc(F)cc1-c1ccc2cc(NC(=O)c3ccc(F)cc3)ncc2c1,26.0,-1.414973347970818,1,train,7.585026652029182,-1.2716633278955405,-0.1433100200752775,0.1433100200752775
CSc1nc(N2CCCCC2)c2cnn(CC(Br)c3ccccc3)c2n1,880.0,-2.9444826721501687,0,train,6.055517327849831,-2.8030338149116187,-0.14144885723854994,0.14144885723854994
CCCC(=O)Nc1cccc(Nc2nccc(Nc3cc(C4CC4)[nH]n3)n2)c1,980.0,-2.9912260756924947,0,train,6.008773924307505,-2.8501860360842657,-0.14104003960822897,0.14104003960822897
N#Cc1cccc(NC(=O)Nc2ccnc3cc(C(F)(F)F)ccc23)n1,2511.89,-3.4000006169763797,0,train,5.59999938302362,-3.258985950943719,-0.14101466603266122,0.14101466603266122
Cn1c(=O)c(-c2ccccc2Cl)cc2cnc(NCc3cccc(N)c3)nc21,60.0,-1.7781512503836436,1,train,7.221848749616356,-1.6388797232153143,-0.13927152716832936,0.13927152716832936
Cc1ccc(F)cc1-c1ccc2cc(NC(=O)C(C)C)ncc2c1,9.0,-0.9542425094393249,1,train,8.045757490560675,-0.815685603082442,-0.13855690635688278,0.13855690635688278
Clc1ccccc1-c1ccc2cc(Nc3ccccn3)ncc2c1,7.0,-0.8450980400142568,1,train,8.154901959985743,-0.9822822740240298,0.13718423400977298,0.13718423400977298
O=C(Nc1nnc(SCc2cccc(Cl)c2)s1)c1ccc(F)cc1,369.0,-2.56702636615906,0,train,6.432973633840939,-2.4301221964065274,-0.13690416975253283,0.13690416975253283
Cc1ccnc(C)c1-c1ccc2cc(NC(=O)C3CC3)ncc2c1,0.3,0.5228787452803376,1,train,9.522878745280337,0.3860246639073865,0.13685408137295113,0.13685408137295113
O=C(Nc1cc2cnc(C3CCCCC3)cc2cn1)C1CC1,2.0,-0.3010299956639812,1,train,8.698970004336019,-0.4377708949322577,0.13674089926827648,0.13674089926827648
Cc1ccc(NC(=O)C2CCC2)cc1-c1ccc2cc(NC(=O)C3CC3)ncc2c1,0.3,0.5228787452803376,1,train,9.522878745280337,0.38654822151344254,0.13633052376689508,0.13633052376689508
Cc1ccc(C(=O)NC2(C)CCC2)cc1-c1ccc2cc(NC(=O)C3CC3)ncc2c1,0.3,0.5228787452803376,1,train,9.522878745280337,0.38658164561250474,0.13629709966783288,0.13629709966783288
O=C(O)c1ccccc1Nc1ccnc(Nc2cccc(O)c2)n1,316.23,-2.500003068051693,0,train,6.499996931948306,-2.6360353053479786,0.13603223729628544,0.13603223729628544
Cc1ccc(F)cc1-c1ccc2cc(NC(=O)C3(F)CC3)ncc2c1,15.0,-1.1760912590556813,1,train,7.823908740944319,-1.0403436154669177,-0.13574764358876346,0.13574764358876346
CSc1nc(NCc2ccccc2F)c2cnn(CC(C)c3ccccc3)c2n1,1000.0,-3.0,1,train,6.0,-2.8643516065781114,-0.1356483934218886,0.1356483934218886
Cc1ccnc(Nc2cc(C)nc(-c3ccccc3)n2)c1,1000.0,-3.0,0,train,6.0,-2.8659558464794377,-0.13404415352056231,0.13404415352056231
Cc1cnc(F)cc1-c1ccc2cc(NC(=O)C3CC3)ncc2c1,2.0,-0.3010299956639812,1,train,8.698970004336019,-0.16718264470565747,-0.13384735095832373,0.13384735095832373
Cc1cc(-c2cc(O)ccc2Cl)cc2nnc(Nc3ccc(S(=O)(=O)CCCN4CCCC4)cc3)nc12,8.85,-0.9469432706978255,1,train,8.053056729302174,-0.8136972693302467,-0.13324600136757891,0.13324600136757891
CNC(=O)Nc1cc2ccc(-c3cnccc3C)cc2cn1,0.1,1.0,0,train,10.0,0.8670304432441847,0.13296955675581534,0.13296955675581534
C#Cc1cn(C2CCCC2)c2ncnc(N)c12,1000.0,-3.0,0,train,6.0,-3.1322160898846985,0.13221608988469846,0.13221608988469846
Cc1ncc(C(=O)NC2(C)CCC2)cc1-c1ccc2cc(N)ncc2c1,41.6,-1.6190933306267428,0,train,7.380906669373257,-1.4878912667193154,-0.1312020639074274,0.1312020639074274
Nc1n[nH]c2cccc(-c3ccc(NC(=O)Nc4cccc(Cl)c4)c(F)c3)c12,501.19,-2.7000023971422538,0,train,6.299997602857746,-2.5690660763612696,-0.13093632078098416,0.13093632078098416
O=C(Nc1cc2ccc(Oc3cccc(Cl)c3)cc2cn1)C1CC1,8.0,-0.9030899869919435,1,train,8.096910013008056,-0.7731092514425428,-0.12998073554940082,0.12998073554940082
O=C(Nc1nnc(CCc2ccccc2)s1)c1ccccc1I,1300.0,-3.113943352306837,0,train,5.886056647693163,-2.984506494223272,-0.12943685808356475,0.12943685808356475
CCCCNc1nc(SC)nc2c1cnn2CC(Br)c1ccccc1,320.0,-2.505149978319906,1,train,6.494850021680094,-2.6317229881225632,0.1265730098026574,0.1265730098026574
Cc1ccc(C(=O)NC2(CO)CCC2)cc1-c1ccc2cc(NC(=O)C3CC3)ncc2c1,0.586,0.23210238398190938,1,train,9.232102383981909,0.3578014843653715,-0.12569910038346221,0.12569910038346221
O=C(Nc1nnc(Cc2ccccc2)s1)c1cccs1,360.0,-2.5563025007672873,0,train,6.443697499232712,-2.6816112823971947,0.125308781629907,0.125308781629907
Cc1ccc(F)cc1-c1ccc2cc(/N=C3/NC(C)(C)CO3)ncc2c1,213.0,-2.3283796034387376,0,train,6.671620396561263,-2.2032624691961598,-0.12511713424257787,0.12511713424257787
O=C(Nc1cc2ccc(C3(O)CCCC3)nc2cn1)C1CC1,7.0,-0.8450980400142568,0,train,8.154901959985743,-0.9700727846002443,0.12497474458598745,0.12497474458598745
CCCNC(=O)c1ccc(Nc2nc(NCC(F)(F)F)c3cc[nH]c3n2)cc1,501.19,-2.7000023971422538,0,train,6.299997602857746,-2.824921524077378,0.12491912693512441,0.12491912693512441
Cc1cc(C)c2oc(Nc3ccc(-c4cccc(C(N)=O)c4N)cc3F)nc2c1,100.0,-2.0,0,train,7.0,-2.1241217859146855,0.12412178591468548,0.12412178591468548
N#Cc1ccccc1-c1ccc2cc(NC(=O)C3CC3)ncc2c1,0.173,0.7619538968712046,1,train,9.761953896871205,0.6391023375361652,0.12285155933503944,0.12285155933503944
Cc1cc(Nc2nc(Cl)cc(NCc3ccccc3)n2)n[nH]1,794.33,-2.9000009651534695,0,train,6.0999990348465305,-2.777270508251094,-0.12273045690237527,0.12273045690237527
O=C(Nc1cc2ccc(Sc3ccccc3)cc2cn1)C1CC1,13.0,-1.1139433523068367,1,train,7.886056647693163,-0.9925584811714298,-0.12138487113540697,0.12138487113540697
Cc1ccc(F)cc1-c1ccc2cc(NC(=O)CC(F)(F)F)ncc2c1,3.0,-0.47712125471966244,1,train,8.522878745280337,-0.5968798123675375,0.11975855764787513,0.11975855764787513
O=C1NN=Cc2c[nH]c3cc(NC(=O)C4CC4c4ccccc4)cc1c23,100.0,-2.0,0,train,7.0,-2.1192152932646953,0.11921529326469527,0.11921529326469527
O=C(Nc1cc2ccc(OC3CCC3)cc2cn1)C1CC1,7.0,-0.8450980400142568,0,train,8.154901959985743,-0.9628634436107555,0.11776540359649867,0.11776540359649867
O=C(Nc1cc2ccc(-c3cnccc3C(F)(F)F)cc2cn1)C1CC1,0.3,0.5228787452803376,0,train,9.522878745280337,0.4058583332147002,0.1170204120656374,0.1170204120656374
O=C(Nc1cc2ccc(-c3cncnc3)cc2cn1)C1CC1,4.0,-0.6020599913279624,1,train,8.397940008672037,-0.48523941777042146,-0.11682057355754094,0.11682057355754094
Clc1cccc(Nc2nc(SCCN3CCOCC3)nc3c2cnn3CC(Cl)c2ccccc2)c1,120.0,-2.0791812460476247,0,train,6.920818753952375,-2.1952331880014198,0.11605194195379509,0.11605194195379509
Cc1cccc(NC(=O)Nc2ccc(-c3csc4c(C#CCN)cnc(N)c34)cc2)c1,251.19,-2.400002345927956,0,train,6.599997654072045,-2.2840016924334217,-0.11600065349453414,0.11600065349453414
CCc1nc(Nc2ccc(N3CCOCC3)c(Cl)c2)nc2[nH]ccc12,1584.89,-3.1999991251967965,0,train,5.800000874803203,-3.084356705240572,-0.1156424199562247,0.1156424199562247
CN(C)CC(O)COc1ccc(Nc2nccc(Nc3cc(Cl)ccc3Cl)n2)cc1,199.53,-2.300008202553813,0,train,6.699991797446187,-2.414072146764778,0.11406394421096522,0.11406394421096522
CSc1nc(NCc2cccc(F)c2)c2cnn(CC(Cl)c3ccccc3)c2n1,320.0,-2.505149978319906,1,train,6.494850021680094,-2.3918226389489265,-0.11332733937097927,0.11332733937097927
CCS(=O)(=O)Nc1ccc(C)c(-c2ccc3cc(NC(=O)C4CC4)ncc3c2)c1,3.0,-0.47712125471966244,0,train,8.522878745280337,-0.36498818732056393,-0.11213306739909845,0.11213306739909845
CC(C)(C)Oc1ccc2cc(NC(=O)C3CC3)ncc2c1,13.0,-1.1139433523068367,1,train,7.886056647693163,-1.0020909686924833,-0.11185238361435346,0.11185238361435346
O=C(Nc1ncc(Cc2ccccc2F)s1)c1cccs1,170.0,-2.230448921378274,0,train,6.769551078621726,-2.342084019448638,0.11163509807036398,0.11163509807036398
Cc1ccc(F)cc1-c1ccc2cc(NC(=O)C3CC3c3ccccc3)ncc2c1,7.0,-0.8450980400142568,0,train,8.154901959985743,-0.7335680679207174,-0.11152997209353943,0.11152997209353943
Cc1cc(-c2cc(Cl)ccc2O)cc2nnc(Nc3ccc(S(=O)(=O)NCCN4CCCC4)cc3)nc12,3.2,-0.505149978319906,0,train,8.494850021680094,-0.6166244569767853,0.1114744786568792,0.1114744786568792
Cc1cc(-c2cc(Cl)ccc2O)cc2nnc(Nc3ccc(S(=O)(=O)C4CCNCC4)cc3)nc12,4.1,-0.6127838567197355,0,train,8.387216143280265,-0.7237317234195189,0.1109478666997834,0.1109478666997834
Cc1cnc(C)c(-c2ccc3cc(NC(=O)C4CC4)ncc3c2)c1,3.0,-0.47712125471966244,1,train,8.522878745280337,-0.36674334635645633,-0.11037790836320605,0.11037790836320605
COc1cc(Nc2ncc([N+](=O)[O-])c(Nc3ccccc3C(N)=O)n2)cc(OC)c1OC,125.89,-2.0999912335446846,0,train,6.900008766455315,-2.2091228748105025,0.10913164126581787,0.10913164126581787
O=C1Cc2c(cccc2-c2ccc3cc(NC(=O)C4CC4)ncc3c2)N1,0.6,0.2218487496163564,0,train,9.221848749616356,0.11311215559080169,0.1087365940255547,0.1087365940255547
COc1ccc(-c2ccc(NC(=O)Nc3cc(F)cc(F)c3)cc2)c2c(N)noc12,501.19,-2.7000023971422538,0,train,6.299997602857746,-2.592472878235613,-0.10752951890664075,0.10752951890664075
O=C1NCCc2[nH]c(-c3ccnc(C=Cc4ccccc4)c3)cc21,501.19,-2.7000023971422538,0,train,6.299997602857746,-2.8074981061275683,0.10749570898531458,0.10749570898531458
Cc1cccc(NC(=O)Nc2ccc(-c3csc4ncnc(N)c34)cc2)c1,158.49,-2.200001865406602,0,train,6.799998134593398,-2.092593828833066,-0.1074080365735357,0.1074080365735357
Cc1ccc(F)cc1-c1ccc2cc(NC(=O)c3cccc(F)c3)ncc2c1,58.0,-1.7634279935629373,0,train,7.236572006437063,-1.656497813536956,-0.1069301800259812,0.1069301800259812
CN(C)c1nc(N2CCOCC2)c2cnn(CC(Cl)c3ccccc3)c2n1,280.0,-2.4471580313422194,0,train,6.552841968657781,-2.5540736902585213,0.10691565891630184,0.10691565891630184
COc1ccc(NC(=O)Nc2ccc(-c3csc4c(-c5cnn(CC(C)(C)O)c5)cnc(N)c34)cc2)cc1,3.162,-0.4999618655961902,1,train,8.500038134403809,-0.3937927354449816,-0.1061691301512086,0.1061691301512086
COCC(=O)Nc1ccc(C)c(-c2ccc3cc(NC(=O)C4CC4)ncc3c2)c1,2.0,-0.3010299956639812,0,train,8.698970004336019,-0.19502651658535275,-0.10600347907862845,0.10600347907862845
CCc1c(-c2ccc(C(C)(C)O)cc2)[nH]c2nccnc12,1258.93,-3.100001582801352,0,train,5.899998417198648,-2.9943964922311523,-0.10560509057019951,0.10560509057019951
O=C(CCCCCC(=O)N1CCC[C@@H]1c1ccco1)Nc1cccc(Nc2nccc(Nc3cc(C4CC4)[nH]n3)n2)c1,730.0,-2.863322860120456,0,train,6.136677139879544,-2.7577563294035654,-0.10556653071689048,0.10556653071689048
CSc1cccc(CNc2ncc3cc(-c4c(Cl)cccc4Cl)c(=O)n(C)c3n2)c1,70.0,-1.845098040014257,1,train,7.154901959985743,-1.7399659451839,-0.1051320948303569,0.1051320948303569
O=C(Nc1cc2cnc(-c3ccccc3Cl)cc2cn1)C1CC1,0.3,0.5228787452803376,1,train,9.522878745280337,0.41879796458755636,0.10408078069278126,0.10408078069278126
COCCOC1CCC(n2nc(-c3ccc(Nc4nc5cc(C)cc(Cl)c5o4)cc3)c3c(N)ncnc32)CC1,501.19,-2.7000023971422538,0,train,6.299997602857746,-2.596122683899372,-0.1038797132428817,0.1038797132428817
Cc1ccc(C(=O)Nc2cnn(C)c2)cc1-c1ccc2cc(NC(=O)C3CC3)ncc2c1,0.6,0.2218487496163564,0,train,9.221848749616356,0.11823340486244488,0.10361534475391151,0.10361534475391151
CSc1nc(NCc2cccc(Br)c2)c2cnn(CC(Cl)c3ccccc3)c2n1,64.0,-1.806179973983887,1,train,7.1938200260161125,-1.90908124738296,0.10290127339907285,0.10290127339907285
Cc1ccc(C(=O)NC2(C)COC2)cc1-c1ccc2cc(NC(=O)[C@@H]3C[C@@H]3F)ncc2c1,10.0,-1.0,0,train,8.0,-0.8977285363035334,-0.10227146369646656,0.10227146369646656
COc1cc(-c2nn(C3CCC(N4CCN(C(C)=O)CC4)CC3)c3ncnc(N)c23)ccc1NC(=O)c1cc2ccccc2n1C,158.49,-2.200001865406602,0,train,6.799998134593398,-2.3018330381701784,0.10183117276357656,0.10183117276357656
Cc1ccc(F)cc1-c1ccc2cc(NC(=O)N(C)C)ncc2c1,3.0,-0.47712125471966244,1,train,8.522878745280337,-0.5787618744272646,0.10164061970760219,0.10164061970760219
O=C1NN(c2ccc(I)cc2)C(=O)/C1=C\c1cc2c(cc1Br)OCO2,2500.0,-3.3979400086720375,0,train,5.6020599913279625,-3.296499036192635,-0.10144097247940209,0.10144097247940209
Cc1cc(-c2cc(N)ccc2Cl)cc2nnc(Nc3ccc(S(=O)(=O)NCCN4CCCC4)cc3)nc12,16.0,-1.2041199826559248,1,train,7.795880017344075,-1.103127403016021,-0.10099257963990382,0.10099257963990382
O=C(Nc1nnc(SCc2ccc(F)cc2)s1)c1ccc(Cl)cc1,104.0,-2.0170333392987803,0,train,6.982966660701219,-2.117979669208403,0.10094632990962271,0.10094632990962271
Cc1ccncc1-c1ccc2cc(N)ncc2c1,36.0,-1.5563025007672873,0,train,7.443697499232712,-1.6560072545621671,0.09970475379487986,0.09970475379487986
Cc1ncnc(C)c1-c1ccc2cc(NC(=O)C3CC3)ncc2c1,2.0,-0.3010299956639812,1,train,8.698970004336019,-0.20133423983223633,-0.09969575583174486,0.09969575583174486
Cn1nc(N)c2c(-c3ccc(NC(=O)Nc4cccc(Cl)c4)cc3)cncc21,316.23,-2.500003068051693,0,train,6.499996931948306,-2.4004050968782455,-0.0995979711734476,0.0995979711734476
Cn1cc(-c2cc3nc(Br)cnc3[nH]2)c2cc(C#N)ccc21,794.33,-2.9000009651534695,0,train,6.0999990348465305,-2.8007718458254245,-0.09922911932804457,0.09922911932804457
COc1cc(N2CCC(N3CCN(C)CC3)CC2)ccc1Nc1ncc(Cl)c(Nc2ccccc2S(=O)(=O)C(C)C)n1,251.19,-2.400002345927956,0,train,6.599997654072045,-2.301302990909895,-0.0986993550180606,0.0986993550180606
O=C(Nc1cc2ccc(-c3ccncc3)cc2cn1)C1CC1,5.65,-0.7520484478194386,1,train,8.247951552180561,-0.8505650642425623,0.0985166164231237,0.0985166164231237
COc1ccc2[nH]cc(C=C3C(=O)Nc4ccccc43)c2c1,1258.93,-3.100001582801352,0,train,5.899998417198648,-3.0017881431703533,-0.0982134396309986,0.0982134396309986
Cc1cc(-c2cc(O)ccc2Cl)cc2nnc(Nc3ccc(S(=O)(=O)NCCN4CCCC4)cc3)nc12,3.2,-0.505149978319906,0,train,8.494850021680094,-0.6032937724800587,0.09814379416015262,0.09814379416015262
CN(C)c1nc(NCc2ccccc2)c2cnn(CC(Cl)c3ccccc3)c2n1,160.0,-2.2041199826559246,0,train,6.795880017344075,-2.3016202780210984,0.09750029536517335,0.09750029536517335
O=C(Nc1cc2ccc(-c3cnccc3CO)cc2cn1)C1CC1,0.4,0.3979400086720376,1,train,9.397940008672037,0.4953173143869087,-0.09737730571487108,0.09737730571487108
CC(C)Nc1ccc2cc(NC(=O)C3CC3)ncc2c1,0.7,0.1549019599857432,1,train,9.154901959985743,0.057715791931555877,0.09718616805418731,0.09718616805418731
COc1cccc(OC)c1CNc1nc(NC2CCCCC2)nc2ccc(Cl)cc12,398.11,-2.60000308662774,0,train,6.399996913372259,-2.5031407480956798,-0.09686233853206039,0.09686233853206039
COc1nc(-c2ccccc2Cl)cc2cnc(NC(=O)C3CC3)cc12,2.0,-0.3010299956639812,1,train,8.698970004336019,-0.20486602804384335,-0.09616396762013785,0.09616396762013785
N#Cc1cnc2cc(-c3ccc(CN4CCOCC4)cc3)ccc2c1N[C@@H]1C[C@H]1c1ccccc1,300.0,-2.4771212547196626,0,train,6.522878745280337,-2.573075020868822,0.0959537661491594,0.0959537661491594
CC(C)Oc1ccc(F)cc1-c1ccc2cc(NC(=O)C3CC3)ncc2c1,0.4,0.3979400086720376,0,train,9.397940008672037,0.30210986455578287,0.09583014411625473,0.09583014411625473
Nc1cncc(-c2ccc3cc(NC(=O)C4CC4)ncc3c2)c1,4.0,-0.6020599913279624,1,train,8.397940008672037,-0.5063289240826632,-0.09573106724529923,0.09573106724529923
Cc1ccc(F)cc1-c1cc2cnc(NC(=O)C3CC3)cc2c(S(C)(=O)=O)n1,0.3,0.5228787452803376,0,train,9.522878745280337,0.4275876064210701,0.09529113885926754,0.09529113885926754
O=C1Cc2c([nH]c3ccc(Br)cc23)-c2ncccc2N1,630.96,-2.800001827817969,0,train,6.199998172182031,-2.8950015892691017,0.09499976145113287,0.09499976145113287
CCSc1nc(NCCc2ccccc2)c2cnn(CC(Cl)c3ccccc3)c2n1,130.0,-2.113943352306837,1,train,6.886056647693163,-2.20870542443652,0.0947620721296829,0.0947620721296829
CC(C)Sc1nc(Nc2cccc(O)c2)c2cnn(CC(Cl)c3ccccc3)c2n1,120.0,-2.0791812460476247,0,train,6.920818753952375,-2.1731809465752034,0.09399970052757878,0.09399970052757878
Nc1ncnc2scc(-c3ccc(NC(=O)Nc4ccccc4)cc3)c12,251.19,-2.400002345927956,0,train,6.599997654072045,-2.306224196439277,-0.09377814948867869,0.09377814948867869
COCCNC(=O)c1ccc(C)c(-c2ccc3cc(NC(=O)C4CC4)ncc3c2)c1,1.0,-0.0,0,train,9.0,-0.09362168566850468,0.09362168566850468,0.09362168566850468
Cc1ccc(F)cc1-c1ccc2cc(NS(=O)(=O)C3CC3)ncc2c1,42.0,-1.6232492903979006,0,train,7.376750709602099,-1.5299919977986551,-0.09325729259924542,0.09325729259924542
O=c1[nH]c2cc(Br)cnc2[nH]1,15848.93,-4.199999947261554,0,train,4.800000052738446,-4.10855261264926,-0.09144733461229393,0.09144733461229393
ClC(Cn1ncc2c(NCCc3ccccc3)nc(SCCN3CCOCC3)nc21)c1ccccc1,270.0,-2.4313637641589874,0,train,6.568636235841012,-2.3399458153178294,-0.09141794884115839,0.09141794884115839
Cc1ccc(F)cc1-c1ccc2cc(NC(=O)C3CCN(C)CC3)ncc2c1,1.0,-0.0,1,train,9.0,-0.09124848421586011,0.09124848421586011,0.09124848421586011
Cc1cc(-c2c(Cl)cccc2Cl)cc2nnc(Nc3ccc(OCCN4CCCC4)cc3)nc12,19.7,-1.294466226161593,0,train,7.7055337738384075,-1.2033831106669366,-0.09108311549465631,0.09108311549465631
CN1CCN(c2ccc(C(=O)Nc3n[nH]c4ccc(Cc5cc(F)cc(F)c5)cc34)c(NC3CCOCC3)c2)CC1,316.23,-2.500003068051693,0,train,6.499996931948306,-2.590803980777473,0.09080091272578006,0.09080091272578006
Cc1cc(-c2cc(Cl)ccc2O)cc2nnc(Nc3ccc(S(=O)(=O)CCCN4CCCC4)cc3)nc12,8.85,-0.9469432706978255,1,train,8.053056729302174,-0.8572572297648758,-0.08968604093294974,0.08968604093294974
Cc1nc(N)ncc1-c1ccc2cc(NC(=O)C3CC3)ncc2c1,2.0,-0.3010299956639812,1,train,8.698970004336019,-0.2116197082677588,-0.0894102873962224,0.0894102873962224
Cc1cc(C)c(-c2ccc3cc(NC(=O)C4CC4)ncc3c2)cn1,0.7,0.1549019599857432,1,train,9.154901959985743,0.06557191947398207,0.08933004051176112,0.08933004051176112
Cn1cc(-c2cnc(N)c3c(-c4ccc(NC(=O)Nc5ccc(OC(F)F)cc5)cc4)csc23)cn1,2.512,-0.40001963506515853,0,train,8.599980364934842,-0.3132875398309423,-0.08673209523421616,0.08673209523421616
O=C(Nc1cc2ccc(-c3ccccn3)cc2cn1)C1CC1,2.0,-0.3010299956639812,1,train,8.698970004336019,-0.38668971343141867,0.08565971776743747,0.08565971776743747
Cc1ccc(NC(=O)c2cnn(C)c2)cc1-c1ccc2cc(NC(=O)C3CC3)ncc2c1,1.0,-0.0,0,train,9.0,0.0856060988590211,-0.0856060988590211,0.0856060988590211
CCCCNc1nc(SCCC)nc2c1cnn2CC(Cl)c1ccccc1,522.405,-2.718007324970727,0,train,6.281992675029273,-2.6330475758719665,-0.08495974909876036,0.08495974909876036
Cc1c(O)cncc1-c1ccc2cc(NC(=O)C3CC3)ncc2c1,0.04,1.3979400086720375,1,train,10.397940008672037,1.3134600062312487,0.08448000244078879,0.08448000244078879
CSc1nc(NCc2ccccc2Cl)c2cnn(CC(Cl)c3ccccc3)c2n1,89.5,-1.951823035315912,1,train,7.048176964684088,-2.03590139625131,0.08407836093539789,0.08407836093539789
CSc1nc(NCCc2ccccc2Cl)c2cnn(CC(Cl)c3ccccc3)c2n1,320.0,-2.505149978319906,1,train,6.494850021680094,-2.4244501294844243,-0.08069984883548154,0.08069984883548154
CSc1nc(Nc2ccccc2)c2cnn(CC(Cl)c3ccccc3)c2n1,400.0,-2.6020599913279625,1,train,6.3979400086720375,-2.5217101924407994,-0.08034979888716309,0.08034979888716309
Cn1cc(-c2ccc3cc(NC(=O)C4CC4)ncc3c2)cn1,3.0,-0.47712125471966244,1,train,8.522878745280337,-0.3968112519940074,-0.08031000272565497,0.08031000272565497
O=C(Nc1nnc(SCc2ccc([N+](=O)[O-])cc2)s1)c1ccc(F)cc1,210.0,-2.322219294733919,0,train,6.6777807052660805,-2.2419318448634424,-0.08028744987047665,0.08028744987047665
O=C(O)c1ccccc1Nc1ccnc(Nc2ccc([N+](=O)[O-])cc2)n1,794.33,-2.9000009651534695,0,train,6.0999990348465305,-2.81971921508557,-0.08028175006789917,0.08028175006789917
COc1ccc(F)cc1-c1ccc2cc(NC(=O)C3CC3)ncc2c1,0.6,0.2218487496163564,1,train,9.221848749616356,0.1418667966684975,0.0799819529478589,0.0799819529478589
Clc1ccc(C(Cl)Cn2ncc3c(NCc4ccccn4)ncnc32)cc1,1200.0,-3.0791812460476247,1,train,5.920818753952375,-2.999488315805378,-0.07969293024224688,0.07969293024224688
Cc1cccc(Cl)c1-c1ccc2cc(NC(=O)C3CC3)ncc2c1,0.158,0.8013429130455774,1,train,9.801342913045577,0.7217984992680332,0.07954441377754418,0.07954441377754418
Cc1cncc(C)c1-c1ccc2cc(NC(=O)C3CC3)ncc2c1,1.0,-0.0,1,train,9.0,0.07947786328423623,-0.07947786328423623,0.07947786328423623
O=C(Nc1ncc(-c2ccc(Cl)cc2)s1)c1cccs1,791.0,-2.8981764834976764,0,train,6.101823516502323,-2.818755451457457,-0.07942103204021933,0.07942103204021933
Cc1cc(N2CCOCC2)cc2[nH]c(-c3c(NCC(O)c4cccc(Cl)c4)cc[nH]c3=O)nc12,251.19,-2.400002345927956,0,train,6.599997654072045,-2.3206368788627425,-0.0793654670652133,0.0793654670652133
Cc1ccc(F)c(NC(=O)Nc2ccc(-c3c(F)ccc4[nH]nc(N)c34)cc2)c1,501.19,-2.7000023971422538,0,train,6.299997602857746,-2.6209319620040428,-0.07907043513821099,0.07907043513821099
COCCOc1cc2ncc(C#N)c(N[C@@H]3C[C@H]3c3ccccc3)c2cc1OC,390.0,-2.591064607026499,0,train,6.4089353929735005,-2.670028419226757,0.07896381220025805,0.07896381220025805
NC1CCC(Nc2nc(Cl)cc(-c3c[nH]c4ncccc34)n2)CC1,1584.89,-3.1999991251967965,0,train,5.800000874803203,-3.12164593503953,-0.07835319015726672,0.07835319015726672
COc1cc2ncc(C#N)c(N[C@@H]3C[C@H]3c3ccccc3)c2cc1OC,950.0,-2.9777236052888476,0,train,6.022276394711152,-2.8997388939599325,-0.0779847113289156,0.0779847113289156
Cc1ccc(F)cc1-c1cc2cnc(NC(=O)C3CC3)cc2c(OC2CCNCC2)n1,0.7,0.1549019599857432,1,train,9.154901959985743,0.07709570447496973,0.07780625551077346,0.07780625551077346
Cc1ccc(F)cc1-c1ccc2cc(NC(=O)C3CCNCC3)ncc2c1,2.0,-0.3010299956639812,1,train,8.698970004336019,-0.22340459161884507,-0.07762540404513613,0.07762540404513613
Cc1cc(-c2cc(O)ccc2Cl)cc2nnc(Nc3ccc(S(=O)(=O)C4CCNCC4)cc3)nc12,4.1,-0.6127838567197355,0,train,8.387216143280265,-0.6899057399439193,0.0771218832241839,0.0771218832241839
Cc1cc(-c2cc(Cl)ccc2O)cc2nnc(Nc3ccc(C(=O)N4CCNCC4)cc3)nc12,8.35,-0.921686475483602,0,train,8.078313524516398,-0.8448729662202872,-0.07681350926331487,0.07681350926331487
Cc1ccc(NC(=O)N2CCC2)cc1-c1ccc2cc(NC(=O)C3CC3)ncc2c1,0.3,0.5228787452803376,1,train,9.522878745280337,0.5992887022436009,-0.07640995696326325,0.07640995696326325
Cc1ccncc1-c1cc2cnc(NC(=O)C3CC3)cc2cn1,0.3,0.5228787452803376,1,train,9.522878745280337,0.5990176593222817,-0.07613891404194406,0.07613891404194406
Cc1ccc(F)cc1-c1ccc2cc(NC(=O)c3ccncc3)ncc2c1,7.0,-0.8450980400142568,1,train,8.154901959985743,-0.9212238159999209,0.07612577598566406,0.07612577598566406
COc1c(-c2nc3ccccc3[nH]2)c(O)cc2oc(C)cc(=O)c12,794.33,-2.9000009651534695,0,train,6.0999990348465305,-2.975292223865745,0.07529125871227604,0.07529125871227604
COc1cc(-c2ccc3c(c2)Nc2c(O)cccc2NC3=O)ccc1O,794.33,-2.9000009651534695,0,train,6.0999990348465305,-2.8248288768407024,-0.07517208831276667,0.07517208831276667
COCCOC1CCC(n2nc(-c3ccc(Nc4nc5cc(C)cc(C)c5o4)cc3)c3c(N)ncnc32)CC1,398.11,-2.60000308662774,0,train,6.399996913372259,-2.5251425331456216,-0.07486055348211851,0.07486055348211851
Cc1cc(N)ncc1-c1ccc2cc(NC(=O)C3CC3)ncc2c1,0.9,0.045757490560675115,1,train,9.045757490560675,0.11987967356132627,-0.07412218300065117,0.07412218300065117
ClC(Cn1ncc2c(Nc3ccccc3)nc(SCCN3CCOCC3)nc21)c1ccccc1,150.0,-2.1760912590556813,0,train,6.823908740944319,-2.250107817518235,0.07401655846255384,0.07401655846255384
Cc1ccc(C(=O)NC2CCOCC2)c(F)c1-c1ccc2cc(NC(=O)C3CC3)ncc2c1,1.0,-0.0,1,train,9.0,0.07395269201402675,-0.07395269201402675,0.07395269201402675
O=C(Nc1ncc(Cc2ccccc2)s1)c1cccs1,90.0,-1.954242509439325,0,train,7.045757490560675,-2.027199601290144,0.07295709185081889,0.07295709185081889
CSc1nc(Nc2cccc(O)c2)c2cnn(CC(Cl)c3ccccc3)c2n1,150.0,-2.1760912590556813,0,train,6.823908740944319,-2.2489876115571237,0.07289635250144233,0.07289635250144233
CSc1nc(NCc2ccccc2)c2cnn(CC(Cl)c3ccccc3)c2n1,260.0,-2.4149733479708178,1,train,6.585026652029182,-2.342326795495489,-0.07264655247532881,0.07264655247532881
CSc1nc(Nc2cccc(Br)c2)c2cnn(CC(Cl)c3ccc(F)cc3)c2n1,150.0,-2.1760912590556813,0,train,6.823908740944319,-2.103543424761346,-0.07254783429433553,0.07254783429433553
Cc1ccc(F)cc1-c1ccc2cc(NC(=O)OC(C)C)ncc2c1,5.0,-0.6989700043360189,1,train,8.301029995663981,-0.6269497233953382,-0.07202028094068069,0.07202028094068069
COc1cc(-c2ccc3c(c2)Nc2ccc(C(=O)NCCCN(C)C)cc2NC3=O)ccc1O,251.19,-2.400002345927956,0,train,6.599997654072045,-2.4690388065398112,0.06903646061185542,0.06903646061185542
Cn1c(=O)c(-c2c(Cl)cccc2Cl)cc2cnc(NCc3cccc(NC(=O)CN)c3)nc21,20.0,-1.3010299956639813,1,train,7.698970004336019,-1.2322545803868403,-0.06877541527714093,0.06877541527714093
O=c1c(NCc2cccc(C(F)(F)F)c2)c(Nc2ccncc2)c1=O,398.11,-2.60000308662774,0,train,6.399996913372259,-2.6679709878248867,0.06796790119714657,0.06796790119714657
CSc1nc(Nc2cccc(F)c2)c2cnn(CC(Cl)c3ccccc3)c2n1,400.0,-2.6020599913279625,0,train,6.3979400086720375,-2.5343286125242606,-0.06773137880370195,0.06773137880370195
Clc1ccc(C(Cl)Cn2ncc3c(NCc4ccncc4)ncnc32)cc1,660.0,-2.8195439355418688,1,train,6.180456064458131,-2.886379205295256,0.06683526975338738,0.06683526975338738
OCCNc1nc(NCCc2ccccc2)c2cnn(/C=C\c3ccccc3)c2n1,220.0,-2.342422680822206,0,train,6.657577319177793,-2.409002321125204,0.06657964030299768,0.06657964030299768
Clc1cccc(Nc2nc(N3CCOCC3)nc3c2cnn3CC(Cl)c2ccccc2)c1,390.0,-2.591064607026499,0,train,6.4089353929735005,-2.524714373060579,-0.06635023396591988,0.06635023396591988
O=C(Nc1cc2ccc(-c3cccc(CO)c3)cc2cn1)C1CC1,2.0,-0.3010299956639812,1,train,8.698970004336019,-0.23524317510143106,-0.06578682056255014,0.06578682056255014
Nc1ncnc2c1C(=O)Nc1ccccc1N2,1995.26,-3.2999994961169836,0,train,5.700000503883016,-3.3647917521134185,0.06479225599643446,0.06479225599643446
Cc1nc(N)sc1-c1ccnc(Nc2ccc(N3CCOCC3)cc2)n1,630.96,-2.800001827817969,0,train,6.199998172182031,-2.735528694751338,-0.0644731330666306,0.0644731330666306
Cc1ccnc2[nH]c3cc(C(C)C)ccc3c(=O)c12,251.19,-2.400002345927956,0,train,6.599997654072045,-2.46388961775234,0.06388727182438414,0.06388727182438414
O=C(NN=Cc1cc(Br)c(O)c(Br)c1)Nc1ccccc1,630.96,-2.800001827817969,0,train,6.199998172182031,-2.7367853320140783,-0.06321649580389055,0.06321649580389055
Cc1ccc(C)c(-c2ccc3cc(NC(=O)C4CC4)ncc3c2)c1,2.0,-0.3010299956639812,1,train,8.698970004336019,-0.24053898268580468,-0.06049101297817652,0.06049101297817652
Cc1nc(Cl)ncc1-c1ccc2cc(NC(=O)C3CC3)ncc2c1,0.789,0.10292299679057967,1,train,9.10292299679058,0.16337083640876668,-0.060447839618187074,0.060447839618187074
Cc1c(Cl)cccc1-c1ccc2cc(NC(=O)C3CC3)ncc2c1,1.0,-0.0,1,train,9.0,0.059292314153897616,-0.059292314153897616,0.059292314153897616
O=C(Nc1ncc(Cc2ccccc2Cl)s1)c1cccs1,245.0,-2.3891660843645326,0,train,6.610833915635467,-2.4473427894045288,0.05817670503999617,0.05817670503999617
Nc1ccc(-c2ccc3cc(NC(=O)C4CC4)ncc3c2)cn1,1.0,-0.0,1,train,9.0,-0.057950015690971114,0.057950015690971114,0.057950015690971114
COc1ccc(-c2ccc(NC(=O)Nc3ccc(OC(F)(F)F)cc3)cc2)c2c(N)noc12,199.53,-2.300008202553813,0,train,6.699991797446187,-2.357058166844973,0.05704996429115994,0.05704996429115994
O=C(Nc1cc2cnc(-c3cc(F)ccc3Cl)cc2cn1)C1CC1,0.4,0.3979400086720376,1,train,9.397940008672037,0.45398496801005533,-0.05604495933801773,0.05604495933801773
Cn1c(=O)c(-c2c(F)cccc2F)cc2cnc(NCc3cccc(N)c3)nc21,40.0,-1.6020599913279623,1,train,7.3979400086720375,-1.6574497723837485,0.05538978105578596,0.05538978105578596
Cc1ccc(F)cc1-c1cc2cnc(NC(=O)C3CC3)cc2c(C)[n+]1[O-],0.3,0.5228787452803376,0,train,9.522878745280337,0.47167328756288673,0.051205457717450886,0.051205457717450886
Cc1cnc(Nc2cccc(S(N)(=O)=O)c2)nc1Nc1ccc(OCC(N)=O)cc1,199.53,-2.300008202553813,0,train,6.699991797446187,-2.249473869082418,-0.0505343334713948,0.0505343334713948
Cc1cccc(C)c1-c1ccc2cc(NC(=O)C3CC3)ncc2c1,0.204,0.6903698325741012,1,train,9.6903698325741,0.6401672067747257,0.05020262579937551,0.05020262579937551
Cc1ccc(NC(=O)c2ccc(CN3CCN(C)CC3)c(Cl)c2)cc1-c1ccc2cc(NC(=O)C3CC3)ncc2c1,0.7,0.1549019599857432,0,train,9.154901959985743,0.20409182485525967,-0.049189864869516486,0.049189864869516486
CC(C)(CO)Oc1ccc2cc(NC(=O)C3CC3)ncc2c1,11.0,-1.0413926851582251,0,train,7.958607314841775,-0.9928183913374423,-0.04857429382078282,0.04857429382078282
Cc1ccc(F)cc1-c1ccc2cc(Nc3cccc(=O)[nH]3)ncc2c1,21.0,-1.3222192947339193,0,train,7.6777807052660805,-1.3693073221150434,0.047088027381124054,0.047088027381124054
O=C(Nc1nnc(CCc2ccccc2)s1)c1ccc(I)cc1,400.0,-2.6020599913279625,0,train,6.3979400086720375,-2.6490650089656134,0.04700501763765086,0.04700501763765086
O=C(Nc1cc2ccc(Oc3cccc(F)c3)cc2cn1)C1CC1,5.0,-0.6989700043360189,0,train,8.301029995663981,-0.7448831746868652,0.0459131703508463,0.0459131703508463
Nc1ncc(-c2ccncc2)c2scc(-c3ccc(NC(=O)Nc4cc(C(F)(F)F)ccc4F)cc3)c12,10.0,-1.0,0,train,8.0,-0.9541733079380605,-0.045826692061939456,0.045826692061939456
Cc1ccc(NC(=O)c2cccc(C(F)(F)F)c2)cc1-c1ccc2cc(NC(=O)C3CC3)ncc2c1,2.0,-0.3010299956639812,0,train,8.698970004336019,-0.2565458894379107,-0.04448410622607052,0.04448410622607052
Cn1nccc1-c1ccc2cc(NC(=O)C3CC3)ncc2c1,2.0,-0.3010299956639812,1,train,8.698970004336019,-0.3452485587578207,0.04421856309383948,0.04421856309383948
Cc1ccc(C(=O)NC2CCOCC2)cc1-c1ccc2cc(NC(=O)C3CC3)ncc2c1,0.8,0.09691001300805639,1,train,9.096910013008056,0.14100588226463326,-0.044095869256576964,0.044095869256576964
O=C(Nc1cc2ccc(-c3c(Cl)cccc3Cl)nc2cn1)C1CC1,15.0,-1.1760912590556813,1,train,7.823908740944319,-1.132183054982294,-0.043908204073387136,0.043908204073387136
Cc1ccc(Cl)cc1-c1ccc2cc(NC(=O)C3CC3)ncc2c1,0.671,0.17327747983100789,1,train,9.173277479831007,0.12972559958879645,0.04355188024221135,0.04355188024221135
Cc1cccc(NC(=O)Nc2ccc(-c3csc4c(C#CCN(C)C)cnc(N)c34)cc2)c1,158.49,-2.200001865406602,0,train,6.799998134593398,-2.2430013575291228,0.042999492122520966,0.042999492122520966
N#Cc1ccc(O)cc1-c1ccc2cc(NC(=O)C3CC3)ncc2c1,0.2,0.6989700043360187,1,train,9.698970004336019,0.741848861567177,-0.04287885723115825,0.04287885723115825
Nc1ncc(-c2ccoc2)c2scc(-c3ccc(NC(=O)Nc4cccc(F)c4)cc3)c12,31.62,-1.4999618655961902,1,train,7.50003813440381,-1.5426654472915593,0.04270358169536914,0.04270358169536914
CCN(CC)c1nc(SC)nc2c1cnn2CC(Cl)c1ccc(Cl)cc1,300.0,-2.4771212547196626,0,train,6.522878745280337,-2.519532686232024,0.042411431512361375,0.042411431512361375
Cc1ccc(C(C)O)cc1-c1ccc2cc(NC(=O)C3CC3)ncc2c1,1.0,-0.0,1,train,9.0,0.04229325963397071,-0.04229325963397071,0.04229325963397071
O=C(Nc1nnc(SCc2cccc(F)c2)s1)c1ccc(Cl)cc1,217.0,-2.3364597338485296,0,train,6.66354026615147,-2.294318215172489,-0.04214151867604077,0.04214151867604077
Cc1cc(F)c(F)cc1-c1ccc2cc(NC(=O)C3CC3)ncc2c1,0.5,0.3010299956639812,1,train,9.301029995663981,0.25917738166761184,0.04185261399636936,0.04185261399636936
COc1ccccc1-c1ccnc(Nc2cccc(S(C)(=O)=O)c2)n1,501.19,-2.7000023971422538,0,train,6.299997602857746,-2.6584265895814045,-0.04157580756084922,0.04157580756084922
Cc1ccc(C(N)=O)cc1-c1ccc2cc(NC(=O)C3CC3)ncc2c1,0.9,0.045757490560675115,1,train,9.045757490560675,0.004636242157379667,0.04112124840329544,0.04112124840329544
Cc1nc(Nc2ncc(C(=O)Nc3c(C)cccc3Cl)s2)cc(N2CCN(CCOCCOCCNC(=O)CS(=O)(=O)O)CC2)n1,0.49,0.3098039199714863,0,train,9.309803919971486,0.2691458438416218,0.040658076129864495,0.040658076129864495
COc1ccc2cc(-c3nn(C(C)C)c4ncnc(N)c34)ccc2c1,750.0,-2.8750612633917,0,train,6.1249387366083,-2.8349943959080988,-0.04006686748360133,0.04006686748360133
Cc1ccc(CO)cc1-c1cc2cnc(NC(=O)C3CC3)cc2cn1,0.1,1.0,1,train,10.0,0.9601954546946305,0.039804545305369476,0.039804545305369476
O=C(Nc1cc2ccc(C3(O)CCCCC3)nc2cn1)C1CC1,13.0,-1.1139433523068367,0,train,7.886056647693163,-1.074143021735001,-0.03980033057183574,0.03980033057183574
O=C1NN(c2ccc(Cl)c(Cl)c2)C(=O)/C1=C\c1cccc(OCc2ccccc2)c1,1000.0,-3.0,0,train,6.0,-2.9609421698370912,-0.03905783016290876,0.03905783016290876
CNC(=O)C(C)n1cc(-c2cnc(N)c3c(-c4ccc(NC(=O)Nc5ccc(C)cc5)cc4)csc23)cn1,3.981,-0.599992177584098,0,train,8.400007822415901,-0.6389687922150351,0.038976614630937156,0.038976614630937156
O=C(Nc1nnc(SCc2ccc(Br)cc2)s1)c1ccccc1Cl,225.0,-2.3521825181113627,0,train,6.647817481888637,-2.313868786201016,-0.03831373191034659,0.03831373191034659
Cn1c(=O)c(-c2ccccc2Br)cc2cnc(NCc3cccc(N)c3)nc21,40.0,-1.6020599913279623,1,train,7.3979400086720375,-1.6399201802582168,0.037860188930254335,0.037860188930254335
Cc1nc(Nc2ncc(C(=O)Nc3c(C)cccc3Cl)s2)cc(N2CCN(CCOCCOCCNC(=O)C3C(C(=O)O)C(C(=O)O)C3C(=O)O)CC2)n1,0.507,0.294992040666664,0,train,9.294992040666664,0.2575717905505605,0.037420250116103504,0.037420250116103504
Cc1ccc(C(=O)NC2COC2)c(F)c1-c1ccc2cc(NC(=O)C3CC3)ncc2c1,1.0,-0.0,0,train,9.0,0.03707064422659345,-0.03707064422659345,0.03707064422659345
Nc1nnc2cncc(Cl)n12,25118.86,-4.399999925393822,0,train,4.600000074606178,-4.362989977759661,-0.037009947634161655,0.037009947634161655
CSc1nc(NCCc2ccccc2)c2cnn(CC(Br)c3ccccc3)c2n1,270.0,-2.4313637641589874,1,train,6.568636235841012,-2.467897571837091,0.03653380767810299,0.03653380767810299
CSc1nc(NCCc2cccc(Cl)c2)c2cnn(CC(Cl)c3ccccc3)c2n1,200.0,-2.3010299956639813,1,train,6.698970004336019,-2.3374822451325805,0.03645224946859926,0.03645224946859926
CSc1nc(NCc2ccc(F)cc2)c2cnn(CC(Cl)c3ccc(F)cc3)c2n1,220.0,-2.342422680822206,0,train,6.657577319177793,-2.3069070738891035,-0.03551560693310263,0.03551560693310263
Cc1c(F)cncc1-c1cc2cnc(NC(=O)[C@@H]3C[C@@H]3F)cc2cn1,0.168,0.7746907182741372,0,train,9.774690718274137,0.7392814421558923,0.03540927611824485,0.03540927611824485
COc1cc(SC)ccc1C(=O)Nc1nnc(CCc2ccccc2)s1,2000.0,-3.3010299956639813,0,train,5.698970004336019,-3.266177124683602,-0.03485287098037926,0.03485287098037926
ON=C(c1nc2ccccc2[nH]1)c1nc2ccccc2[nH]1,1258.93,-3.100001582801352,0,train,5.899998417198648,-3.1348273279008705,0.034825745099518635,0.034825745099518635
CSc1nc(NCc2ccccc2)c2cnn(CC(Cl)c3ccc(F)cc3)c2n1,250.0,-2.3979400086720375,1,train,6.6020599913279625,-2.3635670871719916,-0.03437292150004545,0.03437292150004545
CCN1CCC(C(=O)Nc2cc3ccc(-c4cc(F)ccc4C)cc3cn2)CC1,2.0,-0.3010299956639812,1,train,8.698970004336019,-0.2668165015957932,-0.03421349406818802,0.03421349406818802
Cc1cccc(NC(=O)Nc2ccc(-c3csc4c(C#CCCCCCCCCN)cnc(N)c34)cc2)c1,125.89,-2.0999912335446846,0,train,6.900008766455315,-2.133994772454974,0.03400353891028951,0.03400353891028951
Cc1ncc(C(=O)NC2CCC2)cc1-c1ccc2cc(N)ncc2c1,24.0,-1.380211241711606,0,train,7.619788758288394,-1.4139433949658757,0.033732153254269814,0.033732153254269814
CCCNc1nc(S(C)(=O)=O)nc2c1cnn2/C=C\c1ccccc1,720.0,-2.8573324964312685,0,train,6.142667503568731,-2.8910347544150685,0.0337022579838,0.0337022579838
O=C(Nc1cc2ccc(-c3cc(F)ccc3F)cc2cn1)C1CC1,0.349,0.45717457304082015,1,train,9.45717457304082,0.4235761610114356,0.03359841202938452,0.03359841202938452
Cc1ccc(Nc2nc3ccc([N+](=O)[O-])cc3[nH]2)nc1,794.33,-2.9000009651534695,0,train,6.0999990348465305,-2.8665453603929607,-0.03345560476050835,0.03345560476050835
CCCSc1nc(N(CC)CC)c2cnn(CC(Cl)c3ccccc3)c2n1,280.0,-2.4471580313422194,0,train,6.552841968657781,-2.48033669251393,0.033178661171710644,0.033178661171710644
Cc1cc(C(=O)Nc2ccc(C)c(-c3ccc4cc(NC(=O)C5CC5)ncc4c3)c2)ccn1,0.8,0.09691001300805639,0,train,9.096910013008056,0.06435199840035369,0.03255801460770261,0.03255801460770261
CN(C)c1c(NC(=O)c2c(F)cccc2F)cccc1-c1nc2sccn2c1-c1ccnc(Nc2cccc(N3CCOCC3)c2)n1,501.19,-2.7000023971422538,0,train,6.299997602857746,-2.66752574981814,-0.032476647324113816,0.032476647324113816
CCN(CC)c1nc(SC)nc2c1cnn2CC(Cl)c1ccccc1,400.0,-2.6020599913279625,0,train,6.3979400086720375,-2.5697730099705542,-0.03228698135740826,0.03228698135740826
CC(C)S(=O)(=O)n1c(N)nc2ccc(-c3c(-c4ccc(F)cc4)nc4sccn34)cc21,501.19,-2.7000023971422538,0,train,6.299997602857746,-2.7316962190262997,0.0316938218840459,0.0316938218840459
N#Cc1ncc(F)cc1-c1ccc2cc(NC(=O)C3CC3)ncc2c1,0.9,0.045757490560675115,1,train,9.045757490560675,0.076975318111287,-0.031217827550611893,0.031217827550611893
CSc1nc(NCCc2ccccc2)c2cnn(CC(Cl)c3ccc(F)cc3)c2n1,200.0,-2.3010299956639813,1,train,6.698970004336019,-2.3307271971379198,0.029697201473938506,0.029697201473938506
OC1CCC(Nc2nc(Cl)cc(-c3c[nH]c4ncccc34)n2)CC1,630.96,-2.800001827817969,0,train,6.199998172182031,-2.829675440558716,0.029673612740747313,0.029673612740747313
ClC(Cn1ncc2c(Nc3cccc(Br)c3)nc(SCCN3CCOCC3)nc21)c1ccccc1,120.0,-2.0791812460476247,0,train,6.920818753952375,-2.0497345315847544,-0.029446714462870283,0.029446714462870283
Cc1ccc(F)cc1-c1ccc2cc(NC(C)C(F)(F)F)ncc2c1,42.0,-1.6232492903979006,1,train,7.376750709602099,-1.5940040142495868,-0.029245276148313737,0.029245276148313737
O=C(Nc1ncc(Cc2cccc(Cl)c2)s1)c1cccs1,97.0,-1.9867717342662448,0,train,7.013228265733755,-1.9578097342294327,-0.02896200003681204,0.02896200003681204
Cc1ccc(NC(=O)N2CCOCC2)cc1-c1ccc2cc(NC(=O)C3CC3)ncc2c1,0.4,0.3979400086720376,1,train,9.397940008672037,0.3690503626868081,0.02888964598522953,0.02888964598522953
Cc1c(F)cc(C(=O)NC2COC2)cc1-c1ccc2cc(NC(=O)C3CC3)ncc2c1,1.0,-0.0,0,train,9.0,0.028776936055301815,-0.028776936055301815,0.028776936055301815
Nc1ncnc2c1N=C(c1ccccc1)CCN2,3981.07,-3.59999981394342,0,train,5.40000018605658,-3.572030850707662,-0.02796896323575826,0.02796896323575826
O=C(Nc1cc2ccc(Oc3ccccc3Cl)cc2cn1)C1CC1,5.0,-0.6989700043360189,1,train,8.301029995663981,-0.7259188274976808,0.026948823161661917,0.026948823161661917
CNC1CC2OC(C)(C1OC)n1c3ccccc3c3c4c(c5c6ccccc6n2c5c31)C(=O)NC4,100.0,-2.0,0,train,7.0,-2.0268407570069296,0.02684075700692956,0.02684075700692956
Cc1cc(Nc2cc(N3CCN(C)CC3)nc(C=Cc3ccccc3)n2)n[nH]1,199.53,-2.300008202553813,0,train,6.699991797446187,-2.273240062761914,-0.02676813979189907,0.02676813979189907
N#Cc1ccc(F)cc1-c1ccc2cc(NC(=O)C3CC3)ncc2c1,0.2,0.6989700043360187,1,train,9.698970004336019,0.6724085595966899,0.026561444739328866,0.026561444739328866
Cc1ccncc1-c1ccc2cc(NC(=O)C3C4COCC43)ncc2c1,0.4,0.3979400086720376,0,train,9.397940008672037,0.3722692206539484,0.025670788018089197,0.025670788018089197
CCc1c(-c2ccc(C(C)=O)cc2)[nH]c2nccnc12,1995.26,-3.2999994961169836,0,train,5.700000503883016,-3.2744037875659098,-0.025595708551074292,0.025595708551074292
Fc1ccc(C(Cl)Cn2ncc3c(NCc4cccc(Cl)c4)ncnc32)cc1,120.0,-2.0791812460476247,0,train,6.920818753952375,-2.1043597797925897,0.025178533744965037,0.025178533744965037
Cc1ccc(C(=O)NC2COC2)cc1-c1ccc2cc(NC(=O)C3CC3)ncc2c1,1.0,-0.0,1,train,9.0,0.025085549922700984,-0.025085549922700984,0.025085549922700984
O=C(Nc1nnc(SCc2cccc(F)c2)s1)c1ccccc1Cl,272.0,-2.4345689040341987,0,train,6.565431095965801,-2.4591719089333814,0.024603004899182768,0.024603004899182768
O=C(Nc1cc2ccc(OC(F)F)cc2cn1)C1CC1,4.0,-0.6020599913279624,0,train,8.397940008672037,-0.6262652434310273,0.0242052521030649,0.0242052521030649
CC(C)=Cc1ccc2cc(NC(=O)C3CC3)ncc2c1,3.0,-0.47712125471966244,0,train,8.522878745280337,-0.45294130937746013,-0.024179945342202247,0.024179945342202247
Cc1ccc(NC(=O)c2ccc(CN3CCN(C)CC3)cc2)cc1-c1ccc2cc(NC(=O)C3CC3)ncc2c1,0.3,0.5228787452803376,1,train,9.522878745280337,0.4992323797576094,0.023646365522728197,0.023646365522728197
CCCCNc1nc(SCC)nc2c1cnn2CC(Cl)c1ccccc1,320.0,-2.505149978319906,1,train,6.494850021680094,-2.4815391076749025,-0.023610870645003335,0.023610870645003335
CC(C)[S+](O)c1ccc2cc(NC(=O)C3CC3)ncc2c1,1.0,-0.0,0,train,9.0,-0.022953619325749745,0.022953619325749745,0.022953619325749745
Cc1ccc(NC(=O)C2CCOC2)cc1-c1ccc2cc(NC(=O)C3CC3)ncc2c1,0.7000000000000001,0.15490195998574313,1,train,9.154901959985743,0.17769111853535668,-0.02278915854961358,0.02278915854961358
Cc1ccc(C(=O)NC2(C)COC2)c(F)c1-c1ccc2cc(N)ncc2c1,41.6,-1.6190933306267428,0,train,7.380906669373257,-1.6417154679344563,0.022622137307713563,0.022622137307713563
Cc1ccc(N(C)C)cc1-c1ccc2cc(NC(=O)C3CC3)ncc2c1,1.0,-0.0,1,train,9.0,-0.022150182887204748,0.022150182887204748,0.022150182887204748
Cc1nccnc1-c1ccc2cc(NC(=O)C3CC3)ncc2c1,1.0,-0.0,1,train,9.0,-0.021992511941985492,0.021992511941985492,0.021992511941985492
Cc1cc2cc(NC(=O)C3CC3)ncc2nc1-c1cc(F)ccc1Cl,17.0,-1.2304489213782739,1,train,7.769551078621726,-1.2088529423371879,-0.021595979041086233,0.021595979041086233
Cc1ccc(F)cc1-c1ccc2cc(NS(C)(=O)=O)ncc2c1,27.0,-1.4313637641589874,0,train,7.568636235841012,-1.4527768364488738,0.021413072289886426,0.021413072289886426
CSc1nc(NCCc2cccc(F)c2)c2cnn(CC(Cl)c3ccccc3)c2n1,230.0,-2.361727836017593,1,train,6.638272163982407,-2.3829357358336676,0.021207899816074516,0.021207899816074516
CCCNc1nc(SCCN2CCOCC2)nc2c1cnn2CC(Cl)c1ccccc1,340.0,-2.531478917042255,0,train,6.468521082957745,-2.551759238202907,0.020280321160651926,0.020280321160651926
N#Cc1cnc2ccc(-c3ccc(CN)cc3)cc2c1N[C@@H]1C[C@H]1c1ccccc1,770.0,-2.886490725172482,0,train,6.113509274827518,-2.866634473703414,-0.019856251469067665,0.019856251469067665
O=C(Nc1cc2c(Cl)nc(-c3ccccc3Cl)cc2cn1)C1CC1,0.8,0.09691001300805639,0,train,9.096910013008056,0.11668676683234247,-0.019776753824286175,0.019776753824286175
Cc1cc(Cl)ccc1-c1ccc2cc(NC(=O)C3CC3)ncc2c1,1.0,-0.0,1,train,9.0,-0.019449224472580115,0.019449224472580115,0.019449224472580115
O=C(Nc1cc2ccc(-c3cc(CO)ccc3Cl)cc2cn1)C1CC1,0.2,0.6989700043360187,1,train,9.698970004336019,0.6795713303517573,0.019398673984261428,0.019398673984261428
Cn1c(=O)c(-c2c(Cl)cccc2Cl)cc2cnc(NCc3cccc(C(=O)CCCC[C@@H]4SC[C@@H]5NC(=O)N[C@@H]54)c3)nc21,20.0,-1.3010299956639813,0,train,7.698970004336019,-1.3195368882682024,0.018506892604221115,0.018506892604221115
CC(C)S(=O)(=O)c1ccc2cc(NC(=O)C3CC3)ncc2c1,1.0,-0.0,0,train,9.0,-0.018150427037799337,0.018150427037799337,0.018150427037799337
CCCSc1nc(Nc2cccc(Cl)c2)c2cnn(CC(Cl)c3ccccc3)c2n1,150.0,-2.1760912590556813,0,train,6.823908740944319,-2.1936125295810034,0.01752127052532204,0.01752127052532204
Cc1nc(Nc2ncc(C(=O)Nc3c(C)cccc3Cl)s2)cc(N2CCN(CCOCCOCCNC(=O)OC(C)(C)C)CC2)n1,0.418,0.3788237182249648,0,train,9.378823718224965,0.3620314754138492,0.016792242811115576,0.016792242811115576
Cc1ccc(NC(=O)c2ccc(C3CCN(C)C3)cc2)cc1-c1ccc2cc(NC(=O)C3CC3)ncc2c1,0.7,0.1549019599857432,0,train,9.154901959985743,0.17157080236537703,-0.01666884237963384,0.01666884237963384
Nc1ncc(-c2cnn(CCO)c2)c2scc(-c3ccc(NC(=O)Nc4cccc(F)c4)cc3)c12,3.162,-0.4999618655961902,0,train,8.500038134403809,-0.5164140273508174,0.016452161754627215,0.016452161754627215
Oc1cccc(Nc2nc(SC3CCCC3)nc3c2cnn3CC(Cl)c2ccccc2)c1,150.0,-2.1760912590556813,0,train,6.823908740944319,-2.192237725114526,0.016146466058844844,0.016146466058844844
CNCC#Cc1cnc(N)c2c(-c3ccc(NC(=O)Nc4cccc(C)c4)cc3)csc12,158.49,-2.200001865406602,1,train,6.799998134593398,-2.2159994116146553,0.015997546208053492,0.015997546208053492
Nc1nc(Nc2ccc(S(N)(=O)=O)cc2)nn1C(=O)c1c(F)cccc1F,398.11,-2.60000308662774,0,train,6.399996913372259,-2.6157483296671287,0.015745243039388512,0.015745243039388512
O=C(Nc1cc2ccc(OCCO)cc2cn1)C1CC1,6.0,-0.7781512503836436,0,train,8.221848749616356,-0.7627321011652078,-0.01541914921843579,0.01541914921843579
CC(C)Cc1ccc2cc(NC(=O)C3CC3)ncc2c1,1.0,-0.0,1,train,9.0,-0.014976290551424075,0.014976290551424075,0.014976290551424075
CN1CCN(Cc2ccc(C(=O)Nc3ccc(F)c(-c4ccc5cc(NC(=O)C6CC6)ncc5c4)c3)cc2)CC1,0.5,0.3010299956639812,1,train,9.301029995663981,0.3151602152687179,-0.014130219604736705,0.014130219604736705
Cn1nc(N)c2c(-c3ccc(NC(=O)Nc4ccc(F)c(C(F)(F)F)c4)cc3)ccnc21,199.53,-2.300008202553813,0,train,6.699991797446187,-2.286743168127843,-0.013265034425969713,0.013265034425969713
ClC(Cn1ncc2c(Nc3ccccc3)ncnc21)c1ccc(Br)cc1,610.0,-2.785329835010767,0,train,6.214670164989233,-2.79842733348997,0.01309749847920294,0.01309749847920294
Nc1ncc(-c2cnn(CCO)c2)c2scc(-c3ccc(NC(=O)Nc4ccc(OC(F)F)cc4)cc3)c12,1.585,-0.2000292665537703,0,train,8.79997073344623,-0.21280961095874595,0.012780344404975663,0.012780344404975663
O=C(Nc1cc2ccc(-c3ccccc3F)cc2cn1)C1CC1,0.545,0.2636034977233575,1,train,9.263603497723357,0.27603992949391576,-0.012436431770558254,0.012436431770558254
CCOc1ccc2cc(NC(=O)C3CC3)ncc2c1,7.0,-0.8450980400142568,0,train,8.154901959985743,-0.8574695388063002,0.012371498792043356,0.012371498792043356
CN1CCN(Cc2ccc(C(=O)Nc3ccc(Cl)c(-c4ccc5cc(NC(=O)C6CC6)ncc5c4)c3)cc2)CC1,0.4,0.3979400086720376,1,train,9.397940008672037,0.3855907817927502,0.012349226879287412,0.012349226879287412
CN1c2ccc(N)cc2C(c2ccccc2)c2cc(N)ccc21,630.96,-2.800001827817969,0,train,6.199998172182031,-2.8123294213201344,0.012327593502165612,0.012327593502165612
Cc1c(CO)cncc1-c1ccc2cc(NC(=O)C3CC3)ncc2c1,0.2,0.6989700043360187,1,train,9.698970004336019,0.6870066579121662,0.01196334642385255,0.01196334642385255
Cc1ccc(F)cc1-c1ccc2cc(NCC3CC3)ncc2c1,42.0,-1.6232492903979006,1,train,7.376750709602099,-1.6113227110129589,-0.011926579384941682,0.011926579384941682
Cc1ccc(NC(=O)C2COCCO2)cc1-c1ccc2cc(NC(=O)C3CC3)ncc2c1,0.55,0.2596373105057561,1,train,9.259637310505756,0.2478591227090125,0.011778187796743611,0.011778187796743611
Cc1ccc(NC(=O)N2CCOC(CO)C2)cc1-c1ccc2cc(NC(=O)C3CC3)ncc2c1,0.5,0.3010299956639812,1,train,9.301029995663981,0.31241872320389186,-0.011388727539910659,0.011388727539910659
Nc1n[nH]c2cccc(-c3ccc(NC(=O)Nc4cccc(F)c4)cc3)c12,316.23,-2.500003068051693,0,train,6.499996931948306,-2.4890145918604007,-0.010988476191292396,0.010988476191292396
COc1ccc(CSc2nnc(NC(=O)c3ccc(Cl)cc3)s2)cc1,189.0,-2.2764618041732443,0,train,6.723538195826755,-2.286995696918958,0.010533892745713924,0.010533892745713924
CCSc1nc(N(CC)CC)c2cnn(CC(Cl)c3ccccc3)c2n1,330.0,-2.5185139398778875,0,train,6.481486060122112,-2.5081499667121783,-0.01036397316570925,0.01036397316570925
O=C(Nc1nnc(SCc2cccc(F)c2)s1)c1ccc(F)cc1,167.0,-2.2227164711475833,0,train,6.777283528852417,-2.2124688184409136,-0.010247652706670163,0.010247652706670163
Cc1ccc(F)cc1-c1ccc2cc(NC(=O)c3ccccc3)ncc2c1,41.0,-1.6127838567197355,1,train,7.3872161432802645,-1.6027078922977662,-0.010075964421969452,0.010075964421969452
CC(C)Sc1ccc2cc(NC(=O)C3CC3)ncc2c1,1.0,-0.0,1,train,9.0,-0.010034605321095067,0.010034605321095067,0.010034605321095067
Cc1ccc(F)cc1-c1cc(C)c2cc(NC(=O)C3CC3)ncc2n1,19.0,-1.2787536009528289,1,train,7.721246399047171,-1.2701658726223508,-0.00858772833047805,0.00858772833047805
CCOCCNc1nc(SC)nc2c1cnn2CC(Br)c1ccccc1,550.0,-2.7403626894942437,0,train,6.259637310505756,-2.7486984334193756,0.008335743925131478,0.008335743925131478
Cc1ccc(F)cc1-c1cc2cnc(NC(=O)C3CC3)cc2c(C2CCOC2)n1,0.4,0.3979400086720376,1,train,9.397940008672037,0.3896154190114431,0.008324589660594517,0.008324589660594517
Cc1ccc(F)cc1-c1ccc2cc(C(=O)NC3CCC3)ncc2c1,42.0,-1.6232492903979006,1,train,7.376750709602099,-1.6151164162162908,-0.008132874181609795,0.008132874181609795
O=C(Nc1cc2c[n+]([O-])c(-c3ccccc3Cl)cc2cn1)C1CC1,0.8,0.09691001300805639,0,train,9.096910013008056,0.08930926822874737,0.0076007447793089294,0.0076007447793089294
O=C(Nc1cc2ccc(N3CCCC3)cc2cn1)C1CC1,17.0,-1.2304489213782739,1,train,7.769551078621726,-1.2378602298498504,0.007411308471576339,0.007411308471576339
Nc1nc(Nc2ccc([C@H]3CC[C@H](N4CCOCC4)CC3)cc2)nn1-c1ccccn1,400.0,-2.6020599913279625,0,train,6.3979400086720375,-2.595237135776959,-0.006822855551003482,0.006822855551003482
Cc1ccc(NC(=O)Nc2ccc(-c3csc4c(-c5cnn(C)c5)cnc(N)c34)cc2)cc1,2.512,-0.40001963506515853,0,train,8.599980364934842,-0.4042265148398239,0.00420687977466544,0.00420687977466544
Cc1ccc(NC(=O)C2(O)CCC2)cc1-c1ccc2cc(NC(=O)C3CC3)ncc2c1,0.3,0.5228787452803376,1,train,9.522878745280337,0.519597827952628,0.0032809173277096315,0.0032809173277096315
Cc1ccc(F)cc1-c1ccc2cc(C(=O)NC3CC3)ncc2c1,42.0,-1.6232492903979006,1,train,7.376750709602099,-1.6199771771900167,-0.0032721132078838977,0.0032721132078838977
O=C(Nc1nnc(SCc2ccc(Br)cc2)s1)c1ccc(F)cc1,89.0,-1.9493900066449128,0,train,7.050609993355087,-1.9526400152469727,0.0032500086020599284,0.0032500086020599284
CCc1cc(Nc2cc3ccc(-c4c(Cl)cccc4Cl)cc3cn2)nc(N2CCOCC2)n1,5.02,-0.7007037171450193,0,train,8.29929628285498,-0.7032778503269413,0.0025741331819220115,0.0025741331819220115
CCCCNc1nc(SC)nc2c1cnn2CC(Cl)c1ccc(Cl)cc1,390.0,-2.591064607026499,0,train,6.4089353929735005,-2.593619343043303,0.0025547360168038935,0.0025547360168038935
CCCNc1nc(SC)nc2c1cnn2CC(Cl)c1ccc(F)cc1,570.0,-2.7558748556724915,0,train,6.2441251443275085,-2.7534723527191214,-0.002402502953370078,0.002402502953370078
Nc1n[nH]c2cccc(-c3ccc(NC(=O)Nc4cccc(C(F)(F)F)c4)c(F)c3)c12,316.23,-2.500003068051693,0,train,6.499996931948306,-2.5020019043213173,0.00199883626962416,0.00199883626962416
Cc1cc(C(C)(C)O)cc(Nc2cc3ccc(-c4cc(F)ccc4C)cc3cn2)n1,5.0,-0.6989700043360189,0,train,8.301029995663981,-0.7003283117310865,0.0013583073950675928,0.0013583073950675928
Nc1cc(-c2ccc3cc(NC(=O)C4CC4)ncc3c2)ccn1,7.0,-0.8450980400142568,1,train,8.154901959985743,-0.8455138210540005,0.0004157810397437123,0.0004157810397437123
Cc1ccc(F)cc1-c1cc2cnc(NC(=O)C3CC3)cc2c(N2CCNCC2)n1,1.0,-0.0,0,train,9.0,-9.799699277038832e-06,9.799699277038832e-06,9.799699277038832e-06
