smiles,exp_mean [nM],y,cliff_mol,split,y [pEC50/pKi],Predicted_y,Error,Abs_Error
CC(C)C[C@H]1C(=O)N[C@@H](Cc2ccccc2)[C@]2(O)O[C@@](C)(NC(=O)[C@@H]3C=C4c5cccc6[nH]cc(c56)C[C@H]4N(C)C3)C(=O)N12,0.0631,1.1999706407558657,0,test,10.199970640755865,-1.842922148867752,3.0428927896236178,3.0428927896236178
O=C(CCN1CCN(Cc2ccccc2)CC1)NCc1ccccc1,0.34,0.46852108295774486,0,test,9.468521082957745,-2.489336930574913,2.9578580135326575,2.9578580135326575
CC(=O)c1c(OCCCN2CCN(c3cccc(F)c3)CC2)ccc2c(C)cc(=O)oc12,1350.0,-3.130333768495006,1,test,5.8696662315049934,-0.3357130442959512,-2.794620724199055,2.794620724199055
COc1ccccc1N1CCN(CCCCCNc2ccc3ccccc3n2)CC1,0.03,1.5228787452803376,1,test,10.522878745280337,-1.242725199060547,2.7656039443408846,2.7656039443408846
COc1ccc2[nH]cc(CCN(C)C)c2c1F,0.23,0.638272163982407,1,test,9.638272163982407,-1.9332153423548448,2.571487506337252,2.571487506337252
O=C(c1ccc(F)c(Cl)c1)N1CCC(F)(CNCCOc2ccncc2)CC1,389.05,-2.59000541965133,1,test,6.40999458034867,-0.037902710356996897,-2.5521027092943327,2.5521027092943327
OC(CN1CCN(c2ccccc2)CC1)c1ccc(Cl)c(Cl)c1,2.4,-0.38021124171160603,0,test,8.619788758288394,-2.8235571290372574,2.4433458873256515,2.4433458873256515
CCOc1ccccc1OCCN[C@H](C)Cc1ccc(OC)c(S(N)(=O)=O)c1,0.79,0.10237290870955855,0,test,9.102372908709558,-2.158674995300853,2.2610479040104114,2.2610479040104114
CN1CCC(N2CCOc3ccc(NC(=O)c4ccc(F)cc4)cc32)CC1,860.0,-2.934498451243568,1,test,6.065501548756432,-0.6968554916721972,-2.237642959571371,2.237642959571371
O=C(NC1CCNCC1)c1ccn(S(=O)(=O)c2cccc(Cl)c2)c1-c1cccc(F)c1,68610.0,-4.836387419326411,0,test,4.163612580673589,-2.6565374066239724,-2.1798500127024387,2.1798500127024387
Clc1cccc(C2CCN(CCCCOc3ccc4scnc4c3)CC2)c1Cl,0.6,0.2218487496163564,0,test,9.221848749616356,-1.918319019726067,2.1401677693424235,2.1401677693424235
Cc1nccc2c1C(=O)N(CCN1CCC(c3noc4ccccc34)CC1)CC2,0.12,0.9208187539523752,1,test,9.920818753952375,-1.1672699022172988,2.088088656169674,2.088088656169674
O=C1c2cccc3cccc(c23)N1CCCCCCN1CCN(c2ccccc2[N+](=O)[O-])CC1,9473.0,-3.97648753730519,1,test,5.023512462694811,-1.9633142756766893,-2.0131732616285003,2.0131732616285003
C[n+]1c2n(c(=O)c3ccccc31)CCc1c-2[nH]c2ccccc12,36000.0,-4.556302500767287,0,test,4.443697499232713,-2.5545647886160063,-2.0017377121512805,2.0017377121512805
O=C(c1ccc(F)c(Cl)c1)N1CCC(F)(CNCCOc2cncnc2)CC1,208.93,-2.320000804264728,1,test,6.679999195735272,-0.33316175484436206,-1.9868390494203658,1.9868390494203658
COc1cc(N2CCN(C3CCN(c4ccc(F)c5c(C)cc(C)nc45)CC3)CC2)c2ncccc2c1,177.0,-2.247973266361807,1,test,6.752026733638193,-0.2940610814519475,-1.9539121849098593,1.9539121849098593
COc1ccccc1N1CCN(CCCSc2nnc(-c3ccccc3)n2C)CC1,0.56,0.25181197299379954,1,test,9.2518119729938,-1.6679478990774825,1.919759872071282,1.919759872071282
CC(C)NCC(O)COc1ccccc1CCCSCC(=O)NCCOCCOCCN,2860.0,-3.456366033129043,0,test,5.543633966870956,-1.5470973750788353,-1.9092686580502078,1.9092686580502078
O=C(C1CCCCC1)N(CCN1CC=C(c2ccccc2)CC1)c1ccccn1,0.6,0.2218487496163564,0,test,9.221848749616356,-1.6704818743786278,1.8923306239949842,1.8923306239949842
Cc1ccc2c(N3CCN(Cc4ccc5c(c4)NC(=O)CO5)CC3)cccc2n1,630.96,-2.800001827817969,1,test,6.199998172182031,-0.9242425256985218,-1.875759302119447,1.875759302119447
O=C1c2nc[nH]c2CCN1CCN1CCC(c2noc3ccccc23)CC1,817.0,-2.9122220565324155,1,test,6.087777943467584,-1.0615565902680002,-1.8506654662644153,1.8506654662644153
C#CCN(C)Cc1ccc(OCCCCCN2CCN(c3cccc4c3ccn4S(=O)(=O)c3ccccc3)CC2)cc1,684.0,-2.835056101720116,0,test,6.164943898279883,-0.9893681700176724,-1.8456879317024437,1.8456879317024437
CC(=O)Nc1ccc2nc(N3CCN(CCCCN4C(=O)CC5(CCCC5)CC4=O)CC3)ccc2c1,3200.0,-3.505149978319906,0,test,5.494850021680094,-1.6615440486438926,-1.8436059296760132,1.8436059296760132
COc1ccccc1N1CCN(Cc2cn3ccccc3n2)CC1,2200.0,-3.342422680822206,0,test,5.657577319177793,-1.6266210230899651,-1.715801657732241,1.715801657732241
CCCN[C@H]1CCc2nc(N)sc2C1,6514.0,-3.8138477542288545,0,test,5.1861522457711455,-2.1019075402631624,-1.711940213965693,1.711940213965693
COc1ccccc1N1CCN(CCC(=O)c2ccc(-c3ccccc3)cc2)CC1,3630.78,-3.5599999344869393,1,test,5.440000065513061,-1.8542206904356784,-1.7057792440512614,1.7057792440512614
CC(C)CCCCCCOc1ccc2[nH]cc(CCN)c2c1,1180.0,-3.0718820073061255,0,test,5.928117992693874,-1.4148486848364865,-1.6570333224696385,1.6570333224696385
CC(C)NCC(O)COc1ccccc1CCCSCC(=O)NCCOCCOCCNC(=O)C1C(C(=O)O)C(C(=O)O)C1C(=O)O,1720.0,-3.2355284469075487,0,test,5.764471553092451,-1.5848611440473364,-1.6506673028602123,1.6506673028602123
CCCN(CCC)[C@H]1CCc2nn3ccccc3c2C1,2500.0,-3.3979400086720375,0,test,5.6020599913279625,-1.7490108292797735,-1.6489291793922636,1.6489291793922636
Fc1ccc(CCCCN2CCN(c3ccc(-c4ccccc4)cn3)CC2)cc1,1453.22,-3.16233136622747,1,test,5.83766863377253,-1.5264213013098138,-1.6359100649176563,1.6359100649176563
CNc1nc(CNCC2(F)CCN(C(=O)c3ccc(F)c(Cl)c3)CC2)ccc1C,0.04,1.3979400086720375,0,test,10.397940008672037,-0.22838851905227897,1.6263285277243165,1.6263285277243165
CCCN(CCC)C1Cc2cccc3c2N(C1)C(=O)CC3,2.4,-0.38021124171160603,1,test,8.619788758288394,-1.9792861990538433,1.5990749573422374,1.5990749573422374
CCNC(=O)c1cc2c(N3CCOC[C@@H]3C)ccnc2[nH]1,10000.0,-4.0,0,test,5.0,-2.4773671533553703,-1.5226328466446297,1.5226328466446297
N[C@@H]1CCN(c2ccc3[nH]nc(S(=O)(=O)c4cccc5ccccc45)c3c2)C1,4730.0,-3.6748611407378116,0,test,5.325138859262188,-2.152992700213772,-1.52186844052404,1.52186844052404
CC(=O)Nc1ccccc1N1CCN(CCCCCC(=O)NC2CCCc3ccccc32)CC1,2500.0,-3.3979400086720375,1,test,5.6020599913279625,-1.889259143723399,-1.508680864948638,1.508680864948638
CCC(=O)Oc1ccc2[nH]cc(CCN(C)C)c2c1,405.0,-2.6074550232146687,0,test,6.392544976785331,-1.1024701474694854,-1.5049848757451834,1.5049848757451834
N#Cc1ccc2[nH]cc(CCN3CCN(c4ccc(-n5cc(F)cc(F)c5=O)cc4)CC3)c2c1,68.0,-1.8325089127062364,1,test,7.167491087293763,-0.33762075968448113,-1.4948881530217553,1.4948881530217553
Fc1ccc(-c2ccc(CN3CCN(c4cccc5ccoc45)CC3)[nH]2)cc1,1.5,-0.17609125905568124,0,test,8.823908740944319,-1.6590904106387838,1.4829991515831027,1.4829991515831027
O=C1c2ccccc2/C=C\c2ccccc2N1CCCN1CCOCC1,39400.0,-4.595496221825574,0,test,4.404503778174426,-3.115528936175684,-1.4799672856498898,1.4799672856498898
CS(=O)(=O)Oc1ccc2c(c1)CN(CC[C@H]1CC[C@H](NC(=O)/C=C/c3ccc(F)cc3)CC1)C2,3162.28,-3.5000003213429354,0,test,5.499999678657065,-2.0231081792408485,-1.4768921421020873,1.4768921421020873
O=C(c1ccc(Cl)cc1)N1CCN(CCN2CCC3(C2)C(=O)Nc2ccccc23)CC1,48240.0,-4.683407299132095,0,test,4.316592700867905,-3.2217629610726046,-1.4616443380594903,1.4616443380594903
O=C(O)c1cc2c3c(ccc2[nH]1)OCC(CN1CCC2(CC1)C(=O)NCN2c1ccccc1)O3,17.8,-1.250420002308894,1,test,7.7495799976911055,0.1940720377029209,-1.4444920400118149,1.4444920400118149
O=c1oc2ccccc2c(=O)n1CCCCN1CCN(c2ccccc2)CC1,2.8,-0.4471580313422192,1,test,8.55284196865778,-1.891366798200088,1.4442087668578687,1.4442087668578687
COc1cc2ncnc(N3CCC(CN4CCN(c5ccccc5OC)CC4)C3)c2cc1OC,1.622,-0.21005084987513725,1,test,8.789949150124862,-1.6541883089773302,1.444137459102193,1.444137459102193
CC(C)NCC(O)COc1ccccc1CCCSCC(=O)NCCOCCOCCNC(=O)CS(=O)(=O)O,1780.0,-3.250420002308894,1,test,5.7495799976911055,-1.8135976902650077,-1.4368223120438863,1.4368223120438863
Fc1ccc2[nH]cc(CCCNCCOc3cccc4c3CCCC4)c2c1,170.0,-2.230448921378274,1,test,6.769551078621726,-0.8439039623969363,-1.3865449589813377,1.3865449589813377
CCN(CC)CCCCN1N=C2c3sccc3CCC2CC1=O,8631.0,-3.9360611166099884,0,test,5.063938883390012,-2.5567818740042667,-1.379279242605722,1.379279242605722
O=C1c2c(Br)n[nH]c2CCN1CCN1CCC(c2noc3ccccc23)CC1,200.0,-2.3010299956639813,1,test,6.698970004336019,-0.9375019954352268,-1.3635280002287544,1.3635280002287544
Cc1cc(OCCCCN2CCOCC2)c2c(C)cc(=O)oc2c1,3500.0,-3.5440680443502757,0,test,5.455931955649724,-2.1858259453860858,-1.3582420989641903,1.3582420989641903
CC(=O)c1c(OCCCCN2CCN(c3cccc(F)c3)CC2)ccc2c(C)cc(=O)oc12,50.0,-1.6989700043360187,1,test,7.301029995663981,-0.35117799413510276,-1.347792010200916,1.347792010200916
O=C1c2ccccc2S(=O)(=O)N1CCCN1CCN(c2ncccn2)CC1,2.0,-0.3010299956639812,1,test,8.698970004336019,-1.6198705289995925,1.3188405333356112,1.3188405333356112
CCN(CC)CCCc1cn(CCCN2CCN(c3ccccc3OC)CC2)nn1,381.0,-2.5809249756756194,0,test,6.41907502432438,-1.2687041454274879,-1.3122208302481315,1.3122208302481315
CC(C)(C)CCCCCCOc1ccc2[nH]cc(CCN)c2c1,920.0,-2.963787827345555,1,test,6.036212172654444,-1.6588519621177003,-1.3049358652278549,1.3049358652278549
COc1ccc(N2CCN(CCCCCCN3C(=O)c4cccc5cccc(c45)C3=O)CC2)cc1,3569.0,-3.5525465479556604,1,test,5.447453452044339,-2.2481115439291304,-1.30443500402653,1.30443500402653
CC1(CCCN2CCN(c3ccccn3)CC2)Cc2cc(Cl)ccc2C1=O,0.74065,0.13038697282787118,0,test,9.130386972827871,-1.1693414561634183,1.2997284289912894,1.2997284289912894
C=CCc1ccccc1OCC(O)CNCCOCCOCCOCCOCCNC(=O)C1C(C(=O)O)C(C(=O)O)C1C(=O)O,1780.0,-3.250420002308894,0,test,5.7495799976911055,-1.9574083640577316,-1.2930116382511625,1.2930116382511625
O=C1Nc2ccccc2C12CCN(CCN1CCC(c3ccc(F)cc3)CC1)C2,52010.0,-4.716086853774832,1,test,4.283913146225168,-3.4350320572792628,-1.2810547964955692,1.2810547964955692
CN1CCN(c2cc(-c3ccc(C#N)cc3)nc(N)n2)CC1,42.0,-1.6232492903979006,0,test,7.376750709602099,-2.87673839557069,1.2534891051727894,1.2534891051727894
COc1ccc(CNC(=O)/C=C/c2ccc3[nH]cc(CCN(C)C)c3c2)cc1,1.3,-0.11394335230683679,0,test,8.886056647693163,-1.355520725537908,1.2415773732310713,1.2415773732310713
O=C(CCCN1CCc2ccccc2C1)c1ccc(Cl)cc1,8.164,-0.9119029960440329,0,test,8.088097003955967,-2.151080909776191,1.2391779137321584,1.2391779137321584
CCCN(CC[C@]1(O)C[C@H](NC(=O)c2ccc3ccccc3c2)C1)[C@H]1CCc2nc(N)sc2C1,708.0,-2.850033257689769,0,test,6.149966742310231,-1.6169978120522126,-1.2330354456375563,1.2330354456375563
Cc1nc2c(o1)CCN(CCN1CCN(c3nsc4ccccc34)CC1)C2=O,0.23,0.638272163982407,1,test,9.638272163982407,-0.5933636734049919,1.2316358373873988,1.2316358373873988
O=c1c2cccnc2ccn1CCN1CCN(c2noc3ccccc23)CC1,1063.0,-3.0265332645232967,1,test,5.973466735476704,-1.7984771480411919,-1.2280561164821049,1.2280561164821049
CC1CN(CCN2CCC(c3noc4ccccc34)CC2)C(=O)c2ncccc21,0.51,0.2924298239020636,0,test,9.292429823902063,-0.9199224978106066,1.2123523217126704,1.2123523217126704
COC(=O)c1cc2c3c(ccc2[nH]1)OCC(CN1CCC(Nc2ccccc2)(C(N)=O)CC1)O3,22.0,-1.3424226808222062,0,test,7.657577319177793,-0.13442649344363447,-1.2079961873785716,1.2079961873785716
N=C(N)N/N=C/c1c[nH]c2ccc(O)cc12,63.0,-1.7993405494535817,0,test,7.200659450546418,-3.0043023249219813,1.2049617754683997,1.2049617754683997
COc1ccccc1N1CCN(CCCCCN2C(=O)c3cccc4c(N)ccc(c34)C2=O)CC1,0.67,0.17392519729917355,1,test,9.173925197299173,-1.0197095513231036,1.1936347486222771,1.1936347486222771
Cc1ccc2c(C3CCN(CCc4c(C)ccc5c4ccc(=O)n5C)CC3)cccc2n1,1.259,-0.10002573010786256,0,test,8.899974269892137,-1.2886682750746243,1.188642544966762,1.188642544966762
CCC(=O)Nc1cccc(N2CCN(CCCCNS(=O)(=O)c3ccc(C)cc3)CC2)c1,426.0,-2.629409599102719,1,test,6.370590400897282,-1.452637632885146,-1.1767719662175729,1.1767719662175729
O=c1[nH]c(CCCCN2CCN(c3cccc(Cl)c3)CC2)nc2c1sc1ccccc12,3.84,-0.5843312243675308,1,test,8.415668775632469,-1.758772392795608,1.174441168428077,1.174441168428077
CC(C)Oc1ccccc1N1CCN(CCN2C(=O)CC3(CCCC3)CC2=O)CC1,0.54,0.26760624017703144,0,test,9.267606240177031,-0.8844167444486578,1.152022984625689,1.152022984625689
CCN/C(=N\S(=O)(=O)c1cccc(Cl)c1)N1CC2(C=N1)CCNCC2,10000.0,-4.0,0,test,5.0,-2.856081253877434,-1.1439187461225662,1.1439187461225662
Cc1cc2c(n1C)CCCN(CCN1CCC(c3noc4ccccc34)CC1)C2=O,0.17,0.769551078621726,1,test,9.769551078621726,-0.37416355510052635,1.1437146337222523,1.1437146337222523
CCCc1ccccc1OC(C)C1=NCCN1,13.8,-1.1398790864012365,0,test,7.860120913598763,-2.278797430739622,1.1389183443383857,1.1389183443383857
CN(C)CCSc1ccnc(-c2ccccc2)c1,1200.0,-3.0791812460476247,1,test,5.920818753952375,-1.9468705064634728,-1.1323107395841518,1.1323107395841518
COc1ccccc1N1CCN(CCCN2C(=O)c3ccc(N(C)C)cc3C2=O)CC1,0.47,0.3279021420642826,1,test,9.327902142064282,-0.7986328858358257,1.1265350279001083,1.1265350279001083
O=C(NC/C=C/C[N+]1([O-])CCN(c2cccc(Cl)c2Cl)CC1)c1ccc(-c2ccccn2)cc1,666.0,-2.823474229170301,0,test,6.176525770829699,-1.7057711862562845,-1.1177030429140165,1.1177030429140165
CCOc1ccccc1N1CCN(CCCCCn2cnc3ccccc3c2=O)CC1,1.04,-0.01703333929878037,1,test,8.98296666070122,-1.1126582462270405,1.0956249069282602,1.0956249069282602
OC(CNC12CC3CC(CC(C3)C1)C2)COc1ccc2[nH]ccc2c1,833.0,-2.9206450014067875,0,test,6.079354998593212,-1.8316297105645387,-1.0890152908422488,1.0890152908422488
Fc1ccc(OCCN2CCC(c3c[nH]c4ccc(F)cc34)CC2)c(-c2ccccc2)c1,6.1,-0.785329835010767,0,test,8.214670164989233,-1.8742832896090242,1.0889534545982573,1.0889534545982573
COc1ccc(-c2ccccc2N2CCN(C[C@@H](O)COc3ccc4c(c3)NC(=O)C(C)O4)CC2)cc1,8.7,-0.9395192526186185,0,test,8.060480747381382,-2.0283246576154843,1.088805404996866,1.088805404996866
COc1cccc(OC)c1-c1cccc2c1-c1cccc3c1[C@@H](C2)N(C)CC3,554.0,-2.74350976472843,0,test,6.2564902352715706,-1.662492889261058,-1.081016875467372,1.081016875467372
O=C1CC2(CCCC2)CC(=O)N1CCN1CCN(c2ccccc2C2CC2)CC1,1.2,-0.07918124604762482,0,test,8.920818753952375,-1.1584110438446635,1.0792297977970386,1.0792297977970386
COc1ccccc1N1CCN(CCC(O)c2ccc([N+](=O)[O-])cc2)CC1,10.0,-1.0,1,test,8.0,-2.0790667886586225,1.0790667886586225,1.0790667886586225
COc1cc2c(cc1OC)CN(CCCCn1cc(-c3ccc(F)cc3)c3ccccc31)CC2,1510.0,-3.1789769472931693,0,test,5.821023052706831,-2.10084360635069,-1.0781333409424794,1.0781333409424794
CCOC(=O)Cn1c(NCCCN2CCN(c3ccccc3)CC2)nc2c1c(=O)n(C)c(=O)n2C,591.56,-2.7719988002697775,0,test,6.2280011997302225,-1.6956184734842104,-1.0763803267855667,1.0763803267855667
COc1ccccc1N1CCN(CCCCn2c(=O)sc3ccccc32)CC1,24.58,-1.3905818785504354,1,test,7.609418121449565,-0.31761279710833423,-1.0729690814421011,1.0729690814421011
Cn1c(=O)cnn(CCCN2CCN(c3ccccc3)CC2)c1=O,350.0,-2.5440680443502757,1,test,6.455931955649724,-1.471997594589532,-1.072070449760744,1.072070449760744
Cc1ccc2c(OCCN3CCC(Cc4ccc5c(c4)NC(=O)CO5)CC3)c(F)ccc2n1,50.12,-1.7000110623221123,1,test,7.299988937677888,-0.6369190295996147,-1.0630920327224977,1.0630920327224977
CC(=O)c1c(C)cc2oc(=O)cc(C)c2c1OCCCN1CCN(c2ccc(Cl)cc2)CC1,1.2,-0.07918124604762482,1,test,8.920818753952375,-1.140523183930587,1.061341937882962,1.061341937882962
CC(C)c1nc2c(N3CCNCC3)ccnc2n1Cc1cccc(F)c1,5934.0,-3.773347541980823,0,test,5.226652458019177,-2.7128875293031514,-1.0604600126776718,1.0604600126776718
Cc1cc(C)c(N2CCN(C(=O)COc3ccc4cccc(N5CCN(C)CC5)c4c3)CC2)c(C)c1,117.0,-2.0681858617461617,0,test,6.931814138253838,-1.0194449692612984,-1.0487408924848634,1.0487408924848634
Cc1cc(OCCCN2CCN(c3cnccn3)CC2)c2c(C)cc(=O)oc2c1,186.0,-2.2695129442179165,1,test,6.730487055782083,-1.2208344469803596,-1.048678497237557,1.048678497237557
Cn1ncc2c1C(=O)N(CCN1CCN(c3nsc4ccccc34)CC1)CCC2,16.9,-1.2278867046136734,1,test,7.772113295386326,-0.18490398385532356,-1.04298272075835,1.04298272075835
O=C(NCCCCN1CCN(c2cccc(Cl)c2Cl)CC1)c1cc2cc(F)ccc2[nH]1,540.0,-2.7323937598229686,1,test,6.267606240177031,-1.6943529977830696,-1.038040762039899,1.038040762039899
O=C(N[C@@H](Cc1ccccc1)CN1CCN(c2nsnc2Cl)CC1)c1ccncc1,425.0,-2.6283889300503116,1,test,6.371611069949688,-1.591238753237696,-1.0371501768126161,1.0371501768126161
O=C(C1CCCCC1)N(CCN1CCN(c2ccccc2)CC1)c1ccccn1,1.53,-0.1846914308175988,0,test,8.8153085691824,-1.2173401554122956,1.0326487245946967,1.0326487245946967
Clc1ccc(CCN2CCN(c3nsc4ccccc34)CC2)cc1Cl,0.84,0.07572071393811836,0,test,9.075720713938118,-0.9545490570932887,1.030269771031407,1.030269771031407
Cn1c(CCCCN2CCN(c3ccccc3)CC2)nc2c(sc3ccccc32)c1=O,5.15,-0.7118072290411911,1,test,8.288192770958808,-1.7409387454428915,1.0291315164017005,1.0291315164017005
N#Cc1ccc2[nH]cc(CCCCN3CCN(c4ccc(-n5ccccc5=O)cc4)CC3)c2c1,0.23,0.638272163982407,1,test,9.638272163982407,-0.3858521922213096,1.0241243562037168,1.0241243562037168
NCCc1c[nH]c2ccc(C(N)=O)cc12,0.35775,0.44642035756818604,0,test,9.446420357568186,-0.5675819545118685,1.0140023120800545,1.0140023120800545
CC1(C)CN(CCN2CCC(c3noc4cc(F)ccc34)CC2)C(=O)c2ncccc21,3.9,-0.5910646070264992,0,test,8.4089353929735,-1.5892941347364005,0.9982295277099013,0.9982295277099013
O=C1COc2ccc(CC3CCN(CCOc4cccc5ncccc45)CC3)cc2N1,1.259,-0.10002573010786256,1,test,8.899974269892137,-1.0981252621925934,0.9980995320847309,0.9980995320847309
COc1ccccc1N1CCN(CCN2C(=O)CC3(CCCC3)CC2=O)CC1,0.8631285714285714,0.06392450706236275,1,test,9.063924507062362,-0.9325925803236689,0.9965170873860316,0.9965170873860316
Cc1cccc(-c2ccc(C(=O)NC/C=C/CN3CCN(c4cccc(Cl)c4Cl)CC3)cc2)n1,309.0,-2.4899584794248346,1,test,6.510041520575165,-1.5007824933485459,-0.9891759860762888,0.9891759860762888
CC(COc1ccc2c(c1)NC(=O)CO2)NCC(O)COc1cccc2[nH]ccc12,4.102966666666666,-0.6130979886847935,0,test,8.386902011315206,-1.5999499869616356,0.9868519982768421,0.9868519982768421
O=C1c2cc(CCN3CCC(Cc4ccc(Br)c(O)c4)CC3)ccc2OCC1O,1.1,-0.04139268515822508,0,test,8.958607314841775,-1.025912386864445,0.98451970170622,0.98451970170622
O=C(c1cccc(CN2CCc3c([nH]c4ccccc34)C2)c1)N1CCCCC1,13.0,-1.1139433523068367,0,test,7.886056647693163,-2.0970927135332067,0.98314936122637,0.98314936122637
CC(C)c1ccccc1N1CCN(CCCCCC(=O)N2CCc3ccccc3C2)CC1,3.7,-0.568201724066995,1,test,8.431798275933005,-1.5508648884702092,0.9826631644032142,0.9826631644032142
Cc1cc(OCCCN2CCOCC2)c2c(C)cc(=O)oc2c1,1304.0,-3.1152775913959014,0,test,5.884722408604098,-2.136144497616039,-0.9791330937798621,0.9791330937798621
OC(CNCCCCCCN1CC[C@H](c2ccc(F)cc2)[C@@H](COc2ccc3c(c2)OCO3)C1)COc1cccc2[nH]ccc12,6.7,-0.8260748027008264,1,test,8.173925197299173,-1.8045340702554964,0.9784592675546699,0.9784592675546699
COc1cccc2c1O[C@@H](CN1C3C=C(n4ccc5cc(F)ccc54)CC1CC3)CO2,127.7,-2.1061908972634154,0,test,6.893809102736585,-1.131914532452206,-0.9742763648112098,0.9742763648112098
O=C1c2ccccc2C(=O)N1CCCCN1CCn2c(cc3ccccc32)C1,74.0,-1.8692317197309762,0,test,7.130768280269024,-2.8396353938394507,0.9704036741084747,0.9704036741084747
O=C(CCCN1CCc2ccccc2C1)c1ccc(F)cc1,12.0,-1.0791812460476249,1,test,7.920818753952375,-2.0475711552213878,0.9683899091737629,0.9683899091737629
CC(=O)Nc1ccccc1CN1CCN(CCOc2cccc3nc(C)ccc23)CC1,1258.93,-3.100001582801352,0,test,5.899998417198648,-2.1465887152319785,-0.9534128675693734,0.9534128675693734
NCCc1c[nH]c2ccc(OCCCCCCOc3ccc4[nH]cc(CCN)c4c3)cc12,1.8,-0.25527250510330607,1,test,8.744727494896694,-1.2074005867233952,0.9521280816200892,0.9521280816200892
CCCN(CCCCc1c[nH]c2ccc(F)cc12)C1COc2c(F)ccc(C(N)=O)c2C1,4.4,-0.6434526764861874,1,test,8.356547323513812,-1.5949453019072326,0.9514926254210452,0.9514926254210452
CCCN1CCC(COc2nc3c(Cl)cccc3c3ccccc23)CC1,8836.0,-3.946255707199397,0,test,5.053744292800603,-2.9958293696798433,-0.9504263375195539,0.9504263375195539
COc1cc2c(cn1)C(=O)N(CCN1CCN(c3noc4ccccc34)CC1)CC2,0.77,0.11350927482751812,1,test,9.113509274827518,-0.8346712740236132,0.9481805488511312,0.9481805488511312
CC(C)c1nc2c(N3CCNCC3)ccnc2n1Cc1cccc(Cl)c1,2277.0,-3.3573630306151427,0,test,5.642636969384857,-2.4166223721946776,-0.9407406584204652,0.9407406584204652
O=C1c2ccc(F)cc2CC1CCN1CCCN(c2ccc(Cl)cn2)CC1,208.965,-2.320073551279658,0,test,6.679926448720342,-1.381048436944246,-0.9390251143354122,0.9390251143354122
Cc1ccc2c(OCCN3CCC(Cc4cccc(-c5ccccc5)c4)CC3)cccc2n1,63.1,-1.8000293592441343,1,test,7.199970640755866,-0.8725559792192281,-0.9274733800249062,0.9274733800249062
COCCOc1cc(CC2CCN(CCc3ccc4c(c3)C(=O)CCCO4)CC2)ccc1Br,71.9,-1.8567288903828827,1,test,7.1432711096171175,-0.9358631976748025,-0.9208656927080802,0.9208656927080802
O=C1c2cccnc2CCN1CCN1CCN(c2noc3ccccc23)CC1,578.0,-2.761927838420529,1,test,6.2380721615794705,-1.8424498238512639,-0.9194780145692651,0.9194780145692651
Fc1ccc(OCCCN2CCN(c3ccccn3)CC2)cc1,3.6,-0.5563025007672873,1,test,8.443697499232712,-1.4735579913090546,0.9172554905417674,0.9172554905417674
COc1ccccc1N1CCN(CCCn2cc(CN3CCc4cc(O)c(O)cc4C(c4cccc(C)c4)C3)nn2)CC1,457.0,-2.6599162000698504,0,test,6.34008379993015,-1.742906837608798,-0.9170093624610525,0.9170093624610525
CCCN(CCC)C1Cc2cccc3c2N(C1)C(=O)C3=O,687.0,-2.8369567370595505,1,test,6.16304326294045,-1.9241480306944343,-0.9128087063651162,0.9128087063651162
O=C1NCc2ccc(OCCCCN3CCN(c4cccc5c4COC5)CC3)cc21,6.88,-0.8375884382355113,1,test,8.162411561764488,0.0724432505265706,-0.910031688762082,0.910031688762082
OC(CCN1CCN(c2ccc(F)cc2)CC1)c1ccccc1,144.54,-2.159988050381987,1,test,6.840011949618013,-3.0566584140752293,0.8966703636932425,0.8966703636932425
Cn1cc2c(n1)CCN(CCN1CCN(c3nsc4ccccc34)CC1)C2=O,0.45,0.3467874862246563,1,test,9.346787486224656,-0.5498660076784578,0.8966534939031141,0.8966534939031141
O=C1CC2(CCCC2)CC(=O)N1CCN1CCN(c2ccccc2Br)CC1,1.29,-0.11058971029924898,1,test,8.88941028970075,-1.006307404588117,0.8957176942888682,0.8957176942888682
CC1(C)Cc2cccc(N3CCN(CCc4ccc5c(c4)NC(=O)CO5)CC3)c2O1,0.5012,0.29998893767788765,0,test,9.299988937677888,-0.5951253927490718,0.8951143304269594,0.8951143304269594
O=C1CCOc2ccc(CCN3CCC(Cc4ccc(Br)c(O)c4)CC3)cc21,1.3,-0.11394335230683679,0,test,8.886056647693163,-1.0068193889121395,0.8928760366053028,0.8928760366053028
O=c1[nH]c2ccccc2n1CCN1CCN(c2cccc(C(F)(F)F)c2)CC1,11.8,-1.0718820073061255,0,test,7.928117992693874,-1.9637361363962942,0.8918541290901685,0.8918541290901685
O=S(=O)(NCCCN1CC=C(c2c[nH]c3ccc(Cl)cc23)CC1)c1ccc2ccccc2c1,70.0,-1.845098040014257,1,test,7.154901959985743,-0.95665852691991,-0.8884395130943469,0.8884395130943469
O=C(Nc1ccc2cnn(S(=O)(=O)c3cccc4ccccc34)c2c1)C1CCNCC1,8500.0,-3.929418925714293,0,test,5.070581074285707,-3.048829415159613,-0.8805895105546799,0.8805895105546799
CN(C)CCSc1nc2ccccc2s1,830.0,-2.9190780923760737,0,test,6.080921907623926,-2.040380439585219,-0.8786976527908545,0.8786976527908545
CCn1cc(-c2ccc3c(c2)c(C2CCN(CCN4CCNC4=O)CC2)cn3-c2ccc(F)cc2)nn1,236.0,-2.3729120029701067,0,test,6.627087997029893,-1.4953336316892742,-0.8775783712808325,0.8775783712808325
CC(=O)c1c(C)cc2oc(=O)cc(C)c2c1OCCCN1CCOCC1,850.0,-2.929418925714293,0,test,6.070581074285707,-2.0533224113588204,-0.8760965143554724,0.8760965143554724
O=C1Nc2ccccc2C12CCN(CCN1CCN(c3ccccc3)CC1)C2,6005.0,-3.7785130117389247,0,test,5.221486988261075,-2.9045434362980895,-0.8739695754408352,0.8739695754408352
COc1ccccc1N1CCN(CCC(O)c2ccc(-c3ccccc3)cc2)CC1,851.14,-2.9300010010090753,0,test,6.069998998990925,-2.058707182584565,-0.8712938184245109,0.8712938184245109
O=C1c2ncoc2CCN1CCN1CCC(c2noc3ccccc23)CC1,50.0,-1.6989700043360187,1,test,7.301029995663981,-0.8318188451198266,-0.8671511592161921,0.8671511592161921
O=C1NCCc2cc(F)c3c(c21)CC(N(CCCc1c[nH]c2ccc(F)cc12)CC1CC1)CO3,50.0,-1.6989700043360187,0,test,7.301029995663981,-0.8332195498528876,-0.8657504544831311,0.8657504544831311
O=C1c2cn(-c3ccccc3)nc2CCN1CCN1CCN(c2nsc3ccccc23)CC1,1.02,-0.00860017176191757,0,test,8.991399828238082,-0.8684895937613465,0.859889421999429,0.859889421999429
COc1ccccc1N1CCN(CCNC(=O)c2ccc(F)cc2)CC1,1.0,-0.0,1,test,9.0,-0.8567388131163319,0.8567388131163319,0.8567388131163319
COc1cccc2c1O[C@@H](CN1C3C=C(c4cccc5cccnc45)CC1CC3)CO2,307.1,-2.4872798164430687,0,test,6.512720183556931,-1.6396311710214981,-0.8476486454215706,0.8476486454215706
CCc1cc(Cl)c(OC)c(N2CCN(CC(F)CCNC(=O)c3cc4ccccc4[nH]3)CC2)c1,9500.0,-3.9777236052888476,0,test,5.022276394711152,-3.1373269606395797,-0.8403966446492683,0.8403966446492683
COc1ccc(-c2ccccc2N2CCN(C[C@@H](O)COc3ccc(-c4cn5ccccc5n4)cc3)CC2)cc1,1270.0,-3.103803720955957,0,test,5.896196279044043,-2.264130616619237,-0.8396731043367196,0.8396731043367196
CCCN1CCc2cccc3c2C1Cc1ccc(NC(N)=O)cc1-3,236.0,-2.3729120029701067,1,test,6.627087997029893,-1.5335722375342515,-0.8393397654358552,0.8393397654358552
O=c1c(-c2ccc(Cl)cc2)c2n(c(=O)n1CCCCN1CCCC(c3c[nH]c4ccc(F)cc34)C1)CCCC2,259.0,-2.413299764081252,1,test,6.586700235918748,-1.577466695874783,-0.835833068206469,0.835833068206469
NC(=O)[C@@H]1CCCN1C(=O)CCCCN1CCN(c2cccc(Cl)c2Cl)CC1,83.0,-1.919078092376074,1,test,7.080921907623926,-1.0856819705662801,-0.8333961218097938,0.8333961218097938
CCCCC/N=C(/N)N/N=C/c1c[nH]c2ccc(OC(C)C)cc12,323.59,-2.509995092013399,1,test,6.4900049079866005,-3.338151877566024,0.8281567855526251,0.8281567855526251
COc1cccc(N2CCN(CCCCOc3c(C(C)=O)c(C)cc4oc(=O)cc(C)c34)CC2)c1,15.0,-1.1760912590556813,1,test,7.823908740944319,-0.3546117173321474,-0.8214795417235337,0.8214795417235337
O=c1c2ncccc2ccn1CCN1CCC(c2noc3cc(F)ccc23)CC1,7.03,-0.846955325019824,1,test,8.153044674980176,-1.668156007809415,0.8212006827895911,0.8212006827895911
COc1ccc2c(CCN3CC=C(c4c[nH]c5cc(F)ccc45)CC3)coc2c1,303.0,-2.481442628502305,1,test,6.518557371497695,-1.6639949903596054,-0.8174476381426994,0.8174476381426994
Cc1nc2c(o1)CCCN(CCN1CCN(c3nsc4ccccc34)CC1)C2=O,0.74,0.13076828026902382,1,test,9.130768280269024,-0.6845362730442656,0.8153045533132893,0.8153045533132893
Cc1cc(C)nc(N2CCN(CCCCc3c[nH]c4ccccc34)CC2)n1,1.1,-0.04139268515822508,0,test,8.958607314841775,-0.8507099324038392,0.8093172472456142,0.8093172472456142
COc1cccc(-n2cc(C(=O)N(C)c3cccc(Cl)c3)c3ccccc3c2=O)c1,12490.0,-4.096562438374136,0,test,4.903437561625864,-3.2948012782189164,-0.8017611601552193,0.8017611601552193
O=C1c2ccccc2S(=O)(=O)N1CCCCN1CCN(c2cccc(C(F)(F)F)c2)CC1,100.0,-2.0,0,test,7.0,-1.1983144176833254,-0.8016855823166746,0.8016855823166746
C=CCN[C@H]1Cc2c(cccc2OC)C[C@@H]1CC=C,322.0,-2.507855871695831,0,test,6.492144128304169,-1.7119959649626,-0.7958599067332308,0.7958599067332308
Fc1cccc(Cl)c1Oc1ncccc1OC1CCNC1,203.0,-2.307496037913213,1,test,6.692503962086787,-1.5130518512097952,-0.7944441867034178,0.7944441867034178
O=C1NCc2ccc(OCCCN3CCN(c4cccc5ccc(F)cc45)CC3)cc21,0.0447,1.3496924768680636,1,test,10.349692476868064,0.5552538592949248,0.7944386175731388,0.7944386175731388
CC(C)Oc1ccccc1N1CCN(Cc2cccc(C(=O)N3CCc4ccccc43)c2)CC1,3.4,-0.5314789170422551,0,test,8.468521082957745,-1.323189359214295,0.7917104421720398,0.7917104421720398
CN(C)CC1=Cc2cn(S(=O)(=O)c3cccc4ccccc34)c3cccc(c23)O1,5967.0,-3.775756037844098,0,test,5.224243962155902,-2.985997509753871,-0.7897585280902271,0.7897585280902271
COc1ccc2[nH]cc(C3CC(=O)N(CCCN4CCC(c5c[nH]c6ccc(F)cc56)CC4)C3=O)c2c1,246.0,-2.3909351071033793,1,test,6.609064892896621,-1.6014886920001503,-0.7894464151032294,0.7894464151032294
CCCN1CCc2cccc3c2[C@H]1Cc1ccc2cc(C)oc2c1-3,320.0,-2.505149978319906,0,test,6.494850021680094,-1.7170962999018513,-0.7880536784180545,0.7880536784180545
Cc1cc(C)c(C)c(OCCN[C@@H]2CCCC[C@H]2O)c1,1006.0,-3.0025979807199086,0,test,5.997402019280091,-2.215223084186152,-0.7873748965337568,0.7873748965337568
O=C(CCCCN1CCN(c2ncccn2)CC1)c1nc2ccccc2s1,3.6,-0.5563025007672873,1,test,8.443697499232712,-1.343552759447408,0.7872502586801207,0.7872502586801207
CSc1ccccc1N1CCN(CCCCCC(=O)NC2CCCc3ccccc32)CC1,52.70000000000001,-1.7218106152125467,1,test,7.278189384787453,-0.9346771744608485,-0.7871334407516982,0.7871334407516982
COc1ccccc1OCCNc1nc(N)nc(NCCc2c[nH]c3ccccc23)n1,3177.0,-3.5020172148271476,1,test,5.497982785172852,-2.716994056495914,-0.7850231583312341,0.7850231583312341
O=C(NCCC(F)CN1CCN(c2cccc(Cl)c2Cl)CC1)c1cc2ccccc2o1,1150.0,-3.060697840353612,1,test,5.939302159646388,-2.2816084909663874,-0.7790893493872244,0.7790893493872244
O=C1NCc2ccc(OCCCN3CCN(c4cccc5cc(F)ccc45)CC3)c(F)c21,3.04,-0.48287358360875376,1,test,8.517126416391246,0.294346832149319,-0.7772204157580727,0.7772204157580727
Cc1ccc2c(N3CCN(CCCc4cccc5c4OCC(=O)N5C)CC3)cc(F)cc2n1,6.31,-0.8000293592441343,1,test,8.199970640755865,-0.026125381689547603,-0.7739039775545867,0.7739039775545867
CN1CC(CNCCc2c[nH]c3ccc(F)cc23)Oc2cc(Cl)ccc21,75.18,-1.8761023213777936,0,test,7.123897678622207,-1.1088390122567477,-0.7672633091210459,0.7672633091210459
O=C(c1ccc(F)c(Cl)c1)N1CCC(F)(CNCCOc2cccc(-n3cccn3)n2)CC1,2.7,-0.43136376415898736,0,test,8.568636235841012,0.33573701240360804,-0.7671007765625953,0.7671007765625953
O=S(=O)(Nc1cc(Sc2cccc3cccnc23)c(O)c2ccccc12)c1ccccc1,23740.0,-4.375480714618573,0,test,4.624519285381427,-3.6089129718243167,-0.7665677427942561,0.7665677427942561
CN(C)C1CCc2c(cccc2-c2c3ccccc3cc3ccccc23)C1,1400.0,-3.146128035678238,0,test,5.853871964321762,-2.3823293653014703,-0.7637986703767679,0.7637986703767679
Fc1ccc2[nH]cc(C3=CCN(CCc4coc5ccc(F)cc45)CC3)c2c1,300.0,-2.4771212547196626,0,test,6.522878745280337,-1.7141375643215608,-0.7629836903981018,0.7629836903981018
Fc1ccccc1N1CCN(Cc2c[nH]c3ncccc23)CC1,990.7,-2.9959421629925505,0,test,6.0040578370074495,-2.2336375093674676,-0.7623046536250828,0.7623046536250828
N#Cc1ccc(N2CCCN(CCC(O)c3csc4ccccc34)CC2)cc1,3162.28,-3.5000003213429354,1,test,5.499999678657065,-2.7388676633419426,-0.7611326580009932,0.7611326580009932
Cc1ccn(-c2ccc(N3CCN(CCc4c[nH]c5ccc(C#N)cc45)CC3)cc2)c(=O)c1,33.0,-1.5185139398778875,1,test,7.481486060122112,-0.7601513337185284,-0.7583626061593591,0.7583626061593591
CN(CCc1c[nH]c2ccccc12)Cc1ccc(-c2ccccc2)o1,775.0,-2.88930170250631,0,test,6.110698297493689,-2.132633139631976,-0.7566685628743341,0.7566685628743341
Cc1cccc(N2CCN(CCCCNC(=O)c3cc4ccccc4o3)CC2)c1C,4.0,-0.6020599913279624,1,test,8.397940008672037,-1.3580560496103447,0.7559960582823823,0.7559960582823823
CC1(c2ccc(F)cc2)NC(=O)N(CC(O)CN2CCC(Oc3ccccc3)CC2)C1=O,5211.0,-3.7169210731667612,1,test,5.283078926833239,-2.965948066189358,-0.7509730069774028,0.7509730069774028
COc1cccc(C2CCC(NCCOc3ccccn3)CC2)c1,3.77,-0.5763413502057929,0,test,8.423658649794207,-1.3220906907520584,0.7457493405462655,0.7457493405462655
C1=C(c2ccc3ccccc3c2)CC2CCC1N2CCOc1cccc2[nH]ccc12,295.0,-2.469822015978163,1,test,6.530177984021837,-1.725243483878606,-0.744578532099557,0.744578532099557
Cc1c(OCCCN2CCN(c3cccc4cccc(F)c34)CC2)ccc2c1C(=O)NC2,2.13,-0.3283796034387377,0,test,8.671620396561263,0.4155321884943466,-0.7439117919330842,0.7439117919330842
COc1ccc2c(c1)OC(CNCCc1c[nH]c3ccc(F)cc13)CN2,103.0,-2.012837224705172,1,test,6.987162775294828,-1.2689942608113156,-0.7438429638938564,0.7438429638938564
Nc1cccc(-c2ccc(CCN3CCN(c4cccc5cccnc45)CC3)cc2)n1,3.0,-0.47712125471966244,0,test,8.522878745280337,-1.2204518874679884,0.743330632748326,0.743330632748326
Cn1nc(S(=O)(=O)c2cccc3ccccc23)c2cc(N3CCNCC3)ccc21,1780.0,-3.250420002308894,0,test,5.7495799976911055,-2.5076279470778915,-0.7427920552310026,0.7427920552310026
NC1CCc2ccc(CCN3CCN(c4nsc5ccccc45)CC3)cc21,2.0,-0.3010299956639812,0,test,8.698970004336019,-1.0437577065423058,0.7427277108783246,0.7427277108783246
O=C1c2oc(C3CC3)nc2CCN1CCN1CCN(c2nsc3ccccc23)CC1,1.17,-0.06818586174616162,1,test,8.931814138253838,-0.803773863064842,0.7355880013186804,0.7355880013186804
CC(=O)c1c(C)cc2oc(=O)cc(C)c2c1OCCCCN1CCN(c2ccccc2F)CC1,0.7,0.1549019599857432,1,test,9.154901959985743,-0.5764052915411775,0.7313072515269207,0.7313072515269207
O[C@@H](CNC1C2CC3CC(C2)CC1C3)COc1cccc2[nH]ccc12,17.6,-1.24551266781415,0,test,7.75448733218585,-1.9762032958193885,0.7306906280052385,0.7306906280052385
O=C1CC2(CCCC2)CC(=O)N1CCN1CCC(c2cc(Cl)ccc2Cl)CC1,248.19,-2.3947842790470375,1,test,6.6052157209529625,-1.6664568440806828,-0.7283274349663542,0.7283274349663542
O=C(Nc1cccnc1)Nc1cccc(CCN2CCN(c3ccccc3)CC2)c1,0.95,0.022276394711152253,1,test,9.022276394711152,-0.700394567930506,0.7226709626416582,0.7226709626416582
O=S(=O)(c1cncc2ccccc12)N1CCC(CCN2CCN(c3ccccc3)CC2)CC1,543.0,-2.734799829588847,1,test,6.265200170411153,-2.018950344173045,-0.7158494854158022,0.7158494854158022
O=c1c(-c2ccc(Cl)cc2)c2ccccn2c(=O)n1CCCCN1CCCC(c2c[nH]c3ccccc23)C1,294.0,-2.4683473304121573,1,test,6.531652669587842,-1.7553731437751787,-0.7129741866369785,0.7129741866369785
COc1ccc2[nH]cc(CCCN3CCN(c4nc(OC)cc(OC)n4)CC3)c2c1,0.19,0.721246399047171,1,test,9.721246399047171,0.013422445061419486,0.7078239539857516,0.7078239539857516
COCCOc1cc(CC2CCN(CCc3ccc4c(c3)OCCC4=O)CC2)ccc1Br,42.8,-1.631443769013172,0,test,7.368556230986828,-0.9236581410232416,-0.7077856279899304,0.7077856279899304
Cc1cc(C)cc(N2CCN(CCNC(=O)c3cnc4ccccc4n3)CC2)c1,3.67,-0.5646660642520893,0,test,8.435333935747911,-1.2669778488702779,0.7023117846181886,0.7023117846181886
CC(Oc1ccccc1OC1CC1)C1=NCCN1,14.79,-1.1699681739968923,0,test,7.830031826003108,-1.8686997803157697,0.6987316063188773,0.6987316063188773
CCCN[C@@H]1CCc2c(OC)cccc2[C@@H]1C,410.0,-2.6127838567197355,0,test,6.3872161432802645,-1.9179424511772465,-0.694841405542489,0.694841405542489
COc1ccc(C(=O)CCCN2CCc3ccccc3C2)cc1,25.92,-1.4136349971985558,1,test,7.586365002801444,-2.105355773847272,0.6917207766487161,0.6917207766487161
COc1ccc(NC(=O)N2CCN(c3ccccc3OC)CC2)cc1N1CCN(C)CC1,641.0,-2.8068580295188172,1,test,6.193141970481182,-2.1154999954072164,-0.6913580341116004,0.6913580341116004
CC(=O)N(C)c1cccc(CN2CCN(CCOc3cccc4nc(C)ccc34)CC2)c1,251.19,-2.400002345927956,1,test,6.599997654072045,-1.7103256123423256,-0.6896767335856302,0.6896767335856302
C1=C(c2ccccc2)CCN(Cc2cnn(-c3ccccc3)c2)C1,37.0,-1.568201724066995,1,test,7.431798275933005,-2.2575889509726275,0.6893872269056325,0.6893872269056325
COc1ccc2[nH]cc(C3CC(=O)N(CCCN4CCC(c5c[nH]c6ccccc56)CC4)C3=O)c2c1,204.1,-2.3098430047160705,1,test,6.69015699528393,-1.6204967266584709,-0.6893462780575996,0.6893462780575996
Cn1ncc2c1CCN(CCN1CCN(c3nsc4ccccc34)CC1)C2=O,6.5,-0.8129133566428556,1,test,8.187086643357144,-0.1253144003516951,-0.6875989562911604,0.6875989562911604
Fc1ccc(SCCCN2CCN(c3ccc(C(F)(F)F)cc3)CC2)cc1,1080.0,-3.03342375548695,0,test,5.96657624451305,-2.34764776240658,-0.68577599308037,0.68577599308037
Cc1ccccc1-c1cccc(N2CCNCC2)c1,17.4,-1.2405492482825997,0,test,7.7594507517174005,-1.9239863794536312,0.6834371311710317,0.6834371311710317
COCC(C)(C)C(=O)NCCN1CC=C(c2cccc(C(F)(F)F)n2)CC1,2209.0,-3.344195715871435,0,test,5.655804284128565,-2.662665014590919,-0.6815307012805158,0.6815307012805158
Cc1ccc2c3c(ccc2n1)OC[C@H](CN1CCN(c2ccc4cc(F)ccc4n2)CC1)O3,32.9,-1.5171958979499742,1,test,7.482804102050026,-0.8387435923574668,-0.6784523055925075,0.6784523055925075
Cc1ccc2c(OCCN3CCN(Cc4ccc(F)c([N+](=O)[O-])c4)CC3)cccc2n1,501.19,-2.7000023971422538,1,test,6.299997602857746,-2.0216079468436536,-0.6783944502986001,0.6783944502986001
O=C1c2cccnc2CCN1CCN1CCC(c2noc3ccccc23)CC1,83.2,-1.920123326290724,1,test,7.0798766737092755,-1.243047760796,-0.677075565494724,0.677075565494724
CCOC(=O)c1sc(N2CCN(CCCCc3c[nH]c4ccc(F)cc34)CC2)nc1C,5.5,-0.7403626894942439,1,test,8.259637310505756,-0.06787775137462608,-0.6724849381196178,0.6724849381196178
CS(=O)(=O)NC[C@H]1CC[C@H](Nc2nc3c(s2)CCSc2ccccc2-3)CC1,478.0,-2.6794278966121188,0,test,6.320572103387882,-2.0101707812223246,-0.6692571153897942,0.6692571153897942
O=C1CC(c2c[nH]c3ccc(F)cc23)C(=O)N1CCCN1CCC(c2c[nH]c3ccc(F)cc23)CC1,336.0,-2.526339277389844,1,test,6.4736607226101555,-1.8597455901328477,-0.6665936872569964,0.6665936872569964
O=C1c2ccccc2C(=O)N1CCCN1CCN(c2ccccc2)CC1,200.0,-2.3010299956639813,1,test,6.698970004336019,-1.6350126960069244,-0.6660172996570568,0.6660172996570568
S=c1n(CCCCCCN2CCN(c3cccc(Cl)c3)CC2)c2cccc3c2n1CCC3,206.0,-2.3138672203691533,0,test,6.686132779630847,-1.649764469787452,-0.6641027505817012,0.6641027505817012
c1ccc(CN2CCN(CC3CCc4ccccc4O3)CC2)cc1,20.7,-1.3159703454569178,1,test,7.684029654543082,-1.9792756504118714,0.6633053049549535,0.6633053049549535
CC(=O)c1c(C)cc2oc(=O)cc(C)c2c1OCCCN1CCN(c2ccccc2F)CC1,0.3,0.5228787452803376,1,test,9.522878745280337,-0.13921833662616984,0.6620970819065075,0.6620970819065075
Cn1ncc(-c2ccc3c(c2)c(C2CCN(CCN4CCNC4=O)CC2)cn3-c2ccc(F)cc2)n1,290.0,-2.462397997898956,1,test,6.537602002101044,-1.8003041880364958,-0.6620938098624602,0.6620938098624602
CN1CCN(c2nccc3cc4c(cc23)N(C(=O)c2ccc(Cl)cc2)CC4)CC1,0.7943,0.100015437450609,0,test,9.100015437450608,-0.5610653727683914,0.6610808102190004,0.6610808102190004
c1ccc(-c2cccc(OCCNCC3COC(c4ccccc4)(c4ccccc4)O3)c2)cc1,28.84,-1.4599952560473914,0,test,7.540004743952609,-0.8012588291035874,-0.6587364269438041,0.6587364269438041
O=C1c2cccc3cccc(c23)N1CCCCCCN1CCN(c2nsc3ccccc23)CC1,71.0,-1.8512583487190752,0,test,7.1487416512809245,-1.1972227550949142,-0.6540355936241611,0.6540355936241611
O=C1c2cn[nH]c2CCN1CCN1CCC(c2noc3ccccc23)CC1,98.4,-1.9929950984313416,1,test,7.007004901568658,-1.3391284708440887,-0.6538666275872529,0.6538666275872529
O=c1[nH]c2cc(Cl)ccc2n1C1CCN(CCCCc2nc3ccccc3o2)CC1,613.8,-2.7880268840958036,0,test,6.211973115904197,-2.134375434016412,-0.653651450079392,0.653651450079392
CCOc1ccccc1N1CCN(CCC(=O)N2CCN(c3cccc(Cl)c3)CC2)CC1,15.2,-1.1818435879447726,0,test,7.818156412055227,-1.8350903489669408,0.6532467610221682,0.6532467610221682
COc1cccc2c(CCCN3CCN(c4ccccn4)CC3)cccc12,1.69,-0.22788670461367352,0,test,8.772113295386326,-0.879671321348058,0.6517846167343846,0.6517846167343846
O=S(=O)(c1cncc2ccccc12)N1CC[C@@H]1CCN1CCN(c2nsc3ccccc23)CC1,56.0,-1.7481880270062005,0,test,7.251811972993799,-1.099188184465928,-0.6489998425402725,0.6489998425402725
CN1CCC(c2c[nH]c3ccc(NC(=O)c4ccco4)nc23)CC1,560.0,-2.7481880270062002,1,test,6.251811972993799,-2.100009302622795,-0.648178724383405,0.648178724383405
COc1cccc2c1OCCC2CNCCCc1ccccc1,7.0,-0.8450980400142568,1,test,8.154901959985743,-1.4926074773574418,0.647509437343185,0.647509437343185
COc1ccccc1N1CCN(CCCCNS(=O)(=O)c2cccc3c(N(C)C)cccc23)CC1,151.0,-2.1789769472931693,0,test,6.821023052706831,-1.5327580376279506,-0.6462189096652187,0.6462189096652187
Cc1ccccc1N1CCN(C(=O)COc2ccc3cccc(N4CCN(C)CC4)c3c2)CC1,49.5,-1.6946051989335686,0,test,7.305394801066432,-1.052137210599456,-0.6424679883341127,0.6424679883341127
O=C1c2ccc(Cl)cc2CC1CCCN1CCN(c2ccccn2)CC1,2.322,-0.36586221540255504,1,test,8.634137784597446,-1.0079513216635343,0.6420891062609793,0.6420891062609793
COc1ccc2[nH]cc(C3CCCN(CCCCn4c(=O)c(-c5ccccc5C)c5ccccn5c4=O)C3)c2c1,476.0,-2.677606952720493,0,test,6.3223930472795065,-2.0433204392426223,-0.6342865134778708,0.6342865134778708
Cc1ccc2c(OCCN3CCC(Cc4cccc(-c5ccoc5)c4)CC3)cccc2n1,31.62,-1.4999618655961902,1,test,7.50003813440381,-0.8678909987685909,-0.6320708668275993,0.6320708668275993
Fc1ccc2[nH]cc(C3=CCN(CCc4coc5ccccc45)CC3)c2c1,248.0,-2.3944516808262164,1,test,6.605548319173783,-1.764631288070981,-0.6298203927552355,0.6298203927552355
COc1cccc2c1C(CN1CCC3(CC1)C(=O)NCN3c1ccccc1)CCO2,12.0,-1.0791812460476249,1,test,7.920818753952375,-1.7087758004207896,0.6295945543731647,0.6295945543731647
C[C@H]1CN(CC[C@H]2CC[C@H](NC(=O)N(C)C)CC2)CCc2ccc(Cl)cc21,14.5,-1.1613680022349748,1,test,7.838631997765026,-1.788771097439667,0.6274030952046921,0.6274030952046921
COc1ccccc1N1CCN(CC2Nc3cc(Cl)ccc3S(=O)(=O)N2)CC1,9.12,-0.9599948383284161,1,test,8.040005161671584,-1.5833990130558393,0.6234041747274233,0.6234041747274233
Cc1ccc2c(OCCCN3CC(Oc4ccc5c(c4)NC(=O)CO5)C3)cccc2n1,158.49,-2.200001865406602,1,test,6.799998134593398,-1.5789907431167451,-0.6210111222898567,0.6210111222898567
COc1c(O)ccc2c1CN1CCc3cc4c(cc3[C@@H]1C2)OCO4,908.0,-2.958085848521085,0,test,6.041914151478915,-2.340432639039575,-0.6176532094815101,0.6176532094815101
CC(=O)c1c(C)cc2oc(=O)cc(C)c2c1OCCCCN1CCN(c2ccc([N+](=O)[O-])cc2)CC1,33.0,-1.5185139398778875,0,test,7.481486060122112,-2.133114077516192,0.6146001376383046,0.6146001376383046
CC(C)N1CC(CNCCc2c[nH]c3ccc(F)cc23)Oc2ccccc21,2.81,-0.4487063199050799,1,test,8.55129368009492,-1.061689406584613,0.612983086679533,0.612983086679533
COc1ccc(N2CCN(CCC(O)c3ccccc3)CC2)cc1,5011.87,-3.6999997975545824,1,test,5.300000202445418,-3.091038330877873,-0.6089614666767096,0.6089614666767096
O=S(=O)(NC1CCN(CCOc2cccc(Br)c2I)CC1)c1ccccc1,2677.0,-3.4276483711869328,1,test,5.572351628813067,-2.8187728126552516,-0.6088755585316812,0.6088755585316812
OCCCNc1nccc(C2CCCN(CCc3c[nH]c4ccccc34)C2)n1,175.0,-2.2430380486862944,1,test,6.756961951313706,-1.635179363617169,-0.6078586850691254,0.6078586850691254
COc1ccc2[nH]cc(C3CCCN(CCCCn4c(=O)c(-c5ccccc5OC)c5n(c4=O)CCCC5)C3)c2c1,239.0,-2.3783979009481375,1,test,6.621602099051863,-1.7714408916674438,-0.6069570092806933,0.6069570092806933
CC(=O)Nc1cccc(N2CCN(CC3CCN(S(=O)(=O)C(C)C)CC3)CC2)c1,112.0,-2.0492180226701815,0,test,6.950781977329818,-1.4445954367165255,-0.6046225859536556,0.6046225859536556
CN1CCN(c2ccc3c(c2)CN(C(=O)OCc2ccccc2)C3)CC1,2609.0,-3.4164740791002206,0,test,5.583525920899779,-2.8122132323099107,-0.6042608467903099,0.6042608467903099
Cc1ccccc1OCCN1CCC(NS(=O)(=O)c2ccccc2)CC1,2368.0,-3.374381698050882,0,test,5.6256183019491175,-2.7705728869712285,-0.6038088110796536,0.6038088110796536
COc1ccccc1N1CCN(CCCN2C(=O)C[C@H](NC(=O)CC3CC4CCC3C4)C2=O)CC1,40.0,-1.6020599913279623,0,test,7.3979400086720375,-0.9987341341156316,-0.6033258572123309,0.6033258572123309
O=C1c2cccc3cccc(c23)C(=O)N1CCCCCCN1CCN(c2ccccc2[N+](=O)[O-])CC1,373.0,-2.571708831808688,1,test,6.428291168191312,-1.9685292020701908,-0.603179629738497,0.603179629738497
COc1ccnc(N2CCC3(CCCN(Cc4c[nH]c5ccccc45)C3=O)CC2)n1,3259.49,-3.5131496529781443,0,test,5.486850347021855,-2.910672413507238,-0.6024772394709061,0.6024772394709061
CCS(=O)(=O)Nc1cccc(N2CCN(CCCCNS(=O)(=O)c3ccc(C)cc3)CC2)c1,141.0,-2.1492191126553797,1,test,6.85078088734462,-1.550032120660755,-0.5991869919946251,0.5991869919946251
COc1ccc(/C=C2\NC(=O)N(CCCCN3CCN(c4ncccn4)CC3)C2=O)cc1OC,45.0,-1.6532125137753437,0,test,7.346787486224656,-1.0546478968938475,-0.598564616881496,0.598564616881496
COc1ccccc1N1CCN(CC2COC3(CCS(=O)(=O)CC3)O2)CC1,81.28,-1.909983694939844,0,test,7.090016305060156,-1.3120957890153955,-0.5978879059244486,0.5978879059244486
COc1cccc2c1N=C(N)NC2C,32.0,-1.505149978319906,0,test,7.494850021680094,-2.1022100922620894,0.5970601139421834,0.5970601139421834
COc1ccc2[nH]cc(C3CCN(CCCN4C(=O)CC(c5c[nH]c6ccc(F)cc56)C4=O)CC3)c2c1,157.0,-2.1958996524092336,1,test,6.804100347590767,-1.6014886920001503,-0.5944109604090833,0.5944109604090833
O=C(NC[C@H]1CC[C@H](CN2CCN(c3nsc4ccccc34)CC2)CC1)c1ccco1,5.3,-0.724275869600789,0,test,8.275724130399212,-1.3172154494849115,0.5929395798841225,0.5929395798841225
Fc1ccc2[nH]cc(CCCN3CCN(c4ccccc4-c4ccccc4)CC3)c2c1,13.0,-1.1139433523068367,1,test,7.886056647693163,-0.522845928863605,-0.5910974234432317,0.5910974234432317
Cc1ccc2c(N3CCN(CCc4cccc(NC(=O)c5scnc5C)c4)CC3)cccc2n1,0.3981,0.40000782241590205,0,test,9.400007822415901,-0.1851776916637931,0.5851855140796951,0.5851855140796951
NCCc1c[nH]c2ccc(OCc3ccc(COc4ccc5[nH]cc(CCN)c5c4)cc3)cc12,1.6,-0.2041199826559248,0,test,8.795880017344075,-0.7889390754587279,0.5848190928028031,0.5848190928028031
COc1cccc(OC)c1OCCNCCOc1ccccc1OCc1ccccc1Cl,4.786,-0.6799726942774185,0,test,8.320027305722581,-1.2620820714499048,0.5821093771724863,0.5821093771724863
CC(C)Oc1ccc2cc(C3CCN(C[C@H](O)COc4cccc5[nH]ccc45)CC3)sc2c1,19.85,-1.297760511099134,0,test,7.702239488900866,-0.7160992239842108,-0.5816612871149232,0.5816612871149232
COc1cc(Cl)ccc1N1CCN(CCn2cnc3sc4c(c3c2=O)CCN(C)C4)CC1,18.8,-1.2741578492636798,1,test,7.72584215073632,-0.6928277757275383,-0.5813300735361415,0.5813300735361415
CCCCN(CCC)C1Cc2cccc3nc(O)n(c23)C1,171.0,-2.2329961103921536,0,test,6.767003889607846,-1.653704735840482,-0.5792913745516717,0.5792913745516717
COc1ccccc1N1CCN(CCCCCC(=O)N2Cc3ccccc3C[C@H]2C(N)=O)CC1,12.0,-1.0791812460476249,0,test,7.920818753952375,-1.6552246893784166,0.5760434433307917,0.5760434433307917
O=C(Nc1cc2ccccc2s1)N[C@H]1CC[C@H](CCN2CCN(c3nsc4ccccc34)CC2)CC1,14.8,-1.1702617153949575,0,test,7.8297382846050425,-0.5942778691759952,-0.5759838462189623,0.5759838462189623
CN(C)c1cccc2c(S(=O)(=O)NCCCCCCCC34CCCN3C(=O)N(CCCCN3CCN(c5cccc6ccccc56)CC3)C4=O)cccc12,5.0,-0.6989700043360189,0,test,8.301029995663981,-1.2722022051499393,0.5732322008139205,0.5732322008139205
CSc1ccccc1N1CCN(CCCCC(=O)N2CCC[C@H]2C(N)=O)CC1,47.0,-1.6720978579357175,0,test,7.327902142064282,-1.1000214826651027,-0.5720763752706148,0.5720763752706148
COc1ccccc1N1CCN(CCCNC(=O)c2ccc3ccccc3c2)CC1,17.8,-1.250420002308894,1,test,7.7495799976911055,-1.8209190609692398,0.5704990586603458,0.5704990586603458
O=C1CCc2cc(C(=O)CCCN3CCN(c4ccccn4)CC3)ccc2N1,48.71,-1.68761812957177,1,test,7.31238187042823,-1.1187267145844024,-0.5688914149873676,0.5688914149873676
O=S(=O)(NC1CCN(CCOc2ccccc2)CC1)c1ccccc1Br,2077.0,-3.317436496535099,0,test,5.682563503464901,-2.7503292815309326,-0.5671072150041665,0.5671072150041665
Cn1cc2c(n1)CCN(CCN1CCC(c3noc4ccccc34)C1)C2=O,78.1,-1.8926510338773004,1,test,7.1073489661227,-1.3281431532835426,-0.5645078805937578,0.5645078805937578
O=C1CCc2ccc(OCCCCN3CCCN(c4cccc(Cl)c4Cl)CC3)nc2N1,29.0,-1.462397997898956,1,test,7.537602002101044,-0.8982590325453745,-0.5641389653535815,0.5641389653535815
Cc1ccc2c(N3CCN(CCc4cccc5c4OCC(=O)N5CC4CC4)CC3)cccc2n1,0.631,0.19997064075586568,0,test,9.199970640755865,0.7627020915537531,-0.5627314507978876,0.5627314507978876
COc1cccc2c(CCCN(C3CCC3)C3COc4c(F)ccc(C(N)=O)c4C3)c[nH]c12,3.22,-0.5078558716958309,0,test,8.492144128304169,-1.0699729060933847,0.5621170343975538,0.5621170343975538
O=C1c2cccc3cccc(c23)C(=O)N1CCCCCCN1CCN(c2nsc3ccccc23)CC1,86.0,-1.9344984512435677,0,test,7.0655015487564325,-1.375540463238719,-0.558957988004849,0.558957988004849
CN(C)CCc1c[nH]c2cccc(O)c12,63.0,-1.7993405494535817,0,test,7.200659450546418,-2.3567272903392347,0.557386740885653,0.557386740885653
NC(=O)[C@@H]1CCCN1C(=O)CCCCCN1CCN(c2ccccc2F)CC1,141.0,-2.1492191126553797,0,test,6.85078088734462,-1.595696615417148,-0.5535224972382322,0.5535224972382322
Fc1cccc2c1nc(OCC1CCN(CCCc3ccc(I)cc3)CC1)c1cccnc12,680.0,-2.832508912706236,0,test,6.167491087293763,-2.279182345777975,-0.553326566928261,0.553326566928261
Fc1cc2c(c(OCCNCCc3c[nH]c4ccccc34)c1)OCCC2,8.5,-0.9294189257142927,0,test,8.070581074285707,-1.4822211073345999,0.552802181620307,0.552802181620307
CC1CN(c2ccc3ccccc3n2)CCN1CCCCN1C(=O)CC(C)(C)CC1=O,15.0,-1.1760912590556813,0,test,7.823908740944319,-1.728497493092415,0.552406234036734,0.552406234036734
O=C(CCCCCN1CCN(c2ccccc2F)CC1)NC1CCCc2ccccc21,29.2,-1.4653828514484182,1,test,7.534617148551582,-2.0175634560076676,0.5521806045592494,0.5521806045592494
O=C1c2cn(C3CC3)nc2CCN1CCN1CCN(c2nsc3ccccc23)CC1,2.39,-0.3783979009481377,1,test,8.621602099051863,-0.9272191323265999,0.5488212313784622,0.5488212313784622
COc1cccc(N2CCN(CCCCOc3cc(C)cc4oc(=O)cc(C)c34)CC2)c1,1.0,-0.0,0,test,9.0,-0.5480011657574948,0.5480011657574948,0.5480011657574948
COc1cc2c(cc1OC)C1=NO[C@@H](CN3CCN(C/C(C)=C/c4ccccc4)CC3)[C@@H]1CO2,475.0,-2.6766936096248664,0,test,6.323306390375134,-2.1303158069673938,-0.5463778026574726,0.5463778026574726
Clc1ccccc1N1CCN(CCN2CCC3(CCCC3)CC2)CC1,85.4,-1.931457870689005,1,test,7.068542129310995,-1.3879983237275733,-0.5434595469614318,0.5434595469614318
O=S(=O)(NCCCCCCN1CCN(c2nsc3ccccc23)CC1)c1ccc2ccccc2c1,73.0,-1.863322860120456,0,test,7.136677139879544,-1.3214278499957965,-0.5418950101246593,0.5418950101246593
CS(=O)(=O)Nc1ccc(N2CCN(C(=O)COc3ccc4[nH]cc(CCN)c4c3)CC2)cc1,68.9,-1.8382192219076259,0,test,7.161780778092374,-1.2977291871037486,-0.540490034803877,0.540490034803877
Cc1[nH]c2cccc3c2c1C[C@@H]1C3C[C@H](NC(=O)C(C)(C)C)CN1C,18.7,-1.271841606536499,0,test,7.7281583934635005,-0.7344379301576379,-0.5374036763788611,0.5374036763788611
Oc1cc(CC2CCN(CCc3ccc4c(c3)C(O)CCO4)CC2)ccc1Br,8.5,-0.9294189257142927,1,test,8.070581074285707,-1.4665435368815016,0.5371246111672088,0.5371246111672088
CSc1ccccc1N1CCN(CCCCCCC(=O)N2Cc3ccccc3C[C@H]2C(N)=O)CC1,2.0,-0.3010299956639812,1,test,8.698970004336019,-0.8361918869304978,0.5351618912665166,0.5351618912665166
Fc1cccc(-c2cc(F)ccc2OCCN2CCC(c3c[nH]c4ccc(F)cc34)CC2)c1,17.0,-1.2304489213782739,0,test,7.769551078621726,-1.7652911927848343,0.5348422714065602,0.5348422714065602
O=S(=O)(c1cncc2ccccc12)N1CCC(CCN2CCN(c3ccc(F)cc3)CC2)CC1,975.0,-2.989004615698537,1,test,6.010995384301463,-2.4570188531094486,-0.5319857625890885,0.5319857625890885
O=C1c2ncccc2CCN1CCN1CCC(c2noc3cc(F)ccc23)CC1,11.86,-1.0740846890282438,1,test,7.925915310971757,-1.60512867733279,0.5310439883045461,0.5310439883045461
COc1cc2c(cc1OCCF)C[C@H]1c3c(cc(OC)c(OC)c3-2)CCN1C,845.0,-2.926856708949692,0,test,6.073143291050307,-2.3971335062189003,-0.5297232027307919,0.5297232027307919
O=S(=O)(NCCCCN1CC=C(c2c[nH]c3ccc(F)cc23)CC1)c1ccc2ccccc2c1,10.0,-1.0,0,test,8.0,-1.5290914263538367,0.5290914263538367,0.5290914263538367
Cc1cccc(N2CCN(CCCCNC(=O)c3cc4ccccc4cn3)CC2)n1,2.0,-0.3010299956639812,1,test,8.698970004336019,-0.8300070541033301,0.528977058439349,0.528977058439349
Cc1nccc2c1C(=O)N(CCN1CCN(c3noc4ccccc34)CC1)CC2,101.0,-2.0043213737826426,1,test,6.995678626217357,-1.4813538069420522,-0.52296756684059,0.52296756684059
COc1cccc2sc(C3CCN(C[C@H](O)COc4cccc5[nH]ccc45)CC3)cc12,1.89,-0.2764618041732441,0,test,8.723538195826755,-0.7986900755416376,0.5222282713683934,0.5222282713683934
Cc1nc2c(o1)C(=O)N(CCN1CCC(c3noc4ccccc34)CC1)CC2,3.3,-0.5185139398778874,1,test,8.481486060122112,-1.0398666565027304,0.521352716624843,0.521352716624843
Fc1ccc(N2CCN(Cc3cn4ccccc4n3)CC2)cc1,3600.0,-3.5563025007672873,0,test,5.443697499232712,-3.0369113052578496,-0.5193911955094381,0.5193911955094381
Cn1cncc1-c1c[nH]c2ccc(Cl)c(F)c12,2344.0,-3.369957607346053,0,test,5.630042392653947,-2.8521361180017912,-0.5178214893442616,0.5178214893442616
Cc1cc2c(cc1OCCCN1CCN(c3cccc4cccc(F)c34)CC1)C(=O)NC2,1.44,-0.15836249209524964,1,test,8.84163750790475,0.3534545254912223,-0.5118170175864719,0.5118170175864719
O=S(=O)(NCCN1CC=C(c2c[nH]c3ccc(Cl)cc23)CC1)c1ccc2ccccc2c1,18.0,-1.255272505103306,0,test,7.7447274948966935,-0.7469149601008439,-0.5083575450024621,0.5083575450024621
O=c1c(-c2ccccc2)c2ccccn2c(=O)n1CCCCN1CCCC(c2c[nH]c3ccccc23)C1,22.0,-1.3424226808222062,1,test,7.657577319177793,-1.8483221129304186,0.5058994321082124,0.5058994321082124
Cc1ccc2c(OCCN3CCC(Cc4cccc(NS(C)(=O)=O)c4)CC3)cccc2n1,2.512,-0.40001963506515853,0,test,8.599980364934842,-0.9058453498849649,0.5058257148198064,0.5058257148198064
Cc1ccc2c(OCCN3CCC(Cc4ccc5c(c4)NC(=O)CO5)CC3)cccc2n1,1.5360888888888888,-0.18641634775081706,1,test,8.813583652249182,-0.6889731314598538,0.5025567837090368,0.5025567837090368
COc1ccccc1N1CCN(CCCCCCNc2nc(N)nc(N)n2)CC1,4.0,-0.6020599913279624,1,test,8.397940008672037,-1.1025396246764583,0.5004796333484959,0.5004796333484959
CSc1ccccc1OCCN1CCC(CNS(=O)(=O)c2cccc(Cl)c2)CC1,18.0,-1.255272505103306,0,test,7.7447274948966935,-1.7551855502387088,0.4999130451354028,0.4999130451354028
Cc1nc(N2CCN(CCCCc3c[nH]c4ccc(F)cc34)CC2)sc1C(N)=O,23.0,-1.3617278360175928,0,test,7.638272163982407,-0.8651452346908647,-0.49658260132672816,0.49658260132672816
c1ccc(-c2nc3cc(CCN4CCN(c5ccccc5)CC4)ccc3[nH]2)cc1,173.78,-2.2399997928868713,0,test,6.760000207113128,-1.745020040975228,-0.4949797519116439,0.4949797519116439
Cc1cccc(N2CCN(CCCCNC(=O)c3cc4ccccc4o3)CC2)n1,2.0,-0.3010299956639812,1,test,8.698970004336019,-0.7958105148170893,0.4947805191531081,0.4947805191531081
COc1ccccc1C(=O)Nc1ccc2[nH]cc(C3CCN(C)CC3)c2n1,20.0,-1.3010299956639813,0,test,7.698970004336019,-1.7876341175705426,0.4866041219065613,0.4866041219065613
Cc1ccc(N2CCN(CCNC(=O)c3cnc4ccccc4n3)CC2)cc1,27.3,-1.436162647040756,0,test,7.5638373529592435,-1.9210341262051318,0.4848714791643758,0.4848714791643758
CCOc1cccc2c1O[C@@H](CN1[C@@H]3CC[C@H]1C[C@](O)(c1ccccn1)C3)CO2,61.6,-1.7895807121644254,1,test,7.210419287835575,-1.306379782427397,-0.48320092973702833,0.48320092973702833
COc1ccccc1N1CCN(CCN(C(=O)N2CCCCC2)c2cccc(F)n2)CC1,0.51,0.2924298239020636,0,test,9.292429823902063,-0.18908821844264292,0.4815180423447065,0.4815180423447065
Cc1cc(OCCCN2CCN(c3ccc([N+](=O)[O-])cc3)CC2)c2c(C)cc(=O)oc2c1,1210.0,-3.0827853703164503,0,test,5.917214629683549,-2.601646112106101,-0.4811392582103493,0.4811392582103493
CCC(=O)Nc1cccc(CC2CCN(CCOc3cccc4nc(C)ccc34)CC2)c1,25.12,-1.4000196350651586,1,test,7.599980364934842,-0.9201802494208998,-0.47983938564425876,0.47983938564425876
Cn1cncc1-c1c[nH]c2ccc(C(N)=O)c(F)c12,1738.0,-3.2400497721126476,0,test,5.7599502278873524,-2.7604507849441857,-0.4795989871684623,0.4795989871684623
O=C1CCc2ccc(OCCCCN3CCN(c4cccc(Cl)c4Cl)CC3)nc2N1,17.7,-1.2479732663618066,1,test,7.752026733638194,-0.7691639818123168,-0.4788092845494898,0.4788092845494898
CCc1nc2c(N3CCNCC3)ccnc2n1Cc1cccc(Cl)c1,1354.0,-3.1316186643491255,0,test,5.8683813356508745,-2.65762931411254,-0.47398935023658506,0.47398935023658506
CSc1ccccc1N1CCN(Cc2ccc(C(=O)N3Cc4ccccc4C[C@H]3C(N)=O)cc2)CC1,122.0,-2.0863598306747484,0,test,6.913640169325252,-1.612723999807267,-0.4736358308674813,0.4736358308674813
Cc1ccccc1-c1c(=O)n(CCCCN2CCCC(c3c[nH]c4ccc(F)cc34)C2)c(=O)n2ccccc12,376.0,-2.575187844927661,1,test,6.424812155072339,-2.101761337790086,-0.47342650713757495,0.47342650713757495
CN1CCN(Cc2ccc(OCCCN3CCC(c4noc5cc(F)ccc45)CC3)cc2)CC1,11.9,-1.0755469613925308,0,test,7.924453038607469,-1.5477899818484762,0.47224302045594535,0.47224302045594535
Cc1cc2ccn(CCN3CCN(c4noc5ccccc45)CC3)c(=O)c2cn1,14.4,-1.1583624920952498,1,test,7.84163750790475,-1.6260837449592478,0.467721252863998,0.467721252863998
COc1ccccc1N1CCN(CCN(C(=O)C2CCC(F)CC2)c2ccccn2)CC1,0.381,0.4190750243243807,0,test,9.41907502432438,-0.04530405629859638,0.46437908062297706,0.46437908062297706
COc1cc2c(cc1OC(C)C)C[C@H]1c3c(cc(OC)c(OC)c3-2)CCN1C,563.0,-2.7505083948513462,0,test,6.249491605148654,-2.2871527257008486,-0.46335566915049764,0.46335566915049764
COc1ccccc1N1CCN(CCCCN2C(=O)N3CCCC3(CCNCCCCCNS(=O)(=O)c3cccc4c(N(C)C)cccc34)C2=O)CC1,7.0,-0.8450980400142568,0,test,8.154901959985743,-1.3052748067576412,0.46017676674338437,0.46017676674338437
CC(C)NCC(O)CCOc1cccc2[nH]ccc12,1772.0,-3.248463717551032,1,test,5.751536282448968,-2.788592525952455,-0.45987119159857714,0.45987119159857714
O=c1oc2ccccc2n1CCCCCCCN1CCN(c2ccccc2)CC1,29.78,-1.4739246934161574,1,test,7.526075306583842,-1.016022017485666,-0.4579026759304914,0.4579026759304914
O=C(Nc1cccc(Cl)c1)NC1CCN(CCOc2ccccc2-c2ccccc2)CC1,718.0,-2.8561244442423,0,test,6.1438755557577,-2.398795525390731,-0.457328918851569,0.457328918851569
CSc1ccccc1OCCNCC1(F)CCN(C(=O)c2ccc(Cl)c(Cl)c2)CC1,0.5,0.3010299956639812,1,test,9.301029995663981,0.75733059554925,-0.4563005998852688,0.4563005998852688
Cn1nnnc1-c1ccc2c(c1)c(C1CCN(CCN3CCNC3=O)CC1)cn2-c1ccc(F)cc1,51.0,-1.7075701760979363,1,test,7.292429823902063,-1.2515907294873545,-0.455979446610582,0.455979446610582
CC(C)c1cccc(OCCN2CCC(NS(=O)(=O)c3ccccc3)CC2)c1,388.0,-2.5888317255942073,0,test,6.411168274405792,-3.044638330643465,0.4558066050492573,0.4558066050492573
C#CCOc1c(OC)cc2c3c1-c1cc(NC(N)=O)ccc1CC3N(C)CC2,911.0,-2.9595183769729982,0,test,6.040481623027002,-2.5043894853877706,-0.4551288915852276,0.4551288915852276
COc1ccccc1N1CCN(CCCNC(=O)NCc2ccccc2-c2ccccc2)CC1,62.0,-1.792391689498254,0,test,7.207608310501746,-1.3377456876996086,-0.45464600179864534,0.45464600179864534
O=c1[nH]c(CCCCN2CCC(Cc3ccccc3)CC2)nc2ccsc12,102.0,-2.0086001717619175,0,test,6.991399828238082,-2.460621707347669,0.452021535585752,0.452021535585752
Cn1cncc1-c1c[nH]c2ccc(Br)c(F)c12,1072.0,-3.030194785356751,0,test,5.969805214643249,-2.5789885513837656,-0.4512062339729854,0.4512062339729854
C[C@H]1C[C@H](c2cc3ccccc3s2)CCN1C[C@H](O)COc1cccc2[nH]ccc12,3.09,-0.4899584794248346,0,test,8.510041520575164,-0.9398573531674874,0.4498988737426528,0.4498988737426528
CC(=O)Nc1cccc(CC2CCN(CCOc3cccc4nc(C)ccc34)CC2)c1,25.12,-1.4000196350651586,1,test,7.599980364934842,-0.9508409334355522,-0.4491787016296064,0.4491787016296064
COc1ccc2[nH]cc(CC(C)N)c2c1,4.6,-0.6627578316815741,0,test,8.337242168318426,-1.1116616849835266,0.4489038533019525,0.4489038533019525
COc1ccccc1N1CCN(CCCOc2ccc3c(C)cc(=O)oc3c2C(C)=O)CC1,0.6,0.2218487496163564,0,test,9.221848749616356,-0.22564631348805697,0.44749506310441334,0.44749506310441334
COc1ccc2[nH]cc(CCN)c2c1,3.2,-0.505149978319906,1,test,8.494850021680094,-0.9513120496906974,0.44616207137079134,0.44616207137079134
Fc1ccc(-c2n[nH]cc2N2CCCNCC2)cc1,1683.0,-3.226084115975824,1,test,5.773915884024176,-2.781427991440935,-0.4446561245348888,0.4446561245348888
Cc1ccc2c(N3CCN(CCc4cccc5c4OCC(=O)N5CC(F)F)CC3)cccc2n1,0.5012,0.29998893767788765,0,test,9.299988937677888,0.7439977944264612,-0.4440088567485736,0.4440088567485736
Cc1ccccc1-c1c2n(c(=O)n(CCCCN3CCCC(c4c[nH]c5ccc(F)cc45)C3)c1=O)CCCC2,142.0,-2.1522883443830563,0,test,6.847711655616944,-1.7130764118522743,-0.43921193253078195,0.43921193253078195
Clc1ccccc1Oc1ncccc1C1CCNCC1,16.0,-1.2041199826559248,0,test,7.795880017344075,-1.6429717428392343,0.4388517601833095,0.4388517601833095
CCc1cc(Cl)c(OC)c(N2CCN(CC[C@H]3CC[C@H](NC(=O)CCOC)CC3)CC2)c1,108.0,-2.03342375548695,0,test,6.96657624451305,-1.5949375500028122,-0.43848620548413764,0.43848620548413764
COc1ccccc1N1CCN(CCCCNC(=O)c2ccc(-c3ccccn3)cc2)CC1,6.71,-0.8267225201689921,1,test,8.173277479831007,-1.2617880524833034,0.43506553231431133,0.43506553231431133
CCCc1ccccc1N1CCN(CCCCCC(=O)NC2CCCc3ccccc32)CC1,168.0,-2.225309281725863,1,test,6.774690718274137,-1.7919483556005225,-0.4333609261253404,0.4333609261253404
Nc1cccc(CCN2CCN(c3cccc(C(F)(F)F)c3)CC2)c1,4.5,-0.6532125137753437,0,test,8.346787486224656,-1.0865419735335242,0.4333294597581805,0.4333294597581805
c1ccc(Oc2ncccc2C2CCNCC2)cc1,101.0,-2.0043213737826426,0,test,6.995678626217357,-1.573592875104416,-0.43072849867822627,0.43072849867822627
OC(CCN1CCN(c2ncccn2)CC1)c1ccccc1,371.54,-2.570005576761788,0,test,6.429994423238211,-2.139326980477652,-0.4306785962841362,0.4306785962841362
Cc1cc2c(OC[C@H](O)CN3CC[C@@H](c4ccc5sccc5c4)C[C@@H]3C)cccc2[nH]1,1.43,-0.1553360374650618,1,test,8.844663962534938,-0.5855936517221239,0.43025761425706205,0.43025761425706205
O=C1NCc2ccc3c(c21)CC(N(CCCc1c[nH]c2ccc(F)cc12)C(=O)c1ccccc1)CO3,85.0,-1.9294189257142926,1,test,7.070581074285707,-2.3589658180907738,0.4295468923764809,0.4295468923764809
Cn1c(=O)cnn(CCCCN2CCN(c3cccc(Br)n3)CC2)c1=O,2.7,-0.43136376415898736,1,test,8.568636235841012,-0.8603499620126108,0.4289861978536235,0.4289861978536235
Fc1ccc2[nH]cc(CCCNCCOc3cccc4[nH]cnc34)c2c1,0.69,0.16115090926274472,1,test,9.161150909262744,-0.26726162499621675,0.4284125342589614,0.4284125342589614
CCCN(CCCCc1c[nH]c2ccc(F)cc12)C1COc2c(ccc3ncccc23)C1,21.0,-1.3222192947339193,0,test,7.6777807052660805,-1.7476259506618026,0.4254066559278833,0.4254066559278833
Cc1ccc2c3c(ccc2n1)OC[C@H](CN1CCN(c2ccc4cc(C#N)ccc4n2)CC1)O3,3.7,-0.568201724066995,1,test,8.431798275933005,-0.9935203083987827,0.4253185843317877,0.4253185843317877
COc1ccc(/C=C2\NC(=O)N(CCCN3CCN(c4ncccn4)CC3)C2=O)cc1OC,12.0,-1.0791812460476249,0,test,7.920818753952375,-1.5036099415289366,0.4244286954813117,0.4244286954813117
O=C1CC2(CCCCC2)CC(=O)N1CCN1CCN(c2ccccc2Cl)CC1,19.97,-1.3003780648707026,1,test,7.699621935129297,-0.877642233160433,-0.4227358317102696,0.4227358317102696
O=C1c2ccccc2S(=O)(=O)N1CCCCCCN1CCN(c2ncccn2)CC1,24.0,-1.380211241711606,1,test,7.619788758288394,-0.9578199535128595,-0.4223912881987464,0.4223912881987464
O=C1CC2(CCCC2)CC(=O)N1CCN1CCN(c2ccc(F)cc2F)CC1,24.0,-1.380211241711606,1,test,7.619788758288394,-1.8001553477179473,0.41994410600634136,0.41994410600634136
CCOc1ccccc1N1CCN(CCCCCn2cnc(-c3ccccc3)cc2=O)CC1,25.9,-1.413299764081252,0,test,7.586700235918748,-0.9974005592998126,-0.41589920478143927,0.41589920478143927
O=C(CCCCCN1CCN(c2ccccc2-c2ccccc2)CC1)N1Cc2ccccc2C1,124.0,-2.093421685162235,0,test,6.906578314837764,-1.6791196557211565,-0.41430202944107863,0.41430202944107863
O=C1NCN(c2ccccc2)C12CCN(CCCCc1nc3ccccc3o1)CC2,381.095,-2.581033250827653,0,test,6.4189667491723466,-2.1668978454188816,-0.41413540540877136,0.41413540540877136
Cc1ccc2c(N3CCN(CCc4ccc5c(c4)NC(=O)CO5)CC3)cc(Cl)cc2n1,0.3162,0.5000381344038097,1,test,9.500038134403809,0.0862591242818296,0.41377901012198015,0.41377901012198015
Cc1ccc2c(N3CCN(CCc4cccc(N5CCCOC5=O)c4)CC3)cccc2n1,2.512,-0.40001963506515853,0,test,8.599980364934842,0.01278359154881479,-0.4128032266139733,0.4128032266139733
CSc1ccccc1N1CCN(CCCCC(=O)N2Cc3ccccc3C[C@H]2C(N)=O)CC1,18.0,-1.255272505103306,0,test,7.7447274948966935,-0.8442461029414399,-0.41102640216186614,0.41102640216186614
N#Cc1ccc(CNC(=O)CCOCCN2CCN(c3cccnc3-c3ccc(F)cc3)CC2)cc1,6631.0,-3.821579027912009,1,test,5.1784209720879915,-3.411103060895985,-0.41047596701602407,0.41047596701602407
COCCOc1cc(Br)cc(CC2CCN(CCc3ccc4c(c3)OCCO4)CC2)c1,57.8,-1.761927838420529,0,test,7.2380721615794705,-1.3522070290738393,-0.40972080934668975,0.40972080934668975
CCCCNCc1ccc(Cl)c(-c2ccccc2OC)c1,320.0,-2.505149978319906,0,test,6.494850021680094,-2.914823882319782,0.409673903999876,0.409673903999876
O=C1c2ccccc2CCCN1CCN1CCC(n2c(O)nc3cc(F)ccc32)CC1,478.63,-2.6799999162292196,0,test,6.320000083770781,-2.270327514919826,-0.4096724013093942,0.4096724013093942
O=C([C@@H]1CCCN1C(=O)CCCCCCN1CCN(c2ccccc2-c2ccccc2)CC1)N1CCCCC1,9.0,-0.9542425094393249,0,test,8.045757490560675,-1.3629369365772916,0.4086944271379669,0.4086944271379669
CC(C)(C)c1ccccc1OCCN1CCC(NS(=O)(=O)c2cccc(Cl)c2)CC1,1847.0,-3.2664668954402414,1,test,5.733533104559759,-3.6739253392260105,0.4074584437857691,0.4074584437857691
COc1cc2c(cn1)CCN(CCN1CCN(c3nsc4ccccc34)CC1)C2=O,0.75,0.12493873660829995,1,test,9.1249387366083,-0.28200562706137616,0.40694436366967607,0.40694436366967607
c1ccc2c(c1)NCC(CNCCc1c[nH]c3ccccc13)O2,6.91,-0.8394780473741984,1,test,8.160521952625801,-1.2462038714468304,0.406725824072632,0.406725824072632
COc1ccc(-c2ccccc2N2CCN(C[C@@H](O)COc3ccccc3C#N)CC2)cc1,403.0,-2.6053050461411096,0,test,6.39469495385889,-2.1991865764128127,-0.4061184697282969,0.4061184697282969
Fc1ccc2[nH]cc(CCN3CCN(c4nsc5ccccc45)CC3)c2c1,1.6,-0.2041199826559248,1,test,8.795880017344075,-0.6101103428569566,0.40599036020103185,0.40599036020103185
c1ccc(-c2ccccc2OCCNCC2COC(c3ccccc3)(c3ccccc3)O2)cc1,2.188,-0.3400473176613932,0,test,8.659952682338607,-0.7452184523900816,0.4051711347286884,0.4051711347286884
CCC([Se]Cc1ccccc1)c1nc(N)nc(N2CCN(C)CC2)n1,1149.0,-3.060320028688285,0,test,5.939679971311715,-3.4648503497169933,0.40453032102870834,0.40453032102870834
O=C1COc2ccc(OC3CCN(CCOc4cccc5ccccc45)CC3)cc2N1,2.512,-0.40001963506515853,1,test,8.599980364934842,-0.8040666761597995,0.40404704109464107,0.40404704109464107
CN1CCC(c2c[nH]c3ccc(NC(=O)c4ccc([N+](=O)[O-])cc4)nc23)CC1,38.0,-1.5797835966168101,1,test,7.42021640338319,-1.9820796260420144,0.4022960294252045,0.4022960294252045
OCC1COc2c(cc(Cl)cc2N2CCN([C@@H]3Cc4cc(F)ccc4[C@H]3O)CC2)O1,10.47,-1.0199466816788423,0,test,7.980053318321158,-0.6182852078109631,-0.4016614738678794,0.4016614738678794
CC(=O)c1c(-c2ccccc2)nn(C)c(=O)c1NCCN1CCN(c2ccccc2Cl)CC1,11.6,-1.0644579892269184,1,test,7.935542010773082,-1.4658465805879697,0.4013885913610513,0.4013885913610513
Fc1ccc(OCCCN2CCCN(c3ccc(Cl)cc3)CC2)cc1,73.0,-1.863322860120456,0,test,7.136677139879544,-2.263835550703374,0.40051269058291794,0.40051269058291794
Fc1ccc2[nH]cc(CCCNCCOc3cccc4c3OCC4)c2c1,1.6,-0.2041199826559248,1,test,8.795880017344075,-0.6042202549046285,0.4001002722487037,0.4001002722487037
Cc1ccc2cc(C3CCN(C[C@H](O)COc4cccc5[nH]c(C)cc45)CC3)sc2c1,22.6,-1.354108439147401,0,test,7.645891560852599,-0.9589608041692296,-0.3951476349781714,0.3951476349781714
O=C(NCCCCN1CCN(c2ccccc2Cl)CC1)c1n[nH]c2ccccc12,23.0,-1.3617278360175928,1,test,7.638272163982407,-1.7556548926357214,0.39392705661812855,0.39392705661812855
CCN(CC)CCc1c[nH]c2cccc(O)c12,49.0,-1.6901960800285136,0,test,7.309803919971486,-2.083982824457359,0.3937867444288454,0.3937867444288454
OC(CCN1CCN(c2cccc3c2OCCO3)CC1)c1csc2ccc(F)cc12,6.026,-0.7800291273373383,0,test,8.219970872662662,-0.3891227397273548,-0.39090638760998353,0.39090638760998353
Cn1nc(Br)c2c1CCN(CCN1CCC(c3noc4ccccc34)CC1)C2=O,14.1,-1.14921911265538,1,test,7.85078088734462,-0.759169246080493,-0.39004986657488694,0.39004986657488694
CN(C)CCOC1=Cc2ccccc2Sc2ccc(Cl)cc21,330.0,-2.5185139398778875,0,test,6.481486060122112,-2.9081849950830225,0.389671055205135,0.389671055205135
CCN(CC)CCc1ccc(Cl)c(-c2ccccc2OC)c1,84.0,-1.9242792860618816,1,test,7.075720713938118,-2.3137647697710957,0.3894854837092141,0.3894854837092141
CC(=O)N(C)c1cccc(CC2CCN(CCOc3cccc4nc(C)ccc34)CC2)c1,25.12,-1.4000196350651586,1,test,7.599980364934842,-1.0120455165804523,-0.3879741184847063,0.3879741184847063
CCCCCCC[C@H](O)CC(=O)CCc1ccc(O)c(OC)c1,11710.0,-4.068556895072363,0,test,4.931443104927637,-3.68252222395393,-0.3860346711184328,0.3860346711184328
O=C(CCCN1CCN(c2ccccn2)CC1)c1ccc(F)cc1,7.843,-0.8944822150100906,0,test,8.10551778498991,-1.2796431295790827,0.38516091456899204,0.38516091456899204
O=C1CCc2ccc(OCCCCN3CCN(c4cccc5c4OCCC5)CC3)nc2N1,1.1,-0.04139268515822508,1,test,8.958607314841775,-0.42512057035774814,0.38372788519952317,0.38372788519952317
O=C(c1ccc(F)c(Cl)c1)N1CCC(F)(CNCCCc2ccccn2)CC1,2.535,-0.4039779636693548,1,test,8.596022036330645,-0.02062497268592697,-0.38335299098342784,0.38335299098342784
CN(C(=O)N[C@H]1CC[C@H](CCN2CCN(c3nsc4ccccc34)CC2)CC1)c1ccccc1,4.9,-0.6901960800285137,0,test,8.309803919971486,-0.30815702094055436,-0.3820390590879594,0.3820390590879594
CC(COc1ccccc1-c1ccccc1)N1CCC(NS(=O)(=O)c2ccc(F)cc2)CC1,297.0,-2.4727564493172123,0,test,6.527243550682788,-2.853239134735719,0.3804826854185066,0.3804826854185066
CN1C(=N)N(C)/C(=C/c2c[nH]c3c(Br)cccc23)C1=O,1812.0,-3.2581581933407944,0,test,5.741841806659206,-2.878070922349725,-0.3800872709910692,0.3800872709910692
COc1ccc(N2CCN(CCCCCCN3C(=O)c4ccccc4S3(=O)=O)CC2)cc1,327.0,-2.514547752660286,1,test,6.485452247339714,-2.135845309969537,-0.37870244269074904,0.37870244269074904
CN(C(=O)N[C@H]1CC[C@H](CCN2CCN(c3nsc4ccccc34)CC2)CC1)c1cccs1,3.92,-0.5932860670204573,0,test,8.406713932979542,-0.21505011090906534,-0.37823595611139194,0.37823595611139194
Cc1cc2c(OC[C@@H](O)CN3CC[C@@H](c4cccc5occc45)C[C@@H]3C)cccc2[nH]1,1.23,-0.08990511143939793,0,test,8.910094888560602,-0.4677953361923016,0.37789022475290374,0.37789022475290374
Fc1ccc(OCCCN2CCN(c3ccc(Cl)cc3)CC2)cc1,80.0,-1.9030899869919435,0,test,7.096910013008056,-2.280756155413673,0.3776661684217293,0.3776661684217293
N[C@H]1CC[C@H](CCN2CCN(c3nsc4ccccc34)CC2)CC1,7.2,-0.8573324964312685,0,test,8.142667503568731,-0.4801073635592886,-0.3772251328719799,0.3772251328719799
O=c1n(CCCN2CCN(c3cccc(Cl)c3)CC2)nc2ccccn12,118.0,-2.0718820073061255,0,test,6.928117992693874,-1.696463964021951,-0.37541804328417405,0.37541804328417405
CCCN1CCc2cccc3c2[C@H]1Cc1cccc(N)c1-3,276.0,-2.4409090820652177,0,test,6.559090917934782,-2.0658237333049474,-0.37508534876027033,0.37508534876027033
Fc1cccc(F)c1Oc1ncccc1C1CCNCC1,7.2,-0.8573324964312685,0,test,8.142667503568731,-1.2303663346876186,0.37303383825635006,0.37303383825635006
O=C(NCCN1CCC(c2cccc(C(F)(F)F)n2)CC1)C1CCOC1,3327.0,-3.5220528008688223,0,test,5.477947199131178,-3.1503394963057794,-0.37171330456304297,0.37171330456304297
CN1CCc2cccc3c2[C@H]1Cc1cccc(O)c1-3,49.0,-1.6901960800285136,0,test,7.309803919971486,-2.0613607713996553,0.3711646913711417,0.3711646913711417
COc1cc(N2CCN(C3CCN(c4ccc(F)c5cc(F)cnc45)CC3)CC2)c2ncccc2c1,0.47,0.3279021420642826,1,test,9.327902142064282,-0.04156843484335032,0.3694705769076329,0.3694705769076329
CC(C)(C)C(=O)NCCN1CCC(c2cccc(C(F)(F)F)n2)CC1,2443.0,-3.3879234669734366,0,test,5.612076533026563,-3.019328087470502,-0.3685953795029344,0.3685953795029344
CCOc1cc2c(cc1OC)-c1c(OC)c(OC)cc3c1[C@H](C2)N(C)CC3,506.0,-2.7041505168397992,0,test,6.2958494831602,-2.3359375408155536,-0.36821297602424563,0.36821297602424563
Fc1cccc(OCc2ccccc2N2CCNCC2)c1,116.0,-2.0644579892269186,1,test,6.935542010773082,-1.696323161522252,-0.36813482770466655,0.36813482770466655
COCCOc1cc(CC2CCN(CCc3ccc4c(c3)CCCO4)CC2)ccc1Br,43.1,-1.6344772701607315,0,test,7.3655227298392685,-1.2669748746488416,-0.3675023955118899,0.3675023955118899
CCOc1ccccc1OCCNCC1COC(c2ccccc2)(c2ccccc2)O1,0.8913,0.049976093476673526,0,test,9.049976093476673,-0.3171967068016086,0.3671728002782821,0.3671728002782821
O=C(NCCC(O)CN1CCN(c2cccc(Cl)c2Cl)CC1)c1ccc(-c2ccccn2)cc1,34.3,-1.5352941200427705,0,test,7.464705879957229,-1.8998530733276855,0.36455895328491517,0.36455895328491517
OC(COc1ccc(F)c2c1OCCC2)CN1CCC2(CC1)OCc1c2ccc2ccccc12,2.8,-0.4471580313422192,0,test,8.55284196865778,-0.8100478901184255,0.3628898587762063,0.3628898587762063
COc1ccccc1N1CCN(CCn2c(=O)[nH]c3[nH]c(-c4ccccc4C)cc3c2=O)CC1,295.1,-2.4699692094999595,1,test,6.5300307905000405,-2.1073889783183137,-0.36258023118164573,0.36258023118164573
COc1cc2c(cc1OCc1ccccc1)C[C@H]1c3c(cc(OC)c(OC)c3-2)CCN1C,92.0,-1.9637878273455553,0,test,7.036212172654444,-2.326344797514847,0.3625569701692912,0.3625569701692912
COc1cc(N2CCN(C3CCN(c4cccc5ccc(C(F)(F)F)nc45)CC3)CC2)c2ncccc2c1,1.8,-0.25527250510330607,0,test,8.744727494896694,-0.6172455858257836,0.3619730807224776,0.3619730807224776
Cc1sc2nc(CCCCCN3CCC(Cc4ccccc4)CC3)[nH]c(=O)c2c1C,148.0,-2.1702617153949575,0,test,6.8297382846050425,-2.5322056174342573,0.36194390203930027,0.36194390203930027
Cc1ccc2c(N3CCN(CCc4cccc(NS(C)(=O)=O)c4)CC3)cccc2n1,0.7943,0.100015437450609,0,test,9.100015437450608,-0.2611679124845273,0.3611833499351363,0.3611833499351363
OC1(c2ccc(Cl)c(C(F)(F)F)c2)CCN(CCCC(c2ccc(F)cc2)c2ccc(F)cc2)CC1,356.0,-2.5514499979728753,0,test,6.448550002027124,-2.9108070283426533,0.3593570303697775,0.3593570303697775
CC(C)(CCCN1CCCC(c2ccccc2)C1)S(=O)(=O)c1ccccc1,400.0,-2.6020599913279625,0,test,6.3979400086720375,-2.9610894210745045,0.35902942974654195,0.35902942974654195
O=C(c1ccc(Cl)c(Cl)c1)N1CCC(F)(CNCCOc2cccc3cccnc23)CC1,0.4383,0.35822852934604077,0,test,9.358228529346041,0.7162864013601176,-0.35805787201407685,0.35805787201407685
COc1ccccc1N1CCN(CCCn2c(=O)ccn3c4c(=O)n(C)c(=O)n(C)c4nc23)CC1,10.4,-1.0170333392987803,1,test,7.982966660701219,-1.3733269717790437,0.35629363248026324,0.35629363248026324
C#CCOc1cccc2c1-c1cccc3c1[C@@H](C2)N(C)CC3,14.0,-1.146128035678238,1,test,7.853871964321762,-1.5011463421116857,0.3550183064334478,0.3550183064334478
O=C(c1ccc(F)c(Cl)c1)N1CCC(F)(CNCCSc2ccccc2)CC1,0.5623,0.2500319164905971,1,test,9.250031916490597,-0.1026125121281356,0.3526444286187327,0.3526444286187327
O=S(=O)(NC1CCN(CCOc2ccccc2)CC1)c1cccc(Br)c1,770.0,-2.886490725172482,0,test,6.113509274827518,-3.23703099978541,0.350540274612928,0.350540274612928
O=C1OCCN1CCN1CCC(c2cn(-c3ccc(F)cc3)c3ccc(-c4ncccn4)cc23)CC1,47.0,-1.6720978579357175,0,test,7.327902142064282,-1.3220101926218688,-0.3500876653138487,0.3500876653138487
COc1ccc(-c2ccccc2N2CCN(CCOCCC(=O)NCc3cccnc3)CC2)cc1,1274.0,-3.1051694279993316,1,test,5.894830572000668,-2.7559933200848588,-0.3491761079144733,0.3491761079144733
Cc1ccc2c(OCCN3CCC(Cc4cccc(N5C[C@@H](C)N[C@@H](C)C5)c4)CC3)cccc2n1,1.995,-0.2999429000227671,0,test,8.700057099977233,-0.6483941198406857,0.34845121981791866,0.34845121981791866
O=c1[nH]c2[nH]c(-c3ccccc3)cc2c(=O)n1CCN1CCN(c2ccccc2Cl)CC1,1540.0,-3.187520720836463,1,test,5.8124792791635365,-2.8391169385087394,-0.34840378232772373,0.34840378232772373
O=C(Nc1cccnc1)N[C@H]1CC[C@H](CCN2CCN(c3nsc4ccccc34)CC2)CC1,6.895,-0.8385342705118686,0,test,8.161465729488132,-0.49104923787949567,-0.3474850326323729,0.3474850326323729
O=S(=O)(Cc1ccccc1I)Nc1ccc2[nH]cc(C[C@H]3CCCN3)c2c1,234.0,-2.369215857410143,0,test,6.630784142589857,-2.022842911301672,-0.3463729461084708,0.3463729461084708
C=CCc1ccccc1OCC(O)CNCCOCCOCCOCCOCCN,35.8,-1.5538830266438743,0,test,7.446116973356125,-1.8995875540116551,0.3457045273677808,0.3457045273677808
COc1ccccc1OCCNCC1COC2(CCCCC2)O1,3.02,-0.48000694295715063,0,test,8.51999305704285,-0.8248735703261484,0.3448666273689978,0.3448666273689978
O=C1NCc2ccc(OCCCCN3CCN(c4cccc5c4CCCC5)CC3)cc21,1.92,-0.28330122870354957,1,test,8.71669877129645,0.06153041991395638,-0.34483164861750587,0.34483164861750587
Cc1ccccc1OCc1nc(N)nc(N2CCN(C)CC2)n1,14160.0,-4.15106325335375,0,test,4.84893674664625,-3.810182505350525,-0.340880748003225,0.340880748003225
O=C(NCCN1CC=C(c2cc(F)cc(F)c2)CC1)c1ccc2ccccc2c1,7.29,-0.8627275283179746,0,test,8.137272471682026,-1.2029243377554768,0.3401968094375022,0.3401968094375022
Nc1ccc(CCCCN2CCN(c3ccccn3)CC2)cc1,13.245,-1.12205196263325,1,test,7.87794803736675,-0.7824241296313074,-0.33962783300194255,0.33962783300194255
COc1ccccc1N1CCN(CCCN2C(=O)C[C@H](NC(=O)c3ccccc3)C2=O)CC1,260.0,-2.4149733479708178,0,test,6.585026652029182,-2.0758446923432974,-0.33912865562752037,0.33912865562752037
Cc1ccc2c(N3CCN(CCc4c(C)ccc5c4ccc(=O)n5C)[C@@H](C)C3)cc(F)cc2n1,3.981,-0.599992177584098,0,test,8.400007822415901,-0.9391169267530924,0.3391247491689945,0.3391247491689945
Cc1cccc(OCCNCC2(F)CCN(C(=O)c3ccc(F)c(Cl)c3)CC2)n1,0.9,0.045757490560675115,1,test,9.045757490560675,0.38365187944017765,-0.3378943888795025,0.3378943888795025
COc1c(Cl)cccc1N1CCN(CCCCNC(=O)c2cnc3ccccc3c2)CC1,21.0,-1.3222192947339193,0,test,7.6777807052660805,-0.984900196376912,-0.33731909835700735,0.33731909835700735
CN(C)c1ccccc1N1CCN(CCCCCC(=O)NC2CCCc3ccccc32)CC1,112.0,-2.0492180226701815,1,test,6.950781977329818,-1.7122128394997733,-0.33700518317040773,0.33700518317040773
O=S(=O)(NCCCCN1CCN(c2cccc(Cl)c2Cl)CC1)c1cnc2ccccc2c1,23.0,-1.3617278360175928,0,test,7.638272163982407,-1.6981045462172184,0.33637671019962556,0.33637671019962556
CCCNC(=O)Nc1cccc(CCN2CCN(c3cccc4nc(C)ccc34)CC2)c1,5.012,-0.7000110623221123,1,test,8.299988937677888,-0.36574283203812624,-0.33426823028398606,0.33426823028398606
CCC(Oc1cc(F)ccc1C(F)(F)F)c1nc(N)nc(N2CCN(C)CC2)n1,2906.0,-3.4632956099620027,0,test,5.536704390037997,-3.79707072472298,0.3337751147609773,0.3337751147609773
CC(C)c1ccccc1OCCN1CCC(NS(=O)(=O)c2cccs2)C1,21.0,-1.3222192947339193,1,test,7.6777807052660805,-1.6559295187594645,0.3337102240255452,0.3337102240255452
O=C(NCCCCN1CCN(c2ccccc2F)CC1)c1cc2ccccc2o1,15.0,-1.1760912590556813,0,test,7.823908740944319,-1.509186615466252,0.333095356410571,0.333095356410571
Nc1nccc(-c2c[nH]c3cccc(O)c23)n1,684.0,-2.835056101720116,0,test,6.164943898279883,-3.167251931565624,0.3321958298455079,0.3321958298455079
C/N=C1\NC(=O)/C(=C\c2c[nH]c3cccc(Br)c23)N1C,4608.0,-3.6635124704151556,0,test,5.336487529584844,-3.3315918897425836,-0.33192058067257246,0.33192058067257246
CCCN(CCCCn1ccc2cc(F)ccc21)C1COc2c(F)ccc(C(N)=O)c2C1,6.54,-0.8155777483242672,0,test,8.184422251675732,-1.1437401484254146,0.3281624001011474,0.3281624001011474
Cc1cccc(OCc2nc(N)nc(N3CCN(C)CC3)n2)c1,15070.0,-4.178113252314632,0,test,4.821886747685368,-3.8521894587107215,-0.32592379360391055,0.32592379360391055
Fc1ccc(Cl)c(Oc2ncccc2C2CCNCC2)c1,17.0,-1.2304489213782739,0,test,7.769551078621726,-1.55609826750252,0.3256493461242458,0.3256493461242458
Cc1cc(OCCCN2CCN(c3ccncc3)CC2)c2c(C)cc(=O)oc2c1,450.0,-2.6532125137753435,1,test,6.346787486224656,-2.329641536137088,-0.3235709776382554,0.3235709776382554
COc1ccc2[nH]cc(C3CCCN(CCCCn4c(=O)c(-c5ccc(F)cc5)c5ccccn5c4=O)C3)c2c1,281.0,-2.44870631990508,1,test,6.55129368009492,-2.1265532314169002,-0.3221530884881796,0.3221530884881796
Clc1ccc(N2CCN(CCC(Oc3ccc4c(c3)OCO4)c3ccccc3)CC2)cc1,549.54,-2.7399993094019677,0,test,6.260000690598032,-3.0612399876658394,0.32124067826387126,0.32124067826387126
[2H]c1c([2H])c([2H])c([C@@H]2C[C@@H](N3CCN(C([2H])([2H])[2H])C(C)(C)C3)c3cc(Cl)ccc32)c([2H])c1[2H],89.0,-1.9493900066449128,0,test,7.050609993355087,-2.2691616551231024,0.3197716484781896,0.3197716484781896
CC(C)c1ccccc1N1CCN(CCCCCC(=O)NCc2ccc(C#N)cc2)CC1,53.0,-1.724275869600789,0,test,7.275724130399211,-2.0438869188583677,0.31961104925757877,0.31961104925757877
O=C(Nc1cccc(N2CCN(CCCCNS(=O)(=O)CC3CCCCC3)CC2)c1)C1CC1,8.9,-0.9493900066449128,0,test,8.050609993355087,-1.2684772722235034,0.3190872655785906,0.3190872655785906
CCn1cncc1-c1c[nH]c2ccc(OC)c(F)c12,263.0,-2.419955748489758,0,test,6.580044251510242,-2.733470519362013,0.313514770872255,0.313514770872255
Cc1nn(C)c2c1C(=O)N(CCN1CCN(c3nsc4ccccc34)CC1)CC2,6.0,-0.7781512503836436,1,test,8.221848749616356,-0.4678040059977955,-0.31034724438584815,0.31034724438584815
COc1cc2c3c(c1OCC1CC1)-c1cc(NC(N)=O)ccc1CC3N(C)CC2,1280.0,-3.1072099696478683,0,test,5.892790030352131,-2.7976354380678234,-0.3095745315800449,0.3095745315800449
O[C@@H]1c2ccc(F)cc2C[C@H]1N1CCN(c2cc(Cl)cc3c2OCCO3)CC1,1.318,-0.11991541025799107,0,test,8.880084589742008,-0.4292803870231176,0.3093649767651266,0.3093649767651266
CCOC(=O)C1CCN(CC2COc3ccc4[nH]c(C(=O)OC)cc4c3O2)CC1,1.2,-0.07918124604762482,0,test,8.920818753952375,-0.38658264283524113,0.30740139678761635,0.30740139678761635
FCCCOc1ccccc1CN1CCN(Cc2cc3ccccc3o2)CC1,3383.0,-3.5293019977879805,0,test,5.4706980022120195,-3.222424713900661,-0.3068772838873195,0.3068772838873195
CCCCC1CCN(CCCC(=O)c2ccccc2C)CC1,280.0,-2.4471580313422194,0,test,6.552841968657781,-2.1416308536130417,-0.3055271777291777,0.3055271777291777
CN1CCc2c(sc3ncn(CCN4CCN(c5cccc6ncccc56)CC4)c(=O)c23)C1,1.5,-0.17609125905568124,1,test,8.823908740944319,-0.4813251498429358,0.3052338907872546,0.3052338907872546
COC(=O)C1=C(C)NC(C)=C(C(=O)OCCCN2CCC(c3ccccc3)(c3ccccc3)CC2)[C@H]1c1cccc([N+](=O)[O-])c1,538.52,-2.7312018371202478,0,test,6.268798162879753,-2.426833492320754,-0.30436834479949404,0.30436834479949404
CC(C)(C)c1ccccc1OCCN1CCC(N(CC2CC2)S(=O)(=O)c2ccc(F)cc2)CC1,14030.0,-4.14705767102836,1,test,4.85294232897164,-3.8430158298260437,-0.3040418412023165,0.3040418412023165
CC(=O)Nc1cccc(CCN2CCN(c3cccc4nc(C)ccc34)CC2)c1,1.0,-0.0,1,test,9.0,-0.30323541460930103,0.30323541460930103,0.30323541460930103
Cc1ncc2c(=O)n(CCN3CCN(c4nsc5ccccc45)CC3)ccc2n1,7.91,-0.8981764834976765,1,test,8.101823516502323,-1.1999011240420054,0.3017246405443289,0.3017246405443289
O=c1c2cnc(C(F)(F)F)cc2ccn1CCN1CCN(c2noc3ccccc23)CC1,38.6,-1.586587304671755,1,test,7.413412695328245,-1.8877264033718755,0.30113909870012057,0.30113909870012057
Fc1cc2c(c(OCCNCCc3c[nH]c4ccc(F)cc34)c1)OCC2,35.1,-1.545307116465824,0,test,7.454692883534176,-1.2446801125168465,-0.30062700394897757,0.30062700394897757
COc1ccc(Br)c(CC2CCN(CCc3cccc4c3OCCO4)CC2)c1,2.12,-0.32633586092875144,0,test,8.67366413907125,-0.6255434116849158,0.2992075507561644,0.2992075507561644
O=S(=O)(NCC1CCN(CCOc2cccc(F)c2)CC1)c1cccc(Cl)c1,283.0,-2.45178643552429,0,test,6.548213564475709,-2.7501346959702495,0.2983482604459593,0.2983482604459593
Cc1ccc(C)c(N2CCN(CCN3C(=O)CC4(CCCC4)CC3=O)CC2)c1,275.44,-2.440027009696617,1,test,6.5599729903033825,-2.1424923083947154,-0.2975347013019016,0.2975347013019016
CCn1cncc1-c1c[nH]c2ccc(F)cc12,2344.0,-3.369957607346053,0,test,5.630042392653947,-3.0725163682726104,-0.29744123907344244,0.29744123907344244
CCC([Se]c1cccc2ccccc12)c1nc(N)nc(N2CCN(C)CC2)n1,5948.0,-3.7743709598499167,0,test,5.225629040150084,-3.4779142828365024,-0.29645667701341427,0.29645667701341427
CCc1cc2c(s1)C[C@H]1c3cc(O)c(OC)cc3CCN1C2,997.7,-2.9989999722183205,0,test,6.0010000277816795,-2.7028518241032886,-0.2961481481150319,0.2961481481150319
COc1cc(N2CCN(C3CCN(c4cccc5cc(C)cnc45)CC3)CC2)c2ncccc2c1,0.46,0.3372421683184259,0,test,9.337242168318426,0.041991441160745706,0.2952507271576802,0.2952507271576802
Cc1ccc2c(c1)[C@@H](O)[C@H](N1CCC(c3cccc4c3OCCO4)CC1)C2,0.5495,0.26003230324049065,1,test,9.260032303240491,-0.03322852466084012,0.29326082790133073,0.29326082790133073
O=S(=O)(NCCN1CC=C(c2c[nH]c3ccc(Cl)cc23)CC1)c1cccc(O)c1,6.1,-0.785329835010767,1,test,8.214670164989233,-0.4966909166825974,-0.2886389183281696,0.2886389183281696
O=C1NCc2cc(F)c(OCCCCN3CCN(c4cccc5ccc(F)cc45)CC3)cc21,1.77,-0.24797326636180664,1,test,8.752026733638193,0.03983394330430003,-0.2878072096661066,0.2878072096661066
COc1ccccc1OCCNCC1CSC2(CCCCC2)O1,2.239,-0.3500540935790302,0,test,8.64994590642097,-0.6355034876156118,0.2854493940365816,0.2854493940365816
Fc1cccc(Oc2ccccc2C2CCNCC2)c1,11.0,-1.0413926851582251,1,test,7.958607314841775,-1.32616846249775,0.28477577733952475,0.28477577733952475
Cc1ncc2c(n1)CCC(CCN1CCC(c3noc4ccccc34)CC1)C2=O,5.36,-0.7291647896927701,1,test,8.27083521030723,-1.0127945776359635,0.2836297879431934,0.2836297879431934
COc1ccc(-c2ccccc2N2CCN(CCCCCC(=O)NCc3cccnc3)CC2)cc1,80.0,-1.9030899869919435,1,test,7.096910013008056,-2.186470459385665,0.28338047239372144,0.28338047239372144
O=S(=O)(NC1CCN(CCOc2ccccc2-c2ccccc2)CC1)c1cccnc1,536.0,-2.72916478969277,1,test,6.270835210307229,-2.44871133156244,-0.2804534581303302,0.2804534581303302
COc1ccc(-c2n[nH]cc2N2CCNCC2)cc1,126.0,-2.100370545117563,1,test,6.899629454882437,-2.3802927812967702,0.2799222361792073,0.2799222361792073
Clc1ccc(N2CCN(CCCCc3nc4ccccc4s3)CC2)cc1,90.5,-1.9566485792052033,0,test,7.043351420794797,-2.2361454603903494,0.27949688118514593,0.27949688118514593
CN(C)C1CCc2c(cccc2C2CCCC2)C1,98.0,-1.9912260756924949,0,test,7.008773924307505,-2.2687418900353022,0.27751581434280737,0.27751581434280737
C#CCOc1c(OC)cc2c3c1-c1cc(NC(=O)CCC)ccc1CC3N(C)CC2,661.0,-2.82020145948564,0,test,6.17979854051436,-2.5428387996248527,-0.27736265986078745,0.27736265986078745
CN1C(=O)N(CC(O)CN2CCN(c3ccccc3)CC2)C(c2ccccc2)(c2ccccc2)C1=O,324.0,-2.510545010206612,0,test,6.489454989793388,-2.7861201172166505,0.2755751070100385,0.2755751070100385
O=S(=O)(N[C@H]1CC[C@H](CCN2CCN(c3nsc4ccccc34)CC2)CC1)c1ccc(Cl)o1,3.96,-0.5976951859255123,0,test,8.402304814074487,-0.8717702051638557,0.27407501923834343,0.27407501923834343
Cn1ncc2c1C(=O)N(CCN1CCC(c3noc4ccccc34)CC1)CCC2,14.0,-1.146128035678238,1,test,7.853871964321762,-0.8725235238584363,-0.2736045118198016,0.2736045118198016
Fc1ccc(Oc2ccccc2C2CCNCC2)cc1,117.0,-2.0681858617461617,1,test,6.931814138253838,-1.7958303283373382,-0.27235553340882346,0.27235553340882346
COc1cccc(N2CCN(CC[C@H]3CC[C@H](NC(=O)N(C)C)CC3)CC2)c1F,33.8,-1.5289167002776547,0,test,7.471083299722345,-1.258719228018772,-0.2701974722588827,0.2701974722588827
CSc1ccccc1N1CCN(CCCCCCC(=O)N2CCC[C@H]2C(N)=O)CC1,23.0,-1.3617278360175928,0,test,7.638272163982407,-1.0924205208040763,-0.2693073152135166,0.2693073152135166
CC(C)n1cc2c(n1)CCN(CCN1CCN(c3nsc4ccccc34)CC1)C2=O,13.8,-1.1398790864012365,1,test,7.860120913598763,-0.8713778292088744,-0.26850125719236206,0.26850125719236206
COc1ccccc1N1CCN(CCCNc2ccc3ccccc3n2)CC1,13.0,-1.1139433523068367,1,test,7.886056647693163,-1.3822249257430146,0.26828157343617787,0.26828157343617787
COc1ccccc1N1CCN(CCC(Oc2ccc(C(F)(F)F)cc2)c2ccsc2)CC1,257.04,-2.4100007125434617,0,test,6.589999287456538,-2.6777620138946263,0.2677613013511646,0.2677613013511646
COc1cccc2[nH]cc(CCNCc3ccc(-c4ccc(O)cc4)o3)c12,732.0,-2.864511081058392,0,test,6.135488918941608,-2.597384067613069,-0.26712701344532297,0.26712701344532297
O=C1CC(c2c[nH]c3ccc(F)cc23)C(=O)N1CCN1CCC(c2c[nH]c3ccccc23)CC1,320.0,-2.505149978319906,1,test,6.494850021680094,-2.2402831397625835,-0.2648668385573223,0.2648668385573223
O=c1c2ccccc2ncn1CCCCCN1CCN(c2ccc(Cl)cc2)CC1,51.5,-1.711807229041191,0,test,7.288192770958809,-1.9739537631091792,0.26214653406798827,0.26214653406798827
O=C(N[C@H]1CC[C@H](CCN2CCN(c3nsc4ccccc34)CC2)CC1)OC1CCCCC1,8.245000000000001,-0.9161906599805376,0,test,8.083809340019462,-0.6549246146642618,-0.26126604531627584,0.26126604531627584
CN1CCc2cccc3c2C1Cc1ccc(NC(N)=O)cc1-3,49.0,-1.6901960800285136,0,test,7.309803919971486,-1.950743749818627,0.26054766979011346,0.26054766979011346
COc1cccc(SCCNCC2(F)CCN(C(=O)c3ccc(F)c(Cl)c3)CC2)c1,0.7,0.1549019599857432,1,test,9.154901959985743,0.4152071062673748,-0.2603051462816316,0.2603051462816316
O=C(CCCCCN1CCN(c2ccccc2-c2ccccc2)CC1)NCc1ccccc1,161.0,-2.2068258760318495,0,test,6.79317412396815,-1.9466457142583906,-0.2601801617734585,0.2601801617734585
O=C(NC/C=C/CN1CCN(c2cccc(Cl)c2Cl)CC1)c1cc2ccccc2[nH]1,193.0,-2.285557309007774,1,test,6.714442690992226,-2.025409973407916,-0.26014733559985803,0.26014733559985803
CC(C)c1ccccc1OCC(C)N1CCC(NS(=O)(=O)c2cccc(F)c2)CC1,962.0,-2.983175072037813,1,test,6.016824927962187,-2.723854084438469,-0.2593209875993443,0.2593209875993443
CCC(=O)NC1CCc2ccc(CCN3CCN(c4nsc5ccccc45)CC3)cc21,5.0,-0.6989700043360189,0,test,8.301029995663981,-0.9548506910674416,0.2558806867314227,0.2558806867314227
CCc1nc2c(o1)C(=O)N(CCN1CCN(c3nsc4ccccc34)CC1)CC2,2.64,-0.42160392686983106,1,test,8.578396073130168,-0.6773788331593995,0.2557749062895685,0.2557749062895685
COc1ccc(CNC(=O)CCCCCN2CCN(c3cccnc3-c3ccncc3)CC2)cc1,537.0,-2.7299742856995555,1,test,6.270025714300445,-2.476434918531983,-0.2535393671675723,0.2535393671675723
O=C1Cc2cc(C(=O)CCCN3CCc4ccccc4C3)ccc2N1,122.515,-2.0881892643611164,0,test,6.911810735638884,-2.3399781579734005,0.25178889361228407,0.25178889361228407
COc1ccc2c(n1)C(=O)N(CCN1CCN(c3noc4ccccc34)CC1)CC2,16.5,-1.2174839442139063,1,test,7.782516055786093,-1.4686964280508874,0.2512124838369809,0.2512124838369809
COc1cccc(-c2n[nH]cc2N2CCCNCC2)c1,1264.0,-3.1017470739463664,1,test,5.898252926053633,-2.851015953023221,-0.2507311209231453,0.2507311209231453
O=C1NCCc2ccc3c(c21)CC(N(CCCc1c[nH]c2ccc(F)cc12)C1CCC1)CO3,95.0,-1.9777236052888478,1,test,7.022276394711152,-1.72796833469407,-0.2497552705947781,0.2497552705947781
COc1cccc(OCCNCC2(F)CCN(C(=O)c3ccc(F)c(Cl)c3)CC2)c1,0.05613,1.2508049577803277,1,test,10.250804957780328,1.0015820044450223,0.2492229533353052,0.2492229533353052
O=c1[nH]c2ccccc2n1CCCCCCN1CCN(c2nsc3ccccc23)CC1,16.0,-1.2041199826559248,0,test,7.795880017344075,-1.4527794087644241,0.24865942610849934,0.24865942610849934
c1ccc2c(CCN3CCCC(c4ccnc(NCC5CC5)n4)C3)c[nH]c2c1,21.3,-1.3283796034387378,0,test,7.671620396561262,-1.5744196200212388,0.24604001658250096,0.24604001658250096
COc1ccc(-c2c(=O)n(CCCCN3CCCC(c4c[nH]c5ccccc45)C3)c(=O)n3ccccc23)cc1,42.0,-1.6232492903979006,0,test,7.376750709602099,-1.8686624938820706,0.24541320348417006,0.24541320348417006
c1ccc(N2CC(CNCCc3c[nH]c4ccccc34)Oc3ccccc32)cc1,30.21,-1.4801507252732804,0,test,7.519849274726719,-1.2373363419204162,-0.2428143833528642,0.2428143833528642
O=C1CC2(CCCC2)CC(=O)N1CCN1CCN(c2ccccc2Cl)CC1,4.24,-0.6273658565927327,1,test,8.372634143407268,-0.8700983470843969,0.24273249049166423,0.24273249049166423
c1ccc(OCc2ccccc2N2CCNCC2)cc1,189.0,-2.2764618041732443,1,test,6.723538195826755,-2.035036280980097,-0.24142552319314747,0.24142552319314747
OC(CCN1CCN(c2ccc(Cl)cc2)CC1)c1cccs1,5011.87,-3.6999997975545824,1,test,5.300000202445418,-3.4606957747764118,-0.23930402277817064,0.23930402277817064
CN[C@@H]1Cc2cccc3[nH]c(=O)n(c23)C1,73.0,-1.863322860120456,0,test,7.136677139879544,-2.1024470294546096,0.2391241693341537,0.2391241693341537
O=C1c2ncccc2CCN1CCN1CCC(c2noc3ccccc23)CC1,4.1,-0.6127838567197355,1,test,8.387216143280265,-0.8507118775386989,0.23792802081896347,0.23792802081896347
COc1cccc(COc2ccccc2OCCNCCOc2c(OC)cccc2OC)c1,30.9,-1.4899584794248346,0,test,7.510041520575165,-1.2526331848950947,-0.23732529452973994,0.23732529452973994
CN1CCN(c2ccc3ccn(S(=O)(=O)c4ccccc4)c3c2)CC1,247.0,-2.392696953259666,0,test,6.607303046740334,-2.6296550693547607,0.23695811609509487,0.23695811609509487
COc1ccccc1N1CCN(Cc2ccc(CN3C(=O)c4ccccc4S3(=O)=O)cc2)CC1,77.0,-1.8864907251724818,0,test,7.113509274827518,-1.6522447615863334,-0.23424596358614824,0.23424596358614824
CC(Oc1c(Cl)cccc1Cl)C1=NCCN1,125.89,-2.0999912335446846,0,test,6.900008766455315,-2.333123924808233,0.23313269126354852,0.23313269126354852
Nn1c(CCCCN2CCN(c3ccccc3)CC2)nc2c(sc3ccccc32)c1=O,134.0,-2.1271047983648077,1,test,6.872895201635192,-1.8947250417433614,-0.23237975662144672,0.23237975662144672
Oc1cccc2c1C[C@H]1CCN(CC3CC3)[C@@H]1C2,69.0,-1.8388490907372552,0,test,7.161150909262744,-1.6072968718911484,-0.23155221884610677,0.23155221884610677
CN1CCc2c(sc3ncn(CCN4CCN(c5ccccc5-c5ccccc5)CC4)c(=O)c23)C1,4.1,-0.6127838567197355,1,test,8.387216143280265,-0.842991812552313,0.23020795583257758,0.23020795583257758
COc1ccccc1N1CCN(C/C=C/CNC(=O)c2ccc(-c3ccccn3)cc2)CC1,21.7,-1.3364597338485296,0,test,7.66354026615147,-1.5658648621421125,0.22940512829358295,0.22940512829358295
N#Cc1ccc2[nH]cc(CCCN3CCN(c4nccc(C(N)=O)n4)CC3)c2c1,14.0,-1.146128035678238,0,test,7.853871964321762,-0.919718804448154,-0.22640923123008394,0.22640923123008394
COc1ccccc1-c1cccc(N2CCN(CCOCCC(=O)NCc3ccc(F)nc3)CC2)c1,387.0,-2.5877109650189114,0,test,6.412289034981089,-2.3618665022909915,-0.22584446272791991,0.22584446272791991
CN1CCC(c2c[nH]c3ccc(NC(=O)C4CC4)nc23)CC1,1400.0,-3.146128035678238,1,test,5.853871964321762,-2.9213071902129877,-0.2248208454652505,0.2248208454652505
COc1cccc(OC)c1OCCNCCOc1ccccc1OCc1ccc([N+](=O)[O-])cc1,11.75,-1.070037866607755,0,test,7.9299621333922445,-1.2943046454723264,0.22426677886457136,0.22426677886457136
OC1(c2ccc(Cl)c(C(F)(F)F)c2)CCN(CCCCC(c2ccc(F)cc2)c2ccc(F)cc2)CC1,1395.0,-3.144574207609616,0,test,5.855425792390384,-2.9207337790811305,-0.22384042852848562,0.22384042852848562
COc1ccc2[nH]cc(CCNCc3ccc(-c4cccc(O)c4)o3)c2c1,64.0,-1.806179973983887,0,test,7.1938200260161125,-2.0299181155200343,0.22373814153614724,0.22373814153614724
Cc1ccc2cc(C3CCN(C[C@H](O)COc4cccc5[nH]ccc45)CC3)sc2c1,12.66,-1.1024337056813363,0,test,7.897566294318664,-0.879808727420572,-0.22262497826076444,0.22262497826076444
O[C@@H]1c2ccc(F)cc2C[C@H]1N1CCC(c2cccc3c2OCC3)CC1,1.514,-0.18012587516405396,0,test,8.819874124835946,0.04151266370979263,-0.22163853887384655,0.22163853887384655
Cc1[nH]c2ccc(Cl)cc2c1C1=CCN(CCCCNS(=O)(=O)c2ccc3ccccc3c2)CC1,470.0,-2.6720978579357175,0,test,6.327902142064282,-2.45071089159677,-0.22138696633894694,0.22138696633894694
O=S(=O)(NCC1CCN(CCOc2cccc(F)c2)CC1)c1ccc(F)cc1,903.0,-2.9556877503135057,0,test,6.044312249686494,-2.7348436982522473,-0.22084405206125846,0.22084405206125846
NC1=Nc2ccc(Cl)c(Cl)c2CN1,1080.0,-3.03342375548695,0,test,5.96657624451305,-2.8126133136588574,-0.2208104418280925,0.2208104418280925
c1ccc(OCCNCC2OCCOC2(c2ccccc2)c2ccccc2)cc1,28.18,-1.4499409887733377,0,test,7.550059011226662,-1.2293775182929951,-0.22056347048034253,0.22056347048034253
O=S(=O)(NCC1CCN(CCOc2ccccc2-c2ccccc2)CC1)c1ccc(Cl)s1,101.0,-2.0043213737826426,1,test,6.995678626217357,-2.2235409830720565,0.2192196092894143,0.2192196092894143
CN1CCC[C@@H]1Cc1c[nH]c2ccc(NS(=O)(=O)c3ccccc3Cl)cc12,170.0,-2.230448921378274,0,test,6.769551078621726,-2.0112808063771723,-0.21916811500110178,0.21916811500110178
C1=C(c2c[nH]c3ccccc23)CC2CCC1N2CCCOc1cccc2[nH]ccc12,49.0,-1.6901960800285136,0,test,7.309803919971486,-1.9092807062725592,0.21908462624404557,0.21908462624404557
CC(=O)c1c(OCCCCN2CCN(c3cc(C)ccc3C)CC2)ccc2c(C)cc(=O)oc12,5.4,-0.7323937598229685,1,test,8.267606240177031,-0.9513312206999328,0.2189374608769643,0.2189374608769643
COc1ccccc1N1CCN(CCCN2C(=O)C[C@H](NC(=O)C34CC5CC(CC(C5)C3)C4)C2=O)CC1,63.0,-1.7993405494535817,0,test,7.200659450546418,-2.017953069961356,0.21861252050777447,0.21861252050777447
COc1ccc2[nH]cc(C3CC(=O)N(CCN4CCC(c5c[nH]c6ccc(F)cc56)CC4)C3=O)c2c1,222.0,-2.346352974450639,1,test,6.653647025549361,-2.1286650001056597,-0.2176879743449791,0.2176879743449791
CC(=O)c1c(OCCCCN2CCN(c3ccccc3Br)CC2)ccc2c(C)cc(=O)oc12,1.5,-0.17609125905568124,1,test,8.823908740944319,0.03948186572335687,-0.2155731247790381,0.2155731247790381
C#CCOc1c(OC)cc2c3c1-c1cc(N)ccc1CC3N(C)CC2,428.0,-2.6314437690131722,0,test,6.368556230986828,-2.4179489203247324,-0.21349484868843938,0.21349484868843938
CCN(CC)CCCOC(=O)N1c2ccccc2Sc2ccccc21,450.0,-2.6532125137753435,0,test,6.346787486224656,-2.866057538980801,0.21284502520545745,0.21284502520545745
CCn1cncc1-c1c[nH]c2ccc(C)cc12,2138.0,-3.330007700872759,0,test,5.669992299127241,-3.122400196930166,-0.2076075039425933,0.2076075039425933
CC#CCOc1cccc2c1-c1cccc3c1[C@@H](C2)N(CCC)CC3,125.0,-2.0969100130080562,1,test,6.903089986991944,-1.8906012289568688,-0.20630878405118702,0.20630878405118702
CCCN1CCc2cccc3c2[C@H]1Cc1cccc(NC(=O)CCCCC2CCSS2)c1-3,249.0,-2.3961993470957363,0,test,6.603800652904264,-2.191653470041235,-0.20454587705450145,0.20454587705450145
Fc1ccc2[nH]cc(CCCNCCOc3cc(Cl)cc4[nH]cnc34)c2c1,10.7,-1.0293837776852097,1,test,7.97061622231479,-0.8249267544492187,-0.2044570232359908,0.2044570232359908
CCCN[C@@H]1CCc2cccc(OC)c2[C@@H]1CCC,11.0,-1.0413926851582251,1,test,7.958607314841775,-0.8380478548138213,-0.20334483034440387,0.20334483034440387
Cc1sc2nc(CCCCN3CCN(c4ccccc4)CC3)[nH]c(=O)c2c1C,37.4,-1.57287160220048,0,test,7.42712839779952,-1.3719710986676024,-0.2009005035328777,0.2009005035328777
COc1ccccc1N1CCN(CC(F)CCNC(=O)c2ccc(-c3ccccn3)cc2)CC1,49.0,-1.6901960800285136,0,test,7.309803919971486,-1.8904302055410946,0.20023412551258102,0.20023412551258102
Cc1sc2ncn(CCCCCN3CCN(c4ccc(Cl)cc4)CC3)c(=O)c2c1C,26.4,-1.421603926869831,0,test,7.578396073130169,-1.621815680981487,0.20021175411165593,0.20021175411165593
Cn1cnnc1-c1ccc2c(c1)c(C1CCN(CCN3CCNC3=O)CC1)cn2-c1ccc(F)cc1,40.0,-1.6020599913279623,1,test,7.3979400086720375,-1.402085385516217,-0.19997460581174553,0.19997460581174553
CN(C)CCCN1c2ccccc2Sc2ccc(Cl)cc21,673.0,-2.828015064223977,0,test,6.171984935776023,-3.0274364085765266,0.19942134435254966,0.19942134435254966
O=S(=O)(NC1CCN(CCOc2ccccc2-c2ccccc2)C1)c1cc(F)ccc1F,81.0,-1.9084850188786497,1,test,7.0915149811213505,-1.7098198839106047,-0.19866513496804483,0.19866513496804483
Clc1ccc2nc(CN3CCN(c4ccc(Cl)c(Cl)c4)CC3)cn2n1,360.0,-2.5563025007672873,0,test,6.443697499232712,-2.754347507462522,0.19804500669523417,0.19804500669523417
COc1ccccc1-c1c(=O)n(CCCCN2CCCC(c3c[nH]c4ccc(F)cc34)C2)c(=O)n2ccccc12,80.0,-1.9030899869919435,0,test,7.096910013008056,-2.100919075323454,0.19782908833151036,0.19782908833151036
O=S(=O)(c1ccccc1F)n1cc(C2=CCNCC2)c2ccccc21,875.0,-2.942008053022313,0,test,6.057991946977687,-3.139474392216604,0.1974663391942908,0.1974663391942908
O=C1CCc2ccc(OCCCCN3CCN(c4cccc5c(F)cccc45)CC3)nc2N1,3.0,-0.47712125471966244,0,test,8.522878745280337,-0.28096432231108914,-0.19615693240857324,0.19615693240857324
O=c1n(CCCCCCN2CCN(c3cccc(Cl)c3)CC2)nc2ccccn12,16.0,-1.2041199826559248,0,test,7.795880017344075,-1.0083296330055085,-0.1957903496504163,0.1957903496504163
Cc1cccc(C)c1OCCNCCOc1ccccc1OCc1ccccc1,15.85,-1.2000292665537702,0,test,7.79997073344623,-1.0052229381580364,-0.19480632839573375,0.19480632839573375
O=c1[nH]c(CCCCN2CCN(c3ccc(Cl)cc3)CC2)nc2ccccc12,75.3,-1.8767949762007006,1,test,7.123205023799299,-2.0699159753970893,0.19312099919638848,0.19312099919638848
Cc1ccc2c(N3CCN(CCc4c(C)ccc5c4ccc(=O)n5C)CC3)cccc2n1,0.631,0.19997064075586568,0,test,9.199970640755865,0.010671467924874112,0.18929917283099149,0.18929917283099149
c1ccc2c(CCCCNCCOc3cccc4[nH]ccc34)c[nH]c2c1,4.2,-0.6232492903979004,1,test,8.3767507096021,-0.8122981788248761,0.18904888842697565,0.18904888842697565
Cc1cc2c(cn1)C(=O)N(CCN1CCN(c3noc4ccccc34)CC1)CC2(C)C,9.9,-0.9956351945975499,1,test,8.00436480540245,-1.1839463335916272,0.18831113899407714,0.18831113899407714
Cc1ccc2c(N3CCN(CCc4c(C)ccc5c4CCC(=O)N5C)CC3)cccc2n1,0.631,0.19997064075586568,0,test,9.199970640755865,0.012593446236042196,0.1873771945198234,0.1873771945198234
COc1ccc(Br)c(CC2CCN(CCc3cc(OC)c(OC)cc3Cl)CC2)c1,1.96,-0.292256071356476,0,test,8.707743928643524,-0.4789193297363931,0.1866632583799171,0.1866632583799171
Cc1ccccc1N1CCN(CCn2cnc3sc4c(c3c2=O)CCN(C)C4)CC1,2.9,-0.4623979978989561,0,test,8.537602002101044,-0.27626289528131537,-0.1861351026176407,0.1861351026176407
O=c1[nH]c(CCCCN2CCN(c3ccccc3)CC2)nc2ccsc12,40.4,-1.606381365110605,1,test,7.393618634889395,-1.4202715365014773,-0.18610982860912761,0.18610982860912761
O=C(NC[C@H]1CC[C@H](CN2CCN(c3nsc4cc(Cl)ccc34)CC2)CC1)c1ccco1,15.0,-1.1760912590556813,0,test,7.823908740944319,-1.361892383257968,0.18580112420228678,0.18580112420228678
O=C1CCc2cc(CCCCN3CCN(c4ccccn4)CC3)ccc2N1,4.287,-0.6321534835106326,1,test,8.367846516489367,-0.8174308670872513,0.18527738357661871,0.18527738357661871
O=c1sc2ccccc2n1CCCCN1CCN(c2ccc(Cl)cc2)CC1,83.33,-1.9208013818256542,1,test,7.079198618174345,-2.105023268969849,0.18422188714419474,0.18422188714419474
COc1cccc(CN2CC=C(c3c[nH]c4ccccc34)CC2)c1,243.0,-2.385606273598312,0,test,6.614393726401688,-2.2015286912015357,-0.1840775823967764,0.1840775823967764
COc1ccccc1N1CCN(CCC(O)c2ccc(C)s2)CC1,33.88,-1.5299434016586693,1,test,7.470056598341331,-1.3464490901372261,-0.18349431152144313,0.18349431152144313
CN1CCN(c2nccc3cc4c(cc23)N(C(=O)c2ccc(C(F)(F)F)nc2)CC4)CC1,3.162,-0.4999618655961902,0,test,8.500038134403809,-0.6830629367016837,0.1831010711054935,0.1831010711054935
Oc1nc2cccc(N3CCN(Cc4cccc(-c5cccs5)c4)CC3)c2o1,32.0,-1.505149978319906,0,test,7.494850021680094,-1.3225127894896536,-0.18263718883025248,0.18263718883025248
O=C(NCCCCN1CCN(c2cccc(Cl)c2Cl)CC1)c1ccc(F)nc1,28.0,-1.4471580313422192,0,test,7.552841968657781,-1.6296285018737087,0.18247047053148946,0.18247047053148946
O=C(NCCN1CCN(c2ccccc2)CC1)c1ccc2ccccc2c1,24.7,-1.3926969532596658,1,test,7.607303046740334,-1.572965008441651,0.1802680551819853,0.1802680551819853
Cc1ccc2c(N3CCN(CCc4cccc5c4OCc4nccn4-5)CC3)cccc2n1,0.1259,0.8999742698921374,0,test,9.899974269892137,0.7208994102072933,0.17907485968484405,0.17907485968484405
O=C1c2ncccc2CCN1CCN1CCN(c2nsc3cc(F)ccc23)CC1,6.04,-0.7810369386211319,1,test,8.218963061378869,-0.6031150251519585,-0.1779219134691734,0.1779219134691734
COc1ccccc1-c1c2n(c(=O)n(CCCCN3CCCC(c4c[nH]c5ccccc45)C3)c1=O)CCCC2,25.0,-1.3979400086720377,0,test,7.6020599913279625,-1.5739669050715708,0.17602689639953328,0.17602689639953328
O=C1NCc2ccc(OCCCCN3CCN(c4cccc5c4CCO5)CC3)cc21,1.45,-0.16136800223497488,1,test,8.838631997765026,0.014406771776927002,-0.1757747740119018,0.1757747740119018
COc1cccc(-c2ccc3c(c2)CCN(Cc2ccccc2)C3)c1,733.0,-2.8651039746411278,0,test,6.134896025358872,-2.689663268109754,-0.17544070653137434,0.17544070653137434
CC(C)c1ccccc1N1CCN(CCCCCC(=O)NCc2ccccc2)CC1,139.0,-2.143014800254095,1,test,6.856985199745905,-1.9688534167471172,-0.17416138350697774,0.17416138350697774
Cc1cccc(-c2cccc(CN3CCN(c4cccc5nc(O)oc45)CC3)c2)c1,35.0,-1.5440680443502757,0,test,7.455931955649724,-1.3712981306237453,-0.1727699137265304,0.1727699137265304
FCCCOc1ccc(CN2CCN(Cc3cc4ccccc4o3)CC2)cc1,3300.0,-3.5185139398778875,0,test,5.481486060122112,-3.3471463209872905,-0.17136761889059704,0.17136761889059704
CC([Se]c1ccccc1)c1nc(N)nc(N2CCN(C)CC2)n1,5311.0,-3.725176301419137,0,test,5.274823698580863,-3.5543933170855713,-0.17078298433356576,0.17078298433356576
[N-]=[N+]=Nc1ccc(CCN2CCN(c3cccc(C(F)(F)F)c3)CC2)cc1I,18.9,-1.276461804173244,0,test,7.723538195826756,-1.1059844876316476,-0.17047731654159648,0.17047731654159648
Cc1ccc2c(OCCN3CCC(Cc4cccc(N5CCCC5=O)c4)CC3)cccc2n1,6.31,-0.8000293592441343,0,test,8.199970640755865,-0.9704268407321761,0.1703974814880418,0.1703974814880418
COc1ccccc1N1CCN(CCCNC(=O)c2cccc3c(=O)c(C)c(-c4ccccc4)oc23)CC1,5.9,-0.7708520116421442,0,test,8.229147988357855,-0.9401400940801836,0.1692880824380394,0.1692880824380394
COc1cc2ncnc(N3CCC(CN4CCN(c5ccc(Cl)cc5)CC4)C3)c2cc1OC,363.08,-2.560002326773367,1,test,6.4399976732266335,-2.3920790280937085,-0.16792329867965838,0.16792329867965838
O=c1n(CCCCCCN2CCN(c3cccc(Cl)c3Cl)CC2)nc2ccccn12,7.0,-0.8450980400142568,0,test,8.154901959985743,-1.0115615746185924,0.1664635346043356,0.1664635346043356
CCc1ccc2[nH]cc(CCN)c2c1,20.0,-1.3010299956639813,0,test,7.698970004336019,-1.4666217652348863,0.16559176957090505,0.16559176957090505
COc1ccccc1N1CCN(CCCCNC(=O)c2cccn3nccc23)CC1,11.0,-1.0413926851582251,0,test,7.958607314841775,-1.206615692738803,0.16522300758057784,0.16522300758057784
CCCC(=O)Nc1ccc2c(c1)-c1c(OCC3CC3)c(OC)cc3c1C(C2)N(C)CC3,429.0,-2.6324572921847245,0,test,6.367542707815275,-2.7956023974494917,0.16314510526476722,0.16314510526476722
Cc1ccc2c(OCCN3CCC(Cc4cccc(N5CCN(C)C(=O)C5)c4)CC3)cccc2n1,7.943,-0.899984562549391,0,test,8.100015437450608,-0.7371954603192598,-0.1627891022301312,0.1627891022301312
O=c1[nH]c(CCCCN2CCN(Cc3ccccc3)CC2)nc2c1sc1ccccc12,964.0,-2.984077033902831,1,test,6.015922966097169,-2.8270505875477316,-0.15702644635509921,0.15702644635509921
COc1ccccc1N1CCN(CCCn2c(=O)[nH]c3ccccc32)CC1,40.0,-1.6020599913279623,1,test,7.3979400086720375,-1.4458849899586945,-0.15617500136926799,0.15617500136926799
NC(=O)[C@@H]1CCCN1C(=O)CCCCCN1CCN(c2cccc(Cl)c2)CC1,38.0,-1.5797835966168101,1,test,7.42021640338319,-1.7358423947776416,0.15605879816083168,0.15605879816083168
COc1ccc2[nH]cc(CCCCN3CCN(c4nc(C)cc(C)n4)CC3)c2c1,1.1,-0.04139268515822508,0,test,8.958607314841775,0.11442239541643134,-0.15581508057465634,0.15581508057465634
CCN(C)C(=O)N[C@H]1CC[C@H](CCN2CCc3ccc(Cl)cc3[C@@H](C)C2)CC1,36.0,-1.5563025007672873,0,test,7.443697499232712,-1.7117728606050926,0.15547035983780533,0.15547035983780533
CC(CN1CCN(c2cc(Cl)ccc2Cl)CC1)N1C(=O)CC2(CCCC2)CC1=O,206.96,-2.315886415708487,0,test,6.684113584291513,-2.4709427121738163,0.15505629646532926,0.15505629646532926
CN1CCN(CCc2ccc(OCCCN3CCC(c4noc5cc(F)ccc45)CC3)cc2)CC1,16.4,-1.2148438480476977,0,test,7.785156151952302,-1.0619495099781373,-0.1528943380695602,0.1528943380695602
COc1ccccc1N1CCN(CC2COC3(CCN(C(=O)NC(C)(C)C)CC3)O2)CC1,87.1,-1.9400181550076632,0,test,7.059981844992337,-1.7871973258737097,-0.15282082913395345,0.15282082913395345
CC(C)c1ccccc1OCCN1CC2CC1CN2S(=O)(=O)c1cccc(Cl)c1,393.0,-2.5943925503754266,0,test,6.405607449624574,-2.442445786056718,-0.15194676431870846,0.15194676431870846
O=C1c2ccccc2S(=O)(=O)N1CCCCCCN1CCN(c2cccc3ccccc23)CC1,9.0,-0.9542425094393249,0,test,8.045757490560675,-1.1057236319706378,0.15148112253131307,0.15148112253131307
COc1cc2c(cc1OCC1CC1)C[C@H]1c3c(cc(OC)c(OC)c3-2)CCN1C,224.0,-2.3502480183341627,0,test,6.649751981665837,-2.5012409433834186,0.15099292504925588,0.15099292504925588
O=C1CC2Cc3ccsc3C2=NN1CCCCN1CCN(Cc2cccc3c2ccn3S(=O)(=O)c2ccccc2)CC1,4610.0,-3.663700925389648,0,test,5.336299074610352,-3.514202053525905,-0.1494988718637429,0.1494988718637429
c1ccc2c(CCCNCCOc3cccc4[nH]ccc34)c[nH]c2c1,2.5,-0.3979400086720376,1,test,8.602059991327963,-0.5473463303156193,0.1494063216435817,0.1494063216435817
CC(C)c1ccccc1OCCN1CCC(N(CC2CC2)S(=O)(=O)c2cccc(F)c2)CC1,158.0,-2.1986570869544226,1,test,6.801342913045577,-2.3473055992895273,0.14864851233510512,0.14864851233510512
Clc1ccc(N2CCN(CCCOc3ccccc3)CC2)cc1,154.0,-2.187520720836463,1,test,6.8124792791635365,-2.3360932904266702,0.14857256959020715,0.14857256959020715
COc1ccccc1N1CCN(CC2COC3(CCN(C(C)=O)CC3)O2)CC1,64.57,-1.8100307864058394,0,test,7.189969213594161,-1.6616021103932939,-0.14842867601254572,0.14842867601254572
Cc1cc2c(cn1)C(=O)N(CCN1CCC(c3noc4ccccc34)CC1)CC21CC1,8.62,-0.9355072658247128,1,test,8.064492734175287,-0.7876551239996489,-0.1478521418250639,0.1478521418250639
Fc1ccc2[nH]cc(CCCN3CCN(c4nccc(C(F)(F)F)n4)CC3)c2c1,1.0,-0.0,0,test,9.0,-0.14766673851110984,0.14766673851110984,0.14766673851110984
O[C@H](COc1cccc2[nH]ccc12)CN1CCC(c2cc3c(F)cccc3s2)CC1,6.79,-0.8318697742805017,0,test,8.168130225719498,-0.9792059160269596,0.14733614174645793,0.14733614174645793
CC(C)c1ccccc1OCCN1CCC(NS(=O)(=O)c2cccc3ncccc23)CC1,232.0,-2.3654879848909,1,test,6.634512015109101,-2.2185152707717823,-0.1469727141191175,0.1469727141191175
COc1cccc(N2CCN(CCCN3C(=O)c4ccccc4C3=O)CC2)c1,13.0,-1.1139433523068367,1,test,7.886056647693163,-1.2594461695708024,0.14550281726396563,0.14550281726396563
COc1ccc2c(CCN3CC=C(c4c[nH]c5ccccc45)CC3)coc2c1,56.3,-1.7505083948513462,0,test,7.249491605148654,-1.6053385398684952,-0.14516985498285107,0.14516985498285107
O=C1NCCc2ccc3c(c21)CC(N(CCCc1c[nH]c2ccc(F)cc12)CC1CC1)CO3,19.0,-1.2787536009528289,0,test,7.721246399047171,-1.1344387987545048,-0.14431480219832404,0.14431480219832404
CCCCOc1cc2c(cc1OC)-c1c(OC)c(OC)cc3c1[C@H](C2)N(C)CC3,153.0,-2.184691430817599,0,test,6.815308569182401,-2.3288461007537924,0.14415466993619352,0.14415466993619352
COCCOc1cc(CC2CCN(CCc3ccc4c(c3)C(=O)CCC4)CC2)ccc1Br,12.4,-1.0934216851622351,0,test,7.906578314837764,-1.236346121857741,0.1429244366955058,0.1429244366955058
CCCCCCCCC/C(O)=C/C(=O)/C=C/c1ccc(O)c(OC)c1,3590.0,-3.5550944485783194,0,test,5.44490555142168,-3.697654423030718,0.1425599744523982,0.1425599744523982
COc1ccccc1N1CCN(CCNc2c(C(=O)C(C)C)c(-c3ccccc3)nn(C)c2=O)CC1,10.2,-1.0086001717619175,0,test,7.991399828238082,-1.1509203933142742,0.14232022155235668,0.14232022155235668
CCc1cccc(N2CCN(CC(F)CCNC(=O)c3cc4ccccc4o3)CC2)c1Cl,117.0,-2.0681858617461617,1,test,6.931814138253838,-2.2081449766962415,0.13995911495007984,0.13995911495007984
CC(C)(C)c1ccc(S(=O)(=O)Nc2ccc3nccc(N4CCNCC4)c3c2)cc1,794.33,-2.9000009651534695,0,test,6.0999990348465305,-2.7602133290579127,-0.13978763609555633,0.13978763609555633
Cn1ncnc1-c1ccc2c(c1)c(C1CCN(CCN3CCNC3=O)CC1)cn2-c1ccc(F)cc1,11.0,-1.0413926851582251,0,test,7.958607314841775,-1.1806025832306246,0.13920989807239947,0.13920989807239947
COc1ccccc1N1CCN(CCn2c(=O)[nH]c3[nH]c(-c4ccccc4)cc3c2=O)CC1,122.3,-2.0874264570362855,0,test,6.912573542963715,-2.2260582339055675,0.1386317768692824,0.1386317768692824
COc1ccc(Cl)cc1[C@H]1C[C@@H]1CNCCCCOc1ccc2c(c1)NC(=O)CC2,30.25,-1.4807253789884878,0,test,7.519274621011512,-1.6189781939887427,0.13825281500025488,0.13825281500025488
O=S(=O)(NC1CCN(CCOc2ccccc2-c2ccccc2)CC1)c1cccc(F)c1,368.0,-2.5658478186735176,1,test,6.434152181326482,-2.4307710710379826,-0.135076747635535,0.135076747635535
C=CCN1C[C@H]2c3c(cccc3OC)CC[C@H]21,5.9,-0.7708520116421442,0,test,8.229147988357855,-0.6361765904053781,-0.13467542123676612,0.13467542123676612
O=S(=O)(NC1CCN(CCOc2ccccc2)CC1)c1ccc(Cl)cc1,3198.0,-3.504878459410216,1,test,5.495121540589784,-3.6395435037399153,0.1346650443296995,0.1346650443296995
CCNCc1ccc(Cl)c(-c2ccccc2OC)c1,840.0,-2.9242792860618816,0,test,6.075720713938118,-3.0588430833989366,0.13456379733705504,0.13456379733705504
CC(=O)c1c(OCCCN2CCOCC2)ccc2c(C)cc(=O)oc12,180.0,-2.255272505103306,0,test,6.7447274948966935,-2.120733788294376,-0.13453871680893004,0.13453871680893004
O=C(Nc1ccc(CCN2CCN(c3ccccc3)CC2)cc1)Nc1cccnc1,397.9,-2.599773939146388,1,test,6.400226060853612,-2.733766332988501,0.1339923938421128,0.1339923938421128
O=S(=O)(NCCCN1CC=C(c2c[nH]c3ccc(F)cc23)CC1)c1ccc2ccccc2c1,27.0,-1.4313637641589874,0,test,7.568636235841012,-1.5652167546240263,0.13385299046503896,0.13385299046503896
Cc1ccccc1CN1CCN(C(=O)COc2ccc3cccc(N4CCN(C)CC4)c3c2)CC1,22.7,-1.3560258571931227,0,test,7.6439741428068775,-1.4895501900295889,0.13352433283646614,0.13352433283646614
COc1ccccc1N1CCN(CCCn2cc(CCCN3CCc4cc(O)c(O)cc4C(c4cccc(C)c4)C3)nn2)CC1,133.0,-2.123851640967086,0,test,6.876148359032914,-1.9908277054591526,-0.13302393550793323,0.13302393550793323
COc1ccccc1COc1ccccc1OCCNCCOc1c(OC)cccc1OC,23.44,-1.369957607346053,0,test,7.630042392653947,-1.2374849915111148,-0.1324726158349383,0.1324726158349383
COc1cc2c(cc1O)[C@@H]1Cc3sc(CCCl)cc3CN1CC2,553.1,-2.7428036584691657,0,test,6.257196341530834,-2.6112409060878434,-0.1315627523813223,0.1315627523813223
CC(=O)c1c(OCCCN2CCN(c3cccc(Cl)c3Cl)CC2)ccc2c(C)cc(=O)oc12,1.6,-0.2041199826559248,1,test,8.795880017344075,-0.33552582147188326,0.13140583881595846,0.13140583881595846
O=C(Nc1cccc(CCN2CCN(c3ccccc3)CC2)c1)Nc1ccccn1,7.53,-0.8767949762007006,1,test,8.123205023799299,-0.7457766839068696,-0.131018292293831,0.131018292293831
NCCc1c[nH]c2ccc(OCCCCCC(=O)N3CCN(c4ccc([N+](=O)[O-])cc4)CC3)cc12,12.8,-1.1072099696478683,0,test,7.892790030352131,-1.2380227972582019,0.13081282761033353,0.13081282761033353
O=S(=O)(N[C@H]1CC[C@@H](CCN2CCN(c3nsc4ccccc34)CC2)CC1)c1ccc[nH]1,6.71,-0.8267225201689921,0,test,8.173277479831007,-0.9568434173637221,0.13012089719473008,0.13012089719473008
COc1cc2c(cc1OC1CCCCC1)C[C@H]1c3c(cc(OC)c(OC)c3-2)CCN1C,163.0,-2.2121876044039577,0,test,6.787812395596042,-2.340904044758959,0.12871644035500118,0.12871644035500118
CCC(Oc1cc(F)ccc1F)c1nc(N)nc(N2CCN(C)CC2)n1,3039.0,-3.482730700079943,0,test,5.517269299920057,-3.6113935803485653,0.12866288026862227,0.12866288026862227
O=C1NCc2cc(Cl)c(OCCCCN3CCN(c4cccc5cccc(F)c45)CC3)cc21,1.68,-0.22530928172586284,1,test,8.774690718274137,-0.09777860973764341,-0.12753067198821938,0.12753067198821938
O=C(N(CCN1CCN(c2ccccc2O)CC1)c1ccccn1)C12CCC(CF)(CC1)C2,0.74,0.13076828026902382,0,test,9.130768280269024,0.0033122143551095563,0.12745606591391423,0.12745606591391423
Cc1ccc2c(OCCN3CCN(Cc4cccc5[nH]cnc45)CC3)cccc2n1,158.49,-2.200001865406602,0,test,6.799998134593398,-2.3269006102711636,0.12689874486456176,0.12689874486456176
COc1ccc(-c2ccccc2N2CCN(CCCCCC(=O)NCc3ccc(F)nc3)CC2)cc1,152.0,-2.1818435879447726,1,test,6.818156412055227,-2.3086604779109487,0.12681688996617613,0.12681688996617613
Cn1ncc2c1CCN(CCN1CCC(c3noc4ccccc34)CC1)C2=O,23.8,-1.376576957056512,1,test,7.623423042943488,-1.2498834229581854,-0.12669353409832662,0.12669353409832662
COc1ccccc1N1CCN(CCCCCC(=O)N2CCC[C@H]2C(N)=O)CC1,44.0,-1.6434526764861874,0,test,7.356547323513812,-1.76985957291166,0.12640689642547254,0.12640689642547254
CCC(Oc1cc(Cl)cc(Cl)c1)c1nc(Nc2ccncc2)nc(N2CCN(C)CC2)n1,4922.0,-3.6921416093667836,0,test,5.307858390633216,-3.8183381063537754,0.1261964969869913,0.1261964969869913
O=C(c1ccc(F)c(Cl)c1)N1CCC(F)(CNCCOc2ccccc2F)CC1,0.1579249999999999,0.8015491144335947,1,test,9.801549114433595,0.9273532612187683,-0.1258041467851736,0.1258041467851736
Cc1ccc2c(OCCN3CCC(Cc4cc(F)c5c(c4)NC(=O)CO5)CC3)cccc2n1,5.012,-0.7000110623221123,0,test,8.299988937677888,-0.8255313707851678,0.1255203084630555,0.1255203084630555
CN1CCc2c(sc3ncn(CCN4CCN(c5ccccc5OCC(C)(C)C)CC4)c(=O)c23)C1,2.5,-0.3979400086720376,0,test,8.602059991327963,-0.2747880703609615,-0.12315193831107613,0.12315193831107613
COc1ccccc1N1CCN(CCCNC(=O)NN(Cc2ccccc2)c2ccccc2)CC1,17.0,-1.2304489213782739,0,test,7.769551078621726,-1.3530472815708359,0.12259836019256176,0.12259836019256176
CCCCCCOc1cc2c(cc1OC)-c1c(OC)c(OC)cc3c1[C@H](C2)N(C)CC3,273.0,-2.436162647040756,0,test,6.5638373529592435,-2.315308531410651,-0.12085411563010506,0.12085411563010506
Cc1cc(N2CCNCC2)c2cc(NS(=O)(=O)c3sc4ccc(Cl)cc4c3C)ccc2n1,794.33,-2.9000009651534695,0,test,6.0999990348465305,-2.7796496116634097,-0.12035135349005932,0.12035135349005932
COc1ccccc1N1CCN(CCCCN2C(=O)N3CCCC3(CCCCNCCCCCNS(=O)(=O)c3cccc4c(N(C)C)cccc34)C2=O)CC1,9.0,-0.9542425094393249,0,test,8.045757490560675,-1.0735117316705307,0.11926922223120595,0.11926922223120595
Cc1ccc2c(OCCN3CCC(Cc4ccc5c(c4F)NC(=O)CO5)CC3)cccc2n1,2.512,-0.40001963506515853,1,test,8.599980364934842,-0.5192485367939842,0.11922890172882572,0.11922890172882572
COc1ccc2cc([C@@H]3CCN(C[C@H](O)COc4cccc5[nH]c(C)cc45)[C@@H](C)C3)sc2c1,13.48,-1.129689892199301,1,test,7.870310107800699,-1.0108197166200419,-0.11887017557925916,0.11887017557925916
Oc1ccccc1N1CCN(CCC(O)c2ccc3ccccc3c2)CC1,190.55,-2.280008953108186,1,test,6.719991046891813,-2.162593736188007,-0.11741521692017898,0.11741521692017898
O=C1c2cnccc2CCN1CCN1CCC(c2noc3ccccc23)CC1,13.1,-1.1172712956557642,1,test,7.882728704344236,-0.9999920600099205,-0.11727923564584375,0.11727923564584375
Clc1ccc2c(c1)N=C(N1CCN(Cc3ccccc3)CC1)c1cccnc1O2,266.0,-2.424881636631067,1,test,6.575118363368933,-2.308976254407914,-0.11590538222315283,0.11590538222315283
Cn1c(=O)cnn(CCCCN2CCN(c3ccccc3Br)CC2)c1=O,6.0,-0.7781512503836436,1,test,8.221848749616356,-0.6628490594975028,-0.1153021908861408,0.1153021908861408
O=S(=O)(NCCN1CC=C(c2c[nH]c3ccc(F)cc23)CC1)c1ccc2ccccc2c1,36.0,-1.5563025007672873,0,test,7.443697499232712,-1.4412263575619662,-0.11507614320532111,0.11507614320532111
OC(CCc1ccccc1)CN1CCC2(CC1)OCc1c2ccc2ccccc12,8.3,-0.919078092376074,0,test,8.080921907623926,-0.8042083327507763,-0.11486975962529766,0.11486975962529766
O=C(NCCCCN1CCN(c2ccccn2)CC1)c1n[nH]c2ccccc12,37.2,-1.5705429398818975,1,test,7.429457060118103,-1.6842093311548247,0.11366639127292721,0.11366639127292721
COc1cccc(N2CCN(CCN3C(=O)CC4(CCCC4)CC3=O)CC2)c1,13.44,-1.1283992687178064,1,test,7.871600731282194,-1.0159005524882425,-0.11249871622956387,0.11249871622956387
Oc1ccc2[nH]cc(/C=N/Nc3ncc[nH]3)c2c1,977.24,-2.9900012350346614,0,test,6.009998764965339,-2.877928635918592,-0.1120725991160696,0.1120725991160696
O=C(CCNCc1ccccc1)N1CCN(c2ccccc2)CC1,938.0,-2.9722028383790646,0,test,6.027797161620935,-2.860136679178999,-0.11206615920006557,0.11206615920006557
Cc1c2c(nn1C)CCN(CCN1CCN(c3noc4ccccc34)CC1)C2=O,16.0,-1.2041199826559248,1,test,7.795880017344075,-1.3155721190222764,0.11145213636635165,0.11145213636635165
c1ccc(-c2cc(OCCCCCN3CCN(c4ccccc4)CC3)ncn2)cc1,33.5,-1.5250448070368452,0,test,7.474955192963154,-1.6352559101620532,0.11021110312520799,0.11021110312520799
CCCN[C@@H]1CCc2cccc(O)c2[C@@H]1CCC,2.9,-0.4623979978989561,0,test,8.537602002101044,-0.5722157188582817,0.10981772095932563,0.10981772095932563
Cc1ccsc1C(=O)N[C@H]1CC[C@H](CCN2CCN(c3nsc4ccccc34)CC2)CC1,2.84,-0.45331834004703764,0,test,8.546681659952963,-0.5624230933922187,0.10910475334518116,0.10910475334518116
C1=C(c2c[nH]c3ccccc23)CCN(Cc2ccccc2)C1,354.0,-2.5490032620257876,0,test,6.450996737974212,-2.440003514445576,-0.10899974758021225,0.10899974758021225
CC(=O)c1c(OCCCCN2CCN(c3ccccc3C#N)CC2)ccc2c(C)cc(=O)oc12,1.5,-0.17609125905568124,1,test,8.823908740944319,-0.06802589100005912,-0.10806536805562209,0.10806536805562209
CN1CCN(c2nc(N)nc(C(C)(C)[Se]c3ccc4ccccc4c3)n2)CC1,3533.0,-3.5481436374348454,0,test,5.451856362565154,-3.440703904108176,-0.10743973332666945,0.10743973332666945
CN1CCC(c2c[nH]c3ccc(NC(=O)c4ccc(F)cc4)nc23)CC1,56.0,-1.7481880270062005,1,test,7.251811972993799,-1.8538166270800722,0.10562860007387176,0.10562860007387176
O=C(c1ccc(F)c(Cl)c1)N1CCC(F)(CNCCOc2cccc3c2OCCO3)CC1,0.159,0.7986028756795485,0,test,9.79860287567955,0.9041965304034221,-0.10559365472387361,0.10559365472387361
Cc1cc(C)cc(N2CCN(CCNC(=O)c3ccc4ccccc4c3)CC2)c1,21.0,-1.3222192947339193,1,test,7.6777807052660805,-1.4275077455584364,0.1052884508245171,0.1052884508245171
COc1ccccc1N1CCN(CCCCN2C(=O)N3CCCC3(CCCCCCCNS(=O)(=O)c3cccc4c(N(C)C)cccc34)C2=O)CC1,15.0,-1.1760912590556813,0,test,7.823908740944319,-1.0713623778975483,-0.10472888115813284,0.10472888115813284
N#Cc1ccc2[nH]cc(CCCCN3CCN(c4ccc(N5CCOCC5=O)cc4)CC3)c2c1,2.1,-0.3222192947339193,0,test,8.67778070526608,-0.4235620710367049,0.1013427763027856,0.1013427763027856
O=C1c2ccccc2S(=O)(=O)N1CCCCCCN1CCN(c2ccc(Cl)c(Cl)c2)CC1,54.0,-1.7323937598229686,0,test,7.267606240177031,-1.6312640970361578,-0.10112966278681079,0.10112966278681079
O=S(=O)(NC1CCN(CCOc2ccccc2-c2ccccc2)CC1)c1cccc(Cl)c1,234.0,-2.369215857410143,1,test,6.630784142589857,-2.470303001136647,0.10108714372650418,0.10108714372650418
COc1ccccc1N1CCN(CC2OCC(c3ccccc3)(c3ccccc3)O2)CC1,19.025,-1.2793246654426105,0,test,7.72067533455739,-1.3779475092387719,0.09862284379616137,0.09862284379616137
O=C(/C=C/c1ccc(Cl)c(Cl)c1)NCCCCCN1CCC(c2c[nH]c3ccc(O)cc23)CC1,100.0,-2.0,0,test,7.0,-1.9018582558674633,-0.09814174413253673,0.09814174413253673
CN(C)[C@@H]1Cc2cccc3nc(O)n(c23)C1,92.0,-1.9637878273455553,0,test,7.036212172654444,-2.060949042740685,0.09716121539512956,0.09716121539512956
Cc1nc(N2CCN(CCCc3c[nH]c4ccc(C#N)cc34)CC2)sc1C#N,2.6,-0.414973347970818,0,test,8.585026652029182,-0.5108333570852294,0.09586000911441139,0.09586000911441139
Cc1cccc2sc([C@@H]3CCN(C[C@H](O)COc4cccc5[nH]ccc45)[C@@H](C)C3)cc12,6.85,-0.8356905714924255,0,test,8.164309428507574,-0.9309779834375169,0.09528741194509138,0.09528741194509138
CC(C)Oc1ccc(Br)c(CC2CCN(CCc3cc4c(cc3Cl)OCCO4)CC2)c1,15.9,-1.2013971243204515,1,test,7.798602875679548,-1.106563189130772,-0.09483393518967964,0.09483393518967964
COc1cc(OC)nc(N2CCN(CCCc3c[nH]c4ccc(Cl)cc34)CC2)n1,2.0,-0.3010299956639812,0,test,8.698970004336019,-0.20624409691046874,-0.09478589875351245,0.09478589875351245
Clc1ccc(C2=CC3CCC(C2)N3CCOc2cccc3[nH]ccc23)cc1Cl,39.0,-1.591064607026499,0,test,7.4089353929735005,-1.685693904485739,0.09462929745923998,0.09462929745923998
Cc1cc2c(cc1OCCCN1CCN(c3cccc4ccccc34)CC1)C(=O)NC2,0.67,0.17392519729917355,0,test,9.173925197299173,0.26804637233035183,-0.09412117503117834,0.09412117503117834
O=c1c2ccccc2ncn1CCCCCN1CCN(c2ccccc2)CC1,28.9,-1.4608978427565478,1,test,7.539102157243452,-1.554747714188069,0.09384987143152124,0.09384987143152124
COc1cc2c(cc1OC)-c1c(OC)c(OC)cc3c1[C@H](C2)N(C)CC3,171.0,-2.2329961103921536,0,test,6.767003889607846,-2.326492301612015,0.0934961912198613,0.0934961912198613
COCCOc1cc(CC2CCN(CCc3ccc4c(c3)OCCO4)CC2)ccc1Br,16.0,-1.2041199826559248,1,test,7.795880017344075,-1.1127196521636233,-0.09140033049230145,0.09140033049230145
Cc1ncc2c(n1)CCN(CCN1CCN(c3nsc4ccccc34)CC1)C2=O,6.77,-0.8305886686851442,1,test,8.169411331314855,-0.920865038272116,0.09027636958697172,0.09027636958697172
CC(C)c1ccccc1OCCN1CCC(N(C)S(=O)(=O)c2ccc(F)cc2)CC1,180.0,-2.255272505103306,1,test,6.7447274948966935,-2.1686865695585187,-0.08658593554478733,0.08658593554478733
Cn1cc(S(=O)(=O)NC2CCN(CCOc3ccccc3-c3ccccc3)CC2)cn1,321.0,-2.506505032404872,0,test,6.493494967595128,-2.4205756704173025,-0.0859293619875694,0.0859293619875694
Nc1nc(N)nc(NCCCCN2CCN(c3cccc(Cl)c3Cl)CC2)n1,7.0,-0.8450980400142568,0,test,8.154901959985743,-0.92977874080369,0.08468070078943324,0.08468070078943324
CCc1cc(-c2ccoc2)nc(N2CCN(C)CC2)n1,1501.0,-3.1763806922432702,0,test,5.823619307756729,-3.2598208397857276,0.08344014754245732,0.08344014754245732
c1ccc(CN2CC(CNCCCc3c[nH]c4ccccc34)Oc3ccccc32)cc1,76.14,-1.8816128724783485,0,test,7.118387127521651,-1.7982597388878987,-0.0833531335904496,0.0833531335904496
O=C(Cc1ccncc1)Nc1cccc(CCN2CCN(c3ccccc3)CC2)c1,2.26,-0.35410843914740087,1,test,8.645891560852599,-0.2711141772498997,-0.08299426189750109,0.08299426189750109
Cc1ccc2c(N3CCN(CCc4cccc5c4CCC(=O)N5C)CC3)cccc2n1,0.631,0.19997064075586568,0,test,9.199970640755865,0.2823405059839335,-0.08236986522806791,0.08236986522806791
Cc1nc(N2CCN(CCCc3c[nH]c4ccc(C#N)cc34)CC2)sc1C(N)=O,3.7,-0.568201724066995,0,test,8.431798275933005,-0.6505635259640289,0.0823618018970339,0.0823618018970339
CCC1(C)CC(=O)N(CCN2CCN(c3cc(Cl)ccc3Cl)CC2)C(=O)C1,104.1,-2.017450729510536,0,test,6.982549270489464,-1.9366805008054586,-0.08077022870507755,0.08077022870507755
CCOc1ccccc1N1CCN(CCCCCCN2C(=O)c3cccc4cccc2c34)CC1,22.0,-1.3424226808222062,0,test,7.657577319177793,-1.4221457696778481,0.07972308885564194,0.07972308885564194
CCCN(CCC)C1CCc2ccc(O)cc2C1,47.0,-1.6720978579357175,0,test,7.327902142064282,-1.750210422023832,0.0781125640881144,0.0781125640881144
COc1ccc2[nH]cc(C3=CCN(Cc4ccccc4)CC3)c2c1,139.0,-2.143014800254095,0,test,6.856985199745905,-2.221068751752658,0.0780539514985632,0.0780539514985632
O=S(=O)(NC1CC2CCC(C1)N2CCOc1cccc(-c2ccccc2)c1)c1ccc(F)cc1,170.0,-2.230448921378274,0,test,6.769551078621726,-2.154523820687845,-0.07592510069042913,0.07592510069042913
O=C(c1ccc(F)c(Cl)c1)N1CCC(F)(CNCCNc2ccccc2)CC1,1.581,-0.19893186993220904,1,test,8.80106813006779,-0.12305645953501845,-0.07587541039719053,0.07587541039719053
CC(C)c1ccccc1OCCN1CC(NS(=O)(=O)c2ccc(F)cc2)C1,45.0,-1.6532125137753437,1,test,7.346787486224656,-1.5773674165941407,-0.0758450971812028,0.0758450971812028
COc1ccccc1N1CCN(CCC(O)c2ccsc2)CC1,50.12,-1.7000110623221123,0,test,7.299988937677888,-1.7750562330761555,0.07504517075404316,0.07504517075404316
COc1ccc(NC(=O)c2ccc(-c3ccc(C4=NC(C)ON4)cc3C)cc2)cc1N1CCN(C)CC1,71.7,-1.8555191556678001,0,test,7.1444808443322,-1.9300351422753201,0.07451598660752023,0.07451598660752023
O=C(CCOCCN1CCN(c2ncccc2-c2ccc(F)cc2)CC1)NCc1ccc(C(F)(F)F)cc1,1836.0,-3.2638726768652235,0,test,5.7361273231347765,-3.189437140962596,-0.07443553590262741,0.07443553590262741
COc1ccccc1N1CCN(CCCCNC(=O)c2ccc(-c3cccc([18F])n3)cc2)CC1,16.0,-1.2041199826559248,0,test,7.795880017344075,-1.2778885092934118,0.07376852663748701,0.07376852663748701
Cc1nc2ccccc2c(=O)n1CCCCCN1CCN(c2ccccc2)CC1,18.6,-1.2695129442179163,1,test,7.730487055782084,-1.3430806806454292,0.07356773642751269,0.07356773642751269
COCCOc1cc(CC2CCN(CCc3ccc4c(c3)OCCC4)CC2)ccc1Br,19.0,-1.2787536009528289,0,test,7.721246399047171,-1.351478322321169,0.07272472136834018,0.07272472136834018
CCCCCOc1cc2c(cc1OC)-c1c(OC)c(OC)cc3c1[C@H](C2)N(C)CC3,179.0,-2.2528530309798933,0,test,6.747146969020107,-2.324614144757357,0.07176111377746386,0.07176111377746386
Cc1noc2ccn(CCN3CCC(c4noc5ccccc45)CC3)c(=O)c12,16.0,-1.2041199826559248,1,test,7.795880017344075,-1.1324757714883418,-0.07164421116758302,0.07164421116758302
O=S(=O)(NCCCCN1CC=C(c2c[nH]c3ccc(Cl)cc23)CC1)c1ccc2ccccc2c1,7.0,-0.8450980400142568,0,test,8.154901959985743,-0.9166339259352476,0.0715358859209908,0.0715358859209908
C=CCOc1c(OC)cc2c3c1-c1cc(NS(C)(=O)=O)ccc1CC3N(C)CC2,403.0,-2.6053050461411096,0,test,6.39469495385889,-2.674538258230423,0.06923321208931332,0.06923321208931332
CN(C)CCc1c[nH]c2ccc(CS(=O)(=O)N(C)Cc3ccc(CN(C)S(=O)(=O)Cc4ccc5[nH]cc(CCN(C)C)c5c4)cc3)cc12,17.7,-1.2479732663618066,0,test,7.752026733638194,-1.3140668215201905,0.06609355515838389,0.06609355515838389
Fc1ccc(SCCCN2CCCN(c3ccc(Cl)cc3)CC2)cc1,168.0,-2.225309281725863,0,test,6.774690718274137,-2.290952320896558,0.06564303917069525,0.06564303917069525
Clc1ccc(-c2n[nH]cc2N2CCCNCC2)cc1,629.0,-2.798650645445269,1,test,6.201349354554731,-2.733652538485542,-0.06499810695972696,0.06499810695972696
c1ccc2c(c1)OC[C@H](CCN1CCCC(c3ccnc(NC4CC4)n3)C1)O2,37.8,-1.5774917998372253,0,test,7.422508200162775,-1.5127000659232264,-0.06479173391399873,0.06479173391399873
COc1ccccc1N1CCN(CCCCN2C(=O)C3CCCN3C2=O)CC1,5.5,-0.7403626894942439,0,test,8.259637310505756,-0.8045632692483659,0.06420057975412197,0.06420057975412197
O=S(=O)(NC1CCN(CCOc2ccccc2I)CC1)c1ccccc1,619.0,-2.791690649020118,1,test,6.2083093509798815,-2.7279590739665083,-0.06373157505360982,0.06373157505360982
Cc1cc(C)nc(N2CCN(CCCCc3c[nH]c4ccc(Cl)cc34)CC2)n1,1.8,-0.25527250510330607,0,test,8.744727494896694,-0.193970793508671,-0.06130171159463502,0.06130171159463502
CC(C)c1ccccc1OCCN1CCC(NS(=O)(=O)c2ccc(F)c(F)c2)CC1,373.0,-2.571708831808688,1,test,6.428291168191312,-2.5118666941443104,-0.059842137664377404,0.059842137664377404
O=C1c2cccc3cccc(c23)N1CCCCCCN1CCN(c2cccc3cccnc23)CC1,22.0,-1.3424226808222062,0,test,7.657577319177793,-1.401435800145892,0.0590131193236858,0.0590131193236858
C1=C(c2c[nH]c3ccccc23)CC2CCC1N2CCOc1cccc2c1OCCO2,85.5,-1.9319661147281726,0,test,7.068033885271827,-1.8737234098643956,-0.05824270486377725,0.05824270486377725
Clc1ccc2c(c1)C(N1CCNCC1)=Nc1ccccc1O2,221.0,-2.3443922736851106,0,test,6.655607726314889,-2.2863345326047737,-0.0580577410803369,0.0580577410803369
Cc1ccc(-c2c3n(c(=O)n(CCCCN4CCCC(c5c[nH]c6ccccc56)C4)c2=O)CCCC3)cc1,50.0,-1.6989700043360187,0,test,7.301029995663981,-1.7554878148261204,0.05651781049010163,0.05651781049010163
COc1cc2ncnc(N3CCC(CN4CCN(c5cccc(C(F)(F)F)c5)CC4)C3)c2cc1OC,20.89,-1.3199384399803087,0,test,7.680061560019691,-1.263540113907806,-0.05639832607250295,0.05639832607250295
COc1ccc(-c2c(C#N)c(C(=O)NN3CCCCC3)nn2-c2ccccc2[125I])cc1,93.5,-1.9708116108725178,0,test,7.029188389127482,-1.9146576576838696,-0.05615395318864791,0.05615395318864791
CN1CCc2c(sc3ncn(CCN4CCN(c5cncc6ccccc56)CC4)c(=O)c23)C1,4.7,-0.6720978579357175,1,test,8.327902142064282,-0.6175109101402532,-0.05458694779546436,0.05458694779546436
CC(C)c1cccc(OCCN2C3CCC2CC(NS(=O)(=O)c2cccc(Cl)c2)C3)c1,206.0,-2.3138672203691533,0,test,6.686132779630847,-2.2609067377484324,-0.05296048262072084,0.05296048262072084
COc1ccccc1N1CCN(CCN(C(=O)C23CCC(CF)(CC2)CC3)c2ccccn2)CC1,0.875,0.057991946977686754,0,test,9.057991946977687,0.0051794469809938095,0.05281249999669289,0.05281249999669289
COc1cccc(N2CCN(CCCOc3ccc4c(C)cc(=O)oc4c3C(C)=O)CC2)c1,1.6,-0.2041199826559248,0,test,8.795880017344075,-0.15205116636742927,-0.05206881628849552,0.05206881628849552
CN1CCN(c2nc(N)nc(CSc3ccccc3)n2)CC1,4389.0,-3.6423655808449733,0,test,5.357634419155026,-3.590349616184507,-0.05201596466046565,0.05201596466046565
Cc1ccc2c(N3CCN(CCc4cccc(NC(=O)Nc5ccccc5F)c4)CC3)cccc2n1,3.162,-0.4999618655961902,0,test,8.500038134403809,-0.4487734314506915,-0.05118843414549873,0.05118843414549873
Cc1cccc(S(=O)(=O)NCCCN2CC=C(c3c(C)[nH]c4ccc(Cl)cc34)CC2)c1,110.0,-2.041392685158225,1,test,6.958607314841775,-2.0917948632409358,0.05040217808271086,0.05040217808271086
COc1ccc(COc2ccccc2OCCNCCOc2c(OC)cccc2OC)cc1,17.38,-1.2400497721126476,0,test,7.7599502278873524,-1.2900942679740224,0.05004449586137483,0.05004449586137483
COc1ccccc1N1CCN(CCCCNC(=O)c2cc3ccccn3n2)CC1,24.0,-1.380211241711606,1,test,7.619788758288394,-1.3317183474063068,-0.04849289430529913,0.04849289430529913
CCC(=O)NC1CCc2cc(CCN3CCN(c4nsc5ccccc45)CC3)ccc21,2.0,-0.3010299956639812,0,test,8.698970004336019,-0.3492396611849427,0.04820966552096151,0.04820966552096151
O=S(=O)(N[C@H]1CC[C@@H](CCN2CCN(c3nsc4ccccc34)CC2)CC1)c1cc2ccccc2[nH]1,8.5,-0.9294189257142927,0,test,8.070581074285707,-0.8821395688488931,-0.047279356865399746,0.047279356865399746
Cn1c(=O)c2c(nc3n(CCCN4CCN(c5cccc(Cl)c5)CC4)c(=O)ccn23)n(C)c1=O,32.81,-1.5160062303860478,0,test,7.483993769613952,-1.469757211056152,-0.04624901932989567,0.04624901932989567
Cc1c(OCCCCN2CCN(c3cccc4cccc(F)c34)CC2)ccc2c1C(=O)NC2,2.61,-0.41664050733828095,0,test,8.58335949266172,-0.37080374598093097,-0.04583676135734993,0.04583676135734993
O=C(CCCCN1CCC2(CC1)C(=O)NCN2c1ccccc1)c1nc2ccccc2s1,103.0,-2.012837224705172,0,test,6.987162775294828,-1.967598766651873,-0.04523845805329896,0.04523845805329896
Fc1ccc(-c2cccc(N3CCNCC3)c2)cc1,63.2,-1.8007170782823851,0,test,7.199282921717614,-1.8458133595697956,0.0450962812874105,0.0450962812874105
Cc1c(C2CCN(C[C@H](O)COc3cccc4[nH]ccc34)CC2)sc2ccccc12,6.28,-0.7979596437371962,0,test,8.202040356262804,-0.753385068001639,-0.04457457573555723,0.04457457573555723
O=S(=O)(NC1CCN(CCOc2ccccc2-c2ccccc2)CC1)c1ccc(Cl)s1,190.0,-2.278753600952829,0,test,6.721246399047171,-2.2345751038055077,-0.04417849714732114,0.04417849714732114
O=C(NCCCCCCN1CCN(c2nsc3ccccc23)CC1)c1ccccc1,22.0,-1.3424226808222062,1,test,7.657577319177793,-1.3860954281785152,0.043672747356308994,0.043672747356308994
Fc1ccc(SCCCN2CCN(c3ccc(Cl)cc3)CC2)cc1,166.0,-2.220108088040055,0,test,6.779891911959945,-2.2635209094191606,0.043412821379105626,0.043412821379105626
CC(C)c1ccccc1OCCN1CCC(N(C)S(=O)(=O)c2ccccc2)CC1,140.0,-2.146128035678238,0,test,6.853871964321762,-2.1894964134153576,0.043368377737119435,0.043368377737119435
O=c1n(CCCCCCN2CCN(c3nsc4ccccc34)CC2)nc2ccccn12,11.0,-1.0413926851582251,1,test,7.958607314841775,-1.0840640556257286,0.04267137046750347,0.04267137046750347
Cc1c(OCCCN2CCN(c3cccc4cc(F)ccc34)CC2)ccc2c1C(=O)NC2,1.08,-0.03342375548694973,1,test,8.96657624451305,0.009131649961187363,-0.04255540544813707,0.04255540544813707
O=C1c2ccccc2S(=O)(=O)N1CCCCCN1CCN(c2ccc(Cl)cc2)CC1,101.0,-2.0043213737826426,1,test,6.995678626217357,-1.9621181911642693,-0.04220318261837286,0.04220318261837286
CC(C)c1ccccc1N1CCN(CCCCC(=O)N2Cc3ccccc3C[C@H]2C(N)=O)CC1,34.0,-1.5314789170422551,0,test,7.468521082957745,-1.49347750458292,-0.03800141245933508,0.03800141245933508
COc1ccc(-c2ccccc2N2CCN(CCOCCC(=O)NCc3ccc(F)nc3)CC2)cc1,568.0,-2.754348335711019,1,test,6.245651664288982,-2.79208908520574,0.03774074949472128,0.03774074949472128
Cn1c(=O)c2c(nc3n2CCCN3CCCN2CCN(c3ncccn3)CC2)n(C)c1=O,35.97,-1.555940437818511,1,test,7.444059562181489,-1.5190063908026845,-0.03693404701582659,0.03693404701582659
CCCN(CCC)C1CCc2cccc(OCCCCCCOc3cccc4c3CC(N(CCC)CCC)CC4)c2C1,6.8,-0.8325089127062363,0,test,8.167491087293763,-0.8693710393486046,0.03686212664236832,0.03686212664236832
COc1ccc2[nH]cc(C3CCCN(CCCCn4c(=O)c(-c5ccccc5F)c5ccccn5c4=O)C3)c2c1,130.0,-2.113943352306837,0,test,6.886056647693163,-2.14927936410169,0.03533601179485313,0.03533601179485313
Cc1c(OCCCN2CCN(c3cccc4ccccc34)CC2)ccc2c1C(=O)NC2,0.615,0.21112488422458328,1,test,9.211124884224583,0.2463101182897229,-0.03518523406513971,0.03518523406513971
O=S(=O)(c1cccc2ncccc12)N1CCCC[C@@H]1CCN1CCN(c2cccc3sccc23)CC1,15.0,-1.1760912590556813,1,test,7.823908740944319,-1.2105053397429626,0.03441408068728147,0.03441408068728147
c1ccc(OCC2=NCCN2)c(CC2CC2)c1,83.18,-1.920018916028915,0,test,7.079981083971085,-1.9524352749673037,0.03241635893838879,0.03241635893838879
[C-]#[N+]c1ccc(S(=O)(=O)N[C@H]2CC[C@H](CCN3CCN(c4nsc5ccccc45)CC3)CC2)o1,6.08,-0.7839035792727349,0,test,8.216096420727265,-0.7525197538642502,-0.03138382540848472,0.03138382540848472
COc1ccc(NC(=O)N2CCN(c3ccc(C(F)(F)F)cc3)CC2)cc1N1CCN(C)CC1,382.0,-2.582063362911709,0,test,6.417936637088291,-2.5510106697949047,-0.031052693116804253,0.031052693116804253
Cc1ccc2c(OCCN3CCC(Cc4cccc(N5CCOCC5)c4)CC3)cccc2n1,5.012,-0.7000110623221123,1,test,8.299988937677888,-0.7276894761211716,0.02767841379905933,0.02767841379905933
OC(CCNC12CC3CC(CC(C3)C1)C2)COc1cccc2[nH]ccc12,76.1,-1.8813846567705728,0,test,7.118615343229427,-1.908729669942533,0.027345013171960142,0.027345013171960142
COc1cccc2[nH]cc(-c3ccnc(N)n3)c12,1354.0,-3.1316186643491255,0,test,5.8683813356508745,-3.1587213511362324,0.027102686787107366,0.027102686787107366
CC1(C)CC(=O)N(CCCCN2Cc3ccccc3C2)C(=O)C1,338.92,-2.5300971977348454,0,test,6.469902802265155,-2.5060499881453198,-0.02404720958952522,0.02404720958952522
COc1ccc2oc(C(=O)N[C@H]3CC[C@H](CCN4CCN(c5nsc6ccccc56)CC4)CC3)cc2c1,6.2,-0.7923916894982539,0,test,8.207608310501746,-0.7687701907446999,-0.023621498753554016,0.023621498753554016
C[C@@]12COc3c(-c4ccccc4)cccc3[C@@H]1CCN2,199.53,-2.300008202553813,0,test,6.699991797446187,-2.3236114676373103,0.023603265083497416,0.023603265083497416
O[C@H](COc1cccc2[nH]ccc12)CN1CCC(c2cc3ccc(Cl)cc3s2)CC1,7.64,-0.8830933585756899,0,test,8.11690664142431,-0.8597317651492896,-0.023361593426400318,0.023361593426400318
O=S(=O)(NC1CCN(CCOc2cccc3c2CCCC3)C1)c1ccc(F)cc1,22.0,-1.3424226808222062,0,test,7.657577319177793,-1.3657094722978291,0.02328679147562296,0.02328679147562296
COc1ccccc1N1CCN(CCCCNC(=O)c2ccn3nccc3c2)CC1,15.0,-1.1760912590556813,0,test,7.823908740944319,-1.1990292856372016,0.022938026581520443,0.022938026581520443
O=C1CCCCN1c1ccc(N2CCN(CCCc3c[nH]c4ccc(F)cc34)CC2)cc1,3.2,-0.505149978319906,1,test,8.494850021680094,-0.48294220375182684,-0.022207774568079208,0.022207774568079208
c1ccc(OC2CC2)c(OCC2=NCCN2)c1,79.43,-1.899984562549391,0,test,7.100015437450609,-1.8817515214616538,-0.018233041087737156,0.018233041087737156
CN(CCN1C(=O)CC2(CCCC2)CC1=O)CCN(C)c1cc(Cl)ccc1Cl,432.7,-2.6361868951987244,0,test,6.363813104801276,-2.6543664582936035,0.018179563094879114,0.018179563094879114
CCC(Oc1cc(F)ccc1Cl)c1nc(N)nc(N2CCN(C)CC2)n1,1746.0,-3.2420442393695508,0,test,5.757955760630449,-3.2286585525010003,-0.013385686868550462,0.013385686868550462
O=C1c2sccc2CCN1CCN1CCC(c2noc3ccccc23)CC1,15.9,-1.2013971243204515,1,test,7.798602875679548,-1.1884972799284563,-0.012899844391995208,0.012899844391995208
c1ccc(CN2CCN(Cc3cc4ccccc4o3)CC2)cc1,833.0,-2.9206450014067875,0,test,6.079354998593212,-2.9333024011363324,0.012657399729544938,0.012657399729544938
Cc1ccc2c(N3CCN(CCc4c(C)ccc5[nH]c(=O)ccc45)CC3)cccc2n1,1.0,-0.0,0,test,9.0,0.011268643026080598,-0.011268643026080598,0.011268643026080598
O=C(NCCN1CC=C(c2ccc(Cl)cc2)CC1)c1cnc2ccccc2n1,9.3,-0.9684829485539351,1,test,8.031517051446064,-0.9782885438449175,0.009805595290982239,0.009805595290982239
NC(=O)c1ccc(F)c2c1CC(N(CCCCn1ccc3cc(F)ccc31)C1CCC1)CO2,10.78,-1.0326187608507198,0,test,7.96738123914928,-1.0234048806845335,-0.009213880166186295,0.009213880166186295
CC(C)NCC(O)COc1ccccc1CCCSCC(=O)NCCOCCOCCNC(=O)CCCCCC1(C)C(/C=C/C=C/C=C2/N(CCCS(=O)(=O)O)c3ccc(S(=O)(=O)O)cc3C2(C)C)=[N+](CCCS(=O)(=O)O)c2ccc(S(=O)(=O)O)cc21,261.0,-2.416640507338281,0,test,6.583359492661719,-2.4079054541712512,-0.008735053167029605,0.008735053167029605
O=C1c2ccccc2S(=O)(=O)N1CCCCCN1CCN(c2cccc(Cl)c2Cl)CC1,29.0,-1.462397997898956,1,test,7.537602002101044,-1.4537075368439774,-0.008690461054978726,0.008690461054978726
O=S(=O)(NC1CCN(CCOc2cccc(Cl)c2)CC1)c1ccccc1,1637.0,-3.2140486794119414,1,test,5.785951320588058,-3.2222167932564565,0.008168113844515101,0.008168113844515101
COc1cccc2c1CC(CN1CCC(Cc3ccccc3)CC1)CC2,57.2,-1.7573960287930241,0,test,7.242603971206976,-1.7506331331793257,-0.00676289561369825,0.00676289561369825
CC1(c2ccc(F)cc2)NC(=O)N(CC(O)CN2CCN(c3ccccc3)CC2)C1=O,2733.0,-3.436639631692661,0,test,5.56336036830734,-3.4428125471855924,0.00617291549293153,0.00617291549293153
CCOc1ccc2[nH]cc(C3=CCN(Cc4ccc(OC)cc4)CC3)c2c1,194.0,-2.287801729930226,0,test,6.7121982700697735,-2.284234613460109,-0.003567116470116982,0.003567116470116982
COc1ccccc1N1CCN(Cc2ccn(-c3ccccc3C)c2)CC1,41.0,-1.6127838567197355,0,test,7.3872161432802645,-1.6155019719840862,0.002718115264350507,0.002718115264350507
CC(C)c1ccccc1N1CCN(CCCCCC(=O)N2Cc3ccccc3C[C@H]2C(=O)N2CCCCC2)CC1,16.0,-1.2041199826559248,0,test,7.795880017344075,-1.2015681108585137,-0.0025518717974111205,0.0025518717974111205
CCCN1CC(CNCCc2c[nH]c3ccccc23)Oc2ccccc21,12.76,-1.1058506743851435,0,test,7.8941493256148565,-1.1046882720487081,-0.0011624023364353864,0.0011624023364353864
O=C(N(CCN1CCN(c2ccccc2O)CC1)c1ccccn1)C12C3C4C1C1C2C3C41I,1.02,-0.00860017176191757,0,test,8.991399828238082,-0.0076904289740933485,-0.0009097427878241512,0.0009097427878241512
O=S(=O)(c1cccc2ncccc12)N1CCC(CCN2CCN(c3ccc(Cl)c(Cl)c3)CC2)CC1,257.0,-2.4099331233312946,0,test,6.590066876668706,-2.4091585905508164,-0.000774532780478232,0.000774532780478232
CN1CCc2c(sc3ncn(CCN4CCN(c5ccccc5Cl)CC4)c(=O)c23)C1,2.8,-0.4471580313422192,0,test,8.55284196865778,-0.44652281039542835,-0.0006352209467908598,0.0006352209467908598
COc1ccc2c(C)c(C3CCN(C[C@H](O)COc4cccc5[nH]ccc45)CC3)sc2c1,6.07,-0.7831886910752576,0,test,8.216811308924742,-0.783432210305197,0.00024351922993948172,0.00024351922993948172
CCCC([Se]c1ccccc1)c1nc(N)nc(N2CCN(C)CC2)n1,3702.0,-3.5684364144168854,0,test,5.431563585583115,-3.5683882185007976,-4.819591608784535e-05,4.819591608784535e-05
O=c1sc2ccccc2n1CCCCCN1CCN(c2ccccc2)CC1,95.66,-1.9807303765359454,1,train,7.019269623464055,-0.657732265060708,-1.3229981114752372,1.3229981114752372
COc1ccc2[nH]cc(CCN3CCCC3)c2c1F,0.12,0.9208187539523752,0,train,9.920818753952375,-0.39191465397873465,1.31273340793111,1.31273340793111
O=c1sc2ccccc2n1CCCCCCCN1CCN(c2ccccc2)CC1,0.27,0.5686362358410126,1,train,9.568636235841012,-0.657732265060708,1.2263685009017207,1.2263685009017207
O=C(NCCN1CCN(C2CCCc3ccccc32)CC1)c1ccc([18F])cc1,0.5,0.3010299956639812,0,train,9.301029995663981,-0.9125545195797702,1.2135845152437514,1.2135845152437514
CNc1ccccc1C(=O)N1CCc2c([nH]c3ccccc23)C1=O,32000.0,-4.505149978319906,0,train,4.494850021680094,-3.375018254659865,-1.1301317236600412,1.1301317236600412
CN1CCN(CCCN2C(=O)c3ccccc3/C=C\c3ccccc32)CC1,87700.0,-4.94299959336604,0,train,4.05700040663396,-3.8263046434425005,-1.1166949499235397,1.1166949499235397
COc1cccc(C2CCC(N3CCN(c4ccccc4OC)CC3)CC2)c1,0.21,0.6777807052660807,0,train,9.67778070526608,-0.43441377659070063,1.1121944818567813,1.1121944818567813
COc1ccccc1N1CCN(CCCCCn2ncc(=O)n(C)c2=O)CC1,150.0,-2.1760912590556813,1,train,6.823908740944319,-1.0735172281966106,-1.1025740308590708,1.1025740308590708
COc1cc(C[C@@H](C)N)c(OC)cc1I,0.65,0.18708664335714442,0,train,9.187086643357144,-0.821038715013129,1.0081253583702734,1.0081253583702734
COc1ccccc1N1CCN(CCCCCCCn2c(=O)oc3ccccc32)CC1,0.19,0.721246399047171,1,train,9.721246399047171,-0.236959308042918,0.958205707090089,0.958205707090089
CCCCCCN1CCC(c2cccc(O)c2)C1,272.0,-2.4345689040341987,1,train,6.565431095965801,-1.4858722729917573,-0.9486966310424414,0.9486966310424414
Fc1ccccc1-c1cccc2c1CCC(N1CCCC1)C2,1.3,-0.11394335230683679,0,train,8.886056647693163,-1.022464291867842,0.9085209395610052,0.9085209395610052
O=C(c1ccc(F)c(Cl)c1)N1CCC(F)(CNCCOc2ccnnc2)CC1,199.53,-2.300008202553813,1,train,6.699991797446187,-1.403468271090272,-0.8965399314635409,0.8965399314635409
COc1ccc(/C=C2\NC(=O)N(CCCCN3CCN(c4cccc(Cl)c4Cl)CC3)C2=O)cc1OC,0.2,0.6989700043360187,1,train,9.698970004336019,-0.1780261292019015,0.8769961335379203,0.8769961335379203
COc1ccccc1N1CCN(CCCCc2ccc3c(c2)oc(=O)n3C)CC1,0.04,1.3979400086720375,0,train,10.397940008672037,0.524046548548142,0.8738934601238955,0.8738934601238955
Brc1ccc2c(c1)c1c3n2CCN(Cc2ccccc2)C3CCC1,26360.0,-4.420945405921972,0,train,4.579054594078028,-3.5532737669642027,-0.8676716389577694,0.8676716389577694
O=S(=O)(Nc1cc2c(c3ccccc13)OC1(N3CCOCC3)CCCCC21)c1ccccc1,20600.0,-4.313867220369153,0,train,4.686132779630847,-3.4493189829670055,-0.8645482374021478,0.8645482374021478
Cn1c(=O)cnn(CCCCN2CCN(c3ccccc3OCCF)CC2)c1=O,0.1,1.0,1,train,10.0,0.14513836848286243,0.8548616315171376,0.8548616315171376
CC1(c2ccc(F)cc2)NC(=O)N(CC(O)CN2CCC(Oc3ccc(Cl)cc3)CC2)C1=O,21470.0,-4.331832044436249,1,train,4.668167955563751,-3.481649160861316,-0.850182883574933,0.850182883574933
CC(=O)Nc1ccc(OCCCN2CCN(c3ccccn3)CC2)cc1,1988.0,-3.2984163800612945,1,train,5.701583619938706,-2.451082530823946,-0.8473338492373483,0.8473338492373483
COc1ccccc1N1CCN(CCCCCn2c(=O)oc3ccccc32)CC1,11.86,-1.0740846890282438,1,train,7.925915310971757,-0.236959308042918,-0.8371253809853259,0.8371253809853259
O=C(c1ccc(F)c(Cl)c1)N1CCC(F)(CNCCOc2ncccn2)CC1,33.739999999999995,-1.5281450782531063,1,train,7.4718549217468935,-0.6949113362468675,-0.8332337420062388,0.8332337420062388
O=c1ccc(-c2ccc(S(=O)(=O)Nc3cccc4c3CCCC4)s2)n[nH]1,24070.0,-4.38147609027503,0,train,4.61852390972497,-3.548631943227136,-0.8328441470478944,0.8328441470478944
COc1ccccc1N1CCN(CCCCCn2c(=O)sc3ccccc32)CC1,7.13,-0.8530895298518656,1,train,8.146910470148134,-0.03480068906047474,-0.8182888407913909,0.8182888407913909
COc1ccc2ccc(N3CCNCC3)cc2c1,2.8,-0.4471580313422192,0,train,8.55284196865778,-1.2601478110294133,0.8129897796871941,0.8129897796871941
Cc1cc(=O)oc2cc(OCCCN3CCN(c4ccccc4)CC3)ccc12,0.79,0.10237290870955855,0,train,9.102372908709558,-0.7091038686551012,0.8114767773646597,0.8114767773646597
CC(=O)Nc1ccc(OCCCN2CCC(c3noc4cc(F)ccc34)CC2)cc1,3.5,-0.5440680443502757,1,train,8.455931955649724,-1.3505397280450706,0.8064716836947949,0.8064716836947949
COc1ccccc1N1CCN(Cc2ccc(C(=O)N3CCC[C@H]3C(N)=O)cc2)CC1,6307.0,-3.7998228309933197,1,train,5.200177169006681,-2.9935867276889563,-0.8062361033043639,0.8062361033043639
NCCCC1(CCCN)CCc2cccc(O)c2C1,1.995,-0.2999429000227671,0,train,8.700057099977233,-1.0930432884224637,0.7931003883996965,0.7931003883996965
O=c1sc2ccccc2n1CCCCN1CCN(c2ccccc2)CC1,913.0,-2.960470777534299,1,train,6.039529222465701,-2.1721377023019026,-0.7883330752323965,0.7883330752323965
COc1cc(N2CCN(C3CCN(c4c(F)ccc5cccnc45)CC3)CC2)c2ncccc2c1,276.0,-2.4409090820652177,1,train,6.559090917934782,-1.6682363164777456,-0.7726727655874721,0.7726727655874721
O=C(CCN1CCN(c2ccccc2)CC1)N1CCN(c2cccc(Cl)c2)CC1,1074.0,-3.0310042813635367,1,train,5.968995718636464,-2.2618822353311976,-0.7691220460323391,0.7691220460323391
O=C(/C=C/c1ccc(Cl)c(Cl)c1)N[C@H]1CC[C@@H](CN2[C@@H]3CC[C@H]2C[C@H](c2c[nH]c4ccc(O)cc24)C3)CC1,7943.28,-3.899999871665804,0,train,5.100000128334196,-3.1317582559001975,-0.7682416157656067,0.7682416157656067
NC(=O)C1CCN(c2c(S(=O)(=O)c3ccccc3)cnc3ccc(Cl)cc23)CC1,18490.0,-4.266936911159173,0,train,4.733063088840827,-3.5168086829221723,-0.750128228237001,0.750128228237001
CC(=O)Nc1ccc(OCCCCN2CCC(c3noc4cc(F)ccc34)CC2)cc1,1232.0,-3.090610707828407,1,train,5.909389292171593,-2.3469912598194296,-0.7436194480089773,0.7436194480089773
CC(=O)c1c(C)cc2oc(=O)cc(C)c2c1OCCCCN1CCN(c2cccc(Cl)c2Cl)CC1,250.0,-2.3979400086720375,1,train,6.6020599913279625,-1.657504888263076,-0.740435120408961,0.740435120408961
c1cc(C2CCCN(CCc3cn[nH]c3)C2)nc(NC2CC2)n1,4450.0,-3.6483600109809315,1,train,5.351639989019068,-2.9108081736765157,-0.7375518373044163,0.7375518373044163
O=C(CCN1CCN(c2cccc(Cl)c2)CC1)N1CCN(c2ccccc2)CC1,33.5,-1.5250448070368452,1,train,7.474955192963154,-2.2618822353311976,0.7368374282943524,0.7368374282943524
O=C1c2ccccc2C(=O)N1CCCCN1CCN(c2ccc3cc([N+](=O)[O-])ccc3n2)CC1,59000.0,-4.770852011642144,0,train,4.229147988357856,-4.036298118914204,-0.7345538927279396,0.7345538927279396
C=CCN1C[C@H]2c3c(O)cccc3CC[C@H]21,0.3,0.5228787452803376,0,train,9.522878745280337,-0.20976631341834,0.7326450586986777,0.7326450586986777
COc1ccccc1N1CCN(CCCCc2cn(-c3ccc(-c4ccsc4)cc3)nn2)CC1,1.3,-0.11394335230683679,1,train,8.886056647693163,-0.8442354135014604,0.7302920611946236,0.7302920611946236
CNc1ccccc1N1CCN(CCCCn2ncc(=O)n(C)c2=O)CC1,220.0,-2.342422680822206,1,train,6.657577319177793,-1.6198568098087622,-0.7225658710134439,0.7225658710134439
CC1(C)CC(=O)N(CCCCN2CCN(c3ccc4c(Cl)cccc4n3)CC2)C(=O)C1,1400.0,-3.146128035678238,1,train,5.853871964321762,-2.4247097854844926,-0.7214182501937456,0.7214182501937456
COc1cccc(OC)c1OCCNC[C@@H]1COC[C@@H](c2ccccc2)O1,416.87,-2.620000642300068,0,train,6.379999357699932,-1.9024222361287313,-0.7175784061713366,0.7175784061713366
COc1ccccc1N1CCN(CCCCCCCn2c(=O)sc3ccccc32)CC1,0.21,0.6777807052660807,1,train,9.67778070526608,-0.03480068906047474,0.7125813943265554,0.7125813943265554
COc1cccc2c1C1CCN(CCCN3C(=O)c4ccccc4S3(=O)=O)C[C@H]1C2,0.89,0.05060999335508721,0,train,9.050609993355087,-0.657470807415056,0.7080808007701432,0.7080808007701432
COc1ccc2c(c1)CC(CCN1CCN(c3ccccn3)CC1)CC2,0.16,0.7958800173440752,1,train,9.795880017344075,0.09065272664183834,0.7052272907022369,0.7052272907022369
O=C(CN1CCCC(c2ccnc(NC3CC3)n2)C1)c1c[nH]c2ccccc12,3420.0,-3.534026106056135,0,train,5.465973893943865,-2.8303447772302017,-0.7036813288259332,0.7036813288259332
COc1ccc(CNCCC(c2ccccc2)c2ccc3c(c2)OCO3)cc1,15600.0,-4.193124598354461,0,train,4.806875401645539,-3.490593886020625,-0.7025307123338362,0.7025307123338362
Cc1ccc(S(=O)(=O)NCCCCN2CCN(c3cccc(NC(=O)C(C)(C)C)c3)CC2)cc1,1360.0,-3.1335389083702174,1,train,5.866461091629782,-2.432087212180846,-0.7014516961893711,0.7014516961893711
CCCCCCCCCCc1ccc2[nH]cc(CCN)c2c1,2300.0,-3.361727836017593,1,train,5.638272163982407,-2.6607148981358932,-0.7010129378816998,0.7010129378816998
OC(CCN1CCN(c2cccc3cccnc23)CC1)c1csc2ccccc12,549.54,-2.7399993094019677,1,train,6.260000690598032,-2.0396102444645186,-0.7003890649374496,0.7003890649374496
O=c1sc2ccccc2n1CCCCCCN1CCN(c2ccccc2)CC1,0.91,0.040958607678906384,1,train,9.040958607678906,-0.657732265060708,0.6986908727396144,0.6986908727396144
COc1ccccc1N1CCN(CC/C(=N\O)c2csc3ccccc23)CC1,794.33,-2.9000009651534695,1,train,6.0999990348465305,-2.2056974257406905,-0.6943035394127786,0.6943035394127786
COc1cccc2c1CCCC2CCCNCCOc1ccccn1,0.23,0.638272163982407,1,train,9.638272163982407,-0.05584603909643317,0.6941182030788402,0.6941182030788402
CC(=O)c1c(C)cc2oc(=O)cc(C)c2c1OCCCN1CCN(c2cccc(Cl)c2Cl)CC1,0.4,0.3979400086720376,1,train,9.397940008672037,-0.28965962543786744,0.6875996341099051,0.6875996341099051
CN1CCc2cccc3c2[C@H]1Cc1cccc(-c2ccccc2)c1-3,1.8,-0.25527250510330607,1,train,8.744727494896694,-0.9408643309099607,0.6855918258066547,0.6855918258066547
CNCC(O)c1ccc(O)cc1,63000.0,-4.799340549453582,0,train,4.200659450546418,-4.114276773134366,-0.6850637763192164,0.6850637763192164
COc1ccccc1N1CCN(CCCCNc2ccc3ccccc3n2)CC1,97.0,-1.9867717342662448,1,train,7.013228265733755,-1.305134542715551,-0.6816371915506938,0.6816371915506938
Cc1ccc2c(OC(C)CN3CCC(Cc4ccc5c(c4)NC(=O)CO5)CC3)cccc2n1,398.11,-2.60000308662774,1,train,6.399996913372259,-1.9221795015721996,-0.6778235850555405,0.6778235850555405
OC1(c2ccc(Cl)cc2)CCN(Cc2c[nH]c3ccccc23)CC1,6300.0,-3.7993405494535817,0,train,5.200659450546418,-3.1235330385124587,-0.675807510941123,0.675807510941123
CCCCCNC(=N)N/N=C/c1c[nH]c2ccc(O)cc12,40.74,-1.6100210246641453,1,train,7.389978975335855,-2.285133629023388,0.675112604359243,0.675112604359243
Cc1ccc(S(=O)(=O)N/N=C2\CCCc3c2[nH]c2ccc(Cl)cc32)cc1,15560.0,-4.19200959265367,0,train,4.80799040734633,-3.5200855921307204,-0.6719240005229494,0.6719240005229494
O=C1c2ccccc2CN1CCCCN1CCN(c2ccccc2)CC1,360.0,-2.5563025007672873,1,train,6.443697499232712,-1.885838895962897,-0.6704636048043906,0.6704636048043906
Cc1cccc(C2=CCN(CCNC(=O)C3CCC(F)(F)CC3)CC2)n1,2438.0,-3.387033701282363,0,train,5.612966298717637,-2.717834694512831,-0.6691990067695319,0.6691990067695319
COc1ccc(/C=C2\NC(=O)N(CCCCN3CCN(c4cccc(Cl)c4Cl)CC3)C2=O)cc1OC1CCCC1,132.0,-2.12057393120585,1,train,6.8794260687941495,-1.4536830640030534,-0.6668908672027967,0.6668908672027967
O=C(NC1CCCC1)c1ccc(-c2ccc3c(c2)CCN(CCN2CCCC2)C3=O)cc1,8720.0,-3.940516484932567,0,train,5.059483515067432,-3.273769804940217,-0.6667466799923503,0.6667466799923503
CC(=O)Nc1cc2c(C3CCN(C)CC3)c[nH]c2cn1,2.0,-0.3010299956639812,1,train,8.698970004336019,-0.95609593138929,0.6550659357253088,0.6550659357253088
COc1ccc2cccc(N3CCN(CCCCCn4ncc(=O)n(C)c4=O)CC3)c2c1,240.0,-2.380211241711606,1,train,6.619788758288394,-1.7263893889600197,-0.6538218527515862,0.6538218527515862
Cc1cnc2c(c1)CCN(CCN1CCN(c3noc4ccccc34)CC1)C2=O,2.7,-0.43136376415898736,1,train,8.568636235841012,-1.085002728625944,0.6536389644669567,0.6536389644669567
c1ccc2c(c1)CC(N1CCN(c3cccc4c3OCCO4)CC1)C2,0.7943,0.100015437450609,1,train,9.100015437450608,-0.5523053282623327,0.6523207657129417,0.6523207657129417
O=C(CCCCN1CCN(c2ccccc2)CC1)c1nc2ccccc2s1,3.6,-0.5563025007672873,1,train,8.443697499232712,-1.2081256601552206,0.6518231593879333,0.6518231593879333
O=C1CC2(CCCC2)CC(=O)N1CCN1CCN(c2cc(I)ccc2Cl)CC1,803.57,-2.9050237146893783,1,train,6.094976285310622,-2.254446498094243,-0.6505772165951353,0.6505772165951353
O=C1NCCc2ccc3c(c21)CC(N(CCCc1c[nH]c2ccc(F)cc12)CCC(F)(F)F)CO3,966.0,-2.9849771264154934,0,train,6.015022873584506,-2.3344359076525856,-0.6505412187629078,0.6505412187629078
O=C1/C(=C/c2ccccc2N2CCNCC2)SCCN1c1ccc(F)cc1F,4.0,-0.6020599913279624,0,train,8.397940008672037,-1.2490588081428857,0.6469988168149233,0.6469988168149233
O=S(=O)(c1cccc(NC2CCNCC2)c1)n1cccc1-c1ccccc1,40610.0,-4.608632989490037,1,train,4.391367010509963,-3.9619235904561156,-0.646709399033921,0.646709399033921
O=C(NCCN1CCN(c2cccc(C(F)(F)F)n2)CC1)c1ccc(F)cc1,0.5,0.3010299956639812,0,train,9.301029995663981,-0.34292434584703985,0.643954341511021,0.643954341511021
Cc1cc(C)c(OCCCN[C@@H]2CCCC[C@H]2O)c(C)c1,2370.0,-3.374748346010104,0,train,5.625251653989896,-2.7320819652168837,-0.6426663807932202,0.6426663807932202
CC(=O)NCc1ccc(OCCCN2CCC(c3noc4cc(F)ccc34)CC2)cc1,2142.0,-3.330819466495837,1,train,5.6691805335041625,-2.6898193249418894,-0.6410001415539477,0.6410001415539477
COc1cc2c(cc1OC)[C@@H](O)[C@H](N1CCC(c3cccc4c3OCCO4)CC1)C2,79.43,-1.899984562549391,1,train,7.100015437450609,-1.2603921063168768,-0.6395924562325142,0.6395924562325142
CSc1ccccc1OCCNCC1(F)CCN(C(=O)c2ccc(F)c(Cl)c2)CC1,0.029,1.537602002101044,1,train,10.537602002101044,0.9035799510071358,0.6340220510939081,0.6340220510939081
COc1ccccc1N1CCN(CCCCNS(=O)(=O)c2ccc(C)cc2)CC1,1.0,-0.0,1,train,9.0,-0.6298701787097734,0.6298701787097734,0.6298701787097734
CC(C)CN(CCCc1c[nH]c2ccc(F)cc12)C1COc2ccc3c(c2C1)C(=O)NCC3,927.0,-2.967079734144497,1,train,6.032920265855503,-2.3387049173782297,-0.6283748167662675,0.6283748167662675
NC(=O)N1CCN(c2cccc(Cl)c2)CC1,7014.0,-3.8459657615454836,0,train,5.154034238454516,-3.21967396177693,-0.6262917997685542,0.6262917997685542
C[C@H]1CN(CC[C@H]2CC[C@H](NC(=O)N3CCCC3)CC2)CCc2ccc(Cl)cc21,5.3,-0.724275869600789,1,train,8.275724130399212,-1.3488472970936025,0.6245714274928135,0.6245714274928135
c1ccc2c(c1)CCN(CCCCc1nc3ccccc3s1)C2,5.1,-0.7075701760979364,1,train,8.292429823902063,-1.33101909792128,0.6234489218233435,0.6234489218233435
NCCCCCCn1cc(CCCCN2CCC(c3ccc(-c4cc(C(=O)O)cc5cc(-c6ccc(C(F)(F)F)cc6)ccc45)cc3)CC2)nn1,5650.0,-3.7520484478194387,0,train,5.247951552180561,-3.129407464148483,-0.6226409836709563,0.6226409836709563
O=C(c1ccc(F)cc1)C1CCN([C@H]2CCN(Cc3ccc(F)cc3)C[C@@H]2O)CC1,2540.0,-3.404833716619938,0,train,5.5951662833800615,-2.7894862724666982,-0.6153474441532398,0.6153474441532398
CCCN1CCC[C@@H]2c3cc(O)ccc3CC[C@H]21,3.87,-0.5877109650189114,0,train,8.41228903498109,-1.2026586932525247,0.6149477282336133,0.6149477282336133
COCCOc1cccc(CC2CCN(CCc3cc4c(cc3Cl)OCCO4)CC2)c1Br,468.0,-2.670245853074124,0,train,6.329754146925875,-2.0553631988403054,-0.6148826542338188,0.6148826542338188
COc1ccc(/C=C2\NC(=O)N(CCCCN3CCN(c4ccccc4OC)CC3)C2=O)cc1OC1CCCC1,1.0,-0.0,1,train,9.0,-0.605759916803408,0.605759916803408,0.605759916803408
O=C1NCc2ccc(OCCCN3CCN(c4cccc5cccc(F)c45)CC3)cc21,0.0141,1.85078088734462,1,train,10.85078088734462,1.2480686926489828,0.6027121946956373,0.6027121946956373
CC(C)(C)OC(=O)N1CCCC1CNC1CCC(c2cc(F)ccc2F)(S(=O)(=O)c2ccc(Cl)cc2)CC1,2767.0,-3.442009159140952,0,train,5.557990840859048,-2.840202813040909,-0.6018063461000431,0.6018063461000431
CCCN1CCC(COc2nc3c(F)cccc3c3ncccc23)CC1,4987.0,-3.697839368218363,0,train,5.302160631781637,-3.0965951000343512,-0.6012442681840118,0.6012442681840118
O=c1[nH]c(CCCCN2CCN(c3ccccc3)CC2)nc2c1sc1ccccc12,1148.0,-3.059941888061955,1,train,5.940058111938045,-2.4590870738782087,-0.6008548141837462,0.6008548141837462
CCCN(CCC)C1Cc2cccc3nc(SC)n(c23)C1,173.0,-2.2380461031287955,0,train,6.761953896871205,-1.637384010066121,-0.6006620930626745,0.6006620930626745
O=C(CN1CCC(CN2Cc3ccccc3C2=O)CC1)c1ccc(F)cc1,7.53,-0.8767949762007006,0,train,8.123205023799299,-1.4758651087753907,0.5990701325746901,0.5990701325746901
O=C1CC2(CCCC2)CC(=O)N1CCN1CCN(c2c(Cl)cccc2Cl)CC1,234.4,-2.369957607346053,1,train,6.630042392653947,-1.7733810708370499,-0.596576536509003,0.596576536509003
CN(C)S(=O)(=O)c1ccc2cccc(N3CCN(CCCCN4C(=O)C5CCCN5C4=O)CC3)c2c1,2.4,-0.38021124171160603,1,train,8.619788758288394,-0.9758624684508458,0.5956512267392398,0.5956512267392398
O=S(=O)(c1ccccc1)N1C=Cc2ccccc2C1c1c[nH]c2ccccc12,10330.0,-4.014100321519621,0,train,4.985899678480379,-3.4206863257002253,-0.5934139958193954,0.5934139958193954
CCCCCCCCCOc1ccc2[nH]cc(CCN)c2c1,315.0,-2.4983105537896004,1,train,6.501689446210399,-1.9066731712103486,-0.5916373825792518,0.5916373825792518
O=C(c1cccc(CN2CCc3c([nH]c4ccccc34)C2)c1)N1CCc2ccccc21,9.2,-0.9637878273455552,0,train,8.036212172654444,-1.5513367668216207,0.5875489394760655,0.5875489394760655
CNCCc1c[nH]c2ccc(C(C)(C)C)cc12,6.1,-0.785329835010767,0,train,8.214670164989233,-1.3716645356262704,0.5863347006155034,0.5863347006155034
NCCc1c[nH]c2ccc(OCCCCC3CCCCC3)cc12,800.0,-2.9030899869919438,0,train,6.096910013008056,-2.316936930018895,-0.5861530569730493,0.5861530569730493
CN(C)C(=O)c1ccc(-c2ccc3c(c2)CCN(CCN2CCCC2)C3=O)cc1,8670.0,-3.9380190974762104,0,train,5.061980902523789,-3.355629445585896,-0.5823896518903133,0.5823896518903133
c1ccc2c(c1)CCN(CCCCc1c[nH]c3ccccc13)C2,1693.62,-3.2288159736357955,1,train,5.771184026364205,-2.6465340850108405,-0.582281888624955,0.582281888624955
Cc1cccc2c(C3CCN(CCN4CCc5cccnc5C4=O)CC3)noc12,340.0,-2.531478917042255,1,train,6.468521082957745,-1.950080719169252,-0.581398197873003,0.581398197873003
Cn1cnc2c1CCCN(CCN1CCC(c3noc4ccccc34)CC1)C2=O,60.1,-1.7788744720027396,1,train,7.221125527997261,-1.1986409708945838,-0.5802335011081559,0.5802335011081559
CC1CN(CCN2CCC(c3noc4ccccc34)CC2)C(=O)c2ccn(C)c21,0.61,0.21467016498923297,1,train,9.214670164989233,-0.3651374129450221,0.579807577934255,0.579807577934255
O=C1CC2(CCCC2)CC(=O)N1CCN1CCC(c2ccccc2Cl)CC1,5.25,-0.7201593034059569,1,train,8.279840696594043,-1.2959930754095614,0.5758337720036045,0.5758337720036045
Cc1ccc(N2CCN(CCN3C(=O)CC4(CCCC4)CC3=O)CC2)c(C)c1,2363.1,-3.373482100188979,1,train,5.626517899811021,-2.7992811842237546,-0.5742009159652244,0.5742009159652244
COc1ccc2nc(-c3ccc(OCC(O)CNC(C)C)cc3)n(C)c(=O)c2c1,5500.0,-3.7403626894942437,0,train,5.259637310505756,-3.1677499036323007,-0.5726127858619434,0.5726127858619434
O=C1c2ccccc2C(=O)N1CCCCCCN1CCN(c2ccccc2)CC1,1.0,-0.0,1,train,9.0,-0.5714823764163075,0.5714823764163075,0.5714823764163075
COc1ccccc1N1CCC2(CCN(CCCSc3nnc(-c4ccccc4)n3C)CC2)C1,724.0,-2.859738566197147,0,train,6.140261433802853,-2.2885394892899233,-0.5711990769072237,0.5711990769072237
Cc1ccc2c(OC3CCN(CCc4ccc5c(c4)NC(=O)CO5)CC3)cccc2n1,316.23,-2.500003068051693,1,train,6.499996931948306,-1.9307349831656324,-0.5692680848860607,0.5692680848860607
CN1CCC(c2c[nH]c3ccc(NC(=O)c4ccc(Cl)cc4Cl)nc23)CC1,5.1,-0.7075701760979364,1,train,8.292429823902063,-1.2757096658043574,0.568139489706421,0.568139489706421
Cn1c(=O)cnn(CCCCN2CCN(c3cccc(F)n3)CC2)c1=O,0.2,0.6989700043360187,1,train,9.698970004336019,0.13480829553013415,0.5641617088058846,0.5641617088058846
Cn1c(=O)cnn(CCCCN2CCN(c3ncccn3)CC2)c1=O,175.0,-2.2430380486862944,1,train,6.756961951313706,-1.6790791903937188,-0.5639588582925756,0.5639588582925756
N#Cc1ccc2[nH]cc(CCN3CCN(c4ccc(-n5ccccc5=O)cc4)CC3)c2c1,54.0,-1.7323937598229686,1,train,7.267606240177031,-1.170838312611621,-0.5615554472113475,0.5615554472113475
CCN(CCCCc1c[nH]c2ccc(F)cc12)C1COc2c(F)ccc(C(N)=O)c2C1,330.0,-2.5185139398778875,1,train,6.481486060122112,-1.9591382527704675,-0.55937568710742,0.55937568710742
Cc1ccc2c(OCC3CCN(CC(=O)c4ccc5c(c4)NC(=O)CO5)CC3)cccc2n1,501.19,-2.7000023971422538,0,train,6.299997602857746,-2.1408546984318653,-0.5591476987103885,0.5591476987103885
CC1(c2ccc(F)cc2)NC(=O)N(CC(O)CN2CCN(c3cccc4ccccc34)CC2)C1=O,19.0,-1.2787536009528289,1,train,7.721246399047171,-1.8378766269147817,0.5591230259619528,0.5591230259619528
O=C1c2ncccc2CCN1CCN1CCC(c2noc3cc(F)c(F)cc23)CC1,156.0,-2.1931245983544616,1,train,6.806875401645538,-1.634072346351727,-0.5590522520027346,0.5590522520027346
O=C1c2ccccc2S(=O)(=O)N1CCCCN1CCN(c2cccc(Cl)c2Cl)CC1,1.0,-0.0,1,train,9.0,-0.558756568392625,0.558756568392625,0.558756568392625
OC(CNC1CCCCCC1)COc1cccc2[nH]ccc12,9.06,-0.9571281976768131,1,train,8.042871802323187,-1.514730440127735,0.5576022424509218,0.5576022424509218
C=C1/C(=C\C=C2/CCC[C@]3(C)[C@@H]([C@H](C)C[C@@H]4OC(=O)C(=C)[C@H]4CCCC)CC[C@@H]23)C[C@@H](O)[C@H](C)[C@@H]1O,5000.0,-3.6989700043360187,0,train,5.301029995663981,-3.1423928116339765,-0.5565771927020418,0.5565771927020418
O=C(CCCN1CC[C@H]2[C@@H](C1)c1cccc3c1N2CCO3)c1ccc(F)cc1,1330.0,-3.123851640967086,0,train,5.876148359032914,-2.568359390925278,-0.5554922500418078,0.5554922500418078
CCN(CC)C(=O)N[C@H]1C=C2c3cccc4[nH]cc(c34)C[C@H]2N(C)C1,0.45,0.3467874862246563,1,train,9.346787486224656,-0.20828820798390907,0.5550756942085654,0.5550756942085654
Clc1ccc(-c2nn(Cc3ccccc3)c3c2CCNCC3)cc1,6.5,-0.8129133566428556,0,train,8.187086643357144,-1.3656572668706715,0.5527439102278159,0.5527439102278159
CC(C)(C)c1ccccc1N1CCN(CCCCCC(=O)NC2CCCc3ccccc32)CC1,1196.0,-3.077731179652392,1,train,5.9222688203476075,-2.5255705264145702,-0.5521606532378218,0.5521606532378218
O=c1ccc2ccc(OCCCCN3CCN(c4cccc5sccc45)CC3)cc2[nH]1,0.12,0.9208187539523752,1,train,9.920818753952375,0.3690573579905083,0.5517613959618669,0.5517613959618669
COc1ccccc1N1CCN(CCCCn2ncc(=O)n(C)c2=O)CC1,0.15,0.8239087409443188,1,train,9.823908740944319,0.2722694778672839,0.5516392630770348,0.5516392630770348
COc1cccc2c1O[C@@H](CN1C3C=C(c4cccc5ccccc45)CC1CC3)CO2,357.0,-2.552668216112193,0,train,6.447331783887806,-2.00181640415397,-0.5508518119582231,0.5508518119582231
COc1ccccc1N1CCN(CC[C@@H](C(=O)N2CCCCCC2)c2ccccc2)CC1,0.6,0.2218487496163564,0,train,9.221848749616356,-0.3288676128526994,0.5507163624690558,0.5507163624690558
Cc1ccc2c(N3C[C@H]4C[C@@H]3CN4CCc3ccc4c(c3)NC(=O)CO4)cccc2n1,125.89,-2.0999912335446846,0,train,6.900008766455315,-1.5492896415370254,-0.5507015920076592,0.5507015920076592
O=C1CC2(CCCC2)CCN1CCN1CCN(c2ccccc2Cl)CC1,1.06,-0.02530586526477026,1,train,8.97469413473523,-0.5741797158382439,0.5488738505734737,0.5488738505734737
CC1(C)OC2C=CC=CC2=C1OCCN1CCC(Oc2ccc3c(c2)NC(=O)CO3)CC1,1.995,-0.2999429000227671,0,train,8.700057099977233,-0.8475375718279291,0.5475946718051621,0.5475946718051621
Cc1cc2c(C3CCN(CCN4CCc5cccnc5C4=O)CC3)noc2cc1F,2.58,-0.41161970596323016,1,train,8.588380294036769,-0.9573630451269101,0.5457433391636799,0.5457433391636799
CCCN(CCCSC)C1CCc2cccc(O)c2C1,0.19,0.721246399047171,0,train,9.721246399047171,0.17687254566958618,0.5443738533775848,0.5443738533775848
COc1ccccc1N1CCN(CCCCCc2cn(-c3ccc(-c4ccsc4)cc3)nn2)CC1,153.0,-2.184691430817599,1,train,6.815308569182401,-1.6408218803636907,-0.5438695504539082,0.5438695504539082
CCC(=O)c1c(-c2ccccc2)nn(C)c(=O)c1NCCN1CCN(c2ccccc2OC)CC1,406.0,-2.6085260335771943,1,train,6.391473966422806,-2.065168650786833,-0.543357382790361,0.543357382790361
O=C(CCCN1C2CCC1CN(c1ccc(Cl)cc1)CC2)c1ccc(F)cc1,2332.0,-3.3677285460869766,1,train,5.632271453913024,-2.826773182691767,-0.5409553633952098,0.5409553633952098
COc1ccc(OCCN2CCN(C(=O)c3cc4ccccc4[nH]3)CC2)cc1,2108.0,-3.323870606540509,0,train,5.676129393459491,-2.784120658695256,-0.539749947845253,0.539749947845253
CCN(CC)CCc1c[nH]c2ccc(OC)cc12,1.7,-0.2304489213782739,0,train,8.769551078621726,-0.7699865058899381,0.5395375845116642,0.5395375845116642
CN(C)S(=O)(=O)c1cccc2c(N3CCN(CCCCN4C(=O)C5CCCN5C4=O)CC3)cccc12,350.0,-2.5440680443502757,1,train,6.455931955649724,-2.005773842626094,-0.5382942017241823,0.5382942017241823
NC(=O)c1ccc(F)c2c1CC(N(C1CCC1)C1CCC1)CO2,0.6,0.2218487496163564,0,train,9.221848749616356,-0.31451212615681656,0.5363608757731729,0.5363608757731729
CC1(C)Cc2cccc(OCCNCC3(F)CCN(C(=O)c4ccc(F)c(Cl)c4)CC3)c2O1,0.01,2.0,0,train,11.0,1.4646526142144467,0.5353473857855533,0.5353473857855533
Fc1ccccc1Oc1cccc(F)c1C1CCNCC1,4.6,-0.6627578316815741,1,train,8.337242168318426,-1.1966772401472043,0.5339194084656302,0.5339194084656302
COc1ccc2nc(NCCCCN3CCN(c4ccccc4OC)CC3)ccc2c1,0.2,0.6989700043360187,1,train,9.698970004336019,0.16602002078486064,0.5329499835511581,0.5329499835511581
COc1ccc(OCCNCC2COC(c3ccccc3)(c3ccccc3)O2)cc1OC,97.72,-1.989983458301399,1,train,7.010016541698601,-1.4574545769860152,-0.5325288813153839,0.5325288813153839
CC(C)n1ncc2c1CCN(CCN1CCN(c3nsc4ccccc34)CC1)C2=O,217.0,-2.3364597338485296,1,train,6.66354026615147,-1.806026604594071,-0.5304331292544586,0.5304331292544586
COc1ccc(C(=O)CCN2CCN(c3ccccc3OC)CC2)cc1,1737.8,-3.2399997928868713,0,train,5.760000207113128,-2.7100166418045775,-0.5299831510822943,0.5299831510822943
O=C1c2ncccc2CCC1CCN1CCN(c2nsc3ccccc23)CC1,0.19,0.721246399047171,1,train,9.721246399047171,0.19309689810645106,0.52814950094072,0.52814950094072
CCCN1CC[C@H]2CC(=O)[C@H](CC)[C@H]3CCC[C@@H]1[C@H]23,4500.0,-3.6532125137753435,0,train,5.346787486224656,-3.1267305992636705,-0.5264819145116735,0.5264819145116735
O=S(=O)(c1ccc(F)cc1)N1CC=c2ccccc2=C1c1c[nH]c2ccccc12,23510.0,-4.371252629124939,0,train,4.628747370875061,-3.845666950575278,-0.5255856785496609,0.5255856785496609
O=C(NCCCCN1CCN(c2cccc(Cl)c2Cl)CC1)c1ccc2c(c1)Cc1ccccc1-2,2040.0,-3.3096301674258988,0,train,5.690369832574101,-2.784427642489364,-0.5252025249365349,0.5252025249365349
C=CC[C@H]1c2c(O)cccc2CC[C@H]1NCCC,0.5,0.3010299956639812,1,train,9.301029995663981,-0.22284221196945256,0.5238722076334338,0.5238722076334338
COc1ccc(-c2ccccc2C2CCN(C[C@@H](O)COc3ccc(-c4cn5ccccc5n4)cc3)CC2)cc1,2750.0,-3.439332693830263,0,train,5.560667306169737,-2.9186848536013215,-0.5206478402289414,0.5206478402289414
O=c1ccoc2ccc(CCN3CCC(Cc4ccc(Br)c(O)c4)CC3)cc12,0.27,0.5686362358410126,1,train,9.568636235841012,0.048183907207384497,0.5204523286336281,0.5204523286336281
O=C(O)c1cc(-c2ccc(C3CCNCC3)cc2)c2ccc(-c3ccc(C(F)(F)F)cc3)cc2c1,4000.0,-3.6020599913279625,0,train,5.3979400086720375,-3.0821258219871908,-0.5199341693407717,0.5199341693407717
CCCN(CCc1c[nH]c2ccc(F)cc12)C1COc2ccc3ncccc3c2C1,477.8,-2.679246145413859,0,train,6.32075385458614,-2.1597246311457026,-0.5195215142681566,0.5195215142681566
Cc1ccc2c3c(ccc2n1)OC[C@H](CN1CCN(c2ccc4cc(Cl)ccc4n2)CC1)O3,214.1,-2.3306166672944384,1,train,6.669383332705562,-1.8129193654938214,-0.517697301800617,0.517697301800617
COc1ccn(-c2ccc(N3CCN(CCCCCc4c[nH]c5ccc(C#N)cc45)CC3)cc2)c(=O)c1,12.0,-1.0791812460476249,1,train,7.920818753952375,-0.5629578233351366,-0.5162234227124883,0.5162234227124883
O=C1CC2(CCCC2)CC(=O)N1CCN1CCCN(c2ccccc2Cl)CC1,0.34,0.46852108295774486,1,train,9.468521082957745,-0.04598126449068229,0.514502347448427,0.514502347448427
Fc1ccccc1Oc1ccccc1OC1CCNCC1,693.0,-2.8407332346118066,1,train,6.159266765388193,-2.3264532197645678,-0.5142800148472388,0.5142800148472388
COc1cc2c(cn1)C(=O)N(CCN1CCC(c3noc4ccccc34)CC1)CC2,0.15,0.8239087409443188,1,train,9.823908740944319,0.30973747221979103,0.5141712687245277,0.5141712687245277
CCCCN1CCN(c2cc(CC)cc(Cl)c2OC)CC1,2260.0,-3.3541084391474008,0,train,5.645891560852599,-2.841174171157279,-0.5129342679901217,0.5129342679901217
CCCCCCCCN1CCC(c2cccc(O)c2)C1,9.4,-0.9731278535996987,1,train,8.0268721464003,-1.4858722729917573,0.5127444193920585,0.5127444193920585
CC1CN(CCN2CCN(c3nsc4ccccc34)CC2)C(=O)c2ccn(C)c21,0.19,0.721246399047171,1,train,9.721246399047171,0.20936286775187615,0.5118835312952948,0.5118835312952948
CCNC(=O)c1cccc(NC2=NC(N)=NC3(CCCCC3)N2)c1,6764.0,-3.830203598925704,0,train,5.169796401074295,-3.319729647409359,-0.510473951516345,0.510473951516345
O=C1NCCc2ccc3c(c21)CC(N(CCCc1c[nH]c2ccc(F)cc12)C(=O)c1ccccc1)CO3,1220.0,-3.0863598306747484,1,train,5.913640169325252,-2.5759849203453418,-0.5103749103294066,0.5103749103294066
Cc1ccc(CNCC2(F)CCN(C(=O)c3ccc(F)c(Cl)c3)CC2)nc1,0.7,0.1549019599857432,1,train,9.154901959985743,-0.3551188891113188,0.5100208490970619,0.5100208490970619
Cc1ccn(-c2ccc(N3CCN(CCCCCc4c[nH]c5ccc(C#N)cc45)CC3)cc2)c(=O)c1,4.7,-0.6720978579357175,0,train,8.327902142064282,-0.16250067875456486,-0.5095971791811527,0.5095971791811527
CC(C)c1cccc(C(C)C)c1OCCN1CCC(NS(=O)(=O)c2ccc(F)cc2)CC1,6147.0,-3.7886632131208575,0,train,5.2113367868791425,-3.279115284490508,-0.5095479286303495,0.5095479286303495
CC(C)Oc1ccccc1N1CCN(Cc2cccc(C(=O)N3CCCCC3)c2)CC1,1.7,-0.2304489213782739,0,train,8.769551078621726,-0.7395285599409256,0.5090796385626517,0.5090796385626517
O=S(=O)(c1ccccc1)C1(CCCN2CCc3ccccc3C2)CCC1,35.0,-1.5440680443502757,0,train,7.455931955649724,-2.051320115811791,0.5072520714615152,0.5072520714615152
O=C(Nc1ccncc1)Nc1cccc(CCN2CCN(c3ccccc3)CC2)c1,0.5,0.3010299956639812,1,train,9.301029995663981,-0.20541560490892563,0.5064456005729068,0.5064456005729068
COc1ccc2c(c1)c(C1=CCNCC1)cn2S(=O)(=O)c1ccc(N)cc1,97.0,-1.9867717342662448,0,train,7.013228265733755,-2.493184854342919,0.5064131200766742,0.5064131200766742
O=C(NCc1ccccc1)C1CCN(C(=O)c2ccc(-c3ccccc3)cc2)CC1,9389.0,-3.9726193390596234,0,train,5.027380660940377,-3.468162488877616,-0.5044568501820077,0.5044568501820077
COc1cc(CNCCC2=CCCCC2)ccc1OCc1ccccc1,4900.0,-3.690196080028514,0,train,5.309803919971486,-3.187929588091712,-0.5022664919368021,0.5022664919368021
Cc1c2c(nn1C)CCN(CCN1CC=C(c3noc4ccccc34)CC1)C2=O,1.16,-0.06445798922691845,1,train,8.935542010773082,-0.5666372817387344,0.502179292511816,0.502179292511816
CCCN(CCCc1c[nH]c2ccc(F)cc12)[C@H]1COc2cccc(C(N)=O)c2C1,0.93,0.03151705144606486,1,train,9.031517051446064,-0.46970615647630043,0.5012232079223652,0.5012232079223652
CCCN1CCc2cccc3c2[C@H]1Cc1ccc2c(C)c(C)oc2c1-3,510.0,-2.7075701760979363,0,train,6.292429823902063,-2.20655275145198,-0.5010174246459562,0.5010174246459562
O=C(NCCCCN1CCN(c2cccc(C(F)(F)F)c2)CC1)c1cc2ccccc2[nH]1,1.9,-0.2787536009528289,0,train,8.721246399047171,-0.7796125669876356,0.5008589660348066,0.5008589660348066
CCC1(C)CC(CCNCc2ccc(OC)c(OC)c2)(c2ccc(C)cc2)CCO1,36800.0,-4.565847818673518,0,train,4.434152181326482,-4.06521055582546,-0.5006372628480582,0.5006372628480582
Cc1ccc(Nc2c(S(=O)(=O)c3ccccc3)cnc3ccc(Cl)cc23)cc1,13700.0,-4.136720567156407,0,train,4.863279432843593,-3.6377156681039575,-0.49900489905244916,0.49900489905244916
CCCN1CCC(n2c(=O)[nH]c3cc(Cl)ccc32)CC1,5709.0,-3.756560043006683,0,train,5.243439956993317,-3.2587850629342743,-0.4977749800724087,0.4977749800724087
c1ccc2c(N3CCN(CCc4ccc5[nH]cnc5c4)CC3)cccc2c1,125.89,-2.0999912335446846,0,train,6.900008766455315,-1.604049847443723,-0.4959413861009616,0.4959413861009616
CCc1nc2c(N3CCNCC3)ccnc2n1Cc1cccc(F)c1,2790.0,-3.4456042032735974,0,train,5.554395796726403,-2.9523338472916603,-0.49327035598193714,0.49327035598193714
O=c1[nH]c(CCCCCN2CCN(c3ccccc3)CC2)nc2c1sc1ccccc12,16.4,-1.2148438480476977,1,train,7.785156151952302,-1.7073555967285245,0.49251174868082703,0.49251174868082703
Cc1ccc2c3c(ccc2n1)OC[C@H](CN1CCN(c2ccc4cc(OC(F)(F)F)ccc4n2)CC1)O3,172.0,-2.2355284469075487,1,train,6.764471553092451,-1.7453886160787757,-0.490139830828773,0.490139830828773
C/C=C/COc1cccc2c1-c1cccc3c1[C@@H](C2)N(CCC)CC3,11.0,-1.0413926851582251,1,train,7.958607314841775,-1.5299636747296415,0.4885709895714163,0.4885709895714163
O=S(=O)(Nc1ccc2[nH]cc(C[C@H]3CCCN3)c2c1)c1ccccc1Cl,552.0,-2.741939077729199,0,train,6.258060922270801,-2.2538397757608295,-0.4880993019683695,0.4880993019683695
NCCc1c[nH]c2ccc(OCC(=O)N3CCN(c4ccc(N)cc4)CC3)cc12,607.0,-2.7831886910752575,1,train,6.2168113089247425,-2.29668993901745,-0.4864987520578068,0.4864987520578068
Nn1c(CCCCN2CCN(c3ccc4ccccc4n3)CC2)nc2c(c1=O)CCCC2,0.7008,0.1544059068399757,0,train,9.154405906839976,-0.3320439001311174,0.4864498069710931,0.4864498069710931
O=C1Nc2ccccc2C12CCN(CCN1CCN(c3ccc(F)cc3)CC1)C2,14160.0,-4.15106325335375,0,train,4.84893674664625,-3.665303319006549,-0.4857599343472012,0.4857599343472012
Cc1ccc2c(N3CCN(CCc4cccc5c4ccc(=O)n5C)C(C)(C)C3)cccc2n1,1.585,-0.2000292665537703,0,train,8.79997073344623,-0.6851711629089504,0.4851418963551801,0.4851418963551801
COc1ccccc1N1CCN(CCC(=O)c2ccc([N+](=O)[O-])s2)CC1,338.84,-2.5299946730691416,1,train,6.470005326930858,-2.0460208408617,-0.4839738322074414,0.4839738322074414
COc1ccn(-c2ccc(N3CCN(CCCCc4c[nH]c5ccc(C#N)cc45)CC3)cc2)c(=O)c1,1.2,-0.07918124604762482,1,train,8.920818753952375,-0.5629578233351366,0.4837765772875118,0.4837765772875118
COc1ccccc1OCCNCCN1C(=O)CC2(CCCC2)CC1=O,525.6,-2.7206553565517244,0,train,6.279344643448276,-2.2373988998279684,-0.48325645672375606,0.48325645672375606
Cc1cc(C)cc(N2CCN(CCN3C(=O)c4ccccc4C3=O)CC2)c1,496.0,-2.6954816764901977,0,train,6.304518323509802,-2.2131889907094684,-0.48229268578072926,0.48229268578072926
Clc1cccc(Cl)c1NC1=NCCN1,3235.94,-3.510000460433903,0,train,5.489999539566098,-3.027973348467397,-0.48202711196650583,0.48202711196650583
Cn1c(=O)c2c(nc3n2CCCN3CCCCN2CCN(c3ccccc3)CC2)n(C)c1=O,2.099,-0.3220124385824005,1,train,8.6779875614176,-0.8032947770807788,0.4812823384983783,0.4812823384983783
Cc1ccn(-c2ccc(N3CCN(CCCCc4c[nH]c5ccc(C#N)cc45)CC3)cc2)c(=O)c1,0.48,0.3187587626244128,1,train,9.318758762624412,-0.16250067875456486,0.48125944137897764,0.48125944137897764
O=S(=O)(c1ccccc1)c1cnc2c(N3CCNCC3)cccc2c1,2370.0,-3.374748346010104,0,train,5.625251653989896,-2.8938442840443552,-0.48090406196574875,0.48090406196574875
C=CCc1ccccc1OCC(O)CNC(C)C,21.6,-1.334453751150931,0,train,7.665546248849069,-1.8142873433208289,0.47983359216989796,0.47983359216989796
O=C(NCCCCN1CCN(c2cccc3ccccc23)CC1)c1ccccc1,0.7,0.1549019599857432,1,train,9.154901959985743,-0.3245639369460146,0.4794658969317578,0.4794658969317578
Cn1c(=O)cnn(CCCCN2CCN(c3cccc4ccc(O[11CH3])cc34)CC2)c1=O,1.36,-0.13353890837021754,1,train,8.866461091629782,-0.6129334436252387,0.4793945352550212,0.4793945352550212
Oc1ccc(-c2ccc(CNCCc3c[nH]c4ncc(F)cc34)o2)cc1,6204.0,-3.7926717891415676,1,train,5.2073282108584324,-3.3139940115517628,-0.47867777758980523,0.47867777758980523
COc1ccccc1N1CCN(CCNc2c(C(C)=O)c(-c3ccccc3)nn(C)c2=O)CC1,2.47,-0.39269695325966575,1,train,8.607303046740334,-0.8712604765074748,0.47856352324780915,0.47856352324780915
Cc1ccc(Cl)cc1N(C)C(=O)c1cn(-c2ccc(F)cc2F)c(=O)c2ccccc12,19670.0,-4.293804359919337,0,train,4.706195640080663,-3.8153707285680514,-0.47843363135128536,0.47843363135128536
O=C1COc2ccc(OCC3CCN(CCOc4cccc5ncccc45)C3)cc2N1,1.259,-0.10002573010786256,1,train,8.899974269892137,-0.5784392796706398,0.47841354956277726,0.47841354956277726
CC1(CCCCN2CCN(c3ccccn3)CC2)Cc2cc(Cl)ccc2C1=O,2.4245,-0.3846221884515432,0,train,8.615377811548457,-0.861644197502201,0.4770220090506578,0.4770220090506578
Fc1ccc2[nH]cc(CCN3CCN(c4ccccc4-c4ccccc4F)CC3)c2c1,25.0,-1.3979400086720377,1,train,7.6020599913279625,-0.921123287499043,-0.47681672117299445,0.47681672117299445
O=C1c2ccccc2S(=O)(=O)N1CCCCCCN1CCN(c2ccccc2C(F)(F)F)CC1,156.0,-2.1931245983544616,0,train,6.806875401645538,-1.7174928422011093,-0.4756317561533523,0.4756317561533523
CSc1ccccc1N1CCN(Cc2ccc(C(=O)N3CCC[C@H]3C(N)=O)cc2)CC1,313.0,-2.4955443375464483,1,train,6.504455662453552,-2.0214149641478603,-0.47412937339858807,0.47412937339858807
Cc1ccc(C(C)(C)CC(C)NCc2ccc(C(F)(F)F)cc2)o1,31400.0,-4.496929648073215,0,train,4.503070351926785,-4.022841030598185,-0.4740886174750303,0.4740886174750303
CCc1cc(Cl)c(OC)c(N2CCN(CCCCNC(=O)c3cc4ccccc4[nH]3)CC2)c1,2330.0,-3.367355921026019,0,train,5.632644078973981,-2.8937247199341254,-0.4736312010918935,0.4736312010918935
CN1CCc2c(sc3ncn(CCN4CCN(c5nccc6ccccc56)CC4)c(=O)c23)C1,0.7,0.1549019599857432,1,train,9.154901959985743,-0.31848201913129065,0.47338397911703384,0.47338397911703384
CN1[C@@H]2CC[C@H]1C[C@@H](OC(=O)c1c[nH]c3ccccc13)C2,5.3,-0.724275869600789,0,train,8.275724130399212,-1.196745773895003,0.47246990429421387,0.47246990429421387
CN1CCN(c2nccc3cc4c(cc23)N(C(=O)c2cnn3ccccc23)CC4)CC1,0.3162,0.5000381344038097,1,train,9.500038134403809,0.02880639173122319,0.47123174267258655,0.47123174267258655
CN(C)CC(O)COc1cccc2[nH]ccc12,24.0,-1.380211241711606,1,train,7.619788758288394,-1.8513840790676996,0.4711728373560937,0.4711728373560937
NC(=O)[C@@H]1CCCN1C(=O)CCCCN1CCN(c2noc3ccccc23)CC1,2908.0,-3.463594402187,1,train,5.536405597812999,-2.9933656997289035,-0.47022870245809667,0.47022870245809667
CN(C)CCSc1nc(C(C)(C)C)cs1,2200.0,-3.342422680822206,0,train,5.657577319177793,-2.872330765184275,-0.4700919156379313,0.4700919156379313
COc1cccc(F)c1Oc1ncccc1C1CCNCC1,24.0,-1.380211241711606,0,train,7.619788758288394,-1.8493815897804127,0.46917034806880675,0.46917034806880675
Fc1cccc(C2CCNCC2)c1OCc1ccccc1,606.0,-2.782472624166286,1,train,6.217527375833714,-2.31351868220818,-0.46895394195810614,0.46895394195810614
CCC1(C)CC(CCNCc2ccccc2)(c2ccc(C)cc2)CCO1,41800.0,-4.6211762817750355,0,train,4.3788237182249645,-4.154944391015714,-0.4662318907593228,0.4662318907593228
C[C@@]12COc3c(Br)cccc3[C@@H]1CCN2,1000.0,-3.0,0,train,6.0,-2.534081778228589,-0.46591822177141085,0.46591822177141085
CN1CCN(c2cccc3ccc(OCC(=O)N4CCN(c5cccc6ccccc56)CC4)cc23)CC1,114.0,-2.0569048513364727,1,train,6.943095148663527,-1.5923365419332536,-0.46456830940321914,0.46456830940321914
COc1ccccc1N1CCN(CCN(C(=O)N2CCCCC2)c2cccc(Br)n2)CC1,0.31,0.5086383061657274,0,train,9.508638306165727,0.045327599615274966,0.46331070655045237,0.46331070655045237
N#Cc1ccc2[nH]cc(CCCCCN3CCN(c4ccc(-n5cc(F)cc(F)c5=O)cc4)CC3)c2c1,1.5,-0.17609125905568124,1,train,8.823908740944319,0.2847011039455174,-0.46079236300119863,0.46079236300119863
N#Cc1ccc2[nH]cc(CCCCN3CCN(c4ccc(-n5cc(F)cc(F)c5=O)cc4)CC3)c2c1,0.18,0.744727494896694,1,train,9.744727494896694,0.2847011039455174,0.4600263909511766,0.4600263909511766
COc1ccc2[nH]cc(CCCN(C3CCC3)C3COc4c(F)ccc(C(N)=O)c4C3)c2c1,1.19,-0.07554696139253074,0,train,8.924453038607469,-0.535416581920943,0.4598696205284123,0.4598696205284123
O=C(NCCN1CCN(c2cccc3c2OCCO3)CC1)c1ccc(F)cc1,0.1,1.0,1,train,10.0,0.5401927138650577,0.45980728613494226,0.45980728613494226
CCNC(=O)c1ccc(-c2ccc3c(c2)CCN(CCN2CCC[C@H]2C)C3=O)cc1,10100.0,-4.004321373782642,0,train,4.995678626217358,-3.5458379605189116,-0.45848341326373054,0.45848341326373054
COc1ccc(C(F)(F)F)cc1N1CCN(CCn2cnc3sc4c(c3c2=O)CCN(C)C4)CC1,103.9,-2.0166155475571776,0,train,6.983384452442822,-1.559686914629152,-0.45692863292802555,0.45692863292802555
COc1ccc(-c2ccccc2)cc1N1CCN(CCn2cnc3sc4c(c3c2=O)CCN(C)C4)CC1,429.0,-2.6324572921847245,1,train,6.367542707815275,-2.1755506561543303,-0.45690663603039416,0.45690663603039416
COc1ccc(N2CCN(CCCCNC(=O)c3n[nH]c4ccccc34)CC2)cc1,826.0,-2.9169800473203824,1,train,6.083019952679617,-2.4601146742440214,-0.456865373076361,0.456865373076361
Cn1ccc2c1CCCN(CCN1CCC(c3noc4ccccc34)CC1)C2=O,0.47,0.3279021420642826,1,train,9.327902142064282,-0.12878751088946383,0.4566896529537464,0.4566896529537464
O=C1c2ccccc2C(=O)N1CCCCN1CC=C(c2c[nH]c3ccc(F)cc23)CC1,2.512,-0.40001963506515853,0,train,8.599980364934842,-0.8566743059383184,0.4566546708731599,0.4566546708731599
CN1CCN(c2cccc3ccc(OCCOc4ccc5[nH]cc(CCN)c5c4)cc23)CC1,0.96,0.017728766960431602,0,train,9.017728766960431,-0.4384660837841068,0.45619485074453836,0.45619485074453836
CN1CCC(c2c[nH]c3ccc(NC(=O)c4ccoc4)nc23)CC1,840.0,-2.9242792860618816,1,train,6.075720713938118,-2.4687553708117362,-0.45552391525014535,0.45552391525014535
COc1ccc2c(c1)OCCC2CN1CCC2(CC1)C(=O)NCN2c1ccccc1,611.0,-2.786041210242554,0,train,6.213958789757446,-2.3306297956167685,-0.4554114146257855,0.4554114146257855
O=C(c1ccc(F)c(Cl)c1)N1CCC(F)(CNCCOc2cccc(C(F)(F)F)n2)CC1,3.7,-0.568201724066995,1,train,8.431798275933005,-0.11363322293340833,-0.45456850113358666,0.45456850113358666
NCCc1c[nH]c2ccc(OCCCCCCNS(=O)(=O)c3ccc(-c4ccc(S(=O)(=O)NCCCCCCOc5ccc6[nH]cc(CCN)c6c5)cc4)cc3)cc12,1.66,-0.22010808804005508,0,train,8.779891911959945,-0.6735863122464122,0.4534782242063572,0.4534782242063572
CC[C@@H]1CN2CCc3c([nH]c4cccc(OC)c34)[C@@H]2C[C@@H]1/C(=C\OC)C(=O)OC,5880.0,-3.7693773260761385,1,train,5.230622673923861,-3.3161941282761713,-0.4531831977999672,0.4531831977999672
OC(CCN1CCN(c2cccc3cccnc23)CC1)c1csc2ccc(F)cc12,2.692,-0.43007505555193926,1,train,8.569924944448061,-0.88264813662038,0.4525730810684408,0.4525730810684408
Cc1nc(Cl)c(Sc2ccc(Cl)cc2)c(N2CCN(C)CC2)n1,1500.0,-3.1760912590556813,0,train,5.823908740944319,-2.723928716192727,-0.45216254286295454,0.45216254286295454
CN(C)[C@H]1CCc2c(cccc2-c2cc(C(F)(F)F)cc(C(F)(F)F)c2)C1,2230.0,-3.3483048630481607,0,train,5.651695136951839,-2.8964891184695363,-0.4518157445786244,0.4518157445786244
Cc1ccc2c(OCCN3CCN(Cc4ccc5[nH]ccc5c4)CC3)cccc2n1,1000.0,-3.0,1,train,6.0,-2.5492958099916287,-0.45070419000837125,0.45070419000837125
COc1ccccc1N1CCN(CCNC(=O)c2ccc3ccccc3c2)CC1,2.32,-0.3654879848908996,1,train,8.6345120151091,-0.8147625629686235,0.44927457807772386,0.44927457807772386
CC(=O)c1ccc2[nH]cc(CCN)c2c1,1.3,-0.11394335230683679,0,train,8.886056647693163,-0.5629115961479814,0.44896824384114464,0.44896824384114464
C[C@@H]1CCCN1CCN1CCc2cc(-c3ccc(C(=O)N4CCCC4)cc3)ccc2C1=O,12200.0,-4.086359830674748,0,train,4.913640169325252,-3.638263362551257,-0.4480964681234916,0.4480964681234916
O=C1c2cn[nH]c2CCN1CCN1CCN(c2nsc3ccccc23)CC1,44.2,-1.6454222693490919,1,train,7.354577730650908,-1.1981518157958084,-0.44727045355328365,0.44727045355328365
CCOC(=O)c1sc(N2CCN(CCCc3c[nH]c4ccc(F)cc34)CC2)nc1C,0.27,0.5686362358410126,1,train,9.568636235841012,0.12177827744179784,0.4468579583992148,0.4468579583992148
Cc1ccc(CN(CC(O)COc2cccc3[nH]ccc23)C(C)(C)C)cc1,2100.0,-3.322219294733919,0,train,5.6777807052660805,-2.8755644375404836,-0.44665485719343545,0.44665485719343545
Nc1c(S(=O)(=O)c2ccccc2)sc2nc(-c3ccccc3)cc(-c3ccccc3)c12,21610.0,-4.334654766883241,0,train,4.665345233116759,-3.8895291582302214,-0.44512560865301953,0.44512560865301953
O=C(Nc1ccc2cnn(S(=O)(=O)c3cccc4ccccc34)c2c1)C1CCCNC1,5600.0,-3.7481880270062002,0,train,5.251811972993799,-3.3030802854302284,-0.44510774157597144,0.44510774157597144
COc1ccccc1OCCNCC1CSC(c2ccccc2)(c2ccccc2)S1,0.1288,0.8900841369762067,1,train,9.890084136976206,0.4452978686020728,0.4447862683741339,0.4447862683741339
O=C(CCCCN1CCC(c2ccccc2)CC1)c1nc2ccccc2s1,7.3,-0.8633228601204559,1,train,8.136677139879545,-1.3064111240151732,0.44308826389471734,0.44308826389471734
Nc1nc(NCCc2cccc(Cl)c2Cl)nc(NCCc2c[nH]c3ccccc23)n1,706.0,-2.8488047010518036,1,train,6.151195298948196,-3.2914835109415197,0.44267880988971564,0.44267880988971564
O=C(NCCc1c[nH]c2ccccc12)C1CCN(C(=O)c2ccccc2)CC1,5396.0,-3.732071940999867,0,train,5.267928059000133,-3.2894875223344364,-0.4425844186654304,0.4425844186654304
O=C(Cc1ccccc1)Nc1cccc(CCN2CCN(c3ccccc3)CC2)c1,0.58,0.23657200643706275,1,train,9.236572006437063,-0.20589797807795115,0.44246998451501385,0.44246998451501385
Fc1cccc(Cl)c1Oc1cccc(F)c1OC1CNC1,1.0,-0.0,1,train,9.0,-0.44107745246287844,0.44107745246287844,0.44107745246287844
O=c1ccccn1-c1ccc(N2CCN(CCCCc3c[nH]c4ccc(F)cc34)CC2)cc1,0.19,0.721246399047171,1,train,9.721246399047171,0.2804562965724407,0.4407901024747303,0.4407901024747303
CC(C)Oc1ccccc1N1CCN(C[C@@H](O)CNC(=O)c2ccc3c(c2)C(=O)N(c2ccc(N(C)C)cc2)C3=O)CC1,15.0,-1.1760912590556813,0,train,7.823908740944319,-1.616864847655733,0.4407735886000519,0.4407735886000519
Cc1cc2c(n1C)CCCN(CCN1CCN(c3nsc4ccccc34)CC1)C2=O,0.14,0.8538719643217619,1,train,9.853871964321762,0.41373490587628786,0.44013705844547407,0.44013705844547407
CC1CCN(CC[C@H]2CCCN2S(=O)(=O)c2cccc(O)c2)CC1,9024.0,-3.955399086639267,1,train,5.044600913360733,-3.51547242250413,-0.43992666413513737,0.43992666413513737
Cc1cc2c(cn1)C(=O)N(CCN1CC=C(c3noc4ccccc34)CC1)CC2,0.38,0.42021640338318983,1,train,9.42021640338319,-0.019521894547655787,0.43973829793084557,0.43973829793084557
Cc1cc(C(=O)CCN2CCN(c3ccccc3O)CC2)c(C)s1,7.586,-0.8800128383667718,1,train,8.119987161633228,-1.3194933344562327,0.43948049608946094,0.43948049608946094
Fc1cc(N2CCN(CCc3coc4ccccc34)CC2)c2ncccc2c1,1.94,-0.287801729930226,0,train,8.712198270069774,-0.727039931740447,0.439238201810221,0.439238201810221
CCCCC/N=C(/N)N/N=C/c1c[nH]c2ccc(OCC=C(C)C)cc12,11748.98,-4.0700001645141475,1,train,4.9299998354858525,-3.6311003133741417,-0.4388998511400066,0.4388998511400066
O=C(Cc1ccccc1)Nc1ccc(CCN2CCN(c3ccccc3)CC2)cc1,902.6,-2.955495329184127,1,train,6.044504670815873,-2.5171174977725155,-0.4383778314116116,0.4383778314116116
O=C(Nc1ccccc1)Nc1ccc(CCN2CCN(c3ccccc3)CC2)cc1,2264.0,-3.354876422516234,1,train,5.645123577483766,-2.917028579667073,-0.4378478428491608,0.4378478428491608
CN(CCCc1c[nH]c2ccc(F)cc12)[C@H]1COc2c(F)ccc(C(N)=O)c2C1,266.0,-2.424881636631067,1,train,6.575118363368933,-1.9874835325875497,-0.4373981040435173,0.4373981040435173
CCCN1CCc2cccc3c2C1Cc1cc2sc(N)nc2cc1-3,7.5,-0.8750612633917001,0,train,8.1249387366083,-1.3111700234987231,0.43610876010702304,0.43610876010702304
CN1[C@H]2Cc3cc4c(cc3[C@@H]1Cc1cc3c(cc12)OCO3)OCO4,6000.0,-3.7781512503836434,0,train,5.221848749616356,-3.3422402237053825,-0.43591102667826087,0.43591102667826087
COc1ccccc1N1CCN(CCn2ncc(=O)n(C)c2=O)CC1,240.0,-2.380211241711606,1,train,6.619788758288394,-1.944477983704241,-0.43573325800736495,0.43573325800736495
O=C1NCN(c2ccccc2)C12CCN(CC1COc3ccc4[nH]ccc4c3O1)CC2,0.4,0.3979400086720376,0,train,9.397940008672037,-0.03633117423656449,0.4342711829086021,0.4342711829086021
COC(=O)c1cc2c3c(ccc2[nH]1)OCC(CNCCCc1ccccc1)O3,0.2,0.6989700043360187,0,train,9.698970004336019,0.26478298207519474,0.434187022260824,0.434187022260824
O=C(CCCN1CCN(c2ccccc2)CC1)c1nc2ccccc2s1,350.0,-2.5440680443502757,1,train,6.455931955649724,-2.1105047605319394,-0.43356328381833675,0.43356328381833675
Fc1ccc2[nH]cc(CCCNCCOc3cccc4ncccc34)c2c1,35.5,-1.550228353055094,1,train,7.449771646944906,-1.1172485159051504,-0.4329798371499436,0.4329798371499436
Cn1cnc2c1C(=O)N(CCN1CCN(c3nsc4ccccc34)CC1)CC2,78.0,-1.8920946026904804,1,train,7.107905397309519,-1.4596815358633735,-0.4324130668271069,0.4324130668271069
O=S(=O)(NCCN1CC=C(c2c[nH]c3ccc(Cl)cc23)CC1)c1ccc(F)cc1,1.0,-0.0,1,train,9.0,-0.4317981682534409,0.4317981682534409,0.4317981682534409
COc1cccc2c(CCCNCCOc3ccccn3)cccc12,0.86,0.06550154875643228,0,train,9.065501548756432,-0.366041031584243,0.4315425803406752,0.4315425803406752
OC1(c2ccc(Cl)cc2)CCN(CCCCc2nc3ccccc3o2)CC1,3153.0,-3.4987239707479048,0,train,5.501276029252095,-3.067555726132127,-0.43116824461577785,0.43116824461577785
Cc1nc2c(o1)C(=O)N(CCN1CCN(c3noc4ccccc34)CC1)CC2,530.0,-2.724275869600789,1,train,6.275724130399211,-2.293381112775385,-0.430894756825404,0.430894756825404
NCCC(=O)Nc1cccc2c1cnn2S(=O)(=O)c1cccc2ccccc12,6400.0,-3.806179973983887,0,train,5.1938200260161125,-3.376281132496166,-0.42989884148772095,0.42989884148772095
CCN(CC)C(=O)[C@@H]1C=C2c3cccc4[nH]cc(c34)C[C@H]2N(C)C1,1.1,-0.04139268515822508,0,train,8.958607314841775,-0.47100342686917557,0.4296107417109506,0.4296107417109506
Nc1ccccc1N1CCN(CCCCCC(=O)NC2CCCc3ccccc32)CC1,415.0,-2.6180480967120925,1,train,6.3819519032879075,-2.1885950709467137,-0.4294530257653788,0.4294530257653788
O=C1CC(CN2CCC(c3noc4cc(F)ccc34)CC2)Cc2[nH]ncc21,1513.56,-3.1799996417791614,0,train,5.820000358220838,-2.7508012753144095,-0.42919836646475185,0.42919836646475185
COc1ccc(NC(=O)N2CCN(c3ccc(SC)cc3)CC2)cc1N1CCN(C)CC1,882.0,-2.94546858513182,1,train,6.05453141486818,-2.5163113593594044,-0.42915722577241544,0.42915722577241544
Cn1ccnc1-c1ccc2c(c1)c(C1CCN(CCN3CCNC3=O)CC1)cn2-c1ccc(F)cc1,3.3,-0.5185139398778874,1,train,8.481486060122112,-0.9465392889879695,0.42802534911008205,0.42802534911008205
O=C1Nc2ccccc2C12CCN(CCN1CC=C(c3ccc(F)cc3)CC1)C2,3949.0,-3.5964871337365443,1,train,5.403512866263456,-3.168552229780007,-0.4279349039565372,0.4279349039565372
NCCc1c[nH]c2ccc(OCC(=O)N3CCC(C4CCN(C(=O)COc5ccc6[nH]cc(CCN)c6c5)CC4)CC3)cc12,4.0,-0.6020599913279624,1,train,8.397940008672037,-1.0291370013025252,0.42707700997456277,0.42707700997456277
CCCn1cc([C@H]2CC[C@@H](N3CCN(c4cccc5[nH]ccc45)CC3)CC2)c2cc(C#N)ccc21,819.8,-2.913707913980483,0,train,6.086292086019517,-2.4866726711197193,-0.42703524286076355,0.42703524286076355
O=C1c2cnn(C3CC3)c2CCN1CCN1CCC(c2noc3ccccc23)CC1,203.0,-2.307496037913213,1,train,6.692503962086787,-1.8816141306488987,-0.4258819072643143,0.4258819072643143
CCCN(CCC)[C@@H]1CCc2cccc(SC)c2C1,0.6,0.2218487496163564,0,train,9.221848749616356,-0.2038188171230163,0.42566756673937267,0.42566756673937267
COc1cccc2c1O[C@@H](CN1[C@@H]3CC[C@H]1C[C@](O)(c1csc4ccccc14)C3)CO2,1.6,-0.2041199826559248,1,train,8.795880017344075,-0.6292165016290473,0.4250965189731225,0.4250965189731225
O=C1CC2(CCCC2)CC(=O)N1CCN1CCN(c2cc(F)c(F)cc2F)CC1,360.0,-2.5563025007672873,1,train,6.443697499232712,-2.1321948411032814,-0.4241076596640063,0.4241076596640063
CN(C)CCSC(C)(C)C,17.0,-1.2304489213782739,0,train,7.769551078621726,-1.654348202040346,0.42389928066207183,0.42389928066207183
c1ccc2c(N3CCN(CCc4ccc5c(c4)NCN5)CC3)cccc2c1,125.89,-2.0999912335446846,1,train,6.900008766455315,-1.6773517152655828,-0.42263951827910184,0.42263951827910184
Cc1sc2nc(CCCCCN3CCN(c4cccc(Cl)c4)CC3)[nH]c(=O)c2c1C,114.0,-2.0569048513364727,1,train,6.943095148663527,-1.6346694607431353,-0.42223539059333737,0.42223539059333737
Clc1ccccc1Oc1ncccc1N1CCNCC1,4.5,-0.6532125137753437,1,train,8.346787486224656,-1.0742382867578264,0.42102577298248267,0.42102577298248267
O=C1CCc2ccc(OCCCCN3CCN(c4c(F)ccc5ccccc45)CC3)nc2N1,0.84,0.07572071393811836,0,train,9.075720713938118,-0.34513144334555684,0.42085215728367514,0.42085215728367514
NC(=O)[C@@H]1CCCN1C(=O)CCCCCN1CCN(c2cccc(Cl)c2Cl)CC1,4.0,-0.6020599913279624,1,train,8.397940008672037,-1.0227629166231897,0.42070292529522735,0.42070292529522735
CN(C)CCSc1cccc(C2CCCCC2)n1,8.7,-0.9395192526186185,1,train,8.060480747381382,-1.3600302863907856,0.42051103377216725,0.42051103377216725
COc1ccccc1N1CCC(C(=O)Nc2ccc(OC)c(N3CCN(C)CC3)c2)CC1,15.4,-1.187520720836463,1,train,7.8124792791635365,-1.607940530776873,0.42041980994040995,0.42041980994040995
COc1cccc(OC)c1-c1cccc(CCN(C)C)c1,4826.0,-3.683587317572767,0,train,5.316412682427233,-3.2647947870678546,-0.4187925305049123,0.4187925305049123
O=c1oc2ccccc2n1CCCCCCN1CCN(c2ccccc2)CC1,3.96,-0.5976951859255123,1,train,8.402304814074487,-1.016022017485666,0.4183268315601537,0.4183268315601537
O=S(=O)(NC1CCN(CCOc2ccc(Br)cc2)CC1)c1ccccc1,52610.0,-4.7210683017971595,1,train,4.2789316982028405,-4.303673087694708,-0.4173952141024522,0.4173952141024522
CN1CCC(n2ncc3ccc(NC(=O)c4ccc(F)cc4)cc32)CC1,310.0,-2.4913616938342726,1,train,6.508638306165727,-2.07521301050377,-0.4161486833305026,0.4161486833305026
CN(C)C(=O)c1ccc(F)c2c1CC(N(CCCc1c[nH]c3ccc(F)cc13)C1CCC1)CO2,372.0,-2.5705429398818973,1,train,6.429457060118103,-2.155553670328859,-0.4149892695530384,0.4149892695530384
O=C(O)COc1cc(CC2CCN(CCc3ccc4occc(=O)c4c3)CC2)ccc1Br,67.0,-1.8260748027008264,1,train,7.173925197299173,-1.4117471861867,-0.41432761651412653,0.41432761651412653
COc1ccc2ccc(NCCCCN3CCN(c4ccccc4OC)CC3)nc2c1,4.6,-0.6627578316815741,1,train,8.337242168318426,-0.24867119791072478,-0.4140866337708493,0.4140866337708493
C=CCc1ccccc1OCC(O)CNCCOCCOCCOCCOCCNC(=O)CCCCCC1(C)C(/C=C/C=C/C=C2/N(CCCS(=O)(=O)O)c3ccc(S(=O)(=O)O)cc3C2(C)C)=[N+](CCCS(=O)(=O)O)c2ccc(S(=O)(=O)O)cc21,2860.0,-3.456366033129043,0,train,5.543633966870956,-3.0423806462178478,-0.41398538691119535,0.41398538691119535
COc1ccccc1N1CCN(CCCN2CCCn3c2nc2c3c(=O)n(C)c(=O)n2C)CC1,2.799,-0.44700289846616237,1,train,8.552997101533837,-0.8608961699684734,0.4138932715023111,0.4138932715023111
O[C@@H]1c2ccc(F)cc2C[C@H]1N1CCC(c2cccc3c2OCCC3)CC1,0.302,0.5199930570428494,1,train,9.51999305704285,0.10656010538000384,0.41343295166284555,0.41343295166284555
O[S+](CCCN1CCC(c2ccc(Cl)cc2)CC1)c1ccc(F)cc1,613.0,-2.787460474518415,1,train,6.212539525481585,-2.375334205393517,-0.41212626912489814,0.41212626912489814
O=c1[nH]c2cc(Cl)ccc2n1C1CCN(CCCCc2nc3ccccc3s2)CC1,1162.5,-3.0653929615619915,0,train,5.934607038438008,-2.653678646060166,-0.41171431550182547,0.41171431550182547
COc1ccccc1N1CCN(CCCCNC(=O)c2ccc(CCF)cc2)CC1,2.4,-0.38021124171160603,0,train,8.619788758288394,-0.791544662351147,0.411333420639541,0.411333420639541
COc1ccc2ccc(NCCCN3CCN(c4ccccc4OC)CC3)nc2c1,0.2,0.6989700043360187,1,train,9.698970004336019,0.287819503839096,0.41115050049692276,0.41115050049692276
CN(C)c1ccccc1N1CCN(CCCCn2ncc(=O)n(C)c2=O)CC1,180.0,-2.255272505103306,1,train,6.7447274948966935,-1.8445206274038426,-0.4107518776994634,0.4107518776994634
COc1cccc(N2CCN(CCCOc3c(C(C)=O)c(C)cc4oc(=O)cc(C)c34)CC2)c1,0.4,0.3979400086720376,1,train,9.397940008672037,-0.012371961666974492,0.4103119703390121,0.4103119703390121
NCCc1c[nH]c2ccc(OCc3cccc(COc4ccc5[nH]cc(CCN)c5c4)c3)cc12,1.0,-0.0,0,train,9.0,-0.409695057597713,0.409695057597713,0.409695057597713
CC(=O)Nc1cccc(N2CCN(CCCCN(C)S(=O)(=O)CC3CCCCC3)CC2)c1,1.3,-0.11394335230683679,1,train,8.886056647693163,-0.5220141814403408,0.4080708291335041,0.4080708291335041
O=C(N[C@@H](Cc1ccccc1)CN1CCN(c2nsnc2Cl)CC1)C1CCCCC1,0.8,0.09691001300805639,1,train,9.096910013008056,-0.31056526912073,0.4074752821287863,0.4074752821287863
CCc1ccc2[nH]cc(CCN(C)C)c2c1,15.0,-1.1760912590556813,1,train,7.823908740944319,-1.5834991309570217,0.40740787190134053,0.40740787190134053
Nc1nc(NCCNc2ccccc2)nc(NCCc2c[nH]c3ccccc23)n1,38220.0,-4.582290682718994,0,train,4.417709317281006,-4.174983976613022,-0.4073067061059721,0.4073067061059721
C1=C(c2c[nH]c3ccccc23)CCN(CC2CNc3ccccc3O2)C1,804.8,-2.9056879677118523,0,train,6.094312032288148,-2.4985637187622696,-0.40712424894958277,0.40712424894958277
NC(=O)[C@@H]1Cc2ccccc2CN1C(=O)CCCCCN1CCN(c2cccc(Cl)c2)CC1,499.0,-2.6981005456233897,1,train,6.30189945437661,-2.2913413264635896,-0.4067592191598002,0.4067592191598002
CCCCCCCCCCN1CCC(c2cccc(O)c2)C1,12.0,-1.0791812460476249,1,train,7.920818753952375,-1.4858722729917573,0.4066910269441324,0.4066910269441324
CN(C)C1CCc2c(cccc2-c2cc(Cl)cc(Cl)c2)C1,2200.0,-3.342422680822206,0,train,5.657577319177793,-2.9370656555937287,-0.4053570252284775,0.4053570252284775
c1ccc(CC2CCN(CC3CCc4ccccc4O3)CC2)cc1,11.5,-1.0606978403536116,1,train,7.939302159646388,-1.4655706657291616,0.40487282537555,0.40487282537555
O=C1CC2(CCCC2)CC(=O)N1CCN1CCN(c2cccc(Cl)c2)CC1,1.09,-0.037426497940623665,1,train,8.962573502059376,-0.4413489797235642,0.4039224817829406,0.4039224817829406
CN1CCN(Cc2ccc(OCCCCN3CCC(c4noc5cc(F)ccc45)CC3)cc2)CC1,12.4,-1.0934216851622351,0,train,7.906578314837764,-1.4973032413603053,0.4038815561980702,0.4038815561980702
Cc1cc(=O)oc2c(Cl)c(OCCCCN3CCC(c4noc5cc(F)ccc45)CC3)ccc12,3.3,-0.5185139398778874,0,train,8.481486060122112,-0.9223953186412861,0.4038813787633987,0.4038813787633987
COc1cccc2c1CCCC2CCCN1CCN(c2ccccc2)CC1,0.5,0.3010299956639812,0,train,9.301029995663981,-0.10268266316052829,0.40371265882450946,0.40371265882450946
Cn1cnc2c1C(=O)N(CCN1CCC(c3noc4ccccc34)CC1)CC2,327.0,-2.514547752660286,1,train,6.485452247339714,-2.1112000023991344,-0.40334775026115155,0.40334775026115155
C1=C(c2cc3ccccc3[nH]2)CC2CCC1N2CCOc1cccc2ncccc12,320.0,-2.505149978319906,1,train,6.494850021680094,-2.102464455515638,-0.40268552280426784,0.40268552280426784
COc1ccccc1N1CCN(CCCCCCn2c(=O)sc3ccccc32)CC1,0.43,0.36653154442041347,1,train,9.366531544420413,-0.03480068906047474,0.40133223348088815,0.40133223348088815
CC(C)n1cc([C@H]2CC[C@@H](N3CCN(c4cccc5[nH]ccc45)CC3)CC2)c2cc(C#N)ccc21,694.2,-2.841484609335393,0,train,6.158515390664607,-2.440157787000723,-0.4013268223346702,0.4013268223346702
CCCCN1CCC(c2cccc(O)c2)C1,1805.0,-3.256477206241677,0,train,5.7435227937583235,-2.8553861106253238,-0.40109109561635314,0.40109109561635314
O=[N+]([O-])c1ccccc1N1CCN(CCCCCCN2c3cccc4cccc(c34)S2(=O)=O)CC1,482.0,-2.6830470382388496,0,train,6.31695296176115,-2.282656802469897,-0.4003902357689526,0.4003902357689526
O=C(CCCCN1CCCN(c2ccc(Cl)cc2)CC1)c1nc2ccccc2s1,495.0,-2.694605198933569,1,train,6.305394801066431,-2.2948129329258657,-0.3997922660077031,0.3997922660077031
CC1CN(c2ccc3ccccc3n2)CCN1CCCN1C(=O)c2ccccc2C1=O,275.0,-2.439332693830263,1,train,6.560667306169737,-2.0396387006306838,-0.3996939931995791,0.3996939931995791
COc1cccc2c1CCC/C2=C\CCN1CCN(c2ccccn2)CC1,0.31,0.5086383061657274,0,train,9.508638306165727,0.10926720046551518,0.39937110570021217,0.39937110570021217
Cn1ncc2c1CCN(CCN1CCN(c3noc4ccccc34)CC1)C2=O,279.0,-2.4456042032735974,1,train,6.554395796726403,-2.047098521766493,-0.3985056815071042,0.3985056815071042
CC(=O)c1c(OCCCN2CCN(c3ccc([N+](=O)[O-])cc3)CC2)ccc2c(C)cc(=O)oc12,613.0,-2.787460474518415,0,train,6.212539525481585,-2.389788185588881,-0.3976722889295341,0.3976722889295341
CC(C)(C)C(=O)NCCN1CC=C(c2cccc(C(F)(F)F)n2)CC1,1280.0,-3.1072099696478683,0,train,5.892790030352131,-2.7098165215427548,-0.39739344810511357,0.39739344810511357
[N-]=[N+]=Nc1cccc(CCN2CCN(c3cccc(C(F)(F)F)c3)CC2)c1,2.0,-0.3010299956639812,0,train,8.698970004336019,-0.6983155710668586,0.3972855754028774,0.3972855754028774
CN1CCc2c(sc3ncn(CCN4CCN(c5ncnc6ccccc56)CC4)c(=O)c23)C1,93.4,-1.9703468762300933,1,train,7.029653123769907,-1.5732211424864488,-0.39712573374364446,0.39712573374364446
Oc1nc2cccc(N3CCN(Cc4cccc(-c5ccc(F)cc5)n4)CC3)c2o1,200.0,-2.3010299956639813,1,train,6.698970004336019,-1.9040338367717475,-0.3969961588922337,0.3969961588922337
CC(=O)c1c(OCCCN2CCN(c3cnccn3)CC2)ccc2c(C)cc(=O)oc12,253.0,-2.403120521175818,1,train,6.596879478824182,-2.006708443934215,-0.3964120772416031,0.3964120772416031
CC1CN(c2ccc3ccccc3n2)CCN1CCCCN1C(=O)c2ccccc2C1=O,13.0,-1.1139433523068367,1,train,7.886056647693163,-1.5085966249442524,0.3946532726374157,0.3946532726374157
CCCCCN1CCC(c2cccc(O)c2)C1,326.0,-2.513217600067939,1,train,6.486782399932061,-2.1186450113068305,-0.39457258876110846,0.39457258876110846
O=S(=O)(Nc1cc(Sc2cccc3cccnc23)c(O)c2ccccc12)c1ccc(F)cc1,13490.0,-4.130011949671904,0,train,4.869988050328096,-3.7376257574235985,-0.39238619224830584,0.39238619224830584
FC(F)(F)c1ccc(OC(CCN2CCN(c3ccccc3Cl)CC2)c2ccccc2)cc1,5011.87,-3.6999997975545824,0,train,5.300000202445418,-3.307777118039251,-0.3922226795153314,0.3922226795153314
CCCN(CCC)C1Cc2cccc3ncn(c23)C1,827.0,-2.9175055095525466,0,train,6.082494490447454,-2.5259326413108925,-0.39157286824165416,0.39157286824165416
Cc1nc2c(o1)CC(CN1CCC(c3c[nH]c4cc(F)ccc34)CC1)CC2=O,489.78,-2.6900010468830637,0,train,6.309998953116937,-2.2984930867572495,-0.3915079601258147,0.3915079601258147
COc1ccc2nc(NCCCN3CCN(c4ccccc4OC)CC3)ccc2c1,22.0,-1.3424226808222062,1,train,7.657577319177793,-0.9512080531158997,-0.39121462770630644,0.39121462770630644
O=C(N[C@H]1CC[C@H](CCN2CCN(c3nsc4ccccc34)CC2)CC1)N1CCOCC1,15.0,-1.1760912590556813,1,train,7.823908740944319,-0.7856479059489966,-0.39044335310668454,0.39044335310668454
COc1ccc2[nH]c(C(=O)NCCC(F)CN3CCN(c4ccccc4OC)CC3)cc2c1,1170.0,-3.0681858617461617,1,train,5.931814138253838,-2.677988870228867,-0.3901969915172949,0.3901969915172949
CN1CCC(c2n[nH]c3ccc(NC(=O)c4ccc(F)cc4)cc23)CC1,870.0,-2.9395192526186187,1,train,6.060480747381382,-2.549511972296208,-0.39000728032241083,0.39000728032241083
Cc1ccc2c(OCCN3CCN(Cc4ccc(O)c([N+](=O)[O-])c4)CC3)cccc2n1,794.33,-2.9000009651534695,1,train,6.0999990348465305,-2.51018849021615,-0.38981247493731885,0.38981247493731885
Fc1cccc(C2CCNCC2)c1Oc1ccccc1,20.0,-1.3010299956639813,1,train,7.698970004336019,-1.6904538680628272,0.3894238723988459,0.3894238723988459
O=C(c1ccc(F)c(Cl)c1)N1CCC(F)(CNCCOc2ccc(Cl)cn2)CC1,8.2,-0.9138138523837167,1,train,8.086186147616283,-0.5248020551382612,-0.38901179724545565,0.38901179724545565
O=C(c1ccc(F)c(Cl)c1)N1CCC(F)(CNCCOc2cccc(N3CCCC3)n2)CC1,1.7,-0.2304489213782739,0,train,8.769551078621726,0.15834281817938997,-0.3887917395576639,0.3887917395576639
c1cnc2c(OCCNCCCc3c[nH]c4ccccc34)cccc2c1,0.54,0.26760624017703144,1,train,9.267606240177031,-0.12115447365279752,0.3887607138298289,0.3887607138298289
COc1cc2nc(C3CC3)nc(N3CCN(c4ccccc4OC)CC3)c2cc1OC,400.0,-2.6020599913279625,0,train,6.3979400086720375,-2.213645209454505,-0.38841478187345757,0.38841478187345757
CC1(c2cccc(OCc3ccccc3)c2)C(=O)Nc2cc(Cl)cc(Cl)c2C1=O,170.0,-2.230448921378274,0,train,6.769551078621726,-2.6184052737807018,0.38795635240242765,0.38795635240242765
O=C(NCCCCN1CCN(c2cccc3ccccc23)CC1)c1cc2ccccc2[nH]1,84.0,-1.9242792860618816,1,train,7.075720713938118,-1.5389220180066097,-0.38535726805527193,0.38535726805527193
CC(C)n1ncc2c1CCN(CCN1CCC(c3noc4ccccc34)CC1)C2=O,255.0,-2.406540180433955,1,train,6.5934598195660445,-2.0219471274061713,-0.3845930530277837,0.3845930530277837
Fc1cccc(Oc2ncccc2C2CCNCC2)c1F,173.0,-2.2380461031287955,1,train,6.761953896871205,-1.8538616114799351,-0.38418449164886037,0.38418449164886037
COc1ccc(CC2CCN(CCOc3cccc4nc(C)ccc34)CC2)cc1NS(C)(=O)=O,125.89,-2.0999912335446846,0,train,6.900008766455315,-1.7161401823802476,-0.3838510511644371,0.3838510511644371
COc1nsnc1N1CCN(C[C@@H](Cc2ccccc2)N(C)C(=O)C2CCCCC2)CC1,1.5,-0.17609125905568124,0,train,8.823908740944319,-0.5598107999112356,0.3837195408555544,0.3837195408555544
COc1ccccc1N1CCN(CC(C)N(c2ccccn2)[11C](=O)C2CCCCC2)CC1,0.91,0.040958607678906384,0,train,9.040958607678906,-0.3418059288097393,0.3827645364886456,0.3827645364886456
O=C(CCN1CCN(c2ccccc2O)CC1)c1ccc2ccccc2c1,1000.0,-3.0,1,train,6.0,-2.6178909628507476,-0.3821090371492524,0.3821090371492524
COc1cccc(N2CCN(CCCCN3C(=O)c4ccccc4C3=O)CC2)c1,0.6,0.2218487496163564,1,train,9.221848749616356,-0.15925787230116967,0.3811066219175261,0.3811066219175261
CC1Cc2ccc3c(c2O1)-c1cc(O)cc2c1[C@@H](C3)N(C)CC2,12.0,-1.0791812460476249,0,train,7.920818753952375,-1.4593976212043682,0.38021637515674334,0.38021637515674334
O[C@@]1(c2ccc(Cl)cc2)C[C@H]2CC[C@@H](C1)N2Cc1coc2ccccc12,1780.0,-3.250420002308894,0,train,5.7495799976911055,-2.8704136093550154,-0.3800063929538786,0.3800063929538786
COc1ccccc1N1CCN(CCCNc2c(C(C)=O)c(C)nn(C)c2=O)CC1,1.48,-0.17026171539495738,0,train,8.829738284605043,-0.5495414954070823,0.37927978001212503,0.37927978001212503
COCCOc1cc(Br)cc(CC2CCN(CCc3ccc4c(c3)C(=O)CCO4)CC2)c1,44.3,-1.6464037262230695,1,train,7.3535962737769305,-1.267150805067597,-0.3792529211554725,0.3792529211554725
O=C(c1ccc(F)c(Cl)c1)N1CCC(CNCCCc2c[nH]c3ccc(F)cc23)CC1,0.069,1.1611509092627446,0,train,10.161150909262744,0.7819111005480809,0.3792398087146637,0.3792398087146637
CCCN(CCC)C1CCc2ccc3[nH]cc(C=O)c3c2C1,1.2,-0.07918124604762482,0,train,8.920818753952375,-0.45826709357980555,0.3790858475321808,0.3790858475321808
O=C1CC2(CCCC2)CC(=O)N1CCN1CCN(c2ccccc2O)CC1,1.36,-0.13353890837021754,1,train,8.866461091629782,-0.5124786007634774,0.37893969239325986,0.37893969239325986
O=c1[nH]c2[nH]c(-c3ccccc3Cl)cc2c(=O)n1CCN1CCN(c2ccccc2Cl)CC1,64.9,-1.8122446968003694,1,train,7.187755303199631,-2.1911022522320196,0.37885755543165045,0.37885755543165045
CSc1ccc2c(c1)C(N1CCN(C)CC1)Cc1ccccc1S2,3.9,-0.5910646070264992,0,train,8.4089353929735,-0.969885856390559,0.3788212493640598,0.3788212493640598
COc1ccnc(OCCNCC2(F)CCN(C(=O)c3ccc(F)c(Cl)c3)CC2)c1,0.09,1.0457574905606752,1,train,10.045757490560675,0.6669562417707269,0.37880124878994836,0.37880124878994836
O=C1Nc2ccccc2C12CCN(CCN1CCN(c3cccc(Cl)c3)CC1)C2,2687.0,-3.4292676664331685,0,train,5.5707323335668315,-3.050487116286645,-0.37878055014652334,0.37878055014652334
CCC1(CCCCN2CCN(c3ccc(Cl)cc3)CC2)C(=O)Nc2cc(F)ccc21,1610.0,-3.2068258760318495,0,train,5.79317412396815,-2.828813174557482,-0.37801270147436705,0.37801270147436705
Cc1ccc2c(N3CCN(CCc4cccc(N)c4)CC3)cccc2n1,15.85,-1.2000292665537702,0,train,7.79997073344623,-0.8223849883618033,-0.3776442781919669,0.3776442781919669
C[C@](O)(CNC1CCCCC1)COc1cccc2[nH]ccc12,1450.0,-3.161368002234975,0,train,5.838631997765026,-2.7838822462251573,-0.3774857560098175,0.3774857560098175
O=C1COc2ccc(CCN3CCN(c4nccc5ccccc45)CC3)cc2N1,100.0,-2.0,1,train,7.0,-1.6229478532730548,-0.3770521467269452,0.3770521467269452
O=S(=O)(NC1CCN(CCOc2ccccc2)C1)c1ccc(F)cc1,9.0,-0.9542425094393249,1,train,8.045757490560675,-1.3309065004452398,0.3766639910059151,0.3766639910059151
CC[C@H]1c2ccccc2N(c2ccccc2)C[C@@]1(C)N,74.065,-1.8696130271721287,0,train,7.130386972827871,-2.245697871737648,0.3760848445655194,0.3760848445655194
Cn1c(=O)cnn(CCCCN2CCN(c3cccc4ccc(O)cc34)CC2)c1=O,0.44,0.3565473235138126,0,train,9.356547323513812,-0.019186722974928003,0.3757340464887406,0.3757340464887406
N#Cc1ccc(CNC(=O)CCCCCN2CCN(c3ccc(F)cc3-c3ccc(C#N)cc3)CC2)cc1,2870.0,-3.4578818967339924,0,train,5.542118103266008,-3.084148544261806,-0.3737333524721862,0.3737333524721862
CN1CCN(c2nc3ccccc3c(Cl)c2Sc2ccccc2)CC1,2000.0,-3.3010299956639813,0,train,5.698970004336019,-2.92747021482534,-0.37355978083864105,0.37355978083864105
Cn1c(=O)c2c(nc3n2CCCC(=O)N3CCCN2CCN(c3ncccn3)CC2)n(C)c1=O,474.24,-2.6759981819632155,1,train,6.324001818036784,-2.304665563104945,-0.3713326188582706,0.3713326188582706
C=CCN[C@@H]1CCc2cccc(O)c2[C@@H]1CC=C,1.0,-0.0,1,train,9.0,-0.37102046737690875,0.37102046737690875,0.37102046737690875
CC(=O)Nc1ccc(OCCCN2CCN(c3cccc4ccsc34)CC2)cc1,258.0,-2.41161970596323,0,train,6.58838029403677,-2.0408838067979174,-0.3707358991653127,0.3707358991653127
O=S(=O)(NC1CCN(CCOc2cc(Br)ccc2I)CC1)c1ccccc1,8966.0,-3.952598734529773,1,train,5.047401265470227,-3.581950762021864,-0.37064797250790926,0.37064797250790926
CCn1ncc(-c2ccc3c(c2)c(C2CCN(CCN4CCNC4=O)CC2)cn3-c2ccc(F)cc2)n1,273.0,-2.436162647040756,1,train,6.5638373529592435,-2.065804220941571,-0.37035842609918523,0.37035842609918523
CC[C@H]1c2ccc3ccccc3c2OC[C@@]1(C)N,2511.89,-3.4000006169763797,0,train,5.59999938302362,-3.0299679967659556,-0.3700326202104245,0.3700326202104245
COc1ccc(N(CCCCN2CCC(O)(c3ccc(Cl)c(C(F)(F)F)c3)CC2)c2ccc(OC)cc2)cc1,10000.0,-4.0,0,train,5.0,-3.630489716625107,-0.3695102833748929,0.3695102833748929
NC(=O)[C@@H]1Cc2ccccc2CN1C(=O)CCCCN1CCN(c2ccc(F)cc2)CC1,1914.0,-3.281941933440825,1,train,5.718058066559175,-2.912743523604882,-0.3691984098359429,0.3691984098359429
COc1cccc(N2CCN(CCCCn3ncc(=O)n(C)c3=O)CC2)c1,0.625,0.2041199826559248,1,train,9.204119982655925,-0.16484381195702355,0.36896379461294837,0.36896379461294837
COc1ccc(/C=C2\NC(=O)N(CCCN3CCN(c4cccc(Cl)c4Cl)CC3)C2=O)cc1OC,53.0,-1.724275869600789,1,train,7.275724130399211,-1.3553691406959525,-0.36890672890483645,0.36890672890483645
Fc1ccc(CCCCN2CCN(c3ccccn3)CC2)cc1,1.1,-0.04139268515822508,1,train,8.958607314841775,-0.41027619032243334,0.3688835051642083,0.3688835051642083
COCCOCCOc1ccc(NC(=O)NCCCN2CCN(c3ccccc3OC)CC2)c(-c2ccccc2)c1,220.0,-2.342422680822206,0,train,6.657577319177793,-1.973552709056992,-0.3688699717652142,0.3688699717652142
CN1CCN2c3c(cccc31)[C@@H]1CN(CCCc3noc4cc(F)ccc34)CC[C@@H]12,364.0,-2.561101383649056,0,train,6.438898616350944,-2.1922765583107027,-0.36882482533835326,0.36882482533835326
COc1ccccc1N1CCN(CCn2c(=O)[nH]c3[nH]c(-c4ccccc4Cl)cc3c2=O)CC1,19.1,-1.2810333672477277,1,train,7.718966632752272,-1.649625077150563,0.3685917099028353,0.3685917099028353
Clc1cccc(Oc2ccccc2C2CCNCC2)c1,5.0,-0.6989700043360189,0,train,8.301029995663981,-1.0664537261874614,0.3674837218514425,0.3674837218514425
O=S(=O)(c1cccc2ncccc12)N1CCC(CCN2CCN(c3ccccc3)CC2)CC1,749.0,-2.8744818176994666,1,train,6.125518182300533,-2.507538498029819,-0.3669433196696472,0.3669433196696472
COc1ccccc1N1CCN(CCCNc2cc(=O)n(C)c(=O)n2C)CC1,213.0,-2.3283796034387376,0,train,6.671620396561263,-1.9622294733237822,-0.36615013011495545,0.36615013011495545
O=C(c1ccc(F)cc1)C1CCN(CCn2c(=S)[nH]c3ccccc3c2=O)CC1,1570.0,-3.1958996524092336,0,train,5.804100347590767,-2.8304064924516945,-0.36549315995753906,0.36549315995753906
COc1ccc(NC(=O)N2CCN(c3ccc(Cl)cc3)CC2)cc1N1CCN(C)CC1,52.5,-1.7201593034059568,1,train,7.279840696594043,-2.0848954185953663,0.3647361151894095,0.3647361151894095
COc1cc(N2CCN(C3CCN(c4cc(Br)cc5cccnc45)CC3)CC2)c2ncccc2c1,0.61,0.21467016498923297,1,train,9.214670164989233,-0.15002908613177224,0.3646992511210051,0.3646992511210051
COc1ccc(Br)c(CC2CCN(CCc3ccc4c(c3)OCCO4)CC2)c1,0.36,0.44369749923271273,1,train,9.443697499232712,0.07966375812626879,0.3640337411064439,0.3640337411064439
COc1ccc(Cl)cc1N1CCN(CCCNc2c(C(C)=O)c(-c3ccccc3)nn(C)c2=O)CC1,1000.0,-3.0,1,train,6.0,-2.636184782304329,-0.36381521769567104,0.36381521769567104
COCCOc1cc(CC2CCN(CCc3ccc4c(c3)C(=O)CCO4)CC2)ccc1C(C)C,69.9,-1.8444771757456815,1,train,7.1555228242543185,-1.4811329582263613,-0.36334421751932,0.36334421751932
COc1ccccc1N1CCN(CC2COC3(CCN(C(=O)C(F)(F)F)CC3)O2)CC1,323.59,-2.509995092013399,0,train,6.4900049079866005,-2.146984084679206,-0.363011007334193,0.363011007334193
COc1ccccc1N1CCN(CCCCCC(=O)N2Cc3ccccc3C2)CC1,3.2,-0.505149978319906,1,train,8.494850021680094,-0.8680038034677549,0.3628538251478488,0.3628538251478488
O=C(NCCN1CCC(c2cccc(OC(F)(F)F)n2)CC1)C1CCOCC1,2472.0,-3.3930484664167784,0,train,5.606951533583222,-3.031594223047597,-0.3614542433691814,0.3614542433691814
COc1ccc(S(=O)(=O)Nc2cc(Cl)cc(Cl)c2Cl)cc1N1CCNCC1,3981.07,-3.59999981394342,0,train,5.40000018605658,-3.23875272053488,-0.3612470934085401,0.3612470934085401
COc1ccccc1N1CCN(CCNc2cc(-c3ccccc3)nn(C)c2=O)CC1,13.98,-1.1455071714096625,1,train,7.854492828590337,-1.505967055549952,0.36045988414028973,0.36045988414028973
O=C(CCCN1CCc2ccccc2C1)c1ccccc1,708.975,-2.850630921285362,1,train,6.1493690787146384,-2.490318094302986,-0.3603128269823759,0.3603128269823759
O=C1NCc2cc(Cl)c(OCCCN3CCN(c4cccc5cccc(F)c45)CC3)cc21,0.859,0.0660068361687577,1,train,9.066006836168757,0.42593655191833363,-0.35992971574957594,0.35992971574957594
O=C1c2ccccc2S(=O)(=O)N1CCCN1CCN(c2cccc(C(F)(F)F)c2)CC1,400.0,-2.6020599913279625,1,train,6.3979400086720375,-2.2424860788736787,-0.35957391245428383,0.35957391245428383
COc1ccc(OCCNCC2(F)CCN(C(=O)c3ccc(F)c(Cl)c3)CC2)cc1,7.6035,-0.881013550279083,1,train,8.118986449720918,-0.521538531363182,-0.35947501891590106,0.35947501891590106
O=C1CCc2ccc(OCCCCN3CCCN(c4cccc(Cl)c4Cl)CC3)cc2N1,60.0,-1.7781512503836436,1,train,7.221848749616356,-1.4192940208383533,-0.3588572295452903,0.3588572295452903
COc1cc2c(cc1N1C[C@@H](C)N(C)[C@@H](C)C1)N(C(=O)Cc1cccc([N+](=O)[O-])c1)CC2,1995.26,-3.2999994961169836,0,train,5.700000503883016,-2.9412063662350625,-0.3587931298819216,0.3587931298819216
CN1CCC(n2ccc3ccc(NC(=O)c4ccc(F)cc4)cc32)CC1,11.0,-1.0413926851582251,1,train,7.958607314841775,-1.4000118169549136,0.3586191317966885,0.3586191317966885
Cc1ccc(OCCOCCN[C@H](C)CO)c(C)c1,4796.0,-3.6808791744268112,0,train,5.319120825573188,-3.32282836229195,-0.3580508121348611,0.3580508121348611
C/N=C1\N(C)C(=O)/C(=C\c2c[nH]c3cccc(Br)c23)N1C,6927.0,-3.8405451876368386,0,train,5.159454812363162,-3.4825998743782707,-0.3579453132585684,0.3579453132585684
O=C1c2ccccc2C(=O)N1CCCCCN1CCN(c2ccccc2)CC1,8.5,-0.9294189257142927,1,train,8.070581074285707,-0.5714823764163075,-0.35793654929798535,0.35793654929798535
O=C(NCCCCN1CCN(c2cccc(F)c2)CC1)c1n[nH]c2ccccc12,313.0,-2.4955443375464483,1,train,6.504455662453552,-2.1387545264385492,-0.3567898111078991,0.3567898111078991
O=C1CCc2ccc(OCCCCN3CCN(c4cccc5c4CCCC5)CC3)nc2N1,28.0,-1.4471580313422192,1,train,7.552841968657781,-1.090422544365614,-0.3567354869766053,0.3567354869766053
Cc1ccc2c(N3CCN(CCc4cccc5c4OCC(=O)N5C)[C@H](C)C3)cc(F)cc2n1,0.1995,0.700057099977233,0,train,9.700057099977233,0.344114639630604,0.35594246034662896,0.35594246034662896
C=CCOc1cccc2c1-c1cccc3c1[C@@H](C2)N(C)CC3,12.0,-1.0791812460476249,1,train,7.920818753952375,-1.4351148773596387,0.35593363131201383,0.35593363131201383
O=C1CC2(CCCC2)CC(=O)N1CCN1CCN(c2cc(Br)ccc2Br)CC1,62.22,-1.7939300067726847,1,train,7.206069993227315,-1.4385048198131165,-0.3554251869595684,0.3554251869595684
COc1cccc(N2CCN(CCCCCCN3C(=O)c4ccccc4C3=O)CC2)c1,22.0,-1.3424226808222062,1,train,7.657577319177793,-0.9873578222180172,-0.355064858604189,0.355064858604189
C[C@H]1CN(CC[C@H]2CC[C@H](N3C(=O)CC4(CCCC4)CC3=O)CC2)CCc2ccc(Cl)cc21,4.3,-0.6334684555795865,0,train,8.366531544420413,-0.9882684784533121,0.3548000228737256,0.3548000228737256
CCCN(CCC)CCc1ccc(Cl)c(-c2ccccc2OC)c1,65.0,-1.8129133566428555,1,train,7.187086643357144,-2.1676799735002303,0.35476661685737465,0.35476661685737465
O=C(NC1CCC1)c1ccc(F)c2c1CC(N(CCCc1c[nH]c3ccc(F)cc13)C1CCC1)CO2,213.5,-2.329397879361043,1,train,6.670602120638957,-1.9750577733438317,-0.3543401060172111,0.3543401060172111
c1ccc(-c2n[nH]cc2N2CCCNCC2)cc1,6964.0,-3.8428587624452937,1,train,5.157141237554706,-3.4885715824242176,-0.35428718002107606,0.35428718002107606
Cn1c(=O)cnn(CCCCN2CCN(c3ccc(F)cn3)CC2)c1=O,68.0,-1.8325089127062364,1,train,7.167491087293763,-1.4784042649739633,-0.3541046477322731,0.3541046477322731
CCNC(=O)c1ccc(F)c2c1CC(N(CCCc1c[nH]c3ccc(F)cc13)C1CCC1)CO2,17.8,-1.250420002308894,1,train,7.7495799976911055,-1.6044752471784136,0.35405524486951956,0.35405524486951956
COc1ccccc1N1CCN(Cc2c[nH]c3ncccc23)CC1,405.6,-2.60809794632528,0,train,6.39190205367472,-2.2551393203193366,-0.3529586260059432,0.3529586260059432
CCCN(CCC)C1Cc2cccc3ncc(=O)n(c23)C1,933.0,-2.9698816437465,1,train,6.0301183562534995,-2.617145064232087,-0.35273657951441306,0.35273657951441306
COc1ccccc1N1CCN(Cc2cn(-c3cccc4ccccc34)c3ccccc23)CC1,700.0,-2.845098040014257,0,train,6.154901959985743,-2.4924136808540216,-0.35268435916023533,0.35268435916023533
NCCc1c[nH]c2ccc(OCC(=O)N3CCN(c4ccc(CN)cc4)CC3)cc12,130.0,-2.113943352306837,1,train,6.886056647693163,-1.7614462045114765,-0.35249714779536045,0.35249714779536045
C=CCN(CCC)[C@@H]1CCc2cccc(OC)c2C1=C,3.8,-0.5797835966168101,0,train,8.42021640338319,-0.9321957315771655,0.3524121349603554,0.3524121349603554
Cc1cc(N2CCN(CCc3ccc4c(c3)NC(=O)CO4)CC2)c2ccc(C)nc2c1,0.1259,0.8999742698921374,1,train,9.899974269892137,0.5479561875365541,0.3520180823555833,0.3520180823555833
COc1cccc2c1CCC[C@H]2CN(C)CCc1ccc2ccoc2c1,2.0,-0.3010299956639812,0,train,8.698970004336019,-0.6528126219834864,0.35178262631950524,0.35178262631950524
O=S(=O)(NCCN1CC=C(c2c[nH]c3ccc(Cl)cc23)CC1)c1ccc(Cl)cc1,16.0,-1.2041199826559248,1,train,7.795880017344075,-0.8527722830724013,-0.3513476995835235,0.3513476995835235
O=S(=O)(c1cccc(Cl)c1)N1CC2CC1CN2CCOc1ccccc1-c1ccccc1,2667.0,-3.4260230156898763,0,train,5.573976984310123,-3.074719134682583,-0.3513038810072935,0.3513038810072935
COc1cccc(OC)c1OCCNCC1COC(c2ccccc2)(c2ccccc2)O1,53.7,-1.7299742856995557,1,train,7.270025714300444,-1.3787508174016545,-0.3512234682979012,0.3512234682979012
O=c1oc2ccccc2c(=O)n1CCCN1CCN(c2ccccc2)CC1,402.0,-2.60422605308447,1,train,6.39577394691553,-2.253293635153904,-0.35093241793056595,0.35093241793056595
O=c1c2ccccc2c(=O)n(-c2ccccc2)n1CCCCN1CCN(c2cccc(Cl)c2)CC1,398.11,-2.60000308662774,0,train,6.399996913372259,-2.249576885849627,-0.3504262007781134,0.3504262007781134
O=C1Cc2cc(CCN3CCN(c4nsc5ccccc45)CC3)c(Cl)cc2N1,2.52125,-0.4016159112208219,0,train,8.598384088779179,-0.7513496487964139,0.34973373757559195,0.34973373757559195
O=C1CC2(CCCC2)CC(=O)N1CCN1CCN(c2cc(F)ccc2Cl)CC1,12.07,-1.0817072700973491,1,train,7.918292729902651,-1.4313510408227006,0.34964377072535147,0.34964377072535147
O=C1NCc2ccc(OCCCCN3CCN(c4cccc5cc(F)ccc45)CC3)cc21,13.4,-1.1271047983648077,1,train,7.872895201635192,-0.7777730879835204,-0.3493317103812873,0.3493317103812873
Fc1ccc(Oc2ccccc2N2CCNCC2)cc1,8.0,-0.9030899869919435,1,train,8.096910013008056,-1.2523954929665086,0.349305505974565,0.349305505974565
Cc1ccc2c(N3CCN(CCc4ccc5c(c4)N(C)C(=O)CO5)CC3)cccc2n1,0.07943,1.100015437450609,1,train,10.100015437450608,0.7508596160579031,0.34915582139270596,0.34915582139270596
O=C1CC(c2c[nH]c3ccc(F)cc23)C(=O)N1CCN1CCC(c2c[nH]c3ccc(F)cc23)CC1,700.0,-2.845098040014257,1,train,6.154901959985743,-2.498579296697088,-0.3465187433171688,0.3465187433171688
COc1ccccc1N1CCN(CCCN2CCOc3ccccc32)CC1,1.48,-0.17026171539495738,0,train,8.829738284605043,-0.5167407601763528,0.3464790447813956,0.3464790447813956
O=C1NCN(c2ccccc2)C12CCN(CCCCc1c[nH]c3ccccc13)CC2,378.095,-2.5776009342079007,0,train,6.422399065792099,-2.231124212529581,-0.3464767216783198,0.3464767216783198
c1ccc2c(N3CCNCC3)cccc2c1,9.215,-0.9644953395550926,1,train,8.035504660444907,-1.3108355826449372,0.34634024308984457,0.34634024308984457
O=C1Nc2ccccc2C12CCN(CCN1CCC(c3ccc(Cl)cc3)CC1)C2,14900.0,-4.173186268412274,0,train,4.826813731587726,-3.826880156945437,-0.3463061114668369,0.3463061114668369
O=C(CCCN1CCC2(CC1)C(=O)NCN2c1ccccc1)c1ccc(F)cc1,17.2,-1.235528446907549,0,train,7.764471553092451,-1.5818095448116365,0.34628109790408756,0.34628109790408756
CC1(c2ccc(F)cc2)NC(=O)N(CC(O)CN2CCN(c3ccc(F)cc3F)CC2)C1=O,9167.0,-3.962227231350085,1,train,5.037772768649916,-3.616185298631896,-0.34604193271818895,0.34604193271818895
COc1cc2c(cc1O)[C@@H]1Cc3sc(CCCCl)cc3CN1CC2,118.7,-2.074450718954591,0,train,6.925549281045409,-2.4204488481149338,0.34599812916034267,0.34599812916034267
O=C(NCCC(F)CN1CCN(c2cccc(Cl)c2Cl)CC1)c1cc2ccccc2s1,2140.0,-3.330413773349191,1,train,5.669586226650809,-2.984447454277578,-0.3459663190716129,0.3459663190716129
COc1ccc(N2CCN(CCCCn3ncc(=O)n(C)c3=O)CC2)c(OC)c1,190.0,-2.278753600952829,0,train,6.721246399047171,-1.9331709950321831,-0.3455826059206457,0.3455826059206457
NC(=O)c1ccc(C(=O)CCCN2CCc3ccccc3C2)cc1,38.010000000000005,-1.5798978696031039,0,train,7.420102130396896,-1.925318279404281,0.34542040980117683,0.34542040980117683
O=C1C2CCCN2C(=O)N1CCCCN1CCN(c2cccc3ccccc23)CC1,2.4,-0.38021124171160603,0,train,8.619788758288394,-0.7252419941458144,0.3450307524342084,0.3450307524342084
Cc1cc2c(OC[C@@H](O)CN3CC[C@@H](c4cc5c(F)cccc5s4)C[C@@H]3C)cccc2[nH]1,0.75,0.12493873660829995,1,train,9.1249387366083,-0.21978484167372378,0.3447235782820237,0.3447235782820237
COc1ccccc1N1CCN(CCCN2C(=O)C[C@H](NC(C)=O)C2=O)CC1,480.0,-2.681241237375587,0,train,6.318758762624412,-2.3367492860414454,-0.3444919513341418,0.3444919513341418
CCS(=O)(=O)c1nc(S(=O)(=O)c2ccc(Cl)cc2)c(N2CCc3ccccc3C2)s1,12200.0,-4.086359830674748,0,train,4.913640169325252,-3.742313655509574,-0.34404617516517444,0.34404617516517444
COc1ccc2cccc(N3CCN(CCCn4ncc(=O)n(C)c4=O)CC3)c2c1,175.0,-2.2430380486862944,1,train,6.756961951313706,-1.8998061037341523,-0.34323194495214215,0.34323194495214215
COc1ccccc1N1CCN(CCCn2ncc(=O)n(C)c2=O)CC1,180.0,-2.255272505103306,1,train,6.7447274948966935,-1.912046360391106,-0.34322614471220003,0.34322614471220003
O=C(CCCCN1CCN(c2ccc(Cl)cc2)CC1)c1nc2ccccc2s1,28.3,-1.4517864355242902,1,train,7.548213564475709,-1.7947198727513167,0.3429334372270265,0.3429334372270265
CCCN(CCCCC1C(=O)CC2(CCCC2)CC1=O)[C@H]1CCc2cccc(OC)c2C1,0.9,0.045757490560675115,0,train,9.045757490560675,-0.2965348112765648,0.3422923018372399,0.3422923018372399
c1ccc(-c2cccc(N3CCNCC3)c2)nc1,14.9,-1.173186268412274,0,train,7.826813731587726,-1.5148450220066925,0.34165875359441844,0.34165875359441844
CCCCCCCCCOc1ccc2[nH]cc(CCNCCCC)c2c1,1550.0,-3.1903316981702914,1,train,5.809668301829708,-2.849178296077144,-0.3411534020931475,0.3411534020931475
O=C1c2cccc3cccc(c23)C(=O)N1CCCCCCN1CCN(c2ccccn2)CC1,172.0,-2.2355284469075487,0,train,6.764471553092451,-1.8944516594683096,-0.3410767874392391,0.3410767874392391
COc1cc(OC)c2c(c1)OC[C@@]1(C)NCC[C@@H]21,1000.0,-3.0,0,train,6.0,-2.6590800467612197,-0.3409199532387803,0.3409199532387803
Cc1cc(OCCCCN2CCN(c3ccc([N+](=O)[O-])cc3)CC2)c2c(C)cc(=O)oc2c1,809.0,-2.9079485216122722,0,train,6.092051478387727,-2.5675844724106103,-0.3403640492016615,0.3403640492016615
O=C1NCc2cc(F)c(OCCCCN3CCN(c4cccc5cccc(F)c45)CC3)cc21,0.118,0.9281179926938746,1,train,9.928117992693874,0.5878446259728645,0.34027336672101016,0.34027336672101016
Cn1c(=O)cnn(CCCCN2CCN(c3ncccc3F)CC2)c1=O,1.2,-0.07918124604762482,1,train,8.920818753952375,-0.41931799318958846,0.3401367471419636,0.3401367471419636
COc1cccc2c3c(oc12)CN(CCCCOc1ccc2c(c1)NC(=O)CC2)CC3,3.151,-0.49844840317399963,0,train,8.501551596826001,-0.8382311083618059,0.33978270518780634,0.33978270518780634
O=[N+]([O-])c1ccc(N2CCN(CCC(O)c3ccccc3)CC2)cc1,5011.87,-3.6999997975545824,0,train,5.300000202445418,-3.360260262689175,-0.3397395348654073,0.3397395348654073
Cc1cccc(C2CN(CCCc3cn(CCCN4CCN(c5nsc6ccccc56)CC4)nn3)CCc3cc(O)c(O)cc32)c1,235.0,-2.3710678622717363,0,train,6.628932137728263,-2.0313333050531686,-0.3397345572185677,0.3397345572185677
COc1cccc2c1O[C@@H](CN1[C@@H]3CC[C@H]1C[C@](O)(c1ccccn1)C3)CO2,46.0,-1.662757831681574,1,train,7.337242168318426,-1.324153453693228,-0.3386043779883461,0.3386043779883461
COc1ccccc1N1CCN(CCCCN2C(=O)c3ccc(N(C)C)cc3C2=O)CC1,0.5,0.3010299956639812,1,train,9.301029995663981,-0.03746926934703612,0.33849926501101735,0.33849926501101735
O=C(CCCN1CCCN(c2ccc(Cl)cn2)CC1)c1ccc(F)cc1,258.02,-2.411653370897312,0,train,6.588346629102688,-2.073173102851077,-0.33848026804623466,0.33848026804623466
Nc1nc(NCCOc2cccc(Cl)c2Cl)nc(NCCc2c[nH]c3ccccc23)n1,1188.0,-3.074816440645175,1,train,5.925183559354825,-2.7374833577971494,-0.33733308284802543,0.33733308284802543
COc1ccccc1N1CCN(Cc2cnn(-c3ccccc3)c2)CC1,6.8,-0.8325089127062363,0,train,8.167491087293763,-1.1697563553044878,0.33724744259825157,0.33724744259825157
[C-]#[N+]c1ccc2[nH]cc(CCCN3CCN(c4nccc(C(F)(F)F)n4)CC3)c2c1,0.2,0.6989700043360187,0,train,9.698970004336019,0.3617396229775409,0.3372303813584778,0.3372303813584778
CCCN(CCC)C1CCc2ccc3occc3c2C1,7.8,-0.8920946026904804,0,train,8.10790539730952,-1.22906270628862,0.33696810359813956,0.33696810359813956
O=C1c2occc2CCN1CCN1CCC(c2noc3ccccc23)CC1,35.7,-1.5526682161121932,1,train,7.447331783887806,-1.2162241041186548,-0.3364441119935384,0.3364441119935384
Cc1ccc2c(N3CCN(CCc4cccc(-n5cccn5)c4)CC3)cccc2n1,0.5012,0.29998893767788765,0,train,9.299988937677888,-0.03554533755867344,0.33553427523656104,0.33553427523656104
C=CCN(CC=C)CCc1c[nH]c2ccc(Br)cc12,10.0,-1.0,0,train,8.0,-1.3350041516722544,0.3350041516722544,0.3350041516722544
O=C(c1ccc(Cl)c(Cl)c1)N1CCC(F)(CNCCOc2ccccc2)CC1,0.01479,1.8300318260031077,1,train,10.830031826003108,1.4950932403705277,0.3349385856325804,0.3349385856325804
O=C(NCCC(O)CN1CCN(c2cccc3ccccc23)CC1)c1cnc2ccccc2c1,9.0,-0.9542425094393249,0,train,8.045757490560675,-1.289072691523996,0.3348301820846713,0.3348301820846713
COc1ccc(OC)c2c1C[C@H]1c3cc4c(cc3CCN1C2)OCCO4,40.59,-1.6084190513172854,1,train,7.391580948682715,-1.9430754413305709,0.3346563900132855,0.3346563900132855
COc1nsnc1N1CCN(C[C@@H](Cc2cccnc2)NC(=O)C2(C)CCCCC2)CC1,3.0,-0.47712125471966244,0,train,8.522878745280337,-0.8116927551229101,0.3345715004032477,0.3345715004032477
COc1ccc2c(c1)c(C1=CCNCC1)cn2S(=O)(=O)c1ccc2cccnc2c1,5036.0,-3.702085721435825,0,train,5.297914278564175,-3.367522162313545,-0.3345635591222802,0.3345635591222802
O=C(CN1CCN(CCCc2c[nH]c3ccc(F)cc23)CC1)N(c1ccccc1)C1CCCCC1,51.9,-1.7151673578484579,0,train,7.284832642151542,-1.3807134553338853,-0.33445390251457274,0.33445390251457274
O=C1Nc2ccccc2C12CCN(CCN1CCC(Oc3ccc(Cl)cc3)CC1)C2,13790.0,-4.139564266175849,0,train,4.860435733824151,-3.805175696416212,-0.3343885697596374,0.3343885697596374
O=C1NCc2ccc(OCCCN3CCN(c4cccc5ccccc45)CC3)c(F)c21,0.128,0.8927900303521317,1,train,9.892790030352131,0.5597945815713664,0.33299544878076526,0.33299544878076526
CCC(Oc1cccc(Cl)c1Cl)c1nc(N)nc(N2CCN(C)CC2)n1,520.0,-2.716003343634799,0,train,6.2839966563652006,-3.0488886726142788,0.33288532897947976,0.33288532897947976
COc1ccccc1N1CCN(CCCCC(=O)N2CCC[C@H]2C(N)=O)CC1,214.0,-2.330413773349191,1,train,6.669586226650809,-1.9980129655842822,-0.33240080776490877,0.33240080776490877
C=CC[C@H]1c2ccccc2CC[C@H]1NCCC,174.0,-2.2405492482826,1,train,6.7594507517174005,-1.9087703445234743,-0.33177890375912567,0.33177890375912567
CSc1ccccc1N1CCN(CCCCCC(=O)N2Cc3ccccc3C2)CC1,1.07,-0.029383777685209667,1,train,8.97061622231479,-0.3610214806553752,0.3316377029701656,0.3316377029701656
COCCC(=O)N[C@H]1CC[C@H](CCN2CCN(c3cccc(Cl)c3Cl)CC2)CC1,6.0,-0.7781512503836436,1,train,8.221848749616356,-1.1096093620178886,0.331458111634245,0.331458111634245
COc1ccc(-c2ccccc2N2CCN(CCCCOc3ccc(Cl)c(F)c3)CC2)cc1,2394.0,-3.379124146070392,0,train,5.620875853929608,-3.0476995876707917,-0.33142455839960006,0.33142455839960006
O=C1NCc2ccc(OCCCN3CCN(c4cccc5c4CCO5)CC3)cc21,1.46,-0.1643528557844371,1,train,8.835647144215564,0.16678627657169495,-0.331139132356132,0.331139132356132
Fc1ccc(-c2cncc(CN3CCN(c4cccc5c4OCCO5)CC3)c2)cc1,0.7943,0.100015437450609,1,train,9.100015437450608,-0.23093585403296613,0.3309512914835751,0.3309512914835751
COc1cc(N2CCN(C3CCN(c4ccc(F)c5cccnc45)CC3)CC2)c2ncccc2c1,0.4,0.3979400086720376,1,train,9.397940008672037,0.06702702873447915,0.33091297993755847,0.33091297993755847
CSc1ccccc1N1CCN(CCCCCC(=O)NCc2ccc(C#N)cc2)CC1,94.0,-1.9731278535996986,1,train,7.026872146400302,-1.642597910292556,-0.33052994330714225,0.33052994330714225
COc1cccc2c1CC(N(CCCc1c[nH]c3ccc(F)cc13)CC1CC1)CO2,1.68,-0.22530928172586284,0,train,8.774690718274137,-0.5558370354988571,0.3305277537729943,0.3305277537729943
COc1ccc(N2CCN(CCCCn3ncc(=O)n(C)c3=O)CC2)c(C#N)c1,215.0,-2.3324384599156054,0,train,6.667561540084394,-2.001914997632969,-0.3305234622826365,0.3305234622826365
COc1cccc(OC)c1-c1cccc2c1CC[C@H](N(C)C)C2,1420.0,-3.1522883443830563,0,train,5.847711655616944,-2.821808348337223,-0.33047999604583334,0.33047999604583334
CC1(c2ccc(F)cc2)NC(=O)N(CC(O)CN2CCN(c3cccc(Cl)c3Cl)CC2)C1=O,59.0,-1.7708520116421442,1,train,7.229147988357855,-2.101328179088727,0.3304761674465828,0.3304761674465828
COc1cc2ncnc(N3CCC(CN4CCN(c5ccccn5)CC4)C3)c2cc1OC,8.128,-0.909983694939844,1,train,8.090016305060155,-1.240456188354579,0.33047249341473506,0.33047249341473506
O=C1c2ncccc2CCN1CCN1CCN(c2noc3cc(Cl)ccc23)CC1,1039.0,-3.016615547557177,1,train,5.983384452442823,-2.6865465059699183,-0.3300690415872589,0.3300690415872589
O=C(CCCN1C2CCC1CC(c1ccccc1)C2)c1ccc(F)cc1,414.4,-2.6174197467371765,1,train,6.382580253262823,-2.2876212038537527,-0.3297985428834238,0.3297985428834238
COc1ccccc1N1CCN(CCCCN2C(=O)N(C)C(=O)C2(c2ccccc2)c2ccccc2)CC1,0.8,0.09691001300805639,0,train,9.096910013008056,-0.23286569149396175,0.32977570450201804,0.32977570450201804
Cc1ccc2c(N3CCN(CCc4ccc5c(c4)NC(=O)CO5)CC3)ccc(F)c2n1,0.2512,0.5999803649348415,1,train,9.599980364934842,0.27032726203617363,0.3296531028986679,0.3296531028986679
NC(=O)[C@@H]1Cc2ccccc2CN1C(=O)CCCCCN1CCN(c2cccc(Cl)c2Cl)CC1,16.0,-1.2041199826559248,1,train,7.795880017344075,-1.5331233974653165,0.32900341480939166,0.32900341480939166
c1ccc(CC2CCN(CC3COC(c4ccccc4)(c4ccccc4)O3)CC2)cc1,549.54,-2.7399993094019677,0,train,6.260000690598032,-2.411903346335425,-0.3280959630665432,0.3280959630665432
O=C1CCc2ccc(CCCCCN3CCN(c4cccc(Cl)c4Cl)CC3)nc2N1,11.4,-1.0569048513364727,0,train,7.943095148663527,-1.3849796789916926,0.3280748276552199,0.3280748276552199
CCn1cncc1-c1c[nH]c2cccc(F)c12,5623.0,-3.749968083509403,0,train,5.250031916490597,-3.4224956708910987,-0.3274724126183042,0.3274724126183042
Clc1ccc(CCN2CCN(c3ccccc3-c3ccccc3)CC2)cc1Cl,6.3,-0.7993405494535817,0,train,8.200659450546418,-1.1262563321980377,0.326915782744456,0.326915782744456
CCCCCCCOc1ccc2[nH]cc(CCN)c2c1,38.0,-1.5797835966168101,1,train,7.42021640338319,-1.9066731712103486,0.32688957459353873,0.32688957459353873
O=C1c2cnc(Br)cc2CCN1CCN1CCN(c2nsc3ccccc23)CC1,0.1,1.0,1,train,10.0,0.6738822096469105,0.3261177903530895,0.3261177903530895
COc1ccccc1OCCNCC1COC(c2ccccc2)(c2ccccc2)O1,0.6026,0.21997087266266166,1,train,9.219970872662662,-0.10590550815522018,0.3258763808178818,0.3258763808178818
Cn1c(=O)cnn(CCCCN2CCN(c3ccccc3)CC2)c1=O,1.325,-0.12221587827282664,1,train,8.877784121727174,-0.44801001248689265,0.32579413421406606,0.32579413421406606
O=[N+]([O-])c1ccc(-c2cccc(N3CCNCC3)c2)cc1,31.4,-1.4969296480732148,0,train,7.503070351926786,-1.8225546604164726,0.3256250123432578,0.3256250123432578
COc1ccccc1N1CCN(CCCCNC(=O)c2n[nH]c3ccccc23)CC1,4.84,-0.6848453616444125,0,train,8.315154638355587,-1.0104551127201589,0.3256097510757464,0.3256097510757464
CO/N=C(\C)c1ncn2c1COc1c(CCN3CCN(c4cccc5nc(C)ccc45)CC3)cccc1-2,1.585,-0.2000292665537703,0,train,8.79997073344623,0.1254252113616404,-0.3254544779154107,0.3254544779154107
Fc1ccc2[nH]cc(CCCNCCOc3cccc4c3OCCO4)c2c1,0.7,0.1549019599857432,1,train,9.154901959985743,-0.17034749112912567,0.32524945111486886,0.32524945111486886
COc1ccc(S(=O)(=O)NCCCN2CCN(c3ccccc3OC)CC2)cc1,272.0,-2.4345689040341987,0,train,6.565431095965801,-2.109896277497947,-0.32467262653625184,0.32467262653625184
COc1ccc2occ3c2c1[C@H](CN)CC3,860.0,-2.934498451243568,0,train,6.065501548756432,-2.610040803111775,-0.3244576481317929,0.3244576481317929
O=C(NCCCCN1CCN(c2cccc(Cl)c2Cl)CC1)c1cc2ccc1CCc1ccc(cc1)CC2,660.0,-2.8195439355418688,0,train,6.180456064458131,-2.495185025977631,-0.32435890956423785,0.32435890956423785
COc1cc2ncnc(N3CCC(CN4CCN(c5cccc(Cl)c5Cl)CC4)C3)c2cc1OC,10.72,-1.0301947853567512,1,train,7.969805214643249,-1.3543204015542358,0.3241256161974846,0.3241256161974846
CN(C)CCN1C(=O)c2ccccc2/C=C\c2ccccc21,77200.0,-4.887617300335736,0,train,4.112382699664264,-4.563669228722632,-0.32394807161310446,0.32394807161310446
c1ccc(N2CCNCC2)c(COc2ccccc2C2CC2)c1,466.0,-2.66838591669,0,train,6.33161408331,-2.3447550764028593,-0.32363084028714084,0.32363084028714084
COc1ccc2onc(C3CCN(CCN4CCc5cccnc5C4=O)CC3)c2c1,1.83,-0.26245108973042947,1,train,8.73754891026957,-0.5857868534984426,0.3233357637680132,0.3233357637680132
CCN(CC)C(=O)N[C@@H]1C[C@@H]2c3cccc4c3C(=CC4)C[C@H]2N(C)C1,5.4,-0.7323937598229685,1,train,8.267606240177031,-1.0548841929900845,0.322490433167116,0.322490433167116
Cn1c(=O)cnn(CCCN2CCN(c3ccccc3F)CC2)c1=O,250.0,-2.3979400086720375,1,train,6.6020599913279625,-2.0756416362515115,-0.3222983724205255,0.3222983724205255
Fc1ccc2[nH]cc(CCN3CCN(c4ccccc4-c4ccccc4)CC3)c2c1,0.53,0.27572413039921095,1,train,9.275724130399212,-0.046016939421805375,0.32174106982101625,0.32174106982101625
COc1cc(N2CCN(C3CCN(c4cccc5ccc(C)nc45)CC3)CC2)c2ncccc2c1,0.54,0.26760624017703144,1,train,9.267606240177031,-0.054070871933082534,0.3216771121101139,0.3216771121101139
Cc1ccc2c(OCCN3CCC(Cc4cc5c(cc4F)OCC(=O)N5)CC3)cccc2n1,0.5012,0.29998893767788765,0,train,9.299988937677888,-0.02167387931210707,0.32166281698999466,0.32166281698999466
CN1CCC(N2CCc3ccc(NC(=O)c4ccc(F)cc4)cc32)CC1,12.0,-1.0791812460476249,1,train,7.920818753952375,-1.4008013532589478,0.32162010721132295,0.32162010721132295
O=C1COc2ccc(OC3CCN(CCOc4ccnc5ccccc45)CC3)cc2N1,100.0,-2.0,1,train,7.0,-1.6785926339621633,-0.3214073660378367,0.3214073660378367
COc1ccc(CCN(CCCc2ccccc2)CCc2ccc3c(c2)OCO3)cc1OC,821.0,-2.9143431571194407,0,train,6.085656842880559,-2.593207558135735,-0.3211355989837057,0.3211355989837057
CCn1cncc1-c1c[nH]c2ccc(Cl)cc12,9120.0,-3.959994838328416,1,train,5.0400051616715835,-3.6393265677887516,-0.3206682705396644,0.3206682705396644
COc1nsnc1N1CCN(C[C@@H](Cc2ccccc2)N(C)C(=O)c2ccccc2)CC1,9.9,-0.9956351945975499,0,train,8.00436480540245,-1.3158927588413738,0.3202575642438238,0.3202575642438238
O=S(=O)(Nc1ccn(Cc2cccc3ccccc23)n1)c1ccc(Br)s1,4307.0,-3.6341748717626,0,train,5.3658251282374,-3.31414609210087,-0.32002877966173005,0.32002877966173005
COc1ccccc1N1CCN(CC2COC3(CC[S+](O)CC3)O2)CC1,117.49,-2.070000903802345,0,train,6.929999096197655,-1.7500908923368186,-0.3199100114655262,0.3199100114655262
COc1ccc2c(c1)c(C1=CCNCC1)cn2S(=O)(=O)c1cncc2ccccc12,5009.0,-3.699751031689514,0,train,5.300248968310486,-3.3800276563004044,-0.3197233753891098,0.3197233753891098
COc1ccc2[nH]cc(C3CCCN(CCCCn4c(=O)c(-c5ccccc5F)c5n(c4=O)CCCC5)C3)c2c1,236.0,-2.3729120029701067,1,train,6.627087997029893,-2.0534942880185136,-0.3194177149515931,0.3194177149515931
CC(C)(C)Nc1nccc(C2CCCN(CCc3c[nH]c4ccccc34)C2)n1,5.2,-0.7160033436347992,0,train,8.2839966563652,-1.0353475146992854,0.3193441710644862,0.3193441710644862
COc1cc2c(cc1OC)C(=O)N(CCCCN1CCN(c3ccccn3)CC1)CCC2,1.2,-0.07918124604762482,0,train,8.920818753952375,-0.3984460251412205,0.31926477909359574,0.31926477909359574
c1ccc2c(OCCNCCCc3c[nH]c4ccccc34)cccc2c1,16.8,-1.2253092817258628,1,train,7.774690718274137,-0.9069609546567042,-0.3183483270691586,0.3183483270691586
COc1cccc(OC)c1O[C@@H]1CCC(NCC2COc3ccccc3O2)C1O,42.0,-1.6232492903979006,0,train,7.376750709602099,-1.304905543818731,-0.31834374657916964,0.31834374657916964
CN1CCN(c2cc3c(cc2Cl)CCN3C(=O)Nc2ccc(-c3ccncc3)c3ccccc23)CC1,6.9905,-0.844508240048252,0,train,8.155491759951747,-1.1625377933266292,0.31802955327837723,0.31802955327837723
O=C(CCOCCN1CCN(c2cccnc2-c2ccc(F)cc2)CC1)NCc1ccc(C(F)(F)F)cc1,6064.0,-3.782759192623997,1,train,5.217240807376003,-3.465867271079312,-0.31689192154468504,0.31689192154468504
CN1C[C@H](CNC(=O)OCc2ccccc2)C[C@@H]2c3cccc4c3c(cn4C)C[C@H]21,7.65,-0.8836614351536176,0,train,8.116338564846382,-1.2004190835754402,0.31675764842182264,0.31675764842182264
CCCCCCCCC(=O)Oc1ccc2[nH]cc(CCN(C)C)c2c1,9.3,-0.9684829485539351,0,train,8.031517051446064,-1.2850632078105477,0.3165802592566125,0.3165802592566125
CC1(C)NC(=O)N(CC(O)CN2CCN(C(c3ccccc3)c3ccccc3)CC2)C1=O,15150.0,-4.1804126328383235,0,train,4.8195873671616765,-3.8639251363311833,-0.31648749650714114,0.31648749650714114
COc1ccc(Cl)cc1N1CCN(CCCCNc2c(C(C)=O)c(C)nn(C)c2=O)CC1,1.39,-0.14301480025409505,0,train,8.856985199745905,-0.45949395183638275,0.3164791515822878,0.3164791515822878
CCCN1CCc2cccc3c2C1Cc1cccc(OCCCCN2CCN(c4ccccc4OC)CC2)c1-3,58.0,-1.7634279935629373,0,train,7.236572006437063,-1.4470682701043092,-0.31635972345862795,0.31635972345862795
Cc1ncc2c(=O)n(CCN3CCN(c4noc5ccccc45)CC3)ccc2n1,387.0,-2.5877109650189114,1,train,6.412289034981089,-2.271685693393707,-0.31602527162520433,0.31602527162520433
CC1(c2cccc3ccccc23)NC(=O)N(CC(O)CN2CCN(c3ccccc3C#N)CC2)C1=O,1225.0,-3.0881360887005513,0,train,5.911863911299449,-2.7724141358459695,-0.31572195285458227,0.31572195285458227
Fc1cccc(Cl)c1Oc1ncccc1OC1CNC1,64.0,-1.806179973983887,0,train,7.1938200260161125,-1.4905130178492199,-0.3156669561346672,0.3156669561346672
OC(CNCCCCCCN1CC[C@H](c2ccc(F)cc2)[C@@H](COc2ccc3c(c2)OCO3)C1)COc1cccc2ccccc12,156.0,-2.1931245983544616,1,train,6.806875401645538,-1.8775103114867617,-0.3156142868676999,0.3156142868676999
c1ccc(CN2CCN(CCCCCOc3cc(-c4ccccc4)ncn3)CC2)cc1,1032.0,-3.0136796972911926,1,train,5.986320302708807,-2.698101875601353,-0.31557782168983994,0.31557782168983994
COc1ccccc1OCCNCCCc1c[nH]c2ccc(F)cc12,1.3,-0.11394335230683679,1,train,8.886056647693163,-0.42877961855574304,0.3148362662489063,0.3148362662489063
O=C(c1ccc(F)c(Cl)c1)N1CCC(F)(CNCCOc2cc(F)ccn2)CC1,0.05,1.3010299956639813,1,train,10.301029995663981,0.986265823669891,0.31476417199409024,0.31476417199409024
CCCN1CCC(COc2nc3c(I)cccc3c3ncccc23)CC1,5629.0,-3.750431248660202,0,train,5.2495687513397975,-3.4362097323222325,-0.3142215163379696,0.3142215163379696
COc1ccccc1OCCNCC1(F)CCN(C(=O)c2ccc(F)c(Cl)c2)CC1,0.03295,1.4821445810699714,1,train,10.48214458106997,1.1692763040258969,0.3128682770440745,0.3128682770440745
Cc1nn2c(C#N)cccc2c1CN1CCN(c2ccc(Cl)cc2)CC1,4500.0,-3.6532125137753435,0,train,5.346787486224656,-3.3406024162787515,-0.3126100974965924,0.3126100974965924
C=CCN[C@@H]1CCc2cccc(OC)c2[C@@H]1CO,2.0,-0.3010299956639812,0,train,8.698970004336019,-0.613225158223592,0.31219516255961083,0.31219516255961083
COCCOc1cc(Br)cc(CC2CCN(CCc3cc4c(cc3Cl)OCCO4)CC2)c1,546.0,-2.7371926427047373,1,train,6.262807357295262,-2.425335513176313,-0.31185712952842426,0.31185712952842426
COc1cc(N2CCN(C3CCN(c4ccc(F)c5c(OC)cc(C(F)(F)F)nc45)CC3)CC2)c2ncccc2c1,2.0,-0.3010299956639812,0,train,8.698970004336019,-0.612138042334506,0.3111080466705248,0.3111080466705248
O=C1COc2ccc(OCCNCCCOc3cccc4[nH]ccc34)cc2N1,1.585,-0.2000292665537703,0,train,8.79997073344623,-0.5106632506378294,0.31063398408405907,0.31063398408405907
O=C1c2ccccc2S(=O)(=O)N1CCCCCCN1CCN(c2cccc(Cl)c2Cl)CC1,58.0,-1.7634279935629373,1,train,7.236572006437063,-1.4537075368439774,-0.30972045671895976,0.30972045671895976
O=S(=O)(NC1CCN(CCOc2ccc(Cl)cc2)CC1)c1ccccc1,38290.0,-4.583085366347688,1,train,4.416914633652312,-4.273699171512578,-0.30938619483510976,0.30938619483510976
Cn1ncc2c1CCCN(CCN1CCN(c3noc4ccccc34)CC1)C2=O,4.5,-0.6532125137753437,1,train,8.346787486224656,-0.9623811615779435,0.3091686478025998,0.3091686478025998
O=C1CC2(CCCC2)CC(=O)N1CCCN1CCN(c2cc(Cl)ccc2Cl)CC1,400.91,-2.6030468891032403,1,train,6.39695311089676,-2.2940090080673357,-0.3090378810359047,0.3090378810359047
CC1(c2ccc(F)cc2)NC(=O)N(CC(O)CN2CCN(C(=O)c3ccccc3)CC2)C1=O,6216.0,-3.793511005792858,0,train,5.206488994207142,-3.4846045472801936,-0.3089064585126642,0.3089064585126642
COc1cccc2c1O[C@@H](CN1[C@@H]3CC[C@H]1C[C@](O)(c1cccc(C(F)(F)F)c1)C3)CO2,0.33,0.4814860601221125,0,train,9.481486060122112,0.17356233958296716,0.3079237205391453,0.3079237205391453
COc1cc2c(cn1)C(=O)N(CCN1CCN(c3nsc4ccccc34)CC1)CC2,0.08,1.0969100130080565,1,train,10.096910013008056,0.7892270746071962,0.30768293840086025,0.30768293840086025
C[C@](O)(CNC12CC3CC(CC(C3)C1)C2)COc1cccc2[nH]ccc12,868.0,-2.938519725176492,0,train,6.0614802748235075,-2.6313065718975794,-0.30721315327891263,0.30721315327891263
CC(=O)Nc1cccc(N2CCN(CCCCNS(=O)(=O)C3CCCCC3)CC2)c1,40.0,-1.6020599913279623,1,train,7.3979400086720375,-1.2949107686059234,-0.30714922272203915,0.30714922272203915
CC(=O)c1c(OCCCCN2CCOCC2)ccc2c(C)cc(=O)oc12,303.0,-2.481442628502305,0,train,6.518557371497695,-2.1749544487296166,-0.30648817977268816,0.30648817977268816
CSc1ccccc1N1CCN(CCCCn2ncc(=O)n(C)c2=O)CC1,0.46,0.3372421683184259,1,train,9.337242168318426,0.031155894791952625,0.3060862735264733,0.3060862735264733
Cc1ccc2c(OCCN3CCC(Cc4ccc5c(c4)NC(=O)CO5)CC3)ccc(Cl)c2n1,39.81,-1.599992177584098,1,train,7.400007822415902,-1.2940088228966418,-0.3059833546874562,0.3059833546874562
COc1ccccc1N1CCN(CCCNc2c(C(C)=O)c(-c3ccccc3)nn(C)c2=O)CC1,134.5,-2.128722284338427,1,train,6.871277715661574,-1.8227647119008878,-0.30595757243753896,0.30595757243753896
O=C(NC1CC1)c1ccc(F)c2c1CC(N(CCCc1c[nH]c3ccc(F)cc13)C1CCC1)CO2,19.2,-1.2833012287035497,1,train,7.71669877129645,-1.5892569191021733,0.3059556903986236,0.3059556903986236
COc1ncc2c(n1)CCN(CCN1CCN(c3noc4ccccc34)CC1)C2=O,283.0,-2.45178643552429,1,train,6.548213564475709,-2.1461991324739254,-0.30558730305036486,0.30558730305036486
CC(=O)c1c(C)cc2oc(=O)cc(C)c2c1OCCCCN1CCN(c2cnccn2)CC1,4.8,-0.6812412373755872,1,train,8.318758762624412,-0.9863292671563461,0.3050880297807589,0.3050880297807589
CNc1cccc(OCCNCC2(F)CCN(C(=O)c3ccc(F)c(Cl)c3)CC2)n1,0.08,1.0969100130080565,1,train,10.096910013008056,0.7919888611104394,0.30492115189761704,0.30492115189761704
COc1cc2c(cc1N1C[C@@H](C)N(C)[C@@H](C)C1)N(C(=O)Nc1cccc(Cl)c1Cl)CC2,1584.89,-3.1999991251967965,0,train,5.800000874803203,-2.8951284810957945,-0.30487064410100206,0.30487064410100206
CCCN1CC[C@H]2c3c(ccc4ccoc34)CC[C@H]21,3.9,-0.5910646070264992,0,train,8.4089353929735,-0.8953945031869526,0.30432989616045336,0.30432989616045336
Cc1nn(C)c2c1C(=O)N(CCN1CCC(c3noc4ccccc34)CC1)CCC2,0.57,0.24412514432750865,1,train,9.244125144327509,-0.0601745498038714,0.30429969413137997,0.30429969413137997
COc1ccc2sc([C@@H]3CCN(C[C@H](O)COc4cccc5[nH]ccc45)[C@@H](C)C3)cc2c1OC,1.14,-0.05690485133647256,1,train,8.943095148663527,-0.36115478738809026,0.30424993605161776,0.30424993605161776
Fc1cccc(-c2cc(F)ccc2N2CCN(CCCc3c[nH]c4ccc(F)cc34)CC2)c1,62.0,-1.792391689498254,1,train,7.207608310501746,-1.4882692071997112,-0.30412248229854266,0.30412248229854266
Cn1nccc1-c1ccc2c(c1)c(C1CCN(CCN3CCNC3=O)CC1)cn2-c1ccc(F)cc1,5.8,-0.7634279935629372,0,train,8.236572006437063,-1.0674916426602203,0.3040636490972831,0.3040636490972831
CN1CCc2c(sc3ncn(CCN4CCN(c5cccc6cccnc56)CC4)c(=O)c23)C1,0.2,0.6989700043360187,1,train,9.698970004336019,0.39503939349489914,0.3039306108411196,0.3039306108411196
CN(C)CCSc1cccc(-c2ccccc2)n1,16.0,-1.2041199826559248,1,train,7.795880017344075,-1.5078233064699516,0.30370332381402676,0.30370332381402676
O=c1[nH]c2cccc(N3CCN(Cc4cccc(-c5ccccc5)c4)CC3)c2o1,9.3,-0.9684829485539351,1,train,8.031517051446064,-1.2716190860403738,0.30313613748643853,0.30313613748643853
N[C@@H](Cc1c[nH]c2ccc(O)cc12)C(=O)O,1.355,-0.13193929521042452,0,train,8.868060704789576,-0.4348771476514549,0.30293785244103044,0.30293785244103044
c1ccc(OCCNCC2CSC3(CCCCC3)S2)cc1,1.549,-0.19005141775920598,1,train,8.809948582240795,-0.4925064007087485,0.30245498294954265,0.30245498294954265
CC1(c2ccc(F)cc2)NC(=O)N(CC(O)CN2CCN(c3ccccc3F)CC2)C1=O,1646.0,-3.216429830876251,0,train,5.783570169123749,-2.9143091165381305,-0.3021207143381206,0.3021207143381206
COc1ccc2[nH]c(-c3ccccc3)c(CCN(C)C)c2c1,1470.0,-3.167317334748176,0,train,5.8326826652518236,-2.8656952552799315,-0.3016220794682445,0.3016220794682445
COc1cc2c(cc1N1CCN(C)CC1)N(C(=O)c1ccc(-c3cccc(C)n3)c3ccccc13)CC2,12.59,-1.1000257301078626,0,train,7.899974269892137,-1.401568526353596,0.3015427962457333,0.3015427962457333
NC(=O)[C@@H]1CCCN1C(=O)CCCCCN1CCN(c2ccccc2Cl)CC1,232.0,-2.3654879848909,1,train,6.634512015109101,-2.0641916449690125,-0.3012963399218873,0.3012963399218873
CCOc1ccccc1C(=O)NC1CCN(CCOc2cccc(F)c2)CC1,456.0,-2.658964842664435,0,train,6.341035157335565,-2.3577193097405904,-0.3012455329238444,0.3012455329238444
COc1ccccc1-c1cc2c(=O)n(CCN3CCN(c4ccccc4Cl)CC3)c(=O)[nH]c2[nH]1,1030.0,-3.012837224705172,1,train,5.987162775294828,-2.7116667596078194,-0.30117046509735257,0.30117046509735257
Cc1ccc2c3c(ccc2n1)OC[C@H](CN1CC=C(c2c[nH]c4ccccc24)CC1)O3,3.02,-0.48000694295715063,0,train,8.51999305704285,-0.7811655676562288,0.3011586246990782,0.3011586246990782
Nc1nc(NCCCCN2CCN(c3cccc(Cl)c3Cl)CC2)nc(NCCc2c[nH]c3ccccc23)n1,73.0,-1.863322860120456,0,train,7.136677139879544,-1.5626985704251848,-0.3006242896952711,0.3006242896952711
COc1ccccc1N1CCN(CCC(O)c2csc(C)c2)CC1,371.54,-2.570005576761788,1,train,6.429994423238211,-2.269587505002643,-0.30041807175914537,0.30041807175914537
O=C(NCC1CC1)c1ccc(F)c2c1CC(N(CCCc1c[nH]c3ccc(F)cc13)C1CCC1)CO2,160.5,-2.205475036740891,0,train,6.794524963259109,-1.9053071653248768,-0.3001678714160143,0.3001678714160143
Cc1ccc2c3c(ccc2n1)OC[C@H](CN1CCN(c2ccc4cc(C#N)ccc4n2)C[C@H]1C)O3,2.8,-0.4471580313422192,0,train,8.55284196865778,-0.7472891411153733,0.30013110977315405,0.30013110977315405
CC(Nc1nccc(C2CCCN(CCc3c[nH]c4ccccc34)C2)n1)C1CC1,7.4,-0.8692317197309762,0,train,8.130768280269024,-1.169348724077292,0.3001170043463157,0.3001170043463157
COc1ccc(/C=C2\NC(=O)N(CCCN3CCN(c4ccccc4OC)CC3)C2=O)cc1OC1CCCC1,37.0,-1.568201724066995,1,train,7.431798275933005,-1.2684616522146115,-0.2997400718523835,0.2997400718523835
NCCc1c[nH]c2ccc(O)cc12,2.5959090909090907,-0.4142894793425654,0,train,8.585710520657434,-0.7135695541427945,0.29928007480022917,0.29928007480022917
O=C1c2ccc(F)cc2CC1CCN1CCc2ccccc2C1,18.81,-1.2743887955503788,0,train,7.7256112044496215,-1.573016953153118,0.2986281576027392,0.2986281576027392
CCCC(=O)Nc1ccc2c(c1)-c1cccc3c1C(C2)N(CCC)CC3,15.0,-1.1760912590556813,0,train,7.823908740944319,-1.4747087792920843,0.2986175202364032,0.2986175202364032
COc1ccc2[nH]cc(C3CCN(CCCCN4C(=O)CC(c5c[nH]c6ccc(OC)cc56)C4=O)CC3)c2c1,2.3,-0.36172783601759284,1,train,8.638272163982407,-0.6602481981201375,0.2985203621025447,0.2985203621025447
O=C(CCCN1CCC(c2ccccc2)CC1)c1nc2ccccc2s1,85.0,-1.9294189257142926,1,train,7.070581074285707,-1.6309265014915104,-0.29849242422278244,0.29849242422278244
O=c1c2ccccc2ncn1CCCCCN1CCN(c2cccc(Cl)c2)CC1,6.28,-0.7979596437371962,1,train,8.202040356262804,-1.0963746037959299,0.2984149600587337,0.2984149600587337
Oc1nc2cccc(N3CCN(Cc4ccc(O)c(-c5ccccc5)c4)CC3)c2o1,7.6,-0.8808135922807914,0,train,8.119186407719209,-1.1791488584295395,0.29833526614874817,0.29833526614874817
COc1ccccc1N1CCN(CCCCCCNS(=O)(=O)c2ccc3ccccc3c2)CC1,9.62,-0.983175072037813,1,train,8.016824927962187,-1.2811915023779543,0.29801643034014136,0.29801643034014136
NC(=O)c1ccc(F)c2c1CC(N(CCCCc1c[nH]c3ccc(F)cc13)CC1CC1)CO2,2.1,-0.3222192947339193,1,train,8.67778070526608,-0.6201759754067118,0.29795668067279246,0.29795668067279246
COc1ccc(-c2ccccc2N2CCN(CCCCOc3ccc4c(c3)NC(=O)C(C)O4)CC2)cc1,127.0,-2.103803720955957,0,train,6.896196279044043,-1.8059022156724571,-0.2979015052834997,0.2979015052834997
Cc1cc2c(cc1OCCCCN1CCN(c3cccc4cccc(F)c34)CC1)C(=O)NC2,3.61,-0.557507201905658,1,train,8.442492798094342,-0.259606565568564,-0.29790063633709396,0.29790063633709396
CCCCCCCCCOc1ccc2[nH]cc(CCN(C)C)c2c1,575.0,-2.7596678446896306,0,train,6.2403321553103694,-2.461864348964547,-0.2978034957250837,0.2978034957250837
Cc1ccc(Sc2ccccc2N2CCNCC2)c(C)c1,9.5,-0.9777236052888477,0,train,8.022276394711152,-1.2753954659555007,0.2976718606666531,0.2976718606666531
CCNC(=O)Nc1cccc(CC2CCN(CCOc3cccc4nc(C)ccc34)CC2)c1,31.62,-1.4999618655961902,1,train,7.50003813440381,-1.2023024469839585,-0.29765941861223166,0.29765941861223166
Cc1ccc2c(N3CCN(CCc4cccc5c4OCc4c(C)nnn4-5)CC3)cccc2n1,0.07943,1.100015437450609,1,train,10.100015437450608,0.802731128178109,0.29728430927250005,0.29728430927250005
COc1ccccc1N1CCN(CCC(=O)c2cccs2)CC1,10.0,-1.0,0,train,8.0,-1.2968777314563198,0.2968777314563198,0.2968777314563198
O=S(=O)(NC1CCN(CCOc2ccccc2)CC1)c1ccccc1Cl,2058.0,-3.313445370426414,0,train,5.686554629573585,-3.016619916770373,-0.2968254536560413,0.2968254536560413
COc1ccc(N2CCN(CCCCn3ncc(=O)n(C)c3=O)CC2)cc1,414.0,-2.617000341120899,1,train,6.3829996588791005,-2.3207791723979496,-0.29622116872294946,0.29622116872294946
c1ccc(Oc2ccccc2N2CCNCC2)cc1,128.0,-2.1072099696478683,1,train,6.892790030352131,-1.8115298673259514,-0.2956801023219169,0.2956801023219169
Cc1nc2c(o1)C(=O)N(CCN1CCN(c3nsc4ccccc34)CC1)CC2,1.27,-0.10380372095595687,1,train,8.896196279044043,-0.39917505149710564,0.29537133054114884,0.29537133054114884
C[C@H]1C[C@H](c2cc3c(F)cccc3s2)CCN1C[C@H](O)COc1cccc2[nH]ccc12,9.375,-0.9719712763997564,0,train,8.028028723600244,-0.6767229484892477,-0.2952483279105087,0.2952483279105087
O=c1c2ccccc2ncn1CCCN1CCN(c2cccc(Cl)c2)CC1,234.42,-2.369994661608428,1,train,6.630005338391571,-2.0747918146793154,-0.2952028469291128,0.2952028469291128
Fc1ccc(COc2ccc(F)cc2C2CCNCC2)cc1,2210.0,-3.3443922736851106,1,train,5.655607726314889,-3.0493812741764974,-0.2950109995086132,0.2950109995086132
COc1ccccc1N1CCN(CC2COC3(CCNCC3)O2)CC1,158.49,-2.200001865406602,1,train,6.799998134593398,-1.9053597698044245,-0.29464209560217736,0.29464209560217736
COc1ccccc1N1CCN(CCCCNC(=O)c2cc3c4ccc(c3o2)CCc2ccc(cc2)CC4)CC1,190.0,-2.278753600952829,0,train,6.721246399047171,-1.9842814643683022,-0.29447213658452664,0.29447213658452664
O=S(=O)(c1ccccc1)n1cccc1-c1cccc(N2CCNCC2)c1,2473.0,-3.3932241163612975,0,train,5.6067758836387025,-3.0988072721498816,-0.29441684421141545,0.29441684421141545
Cc1ccc2c(N3CCN(CCc4ccc5c(c4)NC(=O)CO5)CC3)ccc(Cl)c2n1,3.981,-0.599992177584098,1,train,8.400007822415901,-0.30619455265790296,-0.293797624926195,0.293797624926195
C=Cc1ccc(N2CCN(Cc3c[nH]c4ncccc34)CC2)cc1,3967.7,-3.598538827476588,0,train,5.401461172523412,-3.3048072203584264,-0.2937316071181617,0.2937316071181617
Cc1nc(N2CCN(CCCCc3c[nH]c4ccc(C#N)cc34)CC2)sc1C(N)=O,12.0,-1.0791812460476249,0,train,7.920818753952375,-0.7856054449120117,-0.2935758011356132,0.2935758011356132
COc1ccccc1N1CCN(CCC(Oc2ccc(C(F)(F)F)cc2)c2ccc(-c3ccccc3)cc2)CC1,5011.87,-3.6999997975545824,1,train,5.300000202445418,-3.407661808098165,-0.29233798945641754,0.29233798945641754
Cc1ccc2c(N3CCN(CCc4cccc(N5CCNC5=O)c4)CC3)cccc2n1,0.3981,0.40000782241590205,0,train,9.400007822415901,0.107675727094963,0.292332095320939,0.292332095320939
CCCCN1C(=O)COc2ccc(CN3CCN(CCOc4cccc5nc(C)ccc45)CC3)cc21,1.259,-0.10002573010786256,0,train,8.899974269892137,-0.39226706318404614,0.2922413330761836,0.2922413330761836
COc1ccc(Cl)cc1N1CCN(CCNc2cc(-c3ccccc3)nn(C)c2=O)CC1,322.1,-2.5079907248196913,1,train,6.492009275180308,-2.2157759960567476,-0.2922147287629442,0.2922147287629442
COc1ccccc1N1CCN(CCCN2C(=O)CCCn3c2nc2c3c(=O)n(C)c(=O)n2C)CC1,167.88,-2.2249989605394522,1,train,6.775001039460548,-1.9328028442004441,-0.29219611633900766,0.29219611633900766
Cc1cccc2c1-c1cccc3c1[C@@H](C2)N(C)CC3,14.4,-1.1583624920952498,0,train,7.84163750790475,-1.4502489102534073,0.2918864181581575,0.2918864181581575
COc1ccccc1N1CCN(CCCN2C(=O)c3cccc4c(N)ccc(c34)C2=O)CC1,116.0,-2.0644579892269186,1,train,6.935542010773082,-1.7738670831550438,-0.29059090607187477,0.29059090607187477
Cc1ccc2c(N3CCN(CCc4cccc(N5CCCNC5=O)c4)CC3)cccc2n1,3.162,-0.4999618655961902,0,train,8.500038134403809,-0.20945586510137137,-0.29050600049481884,0.29050600049481884
Cc1ccc2c(N3CCN(CCc4ccc5c(c4)NC(=O)CO5)CC3C)cccc2n1,0.7943,0.100015437450609,1,train,9.100015437450608,-0.19041474660134156,0.29043018405195054,0.29043018405195054
COc1ccccc1OCCNCC1(F)CCN(C(=O)c2ccc(Cl)c(Cl)c2)CC1,0.3801,0.42010213039689626,1,train,9.420102130396897,0.7104320365318053,-0.2903299061349091,0.2903299061349091
Cc1cc2c(cn1)C(=O)N(CCN1CCN(c3noc4ccccc34)CC1)CC2,2.7,-0.43136376415898736,1,train,8.568636235841012,-0.7210778140373004,0.2897140498783131,0.2897140498783131
O=C(c1cccc(CN2CCN3c4ccccc4OCC3C2)c1)N1CCc2ccccc21,6.5,-0.8129133566428556,0,train,8.187086643357144,-1.1023272504082695,0.28941389376541393,0.28941389376541393
O=C1c2ncccc2CCN1CCN1CCC(c2noc3cccc(F)c23)CC1,4.16,-0.6190933306267428,1,train,8.380906669373257,-0.9080721718780264,0.2889788412512836,0.2889788412512836
COc1cccc2c1CCCC2CCCN1CCN(c2ccccn2)CC1,0.2799999999999999,0.5528419686577809,0,train,9.55284196865778,0.26389097717750826,0.28895099148027265,0.28895099148027265
CCCN1CCc2cccc3c2[C@H]1Cc1ccc2c(c1-3)OC(C)C2,340.0,-2.531478917042255,0,train,6.468521082957745,-2.2427366887994116,-0.28874222824284335,0.28874222824284335
COc1ccccc1N1CCN(CCNc2ccc3cc([N+](=O)[O-])ccc3n2)CC1,14.2,-1.1522883443830565,0,train,7.847711655616943,-1.4409918236548658,0.2887034792718093,0.2887034792718093
CC(=O)c1c(C)cc2oc(=O)cc(C)c2c1OCCCCN1CCN(c2ccc(Cl)cc2)CC1,7.0,-0.8450980400142568,1,train,8.154901959985743,-1.1332522629911528,0.28815422297689597,0.28815422297689597
COc1ccccc1[C@]1(O)C[C@H]2CC[C@@H](C1)N2C[C@H]1COc2cccc(OC)c2O1,39.0,-1.591064607026499,0,train,7.4089353929735005,-1.3029729631189835,-0.2880916439075156,0.2880916439075156
CN1CCN(c2nccc3cc4c(cc23)N(C(=O)c2ccc(C#N)cc2)CC4)CC1,1.0,-0.0,0,train,9.0,-0.28770241220873705,0.28770241220873705,0.28770241220873705
O=C1NCN(c2ccccc2)C12CCN(CCCOc1ccc(F)cc1)CC2,388.77,-2.589692744584642,0,train,6.410307255415358,-2.30205848896568,-0.2876342556189617,0.2876342556189617
Cc1cccc(N2CCN(CCCCOc3ccc4c(n3)NC(=O)CC4)CC2)c1Cl,13.8,-1.1398790864012365,1,train,7.860120913598763,-0.8528518358838653,-0.2870272505173712,0.2870272505173712
COc1ccccc1N1CCN(CCCNC(=O)Nc2ccccc2-c2ccc(-c3ccccc3)cc2)CC1,100.0,-2.0,1,train,7.0,-1.7134051828877457,-0.2865948171122543,0.2865948171122543
COc1ccccc1N1CCN(CC/C(=N\O)c2ccsc2)CC1,6.457,-0.8100307864058395,0,train,8.18996921359416,-1.0965416496323623,0.28651086322652286,0.28651086322652286
COc1ccc2c(C3CCN(CCN4CCc5cccnc5C4=O)CC3)noc2c1,184.0,-2.2648178230095364,1,train,6.735182176990463,-1.9785344782097931,-0.28628334479974327,0.28628334479974327
Cc1cccc(C#N)c1-c1cccc2c1-c1cccc3c1[C@@H](C2)N(C)CC3,142.0,-2.1522883443830563,0,train,6.847711655616944,-1.8660774848168549,-0.2862108595662014,0.2862108595662014
COc1cc(F)ccc1N1CCN(CCC(O)c2csc3ccccc23)CC1,501.19,-2.7000023971422538,1,train,6.299997602857746,-2.41397510213989,-0.2860272950023637,0.2860272950023637
CN(C)S(=O)(=O)c1ccc2c(N3CCN(CCCCN4C(=O)C5CCCN5C4=O)CC3)cccc2c1,98.0,-1.9912260756924949,1,train,7.008773924307505,-1.7052203913519097,-0.28600568434058515,0.28600568434058515
COc1cccc(CCCCN2CCN(c3ccccn3)CC2)c1,23.0,-1.3617278360175928,0,train,7.638272163982407,-1.075810521020323,-0.2859173149972698,0.2859173149972698
COc1cccc(CN2CCN(CCOc3cccc4nc(C)ccc34)CC2)c1,12.59,-1.1000257301078626,0,train,7.899974269892137,-1.3857729302678008,0.28574720015993815,0.28574720015993815
O=C1c2cnc(C(F)(F)F)cc2CCN1CCN1CCN(c2nsc3ccccc23)CC1,1.63,-0.21218760440395779,1,train,8.787812395596042,0.073510538149515,-0.2856981425534727,0.2856981425534727
COc1ccc(NC(=O)N2CCN(c3ccc(F)cc3)CC2)cc1N1CCN(C)CC1,1079.0,-3.0330214446829107,1,train,5.966978555317089,-2.747400694632383,-0.28562075005052767,0.28562075005052767
COc1ccc(CN2CCN(CCOc3cccc4nc(C)ccc34)CC2)cc1[N+](=O)[O-],398.11,-2.60000308662774,0,train,6.399996913372259,-2.3151919754596966,-0.2848111111680436,0.2848111111680436
C=CC(C)c1ccc(O)c2c1C[C@@H]1c3c(cccc3-2)CCN1CCC,626.0,-2.7965743332104296,0,train,6.20342566678957,-2.5127229999469436,-0.283851333263486,0.283851333263486
CCCCCOc1ccc2[nH]cc(CCN)c2c1,42.0,-1.6232492903979006,1,train,7.376750709602099,-1.9066731712103486,0.28342388081244807,0.28342388081244807
Cn1c(=O)cnn(CCCCN2CCN(c3ccccn3)CC2)c1=O,1.1,-0.04139268515822508,1,train,8.958607314841775,-0.3248004742174426,0.2834077890592176,0.2834077890592176
Cc1noc2c1C(=O)N(CCN1CCN(c3noc4ccccc34)CC1)CC2,124.0,-2.093421685162235,1,train,6.906578314837764,-1.810467513300517,-0.2829541718617181,0.2829541718617181
COc1ccc2[nH]cc(C3CCN(CCN4C(=O)CC(c5c[nH]c6ccc(OC)cc56)C4=O)CC3)c2c1,240.0,-2.380211241711606,1,train,6.619788758288394,-2.0983573558399042,-0.2818538858717017,0.2818538858717017
CN(C)C1CCc2c(cccc2-c2ccc(F)cc2)C1,30.0,-1.4771212547196624,0,train,7.522878745280337,-1.7589339650742075,0.28181271035454514,0.28181271035454514
COc1ccc(Cl)cc1N1CCN(CCn2cnc3sc4c(c3c2=O)CCN(C)C4)CC1,3.0,-0.47712125471966244,0,train,8.522878745280337,-0.7589168530370362,0.2817955983173738,0.2817955983173738
COc1ccccc1N1CCN(CCc2cccc(OCCCCCOc3cccc(CCN4CCN(c5ccccc5OC)CC4)c3)c2)CC1,1.7,-0.2304489213782739,0,train,8.769551078621726,-0.5120104430714278,0.28156152169315396,0.28156152169315396
OC(CCN1CCN(c2cnc3ccccc3c2)CC1)c1csc2ccccc12,1000.0,-3.0,0,train,6.0,-2.7184531396338887,-0.2815468603661113,0.2815468603661113
Fc1cccc(OCc2ccccc2)c1C1CCNCC1,364.0,-2.561101383649056,0,train,6.438898616350944,-2.2796673796613196,-0.2814340039877363,0.2814340039877363
Brc1ccccc1OCC1=NCCN1,562.34,-2.749998976558349,0,train,6.250001023441651,-2.4691202640321155,-0.28087871252623353,0.28087871252623353
COc1ccccc1N1CCN(CCCCOc2ccc3c(c2)NC(=O)CO3)CC1,0.65,0.18708664335714442,0,train,9.187086643357144,-0.09335554527053226,0.28044218862767667,0.28044218862767667
O=C1c2ncccc2CCN1CCN1CCC(c2nsc3ccccc23)CC1,1.52,-0.18184358794477254,1,train,8.818156412055227,-0.46181025551184035,0.27996666756706784,0.27996666756706784
Cc1ccc2c(OCCN3CCN(Cc4ccc(C)c([N+](=O)[O-])c4)CC3)cccc2n1,39.81,-1.599992177584098,1,train,7.400007822415902,-1.8796610660756032,0.2796688884915053,0.2796688884915053
COc1ccc(N2CCN(CCC(=O)c3ccccc3)CC2)cc1,5011.87,-3.6999997975545824,0,train,5.300000202445418,-3.4204470228376405,-0.27955277471694195,0.27955277471694195
CCOC(=O)c1sc(N2CCN(CCCc3c[nH]c4ccc(C#N)cc34)CC2)nc1C,0.3,0.5228787452803376,1,train,9.522878745280337,0.24416883716306095,0.2787099081172767,0.2787099081172767
Cc1ccccc1C1CN(CCCc2cn(CCCN3CCN(c4ncccn4)CC3)nn2)CCc2cc(O)c(O)cc21,799.0,-2.902546779313991,0,train,6.097453220686009,-2.624398249991381,-0.27814852932261,0.27814852932261
C=CC[C@H]1Cc2cccc(OC)c2C[C@@H]1NCCC,106.0,-2.0253058652647704,0,train,6.97469413473523,-1.7474658442204514,-0.27784002104431904,0.27784002104431904
Cc1ccc2c(OCCN3CCC(Cc4cccc(NS(=O)(=O)C(C)C)c4)CC3)cccc2n1,2.512,-0.40001963506515853,0,train,8.599980364934842,-0.6777424257048446,0.2777227906396861,0.2777227906396861
COc1cccc2c1CC(NCCCc1c[nH]c3ccc(F)cc13)CO2,70.4,-1.8475726591421122,0,train,7.152427340857888,-1.5703145850450095,-0.27725807409710246,0.27725807409710246
Cn1nc2c(c1C(F)(F)F)C(=O)N(CCN1CCN(c3nsc4ccccc34)CC1)CC2,0.46,0.3372421683184259,0,train,9.337242168318426,0.060157966467364335,0.2770842018510616,0.2770842018510616
Cn1nc(Br)c2c1CCN(CCN1CCN(c3nsc4ccccc34)CC1)C2=O,10.4,-1.0170333392987803,1,train,7.982966660701219,-0.7402045623184427,-0.2768287769803378,0.2768287769803378
O=S(=O)(NC1CCN(CCOc2ccccc2)CC1)c1cccs1,237.0,-2.374748346010104,1,train,6.625251653989896,-2.651552164979496,0.276803818969392,0.276803818969392
c1ccc2c(CCCNCCOc3cccc4[nH]cnc34)c[nH]c2c1,0.87,0.060480747381381476,1,train,9.060480747381382,-0.21621885412596598,0.2766996015073474,0.2766996015073474
OC1c2ccc(F)cc2CC1CCN1CCN(c2ccccn2)CC1,8.0,-0.9030899869919435,0,train,8.096910013008056,-1.1795270326938523,0.27643704570190863,0.27643704570190863
COCCOc1cc(CC2CCN(CCc3cc4c(cc3Cl)OCCO4)CC2)ccc1Br,251.0,-2.399673721481038,1,train,6.600326278518962,-2.1232872124724604,-0.27638650900857753,0.27638650900857753
COc1ccccc1N1CCN(CCCCn2c(=O)oc3ccccc32)CC1,19.22,-1.2837533833325265,1,train,7.7162466166674735,-1.0075277084319152,-0.2762256749006111,0.2762256749006111
CCc1cc(Cl)c(OC)c(N2CCN(C)CC2)c1,4400.0,-3.6434526764861874,1,train,5.356547323513812,-3.367438961523273,-0.27601371496291405,0.27601371496291405
CCc1cc(Cl)c(OC)c(N2CCN(CC(O)CCNC(=O)c3cc4ccccc4o3)CC2)c1,2410.0,-3.3820170425748683,0,train,5.617982957425132,-3.1060923982299875,-0.27592464434488084,0.27592464434488084
Nc1nc(NCCc2c[nH]c3ccccc23)nc(NCCN2CCN(c3ccccc3)CC2)n1,405.0,-2.6074550232146687,1,train,6.392544976785331,-2.331846752231261,-0.2756082709834078,0.2756082709834078
O=c1n(CCCCCCN2CCN(c3nsc4ccccc34)CC2)c2cccc3c2n1CCC3,44.0,-1.6434526764861874,0,train,7.356547323513812,-1.3680073031460651,-0.2754453733401223,0.2754453733401223
Fc1ccc2[nH]cc(CC3CCN(CCOc4cccc5c4OCCO5)CC3)c2c1,168.2,-2.2258259914618934,0,train,6.774174008538107,-1.9505101024442308,-0.2753158890176626,0.2753158890176626
COc1ccc(-c2ccccc2N2CCN(C[C@@H](O)COc3cc(Cl)c4oc(=O)cc(C)c4c3)CC2)cc1,475.0,-2.6766936096248664,0,train,6.323306390375134,-2.4014249036167272,-0.27526870600813913,0.27526870600813913
C=CCOc1c(OC)cc2c3c1-c1cc([N+](=O)[O-])ccc1CC3N(C)CC2,1676.0,-3.2242740142942576,0,train,5.775725985705742,-2.9492052334977426,-0.2750687807965151,0.2750687807965151
COc1cc(Br)c2c3c1C[C@H](N)C[C@@H]3CO2,960.0,-2.9822712330395684,0,train,6.017728766960431,-2.70730987196261,-0.27496136107695834,0.27496136107695834
O=c1[nH]c(SCCCN2CCN(Cc3ccccc3)CC2)nc2c1sc1ccccc12,2306.0,-3.36285930295868,1,train,5.637140697041319,-3.0883357751317275,-0.27452352782695266,0.27452352782695266
O=C(c1ccco1)N1CCC(CCN2CCN(c3nsc4ccccc34)CC2)CC1,0.72,0.14266750356873156,0,train,9.142667503568731,-0.13169092647664185,0.27435843004537336,0.27435843004537336
CCCN(CCC)[C@@H]1Cc2cccc3c2N(CC(=O)N3)C1,304.0,-2.482873583608754,0,train,6.517126416391246,-2.2104030896733238,-0.2724704939354301,0.2724704939354301
CC1CN(c2ccc3cc([N+](=O)[O-])ccc3n2)CCN1CCCCN1C(=O)CCCC1=O,711.0,-2.851869600729766,0,train,6.148130399270234,-2.5797505976061617,-0.2721190031236045,0.2721190031236045
COc1ccc(-c2ccccc2N2CCNCC2)cc1,476.0,-2.677606952720493,0,train,6.3223930472795065,-2.4054953323190347,-0.2721116204014584,0.2721116204014584
CC(=O)c1c(C)cc2oc(=O)cc(C)c2c1OCCCN1CCN(c2ccccc2C#N)CC1,0.3,0.5228787452803376,1,train,9.522878745280337,0.2507927553414542,0.27208598993888344,0.27208598993888344
Cc1ccc(OCc2nc(N)nc(N3CCN(C)CC3)n2)cc1,28510.0,-4.45499721730946,0,train,4.54500278269054,-4.182912370361605,-0.2720848469478545,0.2720848469478545
CCc1cc(Cl)c(OC)c(N2CCNCC2)c1,3560.0,-3.5514499979728753,0,train,5.448550002027124,-3.280176821958057,-0.2712731760148186,0.2712731760148186
CCOC(=O)c1ccccc1N1CCN(CCN2C(=O)CC3(CCCC3)CC2=O)CC1,4.07,-0.60959440922522,0,train,8.39040559077478,-0.8808610985805749,0.2712666893553549,0.2712666893553549
CCCN1CCc2cccc3c2[C@H]1Cc1ccc2c(c1-3)OC(C)(C)C2,630.0,-2.7993405494535817,0,train,6.200659450546418,-2.528487269274893,-0.2708532801786885,0.2708532801786885
COc1ccccc1N1CCN(CCc2ccc3[nH]nnc3c2)CC1,79.43,-1.899984562549391,0,train,7.100015437450609,-1.6292633754304635,-0.27072118711892745,0.27072118711892745
O=C1NCc2ccc(OCCCN3CCN(c4cccc5cccc(F)c45)CC3)c(Cl)c21,0.312,0.5058454059815573,1,train,9.505845405981557,0.23513602725205401,0.27070937872950324,0.27070937872950324
O=C(CCN1CCN(c2ccc(Cl)cc2)CC1)c1cccs1,5011.87,-3.6999997975545824,1,train,5.300000202445418,-3.4295062954997486,-0.2704935020548338,0.2704935020548338
Cn1ncc2c1CCCN(CCN1CCC(c3noc4ccccc34)CC1)C2=O,1.3,-0.11394335230683679,1,train,8.886056647693163,-0.38433051545204294,0.2703871631452062,0.2703871631452062
O=C(CCCCCN1CCN(c2cccnc2-c2ccncc2)CC1)NCc1ccc(F)nc1,961.0,-2.9827233876685453,0,train,6.017276612331455,-2.712706489312096,-0.27001689835644926,0.27001689835644926
O=C1CCc2ccc(OCCCCN3CCN(c4cccc5c4CCCO5)CC3)nc2N1,0.78,0.10790539730951958,1,train,9.10790539730952,-0.16166563910146675,0.26957103641098623,0.26957103641098623
COc1cc2c3c(c1OC)-c1cc(N(C)C)ccc1CC3N(C)CC2,1570.0,-3.1958996524092336,1,train,5.804100347590767,-2.9270955387594517,-0.26880411364978185,0.26880411364978185
O=C(N[C@H]1CC[C@H](CCN2CCN(c3cccc(Cl)c3Cl)CC2)CC1)c1ccnc2ccccc12,184.0,-2.2648178230095364,0,train,6.735182176990463,-1.9962172320200986,-0.2686005909894378,0.2686005909894378
Cc1ccc2c3c(ccc2n1)OC[C@H](CN1CCN(c2ccc4ccccc4n2)CC1)O3,47.3,-1.6748611407378116,1,train,7.325138859262188,-1.4066738002680852,-0.26818734046972637,0.26818734046972637
COc1ccccc1N1CCC(CNCC2COc3ccc(Cl)cc3O2)CC1,3.6,-0.5563025007672873,0,train,8.443697499232712,-0.8244075425542029,0.26810504178691563,0.26810504178691563
O=C(NCCN1CC=C(c2ccccc2)CC1)c1ccc2ccccc2c1,6.1,-0.785329835010767,1,train,8.214670164989233,-1.0532368414674762,0.2679070064567092,0.2679070064567092
O=c1oc2ccccc2n1CCCCCN1CCN(c2ccccc2)CC1,19.22,-1.2837533833325265,1,train,7.7162466166674735,-1.016022017485666,-0.2677313658468603,0.2677313658468603
COc1cccc(OC)c1OCCNCCOc1ccccc1OCc1cccc(Cl)c1,6.607,-0.8200043068083179,0,train,8.179995693191682,-1.0876137308794853,0.2676094240711674,0.2676094240711674
c1ccc(-c2cccc(CN3CCN(c4cccc5c4OCCO5)CC3)c2)cc1,0.91,0.040958607678906384,1,train,9.040958607678906,-0.2265639672205923,0.2675225748994986,0.2675225748994986
O=C1CCc2ccc(OCCCCN3CCN(c4cccc(C(F)(F)F)c4Cl)CC3)nc2N1,0.95,0.022276394711152253,0,train,9.022276394711152,-0.24498317444510634,0.26725956915625854,0.26725956915625854
CC1(C)CC(=O)N(CCN2CCN(c3ccccc3Cl)CC2)C(=O)C1,65.8,-1.8182258936139555,0,train,7.181774106386045,-1.551035975981101,-0.2671899176328547,0.2671899176328547
CN1CCN(c2cccc3ccc(OCC(=O)N4CCN(C(=O)COc5ccc6cccc(N7CCN(C)CC7)c6c5)CC4)cc23)CC1,4.0,-0.6020599913279624,1,train,8.397940008672037,-0.8691014012536185,0.26704140992565606,0.26704140992565606
O=S1(=O)c2cccc3cccc(c23)N1CCCN1CCN(c2ccc(F)cc2)CC1,517.91,-2.7142542966191514,0,train,6.285745703380849,-2.4474225027968983,-0.2668317938222531,0.2668317938222531
c1ccc(N2CCN(CCCc3nc4ccccc4s3)CC2)nc1,5.8,-0.7634279935629372,1,train,8.236572006437063,-1.0301437919417225,0.26671579837878523,0.26671579837878523
c1ccc2c(c1)CC(CN1CCN(c3ccc4c(c3)OCCO4)CC1)C2,540.0,-2.7323937598229686,1,train,6.267606240177031,-2.4659140839846954,-0.26647967583827326,0.26647967583827326
O=C1NCc2ccc3c(c21)CC(N(CCCc1c[nH]c2ccc(F)cc12)C1CCC1)CO3,101.0,-2.0043213737826426,1,train,6.995678626217357,-1.7379065638402125,-0.2664148099424297,0.2664148099424297
CSc1ccccc1OCCN1CCC(NS(=O)(=O)c2cccc(Cl)c2)C1,5.0,-0.6989700043360189,0,train,8.301029995663981,-0.9649392383001717,0.26596923396415284,0.26596923396415284
Fc1ccc2c(CCNCc3cccc(OCC(F)(F)C(F)F)c3)c[nH]c2c1,3936.0,-3.595055089759304,0,train,5.404944910240696,-3.3294628397897146,-0.2655922499695893,0.2655922499695893
Cc1ccc2c3c(ccc2n1)OC[C@H](CN1CCCN(c2ccc4cc(F)ccc4n2)CC1)O3,1.5,-0.17609125905568124,1,train,8.823908740944319,-0.4415300791014737,0.26543882004579245,0.26543882004579245
c1cc(C2CCCN(CCc3cscn3)C2)nc(NC2CC2)n1,780.0,-2.8920946026904804,1,train,6.107905397309519,-2.6270633107576633,-0.26503129193281705,0.26503129193281705
c1ccc(OCCNCC2(c3ccccc3)COCCO2)cc1,269.15,-2.4299943841517067,0,train,6.570005615848293,-2.165127188649985,-0.26486719550172166,0.26486719550172166
Cc1ncc2nccn2c1-c1ccc(Oc2nccc3occc23)cc1C(F)(F)F,6900.0,-3.838849090737255,0,train,5.161150909262744,-3.5741176518763633,-0.2647314388608919,0.2647314388608919
C[C@H]1CN(CC[C@H]2CC[C@H](N3C(=O)CCC3=O)CC2)CCc2ccc(Cl)cc21,93.4,-1.9703468762300933,0,train,7.029653123769907,-1.70593946016536,-0.2644074160647334,0.2644074160647334
CCc1cccc(N2CCN(CC(F)CCNC(=O)c3cc4ccccc4[nH]3)CC2)c1Cl,910.0,-2.9590413923210934,1,train,6.040958607678906,-2.6954236491134083,-0.2636177432076847,0.2636177432076847
O=C(NCCCCN1CCN(c2cccc(Cl)c2Cl)CC1)c1cc2ccccc2s1,360.0,-2.5563025007672873,1,train,6.443697499232712,-2.292772980007266,-0.2635295207600219,0.2635295207600219
Nc1nc(NCCNc2cccc(Cl)c2Cl)nc(NCCc2c[nH]c3ccccc23)n1,23590.0,-4.3727279408855955,1,train,4.6272720591144045,-4.109249914174893,-0.2634780267107031,0.2634780267107031
CC(C)C(=O)NC1CCc2cc(CCN3CCN(c4nsc5ccccc45)CC3)ccc21,1.0,-0.0,1,train,9.0,-0.263442056799391,0.263442056799391,0.263442056799391
COc1cccc(N2CCN(CCCCNC(=O)c3cccc(C)n3)CC2)c1,44.0,-1.6434526764861874,0,train,7.356547323513812,-1.3802618921429084,-0.263190784343279,0.263190784343279
COc1ccc(N2CCN(CCN3C(=O)CC4(CCCC4)CC3=O)CC2)cc1,54.59,-1.7371130943059612,1,train,7.262886905694039,-2.0001569721211654,0.2630438778152042,0.2630438778152042
O=C1CC(CN2CCC(Cc3ccccc3)CC2)Oc2ccccc21,297.0,-2.4727564493172123,0,train,6.527243550682788,-2.209810753682533,-0.2629456956346794,0.2629456956346794
N#Cc1ccc(CNC(=O)CCOCCN2CCN(c3cccnc3-c3ccccc3)CC2)cc1,3842.0,-3.584557360525675,1,train,5.415442639474325,-3.3216294219796048,-0.2629279385460701,0.2629279385460701
CN1CCc2cccc3c2[C@H]1Cc1cccc(-c2c(O)cccc2O)c1-3,139.0,-2.143014800254095,1,train,6.856985199745905,-1.8804057554329965,-0.2626090448210985,0.2626090448210985
O=S(=O)(NCCCCN1CC=C(c2c[nH]c3ccc(Cl)cc23)CC1)c1cccc(Cl)c1,1.7,-0.2304489213782739,1,train,8.769551078621726,-0.49188930188589985,0.26144038050762597,0.26144038050762597
Cc1sc2ncn(CCCCCN3CCN(c4cccc(Cl)c4)CC3)c(=O)c2c1C,3.23,-0.5092025223311029,1,train,8.490797477668897,-0.7706252616247349,0.261422739293632,0.261422739293632
Fc1cccc(Cl)c1Oc1ncccc1N1CCNCC1,3.7,-0.568201724066995,1,train,8.431798275933005,-0.8294616412108844,0.2612599171438894,0.2612599171438894
O=c1sc2ccccc2n1CCCCN1CCN(c2cccc(Cl)c2)CC1,6.13,-0.787460474518415,1,train,8.212539525481585,-1.0486813945766393,0.2612209200582243,0.2612209200582243
CCOc1ccccc1N1CCN(CCCCNC(=O)c2n[nH]c3ccccc23)CC1,6.47,-0.8109042806687004,0,train,8.1890957193313,-1.0717786513860381,0.26087437071733777,0.26087437071733777
O=C(OCCN1CCCC1)N1c2ccccc2Sc2ccccc21,1700.0,-3.230448921378274,0,train,5.769551078621726,-2.969633230463389,-0.2608156909148853,0.2608156909148853
COc1cccc2c1O[C@@H](CN1[C@@H]3CC[C@H]1C[C@](O)(c1ccc4ccccc4c1)C3)CO2,0.81,0.09151498112135022,1,train,9.09151498112135,-0.16925943729333487,0.26077441841468507,0.26077441841468507
FC(F)(F)c1nc2c(N3CCN(CCOc4cccc5[nH]c(=S)[nH]c45)CC3)cccc2[nH]1,2.8,-0.4471580313422192,0,train,8.55284196865778,-0.7078439233149438,0.2606858919727246,0.2606858919727246
O=C(NCCCCCCn1nc2ccccn2c1=O)N1CCN(c2cccc(Cl)c2)CC1,35.0,-1.5440680443502757,0,train,7.455931955649724,-1.804708239896442,0.26064019554616635,0.26064019554616635
COc1ccccc1N1CCN(CCCCNc2nc(N)nc(N)n2)CC1,48.0,-1.6812412373755872,1,train,7.318758762624412,-1.4208576397786914,-0.2603835975968958,0.2603835975968958
Cc1cc2c(OC[C@@H](O)CN3CCC(c4cc5c(F)cccc5s4)CC3)cccc2[nH]1,14.15,-1.150756439860309,0,train,7.849243560139691,-0.8904252967356254,-0.26033114312468353,0.26033114312468353
Cc1ccc(N2CCN(Cc3nc4ccccc4[nH]3)CC2)cc1C,1365.0,-3.1351326513767748,0,train,5.864867348623225,-2.8748763696541926,-0.2602562817225822,0.2602562817225822
O=C(CCCN1C2CCC1CC(O)(c1ccc(Cl)cc1)C2)c1ccc(F)cc1,27.7,-1.4424797690644486,0,train,7.557520230935552,-1.701924762075305,0.25944499301085644,0.25944499301085644
CN(C1CCN(CCOc2ccccc2C(C)(C)C)CC1)S(=O)(=O)c1ccc(F)cc1,9054.0,-3.9568404901592333,0,train,5.043159509840766,-3.6975025708492097,-0.25933791931002315,0.25933791931002315
COc1ccccc1N1CCN(CCC(O)c2ccc3ccccc3c2)CC1,416.87,-2.620000642300068,1,train,6.379999357699932,-2.3607907820397833,-0.2592098602602846,0.2592098602602846
COc1ccccc1N1CCN(CC2COC3(CCSCC3)O2)CC1,9.333,-0.9700212658283659,1,train,8.029978734171634,-1.2288599842771857,0.25883871844881967,0.25883871844881967
CCC(=O)Nc1ccc(OCCCN2CCC(c3noc4cc(F)ccc34)CC2)cc1,76.3,-1.8825245379548805,1,train,7.117475462045119,-1.6237561756677703,-0.2587683622871102,0.2587683622871102
COc1ccc2[nH]cc(CCCN3CCN(c4nc(C)cc(C)n4)CC3)c2c1,0.29,0.5376020021010439,0,train,9.537602002101044,0.27892172955753125,0.25868027254351267,0.25868027254351267
CN1C(=N)N(C)/C(=C/c2c[nH]c3cccc(Br)c23)C1=O,315.0,-2.4983105537896004,1,train,6.501689446210399,-2.7567538826477316,0.25844332885813115,0.25844332885813115
COc1ccn(-c2ccc(N3CCN(CCCc4c[nH]c5ccc(C#N)cc45)CC3)cc2)c(=O)c1,0.61,0.21467016498923297,1,train,9.214670164989233,-0.04376615547652165,0.25843632046575454,0.25843632046575454
Cn1cc(S(=O)(=O)NC2CC3CCC(C2)N3CCOc2cccc(-c3ccccc3)c2)cn1,947.0,-2.9763499790032735,0,train,6.023650020996726,-2.718238985909809,-0.2581109930934642,0.2581109930934642
NC(=O)c1ccc(F)c2c1CC(N(CCCCc1c[nH]c3ccc(F)cc13)C1CCC1)CO2,4.8,-0.6812412373755872,1,train,8.318758762624412,-0.9390335643156291,0.25779232694004195,0.25779232694004195
COc1cc(F)ccc1N1CCN(CCC(=O)c2csc3ccccc23)CC1,501.19,-2.7000023971422538,1,train,6.299997602857746,-2.4423377925170127,-0.2576646046252411,0.2576646046252411
O=C1NCCc2cc(F)c3c(c21)CC(NCCCc1c[nH]c2ccc(F)cc12)CO3,6.0,-0.7781512503836436,0,train,8.221848749616356,-1.0357475129282587,0.2575962625446151,0.2575962625446151
O=C1Cc2ccccc2N1CCCCN1CCN(c2ccccc2)CC1,124.0,-2.093421685162235,1,train,6.906578314837764,-1.8360237631103198,-0.25739792205191536,0.25739792205191536
Fc1ccc2[nH]cc(CCCNCCOc3cccc4ccoc34)c2c1,1.6,-0.2041199826559248,1,train,8.795880017344075,-0.46134509634266385,0.25722511368673906,0.25722511368673906
Cc1ccc2c(N3CCN(CCc4cccc5c4OCc4c(C#N)ncn4-5)CC3)cccc2n1,1.0,-0.0,1,train,9.0,0.2572179108518247,-0.2572179108518247,0.2572179108518247
O=c1c2cnc(C(F)(F)F)cc2ccn1CCN1CCC(c2noc3ccccc23)CC1,4.63,-0.6655809910179531,0,train,8.334419008982048,-0.9225615558519984,0.2569805648340453,0.2569805648340453
O=C(CCCN1CCN(c2ccc(Cl)cn2)CC1)c1ccc(F)cc1,33.94,-1.5307118379816569,1,train,7.469288162018343,-1.787139758941335,0.25642792095967804,0.25642792095967804
CC(=O)c1c(OCCCN2CCN(c3ccccc3Br)CC2)ccc2c(C)cc(=O)oc12,0.5,0.3010299956639812,1,train,9.301029995663981,0.044874812282268396,0.2561551833817128,0.2561551833817128
CCOc1ccccc1CN1CCN(Cc2cc3ccccc3o2)CC1,468.0,-2.670245853074124,0,train,6.329754146925875,-2.9263981942755963,0.2561523412014721,0.2561523412014721
CC(C)N(CCCc1c[nH]c2ccc(F)cc12)C1COc2ccc3c(c2C1)C(=O)NCC3,129.0,-2.110589710299249,1,train,6.889410289700751,-1.8546834517723894,-0.25590625852685944,0.25590625852685944
O=C1Nc2cc(F)ccc2C1CCCCN1CCN(c2cccc(Cl)c2)CC1,6.7,-0.8260748027008264,0,train,8.173925197299173,-1.0819763162760898,0.25590151357526336,0.25590151357526336
O[C@@]1(c2ccc(Cl)cc2)C[C@H]2CC[C@@H](C1)N2Cc1csc2ccccc12,1720.0,-3.2355284469075487,0,train,5.764471553092451,-2.9796787079072926,-0.2558497390002561,0.2558497390002561
Fc1ccc2occ(CCN3CC=C(c4c[nH]c5ccccc45)CC3)c2c1,190.0,-2.278753600952829,1,train,6.721246399047171,-2.0231740012839636,-0.25557959966886523,0.25557959966886523
C=CCc1ccccc1OCC(O)CNCCOCCOCCOCCOCCNC(=O)OC(C)(C)C,24.1,-1.3820170425748683,1,train,7.617982957425132,-1.6375115793440518,0.25549453676918343,0.25549453676918343
CC1CN(c2ccc3cc([N+](=O)[O-])ccc3n2)CCN1CCCCN1C(=O)CC2(CCCC2)CC1=O,776.5,-2.8901414600645774,0,train,6.109858539935423,-2.6348421799512742,-0.25529928011330316,0.25529928011330316
O=c1c(-c2ccccc2Cl)c2n(c(=O)n1CCCCN1CCCC(c3c[nH]c4ccccc34)C1)CCCC2,8.0,-0.9030899869919435,1,train,8.096910013008056,-1.1579749454266974,0.2548849584347538,0.2548849584347538
C=CCOc1cccc2c1-c1cccc3c1[C@@H](C2)N(CCC)CC3,279.0,-2.4456042032735974,1,train,6.554395796726403,-2.191053305357869,-0.2545508979157285,0.2545508979157285
Cc1ccc2c(OCCN3CCC(Cc4ccc5c(c4)NC(=O)CO5)CC3)ccc(F)c2n1,19.95,-1.299942900022767,1,train,7.700057099977233,-1.0459512633269228,-0.2539916366958441,0.2539916366958441
OC1(c2ccc(Cl)cc2)C[C@H]2CC[C@@H](C1)N2CCCCc1nc2ccccc2s1,274.0,-2.437750562820388,0,train,6.562249437179612,-2.183985587475147,-0.2537649753452409,0.2537649753452409
CCCNCc1ccc(Cl)c(-c2ccccc2OC)c1,420.0,-2.6232492903979003,0,train,6.376750709602099,-2.8758131988558056,0.2525639084579052,0.2525639084579052
O=C(OCc1ccccc1)N1Cc2ccc(N3CCN(C4CCCC4)CC3)cc2C1,2135.0,-3.329397879361043,0,train,5.670602120638957,-3.07693850933543,-0.2524593700256128,0.2524593700256128
CN(C)C1CCc2c(cccc2-c2cccc(F)c2)C1,23.0,-1.3617278360175928,0,train,7.638272163982407,-1.6137524279251318,0.252024591907539,0.252024591907539
CN(C)C1CCc2c(cccc2-c2cncc3ccccc23)C1,650.0,-2.8129133566428557,0,train,6.187086643357144,-2.561044870501066,-0.2518684861417899,0.2518684861417899
COc1ccc(OC)c(N2CCN(CCn3cnc4sc5c(c4c3=O)CCN(C)C5)CC2)c1,24.2,-1.3838153659804313,0,train,7.616184634019569,-1.1321658851802079,-0.2516494808002232,0.2516494808002232
CN1CCC(c2c[nH]c3ccc(NC(=O)c4ccc(C#N)cc4)nc23)CC1,31.0,-1.4913616938342726,0,train,7.508638306165727,-1.7427183073812065,0.25135661354693384,0.25135661354693384
O=c1[nH]c(CCCCN2CCN(c3cccc(Cl)c3)CC2)nc2ccsc12,2.1,-0.3222192947339193,1,train,8.67778070526608,-0.5723157433623691,0.2500964486284498,0.2500964486284498
OC1(c2ccc(Cl)cc2)CC2CCC(C1)N2CCCSc1cccc(F)c1,13.0,-1.1139433523068367,0,train,7.886056647693163,-1.3632648743919507,0.24932152208511393,0.24932152208511393
Cc1ccc(Oc2ncccc2C2CCNCC2)c(F)c1,5.5,-0.7403626894942439,0,train,8.259637310505756,-0.9894611307657124,0.24909844127146852,0.24909844127146852
O=C(C1CCCCC1)N(CCN1CCN(c2ccccc2O)CC1)c1ccccn1,0.33,0.4814860601221125,0,train,9.481486060122112,0.23255692373229986,0.24892913638981262,0.24892913638981262
Cc1ccc2c(N3CCN(CCc4ccc5c(c4)NC(=O)CO5)CC3)cccc2n1,0.1759599999999999,0.7545860466951749,1,train,9.754586046695175,0.5057474923786816,0.24883855431649338,0.24883855431649338
Oc1ccc(-c2ccc(CNCCc3c[nH]c4cc(F)ccc34)o2)cc1,202.0,-2.305351369446624,1,train,6.694648630553376,-2.5541451280216547,0.24879375857503083,0.24879375857503083
CN(C)c1cccc(OCCNCC2(F)CCN(C(=O)c3ccc(F)c(Cl)c3)CC2)n1,0.08,1.0969100130080565,1,train,10.096910013008056,0.8483952249497914,0.2485147880582651,0.2485147880582651
Cn1ncc2c1CCCC(CCN1CCN(c3nsc4ccccc34)CC1)C2=O,0.08,1.0969100130080565,1,train,10.096910013008056,0.848479334677415,0.24843067833064147,0.24843067833064147
Cc1cc(C)nc(N2CCN(CCCc3c[nH]c4ccccc34)CC2)n1,4.1,-0.6127838567197355,0,train,8.387216143280265,-0.8611386620580322,0.2483548053382968,0.2483548053382968
NCCc1cccc2c1ccn2S(=O)(=O)c1ccccc1,140.0,-2.146128035678238,0,train,6.853871964321762,-2.3942914202636936,0.2481633845854554,0.2481633845854554
Cc1ccc2c3c(ccc2n1)OC[C@H](CN1CCCN(c2ccc4cc(C#N)ccc4n2)CC1)O3,2.0,-0.3010299956639812,1,train,8.698970004336019,-0.549111114263079,0.24808111859909782,0.24808111859909782
COc1cc(N)c(Cl)cc1C(=O)NC1CCN(CCCOc2ccc(F)cc2)CC1OC,794.33,-2.9000009651534695,0,train,6.0999990348465305,-2.652259581098879,-0.2477413840545899,0.2477413840545899
O=C(NC/C=C/CN1CCN(c2cccc(Cl)c2Cl)CC1)c1cc2ccccc2s1,388.0,-2.5888317255942073,1,train,6.411168274405792,-2.3412233460896434,-0.24760837950456427,0.24760837950456427
O=S(=O)(c1cccc2ncccc12)N1CCC[C@H]1CCN1CCN(c2noc3ccccc23)CC1,179.0,-2.2528530309798933,1,train,6.747146969020107,-2.005252316955005,-0.24760071402488837,0.24760071402488837
Fc1ccc(SCCCN2CCN(c3ncccn3)CC2)cc1,93.1,-1.9689496809813425,1,train,7.031050319018657,-1.7217495264691194,-0.2472001545122231,0.2472001545122231
O=C(NC/C=C/CN1CCN(c2cccc(Cl)c2Cl)CC1)c1ccc(-c2cccc(=O)[nH]2)cc1,29.7,-1.4727564493172123,1,train,7.527243550682788,-1.719763930401944,0.24700748108473158,0.24700748108473158
Fc1ccc2[nH]cc(CCCN3CCN(c4nsc5ccccc45)CC3)c2c1,1.6,-0.2041199826559248,1,train,8.795880017344075,-0.45082340555057554,0.24670342289465075,0.24670342289465075
CC(=O)c1c(OCCCN2CCN(c3cc(C)cc(C)c3)CC2)ccc2c(C)cc(=O)oc12,0.9,0.045757490560675115,1,train,9.045757490560675,-0.2006223482074562,0.2463798387681313,0.2463798387681313
NC1=Nc2cccc(Cl)c2CN1,1701.0,-3.230704313612569,0,train,5.769295686387431,-2.9843248940108293,-0.2463794196017397,0.2463794196017397
O=C1CC2(CCCC2)CC(=O)N1CCN1CCN(c2cccc(Cl)c2Cl)CC1,3.37,-0.5276299008713387,1,train,8.47237009912866,-0.7735831328322763,0.24595323196093766,0.24595323196093766
CCN(CCCc1c[nH]c2ccc(F)cc12)C1COc2ccc3c(c2C1)C(=O)NC3,2.0,-0.3010299956639812,1,train,8.698970004336019,-0.5469119537352605,0.24588195807127927,0.24588195807127927
COc1ccccc1N1CCN(CC2Nc3ccccc3S(=O)(=O)N2)CC1,16.6,-1.2201080880400552,0,train,7.779891911959945,-1.4655407161954213,0.24543262815536604,0.24543262815536604
Cc1ccc2c(OCCN3CCN(CN4C=CC5=CC(=O)CC=C5O4)CC3)cccc2n1,63.1,-1.8000293592441343,1,train,7.199970640755866,-1.5547742123471795,-0.24525514689695482,0.24525514689695482
CC1CCN(CC[C@H]2CCCCN2S(=O)(=O)c2cccc3ccccc23)CC1,1584.89,-3.1999991251967965,0,train,5.800000874803203,-2.9548219528688664,-0.24517717232793013,0.24517717232793013
CC(=O)N[C@H]1CC[C@H](CCN2CCN(c3nsc4ccccc34)CC2)CC1,0.69,0.16115090926274472,0,train,9.161150909262744,-0.08384133771529567,0.24499224697804037,0.24499224697804037
C1=C(c2csc3ccccc23)CC2CCC1N2CCOc1cccc2[nH]ccc12,11.0,-1.0413926851582251,1,train,7.958607314841775,-1.2863329400987369,0.24494025494051175,0.24494025494051175
O=C1c2ccc(Cl)cc2CC1CCN1CCN(c2ccccn2)CC1,31.81,-1.5025636691073634,1,train,7.497436330892636,-1.2577468649466677,-0.24481680416069573,0.24481680416069573
N#Cc1ccc2[nH]cc(CCCN3CCN(c4ccc(-n5ccc6occc6c5=O)cc4)CC3)c2c1,0.1,1.0,1,train,10.0,0.7554814215121951,0.2445185784878049,0.2445185784878049
C[C@H]1CN(c2ccc3cc(F)ccc3c2)CCN1CC[C@@H]1OCCc2cc(C(N)=O)ccc21,307.0,-2.4871383754771865,0,train,6.512861624522813,-2.2427771757818196,-0.24436119969536696,0.24436119969536696
CC1(C)CC(=O)N(CCCCN2CCN(c3ccc4ccccc4n3)CC2)C(=O)C1,11.0,-1.0413926851582251,1,train,7.958607314841775,-1.2857086820944148,0.24431599693618966,0.24431599693618966
Fc1cccc(-c2c(F)cccc2N2CCN(CCCc3c[nH]c4ccc(F)cc34)CC2)c1,18.0,-1.255272505103306,0,train,7.7447274948966935,-1.0111123968170248,-0.2441601082862812,0.2441601082862812
Cc1ccc2c(NCCNc3ccnc4cc(C)ccc34)ccnc2c1,3467.185,-3.5399770151019196,0,train,5.46002298489808,-3.296050624022308,-0.2439263910796119,0.2439263910796119
CCCNC(=O)c1ccc(F)c2c1CC(N(CCCc1c[nH]c3ccc(F)cc13)C1CCC1)CO2,196.0,-2.292256071356476,1,train,6.707743928643524,-2.0484947702550818,-0.24376130110139416,0.24376130110139416
Cc1cccc(S(=O)(=O)NCCN2CC=C(c3c[nH]c4ccc(Cl)cc34)CC2)c1,1.8,-0.25527250510330607,1,train,8.744727494896694,-0.4990137265546377,0.2437412214513317,0.2437412214513317
N#Cc1ccc2[nH]cc(CCCN3CCN(c4ccc(-n5ccc6ccccc6c5=O)cc4)CC3)c2c1,3.6,-0.5563025007672873,1,train,8.443697499232712,-0.31260251521996785,-0.24369998554731942,0.24369998554731942
COc1c(Cl)cccc1N1CCN(CCCCNC(=O)c2cc3ccc2CCc2ccc(cc2)CC3)CC1,22.0,-1.3424226808222062,0,train,7.657577319177793,-1.5857913750235926,0.2433686942013864,0.2433686942013864
COc1ccc(Cl)c(CC2CCN(CCc3ccccc3)CC2)c1,2.27,-0.35602585719312274,0,train,8.643974142806877,-0.5989509059847778,0.24292504879165516,0.24292504879165516
CC(C)c1ccccc1N1CCN(CCCCCC(=O)NCc2ccncc2)CC1,325.0,-2.5118833609788744,1,train,6.488116639021126,-2.2690437139010378,-0.24283964707783667,0.24283964707783667
O=C1NCc2ccc(OCCCCN3CCN(c4cccc5c4COCC5)CC3)cc21,0.279,0.5543957967264024,1,train,9.554395796726402,0.3119837134309395,0.24241208329546288,0.24241208329546288
C=CCc1ccc2c(c1O)-c1cccc3c1[C@@H](C2)N(CCC)CC3,793.0,-2.8992731873176036,0,train,6.100726812682396,-2.657322781575739,-0.2419504057418651,0.2419504057418651
Cc1sc2ncn(CCCCCN3CCN(Cc4ccccc4)CC3)c(=O)c2c1C,211.0,-2.3242824552976926,1,train,6.675717544702307,-2.082350845057839,-0.24193161023985343,0.24193161023985343
O=S(=O)(NCCCCN1CCN(c2cccc(Cl)c2Cl)CC1)c1cccc2cccnc12,112.0,-2.0492180226701815,0,train,6.950781977329818,-1.807324240275111,-0.24189378239506998,0.24189378239506998
O=C(CCCCN1CCN(c2ccccc2)CC1)N1CCN(c2ccccc2)CC1,350.0,-2.5440680443502757,0,train,6.455931955649724,-2.3022061693702773,-0.24186187497999878,0.24186187497999878
COc1cccc2c1CCCC2CN(C)CCc1cccc(F)c1,3.2,-0.505149978319906,0,train,8.494850021680094,-0.7467851935528346,0.24163521523292852,0.24163521523292852
Cc1cccc(Cl)c1Oc1cccc(F)c1OC1CNC1,16.0,-1.2041199826559248,1,train,7.795880017344075,-0.962695886590513,-0.24142409606541182,0.24142409606541182
Oc1ccccc1N1CCN(CCC(O)c2csc3ccccc23)CC1,18.2,-1.2600713879850747,1,train,7.739928612014925,-1.501282966063091,0.2412115780780162,0.2412115780780162
O=C(CCN1CCN(c2ccc(Cl)cc2)CC1)N1CCN(c2ccccc2)CC1,1684.0,-3.226342087163631,1,train,5.773657912836369,-2.985235739822244,-0.24110634734138658,0.24110634734138658
O=C(c1ccc(F)c(Cl)c1)N1CCC(F)(CNCCOc2ccc(F)cn2)CC1,0.25,0.6020599913279624,1,train,9.602059991327963,0.36098740392150475,0.24107258740645765,0.24107258740645765
CN1CCc2cccc3c2C1Cc1ccc(N)cc1-3,269.0,-2.429752280002408,0,train,6.570247719997592,-2.1888014600167462,-0.2409508199856618,0.2409508199856618
Cc1cc(C)nc(N2CCN(CCCc3c[nH]c4ccc(Cl)cc34)CC2)n1,0.71,0.14874165128092473,0,train,9.148741651280925,-0.09212052483871541,0.24086217611964011,0.24086217611964011
O=C(NCCCCN1CCN(c2ccc(F)cc2)CC1)c1n[nH]c2ccccc12,56.6,-1.7528164311882715,0,train,7.247183568811728,-1.9936550042906906,0.24083857310241896,0.24083857310241896
Cc1ccc(C(=O)Nc2ccc3[nH]cc(C4CCN(C)CC4)c3n2)cc1,30.0,-1.4771212547196624,1,train,7.522878745280337,-1.717871785083529,0.24075053036386662,0.24075053036386662
O=C(CCCN1CCN(c2ccccn2)CC1)c1ccc2c(c1)CCC2,5.224,-0.7180031682670175,0,train,8.281996831732982,-0.9587420630418522,0.24073889477483468,0.24073889477483468
Cc1cc(C)cc(C2=CCN(CCNC(=O)c3cnc4ccccc4n3)CC2)c1,1.1,-0.04139268515822508,1,train,8.958607314841775,-0.28164001467587263,0.24024732951764763,0.24024732951764763
CCc1ccc(CC2CCN(CCc3ccc4c(c3)C(=O)CCO4)CC2)cc1OCCOC,19.3,-1.2855573090077739,0,train,7.714442690992226,-1.0455486423253553,-0.24000866668241883,0.24000866668241883
O=S(=O)(NCC1CCN(CCOc2cccc(F)c2)CC1)c1cccs1,841.0,-2.924795995797912,0,train,6.075204004202088,-2.6848510963441083,-0.23994489945380382,0.23994489945380382
O=C(c1ccc(F)c(Cl)c1)N1CCC(F)(CNCCOc2cccc(F)c2)CC1,0.0197999999999999,1.703334809738471,1,train,10.703334809738472,1.4634422335165356,0.2398925762219355,0.2398925762219355
O=S(=O)(c1cccc2ncccc12)N1CC[C@@H]1CCN1CCN(c2cccc3sccc23)CC1,9.0,-0.9542425094393249,0,train,8.045757490560675,-1.1940859945257953,0.23984348508647058,0.23984348508647058
COc1ccccc1N1CCN(CCCCNc2ccc3cc(N)ccc3n2)CC1,0.38,0.42021640338318983,1,train,9.42021640338319,0.18102414244826598,0.2391922609349238,0.2391922609349238
O=C1CC2Cc3ccsc3C2=NN1CCCCCCCN1CCN(Cc2cccc3c2ccn3S(=O)(=O)c2ccccc2)CC1,6620.0,-3.8208579894397,0,train,5.1791420105603,-3.5820651905364427,-0.23879279890325744,0.23879279890325744
COc1ccccc1N1CCN(CCCCCC(=O)N2CCc3ccccc3C2)CC1,40.0,-1.6020599913279623,1,train,7.3979400086720375,-1.3633514233454096,-0.2387085679825529,0.2387085679825529
[2H]c1c([2H])c([2H])c([C@@H]2C[C@@H](N3CCNC(C)(C)C3)c3cc(Cl)ccc32)c([2H])c1[2H],420.0,-2.6232492903979003,0,train,6.376750709602099,-2.384766778982289,-0.2384825114156115,0.2384825114156115
CN1CCc2ccc3[nH]c(=O)c4cccc5c4c3c2[C@H]1C5,373.0,-2.571708831808688,0,train,6.428291168191312,-2.333239892298913,-0.238468939509775,0.238468939509775
Cc1ccc2c(N3CCN(CCc4cccc(NC(=O)C(C)(C)C)c4)CC3)cccc2n1,6.31,-0.8000293592441343,0,train,8.199970640755865,-0.5616033672837087,-0.23842599196042558,0.23842599196042558
Cc1ccc2c(N3CCN(CCc4c(Cl)ccc5c4ccc(=O)n5C)CC3)cccc2n1,3.981,-0.599992177584098,0,train,8.400007822415901,-0.36166722283551134,-0.23832495474858661,0.23832495474858661
Fc1ccc2[nH]cc(CCNC3COc4ccc5ncccc5c4C3)c2c1,10.0,-1.0,0,train,8.0,-1.2379094408465072,0.23790944084650723,0.23790944084650723
O=C(NCCCCN1CCN(c2cccnc2)CC1)c1n[nH]c2ccccc12,405.0,-2.6074550232146687,1,train,6.392544976785331,-2.3697914519476275,-0.23766357126704118,0.23766357126704118
OCC(CN1CCC(Cc2ccccc2)CC1)OC(c1ccccc1)c1ccccc1,416.87,-2.620000642300068,0,train,6.379999357699932,-2.3823469810523066,-0.23765366124776133,0.23765366124776133
N#Cc1ccc(C(=O)CCCN2CCc3ccccc3C2)cc1,295.06,-2.469910338077624,1,train,6.530089661922376,-2.232465779189545,-0.23744455888807936,0.23744455888807936
Fc1ccc(N2CCN(CCCc3c[nH]c4ccc(F)cc34)CC2)c(-c2cccs2)c1,38.0,-1.5797835966168101,1,train,7.42021640338319,-1.3423390654955498,-0.23744453112126007,0.23744453112126007
Cc1nc2c(o1)CCN(CCN1CCC(c3noc4ccccc34)CC1)C2=O,0.84,0.07572071393811836,1,train,9.075720713938118,-0.16138490765816255,0.23710562159628085,0.23710562159628085
O=C(NCCCCN1CCN(c2cccc(C(F)(F)F)c2)CC1)c1n[nH]c2ccccc12,14.0,-1.146128035678238,0,train,7.853871964321762,-1.3831302202773077,0.23700218459906974,0.23700218459906974
Cc1ccc2c(OCCN3CCC(Cc4ccc5c(c4)NC(=O)CO5)CC3)cc(C#N)cc2n1,19.95,-1.299942900022767,1,train,7.700057099977233,-1.0631950287790575,-0.23674787124370944,0.23674787124370944
COc1cccc(C)c1OCCNCCOc1ccccc1OCc1ccccc1,3.981,-0.599992177584098,0,train,8.400007822415901,-0.8364418276216551,0.23644965003755714,0.23644965003755714
O=S(=O)(NCCN1CC=C(c2c[nH]c3ccc(Cl)cc23)CC1)c1cccc(F)c1,1.0,-0.0,1,train,9.0,-0.23625359097631068,0.23625359097631068,0.23625359097631068
Cc1nc(N2CCN(CCCCc3c[nH]c4ccc(F)cc34)CC2)sc1C#N,14.0,-1.146128035678238,0,train,7.853871964321762,-0.9099199891540399,-0.23620804652419802,0.23620804652419802
COCCn1c(C)c(C)c(S(=O)(=O)c2ccc(Cl)cc2)c1N,19890.0,-4.298634783124435,0,train,4.701365216875565,-4.062580424532609,-0.23605435859182666,0.23605435859182666
Cc1c(OCCCCN2CCN(c3cccc4cc(F)ccc34)CC2)ccc2c1C(=O)NC2,17.5,-1.2430380486862944,1,train,7.756961951313706,-1.0076022377358036,-0.23543581095049082,0.23543581095049082
CC1CN(CCN2CCN(c3nsc4ccccc34)CC2)C(=O)c2cnn(C)c21,0.24,0.619788758288394,1,train,9.619788758288394,0.38443150247540564,0.23535725581298833,0.23535725581298833
O=S(=O)(NC1CCN(CCOc2cc(Cl)ccc2Cl)C1)c1ccc(Cl)s1,717.0,-2.8555191556678,1,train,6.1444808443322,-2.6209007370374966,-0.23461841863030353,0.23461841863030353
CSc1ccccc1N1CCN(CCCCC2NC(C3CCCCC3)=NNC2=O)CC1,14.0,-1.146128035678238,0,train,7.853871964321762,-0.9115468662181172,-0.23458116946012075,0.23458116946012075
Cc1ccc2c(N3CCN(CCc4ccc5c(c4)NC(=O)CO5)CC3)cc(F)cc2n1,2.512,-0.40001963506515853,1,train,8.599980364934842,-0.16547155965029692,-0.23454807541486156,0.23454807541486156
COc1ccc(OC)c2c1C[C@H]1c3cc4c(cc3CCN1C2)OCO4,497.43,-2.6967319740211,1,train,6.3032680259789,-2.462235065393581,-0.23449690862751904,0.23449690862751904
O=C(N[C@H]1CCN(Cc2ccc(OC3CCNCC3)c(Br)c2)C1)c1ccc(Cl)c(Cl)c1,38.0,-1.5797835966168101,0,train,7.42021640338319,-1.3454625739299109,-0.23432102268689903,0.23432102268689903
OCCN1CCN(CCCN2c3ccccc3Sc3ccc(C(F)(F)F)cc32)CC1,145.7,-2.16345955176999,0,train,6.83654044823001,-2.3977489911692857,0.23428943939929558,0.23428943939929558
CCC(Oc1cccc(Cl)c1Cl)c1nc(Nc2ccccc2)nc(N2CCN(C)CC2)n1,4584.0,-3.6612446089593336,0,train,5.338755391040666,-3.4270316018020255,-0.23421300715730808,0.23421300715730808
O=c1cc(-c2ccccc2)ncn1CCCCCN1CCN(c2ccccc2)CC1,111.0,-2.0453229787866576,0,train,6.954677021213342,-1.8113895198448002,-0.23393345894185735,0.23393345894185735
O=C1CC2(CCCC2)CC(=O)N1CCN1CCN(c2ccc(Cl)cc2)CC1,599.02,-2.7774413227977166,1,train,6.222558677202283,-2.543544802116128,-0.23389652068158862,0.23389652068158862
O=C1CCCC(=O)N1CCCCN1CCN(c2ccc3cc([N+](=O)[O-])ccc3n2)CC1,10600.0,-4.02530586526477,0,train,4.97469413473523,-3.7914551852409595,-0.23385068002381093,0.23385068002381093
CCc1cc(Cl)c(OC)c(N2CCN(CC(F)CCNC(=O)c3cc4ccccc4o3)CC2)c1,2660.0,-3.424881636631067,0,train,5.575118363368933,-3.1914501900688674,-0.2334314465621996,0.2334314465621996
c1ccc2c(N3CCN(CCCCOc4ccc5c(c4)CNC5)CC3)cccc2c1,0.204,0.6903698325741012,0,train,9.6903698325741,0.4570253251069459,0.23334450746715535,0.23334450746715535
Cc1ccc2c(OCCN3CCC(Cc4cccc(N5CCN(C)CC5)c4)CC3)cccc2n1,1.0,-0.0,1,train,9.0,-0.23328014760762375,0.23328014760762375,0.23328014760762375
CC(=O)Nc1cccc(N2CCN(CC3CCN(S(=O)(=O)CC4CCCCC4)CC3)CC2)c1,10.0,-1.0,0,train,8.0,-1.232877294175424,0.23287729417542402,0.23287729417542402
O=S(=O)(NC1CCN(CCOc2ccccc2Br)CC1)c1ccccc1,2349.0,-3.370883016777606,0,train,5.629116983222394,-3.1382498512129247,-0.2326331655646814,0.2326331655646814
O=C(c1ccc(F)c(Cl)c1)N1CCC(F)(CNCCOc2cccc3cccnc23)CC1,0.10513,0.9782733355862225,0,train,9.978273335586223,0.7456529146070836,0.23262042097913882,0.23262042097913882
Cc1ccccc1-c1cc2c(=O)n(CCN3CCN(c4ccccc4Cl)CC3)c(=O)[nH]c2[nH]1,1450.0,-3.161368002234975,1,train,5.838631997765026,-2.928999264687435,-0.23236873754753962,0.23236873754753962
O=C1COc2cc(CN3CCN(c4ccc(Cl)cc4)CC3)ccc2N1,792.0,-2.8987251815894934,0,train,6.101274818410507,-2.6667128575020924,-0.23201232408740058,0.23201232408740058
Nc1nc(N)nc(NCCCCCCN2CCN(c3cccc(Cl)c3Cl)CC2)n1,4.0,-0.6020599913279624,0,train,8.397940008672037,-0.8337131471611915,0.2316531558332291,0.2316531558332291
O=S(=O)(c1cccc2ncccc12)N1CCC(CCN2CCN(c3cccc(F)c3)CC2)CC1,609.0,-2.784617292632875,1,train,6.215382707367125,-2.553125660047107,-0.23149163258576833,0.23149163258576833
CC(C)c1ncc2c(=O)n(CCN3CCN(c4nsc5ccccc45)CC3)ccc2n1,48.6,-1.6866362692622934,0,train,7.313363730737707,-1.4551868326202728,-0.23144943664202056,0.23144943664202056
Fc1ccc(N2CCN(CCCc3c[nH]c4ccc(F)cc34)CC2)c(-c2ccccc2)c1,20.0,-1.3010299956639813,1,train,7.698970004336019,-1.0697274822855254,-0.23130251337845587,0.23130251337845587
O=C1c2cncnc2CCN1CCN1CCC(c2noc3ccccc23)CC1,60.9,-1.7846172926328754,1,train,7.215382707367125,-1.5534670587288888,-0.2311502339039866,0.2311502339039866
O=C(NCCC(F)CN1CCN(c2cccc(Cl)c2Cl)CC1)c1ccc2c(c1)Cc1ccccc1-2,6000.0,-3.7781512503836434,0,train,5.221848749616356,-3.5470813980218634,-0.23106985236178001,0.23106985236178001
CCCN(CCC)[C@@H]1Cc2cccc3nc(O)n(c23)C1,24.8,-1.3944516808262162,0,train,7.605548319173784,-1.6254707876266759,0.23101910680045967,0.23101910680045967
Cc1ccc2c(N3CCN(CCCc4ccc5c(c4)NC(=O)CO5)CC3)cccc2n1,2.512,-0.40001963506515853,1,train,8.599980364934842,-0.16904300883001214,-0.23097662623514634,0.23097662623514634
COc1ccc(CNC(=O)CCCCCN2CCN(c3ncccc3-c3ccncc3)CC2)cc1,614.0,-2.788168371141168,1,train,6.211831628858832,-2.5573951244880324,-0.23077324665313537,0.23077324665313537
CCCOc1ccc2[nH]cc(CCN)c2c1,88.0,-1.9444826721501687,1,train,7.055517327849831,-1.7137139908040735,-0.2307686813460954,0.2307686813460954
Cn1c(=O)oc2c(N3CCN(Cc4cccc(-c5ccccc5)c4)CC3)cccc21,130.0,-2.113943352306837,0,train,6.886056647693163,-1.8832343545758092,-0.2307089977310277,0.2307089977310277
COc1cccc(-c2ccc3c(c2)CN(Cc2ccccc2)C3)c1,2019.0,-3.305136318943639,0,train,5.694863681056361,-3.0745019989285067,-0.2306343200151324,0.2306343200151324
O=C1c2cc(Cl)c(Cl)cc2CC1CCN1CCN(c2ccccn2)CC1,46.385000000000005,-1.6663775609334917,0,train,7.333622439066509,-1.4359246767209757,-0.23045288421251597,0.23045288421251597
COc1ccccc1NCCNc1nc(N)nc(NCCc2c[nH]c3ccccc23)n1,37040.0,-4.568670978009897,1,train,4.431329021990103,-4.338295745861779,-0.23037523214811806,0.23037523214811806
Cc1ccc2c(OCCN3CCC(Cc4ccc5c(c4)NC(=O)CO5)CC3)cc(F)cc2n1,0.7943,0.100015437450609,1,train,9.100015437450608,-0.13031910321306295,0.23033454066367193,0.23033454066367193
CC(=O)Nc1cccc(N2CCN(CC3CCN(S(=O)(=O)c4ccc(F)cc4)CC3)CC2)c1,13.0,-1.1139433523068367,0,train,7.886056647693163,-1.343795120425331,0.22985176811849417,0.22985176811849417
COc1ccccc1OCCNCCOc1ccccc1OCc1ccccc1,2.512,-0.40001963506515853,0,train,8.599980364934842,-0.6298250356919631,0.22980540062680466,0.22980540062680466
Fc1ccccc1Oc1cccc(F)c1OC1CCCNC1,90.0,-1.954242509439325,1,train,7.045757490560675,-1.7244450860874545,-0.22979742335187048,0.22979742335187048
OC(CCOc1cccc2[nH]ccc12)CNC1CCCCC1,872.0,-2.940516484932567,0,train,6.059483515067432,-2.710906239360676,-0.22961024557189091,0.22961024557189091
O[C@@H]1c2ccc(F)cc2C[C@H]1N1CCC(c2cc(F)cc3c2OCCC3)CC1,4.898,-0.6900187807886953,1,train,8.309981219211306,-0.46069026180409467,-0.2293285189846006,0.2293285189846006
O=C1c2ccccc2S(=O)(=O)N1CCCCCCN1CCN(c2cccc3cccnc23)CC1,4.0,-0.6020599913279624,0,train,8.397940008672037,-0.8313137988245575,0.22925380749659507,0.22925380749659507
CCOc1ccccc1N1CCN(CCCCCCN2c3cccc4cccc(c34)S2(=O)=O)CC1,48.0,-1.6812412373755872,0,train,7.318758762624412,-1.4521864121684884,-0.22905482520709874,0.22905482520709874
O=C1NCN(c2ccccc2)C12CCN(CC1COc3ccccc3O1)CC2,56.64,-1.7531232446817127,0,train,7.246876755318287,-1.5242231478657136,-0.22890009681599932,0.22890009681599932
Cc1cc2c(OC[C@@H](O)CN3CC[C@@H](c4cccc5ccsc45)C[C@@H]3C)cccc2[nH]1,0.91,0.040958607678906384,0,train,9.040958607678906,-0.18787383956821727,0.22883244724712357,0.22883244724712357
Cc1cc2c(OC[C@@H](O)CN3CC[C@@H](c4ccc5ccoc5c4)C[C@@H]3C)cccc2[nH]1,1.05,-0.021189299069938092,1,train,8.978810700930062,-0.24983997510850525,0.22865067603856726,0.22865067603856726
O=S(=O)(c1cncc2ccccc12)N1CCC(CCN2CCN(c3cccc(F)c3)CC2)CC1,370.0,-2.568201724066995,1,train,6.431798275933005,-2.3396867344098125,-0.22851498965718253,0.22851498965718253
CCCc1ccccc1OCC1=NCCN1,79.43,-1.899984562549391,0,train,7.100015437450609,-2.1281269829432405,0.22814242039384958,0.22814242039384958
O=C1COc2ccc(OCC3CCCN(CCOc4cccc5ncccc45)C3)cc2N1,1.585,-0.2000292665537703,0,train,8.79997073344623,-0.4280724354608385,0.22804316890706822,0.22804316890706822
COC(=O)[C@@H]1[C@H]2C[C@H]3c4[nH]c5ccccc5c4CCN3C[C@@H]2CC[C@@H]1O,50.12,-1.7000110623221123,0,train,7.299988937677888,-1.9278414844458411,0.22783042212372884,0.22783042212372884
O=C1Cc2ccccc2N1CC#CCN1CCN(c2cccc3ccccc23)CC1,26.0,-1.414973347970818,0,train,7.585026652029182,-1.6427338074652476,0.22776045949442958,0.22776045949442958
C[C@H]1CN(CC[C@H]2CC[C@H](N3C(=O)[C@H]4CCCC[C@H]4C3=O)CC2)CCc2ccc(Cl)cc21,6.6,-0.8195439355418687,0,train,8.18045606445813,-1.0471567464021139,0.2276128108602452,0.2276128108602452
Fc1ccc2[nH]cc(CCCNCCOc3cccc4[nH]ccc34)c2c1,1.5,-0.17609125905568124,1,train,8.823908740944319,-0.403673523095377,0.2275822640396958,0.2275822640396958
CN1CCN(c2nc(N)nc(Cc3c[nH]c4ccccc34)n2)CC1,9450.0,-3.975431808509263,0,train,5.0245681914907365,-3.7481450808168644,-0.22728672769239866,0.22728672769239866
N#Cc1ccc2[nH]cc(CCCCCN3CCN(c4ccc(-n5ccccc5=O)cc4)CC3)c2c1,4.1,-0.6127838567197355,1,train,8.387216143280265,-0.3858521922213096,-0.22693166449842583,0.22693166449842583
O=C(N[C@H]1CC[C@H](CCN2CCN(c3nsc4ccccc34)CC2)CC1)C(F)(F)F,1.1,-0.04139268515822508,0,train,8.958607314841775,-0.2681452569903778,0.22675257183215278,0.22675257183215278
COc1cc2ncnc(N3CCC(CN4CCN(c5ncccn5)CC4)C3)c2cc1OC,251.19,-2.400002345927956,1,train,6.599997654072045,-2.173717063041398,-0.22628528288655803,0.22628528288655803
COc1cccc(N2CCN(CCCCCCOc3ccccc3C(N)=O)CC2)c1,3.0,-0.47712125471966244,1,train,8.522878745280337,-0.7033326064603779,0.2262113517407155,0.2262113517407155
CCC(Oc1cc(Cl)cc(Cl)c1)c1nc(Nc2ccccc2)nc(N2CCN(C)CC2)n1,19170.0,-4.282622112878062,0,train,4.717377887121938,-4.056578127162773,-0.2260439857152896,0.2260439857152896
CCC(=O)Nc1ccc2[nH]cc(C3CCN(C)CC3)c2n1,1000.0,-3.0,1,train,6.0,-2.775189799762442,-0.22481020023755782,0.22481020023755782
Cc1ccc(S(=O)(=O)c2nc(N3CCc4ccccc4C3)sc2Cl)cc1,4592.0,-3.662001879389917,0,train,5.337998120610083,-3.4374138431395886,-0.2245880362503283,0.2245880362503283
CN1CCN2c3ncccc3Cc3ccccc3C2C1,18.0,-1.255272505103306,0,train,7.7447274948966935,-1.4798358424262492,0.2245633373229432,0.2245633373229432
COc1ccccc1N1CCN(CCCCCN2C(=O)c3ccc(N(C)C)cc3C2=O)CC1,7.8,-0.8920946026904804,1,train,8.10790539730952,-0.6680347025245017,-0.22405990016597865,0.22405990016597865
Cc1cc2c(cn1)C(=O)N(CCN1CCN(c3noc4ccccc34)CC1)CC21CC1,8.62,-0.9355072658247128,1,train,8.064492734175287,-1.159392056709479,0.22388479088476632,0.22388479088476632
Cc1ccc(N2CCN(CCCCc3ccc(F)cc3)CC2)nc1,92.665,-1.966915730076337,0,train,7.033084269923663,-1.7431844403130885,-0.2237312897632484,0.2237312897632484
CN1CCC(c2c[nH]c3ccc(NC(=O)C4CCC4)nc23)CC1,2000.0,-3.3010299956639813,1,train,5.698970004336019,-3.077326853869756,-0.22370314179422524,0.22370314179422524
O=C1Cc2ccccc2N1Cc1ccc(CN2CCN(c3cccc4ccccc34)CC2)cc1,181.0,-2.2576785748691846,0,train,6.7423214251308154,-2.034001023960753,-0.2236775509084321,0.2236775509084321
CCCN1CCc2cccc3c2C1Cc1ccc(NS(C)(=O)=O)cc1-3,23.0,-1.3617278360175928,0,train,7.638272163982407,-1.5849966430840596,0.2232688070664668,0.2232688070664668
CC(=O)c1c(OCCCN2CCN(c3ccc(Cl)cc3)CC2)ccc2c(C)cc(=O)oc12,11.0,-1.0413926851582251,1,train,7.958607314841775,-1.2644586991363087,0.22306601397808357,0.22306601397808357
Cc1c(-c2ccccc2)oc2c(C(=O)NCCCN3CCN(c4ccccc4OCc4no[n+]([O-])c4C(N)=O)CC3)cccc2c1=O,1.2,-0.07918124604762482,0,train,8.920818753952375,-0.3018636815399029,0.2226824354922781,0.2226824354922781
CC(=O)c1c(OCCCN2CCN(c3ccncc3)CC2)ccc2c(C)cc(=O)oc12,556.0,-2.7450747915820575,1,train,6.2549252084179425,-2.523107276653042,-0.22196751492901523,0.22196751492901523
COc1ccccc1N1CCN(CC2(c3ccccc3)COCCO2)CC1,173.78,-2.2399997928868713,0,train,6.760000207113128,-2.018560942942112,-0.22143884994475993,0.22143884994475993
O[C@H](COc1cccc2[nH]ccc12)CN1CCC(c2cc3cc(F)ccc3s2)CC1,29.4,-1.4683473304121573,0,train,7.531652669587842,-1.2469261183196203,-0.22142121209253696,0.22142121209253696
COCCC(=O)N[C@H]1CC[C@H](CCN2CCN(c3cccc(OC)c3F)CC2)CC1,69.9,-1.8444771757456815,1,train,7.1555228242543185,-1.6231866184454924,-0.22129055730018887,0.22129055730018887
O=C(O)COc1cc(CC2CCN(CCc3ccc4c(c3)C(=O)C(O)CO4)CC2)ccc1Br,91.0,-1.9590413923210936,1,train,7.040958607678906,-1.7378906824712714,-0.2211507098498222,0.2211507098498222
O=S(=O)(NCCCCCCN1CCN(c2nsc3ccccc23)CC1)c1ccccc1,8.0,-0.9030899869919435,0,train,8.096910013008056,-1.1241351008925087,0.22104511390056503,0.22104511390056503
O=c1[nH]c(CCCCN2CCN(c3cccc(Cl)c3)CC2)nc2ccccc12,2.96,-0.4712917110589386,1,train,8.528708288941061,-0.6920362569666537,0.22074454590771514,0.22074454590771514
COc1cccc2c1N=C(NCC(F)F)NC2C,53.0,-1.724275869600789,0,train,7.275724130399211,-1.9449439340021792,0.2206680644013903,0.2206680644013903
COc1cccc(N2CCN(CC(O)CN3C(=O)NC(C)(c4ccc(F)cc4)C3=O)CC2)c1,2969.0,-3.472610197596045,0,train,5.527389802403955,-3.251978082582869,-0.22063211501317603,0.22063211501317603
CC(=O)Nc1ncc2[nH]cc(C3CCN(C)CC3)c2n1,780.0,-2.8920946026904804,1,train,6.107905397309519,-2.6714715427110867,-0.2206230599793937,0.2206230599793937
Fc1ccccc1Oc1ccccc1OC1CNC1,22.0,-1.3424226808222062,1,train,7.657577319177793,-1.5629944598115915,0.2205717789893853,0.2205717789893853
O=C(c1ccc(F)c(Cl)c1)N1CCC(F)(CNCCOc2ccccn2)CC1,0.064785,1.1885255368968202,1,train,10.18852553689682,0.9680471045928445,0.22047843230397568,0.22047843230397568
CCCC(=O)Oc1cccc2c1-c1cccc3c1[C@@H](C2)N(CCC)CC3,11.9,-1.0755469613925308,1,train,7.924453038607469,-1.2955502180449094,0.22000325665237863,0.22000325665237863
Cn1ncc2c1CCCN(CCN1CCN(c3nsc4ccccc34)CC1)C2=O,0.22,0.6575773191777937,1,train,9.657577319177793,0.4378836688280838,0.2196936503497099,0.2196936503497099
[C-]#[N+]c1ccc2sc(S(=O)(=O)N[C@H]3CC[C@H](CCN4CCN(c5nsc6ccccc56)CC4)CC3)cc2c1,1.99,-0.29885307640970665,0,train,8.701146923590294,-0.5184194771719084,0.2195664007622018,0.2195664007622018
COc1cc(OC)c2cc([C@@H]3CCN(C[C@H](O)COc4cccc5[nH]c(C)cc45)[C@@H](C)C3)sc2c1,23.15,-1.3645509953539718,0,train,7.635449004646028,-1.1450166972619757,-0.2195342980919961,0.2195342980919961
Cn1c(=O)c2c(nc(NCCCN3CCN(c4ccccc4)CC3)n2C)n(C)c1=O,384.59,-2.5849979876474416,0,train,6.415002012352558,-2.3661160393376806,-0.21888194830976104,0.21888194830976104
CCOC(=O)[C@@H]1CCCN(CCCC(C)(C)S(=O)(=O)c2ccccc2)C1,2400.0,-3.380211241711606,0,train,5.619788758288394,-3.1618801259954954,-0.21833111571611052,0.21833111571611052
C1=C(c2c[nH]c3ncccc23)CCN(CCOc2cccc3[nH]ccc23)C1,10.9,-1.0374264979406236,0,train,7.962573502059376,-1.25565333406084,0.21822683612021643,0.21822683612021643
COCCCNc1nccc(C2CCCN(CCc3c[nH]c4ccccc34)C2)n1,78.3,-1.8937617620579434,0,train,7.106238237942057,-1.6758979539142487,-0.217863808143695,0.217863808143695
CCN(CC)CCc1c[nH]c2cc(F)ccc12,256.0,-2.4082399653118496,0,train,6.59176003468815,-2.1904859222910464,-0.21775404302080315,0.21775404302080315
CNCc1ccccc1-c1csc([C@H](C)Nc2nc(C)nc3cc(OC)c(OC)cc23)c1,390.8,-2.5919545550467356,0,train,6.408045444953265,-2.8096468416868476,0.21769228664011164,0.21769228664011164
COc1ccc2c(CCN3CC=C(c4c[nH]c5ccc(C#N)cc45)CC3)coc2c1,12.7,-1.1038037209559568,1,train,7.896196279044043,-1.3214055373128837,0.21760181635692688,0.21760181635692688
COc1ccccc1CCNc1nc(N)nc(NCCc2c[nH]c3ccccc23)n1,10280.0,-4.011993114659257,0,train,4.988006885340743,-3.794604438293685,-0.2173886763655717,0.2173886763655717
COCCOc1cc(CC2CCN(CCc3ccc4c(c3)C(=O)CCO4)CC2)ccc1Cl,2.81,-0.4487063199050799,1,train,8.55129368009492,-0.6660314347387201,0.21732511483364014,0.21732511483364014
CC1CCN(CCc2ccc(OCCCCN3CCC(c4noc5cc(F)ccc45)CC3)cc2)CC1,4.4,-0.6434526764861874,0,train,8.356547323513812,-0.8605963670058278,0.21714369051964033,0.21714369051964033
O=C(NC1CCc2cc(CCN3CCN(c4nsc5ccccc45)CC3)ccc21)C(F)(F)F,1.0,-0.0,0,train,9.0,-0.2165925245038059,0.2165925245038059,0.2165925245038059
COc1cc2c3c(c1OCC1CC1)-c1cc(NC(C)=O)ccc1CC3N(C)CC2,1540.0,-3.187520720836463,0,train,5.8124792791635365,-2.9710720218575903,-0.21644869897887276,0.21644869897887276
O=C(N[C@H]1CC[C@H](CCN2CCN(c3nsc4ccccc34)CC2)CC1)C1CCCCC1,5.6,-0.7481880270062004,0,train,8.2518119729938,-0.5318017847841776,-0.21638624222202274,0.21638624222202274
COc1ccc2[nH]cc(C3CCCN(CCCCn4c(=O)c(-c5ccc(Cl)cc5)c5ccccn5c4=O)C3)c2c1,257.0,-2.4099331233312946,1,train,6.590066876668706,-2.1936287761363045,-0.21630434719499014,0.21630434719499014
CCCN(CCC)C1CCc2ccc3ccoc3c2C1,6.1,-0.785329835010767,0,train,8.214670164989233,-1.0015186604650754,0.2161888254543084,0.2161888254543084
C1=C(CCN2CCc3ccccc3C2)Cc2ccccc21,1102.74,-3.0424731281466495,0,train,5.95752687185335,-2.826318394864898,-0.21615473328175083,0.21615473328175083
COc1ccccc1N1CCN(CCCCCNS(=O)(=O)c2cccc3c(N(C)C)cccc23)CC1,54.0,-1.7323937598229686,0,train,7.267606240177031,-1.516403017008761,-0.2159907428142076,0.2159907428142076
COc1ccccc1-c1cc(C2CCN(C)C2)ccc1Cl,200.0,-2.3010299956639813,0,train,6.698970004336019,-2.085295885498716,-0.21573411016526522,0.21573411016526522
CCCN1[C@H](C)CN(c2cc3c(cc2OC)CCN3C(=O)c2ccc(-c3cccc(C)n3)c3ccccc23)C[C@@H]1C,79.43,-1.899984562549391,0,train,7.100015437450609,-2.115703605884191,0.2157190433348002,0.2157190433348002
COc1ccccc1N1CCN(CCC(O)c2cc(C)sc2C)CC1,12.02,-1.0799044676667207,1,train,7.92009553233328,-1.295595766099329,0.21569129843260804,0.21569129843260804
O=c1ccc(=O)n(-c2ccccc2)n1CCCN1CCN(c2cccc(Cl)c2)CC1,204.17,-2.30999192878118,0,train,6.69000807121882,-2.09444934891074,-0.21554257987044023,0.21554257987044023
O=S(=O)(c1cccc2ncccc12)N1CCC(CCN2CCN(c3cccc(C(F)(F)F)c3)CC2)CC1,40.0,-1.6020599913279623,0,train,7.3979400086720375,-1.8175584665071964,0.21549847517923393,0.21549847517923393
OC(CCN1CCN(c2ccc(Cl)cc2)CC1)c1ccccc1,794.33,-2.9000009651534695,0,train,6.0999990348465305,-3.1154250287206504,0.21542406356718136,0.21542406356718136
O=c1n(Cc2ccc(CN3CCN(c4cccc(Cl)c4)CC3)cc2)nc2ccccn12,52.0,-1.7160033436347992,0,train,7.2839966563652006,-1.931372700447528,0.21536935681272884,0.21536935681272884
OC(COCc1ccccc1)CN1CCC2(CC1)OCc1c2ccc2ccccc12,2.2,-0.3424226808222063,0,train,8.657577319177793,-0.5575590588794843,0.21513637805727803,0.21513637805727803
Fc1ccc2c(C3CCN(CCOc4cccc5c4OCCO5)CC3)c[nH]c2c1,19.6,-1.2922560713564761,0,train,7.707743928643524,-1.5069196563849478,0.21466358502847194,0.21466358502847194
O=C1NCc2ccc(OCCCCN3CCN(c4cccc5c4CCOC5)CC3)cc21,1.99,-0.29885307640970665,1,train,8.701146923590294,-0.0842737714428645,-0.21457930496684208,0.21457930496684208
COc1ccccc1N1CCN(CCCCNS(=O)(=O)c2ccc(F)cc2)CC1,51.0,-1.7075701760979363,1,train,7.292429823902063,-1.4931697604316025,-0.21440041566633394,0.21440041566633394
O=C(Nc1ccncc1)Nc1ccc(CCN2CCN(c3ccccc3)CC2)cc1,226.8,-2.355643050220869,1,train,6.644356949779131,-2.1413439309701814,-0.21429911925068756,0.21429911925068756
Clc1ccc2[nH]cc(CCN3CCCC(c4ccnc(NC5CC5)n4)C3)c2c1,10.4,-1.0170333392987803,0,train,7.982966660701219,-1.2312830145561453,0.21424967525736482,0.21424967525736482
COCCOc1cccc(CC2CCN(CCc3ccc4c(c3)C(=O)CCO4)CC2)c1,2.41,-0.3820170425748684,1,train,8.61798295742513,-0.5959609464879358,0.21394390391306745,0.21394390391306745
CC1(C)NC(=O)N(CC(O)CN2CCN(c3ccccc3C#N)CC2)C1=O,1155.0,-3.062581984228163,0,train,5.937418015771836,-2.8486410085300564,-0.21394097569810677,0.21394097569810677
CCn1ncc2c1CCN(CCN1CCN(c3nsc4ccccc34)CC1)C2=O,17.4,-1.2405492482825997,1,train,7.7594507517174005,-1.0266611044582246,-0.21388814382437493,0.21388814382437493
COc1ccccc1N1CCN(CC(F)CCNC(=O)c2cc3ccccc3[nH]2)CC1,101.0,-2.0043213737826426,0,train,6.995678626217357,-2.2180818449492015,0.21376047116655927,0.21376047116655927
O=C(c1ccc(Cl)c(Cl)c1)N1CCC(CNCCCc2c[nH]c3ccc(F)cc23)CC1,0.097,1.0132282657337552,0,train,10.013228265733755,0.7996732031518536,0.2135550625819016,0.2135550625819016
O=C(N[C@H]1CC[C@H](CCN2CCN(c3nsc4ccccc34)CC2)CC1)C1CC1,0.92,0.036212172654444715,1,train,9.036212172654444,-0.17723980238034379,0.2134519750347885,0.2134519750347885
Cc1[nH]c2ccc(Cl)cc2c1C1=CCN(CCCNS(=O)(=O)c2ccc3ccccc3c2)CC1,520.0,-2.716003343634799,0,train,6.2839966563652006,-2.502726007143537,-0.21327733649126213,0.21327733649126213
COc1cc(F)ccc1N1CCN(CCC(=O)c2cc(C)sc2C)CC1,12.88,-1.1099158630237933,0,train,7.890084136976206,-1.3231521907196104,0.21323632769581713,0.21323632769581713
Fc1cc(OCCNCCCc2c[nH]c3ccc(F)cc23)c2c(c1)OCCO2,22.4,-1.3502480183341627,0,train,7.649751981665837,-1.137566114422977,-0.2126819039111858,0.2126819039111858
O=C(NC1CCc2ccc(CCN3CCN(c4nsc5ccccc45)CC3)cc21)c1cccnc1,4.5,-0.6532125137753437,1,train,8.346787486224656,-0.8658478531520204,0.21263533937667667,0.21263533937667667
O=C1NC(=S)N/C1=C\c1c[nH]c2ccc(Br)cc12,2753.0,-3.4398062113933303,0,train,5.56019378860667,-3.227416701627493,-0.21238950976583748,0.21238950976583748
O=S(=O)(NC1CCN(CCOc2ccccc2)C1)c1ccc(Cl)s1,65.0,-1.8129133566428555,1,train,7.187086643357144,-2.0252674784312266,0.21235412178837088,0.21235412178837088
O=C(CCOCCN1CCN(c2cccnc2-c2ccccc2)CC1)NCc1ccc(C(F)(F)F)cc1,802.0,-2.9041743682841634,0,train,6.095825631715837,-3.116244713482358,0.21207034519819468,0.21207034519819468
Fc1ccc2cccc(N3CCN(CCCOc4ccc5c(c4)CNC5)CC3)c2c1,0.102,0.9913998282380825,0,train,9.991399828238082,0.7793341029942134,0.21206572524386902,0.21206572524386902
O=C(NCCN1CC=C(c2cccc(C(F)(F)F)n2)CC1)C1CCCOC1,1688.0,-3.2273724422896364,0,train,5.772627557710363,-3.015394655686385,-0.2119777866032515,0.2119777866032515
O=S(=O)(NCCCN1CC=C(c2c[nH]c3ccc(Cl)cc23)CC1)c1cccc(F)c1,10.0,-1.0,1,train,8.0,-0.7880836638014372,-0.21191633619856276,0.21191633619856276
COc1ccccc1N1CCN(CCCCCCN2C(=O)[C@@H]3[C@H]4CC[C@H](C4)[C@@H]3C2=O)CC1,4.0,-0.6020599913279624,0,train,8.397940008672037,-0.8139508258504656,0.21189083452250324,0.21189083452250324
O=C1CCc2ccc(OCCCCN3CCN(c4cccc5cccc(F)c45)CC3)nc2N1,0.77,0.11350927482751812,1,train,9.113509274827518,-0.09788839596248007,0.21139767078999816,0.21139767078999816
c1cnc(N2CCN(CCCCc3nc4ccccc4s3)CC2)nc1,6.6,-0.8195439355418687,0,train,8.18045606445813,-1.030881237817593,0.21133730227572445,0.21133730227572445
O=C1Nc2ccccc2C12CCN(CCN1CCN(c3ccccc3Cl)CC1)C2,1096.0,-3.0398105541483504,0,train,5.96018944585165,-2.8285561937333945,-0.21125436041495593,0.21125436041495593
O=C1c2cnccc2CCN1CCN1CCN(c2nsc3ccccc23)CC1,10.6,-1.0253058652647702,1,train,7.97469413473523,-0.8140709808114447,-0.2112348844533255,0.2112348844533255
O=C1CC2(CCCC2)CC(=O)N1CCN1CCN(c2ccc(Cl)c(Cl)c2)CC1,19.82,-1.2971036501492565,1,train,7.702896349850743,-1.5080132680143004,0.21090961786504403,0.21090961786504403
COc1ccc2oc(C(=O)NCCC(F)CN3CCN(c4ccccc4OC)CC3)cc2c1,73.0,-1.863322860120456,1,train,7.136677139879544,-2.0741086269199847,0.21078576679952876,0.21078576679952876
O[C@H](COc1cccc2[nH]ccc12)CN1C2C=C(c3ccc4ccccc4c3)CC1CC2,173.2,-2.2385478876813276,0,train,6.761452112318672,-2.027921875903402,-0.21062601177792617,0.21062601177792617
O=S(=O)(NCCCN1CC=C(c2c[nH]c3ccc(Cl)cc23)CC1)c1cccc(Cl)c1,11.0,-1.0413926851582251,1,train,7.958607314841775,-0.8309040529449183,-0.21048863221330683,0.21048863221330683
O=C1CC(c2c[nH]c3ccccc23)C(=O)N1CCCCN1CCCC(c2c[nH]c3ccc(F)cc23)C1,183.0,-2.2624510897304293,1,train,6.73754891026957,-2.052068833768412,-0.21038225596201743,0.21038225596201743
COc1ccccc1N1CCN(CCN2CCC3(CCCC3)CC2=O)CC1,2.33,-0.367355921026019,1,train,8.63264407897398,-0.577639922467854,0.210284001441835,0.210284001441835
O=C1CC2(CCCC2)CC(=O)N1CCN1CCN(c2ccc(Cl)cc2Cl)CC1,12.08,-1.082066934285113,1,train,7.917933065714887,-1.2922348846380012,0.21016795035288816,0.21016795035288816
FCCOc1ccccc1CN1CCN(Cc2cc3ccccc3o2)CC1,3251.0,-3.5120169694961265,0,train,5.487983030503873,-3.3020229416321554,-0.20999402786397114,0.20999402786397114
CC(=O)c1c(OCCCCN2CCN(c3ccccc3C(F)(F)F)CC2)ccc2c(C)cc(=O)oc12,11.0,-1.0413926851582251,0,train,7.958607314841775,-0.8314352718151576,-0.2099574133430675,0.2099574133430675
NC(=O)c1ccnc(N2CCN(CCCCc3c[nH]c4ccc(F)cc34)CC2)n1,60.0,-1.7781512503836436,0,train,7.221848749616356,-1.5682779843147248,-0.20987326606891887,0.20987326606891887
Cc1c(C(=O)N2CCc3cc4ccnc(N5CCN(C)CC5)c4cc32)cnn1-c1ccccc1,0.631,0.19997064075586568,0,train,9.199970640755865,-0.009640455696031416,0.20961109645189702,0.20961109645189702
Cc1ccccc1Oc1ncccc1C1CCNCC1,60.0,-1.7781512503836436,1,train,7.221848749616356,-1.5685596363212115,-0.2095916140624321,0.2095916140624321
CCN1[C@H](C)CN(c2cc3c(cc2OC)CCN3C(=O)c2ccc(-c3cccc(C)n3)c3ccccc23)C[C@@H]1C,501.19,-2.7000023971422538,0,train,6.299997602857746,-2.490447691399451,-0.20955470574280266,0.20955470574280266
O=C(CCCN1CCc2ccccc2C1)c1ccc(O)cc1,34.085,-1.532563298334475,1,train,7.467436701665525,-1.7420255188673857,0.20946222053291064,0.20946222053291064
c1ccc(CC2CCN(CC3COc4ccccc4O3)CC2)cc1,17.69,-1.2477278329097232,1,train,7.752272167090277,-1.4570407526351699,0.20931291972544663,0.20931291972544663
CC(C)Oc1ccccc1N1CCN(CCn2cnc3sc4c(c3c2=O)CCN(C)C4)CC1,0.7,0.1549019599857432,0,train,9.154901959985743,-0.054189910791648074,0.20909187077739128,0.20909187077739128
CN(C)CCSc1nc(-c2ccncc2)cs1,90.0,-1.954242509439325,0,train,7.045757490560675,-2.163326786155518,0.20908427671619312,0.20908427671619312
Cc1ccc(S(=O)(=O)NCCCCN2CCN(c3cccc(NC(=O)C4CC4)c3)CC2)cc1,22.0,-1.3424226808222062,1,train,7.657577319177793,-1.551184131888799,0.20876145106659272,0.20876145106659272
COc1ccc2[nH]cc(C3CCN(CCCN4C(=O)CC(c5c[nH]c6ccc(OC)cc56)C4=O)CC3)c2c1,68.7,-1.8369567370595505,1,train,7.16304326294045,-1.6283086262537683,-0.20864811080578205,0.20864811080578205
O=C1c2cc(CCN3CCC(Cc4ccc(Br)c(OCCO)c4)CC3)ccc2OCC1O,5.5,-0.7403626894942439,0,train,8.259637310505756,-0.949006001472596,0.20864331197835206,0.20864331197835206
O=C1Nc2ccc(Cl)c3c2C1(CCCCN1CC=C(c2ccc(Cl)cc2)CC1)CCC3,316.115,-2.499845104073265,0,train,6.500154895926735,-2.291205397807925,-0.20863970626534023,0.20863970626534023
NC(=O)[C@@H]1Cc2ccccc2CN1C(=O)CCCCCCN1CCN(c2noc3ccccc23)CC1,89.0,-1.9493900066449128,0,train,7.050609993355087,-2.1574476844909736,0.20805767784606077,0.20805767784606077
CC(=O)Nc1ccc2[nH]cc(C3CCN(C)CC3)c2n1,620.0,-2.792391689498254,1,train,6.207608310501746,-2.5843860206397027,-0.2080056688585512,0.2080056688585512
Cc1ccc2c(OCCN3CCC(Cc4cccc(N5CCCC5)c4)CC3)cccc2n1,10.0,-1.0,1,train,8.0,-0.7920001434661559,-0.20799985653384412,0.20799985653384412
COc1ccc(-c2ccccc2N2CCN(CCCCCC(=O)NCc3ccccn3)CC2)cc1,35.0,-1.5440680443502757,1,train,7.455931955649724,-1.7520417793344973,0.20797373498422167,0.20797373498422167
COc1ccc2sc(C3CCN(C[C@H](O)COc4cccc5[nH]ccc45)CC3)cc2c1,1.44,-0.15836249209524964,0,train,8.84163750790475,-0.3662080273697914,0.2078455352745418,0.2078455352745418
FC(F)(F)c1ccc(OC(CCN2CCN(c3ccccn3)CC2)c2ccccc2)cc1,1584.89,-3.1999991251967965,0,train,5.800000874803203,-2.992477620165555,-0.20752150503124156,0.20752150503124156
Cc1ccc2c(C3CCN(CCN4CCc5cccnc5C4=O)CC3)noc2c1,73.1,-1.8639173769578605,1,train,7.13608262304214,-1.6564701950668492,-0.20744718189101108,0.20744718189101108
Cc1ccc2c(N3CCN(CCc4cccc(NC(=O)c5cccc(F)c5)c4)CC3)cccc2n1,0.631,0.19997064075586568,0,train,9.199970640755865,-0.0074481809452613314,0.20741882170112694,0.20741882170112694
O=C1NCc2ccc(OCCCN3CCN(c4cccc5cc(F)ccc45)CC3)cc21,1.54,-0.18752072083646307,1,train,8.812479279163536,0.0198035022551821,-0.2073242230916451,0.2073242230916451
OC1(c2ccc(Cl)cc2)CC2CCC(C1)N2CCCSc1ccc(F)cc1,20.0,-1.3010299956639813,0,train,7.698970004336019,-1.5083169576214137,0.20728696195743246,0.20728696195743246
CCCCCCCN1CCC(c2cccc(O)c2)C1,19.0,-1.2787536009528289,1,train,7.721246399047171,-1.4858722729917573,0.20711867203892842,0.20711867203892842
CCCCCCC/C=C/C(=O)CCc1ccc(O)c(OC)c1,13050.0,-4.1156105116743,0,train,4.8843894883257,-3.909061560426586,-0.20654895124771366,0.20654895124771366
O=C(CCN1CCN(c2ccc([N+](=O)[O-])cc2)CC1)c1ccccc1,5011.87,-3.6999997975545824,0,train,5.300000202445418,-3.4935086075972612,-0.2064911899573212,0.2064911899573212
Clc1cccc(N2CCNCC2)c1,42.0,-1.6232492903979006,0,train,7.376750709602099,-1.8295870766224607,0.20633778622456012,0.20633778622456012
CC(=O)c1c(OCCCCN2CCN(c3cccc(Cl)c3Cl)CC2)ccc2c(C)cc(=O)oc12,2.2,-0.3424226808222063,1,train,8.657577319177793,-0.5487373977342532,0.20631471691204695,0.20631471691204695
COc1ccccc1N1CCN(CC2COC3(CCN(Cc4ccccc4)CC3)O2)CC1,14.45,-1.1598678470925667,1,train,7.840132152907433,-1.3660296562270644,0.20616180913449766,0.20616180913449766
O=c1c(-c2ccccc2F)c2n(c(=O)n1CCCCN1CCCC(c3c[nH]c4ccc(F)cc34)C1)CCCC2,28.0,-1.4471580313422192,1,train,7.552841968657781,-1.6531023340371596,0.20594430269494035,0.20594430269494035
COC(=O)Nc1cccc(CCN2CCN(c3cccc4nc(C)ccc34)CC2)c1,0.3981,0.40000782241590205,1,train,9.400007822415901,0.19423397123512245,0.20577385118077954,0.20577385118077954
CCCCC/C=C/C(=O)CCc1ccc(O)c(OC)c1,18020.0,-4.2557547866430445,0,train,4.7442452133569555,-4.05036389794864,-0.2053908886944047,0.2053908886944047
COc1ccc2ccccc2c1N1CCN(CCn2cnc3sc4c(c3c2=O)CCN(C)C4)CC1,11.8,-1.0718820073061255,1,train,7.928117992693874,-0.8665707726718321,-0.20531123463429357,0.20531123463429357
CN(C)CCSc1cccc(Br)n1,37.0,-1.568201724066995,0,train,7.431798275933005,-1.7732137862469508,0.20501206217995582,0.20501206217995582
NC(=O)c1ccc(F)c2c1CC(N(CCCCn1ccc3cccc(F)c31)C1CCC1)CO2,39.95,-1.6015167836500102,1,train,7.39848321634999,-1.396520437149703,-0.20499634650030707,0.20499634650030707
O=C1c2oc(C3CC3)nc2CCN1CCN1CCC(c2noc3ccccc23)CC1,4.11,-0.6138418218760693,1,train,8.386158178123932,-0.8185637650796731,0.20472194320360382,0.20472194320360382
COc1ccc2[nH]cc(C3CCCN(CCCCn4c(=O)c(-c5ccc(Cl)cc5)c5n(c4=O)CCCC5)C3)c2c1,23.0,-1.3617278360175928,1,train,7.638272163982407,-1.5663551353626008,0.204627299345008,0.204627299345008
O=c1cc(-c2ccccc2)ncn1CCCCCN1CCN(Cc2ccccc2)CC1,772.0,-2.887617300335736,0,train,6.1123826996642645,-2.6830730146947706,-0.20454428564096538,0.20454428564096538
O=C1COc2ccc(OCCCCN3CCN(c4cccc(Cl)c4Cl)CC3)cc2N1,1.5,-0.17609125905568124,1,train,8.823908740944319,-0.3803871123455954,0.2042958532899142,0.2042958532899142
NC(=O)[C@@H]1Cc2ccccc2CN1C(=O)CCCCCN1CCN(c2noc3ccccc23)CC1,230.0,-2.361727836017593,0,train,6.638272163982407,-2.1574476844909736,-0.2042801515266195,0.2042801515266195
O=c1[nH]c2cccc(N3CCN(Cc4ccc5ccccc5n4)CC3)c2[nH]1,245.47,-2.389998422607333,1,train,6.6100015773926675,-2.1858579967655554,-0.2041404258417776,0.2041404258417776
c1ccc2oc(SCCCCCCN3CCN(c4nsc5ccccc45)CC3)nc2c1,10.0,-1.0,0,train,8.0,-1.2040242510092494,0.20402425100924937,0.20402425100924937
CCCN1CC(CN2CC=C(c3c[nH]c4ccc(F)cc34)CC2)Oc2c(OC)cccc21,362.8,-2.5596672783880576,0,train,6.440332721611942,-2.35581566364093,-0.20385161474712765,0.20385161474712765
COc1ccccc1N1CCN(CCCNc2cc(-c3ccccc3)nn(C)c2=O)CC1,126.72,-2.1028451642454185,0,train,6.8971548357545815,-1.8993155662254901,-0.20352959801992832,0.20352959801992832
COc1ccccc1N1CCN(CCC(Oc2cccc3ccccc23)c2cccs2)CC1,218.78,-2.340007617996673,0,train,6.6599923820033275,-2.1367622385263,-0.2032453794703728,0.2032453794703728
O=C(CCN1CCN(c2ccc(Cl)cc2)CC1)c1ccc2ccccc2c1,5011.87,-3.6999997975545824,1,train,5.300000202445418,-3.497323702273072,-0.20267609528151054,0.20267609528151054
Cn1ncc2c1CCC(CCN1CCC(c3noc4ccccc34)CC1)C2=O,13.8,-1.1398790864012365,1,train,7.860120913598763,-0.9372919315347877,-0.20258715486644874,0.20258715486644874
COc1ccc(F)cc1OCCNCCCc1c[nH]c2ccc(F)cc12,35.0,-1.5440680443502757,1,train,7.455931955649724,-1.341493816685692,-0.20257422766458366,0.20257422766458366
CCCCCCN1CCc2c([nH]c3ccccc23)C1,79.0,-1.8976270912904414,0,train,7.102372908709558,-2.1001817329203125,0.20255464162987136,0.20255464162987136
CC(C)c1ccccc1OCC(C)N1CCC(NS(=O)(=O)c2ccc(F)cc2)CC1,1169.0,-3.0678145111618402,1,train,5.93218548883816,-2.8652812590791767,-0.20253325208266304,0.20253325208266304
Cc1cc(OCCCCN2CCN(c3ccncc3)CC2)c2c(C)cc(=O)oc2c1,389.0,-2.5899496013257077,1,train,6.410050398674292,-2.388051880623212,-0.20189772070249612,0.20189772070249612
N#Cc1ccc(CNC(=O)CCOCCN2CCN(c3ncccc3-c3ccc(F)cc3)CC2)cc1,2630.0,-3.419955748489758,1,train,5.580044251510242,-3.218128279000088,-0.20182746948967,0.20182746948967
Fc1ccc(-c2n[nH]c3c2CCNCC3)cc1,1866.0,-3.2709116394104814,1,train,5.729088360589518,-3.0690914643281673,-0.2018201750823141,0.2018201750823141
COCCOc1cc(CC2CCN(CCc3ccc4c(c3)C(=O)CC(O)O4)CC2)ccc1Br,33.0,-1.5185139398778875,1,train,7.481486060122112,-1.3168274491483876,-0.20168649072949996,0.20168649072949996
O=S(=O)(NC1CCN(CCOc2cccc(I)c2)CC1)c1ccccc1,509.0,-2.7067177823367587,1,train,6.293282217663242,-2.908352965021103,0.2016351826843441,0.2016351826843441
Cn1c(=O)cnn(CCCCN2CCN(c3c(Br)cccc3C#N)CC2)c1=O,28.0,-1.4471580313422192,1,train,7.552841968657781,-1.2456465260096694,-0.2015115053325498,0.2015115053325498
Fc1ccc(OCCCN2CCC(c3ccc(Cl)cc3)CC2)cc1,169.0,-2.2278867046136734,0,train,6.772113295386326,-2.4292968810592668,0.20141017644559378,0.20141017644559378
C[C@H]1CN(CC[C@H]2CC[C@H](NC(=O)C3CC3)CC2)CCc2ccc(Cl)cc21,191.4,-2.281941933440825,1,train,6.718058066559175,-2.080691411107698,-0.2012505223331269,0.2012505223331269
CC[C@H]1c2cc(-c3ccccc3)ccc2OC[C@@]1(C)N,1995.26,-3.2999994961169836,0,train,5.700000503883016,-3.098771827053604,-0.20122766906338008,0.20122766906338008
COc1ccc2[nH]cc(-c3cncn3C)c2c1F,200.0,-2.3010299956639813,0,train,6.698970004336019,-2.5018064255194874,0.20077642985550614,0.20077642985550614
CCOc1cccc2c1O[C@@H](CN1[C@@H]3CC[C@H]1C[C@](O)(c1ccccc1)C3)CO2,3.05,-0.48429983934678583,1,train,8.515700160653214,-0.6849894419646969,0.20068960261791113,0.20068960261791113
Cc1ccc2c(OCCN3CCN(Cc4cccc5ncncc45)CC3)cccc2n1,398.11,-2.60000308662774,0,train,6.399996913372259,-2.3993782915800193,-0.2006247950477209,0.2006247950477209
C=C(C)COc1cccc2c1-c1cccc3c1[C@@H](C2)N(CCC)CC3,373.0,-2.571708831808688,1,train,6.428291168191312,-2.371285415399237,-0.20042341640945072,0.20042341640945072
CN1CCN(c2nc(N)nc(CCC[Se]Cc3ccccc3)n2)CC1,893.0,-2.9508514588885464,0,train,6.049148541111453,-3.151171134083683,0.2003196751951366,0.2003196751951366
CN1CCC(c2c[nH]c3ccc(NC(=O)c4cccs4)nc23)CC1,350.0,-2.5440680443502757,0,train,6.455931955649724,-2.343812570188726,-0.20025547416155032,0.20025547416155032
O=C(NCCCCN1CCN(c2cccc(Cl)c2Cl)CC1)c1cc2cc(I)ccc2o1,130.0,-2.113943352306837,0,train,6.886056647693163,-1.9137623971617699,-0.20018095514506706,0.20018095514506706
O[C@H](COc1ccccc1)CN1CCC2(CC1)OCc1c2ccc2ccccc12,1.1,-0.04139268515822508,0,train,8.958607314841775,-0.24140555477991715,0.20001286962169215,0.20001286962169215
Cc1ccc2onc(C3CCN(CCN4CCc5cccnc5C4=O)CC3)c2c1,3.44,-0.5365584425715301,1,train,8.46344155742847,-0.7364870030978226,0.1999285605262925,0.1999285605262925
COc1cc2c(cc1N1C[C@@H](C)N[C@@H](C)C1)N(C(=O)c1ccc(-c3cccc(C)n3)c3ccccc13)CC2,1000.0,-3.0,0,train,6.0,-2.800099905860404,-0.19990009413959609,0.19990009413959609
O=S(=O)(NC1CCN(CCOc2cccc3c2CCCC3)C1)c1cc(F)ccc1F,10.0,-1.0,0,train,8.0,-1.1996422862589784,0.1996422862589784,0.1996422862589784
O=S(=O)(NCCCCN1CC=C(c2c[nH]c3ccc(Cl)cc23)CC1)c1cccc(O)c1,10.0,-1.0,1,train,8.0,-0.8007360352981897,-0.1992639647018103,0.1992639647018103
C=CCN[C@@H]1CCc2cccc(OC)c2[C@@H]1C(=O)OC,81.0,-1.9084850188786497,0,train,7.0915149811213505,-1.7092477925897085,-0.19923722628894103,0.19923722628894103
Cc1ccc2c(OCCN3CCN(Cc4cccc5cc[nH]c45)CC3)cccc2n1,398.11,-2.60000308662774,0,train,6.399996913372259,-2.400850920934859,-0.19915216569288097,0.19915216569288097
COc1ccccc1N1CCN(CCC(Oc2cccc3ccccc23)c2ccsc2)CC1,181.97,-2.259999795081887,0,train,6.740000204918113,-2.0611901097731993,-0.1988096853086878,0.1988096853086878
COc1ccccc1N1CCN(CC2CSC3(CCCCC3)S2)CC1,3.02,-0.48000694295715063,1,train,8.51999305704285,-0.6784380177494467,0.1984310747922961,0.1984310747922961
CCOc1ccccc1N1CCN(CCCCCOc2cc(-c3ccccc3)ncn2)CC1,6.96,-0.8426092396105621,0,train,8.157390760389438,-1.0409672955271063,0.1983580559165442,0.1983580559165442
O=C1CCCC(=O)N1CCN1CCN(c2cc(Cl)ccc2Cl)CC1,258.1,-2.411788004543869,0,train,6.588211995456131,-2.2135080293568263,-0.19827997518704255,0.19827997518704255
O=C(CCc1ccccc1)NC1CCc2ccc(CCN3CCN(c4nsc5ccccc45)CC3)cc21,37.2,-1.5705429398818975,0,train,7.429457060118103,-1.3723325699047888,-0.19821036997710872,0.19821036997710872
O=C1c2cc(Cl)ccc2CC1CCN1CCN(c2ccccn2)CC1,5.055999999999999,-0.7038070652743286,0,train,8.29619293472567,-0.9020016036057852,0.19819453833145662,0.19819453833145662
O=S1(=O)c2cccc3cccc(c23)N1CCCCCCN1CCN(c2nsc3ccccc23)CC1,63.0,-1.7993405494535817,0,train,7.200659450546418,-1.6012154769357705,-0.1981250725178112,0.1981250725178112
O=C1CC2(C=CN1CCN1CCN(c3cc(Cl)ccc3Cl)CC1)CCCC2,91.86,-1.9631264410819047,0,train,7.036873558918096,-1.7651167785713622,-0.19800966251054253,0.19800966251054253
COc1ccc(-c2ccccc2N2CCN(CCCCOc3ccccc3C#N)CC2)cc1,477.0,-2.678518379040114,0,train,6.3214816209598865,-2.480594163479245,-0.1979242155608687,0.1979242155608687
COc1ccc(N2CCN(CCC3OCCc4ccccc43)CC2)cc1,899.0,-2.9537596917332287,0,train,6.046240308266771,-2.7560134432175003,-0.19774624851572842,0.19774624851572842
Cc1ncc2c(N3CCN(CCc4ccc5c(c4)NC(=O)CO5)CC3)cccc2n1,0.3981,0.40000782241590205,1,train,9.400007822415901,0.20236609104276024,0.19764173137314175,0.19764173137314175
Cc1ccc2nccc(NCCNc3ccnc4ccc(C)cc34)c2c1,616.8,-2.7901443650429005,0,train,6.2098556349570995,-2.987676508153955,0.19753214311105438,0.19753214311105438
COc1ccc2ccc(NCCCCCN3CCN(c4ccccc4OC)CC3)nc2c1,0.5,0.3010299956639812,0,train,9.301029995663981,0.10351400961161415,0.19751598605236703,0.19751598605236703
COc1ccccc1N1CCN(CCCCCc2cn(-c3ccc(SC)cc3)nn2)CC1,3.9,-0.5910646070264992,1,train,8.4089353929735,-0.7881742747033202,0.19710966767682103,0.19710966767682103
CNC(=O)c1ccc2c(c1)CCO[C@H]2CCN1CCN(c2ccc(OC)cc2)CC1,1092.0,-3.0382226383687185,0,train,5.961777361631281,-2.841161211823033,-0.1970614265456856,0.1970614265456856
COc1cc2c(cc1O)[C@@H]1Cc3c(OC)ccc(OC)c3CN1CC2,493.48,-2.693269556062092,0,train,6.306730443937909,-2.4962207295589476,-0.19704882650314426,0.19704882650314426
O=C1NCc2ccc3c(c21)CC(N(CCCc1c[nH]c2ccc(F)cc12)CC1CC1)CO3,5.666666666666667,-0.7533276666586115,1,train,8.246672333341388,-0.9503045085654446,0.19697684190683307,0.19697684190683307
COc1cccc(N2CCN(CCCCOc3ccccc3C(N)=O)CC2)c1,38.0,-1.5797835966168101,1,train,7.42021640338319,-1.382814495019085,-0.19696910159772485,0.19696910159772485
CCCN1CCc2cccc3c2C1Cc1ccc(N)cc1-3,30.0,-1.4771212547196624,0,train,7.522878745280337,-1.6740405366729234,0.19691928195326103,0.19691928195326103
Oc1nc2cc(CCN3CCN(c4cccc(C(F)(F)F)c4)CC3)ccc2[nH]1,87.1,-1.9400181550076632,0,train,7.059981844992337,-1.7432497627610737,-0.19676839224658949,0.19676839224658949
O=C(CCOCCN1CCN(c2ccccc2-c2ccccc2)CC1)NCc1ccncc1,1055.0,-3.0232524596337114,1,train,5.976747540366288,-2.826628943250621,-0.19662351638309072,0.19662351638309072
COc1ccccc1N1CCN(CCCn2cnc3ccccc3c2=O)CC1,100.0,-2.0,1,train,7.0,-1.8034208004674661,-0.1965791995325339,0.1965791995325339
CCCCc1cc(-c2ccoc2)nc(N2CCN(C)CC2)n1,637.0,-2.8041394323353503,0,train,6.195860567664649,-3.000477328162181,0.1963378958268307,0.1963378958268307
c1ccc(C2(c3ccccc3)COCC(CNCCOc3ccccn3)O2)cc1,0.8913,0.049976093476673526,0,train,9.049976093476673,-0.14629123232872687,0.19626732580540038,0.19626732580540038
O=C1COc2ccc(CCN3CCN(c4cccc5nc(-c6ccccc6)ccc45)CC3)cc2N1,0.631,0.19997064075586568,0,train,9.199970640755865,0.00403874608203157,0.19593189467383404,0.19593189467383404
O=S(=O)(NC1CCN(CCOc2cccc(F)c2)C1)c1ccc(F)c(F)c1,230.0,-2.361727836017593,0,train,6.638272163982407,-2.1658075811368445,-0.1959202548807486,0.1959202548807486
COc1ccccc1N1CCN(c2nc(N)nc(NCCc3c[nH]c4ccccc34)n2)CC1,12970.0,-4.11293997608408,1,train,4.88706002391592,-3.917090153438271,-0.1958498226458092,0.1958498226458092
O=C1CC2CCc3ccsc3C2=NN1CCCCN1CCCCC1,4299.0,-3.633367445117007,0,train,5.366632554882993,-3.4375833936139784,-0.1957840515030287,0.1957840515030287
O=C1NCc2ccc(OCCCN3CCN(c4cccc5c4OCCC5)CC3)cc21,0.0501,1.3001622741327543,1,train,10.300162274132754,1.104408964666228,0.19575330946652625,0.19575330946652625
NC(=O)c1ccc(F)c2c1CC(N(CCCc1c[nH]c3cc(F)ccc13)C1CCC1)CO2,5.02,-0.7007037171450193,1,train,8.29929628285498,-0.8963900928672355,0.19568637572221614,0.19568637572221614
COc1cc2c(cc1O)[C@@H]1Cc3sc(CC4CCC4)cc3CN1CC2,777.79,-2.890862355148883,0,train,6.109137644851117,-2.695183354359433,-0.19567900078945,0.19567900078945
CCCCOC(=O)c1cc2c3c(ccc2[nH]1)OCC(CN1CCC2(CC1)C(=O)NCN2c1ccccc1)O3,3.0,-0.47712125471966244,0,train,8.522878745280337,-0.2814515311784195,-0.1956697235412429,0.1956697235412429
CCOc1cccc(CN2CCN(Cc3cc4ccccc4o3)CC2)c1,1720.0,-3.2355284469075487,0,train,5.764471553092451,-3.0399962229771127,-0.195532223930436,0.195532223930436
C[C@@H]1CCCN1CCc1cc2cc(C(=O)c3ccc(F)cc3)ccc2o1,432.0,-2.635483746814912,0,train,6.364516253185088,-2.440056070539681,-0.19542767627523094,0.19542767627523094
CC(=O)c1c(OCCCCN2CCN(c3ccccc3Cl)CC2)ccc2c(C)cc(=O)oc12,0.9,0.045757490560675115,1,train,9.045757490560675,-0.14959178309357857,0.19534927365425367,0.19534927365425367
COc1cc2c(cc1N1CCN(C)CC1)N(C(=O)Nc1cccc(Cl)c1Cl)CC2,50.12,-1.7000110623221123,0,train,7.299988937677888,-1.8952806789977088,0.1952696166755965,0.1952696166755965
NC(=O)[C@@H]1CCCN1C(=O)CCCCCCN1CCN(c2noc3ccccc23)CC1,122.0,-2.0863598306747484,1,train,6.913640169325252,-2.2815742955360876,0.1952144648613392,0.1952144648613392
CCCN(CCCc1c[nH]c2ccc(F)cc12)C1COc2cccc(OC)c2C1,15.800000000000002,-1.1986570869544226,0,train,7.801342913045577,-1.0039485985072263,-0.19470848844719635,0.19470848844719635
Oc1ccc(-c2ccc(CNCCc3c[nH]c4ccc(F)cc34)o2)cc1,1010.0,-3.0043213737826426,0,train,5.995678626217357,-2.8096255998088884,-0.19469577397375382,0.19469577397375382
Cc1ncc2c(=O)n(CCN3CCC(c4noc5ccccc45)CC3)ccc2n1,8.49,-0.9289076902439527,1,train,8.071092309756047,-1.1234660834947634,0.1945583932508106,0.1945583932508106
O=c1[nH]c2ccc(CCN3CCN(c4cccc(C(F)(F)F)c4)CC3)cc2[nH]c1=O,100.0,-2.0,0,train,7.0,-1.8055398019957107,-0.19446019800428926,0.19446019800428926
COc1ccc(-c2cc3c(=O)n(CCN4CCN(c5ccccc5OC)CC4)c(=O)[nH]c3[nH]2)cc1,113.4,-2.0546130545568877,1,train,6.945386945443112,-2.248951161189554,0.19433810663266593,0.19433810663266593
CN(C)CCCN1C(=O)c2ccccc2/C=C\c2ccccc21,41600.0,-4.619093330626742,0,train,4.380906669373258,-4.42517943415021,-0.19391389647653234,0.19391389647653234
COc1cccc(OC)c1OCCNCC1OCCOC1(c1ccccc1)c1ccccc1,66.07,-1.8200043068083178,1,train,7.179995693191682,-1.6262091845070359,-0.1937951223012817,0.1937951223012817
CCc1c(C(=O)N2CCc3cc4ccnc(N5CCNCC5)c4cc32)cnn1-c1ccc(C#N)cc1,1.259,-0.10002573010786256,0,train,8.899974269892137,-0.2936805685661709,0.19365483845830841,0.19365483845830841
O=C(NCCN1CCN(c2ccc(F)cc2)CC1)c1ccc2ccccc2c1,54.3,-1.734799829588847,1,train,7.265200170411153,-1.928349017991528,0.19354918840268098,0.19354918840268098
CCn1cncc1-c1c[nH]c2ccc(C(F)(F)F)cc12,4365.0,-3.6399842480415887,0,train,5.360015751958411,-3.4465838884251694,-0.19340035961641933,0.19340035961641933
Cc1ccc2c(OCCN3CCC(Cc4cc5c(cc4F)OCC(=O)N5)CC3)cc(Cl)cc2n1,2.512,-0.40001963506515853,0,train,8.599980364934842,-0.20701346599168324,-0.19300616907347523,0.19300616907347523
COc1cccc(OC)c1CCCNCCOc1ccccc1OCc1ccccc1,2.512,-0.40001963506515853,1,train,8.599980364934842,-0.5929716007343161,0.19295196566915762,0.19295196566915762
COc1ccccc1N1CCN(CCn2cnc3sc4c(c3c2=O)CCN(C)C4)CC1,0.7,0.1549019599857432,1,train,9.154901959985743,-0.037966336453745565,0.19286829643948875,0.19286829643948875
Fc1ccc2[nH]cc(CCNCC3CN(Cc4ccccc4)c4ccccc4O3)c2c1,7.25,-0.8603380065709937,0,train,8.139661993429007,-1.0530628618650022,0.1927248552940085,0.1927248552940085
COc1ccccc1N1CCN(CCCCN2C(=O)c3cccc4c(N)ccc(c34)C2=O)CC1,6.8,-0.8325089127062363,1,train,8.167491087293763,-1.0251175971968445,0.1926086844906082,0.1926086844906082
COC(=O)c1ccc(F)c2c1CC(N(CCCc1c[nH]c3ccc(F)cc13)C1CCC1)CO2,73.8,-1.8680563618230415,1,train,7.131943638176958,-1.675550272780032,-0.19250608904300925,0.19250608904300925
CC(=O)Nc1cccc(OCCNCC2(F)CCN(C(=O)c3ccc(F)c(Cl)c3)CC2)n1,0.5,0.3010299956639812,0,train,9.301029995663981,0.49332618429113034,-0.19229618862714914,0.19229618862714914
Cc1cccc(OCCNCC2(F)CCN(C(=O)c3ccc(F)c(Cl)c3)CC2)c1,0.32065,0.4939687557467421,1,train,9.493968755746742,0.6861332795253137,-0.19216452377857157,0.19216452377857157
Cc1ccc2c(N3CCN(CCc4cccc(N5C(=O)CCC5=O)c4)CC3)cccc2n1,3.162,-0.4999618655961902,0,train,8.500038134403809,-0.3078695993816574,-0.1920922662145328,0.1920922662145328
CC(C)c1ncc2c(n1)CCN(CCN1CCN(c3nsc4ccccc34)CC1)C2=O,32.2,-1.507855871695831,1,train,7.492144128304169,-1.3157752019324342,-0.19208066976339677,0.19208066976339677
CC(C)N1CC(CNCCCc2c[nH]c3ccccc23)Oc2ccccc21,90.42,-1.9562645026982755,1,train,7.043735497301725,-1.7643752766952008,-0.1918892260030749,0.1918892260030749
O=S(=O)(NCCCCN1CCN(c2cccc(Cl)c2Cl)CC1)c1ccc2cccnc2c1,17.0,-1.2304489213782739,0,train,7.769551078621726,-1.4218644340957658,0.1914155127174917,0.1914155127174917
COc1ccccc1N1CCN(CCNc2c(C(C)=O)c(C)nn(C)c2=O)CC1,13.0,-1.1139433523068367,0,train,7.886056647693163,-0.9228492008091345,-0.19109415149770226,0.19109415149770226
O=C(Cc1cccs1)N[C@H]1CC[C@H](CCN2CCN(c3nsc4ccccc34)CC2)CC1,0.98,0.00877392430750515,0,train,9.008773924307505,-0.18219563131760036,0.19096955562510545,0.19096955562510545
CCN(CCCc1c[nH]c2ccc(F)cc12)C1COc2cccc(OC)c2C1,2.3,-0.36172783601759284,0,train,8.638272163982407,-0.5523765140241066,0.1906486780065138,0.1906486780065138
CCOC(=O)c1cccc(NC2=NC(N(C)C)=NC3(CCCCC3)N2)c1,116.0,-2.0644579892269186,0,train,6.935542010773082,-2.2546997507963673,0.19024176156944872,0.19024176156944872
CCCN(CCC)CCc1cccc2c1CC(=O)N2,1706.0,-3.231979026831504,0,train,5.768020973168496,-3.041886975144692,-0.1900920516868121,0.1900920516868121
COc1ccccc1N1CCN(CC2COC3(CCN(S(C)(=O)=O)CC3)O2)CC1,144.54,-2.159988050381987,0,train,6.840011949618013,-1.9699021523292866,-0.19008589805270026,0.19008589805270026
Nc1nc(NCCc2c[nH]c3ccccc23)nc(N2CCN(c3ccccc3)CC2)n1,12960.0,-4.1126050015345745,1,train,4.8873949984654255,-3.922822166339366,-0.18978283519520955,0.18978283519520955
Nc1ccc(S(=O)(=O)n2cc(C3CCNCC3)c3ccc(Cl)cc32)cc1,115.0,-2.060697840353612,0,train,6.939302159646388,-2.2503989929277752,0.18970115257416342,0.18970115257416342
COc1ccc(CCN2CCC(Cc3cc(OC)ccc3Br)CC2)c(Cl)c1,1.12,-0.04921802267018165,0,train,8.950781977329818,-0.23878219906215986,0.18956417639197826,0.18956417639197826
CCCCCCCN(C)C(=N)N/N=C/c1c[nH]c2ccc(O)cc12,1584.89,-3.1999991251967965,0,train,5.800000874803203,-3.010729227285623,-0.18926989791117332,0.18926989791117332
Cc1cc(C(O)CCN2CCN(c3ccccc3O)CC2)c(C)s1,90.165,-1.955037987024298,1,train,7.044962012975702,-1.7657720300178743,-0.18926595700642368,0.18926595700642368
CSc1ccccc1N1CCN(CCCCCC(=O)NCc2ccc(OS(C)(=O)=O)cc2)CC1,10.3,-1.0128372247051722,0,train,7.987162775294828,-1.2013470961704609,0.18850987146528864,0.18850987146528864
COCCOc1cc(CC2CCN(CCc3ccc4c(c3)S(=O)(=O)CCO4)CC2)ccc1Br,11.3,-1.0530784434834197,0,train,7.94692155651658,-1.2414802986995475,0.18840185521612796,0.18840185521612796
CCn1cncc1-c1c[nH]c2ccc(C(N)=O)cc12,123.0,-2.089905111439398,0,train,6.910094888560602,-2.278286265308735,0.18838115386933696,0.18838115386933696
COc1ccc(C(=O)Nc2cccc(CCN3CCN(c4cccc5nc(C)ccc45)CC3)c2)cc1,3.162,-0.4999618655961902,0,train,8.500038134403809,-0.3115960535656095,-0.18836581203058073,0.18836581203058073
O=C1C(Cc2ccccc2N2CCNCC2)SCCN1c1ccc(Cl)c(Cl)c1,9.0,-0.9542425094393249,0,train,8.045757490560675,-1.1424777267836577,0.1882352173443329,0.1882352173443329
CC(NCCC(Cc1ccccc1)c1ccco1)c1ccc(Cl)cc1,7100.0,-3.8512583487190755,0,train,5.1487416512809245,-3.6630957565978064,-0.1881625921212695,0.1881625921212695
CCc1cccc(N2CCN(C)CC2)c1Cl,40.3,-1.6053050461411094,0,train,7.394694953858891,-1.7932667475027442,0.18796170136163481,0.18796170136163481
CC([Se]c1cccc2ccccc12)c1nc(N)nc(N2CCN(C)CC2)n1,6071.0,-3.7832602328729488,0,train,5.216739767127051,-3.5952992899407032,-0.18796094293224552,0.18796094293224552
COc1c(Cl)cc(Cl)cc1N1CCN(CCn2cnc3sc4c(c3c2=O)CCN(C)C4)CC1,25.8,-1.4116197059632303,1,train,7.58838029403677,-1.223701971689344,-0.18791773427388647,0.18791773427388647
C#CCOc1c(OC)cc2c3c1-c1cc([N+](=O)[O-])ccc1CC3N(C)CC2,206.0,-2.3138672203691533,0,train,6.686132779630847,-2.501734773925269,0.18786755355611584,0.18786755355611584
O=[N+]([O-])c1ccc2c(c1)[C@@H](O)[C@H](N1CCC(c3cccc4c3OCCO4)CC1)C2,0.2884,0.5400047439526086,0,train,9.540004743952608,0.3521747234633165,0.18783002048929204,0.18783002048929204
Cn1ncc2c1CCCC(CCN1CCC(c3noc4ccccc34)CC1)C2=O,1.76,-0.24551266781414982,1,train,8.75448733218585,-0.4329865198922581,0.18747385207810832,0.18747385207810832
NC(=O)[C@@H]1Cc2ccccc2CN1C(=O)CCCCCCN1CCN(c2ccccc2-c2ccccc2)CC1,61.0,-1.7853298350107671,0,train,7.214670164989233,-1.597919751399918,-0.1874100836108492,0.1874100836108492
O=S(=O)(c1ccccc1)N(CCCCCCN1CCN(c2nsc3ccccc23)CC1)c1cccc(C(F)(F)F)c1,42.0,-1.6232492903979006,0,train,7.376750709602099,-1.435849286544662,-0.18740000385323863,0.18740000385323863
O=C(c1ccc(F)c(Cl)c1)N1CCC(F)(CNCCOc2ccc(Cl)cc2)CC1,4.695,-0.6716355966021298,1,train,8.32836440339787,-0.4842749355450501,-0.1873606610570797,0.1873606610570797
O=C(NC1CCc2ccc(CCN3CCN(c4nsc5ccccc45)CC3)cc21)c1ccc(F)cc1,66.7,-1.824125833916549,1,train,7.175874166083451,-1.6370216602110028,-0.1871041737055461,0.1871041737055461
O=S(=O)(NCCN1CC=C(c2c[nH]c3ccc(Cl)cc23)CC1)c1cccc(Cl)c1,7.4,-0.8692317197309762,1,train,8.130768280269024,-0.6821740671519976,-0.18705765257897866,0.18705765257897866
Clc1ccc(N2CCN(Cc3cn4ccccc4n3)CC2)cc1Cl,2300.0,-3.361727836017593,0,train,5.638272163982407,-3.174709954524112,-0.18701788149348086,0.18701788149348086
Cc1ccc2c(N3CCN(CCc4cccc5c4OCc4c(C(=O)N6CCCCC6)ncn4-5)CC3)cccc2n1,0.3981,0.40000782241590205,0,train,9.400007822415901,0.5869948406981973,-0.1869870182822953,0.1869870182822953
O=c1ccc(OCCCN2CCC(c3noc4cc(F)ccc34)CC2)nn1-c1c(F)cccc1F,5.9,-0.7708520116421442,0,train,8.229147988357855,-0.9576645452536624,0.18681253361151817,0.18681253361151817
C[C@H](N)Cn1ncc2ccc(O)cc21,141.0,-2.1492191126553797,1,train,6.85078088734462,-2.335770378108093,0.18655126545271283,0.18655126545271283
CC(=O)c1c(OCCCCN2CCN(c3ccc([N+](=O)[O-])cc3)CC2)ccc2c(C)cc(=O)oc12,92.0,-1.9637878273455553,0,train,7.036212172654444,-2.150327738533031,0.18653991118747548,0.18653991118747548
COc1ccc2nc(NCCN3CCN(c4ccccc4OC)CC3)ccc2c1,28.0,-1.4471580313422192,1,train,7.552841968657781,-1.2606247546086555,-0.18653327673356368,0.18653327673356368
Fc1ccc(N2CCN(CCC3OCCc4ccccc43)CC2)cc1,134.0,-2.1271047983648077,0,train,6.872895201635192,-2.31323047004294,0.18612567167813188,0.18612567167813188
COc1cccc(OC)c1OCCNC[C@@H]1C[C@H](c2ccccc2)c2ccccc2O1,6.457,-0.8100307864058395,0,train,8.18996921359416,-0.9960750066873763,0.18604422028153678,0.18604422028153678
N#Cc1cc2c(OCCN3CCC(Oc4ccc5c(c4)NC(=O)CO5)CC3)cccc2[nH]1,1.585,-0.2000292665537703,0,train,8.79997073344623,-0.3854212606931339,0.18539199413936364,0.18539199413936364
c1ccc(OCCNCC2CSC3(CCCCC3)O2)cc1,22.91,-1.3600250891893975,1,train,7.6399749108106025,-1.1747072804831713,-0.18531780870622638,0.18531780870622638
O=c1c2ncccc2ccn1CCN1CCN(c2nsc3ccccc23)CC1,1.66,-0.22010808804005508,1,train,8.779891911959945,-0.40541490128890295,0.18530681324884796,0.18530681324884796
O=C1c2ccccc2C(=O)N1CCCCN1CCC2CCCCC2C1,535.015,-2.7283659583313344,0,train,6.271634041668666,-2.5431406156708847,-0.18522534266044977,0.18522534266044977
c1ccc(N2CC(CNCCCc3c[nH]c4ccccc34)Oc3ccccc32)cc1,75.77,-1.8794972872494284,0,train,7.120502712750572,-1.6943519867885808,-0.18514530046084765,0.18514530046084765
O=C1c2ccccc2C(=O)N1CCN1CC=C(c2ccc(Cl)cc2)CC1,631.0,-2.8000293592441343,0,train,6.199970640755866,-2.614974971255563,-0.1850543879885711,0.1850543879885711
COc1ccccc1N1CCN(CCCCC(=O)NC2CCCc3ccccc32)CC1,6.05,-0.7817553746524689,1,train,8.21824462534753,-0.9664059575576833,0.1846505829052144,0.1846505829052144
Fc1ccc(N2CCN(Cc3c[nH]c4ncccc34)CC2)cc1,2759.7,-3.4408618735775467,0,train,5.559138126422454,-3.2563562479960795,-0.18450562558146721,0.18450562558146721
COc1ccc2[nH]cc(CCNCc3ccc(-c4ccc(O)cc4)o3)c2c1,120.0,-2.0791812460476247,0,train,6.920818753952375,-2.263667321560254,0.1844860755126292,0.1844860755126292
Cn1ccc2c1CCCN(CCN1CCN(c3noc4ccccc34)CC1)C2=O,4.3,-0.6334684555795865,1,train,8.366531544420413,-0.8178590555025265,0.18439059992293994,0.18439059992293994
Cc1ccc(N2CCN(CCNC(=O)c3ccc4ccccc4c3)CC2)cc1,221.4,-2.345177616542704,1,train,6.6548223834572955,-2.1608048953295707,-0.18437272121313342,0.18437272121313342
COc1cc(Cl)c(Cl)cc1N1CCN(CCn2cnc3sc4c(c3c2=O)CCN(C)C4)CC1,2.5,-0.3979400086720376,1,train,8.602059991327963,-0.5823000068566246,0.18435999818458704,0.18435999818458704
CC(=O)N1C2C=C(CN3C4CCC3CC(NC(=O)Nc3cc(F)cc(C(F)(F)F)c3)C4)CC1CCC2,280.0,-2.4471580313422194,0,train,6.552841968657781,-2.262837565461035,-0.18432046588118434,0.18432046588118434
O=C(CCN1CCN(c2ccc(Cl)cc2)CC1)N1CCN(c2cccc(Cl)c2)CC1,302.0,-2.4800069429571505,0,train,6.51999305704285,-2.664204298094505,0.18419735513735436,0.18419735513735436
CCN(CCCc1c[nH]c2ccc(F)cc12)C1COc2c(F)cc3c(c2C1)C(=O)NCC3,4.0,-0.6020599913279624,0,train,8.397940008672037,-0.7862091550690863,0.1841491637411239,0.1841491637411239
COc1cccc2c(NCCCCCCCNc3ccnc4c(OC)cccc34)ccnc12,602.78,-2.7801588341639385,0,train,6.219841165836062,-2.964249414007776,0.1840905798438377,0.1840905798438377
COCCOc1cc(CC2CCN(CCc3ccc4c(c3)C(=O)CCO4)CC2)ccc1F,2.25,-0.3521825181113625,1,train,8.647817481888637,-0.5358198158431833,0.1836372977318208,0.1836372977318208
Cc1cccc(N2CCN(CCCCNC(=O)c3ccccn3)CC2)n1,3.0,-0.47712125471966244,1,train,8.522878745280337,-0.6605904557848927,0.18346920106523035,0.18346920106523035
COc1ccccc1N1CCN(CCCCNc2ccc3cc(C)ccc3n2)CC1,0.54,0.26760624017703144,1,train,9.267606240177031,0.08419460122276023,0.18341163895427115,0.18341163895427115
O=C(N[C@H]1CC[C@H](CCN2CCN(c3cccc(C(F)(F)F)n3)CC2)CC1)c1ccnc2ccccc12,22.3,-1.3483048630481607,0,train,7.651695136951839,-1.1650061354640502,-0.1832987275841107,0.1832987275841107
O=C(NCCCCN1CCN(c2ncccn2)CC1)c1n[nH]c2ccccc12,139.0,-2.143014800254095,0,train,6.856985199745905,-1.959875446013953,-0.18313935424014205,0.18313935424014205
NC(=O)[C@@H]1Cc2ccccc2CN1C(=O)CCCCCN1CCN(c2ccccc2-c2ccccc2)CC1,26.0,-1.414973347970818,1,train,7.585026652029182,-1.597919751399918,0.18294640342909996,0.18294640342909996
O=C(N(CCN1CCN(c2ccccc2O)CC1)c1ccccn1)C12CCC(I)(CC1)CC2,1.95,-0.290034611362518,0,train,8.709965388637482,-0.10708893338200841,-0.1829456779805096,0.1829456779805096
CC1CN(CCC(O)c2csc3ccc(F)cc23)CCN1c1cccc2c1OCO2,9.333,-0.9700212658283659,0,train,8.029978734171634,-1.1528921128452716,0.1828708470169056,0.1828708470169056
CC(C)c1ccccc1N1CCN(CCCCCC(=O)NC2CCCc3ccccc32)CC1,167.0,-2.2227164711475833,1,train,6.777283528852417,-2.039891079170059,-0.1828253919775249,0.1828253919775249
CCCN(CCC)C1Cc2cccc3c2N(C1)C(=O)CN3,49.0,-1.6901960800285136,1,train,7.309803919971486,-1.8729685858523146,0.182772505823801,0.182772505823801
O=C(N[C@H]1CC[C@H](CCN2CCN(c3nsc4cc([N+](=O)[O-])ccc34)CC2)CC1)c1ccco1,39.0,-1.591064607026499,0,train,7.4089353929735005,-1.4083044923597188,-0.18276011466678033,0.18276011466678033
COc1ccccc1OCCNCCCc1c[nH]c2ccccc12,2.0,-0.3010299956639812,0,train,8.698970004336019,-0.4835787894676832,0.18254879380370198,0.18254879380370198
O=C(NCC(O)CCN1CCN(c2cccc(Cl)c2Cl)CC1)c1ccc(-c2ccccn2)cc1,15.1,-1.1789769472931695,1,train,7.82102305270683,-1.3615117564524537,0.182534809159284,0.182534809159284
COc1ccc(-c2c(=O)n(CCCCN3CCCC(c4c[nH]c5ccc(OC)cc45)C3)c(=O)n3ccccc23)cc1,62.0,-1.792391689498254,0,train,7.207608310501746,-1.9747025246163539,0.18231083511809998,0.18231083511809998
CCC(Oc1cc(Cl)ccc1Cl)c1nc(N)nc(N2CCN(C)CC2)n1,4760.0,-3.677606952720493,0,train,5.3223930472795065,-3.495361698567437,-0.18224525415305592,0.18224525415305592
Fc1ccc2[nH]cc(CCCNCCOc3cccc4nccnc34)c2c1,9.8,-0.9912260756924949,1,train,8.008773924307505,-0.8090035371979596,-0.18222253849453518,0.18222253849453518
Fc1ccc(SCCCN2CCN(c3ccccn3)CC2)cc1,6.2,-0.7923916894982539,1,train,8.207608310501746,-0.9745370437719474,0.1821453542736935,0.1821453542736935
c1ccc(C2CC2)c(OCC2=NCCN2)c1,34.67,-1.5399538416563967,0,train,7.460046158343603,-1.7220531013043612,0.18209925964796447,0.18209925964796447
OC(CCN1CCN(c2ccc3sccc3c2)CC1)c1csc2ccccc12,1584.89,-3.1999991251967965,1,train,5.800000874803203,-3.0179126836054304,-0.1820864415913661,0.1820864415913661
O=C(Cc1cccnc1)Nc1cccc(CCN2CCN(c3ccccc3)CC2)c1,1.39,-0.14301480025409505,1,train,8.856985199745905,-0.3250462989160401,0.1820314986619451,0.1820314986619451
O=C1NCc2ccc3c(c21)CC(N(CCCCc1c[nH]c2ccc(F)cc12)CC1CC1)CO3,19.0,-1.2787536009528289,0,train,7.721246399047171,-1.0968741404583366,-0.18187946049449222,0.18187946049449222
O=S(=O)(N[C@H]1CC[C@H](CCN2CCN(c3nsc4ccccc34)CC2)CC1)c1cc2cc(Cl)ccc2s1,18.4,-1.2648178230095364,0,train,7.735182176990463,-1.0830586657692312,-0.18175915724030522,0.18175915724030522
COc1cccc(N2CCN(CCCCNC(=O)c3c[nH]c4ccccc34)CC2)c1,59.0,-1.7708520116421442,1,train,7.229147988357855,-1.5891497401544652,-0.18170227148767903,0.18170227148767903
COc1ccccc1N1CCN(C/C=C/CNC(=O)c2ccc3c(c2)Cc2ccccc2-3)CC1,71.8,-1.8561244442423004,0,train,7.1438755557577,-2.037616572369929,0.18149212812762872,0.18149212812762872
CCCC(=O)Nc1cccc2c1-c1cccc3c1[C@@H](C2)N(CCC)CC3,380.0,-2.57978359661681,1,train,6.42021640338319,-2.3983895058824944,-0.18139409073431567,0.18139409073431567
NCCc1c[nH]c2ccc(OCC(=O)Nc3ccc(N4CCN(C(=O)COc5ccc6[nH]cc(CCN)c6c5)CC4)cc3)cc12,9.8,-0.9912260756924949,0,train,8.008773924307505,-1.1716822614657272,0.1804561857732324,0.1804561857732324
OC1(c2ccc(Cl)c(C(F)(F)F)c2)CCN(CCCC(c2ccccc2)c2ccccc2)CC1,481.0,-2.682145076373832,0,train,6.317854923626168,-2.8625381673382337,0.18039309096440181,0.18039309096440181
COc1cc2c3c(c1)-c1c(O)cccc1C[C@H]3N(C)CC2,258.0,-2.41161970596323,0,train,6.58838029403677,-2.2316158312239773,-0.18000387473925272,0.18000387473925272
CCn1cncc1-c1c[nH]c2ccc(OC)cc12,661.0,-2.82020145948564,1,train,6.17979854051436,-3.0002048112394473,0.1800033517538071,0.1800033517538071
COc1ccccc1N1CCN(CC(F)CCNC(=O)c2cc3ccccc3o2)CC1,37.9,-1.5786392099680724,0,train,7.421360790031928,-1.7586389826959947,0.17999977272792234,0.17999977272792234
COc1ccc(/C=C2\NC(=O)N(CCCCN3CCN(c4ncccn4)CC3)C2=O)cc1OC1CCCC1,64.0,-1.806179973983887,1,train,7.1938200260161125,-1.6263565383952068,-0.1798234355886803,0.1798234355886803
Cc1ccc2c(N3CCN(CCc4cccc(NC(=O)c5cnccn5)c4)CC3)cccc2n1,0.5012,0.29998893767788765,0,train,9.299988937677888,0.12021093756102542,0.17977800011686218,0.17977800011686218
COc1ccc2oc(C(=O)NCCC(F)CN3CCN(c4cccc(Cl)c4Cl)CC3)cc2c1,501.0,-2.699837725867246,0,train,6.300162274132754,-2.520135638372857,-0.17970208749438887,0.17970208749438887
O=C1c2ccccc2C(=O)N1CCN1CC=C(c2ccccc2)CC1,706.0,-2.8488047010518036,1,train,6.151195298948196,-2.669111234480937,-0.17969346657086716,0.17969346657086716
O=C1c2ccccc2S(=O)(=O)N1CCCCCN1CCN(c2ncccn2)CC1,6.0,-0.7781512503836436,0,train,8.221848749616356,-0.9578199535128595,0.1796687031292159,0.1796687031292159
Fc1ccccc1Oc1cccc(F)c1OC1CCNC1,8.0,-0.9030899869919435,1,train,8.096910013008056,-1.0825937582711593,0.17950377127921568,0.17950377127921568
O=C1NCCN1CCN1CCC(c2cn(-c3ccc(F)cc3)c3ccc(-c4cccnc4)cc23)CC1,13.0,-1.1139433523068367,0,train,7.886056647693163,-1.2932951663359202,0.1793518140290835,0.1793518140290835
CCOC(=O)c1ncn2c1COc1c(CCN3CCN(c4cccc5nc(C)ccc45)CC3)cccc1-2,0.631,0.19997064075586568,0,train,9.199970640755865,0.3793091579902319,-0.1793385172343663,0.1793385172343663
O=C(NCCc1ccccc1)N[C@H]1CC[C@H](CCN2CCN(c3nsc4ccccc34)CC2)CC1,8.03,-0.9047155452786809,0,train,8.09528445472132,-0.7254118813979525,-0.17930366388072827,0.17930366388072827
CC(=O)Nc1cccc(N2CCN(CCCCNS(=O)(=O)c3ccc(C)cc3)CC2)c1,6.8,-0.8325089127062363,1,train,8.167491087293763,-1.011803836112771,0.17929492340653475,0.17929492340653475
COc1ccc(NC(=O)N2CCN(c3ccccc3Cl)CC2)cc1N1CCN(C)CC1,335.0,-2.525044807036845,0,train,6.474955192963154,-2.345817202354205,-0.17922760468263998,0.17922760468263998
CN(C1CCN(CCOc2ccccc2-c2ccccc2)CC1)S(=O)(=O)c1ccc(F)cc1,30.0,-1.4771212547196624,0,train,7.522878745280337,-1.656149598351885,0.17902834363222264,0.17902834363222264
Cc1cc(C)c2cc([C@@H]3CCN(C[C@H](O)COc4cccc5[nH]c(C)cc45)[C@@H](C)C3)sc2c1,104.63,-2.019656225319349,0,train,6.980343774680652,-1.8406689152126603,-0.17898731010668856,0.17898731010668856
Cc1cc2c(cn1)C(=O)N(CCN1CCN(c3nsc4ccccc34)CC1)CC2,0.16,0.7958800173440752,1,train,9.795880017344075,0.617121123438755,0.17875889390532018,0.17875889390532018
CC1(c2ccc(F)cc2)NC(=O)N(CC(O)CN2CCN(c3ccc(Cl)c(Cl)c3)CC2)C1=O,821.0,-2.9143431571194407,1,train,6.085656842880559,-3.0930644629504234,0.17872130583098267,0.17872130583098267
Fc1cccc(Oc2cccc(F)c2C2CCNCC2)c1,21.0,-1.3222192947339193,0,train,7.6777807052660805,-1.5007907150661979,0.17857142033227857,0.17857142033227857
Cn1nnc(-c2ccc3c(c2)c(C2CCN(CCN4CCNC4=O)CC2)cn3-c2ccc(F)cc2)n1,130.0,-2.113943352306837,0,train,6.886056647693163,-1.9354016339745679,-0.17854171833226906,0.17854171833226906
Cn1c(SCCCN2CCC3(CC2)CCN(c2ccc(F)cc2)CC3)nnc1-c1ccccc1,587.0,-2.7686381012476144,0,train,6.231361898752386,-2.590114219113515,-0.1785238821340993,0.1785238821340993
CC(C)Oc1ccccc1OCCN1CCC(NS(=O)(=O)c2ccc(F)cc2)CC1,197.0,-2.294466226161593,1,train,6.7055337738384075,-2.472914901640082,0.17844867547848908,0.17844867547848908
Fc1ccc2cccc(N3CCN(CCCCOc4ccc5c(c4)CNC5)CC3)c2c1,0.243,0.6143937264016879,0,train,9.614393726401687,0.43618427172369706,0.17820945467799082,0.17820945467799082
COc1ccccc1OCCNCC1OCCOC1(c1ccccc1)c1ccccc1,3.981,-0.599992177584098,1,train,8.400007822415901,-0.777953304105449,0.1779611265213511,0.1779611265213511
CCOc1ccc(Br)c(CC2CCN(CCc3cc4c(cc3Cl)OCCO4)CC2)c1,23.4,-1.3692158574101427,1,train,7.6307841425898575,-1.191421103687834,-0.1777947537223088,0.1777947537223088
CS(=O)(=O)NCc1ccc(N2CCN(C(=O)COc3ccc4[nH]cc(CCN)c4c3)CC2)cc1,95.0,-1.9777236052888478,0,train,7.022276394711152,-1.800020824752375,-0.17770278053647304,0.17770278053647304
Cn1c(=O)cnn(CCCCN2CCN(c3ccccc3S)CC2)c1=O,8.0,-0.9030899869919435,1,train,8.096910013008056,-0.7254528492018096,-0.17763713779013401,0.17763713779013401
COc1ccccc1N1CCN(CCNS(=O)(=O)c2cccc3c(N(C)C)cccc23)CC1,73.0,-1.863322860120456,0,train,7.136677139879544,-1.6856956411071524,-0.17762721901330347,0.17762721901330347
COc1cc(C)nc(N2CCN(CCCCc3c[nH]c4ccc(C#N)cc34)CC2)n1,0.65,0.18708664335714442,0,train,9.187086643357144,0.010117169492743388,0.176969473864401,0.176969473864401
O[C@@H]1c2cc3c(cc2C[C@H]1N1CCC(c2cccc4c2OCCO4)CC1)OCO3,0.5248,0.2800061736323961,0,train,9.280006173632396,0.10310680211582239,0.1768993715165737,0.1768993715165737
CN1CC(CNCCc2c[nH]c3ccccc23)Oc2ccccc21,5.86,-0.7678976160180907,0,train,8.232102383981909,-0.9446688840561073,0.17677126803801657,0.17677126803801657
COc1cccc(N2CCN(CCCCOc3ccc4c(C)cc(=O)oc4c3C(C)=O)CC2)c1,0.8,0.09691001300805639,0,train,9.096910013008056,-0.0797417952037311,0.1766518082117874,0.1766518082117874
O=C(c1ccc(F)c(Cl)c1)N1CCC(F)(CNCCOc2cccc3c2CCN3)CC1,0.04467,1.3499840475281615,0,train,10.349984047528162,1.1735520373535735,0.1764320101745882,0.1764320101745882
Cc1ccc2c(N3CCN(CCc4c(F)ccc5c4ccc(=O)n5C)CC3)cccc2n1,0.3981,0.40000782241590205,0,train,9.400007822415901,0.22371473265181796,0.17629308976408403,0.17629308976408403
COc1ccccc1N1CCN(C[C@H]2OCCOC2(c2ccccc2)c2ccccc2)CC1,12.02,-1.0799044676667207,0,train,7.92009553233328,-1.2561366277561181,0.17623216008939724,0.17623216008939724
COc1ccc(/C=C2\NC(=O)N(CCCCN3CCN(c4ccccc4OC)CC3)C2=O)cc1OC,7.0,-0.8450980400142568,1,train,8.154901959985743,-0.6690661563269958,-0.17603188368726097,0.17603188368726097
CCc1c(C(=O)N2CCc3cc4ccnc(N5CCN(C(C)C)CC5)c4cc32)cnn1-c1ccc(C#N)cc1,6.31,-0.8000293592441343,0,train,8.199970640755865,-0.6242597407753879,-0.1757696184687464,0.1757696184687464
COc1ccc(-c2ccccc2C2CCN(CCCCOc3ccc(-c4cn5ccccc5n4)cc3)CC2)cc1,1370.0,-3.1367205671564067,0,train,5.863279432843593,-2.961178118329595,-0.1755424488268118,0.1755424488268118
COc1ccccc1N1CCN(CCCCC(=O)N2Cc3ccccc3C[C@H]2C(N)=O)CC1,107.0,-2.0293837776852097,1,train,6.97061622231479,-1.8539690899075612,-0.17541468777764857,0.17541468777764857
COc1ccc(-c2ccccc2N2CCN(CCCCOc3ccc(Cl)cc3F)CC2)cc1,967.0,-2.9854264740830017,0,train,6.014573525916998,-2.8100183097439833,-0.1754081643390184,0.1754081643390184
Cc1ccc2c(OCCN3CCN(Cc4ccc(Cl)c([N+](=O)[O-])c4)CC3)cccc2n1,63.1,-1.8000293592441343,1,train,7.199970640755866,-1.9752573069549328,0.17522794771079853,0.17522794771079853
Cc1[nH]c2cccc(NC(=O)c3ccc(F)cc3)c2c1CCN(C)C,265.0,-2.423245873936808,0,train,6.576754126063192,-2.59843350225441,0.17518762831760215,0.17518762831760215
N#Cc1cc2c(cn1)C(=O)N(CCN1CCN(c3nsc4ccccc34)CC1)CC2,0.25,0.6020599913279624,1,train,9.602059991327963,0.42688274920713243,0.17517724212082997,0.17517724212082997
O=C1c2ncccc2CCN1CCN1CCC(c2noc3c(F)cccc23)CC1,168.0,-2.225309281725863,1,train,6.774690718274137,-2.050173047776211,-0.17513623394965183,0.17513623394965183
COc1ccc2c(NCCNc3ccnc4cc(OC)ccc34)ccnc2c1,891.125,-2.949938627721046,0,train,6.050061372278954,-3.1247492339014986,0.1748106061804524,0.1748106061804524
Fc1cccc(-c2n[nH]cc2N2CCNCC2)c1,58.0,-1.7634279935629373,1,train,7.236572006437063,-1.938086575719745,0.17465858215680785,0.17465858215680785
Nc1ccc2c(N3CCN(CC[C@H]4CC[C@H](NC(=O)c5ccco5)CC4)CC3)nsc2c1,33.0,-1.5185139398778875,0,train,7.481486060122112,-1.3442538738965717,-0.17426006598131583,0.17426006598131583
Cc1ccc2c(N3CCN(CCc4cccc(NC(=O)NC(C)(C)C)c4)CC3)cccc2n1,7.943,-0.899984562549391,0,train,8.100015437450608,-0.7258224078484317,-0.1741621547009593,0.1741621547009593
CC1CN(CCN2CCN(c3noc4ccccc34)CC2)C(=O)c2ccn(C)c21,11.3,-1.0530784434834197,1,train,7.94692155651658,-1.2272187182201109,0.17414027473669136,0.17414027473669136
O=S(=O)(NC1CCN(CCOc2ccccc2)CC1)c1ccc(Br)cc1,1961.0,-3.292477593667784,1,train,5.707522406332216,-3.4664968747241365,0.17401928105635234,0.17401928105635234
COc1ccc(-c2ccccc2N2CCN(CCCCOc3ccc(-c4cn5ccccc5n4)cc3)CC2)cc1,521.0,-2.7168377232995247,0,train,6.283162276700475,-2.5429119402493416,-0.17392578305018302,0.17392578305018302
COc1ccccc1N1CCN(CCCCCCNC(=O)c2ccc3ccccc3c2)CC1,102.0,-2.0086001717619175,1,train,6.991399828238082,-1.8347046111868357,-0.17389556057508138,0.17389556057508138
CC(=O)NC1CCc2cc(CCN3CCN(c4nsc5ccccc45)CC3)ccc21,1.1,-0.04139268515822508,0,train,8.958607314841775,-0.2152525538551445,0.1738598686969195,0.1738598686969195
Fc1cccc(Oc2ccccc2N2CCNCC2)c1,9.0,-0.9542425094393249,1,train,8.045757490560675,-1.1280821705456832,0.1738396611063584,0.1738396611063584
O=C(CCCCCN1CCN(c2ccccc2-c2ccccc2)CC1)NCc1ccncc1,70.0,-1.845098040014257,1,train,7.154901959985743,-2.018791818259855,0.17369377824559828,0.17369377824559828
Cc1ccc2c(N3CCN(CCc4cccc5c4OCc4nnc(C)n4-5)CC3)cccc2n1,0.07943,1.100015437450609,0,train,10.100015437450608,0.9263503195483803,0.17366511790222872,0.17366511790222872
O=C1CCc2ccc(OCCCCN3CCN(c4cccc5cc(F)ccc45)CC3)nc2N1,1.2,-0.07918124604762482,1,train,8.920818753952375,-0.25276254486382327,0.17358129881619846,0.17358129881619846
O=S(=O)(NCCCCN1CC=C(c2c[nH]c3ccc(Cl)cc23)CC1)c1ccc(F)cc1,21.0,-1.3222192947339193,1,train,7.6777807052660805,-1.1488330541880305,-0.1733862405458888,0.1733862405458888
Cc1ccc2cccc(N3CCN(CCC(O)c4csc5ccc(F)cc45)CC3)c2n1,2.512,-0.40001963506515853,0,train,8.599980364934842,-0.5733551796634643,0.1733355445983058,0.1733355445983058
COc1ccccc1N1CCN(CC2=NS(=O)(=O)c3ccc(C)cc3N2)CC1,107.15,-2.0299921753778474,1,train,6.970007824622153,-1.856665081125806,-0.17332709425204174,0.17332709425204174
Cc1ccc2c(N3CCN(CCc4cc(F)c5c(c4)NC(=O)CO5)CC3)cccc2n1,1.259,-0.10002573010786256,1,train,8.899974269892137,0.07324676549829831,-0.17327249560616081,0.17327249560616081
COc1ccccc1N1CCN(CCC[C@H]2CCCN2S(=O)(=O)c2ccccc2F)CC1,4.1,-0.6127838567197355,0,train,8.387216143280265,-0.7859853547180172,0.17320149799828177,0.17320149799828177
OC(CCOc1cccc2[nH]ccc12)CNC12CC3CC(CC(C3)C1)C2,551.0,-2.741151598851785,0,train,6.2588484011482155,-2.568056945200866,-0.17309465365091903,0.17309465365091903
O=c1c2ccccc2c(=O)n(-c2ccccc2)n1CCCN1CCN(c2cccc(Cl)c2)CC1,416.87,-2.620000642300068,0,train,6.379999357699932,-2.4469060908680147,-0.1730945514320532,0.1730945514320532
O=C1NCc2ccc(OCCCCN3CCN(c4cccc5ccc(F)cc45)CC3)cc21,0.838,0.07675598136972352,1,train,9.076755981369724,-0.09620355818533312,0.1729595395550566,0.1729595395550566
O=S(=O)(NCCCCN1CCN(c2cccc(Cl)c2Cl)CC1)c1cnc2ccc(Cl)cc2c1,88.0,-1.9444826721501687,0,train,7.055517327849831,-1.7717888076932817,-0.17269386445688717,0.17269386445688717
Cc1cncc2c1CCN(CCN1CCN(c3noc4ccccc34)CC1)C2=O,186.0,-2.2695129442179165,1,train,6.730487055782083,-2.09684042364042,-0.1726725205774966,0.1726725205774966
c1ccc(OCCNCC2COC3(CCCCC3)O2)cc1,37.15,-1.569958818096594,1,train,7.430041181903406,-1.3975362969928984,-0.1724225211036956,0.1724225211036956
Cc1ccc2c(OCCN3CCC(Cc4cccc(N5CCN(C)CC5=O)c4)CC3)cccc2n1,19.95,-1.299942900022767,1,train,7.700057099977233,-1.1275936443225054,-0.1723492557002615,0.1723492557002615
CN1CC[C@H]2c3ccccc3N(c3ccccc3)C[C@]21C,199.53,-2.300008202553813,0,train,6.699991797446187,-2.1279066683493335,-0.17210153420447938,0.17210153420447938
Cc1ccc(S(=O)(=O)NCCCCN2CCN(c3cccc(NC(=O)C(C)C)c3)CC2)cc1,78.0,-1.8920946026904804,1,train,7.107905397309519,-1.7201473637148745,-0.17194723897560582,0.17194723897560582
O=C(CCNCc1ccccc1)NCc1ccccc1,3750.0,-3.574031267727719,0,train,5.425968732272281,-3.4021624406356477,-0.17186882709207119,0.17186882709207119
COC(=O)CSCCCc1ccccc1OCC(O)CNC(C)C,24.1,-1.3820170425748683,0,train,7.617982957425132,-1.5538461668979837,0.17182912432311537,0.17182912432311537
CN1CCc2ccc3ncc4cccc5c4c3c2[C@H]1C5,33.9,-1.530199698203082,0,train,7.4698003017969175,-1.7020271274167758,0.17182742921369365,0.17182742921369365
CN(C)CCc1c[nH]c2ccccc12,410.0,-2.6127838567197355,0,train,6.3872161432802645,-2.4411098932565807,-0.17167396346315478,0.17167396346315478
COc1ccc2[nH]cc(C3CCCN(CCCCn4c(=O)c(-c5ccc(C)cc5)c5n(c4=O)CCCC5)C3)c2c1,321.0,-2.506505032404872,1,train,6.493494967595128,-2.335056357761941,-0.17144867464293068,0.17144867464293068
CN1CCc2c(c3cccc4c3n2Cc2ccccc2C4)C1,373.27,-2.5720230867438456,0,train,6.427976913256154,-2.4007549402765673,-0.17126814646727828,0.17126814646727828
Nc1nc(NCCCCN2CCN(c3ccccc3)CC2)nc(NCCc2c[nH]c3ccccc23)n1,32.0,-1.505149978319906,1,train,7.494850021680094,-1.6761606928774762,0.1710107145575701,0.1710107145575701
c1ccc(-c2n[nH]cc2N2CCNCC2)cc1,141.0,-2.1492191126553797,1,train,6.85078088734462,-2.3200925584330974,0.17087344577771724,0.17087344577771724
OC(CCN1CCN(c2cccc3ccccc23)CC1)c1csc2ccccc12,66.07,-1.8200043068083178,1,train,7.179995693191682,-1.649137427993126,-0.1708668788151917,0.1708668788151917
COc1ccccc1N1CCN(CCC(O)c2csc3ccccc23)CC1,19.95,-1.299942900022767,1,train,7.700057099977233,-1.4707722716388283,0.17082937161606138,0.17082937161606138
COc1ccc(Br)c(CC2CCN(CCc3ccc(Cl)cc3)CC2)c1,1.34,-0.12710479836480765,0,train,8.872895201635192,-0.2978113496436708,0.1707065512788632,0.1707065512788632
COc1cccc(OCCNCC2(F)CCN(C(=O)c3ccc(F)c(Cl)c3)CC2)n1,0.5,0.3010299956639812,1,train,9.301029995663981,0.4716155470705932,-0.17058555140661202,0.17058555140661202
O=c1[nH]c(CCCCN2CCN(Cc3ccccc3)CC2)nc2ccsc12,489.0,-2.6893088591236203,1,train,6.310691140876379,-2.5187408844538397,-0.17056797466978058,0.17056797466978058
CNc1nc(Cl)c(SC)c(N2CCN(C)CC2)n1,430.0,-2.6334684555795866,1,train,6.366531544420413,-2.4629421619959913,-0.17052629358359495,0.17052629358359495
CCn1cc2c(n1)CCN(CCN1CCN(c3nsc4ccccc34)CC1)C2=O,2.4,-0.38021124171160603,1,train,8.619788758288394,-0.5507012477599783,0.17049000604837233,0.17049000604837233
Cc1ccc2c(OCCN3CCC(Cc4cc(F)c5c(c4)NC(=O)CO5)CC3)cc(Cl)cc2n1,10.0,-1.0,1,train,8.0,-0.8295970459774951,-0.17040295402250494,0.17040295402250494
O=C1c2ncccc2CCC1CCN1CCN(c2noc3ccccc23)CC1,9.14,-0.9609461957338314,1,train,8.03905380426617,-1.13105748863496,0.17011129290112859,0.17011129290112859
Fc1ccccc1Oc1cccc(F)c1OC1CCNCC1,30.0,-1.4771212547196624,1,train,7.522878745280337,-1.3070952181288253,-0.17002603659083704,0.17002603659083704
O=C(CCN[C@H]1CCN(c2ccc([N+](=O)[O-])cc2C(F)(F)F)C1)c1csc2ccccc12,50.12,-1.7000110623221123,0,train,7.299988937677888,-1.8698109455503207,0.16979988322820838,0.16979988322820838
O=c1oc2ccccc2n1CCCCCCN1CCN(c2nsc3ccccc23)CC1,5.0,-0.6989700043360189,0,train,8.301029995663981,-0.8686086451882444,0.16963864085222558,0.16963864085222558
CN1C(=N)N/C(=C/c2c[nH]c3c(Br)cccc23)C1=O,7269.0,-3.8614746688571686,0,train,5.138525331142832,-3.6920870642322314,-0.16938760462493718,0.16938760462493718
O=C1CCc2ccc(OCCCCN3CCN(c4cccc(Cl)c4Cl)CC3)cc2N1,9.112388888888889,-0.9596322458268125,0,train,8.040367754173188,-1.1288699242997746,0.16923767847296223,0.16923767847296223
O=C(NCCN1CCN(c2cccc3c2OCC(CO)O3)CC1)c1ccc(F)cc1,2.9,-0.4623979978989561,1,train,8.537602002101044,-0.293188673676188,-0.16920932422276808,0.16920932422276808
Cn1cnc(-c2ccc3c(c2)c(C2CCN(CCn4c(=O)[nH]c5ccccc5c4=O)CC2)cn3-c2ccc(F)cc2)n1,55.0,-1.7403626894942439,0,train,7.259637310505756,-1.9094331765705181,0.16907048707627403,0.16907048707627403
O=c1[nH]c2ccccc2n1CCCCCN1CCN(c2ccc(Cl)cc2)CC1,454.0,-2.6570558528571038,0,train,6.342944147142896,-2.4881704578771475,-0.1688853949799567,0.1688853949799567
N#Cc1ccc2[nH]cc(CCCN3CCN(c4ccc(-n5cc(F)cc(F)c5=O)cc4)CC3)c2c1,0.31,0.5086383061657274,1,train,9.508638306165727,0.33976079671205334,0.16887750945367402,0.16887750945367402
CN1CCC(c2noc3ccc(NC(=O)c4ccc(F)cc4)cc23)CC1,160.0,-2.2041199826559246,1,train,6.795880017344075,-2.0353248574525935,-0.1687951252033315,0.1687951252033315
O=C1COc2ccc(OC3CCN(CCOc4nccc5ccccc45)CC3)cc2N1,7.943,-0.899984562549391,1,train,8.100015437450608,-1.0686958833253302,0.1687113207759392,0.1687113207759392
CCCNc1nccc(C2CCCN(CCc3c[nH]c4ccccc34)C2)n1,13.75,-1.1383026981662814,1,train,7.861697301833718,-1.306826382891333,0.16852368472505153,0.16852368472505153
CN1CCC(c2c[nH]c3ccc(NC(=O)c4ccncc4)nc23)CC1,40.0,-1.6020599913279623,1,train,7.3979400086720375,-1.770525707343435,0.16846571601547256,0.16846571601547256
COc1cc(Cl)ccc1N1CCN(CCC(=O)c2csc3ccccc23)CC1,501.19,-2.7000023971422538,1,train,6.299997602857746,-2.531626309566031,-0.16837608757622258,0.16837608757622258
C=CCc1ccccc1OCC(O)CNCCOCCOCCOCCOCCNC(=O)CS(=O)(=O)O,261.0,-2.416640507338281,1,train,6.583359492661719,-2.2484422746559134,-0.16819823268236744,0.16819823268236744
O=C1c2cccc3cccc(c23)N1CCCCCCN1CCN(c2ncccn2)CC1,94.0,-1.9731278535996986,0,train,7.026872146400302,-1.8054997036280656,-0.16762814997163278,0.16762814997163278
COC(=O)c1cc2c3c(ccc2[nH]1)OCC(CN1CCC(n2c(O)nc4ccccc42)CC1)O3,0.6,0.2218487496163564,0,train,9.221848749616356,0.0542436802225225,0.1676050693938339,0.1676050693938339
CC(C)(C)c1ccoc1C(=O)N[C@H]1CC[C@H](CCN2CCN(c3nsc4ccccc34)CC2)CC1,10.2,-1.0086001717619175,0,train,7.991399828238082,-0.8410344054499623,-0.1675657663119552,0.1675657663119552
O=S(=O)(c1ccc(F)cc1)N(CC1CC1)C1CCN(CCOc2ccccc2-c2ccccc2)CC1,342.0,-2.534026106056135,0,train,6.465973893943865,-2.3665552330200064,-0.1674708730361285,0.1674708730361285
O=S(=O)(NC1CCN(CCOc2ccccc2Cl)CC1)c1ccccc1,1285.0,-3.1089031276673134,0,train,5.891096872332687,-2.9414863387123464,-0.16741678895496692,0.16741678895496692
O=S(=O)(c1ccc(F)cc1)N1CC2CC1CN2CCOc1ccccc1-c1ccccc1,1068.0,-3.0285712526925375,0,train,5.9714287473074625,-2.861266580355716,-0.167304672336821,0.167304672336821
COc1ccccc1N1CCN(CCC(=O)c2csc3ccccc23)CC1,43.65,-1.6399842480415885,1,train,7.360015751958412,-1.8072522868866627,0.16726803884507424,0.16726803884507424
Cc1ncc2c(n1)CCN(CCN1CCN(c3noc4ccccc34)CC1)C2=O,283.0,-2.45178643552429,1,train,6.548213564475709,-2.2846342597204963,-0.16715217580379393,0.16715217580379393
COc1cccc2ccc([C@@H]3CCN(C[C@H](O)COc4cccc5[nH]c(C)cc45)[C@@H](C)C3)cc12,10.91,-1.0378247505883418,0,train,7.962175249411658,-0.8707412636504924,-0.16708348693784936,0.16708348693784936
O=C1COc2ccc(CCN3CCN(c4cccc5cccnc45)CC3)cc2N1,1.585,-0.2000292665537703,1,train,8.79997073344623,-0.3670023770731241,0.16697311051935382,0.16697311051935382
OC(CCN1CCN(c2ccccn2)CC1)c1ccccc1,154.88,-2.1899953399643186,0,train,6.810004660035681,-2.0231021047776276,-0.16689323518669097,0.16689323518669097
CCn1cncc1-c1c[nH]c2ccc(OC(F)(F)F)cc12,3311.0,-3.5199591807520685,0,train,5.4800408192479315,-3.3530941519292075,-0.16686502882286103,0.16686502882286103
O=c1c(-c2ccc(F)cc2)c2n(c(=O)n1CCCCN1CCCC(c3c[nH]c4ccccc34)C1)CCCC2,13.0,-1.1139433523068367,1,train,7.886056647693163,-1.2807905148926262,0.16684716258578947,0.16684716258578947
O=C([C@@H]1Cc2ccccc2CN1C(=O)CCCCCN1CCN(c2ccccc2-c2ccccc2)CC1)N1CCCCC1,19.0,-1.2787536009528289,0,train,7.721246399047171,-1.4455886560014708,0.16683505504864193,0.16683505504864193
COc1cccc(N2CCN(CCCCn3c(=O)oc4ccccc4c3=O)CC2)c1,3.2,-0.505149978319906,1,train,8.494850021680094,-0.6719511715477133,0.1668011932278073,0.1668011932278073
CS(=O)(=O)NCc1ccccc1N1CCN(C(=O)COc2ccc3[nH]cc(CCN)c3c2)CC1,5.1,-0.7075701760979364,0,train,8.292429823902063,-0.8743634761957391,0.1667933000978027,0.1667933000978027
Cn1cc2c(n1)CCN(CCN1CCN(c3noc4ccccc34)CC1)C2=O,27.9,-1.4456042032735976,1,train,7.554395796726403,-1.6120809005365675,0.16647669726296987,0.16647669726296987
O[C@@H]1c2ccc(F)cc2C[C@H]1N1CC=C(c2cccc3c2SCCC3)CC1,11.75,-1.070037866607755,1,train,7.9299621333922445,-0.9035942800424286,-0.16644358656532643,0.16644358656532643
O=C1CC2CCc3ccsc3C2=NN1CCN1CCN(Cc2ccccc2)CC1,1084.0,-3.0350292822023683,0,train,5.964970717797632,-2.8685965157215105,-0.1664327664808578,0.1664327664808578
CCCN1CCc2cccc3c2[C@H]1Cc1ccc2c(c1-3)OC(C)C2C,90.0,-1.954242509439325,0,train,7.045757490560675,-2.1205819574232496,0.16633944798392464,0.16633944798392464
O=C1CC2(CCCCC2)CC(=O)N1CCN1CCN(c2cc(Cl)ccc2Cl)CC1,127.84,-2.106666761969916,1,train,6.893333238030084,-1.9404707005617854,-0.1661960614081308,0.1661960614081308
O=C1CC2(CCCC2)CC(=O)N1CCN1CCC(c2ccccc2)CC1,25.9,-1.413299764081252,1,train,7.586700235918748,-1.5793788445231263,0.16607908044187436,0.16607908044187436
O=C(CCCN1C2CCC1CC(O)(c1ccccc1)C2)c1ccc(F)cc1,37.6,-1.575187844927661,1,train,7.424812155072339,-1.7410806898408289,0.1658928449131678,0.1658928449131678
CN1CCc2c(sc3ncn(CCN4CCN(c5ccccc5C#N)CC4)c(=O)c23)C1,2.5,-0.3979400086720376,0,train,8.602059991327963,-0.2325682196460356,-0.165371789026002,0.165371789026002
Cc1ccc(F)c(N2CCN(CCN3C(=O)CC4(CCCC4)CC3=O)CC2)c1,52.31,-1.718584720027436,1,train,7.281415279972564,-1.883799386202862,0.1652146661754259,0.1652146661754259
O=C(NC1CCc2cc(CCN3CCN(c4nsc5ccccc45)CC3)ccc21)c1cccnc1,7.7,-0.8864907251724818,0,train,8.113509274827518,-0.7212835982552791,-0.16520712691720274,0.16520712691720274
COc1ccc2c(c1)OCCC2CNCCCc1ccccc1,28.0,-1.4471580313422192,0,train,7.552841968657781,-1.6123280315682131,0.16517000022599393,0.16517000022599393
Cc1ccc2c(OCCN3CCC(Cc4cc5c(cc4F)OCC(=O)N5)CC3)cc(F)cc2n1,0.3981,0.40000782241590205,0,train,9.400007822415901,0.23490524407863306,0.16510257833726893,0.16510257833726893
Cn1c(=O)c2c(nc3n2CCC(=O)N3CCCN2CCN(c3ncccn3)CC2)n(C)c1=O,41.98,-1.6230424342463816,1,train,7.376957565753618,-1.7880530927619345,0.16501065851555285,0.16501065851555285
CCC1NC(N)=Nc2cccc(Cl)c21,1081.0,-3.03382569395331,0,train,5.96617430604669,-2.868850091521038,-0.16497560243227216,0.16497560243227216
COc1cccc(OCCNCC2COC(c3ccccc3)(c3ccccc3)O2)c1,2.63,-0.41995574848975786,1,train,8.580044251510243,-0.5848603179437635,0.16490456945400567,0.16490456945400567
Fc1ccc(OCCCN2CCN(c3ncccn3)CC2)cc1,23.0,-1.3617278360175928,1,train,7.638272163982407,-1.5265296261400527,0.16480179012245988,0.16480179012245988
OC(CNCC1COc2ccccc2O1)COc1ccccc1F,8.0,-0.9030899869919435,0,train,8.096910013008056,-1.0678227168024408,0.16473272981049714,0.16473272981049714
O=C(N[C@H]1CC[C@H](CCN2CCN(c3nsc4ccccc34)CC2)CC1)Oc1ccc(Cl)cc1,4.0,-0.6020599913279624,0,train,8.397940008672037,-0.7667301985476231,0.16467020721966075,0.16467020721966075
COc1ccccc1N1CCN(CCN(C(=O)C23C4C5C2C2C3C4C52CF)c2ccccn2)CC1,0.37,0.431798275933005,0,train,9.431798275933005,0.2671334004226966,0.1646648755103084,0.1646648755103084
CC1=NCCc2c1[nH]c1ccccc21,1700.0,-3.230448921378274,0,train,5.769551078621726,-3.065809256210812,-0.1646396651674622,0.1646396651674622
O=S(=O)(NCCCCN1CCN(c2nsc3ccccc23)CC1)c1c[nH]c2ncccc12,78.0,-1.8920946026904804,0,train,7.107905397309519,-1.7274576126065053,-0.16463699008397503,0.16463699008397503
CS(=O)(=O)Nc1ccc(N2CCN(C(=O)CCCCCOc3ccc4[nH]cc(CCN)c4c3)CC2)cc1,10.2,-1.0086001717619175,0,train,7.991399828238082,-1.1732329290026542,0.16463275724073667,0.16463275724073667
Cn1cc(S(=O)(=O)N(CC2CC2)C2CCN(CCOc3ccccc3C(C)(C)C)CC2)cn1,17770.0,-4.249687427805301,0,train,4.750312572194699,-4.0853690521205905,-0.16431837568471064,0.16431837568471064
Cc1cc(C)nc(N2CCN(CCCCc3c[nH]c4ccc(C#N)cc34)CC2)n1,2.9,-0.4623979978989561,0,train,8.537602002101044,-0.29820537003078423,-0.16419262786817185,0.16419262786817185
CN1CCN(c2nccc3cc4c(cc23)N(C(=O)c2ccccc2C(F)(F)F)CC4)CC1,10.0,-1.0,0,train,8.0,-0.8358837961156196,-0.16411620388438042,0.16411620388438042
CCCCCCCC(O)CCc1ccc(O)c(OC)c1,9530.0,-3.979092900638326,0,train,5.020907099361674,-3.815033464596204,-0.16405943604212236,0.16405943604212236
Cc1cc(C)cc(C2=CCN(CCNC(=O)c3ccc4ccccc4c3)CC2)c1,8.06,-0.9063350418050907,0,train,8.093664958194909,-1.070026659541376,0.16369161773628527,0.16369161773628527
O=S(=O)(NCCCCN1CCN(c2cccc(Cl)c2Cl)CC1)c1ccc2ncccc2c1,79.0,-1.8976270912904414,0,train,7.102372908709558,-1.7339830274598944,-0.16364406383054675,0.16364406383054675
NC(=O)c1cc2c3c(ccc2[nH]1)OCC(CN1CCC2(CC1)C(=O)NCN2c1ccccc1)O3,0.3,0.5228787452803376,1,train,9.522878745280337,0.359262996713707,0.16361574856663064,0.16361574856663064
O=S(=O)(NCCCCN1CCC(c2noc3cc(F)ccc23)CC1)c1cc2ccccc2s1,110.0,-2.041392685158225,0,train,6.958607314841775,-1.8777975729951288,-0.16359511216309608,0.16359511216309608
COc1ccccc1N1CCN(CC2COC(c3ccccc3)(c3ccccc3)O2)CC1,22.91,-1.3600250891893975,0,train,7.6399749108106025,-1.1966621122015262,-0.1633629769878715,0.1633629769878715
COc1ccccc1N1CCN(CCCNS(=O)(=O)c2ccc3ccccc3c2)CC1,112.0,-2.0492180226701815,1,train,6.950781977329818,-1.8860465437878542,-0.16317147888232686,0.16317147888232686
COc1ccccc1N1CCN(CC(O)CCNC(=O)c2cnc3ccccc3c2)CC1,68.0,-1.8325089127062364,0,train,7.167491087293763,-1.6693682066403752,-0.16314070606586117,0.16314070606586117
O=C(c1ccc(F)c(Cl)c1)N1CCC(F)(CNCCNc2ccccn2)CC1,1.9795,-0.29655550608822345,1,train,8.703444493911777,-0.13341922739372414,-0.16313627869449926,0.16313627869449926
Fc1ccccc1Oc1ccccc1OC1CCNC1,193.0,-2.285557309007774,0,train,6.714442690992226,-2.1226382750991557,-0.16291903390861817,0.16291903390861817
COc1ccccc1N1CCN(CCCCOc2ccc3c(C)cc(=O)oc3c2C(C)=O)CC1,1.0,-0.0,0,train,9.0,-0.1624856296109548,0.1624856296109548,0.1624856296109548
O=C1c2ncccc2CCN1CCN1CCN(c2noc3ccccc23)CC1,21.5,-1.3324384599156054,1,train,7.667561540084394,-1.4948898491048837,0.16245138918927826,0.16245138918927826
Cn1ccc2c1CCN(CCN1CCC(c3noc4ccccc34)CC1)C2=O,13.7,-1.1367205671564067,1,train,7.863279432843593,-0.9743159334008815,-0.16240463375552538,0.16240463375552538
CN1CCN(c2nc(N)nc(COc3ccc(Cl)cc3Cl)n2)CC1,1610.0,-3.2068258760318495,0,train,5.79317412396815,-3.3691567749376414,0.16233089890579233,0.16233089890579233
COc1cc(OC)nc(N2CCN(CCCCc3c[nH]c4ccc(Cl)cc34)CC2)n1,1.1,-0.04139268515822508,0,train,8.958607314841775,-0.20369123615767112,0.16229855099944612,0.16229855099944612
COc1cc(N2CCN(C3CCN(c4cccc5cccnc45)CC3)CC2)c2ncccc2c1,0.4,0.3979400086720376,1,train,9.397940008672037,0.2356801350695735,0.1622598736024641,0.1622598736024641
CN1CCN(c2cccc3ccc(OCC(=O)N4CCN(c5cccc6c5OCCO6)CC4)cc23)CC1,14.1,-1.14921911265538,0,train,7.85078088734462,-0.9869835611809783,-0.1622355514744016,0.1622355514744016
O=C(NCCN1CCN(c2ccc(Cl)cc2)CC1)c1cnc2ccccc2n1,27.0,-1.4313637641589874,1,train,7.568636235841012,-1.5934666945070335,0.16210293034804613,0.16210293034804613
O=S(=O)(c1ccccc1)C1(CCCN2CCC3CCCCC3C2)CCC1,210.0,-2.322219294733919,0,train,6.6777807052660805,-2.4842674100667983,0.16204811533287922,0.16204811533287922
Cc1ccc2c(N3CCN(CCc4cccc5c4OCC(=O)N5C(C)C)CC3)cccc2n1,0.631,0.19997064075586568,0,train,9.199970640755865,0.36198046256060834,-0.16200982180474274,0.16200982180474274
O=C1CC2(CCCC2)CC(=O)N1CCCCN1CCN(c2cc(Cl)ccc2Cl)CC1,26.15,-1.417471693203293,1,train,7.582528306796707,-1.5793537073449286,0.16188201414163572,0.16188201414163572
c1cc(OCCCNC2CCCCC2)c2cc[nH]c2c1,78.4,-1.8943160626844384,0,train,7.105683937315561,-1.732537166665847,-0.16177889601859152,0.16177889601859152
CN(C)CCc1cccc2c1ccn2S(=O)(=O)c1ccccc1,170.0,-2.230448921378274,0,train,6.769551078621726,-2.3921836757976944,0.1617347544194203,0.1617347544194203
CCN(C(C)=O)c1cccc(CC2CCN(CCOc3cccc4nc(C)ccc34)CC2)c1,5.012,-0.7000110623221123,0,train,8.299988937677888,-0.8616765004516717,0.16166543812955936,0.16166543812955936
C=CCN[C@@H]1CCc2ccccc2[C@@H]1CC=C,152.0,-2.1818435879447726,1,train,6.818156412055227,-2.0202940554661253,-0.16154953247864734,0.16154953247864734
O=[N+]([O-])c1ccc(CCN2CCN(c3ccccc3)CC2)cc1[N+](=O)[O-],90.2,-1.9552065375419418,0,train,7.044793462458058,-1.793715193685015,-0.16149134385692654,0.16149134385692654
O=C1CC2(CCCC2)CC(=O)N1CCN1CCN(c2cc(C(F)(F)F)ccc2F)CC1,160.3,-2.204933522354145,1,train,6.795066477645856,-2.0437543741208355,-0.16117914823330937,0.16117914823330937
Cc1cc2c(cn1)C(=O)N(CCN1CCC(c3noc4ccccc34)CC1)CC2,1.4,-0.146128035678238,1,train,8.853871964321762,-0.30730059836861345,0.16117256269037544,0.16117256269037544
COc1ccc(CN2CC=C(c3c[nH]c4ccc(OC(C)C)cc34)CC2)cc1,378.0,-2.5774917998372255,0,train,6.422508200162774,-2.4163453191837885,-0.16114648065343662,0.16114648065343662
C=CCc1ccccc1OCC1=NCCN1,70.79,-1.84997191232885,0,train,7.15002808767115,-2.011098613837886,0.16112670150903585,0.16112670150903585
O=S(=O)(NC1CCN(CCOc2ccccc2-c2ccccc2)C1)c1ccc(F)c(F)c1,92.0,-1.9637878273455553,1,train,7.036212172654444,-1.8028969716063616,-0.16089085573919393,0.16089085573919393
O=S(=O)(NC1CC2CCC(C1)N2CCOc1cccc(-c2ccccc2)c1)c1ccc(F)c(F)c1,74.0,-1.8692317197309762,0,train,7.130768280269024,-2.030121598555851,0.16088987882487493,0.16088987882487493
Cc1ccc2c(n1)C(=O)N(CCN1CCC(c3noc4ccccc34)CC1)CC2,2.3233333333333337,-0.36611152337834707,1,train,8.633888476621653,-0.5268228820537536,0.1607113586754066,0.1607113586754066
COc1cc2c(cc1N1C[C@@H](C)N(C)[C@@H](C)C1)N(C(=O)c1ccc(-c3cccc(C)n3)c3ccccc13)CC2,501.19,-2.7000023971422538,0,train,6.299997602857746,-2.539383361171119,-0.16061903597113458,0.16061903597113458
CN(CCNc1cc(Cl)ccc1Cl)CCN1C(=O)CC2(CCCC2)CC1=O,717.0,-2.8555191556678,0,train,6.1444808443322,-2.6951138730791344,-0.1604052825886657,0.1604052825886657
O=S(=O)(NC1CCN(CCOc2cccc(F)c2)C1)c1cccs1,270.0,-2.4313637641589874,0,train,6.568636235841012,-2.271024320779939,-0.1603394433790486,0.1603394433790486
CC(C)c1ccccc1OCCN1CCC(NS(=O)(=O)c2cncc3ccccc23)CC1,103.0,-2.012837224705172,0,train,6.987162775294828,-2.1730751655293443,0.1602379408241723,0.1602379408241723
COc1cc2ncnc(N3CCC(CN4CCN(c5ccccc5)CC4)C3)c2cc1OC,32.36,-1.5100085129402347,1,train,7.489991487059765,-1.670236497988512,0.1602279850482773,0.1602279850482773
Cn1c(F)cc2c1CCN(CCN1CCN(c3nsc4ccccc34)CC1)C2=O,1.58,-0.19865708695442263,1,train,8.801342913045577,-0.358805803560532,0.16014871660610938,0.16014871660610938
COc1cccc(CCN2CCN(c3ccccc3OC)CC2)c1,2.4,-0.38021124171160603,0,train,8.619788758288394,-0.5402304050146697,0.1600191633030637,0.1600191633030637
COc1cc(Br)c2occ3c2c1[C@H](CN)CC3,105.0,-2.0211892990699383,0,train,6.978810700930062,-2.1811299803253497,0.1599406812554114,0.1599406812554114
OC(CCN1CCN(c2ccc(Cl)cc2)CC1)c1ccc2ccccc2c1,5011.87,-3.6999997975545824,1,train,5.300000202445418,-3.540178723588917,-0.15982107396566558,0.15982107396566558
CSc1ccccc1N1CCN(CCCCCC(=O)N2CCc3ccccc3C2)CC1,2.04,-0.3096301674258988,1,train,8.6903698325741,-0.4692648075015935,0.15963464007569472,0.15963464007569472
O=C1CC2(CCCC2)CC(=O)N1CCN1CCN(c2cc(Cl)ccc2Cl)CC1,36.0,-1.5563025007672873,1,train,7.443697499232712,-1.715784378292917,0.1594818775256297,0.1594818775256297
COc1ccc(-c2ccccc2N2CCN(C[C@@H](O)COc3cnccn3)CC2)cc1,82.9,-1.9185545305502736,0,train,7.081445469449727,-2.0780007793906425,0.15944624884036895,0.15944624884036895
CC(=O)c1c(OCCCN2CCN(c3cc(C)ccc3C)CC2)ccc2c(C)cc(=O)oc12,14.0,-1.146128035678238,1,train,7.853871964321762,-0.9869394140888923,-0.15918862158934566,0.15918862158934566
COc1ccccc1N1CCN(CCC(O)c2ccccc2)CC1,47.86,-1.6799726942774185,0,train,7.320027305722581,-1.839129762688331,0.15915706841091248,0.15915706841091248
CCOc1cccc2c1O[C@@H](CN1[C@@H]3CC[C@H]1C[C@](O)(c1csc4ccccc14)C3)CO2,16.7,-1.2227164711475833,1,train,7.777283528852417,-1.0639145496470321,-0.15880192150055117,0.15880192150055117
O=C(NCCN1CC=C(c2cccc(C(F)(F)F)n2)CC1)C1CCC(F)(F)CC1,357.0,-2.552668216112193,0,train,6.447331783887806,-2.7114689284679074,0.15880071235571425,0.15880071235571425
COc1cccc2c1CC(N(C)CCCc1c[nH]c3ccc(F)cc13)CO2,40.0,-1.6020599913279623,0,train,7.3979400086720375,-1.4434225533050837,-0.15863743802287877,0.15863743802287877
CC(C)c1ccccc1OCCN1CCC(NC(=O)Nc2cccc(Cl)c2)CC1,591.0,-2.7715874808812555,0,train,6.228412519118745,-2.6131932050463287,-0.15839427583492682,0.15839427583492682
Cc1cccc(F)c1Oc1cccc(F)c1OC1CNC1,3.0,-0.47712125471966244,0,train,8.522878745280337,-0.6352887293716184,0.15816747465195602,0.15816747465195602
O=S(=O)(c1cccc(N2CCNCC2)c1)n1cccc1-c1cccc(F)c1,1839.0,-3.2645817292380777,1,train,5.735418270761922,-3.1065056620709557,-0.15807606716712197,0.15807606716712197
Fc1ccccc1Oc1ncccc1C1CCNCC1,13.0,-1.1139433523068367,1,train,7.886056647693163,-1.271870354577998,0.1579270022711612,0.1579270022711612
Cc1ccc2c(N3CCN(CCc4ccc5c(c4)OCC(=O)N5)CC3)cccc2n1,0.2512,0.5999803649348415,1,train,9.599980364934842,0.44219680904744985,0.15778355588739168,0.15778355588739168
COc1cccc2c(NCCNc3ccnc4c(OC)cccc34)ccnc12,3090.15,-3.489979561169549,0,train,5.510020438830451,-3.3322310583947967,-0.15774850277475228,0.15774850277475228
CN(C)c1ccc2c(c1)-c1cccc3c1C(C2)N(C)CC3,458.0,-2.660865478003869,0,train,6.339134521996131,-2.5031447316520206,-0.15772074635184863,0.15772074635184863
Fc1ccccc1-c1n[nH]cc1N1CCNCC1,469.0,-2.6711728427150834,0,train,6.328827157284916,-2.5134586951698674,-0.1577141475452164,0.1577141475452164
CC(C)c1ccccc1OCCN1CCC(NS(=O)(=O)c2ccc(Cl)s2)CC1,455.0,-2.6580113966571126,1,train,6.341988603342887,-2.5005081153505766,-0.157503281306536,0.157503281306536
Cc1ccc2c(OCCN3CCC(Cc4ccc5c(c4)NC(=O)CO5)CC3)cc(Cl)cc2n1,1.585,-0.2000292665537703,1,train,8.79997073344623,-0.3575299062433295,0.15750063968955919,0.15750063968955919
c1ccc2c(N3CCN(CCCOc4ccc5c(c4)CNC5)CC3)cccc2c1,0.149,0.826813731587726,1,train,9.826813731587727,0.6693450637744052,0.1574686678133208,0.1574686678133208
COCCOc1cc(CC2CCN(CCc3ccc4c(c3)C(=O)CCO4)CC2)ccc1Br,5.05,-0.7032913781186614,1,train,8.296708621881338,-0.8607184914056708,0.15742711328700942,0.15742711328700942
CC(C)c1ccccc1OCC(O)CN1CCC(NS(=O)(=O)c2cccc(F)c2)CC1,742.0,-2.870403905279027,0,train,6.1295960947209736,-2.713281562577675,-0.15712234270135195,0.15712234270135195
CN(C)c1cccc(OCCNCC2(F)CCN(C(=O)c3ccc(F)c(Cl)c3)CC2)c1,0.251,0.6003262785189618,0,train,9.600326278518962,0.7574386584418715,-0.15711237992290972,0.15711237992290972
O=C(c1cccc2ccccc12)N(CCN1CCN(c2ccccc2)CC1)c1ccccn1,35.85,-1.5544891600038189,0,train,7.445510839996182,-1.3973773522331865,-0.15711180777063238,0.15711180777063238
CCCN(CCC)C1CCc2c(O)cccc2C1,344.0,-2.53655844257153,0,train,6.46344155742847,-2.379681835902755,-0.1568766066687748,0.1568766066687748
c1ccc(-c2cccc(CN3CCN(c4cccc5c4CCCN5)CC3)c2)cc1,85.0,-1.9294189257142926,1,train,7.070581074285707,-1.7727026521276361,-0.15671627358665674,0.15671627358665674
CC(C)c1ccccc1OCCN1CCC(N(C)S(=O)(=O)c2cnn(C)c2)CC1,346.0,-2.5390760987927767,0,train,6.460923901207224,-2.382456630805005,-0.1566194679877717,0.1566194679877717
COc1ccccc1N1CCN(CCCCCNS(=O)(=O)c2ccc3ccccc3c2)CC1,27.4,-1.437750562820388,0,train,7.562249437179612,-1.2811915023779543,-0.15655906044243362,0.15655906044243362
C[C@H]1C[C@H](c2cc3c(C(F)(F)F)cccc3s2)CCN1C[C@H](O)COc1cccc2[nH]ccc12,24.23,-1.3843534141375062,0,train,7.6156465858624935,-1.2278227422793062,-0.15653067185820002,0.15653067185820002
O=C([C@@H]1Cc2ccccc2CN1C(=O)CCCCCCN1CCN(c2ccccc2-c2ccccc2)CC1)N1CCCCC1,40.0,-1.6020599913279623,0,train,7.3979400086720375,-1.4455886560014708,-0.1564713353264917,0.1564713353264917
O=C(NCCCCN1CCN(c2ccccc2)CC1)c1ccc2ccccc2n1,94.0,-1.9731278535996986,1,train,7.026872146400302,-1.8167472498574457,-0.1563806037422526,0.1563806037422526
O[C@@H]1c2cc(F)c(F)cc2C[C@H]1N1CCC(c2cccc3c2OCCO3)CC1,2.188,-0.3400473176613932,0,train,8.659952682338607,-0.18412451733592827,-0.1559228003254649,0.1559228003254649
Cn1cc2c(n1)CCN(CCN1CCC(c3noc4ccccc34)CC1)C2=O,3.46,-0.5390760987927766,1,train,8.460923901207224,-0.6949224796796927,0.15584638088691605,0.15584638088691605
COc1cc2c3c(c1OC)-c1cc(N)ccc1CC3N(C)CC2,156.0,-2.1931245983544616,1,train,6.806875401645538,-2.3486762439047904,0.15555164555032874,0.15555164555032874
N#Cc1ccc2[nH]cc(CCCCN3CCN(c4ccc(-n5ccncc5=O)cc4)CC3)c2c1,0.8,0.09691001300805639,1,train,9.096910013008056,-0.05863865971895141,0.1555486727270077,0.1555486727270077
COc1ccc2[nH]cc(CCNCc3ccc(-c4cnc5ccccc5c4)o3)c2c1,1052.0,-3.02201573981772,0,train,5.97798426018228,-2.866519138714665,-0.1554966011030552,0.1554966011030552
CCOc1cccc(OCC)c1OCCNCCOc1ccccc1OCc1ccccc1,31.62,-1.4999618655961902,1,train,7.50003813440381,-1.344557261077759,-0.1554046045184312,0.1554046045184312
Fc1ccc(SCCCN2CCC(c3ccc(Cl)cc3)CC2)cc1,454.0,-2.6570558528571038,0,train,6.342944147142896,-2.5016911129735044,-0.15536473988359978,0.15536473988359978
O=C(N(CCN1CCN(c2ccccc2O)CC1)c1ccccn1)C12CCC(I)(CC1)C2,0.47,0.3279021420642826,0,train,9.327902142064282,0.17257307227455373,0.15532906978972885,0.15532906978972885
CN1CCN(c2nc(N)nc(C[Se]Cc3ccccc3)n2)CC1,7614.0,-3.8816128724783483,0,train,5.118387127521652,-3.7264328374964157,-0.1551800349819321,0.1551800349819321
C[C@H]([C@@H](O)c1ccc(O)cc1)N1CCC(Cc2ccccc2)CC1,46.0,-1.662757831681574,0,train,7.337242168318426,-1.817928904422081,0.1551710727405069,0.1551710727405069
OC(CCN1CCN(c2ccc(Cl)cc2)CC1)c1csc2ccccc12,5011.87,-3.6999997975545824,0,train,5.300000202445418,-3.5448630755937334,-0.15513672196084904,0.15513672196084904
NCCc1c[nH]c2ccc(OCCN3CCN(CCOc4ccc5[nH]cc(CCN)c5c4)CC3)cc12,9.5,-0.9777236052888477,0,train,8.022276394711152,-1.132699531267309,0.15497592597846133,0.15497592597846133
NCCc1c[nH]c2ccc(OCC(=O)N3CCN(c4ccc(NC(=O)c5ccccc5)cc4)CC3)cc12,61.0,-1.7853298350107671,0,train,7.214670164989233,-1.6307784363661673,-0.15455139864459988,0.15455139864459988
O=C1Nc2ccccc2C12CCN(CCN1CCN(c3ccc(Cl)c(Cl)c3)CC1)C2,4054.0,-3.60788374435699,0,train,5.3921162556430104,-3.4533483541260925,-0.15453539023089746,0.15453539023089746
COc1ccccc1N1CCN(CCCCCN2C(=O)c3ccccc3S2(=O)=O)CC1,3.0,-0.47712125471966244,0,train,8.522878745280337,-0.6316282477307138,0.15450699301105142,0.15450699301105142
COc1ccccc1N1CCN(CCCc2cn(-c3ccc(-c4ccsc4)cc3)nn2)CC1,7.4,-0.8692317197309762,1,train,8.130768280269024,-1.0237220722578104,0.15449035252683418,0.15449035252683418
NC(=O)c1ccccc1OCCCN1CCN(c2ccccc2)CC1,143.0,-2.155336037465062,0,train,6.844663962534938,-2.0008861827003757,-0.1544498547646862,0.1544498547646862
CC1(C)CC(=O)N(CCCCN2CCN(c3ncccn3)CC2)C(=O)C1,22.4,-1.3502480183341627,0,train,7.649751981665837,-1.5046912367537773,0.1544432184196145,0.1544432184196145
Fc1cccc(Cl)c1Oc1ncccc1C1CCNCC1,11.0,-1.0413926851582251,1,train,7.958607314841775,-1.195736758088484,0.15434407293025876,0.15434407293025876
CC(=O)c1c(C)cc2oc(=O)cc(C)c2c1OCCCCN1CCOCC1,250.0,-2.3979400086720375,0,train,6.6020599913279625,-2.2439133648338334,-0.15402664383820364,0.15402664383820364
CN1CCC[C@@H]1Cc1c[nH]c2ccc(NS(=O)(=O)c3cccc(Cl)c3)cc12,200.0,-2.3010299956639813,0,train,6.698970004336019,-2.147129593839432,-0.15390040182454934,0.15390040182454934
O=S(=O)(NC1CCN(CCCOc2ccccc2-c2ccccc2)CC1)c1ccc(F)cc1,1839.0,-3.2645817292380777,1,train,5.735418270761922,-3.110762133392868,-0.15381959584520954,0.15381959584520954
c1ccc(-c2ccc(CNCCc3c[nH]c4ccccc34)o2)cc1,125.0,-2.0969100130080562,1,train,6.903089986991944,-2.250643015354633,0.15373300234657705,0.15373300234657705
COc1cccc(CN2CCN(Cc3cc4ccccc4o3)CC2)c1,373.0,-2.571708831808688,0,train,6.428291168191312,-2.7251258450410005,0.15341701323231272,0.15341701323231272
CCN1C(=O)COc2c(CCN3CCN(c4cccc5nc(C)ccc45)CC3)cccc21,0.1259,0.8999742698921374,0,train,9.899974269892137,0.7466543436789559,0.15331992621318147,0.15331992621318147
CN[C@@H]1CCc2[nH]c3ccc(C(N)=O)cc3c2C1,62.0,-1.792391689498254,0,train,7.207608310501746,-1.9456909916846548,0.15329930218640087,0.15329930218640087
COc1ccccc1N1CCN(CCN2C(=O)c3ccc(N(C)C)cc3C2=O)CC1,15.0,-1.1760912590556813,1,train,7.823908740944319,-1.0228749944045818,-0.15321626465109928,0.15321626465109928
O=C1CC2(CCCC2)CC(=O)N1CCN1CCN(c2ccccc2C(F)(F)F)CC1,26.27,-1.4194600727860702,0,train,7.5805399272139296,-1.2662472639938676,-0.15321280879220267,0.15321280879220267
O[C@@H](COc1cccc2[nH]ccc12)CN1CCC(c2csc3ccccc23)CC1,1.84,-0.2648178230095365,0,train,8.735182176990463,-0.4179197284076514,0.1531019053981149,0.1531019053981149
O[C@@H]1c2ccc(F)cc2C[C@H]1N1CC=C(c2cccc3c2OCCO3)CC1,0.8511,0.07001940948448529,1,train,9.070019409484486,-0.0829761307519786,0.1529955402364638,0.1529955402364638
C1=C(CCN2CCc3ccccc3C2)CCc2ccccc21,138.01999999999998,-2.1399420230699797,0,train,6.860057976930021,-2.292910619782254,0.1529685967122738,0.1529685967122738
Fc1ccc2c(C3=CCN(CCOc4cccc5c4OCCO5)CC3)c[nH]c2c1,83.6,-1.9222062774390163,1,train,7.077793722560983,-1.7692532878503064,-0.15295298958871006,0.15295298958871006
O=C1COc2ccc(CN3CCN(CCOc4cccc5ncccc45)CC3)cc2N1,10.0,-1.0,0,train,8.0,-1.1526627070597706,0.15266270705977059,0.15266270705977059
CNc1ccccc1OCCNCC1(F)CCN(C(=O)c2ccc(F)c(Cl)c2)CC1,0.25875,0.5871196415350258,0,train,9.587119641535025,0.7394406485785642,-0.15232100704353835,0.15232100704353835
Cn1c(=O)cnn(CCCCN2CCN(c3ccccc3C#N)CC2)c1=O,0.835,0.07831352451639793,1,train,9.078313524516398,-0.07348493486031787,0.15179845937671577,0.15179845937671577
O=C1c2cnc(OC3COC3)cc2CCN1CCN1CCN(c2nsc3ccccc23)CC1,0.91,0.040958607678906384,1,train,9.040958607678906,0.19272203038121904,-0.15176342270231274,0.15176342270231274
CCCCN(C(=O)N[C@H]1CC[C@H](CCN2CCN(c3nsc4ccccc34)CC2)CC1)c1ccccc1,10.8,-1.0334237554869496,0,train,7.966576244513051,-0.8817007006036726,-0.1517230548832771,0.1517230548832771
COc1ccc(F)cc1OCCNCCc1c[nH]c2ccc(F)cc12,91.4,-1.9609461957338314,0,train,7.039053804266168,-1.8094060102029865,-0.15154018553084514,0.15154018553084514
O=C(NC1CCc2ccc(CCN3CCN(c4nsc5ccccc45)CC3)cc21)c1ccccc1,41.8,-1.6211762817750353,0,train,7.3788237182249645,-1.469640427715976,-0.15153585405905923,0.15153585405905923
CNC(=O)c1cc(Oc2ccc(NC(=O)Nc3ccc(Cl)c(C(F)(F)F)c3)cc2)ccn1,1181.0,-3.072249897613515,0,train,5.927750102386485,-2.9207291850665977,-0.15152071254691712,0.15152071254691712
COc1ccc(OC(CCN2CCN(c3ccccc3OC)CC2)c2ccccc2)cc1,89.13,-1.9500239065233265,0,train,7.0499760934766735,-2.101497401055527,0.15147349453220071,0.15147349453220071
Clc1ccc(N2CCN(Cc3cn4nc(Cl)ccc4n3)CC2)cc1,390.0,-2.591064607026499,0,train,6.4089353929735005,-2.7424287074659843,0.15136410043948523,0.15136410043948523
O=C(NCCCCN1CCN(c2cccc(F)c2F)CC1)c1cc2ccc1CCc1ccc(cc1)CC2,290.0,-2.462397997898956,0,train,6.537602002101044,-2.311109963553092,-0.15128803434586402,0.15128803434586402
CCCN1CCc2cccc3c2C1Cc1cccc(OCc2cn(CCCCN4CCN(c5ccccc5OC)CC4)nn2)c1-3,9.68,-0.9858753573083937,0,train,8.014124642691606,-1.1370887843960715,0.15121342708767793,0.15121342708767793
C1=C(c2c[nH]c3ccccc23)CCN(CCOc2cccc3[nH]ccc23)C1,21.6,-1.334453751150931,0,train,7.665546248849069,-1.4855334346348263,0.15107968348389544,0.15107968348389544
CCc1cccc(N2CCN(CC(O)CCNC(=O)c3cc4ccccc4o3)CC2)c1Cl,27.6,-1.4409090820652177,1,train,7.559090917934782,-1.59197185578876,0.1510627737235426,0.1510627737235426
C1=C(c2c[nH]c3ncccc23)CCN(CCOc2cccc3ncccc23)C1,71.6,-1.8549130223078556,0,train,7.145086977692144,-1.7039799645569178,-0.15093305775093824,0.15093305775093824
O=C(Nc1cccc([N+](=O)[O-])c1)N[C@H]1CC[C@H](CCN2CCN(c3nsc4ccccc34)CC2)CC1,9.07,-0.9576072870600952,0,train,8.042392712939904,-0.806806105608674,-0.15080118145142118,0.15080118145142118
CCC(Oc1cc(Cl)ccc1Cl)c1nc(Nc2ccccc2)nc(N2CCN(C)CC2)n1,5397.0,-3.7321524180652137,0,train,5.267847581934786,-3.581422561965594,-0.15072985609961975,0.15072985609961975
CNC1=Nc2c(OC(C)C)cccc2C(C)N1,669.0,-2.8254261177678233,0,train,6.174573882232177,-2.674755070991628,-0.1506710467761958,0.1506710467761958
COc1cccnc1OCCNCC1(F)CCN(C(=O)c2ccc(F)c(Cl)c2)CC1,0.4,0.3979400086720376,1,train,9.397940008672037,0.5480648131198798,-0.15012480444784215,0.15012480444784215
Cc1ccc(-c2c3n(c(=O)n(CCCCN4CCCC(c5c[nH]c6ccc(F)cc56)C4)c2=O)CCCC3)cc1,233.0,-2.367355921026019,1,train,6.632644078973981,-2.2175840232637816,-0.14977189776223732,0.14977189776223732
O=C1c2cccnc2CCN1CCN1CCN(c2nsc3ccccc23)CC1,18.4,-1.2648178230095364,1,train,7.735182176990463,-1.1152088612520143,-0.14960896175752203,0.14960896175752203
CN1CCc2cccc3c2C1Cc1ccc2nc(N)sc2c1-3,187.0,-2.271841606536499,0,train,6.7281583934635005,-2.122363439589645,-0.1494781669468539,0.1494781669468539
CCc1cccc(N2CCN(CC[C@H]3CC[C@H](NC(=O)COC)CC3)CC2)c1Cl,7.7,-0.8864907251724818,0,train,8.113509274827518,-1.0358743077777084,0.14938358260522655,0.14938358260522655
Cc1[nH]c2ccc(Cl)cc2c1CCN1CCCC(c2ccnc(NC3CC3)n2)C1,26.6,-1.424881636631067,0,train,7.575118363368933,-1.5742175675082486,0.14933593087718156,0.14933593087718156
COc1cccc(CCN2CCC(Cc3cc(OC)ccc3Br)CC2)c1,0.82,0.08618614761628333,0,train,9.086186147616283,-0.0630484965299604,0.1492346441462437,0.1492346441462437
O=C(c1ccc(F)c(Cl)c1)N1CCC(F)(CNCCOc2cccc(C(F)(F)F)c2)CC1,0.2876999999999999,0.5410601381096741,1,train,9.541060138109675,0.6902506565504121,-0.14919051844073794,0.14919051844073794
CCCN(CCC)CCc1c[nH]c2ccc(OS(=O)(=O)C(F)(F)F)cc12,23.0,-1.3617278360175928,0,train,7.638272163982407,-1.5108598966882443,0.14913206067065143,0.14913206067065143
CN1CCc2c(sc3ncn(CCN4CCN(c5cccc6ccsc56)CC4)c(=O)c23)C1,0.4,0.3979400086720376,1,train,9.397940008672037,0.24880862367092063,0.14913138500111697,0.14913138500111697
O=C(c1ccc(Cl)c(Cl)c1)N1CCC(F)(CNCCOc2cccc(Cl)c2)CC1,0.02512,1.5999803649348414,1,train,10.599980364934842,1.4509151882107703,0.14906517672407116,0.14906517672407116
Cc1ccc2c(OCCN3CCC(Cc4cccc(N5C[C@@H](C)O[C@@H](C)C5)c4)CC3)cccc2n1,2.512,-0.40001963506515853,0,train,8.599980364934842,-0.5490360645306148,0.14901642946545635,0.14901642946545635
CCn1cncc1-c1c[nH]c2ccc(Cl)c(F)c12,1698.0,-3.229937685907934,0,train,5.7700623140920655,-3.0810733736307263,-0.14886431227720776,0.14886431227720776
COc1ccc2c(NCCCCCCCNc3ccnc4cc(OC)ccc34)ccnc2c1,2818.19,-3.4499702695291647,0,train,5.550029730470835,-3.301167321621416,-0.14880294790774862,0.14880294790774862
COc1cccc(N2CCN(CCOc3ccccc3C(N)=O)CC2)c1,155.0,-2.1903316981702914,1,train,6.809668301829708,-2.041794615636887,-0.14853708253340425,0.14853708253340425
C1=C(c2c[nH]c3ccccc23)CCN(CCc2coc3ccccc23)C1,36.1,-1.557507201905658,0,train,7.442492798094342,-1.705962467154511,0.1484552652488531,0.1484552652488531
COc1ccc2c(c1)c(C1=CCNCC1)cn2S(=O)(=O)c1cccc2ncccc12,2944.0,-3.4689378056654614,0,train,5.531062194334538,-3.320778906735145,-0.14815889893031642,0.14815889893031642
Cc1ccc(C(CCNC(C)c2ccc(Cl)cc2)c2ccco2)cc1,9100.0,-3.9590413923210934,0,train,5.040958607678906,-3.811042739481459,-0.14799865283963376,0.14799865283963376
COc1ccccc1N1CCN(CC2COCC(c3ccccc3)(c3ccccc3)O2)CC1,5.012,-0.7000110623221123,0,train,8.299988937677888,-0.8478266141052551,0.14781555178314276,0.14781555178314276
O=C(CCN1CCN(c2ccc(Cl)cc2)CC1)c1csc2ccccc12,5011.87,-3.6999997975545824,0,train,5.300000202445418,-3.5522027775976572,-0.14779701995692518,0.14779701995692518
COc1ccccc1N1CCN(CCN(C(=O)c2cccc3ccccc23)c2ccccn2)CC1,1.89,-0.2764618041732441,0,train,8.723538195826755,-0.42420548772014904,0.14774368354690492,0.14774368354690492
O=C1Cc2ccccc2N1CCCCN1CCc2ccccc2C1,219.0,-2.3404441148401185,0,train,6.6595558851598815,-2.4879516769057215,0.147507562065603,0.147507562065603
COc1ccccc1N1CCN(CCC(=O)c2ccc(C)s2)CC1,17.38,-1.2400497721126476,1,train,7.7599502278873524,-1.387411654187849,0.1473618820752014,0.1473618820752014
COc1ccccc1N1CCN(CCNS(=O)(=O)c2ccc3ccccc3c2)CC1,24.4,-1.3873898263387294,0,train,7.61261017366127,-1.5346915346448151,0.1473017083060857,0.1473017083060857
N#Cc1ccc2[nH]cc(CCCCN3CCN(c4nccc(C(F)(F)F)n4)CC3)c2c1,0.7,0.1549019599857432,1,train,9.154901959985743,0.007607485735094682,0.1472944742506485,0.1472944742506485
COc1cccc(OCCNCC2(F)CCN(C(=O)c3ccc(Cl)c(Cl)c3)CC2)c1,0.04431,1.353498249968388,1,train,10.353498249968387,1.2062331933548378,0.14726505661355027,0.14726505661355027
CCOc1ccccc1N1CCN(CCCCCn2c(C)nc3ccccc3c2=O)CC1,2.99,-0.4756711883244297,0,train,8.52432881167557,-0.6228163166926692,0.14714512836823956,0.14714512836823956
Cc1noc2c1C(=O)N(CCN1CCC(c3noc4ccccc34)CC1)CCC2,13.5,-1.130333768495006,1,train,7.8696662315049934,-0.9832072599151274,-0.14712650857987875,0.14712650857987875
Cc1nc2c(o1)C(=O)N(CCN1CCC(c3noc4ccccc34)CC1)CCC2,20.2,-1.3053513694466237,1,train,7.694648630553377,-1.158358613907802,-0.14699275553882174,0.14699275553882174
Cc1ccc2c(N3CCN(CCc4cccc5c4OCC(=O)N5C)CC3)cc(F)cc2n1,0.1995,0.700057099977233,1,train,9.700057099977233,0.553182535421914,0.146874564555319,0.146874564555319
NC(=O)c1ccc(F)c2c1CC(N(CCCc1c[nH]c3ccc(Cl)cc13)C1CCC1)CO2,3.98,-0.5998830720736879,1,train,8.400116927926312,-0.7467456655394987,0.14686259346581088,0.14686259346581088
O=C(CCN1CCN(c2ccc(Cl)cc2)CC1)c1ccccc1,794.33,-2.9000009651534695,0,train,6.0999990348465305,-3.0468322400751746,0.14683127492170556,0.14683127492170556
CC(C)(C)c1ccccc1OCCN1CCC(NS(=O)(=O)c2ccccc2)CC1,8687.0,-3.9388698215129865,1,train,5.061130178487014,-3.792058211028546,-0.14681161048444036,0.14681161048444036
N#Cc1ccc2[nH]cc(CCCCN3CCN(c4ccc(-n5ccc6ncccc6c5=O)cc4)CC3)c2c1,0.5,0.3010299956639812,0,train,9.301029995663981,0.15421940586795746,0.14681058979602374,0.14681058979602374
Cc1ccc(Cl)cc1N1CCN(CCN2C(=O)CC3(CCCC3)CC2=O)CC1,134.84,-2.129818743848934,1,train,6.870181256151065,-1.9832766132115671,-0.1465421306373671,0.1465421306373671
COc1cccc2c(CCN3CC=C(c4c[nH]c5ccc(C#N)cc45)CC3)coc12,5.14,-0.7109631189952758,0,train,8.289036881004725,-0.8572320210378299,0.14626890204255416,0.14626890204255416
O=C1CC2CCc3ccsc3C2=NN1Cc1ccc(CN2CCN(Cc3ccccc3)CC2)cc1,786.0,-2.895422546039408,0,train,6.104577453960593,-2.749184940530478,-0.14623760550892984,0.14623760550892984
COc1ccccc1N1CCN(CCCn2cc(CCCCN3CCc4cc(O)c(O)cc4C(c4cccc(C)c4)C3)nn2)CC1,133.0,-2.123851640967086,0,train,6.876148359032914,-1.9778219332683988,-0.14602970769868695,0.14602970769868695
O[C@H](COc1cccc2[nH]ccc12)CN1C2C=C(c3ccc(Cl)c(Cl)c3)CC1CC2,107.0,-2.0293837776852097,0,train,6.97061622231479,-1.8834506072610122,-0.1459331704241975,0.1459331704241975
CC1(c2ccc(F)cc2)NC(=O)N(CC(O)CN2CCN(c3ccc(F)cc3)CC2)C1=O,6862.0,-3.8364507137201547,1,train,5.163549286279846,-3.6907871335203675,-0.14566358019978676,0.14566358019978676
Cc1cc2c(OC[C@@H](O)CN3CC[C@@H](c4ccc5c(C)csc5c4)C[C@@H]3C)cccc2[nH]1,7.82,-0.893206753059848,1,train,8.106793246940152,-0.7476391351693489,-0.1455676178904991,0.1455676178904991
O=c1c(-c2ccccc2)c2n(c(=O)n1CCCCN1CCCC(c3c[nH]c4ccc(F)cc34)C1)CCCC2,105.0,-2.0211892990699383,1,train,6.978810700930062,-1.8756569385615207,-0.14553236050841756,0.14553236050841756
COc1ccccc1N1CCN(CCC(=O)c2ccc([N+](=O)[O-])cc2)CC1,50.12,-1.7000110623221123,0,train,7.299988937677888,-1.8455079773303902,0.14549691500827788,0.14549691500827788
Nc1nc(NCCc2c[nH]c3ccccc23)nc(N2CCN(c3cccc(Cl)c3Cl)CC2)n1,6806.0,-3.8328919447597904,0,train,5.1671080552402096,-3.687524821805612,-0.14536712295417864,0.14536712295417864
NCCc1c[nH]c2ccc(OCCNC(=O)COc3ccc4[nH]cc(CCN)c4c3)cc12,2.2,-0.3424226808222063,0,train,8.657577319177793,-0.48774148901923325,0.14531880819702697,0.14531880819702697
COc1cccc(-c2n[nH]cc2N2CCNCC2)c1,270.0,-2.4313637641589874,0,train,6.568636235841012,-2.2861198341828857,-0.14524392997610214,0.14524392997610214
c1ccc(CC2CCN(CC3COc4ccccc4C3)CC2)cc1,226.0,-2.3541084391474008,1,train,6.645891560852599,-2.2088685893792306,-0.14523984976817017,0.14523984976817017
COc1cccc(OC)c1[S+](O)CCNCCOc1ccccc1OCc1ccccc1,3.162,-0.4999618655961902,0,train,8.500038134403809,-0.6450224147607545,0.1450605491645643,0.1450605491645643
Fc1ccc2c(CCN3CCCC(c4ccnc(NC5CC5)n4)C3)c[nH]c2c1,64.5,-1.8095597146352678,0,train,7.1904402853647325,-1.6645424202598116,-0.1450172943754564,0.1450172943754564
O=S(=O)(N[C@H]1CC[C@H](CCN2CCN(c3nsc4ccccc34)CC2)CC1)c1c[nH]c2ccccc12,17.1,-1.2329961103921538,0,train,7.767003889607846,-1.088072648646105,-0.14492346174604886,0.14492346174604886
Cc1ccc2c(OCCN3CCN(Cc4cccc5ncccc45)CC3)cccc2n1,398.11,-2.60000308662774,0,train,6.399996913372259,-2.4552235645414546,-0.14477952208628553,0.14477952208628553
O=C1[C@@H]2[C@H]3CC[C@H](C3)[C@@H]2C(=O)N1CCCCCCN1CCN(c2ccc(Cl)cc2)CC1,55.0,-1.7403626894942439,0,train,7.259637310505756,-1.8850871553209418,0.14472446582669773,0.14472446582669773
CN1CCC(c2c[nH]c3ccc(NC(=O)c4ccc(F)cc4)cc23)CC1,22.0,-1.3424226808222062,1,train,7.657577319177793,-1.487118268636675,0.1446955878144689,0.1446955878144689
Cc1c(-c2ccccc2)oc2c(C(=O)NCCCN3CCN(c4ccccc4OCc4no[n+]([O-])c4C)CC3)cccc2c1=O,1.6,-0.2041199826559248,0,train,8.795880017344075,-0.3487049617516078,0.14458497909568302,0.14458497909568302
O=C(NCCCCN1CCN(c2ccccc2)CC1)c1n[nH]c2ccccc12,216.0,-2.3344537511509307,0,train,6.665546248849069,-2.1898770690285674,-0.1445766821223633,0.1445766821223633
Cc1ccc(-c2cc3c(=O)n(CCN4CCN(c5ccccc5Cl)CC4)c(=O)[nH]c3[nH]2)cc1,1815.0,-3.258876629372131,1,train,5.741123370627869,-3.1144387170138375,-0.14443791235829373,0.14443791235829373
Cc1c(S(=O)(=O)Nc2ccc3nccc(N4CCNCC4)c3c2)sc2ccc(Cl)cc12,1000.0,-3.0,0,train,6.0,-2.855581467034761,-0.144418532965239,0.144418532965239
COc1cc2c3c(c1O)-c1cc([N+](=O)[O-])ccc1CC3N(C)CC2,548.0,-2.738780558484369,0,train,6.261219441515631,-2.594467269654341,-0.14431328883002825,0.14431328883002825
CN1CCc2c(sc3ncn(CCN4CCN(c5ccccc5Oc5ccccc5)CC4)c(=O)c23)C1,0.9,0.045757490560675115,0,train,9.045757490560675,-0.09843474694332638,0.14419223750400148,0.14419223750400148
COc1cc2c(cc1O)[C@@H]1Cc3sc(CC4CC4)cc3CN1CC2,175.32,-2.2438314619819217,0,train,6.756168538018079,-2.3879973436815543,0.14416588169963251,0.14416588169963251
c1ccc(OCCNCC2COC(c3ccccc3)(c3ccccc3)O2)cc1,3.548,-0.5499836111596887,1,train,8.45001638884031,-0.69401928289164,0.1440356717319513,0.1440356717319513
Cc1cc2c(OC[C@H](O)CN3CC[C@@H](c4ccc5occc5c4)C[C@@H]3C)cccc2[nH]1,1.39,-0.14301480025409505,1,train,8.856985199745905,-0.28702284014105545,0.14400803988696045,0.14400803988696045
O=C1c2[nH]ncc2CCN1CCN1CCC(c2noc3ccccc23)CC1,11.6,-1.0644579892269184,1,train,7.935542010773082,-1.208289647013072,0.1438316577861536,0.1438316577861536
COc1ccccc1N1CCN(Cc2ccc(C(=O)N3Cc4ccccc4C[C@H]3C(N)=O)cc2)CC1,77.0,-1.8864907251724818,0,train,7.113509274827518,-2.030171040835508,0.14368031566302641,0.14368031566302641
CCCN1CCc2cccc3c2C1Cc1cccc(OCCCn2cc(CCN4CCN(c5ccccc5OC)CC4)nn2)c1-3,7.59,-0.8802417758954804,0,train,8.119758224104519,-1.0237267012974005,0.14348492540192015,0.14348492540192015
O=c1[nH]c(CCCCN2CCC(Cc3ccccc3)CC2)nc2c1sc1ccccc12,328.0,-2.515873843711679,1,train,6.484126156288321,-2.659326690725409,0.14345284701372973,0.14345284701372973
O=c1sc2ccccc2n1CCCCN1CCN(Cc2ccccc2)CC1,695.11,-2.8420535364071773,1,train,6.157946463592823,-2.6986741976682316,-0.1433793387389457,0.1433793387389457
CN1C(=N)N(C)/C(=C/c2c[nH]c3ccc(Br)cc23)C1=O,527.0,-2.7218106152125467,1,train,6.278189384787453,-2.8651524800072714,0.14334186479472466,0.14334186479472466
CCCCNC(=O)N1CCC2(CC1)OCC(CN1CCN(c3ccccc3OC)CC1)O2,79.43,-1.899984562549391,0,train,7.100015437450609,-1.7566720480344546,-0.14331251451493632,0.14331251451493632
COc1cccc(OC)c1SCCNCCOc1ccccc1OCc1ccccc1,15.85,-1.2000292665537702,0,train,7.79997073344623,-1.0567419796394797,-0.1432872869142905,0.1432872869142905
O=C1NCc2ccc(OCCCN3CCN(c4cccc5cc(F)c(F)cc45)CC3)cc21,0.179,0.7471469690201068,1,train,9.747146969020108,0.6039194287242422,0.1432275402958646,0.1432275402958646
Clc1ccc2c(c1)N=C(N1CCNCC1)c1cccnc1O2,375.0,-2.574031267727719,0,train,6.425968732272281,-2.431026658326093,-0.14300460940162596,0.14300460940162596
O=c1c2cccnc2ccn1CCN1CCN(c2nsc3ccccc23)CC1,20.0,-1.3010299956639813,1,train,7.698970004336019,-1.1580332454683964,-0.1429967501955849,0.1429967501955849
O=c1c(CN2CCC(Cc3ccccc3)CC2)coc2ccccc12,120.0,-2.0791812460476247,0,train,6.920818753952375,-1.9362018588125232,-0.1429793872351015,0.1429793872351015
Cc1cc(C)cc(C2=CCN(CCN3C(=O)c4ccccc4C3=O)CC2)c1,105.0,-2.0211892990699383,0,train,6.978810700930062,-2.1640253185340974,0.14283601946415914,0.14283601946415914
CCCCCCCCC/C=C/C(=O)CCc1ccc(O)c(OC)c1,5840.0,-3.7664128471123997,0,train,5.2335871528876,-3.909061560426586,0.14264871331418583,0.14264871331418583
CC(Oc1ccccc1Br)C1=NCCN1,147.91,-2.1699975370665703,0,train,6.83000246293343,-2.3126457503511024,0.14264821328453214,0.14264821328453214
N#Cc1ccnc(N2CCN(CCCCc3c[nH]c4ccc(F)cc34)CC2)n1,18.0,-1.255272505103306,0,train,7.7447274948966935,-1.1128010044277339,-0.14247150067557213,0.14247150067557213
COc1ccc2c(c1)C(CNCCCc1ccccc1)CCO2,93.0,-1.968482948553935,0,train,7.031517051446065,-1.8260780132369692,-0.14240493531696585,0.14240493531696585
c1ccc(COc2ccccc2N2CCNCC2)cc1,28.0,-1.4471580313422192,0,train,7.552841968657781,-1.5894089382445857,0.14225090690236653,0.14225090690236653
O=C1CC(c2c[nH]c3ccccc23)C(=O)N1CCCCN1CCCC(c2c[nH]c3ccccc23)C1,122.0,-2.0863598306747484,0,train,6.913640169325252,-1.944165643493951,-0.14219418718079746,0.14219418718079746
O=C1c2ncccc2CCN1CCN1CCN(c2noc3ccc(F)cc23)CC1,124.0,-2.093421685162235,1,train,6.906578314837764,-1.9513020309222404,-0.14211965423999473,0.14211965423999473
O=c1sc2ccccc2n1CCCCN1CCc2ccccc2C1,74.92,-1.8745977687031998,0,train,7.1254022312968,-2.0165431732244166,0.1419454045212165,0.1419454045212165
N#Cc1ccnc(N2CCN(CCCc3c[nH]c4ccc(F)cc34)CC2)n1,4.0,-0.6020599913279624,0,train,8.397940008672037,-0.7438821900710794,0.14182219874311697,0.14182219874311697
C[C@H]1C[C@H](c2cc3ccc(F)cc3s2)CCN1C[C@H](O)COc1cccc2[nH]ccc12,5.52,-0.7419390777291989,0,train,8.2580609222708,-0.8836974215019002,0.14175834377270136,0.14175834377270136
CC(Cc1c[nH]c2ccccc12)N1CCCC(c2ccnc(NC3CC3)n2)C1,40.2,-1.60422605308447,0,train,7.39577394691553,-1.7457463809916134,0.1415203279071433,0.1415203279071433
Cc1cccc(F)c1Oc1cccc(F)c1OC1CCNCC1,4.0,-0.6020599913279624,0,train,8.397940008672037,-0.7435128749229218,0.14145288359495944,0.14145288359495944
NCCc1c[nH]c2ccc(OCC(=O)NCCCNC(=O)COc3ccc4[nH]cc(CCN)c4c3)cc12,8.6,-0.9344984512435677,0,train,8.065501548756432,-0.7931873419383513,-0.1413111093052163,0.1413111093052163
Cc1ccccc1N1CCN(CCN2C(=O)CC3(CCCC3)CC2=O)CC1,25.35,-1.4039779636693548,1,train,7.596022036330645,-1.2629605474689631,-0.14101741620039165,0.14101741620039165
O=S(=O)(NC1CC2CCC(C1)N2CCOc1cccc(-c2ccccc2)c1)c1cccc(F)c1,123.0,-2.089905111439398,0,train,6.910094888560602,-2.2308496007487766,0.14094448930937853,0.14094448930937853
Cc1ccc2c(N3CCN(CCc4cccc5c4OCc4c(C(=O)N6CCOCC6)ncn4-5)CC3)cccc2n1,0.3981,0.40000782241590205,0,train,9.400007822415901,0.5409220707664899,-0.1409142483505879,0.1409142483505879
O=C1NCc2ccc(OCCCCN3CCN(c4cccc5cccc(F)c45)CC3)c(Cl)c21,4.25,-0.6283889300503115,1,train,8.371611069949688,-0.4875443479565643,-0.14084458209374717,0.14084458209374717
CCOc1ccccc1N1CCN(CCCCn2ncc(=O)n(C)c2=O)CC1,0.66,0.1804560644581313,1,train,9.18045606445813,0.039617677083654726,0.14083838737447657,0.14083838737447657
CCn1cncc1-c1c[nH]c2ccc(Br)c(F)c12,316.0,-2.499687082618404,0,train,6.500312917381596,-2.640193962543439,0.1405068799250353,0.1405068799250353
CC(C)(C)CCCCCCCOc1ccc2[nH]cc(CCN)c2c1,63.0,-1.7993405494535817,1,train,7.200659450546418,-1.6588519621177003,-0.14048858733588143,0.14048858733588143
N#Cc1ccc2[nH]cc(CCCN3CCN(c4ccc(-n5ccccc5=O)cc4)CC3)c2c1,1.2,-0.07918124604762482,1,train,8.920818753952375,-0.21922020715824808,0.14003896111062328,0.14003896111062328
O=c1c(-c2ccccc2Cl)c2ccccn2c(=O)n1CCCCN1CCCC(c2c[nH]c3ccc(F)cc23)C1,378.0,-2.5774917998372255,1,train,6.422508200162774,-2.4375804410582926,-0.13991135877893246,0.13991135877893246
C=CCN(CC=C)CCc1c[nH]c2ccc(F)cc12,79.43,-1.899984562549391,0,train,7.100015437450609,-1.7603451889889186,-0.1396393735604724,0.1396393735604724
O=c1[nH]c(SCCCN2CCC(Cc3ccccc3)CC2)nc2c1sc1ccccc12,993.0,-2.996949248495381,1,train,6.0030507515046185,-2.858036860715723,-0.1389123877796581,0.1389123877796581
CN1C(=N)N/C(=C/c2c[nH]c3ccc(Br)cc23)C1=O,7361.0,-3.866936817731639,1,train,5.13306318226836,-3.728087707561315,-0.13884911017032442,0.13884911017032442
O=C1CCc2c(F)ccc(OCC(O)CN3CCC4(CC3)OCc3c4ccc4ccccc34)c21,2.3,-0.36172783601759284,0,train,8.638272163982407,-0.5005732234132411,0.13884538739564828,0.13884538739564828
O=c1n(CCCCCCN2CCN(c3cccc(C(F)(F)F)c3)CC2)nc2ccccn12,17.0,-1.2304489213782739,0,train,7.769551078621726,-1.09174944073546,-0.13869948064281412,0.13869948064281412
CC1CN(c2ccccc2[N+](=O)[O-])CC(C)N1CCN1C(=O)CC2(CCCC2)CC1=O,399.2,-2.6011905326153335,0,train,6.398809467384666,-2.462539112859,-0.1386514197563331,0.1386514197563331
Cc1nc(C)c2c(n1)CCN(CCN1CCC(c3noc4ccccc34)CC1)C2=O,20.3,-1.307496037913213,1,train,7.692503962086787,-1.1690782157138946,-0.13841782219931842,0.13841782219931842
Cc1ccc2c(OCCN3CCC(Cc4cccc(C5CCN(C)CC5)c4)CC3)cccc2n1,3.162,-0.4999618655961902,1,train,8.500038134403809,-0.6383721477807857,0.13841028218459545,0.13841028218459545
C#CCOc1c(OC)cc2c3c1-c1cc(NS(C)(=O)=O)ccc1CC3N(C)CC2,511.0,-2.708420900134713,0,train,6.291579099865287,-2.570179061145554,-0.13824183898915887,0.13824183898915887
COc1ccc(C(O)CCN2CCN(c3ccccc3OC)CC2)cc1,323.59,-2.509995092013399,0,train,6.4900049079866005,-2.3718666898226086,-0.13812840219079048,0.13812840219079048
COc1ccc2c(CCN3CC=C(c4c[nH]c5ccc(F)cc45)CC3)coc2c1,66.3,-1.8215135284047732,0,train,7.178486471595226,-1.6834224452372941,-0.13809108316747865,0.13809108316747865
CN1CCc2c(sc3ncn(CCN4CCN(c5cccc6ccncc56)CC4)c(=O)c23)C1,0.3,0.5228787452803376,1,train,9.522878745280337,0.3849232825141709,0.13795546276616671,0.13795546276616671
CC(=O)N(C)c1ccc(OCCCN2CCC(c3noc4cc(F)ccc34)CC2)cc1,21.3,-1.3283796034387378,1,train,7.671620396561262,-1.4663093617762082,0.13792975833747034,0.13792975833747034
Fc1ccc2c(C3CCN(CCCOc4ccc(CCN5CCOCC5)cc4)CC3)noc2c1,5.6,-0.7481880270062004,1,train,8.2518119729938,-0.8860837942932577,0.13789576728705732,0.13789576728705732
O=C1CC(c2c[nH]c3ccc(F)cc23)C(=O)N1CCCN1CCC(c2c[nH]c3ccccc23)CC1,143.2,-2.1559430179718366,1,train,6.844056982028164,-2.018098699058391,-0.13784431891344573,0.13784431891344573
COc1ccc2[nH]cc(C3CCN(CCCCN4C(=O)CC(c5c[nH]c6ccc(F)cc56)C4=O)CC3)c2c1,3.2,-0.505149978319906,1,train,8.494850021680094,-0.6429667774003722,0.13781679908046618,0.13781679908046618
Fc1ccc(Oc2cccc(F)c2C2CCNCC2)cc1,156.0,-2.1931245983544616,1,train,6.806875401645538,-2.055312619070697,-0.13781197928376443,0.13781197928376443
O=C(OCc1ccccc1)N1CCc2ccc(N3CCN(C4CCCC4)CC3)cc2C1,1201.0,-3.079543007402906,0,train,5.920456992597094,-2.9417418724649353,-0.13780113493797064,0.13780113493797064
CCc1[nH]c2ccc(OC)cc2c1CCN(C)C,170.0,-2.230448921378274,0,train,6.769551078621726,-2.3681204917909127,0.13767157041263856,0.13767157041263856
CCOc1ccccc1N1CCN(CCCCCn2cnc3sc(C)c(C)c3c2=O)CC1,2.01,-0.30319605742048883,0,train,8.69680394257951,-0.4408640916879304,0.13766803426744162,0.13766803426744162
NCCc1c[nH]c2ccc(OCCN3CCN(C(=O)COc4ccc5[nH]cc(CCN)c5c4)CC3)cc12,9.5,-0.9777236052888477,0,train,8.022276394711152,-1.1152937282390263,0.13757012295017867,0.13757012295017867
O=c1[nH]c2[nH]c(-c3ccc(Cl)cc3)cc2c(=O)n1CCN1CCN(c2ccccc2Cl)CC1,1513.0,-3.179838928023187,1,train,5.820161071976813,-3.0422781907538905,-0.1375607372692964,0.1375607372692964
COc1ccccc1N1CCN(CC2COC3(CCCCC3)O2)CC1,5.129,-0.7100326990657535,1,train,8.289967300934247,-0.8475007409114345,0.13746804184568095,0.13746804184568095
CN1C(=O)C2(CCCCN3CCc4sccc4C3)CCCc3cccc1c32,776.25,-2.8900016131846367,0,train,6.109998386815363,-2.7525553028149887,-0.13744631036964794,0.13744631036964794
COc1ccc(Br)c(CC2CCN(CCc3cccc4ccccc34)CC2)c1,4.81,-0.6821450763738317,0,train,8.317854923626168,-0.544772352774864,-0.13737272359896768,0.13737272359896768
CCc1cccc(N2CCN(CC[C@H]3CC[C@H](NC(=O)c4ccnc5ccccc45)CC3)CC2)c1Cl,75.0,-1.8750612633917,0,train,7.1249387366083,-1.7378293670949514,-0.1372318962967487,0.1372318962967487
Cc1ccc2c(N3CCN(CCc4cccc(N5CCOC5=O)c4)CC3)cccc2n1,0.3981,0.40000782241590205,0,train,9.400007822415901,0.2628884720609875,0.13711935035491452,0.13711935035491452
COc1cccc2c1O[C@@H](CN1[C@@H]3CC[C@H]1C[C@](O)(c1ccccc1)C3)CO2,1.53,-0.1846914308175988,1,train,8.8153085691824,-0.32172367597555,0.1370322451579512,0.1370322451579512
CN1CCc2ccc3c4c2[C@H]1Cc1cccc(c1-4)C3,40.7,-1.6095944092252201,0,train,7.39040559077478,-1.746598433958559,0.13700402473333906,0.13700402473333906
Cc1nc(Cl)c(Sc2ccc(Cl)cc2)c(NC2CCN(Cc3ccccc3)CC2)n1,160.0,-2.2041199826559246,0,train,6.795880017344075,-2.340816210992508,0.13669622833658313,0.13669622833658313
Cn1cnc(-c2ccc3c(c2)c(C2CCN(CCC#N)CC2)cn3-c2ccc(F)cc2)n1,160.0,-2.2041199826559246,0,train,6.795880017344075,-2.067460496480174,-0.13665948617575108,0.13665948617575108
COc1ccccc1N1CCN(Cc2cn3nc(Cl)ccc3n2)CC1,24.0,-1.380211241711606,0,train,7.619788758288394,-1.516869176337971,0.136657934626365,0.136657934626365
CC(C)c1ccccc1OCCCN1CCC(NS(=O)(=O)c2ccc(F)cc2)CC1,2081.0,-3.318272080211627,1,train,5.681727919788373,-3.181720642057472,-0.13655143815415505,0.13655143815415505
CN(C)C1CCc2c(cccc2-c2cccc(Cl)c2)C1,82.0,-1.9138138523837167,0,train,7.086186147616283,-2.0501853180689276,0.13637146568521086,0.13637146568521086
CCc1c(C(=O)N2CCc3cc4ccnc(N5CCN(CC)CC5)c4cc32)cnn1-c1ccc(C#N)cc1,3.162,-0.4999618655961902,0,train,8.500038134403809,-0.6362453063650977,0.13628344076890747,0.13628344076890747
OC1(c2ccc(Cl)c(C(F)(F)F)c2)CCN(CCCC=C(c2ccc(F)cc2)c2ccc(F)cc2)CC1,1363.0,-3.1344958558346736,0,train,5.865504144165326,-2.998280044058307,-0.13621581177636655,0.13621581177636655
Fc1cccc(Oc2ccccc2)c1C1CCNCC1,128.0,-2.1072099696478683,0,train,6.892790030352131,-1.9713580261141288,-0.13585194353373953,0.13585194353373953
CCCN(C)[C@@H]1CCc2cccc(OC)c2[C@@H]1CO,5.0,-0.6989700043360189,0,train,8.301029995663981,-0.8346515057394354,0.1356815014034165,0.1356815014034165
NC(=O)c1ccc(F)c2c1C[C@@H](NCCCc1c[nH]c3ccc(F)cc13)CO2,45.2,-1.6551384348113822,0,train,7.3448615651886175,-1.5194600798553637,-0.13567835495601854,0.13567835495601854
O=C(c1ccc(F)c(Cl)c1)N1CCC(F)(CNCCOc2cccnc2)CC1,1.607,-0.20601587676334454,1,train,8.793984123236655,-0.07043310737982626,-0.13558276938351826,0.13558276938351826
CCCN1CCc2cccc3c2C1Cc1ccc(NC(C)=O)cc1-3,21.0,-1.3222192947339193,1,train,7.6777807052660805,-1.4575649547556322,0.1353456600217129,0.1353456600217129
CC(C)c1ccccc1OCCN1CCC(NS(=O)(=O)c2cccc(Cl)c2)CC1,178.0,-2.250420002308894,1,train,6.7495799976911055,-2.385407697740173,0.13498769543127898,0.13498769543127898
C1=C(c2c[nH]c3ccccc23)CC2CCC1N2CCOc1cccc2[nH]ccc12,111.2,-2.0461047872460387,1,train,6.953895212753961,-1.9112497661863252,-0.13485502105971348,0.13485502105971348
Nc1nc(N)nc(NCCCCCN2CCN(c3cccc(Cl)c3Cl)CC2)n1,5.0,-0.6989700043360189,0,train,8.301029995663981,-0.8337131471611915,0.13474314282517263,0.13474314282517263
CN1CCC(c2c[nH]c3ccc(NC(=O)C4CCCC4)nc23)CC1,2000.0,-3.3010299956639813,1,train,5.698970004336019,-3.1664489624795964,-0.13458103318438486,0.13458103318438486
O=C1c2ccc(Cl)cc2CC1CCCCN1CCN(c2ccccn2)CC1,4.237,-0.6270584640009896,0,train,8.37294153599901,-0.7612441712968635,0.13418570729587387,0.13418570729587387
COc1ccccc1N1CCN(CC(O)CN2C(=O)NC(C)(c3cccc4ccccc34)C2=O)CC1,326.0,-2.513217600067939,0,train,6.486782399932061,-2.3792135261903877,-0.1340040738775512,0.1340040738775512
COc1ccccc1Oc1ncccc1C1CCNCC1,92.0,-1.9637878273455553,1,train,7.036212172654444,-1.8298553028074134,-0.1339325245381422,0.1339325245381422
CC[C@H]1c2cc(OC)ccc2OC[C@@]1(C)N,2511.89,-3.4000006169763797,0,train,5.59999938302362,-3.2662470116048654,-0.1337536053715147,0.1337536053715147
O=C1CC2CCc3ccsc3C2=NN1CCCCN1CCCC1,3528.0,-3.547528576459782,0,train,5.452471423540218,-3.4138804646583263,-0.13364811180145564,0.13364811180145564
O=S(=O)(c1cccc2ncccc12)N1CCC(CCN2CCN(c3ccc(F)cc3)CC2)CC1,759.0,-2.88024177589548,1,train,6.11975822410452,-2.746623649051782,-0.133618126843698,0.133618126843698
CC1(c2ccc3ccccc3c2)NC(=O)N(CC(O)CN2CCN(c3ccccc3C#N)CC2)C1=O,129.0,-2.110589710299249,0,train,6.889410289700751,-2.2441235571106533,0.13353384681140446,0.13353384681140446
O=c1n(CCCCCCN2CCN(c3cccc(Cl)c3)CC2)c2cccc3c2n1CCC3,74.0,-1.8692317197309762,0,train,7.130768280269024,-1.7357748243843039,-0.13345689534667216,0.13345689534667216
COc1ccc(N2CCN(CCCCCCN3C(=O)c4cccc5cccc3c45)CC2)cc1,291.0,-2.4638929889859074,1,train,6.536107011014092,-2.3306344554706193,-0.1332585335152885,0.1332585335152885
O=C(NCCCCN1CCN(c2cccc(Cl)c2Cl)CC1)c1ccc(I)s1,24.0,-1.380211241711606,0,train,7.619788758288394,-1.513291852248386,0.1330806105367801,0.1330806105367801
C#CCOc1cccc2c1-c1cccc3c1[C@@H](C2)N(CCC)CC3,55.0,-1.7403626894942439,0,train,7.259637310505756,-1.873377476392887,0.13301478689864288,0.13301478689864288
O=C1c2ccccc2S(=O)(=O)N1CCCCN1CCN(c2ncccn2)CC1,4.713333333333334,-0.6733281547412182,0,train,8.326671845258781,-0.8062201421858188,0.13289198744460062,0.13289198744460062
Fc1ccc(C2CCN(CCCc3c[nH]c4ccc(F)cc34)CC2)c(-c2ccccc2)c1,5.7,-0.7558748556724915,0,train,8.244125144327509,-0.88871885061279,0.13284399494029853,0.13284399494029853
C1=C(c2c[nH]c3ccccc23)CCN(CCOc2cccc3ncccc23)C1,92.6,-1.9666109866819343,0,train,7.033389013318065,-1.8338310910692186,-0.13277989561271575,0.13277989561271575
COc1cccc(OC(=O)N[C@H]2CC[C@H](CCN3CCN(c4nsc5ccccc45)CC3)CC2)c1,6.45,-0.8095597146352678,0,train,8.190440285364732,-0.6768177235609727,-0.13274199107429507,0.13274199107429507
NCCc1c[nH]c2ccc(OCCCCCC(=O)N3CCN(c4ccc(N)cc4)CC3)cc12,42.6,-1.6294095991027189,1,train,7.370590400897282,-1.7620175742275337,0.13260797512481481,0.13260797512481481
Fc1ccc(OCc2ccc(Cl)c(Cl)c2)c(C2CCNCC2)c1,1160.0,-3.0644579892269186,0,train,5.935542010773082,-2.9318934964064334,-0.1325644928204852,0.1325644928204852
O=C1Nc2ccc(Cl)cc2C1(c1c[nH]c2ccccc12)c1c[nH]c2ccccc12,2450.0,-3.3891660843645326,0,train,5.610833915635467,-3.2567043486257203,-0.13246173573881226,0.13246173573881226
CCCN1CCc2cccc3c2C1Cc1ccc(N(C)C)cc1-3,256.0,-2.4082399653118496,1,train,6.59176003468815,-2.2758753649745405,-0.13236460033730912,0.13236460033730912
Cc1ccc2c(N3CCN(CCc4c(C)ccc5c4ccc(=O)n5C)CC3)cc(F)cc2n1,1.259,-0.10002573010786256,0,train,8.899974269892137,-0.2321657927747199,0.1321400626668574,0.1321400626668574
Cc1nc(OCCCCCN2CCN(c3ccccc3)CC2)c2ccccc2n1,24.7,-1.3926969532596658,0,train,7.607303046740334,-1.5246896450792795,0.1319926918196137,0.1319926918196137
Cc1ccc(C(C)C)c(OCc2nc(N)nc(N3CCN(C)CC3)n2)c1,12530.0,-4.09795107099415,0,train,4.90204892900585,-3.966089147811422,-0.13186192318272827,0.13186192318272827
O=C1Cc2ccccc2N1CCCCCN1CCN(c2cccc3ccccc23)CC1,16.0,-1.2041199826559248,0,train,7.795880017344075,-1.3359254018421343,0.13180541918620947,0.13180541918620947
Oc1ccc2cc(C3CCN(C[C@H](O)COc4cccc5[nH]ccc45)CC3)sc2c1,3.09,-0.4899584794248346,0,train,8.510041520575164,-0.6214667684860177,0.13150828906118306,0.13150828906118306
Cc1ccccc1C(=O)Nc1ccc2[nH]cc(C3CCN(C)CC3)c2n1,106.0,-2.0253058652647704,0,train,6.97469413473523,-1.8938217754313464,-0.13148408983342397,0.13148408983342397
COc1ccc(-c2ccccc2C2CCN(CCCCOc3cnccn3)CC2)cc1,811.0,-2.909020854211156,0,train,6.090979145788844,-2.7775786086248915,-0.1314422455862645,0.1314422455862645
O=C1c2ncccc2CCN1CCN1CCN(c2nsc3ccccc23)CC1,1.46,-0.1643528557844371,1,train,8.835647144215564,-0.2956040924247337,0.1312512366402966,0.1312512366402966
CN(C)C1CCc2c(cccc2-c2ccc(F)cc2Cl)C1,33.0,-1.5185139398778875,0,train,7.481486060122112,-1.6497267407146683,0.13121280083678077,0.13121280083678077
OC(CNCCC(Oc1ccc(C(F)(F)F)cc1)c1ccccc1)COc1ccccc1C1CCCC1,36.4,-1.561101383649056,1,train,7.438898616350944,-1.692196265929296,0.13109488228024002,0.13109488228024002
O=C1c2c(Br)nn(Br)c2CCN1CCN1CCN(c2nsc3ccccc23)CC1,10.4,-1.0170333392987803,1,train,7.982966660701219,-0.8860284816100499,-0.1310048576887306,0.1310048576887306
COc1ccc(-c2ccccc2N2CCN(CCOCCC(=O)NCc3ccccn3)CC2)cc1,918.0,-2.9628426812012423,1,train,6.037157318798758,-2.8320007428877436,-0.13084193831349866,0.13084193831349866
O=C(NCCN1CCN(c2ccc(Cl)cc2)CC1)c1ccc2ccccc2c1,50.7,-1.705007959333336,1,train,7.2949920406666635,-1.8358075399883822,0.13079958065504615,0.13079958065504615
C=CCN(CC=C)CCc1c[nH]c2ccc(Cl)cc12,58.88,-1.7699678013294424,0,train,7.230032198670558,-1.6392729697443782,-0.13069483158506423,0.13069483158506423
CCCCC/N=C(/N)N/N=C/c1c[nH]c2ccc(O)nc12,4168.69,-3.619999600500459,1,train,5.380000399499541,-3.489314023226912,-0.1306855772735469,0.1306855772735469
CCN(CC)CCc1c[nH]c2ccccc12,47.0,-1.6720978579357175,0,train,7.327902142064282,-1.8027317673343088,0.13063390939859132,0.13063390939859132
O=C1CC2Cc3ccsc3C2=NN1CCCCCCN1CCN(Cc2cccc3c2ccn3S(=O)(=O)c2ccccc2)CC1,5160.0,-3.7126497016272113,0,train,5.287350298372789,-3.5820651905364427,-0.13058451109076863,0.13058451109076863
COc1ccccc1N1CCN(CC2COC3(CCN(c4ccccc4)CC3)O2)CC1,15.85,-1.2000292665537702,0,train,7.79997073344623,-1.330605701220445,0.1305764346666749,0.1305764346666749
N#Cc1ccc2[nH]cc(CCCN3CCN(c4ccc(-n5ccc6ncccc6c5=O)cc4)CC3)c2c1,1.7,-0.2304489213782739,1,train,8.769551078621726,-0.09989133607429324,-0.13055758530398068,0.13055758530398068
c1ccc(C2(c3ccccc3)OC[C@H](CNCCOc3ccccc3-c3ccncc3)O2)cc1,9.333,-0.9700212658283659,0,train,8.029978734171634,-0.8398054374130433,-0.13021582841532275,0.13021582841532275
CCOC(=O)N1CCC(CCN2CCN(c3nsc4ccccc34)CC2)CC1,1.3,-0.11394335230683679,0,train,8.886056647693163,-0.2441503099490334,0.1302069576421967,0.1302069576421967
NC(=O)[C@@H]1Cc2ccccc2CN1C(=O)CCCCN1CCN(c2ccc(Cl)cc2)CC1,211.0,-2.3242824552976926,1,train,6.675717544702307,-2.454436083836795,0.1301536285391025,0.1301536285391025
COc1ccc2cc([C@@H]3CCN(C[C@H](O)COc4cccc5[nH]ccc45)[C@@H](C)C3)sc2c1,14.49,-1.1610683854711745,1,train,7.838931614528826,-1.0310347771371915,-0.1300336083339828,0.1300336083339828
COc1cccc(N2CCN(CCCCCN3C(=O)c4ccccc4C3=O)CC2)c1,7.2,-0.8573324964312685,1,train,8.142667503568731,-0.9873578222180172,0.13002532578674864,0.13002532578674864
O=C1Nc2cccc3c2C1(CCCCN1CCc2sccc2C1)CCC3,512.86,-2.7099988280251885,0,train,6.2900011719748115,-2.580040427362616,-0.1299584006625727,0.1299584006625727
O=C1[C@@H]2[C@H]3CC[C@H](C3)[C@@H]2C(=O)N1CCCCCCN1CCN(c2nsc3ccccc23)CC1,27.0,-1.4313637641589874,0,train,7.568636235841012,-1.3014201166615154,-0.129943647497472,0.129943647497472
O=C(CCCCCN1CCN(c2ccccc2-c2ccccc2)CC1)N1CCc2ccccc2C1,95.0,-1.9777236052888478,1,train,7.022276394711152,-1.8477829446302818,-0.12994066065856624,0.12994066065856624
Cn1c(=O)cnn(CCCCN2CCN(c3ccccc3F)CC2)c1=O,1.89,-0.2764618041732441,1,train,8.723538195826755,-0.4062662175154752,0.12980441334223108,0.12980441334223108
NCCc1c[nH]c2ccc(OCc3ccccc3COc3ccc4[nH]cc(CCN)c4c3)cc12,4.3,-0.6334684555795865,0,train,8.366531544420413,-0.7632052811972377,0.1297368256176512,0.1297368256176512
Cn1c(=O)c2c(nc3n(CCCN4CCN(c5ccccc5)CC4)c(=O)ccn23)n(C)c1=O,25.0,-1.3979400086720377,0,train,7.6020599913279625,-1.5276732579366399,0.1297332492646024,0.1297332492646024
O=[N+]([O-])c1ccc2c(c1)-c1cccc3c1C(C2)NCC3,350.0,-2.5440680443502757,0,train,6.455931955649724,-2.4143356861490965,-0.12973235820117957,0.12973235820117957
COc1cc2c3c(c1OC)-c1ccccc1[C@@H](O)[C@@H]3NCC2,71.0,-1.8512583487190752,0,train,7.1487416512809245,-1.980945339879841,0.12968699116076565,0.12968699116076565
CCCN1CCc2cccc3c2C1Cc1cccc(OC(=O)Nc2cccc4ccccc24)c1-3,124.0,-2.093421685162235,0,train,6.906578314837764,-1.9637482046814736,-0.12967348048076155,0.12967348048076155
COc1cc2c(cc1O)[C@@H]1Cc3sc(CCCCCl)cc3CN1CC2,654.64,-2.8160025381680405,0,train,6.183997461831959,-2.6863337195091628,-0.1296688186588777,0.1296688186588777
O=c1c2cnccc2ccn1CCN1CCN(c2nsc3ccccc23)CC1,2.95,-0.46982201597816303,1,train,8.530177984021837,-0.5992939144435563,0.1294718984653933,0.1294718984653933
COc1ccc2nc(NCCCCCN3CCN(c4ccccc4OC)CC3)ccc2c1,2.6,-0.414973347970818,1,train,8.585026652029182,-0.2858818382448629,-0.12909150972595507,0.12909150972595507
Cc1sc2ccc(Cl)cc2c1S(=O)(=O)Nc1ccc2nccc(N3CCNCC3)c2c1,251.19,-2.400002345927956,0,train,6.599997654072045,-2.528605565837681,0.12860321990972512,0.12860321990972512
O=c1c(-c2ccc(F)cc2)c2n(c(=O)n1CCCCN1CCCC(c3c[nH]c4ccc(F)cc34)C1)CCCC2,31.0,-1.4913616938342726,0,train,7.508638306165727,-1.6199380323723525,0.12857633853807982,0.12857633853807982
NC(=O)c1ccc(F)c2c1CC(N(CCCCn1ccc3ccc(F)cc31)CC1CC1)CO2,3.25,-0.5118833609788743,1,train,8.488116639021126,-0.6403519460669211,0.12846858508804682,0.12846858508804682
O=C(CCN1CCN(c2ccc(F)cc2)CC1)c1ccccc1,794.33,-2.9000009651534695,0,train,6.0999990348465305,-3.0283687648407436,0.12836779968727452,0.12836779968727452
COc1ccc(CNC(=O)CCOCCN2CCN(c3ccccc3-c3ccc(F)cc3)CC2)cc1,272.0,-2.4345689040341987,1,train,6.565431095965801,-2.562831403532002,0.12826249949780344,0.12826249949780344
COc1ccc2[nH]cc(C3CCCN(CCCCn4c(=O)c(-c5ccccc5OC)c5ccccn5c4=O)C3)c2c1,69.0,-1.8388490907372552,0,train,7.161150909262744,-1.9671096979711178,0.12826060723386257,0.12826060723386257
COc1ccc(NC(=O)N2CCN(c3ccccc3F)CC2)cc1N1CCN(C)CC1,315.0,-2.4983105537896004,0,train,6.501689446210399,-2.3701290449171752,-0.1281815088724252,0.1281815088724252
COc1ccc(C)cc1N1CCN(CCn2cnc3sc4c(c3c2=O)CCN(C)C4)CC1,5.6,-0.7481880270062004,0,train,8.2518119729938,-0.8759455739007703,0.12775754689456997,0.12775754689456997
CC(C(=O)N1c2ccccc2Sc2ccccc21)c1ccccc1,1100.0,-3.041392685158225,0,train,5.958607314841775,-3.1688081843670877,0.12741549920886275,0.12741549920886275
CN1CCC(c2c[nH]c3ccc(NC(=O)C4CCCCC4)nc23)CC1,660.0,-2.8195439355418688,1,train,6.180456064458131,-2.94689721195957,0.12735327641770144,0.12735327641770144
COc1ccc(/C=C2\NC(=O)N(CCCN3CCN(c4ncccn4)CC3)C2=O)cc1OC1CCCC1,85.0,-1.9294189257142926,1,train,7.070581074285707,-1.8021748307343526,-0.12724409497994027,0.12724409497994027
COc1ccccc1N1CCN(CCCCn2c(=O)c3ccccc3c(=O)n2-c2ccccc2)CC1,42.66,-1.63002085111341,0,train,7.36997914888659,-1.5027911693315814,-0.12722968178182859,0.12722968178182859
N#Cc1ccc2[nH]cc(CCCN3CCN(c4ccc(-n5ccncc5=O)cc4)CC3)c2c1,3.0,-0.47712125471966244,1,train,8.522878745280337,-0.3499421611852565,-0.12717909353440587,0.12717909353440587
COc1ccccc1N1CCN(CCC(Oc2ccc3c(c2)OCO3)c2ccsc2)CC1,54.95,-1.7399676967595095,0,train,7.26003230324049,-1.6128890839669676,-0.12707861279254207,0.12707861279254207
Cc1ccc2c(N3CCN(CCc4cccc5c4OCc4nnnn4-5)CC3)cccc2n1,0.5012,0.29998893767788765,0,train,9.299988937677888,0.42699526027948337,-0.12700632260159578,0.12700632260159578
COc1ccc(-c2ccccc2N2CCN(C[C@@H](O)COc3ccc(Cl)c(F)c3)CC2)cc1,449.0,-2.6522463410033232,0,train,6.347753658996677,-2.5253072996747643,-0.12693904132855893,0.12693904132855893
O=C1c2cnc(C3CC3)nc2CCN1CCN1CCN(c2nsc3ccccc23)CC1,5.24,-0.7193312869837266,1,train,8.280668713016274,-0.8462179211969346,0.126886634213208,0.126886634213208
NC(=O)[C@@H]1Cc2ccccc2CN1C(=O)CCCCCN1CCN(c2ccccc2Cl)CC1,236.0,-2.3729120029701067,1,train,6.627087997029893,-2.2461189339161507,-0.12679306905395604,0.12679306905395604
CCCN(CCCc1c[nH]c2ccc(F)cc12)C1COc2ccc3c(c2C1)C(=O)NCC3,13.0,-1.1139433523068367,1,train,7.886056647693163,-1.2407310940136427,0.12678774170680596,0.12678774170680596
COc1ccccc1N1CCN(CCCCn2cnc3ccccc3c2=O)CC1,36.31,-1.5600262489128924,1,train,7.439973751087107,-1.433341485163809,-0.12668476374908333,0.12668476374908333
Clc1cccc(-c2n[nH]cc2N2CCNCC2)c1,76.0,-1.8808135922807914,1,train,7.119186407719209,-2.0074789377035636,0.12666534542277197,0.12666534542277197
COc1cccc2c1OC(CN1CC=C(c3c[nH]c4ccc(F)cc34)CC1)CN2,154.85,-2.1899112096928057,0,train,6.810088790307194,-2.063328607823083,-0.12658260186972292,0.12658260186972292
CC(=O)c1c(C)cc2oc(=O)cc(C)c2c1OCCCCN1CCN(c2ccncc2)CC1,308.0,-2.4885507165004443,1,train,6.511449283499555,-2.362028717027882,-0.12652199947256237,0.12652199947256237
COc1cc(N2CCN(C3CCN(c4cccc5c(C)cc(C)nc45)CC3)CC2)c2ncccc2c1,0.63,0.2006594505464183,1,train,9.200659450546418,0.07416001495360318,0.12649943559281512,0.12649943559281512
O=c1[nH]c2cccc(N3CCN(Cc4cnc5ccccc5n4)CC3)c2[nH]1,83.18,-1.920018916028915,1,train,7.079981083971085,-1.7937041215768605,-0.1263147944520544,0.1263147944520544
O=S(=O)(NC1CN(CCOc2ccccc2-c2ccccc2)C1)c1cccc(Cl)c1,23.0,-1.3617278360175928,1,train,7.638272163982407,-1.4880320956189035,0.12630425960131064,0.12630425960131064
Cc1cc2c(OC[C@@H](O)CN3CC[C@@H](c4cc5cc(Cl)ccc5s4)C[C@@H]3C)cccc2[nH]1,15.65,-1.1945143418824673,1,train,7.805485658117533,-1.0682607761118097,-0.1262535657706576,0.1262535657706576
CNS(=O)(=O)CCc1ccc2[nH]cc(C3CCN(C)CC3)c2c1,45.0,-1.6532125137753437,0,train,7.346787486224656,-1.7794522867447538,0.12623977296941025,0.12623977296941025
CN(CCCc1c[nH]c2ccc(F)cc12)C1COc2ccc3c(c2C1)C(=O)NCC3,23.0,-1.3617278360175928,1,train,7.638272163982407,-1.487945914483673,0.12621807846608024,0.12621807846608024
O=C(NCCCCN1CCN(c2cccc(Cl)c2Cl)CC1)c1cc2cc(I)ccc2s1,46.0,-1.662757831681574,1,train,7.337242168318426,-1.7889618868187696,0.12620405513719546,0.12620405513719546
O=C(CCN1CCN(c2ccc(Cl)cc2)CC1)c1ccsc1,707.95,-2.850002586092461,0,train,6.149997413907538,-2.976007339784054,0.1260047536915927,0.1260047536915927
COc1cccc(N2CCN(CCCCNC(=O)c3n[nH]c4ccccc34)CC2)c1,20.7,-1.3159703454569178,1,train,7.684029654543082,-1.4419732502454607,0.12600290478854292,0.12600290478854292
CCn1cncc1-c1c[nH]c2c(F)cc(I)cc12,676.0,-2.829946695941636,0,train,6.170053304058364,-2.9558792381913457,0.12593254224970973,0.12593254224970973
O=C1COc2ccc(OC3CCN(CCOc4cccc5[nH]ccc45)CC3)cc2N1,3.981,-0.599992177584098,1,train,8.400007822415901,-0.7258011492446399,0.12580897166054195,0.12580897166054195
CC(=O)Nc1ccc(OCC(O)CN2CCC(c3noc4cc(F)ccc34)CC2)cc1,155.6,-2.1920095926536702,1,train,6.807990407346329,-2.066221649505823,-0.12578794314784725,0.12578794314784725
CN1CCc2cccc3c2C1Cc1ccc([N+](=O)[O-])cc1-3,100.0,-2.0,0,train,7.0,-2.1257640434118135,0.12576404341181346,0.12576404341181346
O=c1[nH]c(SCCCN2CCN(c3ccccc3)CC2)nc2c1sc1ccccc12,369.0,-2.56702636615906,1,train,6.432973633840939,-2.441326611181692,-0.12569975497736818,0.12569975497736818
[C-]#[N+]c1ccc2[nH]cc(CCCN3CCN(c4nc(C)cc(OC)n4)CC3)c2c1,1.5,-0.17609125905568124,0,train,8.823908740944319,-0.05039403853568942,-0.1256972205199918,0.1256972205199918
Cc1ccccc1OCCNCC1COC(c2ccccc2)(c2ccccc2)O1,8.318,-0.9200189160289148,1,train,8.079981083971084,-0.7943335595885166,-0.12568535644039824,0.12568535644039824
O=C1NCc2cc(Cl)c(OCCCCN3CCN(c4cccc5ccccc45)CC3)cc21,2.34,-0.3692158574101428,1,train,8.630784142589857,-0.24369231794187785,-0.12552353946826494,0.12552353946826494
CN(C)C(=O)N[C@H]1CC[C@H](CCN2CCN(c3nsc4ccccc34)CC2)CC1,1.2,-0.07918124604762482,0,train,8.920818753952375,-0.20455588593325158,0.12537463988562678,0.12537463988562678
O=C(Cc1ccccc1)NC1CCc2ccc(CCN3CCN(c4nsc5ccccc45)CC3)cc21,20.9,-1.320146286111054,0,train,7.679853713888946,-1.1949125660423565,-0.12523372006869748,0.12523372006869748
O=c1[nH]c(CCCCCN2CCC(Cc3ccccc3)CC2)nc2c1sc1ccccc12,856.0,-2.932473764677153,1,train,6.0675262353228465,-2.807317117061391,-0.12515664761576195,0.12515664761576195
COc1cc2c(c(OC)c1)CN1CCc3cc(OC)c(OC)cc3[C@@H]1C2,730.02,-2.863334758436422,0,train,6.136665241563578,-2.738345917088742,-0.12498884134768007,0.12498884134768007
O=C(NCCN1CCC(c2cccc(C(F)(F)F)n2)CC1)[C@H]1C[C@@H]2CC[C@H]1O2,2170.0,-3.3364597338485296,0,train,5.66354026615147,-3.2116714904834844,-0.12478824336504513,0.12478824336504513
COc1ccccc1N1CCN(CC(O)CN2C(=O)NC(C)(C)C2=O)CC1,489.0,-2.6893088591236203,0,train,6.310691140876379,-2.564712596219695,-0.12459626290392523,0.12459626290392523
O=S(=O)(NCCCN1CC=C(c2c[nH]c3ccc(Cl)cc23)CC1)c1cccc(O)c1,4.0,-0.6020599913279624,1,train,8.397940008672037,-0.7265991211005308,0.12453912977256842,0.12453912977256842
Cc1c2c(nn1C)CCN(CCN1CCN(c3nsc4ccccc34)CC1)C2=O,0.9,0.045757490560675115,1,train,9.045757490560675,-0.07856018203259345,0.12431767259326855,0.12431767259326855
O=C1c2ccccc2CCC1CN1CCN(Cc2ccccc2)CC1,445.0,-2.6483600109809315,0,train,6.351639989019068,-2.5241073502642393,-0.12425266071669228,0.12425266071669228
Nc1nc(NCc2ccccc2)nc(-c2cccc(CO)c2)n1,849.88,-2.929357609223817,0,train,6.070642390776182,-3.0535198070233203,0.1241621977995031,0.1241621977995031
O=C1CCc2ccc(OCCCCN3CCN(c4cccc(Cl)c4F)CC3)nc2N1,1.2,-0.07918124604762482,1,train,8.920818753952375,-0.20325498502465653,0.12407373897703172,0.12407373897703172
C1=C(c2ccc3ccccc3c2)CC2CCC1N2CCOc1cccc2ncccc12,15.0,-1.1760912590556813,1,train,7.823908740944319,-1.3001195801920316,0.12402832113635043,0.12402832113635043
Cn1nc2c(c1Br)C(=O)N(CCN1CCN(c3nsc4ccccc34)CC1)CC2,0.97,0.01322826573375516,1,train,9.013228265733755,-0.11069421995558953,0.12392248568934464,0.12392248568934464
COc1ccc2[nH]cc(CCNCc3ccc(-c4cn[nH]c4)o3)c2c1,146.0,-2.164352855784437,0,train,6.835647144215563,-2.288175506150587,0.12382265036614992,0.12382265036614992
NCCc1c[nH]c2ccc(OCC(=O)N3CCN(c4ccccc4[N+](=O)[O-])CC3)cc12,5.2,-0.7160033436347992,0,train,8.2839966563652,-0.8394950473957289,0.12349170376092966,0.12349170376092966
COc1cc2ncnc(N3CCC(CN4CCN(c5ccc(Cl)c(Cl)c5)CC4)C3)c2cc1OC,245.47,-2.389998422607333,1,train,6.6100015773926675,-2.266757287264704,-0.12324113534262882,0.12324113534262882
O=C(CCN1CCN(c2ccccc2Cl)CC1)c1ccsc1,199.53,-2.300008202553813,0,train,6.699991797446187,-2.1769774938553157,-0.1230307086984972,0.1230307086984972
COc1ccccc1N1CCN(CCCCCCn2c(=O)oc3ccccc32)CC1,1.3,-0.11394335230683679,1,train,8.886056647693163,-0.236959308042918,0.1230159557360813,0.1230159557360813
Cc1ccc2c(N3CCN(CCc4cccc(NC(=O)c5csc(C)n5)c4)CC3)cccc2n1,0.7943,0.100015437450609,0,train,9.100015437450608,-0.022980230567637108,0.1229956680182461,0.1229956680182461
COc1cccc(N2CCN(CCCOc3ccccc3C(N)=O)CC2)c1,21.0,-1.3222192947339193,0,train,7.6777807052660805,-1.4451867026267875,0.1229674078928682,0.1229674078928682
Nc1ccc(S(=O)(=O)n2cc(C3=CCNCC3)c3ccccc32)cc1,1670.0,-3.2227164711475833,0,train,5.777283528852417,-3.099837973090366,-0.12287849805721773,0.12287849805721773
CCCC(=O)NC1CCc2ccc(CCN3CCN(c4nsc5ccccc45)CC3)cc21,5.5,-0.7403626894942439,0,train,8.259637310505756,-0.8631352999476348,0.12277261045339094,0.12277261045339094
O=C(NCCCCN1CCN(c2ncccn2)CC1)c1cc2ccccc2cn1,67.0,-1.8260748027008264,1,train,7.173925197299173,-1.7033894215776186,-0.12268538112320782,0.12268538112320782
COc1cc2ncnc(N3CCC(CN4CCN(c5ccccc5O)CC4)C3)c2cc1OC,114.82,-2.0600175425316003,1,train,6.9399824574684,-1.9374384582461628,-0.12257908428543751,0.12257908428543751
O=S(=O)(c1cccc2ncccc12)N1CCCCC[C@H]1CCN1CCN(c2cccc3sccc23)CC1,12.0,-1.0791812460476249,1,train,7.920818753952375,-1.201749880929059,0.1225686348814341,0.1225686348814341
O=C1NCCN1CCN1CCC(c2cn(-c3ccc(F)cc3)c3ccc(-c4ncccn4)cc23)CC1,12.0,-1.0791812460476249,0,train,7.920818753952375,-1.2016200206602519,0.12243877461262698,0.12243877461262698
O=S(=O)(c1cccc2ncccc12)N1CCC(CCN2CCN(c3cccc(Cl)c3)CC2)CC1,54.0,-1.7323937598229686,1,train,7.267606240177031,-1.8547048235219201,0.1223110636989515,0.1223110636989515
O=C1NCc2ccc(OCCCCN3CCN(c4cccc5c4OCCC5)CC3)cc21,0.863,0.06398920428479041,1,train,9.063989204284791,0.18620982430953043,-0.12222062002474003,0.12222062002474003
CCN1C(=O)COc2ccc(CC3CCN(CCOc4cccc5nc(C)ccc45)CC3)cc21,1.7066,-0.23213174129661993,0,train,8.76786825870338,-0.35435036311513224,0.12221862181851234,0.12221862181851234
COc1ccccc1N1CCN(CCCCNC(=O)c2ccc3c(c2)Cc2ccccc2-3)CC1,34.0,-1.5314789170422551,0,train,7.468521082957745,-1.6536820706369992,0.1222031535947441,0.1222031535947441
CCCN[C@@H]1[C@H](CCC)Cc2cccc(OC)c2[C@@H]1CCC,7.6,-0.8808135922807914,0,train,8.119186407719209,-1.0030130399473913,0.12219944766659996,0.12219944766659996
OC(CNCCCCCCNCCC(Oc1ccc(C(F)(F)F)cc1)c1ccccc1)COc1cccc2ccccc12,391.0,-2.5921767573958667,1,train,6.407823242604133,-2.470072453277961,-0.12210430411790574,0.12210430411790574
Cc1nc(OCCCCCN2CCN(c3ccc(Cl)cc3)CC2)c2ccccc2n1,52.1,-1.7168377232995244,0,train,7.283162276700476,-1.8389252496126576,0.12208752631313313,0.12208752631313313
CC(C)Oc1ccccc1OCCNCC1COC(c2ccccc2)(c2ccccc2)O1,1.698,-0.22993768590793387,0,train,8.770062314092065,-0.35195612661053405,0.12201844070260026,0.12201844070260026
O=C([C@@H]1Cc2ccccc2CN1C(=O)CCCCCCN1CCN(c2ccccc2-c2ccccc2)CC1)N1CCOCC1,16.0,-1.2041199826559248,0,train,7.795880017344075,-1.3259807806088346,0.12186079795290983,0.12186079795290983
O=C1c2cnn(C3CC3)c2CCN1CCN1CCN(c2nsc3ccccc23)CC1,20.2,-1.3053513694466237,1,train,7.694648630553377,-1.1836880868341488,-0.12166328261247483,0.12166328261247483
CC(C)CS(=O)(=O)NC1CCN(CCOc2ccccc2-c2ccccc2)CC1,74.0,-1.8692317197309762,0,train,7.130768280269024,-1.9908635260043306,0.12163180627335457,0.12163180627335457
O=c1ccc2cnc(OCCCCN3CCN(c4cccc(Cl)c4Cl)CC3)nc2[nH]1,52.7,-1.7218106152125465,1,train,7.278189384787454,-1.600186679334451,-0.12162393587809528,0.12162393587809528
Cc1ccc2c(OCCN3CCN(Cc4cc(Cl)ccc4Cl)CC3)cccc2n1,79.43,-1.899984562549391,0,train,7.100015437450609,-2.0215408030163418,0.1215562404669508,0.1215562404669508
COc1ccc(-c2ccccc2C2CCN(C[C@@H](O)COc3cnccn3)CC2)cc1,287.0,-2.4578818967339924,0,train,6.542118103266008,-2.3365238458127404,-0.12135805092125196,0.12135805092125196
CCc1cc(Cl)c(OC)c(N2CCN(CCCCNC(=O)c3cc4ccccc4o3)CC2)c1,560.0,-2.7481880270062002,0,train,6.251811972993799,-2.6268886528799946,-0.12129937412620517,0.12129937412620517
C1=C(c2c[nH]c3ccccc23)CCN(Cc2ccco2)C1,752.0,-2.876217840591642,0,train,6.123782159408358,-2.7553628485045345,-0.1208549920871076,0.1208549920871076
O=S(=O)(NC1CCN(CC(O)COc2ccccc2-c2ccccc2)CC1)c1ccc(F)cc1,1322.0,-3.1212314551496214,0,train,5.878768544850379,-3.00045934430403,-0.12077211084559147,0.12077211084559147
O=S(=O)(NCCCCN1CCN(c2cccc(Cl)c2Cl)CC1)c1ccc(F)cc1,120.0,-2.0791812460476247,0,train,6.920818753952375,-1.9584161730635692,-0.12076507298405548,0.12076507298405548
Cc1cccc(S(=O)(=O)NCCN2CC=C(c3c(C)[nH]c4ccc(Cl)cc34)CC2)c1,70.0,-1.845098040014257,1,train,7.154901959985743,-1.9658494522792909,0.12075141226503394,0.12075141226503394
Cc1ccccc1-c1ccccc1N1CCN(CCOCCC(=O)NCc2ccc(F)nc2)CC1,875.0,-2.942008053022313,0,train,6.057991946977687,-2.82134647286361,-0.12066158015870299,0.12066158015870299
CN(C)CCc1cn(S(=O)(=O)c2ccccc2)c2ccccc12,520.0,-2.716003343634799,0,train,6.2839966563652006,-2.595366893274746,-0.120636450360053,0.120636450360053
FC(F)(F)c1ccc(OC(CCN2CCN(c3ncccn3)CC2)c2ccccc2)cc1,1584.89,-3.1999991251967965,0,train,5.800000874803203,-3.0794695258239058,-0.12052959937289076,0.12052959937289076
O=c1c2cnc(C(F)(F)F)cc2ccn1CCN1CCN(c2nsc3ccccc23)CC1,3.33,-0.5224442335063199,1,train,8.47755576649368,-0.6429048854189509,0.120460651912631,0.120460651912631
COc1cccc2c(CCN3CC=C(c4c[nH]c5ccccc45)CC3)coc12,8.46,-0.9273703630390235,0,train,8.072629636960976,-1.0478193864297602,0.1204490233907366,0.1204490233907366
Cc1ccc2nc(CNCCCOc3ccccc3)cc(O)c2c1,223.0,-2.3483048630481607,0,train,6.651695136951839,-2.228163670516975,-0.12014119253118549,0.12014119253118549
Cn1cc2c(n1)C(=O)N(CCN1CCN(c3nsc4ccccc34)CC1)CC2,1.25,-0.09691001300805642,1,train,8.903089986991944,-0.21695440006996994,0.12004438706191353,0.12004438706191353
c1ccc(-c2c[nH]c(CN3CCN(c4ccccc4)CC3)c2)cc1,790.0,-2.8976270912904414,1,train,6.102372908709558,-2.7776386833511872,-0.11998840793925414,0.11998840793925414
COc1ccccc1N1CCN(CCC[C@H]2CCCN2S(=O)(=O)c2ccc(F)cc2)CC1,6.8,-0.8325089127062363,0,train,8.167491087293763,-0.9523833002186143,0.119874387512378,0.119874387512378
Cc1nn(C)c2c1C(=O)N(CCN1CCN(c3noc4ccccc34)CC1)CCC2,5.19,-0.7151673578484579,0,train,8.284832642151542,-0.8348702041320739,0.11970284628361605,0.11970284628361605
COc1ccccc1N1CCN(CC2COC3(CCN(c4ccccn4)CC3)O2)CC1,8.913,-0.9500239065233265,0,train,8.049976093476673,-1.0694979327808285,0.11947402625750214,0.11947402625750214
Cc1nc2c(o1)C(=O)N(CCN1CCN(c3nsc4ccccc34)CC1)CCC2,4.78,-0.6794278966121189,1,train,8.320572103387882,-0.5599745731388519,-0.11945332347326698,0.11945332347326698
COc1cccc(OC)c1OCCNCC1Cc2ccccc2C(c2ccccc2)C1,6.31,-0.8000293592441343,0,train,8.199970640755865,-0.9194507734669349,0.11942141422280061,0.11942141422280061
CC1(c2ccc(F)cc2)NC(=O)N(CC(O)CN2CCN(Cc3cccc4ccccc34)CC2)C1=O,5577.0,-3.746400644491561,1,train,5.253599355508439,-3.62700405976114,-0.11939658473042103,0.11939658473042103
Cc1cc2c(cc1OCCCCN1CCN(c3cccc4ccccc34)CC1)C(=O)NC2,0.803,0.09528445472131904,0,train,9.09528445472132,-0.024087301238312726,0.11937175595963172,0.11937175595963172
CC1CN(c2ccc3ccccc3n2)CCN1CCCCN1C(=O)CC2(CCCC2)CC1=O,24.0,-1.380211241711606,0,train,7.619788758288394,-1.4994399021970155,0.11922866048540959,0.11922866048540959
CCCN1C[C@H](CSC)C[C@@H]2c3cccc4[nH]cc(c34)C[C@H]21,3.8333333333333335,-0.5835765856339493,0,train,8.41642341436605,-0.7027478659160493,0.1191712802821,0.1191712802821
CC1CN(c2ccc3cc([N+](=O)[O-])ccc3n2)CCN1CCCCN1C(=O)CC(C)(C)CC1=O,221.0,-2.3443922736851106,0,train,6.655607726314889,-2.4635545189031967,0.11916224521808605,0.11916224521808605
CC[C@H]1CN2CCc3c([nH]c4cccc(O)c34)[C@@H]2C[C@@H]1/C(=C\OC)C(=O)OC,294.1,-2.4684950245070696,1,train,6.531504975492931,-2.587588297889485,0.11909327338241527,0.11909327338241527
COc1ccc(Br)c(CC2CCN(CCc3cccc(Cl)c3)CC2)c1,2.93,-0.4668676203541095,0,train,8.53313237964589,-0.34783633634133027,-0.11903128401277924,0.11903128401277924
N#Cc1cccc2c(CN3CCN(c4ccc(Cl)cc4)CC3)cnn12,2200.0,-3.342422680822206,0,train,5.657577319177793,-3.2234402810482923,-0.1189823997739139,0.1189823997739139
CC1CCN(CC[C@H]2CCCN2S(=O)(=O)c2cccc3ccccc23)CC1,1000.0,-3.0,0,train,6.0,-2.881145205077934,-0.11885479492206619,0.11885479492206619
O=C1[C@@H]2[C@H]3CC[C@H](C3)[C@@H]2C(=O)N1C[C@@H]1CCCC[C@H]1CN1CCN(c2nsc3ccccc23)CC1,6.7,-0.8260748027008264,0,train,8.173925197299173,-0.9448441812917521,0.11876937859092562,0.11876937859092562
Cc1ccc2c(N3CCN(CCc4cccc5c4OCc4c(C(=O)NCC6CC6)ncn4-5)CC3)cccc2n1,0.1259,0.8999742698921374,0,train,9.899974269892137,0.781415036903947,0.11855923298819038,0.11855923298819038
CCCOc1ccc(CN2CCN(Cc3cc4ccccc4o3)CC2)cc1,4722.0,-3.674125982742708,1,train,5.325874017257291,-3.5558007269976937,-0.11832525574501451,0.11832525574501451
O=C(N[C@H]1CC[C@H](CCN2CCN(c3nsc4ccccc34)CC2)CC1)c1ccccc1,1.7,-0.2304489213782739,0,train,8.769551078621726,-0.34867314625007423,0.11822422487180032,0.11822422487180032
O=C(NCCN1CCN(c2cc(F)cc(F)c2)CC1)c1cnc2ccccc2n1,11.1,-1.0453229787866574,1,train,7.954677021213342,-1.1634094417534018,0.11808646296674441,0.11808646296674441
CCCCCCC/C(O)=C/C(=O)/C=C/c1ccc(O)c(OC)c1,6540.0,-3.815577748324267,0,train,5.184422251675732,-3.697654423030718,-0.11792332529354921,0.11792332529354921
O=C(CCCN1CCCN(c2ccc(Cl)cc2)CC1)c1ccc(F)cc1,117.4,-2.0696680969115957,0,train,6.930331903088405,-2.1873244835113512,0.11765638659975508,0.11765638659975508
CNc1ccccc1N1CCN(CCCCCC(=O)NC2CCCc3ccccc32)CC1,133.0,-2.123851640967086,1,train,6.876148359032914,-2.0062241857234273,-0.11762745524365847,0.11762745524365847
Cc1cc(C)c2cc([C@@H]3CCN(C[C@H](O)COc4cccc5[nH]ccc45)[C@@H](C)C3)sc2c1,94.9,-1.9772662124272926,0,train,7.022733787572707,-1.8596870428962284,-0.1175791695310644,0.1175791695310644
O=C1CC(c2c[nH]c3ccc(F)cc23)C(=O)N1CCCCN1CCC(c2c[nH]c3ccc(F)cc23)CC1,7.0,-0.8450980400142568,1,train,8.154901959985743,-0.9626314105085274,0.1175333704942706,0.1175333704942706
O=S(=O)(NCC1CCN(CCOc2ccccc2-c2ccccc2)CC1)c1ccc(F)cc1,290.0,-2.462397997898956,0,train,6.537602002101044,-2.3449838760974417,-0.11741412180151434,0.11741412180151434
Cc1cccc2sc(C3CCN(C[C@H](O)COc4cccc5[nH]ccc45)CC3)cc12,4.7,-0.6720978579357175,0,train,8.327902142064282,-0.7894297476467793,0.11733188971106179,0.11733188971106179
Cc1cc2c(N3CCN(CCc4ccc5c(c4)NC(=O)CO5)CC3)cccc2[nH]1,3.162,-0.4999618655961902,1,train,8.500038134403809,-0.6169644870411684,0.11700262144497814,0.11700262144497814
C=CCOc1cccc2c1-c1cc(OC)cc3c1[C@@H](C2)N(C)CC3,66.0,-1.8195439355418688,0,train,7.180456064458131,-1.702640520590453,-0.11690341495141587,0.11690341495141587
COc1cc(OC)nc(N2CCN(CCCCc3c[nH]c4ccc(C#N)cc34)CC2)n1,2.3,-0.36172783601759284,1,train,8.638272163982407,-0.24483598729449774,-0.11689184872309505,0.11689184872309505
Cc1ccc2c(N3CCN(CCCc4cccc5c4OCC(=O)N5)CC3)cccc2n1,3.162,-0.4999618655961902,1,train,8.500038134403809,-0.38345456473893186,-0.11650730085725836,0.11650730085725836
Cc1sc2nc(CCCCCN3CCN(c4ccccc4)CC3)[nH]c(=O)c2c1C,15.2,-1.1818435879447726,0,train,7.818156412055227,-1.2981553083072617,0.11631172036248905,0.11631172036248905
Cc1cc2c(OC[C@H](O)CN3CC[C@@H](c4cccc5sccc45)C[C@@H]3C)cccc2[nH]1,1.82,-0.2600713879850748,0,train,8.739928612014925,-0.37638152826680055,0.11631014028172576,0.11631014028172576
COc1cccc(Cl)c1OCCNCCOc1ccccc1OCc1ccccc1,31.62,-1.4999618655961902,1,train,7.50003813440381,-1.3838248198057692,-0.11613704579042095,0.11613704579042095
O=C(c1ccc(Cl)c(Cl)c1)N1CCC(F)(CNCCOc2cccc(F)c2)CC1,0.02042,1.6899442622491085,1,train,10.689944262249108,1.573857151319024,0.11608711093008428,0.11608711093008428
N#Cc1ccc2[nH]cc(CCCN3CCN(c4ccc(N5CCCCC5=O)cc4)CC3)c2c1,1.2,-0.07918124604762482,0,train,8.920818753952375,-0.19522229133214783,0.11604104528452303,0.11604104528452303
COc1ccccc1N1CCN(CCCCNS(=O)(=O)c2ccc3ccccc3c2)CC1,62.0,-1.792391689498254,0,train,7.207608310501746,-1.6764802660191578,-0.11591142347909611,0.11591142347909611
COc1ccccc1N1CCN(CC/C(=N\O)c2ccccc2)CC1,17.38,-1.2400497721126476,0,train,7.7599502278873524,-1.3558353895724686,0.11578561745982108,0.11578561745982108
COc1cccc(N2CCN(CCCCCn3c(=O)oc4ccccc4c3=O)CC2)c1,20.0,-1.3010299956639813,0,train,7.698970004336019,-1.1856232541422669,-0.11540674152171437,0.11540674152171437
CN1CCc2c(sc3ncn(CCN4CCN(c5cccc6c5OCC6)CC4)c(=O)c23)C1,0.6,0.2218487496163564,1,train,9.221848749616356,0.10653273110590161,0.11531601851045478,0.11531601851045478
CC(=O)c1c(OCCCN2CCN(c3ccccc3C#N)CC2)ccc2c(C)cc(=O)oc12,1.0,-0.0,1,train,9.0,-0.11529544505836928,0.11529544505836928,0.11529544505836928
COc1ccccc1N1CCN(CCN2C=CC3(CCCC3)CC2=O)CC1,3.84,-0.5843312243675308,1,train,8.415668775632469,-0.6994976515425527,0.1151664271750219,0.1151664271750219
O=C(c1ccc(F)c(Cl)c1)N1CCC(F)(CNCCOc2cc(C(F)(F)F)ccn2)CC1,0.55,0.2596373105057561,0,train,9.259637310505756,0.3744474806794555,-0.11481017017369938,0.11481017017369938
COc1cc2ncnc(N3CCC(CN4CCN(c5ccc(O)cc5)CC4)C3)c2cc1OC,467.74,-2.6700045113163693,1,train,6.329995488683631,-2.5552678157550184,-0.11473669556135091,0.11473669556135091
O=c1n(CCCCCCN2CCN(c3cccc4ccccc34)CC2)nc2ccccn12,6.0,-0.7781512503836436,0,train,8.221848749616356,-0.8928474197730276,0.11469616938938398,0.11469616938938398
COc1ncc2c(n1)CCN(CCN1CCN(c3nsc4ccccc34)CC1)C2=O,5.63,-0.7505083948513462,1,train,8.249491605148654,-0.8652023299421924,0.11469393509084613,0.11469393509084613
CCC1NC(N)=Nc2ccc(Cl)c(Cl)c21,765.0,-2.8836614351536176,0,train,6.116338564846382,-2.768979055555273,-0.11468237959834449,0.11468237959834449
Fc1cccc(-c2n[nH]cc2N2CCCNCC2)c1,839.0,-2.9237619608287004,1,train,6.076238039171299,-2.809132131584944,-0.11462982924375664,0.11462982924375664
COc1ccc(-c2ccccc2N2CCN(CCCCOc3ccc4c(C)cc(=O)oc4c3Cl)CC2)cc1,135.0,-2.130333768495006,0,train,6.8696662315049934,-2.0157189679566994,-0.11461480053830675,0.11461480053830675
CC([Se]Cc1ccccc1)c1nc(N)nc(N2CCN(C)CC2)n1,1904.0,-3.2796669440484556,0,train,5.720333055951544,-3.39427081016481,0.11460386611635398,0.11460386611635398
O=C1CCc2cc(OCCCN3CCN(c4ccccn4)CC3)ccc21,19.025,-1.2793246654426105,0,train,7.72067533455739,-1.1647335782997101,-0.11459108714290034,0.11459108714290034
O=C(CCOCCN1CCN(c2ncccc2-c2ccccc2)CC1)NCc1ccc(C(F)(F)F)cc1,365.0,-2.5622928644564746,1,train,6.437707135543525,-2.676867131940219,0.11457426748374466,0.11457426748374466
CN(C)C1CCc2c(cccc2-c2cc(F)cc(F)c2)C1,230.0,-2.361727836017593,0,train,6.638272163982407,-2.2472768540547623,-0.11445098196283077,0.11445098196283077
O=S(=O)(Nc1ccc2nccc(N3CCNCC3)c2c1)c1ccc2c(Cl)cccc2c1,158.49,-2.200001865406602,0,train,6.799998134593398,-2.085634912626721,-0.11436695277988074,0.11436695277988074
NC(=O)c1ccc(F)c2c1C[C@@H](NCC1CCc3[nH]c4ccc(F)cc4c3C1)CO2,34.724999999999994,-1.5406422544096532,0,train,7.459357745590347,-1.426525149091697,-0.11411710531795616,0.11411710531795616
OC(CCN1CCN(c2cccc3c2OCCCO3)CC1)c1csc2ccccc12,1.905,-0.2798949800116381,1,train,8.720105019988361,-0.3939864017066753,0.11409142169503722,0.11409142169503722
COc1ccc(F)cc1[C@H]1C[C@@H]1CNCCCOc1ccc2ccc(=O)[nH]c2c1,19.025,-1.2793246654426105,0,train,7.72067533455739,-1.3933328459685361,0.11400818052592565,0.11400818052592565
COc1ccc(C(=O)Nc2ccc(-c3ccncc3)cc2)cc1/C=C\CN(C)C,633.0,-2.801403710017355,0,train,6.198596289982644,-2.915304585159363,0.11390087514200786,0.11390087514200786
CCOc1ccccc1OCCNCCOc1ccccc1OCc1ccccc1,5.012,-0.7000110623221123,0,train,8.299988937677888,-0.8138931277623846,0.11388206544027235,0.11388206544027235
O=S(=O)(c1cncc2ccccc12)N1CCC(CCN2CCN(c3ccc(Cl)c(Cl)c3)CC2)CC1,324.0,-2.510545010206612,1,train,6.489454989793388,-2.3970258851149597,-0.1135191250916523,0.1135191250916523
c1ccc(-c2nc(CN3CCN(c4ncccn4)CC3)c[nH]2)cc1,180.5,-2.256477206241677,1,train,6.7435227937583235,-2.3699127598718768,0.11343555363019986,0.11343555363019986
CCCN1C[C@H]2c3c(cccc3OC)CC[C@H]21,4.8,-0.6812412373755872,0,train,8.318758762624412,-0.794659132816224,0.11341789544063685,0.11341789544063685
Oc1nc2cccc(N3CCN(Cc4cncc(-c5ccccc5)c4)CC3)c2o1,7.8,-0.8920946026904804,1,train,8.10790539730952,-1.0050912937989884,0.11299669110850807,0.11299669110850807
c1ccc2c(NCCCCCCCNc3ccnc4ccccc34)ccnc2c1,831.88,-2.9200606831458833,1,train,6.079939316854117,-3.0329427921966157,0.11288210905073193,0.11288210905073193
O=S(=O)(N[C@H]1CC[C@H](CCN2CCN(c3nsc4ccccc34)CC2)CC1)c1cccnc1,11.0,-1.0413926851582251,0,train,7.958607314841775,-0.9285636939872484,-0.11282899117097678,0.11282899117097678
CCOc1ccc2[nH]cc(C3=CCN(Cc4ccco4)CC3)c2c1,486.0,-2.6866362692622934,0,train,6.313363730737707,-2.5739927063352503,-0.11264356292704303,0.11264356292704303
COc1ccc2[nH]cc(C3CCCN(CCCCN4C(=O)CC(c5c[nH]c6ccc(OC)cc56)C4=O)C3)c2c1,52.0,-1.7160033436347992,1,train,7.2839966563652006,-1.8285830006154498,0.11257965698065053,0.11257965698065053
COc1cccc(N2CCN(CCCCNC(=O)c3cc4ccccc4cn3)CC2)c1,7.9,-0.8976270912904415,0,train,8.102372908709558,-1.010080684211735,0.11245359292129342,0.11245359292129342
O=C(CCCN1CCN(c2ccc(Cl)cc2)CC1)c1ccc(F)cc1,90.9,-1.9585638832219674,0,train,7.041436116778033,-2.0708693285507964,0.1123054453288288,0.1123054453288288
CC(C)c1ccccc1OCCN1CCC(CNS(=O)(=O)c2cccc(Cl)c2)CC1,104.0,-2.0170333392987803,1,train,6.982966660701219,-2.129241025634716,0.11220768633593581,0.11220768633593581
COc1ccc2[nH]cc(C3CCCN(CCCCn4c(=O)c(-c5ccc(C)cc5)c5ccccn5c4=O)C3)c2c1,333.0,-2.5224442335063197,1,train,6.47755576649368,-2.4104166497633575,-0.11202758374296273,0.11202758374296273
CN1CCc2ccc3c4c2[C@H]1Cc1cccc(c1-4)[C@]3(C)O,61.5,-1.7888751157754168,0,train,7.211124884224583,-1.9008118901182605,0.11193677434284366,0.11193677434284366
O=S(=O)(c1cccc(N2CCNCC2)c1)n1cccc1-c1ccccc1,755.0,-2.8779469516291885,1,train,6.1220530483708115,-2.9898684163588225,0.11192146472963405,0.11192146472963405
CCc1cccc(CC)c1Cc1ncc[nH]1,1300.0,-3.113943352306837,0,train,5.886056647693163,-3.0020926989121044,-0.11185065339473255,0.11185065339473255
c1ccc2c(CCN3CCCC(c4ccnc(NC5CC5)n4)C3)c[nH]c2c1,75.3,-1.8767949762007006,0,train,7.123205023799299,-1.7650589534611252,-0.11173602273957561,0.11173602273957561
OC1(c2ccc(Cl)cc2)CCN(CCCCc2nc3ccccc3s2)CC1,771.0,-2.8870543780509568,0,train,6.112945621949043,-2.7753690690336636,-0.11168530901729312,0.11168530901729312
O=S(=O)(NC1CCN(CCOc2ccccc2-c2ccccc2)CC1)c1cncc2ccccc12,74.0,-1.8692317197309762,0,train,7.130768280269024,-1.9808992321609908,0.11166751243001483,0.11166751243001483
O=C1c2nc(F)ccc2CCN1CCN1CCC(c2noc3ccccc23)CC1,7.85,-0.8948696567452525,1,train,8.105130343254748,-0.7832033455361013,-0.11166631120915127,0.11166631120915127
Fc1ccc2[nH]cc(CCNCC3CN(c4ccccc4)c4ccccc4O3)c2c1,7.14,-0.8536982117761743,0,train,8.146301788223825,-0.9652822183107653,0.111584006534591,0.111584006534591
O=S(=O)(NC1CCN(CCOc2ccccc2)CC1)c1ccccc1,3614.0,-3.557988148224913,1,train,5.442011851775087,-3.446425557371709,-0.1115625908532043,0.1115625908532043
O=C1c2nc(Cl)ccc2CCN1CCN1CCN(c2noc3ccccc23)CC1,127.0,-2.103803720955957,1,train,6.896196279044043,-1.992468329778921,-0.11133539117703584,0.11133539117703584
CCCS(=O)(=O)N[C@H]1CC[C@H](CCN2CCN(c3nsc4ccccc34)CC2)CC1,1.1,-0.04139268515822508,0,train,8.958607314841775,-0.15270813933316066,0.11131545417493566,0.11131545417493566
O=C1c2cccc3cccc(c23)N1CCCCCCN1CCN(c2ccccn2)CC1,32.0,-1.505149978319906,0,train,7.494850021680094,-1.6164261294111077,0.1112761510912017,0.1112761510912017
CCc1c(C(=O)N2CCc3cc4ccnc(N5CCN(C)CC5)c4cc32)cnn1-c1ccc(C#N)cc1,1.259,-0.10002573010786256,0,train,8.899974269892137,-0.2112567851634523,0.1112310550555898,0.1112310550555898
O=C1Cc2ccccc2N1CCCCCN1CC[C@H]2CCCC[C@@H]2C1,491.0,-2.6910814921229687,0,train,6.308918507877031,-2.579934070589805,-0.11114742153316381,0.11114742153316381
CSc1ccccc1N1CCN(CCCCCC(=O)NCc2ccncc2)CC1,8.2,-0.9138138523837167,1,train,8.086186147616283,-1.0248214567083742,0.1110076043246574,0.1110076043246574
O=S(=O)(NC1CCN(CCOc2ccccc2-c2ccccc2)CC1)c1ccc(F)cc1,159.0,-2.2013971243204513,1,train,6.798602875679549,-2.312244103359976,0.11084697903952412,0.11084697903952412
O=C1NCc2ccc(OCCCCN3CCN(c4cccc5ccc(F)cc45)CC3)c(F)c21,4.56,-0.658964842664435,1,train,8.341035157335565,-0.5482856320670512,-0.11067921059738384,0.11067921059738384
Fc1ccc(OCCCN2CCN(c3ccccc3)CC2)cc1,24.0,-1.380211241711606,1,train,7.619788758288394,-1.4907459165224382,0.11053467481083223,0.11053467481083223
Cc1ccc2c(OCCN3CCC(Cc4cccc(NC(=O)CN(C)C)c4)CC3)cccc2n1,15.85,-1.2000292665537702,0,train,7.79997073344623,-1.089600316806991,-0.11042894974677919,0.11042894974677919
Cc1cccc(N2CCN(CCCCNC(=O)c3ccccc3)CC2)n1,3.0,-0.47712125471966244,1,train,8.522878745280337,-0.5875321482385707,0.11041089351890832,0.11041089351890832
Cc1c(Cl)cccc1N1CCN(CCCCOc2ccc3c(n2)NC(=O)CC3)CC1,8.4,-0.9242792860618817,0,train,8.075720713938118,-0.8139166709206828,-0.11036261514119883,0.11036261514119883
CC(C)C[C@H]1C(=O)N2CCC[C@H]2[C@]2(O)O[C@](NC(=O)[C@@H]3C=C4c5cccc6[nH]c(Br)c(c56)C[C@H]4N(C)C3)(C(C)C)C(=O)N12,24.0,-1.380211241711606,0,train,7.619788758288394,-1.490448856039615,0.11023761432800905,0.11023761432800905
CS(=O)(=O)N[C@H]1CC[C@H](CCN2CCN(c3nsc4ccccc34)CC2)CC1,1.3,-0.11394335230683679,0,train,8.886056647693163,-0.2241457296809891,0.11020237737415238,0.11020237737415238
C[C@H]1C[C@H](c2cc3cccc(F)c3s2)CCN1C[C@H](O)COc1cccc2[nH]ccc12,13.09,-1.1169396465507557,0,train,7.8830603534492445,-1.0067554372133714,-0.11018420933738415,0.11018420933738415
COc1ccc(Br)c(CC2CCN(CCc3ccc4ccccc4c3)CC2)c1,0.89,0.05060999335508721,0,train,9.050609993355087,-0.05946091542852553,0.11007090878361273,0.11007090878361273
Cc1cc2c(cc1OCCCN1CCN(c3cccc4cc(F)ccc34)CC1)C(=O)NC2,0.517,0.2865094569060575,0,train,9.286509456906057,0.1766635382881268,0.1098459186179307,0.1098459186179307
CN1CCc2cccc3c2C1Cc1cc2sc(N)nc2cc1-3,23.0,-1.3617278360175928,0,train,7.638272163982407,-1.4714699069455863,0.10974207092799348,0.10974207092799348
COc1ccccc1-c1c(=O)n(CCCCN2CCCC(c3c[nH]c4ccccc34)C2)c(=O)n2ccccc12,132.0,-2.12057393120585,0,train,6.8794260687941495,-2.010846611607739,-0.109727319598111,0.109727319598111
CCCCCCCCC[C@H](O)CC(=O)CCc1ccc(O)c(OC)c1,3740.0,-3.5728716022004803,0,train,5.427128397799519,-3.68252222395393,0.10965062175344986,0.10965062175344986
Cc1c2c(nn1C)CCN(CCN1CCC(c3noc4ccccc34)CC1)C2=O,2.68,-0.42813479402878885,1,train,8.57186520597121,-0.5376791969730134,0.10954440294422457,0.10954440294422457
COc1c(O)ccc2c1CN1CCc3cc4c(cc3[C@@H]1C2)OCCO4,208.0,-2.3180633349627615,0,train,6.681936665037238,-2.2086871341241636,-0.10937620083859745,0.10937620083859745
Cn1c(=O)cnn(CCCCN2CCN(c3ccccc3O)CC2)c1=O,1.7,-0.2304489213782739,1,train,8.769551078621726,-0.3397557926717637,0.10930687129348979,0.10930687129348979
COc1cccc(-c2ccc(CNCCc3c[nH]c4ccc(OC)cc34)o2)c1,91.0,-1.9590413923210936,1,train,7.040958607678906,-2.068315498172018,0.10927410585092434,0.10927410585092434
COc1c(OCCF)cccc1C(=O)C1CCN(CCc2ccc(F)cc2)CC1,1681.0,-3.225567713439471,0,train,5.774432286560529,-3.116308608737225,-0.10925910470224576,0.10925910470224576
Cc1cccc(N2CCN(CCCCOc3ccc4c(n3)NC(=O)CC4)CC2)c1C,8.5,-0.9294189257142927,0,train,8.070581074285707,-0.820825068524249,-0.10859385719004389,0.10859385719004389
Cc1ccc2c(OCCN3CCC(Cc4cccc(C5CCN(S(C)(=O)=O)CC5)c4)CC3)cccc2n1,7.943,-0.899984562549391,0,train,8.100015437450608,-1.0085640136665288,0.10857945111713785,0.10857945111713785
O=C1COCCN1c1ccc(N2CCN(CCCCc3c[nH]c4ccc(F)cc34)CC2)cc1,3.1,-0.4913616938342727,1,train,8.508638306165727,-0.5998055297705212,0.10844383593624846,0.10844383593624846
Fc1cccc(-c2ccccc2N2CCN(CCc3c[nH]c4ccc(F)cc34)CC2)c1,5.6,-0.7481880270062004,1,train,8.2518119729938,-0.6398532638971823,-0.10833476310901802,0.10833476310901802
CC(=O)c1c(OCCCCN2CCN(c3cc(C)cc(C)c3)CC2)ccc2c(C)cc(=O)oc12,3.7,-0.568201724066995,1,train,8.431798275933005,-0.45998400614595475,-0.10821771792104024,0.10821771792104024
COc1ccccc1N1CCN(CCCCNC(=O)[C@H](CC(N)=O)NC(=O)C2CCCCC2)CC1,24.0,-1.380211241711606,0,train,7.619788758288394,-1.2720290410662292,-0.10818220064537676,0.10818220064537676
Cc1ccc2c(OCCN3CCC(Cc4cccc(-c5cccnc5)c4)CC3)cccc2n1,5.012,-0.7000110623221123,1,train,8.299988937677888,-0.8080361728619365,0.10802511053982422,0.10802511053982422
Cc1ccc2c(N3CCN(CCc4cccc5c4OCc4c(C(=O)N6CCCC6)ncn4-5)CC3)cccc2n1,0.1259,0.8999742698921374,0,train,9.899974269892137,0.7919805718159219,0.1079936980762155,0.1079936980762155
NCCc1c[nH]c2ccc(OCC(=O)N3CCN(c4ccccc4)CC3)cc12,10.9,-1.0374264979406236,1,train,7.962573502059376,-1.145259322865985,0.1078328249253615,0.1078328249253615
COc1ccccc1N1CCN(CCCCNC(=O)c2cc3cc(I)ccc3o2)CC1,33.0,-1.5185139398778875,0,train,7.481486060122112,-1.4108051548550942,-0.10770878502279335,0.10770878502279335
O=C([C@@H]1CCCN1C(=O)CCCCCN1CCN(c2ccccc2-c2ccccc2)CC1)N1CCCCC1,18.0,-1.255272505103306,0,train,7.7447274948966935,-1.3629369365772916,0.10766443147398563,0.10766443147398563
OC(CCN1CCN(c2ccccc2Cl)CC1)c1ccccc1,114.82,-2.0600175425316003,0,train,6.9399824574684,-2.1676722761869556,0.10765473365535527,0.10765473365535527
NCCc1c[nH]c2ccc(OCCNC(=O)NCCOc3ccc4[nH]cc(CCN)c4c3)cc12,2.2,-0.3424226808222063,0,train,8.657577319177793,-0.4500259523937589,0.10760327157155264,0.10760327157155264
O=C(NCCCCN1CCN(c2ccccc2C(F)(F)F)CC1)c1n[nH]c2ccccc12,114.0,-2.0569048513364727,0,train,6.943095148663527,-1.9493238195346752,-0.10758103180179757,0.10758103180179757
O=C1CCc2ccc(OCCCCN3CCN(c4cccc5ccccc45)CC3)nc2N1,3.7,-0.568201724066995,1,train,8.431798275933005,-0.4606734576805648,-0.1075282663864302,0.1075282663864302
COc1ccccc1N1CCN(CCCCN2C(=O)C[C@H](NC(=O)C3CCCC3)C2=O)CC1,40.0,-1.6020599913279623,0,train,7.3979400086720375,-1.709578948872137,0.1075189575441744,0.1075189575441744
COc1ccccc1O[C@@H]1CCC(NCC2COc3ccccc3O2)C1O,25.735,-1.4105241725861883,0,train,7.589475827413811,-1.3030382056926695,-0.10748596689351886,0.10748596689351886
CCc1cc(Cl)c(OC)c(N2CCN(CC[C@H]3CC[C@H](NC(=O)NC)CC3)CC2)c1,54.9,-1.739572344450092,0,train,7.260427655549908,-1.8469510908164057,0.10737874636631384,0.10737874636631384
CC(C)c1ccccc1N1CCN(CCCCCCC(=O)N2CCC[C@H]2C(N)=O)CC1,16.0,-1.2041199826559248,0,train,7.795880017344075,-1.3114711903467269,0.10735120769080209,0.10735120769080209
NCCc1c[nH]c2ccc(OCC(=O)N3CCN(c4ccccc4CN)CC3)cc12,13.6,-1.1335389083702174,0,train,7.866461091629782,-1.026227469819416,-0.10731143855080139,0.10731143855080139
COc1ccc(OCCNCC2(F)CCN(C(=O)c3ccc(F)c(Cl)c3)CC2)nc1,1.1,-0.04139268515822508,1,train,8.958607314841775,-0.14868054891779606,0.10728786375957106,0.10728786375957106
O=S(=O)(N[C@H]1CC[C@H](CCN2CCN(c3nsc4ccccc34)CC2)CC1)c1cc[nH]c1,7.58,-0.8796692056320535,0,train,8.120330794367947,-0.7726463235566331,-0.10702288207542043,0.10702288207542043
Cc1ccccc1-c1c(=O)n(CCCCN2CCCC(c3c[nH]c4ccccc34)C2)c(=O)n2ccccc12,102.0,-2.0086001717619175,1,train,6.991399828238082,-1.9016823089184063,-0.10691786284351079,0.10691786284351079
Fc1ccc2[nH]cc(C3=CCN(CCOc4cccc5c4OCCO5)CC3)c2c1,83.3,-1.9206450014067875,0,train,7.079354998593212,-1.8140550703100506,-0.10658993109673687,0.10658993109673687
CCn1cncc1-c1c[nH]c2ccc(C(N)=O)c(F)c12,933.0,-2.9698816437465,0,train,6.0301183562534995,-2.8634327109209825,-0.1064489328255176,0.1064489328255176
CCN(CC)CCCC(C)Nc1cnc(C(=O)Nc2cc(F)cc3cccnc23)cn1,743.0,-2.8709888137605755,0,train,6.129011186239424,-2.7647295896936397,-0.10625922406693578,0.10625922406693578
Cc1ccc(-c2n[nH]cc2N2CCNCC2)cc1,118.0,-2.0718820073061255,1,train,6.928117992693874,-2.178023955507804,0.10614194820167899,0.10614194820167899
Cc1cccc(S(=O)(=O)NCCCN2CC=C(c3c[nH]c4ccc(Cl)cc34)CC2)c1,5.0,-0.6989700043360189,1,train,8.301029995663981,-0.8049316455533768,0.10596164121735796,0.10596164121735796
O=C(CCN1CCN(c2cccc3ccccc23)CC1)c1csc2ccccc12,100.0,-2.0,1,train,7.0,-1.894160134865092,-0.10583986513490795,0.10583986513490795
O=S(=O)(c1cncc2ccccc12)N1CCC(CCN2CCN(c3cccc(C(F)(F)F)c3)CC2)CC1,30.0,-1.4771212547196624,0,train,7.522878745280337,-1.5828144678345053,0.10569321311484292,0.10569321311484292
CCN(CC)CCc1c[nH]c2ccc(OS(=O)(=O)C(F)(F)F)cc12,27.0,-1.4313637641589874,0,train,7.568636235841012,-1.3257218493870206,-0.10564191477196672,0.10564191477196672
N#Cc1cccnc1N1CCN(CCCN2CCN(c3cccc(Cl)c3Cl)CC2)CC1,19.0,-1.2787536009528289,0,train,7.721246399047171,-1.3843163537688081,0.10556275281597927,0.10556275281597927
CSc1ccccc1N1CCN(CCCCNC(=O)c2n[nH]c3ccccc23)CC1,4.07,-0.60959440922522,0,train,8.39040559077478,-0.714802740922198,0.10520833169697796,0.10520833169697796
O=C(Cc1coc2ccccc12)N[C@H]1CC[C@H](CCN2CCN(c3nsc4ccccc34)CC2)CC1,7.55,-0.8779469516291882,0,train,8.122053048370812,-0.7728184221071427,-0.10512852952204554,0.10512852952204554
Cc1ccc2c(n1)C(=O)N(CCN1CCN(c3noc4ccccc34)CC1)CC2,21.9,-1.3404441148401183,1,train,7.6595558851598815,-1.2354320886183285,-0.10501202622178996,0.10501202622178996
O=C(CCN1CCN(c2ccccc2)CC1)N1CCN(c2ccccc2)CC1,272.0,-2.4345689040341987,0,train,6.565431095965801,-2.3295620666707446,-0.10500683736345406,0.10500683736345406
Cc1cc2c(cc1OCCCCN1CCN(c3cccc4cc(F)ccc34)CC1)C(=O)NC2,1.98,-0.2966651902615311,0,train,8.703334809738468,-0.401580509833292,0.10491531957176092,0.10491531957176092
CN1CCc2c(sc3ncn(CCN4CCN(c5cccc6ccccc56)CC4)c(=O)c23)C1,0.7,0.1549019599857432,1,train,9.154901959985743,0.049998357362689705,0.10490360262305348,0.10490360262305348
Fc1ccc(CCCCN2CCN(c3ncccn3)CC2)cc1,8.6,-0.9344984512435677,1,train,8.065501548756432,-1.039376601148502,0.10487814990493438,0.10487814990493438
Cn1ncc2c1CCC(CCN1CCN(c3nsc4ccccc34)CC1)C2=O,0.68,0.16749108729376366,1,train,9.167491087293763,0.27234759701192734,-0.10485650971816374,0.10485650971816374
O=C(NC1CCc2ccc(CCN3CCN(c4nsc5ccccc45)CC3)cc21)c1ccc(Cl)cc1,56.0,-1.7481880270062005,1,train,7.251811972993799,-1.643491010999819,-0.10469701600638137,0.10469701600638137
N#Cc1ccc(Cl)cc1N1CCN(CCN2C(=O)CC3(CCCC3)CC2=O)CC1,29.64,-1.4718781993072905,0,train,7.528121800692709,-1.57654700325671,0.10466880394941946,0.10466880394941946
CC1CCN(CC[C@H]2CCCN2S(=O)(=O)c2ccc(Cl)c(Cl)c2)CC1,316.23,-2.500003068051693,0,train,6.499996931948306,-2.6046718529378974,0.10466878488620424,0.10466878488620424
O=C1c2ccc(F)cc2CC1CCN1CCCN(c2ccc(Cl)cc2)CC1,415.0,-2.6180480967120925,0,train,6.3819519032879075,-2.5134004090957767,-0.10464768761631582,0.10464768761631582
COc1cccc(-c2cccc3c2CCC(N(C)C)C3)c1,73.0,-1.863322860120456,0,train,7.136677139879544,-1.9679423491781636,0.10461948905770768,0.10461948905770768
Cc1ccc(C(=O)N[C@H]2CC[C@H](CCN3CCN(c4nsc5ccccc45)CC3)CC2)[nH]1,1.78,-0.250420002308894,0,train,8.749579997691106,-0.3549557990888236,0.10453579677992958,0.10453579677992958
CC[C@H]1c2c(ccc3ccccc23)OC[C@@]1(C)N,316.23,-2.500003068051693,0,train,6.499996931948306,-2.604480480022386,0.10447741197069282,0.10447741197069282
CN1CCC(c2c[nH]c3cnc(NC(=O)c4ccc(F)cc4)nc23)CC1,200.0,-2.3010299956639813,1,train,6.698970004336019,-2.1966134692357797,-0.10441652642820154,0.10441652642820154
O=c1oc2ccccc2n1CCCCN1CCN(c2ccccc2)CC1,90.33,-1.9558320102324218,1,train,7.044167989767578,-1.8514191192571996,-0.104412890975222,0.104412890975222
N#Cc1ccc2[nH]cc(CCCN3CCN(c4nccc(C#N)n4)CC3)c2c1,8.0,-0.9030899869919435,0,train,8.096910013008056,-0.7987590521725559,-0.10433093481938771,0.10433093481938771
Cc1cc2c(OC[C@@H](O)CN3CC[C@@H](c4ccc5scc(C)c5c4)C[C@@H]3C)cccc2[nH]1,3.12,-0.4941545940184428,0,train,8.505845405981557,-0.5984144880959037,0.10425989407746089,0.10425989407746089
Cc1cc(OCc2nc(N)nc(N3CCN(C)CC3)n2)ccc1Cl,3584.0,-3.5543680009900878,0,train,5.445631999009912,-3.6585984768738116,0.10423047588372336,0.10423047588372336
Cc1ccccc1N1CCN(C(=O)COc2ccc3[nH]cc(CCN)c3c2)CC1,7.85,-0.8948696567452525,0,train,8.105130343254748,-0.9990924723160691,0.10422281557081658,0.10422281557081658
O=c1c(-c2ccccc2F)c2n(c(=O)n1CCCCN1CCCC(c3c[nH]c4ccccc34)C1)CCCC2,15.0,-1.1760912590556813,0,train,7.823908740944319,-1.2803110922922332,0.10421983323655204,0.10421983323655204
COc1ccccc1N1CCN(CC2COC3(CCN(S(=O)(=O)c4ccc([N+](=O)[O-])cc4)CC3)O2)CC1,24.55,-1.3900514964589872,0,train,7.609948503541013,-1.4942166311784408,0.10416513471945366,0.10416513471945366
Cc1cc(C)c2cc(C3CCN(C[C@H](O)COc4cccc5[nH]c(C)cc45)CC3)sc2c1,27.83,-1.444513206334043,0,train,7.555486793665957,-1.5486127817585973,0.10409957542455439,0.10409957542455439
Cc1cccc(C2CN(CCCc3cn(CCCN4CCN(c5ncccn5)CC4)nn3)CCc3cc(O)c(O)cc32)c1,648.0,-2.8115750058705933,0,train,6.188424994129407,-2.7076864154380353,-0.10388859043255794,0.10388859043255794
O=S(=O)(NCCCCN1CCN(c2cccc(Cl)c2Cl)CC1)c1cncc2ccccc12,59.0,-1.7708520116421442,0,train,7.229147988357855,-1.6669813204708712,-0.10387069117127301,0.10387069117127301
COc1ccc(-c2n[nH]cc2N2CCCNCC2)cc1,973.0,-2.988112840268352,0,train,6.011887159731648,-2.884326314878874,-0.10378652538947808,0.10378652538947808
CC(C)(CCCN1CC[C@@H]2CCCC[C@H]2C1)S(=O)(=O)c1ccccc1,1500.0,-3.1760912590556813,0,train,5.823908740944319,-3.072309431899391,-0.10378182715629025,0.10378182715629025
O=C1COc2ccc(OC3CCN(CCOc4cccc5cccnc45)CC3)cc2N1,6.31,-0.8000293592441343,1,train,8.199970640755865,-0.9038055628148055,0.10377620357067119,0.10377620357067119
NC(=O)[C@@H]1Cc2ccccc2CN1C(=O)CCCCCN1CCN(c2ccccc2O)CC1,72.0,-1.8573324964312685,1,train,7.142667503568731,-1.753591360356147,-0.10374113607512125,0.10374113607512125
O=C(CCCCCN1CCN(c2ncccc2-c2ccncc2)CC1)NCc1ccc(F)nc1,203.0,-2.307496037913213,0,train,6.692503962086787,-2.411202680061828,0.10370664214861502,0.10370664214861502
COc1ccc2[nH]cc(C3CC(=O)N(CCCCN4CCC(c5c[nH]c6ccccc56)CC4)C3=O)c2c1,6.3,-0.7993405494535817,1,train,8.200659450546418,-0.9030297629476794,0.10368921349409777,0.10368921349409777
COc1cccc(-c2cccc(CN3CCN(c4cccc5nc(O)oc45)CC3)c2)c1,21.0,-1.3222192947339193,0,train,7.6777807052660805,-1.4257578215086517,0.10353852677473241,0.10353852677473241
Cc1c(-c2ccccc2)oc2c(C(=O)NCCCN3CCN(c4ccccc4OCc4no[n+]([O-])c4C#N)CC3)cccc2c1=O,2.2,-0.3424226808222063,0,train,8.657577319177793,-0.44590740388879285,0.10348472306658657,0.10348472306658657
C[C@H]1C[C@H](c2cc3ccc(Cl)cc3s2)CCN1C[C@H](O)COc1cccc2[nH]ccc12,18.255000000000003,-1.2613818372857464,0,train,7.738618162714253,-1.1580043722896707,-0.1033774649960757,0.1033774649960757
CN1CCN(c2nccc3cc4c(cc23)N(C(=O)c2cccc3ncccc23)CC4)CC1,3.981,-0.599992177584098,1,train,8.400007822415901,-0.703346995025515,0.10335481744141706,0.10335481744141706
O=C1CC2(CCCC2)CC(=O)N1CCN1CCN(c2ccc(F)c(F)c2)CC1,55.0,-1.7403626894942439,0,train,7.259637310505756,-1.843675779966645,0.10331309047240089,0.10331309047240089
Cc1ccc2c(N3CCN(CCc4cccc5c4OCC(=O)N5C4CC4)CC3)cccc2n1,0.1,1.0,1,train,10.0,0.8967096199566789,0.10329038004332114,0.10329038004332114
O=C1CC2Cc3ccsc3C2=NN1CCCCN1CCN(Cc2ccccc2)CC1,614.0,-2.788168371141168,0,train,6.211831628858832,-2.684981875496515,-0.10318649564465288,0.10318649564465288
CCCCCN1CCN(c2ccccc2OC)CC1,5.16,-0.7126497016272114,0,train,8.287350298372788,-0.815816165245729,0.10316646361851756,0.10316646361851756
COc1ccc(F)cc1[C@H]1C[C@@H]1CNCCCCOc1ccc2ccc(=O)[nH]c2c1,34.585,-1.5388877800146998,0,train,7.4611122199853,-1.6419944453623714,0.10310666534767154,0.10310666534767154
CCCC(=O)Nc1ccc2c(c1)-c1c(OC)c(OC)cc3c1C(C2)N(C)CC3,469.0,-2.6711728427150834,0,train,6.328827157284916,-2.5683980665572346,-0.10277477615784925,0.10277477615784925
O=C(c1cnc2ccccc2n1)N(CCN1CCN(c2ccccc2)CC1)c1ccccn1,36.19,-1.5585885831081994,0,train,7.441411416891801,-1.456054131746841,-0.10253445136135841,0.10253445136135841
FC(F)(F)c1cc(Oc2nccc3ccsc23)ccc1-c1cccc2nccn12,3700.0,-3.568201724066995,0,train,5.431798275933005,-3.4656753112672196,-0.10252641279977537,0.10252641279977537
CCCN(CCC)[C@H]1CCc2c(F)ccc(O)c2C1,87.0,-1.9395192526186185,0,train,7.060480747381382,-2.0419781547795477,0.10245890216092923,0.10245890216092923
COc1ccccc1N1CCN(CCCCCNC(=O)c2ccc3ccccc3c2)CC1,54.0,-1.7323937598229686,1,train,7.267606240177031,-1.8347046111868357,0.10231085136386708,0.10231085136386708
O=C(c1ccc(F)c(Cl)c1)N1CCC(F)(CNCCOc2cnccn2)CC1,0.5474,0.26169520692589515,1,train,9.261695206925895,0.1594957654804934,0.10219944144540169,0.10219944144540169
COc1ccc2[nH]c(C)c(CCN(C)C)c2c1,200.0,-2.3010299956639813,0,train,6.698970004336019,-2.4032187864270225,0.10218879076304122,0.10218879076304122
COc1ccccc1OCCNCC1CSC2(CCCCC2)S1,0.9333,0.029978734171634155,0,train,9.029978734171634,-0.07219792625281665,0.10217666042445075,0.10217666042445075
COc1ccc(N2CCN(CCC(Oc3ccc(C(F)(F)F)cc3)c3ccccc3)CC2)cc1,5011.87,-3.6999997975545824,0,train,5.300000202445418,-3.597902507609153,-0.10209728994542955,0.10209728994542955
COc1cccc(CN2CC=C(c3c[nH]c4ccc(OC(C)C)cc34)CC2)c1,290.0,-2.462397997898956,0,train,6.537602002101044,-2.3605287576447695,-0.10186924025418653,0.10186924025418653
Fc1cccc(OCc2ccccc2N2CCNCC2)c1F,101.0,-2.0043213737826426,1,train,6.995678626217357,-1.9025654635440858,-0.10175591023855635,0.10175591023855635
O=C(NCCCCN1CCN(c2ccccc2)CC1)c1ccc2ncccc2c1,99.0,-1.99563519459755,0,train,7.00436480540245,-1.8939170481817653,-0.10171814641578458,0.10171814641578458
COc1cccc(OC)c1-c1cccc(N2CCNCC2)c1,149.0,-2.173186268412274,0,train,6.826813731587726,-2.071595628826223,-0.10159063958605108,0.10159063958605108
OC(CCN1CCN(c2ccc(Cl)cc2)CC1)c1ccsc1,2754.23,-3.440000204461215,1,train,5.5599997955387845,-3.3384130994082493,-0.10158710505296575,0.10158710505296575
CN1CCN(c2nc(N)nc(CSc3ccccc3Cl)n2)CC1,1680.0,-3.225309281725863,0,train,5.774690718274137,-3.3266708810539694,0.10136159932810651,0.10136159932810651
Cc1cc2c(OC[C@@H](O)CN3CCC(c4cc5ccc(F)cc5s4)CC3)cccc2[nH]1,15.35,-1.1861083798132053,0,train,7.813891620186794,-1.0847976570919753,-0.10131072272122998,0.10131072272122998
COc1cccc(N2CCN(CCCCCOc3ccccc3C(N)=O)CC2)c1,4.0,-0.6020599913279624,1,train,8.397940008672037,-0.7033326064603779,0.10127261513241548,0.10127261513241548
c1ccc2c(CCN3CCCC(c4ccnc(NC5CC5)n4)C3)csc2c1,38.5,-1.5854607295085006,0,train,7.414539270491499,-1.6867324668471817,0.10127173733868111,0.10127173733868111
CC(Oc1cc(Cl)ccc1F)c1nc(N)nc(N2CCN(C)CC2)n1,2019.0,-3.305136318943639,0,train,5.694863681056361,-3.4061557945187104,0.1010194755750713,0.1010194755750713
COc1ccccc1N1CCN(CCN(C(=O)c2ccc(F)c(C)c2)c2ccccn2)CC1,2.46275,-0.39142032774203417,0,train,8.608579672257965,-0.29077684089577044,-0.10064348684626367,0.10064348684626367
c1ccc2c(NCCNc3ccnc4ccccc34)ccnc2c1,2290.935,-3.3600127672593283,0,train,5.639987232740672,-3.259949730706918,-0.10006303655241044,0.10006303655241044
O=C1NCN(c2ccccc2)C12CCN(CCCCc1nc3cc(Cl)ccc3s1)CC2,102.165,-2.00930213933829,0,train,6.99069786066171,-2.109128581042388,0.09982644170409793,0.09982644170409793
O=C1c2cncnc2CCN1CCN1CCN(c2nsc3ccccc23)CC1,6.9,-0.8388490907372553,1,train,8.161150909262744,-0.9384494279554674,0.09960033721821204,0.09960033721821204
Cc1ccc2c(OCCN3CCN(Cc4ccc5c(c4)N(CC(C)C)C(=O)CO5)CC3)cccc2n1,1.995,-0.2999429000227671,0,train,8.700057099977233,-0.399537972536158,0.09959507251339095,0.09959507251339095
Cc1cc2ccc3c(c2o1)-c1cccc2c1[C@@H](C3)N(C)CC2,29.0,-1.462397997898956,0,train,7.537602002101044,-1.5618633106567452,0.09946531275778914,0.09946531275778914
COc1cc(CN2CCOCC2)ccc1OCCCN1CCC(c2noc3cc(F)ccc23)CC1,112.1,-2.049605612594973,0,train,6.9503943874050265,-1.95018336519324,-0.099422247401733,0.099422247401733
O=C(NCCCCN1CCN(c2cccc(F)c2)CC1)c1cc2ccccc2cn1,11.0,-1.0413926851582251,0,train,7.958607314841775,-1.1407396059782762,0.09934692082005103,0.09934692082005103
CC(=O)c1c(C)cc2oc(=O)cc(C)c2c1OCCCN1CCN(c2ccncc2)CC1,154.0,-2.187520720836463,1,train,6.8124792791635365,-2.2867837978326135,0.09926307699615045,0.09926307699615045
COc1ccccc1N1CCN(CCN(C(=O)C23CC4CC(CC(CF)(C4)C2)C3)c2ccccn2)CC1,1.82,-0.2600713879850748,0,train,8.739928612014925,-0.1609047532515685,-0.09916663473350629,0.09916663473350629
O=c1ccoc2ccc(CCN3CCC(Cc4ccc(Br)c(OCCO)c4)CC3)cc12,2.1,-0.3222192947339193,1,train,8.67778070526608,-0.4213749482561597,0.09915565352224037,0.09915565352224037
N#Cc1cc2c3c(ccc2[nH]1)OCC(CN1CCC2(CC1)C(=O)NCN2c1ccccc1)O3,0.5,0.3010299956639812,1,train,9.301029995663981,0.2018818759392803,0.09914811972470089,0.09914811972470089
Fc1ccc(COc2ccccc2C2CCNCC2)cc1,77.0,-1.8864907251724818,1,train,7.113509274827518,-1.985479005435544,0.09898828026306239,0.09898828026306239
O=C(NCCN1CC=C(c2ccc(F)cc2)CC1)c1cnc2ccccc2n1,14.0,-1.146128035678238,1,train,7.853871964321762,-1.0471438946606901,-0.09898414101754782,0.09898414101754782
CCC([Se]c1ccc2ccccc2c1)c1nc(N)nc(N2CCN(C)CC2)n1,2306.0,-3.36285930295868,0,train,5.637140697041319,-3.461793243227577,0.09893394026889668,0.09893394026889668
Cc1nc2ccccc2c(=O)n1CCCCCN1CCN(c2ccc(Cl)cc2)CC1,100.0,-2.0,1,train,7.0,-1.901082116219658,-0.09891788378034194,0.09891788378034194
CN(C1CCN(CCOc2ccccc2C(C)(C)C)CC1)S(=O)(=O)c1cnn(C)c1,9626.0,-3.98344585734134,0,train,5.01655414265866,-3.884580832458574,-0.0988650248827656,0.0988650248827656
COc1ccc(S(=O)(=O)N2CCc3ccc(I)cc32)cc1N1CCNCC1,501.19,-2.7000023971422538,0,train,6.299997602857746,-2.7987004806128457,0.09869808347059195,0.09869808347059195
Clc1ccc(N2CCN(CCCc3nc4ccccc4s3)CC2)cc1,312.0,-2.494154594018443,1,train,6.505845405981557,-2.3954739411732877,-0.09868065284515515,0.09868065284515515
FC(F)(F)c1ccc(OC(CCN2CCN(c3ccc(Cl)cc3)CC2)c2ccccc2)cc1,5011.87,-3.6999997975545824,0,train,5.300000202445418,-3.601372347853612,-0.09862744970097026,0.09862744970097026
COc1ccccc1N1CCN(CCCNS(=O)(=O)c2cccc3c(N(C)C)cccc23)CC1,29.0,-1.462397997898956,0,train,7.537602002101044,-1.5609860473031825,0.09858804940422639,0.09858804940422639
O=C1c2ccccc2S(=O)(=O)N1CCCCCN1CCN(c2cccc3ccccc23)CC1,16.0,-1.2041199826559248,0,train,7.795880017344075,-1.1057236319706378,-0.09839635068528696,0.09839635068528696
Cc1ccc2c(OCCN3CCN(Cc4ccc5c(c4F)N(C)C(=O)CO5)CC3)cccc2n1,3.162,-0.4999618655961902,1,train,8.500038134403809,-0.5982790125805271,0.09831714698433686,0.09831714698433686
O=c1ccc2cnc(OCCCCN3CCN(c4cccc(Cl)c4Cl)CC3)cc2[nH]1,40.7,-1.6095944092252201,1,train,7.39040559077478,-1.5112824912886413,-0.09831191793657856,0.09831191793657856
O=S(=O)(c1cccc(F)c1)n1ccc2c(N3CCNCC3)nc3ccccc3c21,437.0,-2.640481436970422,0,train,6.359518563029578,-2.7387908728890413,0.0983094359186194,0.0983094359186194
Cn1nncc1-c1ccc2c(c1)c(C1CCN(CCN3CCNC3=O)CC1)cn2-c1ccc(F)cc1,18.0,-1.255272505103306,0,train,7.7447274948966935,-1.3535305114611922,0.09825800635788617,0.09825800635788617
COc1ccccc1N1CCN(CCCCCC(=O)NC2CCCc3ccccc32)CC1,6.64,-0.8221680793680175,1,train,8.177831920631982,-0.9204073545078983,0.09823927513988084,0.09823927513988084
CC(C)c1cccc(OCCN2C3CCC2CC(NS(=O)(=O)c2cnn(C)c2)C3)c1,431.0,-2.6344772701607315,0,train,6.3655227298392685,-2.536346014781165,-0.09813125537956635,0.09813125537956635
O=S(=O)(NC1CCN(CC(O)COc2ccccc2-c2ccccc2)CC1)c1cccc(Cl)c1,1329.0,-3.123524980942732,0,train,5.876475019057268,-3.025470556623396,-0.09805442431933598,0.09805442431933598
COc1ccccc1N1CCN(CCCCNC(=O)[C@@H]2CCC(=O)N2C(=O)CC2CC3CCC2C3)CC1,12.0,-1.0791812460476249,0,train,7.920818753952375,-1.1771886078789395,0.09800736183131464,0.09800736183131464
COc1ccc(Br)c(CC2CCN(CCc3ccccc3)CC2)c1,2.72,-0.43456890403419873,0,train,8.5654310959658,-0.3365673486889837,-0.09800155534521499,0.09800155534521499
COCCOc1cc(CC2CCN(CCc3ccc4occc(=O)c4c3)CC2)ccc1Br,2.0,-0.3010299956639812,1,train,8.698970004336019,-0.39888044882449086,0.09785045316050967,0.09785045316050967
Cc1cccc(S(=O)(=O)NCCN2CC=C(c3c[nH]c4ccc(F)cc34)CC2)c1,110.0,-2.041392685158225,1,train,6.958607314841775,-1.943601982901267,-0.09779070225695796,0.09779070225695796
COc1ccccc1N1CCN(CC2COC3(CCN(S(=O)(=O)c4ccc(C)cc4)CC3)O2)CC1,26.92,-1.4300750555519393,0,train,7.5699249444480605,-1.5278369933809228,0.09776193782898357,0.09776193782898357
Cc1c(C2CCN(C[C@H](O)COc3cccc4[nH]ccc34)CC2)sc2ccc(F)cc12,5.17,-0.7134905430939426,0,train,8.286509456906057,-0.8112190814579279,0.09772853836398532,0.09772853836398532
O=c1ccc(=O)n(-c2ccccc2)n1CCCCN1CCN(c2cccc(Cl)c2)CC1,50.12,-1.7000110623221123,0,train,7.299988937677888,-1.6023462050657455,-0.09766485725636675,0.09766485725636675
CSc1ccccc1OCCN1CCC(NS(=O)(=O)c2ccc(F)cc2)C1,10.0,-1.0,1,train,8.0,-1.0976494701016621,0.09764947010166214,0.09764947010166214
O=C(CCCCCN1CCN(c2cccc[n+]2[O-])CC1)NC1CCCc2ccccc21,194.0,-2.287801729930226,0,train,6.7121982700697735,-2.1901772901586294,-0.09762443977159663,0.09762443977159663
CN(C)CCc1c[nH]c2c(F)ccc(O)c12,120.0,-2.0791812460476247,0,train,6.920818753952375,-2.17676493155278,0.0975836855051555,0.0975836855051555
CCCOc1ccccc1CN1CCN(Cc2cc3ccccc3o2)CC1,2458.0,-3.390581878550435,0,train,5.609418121449565,-3.2930480661083346,-0.09753381244210058,0.09753381244210058
CC(=O)Nc1cccc(N2CCN(CCCCNS(=O)(=O)C(C)C)CC2)c1,24.0,-1.380211241711606,0,train,7.619788758288394,-1.2827035740721933,-0.09750766763941265,0.09750766763941265
COc1ccccc1-c1cc(CCN(C)C)ccc1Cl,280.0,-2.4471580313422194,0,train,6.552841968657781,-2.544569376816721,0.09741134547450159,0.09741134547450159
COc1ccccc1N1CCN(CCn2c(=O)[nH]c3[nH]c(-c4ccc(C)cc4)cc3c2=O)CC1,333.34,-2.522887431083118,1,train,6.477112568916882,-2.425707700337213,-0.0971797307459048,0.0971797307459048
O=S(=O)(c1ccnc2ccccc12)N1CCCCC[C@H]1CCN1CCN(c2nsc3ccccc23)CC1,50.0,-1.6989700043360187,0,train,7.301029995663981,-1.6018820000835379,-0.09708800425248088,0.09708800425248088
CC(C)c1cccc(OCCN2C3CCC2CC(NS(=O)(=O)c2cc(F)ccc2F)C3)c1,51.0,-1.7075701760979363,0,train,7.292429823902063,-1.8044212495433636,0.0968510734454271,0.0968510734454271
c1ccc(-c2ccccc2N2CCNCC2)cc1,99.0,-1.99563519459755,1,train,7.00436480540245,-2.0924717970813664,0.09683660248381654,0.09683660248381654
COCCOc1cc(CC2CCN(CCc3ccc4c(c3)C(=O)CCO4)CC2)ccc1C,7.72,-0.8876173003357362,0,train,8.112382699664265,-0.9844183830830149,0.09680108274727872,0.09680108274727872
O=C(CCCN1CC[C@H]2[C@@H](C1)c1cccc3c1N2CCC3)c1ccc(F)cc1,206.0,-2.3138672203691533,0,train,6.686132779630847,-2.217262312106889,-0.0966049082622642,0.0966049082622642
O=C1c2ncccc2CCC1CCN1CCN(c2noc3cc(F)ccc23)CC1,26.5,-1.423245873936808,1,train,7.576754126063192,-1.5198135837055906,0.0965677097687827,0.0965677097687827
Cc1ccc2c(N3CCN(CCc4cccc(NC(=O)Nc5ccccc5)c4)CC3)cccc2n1,3.981,-0.599992177584098,0,train,8.400007822415901,-0.5034383406794865,-0.0965538369046115,0.0965538369046115
CC(=O)Nc1ccc(OCCCN2CCN(c3nsc4ccccc34)CC2)cc1,69.7,-1.8432327780980093,0,train,7.15676722190199,-1.746883784133209,-0.09634899396480012,0.09634899396480012
COc1ccccc1N1CCN(CC2COC3(CCN(S(=O)(=O)c4cccs4)CC3)O2)CC1,60.26,-1.7800291273373383,0,train,7.219970872662662,-1.683714866891777,-0.09631426044556135,0.09631426044556135
CCCN(CCC)C1CCc2c(ccc3ccoc23)C1,210.0,-2.322219294733919,0,train,6.6777807052660805,-2.2259386329745414,-0.09628066175937766,0.09628066175937766
COCOc1ccc(CNC(=O)CCCCCN2CCN(c3ccccc3-c3ccccc3)CC2)cc1,86.0,-1.9344984512435677,1,train,7.0655015487564325,-2.0306856204947104,0.09618716925114246,0.09618716925114246
COc1cc2c(cc1OC)[C@@H]1Cc3ccc(O)c(OC)c3CN1CC2,149.0,-2.173186268412274,0,train,6.826813731587726,-2.2691143060811747,0.09592803766890068,0.09592803766890068
O=C(c1ccc(F)c(Cl)c1)N1CCC(F)(CNCCOc2cccc(Cl)c2)CC1,0.04543,1.342657263185374,1,train,10.342657263185373,1.2467560530420663,0.09590121014330766,0.09590121014330766
CCCC(=O)N[C@H]1CC[C@H](CCN2CCN(c3nsc4ccccc34)CC2)CC1,2.1,-0.3222192947339193,0,train,8.67778070526608,-0.41784512551052805,0.09562583077660874,0.09562583077660874
O=C1CC2(CCCC2)CC(=O)N1CCN1CCN(c2cccc(C(F)(F)F)c2)CC1,8.22,-0.9148718175400504,1,train,8.08512818245995,-1.0104585097006262,0.0955866921605758,0.0955866921605758
Oc1nc2cccc(N3CCN(Cc4cc(-c5ccc(F)cc5)ccn4)CC3)c2o1,16.0,-1.2041199826559248,1,train,7.795880017344075,-1.29952745347953,0.09540747082360523,0.09540747082360523
COc1cc(OC)nc(N2CCN(CCCc3c[nH]c4ccc(F)cc34)CC2)n1,3.4,-0.5314789170422551,0,train,8.468521082957745,-0.4360916825634119,-0.09538723447884323,0.09538723447884323
COc1ccccc1-c1cc(CN(C)C)ccc1Cl,2100.0,-3.322219294733919,0,train,5.6777807052660805,-3.2268663535900277,-0.09535294114389137,0.09535294114389137
O=C1Cc2ccccc2N1CCCCN1CC[C@H]2CCCC[C@@H]2C1,470.0,-2.6720978579357175,0,train,6.327902142064282,-2.5768692638206323,-0.09522859411508477,0.09522859411508477
COc1ccccc1N1CCN(CCCCCC(=O)NCc2ccccc2-c2ccccc2Cl)CC1,11.0,-1.0413926851582251,0,train,7.958607314841775,-1.1365051216143458,0.09511243645612066,0.09511243645612066
COc1ccccc1-c1cc(C2CCNC2)ccc1Cl,96.0,-1.9822712330395684,0,train,7.017728766960431,-1.8871997374167102,-0.09507149562285822,0.09507149562285822
O=C(N(CCN1CCN(c2ccccc2O)CC1)c1ccccn1)C12CC3CC(C1)C(I)C(C3)C2,1.68,-0.22530928172586284,0,train,8.774690718274137,-0.1303482399856394,-0.09496104174022338,0.09496104174022338
Fc1ccc(-c2n[nH]cc2N2CCNCC2)cc1,273.0,-2.436162647040756,1,train,6.5638373529592435,-2.3412699317202836,-0.09489271532047239,0.09489271532047239
CC(=O)N1CCC(c2cccc(CC3CCN(CCOc4cccc5nc(C)ccc45)CC3)c2)CC1,12.59,-1.1000257301078626,0,train,7.899974269892137,-1.0052778462334786,-0.09474788387438404,0.09474788387438404
NS(=O)(=O)NCCCCCCN1CCN(c2cccc(Cl)c2)CC1,21.0,-1.3222192947339193,0,train,7.6777807052660805,-1.416935114362622,0.09471581962870279,0.09471581962870279
Fc1ccc(CCCCN2CCCN(c3ccc(Cl)cc3)CC2)cc1,91.0,-1.9590413923210936,0,train,7.040958607678906,-2.053486293148982,0.09444490082788826,0.09444490082788826
O=C(CCCN1C2CCC1CN(c1ccc(Cl)cn1)C2)c1ccc(F)cc1,77.81,-1.8910354153153108,1,train,7.108964584684689,-1.9852855903571907,0.09425017504187982,0.09425017504187982
OC1(c2ccc(Cl)cc2)CCN(CCCCc2ccc(F)cc2)CC1,658.0,-2.8182258936139557,0,train,6.181774106386044,-2.7241693378352063,-0.09405655577874983,0.09405655577874983
Cc1cccc(F)c1Oc1cccc(F)c1OC1CCNC1,4.0,-0.6020599913279624,0,train,8.397940008672037,-0.6961048553043964,0.09404486397643397,0.09404486397643397
CN1CCc2cccc3c2C1Cc1ccc(NS(C)(=O)=O)cc1-3,133.0,-2.123851640967086,0,train,6.876148359032914,-2.029991966313059,-0.093859674654027,0.093859674654027
O=C1NCc2ccc(OCCCN3CCN(c4cccc5c4CCCC5)CC3)cc21,0.269,0.5702477199975919,1,train,9.570247719997592,0.6640618991372388,-0.09381417913964685,0.09381417913964685
CC(Oc1ccccc1Cl)c1nc(N)nc(N2CCN(C)CC2)n1,4540.0,-3.6570558528571038,0,train,5.342944147142896,-3.563548927390083,-0.09350692546702133,0.09350692546702133
O=C(N[C@H]1CC[C@H](CCN2CCN(c3nsc4ccccc34)CC2)CC1)Oc1ccccc1,2.59,-0.4132997640812518,0,train,8.586700235918748,-0.5067870898290038,0.09348732574775198,0.09348732574775198
N#Cc1ccc(CNC(=O)CCOCCN2CCN(c3ccccc3-c3ccccc3)CC2)cc1,437.0,-2.640481436970422,1,train,6.359518563029578,-2.7339469985462967,0.09346556157587482,0.09346556157587482
Cc1ccc(S(=O)(=O)NCCCCN2CCN(c3cccc(NS(=O)(=O)C(C)C)c3)CC2)cc1,47.0,-1.6720978579357175,1,train,7.327902142064282,-1.5786801867365114,-0.09341767119920608,0.09341767119920608
COc1ccccc1N1CCN(CC2COC3(CCN(C(=O)c4ccc(C(F)(F)F)cc4)CC3)O2)CC1,50.12,-1.7000110623221123,0,train,7.299988937677888,-1.7934227309934596,0.09341166867134731,0.09341166867134731
CCCN(CCC)C1Cc2cccc3c2n(c(=O)n3C)C1,124.0,-2.093421685162235,0,train,6.906578314837764,-2.0000106546659455,-0.09341103049628963,0.09341103049628963
COc1ccccc1N1CCN(CCCCNC(=O)c2cc3ccccc3o2)CC1,17.0,-1.2304489213782739,1,train,7.769551078621726,-1.3237857115967073,0.09333679021843322,0.09333679021843322
N#Cc1ccc2[nH]cc(CCCCN3CCN(c4ccc(-n5ccc6occc6c5=O)cc4)CC3)c2c1,0.14,0.8538719643217619,1,train,9.853871964321762,0.7605356556615738,0.09333630866018816,0.09333630866018816
COc1cc2c(cc1OCc1ccc(Br)cc1)C[C@H]1c3c(cc(OC)c(OC)c3-2)CCN1C,102.0,-2.0086001717619175,0,train,6.991399828238082,-2.1018330374061525,0.09323286564423539,0.09323286564423539
c1ccc2c(c1)CN(CCCCc1nc3ccccc3s1)C2,111.0,-2.0453229787866576,1,train,6.954677021213342,-2.138449692441898,0.0931267136552405,0.0931267136552405
COc1ccc2c(n1)C(=O)N(CCN1CCC(c3noc4ccccc34)CC1)CC2,1.59,-0.2013971243204515,1,train,8.79860287567955,-0.2941019500715562,0.0927048257511047,0.0927048257511047
COc1ccc(Br)c(CC2CCN(CCc3ccc(C)cc3)CC2)c1,1.4,-0.146128035678238,0,train,8.853871964321762,-0.05345045916230342,-0.09267757651593458,0.09267757651593458
COc1ccc(-c2ccccc2N2CCN(CCC(C)(C)CCOc3cnccn3)CC2)cc1,264.0,-2.4216039268698313,0,train,6.578396073130168,-2.3289931234619545,-0.0926108034078772,0.0926108034078772
COc1ccccc1N1CCN(CCCN2C(=O)C[C@H](NC(=O)C3CCCCC3)C2=O)CC1,230.0,-2.361727836017593,0,train,6.638272163982407,-2.269167306216933,-0.09256052980065999,0.09256052980065999
Cc1sc2nc(CCCCCN3CCN(c4ccc(Cl)cc4)CC3)[nH]c(=O)c2c1C,53.9,-1.7315887651867388,0,train,7.268411234813261,-1.8241252057456787,0.09253644055893995,0.09253644055893995
CC(=O)Nc1cccc(N2CCN(CCCCNS(=O)(=O)CC(C)C)CC2)c1,9.2,-0.9637878273455552,0,train,8.036212172654444,-1.056239687936965,0.09245186059140986,0.09245186059140986
OC1(c2ccc(Cl)c(C(F)(F)F)c2)CCN(CCCCCc2ccc(F)cc2)CC1,901.0,-2.954724790979063,0,train,6.045275209020938,-2.8623560585490457,-0.09236873243001709,0.09236873243001709
CN(CCOc1ccccc1Cl)CCN1C(=O)CC2(CCCC2)CC1=O,125.3,-2.09795107099415,0,train,6.902048929005851,-2.1903063909907514,0.09235531999660163,0.09235531999660163
CCCN1CCc2cccc3c2C1Cc1ccc2nc(N)sc2c1-3,93.0,-1.968482948553935,0,train,7.031517051446065,-2.0607875805673874,0.0923046320134524,0.0923046320134524
O=S(=O)(NC1CCN(CCOc2ccccc2C(F)(F)F)CC1)c1ccccc1,4358.0,-3.6392872259102367,0,train,5.360712774089763,-3.547007625137574,-0.09227960077266273,0.09227960077266273
Cc1cc(Oc2nccc3occc23)ccc1-c1c(C)ncc2nccn12,1200.0,-3.0791812460476247,0,train,5.920818753952375,-3.1714375796203784,0.09225633357275376,0.09225633357275376
O=c1[nH]c2c(N3CCN(CC[C@@H]4CCCN4S(=O)(=O)c4cccc5ncccc45)CC3)cccc2o1,23.0,-1.3617278360175928,0,train,7.638272163982407,-1.453833691077194,0.09210585505960123,0.09210585505960123
Cc1cc2c(OC[C@@H](O)CN3CC[C@@H](c4cc5cc(F)ccc5s4)C[C@@H]3C)cccc2[nH]1,5.65,-0.7520484478194386,0,train,8.247951552180561,-0.8441221064586538,0.09207365863921524,0.09207365863921524
Oc1nc2cccc(N3CCN(Cc4cccc(-c5cccc(Cl)c5)c4)CC3)c2o1,42.0,-1.6232492903979006,0,train,7.376750709602099,-1.5312291386544816,-0.09202015174341893,0.09202015174341893
c1ccc(CC2CCN(CC3CCc4ccccc4C3)CC2)cc1,172.0,-2.2355284469075487,1,train,6.764471553092451,-2.1435498424070136,-0.09197860450053508,0.09197860450053508
COc1ccccc1N1CCN(CCCCNC(=O)c2cc3ccccc3[te]2)CC1,69.0,-1.8388490907372552,1,train,7.161150909262744,-1.7469152807548667,-0.09193380998238854,0.09193380998238854
Cc1cnc(OCCNCC2(F)CCN(C(=O)c3ccc(F)c(Cl)c3)CC2)nc1,12.9,-1.110589710299249,1,train,7.889410289700751,-1.01871716522749,-0.09187254507175902,0.09187254507175902
COc1ccccc1N1CCN(CCN(C(=O)C23CCC(CF)(CC2)C3)c2ccccn2)CC1,0.88,0.05551732784983137,0,train,9.05551732784983,-0.03625544222725951,0.09177277007709081,0.09177277007709081
COc1c(Cl)ccc2c1C(C)NC(NCC(F)F)=N2,348.0,-2.5415792439465807,0,train,6.458420756053419,-2.449843136480212,-0.09173610746636873,0.09173610746636873
O=C(c1cccc(CN2CCN3c4ccccc4OCC3C2)c1)N1CCCCC1,12.0,-1.0791812460476249,0,train,7.920818753952375,-1.1708566145769692,0.09167536852934433,0.09167536852934433
O=C(c1cccc2ccccc12)N(CCN1CC=C(c2ccccc2)CC1)c1ccccn1,14.01,-1.1464381352857747,0,train,7.853561864714226,-1.2380076235634612,0.0915694882776863,0.0915694882776863
O=C1CC(c2c[nH]c3ccc(F)cc23)C(=O)N1CCCCN1CCC(c2c[nH]c3ccccc23)CC1,13.0,-1.1139433523068367,1,train,7.886056647693163,-1.2054826022817144,0.09153924997487772,0.09153924997487772
Cc1ccccc1-c1c2n(c(=O)n(CCCCN3CCCC(c4c[nH]c5ccccc45)C3)c1=O)CCCC2,62.0,-1.792391689498254,0,train,7.207608310501746,-1.7009134146377605,-0.09147827486049342,0.09147827486049342
Cc1ccc(OC(CCN2CCN(c3ccc(Cl)cc3)CC2)c2ccccc2)cc1,1445.44,-3.1600000688813004,0,train,5.839999931118699,-3.251436111436567,0.09143604255526672,0.09143604255526672
COc1ccc(F)c(CC2CCN(CCc3ccccc3)CC2)c1,6.04,-0.7810369386211319,0,train,8.218963061378869,-0.8724336909853835,0.0913967523642516,0.0913967523642516
COc1cc(OC)nc(N2CCN(CCCc3c[nH]c4ccccc34)CC2)n1,4.8,-0.6812412373755872,0,train,8.318758762624412,-0.7726002497876283,0.09135901241204114,0.09135901241204114
CCCC([Se]c1cc(Cl)ccc1F)c1nc(N)nc(N2CCN(C)CC2)n1,2070.0,-3.315970345456918,0,train,5.684029654543082,-3.4072757897821706,0.09130544432525278,0.09130544432525278
O=C1NCc2cc(F)c(OCCCN3CCN(c4cccc5ccccc45)CC3)cc21,0.671,0.17327747983100789,0,train,9.173277479831007,0.2643689979671249,-0.09109151813611707,0.09109151813611707
CCN1CC(CNCCc2c[nH]c3ccc(F)cc23)Oc2ccccc21,15.31,-1.184975190698261,0,train,7.815024809301739,-1.0938854600180496,-0.09108973068021142,0.09108973068021142
COc1ccc2[nH]cc(C3=CCN(Cc4ccco4)CC3)c2c1,195.0,-2.290034611362518,0,train,6.709965388637482,-2.380971177946685,0.09093656658416727,0.09093656658416727
FCCOc1cccc(CN2CCN(Cc3cc4ccccc4o3)CC2)c1,469.0,-2.6711728427150834,1,train,6.328827157284916,-2.7620922801986785,0.09091943748359466,0.09091943748359466
O=C1COc2c(cccc2N2CCN(Cc3cccc(-c4ccccc4)c3)CC2)N1,49.0,-1.6901960800285136,0,train,7.309803919971486,-1.5993206773880546,-0.09087540264045901,0.09087540264045901
COc1cccc(N2CCN(CCCCNC(=O)c3cc4ccccc4n3C)CC2)c1,10.0,-1.0,0,train,8.0,-1.0906092446058444,0.09060924460584441,0.09060924460584441
COc1ccccc1CCCNCC1COC(c2ccccc2)(c2ccccc2)O1,7.943,-0.899984562549391,1,train,8.100015437450608,-0.9905836644131515,0.09059910186376052,0.09059910186376052
Clc1cccc(Cl)c1OCCNCCOc1ccccc1OCc1ccccc1,31.62,-1.4999618655961902,0,train,7.50003813440381,-1.4094442826629265,-0.09051758293326362,0.09051758293326362
O=c1c2cncnc2ccn1CCN1CCC(c2noc3ccccc23)CC1,51.4,-1.7109631189952756,1,train,7.289036881004725,-1.6205245473350316,-0.09043857166024405,0.09043857166024405
CC(C)c1ccccc1OCCN1CCC(NC(=O)c2ccc3ccccc3n2)C1,30.0,-1.4771212547196624,0,train,7.522878745280337,-1.5674537490025877,0.09033249428292534,0.09033249428292534
COc1cccc(N2CCN(CCCCNC(=O)c3ccccc3)CC2)n1,6.0,-0.7781512503836436,0,train,8.221848749616356,-0.8684005451983532,0.09024929481470956,0.09024929481470956
N#Cc1ccc(CNC(=O)CCOCCN2CCN(c3ncccc3-c3ccccc3)CC2)cc1,595.0,-2.7745169657285498,1,train,6.22548303427145,-2.8647330947760845,0.09021612904753473,0.09021612904753473
Cc1ccc2c(OCCN3CCC(Cc4cccc(NC(=O)C(C)C)c4)CC3)cccc2n1,6.31,-0.8000293592441343,0,train,8.199970640755865,-0.8901375484717791,0.09010818922764474,0.09010818922764474
CC1(C(=O)N(CCN2CCN(c3ccccc3O[11CH3])CC2)c2ccccn2)CCCCC1,2.3,-0.36172783601759284,0,train,8.638272163982407,-0.2718245939821712,-0.0899032420354216,0.0899032420354216
O=C1Nc2ccccc2C12CCN(CCCN1CCN(c3ccc(Cl)cc3)CC1)C2,2891.0,-3.4610480916706576,1,train,5.538951908329342,-3.3712025195439,-0.08984557212675748,0.08984557212675748
CCCN1CCc2cccc3c2[C@H]1Cc1cccc(OCC=C(C)C)c1-3,149.0,-2.173186268412274,0,train,6.826813731587726,-2.0833750746994104,-0.08981119371286361,0.08981119371286361
Cc1ccc2c(N3CCN(CCc4cccc(NC(=O)c5ccccc5F)c4)CC3)cccc2n1,1.0,-0.0,0,train,9.0,-0.08978229923343874,0.08978229923343874,0.08978229923343874
Clc1ccc(N2CCN(Cc3cn4ccccc4n3)CC2)cc1,1700.0,-3.230448921378274,0,train,5.769551078621726,-3.1407189198062166,-0.08973000157205746,0.08973000157205746
COc1ccccc1N1CCN(CCCn2c(=O)ccc(=O)n2-c2ccccc2)CC1,53.7,-1.7299742856995557,0,train,7.270025714300444,-1.640272147380803,-0.08970213831875262,0.08970213831875262
CCCCN1CCC(COC(=O)c2cc(Cl)c(NC)c3c2OCCO3)CC1,300.0,-2.4771212547196626,0,train,6.522878745280337,-2.387449484848162,-0.08967176987150038,0.08967176987150038
CCCN(CCCCn1ccc2cccc(F)c21)C1COc2c(F)ccc(C(N)=O)c2C1,16.6,-1.2201080880400552,0,train,7.779891911959945,-1.309491324169063,0.08938323612900789,0.08938323612900789
COc1ccccc1N1CCN(CCCCCCn2c(=O)n3c4c(cccc42)CCC3)CC1,19.0,-1.2787536009528289,0,train,7.721246399047171,-1.1893839325571687,-0.08936966839566018,0.08936966839566018
COc1ccc(OCCNCC2(F)CCN(C(=O)c3ccc(Cl)c(Cl)c3)CC2)cc1,1.215,-0.08457627793433102,1,train,8.915423722065668,-0.17393803416851272,0.08936175623418172,0.08936175623418172
COc1ccccc1-c1c2n(c(=O)n(CCCCN3CCCC(c4c[nH]c5ccc(F)cc45)C3)c1=O)CCCC2,40.0,-1.6020599913279623,0,train,7.3979400086720375,-1.6914079157228554,0.08934792439489292,0.08934792439489292
CCc1ncc2c(n1)CCN(CCN1CCN(c3nsc4ccccc34)CC1)C2=O,9.36,-0.9712758487381052,1,train,8.028724151261894,-0.8819929155356561,-0.08928293320244918,0.08928293320244918
Cc1cccc(S(=O)(=O)NCCCCN2CC=C(c3c[nH]c4ccc(F)cc34)CC2)c1,96.0,-1.9822712330395684,1,train,7.017728766960431,-1.8930255682523112,-0.08924566478725726,0.08924566478725726
CN(C(=O)C1CCCCC1)[C@H](Cc1ccccc1)CN1CCN(c2nsnc2Cl)CC1,4.5,-0.6532125137753437,0,train,8.346787486224656,-0.7424244230148712,0.08921190923952749,0.08921190923952749
Fc1cccc(-c2ccc(F)cc2N2CCN(CCCc3c[nH]c4ccc(F)cc34)CC2)c1,15.0,-1.1760912590556813,0,train,7.823908740944319,-1.0870980164521011,-0.08899324260357999,0.08899324260357999
COc1ccccc1OCCNCC1CSC(c2ccccc2)(c2ccccc2)O1,1.023,-0.009875633712160119,0,train,8.99012436628784,-0.09885308636760079,0.08897745265544069,0.08897745265544069
Cc1ccc(S(=O)(=O)NCCCCN2CCN(c3cccc(NS(C)(=O)=O)c3)CC2)cc1,46.0,-1.662757831681574,0,train,7.337242168318426,-1.5744140914647704,-0.08834374021680369,0.08834374021680369
CC(=O)Nc1ccc(CCCCN2CCN(c3ccccn3)CC2)cc1,14.225,-1.1530522750671088,1,train,7.846947724932891,-1.2413930382138842,0.08834076314677541,0.08834076314677541
COc1ccc2c(c1)[C@@H](O)[C@H](N1CCC(c3cccc4c3OCCO4)CC1)C2,1.096,-0.039810554148350386,1,train,8.96018944585165,-0.12808255229590176,0.08827199814755146,0.08827199814755146
COc1cccc(N2CCN(CCCCNC(=O)c3ccccn3)CC2)c1,36.0,-1.5563025007672873,1,train,7.443697499232712,-1.4680428348951893,-0.08825966587209799,0.08825966587209799
NC(=O)c1ccc(F)c2c1CC(N(CCCCn1ccc3ccc(F)cc31)C1CCC1)CO2,12.83,-1.1082266563749286,0,train,7.891773343625071,-1.020002277649743,-0.08822437872518551,0.08822437872518551
Cc1cc(OCCCCN2CCN(c3cnccn3)CC2)c2c(C)cc(=O)oc2c1,6.7,-0.8260748027008264,1,train,8.173925197299173,-0.914256047666955,0.08818124496612856,0.08818124496612856
O=C(NCCCCN1CCN(c2ccccc2)CC1)c1cc2ccccc2cn1,26.0,-1.414973347970818,0,train,7.585026652029182,-1.502954782034152,0.08798143406333403,0.08798143406333403
CN1CCc2c(sc3ncn(CCN4CCN(c5ccc6ccccc6n5)CC4)c(=O)c23)C1,9.1,-0.9590413923210935,1,train,8.040958607678906,-1.0469995421947151,0.0879581498736215,0.0879581498736215
Cc1ccc(S(=O)(=O)c2cnc3ccc(F)cc3c2SCc2ccc(Cl)cc2)cc1,11860.0,-4.074084689028243,0,train,4.925915310971757,-3.986259093980217,-0.08782559504802645,0.08782559504802645
O=S(=O)(NCCCCN1CC=C(c2c[nH]c3ccc(Cl)cc23)CC1)c1cccc(F)c1,3.0,-0.47712125471966244,1,train,8.522878745280337,-0.5646808117605934,0.08755955704093099,0.08755955704093099
COc1cccc(N2CCN(CCCn3c(=O)oc4ccccc4c3=O)CC2)c1,46.0,-1.662757831681574,1,train,7.337242168318426,-1.5752079929880107,-0.08754983869356336,0.08754983869356336
CCCC(=O)NC1CCc2cc(CCN3CCN(c4nsc5ccccc45)CC3)ccc21,2.0,-0.3010299956639812,0,train,8.698970004336019,-0.38850835329863714,0.08747835763465595,0.08747835763465595
COc1ccc2[nH]cc(C3CCCN(CCCCn4c(=O)c(-c5ccccc5)c5ccccn5c4=O)C3)c2c1,261.0,-2.416640507338281,1,train,6.583359492661719,-2.3291851216885275,-0.0874553856497533,0.0874553856497533
CC1(c2ccc(F)cc2)NC(=O)N(CC(O)CN2CCN(c3ccccc3C#N)CC2)C1=O,319.0,-2.503790683057181,1,train,6.496209316942819,-2.4165308130817618,-0.08725986997541924,0.08725986997541924
COc1ccc(F)cc1OCCNCCc1c[nH]c2ccccc12,48.0,-1.6812412373755872,0,train,7.318758762624412,-1.5940198943605146,-0.08722134301507256,0.08722134301507256
COc1ccc(Cl)cc1N1CCN(CCCNc2c(C(C)=O)c(C)nn(C)c2=O)CC1,11.24,-1.0507663112330423,0,train,7.949233688766958,-0.9635820714127962,-0.08718423982024615,0.08718423982024615
COc1ccccc1N1CCN(CCCCCCN2C(=O)c3cccc4cccc(c34)C2=O)CC1,20.0,-1.3010299956639813,1,train,7.698970004336019,-1.3880206195554547,0.0869906238914735,0.0869906238914735
CCN1C(=O)COc2ccc(CN3CCN(CCOc4cccc5nc(C)ccc45)CC3)c(F)c21,2.512,-0.40001963506515853,0,train,8.599980364934842,-0.48699162270585844,0.08697198764069997,0.08697198764069997
COc1ccccc1-c1cc2c(=O)n(CCN3CCN(c4ccccc4OC)CC3)c(=O)[nH]c2[nH]1,157.3,-2.196728722623287,0,train,6.803271277376713,-2.1097911204381945,-0.08693760218509228,0.08693760218509228
Cc1ccc2c3c(ccc2n1)OC[C@H](CN1CCN(c2ccc4cc(C(N)=O)ccc4n2)CC1)O3,7.2,-0.8573324964312685,1,train,8.142667503568731,-0.944239103592471,0.08690660716120246,0.08690660716120246
O=c1c(-c2ccc(F)cc2)c2ccccn2c(=O)n1CCCCN1CCCC(c2c[nH]c3ccccc23)C1,46.0,-1.662757831681574,0,train,7.337242168318426,-1.7496479354511414,0.0868901037695673,0.0868901037695673
CCN1C(=O)COc2ccc(CCN3CCN(c4cccc5nc(C)ccc45)CC3)cc21,0.5012,0.29998893767788765,0,train,9.299988937677888,0.38673001880463787,-0.08674108112675027,0.08674108112675027
CCOc1ccccc1N1CCN(CCC(=O)N2CCN(c3ccccc3)CC2)CC1,81.8,-1.912753303671323,0,train,7.087246696328677,-1.826025001379468,-0.0867283022918548,0.0867283022918548
Cc1ccc2c(N3CCN(CCc4cccc(NC(=O)Nc5cccc(F)c5)c4)CC3)cccc2n1,3.981,-0.599992177584098,0,train,8.400007822415901,-0.5134292093838383,-0.08656296820025966,0.08656296820025966
COc1ccc(NC(=O)c2ccc(-c3ccc(-c4noc(C)n4)cc3C)cc2)cc1N1CCN(C)CC1,74.0,-1.8692317197309762,0,train,7.130768280269024,-1.9557376629359606,0.08650594320498461,0.08650594320498461
O=C(NC1CCc2cc(CCN3CCN(c4nsc5ccccc45)CC3)ccc21)c1ccc(F)cc1,7.8,-0.8920946026904804,0,train,8.10790539730952,-0.9784953187662626,0.08640071607578226,0.08640071607578226
C[C@H]1CN(CC[C@H]2CC[C@H](N3C(=O)[C@@H]4[C@H](C3=O)[C@@H]3C=C[C@H]4C3)CC2)CCc2ccc(Cl)cc21,22.8,-1.3579348470004537,0,train,7.642065152999546,-1.4442393360092092,0.08630448900875565,0.08630448900875565
C1=C(c2c[nH]c3ccccc23)CCN(CCOc2cccc3c2OCCO3)C1,78.3,-1.8937617620579434,0,train,7.106238237942057,-1.8074990158564908,-0.08626274620145291,0.08626274620145291
Fc1ccccc1COc1ccccc1C1CCNCC1,47.0,-1.6720978579357175,1,train,7.327902142064282,-1.7582210004987542,0.08612314256303666,0.08612314256303666
COCCC(=O)N[C@H]1CC[C@H](CCN2CCN(c3cccc(C(F)(F)F)n3)CC2)CC1,9.6,-0.9822712330395684,0,train,8.017728766960431,-1.0683674402515058,0.08609620721193734,0.08609620721193734
Cc1ccccc1N1CCN(CCCCn2c(=O)sc3ccccc32)CC1,10.36,-1.0153597554092142,1,train,7.984640244590786,-0.9293883708918476,-0.08597138451736663,0.08597138451736663
O=C(CCN1CCN(c2ccccn2)CC1)c1ccccc1,50.12,-1.7000110623221123,0,train,7.299988937677888,-1.785959555325942,0.08594849300382967,0.08594849300382967
Cn1c(=O)c2c(nc3n2CCCCN3CCCN2CCN(c3ccccc3)CC2)n(C)c1=O,30.97,-1.4909412053567868,1,train,7.509058794643213,-1.40503741672844,-0.08590378862834669,0.08590378862834669
Cc1ccc(C2=CCN(CCNC(=O)c3ccc4ccccc4c3)CC2)cc1,31.6,-1.4996870826184039,0,train,7.500312917381596,-1.4137840360825502,-0.0859030465358539,0.0859030465358539
O=C1CCc2ccc(OCCCCN3CCN(c4cccc(Cl)c4C(F)(F)F)CC3)nc2N1,3.5,-0.5440680443502757,0,train,8.455931955649724,-0.4581717104247848,-0.0858963339254909,0.0858963339254909
O=C1c2ccc(F)cc2CC1CCN1CCN(c2ccccn2)CC1,11.39,-1.0565237240791003,0,train,7.9434762759209,-1.1423825100950327,0.08585878601593233,0.08585878601593233
Cc1c(S(=O)(=O)Nc2ccc3nccc(N4CCN[C@@H](C)C4)c3c2)sc2ccc(Cl)cc12,1000.0,-3.0,0,train,6.0,-2.914204085858562,-0.08579591414143817,0.08579591414143817
O=S(=O)(c1cccc2ncccc12)N1CC[C@@H]1CCN1CCN(c2nsc3ccccc23)CC1,54.0,-1.7323937598229686,0,train,7.267606240177031,-1.6466231746303683,-0.08577058519260028,0.08577058519260028
CCN1CC(CN2CC=C(c3c[nH]c4ccc(F)cc34)CC2)Oc2c(OC)cccc21,136.45,-2.134973540005915,0,train,6.865026459994085,-2.220733511793066,0.08575997178715111,0.08575997178715111
O=C1NCc2cc(F)c(OCCCCN3CCN(c4cccc5ccccc45)CC3)cc21,0.637,0.19586056766464957,0,train,9.19586056766465,0.11012169384286563,0.08573887382178386,0.08573887382178386
c1ccc2c(c1)CC(CCN1CCCC(c3ccnc(NC4CC4)n3)C1)C2,42.5,-1.6283889300503116,1,train,7.371611069949688,-1.7139940135587997,0.08560508350848806,0.08560508350848806
Cc1cc2c(=O)[nH]c(CCCCCN3CCN(Cc4ccccc4)CC3)nc2s1,363.0,-2.5599066250361124,0,train,6.440093374963888,-2.4744716298860037,-0.08543499515010877,0.08543499515010877
O=c1cc(-c2ccccc2)ncn1CCCCCN1CCN(c2ccc(Cl)cc2)CC1,167.0,-2.2227164711475833,0,train,6.777283528852417,-2.1373531784895103,-0.08536329265807341,0.08536329265807341
O=C(N[C@H]1CC[C@H](CCN2CCN(c3nsc4ccccc34)CC2)CC1)Oc1ccc([N+](=O)[O-])cc1,9.185,-0.9630791606418272,0,train,8.036920839358173,-0.8777420324918164,-0.08533712815001082,0.08533712815001082
CCc1cccc(N2CCN(CCCCNC(=O)c3cc4ccccc4[nH]3)CC2)c1Cl,59.0,-1.7708520116421442,1,train,7.229147988357855,-1.685716225846936,-0.0851357857952082,0.0851357857952082
CN1CCC(c2c[nH]c3cnc(NC(=O)c4ccc(F)cc4)cc23)CC1,17.0,-1.2304489213782739,1,train,7.769551078621726,-1.3154281770445402,0.08497925566626607,0.08497925566626607
Cc1ccc(C(=O)NC2CCc3ccc(CCN4CCN(c5nsc6ccccc56)CC4)cc32)cc1,28.1,-1.4487063199050798,0,train,7.55129368009492,-1.363828095473099,-0.08487822443198079,0.08487822443198079
Cc1ccc2c(N3CCN(CCCCc4ccc5c(c4)NC(=O)CO5)CC3)cccc2n1,0.631,0.19997064075586568,1,train,9.199970640755865,0.11513083781902114,0.08483980293684446,0.08483980293684446
CC(Oc1cccc(F)c1F)c1nc(N)nc(N2CCN(C)CC2)n1,4719.0,-3.6738499773429494,0,train,5.326150022657051,-3.5891766843924438,-0.08467329295050519,0.08467329295050519
CC(C)c1ccccc1N1CCN(CCCCCC(=O)N2Cc3ccccc3C2)CC1,22.0,-1.3424226808222062,1,train,7.657577319177793,-1.4270370525400198,0.08461437171781361,0.08461437171781361
CC(C)c1ccccc1N1CCN(CCCCCCC(=O)N2CCC[C@H]2C(=O)N2CCOCC2)CC1,17.0,-1.2304489213782739,0,train,7.769551078621726,-1.3150202902577977,0.08457136887952355,0.08457136887952355
O=C1Cc2ccccc2N1CCCCCCN1CCc2ccccc2C1,576.0,-2.760422483423212,0,train,6.239577516576788,-2.675877919068625,-0.0845445643545868,0.0845445643545868
O=C(NCCN1CCN(c2cccc3nc(O)oc23)CC1)c1ccc(F)cc1,7.9,-0.8976270912904415,0,train,8.102372908709558,-0.9820142041663757,0.08438711287593426,0.08438711287593426
COc1cc(N2CCN(C3CCN(c4ccc(F)c5cc(C(F)(F)F)cnc45)CC3)CC2)c2ncccc2c1,0.87,0.060480747381381476,0,train,9.060480747381382,-0.02380316255772219,0.08428390993910359,0.08428390993910359
CC(C)c1ccccc1OCCN1CCC(NS(=O)(=O)c2cccc3cccnc23)C1,23.0,-1.3617278360175928,1,train,7.638272163982407,-1.4460046671683242,0.08427683115073137,0.08427683115073137
O=C(c1ccc2ccccc2c1)N(CCN1CC=C(c2ccccc2)CC1)c1ccccn1,8.36,-0.9222062774390164,0,train,8.077793722560983,-1.0064750964240432,0.0842688189850268,0.0842688189850268
O=S(=O)(NCCCN1CCN(c2cccc(Cl)c2Cl)CC1)c1cnc2ccc(Cl)cc2c1,23.0,-1.3617278360175928,0,train,7.638272163982407,-1.4459471060713867,0.08421927005379382,0.08421927005379382
O=[N+]([O-])c1ccccc1OCCNCC1COCC(c2ccccc2)(c2ccccc2)O1,0.5623,0.2500319164905971,0,train,9.250031916490597,0.16582329998231415,0.08420861650828293,0.08420861650828293
CS(=O)(=O)Oc1ccc(CNC(=O)CCCCCN2CCN(c3ccccc3-c3ccccc3)CC2)cc1,106.0,-2.0253058652647704,0,train,6.97469413473523,-1.941160807188845,-0.08414505807592532,0.08414505807592532
COc1ccc2[nH]cc(C3CCCN(CCCCn4c(=O)c(-c5ccccc5Cl)c5n(c4=O)CCCC5)C3)c2c1,50.0,-1.6989700043360187,0,train,7.301029995663981,-1.782890235407927,0.08392023107190827,0.08392023107190827
COc1ccc(-c2ccc(CNCCc3c[nH]c4ccc(OC)cc34)o2)cc1,334.0,-2.5237464668115646,1,train,6.476253533188435,-2.4398294408648162,-0.08391702594674877,0.08391702594674877
O=C1c2ccccc2OCC1CN1CCC(Cc2ccccc2)CC1,260.0,-2.4149733479708178,0,train,6.585026652029182,-2.3311442287922737,-0.08382911917854408,0.08382911917854408
CCCN[C@@H]1[C@H](CCC)Cc2cccc(O)c2[C@@H]1CCC,11.0,-1.0413926851582251,0,train,7.958607314841775,-1.1250807635944733,0.08368807843624815,0.08368807843624815
COc1cccc(CC2CCN(CCc3ccccc3)CC2)c1,29.3,-1.4668676203541096,0,train,7.53313237964589,-1.5505178807697637,0.08365026041565415,0.08365026041565415
CC(C)c1ccccc1OCCN1CCC(NS(=O)(=O)c2cnn(C)c2)CC1,616.0,-2.7895807121644256,0,train,6.210419287835574,-2.706012141359596,-0.08356857080482971,0.08356857080482971
O=C(NC1CCc2cc(CCN3CCN(c4nsc5ccccc45)CC3)ccc21)C1CC1,2.0,-0.3010299956639812,0,train,8.698970004336019,-0.3845223327773035,0.08349233711332232,0.08349233711332232
O=C1CC2(CCCC2)CC(=O)N1CCCCN1CCN(c2ccc3cc([N+](=O)[O-])ccc3n2)CC1,1100.0,-3.041392685158225,0,train,5.958607314841775,-3.124796381701417,0.08340369654319213,0.08340369654319213
O=C1c2ccccc2C(=O)N1CCCCN1CCN(c2ccccc2)CC1,10.0,-1.0,1,train,8.0,-0.9167064983585934,-0.08329350164140659,0.08329350164140659
CN(C)CCc1c[nH]c2ccc(OS(=O)(=O)C(F)(F)F)cc12,40.0,-1.6020599913279623,0,train,7.3979400086720375,-1.5187730372824735,-0.08328695404548903,0.08328695404548903
COc1cc(Cl)ccc1N1CCN(CCC(O)c2csc3ccccc23)CC1,363.08,-2.560002326773367,1,train,6.4399976732266335,-2.4767887515325238,-0.08321357524084316,0.08321357524084316
Clc1ccc2c(c1)CC(CCN1CCN(c3ccccn3)CC1)C2,6.133,-0.7876729646874929,1,train,8.212327035312507,-0.8707139338882061,0.08304096920071313,0.08304096920071313
Cc1ccc2c(N3CCN(CCc4cccc5c4OCc4c(C(=O)NC6CCCC6)ncn4-5)CC3)cccc2n1,0.2512,0.5999803649348415,0,train,9.599980364934842,0.6829807179814514,-0.08300035304660991,0.08300035304660991
COCCNc1nccc(C2CCCN(CCc3c[nH]c4ccccc34)C2)n1,66.3,-1.8215135284047732,0,train,7.178486471595226,-1.7385347534391755,-0.08297877496559725,0.08297877496559725
COc1ccccc1N1CCN(CCN(C(=O)C23C4C5C2C2C3C4C52I)c2ccccn2)CC1,1.6550000000000002,-0.2187979981117376,0,train,8.781202001888262,-0.13581931541419698,-0.08297868269754063,0.08297868269754063
O=C1NCc2ccc3c(c21)CC(NCCCCc1c[nH]c2ccc(F)cc12)CO3,22.0,-1.3424226808222062,0,train,7.657577319177793,-1.4253540384505683,0.08293135762836212,0.08293135762836212
COc1ccccc1N1CCN(CCC(O)c2cccs2)CC1,19.05,-1.2798949800116382,0,train,7.720105019988361,-1.362757777153135,0.0828627971414968,0.0828627971414968
O=C1NCN(c2ccccc2)C12CCN(CC1COc3ccc4[nH]c(CO)cc4c3O1)CC2,0.6,0.2218487496163564,0,train,9.221848749616356,0.13902136544104407,0.08282738417531232,0.08282738417531232
CC(C)c1ccccc1OCCCN1CCC(NS(=O)(=O)c2cccc(F)c2)CC1,1792.0,-3.2533380053261065,1,train,5.746661994673893,-3.1706688490742225,-0.08266915625188398,0.08266915625188398
NC1=NC2(CCCCC2)NC(Nc2cccc(Br)c2)=N1,320.0,-2.505149978319906,0,train,6.494850021680094,-2.587812485723731,0.08266250740382519,0.08266250740382519
CC(=O)c1c(OCCCN2CCN(c3ccccc3C(F)(F)F)CC2)ccc2c(C)cc(=O)oc12,8.8,-0.9444826721501687,0,train,8.05551732784983,-0.8618344318731321,-0.08264824027703666,0.08264824027703666
CN1C[C@@H](NC(=O)C(C)(C)C)CC2c3cccc4[nH]c(Cl)c(c34)C[C@H]21,2.9,-0.4623979978989561,0,train,8.537602002101044,-0.545023636518415,0.08262563861945893,0.08262563861945893
COc1ccc(Cl)cc1N1CCN(CCNc2c(C(C)=O)c(-c3ccccc3)nn(C)c2=O)CC1,76.23,-1.8821259197700317,1,train,7.117874080229968,-1.9646079504995446,0.08248203072951266,0.08248203072951266
CC(C)c1ccccc1OCCN1CCC(CNS(=O)(=O)c2ccc(F)cc2)CC1,141.0,-2.1492191126553797,1,train,6.85078088734462,-2.2314179758907517,0.08219886323537162,0.08219886323537162
COc1ccc2[nH]cc(C3CC(=O)N(CCN4CCC(c5c[nH]c6ccccc56)CC4)C3=O)c2c1,48.7,-1.6875289612146342,0,train,7.3124710387853655,-1.7695389133952455,0.08200995218061125,0.08200995218061125
Cc1nn(C)c(C)c1-c1cccc(CCN(C)C)c1,700.0,-2.845098040014257,0,train,6.154901959985743,-2.9266620805723,0.0815640405580429,0.0815640405580429
Cc1cc(Cl)ccc1OCc1nc(N)nc(N2CCN(C)CC2)n1,7688.0,-3.885813374660489,0,train,5.114186625339511,-3.804396910625778,-0.08141646403471103,0.08141646403471103
COc1cccc(OC)c1OCCNCC1Oc2ccccc2OC1c1ccc(C)cc1,11.75,-1.070037866607755,0,train,7.9299621333922445,-1.1514465573561665,0.0814086907484115,0.0814086907484115
COc1cccc(N2CCN(CCCCNC(=O)c3ccccn3)CC2)n1,8.0,-0.9030899869919435,0,train,8.096910013008056,-0.9843465347878586,0.08125654779591496,0.08125654779591496
COc1cccc2c(CCN3CC=C(c4c[nH]c5cc(F)ccc45)CC3)coc12,11.0,-1.0413926851582251,1,train,7.958607314841775,-1.1226048272107598,0.08121214205253469,0.08121214205253469
O=C1[C@@H]2[C@H]3CC[C@H](C3)[C@@H]2C(=O)N1CCCCCCN1CCN(c2ccccc2Cl)CC1,12.0,-1.0791812460476249,0,train,7.920818753952375,-1.160270809720311,0.08108956367268605,0.08108956367268605
COc1cccc(N2CCN(CCCCCCN3C(=O)c4cccc5cccc(c45)C3=O)CC2)c1,47.0,-1.6720978579357175,1,train,7.327902142064282,-1.5910360943230992,-0.0810617636126183,0.0810617636126183
O=C1NCCc2ccc3c(c21)CC(NCCCc1c[nH]c2ccc(F)cc12)CO3,44.0,-1.6434526764861874,0,train,7.356547323513812,-1.562425957961046,-0.08102671852514143,0.08102671852514143
Cc1ccc2c(N3CCN(CCc4cccc5c4CCC(=O)N5)CC3)cccc2n1,0.3981,0.40000782241590205,0,train,9.400007822415901,0.3189811928767009,0.08102662953920109,0.08102662953920109
Fc1ccc(CCCCN2CCN(c3ccc(Cl)cn3)CC2)cc1,74.565,-1.8725350221946804,0,train,7.127464977805319,-1.7915547385162134,-0.08098028367846699,0.08098028367846699
COc1ccc2cc(C3CCN(C[C@H](O)COc4cccc5[nH]ccc45)CC3)sc2c1,3.13,-0.49554433754644844,0,train,8.504455662453552,-0.5764920149186339,0.0809476773721855,0.0809476773721855
O=S(=O)(NCCCN1CCN(c2cccc(Cl)c2Cl)CC1)c1ccc2cccnc2c1,14.0,-1.146128035678238,0,train,7.853871964321762,-1.2270554169576853,0.08092738127944732,0.08092738127944732
O=C(NCCC(F)CN1CCN(c2cccc(Cl)c2Cl)CC1)c1cc2ccccc2[nH]1,223.0,-2.3483048630481607,0,train,6.651695136951839,-2.4292180918651693,0.08091322881700869,0.08091322881700869
Cn1cc(-c2ccc3c(c2)c(C2CCN(CCN4CCNC4=O)CC2)cn3-c2ccc(F)cc2)cn1,49.0,-1.6901960800285136,0,train,7.309803919971486,-1.6094577877581977,-0.08073829227031593,0.08073829227031593
CC1(C)N=C(N)N=C(Nc2cccc(Br)c2)N1,660.0,-2.8195439355418688,0,train,6.180456064458131,-2.7388407508725536,-0.08070318466931514,0.08070318466931514
COc1ccccc1N1CCN(CCCN2C(=O)CCn3c2nc2c3c(=O)n(C)c(=O)n2C)CC1,21.58,-1.334051440346892,0,train,7.665948559653108,-1.4147257371824296,0.08067429683553762,0.08067429683553762
CCCCc1cc2c(s1)C[C@H]1c3cc(O)c(OC)cc3CCN1C2,863.8,-2.9364131997114797,0,train,6.063586800288521,-2.855868541702827,-0.08054465800865307,0.08054465800865307
O=S(=O)(NC1CCN(CCOc2ccccc2-c2ccccc2)CC1)c1ccc(F)c(F)c1,313.0,-2.4955443375464483,0,train,6.504455662453552,-2.4150003921056715,-0.08054394544077681,0.08054394544077681
COc1cccc(N2CCN(C(=O)COc3ccc4cccc(N5CCN(C)CC5)c4c3)CC2)c1OC,13.4,-1.1271047983648077,0,train,7.872895201635192,-1.20743437735077,0.08032957898596238,0.08032957898596238
FC(F)(F)c1nc2c(N3CCN(CCOc4cccc5nc(C(F)(F)F)[nH]c45)CC3)cccc2[nH]1,19.0,-1.2787536009528289,0,train,7.721246399047171,-1.198460250229534,-0.0802933507232948,0.0802933507232948
COc1ccccc1N1CCN(CCCCNC(=O)[C@H](CC(N)=O)NC(=O)CC2CC3CCC2C3)CC1,11.0,-1.0413926851582251,0,train,7.958607314841775,-1.121568031467944,0.08017534630971879,0.08017534630971879
COc1ccc(C2NCCc3c2[nH]c2ccc(F)cc32)c(O)c1,94.4,-1.974971994298069,0,train,7.025028005701931,-1.8948427499874854,-0.08012924431058366,0.08012924431058366
c1ccc(CCc2ccccc2OCc2cccnc2)cc1,5000.0,-3.6989700043360187,0,train,5.301029995663981,-3.6188910343155114,-0.0800789700205069,0.0800789700205069
CC(C)CCO[C@@H]1[C@H]2OC(C)(C)O[C@H]2[C@H]2COCc3cn(nn3)C[C@H]3O[C@H](CCN(CCc4ccc5ccccc5c4)CC[C@H]1O2)[C@H](OCCC(C)C)[C@H]1OC(C)(C)O[C@H]13,420.0,-2.6232492903979003,0,train,6.376750709602099,-2.543266330329377,-0.07998296006852312,0.07998296006852312
c1ccc(CCN2CCN(c3ccccc3)CC2)cc1,43.2,-1.6354837468149122,0,train,7.364516253185088,-1.715392371071492,0.07990862425657985,0.07990862425657985
O=S(=O)(NC1CCN(CCOc2ccccc2C2CCCC2)CC1)c1ccc(F)cc1,373.0,-2.571708831808688,0,train,6.428291168191312,-2.651611595991612,0.07990276418292419,0.07990276418292419
CC1NC(N)=Nc2c(Cl)ccc(Cl)c21,91.0,-1.9590413923210936,0,train,7.040958607678906,-2.038926717850059,0.07988532552896532,0.07988532552896532
CC(N)Cc1cn(C)c2ccc3c(c12)CCCO3,28.0,-1.4471580313422192,0,train,7.552841968657781,-1.5270184718550504,0.07986044051283114,0.07986044051283114
COc1cc(N2CCN(C3CCN(c4cccc5cc(F)cnc45)CC3)CC2)c2ncccc2c1,0.79,0.10237290870955855,0,train,9.102372908709558,0.022615812111958667,0.07975709659759983,0.07975709659759983
COc1ccc2c(c1)C(CN1CCC3(CC1)C(=O)NCN3c1ccccc1)CCO2,247.0,-2.392696953259666,1,train,6.607303046740334,-2.312973327405618,-0.07972362585404769,0.07972362585404769
CC(C)c1ccccc1OCCN1CCC(NS(=O)(=O)c2ccc(F)cc2)CC1,436.0,-2.639486489268586,1,train,6.360513510731414,-2.559844922672369,-0.07964156659621668,0.07964156659621668
O=C(NCCCCN1CCN(c2ccccc2F)CC1)c1n[nH]c2ccccc12,29.0,-1.462397997898956,1,train,7.537602002101044,-1.541994090317632,0.07959609241867582,0.07959609241867582
COc1ccccc1N1CCN(CCNC(=O)c2ccncc2)CC1,5.8,-0.7634279935629372,0,train,8.236572006437063,-0.8428914774881577,0.07946348392522051,0.07946348392522051
C[C@H]1CN(c2cccc3cc(C#N)ccc23)CCN1CC[C@@H]1OCCc2cc(C(N)=O)ccc21,26.0,-1.414973347970818,0,train,7.585026652029182,-1.4943158281964628,0.07934248022564483,0.07934248022564483
COc1ccc(F)cc1OC(C)c1nc(N)nc(N2CCN(C)CC2)n1,6169.0,-3.7902147702439795,0,train,5.2097852297560205,-3.711063530129693,-0.07915124011428709,0.07915124011428709
CCOc1cccc2c1O[C@@H](CN1[C@@H]3CC[C@H]1C[C@](O)(c1ccc4ccccc4c1)C3)CO2,5.87,-0.7686381012476144,0,train,8.231361898752386,-0.6895303744805164,-0.0791077267670981,0.0791077267670981
Fc1cccc(Oc2ccccc2Cl)c1OC1CCNC1,19.0,-1.2787536009528289,0,train,7.721246399047171,-1.1996853900088833,-0.07906821094394556,0.07906821094394556
O=[N+]([O-])c1ccc2sc(S(=O)(=O)N[C@H]3CC[C@H](CCN4CCN(c5nsc6ccccc56)CC4)CC3)cc2c1,12.8,-1.1072099696478683,0,train,7.892790030352131,-1.0281425331582252,-0.0790674364896431,0.0790674364896431
O=[N+]([O-])c1ccc(N2CCN(CCC(Oc3ccc(C(F)(F)F)cc3)c3ccccc3)CC2)cc1,5011.87,-3.6999997975545824,0,train,5.300000202445418,-3.6209540913168716,-0.07904570623771079,0.07904570623771079
CC(C)(C)c1cccc(OCCN2CCC(NS(=O)(=O)c3ccccc3)CC2)c1,1545.0,-3.1889284837608534,0,train,5.811071516239147,-3.2678271710833813,0.07889868732252792,0.07889868732252792
Oc1nc2cccc(N3CCN(Cc4cccc(-c5ccc(F)cc5)c4)CC3)c2o1,14.0,-1.146128035678238,1,train,7.853871964321762,-1.2248635313525797,0.0787354956743418,0.0787354956743418
O=C(N[C@H]1CC[C@H](CCN2CCN(c3nsc4ccccc34)CC2)CC1)c1cccnc1,2.1,-0.3222192947339193,0,train,8.67778070526608,-0.4009451313600422,0.07872583662612287,0.07872583662612287
Cc1cccc(S(=O)(=O)NCCCCN2CC=C(c3c(C)[nH]c4ccc(Cl)cc34)CC2)c1,170.0,-2.230448921378274,1,train,6.769551078621726,-2.1517492085172547,-0.0786997128610194,0.0786997128610194
O=C1c2nc(Cl)ccc2CCN1CCN1CCC(c2noc3ccccc23)CC1,3.02,-0.48000694295715063,1,train,8.51999305704285,-0.558689681082375,0.07868273812522447,0.07868273812522447
O=c1n(CCCCCCN2CCN(c3cccc4c3OCCO4)CC2)nc2ccccn12,1.0,-0.0,1,train,9.0,-0.07848223678031921,0.07848223678031921,0.07848223678031921
Clc1ccc(N2CCCN(CCCCc3nc4ccccc4s3)CC2)cc1,263.0,-2.419955748489758,0,train,6.580044251510242,-2.3414826652365623,-0.07847308325319569,0.07847308325319569
O=c1c2cnccc2ccn1CCN1CCN(c2noc3ccccc23)CC1,128.0,-2.1072099696478683,1,train,6.892790030352131,-2.0287983156185057,-0.07841165402936268,0.07841165402936268
COc1cccc2sc(C3CCN(C[C@H](O)COc4cccc5[nH]c(C)cc45)CC3)cc12,4.83,-0.6839471307515121,0,train,8.316052869248487,-0.7623082926030138,0.07836116185150166,0.07836116185150166
COc1ccccc1N1CCN(CC2CSC3(CCCCC3)O2)CC1,5.012,-0.7000110623221123,1,train,8.299988937677888,-0.7782223455353215,0.07821128321320925,0.07821128321320925
O=C1c2cn[nH]c2CCCN1CCN1CCC(c2noc3ccccc23)CC1,17.6,-1.24551266781415,1,train,7.75448733218585,-1.3234237186021587,0.07791105078800875,0.07791105078800875
Fc1ccc2c(C3CCN(CCCOc4ccc(CCN5CCCCC5)cc4)CC3)noc2c1,7.4,-0.8692317197309762,1,train,8.130768280269024,-0.9470482695759513,0.0778165498449751,0.0778165498449751
COc1cc(OC)nc(N2CCN(CCCCc3c[nH]c4ccccc34)CC2)n1,3.3,-0.5185139398778874,0,train,8.481486060122112,-0.5960997335281605,0.07758579365027307,0.07758579365027307
CCCN(CCCCn1ccc2ccc(F)cc21)C1COc2c(F)ccc(C(N)=O)c2C1,10.6,-1.0253058652647702,0,train,7.97469413473523,-1.1028793767393434,0.07757351147457325,0.07757351147457325
COc1ccc(C(CCN2CCN(c3ccccc3OC)CC2)Oc2ccc(C(F)(F)F)cc2)cc1,1000.0,-3.0,0,train,6.0,-2.922474399103805,-0.07752560089619509,0.07752560089619509
O=S(=O)(NCCCCN1CCN(c2cccc(Cl)c2Cl)CC1)c1cc2ccccc2cn1,34.0,-1.5314789170422551,0,train,7.468521082957745,-1.6089557259697473,0.0774768089274922,0.0774768089274922
O=C1[C@@H]2[C@H]3CC[C@H](C3)[C@@H]2C(=O)N1CCCCCCN1CCN(c2cccc(Cl)c2Cl)CC1,32.0,-1.505149978319906,0,train,7.494850021680094,-1.427709855072574,-0.07744012324733207,0.07744012324733207
Cc1[nH]c2ccc(Cl)cc2c1C1=CCN(CCNS(=O)(=O)c2ccc3ccccc3c2)CC1,280.0,-2.4471580313422194,0,train,6.552841968657781,-2.37011060574532,-0.07704742559689937,0.07704742559689937
CN1CCC(C2CNc3ccc(NC(=O)c4ccc(F)cc4)cc32)CC1,250.0,-2.3979400086720375,1,train,6.6020599913279625,-2.3209657246482585,-0.0769742840237786,0.0769742840237786
COc1ccccc1N1CCN(CCCCNC(=O)c2cccc3ccnn23)CC1,22.0,-1.3424226808222062,0,train,7.657577319177793,-1.2655390638468058,-0.07688361697540036,0.07688361697540036
O=C1c2ccccc2C(=O)N1CCN1CC=C(c2cc(F)cc(F)c2)CC1,425.0,-2.6283889300503116,0,train,6.371611069949688,-2.5515199043656698,-0.07686902568464227,0.07686902568464227
CC(=O)c1ccc(C(=O)N[C@H]2CC[C@H](CCN3CCN(c4nsc5ccccc45)CC3)CC2)o1,5.19,-0.7151673578484579,0,train,8.284832642151542,-0.6383457138563522,-0.07682164399210567,0.07682164399210567
Cc1ccc2c(OCCCN3CC(COc4ccc5c(c4)NC(=O)CO5)C3)cccc2n1,79.43,-1.899984562549391,1,train,7.100015437450609,-1.8232702923431667,-0.07671427020622423,0.07671427020622423
O=C(NCCCCN1CCN(c2cccc3ccccc23)CC1)c1cnc2ccccc2c1,2.5,-0.3979400086720376,1,train,8.602059991327963,-0.4744865739932649,0.07654656532122728,0.07654656532122728
O=C1c2ccccc2C(=O)N1CCCCN1CCN(c2ccc3ccccc3n2)CC1,39.0,-1.591064607026499,0,train,7.4089353929735005,-1.5145486225860119,-0.07651598444048724,0.07651598444048724
COc1c(Cl)ccc2c1C(C)NC(N)=N2,339.0,-2.530199698203082,0,train,6.4698003017969175,-2.4536981889035956,-0.07650150929948651,0.07650150929948651
c1ccc(CCc2ccccc2OCc2ccccc2)cc1,5000.0,-3.6989700043360187,0,train,5.301029995663981,-3.6226167556758653,-0.07635324866015303,0.07635324866015303
O=C(CCN1CCN(c2cccc3ccccc23)CC1)c1ccsc1,34.67,-1.5399538416563967,0,train,7.460046158343603,-1.6161575255255471,0.07620368386915044,0.07620368386915044
O=C1NCc2ccc(OCCCN3CCN(c4cccc5c4COCC5)CC3)cc21,0.108,0.9665762445130504,1,train,9.96657624451305,0.8904100830103825,0.07616616150266786,0.07616616150266786
O=c1cc(-c2ccccc2)ncn1CCCCCN1CCN(c2cccc(Cl)c2)CC1,17.8,-1.250420002308894,0,train,7.7495799976911055,-1.3265516908861628,0.07613168857726871,0.07613168857726871
CN1CCN(c2nc(N)nc(COc3ccccc3Cl)n2)CC1,5467.0,-3.7377490738915573,0,train,5.262250926108443,-3.661717383103094,-0.07603169078846284,0.07603169078846284
O=c1c(-c2ccccc2)c2n(c(=O)n1CCCCN1CCCC(c3c[nH]c4ccccc34)C1)CCCC2,27.0,-1.4313637641589874,1,train,7.568636235841012,-1.5073937054196,0.07602994126061269,0.07602994126061269
COc1cccc(C(=O)Nc2cccc(CCN3CCN(c4cccc5nc(C)ccc45)CC3)c2)c1,1.995,-0.2999429000227671,0,train,8.700057099977233,-0.22392258424603287,-0.07602031577673421,0.07602031577673421
COc1ccccc1N1CCN(CCCCNC(=O)c2cnn3ccccc23)CC1,14.0,-1.146128035678238,0,train,7.853871964321762,-1.2221469865669308,0.07601895088869282,0.07601895088869282
O=C(c1ccc(Cl)c(Cl)c1)N1CCC(F)(CNCCOc2cccc3c2OCCO3)CC1,0.1975,0.7044329000375209,0,train,9.70443290003752,0.7802582207590903,-0.07582532072156944,0.07582532072156944
COc1ccc2[nH]cc(C3CCCN(CCCCn4c(=O)c(-c5ccc(F)cc5)c5n(c4=O)CCCC5)C3)c2c1,76.0,-1.8808135922807914,0,train,7.119186407719209,-1.8050264735343364,-0.07578711874645516,0.07578711874645516
Cc1nc2ccccc2c(=O)n1CCCCCN1CCN(c2cccc(Cl)c2)CC1,8.21,-0.9143431571194408,1,train,8.085656842880558,-0.9899944608660143,0.07565130374657347,0.07565130374657347
Cn1c(=O)cnn(CCCCN2CCN(c3ccc(I)cc3)CC2)c1=O,58.55,-1.767526899408382,1,train,7.232473100591618,-1.8431330767158922,0.07560617730751029,0.07560617730751029
COc1ccc(NS(=O)(=O)c2ccc(Br)cc2)cc1N1CCN(C)CC1,251.19,-2.400002345927956,0,train,6.599997654072045,-2.475517851430222,0.07551550550226604,0.07551550550226604
COc1cccc(OC)c1OCCNCCOc1ccccc1OCc1ccccc1[N+](=O)[O-],23.99,-1.3800302479678306,0,train,7.619969752032169,-1.3045668199077856,-0.07546342806004502,0.07546342806004502
O=C(NCCCCN1CCN(c2ccc(F)cc2)CC1)c1cc2ccccc2cn1,73.0,-1.863322860120456,0,train,7.136677139879544,-1.938628126932672,0.07530526681221605,0.07530526681221605
COc1cc2c3c(c1OCC1CC1)-c1cc(N(C)C)ccc1CC3N(C)CC2,1440.0,-3.1583624920952498,0,train,5.84163750790475,-3.0831556910255706,-0.07520680106967914,0.07520680106967914
O=C([C@@H]1CCCN1C(=O)CCCCCCN1CCN(c2ccccc2-c2ccccc2)CC1)N1CCOCC1,35.0,-1.5440680443502757,0,train,7.455931955649724,-1.4688916444796376,-0.07517639987063807,0.07517639987063807
COc1cccc(CCc2ccccc2OCc2ccccc2)c1,5000.0,-3.6989700043360187,0,train,5.301029995663981,-3.623837439958653,-0.07513256437736526,0.07513256437736526
COc1ccc(CCN2CCC(Cc3cc(OC)ccc3Br)CC2)cc1,0.81,0.09151498112135022,0,train,9.09151498112135,0.016384574274771368,0.07513040684657883,0.07513040684657883
O=C(N(CCN1CCN(c2ccccc2O)CC1)c1ccccn1)C12CCC(CF)(CC1)CC2,0.75,0.12493873660829995,0,train,9.1249387366083,0.04988394770949366,0.07505478889880624,0.07505478889880624
O=S(=O)(NC1CCN(CCCOc2ccccc2-c2ccccc2)CC1)c1cccc(Cl)c1,1630.0,-3.2121876044039577,1,train,5.787812395596042,-3.1371601372558153,-0.07502746714814235,0.07502746714814235
Cc1ccc(N2CCN(CC(O)CN3C(=O)NC(C)(c4ccc(F)cc4)C3=O)CC2)cc1C,1004.0,-3.0017337128090005,0,train,5.998266287190999,-3.0767175481068483,0.0749838352978478,0.0749838352978478
COc1ccccc1N1CCN(CC2COC3(CCOCC3)O2)CC1,46.77,-1.6699673699085043,1,train,7.3300326300914955,-1.5950089291277578,-0.07495844078074665,0.07495844078074665
Oc1ccc(-c2ccc(CNCCc3c[nH]c4ccc(Cl)cc34)o2)cc1,431.0,-2.6344772701607315,1,train,6.3655227298392685,-2.559584105440926,-0.07489316471980567,0.07489316471980567
COc1ccc(-c2ccccc2N2CCN(CCOCCC(=O)NCc3ccncc3)CC2)cc1,877.0,-2.9429995933660407,1,train,6.057000406633959,-2.8681991102062954,-0.0748004831597453,0.0748004831597453
Fc1ccc(N2CCN(CCCc3c[nH]c4ccc(F)cc34)CC2)c(-c2cn[nH]c2)c1,6.3,-0.7993405494535817,0,train,8.200659450546418,-0.8740940379092628,0.07475348845568108,0.07475348845568108
O=C1COCCN1c1ccc(N2CCN(CCCc3c[nH]c4ccc(F)cc34)CC2)cc1,6.4,-0.8061799739838872,1,train,8.193820026016112,-0.7317320661682188,-0.07444790781566835,0.07444790781566835
C#Cc1c[nH]c(CN2CCN(c3ccccc3)CC2)c1,270.0,-2.4313637641589874,0,train,6.568636235841012,-2.505780554426672,0.074416790267684,0.074416790267684
NC(=O)[C@@H]1CCCN1C(=O)CCCCCCN1CCN(c2ccccc2-c2ccccc2)CC1,53.0,-1.724275869600789,1,train,7.275724130399211,-1.6499451775171599,-0.07433069208362908,0.07433069208362908
COc1cc(N2CCN(C3CCN(c4cccc5c(C)ccnc45)CC3)CC2)c2ncccc2c1,0.61,0.21467016498923297,1,train,9.214670164989233,0.14035854492470237,0.07431162006453051,0.07431162006453051
Cc1ccccc1OCCN1CCC(NS(=O)(=O)c2ccc(F)cc2)CC1,745.0,-2.8721562727482928,1,train,6.127843727251707,-2.797859871625489,-0.07429640112280378,0.07429640112280378
Fc1ccc(N2CCN(CCC(Oc3ccc(C(F)(F)F)cc3)c3ccccc3)CC2)cc1,5011.87,-3.6999997975545824,0,train,5.300000202445418,-3.6258595511272063,-0.07414024642737616,0.07414024642737616
O=C(NCCN1CC=C(c2cc(F)cc(F)c2)CC1)c1cnc2ccccc2n1,2.62,-0.41830129131974547,1,train,8.581698708680255,-0.49243521948863017,0.07413392816888476,0.07413392816888476
CC(C)c1ccccc1OCCN1CCC(N(CC2CC2)S(=O)(=O)c2cnn(C)c2)CC1,214.0,-2.330413773349191,0,train,6.669586226650809,-2.404529871957187,0.07411609860799606,0.07411609860799606
NC(=O)c1ccccc1OCCCN1CCN(c2cccc3c2ccn3S(=O)(=O)c2ccccc2)CC1,6.7,-0.8260748027008264,0,train,8.173925197299173,-0.9001720446152551,0.07409724191442868,0.07409724191442868
Cn1cncc1-c1c[nH]c2ccc(Br)cc12,1230.0,-3.089905111439398,0,train,5.910094888560602,-3.015954366685492,-0.07395074475390606,0.07395074475390606
Cn1cncc1-c1c[nH]c2ccc(C(N)=O)cc12,220.0,-2.342422680822206,0,train,6.657577319177793,-2.416305677685923,0.07388299686371669,0.07388299686371669
CC(C)c1ccccc1N1CCN(CCCCCC(=O)NCc2ccc(OS(C)(=O)=O)cc2)CC1,57.0,-1.7558748556724915,0,train,7.2441251443275085,-1.8297455724766793,0.07387071680418766,0.07387071680418766
CC(C)c1ccccc1OCCN1CCC(NC(=O)c2ccc(F)cc2)CC1,199.0,-2.298853076409707,0,train,6.701146923590294,-2.2250153505161765,-0.07383772589353033,0.07383772589353033
COc1ccccc1N1CCN(CC2COC3(CCN(C(=O)C4CCCN4)CC3)O2)CC1,36.31,-1.5600262489128924,0,train,7.439973751087107,-1.6336771790774702,0.0736509301645778,0.0736509301645778
O=C1CCc2ccc(OCCCCN3CCN(c4cccc5ccc(F)cc45)CC3)nc2N1,1.1,-0.04139268515822508,1,train,8.958607314841775,-0.11490069818486333,0.07350801302663833,0.07350801302663833
Cc1ccc(C(C)NCCC(c2ccc(F)cc2)c2ccco2)cc1,6100.0,-3.785329835010767,0,train,5.214670164989233,-3.7119968577435793,-0.0733329772671878,0.0733329772671878
O=c1n(CC2CCC(CN3CCN(c4cccc(Cl)c4)CC3)CC2)nc2ccccn12,31.0,-1.4913616938342726,0,train,7.508638306165727,-1.5646699668583395,0.07330827302406684,0.07330827302406684
CC(=O)c1c(C)cc2oc(=O)cc(C)c2c1OCCCN1CCN(c2cnccn2)CC1,11.0,-1.0413926851582251,1,train,7.958607314841775,-1.1146777704982873,0.07328508534006217,0.07328508534006217
CC1NC(N)=Nc2ccc(Cl)c(Cl)c21,181.0,-2.2576785748691846,0,train,6.7423214251308154,-2.3309097995619292,0.07323122469274423,0.07323122469274423
Cn1ccc2c1CCN(CCN1CCN(c3nsc4ccccc34)CC1)C2=O,1.7,-0.2304489213782739,1,train,8.769551078621726,-0.30348998224030704,0.07304106086203313,0.07304106086203313
CC1(C)CC(=O)N(CCCCN2CCN(c3ccc4cc([N+](=O)[O-])ccc4n3)CC2)C(=O)C1,2100.0,-3.322219294733919,0,train,5.6777807052660805,-3.395258992141809,0.07303969740788974,0.07303969740788974
Cc1ccc2c(N3CCN(CCc4cccc(NC(=O)c5ccccc5)c4)CC3)cccc2n1,1.0,-0.0,0,train,9.0,-0.07299310264991199,0.07299310264991199,0.07299310264991199
Cc1ccc2c(N3CCN(CCCc4cccc5c4OCC(=O)N5C)[C@H](C)C3)cccc2n1,1.995,-0.2999429000227671,0,train,8.700057099977233,-0.37288697552912076,0.07294407550635368,0.07294407550635368
Cc1ccc2c(N3CCN(CCc4cccc5[nH]c(=O)ccc45)CC3)cccc2n1,0.631,0.19997064075586568,0,train,9.199970640755865,0.12704028224777442,0.07293035850809118,0.07293035850809118
CCCCN1CCN(c2cccc(CC)c2Cl)CC1,37.0,-1.568201724066995,0,train,7.431798275933005,-1.495377677018617,-0.07282404704837808,0.07282404704837808
O=C1c2ncccc2CCN1CCN1CCC(c2noc3ccc(F)cc23)CC1,5.78,-0.761927838420529,1,train,8.23807216157947,-0.8347198410850152,0.07279200266448616,0.07279200266448616
COc1ccc(Br)c(CC2CCN(CCc3ccc(OC)c(Cl)c3)CC2)c1,1.04,-0.01703333929878037,0,train,8.98296666070122,-0.0897839937744662,0.0727506544756859,0.0727506544756859
COc1cc(N2CCN(C3CCN(c4cccc5c(OC)cc(C(F)(F)F)nc45)CC3)CC2)c2ncccc2c1,2.1,-0.3222192947339193,0,train,8.67778070526608,-0.3949262433716595,0.07270694863774019,0.07270694863774019
CC(=O)c1c(OCCCN2CCN(c3cccc(Br)c3)CC2)ccc2c(C)cc(=O)oc12,3.5,-0.5440680443502757,1,train,8.455931955649724,-0.47144619346231215,-0.07262185088796352,0.07262185088796352
COc1cccc(CCc2ccccc2OCc2cccnc2)c1,5000.0,-3.6989700043360187,0,train,5.301029995663981,-3.6263544122665747,-0.07261559206944357,0.07261559206944357
COCCOc1cc(CC2CCN(CCc3ccc4c(c3)C(=O)CCO4)CC2)ccc1I,8.76,-0.9425041061680807,0,train,8.05749589383192,-0.8699160367955787,-0.07258806937250206,0.07258806937250206
COc1ccccc1N1CCN(CCC(Oc2ccc(C(F)(F)F)cc2)c2ccccc2)CC1,446.68,-2.6499965074660414,1,train,6.350003492533959,-2.7225720574461847,0.0725755499801437,0.0725755499801437
COc1ccccc1N1CCN(CCCCNC(=O)c2ccc(F)nc2)CC1,22.0,-1.3424226808222062,1,train,7.657577319177793,-1.2700008005765056,-0.07242188024570062,0.07242188024570062
O=S1(=O)c2cccc3cccc(c23)N1CCCCCCN1CCN(c2ccccn2)CC1,35.0,-1.5440680443502757,0,train,7.455931955649724,-1.4716519578362497,-0.07241608651402598,0.07241608651402598
Fc1cc2c(c(OCCNCCCc3c[nH]c4ccc(F)cc34)c1)OCCC2,26.73333333333333,-1.427053113564501,0,train,7.572946886435499,-1.3547855570266727,-0.07226755653782835,0.07226755653782835
c1cnc(N2CCN(CCCc3nc4ccccc4s3)CC2)nc1,40.370000000000005,-1.6060587494103145,0,train,7.393941250589686,-1.5339064349676839,-0.0721523144426306,0.0721523144426306
Cn1ncc2c1C(=O)N(CCN1CCC(c3noc4ccccc34)CC1)CC2,11.8,-1.0718820073061255,1,train,7.928117992693874,-0.999819208439024,-0.07206279886710165,0.07206279886710165
Cc1cc(OCCCN2CCN(c3cccc(Cl)c3Cl)CC2)c2c(C)cc(=O)oc2c1,4.0,-0.6020599913279624,1,train,8.397940008672037,-0.5300061578715721,-0.07205383345639027,0.07205383345639027
CCC(Oc1cccc(F)c1F)c1nc(N)nc(N2CCN(C)CC2)n1,2652.0,-3.4235735197327357,0,train,5.576426480267264,-3.4954727816858115,0.07189926195307539,0.07189926195307539
Cc1ccn(-c2ccc(N3CCN(CCCc4c[nH]c5ccc(C#N)cc45)CC3)cc2)c(=O)c1,0.89,0.05060999335508721,1,train,9.050609993355087,-0.021030123372472297,0.0716401167275595,0.0716401167275595
CC(C)c1ccccc1OCCN1CC(NS(=O)(=O)c2cccc(F)c2)C1,28.0,-1.4471580313422192,1,train,7.552841968657781,-1.5187566840268887,0.07159865268466947,0.07159865268466947
O=C(NC/C=C/CN1CCN(c2cccc(Cl)c2Cl)CC1)c1ccc2c(c1)Cc1ccccc1-2,941.0,-2.973589623427257,0,train,6.026410376572743,-2.902011432431579,-0.07157819099567808,0.07157819099567808
Cc1cc(OCCCCN2CCN(c3ccc(Cl)cc3)CC2)c2c(C)cc(=O)oc2c1,60.0,-1.7781512503836436,1,train,7.221848749616356,-1.8497243589187387,0.07157310853509502,0.07157310853509502
O=C(Nc1ccccc1)Nc1cccc(CCN2CCN(c3ccccc3)CC2)c1,5.78,-0.761927838420529,1,train,8.23807216157947,-0.6903943052754156,-0.07153353314511346,0.07153353314511346
CCCN1CCN(c2ccc3c(c2)C(N(C)C(=O)OCc2ccccc2)CCC3)CC1,156.0,-2.1931245983544616,0,train,6.806875401645538,-2.264655803988647,0.07153120563418547,0.07153120563418547
C[C@H](Cc1cc2c(c(C(N)=O)c1)N(CCCO)CC2)NCCOc1ccccc1OCC(F)(F)F,46.97,-1.671820560183249,0,train,7.328179439816751,-1.6003255340770297,-0.07149502610621927,0.07149502610621927
COc1ccc2c(c1)CC(CN1CCC(Cc3ccccc3)CC1)CC2,54.2,-1.7339992865383869,1,train,7.266000713461613,-1.8053447684579664,0.07134548191957957,0.07134548191957957
COc1ccccc1N1CCN(CCNc2ccc3ccccc3n2)CC1,33.0,-1.5185139398778875,1,train,7.481486060122112,-1.4472252592732042,-0.0712886806046833,0.0712886806046833
COc1ncc2c(n1)CCN(CCN1CCC(c3noc4ccccc34)CC1)C2=O,5.1,-0.7075701760979364,1,train,8.292429823902063,-0.7787721825004473,0.07120200640251095,0.07120200640251095
COc1cccc(N2CCN(C(=O)COc3ccc4[nH]cc(CCN)c4c3)CC2)c1,9.8,-0.9912260756924949,0,train,8.008773924307505,-1.0623927828982824,0.07116670720578766,0.07116670720578766
c1ccc(-c2cccc(CN3CCN(c4cccc5c4OCO5)CC3)c2)cc1,15.0,-1.1760912590556813,1,train,7.823908740944319,-1.105035657874728,-0.07105560118095311,0.07105560118095311
COc1ccccc1N1CCN(CCN(c2ccccn2)C(=O)[C@H]2CC[C@H](C[18F])CC2)CC1,0.9,0.045757490560675115,0,train,9.045757490560675,-0.025178698310851493,0.0709361888715266,0.0709361888715266
O=C(c1ccc(F)c(Cl)c1)N1CCC(F)(CNCCOc2ccccc2)CC1,0.06166,1.2099964796095106,1,train,10.209996479609512,1.1391148396133886,0.07088163999612207,0.07088163999612207
COc1ccc(CNC(=O)CCOCCN2CCN(c3ccccc3-c3ccccc3C)CC2)cc1,743.0,-2.8709888137605755,0,train,6.129011186239424,-2.800206808104739,-0.07078200565583659,0.07078200565583659
COCCOc1cc(CC2CCN(CCc3ccc4c(c3)C(=O)C(O)CO4)CC2)ccc1Br,7.4,-0.8692317197309762,1,train,8.130768280269024,-0.9399440919322747,0.07071237220129845,0.07071237220129845
O=C(c1ccc(F)c(Cl)c1)N1CCC(F)(CNCCOc2cccc(Cl)n2)CC1,0.2,0.6989700043360187,1,train,9.698970004336019,0.6282621216760722,0.07070788265994654,0.07070788265994654
CCc1cccc(OC[C@@H](O)CN2CCC3(CC2)OCc2c3ccc3ccccc23)c1,1.7,-0.2304489213782739,0,train,8.769551078621726,-0.3011223127765728,0.0706733913982989,0.0706733913982989
COc1ccccc1N1CCN(CC2COC3(CCN(S(=O)(=O)c4ccccc4)CC3)O2)CC1,52.48,-1.7199938263676038,0,train,7.280006173632396,-1.6493233057099836,-0.07067052065762014,0.07067052065762014
NC(=O)c1ccc(Cl)c2c1CC(N(CCCc1c[nH]c3ccc(F)cc13)C1CCC1)CO2,8.555,-0.9322200138771191,1,train,8.067779986122881,-1.0027854686080235,0.07056545473090436,0.07056545473090436
O=C1c2ccccc2CCC1CN1CCC(Cc2ccccc2)CC1,260.0,-2.4149733479708178,0,train,6.585026652029182,-2.3444840327449437,-0.0704893152258741,0.0704893152258741
COc1ccccc1N1CCN(CCCCNC(=O)c2ccc(I)s2)CC1,10.0,-1.0,0,train,8.0,-1.070440390379419,0.07044039037941907,0.07044039037941907
O=C(CCCCCN1CCN(c2ccccc2-c2ccccc2)CC1)NC1CCCc2ccccc21,60.9,-1.7846172926328754,0,train,7.215382707367125,-1.855030726488294,0.07041343385541854,0.07041343385541854
O=C1c2cn(C3CC3)nc2CCN1CCN1CCC(c2noc3ccccc23)CC1,6.48,-0.8115750058705934,1,train,8.188424994129406,-0.8819800284718531,0.07040502260125969,0.07040502260125969
CN(C)C1CCc2c(cccc2-c2cccc(C(F)(F)F)c2)C1,180.0,-2.255272505103306,0,train,6.7447274948966935,-2.184916641725471,-0.07035586337783517,0.07035586337783517
Cc1nc(N2CCN(CCCCc3c[nH]c4ccc(C#N)cc34)CC2)sc1C#N,5.0,-0.6989700043360189,0,train,8.301029995663981,-0.6286156931782465,-0.07035431115777235,0.07035431115777235
O=C(c1ccc(F)c(Cl)c1)N1CCC(F)(CNCCOc2cccc3[nH]ccc23)CC1,0.1,1.0,0,train,10.0,0.9296582631502168,0.07034173684978318,0.07034173684978318
COc1ccccc1N1CCN(CCN2C(=O)c3cccc4c(N)ccc(c34)C2=O)CC1,44.0,-1.6434526764861874,1,train,7.356547323513812,-1.57312549366903,-0.07032718281715744,0.07032718281715744
COc1ccccc1CN1CCN(Cc2cc3ccccc3o2)CC1,806.0,-2.906335041805091,0,train,6.093664958194909,-2.976623177376564,0.07028813557147329,0.07028813557147329
Cc1ccc2c(C3CCN(CCn4ccc5cccnc5c4=O)CC3)noc2c1,73.1,-1.8639173769578605,1,train,7.13608262304214,-1.7937048113825822,-0.07021256557527811,0.07021256557527811
Cn1cnc2c1CCN(CCN1CCC(c3noc4ccccc34)CC1)C2=O,18.6,-1.2695129442179163,1,train,7.730487055782084,-1.3397222979484045,0.07020935373048798,0.07020935373048798
CNC(=O)C1=C(C)NC(C)=C(C(=O)NCCCN2CCC(C(=O)OC)(c3ccccc3)CC2)C1c1ccc([N+](=O)[O-])cc1,427.0,-2.630427875025024,0,train,6.369572124974976,-2.560308522985613,-0.070119352039411,0.070119352039411
COc1ccc(CCN2CCC(C(=O)c3cccc(OCCF)c3OC)CC2)cc1,991.0,-2.9960736544852753,0,train,6.003926345514724,-3.0661712132951418,0.07009755880986601,0.07009755880986601
O=c1[nH]c(CCCCN2CCN(c3ccccc3)CC2)nc2ccccc12,36.6,-1.5634810853944108,1,train,7.436518914605589,-1.633552034079107,0.07007094868469621,0.07007094868469621
COc1ccccc1N1CCN(CC(O)CN2C(=O)NC(C)(c3ccc(F)cc3)C2=O)CC1,121.0,-2.0827853703164503,0,train,6.917214629683549,-2.152815527952832,0.07003015763638176,0.07003015763638176
Cc1ccc2c(OCCN3CCN(Cc4cccc5cccnc45)CC3)cccc2n1,316.23,-2.500003068051693,0,train,6.499996931948306,-2.4300027664780193,-0.07000030157367387,0.07000030157367387
Cc1ccc2sc(S(=O)(=O)N[C@H]3CC[C@H](CCN4CCN(c5nsc6ccccc56)CC4)CC3)cc2c1,8.66,-0.9375178920173467,0,train,8.062482107982653,-0.86781741750599,-0.06970047451135686,0.06970047451135686
O=C(NC/C=C/CN1CCN(c2cccc(Cl)c2Cl)CC1)c1ccc(-c2cccc[n+]2[O-])cc1,60.6,-1.7824726241662863,0,train,7.217527375833714,-1.85212247666453,0.0696498524982434,0.0696498524982434
COc1cccc(N2CCN(CCCCCCn3c(=O)oc4ccccc4c3=O)CC2)c1,18.0,-1.255272505103306,0,train,7.7447274948966935,-1.1856232541422669,-0.06964925096103913,0.06964925096103913
O=C(CCN1CCN(c2cccc(Cl)c2)CC1)N1CCN(c2cccc(Cl)c2)CC1,142.0,-2.1522883443830563,0,train,6.847711655616944,-2.0826962991563946,-0.06959204522666163,0.06959204522666163
O=C1CCc2cc(OCCCCCCN3CCN(c4nsc5ccccc45)CC3)ccc2N1,20.0,-1.3010299956639813,0,train,7.698970004336019,-1.2316177111286026,-0.06941228453537862,0.06941228453537862
Cc1cc(OCCCCN2CCN(c3cccc(Cl)c3Cl)CC2)c2c(C)cc(=O)oc2c1,8.0,-0.9030899869919435,1,train,8.096910013008056,-0.833733457165512,-0.0693565298264317,0.0693565298264317
COc1cc(Cl)c(C)c2c1N=C(N)NC2C,105.0,-2.0211892990699383,0,train,6.978810700930062,-2.090525202600329,0.06933590353039065,0.06933590353039065
Cc1ccc2[nH]cc(CCNCc3ccc(-c4ccc(O)cc4)o3)c2c1,399.0,-2.6009728956867484,1,train,6.399027104313252,-2.531790096280361,-0.06918279940638739,0.06918279940638739
COc1cccc([N+](=O)[O-])c1OCCNCCOc1ccccc1OCc1ccccc1,15.85,-1.2000292665537702,0,train,7.79997073344623,-1.1308869455680375,-0.0691423209857327,0.0691423209857327
CC(C)c1ccccc1OCCN1CCC(NS(=O)(=O)c2ccccc2)CC1,249.0,-2.3961993470957363,1,train,6.603800652904264,-2.465129446674702,0.06893009957896545,0.06893009957896545
CCCN(CCc1c[nH]c2ccc(F)cc12)C1COc2c(F)ccc(C(N)=O)c2C1,17.6,-1.24551266781415,1,train,7.75448733218585,-1.3141921547821322,0.06867948696798232,0.06867948696798232
COc1cc2c3c(c1OC1CC1)-c1cc([N+](=O)[O-])ccc1CC3N(C)CC2,439.0,-2.6424645202421213,0,train,6.357535479757878,-2.573800126149192,-0.06866439409292946,0.06866439409292946
CN(C1CCN(CCOc2ccccc2C(C)(C)C)CC1)S(=O)(=O)c1ccccc1,2346.0,-3.3703280077795106,0,train,5.629671992220489,-3.43881297094567,0.06848496316615948,0.06848496316615948
CC(Oc1cc(F)ccc1Cl)c1nc(N)nc(N2CCN(C)CC2)n1,1544.0,-3.188647295999717,0,train,5.811352704000283,-3.120178616724141,-0.06846867927557598,0.06846867927557598
CC(C)CS(=O)(=O)NC1CCN(CCOc2ccccc2C(C)C)CC1,278.0,-2.444044795918076,0,train,6.555955204081924,-2.37574157009517,-0.06830322582290638,0.06830322582290638
Clc1ccc(N2CCN(CCCCCOc3cc(-c4ccccc4)ncn3)CC2)cc1,90.3,-1.9556877503135057,1,train,7.044312249686494,-2.0238538341314762,0.06816608381797074,0.06816608381797074
C[C@H]1C[C@H](c2cc3cc(Cl)ccc3s2)CCN1C[C@H](O)COc1cccc2[nH]ccc12,8.34,-0.9211660506377387,0,train,8.078833949362261,-0.989304882555284,0.06813883191754522,0.06813883191754522
COc1ccc(-c2ccccc2N2CCN(CCCCCC(=O)NCc3ccc(OCCCN4CCOCC4)cc3)CC2)cc1,105.0,-2.0211892990699383,1,train,6.978810700930062,-2.0892351989974527,0.06804589992751442,0.06804589992751442
O=C(CCCCN1CCC(c2noc3cc(F)ccc23)CC1)c1cc2c3c(c1)CCN3C(=O)CC2,8.6,-0.9344984512435677,0,train,8.065501548756432,-1.0024899207370976,0.06799146949353008,0.06799146949353008
O=S(=O)(Nc1ccccc1-c1nccc2ccccc12)c1ccc(Cl)cc1,3842.0,-3.584557360525675,0,train,5.415442639474325,-3.5166163055531223,-0.06794105497255254,0.06794105497255254
O=C(NCCCCN1CCN(c2ccccc2)CC1)c1cccnc1,85.0,-1.9294189257142926,0,train,7.070581074285707,-1.8615823236950089,-0.06783660201928399,0.06783660201928399
O=C1c2cnccc2C2(CC2)CN1CCN1CCN(c2noc3ccccc23)CC1,75.8,-1.8796692056320534,0,train,7.120330794367947,-1.8118817791130772,-0.06778742651897596,0.06778742651897596
CN1CCC(c2c[nH]c3ccc(NC(=O)c4cccc(F)c4)nc23)CC1,135.0,-2.130333768495006,0,train,6.8696662315049934,-2.0626587167559185,-0.06767505173908761,0.06767505173908761
CN(C)CCCc1cc(C(=O)Nc2ccc(-c3ccncc3)cc2)ccc1O,842.0,-2.9253120914996495,0,train,6.0746879085003505,-2.857691246068102,-0.06762084543154723,0.06762084543154723
O=[N+]([O-])c1ccc2c(c1)[C@@H](O)[C@H](N1CCN(c3cccc4c3OCCO4)CC1)C2,0.7413,0.1300059998782582,0,train,9.130005999878259,0.06240589770313939,0.0676001021751188,0.0676001021751188
Fc1cc2c(c(OCCNCCc3c[nH]c4ccc(F)cc34)c1)OCCC2,29.6,-1.4712917110589385,0,train,7.528708288941061,-1.4037754805204137,-0.06751623053852462,0.06751623053852462
Cc1cc2c(OC[C@@H](O)CN3CC[C@@H](c4cc5ccc(F)cc5s4)C[C@@H]3C)cccc2[nH]1,12.35,-1.0916669575956846,1,train,7.9083330424043154,-1.0245759480523668,-0.0670910095433177,0.0670910095433177
COc1cccc2c(CCN3CC=C(c4c[nH]c5ccc(F)cc45)CC3)coc12,10.1,-1.0043213737826426,0,train,7.995678626217357,-1.0713283611431,0.06700698736045729,0.06700698736045729
COc1cc2c(cc1OC)[C@@H]1Cc3c(CO)c(OC)cc(OC)c3CN1CC2,730.02,-2.863334758436422,0,train,6.136665241563578,-2.7963498649946046,-0.06698489344181757,0.06698489344181757
COc1ccccc1N1CCN(CCCCCC(=O)NCc2ccccc2)CC1,13.0,-1.1139433523068367,1,train,7.886056647693163,-1.1809126406839947,0.06696928837715799,0.06696928837715799
CC(=O)Nc1cccc(N2CCN(CCCCNS(=O)(=O)CC3CCCCC3)CC2)c1,5.1,-0.7075701760979364,0,train,8.292429823902063,-0.7744182089079,0.06684803280996365,0.06684803280996365
O=C(NCCCCN1CCN(c2ccccn2)CC1)c1cc2ccccc2cn1,16.0,-1.2041199826559248,0,train,7.795880017344075,-1.2708836974405378,0.06676371478461296,0.06676371478461296
Cn1cc(-c2ccc3c(c2)c(C2CCN(CCN4CCNC4=O)CC2)cn3-c2ccc(F)cc2)nn1,29.0,-1.462397997898956,0,train,7.537602002101044,-1.529134169361264,0.06673617146230781,0.06673617146230781
O=S(=O)(c1cncc2ccccc12)N1CC[C@@H]1CCN1CCN(c2cccc3sccc23)CC1,16.0,-1.2041199826559248,0,train,7.795880017344075,-1.137505049263986,-0.0666149333919388,0.0666149333919388
COc1ccccc1N1CCN(CCC(Oc2ccc3c(c2)OCO3)c2ccccc2)CC1,19.95,-1.299942900022767,0,train,7.700057099977233,-1.3665337571204161,0.06659085709764923,0.06659085709764923
O=C(NCC(O)CCN1CCN(c2cccc(Cl)c2Cl)CC1)c1cc2ccccc2[nH]1,58.3,-1.765668554759014,0,train,7.234331445240986,-1.6990792684193021,-0.06658928633971195,0.06658928633971195
C1=CC2N=CC(CN3CCN(c4cccc5cn[nH]c45)CC3)=NC2C=C1,87.1,-1.9400181550076632,1,train,7.059981844992337,-1.8735874260425875,-0.06643072896507562,0.06643072896507562
Cc1ccc2c(OCCN3CCC(Cc4cccc(C5CCNCC5)c4)CC3)cccc2n1,6.31,-0.8000293592441343,1,train,8.199970640755865,-0.8664278271484389,0.06639846790430459,0.06639846790430459
O=c1c(-c2ccccc2Cl)c2ccccn2c(=O)n1CCCCN1CCCC(c2c[nH]c3ccccc23)C1,50.0,-1.6989700043360187,0,train,7.301029995663981,-1.765353735883248,0.06638373154722932,0.06638373154722932
CCCC(C)Oc1cc2c(cc1OC)-c1c(OC)c(OC)cc3c1[C@H](C2)N(C)CC3,117.0,-2.0681858617461617,0,train,6.931814138253838,-2.134517865708697,0.06633200396253525,0.06633200396253525
CC(C)(C)c1ccc(S(=O)(=O)N[C@H]2CC[C@H](CCN3CCN(c4nsc5ccccc45)CC3)CC2)s1,7.09,-0.8506462351830665,0,train,8.149353764816933,-0.784474579531893,-0.06617165565117344,0.06617165565117344
Cc1cc2c(OC[C@@H](O)CN3CCC(c4cc5cc(F)ccc5s4)CC3)cccc2[nH]1,7.5,-0.8750612633917001,0,train,8.1249387366083,-0.9411871535888726,0.06612589019717252,0.06612589019717252
O=C1NCc2ccc(OCCCCN3CCN(c4cccc5ccccc45)CC3)c(F)c21,3.62,-0.5587085705331657,1,train,8.441291429466835,-0.4925963316677521,-0.06611223886541362,0.06611223886541362
COc1ccc(CNC(=O)CCOCCN2CCN(c3cccc(-c4ccccc4OC)c3)CC2)cc1,186.0,-2.2695129442179165,0,train,6.730487055782083,-2.335590188285828,0.0660772440679116,0.0660772440679116
CC(Oc1cccc(Cl)c1F)c1nc(N)nc(N2CCN(C)CC2)n1,2129.0,-3.3281756614383227,0,train,5.671824338561677,-3.3942395715828892,0.06606391014456658,0.06606391014456658
COc1cccc(OC)c1OCCNCCOc1ccccc1OCc1ccccc1,11.75,-1.070037866607755,0,train,7.9299621333922445,-1.1360387780556616,0.06600091144790654,0.06600091144790654
Nc1nc(N)nc(NCCCCCCN2CCN(c3ccccc3)CC2)n1,82.0,-1.9138138523837167,0,train,7.086186147616283,-1.8479904195613586,-0.06582343282235814,0.06582343282235814
Cc1ccc(F)c(Oc2ccccc2C2CCNCC2)c1,57.0,-1.7558748556724915,0,train,7.2441251443275085,-1.6900557187803533,-0.06581913689213836,0.06581913689213836
Fc1ccc2[nH]cc(CCN3CCCC(c4ccnc(NC5CC5)n4)C3)c2c1,23.6,-1.3729120029701065,0,train,7.627087997029894,-1.4387105406525595,0.06579853768245325,0.06579853768245325
C=C[C@H]1CN2CCc3c([nH]c4cccc(O)c34)[C@@H]2C[C@@H]1/C(=C\OC)C(=O)OC,97.7,-1.989894563718773,1,train,7.010105436281227,-2.055674457992705,0.06577989427393183,0.06577989427393183
Cn1cc2c(n1)CCCN(CCN1CCC(c3noc4ccccc34)CC1)C2=O,10.9,-1.0374264979406236,1,train,7.962573502059376,-0.9717091614070655,-0.06571733653355805,0.06571733653355805
O=C1CC2(C=CN1CCN1CCN(c3ccccc3Cl)CC1)CCCC2,9.38,-0.9722028383790645,0,train,8.027797161620935,-1.0377428435768419,0.06554000519777747,0.06554000519777747
Cc1cc(OCCCCN2CCN(c3ccccc3C#N)CC2)c2c(C)cc(=O)oc2c1,1.5,-0.17609125905568124,1,train,8.823908740944319,-0.2415198046265901,0.06542854557090888,0.06542854557090888
CN(CCCOc1cc(Cl)ccc1Cl)CCN1C(=O)CC2(CCCC2)CC1=O,451.6,-2.6547539332529304,0,train,6.34524606674707,-2.5894300162739823,-0.06532391697894813,0.06532391697894813
COCCOc1cc(CC2CCN(CC(O)c3ccc4c(c3)C(=O)CCO4)CC2)ccc1Br,17.0,-1.2304489213782739,0,train,7.769551078621726,-1.295763757376679,0.06531483599840482,0.06531483599840482
CC(=O)Nc1cccc(N2CCN(CCCCN(C)S(=O)(=O)CC(C)C)CC2)c1,9.7,-0.9867717342662449,0,train,8.013228265733755,-0.9214649801352227,-0.06530675413102205,0.06530675413102205
Cc1noc2c1C(=O)N(CCN1CCC(c3noc4ccccc34)CC1)CC2,9.35,-0.9708116108725178,1,train,8.029188389127482,-0.9055137154333256,-0.06529789543919218,0.06529789543919218
O=C1NCc2ccc(OCCCCN3CCN(c4cccc5cc(F)ccc45)CC3)c(F)c21,5.01,-0.6998377258672457,1,train,8.300162274132754,-0.7648622674807922,0.06502454161354654,0.06502454161354654
Cc1ccc2c(N3CCN(CCc4cccc5c4OCc4c(C(=O)NC6CC6)ncn4-5)CC3)cccc2n1,0.1259,0.8999742698921374,0,train,9.899974269892137,0.8349778049997658,0.06499646489237154,0.06499646489237154
CC(=O)c1ncn2c1COc1c(CCN3CCN(c4cccc5nc(C)ccc45)CC3)cccc1-2,0.3162,0.5000381344038097,0,train,9.500038134403809,0.5650195558230062,-0.0649814214191965,0.0649814214191965
O=c1[nH]c(CCCCCN2CCN(c3ccc(Cl)cc3)CC2)nc2ccccc12,116.0,-2.0644579892269186,1,train,6.935542010773082,-1.9995666080166508,-0.06489138121026783,0.06489138121026783
CCN(C)C(=O)N[C@H]1CC[C@H](CCN2CCN(c3nsc4ccccc34)CC2)CC1,1.4,-0.146128035678238,0,train,8.853871964321762,-0.2109373420642988,0.06480930638606078,0.06480930638606078
CCCCCC(=O)/C=C(O)/C=C/c1ccc(O)c(OC)c1,6530.0,-3.814913181275074,0,train,5.185086818724926,-3.7501732050030925,-0.06473997627198136,0.06473997627198136
CNc1nc(Cl)c(Sc2ccccc2)c(N2CCN(C)CC2)n1,460.0,-2.662757831681574,0,train,6.337242168318426,-2.5981181522423435,-0.06463967943923032,0.06463967943923032
Cc1c(-c2ccccc2)oc2c(C(=O)NCCCN3CCN(c4ccccc4OCCCO[N+](=O)[O-])CC3)cccc2c1=O,7.2,-0.8573324964312685,0,train,8.142667503568731,-0.7926992123941798,-0.06463328403708868,0.06463328403708868
COc1ccccc1N1CCN(CCCNC(=O)NN(Cc2ccc(F)cc2)c2ccccc2)CC1,34.0,-1.5314789170422551,0,train,7.468521082957745,-1.4668484505655401,-0.064630466476715,0.064630466476715
c1ccc(OCCCN2CCN(c3ccccc3)CC2)cc1,25.0,-1.3979400086720377,1,train,7.6020599913279625,-1.4625180226452705,0.06457801397323304,0.06457801397323304
O=S(=O)(c1ccc2cccnc2c1)n1cc(C2=CCNCC2)c2cc(Cl)ccc21,2467.0,-3.392169149489736,0,train,5.607830850510264,-3.327630695278407,-0.0645384542113292,0.0645384542113292
COc1ccccc1OCCN(C)CCN1C(=O)CC2(CCCC2)CC1=O,259.34,-2.413869506509096,0,train,6.586130493490904,-2.3496266503218717,-0.06424285618722436,0.06424285618722436
Fc1ccc(N2CCN(CCCc3c[nH]c4ccc(F)cc34)CC2)c(-c2ccsc2)c1,8.4,-0.9242792860618817,0,train,8.075720713938118,-0.988402043519014,0.06412275745713236,0.06412275745713236
COc1ccccc1N1CCN(CCN(C(=O)c2ccc3ccccc3c2)c2ccccn2)CC1,1.61,-0.20682587603184974,0,train,8.79317412396815,-0.2709424481672369,0.06411657213538718,0.06411657213538718
O=C(CCCN1CCC(c2noc3cc(F)ccc23)CC1)c1cc2c3c(c1)CCN3C(=O)CC2,8.6,-0.9344984512435677,0,train,8.065501548756432,-0.9985554550848947,0.06405700384132718,0.06405700384132718
Fc1ccc2[nH]c(CN3CCN(c4ccccn4)CC3)cc2c1,200.0,-2.3010299956639813,0,train,6.698970004336019,-2.237073936578061,-0.06395605908592028,0.06395605908592028
CCN(CC)Cc1ccc(Cl)c(-c2ccccc2OC)c1,1700.0,-3.230448921378274,1,train,5.769551078621726,-3.1664958892298434,-0.06395303214843073,0.06395303214843073
CN1CCN(c2nccc3cc4c(cc23)N(C(=O)c2cnn(C)c2C(F)(F)F)CC4)CC1,6.31,-0.8000293592441343,0,train,8.199970640755865,-0.7361809793588218,-0.06384837988531256,0.06384837988531256
O=C(c1ccc(F)c(Cl)c1)N1CCC(F)(CNCCCc2ccccc2)CC1,1.2393,-0.09317644969624858,1,train,8.906823550303752,-0.029431895288552376,-0.06374455440769612,0.06374455440769612
Nc1ccc(S(=O)(=O)NC2CCN(CCOc3ccccc3-c3ccccc3)CC2)cc1,407.0,-2.60959440922522,0,train,6.39040559077478,-2.5460111235216956,-0.06358328570352434,0.06358328570352434
CCCC(=O)Nc1ccc2c(c1)-c1cccc3c1C(C2)N(C)CC3,83.0,-1.919078092376074,0,train,7.080921907623926,-1.8557068498574174,-0.06337124251865656,0.06337124251865656
CCC(Oc1cc(C(F)(F)F)ccc1C(F)(F)F)c1nc(N)nc(N2CCN(C)CC2)n1,8501.0,-3.9294700161774894,0,train,5.07052998382251,-3.866227374421661,-0.06324264175582872,0.06324264175582872
CN1CCC(CCN2CCC(c3cn(-c4ccc(F)cc4)c4ccc(-c5ncn(C)n5)cc34)CC2)C1=O,64.0,-1.806179973983887,0,train,7.1938200260161125,-1.7430395222048602,-0.06314045177902683,0.06314045177902683
Cc1ccc(S(=O)(=O)N[C@H]2CC[C@H](CCN3CCN(c4nsc5ccccc45)CC3)CC2)cc1,3.9,-0.5910646070264992,0,train,8.4089353929735,-0.6540823848727874,0.06301777784628815,0.06301777784628815
O=S(=O)(c1cncc2ccccc12)N1CCC(CCN2CCN(c3cccc(Cl)c3)CC2)CC1,32.0,-1.505149978319906,1,train,7.494850021680094,-1.5680866281653838,0.06293664984547775,0.06293664984547775
O=C(NC/C=C/CN1CCN(c2cccc(Cl)c2Cl)CC1)c1cc2ccccc2o1,58.8,-1.7693773260761385,1,train,7.230622673923861,-1.832263925542763,0.06288659946662478,0.06288659946662478
CC1CCN(CCc2ccc(OCCCN3CCC(c4noc5cc(F)ccc45)CC3)cc2)CC1,9.6,-0.9822712330395684,0,train,8.017728766960431,-0.9194438642020317,-0.0628273688375367,0.0628273688375367
COc1ccc(-c2cc(F)ccc2N2CCN(CCCCCC(=O)NCc3ccc(C#N)cc3)CC2)cc1,771.0,-2.8870543780509568,0,train,6.112945621949043,-2.8242568294561488,-0.06279754859480802,0.06279754859480802
COc1ccccc1N1CCN(CCN(C(=O)C2CCCCC2)c2ccccn2)CC1,0.8205214285714284,0.08591007251606225,0,train,9.085910072516063,0.023126280531294178,0.06278379198476802,0.06278379198476802
O=C(NCCN1CCN(c2ccccc2)CC1)c1cnc2ccccc2n1,30.0,-1.4771212547196624,1,train,7.522878745280337,-1.5399019878069604,0.06278073308729804,0.06278073308729804
OC(CNCC1COc2ccccc2O1)COCc1ccccc1Cl,36.0,-1.5563025007672873,0,train,7.443697499232712,-1.4937004185009093,-0.06260208226637798,0.06260208226637798
O=C1CCc2cc(OCCCN3CCN(c4ccccn4)CC3)ccc2N1,19.675,-1.2939147410311023,0,train,7.706085258968898,-1.2313158539346856,-0.06259888709641692,0.06259888709641692
COC(=O)c1sccc1NC(=O)CCCCN1CCN(c2ccccc2)CC1,21.2,-1.3263358609287514,0,train,7.673664139071248,-1.3889312864603858,0.06259542553163433,0.06259542553163433
c1ccc(COc2ccccc2OCCNCCOc2ccccc2)cc1,7.943,-0.899984562549391,0,train,8.100015437450608,-0.9622803444794092,0.06229578193001828,0.06229578193001828
Cc1cc2c(OC[C@@H](O)CN3CCC(c4cc5c(C)cccc5s4)CC3)cccc2[nH]1,10.4,-1.0170333392987803,0,train,7.982966660701219,-0.9548517269207776,-0.062181612378002904,0.062181612378002904
NC(=O)c1ccnc(N2CCN(CCCc3c[nH]c4ccc(F)cc34)CC2)n1,12.0,-1.0791812460476249,0,train,7.920818753952375,-1.1411647449904372,0.0619834989428123,0.0619834989428123
Fc1ccc(CCCCN2C3CCC2CN(c2ccc(Cl)cn2)C3)cc1,94.2,-1.9740509027928774,0,train,7.025949097207123,-2.0360264543435456,0.06197555155066836,0.06197555155066836
O=C(N[C@H]1CC[C@H](CCN2CCN(c3nsc4ccccc34)CC2)CC1)c1sc2ccccc2c1Cl,9.02,-0.9552065375419417,0,train,8.044793462458058,-0.8932624639028504,-0.06194407363909127,0.06194407363909127
O=S(=O)(NCCCN1CC=C(c2c[nH]c3ccc(Cl)cc23)CC1)c1ccc(F)cc1,12.0,-1.0791812460476249,1,train,7.920818753952375,-1.0175134527210528,-0.06166779332657213,0.06166779332657213
COc1ccccc1N1CCN(CCCCNC(=O)c2ccc(-c3ccc([18F])nc3)cc2)CC1,21.0,-1.3222192947339193,0,train,7.6777807052660805,-1.3838016808810385,0.061582386147119195,0.061582386147119195
O=C(NCCCCN1CCN(c2ccccc2)CC1)c1cc2ccccc2o1,30.0,-1.4771212547196624,1,train,7.522878745280337,-1.538693388472725,0.061572133753062586,0.061572133753062586
NC(=O)[C@@H]1Cc2ccccc2CN1C(=O)CCCCN1CCN(c2ccccc2-c2ccccc2)CC1,66.0,-1.8195439355418688,0,train,7.180456064458131,-1.7579781815451545,-0.06156575399671427,0.06156575399671427
Clc1ccc2c(c1)N=C(N1CCN(C3CCCCC3)CC1)c1cccnc1O2,131.0,-2.1172712956557644,0,train,6.882728704344236,-2.0557609305705644,-0.061510365085200025,0.061510365085200025
COc1ccccc1N1CCN(CC(O)CCNC(=O)c2cc3ccccc3[nH]2)CC1,132.0,-2.12057393120585,0,train,6.8794260687941495,-2.0590889999446533,-0.061484931261196696,0.061484931261196696
CN1CCN(c2nc(N)nc(COc3cccc(Cl)c3)n2)CC1,7505.0,-3.875350696579289,0,train,5.124649303420711,-3.8139858863775555,-0.061364810201733455,0.061364810201733455
Cc1cccc(S(=O)(=O)NCCCN2CC=C(c3c[nH]c4ccc(F)cc34)CC2)c1,66.0,-1.8195439355418688,1,train,7.180456064458131,-1.8807951477925864,0.06125121225071761,0.06125121225071761
O=C(NCCN1CCC(c2cccc(C(F)(F)F)n2)CC1)C1CCC(F)(F)CC1,1144.0,-3.058426024457005,0,train,5.941573975542995,-2.997279885975408,-0.06114613848159722,0.06114613848159722
C=CCOc1cc2c(cc1OC)-c1c(OC)c(OC)cc3c1[C@H](C2)N(C)CC3,361.0,-2.5575072019056577,0,train,6.442492798094342,-2.4963707186035426,-0.061136483302115074,0.061136483302115074
CN1CCN(c2cccc3ccc(OCCOc4ccc5cccc(N6CCN(C)CC6)c5c4)cc23)CC1,14.0,-1.146128035678238,0,train,7.853871964321762,-1.2072549896557792,0.0611269539775412,0.0611269539775412
O=C(NC1CCc2ccc(CCN3CCN(c4nsc5ccccc45)CC3)cc21)c1ccno1,6.5,-0.8129133566428556,0,train,8.187086643357144,-0.8739055452839048,0.06099218864104927,0.06099218864104927
COc1ccc(CN2CCN(Cc3cc4ccccc4o3)CC2)cc1,2192.0,-3.3408405498123317,0,train,5.659159450187668,-3.27996387311674,-0.060876676695591936,0.060876676695591936
COc1ccc(Br)c(CC2CCN(CCc3ccccc3Cl)CC2)c1,4.08,-0.6106601630898799,0,train,8.38933983691012,-0.5497968766104452,-0.06086328647943473,0.06086328647943473
O=C1NCc2cc(Cl)c(OCCCN3CCN(c4cccc5ccccc45)CC3)cc21,0.814,0.0893755951107988,0,train,9.089375595110798,0.1501965432931433,-0.0608209481823445,0.0608209481823445
O=S(=O)(c1cccc2ncccc12)N1CCC(CCN2CCN(c3ccc(Cl)cc3)CC2)CC1,740.0,-2.8692317197309762,1,train,6.130768280269024,-2.8084951778956753,-0.06073654183530053,0.06073654183530053
O=S(=O)(NC1CCN(CCOc2ccccc2-c2ccccc2)CC1)c1cc(F)ccc1F,183.0,-2.2624510897304293,1,train,6.73754891026957,-2.2017400150281787,-0.06071107470225057,0.06071107470225057
CC(=O)Nc1ccc2[nH]cc(C3CCN(C)CC3)c2c1,68.0,-1.8325089127062364,1,train,7.167491087293763,-1.7718321870555993,-0.06067672565063709,0.06067672565063709
O=C1CCc2ccc(OCCCCN3CCN(c4ccccc4Cl)CC3)nc2N1,4.6,-0.6627578316815741,0,train,8.337242168318426,-0.6021297481112726,-0.06062808357030147,0.06062808357030147
Cn1cc(S(=O)(=O)NC2CCN(CCOc3ccccc3C(C)(C)C)CC2)cn1,5555.0,-3.7446840632768863,0,train,5.255315936723114,-3.805288430738963,0.06060436746207687,0.06060436746207687
CC(=O)c1c(OCCCCN2CCN(c3ccc(Cl)cc3)CC2)ccc2c(C)cc(=O)oc12,28.0,-1.4471580313422192,1,train,7.552841968657781,-1.386589826991256,-0.06056820435096322,0.06056820435096322
CCN(CCCc1c[nH]c2ccc(F)cc12)C1COc2ccc3c(c2C1)C(=O)NCC3,6.0,-0.7781512503836436,1,train,8.221848749616356,-0.8387178244821993,0.0605665740985557,0.0605665740985557
O=C1c2ccccc2S(=O)(=O)N1CCCCCCN1CCN(c2ccccc2Cl)CC1,26.0,-1.414973347970818,0,train,7.585026652029182,-1.3544423571685411,-0.06053099080227686,0.06053099080227686
O=S(=O)(c1ccnc2ccccc12)N1CCCC[C@@H]1CCN1CCN(c2nsc3ccccc23)CC1,24.0,-1.380211241711606,0,train,7.619788758288394,-1.440723649751277,0.06051240803967106,0.06051240803967106
OC(CCNC1CCCCC1)COc1cccc2[nH]ccc12,125.0,-2.0969100130080562,1,train,6.903089986991944,-2.036456005122484,-0.06045400788557176,0.06045400788557176
CC(=O)c1c(OCCCCN2CCN(c3ccccc3F)CC2)ccc2c(C)cc(=O)oc12,1.0,-0.0,1,train,9.0,-0.06042509489525595,0.06042509489525595,0.06042509489525595
c1ccc(Oc2ccccc2OC2CNC2)cc1,57.0,-1.7558748556724915,0,train,7.2441251443275085,-1.8161372429570375,0.060262387284545804,0.060262387284545804
CCc1ccc2c(n1)C(=O)N(CCN1CCC(c3noc4ccccc34)CC1)CC2,3.26,-0.5132176000679389,1,train,8.48678239993206,-0.5733394779692871,0.06012187790134815,0.06012187790134815
c1ccc2c(N3CCN(CCc4ccc5[nH]nnc5c4)CC3)cccc2c1,38.9,-1.5899496013257077,0,train,7.410050398674292,-1.5300305979312911,-0.05991900339441636,0.05991900339441636
COc1ccccc1OCCNCC1(c2ccccc2)COCCO1,75.86,-1.8800128383667718,0,train,7.119987161633228,-1.820217298999416,-0.05979553936735593,0.05979553936735593
COc1ccccc1C(=O)Nc1cccc(CCN2CCN(c3cccc4nc(C)ccc34)CC2)c1,2.512,-0.40001963506515853,0,train,8.599980364934842,-0.34023380687731,-0.0597858281878485,0.0597858281878485
O=C(Cc1ccncc1)Nc1ccc(CCN2CCN(c3ccccc3)CC2)cc1,122.5,-2.0881360887005513,1,train,6.911863911299449,-2.1478594586745974,0.05972336997404559,0.05972336997404559
O=C1NCc2cc(F)c(OCCCN3CCN(c4cccc5ccc(F)cc45)CC3)cc21,0.341,0.4672456210075022,1,train,9.467245621007502,0.40780311563445615,0.05944250537304607,0.05944250537304607
COC(CNC12CC3CC(CC(C3)C1)C2)COc1cccc2[nH]ccc12,32.0,-1.505149978319906,0,train,7.494850021680094,-1.564524205584091,0.059374227264185064,0.059374227264185064
Cn1cc2c(n1)C(=O)N(CCN1CCN(c3nsc4ccccc34)CC1)CCC2,1.47,-0.1673173347481761,1,train,8.832682665251824,-0.22655216634347197,0.059234831595295884,0.059234831595295884
CC1(c2ccc(F)cc2)NC(=O)N(CC(O)CN2CCN(c3ccccc3Cl)CC2)C1=O,397.0,-2.598790506763115,1,train,6.401209493236885,-2.5396966292208325,-0.05909387754228268,0.05909387754228268
CC(Oc1cc(F)ccc1C(F)(F)F)c1nc(N)nc(N2CCN(C)CC2)n1,6977.0,-3.8436687229791437,0,train,5.156331277020856,-3.7846084691774253,-0.059060253801718865,0.059060253801718865
Oc1nc2cccc(N3CCN(Cc4cc(-c5ccccc5)ccc4F)CC3)c2o1,41.0,-1.6127838567197355,0,train,7.3872161432802645,-1.5537310389421373,-0.05905281777759841,0.05905281777759841
O=C1c2ccccc2S(=O)(=O)N1CCCCCCN1CCN(c2ccccc2)CC1,20.0,-1.3010299956639813,0,train,7.698970004336019,-1.2419808503888503,-0.05904914527513094,0.05904914527513094
CN1CCC(c2c[nH]c3ccc(NC(=O)c4ccsc4)nc23)CC1,400.0,-2.6020599913279625,0,train,6.3979400086720375,-2.5430789613146043,-0.05898103001335819,0.05898103001335819
COc1c(OCCF)cccc1C(=O)C1CCN(CCc2ccc(C)cc2)CC1,1883.0,-3.274850320016665,0,train,5.7251496799833355,-3.2159211466848863,-0.05892917333177872,0.05892917333177872
COc1ccc(-c2ccccc2N2CCN(CCCCCC(=O)NCc3ccncc3)CC2)cc1,239.0,-2.3783979009481375,1,train,6.621602099051863,-2.319479862769865,-0.0589180381782719,0.0589180381782719
CC1(c2ccc(F)cc2)NC(=O)N(CC(O)CN2CCN(c3ccc(Cl)cc3)CC2)C1=O,5298.0,-3.7241119539612124,1,train,5.275888046038787,-3.6654131656291433,-0.05869878833206954,0.05869878833206954
CC(C)c1ccccc1OCCN1CCC(NS(=O)(=O)c2ccc(N)cc2)CC1,502.0,-2.7007037171450192,1,train,6.29929628285498,-2.642057332376109,-0.05864638476891004,0.05864638476891004
O=S(=O)(NC1CCN(CCOc2cccc(Br)c2)CC1)c1cccc(Br)c1,1266.0,-3.1024337056813365,0,train,5.897566294318663,-3.160645992393317,0.05821228671198053,0.05821228671198053
COc1ccccc1N1CCN(CCCN2C(=O)C[C@H](NC(=O)C3CCCC3)C2=O)CC1,170.0,-2.230448921378274,0,train,6.769551078621726,-2.17238845882622,-0.058060462552054215,0.058060462552054215
CCNC(=O)Nc1cccc(CCN2CCN(c3cccc4nc(C)ccc34)CC2)c1,1.995,-0.2999429000227671,1,train,8.700057099977233,-0.35798255961571934,0.058039659592952264,0.058039659592952264
COc1ccc2[nH]cc(C3CCCN(CCCCn4c(=O)c(-c5ccccc5Cl)c5ccccn5c4=O)C3)c2c1,176.0,-2.24551266781415,0,train,6.75448733218585,-2.187485033687513,-0.05802763412663703,0.05802763412663703
CN(CCCc1c[nH]c2ccc(F)cc12)C1COc2ccc3c(c2C1)C(=O)NC3,22.0,-1.3424226808222062,1,train,7.657577319177793,-1.4003257795600934,0.05790309873788724,0.05790309873788724
CC(=O)c1c(C)cc2oc(=O)cc(C)c2c1OCCCN1CCN(c2ccc([N+](=O)[O-])cc2)CC1,159.0,-2.2013971243204513,0,train,6.798602875679549,-2.2590630812093817,0.05766595688892995,0.05766595688892995
COc1ccccc1N1CCN(CCCCNC(=O)[C@@H]2CCCN2C(=O)C2CCCCC2)CC1,27.0,-1.4313637641589874,0,train,7.568636235841012,-1.373739498048277,-0.057624266110710254,0.057624266110710254
COc1ccccc1N1CCN(CCCCNC(=O)c2cccc(F)n2)CC1,24.0,-1.380211241711606,0,train,7.619788758288394,-1.322606528465996,-0.057604713245609895,0.057604713245609895
COc1ccccc1N1CCN(CCCN2CCN(c3ncccc3C#N)CC2)CC1,18.0,-1.255272505103306,0,train,7.7447274948966935,-1.197700613189096,-0.05757189191421008,0.05757189191421008
CC(C)Oc1ccc2[nH]cc(C3=CCN(Cc4ccccc4)CC3)c2c1,203.0,-2.307496037913213,0,train,6.692503962086787,-2.3650039100297193,0.05750787211650632,0.05750787211650632
COc1ccc2ccc(NCCN3CCN(c4ccccc4OC)CC3)nc2c1,2.1,-0.3222192947339193,1,train,8.67778070526608,-0.3796807072172765,0.05746141248335718,0.05746141248335718
COc1cccc(OC)c1OCCNCCOc1ccccc1OCc1ccccc1C,11.22,-1.0499928569201427,0,train,7.950007143079858,-1.1074028552159612,0.057409998295818276,0.057409998295818276
O=C1CCC(=O)N1C[C@H]1CC[C@H]2CN(c3ncccn3)CCN2C1,92.0,-1.9637878273455553,0,train,7.036212172654444,-2.021088265549012,0.057300438203456316,0.057300438203456316
CC(=O)c1c(-c2ccccc2)nn(C)c(=O)c1NCCN1CCN(c2ccccc2F)CC1,24.12,-1.3823773034681137,1,train,7.617622696531886,-1.3251293539404276,-0.05724794952768586,0.05724794952768586
Cc1ccc2c(OCCN3CCC(Cc4cccc(N5CCCS5(=O)=O)c4)CC3)cccc2n1,7.943,-0.899984562549391,0,train,8.100015437450608,-0.8427988572433861,-0.057185705306004864,0.057185705306004864
O=S(=O)(c1cncc2ccccc12)N1CCCCC[C@H]1CCN1CCN(c2cccc3sccc23)CC1,8.0,-0.9030899869919435,1,train,8.096910013008056,-0.9601631867852661,0.05707319979332248,0.05707319979332248
NCCc1c[nH]c2ccc(OCCCCC(=O)N3CCN(c4ccc(N)cc4)CC3)cc12,50.7,-1.705007959333336,1,train,7.2949920406666635,-1.7620175742275337,0.05700961489419765,0.05700961489419765
COc1ccccc1N1CCN(CCCCc2cn(-c3ccc(N(C)C)cc3)nn2)CC1,9.4,-0.9731278535996987,0,train,8.0268721464003,-0.9162534048071832,-0.056874448792515575,0.056874448792515575
Fc1ccc(Oc2ncccc2C2CCNCC2)c(F)c1,29.0,-1.462397997898956,0,train,7.537602002101044,-1.4055490926575636,-0.05684890524139252,0.05684890524139252
Cc1ccc2c(OCCN3CCN(Cc4cc(F)c5c(c4)N(C)C(=O)CO5)CC3)cccc2n1,7.943,-0.899984562549391,0,train,8.100015437450608,-0.9568323629222444,0.05684780037285342,0.05684780037285342
O=S(=O)(c1ccc2cc[nH]c2c1)N1CCC[C@H]1CCN1CCC(Oc2ccc(Cl)cc2)CC1,562.0,-2.749736315569061,0,train,6.250263684430939,-2.806559066747418,0.05682275117835678,0.05682275117835678
Cn1c(=O)cnn(CCCCN2CCN(c3ccccc3OCCCF)CC2)c1=O,0.8,0.09691001300805639,0,train,9.096910013008056,0.15361556725557476,-0.05670555424751847,0.05670555424751847
O=C1NCc2ccc(OCCCCN3CCN(c4cccc5ccccc45)CC3)cc21,1.1855,-0.07390155831420696,1,train,8.926098441685793,-0.01720578444049953,-0.056695773873707375,0.056695773873707375
COc1ccc(-c2c3n(c(=O)n(CCCCN4CCCC(c5c[nH]c6ccc(OC)cc56)C4)c2=O)CCCC3)cc1,52.0,-1.7160033436347992,0,train,7.2839966563652006,-1.7726514472138626,0.05664810357906336,0.05664810357906336
O=C(CCCN1CCN(c2ncccn2)CC1)c1ccc(F)cc1,30.5,-1.4842998393467859,0,train,7.515700160653214,-1.5409400828766748,0.05664024352988872,0.05664024352988872
O=C1c2ccccc2S(=O)(=O)N1CCCCCCN1CCN(c2nsc3ccccc23)CC1,23.0,-1.3617278360175928,0,train,7.638272163982407,-1.3051155939037389,-0.05661224211385396,0.05661224211385396
O=C(NCCCCN1CCN(c2cccc(Cl)c2Cl)CC1)c1ccc(F)cc1,60.0,-1.7781512503836436,0,train,7.221848749616356,-1.7215498436919665,-0.056601406691677125,0.056601406691677125
Cc1ncc2c(n1)CCN(CCN1CCC(c3noc4ccccc34)CC1)C2=O,6.3,-0.7993405494535817,1,train,8.200659450546418,-0.8556899820774032,0.05634943262382153,0.05634943262382153
O=C(c1ccc(F)c(Cl)c1)N1CCC(F)(CNCCOc2cccc(F)n2)CC1,0.28,0.5528419686577808,1,train,9.55284196865778,0.6091906522801362,-0.056348683622355455,0.056348683622355455
Clc1cccc(Oc2ncccc2C2CCNCC2)c1Cl,37.0,-1.568201724066995,0,train,7.431798275933005,-1.6243159898322725,0.05611426576527756,0.05611426576527756
CCC(C)Oc1cc2c(cc1OC)-c1c(OC)c(OC)cc3c1[C@H](C2)N(C)CC3,244.0,-2.387389826338729,0,train,6.61261017366127,-2.3312875019998094,-0.05610232433891982,0.05610232433891982
Cn1cnc(-c2ccc3c(c2)c(C2CCN(CCN4CCNC4=O)CC2)cn3-c2ccc(F)cc2)n1,24.0,-1.380211241711606,1,train,7.619788758288394,-1.4363050153226586,0.05609377361105272,0.05609377361105272
CN1CCC2C(C1)c1cccc3c1N2c1ccccc1CS3,39.81,-1.599992177584098,0,train,7.400007822415902,-1.5441756083607157,-0.055816569223382295,0.055816569223382295
COc1ccccc1N1CCN(CCN(C(=O)C23CC4CC(CC(I)(C4)C2)C3)c2ccccn2)CC1,2.15,-0.33243845991560533,0,train,8.667561540084394,-0.27666304881333265,-0.05577541110227263,0.05577541110227263
COc1ccc(-c2c(=O)n(CCCCN3CCCC(c4c[nH]c5ccc(F)cc45)C3)c(=O)n3ccccc23)cc1,140.0,-2.146128035678238,0,train,6.853871964321762,-2.090359096913595,-0.055768938764643394,0.055768938764643394
Cc1cc(OCCCN2CCN(c3ccc(Cl)cc3)CC2)c2c(C)cc(=O)oc2c1,161.0,-2.2068258760318495,1,train,6.79317412396815,-2.151267171167855,-0.05555870486399428,0.05555870486399428
CC1NC(NCC(F)F)=Nc2c(Cl)ccc(Cl)c21,87.0,-1.9395192526186185,0,train,7.060480747381382,-1.9949740961272864,0.05545484350866792,0.05545484350866792
CC(C)c1ccccc1N1CCN(CCCCCCC(=O)N2Cc3ccccc3C[C@H]2C(=O)N2CCCCC2)CC1,14.0,-1.146128035678238,0,train,7.853871964321762,-1.2015681108585137,0.055440075180275716,0.055440075180275716
C1=C(c2ccc3ccccc3c2)CC2CCC1N2CCCOc1cccc2[nH]ccc12,46.0,-1.662757831681574,0,train,7.337242168318426,-1.7181521390004415,0.05539430731886741,0.05539430731886741
CC(=O)c1c(OCCCN2CCN(c3ccccc3Cl)CC2)ccc2c(C)cc(=O)oc12,2.0,-0.3010299956639812,1,train,8.698970004336019,-0.24565420130386018,-0.05537579436012102,0.05537579436012102
NC(=O)c1cccc(OCCNCC2(F)CCN(C(=O)c3ccc(F)c(Cl)c3)CC2)c1,0.064755,1.1887266922880513,1,train,10.188726692288052,1.1333609301507444,0.05536576213730693,0.05536576213730693
C[C@H]1Oc2c(cccc2N2CCN(CCCc3c[nH]c4ccc(F)cc34)CC2)NC1=O,5.012,-0.7000110623221123,0,train,8.299988937677888,-0.6447787441161,-0.055232318206012265,0.055232318206012265
O=C(c1ccc2ccccc2c1)N(CCN1CCN(c2ccccc2)CC1)c1ccccn1,16.29,-1.2119210843085093,0,train,7.788078915691491,-1.2670561491224397,0.05513506481393038,0.05513506481393038
O=c1[nH]c(CCCCCN2CCN(Cc3ccccc3)CC2)nc2c1sc1ccccc12,808.0,-2.907411360774586,1,train,6.092588639225414,-2.8522797118375025,-0.055131648937083444,0.055131648937083444
Cc1cc(OCCCCN2CCN(c3ccccc3F)CC2)c2c(C)cc(=O)oc2c1,1.7,-0.2304489213782739,1,train,8.769551078621726,-0.28550924960713364,0.05506032822885973,0.05506032822885973
NCCc1c[nH]c2ccc(OCC(=O)N3CCN(C(=O)COc4ccc5[nH]cc(CCN)c5c4)CC3)cc12,20.0,-1.3010299956639813,0,train,7.698970004336019,-1.245972557571571,-0.05505743809241026,0.05505743809241026
O=C(Cc1cccnc1)Nc1ccc(CCN2CCN(c3ccccc3)CC2)cc1,159.8,-2.2035767749779724,1,train,6.796423225022028,-2.148710390984167,-0.05486638399380528,0.05486638399380528
Cc1cccc(N2CCN(CCc3ccc4[nH]nnc4c3)CC2)c1C,83.18,-1.920018916028915,0,train,7.079981083971085,-1.8652065673164326,-0.054812348712482306,0.054812348712482306
COc1cc2c3c(c1OC)-c1cc([N+](=O)[O-])ccc1CC3N(C)CC2,458.0,-2.660865478003869,0,train,6.339134521996131,-2.6061777199527008,-0.054687758051168434,0.054687758051168434
COc1ccccc1N1CCN(CC2COC3(CCN(C(=O)Nc4ccccc4)CC3)O2)CC1,33.11,-1.5199591807520685,0,train,7.4800408192479315,-1.574485910053,0.0545267293009315,0.0545267293009315
COc1ccccc1N1CCN(CCC(=O)c2ccc3ccccc3c2)CC1,251.19,-2.400002345927956,1,train,6.599997654072045,-2.345521234404295,-0.054481111523660974,0.054481111523660974
CCOC(=O)c1sc(N2CCN(CCCCc3c[nH]c4ccc(C#N)cc34)CC2)nc1C,0.79,0.10237290870955855,0,train,9.102372908709558,0.048135632886472844,0.05423727582308565,0.05423727582308565
O=S(=O)(c1cccc2ncccc12)N1CCCC[C@@H]1CCN1CCN(c2nsc3ccccc23)CC1,28.0,-1.4471580313422192,0,train,7.552841968657781,-1.5013713789847325,0.05421334764251329,0.05421334764251329
O=S1(=O)N(CCCCCCN2CCN(c3cccc(Cl)c3)CC2)c2cccc3c2N1CCC3,70.0,-1.845098040014257,0,train,7.154901959985743,-1.7909131836562244,-0.054184856358032496,0.054184856358032496
COc1ccccc1N1CCN(CCCN2CCCCn3c2nc2c3c(=O)n(C)c(=O)n2C)CC1,17.22,-1.236033147117636,0,train,7.763966852882364,-1.181850299680199,-0.054182847437437065,0.054182847437437065
O=S(=O)(c1cccc2ncccc12)N1CCCCC[C@H]1CCN1CCN(c2nsc3ccccc23)CC1,48.0,-1.6812412373755872,0,train,7.318758762624412,-1.6273299547037439,-0.05391128267184331,0.05391128267184331
O=S(=O)(c1ccc2ncccc2c1)n1cc(C2=CCNCC2)c2ccccc21,1872.0,-3.2723058444020863,0,train,5.727694155597914,-3.3261540906426585,0.05384824624057227,0.05384824624057227
O=S1(=O)c2ccccc2N(Cc2ccc(Cl)cc2F)c2ccccc21,2745.0,-3.4385423487861106,0,train,5.561457651213889,-3.384779044532946,-0.053763304253164,0.053763304253164
COc1cccc2c3c(oc12)CN(CCCCOc1ccc2ccc(=O)[nH]c2c1)CC3,11.44,-1.0584260244570054,0,train,7.941573975542995,-1.1121638310433577,0.0537378065863523,0.0537378065863523
CSc1ccccc1N1CCN(CCCCCC(=O)N2CCC[C@H]2C(N)=O)CC1,14.0,-1.146128035678238,1,train,7.853871964321762,-1.0924205208040763,-0.0537075148741617,0.0537075148741617
O=C(CCN1CCN(c2ncccn2)CC1)c1ccccc1,120.23,-2.0800128471079278,0,train,6.919987152892072,-2.0263334431960844,-0.05367940391184378,0.05367940391184378
Cc1ccc(-c2c(=O)n(CCCCN3CCCC(c4c[nH]c5ccccc45)C3)c(=O)n3ccccc23)cc1,63.0,-1.7993405494535817,0,train,7.200659450546418,-1.8529101602393678,0.05356961078578615,0.05356961078578615
C=CC[C@H]1c2c(cccc2OC)CC[C@H]1N(CCC)CCC,6.3,-0.7993405494535817,0,train,8.200659450546418,-0.8528449656613097,0.053504416207728056,0.053504416207728056
N#Cc1ccc2c(N3CCN(CC[C@@H]4OCCc5cc(C(N)=O)ccc54)CC3)cccc2c1,16.0,-1.2041199826559248,0,train,7.795880017344075,-1.2575950331725925,0.05347505051666768,0.05347505051666768
COc1cccc2c1OC(CN1CC=C(c3c[nH]c4ccc(F)cc34)CC1)CN2C,139.9,-2.1458177144918276,0,train,6.854182285508172,-2.199256450673804,0.05343873618197614,0.05343873618197614
Cc1ccc2c(N3CCN(CCc4cccc5c4OCc4c(C(N)=O)ncn4-5)CC3)cccc2n1,0.2155,0.6665527255032496,0,train,9.66655272550325,0.7199253445670917,-0.05337261906384205,0.05337261906384205
O=S(=O)(NCCCCN1CC=C(c2c[nH]c3ccc(Cl)cc23)CC1)c1cccc2ccccc12,4.0,-0.6020599913279624,1,train,8.397940008672037,-0.6554244677479649,0.05336447642000253,0.05336447642000253
CC(=O)Nc1ccc2c(c1)-c1cccc3c1C(C2)N(C)CC3,93.0,-1.968482948553935,0,train,7.031517051446065,-1.9151811689230198,-0.0533017796309152,0.0533017796309152
CN(C1CCN(CCOc2ccccc2-c2ccccc2)CC1)S(=O)(=O)c1cnn(C)c1,80.0,-1.9030899869919435,0,train,7.096910013008056,-1.9561887776558107,0.053098790663867135,0.053098790663867135
O=C(N[C@H]1CC[C@H](CCN2CCN(c3nsc4ccccc34)CC2)CC1)OC1CC1,3.295,-0.5178554189300286,0,train,8.48214458106997,-0.5708886543144304,0.053033235384401745,0.053033235384401745
CCOC(=O)c1[nH]c2ccccc2c1CCN(C)C,1800.0,-3.255272505103306,0,train,5.7447274948966935,-3.2022636747269515,-0.05300883037635451,0.05300883037635451
O=S(=O)(NCCCCCCN1CCN(c2nsc3ccccc23)CC1)c1cccc2ccccc12,39.0,-1.591064607026499,0,train,7.4089353929735005,-1.5381354323820222,-0.052929174644476884,0.052929174644476884
Cc1cc(C)nc(N2CCN(CCCc3c[nH]c4ccc(C#N)cc34)CC2)n1,1.1,-0.04139268515822508,0,train,8.958607314841775,-0.09404881535895121,0.05265613020072621,0.05265613020072621
O=C1c2ncccc2CCN1CCN1CCN(c2noc3cc(F)ccc23)CC1,162.0,-2.2095150145426308,1,train,6.790484985457369,-2.156977952197232,-0.05253706234539868,0.05253706234539868
CCCCC([Se]c1ccccc1)c1nc(N)nc(N2CCN(C)CC2)n1,3812.0,-3.5811528919662887,0,train,5.418847108033711,-3.5286254096620415,-0.0525274823042472,0.0525274823042472
O=C(Cc1ccccn1)Nc1ccc(CCN2CCN(c3ccccc3)CC2)cc1,95.3,-1.9790929006383264,1,train,7.020907099361674,-2.031552397360388,0.05245949672206174,0.05245949672206174
Cc1ccc2c(N3CCN(CCc4cccc5c4OCc4nc(C(F)(F)F)cn4-5)CC3)cccc2n1,0.1585,0.7999707334462297,0,train,9.79997073344623,0.7476678003859405,0.052302933060289214,0.052302933060289214
O=C(CCN1CCN(c2ccccc2O)CC1)c1csc2ccccc12,109.65,-2.0400086360135417,0,train,6.959991363986458,-2.092256669504358,0.052248033490816415,0.052248033490816415
COc1cccc2c1CCCC2CN(C)CCc1ccc2c(c1)OCO2,6.7,-0.8260748027008264,0,train,8.173925197299173,-0.7738548517318091,-0.052219950969017326,0.052219950969017326
O=c1c2cnccc2ccn1CCN1CCC(c2noc3ccccc23)CC1,13.1,-1.1172712956557642,1,train,7.882728704344236,-1.169265131772371,0.051993836116606795,0.051993836116606795
CN(C)CCN1C(=O)c2ccccc2N(C)c2ccccc21,2500.0,-3.3979400086720375,0,train,5.6020599913279625,-3.44986467554424,0.051924666872202874,0.051924666872202874
COc1ccc2[nH]cc(CCCCN3CCN(c4nc(OC)cc(OC)n4)CC3)c2c1,1.4,-0.146128035678238,0,train,8.853871964321762,-0.09427847146075387,-0.05184956421748414,0.05184956421748414
c1ccc(CCc2ccccc2OCc2ccccn2)cc1,5000.0,-3.6989700043360187,0,train,5.301029995663981,-3.647142445951522,-0.051827558384496264,0.051827558384496264
CCOc1cccc2c1O[C@@H](CN1[C@@H]3CC[C@H]1C[C@](O)(c1cccc(C(F)(F)F)c1)C3)CO2,2.92,-0.4653828514484183,0,train,8.534617148551582,-0.4136478225978856,-0.051735028850532716,0.051735028850532716
COc1ccc(-c2cc3c(=O)n(CCN4CCN(c5ccccc5Cl)CC4)c(=O)[nH]c3[nH]2)cc1,1070.0,-3.0293837776852097,0,train,5.97061622231479,-2.977728926641898,-0.05165485104331191,0.05165485104331191
COc1ccc(NS(=O)(=O)c2sc3ccc(Cl)cc3c2C)cc1N1CCN(C)CC1,501.19,-2.7000023971422538,0,train,6.299997602857746,-2.6483923337459383,-0.051610063396315464,0.051610063396315464
COc1ccccc1N1CCN(CCCc2cn(CCCN3CCc4cc(O)c(O)cc4C(c4ccccc4C)C3)nn2)CC1,105.0,-2.0211892990699383,0,train,6.978810700930062,-1.9697811787430004,-0.05140812032693787,0.05140812032693787
COc1ccc(/C=C2\NC(=O)N(CCCN3CCN(c4ccccc4OC)CC3)C2=O)cc1OC,13.0,-1.1139433523068367,0,train,7.886056647693163,-1.1653070429498917,0.051363690643055016,0.051363690643055016
Cn1cc2c(n1)C(=O)N(CCN1CCC(c3noc4ccccc34)CC1)CCC2,4.76,-0.6776069527204931,1,train,8.322393047279506,-0.7289481079056653,0.05134115518517224,0.05134115518517224
Cc1ccc2c3c(ccc2n1)OC[C@H](CN1CCCN(c2ccc4ccccc4n2)CC1)O3,6.8,-0.8325089127062363,1,train,8.167491087293763,-0.8838293454067379,0.05132043270050157,0.05132043270050157
N#Cc1ccc2[nH]cc(CCCN3CCN(c4ccc(N5CCOCC5=O)cc4)CC3)c2c1,3.2,-0.505149978319906,1,train,8.494850021680094,-0.45392770662956394,-0.0512222716903421,0.0512222716903421
CN1CCN(c2cccc3ccc(OCC(=O)Nc4ccc(NC(=O)COc5ccc6[nH]cc(CCN)c6c5)cc4)cc23)CC1,5.8,-0.7634279935629372,0,train,8.236572006437063,-0.7123733102031076,-0.051054683359829656,0.051054683359829656
Cc1cc2c(OC[C@@H](O)CN3CC[C@@H](c4cc5c(C)cccc5s4)C[C@@H]3C)cccc2[nH]1,10.52,-1.0220157398177203,1,train,7.9779842601822795,-0.9709801211399555,-0.05103561867776485,0.05103561867776485
NC(=O)c1ccc(F)c2c1CC(N(CCCCn1ccc3cccc(F)c31)CC1CC1)CO2,19.25,-1.2844307338445196,0,train,7.71556926615548,-1.2334258148722985,-0.051004918972221036,0.051004918972221036
Cn1cnc2c1CCN(CCN1CCN(c3nsc4ccccc34)CC1)C2=O,2.75,-0.43933269383026263,1,train,8.560667306169737,-0.4902268987003161,0.05089420487005353,0.05089420487005353
O=C(CCOCCN1CCN(c2ccccc2-c2ccc(F)cc2)CC1)NCc1ccc(F)nc1,433.0,-2.6364878963533656,0,train,6.363512103646634,-2.687357578161877,0.05086968180851148,0.05086968180851148
OC1(c2ccc(Cl)c(C(F)(F)F)c2)CCN(CCCCN(c2ccc(F)cc2)c2ccc(F)cc2)CC1,1094.0,-3.039017321997412,0,train,5.960982678002588,-3.089841645677229,0.05082432367981671,0.05082432367981671
O=C(Nc1ccc(CCN2CCN(c3ccccc3)CC2)cc1)Nc1ccccn1,125.8,-2.09968064110925,1,train,6.90031935889075,-2.1504350003791988,0.05075435926994887,0.05075435926994887
O=S(=O)(NC1CCN(CCOc2cccc(Cl)c2Cl)C1)c1ccc(Cl)s1,28.0,-1.4471580313422192,1,train,7.552841968657781,-1.49789964204667,0.05074161070445071,0.05074161070445071
Cc1cccc(OCCN2CCC(NS(=O)(=O)c3ccccc3)CC2)c1,2108.0,-3.323870606540509,0,train,5.676129393459491,-3.2732019286766767,-0.05066867786383211,0.05066867786383211
COc1cccc(CCc2ccccc2OCc2cccc(OC)c2)c1,5000.0,-3.6989700043360187,0,train,5.301029995663981,-3.6483426248633277,-0.05062737947269058,0.05062737947269058
COc1cccc(OC)c1OCCNCCOc1ccccc1OCc1ccc(Cl)cc1,15.49,-1.190051417759206,0,train,7.809948582240794,-1.240494871016077,0.05044345325687094,0.05044345325687094
Cc1nc(N2CCN(CCCc3c[nH]c4ccc(F)cc34)CC2)sc1C(N)=O,4.5,-0.6532125137753437,0,train,8.346787486224656,-0.6028185308430427,-0.05039398293230102,0.05039398293230102
FC(F)CCOc1ccc(CN2CCN(Cc3cc4ccccc4o3)CC2)cc1,2439.0,-3.3872118003137306,0,train,5.612788199686269,-3.4375326329290066,0.05032083261527598,0.05032083261527598
O=c1[nH]c(CCCCCN2CCN(c3cccc(Cl)c3)CC2)nc2ccccc12,7.33,-0.865103974641128,1,train,8.134896025358872,-0.9152607503339795,0.050156775692851485,0.050156775692851485
COc1ccccc1N1CCN(CCCCCC(=O)NCc2ccc(C#N)cc2)CC1,43.0,-1.6334684555795864,0,train,7.366531544420414,-1.5833397746052142,-0.050128680974372175,0.050128680974372175
COc1ccccc1N1CCN(CCn2c(=O)[nH]c3[nH]c(-c4ccc(Cl)cc4)cc3c2=O)CC1,401.3,-2.6034691597338386,1,train,6.396530840266161,-2.5534172038722063,-0.050051955861631914,0.050051955861631914
O=c1n(Cc2ccc(CN3CCN(c4ccc(Cl)cc4)CC3)cc2)nc2ccccn12,467.0,-2.6693168805661123,0,train,6.330683119433887,-2.619278573904734,-0.05003830666137832,0.05003830666137832
Fc1cc2c(c(OCCNCCCc3c[nH]c4ccc(F)cc34)c1)OCC2,17.1,-1.2329961103921538,0,train,7.767003889607846,-1.1830252858845327,-0.04997082450762114,0.04997082450762114
COc1ccccc1N1CCN(CC2COC3(CCN(C(=O)c4ccccc4)CC3)O2)CC1,58.88,-1.7699678013294424,0,train,7.230032198670558,-1.720129948647,-0.04983785268244234,0.04983785268244234
CCC(Oc1cc(Cl)ccc1F)c1nc(N)nc(N2CCN(C)CC2)n1,4400.0,-3.6434526764861874,0,train,5.356547323513812,-3.5936225641423687,-0.04983011234381829,0.04983011234381829
O=C(c1ccc(F)c(Cl)c1)N1CCC(F)(CNCCOc2ccc(F)cc2)CC1,0.439715,0.35682871903775537,1,train,9.356828719037756,0.3073333020971537,0.04949541694060161,0.04949541694060161
O=C1CCc2ccc(OCCCCN3CCN(c4cccc(F)c4Cl)CC3)nc2N1,1.7,-0.2304489213782739,1,train,8.769551078621726,-0.27993501068178867,0.04948608930351475,0.04948608930351475
CC(=O)Nc1ccc(CN2CCN(CCOc3cccc4nc(C)ccc34)CC2)cc1,158.49,-2.200001865406602,0,train,6.799998134593398,-2.1505754512717403,-0.049426414134861485,0.049426414134861485
CC(C)c1cccc(OCCN2C3CCC2CC(NS(=O)(=O)c2ccc(F)cc2)C3)c1,98.0,-1.9912260756924949,0,train,7.008773924307505,-2.0406128941210553,0.04938681842856041,0.04938681842856041
N#Cc1cc(CN2CCN(c3ccccc3)CC2)c[nH]1,510.0,-2.7075701760979363,0,train,6.292429823902063,-2.658301705525672,-0.049268470572264356,0.049268470572264356
O=C(NCCCCN1CCN(c2cccc(Cl)c2Cl)CC1)c1cc2ccccc2[te]1,125.0,-2.0969100130080562,1,train,6.903089986991944,-2.047698619339038,-0.049211393669017944,0.049211393669017944
COc1cc2c(cc1N1CCN(C)CC1)N(C(=O)Cc1cccc([N+](=O)[O-])c1)CC2,158.49,-2.200001865406602,0,train,6.799998134593398,-2.1508276207995927,-0.04917424460700914,0.04917424460700914
O=C(NC1CCc2ccc(CCN3CCN(c4nsc5ccccc45)CC3)cc21)C1CC1,12.0,-1.0791812460476249,0,train,7.920818753952375,-1.0300222092656994,-0.04915903678192546,0.04915903678192546
C[C@H]1CN(CC[C@H]2CC[C@H](NC(=O)c3ccco3)CC2)CCc2ccc(Cl)cc21,96.9,-1.9863237770507653,1,train,7.013676222949234,-2.03543616876015,0.04911239170938497,0.04911239170938497
CC(=O)Nc1cccc(N2CCN(CCCCNS(=O)(=O)c3ccc(F)cc3)CC2)c1,18.0,-1.255272505103306,1,train,7.7447274948966935,-1.2061614048667422,-0.04911110023656384,0.04911110023656384
Cn1cnc2c1C(=O)N(CCN1CCN(c3nsc4ccccc34)CC1)CCC2,13.6,-1.1335389083702174,1,train,7.866461091629782,-1.0844826884273235,-0.049056219942893886,0.049056219942893886
O=S(=O)(NCCCN1CCN(c2cccc(Cl)c2Cl)CC1)c1ccc2ncccc2c1,25.0,-1.3979400086720377,0,train,7.6020599913279625,-1.4469720036906493,0.049031995018611774,0.049031995018611774
O=S(=O)(NC1CCN(CCOc2cccc(Br)c2)CC1)c1ccccc1,2211.0,-3.344588742578714,1,train,5.655411257421286,-3.295585439018168,-0.04900330356054594,0.04900330356054594
Cc1cccc(N2CCN(CCCCNC(=O)c3cc4ccccc4cn3)CC2)c1,8.0,-0.9030899869919435,0,train,8.096910013008056,-0.9520116391211085,0.04892165212916488,0.04892165212916488
NCCc1c[nH]c2ccc(OCC(=O)N3CCN(c4ccc([N+](=O)[O-])cc4)CC3)cc12,24.0,-1.380211241711606,0,train,7.619788758288394,-1.3313114647473157,-0.048899776964290265,0.048899776964290265
NC(=O)[C@@H]1CCCN1C(=O)CCCCCN1CCN(c2noc3ccccc23)CC1,214.0,-2.330413773349191,1,train,6.669586226650809,-2.2815742955360876,-0.04883947781310338,0.04883947781310338
Clc1cccc(-c2n[nH]cc2N2CCCNCC2)c1,411.0,-2.6138418218760693,0,train,6.386158178123931,-2.66267660262862,0.04883478075255088,0.04883478075255088
O=C1CCc2ccc(OCCCCN3CCN(c4ccc(F)c5ccccc45)CC3)nc2N1,2.0,-0.3010299956639812,0,train,8.698970004336019,-0.34967894848089054,0.04864895281690934,0.04864895281690934
O[C@H](COc1cccc2[nH]ccc12)CN1CCC(c2cc3cc(Cl)ccc3s2)CC1,7.21,-0.857935264719429,0,train,8.14206473528057,-0.906566627073587,0.04863136235415799,0.04863136235415799
NC(=O)c1ccccc1OCCNCC1(F)CCN(C(=O)c2ccc(F)c(Cl)c2)CC1,0.13013,0.8856225702138446,0,train,9.885622570213844,0.9342330112867232,-0.048610441072878596,0.048610441072878596
Cc1ccc2c(OCCN3CCC(Cc4cc(F)c5c(c4)NC(=O)CO5)CC3)cc(F)cc2n1,3.981,-0.599992177584098,1,train,8.400007822415901,-0.5513934541000296,-0.04859872348406835,0.04859872348406835
O=C1NCc2ccc(OCCCCN3CCN(c4cccc5cccc(F)c45)CC3)c(F)c21,2.09,-0.32014628611105395,1,train,8.679853713888946,-0.27185583107403155,-0.04829045503702234,0.04829045503702234
CCC(Oc1cc(C(F)(F)F)ccc1F)c1nc(N)nc(N2CCN(C)CC2)n1,8273.0,-3.917663024327375,0,train,5.082336975672625,-3.869511015279672,-0.048152009047703004,0.048152009047703004
NC(=O)c1ccc(F)c2c1CC(N(CCCCn1ccc3c(F)cccc31)CC1CC1)CO2,9.64,-0.9840770339028309,0,train,8.015922966097168,-1.0322221197077683,0.04814508580493759,0.04814508580493759
O=S(=O)(NC1CCN(CCOc2cccc3c2CCCC3)C1)c1cccs1,13.0,-1.1139433523068367,0,train,7.886056647693163,-1.1619814836302496,0.048038131323412836,0.048038131323412836
Fc1cccc(Oc2cccc(Cl)c2Cl)c1OC1CNC1,16.0,-1.2041199826559248,0,train,7.795880017344075,-1.156217738035452,-0.04790224462047288,0.04790224462047288
CCOc1ccc(CN2CCN(Cc3cc4ccccc4o3)CC2)cc1,3339.0,-3.523616419054371,0,train,5.47638358094563,-3.4757632271837866,-0.04785319187058423,0.04785319187058423
COc1cc(OC)c2c(c1CO)C[C@H]1c3cc4c(cc3CCN1C2)OCO4,599.89,-2.778071622429176,0,train,6.2219283775708245,-2.7304141113731784,-0.04765751105599758,0.04765751105599758
NCCc1c[nH]c2ccc(OCC(=O)N3CCN(c4cccc5ccccc45)CC3)cc12,8.9,-0.9493900066449128,0,train,8.050609993355087,-0.9969831064353646,0.04759309979045179,0.04759309979045179
CC(=O)c1c(OCCCCN2CCN(c3cccc(Br)c3)CC2)ccc2c(C)cc(=O)oc12,2.5,-0.3979400086720376,1,train,8.602059991327963,-0.44527613506923364,0.04733612639719603,0.04733612639719603
C=CCOc1c(OC)cc2c3c1-c1cc(NC(=O)CCC)ccc1CC3N(C)CC2,463.0,-2.6655809910179533,0,train,6.334419008982047,-2.712874121914415,0.04729313089646148,0.04729313089646148
COc1ccc2[nH]cc(C3CC(=O)N(CCCCN4CCC(c5c[nH]c6ccc(F)cc56)CC4)C3=O)c2c1,4.9,-0.6901960800285137,1,train,8.309803919971486,-0.6429667774003722,-0.04722930262814151,0.04722930262814151
O=C1c2cccnc2CCN1CCN1CCC(c2noc3cc(F)ccc23)CC1,60.9,-1.7846172926328754,1,train,7.215382707367125,-1.7374247508115608,-0.047192541821314604,0.047192541821314604
C[C@H]1CN(CC[C@H]2CC[C@H](N3C(=O)[C@@H]4[C@@H]5CC[C@@H](C5)[C@@H]4C3=O)CC2)CCc2ccc(Cl)cc21,24.9,-1.3961993470957363,0,train,7.603800652904264,-1.4431288172228542,0.0469294701271179,0.0469294701271179
CCCCn1c(NCCCN2CCN(c3ccccc3)CC2)nc2c1c(=O)n(C)c(=O)n2C,100.0,-2.0,0,train,7.0,-2.0467968223841964,0.04679682238419636,0.04679682238419636
O=C([C@@H]1Cc2ccccc2CN1C(=O)CCCCN1CCN(c2ccccc2-c2ccccc2)CC1)N1CCCCC1,47.0,-1.6720978579357175,0,train,7.327902142064282,-1.6253027633522334,-0.046795094583484076,0.046795094583484076
Clc1ccc(-c2n[nH]cc2N2CCNCC2)cc1,121.0,-2.0827853703164503,1,train,6.917214629683549,-2.1295571487205134,0.0467717784040631,0.0467717784040631
O[C@H](COc1cccc2[nH]ccc12)CN1CCC(c2cc3ccc(F)cc3s2)CC1,9.31,-0.9689496809813426,0,train,8.031050319018657,-1.0156010908703414,0.04665140988899885,0.04665140988899885
COc1ccccc1N1CCN(CCNC(=O)c2ccccn2)CC1,7.7,-0.8864907251724818,0,train,8.113509274827518,-0.9331340216927217,0.04664329652023991,0.04664329652023991
N#Cc1ccc(N2CCC(NCCC(O)c3csc4ccccc34)CC2)cc1,158.49,-2.200001865406602,1,train,6.799998134593398,-2.2466229342832182,0.046621068876616434,0.046621068876616434
Clc1ccccc1OCCNCC1COCC(c2ccccc2)(c2ccccc2)O1,0.7943,0.100015437450609,1,train,9.100015437450608,0.05346927116760407,0.046546166283004925,0.046546166283004925
CCCCN(CCCC)C(=O)CN1C[C@@H](c2cc(OC)c3c(c2)OCO3)[C@H](C(=O)O)[C@H]1CC(C)(C)CCC,189.775,-2.2782390000977903,0,train,6.72176099990221,-2.23173968994843,-0.04649931014936026,0.04649931014936026
Fc1ccc2c(C3CCN(CCCOc4ccc(CN5CCOCC5)c(Cl)c4)CC3)noc2c1,152.2,-2.182414652434554,1,train,6.817585347565446,-2.1360947906068315,-0.04631986182772252,0.04631986182772252
O=S(=O)(NC1CCN(CCOc2ccccc2)CC1)c1cccc(Cl)c1,1428.0,-3.1547282074401557,1,train,5.845271792559844,-3.201007846741528,0.04627963930137202,0.04627963930137202
COc1ccccc1N1CCN(CCCNC(=O)Nc2ccccc2-c2ccccc2)CC1,25.0,-1.3979400086720377,0,train,7.6020599913279625,-1.4440720817245727,0.046132073052535194,0.046132073052535194
O=C(CCCCCN1CCN(c2ccccc2-c2ccccc2)CC1)NCc1ccc(OCCCN2CCOCC2)cc1,149.0,-2.173186268412274,0,train,6.826813731587726,-2.1271279285417024,-0.04605833987057162,0.04605833987057162
O=C1c2ccccc2S(=O)(=O)N1CCCCCCN1CCN(c2cccc(C(F)(F)F)c2)CC1,25.0,-1.3979400086720377,1,train,7.6020599913279625,-1.351918927761065,-0.046021080910972456,0.046021080910972456
OC(CCN1CCN(c2cccc3c2OCCCO3)CC1)c1csc2ccc(F)cc12,3.02,-0.48000694295715063,0,train,8.51999305704285,-0.4340277050028758,-0.045979237954274776,0.045979237954274776
O=C1c2ncccc2CCC1CCN1CCC(c2noc3ccccc23)CC1,13.2,-1.1205739312058498,1,train,7.87942606879415,-1.1665253872974732,0.04595145609162343,0.04595145609162343
Cc1c(S(=O)(=O)Nc2ccc3nccc(N4CCN(C)CC4)c3c2)sc2ccc(Cl)cc12,794.33,-2.9000009651534695,0,train,6.0999990348465305,-2.8540530074109314,-0.04594795774253768,0.04594795774253768
COc1cccc2sc([C@@H]3C[C@H]4CC[C@@H](C3)N4C[C@H](O)COc3cccc4[nH]ccc34)cc12,15.7,-1.1958996524092338,0,train,7.804100347590766,-1.1500397151003219,-0.04585993730891191,0.04585993730891191
O=S(=O)(c1cccc(Cl)c1)n1ccc2c(N3CCNCC3)nc3ccccc3c21,773.0,-2.888179493918325,0,train,6.111820506081675,-2.8424637917722553,-0.04571570214606968,0.04571570214606968
COc1ccccc1N1CCN(CCCCc2cn(-c3ccc(SC)cc3)nn2)CC1,5.3,-0.724275869600789,0,train,8.275724130399212,-0.7699784394759022,0.04570256987511312,0.04570256987511312
COCC(=O)N[C@H]1CC[C@H](CCN2CCN(c3nsc4ccccc34)CC2)CC1,3.0,-0.47712125471966244,0,train,8.522878745280337,-0.4314582596439628,-0.0456629950756996,0.0456629950756996
O=C(NCCCN1CCN(c2cccc(C(F)(F)F)c2)CC1)c1n[nH]c2ccccc12,51.4,-1.7109631189952756,0,train,7.289036881004725,-1.6653490353648714,-0.0456140836304042,0.0456140836304042
O=C(NCCN1CC=C(c2ccccc2)CC1)c1cnc2ccccc2n1,3.76,-0.5751878449276611,1,train,8.424812155072338,-0.6206737544911847,0.04548590956352361,0.04548590956352361
COc1ccc(NS(=O)(=O)c2sc3ccc(Cl)cc3c2C)cc1N1CCN2CCCCC2C1,630.96,-2.800001827817969,0,train,6.199998172182031,-2.754642072517228,-0.04535975530074099,0.04535975530074099
COc1cc(OC)nc(N2CCN(CCCc3c[nH]c4ccc(C#N)cc34)CC2)n1,1.3,-0.11394335230683679,0,train,8.886056647693163,-0.159232638572937,0.045289286266100306,0.045289286266100306
NCCc1c[nH]c2ccc(OS(=O)(=O)C(F)(F)F)cc12,18.0,-1.255272505103306,0,train,7.7447274948966935,-1.2101361589084418,-0.045136346194864174,0.045136346194864174
O=S(=O)(Nc1ccc2nccc(N3CCNCC3)c2c1)c1ccc(-c2ccccc2)cc1,630.96,-2.800001827817969,0,train,6.199998172182031,-2.7548662867856524,-0.04513554103231643,0.04513554103231643
Cc1ccc(C2=CCN(CCNC(=O)c3cnc4ccccc4n3)CC2)cc1,7.55,-0.8779469516291882,1,train,8.122053048370812,-0.8328645364916639,-0.04508241513752431,0.04508241513752431
CC(=O)c1c(OCCCCN2CCN(c3ccncc3)CC2)ccc2c(C)cc(=O)oc12,190.0,-2.278753600952829,1,train,6.721246399047171,-2.323721808742015,0.0449682077891862,0.0449682077891862
COc1cccc(C(=O)Nc2ccc3[nH]cc(C4CCN(C)CC4)c3n2)c1,98.0,-1.9912260756924949,0,train,7.008773924307505,-2.036048217201483,0.04482214150898822,0.04482214150898822
Cc1ccc2c(OCCN3CCC(Cc4ccc5c(c4)N(C)C(=O)CO5)CC3)cccc2n1,3.35405,-0.5255695324985225,1,train,8.474430467501477,-0.5702918401342265,0.04472230763570406,0.04472230763570406
O=S(=O)(NC1CCN(CCOc2cccc(Br)c2)CC1)c1ccccc1Br,462.0,-2.6646419755561257,1,train,6.335358024443874,-2.7092854312657995,0.04464345570967376,0.04464345570967376
Cn1nc2c(c1Br)C(=O)N(CCN1CCC(c3noc4ccccc34)CC1)CC2,3.48,-0.541579243946581,0,train,8.45842075605342,-0.5862195784257594,0.04464033447917848,0.04464033447917848
CC(C)CN1CC(CNCCc2c[nH]c3ccc(F)cc23)Oc2ccccc21,8.15,-0.9111576087399766,0,train,8.088842391260023,-0.9557896784093002,0.04463206966932354,0.04463206966932354
COc1ccccc1N1CCN(CCCCCC(=O)NCc2ccc(OS(C)(=O)=O)cc2)CC1,29.0,-1.462397997898956,0,train,7.537602002101044,-1.50666293157101,0.044264933672053974,0.044264933672053974
Oc1ccccc1OCCNCC1COCC(c2ccccc2)(c2ccccc2)O1,0.6918,0.16001944232165735,1,train,9.160019442321657,0.11588673857697218,0.044132703744685114,0.044132703744685114
CCOC(=O)c1cccc(NC2=NC(N)=NC3(CCCCC3)N2)c1,714.0,-2.8536982117761744,0,train,6.146301788223825,-2.8095684105303977,-0.0441298012457767,0.0441298012457767
COc1cccc(-c2cccn2S(=O)(=O)c2cccc(N3CCNCC3)c2)c1,916.0,-2.9618954736678504,0,train,6.03810452633215,-3.005987897668577,0.04409242400072655,0.04409242400072655
Cn1c(=O)cnn(CCCCN2CCN(c3cccc(I)n3)CC2)c1=O,5.5,-0.7403626894942439,1,train,8.259637310505756,-0.696300367290128,-0.04406232220411588,0.04406232220411588
COc1ccc(-c2ccccc2N2CCN(CC(C)(C)CCCOc3cnccn3)CC2)cc1,105.0,-2.0211892990699383,0,train,6.978810700930062,-2.065221647811917,0.04403234874197892,0.04403234874197892
CN1CC[C@H]2c3cccc(-c4ccccc4)c3OC[C@]21C,199.53,-2.300008202553813,0,train,6.699991797446187,-2.256007560068201,-0.04400064248561186,0.04400064248561186
Cc1cccnc1-c1ccc(C(=O)NC/C=C/CN2CCN(c3cccc(Cl)c3Cl)CC2)cc1,92.0,-1.9637878273455553,0,train,7.036212172654444,-1.9198117273111053,-0.043976100034450294,0.043976100034450294
CC(C)c1cccc(OCCN2C3CCC2CC(NS(=O)(=O)c2cccc(F)c2)C3)c1,142.0,-2.1522883443830563,0,train,6.847711655616944,-2.1962302553495827,0.04394191096652644,0.04394191096652644
O=C(NCCC(F)CN1CCN(c2cccc(Cl)c2Cl)CC1)c1ccc(-c2ccccn2)cc1,159.0,-2.2013971243204513,1,train,6.798602875679549,-2.245206659032385,0.043809534711933384,0.043809534711933384
CN1CCc2c(sc3ncn(CCN4CCN(c5ccnc6ccccc56)CC4)c(=O)c23)C1,6.5,-0.8129133566428556,1,train,8.187086643357144,-0.856714792780543,0.04380143613768739,0.04380143613768739
O=C(CCN1CCN(c2ccccc2Cl)CC1)c1ccccc1,181.97,-2.259999795081887,0,train,6.740000204918113,-2.2164915381596573,-0.043508256922229815,0.043508256922229815
O=C(N[C@H]1CC[C@H](CCN2CCN(c3nsc4ccccc34)CC2)CC1)c1sccc1Br,3.62,-0.5587085705331657,0,train,8.441291429466835,-0.6021457578134204,0.0434371872802547,0.0434371872802547
COc1ccc(-c2ccccc2N2CCN(CCCCCC(=O)NCc3ccc(OCCO)cc3)CC2)cc1,152.0,-2.1818435879447726,0,train,6.818156412055227,-2.1384383621575425,-0.04340522578723016,0.04340522578723016
Fc1ccc2c(C3CCN(CCCOc4ccc(CN5CCCCC5)cc4)CC3)noc2c1,89.7,-1.9527924430440922,1,train,7.047207556955907,-1.909535178787129,-0.04325726425696286,0.04325726425696286
CCC([Se]c1ccccc1)c1nc(N)nc(N2CCN(C)CC2)n1,4084.0,-3.6110857334148725,0,train,5.388914266585127,-3.5678429437163346,-0.04324278969853834,0.04324278969853834
Cc1cc2c(OC[C@@H](O)CN3CC[C@@H](c4ccc5ccccc5c4)C[C@@H]3C)cccc2[nH]1,5.11,-0.7084209001347127,0,train,8.291579099865288,-0.6652199458884328,-0.0432009542462799,0.0432009542462799
CC(=O)OC(CCNC(=O)c1ccc(-c2ccccn2)cc1)CN1CCN(c2cccc(Cl)c2Cl)CC1,117.0,-2.0681858617461617,0,train,6.931814138253838,-2.025002835726503,-0.04318302601965884,0.04318302601965884
COc1ccccc1N1CCN(CCCn2c(=O)c3ccccc3c(=O)n2-c2ccccc2)CC1,30.2,-1.4800069429571505,0,train,7.51999305704285,-1.5231379653855401,0.04313102242838984,0.04313102242838984
COc1ccccc1N1CCN(CCCCNC(=O)c2ccc3ccnn3c2)CC1,19.0,-1.2787536009528289,0,train,7.721246399047171,-1.2356382407581803,-0.043115360194648567,0.043115360194648567
COc1ccccc1N1CCN(CC(O)CCNC(=O)c2ccc(-c3ccccn3)cc2)CC1,36.2,-1.5587085705331658,0,train,7.441291429466834,-1.6017747487110778,0.04306617817791203,0.04306617817791203
Cc1ccc2c(NCCCCCCCNc3ccnc4cc(C)ccc34)ccnc2c1,1258.965,-3.1000136566224348,0,train,5.899986343377565,-3.143020362885196,0.04300670626276126,0.04300670626276126
Cc1ccc2c(OCCN3CCC(Cc4ccc5c(c4)N(C(C)C)C(=O)CO5)CC3)cccc2n1,2.8215,-0.4504800546060601,0,train,8.54951994539394,-0.49341645452321486,0.042936399917154755,0.042936399917154755
O=C1NCc2ccc3c(c21)CC(NCCCc1c[nH]c2ccc(F)cc12)CO3,24.0,-1.380211241711606,0,train,7.619788758288394,-1.423092823348198,0.04288158163659217,0.04288158163659217
O=C(CCCCN1Cc2ccccc2C1)c1nc2ccccc2s1,214.0,-2.330413773349191,0,train,6.669586226650809,-2.3732541296234064,0.04284035627421545,0.04284035627421545
O=S(=O)(NC1CCN(CCOc2ccccc2C2CCCC2)CC1)c1cccc(Cl)c1,556.0,-2.7450747915820575,0,train,6.2549252084179425,-2.7024379985995615,-0.042636792982495564,0.042636792982495564
O=C1Cc2ccccc2N1CCCCCN1CCc2ccccc2C1,523.0,-2.718501688867274,0,train,6.281498311132726,-2.675877919068625,-0.042623769798649125,0.042623769798649125
COc1cccc(NC(=O)N[C@H]2CC[C@H](CCN3CCN(c4nsc5ccccc45)CC3)CC2)c1,2.88,-0.45939248775923086,0,train,8.540607512240769,-0.5019821285675483,0.04258964080831751,0.04258964080831751
CN(C)CCSc1nc(-c2ccccc2)cs1,210.0,-2.322219294733919,0,train,6.6777807052660805,-2.2796838916523554,-0.04253540308156367,0.04253540308156367
C1=C(c2ccc3ccccc3c2)CC2CCC1N2CCOc1cccc2cccnc12,44.0,-1.6434526764861874,0,train,7.356547323513812,-1.6009636201127204,-0.042489056373467005,0.042489056373467005
O=c1c(-c2ccc(Cl)cc2)c2n(c(=O)n1CCCCN1CCCC(c3c[nH]c4ccccc34)C1)CCCC2,30.0,-1.4771212547196624,0,train,7.522878745280337,-1.4346751446541963,-0.04244611006546606,0.04244611006546606
FC(F)(F)c1ccccc1Oc1ncccc1C1CCNCC1,71.0,-1.8512583487190752,0,train,7.1487416512809245,-1.8088485315382454,-0.04240981718082981,0.04240981718082981
COc1ccccc1N1CCN(CCNc2cc(C)nn(C)c2=O)CC1,32.1,-1.506505032404872,0,train,7.493494967595128,-1.4641040247870751,-0.04240100761779697,0.04240100761779697
O=c1[nH]c(CCCCCN2CCN(c3ccccc3)CC2)nc2ccccc12,43.5,-1.6384892569546374,1,train,7.361510743045363,-1.5961608242056164,-0.04232843274902098,0.04232843274902098
COc1cccc(CCc2ccccc2OCc2ccccn2)c1,5000.0,-3.6989700043360187,0,train,5.301029995663981,-3.65679360526347,-0.04217639907254833,0.04217639907254833
COc1ccc(-c2ccccc2N2CCN(CCCCOc3cnccn3)CC2)cc1,197.0,-2.294466226161593,0,train,6.7055337738384075,-2.336509938434661,0.042043712273068135,0.042043712273068135
CN(C1CCN(CCOc2ccccc2C(C)(C)C)CC1)S(=O)(=O)c1cccc(F)c1,4511.0,-3.6542728270977105,0,train,5.34572717290229,-3.612251020694501,-0.042021806403210515,0.042021806403210515
CCC(=O)Nc1cccc(CCN2CCN(c3cccc4nc(C)ccc34)CC2)c1,1.995,-0.2999429000227671,1,train,8.700057099977233,-0.257955447969597,-0.04198745205317006,0.04198745205317006
c1ccc(-c2cccc(CN3CCN(c4cccc5c4OCCN5)CC3)c2)cc1,26.0,-1.414973347970818,1,train,7.585026652029182,-1.4567873809125254,0.04181403294170738,0.04181403294170738
CCc1cc2c(cn1)C(=O)N(CCN1CCN(c3nsc4ccccc34)CC1)CC2,0.41,0.38721614328026455,1,train,9.387216143280265,0.42881090524678583,-0.04159476196652134,0.04159476196652134
CC(C)c1nc2c(o1)C(=O)N(CCN1CCC(c3noc4ccccc34)CC1)CC2,11.7,-1.0681858617461617,1,train,7.931814138253838,-1.0266971950698756,-0.041488666676286146,0.041488666676286146
CCc1nc2c(o1)C(=O)N(CCN1CCC(c3noc4ccccc34)CC1)CC2,9.47,-0.9763499790032735,1,train,8.023650020996726,-0.9350035277760415,-0.04134645122723213,0.04134645122723213
O=C(NCCN1CCN(c2cc(F)cc(F)c2)CC1)c1ccc2ccccc2c1,28.95,-1.461648568063455,1,train,7.538351431936545,-1.4203479089966922,-0.041300659066762835,0.041300659066762835
COc1c(Cl)cccc1N1CCN(CCn2cnc3sc4c(c3c2=O)CCN(C)C4)CC1,2.5,-0.3979400086720376,1,train,8.602059991327963,-0.439199719324383,0.041259710652345405,0.041259710652345405
COc1ccccc1N1CCN(CCCCNC(=O)c2ccc3ccccc3c2)CC1,81.0,-1.9084850188786497,1,train,7.0915149811213505,-1.8674032636122857,-0.04108175526636382,0.04108175526636382
CNC(=O)Cn1c2c(c3ccccc31)CN(CCCCC13CCCc4cccc(c41)NC3=O)CC2,128.0,-2.1072099696478683,0,train,6.892790030352131,-2.066466091763677,-0.04074387788419154,0.04074387788419154
COc1ccc(C2NCCc3c2[nH]c2ccc(Cl)cc32)c(O)c1,79.9,-1.9025467793139914,0,train,7.097453220686009,-1.9431931731826506,0.04064639386865898,0.04064639386865898
Cc1ccc(S(=O)(=O)NCCCCN2CCN(c3ccccc3)CC2)cc1,40.0,-1.6020599913279623,0,train,7.3979400086720375,-1.5614202457877755,-0.04063974554018701,0.04063974554018701
Oc1cccc2cc(C3CCN(C[C@H](O)COc4cccc5[nH]ccc45)CC3)sc12,7.12,-0.8524799936368563,0,train,8.147520006363143,-0.8119237509474365,-0.04055624268941982,0.04055624268941982
O=S(=O)(NC1CCN(CCOc2cccc(Br)c2)CC1)c1ccc(Cl)cc1,4067.0,-3.6092741724045876,0,train,5.390725827595412,-3.5687872946329593,-0.04048687777162874,0.04048687777162874
Clc1ccc(Oc2ncccc2C2CCNCC2)c(Cl)c1,37.0,-1.568201724066995,0,train,7.431798275933005,-1.5277881678722247,-0.04041355619477027,0.04041355619477027
COc1ccccc1N1CCN(CCCn2cc(CCCN3CCc4cc(O)c(O)cc4C(c4ccccc4C)C3)nn2)CC1,85.0,-1.9294189257142926,0,train,7.070581074285707,-1.9697811787430004,0.04036225302870755,0.04036225302870755
COCCOc1cc(CC2CCN(CCc3ccc4occ(O)c(=O)c4c3)CC2)ccc1Br,2.5,-0.3979400086720376,0,train,8.602059991327963,-0.43828128733037675,0.04034127865833914,0.04034127865833914
COc1cccc(OC)c1OCCNCCOc1ccccc1OCc1cccc([N+](=O)[O-])c1,20.89,-1.3199384399803087,0,train,7.680061560019691,-1.2798720075767633,-0.04006643240354557,0.04006643240354557
CNC1=Nc2ccc(Cl)c(Cl)c2C(C)N1,246.0,-2.3909351071033793,0,train,6.609064892896621,-2.430992259922362,0.04005715281898237,0.04005715281898237
CCOc1ccc2cccc(N3CCN(CCCCn4ncc(=O)n(C)c4=O)CC3)c2c1,2.1,-0.3222192947339193,1,train,8.67778070526608,-0.36218504925942613,0.039965754525506825,0.039965754525506825
O=S(=O)(c1cncc2ccccc12)N1CCCC[C@@H]1CCN1CCN(c2cccc3sccc23)CC1,12.0,-1.0791812460476249,1,train,7.920818753952375,-1.0394887643039141,-0.03969248174371076,0.03969248174371076
Cc1ccc2c(N3CCN(CCc4cccc5c4OCc4c(C(=O)N(C)C)ncn4-5)CC3)cccc2n1,0.1585,0.7999707334462297,0,train,9.79997073344623,0.7603169348487756,0.039653798597454104,0.039653798597454104
O=c1ccccn1-c1ccc(N2CCN(CCCc3c[nH]c4ccc(F)cc34)CC2)cc1,0.87,0.060480747381381476,0,train,9.060480747381382,0.020873063947039673,0.03960768343434173,0.03960768343434173
Cn1cc(S(=O)(=O)N(CC2CC2)C2CCN(CCOc3ccccc3-c3ccccc3)CC2)cn1,159.0,-2.2013971243204513,0,train,6.798602875679549,-2.2409669743387433,0.0395698500182915,0.0395698500182915
COc1ccccc1N1CCN(CC2COC3(CCN(C(=O)C4CCCCC4)CC3)O2)CC1,20.42,-1.3100557377508915,0,train,7.689944262249108,-1.3495792733732688,0.03952353562237709,0.03952353562237709
CCCCc1ccccc1N1CCN(CCCCCC(=O)NC2CCCc3ccccc32)CC1,60.0,-1.7781512503836436,1,train,7.221848749616356,-1.8174678400390525,0.03931658965540885,0.03931658965540885
Cc1ccc2c(N3CCN(CCc4cccc5c4OCc4c(C(=O)NC(C)C)ncn4-5)CC3)cccc2n1,0.1995,0.700057099977233,0,train,9.700057099977233,0.6607926258669853,0.039264474110247694,0.039264474110247694
Nc1nc(N)nc(NCCCCN2CCN(c3ccccc3)CC2)n1,56.0,-1.7481880270062005,0,train,7.251811972993799,-1.7874418664514282,0.039253839445227756,0.039253839445227756
O=C1Cc2ccccc2N1CCCCCN1CCN(c2cccc3[nH]cnc23)CC1,18.1,-1.2576785748691846,0,train,7.7423214251308154,-1.2968578251341285,0.039179250264943954,0.039179250264943954
N#CCCN1CCC(c2cn(-c3ccc(F)cc3)c3ccc(-c4ncccn4)cc23)CC1,67.0,-1.8260748027008264,0,train,7.173925197299173,-1.7869650850577132,-0.03910971764311322,0.03910971764311322
Cc1cc(C)nc(N2CCN(CCCCc3c[nH]c4ccc(F)cc34)CC2)n1,1.7,-0.2304489213782739,0,train,8.769551078621726,-0.2695220897513575,0.03907316837308358,0.03907316837308358
COc1ccccc1N1CCN(CCCCN2C(=O)N3CCCC3(CCCCNS(=O)(=O)c3cccc4c(N(C)C)cccc34)C2=O)CC1,11.0,-1.0413926851582251,0,train,7.958607314841775,-1.0803945174183829,0.03900183226015774,0.03900183226015774
Fc1cc(OCCNCCCc2c[nH]c3ccc(F)cc23)c2occc2c1,12.9,-1.110589710299249,0,train,7.889410289700751,-1.1495438447771298,0.038954134477880764,0.038954134477880764
O=C(c1ccc(F)c(Cl)c1)N1CCC(F)(CNCCOc2ccccc2Cl)CC1,0.10644,0.9728951341206488,1,train,9.972895134120648,0.934046108460316,0.03884902566033277,0.03884902566033277
COc1cc2c3c(c1OCC1CC1)-c1cc(NS(C)(=O)=O)ccc1CC3N(C)CC2,385.0,-2.5854607295085006,0,train,6.414539270491499,-2.6242793029887377,0.038818573480237095,0.038818573480237095
Cn1ccc2c(OCCN3C4C=C(c5ccc6ccccc6c5)CC3CC4)cccc21,33.0,-1.5185139398778875,0,train,7.481486060122112,-1.5572130097114467,0.038699069833559196,0.038699069833559196
Fc1ccc2[nH]cc(CCCCNC3COc4c(ccc5ncccc45)C3)c2c1,47.0,-1.6720978579357175,0,train,7.327902142064282,-1.7107954849785245,0.03869762704280699,0.03869762704280699
Cn1ccc2c1CCCN(CCN1CCC(c3noc4ccccc34)C1)C2=O,17.8,-1.250420002308894,1,train,7.7495799976911055,-1.2118368898417406,-0.0385831124671534,0.0385831124671534
Cc1cncc2c1CCN(CCN1CCC(c3noc4ccccc34)CC1)C2=O,27.6,-1.4409090820652177,1,train,7.559090917934782,-1.4024306015390267,-0.03847848052619085,0.03847848052619085
Fc1ccc2[nH]cc(CCCNCCOc3ccccc3)c2c1,9.2,-0.9637878273455552,0,train,8.036212172654444,-0.9253364273481636,-0.038451399997391666,0.038451399997391666
CN1CCc2ccc3cnc4cccc5c4c3c2[C@H]1C5,62.3,-1.7944880466591695,0,train,7.205511953340831,-1.832918899138687,0.03843085247951761,0.03843085247951761
Cc1cc2c(OC[C@@H](O)CN3CC[C@@H](c4cc5ccccc5s4)C[C@@H]3C)cccc2[nH]1,7.11,-0.8518696007297664,0,train,8.148130399270233,-0.890287352183111,0.038417751453344584,0.038417751453344584
O=C(NCCN1CCN(c2ccc(F)cc2)CC1)c1cnc2ccccc2n1,63.3,-1.801403710017355,0,train,7.198596289982645,-1.7630661547044806,-0.038337555312874416,0.038337555312874416
CC(=O)Nc1cccc(OCCNCC2(F)CCN(C(=O)c3ccc(Cl)c(Cl)c3)CC2)c1,0.0633499999999999,1.1982533807805404,0,train,10.19825338078054,1.1599755534846266,0.03827782729591389,0.03827782729591389
Cc1nc(C)c(C(=O)N2CCc3cc4ccnc(N5CCN(C)CC5)c4cc32)o1,6.31,-0.8000293592441343,0,train,8.199970640755865,-0.7618486405591299,-0.03818071868500439,0.03818071868500439
O=C1NCc2ccc(OCCCCN3CCN(c4cccc5cccc(F)c45)CC3)cc21,0.5006999999999999,0.30042240860109093,1,train,9.30042240860109,0.33855985015657963,-0.03813744155548876,0.03813744155548876
CN1CCc2cccc3c2[C@H]1Cc1ccccc1-3,80.0,-1.9030899869919435,0,train,7.096910013008056,-1.9412162798375912,0.038126292845647614,0.038126292845647614
COCOc1ccccc1OCCNCC1COCC(c2ccccc2)(c2ccccc2)O1,0.631,0.19997064075586568,1,train,9.199970640755865,0.16196860118667858,0.03800203956918702,0.03800203956918702
COc1cccc(N2CCN(CCCCNC(=O)c3ccc4ccccc4n3)CC2)c1,26.0,-1.414973347970818,1,train,7.585026652029182,-1.377004781735037,-0.03796856623578093,0.03796856623578093
O=C1c2ccccc2S(=O)(=O)N1CCCCCN1CCN(c2ccccc2)CC1,16.0,-1.2041199826559248,0,train,7.795880017344075,-1.2419808503888503,0.03786086773292552,0.03786086773292552
O=C1c2ccccc2S(=O)(=O)N1CCCCCCN1CCN(c2ccc(Cl)cc2)CC1,84.0,-1.9242792860618816,0,train,7.075720713938118,-1.9621181911642693,0.03783890510238774,0.03783890510238774
COc1ccc(-c2c3n(c(=O)n(CCCCN4CCCC(c5c[nH]c6ccccc56)C4)c2=O)CCCC3)cc1,52.0,-1.7160033436347992,0,train,7.2839966563652006,-1.678195590801786,-0.037807752833013186,0.037807752833013186
CCC([Se]c1cc(C)ccc1C)c1nc(N)nc(N2CCN(C)CC2)n1,4145.0,-3.6175245348862926,0,train,5.382475465113707,-3.6552353800160846,0.037710845129791615,0.037710845129791615
CC(C)NC[C@H](O)COc1cccc2[nH]ccc12,110.0,-2.041392685158225,0,train,6.958607314841775,-2.0037582298486925,-0.037634455309532466,0.037634455309532466
O=S(=O)(NC1CCN(CCOc2ccccc2)CC1)c1ccccc1I,496.0,-2.6954816764901977,0,train,6.304518323509802,-2.7330857218056663,0.03760404531546868,0.03760404531546868
O[C@@H]1c2cc(F)ccc2C[C@H]1N1CCN(c2cccc3c2OCCO3)CC1,1.318,-0.11991541025799107,0,train,8.880084589742008,-0.08233816130405305,-0.03757724895393795,0.03757724895393795
O=C(NCCN1CC=C(c2ccc(Cl)cc2)CC1)c1ccc2ccccc2c1,42.5,-1.6283889300503116,1,train,7.371611069949688,-1.5909243249278464,-0.03746460512246519,0.03746460512246519
FC(F)(F)c1cc(Oc2nccc3occc23)ccc1-c1cccc2nccn12,2500.0,-3.3979400086720375,0,train,5.6020599913279625,-3.4353565657656446,0.03741655709360758,0.03741655709360758
CCCN(CCC)CCc1ccccc1O,400.0,-2.6020599913279625,0,train,6.3979400086720375,-2.5646583576865605,-0.03740163364140203,0.03740163364140203
CC(Oc1cc(F)ccc1F)c1nc(N)nc(N2CCN(C)CC2)n1,3110.0,-3.4927603890268375,0,train,5.507239610973162,-3.5298600199554797,0.03709963092864266,0.03709963092864266
O=C(CCN1CCN(Cc2ccccc2)CC1)N1CCN(c2cccc(Cl)c2)CC1,101.0,-2.0043213737826426,1,train,6.995678626217357,-2.041318480734386,0.03699710695174385,0.03699710695174385
O=C1CC2(CCCC2)CC(=O)N1CCN1CCN(c2ccccc2[N+](=O)[O-])CC1,11.27,-1.0519239160461065,0,train,7.948076083953893,-1.0888815779874097,0.03695766194130323,0.03695766194130323
Cc1ccc2c(OCCN3CC(COc4ccc5c(c4)NC(=O)CO5)C3)cccc2n1,50.12,-1.7000110623221123,1,train,7.299988937677888,-1.6632005250409116,-0.03681053728120065,0.03681053728120065
NCCc1c[nH]c2ccc(OCCCCC(=O)N3CCN(c4ccc([N+](=O)[O-])cc4)CC3)cc12,15.9,-1.2013971243204515,0,train,7.798602875679548,-1.2380227972582019,0.03662567293775032,0.03662567293775032
COc1ccc2sc(S(=O)(=O)N[C@H]3CC[C@H](CCN4CCN(c5nsc6ccccc56)CC4)CC3)cc2c1,7.19,-0.8567288903828826,0,train,8.143271109617118,-0.8201909476741739,-0.03653794270870869,0.03653794270870869
O=C(NCCN1CC=C(c2ccc(F)cc2)CC1)c1ccc2ccccc2c1,33.5,-1.5250448070368452,0,train,7.474955192963154,-1.4885500458624856,-0.03649476117435957,0.03649476117435957
N#Cc1ccccc1N1CCN(CCN2C(=O)CC3(CCCC3)CC2=O)CC1,5.37,-0.7299742856995556,0,train,8.270025714300445,-0.7663318990810751,0.03635761338151955,0.03635761338151955
N#Cc1ccc2[nH]cc(CCCCN3CCN(c4ccc(N5CCCNC5=O)cc4)CC3)c2c1,1.3,-0.11394335230683679,0,train,8.886056647693163,-0.1502440044661234,0.0363006521592867,0.0363006521592867
COc1ccccc1N1CCN(CCN(C(=O)C23CCC(I)(CC2)CC3)c2ccccn2)CC1,1.11,-0.045322978786657475,0,train,8.954677021213342,-0.08160917079559198,0.03628619200893458,0.03628619200893458
c1ccc(CCCCN2CCC3(CC2)OCc2c3ccc3ccccc23)cc1,72.0,-1.8573324964312685,0,train,7.142667503568731,-1.8935901813119094,0.03625768488064107,0.03625768488064107
Cc1ccc(C)c([Se]C(C)(C)c2nc(N)nc(N3CCN(C)CC3)n2)c1,3671.0,-3.564784384503987,0,train,5.435215615496013,-3.600930135757339,0.03614575125335229,0.03614575125335229
O=C(NCCCCN1CCN(c2cccc(Cl)c2Cl)CC1)c1ccc(-c2ccccn2)cc1,23.4,-1.3692158574101427,0,train,7.6307841425898575,-1.405340336471189,0.03612447906104621,0.03612447906104621
C1=C(c2c[nH]c3ccccc23)CCN(Cc2cccs2)C1,305.0,-2.484299839346786,0,train,6.515700160653214,-2.4481983446756694,-0.03610149467111645,0.03610149467111645
Clc1ccc(N2CCCN(CCCc3nc4ccccc4s3)CC2)cc1,216.0,-2.3344537511509307,0,train,6.665546248849069,-2.3704377845941123,0.03598403344318157,0.03598403344318157
CC[C@H]1c2cc(OC)ccc2CC[C@@]1(C)N,630.96,-2.800001827817969,0,train,6.199998172182031,-2.7643431651350254,-0.035658662682943376,0.035658662682943376
Clc1ccc(N2CCN(Cc3cnn4ccccc34)CC2)cc1,1400.0,-3.146128035678238,0,train,5.853871964321762,-3.1104917461886803,-0.03563628948955788,0.03563628948955788
CC(=O)NC1CCc2ccc(CCN3CCN(c4nsc5ccccc45)CC3)cc21,7.5,-0.8750612633917001,0,train,8.1249387366083,-0.8394831001582314,-0.03557816323346874,0.03557816323346874
C[C@H]1CN(CC[C@H]2CC[C@H](NC(=O)[C@@H]3CCCN3)CC2)CCc2ccc(Cl)cc21,74.7,-1.8733206018153987,1,train,7.126679398184601,-1.8378587811735532,-0.035461820641845554,0.035461820641845554
COc1cc2ncnc(N3CCC(CN4CCN(c5cccc(Cl)c5)CC4)C3)c2cc1OC,30.2,-1.4800069429571505,1,train,7.51999305704285,-1.444656832526143,-0.03535011043100722,0.03535011043100722
Cc1ccccc1C1CN(CCCc2cn(CCCN3CCN(c4ccccc4O)CC3)nn2)CCc2cc(O)c(O)cc21,98.0,-1.9912260756924949,0,train,7.008773924307505,-2.0265356424973975,0.0353095668049026,0.0353095668049026
Fc1cccc(Oc2c(Cl)cccc2Cl)c1OC1CNC1,6.0,-0.7781512503836436,0,train,8.221848749616356,-0.8132967601794919,0.035145509795848295,0.035145509795848295
N#Cc1ccccc1-c1cccc(CN2CCN(c3cccc4nc(O)oc34)CC2)c1,32.0,-1.505149978319906,0,train,7.494850021680094,-1.4700262593393283,-0.035123718980577756,0.035123718980577756
Cc1nc(C)c2c(=O)n(CCN3CCC(c4noc5ccccc45)CC3)ccc2n1,11.3,-1.0530784434834197,1,train,7.94692155651658,-1.0881791166290578,0.03510067314563825,0.03510067314563825
Cc1ccc(-c2c(=O)n(CCCCN3CCCC(c4c[nH]c5ccc(F)cc45)C3)c(=O)n3ccccc23)cc1,136.0,-2.1335389083702174,1,train,6.866461091629782,-2.1686219555329593,0.03508304716274235,0.03508304716274235
Cc1cc(OCCCN2CCN(c3ccccc3C#N)CC2)c2c(C)cc(=O)oc2c1,3.0,-0.47712125471966244,1,train,8.522878745280337,-0.44209736604956745,-0.03502388867009493,0.03502388867009493
O=S(=O)(c1cncc2ccccc12)N1CCC[C@H]1CCN1CCN(c2noc3ccccc23)CC1,96.0,-1.9822712330395684,1,train,7.017728766960431,-1.947248184500705,-0.0350230485388634,0.0350230485388634
O[C@@H]1c2cc(F)c(F)cc2C[C@H]1N1CCN(c2cccc3c2OCCO3)CC1,2.138,-0.3300077008727592,0,train,8.669992299127241,-0.29513974309313334,-0.03486795777962587,0.03486795777962587
CC1CN(c2ccccc2[N+](=O)[O-])CCN1CCN1C(=O)CC2(CCCC2)CC1=O,86.25,-1.9357591037453117,0,train,7.064240896254688,-1.9705559356378202,0.03479683189250826,0.03479683189250826
O=c1n(CCCCCCN2CCN(c3cccc4cccnc34)CC2)nc2ccccn12,3.0,-0.47712125471966244,0,train,8.522878745280337,-0.5118736986760787,0.0347524439564163,0.0347524439564163
CC(C)c1ccccc1OCCN1CCC(NS(=O)(=O)c2cccnc2)CC1,371.0,-2.569373909615046,1,train,6.430626090384954,-2.5346440106514843,-0.03472989896356182,0.03472989896356182
O=C1[C@@H]2[C@H]3CC[C@H](C3)[C@@H]2C(=O)N1CCCCCCN1CCN(c2cccc(Cl)c2)CC1,18.0,-1.255272505103306,0,train,7.7447274948966935,-1.2899633664223413,0.034690861319035315,0.034690861319035315
CCCN[C@@H]1Cc2cccc3nc(O)n(c23)C1,58.0,-1.7634279935629373,0,train,7.236572006437063,-1.7287379073869231,-0.03469008617601399,0.03469008617601399
O=C(N[C@H]1CC[C@H](CCN2CCN(c3nsc4ccccc34)CC2)CC1)OCc1cc2ccccc2o1,3.885,-0.589391023136933,0,train,8.410608976863067,-0.624078675659288,0.03468765252235495,0.03468765252235495
O=C1NCCN1CCN1CCC(c2cn(-c3ccc(F)cc3)c3ccc(Cl)cc23)CC1,33.0,-1.5185139398778875,0,train,7.481486060122112,-1.553196848166736,0.03468290828884846,0.03468290828884846
CCCN(CCC)[C@@H]1CCc2c(ccc3ccoc23)[C@@H]1C,120.0,-2.0791812460476247,0,train,6.920818753952375,-2.1138496821087944,0.03466843606116976,0.03466843606116976
COc1cccc(OC)c1OCCNCCOc1ccccc1OCc1ccc(C)cc1,22.39,-1.3500540935790302,0,train,7.64994590642097,-1.315486028501799,-0.03456806507723109,0.03456806507723109
O=S(=O)(NC1CCN(CCOc2cccc(Br)c2)CC1)c1cccc(Cl)c1,1411.0,-3.149527013754348,0,train,5.850472986245652,-3.1840757441007064,0.034548730346358525,0.034548730346358525
COc1ccc(Br)c(CC2CCN(CCc3ccccc3OC)CC2)c1,3.03,-0.48144262850230496,0,train,8.518557371497694,-0.44692200730753273,-0.03452062119477217,0.03452062119477217
COc1c(OCCF)cccc1C(=O)C1CCN(CCc2ccc([N+](=O)[O-])cc2)CC1,1723.0,-3.2362852774480286,0,train,5.763714722551971,-3.201769393514992,-0.03451588393303684,0.03451588393303684
COc1ccccc1OCCNCCCCc1c[nH]c2ccccc12,7.7,-0.8864907251724818,0,train,8.113509274827518,-0.9207850730721313,0.03429434789964947,0.03429434789964947
Fc1ccccc1COc1ccccc1N1CCNCC1,31.0,-1.4913616938342726,0,train,7.508638306165727,-1.5254498185607595,0.03408812472648681,0.03408812472648681
C/N=C1\N(C)C(=O)/C(=C\c2c[nH]c3ccc(Br)cc23)N1C,2513.0,-3.400192488592576,0,train,5.599807511407424,-3.3662004119795204,-0.03399207661305548,0.03399207661305548
N#Cc1ccc2[nH]cc(C3=CCN(CCc4coc5ccc(F)cc45)CC3)c2c1,41.5,-1.6180480967120927,0,train,7.3819519032879075,-1.5840962962772625,-0.03395180043483026,0.03395180043483026
Oc1cccc(O)c1OCCNCCOc1ccccc1OCc1ccccc1,12.59,-1.1000257301078626,0,train,7.899974269892137,-1.1337396739429717,0.03371394383510906,0.03371394383510906
c1ccc(-c2cccc(CN3CCN(c4cccc5ccoc45)CC3)c2)cc1,38.0,-1.5797835966168101,1,train,7.42021640338319,-1.5460715291266436,-0.03371206749016631,0.03371206749016631
O=S(=O)(NC1CCN(CCOc2cccc(C(F)(F)F)c2)CC1)c1ccccc1,1951.0,-3.2902572693945182,0,train,5.709742730605482,-3.2565982901667256,-0.033658979227792596,0.033658979227792596
NC(=O)[C@@H]1Cc2ccccc2CN1C(=O)c1ccc(CN2CCN(c3cccc(Cl)c3Cl)CC2)cc1,212.0,-2.326335860928751,0,train,6.673664139071249,-2.29315296487084,-0.03318289605791103,0.03318289605791103
Fc1cccc(Cl)c1Oc1cccc(F)c1OC1CCNCC1,8.0,-0.9030899869919435,0,train,8.096910013008056,-0.8699534519613081,-0.03313653503063552,0.03313653503063552
CC1CN(c2ccc3ccccc3n2)CCN1CCCCN1C(=O)CCCC1=O,37.0,-1.568201724066995,0,train,7.431798275933005,-1.5351329477214275,-0.033068776345567485,0.033068776345567485
C1=C(c2c[nH]c3ncccc23)CCN(CCOc2cccc3c2OCCO3)C1,43.9,-1.6424645202421213,0,train,7.357535479757878,-1.6094500950753314,-0.033014425166789874,0.033014425166789874
c1ccc(CC2CCN(CC3COC4(CCCCC4)O3)CC2)cc1,162.18,-2.2099972960823693,0,train,6.790002703917631,-2.242858373870112,0.03286107778774294,0.03286107778774294
O=c1c(-c2ccccc2)c2ccccn2c(=O)n1CCCCN1CCCC(c2c[nH]c3ccc(F)cc23)C1,209.0,-2.3201462861110542,0,train,6.679853713888946,-2.2873896827044033,-0.032756603406650875,0.032756603406650875
O=C1CCCCN1c1ccc(N2CCN(CCCCc3c[nH]c4ccc(F)cc34)CC2)cc1,2.5,-0.3979400086720376,1,train,8.602059991327963,-0.43063956900146466,0.03269956032942706,0.03269956032942706
Cc1ccc2c(N3CCN(CCc4cccc5c4OCc4nc(C)c(C)n4-5)CC3)cccc2n1,0.1995,0.700057099977233,0,train,9.700057099977233,0.7325848441920837,-0.03252774421485072,0.03252774421485072
COc1cccc(N2CCN(CCCOc3cc(C)cc4oc(=O)cc(C)c34)CC2)c1,6.0,-0.7781512503836436,0,train,8.221848749616356,-0.7456736818907649,-0.03247756849287875,0.03247756849287875
Cc1ccc2c(OCCN3CCC(Cc4cccc(N(C)S(C)(=O)=O)c4)CC3)cccc2n1,12.59,-1.1000257301078626,0,train,7.899974269892137,-1.067592870644696,-0.03243285946316665,0.03243285946316665
Clc1cccc(N2CCN(CCCCCOc3cc(-c4ccccc4)ncn3)CC2)c1,17.4,-1.2405492482825997,0,train,7.7594507517174005,-1.2729185631556386,0.03236931487303907,0.03236931487303907
O=C1c2ccccc2S(=O)(=O)N1CCCCCCN1CCN(c2ccccc2F)CC1,12.0,-1.0791812460476249,0,train,7.920818753952375,-1.1114517813738636,0.03227053532623869,0.03227053532623869
CCOCC(Oc1c(C)cccc1C)N1CCN(c2ccccc2OC)CC1,41.0,-1.6127838567197355,0,train,7.3872161432802645,-1.5805777562681522,-0.03220610045158345,0.03220610045158345
CC(C)Oc1cccc2c1N=C(NCC(F)F)NC2C,240.0,-2.380211241711606,0,train,6.619788758288394,-2.3480350092689224,-0.03217623244268353,0.03217623244268353
O=C1NCc2ccc(OCCCN3CCN(c4cccc5ccccc45)CC3)c(Cl)c21,0.786,0.10457745396059209,0,train,9.104577453960593,0.13659780350123835,-0.03202034954064635,0.03202034954064635
Cc1ccc2c(N3CCN(CCCc4cccc5c4OCC(=O)N5C)[C@H](C)C3)cc(F)cc2n1,1.585,-0.2000292665537703,0,train,8.79997073344623,-0.16812115504059622,-0.031908111513174076,0.031908111513174076
CCOc1ccc2[nH]cc(C3=CCN(Cc4cccc(OC)c4)CC3)c2c1,160.0,-2.2041199826559246,0,train,6.795880017344075,-2.1722920833962265,-0.03182789925969853,0.03182789925969853
COc1cc(N2CCN(C3CCN(c4cccc5cc(C(F)(F)F)cnc45)CC3)CC2)c2ncccc2c1,1.2,-0.07918124604762482,0,train,8.920818753952375,-0.047546424969560616,-0.03163482107806419,0.03163482107806419
NC(=O)c1ccc(F)c2c1CC(N(CCCc1c[nH]c3c(Cl)cccc13)C1CCC1)CO2,26.1,-1.416640507338281,0,train,7.583359492661719,-1.3851520712634016,-0.0314884360748795,0.0314884360748795
CN1CCc2c(sc3ncn(CCN4CCN(c5cccc6cnccc56)CC4)c(=O)c23)C1,0.9,0.045757490560675115,1,train,9.045757490560675,0.07724535152708192,-0.03148786096640682,0.03148786096640682
COc1cccc(N2CCN(CC3CCN(c4ncnc5cc(OC)c(OC)cc45)C3)CC2)c1,18.2,-1.2600713879850747,0,train,7.739928612014925,-1.2914159074436415,0.031344519458566644,0.031344519458566644
Cc1ccc(S(=O)(=O)N(CCCCCCN2CCN(c3nsc4ccccc34)CC2)c2ccccc2)cc1,32.0,-1.505149978319906,0,train,7.494850021680094,-1.4739326917232374,-0.03121728659666867,0.03121728659666867
Fc1ccc2[nH]cc([C@H]3CC[C@H](N4CCN(c5cccc6ccccc56)CC4)CC3)c2c1,42.6,-1.6294095991027189,0,train,7.370590400897282,-1.598192703302913,-0.0312168957998058,0.0312168957998058
NCCc1c[nH]c2ccc(OCC(=O)Nc3ccc(NC(=O)COc4ccc5[nH]cc(CCN)c5c4)cc3)cc12,4.06,-0.608526033577194,0,train,8.391473966422806,-0.6396063429233728,0.03108030934617878,0.03108030934617878
C[C@H]1CN(CC[C@H]2CC[C@H](NC(=O)[C@@H]3CCCO3)CC2)CCc2ccc(Cl)cc21,98.3,-1.9925535178321356,1,train,7.007446482167865,-1.9615994333563267,-0.030954084475809385,0.030954084475809385
CC(C)C(=O)NC1CCc2ccc(CCN3CCN(c4nsc5ccccc45)CC3)cc21,12.0,-1.0791812460476249,1,train,7.920818753952375,-1.0483318070534045,-0.030849438994220435,0.030849438994220435
O=C1COc2ccc(OC3CCN(CCOc4cccc5ncccc45)CC3)cc2N1,12.59,-1.1000257301078626,0,train,7.899974269892137,-1.130799465363725,0.030773735255862356,0.030773735255862356
CCCC(=O)Nc1cccc(N2CCN(CCCCNS(=O)(=O)c3ccc(C)cc3)CC2)c1,56.0,-1.7481880270062005,0,train,7.251811972993799,-1.7176242305757095,-0.030563796430491008,0.030563796430491008
O=C1CC2(CCCC2)CC(=O)N1CCCCN1CCN(c2ccc3ccccc3n2)CC1,39.0,-1.591064607026499,0,train,7.4089353929735005,-1.5605130876779452,-0.030551519348553935,0.030551519348553935
O=C1NCc2ccc(OCCCN3CCN(c4cccc5ccccc45)CC3)cc21,0.2781,0.5557990111358405,1,train,9.555799011135841,0.5252761505201677,0.030522860615672776,0.030522860615672776
COc1ccccc1N1CCN(CCCCN2C(=O)C[C@H](NC(=O)c3ccccc3)C2=O)CC1,50.0,-1.6989700043360187,0,train,7.301029995663981,-1.6685329504973705,-0.030437053838648254,0.030437053838648254
Clc1ccc2c(c1)N=C(N1CCN(CCc3ccccc3)CC1)c1cccnc1O2,19.0,-1.2787536009528289,1,train,7.721246399047171,-1.3091748141414434,0.03042121318861457,0.03042121318861457
O=C(NC/C=C/CN1CCN(c2cccc(Cl)c2Cl)CC1)c1ccc(-c2ccccn2)cc1,85.4,-1.931457870689005,0,train,7.068542129310995,-1.9010930778000474,-0.03036479288895766,0.03036479288895766
O=C(c1ccc(F)c(Cl)c1)N1CCC(F)(CNCCSc2ccccn2)CC1,1.2083,-0.0821747754846664,1,train,8.917825224515333,-0.051825663123594524,-0.03034911236107187,0.03034911236107187
O=c1c(-c2ccc(F)cc2)c2ccccn2c(=O)n1CCCCN1CCCC(c2c[nH]c3ccc(F)cc23)C1,147.0,-2.167317334748176,1,train,6.8326826652518236,-2.1976164129176667,0.030299078169490734,0.030299078169490734
CN1CCC(c2c[nH]c3ccc(NC(=O)c4cccc([N+](=O)[O-])c4)nc23)CC1,130.0,-2.113943352306837,0,train,6.886056647693163,-2.1442353272511046,0.030291974944267608,0.030291974944267608
CCOc1ccccc1N1CCN(CCCN2C(=O)N(C)C(=O)C2(c2ccccc2)c2ccccc2)CC1,5.5,-0.7403626894942439,0,train,8.259637310505756,-0.7705296487878531,0.03016695929360924,0.03016695929360924
Cn1cc2c(n1)CCCN(CCN1CCN(c3nsc4ccccc34)CC1)C2=O,2.19,-0.34044411484011833,1,train,8.659555885159882,-0.31031443889427734,-0.030129675945840928,0.030129675945840928
COc1ccccc1N1CCN(CCCCNC(=O)c2ccc(N(C)C)cc2)CC1,7.5,-0.8750612633917001,0,train,8.1249387366083,-0.9051766574721163,0.03011539408041619,0.03011539408041619
Cc1ccc2c(OCCN3CCN(Cc4ccc5c(c4)N(C)C(=O)CO5)CC3)cccc2n1,5.7925,-0.7628660424620132,1,train,8.237133957537987,-0.7329416622108448,-0.029924380251168392,0.029924380251168392
CN1CCN(c2cccc3ccc(OCC(=O)N4CCN(c5ccccc5C#N)CC4)cc23)CC1,12.3,-1.089905111439398,0,train,7.910094888560602,-1.11964146849327,0.02973635705387201,0.02973635705387201
Fc1ccc2c(C3CCN(CCCOc4ccc(CN5CCCCC5)cc4F)CC3)noc2c1,90.6,-1.9571281976768131,1,train,7.042871802323187,-1.9274048947349918,-0.029723302941821128,0.029723302941821128
O=C1c2ccccc2S(=O)(=O)N1CCCCCN1CCN(c2cccc(C(F)(F)F)c2)CC1,21.0,-1.3222192947339193,1,train,7.6777807052660805,-1.351918927761065,0.029699633027145733,0.029699633027145733
Cc1cc(C)nc(N2CCN(CCCc3c[nH]c4ccc(F)cc34)CC2)n1,1.4,-0.146128035678238,0,train,8.853871964321762,-0.17575054325284928,0.029622507574611268,0.029622507574611268
Cc1cc(OCCCN2CCC(c3noc4cc(F)ccc34)CC2)ccc1CN1CCOCC1,100.2,-2.0008677215312267,0,train,6.999132278468773,-1.9714678352459851,-0.029399886285241594,0.029399886285241594
O=c1c(-c2ccccc2F)c2ccccn2c(=O)n1CCCCN1CCCC(c2c[nH]c3ccc(F)cc23)C1,218.0,-2.3384564936046046,0,train,6.661543506395395,-2.309114747599831,-0.029341746004773572,0.029341746004773572
CC(=O)Nc1ccc(OCCCN2CCC(c3noc4cc(F)ccc34)CC2)cc1F,122.1,-2.0867156639448825,1,train,6.913284336055117,-2.057434567878594,-0.02928109606628837,0.02928109606628837
NC(=O)c1ccc(F)c2c1CC(N(CCCCn1ccc3c(F)cccc31)C1CCC1)CO2,17.35,-1.2392994791268925,0,train,7.760700520873107,-1.2102915254781863,-0.02900795364870601,0.02900795364870601
COc1ccc(N2CCN(CCC(O)c3ccc(-c4ccccc4)cc3)CC2)cc1,851.14,-2.9300010010090753,0,train,6.069998998990925,-2.9589754889243487,0.028974487915272906,0.028974487915272906
Fc1ccc2[nH]cc(CCNCC3CNc4ccccc4O3)c2c1,10.98,-1.0406023401140732,0,train,7.959397659885926,-1.0116415496485174,-0.028960790465555775,0.028960790465555775
COc1ccccc1N1CCN(CCCCN2C(=O)CCC2=O)CC1,6.4,-0.8061799739838872,0,train,8.193820026016112,-0.7773153283167048,-0.028864645667182387,0.028864645667182387
O=S(=O)(NCCCN1CC=C(c2c[nH]c3ccc(Cl)cc23)CC1)c1cccc2ccccc12,5.0,-0.6989700043360189,1,train,8.301029995663981,-0.7276632993147658,0.028693294978746953,0.028693294978746953
COc1ccccc1N1CCN(CCCCCc2cn(-c3cccc4cnccc34)nn2)CC1,5.8,-0.7634279935629372,0,train,8.236572006437063,-0.7920235869649326,0.028595593401995356,0.028595593401995356
CC(C)(C)c1ccccc1OCCN1CCC(NS(=O)(=O)c2ccc(F)cc2)CC1,4570.0,-3.6599162000698504,1,train,5.34008379993015,-3.688496288858607,0.028580088788757507,0.028580088788757507
COc1ccc(CNCCC(c2ccco2)c2ccccc2OC)cc1,6100.0,-3.785329835010767,0,train,5.214670164989233,-3.8137620089647974,0.028432173954030304,0.028432173954030304
C=CCc1ccc2c(c1O)-c1cccc3c1[C@@H](C2)N(C)CC3,135.0,-2.130333768495006,0,train,6.8696662315049934,-2.158618123475528,0.028284354980522064,0.028284354980522064
O=C1CC2Cc3ccsc3C2=NN1CCCCCN1CCN(Cc2cccc3c2ccn3S(=O)(=O)c2ccccc2)CC1,3580.0,-3.5538830266438746,0,train,5.446116973356125,-3.5820651905364427,0.028182163892568113,0.028182163892568113
O=c1c2ncccc2ccn1CCN1CCN(c2noc3ccccc23)CC1,36.6,-1.5634810853944108,1,train,7.436518914605589,-1.591542796949409,0.028061711554998148,0.028061711554998148
COc1c2c(nn1C)CCN(CCN1CCN(c3nsc4ccccc34)CC1)C2=O,1.63,-0.21218760440395779,1,train,8.787812395596042,-0.24018265266796554,0.027995048264007838,0.027995048264007838
COc1ccccc1N1CCN(CC2=NS(=O)(=O)c3ccc(Cl)cc3N2)CC1,46.77,-1.6699673699085043,0,train,7.3300326300914955,-1.6975937929838865,0.02762642307538199,0.02762642307538199
O=C1c2ccccc2C(=O)N1CCCCN1CCc2ccccc2C1,500.095,-2.699052512449558,1,train,6.300947487550442,-2.6714328847717983,-0.027619627677759606,0.027619627677759606
O=S(=O)(c1cccc2ncccc12)N1CCC(CCN2CCN(c3cccc(Cl)c3Cl)CC2)CC1,45.0,-1.6532125137753437,1,train,7.346787486224656,-1.6808167572284858,0.027604243453142274,0.027604243453142274
Cc1ccc2c(N3CCN(CCCc4cccc5c4OCC(=O)N5C)CC3)cccc2n1,1.585,-0.2000292665537703,1,train,8.79997073344623,-0.17258781497140718,-0.027441451582363108,0.027441451582363108
CN1CCc2c(sc3ncn(CCN4CCN(c5ccccc5OCc5ccccc5)CC4)c(=O)c23)C1,1.9,-0.2787536009528289,0,train,8.721246399047171,-0.3061505058049782,0.027396904852149295,0.027396904852149295
CCCN(CCC)Cc1ccc(Cl)c(-c2ccccc2OC)c1,400.0,-2.6020599913279625,0,train,6.3979400086720375,-2.5747188854608525,-0.027341105867110027,0.027341105867110027
COc1ccc2[nH]cc(CCN(C)C)c2c1,28.0,-1.4471580313422192,1,train,7.552841968657781,-1.4198896896487432,-0.027268341693476028,0.027268341693476028
Clc1ccc(C2=CC3CCC(C2)N3CCCOc2cccc3[nH]ccc23)cc1Cl,44.0,-1.6434526764861874,0,train,7.356547323513812,-1.670635887980285,0.027183211494097526,0.027183211494097526
COc1ccccc1N1CCN(CC(F)CCNC(=O)c2cc3ccccc3s2)CC1,139.0,-2.143014800254095,0,train,6.856985199745905,-2.1698929510956013,0.026878150841506354,0.026878150841506354
CCCN(CCC)[C@H]1CCc2c(cccc2-c2c(OC)cccc2OC)C1,347.0,-2.5403294747908736,0,train,6.459670525209127,-2.567206988311477,0.026877513520603635,0.026877513520603635
Cc1noc2c1C(=O)N(CCN1CCN(c3nsc4ccccc34)CC1)CCC2,8.47,-0.927883410330707,1,train,8.072116589669292,-0.9012265604717488,-0.02665684985895822,0.02665684985895822
COc1ccc2[nH]cc(C3CCCN(CCCCn4c(=O)c(-c5ccccc5)c5n(c4=O)CCCC5)C3)c2c1,102.0,-2.0086001717619175,0,train,6.991399828238082,-1.9820196232048921,-0.026580548557024963,0.026580548557024963
Cc1ccccc1OC(=O)N[C@H]1CC[C@H](CCN2CCN(c3nsc4ccccc34)CC2)CC1,3.925,-0.5938396610812713,0,train,8.40616033891873,-0.5672630607076379,-0.026576600373633408,0.026576600373633408
CC(C)NC(=O)c1ccc(F)c2c1CC(N(CCCc1c[nH]c3ccc(F)cc13)C1CCC1)CO2,46.1,-1.6637009253896482,0,train,7.336299074610352,-1.6901995017436715,0.026498576354023307,0.026498576354023307
C/N=C1\NC(=O)/C(=C\c2c[nH]c3ccc(Br)cc23)N1C,2624.0,-3.4189638307036225,0,train,5.581036169296377,-3.3925788015797225,-0.02638502912390006,0.02638502912390006
COc1ccc(CNC(=O)c2cc(-c3cc(Cl)cc(Cl)c3)cnc2-c2cccnc2)cc1OC,1310.0,-3.1172712956557644,0,train,5.882728704344236,-3.143604635625905,0.026333339970140646,0.026333339970140646
COc1ccc(Cl)cc1[C@H]1C[C@@H]1CNCCCOc1ccc2ccc(=O)[nH]c2c1,32.955,-1.5179213159761915,0,train,7.482078684023809,-1.4916313787505249,-0.026289937225666637,0.026289937225666637
O=C(NCCc1c[nH]c2ccccc12)C1CCN(C(=O)c2ccc(-c3ccccc3)cc2)CC1,603.0,-2.780317312140151,0,train,6.219682687859849,-2.754069422697008,-0.02624788944314327,0.02624788944314327
N#Cc1c[nH]c(CN2CCN(c3ccccc3)CC2)c1,450.0,-2.6532125137753435,0,train,6.346787486224656,-2.627010256727449,-0.026202257047894584,0.026202257047894584
CN1CCc2ccc3c(=O)[nH]c4cccc5c4c3c2[C@H]1C5,178.0,-2.250420002308894,0,train,6.7495799976911055,-2.2242378843432973,-0.026182117965596774,0.026182117965596774
CCc1cccc(N2CCN(CCCCNC(=O)c3cc4ccccc4o3)CC2)c1Cl,26.0,-1.414973347970818,1,train,7.585026652029182,-1.4411349322353741,0.02616158426455617,0.02616158426455617
COC(=O)c1cc2c3c(ccc2[nH]1)OCC(CN1CCC2(CC1)C(=O)NCN2c1ccccc1)O3,0.9,0.045757490560675115,1,train,9.045757490560675,0.01966354045703669,0.02609395010363841,0.02609395010363841
Fc1ccc2[nH]cc(CCNCCOc3cccc4c3OCCO4)c2c1,5.8,-0.7634279935629372,1,train,8.236572006437063,-0.789503959033627,0.0260759654706898,0.0260759654706898
O=C(NC1CCc2ccc(CCN3CCN(c4nsc5ccccc45)CC3)cc21)c1ccco1,7.9,-0.8976270912904415,0,train,8.102372908709558,-0.923679500920055,0.026052409629613527,0.026052409629613527
COc1ccccc1OCCN1CCC(NS(=O)(=O)c2ccc(F)cc2)CC1,463.0,-2.6655809910179533,1,train,6.334419008982047,-2.639574663253519,-0.026006327764434456,0.026006327764434456
Cc1ccc2c(OCCN3CCC(Cc4cccc(N5CCCCC5)c4)CC3)cccc2n1,3.981,-0.599992177584098,1,train,8.400007822415901,-0.625996074229379,0.02600389664528102,0.02600389664528102
Cc1ccc2c(N3CCN(CCc4cccc5c4OCc4c(C(=O)N6CCC6)ncn4-5)CC3)cccc2n1,0.1585,0.7999707334462297,0,train,9.79997073344623,0.7739768611704598,0.02599387227576988,0.02599387227576988
COc1cccc(OC)c1OCCNCC1CC(c2ccccc2)c2ccccc2C1=O,10.96,-1.0398105541483504,0,train,7.96018944585165,-1.0657608912204695,0.025950337072119023,0.025950337072119023
O=C([C@@H]1Cc2ccccc2CN1C(=O)CCCCN1CCN(c2ccccc2-c2ccccc2)CC1)N1CCOCC1,36.0,-1.5563025007672873,0,train,7.443697499232712,-1.582239543720179,0.025937042952891787,0.025937042952891787
COc1cc(C(F)(F)F)c(OC)cc1C1CCCNC1,330.0,-2.5185139398778875,0,train,6.481486060122112,-2.544435183355186,0.025921243477298628,0.025921243477298628
CCCN(CCC)C1Cc2cccc3c2N(C1)C(=O)C3,108.0,-2.03342375548695,1,train,6.96657624451305,-2.007546425365252,-0.025877330121697906,0.025877330121697906
CNC1=Nc2cccc(Cl)c2C(C)N1,389.0,-2.5899496013257077,0,train,6.410050398674292,-2.564142183439699,-0.025807417886009265,0.025807417886009265
CCC(=O)N[C@H]1CC[C@H](CCN2CCN(c3nsc4ccccc34)CC2)CC1,1.5,-0.17609125905568124,0,train,8.823908740944319,-0.20183209244276695,0.025740833387085743,0.025740833387085743
NC(=O)[C@@H]1CCCN1C(=O)CCCCN1CCN(c2ccccc2O)CC1,52.0,-1.7160033436347992,1,train,7.2839966563652006,-1.7417199009152196,0.025716557280420327,0.025716557280420327
COc1cccc(N2CCN(CCCCCCN3C(=O)c4ccccc4S3(=O)=O)CC2)c1,19.0,-1.2787536009528289,1,train,7.721246399047171,-1.2531063954012103,-0.02564720555161859,0.02564720555161859
COc1ccccc1N1CCN(CCCCn2c(=O)ccc(=O)n2-c2ccccc2)CC1,10.96,-1.0398105541483504,0,train,7.96018944585165,-1.0654353356334079,0.025624781485057424,0.025624781485057424
CN1CC(CNCCc2c[nH]c3ccc(F)cc23)Oc2ccccc21,8.46,-0.9273703630390235,0,train,8.072629636960976,-0.9017712002641702,-0.025599162774853412,0.025599162774853412
COc1ccc(Br)c(CC2CCN(CCc3ccc(F)cc3)CC2)c1,1.04,-0.01703333929878037,0,train,8.98296666070122,-0.04255607327339498,0.02552273397461468,0.02552273397461468
Nc1ccc(CCN2CCN(c3cccc(C(F)(F)F)c3)CC2)cc1I,19.5,-1.290034611362518,0,train,7.709965388637482,-1.3154607996906376,0.025426188328119492,0.025426188328119492
COc1ccc(CN2CC=C(c3c[nH]c4ccc(OC)cc34)CC2)cc1,134.0,-2.1271047983648077,0,train,6.872895201635192,-2.1523225253026674,0.025217726937859286,0.025217726937859286
CC(C)c1ccccc1N1CCN(CCCCCCC(=O)N2Cc3ccccc3C[C@H]2C(N)=O)CC1,20.0,-1.3010299956639813,0,train,7.698970004336019,-1.3262447469003886,0.025214751236407373,0.025214751236407373
Cc1ccc2c3c(ccc2n1)OC[C@H](CN1CCN(c2ccc4cc(Br)ccc4n2)CC1)O3,17.2,-1.235528446907549,1,train,7.764471553092451,-1.260725289905974,0.025196842998425062,0.025196842998425062
O=S(=O)(c1cncc2ccccc12)N1CCC(CCN2CCN(c3cccc(Cl)c3Cl)CC2)CC1,29.0,-1.462397997898956,1,train,7.537602002101044,-1.4372224021575104,-0.025175595741445678,0.025175595741445678
CN1CCN(c2nc(N)nc(COc3ccccc3)n2)CC1,8726.0,-3.9408152086508013,0,train,5.059184791349199,-3.915676118868114,-0.025139089782686863,0.025139089782686863
CN1CCN(c2nc(N)nc(C(C)(C)[Se]c3ccccc3)n2)CC1,2900.0,-3.462397997898956,0,train,5.537602002101044,-3.487470745041427,0.025072747142470764,0.025072747142470764
CNC(=O)c1ncn2c1COc1c(CCN3CCN(c4cccc5nc(C)ccc45)CC3)cccc1-2,0.1585,0.7999707334462297,0,train,9.79997073344623,0.7749730546683874,0.024997678777842314,0.024997678777842314
O=C(NC1CCc2ccc(CCN3CCN(c4nsc5ccccc45)CC3)cc21)C(F)(F)F,4.9,-0.6901960800285137,0,train,8.309803919971486,-0.7151193218728576,0.024923241844343913,0.024923241844343913
O[C@H](COc1cccc2[nH]ccc12)CN1CCC(c2cc3c(Cl)cccc3s2)CC1,9.12,-0.9599948383284161,0,train,8.040005161671584,-0.9848503705082117,0.024855532179795636,0.024855532179795636
COc1ccccc1N1CCN(CCCCNC(=O)c2cc3cc(I)ccc3s2)CC1,27.0,-1.4313637641589874,0,train,7.568636235841012,-1.456112551363123,0.024748787204135647,0.024748787204135647
CC[C@H]1c2cc(C)ccc2OC[C@@]1(C)N,1995.26,-3.2999994961169836,0,train,5.700000503883016,-3.2753049484374714,-0.024694547679512624,0.024694547679512624
COc1ccccc1N1CCN(CCCCCC(=O)NCc2ccncc2)CC1,19.0,-1.2787536009528289,1,train,7.721246399047171,-1.3034466865151564,0.02469308556232752,0.02469308556232752
CC(C)c1ccccc1OCCN1CC2CC1CN2S(=O)(=O)c1ccc(F)cc1,260.0,-2.4149733479708178,0,train,6.585026652029182,-2.4396663716911977,0.02469302372037996,0.02469302372037996
Cc1cccc(C(=O)Nc2ccc3[nH]cc(C4CCN(C)CC4)c3n2)c1,100.0,-2.0,0,train,7.0,-1.9753379981511872,-0.024662001848812842,0.024662001848812842
Cn1c(=O)cnn(CCCCN2CCN(c3c(F)cccc3C#N)CC2)c1=O,4.8,-0.6812412373755872,0,train,8.318758762624412,-0.7058421055324444,0.024600868156857247,0.024600868156857247
NC(=O)c1ccc(F)c2c1CC(N(CCc1c[nH]c3ccc(F)cc13)CC1CC1)CO2,7.3,-0.8633228601204559,1,train,8.136677139879545,-0.8879229709065848,0.024600110786128893,0.024600110786128893
CC(Oc1cc(C(F)(F)F)ccc1F)c1nc(N)nc(N2CCN(C)CC2)n1,6075.0,-3.7835462822703496,0,train,5.21645371772965,-3.7589797581262867,-0.024566524144062907,0.024566524144062907
COc1cc2c(cc1O)[C@@H]1Cc3sc(CC(C)Cl)cc3CN1CC2,285.33,-2.4553474363941885,0,train,6.544652563605812,-2.4797718945722744,0.024424458178085917,0.024424458178085917
CCOc1ccc2[nH]cc(C3=CCN(Cc4cccs4)CC3)c2c1,139.0,-2.143014800254095,0,train,6.856985199745905,-2.1674347459570766,0.02441994570298167,0.02441994570298167
O=c1c(-c2ccccc2Cl)c2n(c(=O)n1CCCCN1CCCC(c3c[nH]c4ccc(F)cc34)C1)CCCC2,47.0,-1.6720978579357175,0,train,7.327902142064282,-1.6477108503919191,-0.02438700754379841,0.02438700754379841
Cc1cccc(F)c1Oc1ncccc1C1CCNCC1,10.0,-1.0,0,train,8.0,-0.9756575344538558,-0.024342465546144165,0.024342465546144165
O=C(N(CCN1CCN(c2ccccc2O)CC1)c1ccccn1)C12C3C4C1C1C2C3C41CF,0.58,0.23657200643706275,0,train,9.236572006437063,0.21228182889447245,0.024290177542590247,0.024290177542590247
Cc1cccc(S(=O)(=O)n2ccc3c(N4CCNCC4)nc4ccccc4c32)c1,760.0,-2.8808135922807914,0,train,6.119186407719209,-2.8565690388105454,-0.024244553470246455,0.024244553470246455
Fc1ccc2c(C3CCN(CCCOc4ccc(CN5CCOCC5)cc4F)CC3)noc2c1,100.1,-2.000434077479319,1,train,6.999565922520681,-1.9762030879940664,-0.024230989485252374,0.024230989485252374
Cc1ccc2nccc(NCCCCCCCNc3ccnc4ccc(C)cc34)c2c1,1096.24,-3.0399056447187927,1,train,5.960094355281207,-3.015748000688925,-0.024157644029867864,0.024157644029867864
O=C1c2ccccc2C(=O)N1CCCCCCN1CCN(c2nsc3ccccc23)CC1,18.0,-1.255272505103306,0,train,7.7447274948966935,-1.2793925750172148,0.024120069913908804,0.024120069913908804
Cc1ccc(C)c([Se]C(C)c2nc(N)nc(N3CCN(C)CC3)n2)c1,5110.0,-3.708420900134713,0,train,5.291579099865287,-3.684337850996223,-0.024083049138489798,0.024083049138489798
CCCN(CCCCn1ccc2c(F)cccc21)C1COc2c(F)ccc(C(N)=O)c2C1,14.0,-1.146128035678238,0,train,7.853871964321762,-1.1701981915656023,0.024070155887364386,0.024070155887364386
CC1(Nc2nccc(C3CCCN(CCc4c[nH]c5ccccc45)C3)n2)CC1,32.0,-1.505149978319906,0,train,7.494850021680094,-1.529205726250335,0.02405574793042886,0.02405574793042886
Nc1ccc(C(=O)CCCN2CCN(c3ccccn3)CC2)cc1,26.96,-1.4307198878632823,0,train,7.569280112136718,-1.4068363167045348,-0.023883571158747507,0.023883571158747507
CCCCC(Oc1cc(Cl)cc(Cl)c1)c1nc(Nc2ccncc2)nc(N2CCN(C)CC2)n1,5141.0,-3.711047603867034,0,train,5.2889523961329665,-3.68746184759975,-0.023585756267284097,0.023585756267284097
NCCc1c[nH]c2ccc(OCCOc3ccc4[nH]cc(CCN)c4c3)cc12,14.3,-1.1553360374650619,0,train,7.844663962534938,-1.1789135606805978,0.023577523215535745,0.023577523215535745
O=C(NCCC(O)CN1CCN(c2cccc(Cl)c2Cl)CC1)c1cc2ccccc2[nH]1,102.0,-2.0086001717619175,1,train,6.991399828238082,-2.0321308543934564,0.023530682631539346,0.023530682631539346
Cc1cc(OCCCN2CCN(c3ccccc3F)CC2)c2c(C)cc(=O)oc2c1,3.0,-0.47712125471966244,1,train,8.522878745280337,-0.45359998642023597,-0.023521268299426412,0.023521268299426412
COc1ccccc1N1CCN(CCCCNC(=O)[C@@H]2CCC(=O)N2C(=O)C2CCCCC2)CC1,17.0,-1.2304489213782739,0,train,7.769551078621726,-1.207081191298815,-0.023367730079459026,0.023367730079459026
COc1ccccc1N1CCN(CCCCCNc2nc(N)nc(N)n2)CC1,12.0,-1.0791812460476249,0,train,7.920818753952375,-1.1025396246764583,0.023358378628833387,0.023358378628833387
CN(C)Cc1ccc(CNC(=O)CCCCCN2CCN(c3ccccc3-c3ccccc3)CC2)cc1,74.0,-1.8692317197309762,0,train,7.130768280269024,-1.8925559654831923,0.023324245752216255,0.023324245752216255
CN([C@H]1CC[C@H](CCN2CCN(c3nsc4ccccc34)CC2)CC1)S(=O)(=O)c1cccs1,2.9,-0.4623979978989561,0,train,8.537602002101044,-0.48564124512058887,0.02324324722163279,0.02324324722163279
c1ccc(CN2CCN(CC3COc4ccccc4O3)CC2)cc1,69.29,-1.8406705613334091,1,train,7.159329438666591,-1.8639076935808876,0.023237132247478698,0.023237132247478698
COc1cc2nc(N(C)CCCCCCN(C)C(=O)c3cccc(CN(C)C)c3)nc(N)c2cc1OC,741.31,-2.8699998586345257,0,train,6.130000141365475,-2.846801096936941,-0.023198761697584835,0.023198761697584835
NC(=O)[C@@H]1CCCN1C(=O)CCCCCN1CCN(c2ccc(F)cc2)CC1,573.0,-2.75815462196739,1,train,6.24184537803261,-2.735006993367016,-0.023147628600373782,0.023147628600373782
Cc1ccc2c(OCCN3CCC(Cc4ccc5c(c4F)NC(=O)CO5)CC3)cc(Cl)cc2n1,2.512,-0.40001963506515853,1,train,8.599980364934842,-0.3769252127113382,-0.023094422353820254,0.023094422353820254
Cc1ccc2c(N3CCN(CCc4cccc5c4OCC(=O)N5C)CC3)cccc2n1,0.1585,0.7999707334462297,1,train,9.79997073344623,0.8229874875278324,-0.02301675408160264,0.02301675408160264
Cc1ccc2c(N3CCN(CCc4cccc(NC(=O)c5ccc(F)cc5)c4)CC3)cccc2n1,1.259,-0.10002573010786256,0,train,8.899974269892137,-0.12301521272615668,0.02298948261829417,0.02298948261829417
COc1ccccc1N1CCN(CCCN2C(=O)N(C)C(=O)C2(c2ccccc2)c2ccccc2)CC1,6.5,-0.8129133566428556,0,train,8.187086643357144,-0.7899630838589714,-0.022950272783884174,0.022950272783884174
COc1cccc(OC)c1OCCNCCOc1ccccc1OCc1cccc(C)c1,18.2,-1.2600713879850747,0,train,7.739928612014925,-1.2371231894176895,-0.02294819856738539,0.02294819856738539
COc1cc(CN2CCCCC2)ccc1OCCCN1CCC(c2noc3cc(F)ccc23)CC1,67.7,-1.8305886686851442,0,train,7.169411331314856,-1.8535218532447664,0.022933184559622344,0.022933184559622344
O=S(=O)(NCCCN1CC=C(c2c[nH]c3ccc(Cl)cc23)CC1)c1ccc(Cl)cc1,9.0,-0.9542425094393249,0,train,8.045757490560675,-0.977113753676047,0.022871244236722266,0.022871244236722266
CCOc1ccccc1N1CCN(CC(O)CN2C(=O)NC(C)(c3ccc(F)cc3)C2=O)CC1,98.0,-1.9912260756924949,0,train,7.008773924307505,-2.014078435204274,0.022852359511779108,0.022852359511779108
O=S(=O)(NC1CC2CCC(C1)N2CCOc1cccc(-c2ccccc2)c1)c1cccc(Cl)c1,254.0,-2.404833716619938,0,train,6.5951662833800615,-2.3820637618300022,-0.02276995478993582,0.02276995478993582
O=c1c(-c2ccccc2F)c2ccccn2c(=O)n1CCCCN1CCCC(c2c[nH]c3ccccc23)C1,53.0,-1.724275869600789,0,train,7.275724130399211,-1.7470043029577909,0.02272843335700192,0.02272843335700192
CC(=O)c1c(OCCCN2CCN(c3ccccc3F)CC2)ccc2c(C)cc(=O)oc12,1.3,-0.11394335230683679,1,train,8.886056647693163,-0.1366540255075295,0.022710673200692796,0.022710673200692796
CN1CCN(c2cccc3c2ccn3S(=O)(=O)c2ccccc2)CC1,164.0,-2.214843848047698,0,train,6.785156151952302,-2.2375542519722167,0.02271040392451873,0.02271040392451873
CC(C)N(C(=O)N[C@H]1CC[C@H](CCN2CCN(c3nsc4ccccc34)CC2)CC1)C(C)C,2.3,-0.36172783601759284,0,train,8.638272163982407,-0.3390202296497859,-0.022707606367806887,0.022707606367806887
Cc1ccc2c(OCCN3CCC(Cc4cccc(N5C[C@@H](C)NC[C@@H]5C)c4)CC3)cccc2n1,5.012,-0.7000110623221123,0,train,8.299988937677888,-0.7227009722981143,0.022689909976001954,0.022689909976001954
O=C1[C@@H]2[C@H]3CC[C@H](C3)[C@@H]2C(=O)N1CCCCCCN1CCN(c2cccc(C(F)(F)F)c2)CC1,22.0,-1.3424226808222062,0,train,7.657577319177793,-1.3650147780818735,0.022592097259667376,0.022592097259667376
CN(C)CCc1cccc2c1cc(C(=O)c1ccccc1)n2S(=O)(=O)c1ccccc1,480.0,-2.681241237375587,0,train,6.318758762624412,-2.658704096774788,-0.022537140600799255,0.022537140600799255
Cc1ccc2c(N3CCN(CCc4ccc5c(c4F)NC(=O)CO5)CC3)cccc2n1,0.2512,0.5999803649348415,1,train,9.599980364934842,0.6223836845622897,-0.022403319627448126,0.022403319627448126
COc1ccccc1N1CCN(CC2COC3(CCN(S(=O)(=O)c4ccc(Cl)cc4)CC3)O2)CC1,37.15,-1.569958818096594,0,train,7.430041181903406,-1.5923079980206467,0.02234917992405272,0.02234917992405272
O=C(N[C@H]1CC[C@H](CCN2CCN(c3nsc4ccccc34)CC2)CC1)OCc1cccs1,3.295,-0.5178554189300286,0,train,8.48214458106997,-0.4955316765866256,-0.022323742343403008,0.022323742343403008
N#Cc1ccc2[nH]cc(CCCCN3CCN(c4nccc(C(N)=O)n4)CC3)c2c1,10.0,-1.0,1,train,8.0,-1.0222601515359226,0.022260151535922645,0.022260151535922645
CC(C)COC(=O)N[C@H]1CC[C@H](CCN2CCN(c3nsc4ccccc34)CC2)CC1,3.255,-0.5125509929042107,0,train,8.487449007095789,-0.49037276899599674,-0.022178223908213945,0.022178223908213945
Cc1ccc2c(N3CCN(CCc4cccc5c4OCC(=O)N5)CC3)cccc2n1,0.2512,0.5999803649348415,1,train,9.599980364934842,0.6220808966352669,-0.022100531700425363,0.022100531700425363
NC(=O)NCCCCCCN1CCN(c2cccc(Cl)c2)CC1,39.0,-1.591064607026499,0,train,7.4089353929735005,-1.5689764841276925,-0.022088122898806573,0.022088122898806573
COc1ccccc1N1CCN(CCC(=O)c2ccccc2)CC1,50.12,-1.7000110623221123,0,train,7.299988937677888,-1.7220898138377703,0.02207875151565797,0.02207875151565797
O=C(NCCCCN1CCN(c2cccc(Cl)c2Cl)CC1)c1cccc(F)n1,30.0,-1.4771212547196624,0,train,7.522878745280337,-1.4551207732993765,-0.022000481420285878,0.022000481420285878
COc1ccc(Cl)cc1N1CCN(CCCCc2nc3ccsc3c(=O)[nH]2)CC1,13.4,-1.1271047983648077,0,train,7.872895201635192,-1.1051082815363342,-0.021996516828473478,0.021996516828473478
Fc1ccc2c(C3CCN(CCCOc4ccc(CN5CCOCC5)cc4)CC3)noc2c1,85.5,-1.9319661147281726,1,train,7.068033885271827,-1.9539162734534676,0.02195015872529482,0.02195015872529482
CCC(Oc1cccc(F)c1Cl)c1nc(N)nc(N2CCN(C)CC2)n1,1926.0,-3.2846562827885157,0,train,5.715343717211484,-3.306529220699579,0.021872937911062706,0.021872937911062706
CCCCC(C)Oc1cc2c(cc1OC)-c1c(OC)c(OC)cc3c1[C@H](C2)N(C)CC3,152.0,-2.1818435879447726,0,train,6.818156412055227,-2.203551682218849,0.021708094274076384,0.021708094274076384
CCc1cc(Cl)c(OC)c(N2CCN(CC[C@H]3CC[C@H](NC(=O)N(C)C)CC3)CC2)c1,45.4,-1.657055852857104,0,train,7.342944147142896,-1.6787518218995756,0.02169596904247162,0.02169596904247162
COc1ccc2[nH]cc(CCNCc3ccc(-c4ccc(Cl)cc4)o3)c2c1,218.0,-2.3384564936046046,0,train,6.661543506395395,-2.3167962652065883,-0.02166022839801629,0.02166022839801629
CCCOc1cccc(CN2CCN(Cc3cc4ccccc4o3)CC2)c1,774.0,-2.8887409606828927,0,train,6.111259039317107,-2.867122975358557,-0.021617985324335454,0.021617985324335454
O=S(=O)(c1cncc2ccccc12)N1CCC[C@H]1CCN1CCC(c2noc3cc(F)ccc23)CC1,111.0,-2.0453229787866576,0,train,6.954677021213342,-2.0237263392746083,-0.021596639512049265,0.021596639512049265
COc1ccc(-c2ccccc2N2CCN(CCCCCC(=O)NCc3ccc(C#N)cc3)CC2)cc1,126.0,-2.100370545117563,1,train,6.899629454882437,-2.121927526218849,0.0215569811012859,0.0215569811012859
c1ccc(CN2CCN(CC3CCc4ccccc4C3)CC2)cc1,185.0,-2.2671717284030137,1,train,6.732828271596986,-2.288417383864135,0.021245655461121338,0.021245655461121338
Cc1ccc2c(N3CCN(CCc4cccc5c4ccc(=O)n5C)[C@@H](C)C3)cccc2n1,3.162,-0.4999618655961902,0,train,8.500038134403809,-0.4787361203886681,-0.02122574520752213,0.02122574520752213
NC(=O)c1ccccc1NC(=O)CCCCN1CCN(c2cccc(Cl)c2)CC1,39.6,-1.5976951859255124,0,train,7.402304814074488,-1.6188169363404894,0.021121750414976992,0.021121750414976992
COc1ccc(-c2c3n(c(=O)n(CCCCN4CCCC(c5c[nH]c6ccc(F)cc56)C4)c2=O)CCCC3)cc1,42.0,-1.6232492903979006,0,train,7.376750709602099,-1.6442922792397963,0.021042988841895705,0.021042988841895705
OC1(c2ccc(Cl)cc2)CC2CCC(C1)N2CCCSc1ccccc1F,8.2,-0.9138138523837167,0,train,8.086186147616283,-0.8928073729782589,-0.021006479405457967,0.021006479405457967
Cc1ccc2c(N3CCN(CCc4cccc5c4OCc4c(C(=O)NC6CCC6)ncn4-5)CC3)cccc2n1,0.1585,0.7999707334462297,0,train,9.79997073344623,0.7789778929264558,0.020992840519773903,0.020992840519773903
O=C(CCCCCN1CCN(c2ccccn2)CC1)NC1CCCc2ccccc21,36.4,-1.561101383649056,0,train,7.438898616350944,-1.5401341316787447,-0.02096725197031124,0.02096725197031124
CN(C)CCSc1cccc(C2(O)CCCCC2)n1,41.0,-1.6127838567197355,0,train,7.3872161432802645,-1.6337198323337208,0.02093597561398508,0.02093597561398508
O=C(N[C@H]1CC[C@H](CCN2CCN(c3nsc4ccccc34)CC2)CC1)c1cc2cc([N+](=O)[O-])ccc2[nH]1,8.45,-0.9268567089496923,0,train,8.073143291050307,-0.9476498430757571,0.02079313412606465,0.02079313412606465
Cc1ccc2c(OCCN3CCC(Cc4cccc(-c5ccncc5)c4)CC3)cccc2n1,7.943,-0.899984562549391,1,train,8.100015437450608,-0.920610728596281,0.02062616604689005,0.02062616604689005
Cc1ccc(Cl)c(N2CCN(CCN3C(=O)CC4(CCCC4)CC3=O)CC2)c1,69.55,-1.8422971343280652,1,train,7.157702865671935,-1.8217609272776831,-0.020536207050381616,0.020536207050381616
COc1cc(N2CCN(C3CCN(c4ccc(F)c5ccc(C(F)(F)F)nc45)CC3)CC2)c2ncccc2c1,3.6,-0.5563025007672873,0,train,8.443697499232712,-0.535783881152044,-0.02051861961524326,0.02051861961524326
Cc1ccccc1OCCNCC1COCC(c2ccccc2)(c2ccccc2)O1,1.122,-0.049992856920142645,0,train,8.950007143079857,-0.07031666587836541,0.020323808958222805,0.020323808958222805
COc1cc2c(CCN(C)C)c[nH]c2cc1F,84.5,-1.9268567089496924,0,train,7.073143291050307,-1.9065332187183799,-0.020323490231312524,0.020323490231312524
c1ccc(-c2cccc(N3CCNCC3)c2)cc1,72.1,-1.857935264719429,0,train,7.142064735280571,-1.8780812692669033,0.020146004547474394,0.020146004547474394
COc1ccccc1N1CCN(CCCCNc2nc(N)nc(NCCc3c[nH]c4ccccc34)n2)CC1,12.0,-1.0791812460476249,1,train,7.920818753952375,-1.0992540740623877,0.020072828014762845,0.020072828014762845
Fc1ccc2c(C3CCN(CCCOc4ccc(CN5CCOCC5)cc4Cl)CC3)noc2c1,105.2,-2.02201573981772,1,train,6.97798426018228,-2.001969717490412,-0.020046022327308233,0.020046022327308233
CN1CCC(c2c[nH]c3ccc(NC(=O)c4cccc(C#N)c4)nc23)CC1,100.0,-2.0,0,train,7.0,-2.0199506051186553,0.019950605118655318,0.019950605118655318
Oc1ccc(-c2ccc(CNCCc3c[nH]c4ccccc34)o2)cc1,292.0,-2.4653828514484184,1,train,6.534617148551582,-2.4853026877395292,0.019919836291110826,0.019919836291110826
O=C1c2ccccc2S(=O)(=O)N1CCCCCCN1CCN(c2cccc(Cl)c2)CC1,21.0,-1.3222192947339193,1,train,7.6777807052660805,-1.3027671244168204,-0.019452170317098894,0.019452170317098894
O=C1CC(CN2CCC(c3c[nH]c4cc(F)ccc34)CC2)Cc2nc(N3CCCC3)sc21,102.33,-2.0100029741270595,0,train,6.98999702587294,-2.029307460761841,0.019304486634781348,0.019304486634781348
O=C(NC1CCN(CCOc2ccccc2-c2ccccc2)CC1)c1cccc(Cl)c1,148.0,-2.1702617153949575,0,train,6.8297382846050425,-2.1894770958114576,0.019215380416500505,0.019215380416500505
O=c1c2ccccc2ncn1CCCCCN1CCN(Cc2ccccc2)CC1,268.0,-2.428134794028789,1,train,6.571865205971211,-2.4472713298849036,0.019136535856114634,0.019136535856114634
Fc1ccc2c(C3CCN(CCCOc4ccc(CN5CCCC5)cc4Cl)CC3)noc2c1,79.2,-1.8987251815894934,1,train,7.101274818410507,-1.9177997054092044,0.019074523819711198,0.019074523819711198
CC(Oc1cc(C(F)(F)F)ccc1C(F)(F)F)c1nc(N)nc(N2CCN(C)CC2)n1,5759.0,-3.7603470785299065,0,train,5.2396529214700935,-3.7792213357390807,0.01887425720917424,0.01887425720917424
Fc1ccc2c(C3=CCN(CCc4coc5ccccc45)CC3)c[nH]c2c1,56.3,-1.7505083948513462,0,train,7.249491605148654,-1.7692277622793933,0.01871936742804703,0.01871936742804703
NC(=O)[C@@H]1Cc2ccccc2CN1C(=O)CCCCCN1CCN(c2ccc(F)cc2)CC1,643.0,-2.808210972924222,0,train,6.191789027075778,-2.8268132734236207,0.018602300499398705,0.018602300499398705
OC1(c2ccc(Cl)c(C(F)(F)F)c2)CCN(CCCN(c2ccc(F)cc2)c2ccc(F)cc2)CC1,1262.0,-3.1010593549081156,0,train,5.898940645091884,-3.082573142590572,-0.018486212317544215,0.018486212317544215
Fc1ccc2[nH]cc(CCCCN3CCN(c4nccc(C(F)(F)F)n4)CC3)c2c1,2.0,-0.3010299956639812,0,train,8.698970004336019,-0.319460401744929,0.018430406080947814,0.018430406080947814
Cn1ncc2c1C(=O)N(CCN1CCN(c3nsc4ccccc34)CC1)CC2,1.99,-0.29885307640970665,1,train,8.701146923590294,-0.28046413622401667,-0.018388940185689928,0.018388940185689928
Cc1nc(N2CCN(CCCc3c[nH]c4ccc(F)cc34)CC2)sc1C#N,4.2,-0.6232492903979004,0,train,8.3767507096021,-0.6414535938479152,0.01820430345001478,0.01820430345001478
COc1cc(OC)nc(N2CCN(CCCCc3c[nH]c4ccc(F)cc34)CC2)n1,2.8,-0.4471580313422192,0,train,8.55284196865778,-0.42905073478056627,-0.01810729656165294,0.01810729656165294
Cc1ccc2c(N3CCN(CCc4cccc(NC(=O)Nc5ccc(F)cc5)c4)CC3)cccc2n1,2.512,-0.40001963506515853,0,train,8.599980364934842,-0.41800864614695143,0.01798901108179296,0.01798901108179296
COCOc1ccc(CNC(=O)CCCCCN2CCN(c3ccccc3-c3ccc(OC)cc3)CC2)cc1,160.0,-2.2041199826559246,0,train,6.795880017344075,-2.186236514697796,-0.017883467958129007,0.017883467958129007
COc1ccccc1N1CCN(CC2COC3(CCN(C(=O)c4ccco4)CC3)O2)CC1,42.66,-1.63002085111341,0,train,7.36997914888659,-1.6478964643063967,0.017875613192986695,0.017875613192986695
O=C1c2ccccc2S(=O)(=O)N1CCCCCCN1CCN(c2ccccn2)CC1,13.0,-1.1139433523068367,0,train,7.886056647693163,-1.0960771582199553,-0.017866194086881393,0.017866194086881393
O=C1c2ccccc2S(=O)(=O)N1CCCCCN1CCN(c2ccccn2)CC1,13.0,-1.1139433523068367,0,train,7.886056647693163,-1.0960771582199553,-0.017866194086881393,0.017866194086881393
Cc1sc2ncn(CCCCCN3CCN(c4ccccc4)CC3)c(=O)c2c1C,16.1,-1.2068258760318498,1,train,7.79317412396815,-1.1890383613672015,-0.01778751466464823,0.01778751466464823
Cc1ccc2c(N3CCN(CCc4cc5c(cc4F)OCC(=O)N5)CC3)cccc2n1,0.2512,0.5999803649348415,0,train,9.599980364934842,0.5822867868989507,0.017693578035890778,0.017693578035890778
CC1(CCN2CCN(c3noc4ccccc34)CC2)CCc2cccnc2C1=O,38.1,-1.5809249756756194,0,train,7.41907502432438,-1.5633138849231738,-0.017611090752445602,0.017611090752445602
CC(C)NCC(O)COc1ccccc1CCCSCC(=O)NCCOCCOCCNC(=O)OC(C)(C)C,35.8,-1.5538830266438743,1,train,7.446116973356125,-1.571423329374167,0.017540302730292723,0.017540302730292723
COc1ccc(Br)c(CC2CCN(CCc3cc4c(cc3Cl)OCCO4)CC2)c1,6.46,-0.8102325179950841,1,train,8.189767482004916,-0.7927098154336061,-0.017522702561478032,0.017522702561478032
O=S(=O)(NC1CCN(CCOc2cccc(Br)c2)CC1)c1ccc(Br)cc1,2669.0,-3.4263485737875077,0,train,5.573651426212493,-3.408844989843162,-0.017503583944346257,0.017503583944346257
COc1cccc2cc(C3CCN(C[C@H](O)COc4cccc5[nH]ccc45)CC3)sc12,6.13,-0.787460474518415,0,train,8.212539525481585,-0.7699656702713041,-0.017494804247110918,0.017494804247110918
CN1CCN(c2nc(N)nc(CCC[Se]c3ccccc3)n2)CC1,1718.0,-3.2350231594952237,0,train,5.764976840504776,-3.2523831952342,0.01736003573897582,0.01736003573897582
Cc1ccc(-c2n[nH]cc2N2CCCNCC2)cc1,955.0,-2.9800033715837464,0,train,6.019996628416253,-2.962668298812567,-0.017335072771179405,0.017335072771179405
O=S(=O)(NCCN1CC=C(c2c[nH]c3ccc(Cl)cc23)CC1)c1cccc2ccccc12,4.0,-0.6020599913279624,1,train,8.397940008672037,-0.6193517179916129,0.01729172666365053,0.01729172666365053
N#Cc1ccc2[nH]cc(CCCNC3COc4ccc5c(c4C3)C(=O)NC5)c2c1,36.0,-1.5563025007672873,0,train,7.443697499232712,-1.5391715090526574,-0.01713099171462984,0.01713099171462984
N#Cc1ccc2[nH]cc(CCCCN3CCN(c4ccc(N5CCCCC5=O)cc4)CC3)c2c1,1.9,-0.2787536009528289,0,train,8.721246399047171,-0.26184208097124584,-0.01691151998158308,0.01691151998158308
N#Cc1ccc(C(=O)N[C@H]2CC[C@H](CCN3CCN(c4nsc5ccccc45)CC3)CC2)o1,4.01,-0.6031443726201823,0,train,8.396855627379818,-0.6199855708203024,0.01684119820012009,0.01684119820012009
COc1cccc2c1OC(CNCCc1c[nH]c3ccc(F)cc13)CN2,9.31,-0.9689496809813426,1,train,8.031050319018657,-0.9857073482666369,0.016757667285294264,0.016757667285294264
CSc1ccccc1N1CCN(CCCCCC(=O)NCc2ccccc2)CC1,12.0,-1.0791812460476249,1,train,7.920818753952375,-1.0625295800998387,-0.01665166594778622,0.01665166594778622
O=C(c1cnc2ccccc2n1)N(CCN1CC=C(c2ccccc2)CC1)c1ccccn1,8.27,-0.9175055095525466,0,train,8.082494490447454,-0.9341458833725937,0.016640373820047127,0.016640373820047127
Cc1cc(C(=O)N2CCc3cc4ccnc(N5CCN(C)CC5)c4cc32)c(C(F)(F)F)o1,5.012,-0.7000110623221123,0,train,8.299988937677888,-0.7166144178047488,0.016603355482636473,0.016603355482636473
CC(=O)Nc1cccc(OCCNCC2(F)CCN(C(=O)c3ccc(F)c(Cl)c3)CC2)c1,0.08309,1.080451241031152,0,train,10.080451241031152,1.0639593643141962,0.016491876716955733,0.016491876716955733
Cc1cccc(S(=O)(=O)NCCCCN2CC=C(c3c[nH]c4ccc(Cl)cc34)CC2)c1,6.0,-0.7781512503836436,1,train,8.221848749616356,-0.7946123788138704,0.016461128430226735,0.016461128430226735
Cc1ccc2c(c1)C[C@@H](N1CCC(c3cccc4c3OCCO4)CC1)[C@@H]2O,1.175,-0.07003786660775509,0,train,8.929962133392245,-0.05359349132694272,-0.01644437528081228,0.01644437528081228
O=C1CC2CCc3ccsc3C2=NN1CCCCN1CCN(Cc2ccccc2)CC1,496.0,-2.6954816764901977,0,train,6.304518323509802,-2.7118532221805727,0.016371545690375022,0.016371545690375022
Cc1ccc2cccc(N3CCN(CCC(O)c4csc5ccccc45)CC3)c2n1,10.23,-1.0098756337121602,0,train,7.99012436628784,-1.0262259359124442,0.016350302200283995,0.016350302200283995
Cn1cncc1-c1c[nH]c2ccc(I)cc12,832.0,-2.920123326290724,1,train,6.0798766737092755,-2.9363130382485116,0.016189711957787623,0.016189711957787623
COC(CNC1CCCCC1)COc1cccc2[nH]ccc12,40.6,-1.608526033577194,0,train,7.391473966422806,-1.624715322436183,0.01618928885898896,0.01618928885898896
CCOc1ccccc1N1CCN(CCCCCCN2C(=O)c3cccc4cccc(c34)C2=O)CC1,28.0,-1.4471580313422192,1,train,7.552841968657781,-1.4309765815385733,-0.016181449803645886,0.016181449803645886
O=c1[nH]c(CCCCN2CCN(c3ccccc3)CC2)nc2cc(-c3ccccc3)sc12,40.4,-1.606381365110605,0,train,7.393618634889395,-1.5904287737049336,-0.01595259140567129,0.01595259140567129
COc1ccc(Br)c(CC2CCN(CCc3ccc(OC)c(OC)c3)CC2)c1,1.56,-0.1931245983544616,0,train,8.806875401645538,-0.17731432078078288,-0.015810277573678727,0.015810277573678727
C=CCc1ccc2c(c1O)-c1cc(OC)cc3c1[C@@H](C2)N(C)CC3,144.0,-2.1583624920952498,0,train,6.84163750790475,-2.174167306924817,0.015804814829567082,0.015804814829567082
COc1cccc(OC)c1OCCNCCOc1ccccc1Cc1ccccc1,10.72,-1.0301947853567512,0,train,7.969805214643249,-1.045936042014015,0.01574125665726367,0.01574125665726367
COc1cc(CN2CCCC2)ccc1OCCCN1CCC(c2noc3cc(F)ccc23)CC1,77.9,-1.8915374576725645,0,train,7.108462542327436,-1.875890377453627,-0.015647080218937237,0.015647080218937237
Cc1ccc2c3c(ccc2n1)OC[C@H](CN1CCN(c2ccc4cc([N+](=O)[O-])ccc4n2)CC1)O3,20.0,-1.3010299956639813,0,train,7.698970004336019,-1.3166561443087152,0.015626148644733995,0.015626148644733995
CC(Oc1cccc(Cl)c1)c1nc(N)nc(N2CCN(C)CC2)n1,3438.0,-3.5363058723510337,0,train,5.463694127648966,-3.551762948290169,0.015457075939135478,0.015457075939135478
O=C([C@@H]1CCCN1C(=O)CCCCN1CCN(c2ccccc2-c2ccccc2)CC1)N1CCCCC1,35.0,-1.5440680443502757,0,train,7.455931955649724,-1.5594913120950629,0.015423267744787195,0.015423267744787195
CC(Sc1ccccc1Cl)c1nc(N)nc(N2CCN(C)CC2)n1,3384.0,-3.529430354366986,0,train,5.470569645633014,-3.514162107962306,-0.015268246404680053,0.015268246404680053
O=C(CCCCCN1CCN(c2ccccc2-c2ccccc2)CC1)NCc1ccc(OCCN2CCOCC2)cc1,160.0,-2.2041199826559246,0,train,6.795880017344075,-2.219215210097225,0.015095227441300096,0.015095227441300096
OC(COc1cc(F)cc2c1OCCC2)CN1CCC2(CC1)OCc1c2ccc2ccccc12,5.5,-0.7403626894942439,0,train,8.259637310505756,-0.7253054725403604,-0.015057216953883512,0.015057216953883512
Cc1nc2c(o1)CCCN(CCN1CCC(c3noc4ccccc34)CC1)C2=O,2.12,-0.32633586092875144,1,train,8.67366413907125,-0.3112972661712892,-0.015038594757462165,0.015038594757462165
COc1ccc2[nH]cc(C3CCCN(CCCCN4C(=O)CC(c5c[nH]c6ccccc56)C4=O)C3)c2c1,78.0,-1.8920946026904804,1,train,7.107905397309519,-1.8771246375943653,-0.014969965096115034,0.014969965096115034
Cc1cccc2c(NCCNc3ccnc4c(C)cccc34)ccnc12,1174.95,-3.0700193855982882,0,train,5.929980614401712,-3.08497908540465,0.014959699806362359,0.014959699806362359
COc1ccc(-c2ccccc2N2CCN(C[C@@H](O)COc3ccc(Cl)cc3F)CC2)cc1,264.0,-2.4216039268698313,0,train,6.578396073130168,-2.4364642384355184,0.014860311565686679,0.014860311565686679
COc1cc(N2CCN(C3CCN(c4cc(F)cc5cccnc45)CC3)CC2)c2ncccc2c1,3.4,-0.5314789170422551,1,train,8.468521082957745,-0.5463002444870361,0.01482132744478093,0.01482132744478093
Cc1cccc(N2CCN(CCCCNC(=O)c3cc4ccccc4o3)CC2)c1,11.9,-1.0755469613925308,0,train,7.924453038607469,-1.0903627212134257,0.014815759820894892,0.014815759820894892
Cn1cnc(-c2ccc3c(c2)c(C2CCN(CCN4CCOC4=O)CC2)cn3-c2ccc(F)cc2)n1,25.0,-1.3979400086720377,1,train,7.6020599913279625,-1.4127554632095052,0.014815454537467687,0.014815454537467687
CC(=O)N(C)c1cccc(CCN2CCN(c3cccc4nc(C)ccc34)CC2)c1,1.995,-0.2999429000227671,1,train,8.700057099977233,-0.31474670588903225,0.014803805866265174,0.014803805866265174
COc1ccccc1N1CCN(CC2COC3(CCN(S(=O)(=O)c4cccc([N+](=O)[O-])c4)CC3)O2)CC1,43.65,-1.6399842480415885,0,train,7.360015751958412,-1.6252022486808764,-0.014781999360712117,0.014781999360712117
CN1C(=N)NC(=O)/C1=C\c1c[nH]c2ccc(Br)cc12,3215.0,-3.5071809772602407,0,train,5.492819022739759,-3.4924154681119837,-0.014765509148257028,0.014765509148257028
O=C(c1ccc(Cl)c(Cl)c1)N1CCC(F)(CNCCOc2ccccn2)CC1,0.11694,0.9320369104987349,1,train,9.932036910498734,0.9172934758054109,0.014743434693323954,0.014743434693323954
COc1ccccc1N1CCN(CC(F)CCNC(=O)c2ccc3c(c2)Cc2ccccc2-3)CC1,299.0,-2.4756711883244296,0,train,6.52432881167557,-2.490378562569987,0.014707374245557236,0.014707374245557236
CC(C)c1ccccc1OCCN1CCC(NS(=O)(=O)c2cccc(Cl)c2)C1,31.0,-1.4913616938342726,1,train,7.508638306165727,-1.5058775903322728,0.014515896498000114,0.014515896498000114
OCCOc1cc(CC2CCN(CCc3ccc4c(c3)C(O)CCO4)CC2)ccc1Br,33.0,-1.5185139398778875,1,train,7.481486060122112,-1.5040130995272423,-0.01450084035064525,0.01450084035064525
Fc1cccc(-c2ccccc2N2CCN(CCCc3c[nH]c4ccc(F)cc34)CC2)c1,8.1,-0.9084850188786497,0,train,8.09151498112135,-0.8940148833143923,-0.014470135564257358,0.014470135564257358
COc1cccc2sc([C@@H]3C[C@H]4CC[C@@H](C3)N4C[C@H](O)COc3cccc4[nH]c(C(N)=O)cc34)cc12,12.36,-1.0920184707527971,0,train,7.907981529247203,-1.106377037821682,0.014358567068884831,0.014358567068884831
O=c1c2cnc(C3CC3)nc2ccn1CCN1CCN(c2nsc3ccccc23)CC1,10.9,-1.0374264979406236,0,train,7.962573502059376,-1.051730690172156,0.014304192231532342,0.014304192231532342
c1ccc2nc(N3CCNCC3)ccc2c1,230.0,-2.361727836017593,1,train,6.638272163982407,-2.3477871646556876,-0.013940671361905466,0.013940671361905466
COc1cccc(OCCNCC2COC(c3ccccc3)(c3ccccc3)O2)c1OC,7.586,-0.8800128383667718,1,train,8.119987161633228,-0.8939314909965667,0.013918652629794859,0.013918652629794859
COc1cccc2c(C(C)CN3CC=C(c4c[nH]c5ccccc45)CC3)coc12,29.2,-1.4653828514484182,0,train,7.534617148551582,-1.4515388102588145,-0.013844041189603695,0.013844041189603695
COc1ccccc1N1CCN(CCCCN2C(=O)C[C@H](NC(C)=O)C2=O)CC1,69.0,-1.8388490907372552,0,train,7.161150909262744,-1.8525880072181615,0.013738916480906305,0.013738916480906305
CN1CCC(c2c[nH]c3ccc(NC(=O)c4ccccn4)nc23)CC1,41.0,-1.6127838567197355,1,train,7.3872161432802645,-1.5991365856574111,-0.01364727106232455,0.01364727106232455
CC(C)c1ccccc1OCCN1CCC(NS(=O)(=O)c2cc(F)ccc2F)CC1,208.0,-2.3180633349627615,1,train,6.681936665037238,-2.331701934263087,0.01363859930032607,0.01363859930032607
O=C(CCCN1CCN(c2ncccn2)CC1)c1nc2ccccc2s1,63.0,-1.7993405494535817,1,train,7.200659450546418,-1.7857859985171034,-0.013554550936478282,0.013554550936478282
Cc1noc2ccn(CCN3CCN(c4nsc5ccccc45)CC3)c(=O)c12,6.69,-0.8254261177678232,1,train,8.174573882232178,-0.8119037669833641,-0.01352235078445907,0.01352235078445907
Fc1ccccc1Oc1cccc(F)c1OC1CNC1,12.0,-1.0791812460476249,0,train,7.920818753952375,-1.0926308486112646,0.013449602563639695,0.013449602563639695
O=C(N(CCN1CCN(c2ccccc2O)CC1)c1ccccn1)C12CC3CC(CC(CF)(C3)C1)C2,1.1,-0.04139268515822508,0,train,8.958607314841775,-0.054835564960567115,0.013442879802342114,0.013442879802342114
Cc1ccc2c(OCCN3CCC(Cc4ccc5c(c4F)NC(=O)CO5)CC3)cc(F)cc2n1,1.585,-0.2000292665537703,1,train,8.79997073344623,-0.21337066388336826,0.013341397329597965,0.013341397329597965
Fc1ccc2c(C3CCN(CCCOc4ccc(CN5CCOCC5)c(F)c4)CC3)noc2c1,92.2,-1.9647309210536295,1,train,7.035269078946371,-1.978062372675319,0.013331451621689805,0.013331451621689805
COc1cccc(CN2CC=C(c3c[nH]c4ccc(OC)cc34)CC2)c1,135.0,-2.130333768495006,0,train,6.8696662315049934,-2.1436345116626634,0.01330074316765728,0.01330074316765728
CC(C)c1ccccc1OCCN1CCC(N(C)S(=O)(=O)c2cccc(F)c2)CC1,190.0,-2.278753600952829,0,train,6.721246399047171,-2.2655142496680805,-0.013239351284748402,0.013239351284748402
CC(C)c1cccc(OCCN2C3CCC2CC(NS(=O)(=O)c2ccc(F)c(F)c2)C3)c1,99.0,-1.99563519459755,0,train,7.00436480540245,-2.008687152668947,0.01305195807139703,0.01305195807139703
COc1ccc(OC)c(C2CCN(Cc3cnn(-c4ccccc4F)c3C)C2)c1,103.0,-2.012837224705172,0,train,6.987162775294828,-2.025874780420194,0.013037555715022187,0.013037555715022187
CC1(c2ccc(F)cc2)NC(=O)N(CC(O)CN2CCN(C(c3ccccc3)c3ccccc3)CC2)C1=O,5570.0,-3.745855195173729,0,train,5.2541448048262716,-3.7328279357514895,-0.013027259422239368,0.013027259422239368
O=S(=O)(NC1CCN(CCOc2ccccc2-c2ccccc2)C1)c1cccs1,45.0,-1.6532125137753437,1,train,7.346787486224656,-1.6662340255933783,0.013021511818034792,0.013021511818034792
COc1ccccc1N1CCN(CCN(C(=O)c2cnc3ccccc3n2)c2ccccn2)CC1,2.48,-0.3944516808262163,0,train,8.605548319173783,-0.4074613999412463,0.013009719115030016,0.013009719115030016
Cn1c(=O)c2c(nc3n2CCCC(=O)N3CCCN2CCN(c3cccc(Cl)c3)CC2)n(C)c1=O,60.26,-1.7800291273373383,0,train,7.219970872662662,-1.7670899065168753,-0.01293922082046306,0.01293922082046306
CNCc1ccc(Cl)c(-c2ccccc2OC)c1,1700.0,-3.230448921378274,0,train,5.769551078621726,-3.217699727660709,-0.012749193717565,0.012749193717565
CCc1c(C(=O)N2CCc3cc4ccnc(N5C[C@@H](C)N[C@@H](C)C5)c4cc32)cnn1-c1ccc(C#N)cc1,31.62,-1.4999618655961902,0,train,7.50003813440381,-1.4872417726650604,-0.012720092931129745,0.012720092931129745
O=C(CCOCCN1CCN(c2ccccc2-c2ccccc2)CC1)NCc1ccc(C(F)(F)F)cc1,582.0,-2.7649229846498886,1,train,6.235077015350111,-2.752253355934266,-0.012669628715622494,0.012669628715622494
Cn1nnc(-c2ccc3c(c2)c(C2CCN(CCN4CCOC4=O)CC2)cn3-c2ccc(F)cc2)n1,49.0,-1.6901960800285136,0,train,7.309803919971486,-1.6775832596090632,-0.012612820419450443,0.012612820419450443
Fc1ccc2c(C3CCN(CCCOc4ccc(CN5CCCC5)cc4)CC3)noc2c1,81.6,-1.911690158753861,1,train,7.088309841246139,-1.899216250442132,-0.01247390831172912,0.01247390831172912
CN1CCN(c2nccc3cc4c(cc23)N(C(=O)c2ccccc2Cl)CC4)CC1,5.012,-0.7000110623221123,0,train,8.299988937677888,-0.6875978640504549,-0.012413198271657433,0.012413198271657433
Cn1cc2c(n1)C(=O)N(CCN1CCC(c3noc4ccccc34)CC1)CC2,5.17,-0.7134905430939426,1,train,8.286509456906057,-0.7258496360564533,0.012359092962510698,0.012359092962510698
COc1ccccc1N1CCN(CC(O)CN2C(=O)NC(C)(c3ccc4ccccc4c3)C2=O)CC1,128.0,-2.1072099696478683,0,train,6.892790030352131,-2.1195667177650113,0.012356748117142935,0.012356748117142935
CC(C)Oc1cccc2c1N=C(N)NC2C,265.0,-2.423245873936808,0,train,6.576754126063192,-2.4353678438279496,0.01212196989114167,0.01212196989114167
CCCN(CCCc1c[nH]c2ccc(F)cc12)C1COc2c(ccc3ncccc23)C1,46.0,-1.662757831681574,0,train,7.337242168318426,-1.6746666817016758,0.011908850020101669,0.011908850020101669
CNC(=O)Cn1c2c(c3ccccc31)CCN(CCCCC13CCCc4cccc(c41)NC3=O)C2,128.82,-2.109983294819892,0,train,6.890016705180107,-2.121837036788145,0.011853741968252951,0.011853741968252951
CN1CCC(c2c[nH]c3ccc(NC(=O)c4ccccc4F)nc23)CC1,42.0,-1.6232492903979006,1,train,7.376750709602099,-1.6348776021680111,0.011628311770110589,0.011628311770110589
CC(C)Oc1ccc2[nH]cc(C3=CCN(Cc4ccco4)CC3)c2c1,431.0,-2.6344772701607315,0,train,6.3655227298392685,-2.622897123684449,-0.011580146476282582,0.011580146476282582
CN1C(=N)N/C(=C/c2c[nH]c3cccc(Br)c23)C1=O,3445.0,-3.5371892262436444,1,train,5.462810773756356,-3.5256477924696052,-0.011541433774039156,0.011541433774039156
CCn1cncc1-c1c[nH]c2ccc(I)c(F)c12,589.0,-2.7701152947871015,0,train,6.229884705212898,-2.7586187489261387,-0.011496545860962382,0.011496545860962382
O=C(NCCC(O)CN1CCN(c2cccc(Cl)c2Cl)CC1)c1ccc2c(c1)Cc1ccccc1-2,1810.0,-3.2576785748691846,0,train,5.7423214251308154,-3.246186611494039,-0.011491963375145797,0.011491963375145797
O=C1NCCN1CCN1CCC(c2cn(-c3ccc(F)cc3)c3ccc(-c4c[nH]nn4)cc23)CC1,45.0,-1.6532125137753437,0,train,7.346787486224656,-1.6646365579548643,0.01142404417952081,0.01142404417952081
NCCc1c[nH]c2ccc(OCCCC(=O)N3CCN(c4ccc([N+](=O)[O-])cc4)CC3)cc12,15.1,-1.1789769472931695,0,train,7.82102305270683,-1.190388514202942,0.011411566909772297,0.011411566909772297
Fc1ccc2c(C3CCN(CCCCOc4ccc(CN5CCOCC5)cc4)CC3)noc2c1,95.4,-1.9795483747040952,1,train,7.020451625295905,-1.9909572568104423,0.011408882106347162,0.011408882106347162
CC(C)c1ccccc1OCCN1CCC(NC(=O)Nc2ccc(F)cc2)CC1,190.0,-2.278753600952829,0,train,6.721246399047171,-2.2901045463931933,0.011350945440364413,0.011350945440364413
Fc1cccc(Oc2ccccc2Cl)c1OC1CNC1,14.0,-1.146128035678238,0,train,7.853871964321762,-1.157393045723881,0.011265010045643065,0.011265010045643065
Cc1cn2c(n1)COc1c(CCN3CCN(c4cccc5nc(C)ccc45)CC3)cccc1-2,0.1995,0.700057099977233,0,train,9.700057099977233,0.6887972948186974,0.01125980515853553,0.01125980515853553
O=C1CC2(CCCC2)CCN1CCN1CCN(c2cc(Cl)ccc2Cl)CC1,17.43,-1.2412973871099933,1,train,7.758702612890007,-1.2523634416843465,0.011066054574353279,0.011066054574353279
O=S(=O)(NC1CCN(CCOc2ccccc2)CC1)c1ccc(F)cc1,1764.0,-3.246498580795801,1,train,5.753501419204198,-3.2572820488895724,0.010783468093771287,0.010783468093771287
O=C(CCCCN1CCC(n2c(=O)[nH]c3cc(Cl)ccc32)CC1)c1nc2ccccc2s1,252.0,-2.401400540781544,0,train,6.598599459218455,-2.3906308162956225,-0.010769724485921728,0.010769724485921728
CCOC(=O)Nc1cccc(CCN2CCN(c3cccc4nc(C)ccc34)CC2)c1,1.259,-0.10002573010786256,1,train,8.899974269892137,-0.11078955490322107,0.010763824795358562,0.010763824795358562
COc1ccc2[nH]cc(C3CCCN(CCCCn4c(=O)c(-c5ccccc5C)c5n(c4=O)CCCC5)C3)c2c1,66.0,-1.8195439355418688,0,train,7.180456064458131,-1.8302826719649148,0.010738736423046014,0.010738736423046014
CCCN[C@@H]1CCc2cccc(OC)c2[C@@H]1CO,5.4,-0.7323937598229685,0,train,8.267606240177031,-0.7217495064849945,-0.01064425333797403,0.01064425333797403
CC1CCN(CC[C@H]2CCCN2S(=O)(=O)c2cccc(Br)c2)CC1,398.11,-2.60000308662774,1,train,6.399996913372259,-2.5894640630336117,-0.010539023594128505,0.010539023594128505
CCC(Oc1cc(F)ccc1OC)c1nc(N)nc(N2CCN(C)CC2)n1,4752.0,-3.6768764319731373,0,train,5.323123568026863,-3.68738070910686,0.01050427713372315,0.01050427713372315
N#Cc1ccc2[nH]cc(CCCN3CCN(c4ccc(N5CCCNC5=O)cc4)CC3)c2c1,1.9,-0.2787536009528289,0,train,8.721246399047171,-0.26843497895099194,-0.010318622001836975,0.010318622001836975
CCCS(=O)(=O)Nc1cccc(CCN2CCN(c3cccc4nc(C)ccc34)CC2)c1,1.585,-0.2000292665537703,0,train,8.79997073344623,-0.1897409990401252,-0.010288267513645089,0.010288267513645089
Cc1cc2c(OC[C@@H](O)CN3CC[C@@H](c4ccc5ccsc5c4)C[C@@H]3C)cccc2[nH]1,4.45,-0.6483600109809317,0,train,8.351639989019068,-0.6586382972452798,0.010278286264348124,0.010278286264348124
COc1ccccc1N1CCN(CCCCNC(=O)c2cc3ccccc3s2)CC1,41.0,-1.6127838567197355,1,train,7.3872161432802645,-1.6026710730875733,-0.010112783632162392,0.010112783632162392
N#Cc1ccccc1N1CCN(C(=O)COc2ccc3[nH]cc(CCN)c3c2)CC1,15.0,-1.1760912590556813,0,train,7.823908740944319,-1.1660128646349106,-0.01007839442077052,0.01007839442077052
O=C1NCCN1CCN1CCC(c2cn(-c3ccc(F)cc3)c3ccc(-c4cncnc4)cc23)CC1,35.0,-1.5440680443502757,0,train,7.455931955649724,-1.554138489352324,0.010070445002048345,0.010070445002048345
COc1ccc(-c2ccccc2)c(CNC(=O)NCCCN2CCN(c3ccccc3OC)CC2)c1,27.0,-1.4313637641589874,0,train,7.568636235841012,-1.4213766493195397,-0.009987114839447697,0.009987114839447697
CC(C)c1nc2c(o1)C(=O)N(CCN1CCN(c3nsc4ccccc34)CC1)CC2,8.68,-0.9385197251764918,1,train,8.061480274823507,-0.9285479603873938,-0.009971764789098003,0.009971764789098003
Cc1cccc(-c2n[nH]cc2N2CCCNCC2)c1,979.0,-2.9907826918031377,1,train,6.009217308196862,-2.9809192167634375,-0.009863475039700198,0.009863475039700198
Cc1ccc2c(N3CCN(CCc4cccc(NC(=O)C(C)C)c4)CC3)cccc2n1,1.995,-0.2999429000227671,0,train,8.700057099977233,-0.2901684100744349,-0.009774489948332188,0.009774489948332188
CC(N)Cc1c[nH]c2ccc(O)cc12,12.0,-1.0791812460476249,1,train,7.920818753952375,-1.088939691134204,0.009758445086579082,0.009758445086579082
O=C1CC2(CCCC2)CC(=O)N1CCN1CCN(c2ccccc2)CC1,35.71,-1.552789850192782,1,train,7.447210149807218,-1.5624858257032903,0.009695975510508381,0.009695975510508381
O=S(=O)(NC1CCN(CCOc2ccccc2-c2ccccc2)CC1)c1ccccc1,279.0,-2.4456042032735974,0,train,6.554395796726403,-2.455282971713607,0.009678768440009478,0.009678768440009478
COc1cccc(N2CCN(CCCCCCN3C(=O)c4cccc5cccc3c45)CC2)c1,47.0,-1.6720978579357175,0,train,7.327902142064282,-1.6624299003545175,-0.009667957581199982,0.009667957581199982
O=C(NC1CCN(CCOc2ccccc2-c2ccccc2)C1)c1ccc2ccccc2n1,45.0,-1.6532125137753437,0,train,7.346787486224656,-1.6437745605082617,-0.009437953267081856,0.009437953267081856
Cn1ccc2c1CCCN(CCN1CCN(c3nsc4ccccc34)CC1)C2=O,0.74,0.13076828026902382,1,train,9.130768280269024,0.12134690705937022,0.009421373209653569,0.009421373209653569
CC(COc1ccccc1-c1ccccc1)N1CCC(NS(=O)(=O)c2cccc(Cl)c2)CC1,696.0,-2.842609239610562,0,train,6.157390760389438,-2.8332002013344852,-0.009409038276076753,0.009409038276076753
Fc1ccc(CCCCN2CCN(c3ccc(Cl)cc3)CC2)cc1,112.0,-2.0492180226701815,0,train,6.950781977329818,-2.058555597895976,0.009337575225794925,0.009337575225794925
O=C(NCCCCN1CCN(c2ccccn2)CC1)c1ccc2ccccc2n1,24.0,-1.380211241711606,0,train,7.619788758288394,-1.3708740766689198,-0.009337165042686113,0.009337165042686113
Cn1ccc2c1CCN(CCN1CCN(c3noc4ccccc34)CC1)C2=O,35.2,-1.546542663478131,1,train,7.453457336521869,-1.5558445889888228,0.009301925510691866,0.009301925510691866
O=C1NCc2cc(F)c(OCCCCN3CCN(c4cccc5cc(F)ccc45)CC3)cc21,2.71,-0.4329692908744057,1,train,8.567030709125595,-0.4237771087227329,-0.009192182151672834,0.009192182151672834
O=C1CC2CCCc3ccsc3C2=NN1CCCCN1CCN(Cc2ccccc2)CC1,414.0,-2.617000341120899,0,train,6.3829996588791005,-2.626177590564966,0.009177249444066948,0.009177249444066948
CCc1c(C(=O)N[C@H]2CC[C@H](CCN3CCN(c4nsc5ccccc45)CC3)CC2)sc2ccccc12,4.07,-0.60959440922522,0,train,8.39040559077478,-0.6187685625253119,0.009174153300091858,0.009174153300091858
COc1ccccc1N1CCN(CC2COC3(CCN(S(=O)(=O)c4ccc(OC(F)(F)F)cc4)CC3)O2)CC1,69.18,-1.8399805576783428,0,train,7.160019442321657,-1.849122995996478,0.009142438318135104,0.009142438318135104
CNc1cccc(OCCNCC2(F)CCN(C(=O)c3ccc(F)c(Cl)c3)CC2)c1,0.11694,0.9320369104987349,1,train,9.932036910498734,0.9410436877350616,-0.009006777236326813,0.009006777236326813
O=C1c2[nH]cnc2CCCN1CCN1CCN(c2nsc3ccccc23)CC1,6.35,-0.8027737252919757,1,train,8.197226274708024,-0.7938217962908201,-0.0089519290011556,0.0089519290011556
O=C1NCc2ccc(OCCCCN3CCN(c4cccc5c4CCC5)CC3)cc21,0.74,0.13076828026902382,1,train,9.130768280269024,0.12184503154315941,0.008923248725864377,0.008923248725864377
O=C(c1ccc(F)c(Cl)c1)N1CCC(CNCc2cccc(-n3cccn3)n2)CC1,1.54,-0.18752072083646307,0,train,8.812479279163536,-0.17860717971268378,-0.008913541123779234,0.008913541123779234
C=CCN(CC=C)CCc1c[nH]c2ccc(C)cc12,31.62,-1.4999618655961902,0,train,7.50003813440381,-1.4913480027169406,-0.00861386287924959,0.00861386287924959
O=S(=O)(NCCCCN1CC=C(c2c[nH]c3ccc(Cl)cc23)CC1)c1ccc(Cl)cc1,10.0,-1.0,0,train,8.0,-0.9913919791301926,-0.008608020869807387,0.008608020869807387
O=S(=O)(c1cccc2cnccc12)N1CCC[C@H]1CCN1CCN(c2noc3ccccc23)CC1,86.0,-1.9344984512435677,1,train,7.0655015487564325,-1.9259044345560627,-0.008594016687505146,0.008594016687505146
CC(CN1CCC(c2noc3cc(F)ccc23)CC1)N1CCc2cccnc2C1=O,24.0,-1.380211241711606,0,train,7.619788758288394,-1.3886010399623958,0.008389798250789893,0.008389798250789893
OC(CCN1CCN(c2cccc3ncccc23)CC1)c1csc2ccccc12,37.15,-1.569958818096594,1,train,7.430041181903406,-1.5615746699778372,-0.008384148118756762,0.008384148118756762
NC(=O)[C@@H]1Cc2ccccc2CN1C(=O)CCCCN1CCN(c2noc3ccccc23)CC1,377.0,-2.576341350205793,1,train,6.423658649794207,-2.568194896485881,-0.00814645371991185,0.00814645371991185
Cc1ccc2c(OCCN3CCN(Cc4ccc5c(c4)N(Cc4ccccc4)C(=O)CO5)CC3)cccc2n1,3.981,-0.599992177584098,0,train,8.400007822415901,-0.5919555485712107,-0.008036629012887264,0.008036629012887264
Cc1noc2c1C(=O)N(CCN1CCN(c3nsc4ccccc34)CC1)CC2,6.99,-0.8444771757456814,1,train,8.15552282425432,-0.8523739933001374,0.007896817554456037,0.007896817554456037
O=c1ccc2ccc(OCCCCN3CCN(c4cccc(Cl)c4Cl)CC3)nc2[nH]1,14.0,-1.146128035678238,1,train,7.853871964321762,-1.138233784040268,-0.007894251637969862,0.007894251637969862
CCN(CCc1c[nH]c2ccc(F)cc12)C1COc2c(F)ccc(C(N)=O)c2C1,33.2,-1.5211380837040362,0,train,7.478861916295964,-1.5133033197758023,-0.007834763928233901,0.007834763928233901
CCc1cccc(N2CCNCC2)c1Cl,70.3,-1.8469553250198238,0,train,7.153044674980176,-1.854736447822666,0.007781122802841933,0.007781122802841933
O=C1NCc2ccc(OCCCCN3CCN(c4cccc5cc(F)c(F)cc45)CC3)cc21,1.3,-0.11394335230683679,1,train,8.886056647693163,-0.12168384334046817,0.007740491033631461,0.007740491033631461
CN(C1CCN(CCOc2ccccc2-c2ccccc2)CC1)S(=O)(=O)c1ccccc1,62.0,-1.792391689498254,0,train,7.207608310501746,-1.8000343942230552,0.00764270472480133,0.00764270472480133
O=C(OCc1ccccc1)c1cc2c3c(ccc2[nH]1)OCC(CN1CCC2(CC1)C(=O)NCN2c1ccccc1)O3,1.0,-0.0,0,train,9.0,-0.0074776651019671445,0.0074776651019671445,0.0074776651019671445
N#Cc1cccc(-c2cccc(CN3CCN(c4cccc5nc(O)oc45)CC3)c2)c1,23.0,-1.3617278360175928,0,train,7.638272163982407,-1.36919711989658,0.007469283878987154,0.007469283878987154
CC(=O)c1c(OCCCCN2CCN(c3cnccn3)CC2)ccc2c(C)cc(=O)oc12,38.0,-1.5797835966168101,1,train,7.42021640338319,-1.587148170635038,0.007364574018228209,0.007364574018228209
c1ccc(COc2ccccc2C2CCNCC2)cc1,121.0,-2.0827853703164503,0,train,6.917214629683549,-2.075610592813116,-0.007174777503334173,0.007174777503334173
COc1ccccc1N1CCN(CCCCc2cn(-c3cccc4cnccc34)nn2)CC1,6.0,-0.7781512503836436,0,train,8.221848749616356,-0.7852618493896614,0.007110599006017737,0.007110599006017737
COc1ccccc1N1CCN(CCN(C(=O)C23CCC(I)(CC2)C3)c2ccccn2)CC1,0.87,0.060480747381381476,0,train,9.060480747381382,0.053483275741146995,0.006997471640234405,0.006997471640234405
CC(C)c1ccccc1OCCN1CCC(N(CC2CC2)S(=O)(=O)c2ccc(F)cc2)CC1,249.0,-2.3961993470957363,1,train,6.603800652904264,-2.403162815200668,0.006963468104931536,0.006963468104931536
Fc1ccc(OC[C@@H]2CC[C@H]3CN(c4ncc(F)cn4)CCN3C2)cc1,180.0,-2.255272505103306,0,train,6.7447274948966935,-2.262230431478688,0.006957926375382062,0.006957926375382062
CC(C)c1ccccc1OCC(O)CN1CCC(NS(=O)(=O)c2ccc(F)cc2)CC1,506.0,-2.7041505168397992,0,train,6.2958494831602,-2.6972580927531022,-0.006892424086696991,0.006892424086696991
CCn1cncc1-c1c[nH]c2ccc(Br)cc12,1230.0,-3.089905111439398,0,train,5.910094888560602,-3.083138730893411,-0.006766380545986994,0.006766380545986994
O=C1Nc2ccccc2C12CCN(CCN1CCN(c3ccc(Cl)cc3)CC1)C2,3755.0,-3.5746099413401873,1,train,5.425390058659813,-3.567906882536982,-0.006703058803205764,0.006703058803205764
Cc1ccccc1N1CCN(CCCCOc2ccc3c(n2)NC(=O)CC3)CC1,3.9,-0.5910646070264992,0,train,8.4089353929735,-0.5976244694829789,0.006559862456479659,0.006559862456479659
O[C@@H]1c2ccccc2C[C@H]1N1CCC(c2cccc3c2OCCO3)CC1,0.7079,0.1500280876711499,0,train,9.15002808767115,0.14360907132030246,0.006419016350847434,0.006419016350847434
CC(C)CCO[C@@H]1[C@H]2OC(C)(C)O[C@H]2[C@H]2Cn3cc(nn3)COCCCCCCN(CCc3ccc4ccccc4c3)CC[C@H]1O2,310.0,-2.4913616938342726,0,train,6.508638306165727,-2.497674459913438,0.006312766079165311,0.006312766079165311
COc1ccccc1N1CCN(CCCCC(=O)NCc2ccccc2-c2ccccc2Cl)CC1,20.0,-1.3010299956639813,0,train,7.698970004336019,-1.2948713620465606,-0.006158633617420639,0.006158633617420639
O=C(Cc1ccccn1)Nc1cccc(CCN2CCN(c3ccccc3)CC2)c1,4.73,-0.6748611407378116,1,train,8.32513885926219,-0.669081881733413,-0.005779259004398574,0.005779259004398574
Cn1c(=O)c2c(nc3n2CCCCN3CCCN2CCN(c3cccc(Cl)c3)CC2)n(C)c1=O,26.73,-1.4269989587565373,0,train,7.5730010412434625,-1.4213966974261616,-0.0056022613303756685,0.0056022613303756685
CCc1ccccc1N1CCN(CCCCCC(=O)NC2CCCc3ccccc32)CC1,79.2,-1.8987251815894934,1,train,7.101274818410507,-1.9041307043464304,0.0054055227569371755,0.0054055227569371755
CCn1cncc1-c1c[nH]c2ccc(I)cc12,1050.0,-3.0211892990699383,0,train,5.978810700930062,-3.0158592572027123,-0.005330041867225965,0.005330041867225965
O=c1c(-c2ccc(Cl)cc2)c2ccccn2c(=O)n1CCCCN1CCCC(c2c[nH]c3ccc(F)cc23)C1,155.0,-2.1903316981702914,1,train,6.809668301829708,-2.195636195785492,0.005304497615200798,0.005304497615200798
COc1cccc(N2CCN(CCCCNC(=O)c3cc4ccccc4o3)CC2)c1,17.0,-1.2304489213782739,0,train,7.769551078621726,-1.2252196257698693,-0.005229295608404794,0.005229295608404794
Fc1ccc2c(C3CCN(CCCOc4ccc(CN5CCCCC5)c(F)c4)CC3)noc2c1,92.1,-1.964259630196849,1,train,7.035740369803151,-1.959102308981139,-0.005157321215709887,0.005157321215709887
O=S(=O)(c1cccc2ccccc12)c1n[nH]c2ccc(N3CCNCC3)cc12,573.0,-2.75815462196739,0,train,6.24184537803261,-2.7530005032218723,-0.005154118745517522,0.005154118745517522
CN(C)CCc1cn(C(=O)c2ccccc2)c2ccc(O)cc12,620.0,-2.792391689498254,0,train,6.207608310501746,-2.7975318908685303,0.005140201370276376,0.005140201370276376
Oc1nc2cccc(N3CCN(Cc4ccnc(-c5ccc(F)cc5)c4)CC3)c2o1,21.0,-1.3222192947339193,0,train,7.6777807052660805,-1.317511483804242,-0.004707810929677203,0.004707810929677203
CN(C)CCc1c[nH]c2cc(F)cc(O)c12,114.0,-2.0569048513364727,0,train,6.943095148663527,-2.061610152606869,0.004705301270396145,0.004705301270396145
Cn1c(=O)cnn(CCCCN2CCN(c3cccc(O)c3)CC2)c1=O,2.8,-0.4471580313422192,1,train,8.55284196865778,-0.4424758584156331,-0.004682172926586126,0.004682172926586126
CC([Se]c1ccc2ccccc2c1)c1nc(N)nc(N2CCN(C)CC2)n1,2999.0,-3.476976465759527,0,train,5.5230235342404725,-3.4723800643154425,-0.004596401444084464,0.004596401444084464
O=C(NCCCc1ccccc1)c1cc2c3c(ccc2[nH]1)OCC(CNCCCc1ccccc1)O3,1.6,-0.2041199826559248,0,train,8.795880017344075,-0.20870214542626914,0.004582162770344345,0.004582162770344345
COc1ccc2[nH]cc(C3=CCN(Cc4cccs4)CC3)c2c1,157.0,-2.1958996524092336,0,train,6.804100347590767,-2.1913417312996084,-0.004557921109625163,0.004557921109625163
O=C(NC1CCN(CCOc2ccccc2-c2ccccc2)C1)c1cccc(F)c1F,48.0,-1.6812412373755872,0,train,7.318758762624412,-1.685796618688423,0.004555381312835838,0.004555381312835838
Cn1ccc(-c2ccc3c(c2)c(C2CCN(CCN4CCNC4=O)CC2)cn3-c2ccc(F)cc2)n1,33.0,-1.5185139398778875,0,train,7.481486060122112,-1.522785043848705,0.004271103970817425,0.004271103970817425
Cc1ccc(C)c(N2CCN(CC(O)CN3C(=O)NC(C)(c4ccc(F)cc4)C3=O)CC2)c1,1304.0,-3.1152775913959014,0,train,5.884722408604098,-3.1110231206574275,-0.004254470738473515,0.004254470738473515
Cc1cc(OCCCN2CCC(c3noc4cc(F)ccc34)CC2)ccc1CN1CCCC1,89.3,-1.9508514588885464,0,train,7.049148541111453,-1.9465992507065377,-0.0042522081820086655,0.0042522081820086655
Fc1ccc(N2CCN(CCCc3c[nH]c4ccc(F)cc34)CC2)c(-c2ccoc2)c1,15.0,-1.1760912590556813,0,train,7.823908740944319,-1.1801849298868623,0.004093670831181173,0.004093670831181173
Cc1ccc2c(N3CCN(CCc4c(C)ccc5c4CCC(=O)N5)CC3)cccc2n1,0.7943,0.100015437450609,0,train,9.100015437450608,0.10403058815295432,-0.00401515070234533,0.00401515070234533
Cn1c(=O)c2c(nc3n2CCCN3CCCN2CCN(c3ccccc3)CC2)n(C)c1=O,16.0,-1.2041199826559248,0,train,7.795880017344075,-1.2001068328213629,-0.004013149834561913,0.004013149834561913
O=C1NCN(c2ccccc2)C12CCN(CCCCc1nc3ccccc3s1)CC2,194.99,-2.2900123392795417,0,train,6.709987660720458,-2.2861690089726556,-0.0038433303068861058,0.0038433303068861058
Oc1nc2cccc3c2n1CC(N(CC1CC1)CC1CC1)C3,95.0,-1.9777236052888478,0,train,7.022276394711152,-1.9739185224676041,-0.0038050828212439214,0.0038050828212439214
Cn1cc(S(=O)(=O)NC2CN(CCOc3ccccc3-c3ccccc3)C2)cn1,46.0,-1.662757831681574,0,train,7.337242168318426,-1.6665273796085378,0.003769547926963712,0.003769547926963712
CN1CCN(c2nc(N)nc(C(C)(C)Sc3ccc4ccccc4c3)n2)CC1,2290.0,-3.359835482339888,0,train,5.6401645176601125,-3.3635365624888562,0.0037010801489683054,0.0037010801489683054
O=C(NCCCCN1CCN(c2ccccc2)CC1)c1ccccn1,52.0,-1.7160033436347992,0,train,7.2839966563652006,-1.719656095982669,0.00365275234786977,0.00365275234786977
O=S(=O)(NC1CCN(CCOc2ccccc2-c2ccccc2)CC1)c1cccc2ncccc12,102.0,-2.0086001717619175,0,train,6.991399828238082,-2.0121912104289352,0.0035910386670181538,0.0035910386670181538
Cc1cccc(S(=O)(=O)N2CCC[C@@H]2CCN2CCC(C)CC2)c1,1000.0,-3.0,0,train,6.0,-2.996487084769422,-0.003512915230578173,0.003512915230578173
COc1ccc(NC(=O)N2CCN(c3ccc(-c4ccccc4)cc3)CC2)cc1N1CCN(C)CC1,405.0,-2.6074550232146687,0,train,6.392544976785331,-2.6039473092430376,-0.003507713971631077,0.003507713971631077
CC1(c2ccc(F)cc2)NC(=O)N(CC(O)CN2CCc3ccccc3C2)C1=O,1551.0,-3.190611797813605,0,train,5.809388202186395,-3.18715659799645,-0.0034551998171550302,0.0034551998171550302
CC(C)Oc1ccc2[nH]cc(C3=CCN(Cc4cccs4)CC3)c2c1,214.0,-2.330413773349191,0,train,6.669586226650809,-2.3337657577536333,0.0033519844044422875,0.0033519844044422875
Nc1nc(N)nc(NCCCCCN2CCN(c3ccccc3)CC2)n1,71.0,-1.8512583487190752,0,train,7.1487416512809245,-1.8479904195613586,-0.003267929157716676,0.003267929157716676
O=S(=O)(NC1CCN(CCOc2ccccc2C2CCCC2)CC1)c1cccc(F)c1,545.0,-2.7363965022766426,0,train,6.2636034977233574,-2.733417066109969,-0.0029794361666737323,0.0029794361666737323
OC(CCN1CCN(c2ccc3ncccc3c2)CC1)c1csc2ccccc12,549.54,-2.7399993094019677,1,train,6.260000690598032,-2.7429470159172435,0.002947706515275428,0.002947706515275428
Fc1cccc2c(CCN3CCCC(c4ccnc(NC5CC5)n4)C3)c[nH]c12,35.1,-1.545307116465824,0,train,7.454692883534176,-1.548196236397973,0.00288911993214902,0.00288911993214902
C=CCN(CC=C)CCc1c[nH]c2ccccc12,100.0,-2.0,0,train,7.0,-2.0027710784638866,0.002771078463886578,0.002771078463886578
O=C1CCc2ccc(OCCCCN3CCN(c4cc(F)cc5ccccc45)CC3)nc2N1,3.3,-0.5185139398778874,0,train,8.481486060122112,-0.521067969670685,0.0025540297927976185,0.0025540297927976185
CCOC(=O)CCN1CCN(c2ccc3c(c2)CN(C(=O)OCc2ccccc2)CC3)CC1,335.0,-2.525044807036845,0,train,6.474955192963154,-2.52253803706751,-0.0025067699693352985,0.0025067699693352985
FCCCOc1cccc(CN2CCN(Cc3cc4ccccc4o3)CC2)c1,599.0,-2.7774268223893115,0,train,6.2225731776106885,-2.7749355385468766,-0.0024912838424349104,0.0024912838424349104
COc1ccc(CN2CC=C(c3c[nH]c4ccccc34)CC2)cc1,243.0,-2.385606273598312,0,train,6.614393726401688,-2.383142475982203,-0.0024637976161092645,0.0024637976161092645
O=C1NCc2cc(F)c(OCCCN3CCN(c4cccc5cc(F)ccc45)CC3)cc21,0.88,0.05551732784983137,1,train,9.05551732784983,0.057812450980785315,-0.0022951231309540146,0.0022951231309540146
Oc1nc2cccc(N3CCN(Cc4cccc(-c5ccsc5)c4)CC3)c2o1,17.0,-1.2304489213782739,1,train,7.769551078621726,-1.232742048160656,0.0022931267823818047,0.0022931267823818047
CN1CCC(c2c[nH]c3ccc(NC(=O)c4ccccc4[N+](=O)[O-])nc23)CC1,64.0,-1.806179973983887,0,train,7.1938200260161125,-1.803890313865741,-0.0022896601181461307,0.0022896601181461307
Cc1cccc(N2CCN(CCCCNC(=O)c3ccc4ccccc4n3)CC2)c1,18.0,-1.255272505103306,0,train,7.7447274948966935,-1.2530111411928646,-0.002261363910441405,0.002261363910441405
c1ccc(Oc2ccccc2C2CCNCC2)cc1,63.0,-1.7993405494535817,0,train,7.200659450546418,-1.8015378577873111,0.002197308333729442,0.002197308333729442
COc1ccccc1N1CCN(CCCCNC(=O)c2ccc(F)cc2)CC1,15.0,-1.1760912590556813,1,train,7.823908740944319,-1.1740001790407704,-0.0020910800149107622,0.0020910800149107622
COc1ccc(-c2ccccc2N2CCN(CCCCCC(=O)NCc3ccc(OCCN4CCOCC4)cc3)CC2)cc1,163.0,-2.2121876044039577,1,train,6.787812395596042,-2.214258158858784,0.00207055445482629,0.00207055445482629
Cn1c(=O)c2c(nc3n2CCCN3CCCN2CCN(c3cccc(Cl)c3)CC2)n(C)c1=O,25.7,-1.4099331233312946,1,train,7.590066876668706,-1.4119965112992952,0.0020633879680005407,0.0020633879680005407
Cc1ccc2c(N3CCN(CCc4cccc5c4OCc4cncn4-5)CC3)cccc2n1,0.1995,0.700057099977233,0,train,9.700057099977233,0.6980395627223105,0.0020175372549224857,0.0020175372549224857
O=C1CCc2ccc(OCCCCN3CCN(c4cccc5c4CCC5)CC3)nc2N1,6.3,-0.7993405494535817,1,train,8.200659450546418,-0.7976022861889253,-0.0017382632646564256,0.0017382632646564256
CC(C)Oc1cccc2sc(C3CCN(C[C@H](O)COc4cccc5[nH]ccc45)CC3)cc12,7.45,-0.8721562727482929,0,train,8.127843727251706,-0.8704201186322988,-0.0017361541159940375,0.0017361541159940375
CCOc1ccc2[nH]cc(C3=CCN(Cc4ccccc4)CC3)c2c1,220.0,-2.342422680822206,0,train,6.657577319177793,-2.343994763544415,0.0015720827222089895,0.0015720827222089895
CCCC([Se]c1cc(C)ccc1C)c1nc(N)nc(N2CCN(C)CC2)n1,4645.0,-3.6669857183296606,0,train,5.333014281670339,-3.66551360531336,-0.001472113016300458,0.001472113016300458
O=S(=O)(NC1CCN(CCOc2cccc(-c3ccccc3)c2)CC1)c1ccccc1,1456.0,-3.1631613749770184,0,train,5.836838625022981,-3.1619016575573404,-0.001259717419678008,0.001259717419678008
Cc1n[nH]c2c1C(=O)N(CCN1CCC(c3noc4ccccc34)CC1)CC2,21.5,-1.3324384599156054,1,train,7.667561540084394,-1.333697443879688,0.0012589839640826384,0.0012589839640826384
Cn1cnc2c1C(=O)N(CCN1CCC(c3noc4ccccc34)CC1)CCC2,65.3,-1.8149131812750738,1,train,7.185086818724926,-1.8137290425179162,-0.0011841387571573936,0.0011841387571573936
NC(=O)c1ccc(F)c2c1CC(N(CCCCn1ccc3cc(F)ccc31)CC1CC1)CO2,5.44,-0.7355988996981799,0,train,8.26440110030182,-0.7365544808121733,0.000955581113993409,0.000955581113993409
CN1CCC(c2c[nH]c3ccc(NC(=O)c4ccccc4)nc23)CC1,72.0,-1.8573324964312685,1,train,7.142667503568731,-1.8581331736969176,0.0008006772656492522,0.0008006772656492522
COc1ccc2[nH]cc(C3=CCN(Cc4cc(=O)[nH]c5ccccc45)CC3)c2c1,125.0,-2.0969100130080562,0,train,6.903089986991944,-2.0961145805725674,-0.0007954324354884079,0.0007954324354884079
NC(=O)c1sccc1NC(=O)CCCCN1CCN(c2ccccc2)CC1,38.7,-1.5877109650189114,0,train,7.412289034981089,-1.5883888044244856,0.0006778394055741988,0.0006778394055741988
N#Cc1ccc2[nH]cc(CCCCN3CCN(c4nccc(C#N)n4)CC3)c2c1,6.2,-0.7923916894982539,1,train,8.207608310501746,-0.7930410314005566,0.0006493419023027025,0.0006493419023027025
Cn1c(=O)c2c(nc3n2CCC(=O)N3CCCN2CCN(c3cccc(Cl)c3)CC2)n(C)c1=O,42.85,-1.631950826259217,0,train,7.368049173740783,-1.6325591076164414,0.0006082813572243495,0.0006082813572243495
O[C@@H]1c2cc(F)ccc2C[C@H]1N1CCC(c2cccc3c2OCCO3)CC1,0.7762,0.11002636159600389,1,train,9.110026361596004,0.11060446226069014,-0.0005781006646863318,0.0005781006646863318
O=C1CC2CCc3ccsc3C2=NN1CCCCN1CCN(Cc2cccc3c2ccn3S(=O)(=O)c2ccccc2)CC1,2840.0,-3.4533183400470375,0,train,5.546681659952963,-3.453513040089357,0.0001947000423196954,0.0001947000423196954
CC(C)c1ccccc1OCCN1CCC(NS(=O)(=O)c2cccc(F)c2)CC1,356.0,-2.5514499979728753,1,train,6.448550002027124,-2.551593712172272,0.00014371419939607222,0.00014371419939607222
Cc1ccc2c(OCCN3CCC(Cc4cccc(N5CCCN(C)CC5)c4)CC3)cccc2n1,2.512,-0.40001963506515853,1,train,8.599980364934842,-0.39990541284582404,-0.00011422221933443666,0.00011422221933443666
Cc1c(OCCCCN2CCN(c3cccc4ccccc34)CC2)ccc2c1C(=O)NC2,3.22,-0.5078558716958309,1,train,8.492144128304169,-0.5077643764087058,-9.149528712515398e-05,9.149528712515398e-05
COc1ccc2nccc(NCCCCCCCNc3ccnc4ccc(OC)cc34)c2c1,1380.19,-3.1399388764531473,0,train,5.860061123546853,-3.1398676113695583,-7.126508358945571e-05,7.126508358945571e-05
CCC(Oc1cccc(Cl)c1F)c1nc(N)nc(N2CCN(C)CC2)n1,2942.0,-3.4686426683915115,0,train,5.531357331608488,-3.4686948168482905,5.2148456779033125e-05,5.2148456779033125e-05
