BindingDB_ID,smiles,value,standard_type
50531621,CC(C)=CCC\C(C)=C\CC\C(C)=C\CC\C(C)=C\Cc1cc(O)cc(Sc2ccccc2C(O)=O)c1O,0.00059,Ki (nM)
50002018,CC(C)(C)c1cccc(c1)C(=O)C(F)(F)F,0.0037,Ki (nM)
50352562,COc1ccc(cc1OC)C(C)NS(N)(=O)=O,0.005,Ki (nM)
50352536,COc1ccc(cc1)C(C)NS(=O)(=O)NC(=O)OCc1ccccc1,0.005,Ki (nM)
50352538,COc1ccc(cc1OC)C(C)NS(=O)(=O)NC(=O)OCc1ccccc1,0.005,Ki (nM)
50352552,COc1ccc(OC)c(c1)C(C)NS(N)(=O)=O,0.006,Ki (nM)
50352539,COc1ccccc1C(C)NS(=O)(=O)NC(=O)OCc1ccccc1,0.006,Ki (nM)
50352559,COc1ccc(cc1)C(C)NS(N)(=O)=O,0.006,Ki (nM)
50352556,COc1cccc(OC)c1C(C)NS(N)(=O)=O,0.008,Ki (nM)
50002017,CC(C)c1cccc(c1)C(=O)C(F)(F)F,0.0085,Ki (nM)
50352564,COc1cccc(OC)c1C(C)NS(=O)(=O)NC(=O)OCc1ccccc1,0.011,Ki (nM)
50077151,CN(CCCCNc1c2CCCCc2nc2ccccc12)CCCNc1c2CCCCc2nc2ccccc12,0.012,Ki (nM)
50871617,CN(CCCCNc1c2CCCCc2nc2ccccc12)CCCNc1c2CCCCc2nc2ccccc12,0.012,Ki (nM)
50871609,C[N+](C)(C)c1cccc(c1)C(=O)C(F)(F)F,0.015,Ki (nM)
50352569,COc1ccc(OC)c(c1)C(C)NS(=O)(=O)NC(=O)OCc1ccccc1,0.023,Ki (nM)
248227,CCC1=C[C@@H]2Cc3c(c(c4ccc(cc4n3)Cl)N)[C@@H](C2)C1,0.026,Ki (nM)
17713,CCC1=C[C@@H]2Cc3c(c(c4ccc(cc4n3)Cl)N)[C@@H](C2)C1,0.026,Ki (nM)
50811196,CCC1=CC2C[C@H](C1)c1c(C2)nc2cc(Cl)ccc2c1N,0.026,Ki (nM)
50840667,CC1=CC2CC(C1)c1c(C2)nc2cc(Cl)ccc2c1N,0.033,Ki (nM)
50352567,COc1ccccc1C(C)NS(N)(=O)=O,0.038,Ki (nM)
51387498,O=c1cc(OCCCn2cc(Cn3nnc4ccccc34)nn2)c2ccccc2o1,0.04167,Ki (nM)
50531619,C[C@H]1CC[C@@]2(C)[C@@H](CCC=C2C)[C@]1(C)Cc1cc(O)cc(Sc2ccccc2C(O)=O)c1O,0.0585,Ki (nM)
50811183,CN(CCCNc1c2CCCCc2nc2ccccc12)CCCNc1c2CCCCc2nc2ccccc12,0.06,Ki (nM)
15304,CN(CCCNc1c2CCCCc2nc2ccccc12)CCCNc1c2CCCCc2nc2ccccc12,0.06,Ki (nM)
50871679,Nc1ccc2c(c1)c(-c1ccccc1)n(CCCCCCc1cnnn1CCNc1c3CCCCc3nc3ccccc13)c1cc(=[NH2+])ccc21,0.077,Ki (nM)
51378988,COc1cc2C(=O)O\C(=C/c3ccc(O)c(c3)N3CCCCC3)c2cc1OC,0.082,Ki (nM)
50871623,C=CCN(CCCCNc1c2CCCCc2nc2ccccc12)CCCNc1c2CCCCc2nc2ccccc12,0.085,Ki (nM)
50787290,COc1ccccc1CN(C)CCCCCC(=O)N(C)CCCCCCCCN(C)C(=O)CCCCCN(C)Cc1ccccc1OC,0.1,Ki (nM)
50871615,OCCN(CCCCNc1c2CCCCc2nc2ccccc12)CCCNc1c2CCCCc2nc2ccccc12,0.119,Ki (nM)
248237,CC[N+](CC)(CCNC(=O)C(=O)NCC[N+](CC)(CC)Cc1ccccc1Cl)Cc1ccccc1Cl,0.12,Ki (nM)
50871665,CCC1=CC2C[C@H](C1)c1c(C2)nc2cc(Cl)ccc2c1N,0.13,Ki (nM)
51386491,COc1cc2OC(C)(CCNCCCCCCCCNc3c4CCCCc4nc4cc(Cl)ccc34)CCc2cc1O,0.132,Ki (nM)
50871614,C(CNc1c2CCCCc2nc2ccccc12)CN1CCN(CCCNc2c3CCCCc3nc3ccccc23)CC1,0.136,Ki (nM)
50871616,CCN(CCCCNc1c2CCCCc2nc2ccccc12)CCCNc1c2CCCCc2nc2ccccc12,0.162,Ki (nM)
50531620,CC(C)=CCc1cc(O)cc(Sc2ccccc2C(O)=O)c1O,0.221,Ki (nM)
50871618,CC(=O)N(CCCCNc1c2CCCCc2nc2ccccc12)CCCNc1c2CCCCc2nc2ccccc12,0.223,Ki (nM)
50077149,Nc1cccc2c(NCCCCCCCCNc3c4CCCCc4nc4ccccc34)c3CCCCc3nc12,0.23,Ki (nM)
17498,Clc1ccc2c(NCCCNC(=O)CCCCC3CCSS3)c3CCCCc3nc2c1,155.0,Ki (nM)
51386492,COc1cc2OC(C)(CCNCCCCCCCCNc3c4CCCCc4nc4cc(Cl)ccc34)CCc2cc1O,0.258,Ki (nM)
51506262,COc1cc2CC(Cc2c(OC)c1)NC(=O)OCc1ccccc1,0.261,Ki (nM)
51506342,COc1cccc2CC(CCc12)NC(=O)OCc1ccccc1,0.264,Ki (nM)
50506937,C[N+]1(CCC(=O)Nc2ccc-3c(c2)C(=O)c2cccc4ccnc-3c24)CCCCC1,0.31,Ki (nM)
50949139,CN(CCC(=O)N1CCN(CCNc2c3CCCCc3nc3ccccc23)CC1)C1CCCCC1,0.318,Ki (nM)
50991498,CN1[C@H]2CC[C@@H]1C[C@@H](C2)OC(=O)C(CO)c1ccccc1,0.35,Ki (nM)
50949147,CN(CCC(=O)N1CCN(CCNc2c3CCCCc3nc3ccccc23)CC1)C1CCCCC1,0.38,Ki (nM)
50002014,FC(F)(F)C(=O)c1cccc(c1)C(F)(F)F,0.39,Ki (nM)
50002015,CCc1cccc(c1)C(=O)C(F)(F)F,0.39,Ki (nM)
51500729,COc1cc2CC(F)(CC3CCN(Cc4cccc(F)c4)CC3)S(=O)(=O)c2cc1OC,0.4,Ki (nM)
50871680,Nc1ccc2c(c1)c(-c1ccccc1)n(CCCCCCc1cnnn1CCNc1c3CCCCc3nc3ccccc13)c1cc(=[NH2+])ccc21,0.41,Ki (nM)
50489455,COc1cccc2CC(CCc12)NS(=O)(=O)N(C)C,0.45,Ki (nM)
51257763,CCOc1ccc(Cc2nc3cc(ccc3n2CCCCCCNc2c3CCCCc3nc3ccccc23)C(=O)N(CC)CC)cc1,89.0,Ki (nM)
50919601,CC(C)(C)c1cc[n+](CCCCCCCC[n+]2ccc(cc2)C(C)(C)C)cc1,90.0,Ki (nM)
50713131,CC(=O)O[C@H]1CC[C@@]2(C)[C@@H](CC[C@]3(C)[C@@H]2CC[C@@H]2[C@H]4[C@@H](CC[C@@]4(CC[C@@]32C)C(=O)OCc2ccccc2)C(C)=O)C1(C)C,90.0,Ki (nM)
50286987,COc1cc2cc(C(=O)NCCCCCCCNc3c4CCCCc4nc4ccccc34)c(=O)oc2cc1OC,91.0,Ki (nM)
51336044,COc1cc2cc(NC(=O)[C@H]3CCC[C@H](C3)NCc3ccccc3)c(=O)oc2cc1OC,93.0,Ki (nM)
51336045,COc1cc2cc(NC(=O)[C@H]3CCC[C@H](C3)NCc3ccccc3)c(=O)oc2cc1OC,93.4,Ki (nM)
51188743,O=C(NC1CCN(Cc2ccccc2)CC1)c1ccc2OCCCOc2c1,95.0,Ki (nM)
51188752,COc1cc2C\C(=C/c3ccc(CN4CCCCC4)cc3)C(=O)c2cc1OC,95.0,Ki (nM)
50351249,CN(Cc1ccccc1)Cc1ccc(COc2ccc3c(CO)cc(=O)oc3c2)cc1,100.0,Ki (nM)
17524,C(CCCSc1c2CCCCc2nc2ccccc12)CCNc1c2CCCCc2nc2ccccc12,100.0,Ki (nM)
51506183,CCCCCCCNC(=O)Oc1ccc2N(C)[C@H]3N(C)CC[C@@]3(C)c2c1,100.0,Ki (nM)
51042067,Cc1ccc(cc1)[C@@H]1CC(N=N1)c1c2ccccc2cc2ccccc12,,Ki (nM)
50919602,CC(C)(C)c1cc[n+](\C=C2\CC3=C\C(CC=C3C=C2)=C\[n+]2ccc(cc2)C(C)(C)C)cc1,100.0,Ki (nM)
51322853,FC(F)(F)c1ccc(CNC2CCN(Cc3ccccc3)CC2)cc1,100.0,Ki (nM)
51261731,Oc1ccc(CCOCCCCCNc2c3CCCCc3nc3ccccc23)cc1,100.0,Ki (nM)
51042068,[O-][N+](=O)c1ccc(cc1)[C@@H]1CC(N=N1)c1c2ccccc2cc2ccccc12,,Ki (nM)
51042069,Oc1ccc(cc1)[C@@H]1CC(N=N1)c1c2ccccc2cc2ccccc12,,Ki (nM)
50949134,Nc1c2CCCCc2nc2ccccc12,101.0,Ki (nM)
50287106,Nc1c2CCCCc2nc2ccccc12,101.0,Ki (nM)
50991027,COc1ccc(Nc2nc(Cl)nc(n2)N2CCN(CC2)c2cc(C)nc3ncnn23)cc1,102.0,Ki (nM)
50225822,COc1ccccc1CN(C)CCCCCC(=O)N(C)CCCCCCCCN(C)C(=O)CCCCCN(C)Cc1ccccc1OC,104.0,Ki (nM)
50828045,COc1ccccc1CN(C)CCCCCC(=O)N(C)CCCCCCCCN(C)C(=O)CCCCCN(C)Cc1ccccc1OC,104.0,Ki (nM)
50289509,COc1ccccc1CN(C)CCCCCC(=O)N(C)CCCCCCCCN(C)C(=O)CCCCCN(C)Cc1ccccc1OC,104.0,Ki (nM)
51188760,COc1cc2CC(Oc3ccc(cc3)C(C)N3CCCCC3)C(=O)c2cc1OC,106.0,Ki (nM)
50873550,CC1(C)CC(=O)C2C(c3ccc(F)cc3)c3c(N)c4CCCCc4nc3N=C2C1,106.0,Ki (nM)
51261679,C(CCNc1c2CCCCc2nc2ccccc12)CCOCCc1ccc(OCc2ccccc2)cc1,110.0,Ki (nM)
51261642,Oc1ccc(CCNc2c3CCCCc3nc3ccccc23)cc1,110.0,Ki (nM)
248230,"CN(C)c1ccc2nc3ccc(cc3sc2c1)=[N+](C)C |(17.73,-40.24,;19.06,-41.01,;19.06,-42.55,;20.39,-40.24,;20.4,-38.7,;21.73,-37.93,;23.06,-38.69,;24.39,-37.91,;25.73,-38.69,;27.06,-37.93,;28.39,-38.69,;28.39,-40.23,;27.06,-41,;25.73,-40.23,;24.39,-41.01,;23.06,-40.24,;21.73,-41.01,;29.73,-41,;29.73,-42.54,;31.06,-40.23,)|",110.0,Ki (nM)
50526843,COc1cc2nc(NC(=O)CN3CCN(CCN(C)C)CC3)sc2cc1OC,110.0,Ki (nM)
50506936,C[N+]1(CCCNC(=O)c2cnc3C(=O)c4ccccc4-c4cccc2c34)CCCCC1,110.0,Ki (nM)
51261667,C(CCNc1c2CCCCc2nc2ccccc12)CCOCCc1ccc(OCc2ccccc2)cc1,110.0,Ki (nM)
51475822,Nc1c2CCCCc2nc2ccccc12,110.0,Ki (nM)
51188718,COc1cc2CC(Oc3cccc(c3)C(C)N3CCOCC3)C(=O)c2cc1OC,118.0,Ki (nM)
51261725,Oc1ccc(CNCCCCCCNc2c3CCCCc3nc3ccccc23)cc1O,120.0,Ki (nM)
51261677,COc1ccc(CNCCCCCNc2c3CCCCc3nc3ccccc23)cc1OC,120.0,Ki (nM)
17523,Clc1cc(Cl)c2c(SCCCCCCNc3c4CCCCc4nc4ccccc34)c3CCCCc3nc2c1,120.0,Ki (nM)
51428871,C(CC1CCN(Cc2ccccc2)CC1)Nc1cc2CCCCc3ccccc3-c2nn1,120.0,Ki (nM)
51506318,CC(C)(C)OC(=O)Nc1ccc(O)c(c1)C(=O)NCCCN1CCCCC1,120.0,Ki (nM)
51245787,S=C(NCc1ccccc1)NNc1c2CCCCc2nc2ccccc12,121.0,Ki (nM)
50778312,COc1cc2CC(C3CCN(Cc4ccccc4)CC3)C(=O)c2cc1OC,122.0,Ki (nM)
51526341,O=C1CC2CCc3ccsc3C2=NN1CCN1CCN(Cc2ccccc2)CC1,123.0,Ki (nM)
50961489,O=C(NCCc1c[nH]c2ccccc12)c1ccc(OCCCC[n+]2cccc3ccccc23)cc1,124.0,Ki (nM)
51188753,COc1cc2C\C(=C/c3cccc(CN4CCCC4)c3)C(=O)c2cc1OC,127.0,Ki (nM)
51611609,O=C1N[C@@H]2C[C@@H](S(=O)(=O)NCCC3CCN(Cc4ccccc4)CC3)[C@@H]2c2c(Cl)cccc21,128.0,Ki (nM)
51271860,Cc1ccc2oc(cc(=O)c2c1)-c1ccc(OCCCCCCN2CCCCC2)cc1,129.0,Ki (nM)
51271859,Cc1ccc2oc(cc(=O)c2c1)-c1ccc(OCCCCCCN2CCCCC2)cc1,129.0,Ki (nM)
15315,CN(CCCCSc1c2CCCCc2nc2ccccc12)CCCNc1c2CCCCc2nc2ccccc12,130.0,Ki (nM)
50294858,CCCCNC(=O)OCCCCCCCCCCCCCCCCO,130.0,Ki (nM)
50870815,CO\N=C/c1ccc(O[C@@H]2O[C@H](CO)[C@@H](O)[C@H](O)[C@H]2O)cc1,130.0,Ki (nM)
50431864,CC(C)(C)OC(=O)N[C@@H](Cc1c[nH]c2ccccc12)C(=O)NCCNc1c2CCCCc2nc2ccccc12,130.0,Ki (nM)
51188742,CSc1cccc(c1)\N=C1/NC(=O)C(CC(=O)Nc2ccc(F)c(F)c2)S1,130.0,Ki (nM)
50021335,COc1cc(CNC2C3N(Cc4cc(OC)cc(OC)c4)C4C(N(Cc5cc(OC)cc(OC)c5)C5(CC5N3Cc3cc(OC)cc(OC)c3)N4Cc3cc(OC)cc(OC)c3)N2Cc2cc(OC)cc(OC)c2)cc(OC)c1,130.0,Ki (nM)
51261680,C(CCNc1c2CCCCc2nc2ccccc12)CCOCCc1ccc(OCc2ccccc2)c(OCc2ccccc2)c1,130.0,Ki (nM)
17711,c1ccc2c(c1)c(c3c(n2)CCCC3)N,137.0,Ki (nM)
51188822,COc1cc2CC(Oc3cccc(c3)C(C)N3CCCC3)C(=O)c2cc1OC,138.0,Ki (nM)
50564487,C(c1ccc2ccc(C[n+]3ccccc3)cc2c1)[n+]1ccccc1,140.0,Ki (nM)
51261668,Oc1ccc(CCOCCCCCNc2c3CCCCc3nc3ccccc23)cc1,140.0,Ki (nM)
51553657,CC[N+](CC)(CCCCCn1c(C)cc(=O)n(CCCCC[N+](CC)(CC)Cc2ccccc2)c1=O)Cc1ccccc1,140.0,Ki (nM)
50564488,C(c1ccc2ccc(C[n+]3ccccc3)cc2c1)[n+]1ccccc1,140.0,Ki (nM)
51215280,CO[P@]1(=O)OC[C@H]2COC(=O)C2=C(C)O1,140.0,Ki (nM)
51095876,CCN(CCCCOc1ccc(cc1)-c1coc2cc(OCCCCN(CC)Cc3ccccc3OC)cc(O)c2c1=O)Cc1ccccc1OC,140.0,Ki (nM)
51102542,Nc1c2CCCCc2nc2NC(=S)NC(c3cccc(Br)c3)c12,147.0,Ki (nM)
51414130,Cc1ccc(cc1)S(=O)(=O)SCc1ccc(cc1)C(F)(F)F,148.0,Ki (nM)
50706633,CN(CC#C)Cc1cc2cc(OCCCC3CCN(Cc4ccccc4)CC3)ccc2n1C,149.0,Ki (nM)
50811169,Clc1cc(Cl)c2c(NCCCCCCCNc3c4CCCCc4nc4cc(Cl)cc(Cl)c34)c3CCCCc3nc2c1,150.0,Ki (nM)
50294857,CCCCNC(=O)OCCCCCCCCOC(=O)NCCCC,150.0,Ki (nM)
51553672,CC[N+](CC)(CCCCCn1c(=O)cc(C)n(CCCCCCn2c(C)cc(=O)n(C)c2=O)c1=O)Cc1ccccc1C(F)(F)F,150.0,Ki (nM)
17517,Clc1cc(Cl)c2c(NCCCCCCCNc3c4CCCCc4nc4cc(Cl)cc(Cl)c34)c3CCCCc3nc2c1,150.0,Ki (nM)
50828054,Nc1c2CCCCc2nc2ccccc12,151.0,Ki (nM)
50225821,Nc1c2CCCCc2nc2ccccc12,151.0,Ki (nM)
15557,c1ccc2c(c1)c(c3c(n2)CCCC3)N,151.0,Ki (nM)
50937489,CC(=O)Nc1nn(C)c2nc3nc4CCCCc4c(N)c3cc12,155.0,Ki (nM)
50873547,CC1(C)CC(=O)C2C(c3ccncc3)c3c(N)c4CCCCc4nc3N=C2C1,157.0,Ki (nM)
50986026,Clc1cc(NC(=O)OCCCCCNCc2c[nH]c3ccccc23)cc(Cl)n1,157.0,Ki (nM)
51414134,Cc1ccc(cc1)S(=O)(=O)SCc1ccc(cc1)C(C)(C)C,157.0,Ki (nM)
50294856,CCCCNC(=O)OCCCCCCCCCCCCCCOC(=O)NCCCC,160.0,Ki (nM)
50294852,CCCCNC(=O)OCCCCCCCCCCOC(=O)NCCCC,160.0,Ki (nM)
50294849,CCCCNC(=O)OCCCCCCCCCCCCOC(=O)NCCCC,160.0,Ki (nM)
51261665,COc1ccc(CNCCCCCNc2c3CCCCc3nc3ccccc23)cc1OC,160.0,Ki (nM)
51188836,COc1cc2CC(Cc3ccc(CN(C)C)cc3)C(=O)c2cc1OC,161.0,Ki (nM)
41258,"ClC1=C(Cl)C(=O)C(Cl)=C(Cl)C1=O |c:1,t:7|",163.0,Ki (nM)
51414129,Cc1ccc(cc1)S(=O)(=O)SCc1ccc(cc1)C#N,166.0,Ki (nM)
51368495,N(c1nnc(o1)-c1cccc2ccccc12)c1ncccn1,170.0,Ki (nM)
51261714,Oc1cc(\C=N\c2c3CCCCc3nc3ccccc23)cc(O)c1O,170.0,Ki (nM)
50294851,CCCCNC(=O)OCCCCCCCCCCCCCCCCOC(=O)NCCCC,170.0,Ki (nM)
51261666,COc1ccc(CCOCCCCCNc2c3CCCCc3nc3ccccc23)cc1OC,170.0,Ki (nM)
51506319,CC1CCCCN1CCCNC(=O)c1cc(NC(=O)OC(C)(C)C)ccc1O,170.0,Ki (nM)
51555677,[H][C@@]12Cc3ccccc3-c3c(OC)c(OC)cc(CCN1C(=O)c1cc[n+](Cc4ccccc4)cc1)c23,170.0,Ki (nM)
50211430,C\C=C1/[C@@H]2Cc3[nH]c(=O)ccc3[C@]1(N)CC(C)=C2,175.0,Ki (nM)
17787,"C\C=C1/C2Cc3[nH]c(=O)ccc3C1(N)CC(C)=C2 |c:18,TLB:10:11:2:17.15.14,THB:1:2:4.5.11:17.15.14|",175.0,Ki (nM)
17375,"C\C=C1/C2Cc3[nH]c(=O)ccc3C1(N)CC(C)=C2 |c:18,TLB:10:11:2:17.15.14,THB:1:2:4.5.11:17.15.14|",175.0,Ki (nM)
51271849,Cc1ccc2oc(cc(=O)c2c1)-c1ccc(OCCCCCCN2CCCCCC2)cc1,176.0,Ki (nM)
51271867,Cc1ccc2oc(cc(=O)c2c1)-c1ccc(OCCCCCCN2CCCCCC2)cc1,178.0,Ki (nM)
50099521,C(c1ccc(C[n+]2cc3ccccc3c3ccccc23)cc1)[n+]1cc2ccccc2c2ccccc12,180.0,Ki (nM)
335098,O\N=C\C(=O)c1cccnc1OCC1CCN(Cc2ccccc2)CC1,180.0,Ki (nM)
51261661,Oc1ccc(CNc2c3CCCCc3nc3ccccc23)cc1O,190.0,Ki (nM)
51240526,OC(CNc1ccc(Cl)cc1)CNc1ccc(cc1)-c1nc2ccccc2o1,190.0,Ki (nM)
51261674,Oc1ccc(CNc2c3CCCCc3nc3ccccc23)cc1O,190.0,Ki (nM)
183478,"COc1ccc2CN(C)CC[C@@]34C=C[C@H](O)C[C@@H]3Oc1c24 |r,c:12|",190.0,Ki (nM)
51140786,CN(C)CCOC(=O)\C=C\c1ccc2oc(cc(=O)c2c1)C(=O)Nc1ccc(C)cc1,190.0,Ki (nM)
15311,C(CCCCNc1c2CCCCc2nc2ccccc12)CCCCSc1c2CCCCc2nc2ccccc12,195.0,Ki (nM)
51188847,COc1cc2C\C(=C/c3ccc(CN4CCCC4)cc3)C(=O)c2cc1OC,198.0,Ki (nM)
51414131,Cc1ccc(cc1)S(=O)(=O)SCc1ccc(OC(F)(F)F)cc1,198.0,Ki (nM)
50961490,C[N+](C)=c1ccn(CCCCOc2ccc(cc2)C(=O)NCCc2c[nH]c3ccccc23)cc1,198.0,Ki (nM)
50287095,CCN(CCC(=O)NCCCCNc1c2CCCCc2nc2ccccc12)C1CCCCC1,199.0,Ki (nM)
50294847,CCCCNC(=O)OCCCCCCCCCCO,200.0,Ki (nM)
50048019,CC[N+](C)(C)c1cccc(O)c1,200.0,Ki (nM)
50294848,CCCCNC(=O)OCCCCCCCCCCCCCCO,200.0,Ki (nM)
50048020,CC[N+](C)(C)c1cccc(O)c1,200.0,Ki (nM)
50986032,Clc1cc(cc(Cl)n1)C(=O)NCCCCCCNCc1c[nH]c2ccccc12,205.0,Ki (nM)
51257774,CCOc1ccc(Cc2nc3cc(ccc3n2CCCCCCNc2c3CCCCc3nc3ccccc23)C(=O)N(CC)CC)cc1,206.0,Ki (nM)
50457592,O=c1cc(oc2cc(OCCCCCCCCN3CCCC3)ccc12)-c1cccc2ccccc12,206.0,Ki (nM)
51188765,COc1cc2CC(Oc3ccc(CN(C)C)cc3)C(=O)c2cc1OC,209.0,Ki (nM)
51261726,Oc1ccc(CCOCCCCCNc2c3CCCCc3nc3ccccc23)cc1O,210.0,Ki (nM)
50811174,C(CCNc1c2CCCCc2nc2ccccc12)CCSc1c2CCCCc2nc2ccccc12,210.0,Ki (nM)
50099550,CNC(=O)Oc1ccc2N(C)[C@H]3N(C)CC[C@@]3(C)c2c1,210.0,Ki (nM)
15540,Nc1c2Cc3ccccc3-c2nc2ccccc12,210.0,Ki (nM)
15301,c1ccc2c(c1)c(c3c(n2)CCCC3)NCCCCCNc4c5ccccc5nc6c4CCCC6,210.0,Ki (nM)
51375817,COc1ccc2cc(ccc2c1)C(=O)NCCC1CCN(Cc2ccccc2)CC1,210.0,Ki (nM)
51261637,COc1ccc(CNc2c3CCCCc3nc3ccccc23)cc1OC,210.0,Ki (nM)
50713017,CC(=O)O[C@H]1CC[C@@]2(C)[C@@H](CC[C@]3(C)[C@@H]2CC[C@@H]2[C@H]4[C@@H](CC[C@@]4(CC[C@@]32C)C(=O)OCc2ccccc2)C(C)=O)C1(C)C,210.0,Ki (nM)
51188821,COc1cc2CC(Oc3ccc(cc3)C(C)N3CCOCC3)C(=O)c2cc1OC,217.0,Ki (nM)
51414132,COc1ccc(CSS(=O)(=O)c2ccc(C)cc2)cc1,219.0,Ki (nM)
51555681,[H][C@@]12Cc3ccccc3-c3c(OC)c(OC)cc(CCN1C(=O)c1cc[n+](Cc4ccccc4Cl)cc1)c23,220.0,Ki (nM)
50735852,CC1=C2C3Cc4[nH]c(=O)ccc4C2(CC(C)=C3)NC1,220.0,Ki (nM)
51555769,NS(=O)(=O)c1cccc(NC(=S)N\N=C2/C(=O)N(Cc3ccccc3)c3ccc(cc23)[N+]([O-])=O)c1,220.0,Ki (nM)
50287099,Nc1c2CCCCc2nc2ccccc12,225.0,Ki (nM)
50949142,Nc1c2CCCCc2nc2ccccc12,225.0,Ki (nM)
51188823,COc1cc2CC(Oc3ccc(cc3)C(C)N3CCN(C)CC3)C(=O)c2cc1OC,228.0,Ki (nM)
183477,c1ccc2c(c1)c(c3c(n2)CCCC3)N,230.0,Ki (nM)
335097,COc1ccc(CN2CCCCC2COc2ccc(cn2)C(=O)\C=N/O)cc1OC,233.0,Ki (nM)
51188709,CCN(C)Cc1cccc(\C=C2/Cc3cc(OC)c(OC)cc3C2=O)c1,236.0,Ki (nM)
51188819,CCN(CC)Cc1cccc(\C=C2/Cc3cc(OC)c(OC)cc3C2=O)c1,237.0,Ki (nM)
51590370,O=C(CNS(=O)(=O)c1ccccc1C(F)(F)F)Nc1ccc2c(=O)n3c(nc2c1)CCC3,240.0,Ki (nM)
51188846,FC(F)(F)Oc1ccc(NC(=O)N2CCCN(CCc3ccccc3)CC2)cc1,241.0,Ki (nM)
51578051,COc1cc2ncnc(N3CCN(Cc4ccccc4)CC3)c2cc1OC,246.0,Ki (nM)
50076513,CC(=NNC(=O)Nc1ccncc1)c1ccc(O)cc1,246.0,Ki (nM)
50352547,COc1ccc2CN(C)CC[C@@]34C=C[C@H](O)C[C@@H]3Oc1c24,250.0,Ki (nM)
50526838,COc1cc2nc(NC(=O)CN3CCN(CCCN(C)C)CC3)sc2cc1OC,250.0,Ki (nM)
50811185,C(CCCCSc1c2CCCCc2nc2ccccc12)CCCNc1c2CCCCc2nc2ccccc12,250.0,Ki (nM)
50294855,CCCCNC(=O)OCCCCCOC(=O)NCCCC,250.0,Ki (nM)
248234,CC[N+](C)(C)c1cccc(c1)O,250.0,Ki (nM)
50099526,C(c1ccccc1)[n+]1cc2ccccc2c2ccccc12,250.0,Ki (nM)
15310,c1ccc2c(c1)c(c3c(n2)CCCC3)NCCCCCCCCSc4c5ccccc5nc6c4CCCC6,250.0,Ki (nM)
51414128,Cc1ccc(cc1)S(=O)(=O)SCc1ccc(cc1)[N+]([O-])=O,251.0,Ki (nM)
51245755,S=C(NCc1ccccc1)NNc1c2CCCCc2nc2ccccc12,253.0,Ki (nM)
51188704,COc1cc2CC(Oc3ccc(CN4CCCC4)cc3)C(=O)c2cc1OC,257.0,Ki (nM)
50986003,Clc1cc(NC(=O)OCCCCCCNCc2ccccc2)cc(Cl)n1,259.0,Ki (nM)
50721380,CCN(CC)CCCNc1ccc2C(=O)c3cccc4ccnc(-c2c1)c34,260.0,Ki (nM)
51579974,COc1cc2cc(C(=O)NCCC3CCN(Cc4ccccc4)CC3)[nH]c2cc1OC,260.0,Ki (nM)
50502633,COc1ccc2C\C(=C/C3CCN(Cc4ccccc4)CC3)C(=O)c2c1,260.0,Ki (nM)
51188747,OC(COc1ccc(cc1)[N+]([O-])=O)CN1CCCN(CC1)c1nc2ccc(Cl)cc2s1,263.0,Ki (nM)
51188721,COc1cc2CC(Oc3cccc(CN4CCCCC4)c3)C(=O)c2cc1OC,266.0,Ki (nM)
50327689,CCOc1ccc2C(=O)C(COc2c1)=Cc1ccc(OCCN2CCCCC2)cc1,270.0,Ki (nM)
51555679,[H][C@@]12Cc3ccccc3-c3c(OC)c(OC)cc(CCN1C(=O)c1cc[n+](Cc4ccc(F)cc4)cc1)c23,270.0,Ki (nM)
51054064,Oc1cccc2C(=O)c3cc(C[n+]4ccccc4)cc(O)c3C(=O)c12,279.0,Ki (nM)
50431866,N[C@@H](Cc1c[nH]c2ccccc12)C(=O)NCCNc1c2CCCCc2nc2ccccc12,280.0,Ki (nM)
50099527,C(C[n+]1cc2ccccc2c2ccccc12)c1ccccc1,280.0,Ki (nM)
51530503,Nc1c2CCCCc2nc2ccccc12,283.0,Ki (nM)
50986027,COc1ccccc1CNCCCCCOC(=O)Nc1cc(Cl)nc(Cl)c1,288.0,Ki (nM)
50557651,COc1ccc2cc3-c4cc5OCOc5cc4CC[n+]3cc2c1OC,289.0,Ki (nM)
17521,Clc1cc(Cl)c2c(SCCCCCCCNc3c4CCCCc4nc4ccccc34)c3CCCCc3nc2c1,290.0,Ki (nM)
51557822,CCOP(=O)(OCC)C(Nc1ccc(cc1)C(O)=O)c1ccc(OCc2nc3ccccc3c(=O)n2-c2ccc(F)cc2)c(OC)c1,292.0,Ki (nM)
51557821,CCOP(=O)(OCC)C(Nc1ccc(cc1)C(O)=O)c1ccc(OCc2nc3ccccc3c(=O)n2-c2ccc(F)cc2)c(OC)c1,297.0,Ki (nM)
50294845,CCCCNC(=O)OCCCCCCCCCCCCO,300.0,Ki (nM)
50592215,COc1ccc2CN(C)CC[C@@]34C=C[C@H](O)C[C@@H]3Oc1c24,300.0,Ki (nM)
51496262,CC1(C)Oc2ccc(cc2O1)C(\Cn1ccnc1)=N\OC(=O)c1ccc2ccccc2c1,308.0,Ki (nM)
248235,C[n+]1c2ccccc2cc2ccccc12,310.0,Ki (nM)
51468483,C(CCNCc1ccccc1)CCNc1ncccn1,312.0,Ki (nM)
50965470,COc1ccc2c(c[n+](C)c3c4cc5OCOc5cc4ccc23)c1OC,320.0,Ki (nM)
41692,O=C1C=Cc2ccccc2C1=O |c:2|,320.0,Ki (nM)
50021332,C(NC1C2N(Cc3ccc4OCOc4c3)C3C(N(Cc4ccc5OCOc5c4)C4(CC4N2Cc2ccc4OCOc4c2)N3Cc2ccc3OCOc3c2)N1Cc1ccc2OCOc2c1)c1ccc2OCOc2c1,320.0,Ki (nM)
51414126,Cc1ccc(cc1)S(=O)(=O)SCc1ccc(F)cc1,327.0,Ki (nM)
50287102,CCN(CCC(=O)NCCCCNc1c2CCCCc2nc2ccccc12)C1CCCCC1,328.0,Ki (nM)
50871668,CC1=C[C@H]2Cc3[nH]c(=O)ccc3[C@]3(C1)NCCC[C@H]23,334.0,Ki (nM)
17789,"CC1=CC2Cc3[nH]c(=O)ccc3[C@]3(C1)NCCC[C@H]23 |r,t:1,TLB:17:18:4.5.11:2.1.13,THB:10:11:18:2.1.13|",334.0,Ki (nM)
17520,C(CCCNc1c2CCCCc2nc2ccccc12)CCCSc1c2CCCCc2nc2ccccc12,340.0,Ki (nM)
51261643,C(CCNc1c2CCCCc2nc2ccccc12)CCOCCc1ccc(OCc2ccccc2)c(OCc2ccccc2)c1,340.0,Ki (nM)
50811182,C(CCCNc1c2CCCCc2nc2ccccc12)CCCSc1c2CCCCc2nc2ccccc12,340.0,Ki (nM)
51046435,Nc1c2CCCCc2nc2ccccc12,340.0,Ki (nM)
50592217,CC(=O)O[C@@H]1[C@@H](O[Si](C)(C)C(C)(C)C)C=C2CCN3Cc4cc5OCOc5cc4[C@H]1[C@@H]23,340.0,Ki (nM)
15309,C(CCCNc1c2CCCCc2nc2ccccc12)CCCSc1c2CCCCc2nc2ccccc12,340.0,Ki (nM)
50986024,COc1ccccc1CNCCCCCCNC(=O)c1cc(Cl)nc(Cl)c1,355.0,Ki (nM)
50502630,Oc1cccc2C\C(=C/C3CCN(Cc4ccccc4)CC3)C(=O)c12,355.0,Ki (nM)
50294854,CCCCNC(=O)OCCOC(=O)NCCCC,360.0,Ki (nM)
50294853,CCCCNC(=O)OCCCCCCCCO,360.0,Ki (nM)
51261660,Oc1ccc(CNc2c3CCCCc3nc3ccccc23)cc1,370.0,Ki (nM)
51136949,COc1ccc2CN(C)CC[C@@]34C=C[C@H](O)C[C@@H]3Oc1c24,370.0,Ki (nM)
51117649,COc1ccc2CN(C)CC[C@@]34C=C[C@H](O)C[C@@H]3Oc1c24,370.0,Ki (nM)
50099397,CC(=O)OCC[n+]1cc2ccccc2c2ccccc12,380.0,Ki (nM)
51084410,CCN(CC)CCCCCCCCOc1ccc2c(c1)oc(cc2=O)-c1ccc(cc1)N(C)C,386.0,Ki (nM)
50592219,CC(C)(C)[Si](C)(C)O[C@H]1C=C2CCN3Cc4cc5OCOc5cc4[C@@H]([C@@H]23)[C@@H]1OC(=O)c1ccccc1,390.0,Ki (nM)
51414125,Cc1ccc(cc1)S(=O)(=O)SCc1ccccc1,390.0,Ki (nM)
51396796,CCN(CCCCOc1ccc(cc1)-c1cc(=O)c2c(O)cc(OCCCCN(CC)Cc3ccccc3)cc2o1)Cc1ccccc1,394.0,Ki (nM)
51261662,Oc1cc(\C=N\c2c3CCCCc3nc3ccccc23)cc(O)c1O,400.0,Ki (nM)
50077038,C(CCCCC[n+]1cccc2ccccc12)CCCC[n+]1ccccc1,400.0,Ki (nM)
50077033,C(CCCCC[n+]1cccc2ccccc12)CCCC[n+]1ccccc1,400.0,Ki (nM)
51188727,COc1cc2CC(Oc3cccc(c3)C(C)N(C)C)C(=O)c2cc1OC,400.0,Ki (nM)
50713135,COc1ccc2CN(C)CC[C@@]34C=C[C@H](O)C[C@@H]3Oc1c24,400.0,Ki (nM)
50735853,CCC1=C2C3Cc4[nH]c(=O)ccc4C2(CC(C)=C3)NC1,400.0,Ki (nM)
50048006,CC[N+](C)(C)c1cccc(O)c1,400.0,Ki (nM)
51188702,COc1cc2CC(Oc3ccc(CN4CCCCC4)cc3)C(=O)c2cc1OC,403.0,Ki (nM)
51188762,COc1cc2CC(Oc3ccc(cc3)C(C)N3CCCC3)C(=O)c2cc1OC,403.0,Ki (nM)
50986009,Brc1cnccc1NC(=O)OCCCCCNCc1ccccc1,404.0,Ki (nM)
50590120,COc1ccc2CN(C)CC[C@@]34C=C[C@H](O)C[C@@H]3Oc1c24,428.0,Ki (nM)
50592218,CC(=O)O[C@@H]1[C@@H](O)C=C2CCN3Cc4cc5OCOc5cc4[C@H]1[C@@H]23,430.0,Ki (nM)
51553673,CC[N+](CC)(CCCCCn1c(=O)cc(C)n(CCCCCCn2c(C)cc(=O)n(C)c2=O)c1=O)Cc1ccccc1C(F)(F)F,430.0,Ki (nM)
50326739,COc1ccc2CN(C)CC[C@@]34C=C[C@H](O)C[C@@H]3Oc1c24,440.0,Ki (nM)
50870817,COc1ccc2CN(C)CC[C@@]34C=C[C@H](O)C[C@@H]3Oc1c24,450.0,Ki (nM)
51188754,CCN(CC)Cc1ccc(\C=C2/Cc3cc(OC)c(OC)cc3C2=O)cc1,453.0,Ki (nM)
248236,C[N+](C)(C)CCCCCCCCCC[N+](C)(C)C,460.0,Ki (nM)
50684749,COc1cc(\C=C\C(=O)Nc2ccccc2)ccc1OCCCCCCN1CCCCC1,480.0,Ki (nM)
50965472,COc1ccc2c(c[n+](C)c3c4cc5OCOc5cc4ccc23)c1OC,480.0,Ki (nM)
293124,CC(=O)Nc1ccc(OCCCN2CCN(CC2)c2ccc(F)cc2)cc1,4100.0,Ki (nM)
50523915,Fc1ccc(COc2ccc3cc(C(=O)NCCc4c[nH]c5ccccc45)c(=O)oc3c2)cc1,490.0,Ki (nM)
50257843,COc1ccc(cc1OC)C1c2c(C)[nH]nc2Oc2nc3CCCCc3c(N)c12,490.0,Ki (nM)
50534957,Nc1c2CCCCc2cc2Oc3[nH]nc(c3C(c3ccc(F)cc3)c12)-c1ccccc1,490.0,Ki (nM)
44783,CCOc1ccc2nc3cc(N)ccc3c(N)c2c1,490.0,Ki (nM)
51510819,COc1ccc2CN(C)CC[C@@]34C=C[C@H](O)C[C@@H]3Oc1c24,500.0,Ki (nM)
51408887,CCN(CCCCOc1ccc(C(=O)\C=C\c2ccc(cc2)N(C)C)c(O)c1)Cc1ccccc1N(C)C,500.0,Ki (nM)
51510778,COc1ccc2CN(C)CC[C@@]34C=C[C@H](O)C[C@@H]3Oc1c24,500.0,Ki (nM)
50099536,C[n+]1c2ccccc2cc2ccccc12,500.0,Ki (nM)
51396717,COc1cc2CC(=C/c3ccc(cc3)N3CC[N+](C)(Cc4ccccc4)CC3)C(=O)c2cc1OC,500.0,Ki (nM)
51188824,COc1cc2CC(Oc3cccc(CN4CCCC4)c3)C(=O)c2cc1OC,505.0,Ki (nM)
51188751,CCN(C)Cc1cccc(CC2Cc3cc(OC)c(OC)cc3C2=O)c1,507.0,Ki (nM)
50870816,O[C@@H]1CO[C@@H](Oc2ccc(C=O)cc2)[C@H](O)[C@@H]1O,510.0,Ki (nM)
51188703,COc1cc2CC(Oc3ccc(CN4CCOCC4)cc3)C(=O)c2cc1OC,514.0,Ki (nM)
50553298,[O-][N+](=O)c1ccc(NC(=N)NC(=N)N2CCN(CC2)C(=N)NC(=N)Nc2ccc(cc2)[N+]([O-])=O)cc1,520.0,Ki (nM)
50533637,CN(C)C(=O)Oc1cccc(c1)C(=O)\C=C\c1ccc(O)cc1,520.0,Ki (nM)
51555768,CN1C(=O)\C(=N/NC(=S)Nc2cccc(c2)S(N)(=O)=O)c2cc(Cl)cc(C)c12,520.0,Ki (nM)
51188816,CC(C)(C)c1ccc(cc1)C(\N)=N\OC(=O)c1cnn(c1C(F)(F)F)-c1ccc(cc1)[N+]([O-])=O,521.0,Ki (nM)
51188707,COc1cc2CC(Cc3cccc(CN(C)C)c3)C(=O)c2cc1OC,525.0,Ki (nM)
50099525,CCCCCC[n+]1cc2ccccc2c2ccccc12,530.0,Ki (nM)
51286975,COc1ccc2CN(C)CC[C@@]34C=C[C@H](O)C[C@@H]3Oc1c24,540.0,Ki (nM)
50353665,COc1ccc2CN(C)CC[C@@]34C=C[C@H](O)C[C@@H]3Oc1c24,540.0,Ki (nM)
51510805,COc1ccc2CN(C)CC[C@@]34C=C[C@H](O)C[C@@H]3Oc1c24,540.0,Ki (nM)
50553268,COc1ccc2CN(C)CC[C@@]34C=C[C@H](O)C[C@@H]3Oc1c24,540.0,Ki (nM)
50481829,COc1ccc2CN(C)CC[C@@]34C=C[C@H](O)C[C@@H]3Oc1c24,540.0,Ki (nM)
50104881,COc1ccc2CN(C)CC[C@@]34C=C[C@H](O)C[C@@H]3Oc1c24,540.0,Ki (nM)
50592220,O[C@H]1C=C2CCN3Cc4cc5OCOc5cc4[C@@H]([C@@H]23)[C@@H]1OC(=O)c1ccccc1,540.0,Ki (nM)
51188837,COc1cc2CC(Oc3ccc(cc3)C(C)N(C)C)C(=O)c2cc1OC,543.0,Ki (nM)
50502636,COc1ccc2C(=O)\C(Cc2c1)=C\C1CCN(Cc2cccc(OC)c2)CC1,554.0,Ki (nM)
50089052,O\N=C\C(=O)NCCCCCCNc1c2CCCCc2nc2ccccc12,588.0,Ki (nM)
50712935,CC(=O)[C@@H]1CC[C@@]2(CC[C@]3(C)[C@H](CC[C@@H]4[C@@]5(C)CC[C@H](O)C(C)(C)[C@@H]5CC[C@@]34C)[C@@H]12)C(=O)OCc1ccccc1,590.0,Ki (nM)
51261676,Oc1ccc(CCNc2c3CCCCc3nc3ccccc23)cc1O,590.0,Ki (nM)
51202291,C[C@H]1COC2=C1C(=O)C(=O)c1c2ccc2c(C)cccc12,600.0,Ki (nM)
51261675,C(Cc1ccc(OCc2ccccc2)cc1)Nc1c2CCCCc2nc2ccccc12,610.0,Ki (nM)
51261729,C(Cc1ccc(OCc2ccccc2)c(OCc2ccccc2)c1)Nc1c2CCCCc2nc2ccccc12,610.0,Ki (nM)
51188756,COc1cc2C\C(=C/c3ccc(CN(C)C)cc3)C(=O)c2cc1OC,617.0,Ki (nM)
50621524,C(CCCC[n+]1ccc2ccccc2c1)CCC[n+]1ccc2ccccc2c1,620.0,Ki (nM)
50553668,O=C(NCCN1CCCCC1)N1c2ccccc2Sc2ccccc12,620.0,Ki (nM)
50703369,Nc1c2CCCCc2nc2n(c(cc12)-c1ccccc1)-c1ccccc1,621.0,Ki (nM)
50528224,CC(=O)Oc1cccc(c1)C(=O)Nc1nnc(s1)-c1ccccc1Cl,640.0,Ki (nM)
51261722,COc1ccc(CNc2c3CCCCc3nc3ccccc23)cc1OC,640.0,Ki (nM)
17525,C(CCSc1c2CCCCc2nc2ccccc12)CNc1c2CCCCc2nc2ccccc12,650.0,Ki (nM)
50528230,ClCc1cccc(c1)C(=O)Nc1nnc(s1)-c1ccccc1Cl,660.0,Ki (nM)
248229,CC[N+](C)(CC)CCCn1c(-c2ccccc2)c2cc(N)ccc2c2ccc(=[NH2+])cc12,660.0,Ki (nM)
50332111,CC(C)CN1CCc2c(C1)sc1nc(oc(=O)c21)N(C)C,660.0,Ki (nM)
367494,CC(N(C)C)c1cccc(O)c1,700.0,Ki (nM)
51510777,CCN(C)C(=O)Oc1cccc(c1)[C@H](C)N(C)C,700.0,Ki (nM)
17785,C[C@@H](c1cccc(c1)O)N(C)C,700.0,Ki (nM)
50099543,C(c1ccc(C[n+]2cc3ccccc3c3ccccc23)cc1)[n+]1cc2ccccc2c2ccccc12,710.0,Ki (nM)
51414127,Cc1ccc(cc1)S(=O)(=O)SCc1ccc(Cl)cc1,714.0,Ki (nM)
51286972,O=C(OCCc1ccc(OC(=O)\C=C\c2ccc(OCc3ccccc3)c(OCc3ccccc3)c2)c(OC(=O)\C=C\c2ccc(OCc3ccccc3)c(OCc3ccccc3)c2)c1)\C=C\c1ccc(OCc2ccccc2)c(OCc2ccccc2)c1,720.0,Ki (nM)
50555581,COc1cc(OC)cc(c1)\N=C\c1cc(OC)c(OC)c(OC)c1,720.0,Ki (nM)
50870814,OC[C@H]1O[C@@H](Oc2ccc(C=O)cc2)[C@H](O)[C@@H](O)[C@@H]1O,730.0,Ki (nM)
51573567,CN(C)CCCN1C(SCC1=O)c1ccc(F)cc1,730.0,Ki (nM)
248232,Cc1cccc2c1ccc3c2C(=O)C(=O)C4=C3OC[C@@H]4C,750.0,Ki (nM)
50621530,C(c1ccc2ccc(C[n+]3ccc4ccccc4c3)cc2c1)[n+]1ccc2ccccc2c1,750.0,Ki (nM)
50712932,COC(=O)[C@]12CC[C@H]([C@@H]1[C@H]1CC[C@@H]3[C@@]4(C)CC[C@H](O)C(C)(C)[C@@H]4CC[C@@]3(C)[C@]1(C)CC2)C(C)=O,760.0,Ki (nM)
51188748,COc1cc2CC(Cc3ccc(CN4CCCC4)cc3)C(=O)c2cc1OC,773.0,Ki (nM)
50099322,C(C[n+]1cc2ccccc2c2ccccc12)c1ccccc1,780.0,Ki (nM)
51397593,Cc1c(OCc2ccccc2)c(=O)ccn1CCCCCCNCc1ccccc1,788.0,Ki (nM)
50621523,CC[N+](C)(C)c1cccc(O)c1,790.0,Ki (nM)
51188848,COc1cc2CC(Oc3cccc(CN4CCOCC4)c3)C(=O)c2cc1OC,793.0,Ki (nM)
50735854,CC1=C[C@H]2Cc3[nH]c(=O)ccc3[C@]3(C1)NCCC[C@H]23,794.0,Ki (nM)
50077034,C[N+](C)(CC=C)c1ccc(CCC(=O)CCc2ccc(cc2)[N+](C)(C)CC=C)cc1,800.0,Ki (nM)
50630028,CC[N+](C)(C)c1cccc(O)c1,800.0,Ki (nM)
50553664,CC(C)N(CCNC(=O)N1c2ccccc2Sc2ccccc12)C(C)C,810.0,Ki (nM)
51261728,Oc1ccc(\C=N\c2c3CCCCc3nc3ccccc23)cc1O,820.0,Ki (nM)
41699,[O-][N+](=O)c1ccc-2c(c1)C(=O)C(=O)c1ccccc-21,850.0,Ki (nM)
50326711,CC[C@H](C[C@@H](O)[C@@H](C)[C@H]1CCC2C3C=CC4=C[C@@H](O)C[C@H](O)[C@]4(C)C3CC[C@]12C)C(C)C,850.0,Ki (nM)
50528232,ClCc1cccc(c1)C(=O)Nc1nnc(s1)-c1ccccc1,850.0,Ki (nM)
50592216,CC(C)(C)[Si](C)(C)O[C@H]1C=C2CCN3Cc4cc5OCOc5cc4[C@@H]([C@@H]23)[C@@H]1O,860.0,Ki (nM)
51188825,CCN(CC)C(C)c1cccc(OC2Cc3cc(OC)c(OC)cc3C2=O)c1,865.0,Ki (nM)
50712917,COc1cccc(c1)C1c2ccc3cccnc3c2Oc2nc3CCCCc3c(N)c12,870.0,Ki (nM)
51261747,Oc1ccc(CCNc2c3CCCCc3nc3ccccc23)cc1O,870.0,Ki (nM)
51253596,COc1cc(NCc2ccc(Oc3c(N)cccc3Cl)cc2)cc(OC)c1OC,879.0,Ki (nM)
50828050,COc1ccccc1CN(C)CCCN(C)CCCNCCCn1c(-c2ccccc2)c2cc(N)ccc2c2ccc(=[NH2+])cc12,894.0,Ki (nM)
51188741,Oc1nc(Nc2ccc(cc2)C2CCCCC2)sc1CC(=O)Nc1ccc(OC(F)(F)F)cc1,897.0,Ki (nM)
41695,[O-][N+](=O)c1ccc2c3c(ccc([N+]([O-])=O)c13)c(=O)c2=O,903.0,Ki (nM)
50528242,CC(=O)Oc1cccc(c1)C(=O)Nc1nnc(s1)-c1ccccc1,910.0,Ki (nM)
51188717,CCN(C)Cc1ccc(CC2Cc3cc(OC)c(OC)cc3C2=O)cc1,918.0,Ki (nM)
50965471,COc1ccc2c(c[n+](C)c3c4cc5OCOc5cc4ccc23)c1OC,920.0,Ki (nM)
50684828,COc1cc(\C=C\C(=O)Nc2ccccc2)ccc1OCCCCCCN1CCCCC1,920.0,Ki (nM)
51188755,CCN(C)Cc1ccc(\C=C2/Cc3cc(OC)c(OC)cc3C2=O)cc1,920.0,Ki (nM)
51506336,COC(=O)CCC\C=C/C\C=C/C\C=C/CCOC(=O)Nc1cccc(Cl)c1,930.0,Ki (nM)
51579975,COc1ccc2[nH]cc(C(=O)NCCC3CCN(Cc4ccccc4)CC3)c2c1,930.0,Ki (nM)
50826725,COc1ccc(Cn2cc(CNc3c4CCCCc4nc4ccc(Cl)cc34)nn2)cc1,940.0,Ki (nM)
50099171,CCc1sc[n+](C)c1C,940.0,Ki (nM)
50099321,C(c1ccccc1)[n+]1cc2ccccc2c2ccccc12,950.0,Ki (nM)
50099398,CC(=O)OCC[n+]1cccc2c1ccc1ccccc21,950.0,Ki (nM)
41255,C1=CC(=O)C=CC1=O,955.0,Ki (nM)
50528241,FC(F)(F)c1cc(cc(c1)C(F)(F)F)C(=O)Nc1nnc(s1)-c1ccccc1Cl,970.0,Ki (nM)
50592221,CC(=O)O[C@H]1C=C2CCN3Cc4cc5OCOc5cc4[C@@H]([C@@H]23)[C@@H]1OC(=O)c1ccccc1,970.0,Ki (nM)
50502624,O=C1\C(Cc2cc3OCOc3cc12)=C\C1CCN(Cc2ccccc2)CC1,980.0,Ki (nM)
50621475,C(CCCC[n+]1ccc2ccccc2c1)CCC[n+]1ccc2ccccc2c1,980.0,Ki (nM)
51396720,COc1cc2CC(=C/c3ccc(cc3)N3CC[N+](C)(Cc4cccc(Cl)c4)CC3)C(=O)c2cc1OC,1000.0,Ki (nM)
51506352,O=C(Nc1ccccc1)OC1CN2CCC1CC2,1000.0,Ki (nM)
50724576,CNC(=O)Oc1ccc2N(C)[C@H]3N(C)CC[C@@]3(C)c2c1,1000.0,Ki (nM)
51441238,[H][C@@]12Cc3c4COCOc4c(OC)cc3C=[N+]1CCc1cc3OCOc3c(OC)c21,1000.0,Ki (nM)
248228,CN(C)c1ccc(cc1)-c1sc2cc(C)ccc2[n+]1C,1000.0,Ki (nM)
50100724,CCN(CC)CCNC(=O)c1ccc(N)cc1,1000.0,Ki (nM)
50100757,CCCCCSC(=O)OCC[N+](C)(C)C,1000.0,Ki (nM)
50214222,CCCCC1CCN(CCCC(=O)c2ccccc2C)CC1,,Ki (nM)
51573568,CN(C)CCCN1C(SCC1=O)c1ccc(Cl)cc1Cl,1000.0,Ki (nM)
50048013,CCN(CC)CCNC(=O)c1ccc(N)cc1,1000.0,Ki (nM)
50724574,CN(C)C(=O)Oc1cccc(c1)[N+](C)(C)C,1000.0,Ki (nM)
50214274,O=C(Cc1ccccc1)NC1CCN(CCCN2C(=O)COc3ccccc23)CC1,,Ki (nM)
50048005,CCN(CC)CCNC(=O)c1ccc(N)cc1,1000.0,Ki (nM)
51188841,COc1cc2CC(Oc3cccc(CN(C)C)c3)C(=O)c2cc1OC,1004.0,Ki (nM)
201195,CC[N+](C)(C)c1cccc(c1)O,1010.0,Ki (nM)
51188750,CCN(CC)Cc1ccc(CC2Cc3cc(OC)c(OC)cc3C2=O)cc1,1040.0,Ki (nM)
50807405,COc1cc(\C=C\C(=O)OCC2CCN(Cc3ccccc3)CC2)ccc1O,1040.0,Ki (nM)
200769,Brc1cccc(CN=Nc2nc(cs2)-c2cc3ccccc3oc2=O)c1 |w:8.8|,1050.0,Ki (nM)
51046436,COc1ccc2CN(C)CC[C@@]34C=C[C@H](O)C[C@@H]3Oc1c24,1060.0,Ki (nM)
50326707,CC[C@H](C[C@@H](O)[C@@H](C)[C@H]1CCC2C3CCC4=CC(=O)CC[C@]4(C)C3=CC[C@]12C)C(C)C,1100.0,Ki (nM)
51506334,COC(=O)CCC\C=C/C\C=C/C\C=C/CCOC(=O)Nc1ccc(Br)cc1,1100.0,Ki (nM)
335096,CN(CCc1ccccc1)C1CCc2ncc(NC(=O)C(=N\O)\C(C)=O)cc2C1,1108.0,Ki (nM)
50965469,COc1ccc2c(c[n+](C)c3c4cc5OCOc5cc4ccc23)c1OC,1120.0,Ki (nM)
50957444,CCN(C)C(=O)Oc1ccc2N(C)C3N(CCc4ccccc34)Cc2c1,1120.0,Ki (nM)
50350065,CCCC[C@@H](O)\C=C\C=C\C(O)=O,1170.0,Ki (nM)
50103321,Oc1ccc(CN(CC#C)C(CCC2CCN(Cc3ccccc3)CC2)C#N)c2cccnc12,1210.0,Ki (nM)
50621525,C(c1ccc2ccc(C[n+]3ccc4ccccc4c3)cc2c1)[n+]1ccc2ccccc2c1,1250.0,Ki (nM)
200765,COc1ccc(CN=Nc2nc(cs2)-c2cc3ccccc3oc2=O)cc1 |w:8.8|,1250.0,Ki (nM)
50099517,C[N+](C)(CCCCCC[N+](C)(C)C1c2ccccc2-c2ccccc12)C1c2ccccc2-c2ccccc12,1300.0,Ki (nM)
50871685,O=NCc1cccc[n+]1CCCCCCC[n+]1ccccc1CN=O,1300.0,Ki (nM)
50099539,C[N+](C)(CCCCCC[N+](C)(C)C1c2ccccc2-c2ccccc12)C1c2ccccc2-c2ccccc12,1300.0,Ki (nM)
50107645,O=C(COc1ccc2ccc(=O)oc2c1)NC1CCN(Cc2ccccc2)CC1,1320.0,Ki (nM)
408493,C1CN2C=Nc3sc4CCCCc4c3C2=N1,1320.0,Ki (nM)
51188763,CCN(CC)C(C)c1ccc(OC2Cc3cc(OC)c(OC)cc3C2=O)cc1,1330.0,Ki (nM)
51188764,CCN(CC)Cc1ccc(OC2Cc3cc(OC)c(OC)cc3C2=O)cc1,1340.0,Ki (nM)
51397596,COc1ccccc1CNCCCCCCn1ccc(=O)c(O)c1C,1344.0,Ki (nM)
408491,O=C1N2CCN=C2Nc2sc3CN(Cc4ccccc4)CCc3c12,1550.0,Ki (nM)
293123,CC(=O)Nc1ccc(OCCCN2CCN(CC2)c2ccccc2F)cc1,2540.0,Ki (nM)
51397595,Cc1c(O)c(=O)ccn1CCCCCCNCc1ccccc1,1366.0,Ki (nM)
51314668,Cc1c(C)c(=O)oc2cc(OCC3CCCN(Cc4ccccc4)C3)ccc12,1370.0,Ki (nM)
51314647,Cc1c(C)c(=O)oc2cc(OCC3CCCN(Cc4ccccc4)C3)ccc12,1370.0,Ki (nM)
293122,CC(=O)Nc1ccc(OCCCN2CCN(CC2)c2ccccc2)cc1,2280.0,Ki (nM)
51392817,CN(CCCCCCOc1cc(O)c2c(c1)oc1ccccc1c2=O)Cc1ccc(O)cc1,1400.0,Ki (nM)
51144772,CC(C)(C)c1cc(\C=C\C(=O)NCCC2CCN(Cc3ccccc3F)CC2)cc(c1O)C(C)(C)C,1400.0,Ki (nM)
50294850,CCCCNC(=O)OCCCCCO,1400.0,Ki (nM)
50553324,CC(C)(C)c1ccc(NC(=N)NC(=N)N2CCN(CC2)C(=N)NC(=N)Nc2ccc(cc2)C(C)(C)C)cc1,1410.0,Ki (nM)
50961495,O=C(NCCc1c[nH]c2ccccc12)c1ccc(OCCCCn2c3ccccc3c3ccccc23)cc1,1437.0,Ki (nM)
50089049,O\N=C\C(=O)NCCCCNc1c2CCCCc2nc2ccccc12,1492.0,Ki (nM)
50294846,CCCCNC(=O)OCCO,1500.0,Ki (nM)
50811188,CC(=O)N(CCCNc1c2CCCCc2nc2ccccc12)CCCNc1c2CCCCc2nc2ccccc12,1500.0,Ki (nM)
408496,C(N1CCc2c(C1)sc1N=CN3CCCN=C3c21)c1ccccc1,1500.0,Ki (nM)
50724579,CCCCCCCCCC1CCC(CCCCC=C)N1,1500.0,Ki (nM)
15308,CC(=O)N(CCCNc1c2CCCCc2nc2ccccc12)CCCNc1c2CCCCc2nc2ccccc12,1500.0,Ki (nM)
50034677,O=C1CCCN1CC#CCN1CCCC1,1500.0,Ki (nM)
408492,O=C1N2CCCN=C2Nc2sc3CN(Cc4ccccc4)CCc3c12,2070.0,Ki (nM)
51136944,CCCCCCCCCCCCCCCCC\C=C\C(O)=O,1510.0,Ki (nM)
200774,COc1cc(CN=Nc2nc(cs2)-c2cc3ccccc3oc2=O)cc(OC)c1O |w:7.7|,1550.0,Ki (nM)
50332130,COc1ccc2CN(C)CC[C@@]34C=C[C@H](O)C[C@@H]3Oc1c24,1560.0,Ki (nM)
50553252,Ic1ccccc1NC(=N)NC(=N)N1CCN(CC1)C(=N)NC(=N)Nc1ccccc1I,1560.0,Ki (nM)
51606624,c1ccc2c(CN3CCC[C@@H]3COc3ccc4c(c3)OCO4)cccc2c1,1590.0,Ki (nM)
51188710,CCN(CC)Cc1cccc(OC2Cc3cc(OC)c(OC)cc3C2=O)c1,1590.0,Ki (nM)
51445503,CON(C)C(=O)Oc1ccccc1C(=O)NCCc1c[nH]c2ccccc12,1596.0,Ki (nM)
51261663,C(Cc1ccc(OCc2ccccc2)c(OCc2ccccc2)c1)Nc1c2CCCCc2nc2ccccc12,1600.0,Ki (nM)
50991352,BrC1=C[C@@]2(CCC1=O)C=CNC1=C2C2=NCCc3c[nH]c(c23)C1=O,1600.0,Ki (nM)
51261755,C(Cc1ccc(OCc2ccccc2)cc1)Nc1c2CCCCc2nc2ccccc12,1600.0,Ki (nM)
200768,Clc1ccc(CN=Nc2nc(cs2)-c2cc3ccccc3oc2=O)cc1 |w:7.7|,1620.0,Ki (nM)
201196,CC(C)N(CCNC(=O)N1c2ccccc2Sc2ccccc12)C(C)C,1640.0,Ki (nM)
51555682,[H][C@]12Cc3ccccc3-c3c(OC)c(OC)cc(CCN1C(=O)c1cc[n+](Cc4ccccc4Cl)cc1)c23,1650.0,Ki (nM)
293115,CC(=O)Nc1ccc(OCC(=O)N2CCN(CC2)c2ccccc2)cc1,43660.0,Ki (nM)
41257,"ClC1=C(Cl)C(=O)C(=O)C(Cl)=C1Cl |c:1,9|",1670.0,Ki (nM)
50474988,CC1(C)CC[C@@]2(CC[C@]3(C)C(=CC[C@@H]4[C@@]5(C)C[C@@H](O)[C@H](O)C(C)(C)[C@@H]5CC[C@@]34C)[C@@H]2C1)C(=O)OCCCCCl,1680.0,Ki (nM)
50332139,CN(C)c1nc2sc3CN(Cc4ccccc4)CCc3c2c(=O)o1,1700.0,Ki (nM)
51510826,CCCCCCCCCCCCNC(=O)[C@@H](OCc1ccccc1)[C@H]1O[C@@H](N=[N+]=[N-])[C@H](OC(C)=O)[C@H]1OCc1ccccc1,1730.0,Ki (nM)
50099532,C(C[n+]1cccc2c1ccc1ccccc21)c1ccccc1,1800.0,Ki (nM)
51185308,CCC(C)(C)C(=O)O[C@H]1C[C@@H](C)C=C2C=C[C@H](C)[C@H](CC[C@@H]3C[C@@H](O)CC(=O)O3)[C@@H]12,1800.0,Ki (nM)
51261672,Oc1ccc(\C=N\c2c3CCCCc3nc3ccccc23)cc1,1800.0,Ki (nM)
51286969,O=C(OCCc1ccc(OC(=O)\C=C\c2ccc(OCc3ccccc3)c(OCc3ccccc3)c2)c(OC(=O)\C=C\c2ccc(OCc3ccccc3)c(OCc3ccccc3)c2)c1)\C=C\c1ccc(OCc2ccccc2)c(OCc2ccccc2)c1,1800.0,Ki (nM)
50099547,CCCCCC[n+]1cc2ccccc2c2ccccc12,1800.0,Ki (nM)
51430042,CC(C)(C)CC(C)(C)NC(=O)C1(N2CCC2=O)C(=O)N(Cc2ccccc2)c2ccccc12,1800.0,Ki (nM)
50008790,CN(C)c1ccc(CC(=O)NCCCCCCCCCCCCNC23CC4CC(CC(C4)C2)C3)cc1,1800.0,Ki (nM)
51261664,C1CCN(CC1)c1c2CCCCc2nc2ccccc12,1800.0,Ki (nM)
51185299,CCC(C)(C)C(=O)O[C@H]1C[C@@H](C)C=C2C=C[C@H](C)[C@H](CC[C@@H]3C[C@@H](O)CC(=O)O3)[C@@H]12,1800.0,Ki (nM)
200771,O=c1oc2ccccc2cc1-c1csc(N=NCc2ccc(cc2)N(=O)=O)n1 |w:15.16|,1810.0,Ki (nM)
50502634,COc1cccc2C\C(=C/C3CCN(Cc4ccccc4)CC3)C(=O)c12,1835.0,Ki (nM)
50991353,[H][C@@]12C[C@]3(C=C(Br)C(=O)C=C3S1)C1=C(N2)C(=O)c2[nH]cc3CCN=C1c23,1900.0,Ki (nM)
51261670,COc1ccc(\C=N\c2c3CCCCc3nc3ccccc23)cc1OC,1900.0,Ki (nM)
51525246,CC(C)=CCCC1(C)Oc2cc(O)c3c(oc4c(O)cccc4c3=O)c2C=C1,1900.0,Ki (nM)
50501567,OC1=C(CCC\C1=C/c1ccc(OCCN2CCCCC2)cc1)C(=O)c1ccccc1,1900.0,Ki (nM)
50431848,N[C@@H](Cc1ccccc1)C(=O)NCC(=O)Nc1c2CCCCc2nc2ccccc12,1908.0,Ki (nM)
408494,C1CCc2c(C1)sc1N=CN3CCCN=C3c21,1920.0,Ki (nM)
50287097,Oc1ccc2c(CC(=O)NNC(=S)Nc3c4CCCCc4nc4ccccc34)cc(=O)oc2c1,1940.0,Ki (nM)
51051486,C[C@H]1COC2=C1C(=O)C(=O)c1c2ccc2c(C)cccc12,1950.0,Ki (nM)
51463534,OCC1CCN(Cc2ccc(cc2)C(=O)N\N=C\c2cccc(Cl)c2)CC1,1953.0,Ki (nM)
51286976,COc1cc(\C=C\C(=O)OCCc2ccccc2)cc(OC)c1OCCc1ccccc1,1970.0,Ki (nM)
50502631,Oc1ccc2C(=O)\C(Cc2c1)=C\C1CCN(Cc2ccccc2)CC1,1980.0,Ki (nM)
50104892,CCOC(=O)[C@@]1(C)CC[C@]2(C)CC[C@]3(C)C(=CC(=O)[C@@H]4[C@@]5(C)CC[C@H](OC(=O)[C@H](Cc6ccccc6)NC(=O)OC(C)(C)C)C(C)(C)[C@@H]5CC[C@@]34C)[C@@H]2C1,,Ki (nM)
51441234,COc1cc2CN3CCc4cc5OCOc5c(OC)c4[C@@H]3Cc2c2COCOc12,2000.0,Ki (nM)
50048002,CCCCCSC(=O)OCC[N+](C)(C)C,2000.0,Ki (nM)
51451310,CN(CCCC(F)F)Cc1ccc(COc2ccc3c(CO)cc(=O)oc3c2)cc1,2000.0,Ki (nM)
50583804,C\C=C1/C2Cc3[nH]c(=O)ccc3C1CC(C)=C2,2000.0,Ki (nM)
50481732,CC1(C)CC[C@@]2(CC[C@]3(C)C(=CC[C@@H]4[C@@]5(C)C[C@@H](O)[C@H](O)C(C)(C)[C@@H]5CC[C@@]34C)[C@@H]2C1)C(=O)OCc1ccc(Cl)cc1Cl,2030.0,Ki (nM)
51117640,CCCCCCCCCCCCC\C=C\C(=O)N1CCCCCCC1,2040.0,Ki (nM)
51606003,CCOC(=O)C1=C(Nc2ccc(F)cc2)CC(c2ccc(F)cc2)N(c2ccc(F)cc2)C1c1ccc(F)cc1,2050.0,Ki (nM)
50735855,CC1=CC2Cc3[nH]c(=O)ccc3C3(C1)NCCC(C)=C23,2050.0,Ki (nM)
51188720,N\C(=N/OC(=O)c1cnn(c1C(F)(F)F)-c1ccc(cc1)[N+]([O-])=O)c1ccc(cc1)C(F)(F)F,2070.0,Ki (nM)
50287100,COc1ccc2nc3CCCCc3c(N)c2c1,2090.0,Ki (nM)
50949141,COc1ccc2nc3CCCCc3c(N)c2c1,2090.0,Ki (nM)
50008793,CN(C)c1ccc(CC(=O)NCCCCCCCCCCCNC23CC4CC(CC(C4)C2)C3)cc1,2100.0,Ki (nM)
51261723,Oc1ccc(\C=N\c2c3CCCCc3nc3ccccc23)cc1O,2100.0,Ki (nM)
50431856,N[C@@H](Cc1c[nH]c2ccccc12)C(=O)NCC(=O)Nc1c2CCCCc2nc2ccccc12,2214.0,Ki (nM)
50871600,CC[N+](C)(CC)CCCn1c(-c2ccccc2)c2cc(N)ccc2c2ccc(=[NH2+])cc12,2230.0,Ki (nM)
293126,CC(=O)Nc1ccc(OCCCN2CCN(CC2)c2ccccn2)cc1,2260.0,Ki (nM)
51261658,C(Oc1cc(\C=N\c2c3CCCCc3nc3ccccc23)cc(OCc2ccccc2)c1OCc1ccccc1)c1ccccc1,2300.0,Ki (nM)
50289963,COc1ccc(cc1)-c1cc2O[C@]3(C)CC[C@@]4(O)[C@](C)(CCC(=O)OC4(C)C)[C@]3(O)Cc2c(=O)o1,2300.0,Ki (nM)
335100,CC(=O)C(=N/O)\C(=O)NCC1CCN(Cc2ccccc2)CC1,2300.0,Ki (nM)
50630027,C(c1ccc2ccc(C[n+]3cccc4ccccc34)cc2c1)[n+]1cccc2ccccc12,2300.0,Ki (nM)
51188745,N\C(=N/OC(=O)c1cnn(c1C(F)(F)F)-c1ccc(cc1)[N+]([O-])=O)c1ccc(Cl)cc1,2350.0,Ki (nM)
50287098,Oc1ccc2c(CC(=O)N\N=C3/SCC(=O)N3c3c4CCCCc4nc4ccccc34)cc(=O)oc2c1,2360.0,Ki (nM)
408495,C(N1CCc2c(C1)sc1N=CN3CCN=C3c21)c1ccccc1,2360.0,Ki (nM)
51286974,COc1cc(\C=C\C(=O)OCCc2ccccc2)cc(OC)c1OCCc1ccccc1,2440.0,Ki (nM)
51031502,OC1CCCN(Cc2ccc(cc2)C(=O)N\N=C\c2ccc(cc2)[N+]([O-])=O)C1,2450.0,Ki (nM)
200770,Brc1ccc(CN=Nc2nc(cs2)-c2cc3ccccc3oc2=O)cc1 |w:7.7|,2470.0,Ki (nM)
50353662,CC(=C)[C@@H]1CC[C@]2(C)[C@H](CC[C@@H]3[C@H]4[C@H]5OC[C@@]4(CCC5(C)C)CC[C@@]23C)[C@@]1(C)CCC(=O)OCC#C,2480.0,Ki (nM)
50350061,CC(=O)O[C@H]1CC[C@@]2(C)[C@@H](CC[C@@]3(C)C[C@@]4(O)CC[C@H]5C(C)(C)[C@H](CC[C@]5(C)[C@H]4CC[C@H]23)OC(C)=O)C1(C)C,2490.0,Ki (nM)
50012024,Oc1ccc(O)c(c1)-c1c2ccc(n2)c(-c2cc(O)ccc2O)c2ccc([nH]2)c(-c2cc(O)ccc2O)c2ccc([nH]2)c(-c2cc(O)ccc2O)c2ccc1n2,2500.0,Ki (nM)
50008799,CN(C)c1ccc(CC(=O)NCCCCCCCCCCNC23CC4CC(CC(C4)C2)C3)cc1,2500.0,Ki (nM)
51261657,COc1ccc(\C=N\c2c3CCCCc3nc3ccccc23)cc1OC,2500.0,Ki (nM)
50724578,C=CCCCCCCCC1CCC(CCCCC=C)N1,2500.0,Ki (nM)
51261638,C1CCN(CC1)c1c2CCCCc2nc2ccccc12,2500.0,Ki (nM)
51475809,NS(=O)(=O)c1ccc(cc1)\N=C\c1cc(Br)cc(Br)c1O,2540.0,Ki (nM)
51555678,[H][C@]12Cc3ccccc3-c3c(OC)c(OC)cc(CCN1C(=O)c1cc[n+](Cc4ccccc4)cc1)c23,2570.0,Ki (nM)
51506333,COC(=O)CCC\C=C/C\C=C/C\C=C/CCOC(=O)Nc1ccc(Cl)cc1,2620.0,Ki (nM)
50713805,CC(=O)[C@@H]1CC[C@@]2(CC[C@]3(C)[C@H](CC[C@@H]4[C@@]5(C)CCC(=O)C(C)(C)[C@@H]5CC[C@@]34C)[C@@H]12)C(=O)OCc1ccccc1,2630.0,Ki (nM)
51552403,O=c1cc(OCCCNC2CCN(Cc3ccccc3)CC2)c2ccc(cc2o1)-c1cccnc1,2641.0,Ki (nM)
50246505,C\C=C(/C)C(=O)N[C@H]1CC[C@]2(C)[C@H]3CC[C@]4(C)[C@H](CC=C4[C@@H]3CC=C2C1=O)[C@H](C)N(C)C,2650.0,Ki (nM)
50856234,C[n+]1c2ccccc2c(-c2ccc(N)cc2)c2ccccc12,2660.0,Ki (nM)
50528238,CC(CC(=O)Nc1nnc(s1)-c1cccc(Cl)c1)CC(C)(C)C,2670.0,Ki (nM)
51185311,CC[C@H](C)C(=O)O[C@H]1C[C@@H](C)C=C2C=C[C@H](C)[C@H](CC[C@@H]3C[C@@H](O)CC(=O)O3)[C@@H]12,2700.0,Ki (nM)
51185303,CC[C@H](C)C(=O)O[C@H]1C[C@@H](C)C=C2C=C[C@H](C)[C@H](CC[C@@H]3C[C@@H](O)CC(=O)O3)[C@@H]12,2700.0,Ki (nM)
50235112,COc1cc(OC)c(C(=O)\C=C\c2ccccc2)c(O)c1CN1CCCCC1,2750.0,Ki (nM)
51397594,COc1ccccc1CNCCCCCCn1ccc(=O)c(OCc2ccccc2)c1C,2787.0,Ki (nM)
50553311,Ic1cccc(NC(=N)NC(=N)N2CCN(CC2)C(=N)NC(=N)Nc2cccc(I)c2)c1,2790.0,Ki (nM)
50099337,C[n+]1c2ccccc2cc2ccccc12,2800.0,Ki (nM)
50502627,COc1cc2C\C(=C/C3CCN(Cc4ccccc4)CC3)C(=O)c2cc1O,2822.0,Ki (nM)
50502628,COc1cc2C(=O)\C(Cc2cc1O)=C\C1CCN(Cc2ccccc2)CC1,2822.0,Ki (nM)
50012033,Fc1cnc(F)c(F)c1-c1c2ccc(n2)c(-c2c(F)cnc(F)c2F)c2ccc([nH]2)c(-c2c(F)cnc(F)c2F)c2ccc([nH]2)c(-c2c(F)cnc(F)c2F)c2ccc1n2,2850.0,Ki (nM)
51188832,FC(F)(F)c1ccc(nc1)N1CCN(CC1)c1cnn(-c2c(Cl)cc(cc2Cl)C(F)(F)F)c(=O)c1Cl,2870.0,Ki (nM)
50099537,OCC[n+]1c2ccccc2cc2ccccc12,2900.0,Ki (nM)
50099175,C[n+]1ccsc1,2950.0,Ki (nM)
50553257,[O-][N+](=O)c1ccc(NC(=N)NC(=N)N2CCN(CC2)C(=N)NC(=N)Nc2ccc(cc2)[N+]([O-])=O)cc1,2960.0,Ki (nM)
50048010,CCCCCSC(=O)OCC[N+](C)(C)C,3000.0,Ki (nM)
51261659,Oc1ccc(\C=N\c2c3CCCCc3nc3ccccc23)cc1,3000.0,Ki (nM)
51261753,COc1ccc2CN(C)CC[C@@]34C=C[C@H](O)C[C@@H]3Oc1c24,3000.0,Ki (nM)
51261671,C(Oc1cc(\C=N\c2c3CCCCc3nc3ccccc23)cc(OCc2ccccc2)c1OCc1ccccc1)c1ccccc1,3000.0,Ki (nM)
50246487,C[C@@H]([C@H]1CC[C@H]2[C@@H]3CC[C@H]4C(=O)C(NC(=O)c5ccccc5)=CC[C@]4(C)[C@H]3CC[C@]12C)N(C)C,3030.0,Ki (nM)
50012025,C[n+]1ccc(c(F)c1)-c1c2ccc(n2)c(-c2cc[n+](C)cc2F)c2ccc([nH]2)c(-c2cc[n+](C)cc2F)c2ccc([nH]2)c(-c2cc[n+](C)cc2F)c2ccc1n2,3060.0,Ki (nM)
50712937,CC(=O)O[C@H]1CC[C@@]2(C)[C@@H](CC[C@]3(C)[C@@H]2CC[C@@H]2[C@H]4[C@@H](CC[C@@]4(CC[C@@]32C)C(=O)NCCN)C(C)=O)C1(C)C,3060.0,Ki (nM)
50089051,O\N=C(/C#N)C(=O)NCCCNc1c2CCCCc2nc2ccccc12,3077.0,Ki (nM)
200767,Clc1cccc(CN=Nc2nc(cs2)-c2cc3ccccc3oc2=O)c1 |w:8.8|,3090.0,Ki (nM)
51189277,CC(C)=CCC\C(C)=C\Cc1cc(c(O)cc1O)-c1cc(=O)c2c(O)cc(O)cc2o1,3100.0,Ki (nM)
51189263,COc1cc(O)c(cc1C\C=C(/C)CCC=C(C)C)C1CC(=O)c2c(O)cc(O)cc2O1,3100.0,Ki (nM)
51189262,CC(C)=CC1Oc2cc(O)ccc2-c2oc3c4C=CC(C)(C)Oc4cc(O)c3c(=O)c12,3100.0,Ki (nM)
51189285,CC(C)=CCc1c(O)cc(O)c2c1oc(-c1ccc(O)cc1O)c(CC=C(C)C)c2=O,3100.0,Ki (nM)
51189287,CC(C)(O)C1Cc2c(oc3c4C=CC(C)(C)Oc4cc(O)c3c2=O)-c2ccc(O)cc2O1,3100.0,Ki (nM)
51189280,CC(C)=CCC\C(C)=C\Cc1cc(C2CC(=O)c3c(O)cc(O)cc3O2)c(O)cc1O,3100.0,Ki (nM)
51189250,CC(C)=CCc1c(oc2c3C=CC(C)(C)Oc3cc(O)c2c1=O)-c1ccc(O)cc1O,3100.0,Ki (nM)
51189266,COc1cc(O)c(cc1C\C=C(/C)CCC=C(C)C)-c1cc(=O)c2c(O)cc(O)cc2o1,3100.0,Ki (nM)
51189282,CC(C)(O)CCc1c(oc2c3C=CC(C)(C)Oc3cc(O)c2c1=O)-c1ccc(O)cc1O,3100.0,Ki (nM)
51510830,CCCCCCCCO[C@H]1[C@H](OC(C)=O)[C@@H](Cn2c(=O)n(C)c3ncn(C)c3c2=O)OC(OC(C)=O)[C@@H]1OC(C)=O,3100.0,Ki (nM)
51117643,CCCCCCCCCCCCCCC\C=C\C(=O)N1CCCCCC1,3160.0,Ki (nM)
50888896,COc1ccc(cc1)C1C(C#N)=C(NC(=O)CN2CCN(CC2)c2ccccc2)Oc2c1c(=O)oc1ccccc21,3190.0,Ki (nM)
51261724,C1CCN(C1)c1c2CCCCc2nc2ccccc12,3200.0,Ki (nM)
50706130,CC(C)OC(=O)CCC(=O)Nc1ccncc1N,3200.0,Ki (nM)
51144807,CC(C)(C)c1cc(\C=C\C(=O)NCCC2CCN(Cc3ccccc3)CC2)cc(c1O)C(C)(C)C,3200.0,Ki (nM)
50099523,CCC[n+]1cc2ccccc2c2ccccc12,3200.0,Ki (nM)
51136952,CCCCCCCCCCCCCCC\C=C\C(O)=O,3210.0,Ki (nM)
41643,O=C1N(Cc2ccc(Cc3ccc(CN4C(=O)C(=O)c5ccccc45)cc3)cc2)c2ccccc2C1=O,3280.0,Ki (nM)
51144708,Nc1ccc(O)c(CN2CCCC2)c1,3300.0,Ki (nM)
50474994,CC1(C)CC[C@@]2(CC[C@]3(C)C(=CC[C@@H]4[C@@]5(C)C[C@@H](O)[C@H](O)C(C)(C)[C@@H]5CC[C@@]34C)[C@@H]2C1)C(=O)OCCC=C,3310.0,Ki (nM)
50431858,CN[C@@H](Cc1c[nH]c2ccccc12)C(=O)NCC(=O)Nc1c2CCCCc2nc2ccccc12,3330.0,Ki (nM)
50353667,CC(=C)[C@@H]1CC[C@]2(C)[C@H](CC[C@@H]3[C@H]4[C@H]5OC[C@@]4(CCC5(C)C)CC[C@@]23C)[C@@]1(C)CCC(=O)OCC#C,3330.0,Ki (nM)
50856209,CN1c2ccccc2C(c2ccccc12)n1cncn1,3340.0,Ki (nM)
50353668,CC(C)([C@@H]1CC[C@]2(C)[C@H](CC[C@@H]3[C@H]4[C@H]5OC[C@@]4(CCC5(C)C)CC[C@@]23C)[C@@]1(C)CC(=O)OCCC=C)C(=O)OCC=C,3390.0,Ki (nM)
50008792,CN(C)c1ccc(CC(=O)NCCCCCCCCCNC23CC4CC(CC(C4)C2)C3)cc1,3400.0,Ki (nM)
51117642,CCCCCCCCCCCCC\C=C\C(=O)N1CCCCCC1,3410.0,Ki (nM)
50553315,Brc1ccc(NC(=N)NC(=N)N2CCN(CC2)C(=N)NC(=N)Nc2ccc(Br)cc2)cc1,3430.0,Ki (nM)
50552529,Brc1ccc(NC(=N)NC(=N)N2CCN(CC2)C(=N)NC(=N)Nc2ccc(Br)cc2)cc1,3430.0,Ki (nM)
51525247,CC(C)=CCCC1(C)Oc2cc(O)c3c(oc4c(O)cccc4c3=O)c2C=C1,3430.0,Ki (nM)
51506335,COC(=O)CCC\C=C/C\C=C/C\C=C/CCOC(=O)Nc1ccc(OC)cc1,3480.0,Ki (nM)
50481722,CCOC(=O)[C@]12CCC(C)(C)C[C@H]1C1=CC[C@@H]3[C@@]4(C)C[C@@H](O)[C@H](O)C(C)(C)[C@@H]4CC[C@@]3(C)[C@]1(C)CC2,3490.0,Ki (nM)
50871597,C[N+](C)(C)CCCCCCCCCC[N+](C)(C)C,3500.0,Ki (nM)
50991331,OC1C(Br)=CC2(C=CNC3=C2C2=NCCc4c[nH]c(c24)C3=O)C=C1Br,3500.0,Ki (nM)
50420440,Cn1cc[n+](COCc2cccc3ccccc23)c1CN=O,3500.0,Ki (nM)
51374496,COc1ccc2cc3-c4cc5OCOc5cc4CC[n+]3cc2c1OCc1ccc(cc1)C(F)(F)F,0.456,Ki (nM)
50871625,CN(CCCNc1c2CCCCc2nc2ccccc12)CCCNc1c2CCCCc2nc2ccccc12,0.54,Ki (nM)
15307,OCCN(CCCNc1c2CCCCc2nc2ccccc12)CCCNc1c2CCCCc2nc2ccccc12,0.65,Ki (nM)
50871666,CCC1=CC2C[C@H](C1)c1c(C2)nc2cc(Cl)ccc2c1N,0.67,Ki (nM)
50489532,COc1ccc2CC(CCc2c1)NC(=O)N(C)C,0.67,Ki (nM)
51377536,COc1cc(CNC(=O)CCCCCCNc2c3C4CC(Cc3nc3cc(Cl)ccc23)C=C(C)C4)ccc1O,0.68,Ki (nM)
50034651,CN1[C@H]2CC[C@@H]1C[C@@H](C2)OC(=O)C(CO)c1ccccc1,0.7,Ki (nM)
50489463,CN(C)S(=O)(=O)NC1CCc2ccc(O)cc2C1,0.72,Ki (nM)
50871682,Nc1ccc2c(c1)c(-c1ccccc1)n(CCCCCCc1cn(CCNc3c4CCCCc4nc4ccccc34)nn1)c1cc(=[NH2+])ccc21,0.72,Ki (nM)
50452606,C(CCCNCc1cc2ccccc2o1)CCCNc1c2CCCCc2nc2ccccc12,0.72,Ki (nM)
50871612,C(Cc1cccc(CCNc2c3CCCCc3nc3ccccc23)n1)Nc1c2CCCCc2nc2ccccc12,0.768,Ki (nM)
50077150,[O-][N+](=O)c1cccc2c(NCCCCCCCCNc3c4CCCCc4nc4ccccc34)c3CCCCc3nc12,0.78,Ki (nM)
50211423,O=c1ccc2[C@H](CCCc2[nH]1)NCCCCCCCCCCN[C@H]1CCCc2[nH]c(=O)ccc12,0.8,Ki (nM)
17373,O=c1ccc2[C@H](CCCc2[nH]1)NCCCCCCCCCCN[C@H]1CCCc2[nH]c(=O)ccc12 |r|,0.8,Ki (nM)
50489457,COc1ccc2CCC(Cc2c1)NS(=O)(=O)N(C)C,0.83,Ki (nM)
51377537,COc1cc(CNC(=O)CCCCCCNc2c3C4CC(Cc3nc3cc(Cl)ccc23)C=C(C)C4)ccc1O,0.94,Ki (nM)
50489531,COc1cccc2C[C@H](CCc12)NC(=O)N(C)C,0.98,Ki (nM)
50811190,Nc1c2CCCCc2nc2cc(Cl)cc(Cl)c12,1.0,Ki (nM)
17515,Nc1c2CCCCc2nc2cc(Cl)cc(Cl)c12,1.0,Ki (nM)
50175745,Clc1ccc2c(NCCCCCCCNc3c4Cc5ccccc5-c4nc4ccccc34)c3CCCCc3nc2c1,1.0,Ki (nM)
50452607,C(CCCNCc1cc2ccccc2o1)CCCNc1c2CCCCc2nc2ccccc12,1.0,Ki (nM)
50489456,COc1ccc2CC(CCc2c1)NS(=O)(=O)N(C)C,1.1,Ki (nM)
50280818,Clc1ccccc1C[n+]1ccc(C=C2C(=O)Nc3ccccc23)cc1,1.1,Ki (nM)
50489533,COc1ccc2CC[C@@H](Cc2c1)NC(=O)N(C)C,1.1,Ki (nM)
51116843,C(CCNc1c2CCCCc2nc2ccccc12)CC[Se][Se]CCCCCNc1c2CCCCc2nc2ccccc12,1.2,Ki (nM)
51449697,O=C(CCC1CCN(Cc2ccccc2)CC1)c1ccc(cc1)N1CCN(CCCCc2c[nH]c3ccc(cc23)C#N)CC1,1.2,Ki (nM)
50489462,CN(C)S(=O)(=O)N[C@H]1CCc2cc(O)ccc2C1,1.2,Ki (nM)
51116814,C(CCNc1c2CCCCc2nc2ccccc12)CC[Se][Se]CCCCCNc1c2CCCCc2nc2ccccc12,1.2,Ki (nM)
50489465,Oc1ccc(O)cc1,1.2,Ki (nM)
50489459,CN(C)C(=O)NC1CCc2cc(O)ccc2C1,1.3,Ki (nM)
50871645,C(CCCNc1c2CCCCc2nc2ccccc12)CCCNc1c2CCCCc2nc2ccccc12,1.3,Ki (nM)
15302,c1ccc2c(c1)c(c3c(n2)CCCC3)NCCCCCCCNc4c5ccccc5nc6c4CCCC6,1.3,Ki (nM)
50489461,CN(C)S(=O)(=O)NC1CCc2c(O)cccc2C1,1.3,Ki (nM)
50811180,C(CCCNc1c2CCCCc2nc2ccccc12)CCCNc1c2CCCCc2nc2ccccc12,1.3,Ki (nM)
17516,c1ccc2c(c1)c(c3c(n2)CCCC3)NCCCCCCCNc4c5ccccc5nc6c4CCCC6,1.3,Ki (nM)
50949146,CCN(CCC(=O)N1CCN(CCNc2c3CCCCc3nc3ccccc23)CC1)C1CCCCC1,1.35,Ki (nM)
50828053,Nc1ccc2c(c1)c(-c1ccccc1)n(CCCNCCCNCCCNc1c3CCCCc3nc3ccccc13)c1cc(=[NH2+])ccc21,1.49,Ki (nM)
50214923,[H][C@]12Cc3nc4cc(Cl)ccc4c(NCCCCCCCNc4c5CCCCc5nc5cc(Cl)ccc45)c3[C@]([H])(CC(C)=C1)C2,1.5,Ki (nM)
50077146,CN(CCCCNc1c2CCCCc2nc2c(NC(=O)CNC(=O)CC[C@H](NC(=O)CNC(=O)OCc3ccccc3)C(=O)N[C@@H](Cc3ccccc3)C(=O)OCc3ccccc3)cccc12)CCCNc1c2CCCCc2nc2ccccc12,1.5,Ki (nM)
50489458,CN(C)C(=O)N[C@H]1CCc2c(O)cccc2C1,1.6,Ki (nM)
50424788,CC(=O)C(F)(F)CCC(C)(C)C,1.6,Ki (nM)
15306,C=CCN(CCCNc1c2CCCCc2nc2ccccc12)CCCNc1c2CCCCc2nc2ccccc12,1.6,Ki (nM)
51058870,COc1ccc(Cn2cc(C(=O)NCCCNc3c4CCCCc4nc4cc(Cl)ccc34)c(=O)c3ccccc23)cc1,1.6,Ki (nM)
50787289,CC[N+](C)(C)c1cccc(O)c1,1.6,Ki (nM)
50871606,C(Cc1ccc(CCNc2c3CCCCc3nc3ccccc23)cc1)Nc1c2CCCCc2nc2ccccc12,1.63,Ki (nM)
50763328,O=C1CCCN1CC#CCN1CCCC1,1.7,Ki (nM)
50489460,CN(C)C(=O)N[C@H]1CCc2ccc(O)cc2C1,1.7,Ki (nM)
248233,C[C@@]12CC[C@@]3([C@@]([C@]1(CC4=C(O2)C=C(OC4=O)c5cc(c(c(c5)OC)OC)OC)O)(C(=O)C=CC3(C)C)C)O,1.7,Ki (nM)
51202290,COc1cc(cc(OC)c1OC)-c1cc2O[C@]3(C)CC[C@@]4(O)C(C)(C)C=CC(=O)[C@]4(C)[C@@]3(O)Cc2c(=O)o1,1.7,Ki (nM)
50871613,C(Cc1cccc(CCNc2c3CCCCc3nc3ccccc23)c1)Nc1c2CCCCc2nc2ccccc12,1.72,Ki (nM)
51506351,CCN(CC)C(=O)OC1C[N+]2(C)CCC1CC2,3500.0,Ki (nM)
50367561,CN(C)CCOc1ccc(cc1)C(=O)\C=C\c1ccccc1,3520.0,Ki (nM)
51510828,CCCCCCCCCCCCNC(=O)[C@@H](OCc1ccccc1)[C@H]1O[C@H]([C@H](OC(C)=O)[C@H]1OCc1ccccc1)n1cc(nn1)-c1ccccc1,3530.0,Ki (nM)
51116789,O=C(C[Se]c1ccccc1)Nc1c2CCCCc2nc2ccccc12,3540.0,Ki (nM)
51463532,OCC1CCN(Cc2ccc(cc2)C(=O)N\N=C\c2ccc(Cl)cc2)CC1,3555.0,Ki (nM)
50076491,Oc1ccc(C=NNC(=O)Nc2ccncc2)c(O)c1,3560.0,Ki (nM)
51441236,COc1cc2c[n+]3CCc4cc5OCOc5c(OC)c4-c3cc2c(CO)c1OC,3600.0,Ki (nM)
51136951,CCCCCCCCCCCCCCCCCC(O)=O,3620.0,Ki (nM)
50871601,CC[N+](C)(CC)CCCn1c(-c2ccccc2)c2cc(N)ccc2c2ccc(=[NH2+])cc12,3700.0,Ki (nM)
50856359,CN1c2ccccc2C(N2CCSCC2)c2ccccc12,3750.0,Ki (nM)
50528243,CC(=O)Oc1cccc(c1)C(=O)Nc1nnc(s1)-c1ccc(C)cc1,3770.0,Ki (nM)
50528220,Cc1ccc(cc1)-c1nnc(NC(=O)c2cc(cc(c2)C(F)(F)F)C(F)(F)F)s1,3770.0,Ki (nM)
51463535,OCC1CCN(Cc2ccc(cc2)C(=O)N\N=C\c2ccccc2O)CC1,3813.0,Ki (nM)
50528228,Cc1ccc(cc1)-c1nnc(NC(=O)c2cccc(CCl)c2)s1,3840.0,Ki (nM)
50506935,Nc1ccc-2c(c1)C(=O)c1cccc3ccnc-2c13,3860.0,Ki (nM)
51102558,COc1cccc(c1)C1NC(=S)Nc2nc3CCCCc3c(N)c12,3880.0,Ki (nM)
50706124,CC(C)C(=O)Oc1ccc(COC(=O)Nc2ccncc2N)cc1,3900.0,Ki (nM)
50528239,CC(CC(=O)Nc1nnc(Cc2ccccc2)s1)CC(C)(C)C,3990.0,Ki (nM)
50326733,CCC(CC[C@@H](C)[C@H]1CC[C@H]2[C@@H]3C=CC4(O)C[C@@H](O)CC[C@]4(C)[C@H]3CC[C@]12C)C(C)C,4000.0,Ki (nM)
51185307,COC(=O)C1=C(C)NC(C)=C(C1c1ccccc1[N+]([O-])=O)C(=O)OC,4000.0,Ki (nM)
50032012,Cn1cc[n+](COCCCc2ccccc2)c1CN=O,4000.0,Ki (nM)
51185301,COC(=O)C1=C(C)NC(C)=C(C1c1ccccc1[N+]([O-])=O)C(=O)OC,4000.0,Ki (nM)
50712927,COC(=O)[C@]12CC[C@@H]([C@@H](C)N)[C@@H]1[C@H]1CC[C@@H]3[C@@]4(C)CC[C@H](OC(C)=O)C(C)(C)[C@@H]4CC[C@@]3(C)[C@]1(C)CC2,,Ki (nM)
50712926,COC(=O)[C@]12CC[C@@H]([C@@H](C)NC(C)=O)[C@@H]1[C@H]1CC[C@@H]3[C@@]4(C)CC[C@H](OC(C)=O)C(C)(C)[C@@H]4CC[C@@]3(C)[C@]1(C)CC2,,Ki (nM)
50021334,C(NC1C2N(Cc3ccccc3)C3C(N(Cc4ccccc4)C4(CC4N2Cc2ccccc2)N3Cc2ccccc2)N1Cc1ccccc1)c1ccccc1,4000.0,Ki (nM)
50856217,CN1c2ccccc2C(N2CCOCC2)c2ccccc12,4010.0,Ki (nM)
50713799,CC(=O)[C@@H]1CC[C@@]2(CC[C@]3(C)[C@H](CC[C@@H]4[C@@]5(C)CC[C@H](O)C(C)(C)[C@@H]5CC[C@@]34C)[C@@H]12)C(=O)OCc1ccccc1,4060.0,Ki (nM)
50246500,CC(C)C(\C)=C\C(=O)N(C)[C@H]1CC[C@@]2(C)[C@@H](CC[C@H]3[C@@H]4CC[C@H]([C@H](C)N(C)C)[C@@]4(C)CC[C@H]23)C1,4100.0,Ki (nM)
50431854,O=C(CNC(=O)[C@@H]1Cc2ccccc2CN1)Nc1c2CCCCc2nc2ccccc12,4130.0,Ki (nM)
50553317,Brc1ccccc1NC(=N)NC(=N)N1CCN(CC1)C(=N)NC(=N)Nc1ccccc1Br,4190.0,Ki (nM)
51510818,COC1O[C@H](Cn2ccc(=O)n(C[C@H]3O[C@H](OC)[C@H](OCc4ccccc4)[C@@H](OCc4ccccc4)[C@@H]3OCc3ccccc3)c2=O)[C@@H](OCc2ccccc2)[C@H](OCc2ccccc2)[C@H]1OCc1ccccc1,4200.0,Ki (nM)
50502629,Oc1ccc2C\C(=C/C3CCN(Cc4ccccc4)CC3)C(=O)c2c1,4224.0,Ki (nM)
17788,"C\C=C1/C2Cc3[nH]c(=O)ccc3C1(N)CC(C)=C2 |c:18,TLB:10:11:2:17.15.14,THB:1:2:4.5.11:17.15.14|",4300.0,Ki (nM)
51510815,CO[C@H]1O[C@H](Cn2c(=O)n(C)c3ncn(C)c3c2=O)[C@@H](OC(C)=O)[C@H](OC(C)=O)[C@H]1OC(C)=O,4300.0,Ki (nM)
50502665,Oc1ccc(CCCCCCCCC(=O)c2c(O)cccc2O)cc1,4330.0,Ki (nM)
50553323,COc1ccccc1NC(=N)NC(=N)N1CCN(CC1)C(=N)NC(=N)Nc1ccccc1OC,4340.0,Ki (nM)
51136950,CCCCCCCCCCCCCCCCCC(O)=O,4400.0,Ki (nM)
50553254,Clc1cccc(NC(=N)NC(=N)N2CCN(CC2)C(=N)NC(=N)Nc2cccc(Cl)c2)c1,4450.0,Ki (nM)
50713404,C[C@@H](N)[C@@H]1CC[C@]2(COC(C)=O)CC[C@]3(C)[C@H](CC[C@@H]4[C@@]5(C)CC[C@H](OC(C)=O)C(C)(C)[C@@H]5CC[C@@]34C)[C@@H]12,4500.0,Ki (nM)
50235111,COc1cc(OC)c(C(=O)\C=C\c2ccccc2)c(O)c1CN1CCCCC1,4580.0,Ki (nM)
50713140,CC(=O)[C@@H]1CC[C@@]2(CC[C@]3(C)[C@H](CC[C@@H]4[C@@]5(C)CCC(=O)C(C)(C)[C@@H]5CC[C@@]34C)[C@@H]12)C(=O)OCc1ccccc1,4590.0,Ki (nM)
50277867,C[C@@H](CC[C@H]1C(CO)=CC[C@H]2C(C)(C)CCC[C@]12C)CC(=O)OCCCCN1CCCC1,4600.0,Ki (nM)
50353663,CC(C)([C@@H]1CC[C@]2(C)[C@H](CC[C@@H]3[C@H]4[C@H]5OC[C@@]4(CCC5(C)C)CC[C@@]23C)[C@@]1(C)CC(=O)OCC#C)C(=O)OCC#C,4630.0,Ki (nM)
50549031,CC(C)c1ccc(C(=O)CC(C(=O)Nc2ccccc2)n2ccnc2)c(c1)C(C)C,4660.0,Ki (nM)
51127649,CC(=O)OC12OC(=O)c3ccccc3N1C(=O)C=C2,4700.0,Ki (nM)
50481822,CCCCCCOC(=O)[C@]12CCC(C)(C)C[C@H]1C1=CC[C@@H]3[C@@]4(C)C[C@@H](O)[C@H](O)C(C)(C)[C@@H]4CC[C@@]3(C)[C@]1(C)CC2,4780.0,Ki (nM)
50077036,CC[N+](C)(C)c1cccc(O)c1,4800.0,Ki (nM)
50630034,CC[N+](C)(C)c1cccc(O)c1,4800.0,Ki (nM)
50621529,CC[N+](C)(C)c1cccc(O)c1,4800.0,Ki (nM)
201193,CN(C)c1ccc(cc1)-c1sc2cc(C)ccc2[n+]1C,4990.0,Ki (nM)
50724577,CCCCCCCCCC1CCC(CCCCC=C)=N1,5000.0,Ki (nM)
50528221,ClCc1cccc(c1)C(=O)Nc1nnc(Cc2ccccc2)s1,5060.0,Ki (nM)
50553265,Ic1ccc(NC(=N)NC(=N)N2CCN(CC2)C(=N)NC(=N)Nc2ccc(I)cc2)cc1,5080.0,Ki (nM)
50012028,Fc1cnccc1-c1c2ccc(n2)c(-c2ccncc2F)c2ccc([nH]2)c(-c2ccncc2F)c2ccc([nH]2)c(-c2ccncc2F)c2ccc1n2,5080.0,Ki (nM)
51117644,CCCCCCCCCCCCCCC\C=C\C(=O)N1CCCCCCC1,5090.0,Ki (nM)
51286401,COc1ccc(cc1OC)C(=O)NCCCCC\C=[N+](/[O-])C(C)(C)C,5200.0,Ki (nM)
293128,[H][C@@](C)(N(C)C)c1cccc(OC(=O)N(C)CC)c1,130900.0,Ki (nM)
50572684,c1cc2nc1c(-c1ccccc1)c1ccc([n-]1)c(-c1ccccc1)c1ccc(n1)c(-c1ccccc1)c1ccc([n-]1)c2-c1ccccc1,5390.0,Ki (nM)
50246489,C\C=C(/C)C(=O)N[C@H]1CC[C@]2(C)[C@H]3CC[C@]4(C)[C@H](CC[C@H]4[C@@H]3CC=C2C1=O)[C@H](C)N(C)C,5400.0,Ki (nM)
51573566,CN(C)CCCN1C(SCC1=O)c1ccccc1Cl,5400.0,Ki (nM)
200766,Clc1ccccc1CN=Nc1nc(cs1)-c1cc2ccccc2oc1=O |w:9.10|,5410.0,Ki (nM)
50099211,CCc1sc[n+](C)c1C,5430.0,Ki (nM)
293117,CC(=O)Nc1ccc(OCC(=O)N2CCN(CC2)c2ccc(F)cc2)cc1,5450.0,Ki (nM)
50008791,CN(C)c1ccc(CC(=O)NCCCCCCCCNC23CC4CC(CC(C4)C2)C3)cc1,5500.0,Ki (nM)
51136945,CCCCCCCCCCCCCCC\C=C\C(O)=O,5510.0,Ki (nM)
51555788,[O-][N+](=O)C1=C(Nc2cccc(Cl)c2)NNC11C(=O)Nc2ccccc12,5590.0,Ki (nM)
50099522,C[n+]1cc2ccccc2c2ccccc12,5600.0,Ki (nM)
200773,COc1cc(CN=Nc2nc(cs2)-c2cc3ccccc3oc2=O)cc(OC)c1OC |w:7.7|,5610.0,Ki (nM)
50809692,CN(C)C(=O)Oc1ccc[n+](C)c1COC(=O)C(C)(c1ccccc1)c1ccccc1,5620.0,Ki (nM)
50528231,CC(=O)Oc1cccc(c1)C(=O)Nc1nnc(Cc2ccccc2)s1,5670.0,Ki (nM)
50528226,CCN(C)C(=O)Oc1cccc(c1)[C@H](C)N(C)C,5680.0,Ki (nM)
50706122,CCC(=O)Oc1ccc(COC(=O)Nc2ccncc2N)cc1,5700.0,Ki (nM)
50474979,CC1(C)CC[C@@]2(CC[C@]3(C)C(=CC[C@@H]4[C@@]5(C)C[C@@H](O)[C@H](O)C(C)(C)[C@@H]5CC[C@@]34C)[C@@H]2C1)C(=O)OCCC#CCl,5710.0,Ki (nM)
50534543,OC[C@@H]1[C@@H](O)[C@H](O)[C@@H](O)CN1CCCCCNC(=[Se])Nc1ccc(Br)cc1,5800.0,Ki (nM)
50502666,Oc1ccc(CCCCCCCCC(=O)c2c(O)cccc2O)cc1O,5860.0,Ki (nM)
50554049,CC(C)OP(F)(=O)OC(C)C,6000.0,Ki (nM)
50481754,CCCNC(=O)[C@]12CCC(C)(C)C[C@H]1C1=CC[C@@H]3[C@@]4(C)C[C@@H](OC(C)=O)[C@H](OC(C)=O)C(C)(C)[C@@H]4CC[C@@]3(C)[C@]1(C)CC2,,Ki (nM)
50474997,CC1(C)CC[C@@]2(CC[C@]3(C)C(=CC[C@@H]4[C@@]5(C)C[C@@H](O)[C@H](O)C(C)(C)[C@@H]5CC[C@@]34C)[C@@H]2C1)C(=O)OCCCI,6010.0,Ki (nM)
51430043,CC(C)(C)NC(=O)C1(N2CCCC2=O)C(=O)N(c2ccccc12)c1ccccc1,6100.0,Ki (nM)
50552530,Clc1ccccc1NC(=N)NC(=N)N1CCN(CC1)C(=N)NC(=N)Nc1ccccc1Cl,6110.0,Ki (nM)
50553305,Clc1ccccc1NC(=N)NC(=N)N1CCN(CC1)C(=N)NC(=N)Nc1ccccc1Cl,6110.0,Ki (nM)
50481810,CC1(C)CCC2(CCC3(C)C(=CCC4C5(C)CC(O)C(O)C(C)(C)C5CCC34C)C2C1)C(=O)OCc1ccc(cc1)[N+]([O-])=O,6140.0,Ki (nM)
50553332,Brc1cccc(NC(=N)NC(=N)N2CCN(CC2)C(=N)NC(=N)Nc2cccc(Br)c2)c1,6170.0,Ki (nM)
50089048,ON=CC(=O)NCCCNc1c2CCCCc2nc2ccccc12,6219.0,Ki (nM)
51463533,OCC1CCN(Cc2ccc(cc2)C(=O)N\N=C\c2ccc(cc2)N2CCCCC2)CC1,6238.0,Ki (nM)
50481749,CC1(C)CC[C@@]2(CC[C@]3(C)C(=CC[C@@H]4[C@@]5(C)C[C@H](OC(=O)CCl)[C@H](OC(=O)CCl)C(C)(C)[C@@H]5CC[C@@]34C)[C@@H]2C1)C(=O)NCc1ccccc1,6250.0,Ki (nM)
51144726,CCN(CC)Cc1cc(N)ccc1O,6300.0,Ki (nM)
51441245,[H][C@@]12Cc3c4COCOc4c(OC)cc3C=[N+]1CCc1cc3OCOc3c(OC)c21,6300.0,Ki (nM)
50431850,CN[C@@H](Cc1ccccc1)C(=O)NCC(=O)Nc1c2CCCCc2nc2ccccc12,6320.0,Ki (nM)
50949133,COc1ccc2nc3CCCCc3c(N)c2c1,6340.0,Ki (nM)
50287107,COc1ccc2nc3CCCCc3c(N)c2c1,6340.0,Ki (nM)
51051484,CCN1\C(Sc2ccccc12)=C1\SC(=S)N(CC=C)C1=O,6410.0,Ki (nM)
50856210,CN1c2ccccc2C(c2ccccc12)n1nnc2ccccc12,6430.0,Ki (nM)
50481815,COc1ccc(COC(=O)[C@]23CCC(C)(C)C[C@H]2C2=CC[C@@H]4[C@@]5(C)C[C@@H](O)[C@H](O)C(C)(C)[C@@H]5CC[C@@]4(C)[C@]2(C)CC3)cc1,6490.0,Ki (nM)
50712931,COC(=O)[C@]12CC[C@H]([C@@H]1[C@H]1CC[C@@H]3[C@@]4(C)CC[C@H](OC(C)=O)C(C)(C)[C@@H]4CC[C@@]3(C)[C@]1(C)CC2)C(\C)=N/O,6510.0,Ki (nM)
51510825,CC(=O)O[C@H]1C(NS(C)(=O)=O)O[C@H](Cn2c(=O)n(C)c3ncn(C)c3c2=O)[C@@H]1OCc1ccccc1,6610.0,Ki (nM)
50474992,CC1(C)CC[C@@]2(CC[C@]3(C)C(=CC[C@@H]4[C@@]5(C)C[C@@H](O)[C@H](O)C(C)(C)[C@@H]5CC[C@@]34C)[C@@H]2C1)C(=O)OCCC#C,6760.0,Ki (nM)
50873552,CC[N+](C)(CC)CCCn1c(-c2ccccc2)c2cc(N)ccc2c2ccc(=[NH2+])cc12,6800.0,Ki (nM)
50706126,Nc1cnccc1NC(=O)OCc1ccc(OC(=O)C2CCCC2)cc1,6800.0,Ki (nM)
50713798,CC(=O)O[C@H]1CC[C@@]2(C)[C@@H](CC[C@]3(C)[C@@H]2CC[C@@H]2[C@H]4[C@@H](CC[C@@]4(CC[C@@]32C)C(=O)NCCN)C(C)=O)C1(C)C,6830.0,Ki (nM)
51117652,CCCCCCCCCCC\C=C\C(=O)N1CCCCCCC1,6830.0,Ki (nM)
50481747,CC1(C)CC[C@@]2(CC[C@]3(C)C(=CC[C@@H]4[C@@]5(C)C[C@H](OC(=O)CCl)[C@H](OC(=O)CCl)C(C)(C)[C@@H]5CC[C@@]34C)[C@@H]2C1)C(O)=O,6850.0,Ki (nM)
51555680,[H][C@]12Cc3ccccc3-c3c(OC)c(OC)cc(CCN1C(=O)c1cc[n+](Cc4ccc(F)cc4)cc1)c23,6870.0,Ki (nM)
51101260,COc1ccc(cc1OC)-c1cc2ccc(OCCCn3cc(CNC(=O)CCCCC4CCSS4)nn3)cc2oc1=O,6910.0,Ki (nM)
51604128,O=C(Oc1cc(OC(=O)N2CCCCC2)cc(C(O)CN2CCCCC2)c1)N1CCCCC1,6930.0,Ki (nM)
50713804,COC(=O)[C@]12CC[C@H]([C@@H]1[C@H]1CC[C@@H]3[C@@]4(C)CC[C@H](OC(C)=O)C(C)(C)[C@@H]4CC[C@@]3(C)[C@]1(C)CC2)C(\C)=N\O,6960.0,Ki (nM)
51441240,[H][C@@]12Cc3c(CO)c(OC)c(OC)cc3C=[N+]1CCc1cc3OCOc3c(OC)c21,7000.0,Ki (nM)
50008784,CN(C)c1ccc(CC(=O)NCCCCCCCNC23CC4CC(CC(C4)C2)C3)cc1,7000.0,Ki (nM)
51185313,NNc1nncc2ccccc12,7000.0,Ki (nM)
51185315,NNc1nncc2ccccc12,7000.0,Ki (nM)
51510816,CO[C@H]1O[C@H](Cn2cnc3c(Cl)nc(NC(C)=O)nc23)[C@@H](OCc2ccccc2)[C@H](OCc2ccccc2)[C@H]1OCc1ccccc1,7100.0,Ki (nM)
15554,C(Nc1c2Cc3ccccc3-c2nc2ccccc12)c1ccccc1,7500.0,Ki (nM)
50828058,CC[N+](C)(CC)CCCn1c(-c2ccccc2)c2cc(N)ccc2c2ccc(=[NH2+])cc12,7140.0,Ki (nM)
51136946,CCCCCCCCCCCCCCCCC\C=C\C(O)=O,7150.0,Ki (nM)
200764,COc1cccc(CN=Nc2nc(cs2)-c2cc3ccccc3oc2=O)c1 |w:9.9|,7170.0,Ki (nM)
50713806,CC(=O)[C@@H]1CC[C@@]2(CC[C@]3(C)[C@H](CC[C@@H]4[C@@]5(C)CC[C@H](O)C(C)(C)[C@@H]5CC[C@@]34C)[C@@H]12)C(=O)NCCN,7180.0,Ki (nM)
50012032,Fc1nc(F)c(F)c(c1F)-c1c2ccc(n2)c(-c2c(F)c(F)nc(F)c2F)c2ccc([nH]2)c(-c2c(F)c(F)nc(F)c2F)c2ccc([nH]2)c(-c2c(F)c(F)nc(F)c2F)c2ccc1n2,7290.0,Ki (nM)
51233057,CC1(C)Oc2ccc(C(=O)\C=C\c3ccc(O)cc3)c(O)c2C=C1,7390.0,Ki (nM)
51430044,CC(C)(C)CC(C)(C)NC(=O)C1(N2CCCC2=O)C(=O)Nc2ccccc12,7400.0,Ki (nM)
51117651,CCCCCCCCCCCCC\C=C\C(=O)N1CCCCC1,7450.0,Ki (nM)
200775,O=c1oc2ccccc2cc1-c1csc(N=NCc2ccccc2OCc2ccccc2)n1 |w:15.16|,7470.0,Ki (nM)
50032008,CC(OC[n+]1ccn(C)c1CN=O)C(C)(C)C,7600.0,Ki (nM)
50528244,CC(CC(=O)Nc1nnc(s1)-c1ccccc1)CC(C)(C)C,7600.0,Ki (nM)
50326740,CC[C@H](C[C@@H](O)[C@@H](C)[C@H]1CCC2C3CC=C4C[C@@H](O)C[C@H](O)[C@]4(C)C3CC[C@]12C)C(C)C,7600.0,Ki (nM)
50552528,COc1cc(NC(=N)NC(=N)N2CCN(CC2)C(=N)NC(=N)Nc2cc(OC)c(OC)c(OC)c2)cc(OC)c1OC,7740.0,Ki (nM)
51031501,OC1CCCN(Cc2ccc(cc2)C(=O)N\N=C\c2ccc(Cl)cc2)C1,7760.0,Ki (nM)
50553289,Fc1ccc(NC(=N)NC(=N)N2CCN(CC2)C(=N)NC(=N)Nc2ccc(F)cc2)cc1,7770.0,Ki (nM)
51144727,Nc1ccc(O)c(CN2CCCC2)c1,7800.0,Ki (nM)
50431860,CC(C)(C)OC(=O)N[C@@H](Cc1c[nH]c2ccccc12)C(=O)NCCC(=O)Nc1c2CCCCc2nc2ccccc12,7970.0,Ki (nM)
50350063,C[C@@]12CC[C@@H]3[C@](C)(CC[C@H](OC(=O)CCc4ccc(O)cc4)[C@]3(C)C(O)=O)[C@H]1CC[C@H]1C(C2)=CC[C@H]2[C@@](C)(CO)[C@H](O)CC[C@]12C,7970.0,Ki (nM)
50367560,CN(C)CCOc1ccc(cc1)C(=O)\C=C\c1ccccc1,7990.0,Ki (nM)
50481766,CC(=O)O[C@@H]1C[C@@]2(C)[C@@H](CC[C@]3(C)[C@@H]2CC=C2[C@@H]4CC(C)(C)CC[C@@]4(CC[C@@]32C)C(=O)NCC#C)C(C)(C)[C@H]1OC(C)=O,8140.0,Ki (nM)
50712938,CC(=O)O[C@H]1CC[C@@]2(C)[C@@H](CC[C@]3(C)[C@@H]2CC[C@@H]2[C@H]4[C@@H](CC[C@@]4(CC[C@@]32C)C(N)=O)C(C)=O)C1(C)C,8160.0,Ki (nM)
50630033,C(c1ccc2ccc(C[n+]3cccc4ccccc34)cc2c1)[n+]1cccc2ccccc12,8200.0,Ki (nM)
50099184,CCc1sc[n+](C)c1C,8340.0,Ki (nM)
50528229,CC(CC(=O)Nc1nnc(s1)-c1ccc(C)cc1)CC(C)(C)C,8360.0,Ki (nM)
50927109,CC(C)=CCC\C(C)=C\Cc1c(O)cc2O[C@@H](CC(=O)c2c1O)c1ccc(O)c(O)c1,8400.0,Ki (nM)
51116831,O=C(C[Se]c1ccccc1)Nc1c2CCCCc2nc2ccccc12,8420.0,Ki (nM)
51031507,CSc1ccc(\C=N\NC(=O)c2ccc(CN3CCCC(O)C3)cc2)cc1,8420.0,Ki (nM)
50713796,C[C@@H](N)[C@@H]1CC[C@@]2(CC[C@]3(C)[C@H](CC[C@@H]4[C@@]5(C)CC[C@H](OC(C)=O)C(C)(C)[C@@H]5CC[C@@]34C)[C@@H]12)C(=O)OCc1ccccc1,8510.0,Ki (nM)
51286968,Oc1ccccc1CCOC(=O)\C=C\c1ccc(OCc2ccccc2)c(OCc2ccccc2)c1,8550.0,Ki (nM)
50590118,CC[N+](C)(CC)CCCn1c(-c2ccccc2)c2cc(N)ccc2c2ccc(=[NH2+])cc12,8600.0,Ki (nM)
50453303,COc1cccc(CCCCCCCCN2CCC(C2)OC(=O)N(C)C)c1,8600.0,Ki (nM)
50481764,CC1(C)CC[C@@]2(CC[C@]3(C)C(=CC[C@@H]4[C@@]5(C)C[C@@H](O)[C@H](O)C(C)(C)[C@@H]5CC[C@@]34C)[C@@H]2C1)C(=O)OCCCCl,8760.0,Ki (nM)
51286970,Brc1cccc(\C=C\C(=O)OCCc2ccccc2)c1,8820.0,Ki (nM)
50760421,CCO[P@](=O)(SCC)c1ccccc1,8900.0,Ki (nM)
50590119,CC[N+](C)(CC)CCCn1c(-c2ccccc2)c2cc(N)ccc2c2ccc(=[NH2+])cc12,8900.0,Ki (nM)
50099530,C[n+]1cccc2c1ccc1ccccc21,8900.0,Ki (nM)
293118,CC(=O)Nc1ccc(OCC(=O)N2CCN(CC2)c2ccccn2)cc1,8950.0,Ki (nM)
50712939,CC(=O)O[C@H]1CC[C@@]2(C)[C@@H](CC[C@]3(C)[C@@H]2CC[C@@H]2[C@H]4[C@@H](CC[C@@]4(CC[C@@]32C)C(O)=O)C(C)=O)C1(C)C,9000.0,Ki (nM)
293127,CC(=O)Nc1ccc(OCCCN2CCN(CC2)c2ncccn2)cc1,9040.0,Ki (nM)
50246486,CC(C)C(\C)=C\C(=O)N[C@H]1CC[C@@]2(C)[C@@H](CC[C@H]3[C@@H]4CC[C@H]([C@H](C)N(C)C)[C@@]4(C)CC[C@H]23)C1,9050.0,Ki (nM)
50553278,Cc1ccc(NC(=N)NC(=N)N2CCN(CC2)C(=N)NC(=N)Nc2ccc(C)cc2)cc1,9250.0,Ki (nM)
248240,c1ccc2c(c1)C=CC(=O)O2,9300.0,Ki (nM)
50099531,C(c1ccccc1)[n+]1cccc2c1ccc1ccccc21,9300.0,Ki (nM)
50553285,Clc1ccc(NC(=N)NC(=N)N2CCN(CC2)C(=N)NC(=N)Nc2ccc(Cl)cc2Cl)c(Cl)c1,9340.0,Ki (nM)
50553676,CNC(=O)N1c2ccccc2Sc2ccccc12,9360.0,Ki (nM)
51510823,CCCCCCCCCCCCNC(=O)[C@@H](OCc1ccccc1)[C@H]1OC([C@H](OC(C)=O)[C@H]1OC(C)=O)n1cc(nn1)-c1ccccc1,9500.0,Ki (nM)
50099338,OCC[n+]1c2ccccc2cc2ccccc12,9600.0,Ki (nM)
51510829,CCCCCCCCCCCCNC(=O)[C@@H](OCc1ccccc1)[C@H]1O[C@@H]([C@H](OC(C)=O)[C@H]1OCc1ccccc1)n1cc(nn1)-c1ccccc1,9690.0,Ki (nM)
50012031,Fc1cccc(c1)-c1c2ccc(n2)c(-c2cccc(F)c2)c2ccc([nH]2)c(-c2cccc(F)c2)c2ccc([nH]2)c(-c2cccc(F)c2)c2ccc1n2,9700.0,Ki (nM)
51031505,OC1CCCN(Cc2ccc(cc2)C(=O)N\N=C\c2ccc(cc2)N2CCCCC2)C1,9700.0,Ki (nM)
50713138,CC(=O)[C@@H]1CC[C@@]2(CC[C@]3(C)[C@H](CC[C@@H]4[C@@]5(C)CC[C@H](O)C(C)(C)[C@@H]5CC[C@@]34C)[C@@H]12)C(=O)NCCN,9710.0,Ki (nM)
201194,CC[N+](C)(CC)CCCn1c(-c2ccccc2)c2cc(N)ccc2c2ccc(=[NH2+])cc12,9730.0,Ki (nM)
50099212,Cc1csc[n+]1C,9800.0,Ki (nM)
293125,CC(=O)Nc1ccc(OCCCN2CCN(CC2)c2cccc(Cl)c2)cc1,9900.0,Ki (nM)
200772,CN(C)c1ccc(CN=Nc2nc(cs2)-c2cc3ccccc3oc2=O)cc1 |w:9.9|,9960.0,Ki (nM)
51117641,CCCCCCCCCCC\C=C\C(=O)N1CCCCCC1,9990.0,Ki (nM)
50481824,CC1(C)CC[C@@]2(CC[C@]3(C)C(=CC[C@@H]4[C@@]5(C)C[C@@H](O)[C@H](O)C(C)(C)[C@@H]5CC[C@@]34C)[C@@H]2C1)C(=O)OCCCCBr,,Ki (nM)
50481761,CC1(C)CC[C@@]2(CC[C@]3(C)C(=CC[C@@H]4[C@@]5(C)C[C@@H](O)[C@H](O)C(C)(C)[C@@H]5CC[C@@]34C)[C@@H]2C1)C(=O)NCc1ccccc1,,Ki (nM)
50481798,CC1(C)CC[C@@]2(CC[C@]3(C)C(=CC[C@@H]4[C@@]5(C)C[C@@H](O)[C@H](O)C(C)(C)[C@@H]5CC[C@@]34C)[C@@H]2C1)C(=O)OCC#C,,Ki (nM)
50481830,CC(=O)O[C@@H]1C[C@@]2(C)[C@@H](CC[C@]3(C)[C@@H]2CC=C2[C@@H]4CC(C)(C)CC[C@@]4(CC[C@@]32C)C(O)=O)C(C)(C)[C@H]1OC(C)=O,,Ki (nM)
50048017,CCCCCCCSC(=O)OCC[N+](C)(C)C,10000.0,Ki (nM)
17519,C(CCCSc1c2CCCCc2nc2ccccc12)CCCSc1c2CCCCc2nc2ccccc12,,Ki (nM)
50104844,C[C@]12CC[C@@](C)(C[C@H]1C1=CC(=O)[C@@H]3[C@@]4(C)CC[C@H](O)C(C)(C)[C@@H]4CC[C@@]3(C)[C@]1(C)CC2)C(=O)O\C(NC1CCCCC1)=N/C1CCCCC1,,Ki (nM)
50961496,O=C(NCCc1c[nH]c2ccccc12)c1ccc(OCCCCn2ccc3ccccc23)cc1,,Ki (nM)
50104841,CC(C)(C)OC(=O)NCCCNC(=O)[C@@]1(C)CC[C@]2(C)CC[C@]3(C)C(=CC(=O)[C@@H]4[C@@]5(C)CC[C@H](O)C(C)(C)[C@@H]5CC[C@@]34C)[C@@H]2C1,,Ki (nM)
186395,CC(C)(C)c1ccc(NC(=O)N2CCN(CC2)c2ncccc2Cl)cc1,,Ki (nM)
50481787,CC1(C)CC[C@@]2(CC[C@]3(C)C(=CC[C@@H]4[C@@]5(C)C[C@@H](O)[C@H](O)C(C)(C)[C@@H]5CC[C@@]34C)[C@@H]2C1)C(=O)OCc1cccc(Cl)c1,,Ki (nM)
50961491,O=C(NCCc1c[nH]c2ccccc12)c1ccc(OCCCCOc2ccc3-c4ccccc4C(=O)c3c2)cc1,,Ki (nM)
50481758,CC(=O)O[C@H]1C[C@@]2(C)[C@@H](CC[C@]3(C)[C@@H]2CC=C2[C@@H]4CC(C)(C)CC[C@@]4(CC[C@@]32C)C(=O)NCc2ccccc2)C(C)(C)[C@H]1OC(C)=O,,Ki (nM)
50961493,O=C(NCCc1c[nH]c2ccccc12)c1ccc(OCCCCOc2cccc(c2)C(=O)c2ccccc2)cc1,,Ki (nM)
50961492,O=C(NCCc1c[nH]c2ccccc12)c1ccc(OCCCCOc2ccc(cc2)C(=O)c2ccccc2)cc1,,Ki (nM)
50961494,O=C(NCCc1c[nH]c2ccccc12)c1ccc(OCCCCOc2cccc3[nH]c4ccccc4c23)cc1,,Ki (nM)
50481804,CC1(C)CC[C@@]2(CC[C@]3(C)C(=CC[C@@H]4[C@@]5(C)C[C@@H](O)[C@H](O)C(C)(C)[C@@H]5CC[C@@]34C)[C@@H]2C1)C(=O)OCC1CCCCC1,10020.0,Ki (nM)
51412376,COC(=O)C(=N/Nc1ccc(C)cc1)\C(=O)C(F)(F)F,10100.0,Ki (nM)
50076493,COc1ccc(C=NNC(=O)Nc2ccncc2)cc1OC,10254.0,Ki (nM)
50453307,CCN(CCCCCCCCc1cccc(OC)c1)Cc1ccccc1,10400.0,Ki (nM)
51286402,COc1cc(cc(OC)c1OC)C(=O)NCCCCC\C=[N+](/[O-])C(C)(C)C,10400.0,Ki (nM)
50553280,COc1cccc(NC(=N)NC(=N)N2CCN(CC2)C(=N)NC(=N)Nc2cccc(OC)c2)c1,10410.0,Ki (nM)
50353669,CC(C)([C@@H]1CC[C@]2(C)[C@H](CC[C@@H]3[C@H]4[C@H]5OC[C@@]4(CCC5(C)C)CC[C@@]23C)[C@@]1(C)CC(=O)OCC#C)C(=O)OCC#C,10450.0,Ki (nM)
293120,CC(=O)Nc1ccc(OCC(=O)N2CCN(CC2)C(=O)c2ccco2)cc1,19470.0,Ki (nM)
50713132,C[C@H](N)[C@@H]1CC[C@@]2(CC[C@]3(C)[C@H](CC[C@@H]4[C@@]5(C)CC[C@H](OC(C)=O)C(C)(C)[C@@H]5CC[C@@]34C)[C@@H]12)C(=O)OCc1ccccc1,10660.0,Ki (nM)
50246501,CC(C)C(\C)=C\C(=O)N(C)[C@H]1CC[C@@]2(C)[C@@H](CC[C@H]3[C@@H]4CC=C([C@H](C)N(C)C)[C@@]4(C)CC[C@H]23)C1,10700.0,Ki (nM)
50706121,CC(=O)Oc1ccc(COC(=O)Nc2ccncc2N)cc1,10900.0,Ki (nM)
50713137,CC(=O)O[C@H]1CC[C@@]2(C)[C@@H](CC[C@]3(C)[C@@H]2CC[C@@H]2[C@H]4[C@@H](CC[C@@]4(CC[C@@]32C)C(N)=O)C(C)=O)C1(C)C,10910.0,Ki (nM)
50099197,CCc1sc[n+](C)c1C,11000.0,Ki (nM)
50713133,C[C@@H](N)[C@@H]1CC[C@@]2(CC[C@]3(C)[C@H](CC[C@@H]4[C@@]5(C)CC[C@H](O)C(C)(C)[C@@H]5CC[C@@]34C)[C@@H]12)C(=O)OCc1ccccc1,11010.0,Ki (nM)
50431852,N[C@@H](Cc1ccc2ccccc2c1)C(=O)NCC(=O)Nc1c2CCCCc2nc2ccccc12,11190.0,Ki (nM)
50534551,OC[C@@H]1[C@@H](O)[C@H](O)[C@@H](O)CN1CCCCCNC(=[Se])Nc1ccc(Br)cc1,11200.0,Ki (nM)
51031503,COc1ccc(\C=N\NC(=O)c2ccc(CN3CCCC(O)C3)cc2)cc1,11450.0,Ki (nM)
50104895,CCOC(=O)[C@@]1(C)CC[C@]2(C)CC[C@]3(C)C(=CC(=O)[C@@H]4[C@@]5(C)CC[C@H](OC(=O)[C@H](N)Cc6c[nH]c7ccccc67)C(C)(C)[C@@H]5CC[C@@]34C)[C@@H]2C1,11730.0,Ki (nM)
50973672,[O-][N+](=O)c1cccc2CSC(=O)c12,11800.0,Ki (nM)
50713802,COC(=O)[C@]12CC[C@@H]([C@H](C)NC(C)=O)[C@@H]1[C@H]1CC[C@@H]3[C@@]4(C)CC[C@H](OC(C)=O)C(C)(C)[C@@H]4CC[C@@]3(C)[C@]1(C)CC2,11800.0,Ki (nM)
51286971,COc1ccc(\C=C\C(=O)OCCc2ccccc2)c(OC)c1,11890.0,Ki (nM)
50099529,OC(=O)C[n+]1cc2ccccc2c2ccccc12,12000.0,Ki (nM)
51135946,NC(=O)c1cc[n+](CCCC[n+]2cc(Cl)c(C=NO)c(Cl)c2)cc1,12000.0,Ki (nM)
50918263,Oc1ccc2C[C@@H]3[C@@H]4CCCC[C@]4(CCN3CC=C)c2c1,12000.0,Ki (nM)
50706123,CCCC(=O)Oc1ccc(COC(=O)Nc2ccncc2N)cc1,12100.0,Ki (nM)
51286977,Oc1ccccc1CCOC(=O)\C=C\c1ccc(OCc2ccccc2)c(OCc2ccccc2)c1,12100.0,Ki (nM)
50246504,C[C@@H]([C@H]1CC[C@H]2[C@@H]3CC[C@H]4C[C@H](CC[C@]4(C)[C@H]3CC[C@]12C)N(C)C(=O)\C=C\c1ccccc1)N(C)C,12200.0,Ki (nM)
50733644,C\C=C1\C2Cc3[nH]c(=O)ccc3C1CC(C)=C2,12300.0,Ki (nM)
50326737,CCC(CC[C@@H](C)[C@H]1CC[C@H]2C3=CC(O)C4(O)C[C@@H](O)CC[C@]4(C)[C@H]3CC[C@]12C)C(C)C,12600.0,Ki (nM)
50028906,C[N+](C)(C)c1cccc(OP2(=O)OCCCO2)c1,13000.0,Ki (nM)
51185300,CN1c2ccc(Cl)cc2C(=NCC1=O)c1ccccc1,13000.0,Ki (nM)
50724575,C=CCCCCCCCC1=NC(CCCCC=C)CC1,13000.0,Ki (nM)
51185302,CN1c2ccc(Cl)cc2C(=NCC1=O)c1ccccc1,13000.0,Ki (nM)
50104838,CC1(C)[C@@H](O)CC[C@@]2(C)[C@H]1CC[C@]1(C)[C@@H]2C(=O)C=C2[C@@H]3C[C@](C)(CC[C@]3(C)CC[C@@]12C)C(=O)OCCCCCCBr,13020.0,Ki (nM)
50481812,CC1(C)CC[C@@]2(CC[C@]3(C)C(=CC[C@@H]4[C@@]5(C)C[C@@H](OC(=O)CCl)[C@H](OC(=O)CCl)C(C)(C)[C@@H]5CC[C@@]34C)[C@@H]2C1)C(O)=O,13120.0,Ki (nM)
50856207,CCN(CC)c1ccc(cc1)-c1c2ccccc2[n+](C)c2ccccc12,13200.0,Ki (nM)
51441247,COc1cc2c[n+]3CCc4cc5OCOc5c(OC)c4-c3cc2c(CO)c1OC,13200.0,Ki (nM)
50712933,CC(=O)[C@@H]1CC[C@@]2(CC[C@]3(C)[C@H](CC[C@@H]4[C@@]5(C)CC[C@H](N)C(C)(C)[C@@H]5CC[C@@]34C)[C@@H]12)C(=O)OCc1ccccc1,13370.0,Ki (nM)
51031504,OC1CCCN(Cc2ccc(cc2)C(=O)N\N=C\c2ccc(F)cc2)C1,13410.0,Ki (nM)
50553270,N=C(NC(=N)N1CCN(CC1)C(=N)NC(=N)Nc1ccccc1)Nc1ccccc1,13530.0,Ki (nM)
50099545,CCC[n+]1cc2ccccc2c2ccccc12,13600.0,Ki (nM)
50553291,COc1ccccc1NC(=N)NC(=N)N1CCN(CC1)C(=N)NC(=N)Nc1ccccc1OC,13680.0,Ki (nM)
51441249,COc1cc2CN3CCc4cc5OCOc5c(OC)c4[C@@H]3Cc2c2COCOc12,13700.0,Ki (nM)
50104893,CCOC(=O)[C@@]1(C)CC[C@]2(C)CC[C@]3(C)C(=CC(=O)[C@@H]4[C@@]5(C)CC[C@H](OC(=O)[C@@H](N)Cc6ccccc6)C(C)(C)[C@@H]5CC[C@@]34C)[C@@H]2C1,13740.0,Ki (nM)
51046437,O=C(NCCN1CCCCC1)c1cc2ccccc2oc1=O,13800.0,Ki (nM)
50713143,COC(=O)[C@]12CC[C@H]([C@@H]1[C@H]1CC[C@@H]3[C@@]4(C)CC[C@H](OC(C)=O)C(C)(C)[C@@H]4CC[C@@]3(C)[C@]1(C)CC2)C(\C)=N/O,13990.0,Ki (nM)
50481817,CCNC(=O)[C@]12CCC(C)(C)C[C@H]1C1=CC[C@@H]3[C@@]4(C)C[C@@H](OC(C)=O)[C@H](OC(C)=O)C(C)(C)[C@@H]4CC[C@@]3(C)[C@]1(C)CC2,,Ki (nM)
50481837,CC1(C)CC[C@@]2(CC[C@]3(C)C(=CC[C@@H]4[C@@]5(C)C[C@@H](O)[C@H](O)C(C)(C)[C@@H]5CC[C@@]34C)[C@@H]2C1)C(=O)OCc1ccccc1,,Ki (nM)
50713803,COC(=O)[C@]12CC[C@@H](NC(C)=O)[C@@H]1[C@H]1CC[C@@H]3[C@@]4(C)CC[C@H](OC(C)=O)C(C)(C)[C@@H]4CC[C@@]3(C)[C@]1(C)CC2,14140.0,Ki (nM)
51286979,Clc1cccc(\C=C\C(=O)OCCc2ccccc2)c1,14210.0,Ki (nM)
50506934,O=C1c2ccccc2-c2cccc3ccnc1c23,14580.0,Ki (nM)
51510799,CC(=O)Nc1nc(Cl)c2ncn(C3O[C@H](CC(=O)NCc4ccccc4)[C@H](OC(C)=O)[C@H]3OC(C)=O)c2n1,14780.0,Ki (nM)
50553284,Fc1cccc(NC(=N)NC(=N)N2CCN(CC2)C(=N)NC(=N)Nc2cccc(F)c2)c1,14860.0,Ki (nM)
50104836,CC1(C)[C@@H](O)CC[C@@]2(C)[C@H]1CC[C@]1(C)[C@@H]2C(=O)C=C2[C@@H]3C[C@](C)(CC[C@]3(C)CC[C@@]12C)C(=O)OCCC=C,14870.0,Ki (nM)
50553297,Fc1ccccc1NC(=N)NC(=N)N1CCN(CC1)C(=N)NC(=N)Nc1ccccc1F,14920.0,Ki (nM)
50712930,COC(=O)[C@]12CC[C@H]([C@@H]1[C@H]1CC[C@@H]3[C@@]4(C)CC[C@H](OC(C)=O)C(C)(C)[C@@H]4CC[C@@]3(C)[C@]1(C)CC2)C(\C)=N\OC(C)=O,,Ki (nM)
50991318,O[C@H]1[C@H]2C(=O)C=C3S[C@H]4C[C@@]13C1=C(N4)C(=O)c3[nH]cc4CC[N+]2=C1c34,15000.0,Ki (nM)
50871604,CC[N+](CC)(CC)CCOc1cccc(OCC[N+](CC)(CC)CC)c1OCC[N+](CC)(CC)CC,15000.0,Ki (nM)
50012030,Fc1c(F)c(F)c(c(F)c1F)-c1c2ccc(n2)c(-c2c(F)c(F)c(F)c(F)c2F)c2ccc([nH]2)c(-c2c(F)c(F)c(F)c(F)c2F)c2ccc([nH]2)c(-c2c(F)c(F)c(F)c(F)c2F)c2ccc1n2,15200.0,Ki (nM)
50572686,Fc1c(F)c(F)c(c(F)c1F)-c1c2ccc(n2)c(-c2c(F)c(F)c(F)c(F)c2F)c2ccc([nH]2)c(-c2c(F)c(F)c(F)c(F)c2F)c2ccc([nH]2)c(-c2c(F)c(F)c(F)c(F)c2F)c2ccc1n2,15200.0,Ki (nM)
293119,CC(=O)Nc1ccc(OCC(=O)N2CCN(CC2)c2ncccn2)cc1,34830.0,Ki (nM)
293114,CCN1CCN(CC1)C(=O)COc1ccc(NC(C)=O)cc1,15770.0,Ki (nM)
51144709,CCN(CC)Cc1cc(N)ccc1O,16000.0,Ki (nM)
50104906,COC(=O)[C@@]1(C)CC[C@]2(C)CC[C@]3(C)C(=CC(=O)[C@@H]4[C@@]5(C)CC[C@H](OC(=O)[C@@H](N)CCC(=O)OCc6ccccc6)C(C)(C)[C@@H]5CC[C@@]34C)[C@@H]2C1,16050.0,Ki (nM)
50326724,CC[C@H](CC[C@@H](C)[C@H]1CC[C@H]2[C@@H]3CCC4=C[C@@H](O)CC[C@]4(C)[C@H]3CC[C@]12C)C(C)C,16100.0,Ki (nM)
50481826,CC(=O)O[C@@H]1C[C@@]2(C)[C@@H](CC[C@]3(C)[C@@H]2CC=C2[C@@H]4CC(C)(C)CC[C@@]4(CC[C@@]32C)C(=O)NCc2ccccc2)C(C)(C)[C@H]1OC(C)=O,16190.0,Ki (nM)
50553327,Fc1ccc(NC(=N)NC(=N)N2CCN(CC2)C(=N)NC(=N)Nc2ccc(F)cc2)cc1,16190.0,Ki (nM)
50104908,[H][C@@]12C[C@](C)(CC[C@]1(C)CC[C@]1(C)C2=CC(=O)[C@]2([H])[C@@]3(C)CC[C@H](OC(=O)[C@@H](N)CC(O)=O)C(C)(C)[C@]3([H])CC[C@@]12C)C(=O)OC,16230.0,Ki (nM)
50553662,CCN(CC)CCNC(=O)N1c2ccccc2Sc2ccccc12,16300.0,Ki (nM)
50713800,COC(=O)[C@]12CC[C@H]([C@@H]1[C@H]1CC[C@@H]3[C@@]4(C)CC[C@H](OC(C)=O)C(C)(C)[C@@H]4CC[C@@]3(C)[C@]1(C)CC2)C(\C)=N\O,16390.0,Ki (nM)
50713134,CC(=O)O[C@H]1CC[C@@]2(C)[C@@H](CC[C@]3(C)[C@@H]2CC[C@@H]2[C@H]4[C@@H](CC[C@@]4(CC[C@@]32C)C(O)=O)C(\C)=N\O)C1(C)C,16710.0,Ki (nM)
50481728,CCCOC(=O)[C@]12CCC(C)(C)C[C@H]1C1=CC[C@@H]3[C@@]4(C)C[C@@H](O)[C@H](O)C(C)(C)[C@@H]4CC[C@@]3(C)[C@]1(C)CC2,16860.0,Ki (nM)
50534545,Cc1ccc(NC(=[Se])NCCCCCN2C[C@H](O)[C@@H](O)[C@H](O)[C@H]2CO)cc1,16900.0,Ki (nM)
50927105,COc1c(O)cc(cc1O)C1Oc2cc(O)c(C\C=C(/C)CCC=C(C)C)c(O)c2C(=O)[C@@H]1O,16900.0,Ki (nM)
50713809,C[C@@H](N)[C@@H]1CC[C@@]2(CC[C@]3(C)[C@H](CC[C@@H]4[C@@]5(C)CC[C@H](OC(C)=O)C(C)(C)[C@@H]5CC[C@@]34C)[C@@H]12)C(=O)OCc1ccccc1,17000.0,Ki (nM)
50326728,CC[C@H](C[C@@H](O)[C@@H](C)[C@H]1CCC2C3C[C@@H](O)[C@@]4(O)C[C@@H](O)C[C@H](O)[C@]4(C)C3CC[C@]12C)C(C)C,17000.0,Ki (nM)
50453305,COc1cccc(CCCCCCCCNCc2ccccc2OC)c1,17000.0,Ki (nM)
50590117,Clc1nc(N2CCCCC2)c(cc1C#N)C#N,17200.0,Ki (nM)
50502638,COc1cccc(CN2CCC(CC2)\C=C2/Cc3cccc(OC)c3C2=O)c1,17230.0,Ki (nM)
50246485,C[C@@H]([C@H]1CC[C@H]2[C@@H]3CC[C@H]4[C@@H](OC(C)=O)[C@H](CC[C@]4(C)[C@H]3CC[C@]12C)NC(=O)C=C(C)C)N(C)C,17600.0,Ki (nM)
50104888,COC(=O)[C@@]1(C)CC[C@]2(C)CC[C@]3(C)C(=CC(=O)[C@@H]4[C@@]5(C)CC[C@H](OC(=O)[C@@H](C)N)C(C)(C)[C@@H]5CC[C@@]34C)[C@@H]2C1,17670.0,Ki (nM)
50099534,C[n+]1cccc2ccc3ccccc3c12,18000.0,Ki (nM)
50502626,COc1cccc2C\C(=C/C3CCN(Cc4ccc5OCOc5c4)CC3)C(=O)c12,18200.0,Ki (nM)
50012029,Oc1ccccc1-c1c2ccc(n2)c(-c2ccccc2O)c2ccc([nH]2)c(-c2ccccc2O)c2ccc([nH]2)c(-c2ccccc2O)c2ccc1n2,18300.0,Ki (nM)
50099330,C(C[n+]1cccc2c1ccc1ccccc21)c1ccccc1,18500.0,Ki (nM)
51510801,CC(=O)Nc1nc(Cl)c2n(cnc2n1)C1O[C@@H]([C@@H](OC(C)=O)[C@@H](OC(C)=O)[C@H]1OC(C)=O)C(=O)NCc1ccccc1,18720.0,Ki (nM)
50104898,COC(=O)[C@@]1(C)CC[C@]2(C)CC[C@]3(C)C(=CC(=O)[C@@H]4[C@@]5(C)CC[C@H](OC(=O)[C@@H](N)CCN)C(C)(C)[C@@H]5CC[C@@]34C)[C@@H]2C1,18720.0,Ki (nM)
50104904,[H][C@@]12C[C@](C)(CC[C@]1(C)CC[C@]1(C)C2=CC(=O)[C@]2([H])[C@@]3(C)CC[C@H](OC(=O)[C@@H](N)CCC(O)=O)C(C)(C)[C@]3([H])CC[C@@]12C)C(=O)OC,18940.0,Ki (nM)
50453302,COc1cccc(CCCCCCCCN2CCCC(C2)OC(C)=O)c1,19000.0,Ki (nM)
51046011,COc1ccc(\C=N\NC(=O)CN2CCC(Cc3ccccc3)CC2)cc1,19500.0,Ki (nM)
50809693,CN(C)C(=O)Oc1ccc[n+](C)c1,19700.0,Ki (nM)
50104885,[H][C@@]12C[C@](C)(CC[C@]1(C)CC[C@]1(C)C2=CC(=O)[C@]2([H])[C@@]3(C)CC[C@H](OC(=O)CN)C(C)(C)[C@]3([H])CC[C@@]12C)C(=O)OC,19790.0,Ki (nM)
50553259,FC(F)(F)Oc1ccc(NC(=N)NC(=N)N2CCN(CC2)C(=N)NC(=N)Nc2ccc(OC(F)(F)F)cc2)cc1,19830.0,Ki (nM)
50553263,Ic1cccc(NC(=N)NC(=N)N2CCN(CC2)C(=N)NC(=N)Nc2cccc(I)c2)c1,19940.0,Ki (nM)
50104903,COC(=O)[C@@]1(C)CC[C@]2(C)CC[C@]3(C)C(=CC(=O)[C@@H]4[C@@]5(C)CC[C@H](OC(=O)[C@@H](N)CCCCN)C(C)(C)[C@@H]5CC[C@@]34C)[C@@H]2C1,19980.0,Ki (nM)
51090383,COc1c(Br)cc(CC(=O)NCCCCC[N+](C)(C)C)cc1Br,20000.0,Ki (nM)
50481735,CC1(C)CC[C@@]2(CC[C@]3(C)C(=CC[C@@H]4[C@@]5(C)C[C@@H](O)[C@H](O)C(C)(C)[C@@H]5CC[C@@]34C)[C@@H]2C1)C(=O)NCC=C,,Ki (nM)
50100756,CCCCCCCSC(=O)OCC[N+](C)(C)C,20000.0,Ki (nM)
50481774,CC(=O)O[C@@H]1C[C@@]2(C)[C@@H](CC[C@]3(C)[C@@H]2CC=C2[C@@H]4CC(C)(C)CC[C@@]4(CC[C@@]32C)C(N)=O)C(C)(C)[C@H]1OC(C)=O,,Ki (nM)
50918297,Oc1ccc2C[C@H]3[C@H]4CCCC[C@@]4(CCN3CC=C)c2c1,20000.0,Ki (nM)
51261727,C(Oc1ccc(\C=N\c2c3CCCCc3nc3ccccc23)cc1OCc1ccccc1)c1ccccc1,20000.0,Ki (nM)
50104845,CC1(C)[C@@H](O)CC[C@@]2(C)[C@H]1CC[C@]1(C)[C@@H]2C(=O)C=C2[C@@H]3C[C@](C)(CC[C@]3(C)CC[C@@]12C)C(=O)On1nnc2ccccc12,,Ki (nM)
50918298,CN1CC[C@@]23CCCC[C@@H]2[C@@H]1Cc1cc(O)ccc31,20000.0,Ki (nM)
50481777,CC1(C)CC[C@@]2(CC[C@]3(C)C(=CC[C@@H]4[C@@]5(C)C[C@@H](O)[C@H](O)C(C)(C)[C@@H]5CC[C@@]34C)[C@@H]2C1)C(=O)OCc1ccc(Br)cc1,,Ki (nM)
50481809,CCNC(=O)[C@]12CCC(C)(C)C[C@H]1C1=CC[C@@H]3[C@@]4(C)C[C@@H](O)[C@H](O)C(C)(C)[C@@H]4CC[C@@]3(C)[C@]1(C)CC2,,Ki (nM)
50481755,CC(=O)O[C@H]1C[C@@]2(C)[C@@H](CC[C@]3(C)[C@@H]2CC=C2[C@@H]4CC(C)(C)CC[C@@]4(CC[C@@]32C)C(O)=O)C(C)(C)[C@H]1OC(C)=O,,Ki (nM)
50481784,CC1(C)CC[C@@]2(CC[C@]3(C)C(=CC[C@@H]4[C@@]5(C)C[C@@H](O)[C@H](O)C(C)(C)[C@@H]5CC[C@@]34C)[C@@H]2C1)C(N)=O,,Ki (nM)
50481726,CC1(C)CC[C@@]2(CC[C@]3(C)C(=CC[C@@H]4[C@@]5(C)C[C@@H](O)[C@H](O)C(C)(C)[C@@H]5CC[C@@]34C)[C@@H]2C1)C(=O)NCC#C,,Ki (nM)
50481757,CC(=O)O[C@@H]1C[C@@]2(C)[C@@H](CC[C@]3(C)[C@@H]2CC=C2[C@@H]4CC(C)(C)CC[C@@]4(CC[C@@]32C)C(=O)NCC=C)C(C)(C)[C@H]1OC(C)=O,,Ki (nM)
50481797,CC1(C)CC[C@@]2(CC[C@]3(C)C(=CC[C@@H]4[C@@]5(C)C[C@@H](O)[C@H](O)C(C)(C)[C@@H]5CC[C@@]34C)[C@@H]2C1)C(=O)OCCCO,20120.0,Ki (nM)
50712934,CC(=O)[C@@H]1CC[C@@]2(CC[C@]3(C)[C@H](CC[C@@H]4[C@@]5(C)CC[C@@H](N)C(C)(C)[C@@H]5CC[C@@]34C)[C@@H]12)C(=O)OCc1ccccc1,20330.0,Ki (nM)
50104894,CNCC(=O)O[C@H]1CC[C@@]2(C)[C@@H](CC[C@]3(C)[C@@H]2C(=O)C=C2[C@@H]4C[C@](C)(CC[C@]4(C)CC[C@@]32C)C(=O)OC)C1(C)C,20390.0,Ki (nM)
50076506,COc1cc(C=NNC(=O)Nc2ccncc2)ccc1O,20520.0,Ki (nM)
50481743,COC(=O)[C@]12CCC(C)(C)C[C@H]1C1=CC[C@@H]3[C@@]4(C)C[C@@H](O)[C@H](OS(N)(=O)=O)C(C)(C)[C@@H]4CC[C@@]3(C)[C@]1(C)CC2,20530.0,Ki (nM)
50326722,CC[C@H](\C=C\[C@@H](C)[C@H]1CC[C@H]2[C@@H]3C=CC4C[C@@H](O)CC[C@]4(C)C3=CC[C@]12C)C(C)C,20600.0,Ki (nM)
50104890,COC(=O)[C@@]1(C)CC[C@]2(C)CC[C@]3(C)C(=CC(=O)[C@@H]4[C@@]5(C)CC[C@H](OC(=O)[C@@H](N)Cc6ccccc6)C(C)(C)[C@@H]5CC[C@@]34C)[C@@H]2C1,20690.0,Ki (nM)
50104887,[H][C@@]12C[C@](C)(CC[C@]1(C)CC[C@]1(C)C2=CC(=O)[C@]2([H])[C@@]3(C)CC[C@H](OC(=O)[C@H](C)N)C(C)(C)[C@]3([H])CC[C@@]12C)C(=O)OC,20760.0,Ki (nM)
50713797,C[C@@H](N)[C@@H]1CC[C@@]2(CC[C@]3(C)[C@H](CC[C@@H]4[C@@]5(C)CC[C@H](OC(C)=O)C(C)(C)[C@@H]5CC[C@@]34C)[C@@H]12)C(O)=O,20860.0,Ki (nM)
50712936,CC(=O)[C@@H]1CC[C@]2(N)CC[C@]3(C)[C@H](CC[C@@H]4[C@@]5(C)CC[C@H](O)C(C)(C)[C@@H]5CC[C@@]34C)[C@@H]12,20900.0,Ki (nM)
51135943,NC(=O)c1cc[n+](CCC[n+]2cc(Cl)c(C=NO)c(Cl)c2)cc1,21000.0,Ki (nM)
50871654,C[N+](C)(C)CCOC(=O)CCC(=O)OCC[N+](C)(C)C,21000.0,Ki (nM)
51031506,OC1CCCN(Cc2ccc(cc2)C(=O)N\N=C\c2ccc(cc2)-n2ccnc2)C1,21100.0,Ki (nM)
50553288,CC(C)(C)c1ccc(NC(=N)NC(=N)N2CCN(CC2)C(=N)NC(=N)Nc2ccc(cc2)C(C)(C)C)cc1,21770.0,Ki (nM)
50553303,Clc1ccc(NC(=N)NC(=N)N2CCN(CC2)C(=N)NC(=N)Nc2ccc(Cl)cc2)cc1,22000.0,Ki (nM)
51135947,NC(=O)c1cc[n+](CC=CC[n+]2cc(Cl)c(C=NO)c(Cl)c2)cc1,22000.0,Ki (nM)
50099524,CC(C)[n+]1cc2ccccc2c2ccccc12,22000.0,Ki (nM)
50453299,COc1cccc(CCCCCCCCN2CCCC2)c1,22400.0,Ki (nM)
50453304,COc1cccc(CCCCCCCCN2CCCC(C2)OC(=O)N(C)C)c1,22400.0,Ki (nM)
50474984,CC1(C)CC[C@@]2(CC[C@]3(C)C(=CC[C@@H]4[C@@]5(C)C[C@@H](O)[C@H](O)C(C)(C)[C@@H]5CC[C@@]34C)[C@@H]2C1)C(=O)OC\C=C/CCl,22480.0,Ki (nM)
50991333,[H][C@@]12C[C@]3(C=C(Br)C(=O)C=C3S1)C1=C(N2)C(=O)c2[nH]cc3CCN=C1c23,22800.0,Ki (nM)
51510817,COC1O[C@H](Cn2ccc(=O)n(C[C@H]3O[C@H](OC)[C@H](O)[C@@H](O)[C@@H]3O)c2=O)[C@@H](O)[C@H](O)[C@H]1O,22900.0,Ki (nM)
51117647,CCCCCCCCCCC\C=C\C(=O)N1CCCCCCC1,22990.0,Ki (nM)
200776,CN(C)C(=O)Oc1cccc(c1)[N+](C)(C)C,23000.0,Ki (nM)
50871653,CC(=O)CCC[N+](C)(C)C,23000.0,Ki (nM)
51261713,C(Oc1ccc(\C=N\c2c3CCCCc3nc3ccccc23)cc1)c1ccccc1,23000.0,Ki (nM)
51117639,CCCCCCCCCCCCC\C=C\C(=O)N1CCCCCCC1,23320.0,Ki (nM)
50104889,COC(=O)[C@@]1(C)CC[C@]2(C)CC[C@]3(C)C(=CC(=O)[C@@H]4[C@@]5(C)CC[C@H](OC(=O)[C@@H]6CCCN6)C(C)(C)[C@@H]5CC[C@@]34C)[C@@H]2C1,23510.0,Ki (nM)
51510798,CC(=O)Nc1nc(Cl)c2ncn(C3O[C@@H]4[C@@H](O)C(=O)O[C@@H]4[C@H]3OC(C)=O)c2n1,23670.0,Ki (nM)
50104910,CC1(C)[C@@H](O)CC[C@@]2(C)[C@H]1CC[C@]1(C)[C@@H]2C(=O)C=C2[C@@H]3C[C@](C)(CC[C@]3(C)CC[C@@]12C)C(=O)OCCBr,23830.0,Ki (nM)
50104886,[H][C@@]12C[C@](C)(CC[C@]1(C)CC[C@]1(C)C2=CC(=O)[C@]2([H])[C@@]3(C)CC[C@H](OC(=O)[C@H](C)N)C(C)(C)[C@]3([H])CC[C@@]12C)C(O)=O,23980.0,Ki (nM)
51261641,C(Oc1ccc(\C=N\c2c3CCCCc3nc3ccccc23)cc1OCc1ccccc1)c1ccccc1,24000.0,Ki (nM)
50554036,CO[P@@]1(=O)CC[C@H]2COC(=O)C2=C(C)O1,24000.0,Ki (nM)
51135958,NC(=O)c1cc[n+](CC=CC[n+]2ccc(C=NO)c(Cl)c2)cc1,24000.0,Ki (nM)
50453306,CCN(CCCCCCCCc1cccc(OC)c1)Cc1ccccc1OC,24400.0,Ki (nM)
50919576,CCN(CC)C(C)CN1c2ccccc2Sc2ccccc12,24700.0,Ki (nM)
50621527,CCN(CC)C(C)CN1c2ccccc2Sc2ccccc12,24700.0,Ki (nM)
50918296,CN1CC[C@]23CCCC[C@H]2[C@H]1Cc1ccc(O)cc31,25000.0,Ki (nM)
51135944,NC(=O)c1cc[n+](COC[n+]2ccccc2CN=O)cc1,25000.0,Ki (nM)
50630031,CCN(CC)C(C)CN1c2ccccc2Sc2ccccc12,25000.0,Ki (nM)
50481828,CC1(C)CC[C@@]2(CC[C@]3(C)C(=CC[C@@H]4[C@@]5(C)C[C@@H](OC(=O)CCl)[C@H](OC(=O)CCl)C(C)(C)[C@@H]5CC[C@@]34C)[C@@H]2C1)C(=O)NCc1ccccc1,25140.0,Ki (nM)
50553283,Brc1cccc(NC(=N)NC(=N)N2CCN(CC2)C(=N)NC(=N)Nc2cccc(Br)c2)c1,25400.0,Ki (nM)
50099327,C[n+]1cccc2c1ccc1ccccc21,25400.0,Ki (nM)
50099544,C[n+]1cc2ccccc2c2ccccc12,25500.0,Ki (nM)
50326723,CC[C@H](\C=C\[C@@H](C)[C@H]1CC[C@@H]2[C@]1(C)CC=C1[C@@]3(C)CC[C@H](O)C[C@@]33OO[C@@]21C=C3)C(C)C,25500.0,Ki (nM)
50553312,COc1ccc(NC(=N)NC(=N)N2CCN(CC2)C(=N)NC(=N)Nc2ccc(OC)cc2)cc1,25550.0,Ki (nM)
50076487,Oc1ccccc1C=NNC(=O)Nc1ccncc1,25600.0,Ki (nM)
51510804,CC(=O)Nc1nc(Cl)c2ncn(C3O[C@@H]([C@@H](OC(C)=O)[C@@H](OC(C)=O)[C@H]3OC(C)=O)C(O)=O)c2n1,26870.0,Ki (nM)
248231,COc1cc2O[C@H]3OC=C[C@H]3c2c2oc(=O)c3C(=O)CCc3c12 |c:8|,28000.0,Ki (nM)
51466778,NC(=O)c1cc[n+](CCC[n+]2cc(F)c(C=NO)c(F)c2)cc1,28000.0,Ki (nM)
50104909,COC(=O)[C@@]1(C)CC[C@]2(C)CC[C@]3(C)C(=CC(=O)[C@@H]4[C@@]5(C)CC[C@H](OC(=O)[C@@H](N)CC(=O)OCc6ccccc6)C(C)(C)[C@@H]5CC[C@@]34C)[C@@H]2C1,28080.0,Ki (nM)
50553267,Clc1ccc(NC(=N)NC(=N)N2CCN(CC2)C(=N)NC(=N)Nc2ccc(Cl)cc2)cc1,28310.0,Ki (nM)
50553666,O=C(NCCN1CCCC1)N1c2ccccc2Sc2ccccc12,29400.0,Ki (nM)
50012034,Oc1cccc(c1)-c1c2ccc(n2)c(-c2cccc(O)c2)c2ccc([nH]2)c(-c2cccc(O)c2)c2ccc([nH]2)c(-c2cccc(O)c2)c2ccc1n2,29600.0,Ki (nM)
50104837,CC1(C)[C@@H](O)CC[C@@]2(C)[C@H]1CC[C@]1(C)[C@@H]2C(=O)C=C2[C@@H]3C[C@](C)(CC[C@]3(C)CC[C@@]12C)C(=O)OC\C=C\CBr,29630.0,Ki (nM)
183475,Cn1c2OC(C)(C)[C@H](O)Cc2c(=O)c2ccccc12 |r|,30000.0,Ki (nM)
50712929,CCC(=O)O\N=C(/C)[C@@H]1CC[C@@]2(CC[C@]3(C)[C@H](CC[C@@H]4[C@@]5(C)CC[C@H](OC(C)=O)C(C)(C)[C@@H]5CC[C@@]34C)[C@@H]12)C(=O)OC,,Ki (nM)
50481734,CC1(C)CC[C@@]2(CC[C@]3(C)C(=CC[C@@H]4[C@@]5(C)C[C@H](O)[C@H](O)C(C)(C)[C@@H]5CC[C@@]34C)[C@@H]2C1)C(O)=O,,Ki (nM)
50481780,CC1(C)CC[C@@]2(CC[C@]3(C)C(=CC[C@@H]4[C@@]5(C)C[C@@H](O)[C@H](O)C(C)(C)[C@@H]5CC[C@@]34C)[C@@H]2C1)C(=O)OCc1ccc(Cl)cc1,,Ki (nM)
183476,COC(C)(C)[C@H]1Cc2c(O1)n(C)c1ccccc1c2=O |r|,30000.0,Ki (nM)
50553293,Clc1cccc(NC(=N)NC(=N)N2CCN(CC2)C(=N)NC(=N)Nc2cccc(Cl)c2)c1,,Ki (nM)
50481740,CC1(C)CC[C@@]2(CC[C@]3(C)C(=CC[C@@H]4[C@@]5(C)C[C@@H](O)[C@H](O)C(C)(C)[C@@H]5CC[C@@]34C)[C@@H]2C1)C(=O)OCC=C,,Ki (nM)
50927108,COc1c(O)cc(cc1O)C1CC(=O)c2c(O)c(C\C=C(/C)CCC=C(C)C)c(O)cc2O1,30100.0,Ki (nM)
293116,CC(=O)Nc1ccc(OCC(=O)N2CCN(CC2)c2ccccc2F)cc1,46810.0,Ki (nM)
51286973,Brc1cccc(\C=C\C(=O)OCCc2ccccc2)c1,30920.0,Ki (nM)
51510802,CC(=O)Nc1nc(Cl)c2ncn(C3O[C@@H]([C@@H](OC(C)=O)[C@@H](OC(C)=O)[C@H]3OC(C)=O)C(=O)NCc3ccccc3)c2n1,30980.0,Ki (nM)
50099528,OCC[n+]1cc2ccccc2c2ccccc12,31000.0,Ki (nM)
51441243,[H][C@@]12Cc3c(CO)c(OC)c(OC)cc3C=[N+]1CCc1cc3OCOc3c(OC)c21,31000.0,Ki (nM)
50042502,C[N+](C)(C)c1cccc(OP2(=O)OCCCO2)c1,31000.0,Ki (nM)
50089059,O\N=C\C(=O)c1ccc(OCC2CCN(Cc3ccccc3)CC2)nc1,31220.0,Ki (nM)
50713807,CC(=O)[C@@H]1CC[C@@]2(CC[C@]3(C)[C@H](CC[C@@H]4[C@@]5(C)CC[C@H](O)C(C)(C)[C@@H]5CC[C@@]34C)[C@@H]12)C(O)=O,31640.0,Ki (nM)
50353666,CC(=C)[C@@H]1CC[C@]2(C)[C@H](CC[C@@H]3[C@H]4[C@H]5OC[C@@]4(CCC5(C)C)CC[C@@]23C)[C@@]1(C)CCC(O)=O,31780.0,Ki (nM)
50706129,CC(=O)Nc1ccncc1N,32500.0,Ki (nM)
17786,C[C@@H](c1cccc(c1)O)N(C)C,33000.0,Ki (nM)
50431862,N[C@@H](Cc1c[nH]c2ccccc12)C(=O)NCCC(=O)Nc1c2CCCCc2nc2ccccc12,34030.0,Ki (nM)
50713018,C[C@H](N)[C@@H]1CC[C@@]2(CC[C@]3(C)[C@H](CC[C@@H]4[C@@]5(C)CC[C@H](OC(C)=O)C(C)(C)[C@@H]5CC[C@@]34C)[C@@H]12)C(=O)OCc1ccccc1,34180.0,Ki (nM)
50927103,COc1ccc(cc1O)[C@H]1Oc2cc(O)c(C\C=C(/C)CCC=C(C)C)c(O)c2C(=O)[C@@H]1O,34300.0,Ki (nM)
51286978,COc1ccc(\C=C\C(=O)OCCc2ccccc2)c(OC)c1,34770.0,Ki (nM)
50481760,CC1(C)CC[C@@]2(CC[C@]3(C)C(=CC[C@@H]4[C@@]5(C)C[C@@H](O)[C@H](O)C(C)(C)[C@@H]5CC[C@@]34C)[C@@H]2C1)C(=O)OCCCBr,34850.0,Ki (nM)
51466777,NC(=O)c1cc[n+](CCC[n+]2ccc(C=NO)c(F)c2)cc1,35000.0,Ki (nM)
50076489,COc1ccc(C=NNC(=O)Nc2ccncc2)cc1,35460.0,Ki (nM)
51466781,NC(=O)c1cc[n+](CC=CC[n+]2ccc(C=NO)c(F)c2)cc1,36000.0,Ki (nM)
51135954,NC(=O)c1cc[n+](CCCC[n+]2ccc(C=NO)c(Cl)c2)cc1,36000.0,Ki (nM)
50713136,CC(=O)[C@@H]1CC[C@@]2(CC[C@]3(C)[C@H](CC[C@@H]4[C@@]5(C)CC[C@H](O)C(C)(C)[C@@H]5CC[C@@]34C)[C@@H]12)C(O)=O,36860.0,Ki (nM)
50871603,CC[N+](CC)(CC)CCOc1cccc(OCC[N+](CC)(CC)CC)c1OCC[N+](CC)(CC)CC,37000.0,Ki (nM)
50099328,C(c1ccccc1)[n+]1cccc2c1ccc1ccccc21,37400.0,Ki (nM)
51144721,CCN(CC)Cc1cc(N)ccc1O,37400.0,Ki (nM)
51144723,CCN(CC)Cc1cc(N)ccc1O,37700.0,Ki (nM)
50903929,Oc1cc(O)c2c(c1)oc(-c1cc(O)c(O)c(O)c1)c(O)c2=O,37800.0,Ki (nM)
51510803,CC(=O)Nc1nc(Cl)c2n(cnc2n1)C1O[C@@H]([C@@H](OC(C)=O)[C@@H](OC(C)=O)[C@H]1OC(C)=O)C(O)=O,37870.0,Ki (nM)
50903928,Oc1cc(O)c2c(c1)oc(-c1ccc(O)c(O)c1)c(O)c2=O,38300.0,Ki (nM)
50809679,CN(C)C(=O)Oc1cccnc1COC(=O)C(C)(c1ccccc1)c1ccccc1,38800.1,Ki (nM)
51261711,C(Oc1ccc(\C=N\c2c3CCCCc3nc3ccccc23)cc1)c1ccccc1,39000.0,Ki (nM)
50099479,C[N+](C)(CCCCCC[N+](C)(C)Cc1ccc(cc1)-c1ccccc1)Cc1ccc(cc1)-c1ccccc1,39000.0,Ki (nM)
50502625,COc1ccc2C\C(=C/C3CCN(Cc4ccc5OCOc5c4)CC3)C(=O)c2c1,39670.0,Ki (nM)
50712928,COC(=O)[C@]12CC[C@@H]([C@H](C)N)[C@@H]1[C@H]1CC[C@@H]3[C@@]4(C)CC[C@H](OC(C)=O)C(C)(C)[C@@H]4CC[C@@]3(C)[C@]1(C)CC2,,Ki (nM)
50481742,COC(=O)[C@]12CCC(C)(C)C[C@H]1C1=CC[C@@H]3[C@@]4(C)C[C@@H](OS(N)(=O)=O)[C@H](O)C(C)(C)[C@@H]4CC[C@@]3(C)[C@]1(C)CC2,,Ki (nM)
50048007,CCCCCCCSC(=O)OCC[N+](C)(C)C,40000.0,Ki (nM)
50553310,Brc1ccccc1NC(=N)NC(=N)N1CCN(CC1)C(=N)NC(=N)Nc1ccccc1Br,40530.0,Ki (nM)
50104896,COC(=O)[C@@]1(C)CC[C@]2(C)CC[C@]3(C)C(=CC(=O)[C@@H]4[C@@]5(C)CC[C@H](OC(=O)[C@@H](N)CSCc6ccccc6)C(C)(C)[C@@H]5CC[C@@]34C)[C@@H]2C1,40580.0,Ki (nM)
50553300,COc1cc(NC(=N)NC(=N)N2CCN(CC2)C(=N)NC(=N)Nc2cc(OC)c(OC)c(OC)c2)cc(OC)c1OC,41210.0,Ki (nM)
51117646,CCCCCCCCCCCCCCC\C=C\C(=O)N1CCCCCC1,41480.0,Ki (nM)
50104842,CC1(C)[C@@H](O)CC[C@@]2(C)[C@H]1CC[C@]1(C)[C@@H]2C(=O)C=C2[C@@H]3C[C@](C)(CC[C@]3(C)CC[C@@]12C)C(=O)NCCCCN,41760.0,Ki (nM)
51135939,NC(=O)c1cc[n+](CCC[n+]2ccc(C=NO)c(Cl)c2)cc1,42000.0,Ki (nM)
51466779,NC(=O)c1cc[n+](CCCC[n+]2ccc(C=NO)c(F)c2)cc1,44000.0,Ki (nM)
50099323,OCC[n+]1cc2ccccc2c2ccccc12,45000.0,Ki (nM)
50553318,COc1cccc(NC(=N)NC(=N)N2CCN(CC2)C(=N)NC(=N)Nc2cccc(OC)c2)c1,45230.0,Ki (nM)
51117650,CCCCCCCCCCC\C=C\C(=O)N1CCCCCC1,45410.0,Ki (nM)
50713801,COC(=O)[C@]12CC[C@@H]([C@H](C)NC(C)=O)[C@@H]1[C@H]1CC[C@@H]3[C@@]4(C)CC[C@H](OC(C)=O)C(C)(C)[C@@H]4CC[C@@]3(C)[C@]1(C)CC2,45570.0,Ki (nM)
50809689,CN(C)C(=O)OC1=CCCN(C)C1COC(=O)C(C)(c1ccccc1)c1ccccc1,45900.1,Ki (nM)
50713403,C[C@@H](N)[C@@H]1CC[C@@]2(CC[C@]3(C)[C@H](CC[C@@H]4[C@@]5(C)CC[C@H](O)C(C)(C)[C@@H]5CC[C@@]34C)[C@@H]12)C(=O)OCc1ccccc1,47810.0,Ki (nM)
50420446,COC[n+]1ccn(C)c1CN=O,48000.0,Ki (nM)
41519,Clc1ccc(CN2C(=O)C(=O)c3ccccc23)cc1Cl,48200.0,Ki (nM)
50553309,Ic1ccc(NC(=N)NC(=N)N2CCN(CC2)C(=N)NC(=N)Nc2ccc(I)cc2)cc1,49100.0,Ki (nM)
51117645,CCCCCCCCCCCCC\C=C\C(=O)N1CCCCC1,,Ki (nM)
51185317,CNC1=Nc2ccc(Cl)cc2C(c2ccccc2)=[N+]([O-])C1,50000.0,Ki (nM)
51117648,CCCCCCCCCCCCCCC\C=C\C(=O)N1CCCCCCC1,,Ki (nM)
51185296,CNC1=Nc2ccc(Cl)cc2C(c2ccccc2)=[N+]([O-])C1,50000.0,Ki (nM)
50481823,COC(=O)[C@]12CCC(C)(C)C[C@H]1C1=CC[C@@H]3[C@@]4(C)C[C@@H](O)[C@H](O)C(C)(C)[C@@H]4CC[C@@]3(C)[C@]1(C)CC2,,Ki (nM)
51510800,CC(=O)Nc1nc(NCc2ccccc2)c2ncn(C3O[C@H](CC(=O)NCc4ccccc4)[C@H](OC(C)=O)[C@H]3OC(C)=O)c2n1,50530.0,Ki (nM)
51046009,CCOc1ccc(\C=N\NC(=O)CN2CCC(Cc3ccccc3)CC2)cc1,50800.0,Ki (nM)
50012026,Fc1ccccc1-c1c2ccc(n2)c(-c2ccccc2F)c2ccc([nH]2)c(-c2ccccc2F)c2ccc([nH]2)c(-c2ccccc2F)c2ccc1n2,50900.0,Ki (nM)
51356903,CN1CCCC[C@H]1c1ccc(nc1)-c1cccnc1,51000.0,Ki (nM)
50809681,CN(C)C(=O)Oc1cccnc1CO,52110.0,Ki (nM)
51525607,COc1cc(O)c2c(c1)oc1c(O)cccc1c2=O,53000.0,Ki (nM)
50712925,C[C@@H](N)[C@@H]1CC[C@]2(CO)CC[C@]3(C)[C@H](CC[C@@H]4[C@@]5(C)CC[C@H](O)C(C)(C)[C@@H]5CC[C@@]34C)[C@@H]12,53050.0,Ki (nM)
50099185,Cc1csc[n+]1C,55000.0,Ki (nM)
50089094,O\N=C\C(=O)c1cnc(OCC2CCN(Cc3ccccc3)CC2)nc1,55180.0,Ki (nM)
50706125,CC(C)CC(=O)Oc1ccc(COC(=O)Nc2ccncc2N)cc1,55400.0,Ki (nM)
50991354,BrC1=C[C@@]2(CCC1=O)C=CNC1=C2C2=NCCc3c[nH]c(c23)C1=O,56200.0,Ki (nM)
51286980,Clc1cccc(\C=C\C(=O)OCCc2ccccc2)c1,56580.0,Ki (nM)
50553286,Fc1ccccc1NC(=N)NC(=N)N1CCN(CC1)C(=N)NC(=N)Nc1ccccc1F,58580.0,Ki (nM)
50534544,COc1ccc(NC(=[Se])NCCCCCN2C[C@H](O)[C@@H](O)[C@H](O)[C@H]2CO)cc1,58800.0,Ki (nM)
50973507,O=C1SCc2ccccc12,59800.0,Ki (nM)
50553313,FC(F)(F)Oc1ccc(NC(=N)NC(=N)N2CCN(CC2)C(=N)NC(=N)Nc2ccc(OC(F)(F)F)cc2)cc1,62240.0,Ki (nM)
51466780,NC(=O)c1cc[n+](CCCC[n+]2cc(F)c(C=NO)c(F)c2)cc1,63000.0,Ki (nM)
50853449,C[N+](C)(C)CCOC(=O)Nc1cc(Cl)nc(Cl)c1,64400.0,Ki (nM)
51573570,CN(C)CCCN1C(SCC1=O)c1ccc(Cl)cc1Cl,65000.0,Ki (nM)
50287105,Oc1ccc2c(CC(=O)N\N=C3/SCC(=O)N3c3c4CCCCc4nc4ccccc34)cc(=O)oc2c1,65300.0,Ki (nM)
50903931,Oc1cc(O)c2c(c1)oc(cc2=O)-c1ccc(O)c(O)c1,65800.0,Ki (nM)
51441232,COc1cc2CCN(C)[C@H]3Cc4cccc(OC)c4-c(c1O)c23,68000.0,Ki (nM)
50099198,Cc1csc[n+]1C,68000.0,Ki (nM)
51466782,NC(=O)c1cc[n+](CC=CC[n+]2cc(F)c(C=NO)c(F)c2)cc1,68000.0,Ki (nM)
50927104,COc1cc(ccc1O)[C@H]1Oc2cc(O)c(C\C=C(/C)CCC=C(C)C)c(O)c2C(=O)[C@@H]1O,68200.0,Ki (nM)
50553308,N=C(NC(=N)N1CCN(CC1)C(=N)NC(=N)Nc1ccccc1)Nc1ccccc1,69160.0,Ki (nM)
50099326,OC(=O)C[n+]1cc2ccccc2c2ccccc12,72400.0,Ki (nM)
51135956,NC(=O)c1cc[n+](CCC[n+]2ccc(CN=O)cc2)cc1,73000.0,Ki (nM)
51466783,NC(=O)c1cc[n+](CCC[n+]2ccc(CN=O)cc2)cc1,73000.0,Ki (nM)
50553334,Clc1ccc(NC(=N)NC(=N)N2CCN(CC2)C(=N)NC(=N)Nc2ccc(Cl)cc2Cl)c(Cl)c1,75300.0,Ki (nM)
50554042,COC(=O)C1=C(C)OP(=O)(CCC1)OC,76000.0,Ki (nM)
50099186,Cc1c(CCO)sc[n+]1C,76000.0,Ki (nM)
50713142,CC(=O)[C@@H]1CC[C@@]2(CC[C@]3(C)[C@H](CC[C@@H]4[C@@]5(C)CC[C@H](N)C(C)(C)[C@@H]5CC[C@@]34C)[C@@H]12)C(=O)OCc1ccccc1,76600.0,Ki (nM)
293121,CCN1CCN(CCCOc2ccc(NC(C)=O)cc2)CC1,117000.0,Ki (nM)
50798738,COc1cc(CN(C)C)ccc1O,80000.0,Ki (nM)
50713144,COC(=O)[C@]12CC[C@@H]([C@H](C)N)[C@@H]1[C@H]1CC[C@@H]3[C@@]4(C)CC[C@H](OC(C)=O)C(C)(C)[C@@H]4CC[C@@]3(C)[C@]1(C)CC2,,Ki (nM)
51117653,CCCCCCCCCCCCC\C=C\C(=O)N1CCCCCC1,81850.0,Ki (nM)
50099533,OCC[n+]1cccc2c1ccc1ccccc21,83000.0,Ki (nM)
50534541,COc1ccc(NC(=[Se])NCCCCCN2C[C@H](O)[C@@H](O)[C@H](O)[C@H]2CO)cc1,83100.0,Ki (nM)
51046008,CCOc1ccc(\C=N\NC(=O)CN2CCC(Cc3ccccc3)CC2)cc1,83800.0,Ki (nM)
50903925,Oc1cc(O)c2c(c1)oc(-c1ccccc1)c(O)c2=O,85600.0,Ki (nM)
50076488,O=C(NN=Cc1ccccc1)Nc1ccncc1,88600.0,Ki (nM)
50553261,COc1ccc(NC(=N)NC(=N)N2CCN(CC2)C(=N)NC(=N)Nc2ccc(OC)cc2)cc1,88860.0,Ki (nM)
50553674,NC(=O)N1c2ccccc2Sc2ccccc12,89300.0,Ki (nM)
50713141,CC(=O)[C@@H]1CC[C@@]2(CC[C@]3(C)[C@H](CC[C@@H]4[C@@]5(C)CC[C@@H](N)C(C)(C)[C@@H]5CC[C@@]34C)[C@@H]12)C(=O)OCc1ccccc1,,Ki (nM)
51466785,NC(=O)c1cc[n+](C\C=C\C[n+]2ccc(CN=O)cc2)cc1,90000.0,Ki (nM)
51135957,NC(=O)c1cc[n+](C\C=C\C[n+]2ccc(CN=O)cc2)cc1,90000.0,Ki (nM)
51090384,COc1c(Br)cc(cc1Br)C(=O)OCC[N+](C)(C)C,90000.0,Ki (nM)
50246513,C[C@@H]([C@H]1CC[C@H]2[C@@H]3CC[C@H]4C[C@H](CC[C@]4(C)[C@H]3CC[C@]12C)NC(C)=O)N(C)C,90300.0,Ki (nM)
50287104,Oc1ccc2c(CC(=O)NNC(=S)Nc3c4CCCCc4nc4ccccc34)cc(=O)oc2c1,92800.0,Ki (nM)
50903927,Oc1ccc(cc1)-c1oc2cc(O)cc(O)c2c(=O)c1O,92800.0,Ki (nM)
50927106,COc1ccc(cc1O)[C@@H]1CC(=O)c2c(O)c(C\C=C(/C)CCC=C(C)C)c(O)cc2O1,94500.0,Ki (nM)
50798745,COc1cc(CN2CCCC2)ccc1O,95000.0,Ki (nM)
50099546,CC(C)[n+]1cc2ccccc2c2ccccc12,97000.0,Ki (nM)
50991355,OC1C(Br)=CC2(C=CNC3=C2C2=NCCc4c[nH]c(c24)C3=O)C=C1Br,98000.0,Ki (nM)
50653952,CCCCCCCC(=O)C(=O)CCCCCCC,,Ki (nM)
50653953,CCCCCCCCC(=O)C(=O)CCCCCCCC,,Ki (nM)
50653954,O=C(C1CCCCC1)C(=O)C1CCCCC1,,Ki (nM)
50653955,CC(=O)C(=O)c1ccccc1,,Ki (nM)
50380552,Fc1ccc(F)c(c1)C(=O)C(=O)c1cc(F)ccc1F,,Ki (nM)
50380553,OC(C(=O)c1c(F)cccc1F)c1c(F)cccc1F,,Ki (nM)
50380555,OC(C(=O)c1cccc(c1)C(F)(F)F)c1cccc(c1)C(F)(F)F,,Ki (nM)
50380570,Fc1cccc(c1)C(=O)C(=O)c1cccc(F)c1,,Ki (nM)
41504,c1ccc2c(c1)C(=O)C(=O)N2,,Ki (nM)
41505,CN1c2ccccc2C(=O)C1=O,,Ki (nM)
50380577,FC(F)(F)c1cccc(c1)C(=O)C(=O)c1cccc(c1)C(F)(F)F,,Ki (nM)
41506,OCN1C(=O)C(=O)c2ccccc12,,Ki (nM)
50380578,OC(C(=O)c1ccc(cc1)C(F)(F)F)c1ccc(cc1)C(F)(F)F,,Ki (nM)
41507,ClN1C(=O)C(=O)c2ccccc12,,Ki (nM)
41508,BrCCN1C(=O)C(=O)c2ccccc12,,Ki (nM)
50380580,OC(C(=O)c1ccccc1)c1ccccc1,,Ki (nM)
41509,ICCN1C(=O)C(=O)c2ccccc12,,Ki (nM)
41510,CC(=O)N1C(=O)C(=O)c2ccccc12,,Ki (nM)
41511,ClCC(=O)N1C(=O)C(=O)c2ccccc12,,Ki (nM)
41512,CCC(=O)N1C(=O)C(=O)c2ccccc12,,Ki (nM)
50380584,FC(F)(F)c1ccc(cc1)C(=O)C(=O)c1ccc(cc1)C(F)(F)F,,Ki (nM)
41513,CCCC(=O)N1C(=O)C(=O)c2ccccc12,,Ki (nM)
50380585,Fc1cccc(F)c1C(=O)C(=O)c1c(F)cccc1F,,Ki (nM)
41514,OC(=O)CN1C(=O)C(=O)c2ccccc12,,Ki (nM)
41515,NC(=O)CN1C(=O)C(=O)c2ccccc12,,Ki (nM)
50380587,Fc1ccc(cc1F)C(=O)C(=O)c1ccc(F)c(F)c1,,Ki (nM)
41516,O=C1N(c2ccccc2C1=O)c1ccccc1,,Ki (nM)
41517,c1ccc(cc1)CN2c3ccccc3C(=O)C2=O,,Ki (nM)
41518,Clc1ccc(CN2C(=O)C(=O)c3ccccc23)cc1,,Ki (nM)
41520,Cc1ccc(NCN2C(=O)C(=O)c3ccccc23)cc1,,Ki (nM)
41521,Cc1cc(C)c(NCN2C(=O)C(=O)c3ccccc23)cc1C,,Ki (nM)
41522,CCc1ccc(NCN2C(=O)C(=O)c3ccccc23)cc1,,Ki (nM)
41523,CC(C)(C)c1ccc(NCN2C(=O)C(=O)c3ccccc23)cc1,,Ki (nM)
50077148,O=C(CC[C@H](NC(=O)CNC(=O)OCc1ccccc1)C(=O)N[C@@H](Cc1ccccc1)C(=O)OCc1ccccc1)NCC(=O)Nc1cccc2c(NCCCCCCCCNc3c4CCCCc4nc4ccccc34)c3CCCCc3nc12,1.9,Ki (nM)
15303,C(CCCCNc1c2CCCCc2nc2ccccc12)CCCNc1c2CCCCc2nc2ccccc12,1.9,Ki (nM)
50099518,C(CCC[n+]1c2ccccc2cc2ccccc12)CC[n+]1c2ccccc2cc2ccccc12,2.1,Ki (nM)
50452563,C(CCCNCc1cc2ccccc2o1)CCCNc1c2CCCCc2nc2ccccc12,2.1,Ki (nM)
50099540,C(CCC[n+]1c2ccccc2cc2ccccc12)CC[n+]1c2ccccc2cc2ccccc12,2.1,Ki (nM)
50452562,C(CCCNCc1cc2ccccc2o1)CCCNc1c2CCCCc2nc2ccccc12,2.2,Ki (nM)
50002016,Cc1cccc(c1)C(=O)C(F)(F)F,2.4,Ki (nM)
50164265,CCN(CCCCCCNc1cc(O)c(cc1O)N=CCCCCCN(CC)Cc1ccccc1OC)Cc1ccccc1OC,2.6,Ki (nM)
51463178,CCN(CCCCCCNc1cc(O)c(cc1O)N=CCCCCCN(CC)Cc1ccccc1OC)Cc1ccccc1OC,2.6,Ki (nM)
50209106,CCN(CCCCCCNc1cc(O)c(cc1O)N=CCCCCCN(CC)Cc1ccccc1OC)Cc1ccccc1OC,2.6,Ki (nM)
50871619,C(CCNc1c2CCCCc2nc2ccccc12)CNCCCSc1c2CCCCc2nc2ccccc12,2.67,Ki (nM)
50085911,[H][C@]12Cc3nc4cc(Cl)ccc4c(NCCCCCCCCCNC(=O)c4cc(O)c5C(=O)c6c(O)cccc6C(=O)c5c4)c3[C@]([H])(CC(C)=C1)C2,2.7,Ki (nM)
293110,Oc1ccc(cc1)C(=O)c1cc(O)c(Br)cc1O,2.78,Ki (nM)
15305,CCN(CCCNc1c2CCCCc2nc2ccccc12)CCCNc1c2CCCCc2nc2ccccc12,2.8,Ki (nM)
15299,COc1cc2c(cc1OC)C(=O)[C@@H](C2)CC3CCN(CC3)Cc4ccccc4,2.9,Ki (nM)
50811176,COc1cc2CC(CC3CCN(Cc4ccccc4)CC3)C(=O)c2cc1OC,2.9,Ki (nM)
51116821,C(CCNc1c2CCCCc2nc2ccccc12)CCSSCCCCCNc1c2CCCCc2nc2ccccc12,3.1,Ki (nM)
24321,COc1cc(cc(OC)c1OC)C(=O)NCCCCCCCC(=O)NNc1c2CCCCc2nc2ccccc12,3.23,Ki (nM)
293111,Oc1cc(C(=O)c2ccccc2)c(O)cc1Br,3.24,Ki (nM)
51033309,COc1cc2C[C@@H](CC3CCN(Cc4ccccc4)CC3)C(=O)c2cc1OC,3.3,Ki (nM)
51057699,COc1ccc(Cn2cc(C(=O)NCCCNc3c4CCCCc4nc4cc(Cl)ccc34)c(=O)c3ccccc23)cc1,3.3,Ki (nM)
51530458,COc1ccc(OC)c(c1)C1CC(=NN1c1ccc(cc1)S(N)(=O)=O)c1cc(F)ccc1F,3.3,Ki (nM)
51530459,COc1ccc(cc1OC)C1CC(=NN1c1ccc(cc1)S(N)(=O)=O)c1cc(F)ccc1F,3.3,Ki (nM)
51530456,COc1cccc(C2CC(=NN2c2ccc(cc2)S(N)(=O)=O)c2cc(F)ccc2F)c1OC,3.3,Ki (nM)
51530457,COc1ccc(C2CC(=NN2c2ccc(cc2)S(N)(=O)=O)c2cc(F)ccc2F)c(OC)c1,3.3,Ki (nM)
51530462,COc1ccc(OC)c(c1)C1CC(=NN1c1ccc(cc1)S(N)(=O)=O)c1cc(F)cc(F)c1,3.3,Ki (nM)
51530463,COc1ccc(cc1OC)C1CC(=NN1c1ccc(cc1)S(N)(=O)=O)c1cc(F)cc(F)c1,3.3,Ki (nM)
51530460,COc1cccc(C2CC(=NN2c2ccc(cc2)S(N)(=O)=O)c2cc(F)cc(F)c2)c1OC,3.3,Ki (nM)
51530461,COc1ccc(C2CC(=NN2c2ccc(cc2)S(N)(=O)=O)c2cc(F)cc(F)c2)c(OC)c1,3.3,Ki (nM)
50085912,[H][C@]12Cc3nc4cc(Cl)ccc4c(NCCCCCCCCCNC(=O)c4cc(O)c5C(=O)c6c(O)cccc6C(=O)c5c4)c3[C@]([H])(CC(C)=C1)C2,3.4,Ki (nM)
51116812,C(CCNc1c2CCCCc2nc2ccccc12)CC[Se]CCCCCNc1c2CCCCc2nc2ccccc12,3.5,Ki (nM)
51116817,C(CCNc1c2CCCCc2nc2ccccc12)CC[Se]CCCCCNc1c2CCCCc2nc2ccccc12,3.5,Ki (nM)
50645471,O=C(N1c2ccccc2Sc2ccccc12)c1c2ccccc2cc2ccccc12,3.5,Ki (nM)
50645481,O=C(N1c2ccccc2Sc2ccccc12)c1c2ccccc2cc2ccccc12,3.5,Ki (nM)
293101,COc1ccc(C(=O)c2ccc(OC)c(OC)c2)c(Br)c1,3.53,Ki (nM)
293107,COc1ccc(cc1)C(=O)c1cc(Br)c(OC)cc1OC,3.65,Ki (nM)
50811181,CN(CCCNc1c2CCCCc2nc2ccccc12)CCCNc1c2CCCCc2nc2cc(Cl)cc(Cl)c12,3.7,Ki (nM)
51257779,CCOc1ccc(Cc2nc3cc(ccc3n2CCC(C)C)C(=O)NCCCNc2c3CCCCc3nc3ccccc23)cc1,3.7,Ki (nM)
50949138,CCN(CCC(=O)N1CCN(CCNc2c3CCCCc3nc3ccccc23)CC1)C1CCCCC1,3.73,Ki (nM)
293109,Oc1ccc(C(=O)c2cccc(O)c2O)c(Br)c1,3.75,Ki (nM)
293104,COc1ccc(cc1)C(=O)c1cc(OC)c(Br)cc1OC,3.77,Ki (nM)
50871622,CN(CCCCSc1c2CCCCc2nc2ccccc12)CCCNc1c2CCCCc2nc2ccccc12,3.99,Ki (nM)
293108,Oc1ccc(C(=O)c2ccc(O)c(O)c2)c(Br)c1,4.06,Ki (nM)
50287096,Oc1ccc2c(CC(=O)NCCCCNc3c4CCCCc4nc4ccccc34)cc(=O)oc2c1,4.1,Ki (nM)
50327693,COc1cc2CC(CC3CCN(Cc4ccccc4)CC3)C(=O)c2cc1OC,4.2,Ki (nM)
293102,COc1ccc(C(=O)c2cccc(OC)c2OC)c(Br)c1,4.34,Ki (nM)
293103,COc1ccc(OC)c(Br)c1,4.25,Ki (nM)
17374,O=c1ccc2[C@H](CCCc2[nH]1)NCCCCCCCCCCCCN[C@H]1CCCc2[nH]c(=O)ccc12 |r|,4.5,Ki (nM)
50211424,O=c1ccc2[C@H](CCCc2[nH]1)NCCCCCCCCCCCCN[C@H]1CCCc2[nH]c(=O)ccc12,4.5,Ki (nM)
50871671,O=c1ccc2[C@H](CCCc2[nH]1)NCCCCCCCCCCCCN[C@H]1CCCc2[nH]c(=O)ccc12,4.5,Ki (nM)
41524,COc1cc(NCN2C(=O)C(=O)c3ccccc23)cc(OC)c1OC,,Ki (nM)
41525,O=C1N(CNc2ccc3ccccc3c2)c2ccccc2C1=O,,Ki (nM)
41526,Clc1ccc(NCN2C(=O)C(=O)c3ccccc23)cc1,,Ki (nM)
50380598,Fc1ccc(C(=O)C(=O)c2ccc(F)c(F)c2F)c(F)c1F,,Ki (nM)
41527,Brc1ccccc1NCN1C(=O)C(=O)c2ccccc12,,Ki (nM)
41528,Brc1ccc(NCN2C(=O)C(=O)c3ccccc23)cc1,,Ki (nM)
41529,Oc1ccc(NC(=O)CN2C(=O)C(=O)c3ccccc23)cc1,,Ki (nM)
41530,Cc1cccc(NC(=O)CN2C(=O)C(=O)c3ccccc23)c1,,Ki (nM)
41531,CCc1cccc2NC(=O)C(=O)c12,,Ki (nM)
41532,Clc1cccc2NC(=O)C(=O)c12,,Ki (nM)
41533,Cc1ccc2NC(=O)C(=O)c2c1,,Ki (nM)
50380605,Fc1ccc(cc1)C(=O)C(=O)c1ccc(F)cc1,,Ki (nM)
41534,COc1ccc2NC(=O)C(=O)c2c1,,Ki (nM)
41535,c1cc2c(cc1F)C(=O)C(=O)N2,,Ki (nM)
41536,c1cc2c(cc1Cl)C(=O)C(=O)N2,,Ki (nM)
41537,Brc1ccc2NC(=O)C(=O)c2c1,,Ki (nM)
41538,Ic1ccc2NC(=O)C(=O)c2c1,,Ki (nM)
41539,FC(F)(F)Oc1ccc2NC(=O)C(=O)c2c1,,Ki (nM)
41540,[O-][N+](=O)c1ccc2NC(=O)C(=O)c2c1,,Ki (nM)
41541,CC(=C)CN1C(=O)C(=O)c2cc(Br)ccc12,,Ki (nM)
41542,CCc1ccc2C(=O)C(=O)Nc2c1,,Ki (nM)
41543,Clc1ccc2C(=O)C(=O)Nc2c1,,Ki (nM)
41544,Cc1cccc2c1NC(=O)C2=O,,Ki (nM)
41545,Fc1cccc2C(=O)C(=O)Nc12,,Ki (nM)
41546,Clc1cccc2C(=O)C(=O)Nc12,,Ki (nM)
41547,COc1cccc2C(=O)C(=O)Nc12,,Ki (nM)
41548,c1cc2c(c(c1)C(F)(F)F)NC(=O)C2=O,,Ki (nM)
41549,OC(=O)c1cccc2C(=O)C(=O)Nc12,,Ki (nM)
41550,Cc1ccc(C)c2C(=O)C(=O)Nc12,,Ki (nM)
41551,Cc1cc2C(=O)C(=O)Nc2c(C)c1,,Ki (nM)
41552,Clc1ccc2NC(=O)C(=O)c2c1Cl,,Ki (nM)
41553,Clc1cc2NC(=O)C(=O)c2c(Cl)c1,,Ki (nM)
41554,Clc1ccc(Cl)c2C(=O)C(=O)Nc12,,Ki (nM)
41555,Clc1cc2NC(=O)C(=O)c2cc1Cl,,Ki (nM)
41556,Clc1cc2C(=O)C(=O)Nc2c(Cl)c1,,Ki (nM)
41557,Clc1ccc2C(=O)C(=O)Nc2c1Cl,,Ki (nM)
41558,Cc1ccc(Cl)c2C(=O)C(=O)Nc12,,Ki (nM)
41559,Cc1cc(Cl)cc2C(=O)C(=O)Nc12,,Ki (nM)
41560,Cc1c2NC(=O)C(=O)c2ccc1Cl,,Ki (nM)
41561,Cc1cc2C(=O)C(=O)Nc2cc1Br,,Ki (nM)
41562,O=C1N(CN2CCSCC2)c2ccccc2C1=O,,Ki (nM)
41563,O=C1N(CN2CCCCC2)c2ccccc2C1=O,,Ki (nM)
41639,O=C1N(CN2CCOCC2)c2ccccc2C1=O,,Ki (nM)
41640,CCCCCCCCCCCCN1C(=O)C(=O)c2ccccc12,,Ki (nM)
41641,CCCCCCCCCCCCCCCCN1C(=O)C(=O)c2ccccc12,,Ki (nM)
41642,O=C1N(CCN2C(=O)C(=O)c3ccccc23)c2ccccc2C1=O,,Ki (nM)
50104899,CC1(C)[C@@H](O)CC[C@@]2(C)[C@H]1CC[C@]1(C)[C@@H]2C(=O)C=C2[C@@H]3C[C@](C)(CC[C@]3(C)CC[C@@]12C)C(O)=O,,Ki (nM)
50104884,[H][C@@]12C[C@](C)(CC[C@]1(C)CC[C@]1(C)C2=CC(=O)[C@]2([H])[C@@]3(C)CC[C@H](OC(=O)CN)C(C)(C)[C@]3([H])CC[C@@]12C)C(O)=O,,Ki (nM)
50553294,Ic1ccccc1NC(=N)NC(=N)N1CCN(CC1)C(=N)NC(=N)Nc1ccccc1I,,Ki (nM)
51051482,Cc1coc-2c1C(=O)C(=O)c1c3CCCC(C)(C)c3ccc-21,,Ki (nM)
51051483,Cc1c2c(oc1S([O-])(=O)=O)-c1ccc3c(CCCC3(C)C)c1C(=O)C2=O,,Ki (nM)
51051480,C[C@H]1COC2=C1C(=O)C(=O)c1c2ccc2c(C)cccc12,,Ki (nM)
51051481,Cc1coc-2c1C(=O)C(=O)c1c-2ccc2c(C)cccc12,,Ki (nM)
41685,O=C(C(=O)c1ccccc1)c1ccccc1,,Ki (nM)
51051487,Cc1coc-2c1C(=O)C(=O)c1c-2ccc2c(C)cccc12,,Ki (nM)
41686,COc1ccc(cc1)C(=O)C(=O)c1ccc(OC)cc1,,Ki (nM)
41687,COc1ccccc1C(=O)C(=O)c1ccccc1OC,,Ki (nM)
51051485,CC(C)C1=Cc2ccc3c(CCCC3(C)C)c2C(=O)C1=O,,Ki (nM)
41688,CCOc1ccc(cc1)C(=O)C(=O)c1ccc(OCC)cc1,,Ki (nM)
41689,[O-][N+](=O)c1ccc(cc1)C(=O)C(=O)c1ccc(cc1)[N+]([O-])=O,,Ki (nM)
41690,Cc1cc(C)c(C(=O)C(=O)c2c(C)cc(C)cc2C)c(C)c1,,Ki (nM)
41691,O=C(C1CCCCC1)C(=O)C1CCCCC1,,Ki (nM)
51051478,CCN1\C(Sc2ccccc12)=C1\SC(=S)N(CC=C)C1=O,,Ki (nM)
41693,O=C1Cc2ccccc2C1=O,,Ki (nM)
51051479,CC(C)C1=Cc2ccc3c(CCCC3(C)C)c2C(=O)C1=O,,Ki (nM)
41694,O=c1c2cccc3cccc(c23)c1=O,,Ki (nM)
51051477,Cc1c2c(oc1S([O-])(=O)=O)-c1ccc3c(CCCC3(C)C)c1C(=O)C2=O,,Ki (nM)
41696,O=C1N2CCCc3cccc(C1=O)c23,,Ki (nM)
41697,O=C1N2CCCc3cccc(C(=O)C1=O)c23,,Ki (nM)
41698,O=C1C(=O)c2ccccc2-c2ccccc12,,Ki (nM)
41700,O=c1c2cccc3cc4ccccc4c(c23)c1=O,,Ki (nM)
41701,O=C1C(=O)c2cccnc2-c2ncccc12,,Ki (nM)
41702,O=C(C(=O)c1ccc(cc1)C(=O)C(=O)c1ccccc1)c1ccccc1,,Ki (nM)
51051488,Cc1coc-2c1C(=O)C(=O)c1c3CCCC(C)(C)c3ccc-21,,Ki (nM)
41204,O=C(C(=O)c1ccccc1)c1ccccc1,,Ki (nM)
50553335,Cc1ccc(NC(=N)NC(=N)N2CCN(CC2)C(=N)NC(=N)Nc2ccc(C)cc2)cc1,,Ki (nM)
50104840,CC1(C)[C@@H](O)CC[C@@]2(C)[C@H]1CC[C@]1(C)[C@@H]2C(=O)C=C2[C@@H]3C[C@](C)(CC[C@]3(C)CC[C@@]12C)C(=O)NCCCN,,Ki (nM)
41205,CC(=O)C(=O)c1ccccc1,,Ki (nM)
41206,CC(=O)C(=O)C,,Ki (nM)
41207,c1ccc(cc1)C(=O)c2ccccc2,,Ki (nM)
50104843,CC1(C)[C@@H](O)CC[C@@]2(C)[C@H]1CC[C@]1(C)[C@@H]2C(=O)C=C2[C@@H]3C[C@](C)(CC[C@]3(C)CC[C@@]12C)C(=O)NCCCCCN,,Ki (nM)
41208,O=C(CC(=O)c1ccccc1)c1ccccc1,,Ki (nM)
41209,OC(C(=O)c1ccccc1)c1ccccc1,,Ki (nM)
41210,OC(C(O)c1ccccc1)c1ccccc1,,Ki (nM)
41211,Fc1ccc(cc1)C(=O)C(=O)c1ccc(F)cc1,,Ki (nM)
50104839,CC1(C)[C@@H](O)CC[C@@]2(C)[C@H]1CC[C@]1(C)[C@@H]2C(=O)C=C2[C@@H]3C[C@](C)(CC[C@]3(C)CC[C@@]12C)C(=O)NCCN,,Ki (nM)
41212,Clc1ccc(cc1)C(=O)C(=O)c1ccc(Cl)cc1,,Ki (nM)
41213,Clc1ccccc1C(=O)C(=O)c1ccccc1Cl,,Ki (nM)
41214,Brc1ccc(cc1)C(=O)C(=O)c1ccc(Br)cc1,,Ki (nM)
41215,Fc1cc(F)cc(c1)C(=O)C(=O)c1cc(F)cc(F)c1,,Ki (nM)
41216,Fc1cc(cc(F)c1F)C(=O)C(=O)c1cc(F)c(F)c(F)c1,,Ki (nM)
41217,OC(=O)c1ccc(cc1)C(=O)C(=O)c1ccccc1,,Ki (nM)
41218,Clc1ccc(cc1)C(=O)C(=O)c1ccccc1,,Ki (nM)
41219,Cc1ccc(cc1)C(=O)C(=O)c1ccc(Cl)cc1,,Ki (nM)
41220,Cc1ccc(cc1)C(=O)C(=O)c1ccccc1,,Ki (nM)
41221,Cc1ccc(cc1)C(=O)C(=O)c1ccc(C)cc1,,Ki (nM)
41222,Cc1ccc(cc1C)C(=O)C(=O)c1ccccc1,,Ki (nM)
41223,COc1ccc(cc1)C(=O)C(=O)c1ccccc1,,Ki (nM)
41224,COc1ccc(cc1)C(=O)C(=O)c1ccc(OC)cc1,,Ki (nM)
41225,COc1cccc(c1)C(=O)C(=O)c1cccc(OC)c1,,Ki (nM)
41226,COc1ccc(cc1OC)C(=O)C(=O)c1ccccc1Cl,,Ki (nM)
41227,BrCc1ccc(cc1)C(=O)C(=O)c1ccccc1,,Ki (nM)
41228,[O-][N+](=O)c1cc(ccc1Br)C(=O)C(=O)c1ccc(Br)c(c1)[N+]([O-])=O,,Ki (nM)
41229,Cc1ccc(cc1[N+]([O-])=O)C(=O)C(=O)c1ccccc1,,Ki (nM)
41230,[O-][N+](=O)c1ccc(cc1)C(=O)C(=O)c1ccccc1,,Ki (nM)
41231,[O-][N+](=O)c1ccc(C(=O)C(=O)c2ccccc2)c(c1)[N+]([O-])=O,,Ki (nM)
41232,[O-][N+](=O)c1cccc(c1)C(=O)C(=O)c1cccc(c1)[N+]([O-])=O,,Ki (nM)
41233,Oc1ccc(cc1)C(=O)C(=O)c1ccc(O)cc1,,Ki (nM)
41234,Oc1ccc(Br)cc1C(=O)C(=O)c1cc(Br)ccc1O,,Ki (nM)
41235,Oc1ccc(C(=O)C(=O)c2ccc(O)cc2O)c(O)c1,,Ki (nM)
41236,Oc1ccc(cc1[N+]([O-])=O)C(=O)C(=O)c1ccc(O)c(c1)[N+]([O-])=O,,Ki (nM)
41237,COc1ccc(cc1[N+]([O-])=O)C(=O)C(=O)c1ccc(OC)c(c1)[N+]([O-])=O,,Ki (nM)
41238,CN(C)c1ccc(cc1)C(=O)C(=O)c1ccc(cc1)N(C)C,,Ki (nM)
41239,Fc1c(F)c(F)c(C(=O)C(=O)c2c(Cl)c(Cl)c(Cl)c(Cl)c2Cl)c(F)c1F,,Ki (nM)
41240,O=C(C(=O)c1ccc(cc1)C(=O)C(=O)c1ccccc1)c1ccccc1,,Ki (nM)
41241,COc1ccc(cc1)C(O)C(=O)c1ccc(OC)cc1,,Ki (nM)
41242,CN(C)c1ccc(cc1)C(=O)C(O)c1ccccc1,,Ki (nM)
41243,c1ccc(cc1)C(=O)c2ccc(cc2)C(=O)O,,Ki (nM)
41244,CC(=O)CCC(=O)c1ccccc1,,Ki (nM)
41245,COC(OC)(C(=O)c1ccccc1)c1ccccc1,,Ki (nM)
41246,CCC(=O)C(C)=O,,Ki (nM)
41247,CC(=O)CC(=O)C,,Ki (nM)
41248,CC1CCC(=O)C1=O,,Ki (nM)
41249,CC1C(=O)CCC1=O,,Ki (nM)
41250,CCCCC(=O)C(C)=O,,Ki (nM)
41251,O=C1CCCC(=O)C1,,Ki (nM)
50317276,OC(C(=O)c1ccco1)c1ccco1,,Ki (nM)
41252,CC1CCCC(=O)C1=O,,Ki (nM)
41253,CC1C(=O)CCCC1=O,,Ki (nM)
41254,CC1CC(C)(C)CC(=O)C1=O,,Ki (nM)
41256,"CC(C)(C)C1=CC(=O)C(=O)C(=C1)C(C)(C)C |c:10,t:4|",,Ki (nM)
50317271,O=C(C(=O)c1cccs1)c1cccs1,,Ki (nM)
50317270,Brc1ccc(s1)C(=O)C(=O)c1ccc(Br)s1,,Ki (nM)
41259,CC1NC(=O)C(=O)OC1C,,Ki (nM)
41260,Clc1cc2[nH]c(=O)c(=O)[nH]c2cc1Cl,,Ki (nM)
41261,O=S(=O)(Cc1ccccc1)Cc1ccccc1,,Ki (nM)
41262,O=S(=O)(Cc1ccccc1)c1ccccc1,,Ki (nM)
41263,O=S(Cc1ccccc1)Cc1ccccc1,,Ki (nM)
50317264,O=C(C(=O)c1ccccn1)c1ccccn1,,Ki (nM)
50317263,OC(C(=O)c1cccs1)c1cccs1,,Ki (nM)
50317262,Brc1csc(c1)C(=O)C(=O)c1cc(Br)cs1,,Ki (nM)
50317259,OC(C(=O)c1ccccc1)c1ccccc1,,Ki (nM)
51510821,CCCCCCCCCCCCNC(=O)[C@@H](OCc1ccccc1)[C@H]1OC(OC(C)=O)[C@H](OC(C)=O)[C@H]1OC(C)=O,,Ki (nM)
50317258,O=C(C(=O)c1ccco1)c1ccco1,,Ki (nM)
51510820,CCCCCCCCCCCCNC(=O)[C@@H](OCc1ccccc1)[C@H]1OC(OC(C)=O)[C@H](OC(C)=O)[C@H]1OCc1ccccc1,,Ki (nM)
50317256,O=C(C(=O)c1ccccc1)c1ccccc1,,Ki (nM)
51510822,CCCCCCCCCCCCNC(=O)[C@@H](OCc1ccccc1)[C@H]1OC(N=[N+]=[N-])[C@H](OC(C)=O)[C@H]1OC(C)=O,,Ki (nM)
50612796,Clc1ccc(C(=O)Nc2cccc(c2)C(=O)C(=O)c2ccccn2)c(Cl)c1,,Ki (nM)
50612797,O=C(Cc1cccs1)Nc1cccc(c1)C(=O)C(=O)c1ccccn1,,Ki (nM)
51510824,Cn1cnc2n(C)c(=O)n(C[C@H]3O[C@@H]4OC(C)(C)O[C@@H]4[C@H]3OCc3ccccc3)c(=O)c12,,Ki (nM)
50612798,FC(F)(F)c1ccc(cc1)C(=O)Nc1cccc(c1)C(=O)C(=O)c1ccccn1,,Ki (nM)
51510827,CCCCCCCCCCCCNC(=O)[C@@H](OCc1ccccc1)[C@H]1O[C@H](N=[N+]=[N-])[C@H](OC(C)=O)[C@H]1OCc1ccccc1,,Ki (nM)
50612799,Cc1ccc(cc1)C(=O)Nc1cccc(c1)C(=O)C(=O)c1ccccn1,,Ki (nM)
50612804,COc1ccc(CC(=O)Nc2cccc(c2)C(=O)C(=O)c2ccccn2)cc1,,Ki (nM)
50612805,Fc1ccc(cc1)C(=O)Nc1cccc(c1)C(=O)C(=O)c1ccccn1,,Ki (nM)
50481729,CC1(C)CC[C@@]2(CC[C@]3(C)C(=CC[C@@H]4[C@@]5(C)C[C@@H](O)[C@H](O)C(C)(C)[C@@H]5CC[C@@]34C)[C@@H]2C1)C(=O)OCCO,,Ki (nM)
50612800,Fc1ccc(cc1F)C(=O)Nc1cccc(c1)C(=O)C(=O)c1ccccn1,,Ki (nM)
50612801,O=C(COc1ccccc1)Nc1cccc(c1)C(=O)C(=O)c1ccccn1,,Ki (nM)
50580038,CCOP(F)(=O)CCC(=O)NCCNS(=O)(=O)c1ccc2ccc3cccc4ccc1c2c34,100000.0,Ki (nM)
50612802,COc1ccc(cc1)C(=O)Nc1cccc(c1)C(=O)C(=O)c1ccccn1,,Ki (nM)
50580037,CCOP(F)(=O)CCC(=O)NCCCNS(=O)(=O)c1ccc2ccc3cccc4ccc1c2c34,100000.0,Ki (nM)
50612803,Clc1cccc(c1)C(=O)Nc1cccc(c1)C(=O)C(=O)c1ccccn1,,Ki (nM)
50317233,O=C(C(=O)c1ccsc1)c1ccsc1,,Ki (nM)
50481799,CC1(C)CC[C@@]2(CC[C@]3(C)C(=CC[C@@H]4[C@@]5(C)C[C@@H](O)[C@H](O)C(C)(C)[C@@H]5CC[C@@]34C)[C@@H]2C1)C(O)=O,,Ki (nM)
50653838,O=C(C(=O)c1ccccc1)c1ccccc1,,Ki (nM)
50653843,O=C(Nc1ccccc1)C(=O)Nc1ccccc1,,Ki (nM)
50653853,O=C(Oc1ccccc1)C(=O)Oc1ccccc1,,Ki (nM)
50653848,O=C(Sc1ccccc1)C(=O)Sc1ccccc1,,Ki (nM)
50653863,BrC(C(=O)C(=O)C(Br)c1ccccc1)c1ccccc1,,Ki (nM)
50653858,O=C(Cc1ccccc1)C(=O)Cc1ccccc1,,Ki (nM)
50653868,BrC(C(=O)C(=O)Cc1ccccc1)c1ccccc1,,Ki (nM)
50653876,CCCC(=O)C(=O)c1ccccc1,,Ki (nM)
50653877,CCCCC(=O)C(=O)c1ccccc1,,Ki (nM)
50653878,CCCCCC(=O)C(=O)c1ccccc1,,Ki (nM)
50653879,CCCCCCC(=O)C(=O)c1ccccc1,,Ki (nM)
50653875,CCC(=O)C(=O)c1ccccc1,,Ki (nM)
50380482,Fc1cc(F)cc(c1)C(=O)C(=O)c1cc(F)cc(F)c1,,Ki (nM)
50380484,OC(C(=O)c1cc(F)ccc1F)c1cc(F)ccc1F,,Ki (nM)
50380495,FC(F)(F)c1cc(cc(c1)C(F)(F)F)C(=O)C(=O)c1cc(cc(c1)C(F)(F)F)C(F)(F)F,,Ki (nM)
50380497,OC(C(=O)c1ccc(F)c(F)c1F)c1ccc(F)c(F)c1F,,Ki (nM)
50380498,OC(C(=O)c1ccc(F)c(F)c1)c1ccc(F)c(F)c1,,Ki (nM)
50380500,FC(F)(F)c1ccc(C(=O)C(=O)c2ccc(cc2C(F)(F)F)C(F)(F)F)c(c1)C(F)(F)F,,Ki (nM)
50380501,Fc1cc(F)c(F)c(c1)C(=O)C(=O)c1cc(F)cc(F)c1F,,Ki (nM)
50380509,O=C(C(=O)c1ccccc1)c1ccccc1,,Ki (nM)
50380513,OC(C(=O)c1ccc(F)cc1F)c1ccc(F)cc1F,,Ki (nM)
50380519,OC(C(=O)c1cccc(F)c1F)c1cccc(F)c1F,,Ki (nM)
50380520,Fc1cc(cc(F)c1F)C(=O)C(=O)c1cc(F)c(F)c(F)c1,,Ki (nM)
50380522,Fc1ccc(C(=O)C(=O)c2ccc(F)cc2F)c(F)c1,,Ki (nM)
50380524,OC(C(=O)c1cc(F)cc(F)c1F)c1cc(F)cc(F)c1F,,Ki (nM)
50380525,FC(F)(F)c1ccc(c(c1)C(=O)C(=O)c1cc(ccc1C(F)(F)F)C(F)(F)F)C(F)(F)F,,Ki (nM)
50380533,Fc1cc(F)c(F)c(c1)C(=O)C(=O)c1c(F)ccc(F)c1F,,Ki (nM)
50380534,OC(C(=O)c1ccc(F)cc1)c1ccc(F)cc1,,Ki (nM)
50380535,OC(C(=O)c1ccccc1F)c1ccccc1F,,Ki (nM)
50653948,CCCC(=O)C(=O)CCC,,Ki (nM)
50653949,CCCCC(=O)C(=O)CCCC,,Ki (nM)
50380537,OC(C(=O)c1cc(F)c(F)c(F)c1)c1cc(F)c(F)c(F)c1,,Ki (nM)
50653950,CCCCCC(=O)C(=O)CCCCC,,Ki (nM)
50380538,Fc1cccc(C(=O)C(=O)c2cccc(F)c2F)c1F,,Ki (nM)
50653951,CCCCCCC(=O)C(=O)CCCCCC,,Ki (nM)
50380539,OC(C(=O)c1cccc(F)c1)c1cccc(F)c1,,Ki (nM)
50380541,Fc1ccccc1C(=O)C(=O)c1ccccc1F,,Ki (nM)
50653946,CC(=O)C(C)=O,,Ki (nM)
50653947,CCC(=O)C(=O)CC,,Ki (nM)
50380543,OC(C(=O)c1cc(F)cc(F)c1)c1cc(F)cc(F)c1,,Ki (nM)
50903930,Oc1ccc2c(c1)oc(-c1ccc(O)c(O)c1)c(O)c2=O,100200.0,Ki (nM)
50712942,C[C@@H](N)[C@@H]1CC[C@]2(CO)CC[C@]3(C)[C@H](CC[C@@H]4[C@@]5(C)CC[C@H](O)C(C)(C)[C@@H]5CC[C@@]34C)[C@@H]12,103680.0,Ki (nM)
50553331,Fc1cccc(NC(=N)NC(=N)N2CCN(CC2)C(=N)NC(=N)Nc2cccc(F)c2)c1,104270.0,Ki (nM)
50534542,Cc1ccc(NC(=[Se])NCCCCCN2C[C@H](O)[C@@H](O)[C@H](O)[C@H]2CO)cc1,105100.0,Ki (nM)
50798744,COc1cc(CN2CCCCC2)ccc1O,106000.0,Ki (nM)
50918262,CN1CC[C@@]23[C@H]4Oc5c2c(C[C@@H]1[C@@H]3C=C[C@@H]4O)ccc5O,109000.0,Ki (nM)
183474,Cn1c2ccccc2c2OC(C)(C)[C@@H](O)Cc2c1=O |r|,110000.0,Ki (nM)
51466784,NC(=O)c2cc[n+](CCCC[n+]1ccc(/C=N/O)cc1)cc2,110000.0,Ki (nM)
51135940,NC(=O)c1cc[n+](CCCC[n+]2ccc(C=NO)cc2)cc1,110000.0,Ki (nM)
50099204,Cc1cnc(C)nc1N,110000.0,Ki (nM)
50853450,C[N+](C)(C)CCOC(=O)Nc1ccncc1Br,115900.0,Ki (nM)
50502637,COc1ccc2C\C(=C/C3CCN(Cc4cccc(OC)c4)CC3)C(=O)c2c1,119490.0,Ki (nM)
50713139,CC(=O)[C@@H]1CC[C@]2(N)CC[C@]3(C)[C@H](CC[C@@H]4[C@@]5(C)CC[C@H](O)C(C)(C)[C@@H]5CC[C@@]34C)[C@@H]12,,Ki (nM)
50099492,C[N+](C)(CCCCCC[N+](C)(C)Cc1ccc(cc1)-c1ccccc1)Cc1ccc(cc1)-c1ccccc1,120000.0,Ki (nM)
50927089,CC(C)=CCC\C(C)=C\Cc1c(O)cc2O[C@@H](CC(=O)c2c1O)c1ccc(O)cc1,120500.0,Ki (nM)
50903926,Oc1ccc(cc1)-c1cc(=O)c2c(O)cc(O)cc2o1,121600.0,Ki (nM)
50246512,C[C@@H]([C@H]1CC[C@H]2[C@@H]3CC[C@H]4[C@@H](OC(C)=O)[C@@H](NC(=O)c5ccccc5)[C@@H](O)C[C@]4(C)[C@H]3CC[C@]12C)N(C)C,126000.0,Ki (nM)
50420439,C[n+]1ccccc1CN=O,126500.0,Ki (nM)
50246484,C\C=C(/C)C(=O)N[C@H]1[C@@H](O)C[C@]2(C)[C@H]3CC[C@]4(C)[C@H](CC=C4[C@@H]3CC[C@H]2[C@H]1OC(C)=O)[C@H](C)N(C)C,134000.0,Ki (nM)
50089110,O\N=C\C(=O)c1ccc(OCC2CCN(Cc3ccccc3)C2)nc1,137400.0,Ki (nM)
50554038,CO[P@@]1(=O)CC[C@H]2COC(=O)C2=C(C)O1,140000.0,Ki (nM)
50099335,C[n+]1cccc2ccc3ccccc3c12,140000.0,Ki (nM)
50853451,CN(C)CCOC(=O)Nc1cc(Cl)nc(Cl)c1,140200.0,Ki (nM)
50089055,O\N=C\C(=O)c1ccnc(OCC2CCN(Cc3ccccc3)CC2)c1,144000.0,Ki (nM)
50104392,[H][C@]12[C@@H](CC[C@]1(C)[C@H](C[C@]1(C)[C@]2([H])CC[C@]2([H])[C@@]3(C)CC[C@H](OS([O-])(=O)=O)C(C)(C)[C@]3([H])CC[C@@]12C)OS([O-])(=O)=O)C(C)C,144400.0,Ki (nM)
50927107,COc1cc(ccc1O)[C@@H]1CC(=O)c2c(O)c(C\C=C(/C)CCC=C(C)C)c(O)cc2O1,149500.0,Ki (nM)
50099199,Cc1c(CCO)sc[n+]1C,150000.0,Ki (nM)
50099535,OCC[n+]1cccc2ccc3ccccc3c12,150000.0,Ki (nM)
50853446,C[N+](C)(C)CCOC(=O)Nc1ccnc(Cl)c1,150900.0,Ki (nM)
50089085,O\N=C\C(=O)c1ccc(OCC2CCN(Cc3ccc(F)c(F)c3)CC2)nc1,158800.0,Ki (nM)
50853441,C[N+](C)(C)CCOC(=O)Nc1ccncc1,159000.0,Ki (nM)
50099334,OCC[n+]1cccc2c1ccc1ccccc21,160000.0,Ki (nM)
50099191,Cc1cnc(C)nc1N,160000.0,Ki (nM)
15298,CCN(CC)C(C)CN1c2ccccc2Sc2ccccc12,173200.0,Ki (nM)
50811172,CCN(CC)C(C)CN1c2ccccc2Sc2ccccc12,173200.0,Ki (nM)
51135948,C[n+]1ccccc1\C=N\O,180000.0,Ki (nM)
50089053,O\N=C\C(=O)c1cccnc1OCC1CCN(Cc2ccccc2)CC1,180100.0,Ki (nM)
50099192,CC1C(CCO)SCN1Cc1cnc(C)nc1N,190000.0,Ki (nM)
50089126,O\N=C\c1cnc(OCC2CCN(Cc3ccccc3)CC2)nc1,198500.0,Ki (nM)
50089070,O\N=C\C(=O)c1cccc(OCC2CCN(Cc3ccccc3)CC2)n1,199100.0,Ki (nM)
50853452,CN(C)CCOC(=O)Nc1ccnc(Cl)c1,207700.0,Ki (nM)
50246495,CN[C@H]1CC[C@@]2(C)[C@@H](CC[C@H]3[C@@H]4CC[C@H]([C@H](C)N(C)C(C)=O)[C@@]4(C)CC[C@H]23)C1,216000.0,Ki (nM)
50032009,NC(=O)c1cc[n+](COC[n+]2ccccc2CN=O)cc1,228800.0,Ki (nM)
51573569,CN(C)CCCN1C(SCC1=O)c1ccccc1Cl,231000.0,Ki (nM)
50089105,COc1ccc(CN2CCCCC2COc2ccc(cn2)C(=O)\C=N\O)cc1OC,232600.0,Ki (nM)
50089026,CC(=O)C(=N/O)\C(=O)NC1CCN(Cc2ccccc2)CC1,233800.0,Ki (nM)
50099166,Cc1ncc(CN2CSC3CCOC23C)c(N)n1,240000.0,Ki (nM)
50099218,Cc1cnc(C)nc1N,260000.0,Ki (nM)
50089124,O\N=C\c1ccc(OCC2CCN(Cc3ccccc3)CC2)nc1,266000.0,Ki (nM)
50089102,O\N=C\C(=O)c1ccc(NCC2CCN(Cc3ccccc3)CC2)nc1,285600.0,Ki (nM)
50099187,C[n+]1ccsc1,290000.0,Ki (nM)
50089092,O\N=C\C(=O)c1ccc(OCC2CCN(Cc3cccc(Cl)c3)CC2)nc1,298300.0,Ki (nM)
50903932,C[C@@H]1O[C@@H](OC[C@H]2O[C@@H](Oc3c(O)c4c(cc(O)cc4=O)oc3-c3ccc(O)c(O)c3)[C@H](O)[C@@H](O)[C@@H]2O)[C@H](O)[C@H](O)[C@H]1O,,Ki (nM)
50554045,COC(=O)C1=C(C)OP(O)(OC)C=C1,310000.0,Ki (nM)
50853455,CN(C)CCOC(=O)Nc1ccncc1,313700.0,Ki (nM)
50853447,CN(C)CCOC(=O)Nc1ccncc1Br,316400.0,Ki (nM)
50099481,CC(=O)OCC[n+]1ccccc1,320000.0,Ki (nM)
50099200,C[n+]1ccsc1,320000.0,Ki (nM)
50099538,CC(=O)OCC[n+]1ccccc1,320000.0,Ki (nM)
50099165,Cc1c(CCO)sc[n+]1Cc1cnc(C)nc1N,330000.0,Ki (nM)
50089104,COc1ccc(CN2CCCC(COc3ccc(cn3)C(=O)\C=N\O)C2)cc1OC,344800.0,Ki (nM)
50099336,OCC[n+]1cccc2ccc3ccccc3c12,360000.0,Ki (nM)
50099179,Cc1c(CCO)sc[n+]1Cc1cnc(C)nc1N,390000.0,Ki (nM)
50964630,CC(C)NC[C@H](O)c1cc(OC(=O)N(C)C)cc(OC(=O)N(C)C)c1,390000.0,Ki (nM)
50553654,CN(C)C(=O)N1c2ccccc2Sc2ccccc12,400000.0,Ki (nM)
50099193,Cc1c(CCO)sc[n+]1Cc1cnc(C)nc1N,430000.0,Ki (nM)
50099172,Cc1csc[n+]1C,450000.0,Ki (nM)
50099201,CCc1scnc1C,470000.0,Ki (nM)
50706128,COC(=O)Nc1ccncc1NC(=O)OC,,Ki (nM)
50015164,CC1=CC2Cc3[nH]c(=O)ccc3C(C1)C2=O,,Ki (nM)
50099220,CC1C(CCO)SCN1Cc1cnc(C)nc1N,500000.0,Ki (nM)
50706127,CC(C)C(=O)OCCOC(=O)Nc1ccncc1N,,Ki (nM)
50099180,Cc1ncc(CN2CSC3CCOC23C)c(N)n1,540000.0,Ki (nM)
50099221,Cc1cnc(C)nc1N,550000.0,Ki (nM)
50089109,O\N=C\C(=O)c1ccc(OCC2CCCCN2Cc2ccccc2)nc1,550600.0,Ki (nM)
50099188,CCc1scnc1C,560000.0,Ki (nM)
50099207,Cc1c(CCO)sc[n+]1Cc1cnc(C)nc1N,570000.0,Ki (nM)
50089035,COc1cc2CCN(CCCNC(=O)\C=N\O)C(c3ccccc3)c2cc1OC,595100.0,Ki (nM)
50099206,CC1C(CCO)SCN1Cc1cnc(C)nc1N,620000.0,Ki (nM)
50553681,CC(C)NC(=O)N1c2ccccc2Sc2ccccc12,691000.0,Ki (nM)
50964632,CC(C)NC[C@H](O)c1cc(OC(=O)N(C)C)cc(OC(=O)N(C)C)c1,710000.0,Ki (nM)
50099178,Cc1ncsc1CCO,710000.0,Ki (nM)
50089029,O\N=C(/C#N)C(=O)NC1CCN(Cc2ccccc2)CC1,732500.0,Ki (nM)
50099161,CC1C(CCO)SCN1Cc1cnc(C)nc1N,840000.0,Ki (nM)
50099210,Cc1c(CCOP(O)(=O)OP(O)(=O)OP(O)(O)=O)sc[n+]1Cc1cnc(C)nc1N,880000.0,Ki (nM)
50099214,C[n+]1ccsc1,940000.0,Ki (nM)
50099170,Cc1c(CCOP(O)(=O)OP(O)(=O)OP(O)(O)=O)sc[n+]1Cc1cnc(C)nc1N,1000000.0,Ki (nM)
50964629,CC(C)NC[C@H](O)c1ccc(OC(=O)N(C)C)c(OC(=O)N(C)C)c1,1200000.0,Ki (nM)
50099213,Cc1c(CCO)sc[n+]1C,1300000.0,Ki (nM)
50099217,Cc1ncsc1CCO,1400000.0,Ki (nM)
50964631,CC(C)NC[C@H](O)c1ccc(OC(=O)N(C)C)c(OC(=O)N(C)C)c1,1400000.0,Ki (nM)
50553678,CCNC(=O)N1c2ccccc2Sc2ccccc12,1450000.0,Ki (nM)
50798737,COc1cc(CN2CCOCC2)ccc1O,1570000.0,Ki (nM)
50089089,O\N=C\C(=O)c1ccc(OCC2CCN(Cc3ccc(cc3)C#N)CC2)nc1,1608000.0,Ki (nM)
50089033,COc1ccc(CN2CCC(CNC(=O)C(=N\O)\C(C)=O)CC2)cc1OC,1625000.0,Ki (nM)
50089036,COc1cc2CCN(CCCNC(=O)C(=N\O)\C(C)=O)C(c3ccccc3)c2cc1OC,1926000.0,Ki (nM)
50089077,COc1ccc(CN2CCC(COc3ccc(cn3)C(=O)\C=N\O)CC2)cc1OC,1930000.0,Ki (nM)
50099215,CCc1scnc1C,2000000.0,Ki (nM)
50089028,CC(=O)C(=N/O)\C(=O)NCC1CCN(Cc2ccccc2)CC1,2303000.0,Ki (nM)
50089020,O\N=C\C(=O)NC1CCN(Cc2ccccc2)CC1,2430000.0,Ki (nM)
50089111,COc1ccc(CN2CCC(COc3ccc(cn3)C(=O)\C=N\O)C2)cc1OC,2517000.0,Ki (nM)
50089044,COc1cc2CCN(CCCNC(=O)C(=N\O)\C(C)=O)Cc2cc1OC,2671000.0,Ki (nM)
50099194,Cc1c(CCOP(O)(O)=O)sc[n+]1Cc1cnc(C)nc1N,3000000.0,Ki (nM)
50089023,O\N=C\C(=O)NCC1CCN(Cc2ccccc2)CC1,3178000.0,Ki (nM)
50099216,Cc1cscn1,3300000.0,Ki (nM)
50099222,Nc1ccncn1,4200000.0,Ki (nM)
367493,C\C=C1/C2Cc3[nH]c(=O)ccc3C1(N)CC(C)=C2,4300000.0,Ki (nM)
50099205,Nc1ccncn1,5000000.0,Ki (nM)
50099196,Cc1c(CCOP(O)(=O)OP(O)(=O)OP(O)(O)=O)sc[n+]1Cc1cnc(C)nc1N,5200000.0,Ki (nM)
50099202,Cc1cscn1,5400000.0,Ki (nM)
50099167,Cc1c(CCOP(O)(O)=O)sc[n+]1Cc1cnc(C)nc1N,5900000.0,Ki (nM)
50871596,C[N+](C)(C)CCCCCCCCCC[N+](C)(C)C,6000000.0,Ki (nM)
50099189,Cc1cscn1,6100000.0,Ki (nM)
50099209,Cc1c(CCOP(O)(=O)OP(O)(O)=O)sc[n+]1Cc1cnc(C)nc1N,6700000.0,Ki (nM)
50099203,Cc1ncsc1CCO,8000000.0,Ki (nM)
50099190,Cc1ncsc1CCO,8600000.0,Ki (nM)
50099219,Nc1ccncn1,8900000.0,Ki (nM)
50099208,Cc1c(CCOP(O)(O)=O)sc[n+]1Cc1cnc(C)nc1N,9300000.0,Ki (nM)
50099158,Nc1ccncn1,9700000.0,Ki (nM)
50099183,Cc1c(CCOP(O)(=O)OP(O)(=O)OP(O)(O)=O)sc[n+]1Cc1cnc(C)nc1N,10000000.0,Ki (nM)
50099181,Cc1c(CCOP(O)(O)=O)sc[n+]1Cc1cnc(C)nc1N,11200000.0,Ki (nM)
50630037,CCN(CC)C(C)CN1c2ccccc2Sc2ccccc12,12100000.0,Ki (nM)
50621532,CCN(CC)C(C)CN1c2ccccc2Sc2ccccc12,12100000.0,Ki (nM)
50099182,Cc1c(CCOP(O)(=O)OP(O)(O)=O)sc[n+]1Cc1cnc(C)nc1N,14200000.0,Ki (nM)
50099195,Cc1c(CCOP(O)(=O)OP(O)(O)=O)sc[n+]1Cc1cnc(C)nc1N,14600000.0,Ki (nM)
50099396,C(CCC[n+]1ccccc1)CC[n+]1ccccc1,16000000.0,Ki (nM)
50099174,Cc1c(CCO)sc[n+]1C,18800000.0,Ki (nM)
50099176,CCc1scnc1C,51100000.0,Ki (nM)
50099169,Cc1c(CCOP(O)(=O)OP(O)(O)=O)sc[n+]1Cc1cnc(C)nc1N,58400000.0,Ki (nM)
50089032,O\N=C(/C#N)C(=O)NCC1CCN(Cc2ccccc2)CC1,94963000.0,Ki (nM)
50099177,Cc1cscn1,109000000.0,Ki (nM)
248239,"C\C=C1/C2Cc3[nH]c(=O)ccc3C1(N)CC(C)=C2 |c:18,TLB:10:11:2:17.15.14,THB:1:2:4.5.11:17.15.14|",4.6,Ki (nM)
293105,COc1cc(C(=O)c2ccccc2)c(OC)cc1Br,5.28,Ki (nM)
293112,Oc1ccc(cc1)C(=O)c1cc(Br)c(O)cc1O,5.72,Ki (nM)
50012027,Fc1cccc(F)c1-c1c2ccc(n2)c(-c2c(F)cccc2F)c2ccc([nH]2)c(-c2c(F)cccc2F)c2ccc([nH]2)c(-c2c(F)cccc2F)c2ccc1n2,5.0,Ki (nM)
50007839,Fc1ccc(c(F)c1)-c1c2ccc(n2)c(-c2ccc(F)cc2F)c2ccc([nH]2)c(-c2ccc(F)cc2F)c2ccc([nH]2)c(-c2ccc(F)cc2F)c2ccc1n2,5.0,Ki (nM)
50621522,C[N+](C)(CCNC(=O)C(=O)NCC[N+](C)(C)Cc1ccccc1Cl)Cc1ccccc1Cl,5.0,Ki (nM)
50077147,CN(CCCCNc1c2CCCCc2nc2ccccc12)CCCNc1c2CCCCc2nc2c(NC(=O)CNC(=O)CC[C@H](NC(=O)CNC(=O)OCc3ccccc3)C(=O)N[C@@H](Cc3ccccc3)C(=O)OCc3ccccc3)cccc12,5.0,Ki (nM)
50077035,C[N+](C)(CCNC(=O)C(=O)NCC[N+](C)(C)Cc1ccccc1Cl)Cc1ccccc1Cl,5.0,Ki (nM)
50630029,CC[N+](CC)(CCNC(=O)C(=O)NCC[N+](CC)(CC)Cc1ccccc1Cl)Cc1ccccc1Cl,5.0,Ki (nM)
50630398,Nc1c2CCCCc2nc2Oc3ccc4ccccc4c3C(c3ccc(O)cc3)c12,5.0,Ki (nM)
50871621,CC(=O)N(CCCCSc1c2CCCCc2nc2ccccc12)CCCNc1c2CCCCc2nc2ccccc12,5.15,Ki (nM)
293106,COc1ccc(cc1)C(=O)c1ccc(OC)cc1OC,5.88,Ki (nM)
50289508,CCN(CCCCCC(=O)N1CCC(CC1)C1CCN(CC1)C(=O)CCCCCN(CC)Cc1ccccc1OC)Cc1ccccc1OC,5.67,Ki (nM)
51116825,C(CCNc1c2CCCCc2nc2ccccc12)CCSSCCCCCNc1c2CCCCc2nc2ccccc12,5.7,Ki (nM)
50013173,C\C=C1/[C@@H]2Cc3[nH]c(=O)ccc3[C@]1(N)CC(C)=C2,5.9,Ki (nM)
50568685,C\C=C1/[C@@H]2Cc3[nH]c(=O)ccc3[C@]1(N)CC(C)=C2,5.9,Ki (nM)
50568684,C\C=C1/[C@@H]2Cc3[nH]c(=O)ccc3[C@]1(N)CC(C)=C2,5.9,Ki (nM)
50811186,Clc1cc(Cl)c2c(NCCCCCCCNc3c4CCCCc4nc4ccccc34)c3CCCCc3nc2c1,6.0,Ki (nM)
50630035,CC[N+](CC)(CCNC(=O)C(=O)NCC[N+](CC)(CC)Cc1ccccc1Cl)Cc1ccccc1Cl,6.0,Ki (nM)
50621528,C[N+](C)(CCNC(=O)C(=O)NCC[N+](C)(C)Cc1ccccc1Cl)Cc1ccccc1Cl,6.0,Ki (nM)
50077040,C[N+](C)(CCNC(=O)C(=O)NCC[N+](C)(C)Cc1ccccc1Cl)Cc1ccccc1Cl,6.0,Ki (nM)
17518,Clc1cc(Cl)c2c(NCCCCCCCNc3c4CCCCc4nc4ccccc34)c3CCCCc3nc2c1,6.0,Ki (nM)
50431870,N[C@@H](CCC(=O)NCCNc1c2CCCCc2nc2ccccc12)C(=O)NCCNc1c2CCCCc2nc2ccccc12,6.21,Ki (nM)
17710,"COC(=O)C12CC(CC(C=C(C)C1)C2=CC)NCCCCCCCNc1c2CCCCc2nc2ccccc12 |t:9,THB:14:13:9.10.12:7.5.6,11:10:13:7.5.6,16:6:13:9.10.12|",6.4,Ki (nM)
51116811,N#C[Se]CCCCCCNc1c2CCCCc2nc2ccccc12,6.5,Ki (nM)
50961484,CC(=O)c1ccccc1NC(=O)c1ccc(OCCCCC[n+]2cccc3ccccc23)cc1,6.5,Ki (nM)
50099519,C(CCC[n+]1cc2ccccc2c2ccccc12)CC[n+]1cc2ccccc2c2ccccc12,6.6,Ki (nM)
50099541,C(CCC[n+]1cc2ccccc2c2ccccc12)CC[n+]1cc2ccccc2c2ccccc12,6.6,Ki (nM)
50431872,O=C(NCCCCCNc1c2CCCCc2nc2ccccc12)[C@@H]1CCCN1CCNc1c2CCCCc2nc2ccccc12,6.75,Ki (nM)
44782,c1ccc2c(c1)c(c3c(n2)CCCC3)N,6.9,Ki (nM)
51055689,Clc1ccc(cc1)S(=O)(=O)N1C(C(=O)N(C(C1=O)c1ccccc1)S(=O)(=O)c1ccc(Cl)cc1)c1ccccc1,7.0,Ki (nM)
51116842,N#C[Se]CCCCCCCCCCCCNc1c2CCCCc2nc2ccccc12,7.1,Ki (nM)
51116819,N#C[Se]CCCCCCCCCCCCNc1c2CCCCc2nc2ccccc12,7.1,Ki (nM)
51257803,CCOc1ccc(Cc2nc3cc(ccc3n2CCC(C)C)C(=O)NCCCNc2c3CCCCc3nc3ccccc23)cc1,7.2,Ki (nM)
51042060,COc1cc2CC(CC3CCN(Cc4ccccc4)CC3)C(=O)c2cc1OC,7.2,Ki (nM)
51042064,Oc1ccc([C@@H]2CC(N=N2)c2c3ccccc3cc3ccccc23)c(O)c1,7.2,Ki (nM)
50871607,Cc1cc(CCNc2c3CCCCc3nc3ccccc23)cc(CCNc2c3CCCCc3nc3ccccc23)c1,7.45,Ki (nM)
293113,c1ccc2c(c1)c(c3c(n2)CCCC3)N,7.64,Ki (nM)
51116829,Cc1ccc(NC(=[Se])NCCCCCCNc2c3CCCCc3nc3ccccc23)cc1,7.6,Ki (nM)
50489464,Nc1c2CCCCc2nc2ccccc12,7.6,Ki (nM)
50763302,C[N+](C)(C)CCOC(N)=O,8.0,Ki (nM)
50034664,C[N+](C)(C)CCOC(N)=O,8.0,Ki (nM)
51116790,C(CCC[Se]c1ccccc1)CCNc1c2CCCCc2nc2ccccc12,8.0,Ki (nM)
51394094,CCOC(=O)c1c(C)nc(nc1-c1ccc(OC)c(OC)c1)N1CCN(CC1)S(=O)(=O)c1ccc(NC(C)=O)c(Cl)c1,8.0,Ki (nM)
51039210,COc1cc2cc(NC(=O)[C@H]3CCC[C@H](C3)NCc3ccccc3)c(=O)oc2cc1OC,8.6,Ki (nM)
50871683,Nc1ccc2c(c1)c(-c1ccccc1)n(CCCCCCc1cn(CCNc3c4CCCCc4nc4ccccc34)nn1)c1cc(=[NH2+])ccc21,8.9,Ki (nM)
15313,CN(CCCNc1c2CCCCc2nc2ccccc12)CCCSc1c2CCCCc2nc2ccccc12,9.1,Ki (nM)
50871647,CN(CCCNc1c2CCCCc2nc2ccccc12)CCCSc1c2CCCCc2nc2ccccc12,9.1,Ki (nM)
51116815,Clc1ccc(NC(=[Se])NCCCCCCNc2c3CCCCc3nc3ccccc23)cc1,9.3,Ki (nM)
51116844,Clc1ccc(NC(=[Se])NCCCCCCNc2c3CCCCc3nc3ccccc23)cc1,9.3,Ki (nM)
50961485,CC(=O)c1ccccc1NC(=O)c1ccc(OCCCCCC[n+]2ccc3ccccc3c2)cc1,9.4,Ki (nM)
51032158,COc1cc2C[C@H](CC3CCN(Cc4ccccc4)CC3)C(=O)c2cc1OC,9.5,Ki (nM)
51032161,COc1cc2C[C@H](CC3CCN(Cc4ccccc4)CC3)C(=O)c2cc1OC,9.5,Ki (nM)
51118348,Fc1cc(F)cc(CNCC(=O)Nc2ccc3nc4CCCn4c(=O)c3c2)c1,9.9,Ki (nM)
50724580,Nc1c2CCCCc2nc2ccccc12,10.0,Ki (nM)
50077037,C(CCCCCC[n+]1cccc2ccccc12)CCCCC[n+]1ccccc1,10.0,Ki (nM)
50871594,C[N+](C)(CC=C)c1ccc(CCC(=O)CCc2ccc(cc2)[N+](C)(C)CC=C)cc1,10.0,Ki (nM)
50621526,C[N+](C)(CC=C)c1ccc(CCC(=O)CCc2ccc(cc2)[N+](C)(C)CC=C)cc1,10.0,Ki (nM)
51217896,Cc1cc(=O)oc2c1ccc1oc(=N)c(cc21)C(=O)NCc1cccc(Br)c1,10.0,Ki (nM)
50630030,C[N+](C)(CC=C)c1ccc(CCC(=O)CCc2ccc(cc2)[N+](C)(C)CC=C)cc1,10.0,Ki (nM)
50099520,C(CCC[n+]1cccc2c1ccc1ccccc21)CC[n+]1cccc2c1ccc1ccccc21,10.0,Ki (nM)
50502623,COc1cc2CC(CC3CCN(Cc4ccccc4)CC3)C(=O)c2cc1OC,10.0,Ki (nM)
50919589,C[N+](C)(CC=C)c1ccc(CCC(=O)CCc2ccc(cc2)[N+](C)(C)CC=C)cc1,10.0,Ki (nM)
50949144,CN(CCCN1CCN(CCNc2c3CCCCc3nc3ccccc23)CC1)C1CCCCC1,10.3,Ki (nM)
51525254,CCN(Cc1ccccc1)Cc1ccc(cc1)-c1cc2cc(OC)c(OC)cc2oc1=O,11.0,Ki (nM)
51525255,COc1cc2cc(-c3ccc(CN(CCO)Cc4ccccc4)cc3)c(=O)oc2cc1OC,11.0,Ki (nM)
51143962,Oc1ccc2oc(cc(=O)c2c1)C(=O)NCCCC1CCN(Cc2ccccc2)CC1,11.0,Ki (nM)
51525256,COc1cc2cc(-c3ccc(C[N+](C)(C)Cc4ccccc4)cc3)c(=O)oc2cc1OC,11.0,Ki (nM)
51143959,COc1cc2oc(cc(=O)c2cc1OC)C(=O)OCCC1CCN(Cc2ccccc2)CC1,11.0,Ki (nM)
51143960,[O-][N+](=O)c1ccc2oc(cc(=O)c2c1)C(=O)NCCC1CCN(Cc2ccccc2)CC1,12.0,Ki (nM)
50714365,COc1cc2O\C(=C/c3ccc(CN4CCCCC4)c(O)c3)C(=O)c2cc1OC,12.0,Ki (nM)
50012023,Fc1ccc(c(F)c1)-c1c2ccc(n2)c(-c2ccc(F)cc2F)c2ccc([nH]2)c(-c2ccc(F)cc2F)c2ccc([nH]2)c(-c2ccc(F)cc2F)c2ccc1n2,12.0,Ki (nM)
50572685,Fc1cccc(F)c1-c1c2ccc(n2)c(-c2c(F)cccc2F)c2ccc([nH]2)c(-c2c(F)cccc2F)c2ccc([nH]2)c(-c2c(F)cccc2F)c2ccc1n2,12.0,Ki (nM)
50225820,CCN(CCCCCC(=O)N(C)CCCCCCCCN(C)C(=O)CCCCCN(CC)Cc1ccccc1OC)Cc1ccccc1OC,12.2,Ki (nM)
50289510,CCN(CCCCCC(=O)N(C)CCCCCCCCN(C)C(=O)CCCCCN(CC)Cc1ccccc1OC)Cc1ccccc1OC,12.2,Ki (nM)
51117866,COc1ccccc1C1c2c(nc3CCCCc3c2N)-n2n1c(=O)c1ccccc1c2=O,13.0,Ki (nM)
51336042,COc1cc2CC(CC3CCN(Cc4ccccc4)CC3)C(=O)c2cc1OC,13.0,Ki (nM)
50871608,C(Cc1cocc1CCNc1c2CCCCc2nc2ccccc12)Nc1c2CCCCc2nc2ccccc12,13.3,Ki (nM)
50871624,CC(=O)N(CCCNc1c2CCCCc2nc2ccccc12)CCCSc1c2CCCCc2nc2ccccc12,13.4,Ki (nM)
50949145,CN(CCC(=O)N1CCN(CCNc2c3CCCCc3nc3ccccc23)CC1)c1ccccc1,13.7,Ki (nM)
50505908,COC(=O)C1=C(C)Oc2nc3CCCCc3c(N)c2C1c1cc2ccc(OC)cc2nc1Cl,14.0,Ki (nM)
51398035,COc1cccc2cc[n+](cc12)-c1ccc(Br)cc1,14.8,Ki (nM)
51116824,C(CCCSSCCCCCCNc1c2CCCCc2nc2ccccc12)CCNc1c2CCCCc2nc2ccccc12,15.0,Ki (nM)
50523801,Oc1cccc2ccc(CN(CC#C)C(CCC3CCN(Cc4ccccc4)CC3)C#N)nc12,15.0,Ki (nM)
51116823,C(CCCSSCCCCCCNc1c2CCCCc2nc2ccccc12)CCNc1c2CCCCc2nc2ccccc12,15.0,Ki (nM)
50523773,Oc1cccc2ccc(CN(CC#C)C(CCC3CCN(Cc4ccccc4)CC3)C#N)nc12,15.0,Ki (nM)
50431868,CC(C)(C)OC(=O)N[C@@H](CCC(=O)NCCNc1c2CCCCc2nc2ccccc12)C(=O)NCCNc1c2CCCCc2nc2ccccc12,15.4,Ki (nM)
17709,"CC=C1C2CC(CC1(N)CC(C)=C2)NCCCCCCCNc1c2CCCCc2nc2ccccc12 |c:12,TLB:11:10:2:4.6.5,13:5:2:12.10.9,THB:1:2:12.10.9:4.6.5|",15.7,Ki (nM)
51062139,CC(C(=O)NCCCCCCNc1c2CCCCc2nc2ccccc12)c1ccc(c(F)c1)-c1ccc(OCCO[N+]([O-])=O)cc1,16.0,Ki (nM)
51286408,COc1cc2CC(CC3CCN(Cc4ccccc4)CC3)C(=O)c2cc1OC,16.0,Ki (nM)
51239543,COc1cc(N)c(Cl)cc1C(=O)CCC1CCN(CC2CCCCC2)CC1,16.0,Ki (nM)
51118323,Fc1cc(F)cc(CNCC(=O)Nc2ccc3nc4CCCn4c(=O)c3c2)c1,16.0,Ki (nM)
17708,"CC=C1C2C=C(C)CC1(N)CC(NCCCCCCCNc1c3CCCCc3nc3ccccc13)C2(C)C |t:4,TLB:1:2:4.5.7:35.10.11,6:5:2:35.10.11,12:11:2:4.5.7|",16.5,Ki (nM)
50582457,C\C=C1/C2C=C(C)C[C@]1(N)c1ccc(=O)[nH]c1C2(C)C,16.7,Ki (nM)
50949167,O=C(CCN1CCCCC1)N1CCN(CCNc2c3CCCCc3nc3ccccc23)CC1,16.8,Ki (nM)
50287016,O=C(NCCCCCCNc1c2CCCCc2nc2ccccc12)c1cc2ccccc2oc1=O,17.0,Ki (nM)
50725950,C\C=C1/C2C=C(C)C[C@]1(N)c1ccc(=O)[nH]c1C2(C)C,17.0,Ki (nM)
51248309,[O-][N+](=O)c1ccccc1C[n+]1cccc(Cn2nnc3ccccc3c2=O)c1,17.0,Ki (nM)
51257764,CCOc1ccc(Cc2nc3cc(ccc3n2CCC(C)C)C(=O)NCCSSCCNc2c3CCCCc3nc3ccccc23)cc1,17.0,Ki (nM)
51083665,COc1cc2[se]n(CCC3CCN(Cc4ccccc4)CC3)c(=O)c2cc1OC,17.0,Ki (nM)
51032159,COc1cc2C[C@H](CC3CCN(Cc4ccccc4)CC3)C(=O)c2cc1OC,17.5,Ki (nM)
51074649,COc1ccc2cc3-c4cc5OCOc5cc4CC[n+]3cc2c1OCCSc1ccccc1Cl,18.0,Ki (nM)
51033293,COc1cc2C[C@H](CC3CCN(Cc4ccccc4)CC3)C(=O)c2cc1OC,18.0,Ki (nM)
51032160,COc1cc2C[C@H](CC3CCN(Cc4ccccc4)CC3)C(=O)c2cc1OC,18.0,Ki (nM)
248238,c1ccc2c(c1)c(c3c(n2)CCCC3)N,18.0,Ki (nM)
51217900,Cc1cc(=O)oc2c1ccc1oc(=N)c(cc21)C(=O)NCc1cccc(Br)c1,19.0,Ki (nM)
51116810,N#CSCCCCCCNc1c2CCCCc2nc2ccccc12,19.0,Ki (nM)
51336043,COc1cc2cc(NC(=O)[C@@H]3CCC[C@@H](C3)NCc3ccccc3)c(=O)oc2cc1OC,19.0,Ki (nM)
50778313,COc1cc2CC(CCC3CCN(Cc4ccccc4)CC3)C(=O)c2cc1OC,19.0,Ki (nM)
17377,O=c1ccc2[C@H](CCCc2[nH]1)NCCCCCCCCCCCCN[C@H]1CCCc2[nH]c(=O)ccc12 |r|,19.6,Ki (nM)
50211437,O=c1ccc2[C@H](CCCc2[nH]1)NCCCCCCCCCCCCN[C@H]1CCCc2[nH]c(=O)ccc12,20.0,Ki (nM)
50077032,C(CCCCCC[n+]1cccc2ccccc12)CCCCC[n+]1ccccc1,20.0,Ki (nM)
50564485,C(CCCCC[n+]1ccccc1)CCCCC[n+]1ccccc1,20.0,Ki (nM)
50873546,Nc1c2CCCCc2nc2ccccc12,20.2,Ki (nM)
50289511,COc1cc2CC(CC3CCN(Cc4ccccc4)CC3)C(=O)c2cc1OC,20.5,Ki (nM)
18638,COc1cc2c(cc1OC)C(=O)[C@@H](C2)CC3CCN(CC3)Cc4ccccc4,20.5,Ki (nM)
50211438,CC(=O)N(CCCCNc1c2CCCCc2nc2ccccc12)CCCSc1c2CCCCc2nc2ccccc12,20.9,Ki (nM)
51144044,COc1cc2oc(cc(=O)c2cc1OC)C(=O)NCCCC1CCN(Cc2ccccc2)CC1,21.0,Ki (nM)
50637204,COc1cc2CC[N+](Cc2cc1OC)=c1ccn(Cc2ccc(Cn3ccc(cc3)=[N+]3CCCCC3)cc2)cc1,21.0,Ki (nM)
51188815,Cc1c(csc1C(=O)NC1CCN(Cc2ccccc2)CC1)S(=O)(=O)c1ccc(Cl)cc1,21.0,Ki (nM)
50099551,CC(=O)OCC[n+]1c2ccccc2cc2ccccc12,21.0,Ki (nM)
51042062,[O-][N+](=O)c1cccc(c1)[C@@H]1CC(N=N1)c1c2ccccc2cc2ccccc12,21.0,Ki (nM)
50164264,COc1cc2CC(CC3CCN(Cc4ccccc4)CC3)C(=O)c2cc1OC,21.0,Ki (nM)
50099399,CC(=O)OCC[n+]1ccccc1,21.0,Ki (nM)
51475818,NS(=O)(=O)c1ccc(cc1)\N=C\c1cc(Br)cc(Br)c1O,21.0,Ki (nM)
51475821,NS(=O)(=O)c1ccc(NCc2cccc(Cl)c2O)cc1,21.0,Ki (nM)
51475820,NS(=O)(=O)c1ccc(cc1)\N=C\c1cc(Br)cc(Cl)c1O,21.0,Ki (nM)
50871605,C[N+](C)(C)CCCCCCCCCCn1c(cc(=[NH2+])c2ccc3ccc(N)cc3c12)-c1ccccc1,21.0,Ki (nM)
18637,COc1cc2cc(-c3ccc(CN(C)Cc4ccccc4)cc3)c(=O)oc2cc1OC,21.7,Ki (nM)
51188749,COc1cc2CC(Cc3cccc(CN4CCCC4)c3)C(=O)c2cc1OC,22.0,Ki (nM)
51077096,Nc1c2CCCCc2nc2Oc3c(C(c4ccc(F)cc4)c12)c(=O)oc1ccccc31,22.0,Ki (nM)
51553658,CC[N+](CC)(CCCCCn1c(C)cc(=O)n(CCCCC[N+](CC)(CC)Cc2ccccc2)c1=O)Cc1ccccc1,22.0,Ki (nM)
51188818,CCN(CC)Cc1cccc(CC2Cc3cc(OC)c(OC)cc3C2=O)c1,22.0,Ki (nM)
50287103,Oc1ccc2c(CC(=O)NCCCCNc3c4CCCCc4nc4ccccc34)cc(=O)oc2c1,23.0,Ki (nM)
51116840,Nc1c2CCCCc2nc2ccccc12,23.0,Ki (nM)
51414180,CC1=CC2CC(C1)c1c(C2)nc2cc(Cl)ccc2c1NCCCCCCNC(=O)[C@@H](N)Cc1c[nH]c2ccccc12,23.0,Ki (nM)
51530455,Nc1c2CCCCc2nc2ccccc12,23.0,Ki (nM)
51370679,FC(F)(F)Oc1ccc(CNC2CCN(Cc3ccccc3)C2)cc1,23.0,Ki (nM)
51261669,Nc1c2CCCCc2nc2ccccc12,23.0,Ki (nM)
51188833,FC(F)(F)Oc1ccc(NC(=O)OC2CN(C2)C(c2ccccc2)c2ccccc2)cc1,23.0,Ki (nM)
50015163,C\C=C1/[C@@H]2Cc3[nH]c(=O)ccc3[C@]1(N)CC(C)=C2,24.0,Ki (nM)
50913360,CCOC(=O)c1cc2c(N)c3CCCCc3nc2nc1C,24.0,Ki (nM)
50287014,COc1ccc2oc(=O)c(cc2c1)C(=O)NCCCCCCNc1c2CCCCc2nc2ccccc12,24.0,Ki (nM)
51042065,Oc1ccccc1[C@@H]1CC(N=N1)c1c2ccccc2cc2ccccc12,24.0,Ki (nM)
50016375,C\C=C1/[C@@H]2Cc3[nH]c(=O)ccc3[C@]1(N)CC(C)=C2,24.0,Ki (nM)
50949135,CN(CCCN1CCN(CCNc2c3CCCCc3nc3ccccc23)CC1)c1ccccc1,24.7,Ki (nM)
50332160,Nc1c2CCCCc2nc2ccccc12,25.0,Ki (nM)
51042061,COc1ccc(cc1)[C@@H]1CC(N=N1)c1c2ccccc2cc2ccccc12,25.0,Ki (nM)
51414133,CC(C)c1ccc(CSS(=O)(=O)c2ccc(C)cc2)cc1,26.0,Ki (nM)
51116830,C(CCC[Se][Se]CCCCCCNc1c2CCCCc2nc2ccccc12)CCNc1c2CCCCc2nc2ccccc12,26.0,Ki (nM)
51614021,Brc1ccc(Cn2cc(CNC34CC5CC(CC(C5)C3)C4)nn2)cc1,26.0,Ki (nM)
51116813,C(CCC[Se][Se]CCCCCCNc1c2CCCCc2nc2ccccc12)CCNc1c2CCCCc2nc2ccccc12,26.0,Ki (nM)
200777,COc1cc2c(cc1OC)C(=O)[C@@H](C2)CC3CCN(CC3)Cc4ccccc4,26.0,Ki (nM)
50871587,CCc1c2Cn3c(cc4c(COC(=O)[C@]4(O)CC)c3=O)-c2nc2ccc(OC(=O)N3CCC(CC3)N3CCCCC3)cc12,26.0,Ki (nM)
51116794,Nc1c2CCCCc2nc2ccccc12,27.0,Ki (nM)
50778320,COc1cc2CC(CCC3CCN(Cc4ccccc4)CC3)C(=O)c2cc1OC,27.0,Ki (nM)
51116816,COc1ccc(NC(=[Se])NCCCCCCNc2c3CCCCc3nc3ccccc23)cc1,27.0,Ki (nM)
51116820,COc1ccc(NC(=[Se])NCCCCCCNc2c3CCCCc3nc3ccccc23)cc1,27.0,Ki (nM)
50871626,C(CCCCSc1c2CCCCc2nc2ccccc12)CCCNc1c2CCCCc2nc2ccccc12,27.9,Ki (nM)
50431876,C(CCCCSc1c2CCCCc2nc2ccccc12)CCCNc1c2CCCCc2nc2ccccc12,27.9,Ki (nM)
50871676,CC(=O)N(CCCCNc1c2CCCCc2nc2ccccc12)CCCSc1c2CCCCc2nc2ccccc12,28.0,Ki (nM)
50077152,C(CCCCSc1c2CCCCc2nc2ccccc12)CCCNc1c2CCCCc2nc2ccccc12,28.0,Ki (nM)
51257745,CCOc1ccc(Cc2nc3cc(ccc3n2CCC(C)C)C(=O)NCCSSCCNc2c3CCCCc3nc3ccccc23)cc1,28.0,Ki (nM)
50502635,COc1ccc2C(=O)\C(Cc2c1)=C\C1CCN(Cc2ccccc2)CC1,29.0,Ki (nM)
15312,C(CCCCc1c2CCCCc2nc2ccccc12)CCCNc1c2CCCCc2nc2ccccc12,30.0,Ki (nM)
51297228,Nc1ccc2oc(nc2c1)N1CCN(CC1)C(=O)c1ccc(Br)cc1,30.0,Ki (nM)
50564486,C(CCCCC[n+]1ccccc1)CCCCC[n+]1ccccc1,30.0,Ki (nM)
51042066,C1[C@H](N=NC1c1c2ccccc2cc2ccccc12)c1ccccc1,30.0,Ki (nM)
51350199,Fc1ccc(-c2nnc(o2)N2CCN(CC2)c2ccccn2)c(F)c1,30.0,Ki (nM)
50287013,Cc1ccc2oc(=O)c(cc2c1)C(=O)NCCCCCCNc1c2CCCCc2nc2ccccc12,30.0,Ki (nM)
51042070,Clc1ccc(cc1)[C@@H]1CC(N=N1)c1c2ccccc2cc2ccccc12,30.0,Ki (nM)
50582456,C\C=C1/C2C=C(C)C[C@]1(N)c1ccc(=O)[nH]c1C2(C)C,30.9,Ki (nM)
50287015,COc1ccc2cc(C(=O)NCCCCCCNc3c4CCCCc4nc4ccccc34)c(=O)oc2c1,31.0,Ki (nM)
51046438,CCOC(=O)c1cc2ccc(OCCN3CCCCC3)cc2oc1=O,31.0,Ki (nM)
335099,O\N=C/C(=O)c1ccc(OCC2CCN(Cc3ccccc3)CC2)nc1,31.0,Ki (nM)
50013172,C\C=C1/C2C=C(C)C[C@]1(N)c1ccc(=O)[nH]c1C2(C)C,31.0,Ki (nM)
50961481,Nc1c2CCCCc2nc2ccccc12,32.0,Ki (nM)
51261748,Oc1ccc(CCNc2c3CCCCc3nc3ccccc23)cc1,32.0,Ki (nM)
50287052,O=C(NCCCCCNc1c2CCCCc2nc2ccccc12)c1cc2ccccc2oc1=O,34.0,Ki (nM)
50325877,Cc1c(C)c(=O)oc2cc(OCCN3CCN(CCCNc4c5CCCCc5nc5ccccc45)CC3)ccc12,34.0,Ki (nM)
50957445,CNC(=O)Oc1ccc2N(C)[C@H]3N(C)CC[C@@]3(C)c2c1,34.0,Ki (nM)
51116841,N#C[Se]CCCCCNc1c2CCCCc2nc2ccccc12,35.0,Ki (nM)
50502632,COc1cc2C\C(=C/C3CCN(Cc4ccccc4)CC3)C(=O)c2cc1OC,35.0,Ki (nM)
50287023,Cc1ccc2oc(=O)c(cc2c1)C(=O)NCCCCCNc1c2CCCCc2nc2ccccc12,36.0,Ki (nM)
50431874,Nc1c2CCCCc2nc2ccccc12,36.0,Ki (nM)
50871611,Nc1c2CCCCc2nc2ccccc12,36.0,Ki (nM)
50286983,Nc1c2CCCCc2nc2ccccc12,36.0,Ki (nM)
51030331,Cc1cc(=O)oc2cc(OCCCCSC(=S)N3CCCCC3)ccc12,37.0,Ki (nM)
51032162,COc1cc2C[C@H](CC3CCN(Cc4ccccc4)CC3)C(=O)c2cc1OC,37.6,Ki (nM)
51188761,COc1cc2CC(Oc3cccc(c3)C(C)N3CCCCC3)C(=O)c2cc1OC,38.0,Ki (nM)
51530506,COc1ccc(C2CC(=NN2c2ccc(cc2)S(N)(=O)=O)c2ccc(F)cc2)c(OC)c1,38.0,Ki (nM)
51032163,COc1cc2C[C@H](CC3CCN(Cc4ccccc4)CC3)C(=O)c2cc1OC,38.0,Ki (nM)
51530507,COc1ccc(cc1OC)C1CC(=NN1c1ccc(cc1)S(N)(=O)=O)c1ccc(F)cc1,38.0,Ki (nM)
51530504,COc1ccc(C2CC(=NN2c2ccc(cc2)S(N)(=O)=O)c2ccccc2)c(OC)c1,38.0,Ki (nM)
50807420,COc1cc2CC(CC3CCN(Cc4ccccc4)CC3)C(=O)c2cc1OC,38.0,Ki (nM)
51530505,COc1ccc(cc1OC)C1CC(=NN1c1ccc(cc1)S(N)(=O)=O)c1ccccc1,38.0,Ki (nM)
51530510,COc1ccc(C2CC(=NN2c2ccc(cc2)S(N)(=O)=O)c2ccc(Br)cc2)c(OC)c1,38.0,Ki (nM)
51530511,COc1ccc(cc1OC)C1CC(=NN1c1ccc(cc1)S(N)(=O)=O)c1ccc(Br)cc1,38.0,Ki (nM)
51530508,COc1ccc(C2CC(=NN2c2ccc(cc2)S(N)(=O)=O)c2ccc(Cl)cc2)c(OC)c1,38.0,Ki (nM)
51530509,COc1ccc(cc1OC)C1CC(=NN1c1ccc(cc1)S(N)(=O)=O)c1ccc(Cl)cc1,38.0,Ki (nM)
51144819,COc1cc2CC(CC3CCN(Cc4ccccc4)CC3)C(=O)c2cc1OC,38.0,Ki (nM)
50873549,Cc1ccc(cc1)C1C2C(=O)CC(C)(C)CC2=Nc2nc3CCCCc3c(N)c12,38.9,Ki (nM)
50287050,COc1ccc2oc(=O)c(cc2c1)C(=O)NCCCCCNc1c2CCCCc2nc2ccccc12,39.0,Ki (nM)
50986028,Clc1cc(NC(=O)OCCCCCNCc2ccccc2)cc(Cl)n1,39.0,Ki (nM)
51144016,COc1cc2oc(cc(=O)c2cc1OC)C(=O)NCCC1CCN(Cc2ccccc2)CC1,39.0,Ki (nM)
50021333,Clc1ccccc1CNC1C2N(Cc3ccccc3Cl)C3C(N(Cc4ccccc4Cl)C4(CC4N2Cc2ccccc2Cl)N3Cc2ccccc2Cl)N1Cc1ccccc1Cl,39.0,Ki (nM)
51555683,COc1cc2CC(CC3CCN(Cc4ccccc4)CC3)C(=O)c2cc1OC,40.0,Ki (nM)
50871659,Nc1c2CCCCc2nc2ccccc12,40.0,Ki (nM)
50811187,Nc1c2CCCCc2nc2ccccc12,40.0,Ki (nM)
15300,c1ccc2c(c1)c(c3c(n2)CCCC3)N,40.0,Ki (nM)
17514,c1ccc2c(c1)c(c3c(n2)CCCC3)N,40.0,Ki (nM)
50630026,C(CCCCC[n+]1cccc2ccccc12)CCCC[n+]1cccc2ccccc12,40.0,Ki (nM)
17522,Clc1cc(Cl)c2c(NCCCCCCCSc3c4CCCCc4nc4ccccc34)c3CCCCc3nc2c1,41.0,Ki (nM)
51042063,C1[C@H](N=NC1c1c2ccccc2cc2ccccc12)c1ccccn1,41.0,Ki (nM)
50873548,COc1ccc(cc1)C1C2C(=O)CC(C)(C)CC2=Nc2nc3CCCCc3c(N)c12,41.9,Ki (nM)
50286998,O=C(NCCCCCCCNc1c2CCCCc2nc2ccccc12)c1cc2ccccc2oc1=O,42.0,Ki (nM)
51064306,O=C1C=CC(=O)N1c1ccncc1,42.0,Ki (nM)
50287051,COc1ccc2cc(C(=O)NCCCCCNc3c4CCCCc4nc4ccccc34)c(=O)oc2c1,44.0,Ki (nM)
50557652,COc1ccc2cc3-c4cc5OCOc5cc4CC[n+]3cc2c1OCCCCOc1ccccc1,45.0,Ki (nM)
51525253,COc1cc2cc(-c3ccc(CN(C)Cc4ccccc4)cc3)c(=O)oc2cc1OC,45.0,Ki (nM)
50961486,CC(=O)c1ccccc1NC(=O)c1ccc(OCCCCC[n+]2ccc3ccccc3c2)cc1,45.0,Ki (nM)
50961487,CC(=O)c1ccccc1NC(=O)c1ccc(OCCCC[n+]2ccc3ccccc3c2)cc1,46.0,Ki (nM)
17712,"C\C=C1/C2Cc3[nH]c(=O)ccc3C1(N)CC(C)=C2 |c:18,TLB:10:11:2:17.15.14,THB:1:2:4.5.11:17.15.14|",47.0,Ki (nM)
50961482,CC(=O)c1ccccc1NC(=O)c1ccc(OCCCCCC[n+]2ccccc2)cc1,47.0,Ki (nM)
15316,CC(=O)N(CCCCSc1c2CCCCc2nc2ccccc12)CCCNc1c2CCCCc2nc2ccccc12,47.0,Ki (nM)
51188744,FC(F)(F)c1ccc(NC(=O)CN2CCN(Cc3ccccc3)CC2)c(Cl)c1,47.0,Ki (nM)
50077333,COc1cc(cc(OC)c1OC)C1c2ccc(O)cc2Oc2nc3CCCCc3c(N)c12,47.0,Ki (nM)
50778314,COc1cc2CC(CCC3CCN(Cc4ccccc4)CC3)C(=O)c2cc1OC,47.0,Ki (nM)
17378,"C\C=C1/C2Cc3[nH]c(=O)ccc3C1(N)CC(C)=C2 |c:18,TLB:10:11:2:17.15.14,THB:1:2:4.5.11:17.15.14|",47.1,Ki (nM)
50949136,CN(CCCN1CCN(CCNc2c3CCCCc3nc3ccccc23)CC1)C1CCCCC1,47.6,Ki (nM)
44784,COc1ccc2nc3cc(Cl)ccc3c(N)c2c1,49.0,Ki (nM)
50724835,CCOC(=O)C1=C(Oc2nc3CCCCc3c(N)c2C1c1cccc(Br)c1)c1ccccc1,49.0,Ki (nM)
50630036,C[N+](C)(CC=C)c1ccc(CCC(=O)CCc2ccc(cc2)[N+](C)(C)CC=C)cc1,50.0,Ki (nM)
15314,CC(=O)N(CCCNc1c2CCCCc2nc2ccccc12)CCCSc1c2CCCCc2nc2ccccc12,50.0,Ki (nM)
50077039,C[N+](C)(CC=C)c1ccc(CCC(=O)CCc2ccc(cc2)[N+](C)(C)CC=C)cc1,50.0,Ki (nM)
51116818,N#CSCCCCCNc1c2CCCCc2nc2ccccc12,50.0,Ki (nM)
50439103,Cc1c(C)c2OC(C)(CCc2c(C)c1O)C(=O)NCCCCCCCCNc1c2CCCCc2nc2cc(Cl)ccc12,50.0,Ki (nM)
51116788,N#CSCCCCCNc1c2CCCCc2nc2ccccc12,50.0,Ki (nM)
50621531,C[N+](C)(CC=C)c1ccc(CCC(=O)CCc2ccc(cc2)[N+](C)(C)CC=C)cc1,50.0,Ki (nM)
50286991,COc1ccc2oc(=O)c(cc2c1)C(=O)NCCCCCCCNc1c2CCCCc2nc2ccccc12,51.0,Ki (nM)
50871586,CCc1c2Cn3c(cc4c(COC(=O)[C@]4(O)CC)c3=O)-c2nc2ccc(OC(=O)N3CCC(CC3)N3CCCCC3)cc12,51.0,Ki (nM)
50986025,Clc1cc(cc(Cl)n1)C(=O)NCCCCCCNCc1ccccc1,53.0,Ki (nM)
50961488,CC(=O)c1ccccc1NC(=O)c1ccc(OCCCC[n+]2cccc3ccccc23)cc1,53.0,Ki (nM)
50778311,COc1cc2CC(C3CCN(Cc4ccccc4)CC3)C(=O)c2cc1OC,54.0,Ki (nM)
50778317,COc1cc2CC(C3CCN(Cc4ccccc4)CC3)C(=O)c2cc1OC,54.0,Ki (nM)
51261756,COc1ccc(CCOCCCCCNc2c3CCCCc3nc3ccccc23)cc1OC,55.0,Ki (nM)
51188705,COc1ccc(cc1OC)C(=O)NC1CCN(Cc2c(F)cccc2Cl)CC1,55.0,Ki (nM)
50286995,COc1ccc2cc(C(=O)NCCCCCCCNc3c4CCCCc4nc4ccccc34)c(=O)oc2c1,55.0,Ki (nM)
50287005,COc1cc2cc(C(=O)NCCCCCCNc3c4CCCCc4nc4ccccc34)c(=O)oc2cc1OC,56.0,Ki (nM)
51072705,COc1cc2CC(CC3CCN(Cc4ccccc4)CC3)C(=O)c2cc1OC,56.0,Ki (nM)
50871593,C[N+](C)(CC=C)c1ccc(CCC(=O)CCc2ccc(cc2)[N+](C)(C)CC=C)cc1,57.0,Ki (nM)
51144040,O=C(NCCC1CCN(Cc2ccccc2)CC1)c1cc(=O)c2ccccc2o1,57.0,Ki (nM)
51261678,Oc1ccc(CNCCCCCCNc2c3CCCCc3nc3ccccc23)cc1O,58.0,Ki (nM)
51188706,COc1cc2CC(Cc3cccc(CN4CCCCC4)c3)C(=O)c2cc1OC,59.0,Ki (nM)
51144012,COc1cc2[nH]c(cc(=O)c2cc1OC)C(=O)NCCC1CCN(Cc2ccccc2)CC1,60.0,Ki (nM)
50287004,FC(F)(F)Oc1ccc2oc(=O)c(cc2c1)C(=O)NCCCCCCNc1c2CCCCc2nc2ccccc12,60.0,Ki (nM)
50630032,C(CCCCC[n+]1cccc2ccccc12)CCCC[n+]1cccc2ccccc12,60.0,Ki (nM)
51257164,NS(=O)(=O)c1ccc(cc1)C(=O)n1[nH]c(=O)c2ccc(cc2c1=O)C(O)=O,61.0,Ki (nM)
51257162,NS(=O)(=O)c1ccc(cc1)C(=O)n1[nH]c(=O)c2c(F)cccc2c1=O,61.0,Ki (nM)
51257163,NS(=O)(=O)c1ccc(cc1)C(=O)n1[nH]c(=O)c2cc(ccc2c1=O)[N+]([O-])=O,61.0,Ki (nM)
51188746,CC(CN1CCN(Cc2ccccc2)CC1)N(C(=O)c1cccc(c1)[N+]([O-])=O)c1ccccn1,61.0,Ki (nM)
51257143,NS(=O)(=O)c1ccc(cc1)C(=O)n1[nH]c(=O)c2cc(F)ccc2c1=O,61.0,Ki (nM)
51257171,NS(=O)(=O)c1ccc(cc1)C(=O)n1[nH]c(=O)c2c(cccc2c1=O)[N+]([O-])=O,61.0,Ki (nM)
50553462,CN(Cc1ccccc1)Cc1ccc(\C=C2/CCc3cc(OCCCCCN4CCCCC4)ccc3C2=O)cc1,61.1,Ki (nM)
50873551,CC1(C)CC(=O)C2C(c3ccccc3)c3c(N)c4CCCCc4nc3N=C2C1,61.3,Ki (nM)
50961480,COc1ccc2CN(C)CC[C@@]34C=C[C@H](O)C[C@@H]3Oc1c24,62.0,Ki (nM)
51143961,Nc1ccc2oc(cc(=O)c2c1)C(=O)NCCC1CCN(Cc2ccccc2)CC1,62.0,Ki (nM)
51188820,COc1cc2C\C(=C/c3cccc(CN(C)C)c3)C(=O)c2cc1OC,62.0,Ki (nM)
51188759,COc1cc2CC(Oc3cccc(CN4CCN(C)CC4)c3)C(=O)c2cc1OC,62.0,Ki (nM)
50286978,COc1ccc2CN(C)CC[C@@]34C=C[C@H](O)C[C@@H]3Oc1c24,62.0,Ki (nM)
50931105,Nc1c2CN(CC#C)CCc2nc2nc(N3CCCC3)c(cc12)C#N,65.0,Ki (nM)
50286988,Cc1ccc2oc(=O)c(cc2c1)C(=O)NCCCCCCCNc1c2CCCCc2nc2ccccc12,66.0,Ki (nM)
51188757,COc1cc2CC(Oc3ccc(CN4CCN(C)CC4)cc3)C(=O)c2cc1OC,69.0,Ki (nM)
50991025,Cc1cc(N2CCN(CC2)c2nc(Cl)nc(Nc3cccc(c3)C(F)(F)F)n2)n2ncnc2n1,69.0,Ki (nM)
50287022,COc1cc2cc(C(=O)NCCCCCNc3c4CCCCc4nc4ccccc34)c(=O)oc2cc1OC,70.0,Ki (nM)
51188845,COc1cc2C\C(=C/c3cccc(CN4CCCCC4)c3)C(=O)c2cc1OC,71.0,Ki (nM)
51074650,COc1ccc2cc3-c4cc5OCOc5cc4CC[n+]3cc2c1OCCSc1ccccc1C,71.0,Ki (nM)
50099542,C(CCC[n+]1cccc2c1ccc1ccccc21)CC[n+]1cccc2c1ccc1ccccc21,72.0,Ki (nM)
51188817,COc1cc2CC(Cc3ccc(CN4CCCCC4)cc3)C(=O)c2cc1OC,74.0,Ki (nM)
51261730,COc1ccc(CCOCCCCCNc2c3CCCCc3nc3ccccc23)cc1,75.0,Ki (nM)
51261712,COc1ccc(CCOCCCCCNc2c3CCCCc3nc3ccccc23)cc1,75.0,Ki (nM)
50287021,FC(F)(F)Oc1ccc2oc(=O)c(cc2c1)C(=O)NCCCCCNc1c2CCCCc2nc2ccccc12,76.0,Ki (nM)
50949140,O=C(CCN1CCCCC1)N1CCN(CCNc2c3CCCCc3nc3ccccc23)CC1,76.1,Ki (nM)
51261681,Oc1ccc(CCOCCCCCNc2c3CCCCc3nc3ccccc23)cc1O,77.0,Ki (nM)
50286984,FC(F)(F)Oc1ccc2oc(=O)c(cc2c1)C(=O)NCCCCCCCNc1c2CCCCc2nc2ccccc12,78.0,Ki (nM)
51475819,NS(=O)(=O)c1ccc(NCc2cccc(Br)c2O)cc1,78.0,Ki (nM)
51188758,COc1cc2CC(Oc3cccc(c3)C(C)N3CCN(C)CC3)C(=O)c2cc1OC,78.0,Ki (nM)
50287101,CCN(CCC(=O)NCCCNc1c2CCCCc2nc2ccccc12)C1CCCCC1,79.0,Ki (nM)
50351248,CN(CCCCCCOc1ccc2c(C)c(C)c(=O)oc2c1)Cc1ccccc1,80.0,Ki (nM)
51606625,O=c1cc(-c2ccccc2)c2ccc(OC[C@@H]3CCCN3Cc3cccc4ccccc34)cc2o1,80.0,Ki (nM)
50287094,CCN(CCC(=O)NCCCNc1c2CCCCc2nc2ccccc12)C1CCCCC1,80.0,Ki (nM)
50949143,CN(CCCN1CCN(CCNc2c3CCCCc3nc3ccccc23)CC1)c1ccccc1,80.0,Ki (nM)
50961483,CC(=O)c1ccccc1NC(=O)c1ccc(OCCCCC[n+]2ccccc2)cc1,81.0,Ki (nM)
51261673,Oc1ccc(CNc2c3CCCCc3nc3ccccc23)cc1,81.0,Ki (nM)
50978622,COc1cc(ccc1O)C1c2ccc3ccccc3c2Oc2nc3CCCCc3c(N)c12,81.0,Ki (nM)
51067715,Cc1cc(=O)oc2cc(OCCN3CCN(CC(=O)Nc4c5CCCCc5nc5ccccc45)CC3)ccc12,81.0,Ki (nM)
51458872,NS(=O)(=O)c1ccc(cc1)N1N=C(CC1c1ccc(Br)cc1)c1cccs1,81.0,Ki (nM)
50076515,O=C(NN=C(c1ccccc1)c1ccccc1)Nc1ccncc1,82.0,Ki (nM)
50949137,CN(CCC(=O)N1CCN(CCNc2c3CCCCc3nc3ccccc23)CC1)c1ccccc1,85.5,Ki (nM)
51398036,COc1cccc2CC[N+](=Cc12)c1ccc(Br)cc1,88.6,Ki (nM)
