smiles,exp_mean,exp_std,exp_sem,no.entries,no.outliers,standard_types,bindingdb_id
CN(C)CCOc1ccc(-c2ccc(Cl)cc2)c(CN2CCN(c3ccc(C(=O)NS(=O)(=O)c4ccc(NCCCN5CCCC5)c([N+](=O)[O-])c4)c(Oc4ccccc4)c3)CC2)c1,0.001,0.0,0.0,1,0,Ki,324837
CC1(C)CCC(CN2CCN(c3ccc(C(=O)NS(=O)(=O)c4ccc(OCC5(F)CCOCC5)c([N+](=O)[O-])c4)c(Oc4cccc5[nH]cnc45)c3)CC2)=C(c2ccc(Cl)cc2)C1,0.002,0.0,0.0,1,0,Ki,325111
CC1(C)CCC(CN2CCN(c3ccc(C(=O)NS(=O)(=O)c4ccc(OCC5CCN(C(CF)CF)CC5)c([N+](=O)[O-])c4)c(Oc4cnc5[nH]ccc5c4)c3)CC2)=C(c2ccc(Cl)cc2)C1,0.002,0.0,0.0,4,0,Ki,"1180089,1372860,339678,704721"
CC1(C)CCC(CN2CCN(c3ccc(C(=O)NS(=O)(=O)c4ccc(NCC5CN(CC(F)F)CCO5)c([N+](=O)[O-])c4)c(Oc4cccc5[nH]cnc45)c3)CC2)=C(c2ccc(Cl)cc2)C1,0.002,0.0,0.0,1,0,Ki,325118
CC1(C)CCC(CN2CCN(c3ccc(C(=O)NS(=O)(=O)c4cnc(OCC5CCOCC5)c(Cl)c4)c(Oc4cccc5[nH]ncc45)c3)CC2)=C(c2ccc(Cl)cc2)C1,0.002,0.0,0.0,1,0,Ki,325130
CC1(C)CCC(CN2CCN(c3ccc(C(=O)NS(=O)(=O)c4ccc(NCC5CCOCC5)c([N+](=O)[O-])c4)c(Oc4cccc5[nH]cnc45)c3)CC2)=C(c2ccc(Cl)cc2)C1,0.003,0.0,0.0,1,0,Ki,325106
CN(C)CC(=O)N1CCO[C@H](COc2ncc(S(=O)(=O)NC(=O)c3ccc(N4CCN(CC5=C(c6ccc(Cl)cc6)CC(C)(C)CC5)CC4)cc3Oc3cccc4[nH]ncc34)cc2Cl)C1,0.003,0.0,0.0,1,0,Ki,325128
CN(C)CCOc1ccc(-c2ccc(Cl)cc2)c(CN2CCN(c3ccc(C(=O)NS(=O)(=O)c4ccc(NCC5CCOCC5)c([N+](=O)[O-])c4)c(Oc4cccc5[nH]ccc45)c3)CC2)c1,0.003,0.0,0.0,1,0,Ki,324841
CC1(C)CCC(CN2CCN(c3ccc(C(=O)NS(=O)(=O)c4ccc(NCC5CN(C6CC6)CCO5)c([N+](=O)[O-])c4)c(Oc4cccc5[nH]ncc45)c3)CC2)=C(c2ccc(Cl)cc2)C1,0.003,0.0,0.0,1,0,Ki,325114
CC1(C)CCC(CN2CCN(c3ccc(C(=O)NS(=O)(=O)c4ccc(N[C@@H]5CCN(CC#N)C5)c([N+](=O)[O-])c4)c(Oc4cccc5[nH]cnc45)c3)CC2)=C(c2ccc(Cl)cc2)C1,0.003,0.0,0.0,1,0,Ki,325131
COCCOCCN1CCO[C@H](CNc2ccc(S(=O)(=O)NC(=O)c3ccc(N4CCN(CC5=C(c6ccc(Cl)cc6)CC(C)(C)CC5)CC4)cc3Oc3cccc4[nH]cnc34)cc2[N+](=O)[O-])C1,0.004,0.0,0.0,1,0,Ki,325158
CN1CCC(Nc2ccc(S(=O)(=O)NC(=O)c3ccc(N4CCN(CC5=C(c6ccc(Cl)cc6)CC(C)(C)CC5)CC4)cc3Oc3cccc4[nH]cnc34)cc2[N+](=O)[O-])CC1,0.004,0.0,0.0,1,0,Ki,325121
CN(C)CCOc1ccc(-c2ccc(Cl)cc2)c(CN2CCN(c3ccc(C(=O)NS(=O)(=O)c4ccc(NC5CCN(C)CC5)c([N+](=O)[O-])c4)c(Oc4cccc(Cl)c4)c3)CC2)c1,0.005,0.0,0.0,2,0,Ki,"281370,387616"
COC1CCC(CNc2ccc(S(=O)(=O)NC(=O)c3ccc(N4CCN(CC5=C(c6ccc(Cl)cc6)CC(C)(C)CC5)CC4)cc3Oc3cnc(N)c(Cl)c3)cc2[N+](=O)[O-])CC1,0.005,0.0,0.0,1,0,Ki,387920
CN(C)CCOc1cccc(-c2ccc(Cl)cc2)c1CN1CCN(c2ccc(C(=O)NS(=O)(=O)c3ccc(NC4CCN(C)CC4)c([N+](=O)[O-])c3)c(Oc3cccc4[nH]ccc34)c2)CC1,0.005,0.0,0.0,1,0,Ki,324914
CC1(C)CCC(CN2CCN(c3ccc(C(=O)NS(=O)(=O)c4cnc(NC5CCN(C6CC6)CC5)c(Cl)c4)c(Oc4cccc5[nH]ncc45)c3)CC2)=C(c2ccc(Cl)cc2)C1,0.005,0.0,0.0,1,0,Ki,325151
CC1(C)CCC(CN2CCN(c3ccc(C(=O)NS(=O)(=O)c4cnc(OCC5CCOCC5)c(Br)c4)c(Oc4cccc5[nH]ccc45)c3)CC2)=C(c2ccc(Cl)cc2)C1,0.006,0.0,0.0,1,0,Ki,325068
CC1(C)CCC(CN2CCN(c3ccc(C(=O)NS(=O)(=O)c4cnc(OCC5CCC(F)(F)CC5)c(Cl)c4)c(Oc4cccc5[nH]cnc45)c3)CC2)=C(c2ccc(Cl)cc2)C1,0.007,0.0,0.0,1,0,Ki,325166
CO[C@H]1CC[C@H](CNc2ccc(S(=O)(=O)NC(=O)c3ccc(N4CCN(CC5=C(c6ccc(Cl)cc6)CC(C)(C)CC5)CC4)cc3Oc3cnc4[nH]ccc4c3)cc2[N+](=O)[O-])CC1,0.01,0.0,0.0,3,0,Ki,"1179900,1372765,704626"
O=C(NS(=O)(=O)c1ccc(N[C@H]2CC[C@H](N3CCOCC3)CC2)c([N+](=O)[O-])c1)c1ccc(N2CCN(CC3=C(c4ccc(Cl)cc4)CCC4(CCCC4)C3)CC2)cc1Oc1cnc2[nH]ccc2c1,0.01,0.0,0.0,3,0,Ki,"1179974,1372802,704663"
CC1(C)CCC(CN2CCN(c3ccc(C(=O)NS(=O)(=O)c4ccc(NC5CCN(C6CCOCC6)CC5)c([N+](=O)[O-])c4)c(Oc4cc5cc[nH]c5c(F)c4F)c3)CC2)=C(c2ccc(Cl)cc2)C1,0.01,0.0,0.0,2,0,Ki,"281528,387777"
CC1(C)CCC(CN2CCN(c3ccc(C(=O)NS(=O)(=O)c4ccc(OCC5CN(C6CC6)CCO5)c([N+](=O)[O-])c4)c(Oc4cnc5[nH]ccc5c4)c3)CC2)=C(c2ccc(Cl)cc2)C1,0.01,0.0,0.0,4,0,Ki,"1180160,1373083,339892,704944"
CN1CCC(O)(CNc2ccc(S(=O)(=O)NC(=O)c3ccc(N4CCN(CC5=C(c6ccc(Cl)cc6)CC(C)(C)CC5)CC4)cc3Oc3cccc4[nH]ccc34)cc2[N+](=O)[O-])CC1,0.01,0.0,0.0,1,0,Ki,324898
O=C(NS(=O)(=O)c1ccc(NC2CCN(C3CCOCC3)CC2)c([N+](=O)[O-])c1)c1ccc(N2CCN(CC3=C(c4ccc(Cl)cc4)CCC(O)C3)CC2)cc1Oc1ccc2[nH]ccc2c1,0.01,0.0,0.0,1,0,Ki,324934
CC1(C)CCC(CN2CCN(c3ccc(C(=O)NS(=O)(=O)c4ccc(NCC(F)(F)F)c([N+](=O)[O-])c4)c(Oc4cnc5[nH]ccc5c4)c3)CC2)=C(c2ccc(Cl)cc2)C1,0.011,0.0,0.0,4,0,Ki,"1179884,1372757,339577,704618"
CO[C@H]1CC[C@H](COc2ncc(S(=O)(=O)NC(=O)c3ccc(N4CCN(CC5=C(c6ccc(Cl)cc6)CC(C)(C)CC5)CC4)cc3Oc3cnc4[nH]ccc4c3)cc2Cl)CC1,0.011000000000000001,1.734723475976807e-18,1.001543065824773e-18,3,0,Ki,"1179875,1372941,704802"
O=C(NS(=O)(=O)c1ccc(NCC2CCOCC2)c([N+](=O)[O-])c1)c1ccc(N2CCN(CC3=C(c4ccc(Cl)cc4)CCC(N4CCCC4)C3)CC2)cc1Oc1ccc2[nH]ccc2c1,0.011,0.0,0.0,1,0,Ki,324979
CC1(C)CCC(CN2CCN(c3ccc(C(=O)NS(=O)(=O)c4ccc(NC5CCN(C6CC6)CC5)c([N+](=O)[O-])c4)c(Oc4cccc5[nH]ncc45)c3)CC2)=C(c2ccc(Cl)cc2)C1,0.011,0.0,0.0,1,0,Ki,325139
COC1CCC(CNc2ccc(S(=O)(=O)NC(=O)c3ccc(N4CCN(CC5=C(c6ccc(Cl)cc6)CC(C)(C)CC5)CC4)cc3Oc3cnc(N)c(Br)c3)cc2[N+](=O)[O-])CC1,0.012,0.0,0.0,1,0,Ki,387942
CC1(C)CCC(CN2CCN(c3ccc(C(=O)NS(=O)(=O)c4ccc(OCC#CCN5CCOCC5)c([N+](=O)[O-])c4)c(Oc4cnc5[nH]ccc5c4)c3)CC2)=C(c2ccc(Cl)cc2)C1,0.012,0.0,0.0,4,0,Ki,"1179968,1372799,339619,704660"
CN1CCC(Nc2ccc(S(=O)(=O)NC(=O)c3ccc(N4CCN(CC5=C(c6ccc(Cl)cc6)CC(C)(C)CC5)CC4)cc3Oc3cc4cc[nH]c4cc3F)cc2[N+](=O)[O-])CC1,0.012,0.0,0.0,2,0,Ki,"281484,387731"
CN(C)CCOc1ccc(-c2ccc(Cl)cc2)c(CN2CCN(c3ccc(C(=O)NS(=O)(=O)c4ccc(NCC5CCOCC5)c([N+](=O)[O-])c4)c(Oc4ccc5[nH]ccc5c4)c3)CC2)c1,0.012,0.0,0.0,1,0,Ki,324842
CN(C)CC(=O)N1CCO[C@@H](COc2ncc(S(=O)(=O)NC(=O)c3ccc(N4CCN(CC5=C(c6ccc(Cl)cc6)CC(C)(C)CC5)CC4)cc3Oc3cccc4[nH]ncc34)cc2Cl)C1,0.007,0.0,0.0,1,0,Ki,325129
CN(C)CCOc1ccc(-c2ccc(Cl)cc2)c(CN2CCN(c3ccc(C(=O)NS(=O)(=O)c4ccc(NCCCN5CCCC5)c([N+](=O)[O-])c4)c(Oc4ccc5[nH]ccc5c4)c3)CC2)c1,0.008,0.0,0.0,1,0,Ki,324851
O=C(NS(=O)(=O)c1ccc(NCC2CCOCC2)c([N+](=O)[O-])c1)c1ccc(N2CCN(Cc3cc(OCCN4CCCC4)ccc3-c3ccc(Cl)cc3)CC2)cc1Oc1ccccc1,0.009,0.0,0.0,1,0,Ki,324854
CN(C)CCOc1ccc(-c2ccc(Cl)cc2)c(CN2CCN(c3ccc(C(=O)NS(=O)(=O)c4ccc(NC5CCN(C)CC5)c([N+](=O)[O-])c4)c(Oc4ccccc4)c3)CC2)c1,0.009,0.0,0.0,1,0,Ki,324849
CN1CCN(Nc2ccc(S(=O)(=O)NC(=O)c3ccc(N4CCN(CC5=C(c6ccc(Cl)cc6)CC(C)(C)CC5)CC4)cc3Oc3cnc(N)c(Cl)c3)cc2[N+](=O)[O-])CC1,0.009,0.0,0.0,2,0,Ki,"281666,387918"
CN1CCC(O)(CCNc2ccc(S(=O)(=O)NC(=O)c3ccc(N4CCN(CC5=C(c6ccc(Cl)cc6)CC(C)(C)CC5)CC4)cc3Oc3ccc4[nH]ccc4c3)cc2[N+](=O)[O-])CC1,0.009,0.0,0.0,1,0,Ki,324920
CC1(C)CC(c2ccc(Cl)cc2)=C(CN2CCN(c3ccc(C(=O)NS(=O)(=O)c4ccc(NCC5CCOCC5)c(S(=O)(=O)C(F)(F)F)c4)c(Oc4cnc5[nH]ccc5c4)c3)CC2)CO1,0.012,0.0,0.0,4,0,Ki,"1179918,1372774,339594,704635"
CC1(C)CCC(CN2CCN(c3ccc(C(=O)NS(=O)(=O)c4ccc(N[C@H]5CC[C@@H](N6CCOCC6)CC5)c([N+](=O)[O-])c4)c(Oc4cnc5[nH]ccc5c4)c3)CC2)=C(c2ccc(Cl)cc2)C1,0.012000000000000002,1.734723475976807e-18,1.001543065824773e-18,3,0,Ki,"1179910,1372770,704631"
CC1(C)CCC(CN2CCN(c3ccc(C(=O)NS(=O)(=O)c4cnc(OCC5(F)CCOCC5)c(Cl)c4)c(Oc4cccc5[nH]ncc45)c3)CC2)=C(c2ccc(Cl)cc2)C1,0.012,0.0,0.0,1,0,Ki,325107
CN1CCC(Nc2ccc(S(=O)(=O)NC(=O)c3ccc(N4CCN(CC5=C(c6ccc(Cl)cc6)CC(C)(C)CC5)CC4)cc3Oc3ccc4[nH]ccc4c3)cc2[N+](=O)[O-])CC1,0.013000000000000001,1.734723475976807e-18,7.757919228897728e-19,5,0,Ki,"1180012,1372821,324819,339639,704682"
CC1(C)CCC(CN2CCN(c3ccc(C(=O)NS(=O)(=O)c4ccc(NCC5CN(C6CC6)CCO5)c([N+](=O)[O-])c4)c(Oc4cnc5[nH]ccc5c4)c3)CC2)=C(c2ccc(Cl)cc2)C1,0.013,0.0,0.0,4,0,Ki,"1179891,1372949,339762,704810"
CC1CCC(O)(COc2ncc(S(=O)(=O)NC(=O)c3ccc(N4CCN(CC5=C(c6ccc(Cl)cc6)CC(C)(C)CC5)CC4)cc3Oc3cnc4[nH]ccc4c3)cc2Cl)CC1,0.013,0.0,0.0,1,0,Ki,1180146
CC1(C)CCC(CN2CCN(c3ccc(C(=O)NS(=O)(=O)c4cnc(OC[C@H]5CC[C@@](C)(O)CC5)c(Cl)c4)c(Oc4cnc5[nH]ccc5c4)c3)CC2)=C(c2ccc(Cl)cc2)C1,0.013,0.0,0.0,2,0,Ki,"1373076,704937"
CN1CCC(Nc2ccc(S(=O)(=O)NC(=O)c3ccc(N4CCN(CC5=C(c6ccc(Cl)cc6)CC(C)(C)OC5)CC4)cc3Oc3ccccc3Cl)cc2[N+](=O)[O-])CC1,0.013,0.0,0.0,2,0,Ki,"281371,387617"
CC1(C)CCC(CN2CCN(c3ccc(C(=O)NS(=O)(=O)c4ccc(NC5CCN(C6CCOCC6)CC5)c([N+](=O)[O-])c4)c(Oc4cnc5[nH]ccc5c4)c3)CC2)=C(c2ccc(Cl)cc2)C1,0.013,0.0,0.0,4,0,Ki,"1179838,1372734,339554,704595"
CC1(C)CCC(CN2CCN(c3ccc(C(=O)NS(=O)(=O)c4ccc(NC[C@H]5CC[C@](C)(O)CC5)c([N+](=O)[O-])c4)c(Oc4cnc5[nH]ccc5c4)c3)CC2)=C(c2ccc(Cl)cc2)C1,0.013,0.0,0.0,2,0,Ki,"1373067,704928"
CC1(C)CCC(CN2CCN(c3ccc(C(=O)NS(=O)(=O)c4ccc(NCC5CCC(C)(O)CC5)c([N+](=O)[O-])c4)c(Oc4cnc5[nH]ccc5c4)c3)CC2)=C(c2ccc(Cl)cc2)C1,0.013,0.0,0.0,1,0,Ki,1180128
O=C(NS(=O)(=O)c1ccc(NCC2CCOCC2)c([N+](=O)[O-])c1)c1ccc(N2CCN(CC3=C(c4ccc(Cl)cc4)CCC(O)C3)CC2)cc1Oc1ccc2[nH]ccc2c1,0.013,0.0,0.0,1,0,Ki,324956
CC1(C)CCC(CN2CCN(c3ccc(C(=O)NS(=O)(=O)c4ccc(OCC5C[C@H]6C=C[C@@H]5C6)c([N+](=O)[O-])c4)c(Oc4cnc5[nH]ccc5c4)c3)CC2)=C(c2ccc(Cl)cc2)C1,0.014,0.0,0.0,3,0,Ki,"1179857,1372932,704793"
CN1CCC(Nc2ccc(S(=O)(=O)NC(=O)c3ccc(N4CCN(CC5=C(c6ccc(Cl)cc6)CC(C)(C)OC5)CC4)cc3Oc3ccc4[nH]ccc4c3)cc2[N+](=O)[O-])CC1,0.014,0.0,0.0,1,0,Ki,324866
CC1(C)CCC(CN2CCN(c3ccc(C(=O)NS(=O)(=O)c4cnc(OC[C@]5(F)CC[C@@](C)(O)CC5)c(Cl)c4)c(Oc4cnc5[nH]ccc5c4)c3)CC2)=C(c2ccc(Cl)cc2)C1,0.014,0.0,0.0,2,0,Ki,"1373084,704945"
CC1(C)CCC(CN2CCN(c3ccc(C(=O)NS(=O)(=O)c4ccc(OC[C@H]5CC[C@@](C)(O)CC5)c([N+](=O)[O-])c4)c(Oc4cnc5[nH]ccc5c4)c3)CC2)=C(c2ccc(Cl)cc2)C1,0.014,0.0,0.0,2,0,Ki,"1373081,704942"
CC1(C)CCC(CN2CCN(c3ccc(C(=O)NS(=O)(=O)c4ccc(NC5CCN(C(CF)CF)CC5)c([N+](=O)[O-])c4)c(Oc4cnc5[nH]ccc5c4)c3)CC2)=C(c2ccc(Cl)cc2)C1,0.014,0.0,0.0,4,0,Ki,"1180022,1372826,339644,704687"
CC1(C)CCC(CN2CCN(c3ccc(C(=O)NS(=O)(=O)c4cnc(OCC5(F)CCOCC5)c(Cl)c4)c(Oc4cnc5[nH]ccc5c4)c3)CC2)=C(c2ccc(Cl)cc2)C1,0.014,0.0,0.0,4,0,Ki,"1180024,1372827,339645,704688"
CC1(C)CCC(CN2CCN(c3ccc(C(=O)NS(=O)(=O)c4cnc(OCC5(F)CCC(C)(O)CC5)c(Cl)c4)c(Oc4cnc5[nH]ccc5c4)c3)CC2)=C(c2ccc(Cl)cc2)C1,0.0265,0.0125,0.008838834764831844,2,0,Ki,"1180162,1180164"
CC1(C)CCC(CN2CCN(c3ccc(C(=O)NS(=O)(=O)c4ccc(NC5CCN(C6COC6)CC5)c([N+](=O)[O-])c4)c(Oc4cnc(N)c(Cl)c4)c3)CC2)=C(c2ccc(Cl)cc2)C1,0.014,0.0,0.0,2,0,Ki,"281687,387939"
CC1(C)CCC(CN2CCN(c3ccc(C(=O)NS(=O)(=O)c4ccc(NCC5CN(C6CC6)CCO5)c([N+](=O)[O-])c4)c(Oc4cnc(N)c(Cl)c4)c3)CC2)=C(c2ccc(Cl)cc2)C1,0.014,0.0,0.0,2,0,Ki,"281692,387944"
CN(C)CCOc1cccc(-c2ccc(Cl)cc2)c1CN1CCN(c2ccc(C(=O)NS(=O)(=O)c3ccc(NC4CCN(C5CCOCC5)CC4)c([N+](=O)[O-])c3)c(Oc3cccc4[nH]ccc34)c2)CC1,0.014,0.0,0.0,1,0,Ki,324909
CC1(C)CCC(CN2CCN(c3ccc(C(=O)NS(=O)(=O)c4ccc(OCC5CCC(C)(O)CC5)c([N+](=O)[O-])c4)c(Oc4cnc5[nH]ccc5c4)c3)CC2)=C(c2ccc(Cl)cc2)C1,0.014,0.0,0.0,1,0,Ki,1180156
CC1(C)CCC(CN2CCN(c3ccc(C(=O)NS(=O)(=O)c4ccc(NC5C[C@@H]6C=C[C@H]5C6)c([N+](=O)[O-])c4)c(Oc4cnc5[nH]ccc5c4)c3)CC2)=C(c2ccc(Cl)cc2)C1,0.014,0.0,0.0,1,0,Ki,312116
CC1(C)CCC(CN2CCN(c3ccc(C(=O)NS(=O)(=O)c4ccc(NCC5COCCO5)c([N+](=O)[O-])c4)c(Oc4cnc(N)c(Br)c4)c3)CC2)=C(c2ccc(Cl)cc2)C1,0.015,0.0,0.0,2,0,Ki,"281684,387936"
CC1(C)CCC(CN2CCN(c3ccc(C(=O)NS(=O)(=O)c4ccc(N[C@@H]5CCN(CC(F)F)C5)c([N+](=O)[O-])c4)c(Oc4cccc5[nH]cnc45)c3)CC2)=C(c2ccc(Cl)cc2)C1,0.015,0.0,0.0,1,0,Ki,325110
CN(C)CCOc1cccc(-c2ccc(Cl)cc2)c1CN1CCN(c2ccc(C(=O)NS(=O)(=O)c3ccc(NCCCN4CCCC4)c([N+](=O)[O-])c3)c(Oc3ccccc3)c2)CC1,0.015,0.0,0.0,1,0,Ki,324839
CN(C)CC(=O)N1CCO[C@H](COc2ncc(S(=O)(=O)NC(=O)c3ccc(N4CCN(CC5=C(c6ccc(Cl)cc6)CC(C)(C)CC5)CC4)cc3Oc3cnc4[nH]ccc4c3)cc2Cl)C1,0.015,0.0,0.0,4,0,Ki,"1179945,1372976,339787,704837"
CC1(C)CCC(CN2CCN(c3ccc(C(=O)NS(=O)(=O)c4ccc(OCC5COCCN5C5CCOCC5)c([N+](=O)[O-])c4)c(Oc4cnc5[nH]ccc5c4)c3)CC2)=C(c2ccc(Cl)cc2)C1,0.016,0.0,0.0,4,0,Ki,"1180040,1372835,339653,704696"
CN(C)CCCNc1ccc(NC(=O)c2ccc(N3CCN(CC4=C(c5ccc(Cl)cc5)CC(C)(C)CC4)CC3)cc2Oc2cccc(F)c2)cc1[N+](=O)[O-],0.016,0.0,0.0,1,0,Ki,387716
CC1(C)CCC(CN2CCN(c3ccc(C(=O)NS(=O)(=O)c4ccc(OCC5CCC(C)(O)CC5)c(Cl)c4)c(Oc4cnc5[nH]ccc5c4)c3)CC2)=C(c2ccc(Cl)cc2)C1,0.016,0.0,0.0,1,0,Ki,1180176
CN1CCC(F)(COc2ncc(S(=O)(=O)NC(=O)c3ccc(N4CCN(CC5=C(c6ccc(Cl)cc6)CC(C)(C)CC5)CC4)cc3Oc3cnc4[nH]ccc4c3)cc2Cl)CC1,0.016,0.0,0.0,4,0,Ki,"1179991,1372999,339810,704860"
CC1(C)CCC(CN2CCN(c3ccc(C(=O)NS(=O)(=O)c4ccc(N[C@@H]5CCN(CC(F)F)C5)c([N+](=O)[O-])c4)c(Oc4cnc(N)c(Cl)c4)c3)CC2)=C(c2ccc(Cl)cc2)C1,0.016,0.0,0.0,2,0,Ki,"281676,387928"
CN(C)CC(=O)N1CCC(COc2ncc(S(=O)(=O)NC(=O)c3ccc(N4CCN(CC5=C(c6ccc(Cl)cc6)CC(C)(C)CC5)CC4)cc3Oc3cnc4[nH]ccc4c3)cc2Cl)CC1,0.016,0.0,0.0,4,0,Ki,"1179973,1372990,339801,704851"
CC1(C)CCC(CN2CCN(c3ccc(C(=O)NS(=O)(=O)c4ccc(NC[C@@H]5CCCOC5)c([N+](=O)[O-])c4)c(Oc4cnc5[nH]ccc5c4)c3)CC2)=C(c2ccc(Cl)cc2)C1,0.016,0.0,0.0,4,0,Ki,"1179854,1372742,339562,704603"
CC1(C)CCC(CN2CCN(c3ccc(C(=O)NS(=O)(=O)c4ccc(OC[C@H]5CC[C@@](C)(O)CC5)c(Cl)c4)c(Oc4cnc5[nH]ccc5c4)c3)CC2)=C(c2ccc(Cl)cc2)C1,0.016,0.0,0.0,2,0,Ki,"1373091,704952"
CN(C)CCCNc1ccc(S(=O)(=O)NC(=O)c2ccc(N3CCN(CC4=C(c5ccc(Cl)cc5)CC(C)(C)CC4)CC3)cc2Oc2cccc(F)c2)cc1[N+](=O)[O-],0.016,0.0,0.0,1,0,Ki,281470
CC1(C)CCC(CN2CCN(c3ccc(C(=O)NS(=O)(=O)c4ccc(OCC5(F)CCC(N(CCC#N)C6CC6)CC5)c([N+](=O)[O-])c4)c(Oc4cnc5[nH]ccc5c4)c3)CC2)=C(c2ccc(Cl)cc2)C1,0.017,0.0,0.0,3,0,Ki,"1180178,1373092,704953"
CN1CCN(Nc2ccc(S(=O)(=O)NC(=O)c3ccc(N4CCN(CC5=C(c6ccc(Cl)cc6)CCC(O)C5)CC4)cc3Oc3ccc4[nH]ccc4c3)cc2[N+](=O)[O-])CC1,0.017,0.0,0.0,1,0,Ki,324935
CC1(C)CCC(CN2CCN(c3ccc(C(=O)NS(=O)(=O)c4ccc(OCC5(F)CCN(C6CC6)CC5)c([N+](=O)[O-])c4)c(Oc4cc5cc[nH]c5cc4F)c3)CC2)=C(c2ccc(Cl)cc2)C1,0.017,0.0,0.0,2,0,Ki,"281664,387916"
CC1(C)CC(c2ccc(Cl)cc2)=C(CN2CCN(c3ccc(C(=O)NS(=O)(=O)c4ccc(NCC5CCOCC5)c([N+](=O)[O-])c4)c(Oc4cc5cc[nH]c5cc4F)c3)CC2)CO1,0.017,0.0,0.0,2,0,Ki,"281601,387852"
CC1(C)CCC(CN2CCN(c3ccc(C(=O)NS(=O)(=O)c4cnc(OCC5CCOCC5)c(C#N)c4)c(Oc4cnc5[nH]ccc5c4)c3)CC2)=C(c2ccc(Cl)cc2)C1,0.017,0.0,0.0,4,0,Ki,"1179904,1372767,339587,704628"
CC1(C)CCC(CN2CCN(c3ccc(C(=O)NS(=O)(=O)c4ccc(NC5CN(C(CF)CF)C5)c([N+](=O)[O-])c4)c(Oc4cnc5[nH]ccc5c4)c3)CC2)=C(c2ccc(Cl)cc2)C1,0.017,0.0,0.0,4,0,Ki,"1180133,1372882,339700,704743"
CN1CCC(Nc2ccc(S(=O)(=O)NC(=O)c3ccc(N4CCN(CC5=C(c6ccc(Cl)cc6)CC(C)(C)CC5)CC4)cc3Oc3cccc4c3CC(=O)N4)cc2[N+](=O)[O-])CC1,0.017,0.0,0.0,2,0,Ki,"281612,387863"
CC1(C)CCC(CN2CCN(c3ccc(C(=O)NS(=O)(=O)c4ccc(NC5CCN(CC(F)F)CC5)c([N+](=O)[O-])c4)c(Oc4cnc5[nH]ccc5c4)c3)CC2)=C(c2ccc(Cl)cc2)C1,0.017,0.0,0.0,4,0,Ki,"1180026,1372828,339646,704689"
CC1(C)CCC(CN2CCN(c3ccc(C(=O)NS(=O)(=O)c4ccc(N[C@H]5CCN(CCF)C5)c([N+](=O)[O-])c4)c(Oc4cnc5[nH]ccc5c4)c3)CC2)=C(c2ccc(Cl)cc2)C1,0.017,0.0,0.0,4,0,Ki,"1180191,1372912,339730,704773"
CC1(C)CCC(CN2CCN(c3ccc(C(=O)NS(=O)(=O)c4ccc(NCC5CCOCC5)c([N+](=O)[O-])c4)c(Oc4ccc5[nH]ccc5c4)c3)CC2)=C(c2ccc(Cl)cc2)C1,0.017,0.0,0.0,5,1,Ki,"1179868,1372749,339569,704610"
CC1(C)CCC(CN2CCN(c3ccc(C(=O)NS(=O)(=O)c4ccc(N[C@@H]5CCN(C(CF)CF)C5)c([N+](=O)[O-])c4)c(Oc4cccc5[nH]ncc45)c3)CC2)=C(c2ccc(Cl)cc2)C1,0.017,0.0,0.0,1,0,Ki,325138
CN1CCN(Nc2ccc(S(=O)(=O)NC(=O)c3ccc(N4CCN(CC5=C(c6ccc(Cl)cc6)CC(C)(C)CC5)CC4)cc3Oc3cnc4[nH]ccc4c3)cc2[N+](=O)[O-])CC1,0.018,0.0,0.0,4,0,Ki,"1179844,1372737,339557,704598"
CC1(C)CCC(CN2CCN(c3ccc(C(=O)NS(=O)(=O)c4ccc(N[C@@H]5CCN(C(CF)CF)C5)c([N+](=O)[O-])c4)c(Oc4cnc(N)c(Cl)c4)c3)CC2)=C(c2ccc(Cl)cc2)C1,0.018,0.0,0.0,2,0,Ki,"281717,387969"
CC1(C)CCC(CN2CCN(c3ccc(C(=O)NS(=O)(=O)c4ccc(N[C@H]5CC[C@H](NS(C)(=O)=O)CC5)c([N+](=O)[O-])c4)c(Oc4cnc5[nH]ccc5c4)c3)CC2)=C(c2ccc(Cl)cc2)C1,0.018,0.0,0.0,3,0,Ki,"1180206,1372920,704781"
CC1(C)CCC(CN2CCN(c3ccc(C(=O)NS(=O)(=O)c4ccc(NCC5CCOCC5)c([N+](=O)[O-])c4)c(Oc4cnc5[nH]ccc5c4)c3)CC2)=C(c2ccc(Cl)cc2)C1,2.1378333333333335,4.507296340995959,1.3011443778957161,13,1,Ki,"1303723,1303725,1303727,1303729,1303731,1303733,1303735,1303737,312125,51272553,51462828,51462836"
CC1(C)CCC(CN2CCN(c3ccc(C(=O)NS(=O)(=O)c4ccc(OC[C@H]5COCCO5)c([N+](=O)[O-])c4)c(Oc4ccc5[nH]ccc5c4)c3)CC2)=C(c2ccc(Cl)cc2)C1,0.018,0.0,0.0,1,0,Ki,325050
CC1(C)CCC(CN2CCN(c3ccc(C(=O)NS(=O)(=O)c4cnc(OCC5(F)CCOCC5)c(Cl)c4)c(Oc4cnc(N)c(Cl)c4)c3)CC2)=C(c2ccc(Cl)cc2)C1,0.019,0.0,0.0,2,0,Ki,"281672,387924"
COCCN1CCC(Nc2ccc(S(=O)(=O)NC(=O)c3ccc(N4CCN(CC5=C(c6ccc(Cl)cc6)CC(C)(C)CC5)CC4)cc3Oc3cccc(Cl)c3)cc2[N+](=O)[O-])CC1,0.019,0.0,0.0,2,0,Ki,"281501,387750"
CN1CCC(Nc2ccc(S(=O)(=O)NC(=O)c3ccc(N4CCN(CC5=C(c6ccc(Cl)cc6)CC(C)(C)CC5)CC4)cc3Oc3ccc(N)c(Cl)c3)cc2[N+](=O)[O-])CC1,0.019,0.0,0.0,2,0,Ki,"281373,387619"
CN(C)CC(=O)N1CCO[C@@H](COc2ncc(S(=O)(=O)NC(=O)c3ccc(N4CCN(CC5=C(c6ccc(Cl)cc6)CC(C)(C)CC5)CC4)cc3Oc3cnc4[nH]ccc4c3)cc2Cl)C1,0.019,0.0,0.0,4,0,Ki,"1179949,1372978,339789,704839"
CN(C)CCOc1cccc(Oc2cc(N3CCN(Cc4ccccc4-c4ccc(Cl)cc4)CC3)ccc2C(=O)NS(=O)(=O)c2ccc(NCC3CCOCC3)c([N+](=O)[O-])c2)c1,0.019,0.0,0.0,2,0,Ki,"281372,387618"
CC1(C)CCC(CN2CCN(c3ccc(C(=O)NS(=O)(=O)c4ccc(NC5CCN(C6CCOCC6)CC5)c([N+](=O)[O-])c4)c(Oc4cc(F)cc5[nH]ccc45)c3)CC2)=C(c2ccc(Cl)cc2)C1,0.02,0.0,0.0,2,0,Ki,"281537,387786"
CN1CCC(Nc2ccc(S(=O)(=O)NC(=O)c3ccc(N4CCN(CC5=C(c6ccc(Cl)cc6)CC(C)(C)CC5)CC4)cc3Oc3ccc4[nH]ccc4c3)cc2S(=O)(=O)C(F)(F)Cl)CC1,0.02,0.0,0.0,1,0,Ki,324801
CC1(C)CC(c2ccc(Cl)cc2)=C(CN2CCN(c3ccc(C(=O)NS(=O)(=O)c4cnc(OCC5(F)CCOCC5)c(Cl)c4)c(Oc4cc5cc[nH]c5cc4F)c3)CC2)CO1,0.02,0.0,0.0,2,0,Ki,"281711,387963"
CC1(C)CCC(CN2CCN(c3ccc(C(=O)NS(=O)(=O)c4ccc(OCC5CCOCC5)c([N+](=O)[O-])c4)c(Oc4cnc(N)c(Cl)c4)c3)CC2)=C(c2ccc(Cl)cc2)C1,0.02,0.0,0.0,2,0,Ki,"281704,387956"
CC1(C)CCC(CN2CCN(c3ccc(C(=O)NS(=O)(=O)c4ccc(NCC5COCCN5C5CCOCC5)c([N+](=O)[O-])c4)c(Oc4cnc5[nH]ccc5c4)c3)CC2)=C(c2ccc(Cl)cc2)C1,0.021,0.0,0.0,4,0,Ki,"1180169,1372900,339718,704761"
CN(C)CCCNc1ccc(S(=O)(=O)NC(=O)c2ccc(N3CCN(CC4=C(c5ccc(Cl)cc5)CC(C)(C)CC4)CC3)cc2Oc2ccccc2F)cc1[N+](=O)[O-],0.021,0.0,0.0,2,0,Ki,"281469,387715"
CC1(C)CCCC(c2ccc(Cl)cc2)=C1CN1CCN(c2ccc(C(=O)NS(=O)(=O)c3ccc(NCC4CCOCC4)c([N+](=O)[O-])c3)c(Oc3cnc4[nH]ccc4c3)c2)CC1,0.021,0.0,0.0,4,0,Ki,"1180034,1372832,339650,704693"
CC1(C)CCC(CN2CCN(c3ccc(C(=O)NS(=O)(=O)c4cnc(OCC5COCCO5)c(Br)c4)c(Oc4cnc5[nH]ccc5c4)c3)CC2)=C(c2ccc(Cl)cc2)C1,0.021,0.0,0.0,4,0,Ki,"1179932,1372781,339601,704642"
CC1(C)CCC(CN2CCN(c3ccc(C(=O)NS(=O)(=O)c4ccc(NCC5CCC(F)(F)CC5)c([N+](=O)[O-])c4)c(Oc4cccc5[nH]ncc45)c3)CC2)=C(c2ccc(Cl)cc2)C1,0.021,0.0,0.0,1,0,Ki,325115
CC1(C)CCC(CN2CCN(c3ccc(C(=O)NS(=O)(=O)c4ccc(NCC5COCCN5C5CCC5)c([N+](=O)[O-])c4)c(Oc4cnc5[nH]ccc5c4)c3)CC2)=C(c2ccc(Cl)cc2)C1,0.022,0.0,0.0,4,0,Ki,"1180171,1372901,339719,704762"
CC1(C)CCC(CN2CCN(c3ccc(C(=O)NS(=O)(=O)c4ccc(NCc5ccc(O)cc5)c([N+](=O)[O-])c4)c(Oc4cnc5[nH]ccc5c4)c3)CC2)=C(c2ccc(Cl)cc2)C1,0.022,0.0,0.0,4,0,Ki,"1180198,1372916,339733,704777"
CN1CCC(Nc2ccc(S(=O)(=O)NC(=O)c3ccc(N4CCN(CC5=C(c6ccc(Cl)cc6)CC(C)(C)CC5)CC4)cc3Oc3cc(Cl)cc(Cl)c3)cc2[N+](=O)[O-])CC1,0.022,0.0,0.0,2,0,Ki,"281368,387614"
CC1(C)CCC(CN2CCN(c3ccc(C(=O)NS(=O)(=O)c4ccc(NC5CCC(NC6CC6(F)F)CC5)c([N+](=O)[O-])c4)c(Oc4cnc5[nH]ccc5c4)c3)CC2)=C(c2ccc(Cl)cc2)C1,0.023000000000000003,3.469446951953614e-18,2.003086131649546e-18,3,0,Ki,"1180150,1373078,704939"
CC1(C)CCC(CN2CCN(c3ccc(C(=O)NS(=O)(=O)c4ccc(O[C@@H]5CCN(C(CF)CF)C5)c([N+](=O)[O-])c4)c(Oc4cnc5[nH]ccc5c4)c3)CC2)=C(c2ccc(Cl)cc2)C1,0.023,0.0,0.0,4,0,Ki,"1179925,1372966,339777,704827"
COc1cccc(CNc2ccc(S(=O)(=O)NC(=O)c3ccc(N4CCN(CC5=C(c6ccc(Cl)cc6)CC(C)(C)CC5)CC4)cc3Oc3cnc4[nH]ccc4c3)cc2[N+](=O)[O-])c1,0.023,0.0,0.0,4,0,Ki,"1180183,1372907,339725,704768"
CC1(C)CCC(CN2CCN(c3ccc(C(=O)NS(=O)(=O)c4ccc(OCC5CCN(C6COC6)CC5)c(Cl)c4)c(Oc4cnc5[nH]ccc5c4)c3)CC2)=C(c2ccc(Cl)cc2)C1,0.023,0.0,0.0,4,0,Ki,"1180070,1373038,339849,704899"
CC1(C)CCC(CN2CCN(c3ccc(C(=O)NS(=O)(=O)c4ccc(NCC5CN(C6CC6)CCO5)c([N+](=O)[O-])c4)c(Oc4cccc5[nH]cnc45)c3)CC2)=C(c2ccc(Cl)cc2)C1,0.023,0.0,0.0,1,0,Ki,325135
CC1(C)CCC(CN2CCN(c3ccc(C(=O)NS(=O)(=O)c4cnc(OCC5(F)CCOCC5)c(F)c4)c(Oc4cccc5[nH]ncc45)c3)CC2)=C(c2ccc(Cl)cc2)C1,0.023,0.0,0.0,1,0,Ki,325119
CC1(C)CCC(CN2CCN(c3ccc(C(=O)NS(=O)(=O)c4ccc(OCC5CCOCC5)c(C#N)c4)c(Oc4cnc5[nH]ccc5c4)c3)CC2)=C(c2ccc(Cl)cc2)C1,0.024,0.0,0.0,4,0,Ki,"1180021,1373014,339825,704875"
CC1(C)CCC(CN2CCN(c3ccc(C(=O)NS(=O)(=O)c4ccc(NN5CCN(C6CCOCC6)CC5)c([N+](=O)[O-])c4)c(Oc4cnc5[nH]ccc5c4)c3)CC2)=C(c2ccc(Cl)cc2)C1,0.024,0.0,0.0,4,0,Ki,"1179929,1372968,339779,704829"
CC1(C)CCC(CN2CCN(c3ccc(C(=O)NS(=O)(=O)c4ccc(NCC5CCC(C)(C#N)CC5)c([N+](=O)[O-])c4)c(Oc4cnc5[nH]ccc5c4)c3)CC2)=C(c2ccc(Cl)cc2)C1,0.024000000000000004,3.469446951953614e-18,2.003086131649546e-18,3,0,Ki,"1180184,1373095,704956"
CN1CCC(O)(CNc2ccc(S(=O)(=O)NC(=O)c3ccc(N4CCN(CC5=C(c6ccc(Cl)cc6)CC(C)(C)CC5)CC4)cc3Oc3ccccc3Cl)cc2[N+](=O)[O-])CC1,0.024,0.0,0.0,2,0,Ki,"281520,387769"
CC1(C)CC(c2ccc(Cl)cc2)=C(CN2CCN(c3ccc(C(=O)NS(=O)(=O)c4cnc(OCC5(F)CCOCC5)c(Cl)c4)c(Oc4cccc5[nH]ncc45)c3)CC2)CO1,0.025,0.0,0.0,1,0,Ki,325168
CC1(C)CCC(CN2CCN(c3ccc(C(=O)NS(=O)(=O)c4ccc(NC5CCN(CCCO)CC5)c([N+](=O)[O-])c4)c(Oc4ccc5[nH]ccc5c4)c3)CC2)=C(c2ccc(Cl)cc2)C1,0.025,0.0,0.0,1,0,Ki,324907
CC1(C)CCC(CN2CCN(c3ccc(C(=O)NS(=O)(=O)c4ccc(NCC5CCC(F)(F)CC5)c([N+](=O)[O-])c4)c(Oc4cnc5[nH]ccc5c4)c3)CC2)=C(c2ccc(Cl)cc2)C1,0.026,0.0,0.0,4,0,Ki,"1179933,1372970,339781,704831"
CN1CCC(Nc2ccc(S(=O)(=O)NC(=O)c3ccc(N4CCN(CC5=C(c6ccc(Cl)cc6)CC(C)(C)CC5)CC4)cc3Oc3ccccc3)cc2[N+](=O)[O-])CC1,0.026,0.0,0.0,1,0,Ki,324868
CN1CCC(CNc2ccc(S(=O)(=O)NC(=O)c3ccc(N4CCN(CC5=C(c6ccc(Cl)cc6)CC(C)(C)CC5)CC4)cc3Oc3cccc4[nH]cnc34)cc2[N+](=O)[O-])CC1,0.026,0.0,0.0,1,0,Ki,325157
CC1(C)CCC(CN2CCN(c3ccc(C(=O)NS(=O)(=O)c4ccc(NC5CCN(C6CC6)CC5)c(S(=O)(=O)C(F)(F)F)c4)c(Oc4cnc5[nH]ccc5c4)c3)CC2)=C(c2ccc(Cl)cc2)C1,0.026,0.0,0.0,4,0,Ki,"1179835,1372921,339738,704782"
CC(C)N1CCC(Nc2ccc(S(=O)(=O)NC(=O)c3ccc(N4CCN(CC5=C(c6ccc(Cl)cc6)CC(C)(C)CC5)CC4)cc3Oc3ccccc3Cl)cc2[N+](=O)[O-])CC1,0.027,0.0,0.0,2,0,Ki,"281374,387620"
CC1(C)CCC(CN2CCN(c3ccc(C(=O)NS(=O)(=O)c4ccc(NC5CCN(C6CCOCC6)CC5)c([N+](=O)[O-])c4)c(Oc4ccc(O)cc4Cl)c3)CC2)=C(c2ccc(Cl)cc2)C1,0.027,0.0,0.0,2,0,Ki,"281543,387792"
CC1(C)CCC(CN2CCN(c3ccc(C(=O)NS(=O)(=O)c4ccc(NCCCN5CCCC5)c([N+](=O)[O-])c4)c(Oc4ccc5[nH]ccc5c4)c3)CC2)=C(c2ccc(Cl)cc2)C1,0.027,0.0,0.0,1,0,Ki,324818
CN1CCC(Nc2ccc(S(=O)(=O)NC(=O)c3ccc(N4CCN(CC5=C(c6ccc(Cl)cc6)CC(C)(C)OC5)CC4)cc3Oc3cccc(Cl)c3)cc2[N+](=O)[O-])CC1,0.028,0.0,0.0,2,0,Ki,"281476,387722"
CC1(C)CCC(CN2CCN(c3ccc(C(=O)NS(=O)(=O)c4ccc(NC5CCC(N6CCOCC6)CC5)c([N+](=O)[O-])c4)c(Oc4cccc5c4CC(=O)N5)c3)CC2)=C(c2ccc(Cl)cc2)C1,0.028,0.0,0.0,1,0,Ki,387895
CN1CCC(Nc2ccc(S(=O)(=O)NC(=O)c3ccc(N4CCN(CC5=C(c6ccc(Cl)cc6)CC(C)(C)OC5)CC4)cc3Oc3cccc(Br)c3)cc2[N+](=O)[O-])CC1,0.028,0.0,0.0,2,0,Ki,"281489,387737"
CC1(C)CCC(CN2CCN(c3ccc(C(=O)NS(=O)(=O)c4cnc(OC[C@@H]5CCN(CC(F)F)C5)c(Cl)c4)c(Oc4cccc5[nH]ncc45)c3)CC2)=C(c2ccc(Cl)cc2)C1,0.028,0.0,0.0,1,0,Ki,325148
CC1(C)CCC(CN2CCN(c3ccc(C(=O)NS(=O)(=O)c4ccc(OCC5COCCO5)c([N+](=O)[O-])c4)c(Oc4cccc5[nH]ncc45)c3)CC2)=C(c2ccc(Cl)cc2)C1,0.028,0.0,0.0,1,0,Ki,325150
CO[C@H]1CC[C@H](CNc2ccc(S(=O)(=O)NC(=O)c3ccc(N4CCN(CC5=C(c6ccc(Cl)cc6)CCC6(CCCC6)C5)CC4)cc3Oc3cnc4[nH]ccc4c3)cc2[N+](=O)[O-])CC1,0.029,0.0,0.0,3,0,Ki,"1179980,1372805,704666"
CC1(C)CCC(CN2CCN(c3ccc(C(=O)NS(=O)(=O)c4cnc(OCC5(F)CCOCC5)c(F)c4)c(Oc4cnc5[nH]ccc5c4)c3)CC2)=C(c2ccc(Cl)cc2)C1,0.029,0.0,0.0,4,0,Ki,"1179951,1372979,339790,704840"
COCCNc1ccc(S(=O)(=O)NC(=O)c2ccc(N3CCN(CC4=C(c5ccc(Cl)cc5)CC(C)(C)CC4)CC3)cc2Oc2cccc3c2CC(=O)N3)cc1[N+](=O)[O-],0.029,0.0,0.0,2,0,Ki,"281644,387896"
CC1(C)CCC(CN2CCN(c3ccc(C(=O)NS(=O)(=O)c4ccc(NCCCN5CCCC5)c([N+](=O)[O-])c4)c(Oc4cccc(Cl)c4F)c3)CC2)=C(c2ccc(Cl)cc2)C1,0.03,0.0,0.0,2,0,Ki,"198644,387727"
CC1(C)CCC(CN2CCN(c3ccc(C(=O)NS(=O)(=O)c4ccc(N[C@@H]5CCN(C(CF)CF)C5)c([N+](=O)[O-])c4)c(Oc4cnc5[nH]ccc5c4)c3)CC2)=C(c2ccc(Cl)cc2)C1,0.03,0.0,0.0,4,0,Ki,"1179869,1372938,339752,704799"
CC1(C)CCC(CN2CCN(c3ccc(C(=O)NS(=O)(=O)c4cnc(OCC5CCC(N(C6CC6)C6COC6)CC5)c(Cl)c4)c(Oc4cnc5[nH]ccc5c4)c3)CC2)=C(c2ccc(Cl)cc2)C1,0.03,0.0,0.0,3,0,Ki,"1180110,1373058,704919"
CN1CCC(Nc2ccc(S(=O)(=O)NC(=O)c3ccc(N4CCN(CC5=C(c6ccc(Cl)cc6)CC(C)(C)CC5)CC4)cc3Oc3ccccc3Br)cc2[N+](=O)[O-])CC1,0.03,0.0,0.0,2,0,Ki,"281375,387621"
CC1(C)CCC(CN2CCN(c3ccc(C(=O)NS(=O)(=O)c4ccc(NC5CCN(C6CCOCC6)CC5)c([N+](=O)[O-])c4)c(Oc4cccc(Cl)c4)c3)CC2)=C(c2ccc(Cl)cc2)C1,0.03,0.0,0.0,2,0,Ki,"281459,387705"
CN1CCC(Nc2ccc(S(=O)(=O)NC(=O)c3ccc(N4CCN(CC5=C(c6ccc(Cl)cc6)CC(C)(C)OC5)CC4)cc3Oc3cccc4[nH]ccc34)cc2[N+](=O)[O-])CC1,0.03,0.0,0.0,1,0,Ki,324861
CN(C)CCCNc1ccc(S(=O)(=O)NC(=O)c2ccc(N3CCN(CC4=C(c5ccc(Cl)cc5)CC(C)(C)CC4)CC3)cc2Oc2cccc3[nH]cc(CN4CCN(C)CC4)c23)cc1[N+](=O)[O-],0.031,0.0,0.0,2,0,Ki,"281540,387789"
O=C(NS(=O)(=O)c1cnc(OCC2(F)CCOCC2)c(Cl)c1)c1ccc(N2CCC(F)(Cc3ccccc3-c3ccc(Cl)cc3)CC2)cc1Oc1cnc2[nH]ccc2c1,0.031,0.0,0.0,4,0,Ki,"1179997,1373002,339813,704863"
CC1(C)CCC(CN2CCN(c3ccc(C(=O)NS(=O)(=O)c4ccc(OCC5(F)CCOCC5)c([N+](=O)[O-])c4)c(Oc4ccc5[nH]ccc5c4)c3)CC2)=C(c2ccc(Cl)cc2)C1,0.031,0.0,0.0,1,0,Ki,325031
CN1CCC(F)(COc2ccc(S(=O)(=O)NC(=O)c3ccc(N4CCN(CC5=C(c6ccc(Cl)cc6)CC(C)(C)CC5)CC4)cc3Oc3cnc4[nH]ccc4c3)cc2S(=O)(=O)C(F)(F)F)CC1,0.031,0.0,0.0,4,0,Ki,"1179915,1372961,339773,704822"
CN1CCC(Nc2ccc(S(=O)(=O)NC(=O)c3ccc(N4CCN(CC5=C(c6ccc(Cl)cc6)CC(C)(C)OC5)CC4)cc3Oc3cccc(I)c3)cc2[N+](=O)[O-])CC1,0.031,0.0,0.0,2,0,Ki,"281490,387738"
CC1(C)CCC(CN2CCN(c3ccc(C(=O)NS(=O)(=O)c4ccc(NC5CCN(C6CCOCC6)CC5)c([N+](=O)[O-])c4)c(Oc4cccc(F)c4)c3)CC2)=C(c2ccc(Cl)cc2)C1,0.032,0.0,0.0,2,0,Ki,"281445,387691"
CN(C)CCCc1cccc(-c2ccc(Cl)cc2)c1CN1CCN(c2ccc(C(=O)NS(=O)(=O)c3ccc(NCC4CCOCC4)c([N+](=O)[O-])c3)c(Oc3cccc4[nH]ccc34)c2)CC1,0.032,0.0,0.0,1,0,Ki,324906
Cc1cc(Oc2cc(N3CCN(CC4=C(c5ccc(Cl)cc5)CC(C)(C)CC4)CC3)ccc2C(=O)NS(=O)(=O)c2ccc(NCC3CCOCC3)c([N+](=O)[O-])c2)cnc1N,0.033,0.0,0.0,2,0,Ki,"281685,387937"
CC1(C)CCC(CN2CCN(c3ccc(C(=O)NS(=O)(=O)c4ccc(NC5CCN(C6CCOCC6)CC5)c([N+](=O)[O-])c4)c(Oc4ccccc4F)c3)CC2)=C(c2ccc(Cl)cc2)C1,0.033,0.0,0.0,2,0,Ki,"281456,387702"
CC1(C)CCC(CN2CCN(c3ccc(C(=O)NS(=O)(=O)c4ccc(NN5CCN(C6COC6)CC5)c([N+](=O)[O-])c4)c(Oc4cnc5[nH]ccc5c4)c3)CC2)=C(c2ccc(Cl)cc2)C1,0.033,0.0,0.0,4,0,Ki,"1179927,1372967,339778,704828"
CC1(C)CCC(CN2CCN(c3ccc(C(=O)NS(=O)(=O)c4ccc(OC[C@H]5CC[C@H](O)CC5)c(Cl)c4)c(Oc4cnc5[nH]ccc5c4)c3)CC2)=C(c2ccc(Cl)cc2)C1,0.033,0.0,0.0,3,0,Ki,"1180062,1373034,704895"
CC1(C)CCC(CN2CCN(c3ccc(C(=O)NS(=O)(=O)c4cnc(OC[C@H]5CC[C@](C)(O)CC5)c(Cl)c4)c(Oc4cnc5[nH]ccc5c4)c3)CC2)=C(c2ccc(Cl)cc2)C1,0.034,0.0,0.0,2,0,Ki,"1373077,704938"
CC1(C)CC(c2ccc(Cl)cc2)=C2CN3CCN(c4ccc(C(=O)NS(=O)(=O)c5ccc(NCC6COCCO6)c([N+](=O)[O-])c5)c(N5CCCOc6nc7[nH]ccc7cc65)c4)C[C@H]3COCCCO[C@@H]2C1,0.034,0.0,0.0,1,0,Ki,1497959
CN1CCC(Nc2ccc(S(=O)(=O)NC(=O)c3ccc(N4CCN(CC5=C(c6ccc(Cl)cc6)CCCC5)CC4)cc3Oc3ccccc3Cl)cc2[N+](=O)[O-])CC1,0.034,0.0,0.0,2,0,Ki,"281376,387622"
CC1(C)CCC(CN2CCN(c3ccc(C(=O)NS(=O)(=O)c4ccc(NCC5CCOC5)c([N+](=O)[O-])c4)c(Oc4cc5cc[nH]c5cc4F)c3)CC2)=C(c2ccc(Cl)cc2)C1,0.034,0.0,0.0,2,0,Ki,"281655,387907"
CC1(C)CCC(CN2CCN(c3ccc(C(=O)NS(=O)(=O)c4cnc(OCC5CCC(C)(O)CC5)c(Cl)c4)c(Oc4cnc5[nH]ccc5c4)c3)CC2)=C(c2ccc(Cl)cc2)C1,0.034,0.0,0.0,1,0,Ki,1180148
CC1(C)CC(c2ccc(Cl)cc2)=C2CN3CCN(c4ccc(C(=O)NS(=O)(=O)c5ccc(NC[C@H]6COCCO6)c([N+](=O)[O-])c5)c(N5CCCOc6nc7[nH]ccc7cc65)c4)C[C@H]3COCCCO[C@@H]2C1,0.034,0.0,0.0,2,0,Ki,"1406188,51565550"
O=C(NS(=O)(=O)c1cnc(OCC2CCOCC2)c(Cl)c1)c1ccc(N2CCN(CC3=C(c4ccc(Cl)cc4)CCC4(CCN(C(CF)CF)CC4)C3)CC2)cc1Oc1cnc2[nH]ccc2c1,0.035,0.0,0.0,4,0,Ki,"1179987,1372997,339808,704858"
CC(C)N1CCC2(CCC(c3ccc(Cl)cc3)=C(CN3CCN(c4ccc(C(=O)NS(=O)(=O)c5ccc(NCC6CCOCC6)c(C(F)(F)F)c5)c(Oc5cnc6[nH]ccc6c5)c4)CC3)C2)CC1,0.035,0.0,0.0,4,0,Ki,"1179999,1373003,339814,704864"
CC1(C)CCC(CN2CCN(c3ccc(C(=O)NS(=O)(=O)c4ccc(OCc5ccoc5)c([N+](=O)[O-])c4)c(Oc4cnc5[nH]ccc5c4)c3)CC2)=C(c2ccc(Cl)cc2)C1,0.035,0.0,0.0,4,0,Ki,"1180011,1373009,339820,704870"
CN1CCC(CNc2ccc(S(=O)(=O)NC(=O)c3ccc(N4CCN(CC5=C(c6ccc(Cl)cc6)CC(C)(C)CC5)CC4)cc3Oc3cccc(F)c3F)cc2[N+](=O)[O-])CC1,0.035,0.0,0.0,2,0,Ki,"281486,387733"
CC1(C)CCC(CN2CCN(c3ccc(C(=O)NS(=O)(=O)c4ccc(NCC5CCC(C#N)CC5)c([N+](=O)[O-])c4)c(Oc4cnc(N)c(Cl)c4)c3)CC2)=C(c2ccc(Cl)cc2)C1,0.035,0.0,0.0,1,0,Ki,387976
CC1(C)CCC(CN2CCN(c3ccc(C(=O)NS(=O)(=O)c4ccc(NN5CCS(=O)(=O)CC5)c([N+](=O)[O-])c4)c(Oc4cnc5[nH]ccc5c4)c3)CC2)=C(c2ccc(Cl)cc2)C1,0.035,0.0,0.0,4,0,Ki,"1180046,1372838,339656,704699"
CN1CCN(Nc2ccc(S(=O)(=O)NC(=O)c3ccc(N4CCN(CC5=C(c6ccc(Cl)cc6)CC(C)(C)OC5)CC4)cc3Oc3cccc(F)c3F)cc2[N+](=O)[O-])CC1,0.035,0.0,0.0,2,0,Ki,"281514,387763"
CC1(C)CCC(CN2CCN(c3ccc(C(=O)NS(=O)(=O)c4cnc(OCC5(F)CCOCC5)c(C#N)c4)c(Oc4cccc5[nH]ncc45)c3)CC2)=C(c2ccc(Cl)cc2)C1,0.035,0.0,0.0,1,0,Ki,325109
CC1(C)CCC(CN2CCN(c3ccc(C(=O)NS(=O)(=O)c4ccc(NCCCN5CCCC5)c([N+](=O)[O-])c4)c(Oc4cccc5[nH]ccc45)c3)CC2)=C(c2ccc(Cl)cc2)C1,0.035,0.0,0.0,1,0,Ki,324823
CN1CCC(COc2ccc(S(=O)(=O)NC(=O)c3ccc(N4CCN(CC5=C(c6ccc(Cl)cc6)CC(C)(C)CC5)CC4)cc3Oc3ccc4[nH]ccc4c3)cc2[N+](=O)[O-])CC1,0.036,0.0,0.0,1,0,Ki,325058
CC1(C)C=CC(c2ccc(Cl)cc2)=C(CN2CCN(c3ccc(C(=O)NS(=O)(=O)c4ccc(NCC5CCOCC5)c([N+](=O)[O-])c4)c(Oc4cnc5[nH]ccc5c4)c3)CC2)C1,0.036,0.0,0.0,4,0,Ki,"1179867,1372937,339751,704798"
COC1(Cc2ccccc2-c2ccc(Cl)cc2)CCN(c2ccc(C(=O)NS(=O)(=O)c3ccc(NCC4CCOCC4)c([N+](=O)[O-])c3)c(Oc3cnc4[nH]ccc4c3)c2)CC1,0.036,0.0,0.0,4,0,Ki,"1179981,1372994,339805,704855"
CC1(C)CCC(CN2CCN(c3ccc(C(=O)NS(=O)(=O)c4cnc(OC[C@@H]5C[C@H]6C[C@@H]5C[C@@]6(C)O)c(Cl)c4)c(Oc4cnc5[nH]ccc5c4)c3)CC2)=C(c2ccc(Cl)cc2)C1,0.036,0.0,0.0,3,0,Ki,"1180130,1373068,704929"
COCCOCCN1CCC(Nc2ccc(S(=O)(=O)NC(=O)c3ccc(N4CCN(CC5=C(c6ccc(Cl)cc6)CC(C)(C)CC5)CC4)cc3Oc3cccc(Cl)c3)cc2[N+](=O)[O-])CC1,0.036,0.0,0.0,1,0,Ki,281498
Cc1n[nH]c2cccc(Oc3cc(N4CCN(CC5=C(c6ccc(Cl)cc6)CC(C)(C)CC5)CC4)ccc3C(=O)NS(=O)(=O)c3ccc(NCCCN4CCOCC4)c([N+](=O)[O-])c3)c12,0.036,0.0,0.0,2,0,Ki,"281377,387623"
CC1(C)CCC(CN2CCN(c3ccc(C(=O)NS(=O)(=O)c4ccc(NCCCN5CCOCC5)c([N+](=O)[O-])c4)c(Oc4cccc(F)c4)c3)CC2)=C(c2ccc(Cl)cc2)C1,0.036,0.0,0.0,2,0,Ki,"281446,387692"
CN(C)CCCOc1ccc(-c2ccc(Cl)cc2)c(CN2CCN(c3ccc(C(=O)NS(=O)(=O)c4ccc(NCC5CCOCC5)c([N+](=O)[O-])c4)c(Oc4ccccc4)c3)CC2)c1,0.036,0.0,0.0,1,0,Ki,324832
CN1CCC(C)(Nc2ccc(S(=O)(=O)NC(=O)c3ccc(N4CCN(CC5=C(c6ccc(Cl)cc6)CC(C)(C)CC5)CC4)cc3Oc3cccc(Cl)c3)cc2[N+](=O)[O-])CC1,0.498,0.0,0.0,3,1,Ki,"281497,387746"
CN(C)CCCNc1ccc(S(=O)(=O)NC(=O)c2ccc(N3CCN(CC4=C(c5ccc(Cl)cc5)CC(C)(C)CC4)CC3)cc2Oc2ccccc2Cl)cc1[N+](=O)[O-],0.036,0.0,0.0,2,0,Ki,"281507,387756"
CN(C)C(=O)CN1CCC(Nc2ccc(S(=O)(=O)NC(=O)c3ccc(N4CCN(CC5=C(c6ccc(Cl)cc6)CC(C)(C)CC5)CC4)cc3Oc3cccc(Cl)c3)cc2[N+](=O)[O-])CC1,0.036,0.0,0.0,1,0,Ki,281517
CC1(C)CCC(CN2CCN(c3ccc(C(=O)NS(=O)(=O)c4ccc(NC5CCN(CC6CC6)CC5)c([N+](=O)[O-])c4)c(Oc4ccccc4Cl)c3)CC2)=C(c2ccc(Cl)cc2)C1,0.073,0.0,0.0,3,1,Ki,"281516,387765"
CC1(C)CCC(CN2CCN(c3ccc(C(=O)NS(=O)(=O)c4cnc(NOCC5C[C@H]6C[C@@H]5C[C@]6(C)O)c(Cl)c4)c(Oc4cnc5[nH]ccc5c4)c3)CC2)=C(c2ccc(Cl)cc2)C1,0.036,0.0,0.0,1,0,Ki,312122
CC1(C)CCC(CN2CCN(c3ccc(C(=O)NS(=O)(=O)c4cnc(OCC5(F)CCOCC5)c(C#N)c4)c(Oc4cnc5[nH]ccc5c4)c3)CC2)=C(c2ccc(Cl)cc2)C1,0.037,0.0,0.0,4,0,Ki,"1179944,1372787,339607,704648"
CCN1CCC(Nc2ccc(S(=O)(=O)NC(=O)c3ccc(N4CCN(CC5=C(c6ccc(Cl)cc6)CC(C)(C)CC5)CC4)cc3Oc3cccc(Cl)c3)cc2[N+](=O)[O-])CC1,0.037,0.0,0.0,2,0,Ki,"281502,387751"
CC(c1ccccc1-c1ccc(Cl)cc1)N1CCN(c2ccc(C(=O)NS(=O)(=O)c3ccc(NC4CCN(C)CC4)c([N+](=O)[O-])c3)c(Oc3ccccc3Cl)c2)CC1,0.037,0.0,0.0,2,0,Ki,"281533,387782"
CC1(C)CCC(CN2CCN(c3ccc(C(=O)NS(=O)(=O)c4ccc(NCCCN5CCNC(=O)C5)c([N+](=O)[O-])c4)c(Oc4cc5cc[nH]c5cc4F)c3)CC2)=C(c2ccc(Cl)cc2)C1,0.037,0.0,0.0,2,0,Ki,"281558,387808"
CN1CCC(Nc2ccc(S(=O)(=O)NC(=O)c3ccc(N4CCN(CC5=C(c6ccc(Cl)cc6)CC(C)(C)CC5)CC4)cc3Oc3cccc(F)c3Cl)cc2[N+](=O)[O-])CC1,0.037,0.0,0.0,2,0,Ki,"281505,387754"
CC1(C)CCC(CN2CCN(c3ccc(C(=O)NS(=O)(=O)c4ccc(OCC5COCCO5)c([N+](=O)[O-])c4)c(Oc4cc5cc[nH]c5cc4F)c3)CC2)=C(c2ccc(Cl)cc2)C1,0.037,0.0,0.0,2,0,Ki,"281609,387860"
CC1(C)CCC(CN2CCN(c3ccc(C(=O)NS(=O)(=O)c4cnc(OCC5(F)CCOCC5)c(Cl)c4)c(Oc4cc5cc[nH]c5cc4F)c3)CC2)=C(c2ccc(Cl)cc2)C1,0.037,0.0,0.0,2,0,Ki,"281649,387901"
CC1(C)CCC(CN2CCN(c3ccc(C(=O)NS(=O)(=O)c4ccc(NCC5CCOCC5)c([N+](=O)[O-])c4)c(Oc4ccc(N)c(Cl)c4)c3)CC2)=C(c2ccc(Cl)cc2)C1,0.039,0.0,0.0,2,0,Ki,"281572,387822"
CC1(C)CCC(CN2CCN(c3ccc(C(=O)NS(=O)(=O)c4ccc(OCC5(F)CCOCC5)c(C#N)c4)c(Oc4cnc5[nH]ccc5c4)c3)CC2)=C(c2ccc(Cl)cc2)C1,0.039,0.0,0.0,4,0,Ki,"1180051,1373029,339840,704890"
O=C(NS(=O)(=O)c1ccc(NCC2CCOCC2)c([N+](=O)[O-])c1)c1ccc(N2CCC(F)(Cc3ccccc3-c3ccc(Cl)cc3)CC2)cc1Oc1cnc2[nH]ccc2c1,0.039,0.0,0.0,4,0,Ki,"1179995,1373001,339812,704862"
CC(c1ccccc1-c1ccc(Cl)cc1)N1CCN(c2ccc(C(=O)NS(=O)(=O)c3ccc(NCC4CCOCC4)c([N+](=O)[O-])c3)c(Oc3ccccc3Cl)c2)CC1,0.039,0.0,0.0,2,0,Ki,"281442,387688"
CC1(C)CCC(CN2CCN(c3ccc(C(=O)NS(=O)(=O)c4ccc(NC5CCC(N6CCOCC6)CC5)c([N+](=O)[O-])c4)c(Oc4cc5cc[nH]c5c(F)c4F)c3)CC2)=C(c2ccc(Cl)cc2)C1,0.039,0.0,0.0,1,0,Ki,387810
CC1(C)CCC(CN2CCN(c3ccc(C(=O)NS(=O)(=O)c4cnc(OC[C@]5(F)CC[C@](C)(O)CC5)c(Cl)c4)c(Oc4cnc5[nH]ccc5c4)c3)CC2)=C(c2ccc(Cl)cc2)C1,0.039,0.0,0.0,2,0,Ki,"1373085,704946"
CC1(C)CCC(CN2CCN(c3ccc(C(=O)NS(=O)(=O)c4cnc(OCC5(F)CCOCC5)c(F)c4)c(Oc4cnc(N)c(Cl)c4)c3)CC2)=C(c2ccc(Cl)cc2)C1,0.039,0.0,0.0,2,0,Ki,"281725,387977"
CC1(C)CCC(CN2CCN(c3ccc(C(=O)NS(=O)(=O)c4ccc(NC5CCN(CCCO)CC5)c([N+](=O)[O-])c4)c(Oc4cccc5[nH]ccc45)c3)CC2)=C(c2ccc(Cl)cc2)C1,0.039,0.0,0.0,1,0,Ki,324905
CN1CCC(O)(CNc2ccc(S(=O)(=O)NC(=O)c3ccc(N4CCN(CC5=C(c6ccc(Cl)cc6)CC(C)(C)CC5)CC4)cc3Oc3ccc4[nH]ccc4c3)cc2[N+](=O)[O-])CC1,0.039,0.0,0.0,1,0,Ki,324895
C=CCN1CCC(Nc2ccc(S(=O)(=O)NC(=O)c3ccc(N4CCN(CC5=C(c6ccc(Cl)cc6)CC(C)(C)CC5)CC4)cc3Oc3cccc(F)c3F)cc2[N+](=O)[O-])CC1,0.04,0.0,0.0,2,0,Ki,"281478,387724"
CN1CCN(CCCNc2ccc(S(=O)(=O)NC(=O)c3ccc(N4CCN(CC5=C(c6ccc(Cl)cc6)CC(C)(C)CC5)CC4)cc3Oc3cccc4[nH]ccc34)cc2[N+](=O)[O-])CC1,0.04,0.0,0.0,1,0,Ki,324820
CC1(C)CCC(CN2CCN(c3ccc(C(=O)NS(=O)(=O)c4cnc(O[C@@H]5CCN(C(CF)CF)C5)c(Cl)c4)c(Oc4cnc5[nH]ccc5c4)c3)CC2)=C(c2ccc(Cl)cc2)C1,0.04,0.0,0.0,4,0,Ki,"1180001,1373004,339815,704865"
CC1(C)CCC(CN2CCN(c3ccc(C(=O)NS(=O)(=O)c4cnc(OCC5(F)CCOCC5)c(C#N)c4)c(Oc4cc5cc[nH]c5cc4F)c3)CC2)=C(c2ccc(Cl)cc2)C1,0.04,0.0,0.0,2,0,Ki,"281631,387883"
CC1(C)CCC(CN2CCN(c3ccc(C(=O)NS(=O)(=O)c4cnc(OCC5(F)CCOCC5)c(Cl)c4)c(Oc4cccc5[nH]ccc45)c3)CC2)=C(c2ccc(Cl)cc2)C1,0.04,0.0,0.0,1,0,Ki,325108
CN1CCC(Nc2ccc(S(=O)(=O)NC(=O)c3ccc(N4CCN(CC5=C(c6ccc(Cl)cc6)CC(C)(C)CC5)CC4)cc3Oc3cccc(F)c3)cc2[N+](=O)[O-])CC1,0.042,0.0,0.0,2,0,Ki,"281444,387690"
CC1(C)CCC(CN2CCN(c3ccc(C(=O)NS(=O)(=O)c4cnc(OC[C@@H]5CN(C6CC6)CCO5)c(Cl)c4)c(Oc4cnc5[nH]ccc5c4)c3)CC2)=C(c2ccc(Cl)cc2)C1,0.042,0.0,0.0,4,0,Ki,"1180080,1373043,339854,704904"
CC1(C)CCC(CN2CCN(c3ccc(C(=O)NS(=O)(=O)c4ccc(NC5CCC(N6CCC(F)(F)C6)CC5)c([N+](=O)[O-])c4)c(Oc4cnc5[nH]ccc5c4)c3)CC2)=C(c2ccc(Cl)cc2)C1,0.042,0.0,0.0,3,0,Ki,"1180144,1373075,704936"
CC1(C)CCC(CN2CCN(c3ccc(C(=O)NS(=O)(=O)c4ccc(NC5CCN(C6CCOCC6)CC5)c([N+](=O)[O-])c4)c(Oc4ccccc4Cl)c3)CC2)=C(c2ccc(Cl)cc2)C1,0.042,0.0,0.0,2,0,Ki,"281447,387693"
CC1(C)CCC(CN2CCN(c3ccc(C(=O)NS(=O)(=O)c4ccc(NCC5CCOCC5)c([N+](=O)[O-])c4)c(Oc4cccc5c4CC(=O)N5)c3)CC2)=C(c2ccc(Cl)cc2)C1,0.042,0.0,0.0,2,0,Ki,"281592,387843"
CC1(C)CCC(CN2CCN(c3ccc(C(=O)NS(=O)(=O)c4ccc(OCC5COCCO5)c([N+](=O)[O-])c4)c(Oc4cnc(N)c(Cl)c4)c3)CC2)=C(c2ccc(Cl)cc2)C1,0.042,0.0,0.0,2,0,Ki,"281667,387919"
CC1(C)CCC(CN2CCN(c3ccc(C(=O)NS(=O)(=O)c4ccc(OC[C@H]5CC[C@H](N6CCOCC6)CC5)c(Cl)c4)c(Oc4cnc5[nH]ccc5c4)c3)CC2)=C(c2ccc(Cl)cc2)C1,0.044000000000000004,6.938893903907228e-18,4.006172263299092e-18,3,0,Ki,"1180059,1373033,704894"
CC1(C)CCC(c2ccc(Cl)cc2)=C(CN2CCN(c3ccc(C(=O)NS(=O)(=O)c4ccc(N[C@H](CCN5CCOCC5)CSc5ccccc5)c(S(=O)(=O)C(F)(F)F)c4)cc3)CC2)C1,0.044,0.0,0.0,2,0,Ki,"51122006,51233400"
CC1(C)CCC(c2ccc(Cl)cc2)=C(CN2CCN(c3ccc(C(=O)NS(=O)(=O)c4ccc(NC(CCN5CCOCC5)CSc5ccccc5)c(S(=O)(=O)C(F)(F)F)c4)cc3)CC2)C1,0.044,0.0,0.0,1,0,Ki,51272552
CC(=O)N1CCOC(CNc2ccc(S(=O)(=O)NC(=O)c3ccc(N4CCN(CC5=C(c6ccc(Cl)cc6)CC(C)(C)CC5)CC4)cc3Oc3cccc4[nH]cnc34)cc2[N+](=O)[O-])C1,0.045,0.0,0.0,1,0,Ki,325160
COCC(=O)N1CCC(COc2ccc(S(=O)(=O)NC(=O)c3ccc(N4CCN(CC5=C(c6ccc(Cl)cc6)CC(C)(C)CC5)CC4)cc3Oc3cnc4[nH]ccc4c3)cc2Cl)CC1,0.046,0.0,0.0,4,0,Ki,"1180041,1373024,339835,704885"
CC1(C)CCC(CN2CCN(c3ccc(C(=O)NS(=O)(=O)c4ccc(NC5CCN(C6CCOCC6)CC5)c([N+](=O)[O-])c4)c(Oc4cccc5[nH]cnc45)c3)CC2)=C(c2ccc(Cl)cc2)C1,0.046,0.0,0.0,1,0,Ki,325120
CC(C)N1CCC(Nc2ccc(S(=O)(=O)NC(=O)c3ccc(N4CCN(CC5=C(c6ccc(Cl)cc6)CC(C)(C)CC5)CC4)cc3Oc3cccc(Cl)c3)cc2[N+](=O)[O-])CC1,0.046,0.0,0.0,2,0,Ki,"281503,387752"
CC1(C)CCC(CN2CCN(c3ccc(C(=O)NS(=O)(=O)c4ccc(NCc5cccc(O)c5)c([N+](=O)[O-])c4)c(Oc4cnc5[nH]ccc5c4)c3)CC2)=C(c2ccc(Cl)cc2)C1,0.047,0.0,0.0,4,0,Ki,"1180200,1372917,339734,704778"
CN1CCN(CCCNc2ccc(S(=O)(=O)NC(=O)c3ccc(N4CCN(CC5=C(c6ccc(Cl)cc6)CC(C)(C)CC5)CC4)cc3Oc3ccc4[nH]ccc4c3)cc2[N+](=O)[O-])CC1,0.047,0.0,0.0,1,0,Ki,324817
CN1CCC(Nc2ccc(S(=O)(=O)NC(=O)c3ccc(N4CCN(CC5=C(c6ccc(Cl)cc6)CC(C)(C)CC5)CC4)cc3Oc3cccc(F)c3F)cc2[N+](=O)[O-])CC1,0.047,0.0,0.0,2,0,Ki,"281378,387624"
CN1CCC(Nc2ccc(S(=O)(=O)NC(=O)c3ccc(N4CCN(CC5=C(c6ccc(Cl)cc6)CC(C)(C)CC5)CC4)cc3Oc3cccc(Br)c3)cc2[N+](=O)[O-])CC1,0.047,0.0,0.0,2,0,Ki,"281379,387625"
CC(C1=C(c2ccc(Cl)cc2)CC(C)(C)CC1)N1CCN(c2ccc(C(=O)NS(=O)(=O)c3ccc(NC4CCN(C5CCOCC5)CC4)c([N+](=O)[O-])c3)c(Oc3ccc4[nH]ccc4c3)c2)CC1,0.048,0.0,0.0,1,0,Ki,324966
CN(C)CCCNc1ccc(S(=O)(=O)NC(=O)c2ccc(N3CCN(Cc4ccccc4-c4ccc(Cl)cc4)CC3)cc2Oc2cccc3cnccc23)cc1[N+](=O)[O-],0.048,0.0,0.0,1,0,Ki,324775
CC1(C)CCC(CN2CCN(c3ccc(C(=O)NS(=O)(=O)c4ccc(N[C@H](CCN5CCOCC5)CSc5ccccc5)c(S(=O)(=O)C(F)(F)Cl)c4)cc3)CC2)=C(c2ccc(Cl)cc2)C1,0.048,0.0,0.0,1,0,Ki,51627317
CC1(C)CCC(CN2CCN(c3ccc(C(=O)NS(=O)(=O)c4ccc(NC5CCN(CCO)CC5)c([N+](=O)[O-])c4)c(Oc4cccc(Cl)c4)c3)CC2)=C(c2ccc(Cl)cc2)C1,0.048,0.0,0.0,2,0,Ki,"281491,387739"
CC1(C)CCC(CN2CCN(c3ccc(C(=O)NS(=O)(=O)c4ccc(OCC5(C)CCOCC5)c([N+](=O)[O-])c4)c(Oc4cnc5[nH]ccc5c4)c3)CC2)=C(c2ccc(Cl)cc2)C1,0.049,0.0,0.0,4,0,Ki,"1179897,1372952,339765,704813"
CC1(C)CCC(CN2CCN(c3ccc(C(=O)NS(=O)(=O)c4ccc(NCC5(F)CCOCC5)c([N+](=O)[O-])c4)c(Oc4cc5cc[nH]c5cc4F)c3)CC2)=C(c2ccc(Cl)cc2)C1,0.049,0.0,0.0,2,0,Ki,"281660,387912"
CC1(C)CCC(CN2CCN(c3ccc(C(=O)NS(=O)(=O)c4ccc(NCC5CCOCC5)c([N+](=O)[O-])c4)c(Oc4ccccc4)c3)CC2)=C(c2ccc(Cl)cc2)C1,0.049,0.0,0.0,1,0,Ki,325163
CN1CCC(Nc2ccc(S(=O)(=O)NC(=O)c3ccc(N4CCN(CC5=C(c6ccc(Cl)cc6)CC(C)(C)CC5)CC4)cc3Oc3ccccc3Cl)cc2[N+](=O)[O-])CC1,0.049,0.0,0.0,3,1,Ki,"281367,387613"
CC1(C)CC(c2ccc(Cl)cc2)=C2CN3CCN(c4ccc(C(=O)NS(=O)(=O)c5ccc(NCC6CC[C@](C)(O)CO6)c([N+](=O)[O-])c5)c(N5CCCOc6nc7[nH]ccc7cc65)c4)C[C@H]3COCCCO[C@@H]2C1,0.049,0.0,0.0,1,0,Ki,1497957
CC1(C)CC(c2ccc(Cl)cc2)=C2CN3CCN(c4ccc(C(=O)NS(=O)(=O)c5ccc(NC[C@H]6CC[C@](C)(O)CO6)c([N+](=O)[O-])c5)c(N5CCCOc6nc7[nH]ccc7cc65)c4)C[C@H]3COCCCO[C@@H]2C1,0.049,0.0,0.0,2,0,Ki,"1406186,51565549"
CN1CCC(Nc2ccc(S(=O)(=O)NC(=O)c3ccc(N4CCN(CC5=C(c6ccc(Cl)cc6)CC(C)(C)CC5)CC4)cc3Oc3ccc4[nH]ccc4c3)cc2S(=O)(=O)C(F)(F)F)CC1,0.05,0.0,0.0,1,0,Ki,324803
CC1(C)CCC(CN2CCN(c3ccc(C(=O)NS(=O)(=O)c4ccc(OCC5(F)CCOCC5)c([N+](=O)[O-])c4)c(Oc4cnc(N)c(Br)c4)c3)CC2)=C(c2ccc(Cl)cc2)C1,0.05,0.0,0.0,2,0,Ki,"281683,387935"
O=C(NS(=O)(=O)c1ccc(NCC2CCOCC2)c([N+](=O)[O-])c1)c1ccc(N2CCN(Cc3cc(CCN4CCCC4)ccc3-c3ccc(Cl)cc3)CC2)cc1Oc1cccc2[nH]ccc12,0.05,0.0,0.0,1,0,Ki,324763
CCN1CCC(Nc2ccc(S(=O)(=O)NC(=O)c3ccc(N4CCN(CC5=C(c6ccc(Cl)cc6)CC(C)(C)CC5)CC4)cc3Oc3ccccc3Cl)cc2[N+](=O)[O-])CC1,0.05,0.0,0.0,2,0,Ki,"281380,387626"
CC1(C)CC(c2ccc(Cl)cc2)=C2CN3CCN(c4ccc(C(=O)NS(=O)(=O)c5cnc(OCC6(F)CCOCC6)c(Cl)c5)c(N5CCCOc6nc7[nH]ccc7cc65)c4)C[C@H]3COCCCO[C@@H]2C1,0.05000000000000001,6.938893903907228e-18,4.006172263299092e-18,3,0,Ki,"1406196,1497967,51565551"
CC1(C)CCC(CN2CCN(c3ccc(C(=O)NS(=O)(=O)c4ccc(NN5CCOCC5)c([N+](=O)[O-])c4)c(Oc4cccc(Cl)c4)c3)CC2)=C(c2ccc(Cl)cc2)C1,0.05,0.0,0.0,2,0,Ki,"281578,387828"
CC1(C)CCC(CN2CCN(c3ccc(C(=O)NS(=O)(=O)c4ccc(NCC5(N)CCOCC5)c([N+](=O)[O-])c4)c(Oc4cc5cc[nH]c5cc4F)c3)CC2)=C(c2ccc(Cl)cc2)C1,0.051,0.0,0.0,2,0,Ki,"281573,387823"
CN(C)CCOc1cccc(-c2ccc(Cl)cc2)c1CN1CCN(c2ccc(C(=O)NS(=O)(=O)c3ccc(NCC4CCOCC4)c([N+](=O)[O-])c3)c(Oc3cccc4[nH]ccc34)c2)CC1,0.051,0.0,0.0,1,0,Ki,324844
CC1(C)CCC(CC2CCN(c3ccc(C(=O)NS(=O)(=O)c4ccc(NCC5CCOCC5)c([N+](=O)[O-])c4)c(Oc4cnc5[nH]ccc5c4)c3)CC2)=C(c2ccc(Cl)cc2)C1,0.052,0.0,0.0,4,0,Ki,"1180082,1373044,339855,704905"
CC1(C)CCC(CN2CCN(c3ccc(C(=O)NS(=O)(=O)c4cnc(OCC5CCN(CC#N)CC5)c(Cl)c4)c(Oc4cnc5[nH]ccc5c4)c3)CC2)=C(c2ccc(Cl)cc2)C1,0.052,0.0,0.0,4,0,Ki,"1179959,1372983,339794,704844"
CC1(C)CCC(CN2CCN(c3ccc(C(=O)NS(=O)(=O)c4cnc(OCC5(F)CCN(CC#N)CC5)c(Cl)c4)c(Oc4cnc5[nH]ccc5c4)c3)CC2)=C(c2ccc(Cl)cc2)C1,0.052,0.0,0.0,4,0,Ki,"1179967,1372987,339798,704848"
CC1(C)CCC(CN2CCN(c3ccc(C(=O)NS(=O)(=O)c4cnc(O[C@@H]5CCN(C(CF)CF)C5)c(Cl)c4)c(Oc4cccc5[nH]ncc45)c3)CC2)=C(c2ccc(Cl)cc2)C1,0.052,0.0,0.0,1,0,Ki,325137
CN(C)CCOc1cccc(-c2ccc(Cl)cc2)c1CN1CCN(c2ccc(C(=O)NS(=O)(=O)c3ccc(NCCCN4CCCC4)c([N+](=O)[O-])c3)c(Oc3ccc4[nH]ccc4c3)c2)CC1,0.052,0.0,0.0,1,0,Ki,324850
CN1C(C)(C)CC(Nc2ccc(S(=O)(=O)NC(=O)c3ccc(N4CCN(CC5=C(c6ccc(Cl)cc6)CC(C)(C)CC5)CC4)cc3Oc3ccccc3Cl)cc2[N+](=O)[O-])CC1(C)C,0.053,0.0,0.0,2,0,Ki,"281381,387627"
CC1(C)CCC(CN2CCN(c3ccc(C(=O)NS(=O)(=O)c4ccc(N5CCC(N6CCOCC6)CC5)c([N+](=O)[O-])c4)c(Oc4cnc5[nH]ccc5c4)c3)CC2)=C(c2ccc(Cl)cc2)C1,0.053,0.0,0.0,4,0,Ki,"1179901,1372954,339767,704815"
CN1CCN(CCCNc2ccc(S(=O)(=O)NC(=O)c3ccc(N4CCN(CC5=C(c6ccc(Cl)cc6)CC(C)(C)CC5)CC4)cc3Oc3cccc(Cl)c3)cc2[N+](=O)[O-])CC1,0.053,0.0,0.0,2,0,Ki,"281475,387721"
CC1(C)CCC(CN2CCN(c3ccc(C(=O)NS(=O)(=O)c4ccc(NC5CCN(CC6CC6)CC5)c([N+](=O)[O-])c4)c(Oc4cccc(Cl)c4)c3)CC2)=C(c2ccc(Cl)cc2)C1,0.054,0.0,0.0,2,0,Ki,"281515,387764"
CC1(C)CC(c2ccc(Cl)cc2)=C(CN2CCN(c3ccc(C(=O)NS(=O)(=O)c4cnc(OCC5CCOCC5)c(C#N)c4)c(Oc4cc5cc[nH]c5cc4F)c3)CC2)CO1,0.054,0.0,0.0,2,0,Ki,"281621,387873"
COCCOCCSc1ccc(S(=O)(=O)NC(=O)c2ccc(N3CCN(CC4=C(c5ccc(Cl)cc5)CC(C)(C)CC4)CC3)cc2Oc2cccc3[nH]ccc23)cc1[N+](=O)[O-],0.054,0.0,0.0,1,0,Ki,325084
CC1(C)CCC(CN2CCN(c3ccc(C(=O)NS(=O)(=O)c4ccc(NC5CCN(C6CCCC6)CC5)c([N+](=O)[O-])c4)c(Oc4cccc(F)c4F)c3)CC2)=C(c2ccc(Cl)cc2)C1,0.055,0.0,0.0,2,0,Ki,"281465,387711"
CC1(C)CCC(CN2CCN(c3ccc(C(=O)NS(=O)(=O)c4cnc(OCC5(F)CCOCC5)c(C(F)(F)F)c4)c(Oc4cccc5[nH]ncc45)c3)CC2)=C(c2ccc(Cl)cc2)C1,0.055,0.0,0.0,1,0,Ki,325113
CN1CCC(Nc2ccc(S(=O)(=O)NC(=O)c3ccc(N4CCN(CC5=C(c6ccc(Cl)cc6)CC(C)(C)CC5)CC4)cc3Oc3ccc(Cl)c(Cl)c3)cc2[N+](=O)[O-])CC1,0.056,0.0,0.0,2,0,Ki,"281493,387741"
CN(C)CCOc1cccc(-c2ccc(Cl)cc2)c1CN1CCN(c2ccc(C(=O)NS(=O)(=O)c3ccc(NCC4CCOCC4)c([N+](=O)[O-])c3)c(Oc3ccc4[nH]ccc4c3)c2)CC1,0.056,0.0,0.0,1,0,Ki,324845
CN1CCC(Nc2ccc(S(=O)(=O)NC(=O)c3ccc(N4CCN(CC5=C(c6ccc(Cl)cc6)CC(C)(C)CC5)CC4)cc3Oc3cccc4[nH]ccc34)cc2[N+](=O)[O-])CC1,0.056,0.0,0.0,1,0,Ki,324824
CC1(C)CCC(CN2CCN(c3ccc(C(=O)NS(=O)(=O)c4cnc(NCC5(F)CCOCC5)c(Cl)c4)c(Oc4cnc5[nH]ccc5c4)c3)CC2)=C(c2ccc(Cl)cc2)C1,0.057,0.0,0.0,4,0,Ki,"1179939,1372973,339784,704834"
CN1CCC(Nc2ccc(S(=O)(=O)NC(=O)c3ccc(N4CCN(CC5=C(c6ccc(Cl)cc6)CC(C)(C)OC5)CC4)cc3Oc3cccc(F)c3F)cc2[N+](=O)[O-])CC1,0.057,0.0,0.0,2,0,Ki,"281477,387723"
CN1CCC(Nc2ccc(S(=O)(=O)NC(=O)c3ccc(N4CCN(Cc5cc(OCCO)ccc5-c5ccc(Cl)cc5)CC4)cc3Oc3cccc4[nH]ccc34)cc2[N+](=O)[O-])CC1,0.057,0.0,0.0,1,0,Ki,324930
CN(C)CCCc1c[nH]c2cccc(Oc3cc(N4CCN(CC5=C(c6ccc(Cl)cc6)CC(C)(C)CC5)CC4)ccc3C(=O)NS(=O)(=O)c3ccc(NCC4CCOCC4)c([N+](=O)[O-])c3)c12,0.057,0.0,0.0,2,0,Ki,"281662,387914"
CN(C)CCOc1cccc(-c2ccc(Cl)cc2)c1CN1CCN(c2ccc(C(=O)NS(=O)(=O)c3ccc(NCC4CCOCC4)c([N+](=O)[O-])c3)c(Oc3ccccc3)c2)CC1,0.058,0.0,0.0,1,0,Ki,324838
CN1CCN(Nc2ccc(S(=O)(=O)NC(=O)c3ccc(N4CCN(CC5=C(c6ccc(Cl)cc6)CC(C)(C)OC5)CC4)cc3Oc3cc4cc[nH]c4cc3F)cc2[N+](=O)[O-])CC1,0.058,0.0,0.0,2,0,Ki,"281639,387891"
CO[C@H]1CC[C@@H](COc2ncc(S(=O)(=O)NC(=O)c3ccc(N4CCN(CC5=C(c6ccc(Cl)cc6)CC(C)(C)CC5)CC4)cc3Oc3cnc4[nH]ccc4c3)cc2Cl)CC1,0.058,0.0,0.0,3,0,Ki,"1179877,1372942,704803"
COCC(C)(C)CNc1ccc(S(=O)(=O)NC(=O)c2ccc(N3CCN(CC4=C(c5ccc(Cl)cc5)CC(C)(C)CC4)CC3)cc2Oc2cnc3[nH]ccc3c2)cc1[N+](=O)[O-],0.059,0.0,0.0,4,0,Ki,"1180141,1372886,339704,704747"
CN1CCN(CCNc2ccc(S(=O)(=O)NC(=O)c3ccc(N4CCN(CC5=C(c6ccc(Cl)cc6)CC(C)(C)CC5)CC4)cc3Oc3ccc4[nH]ccc4c3)cc2[N+](=O)[O-])CC1,0.06,0.0,0.0,1,0,Ki,324816
CC1(C)CC(c2ccc(Cl)cc2)=C2CN3CCN(c4ccc(C(=O)NS(=O)(=O)c5ccc(NC[C@H]6CC[C@@](C)(O)CC6)c([N+](=O)[O-])c5)c(N5CCCOc6nc7[nH]ccc7cc65)c4)C[C@H]3COCCCO[C@@H]2C1,0.061,0.0,0.0,2,0,Ki,"1406254,51565557"
CC1(C)CC(c2ccc(Cl)cc2)=C2CN3CCN(c4ccc(C(=O)NS(=O)(=O)c5ccc(NCC6CCC(C)(O)CC6)c([N+](=O)[O-])c5)c(N5CCCOc6nc7[nH]ccc7cc65)c4)C[C@H]3COCCCO[C@@H]2C1,0.229,0.168,0.11879393923933998,2,0,Ki,"1498017,1498025"
CN1CCC(CNc2ccc(S(=O)(=O)NC(=O)c3ccc(N4CCN(CC5=C(c6ccc(Cl)cc6)CC(C)(C)CC5)CC4)cc3Oc3cccc(Cl)c3)cc2[N+](=O)[O-])CC1,0.062,0.0,0.0,2,0,Ki,"281485,387732"
CC1(C)CCC(CN2CCN(c3ccc(C(=O)NS(=O)(=O)c4ccc(NC5CCN(C6CCOCC6)CC5)c([N+](=O)[O-])c4)c(Oc4cccc(F)c4F)c3)CC2)=C(c2ccc(Cl)cc2)C1,0.062,0.0,0.0,2,0,Ki,"281382,387628"
CN1CCC(Nc2ccc(S(=O)(=O)NC(=O)c3ccc(N4CCN(CC5=C(c6ccc(Cl)cc6)CC(C)(C)CC5)CC4)cc3Oc3cc(F)c4[nH]ccc4c3)cc2[N+](=O)[O-])CC1,0.062,0.0,0.0,2,0,Ki,"281383,387629"
CC1(C)CCC(CN2CCN(c3ccc(C(=O)NS(=O)(=O)c4cnc(OCC5(F)CCOCC5)c(C#N)c4)c(Oc4ccc5[nH]ccc5c4)c3)CC2)=C(c2ccc(Cl)cc2)C1,0.062,0.0,0.0,1,0,Ki,325088
CC1(C)CCC(CN2CCN(c3ccc(C(=O)NS(=O)(=O)c4ccc(NC5CCN(C6CC6)CC5)c([N+](=O)[O-])c4)c(Oc4cnc(N)c(Cl)c4)c3)CC2)=C(c2ccc(Cl)cc2)C1,0.062,0.0,0.0,2,0,Ki,"281681,387933"
CC1(C)CCC(CN2CCN(c3ccc(C(=O)NS(=O)(=O)c4cnc(OCCN5CCOCC5)c(C#N)c4)c(Oc4cnc5[nH]ccc5c4)c3)CC2)=C(c2ccc(Cl)cc2)C1,0.063,0.0,0.0,4,0,Ki,"1179946,1372788,339608,704649"
CC1(C)CCC(CN2CCN(c3ccc(C(=O)NS(=O)(=O)c4cnc(OCC5CCOC5)c(Cl)c4)c(Oc4cccc5[nH]ncc45)c3)CC2)=C(c2ccc(Cl)cc2)C1,0.063,0.0,0.0,1,0,Ki,325123
CC1(C)CCC(CN2CCN(c3ccc(C(=O)NS(=O)(=O)c4ccc(NCCCN5CCOCC5)c([N+](=O)[O-])c4)c(Oc4cccc(Cl)c4)c3)CC2)=C(c2ccc(Cl)cc2)C1,0.064,0.0,0.0,2,0,Ki,"281460,387706"
CC1(C)CCC(CN2CCN(c3ccc(C(=O)NS(=O)(=O)c4ccc(NC5CCN(C6CCOCC6)CC5)c([N+](=O)[O-])c4)c(Oc4cc5cc[nH]c5cc4F)c3)CC2)=C(c2ccc(Cl)cc2)C1,0.064,0.0,0.0,2,0,Ki,"281521,387770"
CC1(C)CCC(CN2CCN(c3ccc(C(=O)NS(=O)(=O)c4ccc(NCC5CCOCC5)c([N+](=O)[O-])c4)c(Oc4cccc(Cl)c4)c3)CC2)=C(c2ccc(Cl)cc2)C1,0.065,0.0,0.0,2,0,Ki,"281571,387821"
CN1CCC(Nc2ccc(S(=O)(=O)NC(=O)c3ccc(N4CCN(CC5=C(c6ccc(Cl)cc6)CC(C)(C)CC5)CC4)cc3Oc3cccc(O)c3Cl)cc2[N+](=O)[O-])CC1,0.066,0.0,0.0,2,0,Ki,"281499,387748"
CN1CCC(Nc2ccc(S(=O)(=O)NC(=O)c3ccc(N4CCN(CC5=C(c6ccc(Cl)cc6)CC(C)(C)CC5)CC4)cc3Oc3cccc(Cl)c3)cc2S(=O)(=O)C(F)(F)F)CC1,0.066,0.0,0.0,2,0,Ki,"281463,387709"
CC1(C)CCC(CN2CCN(c3ccc(C(=O)NS(=O)(=O)c4ccc(NCCCN5CCOCC5)c([N+](=O)[O-])c4)c(Oc4cccc(F)c4F)c3)CC2)=C(c2ccc(Cl)cc2)C1,0.066,0.0,0.0,2,0,Ki,"281384,387630"
CC1(C)CCC(CN2CCN(c3ccc(C(=O)NS(=O)(=O)c4ccc(NC5CCN(C6CCCC6)CC5)c([N+](=O)[O-])c4)c(Oc4cccc(Cl)c4)c3)CC2)=C(c2ccc(Cl)cc2)C1,0.067,0.0,0.0,2,0,Ki,"281462,387708"
CC1(C)CCC(CN2CCN(c3ccc(C(=O)NS(=O)(=O)c4ccc(NCCN5CCOCC5)c([N+](=O)[O-])c4)c(Oc4cccc(F)c4F)c3)CC2)=C(c2ccc(Cl)cc2)C1,0.068,0.0,0.0,2,0,Ki,"281467,387713"
CC1(C)CCC(CN2CCN(c3ccc(C(=O)NS(=O)(=O)c4ccc(N[C@H]5CCN(CC(F)F)C5)c([N+](=O)[O-])c4)c(Oc4cnc5[nH]ccc5c4)c3)CC2)=C(c2ccc(Cl)cc2)C1,0.068,0.0,0.0,4,0,Ki,"1180193,1372913,339731,704774"
CC1(C)CCC(CN2CCN(c3ccc(C(=O)NS(=O)(=O)c4ccc(OCC5CCOCC5)c([N+](=O)[O-])c4)c(Oc4cc5cc[nH]c5cc4F)c3)CC2)=C(c2ccc(Cl)cc2)C1,0.068,0.0,0.0,2,0,Ki,"281588,387839"
CC1(C)CCC(CN2CCN(c3ccc(C(=O)NS(=O)(=O)c4ccc(NCCN5CCOCC5)c([N+](=O)[O-])c4)c(Oc4ccccc4F)c3)CC2)=C(c2ccc(Cl)cc2)C1,0.068,0.0,0.0,2,0,Ki,"281458,387704"
CN(C)CCCNc1ccc(S(=O)(=O)NC(=O)c2ccc(N3CCN(CC4=C(c5ccc(Cl)cc5)CC(C)(C)CC4)CC3)cc2Oc2cccc3[nH]ccc23)cc1[N+](=O)[O-],0.068,0.0,0.0,1,0,Ki,324786
CCN1CCOCC1COc1ccc(S(=O)(=O)NC(=O)c2ccc(N3CCN(CC4=C(c5ccc(Cl)cc5)CC(C)(C)CC4)CC3)cc2Oc2cc3cc[nH]c3cc2F)cc1[N+](=O)[O-],0.068,0.0,0.0,2,0,Ki,"281651,387903"
CC1(C)CCC(CN2CCN(c3ccc(C(=O)NS(=O)(=O)c4ccc(NCC5CCOCC5)c([N+](=O)[O-])c4)c(Oc4cc5cc[nH]c5c(F)c4F)c3)CC2)=C(c2ccc(Cl)cc2)C1,0.069,0.0,0.0,2,0,Ki,"281568,387818"
CC1(C)CCC(CN2CCN(c3ccc(C(=O)NS(=O)(=O)c4ccc(OCC5(F)CCOCC5)c(Cl)c4)c(Oc4cnc(N)c(Cl)c4)c3)CC2)=C(c2ccc(Cl)cc2)C1,0.069,0.0,0.0,2,0,Ki,"281727,387979"
CN1CCC(CNc2ccc(S(=O)(=O)NC(=O)c3ccc(N4CCN(Cc5ccccc5-c5ccc(Cl)cc5)CC4)cc3Oc3ccccc3)cc2[N+](=O)[O-])CC1,0.069,0.0,0.0,1,0,Ki,324809
CN(C)CCCOc1ccc(S(=O)(=O)NC(=O)c2ccc(N3CCN(Cc4ccccc4-c4ccc(Cl)cc4)CC3)cc2Oc2ccccc2)cc1[N+](=O)[O-],0.07,0.0,0.0,1,0,Ki,324815
CN1CCC(Nc2ccc(S(=O)(=O)NC(=O)c3ccc(N4CCN(CC5=C(c6ccc(Cl)cc6)CC(C)(C)CC5)CC4)cc3Oc3cccc(Cl)c3)cc2[N+](=O)[O-])CC1,0.07,0.0,0.0,2,0,Ki,"281369,387615"
CC1(C)CCC(CN2CCN(c3ccc(C(=O)NS(=O)(=O)c4cnc(O[C@@H]5CCN(CC(F)F)C5)c(Cl)c4)c(Oc4cccc5[nH]ncc45)c3)CC2)=C(c2ccc(Cl)cc2)C1,0.071,0.0,0.0,1,0,Ki,325125
CC1(C)CCC(CN2CCN(c3ccc(C(=O)NS(=O)(=O)c4ccc(NC5CCN(CC6CC6)CC5)c([N+](=O)[O-])c4)c(Oc4cc5cc[nH]c5cc4F)c3)CC2)=C(c2ccc(Cl)cc2)C1,0.071,0.0,0.0,2,0,Ki,"281561,387811"
CN(C)CCCNc1ccc(S(=O)(=O)NC(=O)c2ccc(N3CCN(CC4=C(c5ccc(Cl)cc5)CC(C)(C)CC4)CC3)cc2Oc2cccc(Cl)c2)cc1[N+](=O)[O-],0.071,0.0,0.0,2,0,Ki,"281474,387720"
CC1(C)CCC(CN2CCN(c3ccc(C(=O)NS(=O)(=O)c4cnc(OC[C@@H]5CCN(C(CF)CF)C5)c(Cl)c4)c(Oc4cnc5[nH]ccc5c4)c3)CC2)=C(c2ccc(Cl)cc2)C1,0.071,0.0,0.0,4,0,Ki,"1180013,1373010,339821,704871"
CC1(C)CCC(CN2CCN(c3ccc(C(=O)NS(=O)(=O)c4ccc(NC5CCN(CC(F)(F)F)CC5)c([N+](=O)[O-])c4)c(Oc4cnc5[nH]ccc5c4)c3)CC2)=C(c2ccc(Cl)cc2)C1,0.071,0.0,0.0,4,0,Ki,"1179998,1372814,312114,704675"
CN(C)C(=O)c1ccccc1Oc1cc(N2CCN(Cc3ccccc3-c3ccc(Cl)cc3)CC2)ccc1C(=O)NS(=O)(=O)c1ccc(NCC2CCOCC2)c([N+](=O)[O-])c1,0.071,0.0,0.0,2,0,Ki,"281363,387609"
CC1(C)CCC(CN2CCN(c3ccc(C(=O)NS(=O)(=O)c4ccc(NCCCN5CCOCC5)c([N+](=O)[O-])c4)c(Oc4ccc(N)c(Cl)c4)c3)CC2)=C(c2ccc(Cl)cc2)C1,0.072,0.0,0.0,2,0,Ki,"281385,387631"
CC1(C)CCC(CN2CCN(c3ccc(C(=O)NS(=O)(=O)c4ccc(NC5CCN(C6CCCC6)CC5)c([N+](=O)[O-])c4)c(Oc4ccccc4Cl)c3)CC2)=C(c2ccc(Cl)cc2)C1,0.072,0.0,0.0,2,0,Ki,"281449,387695"
CC1(C)CCC(CN2CCN(c3ccc(C(=O)NS(=O)(=O)c4ccc(NC5CCN(C6CCOCC6)CC5)c([N+](=O)[O-])c4)c(Oc4ccc5[nH]ccc5c4)c3)CC2)=C(c2ccc(Cl)cc2)C1,0.073,0.0,0.0,5,1,Ki,"1180010,1372820,339638,704681"
CC1(C)CCC(CN2CCN(c3ccc(C(=O)NS(=O)(=O)c4ccc(NC5CCN(CCO)CC5)c([N+](=O)[O-])c4)c(Oc4cccc5[nH]ccc45)c3)CC2)=C(c2ccc(Cl)cc2)C1,0.073,0.0,0.0,1,0,Ki,324903
CN1CCC(Nc2ccc(S(=O)(=O)NC(=O)c3ccc(N4CCN(CC5=C(c6ccc(Cl)cc6)CC(C)(C)CC5)CC4)cc3Oc3ccc(O)cc3Cl)cc2[N+](=O)[O-])CC1,0.074,0.0,0.0,2,0,Ki,"281534,387783"
CC1(C)CCC(CN2CCN(c3ccc(C(=O)NS(=O)(=O)c4cnc(OCC5COCCO5)c(C#N)c4)c(Oc4cnc5[nH]ccc5c4)c3)CC2)=C(c2ccc(Cl)cc2)C1,0.074,0.0,0.0,4,0,Ki,"1179930,1372780,339600,704641"
CCN(CC)C1CCC(Nc2ccc(S(=O)(=O)NC(=O)c3ccc(N4CCN(CC5=C(c6ccc(Cl)cc6)CC(C)(C)CC5)CC4)cc3Oc3cccc(Cl)c3)cc2[N+](=O)[O-])CC1,0.075,0.0,0.0,1,0,Ki,387780
CC1(C)CCC(CN2CCN(c3ccc(C(=O)NS(=O)(=O)c4ccc(NCCCN5CCOCC5)c([N+](=O)[O-])c4)c(Oc4ccccc4F)c3)CC2)=C(c2ccc(Cl)cc2)C1,0.075,0.0,0.0,2,0,Ki,"281457,387703"
CC1(C)CCC(CN2CCN(c3ccc(C(=O)NS(=O)(=O)c4ccc(NCCN5CCNC(=O)C5)c([N+](=O)[O-])c4)c(Oc4ccc5[nH]ccc5c4)c3)CC2)=C(c2ccc(Cl)cc2)C1,0.076,0.0,0.0,1,0,Ki,324980
CC1(C)CCC(CN2CCN(c3ccc(C(=O)NS(=O)(=O)c4ccc(NC5CCC6(CC5)OCCO6)c([N+](=O)[O-])c4)c(Oc4cnc5[nH]ccc5c4)c3)CC2)=C(c2ccc(Cl)cc2)C1,0.076,0.0,0.0,4,0,Ki,"1180186,1372909,339727,704770"
CN1CC(Nc2ccc(S(=O)(=O)NC(=O)c3ccc(N4CCN(CC5=C(c6ccc(Cl)cc6)CC(C)(C)CC5)CC4)cc3Oc3ccc4[nH]ccc4c3)cc2[N+](=O)[O-])CC1=O,0.076,0.0,0.0,1,0,Ki,324988
CC1(C)CCC(CN2CCN(c3ccc(C(=O)NS(=O)(=O)c4ccc(OCC5CCOC(C)(C)C5)c([N+](=O)[O-])c4)c(Oc4ccc5[nH]ccc5c4)c3)CC2)=C(c2ccc(Cl)cc2)C1,0.076,0.0,0.0,1,0,Ki,325087
CC1(C)CCC(CN2CCN(c3ccc(C(=O)NS(=O)(=O)c4ccc(OCC5(F)CCOCC5)c([N+](=O)[O-])c4)c(Oc4cccc5[nH]ccc45)c3)CC2)=C(c2ccc(Cl)cc2)C1,0.077,0.0,0.0,1,0,Ki,325012
CC1(C)CCC(CN2CCN(c3ccc(C(=O)NS(=O)(=O)c4ccc(NC5CCN(CCN6CCOCC6)CC5)c([N+](=O)[O-])c4)c(Oc4cccc(Cl)c4)c3)CC2)=C(c2ccc(Cl)cc2)C1,0.077,0.0,0.0,2,0,Ki,"281518,387767"
CC1(C)CCC(CN2CCN(c3ccc(C(=O)NS(=O)(=O)c4ccc(NCC5CCOCC5)c([N+](=O)[O-])c4)c(Oc4cc(N)ncc4Br)c3)CC2)=C(c2ccc(Cl)cc2)C1,0.077,0.0,0.0,2,0,Ki,"281718,387970"
CC(c1ccccc1-c1ccc(Cl)cc1)N1CCN(c2ccc(C(=O)NS(=O)(=O)c3ccc(NCC4CCOCC4)c([N+](=O)[O-])c3)c(Oc3ccc4[nH]ccc4c3)c2)CC1,0.077,0.0,0.0,1,0,Ki,324960
O=C(NS(=O)(=O)c1ccc(NCC2CCOCC2)c([N+](=O)[O-])c1)c1ccc(N2CCN(Cc3cc(CCN4CCCC4)ccc3-c3ccc(Cl)cc3)CC2)cc1Oc1cccc(Cl)c1,0.077,0.0,0.0,2,0,Ki,"281386,387632"
CC1(C)CC(c2ccc(Cl)cc2)=C(CN2CCN(c3ccc(C(=O)NS(=O)(=O)c4ccc(NC5CCC(N6CCOCC6)CC5)c([N+](=O)[O-])c4)c(Oc4cc5cc[nH]c5cc4F)c3)CC2)CO1,0.077,0.0,0.0,1,0,Ki,387870
CN1CCC(CNc2ccc(S(=O)(=O)NC(=O)c3ccc(N4CCN(CC5=C(c6ccc(Cl)cc6)CC(C)(C)CC5)CC4)cc3Oc3ccc4[nH]ccc4c3)cc2[N+](=O)[O-])CC1,0.077,0.0,0.0,1,0,Ki,324825
CC1(C)CCC(CN2CCN(c3ccc(C(=O)NS(=O)(=O)c4ccc(NCC5CCOCC5)c([N+](=O)[O-])c4)c(Oc4cnc(N)c(C#N)c4)c3)CC2)=C(c2ccc(Cl)cc2)C1,0.079,0.0,0.0,2,0,Ki,"281675,387927"
CN(C)CCCNc1ccc(S(=O)(=O)NC(=O)c2ccc(N3CCN(Cc4ccccc4-c4ccc(Cl)cc4)CC3)cc2Oc2cccc(Cl)c2)cc1[N+](=O)[O-],0.079,0.0,0.0,2,0,Ki,"281347,387593"
CC1(C)CCC(CN2CCN(c3ccc(C(=O)NS(=O)(=O)c4ccc(NCc5cccc(OC(F)F)c5)c([N+](=O)[O-])c4)c(Oc4cnc5[nH]ccc5c4)c3)CC2)=C(c2ccc(Cl)cc2)C1,0.08,0.0,0.0,4,0,Ki,"1180202,1372918,339735,704779"
CN1CCC(CNc2ccc(S(=O)(=O)NC(=O)c3ccc(N4CCN(CC5=C(c6ccc(Cl)cc6)CC(C)(C)CC5)CC4)cc3Oc3cccc4[nH]ccc34)cc2[N+](=O)[O-])CC1,0.08,0.0,0.0,1,0,Ki,324826
CC1(C)CCC(CN2CCN(c3ccc(C(=O)NS(=O)(=O)c4cnc(OCC5CCC(F)(F)CC5)c(Cl)c4)c(Oc4cnc5[nH]ccc5c4)c3)CC2)=C(c2ccc(Cl)cc2)C1,0.081,0.0,0.0,4,0,Ki,"1180027,1373017,339828,704878"
CN1CCC(Nc2ccc(S(=O)(=O)NC(=O)c3ccc(N4CCN(CC5=C(c6ccc(Cl)cc6)CC(C)(C)CC5)CC4)cc3Oc3cc4cc[nH]c4c(F)c3F)cc2[N+](=O)[O-])CC1,0.081,0.0,0.0,2,0,Ki,"281527,387776"
CC1(C)CCC(CN2CCN(c3ccc(C(=O)NS(=O)(=O)c4ccc(NC5CCN(C6CC6)CC5)c([N+](=O)[O-])c4)c(Oc4cccc(F)c4F)c3)CC2)=C(c2ccc(Cl)cc2)C1,0.081,0.0,0.0,2,0,Ki,"281453,387699"
CN(C)CCCNc1ccc(S(=O)(=O)NC(=O)c2ccc(N3CCN(CC4=C(c5ccc(Cl)cc5)CC(C)(C)CC4)CC3)cc2Oc2ccc3[nH]ccc3c2)cc1[N+](=O)[O-],0.081,0.0,0.0,1,0,Ki,324782
CC1(C)CC(c2ccc(Cl)cc2)=C(CN2CCN(c3ccc(C(=O)NS(=O)(=O)c4ccc(NCC5CCOCC5)c([N+](=O)[O-])c4)c(Oc4cc5cc[nH]c5cc4Cl)c3)CC2)CO1,0.081,0.0,0.0,2,0,Ki,"281599,387850"
CC1(C)CCC(CN2CCN(c3ccc(C(=O)NS(=O)(=O)c4ccc(OCC5(F)CCOCC5)c(Cl)c4)c(Oc4cccc5[nH]ncc45)c3)CC2)=C(c2ccc(Cl)cc2)C1,0.081,0.0,0.0,1,0,Ki,325167
CC1(C)CCC(CN2CCN(c3ccc(C(=O)NS(=O)(=O)c4cnc(OC[C@@H]5CCN(CC(F)F)C5)c(Cl)c4)c(Oc4cnc(N)c(Cl)c4)c3)CC2)=C(c2ccc(Cl)cc2)C1,0.082,0.0,0.0,2,0,Ki,"281723,387975"
COc1cccc(Oc2cc(N3CCN(CC4=C(c5ccc(Cl)cc5)CC(C)(C)CC4)CC3)ccc2C(=O)NS(=O)(=O)c2ccc(NC3CCN(C)CC3)c([N+](=O)[O-])c2)c1,0.082,0.0,0.0,2,0,Ki,"281495,387743"
CN1CCC(Nc2ccc(S(=O)(=O)NC(=O)c3ccc(N4CCN(CC5=C(c6ccc(Cl)cc6)CC(C)(C)CC5)CC4)cc3Oc3cccc(Cl)c3Cl)cc2[N+](=O)[O-])CC1,0.082,0.0,0.0,2,0,Ki,"281387,387633"
CC1(C)CCC(CN2CCN(c3ccc(C(=O)NS(=O)(=O)c4ccc(NN5CCS(=O)(=O)CC5)c([N+](=O)[O-])c4)c(Oc4ccc5[nH]ccc5c4)c3)CC2)=C(c2ccc(Cl)cc2)C1,0.082,0.0,0.0,1,0,Ki,325066
CC1(C)CCC(CN2CCN(c3ccc(C(=O)NS(=O)(=O)c4ccc(NC5CCN(CC6CC6)CC5)c([N+](=O)[O-])c4)c(Oc4ccc5[nH]ccc5c4)c3)CC2)=C(c2ccc(Cl)cc2)C1,0.082,0.0,0.0,1,0,Ki,324923
CC1(C)CC(c2ccc(Cl)cc2)=C(CN2CCN(c3ccc(C(=O)NS(=O)(=O)c4ccc(NCC5CCOCC5)c([N+](=O)[O-])c4)c(Oc4ccc5[nH]ccc5c4)c3)CC2)CO1,0.083,0.0,0.0,5,1,Ki,"1179878,1372754,339574,704615"
CC1(C)CC(c2ccc(Cl)cc2)=C(CN2CCN(c3ccc(C(=O)NSc4ccc(NCC5CCOCC5)c([N+](=O)[O-])c4)c(Oc4ccc5[nH]ccc5c4)c3)CC2)CO1,0.083,0.0,0.0,1,0,Ki,1373105
CN1CCN(Nc2ccc(S(=O)(=O)NC(=O)c3ccc(N4CCN(CC5=C(c6ccc(Cl)cc6)CC(C)(C)OC5)CC4)cc3Oc3cccc(Cl)c3)cc2[N+](=O)[O-])CC1,0.083,0.0,0.0,2,0,Ki,"281513,387762"
CC(c1ccccc1-c1ccc(Cl)cc1)N1CCN(c2ccc(C(=O)NS(=O)(=O)c3ccc(NC4CCN(C)CC4)c([N+](=O)[O-])c3)c(Oc3cccc4[nH]ccc34)c2)CC1,0.083,0.0,0.0,1,0,Ki,324915
CC1(C)CCC(CN2CCN(c3ccc(C(=O)NS(=O)(=O)c4ccc(NC[C@@H]5CCCOC5)c([N+](=O)[O-])c4)c(Oc4cc5cc[nH]c5cc4F)c3)CC2)=C(c2ccc(Cl)cc2)C1,0.083,0.0,0.0,2,0,Ki,"281583,387833"
CC1(C)CCC(CN2CCN(c3ccc(C(=O)NS(=O)(=O)c4cnc(OCC5(F)CCOCC5)c(C#N)c4)c(Oc4cccc5[nH]ccc45)c3)CC2)=C(c2ccc(Cl)cc2)C1,0.083,0.0,0.0,1,0,Ki,325096
COCCOCCSc1ccc(S(=O)(=O)NC(=O)c2ccc(N3CCN(CC4=C(c5ccc(Cl)cc5)CC(C)(C)CC4)CC3)cc2Oc2ccc3[nH]ccc3c2)cc1[N+](=O)[O-],0.083,0.0,0.0,1,0,Ki,325083
CN(C)C1CCC(Nc2ccc(S(=O)(=O)NC(=O)c3ccc(N4CCN(CC5=C(c6ccc(Cl)cc6)CC(C)(C)CC5)CC4)cc3Oc3cccc(Cl)c3)cc2[N+](=O)[O-])CC1,0.084,0.0,0.0,1,0,Ki,387779
CC1(C)CC(c2ccc(Cl)cc2)=C2CN3CCN(c4ccc(C(=O)NS(=O)(=O)c5ccc(OCC6CCC(C)(O)CC6)c(Cl)c5)c(N5CCCOc6nc7[nH]ccc7cc65)c4)C[C@H]3COCCCO[C@@H]2C1,0.085,0.0,0.0,1,0,Ki,1498039
CC1(C)CC(c2ccc(Cl)cc2)=C2CN3CCN(c4ccc(C(=O)NS(=O)(=O)c5ccc(NC[C@H]6CC[C@](C)(O)CC6)c(Cl)c5)c(N5CCCOc6nc7[nH]ccc7cc65)c4)C[C@H]3COCCCO[C@@H]2C1,0.085,0.0,0.0,1,0,Ki,51565558
CC1(C)CC(c2ccc(Cl)cc2)=C2CN3CCN(c4ccc(C(=O)NS(=O)(=O)c5ccc(OC[C@H]6CC[C@](C)(O)CC6)c(Cl)c5)c(N5CCCOc6nc7[nH]ccc7cc65)c4)C[C@H]3COCCCO[C@@H]2C1,0.085,0.0,0.0,1,0,Ki,1406268
CN(C)CC[C@H](CSc1ccccc1)Nc1ccc(S(=O)(=O)NC(=O)c2ccc(N3CCN(Cc4ccccc4-c4ccc(Cl)cc4)CC3)cc2)cc1[N+](=O)[O-],2.5220000000000002,3.1845646484252756,1.5922823242126378,5,1,Ki,"324754,50521610,50606471,51039668"
CC1(C)CCC(CN2CCN(c3ccc(C(=O)NS(=O)(=O)c4ccc(NCC5CCCOC5)c([N+](=O)[O-])c4)c(Oc4ccc5[nH]ccc5c4)c3)CC2)=C(c2ccc(Cl)cc2)C1,0.088,0.0,0.0,1,0,Ki,324969
COCCO[C@H]1CCC(CNc2ccc(S(=O)(=O)NC(=O)c3ccc(N4CCN5CC6=C(c7ccc(Cl)cc7)CC(C)(C)C[C@H]6OCCCOC[C@@H]5C4)cc3N3CCCOc4nc5[nH]ccc5cc43)cc2[N+](=O)[O-])OC1,0.089,0.0,0.0,1,0,Ki,1498023
COCCO[C@H]1CC[C@H](CNc2ccc(S(=O)(=O)NC(=O)c3ccc(N4CCN5CC6=C(c7ccc(Cl)cc7)CC(C)(C)C[C@H]6OCCCOC[C@@H]5C4)cc3N3CCCOc4nc5[nH]ccc5cc43)cc2[N+](=O)[O-])OC1,0.089,0.0,0.0,1,0,Ki,1406252
CC1(C)CCC(CN2CCN(c3ccc(C(=O)NS(=O)(=O)c4cnc(OCC5CCOCC5)c(C#N)c4)c(Oc4ccc5[nH]ccc5c4)c3)CC2)=C(c2ccc(Cl)cc2)C1,0.089,0.0,0.0,1,0,Ki,325037
CC1(C)CCC(CN2CCN(c3ccc(C(=O)NS(=O)(=O)c4ccc(NCC5CCOCC5)c(S(=O)(=O)C(F)(F)F)c4)c(Oc4cnc5[nH]ccc5c4)c3)CC2)=C(c2ccc(Cl)cc2)C1,0.09,0.0,0.0,4,0,Ki,"1179866,1372748,339568,704609"
Cc1n[nH]c2cccc(Oc3cc(N4CCN(CC5=C(c6ccc(Cl)cc6)CC(C)(C)CC5)CC4)ccc3C(=O)NS(=O)(=O)c3ccc(NC4CCN(C)CC4)c([N+](=O)[O-])c3)c12,0.09,0.0,0.0,2,0,Ki,"281388,387634"
CC1(C)CC(c2ccc(Cl)cc2)=C2CN3CCN(c4ccc(C(=O)NS(=O)(=O)c5ccc(OC[C@H]6CC[C@](C)(O)CC6)c([N+](=O)[O-])c5)c(N5CCCOc6nc7[nH]ccc7cc65)c4)C[C@H]3COCCCO[C@@H]2C1,0.09,0.0,0.0,1,0,Ki,1406270
CC1(C)CCC(CN2CCN(c3ccc(C(=O)NS(=O)(=O)c4cnc(OCCC5CCCO5)c(Cl)c4)c(Oc4cnc5[nH]ccc5c4)c3)CC2)=C(c2ccc(Cl)cc2)C1,0.09,0.0,0.0,4,0,Ki,"1180031,1373019,339830,704880"
CC1(C)CC(c2ccc(Cl)cc2)=C2CN3CCN(c4ccc(C(=O)NS(=O)(=O)c5ccc(OCC6CCC(C)(O)CC6)c([N+](=O)[O-])c5)c(N5CCCOc6nc7[nH]ccc7cc65)c4)C[C@H]3COCCCO[C@@H]2C1,0.09,0.0,0.0,1,0,Ki,1498041
O=C(NS(=O)(=O)c1ccc(NCC2CCOCC2)c([N+](=O)[O-])c1)c1ccc(N2CCN(CC3=C(c4ccc(Cl)cc4)CCC(N4CCOCC4)C3)CC2)cc1Oc1ccc2[nH]ccc2c1,0.09,0.0,0.0,1,0,Ki,324957
CC1(C)CCC(CN2CCN(c3ccc(C(=O)NS(=O)(=O)c4cnc(NC5CCN(C6CCOCC6)CC5)c(Br)c4)c(Oc4cnc5[nH]ccc5c4)c3)CC2)=C(c2ccc(Cl)cc2)C1,0.091,0.0,0.0,4,0,Ki,"1179954,1372792,339612,704653"
CN1CCN(CCNc2ccc(S(=O)(=O)NC(=O)c3ccc(N4CCN(CC5=C(c6ccc(Cl)cc6)CC(C)(C)CC5)CC4)cc3Oc3cccc4[nH]ccc34)cc2[N+](=O)[O-])CC1,0.092,0.0,0.0,1,0,Ki,324822
CC1(C)CCC(CN2CCN(c3ccc(C(=O)NS(=O)(=O)c4cnc(OCC5CCOCC5)c(Cl)c4)c(Oc4cc5cc[nH]c5cc4F)c3)CC2)=C(c2ccc(Cl)cc2)C1,0.092,0.0,0.0,3,1,Ki,"281626,387878"
CC1(C)CCC(CN2CCN(c3ccc(C(=O)NS(=O)(=O)c4ccc(NCCN5CCNC5=O)c([N+](=O)[O-])c4)c(Oc4ccc5[nH]ccc5c4)c3)CC2)=C(c2ccc(Cl)cc2)C1,0.092,0.0,0.0,1,0,Ki,324976
CC1(C)CCC(CN2CCN(c3ccc(C(=O)NS(=O)(=O)c4ccc(NC5CCN(C6CCOCC6)CC5)c([N+](=O)[O-])c4)c(Oc4cc5cc[nH]c5cc4Cl)c3)CC2)=C(c2ccc(Cl)cc2)C1,0.092,0.0,0.0,2,0,Ki,"281567,387817"
CC1(C)CCC(CN2CCN(c3ccc(C(=O)NS(=O)(=O)c4cnc(OCC5CCOCC5)c(F)c4)c(Oc4cnc5[nH]ccc5c4)c3)CC2)=C(c2ccc(Cl)cc2)C1,0.093,0.0,0.0,4,0,Ki,"1180039,1373023,339834,704884"
CC1(C)CCC(CN2CCN(c3ccc(C(=O)NS(=O)(=O)c4cnc(OCCC5CCCO5)c(Cl)c4)c(Oc4cccc5[nH]ncc45)c3)CC2)=C(c2ccc(Cl)cc2)C1,0.093,0.0,0.0,1,0,Ki,325164
CCN1CCOCC1COc1ncc(S(=O)(=O)NC(=O)c2ccc(N3CCN(CC4=C(c5ccc(Cl)cc5)CC(C)(C)CC4)CC3)cc2Oc2cnc3[nH]ccc3c2)cc1Br,0.094,0.0,0.0,4,0,Ki,"1180036,1372833,339651,704694"
CC1(C)CCC(CN2CCN(c3ccc(C(=O)NS(=O)(=O)c4ccc(OCC5CCOCC5)c([N+](=O)[O-])c4)c(Oc4ccc5[nH]ccc5c4)c3)CC2)=C(c2ccc(Cl)cc2)C1,0.095,0.0,0.0,1,0,Ki,324986
O=C(NS(=O)(=O)c1ccc(NCC2CCOCC2)c([N+](=O)[O-])c1)c1ccc(N2CCN(Cc3cc(OCCCN4CCCCC4)ccc3-c3ccc(Cl)cc3)CC2)cc1Oc1ccccc1,0.096,0.0,0.0,1,0,Ki,324830
CC1(C)CCC(CN2CCN(c3ccc(C(=O)NS(=O)(=O)c4ccc(NCC5CCS(=O)(=O)C5)c([N+](=O)[O-])c4)c(Oc4ccc5[nH]ccc5c4)c3)CC2)=C(c2ccc(Cl)cc2)C1,0.097,0.0,0.0,1,0,Ki,324982
CC1(C)CCC(CN2CCN(c3ccc(C(=O)NS(=O)(=O)c4ccc(NCCCN5CCNC(=O)C5)c([N+](=O)[O-])c4)c(Oc4cc(F)cc5[nH]ccc45)c3)CC2)=C(c2ccc(Cl)cc2)C1,0.097,0.0,0.0,2,0,Ki,"281582,387832"
CC1(C)CCC(CN2CCN(c3ccc(C(=O)NS(=O)(=O)c4ccc(OC5CCN(C6CCOCC6)CC5)c([N+](=O)[O-])c4)c(Oc4ccc5[nH]ccc5c4)c3)CC2)=C(c2ccc(Cl)cc2)C1,0.098,0.0,0.0,1,0,Ki,325092
CC1(C)CCC(CN2CCN(c3ccc(C(=O)NS(=O)(=O)c4ccc(NC5CCC(N6CCOCC6)CC5)c([N+](=O)[O-])c4)c(Oc4cc5cc[nH]c5cc4F)c3)CC2)=C(c2ccc(Cl)cc2)C1,0.099,0.0,0.0,1,0,Ki,387809
CC(c1ccccc1-c1ccc(Cl)cc1)N1CCN(c2ccc(C(=O)NS(=O)(=O)c3ccc(NCC4CCOCC4)c([N+](=O)[O-])c3)c(Oc3cccc4[nH]ccc34)c2)CC1,0.1,0.0,0.0,1,0,Ki,324887
COC1CC[C@@H](COc2ccc(S(=O)(=O)NC(=O)c3ccc(N4CCN5CC6=C(c7ccc(Cl)cc7)CC(C)(C)C[C@H]6OCCCOC[C@@H]5C4)cc3N3CCCOc4nc5[nH]ccc5cc43)cc2[N+](=O)[O-])OC1,0.1,0.0,0.0,1,0,Ki,1498053
CO[C@@H]1CC[C@@H](COc2ccc(S(=O)(=O)NC(=O)c3ccc(N4CCN5CC6=C(c7ccc(Cl)cc7)CC(C)(C)C[C@H]6OCCCOC[C@@H]5C4)cc3N3CCCOc4nc5[nH]ccc5cc43)cc2[N+](=O)[O-])OC1,0.1,0.0,0.0,1,0,Ki,1406282
CC(C)N(CCOc1ccc(-c2ccc(Cl)cc2)c(CN2CCN(c3ccc(C(=O)NS(=O)(=O)c4ccc(NCC5CCOCC5)c([N+](=O)[O-])c4)c(Oc4ccccc4)c3)CC2)c1)C(C)C,0.101,0.0,0.0,1,0,Ki,324855
CC1(C)CCC(CN2CCN(c3ccc(C(=O)NS(=O)(=O)c4ccc(NCC5(N)CCOCC5)c([N+](=O)[O-])c4)c(Oc4ccc5[nH]ccc5c4)c3)CC2)=C(c2ccc(Cl)cc2)C1,0.102,0.0,0.0,1,0,Ki,324900
CC1(C)CCC(CN2CCN(c3ccc(C(=O)NS(=O)(=O)c4ccc(OCC5CCOC5)c(Cl)c4)c(Oc4cnc5[nH]ccc5c4)c3)CC2)=C(c2ccc(Cl)cc2)C1,0.104,0.0,0.0,4,0,Ki,"1180098,1373052,339863,704913"
CC1(C)CCC(CN2CCN(c3ccc(C(=O)NS(=O)(=O)c4cnc(OCC5(F)CCOCC5)c(C(F)(F)F)c4)c(Oc4cnc5[nH]ccc5c4)c3)CC2)=C(c2ccc(Cl)cc2)C1,0.104,0.0,0.0,4,0,Ki,"1179871,1372939,339753,704800"
CC(C1=C(c2ccc(Cl)cc2)CC(C)(C)CC1)N1CCN(c2ccc(C(=O)NS(=O)(=O)c3ccc(NCC4CCOCC4)c([N+](=O)[O-])c3)c(Oc3cc4cc[nH]c4cc3F)c2)CC1,0.105,0.0,0.0,2,0,Ki,"281581,387831"
CN1CCN(Nc2ccc(S(=O)(=O)NC(=O)c3ccc(N4CCN(CC5=C(c6ccc(Cl)cc6)CC(C)(C)CC5)CC4)cc3Oc3ccc4[nH]ccc4c3)cc2[N+](=O)[O-])CC1,0.487,0.0,0.0,5,1,Ki,"1180014,1372822,339640,704683"
CC1(C)CCC(CN2CCN(c3ccc(C(=O)NS(=O)(=O)c4ccc(NCCCN5CCNC(=O)C5)c([N+](=O)[O-])c4)c(Oc4cc5cc[nH]c5c(F)c4F)c3)CC2)=C(c2ccc(Cl)cc2)C1,0.105,0.0,0.0,2,0,Ki,"281564,387814"
CC1(C)CCC(CN2CCN(c3ccc(C(=O)NS(=O)(=O)c4ccc(NCC5COCCO5)c([N+](=O)[O-])c4)c(Oc4ccc5[nH]ccc5c4)c3)CC2)=C(c2ccc(Cl)cc2)C1,0.105,0.0,0.0,1,0,Ki,325040
CN1CCC(Nc2ccc(S(=O)(=O)NC(=O)c3ccc(N4CCN(CC5=C(c6ccc(Cl)cc6)CCCCC5)CC4)cc3Oc3ccccc3Cl)cc2[N+](=O)[O-])CC1,0.106,0.0,0.0,2,0,Ki,"281389,387635"
CC1(C)CCC(CN2CCN(c3ccc(C(=O)NS(=O)(=O)c4ccc(NCCCN5CCOCC5)c([N+](=O)[O-])c4)c(Oc4cccc(Cl)c4F)c3)CC2)=C(c2ccc(Cl)cc2)C1,0.106,0.0,0.0,2,0,Ki,"281480,387726"
O=C(NS(=O)(=O)c1ccc(NCC2CCOCC2)c([N+](=O)[O-])c1)c1ccc(N2CCN(Cc3c(OCCN4CCOCC4)cccc3-c3ccc(Cl)cc3)CC2)cc1Oc1cccc2[nH]ccc12,0.106,0.0,0.0,1,0,Ki,324847
CC1(C)CCC(CN2CCN(c3ccc(C(=O)NS(=O)(=O)c4cnc(OC5CCC(N6CCOCC6)CC5)c(Br)c4)c(Oc4cc5cc[nH]c5cc4F)c3)CC2)=C(c2ccc(Cl)cc2)C1,0.107,0.0,0.0,1,0,Ki,387908
CC1(C)CCC(CN2CCN(c3ccc(C(=O)NS(=O)(=O)c4ccc(NCCN5CCOCC5)c([N+](=O)[O-])c4)c(Oc4cccc(F)c4)c3)CC2)=C(c2ccc(Cl)cc2)C1,0.107,0.0,0.0,2,0,Ki,"281461,387707"
CC1(C)CCC(CN2CCN(c3ccc(C(=O)NS(=O)(=O)c4ccc(NCCCN5CCNC(=O)C5)c([N+](=O)[O-])c4)c(Oc4ccc5[nH]ccc5c4)c3)CC2)=C(c2ccc(Cl)cc2)C1,0.107,0.0,0.0,1,0,Ki,324931
CC1(C)CCC(CN2CCN(c3ccc(C(=O)NS(=O)(=O)c4ccc(N[C@H]5CCCN(C6CCOCC6)C5)c([N+](=O)[O-])c4)c(Oc4cc5cc[nH]c5cc4F)c3)CC2)=C(c2ccc(Cl)cc2)C1,0.108,0.0,0.0,2,0,Ki,"281652,387904"
CC1(C)CC(c2ccc(Cl)cc2)=C2CN3CCN(c4ccc(C(=O)NS(=O)(=O)c5ccc(OC[C@H]6CC[C@H](N7CCOCC7)CC6)c(Cl)c5)c(N5CCCOc6nc7[nH]ccc7cc65)c4)C[C@H]3COCCCO[C@@H]2C1,0.108,0.0,0.0,1,0,Ki,1406258
CC1(C)CC(c2ccc(Cl)cc2)=C2CN3CCN(c4ccc(C(=O)NS(=O)(=O)c5ccc(OCC6CCC(N7CCOCC7)CC6)c(Cl)c5)c(N5CCCOc6nc7[nH]ccc7cc65)c4)C[C@H]3COCCCO[C@@H]2C1,0.108,0.0,0.0,1,0,Ki,1498029
CC1(C)CC(c2ccc(Cl)cc2)=C2CN3CCN(c4ccc(C(=O)NS(=O)(=O)c5ccc(NC[C@H]6CC[C@H](N7CCOCC7)CO6)c([N+](=O)[O-])c5)c(N5CCCOc6nc7[nH]ccc7cc65)c4)C[C@H]3COCCCO[C@@H]2C1,0.109,0.0,0.0,2,0,Ki,"1406256,1498027"
CC1(C)CCC(CN2CCN(c3ccc(C(=O)NS(=O)(=O)c4cnc(OCC5CCN(c6nccs6)CC5)c(Cl)c4)c(Oc4cnc5[nH]ccc5c4)c3)CC2)=C(c2ccc(Cl)cc2)C1,0.11,0.0,0.0,4,1,Ki,"1180199,1373101,704962"
CC1(C)CCC(CN2CCN(c3ccc(C(=O)NS(=O)(=O)c4ccc(NC5CCN(C6CC6)CC5)c([N+](=O)[O-])c4)c(Oc4ccccc4F)c3)CC2)=C(c2ccc(Cl)cc2)C1,0.11,0.0,0.0,2,0,Ki,"281455,387701"
CN1CCN(Nc2ccc(S(=O)(=O)NC(=O)c3ccc(N4CCN(CC5=C(c6ccc(Cl)cc6)CC(C)(C)CC5)CC4)cc3Oc3cnc(N)c(Br)c3)cc2[N+](=O)[O-])CC1,0.11,0.0,0.0,2,0,Ki,"281682,387934"
COCCNc1ccc(S(=O)(=O)NC(=O)c2ccc(N3CCN(CC4=C(c5ccc(Cl)cc5)CC(C)(C)CC4)CC3)cc2Oc2cc3cc[nH]c3cc2F)cc1[N+](=O)[O-],0.11,0.0,0.0,2,0,Ki,"281587,387838"
CC1(C)CCC(CN2CCN(c3ccc(C(=O)NS(=O)(=O)c4ccc(NC5CCN(C6CCOCC6)CC5)c([N+](=O)[O-])c4)c(Oc4ccc5[nH]cc(Cl)c5c4)c3)CC2)=C(c2ccc(Cl)cc2)C1,0.111,0.0,0.0,2,0,Ki,"281605,387856"
CC1(C)CCC(CN2CCN(c3ccc(C(=O)NS(=O)(=O)c4ccc(NCc5ccc(OC(F)F)cc5)c([N+](=O)[O-])c4)c(Oc4cnc5[nH]ccc5c4)c3)CC2)=C(c2ccc(Cl)cc2)C1,0.111,0.0,0.0,4,0,Ki,"1180185,1372908,339726,704769"
COc1ccccc1Oc1cc(N2CCN(CC3=C(c4ccc(Cl)cc4)CC(C)(C)CC3)CC2)ccc1C(=O)NS(=O)(=O)c1ccc(NC2CCN(C)CC2)c([N+](=O)[O-])c1,0.112,0.0,0.0,2,0,Ki,"281508,387757"
CC1(C)CCC(CN2CCN(c3ccc(C(=O)NS(=O)(=O)c4ccc(OCC5CCOCC5)c([N+](=O)[O-])c4)c(Oc4cccc5[nH]ccc45)c3)CC2)=C(c2ccc(Cl)cc2)C1,0.112,0.0,0.0,1,0,Ki,324995
CC1(C)CCC(CN2CCN(c3ccc(C(=O)NS(=O)(=O)c4cnc(OC[C@@H]5CCN(C(CF)CF)C5)c(Cl)c4)c(Oc4cccc5[nH]ncc45)c3)CC2)=C(c2ccc(Cl)cc2)C1,0.112,0.0,0.0,1,0,Ki,325147
CC1(C)CCC(CN2CCN(c3ccc(C(=O)NS(=O)(=O)c4cnc(OCC5CCOCC5)c(C#N)c4)c(Oc4cc5cc[nH]c5cc4F)c3)CC2)=C(c2ccc(Cl)cc2)C1,0.113,0.0,0.0,2,0,Ki,"281624,387876"
CC1(C)CCC(CN2CCN(c3ccc(C(=O)NS(=O)(=O)c4ccc(N[C@@H]5CCCN(C(CF)CF)C5)c([N+](=O)[O-])c4)c(Oc4cnc(N)c(Cl)c4)c3)CC2)=C(c2ccc(Cl)cc2)C1,0.114,0.0,0.0,2,0,Ki,"281705,387957"
CC1(C)CCC(CN2CCN(c3ccc(C(=O)NS(=O)(=O)c4cc(Cl)c(NCC5CCOCC5)c(C#N)c4)c(Oc4cnc5[nH]ccc5c4)c3)CC2)=C(c2ccc(Cl)cc2)C1,0.114,0.0,0.0,4,0,Ki,"1179936,1372783,339603,704644"
CN1CCC(Nc2ccc(S(=O)(=O)NC(=O)c3ccc(N4CCN(CC5=C(c6ccc(Cl)cc6)CC(C)(C)CC5)CC4)cc3Oc3cnc(N)c(Cl)c3)cc2S(=O)(=O)C(F)(F)F)CC1,0.114,0.0,0.0,2,0,Ki,"281677,387929"
COC1(COc2ccc(S(=O)(=O)NC(=O)c3ccc(N4CCN(CC5=C(c6ccc(Cl)cc6)CC(C)(C)CC5)CC4)cc3Oc3cnc4[nH]ccc4c3)cc2[N+](=O)[O-])CCOCC1,0.115,0.0,0.0,4,0,Ki,"1179923,1372965,339776,704826"
CN(C)CCCOc1ccc(S(=O)(=O)NC(=O)c2ccc(N3CCN(CC4=C(c5ccc(Cl)cc5)CC(C)(C)CC4)CC3)cc2Oc2ccc3[nH]ccc3c2)cc1[N+](=O)[O-],0.116,0.0,0.0,1,0,Ki,324821
CC1(C)CCC(CN2CCN(c3ccc(C(=O)NS(=O)(=O)c4ccc(NCC5CCS(=O)(=O)C5)c([N+](=O)[O-])c4)c(Oc4cccc5[nH]ccc45)c3)CC2)=C(c2ccc(Cl)cc2)C1,0.116,0.0,0.0,1,0,Ki,325030
CN(C)CCCCNc1ccc(S(=O)(=O)NC(=O)c2ccc(N3CCN(Cc4ccccc4-c4ccc(Cl)cc4)CC3)cc2Oc2ccccc2)cc1[N+](=O)[O-],0.116,0.0,0.0,1,0,Ki,324872
CC1(C)CCC(CN2CCN(c3ccc(C(=O)NS(=O)(=O)c4ccc(NCCCN5CCNC(=O)C5)c([N+](=O)[O-])c4)c(Oc4ccccc4Cl)c3)CC2)=C(c2ccc(Cl)cc2)C1,0.119,0.0,0.0,2,0,Ki,"281579,387829"
Cc1ccccc1Oc1cc(N2CCN(CC3=C(c4ccc(Cl)cc4)CC(C)(C)CC3)CC2)ccc1C(=O)NS(=O)(=O)c1ccc(NC2CCN(C)CC2)c([N+](=O)[O-])c1,0.119,0.0,0.0,2,0,Ki,"281509,387758"
CC1(C)CCC(CN2CCN(c3ccc(C(=O)NS(=O)(=O)c4ccc(NCc5cccc(OC(F)(F)F)c5)c([N+](=O)[O-])c4)c(Oc4cnc5[nH]ccc5c4)c3)CC2)=C(c2ccc(Cl)cc2)C1,0.119,0.0,0.0,4,0,Ki,"1180181,1372906,339724,704767"
C[C@@H](c1ccccc1-c1ccc(Cl)cc1)N1CCN(c2ccc(C(=O)NS(=O)(=O)c3ccc(NCC4CCOCC4)c([N+](=O)[O-])c3)c(Oc3cccc4[nH]ccc34)c2)CC1,0.12,0.0,0.0,1,0,Ki,324964
CN1CCC(Nc2ccc(S(=O)(=O)NC(=O)c3ccc(N4CCN(CC5=C(c6ccc(Cl)cc6)CC(C)(C)CC5)CC4)cc3Oc3cc(F)cc(F)c3Cl)cc2[N+](=O)[O-])CC1,0.12,0.0,0.0,2,0,Ki,"281494,387742"
O=C(NS(=O)(=O)c1ccc(NCC2CCOCC2)c([N+](=O)[O-])c1)c1ccc(N2CCN(CC3=C(c4ccc(Cl)cc4)CCN(CCCO)C3)CC2)cc1Oc1cccc2[nH]ccc12,0.12,0.0,0.0,1,0,Ki,325059
CC1(C)CCC(CN2CCN(c3ccc(C(=O)NS(=O)(=O)c4cnc(NCC5(F)CCOCC5)c(Cl)c4)c(Oc4cccc5[nH]ncc45)c3)CC2)=C(c2ccc(Cl)cc2)C1,0.12,0.0,0.0,1,0,Ki,325116
CC1(C)CCC(CN2CCN(c3ccc(C(=O)NS(=O)(=O)c4cnc(OC5CCN(C6CCOCC6)CC5)c(C#N)c4)c(Oc4cnc5[nH]ccc5c4)c3)CC2)=C(c2ccc(Cl)cc2)C1,0.123,0.0,0.0,4,0,Ki,"1180000,1372815,339633,704676"
CC1(C)CCC(CN2CCN(c3ccc(C(=O)NS(=O)(=O)c4ccc(NCCCN5CCOCC5)c([N+](=O)[O-])c4)c(Oc4ccccc4Cl)c3)CC2)=C(c2ccc(Cl)cc2)C1,0.123,0.0,0.0,2,0,Ki,"281448,387694"
CC1(C)CCC(CN2CCN(c3ccc(C(=O)NS(=O)(=O)c4ccc(NCC5CCOCC5)c([N+](=O)[O-])c4)c(Oc4cc5cc[nH]c5cc4F)c3)CC2)=C(c2ccc(Cl)cc2)C1,0.124,0.0,0.0,2,0,Ki,"281563,387813"
CN(C)CCCNc1ccc(S(=O)(=O)NC(=O)c2ccc(N3CCN(CC4=C(c5ccc(Cl)cc5)CC(C)(C)CC4)CC3)cc2Oc2ccc(F)cc2)cc1[N+](=O)[O-],0.125,0.0,0.0,2,0,Ki,"281471,387717"
CN1CCC(Nc2ccc(S(=O)(=O)NC(=O)c3ccc(N4CCN(CC5=C(c6ccc(Cl)cc6)CCCC5)CC4)cc3Oc3ccc4[nH]ccc4c3)cc2[N+](=O)[O-])CC1,0.125,0.0,0.0,1,0,Ki,324802
CN(C)CCCNc1ccc(S(=O)(=O)NC(=O)c2ccc(N3CCN(CC4=C(c5ccc(Cl)cc5)CC(C)(C)CC4)CC3)cc2Oc2ccc3[nH]ccc3c2)cc1S(=O)(=O)C(F)(F)F,0.126,0.0,0.0,1,0,Ki,324882
CC(C1=C(c2ccc(Cl)cc2)CC(C)(C)CC1)N1CCN(c2ccc(C(=O)NS(=O)(=O)c3ccc(NN4CCN(C)CC4)c([N+](=O)[O-])c3)c(Oc3ccc4[nH]ccc4c3)c2)CC1,0.126,0.0,0.0,1,0,Ki,324962
CC1(C)CCC(CN2CCN(c3ccc(C(=O)NS(=O)(=O)c4cnc(N[C@H]5CC[C@H](N6CCOCC6)CC5)c(C#N)c4)c(Oc4cnc5[nH]ccc5c4)c3)CC2)=C(c2ccc(Cl)cc2)C1,0.127,0.0,0.0,3,0,Ki,"1180050,1372840,704701"
CN1CCN(Nc2ccc(S(=O)(=O)NC(=O)c3ccc(N4CCN(CC5=C(c6ccc(Cl)cc6)CC(C)(C)CC5)CC4)cc3Oc3cc4cc[nH]c4c(F)c3F)cc2[N+](=O)[O-])CC1,0.127,0.0,0.0,2,0,Ki,"281546,387796"
CN1CCC(Nc2ccc(S(=O)(=O)NC(=O)c3ccc(N4CCN(CC5=C(c6ccc(Cl)cc6)CC(C)(C)CC5)CC4)cc3Oc3cccc(Cl)c3F)cc2[N+](=O)[O-])CC1,0.127,0.0,0.0,2,0,Ki,"281479,387725"
CC1(C)CC(c2ccc(Cl)cc2)=C(CN2CCN(c3ccc(C(=O)NS(=O)(=O)c4ccc(NC5CCC(N6CCOCC6)CC5)c([N+](=O)[O-])c4)c(Oc4cc5cc[nH]c5cc4Cl)c3)CC2)CO1,0.127,0.0,0.0,1,0,Ki,387869
CC1(C)CCC(CN2CCN(c3ccc(C(=O)NS(=O)(=O)c4ccc(OCC5COCCO5)c([N+](=O)[O-])c4)c(Oc4ccc5[nH]ccc5c4)c3)CC2)=C(c2ccc(Cl)cc2)C1,0.128,0.0,0.0,6,0,Ki,"1180016,1372823,1373106,325003,339641,704684"
CN1CCC(Nc2ccc(S(=O)(=O)NC(=O)c3ccc(N4CCN(Cc5ccccc5-c5ccc(Cl)cc5)CC4)cc3Oc3ccccc3)cc2[N+](=O)[O-])CC1,0.129,0.0,0.0,1,0,Ki,324810
CC1(C)CCC(CN2CCN(c3ccc(C(=O)NS(=O)(=O)c4ccc(N[C@H]5CCN(C6CC6)C5)c([N+](=O)[O-])c4)c(Oc4cnc5[nH]ccc5c4)c3)CC2)=C(c2ccc(Cl)cc2)C1,0.13,0.0,0.0,4,0,Ki,"1180115,1372873,339691,704734"
CC1(C)CCC(CN2CCN(c3ccc(C(=O)NS(=O)(=O)c4ccc(OCC5(F)CCOCC5)c(C(F)(F)F)c4)c(Oc4cnc5[nH]ccc5c4)c3)CC2)=C(c2ccc(Cl)cc2)C1,0.13,0.0,0.0,4,0,Ki,"1180066,1373036,339847,704897"
Cc1c(N(C(=O)c2cc(-c3cc(Cl)ccc3C(=O)N3Cc4ccccc4C[C@H]3CN3CCOCC3)n(C)c2C)c2ccc(O)cc2)cc(C#N)n1C,0.30500000000000005,0.14361406616345074,0.07180703308172537,4,0,Ki,"51462830,51462832,51462835,51462838"
CN1CCN(Nc2ccc(S(=O)(=O)NC(=O)c3ccc(N4CCN(CC5=C(c6ccc(Cl)cc6)CC(C)(C)CC5)CC4)cc3Oc3cccc4c3CC(=O)N4)cc2[N+](=O)[O-])CC1,0.131,0.0,0.0,2,0,Ki,"281611,387862"
CN1CCC(Nc2ccc(S(=O)(=O)NC(=O)c3ccc(N4CCN(CC5=C(c6ccc(Cl)cc6)CC(C)(C)CC5)C(CO)C4)cc3Oc3ccc4[nH]ccc4c3)cc2[N+](=O)[O-])CC1,0.131,0.0,0.0,1,0,Ki,324927
CN(C)CCCNc1ccc(S(=O)(=O)NC(=O)c2ccc(N3CCN(Cc4ccccc4-c4ccc(Cl)cc4)CC3)cc2Oc2ccccc2)cc1[N+](=O)[O-],0.133,0.0,0.0,1,0,Ki,324870
CC1(C)CCC(CN2CCN(c3ccc(C(=O)NS(=O)(=O)c4ccc(N[C@H]5CCN(C6COC6)C5)c([N+](=O)[O-])c4)c(Oc4cnc5[nH]ccc5c4)c3)CC2)=C(c2ccc(Cl)cc2)C1,0.133,0.0,0.0,3,0,Ki,"1179879,1372943,704804"
CC1(C)CCC(CN2CCN(c3ccc(C(=O)NS(=O)(=O)c4ccc(NC5CCN(C6COC6)C5)c([N+](=O)[O-])c4)c(Oc4cnc5[nH]ccc5c4)c3)CC2)=C(c2ccc(Cl)cc2)C1,0.133,0.0,0.0,1,0,Ki,339757
CC1(C)CCC(CN2CCN(c3ccc(C(=O)NS(=O)(=O)c4ccc(NCCC(F)(F)F)c([N+](=O)[O-])c4)c(Oc4cnc5[nH]ccc5c4)c3)CC2)=C(c2ccc(Cl)cc2)C1,0.134,0.0,0.0,4,0,Ki,"1179886,1372758,339578,704619"
CC1(C)CCC(CN2CCN(c3ccc(C(=O)NS(=O)(=O)c4cnc(O[C@@H]5CCN(CC(F)F)C5)c(Cl)c4)c(Oc4cnc5[nH]ccc5c4)c3)CC2)=C(c2ccc(Cl)cc2)C1,0.134,0.0,0.0,4,0,Ki,"1179975,1372991,339802,704852"
CN(C)CCOc1ccc(-c2ccc(Cl)cc2)c(CN2CCN(c3ccc(C(=O)NS(=O)(=O)c4ccc(NN5CCN(C)CC5)c([N+](=O)[O-])c4)c(Oc4cccc5[nH]ccc45)c3)CC2)c1,0.135,0.0,0.0,1,0,Ki,324981
CC1(C)CCC(CN2CCN(c3ccc(C(=O)NS(=O)(=O)c4ccc(NCC5CCOCC5)c([N+](=O)[O-])c4)c(Oc4cc(Cl)c(=N)n(COP(=O)(O)O)c4)c3)CC2)=C(c2ccc(Cl)cc2)C1,0.137,0.0,0.0,2,0,Ki,"281720,387972"
CC(C)N1CCC(Nc2ccc(S(=O)(=O)NC(=O)c3ccc(N4CCN(CC5=C(c6ccc(Cl)cc6)CC(C)(C)CC5)CC4)cc3Oc3cnc4[nH]ccc4c3)cc2[N+](=O)[O-])CC1,0.139,0.0,0.0,4,0,Ki,"1179907,1372957,339769,704818"
CC1(C)CCC(CN2CCN(c3ccc(C(=O)NS(=O)(=O)c4ccc(NC5CCN(C6CCCC6)CC5)c([N+](=O)[O-])c4)c(Oc4ccc5[nH]ccc5c4)c3)CC2)=C(c2ccc(Cl)cc2)C1,0.14,0.0,0.0,1,0,Ki,324764
O=C(NS(=O)(=O)c1ccc(NCC2CCOCC2)c([N+](=O)[O-])c1)c1ccc(N2CCN(Cc3cc(OCCN4CCOCC4)ccc3-c3ccc(Cl)cc3)CC2)cc1Oc1cccc2[nH]ccc12,0.14,0.0,0.0,1,0,Ki,324846
O=C(Nc1nc2ccccc2s1)c1cccc2c1CN(c1nc(C(=O)O)c(CCCCOc3ccc(-n4ncc5cncnc54)cc3)s1)CC2,0.14,0.0,0.0,1,0,Ki,50243989
CC1(C)CCC(CN2CCN(c3ccc(C(=O)NS(=O)(=O)c4ccc(NCCCn5ccnc5)c([N+](=O)[O-])c4)c(Oc4ccc5[nH]ccc5c4)c3)CC2)=C(c2ccc(Cl)cc2)C1,0.14,0.0,0.0,1,0,Ki,325080
CC1(C)CCC(CN2CCN(c3ccc(C(=O)NS(=O)(=O)c4ccc(NCCCN(CC(F)(F)F)C5CC5)c([N+](=O)[O-])c4)c(Oc4cnc5[nH]ccc5c4)c3)CC2)=C(c2ccc(Cl)cc2)C1,0.141,0.0,0.0,4,0,Ki,"1180068,1373037,339848,704898"
CC1(C)CCC(CN2CCN(c3ccc(C(=O)NS(=O)(=O)c4ccc(NCC5(CO)CCOCC5)c([N+](=O)[O-])c4)c(Oc4cc5cc[nH]c5cc4F)c3)CC2)=C(c2ccc(Cl)cc2)C1,0.141,0.0,0.0,2,0,Ki,"281566,387816"
CC(C1=C(c2ccc(Cl)cc2)CC(C)(C)CC1)N1CCN(c2ccc(C(=O)NS(=O)(=O)c3ccc(NCC4CCOCC4)c([N+](=O)[O-])c3)c(Oc3ccc4[nH]ccc4c3)c2)CC1,0.142,0.0,0.0,1,0,Ki,324961
COCCN1CCC(Nc2ccc(S(=O)(=O)NC(=O)c3ccc(N4CCN(CC5=C(c6ccc(Cl)cc6)CC(C)(C)CC5)CC4)cc3Oc3ccc4[nH]ccc4c3)cc2[N+](=O)[O-])CC1,0.144,0.0,0.0,1,0,Ki,324901
CC1(C)CCC(CN2CCN(c3ccc(C(=O)NS(=O)(=O)c4ccc(NC5CCS(=O)(=O)C5)c([N+](=O)[O-])c4)c(Oc4ccc5[nH]ccc5c4)c3)CC2)=C(c2ccc(Cl)cc2)C1,0.144,0.0,0.0,1,0,Ki,324983
CC1(C)CCC(CN2CCN(c3ccc(C(=O)NS(=O)(=O)c4cnc(OC[C@H]5CN(CC#N)CCO5)c(Cl)c4)c(Oc4cnc5[nH]ccc5c4)c3)CC2)=C(c2ccc(Cl)cc2)C1,0.144,0.0,0.0,4,0,Ki,"1179947,1372977,339788,704838"
CC1(C)CCC(CN2CCN(c3ccc(C(=O)NS(=O)(=O)c4cnc(OC[C@@H]5CCN(CC(F)F)C5)c(Cl)c4)c(Oc4cnc5[nH]ccc5c4)c3)CC2)=C(c2ccc(Cl)cc2)C1,0.145,0.0,0.0,4,0,Ki,"1180015,1373011,339822,704872"
CC1(C)CCC(CN2CCN(c3ccc(C(=O)NS(=O)(=O)c4cnc(OCC5COCCO5)c(C#N)c4)c(Oc4cc5cc[nH]c5cc4F)c3)CC2)=C(c2ccc(Cl)cc2)C1,0.146,0.0,0.0,2,0,Ki,"281628,387880"
CN1CCC(Nc2ccc(S(=O)(=O)NC(=O)c3ccc(N4CCN(CC5=C(c6ccc(Cl)cc6)CC(C)(C)CC5)CC4)cc3Oc3cccc(C(F)(F)F)c3)cc2[N+](=O)[O-])CC1,0.147,0.0,0.0,2,0,Ki,"281390,387636"
CO[C@H]1CC[C@H](CNc2ccc(S(=O)(=O)NC(=O)c3ccc(N4CCN5CC6=C(c7ccc(Cl)cc7)CC(C)(C)C[C@H]6OCCCOC[C@@H]5C4)cc3N3CCCOc4nc5[nH]ccc5cc43)cc2[N+](=O)[O-])CC1,0.149,0.0,0.0,1,0,Ki,1406192
CC1(C)CCC(CN2CCN(c3ccc(C(=O)NS(=O)(=O)c4ccc(OCCCS(C)(=O)=O)c([N+](=O)[O-])c4)c(Oc4cccc5[nH]ccc45)c3)CC2)=C(c2ccc(Cl)cc2)C1,0.149,0.0,0.0,1,0,Ki,325022
COC1CCC(CNc2ccc(S(=O)(=O)NC(=O)c3ccc(N4CCN5CC6=C(c7ccc(Cl)cc7)CC(C)(C)CC6OCCCOC[C@@H]5C4)cc3N3CCCOc4nc5[nH]ccc5cc43)cc2[N+](=O)[O-])CC1,0.149,0.0,0.0,1,0,Ki,1497963
CC1(C)CCC(CN2CCN(c3ccc(C(=O)NS(=O)(=O)c4cnc(NCC5CN(C6CC6)CCO5)c(Cl)c4)c(Oc4cnc5[nH]ccc5c4)c3)CC2)=C(c2ccc(Cl)cc2)C1,0.15,0.0,0.0,4,0,Ki,"1180122,1373064,339875,704925"
CN1CCC(Nc2ccc(S(=O)(=O)NC(=O)c3ccc(N4CCN(CC5=C(c6ccc(Cl)cc6)CC(C)(C)CC5)CC4)cc3Oc3ccc(F)cc3)cc2[N+](=O)[O-])CC1,0.151,0.0,0.0,2,0,Ki,"281450,387696"
COCCN1CCC(Nc2ccc(S(=O)(=O)NC(=O)c3ccc(N4CCN(CC5=C(c6ccc(Cl)cc6)CC(C)(C)CC5)CC4)cc3Oc3cccc4[nH]ccc34)cc2[N+](=O)[O-])CC1,0.151,0.0,0.0,1,0,Ki,324904
CC1(C)CCC(CN2CCN(c3ccc(C(=O)NS(=O)(=O)c4ccc(NC5CCC(N6CCOCC6)CC5)c([N+](=O)[O-])c4)c(Oc4cccc(Cl)c4)c3)CC2)=C(c2ccc(Cl)cc2)C1,0.153,0.0,0.0,1,0,Ki,387781
CC1(C)CCC(CN2CCN(c3ccc(C(=O)NS(=O)(=O)c4ccc(NCCCN5CCCC5)c([N+](=O)[O-])c4)c(Oc4cccc5[nH]c6ccccc6c45)c3)CC2)=C(c2ccc(Cl)cc2)C1,0.153,0.0,0.0,4,0,Ki,"1179848,1372739,339559,704600"
CN(C)CCCNc1ccc(S(=O)(=O)NC(=O)c2ccc(N3CCN(Cc4ccccc4-c4ccc(Cl)cc4)CC3)cc2Oc2cccc3c2CCC(=O)N3)cc1[N+](=O)[O-],0.155,0.0,0.0,2,0,Ki,"281391,387637"
CN1CCN(Nc2ccc(S(=O)(=O)NC(=O)c3ccc(N4CCN(CC5=C(c6ccc(Cl)cc6)CC(C)(C)CC5)CC4)cc3Oc3ccccc3Cl)cc2[N+](=O)[O-])CC1,0.155,0.0,0.0,2,0,Ki,"281512,387761"
CC1(C)CCC(CN2CCN(c3ccc(C(=O)NS(=O)(=O)c4cnc(OCCN5CCOCC5)c(C#N)c4)c(Oc4cc5cc[nH]c5cc4F)c3)CC2)=C(c2ccc(Cl)cc2)C1,0.155,0.0,0.0,2,0,Ki,"281633,387885"
CC1(C)CCC(CN2CCN(c3ccc(C(=O)NS(=O)(=O)c4ccc(NC5CCN(C6CC6)CC5)c([N+](=O)[O-])c4)c(Oc4cccc(Cl)c4)c3)CC2)=C(c2ccc(Cl)cc2)C1,0.156,0.0,0.0,2,0,Ki,"281451,387697"
COC1(Cc2ccccc2-c2ccc(Cl)cc2)CCN(c2ccc(C(=O)NS(=O)(=O)c3cnc(OCC4(F)CCOCC4)c(Cl)c3)c(Oc3cnc4[nH]ccc4c3)c2)CC1,0.156,0.0,0.0,4,0,Ki,"1179979,1372993,339804,704854"
CC1(C)CC(c2ccc(Cl)cc2)=C2CN3CCN(c4ccc(C(=O)NS(=O)(=O)c5cnc(OCC6CCC(C)(O)CC6)c(Cl)c5)c(N5CCCOc6nc7[nH]ccc7cc65)c4)C[C@H]3COCCCO[C@@H]2C1,0.198,0.03899999999999999,0.027577164466275346,2,0,Ki,"1498037,1498051"
CN(C)CCCNc1ccc(S(=O)(=O)NC(=O)c2ccc(N3CCN(Cc4ccccc4-c4ccc(Cl)cc4)CC3)cc2Oc2cccc3[nH]ccc23)cc1[N+](=O)[O-],0.159,0.0,0.0,1,0,Ki,324777
CC1(C)CC(c2ccc(Cl)cc2)=C2CN3CCN(c4ccc(C(=O)NS(=O)(=O)c5cnc(OC[C@H]6CC[C@](C)(O)CC6)c(Cl)c5)c(N5CCCOc6nc7[nH]ccc7cc65)c4)C[C@H]3COCCCO[C@@H]2C1,0.159,0.0,0.0,1,0,Ki,1406266
CC1(C)CCC(CN2CCN(c3ccc(C(=O)NS(=O)(=O)c4ccc(NCC5CCOCC5)c([N+](=O)[O-])c4)c(Oc4cccc5[nH]ccc45)c3)CC2)=C(c2ccc(Cl)cc2)C1,0.16,0.0,0.0,1,0,Ki,324952
CN1CCC(CNc2ccc(S(=O)(=O)NC(=O)c3ccc(N4CCN(CC5=C(c6ccc(Cl)cc6)CC(C)(C)CC5)CC4)cc3Oc3ccc4[nH]ccc4c3)cc2[N+](=O)[O-])(N(C)C)CC1,0.161,0.0,0.0,1,0,Ki,324829
CC1(C)CCC(CN2CCN(c3ccc(C(=O)NS(=O)(=O)c4cnc(OCC5CCOCC5)c(Cl)c4)c(Oc4cccc5[nH]ccc45)c3)CC2)=C(c2ccc(Cl)cc2)C1,0.162,0.0,0.0,1,0,Ki,325090
CN1CCC(Nc2ccc(S(=O)(=O)NC(=O)c3ccc(N4CCN(CC5=C(c6ccc(Cl)cc6)CCCCC5)CC4)cc3Oc3ccc4[nH]ccc4c3)cc2[N+](=O)[O-])CC1,0.162,0.0,0.0,1,0,Ki,324867
CN1CC(Nc2ccc(S(=O)(=O)NC(=O)c3ccc(N4CCN(CC5=C(c6ccc(Cl)cc6)CC(C)(C)CC5)CC4)cc3Oc3ccc4[nH]ccc4c3)cc2[N+](=O)[O-])CCC1=O,0.164,0.0,0.0,1,0,Ki,324989
CC1(C)CCC(CN2CCN(c3ccc(C(=O)NS(=O)(=O)c4ccc(NC[C@H]5CCCOC5)c([N+](=O)[O-])c4)c(Oc4cc5cc[nH]c5cc4F)c3)CC2)=C(c2ccc(Cl)cc2)C1,0.165,0.0,0.0,2,0,Ki,"281584,387834"
CC1(C)CCC(CN2CCN(c3ccc(C(=O)NS(=O)(=O)c4cc(F)c(OCC5(F)CCOCC5)c(F)c4)c(Oc4cnc5[nH]ccc5c4)c3)CC2)=C(c2ccc(Cl)cc2)C1,0.165,0.0,0.0,4,0,Ki,"1180072,1373039,339850,704900"
CC1(C)CCC(CN2CCN(c3ccc(C(=O)NS(=O)(=O)c4ccc(NCC5CCOCC5)c([N+](=O)[O-])c4)c(Oc4ccccc4-c4cn[nH]c4)c3)CC2)=C(c2ccc(Cl)cc2)C1,0.166,0.0,0.0,2,0,Ki,"281729,387981"
CC1(C)CCC(CN2CCN(c3ccc(C(=O)NS(=O)(=O)c4ccc(N[C@@H]5CCN(Cc6cscn6)C[C@@H]5O)c([N+](=O)[O-])c4)c(Oc4cc5cc[nH]c5cc4F)c3)CC2)=C(c2ccc(Cl)cc2)C1,0.168,0.0,0.0,2,0,Ki,"281574,387824"
CC1(C)CCC(CN2CCN(c3ccc(C(=O)NS(=O)(=O)c4ccc(NCCCN5CCNC(=O)C5)c([N+](=O)[O-])c4)c(Oc4cccc5[nH]ccc45)c3)CC2)=C(c2ccc(Cl)cc2)C1,0.169,0.0,0.0,1,0,Ki,324932
CC(C1=C(c2ccc(Cl)cc2)CC(C)(C)CC1)N1CCN(c2ccc(C(=O)NS(=O)(=O)c3ccc(NCCCN4CCOCC4)c([N+](=O)[O-])c3)c(Oc3ccc4[nH]ccc4c3)c2)CC1,0.171,0.0,0.0,1,0,Ki,324965
CN(C)CCCNc1ccc(S(=O)(=O)NC(=O)c2ccc(N3CCN(Cc4ccccc4-c4ccc(Cl)cc4)CC3)cc2Oc2ccccc2Cl)cc1[N+](=O)[O-],0.171,0.0,0.0,2,0,Ki,"281344,387590"
Cc1cccc(Oc2cc(N3CCN(CC4=C(c5ccc(Cl)cc5)CC(C)(C)CC4)CC3)ccc2C(=O)NS(=O)(=O)c2ccc(NC3CCN(C)CC3)c([N+](=O)[O-])c2)c1,0.172,0.0,0.0,2,0,Ki,"281510,387759"
CC1(C)CCC(CN2CCN(c3ccc(C(=O)NS(=O)(=O)c4cnc(OCC5CCOCC5)c(C(F)(F)F)c4)c(Oc4cnc5[nH]ccc5c4)c3)CC2)=C(c2ccc(Cl)cc2)C1,0.174,0.0,0.0,4,0,Ki,"1180047,1373027,339838,704888"
CC1(C)CCC(CN2CCN(c3ccc(C(=O)NS(=O)(=O)c4ccc(NC5CCN(C6CCOCC6)CC5)c([N+](=O)[O-])c4)c(Oc4cc5cc[nH]c5cc4C(F)(F)F)c3)CC2)=C(c2ccc(Cl)cc2)C1,0.175,0.0,0.0,3,1,Ki,"281544,387794"
CN1CCC(Nc2ccc(S(=O)(=O)NC(=O)c3ccc(N4CCN(CC5=C(c6ccc(Cl)cc6)CC(C)(C)CC5)CC4)cc3Oc3cc4cc[nH]c4cc3C(F)(F)F)cc2[N+](=O)[O-])CC1,0.174,0.0,0.0,1,0,Ki,387793
COc1cc2[nH]ccc2cc1Oc1cc(N2CCN(CC3=C(c4ccc(Cl)cc4)CC(C)(C)CC3)CC2)ccc1C(=O)NS(=O)(=O)c1ccc(NC2CCN(C3CCOCC3)CC2)c([N+](=O)[O-])c1,0.174,0.0,0.0,2,0,Ki,"281553,387803"
CN(C)CCOc1cccc(-c2ccc(Cl)cc2)c1CN1CCN(c2ccc(C(=O)NS(=O)(=O)c3ccc(NCC4CCOCC4)c([N+](=O)[O-])c3)c(Oc3cnc(N)c(Cl)c3)c2)CC1,0.175,0.0,0.0,2,0,Ki,"281721,387973"
CC1(C)CCC(CN2CCN(c3ccc(C(=O)NS(=O)(=O)c4ccc(NC5CCN(C6CCOCC6)CC5)c([N+](=O)[O-])c4)c(Oc4cccc(F)c4Cl)c3)CC2)=C(c2ccc(Cl)cc2)C1,0.175,0.0,0.0,2,0,Ki,"281506,387755"
O=C(NS(=O)(=O)c1ccc(NCC2CCOCC2)c([N+](=O)[O-])c1)c1ccc(N2CCN(Cc3cc(OCCN4CCOCC4)ccc3-c3ccc(Cl)cc3)CC2)cc1Oc1ccccc1,0.176,0.0,0.0,1,0,Ki,324831
CC1(C)CCC(CN2CCN(c3ccc(C(=O)NS(=O)(=O)c4ccc(N[C@@H]5CCN(C(CF)CF)C5)c([N+](=O)[O-])c4)c(Oc4cc5cc[nH]c5cc4F)c3)CC2)=C(c2ccc(Cl)cc2)C1,0.177,0.0,0.0,2,0,Ki,"281680,387932"
CC1(C)CCC(CN2CCN(c3ccc(C(=O)NS(=O)(=O)c4ccc(NCc5cncs5)c([N+](=O)[O-])c4)c(Oc4ccc5[nH]ccc5c4)c3)CC2)=C(c2ccc(Cl)cc2)C1,0.177,0.0,0.0,1,0,Ki,324994
CC1(C)CCC(CN2CCN(c3ccc(C(=O)NS(=O)(=O)c4ccc(NC5CCN(Cc6ccsc6)CC5)c([N+](=O)[O-])c4)c(Oc4cccc(F)c4F)c3)CC2)=C(c2ccc(Cl)cc2)C1,0.177,0.0,0.0,2,0,Ki,"281468,387714"
CC1(C)CCC(CN2CCN(c3ccc(C(=O)NS(=O)(=O)c4ccc(NCCN5CCNC(=O)C5)c([N+](=O)[O-])c4)c(Oc4cccc5[nH]ccc45)c3)CC2)=C(c2ccc(Cl)cc2)C1,0.178,0.0,0.0,1,0,Ki,324987
CC(=O)N1CCC(Nc2ccc(S(=O)(=O)NC(=O)c3ccc(N4CCN(CC5=C(c6ccc(Cl)cc6)CC(C)(C)CC5)CC4)cc3Oc3ccc4[nH]ccc4c3)cc2[N+](=O)[O-])CC1,0.179,0.0,0.0,1,0,Ki,325038
CC1(C)CCC(CN2CCN(c3ccc(C(=O)NS(=O)(=O)c4ccc(NCC5(N)CCOCC5)c([N+](=O)[O-])c4)c(Oc4cccc5[nH]ccc45)c3)CC2)=C(c2ccc(Cl)cc2)C1,0.18,0.0,0.0,1,0,Ki,324888
COCCNc1ccc(S(=O)(=O)NC(=O)c2ccc(N3CCN(CC4=C(c5ccc(Cl)cc5)CC(C)(C)CC4)CC3)cc2Oc2ccc3[nH]ccc3c2)cc1[N+](=O)[O-],0.18100000000000002,2.7755575615628914e-17,1.1331166295920988e-17,6,0,Ki,"1179872,1372751,1373107,324891,339571,704612"
CC1(C)CCC(CN2CCN(c3ccc(C(=O)NS(=O)(=O)c4ccc(NC5CCN(C6CCCC6)CC5)c([N+](=O)[O-])c4)c(Oc4ccccc4F)c3)CC2)=C(c2ccc(Cl)cc2)C1,0.181,0.0,0.0,2,0,Ki,"281466,387712"
CC1(C)CCC(CN2CCN(c3ccc(C(=O)NS(=O)(=O)c4cnc(OC5CCN(C6CCOCC6)CC5)c(C#N)c4)c(Oc4cc5cc[nH]c5cc4F)c3)CC2)=C(c2ccc(Cl)cc2)C1,0.183,0.0,0.0,2,0,Ki,"281648,387900"
CC1(C)CCC(CN2CCN(c3ccc(C(=O)NS(=O)(=O)c4ccc(NCCCN5CCS(=O)(=O)CC5)c([N+](=O)[O-])c4)c(Oc4ccc5[nH]ccc5c4)c3)CC2)=C(c2ccc(Cl)cc2)C1,0.183,0.0,0.0,1,0,Ki,324974
CC1(C)CCC(CN2CCN(c3ccc(C(=O)NS(=O)(=O)c4ccc(NCCCN5CCS(=O)(=O)CC5)c([N+](=O)[O-])c4)c(Oc4cccc5[nH]ccc45)c3)CC2)=C(c2ccc(Cl)cc2)C1,0.183,0.0,0.0,1,0,Ki,325001
CN1CCC(Nc2ccc(S(=O)(=O)NC(=O)c3ccc(N4CCN(CC5=C(c6ccc(Cl)cc6)CC(C)(C)CC5)CC4)cc3Oc3ccccc3Cl)cc2S(=O)(=O)C(F)(F)F)CC1,0.184,0.0,0.0,2,0,Ki,"281392,387638"
CC1(C)CCC(CN2CCN(c3ccc(C(=O)NS(=O)(=O)c4ccc(OC5CCC(N6CCOCC6)CC5)c([N+](=O)[O-])c4)c(Oc4cc5cc[nH]c5cc4F)c3)CC2)=C(c2ccc(Cl)cc2)C1,0.185,0.0,0.0,1,0,Ki,387886
CC1(C)CCC(CN2CCN(c3ccc(C(=O)NS(=O)(=O)c4ccc(NC5CCN(C6CCOCC6)CC5)c([N+](=O)[O-])c4)c(Oc4ccc(N)nc4)c3)CC2)=C(c2ccc(Cl)cc2)C1,0.186,0.0,0.0,2,0,Ki,"281585,387836"
CN1CCC(Nc2ccc(S(=O)(=O)NC(=O)c3ccc(N4CCN(CC5=C(c6ccc(Cl)cc6)CC(C)(C)CC5)CC4)cc3Oc3cc(Cl)ccc3Cl)cc2[N+](=O)[O-])CC1,0.187,0.0,0.0,2,0,Ki,"281393,387639"
CC1(C)CCC(CN2CCN(c3ccc(C(=O)NS(=O)(=O)c4cnc(OCCN5CCOCC5)c(C#N)c4)c(Oc4ccc5[nH]ccc5c4)c3)CC2)=C(c2ccc(Cl)cc2)C1,0.188,0.0,0.0,1,0,Ki,325091
CC(c1ccccc1-c1ccc(Cl)cc1)N1CCN(c2ccc(C(=O)NS(=O)(=O)c3ccc(NCCCN4CCOCC4)c([N+](=O)[O-])c3)c(Oc3cccc4[nH]ccc34)c2)CC1,0.188,0.0,0.0,1,0,Ki,324955
COCCON1C=C(Cl)C=C(S(=O)(=O)NC(=O)c2ccc(N3CCN(CC4=C(c5ccc(Cl)cc5)CC(C)(C)CC4)CC3)cc2Oc2cnc3[nH]ccc3c2)C1,0.19,0.0,0.0,1,0,Ki,1180037
COCCOc1ncc(S(=O)(=O)NC(=O)c2ccc(N3CCN(CC4=C(c5ccc(Cl)cc5)CC(C)(C)CC4)CC3)cc2Oc2cnc3[nH]ccc3c2)cc1Cl,0.19000000000000003,2.7755575615628914e-17,1.6024689053196368e-17,3,0,Ki,"1373022,339833,704883"
CC1(C)CCC(CN2CCN(c3ccc(C(=O)NS(=O)(=O)c4ccc(NCC5COCCO5)c([N+](=O)[O-])c4)c(Oc4cc5cc[nH]c5cc4F)c3)CC2)=C(c2ccc(Cl)cc2)C1,0.191,0.0,0.0,2,0,Ki,"281616,387867"
CN1CCN(Nc2ccc(S(=O)(=O)NC(=O)c3ccc(N4CCN(CC5=C(c6ccc(Cl)cc6)CC(C)(C)CC5)CC4)cc3Oc3ccc4[nH]ccc4c3)cc2S(=O)(=O)C(F)(F)F)CC1,0.192,0.0,0.0,1,0,Ki,324929
CC1(C)CCC(CN2CCN(c3ccc(C(=O)NS(=O)(=O)c4ccc(NC[C@@H]5CCCOC5)c([N+](=O)[O-])c4)c(Oc4ccc5[nH]ccc5c4)c3)CC2)=C(c2ccc(Cl)cc2)C1,0.912,0.0,0.0,5,1,Ki,"1179874,1372752,339572,704613"
O=C(NS(=O)(=O)c1ccc(NCCCN2CCCC2)c([N+](=O)[O-])c1)c1ccc(N2CCN(Cc3ccccc3-c3ccc(Cl)cc3)CC2)cc1Oc1ccccc1,0.193,0.0,0.0,1,0,Ki,324812
CC1(C)CC(c2ccc(Cl)cc2)=C2CN3CCN(c4ccc(C(=O)NS(=O)(=O)c5ccc(NCC6(F)CCN(C7COC7)CC6)c([N+](=O)[O-])c5)c(N5CCCOc6nc7[nH]ccc7cc65)c4)C[C@H]3COCCCO[C@@H]2C1,0.194,0.0,0.0,2,0,Ki,"1406260,1498031"
O=C(NS(=O)(=O)c1ccc(NCC2CCOCC2)c([N+](=O)[O-])c1)c1ccc(N2CCN(Cc3cc(CN4CCCC4)ccc3-c3ccc(Cl)cc3)CC2)cc1Oc1cccc2[nH]ccc12,0.194,0.0,0.0,1,0,Ki,324762
CC1(C)CCC(c2ccc(Cl)cc2)=C(CN2CCN(c3ccc(C(=O)NS(=O)(=O)c4cnc(OCC5CCOCC5)c(C#N)c4)c(Oc4cnc5[nH]ccc5c4)c3)CC2)C1,0.196,0.0,0.0,4,0,Ki,"1179984,1372807,339627,704668"
CC1(C)CCC(CN2CCN(c3ccc(C(=O)NS(=O)(=O)c4ccc(N[C@@H]5CCN(C(CF)CF)C5)c(S(=O)(=O)C(F)(F)F)c4)c(Oc4cnc5[nH]ccc5c4)c3)CC2)=C(c2ccc(Cl)cc2)C1,0.196,0.0,0.0,4,0,Ki,"1179905,1372956,339768,704817"
CC1(C)CCC(CN2CCN(c3ccc(C(=O)NS(=O)(=O)c4ccc(NCCCN5CCOCC5)c([N+](=O)[O-])c4)c(Oc4cccc5[nH]ccc45)c3)CC2)=C(c2ccc(Cl)cc2)C1,0.196,0.0,0.0,1,0,Ki,324784
CC1(C)CCC(CN2CCN(c3ccc(C(=O)NS(=O)(=O)c4ccc(NC5CCC(N(C6CC6)C6CC6)CC5)c([N+](=O)[O-])c4)c(Oc4cc5cc[nH]c5cc4F)c3)CC2)=C(c2ccc(Cl)cc2)C1,0.197,0.0,0.0,1,0,Ki,387909
CC1(C)CCC(CN2CCN(c3ccc(C(=O)NS(=O)(=O)c4ccc(NC5CCN(CC6CC6)CC5)c([N+](=O)[O-])c4)c(Oc4cc5cc[nH]c5c(F)c4F)c3)CC2)=C(c2ccc(Cl)cc2)C1,0.197,0.0,0.0,2,0,Ki,"281562,387812"
CC1(C)CCC(CN2CCN(c3ccc(C(=O)NS(=O)(=O)c4cnc(OCC5(F)CCN(CC#N)CC5)c(Cl)c4)c(Oc4cccc5[nH]ncc45)c3)CC2)=C(c2ccc(Cl)cc2)C1,0.197,0.0,0.0,1,0,Ki,325122
CCN(C)C(=O)N1CCOC(CNc2ncc(S(=O)(=O)NC(=O)c3ccc(N4CCN(CC5=C(c6ccc(Cl)cc6)CC(C)(C)CC5)CC4)cc3Oc3cnc4[nH]ccc4c3)cc2Cl)C1,0.198,0.0,0.0,4,0,Ki,"1180124,1373065,339876,704926"
CC1(C)CCC(CN2CCN(c3ccc(C(=O)NS(=O)(=O)c4ccc(NC5CCN(S(C)(=O)=O)CC5)c([N+](=O)[O-])c4)c(Oc4cc5cc[nH]c5cc4F)c3)CC2)=C(c2ccc(Cl)cc2)C1,0.198,0.0,0.0,2,0,Ki,"281642,387894"
CC1(C)CCC(CN2CCN(c3ccc(C(=O)NS(=O)(=O)c4ccc(NCC5CCOCC5)c([N+](=O)[O-])c4)c(Oc4cc5cc[nH]c5cc4Cl)c3)CC2)=C(c2ccc(Cl)cc2)C1,0.199,0.0,0.0,2,0,Ki,"281600,387851"
CC1(C)CC(c2ccc(Cl)cc2)=C2CN3CCN(c4ccc(C(=O)NS(=O)(=O)c5ccc(OCC6CCOCC6)c([N+](=O)[O-])c5)c(N5CCCOc6nc7[nH]ccc7cc65)c4)C[C@H]3COCCCO[C@@H]2C1,0.202,0.0,0.0,2,0,Ki,"1406274,1498045"
COCCOCCS(=O)(=O)c1ccc(S(=O)(=O)NC(=O)c2ccc(N3CCN(CC4=C(c5ccc(Cl)cc5)CC(C)(C)CC4)CC3)cc2Oc2cnc3[nH]ccc3c2)cc1[N+](=O)[O-],0.203,0.0,0.0,4,0,Ki,"1179950,1372790,339610,704651"
CC1(C)CCC(CN2CCN(c3ccc(C(=O)NS(=O)(=O)c4ccc(OCC#CCN5CCOCC5)c([N+](=O)[O-])c4)c(Oc4cc5cc[nH]c5cc4F)c3)CC2)=C(c2ccc(Cl)cc2)C1,0.205,0.0,0.0,2,0,Ki,"281640,387892"
CO[C@]1(CF)C[C@@H](CNc2ccc(S(=O)(=O)NC(=O)c3ccc(N4CCN5CC6=C(c7ccc(Cl)cc7)CC(C)(C)C[C@H]6OCCCOC[C@@H]5C4)cc3N3CCCOc4nc5[nH]ccc5cc43)cc2[N+](=O)[O-])C1,0.206,0.0,0.0,2,0,Ki,"1406278,1498049"
CC1(C)CCC(CN2CCN(c3ccc(C(=O)NS(=O)(=O)c4ccc(NC5CCN(C6CC6)CC5)c([N+](=O)[O-])c4)c(Oc4cccc(F)c4)c3)CC2)=C(c2ccc(Cl)cc2)C1,0.211,0.0,0.0,2,0,Ki,"281464,387710"
CN1CCN(CCCNc2ccc(S(=O)(=O)NC(=O)c3ccc(N4CCN(Cc5ccccc5-c5ccc(Cl)cc5)CC4)cc3Oc3ccccc3)cc2[N+](=O)[O-])CC1,0.212,0.0,0.0,1,0,Ki,324807
CC1(C)CCC(CN2CCN(c3ccc(C(=O)NS(=O)(=O)c4ccc(NC5CCN(C6CC6)CC5)c([N+](=O)[O-])c4)c(Oc4cc5cc[nH]c5cc4F)c3)CC2)=C(c2ccc(Cl)cc2)C1,0.212,0.0,0.0,2,0,Ki,"281650,387902"
CC1(C)CCC(CN2CCN(c3ccc(C(=O)NS(=O)(=O)c4ccc(OCC5COCCN5C(=O)OC(C)(C)C)c([N+](=O)[O-])c4)c(Oc4cnc5[nH]ccc5c4)c3)CC2)=C(c2ccc(Cl)cc2)C1,0.213,0.0,0.0,4,0,Ki,"1179986,1372808,339628,704669"
CC1(C)CCC(CN2CCN(c3ccc(C(=O)NS(=O)(=O)c4ccc(NCCCN5CCOCC5)c([N+](=O)[O-])c4)c(Oc4ccc(F)cc4Cl)c3)CC2)=C(c2ccc(Cl)cc2)C1,0.214,0.0,0.0,2,0,Ki,"281452,387698"
CN(C)C1(CNc2ccc(S(=O)(=O)NC(=O)c3ccc(N4CCN(CC5=C(c6ccc(Cl)cc6)CC(C)(C)CC5)CC4)cc3Oc3ccc4[nH]ccc4c3)cc2[N+](=O)[O-])CCOCC1,0.218,0.0,0.0,1,0,Ki,324916
COCCNc1ccc(S(=O)(=O)NC(=O)c2ccc(N3CCN(CC4=C(c5ccc(Cl)cc5)CC(C)(C)CC4)CC3)cc2Oc2cnc3[nH]ccc3c2)cc1S(=O)(=O)C(F)(F)F,0.219,0.0,0.0,4,0,Ki,"1179864,1372747,339567,704608"
CN1CCC(Nc2ccc(S(=O)(=O)NC(=O)c3ccc(N4CCN(CC5=C(c6ccc(Cl)cc6)CC(C)(C)CC5)CC4)cc3Oc3cccc(-c4ccc[nH]4)c3)cc2[N+](=O)[O-])CC1,0.22,0.0,0.0,2,0,Ki,"281524,387773"
CN1CCC(Nc2ccc(S(=O)(=O)NC(=O)c3ccc(N4CCN(CC5=C(c6ccc(Cl)cc6)CC(C)(C)CC5)CC4)cc3Oc3ccc(F)cc3Cl)cc2[N+](=O)[O-])CC1,0.22,0.0,0.0,2,0,Ki,"281394,387640"
CN1CCC(Nc2ccc(S(=O)(=O)NC(=O)c3ccc(N4CCN(CC5=C(c6ccc(Cl)cc6)CC(C)(C)CC5)CC4)cc3Oc3ccccc3C(=O)N(C)C)cc2[N+](=O)[O-])CC1,0.221,0.0,0.0,2,0,Ki,"281541,387790"
CC1(C)CC(c2ccc(Cl)cc2)=C2CN3CCN(c4ccc(C(=O)NS(=O)(=O)c5ccc(NCC6(O)CCOCC6)c([N+](=O)[O-])c5)c(N5CCCOc6nc7[nH]ccc7cc65)c4)C[C@H]3COCCCO[C@@H]2C1,0.223,0.0,0.0,3,0,Ki,"1406218,1497989,51565554"
CC1(C)CCC(CN2CCN(c3ccc(C(=O)NS(=O)(=O)c4ccc(NC5CCN(CCF)CC5)c([N+](=O)[O-])c4)c(Oc4cccc(F)c4F)c3)CC2)=C(c2ccc(Cl)cc2)C1,0.223,0.0,0.0,2,0,Ki,"281472,387718"
COC1CC(CNc2ccc(S(=O)(=O)NC(=O)c3ccc(N4CCN5CC6=C(c7ccc(Cl)cc7)CC(C)(C)C[C@H]6OCCCOC[C@@H]5C4)cc3N3CCCOc4nc5[nH]ccc5cc43)cc2[N+](=O)[O-])C1,0.224,0.0,0.0,1,0,Ki,1498035
CO[C@H]1C[C@H](CNc2ccc(S(=O)(=O)NC(=O)c3ccc(N4CCN5CC6=C(c7ccc(Cl)cc7)CC(C)(C)C[C@H]6OCCCOC[C@@H]5C4)cc3N3CCCOc4nc5[nH]ccc5cc43)cc2[N+](=O)[O-])C1,0.224,0.0,0.0,1,0,Ki,1406264
O=C(NS(=O)(=O)c1ccc(NCC2CCOCC2)c([N+](=O)[O-])c1)c1ccc(N2CCN(Cc3ccccc3-c3ccc(Cl)cc3)CC2)cc1Oc1cnc2[nH]ccc2c1,0.225,0.0,0.0,4,0,Ki,"1179834,1372732,339552,704593"
CC1(C)CCC(CN2CCN(c3ccc(C(=O)NS(=O)(=O)c4ccc(NC5CCC(N6CCOCC6)CC5)c([N+](=O)[O-])c4)c(Oc4ccc5[nH]ccc5c4)c3)CC2)=C(c2ccc(Cl)cc2)C1,0.226,0.0,0.0,1,0,Ki,1373108
CC1(C)CCC(CN2CCN(c3ccc(C(=O)NS(=O)(=O)c4ccc(N[C@H]5CC[C@H](N6CCOCC6)CC5)c([N+](=O)[O-])c4)c(Oc4ccc5[nH]ccc5c4)c3)CC2)=C(c2ccc(Cl)cc2)C1,0.226,0.0,0.0,3,0,Ki,"1179870,1372750,704611"
CN1CCN(Nc2ccc(S(=O)(=O)NC(=O)c3ccc(N4CCN(CC5=C(c6ccc(Cl)cc6)CC(C)(C)CC5)CC4)cc3Oc3cc4cc[nH]c4cc3F)cc2[N+](=O)[O-])CC1,0.227,0.0,0.0,2,0,Ki,"281547,387797"
CN1CCC(Nc2ccc(S(=O)(=O)NC(=O)c3ccc(N4CCN(CC5=C(c6ccc(Cl)cc6)CC(C)(C)C5)CC4)cc3Oc3ccccc3Cl)cc2[N+](=O)[O-])CC1,0.227,0.0,0.0,2,0,Ki,"281395,387641"
CC1(C)CCC(CN2CCN(c3ccc(C(=O)NS(=O)(=O)c4ccc(NC5CCN(C6CCOCC6)CC5)c([N+](=O)[O-])c4)c(Oc4ccc5[nH]ccc5c4)c3F)CC2)=C(c2ccc(Cl)cc2)C1,0.228,0.0,0.0,1,0,Ki,324897
Cn1cncc1CNc1ccc(S(=O)(=O)NC(=O)c2ccc(N3CCN(CC4=C(c5ccc(Cl)cc5)CC(C)(C)CC4)CC3)cc2Oc2ccc3[nH]ccc3c2)cc1[N+](=O)[O-],0.228,0.0,0.0,1,0,Ki,325064
CC(C)N(C)CCCNc1ccc(S(=O)(=O)NC(=O)c2ccc(N3CCN(Cc4ccccc4-c4ccc(Cl)cc4)CC3)cc2Oc2ccccc2)cc1[N+](=O)[O-],0.231,0.0,0.0,1,0,Ki,324814
CC1(C)CCC(CN2CCN(c3ccc(C(=O)NS(=O)(=O)c4ccc(NCC5(N6CCOCC6)CCCCC5)c([N+](=O)[O-])c4)c(Oc4cnc5[nH]ccc5c4)c3)CC2)=C(c2ccc(Cl)cc2)C1,0.233,0.0,0.0,4,0,Ki,"1180030,1372830,339648,704691"
CC1(C)CCC(CN2CCN(c3ccc(C(=O)NS(=O)(=O)c4ccc(NC5CCC(N6CCOCC6)CC5)c([N+](=O)[O-])c4)c(Oc4cc5cc[nH]c5cc4Cl)c3)CC2)=C(c2ccc(Cl)cc2)C1,0.233,0.0,0.0,1,0,Ki,387868
CC1(C)CCC(CN2CCN(c3ccc(C(=O)NS(=O)(=O)c4ccc(NCC5(C)COC5)c([N+](=O)[O-])c4)c(Oc4ccc5[nH]ccc5c4)c3)CC2)=C(c2ccc(Cl)cc2)C1,0.235,0.0,0.0,1,0,Ki,324972
CN1CCN(CCNc2ccc(S(=O)(=O)NC(=O)c3ccc(N4CCN(Cc5ccccc5-c5ccc(Cl)cc5)CC4)cc3Oc3ccccc3)cc2[N+](=O)[O-])CC1,0.236,0.0,0.0,1,0,Ki,324806
CC1(C)CCC(CN2CCN(c3ccc(C(=O)NS(=O)(=O)c4ccc(NC5CCN(C6CCOCC6)CC5)c([N+](=O)[O-])c4)c(Oc4ccc5[nH]ccc5c4)c3)CC2CO)=C(c2ccc(Cl)cc2)C1,0.236,0.0,0.0,1,0,Ki,324928
CC1(C)CCC(CN2CCN(c3ccc(C(=O)NS(=O)(=O)c4ccc(NCC5(N)CCOCC5)c([N+](=O)[O-])c4)c(Oc4cccc(Cl)c4)c3)CC2)=C(c2ccc(Cl)cc2)C1,0.237,0.0,0.0,2,0,Ki,"281441,387687"
CC1(C)CC(c2ccc(Cl)cc2)=C2CN3CCN(c4ccc(C(=O)NS(=O)(=O)c5cnc(OC[C@H]6CC[C@@](C)(O)CC6)c(Cl)c5)c(N5CCCOc6nc7[nH]ccc7cc65)c4)C[C@H]3COCCCO[C@@H]2C1,0.237,0.0,0.0,1,0,Ki,1406280
CC1(C)CCC(CN2CCN(c3ccc(C(=O)NS(=O)(=O)c4ccc(NCCCN5CCOCC5)c([N+](=O)[O-])c4)c(Oc4ccccc4)c3)CC2)=C(c2ccc(Cl)cc2)C1,0.238,0.0,0.0,1,0,Ki,324756
CC1(C)CCC(CN2CCN(c3ccc(C(=O)NS(=O)(=O)c4ccc(NN5CCS(=O)(=O)CC5)c([N+](=O)[O-])c4)c(Oc4cc5cc[nH]c5cc4F)c3)CC2)=C(c2ccc(Cl)cc2)C1,0.238,0.0,0.0,2,0,Ki,"281654,387906"
CC1(C)CC(c2ccc(Cl)cc2)=C2CN3CCN(c4ccc(C(=O)NS(=O)(=O)c5ccc(NCC6CCCCO6)c([N+](=O)[O-])c5)c(N5CCCOc6nc7[nH]ccc7cc65)c4)C[C@H]3COCCCO[C@@H]2C1,0.238,0.0,0.0,2,0,Ki,"1406272,1498043"
CC1(C)CCC(CN2CCN(c3ccc(C(=O)NS(=O)(=O)c4cnc(OCC5CCOCC5)c(C#N)c4)c(Oc4cccc5[nH]ccc45)c3)CC2)=C(c2ccc(Cl)cc2)C1,0.239,0.0,0.0,1,0,Ki,325089
CC1(C)CCC(CN2CCN(c3ccc(C(=O)NS(=O)(=O)c4ccc(NCCCN5CCOCC5)c([N+](=O)[O-])c4)c(Oc4ccc5[nH]ccc5c4)c3)CC2)=C(c2ccc(Cl)cc2)C1,0.239,0.0,0.0,1,0,Ki,324781
CN1CCC(Nc2ccc(S(=O)(=O)NC(=O)c3ccc(N4CCN(CC5=C(c6ccc(Cl)cc6)CC(C)(C)CC5)CC4)cc3Oc3cccc(O)c3)cc2[N+](=O)[O-])CC1,0.24,0.0,0.0,2,0,Ki,"281504,387753"
CC1(C)CCC(CN2CCN(c3ccc(C(=O)NS(=O)(=O)c4cnc(NC5CCN(C6CC6)CC5)c(Cl)c4)c(Oc4cccc5[nH]cnc45)c3)CC2)=C(c2ccc(Cl)cc2)C1,0.24,0.0,0.0,1,0,Ki,325152
CC1(C)CC(c2ccc(Cl)cc2)=C2CN3CCN(c4ccc(C(=O)NS(=O)(=O)c5ccc(NC[C@H]6CC[C@](O)(CF)CO6)c([N+](=O)[O-])c5)c(N5CCCOc6nc7[nH]ccc7cc65)c4)C[C@H]3COCCCO[C@@H]2C1,0.24,0.0,0.0,1,0,Ki,1406210
CC1(C)CC(c2ccc(Cl)cc2)=C2CN3CCN(c4ccc(C(=O)NS(=O)(=O)c5ccc(NC[C@H]6CC[C@](O)(CF)CC6)c([N+](=O)[O-])c5)c(N5CCCOc6nc7[nH]ccc7cc65)c4)C[C@H]3COCCCO[C@@H]2C1,0.24,0.0,0.0,1,0,Ki,1497981
CC1(C)CCC(CN2CCN(c3ccc(C(=O)NS(=O)(=O)c4ccc(NN5CCN(CCO)CC5)c([N+](=O)[O-])c4)c(Oc4ccc5[nH]ccc5c4)c3)CC2)=C(c2ccc(Cl)cc2)C1,0.243,0.0,0.0,1,0,Ki,324941
CC1(C)CCC(CN2CCN(c3ccc(C(=O)NS(=O)(=O)c4ccc(OC[C@@H]5COCCO5)c([N+](=O)[O-])c4)c(Oc4ccc5[nH]ccc5c4)c3)CC2)=C(c2ccc(Cl)cc2)C1,0.243,0.0,0.0,1,0,Ki,325051
CN1CCN(Nc2ccc(S(=O)(=O)NC(=O)c3ccc(N4CCN(CC5=C(c6ccc(Cl)cc6)CC(C)(C)CC5)CC4)cc3Oc3cccc(Cl)c3)cc2[N+](=O)[O-])CC1,0.244,0.0,0.0,2,0,Ki,"281526,387775"
CO[C@H]1C[C@@H](CNc2ccc(S(=O)(=O)NC(=O)c3ccc(N4CCN5CC6=C(c7ccc(Cl)cc7)CC(C)(C)C[C@H]6OCCCOC[C@@H]5C4)cc3N3CCCOc4nc5[nH]ccc5cc43)cc2[N+](=O)[O-])C1,0.248,0.0,0.0,2,0,Ki,"1406230,1498001"
CC1(C)CCC(CN2CCN(c3ccc(C(=O)NS(=O)(=O)c4cnc(OCC5(F)CCN(C(CF)CF)CC5)c(C(F)(F)F)c4)c(Oc4cnc5[nH]ccc5c4)c3)CC2)=C(c2ccc(Cl)cc2)C1,0.251,0.0,0.0,4,0,Ki,"1180029,1373018,339829,704879"
CC1(C)CCC(CN2CCN(c3ccc(C(=O)NS(=O)(=O)c4ccc(OCC5COCCO5)c([N+](=O)[O-])c4)c(Oc4cc5cc[nH]c5cc4Cl)c3)CC2)=C(c2ccc(Cl)cc2)C1,0.251,0.0,0.0,2,0,Ki,"281614,387865"
CC1(C)CCC(CN2CCN(c3ccc(C(=O)NS(=O)(=O)c4cnc(OCCC5CCOCC5)c(C#N)c4)c(Oc4cnc5[nH]ccc5c4)c3)CC2)=C(c2ccc(Cl)cc2)C1,0.252,0.0,0.0,4,0,Ki,"1180009,1373008,339819,704869"
COCCNc1ccc(S(=O)(=O)NC(=O)c2ccc(N3CCN(CC4=C(c5ccc(Cl)cc5)CC(C)(C)CC4)CC3)cc2Oc2cccc3[nH]ccc23)cc1[N+](=O)[O-],0.252,0.0,0.0,1,0,Ki,324947
CN(C)CCCNc1ccc(S(=O)(=O)NC(=O)c2ccc(N3CCN(CC4=C(c5ccc(Cl)cc5)CCC(C)(C)C4)CC3)cc2Oc2ccc3[nH]ccc3c2)cc1[N+](=O)[O-],0.252,0.0,0.0,1,0,Ki,324780
CC1(C)CCC(CN2CCN(c3ccc(C(=O)NS(=O)(=O)c4ccc(NC5CCN(CCCF)CC5)c([N+](=O)[O-])c4)c(Oc4ccc5[nH]ccc5c4)c3)CC2)=C(c2ccc(Cl)cc2)C1,0.252,0.0,0.0,1,0,Ki,324943
CC1(C)CCC(CN2CCN(c3ccc(C(=O)NS(=O)(=O)c4ccc(NCCCS(C)(=O)=O)c([N+](=O)[O-])c4)c(Oc4cccc5[nH]ccc45)c3)CC2)=C(c2ccc(Cl)cc2)C1,0.258,0.0,0.0,1,0,Ki,325000
O=C(NS(=O)(=O)c1ccc(NCCCN2CCCC2)c([N+](=O)[O-])c1)c1ccc(N2CCN(Cc3cc(OCCN4CCOCC4)ccc3-c3ccc(Cl)cc3)CC2)cc1Oc1ccc2[nH]ccc2c1,0.259,0.0,0.0,1,0,Ki,324852
CN1CCN(Nc2ccc(S(=O)(=O)NC(=O)c3ccc(N4CCN(CC5=C(c6ccc(Cl)cc6)CC(C)(C)CC5)CC4)cc3Oc3ccc(O)cc3Cl)cc2[N+](=O)[O-])CC1,0.261,0.0,0.0,2,0,Ki,"281535,387784"
CC(c1ccccc1-c1ccc(Cl)cc1)N1CCN(c2ccc(C(=O)NS(=O)(=O)c3ccc(NN4CCN(C)CC4)c([N+](=O)[O-])c3)c(Oc3cccc4[nH]ccc34)c2)CC1,0.262,0.0,0.0,1,0,Ki,324926
CN(C)CCNc1ccc(S(=O)(=O)NC(=O)c2ccc(N3CCN(Cc4ccccc4-c4ccc(Cl)cc4)CC3)cc2Oc2ccccc2)cc1[N+](=O)[O-],0.265,0.0,0.0,1,0,Ki,324869
CN1CCC(Nc2ccc(S(=O)(=O)NC(=O)c3ccc(N4CCN(CC5=C(c6ccc(Cl)cc6)CCCC5)CC4)cc3Oc3cccc4[nH]ccc34)cc2[N+](=O)[O-])CC1,0.265,0.0,0.0,1,0,Ki,324865
CC1(C)CCC(CN2CCN(c3ccc(C(=O)NS(=O)(=O)c4ccc(NCC5(N)CCCCC5)c([N+](=O)[O-])c4)c(Oc4ccc5[nH]ccc5c4)c3)CC2)=C(c2ccc(Cl)cc2)C1,0.266,0.0,0.0,1,0,Ki,324958
CN(C)CC#Cc1ccc(-c2ccc(Cl)cc2)c(CN2CCN(c3ccc(C(=O)NS(=O)(=O)c4ccc(NCC5CCOCC5)c([N+](=O)[O-])c4)c(Oc4cccc5[nH]ccc45)c3)CC2)c1,0.267,0.0,0.0,1,0,Ki,324918
CC1(C)CC(c2ccc(Cl)cc2)=C2CN3CCN(c4ccc(C(=O)NS(=O)(=O)c5ccc(OCC6(F)CCN(C7COC7)CC6)c(Cl)c5)c(N5CCCOc6nc7[nH]ccc7cc65)c4)C[C@H]3COCCCO[C@@H]2C1,0.267,0.0,0.0,2,0,Ki,"1406200,1497971"
CN(C)CCCNc1ccc(S(=O)(=O)NC(=O)c2ccc(N3CCN(CC4=C(c5ccc(Cl)cc5)CCC(C)(C)C4)CC3)cc2Oc2cccc3[nH]ccc23)cc1[N+](=O)[O-],0.268,0.0,0.0,1,0,Ki,324785
CO[C@H]1CCC(COc2ccc(S(=O)(=O)NC(=O)c3ccc(N4CCN5CC6=C(c7ccc(Cl)cc7)CC(C)(C)C[C@H]6OCCCOC[C@@H]5C4)cc3N3CCCOc4nc5[nH]ccc5cc43)cc2[N+](=O)[O-])OC1,0.272,0.0,0.0,1,0,Ki,1498019
CO[C@H]1CC[C@H](COc2ccc(S(=O)(=O)NC(=O)c3ccc(N4CCN5CC6=C(c7ccc(Cl)cc7)CC(C)(C)C[C@H]6OCCCOC[C@@H]5C4)cc3N3CCCOc4nc5[nH]ccc5cc43)cc2[N+](=O)[O-])OC1,0.272,0.0,0.0,1,0,Ki,1406248
COC1CC[C@@H](CNc2ccc(S(=O)(=O)NC(=O)c3ccc(N4CCN5CC6=C(c7ccc(Cl)cc7)CC(C)(C)C[C@H]6OCCCOC[C@@H]5C4)cc3N3CCCOc4nc5[nH]ccc5cc43)cc2[N+](=O)[O-])OC1,0.273,0.0,0.0,1,0,Ki,1498003
CC1(C)CCC(CN2CCN(c3ccc(C(=O)NS(=O)(=O)c4ccc(NCC5COCCO5)c([N+](=O)[O-])c4)c(Oc4cc5cc[nH]c5cc4Cl)c3)CC2)=C(c2ccc(Cl)cc2)C1,0.273,0.0,0.0,2,0,Ki,"281615,387866"
CO[C@@H]1CC[C@@H](CNc2ccc(S(=O)(=O)NC(=O)c3ccc(N4CCN5CC6=C(c7ccc(Cl)cc7)CC(C)(C)C[C@H]6OCCCOC[C@@H]5C4)cc3N3CCCOc4nc5[nH]ccc5cc43)cc2[N+](=O)[O-])OC1,0.273,0.0,0.0,1,0,Ki,1406232
CC1(C)CCC(c2ccc(Cl)cc2)=C(CN2CCN(c3ccc(C(=O)NS(=O)(=O)c4ccc(NCC5CCOCC5)c([N+](=O)[O-])c4)c(Oc4cc5cc[nH]c5cc4F)c3)CC2)C1,0.276,0.0,0.0,2,0,Ki,"281586,387837"
COC[C@]1(F)C[C@H](CNc2ccc(S(=O)(=O)NC(=O)c3ccc(N4CCN5CC6=C(c7ccc(Cl)cc7)CC(C)(C)C[C@H]6OCCCOC[C@@H]5C4)cc3N3CCCOc4nc5[nH]ccc5cc43)cc2[N+](=O)[O-])C1,0.28,0.0,0.0,2,0,Ki,"1406276,1498047"
CC1(C)CCC(CN2CCN(c3ccc(C(=O)NS(=O)(=O)c4ccc(NC5CCN(CCn6cccn6)CC5)c([N+](=O)[O-])c4)c(Oc4ccc5[nH]ccc5c4)c3)CC2)=C(c2ccc(Cl)cc2)C1,0.28,0.0,0.0,1,0,Ki,324951
COCC1(F)CC(CNc2ccc(S(=O)(=O)NC(=O)c3ccc(N4CCN5CC6=C(c7ccc(Cl)cc7)CC(C)(C)C[C@H]6OCCCOC[C@@H]5C4)cc3N3CCCOc4nc5[nH]ccc5cc43)cc2[N+](=O)[O-])C1,0.28,0.0,0.0,1,0,Ki,51565559
CC1(C)CC(c2ccc(Cl)cc2)=C2CN3CCN(c4ccc(C(=O)NS(=O)(=O)c5cnc(OCC6(F)CCN(C7COC7)CC6)c(Cl)c5)c(N5CCCOc6nc7[nH]ccc7cc65)c4)C[C@H]3COCCCO[C@@H]2C1,0.28,0.0,0.0,1,0,Ki,1406190
CC1(C)CC(c2ccc(Cl)cc2)=C2CN3CCN(c4ccc(C(=O)NS(=O)(=O)c5cnc(OCC6(F)CCN(C7COC7)CC6)c(Cl)c5)c(N5CCCOc6nc7[nH]ccc7cc65)c4)C[C@H]3COCCCOC2C1,0.28,0.0,0.0,1,0,Ki,1497961
CN1CCC(Nc2ccc(S(=O)(=O)NC(=O)c3ccc(N4CCN(CC5=C(c6ccc(Cl)cc6)CC(C)(C)CC5)CC4)c(F)c3Oc3ccc4[nH]ccc4c3)cc2[N+](=O)[O-])CC1,0.281,0.0,0.0,1,0,Ki,324896
CC1(C)CCC(CN2CCN(c3ccc(C(=O)NS(=O)(=O)c4cnc(OC[C@@H]5CN(CC#N)CCO5)c(Cl)c4)c(Oc4cnc5[nH]ccc5c4)c3)CC2)=C(c2ccc(Cl)cc2)C1,0.281,0.0,0.0,4,0,Ki,"1179943,1372975,339786,704836"
CC1(C)CCC(CN2CCN(c3ccc(C(=O)NS(=O)(=O)c4ccc(NCC(F)(F)F)c([N+](=O)[O-])c4)c(Oc4ccc5[nH]ccc5c4)c3)CC2)=C(c2ccc(Cl)cc2)C1,0.284,0.0,0.0,1,0,Ki,325048
CC1(C)CCC(CN2CCN(c3ccc(C(=O)NS(=O)(=O)c4cnc5c(c4)nnn5CC4CCOCC4)c(Oc4cnc5[nH]ccc5c4)c3)CC2)=C(c2ccc(Cl)cc2)C1,0.285,0.0,0.0,4,0,Ki,"1180190,1373097,339904,704958"
CC1(C)CCC(CN2CCN(c3ccc(C(=O)NS(=O)(=O)c4cnc(OCC5CCOCC5)c(Br)c4)c(Oc4ccc5[nH]ccc5c4)c3)CC2)=C(c2ccc(Cl)cc2)C1,0.285,0.0,0.0,1,0,Ki,325033
CC1(C)CCC(CN2CCN(c3ccc(C(=O)NS(=O)(=O)c4ccc(NC[C@H]5CCCOC5)c([N+](=O)[O-])c4)c(Oc4ccc5[nH]ccc5c4)c3)CC2)=C(c2ccc(Cl)cc2)C1,0.291,0.0,0.0,5,0,Ki,"1179876,1372753,324893,339573,704614"
CC1(C)CCC(CN2CCN(c3ccc(C(=O)NS(=O)(=O)c4ccc(NCC5CCS(=O)(=O)CC5)c([N+](=O)[O-])c4)c(Oc4cccc5[nH]ccc45)c3)CC2)=C(c2ccc(Cl)cc2)C1,0.291,0.0,0.0,1,0,Ki,325007
CN1CCC(Oc2ccc(S(=O)(=O)NC(=O)c3ccc(N4CCN(CC5=C(c6ccc(Cl)cc6)CC(C)(C)CC5)CC4)cc3Oc3ccc4[nH]ccc4c3)cc2[N+](=O)[O-])CC1,0.292,0.0,0.0,1,0,Ki,325057
CC1(C)CC(c2ccc(Cl)cc2)=C2CN3CCN(c4ccc(C(=O)NS(=O)(=O)c5ccc(NC[C@H]6C[C@](O)(CF)C6)c([N+](=O)[O-])c5)c(N5CCCOc6nc7[nH]ccc7cc65)c4)C[C@H]3COCCCO[C@@H]2C1,0.297,0.0,0.0,1,0,Ki,1406214
CC1(C)CC(c2ccc(Cl)cc2)=C2CN3CCN(c4ccc(C(=O)NS(=O)(=O)c5ccc(NCC6CC(O)(CF)C6)c([N+](=O)[O-])c5)c(N5CCCOc6nc7[nH]ccc7cc65)c4)C[C@H]3COCCCO[C@@H]2C1,0.297,0.0,0.0,1,0,Ki,1497985
CC1(C)CCC(CN2CCN(c3ccc(C(=O)NS(=O)(=O)c4ccc(NCC5COCCO5)c([N+](=O)[O-])c4)c(Oc4cccc5[nH]cnc45)c3)CC2)=C(c2ccc(Cl)cc2)C1,0.299,0.0,0.0,1,0,Ki,325153
CC1(C)CCC(CN2CCN(c3ccc(C(=O)NS(=O)(=O)c4ccc(OCC5CCOCC5)c(C(N)=O)c4)c(Oc4cnc5[nH]ccc5c4)c3)CC2)=C(c2ccc(Cl)cc2)C1,0.3,0.0,0.0,4,0,Ki,"1179908,1372769,339589,704630"
CC1(C)CCC(CN2CCN(c3ccc(C(=O)NS(=O)(=O)c4ccc(NCCCN5CCOCC5)c(S(=O)(=O)C(F)(F)F)c4)c(Oc4ccc5[nH]ccc5c4)c3)CC2)=C(c2ccc(Cl)cc2)C1,0.302,0.0,0.0,1,0,Ki,325052
CN(C)CCOc1ccc(-c2ccc(Cl)cc2)c(CN2CCN(c3ccc(C(=O)NS(=O)(=O)c4ccc(NC5CCN(CC(F)(F)F)CC5)c([N+](=O)[O-])c4)c(Oc4ccccc4)c3)CC2)c1,0.305,0.0,0.0,1,0,Ki,324853
COCCOCCNc1ccc(S(=O)(=O)NC(=O)c2ccc(N3CCN(CC4=C(c5ccc(Cl)cc5)CC(C)(C)CC4)CC3)cc2Oc2ccc3[nH]ccc3c2)cc1[N+](=O)[O-],0.315,0.0,0.0,1,0,Ki,325004
CC1(C)CCC(CN2CCN(c3ccc(C(=O)NS(=O)(=O)c4ccc(NC5CCOCC5)c([N+](=O)[O-])c4)c(Oc4ccc5[nH]ccc5c4)c3)CC2)=C(c2ccc(Cl)cc2)C1,0.316,0.0,0.0,1,0,Ki,324971
CN1CC[C@H](Nc2ccc(S(=O)(=O)NC(=O)c3ccc(N4CCN(CC5=C(c6ccc(Cl)cc6)CC(C)(C)CC5)CC4)cc3Oc3cccc(Cl)c3)cc2[N+](=O)[O-])C1,0.317,0.0,0.0,2,0,Ki,"281522,387771"
CC1(C)CCC(CN2CCN(c3ccc(C(=O)NS(=O)(=O)c4ccc(Cl)c([N+](=O)[O-])c4)c(Oc4cnc5[nH]ccc5c4)c3)CC2)=C(c2ccc(Cl)cc2)C1,0.328,0.0,0.0,4,0,Ki,"1179996,1372813,339632,704674"
CC1(C)CCC(CN2CCN(c3ccc(C(=O)NS(=O)(=O)c4ccc(NCCN5CCCC5=O)c([N+](=O)[O-])c4)c(Oc4ccc5[nH]ccc5c4)c3)CC2)=C(c2ccc(Cl)cc2)C1,0.328,0.0,0.0,1,0,Ki,324959
CC1(C)CCC(CN2CCN(c3ccc(C(=O)NS(=O)(=O)c4ccc(N[C@@H]5CCN(Cc6ccccc6)C[C@@H]5O)c([N+](=O)[O-])c4)c(Oc4ccc5[nH]ccc5c4)c3)CC2)=C(c2ccc(Cl)cc2)C1,0.329,0.0,0.0,1,0,Ki,324899
O=C(NS(=O)(=O)c1ccc(NCCCN2CCOCC2)c([N+](=O)[O-])c1)c1ccc(N2CCN(Cc3ccccc3-c3ccc(Cl)cc3)CC2)cc1Oc1cccc(Cl)c1,0.331,0.0,0.0,2,0,Ki,"281345,387591"
CN(C)CCCNc1ccc(S(=O)(=O)NC(=O)c2ccc(N3CCN(Cc4ccccc4-c4ccc(Cl)cc4)CC3)cc2Oc2cccc(CO)c2)cc1[N+](=O)[O-],0.331,0.0,0.0,2,0,Ki,"281440,387686"
CC1(C)CCC(CC2CCN(c3ccc(C(=O)NS(=O)(=O)c4cnc(OCC5(O)CCC(F)(F)CC5)c(Cl)c4)c(Oc4cnc5[nH]ccc5c4)c3)CC2)=C(c2ccc(Cl)cc2)C1,0.332,0.0,0.0,4,0,Ki,"1180057,1373032,339843,704893"
CN(C)CCOc1cccc(-c2ccc(Cl)cc2)c1CN1CCN(c2ccc(C(=O)NS(=O)(=O)c3ccc(NCC4CCOCC4)c(S(=O)(=O)C(F)(F)F)c3)c(Oc3ccccc3)c2)CC1,0.335,0.0,0.0,1,0,Ki,324840
COCCN1CCC(F)(COc2ncc(S(=O)(=O)NC(=O)c3ccc(N4CCN5CC6=C(c7ccc(Cl)cc7)CC(C)(C)C[C@H]6OCCCOC[C@@H]5C4)cc3N3CCCOc4nc5[nH]ccc5cc43)cc2Cl)CC1,0.339,0.0,0.0,2,0,Ki,"1406226,1497997"
Cc1cccc(CC(=O)N2CCc3cc(-c4cc(C(=O)N(c5ccc(O)cc5)c5cc(C#N)n(C)c5C)c(C)n4C)c(C(=O)N4Cc5ccccc5C[C@H]4C)cc3C2)c1,0.34,0.0,0.0,1,0,Ki,1535380
CC1(C)CCC(CN2CCN(c3ccc(C(=O)NS(=O)(=O)c4ccc(OCC#CCN5CCOCC5)c([N+](=O)[O-])c4)c(Oc4ccc5[nH]ccc5c4)c3)CC2)=C(c2ccc(Cl)cc2)C1,0.341,0.0,0.0,1,0,Ki,325093
CO[C@H]1CC[C@H](COc2ccc(S(=O)(=O)NC(=O)c3ccc(N4CCN5CC6=C(c7ccc(Cl)cc7)CC(C)(C)C[C@H]6OCCCOC[C@@H]5C4)cc3N3CCCOc4nc5[nH]ccc5cc43)cc2Cl)OC1,0.349,0.0,0.0,1,0,Ki,1406262
CO[C@H]1CCC(COc2ccc(S(=O)(=O)NC(=O)c3ccc(N4CCN5CC6=C(c7ccc(Cl)cc7)CC(C)(C)C[C@H]6OCCCOC[C@@H]5C4)cc3N3CCCOc4nc5[nH]ccc5cc43)cc2Cl)OC1,0.349,0.0,0.0,1,0,Ki,1498033
CO[C@H]1CC[C@H](CNc2ccc(S(=O)(=O)NC(=O)c3ccc(N4CCN5CC6=C(c7ccc(Cl)cc7)CC(C)(C)C[C@H]6OCCCOC[C@@H]5C4)cc3N3CCCOc4nc5[nH]ccc5cc43)cc2[N+](=O)[O-])OC1,0.3499999999999999,5.551115123125783e-17,3.2049378106392736e-17,3,0,Ki,"1406208,1497979,51565553"
CC1(C)CCC(CN2CCN(c3ccc(C(=O)NS(=O)(=O)c4cnc(OCC5(F)CCN(C(CF)CF)CC5)c(C(F)(F)F)c4)c(Oc4cnc(N)c(Cl)c4)c3)CC2)=C(c2ccc(Cl)cc2)C1,0.354,0.0,0.0,2,0,Ki,"281728,387980"
NC[C@@H]1Cc2ccccc2CN1C(=O)c1cc2c(cc1-c1cc(C(=O)N(c3ccccc3)c3ccc(O)cc3)c3n1CCCC3)OCO2,0.36,0.0,0.0,1,0,Ki,51272548
CC1(C)CCC(CN2CCN(c3ccc(C(=O)NS(=O)(=O)c4ccc(NCC5CCOCC5)c([N+](=O)[O-])c4)c(Oc4ccc5[nH]cc(Cl)c5c4)c3)CC2)=C(c2ccc(Cl)cc2)C1,0.363,0.0,0.0,2,0,Ki,"281589,387840"
CC1(C)CCC(c2ccc(Cl)cc2)=C(CN2CCN(c3ccc(C(=O)NS(=O)(=O)c4ccc(NCC5CCOCC5)c([N+](=O)[O-])c4)c(Oc4ccc5[nH]ccc5c4)c3)CC2)C1,0.365,0.0,0.0,1,0,Ki,324996
CC1(C)CCC(CN2CCN(c3ccc(C(=O)NS(=O)(=O)c4ccc(NCC5CCOCC5)c([N+](=O)[O-])c4)c(Oc4ccc5[nH]ccc5c4)c3)CC2CO)=C(c2ccc(Cl)cc2)C1,0.369,0.0,0.0,1,0,Ki,324944
CN1CC[C@H](Nc2ccc(S(=O)(=O)NC(=O)c3ccc(N4CCN(CC5=C(c6ccc(Cl)cc6)CC(C)(C)CC5)CC4)cc3Oc3ccc4[nH]ccc4c3)cc2[N+](=O)[O-])C1,0.369,0.0,0.0,1,0,Ki,324942
CN(C)CCCNc1ccc(S(=O)(=O)NC(=O)c2ccc(N3CCN(CC4=C(c5ccc(Cl)cc5)CC(C)(C)CC4)CC3)cc2Oc2cccc3c2c(CN2CCN(C)CC2)cn3CN2CCN(C)CC2)cc1[N+](=O)[O-],0.375,0.0,0.0,2,0,Ki,"281539,387788"
CC1(C)CCC(CN2CCN(c3ccc(C(=O)NS(=O)(=O)c4ccc(NCCCN5CCOCC5)c(S(=O)(=O)C(F)(F)F)c4)c(Oc4cnc(N)c(Cl)c4)c3)CC2)=C(c2ccc(Cl)cc2)C1,0.377,0.0,0.0,2,0,Ki,"281670,387922"
CC1(C)CCC(CN2CCN(c3ccc(C(=O)NS(=O)(=O)c4cnc(OCCN5CCOCC5)c(C#N)c4)c(Oc4cccc5[nH]ccc45)c3)CC2)=C(c2ccc(Cl)cc2)C1,0.38,0.0,0.0,1,0,Ki,325095
CN(C)CCCc1c[nH]c2cccc(Oc3cc(N4CCN(CC5=C(c6ccc(Cl)cc6)CC(C)(C)CC5)CC4)ccc3C(=O)NS(=O)(=O)c3ccc(NN4CCN(C)CC4)c([N+](=O)[O-])c3)c12,0.385,0.0,0.0,2,0,Ki,"281663,387915"
CC(C)c1cc(S(=O)(=O)NC(=O)c2ccc(N3CCN(CC4=C(c5ccc(Cl)cc5)CC(C)(C)CC4)CC3)cc2Oc2cnc3[nH]ccc3c2)cnc1OCC1CCOCC1,0.391,0.0,0.0,4,0,Ki,"1180002,1372816,339634,704677"
CC1(C)CC(c2ccc(Cl)cc2)=C2CN3CCN(c4ccc(C(=O)NS(=O)(=O)c5ccc(NC[C@H]6CC[C@](C)(O)CC6)c([N+](=O)[O-])c5)c(N5CCCOc6nc7[nH]ccc7cc65)c4)C[C@H]3COCCCO[C@@H]2C1,0.397,0.0,0.0,1,0,Ki,1406246
CC1(C)CCC(CN2CCN(c3ccc(C(=O)NS(=O)(=O)c4ccc(NCC5(N)CCOCC5)c([N+](=O)[O-])c4)c(Oc4ccc5[nH]ccc5c4)c3)CC2CO)=C(c2ccc(Cl)cc2)C1,0.401,0.0,0.0,1,0,Ki,324945
CC1(C)CCC(CN2CCN(c3ccc(C(=O)NS(=O)(=O)c4ccc(NCN5CCN(S(C)(=O)=O)CC5)c([N+](=O)[O-])c4)c(Oc4cccc5[nH]ccc45)c3)CC2)=C(c2ccc(Cl)cc2)C1,0.403,0.0,0.0,1,0,Ki,325042
CC1(C)CCC(CN2CCN(c3ccc(C(=O)NS(=O)(=O)c4cnc(OCC(C)(CO)CO)c(Cl)c4)c(Oc4cnc5[nH]ccc5c4)c3)CC2)=C(c2ccc(Cl)cc2)C1,0.412,0.0,0.0,4,0,Ki,"1179953,1372980,339791,704841"
CC1(C)CCC(CN2CCN(c3ccc(C(=O)NS(=O)(=O)c4ccc(NCCC#N)c([N+](=O)[O-])c4)c(Oc4ccc5[nH]ccc5c4)c3)CC2)=C(c2ccc(Cl)cc2)C1,0.413,0.0,0.0,1,0,Ki,325025
CC1(C)CCC(CN2CCN(c3ccc(C(=O)NS(=O)(=O)c4ccc(NC5CCS(=O)(=O)C5)c([N+](=O)[O-])c4)c(Oc4cccc5[nH]ccc45)c3)CC2)=C(c2ccc(Cl)cc2)C1,0.425,0.0,0.0,1,0,Ki,325005
O=C1CCc2c(cccc2Oc2cc(N3CCN(Cc4ccccc4-c4ccc(Cl)cc4)CC3)ccc2C(=O)NS(=O)(=O)c2ccc(NCC3CCOCC3)c([N+](=O)[O-])c2)N1,0.428,0.0,0.0,2,0,Ki,"281428,387674"
CC1(C)CCC(CN2CCN(c3ccc(C(=O)NS(=O)(=O)c4ccc(NCC5(O)CCCCC5)c([N+](=O)[O-])c4)c(Oc4ccc5[nH]ccc5c4)c3)CC2)=C(c2ccc(Cl)cc2)C1,0.43,0.0,0.0,1,0,Ki,324946
CC1(C)CCC(CN2CCN(c3ccc(C(=O)NS(=O)(=O)c4ccc(NC5CCOCC5)c([N+](=O)[O-])c4)c(Oc4cc5cc[nH]c5cc4F)c3)CC2)=C(c2ccc(Cl)cc2)C1,0.435,0.0,0.0,2,0,Ki,"281576,387826"
Cc1c[nH]c2cccc(Oc3cc(N4CCN(CC5=C(c6ccc(Cl)cc6)CC(C)(C)CC5)CC4)ccc3C(=O)NS(=O)(=O)c3ccc(NCCCN4CCOCC4)c([N+](=O)[O-])c3)c12,0.438,0.0,0.0,2,0,Ki,"281396,387642"
C[C@@H]1CO[C@@H](CNc2ccc(S(=O)(=O)NC(=O)c3ccc(N4CCN5CC6=C(c7ccc(Cl)cc7)CC(C)(C)C[C@H]6OCCCOC[C@@H]5C4)cc3N3CCCOc4nc5[nH]ccc5cc43)cc2[N+](=O)[O-])CO1,0.438,0.0,0.0,1,0,Ki,1406194
CC1(C)CCC(CN2CCN(c3ccc(C(=O)NS(=O)(=O)c4ccc(NC5CCN(S(C)(=O)=O)CC5)c([N+](=O)[O-])c4)c(Oc4ccc5[nH]ccc5c4)c3)CC2)=C(c2ccc(Cl)cc2)C1,0.438,0.0,0.0,1,0,Ki,325039
C[C@@H]1COC(CNc2ccc(S(=O)(=O)NC(=O)c3ccc(N4CCN5CC6=C(c7ccc(Cl)cc7)CC(C)(C)C[C@H]6OCCCOC[C@@H]5C4)cc3N3CCCOc4nc5[nH]ccc5cc43)cc2[N+](=O)[O-])CO1,0.438,0.0,0.0,1,0,Ki,1497965
CC1(C)CC(c2ccc(Cl)cc2)=C(CN2CCN(c3ccc(C(=O)NS(=O)(=O)c4ccc(NCC5CCOCC5)c(C(F)(F)F)c4)c(Oc4cnc5[nH]ccc5c4)c3)CC2)CO1,0.439,0.0,0.0,4,0,Ki,"1179916,1372773,339593,704634"
CN(C)CCOc1ccc(-c2ccc(Cl)cc2)c(CN2CCN(c3ccc(C(=O)NS(=O)(=O)c4ccc(NCC5CCOCC5)c(S(=O)(=O)C(F)(F)F)c4)c(Oc4ccccc4)c3)CC2)c1,0.443,0.0,0.0,1,0,Ki,324836
CC1(C)CC(c2ccc(Cl)cc2)=C2CN3CCN(c4ccc(C(=O)NS(=O)(=O)c5ccc(NC[C@H]6C[C@@](O)(CF)C6)c([N+](=O)[O-])c5)c(N5CCCOc6nc7[nH]ccc7cc65)c4)C[C@H]3COCCCO[C@@H]2C1,0.448,0.0,0.0,1,0,Ki,1406198
CC1(C)CC(c2ccc(Cl)cc2)=C2CN3CCN(c4ccc(C(=O)NS(=O)(=O)c5ccc(NC[C@H]6C[C@@](O)(CF)C6)c([N+](=O)[O-])c5)c(N5CCCOc6nc7[nH]ccc7cc65)c4)C[C@H]3COCCCOC2C1,0.448,0.0,0.0,1,0,Ki,1497969
N#Cc1ccc(CN2Cc3c(cc(Br)c(OCc4ccc(-c5ccccc5)cc4)c3Br)C[C@H]2C(=O)NS(=O)(=O)c2ccc(Cl)c([N+](=O)[O-])c2)cc1,0.45,0.0,0.0,1,0,Ki,51462823
CC1(C)CCC(CN2CCN(c3ccc(C(=O)NS(=O)(=O)c4ccc(NCCN5CCCCC5=O)c([N+](=O)[O-])c4)c(Oc4ccc5[nH]ccc5c4)c3)CC2)=C(c2ccc(Cl)cc2)C1,0.454,0.0,0.0,1,0,Ki,324975
CN1CCC(Nc2ccc(S(=O)(=O)NC(=O)c3ccc(N4CCN(CC5=C(c6ccc(Cl)cc6)CC(C)(C)CC5)CC4)cc3Oc3cccc(C(F)(F)F)c3Cl)cc2[N+](=O)[O-])CC1,0.458,0.0,0.0,2,0,Ki,"281397,387643"
CN(C)CCCNc1ccc(S(=O)(=O)NC(=O)c2ccc(N3CCN(Cc4ccccc4-c4ccc(Cl)cc4)CC3)cc2Oc2ccc3ccccc3c2)cc1[N+](=O)[O-],0.459,0.0,0.0,1,0,Ki,324880
CC1(C)CC(c2ccc(Cl)cc2)=C2CN3CCN(c4ccc(C(=O)NS(=O)(=O)c5ccc(NCC6CCOCC6)c([N+](=O)[O-])c5)c(N5CCCOc6nc7[nH]ccc7cc65)c4)C[C@H]3COCCCO[C@@H]2C1,0.459,0.0,0.0,2,0,Ki,"1406184,1497955"
O=C(NS(=O)(=O)c1ccc(NCC2CCOCC2)c([N+](=O)[O-])c1)c1ccc(N2CCN(Cc3cc(OCCN4CCOCC4)ccc3-c3ccc(Cl)cc3)CC2)cc1Oc1ccc2[nH]ccc2c1,0.459,0.0,0.0,1,0,Ki,324843
CC1(C)CCC(CN2CCN(c3ccc(C(=O)NS(=O)(=O)c4ccc(NCC5(CO)CCOCC5)c([N+](=O)[O-])c4)c(Oc4ccc5[nH]ccc5c4)c3)CC2)=C(c2ccc(Cl)cc2)C1,0.46,0.0,0.0,1,0,Ki,324940
O=C(NS(=O)(=O)c1ccc(NCC2CCOCC2)c(S(=O)(=O)C(F)(F)F)c1)c1ccc(N2CCN(Cc3ccccc3-c3ccc(Cl)cc3)CC2)cc1Oc1ccc2ccccc2c1,0.464,0.0,0.0,1,0,Ki,324773
CC1(C)CCC(CN2CCN(c3ccc(C(=O)NS(=O)(=O)c4ccc(NCCCN5CCOCC5)c(S(=O)(=O)C(F)(F)F)c4)c(Oc4cccc5[nH]ccc45)c3)CC2)=C(c2ccc(Cl)cc2)C1,0.467,0.0,0.0,1,0,Ki,325053
COCCNc1ccc(S(=O)(=O)NC(=O)c2ccc(N3CCN(CC4=C(c5ccc(Cl)cc5)CC(C)(C)CC4)CC3)cc2Oc2cc(F)cc3[nH]ccc23)cc1[N+](=O)[O-],0.469,0.0,0.0,2,0,Ki,"281593,387844"
CC1(C)CCC(c2ccc(Cl)cc2)=C(CN2CCN(c3ccc(C(=O)NS(=O)(=O)c4ccc(NCCCN5CCOCC5)c([N+](=O)[O-])c4)c(Oc4ccc5[nH]ccc5c4)c3)CC2)C1,0.471,0.0,0.0,1,0,Ki,324779
CC1(C)CC(c2ccc(Cl)cc2)=C2CN3CCN(c4ccc(C(=O)NS(=O)(=O)c5ccc(OCC6(F)CCN(C7COC7)CC6)c([N+](=O)[O-])c5)c(N5CCCOc6nc7[nH]ccc7cc65)c4)C[C@H]3COCCCO[C@@H]2C1,0.475,0.0,0.0,2,0,Ki,"1406220,1497991"
CC1(C)CCC(CN2CCN(c3ccc(C(=O)NS(=O)(=O)c4ccc(NC5CCN(Cc6cscn6)CC5)c([N+](=O)[O-])c4)c(Oc4cc5cc[nH]c5cc4F)c3)CC2)=C(c2ccc(Cl)cc2)C1,0.48,0.0,0.0,2,0,Ki,"281570,387820"
CC1(C)CCC(CN2CCN(c3ccc(C(=O)NS(=O)(=O)c4ccc(NCCN5CCOCC5)c([N+](=O)[O-])c4)c(Oc4cccc(Cl)c4)c3)CC2)=C(c2ccc(Cl)cc2)C1,0.482,0.0,0.0,2,0,Ki,"281473,387719"
O=C(NS(=O)(=O)c1ccc(NCCCN2CCOCC2)c([N+](=O)[O-])c1)c1ccc(N2CCN(Cc3ccccc3-c3ccc(Cl)cc3)CC2)cc1Oc1ccccc1,0.484,0.0,0.0,1,0,Ki,324871
CC1(C)CCC(CN2CCN(c3ccc(C(=O)NS(=O)(=O)c4cc(F)c(NCC5CCOCC5)c(Cl)c4)c(Oc4cnc5[nH]ccc5c4)c3)CC2)=C(c2ccc(Cl)cc2)C1,0.498,0.0,0.0,4,0,Ki,"1180004,1372817,339635,704678"
CN1CCN(Nc2ccc(S(=O)(=O)NC(=O)c3ccc(N4CCN(CC5=C(c6ccc(Cl)cc6)CC(C)(C)CC5)CC4)cc3Oc3cccc4[nH]ccc34)cc2S(=O)(=O)C(F)(F)F)CC1,0.503,0.0,0.0,1,0,Ki,324924
CC1(C)CCC(CN2CCN(c3ccc(C(=O)NS(=O)(=O)c4ccc(NCC(F)F)c([N+](=O)[O-])c4)c(Oc4ccc5[nH]ccc5c4)c3)CC2)=C(c2ccc(Cl)cc2)C1,0.504,0.0,0.0,1,0,Ki,325008
CN1CCC(Nc2ccc(S(=O)(=O)NC(=O)c3ccc(N4CCN5CC6=C(c7ccc(Cl)cc7)CC(C)(C)C[C@H]6OCCCOC[C@@H]5C4)cc3N3CCCOc4nc5[nH]ccc5cc43)cc2[N+](=O)[O-])CC1,0.51,0.0,0.0,2,0,Ki,"1406244,1498015"
CN(C)C(=O)CCc1ccccc1Oc1cc(N2CCN(Cc3ccccc3-c3ccc(Cl)cc3)CC2)ccc1C(=O)NS(=O)(=O)c1ccc(NCC2CCOCC2)c([N+](=O)[O-])c1,0.511,0.0,0.0,2,0,Ki,"281359,387605"
CCN(C)C(=O)N1CCOC(CNc2ccc(S(=O)(=O)NC(=O)c3ccc(N4CCN(CC5=C(c6ccc(Cl)cc6)CC(C)(C)CC5)CC4)cc3Oc3cnc4[nH]ccc4c3)cc2Cl)C1,0.511,0.0,0.0,4,0,Ki,"1180118,1373062,339873,704923"
CN1CCN(Nc2ccc(S(=O)(=O)NC(=O)c3ccc(N4CCN(CC5=C(c6ccc(Cl)cc6)CC(C)(C)CC5)CC4)cc3Oc3cccc4[nH]ccc34)cc2[N+](=O)[O-])CC1,0.512,0.0,0.0,1,0,Ki,324902
CC1(C)CCC(CC2CCN(c3ccc(C(=O)NS(=O)(=O)c4ccc(NCC5CCOCC5)c([N+](=O)[O-])c4)c(Oc4cnc5[nH]ccc5c4)c3)CC2)C(c2ccc(Cl)cc2)C1,0.512,0.0,0.0,4,0,Ki,"1180045,1373026,339837,704887"
CN1CCC(Nc2ccc(S(=O)(=O)NC(=O)c3ccc(N4CCN(CC5=C(c6ccc(Cl)cc6)CCCCC5)CC4)cc3Oc3cccc4[nH]ccc34)cc2[N+](=O)[O-])CC1,0.514,0.0,0.0,1,0,Ki,324863
COCCOCCNc1ccc(S(=O)(=O)NC(=O)c2ccc(N3CCN(CC4=C(c5ccc(Cl)cc5)CC(C)(C)CC4)CC3)cc2Oc2cccc3[nH]ccc23)cc1[N+](=O)[O-],0.516,0.0,0.0,1,0,Ki,324999
CC1(C)CCC(CN2CCN(c3ccc(C(=O)NS(=O)(=O)c4ccc(NC5CCN(C6CCOCC6)CC5)c([N+](=O)[O-])c4)c(Oc4ccnc(N)c4)c3)CC2)=C(c2ccc(Cl)cc2)C1,0.516,0.0,0.0,2,0,Ki,"281597,387848"
CC1(C)CCC(CN2CCN(c3ccc(C(=O)NS(=O)(=O)c4ccc(NC5CCN(C6CC6)CC5)c([N+](=O)[O-])c4)c(Oc4ccccc4Cl)c3)CC2)=C(c2ccc(Cl)cc2)C1,0.52,0.0,0.0,2,0,Ki,"281398,387644"
C[C@@H]1CC[C@H](CNc2ccc(S(=O)(=O)NC(=O)c3ccc(N4CCN5CC6=C(c7ccc(Cl)cc7)CC(C)(C)C[C@H]6OCCCOC[C@@H]5C4)cc3N3CCCOc4nc5[nH]ccc5cc43)cc2[N+](=O)[O-])OC1,0.521,0.0,0.0,1,0,Ki,1406224
C[C@@H]1CCC(CNc2ccc(S(=O)(=O)NC(=O)c3ccc(N4CCN5CC6=C(c7ccc(Cl)cc7)CC(C)(C)C[C@H]6OCCCOC[C@@H]5C4)cc3N3CCCOc4nc5[nH]ccc5cc43)cc2[N+](=O)[O-])OC1,0.521,0.0,0.0,1,0,Ki,1497995
CN(C)CCCNc1ccc(S(=O)(=O)NC(=O)c2ccc(N3CCN(Cc4ccccc4-c4ccc(Cl)cc4)CC3)cc2Oc2ccc3[nH]ccc3c2)cc1S(=O)(=O)C(F)(F)F,0.523,0.0,0.0,1,0,Ki,324792
CC1(C)CCC(CN2CCN(c3ccc(C(=O)NS(=O)(=O)c4cnc(NC5CCC(N6CCOCC6)CC5)c(Br)c4)c(Oc4cc5cc[nH]c5cc4F)c3)CC2)=C(c2ccc(Cl)cc2)C1,0.524,0.0,0.0,1,0,Ki,387882
Cc1c(O)cccc1Oc1cc(N2CCN(CC3=C(c4ccc(Cl)cc4)CC(C)(C)CC3)CC2)ccc1C(=O)NS(=O)(=O)c1ccc(NC2CCN(C)CC2)c([N+](=O)[O-])c1,0.526,0.0,0.0,2,0,Ki,"198645,387736"
CC1(C)CCC(CN2CCN(c3ccc(C(=O)NS(=O)(=O)c4cnc(NC5CCN(C6CCOCC6)CC5)c(Br)c4)c(Oc4cc5cc[nH]c5cc4F)c3)CC2)=C(c2ccc(Cl)cc2)C1,0.531,0.0,0.0,2,0,Ki,"281635,387887"
O=C(NS(=O)(=O)c1ccc(NCC2CCOCC2)c([N+](=O)[O-])c1)c1ccc(N2CCN(Cc3ccccc3-c3ccc(Cl)cc3)CC2)cc1Oc1ccc2[nH]ccc2c1,0.618,0.0,0.0,5,1,Ki,"1180006,1372818,339636,704679"
CC(=O)N1CCC(Nc2ccc(S(=O)(=O)NC(=O)c3ccc(N4CCN(CC5=C(c6ccc(Cl)cc6)CC(C)(C)CC5)CC4)cc3Oc3cccc4[nH]ccc34)cc2[N+](=O)[O-])CC1,0.535,0.0,0.0,1,0,Ki,325041
CC1(C)CCC(CN2CCN(c3ccc(C(=O)NS(=O)(=O)c4cnc(NC5CCN(C6CC6)CC5)c(Cl)c4)c(Oc4cnc5[nH]ccc5c4)c3)CC2)=C(c2ccc(Cl)cc2)C1,0.546,0.0,0.0,4,0,Ki,"1179941,1372974,339785,704835"
CC1(C)CCC(CN2CCN(c3ccc(C(=O)NS(=O)(=O)c4ccc(NC5CCN(CCCc6ccccc6)CC5)c([N+](=O)[O-])c4)c(Oc4cccc(Cl)c4)c3)CC2)=C(c2ccc(Cl)cc2)C1,0.549,0.0,0.0,2,0,Ki,"281500,387749"
CC1(C)CC(c2ccc(Cl)cc2)=C2CN3CCN(c4ccc(C(=O)NS(=O)(=O)c5ccc(NC[C@H]6C[C@](O)(C7CCC7)C6)c([N+](=O)[O-])c5)c(N5CCCOc6nc7[nH]ccc7cc65)c4)C[C@H]3COCCCO[C@@H]2C1,0.552,0.0,0.0,1,0,Ki,1406212
CC1(C)CC(c2ccc(Cl)cc2)=C2CN3CCN(c4ccc(C(=O)NS(=O)(=O)c5ccc(NCC6CC(O)(C7CCC7)C6)c([N+](=O)[O-])c5)c(N5CCCOc6nc7[nH]ccc7cc65)c4)C[C@H]3COCCCO[C@@H]2C1,0.552,0.0,0.0,1,0,Ki,1497983
CC1(C)CCC(CN2CCN(c3ccc(C(=O)NS(=O)(=O)c4ccc(NCC5(N)CCOCC5)c([N+](=O)[O-])c4)c(Oc4ccccc4Cl)c3)CC2)=C(c2ccc(Cl)cc2)C1,0.552,0.0,0.0,2,0,Ki,"281519,387768"
O=C(NS(=O)(=O)c1ccc(NCC2CCOCC2)c([N+](=O)[O-])c1)c1ccc(N2CCN(Cc3c(OCCN4CCOCC4)cccc3-c3ccc(Cl)cc3)CC2)cc1Oc1ccc2[nH]ccc2c1,0.553,0.0,0.0,1,0,Ki,324848
CC1(C)CCC(CN2CCN(c3ccc(C(=O)NS(=O)(=O)c4ccc(NCC5CCOCC5)c(C#N)c4)c(Oc4cnc5[nH]ccc5c4)c3)CC2)=C(c2ccc(Cl)cc2)C1,0.557,0.0,0.0,4,0,Ki,"1180052,1372841,339659,704702"
CC1(C)CCC(CN2CCN(c3ccc(C(=O)NS(=O)(=O)c4ccc(NCCC5CCOCC5)c([N+](=O)[O-])c4)c(Oc4ccc5[nH]ccc5c4)c3)CC2)=C(c2ccc(Cl)cc2)C1,0.56,0.0,0.0,1,0,Ki,324997
CC1(C)CCC(CN2CCN(c3ccc(C(=O)NS(=O)(=O)c4ccc(OCC5(C)COC5)c([N+](=O)[O-])c4)c(Oc4ccc5[nH]ccc5c4)c3)CC2)=C(c2ccc(Cl)cc2)C1,0.567,0.0,0.0,1,0,Ki,324993
CC1(C)CCC(CN2CCN(c3ccc(C(=O)NS(=O)(=O)c4ccc(OCC5(F)CCOCC5)nc4)c(Oc4cnc5[nH]ccc5c4)c3)CC2)=C(c2ccc(Cl)cc2)C1,0.571,0.0,0.0,4,0,Ki,"1179955,1372981,339792,704842"
CCN(C)C(=O)N1CCO[C@H](COc2ncc(S(=O)(=O)NC(=O)c3ccc(N4CCN(CC5=C(c6ccc(Cl)cc6)CC(C)(C)CC5)CC4)cc3Oc3cnc4[nH]ccc4c3)cc2Cl)C1,0.572,0.0,0.0,4,0,Ki,"1180120,1373063,339874,704924"
CC1(C)CCC(CN2CCN(c3ccc(C(=O)NS(=O)(=O)c4ccc(NCC(F)(F)F)c([N+](=O)[O-])c4)c(Oc4cccc5[nH]ccc45)c3)CC2)=C(c2ccc(Cl)cc2)C1,0.576,0.0,0.0,1,0,Ki,325047
CN(C)CCCNc1ccc(S(=O)(=O)NC(=O)c2ccc(N3CCN(Cc4ccccc4-c4ccc(Cl)cc4)CC3)cc2Oc2ccc(Cl)cc2)cc1[N+](=O)[O-],0.586,0.0,0.0,2,0,Ki,"281348,387594"
CC1(C)CCC(CN2CCN(c3ccc(C(=O)NS(=O)(=O)c4ccc(NC5CCCCC5N)c([N+](=O)[O-])c4)c(Oc4ccc5[nH]ccc5c4)c3)CC2)=C(c2ccc(Cl)cc2)C1,0.589,0.0,0.0,1,0,Ki,324917
Cc1c[nH]c2cccc(Oc3cc(N4CCN(CC5=C(c6ccc(Cl)cc6)CC(C)(C)CC5)CC4)ccc3C(=O)NS(=O)(=O)c3ccc(NC4CCN(C)CC4)c([N+](=O)[O-])c3)c12,0.592,0.0,0.0,2,0,Ki,"281399,387645"
CC1(C)CCC(CN2CCN(c3ccc(C(=O)NS(=O)(=O)c4ccc(NCCOC(F)(F)F)c([N+](=O)[O-])c4)c(Oc4cccc5[nH]ccc45)c3)CC2)=C(c2ccc(Cl)cc2)C1,0.598,0.0,0.0,1,0,Ki,324998
CC1(C)CCC(CC2CCN(c3ccc(C(=O)NS(=O)(=O)c4ccc(OCC5CCOCC5)c(Cl)c4)c(Oc4cnc5[nH]ccc5c4)c3)CC2)=C(c2ccc(Cl)cc2)C1,0.601,0.0,0.0,4,0,Ki,"1180084,1373045,339856,704906"
CC1(C)CCC(CN2CCN(c3ccc(C(=O)NS(=O)(=O)c4ccc(NC5CCN(CCCC(F)(F)F)CC5)c([N+](=O)[O-])c4)c(Oc4ccc5[nH]ccc5c4)c3)CC2)=C(c2ccc(Cl)cc2)C1,0.615,0.0,0.0,1,0,Ki,324925
COCOc1cccc(Oc2cc(N3CCN(CC4=C(c5ccc(Cl)cc5)CC(C)(C)CC4)CC3)ccc2C(=O)NS(=O)(=O)c2ccc(NC3CCN(C)CC3)c([N+](=O)[O-])c2)c1C,0.619,0.0,0.0,2,0,Ki,"281488,387735"
CC1(C)CCC(CN2CCN(c3ccc(C(=O)NS(=O)(=O)c4ccc(NCC5CN(C6CC6)CCO5)c(Cl)c4)c(Oc4cnc5[nH]ccc5c4)c3)CC2)=C(c2ccc(Cl)cc2)C1,0.621,0.0,0.0,4,0,Ki,"1180116,1373061,339872,704922"
CN(C)CCCOc1ccc(-c2ccc(Cl)cc2)c(CN2CCN(c3ccc(C(=O)NS(=O)(=O)c4ccc(NCC5CCOCC5)c(S(=O)(=O)C(F)(F)F)c4)c(Oc4ccccc4)c3)CC2)c1,0.622,0.0,0.0,1,0,Ki,324835
CC1(C)CCC(CN2CCN(c3ccc(C(=O)NS(=O)(=O)c4ccc(NC5CCN(CCCC(F)(F)F)CC5)c([N+](=O)[O-])c4)c(Oc4cccc5[nH]ccc45)c3)CC2)=C(c2ccc(Cl)cc2)C1,0.624,0.0,0.0,1,0,Ki,324919
C[C@H]1CC[C@H](CNc2ccc(S(=O)(=O)NC(=O)c3ccc(N4CCN5CC6=C(c7ccc(Cl)cc7)CC(C)(C)C[C@H]6OCCCOC[C@@H]5C4)cc3N3CCCOc4nc5[nH]ccc5cc43)cc2[N+](=O)[O-])OC1,0.634,0.0,0.0,1,0,Ki,1406228
C[C@H]1CCC(CNc2ccc(S(=O)(=O)NC(=O)c3ccc(N4CCN5CC6=C(c7ccc(Cl)cc7)CC(C)(C)C[C@H]6OCCCOCC5C4)cc3N3CCCOc4nc5[nH]ccc5cc43)cc2[N+](=O)[O-])OC1,0.634,0.0,0.0,1,0,Ki,1497999
CC1(C)CCC(CN2CCN(c3ccc(C(=O)NS(=O)(=O)c4ccc(CCC5CCOCC5)c([N+](=O)[O-])c4)c(Oc4ccc5[nH]ccc5c4)c3)CC2)=C(c2ccc(Cl)cc2)C1,0.651,0.0,0.0,1,0,Ki,325002
CC1(C)CC(c2ccc(Cl)cc2)=C2CN3CCN(c4ccc(C(=O)NS(=O)(=O)c5cnc(OC[C@]6(F)CC[C@@H](N7CCOCC7)CC6)c(Cl)c5)c(N5CCCOc6nc7[nH]ccc7cc65)c4)C[C@H]3COCCCO[C@@H]2C1,0.66,0.0,0.0,1,0,Ki,1406202
CO[C@H]1CCC(CNc2ccc(S(=O)(=O)NC(=O)c3ccc(N4CCN5CC6=C(c7ccc(Cl)cc7)CC(C)(C)C[C@H]6OCCCOC[C@@H]5C4)cc3N3CCCOc4nc5[nH]ccc5cc43)cc2Cl)OC1,0.667,0.0,0.0,1,0,Ki,1498021
CO[C@H]1CC[C@H](CNc2ccc(S(=O)(=O)NC(=O)c3ccc(N4CCN5CC6=C(c7ccc(Cl)cc7)CC(C)(C)C[C@H]6OCCCOC[C@@H]5C4)cc3N3CCCOc4nc5[nH]ccc5cc43)cc2Cl)OC1,0.667,0.0,0.0,1,0,Ki,1406250
CC1(C)CCC(CN2CCN(c3ccc(C(=O)NS(=O)(=O)c4cnc(OCC5COCCO5)c(Br)c4)c(Oc4cc5cc[nH]c5cc4F)c3)CC2)=C(c2ccc(Cl)cc2)C1,0.671,0.0,0.0,2,0,Ki,"281629,387881"
O=C(NS(=O)(=O)c1ccc(NCCCN2CCOCC2)c([N+](=O)[O-])c1)c1ccc(N2CCN(Cc3ccccc3-c3ccc(Cl)cc3)CC2)cc1Oc1ccc2[nH]ccc2c1,0.672,0.0,0.0,5,0,Ki,"1180008,1372819,324788,339637,704680"
CC1(C)CCC(CN2CCN(c3ccc(C(=O)NS(=O)(=O)c4ccc(NCC5(CO)CCOCC5)c([N+](=O)[O-])c4)c(Oc4ccccc4Cl)c3)CC2)=C(c2ccc(Cl)cc2)C1,0.672,0.0,0.0,2,0,Ki,"281575,387825"
O=C(NS(=O)(=O)c1ccc(NCCCN2CCCC2)c([N+](=O)[O-])c1)c1ccc(N2CCN(CC3=C(c4ccc(Cl)cc4)CCCCC3)CC2)cc1Oc1cccc2[nH]ccc12,0.673,0.0,0.0,1,0,Ki,324857
CC1(C)CCC(CN2CCN(c3ccc(C(=O)NS(=O)(=O)c4ccc(NCC5CCOCC5)c(S(=O)(=O)C(F)(F)F)c4)c(Oc4ccc5[nH]ccc5c4)c3)CC2)=C(c2ccc(Cl)cc2)C1,0.678,0.0,0.0,5,0,Ki,"1180020,1372825,325010,339643,704686"
CN1CC[C@@H](Nc2ccc(S(=O)(=O)NC(=O)c3ccc(N4CCN(CC5=C(c6ccc(Cl)cc6)CC(C)(C)CC5)CC4)cc3Oc3cccc(Cl)c3)cc2[N+](=O)[O-])C1,0.684,0.0,0.0,2,0,Ki,"281523,387772"
CC1(C)CCC(CN2CCN(c3ccc(C(=O)NS(=O)(=O)c4ccc(NC5CCN(CCc6ccccc6)CC5)c([N+](=O)[O-])c4)c(Oc4cccc(Cl)c4)c3)CC2)=C(c2ccc(Cl)cc2)C1,0.686,0.0,0.0,2,0,Ki,"281492,387740"
CC1(C)CCC(CN2CCN(c3ccc(C(=O)NS(=O)(=O)c4cnc(OCC5CCC(F)(F)CC5)c(Cl)c4)c(Oc4cnc(N)c(Cl)c4)c3)CC2)=C(c2ccc(Cl)cc2)C1,0.686,0.0,0.0,2,0,Ki,"281732,387984"
CC1(C)CCC(CN2CCN(c3ccc(C(=O)NS(=O)(=O)c4ccc(NCC5CCOCC5)c([N+](=O)[O-])c4)c(Oc4cc(N)cc(Cl)c4)c3)CC2)=C(c2ccc(Cl)cc2)C1,0.69,0.0,0.0,2,0,Ki,"281632,387884"
Cc1c(S(C)(=O)=O)c(-c2cc(F)cc(N3CCN(c4ccc(NS(=O)(=O)c5ccc(N[C@H](CCN6CCC(O)CC6)CSc6ccccc6)c(S(=O)(=O)C(F)(F)F)c5)cc4)CC3)c2)c(-c2ccc(Cl)cc2)n1C(C)C,0.7,0.0,0.0,1,0,Ki,51462819
[C]N([C])[C][C][C@H]([C]Sc1ccccc1)[N]c1ccc(S(=O)(=O)[N]C(=O)c2ccc(N3[C][C]C(=[C]c4ccccc4Cl)[C][C]3)cc2)cc1[N+](=O)[O-],0.7,0.0,0.0,1,0,Ki,38812
CC1(C)CCC(CN2CCN(c3ccc(C(=O)NS(=O)(=O)c4ccc(CCC5OCCO5)c([N+](=O)[O-])c4)c(Oc4ccc5[nH]ccc5c4)c3)CC2)=C(c2ccc(Cl)cc2)C1,0.71,0.0,0.0,1,0,Ki,324985
O=C(NS(=O)(=O)c1ccc(NCCCN2CCOCC2)c([N+](=O)[O-])c1)c1ccc(N2CCN(Cc3ccccc3-c3ccc(Cl)cc3)CC2)cc1Oc1ccccc1Cl,0.72,0.0,0.0,2,0,Ki,"281343,387589"
CN1CCC(Nc2ccc(S(=O)(=O)NC(=O)c3ccc(N4CCN(CC5=C(c6ccc(Cl)cc6)CC(C)(C)CC5)CC4)cc3Oc3ccc4[nH]ccc4c3F)cc2[N+](=O)[O-])CC1,0.72,0.0,0.0,2,0,Ki,"281487,387734"
CC1(C)CCC(CN2CCN(c3ccc(C(=O)NS(=O)(=O)c4ccc(NC5CCN(c6nccs6)CC5)c([N+](=O)[O-])c4)c(Oc4ccc5[nH]ccc5c4)c3)CC2)=C(c2ccc(Cl)cc2)C1,0.737,0.0,0.0,1,0,Ki,324921
O=C(NS(=O)(=O)c1ccc(NCC2CCOCC2)c([N+](=O)[O-])c1)c1ccc(N2CCN(Cc3ccccc3-c3ccc(Cl)cc3)CC2)cc1Oc1ccccc1Cl,0.746,0.0,0.0,2,0,Ki,"281338,387584"
O=C(NS(=O)(=O)c1ccc(NCCCN2CCOCC2)c([N+](=O)[O-])c1)c1ccc(N2CCN(Cc3ccccc3-c3ccc(Cl)cc3)CC2)cc1Oc1cccc(CO)c1,0.754,0.0,0.0,2,0,Ki,"281342,387588"
CC1(C)CCC(c2ccc(Cl)cc2)=C(CN2CCN(c3ccc(C(=O)NS(=O)(=O)c4ccc(NCCCN5CCOCC5)c([N+](=O)[O-])c4)c(Oc4cccc5[nH]ccc45)c3)CC2)C1,0.757,0.0,0.0,1,0,Ki,324783
CC1(C)CCC(CN2CCN(c3ccc(C(=O)NS(=O)(=O)c4ccc(NCCN5CCOCC5)c([N+](=O)[O-])c4)c(Oc4cccc(Cl)c4F)c3)CC2)=C(c2ccc(Cl)cc2)C1,0.759,0.0,0.0,2,0,Ki,"281481,387728"
CC1(C)CC(c2ccc(Cl)cc2)=C2CN3CCN(c4ccc(C(=O)NS(=O)(=O)c5ccc(NCC6(O)COC6)c([N+](=O)[O-])c5)c(N5CCCOc6nc7[nH]ccc7cc65)c4)C[C@H]3COCCCO[C@@H]2C1,0.761,0.0,0.0,2,0,Ki,"1406216,1497987"
CN(C)CCCN(C)c1ccc(S(=O)(=O)NC(=O)c2ccc(N3CCN(Cc4ccccc4-c4ccc(Cl)cc4)CC3)cc2Oc2ccccc2)cc1[N+](=O)[O-],0.762,0.0,0.0,1,0,Ki,324808
O=C(NS(=O)(=O)c1ccc(NCC2CCOCC2)c(S(=O)(=O)C(F)(F)F)c1)c1ccc(N2CCN(Cc3cc(OCCCN4CCCCC4)ccc3-c3ccc(Cl)cc3)CC2)cc1Oc1ccccc1,0.769,0.0,0.0,1,0,Ki,324834
CC1(C)CCC(CN2CCN(c3ccc(C(=O)NS(=O)(=O)c4cnc(N[C@@H]5CCN(C(CF)CF)C5)c(Cl)c4)c(Oc4cnc5[nH]ccc5c4)c3)CC2)=C(c2ccc(Cl)cc2)C1,0.77,0.0,0.0,4,0,Ki,"1179917,1372962,339774,704823"
CNc1ccc(S(=O)(=O)NC(=O)c2ccc(N3CCN(CC4=C(c5ccc(Cl)cc5)CC(C)(C)CC4)CC3)cc2Oc2cccc3[nH]ccc23)cc1[N+](=O)[O-],0.783,0.0,0.0,1,0,Ki,324954
O=C(NS(=O)(=O)c1ccc(NCC2CCOCC2)c([N+](=O)[O-])c1)c1ccc(N2CCN(Cc3ccccc3-c3ccc(Cl)cc3)CC2)cc1Oc1cccc(Cl)c1,0.787,0.0,0.0,2,0,Ki,"281339,387585"
O=C(NS(=O)(=O)c1ccc(NCCCN2CCOCC2)c([N+](=O)[O-])c1)c1ccc(N2CCN(Cc3ccccc3-c3ccc(Cl)cc3)CC2)cc1Oc1ccc2ccccc2c1,0.796,0.0,0.0,1,0,Ki,324772
CN1CCC(Nc2ccc(S(=O)(=O)NC(=O)c3ccc(N4CCN(CC5=C(c6ccc(Cl)cc6)CC(C)(C)CC5)CC4)cc3Oc3cccc4c3CCN4)cc2[N+](=O)[O-])CC1,0.798,0.0,0.0,1,0,Ki,325098
CCc1c(-c2ccc(Cl)cc2)c(-c2cccc(N3CCN(c4ccc(NS(=O)(=O)c5ccc(N[C@H](CCN(C)C)CSc6ccccc6)c([N+](=O)[O-])c5)cc4)CC3)c2)c(C(=O)O)n1C,0.8,0.0,0.0,1,0,Ki,50947901
Cc1c(C(=O)O)c(-c2cccc(N3CCN(c4ccc(NS(=O)(=O)c5ccc(N[C@H](CCN6CCC(O)CC6)CSc6ccccc6)c(S(=O)(=O)C(F)(F)F)c5)cc4)CC3)c2)c(-c2ccc(Cl)cc2)n1C(C)C,0.8,0.0,0.0,1,0,Ki,50969062
CC1(C)CCC(CN2CCN(c3ccc(C(=O)NS(=O)(=O)c4ccc(NCCCN5CCOCC5)c([N+](=O)[O-])c4)c(Oc4cc(Cl)ccc4Cl)c3)CC2)=C(c2ccc(Cl)cc2)C1,0.807,0.0,0.0,2,0,Ki,"281400,387646"
CC1(C)CCC(CN2CCN(c3ccc(C(=O)NS(=O)(=O)c4ccc(NCC5CCOCC5)c([N+](=O)[O-])c4)c(Oc4cccc5[nH]cc(Cl)c45)c3)CC2)=C(c2ccc(Cl)cc2)C1,0.81,0.0,0.0,2,0,Ki,"281590,387841"
CC1(C)CCC(CN2CCN(c3ccc(C(=O)NS(=O)(=O)c4ccc(NC5CCC(N6CCOCC6)CC5)c([N+](=O)[O-])c4)c(Oc4cccc5c4CCNC5=O)c3)CC2)=C(c2ccc(Cl)cc2)C1,0.822,0.0,0.0,1,0,Ki,387879
O=C(NS(=O)(=O)c1ccc(NCCn2nccn2)c([N+](=O)[O-])c1)c1ccc(N2CCN(Cc3ccccc3-c3ccc(Cl)cc3)CC2)cc1Oc1ccccc1,0.823,0.0,0.0,1,0,Ki,324879
Cc1cc2cc(Oc3cc(N4CCN(CC5=C(c6ccc(Cl)cc6)CC(C)(C)CC5)CC4)ccc3C(=O)NS(=O)(=O)c3ccc(NC4CCN(C)CC4)c([N+](=O)[O-])c3)ccc2[nH]1,0.827,0.0,0.0,2,0,Ki,"281336,387582"
O=C(NS(=O)(=O)c1ccc(NCC2CCOCC2)c([N+](=O)[O-])c1)c1ccc(N2CCN(Cc3ccccc3-c3ccc(Cl)cc3)CC2)cc1Oc1cccc2[nH]ccc12,0.828,0.0,0.0,1,0,Ki,324776
CC1(C)CCC(CN2CCN(c3ccc(C(=O)NS(=O)(=O)c4ccc(NC5(CO)CCOCC5)c([N+](=O)[O-])c4)c(Oc4ccc5[nH]ccc5c4)c3)CC2)=C(c2ccc(Cl)cc2)C1,0.83,0.0,0.0,1,0,Ki,324948
CC1(C)CC(c2ccc(Cl)cc2)=C2CN3CCN(c4ccc(C(=O)NS(=O)(=O)c5ccc(NC[C@H]6CC[C@H](N7CCOCC7)CC6)c([N+](=O)[O-])c5)c(N5CCCOc6nc7[nH]ccc7cc65)c4)C[C@H]3COCCCO[C@@H]2C1,0.833,0.0,0.0,1,0,Ki,1406238
CC1(C)CC(c2ccc(Cl)cc2)=C2CN3CCN(c4ccc(C(=O)NS(=O)(=O)c5ccc(NCC6CCC(N7CCOCC7)CC6)c([N+](=O)[O-])c5)c(N5CCCOc6nc7[nH]ccc7cc65)c4)C[C@H]3COCCCO[C@@H]2C1,0.833,0.0,0.0,1,0,Ki,1498009
CC1(C)CCC(c2ccc(Cl)cc2)=C(CN2CCN(c3ccc(C(=O)NS(=O)(=O)c4ccc(NCCCN5CCOCC5)c([N+](=O)[O-])c4)c(Oc4ccccc4)c3)CC2)C1,0.847,0.0,0.0,1,0,Ki,324757
CC1(C)CC(c2ccc(Cl)cc2)=C2CN3CCN(c4ccc(C(=O)NS(=O)(=O)c5ccc(NC[C@H]6CC[C@H](O)CO6)c([N+](=O)[O-])c5)c(N5CCCOc6nc7[nH]ccc7cc65)c4)C[C@H]3COCCCO[C@@H]2C1,0.888,0.0,0.0,2,0,Ki,"1497977,51565552"
CC1(C)CC(c2ccc(Cl)cc2)=C2CN3CCN(c4ccc(C(=O)NS(=O)(=O)c5cnc(NC[C@H]6CC[C@H](O)CO6)c([N+](=O)[O-])c5)c(N5CCCOc6nc7[nH]ccc7cc65)c4)C[C@H]3COCCCO[C@@H]2C1,0.888,0.0,0.0,1,0,Ki,1406206
CC1(C)CCC(CN2CCN(c3ccc(C(=O)NS(=O)(=O)c4cnc(NCC5CCOCC5)c(C#N)c4)c(Oc4cnc5[nH]ccc5c4)c3)CC2)=C(c2ccc(Cl)cc2)C1,0.895,0.0,0.0,4,0,Ki,"1180044,1372837,339655,704698"
CN(C)CCc1ccccc1Oc1cc(N2CCN(Cc3ccccc3-c3ccc(Cl)cc3)CC2)ccc1C(=O)NS(=O)(=O)c1ccc(NCC2CCOCC2)c([N+](=O)[O-])c1,0.903,0.0,0.0,2,0,Ki,"281362,387608"
CC1(C)CCC(CN2CCN(c3ccc(C(=O)NS(=O)(=O)c4ccc(NC[C@H]5CCCO5)c([N+](=O)[O-])c4)c(Oc4ccc5[nH]ccc5c4)c3)CC2)=C(c2ccc(Cl)cc2)C1,0.904,0.0,0.0,1,0,Ki,325074
CC1(C)CCC(CN2CCN(c3ccc(C(=O)NS(=O)(=O)c4ccc(NC(CO)C5CCOCC5)c([N+](=O)[O-])c4)c(Oc4cc5cc[nH]c5cc4F)c3)CC2)=C(c2ccc(Cl)cc2)C1,0.912,0.0,0.0,2,0,Ki,"281565,387815"
CC1(C)CCC(CN2CCN(c3ccc(C(=O)NS(=O)(=O)c4ccc(NC5CCN(Cc6cscn6)CC5)c([N+](=O)[O-])c4)c(Oc4ccc5[nH]ccc5c4)c3)CC2)=C(c2ccc(Cl)cc2)C1,0.918,0.0,0.0,1,0,Ki,324939
CC1(C)CCC(CN2CCN(c3ccc(C(=O)NS(=O)(=O)c4cnc(OCC5CCOCC5)c(C(N)=O)c4)c(Oc4cnc5[nH]ccc5c4)c3)CC2)=C(c2ccc(Cl)cc2)C1,0.935,0.0,0.0,4,0,Ki,"1179924,1372777,339597,704638"
CC1(C)CC(c2ccc(Cl)cc2)=C2CN3CCN(c4ccc(C(=O)NS(=O)(=O)c5cnc(OC[C@]6(F)CC[C@H](N7CCOCC7)CC6)c(Cl)c5)c(N5CCCOc6nc7[nH]ccc7cc65)c4)C[C@H]3COCCCO[C@@H]2C1,0.936,0.0,0.0,1,0,Ki,1406204
CC1(C)CCC(CN2CCN(c3ccc(C(=O)NS(=O)(=O)c4ccc(NCC5CCOCC5)c([N+](=O)[O-])c4)c(Oc4cncc(Br)c4)c3)CC2)=C(c2ccc(Cl)cc2)C1,0.936,0.0,0.0,2,0,Ki,"281598,387849"
CCOC(=O)N1CCN(c2ccc(S(=O)(=O)NC(=O)c3ccc(N4CCN(CC5=C(c6ccc(Cl)cc6)CC(C)(C)CC5)CC4)cc3Oc3cnc4[nH]ccc4c3)cc2[N+](=O)[O-])CC1,0.938,0.0,0.0,4,0,Ki,"1179899,1372953,339766,704814"
CC1(C)CCC(CN2CCN(c3ccc(C(=O)NS(=O)(=O)c4ccc(NCC5CCOCC5)c([N+](=O)[O-])c4)c(Oc4ccccc4-c4cccnc4N)c3)CC2)=C(c2ccc(Cl)cc2)C1,0.946,0.0,0.0,2,0,Ki,"281730,387982"
CC1(C)CCC(CN2CCN(c3ccc(C(=O)NS(=O)(=O)c4ccc(NCCC(F)(F)F)c([N+](=O)[O-])c4)c(Oc4cccc5[nH]ccc45)c3)CC2)=C(c2ccc(Cl)cc2)C1,0.949,0.0,0.0,1,0,Ki,325027
O=C(NS(=O)(=O)c1ccc(NCCCN2CCOCC2)c([N+](=O)[O-])c1)c1ccc(N2CCN(Cc3ccccc3-c3ccc(Cl)cc3)CC2)cc1Oc1cccc(-c2ccncc2)c1,0.959,0.0,0.0,2,0,Ki,"281431,387677"
O=C(NS(=O)(=O)c1ccc(NCCn2ccnn2)c([N+](=O)[O-])c1)c1ccc(N2CCN(Cc3ccccc3-c3ccc(Cl)cc3)CC2)cc1Oc1ccccc1,0.963,0.0,0.0,1,0,Ki,324878
O=C(NS(=O)(=O)c1ccc(NCCc2ccncc2)c([N+](=O)[O-])c1)c1ccc(N2CCN(Cc3ccccc3-c3ccc(Cl)cc3)CC2)cc1Oc1ccccc1,0.97,0.0,0.0,1,0,Ki,324881
C[C@@H]1CO[C@@H](COc2ccc(S(=O)(=O)NC(=O)c3ccc(N4CCN5CC6=C(c7ccc(Cl)cc7)CC(C)(C)C[C@H]6OCCCOC[C@@H]5C4)cc3N3CCCOc4nc5[nH]ccc5cc43)cc2[N+](=O)[O-])CO1,0.977,0.0,0.0,1,0,Ki,1406222
C[C@@H]1COC(COc2ccc(S(=O)(=O)NC(=O)c3ccc(N4CCN5CC6=C(c7ccc(Cl)cc7)CC(C)(C)C[C@H]6OCCCOC[C@@H]5C4)cc3N3CCCOc4nc5[nH]ccc5cc43)cc2[N+](=O)[O-])CO1,0.977,0.0,0.0,1,0,Ki,1497993
CC1(C)CCC(CN2CCN(c3ccc(C(=O)NS(=O)(=O)c4ccc(OCC5(F)CCOCC5)c(S(=O)(=O)C(F)(F)F)c4)c(Oc4cnc5[nH]ccc5c4)c3)CC2)=C(c2ccc(Cl)cc2)C1,0.988,0.0,0.0,4,0,Ki,"1179895,1372951,339764,704812"
CN(C)CC[C@H](CSc1ccccc1)Nc1ccc(S(=O)(=O)NC(=O)c2ccc(N3CCN(Cc4ccccc4-c4cccnc4)CC3)cc2)cc1[N+](=O)[O-],1.0,0.0,0.0,1,0,Ki,38830
CC1(C)CCC(CN2CCN(c3ccc(C(=O)NS(=O)(=O)c4ccc(NCC5CCOCC5)c([N+](=O)[O-])c4)c(Oc4ccnc(N)c4)c3)CC2)=C(c2ccc(Cl)cc2)C1,1.012,0.0,0.0,2,0,Ki,"281606,387857"
CC1(C)CCC(CN2CCN(c3ccc(C(=O)NS(=O)(=O)c4ccc(NC5CCN(C6CCOCC6)CC5)c([N+](=O)[O-])c4)c(Oc4ccc5nc(N)sc5c4)c3)CC2)=C(c2ccc(Cl)cc2)C1,1.047,0.0,0.0,2,0,Ki,"281557,387807"
CC1(C)CCC(CN2CCN(c3ccc(C(=O)NS(=O)(=O)c4cnc(NCC5CCOCC5)c(-c5nccs5)c4)c(Oc4cccc5[nH]ccc45)c3)CC2)=C(c2ccc(Cl)cc2)C1,1.077,0.0,0.0,1,0,Ki,325069
CN1CCC(Nc2ccc(S(=O)(=O)NC(=O)c3ccc(N4CCN(CC5=C(c6ccc(Cl)cc6)CC(C)(C)CC5)CC4)cc3Oc3ccc4nc(N)sc4c3)cc2[N+](=O)[O-])CC1,1.085,0.0,0.0,2,0,Ki,"281554,387804"
O=C(NS(=O)(=O)c1ccc(NCCCN2CCOCC2)c([N+](=O)[O-])c1)c1ccc(N2CCN(Cc3ccccc3-c3ccc(Cl)cc3)CC2)cc1Oc1cccc2[nH]ccc12,1.085,0.0,0.0,1,0,Ki,324787
CC1(C)CCC(CN2CCN(c3ccc(C(=O)NS(=O)(=O)c4ccc(OCC5CN(C6CC6)CCO5)c(Cl)c4)c(Oc4cnc5[nH]ccc5c4)c3)CC2)=C(c2ccc(Cl)cc2)C1,1.09,0.0,0.0,4,1,Ki,"1180114,1373060,704921"
CC1(C)CCC(CN2CCN(c3ccc(C(=O)NS(=O)(=O)c4ccc(NN5CCOCC5)c([N+](=O)[O-])c4)c(Oc4ccc5[nH]ccc5c4)c3)CC2)=C(c2ccc(Cl)cc2)C1,1.087,0.0,0.0,1,0,Ki,324968
CC1(C)CCC(CN2CCN(c3ccc(C(=O)NS(=O)(=O)c4cc(F)c(F)c(OCC5(F)CCOCC5)c4)c(Oc4cnc5[nH]ccc5c4)c3)CC2)=C(c2ccc(Cl)cc2)C1,1.1,0.0,0.0,4,1,Ki,"1180078,1373042,704903"
CC1(C)CCC(CN2CCN(c3ccc(C(=O)NS(=O)(=O)c4cccc(C(=O)NCC5CCOCC5)c4)c(Oc4ccc5[nH]ccc5c4)c3)CC2)=C(c2ccc(Cl)cc2)C1,1.146,0.0,0.0,1,0,Ki,325049
CC1(C)CCC(CN2CCN(c3ccc(C(=O)NS(=O)(=O)c4ccc(NN5CCOCC5)c([N+](=O)[O-])c4)c(Oc4cc5cc[nH]c5cc4F)c3)CC2)=C(c2ccc(Cl)cc2)C1,1.147,0.0,0.0,2,0,Ki,"281577,387827"
CC1(C)CCC(CN2CCN(c3ccc(C(=O)NS(=O)(=O)c4ccc(S(C)(=O)=O)cc4)c(Oc4ccc5[nH]ccc5c4)c3)CC2)=C(c2ccc(Cl)cc2)C1,1.15,0.0,0.0,1,0,Ki,325085
C#Cc1cc(S(=O)(=O)NC(=O)c2ccc(N3CCN(CC4=C(c5ccc(Cl)cc5)CC(C)(C)CC4)CC3)cc2Oc2cnc3[nH]ccc3c2)cnc1OCC1CCOCC1,1.16,0.0,0.0,4,1,Ki,"1179970,1372800,704661"
CC1(C)CCC(CN2CCN(c3ccc(C(=O)NS(=O)(=O)c4ccc(NCC5CCOCC5)c([N+](=O)[O-])c4)c(Oc4ccccc4-c4ccn[nH]4)c3)CC2)=C(c2ccc(Cl)cc2)C1,1.16,0.0,0.0,2,0,Ki,"281731,387983"
CC1(C)CCC(CN2CCN(c3ccc(C(=O)NS(=O)(=O)c4cnc(OCC5CCOCC5)c(S(C)(=O)=O)c4)c(Oc4cnc5[nH]ccc5c4)c3)CC2)=C(c2ccc(Cl)cc2)C1,1.19,0.0,0.0,4,1,Ki,"1179893,1372950,704811"
CC1(C)CCC(CN2CCN(c3ccc(C(=O)NS(=O)(=O)c4ccc(NCCCN5CCCC5)c([N+](=O)[O-])c4)c(Oc4cccc5[nH]ccc45)c3)CC2)=C(c2ccc(OC(F)(F)F)cc2)C1,1.192,0.0,0.0,1,0,Ki,324797
CNC(=O)c1c(-c2cccc(N3CCN(c4ccc(NS(=O)(=O)c5ccc(N[C@H](CCN(C)C)CSc6ccccc6)c([N+](=O)[O-])c5)cc4)CC3)c2)c(-c2ccc(Cl)cc2)cn1C,1.2,0.0,0.0,1,0,Ki,50947898
CCn1c(C)c(C(=O)O)c(-c2cccc(N3CCN(c4ccc(NS(=O)(=O)c5ccc(N[C@H](CCN6CCC(O)CC6)CSc6ccccc6)c(S(=O)(=O)C(F)(F)F)c5)cc4)CC3)c2)c1-c1ccc(Cl)cc1,1.2,0.0,0.0,1,0,Ki,50969063
COc1ccc(C2=C(CN3CCN(c4ccc(C(=O)NS(=O)(=O)c5ccc(NCCCN6CCCC6)c([N+](=O)[O-])c5)c(Oc5cccc6[nH]ccc56)c4)CC3)CCC(C)(C)C2)cc1,1.227,0.0,0.0,1,0,Ki,324795
CC1(C)CCC(CN2CCN(c3ccc(C(=O)NS(=O)(=O)c4ccc(NC5CCN(C6CCOCC6)CC5)c([N+](=O)[O-])c4)c(Oc4cccnc4)c3)CC2)=C(c2ccc(Cl)cc2)C1,1.233,0.0,0.0,1,0,Ki,325101
CC1(C)CCC(CN2CCN(c3ccc(C(=O)NS(=O)(=O)c4ccc(NCC5CCOCC5)c([N+](=O)[O-])c4)c(Oc4ccc(N)nc4)c3)CC2)=C(c2ccc(Cl)cc2)C1,1.24,0.0,0.0,2,0,Ki,"281596,387847"
CC1(C)CCC(CN2CCN(c3ccc(C(=O)NS(=O)(=O)c4ccc(NCCC#N)c([N+](=O)[O-])c4)c(Oc4cccc5[nH]ccc45)c3)CC2)=C(c2ccc(Cl)cc2)C1,1.243,0.0,0.0,1,0,Ki,325026
CC1(C)CCC(CN2CCN(c3ccc(C(=O)NS(=O)(=O)c4ccc(NCCCN5CCCC5)c([N+](=O)[O-])c4)c(Oc4cccc5[nH]ccc45)c3)CC2)=C(c2ccc(C(F)(F)F)cc2)C1,1.245,0.0,0.0,1,0,Ki,324796
O=C(c1cc(-c2cc3c(cc2C(=O)N2Cc4ccccc4C[C@H]2CN2CCOCC2)OCO3)n2c1CCCC2)N(c1ccccc1)c1ccc(O)cc1,2.8400000000000003,1.6365818036383026,0.7319016327348914,5,0,Ki,"51288563,51462829,51462831,51462834,51462837"
CN(C)CCCc1ccccc1Oc1cc(N2CCN(Cc3ccccc3-c3ccc(Cl)cc3)CC2)ccc1C(=O)NS(=O)(=O)c1ccc(NCC2CCOCC2)c([N+](=O)[O-])c1,1.326,0.0,0.0,2,0,Ki,"281361,387607"
CC1(C)CCC(CN2CCN(c3ccc(C(=O)NS(=O)(=O)c4ccc(OCC5CCOCC5)c(C(N)=O)c4)c(Oc4ccc5[nH]ccc5c4)c3)CC2)=C(c2ccc(Cl)cc2)C1,1.336,0.0,0.0,1,0,Ki,325061
CN1CCN(Nc2ccc(S(=O)(=O)NC(=O)c3ccc(N4CCN(CC5=C(c6ccc(Cl)cc6)CC(C)(C)CC5)CC4)cc3Oc3ccc(O)cc3Cl)cc2S(=O)(=O)C(F)(F)F)CC1,1.338,0.0,0.0,2,0,Ki,"281538,387787"
CN1CCC(Nc2ccc(S(=O)(=O)NC(=O)c3ccc(N4CCN(CC5=C(c6ccc(Cl)cc6)CC(C)(C)CC5)CC4)cc3Oc3cccc(CO)c3)cc2[N+](=O)[O-])CC1,1.345,0.0,0.0,2,0,Ki,"281496,387744"
O=C(NS(=O)(=O)c1ccc(NCc2cccs2)c([N+](=O)[O-])c1)c1ccc(N2CCN(Cc3ccccc3-c3ccc(Cl)cc3)CC2)cc1Oc1ccccc1,1.348,0.0,0.0,1,0,Ki,324876
COC1(Cc2ccccc2C)CCN(c2ccc(C(=O)NS(=O)(=O)c3ccc(N[C@H](CCN(C)C)CSc4ccccc4)c([N+](=O)[O-])c3)cc2)CC1,1.4,0.0,0.0,1,0,Ki,38806
COCCCNc1ccc(S(=O)(=O)NC(=O)c2ccc(N3CCN(CC4=C(c5ccc(Cl)cc5)CC(C)(C)CC4)CC3)cc2Oc2cccc3[nH]ccc23)cc1[N+](=O)[O-],1.468,0.0,0.0,1,0,Ki,325024
CC1(C)CCC(CN2CCN(c3ccc(C(=O)NS(=O)(=O)c4ccc(NCC5CCOCC5)c(S(=O)(=O)C(F)(F)F)c4)c(Oc4cccc5[nH]ccc45)c3)CC2)=C(c2ccc(Cl)cc2)C1,1.48,0.0,0.0,1,0,Ki,325009
CC1(C)CCC(CN2CCN(c3ccc(C(=O)NS(=O)(=O)c4ccc(NCCC(F)(F)F)c([N+](=O)[O-])c4)c(Oc4ccc5[nH]ccc5c4)c3)CC2)=C(c2ccc(Cl)cc2)C1,1.481,0.0,0.0,1,0,Ki,325028
COC1(Cc2ccccc2Br)CCN(c2ccc(C(=O)NS(=O)(=O)c3ccc(N[C@H](CCN(C)C)CSc4ccccc4)c([N+](=O)[O-])c3)cc2)CC1,1.5,0.0,0.0,1,0,Ki,38808
CN(C)CC[C@H](CSc1ccccc1)Nc1ccc(S(=O)(=O)Nc2ccc(C#Cc3cccc(-c4c(-c5ccc(Cl)cc5)cn(CC[C@H](O)CO)c4C(=O)NCCCN4CCN(C)CC4)c3)cc2)cc1[N+](=O)[O-],1.5,0.0,0.0,1,0,Ki,50947923
Cc1nc2cc(Oc3cc(N4CCN(Cc5ccccc5-c5ccc(Cl)cc5)CC4)ccc3C(=O)NS(=O)(=O)c3ccc(NCCCN(C)C)c([N+](=O)[O-])c3)ccc2s1,1.501,0.0,0.0,2,0,Ki,"281358,387604"
CC1(C)CCC(CN2CCN(c3ccc(C(=O)NS(=O)(=O)c4ccc(NN5CCCCC5)c([N+](=O)[O-])c4)c(Oc4ccc5[nH]ccc5c4)c3)CC2)=C(c2ccc(Cl)cc2)C1,1.552,0.0,0.0,1,0,Ki,324991
CC1(C)CCC(CN2CCN(c3ccc(C(=O)NS(=O)(=O)c4ccc(NCCN5CCOCC5)c(S(=O)(=O)C(F)(F)F)c4)c(Oc4ccc5[nH]ccc5c4)c3)CC2)=C(c2ccc(Cl)cc2)C1,1.576,0.0,0.0,1,0,Ki,325055
CN(C)CCCNc1ccc(S(=O)(=O)NC(=O)c2ccc(N3CCN(Cc4ccccc4-c4ccc(Cl)cc4)CC3)cc2Oc2cccc(N3CCOCC3)c2)cc1[N+](=O)[O-],1.584,0.0,0.0,2,0,Ki,"281365,387611"
COc1ccccc1CC1(OC)CCN(c2ccc(C(=O)NS(=O)(=O)c3ccc(N[C@H](CCN(C)C)CSc4ccccc4)c([N+](=O)[O-])c3)cc2)CC1,1.6,0.0,0.0,1,0,Ki,38807
CNc1ccc(S(=O)(=O)NC(=O)c2ccc(N3CCN(CC4=C(c5ccc(Cl)cc5)CC(C)(C)CC4)CC3)cc2Oc2ccc3[nH]ccc3c2)cc1[N+](=O)[O-],1.617,0.0,0.0,1,0,Ki,324953
O=C(NS(=O)(=O)c1ccc(NCCCN2CCOCC2)c([N+](=O)[O-])c1)c1ccc(N2CCN(Cc3ccccc3-c3ccc(Cl)cc3)CC2)cc1Oc1ccc(Cl)cc1,1.621,0.0,0.0,2,0,Ki,"281346,387592"
CO[C@H]1CC[C@H](COc2ncc(S(=O)(=O)NC(=O)c3ccc(N4CCN(CC5=C(c6ccc(Cl)cc6)CC(C)(C)CC5)CC4)cc3Oc3cnc4[nH]ccc4c3)cc2C(F)(F)F)CC1,1.63,0.0,0.0,3,0,Ki,"1180053,1373030,704891"
CC1(C)CCC(CN2CCN(c3ccc(C(=O)NS(=O)(=O)c4ccc(NN5CCN(C(=O)OC(C)(C)C)CC5)c([N+](=O)[O-])c4)c(Oc4cnc5[nH]ccc5c4)c3)CC2)=C(c2ccc(Cl)cc2)C1,1.63,0.0,0.0,3,1,Ki,"1372963,704824"
CC1(C)CCC(CN2CCN(c3ccc(C(=O)NS(=O)(=O)c4ccc(NC5CCN(C(=O)OC(C)(C)C)CC5)c([N+](=O)[O-])c4)c(Oc4cnc5[nH]ccc5c4)c3)CC2)=C(c2ccc(Cl)cc2)C1,1.63,0.0,0.0,1,0,Ki,1179919
CC1(C)CCC(CN2CCN(c3ccc(C(=O)NS(=O)(=O)c4ccc(NCC5CCOCC5)c(S(F)(F)(F)(F)F)c4)c(Oc4cnc5[nH]ccc5c4)c3)CC2)=C(c2ccc(Cl)cc2)C1,1.6499999999999997,2.220446049250313e-16,1.2819751242557095e-16,3,0,Ki,"1179921,1372964,704825"
CC1(C)CCC(CN2CCN(c3ccc(C(=O)NS(=O)(=O)c4ccc(NCC5CCOCC5)c(CS(F)(F)(F)(F)F)c4)c(Oc4cnc5[nH]ccc5c4)c3)CC2)=C(c2ccc(Cl)cc2)C1,1.654,0.0,0.0,1,0,Ki,312121
Nc1cccc(Oc2cc(N3CCN(Cc4ccccc4-c4ccc(Cl)cc4)CC3)ccc2C(=O)NS(=O)(=O)c2ccc(NCC3CCOCC3)c([N+](=O)[O-])c2)c1,1.679,0.0,0.0,2,0,Ki,"281352,387598"
CC1(C)CCC(CN2CCN(c3ccc(C(=O)NS(=O)(=O)c4ccc(NCCCN5CCCC5)c([N+](=O)[O-])c4)c(Oc4cccc5[nH]ccc45)c3)CC2)=C(c2ccc(F)cc2)C1,1.697,0.0,0.0,1,0,Ki,324800
Cc1c(C(=O)O)c(-c2cccc(N3CCN(c4ccc(NS(=O)(=O)c5ccc(N[C@H](CCN6CC(O)C6)CSc6ccccc6)c(S(=O)(=O)C(F)(F)F)c5)cc4)CC3)c2)c(-c2ccc(Cl)cc2)n1C,1.7,0.0,0.0,1,0,Ki,50969066
Cc1c(C(=O)O)c(-c2cccc(N3CCN(c4ccc(NS(=O)(=O)c5ccc(N[C@H](CCN6CCC6)CSc6ccccc6)c(S(=O)(=O)C(F)(F)F)c5)cc4)CC3)c2)c(-c2ccc(Cl)cc2)n1C,1.7,0.0,0.0,1,0,Ki,50969069
CC1(C)CCC(CN2CCN(c3ccc(C(=O)NS(=O)(=O)c4ccc(NCC5CCOCC5)c([N+](=O)[O-])c4)c(Oc4cncc(N)c4)c3)CC2)=C(c2ccc(Cl)cc2)C1,1.703,0.0,0.0,2,0,Ki,"281603,387854"
CN(C)CC[C@H](Nc1ccc(S(=O)(=O)NC(=O)c2ccc(N3CCN(Cc4ccccc4-c4ccc(Cl)cc4)CC3)cc2Oc2ccccc2)cc1[N+](=O)[O-])c1cccs1,1.71,0.0,0.0,1,0,Ki,324875
CC1(C)CC(c2ccc(Cl)cc2)=C2CN3CCN(c4ccc(C(=O)NS(=O)(=O)c5ccc(NC[C@@H]6CC[C@@H](O)CO6)c([N+](=O)[O-])c5)c(N5CCCOc6nc7[nH]ccc7cc65)c4)C[C@H]3COCCCO[C@@H]2C1,1.72,0.0,0.0,2,0,Ki,"1406236,1498007"
CN1CCN(Nc2ccc(S(=O)(=O)NC(=O)c3ccc(N4CCN(CC5=C(c6ccc(Cl)cc6)CC(C)(C)CC5)CC4)cc3Oc3cc4cc[nH]c4cc3Cl)cc2[N+](=O)[O-])CC1,1.734,0.0,0.0,2,0,Ki,"281569,387819"
CC1(C)CCC(CN2CCN(c3ccc(C(=O)NS(=O)(=O)c4ccc(NC(CO)C5CCOCC5)c([N+](=O)[O-])c4)c(Oc4ccc5[nH]ccc5c4)c3)CC2)=C(c2ccc(Cl)cc2)C1,1.796,0.0,0.0,1,0,Ki,324950
COC1(Cc2cccc(Cl)c2)CCN(c2ccc(C(=O)NS(=O)(=O)c3ccc(N[C@H](CCN(C)C)CSc4ccccc4)c([N+](=O)[O-])c3)cc2)CC1,1.8,0.0,0.0,1,0,Ki,38803
Cc1c(C(=O)O)c(-c2cccc(N3CCN(c4ccc(NS(=O)(=O)c5ccc(N[C@H](CCN6CCCC6)CSc6ccccc6)c(S(=O)(=O)C(F)(F)F)c5)cc4)CC3)c2)c(-c2ccc(Cl)cc2)n1C,1.8,0.0,0.0,1,0,Ki,50969068
CNc1ccc(S(=O)(=O)NC(=O)c2ccc(N3CCN(CC4=C(c5ccc(Cl)cc5)CC(C)(C)CC4)CC3)cc2Oc2ccc3[nH]ccc3c2)cc1S(=O)(=O)C(F)(F)F,1.859,0.0,0.0,1,0,Ki,325032
CC1(C)CCC(CN2CCN(c3ccc(C(=O)NS(=O)(=O)c4ccc(NC5CCN(C6CCOCC6)CC5)c([N+](=O)[O-])c4)c(Oc4ccnc(NC(=O)OC(C)(C)C)c4)c3)CC2)=C(c2ccc(Cl)cc2)C1,1.908,0.0,0.0,2,0,Ki,"281595,387846"
O=C(NS(=O)(=O)c1ccc(NCC2CCOCC2)c([N+](=O)[O-])c1)c1ccc(N2CCN(Cc3ccccc3-c3ccc(Cl)cc3)CC2)cc1Oc1cccc2ccccc12,1.986,0.0,0.0,1,0,Ki,324771
CC1(C)CCC(CN2CCN(c3ccc(C(=O)NS(=O)(=O)c4ccc(NCC5CCCCC5)c([N+](=O)[O-])c4)c(Oc4ccc5[nH]ccc5c4)c3)CC2)=C(c2ccc(Cl)cc2)C1,1.995,0.0,0.0,1,0,Ki,324967
[C]Oc1ccccc1[C]=C1[C][C]N(c2ccc(C(=O)[N]S(=O)(=O)c3ccc([N][C@H]([C][C]N([C])[C])[C]Sc4ccccc4)c([N+](=O)[O-])c3)cc2)[C][C]1,2.0,0.0,0.0,1,0,Ki,38816
CN(C)CC[C@H](CSc1ccccc1)Nc1ccc(S(=O)(=O)NC(=O)c2ccc(N3CCN(c4cccc(-c5c(-c6ccc(Cl)cc6)cn(CC[C@H](O)CO)c5C(=O)NCCCN5CCN(C)CC5)c4)CC3)cc2)cc1[N+](=O)[O-],2.0,0.0,0.0,1,0,Ki,50947922
[C]N([C])[C][C][C@H]([C]Sc1ccccc1)[N]c1ccc(S(=O)(=O)[N]C(=O)c2ccc(N3[C][C]C(=[C]c4ccccc4C(F)(F)F)[C][C]3)cc2)cc1[N+](=O)[O-],2.0,0.0,0.0,1,0,Ki,38814
CN(C)Cc1ccccc1Oc1cc(N2CCN(Cc3ccccc3-c3ccc(Cl)cc3)CC2)ccc1C(=O)NS(=O)(=O)c1ccc(NCC2CCOCC2)c([N+](=O)[O-])c1,2.007,0.0,0.0,2,0,Ki,"281364,387610"
CN(C)CCCNc1ccc(S(=O)(=O)NC(=O)c2ccc(N3CCN(CC4=C(c5ccc(Cl)cc5)CC(C)(C)CC4)CC3)cc2Oc2ccc3[nH]ccc3c2)cc1C#N,2.048,0.0,0.0,1,0,Ki,324884
O=C(NS(=O)(=O)c1ccc(NCC2CCOCC2)c([N+](=O)[O-])c1)c1ccc(N2CCN(Cc3ccccc3-c3ccc(Cl)cc3)CC2)cc1Oc1cccnc1,2.05,0.0,0.0,1,0,Ki,324805
CO[C@H]1CC[C@@H](COc2ncc(S(=O)(=O)NC(=O)c3ccc(N4CCN(CC5=C(c6ccc(Cl)cc6)CC(C)(C)CC5)CC4)cc3Oc3cnc4[nH]ccc4c3)cc2C(F)(F)F)CC1,2.06,0.0,0.0,3,0,Ki,"1180055,1373031,704892"
CC1(C)CCC(CN2CCN(c3ccc(C(=O)NS(=O)(=O)c4ccc(NCC5CCOCC5)c(Cl)c4)c(Oc4cnc5[nH]ccc5c4)c3)CC2)=C(c2ccc(Cl)cc2)C1,2.07,0.0,0.0,4,1,Ki,"1180064,1373035,704896"
CC1(C)CCC(CN2CCN(c3ccc(C(=O)NS(=O)(=O)c4cc(F)c(NCC5CCOCC5)cc4Cl)c(Oc4cnc5[nH]ccc5c4)c3)CC2)=C(c2ccc(Cl)cc2)C1,2.07,0.0,0.0,4,1,Ki,"1179940,1372785,704646"
CN1CCN(c2ccc(S(=O)(=O)NC(=O)c3ccc(N4CCN(CC5=C(c6ccc(Cl)cc6)CC(C)(C)CC5)CC4)cc3Oc3ccc4[nH]ccc4c3)cc2[N+](=O)[O-])CC1,2.087,0.0,0.0,1,0,Ki,324827
COC1(CNc2ccc(S(=O)(=O)NC(=O)c3ccc(N4CCN5CC6=C(c7ccc(Cl)cc7)CC(C)(C)CC6OCCCOC[C@@H]5C4)cc3N3CCCOc4nc5[nH]ccc5cc43)cc2[N+](=O)[O-])CCOCC1,2.09,0.0,0.0,1,0,Ki,1498005
COC1(CNc2ccc(S(=O)(=O)NC(=O)c3ccc(N4CCN5CC6=C(c7ccc(Cl)cc7)CC(C)(C)C[C@H]6OCCCOC[C@@H]5C4)cc3N3CCCOc4nc5[nH]ccc5cc43)cc2[N+](=O)[O-])CCOCC1,2.0949999999999998,0.0050000000000001155,0.003535533905932819,2,0,Ki,"1406234,51565555"
Cc1c(C(=O)O)c(-c2cccc(N3CCN(c4ccc(NS(=O)(=O)c5ccc(N[C@H](CCN(C)C)CSc6ccccc6)c(S(=O)(=O)C(F)(F)F)c5)cc4)CC3)c2)c(-c2ccc(Cl)cc2)n1C,2.1,0.0,0.0,1,0,Ki,50969071
[C]N([C])[C][C][C@H]([C]Sc1ccccc1)[N]c1ccc(S(=O)(=O)[N]C(=O)c2ccc(N3[C][C]C(=[C]c4ccc(Cl)cc4)[C][C]3)cc2)cc1[N+](=O)[O-],2.1,0.0,0.0,1,0,Ki,38813
CC1(C)CCC(CN2CCN(c3ccc(C(=O)NS(=O)(=O)c4ccc(NCC5CCCN(CC#N)C5)c([N+](=O)[O-])c4)c(Oc4cnc5[nH]ccc5c4)c3)CC2)=C(c2ccc(Cl)cc2)C1,2.11,0.0,0.0,4,1,Ki,"1179913,1372960,704821"
CN(C)CCCNc1ccc(S(=O)(=O)NC(=O)c2ccc(N3CCN(Cc4ccccc4-c4ccc(Cl)cc4)CC3)cc2Oc2ccccc2)cc1C#N,2.134,0.0,0.0,1,0,Ki,324811
CC1(C)CCC(CN2CCN(c3ccc(C(=O)NS(=O)(=O)c4cnc(OCC5(F)CCN(CC(F)F)CC5)c(Cl)c4)c(Oc4cnc(N)c(Cl)c4)c3)CC2)=C(c2ccc(Cl)cc2)C1,2.136,0.0,0.0,2,0,Ki,"281726,387978"
CC1(C)CCC(CN2CCN(c3ccc(C(=O)NS(=O)(=O)c4ccc(S(C)(=O)=O)cc4)c(Oc4cccc5[nH]ccc45)c3)CC2)=C(c2ccc(Cl)cc2)C1,2.17,0.0,0.0,1,0,Ki,325086
CN(C)C(=O)Cc1ccccc1Oc1cc(N2CCN(Cc3ccccc3-c3ccc(Cl)cc3)CC2)ccc1C(=O)NS(=O)(=O)c1ccc(NCC2CCOCC2)c([N+](=O)[O-])c1,2.212,0.0,0.0,2,0,Ki,"281360,387606"
O=C(NS(=O)(=O)c1ccc(NCCCN2CCCC2)c([N+](=O)[O-])c1)c1ccc(N2CCN(CC3=C(c4ccc(Cl)cc4)CCC3)CC2)cc1Oc1cccc2[nH]ccc12,2.232,0.0,0.0,1,0,Ki,324859
CC1(C)CCC(CN2CCN(c3ccc(C(=O)NS(=O)(=O)c4ccc(NCCCN5CCCC5=O)c([N+](=O)[O-])c4)c(Oc4ccc5[nH]ccc5c4)c3)CC2)=C(c2ccc(Cl)cc2)C1,2.266,0.0,0.0,1,0,Ki,325077
O=C(NS(=O)(=O)c1ccc(NCC2CCOCC2)c(S(=O)(=O)C(F)(F)F)c1)c1ccc(N2CCN(Cc3cc(OCCN4CCOCC4)ccc3-c3ccc(Cl)cc3)CC2)cc1Oc1ccccc1,2.299,0.0,0.0,1,0,Ki,324833
CNC(=O)c1cccc(Oc2cc(N3CCN(Cc4ccccc4-c4ccc(Cl)cc4)CC3)ccc2C(=O)NS(=O)(=O)c2ccc(NCCCN(C)C)c([N+](=O)[O-])c2)c1,2.321,0.0,0.0,2,0,Ki,"281437,387683"
CNc1ncc(Oc2cc(N3CCN(CC4=C(c5ccc(Cl)cc5)CC(C)(C)CC4)CC3)ccc2C(=O)NS(=O)(=O)c2ccc(NCC3CCOCC3)c([N+](=O)[O-])c2)cc1Cl,2.323,0.0,0.0,2,0,Ki,"281700,387952"
CC1(C)CCC(CN2CCN(c3ccc(C(=O)NS(=O)(=O)c4cnc(NCC5CCOCC5)c(Br)c4)c(Oc4cccc5[nH]ccc45)c3)CC2)=C(c2ccc(Cl)cc2)C1,2.331,0.0,0.0,1,0,Ki,325029
CC1(C)CCC(CN2CCN(c3ccc(C(=O)NS(=O)(=O)c4ccc(NC5CCN(CC(F)(F)F)CC5)c([N+](=O)[O-])c4)c(Oc4cccc5[nH]ccc45)c3)CC2)=C(c2ccc(Cl)cc2)C1,2.342,0.0,0.0,1,0,Ki,324828
CC1(C)CCC(CN2CCN(c3ccc(C(=O)NS(=O)(=O)c4ccc(NCCCN5CCOCC5)c([N+](=O)[O-])c4)c(Oc4ccc5[nH]ncc5c4)c3)CC2)=C(c2ccc(Cl)cc2)C1,2.365,0.0,0.0,1,0,Ki,324758
Cc1c(C(=O)O)c(-c2cccc(N3CCN(c4ccc(NS(=O)(=O)c5ccc(N[C@H](CCN6CCC(O)CC6)CSc6ccccc6)c(S(=O)(=O)C(F)(F)F)c5)cc4)CC3)c2)c(-c2ccc(Cl)cc2)n1C,2.4,0.0,0.0,1,0,Ki,50969065
CN(C)CC[C@H](CSc1ccccc1)Nc1ccc(S(=O)(=O)NC(=O)c2ccc(N3CCN(CC4=C(c5ccc(Cl)cc5)CCOC4)CC3)cc2)cc1[N+](=O)[O-],2.4,0.0,0.0,1,0,Ki,50436075
Cc1cc2cc(Oc3cc(N4CCN(CC5=C(c6ccc(Cl)cc6)CC(C)(C)CC5)CC4)ccc3C(=O)NS(=O)(=O)c3ccc(NCCCN4CCOCC4)c([N+](=O)[O-])c3)ccc2[nH]1,2.474,0.0,0.0,2,0,Ki,"281337,387583"
Nc1ccc(Oc2cc(N3CCN(Cc4ccccc4-c4ccc(Cl)cc4)CC3)ccc2C(=O)NS(=O)(=O)c2ccc(NCC3CCOCC3)c([N+](=O)[O-])c2)cc1,2.487,0.0,0.0,2,0,Ki,"281351,387597"
[C]N([C])[C][C][C@H]([C]Sc1ccccc1)[N]c1ccc(S(=O)(=O)[N]C(=O)c2ccc(N3[C][C]C(=[C]c4ccccc4F)[C][C]3)cc2)cc1[N+](=O)[O-],2.5,0.0,0.0,1,0,Ki,38811
COc1ccc(Nc2ccc(S(=O)(=O)NC(=O)c3ccc(N4CCN(CC5=C(c6ccc(Cl)cc6)CC(C)(C)CC5)CC4)cc3Oc3ccc4[nH]ccc4c3)cc2[N+](=O)[O-])cc1O,2.507,0.0,0.0,1,0,Ki,325097
CN1CCC(Nc2ccc(S(=O)(=O)NC(=O)c3ccc(N4CCN(Cc5cc6c(cc5-c5ccc(Cl)cc5)OCO6)CC4)cc3Oc3ccccc3Cl)cc2[N+](=O)[O-])CC1,2.53,0.0,0.0,2,0,Ki,"281511,387760"
CN(C)CCCNc1ccc(S(=O)(=O)NC(=O)c2ccc(N3CCN(Cc4ccccc4-c4ccc(Cl)cc4)CC3)cc2Oc2cccc(OCc3ccccc3)c2)cc1[N+](=O)[O-],2.569,0.0,0.0,2,0,Ki,"281425,387671"
CO[C@H]1C[C@H](Nc2ccc(S(=O)(=O)NC(=O)c3ccc(N4CCN5CC6=C(c7ccc(Cl)cc7)CC(C)(C)C[C@H]6OCCCOC[C@@H]5C4)cc3N3CCCOc4nc5[nH]ccc5cc43)cc2[N+](=O)[O-])C1,2.59,0.010000000000000009,0.007071067811865481,2,0,Ki,"1406242,51565556"
COC1CC(Nc2ccc(S(=O)(=O)NC(=O)c3ccc(N4CCN5CC6=C(c7ccc(Cl)cc7)CC(C)(C)CC6OCCCOC[C@@H]5C4)cc3N3CCCOc4nc5[nH]ccc5cc43)cc2[N+](=O)[O-])C1,2.58,0.0,0.0,1,0,Ki,1498013
COC1CO[C@H](CNc2ccc(S(=O)(=O)NC(=O)c3ccc(N4CCN5CC6=C(c7ccc(Cl)cc7)CC(C)(C)C[C@H]6OCCCOC[C@@H]5C4)cc3N3CCCOc4nc5[nH]ccc5cc43)cc2[N+](=O)[O-])C1,2.59,0.0,0.0,1,0,Ki,1406240
COC1COC(CNc2ccc(S(=O)(=O)NC(=O)c3ccc(N4CCN5CC6=C(c7ccc(Cl)cc7)CC(C)(C)CC6OCCCOC[C@@H]5C4)cc3N3CCCOc4nc5[nH]ccc5cc43)cc2[N+](=O)[O-])C1,2.59,0.0,0.0,1,0,Ki,1498011
O=C(NS(=O)(=O)c1ccc(NCC2CCOCC2)c([N+](=O)[O-])c1)c1ccc(N2CCN(Cc3ccccc3-c3ccc(Cl)cc3)CC2)cc1Oc1ccc(Cl)cc1,2.592,0.0,0.0,2,0,Ki,"281340,387586"
COC1(Cc2ccc(Cl)cc2)CCN(c2ccc(C(=O)NS(=O)(=O)c3ccc(N[C@H](CCN(C)C)CSc4ccccc4)c([N+](=O)[O-])c3)cc2)CC1,2.7,0.0,0.0,1,0,Ki,38804
CC1(C)CCC(CN2CCN(c3ccc(C(=O)NS(=O)(=O)c4ccc5ccccc5c4)c(Oc4cnc5[nH]ccc5c4)c3)CC2)=C(c2ccc(Cl)cc2)C1,2.7999999999999994,4.440892098500626e-16,2.563950248511419e-16,4,1,Ki,"1179860,1372745,704606"
COCCCNc1ccc(S(=O)(=O)NC(=O)c2ccc(N3CCN(CC4=C(c5ccc(Cl)cc5)CC(C)(C)CC4)CC3)cc2Oc2ccc3[nH]ccc3c2)cc1[N+](=O)[O-],2.798,0.0,0.0,1,0,Ki,325023
CC1(C)CCC(CN2CCN(c3ccc(C(=O)NS(=O)(=O)c4ccc(NCC5CCOCC5)c([N+](=O)[O-])c4)c(Oc4ccc(NS(C)(=O)=O)nc4)c3)CC2)=C(c2ccc(Cl)cc2)C1,2.822,0.0,0.0,2,0,Ki,"281679,387931"
CN1CCC(Nc2ccc(S(=O)(=O)NC(=O)c3ccc(N4CCN(CC5=C(c6ccc(Cl)cc6)CC(C)(C)CC5)CC4)cc3Nc3ccccc3Cl)cc2[N+](=O)[O-])CC1,2.833,0.0,0.0,2,0,Ki,"281555,387805"
CC1(C)CCC(CN2CCN(c3ccc(C(=O)NS(=O)(=O)c4ccc(NCC5CCOCC5)c([N+](=O)[O-])c4)c(Oc4cnc(N)c(C(N)=O)c4)c3)CC2)=C(c2ccc(Cl)cc2)C1,2.843,0.0,0.0,2,0,Ki,"281674,387926"
CN1CCC(Nc2ccc(S(=O)(=O)NC(=O)c3ccc(N4CCN(CC5=C(c6ccc(Cl)cc6)CCC5)CC4)cc3Oc3cccc4[nH]ccc34)cc2[N+](=O)[O-])CC1,2.89,0.0,0.0,1,0,Ki,324864
CC1(C)CCC(CN2CCN(c3ccc(C(=O)NS(=O)(=O)c4ccc(NCC5CCOCC5)c([N+](=O)[O-])c4)c(Oc4cccc5c4CCNC5)c3)CC2)=C(c2ccc(Cl)cc2)C1,2.923,0.0,0.0,1,0,Ki,325102
CN(C)CCCNc1ccc(S(=O)(=O)NC(=O)c2ccc(N3CCN(CC4=C(c5ccc(Cl)cc5)CC(C)(C)CC4)CC3)cc2Oc2ccc3[nH]ccc3c2)cc1C(F)(F)F,2.942,0.0,0.0,1,0,Ki,324883
CC1(C)CCC(CN2CCN(c3ccc(C(=O)NS(=O)(=O)c4ccc(NC5CCN(C6CCOCC6)CC5)c([N+](=O)[O-])c4)c(Oc4cccc5[nH]c(C(F)(F)F)cc45)c3)CC2)=C(c2ccc(Cl)cc2)C1,2.954,0.0,0.0,2,0,Ki,"281542,387791"
CC1(C)CCC(CN2CCN(c3ccc(C(=O)NS(=O)(=O)c4ccc(NN5CCOCC5)c([N+](=O)[O-])c4)c(Oc4cccc5[nH]ccc45)c3)CC2)=C(c2ccc(Cl)cc2)C1,3.001,0.0,0.0,1,0,Ki,324970
CC1(C)CCC(CN2CCN(c3ccc(C(=O)NS(=O)(=O)c4ccc(NCCCN5CCCC5)c([N+](=O)[O-])c4)c(Oc4cccc5[nH]ccc45)c3)CC2)=C(c2cccc(F)c2)C1,3.022,0.0,0.0,1,0,Ki,324799
CN(C)CCCNc1ccc(S(=O)(=O)NC(=O)c2ccc(N3CCN(Cc4ccccc4-c4ccc(Cl)cc4)CC3)cc2Oc2cccc3c2ccn3C)cc1[N+](=O)[O-],3.039,0.0,0.0,2,0,Ki,"281349,387595"
CC1(C)CCC(CN2CCN(c3ccc(C(=O)NS(=O)(=O)c4ccc(OCCC5CCOCC5)c([N+](=O)[O-])c4)c(Oc4cccc5[nH]ccc45)c3)CC2)=C(c2ccc(Cl)cc2)C1,3.066,0.0,0.0,1,0,Ki,325020
O=C(NS(=O)(=O)c1ccc(NC2CCC(N3CCOCC3)CC2)c(S(=O)(=O)C(F)(F)F)c1)c1ccc(N2CCN(CC3=C(c4ccc(Cl)cc4)CCOCC3)CC2)cc1Oc1cc2cc[nH]c2cc1Cl,3.094,0.0,0.0,1,0,Ki,387889
COC1(Cc2ccccc2F)CCN(c2ccc(C(=O)NS(=O)(=O)c3ccc(N[C@H](CCN(C)C)CSc4ccccc4)c([N+](=O)[O-])c3)cc2)CC1,3.1,0.0,0.0,1,0,Ki,38805
CN1CCN(Nc2ccc(S(=O)(=O)NC(=O)c3ccc(N4CCN(CC5=C(c6ccc(Cl)cc6)CC(C)(C)CC5)CC4)cc3Oc3cccc4[nH]cc(Cl)c34)cc2[N+](=O)[O-])CC1,3.181,0.0,0.0,2,0,Ki,"281610,387861"
COc1ccccc1CN1CCN(c2ccc(C(=O)NS(=O)(=O)c3ccc(N[C@H](CCN(C)C)CSc4ccccc4)c([N+](=O)[O-])c3)cc2)CC1,3.2,0.0,0.0,1,0,Ki,38823
CC(=O)Nc1cccc(Oc2cc(N3CCN(CC4=C(c5ccc(Cl)cc5)CC(C)(C)CC4)CC3)ccc2C(=O)NS(=O)(=O)c2ccc(NC3CCN(C4CCOCC4)CC3)c([N+](=O)[O-])c2)c1,3.283,0.0,0.0,2,0,Ki,"281551,387801"
CCN(CC)C[C@@H](O)CNc1ccc(NC[C@H]2CO2)c2c1C(=O)c1ccccc1C2=O,3.3,0.0,0.0,1,0,Ki,51462825
CC1(C)CCC(CN2CCN(c3ccc(C(=O)NS(=O)(=O)c4ccc(N5CCOCC5)c([N+](=O)[O-])c4)c(Oc4ccc5[nH]ccc5c4)c3)CC2)=C(c2ccc(Cl)cc2)C1,3.314,0.0,0.0,1,0,Ki,324977
COc1ccc(Cn2nnc3c(Oc4cc(N5CCN(CC6=C(c7ccc(Cl)cc7)CC(C)(C)CC6)CC5)ccc4C(=O)NS(=O)(=O)c4ccc(NCC5CCOCC5)c([N+](=O)[O-])c4)cccc32)cc1,3.34,0.0,0.0,2,0,Ki,"281665,387917"
[C]N([C])[C][C][C@H]([C]Sc1ccccc1)[N]c1ccc(S(=O)(=O)[N]C(=O)c2ccc(N3[C][C]C(=[C]c4ccc(F)cc4)[C][C]3)cc2)cc1[N+](=O)[O-],3.4,0.0,0.0,1,0,Ki,38793
O=C(NS(=O)(=O)c1ccc(NCC2CCOCC2)c([N+](=O)[O-])c1)c1ccc(N2CCN(Cc3ccccc3-c3ccc(Cl)cc3)CC2)cc1Oc1cccc([N+](=O)[O-])c1,3.451,0.0,0.0,2,0,Ki,"281341,387587"
COCCNc1ccc(S(=O)(=O)NC(=O)c2ccc(N3CCN(CC4=C(c5ccc(Cl)cc5)CC(C)(C)CC4)CC3)cc2Oc2ccc3[nH]ccc3c2)cc1S(=O)(=O)C(F)(F)F,3.4604,0.0004898979485565817,0.0002190890230020423,5,0,Ki,"1180018,1372824,325021,339642,704685"
C#Cc1cc(S(=O)(=O)NC(=O)c2ccc(N3CCN(CC4=C(c5ccc(Cl)cc5)CC(C)(C)OC4)CC3)cc2Oc2cc3cc[nH]c3cc2F)cnc1OCC1CCOCC1,3.484,0.0,0.0,2,0,Ki,"281646,387898"
CN(C)CC[C@H](CSc1ccccc1)Nc1ccc(S(=O)(=O)NC(=O)c2ccc(N3CCN(Cc4ccccc4NC4CCCCC4)CC3)cc2)cc1[N+](=O)[O-],3.5,0.0,0.0,1,0,Ki,38826
O=C(NS(=O)(=O)c1ccc(NCC2CCOCC2)c(S(=O)(=O)C(F)(F)F)c1)c1ccc(N2CCN(Cc3ccccc3-c3ccc(Cl)cc3)CC2)cc1Oc1ccc2[nH]ccc2c1,3.516,0.0,0.0,1,0,Ki,324791
C#Cc1cc(S(=O)(=O)NC(=O)c2ccc(N3CCN(CC4=C(c5ccc(Cl)cc5)CC(C)(C)CC4)CC3)cc2Oc2cccc3[nH]ccc23)cnc1OCC1CCOCC1,3.54,0.0,0.0,1,0,Ki,325094
CN(C)C(=O)COc1cccc(Oc2cc(N3CCN(Cc4ccccc4-c4ccc(Cl)cc4)CC3)ccc2C(=O)NS(=O)(=O)c2ccc(NCC3CCOCC3)c([N+](=O)[O-])c2)c1,3.567,0.0,0.0,2,0,Ki,"281438,387684"
CC1(C)CCC(CN2CCN(c3ccc(C(=O)NS(=O)(=O)c4ccc(NC5CCC(F)(F)CC5)c([N+](=O)[O-])c4)c(Oc4ccc5[nH]ccc5c4)c3)CC2)=C(c2ccc(Cl)cc2)C1,3.684,0.0,0.0,1,0,Ki,325011
CC(C)n1cc(CN2CCN(c3ccc(C(=O)NS(=O)(=O)c4ccc(NCC5CCOCC5)c([N+](=O)[O-])c4)c(Oc4ccc5[nH]ccc5c4)c3)CC2)c(-c2ccc(Cl)cc2)cc1=O,3.727,0.0,0.0,1,0,Ki,325013
CC1(C)CCC(CN2CCN(c3ccc(C(=O)NS(=O)(=O)c4ccc(OCC5(F)CCOCC5)c(S(=O)(=O)C(F)(F)F)c4)c(Oc4cnc(N)c(Cl)c4)c3)CC2)=C(c2ccc(Cl)cc2)C1,3.779,0.0,0.0,2,0,Ki,"281671,387923"
Cc1c(C(=O)O)c(-c2cccc(N3CCN(c4ccc(NS(=O)(=O)c5ccc(N[C@H](CCN6CCCCC6)CSc6ccccc6)c(S(=O)(=O)C(F)(F)F)c5)cc4)CC3)c2)c(-c2ccc(Cl)cc2)n1C,3.8,0.0,0.0,1,0,Ki,50969067
CC1(C)CCC(CN2CCN(c3ccc(C(=O)NS(=O)(=O)c4ccc5nc[nH]c(=O)c5c4)c(Oc4cnc5[nH]ccc5c4)c3)CC2)=C(c2ccc(Cl)cc2)C1,3.9599999999999995,4.440892098500626e-16,2.563950248511419e-16,4,1,Ki,"1179972,1372801,704662"
COc1cccc(Oc2cc(N3CCN(Cc4ccccc4-c4ccc(Cl)cc4)CC3)ccc2C(=O)NS(=O)(=O)c2ccc(NCC3CCOCC3)c([N+](=O)[O-])c2)c1,3.965,0.0,0.0,2,0,Ki,"281353,387599"
O=C(NS(=O)(=O)c1ccc(NCC2CCOCC2)c([N+](=O)[O-])c1)c1ccc(N2CCN(Cc3cc(N4CCOCC4)ccc3-c3ccc(Cl)cc3)CC2)cc1Oc1cccc2[nH]ccc12,3.966,0.0,0.0,1,0,Ki,324908
CN(C)CCCNc1ccc(S(=O)(=O)NC(=O)c2ccc(N3CCN(Cc4ccccc4-c4ccc(Cl)cc4)CC3)cc2Oc2ccccc2)cc1C(F)(F)F,4.375,0.0,0.0,1,0,Ki,324813
COCCNc1ccc(S(=O)(=O)NC(=O)c2ccc(N3CCN(CC4=C(c5ccc(Cl)cc5)CC(C)(C)CC4)CC3)cc2Oc2cccc3[nH]ccc23)cc1S(=O)(=O)C(F)(F)F,4.417,0.0,0.0,1,0,Ki,325015
O=C(NS(=O)(=O)c1ccc(NC2CCN(S(=O)(=O)c3ccccc3)CC2)c([N+](=O)[O-])c1)c1ccc(N2CCN(Cc3ccccc3-c3ccc(Cl)cc3)CC2)cc1Oc1ccccc1,4.454,0.0,0.0,1,0,Ki,324873
Cc1ccccc1CN1CCN(c2ccc(C(=O)NS(=O)(=O)c3ccc(N[C@H](CCN(C)C)CSc4ccccc4)c([N+](=O)[O-])c3)cc2)CC1,4.5,0.0,0.0,1,0,Ki,38821
C#Cc1cc(S(=O)(=O)NC(=O)c2ccc(N3CCN(CC4=C(c5ccc(Cl)cc5)CC(C)(C)CC4)CC3)cc2Oc2cc3cc[nH]c3cc2F)cnc1OCC1CCOCC1,4.53,0.0,0.0,2,0,Ki,"281645,387897"
CC(C)c1cc(Oc2cc(N3CCN(CC4=C(c5ccc(Cl)cc5)CC(C)(C)CC4)CC3)ccc2C(=O)NS(=O)(=O)c2ccc(NCC3CCOCC3)c([N+](=O)[O-])c2)cnc1N,4.551,0.0,0.0,2,0,Ki,"281688,387940"
O=C(NS(=O)(=O)c1ccc(NC2CCC(N3CCOCC3)CC2)c([N+](=O)[O-])c1)c1ccc(N2CCN(CC3=C(c4ccc(Cl)cc4)CCOCC3)CC2)cc1Oc1cc2cc[nH]c2cc1Cl,4.555,0.0,0.0,1,0,Ki,387890
O=C(NS(=O)(=O)c1ccc(NCCCN2CCOCC2)c(S(=O)(=O)C(F)(F)F)c1)c1ccc(N2CCN(Cc3ccccc3-c3ccc(Cl)cc3)CC2)cc1Oc1cccc2[nH]ccc12,4.558,0.0,0.0,1,0,Ki,324793
Cc1c(C(=O)O)c(-c2cccc(N3CCN(c4ccc(NS(=O)(=O)c5ccc(N[C@H](CCN6CCC(C)(O)CC6)CSc6ccccc6)c(S(=O)(=O)C(F)(F)F)c5)cc4)CC3)c2)c(-c2ccc(Cl)cc2)n1C,4.6,0.0,0.0,1,0,Ki,50969064
CN(C)CC[C@H](CSc1ccccc1)Nc1ccc(S(=O)(=O)NC(=O)c2ccc(N3CCN(Cc4ccccc4S(C)(=O)=O)CC3)cc2)cc1[N+](=O)[O-],4.6,0.0,0.0,1,0,Ki,38825
CC1(C)CCC(CN2CCN(c3ccc(C(=O)NS(=O)(=O)c4ccc(NCC5CCOCC5)c(C#N)c4)c(Oc4ccc5[nH]ccc5c4)c3)CC2)=C(c2ccc(Cl)cc2)C1,4.608,0.0,0.0,1,0,Ki,325071
CC1(C)CCC(CN2CCN(c3ccc(C(=O)NS(=O)(=O)c4ccc(NC5CCN(C6Cc7ccccc7C6)CC5)c([N+](=O)[O-])c4)c(Oc4ccc5[nH]ccc5c4)c3)CC2)=C(c2ccc(Cl)cc2)C1,4.669,0.0,0.0,1,0,Ki,324937
O=C(NS(=O)(=O)c1ccc(NCC2CCOCC2)c([N+](=O)[O-])c1)c1ccc(N2CCN(Cc3ccccc3-c3ccc(Cl)cc3)CC2)cc1Oc1ccc2c(c1)CCN2,4.726,0.0,0.0,1,0,Ki,324856
CN1CCC(Nc2ccc(S(=O)(=O)NC(=O)c3ccc(N4CCN(CC5=C(c6ccc(Cl)cc6)CC(C)(C)CC5)CC4)cc3Oc3cccc4[nH]c5ccccc5c34)cc2[N+](=O)[O-])CC1,4.92,0.0,0.0,4,0,Ki,"1179846,1372738,339558,704599"
COC(=O)CN/C=C1\C(=O)C(O)=C(C(C)C)c2cc(C)c(-c3c(C)cc4c(c3O)/C(=C/NC(=O)OC)C(=O)C(O)=C4C(C)C)c(O)c21,5.0,0.0,0.0,1,0,Ki,50527941
CC1(C)CCC(CN2CCN(c3ccc(C(=O)NS(=O)(=O)c4ccc(NCC5CCN(C(=O)OCc6ccccc6)CC5)c([N+](=O)[O-])c4)c(Oc4ccc5[nH]ccc5c4)c3)CC2)=C(c2ccc(Cl)cc2)C1,5.015,0.0,0.0,1,0,Ki,325060
O=C(NS(=O)(=O)c1ccc(NCC2CCOCC2)c([N+](=O)[O-])c1)c1ccc(N2CCN(Cc3ccccc3-c3ccc(Cl)cc3)CC2)cc1Oc1cccc(-c2ccccc2)c1,5.263,0.0,0.0,2,0,Ki,"281419,387665"
CC1(C)CCC(CN2CCN(c3ccc(C(=O)NS(=O)(=O)c4ccc(NCC5CCOCC5)c([N+](=O)[O-])c4)c(Oc4ccc(NC5CC5)nc4)c3)CC2)=C(c2ccc(Cl)cc2)C1,5.337,0.0,0.0,2,0,Ki,"281697,387949"
O=C(NS(=O)(=O)c1ccc(NC2CCN(C3CCOCC3)CC2)c([N+](=O)[O-])c1)c1ccc(N2CCN(Cc3ccc(C(F)(F)F)cc3-c3ccc(Cl)cc3)CC2)cc1Oc1ccc2[nH]ccc2c1,5.417,0.0,0.0,1,0,Ki,325062
CN1CCC(Nc2ccc(S(=O)(=O)NC(=O)c3ccc(N4CCN(CC5=C(c6ccc(Cl)cc6)CC(C)(C)CC5)CC4)cc3Oc3ccc4[nH]ncc4c3)cc2[N+](=O)[O-])CC1,5.428,0.0,0.0,1,0,Ki,324759
N#Cc1cccc(Oc2cc(N3CCN(Cc4ccccc4-c4ccc(Cl)cc4)CC3)ccc2C(=O)NS(=O)(=O)c2ccc(NCC3CCOCC3)c([N+](=O)[O-])c2)c1,5.455,0.0,0.0,2,0,Ki,"281355,387601"
CC1(C)CCC(CN2CCN(c3ccc(C(=O)NS(=O)(=O)c4ccc(NCC5CCOCC5)c(C#N)c4)c(Oc4cccc5[nH]ccc45)c3)CC2)=C(c2ccc(Cl)cc2)C1,5.457,0.0,0.0,1,0,Ki,325070
CC(=O)Nc1cccc(Oc2cc(N3CCN(Cc4ccccc4-c4ccc(Cl)cc4)CC3)ccc2C(=O)NS(=O)(=O)c2ccc(NCC3CCOCC3)c([N+](=O)[O-])c2)c1,5.578,0.0,0.0,2,0,Ki,"281350,387596"
CC(=O)Nc1cccc(Oc2cc(N3CCN(CC4=C(c5ccc(Cl)cc5)CC(C)(C)CC4)CC3)ccc2C(=O)NS(=O)(=O)c2ccc(NC3CCN(C)CC3)c([N+](=O)[O-])c2)c1,5.603,0.0,0.0,2,0,Ki,"281550,387800"
O=C(NS(=O)(=O)c1ccc(NCC2CCOCC2)c(S(=O)(=O)C(F)(F)F)c1)c1ccc(N2CCN(Cc3ccccc3-c3ccc(Cl)cc3)CC2)cc1Oc1ccccc1,5.616,0.0,0.0,1,0,Ki,324877
CC(C)(C)OC(=O)Nc1cccc(Oc2cc(N3CCN(Cc4ccccc4-c4ccc(Cl)cc4)CC3)ccc2C(=O)NS(=O)(=O)c2ccc(NCC3CCOCC3)c([N+](=O)[O-])c2)c1,5.626,0.0,0.0,2,0,Ki,"281418,387664"
Cn1ccc2c(Oc3cc(N4CCN(Cc5ccccc5-c5ccc(Cl)cc5)CC4)ccc3C(=O)NS(=O)(=O)c3ccc(NCCCN4CCOCC4)c([N+](=O)[O-])c3)cccc21,5.934,0.0,0.0,2,0,Ki,"281401,387647"
CC1(C)CCC(CN2CCN(c3ccc(C(=O)NS(=O)(=O)c4cnc(NCC5CCOCC5)c(Br)c4)c(Oc4ccc5[nH]ccc5c4)c3)CC2)=C(c2ccc(Cl)cc2)C1,5.97,0.0,0.0,1,0,Ki,325054
Cc1c(-c2ccc(N3CCc4cccc(C(=O)Nc5nc6ccccc6s5)c4C3)nc2C(=O)O)cnn1CC12CC3CC(CC(C3)C1)C2,6.05,0.04999999999999982,0.03535533905932725,2,0,Ki,"50490142,51389597"
CC1(C)CCC(CN2CCN(c3ccc(C(=O)NS(=O)(=O)c4ccc(NCC5CCOCC5)c([N+](=O)[O-])c4)c(Oc4cnc(N)c(C5CC5)c4)c3)CC2)=C(c2ccc(Cl)cc2)C1,6.052,0.0,0.0,2,0,Ki,"281689,387941"
CC1(C)CCC(CN2CCN(c3ccc(C(=O)NS(=O)(=O)c4ccc(NC5(CO)CCOCC5)c([N+](=O)[O-])c4)c(Oc4cccc5[nH]ccc45)c3)CC2)=C(c2ccc(Cl)cc2)C1,6.091,0.0,0.0,1,0,Ki,324949
Cc1ccc(S(=O)(=O)N2CCN(c3ccc(C(=O)NS(=O)(=O)c4ccc(N[C@H](CCN(C)C)CSc5ccccc5)c([N+](=O)[O-])c4)cc3)CC2)cc1,6.1,0.0,0.0,1,0,Ki,38796
O=C(NS(=O)(=O)c1ccc(NCC2CCOCC2)c([N+](=O)[O-])c1)c1ccc(N2CCN(Cc3ccccc3-c3ccc(Cl)cc3)CC2)cc1Oc1cccc(N2CCOCC2)c1,6.111,0.0,0.0,2,0,Ki,"281422,387668"
COC1CCN(c2ccc(S(=O)(=O)NC(=O)c3ccc(N4CCN(CC5=C(c6ccc(Cl)cc6)CC(C)(C)CC5)CC4)cc3Oc3ccc4[nH]ccc4c3)cc2[N+](=O)[O-])CC1,6.156,0.0,0.0,1,0,Ki,324978
CC1(C)CCC(CN2CCN(c3ccc(C(=O)NS(=O)(=O)c4ccc(NCCCN5CCOCC5)c([N+](=O)[O-])c4)c(Oc4ccc5c(c4)CCCN5)c3)CC2)=C(c2ccc(Cl)cc2)C1,6.218,0.0,0.0,1,0,Ki,324760
CC1(C)CCC(CN2CCN(c3ccc(C(=O)NS(=O)(=O)c4ccc(NCC5CCOCC5)c([N+](=O)[O-])c4)c(Oc4cnc5[nH]ccc5c4Cl)c3)CC2)=C(c2ccc(Cl)cc2)C1,6.233,0.0,0.0,2,0,Ki,"281707,387959"
CC1(C)CCC(CN2CCN(c3ccc(C(=O)NS(=O)(=O)c4ccc(NCCCN5CCCC5)c([N+](=O)[O-])c4)c(Oc4cccc5[nH]ccc45)c3)CC2)=C(c2cccc(C(F)(F)F)c2)C1,6.233,0.0,0.0,1,0,Ki,324798
CN(C)CCC(CSc1ccccc1)Nc1ccc(S(=O)(=O)NC(=O)c2ccc(N3CCC4(CC3)C[C-](Cc3ccccc3)N=[O+]4)cc2)cc1[N+](=O)[O-],6.5,0.0,0.0,1,0,Ki,38791
COC1(CC2CCCCC2)CCN(c2ccc(C(=O)NS(=O)(=O)c3ccc(N[C@H](CCN(C)C)CSc4ccccc4)c([N+](=O)[O-])c3)cc2)CC1,6.6,0.0,0.0,1,0,Ki,38801
CN(C)CCCNc1ccc(S(=O)(=O)NC(=O)c2ccc(N3CCN(Cc4ccccc4-c4ccc(Cl)cc4)CC3)cc2Oc2ccc3cc[nH]c3c2)cc1[N+](=O)[O-],6.63,0.0,0.0,1,0,Ki,324778
CN1CCC(Nc2ccc(S(=O)(=O)NC(=O)c3ccc(N4CCN(CC5=C(c6ccc(Cl)cc6)CC(C)(C)CC5)CC4)cc3Oc3ccc4c(c3)CCCN4)cc2[N+](=O)[O-])CC1,6.639,0.0,0.0,1,0,Ki,324761
CCN1CCCC1CNC(=O)c1cc(S(=O)(=O)NC(=O)c2ccc(N3CCN(Cc4ccccc4-c4ccc(Cl)cc4)CC3)cc2Oc2ccccc2)ccc1OC,6.684,0.0,0.0,1,0,Ki,324770
CNC(=O)c1cccc(Oc2cc(N3CCN(Cc4ccccc4-c4ccc(Cl)cc4)CC3)ccc2C(=O)NS(=O)(=O)c2ccc(NCCCN3CCOCC3)c([N+](=O)[O-])c2)c1,6.755,0.0,0.0,2,0,Ki,"281436,387682"
O=C(NS(=O)(=O)c1ccc(NCC2CCOCC2)c([N+](=O)[O-])c1)c1ccc(N2CCN(Cc3ccccc3-c3ccc(Cl)cc3)CC2)cc1Oc1ccccc1,6.773,0.0,0.0,1,0,Ki,324755
CC1(C)CCC(CN2CCN(c3ccc(C(=O)NS(=O)(=O)c4cnc(NCC5CCOCC5)c(C#N)c4)c(Oc4ccc5[nH]ccc5c4)c3)CC2)=C(c2ccc(Cl)cc2)C1,6.825,0.0,0.0,1,0,Ki,325056
CC1(C)CCC(CN2CCN(c3ccc(C(=O)NS(=O)(=O)c4ccc(NC5CCN(C6Cc7ccccc7C6)CC5)c([N+](=O)[O-])c4)c(Oc4cccc5[nH]ccc45)c3)CC2)=C(c2ccc(Cl)cc2)C1,6.831,0.0,0.0,1,0,Ki,324936
CN1CCC(Nc2ccc(S(=O)(=O)NC(=O)c3ccc(N4CCN(CC5=C(c6ccc(Cl)cc6)CC(C)(C)CC5)CC4)cc3Oc3c(F)cccc3Cl)cc2[N+](=O)[O-])CC1,6.935,0.0,0.0,2,0,Ki,"281482,387729"
Cn1ncc(-c2ccc(Cl)cc2)c1CN1CCN(c2ccc(C(=O)NS(=O)(=O)c3ccc(NCC4CCOCC4)c([N+](=O)[O-])c3)c(Oc3ccc4[nH]ccc4c3)c2)CC1,6.994,0.0,0.0,1,0,Ki,324992
CC1(C)CCC(CN2CCN(c3ccc(C(=O)NS(=O)(=O)c4ccc(NC5CCN(C6CCOCC6)CC5)c([N+](=O)[O-])c4)c(-c4ccc(N)nc4)c3)CC2)=C(c2ccc(Cl)cc2)C1,7.013,0.0,0.0,2,0,Ki,"281580,387830"
CC1(C)CCC(CN2CCN(c3ccc(C(=O)NS(=O)(=O)c4ccc(S(=O)(=O)N5CCOCC5)cc4)c(Oc4ccc5[nH]ccc5c4)c3)CC2)=C(c2ccc(Cl)cc2)C1,7.128,0.0,0.0,1,0,Ki,325065
Cc1nc(C)c(-c2cccc(Oc3cc(N4CCN(Cc5ccccc5-c5ccc(Cl)cc5)CC4)ccc3C(=O)NS(=O)(=O)c3ccc(NCCCN4CCOCC4)c([N+](=O)[O-])c3)c2)s1,7.173,0.0,0.0,2,0,Ki,"281366,387612"
CCCn1c(C)c(C(=O)O)c(-c2cccc(N3CCN(c4ccc(NS(=O)(=O)c5ccc(N[C@H](CCN6CCC(O)CC6)CSc6ccccc6)c(S(=O)(=O)C(F)(F)F)c5)cc4)CC3)c2)c1-c1ccc(Cl)cc1,7.5,0.0,0.0,1,0,Ki,50969061
CC1(C)CCC(CN2CCN(c3ccc(C(=O)NS(=O)(=O)c4ccc(NCC5CCOCC5)c([N+](=O)[O-])c4)c(Oc4ccnc(NC(=O)OC(C)(C)C)c4)c3)CC2)=C(c2ccc(Cl)cc2)C1,7.55,0.0,0.0,2,0,Ki,"281604,387855"
CC1(C)CCC(CN2CCN(c3ccc(C(=O)NS(=O)(=O)c4ccc(NC5CCN(C6CCOCC6)CC5)c([N+](=O)[O-])c4)c(Nc4ccccc4Cl)c3)CC2)=C(c2ccc(Cl)cc2)C1,7.586,0.0,0.0,2,0,Ki,"281552,387802"
O=C(NS(=O)(=O)c1ccc(OCC2CCOCC2)c([N+](=O)[O-])c1)c1ccc(N2CCN(Cc3ccc(C(F)(F)F)cc3-c3ccc(Cl)cc3)CC2)cc1Oc1ccc2[nH]ccc2c1,7.593,0.0,0.0,1,0,Ki,325044
C[C@H](c1ccccc1-c1ccc(Cl)cc1)N1CCN(c2ccc(C(=O)NS(=O)(=O)c3ccc(NCC4CCOCC4)c([N+](=O)[O-])c3)c(Oc3cccc4[nH]ccc34)c2)CC1,7.834,0.0,0.0,1,0,Ki,324963
COC1(Cc2ccccc2)CCN(c2ccc(C(=O)NS(=O)(=O)c3ccc(N[C@H](CCN(C)C)CSc4ccccc4)c([N+](=O)[O-])c3)cc2)CC1,8.1,0.0,0.0,1,0,Ki,38789
O=C(NS(=O)(=O)c1ccc(NCCCN2CCOCC2)c([N+](=O)[O-])c1)c1ccc(N2CCN(Cc3ccccc3-c3ccc(Cl)cc3)CC2)cc1Oc1cccc(N2CCOCC2)c1,8.246,0.0,0.0,2,0,Ki,"281402,387648"
CC1(C)CCC(CN2CCN(c3ccc(C(=O)NS(=O)(=O)c4cnc(OCC5CCOCC5)c(-c5nccs5)c4)c(Oc4ccc5[nH]ccc5c4)c3)CC2)=C(c2ccc(Cl)cc2)C1,8.266,0.0,0.0,1,0,Ki,325035
Cc1nc2ccc(Oc3cc(N4CCN(Cc5ccccc5-c5ccc(Cl)cc5)CC4)ccc3C(=O)NS(=O)(=O)c3ccc(NCC4CCOCC4)c([N+](=O)[O-])c3)cc2s1,8.27,0.0,0.0,2,0,Ki,"281356,387602"
CC1(C)CCC(CN2CCN(c3ccc(C(=O)NS(=O)(=O)c4ccc(NCC5CCOCC5)c([N+](=O)[O-])c4)c(Oc4cc(N)nc(N)c4)c3)CC2)=C(c2ccc(Cl)cc2)C1,8.274,0.0,0.0,2,0,Ki,"281703,387955"
CN(C)Cc1cccc(Oc2cc(N3CCN(Cc4ccccc4-c4ccc(Cl)cc4)CC3)ccc2C(=O)NS(=O)(=O)c2ccc(NCC3CCOCC3)c([N+](=O)[O-])c2)c1,8.354,0.0,0.0,2,0,Ki,"281334,387580"
CC(C)[C@H](CO)Nc1ccc(S(=O)(=O)NC(=O)c2ccc(N3CCN(CC4=C(c5ccc(Cl)cc5)CC(C)(C)CC4)CC3)cc2Oc2ccc3[nH]ccc3c2)cc1[N+](=O)[O-],8.376,0.0,0.0,1,0,Ki,325075
CN(C)CC[C@H](CSc1ccccc1)Nc1ccc(S(=O)(=O)Nc2ccc(N3CCN(c4ccc(-c5c(-c6ccc(Cl)cc6)cn(CC[C@H](O)CO)c5C(=O)NCCCN5CCN(C)CC5)cc4)CC3)cc2)cc1[N+](=O)[O-],8.5,0.0,0.0,1,0,Ki,50947925
CC1(C)CCC(CN2CCN(c3ccc(C(=O)NS(=O)(=O)c4ccc(NCN5CCN(Cc6nccs6)CC5)c([N+](=O)[O-])c4)c(Oc4ccc5[nH]ccc5c4)c3)CC2)=C(c2ccc(Cl)cc2)C1,8.819,0.0,0.0,1,0,Ki,235384
[C]N([C])[C][C][C@H]([C]Sc1ccccc1)[N]c1ccc(S(=O)(=O)[N]C(=O)c2ccc(N3[C][C]C(=[C]c4ccc(C(F)(F)F)cc4)[C][C]3)cc2)cc1[N+](=O)[O-],9.4,0.0,0.0,1,0,Ki,38815
CC[C@H](C)[C@H](NC(C)=O)C(=O)N[C@@H](C)C(=O)N[C@@H](CCC(N)=O)C(=O)N[C@@H](CCC(=O)O)C(=O)N[C@@H](CCCNC(=N)N)C(=O)N[C@@H](CCCNC(=N)N)C(=O)N[C@H](C(=O)NCC(=O)N[C@@H](CC(=O)O)C(=O)N[C@@H](CCC(=O)O)C(=O)N[C@@H](Cc1ccccc1)C(N)=O)[C@@H](C)CC,9.5,0.0,0.0,1,0,Ki,51512266
CC(=O)Nc1ccc(Oc2cc(N3CCN(CC4=C(c5ccc(Cl)cc5)CC(C)(C)CC4)CC3)ccc2C(=O)NS(=O)(=O)c2ccc(NCC3CCOCC3)c([N+](=O)[O-])c2)cn1,9.567,0.0,0.0,2,0,Ki,"281678,387930"
CC1OC2(CCN(c3ccc(C(=O)NS(=O)(=O)c4ccc(N[C@H](CCN(C)C)CSc5ccccc5)c([N+](=O)[O-])c4)cc3)CC2)N(Cc2ccccc2)C1=O,9.6,0.0,0.0,1,0,Ki,38792
Cc1nc2cc(Oc3cc(N4CCN(Cc5ccccc5-c5ccc(Cl)cc5)CC4)ccc3C(=O)NS(=O)(=O)c3ccc(NCC4CCOCC4)c([N+](=O)[O-])c3)ccc2s1,10.626,0.0,0.0,2,0,Ki,"281423,387669"
CN1CCC(Nc2ccc(S(=O)(=O)NC(=O)c3ccc(N4CCN(CC5=C(c6ccc(Cl)cc6)CC(C)(C)CC5)CC4)cc3OCc3csc(N)n3)cc2[N+](=O)[O-])CC1,10.911,0.0,0.0,2,0,Ki,"281549,387799"
CC[C@H](C)[C@H](NC(=O)[C@H](CC(N)=O)NC(=O)[C@H](CCCN=C(N)N)NC(=O)[C@@H](NC(=O)[C@@H](NC(=O)[C@H](CC(=O)O)NC(=O)[C@H](CCC(=O)O)NC(=O)[C@@H](N)CCC(N)=O)[C@@H](C)CC)[C@@H](C)CC)C(=O)N[C@@H](C)C(=O)N[C@@H](CCCN=C(N)N)C(=O)N[C@@H](Cc1cnc[nH]1)C(=O)N[C@@H](CC(C)C)C(=O)N[C@@H](C)C(=O)N[C@@H](CCC(N)=O)C(=O)N[C@H](C(=O)NCC(=O)N[C@@H](CC(=O)O)C(=O)N[C@@H](CO)C(=O)N[C@@H](CCSC)C(=O)N[C@@H](CC(=O)O)C(=O)N[C@@H](CCCN=C(N)N)C(=O)O)C(C)C,11.0,0.0,0.0,1,0,Ki,50361890
CC1(C)CCC(CN2CCN(c3ccc(C(=O)NS(=O)(=O)c4ccc(Nc5ccc(O)cc5)c([N+](=O)[O-])c4)c(Oc4ccc5[nH]ccc5c4)c3)CC2)=C(c2ccc(Cl)cc2)C1,11.254,0.0,0.0,1,0,Ki,325078
CCOC(=O)c1c(-c2cccc(N3CCN(c4ccc(NS(=O)(=O)c5ccc(N[C@H](CCN(C)C)CSc6ccccc6)c([N+](=O)[O-])c5)cc4)CC3)c2)c(-c2ccc(Cl)cc2)cn1C,11.6,0.0,0.0,1,0,Ki,50947900
CC1(C)CCC(CN2CCN(c3cccc4c3CCN(c3ccc(C(=O)NS(=O)(=O)c5ccc(NCC6CCOCC6)c([N+](=O)[O-])c5)c(OC(=O)OC(C)(C)C)c3)C4)CC2)=C(c2ccc(Cl)cc2)C1,11.834,0.0,0.0,1,0,Ki,198648
CC1(C)CCC(CN2CCN(c3ccc(C(=O)NS(=O)(=O)c4ccc(NCC5CCOCC5)c([N+](=O)[O-])c4)c(Oc4cccc5c4CCN(C(=O)OC(C)(C)C)C5)c3)CC2)=C(c2ccc(Cl)cc2)C1,11.834,0.0,0.0,1,0,Ki,387835
CC1CC(=O)NN=C1c1ccc(S(=O)(=O)NC(=O)c2ccc(N3CCN(Cc4ccccc4-c4ccc(Cl)cc4)CC3)cc2Oc2ccccc2)cc1,11.911,0.0,0.0,1,0,Ki,324766
COCCNC(=O)c1ccc(S(=O)(=O)NC(=O)c2ccc(N3CCN(CC4=C(c5ccc(Cl)cc5)CC(C)(C)CC4)CC3)cc2Oc2ccc3[nH]ccc3c2)cc1,12.582,0.0,0.0,1,0,Ki,325036
CC(C)(C)c1ccc(CN2CCN(c3ccc(C(=O)NS(=O)(=O)c4ccc(NCC5CCOCC5)c([N+](=O)[O-])c4)c(Oc4ccc5[nH]ccc5c4)c3)CC2)c(-c2ccc(Cl)cc2)c1,12.998,0.0,0.0,1,0,Ki,325045
[C]N([C])[C][C][C@H]([C]Sc1ccccc1)[N]c1ccc(S(=O)(=O)[N]C(=O)c2ccc(N3[C][C]C(=[C]c4ccccc4C#N)[C][C]3)cc2)cc1[N+](=O)[O-],13.0,0.0,0.0,1,0,Ki,38817
CC(C)(C)c1ccc(CN2CCN(c3ccc(C(=O)NS(=O)(=O)c4ccc(NC5CCN(C6CCOCC6)CC5)c([N+](=O)[O-])c4)c(Oc4ccc5[nH]ccc5c4)c3)CC2)c(-c2ccc(Cl)cc2)c1,13.481,0.0,0.0,1,0,Ki,325063
O=C(NS(=O)(=O)c1ccc(NCC2CCOCC2)c([N+](=O)[O-])c1)c1ccc(N2CCN(Cc3ccccc3-c3ccc(Cl)cc3)CC2)cc1Oc1ccccc1-c1ccccc1,13.654,0.0,0.0,2,0,Ki,"281417,387663"
CN1CCN(Nc2ccc(S(=O)(=O)NC(=O)c3ccc(N4CCN(CC5=C(c6ccc(Cl)cc6)CC(C)(C)CC5)CC4)cc3Oc3ccc4[nH]cc(CCN)c4c3)cc2[N+](=O)[O-])CC1,13.659,0.0,0.0,2,0,Ki,"281623,387875"
CN(C)c1cccc(Oc2cc(N3CCN(Cc4ccccc4-c4ccc(Cl)cc4)CC3)ccc2C(=O)NS(=O)(=O)c2ccc(NCC3CCOCC3)c([N+](=O)[O-])c2)c1,14.054,0.0,0.0,2,0,Ki,"281354,387600"
Cc1c(C(=O)O)c(-c2cccc(N3CCN(c4ccc(NS(=O)(=O)c5ccc(N[C@H](CCN6CCOCC6)CSc6ccccc6)c(S(=O)(=O)C(F)(F)F)c5)cc4)CC3)c2)c(-c2ccc(Cl)cc2)n1C,14.1,0.0,0.0,1,0,Ki,50969070
O=C(NS(=O)(=O)c1ccc(NCC2CCOCC2)c([N+](=O)[O-])c1)c1ccc(N2CCN(Cc3ccc(C(F)(F)F)cc3-c3ccc(Cl)cc3)CC2)cc1Oc1ccc2[nH]ccc2c1,14.136,0.0,0.0,1,0,Ki,325043
CC1(C)CCC(CN2CCN(c3ccc(C(=O)NS(=O)(=O)c4ccc(NC5CCN(C6CCOCC6)CC5)c([N+](=O)[O-])c4)c(OCc4csc(N)n4)c3)CC2)=C(c2ccc(Cl)cc2)C1,14.857,0.0,0.0,2,0,Ki,"281545,387795"
CC1(C)CCC(CN2CCN(c3ccc(C(=O)NS(=O)(=O)c4ccc(NCC5CCOCC5)c([N+](=O)[O-])c4)c(Oc4cc(Br)nc(NC(=O)OC(C)(C)C)c4)c3)CC2)=C(c2ccc(Cl)cc2)C1,14.978,0.0,0.0,2,0,Ki,"281695,387947"
Cc1nc2cc(Oc3cc(N4CCN(Cc5ccccc5-c5ccc(Cl)cc5)CC4)ccc3C(=O)NS(=O)(=O)c3ccc(NCCCN4CCOCC4)c([N+](=O)[O-])c3)ccc2s1,14.984,0.0,0.0,2,0,Ki,"281357,387603"
CN(C)CC[C@H](CSc1ccccc1)Nc1ccc(S(=O)(=O)Nc2ccc(NCCNc3cccc(-c4c(-c5ccc(Cl)cc5)cn(CC[C@H](O)CO)c4C(=O)NCCCN4CCN(C)CC4)c3)cc2)cc1[N+](=O)[O-],15.4,0.0,0.0,1,0,Ki,50947924
COC1(CC(C)(C)C)CCN(c2ccc(C(=O)NS(=O)(=O)c3ccc(N[C@H](CCN(C)C)CSc4ccccc4)c([N+](=O)[O-])c3)cc2)CC1,16.0,0.0,0.0,1,0,Ki,38799
O=C(NS(=O)(=O)c1ccc(NCCCN2CCOCC2)c([N+](=O)[O-])c1)c1ccc(N2CCN(Cc3ccccc3-c3ccc(Cl)cc3)CC2)cc1Oc1cccc(OCc2ccccc2)c1,16.83,0.0,0.0,2,0,Ki,"281426,387672"
CN(C)CC[C@H](CSc1ccccc1)Nc1ccc(S(=O)(=O)NC(=O)c2ccc(N3CCN(Cc4ccccc4-c4cccc(Cl)c4)CC3)cc2)cc1[N+](=O)[O-],16.9,0.0,0.0,1,0,Ki,38834
CC[C@H](C)[C@H](NC(C)=O)C(=O)N[C@@H](Cc1c[nH]c2ccccc12)C(=O)N[C@H](C(=O)N[C@@H](C)C(=O)N[C@@H](CCC(N)=O)C(=O)N[C@@H](CCC(=O)O)C(=O)N[C@@H](CC(C)C)C(=O)N[C@@H](CCCNC(=N)N)C(=O)N[C@@H](CCCNC(=N)N)C(=O)N[C@H](C(=O)NCC(=O)N[C@@H](CC(=O)O)C(=O)N[C@@H](CCC(=O)O)C(=O)N[C@@H](Cc1ccccc1)C(=O)N[C@@H](CC(N)=O)C(=O)N[C@@H](C)C(=O)N[C@@H](Cc1ccc(O)cc1)C(=O)N[C@@H](Cc1ccc(O)cc1)C(=O)N[C@@H](C)C(=O)N[C@@H](CCCNC(=N)N)C(=O)N[C@@H](CCCNC(=N)N)C(N)=O)[C@@H](C)CC)[C@@H](C)CC,17.0,0.0,0.0,1,0,Ki,51512265
Cc1oc2c(CC(C)C)c(O)c(O)c(O)c2c(=O)c1-c1ccc(-c2c(C)oc3c(CC(C)C)c(O)c(O)c(O)c3c2=O)cc1,17.0,0.0,0.0,1,0,Ki,50389195
CC1(C)CCC(CN2CCN(c3ccc(C(=O)NS(=O)(=O)c4ccc(NCC5CCOCC5)c([N+](=O)[O-])c4)c(Oc4ccc(O)nc4)c3)CC2)=C(c2ccc(Cl)cc2)C1,17.21,0.0,0.0,2,0,Ki,"281607,387858"
CN1CCC(Nc2ccc(C(=O)NS(=O)(=O)c3ccc(N4CCN(Cc5ccccc5-c5ccc(Cl)cc5)CC4)cc3Oc3cc(Cl)cc(Cl)c3)cc2[N+](=O)[O-])CC1,17.44,0.0,0.0,2,0,Ki,"281443,387689"
CC1(C)CCC(CN2CCN(c3ccc(C(=O)NS(=O)(=O)c4ccc(NCC5CCOCC5)c([N+](=O)[O-])c4)c(Oc4cc(N)nc(Br)c4)c3)CC2)=C(c2ccc(Cl)cc2)C1,17.948,0.0,0.0,2,0,Ki,"281702,387954"
CC1(C)CCC(CN2CCN(c3ccc(C(=O)NS(=O)(=O)c4ccc(NC5CCN(C6CCOCC6)CC5)c([N+](=O)[O-])c4)c(Oc4c(F)cccc4Cl)c3)CC2)=C(c2ccc(Cl)cc2)C1,18.589,0.0,0.0,2,0,Ki,"281483,387730"
COc1ccc(S(=O)(=O)NC(=O)c2ccc(N3CCN(Cc4ccccc4-c4ccc(Cl)cc4)CC3)cc2Oc2ccccc2)cc1,18.93,0.0,0.0,1,0,Ki,324789
CCCCC1(OC)CCN(c2ccc(C(=O)NS(=O)(=O)c3ccc(N[C@H](CCN(C)C)CSc4ccccc4)c([N+](=O)[O-])c3)cc2)CC1,20.0,0.0,0.0,1,0,Ki,38800
CCCCn1c(C)c(C(=O)O)c(-c2cccc(N3CCN(c4ccc(NS(=O)(=O)c5ccc(N[C@H](CCN6CCC(O)CC6)CSc6ccccc6)c(S(=O)(=O)C(F)(F)F)c5)cc4)CC3)c2)c1-c1ccc(Cl)cc1,20.0,0.0,0.0,1,0,Ki,50969060
CN1CCC(Nc2ccc(S(=O)(=O)NC(=O)c3ccc(N4CCN(CC5=C(c6ccc(Cl)cc6)CC(C)(C)CC5)CC4)cc3Oc3cccc4c3ccn4C(=O)OC(C)(C)C)cc2[N+](=O)[O-])CC1,20.043,0.0,0.0,2,0,Ki,"281529,387778"
CN(C)CCCNc1ccc(S(=O)(=O)NC(=O)c2ccc(N3CCN(Cc4ccccc4-c4ccc(Cl)cc4)CC3)cc2Oc2ccc3[nH]cc(CCC(=O)N4CCOCC4)c3c2)cc1[N+](=O)[O-],20.421,0.0,0.0,2,0,Ki,"281403,387649"
CN(C)CC[C@H](CSc1ccccc1)Nc1ccc(S(=O)(=O)Nc2ccc(N3CCN(c4cccc(-c5cn(C)cc5-c5ccc(Cl)cc5)c4)CC3)cc2)cc1[N+](=O)[O-],21.1,0.0,0.0,1,0,Ki,50947899
CC1(C)CCC(CN2CCN(c3ccc(C(=O)NS(=O)(=O)c4ccc(NCC5CCC(F)(F)CC5)c([N+](=O)[O-])c4)c(Oc4cc5cc[nH]c5cc4F)c3)CC2)=C(c2ccc(Cl)cc2)C1,21.291,0.0,0.0,2,0,Ki,"281734,387986"
CN(C)CC[C@H](CSc1ccccc1)Nc1ccc(S(=O)(=O)Nc2ccc(N3CCN(Cc4ccccc4-c4ccc(Cl)cc4)CC3)cc2)cc1[N+](=O)[O-],21.8,0.0,0.0,1,0,Ki,50947926
CC1(C)CCC(CN2CCN(c3ccc(C(=O)NS(=O)(=O)c4ccc(NCCc5ccc(S(N)(=O)=O)cc5)c([N+](=O)[O-])c4)c(Oc4ccc5[nH]ccc5c4)c3)CC2)=C(c2ccc(Cl)cc2)C1,22.405,0.0,0.0,1,0,Ki,325079
CC1(C)CCC(CN2CCN(c3ccc(C(=O)NS(=O)(=O)c4ccc(NC5CCN(C6CCOCC6)CC5)c([N+](=O)[O-])c4)c(Nc4cccnc4)c3)CC2)=C(c2ccc(Cl)cc2)C1,22.972,0.0,0.0,1,0,Ki,325100
CC(C)c1ccc(Sc2ccc3c(c2)C(=O)c2cc(O)c(O)cc2C3=O)cc1,24.0,0.0,0.0,1,0,Ki,50975873
CC(C)(C)c1ccc(CN2CCN(c3ccc(C(=O)NS(=O)(=O)c4ccc(OCC5CCOCC5)c([N+](=O)[O-])c4)c(Oc4ccc5[nH]ccc5c4)c3)CC2)c(-c2ccc(Cl)cc2)c1,25.752,0.0,0.0,1,0,Ki,325046
COCCN1CCCC(CNc2ccc(S(=O)(=O)NC(=O)c3ccc(N4CCN(CC5=C(c6ccc(Cl)cc6)CC(C)(C)CC5)CC4)cc3Oc3cnc4[nH]ccc4c3)cc2[N+](=O)[O-])C1,26.8,0.0,0.0,4,1,Ki,"1179911,1372959,704820"
CCOc1ccc(-c2c(NC(=O)c3ccc(OC(C)C)cc3)c(C(=O)O)nn2-c2ccc(Oc3ccccc3)cc2)cc1,28.0,0.0,0.0,1,0,Ki,51218860
CN1CCC(C)(Nc2ccc(S(=O)(=O)NC(=O)c3ccc(N4CCN(CC5=C(c6ccc(Cl)cc6)CC(C)(C)CC5)CC4)cc3Oc3ccccc3Cl)cc2[N+](=O)[O-])CC1,28.343,0.0,0.0,1,0,Ki,387745
CC1(C)CCC(CN2CCN(c3ccc(C(=O)NS(=O)(=O)c4ccc(NCC5CCOCC5)c([N+](=O)[O-])c4)c(Oc4ccc5c(c4)CC(=O)N5)c3)CC2)=C(c2ccc(Cl)cc2)C1,28.426,0.0,0.0,2,0,Ki,"281591,387842"
Cc1c(-c2ccc(N3CCc4cccc(C(=O)Nc5nc6ccccc6s5)c4C3)nc2C(=O)O)cnn1CC1CCCCC1,29.0,0.0,0.0,1,0,Ki,51389596
CC1(C)CCC(CN2CCN(c3ccc(C(=O)NS(=O)(=O)c4ccc(NCC5CCOCC5)c(C(F)(F)F)c4)c(Oc4ccc5[nH]ccc5c4)c3)CC2)=C(c2ccc(Cl)cc2)C1,29.684,0.0,0.0,1,0,Ki,324984
CN(C)CC[C@H](CSc1ccccc1)Nc1ccc(S(=O)(=O)NC(=O)c2csc(N3CCc4cccc(C(=O)Nc5nc6ccccc6s5)c4C3)n2)cc1[N+](=O)[O-],31.0,0.0,0.0,1,0,Ki,51379916
CCNCc1cccc(Oc2cc(N3CCN(Cc4ccccc4-c4ccc(Cl)cc4)CC3)ccc2C(=O)NS(=O)(=O)c2ccc(NCC3CCOCC3)c([N+](=O)[O-])c2)c1,31.048,0.0,0.0,2,0,Ki,"281414,387660"
Cc1c(C(=O)NCCCN2CCN(C)CC2)c(-c2cccc(N3CCN(c4ccc(NS(=O)(=O)c5cccc([N+](=O)[O-])c5)cc4)CC3)c2)c(-c2ccc(Cl)cc2)n1C,31.3,0.0,0.0,1,0,Ki,50969088
CNc1cccc(Oc2cc(N3CCN(Cc4ccccc4-c4ccc(Cl)cc4)CC3)ccc2C(=O)NS(=O)(=O)c2ccc(NCC3CCOCC3)c([N+](=O)[O-])c2)c1,31.467,0.0,0.0,2,0,Ki,"281335,387581"
O=C(NS(=O)(=O)c1ccc(NCC2CCOCC2)c([N+](=O)[O-])c1)c1ccc(N2CCN(Cc3ccccc3-c3ccc(Cl)cc3)CC2)cc1Oc1cccc(OCc2ccccc2)c1,31.597,0.0,0.0,2,0,Ki,"281404,387650"
N#Cc1ccc(Oc2cc(N3CCN(Cc4ccccc4-c4ccc(Cl)cc4)CC3)ccc2C(=O)NS(=O)(=O)c2ccc(NCC3CCOCC3)c([N+](=O)[O-])c2)cc1,31.666,0.0,0.0,2,0,Ki,"281405,387651"
O=C(NS(=O)(=O)c1ccc(NCC2CCOCC2)c([N+](=O)[O-])c1)c1ccc(N2CCN(Cc3ccccc3-c3ccc(Cl)cc3)CC2)cc1Oc1ccc2[nH]cc(CCC(=O)N3CCOCC3)c2c1,32.26,0.0,0.0,2,0,Ki,"281406,387652"
O=C(NS(=O)(=O)c1ccc(N2C(=O)C3CCC3C2=O)cc1)c1ccc(N2CCN(Cc3ccccc3-c3ccc(Cl)cc3)CC2)cc1Oc1ccccc1,33.705,0.0,0.0,1,0,Ki,324765
C=c1c(-c2c(O)c3cc(O)c(O)c(=C(C)C)c3c(O)c2=C)c(O)c2cc(O)c(O)c(=C(C)C)c2c1O,35.0,0.0,0.0,3,1,Ki,"51288555,51466293"
CC1=C(C2=C(C)C(=O)C3C(C(C)C)=C(O)C(O)=CC3C2=O)C(=O)c2cc(O)c(O)c(C(C)C)c2C1=O,35.0,0.0,0.0,1,0,Ki,51512277
CN(C)CCC(CSc1ccccc1)Nc1ccc(S(=O)(=O)NC(=O)c2ccc(N3CCC4(CC3)C[C-](c3ccccc3)N=[O+]4)cc2)cc1[N+](=O)[O-],35.2,0.0,0.0,1,0,Ki,38790
O=C(NS(=O)(=O)c1ccc(-n2ncc([N+](=O)[O-])n2)cc1)c1ccc(N2CCN(Cc3ccccc3-c3ccc(Cl)cc3)CC2)cc1Oc1ccccc1,36.614,0.0,0.0,1,0,Ki,324768
CN(C)CCCNc1ccc(S(=O)(=O)NC(=O)c2ccc(N3CCN(CC4=C(c5ccc(Cl)cc5)CC(C)(C)CC4)CC3)cc2Oc2ccc3c(ccn3C(=O)OC(C)(C)C)c2)cc1[N+](=O)[O-],36.946,0.0,0.0,2,0,Ki,"281556,387806"
Cc1c(C(=O)NCCCN2CCN(C)CC2)c(-c2cccc(N3CCN(c4ccc(NS(=O)(=O)c5cccc(S(=O)(=O)C(F)(F)F)c5)cc4)CC3)c2)c(-c2ccc(Cl)cc2)n1C,39.2,0.0,0.0,1,0,Ki,50969075
CN(C)CC[C@H](CSc1ccccc1)Nc1ccc(S(=O)(=O)NC(=O)c2ccc(N3CCN(Cc4ccccc4)CC3)cc2)cc1[N+](=O)[O-],39.8,0.0,0.0,1,0,Ki,38794
CC1(C)CCC(CN2CCN(c3ccc(C(=O)NS(=O)(=O)c4ccc(NCC5CCOCC5)c([N+](=O)[O-])c4)c(Oc4cncc(NC(=O)OC(C)(C)C)c4)c3)CC2)=C(c2ccc(Cl)cc2)C1,39.967,0.0,0.0,2,0,Ki,"281602,387853"
CC(C)(C)c1ccc(C(O)(CCN2CCCC2)c2ccc(Cl)c(CCOc3ccc(-c4ccc(C(=O)O)cc4)cc3)c2)cc1,40.0,0.0,0.0,1,0,Ki,50605254
Cn1cnc2cc(Oc3cc(N4CCN(Cc5ccccc5-c5ccc(Cl)cc5)CC4)ccc3C(=O)NS(=O)(=O)c3ccc(NCCCN4CCOCC4)c([N+](=O)[O-])c3)ccc21,43.518,0.0,0.0,2,0,Ki,"281435,387681"
Cc1ccc(Sc2ccc3c(c2)C(=O)c2cc(O)c(O)cc2C3=O)cc1,44.0,0.0,0.0,1,0,Ki,50975871
[C]N([C])[C][C][C@H]([C]Sc1ccccc1)[N]c1ccc(S(=O)(=O)[N]C(=O)c2ccc(N3[C][C]C(=[C]c4ccccn4)[C][C]3)cc2)cc1[N+](=O)[O-],46.0,0.0,0.0,1,0,Ki,38818
CC1(C)CCC(CN2CCN(c3ccc(C(=O)NS(=O)(=O)c4ccc(NN5CCCCC5)c([N+](=O)[O-])c4)c(Oc4cccc5[nH]ccc45)c3)CC2)=C(c2ccc(Cl)cc2)C1,47.464,0.0,0.0,1,0,Ki,324990
CC1(C)CCC(CN2CCN(c3ccc(C(=O)NS(=O)(=O)c4ccc(NCC5CCOCC5)c([N+](=O)[O-])c4)c(Oc4ccc(NCC(F)(F)F)nc4)c3)CC2)=C(c2ccc(Cl)cc2)C1,49.293,0.0,0.0,2,0,Ki,"281708,387960"
CC1(C)CCC(CN2CCN(c3ccc(C(=O)NS(=O)(=O)c4ccc(NCC5(N6CCOCC6)CCCCC5)c([N+](=O)[O-])c4)c(Oc4ccc5[nH]ccc5c4)c3)CC2)=C(c2ccc(Cl)cc2)C1,49.413,0.0,0.0,1,0,Ki,324938
CC1(C)CCC(CN2CCN(c3ccc(C(=O)NS(=O)(=O)c4ccc(NCC5CCOCC5)c([N+](=O)[O-])c4)c(Oc4ccc5[nH]cc(CCN)c5c4)c3)CC2)=C(c2ccc(Cl)cc2)C1,51.687,0.0,0.0,2,0,Ki,"281622,387874"
Cc1ccc(S(=O)(=O)NC(=O)c2ccc(N3CCN(Cc4ccccc4-c4ccc(Cl)cc4)CC3)cc2Oc2ccccc2)cc1,52.21,0.0,0.0,1,0,Ki,324790
CN1CCC(Nc2ccc(S(=O)(=O)NC(=O)c3ccc(N4CCN(CC5=C(c6ccc(Cl)cc6)CC(C)(C)C5)CC4)cc3Oc3cccc4[nH]ccc34)cc2[N+](=O)[O-])CC1,53.902,0.0,0.0,1,0,Ki,324860
CC1(C)CCN(c2ccc(C(=O)NS(=O)(=O)c3ccc(N[C@H](CCN4CCOCC4)CSc4ccccc4)c([N+](=O)[O-])c3)cc2)CC1,55.0,0.0,0.0,1,0,Ki,50336954
CC(C)c1ccc2/c(=N\c3ccc(Oc4ccccc4)cc3)c3cc(O)c(O)c(O)c3n(C(=O)c3ccc(C(C)(C)C)cc3)c2c1,56.0,0.0,0.0,1,0,Ki,51218890
COC1(CC(C)C)CCN(c2ccc(C(=O)NS(=O)(=O)c3ccc(N[C@H](CCN(C)C)CSc4ccccc4)c([N+](=O)[O-])c3)cc2)CC1,56.0,0.0,0.0,1,0,Ki,38798
CC1(C)CCC(CN2CCN(c3ccc(C(=O)NS(=O)(=O)c4ccc(C(=O)NCC5CCOCC5)cc4)c(Oc4ccc5[nH]ccc5c4)c3)CC2)=C(c2ccc(Cl)cc2)C1,57.376,0.0,0.0,1,0,Ki,325014
CC1(C)CCC(CN2CCN(c3ccc(C(=O)NS(=O)(=O)c4ccc(NCC5CCOCC5)c([N+](=O)[O-])c4)c(Oc4ccc(NCC(F)F)nc4)c3)CC2)=C(c2ccc(Cl)cc2)C1,57.705,0.0,0.0,2,0,Ki,"281699,387951"
O=C(NS(=O)(=O)c1ccc(NC2CCOCC2)c([N+](=O)[O-])c1)c1ccc(N2CCN(CC3=C(c4ccc(Cl)cc4)CCOC3)CC2)cc1,59.0,0.0,0.0,1,0,Ki,50490134
O=C(NS(=O)(=O)c1ccc(NC2CCOCC2)c([N+](=O)[O-])c1)c1ccc(N2CCN(CC3=C(c4ccc(Cl)cc4)COCC3)CC2)cc1,59.0,0.0,0.0,1,0,Ki,51272550
COc1cc(CCCN2CCOCC2)ccc1-c1ccc(C(=O)NS(=O)(=O)c2ccc(N[C@H](CCCCN(C)C)CSc3ccccc3)c([N+](=O)[O-])c2)cc1,59.0,0.0,0.0,1,0,Ki,50336955
CN(C)CC#Cc1ccc(OCCCc2sc(N3CCc4cccc(C(=O)Nc5nc6ccccc6s5)c4C3)nc2C(=O)O)cc1,60.0,0.0,0.0,1,0,Ki,50243993
O=C(NS(=O)(=O)c1ccccc1OCCN1CCCCC1)c1ccc(N2CCN(Cc3ccccc3-c3ccc(Cl)cc3)CC2)cc1Oc1ccccc1,61.123,0.0,0.0,1,0,Ki,324769
CN(C)CC[C@H](CSc1ccccc1)Nc1ccc(S(=O)(=O)NC(=O)c2ccc(N3CCN(C(=O)c4ccccc4)CC3)cc2)cc1[N+](=O)[O-],61.9,0.0,0.0,1,0,Ki,38795
CN(C)CC[C@H](CSc1ccccc1)Nc1ccc(S(=O)(=O)NC(=O)c2ccc(N3CCC(C)(C)CC3)cc2)cc1[N+](=O)[O-],67.0,0.0,0.0,3,1,Ki,"38788,50336957"
C[C@H](Nc1ccc(S(=O)(=O)NC(=O)c2ccc(N3CCN(CC4=C(c5ccc(Cl)cc5)CC(C)(C)CC4)CC3)cc2Oc2ccc3[nH]ccc3c2)cc1[N+](=O)[O-])c1ccccc1,63.003,0.0,0.0,1,0,Ki,325081
O=C(NS(=O)(=O)c1ccc(NC2CCN(S(=O)(=O)c3cccc4cccnc34)CC2)c([N+](=O)[O-])c1)c1ccc(N2CCN(Cc3ccccc3-c3ccc(Cl)cc3)CC2)cc1Oc1ccccc1,64.78,0.0,0.0,1,0,Ki,324874
Cc1c(C(=O)NCCCN2CCN(C)CC2)c(-c2cccc(N3CCN(c4ccc(NS(=O)(=O)c5cccc(Br)c5)cc4)CC3)c2)c(-c2ccc(Cl)cc2)n1C,65.8,0.0,0.0,1,0,Ki,50969084
[C]N([C])[C][C][C@H]([C]Sc1ccccc1)[N]c1ccc(S(=O)(=O)[N]C(=O)c2ccc(N3[C][C]C(=[C]c4cccnc4)[C][C]3)cc2)cc1[N+](=O)[O-],68.0,0.0,0.0,1,0,Ki,38819
COc1cc(CCCN2CCOCC2)ccc1-c1ccc(C(=O)NS(=O)(=O)c2ccc(N[C@H](CCCCN)CSc3ccccc3)c([N+](=O)[O-])c2)cc1,70.0,0.0,0.0,1,0,Ki,50336936
Cc1c(-c2ccc(N3CCc4cccc(C(=O)Nc5nc6ccccc6s5)c4C3)nc2C(=O)O)cnn1Cc1ccccc1,70.0,0.0,0.0,1,0,Ki,51389594
O=C1c2ccc(Sc3ccccc3)cc2C(=O)c2cc(O)c(O)cc21,71.0,0.0,0.0,1,0,Ki,50975872
O=C(NS(=O)(=O)c1ccc(NCCCN2CCOCC2)c([N+](=O)[O-])c1)c1ccc(N2CCN(Cc3ccccc3-c3ccc(Cl)cc3)CC2)cc1Oc1ccc(-c2ccncc2)cc1,71.364,0.0,0.0,2,0,Ki,"281432,387678"
CN(C)CCCC[C@H](CSc1ccccc1)Nc1ccc(S(=O)(=O)NC(=O)c2ccc(N3CCC(C)(C)CC3)cc2)cc1[N+](=O)[O-],73.0,0.0,0.0,1,0,Ki,50336909
CN(C)CC#Cc1ccc(OCCCc2sc(N3CCc4cccc(C(=O)Nc5nc6ccccc6s5)c4C3)nc2C(=O)O)c(F)c1,77.0,3.0,2.1213203435596424,2,0,Ki,"50243995,50490144"
CC(C)Oc1cc(-c2ccc(Cl)cc2)c(CN2CCN(c3ccc(C(=O)NS(=O)(=O)c4ccc(NCC5CCOCC5)c([N+](=O)[O-])c4)c(Oc4ccc5[nH]ccc5c4)c3)CC2)cn1,74.915,0.0,0.0,1,0,Ki,325034
CN(C)C(=O)C[C@H](CSc1ccccc1)Nc1ccc(S(=O)(=O)NC(=O)c2ccc(N3CCC(C)(C)CC3)cc2)cc1[N+](=O)[O-],75.0,0.0,0.0,1,0,Ki,50337012
CN(C)Cc1ccc(Oc2cc(N3CCN(Cc4ccccc4-c4ccc(Cl)cc4)CC3)ccc2C(=O)NS(=O)(=O)c2ccc(NCC3CCOCC3)c([N+](=O)[O-])c2)cc1,76.832,0.0,0.0,2,0,Ki,"281408,387654"
CC1(C)CCC(CN2CCN(c3ccc(C(=O)NS(=O)(=O)c4ccc(NCC5CCOCC5)c([N+](=O)[O-])c4)c(Oc4ccc(OCc5ccccc5)nc4)c3)CC2)=C(c2ccc(Cl)cc2)C1,79.348,0.0,0.0,2,0,Ki,"281608,387859"
O=C1c2ccc(Sc3ccc(Br)cc3)cc2C(=O)c2cc(O)c(O)cc21,87.0,0.0,0.0,1,0,Ki,50975870
CN(C)CC#Cc1ccc(OCCCc2sc(N3CCc4cccc(C(=O)Nc5nc6ccccc6s5)c4C3)nc2C(=O)O)cc1F,88.0,0.0,0.0,1,0,Ki,50243996
CN(C)CC#Cc1cc(F)c(OCCCc2sc(N3CCc4cccc(C(=O)Nc5nc6ccccc6s5)c4C3)nc2C(=O)O)cc1F,90.0,0.0,0.0,1,0,Ki,50243998
CC1=C[C@@H](/C=C(\Cl)c2ccc(C(=O)O)cc2)[C@]2(C(=O)O)C=C[C@@H](CCOC(=O)c3ccc(Oc4ccc(NC(=O)COc5ccc(C)cc5)cc4)cc3)C[C@@H]2C1,90.0,0.0,0.0,1,0,Ki,51032648
COC(=O)CCN/C=C1\C(=O)C(O)=C(C(C)C)c2cc(C)c(-c3c(C)cc4c(c3O)/C(=C/NCCC(=O)OC)C(=O)C(O)=C4C(C)C)c(O)c21,90.0,0.0,0.0,1,0,Ki,50527977
O=C(Nc1nc2ccccc2s1)c1cccc2c1CN(c1nc(C(=O)O)c(CCOc3ccc(-n4ncc5cncnc54)cc3)s1)CC2,90.0,0.0,0.0,1,0,Ki,50243987
CN(C)CCC[C@H](CSc1ccccc1)Nc1ccc(S(=O)(=O)NC(=O)c2ccc(N3CCC(C)(C)CC3)cc2)cc1[N+](=O)[O-],92.0,0.0,0.0,1,0,Ki,50336985
CCN(Cc1cccc(Oc2cc(N3CCN(Cc4ccccc4-c4ccc(Cl)cc4)CC3)ccc2C(=O)NS(=O)(=O)c2ccc(NCC3CCOCC3)c([N+](=O)[O-])c2)c1)C(=O)OC(C)(C)C,99.826,0.0,0.0,2,0,Ki,"281412,387658"
O=C(Nc1nc2ccccc2s1)c1cccc2c1CN(c1nc(C(=O)O)c(CCOc3cccc(-n4ncc5cncnc54)c3)s1)CC2,100.0,0.0,0.0,1,0,Ki,50243865
CC1(C)CN(c2ccc(S(=O)(=O)NC(=O)c3ccc(N4CCN(Cc5ccccc5-c5ccc(Cl)cc5)CC4)cc3Oc3ccccc3)cc2)C1=O,102.92,0.0,0.0,1,0,Ki,324767
CC(C)(C)c1ccc(C(O)(CCN2CCOCC2)c2ccc(Cl)c(CCOc3ccc(-c4ccc(C(=O)O)cc4)cc3)c2)cc1,110.0,0.0,0.0,1,0,Ki,50605253
CN(CCCc1ccccc1)S(=O)(=O)c1cc(C(=O)N2CCc3ccc(S(=O)(=O)NCCc4ccccc4)cc3C2)c(O)c(O)c1O,110.0,0.0,0.0,1,0,Ki,50379660
O=C(NS(=O)(=O)c1ccc(NCCCN2CCOCC2)cc1)c1ccc(N2CCN(Cc3ccccc3-c3ccc(Cl)cc3)CC2)cc1Oc1ccccc1,112.51,0.0,0.0,1,0,Ki,324804
O=C(NS(=O)(=O)c1ccc(NCCCN2CCOCC2)c([N+](=O)[O-])c1)c1ccc(N2CCN(Cc3ccccc3-c3ccc(Cl)cc3)CC2)cc1Oc1ccc(-c2cccnc2)cc1,112.99,0.0,0.0,2,0,Ki,"281433,387679"
CN1CCC(Nc2ccc(S(=O)(=O)NC(=O)c3ccc(N4CCN(CC5=C(c6ccc(Cl)cc6)CC(C)(C)CC5)CC4)cc3Nc3cccnc3)cc2[N+](=O)[O-])CC1,115.67,0.0,0.0,1,0,Ki,325099
COc1cc(CCCN2CCOCC2)ccc1-c1ccc(C(=O)NS(=O)(=O)c2ccc(N[C@H](CCN(C)C)CSc3ccccc3)c([N+](=O)[O-])c2)cc1,116.0,0.0,0.0,1,0,Ki,50336988
O=C(Nc1nc2ccccc2s1)c1cccc2c1CN(c1ccc(-c3cnn(Cc4ccccc4)c3)c(C(=O)O)n1)CC2,117.0,0.0,0.0,1,0,Ki,51389591
O=C(Nc1nc2ccccc2s1)c1cccc2c1CN(c1ccc(-c3ccn(Cc4ccccc4)c3)c(C(=O)O)n1)CC2,119.0,0.0,0.0,1,0,Ki,51389590
COc1cc(CCCN2CCOCC2)ccc1-c1ccc(C(=O)NS(=O)(=O)c2ccc(N[C@@H](CSc3ccccc3)CC(=O)N(C)C)c([N+](=O)[O-])c2)cc1,121.0,0.0,0.0,1,0,Ki,50336930
COC(=O)CCCN/C=C1\C(=O)C(O)=C(C(C)C)c2cc(C)c(-c3c(C)cc4c(c3O)/C(=C/NCCCC(=O)OC)C(=O)C(O)=C4C(C)C)c(O)c21,341.0,0.0,0.0,3,1,Ki,"50527932,50527942"
O=C1c2ccc(Br)cc2C(=O)c2cc(O)c(O)cc21,132.0,0.0,0.0,1,0,Ki,50975874
Cc1cc(OCCCc2c3n(c4c(-c5c(C)nn(C)c5C)c(Cl)ccc24)CCCN(c2cccc4c(C(=O)O)cn(C)c24)C3=O)cc(C)c1Cl,140.0,0.0,0.0,1,0,Ki,50764102
Cc1cc(OCCCn2ccc3c(OCc4cccc(C(=O)O)c4)cccc32)cc(C)c1Cl,140.0,0.0,0.0,1,0,Ki,50748754
CN1CCN(CCCNc2ncnc3c2cnn3-c2ccc(OCCCc3sc(N4CCc5cccc(C(=O)Nc6nc7ccccc7s6)c5C4)nc3C(=O)O)cc2)CC1,140.0,0.0,0.0,1,0,Ki,50243992
CCc1ccc(CCNC(=O)c2c(O)c(O)cc3c2C(=O)C(C)=C(C2=C(C)C(=O)c4c(cc(O)c(O)c4C(=O)NCCc4ccc(CC)cc4)C2=O)C3=O)cc1,140.0,0.0,0.0,1,0,Ki,50607471
CC(C)Oc1ccc(C(=O)Nc2c(C(=O)O)nn(-c3ccc(Oc4ccccc4)cc3)c2-c2ccc(OC(C)C)cc2)cc1,140.0,0.0,0.0,1,0,Ki,51218865
CC(C)(C)OC(=O)N1CCN(c2ccc(Oc3cc(N4CCN(Cc5ccccc5-c5ccc(Cl)cc5)CC4)ccc3C(=O)NS(=O)(=O)c3ccc(NCCCN4CCOCC4)c([N+](=O)[O-])c3)cc2)CC1,146.59,0.0,0.0,2,0,Ki,"281430,387676"
CCNCc1ccc(Oc2cc(N3CCN(Cc4ccccc4-c4ccc(Cl)cc4)CC3)ccc2C(=O)NS(=O)(=O)c2ccc(NCC3CCOCC3)c([N+](=O)[O-])c2)cc1,148.72,0.0,0.0,2,0,Ki,"281413,387659"
CC(C)(C)c1ccc(OCCCn2c(C(=O)N3CCCCC3)cc3ccc(OCc4ccccc4C(=O)O)cc32)cc1,150.0,0.0,0.0,1,0,Ki,50748704
O=C(Nc1nc2ccccc2s1)c1cccc2c1CN(c1nc(C(=O)O)c(CCCOc3ccc(-n4cccn4)cc3)s1)CC2,150.0,0.0,0.0,1,0,Ki,50243990
CC1=C(C2=C(C)C(=O)c3c(cc(O)c(O)c3C(=O)NCC(C)c3ccccc3)C2=O)C(=O)c2cc(O)c(O)c(C(=O)NCC(C)c3ccccc3)c2C1=O,150.0,0.0,0.0,1,0,Ki,50607468
CC1=C(C2=C(C)C(=O)c3c(cc(O)c(O)c3C(=O)Cc3ccccc3)C2=O)C(=O)c2cc(O)c(O)c(C(=O)Cc3ccccc3)c2C1=O,150.0,0.0,0.0,1,0,Ki,50607464
Cc1c(C(=O)NCCCN2CCN(C)CC2)c(-c2cccc(N3CCN(c4ccc(NS(=O)(=O)c5cccc(C(F)(F)F)c5)cc4)CC3)c2)c(-c2ccc(Cl)cc2)n1C,151.0,0.0,0.0,1,0,Ki,50969083
CCC(C)c1ccc(Oc2ccc3c4c(cccc24)C2=NC(=O)C(C#N)=C23)cc1,158.0,0.0,0.0,1,0,Ki,50657381
CCc1cccc(S(=O)(=O)Nc2ccc(N3CCN(c4cccc(-c5c(C(=O)NCCCN6CCN(C)CC6)c(C)n(C)c5-c5ccc(Cl)cc5)c4)CC3)cc2)c1,160.0,0.0,0.0,1,0,Ki,50969081
N#CC1=C(NCCC(=O)NCc2ccc(C(=O)O)cc2)c2ccc(Sc3ccc(Br)cc3)c3cccc(c23)C1=O,160.0,0.0,0.0,1,0,Ki,51372052
COc1cc(CCCN2CCOCC2)ccc1-c1ccc(C(=O)NS(=O)(=O)c2ccc(N[C@H](CCN3CCOCC3)CSc3ccccc3)c([N+](=O)[O-])c2)cc1,165.0,0.0,0.0,1,0,Ki,50337017
O=C(Nc1nc2ccccc2s1)c1cccc2c1CN(c1nc(C(=O)O)c(CCCOc3ccc(-n4ncc5cncnc54)cc3)s1)CC2,170.0,0.0,0.0,1,0,Ki,50243988
C=c1c(-c2c(O)c3cc(O)c(O)c(=CC(C)C)c3c(O)c2=C)c(O)c2cc(O)c(O)c(=CC(C)C)c2c1O,170.0,0.0,0.0,1,0,Ki,50607433
CC(C)(C)c1ccc(OCCCn2ccc3cc(OCc4ccccc4C(=O)O)ccc32)cc1,170.0,0.0,0.0,1,0,Ki,50748649
Cc1c(C(=O)NCCCN2CCN(C)CC2)c(-c2cccc(N3CCN(c4ccc(NS(=O)(=O)c5cccc(Cl)c5)cc4)CC3)c2)c(-c2ccc(Cl)cc2)n1C,171.0,0.0,0.0,1,0,Ki,50969085
Cc1cc2c(c(O)c1-c1c(C)cc3c(c1O)/C(=C/NCCCCC(=O)O)C(=O)C(O)=C3C(C)C)/C(=C/NCCCCC(=O)O)C(=O)C(O)=C2C(C)C,171.0,0.0,0.0,1,0,Ki,50527964
Cc1cccc(S(=O)(=O)Nc2ccc(N3CCN(c4cccc(-c5c(C(=O)NCCCN6CCN(C)CC6)c(C)n(C)c5-c5ccc(Cl)cc5)c4)CC3)cc2)c1,178.0,0.0,0.0,1,0,Ki,50969082
CC(C)Oc1cc(C(=O)Nc2ccc(C(=O)Nc3ccc(C(=O)O)cc3OC(C)C)nc2OC(C)C)ccc1N,179.0,0.0,0.0,1,0,Ki,51288588
Cc1ccc(O)c(Cn2c(-c3ccccc3)nc3c(O)c(O)c(O)cc3c2=O)c1,179.0,0.0,0.0,1,0,Ki,51080551
COC(=O)CCCCN/C=C1\C(=O)C(O)=C(C(C)C)c2cc(C)c(-c3c(C)cc4c(c3O)/C(=C/NCCCCC(=O)OC)C(=O)C(O)=C4C(C)C)c(O)c21,182.0,0.0,0.0,1,0,Ki,50527938
O=C(NS(=O)(=O)c1ccc(NCC2CCOCC2)c([N+](=O)[O-])c1)c1ccc(N2CCN(Cc3ccccc3-c3ccc(Cl)cc3)CC2)cc1Oc1ccc2[nH]cc(CCCN3CCOCC3)c2c1,189.43,0.0,0.0,2,0,Ki,"281407,387653"
CC1(C)CCN(c2ccc(C(=O)NS(=O)(=O)c3ccc(NCCSc4ccccc4)c([N+](=O)[O-])c3)cc2)CC1,192.0,0.0,0.0,1,0,Ki,50337020
O=C(NS(=O)(=O)c1ccc(N[C@H](CCN2CCOCC2)CSc2ccccc2)c(S(=O)(=O)C(F)(F)F)c1)c1csc(N2CCc3cccc(C(=O)Nc4nc5ccccc5s4)c3C2)n1,193.0,0.0,0.0,1,0,Ki,51379915
Cc1c(C(=O)NCCCN2CCN(C)CC2)c(-c2cccc(N3CCN(c4ccc(NS(=O)(=O)c5cccc(OC(F)(F)F)c5)cc4)CC3)c2)c(-c2ccc(Cl)cc2)n1C,197.0,0.0,0.0,1,0,Ki,50969079
O=C(O)c1ccc(-c2ccc(OCCc3cc(C(O)(CCN4CCOCC4)c4ccc(Br)cc4)ccc3Cl)cc2)cc1,200.0,0.0,0.0,1,0,Ki,50605252
Cc1ccc(/N=c2\c3ccc(C)cc3n(C(=O)c3ccc(C(C)(C)C)cc3)c3c(O)c(O)c(O)cc23)cc1,207.0,0.0,0.0,1,0,Ki,51218927
COc1cccc(S(=O)(=O)Nc2ccc(N3CCN(c4cccc(-c5c(C(=O)NCCCN6CCN(C)CC6)c(C)n(C)c5-c5ccc(Cl)cc5)c4)CC3)cc2)c1,207.0,0.0,0.0,1,0,Ki,50969078
CCCCNC1=C(C#N)C(=O)c2cccc3c(Sc4ccc(Br)cc4)ccc1c23,210.0,0.0,0.0,1,0,Ki,51372056
CCS(=O)(=O)c1cccc(S(=O)(=O)Nc2ccc(N3CCN(c4cccc(-c5c(C(=O)NCCCN6CCN(C)CC6)c(C)n(C)c5-c5ccc(Cl)cc5)c4)CC3)cc2)c1,214.0,0.0,0.0,1,0,Ki,50969073
CN(C)CCCc1c[nH]c2ccc(Oc3cc(N4CCN(Cc5ccccc5-c5ccc(Cl)cc5)CC4)ccc3C(=O)NS(=O)(=O)c3ccc(NCC4CCOCC4)c([N+](=O)[O-])c3)cc12,214.52,0.0,0.0,2,0,Ki,"281439,387685"
Cc1c(C(=O)NCCCN2CCN(C)CC2)c(-c2cccc(N3CCN(c4ccc(NS(=O)(=O)c5cccc(S(=O)(=O)C6CC6)c5)cc4)CC3)c2)c(-c2ccc(Cl)cc2)n1C,218.0,0.0,0.0,1,0,Ki,50969072
O=C(Nc1nc2ccccc2s1)c1cccc2c1CN(c1nc(C(=O)O)c(CCCOc3cccc(-n4ncc5cncnc54)c3)s1)CC2,220.0,0.0,0.0,1,0,Ki,50243864
O=C(O)c1ccc(-c2ccc(OCCc3cc(C(O)(CCN4CCOCC4)c4ccc(Cl)cc4)ccc3Cl)cc2)cc1,220.0,0.0,0.0,1,0,Ki,50605250
Cc1cc2c(c(O)c1-c1c(C)cc3c(c1O)/C(=C/NCC(=O)O)C(=O)C(O)=C3C(C)C)/C(=C/NCC(=O)O)C(=O)C(O)=C2C(C)C,224.0,0.0,0.0,1,0,Ki,50527946
C=c1c(-c2c(O)c3cc(O)c(O)c(=Cc4ccc(Cl)cc4)c3c(O)c2=C)c(O)c2cc(O)c(O)c(=Cc3ccc(Cl)cc3)c2c1O,230.0,0.0,0.0,1,0,Ki,50607460
O=C(O[C@H]1Cc2c(O)cc(O)cc2O[C@@H]1c1ccc(O)c(O)c1)c1cc(O)c(O)c(O)c1,230.0,0.0,0.0,1,0,Ki,51186108
Cc1cc(OCCCn2ccc3c(OCc4ccccc4C(=O)O)cccc32)cc(C)c1Cl,230.0,0.0,0.0,1,0,Ki,50748679
CC1(C)CCN(c2ccc(C(=O)NS(=O)(=O)c3ccc(N[C@H](CCCCN)CSc4ccccc4)c([N+](=O)[O-])c3)cc2)CC1,231.0,0.0,0.0,1,0,Ki,50336949
Cc1cc2c(c(O)c1-c1c(C)cc3c(c1O)/C(=C/NCCCC(=O)O)C(=O)C(O)=C3C(C)C)/C(=C/NCCCC(=O)O)C(=O)C(O)=C2C(C)C,235.0,0.0,0.0,1,0,Ki,50527969
O=C(O[C@@H]1Cc2c(O)cc(O)cc2O[C@H]1c1cc(O)c(O)c(O)c1)c1cc(O)c(O)c(O)c1,235.0,0.0,0.0,1,0,Ki,51186107
O=C(NS(=O)(=O)c1ccc(NCC2CCOCC2)c([N+](=O)[O-])c1)c1ccc(N2CCN(Cc3ccccc3-c3ccc(Cl)cc3)CC2)cc1Oc1ccc(-n2ccnc2)cc1,239.5,0.0,0.0,2,0,Ki,"281409,387655"
CN(C)CCCNc1ncnc2c1cnn2-c1ccc(OCCCc2sc(N3CCc4cccc(C(=O)Nc5nc6ccccc6s5)c4C3)nc2C(=O)O)cc1,240.0,0.0,0.0,1,0,Ki,50243991
Cc1cc(OCCCc2c3n(c4c(-c5c(C)nn(C)c5C)c(Cl)ccc24)CCCN(c2cccc4c(C(=O)O)cccc24)C3=O)cc(C)c1Cl,250.0,0.0,0.0,1,0,Ki,50764103
CC(C)c1ccc(Oc2ccc3c4c(cccc24)C2=NC(=O)C(C#N)=C23)cc1,252.0,0.0,0.0,1,0,Ki,50657379
Cc1c(C(=O)NCCCN2CCN(C)CC2)c(-c2cccc(N3CCN(c4ccc(NS(=O)(=O)c5cccc(F)c5)cc4)CC3)c2)c(-c2ccc(Cl)cc2)n1C,253.0,0.0,0.0,1,0,Ki,50969086
CC1(C)CCC(CN2CCN(c3ccc(C(=O)NS(=O)(=O)c4cc(F)c(NCC5CCOCC5)cc4Cl)c(Oc4ccc5[nH]ccc5c4)c3)CC2)=C(c2ccc(Cl)cc2)C1,255.95,0.0,0.0,1,0,Ki,325082
O=C(N[C@@H](Cc1ccccc1)C(=O)NS(=O)(=O)c1ccc(Cl)c([N+](=O)[O-])c1)c1cn(Cc2ccc(-c3ccc(Cl)cc3)cc2)c2ccccc12,260.0,0.0,0.0,1,0,Ki,50681329
CN(C)CCc1ccc(Oc2cc(N3CCN(Cc4ccccc4-c4ccc(Cl)cc4)CC3)ccc2C(=O)NS(=O)(=O)c2ccc(NCC3CCOCC3)c([N+](=O)[O-])c2)cc1,264.27,0.0,0.0,2,0,Ki,"281420,387666"
Cc1cc(Oc2ccc(Cn3nc(C(=O)NS(=O)(=O)c4ccc(NCc5ccco5)c([N+](=O)[O-])c4)c4cc(Cl)ccc43)cc2)cc(C)c1Cl,266.0,0.0,0.0,1,0,Ki,1319457
Cc1cc(OCCCn2c(C(=O)N3CCCCC3)cc3ccc(OCc4ccccc4C(=O)O)cc32)cc(C)c1Cl,270.0,0.0,0.0,1,0,Ki,50748755
N#CC1=C2C(=NC1=O)c1cccc3c(Oc4ccc(-c5ccccc5)cc4)ccc2c13,278.0,0.0,0.0,1,0,Ki,50657380
CN(C)CC#Cc1ccc(OCCCc2sc(N3CCc4cccc(C(=O)Nc5nc6ccccc6s5)c4C3)nc2C(=O)O)c(Cl)c1,280.0,0.0,0.0,1,0,Ki,50243994
O=c1c(O)cccc2c([C@H]3Oc4cc(O)cc(O)c4C[C@H]3O)cc(O)c(O)c12,286.0,0.0,0.0,1,0,Ki,51186121
CN(C)CCCNc1ccc(S(=O)(=O)NC(=O)c2ccc(N3CCN(CC4=C(c5ccc(Cl)cc5)CC(C)(C)CC4)CC3)cc2Oc2ccc3[nH]ccc3c2)cc1S(=O)(=O)C(F)(F)Cl,288.67,0.0,0.0,1,0,Ki,324794
CC(C)c1ccccc1Cc1cc(C(=O)Nc2ccc(S(=O)(=O)c3ccccc3C(C)(C)C)cc2)c(O)c(O)c1O,290.0,0.0,0.0,2,0,Ki,"50361893,51364732"
CON(C)C(=O)[C@H]1CC=C(CCC=C(C)C)C[C@@H]1c1ccccc1,300.0,0.0,0.0,1,0,Ki,51337653
CN(C)CC[C@H](CSc1ccccc1)Nc1ccc(S(=O)(=O)NC(=O)c2ccc(N3CCN(C(=O)Nc4ccccc4)CC3)cc2)cc1[N+](=O)[O-],300.0,0.0,0.0,1,0,Ki,38797
COc1ccc(Oc2ccc3c4c(cccc24)C2=NC(=O)C(C#N)=C23)cc1,304.0,0.0,0.0,1,0,Ki,50657378
N#CC1=C2C(=NC1=O)c1cccc3c(N4CCSCC4)ccc2c13,310.0,0.0,0.0,4,1,Ki,"50622516,50657373,51039669"
N#CC1=C2C3=CC=C(N4CCSCC4)C4=CC=CC(C2=NC1=O)C43,310.0,0.0,0.0,1,0,Ki,51288574
Cc1cc(OCCCc2c3n(c4c(-c5c(C)nn(C)c5C)c(Cl)ccc24)CCCN(c2cn(C)c4c(C(=O)O)cccc24)C3=O)cc(C)c1Cl,310.0,0.0,0.0,1,0,Ki,50764104
COc1cc(CCCN2CCOCC2)ccc1-c1ccc(C(=O)NS(=O)(=O)c2ccc(N[C@H](CCCN(C)C)CSc3ccccc3)c([N+](=O)[O-])c2)cc1,317.0,0.0,0.0,1,0,Ki,50336965
Cc1cc2c(C(C)C)c(O)c(O)c(C=O)c2c(O)c1-c1cc2cc(C(C)C)c(O)c(O)c2c(C=O)c1O,320.0,0.0,0.0,1,0,Ki,51031083
COC1CCC(CNc2ccc(S(=O)(=O)NC(=O)c3ccc(N4CCN(CC5=C(c6ccc(Cl)cc6)CC(C)(C)CC5)CC4)cc3Oc3ccc(NCC(F)F)nc3)cc2[N+](=O)[O-])CC1,327.81,0.0,0.0,1,0,Ki,387950
O=C(O[C@@H]1Cc2c(O)cc(O)cc2O[C@@H]1c1cc(O)c(O)c(O)c1)c1cc(O)c(O)c(O)c1,335.0,0.0,0.0,1,0,Ki,51186099
Cc1oc2c(CC(C)C)c(O)c(O)c(O)c2c(=O)c1-c1ccccc1,340.0,0.0,0.0,1,0,Ki,50389199
O=C(Nc1nc2ccccc2s1)c1cccc2c1CN(c1ccc(-c3cn(Cc4ccccc4)nn3)c(C(=O)O)n1)CC2,348.0,0.0,0.0,1,0,Ki,51389592
COC(=O)CCCCCN/C=C1\C(=O)C(O)=C(C(C)C)c2cc(C)c(-c3c(C)cc4c(c3O)/C(=C/NCCCCCC(=O)OC)C(=O)C(O)=C4C(C)C)c(O)c21,348.0,0.0,0.0,1,0,Ki,50527966
COc1ccc2c(c1)c(CC(=O)N[C@@H](Cc1ccccc1)C(=O)NS(=O)(=O)c1ccccc1)c(C)n2-c1ccc(-c2ccccc2)cc1,350.0,0.0,0.0,1,0,Ki,50841366
Cc1cc2c(C(=O)Cc3ccccc3)c(O)c(O)cc2c(O)c1-c1c(C)cc2c(C(=O)Cc3ccccc3)c(O)c(O)cc2c1O,360.0,0.0,0.0,1,0,Ki,51288553
COc1cc(CCC(=O)N2CCOCC2)ccc1-c1ccc(C(=O)NS(=O)(=O)c2ccc(NCCSc3ccccc3)c([N+](=O)[O-])c2)cc1,366.0,0.0,0.0,1,0,Ki,50336969
CC1=C[C@@H](/C=C(\Cl)c2ccc(C(=O)O)cc2)[C@]2(C(=O)O)C=C[C@@H](CCOC(=O)Nc3cccc(Br)c3)C[C@@H]2C1,370.0,0.0,0.0,1,0,Ki,51032636
Cc1cc(OCCCc2c3n(c4c(-c5c(C)nn(C)c5C)c(Cl)ccc24)[C@H](C)CN(c2cccc4c(C(=O)O)cccc24)C3=O)cc(C)c1Cl,380.0,0.0,0.0,1,0,Ki,51277690
N#CC1=C2C(=NC1=O)c1cccc3c(Sc4ccc(Br)cc4)ccc2c13,382.0,0.0,0.0,1,0,Ki,50622537
Cc1cc(Oc2ccc(Cn3nc(C(=O)NS(=O)(=O)c4ccc([N+](=O)[O-])c(NCc5cccnc5)c4)c4cc(Cl)ccc43)cc2)cc(C)c1Cl,384.0,0.0,0.0,1,0,Ki,1319463
Cc1cc(Oc2ccc(Cn3nc(C(=O)NS(=O)(=O)c4ccc([N+](=O)[O-])c(NCc5ccco5)c4)c4cc(Cl)ccc43)cc2)cc(C)c1Cl,384.0,0.0,0.0,1,0,Ki,1319466
CC(C)c1ccc(-n2nc(C(=O)O)cc2-c2ccc(OCc3ccccc3)cc2)cc1,385.0,0.0,0.0,1,0,Ki,51218878
Cc1ccc(-c2ccc(COc3ccc(C[C@H](NC(=O)OC(C)(C)C)C(=O)NS(=O)(=O)c4ccc(Cl)c([N+](=O)[O-])c4)cc3)cc2)cc1,390.0,0.0,0.0,1,0,Ki,51131486
O=C(NS(=O)(=O)c1ccccc1)[C@H](Cc1ccc(Br)cc1)N1C(=O)/C(=C/c2ccc(-c3ccc(Cl)cc3)cc2)SC1=S,390.0,0.0,0.0,1,0,Ki,50304208
COc1cc(CCC(=O)N(C)C)ccc1-c1ccc(C(=O)NS(=O)(=O)c2ccc(NCCSc3ccccc3)c([N+](=O)[O-])c2)cc1,400.0,0.0,0.0,1,0,Ki,50336979
O=C(O[C@@H]1Cc2c(O)cc(O)cc2O[C@@H]1c1ccc(O)c(O)c1)c1cc(O)c(O)c(O)c1,400.0,0.0,0.0,1,0,Ki,51186100
COc1cc(CCCN2CCOCC2)ccc1-c1ccc(C(=O)NS(=O)(=O)c2ccc(NCCSc3ccccc3)c([N+](=O)[O-])c2)cc1,402.0,0.0,0.0,1,0,Ki,50336971
CCOc1ccc(-c2c(NC(=O)c3ccc(C(C)(C)C)cc3)c(C(=O)O)nn2-c2ccc(Oc3ccccc3)cc2)cc1,406.0,0.0,0.0,1,0,Ki,51218923
O=C(NS(=O)(=O)c1ccc(Cl)c([N+](=O)[O-])c1)[C@@H]1Cc2cc(Br)c(OCc3ccc(-c4ccccc4)cc3)c(Br)c2CC1Cc1ccc([N+](=O)[O-])cc1,410.0,0.0,0.0,1,0,Ki,51517872
Cc1cc(OCCCn2ccc3cc(OCc4cccc(C(=O)O)c4)ccc32)cc(C)c1Cl,410.0,0.0,0.0,1,0,Ki,50748665
Cc1nn(Cc2ccccc2)cc1-c1ccc(N2CCc3cccc(C(=O)Nc4nc5ccccc5s4)c3C2)nc1C(=O)O,413.0,0.0,0.0,1,0,Ki,51389593
Cc1cc(Oc2ccc(Cn3nc4ccc(Cl)cc4c3C(=O)NS(=O)(=O)c3ccc(NCCN4CCOCC4)c([N+](=O)[O-])c3)cc2)cc(C)c1Cl,420.0,0.0,0.0,2,0,Ki,"1319489,51461336"
CCOc1cccc(S(=O)(=O)Nc2ccc(N3CCN(c4cccc(-c5c(C(=O)NCCCN6CCN(C)CC6)c(C)n(C)c5-c5ccc(Cl)cc5)c4)CC3)cc2)c1,420.0,0.0,0.0,1,0,Ki,50969077
O=C1c2ccccc2C(=O)c2cc(O)c(O)cc21,420.0,0.0,0.0,1,0,Ki,50975876
CC1(C)CCC(CN2CCN(c3ccc(C(=O)NS(=O)(=O)c4ccc(NCC5CCOCC5)c([N+](=O)[O-])c4)c(Oc4cc(NC(=O)OC(C)(C)C)ncc4Br)c3)CC2)=C(c2ccc(Cl)cc2)C1,427.49,0.0,0.0,2,0,Ki,"281706,387958"
COc1ccc2c(c1)c(CC(=O)N[C@@H](Cc1ccc(OCc3cccc(C)c3)cc1)C(=O)NS(=O)(=O)c1ccc(Cl)c([N+](=O)[O-])c1)c(C)n2C(=O)c1ccc(Cl)cc1,430.0,0.0,0.0,1,0,Ki,51248076
O=C(NS(=O)(=O)c1ccc(NCCSc2ccccc2)c([N+](=O)[O-])c1)c1ccc(-c2ccc(F)cc2)cc1,433.0,0.0,0.0,1,0,Ki,50134303
Cc1cc(OCCCc2c3n(c4c(-c5c(C)nn(C)c5C)c(Cl)ccc24)CCCN(c2ccc(C(=O)O)c4ccn(C)c24)C3=O)cc(C)c1Cl,440.0,0.0,0.0,1,0,Ki,50764101
COc1ccc2c(c1)c(CC(=O)N[C@@H](Cc1ccc(OCc3cccc(C#N)c3)cc1)C(=O)NS(=O)(=O)c1ccc(Cl)c([N+](=O)[O-])c1)c(C)n2C(=O)c1ccc(Cl)cc1,440.0,0.0,0.0,1,0,Ki,51248087
COc1ccc2c(c1)c(CC(=O)N[C@@H](Cc1ccc(OCc3ccc(Br)cc3)cc1)C(=O)NS(=O)(=O)c1ccc(Cl)c([N+](=O)[O-])c1)c(C)n2C(=O)c1ccc(Cl)cc1,440.0,0.0,0.0,1,0,Ki,51248067
Cc1ccc(Oc2ccc3c4c(cccc24)C2=NC(=O)C(C#N)=C23)cc1,445.0,0.0,0.0,1,0,Ki,50657376
Cc1ccc(CC(=O)N[C@@H](Cc2ccc(OCc3ccc(-c4ccccc4)cc3)cc2)C(=O)NS(=O)(=O)c2ccc(NCCCc3ccccc3)c([N+](=O)[O-])c2)cc1,450.0,0.0,0.0,1,0,Ki,51131484
COc1ccc2c(c1)c(CC(=O)N[C@@H](Cc1ccc(OCc3ccccc3Br)cc1)C(=O)NS(=O)(=O)c1ccc(Cl)c([N+](=O)[O-])c1)c(C)n2C(=O)c1ccc(Cl)cc1,450.0,0.0,0.0,1,0,Ki,51248078
Cc1ccc(CC(=O)N[C@@H](Cc2ccc(OCc3ccccc3)cc2)C(=O)NS(=O)(=O)c2ccc(NCCCc3ccccc3)c([N+](=O)[O-])c2)cc1,450.0,0.0,0.0,1,0,Ki,51131497
N#Cc1ccc(CC2Cc3c(cc(Br)c(OCc4ccc(-c5ccccc5)cc4)c3Br)C[C@H]2C(=O)NS(=O)(=O)c2ccc(Cl)c([N+](=O)[O-])c2)cc1,450.0,0.0,0.0,1,0,Ki,51517871
CC1=C[C@@H](/C=C(\Cl)c2ccc(C(=O)O)cc2)[C@]2(C(=O)O)C=C[C@@H](CCOC(=O)c3ccc(Cl)cc3)C[C@@H]2C1,450.0,0.0,0.0,1,0,Ki,51032645
O=C(NS(=O)(=O)c1ccc(NCC2CCOCC2)cc1)c1ccc(N2CCN(Cc3ccccc3-c3ccc(Cl)cc3)CC2)cc1Oc1cccc([N+](=O)[O-])c1,450.52,0.0,0.0,2,0,Ki,"281410,387656"
Cc1cc(Oc2ccc(Cn3nc(C(=O)NS(=O)(=O)c4ccc([N+](=O)[O-])c(N5CCOCC5)c4)c4cc(Cl)ccc43)cc2)cc(C)c1Cl,451.0,0.0,0.0,1,0,Ki,1319460
Cc1cc(Oc2ccc(Cn3nc4ccc(Cl)cc4c3C(=O)NS(=O)(=O)c3ccc([N+](=O)[O-])c(NCCc4cccnc4)c3)cc2)cc(C)c1Cl,460.0,0.0,0.0,2,0,Ki,"1319527,51461349"
CC(O)(c1ccc(Cl)cc1)c1ccc(Cl)c(CCOc2ccc(-c3ccc(C(=O)O)cc3)cc2)c1,460.0,0.0,0.0,1,0,Ki,50605251
Cc1cc(Oc2ccc(Cn3nc4ccc(Cl)cc4c3C(=O)NS(=O)(=O)c3ccc(NCCc4cccnc4)c([N+](=O)[O-])c3)cc2)cc(C)c1Cl,460.0,0.0,0.0,2,0,Ki,"1319503,51461341"
COc1ccc(S(=O)(=O)NC(=O)[C@H](Cc2ccccc2)NC(=O)Cc2c(C)n(-c3ccc(-c4ccccc4)cc3)c3ccc(OC)cc23)cc1,470.0,0.0,0.0,1,0,Ki,50841365
CC(C)(C)c1ccc(OCCCn2ccc3cc(OCc4cccc(C(=O)O)c4)ccc32)cc1,470.0,0.0,0.0,1,0,Ki,50748753
COc1ccc2c(c1)c(CC(=O)N[C@@H](Cc1ccc(OCc3ccc(C#N)cc3)cc1)C(=O)NS(=O)(=O)c1ccc(Cl)c([N+](=O)[O-])c1)c(C)n2C(=O)c1ccc(Cl)cc1,470.0,0.0,0.0,1,0,Ki,51248096
COc1cccc(COc2ccc(C[C@H](NC(=O)Cc3c(C)n(C(=O)c4ccc(Cl)cc4)c4ccc(OC)cc34)C(=O)NS(=O)(=O)c3ccc(Cl)c([N+](=O)[O-])c3)cc2)c1,480.0,0.0,0.0,1,0,Ki,51248077
O=C(NS(=O)(=O)c1ccc([N+](=O)[O-])cc1)[C@H](Cc1ccc(Br)cc1)N1C(=O)/C(=C/c2ccc(-c3ccc(Cl)cc3)cc2)SC1=S,490.0,0.0,0.0,1,0,Ki,50304207
Cc1cc(OCCCc2c3n(c4c(-c5c(C)nn(C)c5C)c(Cl)ccc24)CCCN(c2ccc(C(=O)O)c4cccnc24)C3=O)cc(C)c1Cl,490.0,0.0,0.0,1,0,Ki,50764171
Cc1c(C(=O)NCCCN2CCN(C)CC2)c(-c2cccc(N3CCN(c4ccc(NS(=O)(=O)c5cccc(C(C)(C)C)c5)cc4)CC3)c2)c(-c2ccc(Cl)cc2)n1C,494.0,0.0,0.0,1,0,Ki,50969080
Cc1cc(OCCCc2c3n(c4c(-c5c(C)nn(C)c5C)c(Cl)ccc24)[C@H](C)CN(c2cn(C)c4cc(C(=O)O)ccc24)C3=O)cc(C)c1Cl,500.0,0.0,0.0,1,0,Ki,51277636
Cc1cc(Oc2ccc(Cn3nc4ccc(Cl)cc4c3C(=O)NS(=O)(=O)c3ccc(Cl)cc3)cc2)cc(C)c1Cl,510.0,0.0,0.0,2,0,Ki,"1319483,51461334"
CC(C)(C)OC(=O)N1C[C@@H](Oc2ccc(-c3ccc(Cl)cc3)cc2)C[C@H]1C(=O)N[C@@H](Cc1ccc(OCc2ccccc2)cc1)C(=O)NS(=O)(=O)c1ccc(Cl)c([N+](=O)[O-])c1,510.0,0.0,0.0,1,0,Ki,50538713
COc1ccc2c(c1)c(CC(=O)N[C@@H](Cc1ccc(OCc3ccc([N+](=O)[O-])cc3)cc1)C(=O)NS(=O)(=O)c1ccc(Cl)c([N+](=O)[O-])c1)c(C)n2C(=O)c1ccc(Cl)cc1,510.0,0.0,0.0,1,0,Ki,51248097
CC(=O)Nc1ccc(Oc2cc(N3CCN(Cc4ccccc4-c4ccc(Cl)cc4)CC3)ccc2C(=O)NS(=O)(=O)c2ccc(NCC3CCOCC3)c([N+](=O)[O-])c2)cc1,511.56,0.0,0.0,2,0,Ki,"281415,387661"
COc1ccc2c(c1)c(CC(=O)N[C@@H](Cc1ccc(OCc3ccccc3)cc1)C(=O)NS(=O)(=O)c1ccc(Cl)c([N+](=O)[O-])c1)c(C)n2C(=O)c1ccc(Cl)cc1,520.0,0.0,0.0,1,0,Ki,51248092
Cc1cc(OCCCc2c3n(c4c(-c5c(C)nn(C)c5C)c(Cl)ccc24)CCCN(c2cc(C(=O)O)cc4ccn(C)c24)C3=O)cc(C)c1Cl,520.0,0.0,0.0,1,0,Ki,50764176
Cc1c(C(=O)NCCCN2CCN(C)CC2)c(-c2cccc(N3CCN(c4ccc(NS(=O)(=O)c5cccc(OC(C)C)c5)cc4)CC3)c2)c(-c2ccc(Cl)cc2)n1C,522.0,0.0,0.0,1,0,Ki,50969076
Cc1cc(Oc2ccc(Cn3nc4ccc(Cl)cc4c3C(=O)NS(=O)(=O)c3ccc(N4CCOCC4)c([N+](=O)[O-])c3)cc2)cc(C)c1Cl,530.0,0.0,0.0,2,0,Ki,"1319486,51461335"
Cc1cc(OCCCc2c3n(c4c(-c5c(C)nn(C)c5C)c(Cl)ccc24)CCCN(c2cn(C)c4cc(C(=O)O)ccc24)C3=O)cc(C)c1Cl,530.0,0.0,0.0,1,0,Ki,50764172
COc1ccc2c(c1)c(CC(=O)N[C@@H](Cc1ccc(OCc3ccccc3)cc1)C(=O)NS(=O)(=O)c1ccc(Br)cc1)c(C)n2C(=O)c1ccc(Cl)cc1,530.0,0.0,0.0,1,0,Ki,51248086
O=C(NS(=O)(=O)c1ccccc1)[C@H](Cc1ccc(Br)cc1)N1C(=O)/C(=C/c2ccc(-c3ccc([N+](=O)[O-])cc3)cc2)SC1=S,540.0,0.0,0.0,1,0,Ki,50304209
Cc1nn(Cc2ccccc2)c(C)c1-c1ccc(N2CCc3cccc(C(=O)Nc4nc5ccccc5s4)c3C2)nc1C(=O)O,548.0,0.0,0.0,1,0,Ki,51389595
Cc1cc(OCCCc2c3n(c4c(-c5c(C)nn(C)c5C)c(Cl)ccc24)CCCN(c2cc(C(=O)O)cc4c2OCO4)C3=O)cc(C)c1Cl,550.0,0.0,0.0,1,0,Ki,50764100
Cc1ccc(-c2ccc(O[C@H]3C[C@@H](C(=O)N[C@@H](Cc4ccc(Br)cc4)C(=O)NS(=O)(=O)c4ccc(Cl)c([N+](=O)[O-])c4)N(C(=O)OC(C)(C)C)C3)cc2)cc1,550.0,0.0,0.0,1,0,Ki,51215374
CCCCCC(=O)N[C@@H](Cc1ccc(OCc2ccc(-c3ccccc3)cc2)cc1)C(=O)NS(=O)(=O)c1ccc(Cl)c([N+](=O)[O-])c1,560.0,0.0,0.0,1,0,Ki,51131485
COc1ccc2c(c1)c(CC(=O)N[C@@H](Cc1ccc(OCc3ccc(C)cc3)cc1)C(=O)NS(=O)(=O)c1ccc(Cl)c([N+](=O)[O-])c1)c(C)n2C(=O)c1ccc(Cl)cc1,560.0,0.0,0.0,1,0,Ki,51248095
COc1ccc2c(c1)c(CC(=O)N[C@@H](Cc1ccc(OCc3cccc4ccccc34)cc1)C(=O)NS(=O)(=O)c1ccc(Cl)c([N+](=O)[O-])c1)c(C)n2C(=O)c1ccc(Cl)cc1,560.0,0.0,0.0,1,0,Ki,51248081
Cc1cc(OCCCc2c3n(c4c(-c5c(C)nn(C)c5C)c(Cl)ccc24)CCCN(c2cn(C)c4ccc(C(=O)O)cc24)C3=O)cc(C)c1Cl,560.0,0.0,0.0,1,0,Ki,50764105
O=C(NS(=O)(=O)c1ccc(NCC2CCOCC2)c([N+](=O)[O-])c1)c1ccc(N2CCN(Cc3ccccc3-c3ccc(Cl)cc3)CC2)cc1Oc1ccc(OCCN2CCOCC2)cc1,561.21,0.0,0.0,2,0,Ki,"281427,387673"
Cc1c(C(=O)NCCCN2CCN(C)CC2)c(-c2cccc(N3CCN(c4ccc(NS(=O)(=O)c5ccccc5)cc4)CC3)c2)c(-c2ccc(Cl)cc2)n1C,569.0,0.0,0.0,1,0,Ki,50969087
Cc1cc(Oc2ccc(Cn3nc(C(=O)NS(=O)(=O)c4ccc(N5CCOCC5)c([N+](=O)[O-])c4)c4cc(Cl)ccc43)cc2)cc(C)c1Cl,569.0,0.0,0.0,1,0,Ki,1319449
Cc1cc(Oc2ccc(Cn3nc4ccc(Cl)cc4c3C(=O)NS(=O)(=O)c3ccc(NCc4ccco4)c([N+](=O)[O-])c3)cc2)cc(C)c1Cl,570.0,0.0,0.0,2,0,Ki,"1319491,51461337"
O=C(N[C@@H](Cc1ccc(OCc2ccc(-c3ccccc3)cc2)cc1)C(=O)NS(=O)(=O)c1ccc(Cl)c([N+](=O)[O-])c1)c1ccc2ccccc2c1,570.0,0.0,0.0,1,0,Ki,51131491
Cc1cc(OCCCn2nc(C(=O)NS(=O)(=O)c3ccc(NCc4ccco4)c([N+](=O)[O-])c3)c3cc(Cl)ccc32)cc(C)c1Cl,572.0,0.0,0.0,1,0,Ki,1319430
Cc1cc(OCCCc2c3n(c4c(-c5c(C)nn(C)c5C)c(Cl)ccc24)CCCN(c2cc(C(=O)O)c4ccn(C)c4c2)C3=O)cc(C)c1Cl,578.0,2.0,1.414213562373095,2,0,Ki,"50764093,51439207"
CC(C)(C)OC(=O)N[C@@H](Cc1ccc(OCc2ccc(-c3ccc(Cl)cc3)cc2)cc1)C(=O)NS(=O)(=O)c1ccc(Cl)c([N+](=O)[O-])c1,580.0,0.0,0.0,1,0,Ki,51131502
O=C(N[C@@H](Cc1ccc(OCc2ccc(-c3ccccc3)cc2)cc1)C(=O)NS(=O)(=O)c1ccc(Cl)c([N+](=O)[O-])c1)c1cccnc1,580.0,0.0,0.0,1,0,Ki,51131499
COc1ccc2c(c1)c(CC(=O)N[C@@H](Cc1ccccc1)C(=O)NS(=O)(=O)c1ccc(Cl)c([N+](=O)[O-])c1)c(C)n2-c1ccc(-c2ccccc2)cc1,580.0,0.0,0.0,1,0,Ki,50841390
COc1ccc2c(c1)c(CC(=O)N[C@@H](Cc1ccc(Br)cc1)C(=O)NS(=O)(=O)c1ccc(Cl)c([N+](=O)[O-])c1)c(C)n2C(=O)c1ccc(Cl)cc1,590.0,0.0,0.0,1,0,Ki,51248072
CC(C)c1cc(C(=O)N2CCc3ccc(S(=O)(=O)NCCc4ccccc4)cc3C2)c(O)c(O)c1O,590.0,0.0,0.0,1,0,Ki,50379663
CC(C)=CCCC1=CC[C@H](C(=O)NO)[C@@H](c2ccccc2)C1,600.0,0.0,0.0,1,0,Ki,51337659
O=C(/C=C/c1ccccc1Cl)Nc1ccc(C(=O)NS(=O)(=O)c2ccc(NCCSc3ccccc3)c([N+](=O)[O-])c2)cc1,600.0,0.0,0.0,1,0,Ki,50521559
Cc1cc(Oc2ccc(Cn3nc4ccc(Cl)cc4c3C(=O)NS(=O)(=O)c3ccc(NCc4ccn(C)n4)c([N+](=O)[O-])c3)cc2)cc(C)c1Cl,600.0,0.0,0.0,2,0,Ki,"1319497,51461339"
N#Cc1ccc(COc2ccc(C[C@H](NC(=O)Cc3ccc(-c4ccccc4)cc3)C(=O)NS(=O)(=O)c3ccc(NC4CCCC4)c([N+](=O)[O-])c3)cc2)cc1,610.0,0.0,0.0,1,0,Ki,51131496
O=C(O)c1ccc(COc2ccc(/C=C3\SC(=S)N(c4ccc(Br)cc4)C3=O)cc2)cc1,610.0,0.0,0.0,1,0,Ki,50429782
Cc1cc(Oc2ccc(Cn3nc(C(=O)NS(=O)(=O)c4ccc(NCc5cccnc5)c([N+](=O)[O-])c4)c4cc(Cl)ccc43)cc2)cc(C)c1Cl,611.0,0.0,0.0,1,0,Ki,1319452
Cc1cc(Oc2ccc(Cn3nc4ccc(Cl)cc4c3C(=O)NS(=O)(=O)c3ccc(NCCc4ccco4)c([N+](=O)[O-])c3)cc2)cc(C)c1Cl,620.0,0.0,0.0,2,0,Ki,"1319494,51461338"
COC(=O)[C@@]12C=C[C@@H](CC(=O)NCc3ccc(Cl)cc3)C[C@@H]1CC(C)=C[C@H]2/C=C(\Cl)c1ccc(C(=O)O)cc1,620.0,0.0,0.0,1,0,Ki,51032937
Cc1cc(Oc2ccc(Cn3nc(C(=O)NS(=O)(=O)Cc4ccc(N5CCOCC5)c([N+](=O)[O-])c4)c4cc(Cl)ccc43)cc2)cc(C)c1Cl,620.0,0.0,0.0,1,0,Ki,1319536
CC(C)(C)OC(=O)N[C@@H](Cc1ccc(OCc2ccc(-c3ccccc3)cc2)cc1)C(=O)NS(=O)(=O)c1ccc(Cl)c([N+](=O)[O-])c1,620.0,0.0,0.0,1,0,Ki,51131489
O=C(Nc1nc2ccccc2s1)c1cccc2c1CN(c1ccc(CCCOc3ccccc3)c(C(=O)O)n1)CC2,626.0,0.0,0.0,1,0,Ki,51389589
Cc1cc(OCCCc2c3n(c4c(-c5c(C)nn(C)c5C)c(Cl)ccc24)[C@H](C)CN(c2cc(C(=O)O)cc4c2ccn4C)C3=O)cc(C)c1Cl,630.0,0.0,0.0,1,0,Ki,51277689
Cc1cc(OCCCc2c3n(c4c(-c5c(C)nn(C)c5C)c(Cl)ccc24)[C@H](C)CN(c2cc(C(=O)O)cc4c2OCO4)C3=O)cc(C)c1Cl,630.0,0.0,0.0,1,0,Ki,51277714
COc1ccc2c(c1)c(CC(=O)N[C@@H](Cc1ccc(OCc3ccc([N+](=O)[O-])cc3)cc1)C(=O)NS(=O)(=O)c1ccc(Br)cc1)c(C)n2C(=O)c1ccc(Cl)cc1,630.0,0.0,0.0,1,0,Ki,51248080
Cc1cc2c(C(C)C)c(O)c(O)cc2c(O)c1-c1c(C)cc2c(C(C)C)c(O)c(O)cc2c1O,640.0,0.0,0.0,1,0,Ki,51288552
Cc1c(C(=O)NCCCN2CCN(C)CC2)c(-c2cccc(N3CCN(c4ccc(NS(=O)(=O)c5cccc(S(C)(=O)=O)c5)cc4)CC3)c2)c(-c2ccc(Cl)cc2)n1C,658.0,0.0,0.0,1,0,Ki,50969074
Cc1cc(Oc2ccc(Cn3nc4ccc(Cl)cc4c3C(=O)NS(=O)(=O)c3ccc(NCCc4ccncc4)c([N+](=O)[O-])c3)cc2)cc(C)c1Cl,660.0,0.0,0.0,2,0,Ki,"1319509,51461343"
CN(C)C(=O)COc1ccc(Oc2cc(N3CCN(Cc4ccccc4-c4ccc(Cl)cc4)CC3)ccc2C(=O)NS(=O)(=O)c2ccc(NCC3CCOCC3)c([N+](=O)[O-])c2)cc1,669.5,0.0,0.0,2,0,Ki,"281434,387680"
COc1ccc2c(c1)c(CC(=O)N[C@@H](Cc1ccc(OCc3ccccc3C#N)cc1)C(=O)NS(=O)(=O)c1ccc(Cl)c([N+](=O)[O-])c1)c(C)n2C(=O)c1ccc(Cl)cc1,670.0,0.0,0.0,1,0,Ki,51248079
CC(C)(C)OC(=O)N1C[C@@H](Oc2ccc(-c3ccc(Cl)cc3)cc2)C[C@H]1C(=O)N[C@@H](Cc1ccc(OCCc2ccccc2)cc1)C(=O)NS(=O)(=O)c1ccc(Cl)c([N+](=O)[O-])c1,670.0,0.0,0.0,1,0,Ki,50538700
CC(C)(C)OC(=O)N1C[C@@H](Oc2ccc(-c3ccccc3)cc2)C[C@H]1C(=O)N[C@@H](Cc1ccc(OCc2ccc(Br)cc2)cc1)C(=O)NS(=O)(=O)c1ccc(Cl)c([N+](=O)[O-])c1,680.0,0.0,0.0,1,0,Ki,50538684
Cc1cc(Oc2ccc(Cn3nc(C(=O)NS(=O)(=O)Cc4ccc(NCc5cccnc5)c([N+](=O)[O-])c4)c4cc(Cl)ccc43)cc2)cc(C)c1Cl,690.0,0.0,0.0,1,0,Ki,1319538
O=c1c(O)cc([C@H]2Oc3cc(O)cc(O)c3C[C@H]2O)cc2c([C@H]3Oc4cc(O)cc(O)c4C[C@H]3O)cc(O)c(O)c12,690.0,0.0,0.0,1,0,Ki,51186106
Cc1cc(OCCCc2c3n(c4c(-c5c(C)nn(C)c5C)c(Cl)ccc24)[C@H](C)CN(c2ccc(C(=O)O)cc2)C3=O)cc(C)c1Cl,690.0,0.0,0.0,1,0,Ki,51277687
Cc1cc(OCCCn2nc(C(=O)NS(=O)(=O)c3ccc(NCc4cccnc4)c([N+](=O)[O-])c3)c3cc(Cl)ccc32)cc(C)c1Cl,694.0,0.0,0.0,1,0,Ki,1319433
CCOc1ccc(-c2cc(C(=O)O)nn2-c2ccc(Oc3ccccc3)cc2)cc1,694.0,0.0,0.0,1,0,Ki,51218898
COC(=O)[C@@]12C=C[C@@H](CC(=O)Nc3ccc(Cl)cc3)C[C@@H]1CC(C)=C[C@H]2/C=C(\Cl)c1ccc(C(=O)O)cc1,700.0,0.0,0.0,1,0,Ki,51033003
CC(C)(C)OC(=O)N[C@@H](Cc1ccc(OCc2ccc(Oc3ccccc3)cc2)cc1)C(=O)NS(=O)(=O)c1ccc(Cl)c([N+](=O)[O-])c1,700.0,0.0,0.0,1,0,Ki,51131501
CC(C)=CCCC1=CC[C@@H](C(=O)NO)[C@H](c2ccccc2)C1,700.0,0.0,0.0,1,0,Ki,51337660
Cc1cc(Oc2ccc(Cn3nc4ccc(Cl)cc4c3C(=O)NS(=O)(=O)c3ccc([N+](=O)[O-])c(NCc4ccn(C)n4)c3)cc2)cc(C)c1Cl,710.0,0.0,0.0,2,0,Ki,"1319521,51461347"
Cc1cc(Oc2ccc(Cn3nc4ccc(Cl)cc4c3C(=O)NS(=O)(=O)c3ccc([N+](=O)[O-])c(NCc4ccncc4)c3)cc2)cc(C)c1Cl,710.0,0.0,0.0,2,0,Ki,"1319530,51461350"
COc1ccc2c(c1)c(CC(=O)NS(=O)(=O)c1ccc(Cl)c([N+](=O)[O-])c1)c(C)n2-c1ccc(-c2ccccc2)cc1,720.0,0.0,0.0,1,0,Ki,50841380
COc1ccccc1/C=C/C(=O)Nc1ccc(C(=O)NS(=O)(=O)c2ccc(NCCSc3ccccc3)c([N+](=O)[O-])c2)cc1,720.0,0.0,0.0,1,0,Ki,50521599
COc1ccc2c(c1)c(CC(=O)N[C@@H](Cc1ccc(OCc3ccc([N+](=O)[O-])cc3)cc1)C(=O)NS(=O)(=O)c1ccc(Cl)c([N+](=O)[O-])c1)c(C)n2-c1ccc(C)cc1,720.0,0.0,0.0,1,0,Ki,50841368
COc1cc(CCCO)ccc1-c1ccc(C(=O)NS(=O)(=O)c2ccc(NCCSc3ccccc3)c([N+](=O)[O-])c2)cc1,721.0,0.0,0.0,1,0,Ki,50336900
Cc1cc(OCCCc2c3n(c4c(-c5c(C)nn(C)c5C)c(Cl)ccc24)[C@H](C)CN(c2cn(C)c4ccc(C(=O)O)cc24)C3=O)cc(C)c1Cl,730.0,0.0,0.0,4,0,Ki,"51277691,51277705,51277740,51455570"
Cc1cc(OCCCn2c(C(=O)N(C)C)cc3ccc(OCc4ccccc4C(=O)O)cc32)cc(C)c1Cl,730.0,0.0,0.0,1,0,Ki,50748703
Cc1cc(=O)c2c(O)c(O)c(O)c(CC(C)C)c2o1,730.0,0.0,0.0,1,0,Ki,50389198
CC1(C)CCN(c2ccc(C(=O)NS(=O)(=O)c3ccc(N[C@@H](CCN4CCOCC4)CSc4ccccc4)c([N+](=O)[O-])c3)cc2)CC1,732.0,0.0,0.0,1,0,Ki,50336995
Cc1cc(Oc2ccc(Cn3nc(C(=O)NS(=O)(=O)c4ccc(NCCN5CCOCC5)c([N+](=O)[O-])c4)c4cc(Cl)ccc43)cc2)cc(C)c1Cl,738.0,0.0,0.0,1,0,Ki,1319455
O=C(N[C@@H](Cc1ccccc1)C(=O)NS(=O)(=O)c1ccccc1)c1cn(Cc2ccc(-c3ccc(Cl)cc3)cc2)c2ccccc12,740.0,0.0,0.0,1,0,Ki,50681352
COc1ccc(-c2ccc(Cn3cc(C(=O)N[C@@H](Cc4c[nH]c5ccccc45)C(=O)NS(=O)(=O)c4ccc(C)cc4)c4ccccc43)cc2)cc1,750.0,0.0,0.0,1,0,Ki,50681280
Cc1ccc(-c2ccc(O[C@H]3C[C@@H](C(=O)N[C@@H](Cc4ccc(OCc5ccc([N+](=O)[O-])cc5)cc4)C(=O)NS(=O)(=O)c4ccc(Cl)c([N+](=O)[O-])c4)N(C(=O)OC(C)(C)C)C3)cc2)cc1,750.0,0.0,0.0,1,0,Ki,50538716
O=C(Nc1ccc(C(=O)NS(=O)(=O)c2ccc(NCCSc3ccccc3)c([N+](=O)[O-])c2)cc1)c1ccc(Br)cc1,760.0,0.0,0.0,1,0,Ki,50713095
Cc1cc(OCCCn2ccc3cc(OCc4ccccc4C(=O)O)ccc32)cc(C)c1Cl,760.0,0.0,0.0,1,0,Ki,50748642
Cc1cc(OCCCc2c3n(c4c(-c5c(C)nn(C)c5C)c(Cl)ccc24)[C@H](C)CN(c2cc(C(=O)O)c4ccn(C)c4c2)C3=O)cc(C)c1Cl,770.0,0.0,0.0,1,0,Ki,51277688
Cc1cc(Oc2ccc(Cn3nc4ccc(Cl)cc4c3C(=O)NS(=O)(=O)c3ccc([N+](=O)[O-])c(NCCc4ccncc4)c3)cc2)cc(C)c1Cl,770.0,0.0,0.0,2,0,Ki,"1319533,51461351"
Cc1cc(OCCCc2c(C(=O)O)n3c4c(c(Cl)ccc24)CCC3)cc(C)c1Cl,770.0,0.0,0.0,1,0,Ki,50337386
N#CC1=C(NCc2ccc(C(=O)O)cc2)c2ccc(Sc3ccc(Br)cc3)c3cccc(c23)C1=O,780.0,0.0,0.0,1,0,Ki,51372049
CC(C)(C)OC(=O)N[C@@H](Cc1ccc(OCc2ccc(C#N)cc2)cc1)C(=O)NS(=O)(=O)c1ccc(NCCCc2ccccc2)c([N+](=O)[O-])c1,800.0,0.0,0.0,1,0,Ki,51131492
COc1ccc(C(=O)Nc2ccc(C(=O)NS(=O)(=O)c3ccc(NCCSc4ccccc4)c([N+](=O)[O-])c3)cc2)cc1,800.0,0.0,0.0,1,0,Ki,50713096
CNC(=O)c1cc2ccc(OCc3ccccc3C(=O)O)cc2n1CCCOc1cc(C)c(Cl)c(C)c1,810.0,0.0,0.0,1,0,Ki,50748702
N#CC1=C(NCCC(=O)NCCOCCO)c2ccc(Sc3ccc(Br)cc3)c3cccc(c23)C1=O,810.0,0.0,0.0,1,0,Ki,51372054
CC(C)(C)OC(=O)N1C[C@@H](Oc2ccc(-c3ccc(Cl)cc3)cc2)C[C@H]1C(=O)N[C@@H](Cc1ccc(Br)cc1)C(=O)NS(=O)(=O)c1ccc(Cl)c([N+](=O)[O-])c1,830.0,0.0,0.0,1,0,Ki,51215375
CC(=O)N[C@@H](Cc1c[nH]c2ccccc12)C(=O)Nc1ccc(C(=O)NS(=O)(=O)c2ccc(NCCSc3ccccc3)c([N+](=O)[O-])c2)cc1,830.0,0.0,0.0,1,0,Ki,50713089
CC1=C[C@@H](/C=C(\Cl)c2ccc(C(=O)O)cc2)[C@]2(C(=O)O)C=C[C@@H](CCOC(=O)Nc3ccc(Br)cc3)C[C@@H]2C1,830.0,0.0,0.0,1,0,Ki,51032589
COc1ccc2c(c1)c(CC(=O)N[C@@H](Cc1c[nH]c3ccccc13)C(=O)NS(=O)(=O)c1ccc(Cl)c([N+](=O)[O-])c1)c(C)n2-c1ccc(-c2ccccc2)cc1,830.0,0.0,0.0,1,0,Ki,50841357
CC(C)C[C@@H](CO)Nc1ccc(S(=O)(=O)NC(=O)c2ccc(N3CCN(CC4=C(c5ccc(Cl)cc5)CC(C)(C)CC4)CC3)cc2Oc2ccc3[nH]ccc3c2)cc1[N+](=O)[O-],838.2,0.0,0.0,1,0,Ki,325073
Cc1cc(Oc2ccc(Cn3nc4ccc(Cl)cc4c3C(=O)NS(=O)(=O)c3ccc([N+](=O)[O-])c(NCCc4ccco4)c3)cc2)cc(C)c1Cl,840.0,0.0,0.0,2,0,Ki,"1319518,51461346"
N#CC1=C(C#N)c2ccc(Sc3ccc(Br)cc3)c3cccc(c23)C1=O,850.0,0.0,0.0,1,0,Ki,51372047
Cc1ccc(-c2ccc(COc3ccc(C[C@H](NC(=O)OC(C)(C)C)C(=O)NS(=O)(=O)c4ccc(NCCOc5ccccc5)c([N+](=O)[O-])c4)cc3)cc2)cc1,850.0,0.0,0.0,1,0,Ki,51131488
Cc1cc(OCCCn2c(C(N)=O)cc3ccc(OCc4ccccc4C(=O)O)cc32)cc(C)c1Cl,850.0,0.0,0.0,1,0,Ki,50748680
CCOc1ccc(-c2c(NC(=O)c3ccccc3)c(C(=O)O)nn2-c2ccc(Oc3ccccc3)cc2)cc1,855.0,0.0,0.0,1,0,Ki,51218867
Cc1cc(OCCCn2nc(C(=O)NS(=O)(=O)c3ccc(N4CCOCC4)c([N+](=O)[O-])c3)c3cc(Cl)ccc32)cc(C)c1Cl,868.0,0.0,0.0,1,0,Ki,1319436
Cc1cc2c(C)c(O)c(O)c(C=O)c2c(O)c1-c1c(C)cc2c(C(C)C)c(O)c(O)c(C=O)c2c1O,880.0,0.0,0.0,1,0,Ki,51131490
COc1ccccc1Oc1ccc2c3c(cccc13)C1=NC(=O)C(C#N)=C12,886.0,0.0,0.0,1,0,Ki,50657372
Cc1cc(Oc2ccc(Cn3nc4ccc(Cl)cc4c3C(=O)NS(=O)(=O)c3ccc([N+](=O)[O-])c(N4CCOCC4)c3)cc2)cc(C)c1Cl,900.0,0.0,0.0,2,0,Ki,"1319512,51461344"
Cc1cccc(C)c1N1C(=O)/C(=C/c2ccc(OCc3ccc(C(=O)O)cc3)cc2)SC1=S,900.0,0.0,0.0,1,0,Ki,50429771
COc1ccc2c(c1)c(CC(=O)N[C@@H](Cc1ccccc1)C(=O)NS(=O)(=O)c1ccc([N+](=O)[O-])cc1)c(C)n2-c1ccc(-c2ccccc2)cc1,910.0,0.0,0.0,1,0,Ki,50841364
O=C(N[C@@H](Cc1ccc(Br)cc1)C(=O)NS(=O)(=O)c1ccccc1)c1cn(Cc2ccc(-c3ccc(Cl)cc3)cc2)c2ccccc12,910.0,0.0,0.0,1,0,Ki,50681314
COc1ccc2c(c1)c(CC(=O)N[C@@H](Cc1ccccc1)C(=O)NS(=O)(=O)c1ccc(Cl)cc1)c(C)n2-c1ccc(-c2ccccc2)cc1,910.0,0.0,0.0,1,0,Ki,50841391
CC(C)C[C@H](NC(=O)c1cn(Cc2ccc(-c3ccc(Cl)cc3)cc2)c2ccccc12)C(=O)NS(=O)(=O)c1ccccc1,920.0,0.0,0.0,1,0,Ki,50681279
CC(C)(C)OC(=O)N1C[C@@H](Oc2ccc(-c3ccccc3)cc2)C[C@H]1C(=O)N[C@@H](Cc1ccc(O[Si](C)(C)C(C)(C)C)cc1)C(=O)NS(=O)(=O)c1ccc(Cl)c([N+](=O)[O-])c1,930.0,0.0,0.0,1,0,Ki,50538673
O=C(Nc1ccc(C(=O)NS(=O)(=O)c2ccc(NCCSc3ccccc3)c([N+](=O)[O-])c2)cc1)c1ccc(F)cc1,930.0,0.0,0.0,1,0,Ki,50713094
CC(C)(C)OC(=O)N1C[C@@H](Oc2ccc(-c3ccccc3)cc2)C[C@H]1C(=O)N[C@@H](Cc1ccc(Br)cc1)C(=O)NS(=O)(=O)c1ccc(Cl)c([N+](=O)[O-])c1,930.0,0.0,0.0,1,0,Ki,51215358
O=C(Nc1ccc(S(=O)(=O)c2ccccc2)cc1)c1cc(Cc2ccccc2)c(O)c(O)c1O,930.0,0.0,0.0,1,0,Ki,50361892
CC(C)Oc1ccc(-c2cc(C(=O)O)nn2-c2ccc(Oc3ccccc3)cc2)cc1,932.0,0.0,0.0,1,0,Ki,51218907
CO[C@H]1/C=C/C[C@H](C)[C@@H](C)S(=O)(=O)NC(=O)c2ccc3c(c2)N(C[C@@H]2CC[C@H]21)C[C@@]1(CCCc2cc(Cl)ccc21)CO3,950.0,0.0,0.0,2,0,Ki,"51288572,51455583"
Cc1cc(OCCCc2c3n(c4c(-c5c(C)nn(C)c5C)c(Cl)ccc24)CCCN(c2cc(C(=O)O)cc4c2ccn4C)C3=O)cc(C)c1Cl,950.0,0.0,0.0,1,0,Ki,50764099
O=c1c2cc(O)c(O)c(O)c2nc(-c2ccccc2)n1Cc1ccccc1,959.0,0.0,0.0,1,0,Ki,51080552
Cc1cc(Oc2ccc(Cn3nc4ccc(Cl)cc4c3C(=O)NS(=O)(=O)c3ccc([N+](=O)[O-])c(NCc4ccco4)c3)cc2)cc(C)c1Cl,960.0,0.0,0.0,2,0,Ki,"1319515,51461345"
O=C(O)c1[nH]c2cc(Cl)ccc2c1CCCOc1cccc2ccccc12,960.0,0.0,0.0,1,0,Ki,51040892
Cc1cc(OCCCc2c3n(c4c(-c5c(C)nn(C)c5C)c(Cl)ccc24)[C@H](C)CN(c2cccc(C(=O)O)c2)C3=O)cc(C)c1Cl,990.0,0.0,0.0,1,0,Ki,51277742
N#CC1=C(NCCC(=O)NCc2cccc(C(=O)O)c2)c2ccc(Sc3ccc(Br)cc3)c3cccc(c23)C1=O,1020.0,0.0,0.0,1,0,Ki,51372051
Cc1cc(Oc2ccc(Cn3nc(C(=O)O)c4cc(Cl)ccc43)cc2)cc(C)c1Cl,1040.0,0.0,0.0,1,0,Ki,1319443
CCOc1ccc(-c2c(NC(=O)c3ccc(OCC(C)C)cc3)c(C(=O)O)nn2-c2ccc(Oc3ccccc3)cc2)cc1,1040.0,0.0,0.0,1,0,Ki,51218866
Cc1cc(OCCCn2ccc3ccc(OCc4ccccc4C(=O)O)cc32)cc(C)c1Cl,1050.0,0.0,0.0,1,0,Ki,50748640
N#CC1=C(NCCC(=O)NCc2ccccc2)c2ccc(Sc3ccc(Br)cc3)c3cccc(c23)C1=O,1050.0,0.0,0.0,1,0,Ki,51372053
CC1=C[C@@H](/C=C(\Cl)c2ccc(C(=O)O)cc2)[C@]2(C(=O)O)C=C[C@@H](CCOC(=O)Nc3cccc(Cl)c3)C[C@@H]2C1,1080.0,0.0,0.0,1,0,Ki,51032642
Cc1cc(Oc2ccc(Cn3nc(C(=O)NS(=O)(=O)c4ccc(Cl)cc4)c4cc(Cl)ccc43)cc2)cc(C)c1Cl,1085.0,0.0,0.0,1,0,Ki,1319446
O=C(NS(=O)(=O)c1ccc(NCCSc2ccccc2)c([N+](=O)[O-])c1)c1ccc(NC(=O)c2ccccc2F)cc1,1090.0,0.0,0.0,1,0,Ki,50713092
O=C(O)c1c(CCCOc2ccc(Cl)c3ccccc23)c2cccc3c2n1CCS3,1100.0,0.0,0.0,1,0,Ki,50337381
Cc1ccc(CC(=O)N[C@@H](Cc2ccc(OCc3ccc(-c4ccccc4)cc3)cc2)C(=O)NS(=O)(=O)c2ccc(Cl)c([N+](=O)[O-])c2)cc1,1100.0,0.0,0.0,1,0,Ki,51131498
O=C(/C=C/c1ccc(Cl)cc1)Nc1ccc(C(=O)NS(=O)(=O)c2ccc(NCCSc3ccccc3)c([N+](=O)[O-])c2)cc1,1100.0,0.0,0.0,1,0,Ki,50521608
COC1=CC(c2cc3ccccc3[nH]2)=N/C1=C\c1[nH]c(C)cc1C,1110.0,0.0,0.0,1,0,Ki,51288540
CC(C)c1ccc(O)c(Cn2c(-c3ccccc3)nc3c(O)c(O)c(O)cc3c2=O)c1,1113.0,0.0,0.0,1,0,Ki,51080550
O=C1c2ccccc2C(=O)c2c1ccc(O)c2O,1150.0,0.0,0.0,1,0,Ki,50975875
Cc1cc(OCCCn2nc(C(=O)NS(=O)(=O)c3ccc(NCC4CCCO4)c([N+](=O)[O-])c3)c3cc(Cl)ccc32)cc(C)c1Cl,1168.0,0.0,0.0,1,0,Ki,1319439
Cc1cc(Oc2ccc(Cn3nc4ccc(Cl)cc4c3C(=O)NS(=O)(=O)c3ccc(NCc4cccnc4)c([N+](=O)[O-])c3)cc2)cc(C)c1Cl,1180.0,0.0,0.0,2,0,Ki,"1319500,51461340"
Cc1cc(OCCCn2ccc3ccc(OCc4cccc(C(=O)O)c4)cc32)cc(C)c1Cl,1190.0,0.0,0.0,1,0,Ki,50748641
CC1(C)CCC(CN2CCN(c3ccc(C(=O)NS(=O)(=O)c4ccc(NCC5CCOCC5)c([N+](=O)[O-])c4)c(Oc4cc(NC(=O)OC(C)(C)C)nc(NC(=O)OC(C)(C)C)c4)c3)CC2)=C(c2ccc(Cl)cc2)C1,1195.0,0.0,0.0,2,0,Ki,"281696,387948"
CC(C)(C)c1ccc(N2CCN(S(=O)(=O)Nc3ccc(SCCc4ccccc4)cc3C(=O)O)CC2)cc1,1200.0,0.0,0.0,1,0,Ki,51249710
Cc1cc(OCCCc2c(C)n(Cc3cccc(C(=O)O)c3)c3c(-c4c(C)n[nH]c4C)cccc23)cc(C)c1Cl,1200.0,0.0,0.0,1,0,Ki,1014251
O=C([C@@H]1[C@@H](CO)[C@@H]2Cn3c(cccc3=O)[C@@H]2N1Cc1ccc(Cl)c(Cl)c1)N1CCC(Cc2ccccc2)CC1,1200.0,0.0,0.0,1,0,Ki,50456505
COc1cccc(CCSc2ccc(NS(=O)(=O)N3CCN(c4ccc(C(C)(C)C)cc4)CC3)c(C(=O)O)c2)c1,1200.0,0.0,0.0,1,0,Ki,51249664
Cc1cc(Oc2ccc(Cn3nc4ccc(Cl)cc4c3C(=O)NS(=O)(=O)c3ccc([N+](=O)[O-])c(NCc4cccnc4)c3)cc2)cc(C)c1Cl,1220.0,0.0,0.0,2,0,Ki,"1319524,51461348"
COc1cc(CCCN(C)C)ccc1-c1ccc(C(=O)NS(=O)(=O)c2ccc(NCCSc3ccccc3)c([N+](=O)[O-])c2)cc1,1230.0,0.0,0.0,1,0,Ki,50336983
Cc1cc(OCCCn2ccc3ccc(OCc4ccc(C(=O)O)cc4)cc32)cc(C)c1Cl,1240.0,0.0,0.0,1,0,Ki,50748752
CN(C)CC[C@@H](CSc1ccccc1)Nc1ccc(S(=O)(=O)NC(=O)c2ccc(N3CCC(C)(C)CC3)cc2)cc1[N+](=O)[O-],1260.0,0.0,0.0,1,0,Ki,50336899
N#CC1=C(NCCC(=O)O)c2ccc(Sc3ccc(Br)cc3)c3cccc(c23)C1=O,1270.0,0.0,0.0,1,0,Ki,51372048
COc1ccc(/C=C/C(=O)Nc2ccc(C(=O)NS(=O)(=O)c3ccc(NCCSc4ccccc4)c([N+](=O)[O-])c3)cc2)cc1,1300.0,0.0,0.0,1,0,Ki,50521600
O=C(/C=C/c1cccc(Cl)c1)Nc1ccc(C(=O)NS(=O)(=O)c2ccc(NCCSc3ccccc3)c([N+](=O)[O-])c2)cc1,1300.0,0.0,0.0,1,0,Ki,50521601
CCNS(=O)(=O)c1cccc(-c2nc(N[C@H](C)C(=O)O)c3c(-c4cccc(Oc5ccc(F)cc5)c4)c(CC)sc3n2)c1,1300.0,0.0,0.0,1,0,Ki,51270987
CCCOc1ccc(C[C@H](NC(=O)Cc2c(C)n(C(=O)c3ccc(Cl)cc3)c3ccc(OC)cc23)C(=O)NS(=O)(=O)c2ccc(Cl)c([N+](=O)[O-])c2)cc1,1300.0,0.0,0.0,1,0,Ki,51248075
COc1ccc(-c2ccc(Cn3cc(C(=O)N[C@@H](Cc4ccccc4)C(=O)NS(=O)(=O)c4ccccc4)c4ccccc43)cc2)cc1,1300.0,0.0,0.0,1,0,Ki,50681330
Cc1cc(OCCCc2c(C(=O)O)n3c4c(c(Cl)ccc24)OCC3)cc(C)c1Cl,1300.0,0.0,0.0,1,0,Ki,50337387
CN(C)CCNC(=O)[C@H]1[C@H](CO)[C@H]2Cn3c(cccc3=O)[C@@H]1N2c1nc(-c2ccc(Cl)cc2)c(-c2ccccc2)s1,1300.0,0.0,0.0,1,0,Ki,50456527
COc1cc(O)c2c(=O)cc(-c3cc(O)c(O)cc3Cc3ccccc3)oc2c1,1300.0,0.0,0.0,1,0,Ki,50515773
O=C(Nc1c(C(=O)NCc2ccccc2)cc(O)c(O)c1O)c1ccccc1,1323.0,0.0,0.0,1,0,Ki,51080548
N#CC1=C(NCCC(=O)NCc2ccccc2C(=O)O)c2ccc(Sc3ccc(Br)cc3)c3cccc(c23)C1=O,1350.0,0.0,0.0,1,0,Ki,51372050
Cc1cc(OCCCc2c(C(=O)N(C)c3cccc(C(=O)O)c3)n(C)c3c(-c4c(C)nn(C)c4C)c(Cl)ccc23)cc(C)c1Cl,1370.0,0.0,0.0,2,0,Ki,"1126608,868522"
O=C(Nc1ccc(C(=O)NS(=O)(=O)c2ccc(NCCSc3ccccc3)c([N+](=O)[O-])c2)cc1)c1cccc(F)c1,1400.0,0.0,0.0,1,0,Ki,50713093
Cc1cc(OCCCc2c(C(=O)O)[nH]c3cc(Cl)ccc23)ccc1Cl,1400.0,0.0,0.0,1,0,Ki,51040894
CC(C)COc1ccc(C(=O)Nc2c(C(=O)O)nn(-c3ccc(Oc4ccccc4)cc3)c2-c2ccc(OC(C)C)cc2)cc1,1400.0,0.0,0.0,1,0,Ki,51218858
Cc1cc(OCCCn2ccc3cc(OCc4ccc(C(=O)O)cc4)ccc32)cc(C)c1Cl,1410.0,0.0,0.0,1,0,Ki,50748669
CC1=C[C@@H](/C=C(\Cl)c2ccc(C(=O)O)cc2)[C@]2(C(=O)O)C=C[C@@H](CCOC(=O)Nc3ccc(Cl)cc3)C[C@@H]2C1,1420.0,0.0,0.0,1,0,Ki,51032639
Cc1ccccc1Oc1ccc2c3c(cccc13)C1=NC(=O)C(C#N)=C12,1430.0,0.0,0.0,1,0,Ki,50657374
C=c1c(-c2c(O)c3cc(O)c(O)c(=CCCc4ccccc4)c3c(O)c2=C)c(O)c2cc(O)c(O)c(=CCCc3ccccc3)c2c1O,1450.0,0.0,0.0,1,0,Ki,50607456
CC(=O)OCOC(=O)c1ccc(/C(Cl)=C/[C@@H]2C=C(C)C[C@H]3C[C@H](CCN=[N+]=[N-])C=C[C@]32C(=O)OCOC(C)=O)cc1,1450.0,0.0,0.0,1,0,Ki,51033056
CC(C)=CCC[C@H](C)[C@@H]1C=C[C@]2(C(=O)O)[C@@H](CC(C)=C[C@H]2/C=C(\C)C2CCC(C(=O)O)CC2)C1,1460.0,0.0,0.0,1,0,Ki,51032655
CC(C)(C)OC(=O)N[C@@H](Cc1ccc(OCc2ccccc2)cc1)C(=O)NS(=O)(=O)c1ccc(NCCCc2ccccc2)c([N+](=O)[O-])c1,1500.0,0.0,0.0,1,0,Ki,51131500
Cc1ccc(/C=C/C(=O)Nc2ccc(C(=O)NS(=O)(=O)c3ccc(NCCSc4ccccc4)c([N+](=O)[O-])c3)cc2)cc1,1500.0,0.0,0.0,1,0,Ki,50521603
O=C(NCCN1CCCCC1)[C@H]1[C@H](CO)[C@H]2Cn3c(cccc3=O)[C@@H]1N2c1nc(-c2ccc(Cl)cc2)c(-c2ccccc2)s1,1500.0,0.0,0.0,1,0,Ki,50456523
CC(C)=CCC[C@H](C)[C@@H]1C=C[C@]2(C(=O)O)[C@@H](CC(C)=C[C@H]2/C=C(\C)[C@H]2CC[C@H](C(=O)O)CC2)C1,1500.0,0.0,0.0,1,0,Ki,51337681
Cc1cc(Oc2ccc(Cn3nc4ccc(Cl)cc4c3C(=O)NS(=O)(=O)c3ccc(NCc4ccncc4)c([N+](=O)[O-])c3)cc2)cc(C)c1Cl,1520.0,0.0,0.0,2,0,Ki,"1319506,51461342"
C=c1c(-c2c(O)c3cc(O)c(O)c(=CC4CCCC4)c3c(O)c2=C)c(O)c2cc(O)c(O)c(=CC3CCCC3)c2c1O,1530.0,0.0,0.0,1,0,Ki,50607445
CC1=C[C@@H](/C=C(\Cl)c2ccc(C(=O)O)cc2)[C@]2(C(=O)O)C=C[C@@H](CCn3cc(-c4ccccc4)nn3)C[C@@H]2C1,1540.0,0.0,0.0,1,0,Ki,51033292
Cc1cc(OCCCc2c(C(=O)Nc3cccc(C(=O)O)c3)[nH]c3c(-c4c(C)nn(C)c4C)c(Cl)ccc23)cc(C)c1Cl,1540.0,0.0,0.0,2,0,Ki,"1126584,868498"
CC1=NN(c2nc(-c3ccccc3)cs2)C(=O)/C1=C/c1ccc(-c2ccccc2)cc1,1600.0,0.0,0.0,1,0,Ki,50322158
O=C(NCCCN1CCCC1)[C@H]1[C@H](CO)[C@H]2Cn3c(cccc3=O)[C@@H]1N2c1nc(-c2ccc(Cl)cc2)c(-c2ccccc2)s1,1600.0,0.0,0.0,1,0,Ki,50456519
CC1=NN(c2nc(-c3ccccc3)cs2)C(=O)/C1=C/C(c1ccccc1)c1ccccc1,1600.0,0.0,0.0,1,0,Ki,50322151
COc1ccccc1N1C(=O)/C(=C/c2cccc(OCc3ccc(C(=O)O)cc3)c2)SC1=S,1600.0,0.0,0.0,1,0,Ki,50429722
Cc1cc(OCCCc2c(C(=O)Nc3ccc(C(=O)O)cc3)[nH]c3c(-c4c(C)nn(CCN5CCOCC5)c4C)c(Cl)ccc23)cc(C)c1Cl,1640.0,0.0,0.0,2,0,Ki,"1126611,868525"
Cc1ccccc1/C=C/C(=O)Nc1ccc(C(=O)NS(=O)(=O)c2ccc(NCCSc3ccccc3)c([N+](=O)[O-])c2)cc1,1700.0,0.0,0.0,1,0,Ki,50521558
O=C(/C=C/c1ccccc1C(F)(F)F)Nc1ccc(C(=O)NS(=O)(=O)c2ccc(NCCSc3ccccc3)c([N+](=O)[O-])c2)cc1,1700.0,0.0,0.0,1,0,Ki,50521605
Cc1cccc(/C=C/C(=O)Nc2ccc(C(=O)NS(=O)(=O)c3ccc(NCCSc4ccccc4)c([N+](=O)[O-])c3)cc2)c1,1700.0,0.0,0.0,1,0,Ki,50521576
O=C1c2ccccc2C(=O)c2c(O)cc(O)cc21,1700.0,0.0,0.0,1,0,Ki,50975877
O=C(O)[C@H](Cc1ccccc1)N1C(=O)/C(=C/c2ccc(OCCOc3ccc(/C=C4\SC(=S)N([C@@H](Cc5ccccc5)C(=O)O)C4=O)cc3)cc2)SC1=S,1700.0,0.0,0.0,1,0,Ki,50856166
C=c1c(-c2c(O)c3cc(O)c(O)c(=CCc4ccccc4)c3c(O)c2=C)c(O)c2cc(O)c(O)c(=CCc3ccccc3)c2c1O,1730.0,0.0,0.0,1,0,Ki,50607451
CC1=C[C@@H](/C=C(\Cl)c2ccc(C(=O)O)cc2)[C@]2(C(=O)O)C=C[C@@H](CCOC(=O)c3ccc(Oc4cccnc4)cc3)C[C@@H]2C1,1800.0,0.0,0.0,1,0,Ki,51032651
COc1c(OCC2CCOCC2)cc(N2C[C@@H](C)n3c(c(CCCOc4cc(C)c(Cl)c(C)c4)c4ccc(Cl)c(-c5c(C)nc(C)nc5C)c43)C2=O)c2c1cc(C(=O)O)n2C,1800.0,0.0,0.0,1,0,Ki,51603228
CC(=O)OCOC(=O)c1ccc(/C(Cl)=C/[C@@H]2C=C(C)C[C@H]3C[C@H](CC(=O)O)C=C[C@]32C(=O)OCOC(C)=O)cc1,1820.0,0.0,0.0,1,0,Ki,51033948
Cc1cc(OCCCc2c3n(c4c(-c5c(C)nn(C)c5C)c(Cl)ccc24)CCCN(c2cccc(C(=O)O)c2)C3=O)cc(C)c1Cl,1900.0,0.0,0.0,2,0,Ki,"1126596,868510"
CCOc1ccccc1N/N=C1\C(=O)N(c2cc(O)cc(-c3ccc(C(C)C)cc3)c2)N=C1C,1900.0,0.0,0.0,1,0,Ki,50322186
CC1=NN(c2nc(-c3ccccc3)cs2)C(=O)/C1=C/c1ccccc1,1900.0,0.0,0.0,1,0,Ki,50322183
COc1cccc(/C=C/C(=O)Nc2ccc(C(=O)NS(=O)(=O)c3ccc(NCCSc4ccccc4)c([N+](=O)[O-])c3)cc2)c1,1900.0,0.0,0.0,1,0,Ki,50521577
CCCCNC(=O)c1cc(O)c(O)c(O)c1NC(=O)c1ccccc1,1925.0,0.0,0.0,1,0,Ki,51080549
Cc1cc(Oc2ccc(Cn3nc(C)c4c(C(=O)O)cc(-c5ccco5)nc43)cc2)cc(C)c1Cl,1950.0,0.0,0.0,1,0,Ki,415403
CC(C)C[C@@H](C(=O)O)N1C(=O)/C(=C(\c2ccccc2)c2ccc(-c3ccccc3)cc2)SC1=S,1950.0,0.0,0.0,1,0,Ki,50847224
COc1cc(C(=O)N(C)C)ccc1-c1ccc(C(=O)NS(=O)(=O)c2ccc(NCCSc3ccccc3)c([N+](=O)[O-])c2)cc1,1980.0,0.0,0.0,1,0,Ki,50336958
CN(C)CCNC(=O)[C@@H]1[C@@H](CO)[C@@H]2Cn3c(cccc3=O)[C@H]1N2c1nc(-c2ccc(Cl)cc2)c(-c2ccccc2)s1,2000.0,0.0,0.0,1,0,Ki,50456529
CC1=NN(c2nc(-c3ccccc3)cs2)C(=O)/C1=C/c1ncc[nH]1,2000.0,0.0,0.0,1,0,Ki,50322164
O=C(/C=C/c1ccc(C(F)(F)F)cc1)Nc1ccc(C(=O)NS(=O)(=O)c2ccc(NCCSc3ccccc3)c([N+](=O)[O-])c2)cc1,2000.0,0.0,0.0,1,0,Ki,50521582
CC1=NN(c2nc(-c3ccccc3)cs2)C(=O)/C1=C/c1ccc2ccccc2c1,2000.0,0.0,0.0,1,0,Ki,50322163
COc1ccccc1N1C(=O)/C(=C/c2ccc(OCc3ccc(C(=O)O)cc3)cc2)SC1=S,2000.0,0.0,0.0,1,0,Ki,50429791
C=c1c(-c2c(O)c3cc(O)c(O)c(=CCc4ccc(C)cc4)c3c(O)c2=C)c(O)c2cc(O)c(O)c(=CCc3ccc(C)cc3)c2c1O,2080.0,0.0,0.0,1,0,Ki,50607437
CC(C)=CCCC1=CC[C@H](C(=O)N(C)O)[C@@H](c2ccccc2)C1,2100.0,0.0,0.0,1,0,Ki,51337657
COc1cc(CCCN2CCOCC2)ccc1-c1ccc(C(=O)NS(=O)(=O)c2ccc(N[C@@H](CCN(C)C)CSc3ccccc3)c([N+](=O)[O-])c2)cc1,2160.0,0.0,0.0,1,0,Ki,50336953
Cc1cc(OCCCc2c3n(c4c(-c5c(C)nn(C)c5C)cccc24)CCN(Cc2cccc(C(=O)O)c2)C3=O)cc(C)c1Cl,2200.0,0.0,0.0,2,0,Ki,"1126578,868492"
CC(C)=CCCC1=CC[C@@H](C(=O)Nc2ccc(C(=O)O)cc2)[C@H](c2ccccc2)C1,2200.0,0.0,0.0,1,0,Ki,51337674
O=C([C@@H]1[C@@H](CO)[C@@H]2Cn3c(cccc3=O)[C@@H]2N1Cc1ccc(Cl)c(Cl)c1)N1CCC(c2ccc(F)cc2)CC1,2200.0,0.0,0.0,1,0,Ki,50456503
CN(C)c1cccc2c(S(=O)(=O)Nc3cc(SCC(=O)O)c(O)c4ccccc34)cccc12,2200.0,0.0,0.0,1,0,Ki,51358119
CC1=C[C@@H](/C=C(\Cl)c2ccc(C(=O)O)cc2)[C@]2(C(=O)O)C=C[C@@H](CCn3cc(Cc4ccccc4)nn3)C[C@@H]2C1,2220.0,0.0,0.0,1,0,Ki,51033307
CC(C)=CCCC1=CC[C@@H](C(=O)N(C)O)[C@H](c2ccccc2)C1,2300.0,0.0,0.0,1,0,Ki,51337658
Cc1cc(OCCCc2c(C(=O)O)n3c4c(cccc24)SCC3)cc(C)c1Cl,2300.0,0.0,0.0,1,0,Ki,50337384
Cc1cc(OCCCc2c3n(c4c(-c5c(C)nn(C)c5C)c(Cl)ccc24)CCCN(Cc2cccc(C(=O)O)c2)C3=O)cc(C)c1Cl,2340.0,0.0,0.0,2,0,Ki,"1126593,868507"
CC(C)c1ccc(Oc2ccc(O)c(O)c2)c(-c2ccsc2S(=O)(=O)NCCNC(=S)Nc2cc(C(F)(F)F)cc(C(F)(F)F)c2)c1,2400.0,0.0,0.0,1,0,Ki,51439168
CC(C)C(C(=O)O)N1C(=O)/C(=C/c2ccc(Br)cc2)SC1=S,2400.0,0.0,0.0,1,0,Ki,50803327
CONC(=O)[C@H]1CC=C(CCC=C(C)C)C[C@@H]1c1ccccc1,2400.0,0.0,0.0,1,0,Ki,51337655
O=C(NCCN1CCCCC1)[C@@H]1[C@@H](CO)[C@@H]2Cn3c(cccc3=O)[C@H]1N2c1nc(-c2ccc(Cl)cc2)c(-c2ccccc2)s1,2500.0,0.0,0.0,1,0,Ki,50456525
CC(=O)OCOC(=O)c1ccc(/C(Cl)=C/[C@@H]2C=C(C)C[C@H]3C[C@H](CCn4cc(-c5ccccc5)nn4)C=C[C@]32C(=O)OCOC(C)=O)cc1,2580.0,0.0,0.0,1,0,Ki,51033059
O=S(=O)(NCCNC(=S)Nc1cc(C(F)(F)F)cc(C(F)(F)F)c1)c1ccc(-c2ccccc2Oc2ccc(O)c(O)c2)s1,2600.0,0.0,0.0,1,0,Ki,51439159
O=C(N[C@@H](Cc1ccccc1)C(=O)NS(=O)(=O)c1ccc(Cl)c([N+](=O)[O-])c1)c1cn(Cc2ccc(-c3ccccc3)cc2)c2ccccc12,2600.0,0.0,0.0,1,0,Ki,50681325
O=C(/C=C/c1cccc(C(F)(F)F)c1)Nc1ccc(C(=O)NS(=O)(=O)c2ccc(NCCSc3ccccc3)c([N+](=O)[O-])c2)cc1,2600.0,0.0,0.0,1,0,Ki,50521581
O=C(O)c1[nH]c2ccccc2c1CCCOc1cccc2ccccc12,2700.0,0.0,0.0,1,0,Ki,51040895
CONC(=O)[C@@H]1CC=C(CCC=C(C)C)C[C@H]1c1ccccc1,2700.0,0.0,0.0,1,0,Ki,51337656
O=C(O)[C@H](Cc1c[nH]c2ccccc12)N1C(=O)/C(=C/c2ccc(Br)cc2)SC1=S,2850.0,0.0,0.0,1,0,Ki,50847221
CC(C)(C)OC(=O)N1CCN(c2ccc(C(=O)NS(=O)(=O)c3ccc(NCCSc4ccccc4)c([N+](=O)[O-])c3)cc2)CC1,2880.0,0.0,0.0,1,0,Ki,50336978
Cc1ccc(-c2ccsc2S(=O)(=O)NCCNC(=O)Nc2cc(Cl)cc(Cl)c2)c(Oc2ccc(O)c(O)c2)c1,2900.0,0.0,0.0,1,0,Ki,51439169
Cc1cc(OCCCc2c(C)n(Cc3ccc(C(=O)O)o3)c3c(-c4c(C)n[nH]c4C)cccc23)cc(C)c1Cl,2900.0,0.0,0.0,1,0,Ki,1014248
Cc1cc(OCCCc2c(C(=O)Nc3cc(C(=O)O)ccn3)[nH]c3c(-c4c(C)nn(C)c4C)c(Cl)ccc23)cc(C)c1Cl,2900.0,0.0,0.0,2,0,Ki,"1126602,868516"
CC(=O)c1ccc(NC(=O)OCC[C@@H]2C=C[C@]3(C(=O)O)[C@@H](CC(C)=C[C@H]3/C=C(\Cl)c3ccc(C(=O)O)cc3)C2)cc1,2920.0,0.0,0.0,1,0,Ki,51032529
O=C(NCCCN1CCCC1)[C@@H]1[C@@H](CO)[C@@H]2Cn3c(cccc3=O)[C@H]1N2c1nc(-c2ccc(Cl)cc2)c(-c2ccccc2)s1,3000.0,0.0,0.0,1,0,Ki,50456521
CCOc1ccccc1N/N=C1/C(=O)N(c2nc(-c3ccccc3)cs2)N=C1C,3000.0,0.0,0.0,1,0,Ki,50322135
O=C(O)c1c(CCCOc2cccc3ccccc23)c2cccc3c2n1CCS3,3100.0,0.0,0.0,1,0,Ki,50337248
Cc1ccccc1N1C(=O)/C(=C/c2cccc(OCc3ccc(C(=O)O)cc3)c2)SC1=S,3100.0,0.0,0.0,1,0,Ki,50429793
CC(C)c1cc(C(=O)N2CCc3ccccc3C2)c(O)c(O)c1O,3100.0,0.0,0.0,1,0,Ki,50379665
C=C(c1ccc(C(=O)Nc2ccc(C(=O)NS(=O)(=O)c3ccc(NCCSc4ccccc4)c([N+](=O)[O-])c3)cc2)cc1)c1cc2c(cc1C)C(C)(C)CCC2(C)C,3100.0,0.0,0.0,1,0,Ki,50521560
COC(=O)CCNC(=O)[C@H]1CC=C(CCC=C(C)C)C[C@@H]1c1ccccc1,3100.0,0.0,0.0,1,0,Ki,51337665
O=C(O)c1ccc([N+](=O)[O-])c(COc2ccc(/C=C3\SC(=S)N(c4ccc([N+](=O)[O-])cc4)C3=O)cc2)c1,3100.0,0.0,0.0,1,0,Ki,50429727
Cc1nn(Cc2ccc(Oc3ccccc3)cc2)c2nc(/C=C/c3ccccc3)cc(C(=O)O)c12,3160.0,0.0,0.0,1,0,Ki,415402
Cc1cc(OCCCc2c(C(=O)Nc3cncc(C(=O)O)c3)[nH]c3c(-c4c(C)nn(C)c4C)c(Cl)ccc23)cc(C)c1Cl,3200.0,0.0,0.0,2,0,Ki,"1126599,868513"
COc1cc(CCN(C)C)ccc1-c1ccc(C(=O)NS(=O)(=O)c2ccc(NCCSc3ccccc3)c([N+](=O)[O-])c2)cc1,3260.0,0.0,0.0,1,0,Ki,50336982
CC[C@H](C)[C@H](NC(C)=O)C(=O)Nc1ccc(C(=O)NS(=O)(=O)c2ccc(NCCSc3ccccc3)c([N+](=O)[O-])c2)cc1,3380.0,0.0,0.0,1,0,Ki,50713086
CC(=O)N[C@@H](Cc1ccccc1)C(=O)Nc1ccc(C(=O)NS(=O)(=O)c2ccc(NCCSc3ccccc3)c([N+](=O)[O-])c2)cc1,3390.0,0.0,0.0,1,0,Ki,50713088
O=C(NS(=O)(=O)c1ccc(NCCSc2ccccc2)c([N+](=O)[O-])c1)c1ccc(C(=O)c2ccccc2)cc1,3400.0,0.0,0.0,1,0,Ki,50521598
CN(C)CCCC(O)(c1ccccc1)c1cccc(CCOc2ccc(-c3ccc(C(=O)O)cc3)cc2)c1,3400.0,0.0,0.0,1,0,Ki,50605243
CSCC[C@H](NC(C)=O)C(=O)Nc1ccc(C(=O)NS(=O)(=O)c2ccc(NCCSc3ccccc3)c([N+](=O)[O-])c2)cc1,3520.0,0.0,0.0,1,0,Ki,50713087
CN(C)C(=O)N1CCN(c2ccc(C(=O)NS(=O)(=O)c3ccc(NCCSc4ccccc4)c([N+](=O)[O-])c3)cc2)CC1,3540.0,0.0,0.0,1,0,Ki,50336928
Cc1cc(OCCCc2c(C(=O)NCc3cc(C(=O)O)n(C)c3)[nH]c3c(-c4c(C)nn(C)c4C)cccc23)cc(C)c1Cl,3540.0,0.0,0.0,2,0,Ki,"1126590,868504"
O=C(O)c1cc2ccccc2n1S(=O)(=O)c1ccc(OCc2cccc(Cl)c2)cc1,3600.0,0.0,0.0,1,0,Ki,51031340
O=C(NCCNS(=O)(=O)c1ccc(-c2ccccc2Oc2ccc(O)c(O)c2)s1)Nc1cc(Cl)cc(Cl)c1,3600.0,0.0,0.0,1,0,Ki,51439161
O=C(NS(=O)(=O)c1ccc(Cl)c([N+](=O)[O-])c1)[C@H](Cc1ccccc1)N1C(=O)N[C@@H](Cc2ccc(-c3ccc(Cl)cc3)cc2)C1=O,3700.0,0.0,0.0,1,0,Ki,50433251
O=C(O)c1c(CCCOc2cccc3c2CCCC3)c2cccc3c2n1CCS3,3700.0,0.0,0.0,1,0,Ki,50337380
Cc1cc(OCCCc2c(C(=O)O)n3c4c(cccc24)SCCC3)cc(C)c1Cl,3700.0,0.0,0.0,1,0,Ki,50337385
COCCOCCn1nc(C)c2c1CSCc1cc(n(C)n1)CCc1cc(c3ccccc3c1)OCCCn1c(C(=O)O)c(C)c3c-2c(Cl)ccc31,3750.0,0.0,0.0,1,0,Ki,51580922
CC(=O)N[C@@H](CC(C)C)C(=O)Nc1ccc(C(=O)NS(=O)(=O)c2ccc(NCCSc3ccccc3)c([N+](=O)[O-])c2)cc1,3780.0,0.0,0.0,1,0,Ki,50713085
Cc1cc(OCCCc2c3n(c4c(-c5c(C)nn(C)c5C)cccc24)CCCN(Cc2cccc(C(=O)O)c2)C3=O)cc(C)c1Cl,3820.0,0.0,0.0,2,0,Ki,"1126581,868495"
O=C(NCCNS(=O)(=O)c1ccc(-c2ccccc2Oc2ccc(O)c(O)c2)s1)Nc1cc(C(F)(F)F)cc(C(F)(F)F)c1,3900.0,0.0,0.0,1,0,Ki,51439160
O=C(Cc1ccccc1)Nc1ccc(C(=O)NS(=O)(=O)c2ccc(NCCSc3ccccc3)c([N+](=O)[O-])c2)cc1,4000.0,0.0,0.0,1,0,Ki,50521607
O=C(N[C@H]1CCN(Cc2ccccc2)C1)[C@H]1[C@H](CO)[C@H]2Cn3c(cccc3=O)[C@H]2N1CC1CCCCC1,4100.0,0.0,0.0,1,0,Ki,50456513
CCc1sc2nc(-c3cccnc3)nc(N[C@H](C)C(=O)O)c2c1-c1cccc(Oc2ccc(F)cc2)c1,4100.0,0.0,0.0,1,0,Ki,51271016
CCOc1ccccc1N/N=C1\C(=O)N(c2cccc(-c3ccc(N(C)C)cc3)c2)N=C1C,4200.0,0.0,0.0,1,0,Ki,50322185
C=C(c1ccc(C(=O)NS(=O)(=O)c2ccc(NCCSc3ccccc3)c([N+](=O)[O-])c2)cc1)c1cc2c(cc1C)C(C)(C)CCC2(C)C,4200.0,0.0,0.0,1,0,Ki,50521609
COCCNC(=O)[C@@H]1[C@@H](CO)[C@@H]2Cn3c(cccc3=O)[C@H]1N2c1nc(-c2ccc(Cl)cc2)c(-c2ccccc2)s1,4300.0,0.0,0.0,1,0,Ki,50456517
O=C(O)c1ccc(COc2ccc(/C=C3\SC(=S)N(c4ccc(I)cc4)C3=O)cc2)cc1,4300.0,0.0,0.0,1,0,Ki,50429783
O=C(O)[C@H](Cc1ccccc1)N1C(=O)/C(=C/c2ccc(OCCOCCOc3ccc(/C=C4\SC(=S)N([C@@H](Cc5ccccc5)C(=O)O)C4=O)cc3)cc2)SC1=S,4300.0,0.0,0.0,1,0,Ki,50856182
O=C(O)[C@H](Cc1ccccc1)N1C(=O)/C(=C/c2ccc(OCOc3ccc(/C=C4\SC(=S)N([C@@H](Cc5ccccc5)C(=O)O)C4=O)cc3)cc2)SC1=S,4300.0,0.0,0.0,1,0,Ki,50856167
CN(C)c1ccc(CNC(=O)CCNC2=C(C#N)C(=O)c3cccc4c(Sc5ccc(Br)cc5)ccc2c34)cc1,4320.0,0.0,0.0,1,0,Ki,51372055
O=C(CCc1ccccc1)Nc1ccc(C(=O)NS(=O)(=O)c2ccc(NCCSc3ccccc3)c([N+](=O)[O-])c2)cc1,4400.0,0.0,0.0,1,0,Ki,50521570
O=C(O)c1c(CCCOc2ccc3c(c2)CCCC3)c2cccc3c2n1CCS3,4400.0,0.0,0.0,1,0,Ki,50337382
Cc1cccc(-c2ccc(C[C@@H]3NC(=O)N([C@@H](Cc4ccccc4)C(=O)NS(=O)(=O)c4ccc(Cl)c([N+](=O)[O-])c4)C3=O)cc2)c1,4400.0,0.0,0.0,1,0,Ki,50433115
C=c1c(-c2c(O)c3cc(O)c(O)c(=CCC4CCCCC4)c3c(O)c2=C)c(O)c2cc(O)c(O)c(=CCC3CCCCC3)c2c1O,4470.0,0.0,0.0,1,0,Ki,50607448
COc1cc(CN(C)C)ccc1-c1ccc(C(=O)NS(=O)(=O)c2ccc(NCCSc3ccccc3)c([N+](=O)[O-])c2)cc1,4570.0,0.0,0.0,1,0,Ki,50336924
Cc1ccc(-c2ccc(O[C@H]3C[C@@H](C(=O)N[C@@H](Cc4ccccc4)C(=O)NS(=O)(=O)c4ccc(Cl)c([N+](=O)[O-])c4)N(C(=O)OC(C)(C)C)C3)cc2)cc1,4600.0,0.0,0.0,1,0,Ki,51215386
O=S(=O)(NCCNC(=S)Nc1cc(C(F)(F)F)cc(C(F)(F)F)c1)c1cc(-c2ccccc2Oc2ccc(O)c(O)c2)cs1,4600.0,0.0,0.0,1,0,Ki,51439162
O=c1cc(-c2cc(O)c(O)cc2Cc2ccccc2)oc2cc(O)cc(O)c12,4600.0,0.0,0.0,1,0,Ki,50515772
CN(C)CCCC(O)(c1ccccc1)c1cccc(OCCc2ccc(-c3ccc(C(=O)O)cc3)cc2)c1,4600.0,0.0,0.0,1,0,Ki,50605242
O=C(NCCNS(=O)(=O)c1sccc1-c1ccccc1Oc1ccc(O)c(O)c1)Nc1cc(Cl)cc(Cl)c1,4600.0,0.0,0.0,1,0,Ki,51439167
CCC(C)[C@H](NC(=O)Cc1c(C)n(C(=O)c2ccc(Cl)cc2)c2ccc(OC)cc12)C(=O)NS(=O)(=O)c1ccc(Cl)c([N+](=O)[O-])c1,4900.0,0.0,0.0,1,0,Ki,51248091
O=C(/C=C/c1ccccc1)Nc1ccc(C(=O)NS(=O)(=O)c2ccc(NCCSc3ccccc3)c([N+](=O)[O-])c2)cc1,4900.0,0.0,0.0,1,0,Ki,50521579
CN(C)CCCC(O)(c1ccccc1)c1cccc(OCCc2cccc(-c3ccc(C(=O)O)cc3)c2)c1,5000.0,0.0,0.0,1,0,Ki,50605239
CCc1sc2ncnc(N[C@H](C)C(=O)O)c2c1-c1cccc(O)c1,5000.0,0.0,0.0,1,0,Ki,51270955
COC(=O)c1nn(-c2ccc(Oc3ccccc3)cc2)c(-c2ccc(OC(C)C)cc2)c1NC(=O)c1ccc(OC(C)C)cc1,5160.0,0.0,0.0,1,0,Ki,51218913
O=C([C@@H]1[C@@H](CO)[C@@H]2Cn3c(cccc3=O)[C@@H]2N1Cc1ccc(Oc2ccccc2)cc1)N1CCC(Cc2ccccc2)CC1,5200.0,0.0,0.0,1,0,Ki,50456501
O=C(NCCNS(=O)(=O)c1cc(-c2ccccc2Oc2ccc(O)c(O)c2)cs1)Nc1cc(C(F)(F)F)cc(C(F)(F)F)c1,5200.0,0.0,0.0,1,0,Ki,51439163
CC(C)(C)OC(=O)N[C@@H](Cc1ccc(OCc2ccc(-c3ccccc3)cc2)cc1)C(=O)NS(=O)(=O)c1ccccc1,5200.0,0.0,0.0,1,0,Ki,51131495
CN(C)CCCC(O)(c1ccccc1)c1cccc(OCc2ccc(-c3ccc(C(=O)O)cc3)cc2)c1,5200.0,0.0,0.0,1,0,Ki,50605241
CC(C)Oc1ccc(-c2cc(C(=O)O)nn2-c2ccc(C(C)C)cc2)cc1,5250.0,0.0,0.0,1,0,Ki,51218918
Cc1cc(OCCCc2c(C(=O)Nc3cccc(C(=O)O)c3)n(C)c3c(-c4c(C)nn(C)c4C)c(Cl)ccc23)cc(C)c1Cl,5300.0,0.0,0.0,2,0,Ki,"1126605,868519"
Cc1cc(OCCCc2c(C(=O)O)[nH]c3ccccc23)cc(C)c1Cl,5300.0,0.0,0.0,1,0,Ki,51040896
O=C(NC1Cc2ccccc2C1)[C@H]1[C@H](CO)[C@H]2Cn3c(cccc3=O)[C@H]2N1CC1CCCCC1,5400.0,0.0,0.0,1,0,Ki,50456511
C=C(C)c1sc2ncnc(N[C@H](Cc3ccccc3)C(=O)O)c2c1-c1cccc(Cl)c1C,5400.0,0.0,0.0,1,0,Ki,51270993
CCCOc1ccc(C[C@H](NC(=O)c2cn(Cc3ccc(-c4ccccc4)cc3)c3ccccc23)C(=O)NS(=O)(=O)c2ccc(Cl)c([N+](=O)[O-])c2)cc1,5600.0,0.0,0.0,1,0,Ki,50681356
O=C(O)c1cc(SCCc2ccccc2)ccc1NS(=O)(=O)c1ccc2ccccc2c1,5600.0,0.0,0.0,1,0,Ki,51249698
O=S(=O)(NCCNC(=S)Nc1cc(C(F)(F)F)cc(C(F)(F)F)c1)c1sccc1-c1ccccc1Oc1ccc(O)c(O)c1,5600.0,0.0,0.0,1,0,Ki,51439165
O=C(O)c1c(CCCOc2cccc3ccccc23)c2cccc3c2n1CCO3,5700.0,0.0,0.0,1,0,Ki,50337256
Cc1cc(OCCCn2nc(C(=O)O)c3cc(Cl)ccc32)cc(C)c1Cl,5792.0,0.0,0.0,1,0,Ki,1319428
CN(C)CCCC(O)(c1ccccc1)c1ccc(OCc2cccc(-c3ccc(C(=O)O)cc3)c2)cc1,5800.0,0.0,0.0,1,0,Ki,50605245
Cc1cc(OCCCc2c(C(=O)NCc3c[nH]c(C(=O)O)c3)[nH]c3c(-c4c(C)nn(C)c4C)cccc23)cc(C)c1Cl,5950.0,0.0,0.0,2,0,Ki,"1126587,868501"
Cc1cccc(Oc2ccc3c4c(cccc24)C2=NC(=O)C(C#N)=C23)c1,6031.0,0.0,0.0,1,0,Ki,50657375
CCOc1ccc(-c2cc(C(=O)O)nn2-c2ccccc2)cc1,6090.0,0.0,0.0,1,0,Ki,51218910
CCc1sc2ncnc(N[C@H](C)C(=O)O)c2c1-c1cccc(Oc2ccc(F)cc2)c1,6100.0,0.0,0.0,1,0,Ki,51270986
O=C(O)CSc1cc(NS(=O)(=O)c2ccc(-c3ccc(Cl)cc3)cc2)c2ccccc2c1O,6110.0,0.0,0.0,1,0,Ki,50095218
Cc1cc(OCCCc2c(C(=O)O)n3c4c(cccc24)SCC3)ccc1Cl,6300.0,0.0,0.0,1,0,Ki,50337383
O=C([C@@H]1[C@@H](CO)[C@@H]2Cn3c(cccc3=O)[C@@H]2N1Cc1ccc(Oc2ccccc2)cc1)N1CCC(c2ccc(F)cc2)CC1,6800.0,0.0,0.0,1,0,Ki,50456499
CC(C)Oc1ccc(-c2cc(C(=O)O)nn2-c2ccccc2)cc1,7000.0,0.0,0.0,1,0,Ki,51218883
Cc1cc(OCCCc2c(C)n(CCC(=O)O)c3c(-c4c(C)nn(C)c4C)cccc23)cc(C)c1Cl,7100.0,0.0,0.0,1,0,Ki,1014245
O=C(O)c1c(CCCOc2cccc3ccccc23)c2cccc3c2n1CCC3,7300.0,0.0,0.0,1,0,Ki,50337253
Cc1cc(OCCCc2c(C(=O)O)n(C)c3ccccc23)cc(C)c1Cl,7400.0,0.0,0.0,1,0,Ki,51040891
CC(C)C[C@@H](C(=O)O)N1C(=O)/C(=C/c2ccc(Br)cc2)SC1=S,7430.0,0.0,0.0,1,0,Ki,50847244
O=C(O)CSc1cc(NS(=O)(=O)c2ccc(Oc3ccccc3)cc2)c2ccccc2c1O,7560.0,0.0,0.0,1,0,Ki,50095221
Cc1cccc(C)c1N1C(=O)/C(=C/c2ccc(OCC(=O)Nc3ccc(C(=O)O)cc3)cc2)SC1=S,7600.0,0.0,0.0,1,0,Ki,50429775
O=C(N[C@@H]1CCN(Cc2ccccc2)C1)[C@H]1[C@H](CO)[C@H]2Cn3c(cccc3=O)[C@H]2N1CC1CCCCC1,7800.0,0.0,0.0,1,0,Ki,50456509
O=C(O)CSc1cc(NS(=O)(=O)c2cccc(-c3ccccc3)c2)c2ccccc2c1O,7850.0,0.0,0.0,1,0,Ki,50095211
Cc1cc(OCCCc2c(C(=O)NCc3cc(C(=O)O)ccn3)[nH]c3c(-c4c(C)nn(C)c4C)cccc23)cc(C)c1Cl,7900.0,0.0,0.0,2,0,Ki,"1126614,868528"
CN(C)CCCC(O)(c1ccccc1)c1ccc(OCCc2cccc(-c3ccc(C(=O)O)cc3)c2)cc1,8000.0,0.0,0.0,1,0,Ki,50605246
O=C(Nc1c(C(=O)NCCCc2ccccc2)cc(O)c(O)c1O)c1ccccc1,8040.0,0.0,0.0,1,0,Ki,51080547
CCc1sc2ncnc(N[C@H](CC3CCCCC3)C(=O)O)c2c1-c1cccc(Oc2ccc(F)cc2)c1,8100.0,0.0,0.0,1,0,Ki,51270989
O=C(Nc1ccccc1)c1cc(Cc2ccccc2)c(O)c(O)c1O,8300.0,0.0,0.0,1,0,Ki,50361897
O=C(NCc1ccc(Oc2ccccc2)cc1)[C@H]1[C@H](CO)[C@H]2Cn3c(cccc3=O)[C@H]2N1CC1CCCCC1,8400.0,0.0,0.0,1,0,Ki,50456507
O=C(NCCNS(=O)(=O)c1cc(-c2ccccc2Oc2ccc(O)c(O)c2)cs1)Nc1cc(Cl)cc(Cl)c1,8400.0,0.0,0.0,1,0,Ki,51439164
O=C(O)CSc1cc(NS(=O)(=O)c2ccc(-c3ccccc3)cc2)c2ccccc2c1O,8820.0,0.0,0.0,1,0,Ki,50095210
Cc1cc(OCCCn2nc(C(=O)NS(=O)(=O)c3ccc(NCC4CCN(C)CC4)c([N+](=O)[O-])c3)c3cc(Cl)ccc32)cc(C)c1Cl,8931.0,0.0,0.0,1,0,Ki,1319441
O=C(O)c1ccc([N+](=O)[O-])c(COc2ccc(/C=C3\SC(=S)N(c4ccccc4)C3=O)cc2)c1,9000.0,0.0,0.0,1,0,Ki,50429795
COC(=O)C1=C(N)Oc2ccc(Br)cc2C1C(C#N)C(=O)OC,9000.0,0.0,0.0,1,0,Ki,51288586
Cc1cc(OCCCc2c(C(=O)O)[nH]c3ccccc23)ccc1Cl,9100.0,0.0,0.0,1,0,Ki,51040897
O=c1[nH]cnc2c(O)c(O)c(O)cc12,9282.0,0.0,0.0,1,0,Ki,51080553
CC(=O)N[C@H](C(=O)Nc1ccc(C(=O)NS(=O)(=O)c2ccc(NCCSc3ccccc3)c([N+](=O)[O-])c2)cc1)C(C)C,9490.0,0.0,0.0,1,0,Ki,50713090
O=C(O)c1ccc(COc2ccc(/C=C3\SC(=S)N(c4cccc([N+](=O)[O-])c4)C3=O)cc2)cc1,9600.0,0.0,0.0,1,0,Ki,50429777
O=C(O)c1c(CCCOc2cccc3ccccc23)c2cccc3c2n1CCCS3,9900.0,0.0,0.0,1,0,Ki,50337377
COc1ccccc1N1C(=O)/C(=C/c2ccc(OCC(=O)Nc3ccc(C(=O)O)cc3)cc2)SC1=S,10000.0,0.0,0.0,1,0,Ki,50429723
O=C(O)c1c(CCCOc2cccc3ccccc23)c2cccc3c2n1CCCS3(=O)=O,11700.0,0.0,0.0,1,0,Ki,50337379
O=C(O)c1cc(SCCc2ccccc2)ccc1NS(=O)(=O)N1CCN(c2ccccc2)CC1,11700.0,0.0,0.0,1,0,Ki,51249731
CCOc1ccccc1N/N=C1\C(=O)N(c2cc(O)cc(-c3ccc(N(C)C)cc3)c2)N=C1C,12000.0,0.0,0.0,1,0,Ki,50322191
CN(C)CCCC(O)(c1ccccc1)c1ccc(OCCc2ccc(-c3ccc(C(=O)O)cc3)cc2)cc1,12000.0,0.0,0.0,1,0,Ki,50605248
CCC/C(=C1/SC(=S)N([C@@H](Cc2ccccc2)C(=O)O)C1=O)c1ccccc1,12000.0,0.0,0.0,1,0,Ki,50847242
CN1CCN(C2=C(Cl)C(=O)N(c3ccc(Cl)c(Cl)c3)C2=O)CC1,12500.0,0.0,0.0,1,0,Ki,51501248
CSc1ccc(C(Nc2ccccn2)c2c(C)[nH]c3ccccc23)cc1,12900.0,0.0,0.0,1,0,Ki,51501249
Cc1ccc(-c2ccsc2S(=O)(=O)NCCNC(=O)Nc2ccc([N+](=O)[O-])cc2)c(Oc2ccc(O)c(O)c2)c1,13000.0,0.0,0.0,1,0,Ki,51439170
CCc1sc2ncnc(NC(C(=O)O)c3ccccc3)c2c1-c1cccc(Oc2ccc(F)cc2)c1,13000.0,0.0,0.0,1,0,Ki,51270988
O=Cc1ccc(-c2ccc(C[C@@H]3NC(=O)N([C@@H](Cc4ccccc4)C(=O)NS(=O)(=O)c4ccc(Cl)c([N+](=O)[O-])c4)C3=O)cc2)cc1,13000.0,0.0,0.0,1,0,Ki,50433114
Cc1ccc(S(=O)(=O)NC(=O)[C@H](Cc2ccccc2)N2C(=O)N[C@@H](Cc3ccc(-c4cccc(C)c4)cc3)C2=O)cc1,13000.0,0.0,0.0,1,0,Ki,50433116
CCC/C(=C1/SC(=S)N([C@@H](CC(C)C)C(=O)O)C1=O)c1ccccc1,13500.0,0.0,0.0,1,0,Ki,50847257
COCCNC(=O)[C@H]1[C@H](CO)[C@H]2Cn3c(cccc3=O)[C@@H]1N2c1nc(-c2ccc(Cl)cc2)c(-c2ccccc2)s1,14000.0,0.0,0.0,1,0,Ki,50456515
O=C(O)[C@H](Cc1ccccc1)N1C(=O)/C(=C/c2ccc(Br)cc2)SC1=S,14200.0,0.0,0.0,2,0,Ki,"50847258,50856158"
O=C(NS(=O)(=O)c1cccc([N+](=O)[O-])c1)[C@H](Cc1ccccc1)N1C(=O)N[C@@H](Cc2ccc(-c3ccc(Cl)cc3)cc2)C1=O,15000.0,0.0,0.0,1,0,Ki,50433250
O=C(O)C1C2CC(Sc3ccccc3[N+](=O)[O-])C(Cl)C2c2cc(Cl)cc3c2N1CC1CC=CC31,15000.0,0.0,0.0,1,0,Ki,51466290
O=C(NS(=O)(=O)c1ccc(NCCSc2ccccc2)c([N+](=O)[O-])c1)c1ccc(NS(=O)(=O)c2ccccc2)cc1,15190.0,0.0,0.0,1,0,Ki,50713097
O=C(O)c1c(CCCOc2cccc3ccccc23)c2cccc3c2n1CCC[S+]3O,16000.0,0.0,0.0,1,0,Ki,50337378
CC(C)(C)c1ccc(N2CCN(S(=O)(=O)Nc3ccc(SCCC(=O)Nc4ccccc4)cc3C(=O)O)CC2)cc1,16100.0,0.0,0.0,1,0,Ki,51249700
COc1cccc(Oc2ccc3c4c(cccc24)C2=NC(=O)C(C#N)=C23)c1,16600.0,0.0,0.0,1,0,Ki,50657377
O=C(NCCNS(=O)(=O)c1sccc1-c1ccccc1Oc1ccc(O)c(O)c1)Nc1cc(C(F)(F)F)cc(C(F)(F)F)c1,17000.0,0.0,0.0,1,0,Ki,51439166
O=C(NS(=O)(=O)c1ccccc1)[C@H](Cc1ccccc1)N1C(=O)N[C@@H](Cc2ccc(-c3ccc(Cl)cc3)cc2)C1=O,19000.0,0.0,0.0,1,0,Ki,50433253
CN(C)CCCC(O)(c1ccccc1)c1cccc(OCc2cccc(-c3ccc(C(=O)O)cc3)c2)c1,20000.0,0.0,0.0,1,0,Ki,50605240
O=C(O)[C@@H](Cc1ccccc1)Nc1ncnc2sc(-c3ccccc3)c(-c3cccc(O)c3)c12,21000.0,0.0,0.0,1,0,Ki,51270991
O=C(O)[C@H](Cc1ccccc1)N1C(=O)/C(=C/c2ccc(OCCOCCOCCOc3ccc(/C=C4\SC(=S)N([C@@H](Cc5ccccc5)C(=O)O)C4=O)cc3)cc2)SC1=S,21200.0,0.0,0.0,1,0,Ki,50856165
C/C(=C1/SC(=S)N([C@@H](CC(C)C)C(=O)O)C1=O)c1ccccc1,21200.0,0.0,0.0,1,0,Ki,50847240
O=C(O)CCc1cc(NS(=O)(=O)c2ccc(Br)cc2)c2ccccc2c1O,23800.0,0.0,0.0,1,0,Ki,51439211
O=C(O)CSc1cc(NS(=O)(=O)c2ccccc2-c2ccccc2)c2ccccc2c1O,23840.0,0.0,0.0,1,0,Ki,50095217
CCc1sc2ncnc(N[C@H](Cc3ccccc3)C(=O)O)c2c1-c1cccc(Oc2ccc(F)cc2)c1,24000.0,0.0,0.0,1,0,Ki,51271006
CCc1sc2ncnc(N[C@@H](Cc3ccccc3)C(=O)O)c2c1-c1cccc(Oc2ccc(F)cc2)c1,24000.0,0.0,0.0,1,0,Ki,51271035
COc1c(Cc2ccccc2C(C)C)cc(C(=O)Nc2ccc(S(=O)(=O)c3ccccc3C(C)(C)C)cc2)c(OC)c1OC,25000.0,0.0,0.0,1,0,Ki,50361875
CCc1sc2ncnc(N[C@H](C)C(=O)O)c2c1-c1ccc2[nH]ccc2c1,28000.0,0.0,0.0,1,0,Ki,51270992
CCc1sc2ncnc(N[C@H](Cc3ccccc3)C(=O)O)c2c1-c1cccc(Cl)c1C,29000.0,0.0,0.0,1,0,Ki,51271018
CC1=NN(c2cc(O)cc(-c3ccc(N(C)C)cc3)c2)C(=O)/C1=N\Nc1ccc2ccccc2c1,33900.0,0.0,0.0,1,0,Ki,50322184
CCc1sc2ncnc(O[C@H](Cc3ccccc3)C(=O)O)c2c1-c1cccc(Cl)c1C,36000.0,0.0,0.0,1,0,Ki,51271007
CC(C)C(C(=O)O)N1C(=O)/C(=C\c2ccc(Br)cc2)SC1=S,43400.0,0.0,0.0,1,0,Ki,50847234
C[C@@H](Nc1ncnc2sc(-c3ccccc3)c(-c3cccc(O)c3)c12)C(=O)O,49000.0,0.0,0.0,1,0,Ki,51270947
CCc1sc2nc(S(C)(=O)=O)nc(N[C@H](C)C(=O)O)c2c1-c1cccc(Oc2ccc(F)cc2)c1,51000.0,0.0,0.0,1,0,Ki,51270944
O=C(O)CSc1cc(NS(=O)(=O)c2cccs2)c2ccccc2c1O,54650.0,0.0,0.0,1,0,Ki,50095207
CC(C)C[C@@H](C(=O)O)N1C(=O)C(=C(c2ccccc2)c2ccccc2)SC1=S,57800.0,0.0,0.0,1,0,Ki,50847236
CSCC[C@@H](C(=O)O)N1C(=O)/C(=C/c2ccc(Br)cc2)SC1=S,69600.0,0.0,0.0,1,0,Ki,50847254
C[C@@H](C(=O)N1CCOCC1)N1C(=O)/C(=C/c2ccc(Br)cc2)SC1=S,70000.0,0.0,0.0,1,0,Ki,50847253
CCc1sc2ncnc(N[C@@H](C)C(=O)O)c2c1CC,74000.0,0.0,0.0,1,0,Ki,51271010
CCN1CCN(c2cc(S(=O)(=O)NC(=O)c3nn(Cc4ccc(Oc5cc(C)c(Cl)c(C)c5)cc4)c4ccc(Cl)cc34)ccc2[N+](=O)[O-])CC1,74253.0,0.0,0.0,1,0,Ki,1319469
CN1CCN(CCCNC(=O)c2c(-c3ccccc3)c(-c3ccc(Cl)cc3)cn2CC[C@H](O)CO)CC1,78000.0,0.0,0.0,1,0,Ki,50947921
CN(C)CCCC(O)(c1ccccc1)c1ccc(OCc2ccc(-c3ccc(C(=O)O)cc3)cc2)cc1,83000.0,0.0,0.0,1,0,Ki,50605247
CCc1sc2ncnc(N[C@@H](C)C(=O)O)c2c1-c1cccc(Oc2ccc(F)cc2)c1,98000.0,0.0,0.0,1,0,Ki,51270985
CCOC(=O)C(C#N)C1c2cc(-c3ccccc3)ccc2OC(=N)C1C(=O)OCC,112000.0,0.0,0.0,1,0,Ki,50368581
C[C@@H](C(=O)O)N1C(=O)/C(=C/c2ccc(Br)cc2)SC1=S,115000.0,0.0,0.0,1,0,Ki,50847249
CCCC[C@H]1C(=O)O[C@H](C)[C@H](NC(=O)c2cccc(NC=O)c2O)C(=O)O[C@@H](C)[C@@H]1OC(=O)CC(C)C,124000.0,0.0,0.0,1,0,Ki,50847231
CCCc1ccc2c(c1)C(C(C#N)C(=O)OCC)C(C(=O)OCC)C(=N)O2,128000.0,0.0,0.0,1,0,Ki,50368566
CCOC(=O)C(C#N)C1c2cc(C3CCCC3)ccc2OC(=N)C1C(=O)OCC,128000.0,0.0,0.0,1,0,Ki,50368584
CN(C)CC[C@H](CSc1ccccc1)Nc1ccc(S(=O)(=O)Nc2ccc(N3CCNCC3)cc2)cc1[N+](=O)[O-],138000.0,0.0,0.0,1,0,Ki,50947952
O=C(OCCOCCOCCOC(=O)[C@H](Cc1ccccc1)N1C(=O)/C(=C/c2ccc(Br)cc2)SC1=S)[C@H](Cc1ccccc1)N1C(=O)/C(=C/c2ccc(Br)cc2)SC1=S,161000.0,0.0,0.0,1,0,Ki,50856163
CCSCCCCC(c1ccc(O)cc1)C(C)(CC)c1ccc(O)cc1,169000.0,0.0,0.0,1,0,Ki,50140257
COc1ccc2c(c[n+](C)c3c4cc5c(cc4ccc23)OCO5)c1OC,171000.0,0.0,0.0,1,0,Ki,50847226
C=CCOC(=O)[C@H](C)N1C(=O)/C(=C/c2ccc(Br)cc2)SC1=S,192000.0,0.0,0.0,1,0,Ki,50847252
CCOC(=O)C(C#N)C1c2cc(CC)ccc2OC(=N)C1C(=O)OCC,210000.0,0.0,0.0,1,0,Ki,50368564
CCOC(=O)[C@H](Cc1ccccc1)N1C(=O)/C(=C/c2ccc(OCOc3ccc(/C=C4\SC(=S)N([C@@H](Cc5ccccc5)C(=O)OCC)C4=O)cc3)cc2)SC1=S,226000.0,0.0,0.0,1,0,Ki,50856162
O=C(OCCOC(=O)[C@H](Cc1ccccc1)N1C(=O)/C(=C/c2ccc(Br)cc2)SC1=S)[C@H](Cc1ccccc1)N1C(=O)/C(=C/c2ccc(Br)cc2)SC1=S,243000.0,0.0,0.0,1,0,Ki,50856164
CCOC(=O)C(C#N)C1c2cc(Br)ccc2OC(=N)C1C(=O)OCC,254000.0,0.0,0.0,1,0,Ki,50847235
CCOC(=O)[C@H](Cc1ccccc1)N1C(=O)/C(=C/c2ccc(Br)cc2)SC1=S,260000.0,0.0,0.0,1,0,Ki,50856161
C=CCOC(=O)[C@H](Cc1ccccc1)N1C(=O)C(=C(c2ccccc2)c2ccccc2)SC1=S,260000.0,0.0,0.0,1,0,Ki,50847245
CCc1sc2ncnc(N[C@H](C(=O)O)c3ccccc3)c2c1-c1cccc(O)c1,269000.0,0.0,0.0,1,0,Ki,51270990
CCOC(=O)C(C#N)C1c2cc(C)ccc2OC(=N)C1C(=O)OCC,309000.0,0.0,0.0,1,0,Ki,50368576
O=C(O)CC[C@@H](C(=O)O)N1C(=O)/C(=C/c2ccc(Br)cc2)SC1=S,320000.0,0.0,0.0,1,0,Ki,50847255
CCc1sc2ncnc(N[C@@H](C)C(=O)O)c2c1-c1ccc(SC)cc1,359000.0,0.0,0.0,1,0,Ki,51270946
CCc1sc2ncnc(N[C@@H](C)C(=O)O)c2c1-c1ccccc1,418000.0,0.0,0.0,1,0,Ki,51271003
CCc1sc2ncnc(N[C@@H](C)C(=O)O)c2c1-c1cccc(C(F)(F)F)c1,437000.0,0.0,0.0,1,0,Ki,51271027
CCc1sc2ncnc(N[C@@H](C(=O)O)c3ccccc3)c2c1-c1cccc(O)c1,470000.0,0.0,0.0,1,0,Ki,51271017
O=C1CC[C@H](O)c2cccc(O)c21,474760.0,0.0,0.0,1,0,Ki,50276877
CCOC(=O)C(C#N)C1c2ccccc2OC(=N)C1C(=O)OCC,531000.0,0.0,0.0,1,0,Ki,50368572
