smiles,standard_type,value,units,bindingdb_id,data_validity_comment,activity_comment,warning_flag
"CC1(C)CCC(CN2CCN(CC2)c2ccc(C(=O)NS(=O)(=O)c3cnc(NCC4CCC(C)(O)CC4)c(c3)[N+]([O-])=O)c(Oc3cnc4[nH]ccc4c3)c2)=C(C1)c1ccc(Cl)cc1 |c:59,(8.08,-9.44,;7.26,-8.14,;8.8,-8.19,;7.26,-6.6,;5.93,-5.83,;4.59,-6.6,;3.26,-5.83,;3.26,-4.29,;4.59,-3.52,;4.59,-1.98,;3.26,-1.21,;1.92,-1.98,;1.92,-3.52,;3.26,.33,;4.59,1.1,;4.59,2.64,;3.26,3.41,;3.26,4.95,;4.59,5.72,;1.92,5.72,;1.92,7.26,;1.92,8.8,;3.46,7.26,;.38,7.26,;-.39,5.93,;-1.93,5.93,;-2.7,7.26,;-4.24,7.26,;-5.01,8.59,;-6.55,8.59,;-7.32,7.26,;-8.86,7.26,;-9.63,8.59,;-10.99,7.87,;-10.99,9.32,;-8.86,9.93,;-7.32,9.93,;-1.93,8.59,;-.39,8.59,;-2.7,9.93,;-1.93,11.26,;-4.24,9.93,;1.92,2.64,;.59,3.41,;-.74,2.64,;-.74,1.1,;-2.08,.33,;-3.41,1.1,;-4.87,.63,;-5.78,1.87,;-4.87,3.12,;-3.41,2.64,;-2.08,3.41,;1.92,1.1,;4.59,-8.14,;5.93,-8.91,;3.26,-8.91,;3.26,-10.45,;1.92,-11.22,;.59,-10.45,;-.74,-11.22,;.59,-8.91,;1.92,-8.14,)|",Ki,<0.001,nM,339909,,,False
COC1(C)CCC(=C(CN2CCN(CC2)c2ccc(C(=O)NS(=O)(=O)c3ccc(NCC4CCOCC4)c(c3)[N+]([O-])=O)c(Oc3cnc4[nH]ccc4c3)c2)C1)c1ccc(Cl)cc1 |t:6|,Ki,<0.001,nM,339911,,,False
"COC1(C)CCC(=C(CN2CCN(CC2)c2ccc(C(=O)NS(=O)(=O)c3ccc(NCC4CCC(C)(O)CC4)c(c3)[N+]([O-])=O)c(Oc3cnc4[nH]ccc4c3)c2)C1)c1ccc(Cl)cc1 |t:6,(7.24,-3.72,;7.96,-5.08,;7.15,-6.39,;8.68,-6.33,;7.15,-7.93,;5.81,-8.7,;4.48,-7.93,;4.48,-6.39,;3.14,-5.62,;3.14,-4.08,;4.48,-3.31,;4.48,-1.77,;3.14,-1,;1.81,-1.77,;1.81,-3.31,;3.14,.54,;4.48,1.31,;4.48,2.85,;3.14,3.62,;3.14,5.16,;4.48,5.93,;1.81,5.93,;1.81,7.47,;1.81,9.01,;3.35,7.47,;.27,7.47,;-.5,6.14,;-2.04,6.14,;-2.81,7.47,;-4.35,7.47,;-5.12,6.14,;-6.66,6.14,;-7.43,4.81,;-8.97,4.81,;-9.74,6.14,;-11.1,5.42,;-11.1,6.86,;-8.97,7.47,;-7.43,7.47,;-2.04,8.81,;-.5,8.81,;-2.81,10.14,;-2.04,11.48,;-4.35,10.14,;1.81,2.85,;.48,3.62,;-.86,2.85,;-.86,1.31,;-2.19,.54,;-3.52,1.31,;-4.99,.84,;-5.89,2.08,;-4.99,3.33,;-3.52,2.85,;-2.19,3.62,;1.81,1.31,;5.81,-5.62,;3.14,-8.7,;3.14,-10.24,;1.81,-11.01,;.48,-10.24,;-.86,-11.01,;.48,-8.7,;1.81,-7.93,)|",Ki,<0.001,nM,339910,,,False
"CC1(C)CCC(CN2CCN(CC2)c2ccc(C(=O)NS(=O)(=O)c3cnc(NCC4CCC(C)(O)CC4)c(c3)[N+]([O-])=O)c(Oc3cnc4[nH]ccc4c3)c2)=C(C1)c1ccc(Cl)cc1 |c:59,(8.08,-9.44,;7.26,-8.14,;8.8,-8.19,;7.26,-6.6,;5.93,-5.83,;4.59,-6.6,;3.26,-5.83,;3.26,-4.29,;4.59,-3.52,;4.59,-1.98,;3.26,-1.21,;1.92,-1.98,;1.92,-3.52,;3.26,.33,;4.59,1.1,;4.59,2.64,;3.26,3.41,;3.26,4.95,;4.59,5.72,;1.92,5.72,;1.92,7.26,;1.92,8.8,;3.46,7.26,;.38,7.26,;-.39,5.93,;-1.93,5.93,;-2.7,7.26,;-4.24,7.26,;-5.01,8.59,;-6.55,8.59,;-7.32,7.26,;-8.86,7.26,;-9.63,8.59,;-10.99,7.87,;-10.99,9.32,;-8.86,9.93,;-7.32,9.93,;-1.93,8.59,;-.39,8.59,;-2.7,9.93,;-1.93,11.26,;-4.24,9.93,;1.92,2.64,;.59,3.41,;-.74,2.64,;-.74,1.1,;-2.08,.33,;-3.41,1.1,;-4.87,.63,;-5.78,1.87,;-4.87,3.12,;-3.41,2.64,;-2.08,3.41,;1.92,1.1,;4.59,-8.14,;5.93,-8.91,;3.26,-8.91,;3.26,-10.45,;1.92,-11.22,;.59,-10.45,;-.74,-11.22,;.59,-8.91,;1.92,-8.14,)|",Ki,<0.001,nM,339905,,,False
"COCC1CCC(CNc2ccc(cc2[N+]([O-])=O)S(=O)(=O)NC(=O)c2ccc(cc2Oc2cnc3[nH]ccc3c2)N2CCN(CC3=C(CC(C)(C)CC3)c3ccc(Cl)cc3)CC2)CC1 |t:49,(-10.07,6.16,;-8.53,6.16,;-7.76,4.83,;-6.22,4.83,;-5.45,3.49,;-3.91,3.49,;-3.14,4.83,;-1.6,4.83,;-.83,6.16,;.71,6.16,;1.48,4.83,;3.02,4.83,;3.79,6.16,;3.02,7.49,;1.48,7.49,;.71,8.83,;1.48,10.16,;-.83,8.83,;5.33,6.16,;5.33,7.7,;6.87,6.16,;5.33,4.62,;6.67,3.85,;8,4.62,;6.67,2.31,;8,1.54,;8,,;6.67,-.77,;5.33,,;5.33,1.54,;4,2.31,;2.67,1.54,;2.67,,;1.33,-.77,;;-1.46,-.48,;-2.37,.77,;-1.46,2.02,;,1.54,;1.33,2.31,;6.67,-2.31,;8,-3.08,;8,-4.62,;6.67,-5.39,;6.67,-6.93,;8,-7.7,;8,-9.24,;9.34,-10.01,;10.67,-9.24,;11.49,-10.55,;12.21,-9.29,;10.67,-7.7,;9.34,-6.93,;6.67,-10.01,;6.67,-11.55,;5.33,-12.32,;4,-11.55,;2.67,-12.32,;4,-10.01,;5.33,-9.24,;5.33,-4.62,;5.33,-3.08,;-3.91,6.16,;-5.45,6.16,)|",Ki,<0.001,nM,339907,,,False
CC1(C)CCC(CN2CCN(CC2)c2ccc(C(=O)NS(=O)(=O)c3ccc(NC(=O)N4CCOCC4)c(c3)[N+]([O-])=O)c(Oc3cnc4[nH]ccc4c3)c2)=C(C1)c1ccc(Cl)cc1 |c:58|,Ki,<0.001,nM,339906,,,False
CC1(C)CCC(CN2CCN(CC2)c2ccc(C(=O)NS(=O)(=O)c3cnc(NC[C@H]4CC[C@](C)(O)CC4)c(c3)[N+]([O-])=O)c(Oc3cnc4[nH]ccc4c3)c2)=C(C1)c1ccc(Cl)cc1,Ki,<0.001,nM,704963,,,False
CC1(C)CCC(CN2CCN(CC2)c2ccc(C(=O)NS(=O)(=O)c3ccc(NC(=O)N4CCOCC4)c(c3)[N+]([O-])=O)c(Oc3cnc4[nH]ccc4c3)c2)=C(C1)c1ccc(Cl)cc1,Ki,<0.001,nM,704960,,,False
COCC1CCC(CNc2ccc(cc2[N+]([O-])=O)S(=O)(=O)NC(=O)c2ccc(cc2Oc2cnc3[nH]ccc3c2)N2CCN(CC3=C(CC(C)(C)CC3)c3ccc(Cl)cc3)CC2)CC1,Ki,<0.001,nM,704961,,,False
COC1(C)CCC(=C(CN2CCN(CC2)c2ccc(C(=O)NS(=O)(=O)c3ccc(NC[C@H]4CC[C@@](C)(O)CC4)c(c3)[N+]([O-])=O)c(Oc3cnc4[nH]ccc4c3)c2)C1)c1ccc(Cl)cc1,Ki,<0.001,nM,704964,,,False
COC1(C)CCC(=C(CN2CCN(CC2)c2ccc(C(=O)NS(=O)(=O)c3ccc(NCC4CCOCC4)c(c3)[N+]([O-])=O)c(Oc3cnc4[nH]ccc4c3)c2)C1)c1ccc(Cl)cc1,Ki,<0.001,nM,704965,,,False
CN(C)CCOc1ccc(c(CN2CCN(CC2)c2ccc(C(=O)NS(=O)(=O)c3ccc(NCCCN4CCCC4)c(c3)[N+]([O-])=O)c(Oc3ccccc3)c2)c1)-c1ccc(Cl)cc1,Ki, 0.001,nM,324837,,,False
COC1(C)CCC(=C(CN2CCN(CC2)c2ccc(C(=O)NS(=O)(=O)c3ccc(NCC4CCOCC4)c(c3)[N+]([O-])=O)c(Oc3cnc4[nH]ccc4c3)c2)C1)c1ccc(Cl)cc1,Ki,<0.001,nM,1373104,,,False
CN1CCC(CC1)Nc1ccc(cc1[N+]([O-])=O)S(=O)(=O)NC(=O)c1ccc(cc1Oc1ccccc1F)N1CCN(CC2=C(CC(C)(C)CC2)c2ccc(Cl)cc2)CC1 |t:46|,Ki,<0.001,nM,281454,,,False
CC1(C)CCC(CN2CCN(CC2)c2ccc(C(=O)NS(=O)(=O)c3ccc(NC(=O)N4CCOCC4)c(c3)[N+]([O-])=O)c(Oc3cnc4[nH]ccc4c3)c2)=C(C1)c1ccc(Cl)cc1,Ki,<0.001,nM,1180195,,,False
CN1CCC(CC1)Nc1ccc(cc1[N+]([O-])=O)S(=O)(=O)NC(=O)c1ccc(cc1Oc1ccccc1F)N1CCN(CC2=C(CC(C)(C)CC2)c2ccc(Cl)cc2)CC1,Ki,<0.001,nM,387700,,,False
CC1(C)CCC(CN2CCN(CC2)c2ccc(C(=O)NS(=O)(=O)c3cnc(NCC4CCC(C)(O)CC4)c(c3)[N+]([O-])=O)c(Oc3cnc4[nH]ccc4c3)c2)=C(C1)c1ccc(Cl)cc1,Ki,<0.001,nM,1180192,,,False
CC1(C)CCC(CN2CCN(CC2)c2ccc(C(=O)NS(=O)(=O)c3cnc(NC[C@H]4CC[C@@](C)(O)CC4)c(c3)[N+]([O-])=O)c(Oc3cnc4[nH]ccc4c3)c2)=C(C1)c1ccc(Cl)cc1,Ki,<0.001,nM,704959,,,False
COCC1CCC(CNc2ccc(cc2[N+]([O-])=O)S(=O)(=O)NC(=O)c2ccc(cc2Oc2cnc3[nH]ccc3c2)N2CCN(CC3=C(CC(C)(C)CC3)c3ccc(Cl)cc3)CC2)CC1,Ki,<0.001,nM,1180197,,,False
COCC1CCC(CNc2ccc(cc2[N+]([O-])=O)S(=O)(=O)NC(=O)c2ccc(cc2Oc2cnc3[nH]ccc3c2)N2CCN(CC3=C(CC(C)(C)CC3)c3ccc(Cl)cc3)CC2)CC1,Ki,<0.001,nM,1373100,,,False
COC1(C)CCC(=C(CN2CCN(CC2)c2ccc(C(=O)NS(=O)(=O)c3ccc(NCC4CCC(C)(O)CC4)c(c3)[N+]([O-])=O)c(Oc3cnc4[nH]ccc4c3)c2)C1)c1ccc(Cl)cc1,Ki,<0.001,nM,1180203,,,False
CC1(C)CCC(CN2CCN(CC2)c2ccc(C(=O)NS(=O)(=O)c3cnc(NC[C@H]4CC[C@](C)(O)CC4)c(c3)[N+]([O-])=O)c(Oc3cnc4[nH]ccc4c3)c2)=C(C1)c1ccc(Cl)cc1,Ki,<0.001,nM,1373102,,,False
CC1(C)CCC(CN2CCN(CC2)c2ccc(C(=O)NS(=O)(=O)c3cnc(NCC4CCC(C)(O)CC4)c(c3)[N+]([O-])=O)c(Oc3cnc4[nH]ccc4c3)c2)=C(C1)c1ccc(Cl)cc1,Ki,<0.001,nM,1180201,,,False
COC1(C)CCC(=C(CN2CCN(CC2)c2ccc(C(=O)NS(=O)(=O)c3ccc(NC[C@H]4CC[C@@](C)(O)CC4)c(c3)[N+]([O-])=O)c(Oc3cnc4[nH]ccc4c3)c2)C1)c1ccc(Cl)cc1,Ki,<0.001,nM,1373103,,,False
CC1(C)CCC(CN2CCN(CC2)c2ccc(C(=O)NS(=O)(=O)c3cnc(NC[C@H]4CC[C@@](C)(O)CC4)c(c3)[N+]([O-])=O)c(Oc3cnc4[nH]ccc4c3)c2)=C(C1)c1ccc(Cl)cc1,Ki,<0.001,nM,1373098,,,False
COC1(C)CCC(=C(CN2CCN(CC2)c2ccc(C(=O)NS(=O)(=O)c3ccc(NCC4CCOCC4)c(c3)[N+]([O-])=O)c(Oc3cnc4[nH]ccc4c3)c2)C1)c1ccc(Cl)cc1,Ki,<0.001,nM,1180205,,,False
CC1(C)CCC(CN2CCN(CC2)c2ccc(C(=O)NS(=O)(=O)c3ccc(NC(=O)N4CCOCC4)c(c3)[N+]([O-])=O)c(Oc3cnc4[nH]ccc4c3)c2)=C(C1)c1ccc(Cl)cc1,Ki,<0.001,nM,1373099,,,False
CC1(C)CCC(CN2CCN(CC2)c2ccc(C(=O)NS(=O)(=O)c3ccc(OCC4(F)CCOCC4)c(c3)[N+]([O-])=O)c(Oc3cccc4[nH]cnc34)c2)=C(C1)c1ccc(Cl)cc1 |c:58|,Ki, 0.002,nM,325111,,,False
CC1(C)CCC(CN2CCN(CC2)c2ccc(C(=O)NS(=O)(=O)c3ccc(OCC4CCN(CC4)C(CF)CF)c(c3)[N+]([O-])=O)c(Oc3cnc4[nH]ccc4c3)c2)=C(C1)c1ccc(Cl)cc1,Ki, 0.002,nM,1372860,,,False
CC1(C)CCC(CN2CCN(CC2)c2ccc(C(=O)NS(=O)(=O)c3ccc(NCC4CN(CC(F)F)CCO4)c(c3)[N+]([O-])=O)c(Oc3cccc4[nH]cnc34)c2)=C(C1)c1ccc(Cl)cc1 |c:61|,Ki, 0.002,nM,325118,,,False
CC1(C)CCC(CN2CCN(CC2)c2ccc(C(=O)NS(=O)(=O)c3ccc(OCC4CCN(CC4)C(CF)CF)c(c3)[N+]([O-])=O)c(Oc3cnc4[nH]ccc4c3)c2)=C(C1)c1ccc(Cl)cc1,Ki, 0.002,nM,704721,,,False
CC1(C)CCC(CN2CCN(CC2)c2ccc(C(=O)NS(=O)(=O)c3ccc(OCC4CCN(CC4)C(CF)CF)c(c3)[N+]([O-])=O)c(Oc3cnc4[nH]ccc4c3)c2)=C(C1)c1ccc(Cl)cc1,Ki, 0.002,nM,1180089,,,False
CC1(C)CCC(CN2CCN(CC2)c2ccc(C(=O)NS(=O)(=O)c3ccc(OCC4CCN(CC4)C(CF)CF)c(c3)[N+]([O-])=O)c(Oc3cnc4[nH]ccc4c3)c2)=C(C1)c1ccc(Cl)cc1 |c:62|,Ki, 0.002,nM,339678,,,False
CC1(C)CCC(CN2CCN(CC2)c2ccc(C(=O)NS(=O)(=O)c3cnc(OCC4CCOCC4)c(Cl)c3)c(Oc3cccc4[nH]ncc34)c2)=C(C1)c1ccc(Cl)cc1 |c:55|,Ki, 0.002,nM,325130,,,False
CC1(C)CCC(CN2CCN(CC2)c2ccc(C(=O)NS(=O)(=O)c3ccc(NCC4CCOCC4)c(c3)[N+]([O-])=O)c(Oc3cccc4[nH]cnc34)c2)=C(C1)c1ccc(Cl)cc1 |c:57|,Ki, 0.003,nM,325106,,,False
CN(C)CC(=O)N1CCO[C@H](COc2ncc(cc2Cl)S(=O)(=O)NC(=O)c2ccc(cc2Oc2cccc3[nH]ncc23)N2CCN(CC3=C(CC(C)(C)CC3)c3ccc(Cl)cc3)CC2)C1 |t:51|,Ki, 0.003,nM,325128,,,False
CN(C)CCOc1ccc(c(CN2CCN(CC2)c2ccc(C(=O)NS(=O)(=O)c3ccc(NCC4CCOCC4)c(c3)[N+]([O-])=O)c(Oc3cccc4[nH]ccc34)c2)c1)-c1ccc(Cl)cc1,Ki, 0.003,nM,324841,,,False
CC1(C)CCC(CN2CCN(CC2)c2ccc(C(=O)NS(=O)(=O)c3ccc(NCC4CN(CCO4)C4CC4)c(c3)[N+]([O-])=O)c(Oc3cccc4[nH]ncc34)c2)=C(C1)c1ccc(Cl)cc1 |c:61|,Ki, 0.003,nM,325114,,,False
CC1(C)CCC(CN2CCN(CC2)c2ccc(C(=O)NS(=O)(=O)c3ccc(N[C@@H]4CCN(CC#N)C4)c(c3)[N+]([O-])=O)c(Oc3cccc4[nH]cnc34)c2)=C(C1)c1ccc(Cl)cc1 |c:58|,Ki, 0.003,nM,325131,,,False
COCCOCCN1CCO[C@H](CNc2ccc(cc2[N+]([O-])=O)S(=O)(=O)NC(=O)c2ccc(cc2Oc2cccc3[nH]cnc23)N2CCN(CC3=C(CC(C)(C)CC3)c3ccc(Cl)cc3)CC2)C1 |t:54|,Ki, 0.004,nM,325158,,,False
CN1CCC(CC1)Nc1ccc(cc1[N+]([O-])=O)S(=O)(=O)NC(=O)c1ccc(cc1Oc1cccc2[nH]cnc12)N1CCN(CC2=C(CC(C)(C)CC2)c2ccc(Cl)cc2)CC1 |t:49|,Ki, 0.004,nM,325121,,,False
"COC1CCC(CNc2ccc(cc2[N+]([O-])=O)S(=O)(=O)NC(=O)c2ccc(cc2Oc2cnc(N)c(Cl)c2)N2CCN(CC3=C(CC(C)(C)CC3)c3ccc(Cl)cc3)CC2)CC1 |t:46,(-11.47,3.54,;-10.7,2.21,;-9.16,2.21,;-8.39,.88,;-6.85,.88,;-6.08,2.21,;-4.54,2.21,;-3.77,3.54,;-2.23,3.54,;-1.46,2.21,;.08,2.21,;.85,3.54,;.08,4.88,;-1.46,4.88,;-2.23,6.21,;-1.46,7.54,;-3.77,6.21,;2.39,3.54,;2.39,5.08,;3.93,3.54,;2.39,2,;3.72,1.23,;5.06,2,;3.72,-.31,;5.06,-1.08,;5.06,-2.62,;3.72,-3.39,;2.39,-2.62,;2.39,-1.08,;1.06,-.31,;-.28,-1.08,;-1.61,-.31,;-2.94,-1.08,;-2.94,-2.62,;-4.28,-3.39,;-1.61,-3.39,;-1.61,-4.93,;-.28,-2.62,;3.72,-4.93,;5.06,-5.7,;5.06,-7.24,;3.72,-8.01,;3.72,-9.55,;5.06,-10.32,;5.06,-11.86,;6.39,-12.63,;7.73,-11.86,;8.54,-13.16,;9.26,-11.91,;7.73,-10.32,;6.39,-9.55,;3.72,-12.63,;3.72,-14.17,;2.39,-14.94,;1.06,-14.17,;-.28,-14.94,;1.06,-12.63,;2.39,-11.86,;2.39,-7.24,;2.39,-5.7,;-6.85,3.54,;-8.39,3.54,)|",Ki, 0.005,nM,281668,,,False
CN(C)CCOc1ccc(c(CN2CCN(CC2)c2ccc(C(=O)NS(=O)(=O)c3ccc(NC4CCN(C)CC4)c(c3)[N+]([O-])=O)c(Oc3cccc(Cl)c3)c2)c1)-c1ccc(Cl)cc1,Ki, 0.005,nM,387616,,,False
COC1CCC(CNc2ccc(cc2[N+]([O-])=O)S(=O)(=O)NC(=O)c2ccc(cc2Oc2cnc(N)c(Cl)c2)N2CCN(CC3=C(CC(C)(C)CC3)c3ccc(Cl)cc3)CC2)CC1,Ki, 0.005,nM,387920,,,False
CN(C)CCOc1cccc(c1CN1CCN(CC1)c1ccc(C(=O)NS(=O)(=O)c2ccc(NC3CCN(C)CC3)c(c2)[N+]([O-])=O)c(Oc2cccc3[nH]ccc23)c1)-c1ccc(Cl)cc1,Ki, 0.005,nM,324914,,,False
CC1(C)CCC(CN2CCN(CC2)c2ccc(C(=O)NS(=O)(=O)c3cnc(NC4CCN(CC4)C4CC4)c(Cl)c3)c(Oc3cccc4[nH]ncc34)c2)=C(C1)c1ccc(Cl)cc1 |c:58|,Ki, 0.005,nM,325151,,,False
CN(C)CCOc1ccc(c(CN2CCN(CC2)c2ccc(C(=O)NS(=O)(=O)c3ccc(NC4CCN(C)CC4)c(c3)[N+]([O-])=O)c(Oc3cccc(Cl)c3)c2)c1)-c1ccc(Cl)cc1,Ki, 0.005,nM,281370,,,False
CC1(C)CCC(CN2CCN(CC2)c2ccc(C(=O)NS(=O)(=O)c3cnc(OCC4CCOCC4)c(Br)c3)c(Oc3cccc4[nH]ccc34)c2)=C(C1)c1ccc(Cl)cc1 |c:55|,Ki, 0.006,nM,325068,,,False
"COC1CCC(COc2ncc(cc2Cl)S(=O)(=O)NC(=O)c2ccc(cc2Oc2cccc3[nH]ncc23)N2CCN(CC3=C(CC(C)(C)CC3)c3ccc(Cl)cc3)CC2)CC1 |t:46,(17.62,-8.45,;16.29,-9.22,;14.96,-8.45,;14.96,-6.91,;13.62,-6.14,;12.29,-6.91,;10.96,-6.14,;9.62,-6.91,;8.29,-6.14,;6.95,-6.91,;5.62,-6.14,;5.62,-4.6,;6.95,-3.83,;8.29,-4.6,;9.62,-3.83,;4.29,-3.83,;5.06,-2.5,;3.52,-5.17,;2.95,-3.06,;1.62,-3.83,;1.62,-5.37,;.29,-3.06,;-1.05,-3.83,;-2.38,-3.06,;-2.38,-1.52,;-1.05,-.75,;.29,-1.52,;1.62,-.75,;1.62,.79,;2.95,1.56,;2.95,3.1,;1.62,3.87,;.29,3.1,;-1.18,3.57,;-2.08,2.33,;-1.18,1.08,;.29,1.56,;-3.71,-.75,;-5.05,-1.52,;-6.38,-.75,;-6.38,.79,;-7.72,1.56,;-7.72,3.1,;-9.05,3.87,;-9.05,5.41,;-7.72,6.18,;-8.44,7.54,;-6.99,7.54,;-6.38,5.41,;-6.38,3.87,;-10.38,3.1,;-10.38,1.56,;-11.72,.79,;-13.05,1.56,;-14.38,.79,;-13.05,3.1,;-11.72,3.87,;-5.05,1.56,;-3.71,.79,;12.29,-8.45,;13.62,-9.22,)|",Ki, 0.007,nM,325117,,,False
CC1(C)CCC(CN2CCN(CC2)c2ccc(C(=O)NS(=O)(=O)c3cnc(OCC4CCC(F)(F)CC4)c(Cl)c3)c(Oc3cccc4[nH]cnc34)c2)=C(C1)c1ccc(Cl)cc1 |c:57|,Ki, 0.007,nM,325166,,,False
CC1(C)CCC(CN2CCN(CC2)c2ccc(C(=O)NS(=O)(=O)c3ccc(OC[C@H]4CCN(C4)C4COC4)c(c3)[N+]([O-])=O)c(Oc3cnc4[nH]ccc4c3)c2)=C(C1)c1ccc(Cl)cc1,Ki,<0.010,nM,1180196,,,False
CC1(C)CCC(CN2CCN(CC2)c2ccc(C(=O)NS(=O)(=O)c3ccc(NC[C@H]4CC[C@H](C4)N4CCOCC4)c(c3)[N+]([O-])=O)c(Oc3cnc4[nH]ccc4c3)c2)=C(C1)c1ccc(Cl)cc1,Ki,<0.010,nM,1180204,,,False
CC1(C)CCC(CN2CCN(CC2)c2ccc(C(=O)NS(=O)(=O)c3ccc(NCC4COCCO4)c(c3)[N+]([O-])=O)c(Oc3cnc4[nH]ccc4c3)c2)=C(C1)c1ccc(Cl)cc1,Ki,<0.010,nM,1372756,,,False
CC1(C)CCC(CN2CCN(CC2)c2ccc(C(=O)NS(=O)(=O)c3ccc(OC[C@@H]4COCCO4)c(c3)[N+]([O-])=O)c(Oc3cnc4[nH]ccc4c3)c2)=C(C1)c1ccc(Cl)cc1,Ki,<0.010,nM,1372759,,,False
CC1(C)CCC(CN2CCN(CC2)c2ccc(C(=O)NS(=O)(=O)c3ccc(OCC4CCOCC4)c(c3)[N+]([O-])=O)c(Oc3cnc4[nH]ccc4c3)c2)=C(C1)c1ccc(Cl)cc1,Ki,<0.010,nM,1372755,,,False
CC1(C)CC(=C(CN2CCN(CC2)c2ccc(C(=O)NS(=O)(=O)c3ccc(N[C@H]4CC[C@@H](CC4)N4CCOCC4)c(c3)[N+]([O-])=O)c(Oc3cnc4[nH]ccc4c3)c2)CO1)c1ccc(Cl)cc1,Ki,<0.010,nM,1372764,,,False
CO[C@H]1CC[C@H](CNc2ccc(cc2[N+]([O-])=O)S(=O)(=O)NC(=O)c2ccc(cc2Oc2cnc3[nH]ccc3c2)N2CCN(CC3=C(CC(C)(C)CC3)c3ccc(Cl)cc3)CC2)CC1,Ki, 0.010,nM,1372765,,,False
CC1(C)CC(=C(CN2CCN(CC2)c2ccc(C(=O)NS(=O)(=O)c3cnc(OCC4CCOCC4)c(c3)C#N)c(Oc3cnc4[nH]ccc4c3)c2)CO1)c1ccc(Cl)cc1,Ki,<0.010,nM,1372766,,,False
CO[C@@H]1CC[C@H](CNc2ccc(cc2[N+]([O-])=O)S(=O)(=O)NC(=O)c2ccc(cc2Oc2cnc3[nH]ccc3c2)N2CCN(CC3=C(CC(C)(C)CC3)c3ccc(Cl)cc3)CC2)CC1,Ki,<0.010,nM,1372760,,,False
CC1(C)CCC(CN2CCN(CC2)c2ccc(C(=O)NS(=O)(=O)c3ccc(OC[C@H]4COCCO4)c(c3)[N+]([O-])=O)c(Oc3cnc4[nH]ccc4c3)c2)=C(C1)c1ccc(Cl)cc1,Ki,<0.010,nM,1372761,,,False
CC1(C)CC(=C(CN2CCN(CC2)c2ccc(C(=O)NS(=O)(=O)c3ccc(NCC4COCCO4)c(c3)[N+]([O-])=O)c(Oc3cnc4[nH]ccc4c3)c2)CO1)c1ccc(Cl)cc1,Ki,<0.010,nM,1372762,,,False
CC1(C)CC(=C(CN2CCN(CC2)c2ccc(C(=O)NS(=O)(=O)c3ccc(OCC4COCCO4)c(c3)[N+]([O-])=O)c(Oc3cnc4[nH]ccc4c3)c2)CO1)c1ccc(Cl)cc1,Ki,<0.010,nM,1372763,,,False
CC1(C)CCC(CN2CCN(CC2)c2ccc(C(=O)NS(=O)(=O)c3ccc(N[C@H]4CC[C@@H](CC4)N4CCOCC4)c(c3)[N+]([O-])=O)c(Oc3cnc4[nH]ccc4c3)c2)=C(C1)c1ccc(Cl)cc1,Ki,<0.010,nM,1372740,,,False
COCCNc1ccc(cc1[N+]([O-])=O)S(=O)(=O)NC(=O)c1ccc(cc1Oc1cnc2[nH]ccc2c1)N1CCN(CC2=C(CC(C)(C)CC2)c2ccc(Cl)cc2)CC1,Ki,<0.010,nM,1372741,,,False
CC1(C)CCC(CN2CCN(CC2)c2ccc(C(=O)NS(=O)(=O)c3ccc(OCC4COCCO4)c(c3)[N+]([O-])=O)c(Oc3cnc4[nH]ccc4c3)c2)=C(C1)c1ccc(Cl)cc1,Ki,<0.010,nM,1372743,,,False
CC1(C)CCC(CN2CCN(CC2)c2ccc(C(=O)NS(=O)(=O)c3ccc(NCC4CCOCC4)c(c3)[N+]([O-])=O)c(Oc3cnc4[nH]ccc4c3)c2)=C(C1)c1ccc(Cl)cc1,Ki,<0.010,nM,1372736,,,False
CC1(C)CCC(CN2CCN(CC2)c2ccc(C(=O)NS(=O)(=O)c3ccc(NC[C@H]4CCCOC4)c(c3)[N+]([O-])=O)c(Oc3cnc4[nH]ccc4c3)c2)=C(C1)c1ccc(Cl)cc1,Ki,<0.010,nM,1372744,,,False
CC1(C)CC(=C(CN2CCN(CC2)c2ccc(C(=O)NS(=O)(=O)c3ccc(NCC4CCOCC4)c(c3)[N+]([O-])=O)c(Oc3cnc4[nH]ccc4c3)c2)CO1)c1ccc(Cl)cc1,Ki,<0.010,nM,1372746,,,False
COCCOCCS(=O)(=O)c1ccc(cc1Cl)S(=O)(=O)NC(=O)c1ccc(cc1Oc1cnc2[nH]ccc2c1)N1CCN(CC2=C(CC(C)(C)CC2)c2ccc(Cl)cc2)CC1,Ki,<0.010,nM,1372789,,,False
CC1(C)CCC(CN2CCN(CC2)c2ccc(C(=O)NS(=O)(=O)c3ccc(O[C@H]4CC[C@@H](CC4)N4CCOCC4)c(c3)[N+]([O-])=O)c(Oc3cnc4[nH]ccc4c3)c2)=C(C1)c1ccc(Cl)cc1,Ki,<0.010,nM,1372791,,,False
CC(=O)N1CCC(CC1)Nc1ccc(cc1[N+]([O-])=O)S(=O)(=O)NC(=O)c1ccc(cc1Oc1cnc2[nH]ccc2c1)N1CCN(CC2=C(CC(C)(C)CC2)c2ccc(Cl)cc2)CC1,Ki,<0.010,nM,1372784,,,False
CC1(C)CCC(CN2CCN(CC2)c2ccc(C(=O)NS(=O)(=O)c3ccc(NCCCN4CCOCC4)c(c3)[N+]([O-])=O)c(Oc3cnc4[nH]ccc4c3)c2)=C(C1)c1ccc(Cl)cc1,Ki,<0.010,nM,1372786,,,False
CN1CCC(CNc2ccc(cc2[N+]([O-])=O)S(=O)(=O)NC(=O)c2ccc(cc2Oc2cnc3[nH]ccc3c2)N2CCN(CC3=C(CC(C)(C)CC3)c3ccc(Cl)cc3)CC2)CC1,Ki,<0.010,nM,1372796,,,False
CC1(C)CCC(CN2CCN(CC2)c2ccc(C(=O)NS(=O)(=O)c3ccc(NCC4COCCN4)c(c3)[N+]([O-])=O)c(Oc3cnc4[nH]ccc4c3)c2)=C(C1)c1ccc(Cl)cc1,Ki,<0.010,nM,1372797,,,False
CN1CCN(CC1)Nc1ccc(cc1[N+]([O-])=O)S(=O)(=O)NC(=O)c1ccc(cc1Oc1cnc2[nH]ccc2c1)N1CCN(CC2=C(CC(C)(C)OC2)c2ccc(Cl)cc2)CC1,Ki,<0.010,nM,1372798,,,False
CC1(C)CCC(CN2CCN(CC2)c2ccc(C(=O)NS(=O)(=O)c3ccc(NCCC#N)c(c3)[N+]([O-])=O)c(Oc3cnc4[nH]ccc4c3)c2)=C(C1)c1ccc(Cl)cc1,Ki,<0.010,nM,1372793,,,False
CC1(C)CC(=C(CN2CCN(CC2)c2ccc(C(=O)NS(=O)(=O)c3ccc(N[C@H]4CC[C@H](CC4)N4CCOCC4)c(c3)[N+]([O-])=O)c(Oc3cnc4[nH]ccc4c3)c2)CO1)c1ccc(Cl)cc1,Ki,<0.010,nM,1372794,,,False
CC1(C)CCC(CN2CCN(CC2)c2ccc(C(=O)NS(=O)(=O)c3ccc(N[C@H]4CC[C@@H](CC4)N(CC4CC4)CC4CC4)c(c3)[N+]([O-])=O)c(Oc3cnc4[nH]ccc4c3)c2)=C(C1)c1ccc(Cl)cc1,Ki,<0.010,nM,1372795,,,False
CC1(C)CC(=C(CN2CCN(CC2)c2ccc(C(=O)NS(=O)(=O)c3cnc(OCC4CCOCC4)c(Cl)c3)c(Oc3cnc4[nH]ccc4c3)c2)CO1)c1ccc(Cl)cc1,Ki,<0.010,nM,1372772,,,False
CC1(C)CC(=C(CN2CCN(CC2)c2ccc(C(=O)NS(=O)(=O)c3ccc(N[C@H]4CC[C@@H](CC4)N4CCOCC4)c(c3)S(=O)(=O)C(F)(F)F)c(Oc3cnc4[nH]ccc4c3)c2)CO1)c1ccc(Cl)cc1,Ki,<0.010,nM,1372775,,,False
CC1(C)CCC(CN2CCN(CC2)c2ccc(C(=O)NS(=O)(=O)c3ccc(OCC4(F)CCOCC4)c(c3)[N+]([O-])=O)c(Oc3cnc4[nH]ccc4c3)c2)=C(C1)c1ccc(Cl)cc1,Ki,<0.010,nM,1372768,,,False
CC1(C)CCC(CN2CCN(CC2)c2ccc(C(=O)NS(=O)(=O)c3cnc(OCC4CCOCC4)c(Cl)c3)c(Oc3cnc4[nH]ccc4c3)c2)=C(C1)c1ccc(Cl)cc1,Ki,<0.010,nM,1372771,,,False
CC1(C)CCC(CN2CCN(CC2)c2ccc(C(=O)NS(=O)(=O)c3ccc(OCC4CCOC(C)(C)C4)c(c3)[N+]([O-])=O)c(Oc3cnc4[nH]ccc4c3)c2)=C(C1)c1ccc(Cl)cc1,Ki,<0.010,nM,1372782,,,False
CN1CCC(CC1)Nc1ccc(cc1S(=O)(=O)C(F)(F)F)S(=O)(=O)NC(=O)c1ccc(cc1Oc1cnc2[nH]ccc2c1)N1CCN(CC2=C(CC(C)(C)OC2)c2ccc(Cl)cc2)CC1,Ki,<0.010,nM,1372776,,,False
CN1CCC(COc2ncc(cc2Br)S(=O)(=O)NC(=O)c2ccc(cc2Oc2cnc3[nH]ccc3c2)N2CCN(CC3=C(CC(C)(C)CC3)c3ccc(Cl)cc3)CC2)CC1,Ki,<0.010,nM,1372778,,,False
CN1CCC(COc2ccc(cc2[N+]([O-])=O)S(=O)(=O)NC(=O)c2ccc(cc2Oc2cnc3[nH]ccc3c2)N2CCN(CC3=C(CC(C)(C)CC3)c3ccc(Cl)cc3)CC2)CC1,Ki,<0.010,nM,1372779,,,False
CC1(C)CCC(CN2CCN(CC2)c2ccc(C(=O)NS(=O)(=O)c3ccc(NC4CCN(CC4)C4CC4)c(c3)[N+]([O-])=O)c(Oc3cnc4[nH]ccc4c3)c2)=C(C1)c1ccc(Cl)cc1,Ki,<0.010,nM,1372829,,,False
CC1(C)CCC(CN2CCN(CC2)c2ccc(C(=O)NS(=O)(=O)c3ccc(N[C@H]4CC[C@@H](CC4)N(C4CC4)C4CC4)c(c3)[N+]([O-])=O)c(Oc3cnc4[nH]ccc4c3)c2)=C(C1)c1ccc(Cl)cc1,Ki,<0.010,nM,1372831,,,False
[O-][N+](=O)c1cc(ccc1OCC1(F)CCOCC1)S(=O)(=O)NC(=O)c1ccc(cc1Oc1cnc2[nH]ccc2c1)N1CCN(CC2=C(CCC3(CCCC3)C2)c2ccc(Cl)cc2)CC1,Ki,<0.010,nM,1372804,,,False
CC1(C)CCC(=C(CN2CCN(CC2)c2ccc(C(=O)NS(=O)(=O)c3ccc(NCC4CCOCC4)c(c3)[N+]([O-])=O)c(Oc3cnc4[nH]ccc4c3)c2)C1)c1ccc(Cl)cc1,Ki,<0.010,nM,1372806,,,False
[O-][N+](=O)c1cc(ccc1N[C@H]1CC[C@@H](CC1)N1CCOCC1)S(=O)(=O)NC(=O)c1ccc(cc1Oc1cnc2[nH]ccc2c1)N1CCN(CC2=C(CCC3(CCCC3)C2)c2ccc(Cl)cc2)CC1,Ki, 0.010,nM,1372802,,,False
CO[C@@H]1CC[C@H](CNc2ccc(cc2[N+]([O-])=O)S(=O)(=O)NC(=O)c2ccc(cc2Oc2cnc3[nH]ccc3c2)N2CCN(CC3=C(CC(C)(C)OC3)c3ccc(Cl)cc3)CC2)CC1,Ki,<0.010,nM,1372803,,,False
CC1(C)CCC(CN2CCN(CC2)c2ccc(C(=O)NS(=O)(=O)c3ccc(NC4CCS(=O)(=O)CC4)c(c3)[N+]([O-])=O)c(Oc3cnc4[nH]ccc4c3)c2)=C(C1)c1ccc(Cl)cc1,Ki,<0.010,nM,1372812,,,False
CC1(C)CCC(CN2CCN(CC2)c2ccc(C(=O)NS(=O)(=O)c3ccc(OCC4COCCN4)c(c3)[N+]([O-])=O)c(Oc3cnc4[nH]ccc4c3)c2)=C(C1)c1ccc(Cl)cc1,Ki,<0.010,nM,1372809,,,False
[O-][N+](=O)c1cc(ccc1NCC1CCOCC1)S(=O)(=O)NC(=O)c1ccc(cc1Oc1cnc2[nH]ccc2c1)N1CCN(CC2=C(CCC3(CCCC3)C2)c2ccc(Cl)cc2)CC1,Ki,<0.010,nM,1372810,,,False
CC1(C)CCC(CN2CCN(CC2)c2ccc(C(=O)NS(=O)(=O)c3ccc(NC4CCN(CC4)S(C)(=O)=O)c(c3)[N+]([O-])=O)c(Oc3cnc4[nH]ccc4c3)c2)=C(C1)c1ccc(Cl)cc1,Ki,<0.010,nM,1372811,,,False
CO[C@@H]1CC[C@H](COc2ccc(cc2[N+]([O-])=O)S(=O)(=O)NC(=O)c2ccc(cc2Oc2cnc3[nH]ccc3c2)N2CCN(CC3=C(CC(C)(C)CC3)c3ccc(Cl)cc3)CC2)CC1,Ki,<0.010,nM,1372852,,,False
CC1(C)CCC(CN2CCN(CC2)c2ccc(C(=O)NS(=O)(=O)c3ccc(N[C@@H]4CC[C@@H](CC4)NC4CC4)c(c3)[N+]([O-])=O)c(Oc3cnc4[nH]ccc4c3)c2)=C(C1)c1ccc(Cl)cc1,Ki,<0.010,nM,1372853,,,False
CC1(C)CCC(CN2CCN(CC2)c2ccc(C(=O)NS(=O)(=O)c3ccc(N[C@H]4CC[C@@H](CC4)NC4CCOCC4)c(c3)[N+]([O-])=O)c(Oc3cnc4[nH]ccc4c3)c2)=C(C1)c1ccc(Cl)cc1,Ki,<0.010,nM,1372854,,,False
CC1(C)CCC(CN2CCN(CC2)c2ccc(C(=O)NS(=O)(=O)c3cnc(O[C@H]4CC[C@@H](CC4)N4CCOCC4)c(Br)c3)c(Oc3cnc4[nH]ccc4c3)c2)=C(C1)c1ccc(Cl)cc1,Ki,<0.010,nM,1372855,,,False
CC1(C)CCC(CN2CCN(CC2)c2ccc(C(=O)NS(=O)(=O)c3ccc(NC4CN(C4)C4CCOC4)c(c3)[N+]([O-])=O)c(Oc3cnc4[nH]ccc4c3)c2)=C(C1)c1ccc(Cl)cc1,Ki,<0.010,nM,1372848,,,False
CC1(C)CCC(CN2CCN(CC2)c2ccc(C(=O)NS(=O)(=O)c3ccc(NC[C@H]4CCN(C4)C4CCOCC4)c(c3)[N+]([O-])=O)c(Oc3cnc4[nH]ccc4c3)c2)=C(C1)c1ccc(Cl)cc1,Ki,<0.010,nM,1372849,,,False
CC1(C)CCC(=C(CN2CCN(CC2)c2ccc(C(=O)NS(=O)(=O)c3ccc(OCC4(F)CCOCC4)c(c3)[N+]([O-])=O)c(Oc3cnc4[nH]ccc4c3)c2)C1)c1ccc(Cl)cc1,Ki,<0.010,nM,1372850,,,False
CC1(C)CCC(CN2CCN(CC2)c2ccc(C(=O)NS(=O)(=O)c3ccc(OC[C@H]4CC[C@H](O)CC4)c(c3)[N+]([O-])=O)c(Oc3cnc4[nH]ccc4c3)c2)=C(C1)c1ccc(Cl)cc1,Ki,<0.010,nM,1372851,,,False
CC1(C)CCC(CN2CCN(CC2)c2ccc(C(=O)NS(=O)(=O)c3ccc(N[C@@H]4CCN(C4)C4CCOCC4)c(c3)[N+]([O-])=O)c(Oc3cnc4[nH]ccc4c3)c2)=C(C1)c1ccc(Cl)cc1,Ki,<0.010,nM,1372861,,,False
CC1(C)CCC(CN2CCN(CC2)c2ccc(C(=O)NS(=O)(=O)c3ccc(N[C@@H]4CCN(C4)C4CCOC(C)(C)C4)c(c3)[N+]([O-])=O)c(Oc3cnc4[nH]ccc4c3)c2)=C(C1)c1ccc(Cl)cc1,Ki,<0.010,nM,1372862,,,False
CC1(C)CCC(CN2CCN(CC2)c2ccc(C(=O)NS(=O)(=O)c3ccc(N[C@H]4CCN(C4)C4CCOCC4)c(c3)[N+]([O-])=O)c(Oc3cnc4[nH]ccc4c3)c2)=C(C1)c1ccc(Cl)cc1,Ki,<0.010,nM,1372863,,,False
CO[C@H]1CC[C@H](COc2ccc(cc2[N+]([O-])=O)S(=O)(=O)NC(=O)c2ccc(cc2Oc2cnc3[nH]ccc3c2)N2CCN(CC3=C(CC(C)(C)CC3)c3ccc(Cl)cc3)CC2)CC1,Ki,<0.010,nM,1372856,,,False
CC(C)(C)OC(=O)N1CCC(F)(COc2ccc(cc2[N+]([O-])=O)S(=O)(=O)NC(=O)c2ccc(cc2Oc2cnc3[nH]ccc3c2)N2CCN(CC3=C(CC(C)(C)CC3)c3ccc(Cl)cc3)CC2)CC1,Ki,<0.010,nM,1372857,,,False
CC1(C)CCC(CN2CCN(CC2)c2ccc(C(=O)NS(=O)(=O)c3ccc(OCC4(F)CCNCC4)c(c3)[N+]([O-])=O)c(Oc3cnc4[nH]ccc4c3)c2)=C(C1)c1ccc(Cl)cc1,Ki,<0.010,nM,1372858,,,False
CC1(C)CCC(CN2CCN(CC2)c2ccc(C(=O)NS(=O)(=O)c3ccc(N[C@H]4CC[C@@H](CC4)N4CCN(CC4)C4CCOCC4)c(c3)[N+]([O-])=O)c(Oc3cnc4[nH]ccc4c3)c2)=C(C1)c1ccc(Cl)cc1,Ki,<0.010,nM,1372859,,,False
CC1(C)CCC(CN2CCN(CC2)c2ccc(C(=O)NS(=O)(=O)c3ccc(N[C@H]4CCCN(C4)C4CCOCC4)c(c3)[N+]([O-])=O)c(Oc3cnc4[nH]ccc4c3)c2)=C(C1)c1ccc(Cl)cc1,Ki,<0.010,nM,1372836,,,False
CC1(C)CCC(CN2CCN(CC2)c2ccc(C(=O)NS(=O)(=O)c3ccc(NCC4(N)CCOCC4)c(c3)[N+]([O-])=O)c(Oc3cnc4[nH]ccc4c3)c2)=C(C1)c1ccc(Cl)cc1,Ki,<0.010,nM,1372839,,,False
CCN1CCOCC1COc1ccc(cc1[N+]([O-])=O)S(=O)(=O)NC(=O)c1ccc(cc1Oc1cnc2[nH]ccc2c1)N1CCN(CC2=C(CC(C)(C)CC2)c2ccc(Cl)cc2)CC1,Ki,<0.010,nM,1372834,,,False
CC1(C)CCC(CN2CCN(CC2)c2ccc(C(=O)NS(=O)(=O)c3ccc(NCC4CNCCO4)c(c3)[N+]([O-])=O)c(Oc3cnc4[nH]ccc4c3)c2)=C(C1)c1ccc(Cl)cc1,Ki,<0.010,nM,1372844,,,False
CC1(C)CCC(CN2CCN(CC2)c2ccc(C(=O)NS(=O)(=O)c3ccc(NCC4CCOC4)c(c3)[N+]([O-])=O)c(Oc3cnc4[nH]ccc4c3)c2)=C(C1)c1ccc(Cl)cc1,Ki,<0.010,nM,1372845,,,False
CC1(C)CCC(CN2CCN(CC2)c2ccc(C(=O)NS(=O)(=O)c3ccc(NC4CCN(CC4)[C@@H]4CCOC[C@@H]4F)c(c3)[N+]([O-])=O)c(Oc3cnc4[nH]ccc4c3)c2)=C(C1)c1ccc(Cl)cc1,Ki,<0.010,nM,1372846,,,False
CN1CCC(O)(CNc2ccc(cc2[N+]([O-])=O)S(=O)(=O)NC(=O)c2ccc(cc2Oc2cccc(F)c2)N2CCN(CC3=C(CC(C)(C)CC3)c3ccc(Cl)cc3)CC2)CC1,Ki,<0.010,nM,387774,,,False
CC1(C)CCC(CN2CCN(CC2)c2ccc(C(=O)NS(=O)(=O)c3ccc(NC4CN(C4)C4CCOCC4)c(c3)[N+]([O-])=O)c(Oc3cnc4[nH]ccc4c3)c2)=C(C1)c1ccc(Cl)cc1,Ki,<0.010,nM,1372847,,,False
CC1(C)CCC(CN2CCN(CC2)c2ccc(C(=O)NS(=O)(=O)c3ccc(N[C@H]4CC[C@H](C4)N4CCOCC4)c(c3)[N+]([O-])=O)c(Oc3cnc4[nH]ccc4c3)c2)=C(C1)c1ccc(Cl)cc1,Ki,<0.010,nM,1372842,,,False
CC1(C)CCC(CN2CCN(CC2)c2ccc(C(=O)NS(=O)(=O)c3ccc(N[C@@H]4CC[C@@H](C4)N4CCOCC4)c(c3)[N+]([O-])=O)c(Oc3cnc4[nH]ccc4c3)c2)=C(C1)c1ccc(Cl)cc1,Ki,<0.010,nM,1372843,,,False
CC(=O)N1CCC(CNc2ccc(cc2[N+]([O-])=O)S(=O)(=O)NC(=O)c2ccc(cc2Oc2cnc3[nH]ccc3c2)N2CCN(CC3=C(CC(C)(C)CC3)c3ccc(Cl)cc3)CC2)C1,Ki,<0.010,nM,1372884,,,False
CC(=O)N1CC[C@H](C1)Nc1ccc(cc1[N+]([O-])=O)S(=O)(=O)NC(=O)c1ccc(cc1Oc1cnc2[nH]ccc2c1)N1CCN(CC2=C(CC(C)(C)CC2)c2ccc(Cl)cc2)CC1,Ki,<0.010,nM,1372885,,,False
CC1(C)CCC(CN2CCN(CC2)c2ccc(C(=O)NS(=O)(=O)c3ccc(NC[C@@H]4CC[C@@H](O)C4)c(c3)[N+]([O-])=O)c(Oc3cnc4[nH]ccc4c3)c2)=C(C1)c1ccc(Cl)cc1,Ki,<0.010,nM,1372887,,,False
CC1(C)CCC(CN2CCN(CC2)c2ccc(C(=O)NS(=O)(=O)c3ccc(NC4CCN(CC4)C4CCOCC4)c(c3)[N+]([O-])=O)c(Oc3cc4cc[nH]c4c(F)c3F)c2)=C(C1)c1ccc(Cl)cc1,Ki, 0.01,nM,387777,,,False
CC1(C)CCC(CN2CCN(CC2)c2ccc(C(=O)NS(=O)(=O)c3ccc(N[C@@H]4CCN(C4)S(C)(=O)=O)c(c3)[N+]([O-])=O)c(Oc3cnc4[nH]ccc4c3)c2)=C(C1)c1ccc(Cl)cc1,Ki,<0.010,nM,1372880,,,False
CC1(C)CCCC(CN2CCN(CC2)c2ccc(C(=O)NS(=O)(=O)c3ccc(NCC4CCOCC4)c(c3)[N+]([O-])=O)c(Oc3cnc4[nH]ccc4c3)c2)=C1c1ccc(Cl)cc1,Ki,<0.010,nM,1372881,,,False
CC1(C)CCC(CN2CCN(CC2)c2ccc(C(=O)NS(=O)(=O)c3ccc(NCC4CCN(C4)S(C)(=O)=O)c(c3)[N+]([O-])=O)c(Oc3cnc4[nH]ccc4c3)c2)=C(C1)c1ccc(Cl)cc1,Ki,<0.010,nM,1372883,,,False
CC1(C)CCC(CN2CCN(CC2)c2ccc(C(=O)NS(=O)(=O)c3ccc(NCC4CN(C4)C(CF)CF)c(c3)[N+]([O-])=O)c(Oc3cnc4[nH]ccc4c3)c2)=C(C1)c1ccc(Cl)cc1,Ki,<0.010,nM,1372892,,,False
CC1(C)CCC(CN2CCN(CC2)c2ccc(C(=O)NS(=O)(=O)c3ccc(NCC4CN(C4)C4COC4)c(c3)[N+]([O-])=O)c(Oc3cnc4[nH]ccc4c3)c2)=C(C1)c1ccc(Cl)cc1,Ki,<0.010,nM,1372893,,,False
CC1(C)CCC(CN2CCN(CC2)c2ccc(C(=O)NS(=O)(=O)c3ccc(NCC4CCN(CC4)C4COC4)c(c3)[N+]([O-])=O)c(Oc3cnc4[nH]ccc4c3)c2)=C(C1)c1ccc(Cl)cc1,Ki,<0.010,nM,1372894,,,False
CC1(C)CCC(CN2CCN(CC2)c2ccc(C(=O)NS(=O)(=O)c3ccc(NCC4CCN(CC4)C4CC4)c(c3)[N+]([O-])=O)c(Oc3cnc4[nH]ccc4c3)c2)=C(C1)c1ccc(Cl)cc1,Ki,<0.010,nM,1372895,,,False
CN1CCC(CC1)Nc1ccc(cc1[N+]([O-])=O)S(=O)(=O)NC(=O)c1ccc(cc1Oc1cc(F)cc2[nH]ccc12)N1CCN(CC2=C(CC(C)(C)CC2)c2ccc(Cl)cc2)CC1,Ki,<0.010,nM,387785,,,False
CC1(C)CCC(CN2CCN(CC2)c2ccc(C(=O)NS(=O)(=O)c3ccc(NC[C@H]4CC[C@H](O)C4)c(c3)[N+]([O-])=O)c(Oc3cnc4[nH]ccc4c3)c2)=C(C1)c1ccc(Cl)cc1,Ki,<0.010,nM,1372888,,,False
CC1(C)CCC(CN2CCN(CC2)c2ccc(C(=O)NS(=O)(=O)c3ccc(NC[C@H]4CC[C@@H](O)C4)c(c3)[N+]([O-])=O)c(Oc3cnc4[nH]ccc4c3)c2)=C(C1)c1ccc(Cl)cc1,Ki,<0.010,nM,1372889,,,False
CC1(C)CCC(CN2CCN(CC2)c2ccc(C(=O)NS(=O)(=O)c3ccc(NC[C@@H]4CC[C@H](O)C4)c(c3)[N+]([O-])=O)c(Oc3cnc4[nH]ccc4c3)c2)=C(C1)c1ccc(Cl)cc1,Ki,<0.010,nM,1372890,,,False
CC1(C)CCC(CN2CCN(CC2)c2ccc(C(=O)NS(=O)(=O)c3ccc(N[C@H]4CCCNC4=O)c(c3)[N+]([O-])=O)c(Oc3cnc4[nH]ccc4c3)c2)=C(C1)c1ccc(Cl)cc1,Ki,<0.010,nM,1372891,,,False
CC1(C)CCC(CN2CCN(CC2)c2ccc(C(=O)NS(=O)(=O)c3ccc(OC[C@H]4CN(C[C@@H]4CF)C4COC4)c(c3)[N+]([O-])=O)c(Oc3cnc4[nH]ccc4c3)c2)=C(C1)c1ccc(Cl)cc1,Ki,<0.010,nM,1372868,,,False
CC1(C)CCC(CN2CCN(CC2)c2ccc(C(=O)NS(=O)(=O)c3ccc(NCC4(F)CCOCC4)c(c3)[N+]([O-])=O)c(Oc3cnc4[nH]ccc4c3)c2)=C(C1)c1ccc(Cl)cc1,Ki,<0.010,nM,1372869,,,False
CC1(C)CCC(CN2CCN(CC2)c2ccc(C(=O)NS(=O)(=O)c3ccc(NC4CCN(CC4)C4COC4)c(c3)[N+]([O-])=O)c(Oc3cnc4[nH]ccc4c3)c2)=C(C1)c1ccc(Cl)cc1,Ki,<0.010,nM,1372870,,,False
CC1(C)CCC(CN2CCN(CC2)c2ccc(C(=O)NS(=O)(=O)c3ccc(NC4CCN(CC4)C4CCC4)c(c3)[N+]([O-])=O)c(Oc3cnc4[nH]ccc4c3)c2)=C(C1)c1ccc(Cl)cc1,Ki,<0.010,nM,1372871,,,False
CC1(C)CCC(CN2CCN(CC2)c2ccc(C(=O)NS(=O)(=O)c3ccc(N[C@H]4CCN(C4)C4CCOC(C)(C)C4)c(c3)[N+]([O-])=O)c(Oc3cnc4[nH]ccc4c3)c2)=C(C1)c1ccc(Cl)cc1,Ki,<0.010,nM,1372864,,,False
CN1CCOC(CNc2ccc(cc2[N+]([O-])=O)S(=O)(=O)NC(=O)c2ccc(cc2Oc2cnc3[nH]ccc3c2)N2CCN(CC3=C(CC(C)(C)CC3)c3ccc(Cl)cc3)CC2)C1,Ki,<0.010,nM,1372865,,,False
COCCN1CCOC(CNc2ccc(cc2[N+]([O-])=O)S(=O)(=O)NC(=O)c2ccc(cc2Oc2cnc3[nH]ccc3c2)N2CCN(CC3=C(CC(C)(C)CC3)c3ccc(Cl)cc3)CC2)C1,Ki,<0.010,nM,1372866,,,False
CC(=O)N1CCOC(CNc2ccc(cc2[N+]([O-])=O)S(=O)(=O)NC(=O)c2ccc(cc2Oc2cnc3[nH]ccc3c2)N2CCN(CC3=C(CC(C)(C)CC3)c3ccc(Cl)cc3)CC2)C1,Ki,<0.010,nM,1372867,,,False
CC1(C)CCC(CN2CCN(CC2)c2ccc(C(=O)NS(=O)(=O)c3ccc(NC[C@@H]4CCN(C4)C4CCOCC4)c(c3)[N+]([O-])=O)c(Oc3cnc4[nH]ccc4c3)c2)=C(C1)c1ccc(Cl)cc1,Ki,<0.010,nM,1372876,,,False
CC(C)(CO)CNc1ccc(cc1[N+]([O-])=O)S(=O)(=O)NC(=O)c1ccc(cc1Oc1cnc2[nH]ccc2c1)N1CCN(CC2=C(CC(C)(C)CC2)c2ccc(Cl)cc2)CC1,Ki,<0.010,nM,1372877,,,False
CC1(C)CCC(CN2CCN(CC2)c2ccc(C(=O)NS(=O)(=O)c3ccc(NCC4CCCN(C4)S(C)(=O)=O)c(c3)[N+]([O-])=O)c(Oc3cnc4[nH]ccc4c3)c2)=C(C1)c1ccc(Cl)cc1,Ki,<0.010,nM,1372878,,,False
CC(=O)N1CCCC(CNc2ccc(cc2[N+]([O-])=O)S(=O)(=O)NC(=O)c2ccc(cc2Oc2cnc3[nH]ccc3c2)N2CCN(CC3=C(CC(C)(C)CC3)c3ccc(Cl)cc3)CC2)C1,Ki,<0.010,nM,1372879,,,False
CC1(C)CCC(CN2CCN(CC2)c2ccc(C(=O)NS(=O)(=O)c3ccc(NC4CCN(CC4)C4CCOC(C)(C)C4)c(c3)[N+]([O-])=O)c(Oc3cnc4[nH]ccc4c3)c2)=C(C1)c1ccc(Cl)cc1,Ki,<0.010,nM,1372872,,,False
CC1(C)CCC(CN2CCN(CC2)c2ccc(C(=O)NS(=O)(=O)c3ccc(NC4CCN(CC4)C4CCOC4)c(c3)[N+]([O-])=O)c(Oc3cnc4[nH]ccc4c3)c2)=C(C1)c1ccc(Cl)cc1,Ki,<0.010,nM,1372874,,,False
CC1(C)CCC(CN2CCN(CC2)c2ccc(C(=O)NS(=O)(=O)c3ccc(N[C@@H]4CCN(C4)C4CC4)c(c3)[N+]([O-])=O)c(Oc3cnc4[nH]ccc4c3)c2)=C(C1)c1ccc(Cl)cc1,Ki,<0.010,nM,1372875,,,False
CC1(C)CCC(CN2CCN(CC2)c2ccc(C(=O)NS(=O)(=O)c3ccc(NC[C@@H]4CC[C@@H](C4)N4CCOCC4)c(c3)[N+]([O-])=O)c(Oc3cnc4[nH]ccc4c3)c2)=C(C1)c1ccc(Cl)cc1,Ki,<0.010,nM,1372919,,,False
CC1(C)CCC(CN2CCN(CC2)c2ccc(C(=O)NS(=O)(=O)c3ccc(N[C@@H]4CCN(CCF)C4)c(c3)[N+]([O-])=O)c(Oc3cnc4[nH]ccc4c3)c2)=C(C1)c1ccc(Cl)cc1,Ki,<0.010,nM,1372914,,,False
CC1(C)CCC(CN2CCN(CC2)c2ccc(C(=O)NS(=O)(=O)c3ccc(OC[C@H]4CCN(C4)C4COC4)c(c3)[N+]([O-])=O)c(Oc3cnc4[nH]ccc4c3)c2)=C(C1)c1ccc(Cl)cc1,Ki,<0.010,nM,1372915,,,False
CC1(C)CCC(CN2CCN(CC2)c2ccc(C(=O)NS(=O)(=O)c3ccc(OCC4(F)CCN(CC4)C4CCOC4)c(c3)[N+]([O-])=O)c(Oc3cnc4[nH]ccc4c3)c2)=C(C1)c1ccc(Cl)cc1,Ki,<0.010,nM,1372924,,,False
CC1(C)CCC(CN2CCN(CC2)c2ccc(C(=O)NS(=O)(=O)c3ccc(OCC4(F)CCN(CC4)S(C)(=O)=O)c(c3)[N+]([O-])=O)c(Oc3cnc4[nH]ccc4c3)c2)=C(C1)c1ccc(Cl)cc1,Ki,<0.010,nM,1372925,,,False
CC1(C)CCC(CN2CCN(CC2)c2ccc(C(=O)NS(=O)(=O)c3ccc(NC[C@H]4CCN(C4)C4COC4)c(c3)[N+]([O-])=O)c(Oc3cnc4[nH]ccc4c3)c2)=C(C1)c1ccc(Cl)cc1,Ki,<0.010,nM,1372926,,,False
CC1(C)CCC(CN2CCN(CC2)c2ccc(C(=O)NS(=O)(=O)c3ccc(OC[C@H]4CC[C@H](O)CC4)c(c3)[N+]([O-])=O)c(Oc3cnc4[nH]ccc4c3)c2)=C(C1)c1ccc(Cl)cc1,Ki,<0.010,nM,1372927,,,False
CC1(C)CCC(CN2CCN(CC2)c2ccc(C(=O)NS(=O)(=O)c3ccc(OCC4CCN(CC4)C4COC4)c(c3)[N+]([O-])=O)c(Oc3cnc4[nH]ccc4c3)c2)=C(C1)c1ccc(Cl)cc1,Ki,<0.010,nM,1372922,,,False
CC1(C)CCC(CN2CCN(CC2)c2ccc(C(=O)NS(=O)(=O)c3ccc(OCC4(F)CCN(CC4)C4CCOCC4)c(c3)[N+]([O-])=O)c(Oc3cnc4[nH]ccc4c3)c2)=C(C1)c1ccc(Cl)cc1,Ki,<0.010,nM,1372923,,,False
CC1(C)CCC(CN2CCN(CC2)c2ccc(C(=O)NS(=O)(=O)c3ccc(NCC4COCCN4C4CCOC4)c(c3)[N+]([O-])=O)c(Oc3cnc4[nH]ccc4c3)c2)=C(C1)c1ccc(Cl)cc1,Ki,<0.010,nM,1372902,,,False
CC1(C)CCC(CN2CCN(CC2)c2ccc(C(=O)NS(=O)(=O)c3ccc(NCC4CCN(CC4)C(CF)CF)c(c3)[N+]([O-])=O)c(Oc3cnc4[nH]ccc4c3)c2)=C(C1)c1ccc(Cl)cc1,Ki,<0.010,nM,1372903,,,False
CC1(C)CCC(CN2CCN(CC2)c2ccc(C(=O)NS(=O)(=O)c3ccc(NCC4CN(CCF)CCO4)c(c3)[N+]([O-])=O)c(Oc3cnc4[nH]ccc4c3)c2)=C(C1)c1ccc(Cl)cc1,Ki,<0.010,nM,1372896,,,False
CC1(C)CCC(CN2CCN(CC2)c2ccc(C(=O)NS(=O)(=O)c3ccc(NCC4CN(CC(F)F)CCO4)c(c3)[N+]([O-])=O)c(Oc3cnc4[nH]ccc4c3)c2)=C(C1)c1ccc(Cl)cc1,Ki,<0.010,nM,1372897,,,False
CC1(C)CCC(CN2CCN(CC2)c2ccc(C(=O)NS(=O)(=O)c3ccc(OCC4(F)CCN(CC4)C4COC4)c(c3)[N+]([O-])=O)c(Oc3cnc4[nH]ccc4c3)c2)=C(C1)c1ccc(Cl)cc1,Ki,<0.010,nM,1372898,,,False
CC1(C)CCC(CN2CCN(CC2)c2ccc(C(=O)NS(=O)(=O)c3ccc(OC[C@@H]4CC(F)(F)CN4C4COC4)c(c3)[N+]([O-])=O)c(Oc3cnc4[nH]ccc4c3)c2)=C(C1)c1ccc(Cl)cc1,Ki,<0.010,nM,1372899,,,False
CC(=O)N[C@H]1CC[C@@H](CC1)Nc1ccc(cc1[N+]([O-])=O)S(=O)(=O)NC(=O)c1ccc(cc1Oc1cnc2[nH]ccc2c1)N1CCN(CC2=C(CC(C)(C)CC2)c2ccc(Cl)cc2)CC1,Ki,<0.010,nM,1372910,,,False
CC1(C)CCC(CN2CCN(CC2)c2ccc(C(=O)NS(=O)(=O)c3ccc(N[C@@H]4CCN(CC(F)F)C4)c(c3)[N+]([O-])=O)c(Oc3cnc4[nH]ccc4c3)c2)=C(C1)c1ccc(Cl)cc1,Ki,<0.010,nM,1372911,,,False
CC1(C)CCC(CN2CCN(CC2)c2ccc(C(=O)NS(=O)(=O)c3ccc(OCC4(F)CCN(CC4)C4CC4)c(c3)[N+]([O-])=O)c(Oc3cnc4[nH]ccc4c3)c2)=C(C1)c1ccc(Cl)cc1,Ki,<0.010,nM,1372904,,,False
COc1ccc(CNc2ccc(cc2[N+]([O-])=O)S(=O)(=O)NC(=O)c2ccc(cc2Oc2cnc3[nH]ccc3c2)N2CCN(CC3=C(CC(C)(C)CC3)c3ccc(Cl)cc3)CC2)cc1,Ki,<0.010,nM,1372905,,,False
CC1(C)CCC(CN2CCN(CC2)c2ccc(C(=O)NS(=O)(=O)c3ccc(NCC4CN(CCO4)C4COC4)c(c3)[N+]([O-])=O)c(Oc3cnc4[nH]ccc4c3)c2)=C(C1)c1ccc(Cl)cc1,Ki,<0.010,nM,1372948,,,False
COCCOCCN1CCOC(CNc2ccc(cc2[N+]([O-])=O)S(=O)(=O)NC(=O)c2ccc(cc2Oc2cnc3[nH]ccc3c2)N2CCN(CC3=C(CC(C)(C)CC3)c3ccc(Cl)cc3)CC2)C1,Ki,<0.010,nM,1372944,,,False
CC1(C)CCC(CN2CCN(CC2)c2ccc(C(=O)NS(=O)(=O)c3ccc(NCC4CN(CC#N)CCO4)c(c3)[N+]([O-])=O)c(Oc3cnc4[nH]ccc4c3)c2)=C(C1)c1ccc(Cl)cc1,Ki,<0.010,nM,1372945,,,False
CN(C)CC(=O)N1CCOC(CNc2ccc(cc2[N+]([O-])=O)S(=O)(=O)NC(=O)c2ccc(cc2Oc2cnc3[nH]ccc3c2)N2CCN(CC3=C(CC(C)(C)CC3)c3ccc(Cl)cc3)CC2)C1,Ki,<0.010,nM,1372946,,,False
CC1(C)CCC(CN2CCN(CC2)c2ccc(C(=O)NS(=O)(=O)c3ccc(NCC4CN(CC(O)=O)CCO4)c(c3)[N+]([O-])=O)c(Oc3cnc4[nH]ccc4c3)c2)=C(C1)c1ccc(Cl)cc1,Ki,<0.010,nM,1372947,,,False
CC(C)(C)N1CCC(CC1)Nc1ccc(cc1[N+]([O-])=O)S(=O)(=O)NC(=O)c1ccc(cc1Oc1cnc2[nH]ccc2c1)N1CCN(CC2=C(CC(C)(C)CC2)c2ccc(Cl)cc2)CC1,Ki,<0.010,nM,1372958,,,False
CC1(C)CCC(CN2CCN(CC2)c2ccc(C(=O)NS(=O)(=O)c3ccc(N[C@@H]4CCN(C4)C4COC4)c(c3)[N+]([O-])=O)c(Oc3cnc4[nH]ccc4c3)c2)=C(C1)c1ccc(Cl)cc1,Ki,<0.010,nM,1372955,,,False
CN1CC(CC1=O)Nc1ccc(cc1[N+]([O-])=O)S(=O)(=O)NC(=O)c1ccc(cc1Oc1cnc2[nH]ccc2c1)N1CCN(CC2=C(CC(C)(C)CC2)c2ccc(Cl)cc2)CC1,Ki,<0.010,nM,1372933,,,False
CC1(C)CCC(CN2CCN(CC2)c2ccc(C(=O)NS(=O)(=O)c3ccc(OCC4C[C@@H]5C[C@H]4[C@H](O)[C@@H]5O)c(c3)[N+]([O-])=O)c(Oc3cnc4[nH]ccc4c3)c2)=C(C1)c1ccc(Cl)cc1,Ki,<0.010,nM,1372934,,,False
CC1(C)CCC(CN2CCN(CC2)c2ccc(C(=O)NS(=O)(=O)c3ccc(OCC4C[C@@H]5C[C@H]4[C@@H](O)[C@H]5O)c(c3)[N+]([O-])=O)c(Oc3cnc4[nH]ccc4c3)c2)=C(C1)c1ccc(Cl)cc1,Ki,<0.010,nM,1372935,,,False
CN(C)CCCOc1ccc(CNc2ccc(cc2[N+]([O-])=O)S(=O)(=O)NC(=O)c2ccc(cc2Oc2cnc3[nH]ccc3c2)N2CCN(CC3=C(CC(C)(C)CC3)c3ccc(Cl)cc3)CC2)cc1,Ki,<0.010,nM,1372928,,,False
CC1(C)CCC(CN2CCN(CC2)c2ccc(C(=O)NS(=O)(=O)c3ccc(NCc4ccc(OCCN5CCOCC5)cc4)c(c3)[N+]([O-])=O)c(Oc3cnc4[nH]ccc4c3)c2)=C(C1)c1ccc(Cl)cc1,Ki,<0.010,nM,1372929,,,False
CC1(C)CCC(CN2CCN(CC2)c2ccc(C(=O)NS(=O)(=O)c3ccc(NCC45CC6CC(C4)C(O)C(C6)C5)c(c3)[N+]([O-])=O)c(Oc3cnc4[nH]ccc4c3)c2)=C(C1)c1ccc(Cl)cc1,Ki,<0.010,nM,1372930,,,False
CC1(C)CCC(CN2CCN(CC2)c2ccc(C(=O)NS(=O)(=O)c3ccc(NCC45CC6CC(C4)C(O)C(C6)C5)c(c3)[N+]([O-])=O)c(Oc3cnc4[nH]ccc4c3)c2)=C(C1)c1ccc(Cl)cc1,Ki,<0.010,nM,1372931,,,False
CC1(C)CCC(CN2CCN(CC2)c2ccc(C(=O)NS(=O)(=O)c3ccc(NC[C@@H]4CCN(C4)C4COC4)c(c3)[N+]([O-])=O)c(Oc3cnc4[nH]ccc4c3)c2)=C(C1)c1ccc(Cl)cc1,Ki,<0.010,nM,1372940,,,False
CC1(C)CCC(CN2CCN(CC2)c2ccc(C(=O)NS(=O)(=O)c3ccc(OCC4(F)CCOCC4)c(c3)[N+]([O-])=O)c(Oc3cc4cc[nH]c4cc3F)c2)=C(C1)c1ccc(Cl)cc1,Ki,<0.010,nM,387871,,,False
CC1(C)CCC(CN2CCN(CC2)c2ccc(C(=O)NS(=O)(=O)c3ccc(OCC4CCCC(=O)C4)c(c3)[N+]([O-])=O)c(Oc3cnc4[nH]ccc4c3)c2)=C(C1)c1ccc(Cl)cc1,Ki,<0.010,nM,1372936,,,False
CC1(C)CCC(CN2CCN(CC2)c2ccc(C(=O)NS(=O)(=O)c3ccc(NC4CCN(CC4)C4CCOCC4)c(c3)[N+]([O-])=O)c(Oc3cccc4NC(=O)Cc34)c2)=C(C1)c1ccc(Cl)cc1,Ki,<0.010,nM,387864,,,False
CC1(C)CCC(CN2CCN(CC2)c2ccc(C(=O)NS(=O)(=O)c3ccc(NCC4CCOCC4)c(c3)[N+]([O-])=O)c(Oc3cnc(N)c(F)c3)c2)=C(C1)c1ccc(Cl)cc1,Ki,<0.010,nM,387877,,,False
CC1(C)CCC(CN2CCN(CC2)c2ccc(C(=O)NS(=O)(=O)c3ccc(NCC4CN(CCO4)C(CF)CF)c(c3)[N+]([O-])=O)c(Oc3cnc4[nH]ccc4c3)c2)=C(C1)c1ccc(Cl)cc1,Ki,<0.010,nM,1372982,,,False
CC1(C)CC(=C(CN2CCN(CC2)c2ccc(C(=O)NS(=O)(=O)c3ccc(OCC4(F)CCOCC4)c(c3)[N+]([O-])=O)c(Oc3cc4cc[nH]c4cc3F)c2)CO1)c1ccc(Cl)cc1,Ki,<0.010,nM,387872,,,False
CN(C)CC(=O)N1CCO[C@H](CNc2ccc(cc2[N+]([O-])=O)S(=O)(=O)NC(=O)c2ccc(cc2Oc2cnc3[nH]ccc3c2)N2CCN(CC3=C(CC(C)(C)CC3)c3ccc(Cl)cc3)CC2)C1,Ki,<0.010,nM,1372988,,,False
CN(C)CC(=O)N1CCO[C@@H](CNc2ccc(cc2[N+]([O-])=O)S(=O)(=O)NC(=O)c2ccc(cc2Oc2cnc3[nH]ccc3c2)N2CCN(CC3=C(CC(C)(C)CC3)c3ccc(Cl)cc3)CC2)C1,Ki,<0.010,nM,1372989,,,False
COCCOCCN1CC[C@H](C1)Nc1ccc(cc1[N+]([O-])=O)S(=O)(=O)NC(=O)c1ccc(cc1Oc1cnc2[nH]ccc2c1)N1CCN(CC2=C(CC(C)(C)CC2)c2ccc(Cl)cc2)CC1,Ki,<0.010,nM,1372984,,,False
CN(C)CC(=O)N1CC[C@H](C1)Nc1ccc(cc1[N+]([O-])=O)S(=O)(=O)NC(=O)c1ccc(cc1Oc1cnc2[nH]ccc2c1)N1CCN(CC2=C(CC(C)(C)CC2)c2ccc(Cl)cc2)CC1,Ki,<0.010,nM,1372985,,,False
CC1(C)CCC(CN2CCN(CC2)c2ccc(C(=O)NS(=O)(=O)c3ccc(NC4CN(C4)C4COC4)c(c3)[N+]([O-])=O)c(Oc3cnc4[nH]ccc4c3)c2)=C(C1)c1ccc(Cl)cc1,Ki,<0.010,nM,1372986,,,False
CC1(C)CCC(CN2CCN(CC2)c2ccc(C(=O)NS(=O)(=O)c3ccc(NCC4CCOCC4)c(c3)[N+]([O-])=O)c(Oc3cnc(N)c(Cl)c3)c2)=C(C1)c1ccc(Cl)cc1,Ki,<0.010,nM,387893,,,False
"CC1(C)CCC(CN2CCN(CC2)c2ccc(C(=O)NS(=O)(=O)c3ccc(NC4C[C@H]5C[C@@H]4[C@@H](O)[C@@H]5O)c(c3)[N+]([O-])=O)c(Oc3cnc4[nH]ccc4c3)c2)=C(C1)c1ccc(Cl)cc1 |r,c:60|",Ki,<0.010,nM,312117,,,False
"CC1(C)CCC(CN2CCN(CC2)c2ccc(C(=O)NS(=O)(=O)c3ccc(NC4C[C@H]5C[C@@H]4[C@H](O)[C@H]5O)c(c3)[N+]([O-])=O)c(Oc3cnc4[nH]ccc4c3)c2)=C(C1)c1ccc(Cl)cc1 |r,c:60|",Ki,<0.010,nM,312118,,,False
COCCOCCN1CCOC(CNc2ccc(cc2[N+]([O-])=O)S(=O)(=O)NC(=O)c2ccc(cc2Oc2cnc3[nH]ccc3c2)N2CCN(CC3=C(CC(C)(C)CC3)c3ccc(Cl)cc3)CC2)C1 |t:54|,Ki,<0.010,nM,312119,,,False
CC1(C)CCC(CN2CCN(CC2)c2ccc(C(=O)NS(=O)(=O)c3ccc(NC4CCS(=O)(=O)CC4)c(c3)[N+]([O-])=O)c(Oc3cnc4[nH]ccc4c3)c2)=C(C1)c1ccc(Cl)cc1 |c:58|,Ki,<0.010,nM,312113,,,False
CC1(C)CCC(CN2CCN(CC2)c2ccc(C(=O)NS(=O)(=O)c3ccc(OCC4(F)CCOCC4)c(c3)[N+]([O-])=O)c(Oc3cccc4NC(=O)Cc34)c2)=C(C1)c1ccc(Cl)cc1,Ki,<0.010,nM,387888,,,False
CC1(C)CCC(CN2CCN(CC2)c2ccc(C(=O)NS(=O)(=O)c3ccc(NC4CCN(CC(F)(F)F)C4)c(c3)[N+]([O-])=O)c(Oc3cnc4[nH]ccc4c3)c2)=C(C1)c1ccc(Cl)cc1 |c:60|,Ki,<0.010,nM,312115,,,False
CC1(C)CCC(CN2CCN(CC2)c2ccc(C(=O)NS(=O)(=O)c3ccc(NCC4CN(CCO4)C4COC4)c(c3)S(=O)(=O)C(F)(F)F)c(Oc3cnc4[nH]ccc4c3)c2)=C(C1)c1ccc(Cl)cc1,Ki,<0.010,nM,1372972,,,False
"CC1(C)CCC(CN2CCN(CC2)c2ccc(C(=O)NS(=O)(=O)c3ccc(NC4CCN(C4)C4COC4)c(c3)[N+]([O-])=O)c(Oc3cnc4[nH]ccc4c3)c2)=C(C1)c1ccc(Cl)cc1 |c:60,@:33|",Ki,<0.010,nM,312120,,,False
CC1(C)CCC(CN2CCN(CC2)c2ccc(C(=O)NS(=O)(=O)c3ccc(N[C@@H]4CCOC4)c(c3)[N+]([O-])=O)c(Oc3cnc4[nH]ccc4c3)c2)=C(C1)c1ccc(Cl)cc1,Ki,<0.010,nM,1372969,,,False
CC1(C)CCC(CN2CCN(CC2)c2ccc(C(=O)NS(=O)(=O)c3ccc(NC4CCC(CC4)N4CCOCC4)c(c3)[N+]([O-])=O)c(Oc3cnc(N)c(Cl)c3)c2)=C(C1)c1ccc(Cl)cc1,Ki,<0.010,nM,387899,,,False
"C[C@]1(O)C[C@@H]2C[C@@H]1CC2CONc1ncc(cc1Cl)S(=O)(=O)NC(=O)c1ccc(cc1Oc1cnc2[nH]ccc2c1)N1CCN(CC2=C(CC(C)(C)CC2)c2ccc(Cl)cc2)CC1 |r,t:52|",Ki,<0.010,nM,312123,,,False
CC(C)(C)N1CCC(CC1)Nc1ccc(cc1S(=O)(=O)C(F)(F)F)S(=O)(=O)NC(=O)c1ccc(cc1Oc1cnc2[nH]ccc2c1)N1CCN(CC2=C(CC(C)(C)CC2)c2ccc(Cl)cc2)CC1,Ki,<0.010,nM,1372971,,,False
CC1(C)CCC(CN2CCN(CC2)c2ccc(C(=O)NS(=O)(=O)c3cnc(OCC4(F)CCN(CC4)C(CF)CF)c(Cl)c3)c(Oc3cnc4[nH]ccc4c3)c2)=C(C1)c1ccc(Cl)cc1,Ki,<0.010,nM,1373012,,,False
CN1CCC(F)(COc2ccc(cc2Cl)S(=O)(=O)NC(=O)c2ccc(cc2Oc2cnc3[nH]ccc3c2)N2CCN(CC3=C(CC(C)(C)CC3)c3ccc(Cl)cc3)CC2)CC1,Ki,<0.010,nM,1373013,,,False
CC1(C)CCC(CN2CCN(CC2)c2ccc(C(=O)NS(=O)(=O)c3ccc(NC4CCC(CC4)N4CCN(CC4)C4CCOCC4)c(c3)[N+]([O-])=O)c(Oc3cc4cc[nH]c4cc3F)c2)=C(C1)c1ccc(Cl)cc1,Ki,<0.010,nM,387911,,,False
CC1(C)CCC(CN2CCN(CC2)c2ccc(C(=O)NS(=O)(=O)c3ccc(NC4CCC(CC4)NC4CCOCC4)c(c3)[N+]([O-])=O)c(Oc3cc4cc[nH]c4cc3F)c2)=C(C1)c1ccc(Cl)cc1,Ki,<0.010,nM,387910,,,False
CC1(C)CCC(CN2CCN(CC2)c2ccc(C(=O)NS(=O)(=O)c3cnc(OCC4(F)CCN(CC(F)F)CC4)c(Cl)c3)c(Oc3cnc4[nH]ccc4c3)c2)=C(C1)c1ccc(Cl)cc1,Ki,<0.010,nM,1373015,,,False
CC1(C)CCC(CN2CCN(CC2)c2ccc(C(=O)NS(=O)(=O)c3ccc(OCC4(F)CCOCC4)c(c3)[N+]([O-])=O)c(Oc3cnc(N)c(Cl)c3)c2)=C(C1)c1ccc(Cl)cc1,Ki,<0.010,nM,387905,,,False
CC1CN(CCN1CC1=C(CC(C)(C)CC1)c1ccc(Cl)cc1)c1ccc(C(=O)NS(=O)(=O)c2ccc(NCC3CCOCC3)c(c2)[N+]([O-])=O)c(Oc2cnc3[nH]ccc3c2)c1,Ki,<0.010,nM,1373020,,,False
CC1(C)CCC(CN2CCN(CC2)c2ccc(C(=O)NS(=O)(=O)c3ccc(NCCCNC4CC4)c(c3)[N+]([O-])=O)c(Oc3cnc4[nH]ccc4c3)c2)=C(C1)c1ccc(Cl)cc1,Ki,<0.010,nM,1373021,,,False
CC1(C)CCC(CN2CCN(CC2)c2ccc(C(=O)NS(=O)(=O)c3ccc(NCC4CCC(O)CC4)c(c3)[N+]([O-])=O)c(Oc3cc4cc[nH]c4cc3F)c2)=C(C1)c1ccc(Cl)cc1,Ki,<0.010,nM,387913,,,False
CC1(C)CCC(CN2CCN(CC2)c2ccc(C(=O)NS(=O)(=O)c3ccc(OCC4(F)CCOCC4)c(Cl)c3)c(Oc3cnc4[nH]ccc4c3)c2)=C(C1)c1ccc(Cl)cc1,Ki,<0.010,nM,1373016,,,False
CC1(C)CCC(CN2CCN(CC2)c2ccc(C(=O)NS(=O)(=O)c3ccc(NCC4CCOCC4)c(c3)[N+]([O-])=O)c(Oc3cnc(N)c(Br)c3)c2)=C(C1)c1ccc(Cl)cc1,Ki,<0.010,nM,387925,,,False
CC(C)N1CCC2(CC1)CCC(=C(CN1CCN(CC1)c1ccc(C(=O)NS(=O)(=O)c3ccc(NCC4CCOCC4)c(c3)[N+]([O-])=O)c(Oc3cnc4[nH]ccc4c3)c1)C2)c1ccc(Cl)cc1,Ki,<0.010,nM,1372996,,,False
CC(C)N1CCC2(CC1)CCC(=C(CN1CCN(CC1)c1ccc(C(=O)NS(=O)(=O)c3cnc(OCC4CCOCC4)c(Cl)c3)c(Oc3cnc4[nH]ccc4c3)c1)C2)c1ccc(Cl)cc1,Ki,<0.010,nM,1372998,,,False
CC1(C)CCC(CN2CCN(CC2)c2ccc(C(=O)NS(=O)(=O)c3ccc(NCC4COCCO4)c(c3)[N+]([O-])=O)c(Oc3cnc(N)c(Cl)c3)c2)=C(C1)c1ccc(Cl)cc1,Ki,<0.010,nM,387921,,,False
CC1(C)CCC(CN2CCN(CC2)c2ccc(C(=O)NS(=O)(=O)c3ccc(N[C@@H]4CCN(CC#N)C4)c(c3)[N+]([O-])=O)c(Oc3cnc4[nH]ccc4c3)c2)=C(C1)c1ccc(Cl)cc1,Ki,<0.010,nM,1372992,,,False
[O-][N+](=O)c1cc(ccc1NCC1CCOCC1)S(=O)(=O)NC(=O)c1ccc(cc1Oc1cnc2[nH]ccc2c1)N1CCN(CC2=C(CCC3(CCN(CC3)C(CF)CF)C2)c2ccc(Cl)cc2)CC1,Ki,<0.010,nM,1372995,,,False
CC1(C)CCC(CN2CCN(CC2)c2ccc(C(=O)NS(=O)(=O)c3ccc(OCCOC4CCOC4)c(c3)[N+]([O-])=O)c(Oc3cnc4[nH]ccc4c3)c2)=C(C1)c1ccc(Cl)cc1,Ki,<0.010,nM,1373005,,,False
CC1(C)CCC(CN2CCN(CC2)c2ccc(C(=O)NS(=O)(=O)c3ccc(NC[C@H]4CC[C@@H](CC4)C#N)c(c3)[N+]([O-])=O)c(Oc3cnc4[nH]ccc4c3)c2)=C(C1)c1ccc(Cl)cc1,Ki,<0.010,nM,1373006,,,False
CC1(C)CCC(CN2CCN(CC2)c2ccc(C(=O)NS(=O)(=O)c3cnc(OCC4(F)CCN(CC4)C4COC4)c(Cl)c3)c(Oc3cnc4[nH]ccc4c3)c2)=C(C1)c1ccc(Cl)cc1,Ki,<0.010,nM,1373007,,,False
CN(C)CC(=O)N1CCC(F)(COc2ncc(cc2Cl)S(=O)(=O)NC(=O)c2ccc(cc2Oc2cnc3[nH]ccc3c2)N2CCN(CC3=C(CC(C)(C)CC3)c3ccc(Cl)cc3)CC2)CC1,Ki,<0.010,nM,1373000,,,False
Cn1c2c(Oc3cc(ccc3C(=O)NS(=O)(=O)c3ccc(NCC4CCOCC4)c(c3)[N+]([O-])=O)N3CCN(CC4=C(CC(C)(C)CC4)c4ccc(Cl)cc4)CC3)cccc2[nH]c1=O,Ki,<0.010,nM,387943,,,False
COC(=O)N1CCOC(CNc2ccc(cc2[N+]([O-])=O)S(=O)(=O)NC(=O)c2ccc(cc2Oc2cnc3[nH]ccc3c2)N2CCN(CC3=C(CC(C)(C)CC3)c3ccc(Cl)cc3)CC2)C1,Ki,<0.010,nM,1373046,,,False
CCN(C)C(=O)N1CCOC(CNc2ccc(cc2[N+]([O-])=O)S(=O)(=O)NC(=O)c2ccc(cc2Oc2cnc3[nH]ccc3c2)N2CCN(CC3=C(CC(C)(C)CC3)c3ccc(Cl)cc3)CC2)C1,Ki,<0.010,nM,1373047,,,False
CC1(C)CCC(CN2CCN(CC2)c2ccc(C(=O)NS(=O)(=O)c3ccc(NCCCN(C4CC4)C4COC4)c(c3)[N+]([O-])=O)c(Oc3cnc4[nH]ccc4c3)c2)=C(C1)c1ccc(Cl)cc1,Ki,<0.010,nM,1373040,,,False
CN1CCC[C@H]1C(=O)N1CCC(COc2ccc(cc2Cl)S(=O)(=O)NC(=O)c2ccc(cc2Oc2cnc3[nH]ccc3c2)N2CCN(CC3=C(CC(C)(C)CC3)c3ccc(Cl)cc3)CC2)CC1,Ki,<0.010,nM,1373041,,,False
CC1(C)CCC(CN2CCN(CC2)c2ccc(C(=O)NS(=O)(=O)c3ccc(NCC4(F)CCOCC4)c(c3)[N+]([O-])=O)c(Oc3cnc(N)c(Cl)c3)c2)=C(C1)c1ccc(Cl)cc1,Ki,<0.010,nM,387938,,,False
O[C@H]1CC[C@H](CNc2ccc(cc2[N+]([O-])=O)S(=O)(=O)NC(=O)c2ccc(cc2Oc2cnc3[nH]ccc3c2)N2CCN(CC3=C(CCC(F)(F)C3)c3ccc(Cl)cc3)CC2)CC1,Ki,<0.010,nM,1373053,,,False
FC1(COc2ccc(cc2Cl)S(=O)(=O)NC(=O)c2ccc(cc2Oc2cnc3[nH]ccc3c2)N2CCN(CC3=C(CCC4(CCN(CC4)C4COC4)C3)c3ccc(Cl)cc3)CC2)CCOCC1,Ki,<0.010,nM,1373054,,,False
CC1(C)CCC(CN2CCN(CC2)c2ccc(C(=O)NS(=O)(=O)c3ccc(NC[C@@H]4CN(CCO4)C4CC4)c(c3)[N+]([O-])=O)c(Oc3cnc4[nH]ccc4c3)c2)=C(C1)c1ccc(Cl)cc1,Ki,<0.010,nM,1373055,,,False
CC1(C)CCC(CN2CCN(CC2)c2ccc(C(=O)NS(=O)(=O)c3ccc(N[C@@H]4CCN(C4)C4CC4)c(c3)[N+]([O-])=O)c(Oc3cnc(N)c(Cl)c3)c2)=C(C1)c1ccc(Cl)cc1,Ki,<0.010,nM,387945,,,False
CC1(C)CCC(CN2CCN(CC2)c2ccc(C(=O)NS(=O)(=O)c3ccc(NCC4CN(CCO4)S(C)(=O)=O)c(c3)[N+]([O-])=O)c(Oc3cnc4[nH]ccc4c3)c2)=C(C1)c1ccc(Cl)cc1,Ki,<0.010,nM,1373048,,,False
CC1(C)CCC(CN2CCN(CC2)c2ccc(C(=O)NS(=O)(=O)c3ccc(NCCCN(C4CC4)C4CCC4)c(c3)[N+]([O-])=O)c(Oc3cnc4[nH]ccc4c3)c2)=C(C1)c1ccc(Cl)cc1,Ki,<0.010,nM,1373049,,,False
[O-][N+](=O)c1cc(ccc1NCC1CCOCC1)S(=O)(=O)NC(=O)c1ccc(cc1Oc1cnc2[nH]ccc2c1)N1CCN(CC2=C(CCC(F)(F)C2)c2ccc(Cl)cc2)CC1,Ki,<0.010,nM,1373050,,,False
CC1(C)CCC(CN2CCN(CC2)c2ccc(C(=O)NS(=O)(=O)c3ccc(OCC4(F)CCN(CC4)C(CF)CF)c(c3)[N+]([O-])=O)c(Oc3cnc(N)c(Cl)c3)c2)=C(C1)c1ccc(Cl)cc1,Ki,<0.010,nM,387946,,,False
CC1(C)CCC(CN2CCN(CC2)c2ccc(C(=O)NS(=O)(=O)c3ccc(OCC4(F)CCN(CC4)C4COC4)c(Cl)c3)c(Oc3cnc4[nH]ccc4c3)c2)=C(C1)c1ccc(Cl)cc1,Ki,<0.010,nM,1373051,,,False
CC1(C)CCC(CN2CCN(CC2)c2ccc(C(=O)NS(=O)(=O)c3cnc(OC[C@H]4CC[C@H](O)CC4)c(Cl)c3)c(Oc3cnc4[nH]ccc4c3)c2)=C(C1)c1ccc(Cl)cc1,Ki,<0.010,nM,1373028,,,False
CC1(C)CCC(CN2CCN(CC2)c2ccc(C(=O)NS(=O)(=O)c3ccc(NCC4CN(CCO4)C(CF)CF)c(c3)[N+]([O-])=O)c(Oc3cnc(N)c(Cl)c3)c2)=C(C1)c1ccc(Cl)cc1,Ki,<0.010,nM,387953,,,False
CN(C)CC(=O)N1CCC(COc2ccc(cc2Cl)S(=O)(=O)NC(=O)c2ccc(cc2Oc2cnc3[nH]ccc3c2)N2CCN(CC3=C(CC(C)(C)CC3)c3ccc(Cl)cc3)CC2)CC1,Ki,<0.010,nM,1373025,,,False
CC1(C)CC(=C(CN2CCN(CC2)c2ccc(C(=O)NS(=O)(=O)c3cnc(OCC4(F)CCOCC4)c(Cl)c3)c(Oc3cnc(N)c(Cl)c3)c2)CO1)c1ccc(Cl)cc1,Ki,<0.010,nM,387965,,,False
CC1(C)CCC(CN2CCN(CC2)c2ccc(C(=O)NS(=O)(=O)c3ccc(NCC4CCOC4)c(c3)[N+]([O-])=O)c(Oc3cnc(N)c(Cl)c3)c2)=C(C1)c1ccc(Cl)cc1,Ki,<0.010,nM,387964,,,False
CC(C)N1CCC2(CC1)CCC(=C(CN1CCN(CC1)c1ccc(C(=O)NS(=O)(=O)c3ccc(NCC4CCOCC4)c(c3)[N+]([O-])=O)c(Oc3cnc(N)c(Cl)c3)c1)C2)c1ccc(Cl)cc1,Ki,<0.010,nM,387967,,,False
Nc1ncc(Oc2cc(ccc2C(=O)NS(=O)(=O)c2ccc(NCC3CCOCC3)c(c2)[N+]([O-])=O)N2CCN(CC3=C(CCC4(CCN(CC4)C(CF)CF)C3)c3ccc(Cl)cc3)CC2)cc1Cl,Ki,<0.010,nM,387966,,,False
CC1(C)CCC(CN2CCN(CC2)c2ccc(C(=O)NS(=O)(=O)c3ccc(NCC4CCOCC4)c(c3)[N+]([O-])=O)c(Oc3ccc(NCC(F)(F)F)nc3)c2)=C(C1)c1ccc(Cl)cc1,Ki,<0.010,nM,387961,,,False
CC1(C)CC(=C(CN2CCN(CC2)c2ccc(C(=O)NS(=O)(=O)c3ccc(NCC4CCOCC4)c(c3)[N+]([O-])=O)c(Oc3cnc(N)c(Cl)c3)c2)CO1)c1ccc(Cl)cc1,Ki,<0.010,nM,387962,,,False
CC1(C)CCC(CN2CCN(CC2)c2ccc(C(=O)NS(=O)(=O)c3cnc(OC[C@@H]4CCN(C4)C(CF)CF)c(Cl)c3)c(Oc3cnc(N)c(Cl)c3)c2)=C(C1)c1ccc(Cl)cc1,Ki,<0.010,nM,387974,,,False
CC1(C)CCC(CN2CCN(CC2)c2ccc(C(=O)NS(=O)(=O)c3cnc(OC[C@@]4(F)CC[C@H](O)CC4)c(Cl)c3)c(Oc3cnc4[nH]ccc4c3)c2)=C(C1)c1ccc(Cl)cc1,Ki,<0.010,nM,1373079,,,False
C[C@@]1(O)C[C@H]2C[C@@H]1C[C@@H]2COc1ncc(cc1Cl)S(=O)(=O)NC(=O)c1ccc(cc1Oc1cnc2[nH]ccc2c1)N1CCN(CC2=C(CC(C)(C)CC2)c2ccc(Cl)cc2)CC1,Ki,<0.010,nM,1373072,,,False
CN(C)CC(=O)N1CCC(F)(COc2ncc(cc2Cl)S(=O)(=O)NC(=O)c2ccc(cc2Oc2cnc(N)c(Cl)c2)N2CCN(CC3=C(CC(C)(C)CC3)c3ccc(Cl)cc3)CC2)CC1,Ki,<0.010,nM,387968,,,False
CC1(C)CCC(CN2CCN(CC2)c2ccc(C(=O)NS(=O)(=O)c3ccc(OC[C@H]4CC[C@](C)(O)CC4)c(c3)[N+]([O-])=O)c(Oc3cnc4[nH]ccc4c3)c2)=C(C1)c1ccc(Cl)cc1,Ki,<0.010,nM,1373073,,,False
CC1(C)CCC(CN2CCN(CC2)c2ccc(C(=O)NS(=O)(=O)c3ccc(NCC4CCC(F)(F)CC4)c(c3)[N+]([O-])=O)c(Oc3cnc(N)c(Cl)c3)c2)=C(C1)c1ccc(Cl)cc1,Ki,<0.010,nM,387971,,,False
FC1(COc2ncc(cc2Cl)S(=O)(=O)NC(=O)c2ccc(cc2Oc2cnc3[nH]ccc3c2)N2CCN(CC3=C(CC4(CC4)CC3)c3ccc(Cl)cc3)CC2)CCN(CC1)C1COC1,Ki,<0.010,nM,1373074,,,False
CC1(C)CCC(CN2CCN(CC2)c2ccc(C(=O)NS(=O)(=O)c3ccc(OCC4(F)CCN(CC4)C4COC4)c(c3)C#N)c(Oc3cnc4[nH]ccc4c3)c2)=C(C1)c1ccc(Cl)cc1,Ki,<0.010,nM,1373086,,,False
CC[C@@]1(O)CC[C@H](CNc2ccc(cc2[N+]([O-])=O)S(=O)(=O)NC(=O)c2ccc(cc2Oc2cnc3[nH]ccc3c2)N2CCN(CC3=C(CC(C)(C)CC3)c3ccc(Cl)cc3)CC2)CC1,Ki,<0.010,nM,1373087,,,False
CC1(C)CCC(CN2CCN(CC2)c2ccc(C(=O)NS(=O)(=O)c3ccc(OCC4CCC5(COC5)CC4)c(c3)[N+]([O-])=O)c(Oc3cnc4[nH]ccc4c3)c2)=C(C1)c1ccc(Cl)cc1,Ki,<0.010,nM,1373080,,,False
[O-][N+](=O)c1cc(ccc1NCC1CCOCC1)S(=O)(=O)NC(=O)c1ccc(cc1Oc1cnc2[nH]ccc2c1)N1CCN(CC2=C(CCC(CF)(CF)C2)c2ccc(Cl)cc2)CC1,Ki,<0.010,nM,1373082,,,False
CC1(C)CCC(CN2CCN(CC2)c2ccc(C(=O)NS(=O)(=O)c3ccc(OCC4CN(CCO4)C4CC4)c(c3)[N+]([O-])=O)c(Oc3cnc4[nH]ccc4c3)c2)=C(C1)c1ccc(Cl)cc1,Ki, 0.010,nM,1373083,,,False
CC1(C)CC(=C(CN2CCN(CC2)c2ccc(C(=O)NS(=O)(=O)c3cnc(OCC4CCC(F)(F)CC4)c(Cl)c3)c(Oc3cc4cc[nH]c4cc3F)c2)CO1)c1ccc(Cl)cc1,Ki,<0.010,nM,387985,,,False
CC1(C)CCC(CN2CCN(CC2)c2ccc(C(=O)NS(=O)(=O)c3ccc(NC[C@H]4CN(CCO4)C4CC4)c(c3)[N+]([O-])=O)c(Oc3cnc4[nH]ccc4c3)c2)=C(C1)c1ccc(Cl)cc1,Ki,<0.010,nM,1373056,,,False
[O-][N+](=O)c1cc(ccc1NCC1CCOCC1)S(=O)(=O)NC(=O)c1ccc(cc1Oc1cnc2[nH]ccc2c1)N1CCN(CC2=C(CC3(CC3)CC2)c2ccc(Cl)cc2)CC1,Ki,<0.010,nM,1373057,,,False
[O-][N+](=O)c1cc(ccc1NCC1CN(CCO1)C1CC1)S(=O)(=O)NC(=O)c1ccc(cc1Oc1cnc2[nH]ccc2c1)N1CCN(CC2=C(CC3(CC3)CC2)c2ccc(Cl)cc2)CC1,Ki,<0.010,nM,1373059,,,False
CC1(C)CCC(CN2CCN(CC2)c2ccc(C(=O)NS(=O)(=O)c3ccc(NC4CCC(CC4)N(CCC#N)C4CC4)c(c3)[N+]([O-])=O)c(Oc3cnc4[nH]ccc4c3)c2)=C(C1)c1ccc(Cl)cc1,Ki,<0.010,nM,1373069,,,False
C[C@@]1(O)CC[C@H](COc2ncc(cc2Cl)S(=O)(=O)NC(=O)c2ccc(cc2Oc2cnc3[nH]ccc3c2)N2CCN(CC3=C(CC4(CC4)CC3)c3ccc(Cl)cc3)CC2)CC1,Ki,<0.010,nM,1373070,,,False
CC1(C)CCC(CN2CCN(CC2)c2ccc(C(=O)NS(=O)(=O)c3cnc(OCC4CCc5nccn5C4)c(Cl)c3)c(Oc3cnc4[nH]ccc4c3)c2)=C(C1)c1ccc(Cl)cc1,Ki,<0.010,nM,1373071,,,False
CC1(C)CCC(CN2CCN(CC2)c2ccc(C(=O)NS(=O)(=O)c3ccc(NC[C@H]4CC[C@@](C)(O)CC4)c(c3)[N+]([O-])=O)c(Oc3cnc4[nH]ccc4c3)c2)=C(C1)c1ccc(Cl)cc1,Ki,<0.010,nM,1373066,,,False
CN1CCC(O)(CNc2ccc(cc2[N+]([O-])=O)S(=O)(=O)NC(=O)c2ccc(cc2Oc2cccc(F)c2)N2CCN(CC3=C(CC(C)(C)CC3)c3ccc(Cl)cc3)CC2)CC1 |t:45|,Ki,<0.01,nM,281525,,,False
CC1(C)CCC(CN2CCN(CC2)c2ccc(C(=O)NS(=O)(=O)c3cnc(NCC4CCOCC4)c(c3)[N+]([O-])=O)c(Oc3cnc4[nH]ccc4c3)c2)=C(C1)c1ccc(Cl)cc1,Ki,<0.010,nM,1373093,,,False
CC1(C)CCC(CN2CCN(CC2)c2ccc(C(=O)NS(=O)(=O)c3ccc(NCC4CCC5(COC5)CC4)c(c3)[N+]([O-])=O)c(Oc3cnc4[nH]ccc4c3)c2)=C(C1)c1ccc(Cl)cc1,Ki,<0.010,nM,1373094,,,False
CC[C@]1(O)CC[C@H](CNc2ccc(cc2[N+]([O-])=O)S(=O)(=O)NC(=O)c2ccc(cc2Oc2cnc3[nH]ccc3c2)N2CCN(CC3=C(CC(C)(C)CC3)c3ccc(Cl)cc3)CC2)CC1,Ki,<0.010,nM,1373088,,,False
COCC1(C)CCC(=C(CN2CCN(CC2)c2ccc(C(=O)NS(=O)(=O)c3ccc(NCC4CCOCC4)c(c3)[N+]([O-])=O)c(Oc3cnc4[nH]ccc4c3)c2)C1)c1ccc(Cl)cc1,Ki,<0.010,nM,1373089,,,False
CC1(C)CCC(CN2CCN(CC2)c2ccc(C(=O)NS(=O)(=O)c3ccc(NC[C@H]4CN(CCO4)C4COC4)c(c3)[N+]([O-])=O)c(Oc3cnc4[nH]ccc4c3)c2)=C(C1)c1ccc(Cl)cc1,Ki,<0.010,nM,1373090,,,False
CC1(C)CCC(CN2CCN(CC2)c2ccc(C(=O)NS(=O)(=O)c3ccc(NC4CCN(CC4)C4CCOCC4)c(c3)[N+]([O-])=O)c(Oc3cc4cc[nH]c4c(F)c3F)c2)=C(C1)c1ccc(Cl)cc1 |c:65|,Ki, 0.01,nM,281528,,,False
CC1(C)CCC(CN2CCN(CC2)c2ccc(C(=O)NS(=O)(=O)c3ccc(NCC4CCOCC4)c(c3)[N+]([O-])=O)c(Oc3cnc4[nH]ccc4c3)c2)=C(C1)c1ccc(Cl)cc1,Ki,<0.010,nM,1373096,,,False
CN1CCC(CC1)Nc1ccc(cc1[N+]([O-])=O)S(=O)(=O)NC(=O)c1ccc(cc1Oc1cc(F)cc2[nH]ccc12)N1CCN(CC2=C(CC(C)(C)CC2)c2ccc(Cl)cc2)CC1 |t:50|,Ki,<0.01,nM,281536,,,False
CC1(C)CCC(CN2CCN(CC2)c2ccc(C(=O)NS(=O)(=O)c3ccc(NCC4CCOCC4)c(c3)N(=O)=O)c(Oc3cnc4[nH]ccc4c3)c2)=C(C1)c1ccc(Cl)cc1,Ki,<0.010000,nM,51501250,,,False
CC1(C)CCC(CN2CCN(CC2)c2ccc(C(=O)NS(=O)(=O)c3ccc(NC4CCN(CC4)C4CCOCC4)c(c3)[N+]([O-])=O)c(Oc3cccc4NC(=O)Cc34)c2)=C(C1)c1ccc(Cl)cc1 |c:64|,Ki,<0.01,nM,281613,,,False
CC1(C)CCC(CN2CCN(CC2)c2ccc(C(=O)NS(=O)(=O)c3ccc(OCC4(F)CCOCC4)c(c3)[N+]([O-])=O)c(Oc3cc4cc[nH]c4cc3F)c2)=C(C1)c1ccc(Cl)cc1 |c:59|,Ki,<0.01,nM,281620,,,False
CC1(C)CCC(CN2CCN(CC2)c2ccc(C(=O)NS(=O)(=O)c3ccc(NCC4CCOCC4)c(c3)[N+]([O-])=O)c(Oc3cnc(N)c(F)c3)c2)=C(C1)c1ccc(Cl)cc1 |c:55|,Ki,<0.01,nM,281625,,,False
CC1(C)CCC(CN2CCN(CC2)c2ccc(C(=O)NS(=O)(=O)c3ccc(OCC4(F)CCOCC4)c(c3)[N+]([O-])=O)c(Oc3cccc4NC(=O)Cc34)c2)=C(C1)c1ccc(Cl)cc1 |c:59|,Ki,<0.01,nM,281636,,,False
"CC1(C)CCC(CN2CCN(CC2)c2ccc(C(=O)NS(=O)(=O)c3ccc(NC4CCC(CC4)N4CCOCC4)c(c3)[N+]([O-])=O)c(Oc3cnc(N)c(Cl)c3)c2)=C(C1)c1ccc(Cl)cc1 |c:61,(10.75,-11.18,;9.94,-9.88,;11.48,-9.93,;9.94,-8.34,;8.6,-7.57,;7.27,-8.34,;5.94,-7.57,;5.94,-6.03,;7.27,-5.26,;7.27,-3.72,;5.94,-2.95,;4.6,-3.72,;4.6,-5.26,;5.94,-1.41,;7.27,-.64,;7.27,.9,;5.94,1.67,;5.94,3.21,;7.27,3.98,;4.6,3.98,;4.6,5.52,;4.6,7.06,;6.14,5.52,;3.06,5.52,;2.29,4.19,;.75,4.19,;-.02,5.52,;-1.56,5.52,;-2.33,4.19,;-1.56,2.85,;-2.33,1.52,;-3.87,1.52,;-4.64,2.85,;-3.87,4.19,;-4.64,.19,;-3.87,-1.15,;-4.64,-2.48,;-6.18,-2.48,;-6.95,-1.15,;-6.18,.19,;.75,6.86,;2.29,6.86,;-.02,8.19,;.75,9.52,;-1.56,8.19,;4.6,.9,;3.27,1.67,;1.94,.9,;.6,1.67,;-.73,.9,;-.73,-.64,;-2.06,-1.41,;.6,-1.41,;.6,-2.95,;1.94,-.64,;4.6,-.64,;7.27,-9.88,;8.6,-10.65,;5.94,-10.65,;5.94,-12.19,;4.6,-12.96,;3.27,-12.19,;1.94,-12.96,;3.27,-10.65,;4.6,-9.88,)|",Ki,<0.01,nM,281647,,,False
CC1(C)CCC(CN2CCN(CC2)c2ccc(C(=O)NS(=O)(=O)c3ccc(NCC4CCOCC4)c(c3)[N+]([O-])=O)c(Oc3cnc(N)c(Cl)c3)c2)=C(C1)c1ccc(Cl)cc1 |c:55|,Ki,<0.01,nM,281641,,,False
CC1(C)CCC(CN2CCN(CC2)c2ccc(C(=O)NS(=O)(=O)c3ccc(OCC4(F)CCOCC4)c(c3)[N+]([O-])=O)c(Oc3cnc(N)c(Cl)c3)c2)=C(C1)c1ccc(Cl)cc1 |c:56|,Ki,<0.01,nM,281653,,,False
"CC1(C)CCC(CN2CCN(CC2)c2ccc(C(=O)NS(=O)(=O)c3ccc(NCC4CCC(O)CC4)c(c3)[N+]([O-])=O)c(Oc3cc4cc[nH]c4cc3F)c2)=C(C1)c1ccc(Cl)cc1 |c:59,(-2.92,-15.08,;-2.11,-13.78,;-3.64,-13.83,;-2.11,-12.24,;-.77,-11.47,;.56,-12.24,;1.9,-11.47,;1.9,-9.93,;3.23,-9.16,;3.23,-7.62,;1.9,-6.85,;.56,-7.62,;.56,-9.16,;1.9,-5.31,;3.23,-4.54,;3.23,-3,;1.9,-2.23,;1.9,-.69,;.56,.08,;3.23,.08,;3.23,1.62,;4.77,1.62,;1.69,1.62,;3.23,3.16,;4.56,3.93,;4.56,5.47,;3.23,6.24,;3.23,7.78,;4.56,8.55,;4.56,10.09,;3.23,10.86,;3.23,12.4,;4.56,13.17,;4.56,14.71,;5.9,12.4,;5.9,10.86,;1.9,5.47,;1.9,3.93,;.56,6.24,;-.77,5.47,;.56,7.78,;.56,-3,;-.77,-2.23,;-2.11,-3,;-3.44,-2.23,;-4.77,-3,;-6.24,-2.52,;-7.14,-3.77,;-6.24,-5.01,;-4.77,-4.54,;-3.44,-5.31,;-2.11,-4.54,;-.77,-5.31,;.56,-4.54,;.56,-13.78,;-.77,-14.55,;1.9,-14.55,;3.23,-13.78,;4.56,-14.55,;4.56,-16.09,;5.9,-16.86,;3.23,-16.86,;1.9,-16.09,)|",Ki,<0.01,nM,281661,,,False
"CC1(C)CCC(CN2CCN(CC2)c2ccc(C(=O)NS(=O)(=O)c3ccc(NC4CCC(CC4)NC4CCOCC4)c(c3)[N+]([O-])=O)c(Oc3cc4cc[nH]c4cc3F)c2)=C(C1)c1ccc(Cl)cc1 |c:65,(-6.22,13.89,;-5.5,12.53,;-4.77,13.89,;-4.16,11.76,;-4.16,10.22,;-5.5,9.45,;-5.5,7.91,;-4.16,7.14,;-4.16,5.6,;-2.83,4.83,;-1.49,5.6,;-1.49,7.14,;-2.83,7.91,;-.16,4.83,;1.17,5.6,;2.51,4.83,;2.51,3.29,;3.84,2.52,;3.84,.98,;5.17,3.29,;6.51,2.52,;7.28,3.85,;5.74,1.19,;7.84,1.75,;7.84,.21,;9.17,-.56,;10.51,.21,;11.84,-.56,;11.84,-2.1,;13.18,-2.87,;13.18,-4.41,;11.84,-5.18,;10.51,-4.41,;10.51,-2.87,;11.84,-6.72,;10.51,-7.49,;9.17,-6.72,;7.84,-7.49,;7.84,-9.03,;9.17,-9.8,;10.51,-9.03,;10.51,1.75,;9.17,2.52,;11.84,2.52,;13.18,1.75,;11.84,4.06,;1.17,2.52,;1.17,.98,;-.16,.21,;-1.49,.98,;-2.83,.21,;-4.29,.69,;-5.2,-.56,;-4.29,-1.81,;-2.83,-1.33,;-1.49,-2.1,;-.16,-1.33,;1.17,-2.1,;-.16,3.29,;-6.83,10.22,;-6.83,11.76,;-8.16,9.45,;-8.16,7.91,;-9.5,7.14,;-10.83,7.91,;-12.16,7.14,;-10.83,9.45,;-9.5,10.22,)|",Ki,<0.01,nM,281658,,,False
"CC1(C)CCC(CN2CCN(CC2)c2ccc(C(=O)NS(=O)(=O)c3ccc(NC4CCC(CC4)N4CCN(CC4)C4CCOCC4)c(c3)[N+]([O-])=O)c(Oc3cc4cc[nH]c4cc3F)c2)=C(C1)c1ccc(Cl)cc1 |c:71,(-7.99,-9.64,;-7.17,-8.33,;-8.71,-8.39,;-7.17,-6.79,;-5.84,-6.02,;-4.5,-6.79,;-3.17,-6.02,;-3.17,-4.48,;-1.84,-3.71,;-1.84,-2.17,;-3.17,-1.4,;-4.5,-2.17,;-4.5,-3.71,;-3.17,.14,;-1.84,.91,;-1.84,2.45,;-3.17,3.22,;-3.17,4.76,;-4.5,5.53,;-1.84,5.53,;-1.84,7.07,;-.3,7.07,;-3.38,7.07,;-1.84,8.61,;-.5,9.38,;-.5,10.92,;-1.84,11.69,;-1.84,13.23,;-.5,14,;-.5,15.54,;.83,16.31,;2.17,15.54,;2.17,14,;.83,13.23,;3.5,16.31,;3.5,17.85,;4.83,18.62,;6.17,17.85,;6.17,16.31,;4.83,15.54,;7.5,18.62,;8.83,17.85,;10.17,18.62,;10.17,20.16,;8.83,20.93,;7.5,20.16,;-3.17,10.92,;-3.17,9.38,;-4.5,11.69,;-5.84,10.92,;-4.5,13.23,;-4.5,2.45,;-5.84,3.22,;-7.17,2.45,;-8.5,3.22,;-9.84,2.45,;-11.3,2.92,;-12.21,1.68,;-11.3,.43,;-9.84,.91,;-8.5,.14,;-7.17,.91,;-5.84,.14,;-4.5,.91,;-4.5,-8.33,;-5.84,-9.1,;-3.17,-9.1,;-1.84,-8.33,;-.5,-9.1,;-.5,-10.64,;.83,-11.41,;-1.84,-11.41,;-3.17,-10.64,)|",Ki,<0.01,nM,281659,,,False
CC1(C)CCC(CN2CCN(CC2)c2ccc(C(=O)NS(=O)(=O)c3ccc(NCC4COCCO4)c(c3)[N+]([O-])=O)c(Oc3cnc(N)c(Cl)c3)c2)=C(C1)c1ccc(Cl)cc1 |c:55|,Ki,<0.01,nM,281669,,,False
CC1(C)CCC(CN2CCN(CC2)c2ccc(C(=O)NS(=O)(=O)c3ccc(NCC4CCOCC4)c(c3)[N+]([O-])=O)c(Oc3cnc(N)c(Br)c3)c2)=C(C1)c1ccc(Cl)cc1 |c:55|,Ki,<0.01,nM,281673,,,False
CC1(C)CCC(CN2CCN(CC2)c2ccc(C(=O)NS(=O)(=O)c3ccc(NCC4(F)CCOCC4)c(c3)[N+]([O-])=O)c(Oc3cnc(N)c(Cl)c3)c2)=C(C1)c1ccc(Cl)cc1 |c:56|,Ki,<0.01,nM,281686,,,False
CO[C@H]1CC[C@H](CNc2ccc(cc2[N+]([O-])=O)S(=O)(=O)NC(=O)c2ccc(cc2Oc2cnc3[nH]ccc3c2)N2CCN(CC3=C(CC(C)(C)CC3)c3ccc(Cl)cc3)CC2)CC1,Ki,<0.010000,nM,51122011,,,False
CC1(C)CCC(CN2CCN(CC2)c2ccc(C(=O)NS(=O)(=O)c3ccc(N[C@@H]4CCN(C4)C4CC4)c(c3)[N+]([O-])=O)c(Oc3cnc(N)c(Cl)c3)c2)=C(C1)c1ccc(Cl)cc1 |c:57|,Ki,<0.01,nM,281693,,,False
CC1(C)CCC(CN2CCN(CC2)c2ccc(C(=O)NS(=O)(=O)c3ccc(OCC4(F)CCN(CC4)C(CF)CF)c(c3)[N+]([O-])=O)c(Oc3cnc(N)c(Cl)c3)c2)=C(C1)c1ccc(Cl)cc1 |c:61|,Ki,<0.01,nM,281694,,,False
CC1(C)CCC(CN2CCN(CC2)c2ccc(C(=O)NS(=O)(=O)c3ccc(NCC4CCOCC4)c(c3)N(=O)=O)c(Oc3cnc4[nH]ccc4c3)c2)=C(C1)c1ccc(Cl)cc1,Ki,<0.010000,nM,51122007,,,False
Cn1c2c(Oc3cc(ccc3C(=O)NS(=O)(=O)c3ccc(NCC4CCOCC4)c(c3)[N+]([O-])=O)N3CCN(CC4=C(CC(C)(C)CC4)c4ccc(Cl)cc4)CC3)cccc2[nH]c1=O |t:42|,Ki,<0.01,nM,281691,,,False
CC1(C)CCC(CN2CCN(CC2)c2ccc(C(=O)NS(=O)(=O)c3ccc(NCC4CN(CCO4)C(CF)CF)c(c3)[N+]([O-])=O)c(Oc3cnc(N)c(Cl)c3)c2)=C(C1)c1ccc(Cl)cc1 |c:60|,Ki,<0.01,nM,281701,,,False
"CC1(C)CCC(CN2CCN(CC2)c2ccc(C(=O)NS(=O)(=O)c3ccc(NCC4CCC(O)CC4)c(c3)[N+]([O-])=O)c(Oc3cnc(N)c(Cl)c3)c2)=C(C1)c1ccc(Cl)cc1 |c:56,(3.48,-5.93,;2.67,-4.62,;4.21,-4.67,;2.67,-3.08,;1.33,-2.31,;,-3.08,;-1.33,-2.31,;-1.33,-.77,;;,1.54,;-1.33,2.31,;-2.67,1.54,;-2.67,,;-1.33,3.85,;,4.62,;,6.16,;-1.33,6.93,;-1.33,8.47,;,9.24,;-2.67,9.24,;-2.67,10.78,;-2.67,12.32,;-1.13,10.78,;-4.21,10.78,;-4.98,9.45,;-6.52,9.45,;-7.29,10.78,;-8.83,10.78,;-9.6,9.45,;-11.14,9.45,;-11.91,8.11,;-13.45,8.11,;-14.22,9.45,;-15.76,9.45,;-13.45,10.78,;-11.91,10.78,;-6.52,12.11,;-4.98,12.11,;-7.29,13.45,;-6.52,14.78,;-8.83,13.45,;-2.67,6.16,;-4,6.93,;-5.33,6.16,;-6.67,6.93,;-8,6.16,;-8,4.62,;-9.34,3.85,;-6.67,3.85,;-6.67,2.31,;-5.33,4.62,;-2.67,4.62,;,-4.62,;1.33,-5.39,;-1.33,-5.39,;-1.33,-6.93,;-2.67,-7.7,;-4,-6.93,;-5.33,-7.7,;-4,-5.39,;-2.67,-4.62,)|",Ki,<0.01,nM,281709,,,False
CC1(C)CC(=C(CN2CCN(CC2)c2ccc(C(=O)NS(=O)(=O)c3ccc(NCC4CCOCC4)c(c3)[N+]([O-])=O)c(Oc3cnc(N)c(Cl)c3)c2)CO1)c1ccc(Cl)cc1 |t:4|,Ki,<0.01,nM,281710,,,False
CN(C)CC(=O)N1CCC(F)(COc2ncc(cc2Cl)S(=O)(=O)NC(=O)c2ccc(cc2Oc2cnc(N)c(Cl)c2)N2CCN(CC3=C(CC(C)(C)CC3)c3ccc(Cl)cc3)CC2)CC1 |t:49|,Ki,<0.01,nM,281716,,,False
CC1(C)CCC(CN2CCN(CC2)c2ccc(C(=O)NS(=O)(=O)c3ccc(NCC4CCC(F)(F)CC4)c(c3)[N+]([O-])=O)c(Oc3cnc(N)c(Cl)c3)c2)=C(C1)c1ccc(Cl)cc1 |c:57|,Ki,<0.01,nM,281719,,,False
CC1(C)CCC(CN2CCN(CC2)c2ccc(C(=O)NS(=O)(=O)c3ccc(NCC4CCOC4)c(c3)[N+]([O-])=O)c(Oc3cnc(N)c(Cl)c3)c2)=C(C1)c1ccc(Cl)cc1 |c:54|,Ki,<0.01,nM,281712,,,False
CC1(C)CC(=C(CN2CCN(CC2)c2ccc(C(=O)NS(=O)(=O)c3cnc(OCC4(F)CCOCC4)c(Cl)c3)c(Oc3cnc(N)c(Cl)c3)c2)CO1)c1ccc(Cl)cc1 |t:4|,Ki,<0.01,nM,281713,,,False
Nc1ncc(Oc2cc(ccc2C(=O)NS(=O)(=O)c2ccc(NCC3CCOCC3)c(c2)[N+]([O-])=O)N2CCN(CC3=C(CCC4(CCN(CC4)C(CF)CF)C3)c3ccc(Cl)cc3)CC2)cc1Cl |t:43|,Ki,<0.01,nM,281714,,,False
CC(C)N1CCC2(CC1)CCC(=C(CN1CCN(CC1)c1ccc(C(=O)NS(=O)(=O)c3ccc(NCC4CCOCC4)c(c3)[N+]([O-])=O)c(Oc3cnc(N)c(Cl)c3)c1)C2)c1ccc(Cl)cc1 |t:12|,Ki,<0.01,nM,281715,,,False
CC1(C)CCC(CN2CCN(CC2)c2ccc(C(=O)NS(=O)(=O)c3cnc(OC[C@@H]4CCN(C4)C(CF)CF)c(Cl)c3)c(Oc3cnc(N)c(Cl)c3)c2)=C(C1)c1ccc(Cl)cc1 |c:57|,Ki,<0.01,nM,281722,,,False
CC1(C)CC(=C(CN2CCN(CC2)c2ccc(C(=O)NS(=O)(=O)c3cnc(OCC4CCC(F)(F)CC4)c(Cl)c3)c(Oc3cc4cc[nH]c4cc3F)c2)CO1)c1ccc(Cl)cc1 |t:4|,Ki,<0.01,nM,281733,,,False
CN1CCC(O)(CNc2ccc(cc2[N+]([O-])=O)S(=O)(=O)NC(=O)c2ccc(cc2Oc2cccc3[nH]ccc23)N2CCN(CC3=C(CC(C)(C)CC3)c3ccc(Cl)cc3)CC2)CC1 |t:48|,Ki, 0.01,nM,324898,,,False
OCCOc1ccc(c(CN2CCN(CC2)c2ccc(C(=O)NS(=O)(=O)c3ccc(NCC4CCOCC4)c(c3)[N+]([O-])=O)c(Oc3cccc4[nH]ccc34)c2)c1)-c1ccc(Cl)cc1,Ki,<0.01,nM,324922,,,False
CN1CCC(CC1)Nc1ccc(cc1[N+]([O-])=O)S(=O)(=O)NC(=O)c1ccc(cc1Oc1ccc2[nH]ccc2c1)N1CCN(CC2=C(CCC(O)C2)c2ccc(Cl)cc2)CC1 |t:49|,Ki,<0.01,nM,324933,,,False
OC1CCC(=C(CN2CCN(CC2)c2ccc(C(=O)NS(=O)(=O)c3ccc(NC4CCN(CC4)C4CCOCC4)c(c3)[N+]([O-])=O)c(Oc3ccc4[nH]ccc4c3)c2)C1)c1ccc(Cl)cc1 |t:4|,Ki, 0.01,nM,324934,,,False
CC1(C)CCC(CN2CCN(CC2)c2ccc(C(=O)NS(=O)(=O)c3ccc(OC[C@H]4CC[C@@H](CC4)OP(O)(O)=O)c(c3)[N+]([O-])=O)c(Oc3cnc4[nH]ccc4c3)c2)=C(C1)c1ccc(Cl)cc1,Ki,<0.010,nM,413084,,,False
CC1(C)CCC(CN2CCN(CC2)c2ccc(C(=O)NS(=O)(=O)c3ccc(OCC4(F)CCOCC4)c(c3)[N+]([O-])=O)c(Oc3cn(COP(O)(O)=O)c4nccc4c3)c2)=C(C1)c1ccc(Cl)cc1,Ki,<0.010,nM,413082,,,False
CC(C)(CNc1ccc(cc1[N+]([O-])=O)S(=O)(=O)NC(=O)c1ccc(cc1Oc1cnc2[nH]ccc2c1)N1CCN(CC2=C(CC(C)(C)CC2)c2ccc(Cl)cc2)CC1)COP(O)(O)=O,Ki,<0.010,nM,413083,,,False
CO[C@H]1CC[C@H](CNc2ccc(cc2[N+]([O-])=O)S(=O)(=O)NC(=O)c2ccc(cc2Oc2cn(COP(O)(O)=O)c3nccc3c2)N2CCN(CC3=C(CC(C)(C)CC3)c3ccc(Cl)cc3)CC2)CC1,Ki,<0.010,nM,413080,,,False
CC1(C)CCC(CN2CCN(CC2)c2ccc(C(=O)NS(=O)(=O)c3ccc(NCC4CCOCC4)c(c3)[N+]([O-])=O)c(Oc3cn(COP(O)(O)=O)c4nccc4c3)c2)=C(C1)c1ccc(Cl)cc1,Ki,<0.010,nM,413081,,,False
CC1(C)CCC(=C(CN2CCN(CC2)c2ccc(cc2)C(=O)NS(=O)(=O)c2ccc(N[C@H](CCN3CCOCC3)CSc3ccccc3)c(c2)S(=O)(=O)C(F)(F)F)C1)c1ccc(Cl)cc1,Ki,<0.010000,nM,51248820,,,False
CC1(C)CCC(CN2CCN(CC2)c2ccc(C(=O)NS(=O)(=O)c3ccc(NCC4CCOCC4)c(c3)[N+]([O-])=O)c(Oc3cccc4[nH]ncc34)c2)=C(C1)c1ccc(Cl)cc1 |c:57|,Ki,<0.01,nM,325103,,,False
CC1(C)CCC(CN2CCN(CC2)c2ccc(C(=O)NS(=O)(=O)c3ccc(NC4CCN(CC4)C4CCOCC4)c(c3)[N+]([O-])=O)c(Oc3cccc4[nH]ncc34)c2)=C(C1)c1ccc(Cl)cc1 |c:63|,Ki,<0.01,nM,325104,,,False
CC1(C)CCC(CN2CCN(CC2)c2ccc(C(=O)NS(=O)(=O)c3ccc(NCC4(F)CCOCC4)c(c3)[N+]([O-])=O)c(Oc3cccc4[nH]ncc34)c2)=C(C1)c1ccc(Cl)cc1 |c:58|,Ki,<0.010,nM,325112,,,False
CN(C)CC(=O)N1CCO[C@H](COc2ncc(cc2Cl)S(=O)(=O)NC(=O)c2ccc(cc2Oc2cccc3[nH]cnc23)N2CCN(CC3=C(CC(C)(C)CC3)c3ccc(Cl)cc3)CC2)C1 |t:51|,Ki,<0.010,nM,325126,,,False
CN(C)CC(=O)N1CCO[C@@H](COc2ncc(cc2Cl)S(=O)(=O)NC(=O)c2ccc(cc2Oc2cccc3[nH]cnc23)N2CCN(CC3=C(CC(C)(C)CC3)c3ccc(Cl)cc3)CC2)C1 |t:51|,Ki,<0.010,nM,325127,,,False
COCCOCCN1CC[C@H](C1)Nc1ccc(cc1[N+]([O-])=O)S(=O)(=O)NC(=O)c1ccc(cc1Oc1cccc2[nH]cnc12)N1CCN(CC2=C(CC(C)(C)CC2)c2ccc(Cl)cc2)CC1 |t:54|,Ki,<0.010,nM,325132,,,False
CN(C)CC(=O)N1CC[C@H](C1)Nc1ccc(cc1[N+]([O-])=O)S(=O)(=O)NC(=O)c1ccc(cc1Oc1cccc2[nH]cnc12)N1CCN(CC2=C(CC(C)(C)CC2)c2ccc(Cl)cc2)CC1 |t:53|,Ki,<0.010,nM,325133,,,False
CC1(C)CCC(CN2CCN(CC2)c2ccc(C(=O)NS(=O)(=O)c3ccc(NCC4CN(CC#N)CCO4)c(c3)[N+]([O-])=O)c(Oc3cccc4[nH]cnc34)c2)=C(C1)c1ccc(Cl)cc1 |c:60|,Ki,<0.010,nM,325134,,,False
CN(C)CC(=O)N1CCO[C@H](CNc2ccc(cc2[N+]([O-])=O)S(=O)(=O)NC(=O)c2ccc(cc2Oc2cccc3[nH]cnc23)N2CCN(CC3=C(CC(C)(C)CC3)c3ccc(Cl)cc3)CC2)C1 |t:53|,Ki,<0.010,nM,325140,,,False
CN(C)CC(=O)N1CCO[C@@H](CNc2ccc(cc2[N+]([O-])=O)S(=O)(=O)NC(=O)c2ccc(cc2Oc2cccc3[nH]cnc23)N2CCN(CC3=C(CC(C)(C)CC3)c3ccc(Cl)cc3)CC2)C1 |t:53|,Ki,<0.010,nM,325141,,,False
CC1(C)CCC(CN2CCN(CC2)c2ccc(C(=O)NS(=O)(=O)c3ccc(NCC4CCOC4)c(c3)[N+]([O-])=O)c(Oc3cccc4[nH]cnc34)c2)=C(C1)c1ccc(Cl)cc1 |c:56|,Ki,<0.010,nM,325142,,,False
"COC1CCC(CNc2ccc(cc2[N+]([O-])=O)S(=O)(=O)NC(=O)c2ccc(cc2Oc2cccc3[nH]cnc23)N2CCN(CC3=C(CC(C)(C)CC3)c3ccc(Cl)cc3)CC2)CC1 |t:48,(-10.74,-10.44,;-9.2,-10.44,;-8.43,-9.1,;-6.89,-9.1,;-6.12,-7.77,;-6.89,-6.44,;-6.12,-5.1,;-6.89,-3.77,;-6.12,-2.44,;-4.58,-2.44,;-3.81,-1.1,;-4.58,.23,;-6.12,.23,;-6.89,-1.1,;-8.43,-1.1,;-9.2,.23,;-9.2,-2.44,;-3.81,1.56,;-5.15,2.33,;-3.04,2.9,;-2.48,.79,;-1.15,1.56,;-1.15,3.1,;.19,.79,;1.52,1.56,;2.86,.79,;2.86,-.75,;1.52,-1.52,;.19,-.75,;-1.15,-1.52,;-1.15,-3.06,;.19,-3.83,;.19,-5.37,;-1.15,-6.14,;-2.48,-5.37,;-3.94,-5.84,;-4.85,-4.6,;-3.94,-3.35,;-2.48,-3.83,;4.19,-1.52,;5.52,-.75,;6.86,-1.52,;6.86,-3.06,;8.19,-3.83,;9.52,-3.06,;10.86,-3.83,;12.19,-3.06,;12.19,-1.52,;13.73,-1.46,;13.01,-.21,;10.86,-.75,;9.52,-1.52,;10.86,-5.37,;12.19,-6.14,;12.19,-7.68,;10.86,-8.45,;10.86,-9.99,;9.52,-7.68,;9.52,-6.14,;5.52,-3.83,;4.19,-3.06,;-8.43,-6.44,;-9.2,-7.77,)|",Ki,<0.010,nM,325143,,,False
CC1(C)CCC(CN2CCN(CC2)c2ccc(C(=O)NS(=O)(=O)c3ccc(NCC4CN(CCO4)C4COC4)c(c3)[N+]([O-])=O)c(Oc3cccc4[nH]cnc34)c2)=C(C1)c1ccc(Cl)cc1 |c:62|,Ki,<0.010,nM,325136,,,False
CC1(C)CCC(CN2CCN(CC2)c2ccc(C(=O)NS(=O)(=O)c3ccc(NCC4(F)CCOCC4)c(c3)[N+]([O-])=O)c(Oc3cccc4[nH]cnc34)c2)=C(C1)c1ccc(Cl)cc1 |c:58|,Ki,<0.010,nM,325144,,,False
CC1(C)CCC(CN2CCN(CC2)c2ccc(C(=O)NS(=O)(=O)c3cnc(OCC4(F)CCOCC4)c(F)c3)c(Oc3cccc4[nH]cnc34)c2)=C(C1)c1ccc(Cl)cc1 |c:56|,Ki,<0.010,nM,325145,,,False
CC1(C)CCC(CN2CCN(CC2)c2ccc(C(=O)NS(=O)(=O)c3cnc(OCC4(F)CCOCC4)c(Cl)c3)c(Oc3cccc4[nH]cnc34)c2)=C(C1)c1ccc(Cl)cc1 |c:56|,Ki,<0.010,nM,325146,,,False
CN1CCN(CC1)Nc1ccc(cc1[N+]([O-])=O)S(=O)(=O)NC(=O)c1ccc(cc1Oc1cccc2[nH]cnc12)N1CCN(CC2=C(CC(C)(C)CC2)c2ccc(Cl)cc2)CC1 |t:49|,Ki,<0.010,nM,325156,,,False
CC1(C)CCC(CN2CCN(CC2)c2ccc(C(=O)NS(=O)(=O)c3ccc(NCC4CCC(F)(F)CC4)c(c3)[N+]([O-])=O)c(Oc3cccc4[nH]cnc34)c2)=C(C1)c1ccc(Cl)cc1 |c:59|,Ki,<0.010,nM,325159,,,False
CC1(C)CCC(CN2CCN(CC2)c2ccc(C(=O)NS(=O)(=O)c3ccc(NC4CCN(CC4)C4CC4)c(c3)[N+]([O-])=O)c(Oc3cccc4[nH]cnc34)c2)=C(C1)c1ccc(Cl)cc1 |c:60|,Ki,<0.010,nM,325154,,,False
"CC1(C)CCC(CN2CCN(CC2)c2ccc(C(=O)NS(=O)(=O)c3ccc(NC4CCC(CC4)N4CCOCC4)c(c3)[N+]([O-])=O)c(Oc3cccc4[nH]cnc34)c2)=C(C1)c1ccc(Cl)cc1 |c:63,(16.76,-3.2,;15.22,-3.25,;16.04,-1.95,;13.89,-2.48,;12.56,-3.25,;12.56,-4.79,;11.22,-5.56,;9.89,-4.79,;9.89,-3.25,;8.56,-2.48,;7.22,-3.25,;7.22,-4.79,;8.56,-5.56,;5.89,-2.48,;5.89,-.94,;4.55,-.17,;3.22,-.94,;1.89,-.17,;.55,-.94,;1.89,1.37,;.55,2.14,;1.32,3.47,;-.22,.8,;-.78,2.91,;-2.11,2.14,;-3.45,2.91,;-3.45,4.45,;-4.78,5.22,;-6.12,4.45,;-6.12,2.91,;-7.45,2.14,;-8.78,2.91,;-8.78,4.45,;-7.45,5.22,;-10.12,2.14,;-10.12,.6,;-11.45,-.17,;-12.78,.6,;-12.78,2.14,;-11.45,2.91,;-2.11,5.22,;-.78,4.45,;-2.11,6.76,;-.78,7.53,;-3.45,7.53,;3.22,-2.48,;1.89,-3.25,;1.89,-4.79,;3.22,-5.56,;3.22,-7.1,;1.89,-7.87,;.55,-7.1,;-.91,-7.58,;-1.82,-6.33,;-.91,-5.09,;.55,-5.56,;4.55,-3.25,;13.89,-5.56,;15.22,-4.79,;13.89,-7.1,;15.22,-7.87,;15.22,-9.41,;13.89,-10.18,;13.89,-11.72,;12.56,-9.41,;12.56,-7.87,)|",Ki,<0.010,nM,325155,,,False
CC1(C)CCC(CN2CCN(CC2)c2ccc(C(=O)NS(=O)(=O)c3ccc(NCC4CN(CCO4)S(C)(=O)=O)c(c3)[N+]([O-])=O)c(Oc3cccc4[nH]cnc34)c2)=C(C1)c1ccc(Cl)cc1 |c:61|,Ki,<0.010,nM,325161,,,False
CC1(C)CCC(CN2CCN(CC2)c2ccc(C(=O)NS(=O)(=O)c3cnc(OCC4(F)CCN(CC4)C(CF)CF)c(c3)C(F)(F)F)c(Oc3cccc4[nH]ncc34)c2)=C(C1)c1ccc(Cl)cc1 |c:64|,Ki,<0.010,nM,325162,,,False
CC1(CCC(=C(C1)c2ccc(cc2)Cl)CN3CCN(CC3)c4ccc(c(c4)Oc5cc6cc[nH]c6nc5)C(=O)NS(=O)(=O)c7ccc(c(c7)[N+](=O)[O-])NCC8CCOCC8)C,Ki,<0.01,nM,339556,,,False
[O-][N+](=O)c1cc(ccc1NCCCN1CCOCC1)S(=O)(=O)NC(=O)c1ccc(cc1Oc1cnc2[nH]ccc2c1)N1CCN(Cc2ccccc2-c2ccc(Cl)cc2)CC1,Ki,<0.01,nM,339553,,,False
CN1CCC(CC1)Nc1ccc(cc1[N+]([O-])=O)S(=O)(=O)NC(=O)c1ccc(cc1Oc1cnc2[nH]ccc2c1)N1CCN(CC2=C(CC(C)(C)CC2)c2ccc(Cl)cc2)CC1 |t:49|,Ki,<0.01,nM,339555,,,False
CC1(C)CCC(CN2CCN(CC2)c2ccc(C(=O)NS(=O)(=O)c3ccc(NC[C@H]4CCCOC4)c(c3)[N+]([O-])=O)c(Oc3cnc4[nH]ccc4c3)c2)=C(C1)c1ccc(Cl)cc1 |c:57|,Ki,<0.01,nM,339564,,,False
CC1(C)CC(=C(CN2CCN(CC2)c2ccc(C(=O)NS(=O)(=O)c3ccc(NCC4CCOCC4)c(c3)[N+]([O-])=O)c(Oc3cnc4[nH]ccc4c3)c2)CO1)c1ccc(Cl)cc1 |t:4|,Ki,<0.01,nM,339566,,,False
COCCNc1ccc(cc1[N+]([O-])=O)S(=O)(=O)NC(=O)c1ccc(cc1Oc1cnc2[nH]ccc2c1)N1CCN(CC2=C(CC(C)(C)CC2)c2ccc(Cl)cc2)CC1 |t:45|,Ki,<0.01,nM,339561,,,False
"CC1(C)CCC(CN2CCN(CC2)c2ccc(C(=O)NS(=O)(=O)c3ccc(NC4CCC(CC4)N4CCOCC4)c(c3)[N+]([O-])=O)c(Oc3cnc4[nH]ccc4c3)c2)=C(C1)c1ccc(Cl)cc1 |c:63,(8.32,-14.13,;7.51,-12.83,;9.04,-12.88,;7.51,-11.29,;6.17,-10.52,;4.84,-11.29,;3.5,-10.52,;3.5,-8.98,;4.84,-8.21,;4.84,-6.67,;3.5,-5.9,;2.17,-6.67,;2.17,-8.21,;3.5,-4.36,;4.84,-3.59,;4.84,-2.05,;3.5,-1.28,;3.5,.26,;2.17,1.03,;4.84,1.03,;4.84,2.57,;6.38,2.57,;3.3,2.57,;4.84,4.11,;3.5,4.88,;3.5,6.42,;4.84,7.19,;4.84,8.73,;3.5,9.5,;2.17,8.73,;.84,9.5,;.84,11.04,;2.17,11.81,;3.5,11.04,;-.5,11.81,;-1.83,11.04,;-3.16,11.81,;-3.16,13.35,;-1.83,14.12,;-.5,13.35,;6.17,6.42,;6.17,4.88,;7.51,7.19,;7.51,8.73,;8.84,6.42,;2.17,-2.05,;.84,-1.28,;-.5,-2.05,;-.5,-3.59,;-1.83,-4.36,;-3.16,-3.59,;-4.63,-4.06,;-5.53,-2.82,;-4.63,-1.57,;-3.16,-2.05,;-1.83,-1.28,;2.17,-3.59,;4.84,-12.83,;6.17,-13.6,;3.5,-13.6,;3.5,-15.14,;2.17,-15.91,;.84,-15.14,;-.5,-15.91,;.84,-13.6,;2.17,-12.83,)|",Ki,<0.01,nM,339560,,,False
CC1(C)CCC(CN2CCN(CC2)c2ccc(C(=O)NS(=O)(=O)c3ccc(OCC4COCCO4)c(c3)[N+]([O-])=O)c(Oc3cnc4[nH]ccc4c3)c2)=C(C1)c1ccc(Cl)cc1 |c:57|,Ki,<0.01,nM,339563,,,False
CC1(C)CCC(CN2CCN(CC2)c2ccc(C(=O)NS(=O)(=O)c3ccc(OCC4CCOCC4)c(c3)[N+]([O-])=O)c(Oc3cnc4[nH]ccc4c3)c2)=C(C1)c1ccc(Cl)cc1 |c:57|,Ki,<0.01,nM,339575,,,False
CC1(C)CCC(CN2CCN(CC2)c2ccc(C(=O)NS(=O)(=O)c3ccc(OC[C@H]4COCCO4)c(c3)[N+]([O-])=O)c(Oc3cnc4[nH]ccc4c3)c2)=C(C1)c1ccc(Cl)cc1 |c:57|,Ki,<0.01,nM,339581,,,False
"COC1CCC(CNc2ccc(cc2[N+]([O-])=O)S(=O)(=O)NC(=O)c2ccc(cc2Oc2cnc3[nH]ccc3c2)N2CCN(CC3=C(CC(C)(C)CC3)c3ccc(Cl)cc3)CC2)CC1 |t:48,(-11.38,3.51,;-10.61,2.18,;-9.07,2.18,;-8.3,.84,;-6.76,.84,;-5.99,2.18,;-4.45,2.18,;-3.68,3.51,;-2.14,3.51,;-1.37,2.18,;.17,2.18,;.94,3.51,;.17,4.84,;-1.37,4.84,;-2.14,6.18,;-1.37,7.51,;-3.68,6.18,;2.48,3.51,;2.48,5.05,;4.02,3.51,;2.48,1.97,;3.81,1.2,;5.15,1.97,;3.81,-.34,;5.15,-1.11,;5.15,-2.65,;3.81,-3.42,;2.48,-2.65,;2.48,-1.11,;1.15,-.34,;-.19,-1.11,;-.19,-2.65,;-1.52,-3.42,;-2.85,-2.65,;-4.32,-3.12,;-5.22,-1.88,;-4.32,-.63,;-2.85,-1.11,;-1.52,-.34,;3.81,-4.96,;5.15,-5.73,;5.15,-7.27,;3.81,-8.04,;3.81,-9.58,;5.15,-10.35,;5.15,-11.89,;6.48,-12.66,;7.81,-11.89,;8.63,-13.19,;9.35,-11.94,;7.81,-10.35,;6.48,-9.58,;3.81,-12.66,;3.81,-14.2,;2.48,-14.97,;1.15,-14.2,;-.19,-14.97,;1.15,-12.66,;2.48,-11.89,;2.48,-7.27,;2.48,-5.73,;-6.76,3.51,;-8.3,3.51,)|",Ki,<0.01,nM,339580,,,False
CC1(C)CC(=C(CN2CCN(CC2)c2ccc(C(=O)NS(=O)(=O)c3ccc(OCC4COCCO4)c(c3)[N+]([O-])=O)c(Oc3cnc4[nH]ccc4c3)c2)CO1)c1ccc(Cl)cc1 |t:4|,Ki,<0.01,nM,339583,,,False
CC1(C)CC(=C(CN2CCN(CC2)c2ccc(C(=O)NS(=O)(=O)c3ccc(NCC4COCCO4)c(c3)[N+]([O-])=O)c(Oc3cnc4[nH]ccc4c3)c2)CO1)c1ccc(Cl)cc1 |t:4|,Ki,<0.01,nM,339582,,,False
CC1(C)CCC(CN2CCN(CC2)c2ccc(C(=O)NS(=O)(=O)c3ccc(NCC4COCCO4)c(c3)[N+]([O-])=O)c(Oc3cnc4[nH]ccc4c3)c2)=C(C1)c1ccc(Cl)cc1 |c:57|,Ki,<0.01,nM,339576,,,False
CC1(C)CCC(CN2CCN(CC2)c2ccc(C(=O)NS(=O)(=O)c3ccc(OC[C@@H]4COCCO4)c(c3)[N+]([O-])=O)c(Oc3cnc4[nH]ccc4c3)c2)=C(C1)c1ccc(Cl)cc1 |c:57|,Ki,<0.01,nM,339579,,,False
CC1(C)CCC(CN2CCN(CC2)c2ccc(C(=O)NS(=O)(=O)c3ccc(OCC4(F)CCOCC4)c(c3)[N+]([O-])=O)c(Oc3cnc4[nH]ccc4c3)c2)=C(C1)c1ccc(Cl)cc1 |c:58|,Ki,<0.01,nM,339588,,,False
CC1(C)CCC(CN2CCN(CC2)c2ccc(C(=O)NS(=O)(=O)c3cnc(OCC4CCOCC4)c(Cl)c3)c(Oc3cnc4[nH]ccc4c3)c2)=C(C1)c1ccc(Cl)cc1 |c:55|,Ki,<0.01,nM,339591,,,False
"COC1CCC(CNc2ccc(cc2[N+]([O-])=O)S(=O)(=O)NC(=O)c2ccc(cc2Oc2cnc3[nH]ccc3c2)N2CCN(CC3=C(CC(C)(C)CC3)c3ccc(Cl)cc3)CC2)CC1 |t:48,(-11.38,3.51,;-10.61,2.18,;-9.07,2.18,;-8.3,.84,;-6.76,.84,;-5.99,2.18,;-4.45,2.18,;-3.68,3.51,;-2.14,3.51,;-1.37,2.18,;.17,2.18,;.94,3.51,;.17,4.84,;-1.37,4.84,;-2.14,6.18,;-1.37,7.51,;-3.68,6.18,;2.48,3.51,;2.48,5.05,;4.02,3.51,;2.48,1.97,;3.81,1.2,;5.15,1.97,;3.81,-.34,;5.15,-1.11,;5.15,-2.65,;3.81,-3.42,;2.48,-2.65,;2.48,-1.11,;1.15,-.34,;-.19,-1.11,;-.19,-2.65,;-1.52,-3.42,;-2.85,-2.65,;-4.32,-3.12,;-5.22,-1.88,;-4.32,-.63,;-2.85,-1.11,;-1.52,-.34,;3.81,-4.96,;5.15,-5.73,;5.15,-7.27,;3.81,-8.04,;3.81,-9.58,;5.15,-10.35,;5.15,-11.89,;6.48,-12.66,;7.81,-11.89,;8.63,-13.19,;9.35,-11.94,;7.81,-10.35,;6.48,-9.58,;3.81,-12.66,;3.81,-14.2,;2.48,-14.97,;1.15,-14.2,;-.19,-14.97,;1.15,-12.66,;2.48,-11.89,;2.48,-7.27,;2.48,-5.73,;-6.76,3.51,;-8.3,3.51,)|",Ki, 0.01,nM,339585,,,False
"CC1(C)CC(=C(CN2CCN(CC2)c2ccc(C(=O)NS(=O)(=O)c3ccc(NC4CCC(CC4)N4CCOCC4)c(c3)[N+]([O-])=O)c(Oc3cnc4[nH]ccc4c3)c2)CO1)c1ccc(Cl)cc1 |t:4,(8.32,-14.13,;7.51,-12.83,;9.04,-12.88,;6.17,-13.6,;4.84,-12.83,;4.84,-11.29,;3.5,-10.52,;3.5,-8.98,;4.84,-8.21,;4.84,-6.67,;3.5,-5.9,;2.17,-6.67,;2.17,-8.21,;3.5,-4.36,;4.84,-3.59,;4.84,-2.05,;3.5,-1.28,;3.5,.26,;2.17,1.03,;4.84,1.03,;4.84,2.57,;6.38,2.57,;3.3,2.57,;4.84,4.11,;3.5,4.88,;3.5,6.42,;4.84,7.19,;4.84,8.73,;3.5,9.5,;2.17,8.73,;.84,9.5,;.84,11.04,;2.17,11.81,;3.5,11.04,;-.5,11.81,;-1.83,11.04,;-3.16,11.81,;-3.16,13.35,;-1.83,14.12,;-.5,13.35,;6.17,6.42,;6.17,4.88,;7.51,7.19,;7.51,8.73,;8.84,6.42,;2.17,-2.05,;.84,-1.28,;-.5,-2.05,;-.5,-3.59,;-1.83,-4.36,;-3.16,-3.59,;-4.63,-4.06,;-5.53,-2.82,;-4.63,-1.57,;-3.16,-2.05,;-1.83,-1.28,;2.17,-3.59,;6.17,-10.52,;7.51,-11.29,;3.5,-13.6,;3.5,-15.14,;2.17,-15.91,;.84,-15.14,;-.5,-15.91,;.84,-13.6,;2.17,-12.83,)|",Ki,<0.01,nM,339584,,,False
CC1(C)CC(=C(CN2CCN(CC2)c2ccc(C(=O)NS(=O)(=O)c3cnc(OCC4CCOCC4)c(c3)C#N)c(Oc3cnc4[nH]ccc4c3)c2)CO1)c1ccc(Cl)cc1 |t:4|,Ki,<0.01,nM,339586,,,False
CN1CCC(CC1)Nc1ccc(cc1S(=O)(=O)C(F)(F)F)S(=O)(=O)NC(=O)c1ccc(cc1Oc1cnc2[nH]ccc2c1)N1CCN(CC2=C(CC(C)(C)OC2)c2ccc(Cl)cc2)CC1 |t:53|,Ki,<0.01,nM,339596,,,False
CN1CCC(COc2ccc(cc2[N+]([O-])=O)S(=O)(=O)NC(=O)c2ccc(cc2Oc2cnc3[nH]ccc3c2)N2CCN(CC3=C(CC(C)(C)CC3)c3ccc(Cl)cc3)CC2)CC1 |t:47|,Ki,<0.01,nM,339599,,,False
CN1CCC(COc2ncc(cc2Br)S(=O)(=O)NC(=O)c2ccc(cc2Oc2cnc3[nH]ccc3c2)N2CCN(CC3=C(CC(C)(C)CC3)c3ccc(Cl)cc3)CC2)CC1 |t:45|,Ki,<0.01,nM,339598,,,False
CC1(C)CC(=C(CN2CCN(CC2)c2ccc(C(=O)NS(=O)(=O)c3cnc(OCC4CCOCC4)c(Cl)c3)c(Oc3cnc4[nH]ccc4c3)c2)CO1)c1ccc(Cl)cc1 |t:4|,Ki,<0.01,nM,339592,,,False
"CC1(C)CC(=C(CN2CCN(CC2)c2ccc(C(=O)NS(=O)(=O)c3ccc(NC4CCC(CC4)N4CCOCC4)c(c3)S(=O)(=O)C(F)(F)F)c(Oc3cnc4[nH]ccc4c3)c2)CO1)c1ccc(Cl)cc1 |t:4,(8.65,-14.57,;7.84,-13.26,;9.38,-13.32,;6.5,-14.03,;5.17,-13.26,;5.17,-11.72,;3.84,-10.95,;3.84,-9.41,;5.17,-8.64,;5.17,-7.1,;3.84,-6.33,;2.5,-7.1,;2.5,-8.64,;3.84,-4.79,;5.17,-4.02,;5.17,-2.48,;3.84,-1.71,;3.84,-.17,;2.5,.6,;5.17,.6,;5.17,2.14,;6.71,2.14,;3.63,2.14,;5.17,3.68,;3.84,4.45,;3.84,5.99,;5.17,6.76,;5.17,8.3,;3.84,9.07,;2.5,8.3,;1.17,9.07,;1.17,10.61,;2.5,11.38,;3.84,10.61,;-.16,11.38,;-1.5,10.61,;-2.83,11.38,;-2.83,12.92,;-1.5,13.69,;-.16,12.92,;6.5,5.99,;6.5,4.45,;7.84,6.76,;7.07,8.09,;9.17,7.53,;8.61,5.42,;9.94,6.19,;7.27,4.65,;9.38,4.09,;2.5,-2.48,;1.17,-1.71,;-.16,-2.48,;-.16,-4.02,;-1.5,-4.79,;-2.83,-4.02,;-4.3,-4.5,;-5.2,-3.25,;-4.3,-2.01,;-2.83,-2.48,;-1.5,-1.71,;2.5,-4.02,;6.5,-10.95,;7.84,-11.72,;3.84,-14.03,;3.84,-15.57,;2.5,-16.34,;1.17,-15.57,;-.16,-16.34,;1.17,-14.03,;2.5,-13.26,)|",Ki,<0.01,nM,339595,,,False
CC(=O)N1CCC(CC1)Nc1ccc(cc1[N+]([O-])=O)S(=O)(=O)NC(=O)c1ccc(cc1Oc1cnc2[nH]ccc2c1)N1CCN(CC2=C(CC(C)(C)CC2)c2ccc(Cl)cc2)CC1 |t:51|,Ki,<0.01,nM,339604,,,False
CC1(C)CCC(CN2CCN(CC2)c2ccc(C(=O)NS(=O)(=O)c3ccc(NCCCN4CCOCC4)c(c3)[N+]([O-])=O)c(Oc3cnc4[nH]ccc4c3)c2)=C(C1)c1ccc(Cl)cc1 |c:59|,Ki,<0.01,nM,339606,,,False
CC1(C)CCC(CN2CCN(CC2)c2ccc(C(=O)NS(=O)(=O)c3ccc(OCC4CCOC(C)(C)C4)c(c3)[N+]([O-])=O)c(Oc3cnc4[nH]ccc4c3)c2)=C(C1)c1ccc(Cl)cc1 |c:59|,Ki,<0.01,nM,339602,,,False
CC1(C)CCC(CN2CCN(CC2)c2ccc(C(=O)NS(=O)(=O)c3ccc(NCCC#N)c(c3)[N+]([O-])=O)c(Oc3cnc4[nH]ccc4c3)c2)=C(C1)c1ccc(Cl)cc1 |c:53|,Ki,<0.01,nM,339613,,,False
"CC1(C)CCC(CN2CCN(CC2)c2ccc(C(=O)NS(=O)(=O)c3ccc(NC4CCC(CC4)N(CC4CC4)CC4CC4)c(c3)[N+]([O-])=O)c(Oc3cnc4[nH]ccc4c3)c2)=C(C1)c1ccc(Cl)cc1 |c:67,(-4.12,-7.33,;-3.3,-6.03,;-4.84,-6.08,;-3.3,-4.49,;-1.97,-3.72,;-.63,-4.49,;.7,-3.72,;.7,-2.18,;2.03,-1.41,;2.03,.13,;.7,.9,;-.63,.13,;-.63,-1.41,;.7,2.44,;2.03,3.21,;2.03,4.75,;.7,5.52,;.7,7.06,;2.03,7.83,;-.63,7.83,;-.63,9.37,;-2.17,9.37,;.91,9.37,;-.63,10.91,;-1.97,11.68,;-1.97,13.22,;-.63,13.99,;-.63,15.53,;-1.97,16.3,;-3.3,15.53,;-4.63,16.3,;-4.63,17.84,;-3.3,18.61,;-1.97,17.84,;-5.97,18.61,;-7.3,17.84,;-8.64,18.61,;-10.18,18.61,;-9.41,19.95,;-5.97,20.15,;-4.63,20.92,;-3.86,22.26,;-3.09,20.92,;.7,13.22,;.7,11.68,;2.03,13.99,;3.37,13.22,;2.03,15.53,;-.63,4.75,;-1.97,5.52,;-3.3,4.75,;-3.3,3.21,;-4.63,2.44,;-5.97,3.21,;-7.43,2.74,;-8.34,3.98,;-7.43,5.23,;-5.97,4.75,;-4.63,5.52,;-.63,3.21,;-.63,-6.03,;-1.97,-6.8,;.7,-6.8,;2.03,-6.03,;3.37,-6.8,;3.37,-8.34,;4.7,-9.11,;2.03,-9.11,;.7,-8.34,)|",Ki,<0.01,nM,339615,,,False
"CC1(C)CC(=C(CN2CCN(CC2)c2ccc(C(=O)NS(=O)(=O)c3ccc(NC4CCC(CC4)N4CCOCC4)c(c3)[N+]([O-])=O)c(Oc3cnc4[nH]ccc4c3)c2)CO1)c1ccc(Cl)cc1 |t:4,(8.32,-14.13,;7.51,-12.83,;9.04,-12.88,;6.17,-13.6,;4.84,-12.83,;4.84,-11.29,;3.5,-10.52,;3.5,-8.98,;4.84,-8.21,;4.84,-6.67,;3.5,-5.9,;2.17,-6.67,;2.17,-8.21,;3.5,-4.36,;4.84,-3.59,;4.84,-2.05,;3.5,-1.28,;3.5,.26,;2.17,1.03,;4.84,1.03,;4.84,2.57,;6.38,2.57,;3.3,2.57,;4.84,4.11,;3.5,4.88,;3.5,6.42,;4.84,7.19,;4.84,8.73,;3.5,9.5,;2.17,8.73,;.84,9.5,;.84,11.04,;2.17,11.81,;3.5,11.04,;-.5,11.81,;-1.83,11.04,;-3.16,11.81,;-3.16,13.35,;-1.83,14.12,;-.5,13.35,;6.17,6.42,;6.17,4.88,;7.51,7.19,;7.51,8.73,;8.84,6.42,;2.17,-2.05,;.84,-1.28,;-.5,-2.05,;-.5,-3.59,;-1.83,-4.36,;-3.16,-3.59,;-4.63,-4.06,;-5.53,-2.82,;-4.63,-1.57,;-3.16,-2.05,;-1.83,-1.28,;2.17,-3.59,;6.17,-10.52,;7.51,-11.29,;3.5,-13.6,;3.5,-15.14,;2.17,-15.91,;.84,-15.14,;-.5,-15.91,;.84,-13.6,;2.17,-12.83,)|",Ki,<0.01,nM,339614,,,False
COCCOCCS(=O)(=O)c1ccc(cc1Cl)S(=O)(=O)NC(=O)c1ccc(cc1Oc1cnc2[nH]ccc2c1)N1CCN(CC2=C(CC(C)(C)CC2)c2ccc(Cl)cc2)CC1 |t:48|,Ki,<0.01,nM,339609,,,False
"CC1(C)CCC(CN2CCN(CC2)c2ccc(C(=O)NS(=O)(=O)c3ccc(OC4CCC(CC4)N4CCOCC4)c(c3)[N+]([O-])=O)c(Oc3cnc4[nH]ccc4c3)c2)=C(C1)c1ccc(Cl)cc1 |c:63,(8.32,-14.13,;7.51,-12.83,;9.04,-12.88,;7.51,-11.29,;6.17,-10.52,;4.84,-11.29,;3.5,-10.52,;3.5,-8.98,;4.84,-8.21,;4.84,-6.67,;3.5,-5.9,;2.17,-6.67,;2.17,-8.21,;3.5,-4.36,;4.84,-3.59,;4.84,-2.05,;3.5,-1.28,;3.5,.26,;2.17,1.03,;4.84,1.03,;4.84,2.57,;6.38,2.57,;3.3,2.57,;4.84,4.11,;3.5,4.88,;3.5,6.42,;4.84,7.19,;4.84,8.73,;3.5,9.5,;2.17,8.73,;.84,9.5,;.84,11.04,;2.17,11.81,;3.5,11.04,;-.5,11.81,;-1.83,11.04,;-3.16,11.81,;-3.16,13.35,;-1.83,14.12,;-.5,13.35,;6.17,6.42,;6.17,4.88,;7.51,7.19,;7.51,8.73,;8.84,6.42,;2.17,-2.05,;.84,-1.28,;-.5,-2.05,;-.5,-3.59,;-1.83,-4.36,;-3.16,-3.59,;-4.63,-4.06,;-5.53,-2.82,;-4.63,-1.57,;-3.16,-2.05,;-1.83,-1.28,;2.17,-3.59,;4.84,-12.83,;6.17,-13.6,;3.5,-13.6,;3.5,-15.14,;2.17,-15.91,;.84,-15.14,;-.5,-15.91,;.84,-13.6,;2.17,-12.83,)|",Ki,<0.01,nM,339611,,,False
"COC1CCC(CNc2ccc(cc2[N+]([O-])=O)S(=O)(=O)NC(=O)c2ccc(cc2Oc2cnc3[nH]ccc3c2)N2CCN(CC3=C(CC(C)(C)OC3)c3ccc(Cl)cc3)CC2)CC1 |t:48,(-11.38,3.51,;-10.61,2.18,;-9.07,2.18,;-8.3,.84,;-6.76,.84,;-5.99,2.18,;-4.45,2.18,;-3.68,3.51,;-2.14,3.51,;-1.37,2.18,;.17,2.18,;.94,3.51,;.17,4.84,;-1.37,4.84,;-2.14,6.18,;-1.37,7.51,;-3.68,6.18,;2.48,3.51,;2.48,5.05,;4.02,3.51,;2.48,1.97,;3.81,1.2,;5.15,1.97,;3.81,-.34,;5.15,-1.11,;5.15,-2.65,;3.81,-3.42,;2.48,-2.65,;2.48,-1.11,;1.15,-.34,;-.19,-1.11,;-.19,-2.65,;-1.52,-3.42,;-2.85,-2.65,;-4.32,-3.12,;-5.22,-1.88,;-4.32,-.63,;-2.85,-1.11,;-1.52,-.34,;3.81,-4.96,;5.15,-5.73,;5.15,-7.27,;3.81,-8.04,;3.81,-9.58,;5.15,-10.35,;5.15,-11.89,;6.48,-12.66,;7.81,-11.89,;8.63,-13.19,;9.35,-11.94,;7.81,-10.35,;6.48,-9.58,;3.81,-12.66,;3.81,-14.2,;2.48,-14.97,;1.15,-14.2,;-.19,-14.97,;1.15,-12.66,;2.48,-11.89,;2.48,-7.27,;2.48,-5.73,;-6.76,3.51,;-8.3,3.51,)|",Ki,<0.01,nM,339623,,,False
"[O-][N+](=O)c1cc(ccc1NC1CCC(CC1)N1CCOCC1)S(=O)(=O)NC(=O)c1ccc(cc1Oc1cnc2[nH]ccc2c1)N1CCN(CC2=C(CCC3(CCCC3)C2)c2ccc(Cl)cc2)CC1 |t:55,(5.74,8.89,;4.2,8.89,;3.43,10.22,;3.43,7.55,;4.2,6.22,;3.43,4.89,;1.89,4.89,;1.12,6.22,;1.89,7.55,;1.12,8.89,;-.42,8.89,;-1.19,7.55,;-2.73,7.55,;-3.5,8.89,;-2.73,10.22,;-1.19,10.22,;-5.04,8.89,;-5.81,7.55,;-7.35,7.55,;-8.12,8.89,;-7.35,10.22,;-5.81,10.22,;4.2,3.55,;2.87,2.78,;5.53,4.32,;4.97,2.22,;4.2,.89,;2.66,.89,;4.97,-.45,;4.2,-1.78,;4.97,-3.12,;6.51,-3.12,;7.28,-1.78,;6.51,-.45,;7.28,.89,;8.82,.89,;9.59,2.22,;11.13,2.22,;11.9,.89,;13.41,.57,;13.57,-.97,;12.16,-1.59,;11.13,-.45,;9.59,-.45,;7.28,-4.45,;8.82,-4.45,;9.59,-5.78,;8.82,-7.12,;9.59,-8.45,;8.82,-9.78,;9.59,-11.12,;8.82,-12.45,;7.28,-12.45,;6.51,-11.12,;5.6,-12.36,;4.14,-11.89,;4.14,-10.35,;5.6,-9.87,;7.28,-9.78,;11.13,-11.12,;11.9,-9.78,;13.44,-9.78,;14.21,-11.12,;15.75,-11.12,;13.44,-12.45,;11.9,-12.45,;7.28,-7.12,;6.51,-5.78,)|",Ki, 0.01,nM,339622,,,False
CC1(C)CCC(CN2CCN(CC2)c2ccc(C(=O)NS(=O)(=O)c3ccc(NCC4COCCN4)c(c3)[N+]([O-])=O)c(Oc3cnc4[nH]ccc4c3)c2)=C(C1)c1ccc(Cl)cc1 |c:57|,Ki,<0.01,nM,339617,,,False
CN1CCC(CNc2ccc(cc2[N+]([O-])=O)S(=O)(=O)NC(=O)c2ccc(cc2Oc2cnc3[nH]ccc3c2)N2CCN(CC3=C(CC(C)(C)CC3)c3ccc(Cl)cc3)CC2)CC1 |t:47|,Ki,<0.01,nM,339616,,,False
CN1CCN(CC1)Nc1ccc(cc1[N+]([O-])=O)S(=O)(=O)NC(=O)c1ccc(cc1Oc1cnc2[nH]ccc2c1)N1CCN(CC2=C(CC(C)(C)OC2)c2ccc(Cl)cc2)CC1 |t:49|,Ki,<0.01,nM,339618,,,False
CC1(C)CCC(CN2CCN(CC2)c2ccc(C(=O)NS(=O)(=O)c3ccc(OCC4COCCN4)c(c3)[N+]([O-])=O)c(Oc3cnc4[nH]ccc4c3)c2)=C(C1)c1ccc(Cl)cc1 |c:57|,Ki,<0.01,nM,339629,,,False
CC1(C)CCC(CN2CCN(CC2)c2ccc(C(=O)NS(=O)(=O)c3ccc(NC4CCN(CC4)S(C)(=O)=O)c(c3)[N+]([O-])=O)c(Oc3cnc4[nH]ccc4c3)c2)=C(C1)c1ccc(Cl)cc1 |c:60|,Ki,<0.01,nM,339631,,,False
[O-][N+](=O)c1cc(ccc1NCC1CCOCC1)S(=O)(=O)NC(=O)c1ccc(cc1Oc1cnc2[nH]ccc2c1)N1CCN(CC2=C(CCC3(CCCC3)C2)c2ccc(Cl)cc2)CC1 |t:49|,Ki,<0.01,nM,339630,,,False
[O-][N+](=O)c1cc(ccc1OCC1(F)CCOCC1)S(=O)(=O)NC(=O)c1ccc(cc1Oc1cnc2[nH]ccc2c1)N1CCN(CC2=C(CCC3(CCCC3)C2)c2ccc(Cl)cc2)CC1 |t:50|,Ki,<0.01,nM,339624,,,False
CC1(C)CCC(=C(CN2CCN(CC2)c2ccc(C(=O)NS(=O)(=O)c3ccc(NCC4CCOCC4)c(c3)[N+]([O-])=O)c(Oc3cnc4[nH]ccc4c3)c2)C1)c1ccc(Cl)cc1 |t:5|,Ki,<0.01,nM,339626,,,False
CC1(C)CCC(CN2CCN(CC2)c2ccc(C(=O)NS(=O)(=O)c3ccc(NC4CCN(CC4)C4CC4)c(c3)[N+]([O-])=O)c(Oc3cnc4[nH]ccc4c3)c2)=C(C1)c1ccc(Cl)cc1 |c:60|,Ki,<0.01,nM,339647,,,False
CCN1CCOCC1COc1ccc(cc1[N+]([O-])=O)S(=O)(=O)NC(=O)c1ccc(cc1Oc1cnc2[nH]ccc2c1)N1CCN(CC2=C(CC(C)(C)CC2)c2ccc(Cl)cc2)CC1 |t:51|,Ki,<0.01,nM,339652,,,False
CC1(C)CCC(CN2CCN(CC2)c2ccc(C(=O)NS(=O)(=O)c3ccc(N[C@H]4CCCN(C4)C4CCOCC4)c(c3)[N+]([O-])=O)c(Oc3cnc4[nH]ccc4c3)c2)=C(C1)c1ccc(Cl)cc1 |c:63|,Ki,<0.01,nM,339654,,,False
"CC1(C)CCC(CN2CCN(CC2)c2ccc(C(=O)NS(=O)(=O)c3ccc(NC4CCC(CC4)N(C4CC4)C4CC4)c(c3)[N+]([O-])=O)c(Oc3cnc4[nH]ccc4c3)c2)=C(C1)c1ccc(Cl)cc1 |c:65,(4.56,-9.33,;3.74,-8.02,;5.28,-8.07,;3.74,-6.48,;2.41,-5.71,;1.07,-6.48,;-.26,-5.71,;-.26,-4.17,;1.07,-3.4,;1.07,-1.86,;-.26,-1.09,;-1.59,-1.86,;-1.59,-3.4,;-.26,.45,;1.07,1.22,;1.07,2.76,;-.26,3.53,;-.26,5.07,;-1.59,5.84,;1.07,5.84,;1.07,7.38,;2.61,7.38,;-.47,7.38,;1.07,8.92,;-.26,9.69,;-.26,11.23,;1.07,12,;1.07,13.54,;-.26,14.31,;-1.59,13.54,;-2.93,14.31,;-2.93,15.85,;-1.59,16.62,;-.26,15.85,;-4.26,16.62,;-4.26,18.16,;-5.03,19.49,;-3.49,19.49,;-5.6,15.85,;-6.37,14.52,;-7.14,15.85,;2.41,11.23,;2.41,9.69,;3.74,12,;3.74,13.54,;5.07,11.23,;-1.59,2.76,;-2.93,3.53,;-4.26,2.76,;-4.26,1.22,;-5.6,.45,;-6.93,1.22,;-8.39,.74,;-9.3,1.99,;-8.39,3.24,;-6.93,2.76,;-5.6,3.53,;-1.59,1.22,;1.07,-8.02,;2.41,-8.79,;-.26,-8.79,;-.26,-10.33,;-1.59,-11.1,;-2.93,-10.33,;-4.26,-11.1,;-2.93,-8.79,;-1.59,-8.02,)|",Ki,<0.01,nM,339649,,,False
CC1(C)CCC(CN2CCN(CC2)c2ccc(C(=O)NS(=O)(=O)c3ccc(N[C@@H]4CC[C@@H](C4)N4CCOCC4)c(c3)[N+]([O-])=O)c(Oc3cnc4[nH]ccc4c3)c2)=C(C1)c1ccc(Cl)cc1 |c:62|,Ki,<0.01,nM,339661,,,False
CC1(C)CCC(CN2CCN(CC2)c2ccc(C(=O)NS(=O)(=O)c3ccc(N[C@H]4CC[C@H](C4)N4CCOCC4)c(c3)[N+]([O-])=O)c(Oc3cnc4[nH]ccc4c3)c2)=C(C1)c1ccc(Cl)cc1 |c:62|,Ki,<0.01,nM,339660,,,False
CC1(C)CCC(CN2CCN(CC2)c2ccc(C(=O)NS(=O)(=O)c3ccc(NCC4CCOC4)c(c3)[N+]([O-])=O)c(Oc3cnc4[nH]ccc4c3)c2)=C(C1)c1ccc(Cl)cc1 |c:56|,Ki,<0.01,nM,339663,,,False
CC1(C)CCC(CN2CCN(CC2)c2ccc(C(=O)NS(=O)(=O)c3ccc(NCC4CNCCO4)c(c3)[N+]([O-])=O)c(Oc3cnc4[nH]ccc4c3)c2)=C(C1)c1ccc(Cl)cc1 |c:57|,Ki,<0.01,nM,339662,,,False
CC1(C)CCC(CN2CCN(CC2)c2ccc(C(=O)NS(=O)(=O)c3ccc(NCC4(N)CCOCC4)c(c3)[N+]([O-])=O)c(Oc3cnc4[nH]ccc4c3)c2)=C(C1)c1ccc(Cl)cc1 |c:58|,Ki,<0.01,nM,339657,,,False
"CC1(C)CCC(CN2CCN(CC2)c2ccc(C(=O)NS(=O)(=O)c3ccc(OC[C@H]4CC[C@H](O)CC4)c(c3)[N+]([O-])=O)c(Oc3cnc4[nH]ccc4c3)c2)=C(C1)c1ccc(Cl)cc1 |wU:29.29,wD:32.33,c:58,(7.36,-9.37,;6.55,-8.07,;8.09,-8.12,;6.55,-6.53,;5.21,-5.76,;3.88,-6.53,;2.55,-5.76,;2.55,-4.22,;3.88,-3.45,;3.88,-1.91,;2.55,-1.14,;1.21,-1.91,;1.21,-3.45,;2.55,.4,;3.88,1.17,;3.88,2.71,;2.55,3.48,;2.55,5.02,;3.88,5.79,;1.21,5.79,;1.21,7.33,;1.21,8.87,;2.75,7.33,;-.33,7.33,;-1.1,6,;-2.64,6,;-3.41,7.33,;-4.95,7.33,;-5.72,6,;-7.26,6,;-8.03,4.67,;-9.57,4.67,;-10.34,6,;-11.88,6,;-9.57,7.33,;-8.03,7.33,;-2.64,8.67,;-1.1,8.67,;-3.41,10,;-2.64,11.34,;-4.95,10,;1.21,2.71,;-.12,3.48,;-1.46,2.71,;-1.46,1.17,;-2.79,.4,;-4.12,1.17,;-5.59,.7,;-6.49,1.94,;-5.59,3.19,;-4.12,2.71,;-2.79,3.48,;1.21,1.17,;3.88,-8.07,;5.21,-8.84,;2.55,-8.84,;2.55,-10.38,;1.21,-11.15,;-.12,-10.38,;-1.46,-11.15,;-.12,-8.84,;1.21,-8.07,)|",Ki,<0.01,nM,339669,,,False
CC1(C)CCC(=C(CN2CCN(CC2)c2ccc(C(=O)NS(=O)(=O)c3ccc(OCC4(F)CCOCC4)c(c3)[N+]([O-])=O)c(Oc3cnc4[nH]ccc4c3)c2)C1)c1ccc(Cl)cc1 |t:5|,Ki,<0.01,nM,339668,,,False
"CC1(C)CCC(CN2CCN(CC2)c2ccc(C(=O)NS(=O)(=O)c3ccc(NC4CCC(CC4)NC4CC4)c(c3)[N+]([O-])=O)c(Oc3cnc4[nH]ccc4c3)c2)=C(C1)c1ccc(Cl)cc1 |c:61,(4,-9.01,;3.18,-7.71,;4.72,-7.76,;3.18,-6.17,;1.85,-5.4,;.51,-6.17,;-.82,-5.4,;-.82,-3.86,;.51,-3.09,;.51,-1.55,;-.82,-.78,;-2.15,-1.55,;-2.15,-3.09,;-.82,.76,;.51,1.53,;.51,3.07,;-.82,3.84,;-.82,5.38,;-2.15,6.15,;.51,6.15,;.51,7.69,;2.05,7.69,;-1.03,7.69,;.51,9.23,;-.82,10,;-.82,11.54,;.51,12.31,;.51,13.85,;-.82,14.62,;-2.15,13.85,;-3.49,14.62,;-3.49,16.16,;-2.15,16.93,;-.82,16.16,;-4.82,16.93,;-4.82,18.47,;-5.59,19.81,;-4.05,19.81,;1.85,11.54,;1.85,10,;3.18,12.31,;3.18,13.85,;4.52,11.54,;-2.15,3.07,;-3.49,3.84,;-4.82,3.07,;-4.82,1.53,;-6.15,.76,;-7.49,1.53,;-8.95,1.06,;-9.86,2.3,;-8.95,3.55,;-7.49,3.07,;-6.15,3.84,;-2.15,1.53,;.51,-7.71,;1.85,-8.48,;-.82,-8.48,;-.82,-10.02,;-2.15,-10.79,;-3.49,-10.02,;-4.82,-10.79,;-3.49,-8.48,;-2.15,-7.71,)|",Ki,<0.01,nM,339671,,,False
"CO[C@@H]1CC[C@H](COc2ccc(cc2[N+]([O-])=O)S(=O)(=O)NC(=O)c2ccc(cc2Oc2cnc3[nH]ccc3c2)N2CCN(CC3=C(CC(C)(C)CC3)c3ccc(Cl)cc3)CC2)CC1 |wU:2.1,5.5,t:48,(-12.33,7.22,;-11.56,5.88,;-10.02,5.88,;-9.25,4.55,;-7.71,4.55,;-6.94,5.88,;-5.4,5.88,;-4.63,7.22,;-3.09,7.22,;-2.32,5.88,;-.78,5.88,;-.01,7.22,;-.78,8.55,;-2.32,8.55,;-3.09,9.88,;-2.32,11.22,;-4.63,9.88,;1.53,7.22,;1.53,8.76,;3.07,7.22,;1.53,5.68,;2.86,4.91,;4.19,5.68,;2.86,3.37,;4.19,2.6,;4.19,1.06,;2.86,.29,;1.53,1.06,;1.53,2.6,;.19,3.37,;-1.14,2.6,;-1.14,1.06,;-2.48,.29,;-3.81,1.06,;-5.27,.58,;-6.18,1.83,;-5.27,3.07,;-3.81,2.6,;-2.48,3.37,;2.86,-1.25,;4.19,-2.02,;4.19,-3.56,;2.86,-4.33,;2.86,-5.87,;4.19,-6.64,;4.19,-8.18,;5.53,-8.95,;6.86,-8.18,;7.68,-9.49,;8.4,-8.24,;6.86,-6.64,;5.53,-5.87,;2.86,-8.95,;2.86,-10.49,;1.53,-11.26,;.19,-10.49,;-1.14,-11.26,;.19,-8.95,;1.53,-8.18,;1.53,-3.56,;1.53,-2.02,;-7.71,7.22,;-9.25,7.22,)|",Ki,<0.01,nM,339670,,,False
CC1(C)CCC(CN2CCN(CC2)c2ccc(C(=O)NS(=O)(=O)c3ccc(NC4CN(C4)C4CCOCC4)c(c3)[N+]([O-])=O)c(Oc3cnc4[nH]ccc4c3)c2)=C(C1)c1ccc(Cl)cc1 |c:61|,Ki,<0.01,nM,339665,,,False
CC1(C)CCC(CN2CCN(CC2)c2ccc(C(=O)NS(=O)(=O)c3ccc(NC4CCN(CC4)[C@H]4CCOC[C@H]4F)c(c3)[N+]([O-])=O)c(Oc3cnc4[nH]ccc4c3)c2)=C(C1)c1ccc(Cl)cc1 |c:64|,Ki,<0.01,nM,339664,,,False
CC1(C)CCC(CN2CCN(CC2)c2ccc(C(=O)NS(=O)(=O)c3ccc(NC[C@H]4CCN(C4)C4CCOCC4)c(c3)[N+]([O-])=O)c(Oc3cnc4[nH]ccc4c3)c2)=C(C1)c1ccc(Cl)cc1 |c:63|,Ki,<0.01,nM,339667,,,False
CC1(C)CCC(CN2CCN(CC2)c2ccc(C(=O)NS(=O)(=O)c3ccc(NC4CN(C4)C4CCOC4)c(c3)[N+]([O-])=O)c(Oc3cnc4[nH]ccc4c3)c2)=C(C1)c1ccc(Cl)cc1 |c:60|,Ki,<0.01,nM,339666,,,False
"CC1(C)CCC(CN2CCN(CC2)c2ccc(C(=O)NS(=O)(=O)c3ccc(NC4CCC(CC4)N4CCN(CC4)C4CCOCC4)c(c3)[N+]([O-])=O)c(Oc3cnc4[nH]ccc4c3)c2)=C(C1)c1ccc(Cl)cc1 |c:70,(3.64,-9.31,;2.82,-8,;4.36,-8.06,;2.82,-6.46,;1.49,-5.69,;.16,-6.46,;-1.18,-5.69,;-1.18,-4.15,;.16,-3.38,;.16,-1.84,;-1.18,-1.07,;-2.51,-1.84,;-2.51,-3.38,;-1.18,.47,;.16,1.24,;.16,2.78,;-1.18,3.55,;-1.18,5.09,;-2.51,5.86,;.16,5.86,;.16,7.4,;1.7,7.4,;-1.38,7.4,;.16,8.94,;-1.18,9.71,;-1.18,11.25,;.16,12.02,;.16,13.56,;-1.18,14.33,;-2.51,13.56,;-3.85,14.33,;-3.85,15.87,;-2.51,16.64,;-1.18,15.87,;-5.18,16.64,;-6.51,15.87,;-7.85,16.64,;-7.85,18.18,;-6.51,18.95,;-5.18,18.18,;-9.18,18.95,;-9.18,20.49,;-10.51,21.26,;-11.85,20.49,;-11.85,18.95,;-10.51,18.18,;1.49,11.25,;1.49,9.71,;2.82,12.02,;4.16,11.25,;2.82,13.56,;-2.51,2.78,;-3.85,3.55,;-5.18,2.78,;-5.18,1.24,;-6.51,.47,;-7.85,1.24,;-9.31,.76,;-10.22,2.01,;-9.31,3.25,;-7.85,2.78,;-6.51,3.55,;-2.51,1.24,;.16,-8,;1.49,-8.77,;-1.18,-8.77,;-1.18,-10.31,;-2.51,-11.08,;-3.85,-10.31,;-5.18,-11.08,;-3.85,-8.77,;-2.51,-8,)|",Ki,<0.01,nM,339677,,,False
CC1(C)CCC(CN2CCN(CC2)c2ccc(C(=O)NS(=O)(=O)c3ccc(OCC4(F)CCNCC4)c(c3)[N+]([O-])=O)c(Oc3cnc4[nH]ccc4c3)c2)=C(C1)c1ccc(Cl)cc1 |c:58|,Ki,<0.01,nM,339676,,,False
CC1(C)CCC(CN2CCN(CC2)c2ccc(C(=O)NS(=O)(=O)c3ccc(N[C@@H]4CCN(C4)C4CCOCC4)c(c3)[N+]([O-])=O)c(Oc3cnc4[nH]ccc4c3)c2)=C(C1)c1ccc(Cl)cc1 |c:62|,Ki,<0.01,nM,339679,,,False
"CC1(C)CCC(CN2CCN(CC2)c2ccc(C(=O)NS(=O)(=O)c3cnc(OC4CCC(CC4)N4CCOCC4)c(Br)c3)c(Oc3cnc4[nH]ccc4c3)c2)=C(C1)c1ccc(Cl)cc1 |c:61,(-2.11,-7.09,;-1.29,-5.78,;-2.83,-5.83,;-1.29,-4.24,;.04,-3.47,;1.37,-4.24,;2.71,-3.47,;2.71,-1.93,;4.04,-1.16,;4.04,.38,;2.71,1.15,;1.37,.38,;1.37,-1.16,;2.71,2.69,;4.04,3.46,;4.04,5,;2.71,5.77,;2.71,7.31,;1.37,8.08,;4.04,8.08,;5.38,7.31,;6.15,8.64,;4.61,5.98,;6.71,6.54,;6.71,5,;8.04,4.23,;9.38,5,;10.71,4.23,;10.71,2.69,;12.04,1.92,;12.04,.38,;10.71,-.39,;9.38,.38,;9.38,1.92,;10.71,-1.93,;12.04,-2.7,;12.04,-4.24,;10.71,-5.01,;9.38,-4.24,;9.38,-2.7,;9.38,6.54,;10.71,7.31,;8.04,7.31,;1.37,5,;.04,5.77,;-1.29,5,;-1.29,3.46,;-2.63,2.69,;-3.96,3.46,;-5.43,2.98,;-6.33,4.23,;-5.43,5.48,;-3.96,5,;-2.63,5.77,;1.37,3.46,;1.37,-5.78,;.04,-6.55,;2.71,-6.55,;4.04,-5.78,;5.38,-6.55,;5.38,-8.09,;6.71,-8.86,;4.04,-8.86,;2.71,-8.09,)|",Ki,<0.01,nM,339673,,,False
"CC1(C)CCC(CN2CCN(CC2)c2ccc(C(=O)NS(=O)(=O)c3ccc(NC4CCC(CC4)NC4CCOCC4)c(c3)[N+]([O-])=O)c(Oc3cnc4[nH]ccc4c3)c2)=C(C1)c1ccc(Cl)cc1 |c:64,(6.86,-10.36,;6.04,-9.05,;7.58,-9.1,;6.04,-7.51,;4.71,-6.74,;3.37,-7.51,;2.04,-6.74,;2.04,-5.2,;3.37,-4.43,;3.37,-2.89,;2.04,-2.12,;.7,-2.89,;.7,-4.43,;2.04,-.58,;3.37,.19,;3.37,1.73,;2.04,2.5,;2.04,4.04,;.7,4.81,;3.37,4.81,;3.37,6.35,;4.91,6.35,;1.83,6.35,;3.37,7.89,;2.04,8.66,;2.04,10.2,;3.37,10.97,;3.37,12.51,;2.04,13.28,;.7,12.51,;-.63,13.28,;-.63,14.82,;.7,15.59,;2.04,14.82,;-1.96,15.59,;-1.96,17.13,;-.63,17.9,;-.63,19.44,;-1.96,20.21,;-3.3,19.44,;-3.3,17.9,;4.71,10.2,;4.71,8.66,;6.04,10.97,;6.04,12.51,;7.37,10.2,;.7,1.73,;-.63,2.5,;-1.96,1.73,;-1.96,.19,;-3.3,-.58,;-4.63,.19,;-6.09,-.29,;-7,.96,;-6.09,2.21,;-4.63,1.73,;-3.3,2.5,;.7,.19,;3.37,-9.05,;4.71,-9.82,;2.04,-9.82,;2.04,-11.36,;.7,-12.13,;-.63,-11.36,;-1.96,-12.13,;-.63,-9.82,;.7,-9.05,)|",Ki,<0.01,nM,339672,,,False
CC(C)(C)OC(=O)N1CCC(F)(COc2ccc(cc2[N+]([O-])=O)S(=O)(=O)NC(=O)c2ccc(cc2Oc2cnc3[nH]ccc3c2)N2CCN(CC3=C(CC(C)(C)CC3)c3ccc(Cl)cc3)CC2)CC1 |t:54|,Ki,<0.01,nM,339675,,,False
"COC1CCC(COc2ccc(cc2[N+]([O-])=O)S(=O)(=O)NC(=O)c2ccc(cc2Oc2cnc3[nH]ccc3c2)N2CCN(CC3=C(CC(C)(C)CC3)c3ccc(Cl)cc3)CC2)CC1 |t:48,(-11.38,3.51,;-10.61,2.18,;-9.07,2.18,;-8.3,.84,;-6.76,.84,;-5.99,2.18,;-4.45,2.18,;-3.68,3.51,;-2.14,3.51,;-1.37,2.18,;.17,2.18,;.94,3.51,;.17,4.84,;-1.37,4.84,;-2.14,6.18,;-1.37,7.51,;-3.68,6.18,;2.48,3.51,;2.48,5.05,;4.02,3.51,;2.48,1.97,;3.81,1.2,;5.15,1.97,;3.81,-.34,;5.15,-1.11,;5.15,-2.65,;3.81,-3.42,;2.48,-2.65,;2.48,-1.11,;1.15,-.34,;-.19,-1.11,;-.19,-2.65,;-1.52,-3.42,;-2.85,-2.65,;-4.32,-3.12,;-5.22,-1.88,;-4.32,-.63,;-2.85,-1.11,;-1.52,-.34,;3.81,-4.96,;5.15,-5.73,;5.15,-7.27,;3.81,-8.04,;3.81,-9.58,;5.15,-10.35,;5.15,-11.89,;6.48,-12.66,;7.81,-11.89,;8.63,-13.19,;9.35,-11.94,;7.81,-10.35,;6.48,-9.58,;3.81,-12.66,;3.81,-14.2,;2.48,-14.97,;1.15,-14.2,;-.19,-14.97,;1.15,-12.66,;2.48,-11.89,;2.48,-7.27,;2.48,-5.73,;-6.76,3.51,;-8.3,3.51,)|",Ki,<0.01,nM,339674,,,False
CC(=O)N1CCOC(CNc2ccc(cc2[N+]([O-])=O)S(=O)(=O)NC(=O)c2ccc(cc2Oc2cnc3[nH]ccc3c2)N2CCN(CC3=C(CC(C)(C)CC3)c3ccc(Cl)cc3)CC2)C1 |t:50|,Ki,<0.01,nM,339685,,,False
COCCN1CCOC(CNc2ccc(cc2[N+]([O-])=O)S(=O)(=O)NC(=O)c2ccc(cc2Oc2cnc3[nH]ccc3c2)N2CCN(CC3=C(CC(C)(C)CC3)c3ccc(Cl)cc3)CC2)C1 |t:51|,Ki,<0.01,nM,339684,,,False
CC1(C)CCC(CN2CCN(CC2)c2ccc(C(=O)NS(=O)(=O)c3ccc(NCC4(F)CCOCC4)c(c3)[N+]([O-])=O)c(Oc3cnc4[nH]ccc4c3)c2)=C(C1)c1ccc(Cl)cc1 |c:58|,Ki,<0.01,nM,339687,,,False
CC1(C)CCC(CN2CCN(CC2)c2ccc(C(=O)NS(=O)(=O)c3ccc(OCC4CCN(C4)[C@@H]4CO[C@H]4CF)c(c3)[N+]([O-])=O)c(Oc3cnc4[nH]ccc4c3)c2)=C(C1)c1ccc(Cl)cc1 |c:63|,Ki,<0.01,nM,339686,,,False
CC1(C)CCC(CN2CCN(CC2)c2ccc(C(=O)NS(=O)(=O)c3ccc(N[C@H]4CCN(C4)C4CCOCC4)c(c3)[N+]([O-])=O)c(Oc3cnc4[nH]ccc4c3)c2)=C(C1)c1ccc(Cl)cc1 |c:62|,Ki,<0.01,nM,339681,,,False
CC1(C)CCC(CN2CCN(CC2)c2ccc(C(=O)NS(=O)(=O)c3ccc(N[C@@H]4CCN(C4)C4CCOC(C)(C)C4)c(c3)[N+]([O-])=O)c(Oc3cnc4[nH]ccc4c3)c2)=C(C1)c1ccc(Cl)cc1 |c:64|,Ki,<0.01,nM,339680,,,False
CN1CCOC(CNc2ccc(cc2[N+]([O-])=O)S(=O)(=O)NC(=O)c2ccc(cc2Oc2cnc3[nH]ccc3c2)N2CCN(CC3=C(CC(C)(C)CC3)c3ccc(Cl)cc3)CC2)C1 |t:48|,Ki,<0.01,nM,339683,,,False
CC1(C)CCC(CN2CCN(CC2)c2ccc(C(=O)NS(=O)(=O)c3ccc(N[C@H]4CCN(C4)C4CCOC(C)(C)C4)c(c3)[N+]([O-])=O)c(Oc3cnc4[nH]ccc4c3)c2)=C(C1)c1ccc(Cl)cc1 |c:64|,Ki,<0.01,nM,339682,,,False
CC1(C)CCC(CN2CCN(CC2)c2ccc(C(=O)NS(=O)(=O)c3ccc(N[C@@H]4CCN(C4)C4CC4)c(c3)[N+]([O-])=O)c(Oc3cnc4[nH]ccc4c3)c2)=C(C1)c1ccc(Cl)cc1 |c:59|,Ki,<0.01,nM,339693,,,False
CC1(C)CCC(CN2CCN(CC2)c2ccc(C(=O)NS(=O)(=O)c3ccc(NC4CCN(CC4)C4CCOC4)c(c3)[N+]([O-])=O)c(Oc3cnc4[nH]ccc4c3)c2)=C(C1)c1ccc(Cl)cc1 |c:62|,Ki,<0.01,nM,339692,,,False
CC(C)(CO)CNc1ccc(cc1[N+]([O-])=O)S(=O)(=O)NC(=O)c1ccc(cc1Oc1cnc2[nH]ccc2c1)N1CCN(CC2=C(CC(C)(C)CC2)c2ccc(Cl)cc2)CC1 |t:47|,Ki,<0.01,nM,339695,,,False
CC1(C)CCC(CN2CCN(CC2)c2ccc(C(=O)NS(=O)(=O)c3ccc(NC[C@@H]4CCN(C4)C4CCOCC4)c(c3)[N+]([O-])=O)c(Oc3cnc4[nH]ccc4c3)c2)=C(C1)c1ccc(Cl)cc1 |c:63|,Ki,<0.01,nM,339694,,,False
CC1(C)CCC(CN2CCN(CC2)c2ccc(C(=O)NS(=O)(=O)c3ccc(NC4CCN(CC4)C4CCC4)c(c3)[N+]([O-])=O)c(Oc3cnc4[nH]ccc4c3)c2)=C(C1)c1ccc(Cl)cc1 |c:61|,Ki,<0.01,nM,339689,,,False
CC1(C)CCC(CN2CCN(CC2)c2ccc(C(=O)NS(=O)(=O)c3ccc(NC4CCN(CC4)C4COC4)c(c3)[N+]([O-])=O)c(Oc3cnc4[nH]ccc4c3)c2)=C(C1)c1ccc(Cl)cc1 |c:61|,Ki,<0.01,nM,339688,,,False
CC1(C)CCC(CN2CCN(CC2)c2ccc(C(=O)NS(=O)(=O)c3ccc(NC4CCN(CC4)C4CCOC(C)(C)C4)c(c3)[N+]([O-])=O)c(Oc3cnc4[nH]ccc4c3)c2)=C(C1)c1ccc(Cl)cc1 |c:65|,Ki,<0.01,nM,339690,,,False
CC1(C)CCC(CN2CCN(CC2)c2ccc(C(=O)NS(=O)(=O)c3ccc(NCC4CCN(C4)S(C)(=O)=O)c(c3)[N+]([O-])=O)c(Oc3cnc4[nH]ccc4c3)c2)=C(C1)c1ccc(Cl)cc1 |c:60|,Ki,<0.01,nM,339701,,,False
CC(=O)N1CC[C@H](C1)Nc1ccc(cc1[N+]([O-])=O)S(=O)(=O)NC(=O)c1ccc(cc1Oc1cnc2[nH]ccc2c1)N1CCN(CC2=C(CC(C)(C)CC2)c2ccc(Cl)cc2)CC1 |t:50|,Ki,<0.01,nM,339703,,,False
CC(=O)N1CCC(CNc2ccc(cc2[N+]([O-])=O)S(=O)(=O)NC(=O)c2ccc(cc2Oc2cnc3[nH]ccc3c2)N2CCN(CC3=C(CC(C)(C)CC3)c3ccc(Cl)cc3)CC2)C1 |t:49|,Ki,<0.01,nM,339702,,,False
CC(=O)N1CCCC(CNc2ccc(cc2[N+]([O-])=O)S(=O)(=O)NC(=O)c2ccc(cc2Oc2cnc3[nH]ccc3c2)N2CCN(CC3=C(CC(C)(C)CC3)c3ccc(Cl)cc3)CC2)C1 |t:50|,Ki,<0.01,nM,339697,,,False
CC1(C)CCC(CN2CCN(CC2)c2ccc(C(=O)NS(=O)(=O)c3ccc(NCC4CCCN(C4)S(C)(=O)=O)c(c3)[N+]([O-])=O)c(Oc3cnc4[nH]ccc4c3)c2)=C(C1)c1ccc(Cl)cc1 |c:61|,Ki,<0.01,nM,339696,,,False
CC1(C)CCCC(CN2CCN(CC2)c2ccc(C(=O)NS(=O)(=O)c3ccc(NCC4CCOCC4)c(c3)[N+]([O-])=O)c(Oc3cnc4[nH]ccc4c3)c2)=C1c1ccc(Cl)cc1 |c:58|,Ki,<0.01,nM,339699,,,False
CC1(C)CCC(CN2CCN(CC2)c2ccc(C(=O)NS(=O)(=O)c3ccc(N[C@@H]4CCN(C4)S(C)(=O)=O)c(c3)[N+]([O-])=O)c(Oc3cnc4[nH]ccc4c3)c2)=C(C1)c1ccc(Cl)cc1 |c:59|,Ki,<0.01,nM,339698,,,False
CC1(C)CCC(CN2CCN(CC2)c2ccc(C(=O)NS(=O)(=O)c3ccc(N[C@H]4CCCNC4=O)c(c3)[N+]([O-])=O)c(Oc3cnc4[nH]ccc4c3)c2)=C(C1)c1ccc(Cl)cc1 |c:57|,Ki,<0.01,nM,339709,,,False
CC1(C)CCC(CN2CCN(CC2)c2ccc(C(=O)NS(=O)(=O)c3ccc(NC[C@H]4CC[C@H](O)C4)c(c3)[N+]([O-])=O)c(Oc3cnc4[nH]ccc4c3)c2)=C(C1)c1ccc(Cl)cc1 |c:57|,Ki,<0.01,nM,339708,,,False
CC1(C)CCC(CN2CCN(CC2)c2ccc(C(=O)NS(=O)(=O)c3ccc(NCC4CN(C4)C4COC4)c(c3)[N+]([O-])=O)c(Oc3cnc4[nH]ccc4c3)c2)=C(C1)c1ccc(Cl)cc1 |c:60|,Ki,<0.01,nM,339711,,,False
CC1(C)CCC(CN2CCN(CC2)c2ccc(C(=O)NS(=O)(=O)c3ccc(NCC4CN(C4)C(CF)CF)c(c3)[N+]([O-])=O)c(Oc3cnc4[nH]ccc4c3)c2)=C(C1)c1ccc(Cl)cc1 |c:60|,Ki,<0.01,nM,339710,,,False
CC1(C)CCC(CN2CCN(CC2)c2ccc(C(=O)NS(=O)(=O)c3ccc(NC[C@@H]4CC[C@@H](O)C4)c(c3)[N+]([O-])=O)c(Oc3cnc4[nH]ccc4c3)c2)=C(C1)c1ccc(Cl)cc1 |c:57|,Ki,<0.01,nM,339705,,,False
CC1(C)CCC(CN2CCN(CC2)c2ccc(C(=O)NS(=O)(=O)c3ccc(NC[C@H]4CC[C@H](O)C4)c(c3)[N+]([O-])=O)c(Oc3cnc4[nH]ccc4c3)c2)=C(C1)c1ccc(Cl)cc1 |c:57|,Ki,<0.01,nM,339707,,,False
CC1(C)CCC(CN2CCN(CC2)c2ccc(C(=O)NS(=O)(=O)c3ccc(NC[C@H]4CC[C@H](O)C4)c(c3)[N+]([O-])=O)c(Oc3cnc4[nH]ccc4c3)c2)=C(C1)c1ccc(Cl)cc1 |c:57|,Ki,<0.01,nM,339706,,,False
CC1(C)CCC(CN2CCN(CC2)c2ccc(C(=O)NS(=O)(=O)c3ccc(OCC4CCCN4C4COC4(F)F)c(c3)[N+]([O-])=O)c(Oc3cnc4[nH]ccc4c3)c2)=C(C1)c1ccc(Cl)cc1 |c:63|,Ki,<0.01,nM,339717,,,False
CC1(C)CCC(CN2CCN(CC2)c2ccc(C(=O)NS(=O)(=O)c3ccc(OCC4CCN(CC4)C4COC4F)c(c3)[N+]([O-])=O)c(Oc3cnc4[nH]ccc4c3)c2)=C(C1)c1ccc(Cl)cc1 |c:63|,Ki,<0.01,nM,339716,,,False
CC1(C)CCC(CN2CCN(CC2)c2ccc(C(=O)NS(=O)(=O)c3ccc(NCC4CCN(CC4)C4CC4)c(c3)[N+]([O-])=O)c(Oc3cnc4[nH]ccc4c3)c2)=C(C1)c1ccc(Cl)cc1 |c:61|,Ki,<0.01,nM,339713,,,False
CC1(C)CCC(CN2CCN(CC2)c2ccc(C(=O)NS(=O)(=O)c3ccc(NCC4CCN(CC4)C4COC4)c(c3)[N+]([O-])=O)c(Oc3cnc4[nH]ccc4c3)c2)=C(C1)c1ccc(Cl)cc1 |c:62|,Ki,<0.01,nM,339712,,,False
CC1(C)CCC(CN2CCN(CC2)c2ccc(C(=O)NS(=O)(=O)c3ccc(NCC4CN(CC(F)F)CCO4)c(c3)[N+]([O-])=O)c(Oc3cnc4[nH]ccc4c3)c2)=C(C1)c1ccc(Cl)cc1 |c:61|,Ki,<0.01,nM,339715,,,False
CC1(C)CCC(CN2CCN(CC2)c2ccc(C(=O)NS(=O)(=O)c3ccc(NCC4CN(CCF)CCO4)c(c3)[N+]([O-])=O)c(Oc3cnc4[nH]ccc4c3)c2)=C(C1)c1ccc(Cl)cc1 |c:60|,Ki,<0.01,nM,339714,,,False
CC1(C)CCC(CN2CCN(CC2)c2ccc(C(=O)NS(=O)(=O)c3ccc(NCC4CCN(CC4)C(CF)CF)c(c3)[N+]([O-])=O)c(Oc3cnc4[nH]ccc4c3)c2)=C(C1)c1ccc(Cl)cc1 |c:62|,Ki,<0.01,nM,339721,,,False
CC1(C)CCC(CN2CCN(CC2)c2ccc(C(=O)NS(=O)(=O)c3ccc(NCC4COCCN4C4CCOC4)c(c3)[N+]([O-])=O)c(Oc3cnc4[nH]ccc4c3)c2)=C(C1)c1ccc(Cl)cc1 |c:63|,Ki,<0.01,nM,339720,,,False
COc1ccc(CNc2ccc(cc2[N+]([O-])=O)S(=O)(=O)NC(=O)c2ccc(cc2Oc2cnc3[nH]ccc3c2)N2CCN(CC3=C(CC(C)(C)CC3)c3ccc(Cl)cc3)CC2)cc1 |t:48|,Ki,<0.01,nM,339723,,,False
CC1(C)CCC(CN2CCN(CC2)c2ccc(C(=O)NS(=O)(=O)c3ccc(OCC4(F)CCN(CC4)C4CC4)c(c3)[N+]([O-])=O)c(Oc3cnc4[nH]ccc4c3)c2)=C(C1)c1ccc(Cl)cc1 |c:62|,Ki,<0.01,nM,339722,,,False
CC1(C)CCC(CN2CCN(CC2)c2ccc(C(=O)NS(=O)(=O)c3ccc(OCC4CCN(C4)C4COC4)c(c3)[N+]([O-])=O)c(Oc3cnc4[nH]ccc4c3)c2)=C(C1)c1ccc(Cl)cc1 |c:61|,Ki,<0.01,nM,339732,,,False
CC1(C)CCC(CN2CCN(CC2)c2ccc(C(=O)NS(=O)(=O)c3ccc(N[C@@H]4CCN(CC(F)F)C4)c(c3)[N+]([O-])=O)c(Oc3cnc4[nH]ccc4c3)c2)=C(C1)c1ccc(Cl)cc1 |c:59|,Ki,<0.01,nM,339729,,,False
"CC(=O)NC1CCC(CC1)Nc1ccc(cc1[N+]([O-])=O)S(=O)(=O)NC(=O)c1ccc(cc1Oc1cnc2[nH]ccc2c1)N1CCN(CC2=C(CC(C)(C)CC2)c2ccc(Cl)cc2)CC1 |t:52,(-5.67,9.52,;-5.67,11.06,;-7,11.83,;-4.34,11.83,;-3,11.06,;-3,9.52,;-1.67,8.75,;-.33,9.52,;-.33,11.06,;-1.67,11.83,;1,8.75,;1,7.21,;-.33,6.44,;-.33,4.9,;1,4.13,;2.33,4.9,;2.33,6.44,;3.67,7.21,;5,6.44,;3.67,8.75,;1,2.59,;-.54,2.59,;2.54,2.59,;1,1.05,;2.33,.28,;3.67,1.05,;2.33,-1.26,;3.67,-2.03,;3.67,-3.57,;2.33,-4.34,;1,-3.57,;1,-2.03,;-.33,-1.26,;-1.67,-2.03,;-1.67,-3.57,;-3,-4.34,;-4.34,-3.57,;-5.8,-4.04,;-6.71,-2.8,;-5.8,-1.55,;-4.34,-2.03,;-3,-1.26,;2.33,-5.88,;3.67,-6.65,;3.67,-8.19,;2.33,-8.96,;2.33,-10.5,;1,-11.27,;1,-12.81,;-.33,-13.58,;-1.67,-12.81,;-2.48,-14.11,;-3.21,-12.86,;-1.67,-11.27,;-.33,-10.5,;2.33,-13.58,;3.67,-12.81,;5,-13.58,;5,-15.12,;6.33,-15.89,;3.67,-15.89,;2.33,-15.12,;1,-8.19,;1,-6.65,)|",Ki,<0.01,nM,339728,,,False
CC1(C)CCC(CN2CCN(CC2)c2ccc(C(=O)NS(=O)(=O)c3ccc(NCC4CCOCC4)c(c3)N(=O)=O)c(Oc3cnc4[nH]ccc4c3)c2)=C(C1)c1ccc(Cl)cc1,Ki,<0.010,nM,51350554,,,False
CC1(C)CCC(CN2CCN(CC2)c2ccc(C(=O)NS(=O)(=O)c3ccc(OCC4(F)CCN(CC4)C4CCOC4)c(c3)[N+]([O-])=O)c(Oc3cnc4[nH]ccc4c3)c2)=C(C1)c1ccc(Cl)cc1 |c:64|,Ki,<0.01,nM,339741,,,False
CC1(C)CCC(CN2CCN(CC2)c2ccc(C(=O)NS(=O)(=O)c3ccc(OCC4(F)CCN(CC4)C4CCOCC4)c(c3)[N+]([O-])=O)c(Oc3cnc4[nH]ccc4c3)c2)=C(C1)c1ccc(Cl)cc1 |c:65|,Ki,<0.01,nM,339740,,,False
CC1(C)CCC(CN2CCN(CC2)c2ccc(C(=O)NS(=O)(=O)c3ccc(NCC4CCN(C4)C4COC4)c(c3)[N+]([O-])=O)c(Oc3cnc4[nH]ccc4c3)c2)=C(C1)c1ccc(Cl)cc1 |c:61|,Ki,<0.01,nM,339743,,,False
CC1(C)CCC(CN2CCN(CC2)c2ccc(C(=O)NS(=O)(=O)c3ccc(OCC4(F)CCN(CC4)S(C)(=O)=O)c(c3)[N+]([O-])=O)c(Oc3cnc4[nH]ccc4c3)c2)=C(C1)c1ccc(Cl)cc1 |c:62|,Ki,<0.01,nM,339742,,,False
CC1(C)CCC(CN2CCN(CC2)c2ccc(C(=O)NS(=O)(=O)c3ccc(NC[C@@H]4CC[C@@H](C4)N4CCOCC4)c(c3)[N+]([O-])=O)c(Oc3cnc4[nH]ccc4c3)c2)=C(C1)c1ccc(Cl)cc1 |c:63|,Ki,<0.01,nM,339736,,,False
CC1(C)CCC(CN2CCN(CC2)c2ccc(C(=O)NS(=O)(=O)c3ccc(OCC4CCN(CC4)C4COC4)c(c3)[N+]([O-])=O)c(Oc3cnc4[nH]ccc4c3)c2)=C(C1)c1ccc(Cl)cc1 |c:62|,Ki,<0.01,nM,339739,,,False
CN1CC(CC1=O)Nc1ccc(cc1[N+]([O-])=O)S(=O)(=O)NC(=O)c1ccc(cc1Oc1cnc2[nH]ccc2c1)N1CCN(CC2=C(CC(C)(C)CC2)c2ccc(Cl)cc2)CC1 |t:49|,Ki,<0.01,nM,339749,,,False
CC1(C)CCC(CN2CCN(CC2)c2ccc(C(=O)NS(=O)(=O)c3ccc(NCc4ccc(OCCN5CCOCC5)cc4)c(c3)[N+]([O-])=O)c(Oc3cnc4[nH]ccc4c3)c2)=C(C1)c1ccc(Cl)cc1 |c:67|,Ki,<0.01,nM,339748,,,False
CC1(C)CCC(CN2CCN(CC2)c2ccc(C(=O)NS(=O)(=O)c3ccc(OCC4CCCC(=O)C4)c(c3)[N+]([O-])=O)c(Oc3cnc4[nH]ccc4c3)c2)=C(C1)c1ccc(Cl)cc1 |c:58|,Ki,<0.01,nM,339750,,,False
CN(C)CCCOc1ccc(CNc2ccc(cc2[N+]([O-])=O)S(=O)(=O)NC(=O)c2ccc(cc2Oc2cnc3[nH]ccc3c2)N2CCN(CC3=C(CC(C)(C)CC3)c3ccc(Cl)cc3)CC2)cc1 |t:53|,Ki,<0.01,nM,339745,,,False
"CC1(C)CCC(CN2CCN(CC2)c2ccc(C(=O)NS(=O)(=O)c3ccc(OCC4CCC(O)CC4)c(c3)[N+]([O-])=O)c(Oc3cnc4[nH]ccc4c3)c2)=C(C1)c1ccc(Cl)cc1 |c:58,(8.38,-12.87,;7.57,-11.56,;9.11,-11.61,;7.57,-10.02,;6.23,-9.25,;4.9,-10.02,;3.57,-9.25,;3.57,-7.71,;4.9,-6.94,;4.9,-5.4,;3.57,-4.63,;2.23,-5.4,;2.23,-6.94,;3.57,-3.09,;4.9,-2.32,;4.9,-.78,;3.57,-.01,;3.57,1.53,;4.9,2.3,;2.23,2.3,;2.23,3.84,;2.23,5.38,;3.77,3.84,;.69,3.84,;-.08,2.51,;-1.62,2.51,;-2.39,3.84,;-3.93,3.84,;-4.7,2.51,;-6.24,2.51,;-7.01,1.17,;-8.55,1.17,;-9.32,2.51,;-10.86,2.51,;-8.55,3.84,;-7.01,3.84,;-1.62,5.17,;-.08,5.17,;-2.39,6.51,;-1.62,7.84,;-3.93,6.51,;2.23,-.78,;.9,-.01,;-.44,-.78,;-.44,-2.32,;-1.77,-3.09,;-3.1,-2.32,;-4.57,-2.79,;-5.47,-1.55,;-4.57,-.3,;-3.1,-.78,;-1.77,-.01,;2.23,-2.32,;4.9,-11.56,;6.23,-12.33,;3.57,-12.33,;3.57,-13.87,;2.23,-14.64,;.9,-13.87,;-.44,-14.64,;.9,-12.33,;2.23,-11.56,)|",Ki,<0.01,nM,339744,,,False
CC1(C)CCC(CN2CCN(CC2)c2ccc(C(=O)NS(=O)(=O)c3ccc(NCc4ccc(OCCN5CCOCC5)cc4)c(c3)[N+]([O-])=O)c(Oc3cnc4[nH]ccc4c3)c2)=C(C1)c1ccc(Cl)cc1 |c:67|,Ki,<0.01,nM,339747,,,False
CC1(C)CCC(CN2CCN(CC2)c2ccc(C(=O)NS(=O)(=O)c3ccc(NCc4ccc(OCCN5CCOCC5)cc4)c(c3)[N+]([O-])=O)c(Oc3cnc4[nH]ccc4c3)c2)=C(C1)c1ccc(Cl)cc1 |c:67|,Ki,<0.01,nM,339746,,,False
CN(C)CC(=O)N1CCOC(CNc2ccc(cc2[N+]([O-])=O)S(=O)(=O)NC(=O)c2ccc(cc2Oc2cnc3[nH]ccc3c2)N2CCN(CC3=C(CC(C)(C)CC3)c3ccc(Cl)cc3)CC2)C1 |t:53|,Ki,<0.01,nM,339759,,,False
CC1(C)CCC(CN2CCN(CC2)c2ccc(C(=O)NS(=O)(=O)c3ccc(NCC4CN(CC#N)CCO4)c(c3)[N+]([O-])=O)c(Oc3cnc4[nH]ccc4c3)c2)=C(C1)c1ccc(Cl)cc1 |c:60|,Ki,<0.01,nM,339758,,,False
CC1(C)CCC(CN2CCN(CC2)c2ccc(C(=O)NS(=O)(=O)c3ccc(NCC4CCN(C4)C4COC4)c(c3)[N+]([O-])=O)c(Oc3cnc4[nH]ccc4c3)c2)=C(C1)c1ccc(Cl)cc1 |c:61|,Ki,<0.01,nM,339754,,,False
CC1(C)CCC(CN2CCN(CC2)c2ccc(C(=O)NS(=O)(=O)c3ccc(NCC4CN(CCO4)C4COC4)c(c3)[N+]([O-])=O)c(Oc3cnc4[nH]ccc4c3)c2)=C(C1)c1ccc(Cl)cc1 |c:62|,Ki,<0.01,nM,339761,,,False
CC1(C)CCC(CN2CCN(CC2)c2ccc(C(=O)NS(=O)(=O)c3ccc(NCC4CN(CC(O)=O)CCO4)c(c3)[N+]([O-])=O)c(Oc3cnc4[nH]ccc4c3)c2)=C(C1)c1ccc(Cl)cc1 |c:61|,Ki,<0.01,nM,339760,,,False
CC(C)(C)N1CCC(CC1)Nc1ccc(cc1[N+]([O-])=O)S(=O)(=O)NC(=O)c1ccc(cc1Oc1cnc2[nH]ccc2c1)N1CCN(CC2=C(CC(C)(C)CC2)c2ccc(Cl)cc2)CC1 |t:52|,Ki,<0.01,nM,339770,,,False
CC1(C)CCC(CN2CCN(CC2)c2ccc(C(=O)NS(=O)(=O)c3ccc(NCC4CCOCC4)c(c3)N(=O)=O)c(Oc3cnc4[nH]ccc4c3)c2)=C(C1)c1ccc(Cl)cc1,Ki,<0.010000,nM,51031093,,,False
CC1(C)CCC(CN2CCN(CC2)c2ccc(C(=O)NS(=O)(=O)c3ccc(N[C@@H]4CCOC4)c(c3)[N+]([O-])=O)c(Oc3cnc4[nH]ccc4c3)c2)=C(C1)c1ccc(Cl)cc1 |c:55|,Ki,<0.01,nM,339780,,,False
CC1(C)CCC(CN2CCN(CC2)c2ccc(C(=O)NS(=O)(=O)c3ccc(NCC4CN(CCO4)C4COC4)c(c3)S(=O)(=O)C(F)(F)F)c(Oc3cnc4[nH]ccc4c3)c2)=C(C1)c1ccc(Cl)cc1 |c:66|,Ki,<0.01,nM,339783,,,False
CC(C)(C)N1CCC(CC1)Nc1ccc(cc1S(=O)(=O)C(F)(F)F)S(=O)(=O)NC(=O)c1ccc(cc1Oc1cnc2[nH]ccc2c1)N1CCN(CC2=C(CC(C)(C)CC2)c2ccc(Cl)cc2)CC1 |t:56|,Ki,<0.01,nM,339782,,,False
CC1(C)CCC(CN2CCN(CC2)c2ccc(C(=O)NS(=O)(=O)c3ccc(NC4CN(C4)C4COC4)c(c3)[N+]([O-])=O)c(Oc3cnc4[nH]ccc4c3)c2)=C(C1)c1ccc(Cl)cc1 |c:59|,Ki,<0.01,nM,339797,,,False
CN(C)CC(=O)N1CC[C@H](C1)Nc1ccc(cc1[N+]([O-])=O)S(=O)(=O)NC(=O)c1ccc(cc1Oc1cnc2[nH]ccc2c1)N1CCN(CC2=C(CC(C)(C)CC2)c2ccc(Cl)cc2)CC1 |t:53|,Ki,<0.01,nM,339796,,,False
CN(C)CC(=O)N1CCO[C@H](CNc2ccc(cc2[N+]([O-])=O)S(=O)(=O)NC(=O)c2ccc(cc2Oc2cnc3[nH]ccc3c2)N2CCN(CC3=C(CC(C)(C)CC3)c3ccc(Cl)cc3)CC2)C1 |t:53|,Ki,<0.01,nM,339799,,,False
CC1(C)CCC(CN2CCN(CC2)c2ccc(C(=O)NS(=O)(=O)c3ccc(NCC4CN(CCO4)C(CF)CF)c(c3)[N+]([O-])=O)c(Oc3cnc4[nH]ccc4c3)c2)=C(C1)c1ccc(Cl)cc1 |c:62|,Ki,<0.01,nM,339793,,,False
COCCOCCN1CC[C@H](C1)Nc1ccc(cc1[N+]([O-])=O)S(=O)(=O)NC(=O)c1ccc(cc1Oc1cnc2[nH]ccc2c1)N1CCN(CC2=C(CC(C)(C)CC2)c2ccc(Cl)cc2)CC1 |t:54|,Ki,<0.01,nM,339795,,,False
CC(C)N1CCC2(CC1)CCC(=C(CN1CCN(CC1)c1ccc(C(=O)NS(=O)(=O)c3ccc(NCC4CCOCC4)c(c3)[N+]([O-])=O)c(Oc3cnc4[nH]ccc4c3)c1)C2)c1ccc(Cl)cc1 |t:12|,Ki,<0.01,nM,339807,,,False
[O-][N+](=O)c1cc(ccc1NCC1CCOCC1)S(=O)(=O)NC(=O)c1ccc(cc1Oc1cnc2[nH]ccc2c1)N1CCN(CC2=C(CCC3(CCN(CC3)C(CF)CF)C2)c2ccc(Cl)cc2)CC1 |t:49|,Ki,<0.01,nM,339806,,,False
CN(C)CC(=O)N1CCO[C@@H](CNc2ccc(cc2[N+]([O-])=O)S(=O)(=O)NC(=O)c2ccc(cc2Oc2cnc3[nH]ccc3c2)N2CCN(CC3=C(CC(C)(C)CC3)c3ccc(Cl)cc3)CC2)C1 |t:53|,Ki,<0.01,nM,339800,,,False
CC1(C)CCC(CN2CCN(CC2)c2ccc(C(=O)NS(=O)(=O)c3ccc(N[C@@H]4CCN(CC#N)C4)c(c3)[N+]([O-])=O)c(Oc3cnc4[nH]ccc4c3)c2)=C(C1)c1ccc(Cl)cc1 |c:58|,Ki,<0.01,nM,339803,,,False
CC(C)N1CCC2(CC1)CCC(=C(CN1CCN(CC1)c1ccc(C(=O)NS(=O)(=O)c3cnc(OCC4CCOCC4)c(Cl)c3)c(Oc3cnc4[nH]ccc4c3)c1)C2)c1ccc(Cl)cc1 |t:12|,Ki,<0.01,nM,339809,,,False
CN(C)CC(=O)N1CCC(F)(COc2ncc(cc2Cl)S(=O)(=O)NC(=O)c2ccc(cc2Oc2cnc3[nH]ccc3c2)N2CCN(CC3=C(CC(C)(C)CC3)c3ccc(Cl)cc3)CC2)CC1 |t:51|,Ki,<0.01,nM,339811,,,False
CC1(C)CCC(CN2CCN(CC2)c2ccc(C(=O)NS(=O)(=O)c3cnc(OCC4(F)CCN(CC4)C(CF)CF)c(Cl)c3)c(Oc3cnc4[nH]ccc4c3)c2)=C(C1)c1ccc(Cl)cc1 |c:61|,Ki,<0.01,nM,339823,,,False
"CC1(C)CCC(CN2CCN(CC2)c2ccc(C(=O)NS(=O)(=O)c3ccc(NC[C@H]4CC[C@@H](CC4)C#N)c(c3)[N+]([O-])=O)c(Oc3cnc4[nH]ccc4c3)c2)=C(C1)c1ccc(Cl)cc1 |wU:29.29,wD:32.36,c:59,(8.2,-9.06,;7.39,-7.76,;8.93,-7.81,;7.39,-6.22,;6.05,-5.45,;4.72,-6.22,;3.39,-5.45,;3.39,-3.91,;4.72,-3.14,;4.72,-1.6,;3.39,-.83,;2.05,-1.6,;2.05,-3.14,;3.39,.71,;4.72,1.48,;4.72,3.02,;3.39,3.79,;3.39,5.33,;4.72,6.1,;2.05,6.1,;2.05,7.64,;2.05,9.18,;3.59,7.64,;.51,7.64,;-.26,6.31,;-1.8,6.31,;-2.57,7.64,;-4.11,7.64,;-4.88,6.31,;-6.42,6.31,;-7.19,4.97,;-8.73,4.97,;-9.5,6.31,;-8.73,7.64,;-7.19,7.64,;-11.04,6.31,;-12.58,6.31,;-1.8,8.98,;-.26,8.98,;-2.57,10.31,;-1.8,11.64,;-4.11,10.31,;2.05,3.02,;.72,3.79,;-.61,3.02,;-.61,1.48,;-1.95,.71,;-3.28,1.48,;-4.75,1.01,;-5.65,2.25,;-4.75,3.5,;-3.28,3.02,;-1.95,3.79,;2.05,1.48,;4.72,-7.76,;6.05,-8.53,;3.39,-8.53,;3.39,-10.07,;2.05,-10.84,;.72,-10.07,;-.61,-10.84,;.72,-8.53,;2.05,-7.76,)|",Ki,<0.01,nM,339817,,,False
CC1(C)CCC(CN2CCN(CC2)c2ccc(C(=O)NS(=O)(=O)c3ccc(OCCOC4CCOC4)c(c3)[N+]([O-])=O)c(Oc3cnc4[nH]ccc4c3)c2)=C(C1)c1ccc(Cl)cc1 |c:58|,Ki,<0.01,nM,339816,,,False
CC1(C)CCC(CN2CCN(CC2)c2ccc(C(=O)NS(=O)(=O)c3cnc(OCC4(F)CCN(CC4)C4COC4)c(Cl)c3)c(Oc3cnc4[nH]ccc4c3)c2)=C(C1)c1ccc(Cl)cc1 |c:61|,Ki,<0.01,nM,339818,,,False
CC1CN(CCN1CC1=C(CC(C)(C)CC1)c1ccc(Cl)cc1)c1ccc(C(=O)NS(=O)(=O)c2ccc(NCC3CCOCC3)c(c2)[N+]([O-])=O)c(Oc2cnc3[nH]ccc3c2)c1 |t:9|,Ki,<0.01,nM,339831,,,False
CN1CCC(F)(COc2ccc(cc2Cl)S(=O)(=O)NC(=O)c2ccc(cc2Oc2cnc3[nH]ccc3c2)N2CCN(CC3=C(CC(C)(C)CC3)c3ccc(Cl)cc3)CC2)CC1 |t:46|,Ki,<0.01,nM,339824,,,False
CC1(C)CCC(CN2CCN(CC2)c2ccc(C(=O)NS(=O)(=O)c3ccc(OCC4(F)CCOCC4)c(Cl)c3)c(Oc3cnc4[nH]ccc4c3)c2)=C(C1)c1ccc(Cl)cc1 |c:56|,Ki,<0.01,nM,339827,,,False
CC1(C)CCC(CN2CCN(CC2)c2ccc(C(=O)NS(=O)(=O)c3cnc(OCC4(F)CCN(CC(F)F)CC4)c(Cl)c3)c(Oc3cnc4[nH]ccc4c3)c2)=C(C1)c1ccc(Cl)cc1 |c:60|,Ki,<0.01,nM,339826,,,False
CN(C)CC(=O)N1CCC(COc2ccc(cc2Cl)S(=O)(=O)NC(=O)c2ccc(cc2Oc2cnc3[nH]ccc3c2)N2CCN(CC3=C(CC(C)(C)CC3)c3ccc(Cl)cc3)CC2)CC1 |t:50|,Ki,<0.01,nM,339836,,,False
"CC1(C)CCC(CN2CCN(CC2)c2ccc(C(=O)NS(=O)(=O)c3cnc(OC[C@H]4CC[C@H](O)CC4)c(Cl)c3)c(Oc3cnc4[nH]ccc4c3)c2)=C(C1)c1ccc(Cl)cc1 |wU:29.29,wD:32.33,c:56,(6.65,-10.99,;5.83,-9.69,;7.37,-9.74,;5.83,-8.15,;4.5,-7.38,;3.17,-8.15,;1.83,-7.38,;1.83,-5.84,;3.17,-5.07,;3.17,-3.53,;1.83,-2.76,;.5,-3.53,;.5,-5.07,;1.83,-1.22,;3.17,-.45,;3.17,1.09,;1.83,1.86,;1.83,3.4,;.5,4.17,;3.17,4.17,;4.5,3.4,;5.27,4.74,;3.73,2.07,;5.83,2.63,;5.83,1.09,;7.17,.32,;8.5,1.09,;9.84,.32,;11.17,1.09,;12.5,.32,;13.84,1.09,;15.17,.32,;15.17,-1.22,;16.5,-1.99,;13.84,-1.99,;12.5,-1.22,;8.5,2.63,;9.84,3.4,;7.17,3.4,;.5,1.09,;-.83,1.86,;-2.17,1.09,;-2.17,-.45,;-3.5,-1.22,;-4.83,-.45,;-6.3,-.92,;-7.2,.32,;-6.3,1.57,;-4.83,1.09,;-3.5,1.86,;.5,-.45,;3.17,-9.69,;4.5,-10.46,;1.83,-10.46,;1.83,-12,;.5,-12.77,;-.83,-12,;-2.17,-12.77,;-.83,-10.46,;.5,-9.69,)|",Ki,<0.01,nM,339839,,,False
CC1(C)CCC(CN2CCN(CC2)c2ccc(C(=O)NS(=O)(=O)c3ccc(NCCCNC4CC4)c(c3)[N+]([O-])=O)c(Oc3cnc4[nH]ccc4c3)c2)=C(C1)c1ccc(Cl)cc1 |c:57|,Ki,<0.01,nM,339832,,,False
CN1CCC[C@H]1C(=O)N1CCC(COc2ccc(cc2Cl)S(=O)(=O)NC(=O)c2ccc(cc2Oc2cnc3[nH]ccc3c2)N2CCN(CC3=C(CC(C)(C)CC3)c3ccc(Cl)cc3)CC2)CC1 |t:53|,Ki,<0.01,nM,339852,,,False
CC1(C)CCC(CN2CCN(CC2)c2ccc(C(=O)NS(=O)(=O)c3ccc(NCCCN(C4CC4)C4COC4)c(c3)[N+]([O-])=O)c(Oc3cnc4[nH]ccc4c3)c2)=C(C1)c1ccc(Cl)cc1 |c:62|,Ki,<0.01,nM,339851,,,False
[O-][N+](=O)c1cc(ccc1NCC1CCOCC1)S(=O)(=O)NC(=O)c1ccc(cc1Oc1cnc2[nH]ccc2c1)N1CCN(CC2=C(CCC(F)(F)C2)c2ccc(Cl)cc2)CC1 |t:49|,Ki,<0.01,nM,339861,,,False
CC1(C)CCC(CN2CCN(CC2)c2ccc(C(=O)NS(=O)(=O)c3ccc(NCCCN(C4CC4)C4CCC4)c(c3)[N+]([O-])=O)c(Oc3cnc4[nH]ccc4c3)c2)=C(C1)c1ccc(Cl)cc1 |c:62|,Ki,<0.01,nM,339860,,,False
CC1(C)CCC(CN2CCN(CC2)c2ccc(C(=O)NS(=O)(=O)c3ccc(OCC4(F)CCN(CC4)C4COC4)c(Cl)c3)c(Oc3cnc4[nH]ccc4c3)c2)=C(C1)c1ccc(Cl)cc1 |c:61|,Ki,<0.01,nM,339862,,,False
COC(=O)N1CCOC(CNc2ccc(cc2[N+]([O-])=O)S(=O)(=O)NC(=O)c2ccc(cc2Oc2cnc3[nH]ccc3c2)N2CCN(CC3=C(CC(C)(C)CC3)c3ccc(Cl)cc3)CC2)C1 |t:51|,Ki,<0.01,nM,339857,,,False
CC1(C)CCC(CN2CCN(CC2)c2ccc(C(=O)NS(=O)(=O)c3ccc(NCC4CN(CCO4)S(C)(=O)=O)c(c3)[N+]([O-])=O)c(Oc3cnc4[nH]ccc4c3)c2)=C(C1)c1ccc(Cl)cc1 |c:61|,Ki,<0.01,nM,339859,,,False
CCN(C)C(=O)N1CCOC(CNc2ccc(cc2[N+]([O-])=O)S(=O)(=O)NC(=O)c2ccc(cc2Oc2cnc3[nH]ccc3c2)N2CCN(CC3=C(CC(C)(C)CC3)c3ccc(Cl)cc3)CC2)C1 |t:53|,Ki,<0.01,nM,339858,,,False
[O-][N+](=O)c1cc(ccc1NCC1CCOCC1)S(=O)(=O)NC(=O)c1ccc(cc1Oc1cnc2[nH]ccc2c1)N1CCN(CC2=C(CC3(CC3)CC2)c2ccc(Cl)cc2)CC1 |t:49|,Ki,<0.01,nM,339868,,,False
[O-][N+](=O)c1cc(ccc1NCC1CN(CCO1)C1CC1)S(=O)(=O)NC(=O)c1ccc(cc1Oc1cnc2[nH]ccc2c1)N1CCN(CC2=C(CC3(CC3)CC2)c2ccc(Cl)cc2)CC1 |t:53|,Ki,<0.01,nM,339870,,,False
FC1(COc2ccc(cc2Cl)S(=O)(=O)NC(=O)c2ccc(cc2Oc2cnc3[nH]ccc3c2)N2CCN(CC3=C(CCC4(CCN(CC4)C4COC4)C3)c3ccc(Cl)cc3)CC2)CCOCC1 |t:42|,Ki,<0.01,nM,339865,,,False
"O[C@H]1CC[C@H](CNc2ccc(cc2[N+]([O-])=O)S(=O)(=O)NC(=O)c2ccc(cc2Oc2cnc3[nH]ccc3c2)N2CCN(CC3=C(CCC(F)(F)C3)c3ccc(Cl)cc3)CC2)CC1 |wU:4.4,wD:1.0,t:47,(-11.34,6.22,;-9.8,6.22,;-9.03,4.89,;-7.49,4.89,;-6.72,6.22,;-5.18,6.22,;-4.41,7.56,;-2.87,7.56,;-2.1,6.22,;-.56,6.22,;.21,7.56,;-.56,8.89,;-2.1,8.89,;-2.87,10.22,;-2.1,11.56,;-4.41,10.22,;1.75,7.56,;1.75,9.1,;3.29,7.56,;1.75,6.02,;3.08,5.25,;4.42,6.02,;3.08,3.71,;4.42,2.94,;4.42,1.4,;3.08,.63,;1.75,1.4,;1.75,2.94,;.42,3.71,;-.92,2.94,;-.92,1.4,;-2.25,.63,;-3.58,1.4,;-5.05,.92,;-5.95,2.17,;-5.05,3.41,;-3.58,2.94,;-2.25,3.71,;3.08,-.91,;4.42,-1.68,;4.42,-3.22,;3.08,-3.99,;3.08,-5.53,;4.42,-6.3,;4.42,-7.84,;5.75,-8.61,;7.08,-7.84,;7.08,-6.3,;8.62,-6.25,;7.9,-5,;5.75,-5.53,;3.08,-8.61,;3.08,-10.15,;1.75,-10.92,;.42,-10.15,;-.92,-10.92,;.42,-8.61,;1.75,-7.84,;1.75,-3.22,;1.75,-1.68,;-7.49,7.56,;-9.03,7.56,)|",Ki,<0.01,nM,339864,,,False
CC1(C)CCC(CN2CCN(CC2)c2ccc(C(=O)NS(=O)(=O)c3ccc(NC[C@H]4CN(CCO4)C4CC4)c(c3)[N+]([O-])=O)c(Oc3cnc4[nH]ccc4c3)c2)=C(C1)c1ccc(Cl)cc1 |c:61|,Ki,<0.01,nM,339867,,,False
CC1(C)CCC(CN2CCN(CC2)c2ccc(C(=O)NS(=O)(=O)c3ccc(NC[C@@H]4CN(CCO4)C4CC4)c(c3)[N+]([O-])=O)c(Oc3cnc4[nH]ccc4c3)c2)=C(C1)c1ccc(Cl)cc1 |c:61|,Ki,<0.01,nM,339866,,,False
"CC1(C)CCC(CN2CCN(CC2)c2ccc(C(=O)NS(=O)(=O)c3ccc(NCC4CCC(C)(O)CC4)c(c3)[N+]([O-])=O)c(Oc3cnc4[nH]ccc4c3)c2)=C(C1)c1ccc(Cl)cc1 |c:59,(8.08,-9.06,;7.26,-7.76,;8.8,-7.81,;7.26,-6.22,;5.93,-5.45,;4.59,-6.22,;3.26,-5.45,;3.26,-3.91,;4.59,-3.14,;4.59,-1.6,;3.26,-.83,;1.92,-1.6,;1.92,-3.14,;3.26,.71,;4.59,1.48,;4.59,3.02,;3.26,3.79,;3.26,5.33,;4.59,6.1,;1.92,6.1,;1.92,7.64,;1.92,9.18,;3.46,7.64,;.38,7.64,;-.39,6.31,;-1.93,6.31,;-2.7,7.64,;-4.24,7.64,;-5.01,6.31,;-6.55,6.31,;-7.32,4.97,;-8.86,4.97,;-9.63,6.31,;-10.99,5.59,;-10.99,7.03,;-8.86,7.64,;-7.32,7.64,;-1.93,8.98,;-.39,8.98,;-2.7,10.31,;-1.93,11.64,;-4.24,10.31,;1.92,3.02,;.59,3.79,;-.74,3.02,;-.74,1.48,;-2.08,.71,;-3.41,1.48,;-4.87,1.01,;-5.78,2.25,;-4.87,3.5,;-3.41,3.02,;-2.08,3.79,;1.92,1.48,;4.59,-7.76,;5.93,-8.53,;3.26,-8.53,;3.26,-10.07,;1.92,-10.84,;.59,-10.07,;-.74,-10.84,;.59,-8.53,;1.92,-7.76,)|",Ki,<0.01,nM,339877,,,False
"CC1(C)CCC(CN2CCN(CC2)c2ccc(C(=O)NS(=O)(=O)c3ccc(NC4CCC(CC4)N(CCC#N)C4CC4)c(c3)[N+]([O-])=O)c(Oc3cnc4[nH]ccc4c3)c2)=C(C1)c1ccc(Cl)cc1 |c:65,(11.49,-10.55,;10.67,-9.24,;12.21,-9.29,;10.67,-7.7,;9.34,-6.93,;8,-7.7,;6.67,-6.93,;6.67,-5.39,;8,-4.62,;8,-3.08,;6.67,-2.31,;5.33,-3.08,;5.33,-4.62,;6.67,-.77,;8,,;8,1.54,;6.67,2.31,;6.67,3.85,;5.33,4.62,;8,4.62,;8,6.16,;9.54,6.16,;6.46,6.16,;8,7.7,;6.67,8.47,;6.67,10.01,;8,10.78,;8,12.32,;6.67,13.09,;5.33,12.32,;4,13.09,;4,14.63,;5.33,15.4,;6.67,14.63,;2.67,15.4,;2.67,16.94,;1.33,17.71,;1.33,19.25,;1.33,20.79,;1.33,14.63,;.56,13.3,;-.21,14.63,;9.34,10.01,;9.34,8.47,;10.67,10.78,;10.67,12.32,;12,10.01,;5.33,1.54,;4,2.31,;2.67,1.54,;2.67,,;1.33,-.77,;;-1.46,-.48,;-2.37,.77,;-1.46,2.02,;,1.54,;1.33,2.31,;5.33,,;8,-9.24,;9.34,-10.01,;6.67,-10.01,;6.67,-11.55,;5.33,-12.32,;4,-11.55,;2.67,-12.32,;4,-10.01,;5.33,-9.24,)|",Ki,<0.01,nM,339879,,,False
CC1(C)CCC(CN2CCN(CC2)c2ccc(C(=O)NS(=O)(=O)c3cnc(OCC4CCc5nccn5C4)c(Cl)c3)c(Oc3cnc4[nH]ccc4c3)c2)=C(C1)c1ccc(Cl)cc1 |c:59|,Ki,<0.01,nM,339881,,,False
"CC1(O)CCC(COc2ncc(cc2Cl)S(=O)(=O)NC(=O)c2ccc(cc2Oc2cnc3[nH]ccc3c2)N2CCN(CC3=C(CC4(CC4)CC3)c3ccc(Cl)cc3)CC2)CC1 |t:46,(2.84,-15.44,;4.2,-14.72,;2.84,-14,;4.97,-16.05,;6.51,-16.05,;7.28,-14.72,;8.82,-14.72,;9.59,-13.39,;11.13,-13.39,;11.9,-12.05,;13.44,-12.05,;14.21,-13.39,;13.44,-14.72,;11.9,-14.72,;11.13,-16.05,;15.75,-13.39,;15.75,-14.93,;15.75,-11.85,;17.29,-13.39,;18.06,-12.05,;19.6,-12.05,;17.29,-10.72,;15.75,-10.72,;14.98,-9.39,;15.75,-8.05,;17.29,-8.05,;18.06,-9.39,;19.6,-9.39,;20.37,-8.05,;19.6,-6.72,;20.37,-5.38,;21.91,-5.38,;22.94,-4.24,;24.34,-4.87,;24.18,-6.4,;22.68,-6.72,;21.91,-8.05,;14.98,-6.72,;13.44,-6.72,;12.67,-5.38,;13.44,-4.05,;12.67,-2.72,;11.13,-2.72,;10.36,-1.38,;8.82,-1.38,;8.05,-2.72,;6.71,-3.49,;6.71,-1.95,;8.82,-4.05,;10.36,-4.05,;11.13,-.05,;10.36,1.28,;11.13,2.62,;12.67,2.62,;13.44,3.95,;13.44,1.28,;12.67,-.05,;14.98,-4.05,;15.75,-5.38,;6.51,-13.39,;4.97,-13.39,)|",Ki,<0.01,nM,339880,,,False
FC1(COc2ncc(cc2Cl)S(=O)(=O)NC(=O)c2ccc(cc2Oc2cnc3[nH]ccc3c2)N2CCN(CC3=C(CC4(CC4)CC3)c3ccc(Cl)cc3)CC2)CCN(CC1)C1COC1 |t:42|,Ki,<0.01,nM,339883,,,False
"CC1(C)CCC(CN2CCN(CC2)c2ccc(C(=O)NS(=O)(=O)c3ccc(OCC4CCC(C)(O)CC4)c(c3)[N+]([O-])=O)c(Oc3cnc4[nH]ccc4c3)c2)=C(C1)c1ccc(Cl)cc1 |c:59,(8.08,-9.06,;7.26,-7.76,;8.8,-7.81,;7.26,-6.22,;5.93,-5.45,;4.59,-6.22,;3.26,-5.45,;3.26,-3.91,;4.59,-3.14,;4.59,-1.6,;3.26,-.83,;1.92,-1.6,;1.92,-3.14,;3.26,.71,;4.59,1.48,;4.59,3.02,;3.26,3.79,;3.26,5.33,;4.59,6.1,;1.92,6.1,;1.92,7.64,;1.92,9.18,;3.46,7.64,;.38,7.64,;-.39,6.31,;-1.93,6.31,;-2.7,7.64,;-4.24,7.64,;-5.01,6.31,;-6.55,6.31,;-7.32,4.97,;-8.86,4.97,;-9.63,6.31,;-10.99,5.59,;-10.99,7.03,;-8.86,7.64,;-7.32,7.64,;-1.93,8.98,;-.39,8.98,;-2.7,10.31,;-1.93,11.64,;-4.24,10.31,;1.92,3.02,;.59,3.79,;-.74,3.02,;-.74,1.48,;-2.08,.71,;-3.41,1.48,;-4.87,1.01,;-5.78,2.25,;-4.87,3.5,;-3.41,3.02,;-2.08,3.79,;1.92,1.48,;4.59,-7.76,;5.93,-8.53,;3.26,-8.53,;3.26,-10.07,;1.92,-10.84,;.59,-10.07,;-.74,-10.84,;.59,-8.53,;1.92,-7.76,)|",Ki,<0.01,nM,339882,,,False
CC1(C)CCC(CN2CCN(CC2)c2ccc(C(=O)NS(=O)(=O)c3ccc(OCC4CN(CCO4)C4CC4)c(c3)[N+]([O-])=O)c(Oc3cnc4[nH]ccc4c3)c2)=C(C1)c1ccc(Cl)cc1 |c:61|,Ki, 0.01,nM,339892,,,False
CC1(C)CCC(CN2CCN(CC2)c2ccc(C(=O)NS(=O)(=O)c3ccc(OCC4(F)CCN(CC4)C4COC4)c(c3)C#N)c(Oc3cnc4[nH]ccc4c3)c2)=C(C1)c1ccc(Cl)cc1 |c:62|,Ki,<0.01,nM,339895,,,False
CC1(C)CCC(CN2CCN(CC2)c2ccc(C(=O)NS(=O)(=O)c3ccc(OCC4CCC5(COC5)CC4)c(c3)[N+]([O-])=O)c(Oc3cnc4[nH]ccc4c3)c2)=C(C1)c1ccc(Cl)cc1 |c:61|,Ki,<0.01,nM,339889,,,False
"CC1(C)CCC(CN2CCN(CC2)c2ccc(C(=O)NS(=O)(=O)c3cnc(OCC4(F)CCC(O)CC4)c(Cl)c3)c(Oc3cnc4[nH]ccc4c3)c2)=C(C1)c1ccc(Cl)cc1 |c:57,(-2.44,-10.6,;-1.63,-9.3,;-3.17,-9.35,;-1.63,-7.76,;-.29,-6.99,;1.04,-7.76,;2.37,-6.99,;2.37,-5.45,;3.71,-4.68,;3.71,-3.14,;2.37,-2.37,;1.04,-3.14,;1.04,-4.68,;2.37,-.83,;3.71,-.06,;3.71,1.48,;2.37,2.25,;2.37,3.79,;1.04,4.56,;3.71,4.56,;5.04,3.79,;5.81,5.13,;4.27,2.46,;6.38,3.02,;6.38,1.48,;7.71,.71,;9.04,1.48,;10.38,.71,;10.38,-.83,;11.71,-1.6,;11.6,-.06,;13.25,-1.54,;14.07,-2.85,;13.34,-4.21,;14.16,-5.51,;11.8,-4.26,;10.99,-2.96,;9.04,3.02,;10.38,3.79,;7.71,3.79,;1.04,1.48,;-.29,2.25,;-1.63,1.48,;-1.63,-.06,;-2.96,-.83,;-4.29,-.06,;-5.76,-.53,;-6.66,.71,;-5.76,1.96,;-4.29,1.48,;-2.96,2.25,;1.04,-.06,;1.04,-9.3,;-.29,-10.07,;2.37,-10.07,;3.71,-9.3,;5.04,-10.07,;5.04,-11.61,;6.38,-12.38,;3.71,-12.38,;2.37,-11.61,)|",Ki,<0.01,nM,339888,,,False
[O-][N+](=O)c1cc(ccc1NCC1CCOCC1)S(=O)(=O)NC(=O)c1ccc(cc1Oc1cnc2[nH]ccc2c1)N1CCN(CC2=C(CCC(CF)(CF)C2)c2ccc(Cl)cc2)CC1 |t:49|,Ki,<0.01,nM,339891,,,False
CC1(C)CCC(CN2CCN(CC2)c2ccc(C(=O)NS(=O)(=O)c3cnc(NCC4CCOCC4)c(c3)[N+]([O-])=O)c(Oc3cnc4[nH]ccc4c3)c2)=C(C1)c1ccc(Cl)cc1 |c:57|,Ki,<0.01,nM,339901,,,False
CC1(C)CCC(CN2CCN(CC2)c2ccc(C(=O)NS(=O)(=O)c3ccc(NCC4CCC5(COC5)CC4)c(c3)[N+]([O-])=O)c(Oc3cnc4[nH]ccc4c3)c2)=C(C1)c1ccc(Cl)cc1 |c:61|,Ki,<0.01,nM,339902,,,False
COCC1(C)CCC(=C(CN2CCN(CC2)c2ccc(C(=O)NS(=O)(=O)c3ccc(NCC4CCOCC4)c(c3)[N+]([O-])=O)c(Oc3cnc4[nH]ccc4c3)c2)C1)c1ccc(Cl)cc1 |t:7|,Ki,<0.01,nM,339897,,,False
"CCC1(O)CCC(CNc2ccc(cc2[N+]([O-])=O)S(=O)(=O)NC(=O)c2ccc(cc2Oc2cnc3[nH]ccc3c2)N2CCN(CC3=C(CC(C)(C)CC3)c3ccc(Cl)cc3)CC2)CC1 |t:49,(-12.08,6.12,;-10.77,6.93,;-9.41,6.21,;-10.77,5.49,;-8.64,4.88,;-7.1,4.88,;-6.33,6.21,;-4.79,6.21,;-4.02,7.55,;-2.48,7.55,;-1.71,6.21,;-.17,6.21,;.6,7.55,;-.17,8.88,;-1.71,8.88,;-2.48,10.21,;-1.71,11.55,;-4.02,10.21,;2.14,7.55,;2.14,9.09,;3.68,7.55,;2.14,6.01,;3.47,5.24,;4.81,6.01,;3.47,3.7,;4.81,2.93,;4.81,1.39,;3.47,.62,;2.14,1.39,;2.14,2.93,;.81,3.7,;-.53,2.93,;-.53,1.39,;-1.86,.62,;-3.19,1.39,;-4.66,.91,;-5.56,2.16,;-4.66,3.4,;-3.19,2.93,;-1.86,3.7,;3.47,-.92,;4.81,-1.69,;4.81,-3.23,;3.47,-4,;3.47,-5.54,;4.81,-6.31,;4.81,-7.85,;6.14,-8.62,;7.48,-7.85,;8.29,-9.16,;9.01,-7.91,;7.48,-6.31,;6.14,-5.54,;3.47,-8.62,;3.47,-10.16,;2.14,-10.93,;.81,-10.16,;-.53,-10.93,;.81,-8.62,;2.14,-7.85,;2.14,-3.23,;2.14,-1.69,;-7.1,7.55,;-8.64,7.55,)|",Ki,<0.01,nM,339896,,,False
CC1(C)CCC(CN2CCN(CC2)c2ccc(C(=O)NS(=O)(=O)c3ccc(NC[C@H]4CN(CCO4)C4COC4)c(c3)[N+]([O-])=O)c(Oc3cnc4[nH]ccc4c3)c2)=C(C1)c1ccc(Cl)cc1 |c:62|,Ki,<0.01,nM,339898,,,False
CC1(C)CC(C(CN2CCN(CC2)c2ccc(C(=O)NS(=O)(=O)c3ccc(OCC4(F)CCOCC4)c(c3)[N+]([O-])=O)c(Oc3cc4cc[nH]c4cc3F)c2)CO1)c1ccc(Cl)cc1,Ki,<0.01,nM,198649,,,False
CC1(C)CCC(CN2CCN(CC2)c2ccc(C(=O)NS(=O)(=O)c3ccc(NCC(F)(F)F)c(c3)[N+]([O-])=O)c(Oc3cnc4[nH]ccc4c3)c2)=C(C1)c1ccc(Cl)cc1,Ki, 0.011,nM,704618,,,False
CO[C@H]1CC[C@H](COc2ncc(cc2Cl)S(=O)(=O)NC(=O)c2ccc(cc2Oc2cnc3[nH]ccc3c2)N2CCN(CC3=C(CC(C)(C)CC3)c3ccc(Cl)cc3)CC2)CC1,Ki, 0.011,nM,1179875,,,False
CC1(C)CCC(CN2CCN(CC2)c2ccc(C(=O)NS(=O)(=O)c3ccc(NCC(F)(F)F)c(c3)[N+]([O-])=O)c(Oc3cnc4[nH]ccc4c3)c2)=C(C1)c1ccc(Cl)cc1,Ki, 0.011,nM,1372757,,,False
[O-][N+](=O)c1cc(ccc1NCC1CCOCC1)S(=O)(=O)NC(=O)c1ccc(cc1Oc1ccc2[nH]ccc2c1)N1CCN(CC2=C(CCC(C2)N2CCCC2)c2ccc(Cl)cc2)CC1 |t:49|,Ki, 0.011,nM,324979,,,False
CC1(C)CCC(CN2CCN(CC2)c2ccc(C(=O)NS(=O)(=O)c3ccc(NC4CCN(CC4)C4CC4)c(c3)[N+]([O-])=O)c(Oc3cccc4[nH]ncc34)c2)=C(C1)c1ccc(Cl)cc1 |c:60|,Ki, 0.011,nM,325139,,,False
CO[C@H]1CC[C@H](COc2ncc(cc2Cl)S(=O)(=O)NC(=O)c2ccc(cc2Oc2cnc3[nH]ccc3c2)N2CCN(CC3=C(CC(C)(C)CC3)c3ccc(Cl)cc3)CC2)CC1,Ki, 0.011,nM,704802,,,False
CO[C@H]1CC[C@H](COc2ncc(cc2Cl)S(=O)(=O)NC(=O)c2ccc(cc2Oc2cnc3[nH]ccc3c2)N2CCN(CC3=C(CC(C)(C)CC3)c3ccc(Cl)cc3)CC2)CC1,Ki, 0.011,nM,1372941,,,False
CC1(C)CCC(CN2CCN(CC2)c2ccc(C(=O)NS(=O)(=O)c3ccc(NCC(F)(F)F)c(c3)[N+]([O-])=O)c(Oc3cnc4[nH]ccc4c3)c2)=C(C1)c1ccc(Cl)cc1 |c:54|,Ki, 0.011,nM,339577,,,False
CC1(C)CCC(CN2CCN(CC2)c2ccc(C(=O)NS(=O)(=O)c3ccc(NCC(F)(F)F)c(c3)[N+]([O-])=O)c(Oc3cnc4[nH]ccc4c3)c2)=C(C1)c1ccc(Cl)cc1,Ki, 0.011,nM,1179884,,,False
"COC1CCC(COc2ncc(cc2Cl)S(=O)(=O)NC(=O)c2ccc(cc2Oc2cnc3[nH]ccc3c2)N2CCN(CC3=C(CC(C)(C)CC3)c3ccc(Cl)cc3)CC2)CC1 |t:46,(14.3,.47,;12.96,-.3,;11.63,.47,;11.63,2.01,;10.3,2.78,;8.96,2.01,;7.63,2.78,;6.3,2.01,;4.96,2.78,;3.63,2.01,;2.29,2.78,;2.29,4.32,;3.63,5.09,;4.96,4.32,;6.3,5.09,;.96,5.09,;1.73,6.43,;.19,3.76,;-.37,5.86,;-1.71,5.09,;-3.04,5.86,;-1.71,3.55,;-.37,2.78,;-.37,1.24,;-1.71,.47,;-3.04,1.24,;-3.04,2.78,;-4.37,3.55,;-5.71,2.78,;-5.71,1.24,;-7.04,.47,;-8.37,1.24,;-9.84,.77,;-10.74,2.01,;-9.84,3.26,;-8.37,2.78,;-7.04,3.55,;-1.71,-1.07,;-.37,-1.84,;-.37,-3.38,;-1.71,-4.15,;-1.71,-5.69,;-3.04,-6.46,;-3.04,-8,;-4.37,-8.77,;-5.71,-8,;-6.52,-9.3,;-7.25,-8.05,;-5.71,-6.46,;-4.37,-5.69,;-1.71,-8.77,;-.37,-8,;.96,-8.77,;.96,-10.31,;2.29,-11.08,;-.37,-11.08,;-1.71,-10.31,;-3.04,-3.38,;-3.04,-1.84,;8.96,.47,;10.3,-.3,)|",Ki, 0.011,nM,339755,,,False
COC1CCC(CNc2ccc(cc2[N+]([O-])=O)S(=O)(=O)NC(=O)c2ccc(cc2Oc2cnc(N)c(Br)c2)N2CCN(CC3=C(CC(C)(C)CC3)c3ccc(Cl)cc3)CC2)CC1,Ki, 0.012,nM,387942,,,False
"CC1(C)CCC(CN2CCN(CC2)c2ccc(C(=O)NS(=O)(=O)c3ccc(NC4CCC(CC4)N4CCOCC4)c(c3)[N+]([O-])=O)c(Oc3cnc4[nH]ccc4c3)c2)=C(C1)c1ccc(Cl)cc1 |c:63,(8.32,-14.13,;7.51,-12.83,;9.04,-12.88,;7.51,-11.29,;6.17,-10.52,;4.84,-11.29,;3.5,-10.52,;3.5,-8.98,;4.84,-8.21,;4.84,-6.67,;3.5,-5.9,;2.17,-6.67,;2.17,-8.21,;3.5,-4.36,;4.84,-3.59,;4.84,-2.05,;3.5,-1.28,;3.5,.26,;2.17,1.03,;4.84,1.03,;4.84,2.57,;6.38,2.57,;3.3,2.57,;4.84,4.11,;3.5,4.88,;3.5,6.42,;4.84,7.19,;4.84,8.73,;3.5,9.5,;2.17,8.73,;.84,9.5,;.84,11.04,;2.17,11.81,;3.5,11.04,;-.5,11.81,;-1.83,11.04,;-3.16,11.81,;-3.16,13.35,;-1.83,14.12,;-.5,13.35,;6.17,6.42,;6.17,4.88,;7.51,7.19,;7.51,8.73,;8.84,6.42,;2.17,-2.05,;.84,-1.28,;-.5,-2.05,;-.5,-3.59,;-1.83,-4.36,;-3.16,-3.59,;-4.63,-4.06,;-5.53,-2.82,;-4.63,-1.57,;-3.16,-2.05,;-1.83,-1.28,;2.17,-3.59,;4.84,-12.83,;6.17,-13.6,;3.5,-13.6,;3.5,-15.14,;2.17,-15.91,;.84,-15.14,;-.5,-15.91,;.84,-13.6,;2.17,-12.83,)|",Ki, 0.012,nM,339590,,,False
CC1(C)CCC(CN2CCN(CC2)c2ccc(C(=O)NS(=O)(=O)c3ccc(OCC#CCN4CCOCC4)c(c3)[N+]([O-])=O)c(Oc3cnc4[nH]ccc4c3)c2)=C(C1)c1ccc(Cl)cc1 |c:60|,Ki, 0.012,nM,339619,,,False
CN1CCC(CC1)Nc1ccc(cc1[N+]([O-])=O)S(=O)(=O)NC(=O)c1ccc(cc1Oc1cc2cc[nH]c2cc1F)N1CCN(CC2=C(CC(C)(C)CC2)c2ccc(Cl)cc2)CC1 |t:50|,Ki, 0.012,nM,281484,,,False
CC1(C)CCC(CN2CCN(CC2)c2ccc(C(=O)NS(=O)(=O)c3ccc(OCC#CCN4CCOCC4)c(c3)[N+]([O-])=O)c(Oc3cnc4[nH]ccc4c3)c2)=C(C1)c1ccc(Cl)cc1,Ki, 0.012,nM,1372799,,,False
CN(C)CCOc1ccc(c(CN2CCN(CC2)c2ccc(C(=O)NS(=O)(=O)c3ccc(NCC4CCOCC4)c(c3)[N+]([O-])=O)c(Oc3ccc4[nH]ccc4c3)c2)c1)-c1ccc(Cl)cc1,Ki, 0.012,nM,324842,,,False
CN(C)CC(=O)N1CCO[C@@H](COc2ncc(cc2Cl)S(=O)(=O)NC(=O)c2ccc(cc2Oc2cccc3[nH]ncc23)N2CCN(CC3=C(CC(C)(C)CC3)c3ccc(Cl)cc3)CC2)C1 |t:51|,Ki, 0.007,nM,325129,,,False
CN(C)CCOc1ccc(c(CN2CCN(CC2)c2ccc(C(=O)NS(=O)(=O)c3ccc(NCCCN4CCCC4)c(c3)[N+]([O-])=O)c(Oc3ccc4[nH]ccc4c3)c2)c1)-c1ccc(Cl)cc1,Ki, 0.008,nM,324851,,,False
[O-][N+](=O)c1cc(ccc1NCC1CCOCC1)S(=O)(=O)NC(=O)c1ccc(cc1Oc1ccccc1)N1CCN(Cc2cc(OCCN3CCCC3)ccc2-c2ccc(Cl)cc2)CC1,Ki, 0.009,nM,324854,,,False
CN(C)CCOc1ccc(c(CN2CCN(CC2)c2ccc(C(=O)NS(=O)(=O)c3ccc(NC4CCN(C)CC4)c(c3)[N+]([O-])=O)c(Oc3ccccc3)c2)c1)-c1ccc(Cl)cc1,Ki, 0.009,nM,324849,,,False
CN1CCN(CC1)Nc1ccc(cc1[N+]([O-])=O)S(=O)(=O)NC(=O)c1ccc(cc1Oc1cnc(N)c(Cl)c1)N1CCN(CC2=C(CC(C)(C)CC2)c2ccc(Cl)cc2)CC1 |t:47|,Ki, 0.009,nM,281666,,,False
CN1CCN(CC1)Nc1ccc(cc1[N+]([O-])=O)S(=O)(=O)NC(=O)c1ccc(cc1Oc1cnc(N)c(Cl)c1)N1CCN(CC2=C(CC(C)(C)CC2)c2ccc(Cl)cc2)CC1,Ki, 0.009,nM,387918,,,False
CN1CCC(O)(CCNc2ccc(cc2[N+]([O-])=O)S(=O)(=O)NC(=O)c2ccc(cc2Oc2ccc3[nH]ccc3c2)N2CCN(CC3=C(CC(C)(C)CC3)c3ccc(Cl)cc3)CC2)CC1 |t:49|,Ki, 0.009,nM,324920,,,False
CC1(C)CCC(CN2CCN(CC2)c2ccc(C(=O)NS(=O)(=O)c3ccc(NCC4CCOCC4)c(c3)N(=O)=O)c(Oc3cnc4[nH]ccc4c3)c2)=C(C1)c1ccc(Cl)cc1,Ki,<0.010000,nM,50887435,,,False
CC1(C)CCC(=C(CN2CCN(CC2)c2ccc(C(=O)NS(=O)(=O)c3ccc(NCC4CCOCC4)c(c3)[N+]([O-])=O)c(Oc3cnc4[nH]ccc4c3)c2)C1)c1ccc(Cl)cc1,Ki,<0.010000,nM,51540767,,,False
CC1(C)CCC(CN2CCN(CC2)c2ccc(C(=O)NS(=O)(=O)c3ccc(NCC4CCOCC4)c(c3)N(=O)=O)c(Oc3cnc4[nH]ccc4c3)c2)=C(C1)c1ccc(Cl)cc1,Ki,<0.010000,nM,50490137,,,False
COCCNc1ccc(cc1[N+]([O-])=O)S(=O)(=O)NC(=O)c1ccc(cc1Oc1cnc2[nH]ccc2c1)N1CCN(CC2=C(CC(C)(C)CC2)c2ccc(Cl)cc2)CC1,Ki,<0.010,nM,704602,,,False
CC1(C)CCC(CN2CCN(CC2)c2ccc(C(=O)NS(=O)(=O)c3ccc(N[C@H]4CC[C@@H](CC4)N4CCOCC4)c(c3)[N+]([O-])=O)c(Oc3cnc4[nH]ccc4c3)c2)=C(C1)c1ccc(Cl)cc1,Ki,<0.010,nM,704601,,,False
CC1(C)CC(=C(CN2CCN(CC2)c2ccc(C(=O)NS(=O)(=O)c3ccc(NCC4CCOCC4)c(c3)[N+]([O-])=O)c(Oc3cnc4[nH]ccc4c3)c2)CO1)c1ccc(Cl)cc1,Ki,<0.010,nM,704607,,,False
CC1(C)CCC(CN2CCN(CC2)c2ccc(C(=O)NS(=O)(=O)c3ccc(OCC4COCCO4)c(c3)[N+]([O-])=O)c(Oc3cnc4[nH]ccc4c3)c2)=C(C1)c1ccc(Cl)cc1,Ki,<0.010,nM,704604,,,False
CC1(C)CCC(CN2CCN(CC2)c2ccc(C(=O)NS(=O)(=O)c3ccc(NC[C@H]4CCCOC4)c(c3)[N+]([O-])=O)c(Oc3cnc4[nH]ccc4c3)c2)=C(C1)c1ccc(Cl)cc1,Ki,<0.010,nM,704605,,,False
[O-][N+](=O)c1cc(ccc1NCCCN1CCOCC1)S(=O)(=O)NC(=O)c1ccc(cc1Oc1cnc2[nH]ccc2c1)N1CCN(Cc2ccccc2-c2ccc(Cl)cc2)CC1,Ki,<0.010,nM,704594,,,False
CN1CCC(CC1)Nc1ccc(cc1[N+]([O-])=O)S(=O)(=O)NC(=O)c1ccc(cc1Oc1cnc2[nH]ccc2c1)N1CCN(CC2=C(CC(C)(C)CC2)c2ccc(Cl)cc2)CC1,Ki,<0.010,nM,704596,,,False
CC1(C)CCC(CN2CCN(CC2)c2ccc(C(=O)NS(=O)(=O)c3ccc(NCC4CCOCC4)c(c3)[N+]([O-])=O)c(Oc3cnc4[nH]ccc4c3)c2)=C(C1)c1ccc(Cl)cc1,Ki,<0.010,nM,704597,,,False
CC1(C)CCC(CN2CCN(CC2)c2ccc(C(=O)NS(=O)(=O)c3ccc(OCC4CCOCC4)c(c3)[N+]([O-])=O)c(Oc3cnc4[nH]ccc4c3)c2)=C(C1)c1ccc(Cl)cc1,Ki,<0.010,nM,704616,,,False
CC1(C)CCC(CN2CCN(CC2)c2ccc(C(=O)NS(=O)(=O)c3ccc(NCC4COCCO4)c(c3)[N+]([O-])=O)c(Oc3cnc4[nH]ccc4c3)c2)=C(C1)c1ccc(Cl)cc1,Ki,<0.010,nM,704617,,,False
CC1(C)CCC(CN2CCN(CC2)c2ccc(C(=O)NS(=O)(=O)c3ccc(OC[C@H]4COCCO4)c(c3)[N+]([O-])=O)c(Oc3cnc4[nH]ccc4c3)c2)=C(C1)c1ccc(Cl)cc1,Ki,<0.010,nM,704622,,,False
CC1(C)CC(=C(CN2CCN(CC2)c2ccc(C(=O)NS(=O)(=O)c3ccc(NCC4COCCO4)c(c3)[N+]([O-])=O)c(Oc3cnc4[nH]ccc4c3)c2)CO1)c1ccc(Cl)cc1,Ki,<0.010,nM,704623,,,False
CC1(C)CCC(CN2CCN(CC2)c2ccc(C(=O)NS(=O)(=O)c3ccc(OC[C@@H]4COCCO4)c(c3)[N+]([O-])=O)c(Oc3cnc4[nH]ccc4c3)c2)=C(C1)c1ccc(Cl)cc1,Ki,<0.010,nM,704620,,,False
CO[C@@H]1CC[C@H](CNc2ccc(cc2[N+]([O-])=O)S(=O)(=O)NC(=O)c2ccc(cc2Oc2cnc3[nH]ccc3c2)N2CCN(CC3=C(CC(C)(C)CC3)c3ccc(Cl)cc3)CC2)CC1,Ki,<0.010,nM,704621,,,False
CC1(C)CCC(CN2CCN(CC2)c2ccc(C(=O)NS(=O)(=O)c3ccc(NCC4CCOCC4)c(c3)N(=O)=O)c(Oc3cnc4[nH]ccc4c3)c2)=C(C1)c1ccc(Cl)cc1,Ki,<0.010000,nM,51118955,,,False
CC1(C)CCC(CN2CCN(CC2)c2ccc(C(=O)NS(=O)(=O)c3cnc(OCC4CCOCC4)c(Cl)c3)c(Oc3cnc4[nH]ccc4c3)c2)=C(C1)c1ccc(Cl)cc1,Ki,<0.010,nM,704632,,,False
CC1(C)CC(=C(CN2CCN(CC2)c2ccc(C(=O)NS(=O)(=O)c3cnc(OCC4CCOCC4)c(Cl)c3)c(Oc3cnc4[nH]ccc4c3)c2)CO1)c1ccc(Cl)cc1,Ki,<0.010,nM,704633,,,False
CN1CCC(COc2ncc(cc2Br)S(=O)(=O)NC(=O)c2ccc(cc2Oc2cnc3[nH]ccc3c2)N2CCN(CC3=C(CC(C)(C)CC3)c3ccc(Cl)cc3)CC2)CC1,Ki,<0.010,nM,704639,,,False
CC1(C)CC(=C(CN2CCN(CC2)c2ccc(C(=O)NS(=O)(=O)c3ccc(N[C@H]4CC[C@@H](CC4)N4CCOCC4)c(c3)S(=O)(=O)C(F)(F)F)c(Oc3cnc4[nH]ccc4c3)c2)CO1)c1ccc(Cl)cc1,Ki,<0.010,nM,704636,,,False
CN1CCC(CC1)Nc1ccc(cc1S(=O)(=O)C(F)(F)F)S(=O)(=O)NC(=O)c1ccc(cc1Oc1cnc2[nH]ccc2c1)N1CCN(CC2=C(CC(C)(C)OC2)c2ccc(Cl)cc2)CC1,Ki,<0.010,nM,704637,,,False
CO[C@H]1CC[C@H](CNc2ccc(cc2[N+]([O-])=O)S(=O)(=O)NC(=O)c2ccc(cc2Oc2cnc3[nH]ccc3c2)N2CCN(CC3=C(CC(C)(C)CC3)c3ccc(Cl)cc3)CC2)CC1,Ki, 0.010,nM,704626,,,False
CC1(C)CC(=C(CN2CCN(CC2)c2ccc(C(=O)NS(=O)(=O)c3cnc(OCC4CCOCC4)c(c3)C#N)c(Oc3cnc4[nH]ccc4c3)c2)CO1)c1ccc(Cl)cc1,Ki,<0.010,nM,704627,,,False
CC1(C)CC(=C(CN2CCN(CC2)c2ccc(C(=O)NS(=O)(=O)c3ccc(OCC4COCCO4)c(c3)[N+]([O-])=O)c(Oc3cnc4[nH]ccc4c3)c2)CO1)c1ccc(Cl)cc1,Ki,<0.010,nM,704624,,,False
CC1(C)CC(=C(CN2CCN(CC2)c2ccc(C(=O)NS(=O)(=O)c3ccc(N[C@H]4CC[C@@H](CC4)N4CCOCC4)c(c3)[N+]([O-])=O)c(Oc3cnc4[nH]ccc4c3)c2)CO1)c1ccc(Cl)cc1,Ki,<0.010,nM,704625,,,False
CC1(C)CCC(CN2CCN(CC2)c2ccc(C(=O)NS(=O)(=O)c3ccc(OCC4(F)CCOCC4)c(c3)[N+]([O-])=O)c(Oc3cnc4[nH]ccc4c3)c2)=C(C1)c1ccc(Cl)cc1,Ki,<0.010,nM,704629,,,False
COCCOCCS(=O)(=O)c1ccc(cc1Cl)S(=O)(=O)NC(=O)c1ccc(cc1Oc1cnc2[nH]ccc2c1)N1CCN(CC2=C(CC(C)(C)CC2)c2ccc(Cl)cc2)CC1,Ki,<0.010,nM,704650,,,False
CC1(C)CCC(CN2CCN(CC2)c2ccc(C(=O)NS(=O)(=O)c3ccc(NCCC#N)c(c3)[N+]([O-])=O)c(Oc3cnc4[nH]ccc4c3)c2)=C(C1)c1ccc(Cl)cc1,Ki,<0.010,nM,704654,,,False
CC1(C)CC(=C(CN2CCN(CC2)c2ccc(C(=O)NS(=O)(=O)c3ccc(N[C@H]4CC[C@H](CC4)N4CCOCC4)c(c3)[N+]([O-])=O)c(Oc3cnc4[nH]ccc4c3)c2)CO1)c1ccc(Cl)cc1,Ki,<0.010,nM,704655,,,False
CC1(C)CCC(CN2CCN(CC2)c2ccc(C(=O)NS(=O)(=O)c3ccc(O[C@H]4CC[C@@H](CC4)N4CCOCC4)c(c3)[N+]([O-])=O)c(Oc3cnc4[nH]ccc4c3)c2)=C(C1)c1ccc(Cl)cc1,Ki,<0.010,nM,704652,,,False
CC1(C)CCC(CN2CCN(CC2)c2ccc(C(=O)NS(=O)(=O)c3ccc(OCC4CCOC(C)(C)C4)c(c3)[N+]([O-])=O)c(Oc3cnc4[nH]ccc4c3)c2)=C(C1)c1ccc(Cl)cc1,Ki,<0.010,nM,704643,,,False
CN1CCC(COc2ccc(cc2[N+]([O-])=O)S(=O)(=O)NC(=O)c2ccc(cc2Oc2cnc3[nH]ccc3c2)N2CCN(CC3=C(CC(C)(C)CC3)c3ccc(Cl)cc3)CC2)CC1,Ki,<0.010,nM,704640,,,False
CC1(C)CCC(CN2CCN(CC2)c2ccc(C(=O)NS(=O)(=O)c3ccc(NCCCN4CCOCC4)c(c3)[N+]([O-])=O)c(Oc3cnc4[nH]ccc4c3)c2)=C(C1)c1ccc(Cl)cc1,Ki,<0.010,nM,704647,,,False
CC(=O)N1CCC(CC1)Nc1ccc(cc1[N+]([O-])=O)S(=O)(=O)NC(=O)c1ccc(cc1Oc1cnc2[nH]ccc2c1)N1CCN(CC2=C(CC(C)(C)CC2)c2ccc(Cl)cc2)CC1,Ki,<0.010,nM,704645,,,False
CC1(C)CCC(=C(CN2CCN(CC2)c2ccc(C(=O)NS(=O)(=O)c3ccc(NCC4CCOCC4)c(c3)[N+]([O-])=O)c(Oc3cnc4[nH]ccc4c3)c2)C1)c1ccc(Cl)cc1,Ki,<0.010,nM,704667,,,False
CO[C@@H]1CC[C@H](CNc2ccc(cc2[N+]([O-])=O)S(=O)(=O)NC(=O)c2ccc(cc2Oc2cnc3[nH]ccc3c2)N2CCN(CC3=C(CC(C)(C)OC3)c3ccc(Cl)cc3)CC2)CC1,Ki,<0.010,nM,704664,,,False
[O-][N+](=O)c1cc(ccc1OCC1(F)CCOCC1)S(=O)(=O)NC(=O)c1ccc(cc1Oc1cnc2[nH]ccc2c1)N1CCN(CC2=C(CCC3(CCCC3)C2)c2ccc(Cl)cc2)CC1,Ki,<0.010,nM,704665,,,False
CC1(C)CCC(CN2CCN(CC2)c2ccc(C(=O)NS(=O)(=O)c3ccc(OCC4COCCN4)c(c3)[N+]([O-])=O)c(Oc3cnc4[nH]ccc4c3)c2)=C(C1)c1ccc(Cl)cc1,Ki,<0.010,nM,704670,,,False
[O-][N+](=O)c1cc(ccc1NCC1CCOCC1)S(=O)(=O)NC(=O)c1ccc(cc1Oc1cnc2[nH]ccc2c1)N1CCN(CC2=C(CCC3(CCCC3)C2)c2ccc(Cl)cc2)CC1,Ki,<0.010,nM,704671,,,False
CC1(C)CCC(CN2CCN(CC2)c2ccc(C(=O)NS(=O)(=O)c3ccc(NCC4COCCN4)c(c3)[N+]([O-])=O)c(Oc3cnc4[nH]ccc4c3)c2)=C(C1)c1ccc(Cl)cc1,Ki,<0.010,nM,704658,,,False
CN1CCN(CC1)Nc1ccc(cc1[N+]([O-])=O)S(=O)(=O)NC(=O)c1ccc(cc1Oc1cnc2[nH]ccc2c1)N1CCN(CC2=C(CC(C)(C)OC2)c2ccc(Cl)cc2)CC1,Ki,<0.010,nM,704659,,,False
CC1(C)CC(=C(CN2CCN(CC2)c2ccc(C(=O)NS(=O)(=O)c3ccc(NCC4CCOCC4)c(c3)S(=O)(=O)C(F)(F)F)c(Oc3cnc4[nH]ccc4c3)c2)CO1)c1ccc(Cl)cc1 |t:4|,Ki, 0.012,nM,339594,,,False
CC1(C)CC(=C(CN2CCN(CC2)c2ccc(C(=O)NS(=O)(=O)c3ccc(NCC4CCOCC4)c(c3)S(=O)(=O)C(F)(F)F)c(Oc3cnc4[nH]ccc4c3)c2)CO1)c1ccc(Cl)cc1,Ki, 0.012,nM,704635,,,False
CC1(C)CCC(CN2CCN(CC2)c2ccc(C(=O)NS(=O)(=O)c3ccc(OCC#CCN4CCOCC4)c(c3)[N+]([O-])=O)c(Oc3cnc4[nH]ccc4c3)c2)=C(C1)c1ccc(Cl)cc1,Ki, 0.012,nM,1179968,,,False
CC1(C)CC(=C(CN2CCN(CC2)c2ccc(C(=O)NS(=O)(=O)c3ccc(NCC4CCOCC4)c(c3)S(=O)(=O)C(F)(F)F)c(Oc3cnc4[nH]ccc4c3)c2)CO1)c1ccc(Cl)cc1,Ki, 0.012,nM,1372774,,,False
CC1(C)CCC(CN2CCN(CC2)c2ccc(C(=O)NS(=O)(=O)c3ccc(N[C@H]4CC[C@H](CC4)N4CCOCC4)c(c3)[N+]([O-])=O)c(Oc3cnc4[nH]ccc4c3)c2)=C(C1)c1ccc(Cl)cc1,Ki, 0.012,nM,1179910,,,False
CN1CCC(CC1)Nc1ccc(cc1[N+]([O-])=O)S(=O)(=O)NC(=O)c1ccc(cc1Oc1cc2cc[nH]c2cc1F)N1CCN(CC2=C(CC(C)(C)CC2)c2ccc(Cl)cc2)CC1,Ki, 0.012,nM,387731,,,False
CC1(C)CCC(CN2CCN(CC2)c2ccc(C(=O)NS(=O)(=O)c3ccc(N[C@H]4CC[C@H](CC4)N4CCOCC4)c(c3)[N+]([O-])=O)c(Oc3cnc4[nH]ccc4c3)c2)=C(C1)c1ccc(Cl)cc1,Ki, 0.012,nM,1372770,,,False
CC1(C)CCC(CN2CCN(CC2)c2ccc(C(=O)NS(=O)(=O)c3cnc(OCC4(F)CCOCC4)c(Cl)c3)c(Oc3cccc4[nH]ncc34)c2)=C(C1)c1ccc(Cl)cc1 |c:56|,Ki, 0.012,nM,325107,,,False
CC1(C)CC(=C(CN2CCN(CC2)c2ccc(C(=O)NS(=O)(=O)c3ccc(NCC4CCOCC4)c(c3)S(=O)(=O)C(F)(F)F)c(Oc3cnc4[nH]ccc4c3)c2)CO1)c1ccc(Cl)cc1,Ki, 0.012,nM,1179918,,,False
CC1(C)CCC(CN2CCN(CC2)c2ccc(C(=O)NS(=O)(=O)c3ccc(N[C@H]4CC[C@H](CC4)N4CCOCC4)c(c3)[N+]([O-])=O)c(Oc3cnc4[nH]ccc4c3)c2)=C(C1)c1ccc(Cl)cc1,Ki, 0.012,nM,704631,,,False
CC1(C)CCC(CN2CCN(CC2)c2ccc(C(=O)NS(=O)(=O)c3ccc(OCC#CCN4CCOCC4)c(c3)[N+]([O-])=O)c(Oc3cnc4[nH]ccc4c3)c2)=C(C1)c1ccc(Cl)cc1,Ki, 0.012,nM,704660,,,False
"COC1CCC(CNc2ccc(cc2[N+]([O-])=O)S(=O)(=O)NC(=O)c2ccc(cc2Oc2cnc(N)c(Br)c2)N2CCN(CC3=C(CC(C)(C)CC3)c3ccc(Cl)cc3)CC2)CC1 |t:46,(-11.47,3.54,;-10.7,2.21,;-9.16,2.21,;-8.39,.88,;-6.85,.88,;-6.08,2.21,;-4.54,2.21,;-3.77,3.54,;-2.23,3.54,;-1.46,2.21,;.08,2.21,;.85,3.54,;.08,4.88,;-1.46,4.88,;-2.23,6.21,;-1.46,7.54,;-3.77,6.21,;2.39,3.54,;2.39,5.08,;3.93,3.54,;2.39,2,;3.72,1.23,;5.06,2,;3.72,-.31,;5.06,-1.08,;5.06,-2.62,;3.72,-3.39,;2.39,-2.62,;2.39,-1.08,;1.06,-.31,;-.28,-1.08,;-1.61,-.31,;-2.94,-1.08,;-2.94,-2.62,;-4.28,-3.39,;-1.61,-3.39,;-1.61,-4.93,;-.28,-2.62,;3.72,-4.93,;5.06,-5.7,;5.06,-7.24,;3.72,-8.01,;3.72,-9.55,;5.06,-10.32,;5.06,-11.86,;6.39,-12.63,;7.73,-11.86,;8.54,-13.16,;9.26,-11.91,;7.73,-10.32,;6.39,-9.55,;3.72,-12.63,;3.72,-14.17,;2.39,-14.94,;1.06,-14.17,;-.28,-14.94,;1.06,-12.63,;2.39,-11.86,;2.39,-7.24,;2.39,-5.7,;-6.85,3.54,;-8.39,3.54,)|",Ki, 0.012,nM,281690,,,False
CN1CCC(CC1)Nc1ccc(cc1[N+]([O-])=O)S(=O)(=O)NC(=O)c1ccc(cc1Oc1ccc2[nH]ccc2c1)N1CCN(CC2=C(CC(C)(C)CC2)c2ccc(Cl)cc2)CC1,Ki, 0.013,nM,704682,,,False
CC1(C)CCC(CN2CCN(CC2)c2ccc(C(=O)NS(=O)(=O)c3ccc(NCC4CN(CCO4)C4CC4)c(c3)[N+]([O-])=O)c(Oc3cnc4[nH]ccc4c3)c2)=C(C1)c1ccc(Cl)cc1,Ki, 0.013,nM,704810,,,False
CC1CCC(O)(COc2ncc(cc2Cl)S(=O)(=O)NC(=O)c2ccc(cc2Oc2cnc3[nH]ccc3c2)N2CCN(CC3=C(CC(C)(C)CC3)c3ccc(Cl)cc3)CC2)CC1,Ki, 0.013,nM,1180146,,,False
CC1(C)CCC(CN2CCN(CC2)c2ccc(C(=O)NS(=O)(=O)c3cnc(OC[C@H]4CC[C@@](C)(O)CC4)c(Cl)c3)c(Oc3cnc4[nH]ccc4c3)c2)=C(C1)c1ccc(Cl)cc1,Ki, 0.013,nM,1373076,,,False
CC1(C)CCC(CN2CCN(CC2)c2ccc(C(=O)NS(=O)(=O)c3ccc(NCC4CN(CCO4)C4CC4)c(c3)[N+]([O-])=O)c(Oc3cnc4[nH]ccc4c3)c2)=C(C1)c1ccc(Cl)cc1,Ki, 0.013,nM,1179891,,,False
CN1CCC(CC1)Nc1ccc(cc1[N+]([O-])=O)S(=O)(=O)NC(=O)c1ccc(cc1Oc1ccc2[nH]ccc2c1)N1CCN(CC2=C(CC(C)(C)CC2)c2ccc(Cl)cc2)CC1,Ki, 0.013,nM,1372821,,,False
CC1(C)CCC(CN2CCN(CC2)c2ccc(C(=O)NS(=O)(=O)c3ccc(NCC4CN(CCO4)C4CC4)c(c3)[N+]([O-])=O)c(Oc3cnc4[nH]ccc4c3)c2)=C(C1)c1ccc(Cl)cc1,Ki, 0.013,nM,1372949,,,False
CC1(C)CCC(CN2CCN(CC2)c2ccc(C(=O)NS(=O)(=O)c3cnc(OC[C@H]4CC[C@@](C)(O)CC4)c(Cl)c3)c(Oc3cnc4[nH]ccc4c3)c2)=C(C1)c1ccc(Cl)cc1,Ki, 0.013,nM,704937,,,False
"CC1(C)CCC(CN2CCN(CC2)c2ccc(C(=O)NS(=O)(=O)c3ccc(NCC4CCC(C)(O)CC4)c(c3)[N+]([O-])=O)c(Oc3cnc4[nH]ccc4c3)c2)=C(C1)c1ccc(Cl)cc1 |c:59,(8.08,-9.06,;7.26,-7.76,;8.8,-7.81,;7.26,-6.22,;5.93,-5.45,;4.59,-6.22,;3.26,-5.45,;3.26,-3.91,;4.59,-3.14,;4.59,-1.6,;3.26,-.83,;1.92,-1.6,;1.92,-3.14,;3.26,.71,;4.59,1.48,;4.59,3.02,;3.26,3.79,;3.26,5.33,;4.59,6.1,;1.92,6.1,;1.92,7.64,;1.92,9.18,;3.46,7.64,;.38,7.64,;-.39,6.31,;-1.93,6.31,;-2.7,7.64,;-4.24,7.64,;-5.01,6.31,;-6.55,6.31,;-7.32,4.97,;-8.86,4.97,;-9.63,6.31,;-10.99,5.59,;-10.99,7.03,;-8.86,7.64,;-7.32,7.64,;-1.93,8.98,;-.39,8.98,;-2.7,10.31,;-1.93,11.64,;-4.24,10.31,;1.92,3.02,;.59,3.79,;-.74,3.02,;-.74,1.48,;-2.08,.71,;-3.41,1.48,;-4.87,1.01,;-5.78,2.25,;-4.87,3.5,;-3.41,3.02,;-2.08,3.79,;1.92,1.48,;4.59,-7.76,;5.93,-8.53,;3.26,-8.53,;3.26,-10.07,;1.92,-10.84,;.59,-10.07,;-.74,-10.84,;.59,-8.53,;1.92,-7.76,)|",Ki, 0.013,nM,339878,,,False
CN1CCC(CC1)Nc1ccc(cc1[N+]([O-])=O)S(=O)(=O)NC(=O)c1ccc(cc1Oc1ccccc1Cl)N1CCN(CC2=C(CC(C)(C)OC2)c2ccc(Cl)cc2)CC1,Ki, 0.013,nM,387617,,,False
CC1(C)CCC(CN2CCN(CC2)c2ccc(C(=O)NS(=O)(=O)c3ccc(NC4CCN(CC4)C4CCOCC4)c(c3)[N+]([O-])=O)c(Oc3cnc4[nH]ccc4c3)c2)=C(C1)c1ccc(Cl)cc1 |c:63|,Ki, 0.013,nM,339554,,,False
"CC1(C)CCC(CN2CCN(CC2)c2ccc(C(=O)NS(=O)(=O)c3cnc(OCC4CCC(C)(O)CC4)c(Cl)c3)c(Oc3cnc4[nH]ccc4c3)c2)=C(C1)c1ccc(Cl)cc1 |c:57,(6.39,-10.96,;5.57,-9.66,;7.11,-9.71,;5.57,-8.12,;4.24,-7.35,;2.9,-8.12,;1.57,-7.35,;1.57,-5.81,;2.9,-5.04,;2.9,-3.5,;1.57,-2.73,;.23,-3.5,;.23,-5.04,;1.57,-1.19,;2.9,-.42,;2.9,1.12,;1.57,1.89,;1.57,3.43,;.23,4.2,;2.9,4.2,;4.24,3.43,;5.01,4.77,;3.47,2.1,;5.57,2.66,;5.57,1.12,;6.9,.35,;8.24,1.12,;9.57,.35,;10.9,1.12,;12.24,.35,;13.57,1.12,;14.9,.35,;14.9,-1.19,;16.44,-1.24,;15.72,-2.49,;13.57,-1.96,;12.24,-1.19,;8.24,2.66,;9.57,3.43,;6.9,3.43,;.23,1.12,;-1.1,1.89,;-2.43,1.12,;-2.43,-.42,;-3.77,-1.19,;-5.1,-.42,;-6.56,-.89,;-7.47,.35,;-6.56,1.6,;-5.1,1.12,;-3.77,1.89,;.23,-.42,;2.9,-9.66,;4.24,-10.43,;1.57,-10.43,;1.57,-11.97,;.23,-12.74,;-1.1,-11.97,;-2.43,-12.74,;-1.1,-10.43,;.23,-9.66,)|",Ki, 0.013,nM,339885,,,False
CC1(C)CCC(CN2CCN(CC2)c2ccc(C(=O)NS(=O)(=O)c3ccc(NC[C@H]4CC[C@](C)(O)CC4)c(c3)[N+]([O-])=O)c(Oc3cnc4[nH]ccc4c3)c2)=C(C1)c1ccc(Cl)cc1,Ki, 0.013,nM,704928,,,False
CC1(C)CCC(CN2CCN(CC2)c2ccc(C(=O)NS(=O)(=O)c3ccc(NC4CCN(CC4)C4CCOCC4)c(c3)[N+]([O-])=O)c(Oc3cnc4[nH]ccc4c3)c2)=C(C1)c1ccc(Cl)cc1,Ki, 0.013,nM,1372734,,,False
CC1(C)CCC(CN2CCN(CC2)c2ccc(C(=O)NS(=O)(=O)c3ccc(NC4CCN(CC4)C4CCOCC4)c(c3)[N+]([O-])=O)c(Oc3cnc4[nH]ccc4c3)c2)=C(C1)c1ccc(Cl)cc1,Ki, 0.013,nM,1179838,,,False
CC1(C)CCC(CN2CCN(CC2)c2ccc(C(=O)NS(=O)(=O)c3ccc(NCC4CCC(C)(O)CC4)c(c3)[N+]([O-])=O)c(Oc3cnc4[nH]ccc4c3)c2)=C(C1)c1ccc(Cl)cc1,Ki, 0.013,nM,1180128,,,False
CN1CCC(CC1)Nc1ccc(cc1[N+]([O-])=O)S(=O)(=O)NC(=O)c1ccc(cc1Oc1ccc2[nH]ccc2c1)N1CCN(CC2=C(CC(C)(C)CC2)c2ccc(Cl)cc2)CC1 |t:49|,Ki, 0.013,nM,339639,,,False
CC1(C)CCC(CN2CCN(CC2)c2ccc(C(=O)NS(=O)(=O)c3ccc(NCC4CN(CCO4)C4CC4)c(c3)[N+]([O-])=O)c(Oc3cnc4[nH]ccc4c3)c2)=C(C1)c1ccc(Cl)cc1 |c:61|,Ki, 0.013,nM,339762,,,False
CN1CCC(CC1)Nc1ccc(cc1[N+]([O-])=O)S(=O)(=O)NC(=O)c1ccc(cc1Oc1ccc2[nH]ccc2c1)N1CCN(CC2=C(CC(C)(C)CC2)c2ccc(Cl)cc2)CC1 |t:49|,Ki, 0.013,nM,324819,,,False
OC1CCC(=C(CN2CCN(CC2)c2ccc(C(=O)NS(=O)(=O)c3ccc(NCC4CCOCC4)c(c3)[N+]([O-])=O)c(Oc3ccc4[nH]ccc4c3)c2)C1)c1ccc(Cl)cc1 |t:4|,Ki, 0.013,nM,324956,,,False
CC1(C)CCC(CN2CCN(CC2)c2ccc(C(=O)NS(=O)(=O)c3ccc(NC4CCN(CC4)C4CCOCC4)c(c3)[N+]([O-])=O)c(Oc3cnc4[nH]ccc4c3)c2)=C(C1)c1ccc(Cl)cc1,Ki, 0.013,nM,704595,,,False
CN1CCC(CC1)Nc1ccc(cc1[N+]([O-])=O)S(=O)(=O)NC(=O)c1ccc(cc1Oc1ccc2[nH]ccc2c1)N1CCN(CC2=C(CC(C)(C)CC2)c2ccc(Cl)cc2)CC1,Ki, 0.013,nM,1180012,,,False
CN1CCC(CC1)Nc1ccc(cc1[N+]([O-])=O)S(=O)(=O)NC(=O)c1ccc(cc1Oc1ccccc1Cl)N1CCN(CC2=C(CC(C)(C)OC2)c2ccc(Cl)cc2)CC1 |t:46|,Ki, 0.013,nM,281371,,,False
CC1(C)CCC(CN2CCN(CC2)c2ccc(C(=O)NS(=O)(=O)c3ccc(NC[C@H]4CC[C@](C)(O)CC4)c(c3)[N+]([O-])=O)c(Oc3cnc4[nH]ccc4c3)c2)=C(C1)c1ccc(Cl)cc1,Ki, 0.013,nM,1373067,,,False
CC1(C)CCC(CN2CCN(CC2)c2ccc(C(=O)NS(=O)(=O)c3ccc(OCC4C[C@@H]5C[C@H]4C=C5)c(c3)[N+]([O-])=O)c(Oc3cnc4[nH]ccc4c3)c2)=C(C1)c1ccc(Cl)cc1,Ki, 0.014,nM,1179857,,,False
CN1CCC(CC1)Nc1ccc(cc1[N+]([O-])=O)S(=O)(=O)NC(=O)c1ccc(cc1Oc1ccc2[nH]ccc2c1)N1CCN(CC2=C(CC(C)(C)OC2)c2ccc(Cl)cc2)CC1 |t:49|,Ki, 0.014,nM,324866,,,False
CC1(C)CCC(CN2CCN(CC2)c2ccc(C(=O)NS(=O)(=O)c3cnc(OC[C@]4(F)CC[C@@](C)(O)CC4)c(Cl)c3)c(Oc3cnc4[nH]ccc4c3)c2)=C(C1)c1ccc(Cl)cc1,Ki, 0.014,nM,1373084,,,False
CC1(C)CCC(CN2CCN(CC2)c2ccc(C(=O)NS(=O)(=O)c3ccc(OC[C@H]4CC[C@@](C)(O)CC4)c(c3)[N+]([O-])=O)c(Oc3cnc4[nH]ccc4c3)c2)=C(C1)c1ccc(Cl)cc1,Ki, 0.014,nM,1373081,,,False
CC1(C)CCC(CN2CCN(CC2)c2ccc(C(=O)NS(=O)(=O)c3ccc(NC4CCN(CC4)C(CF)CF)c(c3)[N+]([O-])=O)c(Oc3cnc4[nH]ccc4c3)c2)=C(C1)c1ccc(Cl)cc1,Ki, 0.014,nM,1372826,,,False
CC1(C)CCC(CN2CCN(CC2)c2ccc(C(=O)NS(=O)(=O)c3cnc(OCC4(F)CCOCC4)c(Cl)c3)c(Oc3cnc4[nH]ccc4c3)c2)=C(C1)c1ccc(Cl)cc1,Ki, 0.014,nM,1372827,,,False
CC1(C)CCC(CN2CCN(CC2)c2ccc(C(=O)NS(=O)(=O)c3cnc(OCC4(F)CCC(C)(O)CC4)c(Cl)c3)c(Oc3cnc4[nH]ccc4c3)c2)=C(C1)c1ccc(Cl)cc1,Ki, 0.014,nM,1180162,,,False
CC1(C)CCC(CN2CCN(CC2)c2ccc(C(=O)NS(=O)(=O)c3ccc(OCC4C[C@@H]5C[C@H]4C=C5)c(c3)[N+]([O-])=O)c(Oc3cnc4[nH]ccc4c3)c2)=C(C1)c1ccc(Cl)cc1,Ki, 0.014,nM,1372932,,,False
CC1(C)CCC(CN2CCN(CC2)c2ccc(C(=O)NS(=O)(=O)c3ccc(OCC4C[C@@H]5C[C@H]4C=C5)c(c3)[N+]([O-])=O)c(Oc3cnc4[nH]ccc4c3)c2)=C(C1)c1ccc(Cl)cc1,Ki, 0.014,nM,704793,,,False
CC1(C)CCC(CN2CCN(CC2)c2ccc(C(=O)NS(=O)(=O)c3ccc(NC4CCN(CC4)C4COC4)c(c3)[N+]([O-])=O)c(Oc3cnc(N)c(Cl)c3)c2)=C(C1)c1ccc(Cl)cc1 |c:59|,Ki, 0.014,nM,281687,,,False
CC1(C)CCC(CN2CCN(CC2)c2ccc(C(=O)NS(=O)(=O)c3ccc(NCC4CN(CCO4)C4CC4)c(c3)[N+]([O-])=O)c(Oc3cnc(N)c(Cl)c3)c2)=C(C1)c1ccc(Cl)cc1 |c:59|,Ki, 0.014,nM,281692,,,False
CC1(C)CCC(CN2CCN(CC2)c2ccc(C(=O)NS(=O)(=O)c3ccc(NC4CCN(CC4)C(CF)CF)c(c3)[N+]([O-])=O)c(Oc3cnc4[nH]ccc4c3)c2)=C(C1)c1ccc(Cl)cc1,Ki, 0.014,nM,1180022,,,False
CC1(C)CCC(CN2CCN(CC2)c2ccc(C(=O)NS(=O)(=O)c3ccc(OC[C@H]4CC[C@@](C)(O)CC4)c(c3)[N+]([O-])=O)c(Oc3cnc4[nH]ccc4c3)c2)=C(C1)c1ccc(Cl)cc1,Ki, 0.014,nM,704942,,,False
CC1(C)CCC(CN2CCN(CC2)c2ccc(C(=O)NS(=O)(=O)c3ccc(NC4CCN(CC4)C(CF)CF)c(c3)[N+]([O-])=O)c(Oc3cnc4[nH]ccc4c3)c2)=C(C1)c1ccc(Cl)cc1,Ki, 0.014,nM,704687,,,False
CC1(C)CCC(CN2CCN(CC2)c2ccc(C(=O)NS(=O)(=O)c3ccc(NC4CCN(CC4)C4COC4)c(c3)[N+]([O-])=O)c(Oc3cnc(N)c(Cl)c3)c2)=C(C1)c1ccc(Cl)cc1,Ki, 0.014,nM,387939,,,False
CN(C)CCOc1cccc(c1CN1CCN(CC1)c1ccc(C(=O)NS(=O)(=O)c2ccc(NC3CCN(CC3)C3CCOCC3)c(c2)[N+]([O-])=O)c(Oc2cccc3[nH]ccc23)c1)-c1ccc(Cl)cc1,Ki, 0.014,nM,324909,,,False
CC1(C)CCC(CN2CCN(CC2)c2ccc(C(=O)NS(=O)(=O)c3cnc(OCC4(F)CCOCC4)c(Cl)c3)c(Oc3cnc4[nH]ccc4c3)c2)=C(C1)c1ccc(Cl)cc1,Ki, 0.014,nM,1180024,,,False
CC1(C)CCC(CN2CCN(CC2)c2ccc(C(=O)NS(=O)(=O)c3ccc(NCC4CN(CCO4)C4CC4)c(c3)[N+]([O-])=O)c(Oc3cnc(N)c(Cl)c3)c2)=C(C1)c1ccc(Cl)cc1,Ki, 0.014,nM,387944,,,False
CC1(C)CCC(CN2CCN(CC2)c2ccc(C(=O)NS(=O)(=O)c3ccc(OCC4CCC(C)(O)CC4)c(c3)[N+]([O-])=O)c(Oc3cnc4[nH]ccc4c3)c2)=C(C1)c1ccc(Cl)cc1,Ki, 0.014,nM,1180156,,,False
"CC1(C)CCC(CN2CCN(CC2)c2ccc(C(=O)NS(=O)(=O)c3ccc(NC4C[C@H]5C[C@@H]4C=C5)c(c3)[N+]([O-])=O)c(Oc3cnc4[nH]ccc4c3)c2)=C(C1)c1ccc(Cl)cc1 |r,c:35,58|",Ki, 0.014,nM,312116,,,False
"CC1(C)CCC(CN2CCN(CC2)c2ccc(C(=O)NS(=O)(=O)c3cnc(OCC4(F)CCC(C)(O)CC4)c(Cl)c3)c(Oc3cnc4[nH]ccc4c3)c2)=C(C1)c1ccc(Cl)cc1 |c:58,(-2.67,-10.52,;-1.85,-9.21,;-3.39,-9.27,;-1.85,-7.67,;-.52,-6.9,;.82,-7.67,;2.15,-6.9,;2.15,-5.36,;3.48,-4.59,;3.48,-3.05,;2.15,-2.28,;.82,-3.05,;.82,-4.59,;2.15,-.74,;3.48,.03,;3.48,1.57,;2.15,2.34,;2.15,3.88,;.82,4.65,;3.48,4.65,;4.82,3.88,;5.59,5.21,;4.05,2.54,;6.15,3.11,;6.15,1.57,;7.48,.8,;8.82,1.57,;10.15,.8,;10.15,-.74,;11.48,-1.51,;11.38,.02,;13.02,-1.46,;13.84,-2.76,;13.12,-4.12,;14.45,-4.89,;13.22,-5.66,;11.58,-4.18,;10.76,-2.87,;8.82,3.11,;10.15,3.88,;7.48,3.88,;.82,1.57,;-.52,2.34,;-1.85,1.57,;-1.85,.03,;-3.19,-.74,;-4.52,.03,;-5.98,-.45,;-6.89,.8,;-5.98,2.04,;-4.52,1.57,;-3.19,2.34,;.82,.03,;.82,-9.21,;-.52,-9.98,;2.15,-9.98,;3.48,-9.21,;4.82,-9.98,;4.82,-11.52,;6.15,-12.29,;3.48,-12.29,;2.15,-11.52,)|",Ki, 0.014,nM,339893,,,False
"CC1(C)CCC(CN2CCN(CC2)c2ccc(C(=O)NS(=O)(=O)c3ccc(OCC4CCC(C)(O)CC4)c(c3)[N+]([O-])=O)c(Oc3cnc4[nH]ccc4c3)c2)=C(C1)c1ccc(Cl)cc1 |c:59,(8.08,-9.06,;7.26,-7.76,;8.8,-7.81,;7.26,-6.22,;5.93,-5.45,;4.59,-6.22,;3.26,-5.45,;3.26,-3.91,;4.59,-3.14,;4.59,-1.6,;3.26,-.83,;1.92,-1.6,;1.92,-3.14,;3.26,.71,;4.59,1.48,;4.59,3.02,;3.26,3.79,;3.26,5.33,;4.59,6.1,;1.92,6.1,;1.92,7.64,;1.92,9.18,;3.46,7.64,;.38,7.64,;-.39,6.31,;-1.93,6.31,;-2.7,7.64,;-4.24,7.64,;-5.01,6.31,;-6.55,6.31,;-7.32,4.97,;-8.86,4.97,;-9.63,6.31,;-10.99,5.59,;-10.99,7.03,;-8.86,7.64,;-7.32,7.64,;-1.93,8.98,;-.39,8.98,;-2.7,10.31,;-1.93,11.64,;-4.24,10.31,;1.92,3.02,;.59,3.79,;-.74,3.02,;-.74,1.48,;-2.08,.71,;-3.41,1.48,;-4.87,1.01,;-5.78,2.25,;-4.87,3.5,;-3.41,3.02,;-2.08,3.79,;1.92,1.48,;4.59,-7.76,;5.93,-8.53,;3.26,-8.53,;3.26,-10.07,;1.92,-10.84,;.59,-10.07,;-.74,-10.84,;.59,-8.53,;1.92,-7.76,)|",Ki, 0.014,nM,339890,,,False
CC1(C)CCC(CN2CCN(CC2)c2ccc(C(=O)NS(=O)(=O)c3cnc(OCC4(F)CCOCC4)c(Cl)c3)c(Oc3cnc4[nH]ccc4c3)c2)=C(C1)c1ccc(Cl)cc1 |c:56|,Ki, 0.014,nM,339645,,,False
CC1(C)CCC(CN2CCN(CC2)c2ccc(C(=O)NS(=O)(=O)c3ccc(NC4CCN(CC4)C(CF)CF)c(c3)[N+]([O-])=O)c(Oc3cnc4[nH]ccc4c3)c2)=C(C1)c1ccc(Cl)cc1 |c:61|,Ki, 0.014,nM,339644,,,False
CC1(C)CCC(CN2CCN(CC2)c2ccc(C(=O)NS(=O)(=O)c3cnc(OCC4(F)CCOCC4)c(Cl)c3)c(Oc3cnc4[nH]ccc4c3)c2)=C(C1)c1ccc(Cl)cc1,Ki, 0.014,nM,704688,,,False
CC1(C)CCC(CN2CCN(CC2)c2ccc(C(=O)NS(=O)(=O)c3cnc(OC[C@]4(F)CC[C@@](C)(O)CC4)c(Cl)c3)c(Oc3cnc4[nH]ccc4c3)c2)=C(C1)c1ccc(Cl)cc1,Ki, 0.014,nM,704945,,,False
CC1(C)CCC(CN2CCN(CC2)c2ccc(C(=O)NS(=O)(=O)c3ccc(NCC4COCCO4)c(c3)[N+]([O-])=O)c(Oc3cnc(N)c(Br)c3)c2)=C(C1)c1ccc(Cl)cc1 |c:55|,Ki, 0.015,nM,281684,,,False
CC1(C)CCC(CN2CCN(CC2)c2ccc(C(=O)NS(=O)(=O)c3ccc(N[C@@H]4CCN(CC(F)F)C4)c(c3)[N+]([O-])=O)c(Oc3cccc4[nH]cnc34)c2)=C(C1)c1ccc(Cl)cc1 |c:59|,Ki, 0.015,nM,325110,,,False
CN(C)CCOc1cccc(c1CN1CCN(CC1)c1ccc(C(=O)NS(=O)(=O)c2ccc(NCCCN3CCCC3)c(c2)[N+]([O-])=O)c(Oc2ccccc2)c1)-c1ccc(Cl)cc1,Ki, 0.015,nM,324839,,,False
CN(C)CC(=O)N1CCO[C@H](COc2ncc(cc2Cl)S(=O)(=O)NC(=O)c2ccc(cc2Oc2cnc3[nH]ccc3c2)N2CCN(CC3=C(CC(C)(C)CC3)c3ccc(Cl)cc3)CC2)C1,Ki, 0.015,nM,1372976,,,False
CC1(C)CCC(CN2CCN(CC2)c2ccc(C(=O)NS(=O)(=O)c3ccc(NCC4COCCO4)c(c3)[N+]([O-])=O)c(Oc3cnc(N)c(Br)c3)c2)=C(C1)c1ccc(Cl)cc1,Ki, 0.015,nM,387936,,,False
CN(C)CC(=O)N1CCO[C@H](COc2ncc(cc2Cl)S(=O)(=O)NC(=O)c2ccc(cc2Oc2cnc3[nH]ccc3c2)N2CCN(CC3=C(CC(C)(C)CC3)c3ccc(Cl)cc3)CC2)C1,Ki, 0.015,nM,1179945,,,False
CN(C)CC(=O)N1CCO[C@H](COc2ncc(cc2Cl)S(=O)(=O)NC(=O)c2ccc(cc2Oc2cnc3[nH]ccc3c2)N2CCN(CC3=C(CC(C)(C)CC3)c3ccc(Cl)cc3)CC2)C1 |t:51|,Ki, 0.015,nM,339787,,,False
CN(C)CC(=O)N1CCO[C@H](COc2ncc(cc2Cl)S(=O)(=O)NC(=O)c2ccc(cc2Oc2cnc3[nH]ccc3c2)N2CCN(CC3=C(CC(C)(C)CC3)c3ccc(Cl)cc3)CC2)C1,Ki, 0.015,nM,704837,,,False
CC1(C)CCC(CN2CCN(CC2)c2ccc(C(=O)NS(=O)(=O)c3ccc(OCC4COCCN4C4CCOCC4)c(c3)[N+]([O-])=O)c(Oc3cnc4[nH]ccc4c3)c2)=C(C1)c1ccc(Cl)cc1 |c:64|,Ki, 0.016,nM,339653,,,False
CN(C)CCCNc1ccc(NC(=O)c2ccc(cc2Oc2cccc(F)c2)N2CCN(CC3=C(CC(C)(C)CC3)c3ccc(Cl)cc3)CC2)cc1[N+]([O-])=O,Ki, 0.016,nM,387716,,,False
CC1(C)CCC(CN2CCN(CC2)c2ccc(C(=O)NS(=O)(=O)c3ccc(OCC4CCC(C)(O)CC4)c(Cl)c3)c(Oc3cnc4[nH]ccc4c3)c2)=C(C1)c1ccc(Cl)cc1,Ki, 0.016,nM,1180176,,,False
CN1CCC(F)(COc2ncc(cc2Cl)S(=O)(=O)NC(=O)c2ccc(cc2Oc2cnc3[nH]ccc3c2)N2CCN(CC3=C(CC(C)(C)CC3)c3ccc(Cl)cc3)CC2)CC1,Ki, 0.016,nM,1179991,,,False
CN1CCC(F)(COc2ncc(cc2Cl)S(=O)(=O)NC(=O)c2ccc(cc2Oc2cnc3[nH]ccc3c2)N2CCN(CC3=C(CC(C)(C)CC3)c3ccc(Cl)cc3)CC2)CC1 |t:46|,Ki, 0.016,nM,339810,,,False
CC1(C)CCC(CN2CCN(CC2)c2ccc(C(=O)NS(=O)(=O)c3ccc(N[C@@H]4CCN(CC(F)F)C4)c(c3)[N+]([O-])=O)c(Oc3cnc(N)c(Cl)c3)c2)=C(C1)c1ccc(Cl)cc1 |c:57|,Ki, 0.016,nM,281676,,,False
CN(C)CC(=O)N1CCC(COc2ncc(cc2Cl)S(=O)(=O)NC(=O)c2ccc(cc2Oc2cnc3[nH]ccc3c2)N2CCN(CC3=C(CC(C)(C)CC3)c3ccc(Cl)cc3)CC2)CC1,Ki, 0.016,nM,1372990,,,False
CC1(C)CCC(CN2CCN(CC2)c2ccc(C(=O)NS(=O)(=O)c3ccc(NC[C@@H]4CCCOC4)c(c3)[N+]([O-])=O)c(Oc3cnc4[nH]ccc4c3)c2)=C(C1)c1ccc(Cl)cc1 |c:57|,Ki, 0.016,nM,339562,,,False
CC1(C)CCC(CN2CCN(CC2)c2ccc(C(=O)NS(=O)(=O)c3ccc(NC[C@@H]4CCCOC4)c(c3)[N+]([O-])=O)c(Oc3cnc4[nH]ccc4c3)c2)=C(C1)c1ccc(Cl)cc1,Ki, 0.016,nM,704603,,,False
CC1(C)CCC(CN2CCN(CC2)c2ccc(C(=O)NS(=O)(=O)c3ccc(OCC4COCCN4C4CCOCC4)c(c3)[N+]([O-])=O)c(Oc3cnc4[nH]ccc4c3)c2)=C(C1)c1ccc(Cl)cc1,Ki, 0.016,nM,704696,,,False
CC1(C)CCC(CN2CCN(CC2)c2ccc(C(=O)NS(=O)(=O)c3ccc(OC[C@H]4CC[C@@](C)(O)CC4)c(Cl)c3)c(Oc3cnc4[nH]ccc4c3)c2)=C(C1)c1ccc(Cl)cc1,Ki, 0.016,nM,704952,,,False
CC1(C)CCC(CN2CCN(CC2)c2ccc(C(=O)NS(=O)(=O)c3ccc(NC[C@@H]4CCCOC4)c(c3)[N+]([O-])=O)c(Oc3cnc4[nH]ccc4c3)c2)=C(C1)c1ccc(Cl)cc1,Ki, 0.016,nM,1372742,,,False
CN1CCC(F)(COc2ncc(cc2Cl)S(=O)(=O)NC(=O)c2ccc(cc2Oc2cnc3[nH]ccc3c2)N2CCN(CC3=C(CC(C)(C)CC3)c3ccc(Cl)cc3)CC2)CC1,Ki, 0.016,nM,1372999,,,False
CN1CCC(F)(COc2ncc(cc2Cl)S(=O)(=O)NC(=O)c2ccc(cc2Oc2cnc3[nH]ccc3c2)N2CCN(CC3=C(CC(C)(C)CC3)c3ccc(Cl)cc3)CC2)CC1,Ki, 0.016,nM,704860,,,False
CN(C)CC(=O)N1CCC(COc2ncc(cc2Cl)S(=O)(=O)NC(=O)c2ccc(cc2Oc2cnc3[nH]ccc3c2)N2CCN(CC3=C(CC(C)(C)CC3)c3ccc(Cl)cc3)CC2)CC1,Ki, 0.016,nM,1179973,,,False
CC1(C)CCC(CN2CCN(CC2)c2ccc(C(=O)NS(=O)(=O)c3ccc(OCC4COCCN4C4CCOCC4)c(c3)[N+]([O-])=O)c(Oc3cnc4[nH]ccc4c3)c2)=C(C1)c1ccc(Cl)cc1,Ki, 0.016,nM,1372835,,,False
CC1(C)CCC(CN2CCN(CC2)c2ccc(C(=O)NS(=O)(=O)c3ccc(OC[C@H]4CC[C@@](C)(O)CC4)c(Cl)c3)c(Oc3cnc4[nH]ccc4c3)c2)=C(C1)c1ccc(Cl)cc1,Ki, 0.016,nM,1373091,,,False
CN(C)CC(=O)N1CCC(COc2ncc(cc2Cl)S(=O)(=O)NC(=O)c2ccc(cc2Oc2cnc3[nH]ccc3c2)N2CCN(CC3=C(CC(C)(C)CC3)c3ccc(Cl)cc3)CC2)CC1,Ki, 0.016,nM,704851,,,False
CC1(C)CCC(CN2CCN(CC2)c2ccc(C(=O)NS(=O)(=O)c3ccc(OCC4COCCN4C4CCOCC4)c(c3)[N+]([O-])=O)c(Oc3cnc4[nH]ccc4c3)c2)=C(C1)c1ccc(Cl)cc1,Ki, 0.016,nM,1180040,,,False
CN(C)CCCNc1ccc(cc1[N+]([O-])=O)S(=O)(=O)NC(=O)c1ccc(cc1Oc1cccc(F)c1)N1CCN(CC2=C(CC(C)(C)CC2)c2ccc(Cl)cc2)CC1 |t:44|,Ki, 0.016,nM,281470,,,False
CC1(C)CCC(CN2CCN(CC2)c2ccc(C(=O)NS(=O)(=O)c3ccc(NC[C@@H]4CCCOC4)c(c3)[N+]([O-])=O)c(Oc3cnc4[nH]ccc4c3)c2)=C(C1)c1ccc(Cl)cc1,Ki, 0.016,nM,1179854,,,False
CN(C)CC(=O)N1CCC(COc2ncc(cc2Cl)S(=O)(=O)NC(=O)c2ccc(cc2Oc2cnc3[nH]ccc3c2)N2CCN(CC3=C(CC(C)(C)CC3)c3ccc(Cl)cc3)CC2)CC1 |t:50|,Ki, 0.016,nM,339801,,,False
CC1(C)CCC(CN2CCN(CC2)c2ccc(C(=O)NS(=O)(=O)c3ccc(N[C@@H]4CCN(CC(F)F)C4)c(c3)[N+]([O-])=O)c(Oc3cnc(N)c(Cl)c3)c2)=C(C1)c1ccc(Cl)cc1,Ki, 0.016,nM,387928,,,False
"CC1(C)CCC(CN2CCN(CC2)c2ccc(C(=O)NS(=O)(=O)c3ccc(OCC4CCC(C)(O)CC4)c(Cl)c3)c(Oc3cnc4[nH]ccc4c3)c2)=C(C1)c1ccc(Cl)cc1 |c:57,(11.53,-12.3,;10.71,-10.99,;12.25,-11.04,;10.71,-9.45,;9.38,-8.68,;8.04,-9.45,;6.71,-8.68,;6.71,-7.14,;8.04,-6.37,;8.04,-4.83,;6.71,-4.06,;5.38,-4.83,;5.38,-6.37,;6.71,-2.52,;8.04,-1.75,;8.04,-.21,;6.71,.56,;6.71,2.1,;8.04,2.87,;5.38,2.87,;5.38,4.41,;6.92,4.41,;5.38,5.95,;3.84,4.41,;3.07,5.74,;1.53,5.74,;.76,4.41,;-.78,4.41,;-1.55,3.08,;-3.09,3.08,;-3.86,1.74,;-5.4,1.74,;-6.17,3.08,;-7.53,2.35,;-7.53,3.8,;-5.4,4.41,;-3.86,4.41,;1.53,3.08,;.76,1.74,;3.07,3.08,;5.38,-.21,;4.04,.56,;2.71,-.21,;2.71,-1.75,;1.37,-2.52,;.04,-1.75,;-1.42,-2.23,;-2.33,-.98,;-1.42,.27,;.04,-.21,;1.37,.56,;5.38,-1.75,;8.04,-10.99,;9.38,-11.76,;6.71,-11.76,;6.71,-13.3,;5.38,-14.07,;4.04,-13.3,;2.71,-14.07,;4.04,-11.76,;5.38,-10.99,)|",Ki, 0.016,nM,339899,,,False
CC1(C)CCC(CN2CCN(CC2)c2ccc(C(=O)NS(=O)(=O)c3ccc(OCC4(F)CCC(CC4)N(CCC#N)C4CC4)c(c3)[N+]([O-])=O)c(Oc3cnc4[nH]ccc4c3)c2)=C(C1)c1ccc(Cl)cc1,Ki, 0.017,nM,1180178,,,False
CN1CCN(CC1)Nc1ccc(cc1[N+]([O-])=O)S(=O)(=O)NC(=O)c1ccc(cc1Oc1ccc2[nH]ccc2c1)N1CCN(CC2=C(CCC(O)C2)c2ccc(Cl)cc2)CC1 |t:49|,Ki, 0.017,nM,324935,,,False
CC1(C)CCC(CN2CCN(CC2)c2ccc(C(=O)NS(=O)(=O)c3ccc(OCC4(F)CCN(CC4)C4CC4)c(c3)[N+]([O-])=O)c(Oc3cc4cc[nH]c4cc3F)c2)=C(C1)c1ccc(Cl)cc1 |c:63|,Ki, 0.017,nM,281664,,,False
CC1(C)CC(=C(CN2CCN(CC2)c2ccc(C(=O)NS(=O)(=O)c3ccc(NCC4CCOCC4)c(c3)[N+]([O-])=O)c(Oc3cc4cc[nH]c4cc3F)c2)CO1)c1ccc(Cl)cc1 |t:4|,Ki, 0.017,nM,281601,,,False
CC1(C)CCC(CN2CCN(CC2)c2ccc(C(=O)NS(=O)(=O)c3cnc(OCC4CCOCC4)c(c3)C#N)c(Oc3cnc4[nH]ccc4c3)c2)=C(C1)c1ccc(Cl)cc1 |c:56|,Ki, 0.017,nM,339587,,,False
CC1(C)CCC(CN2CCN(CC2)c2ccc(C(=O)NS(=O)(=O)c3ccc(NC4CN(C4)C(CF)CF)c(c3)[N+]([O-])=O)c(Oc3cnc4[nH]ccc4c3)c2)=C(C1)c1ccc(Cl)cc1,Ki, 0.017,nM,1372882,,,False
CN1CCC(CC1)Nc1ccc(cc1[N+]([O-])=O)S(=O)(=O)NC(=O)c1ccc(cc1Oc1cccc2NC(=O)Cc12)N1CCN(CC2=C(CC(C)(C)CC2)c2ccc(Cl)cc2)CC1 |t:50|,Ki, 0.017,nM,281612,,,False
CC1(C)CCC(CN2CCN(CC2)c2ccc(C(=O)NS(=O)(=O)c3ccc(NC4CCN(CC(F)F)CC4)c(c3)[N+]([O-])=O)c(Oc3cnc4[nH]ccc4c3)c2)=C(C1)c1ccc(Cl)cc1,Ki, 0.017,nM,1372828,,,False
CC1(C)CC(=C(CN2CCN(CC2)c2ccc(C(=O)NS(=O)(=O)c3ccc(NCC4CCOCC4)c(c3)[N+]([O-])=O)c(Oc3cc4cc[nH]c4cc3F)c2)CO1)c1ccc(Cl)cc1,Ki, 0.017,nM,387852,,,False
CC1(C)CCC(CN2CCN(CC2)c2ccc(C(=O)NS(=O)(=O)c3ccc(OCC4(F)CCN(CC4)C4CC4)c(c3)[N+]([O-])=O)c(Oc3cc4cc[nH]c4cc3F)c2)=C(C1)c1ccc(Cl)cc1,Ki, 0.017,nM,387916,,,False
CC1(C)CCC(CN2CCN(CC2)c2ccc(C(=O)NS(=O)(=O)c3cnc(OCC4CCOCC4)c(c3)C#N)c(Oc3cnc4[nH]ccc4c3)c2)=C(C1)c1ccc(Cl)cc1,Ki, 0.017,nM,1372767,,,False
CC1(C)CCC(CN2CCN(CC2)c2ccc(C(=O)NS(=O)(=O)c3ccc(N[C@H]4CCN(CCF)C4)c(c3)[N+]([O-])=O)c(Oc3cnc4[nH]ccc4c3)c2)=C(C1)c1ccc(Cl)cc1,Ki, 0.017,nM,1180191,,,False
CC1(C)CCC(CN2CCN(CC2)c2ccc(C(=O)NS(=O)(=O)c3ccc(NCC4CCOCC4)c(c3)[N+]([O-])=O)c(Oc3ccc4[nH]ccc4c3)c2)=C(C1)c1ccc(Cl)cc1,Ki, 0.017,nM,1179868,,,False
CC1(C)CCC(CN2CCN(CC2)c2ccc(C(=O)NS(=O)(=O)c3ccc(N[C@H]4CCN(CCF)C4)c(c3)[N+]([O-])=O)c(Oc3cnc4[nH]ccc4c3)c2)=C(C1)c1ccc(Cl)cc1,Ki, 0.017,nM,704773,,,False
CC1(C)CCC(CN2CCN(CC2)c2ccc(C(=O)NS(=O)(=O)c3cnc(OCC4CCOCC4)c(c3)C#N)c(Oc3cnc4[nH]ccc4c3)c2)=C(C1)c1ccc(Cl)cc1,Ki, 0.017,nM,1179904,,,False
CN1CCC(CC1)Nc1ccc(cc1[N+]([O-])=O)S(=O)(=O)NC(=O)c1ccc(cc1Oc1cccc2NC(=O)Cc12)N1CCN(CC2=C(CC(C)(C)CC2)c2ccc(Cl)cc2)CC1,Ki, 0.017,nM,387863,,,False
CC1(C)CCC(CN2CCN(CC2)c2ccc(C(=O)NS(=O)(=O)c3ccc(N[C@@H]4CCN(C4)C(CF)CF)c(c3)[N+]([O-])=O)c(Oc3cccc4[nH]ncc34)c2)=C(C1)c1ccc(Cl)cc1 |c:60|,Ki, 0.017,nM,325138,,,False
CC1(C)CCC(CN2CCN(CC2)c2ccc(C(=O)NS(=O)(=O)c3ccc(N[C@H]4CCN(CCF)C4)c(c3)[N+]([O-])=O)c(Oc3cnc4[nH]ccc4c3)c2)=C(C1)c1ccc(Cl)cc1 |c:58|,Ki, 0.017,nM,339730,,,False
CC1(C)CCC(CN2CCN(CC2)c2ccc(C(=O)NS(=O)(=O)c3ccc(NCC4CCOCC4)c(c3)[N+]([O-])=O)c(Oc3ccc4[nH]ccc4c3)c2)=C(C1)c1ccc(Cl)cc1,Ki, 0.017,nM,1372749,,,False
CC1(C)CCC(CN2CCN(CC2)c2ccc(C(=O)NS(=O)(=O)c3ccc(N[C@H]4CCN(CCF)C4)c(c3)[N+]([O-])=O)c(Oc3cnc4[nH]ccc4c3)c2)=C(C1)c1ccc(Cl)cc1,Ki, 0.017,nM,1372912,,,False
CC1(C)CCC(CN2CCN(CC2)c2ccc(C(=O)NS(=O)(=O)c3ccc(NCC4CCOCC4)c(c3)[N+]([O-])=O)c(Oc3ccc4[nH]ccc4c3)c2)=C(C1)c1ccc(Cl)cc1,Ki, 0.017,nM,704610,,,False
CC1(C)CCC(CN2CCN(CC2)c2ccc(C(=O)NS(=O)(=O)c3ccc(NC4CCN(CC(F)F)CC4)c(c3)[N+]([O-])=O)c(Oc3cnc4[nH]ccc4c3)c2)=C(C1)c1ccc(Cl)cc1,Ki, 0.017,nM,1180026,,,False
CC1(C)CCC(CN2CCN(CC2)c2ccc(C(=O)NS(=O)(=O)c3ccc(NC4CN(C4)C(CF)CF)c(c3)[N+]([O-])=O)c(Oc3cnc4[nH]ccc4c3)c2)=C(C1)c1ccc(Cl)cc1,Ki, 0.017,nM,704743,,,False
CC1(C)CCC(CN2CCN(CC2)c2ccc(C(=O)NS(=O)(=O)c3ccc(OCC4(F)CCC(CC4)N(CCC#N)C4CC4)c(c3)[N+]([O-])=O)c(Oc3cnc4[nH]ccc4c3)c2)=C(C1)c1ccc(Cl)cc1,Ki, 0.017,nM,1373092,,,False
CC1(C)CCC(CN2CCN(CC2)c2ccc(C(=O)NS(=O)(=O)c3ccc(NC4CN(C4)C(CF)CF)c(c3)[N+]([O-])=O)c(Oc3cnc4[nH]ccc4c3)c2)=C(C1)c1ccc(Cl)cc1 |c:59|,Ki, 0.017,nM,339700,,,False
CC1(C)CCC(CN2CCN(CC2)c2ccc(C(=O)NS(=O)(=O)c3ccc(OCC4(F)CCC(CC4)N(CCC#N)C4CC4)c(c3)[N+]([O-])=O)c(Oc3cnc4[nH]ccc4c3)c2)=C(C1)c1ccc(Cl)cc1,Ki, 0.017,nM,704953,,,False
CC1(C)CCC(CN2CCN(CC2)c2ccc(C(=O)NS(=O)(=O)c3ccc(NCC4CCOCC4)c(c3)[N+]([O-])=O)c(Oc3ccc4[nH]ccc4c3)c2)=C(C1)c1ccc(Cl)cc1 |c:57|,Ki, 0.017,nM,339569,,,False
CC1(C)CCC(CN2CCN(CC2)c2ccc(C(=O)NS(=O)(=O)c3ccc(NC4CN(C4)C(CF)CF)c(c3)[N+]([O-])=O)c(Oc3cnc4[nH]ccc4c3)c2)=C(C1)c1ccc(Cl)cc1,Ki, 0.017,nM,1180133,,,False
"CC1(C)CCC(CN2CCN(CC2)c2ccc(C(=O)NS(=O)(=O)c3ccc(OCC4(F)CCC(CC4)N(CCC#N)C4CC4)c(c3)[N+]([O-])=O)c(Oc3cnc4[nH]ccc4c3)c2)=C(C1)c1ccc(Cl)cc1 |c:67,(11.49,-10.55,;10.67,-9.24,;12.21,-9.29,;10.67,-7.7,;9.34,-6.93,;8,-7.7,;6.67,-6.93,;6.67,-5.39,;8,-4.62,;8,-3.08,;6.67,-2.31,;5.33,-3.08,;5.33,-4.62,;6.67,-.77,;8,,;8,1.54,;6.67,2.31,;6.67,3.85,;8,4.62,;5.33,4.62,;5.33,6.16,;5.33,7.7,;6.87,6.16,;3.79,6.16,;3.02,4.83,;1.48,4.83,;.71,6.16,;-.83,6.16,;-1.6,4.83,;-3.14,4.83,;-2.27,3.55,;-4.44,4.01,;-5.8,4.73,;-5.85,6.27,;-4.55,7.09,;-3.19,6.37,;-7.21,7,;-7.27,8.53,;-8.63,9.26,;-8.68,10.8,;-8.74,12.34,;-8.52,6.18,;-9.24,4.82,;-10.06,6.13,;1.48,7.49,;3.02,7.49,;.71,8.83,;1.48,10.16,;-.83,8.83,;5.33,1.54,;4,2.31,;2.67,1.54,;2.67,,;1.33,-.77,;;-1.46,-.48,;-2.37,.77,;-1.46,2.02,;,1.54,;1.33,2.31,;5.33,,;8,-9.24,;9.34,-10.01,;6.67,-10.01,;6.67,-11.55,;5.33,-12.32,;4,-11.55,;2.67,-12.32,;4,-10.01,;5.33,-9.24,)|",Ki, 0.017,nM,339900,,,False
CC1(C)CCC(CN2CCN(CC2)c2ccc(C(=O)NS(=O)(=O)c3ccc(NC4CCN(CC(F)F)CC4)c(c3)[N+]([O-])=O)c(Oc3cnc4[nH]ccc4c3)c2)=C(C1)c1ccc(Cl)cc1,Ki, 0.017,nM,704689,,,False
CC1(C)CCC(CN2CCN(CC2)c2ccc(C(=O)NS(=O)(=O)c3ccc(NC4CCN(CC(F)F)CC4)c(c3)[N+]([O-])=O)c(Oc3cnc4[nH]ccc4c3)c2)=C(C1)c1ccc(Cl)cc1 |c:60|,Ki, 0.017,nM,339646,,,False
CC1(C)CCC(CN2CCN(CC2)c2ccc(C(=O)NS(=O)(=O)c3cnc(OCC4CCOCC4)c(c3)C#N)c(Oc3cnc4[nH]ccc4c3)c2)=C(C1)c1ccc(Cl)cc1,Ki, 0.017,nM,704628,,,False
CN1CCN(CC1)Nc1ccc(cc1[N+]([O-])=O)S(=O)(=O)NC(=O)c1ccc(cc1Oc1cnc2[nH]ccc2c1)N1CCN(CC2=C(CC(C)(C)CC2)c2ccc(Cl)cc2)CC1 |t:49|,Ki, 0.018,nM,339557,,,False
CC1(C)CCC(CN2CCN(CC2)c2ccc(C(=O)NS(=O)(=O)c3ccc(N[C@@H]4CCN(C4)C(CF)CF)c(c3)[N+]([O-])=O)c(Oc3cnc(N)c(Cl)c3)c2)=C(C1)c1ccc(Cl)cc1 |c:58|,Ki, 0.018,nM,281717,,,False
CC1(C)CCC(CN2CCN(CC2)c2ccc(C(=O)NS(=O)(=O)c3ccc(N[C@@H]4CCN(C4)C(CF)CF)c(c3)[N+]([O-])=O)c(Oc3cnc(N)c(Cl)c3)c2)=C(C1)c1ccc(Cl)cc1,Ki, 0.018,nM,387969,,,False
CN1CCN(CC1)Nc1ccc(cc1[N+]([O-])=O)S(=O)(=O)NC(=O)c1ccc(cc1Oc1cnc2[nH]ccc2c1)N1CCN(CC2=C(CC(C)(C)CC2)c2ccc(Cl)cc2)CC1,Ki, 0.018,nM,1372737,,,False
CN1CCN(CC1)Nc1ccc(cc1[N+]([O-])=O)S(=O)(=O)NC(=O)c1ccc(cc1Oc1cnc2[nH]ccc2c1)N1CCN(CC2=C(CC(C)(C)CC2)c2ccc(Cl)cc2)CC1,Ki, 0.018,nM,1179844,,,False
CC1(C)CCC(CN2CCN(CC2)c2ccc(C(=O)NS(=O)(=O)c3ccc(N[C@H]4CC[C@@H](CC4)NS(C)(=O)=O)c(c3)[N+]([O-])=O)c(Oc3cnc4[nH]ccc4c3)c2)=C(C1)c1ccc(Cl)cc1,Ki, 0.018,nM,704781,,,False
CC1(C)CCC(CN2CCN(CC2)c2ccc(C(=O)NS(=O)(=O)c3ccc(NCC4CCOCC4)c(c3)N(=O)=O)c(Oc3cnc4[nH]ccc4c3)c2)=C(C1)c1ccc(Cl)cc1,Ki, 0.018000,nM,51272553,,,False
CN1CCN(CC1)Nc1ccc(cc1[N+]([O-])=O)S(=O)(=O)NC(=O)c1ccc(cc1Oc1cnc2[nH]ccc2c1)N1CCN(CC2=C(CC(C)(C)CC2)c2ccc(Cl)cc2)CC1,Ki, 0.018,nM,704598,,,False
CC1(C)CCC(CN2CCN(CC2)c2ccc(C(=O)NS(=O)(=O)c3ccc(N[C@H]4CC[C@@H](CC4)NS(C)(=O)=O)c(c3)[N+]([O-])=O)c(Oc3cnc4[nH]ccc4c3)c2)=C(C1)c1ccc(Cl)cc1,Ki, 0.018,nM,1180206,,,False
"CC1(C)CCC(CN2CCN(CC2)c2ccc(C(=O)NS(=O)(=O)c3ccc(NC4CCC(CC4)NS(C)(=O)=O)c(c3)[N+]([O-])=O)c(Oc3cnc4[nH]ccc4c3)c2)=C(C1)c1ccc(Cl)cc1 |c:61,(5.77,-14.78,;4.95,-13.47,;6.49,-13.53,;4.95,-11.93,;3.62,-11.16,;2.29,-11.93,;.95,-11.16,;.95,-9.62,;2.29,-8.85,;2.29,-7.31,;.95,-6.54,;-.38,-7.31,;-.38,-8.85,;.95,-5,;2.29,-4.23,;2.29,-2.69,;.95,-1.92,;.95,-.38,;-.38,.39,;2.29,.39,;2.29,1.93,;3.83,1.93,;.75,1.93,;2.29,3.47,;.95,4.24,;.95,5.78,;2.29,6.55,;2.29,8.09,;.95,8.86,;-.38,8.09,;-1.72,8.86,;-1.72,10.4,;-.38,11.17,;.95,10.4,;-3.05,11.17,;-3.05,12.71,;-1.51,12.71,;-3.05,14.25,;-4.59,12.71,;3.62,5.78,;3.62,4.24,;4.95,6.55,;4.95,8.09,;6.29,5.78,;-.38,-2.69,;-1.72,-1.92,;-3.05,-2.69,;-3.05,-4.23,;-4.38,-5,;-5.72,-4.23,;-7.18,-4.71,;-8.09,-3.46,;-7.18,-2.22,;-5.72,-2.69,;-4.38,-1.92,;-.38,-4.23,;2.29,-13.47,;3.62,-14.24,;.95,-14.24,;.95,-15.78,;-.38,-16.55,;-1.72,-15.78,;-3.05,-16.55,;-1.72,-14.24,;-.38,-13.47,)|",Ki, 0.018,nM,339737,,,False
CC1(C)CCC(CN2CCN(CC2)c2ccc(C(=O)NS(=O)(=O)c3ccc(N[C@H]4CC[C@@H](CC4)NS(C)(=O)=O)c(c3)[N+]([O-])=O)c(Oc3cnc4[nH]ccc4c3)c2)=C(C1)c1ccc(Cl)cc1,Ki, 0.018,nM,1372920,,,False
CC1(C)CCC(CN2CCN(CC2)c2ccc(C(=O)NS(=O)(=O)c3ccc(OC[C@H]4COCCO4)c(c3)[N+]([O-])=O)c(Oc3ccc4[nH]ccc4c3)c2)=C(C1)c1ccc(Cl)cc1 |c:57|,Ki, 0.018,nM,325050,,,False
CC1(C)CCC(CN2CCN(CC2)c2ccc(C(=O)NS(=O)(=O)c3cnc(OCC4(F)CCOCC4)c(Cl)c3)c(Oc3cnc(N)c(Cl)c3)c2)=C(C1)c1ccc(Cl)cc1,Ki, 0.019,nM,387924,,,False
COCCN1CCC(CC1)Nc1ccc(cc1[N+]([O-])=O)S(=O)(=O)NC(=O)c1ccc(cc1Oc1cccc(Cl)c1)N1CCN(CC2=C(CC(C)(C)CC2)c2ccc(Cl)cc2)CC1,Ki, 0.019,nM,387750,,,False
CN1CCC(CC1)Nc1ccc(cc1[N+]([O-])=O)S(=O)(=O)NC(=O)c1ccc(cc1Oc1ccc(N)c(Cl)c1)N1CCN(CC2=C(CC(C)(C)CC2)c2ccc(Cl)cc2)CC1,Ki, 0.019,nM,387619,,,False
CN(C)CC(=O)N1CCO[C@@H](COc2ncc(cc2Cl)S(=O)(=O)NC(=O)c2ccc(cc2Oc2cnc3[nH]ccc3c2)N2CCN(CC3=C(CC(C)(C)CC3)c3ccc(Cl)cc3)CC2)C1,Ki, 0.019,nM,1372978,,,False
CN(C)CCOc1cccc(Oc2cc(ccc2C(=O)NS(=O)(=O)c2ccc(NCC3CCOCC3)c(c2)[N+]([O-])=O)N2CCN(Cc3ccccc3-c3ccc(Cl)cc3)CC2)c1,Ki, 0.019,nM,387618,,,False
CN(C)CCOc1cccc(Oc2cc(ccc2C(=O)NS(=O)(=O)c2ccc(NCC3CCOCC3)c(c2)[N+]([O-])=O)N2CCN(Cc3ccccc3-c3ccc(Cl)cc3)CC2)c1,Ki, 0.019,nM,281372,,,False
CN(C)CC(=O)N1CCO[C@@H](COc2ncc(cc2Cl)S(=O)(=O)NC(=O)c2ccc(cc2Oc2cnc3[nH]ccc3c2)N2CCN(CC3=C(CC(C)(C)CC3)c3ccc(Cl)cc3)CC2)C1 |t:51|,Ki, 0.019,nM,339789,,,False
CN1CCC(CC1)Nc1ccc(cc1[N+]([O-])=O)S(=O)(=O)NC(=O)c1ccc(cc1Oc1ccc(N)c(Cl)c1)N1CCN(CC2=C(CC(C)(C)CC2)c2ccc(Cl)cc2)CC1 |t:47|,Ki, 0.019,nM,281373,,,False
COCCN1CCC(CC1)Nc1ccc(cc1[N+]([O-])=O)S(=O)(=O)NC(=O)c1ccc(cc1Oc1cccc(Cl)c1)N1CCN(CC2=C(CC(C)(C)CC2)c2ccc(Cl)cc2)CC1 |t:49|,Ki, 0.019,nM,281501,,,False
CC1(C)CCC(CN2CCN(CC2)c2ccc(C(=O)NS(=O)(=O)c3cnc(OCC4(F)CCOCC4)c(Cl)c3)c(Oc3cnc(N)c(Cl)c3)c2)=C(C1)c1ccc(Cl)cc1 |c:54|,Ki, 0.019,nM,281672,,,False
CN(C)CC(=O)N1CCO[C@@H](COc2ncc(cc2Cl)S(=O)(=O)NC(=O)c2ccc(cc2Oc2cnc3[nH]ccc3c2)N2CCN(CC3=C(CC(C)(C)CC3)c3ccc(Cl)cc3)CC2)C1,Ki, 0.019,nM,704839,,,False
CN(C)CC(=O)N1CCO[C@@H](COc2ncc(cc2Cl)S(=O)(=O)NC(=O)c2ccc(cc2Oc2cnc3[nH]ccc3c2)N2CCN(CC3=C(CC(C)(C)CC3)c3ccc(Cl)cc3)CC2)C1,Ki, 0.019,nM,1179949,,,False
CC1(C)CCC(CN2CCN(CC2)c2ccc(C(=O)NS(=O)(=O)c3ccc(NC4CCN(CC4)C4CCOCC4)c(c3)[N+]([O-])=O)c(Oc3cc(F)cc4[nH]ccc34)c2)=C(C1)c1ccc(Cl)cc1 |c:64|,Ki, 0.02,nM,281537,,,False
CN1CCC(CC1)Nc1ccc(cc1S(=O)(=O)C(F)(F)Cl)S(=O)(=O)NC(=O)c1ccc(cc1Oc1ccc2[nH]ccc2c1)N1CCN(CC2=C(CC(C)(C)CC2)c2ccc(Cl)cc2)CC1 |t:53|,Ki, 0.02,nM,324801,,,False
CC1(C)CC(=C(CN2CCN(CC2)c2ccc(C(=O)NS(=O)(=O)c3cnc(OCC4(F)CCOCC4)c(Cl)c3)c(Oc3cc4cc[nH]c4cc3F)c2)CO1)c1ccc(Cl)cc1 |t:4|,Ki, 0.02,nM,281711,,,False
CC1(C)CCC(CN2CCN(CC2)c2ccc(C(=O)NS(=O)(=O)c3ccc(OCC4CCOCC4)c(c3)[N+]([O-])=O)c(Oc3cnc(N)c(Cl)c3)c2)=C(C1)c1ccc(Cl)cc1 |c:55|,Ki, 0.02,nM,281704,,,False
CC1(C)CCC(CN2CCN(CC2)c2ccc(C(=O)NS(=O)(=O)c3ccc(NC4CCN(CC4)C4CCOCC4)c(c3)[N+]([O-])=O)c(Oc3cc(F)cc4[nH]ccc34)c2)=C(C1)c1ccc(Cl)cc1,Ki, 0.02,nM,387786,,,False
CC1(C)CCC(CN2CCN(CC2)c2ccc(C(=O)NS(=O)(=O)c3ccc(OCC4CCOCC4)c(c3)[N+]([O-])=O)c(Oc3cnc(N)c(Cl)c3)c2)=C(C1)c1ccc(Cl)cc1,Ki, 0.02,nM,387956,,,False
CC1(C)CC(=C(CN2CCN(CC2)c2ccc(C(=O)NS(=O)(=O)c3cnc(OCC4(F)CCOCC4)c(Cl)c3)c(Oc3cc4cc[nH]c4cc3F)c2)CO1)c1ccc(Cl)cc1,Ki, 0.02,nM,387963,,,False
CC1(C)CCC(CN2CCN(CC2)c2ccc(C(=O)NS(=O)(=O)c3ccc(NCC4COCCN4C4CCOCC4)c(c3)[N+]([O-])=O)c(Oc3cnc4[nH]ccc4c3)c2)=C(C1)c1ccc(Cl)cc1 |c:64|,Ki, 0.021,nM,339718,,,False
CN(C)CCCNc1ccc(cc1[N+]([O-])=O)S(=O)(=O)NC(=O)c1ccc(cc1Oc1ccccc1F)N1CCN(CC2=C(CC(C)(C)CC2)c2ccc(Cl)cc2)CC1,Ki, 0.021,nM,387715,,,False
CC1(C)CCCC(=C1CN1CCN(CC1)c1ccc(C(=O)NS(=O)(=O)c2ccc(NCC3CCOCC3)c(c2)[N+]([O-])=O)c(Oc2cnc3[nH]ccc3c2)c1)c1ccc(Cl)cc1 |c:6|,Ki, 0.021,nM,339650,,,False
CC1(C)CCC(CN2CCN(CC2)c2ccc(C(=O)NS(=O)(=O)c3cnc(OCC4COCCO4)c(Br)c3)c(Oc3cnc4[nH]ccc4c3)c2)=C(C1)c1ccc(Cl)cc1,Ki, 0.021,nM,704642,,,False
CC1(C)CCC(CN2CCN(CC2)c2ccc(C(=O)NS(=O)(=O)c3cnc(OCC4COCCO4)c(Br)c3)c(Oc3cnc4[nH]ccc4c3)c2)=C(C1)c1ccc(Cl)cc1,Ki, 0.021,nM,1179932,,,False
CC1(C)CCCC(=C1CN1CCN(CC1)c1ccc(C(=O)NS(=O)(=O)c2ccc(NCC3CCOCC3)c(c2)[N+]([O-])=O)c(Oc2cnc3[nH]ccc3c2)c1)c1ccc(Cl)cc1,Ki, 0.021,nM,1180034,,,False
CC1(C)CCC(CN2CCN(CC2)c2ccc(C(=O)NS(=O)(=O)c3ccc(NCC4COCCN4C4CCOCC4)c(c3)[N+]([O-])=O)c(Oc3cnc4[nH]ccc4c3)c2)=C(C1)c1ccc(Cl)cc1,Ki, 0.021,nM,1372900,,,False
CC1(C)CCC(CN2CCN(CC2)c2ccc(C(=O)NS(=O)(=O)c3ccc(NCC4COCCN4C4CCOCC4)c(c3)[N+]([O-])=O)c(Oc3cnc4[nH]ccc4c3)c2)=C(C1)c1ccc(Cl)cc1,Ki, 0.021,nM,704761,,,False
CC1(C)CCC(CN2CCN(CC2)c2ccc(C(=O)NS(=O)(=O)c3cnc(OCC4COCCO4)c(Br)c3)c(Oc3cnc4[nH]ccc4c3)c2)=C(C1)c1ccc(Cl)cc1 |c:55|,Ki, 0.021,nM,339601,,,False
CC1(C)CCCC(=C1CN1CCN(CC1)c1ccc(C(=O)NS(=O)(=O)c2ccc(NCC3CCOCC3)c(c2)[N+]([O-])=O)c(Oc2cnc3[nH]ccc3c2)c1)c1ccc(Cl)cc1,Ki, 0.021,nM,1372832,,,False
CN(C)CCCNc1ccc(cc1[N+]([O-])=O)S(=O)(=O)NC(=O)c1ccc(cc1Oc1ccccc1F)N1CCN(CC2=C(CC(C)(C)CC2)c2ccc(Cl)cc2)CC1 |t:44|,Ki, 0.021,nM,281469,,,False
CC1(C)CCC(CN2CCN(CC2)c2ccc(C(=O)NS(=O)(=O)c3cnc(OCC4COCCO4)c(Br)c3)c(Oc3cnc4[nH]ccc4c3)c2)=C(C1)c1ccc(Cl)cc1,Ki, 0.021,nM,1372781,,,False
CC1(C)CCC(CN2CCN(CC2)c2ccc(C(=O)NS(=O)(=O)c3ccc(NCC4COCCN4C4CCOCC4)c(c3)[N+]([O-])=O)c(Oc3cnc4[nH]ccc4c3)c2)=C(C1)c1ccc(Cl)cc1,Ki, 0.021,nM,1180169,,,False
CC1(C)CCCC(=C1CN1CCN(CC1)c1ccc(C(=O)NS(=O)(=O)c2ccc(NCC3CCOCC3)c(c2)[N+]([O-])=O)c(Oc2cnc3[nH]ccc3c2)c1)c1ccc(Cl)cc1,Ki, 0.021,nM,704693,,,False
CC1(C)CCC(CN2CCN(CC2)c2ccc(C(=O)NS(=O)(=O)c3ccc(NCC4CCC(F)(F)CC4)c(c3)[N+]([O-])=O)c(Oc3cccc4[nH]ncc34)c2)=C(C1)c1ccc(Cl)cc1 |c:59|,Ki, 0.021,nM,325115,,,False
CC1(C)CCC(CN2CCN(CC2)c2ccc(C(=O)NS(=O)(=O)c3ccc(NCC4COCCN4C4CCC4)c(c3)[N+]([O-])=O)c(Oc3cnc4[nH]ccc4c3)c2)=C(C1)c1ccc(Cl)cc1,Ki, 0.022,nM,704762,,,False
CC1(C)CCC(CN2CCN(CC2)c2ccc(C(=O)NS(=O)(=O)c3ccc(NCc4ccc(O)cc4)c(c3)[N+]([O-])=O)c(Oc3cnc4[nH]ccc4c3)c2)=C(C1)c1ccc(Cl)cc1 |c:58|,Ki, 0.022,nM,339733,,,False
CC1(C)CCC(CN2CCN(CC2)c2ccc(C(=O)NS(=O)(=O)c3ccc(NCc4ccc(O)cc4)c(c3)[N+]([O-])=O)c(Oc3cnc4[nH]ccc4c3)c2)=C(C1)c1ccc(Cl)cc1,Ki, 0.022,nM,1372916,,,False
CC1(C)CCC(CN2CCN(CC2)c2ccc(C(=O)NS(=O)(=O)c3ccc(NCC4COCCN4C4CCC4)c(c3)[N+]([O-])=O)c(Oc3cnc4[nH]ccc4c3)c2)=C(C1)c1ccc(Cl)cc1,Ki, 0.022,nM,1372901,,,False
CC1(C)CCC(CN2CCN(CC2)c2ccc(C(=O)NS(=O)(=O)c3ccc(NCC4COCCN4C4CCC4)c(c3)[N+]([O-])=O)c(Oc3cnc4[nH]ccc4c3)c2)=C(C1)c1ccc(Cl)cc1 |c:62|,Ki, 0.022,nM,339719,,,False
CC1(C)CCC(CN2CCN(CC2)c2ccc(C(=O)NS(=O)(=O)c3ccc(NCc4ccc(O)cc4)c(c3)[N+]([O-])=O)c(Oc3cnc4[nH]ccc4c3)c2)=C(C1)c1ccc(Cl)cc1,Ki, 0.022,nM,704777,,,False
CC1(C)CCC(CN2CCN(CC2)c2ccc(C(=O)NS(=O)(=O)c3ccc(NCc4ccc(O)cc4)c(c3)[N+]([O-])=O)c(Oc3cnc4[nH]ccc4c3)c2)=C(C1)c1ccc(Cl)cc1,Ki, 0.022,nM,1180198,,,False
CC1(C)CCC(CN2CCN(CC2)c2ccc(C(=O)NS(=O)(=O)c3ccc(NCC4COCCN4C4CCC4)c(c3)[N+]([O-])=O)c(Oc3cnc4[nH]ccc4c3)c2)=C(C1)c1ccc(Cl)cc1,Ki, 0.022,nM,1180171,,,False
CN1CCC(CC1)Nc1ccc(cc1[N+]([O-])=O)S(=O)(=O)NC(=O)c1ccc(cc1Oc1cc(Cl)cc(Cl)c1)N1CCN(CC2=C(CC(C)(C)CC2)c2ccc(Cl)cc2)CC1,Ki, 0.022,nM,387614,,,False
CN1CCC(CC1)Nc1ccc(cc1[N+]([O-])=O)S(=O)(=O)NC(=O)c1ccc(cc1Oc1cc(Cl)cc(Cl)c1)N1CCN(CC2=C(CC(C)(C)CC2)c2ccc(Cl)cc2)CC1 |t:47|,Ki, 0.022,nM,281368,,,False
CC1(C)CCC(CN2CCN(CC2)c2ccc(C(=O)NS(=O)(=O)c3ccc(NC4CCC(CC4)NC4CC4(F)F)c(c3)[N+]([O-])=O)c(Oc3cnc4[nH]ccc4c3)c2)=C(C1)c1ccc(Cl)cc1,Ki, 0.023,nM,704939,,,False
CC1(C)CCC(CN2CCN(CC2)c2ccc(C(=O)NS(=O)(=O)c3ccc(NC4CCC(CC4)NC4CC4(F)F)c(c3)[N+]([O-])=O)c(Oc3cnc4[nH]ccc4c3)c2)=C(C1)c1ccc(Cl)cc1,Ki, 0.023,nM,1373078,,,False
CC1(C)CCC(CN2CCN(CC2)c2ccc(C(=O)NS(=O)(=O)c3ccc(NC4CCC(CC4)NC4CC4(F)F)c(c3)[N+]([O-])=O)c(Oc3cnc4[nH]ccc4c3)c2)=C(C1)c1ccc(Cl)cc1,Ki, 0.023,nM,1180150,,,False
CC1(C)CCC(CN2CCN(CC2)c2ccc(C(=O)NS(=O)(=O)c3ccc(O[C@@H]4CCN(C4)C(CF)CF)c(c3)[N+]([O-])=O)c(Oc3cnc4[nH]ccc4c3)c2)=C(C1)c1ccc(Cl)cc1 |c:60|,Ki, 0.023,nM,339777,,,False
COc1cccc(CNc2ccc(cc2[N+]([O-])=O)S(=O)(=O)NC(=O)c2ccc(cc2Oc2cnc3[nH]ccc3c2)N2CCN(CC3=C(CC(C)(C)CC3)c3ccc(Cl)cc3)CC2)c1,Ki, 0.023,nM,1180183,,,False
CC1(C)CCC(CN2CCN(CC2)c2ccc(C(=O)NS(=O)(=O)c3ccc(O[C@@H]4CCN(C4)C(CF)CF)c(c3)[N+]([O-])=O)c(Oc3cnc4[nH]ccc4c3)c2)=C(C1)c1ccc(Cl)cc1,Ki, 0.023,nM,1179925,,,False
COc1cccc(CNc2ccc(cc2[N+]([O-])=O)S(=O)(=O)NC(=O)c2ccc(cc2Oc2cnc3[nH]ccc3c2)N2CCN(CC3=C(CC(C)(C)CC3)c3ccc(Cl)cc3)CC2)c1 |t:49|,Ki, 0.023,nM,339725,,,False
CC1(C)CCC(CN2CCN(CC2)c2ccc(C(=O)NS(=O)(=O)c3ccc(OCC4CCN(CC4)C4COC4)c(Cl)c3)c(Oc3cnc4[nH]ccc4c3)c2)=C(C1)c1ccc(Cl)cc1,Ki, 0.023,nM,704899,,,False
COc1cccc(CNc2ccc(cc2[N+]([O-])=O)S(=O)(=O)NC(=O)c2ccc(cc2Oc2cnc3[nH]ccc3c2)N2CCN(CC3=C(CC(C)(C)CC3)c3ccc(Cl)cc3)CC2)c1,Ki, 0.023,nM,704768,,,False
"CC1(C)CCC(CN2CCN(CC2)c2ccc(C(=O)NS(=O)(=O)c3ccc(NC4CCC(CC4)NC4CC4(F)F)c(c3)[N+]([O-])=O)c(Oc3cnc4[nH]ccc4c3)c2)=C(C1)c1ccc(Cl)cc1 |c:63,(11.49,-10.55,;10.67,-9.24,;12.21,-9.29,;10.67,-7.7,;9.34,-6.93,;8,-7.7,;6.67,-6.93,;6.67,-5.39,;8,-4.62,;8,-3.08,;6.67,-2.31,;5.33,-3.08,;5.33,-4.62,;6.67,-.77,;8,,;8,1.54,;6.67,2.31,;6.67,3.85,;5.33,4.62,;8,4.62,;8,6.16,;9.54,6.16,;6.46,6.16,;8,7.7,;6.67,8.47,;6.67,10.01,;8,10.78,;8,12.32,;6.67,13.09,;5.33,12.32,;4,13.09,;4,14.63,;5.33,15.4,;6.67,14.63,;2.67,15.4,;2.67,16.94,;3.44,18.27,;1.9,18.27,;.36,18.14,;1.25,19.67,;9.34,10.01,;9.34,8.47,;10.67,10.78,;10.67,12.32,;12,10.01,;5.33,1.54,;4,2.31,;2.67,1.54,;2.67,,;1.33,-.77,;;-1.46,-.48,;-2.37,.77,;-1.46,2.02,;,1.54,;1.33,2.31,;5.33,,;8,-9.24,;9.34,-10.01,;6.67,-10.01,;6.67,-11.55,;5.33,-12.32,;4,-11.55,;2.67,-12.32,;4,-10.01,;5.33,-9.24,)|",Ki, 0.023,nM,339887,,,False
CC1(C)CCC(CN2CCN(CC2)c2ccc(C(=O)NS(=O)(=O)c3ccc(NCC4CN(CCO4)C4CC4)c(c3)[N+]([O-])=O)c(Oc3cccc4[nH]cnc34)c2)=C(C1)c1ccc(Cl)cc1 |c:61|,Ki, 0.023,nM,325135,,,False
CC1(C)CCC(CN2CCN(CC2)c2ccc(C(=O)NS(=O)(=O)c3ccc(OCC4CCN(CC4)C4COC4)c(Cl)c3)c(Oc3cnc4[nH]ccc4c3)c2)=C(C1)c1ccc(Cl)cc1 |c:60|,Ki, 0.023,nM,339849,,,False
CC1(C)CCC(CN2CCN(CC2)c2ccc(C(=O)NS(=O)(=O)c3ccc(O[C@@H]4CCN(C4)C(CF)CF)c(c3)[N+]([O-])=O)c(Oc3cnc4[nH]ccc4c3)c2)=C(C1)c1ccc(Cl)cc1,Ki, 0.023,nM,704827,,,False
CC1(C)CCC(CN2CCN(CC2)c2ccc(C(=O)NS(=O)(=O)c3ccc(O[C@@H]4CCN(C4)C(CF)CF)c(c3)[N+]([O-])=O)c(Oc3cnc4[nH]ccc4c3)c2)=C(C1)c1ccc(Cl)cc1,Ki, 0.023,nM,1372966,,,False
CC1(C)CCC(CN2CCN(CC2)c2ccc(C(=O)NS(=O)(=O)c3ccc(OCC4CCN(CC4)C4COC4)c(Cl)c3)c(Oc3cnc4[nH]ccc4c3)c2)=C(C1)c1ccc(Cl)cc1,Ki, 0.023,nM,1180070,,,False
CC1(C)CCC(CN2CCN(CC2)c2ccc(C(=O)NS(=O)(=O)c3ccc(OCC4CCN(CC4)C4COC4)c(Cl)c3)c(Oc3cnc4[nH]ccc4c3)c2)=C(C1)c1ccc(Cl)cc1,Ki, 0.023,nM,1373038,,,False
CC1(C)CCC(CN2CCN(CC2)c2ccc(C(=O)NS(=O)(=O)c3cnc(OCC4(F)CCOCC4)c(F)c3)c(Oc3cccc4[nH]ncc34)c2)=C(C1)c1ccc(Cl)cc1 |c:56|,Ki, 0.023,nM,325119,,,False
COc1cccc(CNc2ccc(cc2[N+]([O-])=O)S(=O)(=O)NC(=O)c2ccc(cc2Oc2cnc3[nH]ccc3c2)N2CCN(CC3=C(CC(C)(C)CC3)c3ccc(Cl)cc3)CC2)c1,Ki, 0.023,nM,1372907,,,False
CC1(C)CCC(CN2CCN(CC2)c2ccc(C(=O)NS(=O)(=O)c3ccc(OCC4CCOCC4)c(c3)C#N)c(Oc3cnc4[nH]ccc4c3)c2)=C(C1)c1ccc(Cl)cc1,Ki, 0.024,nM,704875,,,False
CC1(C)CCC(CN2CCN(CC2)c2ccc(C(=O)NS(=O)(=O)c3ccc(OCC4CCOCC4)c(c3)C#N)c(Oc3cnc4[nH]ccc4c3)c2)=C(C1)c1ccc(Cl)cc1,Ki, 0.024,nM,1373014,,,False
CC1(C)CCC(CN2CCN(CC2)c2ccc(C(=O)NS(=O)(=O)c3ccc(NN4CCN(CC4)C4CCOCC4)c(c3)[N+]([O-])=O)c(Oc3cnc4[nH]ccc4c3)c2)=C(C1)c1ccc(Cl)cc1 |c:63|,Ki, 0.024,nM,339779,,,False
CC1(C)CCC(CN2CCN(CC2)c2ccc(C(=O)NS(=O)(=O)c3ccc(OCC4CCOCC4)c(c3)C#N)c(Oc3cnc4[nH]ccc4c3)c2)=C(C1)c1ccc(Cl)cc1,Ki, 0.024,nM,1180021,,,False
CC1(C)CCC(CN2CCN(CC2)c2ccc(C(=O)NS(=O)(=O)c3ccc(NCC4CCC(C)(CC4)C#N)c(c3)[N+]([O-])=O)c(Oc3cnc4[nH]ccc4c3)c2)=C(C1)c1ccc(Cl)cc1,Ki, 0.024,nM,1180184,,,False
CC1(C)CCC(CN2CCN(CC2)c2ccc(C(=O)NS(=O)(=O)c3ccc(NN4CCN(CC4)C4CCOCC4)c(c3)[N+]([O-])=O)c(Oc3cnc4[nH]ccc4c3)c2)=C(C1)c1ccc(Cl)cc1,Ki, 0.024,nM,1179929,,,False
CC1(C)CCC(CN2CCN(CC2)c2ccc(C(=O)NS(=O)(=O)c3ccc(NCC4CCC(C)(CC4)C#N)c(c3)[N+]([O-])=O)c(Oc3cnc4[nH]ccc4c3)c2)=C(C1)c1ccc(Cl)cc1,Ki, 0.024,nM,1373095,,,False
CN1CCC(O)(CNc2ccc(cc2[N+]([O-])=O)S(=O)(=O)NC(=O)c2ccc(cc2Oc2ccccc2Cl)N2CCN(CC3=C(CC(C)(C)CC3)c3ccc(Cl)cc3)CC2)CC1 |t:45|,Ki, 0.024,nM,281520,,,False
CC1(C)CCC(CN2CCN(CC2)c2ccc(C(=O)NS(=O)(=O)c3ccc(OCC4CCOCC4)c(c3)C#N)c(Oc3cnc4[nH]ccc4c3)c2)=C(C1)c1ccc(Cl)cc1 |c:56|,Ki, 0.024,nM,339825,,,False
CC1(C)CCC(CN2CCN(CC2)c2ccc(C(=O)NS(=O)(=O)c3ccc(NCC4CCC(C)(CC4)C#N)c(c3)[N+]([O-])=O)c(Oc3cnc4[nH]ccc4c3)c2)=C(C1)c1ccc(Cl)cc1,Ki, 0.024,nM,704956,,,False
CC1(C)CCC(CN2CCN(CC2)c2ccc(C(=O)NS(=O)(=O)c3ccc(NN4CCN(CC4)C4CCOCC4)c(c3)[N+]([O-])=O)c(Oc3cnc4[nH]ccc4c3)c2)=C(C1)c1ccc(Cl)cc1,Ki, 0.024,nM,704829,,,False
"CC1(C)CCC(CN2CCN(CC2)c2ccc(C(=O)NS(=O)(=O)c3ccc(NCC4CCC(C)(CC4)C#N)c(c3)[N+]([O-])=O)c(Oc3cnc4[nH]ccc4c3)c2)=C(C1)c1ccc(Cl)cc1 |c:60,(11.49,-10.55,;10.67,-9.24,;12.21,-9.29,;10.67,-7.7,;9.34,-6.93,;8,-7.7,;6.67,-6.93,;6.67,-5.39,;8,-4.62,;8,-3.08,;6.67,-2.31,;5.33,-3.08,;5.33,-4.62,;6.67,-.77,;8,,;8,1.54,;6.67,2.31,;6.67,3.85,;8,4.62,;5.33,4.62,;5.33,6.16,;5.33,7.7,;6.87,6.16,;3.79,6.16,;3.02,4.83,;1.48,4.83,;.71,6.16,;-.83,6.16,;-1.6,4.83,;-3.14,4.83,;-3.91,3.49,;-5.45,3.49,;-6.22,4.83,;-7.57,4.1,;-5.45,6.16,;-3.91,6.16,;-7.57,5.55,;-8.93,6.27,;1.48,7.49,;3.02,7.49,;.71,8.83,;1.48,10.16,;-.83,8.83,;5.33,1.54,;4,2.31,;2.67,1.54,;2.67,,;1.33,-.77,;;-1.46,-.48,;-2.37,.77,;-1.46,2.02,;,1.54,;1.33,2.31,;5.33,,;8,-9.24,;9.34,-10.01,;6.67,-10.01,;6.67,-11.55,;5.33,-12.32,;4,-11.55,;2.67,-12.32,;4,-10.01,;5.33,-9.24,)|",Ki, 0.024,nM,339903,,,False
CN1CCC(O)(CNc2ccc(cc2[N+]([O-])=O)S(=O)(=O)NC(=O)c2ccc(cc2Oc2ccccc2Cl)N2CCN(CC3=C(CC(C)(C)CC3)c3ccc(Cl)cc3)CC2)CC1,Ki, 0.024,nM,387769,,,False
CC1(C)CCC(CN2CCN(CC2)c2ccc(C(=O)NS(=O)(=O)c3ccc(NN4CCN(CC4)C4CCOCC4)c(c3)[N+]([O-])=O)c(Oc3cnc4[nH]ccc4c3)c2)=C(C1)c1ccc(Cl)cc1,Ki, 0.024,nM,1372968,,,False
CC1(C)CC(=C(CN2CCN(CC2)c2ccc(C(=O)NS(=O)(=O)c3cnc(OCC4(F)CCOCC4)c(Cl)c3)c(Oc3cccc4[nH]ncc34)c2)CO1)c1ccc(Cl)cc1 |t:4|,Ki, 0.025,nM,325168,,,False
CC1(C)CCC(CN2CCN(CC2)c2ccc(C(=O)NS(=O)(=O)c3ccc(NC4CCN(CCCO)CC4)c(c3)[N+]([O-])=O)c(Oc3ccc4[nH]ccc4c3)c2)=C(C1)c1ccc(Cl)cc1 |c:60|,Ki, 0.025,nM,324907,,,False
CC1(C)CCC(CN2CCN(CC2)c2ccc(C(=O)NS(=O)(=O)c3ccc(NCC4CCC(F)(F)CC4)c(c3)[N+]([O-])=O)c(Oc3cnc4[nH]ccc4c3)c2)=C(C1)c1ccc(Cl)cc1 |c:59|,Ki, 0.026,nM,339781,,,False
CN1CCC(CC1)Nc1ccc(cc1[N+]([O-])=O)S(=O)(=O)NC(=O)c1ccc(cc1Oc1ccccc1)N1CCN(CC2=C(CC(C)(C)CC2)c2ccc(Cl)cc2)CC1 |t:45|,Ki, 0.026,nM,324868,,,False
"CC1(C)CCC(CN2CCN(CC2)c2ccc(C(=O)NS(=O)(=O)c3cnc(OCC4CCC(O)CC4)c(Cl)c3)c(Oc3cccc4[nH]ncc34)c2)=C(C1)c1ccc(Cl)cc1 |c:56,(-12.72,-.61,;-11.18,-.56,;-12,-1.86,;-9.85,-1.33,;-8.52,-.56,;-8.52,.98,;-7.18,1.75,;-5.85,.98,;-5.85,-.56,;-4.52,-1.33,;-3.18,-.56,;-3.18,.98,;-4.52,1.75,;-1.85,-1.33,;-1.85,-2.87,;-.51,-3.64,;.82,-2.87,;2.15,-3.64,;2.15,-5.18,;3.49,-2.87,;4.82,-3.64,;5.59,-2.3,;4.05,-4.97,;6.15,-4.41,;6.15,-5.95,;7.49,-6.72,;8.82,-5.95,;10.16,-6.72,;11.49,-5.95,;12.82,-6.72,;14.16,-5.95,;15.49,-6.72,;15.49,-8.26,;16.82,-9.03,;14.16,-9.03,;12.82,-8.26,;8.82,-4.41,;10.16,-3.64,;7.49,-3.64,;.82,-1.33,;2.15,-.56,;2.15,.98,;3.49,1.75,;3.49,3.29,;2.15,4.06,;.82,3.29,;-.65,3.77,;-1.55,2.52,;-.65,1.28,;.82,1.75,;-.51,-.56,;-9.85,1.75,;-11.18,.98,;-9.85,3.29,;-11.18,4.06,;-11.18,5.6,;-9.85,6.37,;-9.85,7.91,;-8.52,5.6,;-8.52,4.06,)|",Ki, 0.026,nM,325124,,,False
CN1CCC(CNc2ccc(cc2[N+]([O-])=O)S(=O)(=O)NC(=O)c2ccc(cc2Oc2cccc3[nH]cnc23)N2CCN(CC3=C(CC(C)(C)CC3)c3ccc(Cl)cc3)CC2)CC1 |t:47|,Ki, 0.026,nM,325157,,,False
CC1(C)CCC(CN2CCN(CC2)c2ccc(C(=O)NS(=O)(=O)c3ccc(NC4CCN(CC4)C4CC4)c(c3)S(=O)(=O)C(F)(F)F)c(Oc3cnc4[nH]ccc4c3)c2)=C(C1)c1ccc(Cl)cc1,Ki, 0.026,nM,704782,,,False
CC1(C)CCC(CN2CCN(CC2)c2ccc(C(=O)NS(=O)(=O)c3ccc(NCC4CCC(F)(F)CC4)c(c3)[N+]([O-])=O)c(Oc3cnc4[nH]ccc4c3)c2)=C(C1)c1ccc(Cl)cc1,Ki, 0.026,nM,704831,,,False
CC1(C)CCC(CN2CCN(CC2)c2ccc(C(=O)NS(=O)(=O)c3ccc(NC4CCN(CC4)C4CC4)c(c3)S(=O)(=O)C(F)(F)F)c(Oc3cnc4[nH]ccc4c3)c2)=C(C1)c1ccc(Cl)cc1,Ki, 0.026,nM,1179835,,,False
"CC1(C)CCC(CN2CCN(CC2)c2ccc(C(=O)NS(=O)(=O)c3ccc(NCC4CCC(CC4)C#N)c(c3)[N+]([O-])=O)c(Oc3cccc4[nH]cnc34)c2)=C(C1)c1ccc(Cl)cc1 |c:59,(13.7,-1.45,;12.16,-1.51,;12.97,-.2,;10.82,-.74,;9.49,-1.51,;9.49,-3.05,;8.16,-3.82,;6.82,-3.05,;6.82,-1.51,;5.49,-.74,;4.16,-1.51,;4.16,-3.05,;5.49,-3.82,;2.82,-.74,;2.82,.8,;1.49,1.57,;.15,.8,;-1.18,1.57,;-1.18,3.11,;-2.51,.8,;-3.85,1.57,;-5.18,2.34,;-3.08,2.91,;-4.62,.24,;-3.85,-1.09,;-4.62,-2.43,;-6.16,-2.43,;-6.93,-3.76,;-6.16,-5.09,;-6.93,-6.43,;-6.16,-7.76,;-6.93,-9.1,;-8.47,-9.1,;-9.24,-7.76,;-8.47,-6.43,;-9.24,-10.43,;-10.01,-11.76,;-6.93,-1.09,;-6.16,.24,;-8.47,-1.09,;-9.24,.24,;-9.24,-2.43,;.15,-.74,;-1.18,-1.51,;-1.18,-3.05,;.15,-3.82,;.15,-5.36,;-1.18,-6.13,;-2.51,-5.36,;-3.98,-5.83,;-4.88,-4.59,;-3.98,-3.34,;-2.51,-3.82,;1.49,-1.51,;10.82,-3.82,;12.16,-3.05,;10.82,-5.36,;12.16,-6.13,;12.16,-7.67,;10.82,-8.44,;10.82,-9.98,;9.49,-7.67,;9.49,-6.13,)|",Ki, 0.026,nM,325165,,,False
CC1(C)CCC(CN2CCN(CC2)c2ccc(C(=O)NS(=O)(=O)c3ccc(NC4CCN(CC4)C4CC4)c(c3)S(=O)(=O)C(F)(F)F)c(Oc3cnc4[nH]ccc4c3)c2)=C(C1)c1ccc(Cl)cc1,Ki, 0.026,nM,1372921,,,False
CC1(C)CCC(CN2CCN(CC2)c2ccc(C(=O)NS(=O)(=O)c3ccc(NCC4CCC(F)(F)CC4)c(c3)[N+]([O-])=O)c(Oc3cnc4[nH]ccc4c3)c2)=C(C1)c1ccc(Cl)cc1,Ki, 0.026,nM,1372970,,,False
CC1(C)CCC(CN2CCN(CC2)c2ccc(C(=O)NS(=O)(=O)c3ccc(NCC4CCC(F)(F)CC4)c(c3)[N+]([O-])=O)c(Oc3cnc4[nH]ccc4c3)c2)=C(C1)c1ccc(Cl)cc1,Ki, 0.026,nM,1179933,,,False
CC1(C)CCC(CN2CCN(CC2)c2ccc(C(=O)NS(=O)(=O)c3ccc(NC4CCN(CC4)C4CC4)c(c3)S(=O)(=O)C(F)(F)F)c(Oc3cnc4[nH]ccc4c3)c2)=C(C1)c1ccc(Cl)cc1 |c:64|,Ki, 0.026,nM,339738,,,False
CC(C)N1CCC(CC1)Nc1ccc(cc1[N+]([O-])=O)S(=O)(=O)NC(=O)c1ccc(cc1Oc1ccccc1Cl)N1CCN(CC2=C(CC(C)(C)CC2)c2ccc(Cl)cc2)CC1,Ki, 0.027,nM,387620,,,False
CC1(C)CCC(CN2CCN(CC2)c2ccc(C(=O)NS(=O)(=O)c3ccc(NC4CCN(CC4)C4CCOCC4)c(c3)[N+]([O-])=O)c(Oc3ccc(O)cc3Cl)c2)=C(C1)c1ccc(Cl)cc1 |c:61|,Ki, 0.027,nM,281543,,,False
CC1(C)CCC(CN2CCN(CC2)c2ccc(C(=O)NS(=O)(=O)c3ccc(NC4CCN(CC4)C4CCOCC4)c(c3)[N+]([O-])=O)c(Oc3ccc(O)cc3Cl)c2)=C(C1)c1ccc(Cl)cc1,Ki, 0.027,nM,387792,,,False
CC1(C)CCC(CN2CCN(CC2)c2ccc(C(=O)NS(=O)(=O)c3ccc(NCCCN4CCCC4)c(c3)[N+]([O-])=O)c(Oc3ccc4[nH]ccc4c3)c2)=C(C1)c1ccc(Cl)cc1 |c:58|,Ki, 0.027,nM,324818,,,False
CC(C)N1CCC(CC1)Nc1ccc(cc1[N+]([O-])=O)S(=O)(=O)NC(=O)c1ccc(cc1Oc1ccccc1Cl)N1CCN(CC2=C(CC(C)(C)CC2)c2ccc(Cl)cc2)CC1 |t:48|,Ki, 0.027,nM,281374,,,False
CN1CCC(CC1)Nc1ccc(cc1[N+]([O-])=O)S(=O)(=O)NC(=O)c1ccc(cc1Oc1cccc(Cl)c1)N1CCN(CC2=C(CC(C)(C)OC2)c2ccc(Cl)cc2)CC1 |t:46|,Ki, 0.028,nM,281476,,,False
CC1(C)CCC(CN2CCN(CC2)c2ccc(C(=O)NS(=O)(=O)c3ccc(NC4CCC(CC4)N4CCOCC4)c(c3)[N+]([O-])=O)c(Oc3cccc4NC(=O)Cc34)c2)=C(C1)c1ccc(Cl)cc1,Ki, 0.028,nM,387895,,,False
CN1CCC(CC1)Nc1ccc(cc1[N+]([O-])=O)S(=O)(=O)NC(=O)c1ccc(cc1Oc1cccc(Br)c1)N1CCN(CC2=C(CC(C)(C)OC2)c2ccc(Cl)cc2)CC1 |t:46|,Ki, 0.028,nM,281489,,,False
CC1(C)CCC(CN2CCN(CC2)c2ccc(C(=O)NS(=O)(=O)c3cnc(OC[C@@H]4CCN(CC(F)F)C4)c(Cl)c3)c(Oc3cccc4[nH]ncc34)c2)=C(C1)c1ccc(Cl)cc1 |c:58|,Ki, 0.028,nM,325148,,,False
CC1(C)CCC(CN2CCN(CC2)c2ccc(C(=O)NS(=O)(=O)c3ccc(OCC4COCCO4)c(c3)[N+]([O-])=O)c(Oc3cccc4[nH]ncc34)c2)=C(C1)c1ccc(Cl)cc1 |c:57|,Ki, 0.028,nM,325150,,,False
CN1CCC(CC1)Nc1ccc(cc1[N+]([O-])=O)S(=O)(=O)NC(=O)c1ccc(cc1Oc1cccc(Br)c1)N1CCN(CC2=C(CC(C)(C)OC2)c2ccc(Cl)cc2)CC1,Ki, 0.028,nM,387737,,,False
CN1CCC(CC1)Nc1ccc(cc1[N+]([O-])=O)S(=O)(=O)NC(=O)c1ccc(cc1Oc1cccc(Cl)c1)N1CCN(CC2=C(CC(C)(C)OC2)c2ccc(Cl)cc2)CC1,Ki, 0.028,nM,387722,,,False
"CC1(C)CCC(CN2CCN(CC2)c2ccc(C(=O)NS(=O)(=O)c3ccc(NC4CCC(CC4)N4CCOCC4)c(c3)[N+]([O-])=O)c(Oc3cccc4NC(=O)Cc34)c2)=C(C1)c1ccc(Cl)cc1 |c:64,(17.17,-3.13,;15.63,-3.18,;16.44,-1.87,;14.29,-2.41,;12.96,-3.18,;12.96,-4.72,;11.63,-5.49,;10.29,-4.72,;10.29,-3.18,;8.96,-2.41,;7.62,-3.18,;7.62,-4.72,;8.96,-5.49,;6.29,-2.41,;6.29,-.87,;4.96,-.1,;3.62,-.87,;2.29,-.1,;.96,-.87,;2.29,1.44,;.96,2.21,;1.73,3.54,;.19,.88,;-.38,2.98,;-1.71,2.21,;-3.05,2.98,;-3.05,4.52,;-4.38,5.29,;-5.71,4.52,;-5.71,2.98,;-7.05,2.21,;-8.38,2.98,;-8.38,4.52,;-7.05,5.29,;-9.71,2.21,;-9.71,.67,;-11.05,-.1,;-12.38,.67,;-12.38,2.21,;-11.05,2.98,;-1.71,5.29,;-.38,4.52,;-1.71,6.83,;-3.05,7.6,;-.38,7.6,;3.62,-2.41,;2.29,-3.18,;2.29,-4.72,;3.62,-5.49,;3.62,-7.03,;2.29,-7.8,;.96,-7.03,;-.51,-7.5,;-1.41,-6.26,;-2.95,-6.26,;-.51,-5.01,;.96,-5.49,;4.96,-3.18,;14.29,-5.49,;15.63,-4.72,;14.29,-7.03,;15.63,-7.8,;15.63,-9.34,;14.29,-10.11,;14.29,-11.65,;12.96,-9.34,;12.96,-7.8,)|",Ki, 0.028,nM,281643,,,False
CO[C@H]1CC[C@H](CNc2ccc(cc2[N+]([O-])=O)S(=O)(=O)NC(=O)c2ccc(cc2Oc2cnc3[nH]ccc3c2)N2CCN(CC3=C(CCC4(CCCC4)C3)c3ccc(Cl)cc3)CC2)CC1,Ki, 0.029,nM,704666,,,False
CO[C@H]1CC[C@H](CNc2ccc(cc2[N+]([O-])=O)S(=O)(=O)NC(=O)c2ccc(cc2Oc2cnc3[nH]ccc3c2)N2CCN(CC3=C(CCC4(CCCC4)C3)c3ccc(Cl)cc3)CC2)CC1,Ki, 0.029,nM,1372805,,,False
CC1(C)CCC(CN2CCN(CC2)c2ccc(C(=O)NS(=O)(=O)c3cnc(OCC4(F)CCOCC4)c(F)c3)c(Oc3cnc4[nH]ccc4c3)c2)=C(C1)c1ccc(Cl)cc1,Ki, 0.029,nM,704840,,,False
CC1(C)CCC(CN2CCN(CC2)c2ccc(C(=O)NS(=O)(=O)c3cnc(OCC4(F)CCOCC4)c(F)c3)c(Oc3cnc4[nH]ccc4c3)c2)=C(C1)c1ccc(Cl)cc1,Ki, 0.029,nM,1372979,,,False
COCCNc1ccc(cc1[N+]([O-])=O)S(=O)(=O)NC(=O)c1ccc(cc1Oc1cccc2NC(=O)Cc12)N1CCN(CC2=C(CC(C)(C)CC2)c2ccc(Cl)cc2)CC1 |t:46|,Ki, 0.029,nM,281644,,,False
CC1(C)CCC(CN2CCN(CC2)c2ccc(C(=O)NS(=O)(=O)c3cnc(OCC4(F)CCOCC4)c(F)c3)c(Oc3cnc4[nH]ccc4c3)c2)=C(C1)c1ccc(Cl)cc1 |c:56|,Ki, 0.029,nM,339790,,,False
"COC1CCC(CNc2ccc(cc2[N+]([O-])=O)S(=O)(=O)NC(=O)c2ccc(cc2Oc2cnc3[nH]ccc3c2)N2CCN(CC3=C(CCC4(CCCC4)C3)c3ccc(Cl)cc3)CC2)CC1 |t:48,(-5.37,14.09,;-6.14,12.76,;-5.37,11.42,;-6.14,10.09,;-5.37,8.76,;-3.83,8.76,;-3.06,7.42,;-1.52,7.42,;-.75,6.09,;-1.52,4.75,;-.75,3.42,;.79,3.42,;1.56,4.75,;.79,6.09,;1.56,7.42,;3.1,7.42,;.79,8.76,;1.56,2.09,;.23,1.32,;2.89,2.86,;2.33,.75,;1.56,-.58,;.02,-.58,;2.33,-1.91,;1.56,-3.25,;2.33,-4.58,;3.87,-4.58,;4.64,-3.25,;3.87,-1.91,;4.64,-.58,;6.18,-.58,;6.95,.75,;8.49,.75,;9.26,-.58,;10.77,-.9,;10.93,-2.43,;9.52,-3.06,;8.49,-1.91,;6.95,-1.91,;4.64,-5.91,;6.18,-5.91,;6.95,-7.25,;6.18,-8.58,;6.95,-9.92,;6.18,-11.25,;6.95,-12.58,;6.18,-13.92,;4.64,-13.92,;3.87,-12.58,;2.97,-13.83,;1.5,-13.35,;1.5,-11.81,;2.97,-11.34,;4.64,-11.25,;8.49,-12.58,;9.26,-11.25,;10.8,-11.25,;11.57,-12.58,;13.11,-12.58,;10.8,-13.92,;9.26,-13.92,;4.64,-8.58,;3.87,-7.25,;-3.06,10.09,;-3.83,11.42,)|",Ki, 0.029,nM,339625,,,False
CC1(C)CCC(CN2CCN(CC2)c2ccc(C(=O)NS(=O)(=O)c3cnc(OCC4(F)CCOCC4)c(F)c3)c(Oc3cnc4[nH]ccc4c3)c2)=C(C1)c1ccc(Cl)cc1,Ki, 0.029,nM,1179951,,,False
COCCNc1ccc(cc1[N+]([O-])=O)S(=O)(=O)NC(=O)c1ccc(cc1Oc1cccc2NC(=O)Cc12)N1CCN(CC2=C(CC(C)(C)CC2)c2ccc(Cl)cc2)CC1,Ki, 0.029,nM,387896,,,False
CO[C@H]1CC[C@H](CNc2ccc(cc2[N+]([O-])=O)S(=O)(=O)NC(=O)c2ccc(cc2Oc2cnc3[nH]ccc3c2)N2CCN(CC3=C(CCC4(CCCC4)C3)c3ccc(Cl)cc3)CC2)CC1,Ki, 0.029,nM,1179980,,,False
CC1(C)CCC(CN2CCN(CC2)c2ccc(C(=O)NS(=O)(=O)c3ccc(NCCCN4CCCC4)c(c3)[N+]([O-])=O)c(Oc3cccc(Cl)c3F)c2)=C(C1)c1ccc(Cl)cc1,Ki, 0.03,nM,387727,,,False
CC1(C)CCC(CN2CCN(CC2)c2ccc(C(=O)NS(=O)(=O)c3ccc(N[C@@H]4CCN(C4)C(CF)CF)c(c3)[N+]([O-])=O)c(Oc3cnc4[nH]ccc4c3)c2)=C(C1)c1ccc(Cl)cc1,Ki, 0.030,nM,1179869,,,False
CC1(C)CCC(CN2CCN(CC2)c2ccc(C(=O)NS(=O)(=O)c3ccc(N[C@@H]4CCN(C4)C(CF)CF)c(c3)[N+]([O-])=O)c(Oc3cnc4[nH]ccc4c3)c2)=C(C1)c1ccc(Cl)cc1,Ki, 0.030,nM,704799,,,False
CC1(C)CCC(CN2CCN(CC2)c2ccc(C(=O)NS(=O)(=O)c3cnc(OCC4CCC(CC4)N(C4CC4)C4COC4)c(Cl)c3)c(Oc3cnc4[nH]ccc4c3)c2)=C(C1)c1ccc(Cl)cc1,Ki, 0.030,nM,1373058,,,False
"CC1(C)CCC(CN2CCN(CC2)c2ccc(C(=O)NS(=O)(=O)c3cnc(OCC4CCC(CC4)N(C4CC4)C4COC4)c(Cl)c3)c(Oc3cnc4[nH]ccc4c3)c2)=C(C1)c1ccc(Cl)cc1 |c:65,(1.85,-10.55,;2.67,-9.24,;1.13,-9.29,;2.67,-7.7,;4,-6.93,;5.33,-7.7,;6.67,-6.93,;6.67,-5.39,;8,-4.62,;8,-3.08,;6.67,-2.31,;5.33,-3.08,;5.33,-4.62,;6.67,-.77,;8,,;8,1.54,;6.67,2.31,;6.67,3.85,;5.33,4.62,;8,4.62,;9.34,3.85,;10.11,5.18,;8.57,2.52,;10.67,3.08,;10.67,1.54,;12,.77,;13.34,1.54,;14.67,.77,;16,1.54,;17.34,.77,;18.67,1.54,;20.01,.77,;20.01,-.77,;18.67,-1.54,;17.34,-.77,;21.34,-1.54,;21.34,-3.08,;22.11,-4.41,;20.57,-4.41,;22.67,-.77,;24.16,-1.17,;24.56,.32,;23.07,.72,;13.34,3.08,;14.67,3.85,;12,3.85,;5.33,1.54,;4,2.31,;2.67,1.54,;2.67,,;1.33,-.77,;;-1.46,-.48,;-2.37,.77,;-1.46,2.02,;,1.54,;1.33,2.31,;5.33,,;5.33,-9.24,;4,-10.01,;6.67,-10.01,;8,-9.24,;9.34,-10.01,;9.34,-11.55,;10.67,-12.32,;8,-12.32,;6.67,-11.55,)|",Ki, 0.03,nM,339869,,,False
CN1CCC(CC1)Nc1ccc(cc1[N+]([O-])=O)S(=O)(=O)NC(=O)c1ccc(cc1Oc1ccccc1Br)N1CCN(CC2=C(CC(C)(C)CC2)c2ccc(Cl)cc2)CC1 |t:46|,Ki, 0.03,nM,281375,,,False
CC1(C)CCC(CN2CCN(CC2)c2ccc(C(=O)NS(=O)(=O)c3cnc(OCC4CCC(CC4)N(C4CC4)C4COC4)c(Cl)c3)c(Oc3cnc4[nH]ccc4c3)c2)=C(C1)c1ccc(Cl)cc1,Ki, 0.030,nM,1180110,,,False
CC1(C)CCC(CN2CCN(CC2)c2ccc(C(=O)NS(=O)(=O)c3cnc(OCC4CCC(CC4)N(C4CC4)C4COC4)c(Cl)c3)c(Oc3cnc4[nH]ccc4c3)c2)=C(C1)c1ccc(Cl)cc1,Ki, 0.030,nM,704919,,,False
CC1(C)CCC(CN2CCN(CC2)c2ccc(C(=O)NS(=O)(=O)c3ccc(N[C@@H]4CCN(C4)C(CF)CF)c(c3)[N+]([O-])=O)c(Oc3cnc4[nH]ccc4c3)c2)=C(C1)c1ccc(Cl)cc1,Ki, 0.030,nM,1372938,,,False
CN1CCC(CC1)Nc1ccc(cc1[N+]([O-])=O)S(=O)(=O)NC(=O)c1ccc(cc1Oc1ccccc1Br)N1CCN(CC2=C(CC(C)(C)CC2)c2ccc(Cl)cc2)CC1,Ki, 0.03,nM,387621,,,False
CC1(C)CCC(CN2CCN(CC2)c2ccc(C(=O)NS(=O)(=O)c3ccc(N[C@@H]4CCN(C4)C(CF)CF)c(c3)[N+]([O-])=O)c(Oc3cnc4[nH]ccc4c3)c2)=C(C1)c1ccc(Cl)cc1 |c:60|,Ki, 0.03,nM,339752,,,False
"CC1(C)CCC(CN2CCN(CC2)c2ccc(C(=O)NS(=O)(=O)c3ccc(NC4CCC(CC4)N4CCOCC4)c(c3)[N+]([O-])=O)c(Oc3cccc4[nH]ncc34)c2)=C(C1)c1ccc(Cl)cc1 |c:63,(-5.31,9.05,;-4.59,7.69,;-3.86,9.05,;-3.25,6.92,;-3.25,5.38,;-4.59,4.61,;-4.59,3.07,;-3.25,2.3,;-3.25,.76,;-1.92,-.01,;-.58,.76,;-.58,2.3,;-1.92,3.07,;.75,-.01,;.75,-1.55,;2.08,-2.32,;3.42,-1.55,;4.75,-2.32,;6.08,-1.55,;4.75,-3.86,;6.08,-4.63,;5.31,-5.96,;6.85,-3.29,;7.42,-5.4,;7.42,-6.94,;8.75,-7.71,;10.09,-6.94,;11.42,-7.71,;11.42,-9.25,;12.75,-10.02,;12.75,-11.56,;11.42,-12.33,;10.09,-11.56,;10.09,-10.02,;11.42,-13.87,;12.75,-14.64,;12.75,-16.18,;11.42,-16.95,;10.09,-16.18,;10.09,-14.64,;10.09,-5.4,;8.75,-4.63,;11.42,-4.63,;11.42,-3.09,;12.75,-5.4,;3.42,-.01,;4.75,.76,;4.75,2.3,;6.08,3.07,;6.08,4.61,;4.75,5.38,;3.42,4.61,;1.95,5.09,;1.05,3.84,;1.95,2.6,;3.42,3.07,;2.08,.76,;-5.92,5.38,;-5.92,6.92,;-7.25,4.61,;-7.25,3.07,;-8.59,2.3,;-9.92,3.07,;-11.25,2.3,;-9.92,4.61,;-8.59,5.38,)|",Ki, 0.03,nM,325105,,,False
CC1(C)CCC(CN2CCN(CC2)c2ccc(C(=O)NS(=O)(=O)c3ccc(NCCCN4CCCC4)c(c3)[N+]([O-])=O)c(Oc3cccc(Cl)c3F)c2)=C(C1)c1ccc(Cl)cc1 |c:56|,Ki, 0.03,nM,198644,,,False
CC1(C)CCC(CN2CCN(CC2)c2ccc(C(=O)NS(=O)(=O)c3ccc(NC4CCN(CC4)C4CCOCC4)c(c3)[N+]([O-])=O)c(Oc3cccc(Cl)c3)c2)=C(C1)c1ccc(Cl)cc1 |c:60|,Ki, 0.03,nM,281459,,,False
CN1CCC(CC1)Nc1ccc(cc1[N+]([O-])=O)S(=O)(=O)NC(=O)c1ccc(cc1Oc1cccc2[nH]ccc12)N1CCN(CC2=C(CC(C)(C)OC2)c2ccc(Cl)cc2)CC1 |t:49|,Ki, 0.03,nM,324861,,,False
CC1(C)CCC(CN2CCN(CC2)c2ccc(C(=O)NS(=O)(=O)c3ccc(NC4CCN(CC4)C4CCOCC4)c(c3)[N+]([O-])=O)c(Oc3cccc(Cl)c3)c2)=C(C1)c1ccc(Cl)cc1,Ki, 0.03,nM,387705,,,False
CN(C)CCCNc1ccc(cc1[N+]([O-])=O)S(=O)(=O)NC(=O)c1ccc(cc1Oc1cccc2[nH]cc(CN3CCN(C)CC3)c12)N1CCN(CC2=C(CC(C)(C)CC2)c2ccc(Cl)cc2)CC1 |t:56|,Ki, 0.031,nM,281540,,,False
FC1(COc2ncc(cc2Cl)S(=O)(=O)NC(=O)c2ccc(cc2Oc2cnc3[nH]ccc3c2)N2CCC(F)(Cc3ccccc3-c3ccc(Cl)cc3)CC2)CCOCC1,Ki, 0.031,nM,339813,,,False
CC1(C)CCC(CN2CCN(CC2)c2ccc(C(=O)NS(=O)(=O)c3ccc(OCC4(F)CCOCC4)c(c3)[N+]([O-])=O)c(Oc3ccc4[nH]ccc4c3)c2)=C(C1)c1ccc(Cl)cc1 |c:58|,Ki, 0.031,nM,325031,,,False
CN(C)CCCNc1ccc(cc1[N+]([O-])=O)S(=O)(=O)NC(=O)c1ccc(cc1Oc1cccc2[nH]cc(CN3CCN(C)CC3)c12)N1CCN(CC2=C(CC(C)(C)CC2)c2ccc(Cl)cc2)CC1,Ki, 0.031,nM,387789,,,False
FC1(COc2ncc(cc2Cl)S(=O)(=O)NC(=O)c2ccc(cc2Oc2cnc3[nH]ccc3c2)N2CCC(F)(Cc3ccccc3-c3ccc(Cl)cc3)CC2)CCOCC1,Ki, 0.031,nM,1179997,,,False
"CCN(CC)C1CCC(CC1)Nc1ccc(cc1[N+]([O-])=O)S(=O)(=O)NC(=O)c1ccc(cc1Oc1cccc2[nH]ccc12)N1CCN(CC2=C(CC(C)(C)CC2)c2ccc(Cl)cc2)CC1 |t:53,(-9.75,7.17,;-8.41,7.94,;-7.08,7.17,;-7.08,5.63,;-5.75,4.86,;-5.75,7.94,;-4.41,7.17,;-3.08,7.94,;-3.08,9.48,;-4.41,10.25,;-5.75,9.48,;-1.74,10.25,;-.41,9.48,;-.41,7.94,;.92,7.17,;2.26,7.94,;2.26,9.48,;.92,10.25,;.92,11.79,;-.41,12.56,;2.26,12.56,;3.59,7.17,;4.36,8.5,;2.82,5.83,;4.92,6.4,;4.92,4.86,;3.59,4.09,;6.26,4.09,;7.59,4.86,;8.92,4.09,;8.92,2.55,;7.59,1.78,;6.26,2.55,;4.92,1.78,;4.92,.24,;6.26,-.53,;6.26,-2.07,;4.92,-2.84,;3.59,-2.07,;2.13,-2.55,;1.22,-1.3,;2.13,-.06,;3.59,-.53,;10.26,1.78,;11.59,2.55,;12.93,1.78,;12.93,.24,;14.26,-.53,;15.59,.24,;16.93,-.53,;18.26,.24,;18.26,1.78,;19.8,1.83,;19.08,3.08,;16.93,2.55,;15.59,1.78,;16.93,-2.07,;18.26,-2.84,;18.26,-4.38,;16.93,-5.15,;16.93,-6.69,;15.59,-4.38,;15.59,-2.84,;11.59,-.53,;10.26,.24,)|",Ki, 0.031,nM,324912,,,False
FC1(COc2ncc(cc2Cl)S(=O)(=O)NC(=O)c2ccc(cc2Oc2cnc3[nH]ccc3c2)N2CCC(F)(Cc3ccccc3-c3ccc(Cl)cc3)CC2)CCOCC1,Ki, 0.031,nM,704863,,,False
CN1CCC(F)(COc2ccc(cc2S(=O)(=O)C(F)(F)F)S(=O)(=O)NC(=O)c2ccc(cc2Oc2cnc3[nH]ccc3c2)N2CCN(CC3=C(CC(C)(C)CC3)c3ccc(Cl)cc3)CC2)CC1,Ki, 0.031,nM,1372961,,,False
CN1CCC(CC1)Nc1ccc(cc1[N+]([O-])=O)S(=O)(=O)NC(=O)c1ccc(cc1Oc1cccc(I)c1)N1CCN(CC2=C(CC(C)(C)OC2)c2ccc(Cl)cc2)CC1 |t:46|,Ki, 0.031,nM,281490,,,False
CN1CCC(F)(COc2ccc(cc2S(=O)(=O)C(F)(F)F)S(=O)(=O)NC(=O)c2ccc(cc2Oc2cnc3[nH]ccc3c2)N2CCN(CC3=C(CC(C)(C)CC3)c3ccc(Cl)cc3)CC2)CC1 |t:52|,Ki, 0.031,nM,339773,,,False
CN1CCC(F)(COc2ccc(cc2S(=O)(=O)C(F)(F)F)S(=O)(=O)NC(=O)c2ccc(cc2Oc2cnc3[nH]ccc3c2)N2CCN(CC3=C(CC(C)(C)CC3)c3ccc(Cl)cc3)CC2)CC1,Ki, 0.031,nM,1179915,,,False
CN1CCC(F)(COc2ccc(cc2S(=O)(=O)C(F)(F)F)S(=O)(=O)NC(=O)c2ccc(cc2Oc2cnc3[nH]ccc3c2)N2CCN(CC3=C(CC(C)(C)CC3)c3ccc(Cl)cc3)CC2)CC1,Ki, 0.031,nM,704822,,,False
FC1(COc2ncc(cc2Cl)S(=O)(=O)NC(=O)c2ccc(cc2Oc2cnc3[nH]ccc3c2)N2CCC(F)(Cc3ccccc3-c3ccc(Cl)cc3)CC2)CCOCC1,Ki, 0.031,nM,1373002,,,False
CN1CCC(CC1)Nc1ccc(cc1[N+]([O-])=O)S(=O)(=O)NC(=O)c1ccc(cc1Oc1cccc(I)c1)N1CCN(CC2=C(CC(C)(C)OC2)c2ccc(Cl)cc2)CC1,Ki, 0.031,nM,387738,,,False
CC1(C)CCC(CN2CCN(CC2)c2ccc(C(=O)NS(=O)(=O)c3ccc(NC4CCN(CC4)C4CCOCC4)c(c3)[N+]([O-])=O)c(Oc3cccc(F)c3)c2)=C(C1)c1ccc(Cl)cc1 |c:60|,Ki, 0.032,nM,281445,,,False
CC1(C)CCC(CN2CCN(CC2)c2ccc(C(=O)NS(=O)(=O)c3ccc(NC4CCN(CC4)C4CCOCC4)c(c3)[N+]([O-])=O)c(Oc3cccc(F)c3)c2)=C(C1)c1ccc(Cl)cc1,Ki, 0.032,nM,387691,,,False
CN(C)CCCc1cccc(c1CN1CCN(CC1)c1ccc(C(=O)NS(=O)(=O)c2ccc(NCC3CCOCC3)c(c2)[N+]([O-])=O)c(Oc2cccc3[nH]ccc23)c1)-c1ccc(Cl)cc1,Ki, 0.032,nM,324906,,,False
"CC1(C)CCC(CN2CCN(CC2)c2ccc(C(=O)NS(=O)(=O)c3ccc(OC[C@H]4CC[C@H](O)CC4)c(Cl)c3)c(Oc3cnc4[nH]ccc4c3)c2)=C(C1)c1ccc(Cl)cc1 |wU:29.29,wD:32.33,c:56,(11.4,-12.25,;10.59,-10.94,;12.13,-10.99,;10.59,-9.4,;9.25,-8.63,;7.92,-9.4,;6.59,-8.63,;6.59,-7.09,;7.92,-6.32,;7.92,-4.78,;6.59,-4.01,;5.25,-4.78,;5.25,-6.32,;6.59,-2.47,;7.92,-1.7,;7.92,-.16,;6.59,.61,;6.59,2.15,;7.92,2.92,;5.25,2.92,;5.25,4.46,;6.79,4.46,;5.25,6,;3.71,4.46,;2.94,5.79,;1.4,5.79,;.63,4.46,;-.91,4.46,;-1.68,3.13,;-3.22,3.13,;-3.99,1.79,;-5.53,1.79,;-6.3,3.13,;-7.84,3.13,;-5.53,4.46,;-3.99,4.46,;1.4,3.13,;.63,1.79,;2.94,3.13,;5.25,-.16,;3.92,.61,;2.59,-.16,;2.59,-1.7,;1.25,-2.47,;-.08,-1.7,;-1.55,-2.18,;-2.45,-.93,;-1.55,.32,;-.08,-.16,;1.25,.61,;5.25,-1.7,;7.92,-10.94,;9.25,-11.71,;6.59,-11.71,;6.59,-13.25,;5.25,-14.02,;3.92,-13.25,;2.59,-14.02,;3.92,-11.71,;5.25,-10.94,)|",Ki, 0.033,nM,339845,,,False
Cc1cc(Oc2cc(ccc2C(=O)NS(=O)(=O)c2ccc(NCC3CCOCC3)c(c2)[N+]([O-])=O)N2CCN(CC3=C(CC(C)(C)CC3)c3ccc(Cl)cc3)CC2)cnc1N |t:42|,Ki, 0.033,nM,281685,,,False
CC1(C)CCC(CN2CCN(CC2)c2ccc(C(=O)NS(=O)(=O)c3ccc(NC4CCN(CC4)C4CCOCC4)c(c3)[N+]([O-])=O)c(Oc3ccccc3F)c2)=C(C1)c1ccc(Cl)cc1,Ki, 0.033,nM,387702,,,False
CC1(C)CCC(CN2CCN(CC2)c2ccc(C(=O)NS(=O)(=O)c3ccc(NN4CCN(CC4)C4COC4)c(c3)[N+]([O-])=O)c(Oc3cnc4[nH]ccc4c3)c2)=C(C1)c1ccc(Cl)cc1,Ki, 0.033,nM,1372967,,,False
Cc1cc(Oc2cc(ccc2C(=O)NS(=O)(=O)c2ccc(NCC3CCOCC3)c(c2)[N+]([O-])=O)N2CCN(CC3=C(CC(C)(C)CC3)c3ccc(Cl)cc3)CC2)cnc1N,Ki, 0.033,nM,387937,,,False
CC1(C)CCC(CN2CCN(CC2)c2ccc(C(=O)NS(=O)(=O)c3ccc(NC4CCN(CC4)C4CCOCC4)c(c3)[N+]([O-])=O)c(Oc3ccccc3F)c2)=C(C1)c1ccc(Cl)cc1 |c:60|,Ki, 0.033,nM,281456,,,False
CC1(C)CCC(CN2CCN(CC2)c2ccc(C(=O)NS(=O)(=O)c3ccc(NN4CCN(CC4)C4COC4)c(c3)[N+]([O-])=O)c(Oc3cnc4[nH]ccc4c3)c2)=C(C1)c1ccc(Cl)cc1,Ki, 0.033,nM,1179927,,,False
CC1(C)CCC(CN2CCN(CC2)c2ccc(C(=O)NS(=O)(=O)c3ccc(OC[C@H]4CC[C@H](O)CC4)c(Cl)c3)c(Oc3cnc4[nH]ccc4c3)c2)=C(C1)c1ccc(Cl)cc1,Ki, 0.033,nM,704895,,,False
CC1(C)CCC(CN2CCN(CC2)c2ccc(C(=O)NS(=O)(=O)c3ccc(NN4CCN(CC4)C4COC4)c(c3)[N+]([O-])=O)c(Oc3cnc4[nH]ccc4c3)c2)=C(C1)c1ccc(Cl)cc1,Ki, 0.033,nM,704828,,,False
CC1(C)CCC(CN2CCN(CC2)c2ccc(C(=O)NS(=O)(=O)c3ccc(NN4CCN(CC4)C4COC4)c(c3)[N+]([O-])=O)c(Oc3cnc4[nH]ccc4c3)c2)=C(C1)c1ccc(Cl)cc1 |c:61|,Ki, 0.033,nM,339778,,,False
CC1(C)CCC(CN2CCN(CC2)c2ccc(C(=O)NS(=O)(=O)c3ccc(OC[C@H]4CC[C@H](O)CC4)c(Cl)c3)c(Oc3cnc4[nH]ccc4c3)c2)=C(C1)c1ccc(Cl)cc1,Ki, 0.033,nM,1180062,,,False
CC1(C)CCC(CN2CCN(CC2)c2ccc(C(=O)NS(=O)(=O)c3ccc(OC[C@H]4CC[C@H](O)CC4)c(Cl)c3)c(Oc3cnc4[nH]ccc4c3)c2)=C(C1)c1ccc(Cl)cc1,Ki, 0.033,nM,1373034,,,False
CC1(C)CCC(CN2CCN(CC2)c2ccc(C(=O)NS(=O)(=O)c3cnc(OC[C@H]4CC[C@](C)(O)CC4)c(Cl)c3)c(Oc3cnc4[nH]ccc4c3)c2)=C(C1)c1ccc(Cl)cc1,Ki, 0.034,nM,704938,,,False
CC1(C)CCC(CN2CCN(CC2)c2ccc(C(=O)NS(=O)(=O)c3cnc(OC[C@H]4CC[C@](C)(O)CC4)c(Cl)c3)c(Oc3cnc4[nH]ccc4c3)c2)=C(C1)c1ccc(Cl)cc1,Ki, 0.034,nM,1373077,,,False
CC1(C)CC(c2ccc(Cl)cc2)=C2CN3CCN(c4ccc(C(=O)NS(=O)(=O)c5ccc(NCC6COCCO6)c([N+](=O)[O-])c5)c(N5CCCOc6nc7[nH]ccc7cc65)c4)C[C@H]3COCCCO[C@@H]2C1,Ki, 0.034,nM,1497959,,,False
CN1CCC(CC1)Nc1ccc(cc1[N+]([O-])=O)S(=O)(=O)NC(=O)c1ccc(cc1Oc1ccccc1Cl)N1CCN(CC2=C(CCCC2)c2ccc(Cl)cc2)CC1,Ki, 0.034,nM,387622,,,False
CC1(C)CCC(CN2CCN(CC2)c2ccc(C(=O)NS(=O)(=O)c3ccc(NCC4CCOC4)c(c3)[N+]([O-])=O)c(Oc3cc4cc[nH]c4cc3F)c2)=C(C1)c1ccc(Cl)cc1 |c:57|,Ki, 0.034,nM,281655,,,False
CN1CCC(CC1)Nc1ccc(cc1[N+]([O-])=O)S(=O)(=O)NC(=O)c1ccc(cc1Oc1ccccc1Cl)N1CCN(CC2=C(CCCC2)c2ccc(Cl)cc2)CC1 |t:46|,Ki, 0.034,nM,281376,,,False
CC1(C)CCC(CN2CCN(CC2)c2ccc(C(=O)NS(=O)(=O)c3cnc(OCC4CCC(C)(O)CC4)c(Cl)c3)c(Oc3cnc4[nH]ccc4c3)c2)=C(C1)c1ccc(Cl)cc1,Ki, 0.034,nM,1180148,,,False
CC1(C)CCC(CN2CCN(CC2)c2ccc(C(=O)NS(=O)(=O)c3ccc(NCC4CCOC4)c(c3)[N+]([O-])=O)c(Oc3cc4cc[nH]c4cc3F)c2)=C(C1)c1ccc(Cl)cc1,Ki, 0.034,nM,387907,,,False
CC%10(C)CC(c1ccc(Cl)cc1)=C9CN8CCN(c7ccc(C(=O)NS(=O)(=O)c3ccc(NC[C@H]2COCCO2)c([N+](=O)[O-])c3)c(N6CCCOc5nc4[nH]ccc4cc56)c7)C[C@H]8COCCCO[C@@H]9C%10,Ki, 0.034,nM,1406188,,,False
"CC1(C)CCC(CN2CCN(CC2)c2ccc(C(=O)NS(=O)(=O)c3cnc(OCC4CCC(C)(O)CC4)c(Cl)c3)c(Oc3cnc4[nH]ccc4c3)c2)=C(C1)c1ccc(Cl)cc1 |c:57,(6.39,-10.96,;5.57,-9.66,;7.11,-9.71,;5.57,-8.12,;4.24,-7.35,;2.9,-8.12,;1.57,-7.35,;1.57,-5.81,;2.9,-5.04,;2.9,-3.5,;1.57,-2.73,;.23,-3.5,;.23,-5.04,;1.57,-1.19,;2.9,-.42,;2.9,1.12,;1.57,1.89,;1.57,3.43,;.23,4.2,;2.9,4.2,;4.24,3.43,;5.01,4.77,;3.47,2.1,;5.57,2.66,;5.57,1.12,;6.9,.35,;8.24,1.12,;9.57,.35,;10.9,1.12,;12.24,.35,;13.57,1.12,;14.9,.35,;14.9,-1.19,;16.44,-1.24,;15.72,-2.49,;13.57,-1.96,;12.24,-1.19,;8.24,2.66,;9.57,3.43,;6.9,3.43,;.23,1.12,;-1.1,1.89,;-2.43,1.12,;-2.43,-.42,;-3.77,-1.19,;-5.1,-.42,;-6.56,-.89,;-7.47,.35,;-6.56,1.6,;-5.1,1.12,;-3.77,1.89,;.23,-.42,;2.9,-9.66,;4.24,-10.43,;1.57,-10.43,;1.57,-11.97,;.23,-12.74,;-1.1,-11.97,;-2.43,-12.74,;-1.1,-10.43,;.23,-9.66,)|",Ki, 0.034,nM,339886,,,False
CC1(C)C[C@H]2OCCCOC[C@@H]3CN(CCN3CC2=C(C1)c1ccc(Cl)cc1)c1ccc(C(=O)NS(=O)(=O)c2ccc(NC[C@H]3COCCO3)c(c2)[N+]([O-])=O)c(c1)N1CCCOc2nc3[nH]ccc3cc12,Ki, 0.034000,nM,51565550,,,False
FCC(CF)N1CCC2(CC1)CCC(=C(CN1CCN(CC1)c1ccc(C(=O)NS(=O)(=O)c3cnc(OCC4CCOCC4)c(Cl)c3)c(Oc3cnc4[nH]ccc4c3)c1)C2)c1ccc(Cl)cc1,Ki, 0.035,nM,1179987,,,False
CC(C)N1CCC2(CC1)CCC(=C(CN1CCN(CC1)c1ccc(C(=O)NS(=O)(=O)c3ccc(NCC4CCOCC4)c(c3)C(F)(F)F)c(Oc3cnc4[nH]ccc4c3)c1)C2)c1ccc(Cl)cc1 |t:12|,Ki, 0.035,nM,339814,,,False
FCC(CF)N1CCC2(CC1)CCC(=C(CN1CCN(CC1)c1ccc(C(=O)NS(=O)(=O)c3cnc(OCC4CCOCC4)c(Cl)c3)c(Oc3cnc4[nH]ccc4c3)c1)C2)c1ccc(Cl)cc1 |t:14|,Ki, 0.035,nM,339808,,,False
CC1(C)CCC(CN2CCN(CC2)c2ccc(C(=O)NS(=O)(=O)c3ccc(OCc4ccoc4)c(c3)[N+]([O-])=O)c(Oc3cnc4[nH]ccc4c3)c2)=C(C1)c1ccc(Cl)cc1,Ki, 0.035,nM,1373009,,,False
CC1(C)CCC(CN2CCN(CC2)c2ccc(C(=O)NS(=O)(=O)c3ccc(OCc4ccoc4)c(c3)[N+]([O-])=O)c(Oc3cnc4[nH]ccc4c3)c2)=C(C1)c1ccc(Cl)cc1 |c:56|,Ki, 0.035,nM,339820,,,False
CC(C)N1CCC2(CC1)CCC(=C(CN1CCN(CC1)c1ccc(C(=O)NS(=O)(=O)c3ccc(NCC4CCOCC4)c(c3)C(F)(F)F)c(Oc3cnc4[nH]ccc4c3)c1)C2)c1ccc(Cl)cc1,Ki, 0.035,nM,704864,,,False
CN1CCC(CNc2ccc(cc2[N+]([O-])=O)S(=O)(=O)NC(=O)c2ccc(cc2Oc2cccc(F)c2F)N2CCN(CC3=C(CC(C)(C)CC3)c3ccc(Cl)cc3)CC2)CC1 |t:45|,Ki, 0.035,nM,281486,,,False
CC1(C)CCC(CN2CCN(CC2)c2ccc(C(=O)NS(=O)(=O)c3ccc(OCc4ccoc4)c(c3)[N+]([O-])=O)c(Oc3cnc4[nH]ccc4c3)c2)=C(C1)c1ccc(Cl)cc1,Ki, 0.035,nM,704870,,,False
CC(C)N1CCC2(CC1)CCC(=C(CN1CCN(CC1)c1ccc(C(=O)NS(=O)(=O)c3ccc(NCC4CCOCC4)c(c3)C(F)(F)F)c(Oc3cnc4[nH]ccc4c3)c1)C2)c1ccc(Cl)cc1,Ki, 0.035,nM,1179999,,,False
CC1(C)CCC(CN2CCN(CC2)c2ccc(C(=O)NS(=O)(=O)c3ccc(NCC4CCC(CC4)C#N)c(c3)[N+]([O-])=O)c(Oc3cnc(N)c(Cl)c3)c2)=C(C1)c1ccc(Cl)cc1,Ki, 0.035,nM,387976,,,False
CC1(C)CCC(CN2CCN(CC2)c2ccc(C(=O)NS(=O)(=O)c3ccc(NN4CCS(=O)(=O)CC4)c(c3)[N+]([O-])=O)c(Oc3cnc4[nH]ccc4c3)c2)=C(C1)c1ccc(Cl)cc1 |c:58|,Ki, 0.035,nM,339656,,,False
CN1CCN(CC1)Nc1ccc(cc1[N+]([O-])=O)S(=O)(=O)NC(=O)c1ccc(cc1Oc1cccc(F)c1F)N1CCN(CC2=C(CC(C)(C)OC2)c2ccc(Cl)cc2)CC1 |t:47|,Ki, 0.035,nM,281514,,,False
FCC(CF)N1CCC2(CC1)CCC(=C(CN1CCN(CC1)c1ccc(C(=O)NS(=O)(=O)c3cnc(OCC4CCOCC4)c(Cl)c3)c(Oc3cnc4[nH]ccc4c3)c1)C2)c1ccc(Cl)cc1,Ki, 0.035,nM,704858,,,False
CN1CCC(CNc2ccc(cc2[N+]([O-])=O)S(=O)(=O)NC(=O)c2ccc(cc2Oc2cccc(F)c2F)N2CCN(CC3=C(CC(C)(C)CC3)c3ccc(Cl)cc3)CC2)CC1,Ki, 0.035,nM,387733,,,False
CC1(C)CCC(CN2CCN(CC2)c2ccc(C(=O)NS(=O)(=O)c3ccc(NN4CCS(=O)(=O)CC4)c(c3)[N+]([O-])=O)c(Oc3cnc4[nH]ccc4c3)c2)=C(C1)c1ccc(Cl)cc1,Ki, 0.035,nM,704699,,,False
FCC(CF)N1CCC2(CC1)CCC(=C(CN1CCN(CC1)c1ccc(C(=O)NS(=O)(=O)c3cnc(OCC4CCOCC4)c(Cl)c3)c(Oc3cnc4[nH]ccc4c3)c1)C2)c1ccc(Cl)cc1,Ki, 0.035,nM,1372997,,,False
CC1(C)CCC(CN2CCN(CC2)c2ccc(C(=O)NS(=O)(=O)c3cnc(OCC4(F)CCOCC4)c(c3)C#N)c(Oc3cccc4[nH]ncc34)c2)=C(C1)c1ccc(Cl)cc1 |c:57|,Ki, 0.035,nM,325109,,,False
CC1(C)CCC(CN2CCN(CC2)c2ccc(C(=O)NS(=O)(=O)c3ccc(NN4CCS(=O)(=O)CC4)c(c3)[N+]([O-])=O)c(Oc3cnc4[nH]ccc4c3)c2)=C(C1)c1ccc(Cl)cc1,Ki, 0.035,nM,1372838,,,False
CC1(C)CCC(CN2CCN(CC2)c2ccc(C(=O)NS(=O)(=O)c3ccc(NCCCN4CCCC4)c(c3)[N+]([O-])=O)c(Oc3cccc4[nH]ccc34)c2)=C(C1)c1ccc(Cl)cc1 |c:58|,Ki, 0.035,nM,324823,,,False
CN1CCN(CC1)Nc1ccc(cc1[N+]([O-])=O)S(=O)(=O)NC(=O)c1ccc(cc1Oc1cccc(F)c1F)N1CCN(CC2=C(CC(C)(C)OC2)c2ccc(Cl)cc2)CC1,Ki, 0.035,nM,387763,,,False
"CC1(C)CCC(CN2CCN(CC2)c2ccc(C(=O)NS(=O)(=O)c3ccc(NCC4CCC(CC4)C#N)c(c3)[N+]([O-])=O)c(Oc3cnc(N)c(Cl)c3)c2)=C(C1)c1ccc(Cl)cc1 |c:57,(8.53,-13.15,;7.72,-11.85,;9.26,-11.9,;7.72,-10.31,;6.38,-9.54,;5.05,-10.31,;3.72,-9.54,;3.72,-8,;5.05,-7.23,;5.05,-5.69,;3.72,-4.92,;2.38,-5.69,;2.38,-7.23,;3.72,-3.38,;5.05,-2.61,;5.05,-1.07,;3.72,-.3,;3.72,1.24,;5.05,2.01,;2.38,2.01,;2.38,3.55,;2.38,5.09,;3.92,3.55,;.84,3.55,;.07,2.22,;-1.47,2.22,;-2.24,3.55,;-3.78,3.55,;-4.55,2.22,;-6.09,2.22,;-6.86,.88,;-8.4,.88,;-9.17,2.22,;-8.4,3.55,;-6.86,3.55,;-10.71,2.22,;-12.25,2.22,;-1.47,4.89,;.07,4.89,;-2.24,6.22,;-1.47,7.55,;-3.78,6.22,;2.38,-1.07,;1.05,-.3,;-.29,-1.07,;-1.62,-.3,;-2.95,-1.07,;-2.95,-2.61,;-4.29,-3.38,;-1.62,-3.38,;-1.62,-4.92,;-.29,-2.61,;2.38,-2.61,;5.05,-11.85,;6.38,-12.62,;3.72,-12.62,;3.72,-14.16,;2.38,-14.93,;1.05,-14.16,;-.29,-14.93,;1.05,-12.62,;2.38,-11.85,)|",Ki, 0.035,nM,281724,,,False
CC1(C)CCC(CN2CCN(CC2)c2ccc(C(=O)NS(=O)(=O)c3ccc(OCc4ccoc4)c(c3)[N+]([O-])=O)c(Oc3cnc4[nH]ccc4c3)c2)=C(C1)c1ccc(Cl)cc1,Ki, 0.035,nM,1180011,,,False
CC1(C)CCC(CN2CCN(CC2)c2ccc(C(=O)NS(=O)(=O)c3ccc(NN4CCS(=O)(=O)CC4)c(c3)[N+]([O-])=O)c(Oc3cnc4[nH]ccc4c3)c2)=C(C1)c1ccc(Cl)cc1,Ki, 0.035,nM,1180046,,,False
CC(C)N1CCC2(CC1)CCC(=C(CN1CCN(CC1)c1ccc(C(=O)NS(=O)(=O)c3ccc(NCC4CCOCC4)c(c3)C(F)(F)F)c(Oc3cnc4[nH]ccc4c3)c1)C2)c1ccc(Cl)cc1,Ki, 0.035,nM,1373003,,,False
CN1CCC(COc2ccc(cc2[N+]([O-])=O)S(=O)(=O)NC(=O)c2ccc(cc2Oc2ccc3[nH]ccc3c2)N2CCN(CC3=C(CC(C)(C)CC3)c3ccc(Cl)cc3)CC2)CC1 |t:47|,Ki, 0.036,nM,325058,,,False
CC1(C)CC(CN2CCN(CC2)c2ccc(C(=O)NS(=O)(=O)c3ccc(NCC4CCOCC4)c(c3)[N+]([O-])=O)c(Oc3cnc4[nH]ccc4c3)c2)=C(C=C1)c1ccc(Cl)cc1,Ki, 0.036,nM,1179867,,,False
CC1(C)CC(CN2CCN(CC2)c2ccc(C(=O)NS(=O)(=O)c3ccc(NCC4CCOCC4)c(c3)[N+]([O-])=O)c(Oc3cnc4[nH]ccc4c3)c2)=C(C=C1)c1ccc(Cl)cc1,Ki, 0.036,nM,704798,,,False
COC1(Cc2ccccc2-c2ccc(Cl)cc2)CCN(CC1)c1ccc(C(=O)NS(=O)(=O)c2ccc(NCC3CCOCC3)c(c2)[N+]([O-])=O)c(Oc2cnc3[nH]ccc3c2)c1,Ki, 0.036,nM,1372994,,,False
COC1(Cc2ccccc2-c2ccc(Cl)cc2)CCN(CC1)c1ccc(C(=O)NS(=O)(=O)c2ccc(NCC3CCOCC3)c(c2)[N+]([O-])=O)c(Oc2cnc3[nH]ccc3c2)c1,Ki, 0.036,nM,339805,,,False
C[C@@]1(O)C[C@H]2C[C@@H]1C[C@H]2COc1ncc(cc1Cl)S(=O)(=O)NC(=O)c1ccc(cc1Oc1cnc2[nH]ccc2c1)N1CCN(CC2=C(CC(C)(C)CC2)c2ccc(Cl)cc2)CC1,Ki, 0.036,nM,1373068,,,False
COC1(Cc2ccccc2-c2ccc(Cl)cc2)CCN(CC1)c1ccc(C(=O)NS(=O)(=O)c2ccc(NCC3CCOCC3)c(c2)[N+]([O-])=O)c(Oc2cnc3[nH]ccc3c2)c1,Ki, 0.036,nM,704855,,,False
CC1(C)CC(CN2CCN(CC2)c2ccc(C(=O)NS(=O)(=O)c3ccc(NCC4CCOCC4)c(c3)[N+]([O-])=O)c(Oc3cnc4[nH]ccc4c3)c2)=C(C=C1)c1ccc(Cl)cc1,Ki, 0.036,nM,1372937,,,False
COCCOCCN1CCC(CC1)Nc1ccc(cc1[N+]([O-])=O)S(=O)(=O)NC(=O)c1ccc(cc1Oc1cccc(Cl)c1)N1CCN(CC2=C(CC(C)(C)CC2)c2ccc(Cl)cc2)CC1 |t:52|,Ki, 0.036,nM,281498,,,False
COC1(Cc2ccccc2-c2ccc(Cl)cc2)CCN(CC1)c1ccc(C(=O)NS(=O)(=O)c2ccc(NCC3CCOCC3)c(c2)[N+]([O-])=O)c(Oc2cnc3[nH]ccc3c2)c1,Ki, 0.036,nM,1179981,,,False
Cc1n[nH]c2cccc(Oc3cc(ccc3C(=O)NS(=O)(=O)c3ccc(NCCCN4CCOCC4)c(c3)[N+]([O-])=O)N3CCN(CC4=C(CC(C)(C)CC4)c4ccc(Cl)cc4)CC3)c12,Ki, 0.036,nM,387623,,,False
CC1(C)CCC(CN2CCN(CC2)c2ccc(C(=O)NS(=O)(=O)c3ccc(NCCCN4CCOCC4)c(c3)[N+]([O-])=O)c(Oc3cccc(F)c3)c2)=C(C1)c1ccc(Cl)cc1 |c:56|,Ki, 0.036,nM,281446,,,False
"CC1(C)CC(CN2CCN(CC2)c2ccc(C(=O)NS(=O)(=O)c3ccc(NCC4CCOCC4)c(c3)[N+]([O-])=O)c(Oc3cnc4[nH]ccc4c3)c2)=C(C=C1)c1ccc(Cl)cc1 |c:56,58|",Ki, 0.036,nM,339751,,,False
CN(C)CCCOc1ccc(c(CN2CCN(CC2)c2ccc(C(=O)NS(=O)(=O)c3ccc(NCC4CCOCC4)c(c3)[N+]([O-])=O)c(Oc3ccccc3)c2)c1)-c1ccc(Cl)cc1,Ki, 0.036,nM,324832,,,False
Cc1n[nH]c2cccc(Oc3cc(ccc3C(=O)NS(=O)(=O)c3ccc(NCCCN4CCOCC4)c(c3)[N+]([O-])=O)N3CCN(CC4=C(CC(C)(C)CC4)c4ccc(Cl)cc4)CC3)c12 |t:49|,Ki, 0.036,nM,281377,,,False
CN1CCC(C)(CC1)Nc1ccc(cc1[N+]([O-])=O)S(=O)(=O)NC(=O)c1ccc(cc1Oc1cccc(Cl)c1)N1CCN(CC2=C(CC(C)(C)CC2)c2ccc(Cl)cc2)CC1,Ki, 0.036,nM,387747,,,False
CN(C)CCCNc1ccc(cc1[N+]([O-])=O)S(=O)(=O)NC(=O)c1ccc(cc1Oc1ccccc1Cl)N1CCN(CC2=C(CC(C)(C)CC2)c2ccc(Cl)cc2)CC1 |t:44|,Ki, 0.036,nM,281507,,,False
CC1(C)CCC(CN2CCN(CC2)c2ccc(C(=O)NS(=O)(=O)c3ccc(NCCCN4CCOCC4)c(c3)[N+]([O-])=O)c(Oc3cccc(F)c3)c2)=C(C1)c1ccc(Cl)cc1,Ki, 0.036,nM,387692,,,False
CN(C)CCCNc1ccc(cc1[N+]([O-])=O)S(=O)(=O)NC(=O)c1ccc(cc1Oc1ccccc1Cl)N1CCN(CC2=C(CC(C)(C)CC2)c2ccc(Cl)cc2)CC1,Ki, 0.036,nM,387756,,,False
CN(C)C(=O)CN1CCC(CC1)Nc1ccc(cc1[N+]([O-])=O)S(=O)(=O)NC(=O)c1ccc(cc1Oc1cccc(Cl)c1)N1CCN(CC2=C(CC(C)(C)CC2)c2ccc(Cl)cc2)CC1 |t:51|,Ki, 0.036,nM,281517,,,False
C[C@@]1(O)C[C@H]2C[C@@H]1C[C@H]2COc1ncc(cc1Cl)S(=O)(=O)NC(=O)c1ccc(cc1Oc1cnc2[nH]ccc2c1)N1CCN(CC2=C(CC(C)(C)CC2)c2ccc(Cl)cc2)CC1,Ki, 0.036,nM,704929,,,False
C[C@@]1(O)C[C@H]2C[C@@H]1C[C@H]2COc1ncc(cc1Cl)S(=O)(=O)NC(=O)c1ccc(cc1Oc1cnc2[nH]ccc2c1)N1CCN(CC2=C(CC(C)(C)CC2)c2ccc(Cl)cc2)CC1,Ki, 0.036,nM,1180130,,,False
CC1(C)CCC(CN2CCN(CC2)c2ccc(C(=O)NS(=O)(=O)c3ccc(NC4CCN(CC5CC5)CC4)c(c3)[N+]([O-])=O)c(Oc3ccccc3Cl)c2)=C(C1)c1ccc(Cl)cc1,Ki, 0.036,nM,387766,,,False
"CC[C@]1(O)CCC(CNc2ccc(cc2[N+]([O-])=O)S(=O)(=O)NC(=O)c2ccc(cc2Oc2cnc3[nH]ccc3c2)N2CCN(CC3=C(CC(C)(C)CC3)c3ccc(Cl)cc3)CC2)CC1 |r,wU:2.2,wD:2.1,t:49,(-7.71,3.96,;-7.71,5.5,;-6.38,6.27,;-7.15,7.6,;-5.29,7.36,;-3.8,6.96,;-3.4,5.47,;-1.91,5.07,;-.83,6.16,;.71,6.16,;1.48,4.83,;3.02,4.83,;3.79,6.16,;3.02,7.49,;1.48,7.49,;.71,8.83,;1.48,10.16,;-.83,8.83,;5.33,6.16,;5.33,7.7,;6.87,6.16,;5.33,4.62,;6.67,3.85,;8,4.62,;6.67,2.31,;8,1.54,;8,,;6.67,-.77,;5.33,,;5.33,1.54,;4,2.31,;2.67,1.54,;2.67,,;1.33,-.77,;;-1.46,-.48,;-2.37,.77,;-1.46,2.02,;,1.54,;1.33,2.31,;6.67,-2.31,;8,-3.08,;8,-4.62,;6.67,-5.39,;6.67,-6.93,;8,-7.7,;8,-9.24,;9.34,-10.01,;10.67,-9.24,;11.44,-10.57,;12.16,-8.84,;10.67,-7.7,;9.34,-6.93,;6.67,-10.01,;6.67,-11.55,;5.33,-12.32,;4,-11.55,;2.67,-12.32,;4,-10.01,;5.33,-9.24,;5.33,-4.62,;5.33,-3.08,;-4.49,4.38,;-5.98,4.78,)|",Ki, 0.036,nM,312124,,,False
CC1(CCC(=C(C1)c2ccc(cc2)Cl)CN3CCN(CC3)c4ccc(c(c4)Oc5cc6cc[nH]c6nc5)C(=O)NS(=O)(=O)c7ccc(c(c7)[N+](=O)[O-])NCC8CCOCC8)C,Ki, 0.036,nM,312125,,,False
"C[C@]1(O)C[C@H]2C[C@@H]1CC2CONc1ncc(cc1Cl)S(=O)(=O)NC(=O)c1ccc(cc1Oc1cnc2[nH]ccc2c1)N1CCN(CC2=C(CC(C)(C)CC2)c2ccc(Cl)cc2)CC1 |r,t:52|",Ki, 0.036,nM,312122,,,False
CC1(C)CCC(CN2CCN(CC2)c2ccc(C(=O)NS(=O)(=O)c3cnc(OCC4(F)CCOCC4)c(c3)C#N)c(Oc3cnc4[nH]ccc4c3)c2)=C(C1)c1ccc(Cl)cc1,Ki, 0.037,nM,704648,,,False
CCN1CCC(CC1)Nc1ccc(cc1[N+]([O-])=O)S(=O)(=O)NC(=O)c1ccc(cc1Oc1cccc(Cl)c1)N1CCN(CC2=C(CC(C)(C)CC2)c2ccc(Cl)cc2)CC1,Ki, 0.037,nM,387751,,,False
CC(N1CCN(CC1)c1ccc(C(=O)NS(=O)(=O)c2ccc(NC3CCN(C)CC3)c(c2)[N+]([O-])=O)c(Oc2ccccc2Cl)c1)c1ccccc1-c1ccc(Cl)cc1,Ki, 0.037,nM,387782,,,False
CC1(C)CCC(CN2CCN(CC2)c2ccc(C(=O)NS(=O)(=O)c3ccc(NCCCN4CCNC(=O)C4)c(c3)[N+]([O-])=O)c(Oc3cc4cc[nH]c4cc3F)c2)=C(C1)c1ccc(Cl)cc1,Ki, 0.037,nM,387808,,,False
CN1CCC(CC1)Nc1ccc(cc1[N+]([O-])=O)S(=O)(=O)NC(=O)c1ccc(cc1Oc1cccc(F)c1Cl)N1CCN(CC2=C(CC(C)(C)CC2)c2ccc(Cl)cc2)CC1 |t:47|,Ki, 0.037,nM,281505,,,False
CC1(C)CCC(CN2CCN(CC2)c2ccc(C(=O)NS(=O)(=O)c3cnc(OCC4(F)CCOCC4)c(c3)C#N)c(Oc3cnc4[nH]ccc4c3)c2)=C(C1)c1ccc(Cl)cc1,Ki, 0.037,nM,1372787,,,False
CC1(C)CCC(CN2CCN(CC2)c2ccc(C(=O)NS(=O)(=O)c3ccc(OCC4COCCO4)c(c3)[N+]([O-])=O)c(Oc3cc4cc[nH]c4cc3F)c2)=C(C1)c1ccc(Cl)cc1 |c:58|,Ki, 0.037,nM,281609,,,False
CN1CCC(CC1)Nc1ccc(cc1[N+]([O-])=O)S(=O)(=O)NC(=O)c1ccc(cc1Oc1cccc(F)c1Cl)N1CCN(CC2=C(CC(C)(C)CC2)c2ccc(Cl)cc2)CC1,Ki, 0.037,nM,387754,,,False
CC1(C)CCC(CN2CCN(CC2)c2ccc(C(=O)NS(=O)(=O)c3ccc(OCC4COCCO4)c(c3)[N+]([O-])=O)c(Oc3cc4cc[nH]c4cc3F)c2)=C(C1)c1ccc(Cl)cc1,Ki, 0.037,nM,387860,,,False
CC1(C)CCC(CN2CCN(CC2)c2ccc(C(=O)NS(=O)(=O)c3ccc(NCCCN4CCNC(=O)C4)c(c3)[N+]([O-])=O)c(Oc3cc4cc[nH]c4cc3F)c2)=C(C1)c1ccc(Cl)cc1 |c:61|,Ki, 0.037,nM,281558,,,False
CC1(C)CCC(CN2CCN(CC2)c2ccc(C(=O)NS(=O)(=O)c3cnc(OCC4(F)CCOCC4)c(c3)C#N)c(Oc3cnc4[nH]ccc4c3)c2)=C(C1)c1ccc(Cl)cc1 |c:57|,Ki, 0.037,nM,339607,,,False
CC1(C)CCC(CN2CCN(CC2)c2ccc(C(=O)NS(=O)(=O)c3cnc(OCC4(F)CCOCC4)c(Cl)c3)c(Oc3cc4cc[nH]c4cc3F)c2)=C(C1)c1ccc(Cl)cc1 |c:57|,Ki, 0.037,nM,281649,,,False
CC1(C)CCC(CN2CCN(CC2)c2ccc(C(=O)NS(=O)(=O)c3cnc(OCC4(F)CCOCC4)c(Cl)c3)c(Oc3cc4cc[nH]c4cc3F)c2)=C(C1)c1ccc(Cl)cc1,Ki, 0.037,nM,387901,,,False
CC(N1CCN(CC1)c1ccc(C(=O)NS(=O)(=O)c2ccc(NC3CCN(C)CC3)c(c2)[N+]([O-])=O)c(Oc2ccccc2Cl)c1)c1ccccc1-c1ccc(Cl)cc1,Ki, 0.037,nM,281533,,,False
CC1(C)CCC(CN2CCN(CC2)c2ccc(C(=O)NS(=O)(=O)c3cnc(OCC4(F)CCOCC4)c(c3)C#N)c(Oc3cnc4[nH]ccc4c3)c2)=C(C1)c1ccc(Cl)cc1,Ki, 0.037,nM,1179944,,,False
CCN1CCC(CC1)Nc1ccc(cc1[N+]([O-])=O)S(=O)(=O)NC(=O)c1ccc(cc1Oc1cccc(Cl)c1)N1CCN(CC2=C(CC(C)(C)CC2)c2ccc(Cl)cc2)CC1 |t:47|,Ki, 0.037,nM,281502,,,False
"COC1CCC(CNc2ccc(cc2[N+]([O-])=O)S(=O)(=O)NC(=O)c2ccc(cc2Oc2cccc3[nH]ncc23)N2CCN(CC3=C(CC(C)(C)CC3)c3ccc(Cl)cc3)CC2)CC1 |t:48,(14.67,-16.26,;14.67,-14.72,;13.34,-13.95,;13.34,-12.41,;12.01,-11.64,;10.67,-12.41,;9.34,-11.64,;9.34,-10.1,;8,-9.33,;6.67,-10.1,;5.34,-9.33,;5.34,-7.79,;6.67,-7.02,;8,-7.79,;9.34,-7.02,;9.34,-5.48,;10.67,-7.79,;4,-7.02,;3.23,-8.36,;4.77,-5.69,;2.67,-6.25,;2.67,-4.71,;4,-3.94,;1.34,-3.94,;0,-4.71,;-1.33,-3.94,;-1.33,-2.4,;0,-1.63,;1.34,-2.4,;2.67,-1.63,;2.67,-.09,;4,.68,;4,2.22,;2.67,2.99,;1.34,2.22,;-.13,2.69,;-1.03,1.45,;-.13,.2,;1.34,.68,;-2.67,-1.63,;-4,-2.4,;-5.33,-1.63,;-5.33,-.09,;-6.67,.68,;-6.67,2.22,;-8,2.99,;-8,4.53,;-6.67,5.3,;-7.39,6.66,;-5.94,6.66,;-5.33,4.53,;-5.33,2.99,;-9.33,2.22,;-9.33,.68,;-10.67,-.09,;-12,.68,;-13.33,-.09,;-12,2.22,;-10.67,2.99,;-4,.68,;-2.67,-.09,;10.67,-13.95,;12.01,-14.72,)|",Ki, 0.038,nM,325149,,,False
CC1(C)CCC(CN2CCN(CC2)c2ccc(C(=O)NS(=O)(=O)c3ccc(NCC4CCOCC4)c(c3)[N+]([O-])=O)c(Oc3ccc(N)c(Cl)c3)c2)=C(C1)c1ccc(Cl)cc1 |c:55|,Ki, 0.039,nM,281572,,,False
CC1(C)CCC(CN2CCN(CC2)c2ccc(C(=O)NS(=O)(=O)c3ccc(OCC4(F)CCOCC4)c(c3)C#N)c(Oc3cnc4[nH]ccc4c3)c2)=C(C1)c1ccc(Cl)cc1,Ki, 0.039,nM,1180051,,,False
[O-][N+](=O)c1cc(ccc1NCC1CCOCC1)S(=O)(=O)NC(=O)c1ccc(cc1Oc1cnc2[nH]ccc2c1)N1CCC(F)(Cc2ccccc2-c2ccc(Cl)cc2)CC1,Ki, 0.039,nM,339812,,,False
CC1(C)CCC(CN2CCN(CC2)c2ccc(C(=O)NS(=O)(=O)c3ccc(OCC4(F)CCOCC4)c(c3)C#N)c(Oc3cnc4[nH]ccc4c3)c2)=C(C1)c1ccc(Cl)cc1 |c:57|,Ki, 0.039,nM,339840,,,False
CC(N1CCN(CC1)c1ccc(C(=O)NS(=O)(=O)c2ccc(NCC3CCOCC3)c(c2)[N+]([O-])=O)c(Oc2ccccc2Cl)c1)c1ccccc1-c1ccc(Cl)cc1,Ki, 0.039,nM,281442,,,False
CC1(C)CCC(CN2CCN(CC2)c2ccc(C(=O)NS(=O)(=O)c3ccc(NC4CCC(CC4)N4CCOCC4)c(c3)[N+]([O-])=O)c(Oc3cc4cc[nH]c4c(F)c3F)c2)=C(C1)c1ccc(Cl)cc1,Ki, 0.039,nM,387810,,,False
[O-][N+](=O)c1cc(ccc1NCC1CCOCC1)S(=O)(=O)NC(=O)c1ccc(cc1Oc1cnc2[nH]ccc2c1)N1CCC(F)(Cc2ccccc2-c2ccc(Cl)cc2)CC1,Ki, 0.039,nM,1179995,,,False
CC1(C)CCC(CN2CCN(CC2)c2ccc(C(=O)NS(=O)(=O)c3cnc(OC[C@@]4(F)CC[C@@](C)(O)CC4)c(Cl)c3)c(Oc3cnc4[nH]ccc4c3)c2)=C(C1)c1ccc(Cl)cc1,Ki, 0.039,nM,1373085,,,False
CC1(C)CCC(CN2CCN(CC2)c2ccc(C(=O)NS(=O)(=O)c3ccc(NCC4CCOCC4)c(c3)[N+]([O-])=O)c(Oc3ccc(N)c(Cl)c3)c2)=C(C1)c1ccc(Cl)cc1,Ki, 0.039,nM,387822,,,False
CC1(C)CCC(CN2CCN(CC2)c2ccc(C(=O)NS(=O)(=O)c3cnc(OCC4(F)CCOCC4)c(F)c3)c(Oc3cnc(N)c(Cl)c3)c2)=C(C1)c1ccc(Cl)cc1,Ki, 0.039,nM,387977,,,False
CC(N1CCN(CC1)c1ccc(C(=O)NS(=O)(=O)c2ccc(NCC3CCOCC3)c(c2)[N+]([O-])=O)c(Oc2ccccc2Cl)c1)c1ccccc1-c1ccc(Cl)cc1,Ki, 0.039,nM,387688,,,False
CC1(C)CCC(CN2CCN(CC2)c2ccc(C(=O)NS(=O)(=O)c3ccc(NC4CCN(CCCO)CC4)c(c3)[N+]([O-])=O)c(Oc3cccc4[nH]ccc34)c2)=C(C1)c1ccc(Cl)cc1 |c:60|,Ki, 0.039,nM,324905,,,False
CC1(C)CCC(CN2CCN(CC2)c2ccc(C(=O)NS(=O)(=O)c3ccc(OCC4(F)CCOCC4)c(c3)C#N)c(Oc3cnc4[nH]ccc4c3)c2)=C(C1)c1ccc(Cl)cc1,Ki, 0.039,nM,704890,,,False
CC1(C)CCC(CN2CCN(CC2)c2ccc(C(=O)NS(=O)(=O)c3ccc(OCC4(F)CCOCC4)c(c3)C#N)c(Oc3cnc4[nH]ccc4c3)c2)=C(C1)c1ccc(Cl)cc1,Ki, 0.039,nM,1373029,,,False
"CC1(C)CCC(CN2CCN(CC2)c2ccc(C(=O)NS(=O)(=O)c3cnc(OCC4(F)CCC(C)(O)CC4)c(Cl)c3)c(Oc3cnc4[nH]ccc4c3)c2)=C(C1)c1ccc(Cl)cc1 |c:58,(-2.67,-10.52,;-1.85,-9.21,;-3.39,-9.27,;-1.85,-7.67,;-.52,-6.9,;.82,-7.67,;2.15,-6.9,;2.15,-5.36,;3.48,-4.59,;3.48,-3.05,;2.15,-2.28,;.82,-3.05,;.82,-4.59,;2.15,-.74,;3.48,.03,;3.48,1.57,;2.15,2.34,;2.15,3.88,;.82,4.65,;3.48,4.65,;4.82,3.88,;5.59,5.21,;4.05,2.54,;6.15,3.11,;6.15,1.57,;7.48,.8,;8.82,1.57,;10.15,.8,;10.15,-.74,;11.48,-1.51,;11.38,.02,;13.02,-1.46,;13.84,-2.76,;13.12,-4.12,;14.45,-4.89,;13.22,-5.66,;11.58,-4.18,;10.76,-2.87,;8.82,3.11,;10.15,3.88,;7.48,3.88,;.82,1.57,;-.52,2.34,;-1.85,1.57,;-1.85,.03,;-3.19,-.74,;-4.52,.03,;-5.98,-.45,;-6.89,.8,;-5.98,2.04,;-4.52,1.57,;-3.19,2.34,;.82,.03,;.82,-9.21,;-.52,-9.98,;2.15,-9.98,;3.48,-9.21,;4.82,-9.98,;4.82,-11.52,;6.15,-12.29,;3.48,-12.29,;2.15,-11.52,)|",Ki, 0.039,nM,339894,,,False
[O-][N+](=O)c1cc(ccc1NCC1CCOCC1)S(=O)(=O)NC(=O)c1ccc(cc1Oc1cnc2[nH]ccc2c1)N1CCC(F)(Cc2ccccc2-c2ccc(Cl)cc2)CC1,Ki, 0.039,nM,704862,,,False
CC1(C)CCC(CN2CCN(CC2)c2ccc(C(=O)NS(=O)(=O)c3cnc(OCC4(F)CCC(C)(O)CC4)c(Cl)c3)c(Oc3cnc4[nH]ccc4c3)c2)=C(C1)c1ccc(Cl)cc1,Ki, 0.039,nM,1180164,,,False
CC1(C)CCC(CN2CCN(CC2)c2ccc(C(=O)NS(=O)(=O)c3cnc(OC[C@@]4(F)CC[C@@](C)(O)CC4)c(Cl)c3)c(Oc3cnc4[nH]ccc4c3)c2)=C(C1)c1ccc(Cl)cc1,Ki, 0.039,nM,704946,,,False
CC1(C)CCC(CN2CCN(CC2)c2ccc(C(=O)NS(=O)(=O)c3cnc(OCC4(F)CCOCC4)c(F)c3)c(Oc3cnc(N)c(Cl)c3)c2)=C(C1)c1ccc(Cl)cc1 |c:54|,Ki, 0.039,nM,281725,,,False
CN1CCC(O)(CNc2ccc(cc2[N+]([O-])=O)S(=O)(=O)NC(=O)c2ccc(cc2Oc2ccc3[nH]ccc3c2)N2CCN(CC3=C(CC(C)(C)CC3)c3ccc(Cl)cc3)CC2)CC1 |t:48|,Ki, 0.039,nM,324895,,,False
"CC1(C)CCC(CN2CCN(CC2)c2ccc(C(=O)NS(=O)(=O)c3ccc(NC4CCC(CC4)N4CCOCC4)c(c3)[N+]([O-])=O)c(Oc3cc4cc[nH]c4c(F)c3F)c2)=C(C1)c1ccc(Cl)cc1 |c:65,(-1.54,-14.39,;-.72,-13.09,;-2.26,-13.14,;-.72,-11.55,;.61,-10.78,;1.95,-11.55,;3.28,-10.78,;3.28,-9.24,;4.61,-8.47,;4.61,-6.93,;3.28,-6.16,;1.95,-6.93,;1.95,-8.47,;3.28,-4.62,;4.61,-3.85,;4.61,-2.31,;3.28,-1.54,;3.28,0,;1.95,.77,;4.61,.77,;4.61,2.31,;6.15,2.31,;3.07,2.31,;4.61,3.85,;5.95,4.62,;5.95,6.16,;4.61,6.93,;4.61,8.47,;5.95,9.24,;5.95,10.78,;7.28,11.55,;8.62,10.78,;8.62,9.24,;7.28,8.47,;9.95,11.55,;9.95,13.09,;11.28,13.86,;12.62,13.09,;12.62,11.55,;11.28,10.78,;3.28,6.16,;3.28,4.62,;1.95,6.93,;.61,6.16,;1.95,8.47,;1.95,-2.31,;.61,-1.54,;-.72,-2.31,;-2.05,-1.54,;-3.39,-2.31,;-4.85,-1.83,;-5.76,-3.08,;-4.85,-4.32,;-3.39,-3.85,;-2.05,-4.62,;-2.05,-6.16,;-.72,-3.85,;.61,-4.62,;1.95,-3.85,;1.95,-13.09,;.61,-13.86,;3.28,-13.86,;4.61,-13.09,;5.95,-13.86,;5.95,-15.4,;7.28,-16.17,;4.61,-16.17,;3.28,-15.4,)|",Ki, 0.039,nM,281560,,,False
[O-][N+](=O)c1cc(ccc1NCC1CCOCC1)S(=O)(=O)NC(=O)c1ccc(cc1Oc1cnc2[nH]ccc2c1)N1CCC(F)(Cc2ccccc2-c2ccc(Cl)cc2)CC1,Ki, 0.039,nM,1373001,,,False
CC1(C)CCC(CN2CCN(CC2)c2ccc(C(=O)NS(=O)(=O)c3ccc(NC4CCN(CC=C)CC4)c(c3)[N+]([O-])=O)c(Oc3cccc(F)c3F)c2)=C(C1)c1ccc(Cl)cc1 |c:57|,Ki, 0.04,nM,281478,,,False
CC1(C)CCC(CN2CCN(CC2)c2ccc(C(=O)NS(=O)(=O)c3ccc(NC4CCN(CC=C)CC4)c(c3)[N+]([O-])=O)c(Oc3cccc(F)c3F)c2)=C(C1)c1ccc(Cl)cc1,Ki, 0.04,nM,387724,,,False
CN1CCN(CCCNc2ccc(cc2[N+]([O-])=O)S(=O)(=O)NC(=O)c2ccc(cc2Oc2cccc3[nH]ccc23)N2CCN(CC3=C(CC(C)(C)CC3)c3ccc(Cl)cc3)CC2)CC1 |t:49|,Ki, 0.04,nM,324820,,,False
CC1(C)CCC(CN2CCN(CC2)c2ccc(C(=O)NS(=O)(=O)c3cnc(O[C@@H]4CCN(C4)C(CF)CF)c(Cl)c3)c(Oc3cnc4[nH]ccc4c3)c2)=C(C1)c1ccc(Cl)cc1,Ki, 0.040,nM,1373004,,,False
CC1(C)CCC(CN2CCN(CC2)c2ccc(C(=O)NS(=O)(=O)c3cnc(OCC4(F)CCOCC4)c(c3)C#N)c(Oc3cc4cc[nH]c4cc3F)c2)=C(C1)c1ccc(Cl)cc1 |c:58|,Ki, 0.04,nM,281631,,,False
CC1(C)CCC(CN2CCN(CC2)c2ccc(C(=O)NS(=O)(=O)c3cnc(O[C@@H]4CCN(C4)C(CF)CF)c(Cl)c3)c(Oc3cnc4[nH]ccc4c3)c2)=C(C1)c1ccc(Cl)cc1 |c:58|,Ki, 0.04,nM,339815,,,False
CC1(C)CCC(CN2CCN(CC2)c2ccc(C(=O)NS(=O)(=O)c3cnc(O[C@@H]4CCN(C4)C(CF)CF)c(Cl)c3)c(Oc3cnc4[nH]ccc4c3)c2)=C(C1)c1ccc(Cl)cc1,Ki, 0.040,nM,704865,,,False
CC1(C)CCC(CN2CCN(CC2)c2ccc(C(=O)NS(=O)(=O)c3cnc(OCC4(F)CCOCC4)c(c3)C#N)c(Oc3cc4cc[nH]c4cc3F)c2)=C(C1)c1ccc(Cl)cc1,Ki, 0.04,nM,387883,,,False
CC1(C)CCC(CN2CCN(CC2)c2ccc(C(=O)NS(=O)(=O)c3cnc(OCC4(F)CCOCC4)c(Cl)c3)c(Oc3cccc4[nH]ccc34)c2)=C(C1)c1ccc(Cl)cc1 |c:56|,Ki, 0.04,nM,325108,,,False
CC1(C)CCC(CN2CCN(CC2)c2ccc(C(=O)NS(=O)(=O)c3cnc(O[C@@H]4CCN(C4)C(CF)CF)c(Cl)c3)c(Oc3cnc4[nH]ccc4c3)c2)=C(C1)c1ccc(Cl)cc1,Ki, 0.040,nM,1180001,,,False
CN1CCC(CC1)Nc1ccc(cc1[N+]([O-])=O)S(=O)(=O)NC(=O)c1ccc(cc1Oc1cccc(F)c1)N1CCN(CC2=C(CC(C)(C)CC2)c2ccc(Cl)cc2)CC1 |t:46|,Ki, 0.042,nM,281444,,,False
CC1(C)CCC(CN2CCN(CC2)c2ccc(C(=O)NS(=O)(=O)c3cnc(OC[C@@H]4CN(CCO4)C4CC4)c(Cl)c3)c(Oc3cnc4[nH]ccc4c3)c2)=C(C1)c1ccc(Cl)cc1,Ki, 0.042,nM,704904,,,False
CC1(C)CCC(CN2CCN(CC2)c2ccc(C(=O)NS(=O)(=O)c3ccc(NC4CCC(CC4)N4CCC(F)(F)C4)c(c3)[N+]([O-])=O)c(Oc3cnc4[nH]ccc4c3)c2)=C(C1)c1ccc(Cl)cc1,Ki, 0.042,nM,704936,,,False
CC1(C)CCC(CN2CCN(CC2)c2ccc(C(=O)NS(=O)(=O)c3cnc(OC[C@@H]4CN(CCO4)C4CC4)c(Cl)c3)c(Oc3cnc4[nH]ccc4c3)c2)=C(C1)c1ccc(Cl)cc1,Ki, 0.042,nM,1180080,,,False
CC1(C)CCC(CN2CCN(CC2)c2ccc(C(=O)NS(=O)(=O)c3ccc(NC4CCC(CC4)N4CCC(F)(F)C4)c(c3)[N+]([O-])=O)c(Oc3cnc4[nH]ccc4c3)c2)=C(C1)c1ccc(Cl)cc1,Ki, 0.042,nM,1180144,,,False
CC1(C)CCC(CN2CCN(CC2)c2ccc(C(=O)NS(=O)(=O)c3ccc(NC4CCN(CC4)C4CCOCC4)c(c3)[N+]([O-])=O)c(Oc3ccccc3Cl)c2)=C(C1)c1ccc(Cl)cc1 |c:60|,Ki, 0.042,nM,281447,,,False
CC1(C)CCC(CN2CCN(CC2)c2ccc(C(=O)NS(=O)(=O)c3ccc(NCC4CCOCC4)c(c3)[N+]([O-])=O)c(Oc3cccc4NC(=O)Cc34)c2)=C(C1)c1ccc(Cl)cc1,Ki, 0.042,nM,387843,,,False
CC1(C)CCC(CN2CCN(CC2)c2ccc(C(=O)NS(=O)(=O)c3ccc(OCC4COCCO4)c(c3)[N+]([O-])=O)c(Oc3cnc(N)c(Cl)c3)c2)=C(C1)c1ccc(Cl)cc1 |c:55|,Ki, 0.042,nM,281667,,,False
CC1(C)CCC(CN2CCN(CC2)c2ccc(C(=O)NS(=O)(=O)c3cnc(OC[C@@H]4CN(CCO4)C4CC4)c(Cl)c3)c(Oc3cnc4[nH]ccc4c3)c2)=C(C1)c1ccc(Cl)cc1,Ki, 0.042,nM,1373043,,,False
CC1(C)CCC(CN2CCN(CC2)c2ccc(C(=O)NS(=O)(=O)c3ccc(NC4CCC(CC4)N4CCC(F)(F)C4)c(c3)[N+]([O-])=O)c(Oc3cnc4[nH]ccc4c3)c2)=C(C1)c1ccc(Cl)cc1,Ki, 0.042,nM,1373075,,,False
CC1(C)CCC(CN2CCN(CC2)c2ccc(C(=O)NS(=O)(=O)c3ccc(NC4CCN(CC4)C4CCOCC4)c(c3)[N+]([O-])=O)c(Oc3ccccc3Cl)c2)=C(C1)c1ccc(Cl)cc1,Ki, 0.042,nM,387693,,,False
"CC1(C)CCC(CN2CCN(CC2)c2ccc(C(=O)NS(=O)(=O)c3ccc(NC4CCC(CC4)N4CCC(F)(F)C4)c(c3)[N+]([O-])=O)c(Oc3cnc4[nH]ccc4c3)c2)=C(C1)c1ccc(Cl)cc1 |c:64,(11.49,-10.55,;10.67,-9.24,;12.21,-9.29,;10.67,-7.7,;9.34,-6.93,;8,-7.7,;6.67,-6.93,;6.67,-5.39,;8,-4.62,;8,-3.08,;6.67,-2.31,;5.33,-3.08,;5.33,-4.62,;6.67,-.77,;8,,;8,1.54,;6.67,2.31,;6.67,3.85,;5.33,4.62,;8,4.62,;8,6.16,;9.54,6.16,;6.46,6.16,;8,7.7,;6.67,8.47,;6.67,10.01,;8,10.78,;8,12.32,;6.67,13.09,;5.33,12.32,;4,13.09,;4,14.63,;5.33,15.4,;6.67,14.63,;2.67,15.4,;2.51,16.93,;1,17.25,;.23,15.92,;-1.03,15.03,;-1.18,16.53,;1.26,14.77,;9.34,10.01,;9.34,8.47,;10.67,10.78,;10.67,12.32,;12,10.01,;5.33,1.54,;4,2.31,;2.67,1.54,;2.67,,;1.33,-.77,;;-1.46,-.48,;-2.37,.77,;-1.46,2.02,;,1.54,;1.33,2.31,;5.33,,;8,-9.24,;9.34,-10.01,;6.67,-10.01,;6.67,-11.55,;5.33,-12.32,;4,-11.55,;2.67,-12.32,;4,-10.01,;5.33,-9.24,)|",Ki, 0.042,nM,339884,,,False
CC1(C)CCC(CN2CCN(CC2)c2ccc(C(=O)NS(=O)(=O)c3ccc(OCC4COCCO4)c(c3)[N+]([O-])=O)c(Oc3cnc(N)c(Cl)c3)c2)=C(C1)c1ccc(Cl)cc1,Ki, 0.042,nM,387919,,,False
CC1(C)CCC(CN2CCN(CC2)c2ccc(C(=O)NS(=O)(=O)c3cnc(OC[C@@H]4CN(CCO4)C4CC4)c(Cl)c3)c(Oc3cnc4[nH]ccc4c3)c2)=C(C1)c1ccc(Cl)cc1 |c:59|,Ki, 0.042,nM,339854,,,False
CN1CCC(CC1)Nc1ccc(cc1[N+]([O-])=O)S(=O)(=O)NC(=O)c1ccc(cc1Oc1cccc(F)c1)N1CCN(CC2=C(CC(C)(C)CC2)c2ccc(Cl)cc2)CC1,Ki, 0.042,nM,387690,,,False
CC1(C)CCC(CN2CCN(CC2)c2ccc(C(=O)NS(=O)(=O)c3ccc(NCC4CCOCC4)c(c3)[N+]([O-])=O)c(Oc3cccc4NC(=O)Cc34)c2)=C(C1)c1ccc(Cl)cc1 |c:58|,Ki, 0.042,nM,281592,,,False
"CC1(C)CCC(CN2CCN(CC2)c2ccc(C(=O)NS(=O)(=O)c3ccc(OC[C@H]4CC[C@@H](CC4)N4CCOCC4)c(Cl)c3)c(Oc3cnc4[nH]ccc4c3)c2)=C(C1)c1ccc(Cl)cc1 |wU:29.29,wD:32.36,c:62,(12.7,-12.49,;11.88,-11.18,;13.42,-11.23,;11.88,-9.64,;10.55,-8.87,;9.21,-9.64,;7.88,-8.87,;7.88,-7.33,;9.21,-6.56,;9.21,-5.02,;7.88,-4.25,;6.55,-5.02,;6.55,-6.56,;7.88,-2.71,;9.21,-1.94,;9.21,-.4,;7.88,.37,;7.88,1.91,;9.21,2.68,;6.55,2.68,;6.55,4.22,;8.09,4.22,;6.55,5.76,;5.01,4.22,;4.24,5.55,;2.7,5.55,;1.93,4.22,;.39,4.22,;-.38,2.89,;-1.92,2.89,;-2.69,1.55,;-4.23,1.55,;-5,2.89,;-4.23,4.22,;-2.69,4.22,;-6.54,2.89,;-7.31,1.55,;-8.85,1.55,;-9.62,2.89,;-8.85,4.22,;-7.31,4.22,;2.7,2.89,;1.93,1.55,;4.24,2.89,;6.55,-.4,;5.21,.37,;3.88,-.4,;3.88,-1.94,;2.54,-2.71,;1.21,-1.94,;-.25,-2.42,;-1.16,-1.17,;-.25,.08,;1.21,-.4,;2.54,.37,;6.55,-1.94,;9.21,-11.18,;10.55,-11.95,;7.88,-11.95,;7.88,-13.49,;6.55,-14.26,;5.21,-13.49,;3.88,-14.26,;5.21,-11.95,;6.55,-11.18,)|",Ki, 0.044,nM,339844,,,False
CC1(C)CCC(CN2CCN(CC2)c2ccc(C(=O)NS(=O)(=O)c3ccc(OC[C@H]4CC[C@@H](CC4)N4CCOCC4)c(Cl)c3)c(Oc3cnc4[nH]ccc4c3)c2)=C(C1)c1ccc(Cl)cc1,Ki, 0.044,nM,704894,,,False
CC1(C)CCC(=C(CN2CCN(CC2)c2ccc(cc2)C(=O)NS(=O)(=O)c2ccc(N[C@H](CCN3CCOCC3)CSc3ccccc3)c(c2)S(=O)(=O)C(F)(F)F)C1)c1ccc(Cl)cc1,Ki, 0.044000,nM,51233400,,,False
CC1(C)CCC(=C(CN2CCN(CC2)c2ccc(cc2)C(=O)NS(=O)(=O)c2ccc(NC(CCN3CCOCC3)CSc3ccccc3)c(c2)S(=O)(=O)C(F)(F)F)C1)c1ccc(Cl)cc1,Ki, 0.044000,nM,51272552,,,False
CC1(C)CCC(CN2CCN(CC2)c2ccc(C(=O)NS(=O)(=O)c3ccc(OC[C@H]4CC[C@@H](CC4)N4CCOCC4)c(Cl)c3)c(Oc3cnc4[nH]ccc4c3)c2)=C(C1)c1ccc(Cl)cc1,Ki, 0.044,nM,1180059,,,False
CC1(C)CCC(=C(CN2CCN(CC2)c2ccc(cc2)C(=O)NS(=O)(=O)c2ccc(N[C@H](CCN3CCOCC3)CSc3ccccc3)c(c2)S(=O)(=O)C(F)(F)F)C1)c1ccc(Cl)cc1,Ki, 0.044000,nM,51122006,,,False
CC1(C)CCC(CN2CCN(CC2)c2ccc(C(=O)NS(=O)(=O)c3ccc(OC[C@H]4CC[C@@H](CC4)N4CCOCC4)c(Cl)c3)c(Oc3cnc4[nH]ccc4c3)c2)=C(C1)c1ccc(Cl)cc1,Ki, 0.044,nM,1373033,,,False
"COC1CCC(CNc2ccc(cc2[N+]([O-])=O)S(=O)(=O)NC(=O)c2ccc(cc2Oc2ccc3[nH]ccc3c2)N2CCN(CC3=C(CC(C)(C)CC3)c3ccc(Cl)cc3)CC2)CC1 |t:48,(-10.81,3.18,;-10.04,1.85,;-8.5,1.85,;-7.73,.51,;-6.19,.51,;-5.42,1.85,;-3.88,1.85,;-3.11,3.18,;-1.57,3.18,;-.8,1.85,;.74,1.85,;1.51,3.18,;.74,4.52,;-.8,4.52,;-1.57,5.85,;-.8,7.18,;-3.11,5.85,;3.05,3.18,;3.05,4.72,;4.59,3.18,;3.05,1.64,;4.38,.87,;5.72,1.64,;4.38,-.67,;5.72,-1.44,;5.72,-2.98,;4.38,-3.75,;3.05,-2.98,;3.05,-1.44,;1.72,-.67,;.38,-1.44,;.38,-2.98,;-.95,-3.75,;-2.28,-2.98,;-3.75,-3.45,;-4.65,-2.21,;-3.75,-.96,;-2.28,-1.44,;-.95,-.67,;4.38,-5.29,;5.72,-6.06,;5.72,-7.6,;4.38,-8.37,;4.38,-9.91,;5.72,-10.68,;5.72,-12.22,;7.05,-12.99,;8.38,-12.22,;9.2,-13.52,;9.92,-12.27,;8.38,-10.68,;7.05,-9.91,;4.38,-12.99,;4.38,-14.53,;3.05,-15.3,;1.72,-14.53,;.38,-15.3,;1.72,-12.99,;3.05,-12.22,;3.05,-7.6,;3.05,-6.06,;-6.19,3.18,;-7.73,3.18,)|",Ki, 0.044,nM,325019,,,False
CC(=O)N1CCOC(CNc2ccc(cc2[N+]([O-])=O)S(=O)(=O)NC(=O)c2ccc(cc2Oc2cccc3[nH]cnc23)N2CCN(CC3=C(CC(C)(C)CC3)c3ccc(Cl)cc3)CC2)C1 |t:50|,Ki, 0.045,nM,325160,,,False
COCC(=O)N1CCC(COc2ccc(cc2Cl)S(=O)(=O)NC(=O)c2ccc(cc2Oc2cnc3[nH]ccc3c2)N2CCN(CC3=C(CC(C)(C)CC3)c3ccc(Cl)cc3)CC2)CC1,Ki, 0.046,nM,1373024,,,False
CC1(C)CCC(CN2CCN(CC2)c2ccc(C(=O)NS(=O)(=O)c3ccc(NC4CCN(CC4)C4CCOCC4)c(c3)[N+]([O-])=O)c(Oc3cccc4[nH]cnc34)c2)=C(C1)c1ccc(Cl)cc1 |c:63|,Ki, 0.046,nM,325120,,,False
COCC(=O)N1CCC(COc2ccc(cc2Cl)S(=O)(=O)NC(=O)c2ccc(cc2Oc2cnc3[nH]ccc3c2)N2CCN(CC3=C(CC(C)(C)CC3)c3ccc(Cl)cc3)CC2)CC1,Ki, 0.046,nM,1180041,,,False
CC(C)N1CCC(CC1)Nc1ccc(cc1[N+]([O-])=O)S(=O)(=O)NC(=O)c1ccc(cc1Oc1cccc(Cl)c1)N1CCN(CC2=C(CC(C)(C)CC2)c2ccc(Cl)cc2)CC1 |t:48|,Ki, 0.046,nM,281503,,,False
CC(C)N1CCC(CC1)Nc1ccc(cc1[N+]([O-])=O)S(=O)(=O)NC(=O)c1ccc(cc1Oc1cccc(Cl)c1)N1CCN(CC2=C(CC(C)(C)CC2)c2ccc(Cl)cc2)CC1,Ki, 0.046,nM,387752,,,False
COCC(=O)N1CCC(COc2ccc(cc2Cl)S(=O)(=O)NC(=O)c2ccc(cc2Oc2cnc3[nH]ccc3c2)N2CCN(CC3=C(CC(C)(C)CC3)c3ccc(Cl)cc3)CC2)CC1 |t:49|,Ki, 0.046,nM,339835,,,False
COCC(=O)N1CCC(COc2ccc(cc2Cl)S(=O)(=O)NC(=O)c2ccc(cc2Oc2cnc3[nH]ccc3c2)N2CCN(CC3=C(CC(C)(C)CC3)c3ccc(Cl)cc3)CC2)CC1,Ki, 0.046,nM,704885,,,False
CC1(C)CCC(CN2CCN(CC2)c2ccc(C(=O)NS(=O)(=O)c3ccc(NCc4cccc(O)c4)c(c3)[N+]([O-])=O)c(Oc3cnc4[nH]ccc4c3)c2)=C(C1)c1ccc(Cl)cc1,Ki, 0.047,nM,704778,,,False
CC1(C)CCC(CN2CCN(CC2)c2ccc(C(=O)NS(=O)(=O)c3ccc(NCc4cccc(O)c4)c(c3)[N+]([O-])=O)c(Oc3cnc4[nH]ccc4c3)c2)=C(C1)c1ccc(Cl)cc1,Ki, 0.047,nM,1372917,,,False
CC1(C)CCC(CN2CCN(CC2)c2ccc(C(=O)NS(=O)(=O)c3ccc(NCc4cccc(O)c4)c(c3)[N+]([O-])=O)c(Oc3cnc4[nH]ccc4c3)c2)=C(C1)c1ccc(Cl)cc1 |c:58|,Ki, 0.047,nM,339734,,,False
CN1CCN(CCCNc2ccc(cc2[N+]([O-])=O)S(=O)(=O)NC(=O)c2ccc(cc2Oc2ccc3[nH]ccc3c2)N2CCN(CC3=C(CC(C)(C)CC3)c3ccc(Cl)cc3)CC2)CC1 |t:49|,Ki, 0.047,nM,324817,,,False
CN1CCC(CC1)Nc1ccc(cc1[N+]([O-])=O)S(=O)(=O)NC(=O)c1ccc(cc1Oc1cccc(F)c1F)N1CCN(CC2=C(CC(C)(C)CC2)c2ccc(Cl)cc2)CC1 |t:47|,Ki, 0.047,nM,281378,,,False
CN1CCC(CC1)Nc1ccc(cc1[N+]([O-])=O)S(=O)(=O)NC(=O)c1ccc(cc1Oc1cccc(Br)c1)N1CCN(CC2=C(CC(C)(C)CC2)c2ccc(Cl)cc2)CC1 |t:46|,Ki, 0.047,nM,281379,,,False
CC1(C)CCC(CN2CCN(CC2)c2ccc(C(=O)NS(=O)(=O)c3ccc(NCc4cccc(O)c4)c(c3)[N+]([O-])=O)c(Oc3cnc4[nH]ccc4c3)c2)=C(C1)c1ccc(Cl)cc1,Ki, 0.047,nM,1180200,,,False
CN1CCC(CC1)Nc1ccc(cc1[N+]([O-])=O)S(=O)(=O)NC(=O)c1ccc(cc1Oc1cccc(Br)c1)N1CCN(CC2=C(CC(C)(C)CC2)c2ccc(Cl)cc2)CC1,Ki, 0.047,nM,387625,,,False
CN1CCC(CC1)Nc1ccc(cc1[N+]([O-])=O)S(=O)(=O)NC(=O)c1ccc(cc1Oc1cccc(F)c1F)N1CCN(CC2=C(CC(C)(C)CC2)c2ccc(Cl)cc2)CC1,Ki, 0.047,nM,387624,,,False
CC(N1CCN(CC1)c1ccc(C(=O)NS(=O)(=O)c2ccc(NC3CCN(CC3)C3CCOCC3)c(c2)[N+]([O-])=O)c(Oc2ccc3[nH]ccc3c2)c1)C1=C(CC(C)(C)CC1)c1ccc(Cl)cc1 |t:59|,Ki, 0.048,nM,324966,,,False
CC1(C)CCC(CN2CCN(CC2)c2ccc(C(=O)NS(=O)(=O)c3ccc(N[C@H]4CC[C@@H](CC4)N(CC4CC4)CC4CC4)c(c3)[N+]([O-])=O)c(Oc3cnc4[nH]ccc4c3)c2)=C(C1)c1ccc(Cl)cc1,Ki,<0.010,nM,704656,,,False
CN1CCC(CNc2ccc(cc2[N+]([O-])=O)S(=O)(=O)NC(=O)c2ccc(cc2Oc2cnc3[nH]ccc3c2)N2CCN(CC3=C(CC(C)(C)CC3)c3ccc(Cl)cc3)CC2)CC1,Ki,<0.010,nM,704657,,,False
[O-][N+](=O)c1cc(ccc1N[C@H]1CC[C@@H](CC1)N1CCOCC1)S(=O)(=O)NC(=O)c1ccc(cc1Oc1cnc2[nH]ccc2c1)N1CCN(CC2=C(CCC3(CCCC3)C2)c2ccc(Cl)cc2)CC1,Ki, 0.010,nM,704663,,,False
CC1(C)CCC(CN2CCN(CC2)c2ccc(C(=O)NS(=O)(=O)c3ccc(NC4CCN(CC4)S(C)(=O)=O)c(c3)[N+]([O-])=O)c(Oc3cnc4[nH]ccc4c3)c2)=C(C1)c1ccc(Cl)cc1,Ki,<0.010,nM,704672,,,False
CC1(C)CCC(CN2CCN(CC2)c2ccc(C(=O)NS(=O)(=O)c3ccc(NC4CCS(=O)(=O)CC4)c(c3)[N+]([O-])=O)c(Oc3cnc4[nH]ccc4c3)c2)=C(C1)c1ccc(Cl)cc1,Ki,<0.010,nM,704673,,,False
CC1(C)CCC(CN2CCN(CC2)c2ccc(C(=O)NS(=O)(=O)c3ccc(OCC4(F)CCN(CC4)C4CCOCC4)c(c3)[N+]([O-])=O)c(Oc3cnc4[nH]ccc4c3)c2)=C(C1)c1ccc(Cl)cc1,Ki,<0.010,nM,1179839,,,False
[O-][N+](=O)c1cc(ccc1NCCCN1CCOCC1)S(=O)(=O)NC(=O)c1ccc(cc1Oc1cnc2[nH]ccc2c1)N1CCN(Cc2ccccc2-c2ccc(Cl)cc2)CC1,Ki,<0.010,nM,1179836,,,False
CC1(C)CCC(CN2CCN(CC2)c2ccc(C(=O)NS(=O)(=O)c3ccc(OCC4CCN(CC4)C4COC4)c(c3)[N+]([O-])=O)c(Oc3cnc4[nH]ccc4c3)c2)=C(C1)c1ccc(Cl)cc1,Ki,<0.010,nM,1179837,,,False
CC1(C)CCC(CN2CCN(CC2)c2ccc(C(=O)NS(=O)(=O)c3ccc(N[C@H]4CCCN(C4)C4CCOCC4)c(c3)[N+]([O-])=O)c(Oc3cnc4[nH]ccc4c3)c2)=C(C1)c1ccc(Cl)cc1,Ki,<0.010,nM,704697,,,False
CC1(C)CCC(CN2CCN(CC2)c2ccc(C(=O)NS(=O)(=O)c3ccc(N[C@H]4CC[C@H](C4)N4CCOCC4)c(c3)[N+]([O-])=O)c(Oc3cnc4[nH]ccc4c3)c2)=C(C1)c1ccc(Cl)cc1,Ki,<0.010,nM,704703,,,False
CC1(C)CCC(CN2CCN(CC2)c2ccc(C(=O)NS(=O)(=O)c3ccc(NCC4(N)CCOCC4)c(c3)[N+]([O-])=O)c(Oc3cnc4[nH]ccc4c3)c2)=C(C1)c1ccc(Cl)cc1,Ki,<0.010,nM,704700,,,False
CC1(C)CCC(CN2CCN(CC2)c2ccc(C(=O)NS(=O)(=O)c3ccc(NC4CCN(CC4)C4CC4)c(c3)[N+]([O-])=O)c(Oc3cnc4[nH]ccc4c3)c2)=C(C1)c1ccc(Cl)cc1,Ki,<0.010,nM,704690,,,False
CCN1CCOCC1COc1ccc(cc1[N+]([O-])=O)S(=O)(=O)NC(=O)c1ccc(cc1Oc1cnc2[nH]ccc2c1)N1CCN(CC2=C(CC(C)(C)CC2)c2ccc(Cl)cc2)CC1,Ki,<0.010,nM,704695,,,False
CC1(C)CCC(CN2CCN(CC2)c2ccc(C(=O)NS(=O)(=O)c3ccc(N[C@H]4CC[C@@H](CC4)N(C4CC4)C4CC4)c(c3)[N+]([O-])=O)c(Oc3cnc4[nH]ccc4c3)c2)=C(C1)c1ccc(Cl)cc1,Ki,<0.010,nM,704692,,,False
CC1(C)CCC(CN2CCN(CC2)c2ccc(C(=O)NS(=O)(=O)c3ccc(N[C@H]4CC[C@@H](CC4)NC4CC4)c(c3)[N+]([O-])=O)c(Oc3cnc4[nH]ccc4c3)c2)=C(C1)c1ccc(Cl)cc1,Ki,<0.010,nM,704714,,,False
CC1(C)CCC(CN2CCN(CC2)c2ccc(C(=O)NS(=O)(=O)c3ccc(NC[C@H]4CCCOC4)c(c3)[N+]([O-])=O)c(Oc3cnc4[nH]ccc4c3)c2)=C(C1)c1ccc(Cl)cc1,Ki,<0.010,nM,1179858,,,False
CC1(C)CCC(CN2CCN(CC2)c2ccc(C(=O)NS(=O)(=O)c3ccc(N[C@H]4CC[C@@H](CC4)NC4CCOCC4)c(c3)[N+]([O-])=O)c(Oc3cnc4[nH]ccc4c3)c2)=C(C1)c1ccc(Cl)cc1,Ki,<0.010,nM,704715,,,False
CN1CC(CC1=O)Nc1ccc(cc1[N+]([O-])=O)S(=O)(=O)NC(=O)c1ccc(cc1Oc1cnc2[nH]ccc2c1)N1CCN(CC2=C(CC(C)(C)CC2)c2ccc(Cl)cc2)CC1,Ki,<0.010,nM,1179859,,,False
CC1(C)CCC(CN2CCN(CC2)c2ccc(C(=O)NS(=O)(=O)c3ccc(OC[C@H]4CC[C@H](O)CC4)c(c3)[N+]([O-])=O)c(Oc3cnc4[nH]ccc4c3)c2)=C(C1)c1ccc(Cl)cc1,Ki,<0.010,nM,704712,,,False
CC1(C)CCC(CN2CCN(CC2)c2ccc(C(=O)NS(=O)(=O)c3ccc(OCC4COCCO4)c(c3)[N+]([O-])=O)c(Oc3cnc4[nH]ccc4c3)c2)=C(C1)c1ccc(Cl)cc1,Ki,<0.010,nM,1179856,,,False
CO[C@@H]1CC[C@H](COc2ccc(cc2[N+]([O-])=O)S(=O)(=O)NC(=O)c2ccc(cc2Oc2cnc3[nH]ccc3c2)N2CCN(CC3=C(CC(C)(C)CC3)c3ccc(Cl)cc3)CC2)CC1,Ki,<0.010,nM,704713,,,False
CC(C)(C)OC(=O)N1CCC(F)(COc2ccc(cc2[N+]([O-])=O)S(=O)(=O)NC(=O)c2ccc(cc2Oc2cnc3[nH]ccc3c2)N2CCN(CC3=C(CC(C)(C)CC3)c3ccc(Cl)cc3)CC2)CC1,Ki,<0.010,nM,704718,,,False
CC1(C)CC(=C(CN2CCN(CC2)c2ccc(C(=O)NS(=O)(=O)c3ccc(NCC4CCOCC4)c(c3)[N+]([O-])=O)c(Oc3cnc4[nH]ccc4c3)c2)CO1)c1ccc(Cl)cc1,Ki,<0.010,nM,1179862,,,False
CC1(C)CCC(CN2CCN(CC2)c2ccc(C(=O)NS(=O)(=O)c3ccc(NCC4CCOCC4)c(c3)N(=O)=O)c(Oc3cnc4[nH]ccc4c3)c2)=C(C1)c1ccc(Cl)cc1,Ki,<0.010000,nM,51512279,,,False
CC1(C)CCC(CN2CCN(CC2)c2ccc(C(=O)NS(=O)(=O)c3ccc(OCC4(F)CCNCC4)c(c3)[N+]([O-])=O)c(Oc3cnc4[nH]ccc4c3)c2)=C(C1)c1ccc(Cl)cc1,Ki,<0.010,nM,704719,,,False
CC1(C)CCC(CN2CCN(CC2)c2ccc(C(=O)NS(=O)(=O)c3ccc(OCC4C[C@@H]5C[C@H]4[C@@H](O)[C@H]5O)c(c3)[N+]([O-])=O)c(Oc3cnc4[nH]ccc4c3)c2)=C(C1)c1ccc(Cl)cc1,Ki,<0.010,nM,1179863,,,False
CC1(C)CCC(CN2CCN(CC2)c2ccc(C(=O)NS(=O)(=O)c3cnc(O[C@H]4CC[C@@H](CC4)N4CCOCC4)c(Br)c3)c(Oc3cnc4[nH]ccc4c3)c2)=C(C1)c1ccc(Cl)cc1,Ki,<0.010,nM,704716,,,False
CO[C@H]1CC[C@H](COc2ccc(cc2[N+]([O-])=O)S(=O)(=O)NC(=O)c2ccc(cc2Oc2cnc3[nH]ccc3c2)N2CCN(CC3=C(CC(C)(C)CC3)c3ccc(Cl)cc3)CC2)CC1,Ki,<0.010,nM,704717,,,False
CC1(C)CCC(CN2CCN(CC2)c2ccc(C(=O)NS(=O)(=O)c3ccc(OCC4C[C@@H]5C[C@H]4[C@H](O)[C@@H]5O)c(c3)[N+]([O-])=O)c(Oc3cnc4[nH]ccc4c3)c2)=C(C1)c1ccc(Cl)cc1,Ki,<0.010,nM,1179861,,,False
CC1(C)CCC(CN2CCN(CC2)c2ccc(C(=O)NS(=O)(=O)c3ccc(NCC4CCOC4)c(c3)[N+]([O-])=O)c(Oc3cnc4[nH]ccc4c3)c2)=C(C1)c1ccc(Cl)cc1,Ki,<0.010,nM,704706,,,False
CC1(C)CCC(CN2CCN(CC2)c2ccc(C(=O)NS(=O)(=O)c3ccc(NC4CCN(CC4)[C@@H]4CCOC[C@@H]4F)c(c3)[N+]([O-])=O)c(Oc3cnc4[nH]ccc4c3)c2)=C(C1)c1ccc(Cl)cc1,Ki,<0.010,nM,704707,,,False
CC1(C)CCC(CN2CCN(CC2)c2ccc(C(=O)NS(=O)(=O)c3ccc(N[C@@H]4CC[C@@H](C4)N4CCOCC4)c(c3)[N+]([O-])=O)c(Oc3cnc4[nH]ccc4c3)c2)=C(C1)c1ccc(Cl)cc1,Ki,<0.010,nM,704704,,,False
CC1(C)CCC(CN2CCN(CC2)c2ccc(C(=O)NS(=O)(=O)c3ccc(NCC4CNCCO4)c(c3)[N+]([O-])=O)c(Oc3cnc4[nH]ccc4c3)c2)=C(C1)c1ccc(Cl)cc1,Ki,<0.010,nM,704705,,,False
CC1(C)CCC(CN2CCN(CC2)c2ccc(C(=O)NS(=O)(=O)c3ccc(OCC4CCCC(=O)C4)c(c3)[N+]([O-])=O)c(Oc3cnc4[nH]ccc4c3)c2)=C(C1)c1ccc(Cl)cc1,Ki,<0.010,nM,1179865,,,False
CC1(C)CCC(CN2CCN(CC2)c2ccc(C(=O)NS(=O)(=O)c3ccc(NC[C@H]4CCN(C4)C4CCOCC4)c(c3)[N+]([O-])=O)c(Oc3cnc4[nH]ccc4c3)c2)=C(C1)c1ccc(Cl)cc1,Ki,<0.010,nM,704710,,,False
CC1(C)CCC(=C(CN2CCN(CC2)c2ccc(C(=O)NS(=O)(=O)c3ccc(OCC4(F)CCOCC4)c(c3)[N+]([O-])=O)c(Oc3cnc4[nH]ccc4c3)c2)C1)c1ccc(Cl)cc1,Ki,<0.010,nM,704711,,,False
CC1(C)CCC(CN2CCN(CC2)c2ccc(C(=O)NS(=O)(=O)c3ccc(NC4CN(C4)C4CCOCC4)c(c3)[N+]([O-])=O)c(Oc3cnc4[nH]ccc4c3)c2)=C(C1)c1ccc(Cl)cc1,Ki,<0.010,nM,704708,,,False
CC1(C)CCC(CN2CCN(CC2)c2ccc(C(=O)NS(=O)(=O)c3ccc(NC4CN(C4)C4CCOC4)c(c3)[N+]([O-])=O)c(Oc3cnc4[nH]ccc4c3)c2)=C(C1)c1ccc(Cl)cc1,Ki,<0.010,nM,704709,,,False
CC1(C)CCC(CN2CCN(CC2)c2ccc(C(=O)NS(=O)(=O)c3ccc(NCC4(F)CCOCC4)c(c3)[N+]([O-])=O)c(Oc3cnc4[nH]ccc4c3)c2)=C(C1)c1ccc(Cl)cc1,Ki,<0.010,nM,704730,,,False
CC1(C)CCC(CN2CCN(CC2)c2ccc(C(=O)NS(=O)(=O)c3ccc(NCC4CCOCC4)c(c3)[N+]([O-])=O)c(Oc3cnc4[nH]ccc4c3)c2)=C(C1)c1ccc(Cl)cc1,Ki,<0.010,nM,1179842,,,False
CC1(C)CCC(CN2CCN(CC2)c2ccc(C(=O)NS(=O)(=O)c3ccc(NC4CCN(CC4)C4COC4)c(c3)[N+]([O-])=O)c(Oc3cnc4[nH]ccc4c3)c2)=C(C1)c1ccc(Cl)cc1,Ki,<0.010,nM,704731,,,False
CC1(C)CCC(CN2CCN(CC2)c2ccc(C(=O)NS(=O)(=O)c3ccc(OCC4(F)CCN(CC4)S(C)(=O)=O)c(c3)[N+]([O-])=O)c(Oc3cnc4[nH]ccc4c3)c2)=C(C1)c1ccc(Cl)cc1,Ki,<0.010,nM,1179843,,,False
CC(=O)N1CCOC(CNc2ccc(cc2[N+]([O-])=O)S(=O)(=O)NC(=O)c2ccc(cc2Oc2cnc3[nH]ccc3c2)N2CCN(CC3=C(CC(C)(C)CC3)c3ccc(Cl)cc3)CC2)C1,Ki,<0.010,nM,704728,,,False
CN1CCC(CC1)Nc1ccc(cc1[N+]([O-])=O)S(=O)(=O)NC(=O)c1ccc(cc1Oc1cnc2[nH]ccc2c1)N1CCN(CC2=C(CC(C)(C)CC2)c2ccc(Cl)cc2)CC1,Ki,<0.010,nM,1179840,,,False
CC1(C)CCC(CN2CCN(CC2)c2ccc(C(=O)NS(=O)(=O)c3ccc(OC[C@H]4CN(C[C@@H]4CF)C4COC4)c(c3)[N+]([O-])=O)c(Oc3cnc4[nH]ccc4c3)c2)=C(C1)c1ccc(Cl)cc1,Ki,<0.010,nM,704729,,,False
CC1(C)CCC(CN2CCN(CC2)c2ccc(C(=O)NS(=O)(=O)c3ccc(OCC4(F)CCN(CC4)C4CCOC4)c(c3)[N+]([O-])=O)c(Oc3cnc4[nH]ccc4c3)c2)=C(C1)c1ccc(Cl)cc1,Ki,<0.010,nM,1179841,,,False
CC1(C)CCC(CN2CCN(CC2)c2ccc(C(=O)NS(=O)(=O)c3ccc(NC4CCN(CC4)C4CCOC4)c(c3)[N+]([O-])=O)c(Oc3cnc4[nH]ccc4c3)c2)=C(C1)c1ccc(Cl)cc1,Ki,<0.010,nM,704735,,,False
CC1(C)CCC(CN2CCN(CC2)c2ccc(C(=O)NS(=O)(=O)c3ccc(OC[C@H]4CC[C@H](O)CC4)c(c3)[N+]([O-])=O)c(Oc3cnc4[nH]ccc4c3)c2)=C(C1)c1ccc(Cl)cc1,Ki,<0.010,nM,1179847,,,False
CC1(C)CCC(CN2CCN(CC2)c2ccc(C(=O)NS(=O)(=O)c3ccc(NC4CCN(CC4)C4CCC4)c(c3)[N+]([O-])=O)c(Oc3cnc4[nH]ccc4c3)c2)=C(C1)c1ccc(Cl)cc1,Ki,<0.010,nM,704732,,,False
CC1(C)CCC(CN2CCN(CC2)c2ccc(C(=O)NS(=O)(=O)c3ccc(NC4CCN(CC4)C4CCOC(C)(C)C4)c(c3)[N+]([O-])=O)c(Oc3cnc4[nH]ccc4c3)c2)=C(C1)c1ccc(Cl)cc1,Ki,<0.010,nM,704733,,,False
CN(C)CCCNc1ccc(cc1[N+]([O-])=O)S(=O)(=O)NC(=O)c1ccc(cc1Oc1cccc2cnccc12)N1CCN(Cc2ccccc2-c2ccc(Cl)cc2)CC1,Ki, 0.048,nM,324775,,,False
CC1(C)CCC(CN2CCN(c3ccc(C(=O)NS(=O)(=O)c4ccc(N[C@H](CCN5CCOCC5)CSc5ccccc5)c(S(=O)(=O)C(F)(F)Cl)c4)cc3)CC2)=C(c2ccc(Cl)cc2)C1,Ki, 0.048000,nM,51627317,,,False
CC1(C)CCC(CN2CCN(CC2)c2ccc(C(=O)NS(=O)(=O)c3ccc(NC4CCN(CCO)CC4)c(c3)[N+]([O-])=O)c(Oc3cccc(Cl)c3)c2)=C(C1)c1ccc(Cl)cc1 |c:56|,Ki, 0.048,nM,281491,,,False
CC1(C)CCC(CN2CCN(CC2)c2ccc(C(=O)NS(=O)(=O)c3ccc(NC4CCN(CCO)CC4)c(c3)[N+]([O-])=O)c(Oc3cccc(Cl)c3)c2)=C(C1)c1ccc(Cl)cc1,Ki, 0.048,nM,387739,,,False
CC1(C)CCC(CN2CCN(CC2)c2ccc(C(=O)NS(=O)(=O)c3ccc(OCC4(C)CCOCC4)c(c3)[N+]([O-])=O)c(Oc3cnc4[nH]ccc4c3)c2)=C(C1)c1ccc(Cl)cc1,Ki, 0.049,nM,704813,,,False
CC1(C)CCC(CN2CCN(CC2)c2ccc(C(=O)NS(=O)(=O)c3ccc(OCC4(C)CCOCC4)c(c3)[N+]([O-])=O)c(Oc3cnc4[nH]ccc4c3)c2)=C(C1)c1ccc(Cl)cc1,Ki, 0.049,nM,1179897,,,False
CC1(C)CCC(CN2CCN(CC2)c2ccc(C(=O)NS(=O)(=O)c3ccc(OCC4(C)CCOCC4)c(c3)[N+]([O-])=O)c(Oc3cnc4[nH]ccc4c3)c2)=C(C1)c1ccc(Cl)cc1,Ki, 0.049,nM,1372952,,,False
CC1(C)CCC(CN2CCN(CC2)c2ccc(C(=O)NS(=O)(=O)c3ccc(NCC4(F)CCOCC4)c(c3)[N+]([O-])=O)c(Oc3cc4cc[nH]c4cc3F)c2)=C(C1)c1ccc(Cl)cc1,Ki, 0.049,nM,387912,,,False
CC1(C)CCC(CN2CCN(CC2)c2ccc(C(=O)NS(=O)(=O)c3ccc(NCC4CCOCC4)c(c3)[N+]([O-])=O)c(Oc3ccccc3)c2)=C(C1)c1ccc(Cl)cc1 |c:53|,Ki, 0.049,nM,325163,,,False
CC1(C)CCC(CN2CCN(CC2)c2ccc(C(=O)NS(=O)(=O)c3ccc(OCC4(C)CCOCC4)c(c3)[N+]([O-])=O)c(Oc3cnc4[nH]ccc4c3)c2)=C(C1)c1ccc(Cl)cc1 |c:58|,Ki, 0.049,nM,339765,,,False
CN1CCC(CC1)Nc1ccc(cc1[N+]([O-])=O)S(=O)(=O)NC(=O)c1ccc(cc1Oc1ccccc1Cl)N1CCN(CC2=C(CC(C)(C)CC2)c2ccc(Cl)cc2)CC1 |t:46|,Ki, 0.049,nM,281367,,,False
CC1(C)CC(c2ccc(Cl)cc2)=C2CN3CCN(c4ccc(C(=O)NS(=O)(=O)c5ccc(NCC6CC[C@](C)(O)CO6)c([N+](=O)[O-])c5)c(N5CCCOc6nc7[nH]ccc7cc65)c4)C[C@H]3COCCCO[C@@H]2C1,Ki, 0.049,nM,1497957,,,False
CN1CCC(CC1)Nc1ccc(cc1[N+]([O-])=O)S(=O)(=O)NC(=O)c1ccc(cc1Oc1ccccc1Cl)N1CCN(CC2=C(CC(C)(C)CC2)c2ccc(Cl)cc2)CC1,Ki, 0.049,nM,387613,,,False
CC1(C)CCC(CN2CCN(CC2)c2ccc(C(=O)NS(=O)(=O)c3ccc(NCC4(F)CCOCC4)c(c3)[N+]([O-])=O)c(Oc3cc4cc[nH]c4cc3F)c2)=C(C1)c1ccc(Cl)cc1 |c:59|,Ki, 0.049,nM,281660,,,False
"CC1(C)CCC(CN2CCN(CC2)c2ccc(C(=O)NS(=O)(=O)c3ccc(NCC4CCC(O)CC4)c(c3)[N+]([O-])=O)c(Oc3ccc4[nH]ccc4c3)c2)=C(C1)c1ccc(Cl)cc1 |c:58,(8.94,-13.2,;8.12,-11.89,;9.66,-11.95,;8.12,-10.35,;6.79,-9.58,;5.46,-10.35,;4.12,-9.58,;4.12,-8.04,;5.46,-7.27,;5.46,-5.73,;4.12,-4.96,;2.79,-5.73,;2.79,-7.27,;4.12,-3.42,;5.46,-2.65,;5.46,-1.11,;4.12,-.34,;4.12,1.2,;5.46,1.97,;2.79,1.97,;2.79,3.51,;2.79,5.05,;4.33,3.51,;1.25,3.51,;.48,2.17,;-1.06,2.17,;-1.83,3.51,;-3.37,3.51,;-4.14,2.17,;-5.68,2.17,;-6.45,.84,;-7.99,.84,;-8.76,2.17,;-10.3,2.17,;-7.99,3.51,;-6.45,3.51,;-1.06,4.84,;.48,4.84,;-1.83,6.17,;-1.06,7.51,;-3.37,6.17,;2.79,-1.11,;1.46,-.34,;.12,-1.11,;.12,-2.65,;-1.21,-3.42,;-2.55,-2.65,;-4.01,-3.13,;-4.92,-1.88,;-4.01,-.64,;-2.55,-1.11,;-1.21,-.34,;2.79,-2.65,;5.46,-11.89,;6.79,-12.66,;4.12,-12.66,;4.12,-14.2,;2.79,-14.97,;1.46,-14.2,;.12,-14.97,;1.46,-12.66,;2.79,-11.89,)|",Ki, 0.049,nM,325016,,,False
CC1(C)C[C@H]2OCCCOC[C@@H]3CN(CCN3CC2=C(C1)c1ccc(Cl)cc1)c1ccc(C(=O)NS(=O)(=O)c2ccc(NC[C@H]3CC[C@](C)(O)CO3)c(c2)[N+]([O-])=O)c(c1)N1CCCOc2nc3[nH]ccc3cc12,Ki, 0.049000,nM,51565549,,,False
CC%10(C)CC(c1ccc(Cl)cc1)=C9CN8CCN(c7ccc(C(=O)NS(=O)(=O)c3ccc(NC[C@H]2CC[C@](C)(O)CO2)c([N+](=O)[O-])c3)c(N6CCCOc5nc4[nH]ccc4cc56)c7)C[C@H]8COCCCO[C@@H]9C%10,Ki, 0.049,nM,1406186,,,False
CN1CCC(CC1)Nc1ccc(cc1S(=O)(=O)C(F)(F)F)S(=O)(=O)NC(=O)c1ccc(cc1Oc1ccc2[nH]ccc2c1)N1CCN(CC2=C(CC(C)(C)CC2)c2ccc(Cl)cc2)CC1 |t:53|,Ki, 0.05,nM,324803,,,False
CC1(C)CCC(CN2CCN(CC2)c2ccc(C(=O)NS(=O)(=O)c3ccc(OCC4(F)CCOCC4)c(c3)[N+]([O-])=O)c(Oc3cnc(N)c(Br)c3)c2)=C(C1)c1ccc(Cl)cc1 |c:56|,Ki, 0.05,nM,281683,,,False
CC1(C)CCC(CN2CCN(CC2)c2ccc(C(=O)NS(=O)(=O)c3ccc(OCC4(F)CCOCC4)c(c3)[N+]([O-])=O)c(Oc3cnc(N)c(Br)c3)c2)=C(C1)c1ccc(Cl)cc1,Ki, 0.05,nM,387935,,,False
[O-][N+](=O)c1cc(ccc1NCC1CCOCC1)S(=O)(=O)NC(=O)c1ccc(cc1Oc1cccc2[nH]ccc12)N1CCN(Cc2cc(CCN3CCCC3)ccc2-c2ccc(Cl)cc2)CC1,Ki, 0.05,nM,324763,,,False
CCN1CCC(CC1)Nc1ccc(cc1[N+]([O-])=O)S(=O)(=O)NC(=O)c1ccc(cc1Oc1ccccc1Cl)N1CCN(CC2=C(CC(C)(C)CC2)c2ccc(Cl)cc2)CC1 |t:47|,Ki, 0.05,nM,281380,,,False
CC1(C)C[C@H]2OCCCOC[C@@H]3CN(CCN3CC2=C(C1)c1ccc(Cl)cc1)c1ccc(C(=O)NS(=O)(=O)c2cnc(OCC3(F)CCOCC3)c(Cl)c2)c(c1)N1CCCOc2nc3[nH]ccc3cc12,Ki, 0.050,nM,1406196,,,False
CC1(C)CCC(CN2CCN(CC2)c2ccc(C(=O)NS(=O)(=O)c3ccc(NN4CCOCC4)c(c3)[N+]([O-])=O)c(Oc3cccc(Cl)c3)c2)=C(C1)c1ccc(Cl)cc1 |c:53|,Ki, 0.05,nM,281578,,,False
CCN1CCC(CC1)Nc1ccc(cc1[N+]([O-])=O)S(=O)(=O)NC(=O)c1ccc(cc1Oc1ccccc1Cl)N1CCN(CC2=C(CC(C)(C)CC2)c2ccc(Cl)cc2)CC1,Ki, 0.05,nM,387626,,,False
CC1(C)CCC(CN2CCN(CC2)c2ccc(C(=O)NS(=O)(=O)c3ccc(NN4CCOCC4)c(c3)[N+]([O-])=O)c(Oc3cccc(Cl)c3)c2)=C(C1)c1ccc(Cl)cc1,Ki, 0.05,nM,387828,,,False
"CC1(C)C[C@H]2OCCCOC[C@@H]3CN(CCN3CC2=C(C1)c1ccc(Cl)cc1)c1ccc(C(=O)NS(=O)(=O)c2cnc(OCC3(F)CCOCC3)c(Cl)c2)c(c1)N1CCCOc2nc3[nH]ccc3cc12 |r,c:20|",Ki, 0.050,nM,1497967,,,False
CC1(C)C[C@H]2OCCCOC[C@@H]3CN(CCN3CC2=C(C1)c1ccc(Cl)cc1)c1ccc(C(=O)NS(=O)(=O)c2cnc(OCC3(F)CCOCC3)c(Cl)c2)c(c1)N1CCCOc2nc3[nH]ccc3cc12,Ki, 0.050000,nM,51565551,,,False
CC1(C)CCC(CN2CCN(CC2)c2ccc(C(=O)NS(=O)(=O)c3ccc(NCC4(N)CCOCC4)c(c3)[N+]([O-])=O)c(Oc3cc4cc[nH]c4cc3F)c2)=C(C1)c1ccc(Cl)cc1 |c:59|,Ki, 0.051,nM,281573,,,False
CN(C)CCOc1cccc(c1CN1CCN(CC1)c1ccc(C(=O)NS(=O)(=O)c2ccc(NCC3CCOCC3)c(c2)[N+]([O-])=O)c(Oc2cccc3[nH]ccc23)c1)-c1ccc(Cl)cc1,Ki, 0.051,nM,324844,,,False
CC1(C)CCC(CN2CCN(CC2)c2ccc(C(=O)NS(=O)(=O)c3ccc(NCC4(N)CCOCC4)c(c3)[N+]([O-])=O)c(Oc3cc4cc[nH]c4cc3F)c2)=C(C1)c1ccc(Cl)cc1,Ki, 0.051,nM,387823,,,False
CC1(C)CCC(CC2CCN(CC2)c2ccc(C(=O)NS(=O)(=O)c3ccc(NCC4CCOCC4)c(c3)[N+]([O-])=O)c(Oc3cnc4[nH]ccc4c3)c2)=C(C1)c1ccc(Cl)cc1,Ki, 0.052,nM,1180082,,,False
CC1(C)CCC(CC2CCN(CC2)c2ccc(C(=O)NS(=O)(=O)c3ccc(NCC4CCOCC4)c(c3)[N+]([O-])=O)c(Oc3cnc4[nH]ccc4c3)c2)=C(C1)c1ccc(Cl)cc1,Ki, 0.052,nM,1373044,,,False
CC1(C)CCC(CC2CCN(CC2)c2ccc(C(=O)NS(=O)(=O)c3ccc(NCC4CCOCC4)c(c3)[N+]([O-])=O)c(Oc3cnc4[nH]ccc4c3)c2)=C(C1)c1ccc(Cl)cc1,Ki, 0.052,nM,704905,,,False
CC1(C)CCC(CN2CCN(CC2)c2ccc(C(=O)NS(=O)(=O)c3cnc(OCC4CCN(CC#N)CC4)c(Cl)c3)c(Oc3cnc4[nH]ccc4c3)c2)=C(C1)c1ccc(Cl)cc1,Ki, 0.052,nM,1372983,,,False
CC1(C)CCC(CN2CCN(CC2)c2ccc(C(=O)NS(=O)(=O)c3cnc(OCC4CCN(CC#N)CC4)c(Cl)c3)c(Oc3cnc4[nH]ccc4c3)c2)=C(C1)c1ccc(Cl)cc1,Ki, 0.052,nM,1179959,,,False
CC1(C)CCC(CN2CCN(CC2)c2ccc(C(=O)NS(=O)(=O)c3cnc(OCC4CCN(CC#N)CC4)c(Cl)c3)c(Oc3cnc4[nH]ccc4c3)c2)=C(C1)c1ccc(Cl)cc1,Ki, 0.052,nM,704844,,,False
CC1(C)CCC(CC2CCN(CC2)c2ccc(C(=O)NS(=O)(=O)c3ccc(NCC4CCOCC4)c(c3)[N+]([O-])=O)c(Oc3cnc4[nH]ccc4c3)c2)=C(C1)c1ccc(Cl)cc1 |c:57|,Ki, 0.052,nM,339855,,,False
"CN(C)C1CCC(CC1)Nc1ccc(cc1[N+]([O-])=O)S(=O)(=O)NC(=O)c1ccc(cc1Oc1cccc2[nH]ccc12)N1CCN(CC2=C(CC(C)(C)CC2)c2ccc(Cl)cc2)CC1 |t:51,(-8.41,7.94,;-7.08,7.17,;-7.08,5.63,;-5.75,7.94,;-4.41,7.17,;-3.08,7.94,;-3.08,9.48,;-4.41,10.25,;-5.75,9.48,;-1.74,10.25,;-.41,9.48,;-.41,7.94,;.92,7.17,;2.26,7.94,;2.26,9.48,;.92,10.25,;.92,11.79,;-.41,12.56,;2.26,12.56,;3.59,7.17,;4.36,8.5,;2.82,5.83,;4.92,6.4,;4.92,4.86,;3.59,4.09,;6.26,4.09,;7.59,4.86,;8.92,4.09,;8.92,2.55,;7.59,1.78,;6.26,2.55,;4.92,1.78,;4.92,.24,;6.26,-.53,;6.26,-2.07,;4.92,-2.84,;3.59,-2.07,;2.13,-2.55,;1.22,-1.3,;2.13,-.06,;3.59,-.53,;10.26,1.78,;11.59,2.55,;12.93,1.78,;12.93,.24,;14.26,-.53,;15.59,.24,;16.93,-.53,;18.26,.24,;18.26,1.78,;19.8,1.83,;19.08,3.08,;16.93,2.55,;15.59,1.78,;16.93,-2.07,;18.26,-2.84,;18.26,-4.38,;16.93,-5.15,;16.93,-6.69,;15.59,-4.38,;15.59,-2.84,;11.59,-.53,;10.26,.24,)|",Ki, 0.052,nM,324911,,,False
CC1(C)CCC(CN2CCN(CC2)c2ccc(C(=O)NS(=O)(=O)c3cnc(OCC4(F)CCN(CC#N)CC4)c(Cl)c3)c(Oc3cnc4[nH]ccc4c3)c2)=C(C1)c1ccc(Cl)cc1,Ki, 0.052,nM,1179967,,,False
CC1(C)CCC(CN2CCN(CC2)c2ccc(C(=O)NS(=O)(=O)c3cnc(OCC4(F)CCN(CC#N)CC4)c(Cl)c3)c(Oc3cnc4[nH]ccc4c3)c2)=C(C1)c1ccc(Cl)cc1,Ki, 0.052,nM,1372987,,,False
CC1(C)CCC(CN2CCN(CC2)c2ccc(C(=O)NS(=O)(=O)c3cnc(OCC4(F)CCN(CC#N)CC4)c(Cl)c3)c(Oc3cnc4[nH]ccc4c3)c2)=C(C1)c1ccc(Cl)cc1 |c:59|,Ki, 0.052,nM,339798,,,False
CC1(C)CCC(CN2CCN(CC2)c2ccc(C(=O)NS(=O)(=O)c3cnc(O[C@@H]4CCN(C4)C(CF)CF)c(Cl)c3)c(Oc3cccc4[nH]ncc34)c2)=C(C1)c1ccc(Cl)cc1 |c:58|,Ki, 0.052,nM,325137,,,False
CN(C)CCOc1cccc(c1CN1CCN(CC1)c1ccc(C(=O)NS(=O)(=O)c2ccc(NCCCN3CCCC3)c(c2)[N+]([O-])=O)c(Oc2ccc3[nH]ccc3c2)c1)-c1ccc(Cl)cc1,Ki, 0.052,nM,324850,,,False
CC1(C)CCC(CN2CCN(CC2)c2ccc(C(=O)NS(=O)(=O)c3cnc(OCC4CCN(CC#N)CC4)c(Cl)c3)c(Oc3cnc4[nH]ccc4c3)c2)=C(C1)c1ccc(Cl)cc1 |c:58|,Ki, 0.052,nM,339794,,,False
CC1(C)CCC(CN2CCN(CC2)c2ccc(C(=O)NS(=O)(=O)c3cnc(OCC4(F)CCN(CC#N)CC4)c(Cl)c3)c(Oc3cnc4[nH]ccc4c3)c2)=C(C1)c1ccc(Cl)cc1,Ki, 0.052,nM,704848,,,False
CN1C(C)(C)CC(CC1(C)C)Nc1ccc(cc1[N+]([O-])=O)S(=O)(=O)NC(=O)c1ccc(cc1Oc1ccccc1Cl)N1CCN(CC2=C(CC(C)(C)CC2)c2ccc(Cl)cc2)CC1 |t:50|,Ki, 0.053,nM,281381,,,False
CC1(C)CCC(CN2CCN(CC2)c2ccc(C(=O)NS(=O)(=O)c3ccc(N4CCC(CC4)N4CCOCC4)c(c3)[N+]([O-])=O)c(Oc3cnc4[nH]ccc4c3)c2)=C(C1)c1ccc(Cl)cc1 |c:62|,Ki, 0.053,nM,339767,,,False
CC1(C)CCC(CN2CCN(CC2)c2ccc(C(=O)NS(=O)(=O)c3ccc(N4CCC(CC4)N4CCOCC4)c(c3)[N+]([O-])=O)c(Oc3cnc4[nH]ccc4c3)c2)=C(C1)c1ccc(Cl)cc1,Ki, 0.053,nM,704815,,,False
CN1CCN(CCCNc2ccc(cc2[N+]([O-])=O)S(=O)(=O)NC(=O)c2ccc(cc2Oc2cccc(Cl)c2)N2CCN(CC3=C(CC(C)(C)CC3)c3ccc(Cl)cc3)CC2)CC1 |t:46|,Ki, 0.053,nM,281475,,,False
CN1CCN(CCCNc2ccc(cc2[N+]([O-])=O)S(=O)(=O)NC(=O)c2ccc(cc2Oc2cccc(Cl)c2)N2CCN(CC3=C(CC(C)(C)CC3)c3ccc(Cl)cc3)CC2)CC1,Ki, 0.053,nM,387721,,,False
CN1C(C)(C)CC(CC1(C)C)Nc1ccc(cc1[N+]([O-])=O)S(=O)(=O)NC(=O)c1ccc(cc1Oc1ccccc1Cl)N1CCN(CC2=C(CC(C)(C)CC2)c2ccc(Cl)cc2)CC1,Ki, 0.053,nM,387627,,,False
CC1(C)CCC(CN2CCN(CC2)c2ccc(C(=O)NS(=O)(=O)c3ccc(N4CCC(CC4)N4CCOCC4)c(c3)[N+]([O-])=O)c(Oc3cnc4[nH]ccc4c3)c2)=C(C1)c1ccc(Cl)cc1,Ki, 0.053,nM,1372954,,,False
CC1(C)CCC(CN2CCN(CC2)c2ccc(C(=O)NS(=O)(=O)c3ccc(N4CCC(CC4)N4CCOCC4)c(c3)[N+]([O-])=O)c(Oc3cnc4[nH]ccc4c3)c2)=C(C1)c1ccc(Cl)cc1,Ki, 0.053,nM,1179901,,,False
CC1(C)CCC(CN2CCN(CC2)c2ccc(C(=O)NS(=O)(=O)c3ccc(NC4CCN(CC5CC5)CC4)c(c3)[N+]([O-])=O)c(Oc3cccc(Cl)c3)c2)=C(C1)c1ccc(Cl)cc1,Ki, 0.054,nM,387764,,,False
CC1(C)CC(=C(CN2CCN(CC2)c2ccc(C(=O)NS(=O)(=O)c3cnc(OCC4CCOCC4)c(c3)C#N)c(Oc3cc4cc[nH]c4cc3F)c2)CO1)c1ccc(Cl)cc1 |t:4|,Ki, 0.054,nM,281621,,,False
CC1(C)CC(=C(CN2CCN(CC2)c2ccc(C(=O)NS(=O)(=O)c3cnc(OCC4CCOCC4)c(c3)C#N)c(Oc3cc4cc[nH]c4cc3F)c2)CO1)c1ccc(Cl)cc1,Ki, 0.054,nM,387873,,,False
COCCOCCSc1ccc(cc1[N+]([O-])=O)S(=O)(=O)NC(=O)c1ccc(cc1Oc1cccc2[nH]ccc12)N1CCN(CC2=C(CC(C)(C)CC2)c2ccc(Cl)cc2)CC1 |t:48|,Ki, 0.054,nM,325084,,,False
CC1(C)CCC(CN2CCN(CC2)c2ccc(C(=O)NS(=O)(=O)c3ccc(NC4CCN(CC5CC5)CC4)c(c3)[N+]([O-])=O)c(Oc3cccc(Cl)c3)c2)=C(C1)c1ccc(Cl)cc1 |c:58|,Ki, 0.054,nM,281515,,,False
CC1(C)CCC(CN2CCN(CC2)c2ccc(C(=O)NS(=O)(=O)c3ccc(NC4CCN(CC4)C4CCCC4)c(c3)[N+]([O-])=O)c(Oc3cccc(F)c3F)c2)=C(C1)c1ccc(Cl)cc1,Ki, 0.055,nM,387711,,,False
CC1(C)CCC(CN2CCN(CC2)c2ccc(C(=O)NS(=O)(=O)c3ccc(NC4CCN(CC4)C4CCCC4)c(c3)[N+]([O-])=O)c(Oc3cccc(F)c3F)c2)=C(C1)c1ccc(Cl)cc1 |c:60|,Ki, 0.055,nM,281465,,,False
CC1(C)CCC(CN2CCN(CC2)c2ccc(C(=O)NS(=O)(=O)c3cnc(OCC4(F)CCOCC4)c(c3)C(F)(F)F)c(Oc3cccc4[nH]ncc34)c2)=C(C1)c1ccc(Cl)cc1 |c:59|,Ki, 0.055,nM,325113,,,False
CN1CCC(CC1)Nc1ccc(cc1[N+]([O-])=O)S(=O)(=O)NC(=O)c1ccc(cc1Oc1ccc(Cl)c(Cl)c1)N1CCN(CC2=C(CC(C)(C)CC2)c2ccc(Cl)cc2)CC1 |t:47|,Ki, 0.056,nM,281493,,,False
CN1CCC(CC1)Nc1ccc(cc1[N+]([O-])=O)S(=O)(=O)NC(=O)c1ccc(cc1Oc1ccc(Cl)c(Cl)c1)N1CCN(CC2=C(CC(C)(C)CC2)c2ccc(Cl)cc2)CC1,Ki, 0.056,nM,387741,,,False
CN(C)CCOc1cccc(c1CN1CCN(CC1)c1ccc(C(=O)NS(=O)(=O)c2ccc(NCC3CCOCC3)c(c2)[N+]([O-])=O)c(Oc2ccc3[nH]ccc3c2)c1)-c1ccc(Cl)cc1,Ki, 0.056,nM,324845,,,False
CN1CCC(CC1)Nc1ccc(cc1[N+]([O-])=O)S(=O)(=O)NC(=O)c1ccc(cc1Oc1cccc2[nH]ccc12)N1CCN(CC2=C(CC(C)(C)CC2)c2ccc(Cl)cc2)CC1 |t:49|,Ki, 0.056,nM,324824,,,False
CC1(C)CCC(CN2CCN(CC2)c2ccc(C(=O)NS(=O)(=O)c3cnc(NCC4(F)CCOCC4)c(Cl)c3)c(Oc3cnc4[nH]ccc4c3)c2)=C(C1)c1ccc(Cl)cc1,Ki, 0.057,nM,1179939,,,False
CN1CCC(CC1)Nc1ccc(cc1[N+]([O-])=O)S(=O)(=O)NC(=O)c1ccc(cc1Oc1cccc(F)c1F)N1CCN(CC2=C(CC(C)(C)OC2)c2ccc(Cl)cc2)CC1 |t:47|,Ki, 0.057,nM,281477,,,False
CN1CCC(CC1)Nc1ccc(cc1[N+]([O-])=O)S(=O)(=O)NC(=O)c1ccc(cc1Oc1cccc2[nH]ccc12)N1CCN(Cc2cc(OCCO)ccc2-c2ccc(Cl)cc2)CC1,Ki, 0.057,nM,324930,,,False
CC1(C)CCC(CN2CCN(CC2)c2ccc(C(=O)NS(=O)(=O)c3cnc(NCC4(F)CCOCC4)c(Cl)c3)c(Oc3cnc4[nH]ccc4c3)c2)=C(C1)c1ccc(Cl)cc1,Ki, 0.057,nM,704834,,,False
CC1(C)CCC(CN2CCN(CC2)c2ccc(C(=O)NS(=O)(=O)c3cnc(NCC4(F)CCOCC4)c(Cl)c3)c(Oc3cnc4[nH]ccc4c3)c2)=C(C1)c1ccc(Cl)cc1,Ki, 0.057,nM,1372973,,,False
CN(C)CCCc1c[nH]c2cccc(Oc3cc(ccc3C(=O)NS(=O)(=O)c3ccc(NCC4CCOCC4)c(c3)[N+]([O-])=O)N3CCN(CC4=C(CC(C)(C)CC4)c4ccc(Cl)cc4)CC3)c12 |t:52|,Ki, 0.057,nM,281662,,,False
CC1(C)CCC(CN2CCN(CC2)c2ccc(C(=O)NS(=O)(=O)c3cnc(NCC4(F)CCOCC4)c(Cl)c3)c(Oc3cnc4[nH]ccc4c3)c2)=C(C1)c1ccc(Cl)cc1 |c:56|,Ki, 0.057,nM,339784,,,False
CN1CCC(CC1)Nc1ccc(cc1[N+]([O-])=O)S(=O)(=O)NC(=O)c1ccc(cc1Oc1cccc(F)c1F)N1CCN(CC2=C(CC(C)(C)OC2)c2ccc(Cl)cc2)CC1,Ki, 0.057,nM,387723,,,False
CN(C)CCCc1c[nH]c2cccc(Oc3cc(ccc3C(=O)NS(=O)(=O)c3ccc(NCC4CCOCC4)c(c3)[N+]([O-])=O)N3CCN(CC4=C(CC(C)(C)CC4)c4ccc(Cl)cc4)CC3)c12,Ki, 0.057,nM,387914,,,False
CN(C)CCOc1cccc(c1CN1CCN(CC1)c1ccc(C(=O)NS(=O)(=O)c2ccc(NCC3CCOCC3)c(c2)[N+]([O-])=O)c(Oc2ccccc2)c1)-c1ccc(Cl)cc1,Ki, 0.058,nM,324838,,,False
CN1CCN(CC1)Nc1ccc(cc1[N+]([O-])=O)S(=O)(=O)NC(=O)c1ccc(cc1Oc1cc2cc[nH]c2cc1F)N1CCN(CC2=C(CC(C)(C)OC2)c2ccc(Cl)cc2)CC1 |t:50|,Ki, 0.058,nM,281639,,,False
CN1CCN(CC1)Nc1ccc(cc1[N+]([O-])=O)S(=O)(=O)NC(=O)c1ccc(cc1Oc1cc2cc[nH]c2cc1F)N1CCN(CC2=C(CC(C)(C)OC2)c2ccc(Cl)cc2)CC1,Ki, 0.058,nM,387891,,,False
CO[C@@H]1CC[C@H](COc2ncc(cc2Cl)S(=O)(=O)NC(=O)c2ccc(cc2Oc2cnc3[nH]ccc3c2)N2CCN(CC3=C(CC(C)(C)CC3)c3ccc(Cl)cc3)CC2)CC1,Ki, 0.058,nM,1179877,,,False
CO[C@@H]1CC[C@H](COc2ncc(cc2Cl)S(=O)(=O)NC(=O)c2ccc(cc2Oc2cnc3[nH]ccc3c2)N2CCN(CC3=C(CC(C)(C)CC3)c3ccc(Cl)cc3)CC2)CC1,Ki, 0.058,nM,704803,,,False
"COC1CCC(COc2ncc(cc2Cl)S(=O)(=O)NC(=O)c2ccc(cc2Oc2cnc3[nH]ccc3c2)N2CCN(CC3=C(CC(C)(C)CC3)c3ccc(Cl)cc3)CC2)CC1 |t:46,(14.3,.47,;12.96,-.3,;11.63,.47,;11.63,2.01,;10.3,2.78,;8.96,2.01,;7.63,2.78,;6.3,2.01,;4.96,2.78,;3.63,2.01,;2.29,2.78,;2.29,4.32,;3.63,5.09,;4.96,4.32,;6.3,5.09,;.96,5.09,;1.73,6.43,;.19,3.76,;-.37,5.86,;-1.71,5.09,;-3.04,5.86,;-1.71,3.55,;-.37,2.78,;-.37,1.24,;-1.71,.47,;-3.04,1.24,;-3.04,2.78,;-4.37,3.55,;-5.71,2.78,;-5.71,1.24,;-7.04,.47,;-8.37,1.24,;-9.84,.77,;-10.74,2.01,;-9.84,3.26,;-8.37,2.78,;-7.04,3.55,;-1.71,-1.07,;-.37,-1.84,;-.37,-3.38,;-1.71,-4.15,;-1.71,-5.69,;-3.04,-6.46,;-3.04,-8,;-4.37,-8.77,;-5.71,-8,;-6.52,-9.3,;-7.25,-8.05,;-5.71,-6.46,;-4.37,-5.69,;-1.71,-8.77,;-.37,-8,;.96,-8.77,;.96,-10.31,;2.29,-11.08,;-.37,-11.08,;-1.71,-10.31,;-3.04,-3.38,;-3.04,-1.84,;8.96,.47,;10.3,-.3,)|",Ki, 0.058,nM,339756,,,False
CO[C@@H]1CC[C@H](COc2ncc(cc2Cl)S(=O)(=O)NC(=O)c2ccc(cc2Oc2cnc3[nH]ccc3c2)N2CCN(CC3=C(CC(C)(C)CC3)c3ccc(Cl)cc3)CC2)CC1,Ki, 0.058,nM,1372942,,,False
COCC(C)(C)CNc1ccc(cc1[N+]([O-])=O)S(=O)(=O)NC(=O)c1ccc(cc1Oc1cnc2[nH]ccc2c1)N1CCN(CC2=C(CC(C)(C)CC2)c2ccc(Cl)cc2)CC1,Ki, 0.059,nM,704747,,,False
COCC(C)(C)CNc1ccc(cc1[N+]([O-])=O)S(=O)(=O)NC(=O)c1ccc(cc1Oc1cnc2[nH]ccc2c1)N1CCN(CC2=C(CC(C)(C)CC2)c2ccc(Cl)cc2)CC1,Ki, 0.059,nM,1372886,,,False
COCC(C)(C)CNc1ccc(cc1[N+]([O-])=O)S(=O)(=O)NC(=O)c1ccc(cc1Oc1cnc2[nH]ccc2c1)N1CCN(CC2=C(CC(C)(C)CC2)c2ccc(Cl)cc2)CC1 |t:48|,Ki, 0.059,nM,339704,,,False
COCC(C)(C)CNc1ccc(cc1[N+]([O-])=O)S(=O)(=O)NC(=O)c1ccc(cc1Oc1cnc2[nH]ccc2c1)N1CCN(CC2=C(CC(C)(C)CC2)c2ccc(Cl)cc2)CC1,Ki, 0.059,nM,1180141,,,False
CN1CCN(CCNc2ccc(cc2[N+]([O-])=O)S(=O)(=O)NC(=O)c2ccc(cc2Oc2ccc3[nH]ccc3c2)N2CCN(CC3=C(CC(C)(C)CC3)c3ccc(Cl)cc3)CC2)CC1 |t:48|,Ki, 0.06,nM,324816,,,False
CC1(C)C[C@H]2OCCCOC[C@@H]3CN(CCN3CC2=C(C1)c1ccc(Cl)cc1)c1ccc(C(=O)NS(=O)(=O)c2ccc(NC[C@H]3CC[C@@](C)(O)CC3)c(c2)[N+]([O-])=O)c(c1)N1CCCOc2nc3[nH]ccc3cc12,Ki, 0.061000,nM,51565557,,,False
CC%10(C)CC(c1ccc(Cl)cc1)=C9CN8CCN(c7ccc(C(=O)NS(=O)(=O)c3ccc(NC[C@@H]2CC[C@](C)(O)CC2)c([N+](=O)[O-])c3)c(N6CCCOc5nc4[nH]ccc4cc56)c7)C[C@H]8COCCCO[C@@H]9C%10,Ki, 0.061,nM,1406254,,,False
CC1(C)CC(c2ccc(Cl)cc2)=C2CN3CCN(c4ccc(C(=O)NS(=O)(=O)c5ccc(NCC6CCC(C)(O)CC6)c([N+](=O)[O-])c5)c(N5CCCOc6nc7[nH]ccc7cc65)c4)C[C@H]3COCCCO[C@@H]2C1,Ki, 0.061,nM,1498025,,,False
CN1CCC(CNc2ccc(cc2[N+]([O-])=O)S(=O)(=O)NC(=O)c2ccc(cc2Oc2cccc(Cl)c2)N2CCN(CC3=C(CC(C)(C)CC3)c3ccc(Cl)cc3)CC2)CC1,Ki, 0.062,nM,387732,,,False
CC1(C)CCC(CN2CCN(CC2)c2ccc(C(=O)NS(=O)(=O)c3ccc(NC4CCN(CC4)C4CCOCC4)c(c3)[N+]([O-])=O)c(Oc3cccc(F)c3F)c2)=C(C1)c1ccc(Cl)cc1 |c:61|,Ki, 0.062,nM,281382,,,False
CN1CCC(CC1)Nc1ccc(cc1[N+]([O-])=O)S(=O)(=O)NC(=O)c1ccc(cc1Oc1cc(F)c2[nH]ccc2c1)N1CCN(CC2=C(CC(C)(C)CC2)c2ccc(Cl)cc2)CC1 |t:50|,Ki, 0.062,nM,281383,,,False
CC1(C)CCC(CN2CCN(CC2)c2ccc(C(=O)NS(=O)(=O)c3cnc(OCC4(F)CCOCC4)c(c3)C#N)c(Oc3ccc4[nH]ccc4c3)c2)=C(C1)c1ccc(Cl)cc1 |c:57|,Ki, 0.062,nM,325088,,,False
CC1(C)CCC(CN2CCN(CC2)c2ccc(C(=O)NS(=O)(=O)c3ccc(NC4CCN(CC4)C4CC4)c(c3)[N+]([O-])=O)c(Oc3cnc(N)c(Cl)c3)c2)=C(C1)c1ccc(Cl)cc1 |c:58|,Ki, 0.062,nM,281681,,,False
CN1CCC(CC1)Nc1ccc(cc1[N+]([O-])=O)S(=O)(=O)NC(=O)c1ccc(cc1Oc1cc(F)c2[nH]ccc2c1)N1CCN(CC2=C(CC(C)(C)CC2)c2ccc(Cl)cc2)CC1,Ki, 0.062,nM,387629,,,False
CC1(C)CCC(CN2CCN(CC2)c2ccc(C(=O)NS(=O)(=O)c3ccc(NC4CCN(CC4)C4CC4)c(c3)[N+]([O-])=O)c(Oc3cnc(N)c(Cl)c3)c2)=C(C1)c1ccc(Cl)cc1,Ki, 0.062,nM,387933,,,False
CC1(C)CCC(CN2CCN(CC2)c2ccc(C(=O)NS(=O)(=O)c3ccc(NC4CCN(CC4)C4CCOCC4)c(c3)[N+]([O-])=O)c(Oc3cccc(F)c3F)c2)=C(C1)c1ccc(Cl)cc1,Ki, 0.062,nM,387628,,,False
CN1CCC(CNc2ccc(cc2[N+]([O-])=O)S(=O)(=O)NC(=O)c2ccc(cc2Oc2cccc(Cl)c2)N2CCN(CC3=C(CC(C)(C)CC3)c3ccc(Cl)cc3)CC2)CC1 |t:44|,Ki, 0.062,nM,281485,,,False
CC1(C)CCC(CN2CCN(CC2)c2ccc(C(=O)NS(=O)(=O)c3cnc(OCCN4CCOCC4)c(c3)C#N)c(Oc3cnc4[nH]ccc4c3)c2)=C(C1)c1ccc(Cl)cc1,Ki, 0.063,nM,1372788,,,False
CC1(C)CCC(CN2CCN(CC2)c2ccc(C(=O)NS(=O)(=O)c3cnc(OCCN4CCOCC4)c(c3)C#N)c(Oc3cnc4[nH]ccc4c3)c2)=C(C1)c1ccc(Cl)cc1,Ki, 0.063,nM,704649,,,False
CC1(C)CCC(CN2CCN(CC2)c2ccc(C(=O)NS(=O)(=O)c3cnc(OCC4CCOC4)c(Cl)c3)c(Oc3cccc4[nH]ncc34)c2)=C(C1)c1ccc(Cl)cc1 |c:54|,Ki, 0.063,nM,325123,,,False
CC1(C)CCC(CN2CCN(CC2)c2ccc(C(=O)NS(=O)(=O)c3cnc(OCCN4CCOCC4)c(c3)C#N)c(Oc3cnc4[nH]ccc4c3)c2)=C(C1)c1ccc(Cl)cc1,Ki, 0.063,nM,1179946,,,False
CC1(C)CCC(CN2CCN(CC2)c2ccc(C(=O)NS(=O)(=O)c3cnc(OCCN4CCOCC4)c(c3)C#N)c(Oc3cnc4[nH]ccc4c3)c2)=C(C1)c1ccc(Cl)cc1 |c:57|,Ki, 0.063,nM,339608,,,False
CC1(C)CCC(CN2CCN(CC2)c2ccc(C(=O)NS(=O)(=O)c3ccc(NCCCN4CCOCC4)c(c3)[N+]([O-])=O)c(Oc3cccc(Cl)c3)c2)=C(C1)c1ccc(Cl)cc1 |c:56|,Ki, 0.064,nM,281460,,,False
CC1(C)CCC(CN2CCN(CC2)c2ccc(C(=O)NS(=O)(=O)c3ccc(NC4CCN(CC4)C4CCOCC4)c(c3)[N+]([O-])=O)c(Oc3cc4cc[nH]c4cc3F)c2)=C(C1)c1ccc(Cl)cc1 |c:64|,Ki, 0.064,nM,281521,,,False
CC1(C)CCC(CN2CCN(CC2)c2ccc(C(=O)NS(=O)(=O)c3ccc(NCCCN4CCOCC4)c(c3)[N+]([O-])=O)c(Oc3cccc(Cl)c3)c2)=C(C1)c1ccc(Cl)cc1,Ki, 0.064,nM,387706,,,False
CC1(C)CCC(CN2CCN(CC2)c2ccc(C(=O)NS(=O)(=O)c3ccc(NC4CCN(CC4)C4CCOCC4)c(c3)[N+]([O-])=O)c(Oc3cc4cc[nH]c4cc3F)c2)=C(C1)c1ccc(Cl)cc1,Ki, 0.064,nM,387770,,,False
CC1(C)CCC(CN2CCN(CC2)c2ccc(C(=O)NS(=O)(=O)c3ccc(NCC4CCOCC4)c(c3)[N+]([O-])=O)c(Oc3cccc(Cl)c3)c2)=C(C1)c1ccc(Cl)cc1 |c:54|,Ki, 0.065,nM,281571,,,False
CC1(C)CCC(CN2CCN(CC2)c2ccc(C(=O)NS(=O)(=O)c3ccc(NCC4CCOCC4)c(c3)[N+]([O-])=O)c(Oc3cccc(Cl)c3)c2)=C(C1)c1ccc(Cl)cc1,Ki, 0.065,nM,387821,,,False
CN1CCC(CC1)Nc1ccc(cc1[N+]([O-])=O)S(=O)(=O)NC(=O)c1ccc(cc1Oc1cccc(O)c1Cl)N1CCN(CC2=C(CC(C)(C)CC2)c2ccc(Cl)cc2)CC1,Ki, 0.066,nM,387748,,,False
CN1CCC(CC1)Nc1ccc(cc1S(=O)(=O)C(F)(F)F)S(=O)(=O)NC(=O)c1ccc(cc1Oc1cccc(Cl)c1)N1CCN(CC2=C(CC(C)(C)CC2)c2ccc(Cl)cc2)CC1 |t:50|,Ki, 0.066,nM,281463,,,False
CN1CCC(CC1)Nc1ccc(cc1S(=O)(=O)C(F)(F)F)S(=O)(=O)NC(=O)c1ccc(cc1Oc1cccc(Cl)c1)N1CCN(CC2=C(CC(C)(C)CC2)c2ccc(Cl)cc2)CC1,Ki, 0.066,nM,387709,,,False
CC1(C)CCC(CN2CCN(CC2)c2ccc(C(=O)NS(=O)(=O)c3ccc(NCCCN4CCOCC4)c(c3)[N+]([O-])=O)c(Oc3cccc(F)c3F)c2)=C(C1)c1ccc(Cl)cc1,Ki, 0.066,nM,387630,,,False
CC1(C)CCC(CN2CCN(CC2)c2ccc(C(=O)NS(=O)(=O)c3ccc(NCCCN4CCOCC4)c(c3)[N+]([O-])=O)c(Oc3cccc(F)c3F)c2)=C(C1)c1ccc(Cl)cc1 |c:57|,Ki, 0.066,nM,281384,,,False
CN1CCC(CC1)Nc1ccc(cc1[N+]([O-])=O)S(=O)(=O)NC(=O)c1ccc(cc1Oc1cccc(O)c1Cl)N1CCN(CC2=C(CC(C)(C)CC2)c2ccc(Cl)cc2)CC1 |t:47|,Ki, 0.066,nM,281499,,,False
CC1(C)CCC(CN2CCN(CC2)c2ccc(C(=O)NS(=O)(=O)c3ccc(NC4CCN(CC4)C4CCCC4)c(c3)[N+]([O-])=O)c(Oc3cccc(Cl)c3)c2)=C(C1)c1ccc(Cl)cc1 |c:59|,Ki, 0.067,nM,281462,,,False
CC1(C)CCC(CN2CCN(CC2)c2ccc(C(=O)NS(=O)(=O)c3ccc(NC4CCN(CC4)C4CCCC4)c(c3)[N+]([O-])=O)c(Oc3cccc(Cl)c3)c2)=C(C1)c1ccc(Cl)cc1,Ki, 0.067,nM,387708,,,False
CC1(C)CCC(CN2CCN(CC2)c2ccc(C(=O)NS(=O)(=O)c3ccc(NCCN4CCOCC4)c(c3)[N+]([O-])=O)c(Oc3cccc(F)c3F)c2)=C(C1)c1ccc(Cl)cc1,Ki, 0.068,nM,387713,,,False
CC1(C)CCC(CN2CCN(CC2)c2ccc(C(=O)NS(=O)(=O)c3ccc(N[C@H]4CCN(CC(F)F)C4)c(c3)[N+]([O-])=O)c(Oc3cnc4[nH]ccc4c3)c2)=C(C1)c1ccc(Cl)cc1,Ki, 0.068,nM,1372913,,,False
CC1(C)CCC(CN2CCN(CC2)c2ccc(C(=O)NS(=O)(=O)c3ccc(N[C@H]4CCN(CC(F)F)C4)c(c3)[N+]([O-])=O)c(Oc3cnc4[nH]ccc4c3)c2)=C(C1)c1ccc(Cl)cc1,Ki, 0.068,nM,704774,,,False
CC1(C)CCC(CN2CCN(CC2)c2ccc(C(=O)NS(=O)(=O)c3ccc(OCC4CCOCC4)c(c3)[N+]([O-])=O)c(Oc3cc4cc[nH]c4cc3F)c2)=C(C1)c1ccc(Cl)cc1 |c:58|,Ki, 0.068,nM,281588,,,False
CC1(C)CCC(CN2CCN(CC2)c2ccc(C(=O)NS(=O)(=O)c3ccc(N[C@H]4CCN(CC(F)F)C4)c(c3)[N+]([O-])=O)c(Oc3cnc4[nH]ccc4c3)c2)=C(C1)c1ccc(Cl)cc1,Ki, 0.068,nM,1180193,,,False
CC1(C)CCC(CN2CCN(CC2)c2ccc(C(=O)NS(=O)(=O)c3ccc(NCCN4CCOCC4)c(c3)[N+]([O-])=O)c(Oc3ccccc3F)c2)=C(C1)c1ccc(Cl)cc1 |c:55|,Ki, 0.068,nM,281458,,,False
CC1(C)CCC(CN2CCN(CC2)c2ccc(C(=O)NS(=O)(=O)c3ccc(N[C@H]4CCN(CC(F)F)C4)c(c3)[N+]([O-])=O)c(Oc3cnc4[nH]ccc4c3)c2)=C(C1)c1ccc(Cl)cc1 |c:59|,Ki, 0.068,nM,339731,,,False
CN(C)CCCNc1ccc(cc1[N+]([O-])=O)S(=O)(=O)NC(=O)c1ccc(cc1Oc1cccc2[nH]ccc12)N1CCN(CC2=C(CC(C)(C)CC2)c2ccc(Cl)cc2)CC1 |t:47|,Ki, 0.068,nM,324786,,,False
CCN1CCOCC1COc1ccc(cc1[N+]([O-])=O)S(=O)(=O)NC(=O)c1ccc(cc1Oc1cc2cc[nH]c2cc1F)N1CCN(CC2=C(CC(C)(C)CC2)c2ccc(Cl)cc2)CC1 |t:52|,Ki, 0.068,nM,281651,,,False
CC1(C)CCC(CN2CCN(CC2)c2ccc(C(=O)NS(=O)(=O)c3ccc(OCC4CCOCC4)c(c3)[N+]([O-])=O)c(Oc3cc4cc[nH]c4cc3F)c2)=C(C1)c1ccc(Cl)cc1,Ki, 0.068,nM,387839,,,False
CCN1CCOCC1COc1ccc(cc1[N+]([O-])=O)S(=O)(=O)NC(=O)c1ccc(cc1Oc1cc2cc[nH]c2cc1F)N1CCN(CC2=C(CC(C)(C)CC2)c2ccc(Cl)cc2)CC1,Ki, 0.068,nM,387903,,,False
CC1(C)CCC(CN2CCN(CC2)c2ccc(C(=O)NS(=O)(=O)c3ccc(NCCN4CCOCC4)c(c3)[N+]([O-])=O)c(Oc3ccccc3F)c2)=C(C1)c1ccc(Cl)cc1,Ki, 0.068,nM,387704,,,False
CC1(C)CCC(CN2CCN(CC2)c2ccc(C(=O)NS(=O)(=O)c3ccc(NCCN4CCOCC4)c(c3)[N+]([O-])=O)c(Oc3cccc(F)c3F)c2)=C(C1)c1ccc(Cl)cc1 |c:56|,Ki, 0.068,nM,281467,,,False
CC1(C)CCC(CN2CCN(CC2)c2ccc(C(=O)NS(=O)(=O)c3ccc(NCC4CCOCC4)c(c3)[N+]([O-])=O)c(Oc3cc4cc[nH]c4c(F)c3F)c2)=C(C1)c1ccc(Cl)cc1 |c:59|,Ki, 0.069,nM,281568,,,False
CC1(C)CCC(CN2CCN(CC2)c2ccc(C(=O)NS(=O)(=O)c3ccc(OCC4(F)CCOCC4)c(Cl)c3)c(Oc3cnc(N)c(Cl)c3)c2)=C(C1)c1ccc(Cl)cc1 |c:54|,Ki, 0.069,nM,281727,,,False
CN1CCC(CNc2ccc(cc2[N+]([O-])=O)S(=O)(=O)NC(=O)c2ccc(cc2Oc2ccccc2)N2CCN(Cc3ccccc3-c3ccc(Cl)cc3)CC2)CC1,Ki, 0.069,nM,324809,,,False
CC1(C)CCC(CN2CCN(CC2)c2ccc(C(=O)NS(=O)(=O)c3ccc(OCC4(F)CCOCC4)c(Cl)c3)c(Oc3cnc(N)c(Cl)c3)c2)=C(C1)c1ccc(Cl)cc1,Ki, 0.069,nM,387979,,,False
CC1(C)CCC(CN2CCN(CC2)c2ccc(C(=O)NS(=O)(=O)c3ccc(NCC4CCOCC4)c(c3)[N+]([O-])=O)c(Oc3cc4cc[nH]c4c(F)c3F)c2)=C(C1)c1ccc(Cl)cc1,Ki, 0.069,nM,387818,,,False
CN(C)CCCOc1ccc(cc1[N+]([O-])=O)S(=O)(=O)NC(=O)c1ccc(cc1Oc1ccccc1)N1CCN(Cc2ccccc2-c2ccc(Cl)cc2)CC1,Ki, 0.07,nM,324815,,,False
CN1CCC(CC1)Nc1ccc(cc1[N+]([O-])=O)S(=O)(=O)NC(=O)c1ccc(cc1Oc1cccc(Cl)c1)N1CCN(CC2=C(CC(C)(C)CC2)c2ccc(Cl)cc2)CC1,Ki, 0.07,nM,387615,,,False
CN1CCC(CC1)Nc1ccc(cc1[N+]([O-])=O)S(=O)(=O)NC(=O)c1ccc(cc1Oc1cccc(Cl)c1)N1CCN(CC2=C(CC(C)(C)CC2)c2ccc(Cl)cc2)CC1 |t:46|,Ki, 0.07,nM,281369,,,False
CC1(C)CCC(CN2CCN(CC2)c2ccc(C(=O)NS(=O)(=O)c3cnc(O[C@@H]4CCN(CC(F)F)C4)c(Cl)c3)c(Oc3cccc4[nH]ncc34)c2)=C(C1)c1ccc(Cl)cc1 |c:57|,Ki, 0.071,nM,325125,,,False
CC1(C)CCC(CN2CCN(CC2)c2ccc(C(=O)NS(=O)(=O)c3ccc(NC4CCN(CC5CC5)CC4)c(c3)[N+]([O-])=O)c(Oc3cc4cc[nH]c4cc3F)c2)=C(C1)c1ccc(Cl)cc1,Ki, 0.071,nM,387811,,,False
CN(C)CCCNc1ccc(cc1[N+]([O-])=O)S(=O)(=O)NC(=O)c1ccc(cc1Oc1cccc(Cl)c1)N1CCN(CC2=C(CC(C)(C)CC2)c2ccc(Cl)cc2)CC1 |t:44|,Ki, 0.071,nM,281474,,,False
CC1(C)CCC(CN2CCN(CC2)c2ccc(C(=O)NS(=O)(=O)c3cnc(OC[C@@H]4CCN(C4)C(CF)CF)c(Cl)c3)c(Oc3cnc4[nH]ccc4c3)c2)=C(C1)c1ccc(Cl)cc1,Ki, 0.071,nM,1373010,,,False
CC1(C)CCC(CN2CCN(CC2)c2ccc(C(=O)NS(=O)(=O)c3cnc(OC[C@@H]4CCN(C4)C(CF)CF)c(Cl)c3)c(Oc3cnc4[nH]ccc4c3)c2)=C(C1)c1ccc(Cl)cc1 |c:59|,Ki, 0.071,nM,339821,,,False
CC1(C)CCC(CN2CCN(CC2)c2ccc(C(=O)NS(=O)(=O)c3ccc(NC4CCN(CC(F)(F)F)CC4)c(c3)[N+]([O-])=O)c(Oc3cnc4[nH]ccc4c3)c2)=C(C1)c1ccc(Cl)cc1,Ki, 0.071,nM,704675,,,False
CC1(C)CCC(CN2CCN(CC2)c2ccc(C(=O)NS(=O)(=O)c3ccc(NC4CCN(CC(F)(F)F)CC4)c(c3)[N+]([O-])=O)c(Oc3cnc4[nH]ccc4c3)c2)=C(C1)c1ccc(Cl)cc1,Ki, 0.071,nM,1179998,,,False
CC1(C)CCC(CN2CCN(CC2)c2ccc(C(=O)NS(=O)(=O)c3cnc(OC[C@@H]4CCN(C4)C(CF)CF)c(Cl)c3)c(Oc3cnc4[nH]ccc4c3)c2)=C(C1)c1ccc(Cl)cc1,Ki, 0.071,nM,704871,,,False
CN(C)CCCNc1ccc(cc1[N+]([O-])=O)S(=O)(=O)NC(=O)c1ccc(cc1Oc1cccc(Cl)c1)N1CCN(CC2=C(CC(C)(C)CC2)c2ccc(Cl)cc2)CC1,Ki, 0.071,nM,387720,,,False
CC1(C)CCC(CN2CCN(CC2)c2ccc(C(=O)NS(=O)(=O)c3ccc(NC4CCN(CC(F)(F)F)CC4)c(c3)[N+]([O-])=O)c(Oc3cnc4[nH]ccc4c3)c2)=C(C1)c1ccc(Cl)cc1 |c:61|,Ki, 0.071,nM,312114,,,False
CN(C)C(=O)c1ccccc1Oc1cc(ccc1C(=O)NS(=O)(=O)c1ccc(NCC2CCOCC2)c(c1)[N+]([O-])=O)N1CCN(Cc2ccccc2-c2ccc(Cl)cc2)CC1,Ki, 0.071,nM,281363,,,False
CC1(C)CCC(CN2CCN(CC2)c2ccc(C(=O)NS(=O)(=O)c3ccc(NC4CCN(CC(F)(F)F)CC4)c(c3)[N+]([O-])=O)c(Oc3cnc4[nH]ccc4c3)c2)=C(C1)c1ccc(Cl)cc1,Ki, 0.071,nM,1372814,,,False
CN(C)C(=O)c1ccccc1Oc1cc(ccc1C(=O)NS(=O)(=O)c1ccc(NCC2CCOCC2)c(c1)[N+]([O-])=O)N1CCN(Cc2ccccc2-c2ccc(Cl)cc2)CC1,Ki, 0.071,nM,387609,,,False
CC1(C)CCC(CN2CCN(CC2)c2ccc(C(=O)NS(=O)(=O)c3ccc(NC4CCN(CC5CC5)CC4)c(c3)[N+]([O-])=O)c(Oc3cc4cc[nH]c4cc3F)c2)=C(C1)c1ccc(Cl)cc1 |c:62|,Ki, 0.071,nM,281561,,,False
CC1(C)CCC(CN2CCN(CC2)c2ccc(C(=O)NS(=O)(=O)c3cnc(OC[C@@H]4CCN(C4)C(CF)CF)c(Cl)c3)c(Oc3cnc4[nH]ccc4c3)c2)=C(C1)c1ccc(Cl)cc1,Ki, 0.071,nM,1180013,,,False
CC1(C)CCC(CN2CCN(CC2)c2ccc(C(=O)NS(=O)(=O)c3ccc(NCCCN4CCOCC4)c(c3)[N+]([O-])=O)c(Oc3ccc(N)c(Cl)c3)c2)=C(C1)c1ccc(Cl)cc1,Ki, 0.072,nM,387631,,,False
CC1(C)CCC(CN2CCN(CC2)c2ccc(C(=O)NS(=O)(=O)c3ccc(NC4CCN(CC4)C4CCCC4)c(c3)[N+]([O-])=O)c(Oc3ccccc3Cl)c2)=C(C1)c1ccc(Cl)cc1,Ki, 0.072,nM,387695,,,False
CC1(C)CCC(CN2CCN(CC2)c2ccc(C(=O)NS(=O)(=O)c3ccc(NCCCN4CCOCC4)c(c3)[N+]([O-])=O)c(Oc3ccc(N)c(Cl)c3)c2)=C(C1)c1ccc(Cl)cc1 |c:57|,Ki, 0.072,nM,281385,,,False
CC1(C)CCC(CN2CCN(CC2)c2ccc(C(=O)NS(=O)(=O)c3ccc(NC4CCN(CC4)C4CCCC4)c(c3)[N+]([O-])=O)c(Oc3ccccc3Cl)c2)=C(C1)c1ccc(Cl)cc1 |c:59|,Ki, 0.072,nM,281449,,,False
CC1(C)CCC(CN2CCN(CC2)c2ccc(C(=O)NS(=O)(=O)c3ccc(NC4CCN(CC5CC5)CC4)c(c3)[N+]([O-])=O)c(Oc3ccccc3Cl)c2)=C(C1)c1ccc(Cl)cc1,Ki, 0.073,nM,387765,,,False
CC1(C)CCC(CN2CCN(CC2)c2ccc(C(=O)NS(=O)(=O)c3ccc(NC4CCN(CC4)C4CCOCC4)c(c3)[N+]([O-])=O)c(Oc3ccc4[nH]ccc4c3)c2)=C(C1)c1ccc(Cl)cc1,Ki, 0.073,nM,1372820,,,False
CC1(C)CCC(CN2CCN(CC2)c2ccc(C(=O)NS(=O)(=O)c3ccc(NC4CCN(CC4)C4CCOCC4)c(c3)[N+]([O-])=O)c(Oc3ccc4[nH]ccc4c3)c2)=C(C1)c1ccc(Cl)cc1,Ki, 0.073,nM,704681,,,False
CC1(C)CCC(CN2CCN(CC2)c2ccc(C(=O)NS(=O)(=O)c3ccc(NC4CCN(CC4)C4CCOCC4)c(c3)[N+]([O-])=O)c(Oc3ccc4[nH]ccc4c3)c2)=C(C1)c1ccc(Cl)cc1 |c:63|,Ki, 0.073,nM,339638,,,False
CC1(C)CCC(CN2CCN(CC2)c2ccc(C(=O)NS(=O)(=O)c3ccc(NC4CCN(CCO)CC4)c(c3)[N+]([O-])=O)c(Oc3cccc4[nH]ccc34)c2)=C(C1)c1ccc(Cl)cc1 |c:59|,Ki, 0.073,nM,324903,,,False
CC1(C)CCC(CN2CCN(CC2)c2ccc(C(=O)NS(=O)(=O)c3ccc(NC4CCN(CC4)C4CCOCC4)c(c3)[N+]([O-])=O)c(Oc3ccc4[nH]ccc4c3)c2)=C(C1)c1ccc(Cl)cc1,Ki, 0.073,nM,1180010,,,False
CC1(C)CCC(CN2CCN(CC2)c2ccc(C(=O)NS(=O)(=O)c3ccc(NC4CCN(CC5CC5)CC4)c(c3)[N+]([O-])=O)c(Oc3ccccc3Cl)c2)=C(C1)c1ccc(Cl)cc1 |c:58|,Ki, 0.073,nM,281516,,,False
CN1CCC(CC1)Nc1ccc(cc1[N+]([O-])=O)S(=O)(=O)NC(=O)c1ccc(cc1Oc1ccc(O)cc1Cl)N1CCN(CC2=C(CC(C)(C)CC2)c2ccc(Cl)cc2)CC1,Ki, 0.074,nM,387783,,,False
CC1(C)CCC(CN2CCN(CC2)c2ccc(C(=O)NS(=O)(=O)c3cnc(OCC4COCCO4)c(c3)C#N)c(Oc3cnc4[nH]ccc4c3)c2)=C(C1)c1ccc(Cl)cc1 |c:56|,Ki, 0.074,nM,339600,,,False
CC1(C)CCC(CN2CCN(CC2)c2ccc(C(=O)NS(=O)(=O)c3cnc(OCC4COCCO4)c(c3)C#N)c(Oc3cnc4[nH]ccc4c3)c2)=C(C1)c1ccc(Cl)cc1,Ki, 0.074,nM,1179930,,,False
CC1(C)CCC(CN2CCN(CC2)c2ccc(C(=O)NS(=O)(=O)c3cnc(OCC4COCCO4)c(c3)C#N)c(Oc3cnc4[nH]ccc4c3)c2)=C(C1)c1ccc(Cl)cc1,Ki, 0.074,nM,1372780,,,False
CN1CCC(CC1)Nc1ccc(cc1[N+]([O-])=O)S(=O)(=O)NC(=O)c1ccc(cc1Oc1ccc(O)cc1Cl)N1CCN(CC2=C(CC(C)(C)CC2)c2ccc(Cl)cc2)CC1 |t:47|,Ki, 0.074,nM,281534,,,False
CC1(C)CCC(CN2CCN(CC2)c2ccc(C(=O)NS(=O)(=O)c3cnc(OCC4COCCO4)c(c3)C#N)c(Oc3cnc4[nH]ccc4c3)c2)=C(C1)c1ccc(Cl)cc1,Ki, 0.074,nM,704641,,,False
CCN(CC)C1CCC(CC1)Nc1ccc(cc1[N+]([O-])=O)S(=O)(=O)NC(=O)c1ccc(cc1Oc1cccc(Cl)c1)N1CCN(CC2=C(CC(C)(C)CC2)c2ccc(Cl)cc2)CC1,Ki, 0.075,nM,387780,,,False
CC1(C)CCC(CN2CCN(CC2)c2ccc(C(=O)NS(=O)(=O)c3ccc(NCCCN4CCOCC4)c(c3)[N+]([O-])=O)c(Oc3ccccc3F)c2)=C(C1)c1ccc(Cl)cc1,Ki, 0.075,nM,387703,,,False
CC1(C)CCC(CN2CCN(CC2)c2ccc(C(=O)NS(=O)(=O)c3ccc(NCCCN4CCOCC4)c(c3)[N+]([O-])=O)c(Oc3ccccc3F)c2)=C(C1)c1ccc(Cl)cc1 |c:56|,Ki, 0.075,nM,281457,,,False
"CCN(CC)C1CCC(CC1)Nc1ccc(cc1[N+]([O-])=O)S(=O)(=O)NC(=O)c1ccc(cc1Oc1cccc(Cl)c1)N1CCN(CC2=C(CC(C)(C)CC2)c2ccc(Cl)cc2)CC1 |t:50,(10.67,10.78,;9.34,10.01,;8,10.78,;8,12.32,;6.67,13.09,;6.67,10.01,;5.33,10.78,;4,10.01,;4,8.47,;5.33,7.7,;6.67,8.47,;2.67,7.7,;2.67,6.16,;4,5.39,;4,3.85,;2.67,3.08,;1.33,3.85,;1.33,5.39,;,6.16,;,7.7,;-1.33,5.39,;2.67,1.54,;1.13,1.54,;4.21,1.54,;2.67,,;4,-.77,;5.33,,;4,-2.31,;2.67,-3.08,;2.67,-4.62,;4,-5.39,;5.33,-4.62,;5.33,-3.08,;6.67,-2.31,;8,-3.08,;8,-4.62,;9.34,-5.39,;10.67,-4.62,;10.67,-3.08,;12,-2.31,;9.34,-2.31,;4,-6.93,;5.33,-7.7,;5.33,-9.24,;4,-10.01,;4,-11.55,;2.67,-12.32,;2.67,-13.86,;1.33,-14.63,;,-13.86,;-.82,-15.17,;-1.54,-13.91,;,-12.32,;1.33,-11.55,;4,-14.63,;5.33,-13.86,;6.67,-14.63,;6.67,-16.17,;8,-16.94,;5.33,-16.94,;4,-16.17,;2.67,-9.24,;2.67,-7.7,)|",Ki, 0.075,nM,281531,,,False
CC1(C)CCC(CN2CCN(CC2)c2ccc(C(=O)NS(=O)(=O)c3ccc(NCCN4CCNC(=O)C4)c(c3)[N+]([O-])=O)c(Oc3ccc4[nH]ccc4c3)c2)=C(C1)c1ccc(Cl)cc1 |c:59|,Ki, 0.076,nM,324980,,,False
CC1(C)CCC(CN2CCN(CC2)c2ccc(C(=O)NS(=O)(=O)c3ccc(NC4CCC5(CC4)OCCO5)c(c3)[N+]([O-])=O)c(Oc3cnc4[nH]ccc4c3)c2)=C(C1)c1ccc(Cl)cc1,Ki, 0.076,nM,704770,,,False
CC1(C)CCC(CN2CCN(CC2)c2ccc(C(=O)NS(=O)(=O)c3ccc(NC4CCC5(CC4)OCCO5)c(c3)[N+]([O-])=O)c(Oc3cnc4[nH]ccc4c3)c2)=C(C1)c1ccc(Cl)cc1,Ki, 0.076,nM,1180186,,,False
CN1CC(CC1=O)Nc1ccc(cc1[N+]([O-])=O)S(=O)(=O)NC(=O)c1ccc(cc1Oc1ccc2[nH]ccc2c1)N1CCN(CC2=C(CC(C)(C)CC2)c2ccc(Cl)cc2)CC1 |t:49|,Ki, 0.076,nM,324988,,,False
CC1(C)CCC(CN2CCN(CC2)c2ccc(C(=O)NS(=O)(=O)c3ccc(NC4CCC5(CC4)OCCO5)c(c3)[N+]([O-])=O)c(Oc3cnc4[nH]ccc4c3)c2)=C(C1)c1ccc(Cl)cc1,Ki, 0.076,nM,1372909,,,False
CC1(C)CCC(CN2CCN(CC2)c2ccc(C(=O)NS(=O)(=O)c3ccc(NC4CCC5(CC4)OCCO5)c(c3)[N+]([O-])=O)c(Oc3cnc4[nH]ccc4c3)c2)=C(C1)c1ccc(Cl)cc1 |c:61|,Ki, 0.076,nM,339727,,,False
CC1(C)CCC(CN2CCN(CC2)c2ccc(C(=O)NS(=O)(=O)c3ccc(OCC4CCOC(C)(C)C4)c(c3)[N+]([O-])=O)c(Oc3ccc4[nH]ccc4c3)c2)=C(C1)c1ccc(Cl)cc1 |c:59|,Ki, 0.076,nM,325087,,,False
CC1(C)CCC(CN2CCN(CC2)c2ccc(C(=O)NS(=O)(=O)c3ccc(OCC4(F)CCOCC4)c(c3)[N+]([O-])=O)c(Oc3cccc4[nH]ccc34)c2)=C(C1)c1ccc(Cl)cc1 |c:58|,Ki, 0.077,nM,325012,,,False
CC1(C)CCC(CN2CCN(CC2)c2ccc(C(=O)NS(=O)(=O)c3ccc(NC4CCN(CCN5CCOCC5)CC4)c(c3)[N+]([O-])=O)c(Oc3cccc(Cl)c3)c2)=C(C1)c1ccc(Cl)cc1,Ki, 0.077,nM,387767,,,False
CC1(C)CCC(CN2CCN(CC2)c2ccc(C(=O)NS(=O)(=O)c3ccc(NCC4CCOCC4)c(c3)[N+]([O-])=O)c(Oc3cc(N)ncc3Br)c2)=C(C1)c1ccc(Cl)cc1 |c:55|,Ki, 0.077,nM,281718,,,False
CC(N1CCN(CC1)c1ccc(C(=O)NS(=O)(=O)c2ccc(NCC3CCOCC3)c(c2)[N+]([O-])=O)c(Oc2ccc3[nH]ccc3c2)c1)c1ccccc1-c1ccc(Cl)cc1,Ki, 0.077,nM,324960,,,False
[O-][N+](=O)c1cc(ccc1NCC1CCOCC1)S(=O)(=O)NC(=O)c1ccc(cc1Oc1cccc(Cl)c1)N1CCN(Cc2cc(CCN3CCCC3)ccc2-c2ccc(Cl)cc2)CC1,Ki, 0.077,nM,387632,,,False
CC1(C)CCC(CN2CCN(CC2)c2ccc(C(=O)NS(=O)(=O)c3ccc(NCC4CCOCC4)c(c3)[N+]([O-])=O)c(Oc3cc(N)ncc3Br)c2)=C(C1)c1ccc(Cl)cc1,Ki, 0.077,nM,387970,,,False
"CC1(C)CC(=C(CN2CCN(CC2)c2ccc(C(=O)NS(=O)(=O)c3ccc(NC4CCC(CC4)N4CCOCC4)c(c3)[N+]([O-])=O)c(Oc3cc4cc[nH]c4cc3F)c2)CO1)c1ccc(Cl)cc1 |t:4,(5.44,-12.62,;6.26,-11.31,;4.72,-11.37,;7.59,-12.08,;8.92,-11.31,;8.92,-9.77,;10.26,-9,;10.26,-7.46,;11.59,-6.69,;11.59,-5.15,;10.26,-4.38,;8.92,-5.15,;8.92,-6.69,;10.26,-2.84,;11.59,-2.07,;11.59,-.53,;10.26,.24,;10.26,1.78,;8.92,2.55,;11.59,2.55,;11.59,4.09,;13.13,4.09,;10.05,4.09,;11.59,5.63,;12.93,6.4,;12.93,7.94,;11.59,8.71,;11.59,10.25,;12.93,11.02,;12.93,12.56,;14.26,13.33,;15.59,12.56,;15.59,11.02,;14.26,10.25,;16.93,13.33,;16.93,14.87,;18.26,15.64,;19.59,14.87,;19.59,13.33,;18.26,12.56,;10.26,7.94,;10.26,6.4,;8.92,8.71,;7.59,7.94,;8.92,10.25,;8.92,-.53,;7.59,.24,;6.26,-.53,;4.92,.24,;3.59,-.53,;2.13,-.06,;1.22,-1.3,;2.13,-2.55,;3.59,-2.07,;4.92,-2.84,;6.26,-2.07,;7.59,-2.84,;8.92,-2.07,;7.59,-9,;6.26,-9.77,;10.26,-12.08,;11.59,-11.31,;12.93,-12.08,;12.93,-13.62,;14.26,-14.39,;11.59,-14.39,;10.26,-13.62,)|",Ki, 0.077,nM,281619,,,False
CC1(C)CCC(CN2CCN(CC2)c2ccc(C(=O)NS(=O)(=O)c3ccc(NC4CCN(CCN5CCOCC5)CC4)c(c3)[N+]([O-])=O)c(Oc3cccc(Cl)c3)c2)=C(C1)c1ccc(Cl)cc1 |c:62|,Ki, 0.077,nM,281518,,,False
CC1(C)CC(=C(CN2CCN(CC2)c2ccc(C(=O)NS(=O)(=O)c3ccc(NC4CCC(CC4)N4CCOCC4)c(c3)[N+]([O-])=O)c(Oc3cc4cc[nH]c4cc3F)c2)CO1)c1ccc(Cl)cc1,Ki, 0.077,nM,387870,,,False
CN1CCC(CNc2ccc(cc2[N+]([O-])=O)S(=O)(=O)NC(=O)c2ccc(cc2Oc2ccc3[nH]ccc3c2)N2CCN(CC3=C(CC(C)(C)CC3)c3ccc(Cl)cc3)CC2)CC1 |t:47|,Ki, 0.077,nM,324825,,,False
[O-][N+](=O)c1cc(ccc1NCC1CCOCC1)S(=O)(=O)NC(=O)c1ccc(cc1Oc1cccc(Cl)c1)N1CCN(Cc2cc(CCN3CCCC3)ccc2-c2ccc(Cl)cc2)CC1,Ki, 0.077,nM,281386,,,False
CC1(C)CCC(CN2CCN(CC2)c2ccc(C(=O)NS(=O)(=O)c3ccc(NCC4CCOCC4)c(c3)[N+]([O-])=O)c(Oc3cnc(N)c(c3)C#N)c2)=C(C1)c1ccc(Cl)cc1,Ki, 0.079,nM,387927,,,False
CN(C)CCCNc1ccc(cc1[N+]([O-])=O)S(=O)(=O)NC(=O)c1ccc(cc1Oc1cccc(Cl)c1)N1CCN(Cc2ccccc2-c2ccc(Cl)cc2)CC1,Ki, 0.079,nM,281347,,,False
CN(C)CCCNc1ccc(cc1[N+]([O-])=O)S(=O)(=O)NC(=O)c1ccc(cc1Oc1cccc(Cl)c1)N1CCN(Cc2ccccc2-c2ccc(Cl)cc2)CC1,Ki, 0.079,nM,387593,,,False
CC1(C)CCC(CN2CCN(CC2)c2ccc(C(=O)NS(=O)(=O)c3ccc(NCC4CCOCC4)c(c3)[N+]([O-])=O)c(Oc3cnc(N)c(c3)C#N)c2)=C(C1)c1ccc(Cl)cc1 |c:56|,Ki, 0.079,nM,281675,,,False
CC1(C)CCC(CN2CCN(CC2)c2ccc(C(=O)NS(=O)(=O)c3ccc(NCc4cccc(OC(F)F)c4)c(c3)[N+]([O-])=O)c(Oc3cnc4[nH]ccc4c3)c2)=C(C1)c1ccc(Cl)cc1,Ki, 0.080,nM,704779,,,False
CC1(C)CCC(CN2CCN(CC2)c2ccc(C(=O)NS(=O)(=O)c3ccc(NCc4cccc(OC(F)F)c4)c(c3)[N+]([O-])=O)c(Oc3cnc4[nH]ccc4c3)c2)=C(C1)c1ccc(Cl)cc1,Ki, 0.080,nM,1372918,,,False
CC1(C)CCC(CN2CCN(CC2)c2ccc(C(=O)NS(=O)(=O)c3ccc(NCc4cccc(OC(F)F)c4)c(c3)[N+]([O-])=O)c(Oc3cnc4[nH]ccc4c3)c2)=C(C1)c1ccc(Cl)cc1 |c:61|,Ki, 0.08,nM,339735,,,False
"CN1[C@H]2CC[C@@H]1CC(C2)Nc1ccc(cc1[N+]([O-])=O)S(=O)(=O)NC(=O)c1ccc(cc1Oc1ccc2[nH]ccc2c1)N1CCN(CC2=C(CC(C)(C)CC2)c2ccc(Cl)cc2)CC1 |r,t:52,TLB:9:7:3.4:1|",Ki, 0.08,nM,325169,,,False
CC1(C)CCC(CN2CCN(CC2)c2ccc(C(=O)NS(=O)(=O)c3ccc(NCc4cccc(OC(F)F)c4)c(c3)[N+]([O-])=O)c(Oc3cnc4[nH]ccc4c3)c2)=C(C1)c1ccc(Cl)cc1,Ki, 0.080,nM,1180202,,,False
CN1CCC(CNc2ccc(cc2[N+]([O-])=O)S(=O)(=O)NC(=O)c2ccc(cc2Oc2cccc3[nH]ccc23)N2CCN(CC3=C(CC(C)(C)CC3)c3ccc(Cl)cc3)CC2)CC1 |t:47|,Ki, 0.08,nM,324826,,,False
CC1(C)CCC(CN2CCN(CC2)c2ccc(C(=O)NS(=O)(=O)c3cnc(OCC4CCC(F)(F)CC4)c(Cl)c3)c(Oc3cnc4[nH]ccc4c3)c2)=C(C1)c1ccc(Cl)cc1 |c:57|,Ki, 0.081,nM,339828,,,False
CN1CCC(CC1)Nc1ccc(cc1[N+]([O-])=O)S(=O)(=O)NC(=O)c1ccc(cc1Oc1cc2cc[nH]c2c(F)c1F)N1CCN(CC2=C(CC(C)(C)CC2)c2ccc(Cl)cc2)CC1 |t:51|,Ki, 0.081,nM,281527,,,False
CC1(C)CCC(CN2CCN(CC2)c2ccc(C(=O)NS(=O)(=O)c3cnc(OCC4CCC(F)(F)CC4)c(Cl)c3)c(Oc3cnc4[nH]ccc4c3)c2)=C(C1)c1ccc(Cl)cc1,Ki, 0.081,nM,704878,,,False
CN1CCC(CC1)Nc1ccc(cc1[N+]([O-])=O)S(=O)(=O)NC(=O)c1ccc(cc1Oc1cc2cc[nH]c2c(F)c1F)N1CCN(CC2=C(CC(C)(C)CC2)c2ccc(Cl)cc2)CC1,Ki, 0.081,nM,387776,,,False
CC1(C)CCC(CN2CCN(CC2)c2ccc(C(=O)NS(=O)(=O)c3ccc(NC4CCN(CC4)C4CC4)c(c3)[N+]([O-])=O)c(Oc3cccc(F)c3F)c2)=C(C1)c1ccc(Cl)cc1,Ki, 0.081,nM,387699,,,False
CC1(C)CCC(CN2CCN(CC2)c2ccc(C(=O)NS(=O)(=O)c3cnc(OCC4CCC(F)(F)CC4)c(Cl)c3)c(Oc3cnc4[nH]ccc4c3)c2)=C(C1)c1ccc(Cl)cc1,Ki, 0.081,nM,1180027,,,False
CC1(C)CCC(CN2CCN(CC2)c2ccc(C(=O)NS(=O)(=O)c3ccc(NC4CCN(CC4)C4CC4)c(c3)[N+]([O-])=O)c(Oc3cccc(F)c3F)c2)=C(C1)c1ccc(Cl)cc1 |c:58|,Ki, 0.081,nM,281453,,,False
CN(C)CCCNc1ccc(cc1[N+]([O-])=O)S(=O)(=O)NC(=O)c1ccc(cc1Oc1ccc2[nH]ccc2c1)N1CCN(CC2=C(CC(C)(C)CC2)c2ccc(Cl)cc2)CC1 |t:47|,Ki, 0.081,nM,324782,,,False
CC1(C)CC(=C(CN2CCN(CC2)c2ccc(C(=O)NS(=O)(=O)c3ccc(NCC4CCOCC4)c(c3)[N+]([O-])=O)c(Oc3cc4cc[nH]c4cc3Cl)c2)CO1)c1ccc(Cl)cc1 |t:4|,Ki, 0.081,nM,281599,,,False
CC1(C)CCC(CN2CCN(CC2)c2ccc(C(=O)NS(=O)(=O)c3ccc(OCC4(F)CCOCC4)c(Cl)c3)c(Oc3cccc4[nH]ncc34)c2)=C(C1)c1ccc(Cl)cc1 |c:56|,Ki, 0.081,nM,325167,,,False
CC1(C)CCC(CN2CCN(CC2)c2ccc(C(=O)NS(=O)(=O)c3cnc(OCC4CCC(F)(F)CC4)c(Cl)c3)c(Oc3cnc4[nH]ccc4c3)c2)=C(C1)c1ccc(Cl)cc1,Ki, 0.081,nM,1373017,,,False
CC1(C)CC(=C(CN2CCN(CC2)c2ccc(C(=O)NS(=O)(=O)c3ccc(NCC4CCOCC4)c(c3)[N+]([O-])=O)c(Oc3cc4cc[nH]c4cc3Cl)c2)CO1)c1ccc(Cl)cc1,Ki, 0.081,nM,387850,,,False
CC1(C)CCC(CN2CCN(CC2)c2ccc(C(=O)NS(=O)(=O)c3cnc(OC[C@@H]4CCN(CC(F)F)C4)c(Cl)c3)c(Oc3cnc(N)c(Cl)c3)c2)=C(C1)c1ccc(Cl)cc1,Ki, 0.082,nM,387975,,,False
COc1cccc(Oc2cc(ccc2C(=O)NS(=O)(=O)c2ccc(NC3CCN(C)CC3)c(c2)[N+]([O-])=O)N2CCN(CC3=C(CC(C)(C)CC3)c3ccc(Cl)cc3)CC2)c1 |t:45|,Ki, 0.082,nM,281495,,,False
CN1CCC(CC1)Nc1ccc(cc1[N+]([O-])=O)S(=O)(=O)NC(=O)c1ccc(cc1Oc1cccc(Cl)c1Cl)N1CCN(CC2=C(CC(C)(C)CC2)c2ccc(Cl)cc2)CC1,Ki, 0.082,nM,387633,,,False
COc1cccc(Oc2cc(ccc2C(=O)NS(=O)(=O)c2ccc(NC3CCN(C)CC3)c(c2)[N+]([O-])=O)N2CCN(CC3=C(CC(C)(C)CC3)c3ccc(Cl)cc3)CC2)c1,Ki, 0.082,nM,387743,,,False
CC1(C)CCC(CN2CCN(CC2)c2ccc(C(=O)NS(=O)(=O)c3ccc(NN4CCS(=O)(=O)CC4)c(c3)[N+]([O-])=O)c(Oc3ccc4[nH]ccc4c3)c2)=C(C1)c1ccc(Cl)cc1 |c:58|,Ki, 0.082,nM,325066,,,False
CN1CCC(CC1)Nc1ccc(cc1[N+]([O-])=O)S(=O)(=O)NC(=O)c1ccc(cc1Oc1cccc(Cl)c1Cl)N1CCN(CC2=C(CC(C)(C)CC2)c2ccc(Cl)cc2)CC1 |t:47|,Ki, 0.082,nM,281387,,,False
CC1(C)CCC(CN2CCN(CC2)c2ccc(C(=O)NS(=O)(=O)c3cnc(OC[C@@H]4CCN(CC(F)F)C4)c(Cl)c3)c(Oc3cnc(N)c(Cl)c3)c2)=C(C1)c1ccc(Cl)cc1 |c:56|,Ki, 0.082,nM,281723,,,False
CC1(C)CCC(CN2CCN(CC2)c2ccc(C(=O)NS(=O)(=O)c3ccc(NC4CCN(CC5CC5)CC4)c(c3)[N+]([O-])=O)c(Oc3ccc4[nH]ccc4c3)c2)=C(C1)c1ccc(Cl)cc1 |c:61|,Ki, 0.082,nM,324923,,,False
CC1(C)CC(=C(CN2CCN(CC2)c2ccc(C(=O)NS(=O)(=O)c3ccc(NCC4CCOCC4)c(c3)[N+]([O-])=O)c(Oc3ccc4[nH]ccc4c3)c2)CO1)c1ccc(Cl)cc1 |t:4|,Ki, 0.083,nM,339574,,,False
CC1(C)CC(=C(CN2CCN(CC2)c2ccc(C(=O)NS(=O)(=O)c3ccc(NCC4CCOCC4)c(c3)[N+]([O-])=O)c(Oc3ccc4[nH]ccc4c3)c2)CO1)c1ccc(Cl)cc1,Ki, 0.083,nM,1179878,,,False
CC1(C)CC(=C(CN2CCN(CC2)c2ccc(C(=O)NSc3ccc(NCC4CCOCC4)c(c3)[N+]([O-])=O)c(Oc3ccc4[nH]ccc4c3)c2)CO1)c1ccc(Cl)cc1,Ki, 0.083,nM,1373105,,,False
CC1(C)CC(=C(CN2CCN(CC2)c2ccc(C(=O)NS(=O)(=O)c3ccc(NCC4CCOCC4)c(c3)[N+]([O-])=O)c(Oc3ccc4[nH]ccc4c3)c2)CO1)c1ccc(Cl)cc1,Ki, 0.083,nM,1372754,,,False
CN1CCN(CC1)Nc1ccc(cc1[N+]([O-])=O)S(=O)(=O)NC(=O)c1ccc(cc1Oc1cccc(Cl)c1)N1CCN(CC2=C(CC(C)(C)OC2)c2ccc(Cl)cc2)CC1,Ki, 0.083,nM,387762,,,False
CC(N1CCN(CC1)c1ccc(C(=O)NS(=O)(=O)c2ccc(NC3CCN(C)CC3)c(c2)[N+]([O-])=O)c(Oc2cccc3[nH]ccc23)c1)c1ccccc1-c1ccc(Cl)cc1,Ki, 0.083,nM,324915,,,False
CC1(C)CCC(CN2CCN(CC2)c2ccc(C(=O)NS(=O)(=O)c3ccc(NC[C@@H]4CCCOC4)c(c3)[N+]([O-])=O)c(Oc3cc4cc[nH]c4cc3F)c2)=C(C1)c1ccc(Cl)cc1 |c:58|,Ki, 0.083,nM,281583,,,False
CC1(C)CCC(CN2CCN(CC2)c2ccc(C(=O)NS(=O)(=O)c3ccc(NC[C@@H]4CCCOC4)c(c3)[N+]([O-])=O)c(Oc3cc4cc[nH]c4cc3F)c2)=C(C1)c1ccc(Cl)cc1,Ki, 0.083,nM,387833,,,False
CC1(C)CCC(CN2CCN(CC2)c2ccc(C(=O)NS(=O)(=O)c3cnc(OCC4(F)CCOCC4)c(c3)C#N)c(Oc3cccc4[nH]ccc34)c2)=C(C1)c1ccc(Cl)cc1 |c:57|,Ki, 0.083,nM,325096,,,False
CC1(C)CC(=C(CN2CCN(CC2)c2ccc(C(=O)NS(=O)(=O)c3ccc(NCC4CCOCC4)c(c3)[N+]([O-])=O)c(Oc3ccc4[nH]ccc4c3)c2)CO1)c1ccc(Cl)cc1,Ki, 0.083,nM,704615,,,False
CN1CCN(CC1)Nc1ccc(cc1[N+]([O-])=O)S(=O)(=O)NC(=O)c1ccc(cc1Oc1cccc(Cl)c1)N1CCN(CC2=C(CC(C)(C)OC2)c2ccc(Cl)cc2)CC1 |t:46|,Ki, 0.083,nM,281513,,,False
COCCOCCSc1ccc(cc1[N+]([O-])=O)S(=O)(=O)NC(=O)c1ccc(cc1Oc1ccc2[nH]ccc2c1)N1CCN(CC2=C(CC(C)(C)CC2)c2ccc(Cl)cc2)CC1 |t:48|,Ki, 0.083,nM,325083,,,False
CN(C)C1CCC(CC1)Nc1ccc(cc1[N+]([O-])=O)S(=O)(=O)NC(=O)c1ccc(cc1Oc1cccc(Cl)c1)N1CCN(CC2=C(CC(C)(C)CC2)c2ccc(Cl)cc2)CC1,Ki, 0.084,nM,387779,,,False
"CN(C)C1CCC(CC1)Nc1ccc(cc1[N+]([O-])=O)S(=O)(=O)NC(=O)c1ccc(cc1Oc1cccc(Cl)c1)N1CCN(CC2=C(CC(C)(C)CC2)c2ccc(Cl)cc2)CC1 |t:48,(9.34,10.01,;8,10.78,;8,12.32,;6.67,10.01,;5.33,10.78,;4,10.01,;4,8.47,;5.33,7.7,;6.67,8.47,;2.67,7.7,;2.67,6.16,;4,5.39,;4,3.85,;2.67,3.08,;1.33,3.85,;1.33,5.39,;,6.16,;,7.7,;-1.33,5.39,;2.67,1.54,;1.13,1.54,;4.21,1.54,;2.67,,;4,-.77,;5.33,,;4,-2.31,;2.67,-3.08,;2.67,-4.62,;4,-5.39,;5.33,-4.62,;5.33,-3.08,;6.67,-2.31,;8,-3.08,;8,-4.62,;9.34,-5.39,;10.67,-4.62,;10.67,-3.08,;12,-2.31,;9.34,-2.31,;4,-6.93,;5.33,-7.7,;5.33,-9.24,;4,-10.01,;4,-11.55,;2.67,-12.32,;2.67,-13.86,;1.33,-14.63,;,-13.86,;-.82,-15.17,;-1.54,-13.91,;,-12.32,;1.33,-11.55,;4,-14.63,;5.33,-13.86,;6.67,-14.63,;6.67,-16.17,;8,-16.94,;5.33,-16.94,;4,-16.17,;2.67,-9.24,;2.67,-7.7,)|",Ki, 0.084,nM,281530,,,False
CC1(C)CC(c2ccc(Cl)cc2)=C2CN3CCN(c4ccc(C(=O)NS(=O)(=O)c5ccc(OCC6CCC(C)(O)CC6)c(Cl)c5)c(N5CCCOc6nc7[nH]ccc7cc65)c4)C[C@H]3COCCCO[C@@H]2C1,Ki, 0.085,nM,1498039,,,False
CC1(C)C[C@H]2OCCCOC[C@@H]3CN(CCN3CC2=C(C1)c1ccc(Cl)cc1)c1ccc(C(=O)NS(=O)(=O)c2ccc(NC[C@H]3CC[C@](C)(O)CC3)c(Cl)c2)c(c1)N1CCCOc2nc3[nH]ccc3cc12,Ki, 0.085000,nM,51565558,,,False
CC1(C)C[C@H]2OCCCOC[C@@H]3CN(CCN3CC2=C(C1)c1ccc(Cl)cc1)c1ccc(C(=O)NS(=O)(=O)c2ccc(OC[C@H]3CC[C@](C)(O)CC3)c(Cl)c2)c(c1)N1CCCOc2nc3[nH]ccc3cc12,Ki, 0.085,nM,1406268,,,False
CC1(C)CC(=C(CN2CCN(CC2)c2ccc(C(=O)NS(=O)(=O)c3ccc(NCC4CCOCC4)c(c3)[N+]([O-])=O)c(Oc3ccc4[nH]ccc4c3)c2)CO1)c1ccc(Cl)cc1 |t:4|,Ki, 0.087,nM,324894,,,False
CN(C)CC[C@H](CSc1ccccc1)Nc1ccc(cc1[N+]([O-])=O)S(=O)(=O)NC(=O)c1ccc(cc1)N1CCN(Cc2ccccc2-c2ccc(Cl)cc2)CC1 |r|,Ki, 0.088,nM,324754,,,False
CC1(C)CCC(CN2CCN(CC2)c2ccc(C(=O)NS(=O)(=O)c3ccc(NCC4CCCOC4)c(c3)[N+]([O-])=O)c(Oc3ccc4[nH]ccc4c3)c2)=C(C1)c1ccc(Cl)cc1 |c:57|,Ki, 0.088,nM,324969,,,False
COCCO[C@H]1CCC(CNc2ccc(S(=O)(=O)NC(=O)c3ccc(N4CCN5CC6=C(c7ccc(Cl)cc7)CC(C)(C)C[C@H]6OCCCOC[C@@H]5C4)cc3N3CCCOc4nc5[nH]ccc5cc43)cc2[N+](=O)[O-])OC1,Ki, 0.089,nM,1498023,,,False
COCCO[C@H]%10CC[C@H](CNc9ccc(S(=O)(=O)NC(=O)c5ccc(N4CCN3CC2=C(c1ccc(Cl)cc1)CC(C)(C)C[C@H]2OCCCOC[C@@H]3C4)cc5N8CCCOc7nc6[nH]ccc6cc78)cc9[N+](=O)[O-])OC%10,Ki, 0.089,nM,1406252,,,False
CC1(C)CCC(CN2CCN(CC2)c2ccc(C(=O)NS(=O)(=O)c3cnc(OCC4CCOCC4)c(c3)C#N)c(Oc3ccc4[nH]ccc4c3)c2)=C(C1)c1ccc(Cl)cc1 |c:56|,Ki, 0.089,nM,325037,,,False
CC1(C)CCC(CN2CCN(CC2)c2ccc(C(=O)NS(=O)(=O)c3ccc(NCC4CCOCC4)c(c3)S(=O)(=O)C(F)(F)F)c(Oc3cnc4[nH]ccc4c3)c2)=C(C1)c1ccc(Cl)cc1,Ki, 0.090,nM,1179866,,,False
CN1CCC(CC1)Nc1ccc(cc1[N+]([O-])=O)S(=O)(=O)NC(=O)c1ccc(cc1Oc1cccc2[nH]nc(C)c12)N1CCN(CC2=C(CC(C)(C)CC2)c2ccc(Cl)cc2)CC1 |t:50|,Ki, 0.09,nM,281388,,,False
CC1(C)CCC(CN2CCN(CC2)c2ccc(C(=O)NS(=O)(=O)c3ccc(NCC4CCOCC4)c(c3)S(=O)(=O)C(F)(F)F)c(Oc3cnc4[nH]ccc4c3)c2)=C(C1)c1ccc(Cl)cc1,Ki, 0.090,nM,704609,,,False
CC%10(C)CC(c1ccc(Cl)cc1)=C9CN8CCN(c7ccc(C(=O)NS(=O)(=O)c3ccc(OC[C@@H]2CC[C@@](C)(O)CC2)c([N+](=O)[O-])c3)c(N6CCCOc5nc4[nH]ccc4cc56)c7)C[C@H]8COCCCO[C@@H]9C%10,Ki, 0.090,nM,1406270,,,False
CC1(C)CCC(CN2CCN(CC2)c2ccc(C(=O)NS(=O)(=O)c3cnc(OCCC4CCCO4)c(Cl)c3)c(Oc3cnc4[nH]ccc4c3)c2)=C(C1)c1ccc(Cl)cc1,Ki, 0.090,nM,1180031,,,False
CC1(C)CCC(CN2CCN(CC2)c2ccc(C(=O)NS(=O)(=O)c3cnc(OCCC4CCCO4)c(Cl)c3)c(Oc3cnc4[nH]ccc4c3)c2)=C(C1)c1ccc(Cl)cc1,Ki, 0.090,nM,1373019,,,False
CC1(C)CC(c2ccc(Cl)cc2)=C2CN3CCN(c4ccc(C(=O)NS(=O)(=O)c5ccc(OCC6CCC(C)(O)CC6)c([N+](=O)[O-])c5)c(N5CCCOc6nc7[nH]ccc7cc65)c4)C[C@H]3COCCCO[C@@H]2C1,Ki, 0.090,nM,1498041,,,False
CC1(C)CCC(CN2CCN(CC2)c2ccc(C(=O)NS(=O)(=O)c3cnc(OCCC4CCCO4)c(Cl)c3)c(Oc3cnc4[nH]ccc4c3)c2)=C(C1)c1ccc(Cl)cc1 |c:55|,Ki, 0.09,nM,339830,,,False
CC1(C)CCC(CN2CCN(CC2)c2ccc(C(=O)NS(=O)(=O)c3ccc(NCC4CCOCC4)c(c3)S(=O)(=O)C(F)(F)F)c(Oc3cnc4[nH]ccc4c3)c2)=C(C1)c1ccc(Cl)cc1 |c:61|,Ki, 0.09,nM,339568,,,False
CN1CCC(CC1)Nc1ccc(cc1[N+]([O-])=O)S(=O)(=O)NC(=O)c1ccc(cc1Oc1cccc2[nH]nc(C)c12)N1CCN(CC2=C(CC(C)(C)CC2)c2ccc(Cl)cc2)CC1,Ki, 0.09,nM,387634,,,False
CC1(C)CCC(CN2CCN(CC2)c2ccc(C(=O)NS(=O)(=O)c3ccc(NCC4CCOCC4)c(c3)S(=O)(=O)C(F)(F)F)c(Oc3cnc4[nH]ccc4c3)c2)=C(C1)c1ccc(Cl)cc1,Ki, 0.090,nM,1372748,,,False
[O-][N+](=O)c1cc(ccc1NCC1CCOCC1)S(=O)(=O)NC(=O)c1ccc(cc1Oc1ccc2[nH]ccc2c1)N1CCN(CC2=C(CCC(C2)N2CCOCC2)c2ccc(Cl)cc2)CC1 |t:49|,Ki, 0.09,nM,324957,,,False
CC1(C)CCC(CN2CCN(CC2)c2ccc(C(=O)NS(=O)(=O)c3cnc(OCCC4CCCO4)c(Cl)c3)c(Oc3cnc4[nH]ccc4c3)c2)=C(C1)c1ccc(Cl)cc1,Ki, 0.090,nM,704880,,,False
CC1(C)CCC(CN2CCN(CC2)c2ccc(C(=O)NS(=O)(=O)c3cnc(NC4CCN(CC4)C4CCOCC4)c(Br)c3)c(Oc3cnc4[nH]ccc4c3)c2)=C(C1)c1ccc(Cl)cc1,Ki, 0.091,nM,1179954,,,False
CC1(C)CCC(CN2CCN(CC2)c2ccc(C(=O)NS(=O)(=O)c3cnc(NC4CCN(CC4)C4CCOCC4)c(Br)c3)c(Oc3cnc4[nH]ccc4c3)c2)=C(C1)c1ccc(Cl)cc1,Ki, 0.091,nM,704653,,,False
CC1(C)CCC(CN2CCN(CC2)c2ccc(C(=O)NS(=O)(=O)c3cnc(NC4CCN(CC4)C4CCOCC4)c(Br)c3)c(Oc3cnc4[nH]ccc4c3)c2)=C(C1)c1ccc(Cl)cc1 |c:61|,Ki, 0.091,nM,339612,,,False
CC1(C)CCC(CN2CCN(CC2)c2ccc(C(=O)NS(=O)(=O)c3cnc(NC4CCN(CC4)C4CCOCC4)c(Br)c3)c(Oc3cnc4[nH]ccc4c3)c2)=C(C1)c1ccc(Cl)cc1,Ki, 0.091,nM,1372792,,,False
CN1CCN(CCNc2ccc(cc2[N+]([O-])=O)S(=O)(=O)NC(=O)c2ccc(cc2Oc2cccc3[nH]ccc23)N2CCN(CC3=C(CC(C)(C)CC3)c3ccc(Cl)cc3)CC2)CC1 |t:48|,Ki, 0.092,nM,324822,,,False
CC1(C)CCC(CN2CCN(CC2)c2ccc(C(=O)NS(=O)(=O)c3cnc(OCC4CCOCC4)c(Cl)c3)c(Oc3cc4cc[nH]c4cc3F)c2)=C(C1)c1ccc(Cl)cc1,Ki, 0.092,nM,387878,,,False
CC1(C)CCC(CN2CCN(CC2)c2ccc(C(=O)NS(=O)(=O)c3ccc(NCCN4CCNC4=O)c(c3)[N+]([O-])=O)c(Oc3ccc4[nH]ccc4c3)c2)=C(C1)c1ccc(Cl)cc1 |c:58|,Ki, 0.092,nM,324976,,,False
CC1(C)CCC(CN2CCN(CC2)c2ccc(C(=O)NS(=O)(=O)c3ccc(NC4CCN(CC4)C4CCOCC4)c(c3)[N+]([O-])=O)c(Oc3cc4cc[nH]c4cc3Cl)c2)=C(C1)c1ccc(Cl)cc1 |c:64|,Ki, 0.092,nM,281567,,,False
CC1(C)CCC(CN2CCN(CC2)c2ccc(C(=O)NS(=O)(=O)c3ccc(NC4CCN(CC4)C4CCOCC4)c(c3)[N+]([O-])=O)c(Oc3cc4cc[nH]c4cc3Cl)c2)=C(C1)c1ccc(Cl)cc1,Ki, 0.092,nM,387817,,,False
CC1(C)CCC(CN2CCN(CC2)c2ccc(C(=O)NS(=O)(=O)c3cnc(OCC4CCOCC4)c(Cl)c3)c(Oc3cc4cc[nH]c4cc3F)c2)=C(C1)c1ccc(Cl)cc1 |c:56|,Ki, 0.092,nM,281626,,,False
CC1(C)CCC(CN2CCN(CC2)c2ccc(C(=O)NS(=O)(=O)c3cnc(OCC4CCOCC4)c(F)c3)c(Oc3cnc4[nH]ccc4c3)c2)=C(C1)c1ccc(Cl)cc1,Ki, 0.093,nM,1180039,,,False
CC1(C)CCC(CN2CCN(CC2)c2ccc(C(=O)NS(=O)(=O)c3cnc(OCCC4CCCO4)c(Cl)c3)c(Oc3cccc4[nH]ncc34)c2)=C(C1)c1ccc(Cl)cc1 |c:55|,Ki, 0.093,nM,325164,,,False
CC1(C)CCC(CN2CCN(CC2)c2ccc(C(=O)NS(=O)(=O)c3cnc(OCC4CCOCC4)c(F)c3)c(Oc3cnc4[nH]ccc4c3)c2)=C(C1)c1ccc(Cl)cc1,Ki, 0.093,nM,1373023,,,False
CC1(C)CCC(CN2CCN(CC2)c2ccc(C(=O)NS(=O)(=O)c3cnc(OCC4CCOCC4)c(F)c3)c(Oc3cnc4[nH]ccc4c3)c2)=C(C1)c1ccc(Cl)cc1,Ki, 0.093,nM,704884,,,False
CC1(C)CCC(CN2CCN(CC2)c2ccc(C(=O)NS(=O)(=O)c3cnc(OCC4CCOCC4)c(F)c3)c(Oc3cnc4[nH]ccc4c3)c2)=C(C1)c1ccc(Cl)cc1 |c:55|,Ki, 0.093,nM,339834,,,False
CCN1CCOCC1COc1ncc(cc1Br)S(=O)(=O)NC(=O)c1ccc(cc1Oc1cnc2[nH]ccc2c1)N1CCN(CC2=C(CC(C)(C)CC2)c2ccc(Cl)cc2)CC1,Ki, 0.094,nM,1372833,,,False
CCN1CCOCC1COc1ncc(cc1Br)S(=O)(=O)NC(=O)c1ccc(cc1Oc1cnc2[nH]ccc2c1)N1CCN(CC2=C(CC(C)(C)CC2)c2ccc(Cl)cc2)CC1,Ki, 0.094,nM,1180036,,,False
CCN1CCOCC1COc1ncc(cc1Br)S(=O)(=O)NC(=O)c1ccc(cc1Oc1cnc2[nH]ccc2c1)N1CCN(CC2=C(CC(C)(C)CC2)c2ccc(Cl)cc2)CC1 |t:49|,Ki, 0.094,nM,339651,,,False
CCN1CCOCC1COc1ncc(cc1Br)S(=O)(=O)NC(=O)c1ccc(cc1Oc1cnc2[nH]ccc2c1)N1CCN(CC2=C(CC(C)(C)CC2)c2ccc(Cl)cc2)CC1,Ki, 0.094,nM,704694,,,False
CC1(C)CCC(CN2CCN(CC2)c2ccc(C(=O)NS(=O)(=O)c3ccc(OCC4CCOCC4)c(c3)[N+]([O-])=O)c(Oc3ccc4[nH]ccc4c3)c2)=C(C1)c1ccc(Cl)cc1 |c:57|,Ki, 0.095,nM,324986,,,False
[O-][N+](=O)c1cc(ccc1NCC1CCOCC1)S(=O)(=O)NC(=O)c1ccc(cc1Oc1ccccc1)N1CCN(Cc2cc(OCCCN3CCCCC3)ccc2-c2ccc(Cl)cc2)CC1,Ki, 0.096,nM,324830,,,False
CC1(C)CCC(CN2CCN(CC2)c2ccc(C(=O)NS(=O)(=O)c3ccc(NCC4CCS(=O)(=O)C4)c(c3)[N+]([O-])=O)c(Oc3ccc4[nH]ccc4c3)c2)=C(C1)c1ccc(Cl)cc1 |c:58|,Ki, 0.097,nM,324982,,,False
CC1(C)CCC(CN2CCN(CC2)c2ccc(C(=O)NS(=O)(=O)c3ccc(NCCCN4CCNC(=O)C4)c(c3)[N+]([O-])=O)c(Oc3cc(F)cc4[nH]ccc34)c2)=C(C1)c1ccc(Cl)cc1 |c:61|,Ki, 0.097,nM,281582,,,False
CC1(C)CCC(CN2CCN(CC2)c2ccc(C(=O)NS(=O)(=O)c3ccc(NCCCN4CCNC(=O)C4)c(c3)[N+]([O-])=O)c(Oc3cc(F)cc4[nH]ccc34)c2)=C(C1)c1ccc(Cl)cc1,Ki, 0.097,nM,387832,,,False
CC1(C)CCC(CN2CCN(CC2)c2ccc(C(=O)NS(=O)(=O)c3ccc(OC4CCN(CC4)C4CCOCC4)c(c3)[N+]([O-])=O)c(Oc3ccc4[nH]ccc4c3)c2)=C(C1)c1ccc(Cl)cc1 |c:63|,Ki, 0.098,nM,325092,,,False
"CC1(C)CCC(CN2CCN(CC2)c2ccc(C(=O)NS(=O)(=O)c3ccc(NC4CCC(CC4)N4CCOCC4)c(c3)[N+]([O-])=O)c(Oc3cc4cc[nH]c4cc3F)c2)=C(C1)c1ccc(Cl)cc1 |c:64,(-1.64,-14.42,;-.82,-13.11,;-2.36,-13.17,;-.82,-11.57,;.51,-10.8,;1.84,-11.57,;3.18,-10.8,;3.18,-9.26,;4.51,-8.49,;4.51,-6.95,;3.18,-6.18,;1.84,-6.95,;1.84,-8.49,;3.18,-4.64,;4.51,-3.87,;4.51,-2.33,;3.18,-1.56,;3.18,-.02,;1.84,.75,;4.51,.75,;4.51,2.29,;6.05,2.29,;2.97,2.29,;4.51,3.83,;5.84,4.6,;5.84,6.14,;4.51,6.91,;4.51,8.45,;5.84,9.22,;5.84,10.76,;7.18,11.53,;8.51,10.76,;8.51,9.22,;7.18,8.45,;9.84,11.53,;9.84,13.07,;11.18,13.84,;12.51,13.07,;12.51,11.53,;11.18,10.76,;3.18,6.14,;3.18,4.6,;1.84,6.91,;.51,6.14,;1.84,8.45,;1.84,-2.33,;.51,-1.56,;-.82,-2.33,;-2.16,-1.56,;-3.49,-2.33,;-4.96,-1.86,;-5.86,-3.1,;-4.96,-4.35,;-3.49,-3.87,;-2.16,-4.64,;-.82,-3.87,;.51,-4.64,;1.84,-3.87,;1.84,-13.11,;.51,-13.88,;3.18,-13.88,;4.51,-13.11,;5.84,-13.88,;5.84,-15.42,;7.18,-16.19,;4.51,-16.19,;3.18,-15.42,)|",Ki, 0.099,nM,281559,,,False
CC1(C)CCC(CN2CCN(CC2)c2ccc(C(=O)NS(=O)(=O)c3ccc(NC4CCC(CC4)N4CCOCC4)c(c3)[N+]([O-])=O)c(Oc3cc4cc[nH]c4cc3F)c2)=C(C1)c1ccc(Cl)cc1,Ki, 0.099,nM,387809,,,False
CC1(C)CCC(=C(CN2CCN(CC2)c2ccc(cc2)C(=O)NS(=O)(=O)c2ccc(N[C@H](CCN3CCOCC3)CSc3ccccc3)c(c2)S(=O)(=O)C(F)(F)F)C1)c1ccc(Cl)cc1,Ki,<0.100000,nM,51379917,,,False
CC(N1CCN(CC1)c1ccc(C(=O)NS(=O)(=O)c2ccc(NCC3CCOCC3)c(c2)[N+]([O-])=O)c(Oc2cccc3[nH]ccc23)c1)c1ccccc1-c1ccc(Cl)cc1,Ki, 0.1,nM,324887,,,False
COC1CC[C@@H](COc2ccc(S(=O)(=O)NC(=O)c3ccc(N4CCN5CC6=C(c7ccc(Cl)cc7)CC(C)(C)C[C@H]6OCCCOC[C@@H]5C4)cc3N3CCCOc4nc5[nH]ccc5cc43)cc2[N+](=O)[O-])OC1,Ki, 0.100,nM,1498053,,,False
CN(C)CCOc1cccc(c1CN1CCN(CC1)c1ccc(C(=O)NS(=O)(=O)c2ccc(NCC3CCOCC3)c(c2)[N+]([O-])=O)c(Oc2ccc3[nH]ccc3c2)c1)-c1ccc(Cl)cc1,Ki,<0.100000,nM,51272571,,,False
CN(C)CCOc1cccc(c1CN1CCN(CC1)c1ccc(C(=O)NS(=O)(=O)c2ccc(NCC3CCOCC3)c(c2)[N+]([O-])=O)c(Oc2ccc3[nH]ccc3c2)c1)-c1ccc(Cl)cc1,Ki,<0.100000,nM,50490138,,,False
CO[C@@H]%10CC[C@@H](COc9ccc(S(=O)(=O)NC(=O)c5ccc(N4CCN3CC2=C(c1ccc(Cl)cc1)CC(C)(C)C[C@H]2OCCCOC[C@@H]3C4)cc5N8CCCOc7nc6[nH]ccc6cc78)cc9[N+](=O)[O-])OC%10,Ki, 0.100,nM,1406282,,,False
CC(C)N(CCOc1ccc(c(CN2CCN(CC2)c2ccc(C(=O)NS(=O)(=O)c3ccc(NCC4CCOCC4)c(c3)[N+]([O-])=O)c(Oc3ccccc3)c2)c1)-c1ccc(Cl)cc1)C(C)C,Ki, 0.101,nM,324855,,,False
CC1(C)CCC(CN2CCN(CC2)c2ccc(C(=O)NS(=O)(=O)c3ccc(NCC4(N)CCOCC4)c(c3)[N+]([O-])=O)c(Oc3ccc4[nH]ccc4c3)c2)=C(C1)c1ccc(Cl)cc1 |c:58|,Ki, 0.102,nM,324900,,,False
CC1(C)CCC(CN2CCN(CC2)c2ccc(C(=O)NS(=O)(=O)c3ccc(OCC4CCOC4)c(Cl)c3)c(Oc3cnc4[nH]ccc4c3)c2)=C(C1)c1ccc(Cl)cc1,Ki, 0.104,nM,1180098,,,False
CC1(C)CCC(CN2CCN(CC2)c2ccc(C(=O)NS(=O)(=O)c3ccc(OCC4CCOC4)c(Cl)c3)c(Oc3cnc4[nH]ccc4c3)c2)=C(C1)c1ccc(Cl)cc1 |c:54|,Ki, 0.104,nM,339863,,,False
CC1(C)CCC(CN2CCN(CC2)c2ccc(C(=O)NS(=O)(=O)c3ccc(OCC4CCOC4)c(Cl)c3)c(Oc3cnc4[nH]ccc4c3)c2)=C(C1)c1ccc(Cl)cc1,Ki, 0.104,nM,1373052,,,False
CC1(C)CCC(CN2CCN(CC2)c2ccc(C(=O)NS(=O)(=O)c3cnc(OCC4(F)CCOCC4)c(c3)C(F)(F)F)c(Oc3cnc4[nH]ccc4c3)c2)=C(C1)c1ccc(Cl)cc1,Ki, 0.104,nM,704800,,,False
CC1(C)CCC(CN2CCN(CC2)c2ccc(C(=O)NS(=O)(=O)c3ccc(OCC4CCOC4)c(Cl)c3)c(Oc3cnc4[nH]ccc4c3)c2)=C(C1)c1ccc(Cl)cc1,Ki, 0.104,nM,704913,,,False
CC1(C)CCC(CN2CCN(CC2)c2ccc(C(=O)NS(=O)(=O)c3cnc(OCC4(F)CCOCC4)c(c3)C(F)(F)F)c(Oc3cnc4[nH]ccc4c3)c2)=C(C1)c1ccc(Cl)cc1 |c:59|,Ki, 0.104,nM,339753,,,False
CC1(C)CCC(CN2CCN(CC2)c2ccc(C(=O)NS(=O)(=O)c3cnc(OCC4(F)CCOCC4)c(c3)C(F)(F)F)c(Oc3cnc4[nH]ccc4c3)c2)=C(C1)c1ccc(Cl)cc1,Ki, 0.104,nM,1179871,,,False
CC1(C)CCC(CN2CCN(CC2)c2ccc(C(=O)NS(=O)(=O)c3cnc(OCC4(F)CCOCC4)c(c3)C(F)(F)F)c(Oc3cnc4[nH]ccc4c3)c2)=C(C1)c1ccc(Cl)cc1,Ki, 0.104,nM,1372939,,,False
CC(N1CCN(CC1)c1ccc(C(=O)NS(=O)(=O)c2ccc(NCC3CCOCC3)c(c2)[N+]([O-])=O)c(Oc2cc3cc[nH]c3cc2F)c1)C1=C(CC(C)(C)CC1)c1ccc(Cl)cc1,Ki, 0.105,nM,387831,,,False
CN1CCN(CC1)Nc1ccc(cc1[N+]([O-])=O)S(=O)(=O)NC(=O)c1ccc(cc1Oc1ccc2[nH]ccc2c1)N1CCN(CC2=C(CC(C)(C)CC2)c2ccc(Cl)cc2)CC1 |t:49|,Ki, 0.105,nM,324886,,,False
CC1(C)CCC(CN2CCN(CC2)c2ccc(C(=O)NS(=O)(=O)c3ccc(NCCCN4CCNC(=O)C4)c(c3)[N+]([O-])=O)c(Oc3cc4cc[nH]c4c(F)c3F)c2)=C(C1)c1ccc(Cl)cc1,Ki, 0.105,nM,387814,,,False
CC1(C)CCC(CN2CCN(CC2)c2ccc(C(=O)NS(=O)(=O)c3ccc(NCC4COCCO4)c(c3)[N+]([O-])=O)c(Oc3ccc4[nH]ccc4c3)c2)=C(C1)c1ccc(Cl)cc1 |c:57|,Ki, 0.105,nM,325040,,,False
CC1(C)CCC(CN2CCN(CC2)c2ccc(C(=O)NS(=O)(=O)c3ccc(NCCCN4CCNC(=O)C4)c(c3)[N+]([O-])=O)c(Oc3cc4cc[nH]c4c(F)c3F)c2)=C(C1)c1ccc(Cl)cc1 |c:62|,Ki, 0.105,nM,281564,,,False
CC(N1CCN(CC1)c1ccc(C(=O)NS(=O)(=O)c2ccc(NCC3CCOCC3)c(c2)[N+]([O-])=O)c(Oc2cc3cc[nH]c3cc2F)c1)C1=C(CC(C)(C)CC1)c1ccc(Cl)cc1 |t:54|,Ki, 0.105,nM,281581,,,False
CN1CCC(CC1)Nc1ccc(cc1[N+]([O-])=O)S(=O)(=O)NC(=O)c1ccc(cc1Oc1ccccc1Cl)N1CCN(CC2=C(CCCCC2)c2ccc(Cl)cc2)CC1,Ki, 0.106,nM,387635,,,False
CN1CCC(CC1)Nc1ccc(cc1[N+]([O-])=O)S(=O)(=O)NC(=O)c1ccc(cc1Oc1ccccc1Cl)N1CCN(CC2=C(CCCCC2)c2ccc(Cl)cc2)CC1 |t:46|,Ki, 0.106,nM,281389,,,False
CC1(C)CCC(CN2CCN(CC2)c2ccc(C(=O)NS(=O)(=O)c3ccc(NCCCN4CCOCC4)c(c3)[N+]([O-])=O)c(Oc3cccc(Cl)c3F)c2)=C(C1)c1ccc(Cl)cc1,Ki, 0.106,nM,387726,,,False
[O-][N+](=O)c1cc(ccc1NCC1CCOCC1)S(=O)(=O)NC(=O)c1ccc(cc1Oc1cccc2[nH]ccc12)N1CCN(Cc2c(OCCN3CCOCC3)cccc2-c2ccc(Cl)cc2)CC1,Ki, 0.106,nM,324847,,,False
CC1(C)CCC(CN2CCN(CC2)c2ccc(C(=O)NS(=O)(=O)c3ccc(NCCCN4CCOCC4)c(c3)[N+]([O-])=O)c(Oc3cccc(Cl)c3F)c2)=C(C1)c1ccc(Cl)cc1 |c:57|,Ki, 0.106,nM,281480,,,False
CC1(C)CCC(CN2CCN(CC2)c2ccc(C(=O)NS(=O)(=O)c3cnc(OC4CCC(CC4)N4CCOCC4)c(Br)c3)c(Oc3cc4cc[nH]c4cc3F)c2)=C(C1)c1ccc(Cl)cc1,Ki, 0.107,nM,387908,,,False
CC1(C)CCC(CN2CCN(CC2)c2ccc(C(=O)NS(=O)(=O)c3ccc(NCCN4CCOCC4)c(c3)[N+]([O-])=O)c(Oc3cccc(F)c3)c2)=C(C1)c1ccc(Cl)cc1 |c:55|,Ki, 0.107,nM,281461,,,False
CC1(C)CCC(CN2CCN(CC2)c2ccc(C(=O)NS(=O)(=O)c3ccc(NCCCN4CCNC(=O)C4)c(c3)[N+]([O-])=O)c(Oc3ccc4[nH]ccc4c3)c2)=C(C1)c1ccc(Cl)cc1 |c:60|,Ki, 0.107,nM,324931,,,False
"CC1(C)CCC(CN2CCN(CC2)c2ccc(C(=O)NS(=O)(=O)c3cnc(OC4CCC(CC4)N4CCOCC4)c(Br)c3)c(Oc3cc4cc[nH]c4cc3F)c2)=C(C1)c1ccc(Cl)cc1 |c:62,(.55,-12.15,;1.37,-10.84,;-.17,-10.89,;1.37,-9.3,;2.7,-8.53,;4.03,-9.3,;5.37,-8.53,;5.37,-6.99,;6.7,-6.22,;6.7,-4.68,;5.37,-3.91,;4.03,-4.68,;4.03,-6.22,;5.37,-2.37,;6.7,-1.6,;6.7,-.06,;5.37,.71,;5.37,2.25,;6.7,3.02,;4.03,3.02,;4.03,4.56,;2.49,4.56,;5.57,4.56,;4.03,6.1,;5.37,6.87,;5.37,8.41,;4.03,9.18,;4.03,10.72,;5.37,11.49,;5.37,13.03,;6.7,13.8,;8.03,13.03,;8.03,11.49,;6.7,10.72,;9.37,13.8,;9.37,15.34,;10.7,16.11,;12.03,15.34,;12.03,13.8,;10.7,13.03,;2.7,8.41,;1.37,9.18,;2.7,6.87,;4.03,-.06,;2.7,.71,;1.37,-.06,;.03,.71,;-1.3,-.06,;-2.77,.42,;-3.67,-.83,;-2.77,-2.08,;-1.3,-1.6,;.03,-2.37,;1.37,-1.6,;2.7,-2.37,;4.03,-1.6,;4.03,-10.84,;2.7,-11.61,;5.37,-11.61,;6.7,-10.84,;8.03,-11.61,;8.03,-13.15,;9.37,-13.92,;6.7,-13.92,;5.37,-13.15,)|",Ki, 0.107,nM,281656,,,False
CC1(C)CCC(CN2CCN(CC2)c2ccc(C(=O)NS(=O)(=O)c3ccc(NCCN4CCOCC4)c(c3)[N+]([O-])=O)c(Oc3cccc(F)c3)c2)=C(C1)c1ccc(Cl)cc1,Ki, 0.107,nM,387707,,,False
CC1(C)CCC(CN2CCN(CC2)c2ccc(C(=O)NS(=O)(=O)c3ccc(N[C@H]4CCCN(C4)C4CCOCC4)c(c3)[N+]([O-])=O)c(Oc3cc4cc[nH]c4cc3F)c2)=C(C1)c1ccc(Cl)cc1 |c:64|,Ki, 0.108,nM,281652,,,False
CC1(C)CCC(CN2CCN(CC2)c2ccc(C(=O)NS(=O)(=O)c3ccc(NC4CCN(CC4)C4CCOCC4)c(c3)[N+]([O-])=O)c(Oc3ccc4[nH]ccc4c3)c2)=C(C1)c1ccc(Cl)cc1 |c:63|,Ki, 0.108,nM,324885,,,False
CC1(C)CCC(CN2CCN(CC2)c2ccc(C(=O)NS(=O)(=O)c3ccc(N[C@H]4CCCN(C4)C4CCOCC4)c(c3)[N+]([O-])=O)c(Oc3cc4cc[nH]c4cc3F)c2)=C(C1)c1ccc(Cl)cc1,Ki, 0.108,nM,387904,,,False
CC1(C)C[C@H]2OCCCOC[C@@H]3CN(CCN3CC2=C(C1)c1ccc(Cl)cc1)c1ccc(C(=O)NS(=O)(=O)c2ccc(OC[C@H]3CC[C@@H](CC3)N3CCOCC3)c(Cl)c2)c(c1)N1CCCOc2nc3[nH]ccc3cc12,Ki, 0.108,nM,1406258,,,False
CC1(C)CC(c2ccc(Cl)cc2)=C2CN3CCN(c4ccc(C(=O)NS(=O)(=O)c5ccc(OCC6CCC(N7CCOCC7)CC6)c(Cl)c5)c(N5CCCOc6nc7[nH]ccc7cc65)c4)C[C@H]3COCCCO[C@@H]2C1,Ki, 0.108,nM,1498029,,,False
CC%11(C)CC(c1ccc(Cl)cc1)=C%10CN9CCN(c8ccc(C(=O)NS(=O)(=O)c4ccc(NC[C@H]3CC[C@H](N2CCOCC2)CO3)c([N+](=O)[O-])c4)c(N7CCCOc6nc5[nH]ccc5cc67)c8)C[C@H]9COCCCO[C@@H]%10C%11,Ki, 0.109,nM,1406256,,,False
CC%11(C)CC(c1ccc(Cl)cc1)=C%10CN9CCN(c8ccc(C(=O)NS(=O)(=O)c4ccc(NC[C@H]3CC[C@H](N2CCOCC2)CO3)c([N+](=O)[O-])c4)c(N7CCCOc6nc5[nH]ccc5cc67)c8)C[C@H]9COCCCO[C@@H]%10C%11,Ki, 0.109,nM,1498027,,,False
CC1(C)CCC(CN2CCN(CC2)c2ccc(C(=O)NS(=O)(=O)c3cnc(OCC4CCN(CC4)c4nccs4)c(Cl)c3)c(Oc3cnc4[nH]ccc4c3)c2)=C(C1)c1ccc(Cl)cc1 |c:61|,Ki, 0.10999,nM,339908,,,False
CC1(C)CCC(CN2CCN(CC2)c2ccc(C(=O)NS(=O)(=O)c3cnc(OCC4CCN(CC4)c4nccs4)c(Cl)c3)c(Oc3cnc4[nH]ccc4c3)c2)=C(C1)c1ccc(Cl)cc1,Ki, 0.110,nM,704962,,,False
CC1(C)CCC(CN2CCN(CC2)c2ccc(C(=O)NS(=O)(=O)c3ccc(NC4CCN(CC4)C4CC4)c(c3)[N+]([O-])=O)c(Oc3ccccc3F)c2)=C(C1)c1ccc(Cl)cc1 |c:57|,Ki, 0.11,nM,281455,,,False
CC1(C)CCC(CN2CCN(CC2)c2ccc(C(=O)NS(=O)(=O)c3ccc(NC4CCN(CC4)C4CC4)c(c3)[N+]([O-])=O)c(Oc3ccccc3F)c2)=C(C1)c1ccc(Cl)cc1,Ki, 0.11,nM,387701,,,False
CC1(C)CCC(CN2CCN(CC2)c2ccc(C(=O)NS(=O)(=O)c3cnc(OCC4CCN(CC4)c4nccs4)c(Cl)c3)c(Oc3cnc4[nH]ccc4c3)c2)=C(C1)c1ccc(Cl)cc1,Ki, 0.110,nM,1180199,,,False
CN1CCN(CC1)Nc1ccc(cc1[N+]([O-])=O)S(=O)(=O)NC(=O)c1ccc(cc1Oc1cnc(N)c(Br)c1)N1CCN(CC2=C(CC(C)(C)CC2)c2ccc(Cl)cc2)CC1 |t:47|,Ki, 0.11,nM,281682,,,False
COCCNc1ccc(cc1[N+]([O-])=O)S(=O)(=O)NC(=O)c1ccc(cc1Oc1cc2cc[nH]c2cc1F)N1CCN(CC2=C(CC(C)(C)CC2)c2ccc(Cl)cc2)CC1 |t:46|,Ki, 0.11,nM,281587,,,False
CC1(C)CCC(CN2CCN(CC2)c2ccc(C(=O)NS(=O)(=O)c3cnc(OCC4CCN(CC4)c4nccs4)c(Cl)c3)c(Oc3cnc4[nH]ccc4c3)c2)=C(C1)c1ccc(Cl)cc1,Ki, 0.110,nM,1373101,,,False
COCCNc1ccc(cc1[N+]([O-])=O)S(=O)(=O)NC(=O)c1ccc(cc1Oc1cc2cc[nH]c2cc1F)N1CCN(CC2=C(CC(C)(C)CC2)c2ccc(Cl)cc2)CC1,Ki, 0.11,nM,387838,,,False
CN1CCN(CC1)Nc1ccc(cc1[N+]([O-])=O)S(=O)(=O)NC(=O)c1ccc(cc1Oc1cnc(N)c(Br)c1)N1CCN(CC2=C(CC(C)(C)CC2)c2ccc(Cl)cc2)CC1,Ki, 0.11,nM,387934,,,False
CC1(C)CCC(CN2CCN(CC2)c2ccc(C(=O)NS(=O)(=O)c3ccc(NC4CCN(CC4)C4CCOCC4)c(c3)[N+]([O-])=O)c(Oc3ccc4[nH]cc(Cl)c4c3)c2)=C(C1)c1ccc(Cl)cc1 |c:64|,Ki, 0.111,nM,281605,,,False
CC1(C)CCC(CN2CCN(CC2)c2ccc(C(=O)NS(=O)(=O)c3ccc(NC4CCN(CC4)C4CCOCC4)c(c3)[N+]([O-])=O)c(Oc3ccc4[nH]cc(Cl)c4c3)c2)=C(C1)c1ccc(Cl)cc1,Ki, 0.111,nM,387856,,,False
CC1(C)CCC(CN2CCN(CC2)c2ccc(C(=O)NS(=O)(=O)c3ccc(NCc4ccc(OC(F)F)cc4)c(c3)[N+]([O-])=O)c(Oc3cnc4[nH]ccc4c3)c2)=C(C1)c1ccc(Cl)cc1,Ki, 0.111,nM,1372908,,,False
CC1(C)CCC(CN2CCN(CC2)c2ccc(C(=O)NS(=O)(=O)c3ccc(NCc4ccc(OC(F)F)cc4)c(c3)[N+]([O-])=O)c(Oc3cnc4[nH]ccc4c3)c2)=C(C1)c1ccc(Cl)cc1,Ki, 0.111,nM,704769,,,False
CC1(C)CCC(CN2CCN(CC2)c2ccc(C(=O)NS(=O)(=O)c3ccc(NCc4ccc(OC(F)F)cc4)c(c3)[N+]([O-])=O)c(Oc3cnc4[nH]ccc4c3)c2)=C(C1)c1ccc(Cl)cc1,Ki, 0.111,nM,1180185,,,False
CC1(C)CCC(CN2CCN(CC2)c2ccc(C(=O)NS(=O)(=O)c3ccc(NCc4ccc(OC(F)F)cc4)c(c3)[N+]([O-])=O)c(Oc3cnc4[nH]ccc4c3)c2)=C(C1)c1ccc(Cl)cc1 |c:61|,Ki, 0.111,nM,339726,,,False
COc1ccccc1Oc1cc(ccc1C(=O)NS(=O)(=O)c1ccc(NC2CCN(C)CC2)c(c1)[N+]([O-])=O)N1CCN(CC2=C(CC(C)(C)CC2)c2ccc(Cl)cc2)CC1 |t:47|,Ki, 0.112,nM,281508,,,False
CC1(C)CCC(CN2CCN(CC2)c2ccc(C(=O)NS(=O)(=O)c3ccc(OCC4CCOCC4)c(c3)[N+]([O-])=O)c(Oc3cccc4[nH]ccc34)c2)=C(C1)c1ccc(Cl)cc1 |c:57|,Ki, 0.112,nM,324995,,,False
COc1ccccc1Oc1cc(ccc1C(=O)NS(=O)(=O)c1ccc(NC2CCN(C)CC2)c(c1)[N+]([O-])=O)N1CCN(CC2=C(CC(C)(C)CC2)c2ccc(Cl)cc2)CC1,Ki, 0.112,nM,387757,,,False
CC1(C)CCC(CN2CCN(CC2)c2ccc(C(=O)NS(=O)(=O)c3cnc(OC[C@@H]4CCN(C4)C(CF)CF)c(Cl)c3)c(Oc3cccc4[nH]ncc34)c2)=C(C1)c1ccc(Cl)cc1 |c:59|,Ki, 0.112,nM,325147,,,False
CC1(C)CCC(CN2CCN(CC2)c2ccc(C(=O)NS(=O)(=O)c3cnc(OCC4CCOCC4)c(c3)C#N)c(Oc3cc4cc[nH]c4cc3F)c2)=C(C1)c1ccc(Cl)cc1,Ki, 0.113,nM,387876,,,False
CC1(C)CCC(CN2CCN(CC2)c2ccc(C(=O)NS(=O)(=O)c3cnc(OCC4CCOCC4)c(c3)C#N)c(Oc3cc4cc[nH]c4cc3F)c2)=C(C1)c1ccc(Cl)cc1 |c:57|,Ki, 0.113,nM,281624,,,False
CC1(C)CCC(CN2CCN(CC2)c2ccc(C(=O)NS(=O)(=O)c3ccc(N[C@@H]4CCCN(C4)C(CF)CF)c(c3)[N+]([O-])=O)c(Oc3cnc(N)c(Cl)c3)c2)=C(C1)c1ccc(Cl)cc1,Ki, 0.114,nM,387957,,,False
CC1(C)CCC(CN2CCN(CC2)c2ccc(C(=O)NS(=O)(=O)c3cc(Cl)c(NCC4CCOCC4)c(c3)C#N)c(Oc3cnc4[nH]ccc4c3)c2)=C(C1)c1ccc(Cl)cc1,Ki, 0.114,nM,1179936,,,False
CC1(C)CCC(CN2CCN(CC2)c2ccc(C(=O)NS(=O)(=O)c3cc(Cl)c(NCC4CCOCC4)c(c3)C#N)c(Oc3cnc4[nH]ccc4c3)c2)=C(C1)c1ccc(Cl)cc1 |c:57|,Ki, 0.114,nM,339603,,,False
CN1CCC(CC1)Nc1ccc(cc1S(=O)(=O)C(F)(F)F)S(=O)(=O)NC(=O)c1ccc(cc1Oc1cnc(N)c(Cl)c1)N1CCN(CC2=C(CC(C)(C)CC2)c2ccc(Cl)cc2)CC1 |t:51|,Ki, 0.114,nM,281677,,,False
CC1(C)CCC(CN2CCN(CC2)c2ccc(C(=O)NS(=O)(=O)c3cc(Cl)c(NCC4CCOCC4)c(c3)C#N)c(Oc3cnc4[nH]ccc4c3)c2)=C(C1)c1ccc(Cl)cc1,Ki, 0.114,nM,1372783,,,False
CN1CCC(CC1)Nc1ccc(cc1S(=O)(=O)C(F)(F)F)S(=O)(=O)NC(=O)c1ccc(cc1Oc1cnc(N)c(Cl)c1)N1CCN(CC2=C(CC(C)(C)CC2)c2ccc(Cl)cc2)CC1,Ki, 0.114,nM,387929,,,False
CC1(C)CCC(CN2CCN(CC2)c2ccc(C(=O)NS(=O)(=O)c3ccc(N[C@@H]4CCCN(C4)C(CF)CF)c(c3)[N+]([O-])=O)c(Oc3cnc(N)c(Cl)c3)c2)=C(C1)c1ccc(Cl)cc1 |c:59|,Ki, 0.114,nM,281705,,,False
CC1(C)CCC(CN2CCN(CC2)c2ccc(C(=O)NS(=O)(=O)c3cc(Cl)c(NCC4CCOCC4)c(c3)C#N)c(Oc3cnc4[nH]ccc4c3)c2)=C(C1)c1ccc(Cl)cc1,Ki, 0.114,nM,704644,,,False
COC1(COc2ccc(cc2[N+]([O-])=O)S(=O)(=O)NC(=O)c2ccc(cc2Oc2cnc3[nH]ccc3c2)N2CCN(CC3=C(CC(C)(C)CC3)c3ccc(Cl)cc3)CC2)CCOCC1,Ki, 0.115,nM,704826,,,False
COC1(COc2ccc(cc2[N+]([O-])=O)S(=O)(=O)NC(=O)c2ccc(cc2Oc2cnc3[nH]ccc3c2)N2CCN(CC3=C(CC(C)(C)CC3)c3ccc(Cl)cc3)CC2)CCOCC1,Ki, 0.115,nM,1179923,,,False
COC1(COc2ccc(cc2[N+]([O-])=O)S(=O)(=O)NC(=O)c2ccc(cc2Oc2cnc3[nH]ccc3c2)N2CCN(CC3=C(CC(C)(C)CC3)c3ccc(Cl)cc3)CC2)CCOCC1,Ki, 0.115,nM,1372965,,,False
COC1(COc2ccc(cc2[N+]([O-])=O)S(=O)(=O)NC(=O)c2ccc(cc2Oc2cnc3[nH]ccc3c2)N2CCN(CC3=C(CC(C)(C)CC3)c3ccc(Cl)cc3)CC2)CCOCC1 |t:45|,Ki, 0.115,nM,339776,,,False
CN(C)CCCOc1ccc(cc1[N+]([O-])=O)S(=O)(=O)NC(=O)c1ccc(cc1Oc1ccc2[nH]ccc2c1)N1CCN(CC2=C(CC(C)(C)CC2)c2ccc(Cl)cc2)CC1 |t:47|,Ki, 0.116,nM,324821,,,False
CC1(C)CCC(CN2CCN(CC2)c2ccc(C(=O)NS(=O)(=O)c3ccc(NCC4CCS(=O)(=O)C4)c(c3)[N+]([O-])=O)c(Oc3cccc4[nH]ccc34)c2)=C(C1)c1ccc(Cl)cc1 |c:58|,Ki, 0.116,nM,325030,,,False
CN(C)CCCCNc1ccc(cc1[N+]([O-])=O)S(=O)(=O)NC(=O)c1ccc(cc1Oc1ccccc1)N1CCN(Cc2ccccc2-c2ccc(Cl)cc2)CC1,Ki, 0.116,nM,324872,,,False
CC1(C)CCC(CN2CCN(CC2)c2ccc(C(=O)NS(=O)(=O)c3ccc(NCCCN4CCNC(=O)C4)c(c3)[N+]([O-])=O)c(Oc3ccccc3Cl)c2)=C(C1)c1ccc(Cl)cc1,Ki, 0.119,nM,387829,,,False
CN1CCC(CC1)Nc1ccc(cc1[N+]([O-])=O)S(=O)(=O)NC(=O)c1ccc(cc1Oc1ccccc1C)N1CCN(CC2=C(CC(C)(C)CC2)c2ccc(Cl)cc2)CC1 |t:46|,Ki, 0.119,nM,281509,,,False
CC1(C)CCC(CN2CCN(CC2)c2ccc(C(=O)NS(=O)(=O)c3ccc(NCc4cccc(OC(F)(F)F)c4)c(c3)[N+]([O-])=O)c(Oc3cnc4[nH]ccc4c3)c2)=C(C1)c1ccc(Cl)cc1,Ki, 0.119,nM,704767,,,False
CC1(C)CCC(CN2CCN(CC2)c2ccc(C(=O)NS(=O)(=O)c3ccc(NCc4cccc(OC(F)(F)F)c4)c(c3)[N+]([O-])=O)c(Oc3cnc4[nH]ccc4c3)c2)=C(C1)c1ccc(Cl)cc1,Ki, 0.119,nM,1180181,,,False
CC1(C)CCC(CN2CCN(CC2)c2ccc(C(=O)NS(=O)(=O)c3ccc(NCc4cccc(OC(F)(F)F)c4)c(c3)[N+]([O-])=O)c(Oc3cnc4[nH]ccc4c3)c2)=C(C1)c1ccc(Cl)cc1 |c:62|,Ki, 0.119,nM,339724,,,False
CN1CCC(CC1)Nc1ccc(cc1[N+]([O-])=O)S(=O)(=O)NC(=O)c1ccc(cc1Oc1ccccc1C)N1CCN(CC2=C(CC(C)(C)CC2)c2ccc(Cl)cc2)CC1,Ki, 0.119,nM,387758,,,False
CC1(C)CCC(CN2CCN(CC2)c2ccc(C(=O)NS(=O)(=O)c3ccc(NCc4cccc(OC(F)(F)F)c4)c(c3)[N+]([O-])=O)c(Oc3cnc4[nH]ccc4c3)c2)=C(C1)c1ccc(Cl)cc1,Ki, 0.119,nM,1372906,,,False
CC1(C)CCC(CN2CCN(CC2)c2ccc(C(=O)NS(=O)(=O)c3ccc(NCCCN4CCNC(=O)C4)c(c3)[N+]([O-])=O)c(Oc3ccccc3Cl)c2)=C(C1)c1ccc(Cl)cc1 |c:57|,Ki, 0.119,nM,281579,,,False
C[C@H](N1CCN(CC1)c1ccc(C(=O)NS(=O)(=O)c2ccc(NCC3CCOCC3)c(c2)[N+]([O-])=O)c(Oc2cccc3[nH]ccc23)c1)c1ccccc1-c1ccc(Cl)cc1,Ki, 0.12,nM,324964,,,False
CN1CCC(CC1)Nc1ccc(cc1[N+]([O-])=O)S(=O)(=O)NC(=O)c1ccc(cc1Oc1cc(F)cc(F)c1Cl)N1CCN(CC2=C(CC(C)(C)CC2)c2ccc(Cl)cc2)CC1 |t:48|,Ki, 0.12,nM,281494,,,False
OCCCN1CCC(=C(CN2CCN(CC2)c2ccc(C(=O)NS(=O)(=O)c3ccc(NCC4CCOCC4)c(c3)[N+]([O-])=O)c(Oc3cccc4[nH]ccc34)c2)C1)c1ccc(Cl)cc1 |t:7|,Ki, 0.12,nM,325059,,,False
CC1(C)CCC(CN2CCN(CC2)c2ccc(C(=O)NS(=O)(=O)c3cnc(NCC4(F)CCOCC4)c(Cl)c3)c(Oc3cccc4[nH]ncc34)c2)=C(C1)c1ccc(Cl)cc1 |c:56|,Ki, 0.12,nM,325116,,,False
CN1CCC(CC1)Nc1ccc(cc1[N+]([O-])=O)S(=O)(=O)NC(=O)c1ccc(cc1Oc1cc(F)cc(F)c1Cl)N1CCN(CC2=C(CC(C)(C)CC2)c2ccc(Cl)cc2)CC1,Ki, 0.12,nM,387742,,,False
CC1(C)CCC(CN2CCN(CC2)c2ccc(C(=O)NS(=O)(=O)c3cnc(OC4CCN(CC4)C4CCOCC4)c(c3)C#N)c(Oc3cnc4[nH]ccc4c3)c2)=C(C1)c1ccc(Cl)cc1,Ki, 0.123,nM,1180000,,,False
CC1(C)CCC(CN2CCN(CC2)c2ccc(C(=O)NS(=O)(=O)c3cnc(OC4CCN(CC4)C4CCOCC4)c(c3)C#N)c(Oc3cnc4[nH]ccc4c3)c2)=C(C1)c1ccc(Cl)cc1 |c:62|,Ki, 0.123,nM,339633,,,False
CC1(C)CCC(CN2CCN(CC2)c2ccc(C(=O)NS(=O)(=O)c3ccc(NCCCN4CCOCC4)c(c3)[N+]([O-])=O)c(Oc3ccccc3Cl)c2)=C(C1)c1ccc(Cl)cc1,Ki, 0.123,nM,387694,,,False
CC1(C)CCC(CN2CCN(CC2)c2ccc(C(=O)NS(=O)(=O)c3cnc(OC4CCN(CC4)C4CCOCC4)c(c3)C#N)c(Oc3cnc4[nH]ccc4c3)c2)=C(C1)c1ccc(Cl)cc1,Ki, 0.123,nM,1372815,,,False
CC1(C)CCC(CN2CCN(CC2)c2ccc(C(=O)NS(=O)(=O)c3ccc(NCCCN4CCOCC4)c(c3)[N+]([O-])=O)c(Oc3ccccc3Cl)c2)=C(C1)c1ccc(Cl)cc1 |c:56|,Ki, 0.123,nM,281448,,,False
CC1(C)CCC(CN2CCN(CC2)c2ccc(C(=O)NS(=O)(=O)c3cnc(OC4CCN(CC4)C4CCOCC4)c(c3)C#N)c(Oc3cnc4[nH]ccc4c3)c2)=C(C1)c1ccc(Cl)cc1,Ki, 0.123,nM,704676,,,False
CC1(C)CCC(CN2CCN(CC2)c2ccc(C(=O)NS(=O)(=O)c3ccc(NCC4CCOCC4)c(c3)[N+]([O-])=O)c(Oc3cc4cc[nH]c4cc3F)c2)=C(C1)c1ccc(Cl)cc1,Ki, 0.124,nM,387813,,,False
CC1(C)CCC(CN2CCN(CC2)c2ccc(C(=O)NS(=O)(=O)c3ccc(NCC4CCOCC4)c(c3)[N+]([O-])=O)c(Oc3cc4cc[nH]c4cc3F)c2)=C(C1)c1ccc(Cl)cc1 |c:58|,Ki, 0.124,nM,281563,,,False
CN(C)CCCNc1ccc(cc1[N+]([O-])=O)S(=O)(=O)NC(=O)c1ccc(cc1Oc1ccc(F)cc1)N1CCN(CC2=C(CC(C)(C)CC2)c2ccc(Cl)cc2)CC1,Ki, 0.125,nM,387717,,,False
CN1CCC(CC1)Nc1ccc(cc1[N+]([O-])=O)S(=O)(=O)NC(=O)c1ccc(cc1Oc1ccc2[nH]ccc2c1)N1CCN(CC2=C(CCCC2)c2ccc(Cl)cc2)CC1 |t:49|,Ki, 0.125,nM,324802,,,False
"CCN(CC)C1CCC(CC1)Nc1ccc(cc1[N+]([O-])=O)S(=O)(=O)NC(=O)c1ccc(cc1Oc1ccc2[nH]ccc2c1)N1CCN(CC2=C(CC(C)(C)CC2)c2ccc(Cl)cc2)CC1 |t:53,(4.92,15.64,;6.26,14.87,;6.26,13.33,;4.92,12.56,;4.92,11.02,;7.59,12.56,;7.59,11.02,;8.92,10.25,;10.26,11.02,;10.26,12.56,;8.92,13.33,;11.59,10.25,;11.59,8.71,;10.26,7.94,;10.26,6.4,;11.59,5.63,;12.93,6.4,;12.93,7.94,;14.26,8.71,;14.26,10.25,;15.59,7.94,;11.59,4.09,;13.13,4.09,;10.05,4.09,;11.59,2.55,;10.26,1.78,;8.92,2.55,;10.26,.24,;11.59,-.53,;11.59,-2.07,;10.26,-2.84,;8.92,-2.07,;8.92,-.53,;7.59,.24,;6.26,-.53,;6.26,-2.07,;4.92,-2.84,;3.59,-2.07,;2.13,-2.55,;1.22,-1.3,;2.13,-.06,;3.59,-.53,;4.92,.24,;10.26,-4.38,;11.59,-5.15,;11.59,-6.69,;10.26,-7.46,;10.26,-9,;11.59,-9.77,;11.59,-11.31,;12.93,-12.08,;14.26,-11.31,;15.08,-12.62,;15.8,-11.37,;14.26,-9.77,;12.93,-9,;10.26,-12.08,;10.26,-13.62,;8.92,-14.39,;7.59,-13.62,;6.26,-14.39,;7.59,-12.08,;8.92,-11.31,;8.92,-6.69,;8.92,-5.15,)|",Ki, 0.125,nM,324910,,,False
CN(C)CCCNc1ccc(cc1[N+]([O-])=O)S(=O)(=O)NC(=O)c1ccc(cc1Oc1ccc(F)cc1)N1CCN(CC2=C(CC(C)(C)CC2)c2ccc(Cl)cc2)CC1 |t:44|,Ki, 0.125,nM,281471,,,False
CN(C)CCCNc1ccc(cc1S(=O)(=O)C(F)(F)F)S(=O)(=O)NC(=O)c1ccc(cc1Oc1ccc2[nH]ccc2c1)N1CCN(CC2=C(CC(C)(C)CC2)c2ccc(Cl)cc2)CC1 |t:51|,Ki, 0.126,nM,324882,,,False
CC(N1CCN(CC1)c1ccc(C(=O)NS(=O)(=O)c2ccc(NN3CCN(C)CC3)c(c2)[N+]([O-])=O)c(Oc2ccc3[nH]ccc3c2)c1)C1=C(CC(C)(C)CC1)c1ccc(Cl)cc1 |t:53|,Ki, 0.126,nM,324962,,,False
CC1(C)CCC(CN2CCN(CC2)c2ccc(C(=O)NS(=O)(=O)c3cnc(N[C@H]4CC[C@@H](CC4)N4CCOCC4)c(c3)C#N)c(Oc3cnc4[nH]ccc4c3)c2)=C(C1)c1ccc(Cl)cc1,Ki, 0.127,nM,1180050,,,False
CC1(C)CCC(CN2CCN(CC2)c2ccc(C(=O)NS(=O)(=O)c3ccc(NC[C@H]4CCN(C4)C4COC4)c(c3)[N+]([O-])=O)c(Oc3cnc4[nH]ccc4c3)c2)=C(C1)c1ccc(Cl)cc1,Ki,<0.010,nM,1179845,,,False
CC1(C)CCC(CN2CCN(CC2)c2ccc(C(=O)NS(=O)(=O)c3ccc(N[C@@H]4CCN(C4)C4CCOCC4)c(c3)[N+]([O-])=O)c(Oc3cnc4[nH]ccc4c3)c2)=C(C1)c1ccc(Cl)cc1,Ki,<0.010,nM,704722,,,False
CC1(C)CCC(CN2CCN(CC2)c2ccc(C(=O)NS(=O)(=O)c3ccc(N[C@H]4CC[C@@H](CC4)N4CCOCC4)c(c3)[N+]([O-])=O)c(Oc3cnc4[nH]ccc4c3)c2)=C(C1)c1ccc(Cl)cc1,Ki,<0.010,nM,1179850,,,False
CC1(C)CCC(CN2CCN(CC2)c2ccc(C(=O)NS(=O)(=O)c3ccc(N[C@@H]4CCN(C4)C4CCOC(C)(C)C4)c(c3)[N+]([O-])=O)c(Oc3cnc4[nH]ccc4c3)c2)=C(C1)c1ccc(Cl)cc1,Ki,<0.010,nM,704723,,,False
CC1(C)CCC(CN2CCN(CC2)c2ccc(C(=O)NS(=O)(=O)c3ccc(NCc4ccc(OCCN5CCOCC5)cc4)c(c3)[N+]([O-])=O)c(Oc3cnc4[nH]ccc4c3)c2)=C(C1)c1ccc(Cl)cc1,Ki,<0.010,nM,1179851,,,False
CC1(C)CCC(CN2CCN(CC2)c2ccc(C(=O)NS(=O)(=O)c3ccc(N[C@H]4CC[C@@H](CC4)N4CCN(CC4)C4CCOCC4)c(c3)[N+]([O-])=O)c(Oc3cnc4[nH]ccc4c3)c2)=C(C1)c1ccc(Cl)cc1,Ki,<0.010,nM,704720,,,False
CN(C)CCCOc1ccc(CNc2ccc(cc2[N+]([O-])=O)S(=O)(=O)NC(=O)c2ccc(cc2Oc2cnc3[nH]ccc3c2)N2CCN(CC3=C(CC(C)(C)CC3)c3ccc(Cl)cc3)CC2)cc1,Ki,<0.010,nM,1179849,,,False
CN1CCOC(CNc2ccc(cc2[N+]([O-])=O)S(=O)(=O)NC(=O)c2ccc(cc2Oc2cnc3[nH]ccc3c2)N2CCN(CC3=C(CC(C)(C)CC3)c3ccc(Cl)cc3)CC2)C1,Ki,<0.010,nM,704726,,,False
COCCN1CCOC(CNc2ccc(cc2[N+]([O-])=O)S(=O)(=O)NC(=O)c2ccc(cc2Oc2cnc3[nH]ccc3c2)N2CCN(CC3=C(CC(C)(C)CC3)c3ccc(Cl)cc3)CC2)C1,Ki,<0.010,nM,704727,,,False
CC1(C)CCC(CN2CCN(CC2)c2ccc(C(=O)NS(=O)(=O)c3ccc(NCC45CC6CC(C4)C(O)C(C6)C5)c(c3)[N+]([O-])=O)c(Oc3cnc4[nH]ccc4c3)c2)=C(C1)c1ccc(Cl)cc1,Ki,<0.010,nM,1179855,,,False
CC1(C)CCC(CN2CCN(CC2)c2ccc(C(=O)NS(=O)(=O)c3ccc(N[C@H]4CCN(C4)C4CCOCC4)c(c3)[N+]([O-])=O)c(Oc3cnc4[nH]ccc4c3)c2)=C(C1)c1ccc(Cl)cc1,Ki,<0.010,nM,704724,,,False
COCCNc1ccc(cc1[N+]([O-])=O)S(=O)(=O)NC(=O)c1ccc(cc1Oc1cnc2[nH]ccc2c1)N1CCN(CC2=C(CC(C)(C)CC2)c2ccc(Cl)cc2)CC1,Ki,<0.010,nM,1179852,,,False
CC1(C)CCC(CN2CCN(CC2)c2ccc(C(=O)NS(=O)(=O)c3ccc(N[C@H]4CCN(C4)C4CCOC(C)(C)C4)c(c3)[N+]([O-])=O)c(Oc3cnc4[nH]ccc4c3)c2)=C(C1)c1ccc(Cl)cc1,Ki,<0.010,nM,704725,,,False
CC1(C)CCC(CN2CCN(CC2)c2ccc(C(=O)NS(=O)(=O)c3ccc(NCC45CC6CC(C4)C(O)C(C6)C5)c(c3)[N+]([O-])=O)c(Oc3cnc4[nH]ccc4c3)c2)=C(C1)c1ccc(Cl)cc1,Ki,<0.010,nM,1179853,,,False
CC(=O)N1CC[C@H](C1)Nc1ccc(cc1[N+]([O-])=O)S(=O)(=O)NC(=O)c1ccc(cc1Oc1cnc2[nH]ccc2c1)N1CCN(CC2=C(CC(C)(C)CC2)c2ccc(Cl)cc2)CC1,Ki,<0.010,nM,704746,,,False
CO[C@@H]1CC[C@H](CNc2ccc(cc2[N+]([O-])=O)S(=O)(=O)NC(=O)c2ccc(cc2Oc2cnc3[nH]ccc3c2)N2CCN(CC3=C(CC(C)(C)CC3)c3ccc(Cl)cc3)CC2)CC1,Ki,<0.010,nM,1179890,,,False
CC1(C)CCC(CN2CCN(CC2)c2ccc(C(=O)NS(=O)(=O)c3ccc(NCC4CCN(C4)S(C)(=O)=O)c(c3)[N+]([O-])=O)c(Oc3cnc4[nH]ccc4c3)c2)=C(C1)c1ccc(Cl)cc1,Ki,<0.010,nM,704744,,,False
CC1(C)CCC(CN2CCN(CC2)c2ccc(C(=O)NS(=O)(=O)c3ccc(OC[C@@H]4COCCO4)c(c3)[N+]([O-])=O)c(Oc3cnc4[nH]ccc4c3)c2)=C(C1)c1ccc(Cl)cc1,Ki,<0.010,nM,1179888,,,False
CC(=O)N1CCC(CNc2ccc(cc2[N+]([O-])=O)S(=O)(=O)NC(=O)c2ccc(cc2Oc2cnc3[nH]ccc3c2)N2CCN(CC3=C(CC(C)(C)CC3)c3ccc(Cl)cc3)CC2)C1,Ki,<0.010,nM,704745,,,False
CC1(C)CCC(CN2CCN(CC2)c2ccc(C(=O)NS(=O)(=O)c3ccc(NCC4CN(CCO4)C4COC4)c(c3)[N+]([O-])=O)c(Oc3cnc4[nH]ccc4c3)c2)=C(C1)c1ccc(Cl)cc1,Ki,<0.010,nM,1179889,,,False
CC1(C)CCC(CN2CCN(CC2)c2ccc(C(=O)NS(=O)(=O)c3ccc(NC[C@H]4CC[C@@H](O)C4)c(c3)[N+]([O-])=O)c(Oc3cnc4[nH]ccc4c3)c2)=C(C1)c1ccc(Cl)cc1,Ki,<0.010,nM,704750,,,False
CC1(C)CC(=C(CN2CCN(CC2)c2ccc(C(=O)NS(=O)(=O)c3ccc(NCC4COCCO4)c(c3)[N+]([O-])=O)c(Oc3cnc4[nH]ccc4c3)c2)CO1)c1ccc(Cl)cc1,Ki,<0.010,nM,1179894,,,False
CC1(C)CCC(CN2CCN(CC2)c2ccc(C(=O)NS(=O)(=O)c3ccc(NC[C@@H]4CC[C@H](O)C4)c(c3)[N+]([O-])=O)c(Oc3cnc4[nH]ccc4c3)c2)=C(C1)c1ccc(Cl)cc1,Ki,<0.010,nM,704751,,,False
CC1(C)CCC(CN2CCN(CC2)c2ccc(C(=O)NS(=O)(=O)c3ccc(NC[C@@H]4CC[C@@H](O)C4)c(c3)[N+]([O-])=O)c(Oc3cnc4[nH]ccc4c3)c2)=C(C1)c1ccc(Cl)cc1,Ki,<0.010,nM,704748,,,False
CC1(C)CCC(CN2CCN(CC2)c2ccc(C(=O)NS(=O)(=O)c3ccc(OC[C@H]4COCCO4)c(c3)[N+]([O-])=O)c(Oc3cnc4[nH]ccc4c3)c2)=C(C1)c1ccc(Cl)cc1,Ki,<0.010,nM,1179892,,,False
CC1(C)CCC(CN2CCN(CC2)c2ccc(C(=O)NS(=O)(=O)c3ccc(NC[C@H]4CC[C@H](O)C4)c(c3)[N+]([O-])=O)c(Oc3cnc4[nH]ccc4c3)c2)=C(C1)c1ccc(Cl)cc1,Ki,<0.010,nM,704749,,,False
CC(C)(CO)CNc1ccc(cc1[N+]([O-])=O)S(=O)(=O)NC(=O)c1ccc(cc1Oc1cnc2[nH]ccc2c1)N1CCN(CC2=C(CC(C)(C)CC2)c2ccc(Cl)cc2)CC1,Ki,<0.010,nM,704738,,,False
CC1(C)CC(=C(CN2CCN(CC2)c2ccc(C(=O)NS(=O)(=O)c3ccc(N[C@H]4CC[C@@H](CC4)N4CCOCC4)c(c3)[N+]([O-])=O)c(Oc3cnc4[nH]ccc4c3)c2)CO1)c1ccc(Cl)cc1,Ki,<0.010,nM,1179898,,,False
CC1(C)CCC(CN2CCN(CC2)c2ccc(C(=O)NS(=O)(=O)c3ccc(NCC4CCCN(C4)S(C)(=O)=O)c(c3)[N+]([O-])=O)c(Oc3cnc4[nH]ccc4c3)c2)=C(C1)c1ccc(Cl)cc1,Ki,<0.010,nM,704739,,,False
CC1(C)CCC(CN2CCN(CC2)c2ccc(C(=O)NS(=O)(=O)c3ccc(N[C@@H]4CCN(C4)C4CC4)c(c3)[N+]([O-])=O)c(Oc3cnc4[nH]ccc4c3)c2)=C(C1)c1ccc(Cl)cc1,Ki,<0.010,nM,704736,,,False
CC1(C)CC(=C(CN2CCN(CC2)c2ccc(C(=O)NS(=O)(=O)c3ccc(OCC4COCCO4)c(c3)[N+]([O-])=O)c(Oc3cnc4[nH]ccc4c3)c2)CO1)c1ccc(Cl)cc1,Ki,<0.010,nM,1179896,,,False
CC1(C)CCC(CN2CCN(CC2)c2ccc(C(=O)NS(=O)(=O)c3ccc(NC[C@@H]4CCN(C4)C4CCOCC4)c(c3)[N+]([O-])=O)c(Oc3cnc4[nH]ccc4c3)c2)=C(C1)c1ccc(Cl)cc1,Ki,<0.010,nM,704737,,,False
CC1(C)CCCC(CN2CCN(CC2)c2ccc(C(=O)NS(=O)(=O)c3ccc(NCC4CCOCC4)c(c3)[N+]([O-])=O)c(Oc3cnc4[nH]ccc4c3)c2)=C1c1ccc(Cl)cc1,Ki,<0.010,nM,704742,,,False
CC1(C)CC(=C(CN2CCN(CC2)c2ccc(C(=O)NS(=O)(=O)c3cnc(OCC4CCOCC4)c(c3)C#N)c(Oc3cnc4[nH]ccc4c3)c2)CO1)c1ccc(Cl)cc1,Ki,<0.010,nM,1179902,,,False
CC1(C)CCC(CN2CCN(CC2)c2ccc(C(=O)NS(=O)(=O)c3ccc(N[C@@H]4CCN(C4)C4COC4)c(c3)[N+]([O-])=O)c(Oc3cnc4[nH]ccc4c3)c2)=C(C1)c1ccc(Cl)cc1,Ki,<0.010,nM,1179903,,,False
CC(=O)N1CCCC(CNc2ccc(cc2[N+]([O-])=O)S(=O)(=O)NC(=O)c2ccc(cc2Oc2cnc3[nH]ccc3c2)N2CCN(CC3=C(CC(C)(C)CC3)c3ccc(Cl)cc3)CC2)C1,Ki,<0.010,nM,704740,,,False
CO[C@H]1CC[C@H](CNc2ccc(cc2[N+]([O-])=O)S(=O)(=O)NC(=O)c2ccc(cc2Oc2cnc3[nH]ccc3c2)N2CCN(CC3=C(CC(C)(C)CC3)c3ccc(Cl)cc3)CC2)CC1,Ki, 0.010,nM,1179900,,,False
CC1(C)CCC(CN2CCN(CC2)c2ccc(C(=O)NS(=O)(=O)c3ccc(N[C@@H]4CCN(C4)S(C)(=O)=O)c(c3)[N+]([O-])=O)c(Oc3cnc4[nH]ccc4c3)c2)=C(C1)c1ccc(Cl)cc1,Ki,<0.010,nM,704741,,,False
CC1(C)CCC(CN2CCN(CC2)c2ccc(C(=O)NS(=O)(=O)c3ccc(NCC4COCCN4C4CCOC4)c(c3)[N+]([O-])=O)c(Oc3cnc4[nH]ccc4c3)c2)=C(C1)c1ccc(Cl)cc1,Ki,<0.010,nM,704763,,,False
CC1(C)CCC(CN2CCN(CC2)c2ccc(C(=O)NS(=O)(=O)c3ccc(OC[C@@H]4CC(F)(F)CN4C4COC4)c(c3)[N+]([O-])=O)c(Oc3cnc4[nH]ccc4c3)c2)=C(C1)c1ccc(Cl)cc1,Ki,<0.010,nM,704760,,,False
CC1(C)CCC(CN2CCN(CC2)c2ccc(C(=O)NS(=O)(=O)c3ccc(NC[C@@H]4CCN(C4)C4COC4)c(c3)[N+]([O-])=O)c(Oc3cnc4[nH]ccc4c3)c2)=C(C1)c1ccc(Cl)cc1,Ki,<0.010,nM,1179873,,,False
COc1ccc(CNc2ccc(cc2[N+]([O-])=O)S(=O)(=O)NC(=O)c2ccc(cc2Oc2cnc3[nH]ccc3c2)N2CCN(CC3=C(CC(C)(C)CC3)c3ccc(Cl)cc3)CC2)cc1,Ki,<0.010,nM,704766,,,False
CC1(C)CCC(CN2CCN(CC2)c2ccc(C(=O)NS(=O)(=O)c3ccc(NCC4CCN(CC4)C(CF)CF)c(c3)[N+]([O-])=O)c(Oc3cnc4[nH]ccc4c3)c2)=C(C1)c1ccc(Cl)cc1,Ki,<0.010,nM,704764,,,False
CC1(C)CCC(CN2CCN(CC2)c2ccc(C(=O)NS(=O)(=O)c3ccc(OCC4(F)CCN(CC4)C4CC4)c(c3)[N+]([O-])=O)c(Oc3cnc4[nH]ccc4c3)c2)=C(C1)c1ccc(Cl)cc1,Ki,<0.010,nM,704765,,,False
CC1(C)CCC(CN2CCN(CC2)c2ccc(C(=O)NS(=O)(=O)c3ccc(NCC4CN(C4)C4COC4)c(c3)[N+]([O-])=O)c(Oc3cnc4[nH]ccc4c3)c2)=C(C1)c1ccc(Cl)cc1,Ki,<0.010,nM,704754,,,False
CC1(C)CCC(CN2CCN(CC2)c2ccc(C(=O)NS(=O)(=O)c3ccc(NCC4COCCO4)c(c3)[N+]([O-])=O)c(Oc3cnc4[nH]ccc4c3)c2)=C(C1)c1ccc(Cl)cc1,Ki,<0.010,nM,1179882,,,False
CC1(C)CCC(CN2CCN(CC2)c2ccc(C(=O)NS(=O)(=O)c3ccc(NCC4CCN(CC4)C4COC4)c(c3)[N+]([O-])=O)c(Oc3cnc4[nH]ccc4c3)c2)=C(C1)c1ccc(Cl)cc1,Ki,<0.010,nM,704755,,,False
CC1(C)CCC(CN2CCN(CC2)c2ccc(C(=O)NS(=O)(=O)c3ccc(NCC4CN(CC#N)CCO4)c(c3)[N+]([O-])=O)c(Oc3cnc4[nH]ccc4c3)c2)=C(C1)c1ccc(Cl)cc1,Ki,<0.010,nM,1179883,,,False
CC1(C)CCC(CN2CCN(CC2)c2ccc(C(=O)NS(=O)(=O)c3ccc(N[C@H]4CCCNC4=O)c(c3)[N+]([O-])=O)c(Oc3cnc4[nH]ccc4c3)c2)=C(C1)c1ccc(Cl)cc1,Ki,<0.010,nM,704752,,,False
CC1(C)CCC(CN2CCN(CC2)c2ccc(C(=O)NS(=O)(=O)c3ccc(OCC4CCOCC4)c(c3)[N+]([O-])=O)c(Oc3cnc4[nH]ccc4c3)c2)=C(C1)c1ccc(Cl)cc1,Ki,<0.010,nM,1179880,,,False
CN1CCN(CC1)Nc1ccc(cc1[N+]([O-])=O)S(=O)(=O)NC(=O)c1ccc(cc1Oc1cc2cc[nH]c2c(F)c1F)N1CCN(CC2=C(CC(C)(C)CC2)c2ccc(Cl)cc2)CC1,Ki, 0.127,nM,387796,,,False
CN1CCC(CC1)Nc1ccc(cc1[N+]([O-])=O)S(=O)(=O)NC(=O)c1ccc(cc1Oc1cccc(Cl)c1F)N1CCN(CC2=C(CC(C)(C)CC2)c2ccc(Cl)cc2)CC1 |t:47|,Ki, 0.127,nM,281479,,,False
"CC1(C)CC(=C(CN2CCN(CC2)c2ccc(C(=O)NS(=O)(=O)c3ccc(NC4CCC(CC4)N4CCOCC4)c(c3)[N+]([O-])=O)c(Oc3cc4cc[nH]c4cc3Cl)c2)CO1)c1ccc(Cl)cc1 |t:4,(-1.64,-14.42,;-.82,-13.11,;-2.36,-13.17,;.51,-13.88,;1.84,-13.11,;1.84,-11.57,;3.18,-10.8,;3.18,-9.26,;4.51,-8.49,;4.51,-6.95,;3.18,-6.18,;1.84,-6.95,;1.84,-8.49,;3.18,-4.64,;4.51,-3.87,;4.51,-2.33,;3.18,-1.56,;3.18,-.02,;1.84,.75,;4.51,.75,;4.51,2.29,;6.05,2.29,;2.97,2.29,;4.51,3.83,;5.84,4.6,;5.84,6.14,;4.51,6.91,;4.51,8.45,;5.84,9.22,;5.84,10.76,;7.18,11.53,;8.51,10.76,;8.51,9.22,;7.18,8.45,;9.84,11.53,;9.84,13.07,;11.18,13.84,;12.51,13.07,;12.51,11.53,;11.18,10.76,;3.18,6.14,;3.18,4.6,;1.84,6.91,;.51,6.14,;1.84,8.45,;1.84,-2.33,;.51,-1.56,;-.82,-2.33,;-2.16,-1.56,;-3.49,-2.33,;-4.96,-1.86,;-5.86,-3.1,;-4.96,-4.35,;-3.49,-3.87,;-2.16,-4.64,;-.82,-3.87,;.51,-4.64,;1.84,-3.87,;.51,-10.8,;-.82,-11.57,;3.18,-13.88,;4.51,-13.11,;5.84,-13.88,;5.84,-15.42,;7.18,-16.19,;4.51,-16.19,;3.18,-15.42,)|",Ki, 0.127,nM,281618,,,False
CC1(C)CCC(CN2CCN(CC2)c2ccc(C(=O)NS(=O)(=O)c3cnc(N[C@H]4CC[C@@H](CC4)N4CCOCC4)c(c3)C#N)c(Oc3cnc4[nH]ccc4c3)c2)=C(C1)c1ccc(Cl)cc1,Ki, 0.127,nM,704701,,,False
CN1CCC(CC1)Nc1ccc(cc1[N+]([O-])=O)S(=O)(=O)NC(=O)c1ccc(cc1Oc1cccc(Cl)c1F)N1CCN(CC2=C(CC(C)(C)CC2)c2ccc(Cl)cc2)CC1,Ki, 0.127,nM,387725,,,False
CC1(C)CC(=C(CN2CCN(CC2)c2ccc(C(=O)NS(=O)(=O)c3ccc(NC4CCC(CC4)N4CCOCC4)c(c3)[N+]([O-])=O)c(Oc3cc4cc[nH]c4cc3Cl)c2)CO1)c1ccc(Cl)cc1,Ki, 0.127,nM,387869,,,False
CC1(C)CCC(CN2CCN(CC2)c2ccc(C(=O)NS(=O)(=O)c3cnc(N[C@H]4CC[C@@H](CC4)N4CCOCC4)c(c3)C#N)c(Oc3cnc4[nH]ccc4c3)c2)=C(C1)c1ccc(Cl)cc1,Ki, 0.127,nM,1372840,,,False
CN1CCN(CC1)Nc1ccc(cc1[N+]([O-])=O)S(=O)(=O)NC(=O)c1ccc(cc1Oc1cc2cc[nH]c2c(F)c1F)N1CCN(CC2=C(CC(C)(C)CC2)c2ccc(Cl)cc2)CC1 |t:51|,Ki, 0.127,nM,281546,,,False
"CC1(C)CCC(CN2CCN(CC2)c2ccc(C(=O)NS(=O)(=O)c3cnc(NC4CCC(CC4)N4CCOCC4)c(c3)C#N)c(Oc3cnc4[nH]ccc4c3)c2)=C(C1)c1ccc(Cl)cc1 |c:62,(12.12,-10.78,;11.3,-9.48,;12.84,-9.53,;11.3,-7.94,;9.97,-7.17,;8.64,-7.94,;7.3,-7.17,;7.3,-5.63,;8.64,-4.86,;8.64,-3.32,;7.3,-2.55,;5.97,-3.32,;5.97,-4.86,;7.3,-1.01,;8.64,-.24,;8.64,1.3,;7.3,2.07,;7.3,3.61,;8.64,4.38,;5.97,4.38,;5.97,5.92,;5.97,7.46,;7.51,5.92,;4.43,5.92,;3.66,4.59,;2.12,4.59,;1.35,5.92,;-.19,5.92,;-.96,7.26,;-2.5,7.26,;-3.27,8.59,;-2.5,9.93,;-.96,9.93,;-.19,8.59,;-3.27,11.26,;-4.81,11.26,;-5.58,12.59,;-4.81,13.93,;-3.27,13.93,;-2.5,12.59,;2.12,7.26,;3.66,7.26,;1.35,8.59,;.58,9.93,;5.97,1.3,;4.64,2.07,;3.3,1.3,;3.3,-.24,;1.97,-1.01,;.63,-.24,;-.83,-.71,;-1.74,.53,;-.83,1.78,;.63,1.3,;1.97,2.07,;5.97,-.24,;8.64,-9.48,;9.97,-10.25,;7.3,-10.25,;7.3,-11.79,;5.97,-12.56,;4.64,-11.79,;3.3,-12.56,;4.64,-10.25,;5.97,-9.48,)|",Ki, 0.127,nM,339658,,,False
CC1(C)CCC(CN2CCN(CC2)c2ccc(C(=O)NS(=O)(=O)c3ccc(OCC4COCCO4)c(c3)[N+]([O-])=O)c(Oc3ccc4[nH]ccc4c3)c2)=C(C1)c1ccc(Cl)cc1,Ki, 0.128,nM,1180016,,,False
CC1(C)CCC(CN2CCN(CC2)c2ccc(C(=O)NS(=O)(=O)c3ccc(OCC4COCCO4)c(c3)[N+]([O-])=O)c(Oc3ccc4[nH]ccc4c3)c2)=C(C1)c1ccc(Cl)cc1,Ki, 0.128,nM,1372823,,,False
CC1(C)CCC(CN2CCN(CC2)c2ccc(C(=O)NS(=O)(=O)c3ccc(OCC4COCCO4)c(c3)[N+]([O-])=O)c(Oc3ccc4[nH]ccc4c3)c2)=C(C1)c1ccc(Cl)cc1,Ki, 0.128,nM,704684,,,False
CC1(C)CCC(CN2CCN(CC2)c2ccc(C(=O)NS(=O)(=O)c3ccc(OCC4COCCO4)c(c3)[N+]([O-])=O)c(Oc3ccc4[nH]ccc4c3)c2)=C(C1)c1ccc(Cl)cc1,Ki, 0.128,nM,1373106,,,False
CC1(C)CCC(CN2CCN(CC2)c2ccc(C(=O)NS(=O)(=O)c3ccc(OCC4COCCO4)c(c3)[N+]([O-])=O)c(Oc3ccc4[nH]ccc4c3)c2)=C(C1)c1ccc(Cl)cc1 |c:57|,Ki, 0.128,nM,339641,,,False
CC1(C)CCC(CN2CCN(CC2)c2ccc(C(=O)NS(=O)(=O)c3ccc(OCC4COCCO4)c(c3)[N+]([O-])=O)c(Oc3ccc4[nH]ccc4c3)c2)=C(C1)c1ccc(Cl)cc1 |c:57|,Ki, 0.128,nM,325003,,,False
CN1CCC(CC1)Nc1ccc(cc1[N+]([O-])=O)S(=O)(=O)NC(=O)c1ccc(cc1Oc1ccccc1)N1CCN(Cc2ccccc2-c2ccc(Cl)cc2)CC1,Ki, 0.129,nM,324810,,,False
CC1(C)CCC(CN2CCN(CC2)c2ccc(C(=O)NS(=O)(=O)c3ccc(N[C@H]4CCN(C4)C4CC4)c(c3)[N+]([O-])=O)c(Oc3cnc4[nH]ccc4c3)c2)=C(C1)c1ccc(Cl)cc1,Ki, 0.130,nM,1180115,,,False
CC1(C)CCC(CN2CCN(CC2)c2ccc(C(=O)NS(=O)(=O)c3ccc(OCC4(F)CCOCC4)c(c3)C(F)(F)F)c(Oc3cnc4[nH]ccc4c3)c2)=C(C1)c1ccc(Cl)cc1 |c:59|,Ki, 0.13,nM,339847,,,False
CC1(C)CCC(CN2CCN(CC2)c2ccc(C(=O)NS(=O)(=O)c3ccc(OCC4(F)CCOCC4)c(c3)C(F)(F)F)c(Oc3cnc4[nH]ccc4c3)c2)=C(C1)c1ccc(Cl)cc1,Ki, 0.130,nM,704897,,,False
CC1(C)CCC(CN2CCN(CC2)c2ccc(C(=O)NS(=O)(=O)c3ccc(N[C@H]4CCN(C4)C4CC4)c(c3)[N+]([O-])=O)c(Oc3cnc4[nH]ccc4c3)c2)=C(C1)c1ccc(Cl)cc1 |c:59|,Ki, 0.13,nM,339691,,,False
CC1(C)CCC(CN2CCN(CC2)c2ccc(C(=O)NS(=O)(=O)c3ccc(OCC4(F)CCOCC4)c(c3)C(F)(F)F)c(Oc3cnc4[nH]ccc4c3)c2)=C(C1)c1ccc(Cl)cc1,Ki, 0.130,nM,1180066,,,False
CC1(C)CCC(CN2CCN(CC2)c2ccc(C(=O)NS(=O)(=O)c3ccc(N[C@H]4CCN(C4)C4CC4)c(c3)[N+]([O-])=O)c(Oc3cnc4[nH]ccc4c3)c2)=C(C1)c1ccc(Cl)cc1,Ki, 0.130,nM,704734,,,False
CC1(C)CCC(CN2CCN(CC2)c2ccc(C(=O)NS(=O)(=O)c3ccc(OCC4(F)CCOCC4)c(c3)C(F)(F)F)c(Oc3cnc4[nH]ccc4c3)c2)=C(C1)c1ccc(Cl)cc1,Ki, 0.130,nM,1373036,,,False
CC1(C)CCC(CN2CCN(CC2)c2ccc(C(=O)NS(=O)(=O)c3ccc(N[C@H]4CCN(C4)C4CC4)c(c3)[N+]([O-])=O)c(Oc3cnc4[nH]ccc4c3)c2)=C(C1)c1ccc(Cl)cc1,Ki, 0.130,nM,1372873,,,False
Cc1c(cc(C#N)n1C)N(C(=O)c1cc(-c2cc(Cl)ccc2C(=O)N2Cc3ccccc3C[C@H]2CN2CCOCC2)n(C)c1C)c1ccc(O)cc1,Ki, 0.130000,nM,51462830,,,False
CN1CCN(CC1)Nc1ccc(cc1[N+]([O-])=O)S(=O)(=O)NC(=O)c1ccc(cc1Oc1cccc2NC(=O)Cc12)N1CCN(CC2=C(CC(C)(C)CC2)c2ccc(Cl)cc2)CC1,Ki, 0.131,nM,387862,,,False
CN1CCC(CC1)Nc1ccc(cc1[N+]([O-])=O)S(=O)(=O)NC(=O)c1ccc(cc1Oc1ccc2[nH]ccc2c1)N1CCN(CC2=C(CC(C)(C)CC2)c2ccc(Cl)cc2)C(CO)C1 |t:49|,Ki, 0.131,nM,324927,,,False
CN1CCN(CC1)Nc1ccc(cc1[N+]([O-])=O)S(=O)(=O)NC(=O)c1ccc(cc1Oc1cccc2NC(=O)Cc12)N1CCN(CC2=C(CC(C)(C)CC2)c2ccc(Cl)cc2)CC1 |t:50|,Ki, 0.131,nM,281611,,,False
CN(C)CCCNc1ccc(cc1[N+]([O-])=O)S(=O)(=O)NC(=O)c1ccc(cc1Oc1ccccc1)N1CCN(Cc2ccccc2-c2ccc(Cl)cc2)CC1,Ki, 0.133,nM,324870,,,False
CC1(C)CCC(CN2CCN(CC2)c2ccc(C(=O)NS(=O)(=O)c3ccc(N[C@H]4CCN(C4)C4COC4)c(c3)[N+]([O-])=O)c(Oc3cnc4[nH]ccc4c3)c2)=C(C1)c1ccc(Cl)cc1,Ki, 0.133,nM,1179879,,,False
CC1(C)CCC(CN2CCN(CC2)c2ccc(C(=O)NS(=O)(=O)c3ccc(NC4CCN(C4)C4COC4)c(c3)[N+]([O-])=O)c(Oc3cnc4[nH]ccc4c3)c2)=C(C1)c1ccc(Cl)cc1 |c:60|,Ki, 0.133,nM,339757,,,False
CC1(C)CCC(CN2CCN(CC2)c2ccc(C(=O)NS(=O)(=O)c3ccc(N[C@H]4CCN(C4)C4COC4)c(c3)[N+]([O-])=O)c(Oc3cnc4[nH]ccc4c3)c2)=C(C1)c1ccc(Cl)cc1,Ki, 0.133,nM,1372943,,,False
CC1(C)CCC(CN2CCN(CC2)c2ccc(C(=O)NS(=O)(=O)c3ccc(N[C@H]4CCN(C4)C4COC4)c(c3)[N+]([O-])=O)c(Oc3cnc4[nH]ccc4c3)c2)=C(C1)c1ccc(Cl)cc1,Ki, 0.133,nM,704804,,,False
CC1(C)CCC(CN2CCN(CC2)c2ccc(C(=O)NS(=O)(=O)c3ccc(NCCC(F)(F)F)c(c3)[N+]([O-])=O)c(Oc3cnc4[nH]ccc4c3)c2)=C(C1)c1ccc(Cl)cc1,Ki, 0.134,nM,704619,,,False
CC1(C)CCC(CN2CCN(CC2)c2ccc(C(=O)NS(=O)(=O)c3ccc(NCCC(F)(F)F)c(c3)[N+]([O-])=O)c(Oc3cnc4[nH]ccc4c3)c2)=C(C1)c1ccc(Cl)cc1,Ki, 0.134,nM,1372758,,,False
CC1(C)CCC(CN2CCN(CC2)c2ccc(C(=O)NS(=O)(=O)c3cnc(O[C@@H]4CCN(CC(F)F)C4)c(Cl)c3)c(Oc3cnc4[nH]ccc4c3)c2)=C(C1)c1ccc(Cl)cc1,Ki, 0.134,nM,1179975,,,False
CC1(C)CCC(CN2CCN(CC2)c2ccc(C(=O)NS(=O)(=O)c3cnc(O[C@@H]4CCN(CC(F)F)C4)c(Cl)c3)c(Oc3cnc4[nH]ccc4c3)c2)=C(C1)c1ccc(Cl)cc1,Ki, 0.134,nM,1372991,,,False
CC1(C)CCC(CN2CCN(CC2)c2ccc(C(=O)NS(=O)(=O)c3ccc(NCCC(F)(F)F)c(c3)[N+]([O-])=O)c(Oc3cnc4[nH]ccc4c3)c2)=C(C1)c1ccc(Cl)cc1,Ki, 0.134,nM,1179886,,,False
CC1(C)CCC(CN2CCN(CC2)c2ccc(C(=O)NS(=O)(=O)c3cnc(O[C@@H]4CCN(CC(F)F)C4)c(Cl)c3)c(Oc3cnc4[nH]ccc4c3)c2)=C(C1)c1ccc(Cl)cc1,Ki, 0.134,nM,704852,,,False
CC1(C)CCC(CN2CCN(CC2)c2ccc(C(=O)NS(=O)(=O)c3ccc(NCCC(F)(F)F)c(c3)[N+]([O-])=O)c(Oc3cnc4[nH]ccc4c3)c2)=C(C1)c1ccc(Cl)cc1 |c:55|,Ki, 0.134,nM,339578,,,False
CC1(C)CCC(CN2CCN(CC2)c2ccc(C(=O)NS(=O)(=O)c3cnc(O[C@@H]4CCN(CC(F)F)C4)c(Cl)c3)c(Oc3cnc4[nH]ccc4c3)c2)=C(C1)c1ccc(Cl)cc1 |c:57|,Ki, 0.134,nM,339802,,,False
CN(C)CCOc1ccc(c(CN2CCN(CC2)c2ccc(C(=O)NS(=O)(=O)c3ccc(NN4CCN(C)CC4)c(c3)[N+]([O-])=O)c(Oc3cccc4[nH]ccc34)c2)c1)-c1ccc(Cl)cc1,Ki, 0.135,nM,324981,,,False
CC1(C)CCC(CN2CCN(CC2)c2ccc(C(=O)NS(=O)(=O)c3ccc(NCC4CCOCC4)c(c3)[N+]([O-])=O)c(Oc3cc(Cl)c(=N)n(COP(O)(O)=O)c3)c2)=C(C1)c1ccc(Cl)cc1,Ki, 0.137,nM,387972,,,False
CC1(C)CCC(CN2CCN(CC2)c2ccc(C(=O)NS(=O)(=O)c3ccc(NCC4CCOCC4)c(c3)[N+]([O-])=O)c(Oc3cc(Cl)c(=N)n(COP(O)(O)=O)c3)c2)=C(C1)c1ccc(Cl)cc1 |c:61|,Ki, 0.137,nM,281720,,,False
CC(C)N1CCC(CC1)Nc1ccc(cc1[N+]([O-])=O)S(=O)(=O)NC(=O)c1ccc(cc1Oc1cnc2[nH]ccc2c1)N1CCN(CC2=C(CC(C)(C)CC2)c2ccc(Cl)cc2)CC1,Ki, 0.139,nM,1179907,,,False
CC(C)N1CCC(CC1)Nc1ccc(cc1[N+]([O-])=O)S(=O)(=O)NC(=O)c1ccc(cc1Oc1cnc2[nH]ccc2c1)N1CCN(CC2=C(CC(C)(C)CC2)c2ccc(Cl)cc2)CC1,Ki, 0.139,nM,704818,,,False
CC(C)N1CCC(CC1)Nc1ccc(cc1[N+]([O-])=O)S(=O)(=O)NC(=O)c1ccc(cc1Oc1cnc2[nH]ccc2c1)N1CCN(CC2=C(CC(C)(C)CC2)c2ccc(Cl)cc2)CC1,Ki, 0.139,nM,1372957,,,False
CC(C)N1CCC(CC1)Nc1ccc(cc1[N+]([O-])=O)S(=O)(=O)NC(=O)c1ccc(cc1Oc1cnc2[nH]ccc2c1)N1CCN(CC2=C(CC(C)(C)CC2)c2ccc(Cl)cc2)CC1 |t:51|,Ki, 0.139,nM,339769,,,False
CC1(C)CCC(CN2CCN(CC2)c2ccc(C(=O)NS(=O)(=O)c3ccc(NC4CCN(CC4)C4CCCC4)c(c3)[N+]([O-])=O)c(Oc3ccc4[nH]ccc4c3)c2)=C(C1)c1ccc(Cl)cc1 |c:62|,Ki, 0.14,nM,324764,,,False
[O-][N+](=O)c1cc(ccc1NCC1CCOCC1)S(=O)(=O)NC(=O)c1ccc(cc1Oc1cccc2[nH]ccc12)N1CCN(Cc2cc(OCCN3CCOCC3)ccc2-c2ccc(Cl)cc2)CC1,Ki, 0.14,nM,324846,,,False
OC(=O)c1nc(sc1CCCCOc1ccc(cc1)-n1ncc2cncnc12)N1CCc2cccc(C(=O)Nc3nc4ccccc4s3)c2C1,Ki, 0.140000,nM,50243989,,,False
CC1(C)CCC(CN2CCN(CC2)c2ccc(C(=O)NS(=O)(=O)c3ccc(NCCCn4ccnc4)c(c3)[N+]([O-])=O)c(Oc3ccc4[nH]ccc4c3)c2)=C(C1)c1ccc(Cl)cc1 |c:58|,Ki, 0.14,nM,325080,,,False
CC1(C)CCC(CN2CCN(CC2)c2ccc(C(=O)NS(=O)(=O)c3ccc(NCCCN(CC(F)(F)F)C4CC4)c(c3)[N+]([O-])=O)c(Oc3cnc4[nH]ccc4c3)c2)=C(C1)c1ccc(Cl)cc1,Ki, 0.141,nM,1180068,,,False
CC1(C)CCC(CN2CCN(CC2)c2ccc(C(=O)NS(=O)(=O)c3ccc(NCCCN(CC(F)(F)F)C4CC4)c(c3)[N+]([O-])=O)c(Oc3cnc4[nH]ccc4c3)c2)=C(C1)c1ccc(Cl)cc1,Ki, 0.141,nM,704898,,,False
CC1(C)CCC(CN2CCN(CC2)c2ccc(C(=O)NS(=O)(=O)c3ccc(NCCCN(CC(F)(F)F)C4CC4)c(c3)[N+]([O-])=O)c(Oc3cnc4[nH]ccc4c3)c2)=C(C1)c1ccc(Cl)cc1,Ki, 0.141,nM,1373037,,,False
CC1(C)CCC(CN2CCN(CC2)c2ccc(C(=O)NS(=O)(=O)c3ccc(NCC4(CO)CCOCC4)c(c3)[N+]([O-])=O)c(Oc3cc4cc[nH]c4cc3F)c2)=C(C1)c1ccc(Cl)cc1 |c:60|,Ki, 0.141,nM,281566,,,False
CC1(C)CCC(CN2CCN(CC2)c2ccc(C(=O)NS(=O)(=O)c3ccc(NCC4(CO)CCOCC4)c(c3)[N+]([O-])=O)c(Oc3cc4cc[nH]c4cc3F)c2)=C(C1)c1ccc(Cl)cc1,Ki, 0.141,nM,387816,,,False
CC1(C)CCC(CN2CCN(CC2)c2ccc(C(=O)NS(=O)(=O)c3ccc(NCCCN(CC(F)(F)F)C4CC4)c(c3)[N+]([O-])=O)c(Oc3cnc4[nH]ccc4c3)c2)=C(C1)c1ccc(Cl)cc1 |c:62|,Ki, 0.141,nM,339848,,,False
CC(N1CCN(CC1)c1ccc(C(=O)NS(=O)(=O)c2ccc(NCC3CCOCC3)c(c2)[N+]([O-])=O)c(Oc2ccc3[nH]ccc3c2)c1)C1=C(CC(C)(C)CC1)c1ccc(Cl)cc1 |t:53|,Ki, 0.142,nM,324961,,,False
COCCN1CCC(CC1)Nc1ccc(cc1[N+]([O-])=O)S(=O)(=O)NC(=O)c1ccc(cc1Oc1ccc2[nH]ccc2c1)N1CCN(CC2=C(CC(C)(C)CC2)c2ccc(Cl)cc2)CC1 |t:52|,Ki, 0.144,nM,324901,,,False
CC1(C)CCC(CN2CCN(CC2)c2ccc(C(=O)NS(=O)(=O)c3ccc(NC4CCS(=O)(=O)C4)c(c3)[N+]([O-])=O)c(Oc3ccc4[nH]ccc4c3)c2)=C(C1)c1ccc(Cl)cc1 |c:57|,Ki, 0.144,nM,324983,,,False
CC1(C)CCC(CN2CCN(CC2)c2ccc(C(=O)NS(=O)(=O)c3cnc(OC[C@H]4CN(CC#N)CCO4)c(Cl)c3)c(Oc3cnc4[nH]ccc4c3)c2)=C(C1)c1ccc(Cl)cc1,Ki, 0.144,nM,1372977,,,False
CC1(C)CCC(CN2CCN(CC2)c2ccc(C(=O)NS(=O)(=O)c3cnc(OC[C@H]4CN(CC#N)CCO4)c(Cl)c3)c(Oc3cnc4[nH]ccc4c3)c2)=C(C1)c1ccc(Cl)cc1,Ki, 0.144,nM,1179947,,,False
CC1(C)CCC(CN2CCN(CC2)c2ccc(C(=O)NS(=O)(=O)c3cnc(OC[C@H]4CN(CC#N)CCO4)c(Cl)c3)c(Oc3cnc4[nH]ccc4c3)c2)=C(C1)c1ccc(Cl)cc1 |c:58|,Ki, 0.144,nM,339788,,,False
CC1(C)CCC(CN2CCN(CC2)c2ccc(C(=O)NS(=O)(=O)c3cnc(OC[C@H]4CN(CC#N)CCO4)c(Cl)c3)c(Oc3cnc4[nH]ccc4c3)c2)=C(C1)c1ccc(Cl)cc1,Ki, 0.144,nM,704838,,,False
CC1(C)CCC(CN2CCN(CC2)c2ccc(C(=O)NS(=O)(=O)c3cnc(OC[C@@H]4CCN(CC(F)F)C4)c(Cl)c3)c(Oc3cnc4[nH]ccc4c3)c2)=C(C1)c1ccc(Cl)cc1,Ki, 0.145,nM,704872,,,False
"CC1(C)CCC(CN2CCN(CC2)c2ccc(C(=O)NS(=O)(=O)c3ccc(NC4CCC(CC4)N4CCOCC4)c(c3)[N+]([O-])=O)c(Oc3cccc4[nH]ccc34)c2)=C(C1)c1ccc(Cl)cc1 |c:63,(17.13,-3.2,;15.59,-3.25,;16.4,-1.95,;14.25,-2.48,;12.92,-3.25,;12.92,-4.79,;11.59,-5.56,;10.25,-4.79,;10.25,-3.25,;8.92,-2.48,;7.58,-3.25,;7.58,-4.79,;8.92,-5.56,;6.25,-2.48,;6.25,-.94,;4.92,-.17,;3.58,-.94,;2.25,-.17,;.92,-.94,;2.25,1.37,;.92,2.14,;1.69,3.47,;.15,.8,;-.42,2.91,;-1.75,2.14,;-3.09,2.91,;-3.09,4.45,;-4.42,5.22,;-5.75,4.45,;-5.75,2.91,;-7.09,2.14,;-8.42,2.91,;-8.42,4.45,;-7.09,5.22,;-9.75,2.14,;-9.75,.6,;-11.09,-.17,;-12.42,.6,;-12.42,2.14,;-11.09,2.91,;-1.75,5.22,;-.42,4.45,;-1.75,6.76,;-.42,7.53,;-3.09,7.53,;3.58,-2.48,;2.25,-3.25,;2.25,-4.79,;3.58,-5.56,;3.58,-7.1,;2.25,-7.87,;.92,-7.1,;-.55,-7.58,;-1.45,-6.33,;-.55,-5.09,;.92,-5.56,;4.92,-3.25,;14.25,-5.56,;15.59,-4.79,;14.25,-7.1,;15.59,-7.87,;15.59,-9.41,;14.25,-10.18,;14.25,-11.72,;12.92,-9.41,;12.92,-7.87,)|",Ki, 0.145,nM,324913,,,False
CC1(C)CCC(CN2CCN(CC2)c2ccc(C(=O)NS(=O)(=O)c3cnc(OC[C@@H]4CCN(CC(F)F)C4)c(Cl)c3)c(Oc3cnc4[nH]ccc4c3)c2)=C(C1)c1ccc(Cl)cc1,Ki, 0.145,nM,1373011,,,False
CC1(C)CCC(CN2CCN(CC2)c2ccc(C(=O)NS(=O)(=O)c3cnc(OC[C@@H]4CCN(CC(F)F)C4)c(Cl)c3)c(Oc3cnc4[nH]ccc4c3)c2)=C(C1)c1ccc(Cl)cc1 |c:58|,Ki, 0.145,nM,339822,,,False
CC1(C)CCC(CN2CCN(CC2)c2ccc(C(=O)NS(=O)(=O)c3cnc(OC[C@@H]4CCN(CC(F)F)C4)c(Cl)c3)c(Oc3cnc4[nH]ccc4c3)c2)=C(C1)c1ccc(Cl)cc1,Ki, 0.145,nM,1180015,,,False
CC1(C)CCC(CN2CCN(CC2)c2ccc(C(=O)NS(=O)(=O)c3cnc(OCC4COCCO4)c(c3)C#N)c(Oc3cc4cc[nH]c4cc3F)c2)=C(C1)c1ccc(Cl)cc1 |c:57|,Ki, 0.146,nM,281628,,,False
CC1(C)CCC(CN2CCN(CC2)c2ccc(C(=O)NS(=O)(=O)c3cnc(OCC4COCCO4)c(c3)C#N)c(Oc3cc4cc[nH]c4cc3F)c2)=C(C1)c1ccc(Cl)cc1,Ki, 0.146,nM,387880,,,False
CN1CCC(CC1)Nc1ccc(cc1[N+]([O-])=O)S(=O)(=O)NC(=O)c1ccc(cc1Oc1cccc(c1)C(F)(F)F)N1CCN(CC2=C(CC(C)(C)CC2)c2ccc(Cl)cc2)CC1,Ki, 0.147,nM,387636,,,False
CN1CCC(CC1)Nc1ccc(cc1[N+]([O-])=O)S(=O)(=O)NC(=O)c1ccc(cc1Oc1cccc(c1)C(F)(F)F)N1CCN(CC2=C(CC(C)(C)CC2)c2ccc(Cl)cc2)CC1 |t:49|,Ki, 0.147,nM,281390,,,False
CO[C@@H]%10CC[C@@H](CNc9ccc(S(=O)(=O)NC(=O)c5ccc(N4CCN3CC2=C(c1ccc(Cl)cc1)CC(C)(C)C[C@H]2OCCCOC[C@@H]3C4)cc5N8CCCOc7nc6[nH]ccc6cc78)cc9[N+](=O)[O-])CC%10,Ki, 0.149,nM,1406192,,,False
CC1(C)CCC(CN2CCN(CC2)c2ccc(C(=O)NS(=O)(=O)c3ccc(OCCCS(C)(=O)=O)c(c3)[N+]([O-])=O)c(Oc3cccc4[nH]ccc34)c2)=C(C1)c1ccc(Cl)cc1 |c:56|,Ki, 0.149,nM,325022,,,False
COC1CCC(CNc2ccc(S(=O)(=O)NC(=O)c3ccc(N4CCN5CC6=C(c7ccc(Cl)cc7)CC(C)(C)CC6OCCCOC[C@@H]5C4)cc3N3CCCOc4nc5[nH]ccc5cc43)cc2[N+](=O)[O-])CC1,Ki, 0.149,nM,1497963,,,False
CC1(C)CCC(CN2CCN(CC2)c2ccc(C(=O)NS(=O)(=O)c3cnc(NCC4CN(CCO4)C4CC4)c(Cl)c3)c(Oc3cnc4[nH]ccc4c3)c2)=C(C1)c1ccc(Cl)cc1 |c:59|,Ki, 0.15,nM,339875,,,False
CC1(C)CCC(CN2CCN(CC2)c2ccc(C(=O)NS(=O)(=O)c3cnc(NCC4CN(CCO4)C4CC4)c(Cl)c3)c(Oc3cnc4[nH]ccc4c3)c2)=C(C1)c1ccc(Cl)cc1,Ki, 0.150,nM,704925,,,False
CC1(C)CCC(CN2CCN(CC2)c2ccc(C(=O)NS(=O)(=O)c3cnc(NCC4CN(CCO4)C4CC4)c(Cl)c3)c(Oc3cnc4[nH]ccc4c3)c2)=C(C1)c1ccc(Cl)cc1,Ki, 0.150,nM,1180122,,,False
CC1(C)CCC(CN2CCN(CC2)c2ccc(C(=O)NS(=O)(=O)c3cnc(NCC4CN(CCO4)C4CC4)c(Cl)c3)c(Oc3cnc4[nH]ccc4c3)c2)=C(C1)c1ccc(Cl)cc1,Ki, 0.150,nM,1373064,,,False
CN1CCC(CC1)Nc1ccc(cc1[N+]([O-])=O)S(=O)(=O)NC(=O)c1ccc(cc1Oc1ccc(F)cc1)N1CCN(CC2=C(CC(C)(C)CC2)c2ccc(Cl)cc2)CC1,Ki, 0.151,nM,387696,,,False
COCCN1CCC(CC1)Nc1ccc(cc1[N+]([O-])=O)S(=O)(=O)NC(=O)c1ccc(cc1Oc1cccc2[nH]ccc12)N1CCN(CC2=C(CC(C)(C)CC2)c2ccc(Cl)cc2)CC1 |t:52|,Ki, 0.151,nM,324904,,,False
CN1CCC(CC1)Nc1ccc(cc1[N+]([O-])=O)S(=O)(=O)NC(=O)c1ccc(cc1Oc1ccc(F)cc1)N1CCN(CC2=C(CC(C)(C)CC2)c2ccc(Cl)cc2)CC1 |t:46|,Ki, 0.151,nM,281450,,,False
CC1(C)CCC(CN2CCN(CC2)c2ccc(C(=O)NS(=O)(=O)c3ccc(NC4CCC(CC4)N4CCOCC4)c(c3)[N+]([O-])=O)c(Oc3cccc(Cl)c3)c2)=C(C1)c1ccc(Cl)cc1,Ki, 0.153,nM,387781,,,False
CC1(C)CCC(CN2CCN(CC2)c2ccc(C(=O)NS(=O)(=O)c3ccc(NCCCN4CCCC4)c(c3)[N+]([O-])=O)c(Oc3cccc4[nH]c5ccccc5c34)c2)=C(C1)c1ccc(Cl)cc1,Ki, 0.153,nM,704600,,,False
CC1(C)CCC(CN2CCN(CC2)c2ccc(C(=O)NS(=O)(=O)c3ccc(NCCCN4CCCC4)c(c3)[N+]([O-])=O)c(Oc3cccc4[nH]c5ccccc5c34)c2)=C(C1)c1ccc(Cl)cc1 |c:63|,Ki, 0.153,nM,339559,,,False
CC1(C)CCC(CN2CCN(CC2)c2ccc(C(=O)NS(=O)(=O)c3ccc(NCCCN4CCCC4)c(c3)[N+]([O-])=O)c(Oc3cccc4[nH]c5ccccc5c34)c2)=C(C1)c1ccc(Cl)cc1,Ki, 0.153,nM,1372739,,,False
"CC1(C)CCC(CN2CCN(CC2)c2ccc(C(=O)NS(=O)(=O)c3ccc(NC4CCC(CC4)N4CCOCC4)c(c3)[N+]([O-])=O)c(Oc3cccc(Cl)c3)c2)=C(C1)c1ccc(Cl)cc1 |c:60,(-2.67,-14.27,;-1.86,-12.96,;-3.39,-13.02,;-1.86,-11.42,;-.52,-10.65,;.81,-11.42,;2.15,-10.65,;2.15,-9.11,;3.48,-8.34,;3.48,-6.8,;2.15,-6.03,;.81,-6.8,;.81,-8.34,;2.15,-4.49,;.81,-3.72,;.81,-2.18,;2.15,-1.41,;2.15,.13,;3.48,.9,;.81,.9,;.81,2.44,;-.73,2.44,;2.35,2.44,;.81,3.98,;2.15,4.75,;2.15,6.29,;.81,7.06,;.81,8.6,;2.15,9.37,;2.15,10.91,;3.48,11.68,;4.81,10.91,;4.81,9.37,;3.48,8.6,;6.15,11.68,;6.15,13.22,;7.48,13.99,;8.81,13.22,;8.81,11.68,;7.48,10.91,;-.52,6.29,;-.52,4.75,;-1.86,7.06,;-3.19,6.29,;-1.86,8.6,;3.48,-2.18,;4.81,-1.41,;6.15,-2.18,;6.15,-3.72,;7.48,-4.49,;8.81,-3.72,;8.81,-2.18,;10.15,-1.41,;7.48,-1.41,;3.48,-3.72,;.81,-12.96,;-.52,-13.73,;2.15,-13.73,;3.48,-12.96,;4.81,-13.73,;4.81,-15.27,;6.15,-16.04,;3.48,-16.04,;2.15,-15.27,)|",Ki, 0.153,nM,281532,,,False
CC1(C)CCC(CN2CCN(CC2)c2ccc(C(=O)NS(=O)(=O)c3ccc(NCCCN4CCCC4)c(c3)[N+]([O-])=O)c(Oc3cccc4[nH]c5ccccc5c34)c2)=C(C1)c1ccc(Cl)cc1,Ki, 0.153,nM,1179848,,,False
CN(C)CCCNc1ccc(cc1[N+]([O-])=O)S(=O)(=O)NC(=O)c1ccc(cc1Oc1cccc2NC(=O)CCc12)N1CCN(Cc2ccccc2-c2ccc(Cl)cc2)CC1,Ki, 0.155,nM,387637,,,False
CN1CCN(CC1)Nc1ccc(cc1[N+]([O-])=O)S(=O)(=O)NC(=O)c1ccc(cc1Oc1ccccc1Cl)N1CCN(CC2=C(CC(C)(C)CC2)c2ccc(Cl)cc2)CC1,Ki, 0.155,nM,387761,,,False
CC1(C)CCC(CN2CCN(CC2)c2ccc(C(=O)NS(=O)(=O)c3cnc(OCCN4CCOCC4)c(c3)C#N)c(Oc3cc4cc[nH]c4cc3F)c2)=C(C1)c1ccc(Cl)cc1 |c:58|,Ki, 0.155,nM,281633,,,False
CC1(C)CCC(CN2CCN(CC2)c2ccc(C(=O)NS(=O)(=O)c3cnc(OCCN4CCOCC4)c(c3)C#N)c(Oc3cc4cc[nH]c4cc3F)c2)=C(C1)c1ccc(Cl)cc1,Ki, 0.155,nM,387885,,,False
CN(C)CCCNc1ccc(cc1[N+]([O-])=O)S(=O)(=O)NC(=O)c1ccc(cc1Oc1cccc2NC(=O)CCc12)N1CCN(Cc2ccccc2-c2ccc(Cl)cc2)CC1,Ki, 0.155,nM,281391,,,False
CN1CCN(CC1)Nc1ccc(cc1[N+]([O-])=O)S(=O)(=O)NC(=O)c1ccc(cc1Oc1ccccc1Cl)N1CCN(CC2=C(CC(C)(C)CC2)c2ccc(Cl)cc2)CC1 |t:46|,Ki, 0.155,nM,281512,,,False
CC1(C)CCC(CN2CCN(CC2)c2ccc(C(=O)NS(=O)(=O)c3ccc(NC4CCN(CC4)C4CC4)c(c3)[N+]([O-])=O)c(Oc3cccc(Cl)c3)c2)=C(C1)c1ccc(Cl)cc1,Ki, 0.156,nM,387697,,,False
COC1(Cc2ccccc2-c2ccc(Cl)cc2)CCN(CC1)c1ccc(C(=O)NS(=O)(=O)c2cnc(OCC3(F)CCOCC3)c(Cl)c2)c(Oc2cnc3[nH]ccc3c2)c1,Ki, 0.156,nM,1372993,,,False
COC1(Cc2ccccc2-c2ccc(Cl)cc2)CCN(CC1)c1ccc(C(=O)NS(=O)(=O)c2cnc(OCC3(F)CCOCC3)c(Cl)c2)c(Oc2cnc3[nH]ccc3c2)c1,Ki, 0.156,nM,1179979,,,False
COC1(Cc2ccccc2-c2ccc(Cl)cc2)CCN(CC1)c1ccc(C(=O)NS(=O)(=O)c2cnc(OCC3(F)CCOCC3)c(Cl)c2)c(Oc2cnc3[nH]ccc3c2)c1,Ki, 0.156,nM,339804,,,False
COC1(Cc2ccccc2-c2ccc(Cl)cc2)CCN(CC1)c1ccc(C(=O)NS(=O)(=O)c2cnc(OCC3(F)CCOCC3)c(Cl)c2)c(Oc2cnc3[nH]ccc3c2)c1,Ki, 0.156,nM,704854,,,False
CC1(C)CCC(CN2CCN(CC2)c2ccc(C(=O)NS(=O)(=O)c3ccc(NC4CCN(CC4)C4CC4)c(c3)[N+]([O-])=O)c(Oc3cccc(Cl)c3)c2)=C(C1)c1ccc(Cl)cc1 |c:57|,Ki, 0.156,nM,281451,,,False
CC1(C)CC(c2ccc(Cl)cc2)=C2CN3CCN(c4ccc(C(=O)NS(=O)(=O)c5cnc(OCC6CCC(C)(O)CC6)c(Cl)c5)c(N5CCCOc6nc7[nH]ccc7cc65)c4)C[C@H]3COCCCO[C@@H]2C1,Ki, 0.159,nM,1498037,,,False
CN(C)CCCNc1ccc(cc1[N+]([O-])=O)S(=O)(=O)NC(=O)c1ccc(cc1Oc1cccc2[nH]ccc12)N1CCN(Cc2ccccc2-c2ccc(Cl)cc2)CC1,Ki, 0.159,nM,324777,,,False
CC1(C)C[C@H]2OCCCOC[C@@H]3CN(CCN3CC2=C(C1)c1ccc(Cl)cc1)c1ccc(C(=O)NS(=O)(=O)c2cnc(OC[C@H]3CC[C@](C)(O)CC3)c(Cl)c2)c(c1)N1CCCOc2nc3[nH]ccc3cc12,Ki, 0.159,nM,1406266,,,False
CC1(C)CCC(CN2CCN(CC2)c2ccc(C(=O)NS(=O)(=O)c3ccc(NCC4CCOCC4)c(c3)[N+]([O-])=O)c(Oc3cccc4[nH]ccc34)c2)=C(C1)c1ccc(Cl)cc1 |c:57|,Ki, 0.16,nM,324952,,,False
CN(C)C1(CNc2ccc(cc2[N+]([O-])=O)S(=O)(=O)NC(=O)c2ccc(cc2Oc2ccc3[nH]ccc3c2)N2CCN(CC3=C(CC(C)(C)CC3)c3ccc(Cl)cc3)CC2)CCN(C)CC1 |t:46|,Ki, 0.161,nM,324829,,,False
CC1(C)CCC(CN2CCN(CC2)c2ccc(C(=O)NS(=O)(=O)c3cnc(OCC4CCOCC4)c(Cl)c3)c(Oc3cccc4[nH]ccc34)c2)=C(C1)c1ccc(Cl)cc1 |c:55|,Ki, 0.162,nM,325090,,,False
CN1CCC(CC1)Nc1ccc(cc1[N+]([O-])=O)S(=O)(=O)NC(=O)c1ccc(cc1Oc1ccc2[nH]ccc2c1)N1CCN(CC2=C(CCCCC2)c2ccc(Cl)cc2)CC1 |t:49|,Ki, 0.162,nM,324867,,,False
CN1CC(CCC1=O)Nc1ccc(cc1[N+]([O-])=O)S(=O)(=O)NC(=O)c1ccc(cc1Oc1ccc2[nH]ccc2c1)N1CCN(CC2=C(CC(C)(C)CC2)c2ccc(Cl)cc2)CC1 |t:50|,Ki, 0.164,nM,324989,,,False
CC1(C)CCC(CN2CCN(CC2)c2ccc(C(=O)NS(=O)(=O)c3ccc(NC[C@H]4CCCOC4)c(c3)[N+]([O-])=O)c(Oc3cc4cc[nH]c4cc3F)c2)=C(C1)c1ccc(Cl)cc1 |c:58|,Ki, 0.165,nM,281584,,,False
CC1(C)CCC(CN2CCN(CC2)c2ccc(C(=O)NS(=O)(=O)c3cc(F)c(OCC4(F)CCOCC4)c(F)c3)c(Oc3cnc4[nH]ccc4c3)c2)=C(C1)c1ccc(Cl)cc1,Ki, 0.165,nM,1180072,,,False
CC1(C)CCC(CN2CCN(CC2)c2ccc(C(=O)NS(=O)(=O)c3cc(F)c(OCC4(F)CCOCC4)c(F)c3)c(Oc3cnc4[nH]ccc4c3)c2)=C(C1)c1ccc(Cl)cc1,Ki, 0.165,nM,1373039,,,False
CC1(C)CCC(CN2CCN(CC2)c2ccc(C(=O)NS(=O)(=O)c3ccc(NCC4CCOCC4)c(c3)[N+]([O-])=O)c(Oc3ccc4[nH]ccc4c3)c2)=C(C1)c1ccc(Cl)cc1 |c:57|,Ki, 0.165,nM,324889,,,False
CC1(C)CCC(CN2CCN(CC2)c2ccc(C(=O)NS(=O)(=O)c3cc(F)c(OCC4(F)CCOCC4)c(F)c3)c(Oc3cnc4[nH]ccc4c3)c2)=C(C1)c1ccc(Cl)cc1,Ki, 0.165,nM,704900,,,False
CC1(C)CCC(CN2CCN(CC2)c2ccc(C(=O)NS(=O)(=O)c3ccc(NC[C@H]4CCCOC4)c(c3)[N+]([O-])=O)c(Oc3cc4cc[nH]c4cc3F)c2)=C(C1)c1ccc(Cl)cc1,Ki, 0.165,nM,387834,,,False
CC1(C)CCC(CN2CCN(CC2)c2ccc(C(=O)NS(=O)(=O)c3cc(F)c(OCC4(F)CCOCC4)c(F)c3)c(Oc3cnc4[nH]ccc4c3)c2)=C(C1)c1ccc(Cl)cc1 |c:57|,Ki, 0.165,nM,339850,,,False
CC1(C)CCC(CN2CCN(CC2)c2ccc(C(=O)NS(=O)(=O)c3ccc(NCC4CCOCC4)c(c3)[N+]([O-])=O)c(Oc3ccccc3-c3cn[nH]c3)c2)=C(C1)c1ccc(Cl)cc1 |c:59|,Ki, 0.166,nM,281729,,,False
CC1(C)CCC(CN2CCN(CC2)c2ccc(C(=O)NS(=O)(=O)c3ccc(NCC4CCOCC4)c(c3)[N+]([O-])=O)c(Oc3ccccc3-c3cn[nH]c3)c2)=C(C1)c1ccc(Cl)cc1,Ki, 0.166,nM,387981,,,False
CC1(C)CCC(CN2CCN(CC2)c2ccc(C(=O)NS(=O)(=O)c3ccc(N[C@@H]4CCN(Cc5cscn5)C[C@@H]4O)c(c3)[N+]([O-])=O)c(Oc3cc4cc[nH]c4cc3F)c2)=C(C1)c1ccc(Cl)cc1 |c:65|,Ki, 0.168,nM,281574,,,False
CC1(C)CCC(CN2CCN(CC2)c2ccc(C(=O)NS(=O)(=O)c3ccc(N[C@@H]4CCN(Cc5cscn5)C[C@@H]4O)c(c3)[N+]([O-])=O)c(Oc3cc4cc[nH]c4cc3F)c2)=C(C1)c1ccc(Cl)cc1,Ki, 0.168,nM,387824,,,False
CC1(C)CCC(CN2CCN(CC2)c2ccc(C(=O)NS(=O)(=O)c3ccc(NCCCN4CCNC(=O)C4)c(c3)[N+]([O-])=O)c(Oc3cccc4[nH]ccc34)c2)=C(C1)c1ccc(Cl)cc1 |c:60|,Ki, 0.169,nM,324932,,,False
CC(N1CCN(CC1)c1ccc(C(=O)NS(=O)(=O)c2ccc(NCCCN3CCOCC3)c(c2)[N+]([O-])=O)c(Oc2ccc3[nH]ccc3c2)c1)C1=C(CC(C)(C)CC1)c1ccc(Cl)cc1 |t:55|,Ki, 0.171,nM,324965,,,False
CN(C)CCCNc1ccc(cc1[N+]([O-])=O)S(=O)(=O)NC(=O)c1ccc(cc1Oc1ccccc1Cl)N1CCN(Cc2ccccc2-c2ccc(Cl)cc2)CC1,Ki, 0.171,nM,387590,,,False
CN(C)CCCNc1ccc(cc1[N+]([O-])=O)S(=O)(=O)NC(=O)c1ccc(cc1Oc1ccccc1Cl)N1CCN(Cc2ccccc2-c2ccc(Cl)cc2)CC1,Ki, 0.171,nM,281344,,,False
CN1CCC(CC1)Nc1ccc(cc1[N+]([O-])=O)S(=O)(=O)NC(=O)c1ccc(cc1Oc1cccc(C)c1)N1CCN(CC2=C(CC(C)(C)CC2)c2ccc(Cl)cc2)CC1 |t:46|,Ki, 0.172,nM,281510,,,False
CN1CCC(CC1)Nc1ccc(cc1[N+]([O-])=O)S(=O)(=O)NC(=O)c1ccc(cc1Oc1cccc(C)c1)N1CCN(CC2=C(CC(C)(C)CC2)c2ccc(Cl)cc2)CC1,Ki, 0.172,nM,387759,,,False
CC1(C)CCC(CN2CCN(CC2)c2ccc(C(=O)NS(=O)(=O)c3cnc(OCC4CCOCC4)c(c3)C(F)(F)F)c(Oc3cnc4[nH]ccc4c3)c2)=C(C1)c1ccc(Cl)cc1,Ki, 0.174,nM,704888,,,False
CC1(C)CCC(CN2CCN(CC2)c2ccc(C(=O)NS(=O)(=O)c3ccc(NC4CCN(CC4)C4CCOCC4)c(c3)[N+]([O-])=O)c(Oc3cc4cc[nH]c4cc3C(F)(F)F)c2)=C(C1)c1ccc(Cl)cc1 |c:67|,Ki, 0.174,nM,198647,,,False
CN1CCC(CC1)Nc1ccc(cc1[N+]([O-])=O)S(=O)(=O)NC(=O)c1ccc(cc1Oc1cc2cc[nH]c2cc1C(F)(F)F)N1CCN(CC2=C(CC(C)(C)CC2)c2ccc(Cl)cc2)CC1,Ki, 0.174,nM,387793,,,False
COc1cc2[nH]ccc2cc1Oc1cc(ccc1C(=O)NS(=O)(=O)c1ccc(NC2CCN(CC2)C2CCOCC2)c(c1)[N+]([O-])=O)N1CCN(CC2=C(CC(C)(C)CC2)c2ccc(Cl)cc2)CC1 |t:57|,Ki, 0.174,nM,281553,,,False
CC1(C)CCC(CN2CCN(CC2)c2ccc(C(=O)NS(=O)(=O)c3cnc(OCC4CCOCC4)c(c3)C(F)(F)F)c(Oc3cnc4[nH]ccc4c3)c2)=C(C1)c1ccc(Cl)cc1,Ki, 0.174,nM,1373027,,,False
CC1(C)CCC(CN2CCN(CC2)c2ccc(C(=O)NS(=O)(=O)c3cnc(OCC4CCOCC4)c(c3)C(F)(F)F)c(Oc3cnc4[nH]ccc4c3)c2)=C(C1)c1ccc(Cl)cc1 |c:58|,Ki, 0.174,nM,339838,,,False
CC1(C)CCC(CN2CCN(CC2)c2ccc(C(=O)NS(=O)(=O)c3cnc(OCC4CCOCC4)c(c3)C(F)(F)F)c(Oc3cnc4[nH]ccc4c3)c2)=C(C1)c1ccc(Cl)cc1,Ki, 0.174,nM,1180047,,,False
COc1cc2[nH]ccc2cc1Oc1cc(ccc1C(=O)NS(=O)(=O)c1ccc(NC2CCN(CC2)C2CCOCC2)c(c1)[N+]([O-])=O)N1CCN(CC2=C(CC(C)(C)CC2)c2ccc(Cl)cc2)CC1,Ki, 0.174,nM,387803,,,False
CN(C)CCOc1cccc(c1CN1CCN(CC1)c1ccc(C(=O)NS(=O)(=O)c2ccc(NCC3CCOCC3)c(c2)[N+]([O-])=O)c(Oc2cnc(N)c(Cl)c2)c1)-c1ccc(Cl)cc1,Ki, 0.175,nM,387973,,,False
CC1(C)CCC(CN2CCN(CC2)c2ccc(C(=O)NS(=O)(=O)c3ccc(NC4CCN(CC4)C4CCOCC4)c(c3)[N+]([O-])=O)c(Oc3cccc(F)c3Cl)c2)=C(C1)c1ccc(Cl)cc1 |c:61|,Ki, 0.175,nM,281506,,,False
CC1(C)CCC(CN2CCN(CC2)c2ccc(C(=O)NS(=O)(=O)c3ccc(NC4CCN(CC4)C4CCOCC4)c(c3)[N+]([O-])=O)c(Oc3cc4cc[nH]c4cc3C(F)(F)F)c2)=C(C1)c1ccc(Cl)cc1,Ki, 0.175,nM,387794,,,False
CC1(C)CCC(CN2CCN(CC2)c2ccc(C(=O)NS(=O)(=O)c3ccc(NC4CCN(CC4)C4CCOCC4)c(c3)[N+]([O-])=O)c(Oc3cc4cc[nH]c4cc3C(F)(F)F)c2)=C(C1)c1ccc(Cl)cc1 |c:67|,Ki, 0.175,nM,281544,,,False
CN(C)CCOc1cccc(c1CN1CCN(CC1)c1ccc(C(=O)NS(=O)(=O)c2ccc(NCC3CCOCC3)c(c2)[N+]([O-])=O)c(Oc2cnc(N)c(Cl)c2)c1)-c1ccc(Cl)cc1,Ki, 0.175,nM,281721,,,False
CC1(C)CCC(CN2CCN(CC2)c2ccc(C(=O)NS(=O)(=O)c3ccc(NC4CCN(CC4)C4CCOCC4)c(c3)[N+]([O-])=O)c(Oc3cccc(F)c3Cl)c2)=C(C1)c1ccc(Cl)cc1,Ki, 0.175,nM,387755,,,False
[O-][N+](=O)c1cc(ccc1NCC1CCOCC1)S(=O)(=O)NC(=O)c1ccc(cc1Oc1ccccc1)N1CCN(Cc2cc(OCCN3CCOCC3)ccc2-c2ccc(Cl)cc2)CC1,Ki, 0.176,nM,324831,,,False
CC1(C)CCC(CN2CCN(CC2)c2ccc(C(=O)NS(=O)(=O)c3ccc(N[C@@H]4CCN(C4)C(CF)CF)c(c3)[N+]([O-])=O)c(Oc3cc4cc[nH]c4cc3F)c2)=C(C1)c1ccc(Cl)cc1 |c:61|,Ki, 0.177,nM,281680,,,False
CC1(C)CCC(CN2CCN(CC2)c2ccc(C(=O)NS(=O)(=O)c3ccc(NCc4cncs4)c(c3)[N+]([O-])=O)c(Oc3ccc4[nH]ccc4c3)c2)=C(C1)c1ccc(Cl)cc1 |c:56|,Ki, 0.177,nM,324994,,,False
CC1(C)CCC(CN2CCN(CC2)c2ccc(C(=O)NS(=O)(=O)c3ccc(NC4CCN(Cc5ccsc5)CC4)c(c3)[N+]([O-])=O)c(Oc3cccc(F)c3F)c2)=C(C1)c1ccc(Cl)cc1,Ki, 0.177,nM,387714,,,False
CC1(C)CCC(CN2CCN(CC2)c2ccc(C(=O)NS(=O)(=O)c3ccc(NC4CCN(Cc5ccsc5)CC4)c(c3)[N+]([O-])=O)c(Oc3cccc(F)c3F)c2)=C(C1)c1ccc(Cl)cc1 |c:61|,Ki, 0.177,nM,281468,,,False
CC1(C)CCC(CN2CCN(CC2)c2ccc(C(=O)NS(=O)(=O)c3ccc(N[C@@H]4CCN(C4)C(CF)CF)c(c3)[N+]([O-])=O)c(Oc3cc4cc[nH]c4cc3F)c2)=C(C1)c1ccc(Cl)cc1,Ki, 0.177,nM,387932,,,False
CC1(C)CCC(CN2CCN(CC2)c2ccc(C(=O)NS(=O)(=O)c3ccc(NCCN4CCNC(=O)C4)c(c3)[N+]([O-])=O)c(Oc3cccc4[nH]ccc34)c2)=C(C1)c1ccc(Cl)cc1 |c:59|,Ki, 0.178,nM,324987,,,False
CC(=O)N1CCC(CC1)Nc1ccc(cc1[N+]([O-])=O)S(=O)(=O)NC(=O)c1ccc(cc1Oc1ccc2[nH]ccc2c1)N1CCN(CC2=C(CC(C)(C)CC2)c2ccc(Cl)cc2)CC1 |t:51|,Ki, 0.179,nM,325038,,,False
CC1(C)CCC(CN2CCN(CC2)c2ccc(C(=O)NS(=O)(=O)c3ccc(NCC4CCOCC4)c(c3)[N+]([O-])=O)c(Oc3cnc4[nH]ccc4c3)c2)=C(C1)c1ccc(Cl)cc1,Ki, 0.180,nM,1303733,,,False
CC1(C)CCC(CN2CCN(CC2)c2ccc(C(=O)NS(=O)(=O)c3ccc(NCC4(N)CCOCC4)c(c3)[N+]([O-])=O)c(Oc3cccc4[nH]ccc34)c2)=C(C1)c1ccc(Cl)cc1 |c:58|,Ki, 0.18,nM,324888,,,False
"CC1(C)CCC(CN2CCN(CC2)c2ccc(C(=O)NS(=O)(=O)c3ccc(NC4CCC(CC4)N4CCOCC4)c(c3)[N+]([O-])=O)c(Oc3ccc4[nH]ccc4c3)c2)=C(C1)c1ccc(Cl)cc1 |c:63,(15.08,-12.62,;14.26,-11.31,;15.8,-11.37,;14.26,-9.77,;12.93,-9,;11.59,-9.77,;10.26,-9,;10.26,-7.46,;11.59,-6.69,;11.59,-5.15,;10.26,-4.38,;8.92,-5.15,;8.92,-6.69,;10.26,-2.84,;11.59,-2.07,;11.59,-.53,;10.26,.24,;10.26,1.78,;8.92,2.55,;11.59,2.55,;11.59,4.09,;13.13,4.09,;10.05,4.09,;11.59,5.63,;10.26,6.4,;10.26,7.94,;11.59,8.71,;11.59,10.25,;10.26,11.02,;8.92,10.25,;7.59,11.02,;7.59,12.56,;8.92,13.33,;10.26,12.56,;6.26,13.33,;4.92,12.56,;3.59,13.33,;3.59,14.87,;4.92,15.64,;6.26,14.87,;12.93,7.94,;12.93,6.4,;14.26,8.71,;15.59,7.94,;14.26,10.25,;8.92,-.53,;7.59,.24,;6.26,-.53,;6.26,-2.07,;4.92,-2.84,;3.59,-2.07,;2.13,-2.55,;1.22,-1.3,;2.13,-.06,;3.59,-.53,;4.92,.24,;8.92,-2.07,;11.59,-11.31,;12.93,-12.08,;10.26,-12.08,;10.26,-13.62,;8.92,-14.39,;7.59,-13.62,;6.26,-14.39,;7.59,-12.08,;8.92,-11.31,)|",Ki, 0.18,nM,325067,,,False
COCCNc1ccc(cc1[N+]([O-])=O)S(=O)(=O)NC(=O)c1ccc(cc1Oc1ccc2[nH]ccc2c1)N1CCN(CC2=C(CC(C)(C)CC2)c2ccc(Cl)cc2)CC1,Ki, 0.181,nM,1179872,,,False
CC1(C)CCC(CN2CCN(CC2)c2ccc(C(=O)NS(=O)(=O)c3ccc(NC4CCN(CC4)C4CCCC4)c(c3)[N+]([O-])=O)c(Oc3ccccc3F)c2)=C(C1)c1ccc(Cl)cc1,Ki, 0.181,nM,387712,,,False
COCCNc1ccc(cc1[N+]([O-])=O)S(=O)(=O)NC(=O)c1ccc(cc1Oc1ccc2[nH]ccc2c1)N1CCN(CC2=C(CC(C)(C)CC2)c2ccc(Cl)cc2)CC1 |t:45|,Ki, 0.181,nM,339571,,,False
COCCNc1ccc(cc1[N+]([O-])=O)S(=O)(=O)NC(=O)c1ccc(cc1Oc1ccc2[nH]ccc2c1)N1CCN(CC2=C(CC(C)(C)CC2)c2ccc(Cl)cc2)CC1,Ki, 0.181,nM,1373107,,,False
COCCNc1ccc(cc1[N+]([O-])=O)S(=O)(=O)NC(=O)c1ccc(cc1Oc1ccc2[nH]ccc2c1)N1CCN(CC2=C(CC(C)(C)CC2)c2ccc(Cl)cc2)CC1,Ki, 0.181,nM,1372751,,,False
COCCNc1ccc(cc1[N+]([O-])=O)S(=O)(=O)NC(=O)c1ccc(cc1Oc1ccc2[nH]ccc2c1)N1CCN(CC2=C(CC(C)(C)CC2)c2ccc(Cl)cc2)CC1,Ki, 0.181,nM,704612,,,False
CC1(C)CCC(CN2CCN(CC2)c2ccc(C(=O)NS(=O)(=O)c3ccc(NC4CCN(CC4)C4CCCC4)c(c3)[N+]([O-])=O)c(Oc3ccccc3F)c2)=C(C1)c1ccc(Cl)cc1 |c:59|,Ki, 0.181,nM,281466,,,False
COCCNc1ccc(cc1[N+]([O-])=O)S(=O)(=O)NC(=O)c1ccc(cc1Oc1ccc2[nH]ccc2c1)N1CCN(CC2=C(CC(C)(C)CC2)c2ccc(Cl)cc2)CC1 |t:45|,Ki, 0.181,nM,324891,,,False
CC1(C)CCC(CN2CCN(CC2)c2ccc(C(=O)NS(=O)(=O)c3cnc(OC4CCN(CC4)C4CCOCC4)c(c3)C#N)c(Oc3cc4cc[nH]c4cc3F)c2)=C(C1)c1ccc(Cl)cc1 |c:63|,Ki, 0.183,nM,281648,,,False
CC1(C)CCC(CN2CCN(CC2)c2ccc(C(=O)NS(=O)(=O)c3cnc(OC4CCN(CC4)C4CCOCC4)c(c3)C#N)c(Oc3cc4cc[nH]c4cc3F)c2)=C(C1)c1ccc(Cl)cc1,Ki, 0.183,nM,387900,,,False
CC1(C)CCC(CN2CCN(CC2)c2ccc(C(=O)NS(=O)(=O)c3ccc(NCCCN4CCS(=O)(=O)CC4)c(c3)[N+]([O-])=O)c(Oc3ccc4[nH]ccc4c3)c2)=C(C1)c1ccc(Cl)cc1 |c:61|,Ki, 0.183,nM,324974,,,False
CC1(C)CCC(CN2CCN(CC2)c2ccc(C(=O)NS(=O)(=O)c3ccc(NCCCN4CCS(=O)(=O)CC4)c(c3)[N+]([O-])=O)c(Oc3cccc4[nH]ccc34)c2)=C(C1)c1ccc(Cl)cc1 |c:61|,Ki, 0.183,nM,325001,,,False
CN1CCC(CC1)Nc1ccc(cc1S(=O)(=O)C(F)(F)F)S(=O)(=O)NC(=O)c1ccc(cc1Oc1ccccc1Cl)N1CCN(CC2=C(CC(C)(C)CC2)c2ccc(Cl)cc2)CC1,Ki, 0.184,nM,387638,,,False
CN1CCC(CC1)Nc1ccc(cc1S(=O)(=O)C(F)(F)F)S(=O)(=O)NC(=O)c1ccc(cc1Oc1ccccc1Cl)N1CCN(CC2=C(CC(C)(C)CC2)c2ccc(Cl)cc2)CC1 |t:50|,Ki, 0.184,nM,281392,,,False
"CC1(C)CCC(CN2CCN(CC2)c2ccc(C(=O)NS(=O)(=O)c3ccc(NCC45CC6CC(C[C@@](O)(C6)C4)C5)c(c3)[N+]([O-])=O)c(Oc3ccc4[nH]ccc4c3)c2)=C(C1)c1ccc(Cl)cc1 |r,c:64,TLB:28:29:32:34.37.35,36:35:32:39.30.29,THB:30:31:34:39.29.38,30:29:34:32.31.37,38:29:32:34.37.35,38:35:32:39.30.29|",Ki, 0.184,nM,235388,,,False
"CC1(C)CCC(CN2CCN(CC2)c2ccc(C(=O)NS(=O)(=O)c3ccc(OC4CCC(CC4)N4CCOCC4)c(c3)[N+]([O-])=O)c(Oc3cc4cc[nH]c4cc3F)c2)=C(C1)c1ccc(Cl)cc1 |c:64,(-1.64,-14.42,;-.82,-13.11,;-2.36,-13.17,;-.82,-11.57,;.51,-10.8,;1.84,-11.57,;3.18,-10.8,;3.18,-9.26,;4.51,-8.49,;4.51,-6.95,;3.18,-6.18,;1.84,-6.95,;1.84,-8.49,;3.18,-4.64,;4.51,-3.87,;4.51,-2.33,;3.18,-1.56,;3.18,-.02,;1.84,.75,;4.51,.75,;4.51,2.29,;6.05,2.29,;2.97,2.29,;4.51,3.83,;5.84,4.6,;5.84,6.14,;4.51,6.91,;4.51,8.45,;5.84,9.22,;5.84,10.76,;7.18,11.53,;8.51,10.76,;8.51,9.22,;7.18,8.45,;9.84,11.53,;9.84,13.07,;11.18,13.84,;12.51,13.07,;12.51,11.53,;11.18,10.76,;3.18,6.14,;3.18,4.6,;1.84,6.91,;.51,6.14,;1.84,8.45,;1.84,-2.33,;.51,-1.56,;-.82,-2.33,;-2.16,-1.56,;-3.49,-2.33,;-4.96,-1.86,;-5.86,-3.1,;-4.96,-4.35,;-3.49,-3.87,;-2.16,-4.64,;-.82,-3.87,;.51,-4.64,;1.84,-3.87,;1.84,-13.11,;.51,-13.88,;3.18,-13.88,;4.51,-13.11,;5.84,-13.88,;5.84,-15.42,;7.18,-16.19,;4.51,-16.19,;3.18,-15.42,)|",Ki, 0.185,nM,281634,,,False
CC1(C)CCC(CN2CCN(CC2)c2ccc(C(=O)NS(=O)(=O)c3ccc(OC4CCC(CC4)N4CCOCC4)c(c3)[N+]([O-])=O)c(Oc3cc4cc[nH]c4cc3F)c2)=C(C1)c1ccc(Cl)cc1,Ki, 0.185,nM,387886,,,False
CC1(C)CCC(CN2CCN(CC2)c2ccc(C(=O)NS(=O)(=O)c3ccc(NC4CCN(CC4)C4CCOCC4)c(c3)[N+]([O-])=O)c(Oc3ccc(N)nc3)c2)=C(C1)c1ccc(Cl)cc1 |c:60|,Ki, 0.186,nM,281585,,,False
CC1(C)CCC(CN2CCN(CC2)c2ccc(C(=O)NS(=O)(=O)c3ccc(NC4CCN(CC4)C4CCOCC4)c(c3)[N+]([O-])=O)c(Oc3ccc(N)nc3)c2)=C(C1)c1ccc(Cl)cc1,Ki, 0.186,nM,387836,,,False
CN1CCC(CC1)Nc1ccc(cc1[N+]([O-])=O)S(=O)(=O)NC(=O)c1ccc(cc1Oc1cc(Cl)ccc1Cl)N1CCN(CC2=C(CC(C)(C)CC2)c2ccc(Cl)cc2)CC1,Ki, 0.187,nM,387639,,,False
CN1CCC(CC1)Nc1ccc(cc1[N+]([O-])=O)S(=O)(=O)NC(=O)c1ccc(cc1Oc1cc(Cl)ccc1Cl)N1CCN(CC2=C(CC(C)(C)CC2)c2ccc(Cl)cc2)CC1 |t:47|,Ki, 0.187,nM,281393,,,False
CC1(C)CCC(CN2CCN(CC2)c2ccc(C(=O)NS(=O)(=O)c3cnc(OCCN4CCOCC4)c(c3)C#N)c(Oc3ccc4[nH]ccc4c3)c2)=C(C1)c1ccc(Cl)cc1 |c:57|,Ki, 0.188,nM,325091,,,False
CC(N1CCN(CC1)c1ccc(C(=O)NS(=O)(=O)c2ccc(NCCCN3CCOCC3)c(c2)[N+]([O-])=O)c(Oc2cccc3[nH]ccc23)c1)c1ccccc1-c1ccc(Cl)cc1,Ki, 0.188,nM,324955,,,False
COCCON1CC(=CC(Cl)=C1)S(=O)(=O)NC(=O)c1ccc(cc1Oc1cnc2[nH]ccc2c1)N1CCN(CC2=C(CC(C)(C)CC2)c2ccc(Cl)cc2)CC1,Ki, 0.190,nM,1180037,,,False
COCCOc1ncc(cc1Cl)S(=O)(=O)NC(=O)c1ccc(cc1Oc1cnc2[nH]ccc2c1)N1CCN(CC2=C(CC(C)(C)CC2)c2ccc(Cl)cc2)CC1,Ki, 0.190,nM,704883,,,False
COCCOc1ncc(cc1Cl)S(=O)(=O)NC(=O)c1ccc(cc1Oc1cnc2[nH]ccc2c1)N1CCN(CC2=C(CC(C)(C)CC2)c2ccc(Cl)cc2)CC1,Ki, 0.190,nM,1373022,,,False
COCCOc1ncc(cc1Cl)S(=O)(=O)NC(=O)c1ccc(cc1Oc1cnc2[nH]ccc2c1)N1CCN(CC2=C(CC(C)(C)CC2)c2ccc(Cl)cc2)CC1 |t:43|,Ki, 0.19,nM,339833,,,False
CC1(C)CCC(CN2CCN(CC2)c2ccc(C(=O)NS(=O)(=O)c3ccc(NCC4COCCO4)c(c3)[N+]([O-])=O)c(Oc3cc4cc[nH]c4cc3F)c2)=C(C1)c1ccc(Cl)cc1 |c:58|,Ki, 0.191,nM,281616,,,False
CC1(C)CCC(CN2CCN(CC2)c2ccc(C(=O)NS(=O)(=O)c3ccc(NCC4COCCO4)c(c3)[N+]([O-])=O)c(Oc3cc4cc[nH]c4cc3F)c2)=C(C1)c1ccc(Cl)cc1,Ki, 0.191,nM,387867,,,False
CN1CCN(CC1)Nc1ccc(cc1S(=O)(=O)C(F)(F)F)S(=O)(=O)NC(=O)c1ccc(cc1Oc1ccc2[nH]ccc2c1)N1CCN(CC2=C(CC(C)(C)CC2)c2ccc(Cl)cc2)CC1 |t:53|,Ki, 0.192,nM,324929,,,False
CC1(C)CCC(CN2CCN(CC2)c2ccc(C(=O)NS(=O)(=O)c3ccc(NC[C@@H]4CCCOC4)c(c3)[N+]([O-])=O)c(Oc3ccc4[nH]ccc4c3)c2)=C(C1)c1ccc(Cl)cc1 |c:57|,Ki, 0.192,nM,324892,,,False
[O-][N+](=O)c1cc(ccc1NCCCN1CCCC1)S(=O)(=O)NC(=O)c1ccc(cc1Oc1ccccc1)N1CCN(Cc2ccccc2-c2ccc(Cl)cc2)CC1,Ki, 0.193,nM,324812,,,False
CC%11(C)CC(c1ccc(Cl)cc1)=C%10CN9CCN(c8ccc(C(=O)NS(=O)(=O)c4ccc(NCC3(F)CCN(C2COC2)CC3)c([N+](=O)[O-])c4)c(N7CCCOc6nc5[nH]ccc5cc67)c8)C[C@H]9COCCCO[C@@H]%10C%11,Ki, 0.194,nM,1406260,,,False
CC%11(C)CC(c1ccc(Cl)cc1)=C%10CN9CCN(c8ccc(C(=O)NS(=O)(=O)c4ccc(NCC3(F)CCN(C2COC2)CC3)c([N+](=O)[O-])c4)c(N7CCCOc6nc5[nH]ccc5cc67)c8)C[C@H]9COCCCO[C@@H]%10C%11,Ki, 0.194,nM,1498031,,,False
[O-][N+](=O)c1cc(ccc1NCC1CCOCC1)S(=O)(=O)NC(=O)c1ccc(cc1Oc1cccc2[nH]ccc12)N1CCN(Cc2cc(CN3CCCC3)ccc2-c2ccc(Cl)cc2)CC1,Ki, 0.194,nM,324762,,,False
CC1(C)CCC(=C(CN2CCN(CC2)c2ccc(C(=O)NS(=O)(=O)c3cnc(OCC4CCOCC4)c(c3)C#N)c(Oc3cnc4[nH]ccc4c3)c2)C1)c1ccc(Cl)cc1,Ki, 0.196,nM,1179984,,,False
CC1(C)CCC(CN2CCN(CC2)c2ccc(C(=O)NS(=O)(=O)c3ccc(N[C@@H]4CCN(C4)C(CF)CF)c(c3)S(=O)(=O)C(F)(F)F)c(Oc3cnc4[nH]ccc4c3)c2)=C(C1)c1ccc(Cl)cc1,Ki, 0.196,nM,1179905,,,False
CC1(C)CCC(=C(CN2CCN(CC2)c2ccc(C(=O)NS(=O)(=O)c3cnc(OCC4CCOCC4)c(c3)C#N)c(Oc3cnc4[nH]ccc4c3)c2)C1)c1ccc(Cl)cc1,Ki, 0.196,nM,1372807,,,False
CC1(C)CCC(CN2CCN(CC2)c2ccc(C(=O)NS(=O)(=O)c3ccc(NCCCN4CCOCC4)c(c3)[N+]([O-])=O)c(Oc3cccc4[nH]ccc34)c2)=C(C1)c1ccc(Cl)cc1 |c:59|,Ki, 0.196,nM,324784,,,False
CC1(C)CCC(=C(CN2CCN(CC2)c2ccc(C(=O)NS(=O)(=O)c3cnc(OCC4CCOCC4)c(c3)C#N)c(Oc3cnc4[nH]ccc4c3)c2)C1)c1ccc(Cl)cc1,Ki, 0.196,nM,704668,,,False
CC1(C)CCC(CN2CCN(CC2)c2ccc(C(=O)NS(=O)(=O)c3ccc(N[C@@H]4CCN(C4)C(CF)CF)c(c3)S(=O)(=O)C(F)(F)F)c(Oc3cnc4[nH]ccc4c3)c2)=C(C1)c1ccc(Cl)cc1,Ki, 0.196,nM,1372956,,,False
CC1(C)CCC(CN2CCN(CC2)c2ccc(C(=O)NS(=O)(=O)c3ccc(N[C@@H]4CCN(C4)C(CF)CF)c(c3)S(=O)(=O)C(F)(F)F)c(Oc3cnc4[nH]ccc4c3)c2)=C(C1)c1ccc(Cl)cc1,Ki, 0.196,nM,704817,,,False
CC1(C)CCC(CN2CCN(CC2)c2ccc(C(=O)NS(=O)(=O)c3ccc(N[C@@H]4CCN(C4)C(CF)CF)c(c3)S(=O)(=O)C(F)(F)F)c(Oc3cnc4[nH]ccc4c3)c2)=C(C1)c1ccc(Cl)cc1 |c:64|,Ki, 0.196,nM,339768,,,False
CC1(C)CCC(=C(CN2CCN(CC2)c2ccc(C(=O)NS(=O)(=O)c3cnc(OCC4CCOCC4)c(c3)C#N)c(Oc3cnc4[nH]ccc4c3)c2)C1)c1ccc(Cl)cc1 |t:5|,Ki, 0.196,nM,339627,,,False
CC1(C)CCC(CN2CCN(CC2)c2ccc(C(=O)NS(=O)(=O)c3ccc(NC4CCC(CC4)N(C4CC4)C4CC4)c(c3)[N+]([O-])=O)c(Oc3cc4cc[nH]c4cc3F)c2)=C(C1)c1ccc(Cl)cc1,Ki, 0.197,nM,387909,,,False
CC1(C)CCC(CN2CCN(CC2)c2ccc(C(=O)NS(=O)(=O)c3ccc(NC4CCN(CC5CC5)CC4)c(c3)[N+]([O-])=O)c(Oc3cc4cc[nH]c4c(F)c3F)c2)=C(C1)c1ccc(Cl)cc1,Ki, 0.197,nM,387812,,,False
CC1(C)CCC(CN2CCN(CC2)c2ccc(C(=O)NS(=O)(=O)c3cnc(OCC4(F)CCN(CC#N)CC4)c(Cl)c3)c(Oc3cccc4[nH]ncc34)c2)=C(C1)c1ccc(Cl)cc1 |c:59|,Ki, 0.197,nM,325122,,,False
"CC1(C)CCC(CN2CCN(CC2)c2ccc(C(=O)NS(=O)(=O)c3ccc(NC4CCC(CC4)N(C4CC4)C4CC4)c(c3)[N+]([O-])=O)c(Oc3cc4cc[nH]c4cc3F)c2)=C(C1)c1ccc(Cl)cc1 |c:66,(-8.81,14.66,;-8.09,13.3,;-7.37,14.66,;-6.76,12.53,;-6.76,10.99,;-8.09,10.22,;-8.09,8.68,;-6.76,7.91,;-6.76,6.37,;-5.42,5.6,;-4.09,6.37,;-4.09,7.91,;-5.42,8.68,;-2.76,5.6,;-1.42,6.37,;-.09,5.6,;-.09,4.06,;1.25,3.29,;1.25,1.75,;2.58,4.06,;3.91,3.29,;4.68,4.62,;3.14,1.95,;5.25,2.52,;5.25,.98,;6.58,.21,;7.91,.98,;9.25,.21,;9.25,-1.33,;10.58,-2.1,;10.58,-3.64,;9.25,-4.41,;7.91,-3.64,;7.91,-2.1,;9.25,-5.95,;7.91,-6.72,;7.14,-8.06,;6.37,-6.72,;10.58,-6.72,;12.12,-6.72,;11.35,-8.06,;7.91,2.52,;6.58,3.29,;9.25,3.29,;10.58,2.52,;9.25,4.83,;-1.42,3.29,;-1.42,1.75,;-2.76,.98,;-4.09,1.75,;-5.42,.98,;-6.89,1.45,;-7.79,.21,;-6.89,-1.04,;-5.42,-.56,;-4.09,-1.33,;-2.76,-.56,;-1.42,-1.33,;-2.76,4.06,;-9.42,10.99,;-9.42,12.53,;-10.76,10.22,;-10.76,8.68,;-12.09,7.91,;-13.42,8.68,;-14.76,7.91,;-13.42,10.22,;-12.09,10.99,)|",Ki, 0.197,nM,281657,,,False
CC1(C)CCC(CN2CCN(CC2)c2ccc(C(=O)NS(=O)(=O)c3ccc(NC4CCN(CC5CC5)CC4)c(c3)[N+]([O-])=O)c(Oc3cc4cc[nH]c4c(F)c3F)c2)=C(C1)c1ccc(Cl)cc1 |c:63|,Ki, 0.197,nM,281562,,,False
CCN(C)C(=O)N1CCOC(CNc2ncc(cc2Cl)S(=O)(=O)NC(=O)c2ccc(cc2Oc2cnc3[nH]ccc3c2)N2CCN(CC3=C(CC(C)(C)CC3)c3ccc(Cl)cc3)CC2)C1 |t:51|,Ki, 0.198,nM,339876,,,False
CC1(C)CCC(CN2CCN(CC2)c2ccc(C(=O)NS(=O)(=O)c3ccc(NC4CCN(CC4)S(C)(=O)=O)c(c3)[N+]([O-])=O)c(Oc3cc4cc[nH]c4cc3F)c2)=C(C1)c1ccc(Cl)cc1,Ki, 0.198,nM,387894,,,False
CCN(C)C(=O)N1CCOC(CNc2ncc(cc2Cl)S(=O)(=O)NC(=O)c2ccc(cc2Oc2cnc3[nH]ccc3c2)N2CCN(CC3=C(CC(C)(C)CC3)c3ccc(Cl)cc3)CC2)C1,Ki, 0.198,nM,704926,,,False
CCN(C)C(=O)N1CCOC(CNc2ncc(cc2Cl)S(=O)(=O)NC(=O)c2ccc(cc2Oc2cnc3[nH]ccc3c2)N2CCN(CC3=C(CC(C)(C)CC3)c3ccc(Cl)cc3)CC2)C1,Ki, 0.198,nM,1373065,,,False
CCN(C)C(=O)N1CCOC(CNc2ncc(cc2Cl)S(=O)(=O)NC(=O)c2ccc(cc2Oc2cnc3[nH]ccc3c2)N2CCN(CC3=C(CC(C)(C)CC3)c3ccc(Cl)cc3)CC2)C1,Ki, 0.198,nM,1180124,,,False
CC1(C)CCC(CN2CCN(CC2)c2ccc(C(=O)NS(=O)(=O)c3ccc(NC4CCN(CC4)S(C)(=O)=O)c(c3)[N+]([O-])=O)c(Oc3cc4cc[nH]c4cc3F)c2)=C(C1)c1ccc(Cl)cc1 |c:61|,Ki, 0.198,nM,281642,,,False
CC1(C)CCC(CN2CCN(CC2)c2ccc(C(=O)NS(=O)(=O)c3ccc(NCC4CCOCC4)c(c3)[N+]([O-])=O)c(Oc3cc4cc[nH]c4cc3Cl)c2)=C(C1)c1ccc(Cl)cc1 |c:58|,Ki, 0.199,nM,281600,,,False
CC1(C)CCC(CN2CCN(CC2)c2ccc(C(=O)NS(=O)(=O)c3ccc(NCC4CCOCC4)c(c3)[N+]([O-])=O)c(Oc3cc4cc[nH]c4cc3Cl)c2)=C(C1)c1ccc(Cl)cc1,Ki, 0.199,nM,387851,,,False
CC%10(C)CC(c1ccc(Cl)cc1)=C9CN8CCN(c7ccc(C(=O)NS(=O)(=O)c3ccc(OCC2CCOCC2)c([N+](=O)[O-])c3)c(N6CCCOc5nc4[nH]ccc4cc56)c7)C[C@H]8COCCCO[C@@H]9C%10,Ki, 0.202,nM,1406274,,,False
CC%10(C)CC(c1ccc(Cl)cc1)=C9CN8CCN(c7ccc(C(=O)NS(=O)(=O)c3ccc(OCC2CCOCC2)c([N+](=O)[O-])c3)c(N6CCCOc5nc4[nH]ccc4cc56)c7)C[C@H]8COCCCO[C@@H]9C%10,Ki, 0.202,nM,1498045,,,False
COCCOCCS(=O)(=O)c1ccc(cc1[N+]([O-])=O)S(=O)(=O)NC(=O)c1ccc(cc1Oc1cnc2[nH]ccc2c1)N1CCN(CC2=C(CC(C)(C)CC2)c2ccc(Cl)cc2)CC1,Ki, 0.203,nM,704651,,,False
COCCOCCS(=O)(=O)c1ccc(cc1[N+]([O-])=O)S(=O)(=O)NC(=O)c1ccc(cc1Oc1cnc2[nH]ccc2c1)N1CCN(CC2=C(CC(C)(C)CC2)c2ccc(Cl)cc2)CC1,Ki, 0.203,nM,1372790,,,False
COCCOCCS(=O)(=O)c1ccc(cc1[N+]([O-])=O)S(=O)(=O)NC(=O)c1ccc(cc1Oc1cnc2[nH]ccc2c1)N1CCN(CC2=C(CC(C)(C)CC2)c2ccc(Cl)cc2)CC1,Ki, 0.203,nM,1179950,,,False
COCCOCCS(=O)(=O)c1ccc(cc1[N+]([O-])=O)S(=O)(=O)NC(=O)c1ccc(cc1Oc1cnc2[nH]ccc2c1)N1CCN(CC2=C(CC(C)(C)CC2)c2ccc(Cl)cc2)CC1 |t:50|,Ki, 0.203,nM,339610,,,False
CC1(C)CCC(CN2CCN(CC2)c2ccc(C(=O)NS(=O)(=O)c3ccc(OCC#CCN4CCOCC4)c(c3)[N+]([O-])=O)c(Oc3cc4cc[nH]c4cc3F)c2)=C(C1)c1ccc(Cl)cc1,Ki, 0.205,nM,387892,,,False
CC1(C)CCC(CN2CCN(CC2)c2ccc(C(=O)NS(=O)(=O)c3ccc(OCC#CCN4CCOCC4)c(c3)[N+]([O-])=O)c(Oc3cc4cc[nH]c4cc3F)c2)=C(C1)c1ccc(Cl)cc1 |c:61|,Ki, 0.205,nM,281640,,,False
CO[C@]%10(CF)C[C@@H](CNc9ccc(S(=O)(=O)NC(=O)c5ccc(N4CCN3CC2=C(c1ccc(Cl)cc1)CC(C)(C)C[C@H]2OCCCOC[C@@H]3C4)cc5N8CCCOc7nc6[nH]ccc6cc78)cc9[N+](=O)[O-])C%10,Ki, 0.206,nM,1406278,,,False
CO[C@]%10(CF)C[C@@H](CNc9ccc(S(=O)(=O)NC(=O)c5ccc(N4CCN3CC2=C(c1ccc(Cl)cc1)CC(C)(C)C[C@H]2OCCCOC[C@@H]3C4)cc5N8CCCOc7nc6[nH]ccc6cc78)cc9[N+](=O)[O-])C%10,Ki, 0.206,nM,1498049,,,False
CC1(C)CCC(CN2CCN(CC2)c2ccc(C(=O)NS(=O)(=O)c3ccc(NC4CCN(CC4)C4CC4)c(c3)[N+]([O-])=O)c(Oc3cccc(F)c3)c2)=C(C1)c1ccc(Cl)cc1,Ki, 0.211,nM,387710,,,False
CC1(C)CCC(CN2CCN(CC2)c2ccc(C(=O)NS(=O)(=O)c3ccc(NC4CCN(CC4)C4CC4)c(c3)[N+]([O-])=O)c(Oc3cccc(F)c3)c2)=C(C1)c1ccc(Cl)cc1 |c:57|,Ki, 0.211,nM,281464,,,False
CN1CCN(CCCNc2ccc(cc2[N+]([O-])=O)S(=O)(=O)NC(=O)c2ccc(cc2Oc2ccccc2)N2CCN(Cc3ccccc3-c3ccc(Cl)cc3)CC2)CC1,Ki, 0.212,nM,324807,,,False
CC1(C)CCC(CN2CCN(CC2)c2ccc(C(=O)NS(=O)(=O)c3ccc(NC4CCN(CC4)C4CC4)c(c3)[N+]([O-])=O)c(Oc3cc4cc[nH]c4cc3F)c2)=C(C1)c1ccc(Cl)cc1 |c:61|,Ki, 0.212,nM,281650,,,False
CC1(C)CCC(CN2CCN(CC2)c2ccc(C(=O)NS(=O)(=O)c3ccc(NC4CCN(CC4)C4CC4)c(c3)[N+]([O-])=O)c(Oc3cc4cc[nH]c4cc3F)c2)=C(C1)c1ccc(Cl)cc1,Ki, 0.212,nM,387902,,,False
CC(C)(C)OC(=O)N1CCOCC1COc1ccc(cc1[N+]([O-])=O)S(=O)(=O)NC(=O)c1ccc(cc1Oc1cnc2[nH]ccc2c1)N1CCN(CC2=C(CC(C)(C)CC2)c2ccc(Cl)cc2)CC1,Ki, 0.213,nM,1179986,,,False
CC(C)(C)OC(=O)N1CCOCC1COc1ccc(cc1[N+]([O-])=O)S(=O)(=O)NC(=O)c1ccc(cc1Oc1cnc2[nH]ccc2c1)N1CCN(CC2=C(CC(C)(C)CC2)c2ccc(Cl)cc2)CC1,Ki, 0.213,nM,704669,,,False
CC(C)(C)OC(=O)N1CCOCC1COc1ccc(cc1[N+]([O-])=O)S(=O)(=O)NC(=O)c1ccc(cc1Oc1cnc2[nH]ccc2c1)N1CCN(CC2=C(CC(C)(C)CC2)c2ccc(Cl)cc2)CC1 |t:56|,Ki, 0.213,nM,339628,,,False
CC(C)(C)OC(=O)N1CCOCC1COc1ccc(cc1[N+]([O-])=O)S(=O)(=O)NC(=O)c1ccc(cc1Oc1cnc2[nH]ccc2c1)N1CCN(CC2=C(CC(C)(C)CC2)c2ccc(Cl)cc2)CC1,Ki, 0.213,nM,1372808,,,False
CC1(C)CCC(CN2CCN(CC2)c2ccc(C(=O)NS(=O)(=O)c3ccc(NCCCN4CCOCC4)c(c3)[N+]([O-])=O)c(Oc3ccc(F)cc3Cl)c2)=C(C1)c1ccc(Cl)cc1,Ki, 0.214,nM,387698,,,False
CC1(C)CCC(CN2CCN(CC2)c2ccc(C(=O)NS(=O)(=O)c3ccc(NCCCN4CCOCC4)c(c3)[N+]([O-])=O)c(Oc3ccc(F)cc3Cl)c2)=C(C1)c1ccc(Cl)cc1 |c:57|,Ki, 0.214,nM,281452,,,False
CN(C)C1(CNc2ccc(cc2[N+]([O-])=O)S(=O)(=O)NC(=O)c2ccc(cc2Oc2ccc3[nH]ccc3c2)N2CCN(CC3=C(CC(C)(C)CC3)c3ccc(Cl)cc3)CC2)CCOCC1 |t:46|,Ki, 0.218,nM,324916,,,False
COCCNc1ccc(cc1S(=O)(=O)C(F)(F)F)S(=O)(=O)NC(=O)c1ccc(cc1Oc1cnc2[nH]ccc2c1)N1CCN(CC2=C(CC(C)(C)CC2)c2ccc(Cl)cc2)CC1,Ki, 0.219,nM,704608,,,False
COCCNc1ccc(cc1S(=O)(=O)C(F)(F)F)S(=O)(=O)NC(=O)c1ccc(cc1Oc1cnc2[nH]ccc2c1)N1CCN(CC2=C(CC(C)(C)CC2)c2ccc(Cl)cc2)CC1,Ki, 0.219,nM,1179864,,,False
COCCNc1ccc(cc1S(=O)(=O)C(F)(F)F)S(=O)(=O)NC(=O)c1ccc(cc1Oc1cnc2[nH]ccc2c1)N1CCN(CC2=C(CC(C)(C)CC2)c2ccc(Cl)cc2)CC1 |t:49|,Ki, 0.219,nM,339567,,,False
COCCNc1ccc(cc1S(=O)(=O)C(F)(F)F)S(=O)(=O)NC(=O)c1ccc(cc1Oc1cnc2[nH]ccc2c1)N1CCN(CC2=C(CC(C)(C)CC2)c2ccc(Cl)cc2)CC1,Ki, 0.219,nM,1372747,,,False
CN1CCC(CC1)Nc1ccc(cc1[N+]([O-])=O)S(=O)(=O)NC(=O)c1ccc(cc1Oc1cccc(c1)-c1ccc[nH]1)N1CCN(CC2=C(CC(C)(C)CC2)c2ccc(Cl)cc2)CC1 |t:51|,Ki, 0.22,nM,281524,,,False
CN1CCC(CC1)Nc1ccc(cc1[N+]([O-])=O)S(=O)(=O)NC(=O)c1ccc(cc1Oc1ccc(F)cc1Cl)N1CCN(CC2=C(CC(C)(C)CC2)c2ccc(Cl)cc2)CC1 |t:47|,Ki, 0.22,nM,281394,,,False
CN1CCC(CC1)Nc1ccc(cc1[N+]([O-])=O)S(=O)(=O)NC(=O)c1ccc(cc1Oc1cccc(c1)-c1ccc[nH]1)N1CCN(CC2=C(CC(C)(C)CC2)c2ccc(Cl)cc2)CC1,Ki, 0.22,nM,387773,,,False
CN1CCC(CC1)Nc1ccc(cc1[N+]([O-])=O)S(=O)(=O)NC(=O)c1ccc(cc1Oc1ccc(F)cc1Cl)N1CCN(CC2=C(CC(C)(C)CC2)c2ccc(Cl)cc2)CC1,Ki, 0.22,nM,387640,,,False
CN(C)C(=O)c1ccccc1Oc1cc(ccc1C(=O)NS(=O)(=O)c1ccc(NC2CCN(C)CC2)c(c1)[N+]([O-])=O)N1CCN(CC2=C(CC(C)(C)CC2)c2ccc(Cl)cc2)CC1 |t:50|,Ki, 0.221,nM,281541,,,False
CN(C)C(=O)c1ccccc1Oc1cc(ccc1C(=O)NS(=O)(=O)c1ccc(NC2CCN(C)CC2)c(c1)[N+]([O-])=O)N1CCN(CC2=C(CC(C)(C)CC2)c2ccc(Cl)cc2)CC1,Ki, 0.221,nM,387790,,,False
CC1(C)C[C@H]2OCCCOC[C@@H]3CN(CCN3CC2=C(C1)c1ccc(Cl)cc1)c1ccc(C(=O)NS(=O)(=O)c2ccc(NCC3(O)CCOCC3)c(c2)[N+]([O-])=O)c(c1)N1CCCOc2nc3[nH]ccc3cc12,Ki, 0.223000,nM,51565554,,,False
CC1(C)CCC(CN2CCN(CC2)c2ccc(C(=O)NS(=O)(=O)c3ccc(NC4CCN(CCF)CC4)c(c3)[N+]([O-])=O)c(Oc3cccc(F)c3F)c2)=C(C1)c1ccc(Cl)cc1,Ki, 0.223,nM,387718,,,False
CC%10(C)CC(c1ccc(Cl)cc1)=C9CN8CCN(c7ccc(C(=O)NS(=O)(=O)c3ccc(NCC2(O)CCOCC2)c([N+](=O)[O-])c3)c(N6CCCOc5nc4[nH]ccc4cc56)c7)C[C@H]8COCCCO[C@@H]9C%10,Ki, 0.223,nM,1497989,,,False
CC1(C)CCC(CN2CCN(CC2)c2ccc(C(=O)NS(=O)(=O)c3ccc(NC4CCN(CCF)CC4)c(c3)[N+]([O-])=O)c(Oc3cccc(F)c3F)c2)=C(C1)c1ccc(Cl)cc1 |c:57|,Ki, 0.223,nM,281472,,,False
CC%10(C)CC(c1ccc(Cl)cc1)=C9CN8CCN(c7ccc(C(=O)NS(=O)(=O)c3ccc(NCC2(O)CCOCC2)c([N+](=O)[O-])c3)c(N6CCCOc5nc4[nH]ccc4cc56)c7)C[C@H]8COCCCO[C@@H]9C%10,Ki, 0.223,nM,1406218,,,False
COC1CC(CNc2ccc(S(=O)(=O)NC(=O)c3ccc(N4CCN5CC6=C(c7ccc(Cl)cc7)CC(C)(C)C[C@H]6OCCCOC[C@@H]5C4)cc3N3CCCOc4nc5[nH]ccc5cc43)cc2[N+](=O)[O-])C1,Ki, 0.224,nM,1498035,,,False
CO[C@@H]%10C[C@@H](CNc9ccc(S(=O)(=O)NC(=O)c5ccc(N4CCN3CC2=C(c1ccc(Cl)cc1)CC(C)(C)C[C@H]2OCCCOC[C@@H]3C4)cc5N8CCCOc7nc6[nH]ccc6cc78)cc9[N+](=O)[O-])C%10,Ki, 0.224,nM,1406264,,,False
[O-][N+](=O)c1cc(ccc1NCC1CCOCC1)S(=O)(=O)NC(=O)c1ccc(cc1Oc1cnc2[nH]ccc2c1)N1CCN(Cc2ccccc2-c2ccc(Cl)cc2)CC1,Ki, 0.225,nM,339552,,,False
[O-][N+](=O)c1cc(ccc1NCC1CCOCC1)S(=O)(=O)NC(=O)c1ccc(cc1Oc1cnc2[nH]ccc2c1)N1CCN(Cc2ccccc2-c2ccc(Cl)cc2)CC1,Ki, 0.225,nM,1179834,,,False
[O-][N+](=O)c1cc(ccc1NCC1CCOCC1)S(=O)(=O)NC(=O)c1ccc(cc1Oc1cnc2[nH]ccc2c1)N1CCN(Cc2ccccc2-c2ccc(Cl)cc2)CC1,Ki, 0.225,nM,1372732,,,False
[O-][N+](=O)c1cc(ccc1NCC1CCOCC1)S(=O)(=O)NC(=O)c1ccc(cc1Oc1cnc2[nH]ccc2c1)N1CCN(Cc2ccccc2-c2ccc(Cl)cc2)CC1,Ki, 0.225,nM,704593,,,False
CC1(C)CCC(CN2CCN(CC2)c2ccc(C(=O)NS(=O)(=O)c3ccc(NC4CCC(CC4)N4CCOCC4)c(c3)[N+]([O-])=O)c(Oc3ccc4[nH]ccc4c3)c2)=C(C1)c1ccc(Cl)cc1,Ki, 0.226,nM,1373108,,,False
"CC1(C)CCC(CN2CCN(CC2)c2ccc(C(=O)NS(=O)(=O)c3ccc(NC4CCC(CC4)N4CCOCC4)c(c3)[N+]([O-])=O)c(Oc3ccc4[nH]ccc4c3)c2)=C(C1)c1ccc(Cl)cc1 |c:63,(8.87,-14.45,;8.05,-13.14,;9.59,-13.19,;8.05,-11.6,;6.72,-10.83,;5.38,-11.6,;4.05,-10.83,;4.05,-9.29,;5.38,-8.52,;5.38,-6.98,;4.05,-6.21,;2.71,-6.98,;2.71,-8.52,;4.05,-4.67,;5.38,-3.9,;5.38,-2.36,;4.05,-1.59,;4.05,-.05,;2.71,.72,;5.38,.72,;5.38,2.26,;6.92,2.26,;3.84,2.26,;5.38,3.8,;4.05,4.57,;4.05,6.11,;5.38,6.88,;5.38,8.42,;4.05,9.19,;2.71,8.42,;1.38,9.19,;1.38,10.73,;2.71,11.5,;4.05,10.73,;.05,11.5,;-1.29,10.73,;-2.62,11.5,;-2.62,13.04,;-1.29,13.81,;.05,13.04,;6.72,6.11,;6.72,4.57,;8.05,6.88,;9.38,6.11,;8.05,8.42,;2.71,-2.36,;1.38,-1.59,;.05,-2.36,;.05,-3.9,;-1.29,-4.67,;-2.62,-3.9,;-4.08,-4.38,;-4.99,-3.13,;-4.08,-1.89,;-2.62,-2.36,;-1.29,-1.59,;2.71,-3.9,;5.38,-13.14,;6.72,-13.91,;4.05,-13.91,;4.05,-15.45,;2.71,-16.22,;1.38,-15.45,;.05,-16.22,;1.38,-13.91,;2.71,-13.14,)|",Ki, 0.226,nM,339570,,,False
CC1(C)CCC(CN2CCN(CC2)c2ccc(C(=O)NS(=O)(=O)c3ccc(N[C@H]4CC[C@@H](CC4)N4CCOCC4)c(c3)[N+]([O-])=O)c(Oc3ccc4[nH]ccc4c3)c2)=C(C1)c1ccc(Cl)cc1,Ki, 0.226,nM,704611,,,False
CC1(C)CCC(CN2CCN(CC2)c2ccc(C(=O)NS(=O)(=O)c3ccc(N[C@H]4CC[C@@H](CC4)N4CCOCC4)c(c3)[N+]([O-])=O)c(Oc3ccc4[nH]ccc4c3)c2)=C(C1)c1ccc(Cl)cc1,Ki, 0.226,nM,1372750,,,False
CC1(C)CCC(CN2CCN(CC2)c2ccc(C(=O)NS(=O)(=O)c3ccc(N[C@H]4CC[C@@H](CC4)N4CCOCC4)c(c3)[N+]([O-])=O)c(Oc3ccc4[nH]ccc4c3)c2)=C(C1)c1ccc(Cl)cc1,Ki, 0.226,nM,1179870,,,False
"CC1(C)CCC(CN2CCN(CC2)c2ccc(C(=O)NS(=O)(=O)c3ccc(NC4CCC(CC4)N4CCOCC4)c(c3)[N+]([O-])=O)c(Oc3ccc4[nH]ccc4c3)c2)=C(C1)c1ccc(Cl)cc1 |c:63,(8.87,-14.45,;8.05,-13.14,;9.59,-13.19,;8.05,-11.6,;6.72,-10.83,;5.38,-11.6,;4.05,-10.83,;4.05,-9.29,;5.38,-8.52,;5.38,-6.98,;4.05,-6.21,;2.71,-6.98,;2.71,-8.52,;4.05,-4.67,;5.38,-3.9,;5.38,-2.36,;4.05,-1.59,;4.05,-.05,;2.71,.72,;5.38,.72,;5.38,2.26,;6.92,2.26,;3.84,2.26,;5.38,3.8,;4.05,4.57,;4.05,6.11,;5.38,6.88,;5.38,8.42,;4.05,9.19,;2.71,8.42,;1.38,9.19,;1.38,10.73,;2.71,11.5,;4.05,10.73,;.05,11.5,;-1.29,10.73,;-2.62,11.5,;-2.62,13.04,;-1.29,13.81,;.05,13.04,;6.72,6.11,;6.72,4.57,;8.05,6.88,;9.38,6.11,;8.05,8.42,;2.71,-2.36,;1.38,-1.59,;.05,-2.36,;.05,-3.9,;-1.29,-4.67,;-2.62,-3.9,;-4.08,-4.38,;-4.99,-3.13,;-4.08,-1.89,;-2.62,-2.36,;-1.29,-1.59,;2.71,-3.9,;5.38,-13.14,;6.72,-13.91,;4.05,-13.91,;4.05,-15.45,;2.71,-16.22,;1.38,-15.45,;.05,-16.22,;1.38,-13.91,;2.71,-13.14,)|",Ki, 0.226,nM,324890,,,False
CN1CCN(CC1)Nc1ccc(cc1[N+]([O-])=O)S(=O)(=O)NC(=O)c1ccc(cc1Oc1cc2cc[nH]c2cc1F)N1CCN(CC2=C(CC(C)(C)CC2)c2ccc(Cl)cc2)CC1,Ki, 0.227,nM,387797,,,False
CN1CCC(CC1)Nc1ccc(cc1[N+]([O-])=O)S(=O)(=O)NC(=O)c1ccc(cc1Oc1ccccc1Cl)N1CCN(CC2=C(CC(C)(C)C2)c2ccc(Cl)cc2)CC1 |t:46|,Ki, 0.227,nM,281395,,,False
CN1CCC(CC1)Nc1ccc(cc1[N+]([O-])=O)S(=O)(=O)NC(=O)c1ccc(cc1Oc1ccccc1Cl)N1CCN(CC2=C(CC(C)(C)C2)c2ccc(Cl)cc2)CC1,Ki, 0.227,nM,387641,,,False
CN1CCN(CC1)Nc1ccc(cc1[N+]([O-])=O)S(=O)(=O)NC(=O)c1ccc(cc1Oc1cc2cc[nH]c2cc1F)N1CCN(CC2=C(CC(C)(C)CC2)c2ccc(Cl)cc2)CC1 |t:50|,Ki, 0.227,nM,281547,,,False
CC1(C)CCC(CN2CCN(CC2)c2ccc(C(=O)NS(=O)(=O)c3ccc(NC4CCN(CC4)C4CCOCC4)c(c3)[N+]([O-])=O)c(Oc3ccc4[nH]ccc4c3)c2F)=C(C1)c1ccc(Cl)cc1 |c:64|,Ki, 0.228,nM,324897,,,False
Cn1cncc1CNc1ccc(cc1[N+]([O-])=O)S(=O)(=O)NC(=O)c1ccc(cc1Oc1ccc2[nH]ccc2c1)N1CCN(CC2=C(CC(C)(C)CC2)c2ccc(Cl)cc2)CC1 |t:49|,Ki, 0.228,nM,325064,,,False
CC(C)N(C)CCCNc1ccc(cc1[N+]([O-])=O)S(=O)(=O)NC(=O)c1ccc(cc1Oc1ccccc1)N1CCN(Cc2ccccc2-c2ccc(Cl)cc2)CC1,Ki, 0.231,nM,324814,,,False
"CC1(C)CCC(CN2CCN(CC2)c2ccc(C(=O)NS(=O)(=O)c3ccc(NC4CCC(CC4)N4CCOCC4)c(c3)[N+]([O-])=O)c(Oc3cc4cc[nH]c4cc3Cl)c2)=C(C1)c1ccc(Cl)cc1 |c:64,(-1.64,-14.42,;-.82,-13.11,;-2.36,-13.17,;-.82,-11.57,;.51,-10.8,;1.84,-11.57,;3.18,-10.8,;3.18,-9.26,;4.51,-8.49,;4.51,-6.95,;3.18,-6.18,;1.84,-6.95,;1.84,-8.49,;3.18,-4.64,;4.51,-3.87,;4.51,-2.33,;3.18,-1.56,;3.18,-.02,;1.84,.75,;4.51,.75,;4.51,2.29,;6.05,2.29,;2.97,2.29,;4.51,3.83,;5.84,4.6,;5.84,6.14,;4.51,6.91,;4.51,8.45,;5.84,9.22,;5.84,10.76,;7.18,11.53,;8.51,10.76,;8.51,9.22,;7.18,8.45,;9.84,11.53,;9.84,13.07,;11.18,13.84,;12.51,13.07,;12.51,11.53,;11.18,10.76,;3.18,6.14,;3.18,4.6,;1.84,6.91,;.51,6.14,;1.84,8.45,;1.84,-2.33,;.51,-1.56,;-.82,-2.33,;-2.16,-1.56,;-3.49,-2.33,;-4.96,-1.86,;-5.86,-3.1,;-4.96,-4.35,;-3.49,-3.87,;-2.16,-4.64,;-.82,-3.87,;.51,-4.64,;1.84,-3.87,;1.84,-13.11,;.51,-13.88,;3.18,-13.88,;4.51,-13.11,;5.84,-13.88,;5.84,-15.42,;7.18,-16.19,;4.51,-16.19,;3.18,-15.42,)|",Ki, 0.233,nM,281617,,,False
CC1(C)CCC(CN2CCN(CC2)c2ccc(C(=O)NS(=O)(=O)c3ccc(NCC4(CCCCC4)N4CCOCC4)c(c3)[N+]([O-])=O)c(Oc3cnc4[nH]ccc4c3)c2)=C(C1)c1ccc(Cl)cc1 |c:64|,Ki, 0.233,nM,339648,,,False
CC1(C)CCC(CN2CCN(CC2)c2ccc(C(=O)NS(=O)(=O)c3ccc(NCC4(CCCCC4)N4CCOCC4)c(c3)[N+]([O-])=O)c(Oc3cnc4[nH]ccc4c3)c2)=C(C1)c1ccc(Cl)cc1,Ki, 0.233,nM,704691,,,False
CC1(C)CCC(CN2CCN(CC2)c2ccc(C(=O)NS(=O)(=O)c3ccc(NC4CCC(CC4)N4CCOCC4)c(c3)[N+]([O-])=O)c(Oc3cc4cc[nH]c4cc3Cl)c2)=C(C1)c1ccc(Cl)cc1,Ki, 0.233,nM,387868,,,False
CC1(C)CCC(CN2CCN(CC2)c2ccc(C(=O)NS(=O)(=O)c3ccc(NCC4(CCCCC4)N4CCOCC4)c(c3)[N+]([O-])=O)c(Oc3cnc4[nH]ccc4c3)c2)=C(C1)c1ccc(Cl)cc1,Ki, 0.233,nM,1372830,,,False
CC1(C)CCC(CN2CCN(CC2)c2ccc(C(=O)NS(=O)(=O)c3ccc(NCC4(CCCCC4)N4CCOCC4)c(c3)[N+]([O-])=O)c(Oc3cnc4[nH]ccc4c3)c2)=C(C1)c1ccc(Cl)cc1,Ki, 0.233,nM,1180030,,,False
CC1(CNc2ccc(cc2[N+]([O-])=O)S(=O)(=O)NC(=O)c2ccc(cc2Oc2ccc3[nH]ccc3c2)N2CCN(CC3=C(CC(C)(C)CC3)c3ccc(Cl)cc3)CC2)COC1 |t:44|,Ki, 0.235,nM,324972,,,False
CN1CCN(CCNc2ccc(cc2[N+]([O-])=O)S(=O)(=O)NC(=O)c2ccc(cc2Oc2ccccc2)N2CCN(Cc3ccccc3-c3ccc(Cl)cc3)CC2)CC1,Ki, 0.236,nM,324806,,,False
CC1(C)CCC(CN2CCN(CC2CO)c2ccc(C(=O)NS(=O)(=O)c3ccc(NC4CCN(CC4)C4CCOCC4)c(c3)[N+]([O-])=O)c(Oc3ccc4[nH]ccc4c3)c2)=C(C1)c1ccc(Cl)cc1 |c:65|,Ki, 0.236,nM,324928,,,False
CC1(C)CCC(CN2CCN(CC2)c2ccc(C(=O)NS(=O)(=O)c3ccc(NCC4(N)CCOCC4)c(c3)[N+]([O-])=O)c(Oc3cccc(Cl)c3)c2)=C(C1)c1ccc(Cl)cc1,Ki, 0.237,nM,387687,,,False
CC1(C)CCC(CN2CCN(CC2)c2ccc(C(=O)NS(=O)(=O)c3ccc(NCC4(N)CCOCC4)c(c3)[N+]([O-])=O)c(Oc3cccc(Cl)c3)c2)=C(C1)c1ccc(Cl)cc1 |c:55|,Ki, 0.237,nM,281441,,,False
CC1(C)CC(c2ccc(Cl)cc2)=C2CN3CCN(c4ccc(C(=O)NS(=O)(=O)c5cnc(OCC6CCC(C)(O)CC6)c(Cl)c5)c(N5CCCOc6nc7[nH]ccc7cc65)c4)C[C@H]3COCCCO[C@@H]2C1,Ki, 0.237,nM,1498051,,,False
CC1(C)C[C@H]2OCCCOC[C@@H]3CN(CCN3CC2=C(C1)c1ccc(Cl)cc1)c1ccc(C(=O)NS(=O)(=O)c2cnc(OC[C@H]3CC[C@@](C)(O)CC3)c(Cl)c2)c(c1)N1CCCOc2nc3[nH]ccc3cc12,Ki, 0.237,nM,1406280,,,False
CC1(C)CCC(CN2CCN(CC2)c2ccc(C(=O)NS(=O)(=O)c3ccc(NCCCN4CCOCC4)c(c3)[N+]([O-])=O)c(Oc3ccccc3)c2)=C(C1)c1ccc(Cl)cc1 |c:55|,Ki, 0.238,nM,324756,,,False
CC1(C)CCC(CN2CCN(CC2)c2ccc(C(=O)NS(=O)(=O)c3ccc(NN4CCS(=O)(=O)CC4)c(c3)[N+]([O-])=O)c(Oc3cc4cc[nH]c4cc3F)c2)=C(C1)c1ccc(Cl)cc1 |c:59|,Ki, 0.238,nM,281654,,,False
CC%10(C)CC(c1ccc(Cl)cc1)=C9CN8CCN(c7ccc(C(=O)NS(=O)(=O)c3ccc(NCC2CCCCO2)c([N+](=O)[O-])c3)c(N6CCCOc5nc4[nH]ccc4cc56)c7)C[C@H]8COCCCO[C@@H]9C%10,Ki, 0.238,nM,1406272,,,False
CC1(C)CCC(CN2CCN(CC2)c2ccc(C(=O)NS(=O)(=O)c3ccc(NN4CCS(=O)(=O)CC4)c(c3)[N+]([O-])=O)c(Oc3cc4cc[nH]c4cc3F)c2)=C(C1)c1ccc(Cl)cc1,Ki, 0.238,nM,387906,,,False
CC%10(C)CC(c1ccc(Cl)cc1)=C9CN8CCN(c7ccc(C(=O)NS(=O)(=O)c3ccc(NCC2CCCCO2)c([N+](=O)[O-])c3)c(N6CCCOc5nc4[nH]ccc4cc56)c7)C[C@H]8COCCCO[C@@H]9C%10,Ki, 0.238,nM,1498043,,,False
CC1(C)CCC(CN2CCN(CC2)c2ccc(C(=O)NS(=O)(=O)c3cnc(OCC4CCOCC4)c(c3)C#N)c(Oc3cccc4[nH]ccc34)c2)=C(C1)c1ccc(Cl)cc1 |c:56|,Ki, 0.239,nM,325089,,,False
CC1(C)CCC(CN2CCN(CC2)c2ccc(C(=O)NS(=O)(=O)c3ccc(NCCCN4CCOCC4)c(c3)[N+]([O-])=O)c(Oc3ccc4[nH]ccc4c3)c2)=C(C1)c1ccc(Cl)cc1 |c:59|,Ki, 0.239,nM,324781,,,False
CN1CCC(CC1)Nc1ccc(cc1[N+]([O-])=O)S(=O)(=O)NC(=O)c1ccc(cc1Oc1cccc(O)c1)N1CCN(CC2=C(CC(C)(C)CC2)c2ccc(Cl)cc2)CC1 |t:46|,Ki, 0.24,nM,281504,,,False
CC1(C)CCC(CN2CCN(CC2)c2ccc(C(=O)NS(=O)(=O)c3cnc(NC4CCN(CC4)C4CC4)c(Cl)c3)c(Oc3cccc4[nH]cnc34)c2)=C(C1)c1ccc(Cl)cc1 |c:58|,Ki, 0.24,nM,325152,,,False
CC%10(C)CC(c1ccc(Cl)cc1)=C9CN8CCN(c7ccc(C(=O)NS(=O)(=O)c3ccc(NC[C@H]2CC[C@](O)(CF)CO2)c([N+](=O)[O-])c3)c(N6CCCOc5nc4[nH]ccc4cc56)c7)C[C@H]8COCCCO[C@@H]9C%10,Ki, 0.240,nM,1406210,,,False
CC1(C)CC(c2ccc(Cl)cc2)=C2CN3CCN(c4ccc(C(=O)NS(=O)(=O)c5ccc(NC[C@H]6CC[C@](O)(CF)CC6)c([N+](=O)[O-])c5)c(N5CCCOc6nc7[nH]ccc7cc65)c4)C[C@H]3COCCCO[C@@H]2C1,Ki, 0.240,nM,1497981,,,False
CN1CCC(CC1)Nc1ccc(cc1[N+]([O-])=O)S(=O)(=O)NC(=O)c1ccc(cc1Oc1cccc(O)c1)N1CCN(CC2=C(CC(C)(C)CC2)c2ccc(Cl)cc2)CC1,Ki, 0.24,nM,387753,,,False
CC1(C)CCC(CN2CCN(CC2)c2ccc(C(=O)NS(=O)(=O)c3ccc(NN4CCN(CCO)CC4)c(c3)[N+]([O-])=O)c(Oc3ccc4[nH]ccc4c3)c2)=C(C1)c1ccc(Cl)cc1 |c:59|,Ki, 0.243,nM,324941,,,False
CC1(C)CCC(CN2CCN(CC2)c2ccc(C(=O)NS(=O)(=O)c3ccc(OC[C@@H]4COCCO4)c(c3)[N+]([O-])=O)c(Oc3ccc4[nH]ccc4c3)c2)=C(C1)c1ccc(Cl)cc1 |c:57|,Ki, 0.243,nM,325051,,,False
CN1CCN(CC1)Nc1ccc(cc1[N+]([O-])=O)S(=O)(=O)NC(=O)c1ccc(cc1Oc1cccc(Cl)c1)N1CCN(CC2=C(CC(C)(C)CC2)c2ccc(Cl)cc2)CC1 |t:46|,Ki, 0.244,nM,281526,,,False
CN1CCN(CC1)Nc1ccc(cc1[N+]([O-])=O)S(=O)(=O)NC(=O)c1ccc(cc1Oc1cccc(Cl)c1)N1CCN(CC2=C(CC(C)(C)CC2)c2ccc(Cl)cc2)CC1,Ki, 0.244,nM,387775,,,False
CO[C@H]%10C[C@@H](CNc9ccc(S(=O)(=O)NC(=O)c5ccc(N4CCN3CC2=C(c1ccc(Cl)cc1)CC(C)(C)C[C@H]2OCCCOC[C@@H]3C4)cc5N8CCCOc7nc6[nH]ccc6cc78)cc9[N+](=O)[O-])C%10,Ki, 0.248,nM,1406230,,,False
CO[C@H]%10C[C@@H](CNc9ccc(S(=O)(=O)NC(=O)c5ccc(N4CCN3CC2=C(c1ccc(Cl)cc1)CC(C)(C)C[C@H]2OCCCOC[C@@H]3C4)cc5N8CCCOc7nc6[nH]ccc6cc78)cc9[N+](=O)[O-])C%10,Ki, 0.248,nM,1498001,,,False
CC1(C)CCC(CN2CCN(CC2)c2ccc(C(=O)NS(=O)(=O)c3cnc(OCC4(F)CCN(CC4)C(CF)CF)c(c3)C(F)(F)F)c(Oc3cnc4[nH]ccc4c3)c2)=C(C1)c1ccc(Cl)cc1 |c:64|,Ki, 0.251,nM,339829,,,False
CC1(C)CCC(CN2CCN(CC2)c2ccc(C(=O)NS(=O)(=O)c3cnc(OCC4(F)CCN(CC4)C(CF)CF)c(c3)C(F)(F)F)c(Oc3cnc4[nH]ccc4c3)c2)=C(C1)c1ccc(Cl)cc1,Ki, 0.251,nM,704879,,,False
CC1(C)CCC(CN2CCN(CC2)c2ccc(C(=O)NS(=O)(=O)c3ccc(OCC4COCCO4)c(c3)[N+]([O-])=O)c(Oc3cc4cc[nH]c4cc3Cl)c2)=C(C1)c1ccc(Cl)cc1 |c:58|,Ki, 0.251,nM,281614,,,False
CC1(C)CCC(CN2CCN(CC2)c2ccc(C(=O)NS(=O)(=O)c3ccc(OCC4COCCO4)c(c3)[N+]([O-])=O)c(Oc3cc4cc[nH]c4cc3Cl)c2)=C(C1)c1ccc(Cl)cc1,Ki, 0.251,nM,387865,,,False
CC1(C)CCC(CN2CCN(CC2)c2ccc(C(=O)NS(=O)(=O)c3cnc(OCC4(F)CCN(CC4)C(CF)CF)c(c3)C(F)(F)F)c(Oc3cnc4[nH]ccc4c3)c2)=C(C1)c1ccc(Cl)cc1,Ki, 0.251,nM,1373018,,,False
CC1(C)CCC(CN2CCN(CC2)c2ccc(C(=O)NS(=O)(=O)c3cnc(OCC4(F)CCN(CC4)C(CF)CF)c(c3)C(F)(F)F)c(Oc3cnc4[nH]ccc4c3)c2)=C(C1)c1ccc(Cl)cc1,Ki, 0.251,nM,1180029,,,False
CC1(C)CCC(CN2CCN(CC2)c2ccc(C(=O)NS(=O)(=O)c3cnc(OCCC4CCOCC4)c(c3)C#N)c(Oc3cnc4[nH]ccc4c3)c2)=C(C1)c1ccc(Cl)cc1,Ki, 0.252,nM,1373008,,,False
COCCNc1ccc(cc1[N+]([O-])=O)S(=O)(=O)NC(=O)c1ccc(cc1Oc1cccc2[nH]ccc12)N1CCN(CC2=C(CC(C)(C)CC2)c2ccc(Cl)cc2)CC1 |t:45|,Ki, 0.252,nM,324947,,,False
CN(C)CCCNc1ccc(cc1[N+]([O-])=O)S(=O)(=O)NC(=O)c1ccc(cc1Oc1ccc2[nH]ccc2c1)N1CCN(CC2=C(CCC(C)(C)C2)c2ccc(Cl)cc2)CC1 |t:47|,Ki, 0.252,nM,324780,,,False
CC1(C)CCC(CN2CCN(CC2)c2ccc(C(=O)NS(=O)(=O)c3cnc(OCCC4CCOCC4)c(c3)C#N)c(Oc3cnc4[nH]ccc4c3)c2)=C(C1)c1ccc(Cl)cc1,Ki, 0.252,nM,1180009,,,False
CC1(C)CCC(CN2CCN(CC2)c2ccc(C(=O)NS(=O)(=O)c3ccc(NC4CCN(CCCF)CC4)c(c3)[N+]([O-])=O)c(Oc3ccc4[nH]ccc4c3)c2)=C(C1)c1ccc(Cl)cc1 |c:60|,Ki, 0.252,nM,324943,,,False
CC1(C)CCC(CN2CCN(CC2)c2ccc(C(=O)NS(=O)(=O)c3cnc(OCCC4CCOCC4)c(c3)C#N)c(Oc3cnc4[nH]ccc4c3)c2)=C(C1)c1ccc(Cl)cc1 |c:57|,Ki, 0.252,nM,339819,,,False
CC1(C)CCC(CN2CCN(CC2)c2ccc(C(=O)NS(=O)(=O)c3cnc(OCCC4CCOCC4)c(c3)C#N)c(Oc3cnc4[nH]ccc4c3)c2)=C(C1)c1ccc(Cl)cc1,Ki, 0.252,nM,704869,,,False
CC1(C)CCC(CN2CCN(CC2)c2ccc(C(=O)NS(=O)(=O)c3ccc(NCCCS(C)(=O)=O)c(c3)[N+]([O-])=O)c(Oc3cccc4[nH]ccc34)c2)=C(C1)c1ccc(Cl)cc1 |c:56|,Ki, 0.258,nM,325000,,,False
[O-][N+](=O)c1cc(ccc1NCCCN1CCCC1)S(=O)(=O)NC(=O)c1ccc(cc1Oc1ccc2[nH]ccc2c1)N1CCN(Cc2cc(OCCN3CCOCC3)ccc2-c2ccc(Cl)cc2)CC1,Ki, 0.259,nM,324852,,,False
"COC1CCC(CNc2ccc(cc2[N+]([O-])=O)S(=O)(=O)NC(=O)c2ccc(cc2Oc2ccc3[nH]ccc3c2)N2CCN(CC3=C(CC(C)(C)CC3)c3ccc(Cl)cc3)CC2)CC1 |t:48,(-10.81,3.18,;-10.04,1.85,;-8.5,1.85,;-7.73,.51,;-6.19,.51,;-5.42,1.85,;-3.88,1.85,;-3.11,3.18,;-1.57,3.18,;-.8,1.85,;.74,1.85,;1.51,3.18,;.74,4.52,;-.8,4.52,;-1.57,5.85,;-.8,7.18,;-3.11,5.85,;3.05,3.18,;3.05,4.72,;4.59,3.18,;3.05,1.64,;4.38,.87,;5.72,1.64,;4.38,-.67,;5.72,-1.44,;5.72,-2.98,;4.38,-3.75,;3.05,-2.98,;3.05,-1.44,;1.72,-.67,;.38,-1.44,;.38,-2.98,;-.95,-3.75,;-2.28,-2.98,;-3.75,-3.45,;-4.65,-2.21,;-3.75,-.96,;-2.28,-1.44,;-.95,-.67,;4.38,-5.29,;5.72,-6.06,;5.72,-7.6,;4.38,-8.37,;4.38,-9.91,;5.72,-10.68,;5.72,-12.22,;7.05,-12.99,;8.38,-12.22,;9.2,-13.52,;9.92,-12.27,;8.38,-10.68,;7.05,-9.91,;4.38,-12.99,;4.38,-14.53,;3.05,-15.3,;1.72,-14.53,;.38,-15.3,;1.72,-12.99,;3.05,-12.22,;3.05,-7.6,;3.05,-6.06,;-6.19,3.18,;-7.73,3.18,)|",Ki, 0.26,nM,325017,,,False
CN1CCN(CC1)Nc1ccc(cc1[N+]([O-])=O)S(=O)(=O)NC(=O)c1ccc(cc1Oc1ccc(O)cc1Cl)N1CCN(CC2=C(CC(C)(C)CC2)c2ccc(Cl)cc2)CC1 |t:47|,Ki, 0.261,nM,281535,,,False
CN1CCN(CC1)Nc1ccc(cc1[N+]([O-])=O)S(=O)(=O)NC(=O)c1ccc(cc1Oc1ccc(O)cc1Cl)N1CCN(CC2=C(CC(C)(C)CC2)c2ccc(Cl)cc2)CC1,Ki, 0.261,nM,387784,,,False
CC(N1CCN(CC1)c1ccc(C(=O)NS(=O)(=O)c2ccc(NN3CCN(C)CC3)c(c2)[N+]([O-])=O)c(Oc2cccc3[nH]ccc23)c1)c1ccccc1-c1ccc(Cl)cc1,Ki, 0.262,nM,324926,,,False
CN(C)CCNc1ccc(cc1[N+]([O-])=O)S(=O)(=O)NC(=O)c1ccc(cc1Oc1ccccc1)N1CCN(Cc2ccccc2-c2ccc(Cl)cc2)CC1,Ki, 0.265,nM,324869,,,False
CN1CCC(CC1)Nc1ccc(cc1[N+]([O-])=O)S(=O)(=O)NC(=O)c1ccc(cc1Oc1cccc2[nH]ccc12)N1CCN(CC2=C(CCCC2)c2ccc(Cl)cc2)CC1 |t:49|,Ki, 0.265,nM,324865,,,False
CC1(C)CCC(CN2CCN(CC2)c2ccc(C(=O)NS(=O)(=O)c3ccc(NCC4(N)CCCCC4)c(c3)[N+]([O-])=O)c(Oc3ccc4[nH]ccc4c3)c2)=C(C1)c1ccc(Cl)cc1 |c:58|,Ki, 0.266,nM,324958,,,False
CN(C)CC#Cc1ccc(c(CN2CCN(CC2)c2ccc(C(=O)NS(=O)(=O)c3ccc(NCC4CCOCC4)c(c3)[N+]([O-])=O)c(Oc3cccc4[nH]ccc34)c2)c1)-c1ccc(Cl)cc1,Ki, 0.267,nM,324918,,,False
"CC1(C)C[C@H]2OCCCOC[C@@H]3CN(CCN3CC2=C(C1)c1ccc(Cl)cc1)c1ccc(C(=O)NS(=O)(=O)c2ccc(OCC3(F)CCN(CC3)C3COC3)c(Cl)c2)c(c1)N1CCCOc2nc3[nH]ccc3cc12 |r,c:20|",Ki, 0.267,nM,1497971,,,False
CC1(C)C[C@H]2OCCCOC[C@@H]3CN(CCN3CC2=C(C1)c1ccc(Cl)cc1)c1ccc(C(=O)NS(=O)(=O)c2ccc(OCC3(F)CCN(CC3)C3COC3)c(Cl)c2)c(c1)N1CCCOc2nc3[nH]ccc3cc12,Ki, 0.267,nM,1406200,,,False
CN(C)CCCNc1ccc(cc1[N+]([O-])=O)S(=O)(=O)NC(=O)c1ccc(cc1Oc1cccc2[nH]ccc12)N1CCN(CC2=C(CCC(C)(C)C2)c2ccc(Cl)cc2)CC1 |t:47|,Ki, 0.268,nM,324785,,,False
CO[C@H]1CCC(COc2ccc(S(=O)(=O)NC(=O)c3ccc(N4CCN5CC6=C(c7ccc(Cl)cc7)CC(C)(C)C[C@H]6OCCCOC[C@@H]5C4)cc3N3CCCOc4nc5[nH]ccc5cc43)cc2[N+](=O)[O-])OC1,Ki, 0.272,nM,1498019,,,False
CO[C@H]%10CC[C@H](COc9ccc(S(=O)(=O)NC(=O)c5ccc(N4CCN3CC2=C(c1ccc(Cl)cc1)CC(C)(C)C[C@H]2OCCCOC[C@@H]3C4)cc5N8CCCOc7nc6[nH]ccc6cc78)cc9[N+](=O)[O-])OC%10,Ki, 0.272,nM,1406248,,,False
COC1CC[C@@H](CNc2ccc(S(=O)(=O)NC(=O)c3ccc(N4CCN5CC6=C(c7ccc(Cl)cc7)CC(C)(C)C[C@H]6OCCCOC[C@@H]5C4)cc3N3CCCOc4nc5[nH]ccc5cc43)cc2[N+](=O)[O-])OC1,Ki, 0.273,nM,1498003,,,False
CC1(C)CCC(CN2CCN(CC2)c2ccc(C(=O)NS(=O)(=O)c3ccc(NCC4COCCO4)c(c3)[N+]([O-])=O)c(Oc3cc4cc[nH]c4cc3Cl)c2)=C(C1)c1ccc(Cl)cc1 |c:58|,Ki, 0.273,nM,281615,,,False
CO[C@@H]%10CC[C@@H](CNc9ccc(S(=O)(=O)NC(=O)c5ccc(N4CCN3CC2=C(c1ccc(Cl)cc1)CC(C)(C)C[C@H]2OCCCOC[C@@H]3C4)cc5N8CCCOc7nc6[nH]ccc6cc78)cc9[N+](=O)[O-])OC%10,Ki, 0.273,nM,1406232,,,False
CC1(C)CCC(CN2CCN(CC2)c2ccc(C(=O)NS(=O)(=O)c3ccc(NCC4COCCO4)c(c3)[N+]([O-])=O)c(Oc3cc4cc[nH]c4cc3Cl)c2)=C(C1)c1ccc(Cl)cc1,Ki, 0.273,nM,387866,,,False
CC1(C)CCC(=C(CN2CCN(CC2)c2ccc(C(=O)NS(=O)(=O)c3ccc(NCC4CCOCC4)c(c3)[N+]([O-])=O)c(Oc3cc4cc[nH]c4cc3F)c2)C1)c1ccc(Cl)cc1 |t:5|,Ki, 0.276,nM,281586,,,False
CC1(C)CCC(=C(CN2CCN(CC2)c2ccc(C(=O)NS(=O)(=O)c3ccc(NCC4CCOCC4)c(c3)[N+]([O-])=O)c(Oc3cc4cc[nH]c4cc3F)c2)C1)c1ccc(Cl)cc1,Ki, 0.276,nM,387837,,,False
COC[C@@]%10(F)C[C@@H](CNc9ccc(S(=O)(=O)NC(=O)c5ccc(N4CCN3CC2=C(c1ccc(Cl)cc1)CC(C)(C)C[C@H]2OCCCOC[C@@H]3C4)cc5N8CCCOc7nc6[nH]ccc6cc78)cc9[N+](=O)[O-])C%10,Ki, 0.280,nM,1406276,,,False
Cc1c(cc(C#N)n1C)N(C(=O)c1cc(-c2cc(Cl)ccc2C(=O)N2Cc3ccccc3C[C@H]2CN2CCOCC2)n(C)c1C)c1ccc(O)cc1,Ki, 0.280000,nM,51462835,,,False
CC1(C)CCC(CN2CCN(CC2)c2ccc(C(=O)NS(=O)(=O)c3ccc(NC4CCN(CCn5cccn5)CC4)c(c3)[N+]([O-])=O)c(Oc3ccc4[nH]ccc4c3)c2)=C(C1)c1ccc(Cl)cc1 |c:64|,Ki, 0.28,nM,324951,,,False
COC[C@]1(F)CC(CNc2ccc(cc2[N+]([O-])=O)S(=O)(=O)NC(=O)c2ccc(cc2N2CCCOc3nc4[nH]ccc4cc23)N2CCN3CC4=C(CC(C)(C)C[C@H]4OCCCOC[C@@H]3C2)c2ccc(Cl)cc2)C1,Ki, 0.280000,nM,51565559,,,False
Cc1c(cc(C#N)n1C)N(C(=O)c1cc(-c2cc(Cl)ccc2C(=O)N2Cc3ccccc3C[C@H]2CN2CCOCC2)n(C)c1C)c1ccc(O)cc1,Ki, 0.280000,nM,51462838,,,False
COC[C@@]%10(F)C[C@@H](CNc9ccc(S(=O)(=O)NC(=O)c5ccc(N4CCN3CC2=C(c1ccc(Cl)cc1)CC(C)(C)C[C@H]2OCCCOC[C@@H]3C4)cc5N8CCCOc7nc6[nH]ccc6cc78)cc9[N+](=O)[O-])C%10,Ki, 0.280,nM,1498047,,,False
CC1(C)C[C@H]2OCCCOC[C@@H]3CN(CCN3CC2=C(C1)c1ccc(Cl)cc1)c1ccc(C(=O)NS(=O)(=O)c2cnc(OCC3(F)CCN(CC3)C3COC3)c(Cl)c2)c(c1)N1CCCOc2nc3[nH]ccc3cc12,Ki, 0.280,nM,1406190,,,False
CC1(C)CC(c2ccc(Cl)cc2)=C2CN3CCN(c4ccc(C(=O)NS(=O)(=O)c5cnc(OCC6(F)CCN(C7COC7)CC6)c(Cl)c5)c(N5CCCOc6nc7[nH]ccc7cc65)c4)C[C@H]3COCCCOC2C1,Ki, 0.280,nM,1497961,,,False
CN1CCC(CC1)Nc1ccc(cc1[N+]([O-])=O)S(=O)(=O)NC(=O)c1ccc(N2CCN(CC3=C(CC(C)(C)CC3)c3ccc(Cl)cc3)CC2)c(F)c1Oc1ccc2[nH]ccc2c1 |t:34|,Ki, 0.281,nM,324896,,,False
CC1(C)CCC(CN2CCN(CC2)c2ccc(C(=O)NS(=O)(=O)c3cnc(OC[C@@H]4CN(CC#N)CCO4)c(Cl)c3)c(Oc3cnc4[nH]ccc4c3)c2)=C(C1)c1ccc(Cl)cc1,Ki, 0.281,nM,1179943,,,False
CC1(C)CCC(CN2CCN(CC2)c2ccc(C(=O)NS(=O)(=O)c3cnc(OC[C@@H]4CN(CC#N)CCO4)c(Cl)c3)c(Oc3cnc4[nH]ccc4c3)c2)=C(C1)c1ccc(Cl)cc1,Ki, 0.281,nM,1372975,,,False
CC1(C)CCC(CN2CCN(CC2)c2ccc(C(=O)NS(=O)(=O)c3cnc(OC[C@@H]4CN(CC#N)CCO4)c(Cl)c3)c(Oc3cnc4[nH]ccc4c3)c2)=C(C1)c1ccc(Cl)cc1,Ki, 0.281,nM,704836,,,False
CC1(C)CCC(CN2CCN(CC2)c2ccc(C(=O)NS(=O)(=O)c3cnc(OC[C@@H]4CN(CC#N)CCO4)c(Cl)c3)c(Oc3cnc4[nH]ccc4c3)c2)=C(C1)c1ccc(Cl)cc1 |c:58|,Ki, 0.281,nM,339786,,,False
CC1(C)CCC(CN2CCN(CC2)c2ccc(C(=O)NS(=O)(=O)c3ccc(NCC(F)(F)F)c(c3)[N+]([O-])=O)c(Oc3ccc4[nH]ccc4c3)c2)=C(C1)c1ccc(Cl)cc1 |c:54|,Ki, 0.284,nM,325048,,,False
CC1(C)CCC(CN2CCN(CC2)c2ccc(C(=O)NS(=O)(=O)c3cnc4n(CC5CCOCC5)nnc4c3)c(Oc3cnc4[nH]ccc4c3)c2)=C(C1)c1ccc(Cl)cc1,Ki, 0.285,nM,704958,,,False
CC1(C)CCC(CN2CCN(CC2)c2ccc(C(=O)NS(=O)(=O)c3cnc4n(CC5CCOCC5)nnc4c3)c(Oc3cnc4[nH]ccc4c3)c2)=C(C1)c1ccc(Cl)cc1 |c:57|,Ki, 0.285,nM,339904,,,False
CC1(C)CCC(CN2CCN(CC2)c2ccc(C(=O)NS(=O)(=O)c3cnc4n(CC5CCOCC5)nnc4c3)c(Oc3cnc4[nH]ccc4c3)c2)=C(C1)c1ccc(Cl)cc1,Ki, 0.285,nM,1180190,,,False
CC1(C)CCC(CN2CCN(CC2)c2ccc(C(=O)NS(=O)(=O)c3cnc4n(CC5CCOCC5)nnc4c3)c(Oc3cnc4[nH]ccc4c3)c2)=C(C1)c1ccc(Cl)cc1,Ki, 0.285,nM,1373097,,,False
CC1(C)CCC(CN2CCN(CC2)c2ccc(C(=O)NS(=O)(=O)c3cnc(OCC4CCOCC4)c(Br)c3)c(Oc3ccc4[nH]ccc4c3)c2)=C(C1)c1ccc(Cl)cc1 |c:55|,Ki, 0.285,nM,325033,,,False
CC1(C)CCC(CN2CCN(CC2)c2ccc(C(=O)NS(=O)(=O)c3ccc(NC[C@H]4CCCOC4)c(c3)[N+]([O-])=O)c(Oc3ccc4[nH]ccc4c3)c2)=C(C1)c1ccc(Cl)cc1 |c:57|,Ki, 0.291,nM,339573,,,False
CC1(C)CCC(CN2CCN(CC2)c2ccc(C(=O)NS(=O)(=O)c3ccc(NC[C@H]4CCCOC4)c(c3)[N+]([O-])=O)c(Oc3ccc4[nH]ccc4c3)c2)=C(C1)c1ccc(Cl)cc1,Ki, 0.291,nM,1372753,,,False
CC1(C)CCC(CN2CCN(CC2)c2ccc(C(=O)NS(=O)(=O)c3ccc(NC[C@H]4CCCOC4)c(c3)[N+]([O-])=O)c(Oc3ccc4[nH]ccc4c3)c2)=C(C1)c1ccc(Cl)cc1,Ki, 0.291,nM,1179876,,,False
CC1(C)CCC(CN2CCN(CC2)c2ccc(C(=O)NS(=O)(=O)c3ccc(NC[C@H]4CCCOC4)c(c3)[N+]([O-])=O)c(Oc3ccc4[nH]ccc4c3)c2)=C(C1)c1ccc(Cl)cc1 |c:57|,Ki, 0.291,nM,324893,,,False
CC1(C)CCC(CN2CCN(CC2)c2ccc(C(=O)NS(=O)(=O)c3ccc(NCC4CCS(=O)(=O)CC4)c(c3)[N+]([O-])=O)c(Oc3cccc4[nH]ccc34)c2)=C(C1)c1ccc(Cl)cc1 |c:59|,Ki, 0.291,nM,325007,,,False
CC1(C)CCC(CN2CCN(CC2)c2ccc(C(=O)NS(=O)(=O)c3ccc(NC[C@H]4CCCOC4)c(c3)[N+]([O-])=O)c(Oc3ccc4[nH]ccc4c3)c2)=C(C1)c1ccc(Cl)cc1,Ki, 0.291,nM,704614,,,False
CN1CCC(CC1)Oc1ccc(cc1[N+]([O-])=O)S(=O)(=O)NC(=O)c1ccc(cc1Oc1ccc2[nH]ccc2c1)N1CCN(CC2=C(CC(C)(C)CC2)c2ccc(Cl)cc2)CC1 |t:49|,Ki, 0.292,nM,325057,,,False
CC%10(C)CC(c1ccc(Cl)cc1)=C9CN8CCN(c7ccc(C(=O)NS(=O)(=O)c3ccc(NC[C@@H]2C[C@@](O)(CF)C2)c([N+](=O)[O-])c3)c(N6CCCOc5nc4[nH]ccc4cc56)c7)C[C@H]8COCCCO[C@@H]9C%10,Ki, 0.297,nM,1406214,,,False
CC1(C)CC(c2ccc(Cl)cc2)=C2CN3CCN(c4ccc(C(=O)NS(=O)(=O)c5ccc(NCC6CC(O)(CF)C6)c([N+](=O)[O-])c5)c(N5CCCOc6nc7[nH]ccc7cc65)c4)C[C@H]3COCCCO[C@@H]2C1,Ki, 0.297,nM,1497985,,,False
CC1(C)CCC(CN2CCN(CC2)c2ccc(C(=O)NS(=O)(=O)c3ccc(NCC4COCCO4)c(c3)[N+]([O-])=O)c(Oc3cccc4[nH]cnc34)c2)=C(C1)c1ccc(Cl)cc1 |c:57|,Ki, 0.299,nM,325153,,,False
CC1(C)CCC(CN2CCN(CC2)c2ccc(C(=O)NS(=O)(=O)c3ccc(OCC4CCOCC4)c(c3)C(N)=O)c(Oc3cnc4[nH]ccc4c3)c2)=C(C1)c1ccc(Cl)cc1 |c:57|,Ki, 0.3,nM,339589,,,False
CC1(C)CCC(CN2CCN(CC2)c2ccc(C(=O)NS(=O)(=O)c3ccc(OCC4CCOCC4)c(c3)C(N)=O)c(Oc3cnc4[nH]ccc4c3)c2)=C(C1)c1ccc(Cl)cc1,Ki, 0.300,nM,1372769,,,False
CC1(C)CCC(CN2CCN(CC2)c2ccc(C(=O)NS(=O)(=O)c3ccc(OCC4CCOCC4)c(c3)C(N)=O)c(Oc3cnc4[nH]ccc4c3)c2)=C(C1)c1ccc(Cl)cc1,Ki, 0.300,nM,1179908,,,False
CC1(C)CCC(CN2CCN(CC2)c2ccc(C(=O)NS(=O)(=O)c3ccc(OCC4CCOCC4)c(c3)C(N)=O)c(Oc3cnc4[nH]ccc4c3)c2)=C(C1)c1ccc(Cl)cc1,Ki, 0.300,nM,704630,,,False
CC1(C)CCC(CN2CCN(CC2)c2ccc(C(=O)NS(=O)(=O)c3ccc(NCCCN4CCOCC4)c(c3)S(=O)(=O)C(F)(F)F)c(Oc3ccc4[nH]ccc4c3)c2)=C(C1)c1ccc(Cl)cc1 |c:63|,Ki, 0.302,nM,325052,,,False
CN(C)CCOc1ccc(c(CN2CCN(CC2)c2ccc(C(=O)NS(=O)(=O)c3ccc(NC4CCN(CC(F)(F)F)CC4)c(c3)[N+]([O-])=O)c(Oc3ccccc3)c2)c1)-c1ccc(Cl)cc1,Ki, 0.305,nM,324853,,,False
COCCOCCNc1ccc(cc1[N+]([O-])=O)S(=O)(=O)NC(=O)c1ccc(cc1Oc1ccc2[nH]ccc2c1)N1CCN(CC2=C(CC(C)(C)CC2)c2ccc(Cl)cc2)CC1 |t:48|,Ki, 0.315,nM,325004,,,False
CC1(C)CCC(CN2CCN(CC2)c2ccc(C(=O)NS(=O)(=O)c3ccc(NC4CCOCC4)c(c3)[N+]([O-])=O)c(Oc3ccc4[nH]ccc4c3)c2)=C(C1)c1ccc(Cl)cc1 |c:56|,Ki, 0.316,nM,324971,,,False
CN1CC[C@@H](C1)Nc1ccc(cc1[N+]([O-])=O)S(=O)(=O)NC(=O)c1ccc(cc1Oc1cccc(Cl)c1)N1CCN(CC2=C(CC(C)(C)CC2)c2ccc(Cl)cc2)CC1 |t:45|,Ki, 0.317,nM,281522,,,False
CN1CC[C@@H](C1)Nc1ccc(cc1[N+]([O-])=O)S(=O)(=O)NC(=O)c1ccc(cc1Oc1cccc(Cl)c1)N1CCN(CC2=C(CC(C)(C)CC2)c2ccc(Cl)cc2)CC1,Ki, 0.317,nM,387771,,,False
CC1(C)CCC(CN2CCN(CC2)c2ccc(C(=O)NS(=O)(=O)c3ccc(Cl)c(c3)[N+]([O-])=O)c(Oc3cnc4[nH]ccc4c3)c2)=C(C1)c1ccc(Cl)cc1 |c:49|,Ki, 0.328,nM,339632,,,False
CC1(C)CCC(CN2CCN(CC2)c2ccc(C(=O)NS(=O)(=O)c3ccc(Cl)c(c3)[N+]([O-])=O)c(Oc3cnc4[nH]ccc4c3)c2)=C(C1)c1ccc(Cl)cc1,Ki, 0.328,nM,704674,,,False
CC1(C)CCC(CN2CCN(CC2)c2ccc(C(=O)NS(=O)(=O)c3ccc(Cl)c(c3)[N+]([O-])=O)c(Oc3cnc4[nH]ccc4c3)c2)=C(C1)c1ccc(Cl)cc1,Ki, 0.328,nM,1372813,,,False
CC1(C)CCC(CN2CCN(CC2)c2ccc(C(=O)NS(=O)(=O)c3ccc(NCCN4CCCC4=O)c(c3)[N+]([O-])=O)c(Oc3ccc4[nH]ccc4c3)c2)=C(C1)c1ccc(Cl)cc1 |c:58|,Ki, 0.328,nM,324959,,,False
CC1(C)CCC(CN2CCN(CC2)c2ccc(C(=O)NS(=O)(=O)c3ccc(Cl)c(c3)[N+]([O-])=O)c(Oc3cnc4[nH]ccc4c3)c2)=C(C1)c1ccc(Cl)cc1,Ki, 0.328,nM,1179996,,,False
CC1(C)CCC(CN2CCN(CC2)c2ccc(C(=O)NS(=O)(=O)c3ccc(N[C@@H]4CCN(Cc5ccccc5)C[C@@H]4O)c(c3)[N+]([O-])=O)c(Oc3ccc4[nH]ccc4c3)c2)=C(C1)c1ccc(Cl)cc1 |c:65|,Ki, 0.329,nM,324899,,,False
[O-][N+](=O)c1cc(ccc1NCCCN1CCOCC1)S(=O)(=O)NC(=O)c1ccc(cc1Oc1cccc(Cl)c1)N1CCN(Cc2ccccc2-c2ccc(Cl)cc2)CC1,Ki, 0.331,nM,387591,,,False
CN(C)CCCNc1ccc(cc1[N+]([O-])=O)S(=O)(=O)NC(=O)c1ccc(cc1Oc1cccc(CO)c1)N1CCN(Cc2ccccc2-c2ccc(Cl)cc2)CC1,Ki, 0.331,nM,387686,,,False
CN(C)CCCNc1ccc(cc1[N+]([O-])=O)S(=O)(=O)NC(=O)c1ccc(cc1Oc1cccc(CO)c1)N1CCN(Cc2ccccc2-c2ccc(Cl)cc2)CC1,Ki, 0.331,nM,281440,,,False
[O-][N+](=O)c1cc(ccc1NCCCN1CCOCC1)S(=O)(=O)NC(=O)c1ccc(cc1Oc1cccc(Cl)c1)N1CCN(Cc2ccccc2-c2ccc(Cl)cc2)CC1,Ki, 0.331,nM,281345,,,False
CC1(C)CCC(CC2CCN(CC2)c2ccc(C(=O)NS(=O)(=O)c3cnc(OCC4(O)CCC(F)(F)CC4)c(Cl)c3)c(Oc3cnc4[nH]ccc4c3)c2)=C(C1)c1ccc(Cl)cc1 |c:58|,Ki, 0.332,nM,339843,,,False
CC1(C)CCC(CC2CCN(CC2)c2ccc(C(=O)NS(=O)(=O)c3cnc(OCC4(O)CCC(F)(F)CC4)c(Cl)c3)c(Oc3cnc4[nH]ccc4c3)c2)=C(C1)c1ccc(Cl)cc1,Ki, 0.332,nM,704893,,,False
CC1(C)CCC(CC2CCN(CC2)c2ccc(C(=O)NS(=O)(=O)c3cnc(OCC4(O)CCC(F)(F)CC4)c(Cl)c3)c(Oc3cnc4[nH]ccc4c3)c2)=C(C1)c1ccc(Cl)cc1,Ki, 0.332,nM,1180057,,,False
CC1(C)CCC(CC2CCN(CC2)c2ccc(C(=O)NS(=O)(=O)c3cnc(OCC4(O)CCC(F)(F)CC4)c(Cl)c3)c(Oc3cnc4[nH]ccc4c3)c2)=C(C1)c1ccc(Cl)cc1,Ki, 0.332,nM,1373032,,,False
CN(C)CCOc1cccc(c1CN1CCN(CC1)c1ccc(C(=O)NS(=O)(=O)c2ccc(NCC3CCOCC3)c(c2)S(=O)(=O)C(F)(F)F)c(Oc2ccccc2)c1)-c1ccc(Cl)cc1,Ki, 0.335,nM,324840,,,False
COCCN1CCC(F)(COc2ncc(cc2Cl)S(=O)(=O)NC(=O)c2ccc(cc2N2CCCOc3nc4[nH]ccc4cc23)N2CCN3CC4=C(CC(C)(C)C[C@H]4OCCCOC[C@@H]3C2)c2ccc(Cl)cc2)CC1,Ki, 0.339,nM,1406226,,,False
"COCCN1CCC(F)(COc2ncc(cc2Cl)S(=O)(=O)NC(=O)c2ccc(cc2N2CCCOc3nc4[nH]ccc4cc23)N2CCN3CC4=C(CC(C)(C)C[C@H]4OCCCOC[C@@H]3C2)c2ccc(Cl)cc2)CC1 |r,t:54|",Ki, 0.339,nM,1497997,,,False
Cc1cccc(CC(=O)N2CCc3cc(-c4cc(C(=O)N(c5ccc(O)cc5)c5cc(C#N)n(C)c5C)c(C)n4C)c(C(=O)N4Cc5ccccc5C[C@H]4C)cc3C2)c1,Ki, 0.340,nM,1535380,,,False
"CC1(C)CCC(CN2CCN(CC2)c2ccc(C(=O)NS(=O)(=O)c3ccc(NCC4CCC(O)CC4)c(c3)[N+]([O-])=O)c(Oc3ccc4[nH]ccc4c3)c2)=C(C1)c1ccc(Cl)cc1 |c:58,(8.94,-13.2,;8.12,-11.89,;9.66,-11.95,;8.12,-10.35,;6.79,-9.58,;5.46,-10.35,;4.12,-9.58,;4.12,-8.04,;5.46,-7.27,;5.46,-5.73,;4.12,-4.96,;2.79,-5.73,;2.79,-7.27,;4.12,-3.42,;5.46,-2.65,;5.46,-1.11,;4.12,-.34,;4.12,1.2,;5.46,1.97,;2.79,1.97,;2.79,3.51,;2.79,5.05,;4.33,3.51,;1.25,3.51,;.48,2.17,;-1.06,2.17,;-1.83,3.51,;-3.37,3.51,;-4.14,2.17,;-5.68,2.17,;-6.45,.84,;-7.99,.84,;-8.76,2.17,;-10.3,2.17,;-7.99,3.51,;-6.45,3.51,;-1.06,4.84,;.48,4.84,;-1.83,6.17,;-1.06,7.51,;-3.37,6.17,;2.79,-1.11,;1.46,-.34,;.12,-1.11,;.12,-2.65,;-1.21,-3.42,;-2.55,-2.65,;-4.01,-3.13,;-4.92,-1.88,;-4.01,-.64,;-2.55,-1.11,;-1.21,-.34,;2.79,-2.65,;5.46,-11.89,;6.79,-12.66,;4.12,-12.66,;4.12,-14.2,;2.79,-14.97,;1.46,-14.2,;.12,-14.97,;1.46,-12.66,;2.79,-11.89,)|",Ki, 0.34,nM,325018,,,False
CC1(C)CCC(CN2CCN(CC2)c2ccc(C(=O)NS(=O)(=O)c3ccc(OCC#CCN4CCOCC4)c(c3)[N+]([O-])=O)c(Oc3ccc4[nH]ccc4c3)c2)=C(C1)c1ccc(Cl)cc1 |c:60|,Ki, 0.341,nM,325093,,,False
CO[C@H]1CC[C@H](COc2ccc(cc2Cl)S(=O)(=O)NC(=O)c2ccc(cc2N2CCCOc3nc4[nH]ccc4cc23)N2CCN3CC4=C(CC(C)(C)C[C@H]4OCCCOC[C@@H]3C2)c2ccc(Cl)cc2)OC1,Ki, 0.349,nM,1406262,,,False
CO[C@H]1CCC(COc2ccc(S(=O)(=O)NC(=O)c3ccc(N4CCN5CC6=C(c7ccc(Cl)cc7)CC(C)(C)C[C@H]6OCCCOC[C@@H]5C4)cc3N3CCCOc4nc5[nH]ccc5cc43)cc2Cl)OC1,Ki, 0.349,nM,1498033,,,False
CO[C@H]1CC[C@H](CNc2ccc(cc2[N+]([O-])=O)S(=O)(=O)NC(=O)c2ccc(cc2N2CCCOc3nc4[nH]ccc4cc23)N2CCN3CC4=C(CC(C)(C)C[C@H]4OCCCOC[C@@H]3C2)c2ccc(Cl)cc2)OC1,Ki, 0.350000,nM,51565553,,,False
CO[C@H]%10CC[C@H](CNc9ccc(S(=O)(=O)NC(=O)c5ccc(N4CCN3CC2=C(c1ccc(Cl)cc1)CC(C)(C)C[C@H]2OCCCOC[C@@H]3C4)cc5N8CCCOc7nc6[nH]ccc6cc78)cc9[N+](=O)[O-])OC%10,Ki, 0.350,nM,1406208,,,False
"[H][C@@]12CN(CCN1CC1=C(CC(C)(C)C[C@@]1([H])OCCCOC2)c1ccc(Cl)cc1)c1ccc(C(=O)NS(=O)(=O)c2ccc(NC[C@H]3CC[C@@H](CO3)OC)c(c2)[N+]([O-])=O)c(c1)N1CCCOc2nc3[nH]ccc3cc12 |r,t:9|",Ki, 0.350,nM,1497979,,,False
CC1(C)CCC(CN2CCN(CC2)c2ccc(C(=O)NS(=O)(=O)c3cnc(OCC4(F)CCN(CC4)C(CF)CF)c(c3)C(F)(F)F)c(Oc3cnc(N)c(Cl)c3)c2)=C(C1)c1ccc(Cl)cc1 |c:62|,Ki, 0.354,nM,281728,,,False
CC1(C)CCC(CN2CCN(CC2)c2ccc(C(=O)NS(=O)(=O)c3cnc(OCC4(F)CCN(CC4)C(CF)CF)c(c3)C(F)(F)F)c(Oc3cnc(N)c(Cl)c3)c2)=C(C1)c1ccc(Cl)cc1,Ki, 0.354,nM,387980,,,False
NC[C@@H]1Cc2ccccc2CN1C(=O)c1cc2OCOc2cc1-c1cc(C(=O)N(c2ccccc2)c2ccc(O)cc2)c2CCCCn12,Ki, 0.360000,nM,51272548,,,False
CC1(C)CCC(CN2CCN(CC2)c2ccc(C(=O)NS(=O)(=O)c3ccc(NCC4CCOCC4)c(c3)[N+]([O-])=O)c(Oc3ccc4[nH]cc(Cl)c4c3)c2)=C(C1)c1ccc(Cl)cc1 |c:58|,Ki, 0.363,nM,281589,,,False
CC1(C)CCC(CN2CCN(CC2)c2ccc(C(=O)NS(=O)(=O)c3ccc(NCC4CCOCC4)c(c3)[N+]([O-])=O)c(Oc3ccc4[nH]cc(Cl)c4c3)c2)=C(C1)c1ccc(Cl)cc1,Ki, 0.363,nM,387840,,,False
CC1(C)CCC(=C(CN2CCN(CC2)c2ccc(C(=O)NS(=O)(=O)c3ccc(NCC4CCOCC4)c(c3)[N+]([O-])=O)c(Oc3ccc4[nH]ccc4c3)c2)C1)c1ccc(Cl)cc1 |t:5|,Ki, 0.365,nM,324996,,,False
CC1(C)CCC(CN2CCN(CC2CO)c2ccc(C(=O)NS(=O)(=O)c3ccc(NCC4CCOCC4)c(c3)[N+]([O-])=O)c(Oc3ccc4[nH]ccc4c3)c2)=C(C1)c1ccc(Cl)cc1 |c:59|,Ki, 0.369,nM,324944,,,False
CN1CC[C@@H](C1)Nc1ccc(cc1[N+]([O-])=O)S(=O)(=O)NC(=O)c1ccc(cc1Oc1ccc2[nH]ccc2c1)N1CCN(CC2=C(CC(C)(C)CC2)c2ccc(Cl)cc2)CC1 |t:48|,Ki, 0.369,nM,324942,,,False
CN(C)CCCNc1ccc(cc1[N+]([O-])=O)S(=O)(=O)NC(=O)c1ccc(cc1Oc1cccc2n(CN3CCN(C)CC3)cc(CN3CCN(C)CC3)c12)N1CCN(CC2=C(CC(C)(C)CC2)c2ccc(Cl)cc2)CC1 |t:65|,Ki, 0.375,nM,281539,,,False
CN(C)CCCNc1ccc(cc1[N+]([O-])=O)S(=O)(=O)NC(=O)c1ccc(cc1Oc1cccc2n(CN3CCN(C)CC3)cc(CN3CCN(C)CC3)c12)N1CCN(CC2=C(CC(C)(C)CC2)c2ccc(Cl)cc2)CC1,Ki, 0.375,nM,387788,,,False
CC1(C)CCC(CN2CCN(CC2)c2ccc(C(=O)NS(=O)(=O)c3ccc(NCCCN4CCOCC4)c(c3)S(=O)(=O)C(F)(F)F)c(Oc3cnc(N)c(Cl)c3)c2)=C(C1)c1ccc(Cl)cc1 |c:61|,Ki, 0.377,nM,281670,,,False
CC1(C)CCC(CN2CCN(CC2)c2ccc(C(=O)NS(=O)(=O)c3ccc(NCCCN4CCOCC4)c(c3)S(=O)(=O)C(F)(F)F)c(Oc3cnc(N)c(Cl)c3)c2)=C(C1)c1ccc(Cl)cc1,Ki, 0.377,nM,387922,,,False
CC1(C)CCC(CN2CCN(CC2)c2ccc(C(=O)NS(=O)(=O)c3cnc(OCCN4CCOCC4)c(c3)C#N)c(Oc3cccc4[nH]ccc34)c2)=C(C1)c1ccc(Cl)cc1 |c:57|,Ki, 0.38,nM,325095,,,False
CN(C)CCCc1c[nH]c2cccc(Oc3cc(ccc3C(=O)NS(=O)(=O)c3ccc(NN4CCN(C)CC4)c(c3)[N+]([O-])=O)N3CCN(CC4=C(CC(C)(C)CC4)c4ccc(Cl)cc4)CC3)c12 |t:52|,Ki, 0.385,nM,281663,,,False
CN(C)CCCc1c[nH]c2cccc(Oc3cc(ccc3C(=O)NS(=O)(=O)c3ccc(NN4CCN(C)CC4)c(c3)[N+]([O-])=O)N3CCN(CC4=C(CC(C)(C)CC4)c4ccc(Cl)cc4)CC3)c12,Ki, 0.385,nM,387915,,,False
CC(C)c1cc(cnc1OCC1CCOCC1)S(=O)(=O)NC(=O)c1ccc(cc1Oc1cnc2[nH]ccc2c1)N1CCN(CC2=C(CC(C)(C)CC2)c2ccc(Cl)cc2)CC1,Ki, 0.391,nM,1180002,,,False
CC(C)c1cc(cnc1OCC1CCOCC1)S(=O)(=O)NC(=O)c1ccc(cc1Oc1cnc2[nH]ccc2c1)N1CCN(CC2=C(CC(C)(C)CC2)c2ccc(Cl)cc2)CC1,Ki, 0.391,nM,1372816,,,False
CC(C)c1cc(cnc1OCC1CCOCC1)S(=O)(=O)NC(=O)c1ccc(cc1Oc1cnc2[nH]ccc2c1)N1CCN(CC2=C(CC(C)(C)CC2)c2ccc(Cl)cc2)CC1 |t:49|,Ki, 0.391,nM,339634,,,False
CC(C)c1cc(cnc1OCC1CCOCC1)S(=O)(=O)NC(=O)c1ccc(cc1Oc1cnc2[nH]ccc2c1)N1CCN(CC2=C(CC(C)(C)CC2)c2ccc(Cl)cc2)CC1,Ki, 0.391,nM,704677,,,False
CC%10(C)CC(c1ccc(Cl)cc1)=C9CN8CCN(c7ccc(C(=O)NS(=O)(=O)c3ccc(NC[C@@H]2CC[C@@](C)(O)CC2)c([N+](=O)[O-])c3)c(N6CCCOc5nc4[nH]ccc4cc56)c7)C[C@H]8COCCCO[C@@H]9C%10,Ki, 0.397,nM,1406246,,,False
CC1(C)CC(c2ccc(Cl)cc2)=C2CN3CCN(c4ccc(C(=O)NS(=O)(=O)c5ccc(NCC6CCC(C)(O)CC6)c([N+](=O)[O-])c5)c(N5CCCOc6nc7[nH]ccc7cc65)c4)C[C@H]3COCCCO[C@@H]2C1,Ki, 0.397,nM,1498017,,,False
CC1(C)CCC(CN2CCN(CC2CO)c2ccc(C(=O)NS(=O)(=O)c3ccc(NCC4(N)CCOCC4)c(c3)[N+]([O-])=O)c(Oc3ccc4[nH]ccc4c3)c2)=C(C1)c1ccc(Cl)cc1 |c:60|,Ki, 0.401,nM,324945,,,False
CC1(C)CCC(CN2CCN(CC2)c2ccc(C(=O)NS(=O)(=O)c3ccc(NCN4CCN(CC4)S(C)(=O)=O)c(c3)[N+]([O-])=O)c(Oc3cccc4[nH]ccc34)c2)=C(C1)c1ccc(Cl)cc1 |c:61|,Ki, 0.403,nM,325042,,,False
CC(CO)(CO)COc1ncc(cc1Cl)S(=O)(=O)NC(=O)c1ccc(cc1Oc1cnc2[nH]ccc2c1)N1CCN(CC2=C(CC(C)(C)CC2)c2ccc(Cl)cc2)CC1,Ki, 0.412,nM,1372980,,,False
CC(CO)(CO)COc1ncc(cc1Cl)S(=O)(=O)NC(=O)c1ccc(cc1Oc1cnc2[nH]ccc2c1)N1CCN(CC2=C(CC(C)(C)CC2)c2ccc(Cl)cc2)CC1,Ki, 0.412,nM,1179953,,,False
CC(CO)(CO)COc1ncc(cc1Cl)S(=O)(=O)NC(=O)c1ccc(cc1Oc1cnc2[nH]ccc2c1)N1CCN(CC2=C(CC(C)(C)CC2)c2ccc(Cl)cc2)CC1,Ki, 0.412,nM,704841,,,False
CC(CO)(CO)COc1ncc(cc1Cl)S(=O)(=O)NC(=O)c1ccc(cc1Oc1cnc2[nH]ccc2c1)N1CCN(CC2=C(CC(C)(C)CC2)c2ccc(Cl)cc2)CC1 |t:46|,Ki, 0.412,nM,339791,,,False
CC1(C)CCC(CN2CCN(CC2)c2ccc(C(=O)NS(=O)(=O)c3ccc(NCCC#N)c(c3)[N+]([O-])=O)c(Oc3ccc4[nH]ccc4c3)c2)=C(C1)c1ccc(Cl)cc1 |c:53|,Ki, 0.413,nM,325025,,,False
CC1(C)CCC(CN2CCN(CC2)c2ccc(C(=O)NS(=O)(=O)c3ccc(NC4CCS(=O)(=O)C4)c(c3)[N+]([O-])=O)c(Oc3cccc4[nH]ccc34)c2)=C(C1)c1ccc(Cl)cc1 |c:57|,Ki, 0.425,nM,325005,,,False
[O-][N+](=O)c1cc(ccc1NCC1CCOCC1)S(=O)(=O)NC(=O)c1ccc(cc1Oc1cccc2NC(=O)CCc12)N1CCN(Cc2ccccc2-c2ccc(Cl)cc2)CC1,Ki, 0.428,nM,281428,,,False
[O-][N+](=O)c1cc(ccc1NCC1CCOCC1)S(=O)(=O)NC(=O)c1ccc(cc1Oc1cccc2NC(=O)CCc12)N1CCN(Cc2ccccc2-c2ccc(Cl)cc2)CC1,Ki, 0.428,nM,387674,,,False
CC1(C)CCC(CN2CCN(CC2)c2ccc(C(=O)NS(=O)(=O)c3ccc(NCC4(O)CCCCC4)c(c3)[N+]([O-])=O)c(Oc3ccc4[nH]ccc4c3)c2)=C(C1)c1ccc(Cl)cc1 |c:58|,Ki, 0.43,nM,324946,,,False
CC1(C)CCC(CN2CCN(CC2)c2ccc(C(=O)NS(=O)(=O)c3ccc(NC4CCOCC4)c(c3)[N+]([O-])=O)c(Oc3cc4cc[nH]c4cc3F)c2)=C(C1)c1ccc(Cl)cc1,Ki, 0.435,nM,387826,,,False
CC1(C)CCC(CN2CCN(CC2)c2ccc(C(=O)NS(=O)(=O)c3ccc(NC4CCOCC4)c(c3)[N+]([O-])=O)c(Oc3cc4cc[nH]c4cc3F)c2)=C(C1)c1ccc(Cl)cc1 |c:57|,Ki, 0.435,nM,281576,,,False
Cc1c[nH]c2cccc(Oc3cc(ccc3C(=O)NS(=O)(=O)c3ccc(NCCCN4CCOCC4)c(c3)[N+]([O-])=O)N3CCN(CC4=C(CC(C)(C)CC4)c4ccc(Cl)cc4)CC3)c12 |t:49|,Ki, 0.438,nM,281396,,,False
C[C@@H]%10CO[C@@H](CNc9ccc(S(=O)(=O)NC(=O)c5ccc(N4CCN3CC2=C(c1ccc(Cl)cc1)CC(C)(C)C[C@H]2OCCCOC[C@@H]3C4)cc5N8CCCOc7nc6[nH]ccc6cc78)cc9[N+](=O)[O-])CO%10,Ki, 0.438,nM,1406194,,,False
CC1(C)CCC(CN2CCN(CC2)c2ccc(C(=O)NS(=O)(=O)c3ccc(NC4CCN(CC4)S(C)(=O)=O)c(c3)[N+]([O-])=O)c(Oc3ccc4[nH]ccc4c3)c2)=C(C1)c1ccc(Cl)cc1 |c:60|,Ki, 0.438,nM,325039,,,False
C[C@@H]1COC(CNc2ccc(S(=O)(=O)NC(=O)c3ccc(N4CCN5CC6=C(c7ccc(Cl)cc7)CC(C)(C)C[C@H]6OCCCOC[C@@H]5C4)cc3N3CCCOc4nc5[nH]ccc5cc43)cc2[N+](=O)[O-])CO1,Ki, 0.438,nM,1497965,,,False
Cc1c[nH]c2cccc(Oc3cc(ccc3C(=O)NS(=O)(=O)c3ccc(NCCCN4CCOCC4)c(c3)[N+]([O-])=O)N3CCN(CC4=C(CC(C)(C)CC4)c4ccc(Cl)cc4)CC3)c12,Ki, 0.438,nM,387642,,,False
CC1(C)CC(=C(CN2CCN(CC2)c2ccc(C(=O)NS(=O)(=O)c3ccc(NCC4CCOCC4)c(c3)C(F)(F)F)c(Oc3cnc4[nH]ccc4c3)c2)CO1)c1ccc(Cl)cc1,Ki, 0.439,nM,704634,,,False
CC1(C)CC(=C(CN2CCN(CC2)c2ccc(C(=O)NS(=O)(=O)c3ccc(NCC4CCOCC4)c(c3)C(F)(F)F)c(Oc3cnc4[nH]ccc4c3)c2)CO1)c1ccc(Cl)cc1,Ki, 0.439,nM,1372773,,,False
CC1(C)CC(=C(CN2CCN(CC2)c2ccc(C(=O)NS(=O)(=O)c3ccc(NCC4CCOCC4)c(c3)C(F)(F)F)c(Oc3cnc4[nH]ccc4c3)c2)CO1)c1ccc(Cl)cc1 |t:4|,Ki, 0.439,nM,339593,,,False
CC1(C)CC(=C(CN2CCN(CC2)c2ccc(C(=O)NS(=O)(=O)c3ccc(NCC4CCOCC4)c(c3)C(F)(F)F)c(Oc3cnc4[nH]ccc4c3)c2)CO1)c1ccc(Cl)cc1,Ki, 0.439,nM,1179916,,,False
CN(C)CCOc1ccc(c(CN2CCN(CC2)c2ccc(C(=O)NS(=O)(=O)c3ccc(NCC4CCOCC4)c(c3)S(=O)(=O)C(F)(F)F)c(Oc3ccccc3)c2)c1)-c1ccc(Cl)cc1,Ki, 0.443,nM,324836,,,False
CC%10(C)CC(c1ccc(Cl)cc1)=C9CN8CCN(c7ccc(C(=O)NS(=O)(=O)c3ccc(NC[C@@H]2C[C@](O)(CF)C2)c([N+](=O)[O-])c3)c(N6CCCOc5nc4[nH]ccc4cc56)c7)C[C@H]8COCCCO[C@@H]9C%10,Ki, 0.448,nM,1406198,,,False
CC1(C)CC(c2ccc(Cl)cc2)=C2CN3CCN(c4ccc(C(=O)NS(=O)(=O)c5ccc(NC[C@H]6C[C@@](O)(CF)C6)c([N+](=O)[O-])c5)c(N5CCCOc6nc7[nH]ccc7cc65)c4)C[C@H]3COCCCOC2C1,Ki, 0.448,nM,1497969,,,False
[O-][N+](=O)c1cc(ccc1Cl)S(=O)(=O)NC(=O)[C@@H]1Cc2cc(Br)c(OCc3ccc(cc3)-c3ccccc3)c(Br)c2CN1Cc1ccc(cc1)C#N,Ki, 0.450000,nM,51462823,,,False
CC1(C)CCC(CN2CCN(CC2)c2ccc(C(=O)NS(=O)(=O)c3ccc(NCCN4CCCCC4=O)c(c3)[N+]([O-])=O)c(Oc3ccc4[nH]ccc4c3)c2)=C(C1)c1ccc(Cl)cc1 |c:59|,Ki, 0.454,nM,324975,,,False
CN1CCC(CC1)Nc1ccc(cc1[N+]([O-])=O)S(=O)(=O)NC(=O)c1ccc(cc1Oc1cccc(c1Cl)C(F)(F)F)N1CCN(CC2=C(CC(C)(C)CC2)c2ccc(Cl)cc2)CC1 |t:50|,Ki, 0.458,nM,281397,,,False
CC1(C)CCC(CN2CCN(CC2)c2ccc(C(=O)NS(=O)(=O)c3ccc(NCC4CN(C4)C(CF)CF)c(c3)[N+]([O-])=O)c(Oc3cnc4[nH]ccc4c3)c2)=C(C1)c1ccc(Cl)cc1,Ki,<0.010,nM,704753,,,False
COCCOCCN1CCOC(CNc2ccc(cc2[N+]([O-])=O)S(=O)(=O)NC(=O)c2ccc(cc2Oc2cnc3[nH]ccc3c2)N2CCN(CC3=C(CC(C)(C)CC3)c3ccc(Cl)cc3)CC2)C1,Ki,<0.010,nM,1179881,,,False
CC1(C)CCC(CN2CCN(CC2)c2ccc(C(=O)NS(=O)(=O)c3ccc(NCC4CN(CC(F)F)CCO4)c(c3)[N+]([O-])=O)c(Oc3cnc4[nH]ccc4c3)c2)=C(C1)c1ccc(Cl)cc1,Ki,<0.010,nM,704758,,,False
CC1(C)CCC(CN2CCN(CC2)c2ccc(C(=O)NS(=O)(=O)c3ccc(OCC4(F)CCN(CC4)C4COC4)c(c3)[N+]([O-])=O)c(Oc3cnc4[nH]ccc4c3)c2)=C(C1)c1ccc(Cl)cc1,Ki,<0.010,nM,704759,,,False
CC1(C)CCC(CN2CCN(CC2)c2ccc(C(=O)NS(=O)(=O)c3ccc(NCC4CN(CC(O)=O)CCO4)c(c3)[N+]([O-])=O)c(Oc3cnc4[nH]ccc4c3)c2)=C(C1)c1ccc(Cl)cc1,Ki,<0.010,nM,1179887,,,False
CC1(C)CCC(CN2CCN(CC2)c2ccc(C(=O)NS(=O)(=O)c3ccc(NCC4CCN(CC4)C4CC4)c(c3)[N+]([O-])=O)c(Oc3cnc4[nH]ccc4c3)c2)=C(C1)c1ccc(Cl)cc1,Ki,<0.010,nM,704756,,,False
CC1(C)CCC(CN2CCN(CC2)c2ccc(C(=O)NS(=O)(=O)c3ccc(NCC4CN(CCF)CCO4)c(c3)[N+]([O-])=O)c(Oc3cnc4[nH]ccc4c3)c2)=C(C1)c1ccc(Cl)cc1,Ki,<0.010,nM,704757,,,False
CN(C)CC(=O)N1CCOC(CNc2ccc(cc2[N+]([O-])=O)S(=O)(=O)NC(=O)c2ccc(cc2Oc2cnc3[nH]ccc3c2)N2CCN(CC3=C(CC(C)(C)CC3)c3ccc(Cl)cc3)CC2)C1,Ki,<0.010,nM,1179885,,,False
CN1CCC(CC1)Nc1ccc(cc1S(=O)(=O)C(F)(F)F)S(=O)(=O)NC(=O)c1ccc(cc1Oc1cnc2[nH]ccc2c1)N1CCN(CC2=C(CC(C)(C)OC2)c2ccc(Cl)cc2)CC1,Ki,<0.010,nM,1179922,,,False
CC1(C)CCC(CN2CCN(CC2)c2ccc(C(=O)NS(=O)(=O)c3ccc(OC[C@H]4CCN(C4)C4COC4)c(c3)[N+]([O-])=O)c(Oc3cnc4[nH]ccc4c3)c2)=C(C1)c1ccc(Cl)cc1,Ki,<0.010,nM,704776,,,False
CC1(C)CC(=C(CN2CCN(CC2)c2ccc(C(=O)NS(=O)(=O)c3ccc(N[C@H]4CC[C@@H](CC4)N4CCOCC4)c(c3)S(=O)(=O)C(F)(F)F)c(Oc3cnc4[nH]ccc4c3)c2)CO1)c1ccc(Cl)cc1,Ki,<0.010,nM,1179920,,,False
CN1CCC(COc2ncc(cc2Br)S(=O)(=O)NC(=O)c2ccc(cc2Oc2cnc3[nH]ccc3c2)N2CCN(CC3=C(CC(C)(C)CC3)c3ccc(Cl)cc3)CC2)CC1,Ki,<0.010,nM,1179926,,,False
CC1(C)CCC(CN2CCN(CC2)c2ccc(C(=O)NS(=O)(=O)c3ccc(OCC4CCN(CC4)C4COC4)c(c3)[N+]([O-])=O)c(Oc3cnc4[nH]ccc4c3)c2)=C(C1)c1ccc(Cl)cc1,Ki,<0.010,nM,704783,,,False
CC1(C)CCC(CN2CCN(CC2)c2ccc(C(=O)NS(=O)(=O)c3ccc(NC[C@@H]4CC[C@@H](C4)N4CCOCC4)c(c3)[N+]([O-])=O)c(Oc3cnc4[nH]ccc4c3)c2)=C(C1)c1ccc(Cl)cc1,Ki,<0.010,nM,704780,,,False
CC1(C)CCC(CN2CCN(CC2)c2ccc(C(=O)NS(=O)(=O)c3ccc(NCC4CCOCC4)c(c3)N(=O)=O)c(Oc3cnc4[nH]ccc4c3)c2)=C(C1)c1ccc(Cl)cc1,Ki,<0.010000,nM,51288585,,,False
CC(=O)N[C@H]1CC[C@@H](CC1)Nc1ccc(cc1[N+]([O-])=O)S(=O)(=O)NC(=O)c1ccc(cc1Oc1cnc2[nH]ccc2c1)N1CCN(CC2=C(CC(C)(C)CC2)c2ccc(Cl)cc2)CC1,Ki,<0.010,nM,704771,,,False
CC1(C)CCC(CN2CCN(CC2)c2ccc(C(=O)NS(=O)(=O)c3ccc(N[C@@H]4CCOC4)c(c3)[N+]([O-])=O)c(Oc3cnc4[nH]ccc4c3)c2)=C(C1)c1ccc(Cl)cc1,Ki,<0.010,nM,1179931,,,False
CN1CCC(COc2ccc(cc2[N+]([O-])=O)S(=O)(=O)NC(=O)c2ccc(cc2Oc2cnc3[nH]ccc3c2)N2CCN(CC3=C(CC(C)(C)CC3)c3ccc(Cl)cc3)CC2)CC1,Ki,<0.010,nM,1179928,,,False
CC1(C)CCC(CN2CCN(CC2)c2ccc(C(=O)NS(=O)(=O)c3ccc(OCC4CCOC(C)(C)C4)c(c3)[N+]([O-])=O)c(Oc3cnc4[nH]ccc4c3)c2)=C(C1)c1ccc(Cl)cc1,Ki,<0.010,nM,1179934,,,False
CC1(C)CCC(CN2CCN(CC2)c2ccc(C(=O)NS(=O)(=O)c3ccc(N[C@@H]4CCN(CCF)C4)c(c3)[N+]([O-])=O)c(Oc3cnc4[nH]ccc4c3)c2)=C(C1)c1ccc(Cl)cc1,Ki,<0.010,nM,704775,,,False
CC(C)(C)N1CCC(CC1)Nc1ccc(cc1S(=O)(=O)C(F)(F)F)S(=O)(=O)NC(=O)c1ccc(cc1Oc1cnc2[nH]ccc2c1)N1CCN(CC2=C(CC(C)(C)CC2)c2ccc(Cl)cc2)CC1,Ki,<0.010,nM,1179935,,,False
CC1(C)CCC(CN2CCN(CC2)c2ccc(C(=O)NS(=O)(=O)c3ccc(N[C@@H]4CCN(CC(F)F)C4)c(c3)[N+]([O-])=O)c(Oc3cnc4[nH]ccc4c3)c2)=C(C1)c1ccc(Cl)cc1,Ki,<0.010,nM,704772,,,False
CN1CC(CC1=O)Nc1ccc(cc1[N+]([O-])=O)S(=O)(=O)NC(=O)c1ccc(cc1Oc1cnc2[nH]ccc2c1)N1CCN(CC2=C(CC(C)(C)CC2)c2ccc(Cl)cc2)CC1,Ki,<0.010,nM,704794,,,False
CC1(C)CCC(CN2CCN(CC2)c2ccc(C(=O)NS(=O)(=O)c3ccc(OCC4(F)CCOCC4)c(c3)[N+]([O-])=O)c(Oc3cnc4[nH]ccc4c3)c2)=C(C1)c1ccc(Cl)cc1,Ki,<0.010,nM,1179906,,,False
CC1(C)CCC(CN2CCN(CC2)c2ccc(C(=O)NS(=O)(=O)c3ccc(OCC4C[C@@H]5C[C@H]4[C@H](O)[C@@H]5O)c(c3)[N+]([O-])=O)c(Oc3cnc4[nH]ccc4c3)c2)=C(C1)c1ccc(Cl)cc1,Ki,<0.010,nM,704795,,,False
CC1(C)CCC(CN2CCN(CC2)c2ccc(C(=O)NS(=O)(=O)c3ccc(NCC45CC6CC(C4)C(O)C(C6)C5)c(c3)[N+]([O-])=O)c(Oc3cnc4[nH]ccc4c3)c2)=C(C1)c1ccc(Cl)cc1,Ki,<0.010,nM,704792,,,False
CC1(C)CCC(CN2CCN(CC2)c2ccc(C(=O)NS(=O)(=O)c3ccc(OCC4C[C@@H]5C[C@H]4[C@@H](O)[C@H]5O)c(c3)[N+]([O-])=O)c(Oc3cnc4[nH]ccc4c3)c2)=C(C1)c1ccc(Cl)cc1,Ki,<0.010,nM,704796,,,False
CC1(C)CCC(CN2CCN(CC2)c2ccc(C(=O)NS(=O)(=O)c3ccc(OCC4CCCC(=O)C4)c(c3)[N+]([O-])=O)c(Oc3cnc4[nH]ccc4c3)c2)=C(C1)c1ccc(Cl)cc1,Ki,<0.010,nM,704797,,,False
CC(C)(C)N1CCC(CC1)Nc1ccc(cc1[N+]([O-])=O)S(=O)(=O)NC(=O)c1ccc(cc1Oc1cnc2[nH]ccc2c1)N1CCN(CC2=C(CC(C)(C)CC2)c2ccc(Cl)cc2)CC1,Ki,<0.010,nM,1179909,,,False
CC1(C)CCC(CN2CCN(CC2)c2ccc(C(=O)NS(=O)(=O)c3ccc(OCC4(F)CCN(CC4)S(C)(=O)=O)c(c3)[N+]([O-])=O)c(Oc3cnc4[nH]ccc4c3)c2)=C(C1)c1ccc(Cl)cc1,Ki,<0.010,nM,704786,,,False
CC1(C)CC(=C(CN2CCN(CC2)c2ccc(C(=O)NS(=O)(=O)c3cnc(OCC4CCOCC4)c(Cl)c3)c(Oc3cnc4[nH]ccc4c3)c2)CO1)c1ccc(Cl)cc1,Ki,<0.010,nM,1179914,,,False
CC1(C)CCC(CN2CCN(CC2)c2ccc(C(=O)NS(=O)(=O)c3ccc(NC[C@H]4CCN(C4)C4COC4)c(c3)[N+]([O-])=O)c(Oc3cnc4[nH]ccc4c3)c2)=C(C1)c1ccc(Cl)cc1,Ki,<0.010,nM,704787,,,False
CC1(C)CCC(CN2CCN(CC2)c2ccc(C(=O)NS(=O)(=O)c3ccc(OCC4(F)CCN(CC4)C4CCOCC4)c(c3)[N+]([O-])=O)c(Oc3cnc4[nH]ccc4c3)c2)=C(C1)c1ccc(Cl)cc1,Ki,<0.010,nM,704784,,,False
CC1(C)CCC(CN2CCN(CC2)c2ccc(C(=O)NS(=O)(=O)c3cnc(OCC4CCOCC4)c(Cl)c3)c(Oc3cnc4[nH]ccc4c3)c2)=C(C1)c1ccc(Cl)cc1,Ki,<0.010,nM,1179912,,,False
CC1(C)CCC(CN2CCN(CC2)c2ccc(C(=O)NS(=O)(=O)c3ccc(OCC4(F)CCN(CC4)C4CCOC4)c(c3)[N+]([O-])=O)c(Oc3cnc4[nH]ccc4c3)c2)=C(C1)c1ccc(Cl)cc1,Ki,<0.010,nM,704785,,,False
CC1(C)CCC(CN2CCN(CC2)c2ccc(C(=O)NS(=O)(=O)c3ccc(NCc4ccc(OCCN5CCOCC5)cc4)c(c3)[N+]([O-])=O)c(Oc3cnc4[nH]ccc4c3)c2)=C(C1)c1ccc(Cl)cc1,Ki,<0.010,nM,704790,,,False
CC1(C)CCC(CN2CCN(CC2)c2ccc(C(=O)NS(=O)(=O)c3ccc(NCC45CC6CC(C4)C(O)C(C6)C5)c(c3)[N+]([O-])=O)c(Oc3cnc4[nH]ccc4c3)c2)=C(C1)c1ccc(Cl)cc1,Ki,<0.010,nM,704791,,,False
CC1(C)CCC(CN2CCN(CC2)c2ccc(C(=O)NS(=O)(=O)c3ccc(OC[C@H]4CC[C@H](O)CC4)c(c3)[N+]([O-])=O)c(Oc3cnc4[nH]ccc4c3)c2)=C(C1)c1ccc(Cl)cc1,Ki,<0.010,nM,704788,,,False
CN(C)CCCOc1ccc(CNc2ccc(cc2[N+]([O-])=O)S(=O)(=O)NC(=O)c2ccc(cc2Oc2cnc3[nH]ccc3c2)N2CCN(CC3=C(CC(C)(C)CC3)c3ccc(Cl)cc3)CC2)cc1,Ki,<0.010,nM,704789,,,False
CC1(C)CCC(CN2CCN(CC2)c2ccc(C(=O)NS(=O)(=O)c3ccc(NCC4CN(CC(O)=O)CCO4)c(c3)[N+]([O-])=O)c(Oc3cnc4[nH]ccc4c3)c2)=C(C1)c1ccc(Cl)cc1,Ki,<0.010,nM,704808,,,False
CC1(C)CCC(CN2CCN(CC2)c2ccc(C(=O)NS(=O)(=O)c3ccc(O[C@H]4CC[C@@H](CC4)N4CCOCC4)c(c3)[N+]([O-])=O)c(Oc3cnc4[nH]ccc4c3)c2)=C(C1)c1ccc(Cl)cc1,Ki,<0.010,nM,1179952,,,False
CC1(C)CCC(CN2CCN(CC2)c2ccc(C(=O)NS(=O)(=O)c3ccc(NCC4CN(CCO4)C4COC4)c(c3)[N+]([O-])=O)c(Oc3cnc4[nH]ccc4c3)c2)=C(C1)c1ccc(Cl)cc1,Ki,<0.010,nM,704809,,,False
CC1(C)CC(=C(CN2CCN(CC2)c2ccc(C(=O)NS(=O)(=O)c3ccc(N[C@H]4CC[C@H](CC4)N4CCOCC4)c(c3)[N+]([O-])=O)c(Oc3cnc4[nH]ccc4c3)c2)CO1)c1ccc(Cl)cc1,Ki,<0.010,nM,1179958,,,False
CC1(C)CCC(CN2CCN(CC2)c2ccc(C(=O)NS(=O)(=O)c3ccc(NCCC#N)c(c3)[N+]([O-])=O)c(Oc3cnc4[nH]ccc4c3)c2)=C(C1)c1ccc(Cl)cc1,Ki,<0.010,nM,1179956,,,False
CC1(C)CCC(CN2CCN(CC2)c2ccc(C(=O)NS(=O)(=O)c3ccc(NCC4CN(CCO4)C(CF)CF)c(c3)[N+]([O-])=O)c(Oc3cnc4[nH]ccc4c3)c2)=C(C1)c1ccc(Cl)cc1,Ki,<0.010,nM,1179957,,,False
CN1CCC(CNc2ccc(cc2[N+]([O-])=O)S(=O)(=O)NC(=O)c2ccc(cc2Oc2cnc3[nH]ccc3c2)N2CCN(CC3=C(CC(C)(C)CC3)c3ccc(Cl)cc3)CC2)CC1,Ki,<0.010,nM,1179962,,,False
CN(C)CC(=O)N1CC[C@H](C1)Nc1ccc(cc1[N+]([O-])=O)S(=O)(=O)NC(=O)c1ccc(cc1Oc1cnc2[nH]ccc2c1)N1CCN(CC2=C(CC(C)(C)CC2)c2ccc(Cl)cc2)CC1,Ki,<0.010,nM,1179963,,,False
CC1(C)CCC(CN2CCN(CC2)c2ccc(C(=O)NS(=O)(=O)c3ccc(N[C@H]4CC[C@@H](CC4)N(CC4CC4)CC4CC4)c(c3)[N+]([O-])=O)c(Oc3cnc4[nH]ccc4c3)c2)=C(C1)c1ccc(Cl)cc1,Ki,<0.010,nM,1179960,,,False
CN1CCC(CC1)Nc1ccc(cc1[N+]([O-])=O)S(=O)(=O)NC(=O)c1ccc(cc1Oc1cccc(c1Cl)C(F)(F)F)N1CCN(CC2=C(CC(C)(C)CC2)c2ccc(Cl)cc2)CC1,Ki, 0.458,nM,387643,,,False
CN(C)CCCNc1ccc(cc1[N+]([O-])=O)S(=O)(=O)NC(=O)c1ccc(cc1Oc1ccc2ccccc2c1)N1CCN(Cc2ccccc2-c2ccc(Cl)cc2)CC1,Ki, 0.459,nM,324880,,,False
CC%10(C)CC(c1ccc(Cl)cc1)=C9CN8CCN(c7ccc(C(=O)NS(=O)(=O)c3ccc(NCC2CCOCC2)c([N+](=O)[O-])c3)c(N6CCCOc5nc4[nH]ccc4cc56)c7)C[C@H]8COCCCO[C@@H]9C%10,Ki, 0.459,nM,1497955,,,False
CC%10(C)CC(c1ccc(Cl)cc1)=C9CN8CCN(c7ccc(C(=O)NS(=O)(=O)c3ccc(NCC2CCOCC2)c([N+](=O)[O-])c3)c(N6CCCOc5nc4[nH]ccc4cc56)c7)C[C@H]8COCCCO[C@@H]9C%10,Ki, 0.459,nM,1406184,,,False
[O-][N+](=O)c1cc(ccc1NCC1CCOCC1)S(=O)(=O)NC(=O)c1ccc(cc1Oc1ccc2[nH]ccc2c1)N1CCN(Cc2cc(OCCN3CCOCC3)ccc2-c2ccc(Cl)cc2)CC1,Ki, 0.459,nM,324843,,,False
CC1(C)CCC(CN2CCN(CC2)c2ccc(C(=O)NS(=O)(=O)c3ccc(NCC4(CO)CCOCC4)c(c3)[N+]([O-])=O)c(Oc3ccc4[nH]ccc4c3)c2)=C(C1)c1ccc(Cl)cc1 |c:59|,Ki, 0.46,nM,324940,,,False
FC(F)(F)S(=O)(=O)c1cc(ccc1NCC1CCOCC1)S(=O)(=O)NC(=O)c1ccc(cc1Oc1ccc2ccccc2c1)N1CCN(Cc2ccccc2-c2ccc(Cl)cc2)CC1,Ki, 0.464,nM,324773,,,False
CC1(C)CCC(CN2CCN(CC2)c2ccc(C(=O)NS(=O)(=O)c3ccc(NCCCN4CCOCC4)c(c3)S(=O)(=O)C(F)(F)F)c(Oc3cccc4[nH]ccc34)c2)=C(C1)c1ccc(Cl)cc1 |c:63|,Ki, 0.467,nM,325053,,,False
COCCNc1ccc(cc1[N+]([O-])=O)S(=O)(=O)NC(=O)c1ccc(cc1Oc1cc(F)cc2[nH]ccc12)N1CCN(CC2=C(CC(C)(C)CC2)c2ccc(Cl)cc2)CC1,Ki, 0.469,nM,387844,,,False
COCCNc1ccc(cc1[N+]([O-])=O)S(=O)(=O)NC(=O)c1ccc(cc1Oc1cc(F)cc2[nH]ccc12)N1CCN(CC2=C(CC(C)(C)CC2)c2ccc(Cl)cc2)CC1 |t:46|,Ki, 0.469,nM,281593,,,False
CC1(C)CCC(=C(CN2CCN(CC2)c2ccc(C(=O)NS(=O)(=O)c3ccc(NCCCN4CCOCC4)c(c3)[N+]([O-])=O)c(Oc3ccc4[nH]ccc4c3)c2)C1)c1ccc(Cl)cc1 |t:5|,Ki, 0.471,nM,324779,,,False
CC%11(C)CC(c1ccc(Cl)cc1)=C%10CN9CCN(c8ccc(C(=O)NS(=O)(=O)c4ccc(OCC3(F)CCN(C2COC2)CC3)c([N+](=O)[O-])c4)c(N7CCCOc6nc5[nH]ccc5cc67)c8)C[C@H]9COCCCO[C@@H]%10C%11,Ki, 0.475,nM,1497991,,,False
CC%11(C)CC(c1ccc(Cl)cc1)=C%10CN9CCN(c8ccc(C(=O)NS(=O)(=O)c4ccc(OCC3(F)CCN(C2COC2)CC3)c([N+](=O)[O-])c4)c(N7CCCOc6nc5[nH]ccc5cc67)c8)C[C@H]9COCCCO[C@@H]%10C%11,Ki, 0.475,nM,1406220,,,False
CC1(C)CCC(CN2CCN(CC2)c2ccc(C(=O)NS(=O)(=O)c3ccc(NC4CCN(Cc5cscn5)CC4)c(c3)[N+]([O-])=O)c(Oc3cc4cc[nH]c4cc3F)c2)=C(C1)c1ccc(Cl)cc1 |c:64|,Ki, 0.48,nM,281570,,,False
CC1(C)CCC(CN2CCN(CC2)c2ccc(C(=O)NS(=O)(=O)c3ccc(NC4CCN(Cc5cscn5)CC4)c(c3)[N+]([O-])=O)c(Oc3cc4cc[nH]c4cc3F)c2)=C(C1)c1ccc(Cl)cc1,Ki, 0.48,nM,387820,,,False
CC1(C)CCC(CN2CCN(CC2)c2ccc(C(=O)NS(=O)(=O)c3ccc(NCCN4CCOCC4)c(c3)[N+]([O-])=O)c(Oc3cccc(Cl)c3)c2)=C(C1)c1ccc(Cl)cc1,Ki, 0.482,nM,387719,,,False
CC1(C)CCC(CN2CCN(CC2)c2ccc(C(=O)NS(=O)(=O)c3ccc(NCCN4CCOCC4)c(c3)[N+]([O-])=O)c(Oc3cccc(Cl)c3)c2)=C(C1)c1ccc(Cl)cc1 |c:55|,Ki, 0.482,nM,281473,,,False
[O-][N+](=O)c1cc(ccc1NCCCN1CCOCC1)S(=O)(=O)NC(=O)c1ccc(cc1Oc1ccccc1)N1CCN(Cc2ccccc2-c2ccc(Cl)cc2)CC1,Ki, 0.484,nM,324871,,,False
CN1CCN(CC1)Nc1ccc(cc1[N+]([O-])=O)S(=O)(=O)NC(=O)c1ccc(cc1Oc1ccc2[nH]ccc2c1)N1CCN(CC2=C(CC(C)(C)CC2)c2ccc(Cl)cc2)CC1,Ki, 0.487,nM,704683,,,False
CN1CCN(CC1)Nc1ccc(cc1[N+]([O-])=O)S(=O)(=O)NC(=O)c1ccc(cc1Oc1ccc2[nH]ccc2c1)N1CCN(CC2=C(CC(C)(C)CC2)c2ccc(Cl)cc2)CC1,Ki, 0.487,nM,1372822,,,False
CN1CCN(CC1)Nc1ccc(cc1[N+]([O-])=O)S(=O)(=O)NC(=O)c1ccc(cc1Oc1ccc2[nH]ccc2c1)N1CCN(CC2=C(CC(C)(C)CC2)c2ccc(Cl)cc2)CC1,Ki, 0.487,nM,1180014,,,False
CN1CCN(CC1)Nc1ccc(cc1[N+]([O-])=O)S(=O)(=O)NC(=O)c1ccc(cc1Oc1ccc2[nH]ccc2c1)N1CCN(CC2=C(CC(C)(C)CC2)c2ccc(Cl)cc2)CC1 |t:49|,Ki, 0.487,nM,339640,,,False
CC1(C)CCC(CN2CCN(CC2)c2ccc(C(=O)NS(=O)(=O)c3cc(F)c(NCC4CCOCC4)c(Cl)c3)c(Oc3cnc4[nH]ccc4c3)c2)=C(C1)c1ccc(Cl)cc1,Ki, 0.498,nM,1372817,,,False
CC1(C)CCC(CN2CCN(CC2)c2ccc(C(=O)NS(=O)(=O)c3cc(F)c(NCC4CCOCC4)c(Cl)c3)c(Oc3cnc4[nH]ccc4c3)c2)=C(C1)c1ccc(Cl)cc1,Ki, 0.498,nM,1180004,,,False
CC1(C)CCC(CN2CCN(CC2)c2ccc(C(=O)NS(=O)(=O)c3cc(F)c(NCC4CCOCC4)c(Cl)c3)c(Oc3cnc4[nH]ccc4c3)c2)=C(C1)c1ccc(Cl)cc1 |c:56|,Ki, 0.498,nM,339635,,,False
CN1CCC(C)(CC1)Nc1ccc(cc1[N+]([O-])=O)S(=O)(=O)NC(=O)c1ccc(cc1Oc1cccc(Cl)c1)N1CCN(CC2=C(CC(C)(C)CC2)c2ccc(Cl)cc2)CC1,Ki, 0.498,nM,387746,,,False
CC1(C)CCC(CN2CCN(CC2)c2ccc(C(=O)NS(=O)(=O)c3cc(F)c(NCC4CCOCC4)c(Cl)c3)c(Oc3cnc4[nH]ccc4c3)c2)=C(C1)c1ccc(Cl)cc1,Ki, 0.498,nM,704678,,,False
CN1CCC(C)(CC1)Nc1ccc(cc1[N+]([O-])=O)S(=O)(=O)NC(=O)c1ccc(cc1Oc1cccc(Cl)c1)N1CCN(CC2=C(CC(C)(C)CC2)c2ccc(Cl)cc2)CC1 |t:47|,Ki, 0.498,nM,281497,,,False
CC1(C)CCC(=C(CN2CCN(CC2)c2ccc(cc2)C(=O)NS(=O)(=O)c2ccc(N[C@H](CCN3CCOCC3)CSc3ccccc3)c(c2)S(=O)(=O)C(F)(F)F)C1)c1ccc(Cl)cc1,Ki,<0.500,nM,51350553,,,False
CN1CCN(CC1)Nc1ccc(cc1S(=O)(=O)C(F)(F)F)S(=O)(=O)NC(=O)c1ccc(cc1Oc1cccc2[nH]ccc12)N1CCN(CC2=C(CC(C)(C)CC2)c2ccc(Cl)cc2)CC1 |t:53|,Ki, 0.503,nM,324924,,,False
CC1(C)CCC(CN2CCN(CC2)c2ccc(C(=O)NS(=O)(=O)c3ccc(NCC(F)F)c(c3)[N+]([O-])=O)c(Oc3ccc4[nH]ccc4c3)c2)=C(C1)c1ccc(Cl)cc1 |c:53|,Ki, 0.504,nM,325008,,,False
CN%10CCC(Nc9ccc(S(=O)(=O)NC(=O)c5ccc(N4CCN3CC2=C(c1ccc(Cl)cc1)CC(C)(C)C[C@H]2OCCCOC[C@@H]3C4)cc5N8CCCOc7nc6[nH]ccc6cc78)cc9[N+](=O)[O-])CC%10,Ki, 0.510,nM,1406244,,,False
CN%10CCC(Nc9ccc(S(=O)(=O)NC(=O)c5ccc(N4CCN3CC2=C(c1ccc(Cl)cc1)CC(C)(C)C[C@H]2OCCCOC[C@@H]3C4)cc5N8CCCOc7nc6[nH]ccc6cc78)cc9[N+](=O)[O-])CC%10,Ki, 0.510,nM,1498015,,,False
CN(C)C(=O)CCc1ccccc1Oc1cc(ccc1C(=O)NS(=O)(=O)c1ccc(NCC2CCOCC2)c(c1)[N+]([O-])=O)N1CCN(Cc2ccccc2-c2ccc(Cl)cc2)CC1,Ki, 0.511,nM,387605,,,False
CCN(C)C(=O)N1CCOC(CNc2ccc(cc2Cl)S(=O)(=O)NC(=O)c2ccc(cc2Oc2cnc3[nH]ccc3c2)N2CCN(CC3=C(CC(C)(C)CC3)c3ccc(Cl)cc3)CC2)C1,Ki, 0.511,nM,704923,,,False
CCN(C)C(=O)N1CCOC(CNc2ccc(cc2Cl)S(=O)(=O)NC(=O)c2ccc(cc2Oc2cnc3[nH]ccc3c2)N2CCN(CC3=C(CC(C)(C)CC3)c3ccc(Cl)cc3)CC2)C1,Ki, 0.511,nM,1373062,,,False
CCN(C)C(=O)N1CCOC(CNc2ccc(cc2Cl)S(=O)(=O)NC(=O)c2ccc(cc2Oc2cnc3[nH]ccc3c2)N2CCN(CC3=C(CC(C)(C)CC3)c3ccc(Cl)cc3)CC2)C1,Ki, 0.511,nM,1180118,,,False
CCN(C)C(=O)N1CCOC(CNc2ccc(cc2Cl)S(=O)(=O)NC(=O)c2ccc(cc2Oc2cnc3[nH]ccc3c2)N2CCN(CC3=C(CC(C)(C)CC3)c3ccc(Cl)cc3)CC2)C1 |t:51|,Ki, 0.511,nM,339873,,,False
CN(C)C(=O)CCc1ccccc1Oc1cc(ccc1C(=O)NS(=O)(=O)c1ccc(NCC2CCOCC2)c(c1)[N+]([O-])=O)N1CCN(Cc2ccccc2-c2ccc(Cl)cc2)CC1,Ki, 0.511,nM,281359,,,False
CN1CCN(CC1)Nc1ccc(cc1[N+]([O-])=O)S(=O)(=O)NC(=O)c1ccc(cc1Oc1cccc2[nH]ccc12)N1CCN(CC2=C(CC(C)(C)CC2)c2ccc(Cl)cc2)CC1 |t:49|,Ki, 0.512,nM,324902,,,False
CC1(C)CCC(CC2CCN(CC2)c2ccc(C(=O)NS(=O)(=O)c3ccc(NCC4CCOCC4)c(c3)[N+]([O-])=O)c(Oc3cnc4[nH]ccc4c3)c2)C(C1)c1ccc(Cl)cc1,Ki, 0.512,nM,1373026,,,False
CC1(C)CCC(CC2CCN(CC2)c2ccc(C(=O)NS(=O)(=O)c3ccc(NCC4CCOCC4)c(c3)[N+]([O-])=O)c(Oc3cnc4[nH]ccc4c3)c2)C(C1)c1ccc(Cl)cc1,Ki, 0.512,nM,339837,,,False
CC1(C)CCC(CC2CCN(CC2)c2ccc(C(=O)NS(=O)(=O)c3ccc(NCC4CCOCC4)c(c3)[N+]([O-])=O)c(Oc3cnc4[nH]ccc4c3)c2)C(C1)c1ccc(Cl)cc1,Ki, 0.512,nM,704887,,,False
CC1(C)CCC(CC2CCN(CC2)c2ccc(C(=O)NS(=O)(=O)c3ccc(NCC4CCOCC4)c(c3)[N+]([O-])=O)c(Oc3cnc4[nH]ccc4c3)c2)C(C1)c1ccc(Cl)cc1,Ki, 0.512,nM,1180045,,,False
CN1CCC(CC1)Nc1ccc(cc1[N+]([O-])=O)S(=O)(=O)NC(=O)c1ccc(cc1Oc1cccc2[nH]ccc12)N1CCN(CC2=C(CCCCC2)c2ccc(Cl)cc2)CC1 |t:49|,Ki, 0.514,nM,324863,,,False
COCCOCCNc1ccc(cc1[N+]([O-])=O)S(=O)(=O)NC(=O)c1ccc(cc1Oc1cccc2[nH]ccc12)N1CCN(CC2=C(CC(C)(C)CC2)c2ccc(Cl)cc2)CC1 |t:48|,Ki, 0.516,nM,324999,,,False
CC1(C)CCC(CN2CCN(CC2)c2ccc(C(=O)NS(=O)(=O)c3ccc(NC4CCN(CC4)C4CCOCC4)c(c3)[N+]([O-])=O)c(Oc3ccnc(N)c3)c2)=C(C1)c1ccc(Cl)cc1 |c:60|,Ki, 0.516,nM,281597,,,False
CC1(C)CCC(CN2CCN(CC2)c2ccc(C(=O)NS(=O)(=O)c3ccc(NC4CCN(CC4)C4CCOCC4)c(c3)[N+]([O-])=O)c(Oc3ccnc(N)c3)c2)=C(C1)c1ccc(Cl)cc1,Ki, 0.516,nM,387848,,,False
CC1(C)CCC(CN2CCN(CC2)c2ccc(C(=O)NS(=O)(=O)c3ccc(NC4CCN(CC4)C4CC4)c(c3)[N+]([O-])=O)c(Oc3ccccc3Cl)c2)=C(C1)c1ccc(Cl)cc1 |c:57|,Ki, 0.52,nM,281398,,,False
CC1(C)CCC(CN2CCN(CC2)c2ccc(C(=O)NS(=O)(=O)c3ccc(NC4CCN(CC4)C4CC4)c(c3)[N+]([O-])=O)c(Oc3ccccc3Cl)c2)=C(C1)c1ccc(Cl)cc1,Ki, 0.52,nM,387644,,,False
C[C@@H]%10CC[C@H](CNc9ccc(S(=O)(=O)NC(=O)c5ccc(N4CCN3CC2=C(c1ccc(Cl)cc1)CC(C)(C)C[C@H]2OCCCOC[C@@H]3C4)cc5N8CCCOc7nc6[nH]ccc6cc78)cc9[N+](=O)[O-])OC%10,Ki, 0.521,nM,1406224,,,False
C[C@@H]1CCC(CNc2ccc(S(=O)(=O)NC(=O)c3ccc(N4CCN5CC6=C(c7ccc(Cl)cc7)CC(C)(C)C[C@H]6OCCCOC[C@@H]5C4)cc3N3CCCOc4nc5[nH]ccc5cc43)cc2[N+](=O)[O-])OC1,Ki, 0.521,nM,1497995,,,False
CN(C)CCCNc1ccc(cc1S(=O)(=O)C(F)(F)F)S(=O)(=O)NC(=O)c1ccc(cc1Oc1ccc2[nH]ccc2c1)N1CCN(Cc2ccccc2-c2ccc(Cl)cc2)CC1,Ki, 0.523,nM,324792,,,False
"CC1(C)CCC(CN2CCN(CC2)c2ccc(C(=O)NS(=O)(=O)c3cnc(NC4CCC(CC4)N4CCOCC4)c(Br)c3)c(Oc3cc4cc[nH]c4cc3F)c2)=C(C1)c1ccc(Cl)cc1 |c:62,(.55,-12.15,;1.37,-10.84,;-.17,-10.89,;1.37,-9.3,;2.7,-8.53,;4.03,-9.3,;5.37,-8.53,;5.37,-6.99,;6.7,-6.22,;6.7,-4.68,;5.37,-3.91,;4.03,-4.68,;4.03,-6.22,;5.37,-2.37,;6.7,-1.6,;6.7,-.06,;5.37,.71,;5.37,2.25,;6.7,3.02,;4.03,3.02,;4.03,4.56,;2.49,4.56,;5.57,4.56,;4.03,6.1,;5.37,6.87,;5.37,8.41,;4.03,9.18,;4.03,10.72,;5.37,11.49,;5.37,13.03,;6.7,13.8,;8.03,13.03,;8.03,11.49,;6.7,10.72,;9.37,13.8,;9.37,15.34,;10.7,16.11,;12.03,15.34,;12.03,13.8,;10.7,13.03,;2.7,8.41,;1.37,9.18,;2.7,6.87,;4.03,-.06,;2.7,.71,;1.37,-.06,;.03,.71,;-1.3,-.06,;-2.77,.42,;-3.67,-.83,;-2.77,-2.08,;-1.3,-1.6,;.03,-2.37,;1.37,-1.6,;2.7,-2.37,;4.03,-1.6,;4.03,-10.84,;2.7,-11.61,;5.37,-11.61,;6.7,-10.84,;8.03,-11.61,;8.03,-13.15,;9.37,-13.92,;6.7,-13.92,;5.37,-13.15,)|",Ki, 0.524,nM,281630,,,False
CC1(C)CCC(CN2CCN(CC2)c2ccc(C(=O)NS(=O)(=O)c3cnc(NC4CCC(CC4)N4CCOCC4)c(Br)c3)c(Oc3cc4cc[nH]c4cc3F)c2)=C(C1)c1ccc(Cl)cc1,Ki, 0.524,nM,387882,,,False
CN1CCC(CC1)Nc1ccc(cc1[N+]([O-])=O)S(=O)(=O)NC(=O)c1ccc(cc1Oc1cccc(O)c1C)N1CCN(CC2=C(CC(C)(C)CC2)c2ccc(Cl)cc2)CC1 |t:47|,Ki, 0.526,nM,198645,,,False
CN1CCC(CC1)Nc1ccc(cc1[N+]([O-])=O)S(=O)(=O)NC(=O)c1ccc(cc1Oc1cccc(O)c1C)N1CCN(CC2=C(CC(C)(C)CC2)c2ccc(Cl)cc2)CC1,Ki, 0.526,nM,387736,,,False
Cc1c(cc(C#N)n1C)N(C(=O)c1cc(-c2cc(Cl)ccc2C(=O)N2Cc3ccccc3C[C@H]2CN2CCOCC2)n(C)c1C)c1ccc(O)cc1,Ki, 0.530000,nM,51462832,,,False
CC1(C)CCC(CN2CCN(CC2)c2ccc(C(=O)NS(=O)(=O)c3cnc(NC4CCN(CC4)C4CCOCC4)c(Br)c3)c(Oc3cc4cc[nH]c4cc3F)c2)=C(C1)c1ccc(Cl)cc1 |c:62|,Ki, 0.531,nM,281635,,,False
CC1(C)CCC(CN2CCN(CC2)c2ccc(C(=O)NS(=O)(=O)c3cnc(NC4CCN(CC4)C4CCOCC4)c(Br)c3)c(Oc3cc4cc[nH]c4cc3F)c2)=C(C1)c1ccc(Cl)cc1,Ki, 0.531,nM,387887,,,False
[O-][N+](=O)c1cc(ccc1NCC1CCOCC1)S(=O)(=O)NC(=O)c1ccc(cc1Oc1ccc2[nH]ccc2c1)N1CCN(Cc2ccccc2-c2ccc(Cl)cc2)CC1,Ki, 0.534,nM,324774,,,False
CC(=O)N1CCC(CC1)Nc1ccc(cc1[N+]([O-])=O)S(=O)(=O)NC(=O)c1ccc(cc1Oc1cccc2[nH]ccc12)N1CCN(CC2=C(CC(C)(C)CC2)c2ccc(Cl)cc2)CC1 |t:51|,Ki, 0.535,nM,325041,,,False
CC1(C)CCC(CN2CCN(CC2)c2ccc(C(=O)NS(=O)(=O)c3cnc(NC4CCN(CC4)C4CC4)c(Cl)c3)c(Oc3cnc4[nH]ccc4c3)c2)=C(C1)c1ccc(Cl)cc1,Ki, 0.546,nM,1179941,,,False
CC1(C)CCC(CN2CCN(CC2)c2ccc(C(=O)NS(=O)(=O)c3cnc(NC4CCN(CC4)C4CC4)c(Cl)c3)c(Oc3cnc4[nH]ccc4c3)c2)=C(C1)c1ccc(Cl)cc1,Ki, 0.546,nM,704835,,,False
CC1(C)CCC(CN2CCN(CC2)c2ccc(C(=O)NS(=O)(=O)c3cnc(NC4CCN(CC4)C4CC4)c(Cl)c3)c(Oc3cnc4[nH]ccc4c3)c2)=C(C1)c1ccc(Cl)cc1,Ki, 0.546,nM,1372974,,,False
CC1(C)CCC(CN2CCN(CC2)c2ccc(C(=O)NS(=O)(=O)c3cnc(NC4CCN(CC4)C4CC4)c(Cl)c3)c(Oc3cnc4[nH]ccc4c3)c2)=C(C1)c1ccc(Cl)cc1 |c:58|,Ki, 0.546,nM,339785,,,False
CC1(C)CCC(CN2CCN(CC2)c2ccc(C(=O)NS(=O)(=O)c3ccc(NC4CCN(CCCc5ccccc5)CC4)c(c3)[N+]([O-])=O)c(Oc3cccc(Cl)c3)c2)=C(C1)c1ccc(Cl)cc1,Ki, 0.549,nM,387749,,,False
CC1(C)CCC(CN2CCN(CC2)c2ccc(C(=O)NS(=O)(=O)c3ccc(NC4CCN(CCCc5ccccc5)CC4)c(c3)[N+]([O-])=O)c(Oc3cccc(Cl)c3)c2)=C(C1)c1ccc(Cl)cc1 |c:63|,Ki, 0.549,nM,281500,,,False
CC%11(C)CC(c1ccc(Cl)cc1)=C%10CN9CCN(c8ccc(C(=O)NS(=O)(=O)c4ccc(NC[C@@H]3C[C@@](O)(C2CCC2)C3)c([N+](=O)[O-])c4)c(N7CCCOc6nc5[nH]ccc5cc67)c8)C[C@H]9COCCCO[C@@H]%10C%11,Ki, 0.552,nM,1406212,,,False
CC1(C)CC(c2ccc(Cl)cc2)=C2CN3CCN(c4ccc(C(=O)NS(=O)(=O)c5ccc(NCC6CC(O)(C7CCC7)C6)c([N+](=O)[O-])c5)c(N5CCCOc6nc7[nH]ccc7cc65)c4)C[C@H]3COCCCO[C@@H]2C1,Ki, 0.552,nM,1497983,,,False
CC1(C)CCC(CN2CCN(CC2)c2ccc(C(=O)NS(=O)(=O)c3ccc(NCC4(N)CCOCC4)c(c3)[N+]([O-])=O)c(Oc3ccccc3Cl)c2)=C(C1)c1ccc(Cl)cc1 |c:55|,Ki, 0.552,nM,281519,,,False
CC1(C)CCC(CN2CCN(CC2)c2ccc(C(=O)NS(=O)(=O)c3ccc(NCC4(N)CCOCC4)c(c3)[N+]([O-])=O)c(Oc3ccccc3Cl)c2)=C(C1)c1ccc(Cl)cc1,Ki, 0.552,nM,387768,,,False
[O-][N+](=O)c1cc(ccc1NCC1CCOCC1)S(=O)(=O)NC(=O)c1ccc(cc1Oc1ccc2[nH]ccc2c1)N1CCN(Cc2c(OCCN3CCOCC3)cccc2-c2ccc(Cl)cc2)CC1,Ki, 0.553,nM,324848,,,False
CC1(C)CCC(CN2CCN(CC2)c2ccc(C(=O)NS(=O)(=O)c3ccc(NCC4CCOCC4)c(c3)C#N)c(Oc3cnc4[nH]ccc4c3)c2)=C(C1)c1ccc(Cl)cc1,Ki, 0.557,nM,704702,,,False
CC1(C)CCC(CN2CCN(CC2)c2ccc(C(=O)NS(=O)(=O)c3ccc(NCC4CCOCC4)c(c3)C#N)c(Oc3cnc4[nH]ccc4c3)c2)=C(C1)c1ccc(Cl)cc1,Ki, 0.557,nM,1180052,,,False
CC1(C)CCC(CN2CCN(CC2)c2ccc(C(=O)NS(=O)(=O)c3ccc(NCC4CCOCC4)c(c3)C#N)c(Oc3cnc4[nH]ccc4c3)c2)=C(C1)c1ccc(Cl)cc1,Ki, 0.557,nM,1372841,,,False
CC1(C)CCC(CN2CCN(CC2)c2ccc(C(=O)NS(=O)(=O)c3ccc(NCC4CCOCC4)c(c3)C#N)c(Oc3cnc4[nH]ccc4c3)c2)=C(C1)c1ccc(Cl)cc1 |c:56|,Ki, 0.557,nM,339659,,,False
CC1(C)CCC(CN2CCN(CC2)c2ccc(C(=O)NS(=O)(=O)c3ccc(NCCC4CCOCC4)c(c3)[N+]([O-])=O)c(Oc3ccc4[nH]ccc4c3)c2)=C(C1)c1ccc(Cl)cc1 |c:58|,Ki, 0.56,nM,324997,,,False
CC1(COc2ccc(cc2[N+]([O-])=O)S(=O)(=O)NC(=O)c2ccc(cc2Oc2ccc3[nH]ccc3c2)N2CCN(CC3=C(CC(C)(C)CC3)c3ccc(Cl)cc3)CC2)COC1 |t:44|,Ki, 0.567,nM,324993,,,False
CC1(C)CCC(CN2CCN(CC2)c2ccc(C(=O)NS(=O)(=O)c3ccc(OCC4(F)CCOCC4)nc3)c(Oc3cnc4[nH]ccc4c3)c2)=C(C1)c1ccc(Cl)cc1,Ki, 0.571,nM,704842,,,False
CC1(C)CCC(CN2CCN(CC2)c2ccc(C(=O)NS(=O)(=O)c3ccc(OCC4(F)CCOCC4)nc3)c(Oc3cnc4[nH]ccc4c3)c2)=C(C1)c1ccc(Cl)cc1,Ki, 0.571,nM,1179955,,,False
CC1(C)CCC(CN2CCN(CC2)c2ccc(C(=O)NS(=O)(=O)c3ccc(OCC4(F)CCOCC4)nc3)c(Oc3cnc4[nH]ccc4c3)c2)=C(C1)c1ccc(Cl)cc1,Ki, 0.571,nM,1372981,,,False
CC1(C)CCC(CN2CCN(CC2)c2ccc(C(=O)NS(=O)(=O)c3ccc(OCC4(F)CCOCC4)nc3)c(Oc3cnc4[nH]ccc4c3)c2)=C(C1)c1ccc(Cl)cc1 |c:55|,Ki, 0.571,nM,339792,,,False
CCN(C)C(=O)N1CCO[C@H](COc2ncc(cc2Cl)S(=O)(=O)NC(=O)c2ccc(cc2Oc2cnc3[nH]ccc3c2)N2CCN(CC3=C(CC(C)(C)CC3)c3ccc(Cl)cc3)CC2)C1,Ki, 0.572,nM,1373063,,,False
CCN(C)C(=O)N1CCO[C@H](COc2ncc(cc2Cl)S(=O)(=O)NC(=O)c2ccc(cc2Oc2cnc3[nH]ccc3c2)N2CCN(CC3=C(CC(C)(C)CC3)c3ccc(Cl)cc3)CC2)C1,Ki, 0.572,nM,704924,,,False
CCN(C)C(=O)N1CCO[C@H](COc2ncc(cc2Cl)S(=O)(=O)NC(=O)c2ccc(cc2Oc2cnc3[nH]ccc3c2)N2CCN(CC3=C(CC(C)(C)CC3)c3ccc(Cl)cc3)CC2)C1 |t:51|,Ki, 0.572,nM,339874,,,False
CCN(C)C(=O)N1CCO[C@H](COc2ncc(cc2Cl)S(=O)(=O)NC(=O)c2ccc(cc2Oc2cnc3[nH]ccc3c2)N2CCN(CC3=C(CC(C)(C)CC3)c3ccc(Cl)cc3)CC2)C1,Ki, 0.572,nM,1180120,,,False
CC1(C)CCC(CN2CCN(CC2)c2ccc(C(=O)NS(=O)(=O)c3ccc(NCC(F)(F)F)c(c3)[N+]([O-])=O)c(Oc3cccc4[nH]ccc34)c2)=C(C1)c1ccc(Cl)cc1 |c:54|,Ki, 0.576,nM,325047,,,False
CN(C)CCCNc1ccc(cc1[N+]([O-])=O)S(=O)(=O)NC(=O)c1ccc(cc1Oc1ccc(Cl)cc1)N1CCN(Cc2ccccc2-c2ccc(Cl)cc2)CC1,Ki, 0.586,nM,281348,,,False
CN(C)CCCNc1ccc(cc1[N+]([O-])=O)S(=O)(=O)NC(=O)c1ccc(cc1Oc1ccc(Cl)cc1)N1CCN(Cc2ccccc2-c2ccc(Cl)cc2)CC1,Ki, 0.586,nM,387594,,,False
CC1(C)CCC(CN2CCN(CC2)c2ccc(C(=O)NS(=O)(=O)c3ccc(NC4CCCCC4N)c(c3)[N+]([O-])=O)c(Oc3ccc4[nH]ccc4c3)c2)=C(C1)c1ccc(Cl)cc1 |c:57|,Ki, 0.589,nM,324917,,,False
CN1CCC(CC1)Nc1ccc(cc1[N+]([O-])=O)S(=O)(=O)NC(=O)c1ccc(cc1Oc1cccc2[nH]cc(C)c12)N1CCN(CC2=C(CC(C)(C)CC2)c2ccc(Cl)cc2)CC1 |t:50|,Ki, 0.592,nM,281399,,,False
CN1CCC(CC1)Nc1ccc(cc1[N+]([O-])=O)S(=O)(=O)NC(=O)c1ccc(cc1Oc1cccc2[nH]cc(C)c12)N1CCN(CC2=C(CC(C)(C)CC2)c2ccc(Cl)cc2)CC1,Ki, 0.592,nM,387645,,,False
CC1(C)CCC(CN2CCN(CC2)c2ccc(C(=O)NS(=O)(=O)c3ccc(NCCOC(F)(F)F)c(c3)[N+]([O-])=O)c(Oc3cccc4[nH]ccc34)c2)=C(C1)c1ccc(Cl)cc1 |c:56|,Ki, 0.598,nM,324998,,,False
CC1(C)CCC(CC2CCN(CC2)c2ccc(C(=O)NS(=O)(=O)c3ccc(OCC4CCOCC4)c(Cl)c3)c(Oc3cnc4[nH]ccc4c3)c2)=C(C1)c1ccc(Cl)cc1,Ki, 0.601,nM,704906,,,False
CC1(C)CCC(CC2CCN(CC2)c2ccc(C(=O)NS(=O)(=O)c3ccc(OCC4CCOCC4)c(Cl)c3)c(Oc3cnc4[nH]ccc4c3)c2)=C(C1)c1ccc(Cl)cc1,Ki, 0.601,nM,1373045,,,False
CC1(C)CCC(CC2CCN(CC2)c2ccc(C(=O)NS(=O)(=O)c3ccc(OCC4CCOCC4)c(Cl)c3)c(Oc3cnc4[nH]ccc4c3)c2)=C(C1)c1ccc(Cl)cc1 |c:55|,Ki, 0.601,nM,339856,,,False
CC1(C)CCC(CC2CCN(CC2)c2ccc(C(=O)NS(=O)(=O)c3ccc(OCC4CCOCC4)c(Cl)c3)c(Oc3cnc4[nH]ccc4c3)c2)=C(C1)c1ccc(Cl)cc1,Ki, 0.601,nM,1180084,,,False
CC1(C)CCC(CN2CCN(CC2)c2ccc(C(=O)NS(=O)(=O)c3ccc(NC4CCN(CCCC(F)(F)F)CC4)c(c3)[N+]([O-])=O)c(Oc3ccc4[nH]ccc4c3)c2)=C(C1)c1ccc(Cl)cc1 |c:63|,Ki, 0.615,nM,324925,,,False
[O-][N+](=O)c1cc(ccc1NCC1CCOCC1)S(=O)(=O)NC(=O)c1ccc(cc1Oc1ccc2[nH]ccc2c1)N1CCN(Cc2ccccc2-c2ccc(Cl)cc2)CC1,Ki, 0.618,nM,339636,,,False
[O-][N+](=O)c1cc(ccc1NCC1CCOCC1)S(=O)(=O)NC(=O)c1ccc(cc1Oc1ccc2[nH]ccc2c1)N1CCN(Cc2ccccc2-c2ccc(Cl)cc2)CC1,Ki, 0.618,nM,1180006,,,False
[O-][N+](=O)c1cc(ccc1NCC1CCOCC1)S(=O)(=O)NC(=O)c1ccc(cc1Oc1ccc2[nH]ccc2c1)N1CCN(Cc2ccccc2-c2ccc(Cl)cc2)CC1,Ki, 0.618,nM,1372818,,,False
[O-][N+](=O)c1cc(ccc1NCC1CCOCC1)S(=O)(=O)NC(=O)c1ccc(cc1Oc1ccc2[nH]ccc2c1)N1CCN(Cc2ccccc2-c2ccc(Cl)cc2)CC1,Ki, 0.618,nM,704679,,,False
COCOc1cccc(Oc2cc(ccc2C(=O)NS(=O)(=O)c2ccc(NC3CCN(C)CC3)c(c2)[N+]([O-])=O)N2CCN(CC3=C(CC(C)(C)CC3)c3ccc(Cl)cc3)CC2)c1C,Ki, 0.619,nM,387735,,,False
COCOc1cccc(Oc2cc(ccc2C(=O)NS(=O)(=O)c2ccc(NC3CCN(C)CC3)c(c2)[N+]([O-])=O)N2CCN(CC3=C(CC(C)(C)CC3)c3ccc(Cl)cc3)CC2)c1C |t:47|,Ki, 0.619,nM,281488,,,False
CC1(C)CCC(CN2CCN(CC2)c2ccc(C(=O)NS(=O)(=O)c3ccc(NCC4CN(CCO4)C4CC4)c(Cl)c3)c(Oc3cnc4[nH]ccc4c3)c2)=C(C1)c1ccc(Cl)cc1,Ki, 0.621,nM,704922,,,False
CC1(C)CCC(CN2CCN(CC2)c2ccc(C(=O)NS(=O)(=O)c3ccc(NCC4CN(CCO4)C4CC4)c(Cl)c3)c(Oc3cnc4[nH]ccc4c3)c2)=C(C1)c1ccc(Cl)cc1,Ki, 0.621,nM,1373061,,,False
CC1(C)CCC(CN2CCN(CC2)c2ccc(C(=O)NS(=O)(=O)c3ccc(NCC4CN(CCO4)C4CC4)c(Cl)c3)c(Oc3cnc4[nH]ccc4c3)c2)=C(C1)c1ccc(Cl)cc1 |c:59|,Ki, 0.621,nM,339872,,,False
CC1(C)CCC(CN2CCN(CC2)c2ccc(C(=O)NS(=O)(=O)c3ccc(NCC4CN(CCO4)C4CC4)c(Cl)c3)c(Oc3cnc4[nH]ccc4c3)c2)=C(C1)c1ccc(Cl)cc1,Ki, 0.621,nM,1180116,,,False
CN(C)CCCOc1ccc(c(CN2CCN(CC2)c2ccc(C(=O)NS(=O)(=O)c3ccc(NCC4CCOCC4)c(c3)S(=O)(=O)C(F)(F)F)c(Oc3ccccc3)c2)c1)-c1ccc(Cl)cc1,Ki, 0.622,nM,324835,,,False
CC1(C)CCC(CN2CCN(CC2)c2ccc(C(=O)NS(=O)(=O)c3ccc(NC4CCN(CCCC(F)(F)F)CC4)c(c3)[N+]([O-])=O)c(Oc3cccc4[nH]ccc34)c2)=C(C1)c1ccc(Cl)cc1 |c:63|,Ki, 0.624,nM,324919,,,False
C[C@H]%10CC[C@H](CNc9ccc(S(=O)(=O)NC(=O)c5ccc(N4CCN3CC2=C(c1ccc(Cl)cc1)CC(C)(C)C[C@H]2OCCCOC[C@@H]3C4)cc5N8CCCOc7nc6[nH]ccc6cc78)cc9[N+](=O)[O-])OC%10,Ki, 0.634,nM,1406228,,,False
C[C@H]1CCC(CNc2ccc(S(=O)(=O)NC(=O)c3ccc(N4CCN5CC6=C(c7ccc(Cl)cc7)CC(C)(C)C[C@H]6OCCCOCC5C4)cc3N3CCCOc4nc5[nH]ccc5cc43)cc2[N+](=O)[O-])OC1,Ki, 0.634,nM,1497999,,,False
CC1(C)CCC(CN2CCN(CC2)c2ccc(C(=O)NS(=O)(=O)c3ccc(NCC4CCOCC4)c(c3)[N+]([O-])=O)c(Oc3cnc4[nH]ccc4c3)c2)=C(C1)c1ccc(Cl)cc1,Ki, 0.640,nM,1303737,,,False
CC1(C)CCC(CN2CCN(CC2)c2ccc(C(=O)NS(=O)(=O)c3ccc(CCC4CCOCC4)c(c3)[N+]([O-])=O)c(Oc3ccc4[nH]ccc4c3)c2)=C(C1)c1ccc(Cl)cc1 |c:57|,Ki, 0.651,nM,325002,,,False
"CC1(C)C[C@H]2OCCCOC[C@@H]3CN(CCN3CC2=C(C1)c1ccc(Cl)cc1)c1ccc(C(=O)NS(=O)(=O)c2cnc(OC[C@@]3(F)CC[C@@H](CC3)N3CCOCC3)c(Cl)c2)c(c1)N1CCCOc2nc3[nH]ccc3cc12 |r,wU:11.16,44.47,wD:4.3,48.55,44.48,c:20,(-1.6,-12.45,;-2.93,-11.68,;-2.53,-13.17,;-2.16,-10.35,;-2.93,-9.02,;-2.16,-7.68,;-.62,-8.29,;.86,-7.89,;.86,-6.35,;-.47,-5.58,;-1.8,-6.35,;-3.14,-5.58,;-3.14,-4.04,;-4.47,-3.27,;-5.81,-4.04,;-5.81,-5.58,;-4.47,-6.35,;-5.24,-7.68,;-4.47,-9.02,;-5.24,-10.35,;-4.47,-11.68,;-6.78,-10.35,;-7.55,-9.02,;-9.09,-9.02,;-9.86,-10.35,;-11.4,-10.35,;-9.09,-11.68,;-7.55,-11.68,;-4.47,-1.73,;-3.14,-.96,;-3.14,.58,;-4.47,1.35,;-4.47,2.89,;-5.81,3.66,;-3.14,3.66,;-3.14,5.2,;-3.54,6.69,;-4.63,5.6,;-1.8,5.97,;-.47,5.2,;.86,5.97,;.86,7.51,;2.2,8.28,;3.53,7.51,;4.86,8.28,;4.86,6.74,;4.78,9.82,;6.07,10.66,;7.45,9.96,;7.53,8.42,;6.24,7.58,;8.74,10.8,;10.11,10.1,;11.4,10.94,;11.32,12.47,;9.95,13.17,;8.66,12.33,;-.47,8.28,;-.47,9.82,;-1.8,7.51,;-5.81,.58,;-5.81,-.96,;-7.14,1.35,;-7.13,2.89,;-8.33,3.86,;-9.83,3.52,;-10.51,2.14,;-9.85,.75,;-10.9,-.38,;-10.45,-1.85,;-11.25,-3.17,;-10.24,-4.33,;-8.82,-3.74,;-8.95,-2.2,;-7.9,-1.08,;-8.35,.4,)|",Ki, 0.660,nM,1497973,,,False
CC1(C)C[C@H]2OCCCOC[C@@H]3CN(CCN3CC2=C(C1)c1ccc(Cl)cc1)c1ccc(C(=O)NS(=O)(=O)c2cnc(OC[C@@]3(F)CC[C@@H](CC3)N3CCOCC3)c(Cl)c2)c(c1)N1CCCOc2nc3[nH]ccc3cc12,Ki, 0.660,nM,1406202,,,False
CO[C@H]1CCC(CNc2ccc(S(=O)(=O)NC(=O)c3ccc(N4CCN5CC6=C(c7ccc(Cl)cc7)CC(C)(C)C[C@H]6OCCCOC[C@@H]5C4)cc3N3CCCOc4nc5[nH]ccc5cc43)cc2Cl)OC1,Ki, 0.667,nM,1498021,,,False
CO[C@H]1CC[C@H](CNc2ccc(cc2Cl)S(=O)(=O)NC(=O)c2ccc(cc2N2CCCOc3nc4[nH]ccc4cc23)N2CCN3CC4=C(CC(C)(C)C[C@H]4OCCCOC[C@@H]3C2)c2ccc(Cl)cc2)OC1,Ki, 0.667,nM,1406250,,,False
CC1(C)CCC(CN2CCN(CC2)c2ccc(C(=O)NS(=O)(=O)c3cnc(OCC4COCCO4)c(Br)c3)c(Oc3cc4cc[nH]c4cc3F)c2)=C(C1)c1ccc(Cl)cc1 |c:56|,Ki, 0.671,nM,281629,,,False
CC1(C)CCC(CN2CCN(CC2)c2ccc(C(=O)NS(=O)(=O)c3cnc(OCC4COCCO4)c(Br)c3)c(Oc3cc4cc[nH]c4cc3F)c2)=C(C1)c1ccc(Cl)cc1,Ki, 0.671,nM,387881,,,False
[O-][N+](=O)c1cc(ccc1NCCCN1CCOCC1)S(=O)(=O)NC(=O)c1ccc(cc1Oc1ccc2[nH]ccc2c1)N1CCN(Cc2ccccc2-c2ccc(Cl)cc2)CC1,Ki, 0.672,nM,339637,,,False
[O-][N+](=O)c1cc(ccc1NCCCN1CCOCC1)S(=O)(=O)NC(=O)c1ccc(cc1Oc1ccc2[nH]ccc2c1)N1CCN(Cc2ccccc2-c2ccc(Cl)cc2)CC1,Ki, 0.672,nM,324788,,,False
[O-][N+](=O)c1cc(ccc1NCCCN1CCOCC1)S(=O)(=O)NC(=O)c1ccc(cc1Oc1ccc2[nH]ccc2c1)N1CCN(Cc2ccccc2-c2ccc(Cl)cc2)CC1,Ki, 0.672,nM,704680,,,False
CC1(C)CCC(CN2CCN(CC2)c2ccc(C(=O)NS(=O)(=O)c3ccc(NCC4(CO)CCOCC4)c(c3)[N+]([O-])=O)c(Oc3ccccc3Cl)c2)=C(C1)c1ccc(Cl)cc1 |c:56|,Ki, 0.672,nM,281575,,,False
CC1(C)CCC(CN2CCN(CC2)c2ccc(C(=O)NS(=O)(=O)c3ccc(NCC4(CO)CCOCC4)c(c3)[N+]([O-])=O)c(Oc3ccccc3Cl)c2)=C(C1)c1ccc(Cl)cc1,Ki, 0.672,nM,387825,,,False
[O-][N+](=O)c1cc(ccc1NCCCN1CCOCC1)S(=O)(=O)NC(=O)c1ccc(cc1Oc1ccc2[nH]ccc2c1)N1CCN(Cc2ccccc2-c2ccc(Cl)cc2)CC1,Ki, 0.672,nM,1372819,,,False
[O-][N+](=O)c1cc(ccc1NCCCN1CCOCC1)S(=O)(=O)NC(=O)c1ccc(cc1Oc1ccc2[nH]ccc2c1)N1CCN(Cc2ccccc2-c2ccc(Cl)cc2)CC1,Ki, 0.672,nM,1180008,,,False
[O-][N+](=O)c1cc(ccc1NCCCN1CCCC1)S(=O)(=O)NC(=O)c1ccc(cc1Oc1cccc2[nH]ccc12)N1CCN(CC2=C(CCCCC2)c2ccc(Cl)cc2)CC1 |t:50|,Ki, 0.673,nM,324857,,,False
CC1(C)CCC(CN2CCN(CC2)c2ccc(C(=O)NS(=O)(=O)c3ccc(NCC4CCOCC4)c(c3)S(=O)(=O)C(F)(F)F)c(Oc3ccc4[nH]ccc4c3)c2)=C(C1)c1ccc(Cl)cc1,Ki, 0.678,nM,704686,,,False
CC1(C)CCC(CN2CCN(CC2)c2ccc(C(=O)NS(=O)(=O)c3ccc(NCC4CCOCC4)c(c3)S(=O)(=O)C(F)(F)F)c(Oc3ccc4[nH]ccc4c3)c2)=C(C1)c1ccc(Cl)cc1,Ki, 0.678,nM,1180020,,,False
CC1(C)CCC(CN2CCN(CC2)c2ccc(C(=O)NS(=O)(=O)c3ccc(NCC4CCOCC4)c(c3)S(=O)(=O)C(F)(F)F)c(Oc3ccc4[nH]ccc4c3)c2)=C(C1)c1ccc(Cl)cc1 |c:61|,Ki, 0.678,nM,325010,,,False
CC1(C)CCC(CN2CCN(CC2)c2ccc(C(=O)NS(=O)(=O)c3ccc(NCC4CCOCC4)c(c3)S(=O)(=O)C(F)(F)F)c(Oc3ccc4[nH]ccc4c3)c2)=C(C1)c1ccc(Cl)cc1,Ki, 0.678,nM,1372825,,,False
CC1(C)CCC(CN2CCN(CC2)c2ccc(C(=O)NS(=O)(=O)c3ccc(NCC4CCOCC4)c(c3)S(=O)(=O)C(F)(F)F)c(Oc3ccc4[nH]ccc4c3)c2)=C(C1)c1ccc(Cl)cc1 |c:61|,Ki, 0.678,nM,339643,,,False
CN1CC[C@H](C1)Nc1ccc(cc1[N+]([O-])=O)S(=O)(=O)NC(=O)c1ccc(cc1Oc1cccc(Cl)c1)N1CCN(CC2=C(CC(C)(C)CC2)c2ccc(Cl)cc2)CC1 |t:45|,Ki, 0.684,nM,281523,,,False
CN1CC[C@H](C1)Nc1ccc(cc1[N+]([O-])=O)S(=O)(=O)NC(=O)c1ccc(cc1Oc1cccc(Cl)c1)N1CCN(CC2=C(CC(C)(C)CC2)c2ccc(Cl)cc2)CC1,Ki, 0.684,nM,387772,,,False
CC1(C)CCC(CN2CCN(CC2)c2ccc(C(=O)NS(=O)(=O)c3ccc(NC4CCN(CCc5ccccc5)CC4)c(c3)[N+]([O-])=O)c(Oc3cccc(Cl)c3)c2)=C(C1)c1ccc(Cl)cc1 |c:62|,Ki, 0.686,nM,281492,,,False
CC1(C)CCC(CN2CCN(CC2)c2ccc(C(=O)NS(=O)(=O)c3cnc(OCC4CCC(F)(F)CC4)c(Cl)c3)c(Oc3cnc(N)c(Cl)c3)c2)=C(C1)c1ccc(Cl)cc1 |c:55|,Ki, 0.686,nM,281732,,,False
CC1(C)CCC(CN2CCN(CC2)c2ccc(C(=O)NS(=O)(=O)c3cnc(OCC4CCC(F)(F)CC4)c(Cl)c3)c(Oc3cnc(N)c(Cl)c3)c2)=C(C1)c1ccc(Cl)cc1,Ki, 0.686,nM,387984,,,False
CC1(C)CCC(CN2CCN(CC2)c2ccc(C(=O)NS(=O)(=O)c3ccc(NC4CCN(CCc5ccccc5)CC4)c(c3)[N+]([O-])=O)c(Oc3cccc(Cl)c3)c2)=C(C1)c1ccc(Cl)cc1,Ki, 0.686,nM,387740,,,False
"CC1(C)CCC(CN2CCN(CC2)c2ccc(C(=O)NS(=O)(=O)c3ccc(NCC45CC6CC(C[C@@](O)(C6)C4)C5)c(c3)[N+]([O-])=O)c(Oc3ccc4[nH]ccc4c3)c2)=C(C1)c1ccc(Cl)cc1 |r,c:64,TLB:28:29:32:37.34.35,36:35:32:30.39.29,THB:38:29:32:37.34.35,38:35:32:30.39.29|",Ki, 0.689,nM,235386,,,False
CC1(C)CCC(CN2CCN(CC2)c2ccc(C(=O)NS(=O)(=O)c3ccc(NCC4CCOCC4)c(c3)[N+]([O-])=O)c(Oc3cc(N)cc(Cl)c3)c2)=C(C1)c1ccc(Cl)cc1 |c:55|,Ki, 0.69,nM,281632,,,False
CC1(C)CCC(CN2CCN(CC2)c2ccc(C(=O)NS(=O)(=O)c3ccc(NCC4CCOCC4)c(c3)[N+]([O-])=O)c(Oc3cc(N)cc(Cl)c3)c2)=C(C1)c1ccc(Cl)cc1,Ki, 0.69,nM,387884,,,False
CC(C)n1c(C)c(c(c1-c1ccc(Cl)cc1)-c1cc(F)cc(c1)N1CCN(CC1)c1ccc(NS(=O)(=O)c2ccc(N[C@H](CCN3CCC(O)CC3)CSc3ccccc3)c(c2)S(=O)(=O)C(F)(F)F)cc1)S(C)(=O)=O,Ki, 0.700000,nM,51462819,,,False
[#6]-[#7](-[#6])-[#6]-[#6]-[#6@H](-[#6]-[#16]-c1ccccc1)-[#7]-c1ccc(cc1-[#7+](-[#8-])=O)S(=O)(=O)[#7]-[#6](=O)-c1ccc(cc1)-[#7]-1-[#6]-[#6]\[#6](-[#6]-[#6]-1)=[#6]/c1ccccc1Cl |r|,Ki, 0.7,nM,38812,,,False
CC1(C)CCC(CN2CCN(CC2)c2ccc(C(=O)NS(=O)(=O)c3ccc(CCC4OCCO4)c(c3)[N+]([O-])=O)c(Oc3ccc4[nH]ccc4c3)c2)=C(C1)c1ccc(Cl)cc1 |c:56|,Ki, 0.71,nM,324985,,,False
[O-][N+](=O)c1cc(ccc1NCCCN1CCOCC1)S(=O)(=O)NC(=O)c1ccc(cc1Oc1ccccc1Cl)N1CCN(Cc2ccccc2-c2ccc(Cl)cc2)CC1,Ki, 0.72,nM,387589,,,False
CN1CCC(CC1)Nc1ccc(cc1[N+]([O-])=O)S(=O)(=O)NC(=O)c1ccc(cc1Oc1ccc2[nH]ccc2c1F)N1CCN(CC2=C(CC(C)(C)CC2)c2ccc(Cl)cc2)CC1,Ki, 0.72,nM,387734,,,False
[O-][N+](=O)c1cc(ccc1NCCCN1CCOCC1)S(=O)(=O)NC(=O)c1ccc(cc1Oc1ccccc1Cl)N1CCN(Cc2ccccc2-c2ccc(Cl)cc2)CC1,Ki, 0.72,nM,281343,,,False
CN1CCC(CC1)Nc1ccc(cc1[N+]([O-])=O)S(=O)(=O)NC(=O)c1ccc(cc1Oc1ccc2[nH]ccc2c1F)N1CCN(CC2=C(CC(C)(C)CC2)c2ccc(Cl)cc2)CC1 |t:50|,Ki, 0.72,nM,281487,,,False
CC1(C)CCC(CN2CCN(CC2)c2ccc(C(=O)NS(=O)(=O)c3ccc(NC4CCN(CC4)c4nccs4)c(c3)[N+]([O-])=O)c(Oc3ccc4[nH]ccc4c3)c2)=C(C1)c1ccc(Cl)cc1 |c:62|,Ki, 0.737,nM,324921,,,False
[O-][N+](=O)c1cc(ccc1NCC1CCOCC1)S(=O)(=O)NC(=O)c1ccc(cc1Oc1ccccc1Cl)N1CCN(Cc2ccccc2-c2ccc(Cl)cc2)CC1,Ki, 0.746,nM,387584,,,False
[O-][N+](=O)c1cc(ccc1NCC1CCOCC1)S(=O)(=O)NC(=O)c1ccc(cc1Oc1ccccc1Cl)N1CCN(Cc2ccccc2-c2ccc(Cl)cc2)CC1,Ki, 0.746,nM,281338,,,False
OCc1cccc(Oc2cc(ccc2C(=O)NS(=O)(=O)c2ccc(NCCCN3CCOCC3)c(c2)[N+]([O-])=O)N2CCN(Cc3ccccc3-c3ccc(Cl)cc3)CC2)c1,Ki, 0.754,nM,387588,,,False
OCc1cccc(Oc2cc(ccc2C(=O)NS(=O)(=O)c2ccc(NCCCN3CCOCC3)c(c2)[N+]([O-])=O)N2CCN(Cc3ccccc3-c3ccc(Cl)cc3)CC2)c1,Ki, 0.754,nM,281342,,,False
CC1(C)CCC(=C(CN2CCN(CC2)c2ccc(C(=O)NS(=O)(=O)c3ccc(NCCCN4CCOCC4)c(c3)[N+]([O-])=O)c(Oc3cccc4[nH]ccc34)c2)C1)c1ccc(Cl)cc1 |t:5|,Ki, 0.757,nM,324783,,,False
CC1(C)CCC(CN2CCN(CC2)c2ccc(C(=O)NS(=O)(=O)c3ccc(NCCN4CCOCC4)c(c3)[N+]([O-])=O)c(Oc3cccc(Cl)c3F)c2)=C(C1)c1ccc(Cl)cc1,Ki, 0.759,nM,387728,,,False
CC1(C)CCC(CN2CCN(CC2)c2ccc(C(=O)NS(=O)(=O)c3ccc(NCCN4CCOCC4)c(c3)[N+]([O-])=O)c(Oc3cccc(Cl)c3F)c2)=C(C1)c1ccc(Cl)cc1 |c:56|,Ki, 0.759,nM,281481,,,False
CC%10(C)CC(c1ccc(Cl)cc1)=C9CN8CCN(c7ccc(C(=O)NS(=O)(=O)c3ccc(NCC2(O)COC2)c([N+](=O)[O-])c3)c(N6CCCOc5nc4[nH]ccc4cc56)c7)C[C@H]8COCCCO[C@@H]9C%10,Ki, 0.761,nM,1497987,,,False
CC%10(C)CC(c1ccc(Cl)cc1)=C9CN8CCN(c7ccc(C(=O)NS(=O)(=O)c3ccc(NCC2(O)COC2)c([N+](=O)[O-])c3)c(N6CCCOc5nc4[nH]ccc4cc56)c7)C[C@H]8COCCCO[C@@H]9C%10,Ki, 0.761,nM,1406216,,,False
CN(C)CCCN(C)c1ccc(cc1[N+]([O-])=O)S(=O)(=O)NC(=O)c1ccc(cc1Oc1ccccc1)N1CCN(Cc2ccccc2-c2ccc(Cl)cc2)CC1,Ki, 0.762,nM,324808,,,False
FC(F)(F)S(=O)(=O)c1cc(ccc1NCC1CCOCC1)S(=O)(=O)NC(=O)c1ccc(cc1Oc1ccccc1)N1CCN(Cc2cc(OCCCN3CCCCC3)ccc2-c2ccc(Cl)cc2)CC1,Ki, 0.769,nM,324834,,,False
CC1(C)CCC(CN2CCN(CC2)c2ccc(C(=O)NS(=O)(=O)c3cnc(N[C@@H]4CCN(C4)C(CF)CF)c(Cl)c3)c(Oc3cnc4[nH]ccc4c3)c2)=C(C1)c1ccc(Cl)cc1,Ki, 0.770,nM,1372962,,,False
CC1(C)CCC(CN2CCN(CC2)c2ccc(C(=O)NS(=O)(=O)c3cnc(N[C@@H]4CCN(C4)C(CF)CF)c(Cl)c3)c(Oc3cnc4[nH]ccc4c3)c2)=C(C1)c1ccc(Cl)cc1 |c:58|,Ki, 0.77,nM,339774,,,False
CC1(C)CCC(CN2CCN(CC2)c2ccc(C(=O)NS(=O)(=O)c3cnc(N[C@@H]4CCN(C4)C(CF)CF)c(Cl)c3)c(Oc3cnc4[nH]ccc4c3)c2)=C(C1)c1ccc(Cl)cc1,Ki, 0.770,nM,704823,,,False
CC1(C)CCC(CN2CCN(CC2)c2ccc(C(=O)NS(=O)(=O)c3cnc(N[C@@H]4CCN(C4)C(CF)CF)c(Cl)c3)c(Oc3cnc4[nH]ccc4c3)c2)=C(C1)c1ccc(Cl)cc1,Ki, 0.770,nM,1179917,,,False
CNc1ccc(cc1[N+]([O-])=O)S(=O)(=O)NC(=O)c1ccc(cc1Oc1cccc2[nH]ccc12)N1CCN(CC2=C(CC(C)(C)CC2)c2ccc(Cl)cc2)CC1 |t:42|,Ki, 0.783,nM,324954,,,False
[O-][N+](=O)c1cc(ccc1NCC1CCOCC1)S(=O)(=O)NC(=O)c1ccc(cc1Oc1cccc(Cl)c1)N1CCN(Cc2ccccc2-c2ccc(Cl)cc2)CC1,Ki, 0.787,nM,387585,,,False
[O-][N+](=O)c1cc(ccc1NCC1CCOCC1)S(=O)(=O)NC(=O)c1ccc(cc1Oc1cccc(Cl)c1)N1CCN(Cc2ccccc2-c2ccc(Cl)cc2)CC1,Ki, 0.787,nM,281339,,,False
[O-][N+](=O)c1cc(ccc1NCCCN1CCOCC1)S(=O)(=O)NC(=O)c1ccc(cc1Oc1ccc2ccccc2c1)N1CCN(Cc2ccccc2-c2ccc(Cl)cc2)CC1,Ki, 0.796,nM,324772,,,False
CN1CCC(CC1)Nc1ccc(cc1[N+]([O-])=O)S(=O)(=O)NC(=O)c1ccc(cc1Oc1cccc2NCCc12)N1CCN(CC2=C(CC(C)(C)CC2)c2ccc(Cl)cc2)CC1 |t:49|,Ki, 0.798,nM,325098,,,False
CCc1c(c(c(C(O)=O)n1C)-c1cccc(c1)N1CCN(CC1)c1ccc(NS(=O)(=O)c2ccc(N[C@H](CCN(C)C)CSc3ccccc3)c(c2)[N+]([O-])=O)cc1)-c1ccc(Cl)cc1,Ki, 0.8,nM,50947901,,,False
CC(C)n1c(C)c(C(O)=O)c(c1-c1ccc(Cl)cc1)-c1cccc(c1)N1CCN(CC1)c1ccc(NS(=O)(=O)c2ccc(N[C@H](CCN3CCC(O)CC3)CSc3ccccc3)c(c2)S(=O)(=O)C(F)(F)F)cc1,Ki, 0.8,nM,50969062,,,False
CC1(C)CCC(CN2CCN(CC2)c2ccc(C(=O)NS(=O)(=O)c3ccc(NCCCN4CCOCC4)c(c3)[N+]([O-])=O)c(Oc3cc(Cl)ccc3Cl)c2)=C(C1)c1ccc(Cl)cc1,Ki, 0.807,nM,387646,,,False
CC1(C)CCC(CN2CCN(CC2)c2ccc(C(=O)NS(=O)(=O)c3ccc(NCCCN4CCOCC4)c(c3)[N+]([O-])=O)c(Oc3cc(Cl)ccc3Cl)c2)=C(C1)c1ccc(Cl)cc1 |c:57|,Ki, 0.807,nM,281400,,,False
CC1(C)CCC(CN2CCN(CC2)c2ccc(C(=O)NS(=O)(=O)c3ccc(NCC4CCOCC4)c(c3)[N+]([O-])=O)c(Oc3cccc4[nH]cc(Cl)c34)c2)=C(C1)c1ccc(Cl)cc1 |c:58|,Ki, 0.81,nM,281590,,,False
CC1(C)CCC(CN2CCN(CC2)c2ccc(C(=O)NS(=O)(=O)c3ccc(NCC4CCOCC4)c(c3)[N+]([O-])=O)c(Oc3cccc4[nH]cc(Cl)c34)c2)=C(C1)c1ccc(Cl)cc1,Ki, 0.81,nM,387841,,,False
CC1(C)CCC(CN2CCN(CC2)c2ccc(C(=O)NS(=O)(=O)c3ccc(NC4CCC(CC4)N4CCOCC4)c(c3)[N+]([O-])=O)c(Oc3cccc4C(=O)NCCc34)c2)=C(C1)c1ccc(Cl)cc1,Ki, 0.822,nM,387879,,,False
CC1(C)CCC(CN2CCN(CC2)c2ccc(C(=O)NS(=O)(=O)c3cnc(OCC4CCOCC4)c(Cl)c3)c(Oc3cc4cc[nH]c4cc3F)c2)=C(C1)c1ccc(Cl)cc1 |c:56|,Ki, 0.822,nM,281627,,,False
[O-][N+](=O)c1cc(ccc1NCCn1nccn1)S(=O)(=O)NC(=O)c1ccc(cc1Oc1ccccc1)N1CCN(Cc2ccccc2-c2ccc(Cl)cc2)CC1,Ki, 0.823,nM,324879,,,False
CN1CCC(CC1)Nc1ccc(cc1[N+]([O-])=O)S(=O)(=O)NC(=O)c1ccc(cc1Oc1ccc2[nH]c(C)cc2c1)N1CCN(CC2=C(CC(C)(C)CC2)c2ccc(Cl)cc2)CC1,Ki, 0.827,nM,387582,,,False
CN1CCC(CC1)Nc1ccc(cc1[N+]([O-])=O)S(=O)(=O)NC(=O)c1ccc(cc1Oc1ccc2[nH]c(C)cc2c1)N1CCN(CC2=C(CC(C)(C)CC2)c2ccc(Cl)cc2)CC1 |t:50|,Ki, 0.827,nM,281336,,,False
[O-][N+](=O)c1cc(ccc1NCC1CCOCC1)S(=O)(=O)NC(=O)c1ccc(cc1Oc1cccc2[nH]ccc12)N1CCN(Cc2ccccc2-c2ccc(Cl)cc2)CC1,Ki, 0.828,nM,324776,,,False
CC1(C)CCC(CN2CCN(CC2)c2ccc(C(=O)NS(=O)(=O)c3ccc(NC4(CO)CCOCC4)c(c3)[N+]([O-])=O)c(Oc3ccc4[nH]ccc4c3)c2)=C(C1)c1ccc(Cl)cc1 |c:58|,Ki, 0.83,nM,324948,,,False
CC%11(C)CC(c1ccc(Cl)cc1)=C%10CN9CCN(c8ccc(C(=O)NS(=O)(=O)c4ccc(NC[C@@H]3CC[C@@H](N2CCOCC2)CC3)c([N+](=O)[O-])c4)c(N7CCCOc6nc5[nH]ccc5cc67)c8)C[C@H]9COCCCO[C@@H]%10C%11,Ki, 0.833,nM,1406238,,,False
CC1(C)CC(c2ccc(Cl)cc2)=C2CN3CCN(c4ccc(C(=O)NS(=O)(=O)c5ccc(NCC6CCC(N7CCOCC7)CC6)c([N+](=O)[O-])c5)c(N5CCCOc6nc7[nH]ccc7cc65)c4)C[C@H]3COCCCO[C@@H]2C1,Ki, 0.833,nM,1498009,,,False
CC1(C)CCC(=C(CN2CCN(CC2)c2ccc(C(=O)NS(=O)(=O)c3ccc(NCCCN4CCOCC4)c(c3)[N+]([O-])=O)c(Oc3ccccc3)c2)C1)c1ccc(Cl)cc1 |t:5|,Ki, 0.847,nM,324757,,,False
CC1(C)CCC(CN2CCN(CC2)c2ccc(C(=O)NS(=O)(=O)c3ccc(NCC4CCOCC4)c(c3)[N+]([O-])=O)c(Oc3cnc4[nH]ccc4c3)c2)=C(C1)c1ccc(Cl)cc1,Ki, 0.860,nM,1303729,,,False
CC1(C)CCC(CN2CCN(CC2)c2ccc(C(=O)NS(=O)(=O)c3ccc(NCC4CCOCC4)c(c3)[N+]([O-])=O)c(Oc3cnc4[nH]ccc4c3)c2)=C(C1)c1ccc(Cl)cc1,Ki, 0.880,nM,1303731,,,False
CC1(C)C[C@H]2OCCCOC[C@@H]3CN(CCN3CC2=C(C1)c1ccc(Cl)cc1)c1ccc(C(=O)NS(=O)(=O)c2ccc(NC[C@H]3CC[C@H](O)CO3)c(c2)[N+]([O-])=O)c(c1)N1CCCOc2nc3[nH]ccc3cc12,Ki, 0.888000,nM,51565552,,,False
CC%10(C)CC(c1ccc(Cl)cc1)=C9CN8CCN(c7ccc(C(=O)NS(=O)(=O)c3cnc(NC[C@H]2CC[C@H](O)CO2)c([N+](=O)[O-])c3)c(N6CCCOc5nc4[nH]ccc4cc56)c7)C[C@H]8COCCCO[C@@H]9C%10,Ki, 0.888,nM,1406206,,,False
"[H][C@@]12CN(CCN1CC1=C(CC(C)(C)C[C@@]1([H])OCCCOC2)c1ccc(Cl)cc1)c1ccc(C(=O)NS(=O)(=O)c2ccc(NC[C@H]3CC[C@H](O)CO3)c(c2)[N+]([O-])=O)c(c1)N1CCCOc2nc3[nH]ccc3cc12 |r,t:9|",Ki, 0.888,nM,1497977,,,False
CC1(C)CCC(CN2CCN(CC2)c2ccc(C(=O)NS(=O)(=O)c3cnc(NCC4CCOCC4)c(c3)C#N)c(Oc3cnc4[nH]ccc4c3)c2)=C(C1)c1ccc(Cl)cc1,Ki, 0.895,nM,704698,,,False
CC1(C)CCC(CN2CCN(CC2)c2ccc(C(=O)NS(=O)(=O)c3cnc(NCC4CCOCC4)c(c3)C#N)c(Oc3cnc4[nH]ccc4c3)c2)=C(C1)c1ccc(Cl)cc1,Ki, 0.895,nM,1372837,,,False
CC1(C)CCC(CN2CCN(CC2)c2ccc(C(=O)NS(=O)(=O)c3cnc(NCC4CCOCC4)c(c3)C#N)c(Oc3cnc4[nH]ccc4c3)c2)=C(C1)c1ccc(Cl)cc1 |c:56|,Ki, 0.895,nM,339655,,,False
CC1(C)CCC(CN2CCN(CC2)c2ccc(C(=O)NS(=O)(=O)c3cnc(NCC4CCOCC4)c(c3)C#N)c(Oc3cnc4[nH]ccc4c3)c2)=C(C1)c1ccc(Cl)cc1,Ki, 0.895,nM,1180044,,,False
CC1(C)CCC(CN2CCN(CC2)c2ccc(C(=O)NS(=O)(=O)c3ccc(NCC4CCOCC4)c(c3)[N+]([O-])=O)c(Oc3cnc4[nH]ccc4c3)c2)=C(C1)c1ccc(Cl)cc1,Ki, 0.900,nM,1303723,,,False
CN(C)CCc1ccccc1Oc1cc(ccc1C(=O)NS(=O)(=O)c1ccc(NCC2CCOCC2)c(c1)[N+]([O-])=O)N1CCN(Cc2ccccc2-c2ccc(Cl)cc2)CC1,Ki, 0.903,nM,281362,,,False
CN(C)CCc1ccccc1Oc1cc(ccc1C(=O)NS(=O)(=O)c1ccc(NCC2CCOCC2)c(c1)[N+]([O-])=O)N1CCN(Cc2ccccc2-c2ccc(Cl)cc2)CC1,Ki, 0.903,nM,387608,,,False
CC1(C)CCC(CN2CCN(CC2)c2ccc(C(=O)NS(=O)(=O)c3ccc(NC[C@H]4CCCO4)c(c3)[N+]([O-])=O)c(Oc3ccc4[nH]ccc4c3)c2)=C(C1)c1ccc(Cl)cc1 |c:56|,Ki, 0.904,nM,325074,,,False
CC1(C)CCC(CN2CCN(CC2)c2ccc(C(=O)NS(=O)(=O)c3ccc(NC[C@@H]4CCCOC4)c(c3)[N+]([O-])=O)c(Oc3ccc4[nH]ccc4c3)c2)=C(C1)c1ccc(Cl)cc1,Ki, 0.912,nM,1179874,,,False
CC1(C)CCC(CN2CCN(CC2)c2ccc(C(=O)NS(=O)(=O)c3ccc(NC[C@@H]4CCCOC4)c(c3)[N+]([O-])=O)c(Oc3ccc4[nH]ccc4c3)c2)=C(C1)c1ccc(Cl)cc1 |c:57|,Ki, 0.912,nM,339572,,,False
CC1(C)CCC(CN2CCN(CC2)c2ccc(C(=O)NS(=O)(=O)c3ccc(NC(CO)C4CCOCC4)c(c3)[N+]([O-])=O)c(Oc3cc4cc[nH]c4cc3F)c2)=C(C1)c1ccc(Cl)cc1,Ki, 0.912,nM,387815,,,False
CC1(C)CCC(CN2CCN(CC2)c2ccc(C(=O)NS(=O)(=O)c3ccc(NC[C@@H]4CCCOC4)c(c3)[N+]([O-])=O)c(Oc3ccc4[nH]ccc4c3)c2)=C(C1)c1ccc(Cl)cc1,Ki, 0.912,nM,1372752,,,False
CC1(C)CCC(CN2CCN(CC2)c2ccc(C(=O)NS(=O)(=O)c3ccc(NC(CO)C4CCOCC4)c(c3)[N+]([O-])=O)c(Oc3cc4cc[nH]c4cc3F)c2)=C(C1)c1ccc(Cl)cc1 |c:60|,Ki, 0.912,nM,281565,,,False
CC1(C)CCC(CN2CCN(CC2)c2ccc(C(=O)NS(=O)(=O)c3ccc(NC[C@@H]4CCCOC4)c(c3)[N+]([O-])=O)c(Oc3ccc4[nH]ccc4c3)c2)=C(C1)c1ccc(Cl)cc1,Ki, 0.912,nM,704613,,,False
CC1(C)CCC(CN2CCN(CC2)c2ccc(C(=O)NS(=O)(=O)c3ccc(NC4CCN(Cc5cscn5)CC4)c(c3)[N+]([O-])=O)c(Oc3ccc4[nH]ccc4c3)c2)=C(C1)c1ccc(Cl)cc1 |c:63|,Ki, 0.918,nM,324939,,,False
CC1(C)CCC(CN2CCN(CC2)c2ccc(C(=O)NS(=O)(=O)c3cnc(OCC4CCOCC4)c(c3)C(N)=O)c(Oc3cnc4[nH]ccc4c3)c2)=C(C1)c1ccc(Cl)cc1,Ki, 0.935,nM,704638,,,False
CC1(C)CCC(CN2CCN(CC2)c2ccc(C(=O)NS(=O)(=O)c3cnc(OCC4CCOCC4)c(c3)C(N)=O)c(Oc3cnc4[nH]ccc4c3)c2)=C(C1)c1ccc(Cl)cc1,Ki, 0.935,nM,1179924,,,False
CC1(C)CCC(CN2CCN(CC2)c2ccc(C(=O)NS(=O)(=O)c3cnc(OCC4CCOCC4)c(c3)C(N)=O)c(Oc3cnc4[nH]ccc4c3)c2)=C(C1)c1ccc(Cl)cc1 |c:57|,Ki, 0.935,nM,339597,,,False
CC1(C)CCC(CN2CCN(CC2)c2ccc(C(=O)NS(=O)(=O)c3cnc(OCC4CCOCC4)c(c3)C(N)=O)c(Oc3cnc4[nH]ccc4c3)c2)=C(C1)c1ccc(Cl)cc1,Ki, 0.935,nM,1372777,,,False
"CC1(C)C[C@H]2OCCCOC[C@@H]3CN(CCN3CC2=C(C1)c1ccc(Cl)cc1)c1ccc(C(=O)NS(=O)(=O)c2cnc(OC[C@]3(F)CC[C@@H](CC3)N3CCOCC3)c(Cl)c2)c(c1)N1CCCOc2nc3[nH]ccc3cc12 |r,wU:11.16,44.47,48.55,wD:4.3,44.48,c:20,(-1.6,-12.45,;-2.93,-11.68,;-2.53,-13.17,;-2.16,-10.35,;-2.93,-9.02,;-2.16,-7.68,;-.62,-8.29,;.86,-7.89,;.86,-6.35,;-.47,-5.58,;-1.8,-6.35,;-3.14,-5.58,;-3.14,-4.04,;-4.47,-3.27,;-5.81,-4.04,;-5.81,-5.58,;-4.47,-6.35,;-5.24,-7.68,;-4.47,-9.02,;-5.24,-10.35,;-4.47,-11.68,;-6.78,-10.35,;-7.55,-9.02,;-9.09,-9.02,;-9.86,-10.35,;-11.4,-10.35,;-9.09,-11.68,;-7.55,-11.68,;-4.47,-1.73,;-3.14,-.96,;-3.14,.58,;-4.47,1.35,;-4.47,2.89,;-5.81,3.66,;-3.14,3.66,;-3.14,5.2,;-3.54,6.69,;-4.63,5.6,;-1.8,5.97,;-.47,5.2,;.86,5.97,;.86,7.51,;2.2,8.28,;3.53,7.51,;4.86,8.28,;4.86,6.74,;6.24,7.58,;7.53,8.42,;7.45,9.96,;6.07,10.66,;4.78,9.82,;8.74,10.8,;10.11,10.1,;11.4,10.94,;11.32,12.47,;9.95,13.17,;8.66,12.33,;-.47,8.28,;-.47,9.82,;-1.8,7.51,;-5.81,.58,;-5.81,-.96,;-7.14,1.35,;-7.13,2.89,;-8.33,3.86,;-9.83,3.52,;-10.51,2.14,;-9.85,.75,;-10.9,-.38,;-10.45,-1.85,;-11.25,-3.17,;-10.24,-4.33,;-8.82,-3.74,;-8.95,-2.2,;-7.9,-1.08,;-8.35,.4,)|",Ki, 0.936,nM,1497975,,,False
CC1(C)C[C@H]2OCCCOC[C@@H]3CN(CCN3CC2=C(C1)c1ccc(Cl)cc1)c1ccc(C(=O)NS(=O)(=O)c2cnc(OC[C@]3(F)CC[C@@H](CC3)N3CCOCC3)c(Cl)c2)c(c1)N1CCCOc2nc3[nH]ccc3cc12,Ki, 0.936,nM,1406204,,,False
CC1(C)CCC(CN2CCN(CC2)c2ccc(C(=O)NS(=O)(=O)c3ccc(NCC4CCOCC4)c(c3)[N+]([O-])=O)c(Oc3cncc(Br)c3)c2)=C(C1)c1ccc(Cl)cc1 |c:54|,Ki, 0.936,nM,281598,,,False
CC1(C)CCC(CN2CCN(CC2)c2ccc(C(=O)NS(=O)(=O)c3ccc(NCC4CCOCC4)c(c3)[N+]([O-])=O)c(Oc3cncc(Br)c3)c2)=C(C1)c1ccc(Cl)cc1,Ki, 0.936,nM,387849,,,False
CCOC(=O)N1CCN(CC1)c1ccc(cc1[N+]([O-])=O)S(=O)(=O)NC(=O)c1ccc(cc1Oc1cnc2[nH]ccc2c1)N1CCN(CC2=C(CC(C)(C)CC2)c2ccc(Cl)cc2)CC1 |t:52|,Ki, 0.938,nM,339766,,,False
CCOC(=O)N1CCN(CC1)c1ccc(cc1[N+]([O-])=O)S(=O)(=O)NC(=O)c1ccc(cc1Oc1cnc2[nH]ccc2c1)N1CCN(CC2=C(CC(C)(C)CC2)c2ccc(Cl)cc2)CC1,Ki, 0.938,nM,704814,,,False
CCOC(=O)N1CCN(CC1)c1ccc(cc1[N+]([O-])=O)S(=O)(=O)NC(=O)c1ccc(cc1Oc1cnc2[nH]ccc2c1)N1CCN(CC2=C(CC(C)(C)CC2)c2ccc(Cl)cc2)CC1,Ki, 0.938,nM,1179899,,,False
CCOC(=O)N1CCN(CC1)c1ccc(cc1[N+]([O-])=O)S(=O)(=O)NC(=O)c1ccc(cc1Oc1cnc2[nH]ccc2c1)N1CCN(CC2=C(CC(C)(C)CC2)c2ccc(Cl)cc2)CC1,Ki, 0.938,nM,1372953,,,False
CC1(C)CCC(CN2CCN(CC2)c2ccc(C(=O)NS(=O)(=O)c3ccc(NCC4CCOCC4)c(c3)[N+]([O-])=O)c(Oc3ccccc3-c3cccnc3N)c2)=C(C1)c1ccc(Cl)cc1 |c:61|,Ki, 0.946,nM,281730,,,False
CC1(C)CCC(CN2CCN(CC2)c2ccc(C(=O)NS(=O)(=O)c3ccc(NCC4CCOCC4)c(c3)[N+]([O-])=O)c(Oc3ccccc3-c3cccnc3N)c2)=C(C1)c1ccc(Cl)cc1,Ki, 0.946,nM,387982,,,False
CC1(C)CCC(CN2CCN(CC2)c2ccc(C(=O)NS(=O)(=O)c3ccc(NCCC(F)(F)F)c(c3)[N+]([O-])=O)c(Oc3cccc4[nH]ccc34)c2)=C(C1)c1ccc(Cl)cc1 |c:55|,Ki, 0.949,nM,325027,,,False
[O-][N+](=O)c1cc(ccc1NCCCN1CCOCC1)S(=O)(=O)NC(=O)c1ccc(cc1Oc1cccc(c1)-c1ccncc1)N1CCN(Cc2ccccc2-c2ccc(Cl)cc2)CC1,Ki, 0.959,nM,281431,,,False
[O-][N+](=O)c1cc(ccc1NCCCN1CCOCC1)S(=O)(=O)NC(=O)c1ccc(cc1Oc1cccc(c1)-c1ccncc1)N1CCN(Cc2ccccc2-c2ccc(Cl)cc2)CC1,Ki, 0.959,nM,387677,,,False
[O-][N+](=O)c1cc(ccc1NCCn1ccnn1)S(=O)(=O)NC(=O)c1ccc(cc1Oc1ccccc1)N1CCN(Cc2ccccc2-c2ccc(Cl)cc2)CC1,Ki, 0.963,nM,324878,,,False
[O-][N+](=O)c1cc(ccc1NCCc1ccncc1)S(=O)(=O)NC(=O)c1ccc(cc1Oc1ccccc1)N1CCN(Cc2ccccc2-c2ccc(Cl)cc2)CC1,Ki, 0.97,nM,324881,,,False
C[C@@H]%10CO[C@@H](COc9ccc(S(=O)(=O)NC(=O)c5ccc(N4CCN3CC2=C(c1ccc(Cl)cc1)CC(C)(C)C[C@H]2OCCCOC[C@@H]3C4)cc5N8CCCOc7nc6[nH]ccc6cc78)cc9[N+](=O)[O-])CO%10,Ki, 0.977,nM,1406222,,,False
C[C@@H]1COC(COc2ccc(S(=O)(=O)NC(=O)c3ccc(N4CCN5CC6=C(c7ccc(Cl)cc7)CC(C)(C)C[C@H]6OCCCOC[C@@H]5C4)cc3N3CCCOc4nc5[nH]ccc5cc43)cc2[N+](=O)[O-])CO1,Ki, 0.977,nM,1497993,,,False
CC1(C)CCC(CN2CCN(CC2)c2ccc(C(=O)NS(=O)(=O)c3ccc(OCC4(F)CCOCC4)c(c3)S(=O)(=O)C(F)(F)F)c(Oc3cnc4[nH]ccc4c3)c2)=C(C1)c1ccc(Cl)cc1 |c:62|,Ki, 0.988,nM,339764,,,False
CC1(C)CCC(CN2CCN(CC2)c2ccc(C(=O)NS(=O)(=O)c3ccc(OCC4(F)CCOCC4)c(c3)S(=O)(=O)C(F)(F)F)c(Oc3cnc4[nH]ccc4c3)c2)=C(C1)c1ccc(Cl)cc1,Ki, 0.988,nM,1372951,,,False
CC1(C)CCC(CN2CCN(CC2)c2ccc(C(=O)NS(=O)(=O)c3ccc(OCC4(F)CCOCC4)c(c3)S(=O)(=O)C(F)(F)F)c(Oc3cnc4[nH]ccc4c3)c2)=C(C1)c1ccc(Cl)cc1,Ki, 0.988,nM,1179895,,,False
CC1(C)CCC(CN2CCN(CC2)c2ccc(C(=O)NS(=O)(=O)c3ccc(OCC4(F)CCOCC4)c(c3)S(=O)(=O)C(F)(F)F)c(Oc3cnc4[nH]ccc4c3)c2)=C(C1)c1ccc(Cl)cc1,Ki, 0.988,nM,704812,,,False
CN(C)CC[C@H](CSc1ccccc1)Nc1ccc(cc1[N+]([O-])=O)S(=O)(=O)NC(=O)c1ccc(cc1)N1CCN(Cc2ccccc2-c2ccc(Cl)cc2)CC1,Ki, 1.000000,nM,50521610,,,False
CC1(C)CCC(CN2CCN(CC2)c2ccc(C(=O)NS(=O)(=O)c3ccc(NCC4CCOCC4)c(c3)N(=O)=O)c(Oc3cnc4[nH]ccc4c3)c2)=C(C1)c1ccc(Cl)cc1,Ki,<1.000000,nM,50527950,,,False
CN(C)CC[C@H](CSc1ccccc1)Nc1ccc(cc1[N+]([O-])=O)S(=O)(=O)NC(=O)c1ccc(cc1)N1CCN(Cc2ccccc2-c2ccc(Cl)cc2)CC1,Ki,<1.000000,nM,50887429,,,False
COC1(Cc2ccccc2Cl)CCN(CC1)c1ccc(cc1)C(=O)NS(=O)(=O)c1ccc(N[C@H](CCN(C)C)CSc2ccccc2)c(c1)[N+]([O-])=O |r|,Ki,<1,nM,38802,,,False
CC1(C)CCC(CN2CCN(CC2)c2ccc(C(=O)NS(=O)(=O)c3ccc(NCC4CCOCC4)c(c3)N(=O)=O)c(Oc3cnc4[nH]ccc4c3)c2)=C(C1)c1ccc(Cl)cc1,Ki,<1.000000,nM,51439171,,,False
CN(C)CC[C@H](CSc1ccccc1)Nc1ccc(cc1[N+]([O-])=O)S(=O)(=O)NC(=O)c1ccc(cc1)N1CCN(Cc2ccccc2-c2ccc(Cl)cc2)CC1,Ki,<1.000000,nM,51122010,,,False
CC(C)n1c(C)c(c(c1-c1ccc(Cl)cc1)-c1cc(F)cc(c1)N1CCN(CC1)c1ccc(NS(=O)(=O)c2ccc(N[C@H](CCN3CCC(O)CC3)CSc3ccccc3)c(c2)S(=O)(=O)C(F)(F)F)cc1)S(C)(=O)=O,Ki,<1.000000,nM,50887454,,,False
CC1(C)CCC(=C(CN2CCN(CC2)c2ccc(cc2)C(=O)NS(=O)(=O)c2ccc(N[C@H](CCN3CCOCC3)CSc3ccccc3)c(c2)S(=O)(=O)C(F)(F)F)C1)c1ccc(Cl)cc1,Ki,<1.000000,nM,50490133,,,False
COC1(Cc2ccccc2-c2ccccc2)CCN(CC1)c1ccc(cc1)C(=O)NS(=O)(=O)c1ccc(N[C@H](CCN(C)C)CSc2ccccc2)c(c1)[N+]([O-])=O |r|,Ki,<1,nM,38809,,,False
COC1(Cc2ccc(cc2)-c2ccccc2)CCN(CC1)c1ccc(cc1)C(=O)NS(=O)(=O)c1ccc(N[C@H](CCN(C)C)CSc2ccccc2)c(c1)[N+]([O-])=O |r|,Ki,<1,nM,38810,,,False
CC1(C)CCC(=C(CN2CCN(CC2)c2ccc(cc2)C(=O)NS(=O)(=O)c2ccc(N[C@H](CCN3CCOCC3)CSc3ccccc3)c(c2)S(=O)(=O)C(F)(F)F)C1)c1ccc(Cl)cc1,Ki,<1.000000,nM,51031081,,,False
[#6]-[#7](-[#6])-[#6]-[#6]-[#6@H](-[#6]-[#16]-c1ccccc1)-[#7]-c1ccc(cc1-[#7+](-[#8-])=O)S(=O)(=O)[#7]-[#6](=O)-c1ccc(cc1)-[#7]-1-[#6]-[#6]\[#6](-[#6]-[#6]-1)=[#6]/c1ccccc1-c1ccccc1 |r|,Ki,<1,nM,38820,,,False
CN(C)CC[C@H](CSc1ccccc1)Nc1ccc(cc1[N+]([O-])=O)S(=O)(=O)NC(=O)c1ccc(cc1)N1CCN(Cc2ccccc2C(F)(F)F)CC1 |r|,Ki,<1,nM,38822,,,False
CSc1ccccc1CN1CCN(CC1)c1ccc(cc1)C(=O)NS(=O)(=O)c1ccc(N[C@H](CCN(C)C)CSc2ccccc2)c(c1)[N+]([O-])=O |r|,Ki,<1,nM,38824,,,False
CN(C)CC[C@H](CSc1ccccc1)Nc1ccc(cc1[N+]([O-])=O)S(=O)(=O)NC(=O)c1ccc(cc1)N1CCN(Cc2ccccc2N2CCOCC2)CC1 |r|,Ki,<1,nM,38827,,,False
CN(C)CC[C@H](CSc1ccccc1)Nc1ccc(cc1[N+]([O-])=O)S(=O)(=O)NC(=O)c1ccc(cc1)N1CCN(Cc2ccccc2C2CCCCC2)CC1 |r|,Ki,<1,nM,38828,,,False
CN(C)CC[C@H](CSc1ccccc1)Nc1ccc(cc1[N+]([O-])=O)S(=O)(=O)NC(=O)c1ccc(cc1)N1CCN(Cc2ccccc2-c2ccccc2)CC1 |r|,Ki,<1,nM,38829,,,False
CN(C)CC[C@H](CSc1ccccc1)Nc1ccc(cc1[N+]([O-])=O)S(=O)(=O)NC(=O)c1ccc(cc1)N1CCN(Cc2ccccc2-c2cccnc2)CC1 |r|,Ki, 1.0,nM,38830,,,False
CC1(C)CCC(=C(CN2CCN(CC2)c2ccc(cc2)C(=O)NS(=O)(=O)c2ccc(N[C@H](CCN3CCOCC3)CSc3ccccc3)c(c2)S(=O)(=O)C(F)(F)F)C1)c1ccc(Cl)cc1,Ki,<1.000000,nM,51288544,,,False
COc1cccc(c1)-c1ccccc1CN1CCN(CC1)c1ccc(cc1)C(=O)NS(=O)(=O)c1ccc(N[C@H](CCN(C)C)CSc2ccccc2)c(c1)[N+]([O-])=O |r|,Ki,<1,nM,38831,,,False
COc1ccc(cc1)-c1ccccc1CN1CCN(CC1)c1ccc(cc1)C(=O)NS(=O)(=O)c1ccc(N[C@H](CCN(C)C)CSc2ccccc2)c(c1)[N+]([O-])=O |r|,Ki,<1,nM,38832,,,False
CN(C)CC[C@H](CSc1ccccc1)Nc1ccc(cc1[N+]([O-])=O)S(=O)(=O)NC(=O)c1ccc(cc1)N1CCN(Cc2ccccc2-c2ccccc2Cl)CC1 |r|,Ki,<1,nM,38833,,,False
CN(C)CC[C@H](CSc1ccccc1)Nc1ccc(cc1[N+]([O-])=O)S(=O)(=O)NC(=O)c1ccc(cc1)N1CCN(Cc2ccccc2-c2ccc(Cl)cc2)CC1 |r|,Ki,<1,nM,38835,,,False
CC(C)n1c(C)c(c(c1-c1ccc(Cl)cc1)-c1cc(F)cc(c1)N1CCN(CC1)c1ccc(NS(=O)(=O)c2ccc(N[C@H](CCN3CCC(CC3)C(=O)OCCCP(O)(O)=O)CSc3ccccc3)c(c2)S(=O)(=O)C(F)(F)F)cc1)S(C)(=O)=O,Ki,<1.000000,nM,51462821,,,False
CN(C)CC[C@H](CSc1ccccc1)Nc1ccc(cc1[N+]([O-])=O)S(=O)(=O)NC(=O)c1ccc(cc1)N1CCN(Cc2ccccc2-c2ccc(cc2)-c2ccccc2)CC1 |r|,Ki,<1,nM,38836,,,False
CN(C)CC[C@H](CSc1ccccc1)Nc1ccc(cc1[N+]([O-])=O)S(=O)(=O)NC(=O)c1ccc(cc1)N1CCN(Cc2ccccc2-c2ccc(F)cc2)CC1 |r|,Ki,<1,nM,38837,,,False
CN(C)CC[C@H](CSc1ccccc1)Nc1ccc(cc1[N+]([O-])=O)S(=O)(=O)NC(=O)c1ccc(cc1)N1CCN(Cc2ccccc2-c2ccc(cc2)C(F)(F)F)CC1 |r|,Ki,<1,nM,38838,,,False
CN(C)CC[C@H](CSc1ccccc1)Nc1ccc(cc1[N+]([O-])=O)S(=O)(=O)NC(=O)c1ccc(cc1)N1CCN(Cc2ccccc2-c2ccc(cc2)S(C)(=O)=O)CC1 |r|,Ki,<1,nM,38839,,,False
CC(C)n1c(C)c(c(c1-c1ccc(Cl)cc1)-c1cc(F)cc(c1)N1CCN(CC1)c1ccc(NS(=O)(=O)c2ccc(N[C@H](CCN3CCC(O)CC3)CSc3ccccc3)c(c2)S(=O)(=O)C(F)(F)F)cc1)S(C)(=O)=O,Ki,<1.000000,nM,51288567,,,False
CN(C)CC[C@H](CSc1ccccc1)Nc1ccc(cc1[N+]([O-])=O)S(=O)(=O)NC(=O)c1ccc(cc1)N1CCN(Cc2ccccc2-c2ccc(Cl)cc2)CC1,Ki, 1.000000,nM,51039668,,,False
CC1(C)CCC(CN2CCN(CC2)c2ccc(C(=O)NS(=O)(=O)c3ccc(NCC4CCOCC4)c(c3)[N+]([O-])=O)c(Oc3ccnc(N)c3)c2)=C(C1)c1ccc(Cl)cc1 |c:54|,Ki, 1.012,nM,281606,,,False
CC1(C)CCC(CN2CCN(CC2)c2ccc(C(=O)NS(=O)(=O)c3ccc(NCC4CCOCC4)c(c3)[N+]([O-])=O)c(Oc3ccnc(N)c3)c2)=C(C1)c1ccc(Cl)cc1,Ki, 1.012,nM,387857,,,False
CC1(C)CCC(CN2CCN(CC2)c2ccc(C(=O)NS(=O)(=O)c3ccc(NCC4CCOCC4)c(c3)[N+]([O-])=O)c(Oc3cnc4[nH]ccc4c3)c2)=C(C1)c1ccc(Cl)cc1,Ki, 1.03,nM,1303727,,,False
CC1(C)CCC(CN2CCN(CC2)c2ccc(C(=O)NS(=O)(=O)c3ccc(NC4CCN(CC4)C4CCOCC4)c(c3)[N+]([O-])=O)c(Oc3ccc4nc(N)sc4c3)c2)=C(C1)c1ccc(Cl)cc1 |c:64|,Ki, 1.047,nM,281557,,,False
CC1(C)CCC(CN2CCN(CC2)c2ccc(C(=O)NS(=O)(=O)c3ccc(NC4CCN(CC4)C4CCOCC4)c(c3)[N+]([O-])=O)c(Oc3ccc4nc(N)sc4c3)c2)=C(C1)c1ccc(Cl)cc1,Ki, 1.047,nM,387807,,,False
CC1(C)CCC(CN2CCN(CC2)c2ccc(C(=O)NS(=O)(=O)c3cnc(NCC4CCOCC4)c(c3)-c3nccs3)c(Oc3cccc4[nH]ccc34)c2)=C(C1)c1ccc(Cl)cc1 |c:60|,Ki, 1.077,nM,325069,,,False
CN1CCC(CC1)Nc1ccc(cc1[N+]([O-])=O)S(=O)(=O)NC(=O)c1ccc(cc1Oc1ccc2nc(N)sc2c1)N1CCN(CC2=C(CC(C)(C)CC2)c2ccc(Cl)cc2)CC1 |t:50|,Ki, 1.085,nM,281554,,,False
[O-][N+](=O)c1cc(ccc1NCCCN1CCOCC1)S(=O)(=O)NC(=O)c1ccc(cc1Oc1cccc2[nH]ccc12)N1CCN(Cc2ccccc2-c2ccc(Cl)cc2)CC1,Ki, 1.085,nM,324787,,,False
CN1CCC(CC1)Nc1ccc(cc1[N+]([O-])=O)S(=O)(=O)NC(=O)c1ccc(cc1Oc1ccc2nc(N)sc2c1)N1CCN(CC2=C(CC(C)(C)CC2)c2ccc(Cl)cc2)CC1,Ki, 1.085,nM,387804,,,False
CC1(C)CCC(CN2CCN(CC2)c2ccc(C(=O)NS(=O)(=O)c3ccc(OCC4CN(CCO4)C4CC4)c(Cl)c3)c(Oc3cnc4[nH]ccc4c3)c2)=C(C1)c1ccc(Cl)cc1 |c:59|,Ki, 1.086,nM,339871,,,False
CC1(C)CCC(CN2CCN(CC2)c2ccc(C(=O)NS(=O)(=O)c3ccc(NN4CCOCC4)c(c3)[N+]([O-])=O)c(Oc3ccc4[nH]ccc4c3)c2)=C(C1)c1ccc(Cl)cc1 |c:56|,Ki, 1.087,nM,324968,,,False
CC1(C)CCC(CN2CCN(CC2)c2ccc(C(=O)NS(=O)(=O)c3ccc(OCC4CN(CCO4)C4CC4)c(Cl)c3)c(Oc3cnc4[nH]ccc4c3)c2)=C(C1)c1ccc(Cl)cc1,Ki, 1.09,nM,1180114,,,False
CC1(C)CCC(CN2CCN(CC2)c2ccc(C(=O)NS(=O)(=O)c3ccc(OCC4CN(CCO4)C4CC4)c(Cl)c3)c(Oc3cnc4[nH]ccc4c3)c2)=C(C1)c1ccc(Cl)cc1,Ki, 1.09,nM,1373060,,,False
CC1(C)CCC(CN2CCN(CC2)c2ccc(C(=O)NS(=O)(=O)c3ccc(OCC4CN(CCO4)C4CC4)c(Cl)c3)c(Oc3cnc4[nH]ccc4c3)c2)=C(C1)c1ccc(Cl)cc1,Ki, 1.09,nM,704921,,,False
CC1(C)CCC(CN2CCN(CC2)c2ccc(C(=O)NS(=O)(=O)c3cc(F)c(F)c(OCC4(F)CCOCC4)c3)c(Oc3cnc4[nH]ccc4c3)c2)=C(C1)c1ccc(Cl)cc1,Ki, 1.10,nM,1373042,,,False
CC1(C)CCC(CN2CCN(CC2)c2ccc(C(=O)NS(=O)(=O)c3cc(F)c(F)c(OCC4(F)CCOCC4)c3)c(Oc3cnc4[nH]ccc4c3)c2)=C(C1)c1ccc(Cl)cc1,Ki, 1.10,nM,1180078,,,False
CC1(C)CCC(CN2CCN(CC2)c2ccc(C(=O)NS(=O)(=O)c3cc(F)c(F)c(OCC4(F)CCOCC4)c3)c(Oc3cnc4[nH]ccc4c3)c2)=C(C1)c1ccc(Cl)cc1,Ki, 1.10,nM,704903,,,False
CC1(C)CCC(CN2CCN(CC2)c2ccc(C(=O)NS(=O)(=O)c3cc(F)c(F)c(OCC4(F)CCOCC4)c3)c(Oc3cnc4[nH]ccc4c3)c2)=C(C1)c1ccc(Cl)cc1 |c:57|,Ki, 1.102,nM,339853,,,False
CC1(C)CCC(CN2CCN(CC2)c2ccc(C(=O)NS(=O)(=O)c3cccc(c3)C(=O)NCC3CCOCC3)c(Oc3ccc4[nH]ccc4c3)c2)=C(C1)c1ccc(Cl)cc1 |c:56|,Ki, 1.146,nM,325049,,,False
CC1(C)CCC(CN2CCN(CC2)c2ccc(C(=O)NS(=O)(=O)c3ccc(NN4CCOCC4)c(c3)[N+]([O-])=O)c(Oc3cc4cc[nH]c4cc3F)c2)=C(C1)c1ccc(Cl)cc1,Ki, 1.147,nM,387827,,,False
CC1(C)CCC(CN2CCN(CC2)c2ccc(C(=O)NS(=O)(=O)c3ccc(NN4CCOCC4)c(c3)[N+]([O-])=O)c(Oc3cc4cc[nH]c4cc3F)c2)=C(C1)c1ccc(Cl)cc1 |c:57|,Ki, 1.147,nM,281577,,,False
CC1(C)CCC(CN2CCN(CC2)c2ccc(C(=O)NS(=O)(=O)c3ccc(cc3)S(C)(=O)=O)c(Oc3ccc4[nH]ccc4c3)c2)=C(C1)c1ccc(Cl)cc1 |c:49|,Ki, 1.15,nM,325085,,,False
CC1(C)CCC(CN2CCN(CC2)c2ccc(C(=O)NS(=O)(=O)c3cnc(OCC4CCOCC4)c(c3)C#C)c(Oc3cnc4[nH]ccc4c3)c2)=C(C1)c1ccc(Cl)cc1 |c:56|,Ki, 1.157,nM,339620,,,False
CC1(C)CCC(CN2CCN(CC2)c2ccc(C(=O)NS(=O)(=O)c3cnc(OCC4CCOCC4)c(c3)C#C)c(Oc3cnc4[nH]ccc4c3)c2)=C(C1)c1ccc(Cl)cc1,Ki, 1.16,nM,1179970,,,False
CC1(C)CCC(CN2CCN(CC2)c2ccc(C(=O)NS(=O)(=O)c3cnc(OCC4CCOCC4)c(c3)C#C)c(Oc3cnc4[nH]ccc4c3)c2)=C(C1)c1ccc(Cl)cc1,Ki, 1.16,nM,1372800,,,False
CC1(C)CCC(CN2CCN(CC2)c2ccc(C(=O)NS(=O)(=O)c3ccc(NCC4CCOCC4)c(c3)[N+]([O-])=O)c(Oc3ccccc3-c3ccn[nH]3)c2)=C(C1)c1ccc(Cl)cc1 |c:59|,Ki, 1.16,nM,281731,,,False
CC1(C)CCC(CN2CCN(CC2)c2ccc(C(=O)NS(=O)(=O)c3ccc(NCC4CCOCC4)c(c3)[N+]([O-])=O)c(Oc3ccccc3-c3ccn[nH]3)c2)=C(C1)c1ccc(Cl)cc1,Ki, 1.16,nM,387983,,,False
CC1(C)CCC(CN2CCN(CC2)c2ccc(C(=O)NS(=O)(=O)c3cnc(OCC4CCOCC4)c(c3)C#C)c(Oc3cnc4[nH]ccc4c3)c2)=C(C1)c1ccc(Cl)cc1,Ki, 1.16,nM,704661,,,False
CC1(C)CCC(CN2CCN(CC2)c2ccc(C(=O)NS(=O)(=O)c3cnc(OCC4CCOCC4)c(c3)S(C)(=O)=O)c(Oc3cnc4[nH]ccc4c3)c2)=C(C1)c1ccc(Cl)cc1,Ki, 1.19,nM,704811,,,False
CC1(C)CCC(CN2CCN(CC2)c2ccc(C(=O)NS(=O)(=O)c3cnc(OCC4CCOCC4)c(c3)S(C)(=O)=O)c(Oc3cnc4[nH]ccc4c3)c2)=C(C1)c1ccc(Cl)cc1,Ki, 1.19,nM,1372950,,,False
CC1(C)CCC(CN2CCN(CC2)c2ccc(C(=O)NS(=O)(=O)c3cnc(OCC4CCOCC4)c(c3)S(C)(=O)=O)c(Oc3cnc4[nH]ccc4c3)c2)=C(C1)c1ccc(Cl)cc1,Ki, 1.19,nM,1179893,,,False
CC1(C)CCC(CN2CCN(CC2)c2ccc(C(=O)NS(=O)(=O)c3cnc(OCC4CCOCC4)c(c3)S(C)(=O)=O)c(Oc3cnc4[nH]ccc4c3)c2)=C(C1)c1ccc(Cl)cc1 |c:58|,Ki, 1.192,nM,339763,,,False
CC1(C)CCC(CN2CCN(CC2)c2ccc(C(=O)NS(=O)(=O)c3ccc(NCCCN4CCCC4)c(c3)[N+]([O-])=O)c(Oc3cccc4[nH]ccc34)c2)=C(C1)c1ccc(OC(F)(F)F)cc1 |c:58|,Ki, 1.192,nM,324797,,,False
CNC(=O)c1c(c(cn1C)-c1ccc(Cl)cc1)-c1cccc(c1)N1CCN(CC1)c1ccc(NS(=O)(=O)c2ccc(N[C@H](CCN(C)C)CSc3ccccc3)c(c2)[N+]([O-])=O)cc1,Ki, 1.2,nM,50947898,,,False
CC1(C)CCC(CN2CCN(CC2)c2ccc(C(=O)NS(=O)(=O)c3ccc(NCC4CCOCC4)c(c3)N(=O)=O)c(Oc3cnc4[nH]ccc4c3)c2)=C(C1)c1ccc(Cl)cc1,Ki, 1.2,nM,51462828,,,False
CC1(C)CCC(CN2CCN(CC2)c2ccc(C(=O)NS(=O)(=O)c3ccc(NCC4CCOCC4)c(c3)[N+]([O-])=O)c(Oc3cnc4[nH]ccc4c3)c2)=C(C1)c1ccc(Cl)cc1,Ki, 1.20,nM,1303725,,,False
CCn1c(C)c(C(O)=O)c(c1-c1ccc(Cl)cc1)-c1cccc(c1)N1CCN(CC1)c1ccc(NS(=O)(=O)c2ccc(N[C@H](CCN3CCC(O)CC3)CSc3ccccc3)c(c2)S(=O)(=O)C(F)(F)F)cc1,Ki, 1.2,nM,50969063,,,False
COc1ccc(cc1)C1=C(CN2CCN(CC2)c2ccc(C(=O)NS(=O)(=O)c3ccc(NCCCN4CCCC4)c(c3)[N+]([O-])=O)c(Oc3cccc4[nH]ccc34)c2)CCC(C)(C)C1 |c:9|,Ki, 1.227,nM,324795,,,False
CC1(C)CCC(CN2CCN(CC2)c2ccc(C(=O)NS(=O)(=O)c3ccc(NC4CCN(CC4)C4CCOCC4)c(c3)[N+]([O-])=O)c(Oc3cccnc3)c2)=C(C1)c1ccc(Cl)cc1 |c:59|,Ki, 1.233,nM,325101,,,False
CC1(C)CCC(CN2CCN(CC2)c2ccc(C(=O)NS(=O)(=O)c3ccc(NCC4CCOCC4)c(c3)[N+]([O-])=O)c(Oc3ccc(N)nc3)c2)=C(C1)c1ccc(Cl)cc1,Ki, 1.24,nM,387847,,,False
CC1(C)CCC(CN2CCN(CC2)c2ccc(C(=O)NS(=O)(=O)c3ccc(NCC4CCOCC4)c(c3)[N+]([O-])=O)c(Oc3ccc(N)nc3)c2)=C(C1)c1ccc(Cl)cc1 |c:54|,Ki, 1.24,nM,281596,,,False
CC1(C)CCC(CN2CCN(CC2)c2ccc(C(=O)NS(=O)(=O)c3ccc(NCCC#N)c(c3)[N+]([O-])=O)c(Oc3cccc4[nH]ccc34)c2)=C(C1)c1ccc(Cl)cc1 |c:53|,Ki, 1.243,nM,325026,,,False
CC1(C)CCC(CN2CCN(CC2)c2ccc(C(=O)NS(=O)(=O)c3ccc(NCCCN4CCCC4)c(c3)[N+]([O-])=O)c(Oc3cccc4[nH]ccc34)c2)=C(C1)c1ccc(cc1)C(F)(F)F |c:58|,Ki, 1.245,nM,324796,,,False
Oc1ccc(cc1)N(C(=O)c1cc(-c2cc3OCOc3cc2C(=O)N2Cc3ccccc3C[C@H]2CN2CCOCC2)n2CCCCc12)c1ccccc1,Ki, 1.3,nM,51462829,,,False
Oc1ccc(cc1)N(C(=O)c1cc(-c2cc3OCOc3cc2C(=O)N2Cc3ccccc3C[C@H]2CN2CCOCC2)n2CCCCc12)c1ccccc1,Ki, 1.3,nM,51288563,,,False
CN(C)CCCc1ccccc1Oc1cc(ccc1C(=O)NS(=O)(=O)c1ccc(NCC2CCOCC2)c(c1)[N+]([O-])=O)N1CCN(Cc2ccccc2-c2ccc(Cl)cc2)CC1,Ki, 1.326,nM,387607,,,False
CN(C)CCCc1ccccc1Oc1cc(ccc1C(=O)NS(=O)(=O)c1ccc(NCC2CCOCC2)c(c1)[N+]([O-])=O)N1CCN(Cc2ccccc2-c2ccc(Cl)cc2)CC1,Ki, 1.326,nM,281361,,,False
CC1(C)CCC(CN2CCN(CC2)c2ccc(C(=O)NS(=O)(=O)c3ccc(OCC4CCOCC4)c(c3)C(N)=O)c(Oc3ccc4[nH]ccc4c3)c2)=C(C1)c1ccc(Cl)cc1 |c:57|,Ki, 1.336,nM,325061,,,False
CN1CCN(CC1)Nc1ccc(cc1S(=O)(=O)C(F)(F)F)S(=O)(=O)NC(=O)c1ccc(cc1Oc1ccc(O)cc1Cl)N1CCN(CC2=C(CC(C)(C)CC2)c2ccc(Cl)cc2)CC1 |t:51|,Ki, 1.338,nM,281538,,,False
CN1CCN(CC1)Nc1ccc(cc1S(=O)(=O)C(F)(F)F)S(=O)(=O)NC(=O)c1ccc(cc1Oc1ccc(O)cc1Cl)N1CCN(CC2=C(CC(C)(C)CC2)c2ccc(Cl)cc2)CC1,Ki, 1.338,nM,387787,,,False
CN1CCC(CC1)Nc1ccc(cc1[N+]([O-])=O)S(=O)(=O)NC(=O)c1ccc(cc1Oc1cccc(CO)c1)N1CCN(CC2=C(CC(C)(C)CC2)c2ccc(Cl)cc2)CC1,Ki, 1.345,nM,387744,,,False
CN1CCC(CC1)Nc1ccc(cc1[N+]([O-])=O)S(=O)(=O)NC(=O)c1ccc(cc1Oc1cccc(CO)c1)N1CCN(CC2=C(CC(C)(C)CC2)c2ccc(Cl)cc2)CC1 |t:47|,Ki, 1.345,nM,281496,,,False
[O-][N+](=O)c1cc(ccc1NCc1cccs1)S(=O)(=O)NC(=O)c1ccc(cc1Oc1ccccc1)N1CCN(Cc2ccccc2-c2ccc(Cl)cc2)CC1,Ki, 1.348,nM,324876,,,False
COC1(Cc2ccccc2C)CCN(CC1)c1ccc(cc1)C(=O)NS(=O)(=O)c1ccc(N[C@H](CCN(C)C)CSc2ccccc2)c(c1)[N+]([O-])=O |r|,Ki, 1.4,nM,38806,,,False
COCCCNc1ccc(cc1[N+]([O-])=O)S(=O)(=O)NC(=O)c1ccc(cc1Oc1cccc2[nH]ccc12)N1CCN(CC2=C(CC(C)(C)CC2)c2ccc(Cl)cc2)CC1 |t:46|,Ki, 1.468,nM,325024,,,False
CC1(C)CCC(CN2CCN(CC2)c2ccc(C(=O)NS(=O)(=O)c3ccc(NCC4CCOCC4)c(c3)S(=O)(=O)C(F)(F)F)c(Oc3cccc4[nH]ccc34)c2)=C(C1)c1ccc(Cl)cc1 |c:61|,Ki, 1.48,nM,325009,,,False
CC1(C)CCC(CN2CCN(CC2)c2ccc(C(=O)NS(=O)(=O)c3ccc(NCCC(F)(F)F)c(c3)[N+]([O-])=O)c(Oc3ccc4[nH]ccc4c3)c2)=C(C1)c1ccc(Cl)cc1 |c:55|,Ki, 1.481,nM,325028,,,False
COC1(Cc2ccccc2Br)CCN(CC1)c1ccc(cc1)C(=O)NS(=O)(=O)c1ccc(N[C@H](CCN(C)C)CSc2ccccc2)c(c1)[N+]([O-])=O |r|,Ki, 1.5,nM,38808,,,False
CN(C)CC[C@H](CSc1ccccc1)Nc1ccc(cc1[N+]([O-])=O)S(=O)(=O)Nc1ccc(cc1)C#Cc1cccc(c1)-c1c(cn(CC[C@H](O)CO)c1C(=O)NCCCN1CCN(C)CC1)-c1ccc(Cl)cc1,Ki, 1.5,nM,50947923,,,False
CN(C)CCCNc1ccc(cc1[N+]([O-])=O)S(=O)(=O)NC(=O)c1ccc(cc1Oc1ccc2sc(C)nc2c1)N1CCN(Cc2ccccc2-c2ccc(Cl)cc2)CC1,Ki, 1.501,nM,387604,,,False
CN(C)CCCNc1ccc(cc1[N+]([O-])=O)S(=O)(=O)NC(=O)c1ccc(cc1Oc1ccc2sc(C)nc2c1)N1CCN(Cc2ccccc2-c2ccc(Cl)cc2)CC1,Ki, 1.501,nM,281358,,,False
CC1(C)CCC(CN2CCN(CC2)c2ccc(C(=O)NS(=O)(=O)c3ccc(NN4CCCCC4)c(c3)[N+]([O-])=O)c(Oc3ccc4[nH]ccc4c3)c2)=C(C1)c1ccc(Cl)cc1 |c:56|,Ki, 1.552,nM,324991,,,False
CC1(C)CCC(CN2CCN(CC2)c2ccc(C(=O)NS(=O)(=O)c3ccc(NCCN4CCOCC4)c(c3)S(=O)(=O)C(F)(F)F)c(Oc3ccc4[nH]ccc4c3)c2)=C(C1)c1ccc(Cl)cc1 |c:62|,Ki, 1.576,nM,325055,,,False
CN(C)CCCNc1ccc(cc1[N+]([O-])=O)S(=O)(=O)NC(=O)c1ccc(cc1Oc1cccc(c1)N1CCOCC1)N1CCN(Cc2ccccc2-c2ccc(Cl)cc2)CC1,Ki, 1.584,nM,281365,,,False
CN(C)CCCNc1ccc(cc1[N+]([O-])=O)S(=O)(=O)NC(=O)c1ccc(cc1Oc1cccc(c1)N1CCOCC1)N1CCN(Cc2ccccc2-c2ccc(Cl)cc2)CC1,Ki, 1.584,nM,387611,,,False
COc1ccccc1CC1(CCN(CC1)c1ccc(cc1)C(=O)NS(=O)(=O)c1ccc(N[C@H](CCN(C)C)CSc2ccccc2)c(c1)[N+]([O-])=O)OC |r|,Ki, 1.6,nM,38807,,,False
CNc1ccc(cc1[N+]([O-])=O)S(=O)(=O)NC(=O)c1ccc(cc1Oc1ccc2[nH]ccc2c1)N1CCN(CC2=C(CC(C)(C)CC2)c2ccc(Cl)cc2)CC1 |t:42|,Ki, 1.617,nM,324953,,,False
[O-][N+](=O)c1cc(ccc1NCCCN1CCOCC1)S(=O)(=O)NC(=O)c1ccc(cc1Oc1ccc(Cl)cc1)N1CCN(Cc2ccccc2-c2ccc(Cl)cc2)CC1,Ki, 1.621,nM,281346,,,False
[O-][N+](=O)c1cc(ccc1NCCCN1CCOCC1)S(=O)(=O)NC(=O)c1ccc(cc1Oc1ccc(Cl)cc1)N1CCN(Cc2ccccc2-c2ccc(Cl)cc2)CC1,Ki, 1.621,nM,387592,,,False
"CO[C@H]1CC[C@H](COc2ncc(cc2C(F)(F)F)S(=O)(=O)NC(=O)c2ccc(cc2Oc2cnc3[nH]ccc3c2)N2CCN(CC3=C(CC(C)(C)CC3)c3ccc(Cl)cc3)CC2)CC1 |wU:5.5,wD:2.1,t:49,(-11.74,9.81,;-10.97,8.48,;-9.43,8.48,;-8.66,7.15,;-7.12,7.15,;-6.35,8.48,;-4.81,8.48,;-4.04,7.15,;-2.5,7.15,;-1.73,5.81,;-.19,5.81,;.58,7.15,;-.19,8.48,;-1.73,8.48,;-2.5,9.81,;-3.27,11.15,;-3.84,9.04,;-1.17,10.58,;2.12,7.15,;2.12,8.69,;3.66,7.15,;2.12,5.61,;3.45,4.84,;4.78,5.61,;3.45,3.3,;4.78,2.53,;4.78,.99,;3.45,.22,;2.12,.99,;2.12,2.53,;.78,3.3,;-.55,2.53,;-.55,.99,;-1.89,.22,;-3.22,.99,;-4.68,.51,;-5.59,1.76,;-4.68,3,;-3.22,2.53,;-1.89,3.3,;3.45,-1.32,;4.78,-2.09,;4.78,-3.63,;3.45,-4.4,;3.45,-5.94,;4.78,-6.71,;4.78,-8.25,;6.12,-9.02,;7.45,-8.25,;8.27,-9.56,;8.99,-8.31,;7.45,-6.71,;6.12,-5.94,;3.45,-9.02,;3.45,-10.56,;2.12,-11.33,;.78,-10.56,;-.55,-11.33,;.78,-9.02,;2.12,-8.25,;2.12,-3.63,;2.12,-2.09,;-7.12,9.81,;-8.66,9.81,)|",Ki, 1.627,nM,339841,,,False
CO[C@H]1CC[C@H](COc2ncc(cc2C(F)(F)F)S(=O)(=O)NC(=O)c2ccc(cc2Oc2cnc3[nH]ccc3c2)N2CCN(CC3=C(CC(C)(C)CC3)c3ccc(Cl)cc3)CC2)CC1,Ki, 1.63,nM,704891,,,False
CC(C)(C)OC(=O)N1CCN(CC1)Nc1ccc(cc1[N+]([O-])=O)S(=O)(=O)NC(=O)c1ccc(cc1Oc1cnc2[nH]ccc2c1)N1CCN(CC2=C(CC(C)(C)CC2)c2ccc(Cl)cc2)CC1,Ki, 1.63,nM,704824,,,False
CO[C@H]1CC[C@H](COc2ncc(cc2C(F)(F)F)S(=O)(=O)NC(=O)c2ccc(cc2Oc2cnc3[nH]ccc3c2)N2CCN(CC3=C(CC(C)(C)CC3)c3ccc(Cl)cc3)CC2)CC1,Ki, 1.63,nM,1373030,,,False
CO[C@H]1CC[C@H](COc2ncc(cc2C(F)(F)F)S(=O)(=O)NC(=O)c2ccc(cc2Oc2cnc3[nH]ccc3c2)N2CCN(CC3=C(CC(C)(C)CC3)c3ccc(Cl)cc3)CC2)CC1,Ki, 1.63,nM,1180053,,,False
CC(C)(C)OC(=O)N1CCN(CC1)Nc1ccc(cc1[N+]([O-])=O)S(=O)(=O)NC(=O)c1ccc(cc1Oc1cnc2[nH]ccc2c1)N1CCN(CC2=C(CC(C)(C)CC2)c2ccc(Cl)cc2)CC1,Ki, 1.63,nM,1372963,,,False
CC(C)(C)OC(=O)N1CCC(CC1)Nc1ccc(cc1[N+]([O-])=O)S(=O)(=O)NC(=O)c1ccc(cc1Oc1cnc2[nH]ccc2c1)N1CCN(CC2=C(CC(C)(C)CC2)c2ccc(Cl)cc2)CC1,Ki, 1.63,nM,1179919,,,False
CC(C)(C)OC(=O)N1CCN(CC1)Nc1ccc(cc1[N+]([O-])=O)S(=O)(=O)NC(=O)c1ccc(cc1Oc1cnc2[nH]ccc2c1)N1CCN(CC2=C(CC(C)(C)CC2)c2ccc(Cl)cc2)CC1 |t:55|,Ki, 1.631,nM,339775,,,False
CC1(C)CCC(CN2CCN(CC2)c2ccc(C(=O)NS(=O)(=O)c3ccc(NCC4CCOCC4)c(c3)S(F)(F)(F)(F)F)c(Oc3cnc4[nH]ccc4c3)c2)=C(C1)c1ccc(Cl)cc1,Ki, 1.65,nM,1372964,,,False
CC1(C)CCC(CN2CCN(CC2)c2ccc(C(=O)NS(=O)(=O)c3ccc(NCC4CCOCC4)c(c3)S(F)(F)(F)(F)F)c(Oc3cnc4[nH]ccc4c3)c2)=C(C1)c1ccc(Cl)cc1,Ki, 1.65,nM,1179921,,,False
CC1(C)CCC(CN2CCN(CC2)c2ccc(C(=O)NS(=O)(=O)c3ccc(NCC4CCOCC4)c(c3)S(F)(F)(F)(F)F)c(Oc3cnc4[nH]ccc4c3)c2)=C(C1)c1ccc(Cl)cc1,Ki, 1.65,nM,704825,,,False
CC1(C)CCC(CN2CCN(CC2)c2ccc(C(=O)NS(=O)(=O)c3ccc(NCC4CCOCC4)c(CS(F)(F)(F)(F)F)c3)c(Oc3cnc4[nH]ccc4c3)c2)=C(C1)c1ccc(Cl)cc1 |c:61|,Ki, 1.654,nM,312121,,,False
Nc1cccc(Oc2cc(ccc2C(=O)NS(=O)(=O)c2ccc(NCC3CCOCC3)c(c2)[N+]([O-])=O)N2CCN(Cc3ccccc3-c3ccc(Cl)cc3)CC2)c1,Ki, 1.679,nM,387598,,,False
Nc1cccc(Oc2cc(ccc2C(=O)NS(=O)(=O)c2ccc(NCC3CCOCC3)c(c2)[N+]([O-])=O)N2CCN(Cc3ccccc3-c3ccc(Cl)cc3)CC2)c1,Ki, 1.679,nM,281352,,,False
CC1(C)CCC(CN2CCN(CC2)c2ccc(C(=O)NS(=O)(=O)c3ccc(NCCCN4CCCC4)c(c3)[N+]([O-])=O)c(Oc3cccc4[nH]ccc34)c2)=C(C1)c1ccc(F)cc1 |c:58|,Ki, 1.697,nM,324800,,,False
"COC1CCC(CC1)Nc1ccc(cc1[N+]([O-])=O)S(=O)(=O)NC(=O)c1ccc(cc1Oc1ccc2[nH]ccc2c1)N1CCN(CC2=C(CC(C)(C)CC2)c2ccc(Cl)cc2)CC1 |t:50,(6.26,14.87,;6.26,13.33,;7.59,12.56,;7.59,11.02,;8.92,10.25,;10.26,11.02,;10.26,12.56,;8.92,13.33,;11.59,10.25,;11.59,8.71,;10.26,7.94,;10.26,6.4,;11.59,5.63,;12.93,6.4,;12.93,7.94,;14.26,8.71,;14.26,10.25,;15.59,7.94,;11.59,4.09,;13.13,4.09,;10.05,4.09,;11.59,2.55,;10.26,1.78,;8.92,2.55,;10.26,.24,;11.59,-.53,;11.59,-2.07,;10.26,-2.84,;8.92,-2.07,;8.92,-.53,;7.59,.24,;6.26,-.53,;6.26,-2.07,;4.92,-2.84,;3.59,-2.07,;2.13,-2.55,;1.22,-1.3,;2.13,-.06,;3.59,-.53,;4.92,.24,;10.26,-4.38,;11.59,-5.15,;11.59,-6.69,;10.26,-7.46,;10.26,-9,;11.59,-9.77,;11.59,-11.31,;12.93,-12.08,;14.26,-11.31,;15.08,-12.62,;15.8,-11.37,;14.26,-9.77,;12.93,-9,;10.26,-12.08,;10.26,-13.62,;8.92,-14.39,;7.59,-13.62,;6.26,-14.39,;7.59,-12.08,;8.92,-11.31,;8.92,-6.69,;8.92,-5.15,)|",Ki, 1.698,nM,324973,,,False
Cc1c(C(O)=O)c(c(-c2ccc(Cl)cc2)n1C)-c1cccc(c1)N1CCN(CC1)c1ccc(NS(=O)(=O)c2ccc(N[C@H](CCN3CC(O)C3)CSc3ccccc3)c(c2)S(=O)(=O)C(F)(F)F)cc1,Ki, 1.7,nM,50969066,,,False
Cc1c(C(O)=O)c(c(-c2ccc(Cl)cc2)n1C)-c1cccc(c1)N1CCN(CC1)c1ccc(NS(=O)(=O)c2ccc(N[C@H](CCN3CCC3)CSc3ccccc3)c(c2)S(=O)(=O)C(F)(F)F)cc1,Ki, 1.7,nM,50969069,,,False
CC1(C)CCC(CN2CCN(CC2)c2ccc(C(=O)NS(=O)(=O)c3ccc(NCC4CCOCC4)c(c3)[N+]([O-])=O)c(Oc3cncc(N)c3)c2)=C(C1)c1ccc(Cl)cc1 |c:54|,Ki, 1.703,nM,281603,,,False
CC1(C)CCC(CN2CCN(CC2)c2ccc(C(=O)NS(=O)(=O)c3ccc(NCC4CCOCC4)c(c3)[N+]([O-])=O)c(Oc3cncc(N)c3)c2)=C(C1)c1ccc(Cl)cc1,Ki, 1.703,nM,387854,,,False
CC1(C)CCC(CN2CCN(CC2)c2ccc(C(=O)NS(=O)(=O)c3ccc(NCC4CCOCC4)c(c3)[N+]([O-])=O)c(Oc3cnc4[nH]ccc4c3)c2)=C(C1)c1ccc(Cl)cc1,Ki, 1.71,nM,1303735,,,False
CN(C)CC[C@H](Nc1ccc(cc1[N+]([O-])=O)S(=O)(=O)NC(=O)c1ccc(cc1Oc1ccccc1)N1CCN(Cc2ccccc2-c2ccc(Cl)cc2)CC1)c1cccs1,Ki, 1.71,nM,324875,,,False
CC%10(C)CC(c1ccc(Cl)cc1)=C9CN8CCN(c7ccc(C(=O)NS(=O)(=O)c3ccc(NC[C@@H]2CC[C@@H](O)CO2)c([N+](=O)[O-])c3)c(N6CCCOc5nc4[nH]ccc4cc56)c7)C[C@H]8COCCCO[C@@H]9C%10,Ki, 1.72,nM,1498007,,,False
CC%10(C)CC(c1ccc(Cl)cc1)=C9CN8CCN(c7ccc(C(=O)NS(=O)(=O)c3ccc(NC[C@@H]2CC[C@@H](O)CO2)c([N+](=O)[O-])c3)c(N6CCCOc5nc4[nH]ccc4cc56)c7)C[C@H]8COCCCO[C@@H]9C%10,Ki, 1.72,nM,1406236,,,False
CN1CCN(CC1)Nc1ccc(cc1[N+]([O-])=O)S(=O)(=O)NC(=O)c1ccc(cc1Oc1cc2cc[nH]c2cc1Cl)N1CCN(CC2=C(CC(C)(C)CC2)c2ccc(Cl)cc2)CC1 |t:50|,Ki, 1.734,nM,281569,,,False
CN1CCN(CC1)Nc1ccc(cc1[N+]([O-])=O)S(=O)(=O)NC(=O)c1ccc(cc1Oc1cc2cc[nH]c2cc1Cl)N1CCN(CC2=C(CC(C)(C)CC2)c2ccc(Cl)cc2)CC1,Ki, 1.734,nM,387819,,,False
CC1(C)CCC(CN2CCN(CC2)c2ccc(C(=O)NS(=O)(=O)c3ccc(NC(CO)C4CCOCC4)c(c3)[N+]([O-])=O)c(Oc3ccc4[nH]ccc4c3)c2)=C(C1)c1ccc(Cl)cc1 |c:59|,Ki, 1.796,nM,324950,,,False
COC1(Cc2cccc(Cl)c2)CCN(CC1)c1ccc(cc1)C(=O)NS(=O)(=O)c1ccc(N[C@H](CCN(C)C)CSc2ccccc2)c(c1)[N+]([O-])=O |r|,Ki, 1.8,nM,38803,,,False
Cc1c(C(O)=O)c(c(-c2ccc(Cl)cc2)n1C)-c1cccc(c1)N1CCN(CC1)c1ccc(NS(=O)(=O)c2ccc(N[C@H](CCN3CCCC3)CSc3ccccc3)c(c2)S(=O)(=O)C(F)(F)F)cc1,Ki, 1.8,nM,50969068,,,False
CNc1ccc(cc1S(=O)(=O)C(F)(F)F)S(=O)(=O)NC(=O)c1ccc(cc1Oc1ccc2[nH]ccc2c1)N1CCN(CC2=C(CC(C)(C)CC2)c2ccc(Cl)cc2)CC1 |t:46|,Ki, 1.859,nM,325032,,,False
CC(C)(C)OC(=O)Nc1cc(Oc2cc(ccc2C(=O)NS(=O)(=O)c2ccc(NC3CCN(CC3)C3CCOCC3)c(c2)[N+]([O-])=O)N2CCN(CC3=C(CC(C)(C)CC3)c3ccc(Cl)cc3)CC2)ccn1,Ki, 1.908,nM,387846,,,False
CC(C)(C)OC(=O)Nc1cc(Oc2cc(ccc2C(=O)NS(=O)(=O)c2ccc(NC3CCN(CC3)C3CCOCC3)c(c2)[N+]([O-])=O)N2CCN(CC3=C(CC(C)(C)CC3)c3ccc(Cl)cc3)CC2)ccn1 |t:55|,Ki, 1.908,nM,281595,,,False
[O-][N+](=O)c1cc(ccc1NCC1CCOCC1)S(=O)(=O)NC(=O)c1ccc(cc1Oc1cccc2ccccc12)N1CCN(Cc2ccccc2-c2ccc(Cl)cc2)CC1,Ki, 1.986,nM,324771,,,False
CC1(C)CCC(CN2CCN(CC2)c2ccc(C(=O)NS(=O)(=O)c3ccc(NCC4CCCCC4)c(c3)[N+]([O-])=O)c(Oc3ccc4[nH]ccc4c3)c2)=C(C1)c1ccc(Cl)cc1 |c:57|,Ki, 1.995,nM,324967,,,False
[#6]-[#8]-c1ccccc1\[#6]=[#6]-1/[#6]-[#6]-[#7](-[#6]-[#6]-1)-c1ccc(cc1)-[#6](=O)-[#7]S(=O)(=O)c1ccc(-[#7]-[#6@H](-[#6]-[#6]-[#7](-[#6])-[#6])-[#6]-[#16]-c2ccccc2)c(c1)-[#7+](-[#8-])=O |r|,Ki, 2.0,nM,38816,,,False
CN(C)CC[C@H](CSc1ccccc1)Nc1ccc(cc1[N+]([O-])=O)S(=O)(=O)NC(=O)c1ccc(cc1)N1CCN(CC1)c1cccc(c1)-c1c(cn(CC[C@H](O)CO)c1C(=O)NCCCN1CCN(C)CC1)-c1ccc(Cl)cc1,Ki, 2,nM,50947922,,,False
[#6]-[#7](-[#6])-[#6]-[#6]-[#6@H](-[#6]-[#16]-c1ccccc1)-[#7]-c1ccc(cc1-[#7+](-[#8-])=O)S(=O)(=O)[#7]-[#6](=O)-c1ccc(cc1)-[#7]-1-[#6]-[#6]\[#6](-[#6]-[#6]-1)=[#6]/c1ccccc1C(F)(F)F |r|,Ki, 2.0,nM,38814,,,False
CN(C)Cc1ccccc1Oc1cc(ccc1C(=O)NS(=O)(=O)c1ccc(NCC2CCOCC2)c(c1)[N+]([O-])=O)N1CCN(Cc2ccccc2-c2ccc(Cl)cc2)CC1,Ki, 2.007,nM,281364,,,False
CN(C)Cc1ccccc1Oc1cc(ccc1C(=O)NS(=O)(=O)c1ccc(NCC2CCOCC2)c(c1)[N+]([O-])=O)N1CCN(Cc2ccccc2-c2ccc(Cl)cc2)CC1,Ki, 2.007,nM,387610,,,False
CN(C)CCCNc1ccc(cc1C#N)S(=O)(=O)NC(=O)c1ccc(cc1Oc1ccc2[nH]ccc2c1)N1CCN(CC2=C(CC(C)(C)CC2)c2ccc(Cl)cc2)CC1 |t:46|,Ki, 2.048,nM,324884,,,False
[O-][N+](=O)c1cc(ccc1NCC1CCOCC1)S(=O)(=O)NC(=O)c1ccc(cc1Oc1cccnc1)N1CCN(Cc2ccccc2-c2ccc(Cl)cc2)CC1,Ki, 2.05,nM,324805,,,False
CO[C@@H]1CC[C@H](COc2ncc(cc2C(F)(F)F)S(=O)(=O)NC(=O)c2ccc(cc2Oc2cnc3[nH]ccc3c2)N2CCN(CC3=C(CC(C)(C)CC3)c3ccc(Cl)cc3)CC2)CC1,Ki, 2.06,nM,1373031,,,False
CO[C@@H]1CC[C@H](COc2ncc(cc2C(F)(F)F)S(=O)(=O)NC(=O)c2ccc(cc2Oc2cnc3[nH]ccc3c2)N2CCN(CC3=C(CC(C)(C)CC3)c3ccc(Cl)cc3)CC2)CC1,Ki, 2.06,nM,1180055,,,False
CO[C@@H]1CC[C@H](COc2ncc(cc2C(F)(F)F)S(=O)(=O)NC(=O)c2ccc(cc2Oc2cnc3[nH]ccc3c2)N2CCN(CC3=C(CC(C)(C)CC3)c3ccc(Cl)cc3)CC2)CC1,Ki, 2.06,nM,704892,,,False
"CO[C@@H]1CC[C@H](COc2ncc(cc2C(F)(F)F)S(=O)(=O)NC(=O)c2ccc(cc2Oc2cnc3[nH]ccc3c2)N2CCN(CC3=C(CC(C)(C)CC3)c3ccc(Cl)cc3)CC2)CC1 |wU:2.1,5.5,t:49,(-11.74,9.81,;-10.97,8.48,;-9.43,8.48,;-8.66,7.15,;-7.12,7.15,;-6.35,8.48,;-4.81,8.48,;-4.04,7.15,;-2.5,7.15,;-1.73,5.81,;-.19,5.81,;.58,7.15,;-.19,8.48,;-1.73,8.48,;-2.5,9.81,;-3.27,11.15,;-3.84,9.04,;-1.17,10.58,;2.12,7.15,;2.12,8.69,;3.66,7.15,;2.12,5.61,;3.45,4.84,;4.78,5.61,;3.45,3.3,;4.78,2.53,;4.78,.99,;3.45,.22,;2.12,.99,;2.12,2.53,;.78,3.3,;-.55,2.53,;-.55,.99,;-1.89,.22,;-3.22,.99,;-4.68,.51,;-5.59,1.76,;-4.68,3,;-3.22,2.53,;-1.89,3.3,;3.45,-1.32,;4.78,-2.09,;4.78,-3.63,;3.45,-4.4,;3.45,-5.94,;4.78,-6.71,;4.78,-8.25,;6.12,-9.02,;7.45,-8.25,;8.27,-9.56,;8.99,-8.31,;7.45,-6.71,;6.12,-5.94,;3.45,-9.02,;3.45,-10.56,;2.12,-11.33,;.78,-10.56,;-.55,-11.33,;.78,-9.02,;2.12,-8.25,;2.12,-3.63,;2.12,-2.09,;-7.12,9.81,;-8.66,9.81,)|",Ki, 2.065,nM,339842,,,False
CC1(C)CCC(CN2CCN(CC2)c2ccc(C(=O)NS(=O)(=O)c3ccc(NCC4CCOCC4)c(Cl)c3)c(Oc3cnc4[nH]ccc4c3)c2)=C(C1)c1ccc(Cl)cc1 |c:55|,Ki, 2.067,nM,339846,,,False
CC1(C)CCC(CN2CCN(CC2)c2ccc(C(=O)NS(=O)(=O)c3ccc(NCC4CCOCC4)c(Cl)c3)c(Oc3cnc4[nH]ccc4c3)c2)=C(C1)c1ccc(Cl)cc1,Ki, 2.07,nM,1180064,,,False
CC1(C)CCC(CN2CCN(CC2)c2ccc(C(=O)NS(=O)(=O)c3cc(F)c(NCC4CCOCC4)cc3Cl)c(Oc3cnc4[nH]ccc4c3)c2)=C(C1)c1ccc(Cl)cc1,Ki, 2.07,nM,1372785,,,False
CC1(C)CCC(CN2CCN(CC2)c2ccc(C(=O)NS(=O)(=O)c3cc(F)c(NCC4CCOCC4)cc3Cl)c(Oc3cnc4[nH]ccc4c3)c2)=C(C1)c1ccc(Cl)cc1,Ki, 2.07,nM,1179940,,,False
CC1(C)CCC(CN2CCN(CC2)c2ccc(C(=O)NS(=O)(=O)c3ccc(NCC4CCOCC4)c(Cl)c3)c(Oc3cnc4[nH]ccc4c3)c2)=C(C1)c1ccc(Cl)cc1,Ki, 2.07,nM,704896,,,False
CC1(C)CCC(CN2CCN(CC2)c2ccc(C(=O)NS(=O)(=O)c3cc(F)c(NCC4CCOCC4)cc3Cl)c(Oc3cnc4[nH]ccc4c3)c2)=C(C1)c1ccc(Cl)cc1,Ki, 2.07,nM,704646,,,False
CC1(C)CCC(CN2CCN(CC2)c2ccc(C(=O)NS(=O)(=O)c3ccc(NCC4CCOCC4)c(Cl)c3)c(Oc3cnc4[nH]ccc4c3)c2)=C(C1)c1ccc(Cl)cc1,Ki, 2.07,nM,1373035,,,False
CC1(C)CCC(CN2CCN(CC2)c2ccc(C(=O)NS(=O)(=O)c3cc(F)c(NCC4CCOCC4)cc3Cl)c(Oc3cnc4[nH]ccc4c3)c2)=C(C1)c1ccc(Cl)cc1 |c:56|,Ki, 2.071,nM,339605,,,False
CN1CCN(CC1)c1ccc(cc1[N+]([O-])=O)S(=O)(=O)NC(=O)c1ccc(cc1Oc1ccc2[nH]ccc2c1)N1CCN(CC2=C(CC(C)(C)CC2)c2ccc(Cl)cc2)CC1 |t:48|,Ki, 2.087,nM,324827,,,False
COC1(CNc2ccc(S(=O)(=O)NC(=O)c3ccc(N4CCN5CC6=C(c7ccc(Cl)cc7)CC(C)(C)CC6OCCCOC[C@@H]5C4)cc3N3CCCOc4nc5[nH]ccc5cc43)cc2[N+](=O)[O-])CCOCC1,Ki, 2.09,nM,1498005,,,False
COC%10(CNc9ccc(S(=O)(=O)NC(=O)c5ccc(N4CCN3CC2=C(c1ccc(Cl)cc1)CC(C)(C)C[C@H]2OCCCOC[C@@H]3C4)cc5N8CCCOc7nc6[nH]ccc6cc78)cc9[N+](=O)[O-])CCOCC%10,Ki, 2.09,nM,1406234,,,False
COC1(CNc2ccc(cc2[N+]([O-])=O)S(=O)(=O)NC(=O)c2ccc(cc2N2CCCOc3nc4[nH]ccc4cc23)N2CCN3CC4=C(CC(C)(C)C[C@H]4OCCCOC[C@@H]3C2)c2ccc(Cl)cc2)CCOCC1,Ki, 2.1,nM,51565555,,,False
CN(C)CC[C@H](CSc1ccccc1)Nc1ccc(cc1S(=O)(=O)C(F)(F)F)S(=O)(=O)Nc1ccc(cc1)N1CCN(CC1)c1cccc(c1)-c1c(C(O)=O)c(C)n(C)c1-c1ccc(Cl)cc1,Ki, 2.1,nM,50969071,,,False
[#6]-[#7](-[#6])-[#6]-[#6]-[#6@H](-[#6]-[#16]-c1ccccc1)-[#7]-c1ccc(cc1-[#7+](-[#8-])=O)S(=O)(=O)[#7]-[#6](=O)-c1ccc(cc1)-[#7]-1-[#6]-[#6]\[#6](-[#6]-[#6]-1)=[#6]/c1ccc(Cl)cc1 |r|,Ki, 2.1,nM,38813,,,False
CC1(C)CCC(CN2CCN(CC2)c2ccc(C(=O)NS(=O)(=O)c3ccc(NCC4CCCN(CC#N)C4)c(c3)[N+]([O-])=O)c(Oc3cnc4[nH]ccc4c3)c2)=C(C1)c1ccc(Cl)cc1 |c:60|,Ki, 2.109,nM,339772,,,False
CC1(C)CCC(CN2CCN(CC2)c2ccc(C(=O)NS(=O)(=O)c3ccc(NCC4CCCN(CC#N)C4)c(c3)[N+]([O-])=O)c(Oc3cnc4[nH]ccc4c3)c2)=C(C1)c1ccc(Cl)cc1,Ki, 2.11,nM,1372960,,,False
CC1(C)CCC(CN2CCN(CC2)c2ccc(C(=O)NS(=O)(=O)c3ccc(NCC4CCCN(CC#N)C4)c(c3)[N+]([O-])=O)c(Oc3cnc4[nH]ccc4c3)c2)=C(C1)c1ccc(Cl)cc1,Ki, 2.11,nM,1179913,,,False
CC1(C)CCC(CN2CCN(CC2)c2ccc(C(=O)NS(=O)(=O)c3ccc(NCC4CCCN(CC#N)C4)c(c3)[N+]([O-])=O)c(Oc3cnc4[nH]ccc4c3)c2)=C(C1)c1ccc(Cl)cc1,Ki, 2.11,nM,704821,,,False
CN(C)CCCNc1ccc(cc1C#N)S(=O)(=O)NC(=O)c1ccc(cc1Oc1ccccc1)N1CCN(Cc2ccccc2-c2ccc(Cl)cc2)CC1,Ki, 2.134,nM,324811,,,False
CC1(C)CCC(CN2CCN(CC2)c2ccc(C(=O)NS(=O)(=O)c3cnc(OCC4(F)CCN(CC(F)F)CC4)c(Cl)c3)c(Oc3cnc(N)c(Cl)c3)c2)=C(C1)c1ccc(Cl)cc1 |c:58|,Ki, 2.136,nM,281726,,,False
CC1(C)CCC(CN2CCN(CC2)c2ccc(C(=O)NS(=O)(=O)c3cnc(OCC4(F)CCN(CC(F)F)CC4)c(Cl)c3)c(Oc3cnc(N)c(Cl)c3)c2)=C(C1)c1ccc(Cl)cc1,Ki, 2.136,nM,387978,,,False
CC1(C)CCC(CN2CCN(CC2)c2ccc(C(=O)NS(=O)(=O)c3ccc(cc3)S(C)(=O)=O)c(Oc3cccc4[nH]ccc34)c2)=C(C1)c1ccc(Cl)cc1 |c:49|,Ki, 2.17,nM,325086,,,False
CN(C)C(=O)Cc1ccccc1Oc1cc(ccc1C(=O)NS(=O)(=O)c1ccc(NCC2CCOCC2)c(c1)[N+]([O-])=O)N1CCN(Cc2ccccc2-c2ccc(Cl)cc2)CC1,Ki, 2.212,nM,387606,,,False
CN(C)C(=O)Cc1ccccc1Oc1cc(ccc1C(=O)NS(=O)(=O)c1ccc(NCC2CCOCC2)c(c1)[N+]([O-])=O)N1CCN(Cc2ccccc2-c2ccc(Cl)cc2)CC1,Ki, 2.212,nM,281360,,,False
[O-][N+](=O)c1cc(ccc1NCCCN1CCCC1)S(=O)(=O)NC(=O)c1ccc(cc1Oc1cccc2[nH]ccc12)N1CCN(CC2=C(CCC2)c2ccc(Cl)cc2)CC1 |t:50|,Ki, 2.232,nM,324859,,,False
CC1(C)CCC(CN2CCN(CC2)c2ccc(C(=O)NS(=O)(=O)c3ccc(NCCCN4CCCC4=O)c(c3)[N+]([O-])=O)c(Oc3ccc4[nH]ccc4c3)c2)=C(C1)c1ccc(Cl)cc1 |c:59|,Ki, 2.266,nM,325077,,,False
FC(F)(F)S(=O)(=O)c1cc(ccc1NCC1CCOCC1)S(=O)(=O)NC(=O)c1ccc(cc1Oc1ccccc1)N1CCN(Cc2cc(OCCN3CCOCC3)ccc2-c2ccc(Cl)cc2)CC1,Ki, 2.299,nM,324833,,,False
Oc1ccc(cc1)N(C(=O)c1cc(-c2cc3OCOc3cc2C(=O)N2Cc3ccccc3C[C@H]2CN2CCOCC2)n2CCCCc12)c1ccccc1,Ki, 2.3,nM,51462837,,,False
CNC(=O)c1cccc(Oc2cc(ccc2C(=O)NS(=O)(=O)c2ccc(NCCCN(C)C)c(c2)[N+]([O-])=O)N2CCN(Cc3ccccc3-c3ccc(Cl)cc3)CC2)c1,Ki, 2.321,nM,387683,,,False
CNC(=O)c1cccc(Oc2cc(ccc2C(=O)NS(=O)(=O)c2ccc(NCCCN(C)C)c(c2)[N+]([O-])=O)N2CCN(Cc3ccccc3-c3ccc(Cl)cc3)CC2)c1,Ki, 2.321,nM,281437,,,False
CNc1ncc(Oc2cc(ccc2C(=O)NS(=O)(=O)c2ccc(NCC3CCOCC3)c(c2)[N+]([O-])=O)N2CCN(CC3=C(CC(C)(C)CC3)c3ccc(Cl)cc3)CC2)cc1Cl |t:44|,Ki, 2.323,nM,281700,,,False
CNc1ncc(Oc2cc(ccc2C(=O)NS(=O)(=O)c2ccc(NCC3CCOCC3)c(c2)[N+]([O-])=O)N2CCN(CC3=C(CC(C)(C)CC3)c3ccc(Cl)cc3)CC2)cc1Cl,Ki, 2.323,nM,387952,,,False
CC1(C)CCC(CN2CCN(CC2)c2ccc(C(=O)NS(=O)(=O)c3cnc(NCC4CCOCC4)c(Br)c3)c(Oc3cccc4[nH]ccc34)c2)=C(C1)c1ccc(Cl)cc1 |c:55|,Ki, 2.331,nM,325029,,,False
CC1(C)CCC(CN2CCN(CC2)c2ccc(C(=O)NS(=O)(=O)c3ccc(NC4CCN(CC(F)(F)F)CC4)c(c3)[N+]([O-])=O)c(Oc3cccc4[nH]ccc34)c2)=C(C1)c1ccc(Cl)cc1 |c:61|,Ki, 2.342,nM,324828,,,False
CC1(C)CCC(CN2CCN(CC2)c2ccc(C(=O)NS(=O)(=O)c3ccc(NCCCN4CCOCC4)c(c3)[N+]([O-])=O)c(Oc3ccc4[nH]ncc4c3)c2)=C(C1)c1ccc(Cl)cc1 |c:59|,Ki, 2.365,nM,324758,,,False
Cc1c(C(O)=O)c(c(-c2ccc(Cl)cc2)n1C)-c1cccc(c1)N1CCN(CC1)c1ccc(NS(=O)(=O)c2ccc(N[C@H](CCN3CCC(O)CC3)CSc3ccccc3)c(c2)S(=O)(=O)C(F)(F)F)cc1,Ki, 2.4,nM,50969065,,,False
CN(C)CC[C@H](CSc1ccccc1)Nc1ccc(cc1[N+]([O-])=O)S(=O)(=O)NC(=O)c1ccc(cc1)N1CCN(CC2=C(CCOC2)c2ccc(Cl)cc2)CC1,Ki, 2.4,nM,50436075,,,False
Cc1cc2cc(Oc3cc(ccc3C(=O)NS(=O)(=O)c3ccc(NCCCN4CCOCC4)c(c3)[N+]([O-])=O)N3CCN(CC4=C(CC(C)(C)CC4)c4ccc(Cl)cc4)CC3)ccc2[nH]1,Ki, 2.474,nM,387583,,,False
Cc1cc2cc(Oc3cc(ccc3C(=O)NS(=O)(=O)c3ccc(NCCCN4CCOCC4)c(c3)[N+]([O-])=O)N3CCN(CC4=C(CC(C)(C)CC4)c4ccc(Cl)cc4)CC3)ccc2[nH]1 |t:46|,Ki, 2.474,nM,281337,,,False
Nc1ccc(Oc2cc(ccc2C(=O)NS(=O)(=O)c2ccc(NCC3CCOCC3)c(c2)[N+]([O-])=O)N2CCN(Cc3ccccc3-c3ccc(Cl)cc3)CC2)cc1,Ki, 2.487,nM,281351,,,False
Nc1ccc(Oc2cc(ccc2C(=O)NS(=O)(=O)c2ccc(NCC3CCOCC3)c(c2)[N+]([O-])=O)N2CCN(Cc3ccccc3-c3ccc(Cl)cc3)CC2)cc1,Ki, 2.487,nM,387597,,,False
[#6]-[#7](-[#6])-[#6]-[#6]-[#6@H](-[#6]-[#16]-c1ccccc1)-[#7]-c1ccc(cc1-[#7+](-[#8-])=O)S(=O)(=O)[#7]-[#6](=O)-c1ccc(cc1)-[#7]-1-[#6]-[#6]\[#6](-[#6]-[#6]-1)=[#6]/c1ccccc1F |r|,Ki, 2.5,nM,38811,,,False
COc1ccc(Nc2ccc(cc2[N+]([O-])=O)S(=O)(=O)NC(=O)c2ccc(cc2Oc2ccc3[nH]ccc3c2)N2CCN(CC3=C(CC(C)(C)CC3)c3ccc(Cl)cc3)CC2)cc1O |t:47|,Ki, 2.507,nM,325097,,,False
CN1CCC(CC1)Nc1ccc(cc1[N+]([O-])=O)S(=O)(=O)NC(=O)c1ccc(cc1Oc1ccccc1Cl)N1CCN(Cc2cc3OCOc3cc2-c2ccc(Cl)cc2)CC1,Ki, 2.53,nM,281511,,,False
CN1CCC(CC1)Nc1ccc(cc1[N+]([O-])=O)S(=O)(=O)NC(=O)c1ccc(cc1Oc1ccccc1Cl)N1CCN(Cc2cc3OCOc3cc2-c2ccc(Cl)cc2)CC1,Ki, 2.53,nM,387760,,,False
CN(C)CCCNc1ccc(cc1[N+]([O-])=O)S(=O)(=O)NC(=O)c1ccc(cc1Oc1cccc(OCc2ccccc2)c1)N1CCN(Cc2ccccc2-c2ccc(Cl)cc2)CC1,Ki, 2.569,nM,387671,,,False
CN(C)CCCNc1ccc(cc1[N+]([O-])=O)S(=O)(=O)NC(=O)c1ccc(cc1Oc1cccc(OCc2ccccc2)c1)N1CCN(Cc2ccccc2-c2ccc(Cl)cc2)CC1,Ki, 2.569,nM,281425,,,False
CO[C@@H]%10C[C@@H](Nc9ccc(S(=O)(=O)NC(=O)c5ccc(N4CCN3CC2=C(c1ccc(Cl)cc1)CC(C)(C)C[C@H]2OCCCOC[C@@H]3C4)cc5N8CCCOc7nc6[nH]ccc6cc78)cc9[N+](=O)[O-])C%10,Ki, 2.58,nM,1406242,,,False
COC1CC(Nc2ccc(S(=O)(=O)NC(=O)c3ccc(N4CCN5CC6=C(c7ccc(Cl)cc7)CC(C)(C)CC6OCCCOC[C@@H]5C4)cc3N3CCCOc4nc5[nH]ccc5cc43)cc2[N+](=O)[O-])C1,Ki, 2.58,nM,1498013,,,False
COC%10CO[C@H](CNc9ccc(S(=O)(=O)NC(=O)c5ccc(N4CCN3CC2=C(c1ccc(Cl)cc1)CC(C)(C)C[C@H]2OCCCOC[C@@H]3C4)cc5N8CCCOc7nc6[nH]ccc6cc78)cc9[N+](=O)[O-])C%10,Ki, 2.59,nM,1406240,,,False
COC1COC(CNc2ccc(S(=O)(=O)NC(=O)c3ccc(N4CCN5CC6=C(c7ccc(Cl)cc7)CC(C)(C)CC6OCCCOC[C@@H]5C4)cc3N3CCCOc4nc5[nH]ccc5cc43)cc2[N+](=O)[O-])C1,Ki, 2.59,nM,1498011,,,False
[O-][N+](=O)c1cc(ccc1NCC1CCOCC1)S(=O)(=O)NC(=O)c1ccc(cc1Oc1ccc(Cl)cc1)N1CCN(Cc2ccccc2-c2ccc(Cl)cc2)CC1,Ki, 2.592,nM,387586,,,False
[O-][N+](=O)c1cc(ccc1NCC1CCOCC1)S(=O)(=O)NC(=O)c1ccc(cc1Oc1ccc(Cl)cc1)N1CCN(Cc2ccccc2-c2ccc(Cl)cc2)CC1,Ki, 2.592,nM,281340,,,False
CO[C@H]1C[C@@H](C1)Nc1ccc(cc1[N+]([O-])=O)S(=O)(=O)NC(=O)c1ccc(cc1N1CCCOc2nc3[nH]ccc3cc12)N1CCN2CC3=C(CC(C)(C)C[C@H]3OCCCOC[C@@H]2C1)c1ccc(Cl)cc1,Ki, 2.6,nM,51565556,,,False
COC1(Cc2ccc(Cl)cc2)CCN(CC1)c1ccc(cc1)C(=O)NS(=O)(=O)c1ccc(N[C@H](CCN(C)C)CSc2ccccc2)c(c1)[N+]([O-])=O |r|,Ki, 2.7,nM,38804,,,False
CC1(C)CCC(CN2CCN(CC2)c2ccc(C(=O)NS(=O)(=O)c3ccc4ccccc4c3)c(Oc3cnc4[nH]ccc4c3)c2)=C(C1)c1ccc(Cl)cc1 |c:50|,Ki, 2.798,nM,339565,,,False
COCCCNc1ccc(cc1[N+]([O-])=O)S(=O)(=O)NC(=O)c1ccc(cc1Oc1ccc2[nH]ccc2c1)N1CCN(CC2=C(CC(C)(C)CC2)c2ccc(Cl)cc2)CC1 |t:46|,Ki, 2.798,nM,325023,,,False
CC1(C)CCC(CN2CCN(CC2)c2ccc(C(=O)NS(=O)(=O)c3ccc4ccccc4c3)c(Oc3cnc4[nH]ccc4c3)c2)=C(C1)c1ccc(Cl)cc1,Ki, 2.80,nM,704606,,,False
CC1(C)CCC(CN2CCN(CC2)c2ccc(C(=O)NS(=O)(=O)c3ccc4ccccc4c3)c(Oc3cnc4[nH]ccc4c3)c2)=C(C1)c1ccc(Cl)cc1,Ki, 2.80,nM,1179860,,,False
CC1(C)CCC(CN2CCN(CC2)c2ccc(C(=O)NS(=O)(=O)c3ccc4ccccc4c3)c(Oc3cnc4[nH]ccc4c3)c2)=C(C1)c1ccc(Cl)cc1,Ki, 2.80,nM,1372745,,,False
CC1(C)CCC(CN2CCN(CC2)c2ccc(C(=O)NS(=O)(=O)c3ccc(NCC4CCOCC4)c(c3)[N+]([O-])=O)c(Oc3ccc(NS(C)(=O)=O)nc3)c2)=C(C1)c1ccc(Cl)cc1 |c:58|,Ki, 2.822,nM,281679,,,False
CC1(C)CCC(CN2CCN(CC2)c2ccc(C(=O)NS(=O)(=O)c3ccc(NCC4CCOCC4)c(c3)[N+]([O-])=O)c(Oc3ccc(NS(C)(=O)=O)nc3)c2)=C(C1)c1ccc(Cl)cc1,Ki, 2.822,nM,387931,,,False
CN1CCC(CC1)Nc1ccc(cc1[N+]([O-])=O)S(=O)(=O)NC(=O)c1ccc(cc1Nc1ccccc1Cl)N1CCN(CC2=C(CC(C)(C)CC2)c2ccc(Cl)cc2)CC1 |t:46|,Ki, 2.833,nM,281555,,,False
CN1CCC(CC1)Nc1ccc(cc1[N+]([O-])=O)S(=O)(=O)NC(=O)c1ccc(cc1Nc1ccccc1Cl)N1CCN(CC2=C(CC(C)(C)CC2)c2ccc(Cl)cc2)CC1,Ki, 2.833,nM,387805,,,False
CC1(C)CCC(CN2CCN(CC2)c2ccc(C(=O)NS(=O)(=O)c3ccc(NCC4CCOCC4)c(c3)[N+]([O-])=O)c(Oc3cnc(N)c(c3)C(N)=O)c2)=C(C1)c1ccc(Cl)cc1,Ki, 2.843,nM,387926,,,False
CC1(C)CCC(CN2CCN(CC2)c2ccc(C(=O)NS(=O)(=O)c3ccc(NCC4CCOCC4)c(c3)[N+]([O-])=O)c(Oc3cnc(N)c(c3)C(N)=O)c2)=C(C1)c1ccc(Cl)cc1 |c:57|,Ki, 2.843,nM,281674,,,False
CN1CCC(CC1)Nc1ccc(cc1[N+]([O-])=O)S(=O)(=O)NC(=O)c1ccc(cc1Oc1cccc2[nH]ccc12)N1CCN(CC2=C(CCC2)c2ccc(Cl)cc2)CC1 |t:49|,Ki, 2.89,nM,324864,,,False
CC1(C)CCC(CN2CCN(CC2)c2ccc(C(=O)NS(=O)(=O)c3ccc(NCC4CCOCC4)c(c3)[N+]([O-])=O)c(Oc3cccc4CNCCc34)c2)=C(C1)c1ccc(Cl)cc1 |c:58|,Ki, 2.923,nM,325102,,,False
CN(C)CCCNc1ccc(cc1C(F)(F)F)S(=O)(=O)NC(=O)c1ccc(cc1Oc1ccc2[nH]ccc2c1)N1CCN(CC2=C(CC(C)(C)CC2)c2ccc(Cl)cc2)CC1 |t:48|,Ki, 2.942,nM,324883,,,False
CC1(C)CCC(CN2CCN(CC2)c2ccc(C(=O)NS(=O)(=O)c3ccc(NC4CCN(CC4)C4CCOCC4)c(c3)[N+]([O-])=O)c(Oc3cccc4[nH]c(cc34)C(F)(F)F)c2)=C(C1)c1ccc(Cl)cc1 |c:67|,Ki, 2.954,nM,281542,,,False
CC1(C)CCC(CN2CCN(CC2)c2ccc(C(=O)NS(=O)(=O)c3ccc(NC4CCN(CC4)C4CCOCC4)c(c3)[N+]([O-])=O)c(Oc3cccc4[nH]c(cc34)C(F)(F)F)c2)=C(C1)c1ccc(Cl)cc1,Ki, 2.954,nM,387791,,,False
CC1(C)CCC(CN2CCN(CC2)c2ccc(C(=O)NS(=O)(=O)c3ccc(NN4CCOCC4)c(c3)[N+]([O-])=O)c(Oc3cccc4[nH]ccc34)c2)=C(C1)c1ccc(Cl)cc1 |c:56|,Ki, 3.001,nM,324970,,,False
CC1(C)CCC(CN2CCN(CC2)c2ccc(C(=O)NS(=O)(=O)c3ccc(NCCCN4CCCC4)c(c3)[N+]([O-])=O)c(Oc3cccc4[nH]ccc34)c2)=C(C1)c1cccc(F)c1 |c:58|,Ki, 3.022,nM,324799,,,False
CN(C)CCCNc1ccc(cc1[N+]([O-])=O)S(=O)(=O)NC(=O)c1ccc(cc1Oc1cccc2n(C)ccc12)N1CCN(Cc2ccccc2-c2ccc(Cl)cc2)CC1,Ki, 3.039,nM,281349,,,False
CN(C)CCCNc1ccc(cc1[N+]([O-])=O)S(=O)(=O)NC(=O)c1ccc(cc1Oc1cccc2n(C)ccc12)N1CCN(Cc2ccccc2-c2ccc(Cl)cc2)CC1,Ki, 3.039,nM,387595,,,False
CC1(C)CCC(CN2CCN(CC2)c2ccc(C(=O)NS(=O)(=O)c3ccc(OCCC4CCOCC4)c(c3)[N+]([O-])=O)c(Oc3cccc4[nH]ccc34)c2)=C(C1)c1ccc(Cl)cc1 |c:58|,Ki, 3.066,nM,325020,,,False
"FC(F)(F)S(=O)(=O)c1cc(ccc1NC1CCC(CC1)N1CCOCC1)S(=O)(=O)NC(=O)c1ccc(cc1Oc1cc2cc[nH]c2cc1Cl)N1CCN(CC2=C(CCOCC2)c2ccc(Cl)cc2)CC1 |t:60,(.91,8.21,;2.25,7.44,;3.58,6.67,;1.48,6.11,;3.02,8.77,;3.79,10.11,;1.68,9.54,;4.35,8,;4.35,6.46,;5.69,5.69,;7.02,6.46,;7.02,8,;5.69,8.77,;5.69,10.31,;7.02,11.08,;7.02,12.62,;8.35,13.39,;9.69,12.62,;9.69,11.08,;8.35,10.31,;11.02,13.39,;11.02,14.93,;12.35,15.7,;13.69,14.93,;13.69,13.39,;12.35,12.62,;5.69,4.15,;7.23,4.15,;4.15,4.15,;5.69,2.61,;4.35,1.84,;3.02,2.61,;4.35,.3,;5.69,-.47,;5.69,-2.01,;4.35,-2.78,;3.02,-2.01,;3.02,-.47,;1.68,.3,;.35,-.47,;-.98,.3,;-2.32,-.47,;-3.78,.01,;-4.69,-1.24,;-3.78,-2.48,;-2.32,-2.01,;-.98,-2.78,;.35,-2.01,;1.68,-2.78,;4.35,-4.32,;5.69,-5.09,;5.69,-6.63,;4.35,-7.4,;4.35,-8.94,;3.02,-9.71,;3.13,-11.24,;2,-12.29,;.48,-12.06,;-.29,-10.73,;.27,-9.29,;1.75,-8.84,;4.57,-11.8,;5.77,-10.84,;7.2,-11.41,;7.43,-12.93,;8.87,-13.49,;6.23,-13.89,;4.8,-13.33,;3.02,-6.63,;3.02,-5.09,)|",Ki, 3.094,nM,281637,,,False
FC(F)(F)S(=O)(=O)c1cc(ccc1NC1CCC(CC1)N1CCOCC1)S(=O)(=O)NC(=O)c1ccc(cc1Oc1cc2cc[nH]c2cc1Cl)N1CCN(CC2=C(CCOCC2)c2ccc(Cl)cc2)CC1,Ki, 3.094,nM,387889,,,False
COC1(Cc2ccccc2F)CCN(CC1)c1ccc(cc1)C(=O)NS(=O)(=O)c1ccc(N[C@H](CCN(C)C)CSc2ccccc2)c(c1)[N+]([O-])=O |r|,Ki, 3.1,nM,38805,,,False
CN1CCN(CC1)Nc1ccc(cc1[N+]([O-])=O)S(=O)(=O)NC(=O)c1ccc(cc1Oc1cccc2[nH]cc(Cl)c12)N1CCN(CC2=C(CC(C)(C)CC2)c2ccc(Cl)cc2)CC1,Ki, 3.181,nM,387861,,,False
CN1CCN(CC1)Nc1ccc(cc1[N+]([O-])=O)S(=O)(=O)NC(=O)c1ccc(cc1Oc1cccc2[nH]cc(Cl)c12)N1CCN(CC2=C(CC(C)(C)CC2)c2ccc(Cl)cc2)CC1 |t:50|,Ki, 3.181,nM,281610,,,False
COc1ccccc1CN1CCN(CC1)c1ccc(cc1)C(=O)NS(=O)(=O)c1ccc(N[C@H](CCN(C)C)CSc2ccccc2)c(c1)[N+]([O-])=O |r|,Ki, 3.2,nM,38823,,,False
CC(=O)Nc1cccc(Oc2cc(ccc2C(=O)NS(=O)(=O)c2ccc(NC3CCN(CC3)C3CCOCC3)c(c2)[N+]([O-])=O)N2CCN(CC3=C(CC(C)(C)CC3)c3ccc(Cl)cc3)CC2)c1 |t:53|,Ki, 3.283,nM,281551,,,False
CC(=O)Nc1cccc(Oc2cc(ccc2C(=O)NS(=O)(=O)c2ccc(NC3CCN(CC3)C3CCOCC3)c(c2)[N+]([O-])=O)N2CCN(CC3=C(CC(C)(C)CC3)c3ccc(Cl)cc3)CC2)c1,Ki, 3.283,nM,387801,,,False
CCN(CC)C[C@@H](O)CNc1ccc(NC[C@H]2CO2)c2C(=O)c3ccccc3C(=O)c12,Ki, 3.3,nM,51462825,,,False
CC1(C)CCC(CN2CCN(CC2)c2ccc(C(=O)NS(=O)(=O)c3ccc(N4CCOCC4)c(c3)[N+]([O-])=O)c(Oc3ccc4[nH]ccc4c3)c2)=C(C1)c1ccc(Cl)cc1 |c:55|,Ki, 3.314,nM,324977,,,False
COc1ccc(Cn2nnc3c(Oc4cc(ccc4C(=O)NS(=O)(=O)c4ccc(NCC5CCOCC5)c(c4)[N+]([O-])=O)N4CCN(CC5=C(CC(C)(C)CC5)c5ccc(Cl)cc5)CC4)cccc23)cc1 |t:50|,Ki, 3.34,nM,281665,,,False
COc1ccc(Cn2nnc3c(Oc4cc(ccc4C(=O)NS(=O)(=O)c4ccc(NCC5CCOCC5)c(c4)[N+]([O-])=O)N4CCN(CC5=C(CC(C)(C)CC5)c5ccc(Cl)cc5)CC4)cccc23)cc1,Ki, 3.34,nM,387917,,,False
[#6]-[#7](-[#6])-[#6]-[#6]-[#6@H](-[#6]-[#16]-c1ccccc1)-[#7]-c1ccc(cc1-[#7+](-[#8-])=O)S(=O)(=O)[#7]-[#6](=O)-c1ccc(cc1)-[#7]-1-[#6]-[#6]\[#6](-[#6]-[#6]-1)=[#6]/c1ccc(F)cc1 |r|,Ki, 3.4,nM,38793,,,False
[O-][N+](=O)c1cccc(Oc2cc(ccc2C(=O)NS(=O)(=O)c2ccc(NCC3CCOCC3)c(c2)[N+]([O-])=O)N2CCN(Cc3ccccc3-c3ccc(Cl)cc3)CC2)c1,Ki, 3.451,nM,387587,,,False
[O-][N+](=O)c1cccc(Oc2cc(ccc2C(=O)NS(=O)(=O)c2ccc(NCC3CCOCC3)c(c2)[N+]([O-])=O)N2CCN(Cc3ccccc3-c3ccc(Cl)cc3)CC2)c1,Ki, 3.451,nM,281341,,,False
COCCNc1ccc(cc1S(=O)(=O)C(F)(F)F)S(=O)(=O)NC(=O)c1ccc(cc1Oc1ccc2[nH]ccc2c1)N1CCN(CC2=C(CC(C)(C)CC2)c2ccc(Cl)cc2)CC1,Ki, 3.46,nM,1180018,,,False
COCCNc1ccc(cc1S(=O)(=O)C(F)(F)F)S(=O)(=O)NC(=O)c1ccc(cc1Oc1ccc2[nH]ccc2c1)N1CCN(CC2=C(CC(C)(C)CC2)c2ccc(Cl)cc2)CC1,Ki, 3.46,nM,704685,,,False
COCCNc1ccc(cc1S(=O)(=O)C(F)(F)F)S(=O)(=O)NC(=O)c1ccc(cc1Oc1ccc2[nH]ccc2c1)N1CCN(CC2=C(CC(C)(C)CC2)c2ccc(Cl)cc2)CC1,Ki, 3.46,nM,1372824,,,False
COCCNc1ccc(cc1S(=O)(=O)C(F)(F)F)S(=O)(=O)NC(=O)c1ccc(cc1Oc1ccc2[nH]ccc2c1)N1CCN(CC2=C(CC(C)(C)CC2)c2ccc(Cl)cc2)CC1 |t:49|,Ki, 3.461,nM,325021,,,False
COCCNc1ccc(cc1S(=O)(=O)C(F)(F)F)S(=O)(=O)NC(=O)c1ccc(cc1Oc1ccc2[nH]ccc2c1)N1CCN(CC2=C(CC(C)(C)CC2)c2ccc(Cl)cc2)CC1 |t:49|,Ki, 3.461,nM,339642,,,False
CC1(C)CC(=C(CN2CCN(CC2)c2ccc(C(=O)NS(=O)(=O)c3cnc(OCC4CCOCC4)c(c3)C#C)c(Oc3cc4cc[nH]c4cc3F)c2)CO1)c1ccc(Cl)cc1 |t:4|,Ki, 3.484,nM,281646,,,False
CC1(C)CC(=C(CN2CCN(CC2)c2ccc(C(=O)NS(=O)(=O)c3cnc(OCC4CCOCC4)c(c3)C#C)c(Oc3cc4cc[nH]c4cc3F)c2)CO1)c1ccc(Cl)cc1,Ki, 3.484,nM,387898,,,False
CN(C)CC[C@H](CSc1ccccc1)Nc1ccc(cc1[N+]([O-])=O)S(=O)(=O)NC(=O)c1ccc(cc1)N1CCN(Cc2ccccc2NC2CCCCC2)CC1 |r|,Ki, 3.5,nM,38826,,,False
FC(F)(F)S(=O)(=O)c1cc(ccc1NCC1CCOCC1)S(=O)(=O)NC(=O)c1ccc(cc1Oc1ccc2[nH]ccc2c1)N1CCN(Cc2ccccc2-c2ccc(Cl)cc2)CC1,Ki, 3.516,nM,324791,,,False
CC1(C)CCC(CN2CCN(CC2)c2ccc(C(=O)NS(=O)(=O)c3cnc(OCC4CCOCC4)c(c3)C#C)c(Oc3cccc4[nH]ccc34)c2)=C(C1)c1ccc(Cl)cc1 |c:56|,Ki, 3.54,nM,325094,,,False
CN(C)C(=O)COc1cccc(Oc2cc(ccc2C(=O)NS(=O)(=O)c2ccc(NCC3CCOCC3)c(c2)[N+]([O-])=O)N2CCN(Cc3ccccc3-c3ccc(Cl)cc3)CC2)c1,Ki, 3.567,nM,387684,,,False
CN(C)C(=O)COc1cccc(Oc2cc(ccc2C(=O)NS(=O)(=O)c2ccc(NCC3CCOCC3)c(c2)[N+]([O-])=O)N2CCN(Cc3ccccc3-c3ccc(Cl)cc3)CC2)c1,Ki, 3.567,nM,281438,,,False
[O-][N+](=O)c1cc(ccc1NCCCN1CCCC1)S(=O)(=O)NC(=O)c1ccc(cc1Oc1cccc2[nH]ccc12)N1CCN(CC2=C(CCCCCC2)c2ccc(Cl)cc2)CC1 |w:45.57|,Ki, 3.664,nM,324858,,,False
CC1(C)CCC(CN2CCN(CC2)c2ccc(C(=O)NS(=O)(=O)c3ccc(NC4CCC(F)(F)CC4)c(c3)[N+]([O-])=O)c(Oc3ccc4[nH]ccc4c3)c2)=C(C1)c1ccc(Cl)cc1 |c:58|,Ki, 3.684,nM,325011,,,False
Oc1ccc(cc1)N(C(=O)c1cc(-c2cc3OCOc3cc2C(=O)N2Cc3ccccc3C[C@H]2CN2CCOCC2)n2CCCCc12)c1ccccc1,Ki, 3.7,nM,51462834,,,False
CC1(C)CCC(CN2CCN(CC2)c2ccc(C(=O)NS(=O)(=O)c3ccc(NC[C@@H]4CCN(C4)C4COC4)c(c3)[N+]([O-])=O)c(Oc3cnc4[nH]ccc4c3)c2)=C(C1)c1ccc(Cl)cc1,Ki,<0.010,nM,704801,,,False
COCCOCCN1CC[C@H](C1)Nc1ccc(cc1[N+]([O-])=O)S(=O)(=O)NC(=O)c1ccc(cc1Oc1cnc2[nH]ccc2c1)N1CCN(CC2=C(CC(C)(C)CC2)c2ccc(Cl)cc2)CC1,Ki,<0.010,nM,1179961,,,False
CC1(C)CCC(CN2CCN(CC2)c2ccc(C(=O)NS(=O)(=O)c3ccc(NCC4CN(CC#N)CCO4)c(c3)[N+]([O-])=O)c(Oc3cnc4[nH]ccc4c3)c2)=C(C1)c1ccc(Cl)cc1,Ki,<0.010,nM,704806,,,False
CN1CCN(CC1)Nc1ccc(cc1[N+]([O-])=O)S(=O)(=O)NC(=O)c1ccc(cc1Oc1cnc2[nH]ccc2c1)N1CCN(CC2=C(CC(C)(C)OC2)c2ccc(Cl)cc2)CC1,Ki,<0.010,nM,1179966,,,False
CN(C)CC(=O)N1CCOC(CNc2ccc(cc2[N+]([O-])=O)S(=O)(=O)NC(=O)c2ccc(cc2Oc2cnc3[nH]ccc3c2)N2CCN(CC3=C(CC(C)(C)CC3)c3ccc(Cl)cc3)CC2)C1,Ki,<0.010,nM,704807,,,False
CC1(C)CCC(CN2CCN(CC2)c2ccc(C(=O)NS(=O)(=O)c3ccc(NCC4COCCN4)c(c3)[N+]([O-])=O)c(Oc3cnc4[nH]ccc4c3)c2)=C(C1)c1ccc(Cl)cc1,Ki,<0.010,nM,1179964,,,False
COCCOCCN1CCOC(CNc2ccc(cc2[N+]([O-])=O)S(=O)(=O)NC(=O)c2ccc(cc2Oc2cnc3[nH]ccc3c2)N2CCN(CC3=C(CC(C)(C)CC3)c3ccc(Cl)cc3)CC2)C1,Ki,<0.010,nM,704805,,,False
CC1(C)CCC(CN2CCN(CC2)c2ccc(C(=O)NS(=O)(=O)c3ccc(NC4CN(C4)C4COC4)c(c3)[N+]([O-])=O)c(Oc3cnc4[nH]ccc4c3)c2)=C(C1)c1ccc(Cl)cc1,Ki,<0.010,nM,1179965,,,False
CC(=O)N1CCC(CC1)Nc1ccc(cc1[N+]([O-])=O)S(=O)(=O)NC(=O)c1ccc(cc1Oc1cnc2[nH]ccc2c1)N1CCN(CC2=C(CC(C)(C)CC2)c2ccc(Cl)cc2)CC1,Ki,<0.010,nM,1179938,,,False
CC1(C)CCC(CN2CCN(CC2)c2ccc(C(=O)NS(=O)(=O)c3ccc(NCC4CN(CCO4)C4COC4)c(c3)S(=O)(=O)C(F)(F)F)c(Oc3cnc4[nH]ccc4c3)c2)=C(C1)c1ccc(Cl)cc1,Ki,<0.010,nM,1179937,,,False
CC1(C)CCC(CN2CCN(CC2)c2ccc(C(=O)NS(=O)(=O)c3ccc(N[C@@H]4CCOC4)c(c3)[N+]([O-])=O)c(Oc3cnc4[nH]ccc4c3)c2)=C(C1)c1ccc(Cl)cc1,Ki,<0.010,nM,704830,,,False
CC1(C)CCC(CN2CCN(CC2)c2ccc(C(=O)NS(=O)(=O)c3ccc(NCCCN4CCOCC4)c(c3)[N+]([O-])=O)c(Oc3cnc4[nH]ccc4c3)c2)=C(C1)c1ccc(Cl)cc1,Ki,<0.010,nM,1179942,,,False
CC(C)(C)N1CCC(CC1)Nc1ccc(cc1[N+]([O-])=O)S(=O)(=O)NC(=O)c1ccc(cc1Oc1cnc2[nH]ccc2c1)N1CCN(CC2=C(CC(C)(C)CC2)c2ccc(Cl)cc2)CC1,Ki,<0.010,nM,704819,,,False
CC1(C)CCC(CN2CCN(CC2)c2ccc(C(=O)NS(=O)(=O)c3ccc(N[C@@H]4CCN(C4)C4COC4)c(c3)[N+]([O-])=O)c(Oc3cnc4[nH]ccc4c3)c2)=C(C1)c1ccc(Cl)cc1,Ki,<0.010,nM,704816,,,False
COCCOCCS(=O)(=O)c1ccc(cc1Cl)S(=O)(=O)NC(=O)c1ccc(cc1Oc1cnc2[nH]ccc2c1)N1CCN(CC2=C(CC(C)(C)CC2)c2ccc(Cl)cc2)CC1,Ki,<0.010,nM,1179948,,,False
CC1(C)CCC(CN2CCN(CC2)c2ccc(C(=O)NS(=O)(=O)c3ccc(NCC4CN(CCO4)C(CF)CF)c(c3)[N+]([O-])=O)c(Oc3cnc4[nH]ccc4c3)c2)=C(C1)c1ccc(Cl)cc1,Ki,<0.010,nM,704843,,,False
CC(C)N1CCC2(CC1)CCC(=C(CN1CCN(CC1)c1ccc(C(=O)NS(=O)(=O)c3ccc(NCC4CCOCC4)c(c3)[N+]([O-])=O)c(Oc3cnc4[nH]ccc4c3)c1)C2)c1ccc(Cl)cc1,Ki,<0.010,nM,1179985,,,False
CN(C)CC(=O)N1CC[C@H](C1)Nc1ccc(cc1[N+]([O-])=O)S(=O)(=O)NC(=O)c1ccc(cc1Oc1cnc2[nH]ccc2c1)N1CCN(CC2=C(CC(C)(C)CC2)c2ccc(Cl)cc2)CC1,Ki,<0.010,nM,704846,,,False
[O-][N+](=O)c1cc(ccc1NCC1CCOCC1)S(=O)(=O)NC(=O)c1ccc(cc1Oc1cnc2[nH]ccc2c1)N1CCN(CC2=C(CCC3(CCCC3)C2)c2ccc(Cl)cc2)CC1,Ki,<0.010,nM,1179990,,,False
CC1(C)CCC(CN2CCN(CC2)c2ccc(C(=O)NS(=O)(=O)c3ccc(NC4CN(C4)C4COC4)c(c3)[N+]([O-])=O)c(Oc3cnc4[nH]ccc4c3)c2)=C(C1)c1ccc(Cl)cc1,Ki,<0.010,nM,704847,,,False
CC1(C)CCC(CN2CCN(CC2)c2ccc(C(=O)NS(=O)(=O)c3ccc(OCC4COCCN4)c(c3)[N+]([O-])=O)c(Oc3cnc4[nH]ccc4c3)c2)=C(C1)c1ccc(Cl)cc1,Ki,<0.010,nM,1179988,,,False
COCCOCCN1CC[C@H](C1)Nc1ccc(cc1[N+]([O-])=O)S(=O)(=O)NC(=O)c1ccc(cc1Oc1cnc2[nH]ccc2c1)N1CCN(CC2=C(CC(C)(C)CC2)c2ccc(Cl)cc2)CC1,Ki,<0.010,nM,704845,,,False
CC(C)N1CCC2(CC1)CCC(=C(CN1CCN(CC1)c1ccc(C(=O)NS(=O)(=O)c3cnc(OCC4CCOCC4)c(Cl)c3)c(Oc3cnc4[nH]ccc4c3)c1)C2)c1ccc(Cl)cc1,Ki,<0.010,nM,1179989,,,False
CC1(C)CCC(CN2CCN(CC2)c2ccc(C(=O)NS(=O)(=O)c3ccc(NC4CCS(=O)(=O)CC4)c(c3)[N+]([O-])=O)c(Oc3cnc4[nH]ccc4c3)c2)=C(C1)c1ccc(Cl)cc1,Ki,<0.010,nM,1179994,,,False
CC(C)(C)N1CCC(CC1)Nc1ccc(cc1S(=O)(=O)C(F)(F)F)S(=O)(=O)NC(=O)c1ccc(cc1Oc1cnc2[nH]ccc2c1)N1CCN(CC2=C(CC(C)(C)CC2)c2ccc(Cl)cc2)CC1,Ki,<0.010,nM,704832,,,False
CC1(C)CCC(CN2CCN(CC2)c2ccc(C(=O)NS(=O)(=O)c3ccc(NC4CCN(CC4)S(C)(=O)=O)c(c3)[N+]([O-])=O)c(Oc3cnc4[nH]ccc4c3)c2)=C(C1)c1ccc(Cl)cc1,Ki,<0.010,nM,1179992,,,False
CC1(C)CCC(CN2CCN(CC2)c2ccc(C(=O)NS(=O)(=O)c3ccc(NCC4CN(CCO4)C4COC4)c(c3)S(=O)(=O)C(F)(F)F)c(Oc3cnc4[nH]ccc4c3)c2)=C(C1)c1ccc(Cl)cc1,Ki,<0.010,nM,704833,,,False
CN(C)CC(=O)N1CCC(F)(COc2ncc(cc2Cl)S(=O)(=O)NC(=O)c2ccc(cc2Oc2cnc3[nH]ccc3c2)N2CCN(CC3=C(CC(C)(C)CC3)c3ccc(Cl)cc3)CC2)CC1,Ki,<0.010,nM,1179993,,,False
CC(C)N1CCC2(CC1)CCC(=C(CN1CCN(CC1)c1ccc(C(=O)NS(=O)(=O)c3cnc(OCC4CCOCC4)c(Cl)c3)c(Oc3cnc4[nH]ccc4c3)c1)C2)c1ccc(Cl)cc1,Ki,<0.010,nM,704859,,,False
CN(C)CC(=O)N1CCO[C@@H](CNc2ccc(cc2[N+]([O-])=O)S(=O)(=O)NC(=O)c2ccc(cc2Oc2cnc3[nH]ccc3c2)N2CCN(CC3=C(CC(C)(C)CC3)c3ccc(Cl)cc3)CC2)C1,Ki,<0.010,nM,1179971,,,False
[O-][N+](=O)c1cc(ccc1NCC1CCOCC1)S(=O)(=O)NC(=O)c1ccc(cc1Oc1cnc2[nH]ccc2c1)N1CCN(CC2=C(CCC3(CCN(CC3)C(CF)CF)C2)c2ccc(Cl)cc2)CC1,Ki,<0.010,nM,704856,,,False
CC(C)N1CCC2(CC1)CCC(=C(CN1CCN(CC1)c1ccc(C(=O)NS(=O)(=O)c3ccc(NCC4CCOCC4)c(c3)[N+]([O-])=O)c(Oc3cnc4[nH]ccc4c3)c1)C2)c1ccc(Cl)cc1,Ki,<0.010,nM,704857,,,False
CN(C)CC(=O)N1CCO[C@H](CNc2ccc(cc2[N+]([O-])=O)S(=O)(=O)NC(=O)c2ccc(cc2Oc2cnc3[nH]ccc3c2)N2CCN(CC3=C(CC(C)(C)CC3)c3ccc(Cl)cc3)CC2)C1,Ki,<0.010,nM,1179969,,,False
[O-][N+](=O)c1cc(ccc1N[C@H]1CC[C@@H](CC1)N1CCOCC1)S(=O)(=O)NC(=O)c1ccc(cc1Oc1cnc2[nH]ccc2c1)N1CCN(CC2=C(CCC3(CCCC3)C2)c2ccc(Cl)cc2)CC1,Ki, 0.010,nM,1179974,,,False
CN(C)CC(=O)N1CCC(F)(COc2ncc(cc2Cl)S(=O)(=O)NC(=O)c2ccc(cc2Oc2cnc3[nH]ccc3c2)N2CCN(CC3=C(CC(C)(C)CC3)c3ccc(Cl)cc3)CC2)CC1,Ki,<0.010,nM,704861,,,False
CN(C)CC(=O)N1CCO[C@@H](CNc2ccc(cc2[N+]([O-])=O)S(=O)(=O)NC(=O)c2ccc(cc2Oc2cnc3[nH]ccc3c2)N2CCN(CC3=C(CC(C)(C)CC3)c3ccc(Cl)cc3)CC2)C1,Ki,<0.010,nM,704850,,,False
[O-][N+](=O)c1cc(ccc1OCC1(F)CCOCC1)S(=O)(=O)NC(=O)c1ccc(cc1Oc1cnc2[nH]ccc2c1)N1CCN(CC2=C(CCC3(CCCC3)C2)c2ccc(Cl)cc2)CC1,Ki,<0.010,nM,1179978,,,False
CO[C@@H]1CC[C@H](CNc2ccc(cc2[N+]([O-])=O)S(=O)(=O)NC(=O)c2ccc(cc2Oc2cnc3[nH]ccc3c2)N2CCN(CC3=C(CC(C)(C)OC3)c3ccc(Cl)cc3)CC2)CC1,Ki,<0.010,nM,1179976,,,False
CN(C)CC(=O)N1CCO[C@H](CNc2ccc(cc2[N+]([O-])=O)S(=O)(=O)NC(=O)c2ccc(cc2Oc2cnc3[nH]ccc3c2)N2CCN(CC3=C(CC(C)(C)CC3)c3ccc(Cl)cc3)CC2)C1,Ki,<0.010,nM,704849,,,False
CC1(C)CCC(CN2CCN(CC2)c2ccc(C(=O)NS(=O)(=O)c3ccc(N[C@@H]4CCN(CC#N)C4)c(c3)[N+]([O-])=O)c(Oc3cnc4[nH]ccc4c3)c2)=C(C1)c1ccc(Cl)cc1,Ki,<0.010,nM,1179977,,,False
CC1(C)CCC(=C(CN2CCN(CC2)c2ccc(C(=O)NS(=O)(=O)c3ccc(NCC4CCOCC4)c(c3)[N+]([O-])=O)c(Oc3cnc4[nH]ccc4c3)c2)C1)c1ccc(Cl)cc1,Ki,<0.010,nM,1179982,,,False
[O-][N+](=O)c1cc(ccc1NCC1CCOCC1)S(=O)(=O)NC(=O)c1ccc(cc1Oc1cnc2[nH]ccc2c1)N1CCN(CC2=C(CCC3(CCN(CC3)C(CF)CF)C2)c2ccc(Cl)cc2)CC1,Ki,<0.010,nM,1179983,,,False
CC1(C)CCC(CN2CCN(CC2)c2ccc(C(=O)NS(=O)(=O)c3ccc(N[C@@H]4CCN(CC#N)C4)c(c3)[N+]([O-])=O)c(Oc3cnc4[nH]ccc4c3)c2)=C(C1)c1ccc(Cl)cc1,Ki,<0.010,nM,704853,,,False
CN1CCC(F)(COc2ccc(cc2Cl)S(=O)(=O)NC(=O)c2ccc(cc2Oc2cnc3[nH]ccc3c2)N2CCN(CC3=C(CC(C)(C)CC3)c3ccc(Cl)cc3)CC2)CC1,Ki,<0.010,nM,704874,,,False
CN1CCC(F)(COc2ccc(cc2Cl)S(=O)(=O)NC(=O)c2ccc(cc2Oc2cnc3[nH]ccc3c2)N2CCN(CC3=C(CC(C)(C)CC3)c3ccc(Cl)cc3)CC2)CC1,Ki,<0.010,nM,1180019,,,False
CC1(C)CCC(CN2CCN(CC2)c2ccc(C(=O)NS(=O)(=O)c3cnc(OCC4(F)CCN(CC4)C(CF)CF)c(Cl)c3)c(Oc3cnc4[nH]ccc4c3)c2)=C(C1)c1ccc(Cl)cc1,Ki,<0.010,nM,704873,,,False
CC1(C)CCC(CN2CCN(CC2)c2ccc(C(=O)NS(=O)(=O)c3cnc(OCC4(F)CCN(CC4)C(CF)CF)c(Cl)c3)c(Oc3cnc4[nH]ccc4c3)c2)=C(C1)c1ccc(Cl)cc1,Ki,<0.010,nM,1180017,,,False
CC1(C)CCC(CN2CCN(CC2)c2ccc(C(=O)NS(=O)(=O)c3cnc(OCC4(F)CCN(CC(F)F)CC4)c(Cl)c3)c(Oc3cnc4[nH]ccc4c3)c2)=C(C1)c1ccc(Cl)cc1,Ki,<0.010,nM,1180023,,,False
CC1(C)CCC(CN2CCN(CC2)c2ccc(C(=O)NS(=O)(=O)c3cnc(OCC4(F)CCN(CC(F)F)CC4)c(Cl)c3)c(Oc3cnc4[nH]ccc4c3)c2)=C(C1)c1ccc(Cl)cc1,Ki,<0.010,nM,704876,,,False
CC(C)n1cc(CN2CCN(CC2)c2ccc(C(=O)NS(=O)(=O)c3ccc(NCC4CCOCC4)c(c3)[N+]([O-])=O)c(Oc3ccc4[nH]ccc4c3)c2)c(cc1=O)-c1ccc(Cl)cc1,Ki, 3.727,nM,325013,,,False
CC1(C)CCC(CN2CCN(CC2)c2ccc(C(=O)NS(=O)(=O)c3ccc(OCC4(F)CCOCC4)c(c3)S(=O)(=O)C(F)(F)F)c(Oc3cnc(N)c(Cl)c3)c2)=C(C1)c1ccc(Cl)cc1 |c:60|,Ki, 3.779,nM,281671,,,False
CC1(C)CCC(CN2CCN(CC2)c2ccc(C(=O)NS(=O)(=O)c3ccc(OCC4(F)CCOCC4)c(c3)S(=O)(=O)C(F)(F)F)c(Oc3cnc(N)c(Cl)c3)c2)=C(C1)c1ccc(Cl)cc1,Ki, 3.779,nM,387923,,,False
Cc1c(C(O)=O)c(c(-c2ccc(Cl)cc2)n1C)-c1cccc(c1)N1CCN(CC1)c1ccc(NS(=O)(=O)c2ccc(N[C@H](CCN3CCCCC3)CSc3ccccc3)c(c2)S(=O)(=O)C(F)(F)F)cc1,Ki, 3.8,nM,50969067,,,False
CC1(C)CCC(CN2CCN(CC2)c2ccc(C(=O)NS(=O)(=O)c3ccc4nc[nH]c(=O)c4c3)c(Oc3cnc4[nH]ccc4c3)c2)=C(C1)c1ccc(Cl)cc1,Ki, 3.96,nM,1372801,,,False
CC1(C)CCC(CN2CCN(CC2)c2ccc(C(=O)NS(=O)(=O)c3ccc4nc[nH]c(=O)c4c3)c(Oc3cnc4[nH]ccc4c3)c2)=C(C1)c1ccc(Cl)cc1,Ki, 3.96,nM,1179972,,,False
CC1(C)CCC(CN2CCN(CC2)c2ccc(C(=O)NS(=O)(=O)c3ccc4nc[nH]c(=O)c4c3)c(Oc3cnc4[nH]ccc4c3)c2)=C(C1)c1ccc(Cl)cc1,Ki, 3.96,nM,704662,,,False
CC1(C)CCC(CN2CCN(CC2)c2ccc(C(=O)NS(=O)(=O)c3ccc4nc[nH]c(=O)c4c3)c(Oc3cnc4[nH]ccc4c3)c2)=C(C1)c1ccc(Cl)cc1 |c:51|,Ki, 3.964,nM,339621,,,False
COc1cccc(Oc2cc(ccc2C(=O)NS(=O)(=O)c2ccc(NCC3CCOCC3)c(c2)[N+]([O-])=O)N2CCN(Cc3ccccc3-c3ccc(Cl)cc3)CC2)c1,Ki, 3.965,nM,387599,,,False
COc1cccc(Oc2cc(ccc2C(=O)NS(=O)(=O)c2ccc(NCC3CCOCC3)c(c2)[N+]([O-])=O)N2CCN(Cc3ccccc3-c3ccc(Cl)cc3)CC2)c1,Ki, 3.965,nM,281353,,,False
[O-][N+](=O)c1cc(ccc1NCC1CCOCC1)S(=O)(=O)NC(=O)c1ccc(cc1Oc1cccc2[nH]ccc12)N1CCN(Cc2cc(ccc2-c2ccc(Cl)cc2)N2CCOCC2)CC1,Ki, 3.966,nM,324908,,,False
CN(C)CCCNc1ccc(cc1C(F)(F)F)S(=O)(=O)NC(=O)c1ccc(cc1Oc1ccccc1)N1CCN(Cc2ccccc2-c2ccc(Cl)cc2)CC1,Ki, 4.375,nM,324813,,,False
COCCNc1ccc(cc1S(=O)(=O)C(F)(F)F)S(=O)(=O)NC(=O)c1ccc(cc1Oc1cccc2[nH]ccc12)N1CCN(CC2=C(CC(C)(C)CC2)c2ccc(Cl)cc2)CC1 |t:49|,Ki, 4.417,nM,325015,,,False
[O-][N+](=O)c1cc(ccc1NC1CCN(CC1)S(=O)(=O)c1ccccc1)S(=O)(=O)NC(=O)c1ccc(cc1Oc1ccccc1)N1CCN(Cc2ccccc2-c2ccc(Cl)cc2)CC1,Ki, 4.454,nM,324873,,,False
CN(C)CC[C@H](CSc1ccccc1)Nc1ccc(cc1[N+]([O-])=O)S(=O)(=O)NC(=O)c1ccc(cc1)N1CCN(Cc2ccccc2C)CC1 |r|,Ki, 4.5,nM,38821,,,False
CC1(C)CCC(CN2CCN(CC2)c2ccc(C(=O)NS(=O)(=O)c3cnc(OCC4CCOCC4)c(c3)C#C)c(Oc3cc4cc[nH]c4cc3F)c2)=C(C1)c1ccc(Cl)cc1 |c:57|,Ki, 4.53,nM,281645,,,False
CC1(C)CCC(CN2CCN(CC2)c2ccc(C(=O)NS(=O)(=O)c3cnc(OCC4CCOCC4)c(c3)C#C)c(Oc3cc4cc[nH]c4cc3F)c2)=C(C1)c1ccc(Cl)cc1,Ki, 4.53,nM,387897,,,False
CC(C)c1cc(Oc2cc(ccc2C(=O)NS(=O)(=O)c2ccc(NCC3CCOCC3)c(c2)[N+]([O-])=O)N2CCN(CC3=C(CC(C)(C)CC3)c3ccc(Cl)cc3)CC2)cnc1N,Ki, 4.551,nM,387940,,,False
CC(C)c1cc(Oc2cc(ccc2C(=O)NS(=O)(=O)c2ccc(NCC3CCOCC3)c(c2)[N+]([O-])=O)N2CCN(CC3=C(CC(C)(C)CC3)c3ccc(Cl)cc3)CC2)cnc1N |t:44|,Ki, 4.551,nM,281688,,,False
"[O-][N+](=O)c1cc(ccc1NC1CCC(CC1)N1CCOCC1)S(=O)(=O)NC(=O)c1ccc(cc1Oc1cc2cc[nH]c2cc1Cl)N1CCN(CC2=C(CCOCC2)c2ccc(Cl)cc2)CC1 |t:56,(.97,8.56,;2.3,9.33,;2.3,10.87,;3.63,8.56,;3.63,7.02,;4.97,6.25,;6.3,7.02,;6.3,8.56,;4.97,9.33,;4.97,10.87,;6.3,11.64,;6.3,13.18,;7.63,13.95,;8.97,13.18,;8.97,11.64,;7.63,10.87,;10.3,13.95,;10.3,15.49,;11.63,16.26,;12.97,15.49,;12.97,13.95,;11.63,13.18,;4.97,4.71,;6.51,4.71,;3.43,4.71,;4.97,3.17,;3.63,2.4,;2.3,3.17,;3.63,.86,;4.97,.09,;4.97,-1.45,;3.63,-2.22,;2.3,-1.45,;2.3,.09,;.97,.86,;-.37,.09,;-1.7,.86,;-3.04,.09,;-4.5,.57,;-5.41,-.68,;-4.5,-1.93,;-3.04,-1.45,;-1.7,-2.22,;-.37,-1.45,;.97,-2.22,;3.63,-3.76,;4.97,-4.53,;4.97,-6.07,;3.63,-6.84,;3.63,-8.38,;2.3,-9.15,;2.41,-10.69,;1.29,-11.73,;-.24,-11.5,;-1.01,-10.17,;-.45,-8.74,;1.03,-8.28,;3.85,-11.25,;5.05,-10.29,;6.49,-10.85,;6.71,-12.37,;8.15,-12.94,;5.51,-13.33,;4.08,-12.77,;2.3,-6.07,;2.3,-4.53,)|",Ki, 4.555,nM,281638,,,False
[O-][N+](=O)c1cc(ccc1NC1CCC(CC1)N1CCOCC1)S(=O)(=O)NC(=O)c1ccc(cc1Oc1cc2cc[nH]c2cc1Cl)N1CCN(CC2=C(CCOCC2)c2ccc(Cl)cc2)CC1,Ki, 4.555,nM,387890,,,False
FC(F)(F)S(=O)(=O)c1cc(ccc1NCCCN1CCOCC1)S(=O)(=O)NC(=O)c1ccc(cc1Oc1cccc2[nH]ccc12)N1CCN(Cc2ccccc2-c2ccc(Cl)cc2)CC1,Ki, 4.558,nM,324793,,,False
Cc1c(C(O)=O)c(c(-c2ccc(Cl)cc2)n1C)-c1cccc(c1)N1CCN(CC1)c1ccc(NS(=O)(=O)c2ccc(N[C@H](CCN3CCC(C)(O)CC3)CSc3ccccc3)c(c2)S(=O)(=O)C(F)(F)F)cc1,Ki, 4.6,nM,50969064,,,False
CN(C)CC[C@H](CSc1ccccc1)Nc1ccc(cc1[N+]([O-])=O)S(=O)(=O)NC(=O)c1ccc(cc1)N1CCN(Cc2ccccc2S(C)(=O)=O)CC1 |r|,Ki, 4.6,nM,38825,,,False
CC1(C)CCC(CN2CCN(CC2)c2ccc(C(=O)NS(=O)(=O)c3ccc(NCC4CCOCC4)c(c3)C#N)c(Oc3ccc4[nH]ccc4c3)c2)=C(C1)c1ccc(Cl)cc1 |c:56|,Ki, 4.608,nM,325071,,,False
CC1(C)CCC(CN2CCN(CC2)c2ccc(C(=O)NS(=O)(=O)c3ccc(NC4CCN(CC4)C4Cc5ccccc5C4)c(c3)[N+]([O-])=O)c(Oc3ccc4[nH]ccc4c3)c2)=C(C1)c1ccc(Cl)cc1 |c:67|,Ki, 4.669,nM,324937,,,False
[O-][N+](=O)c1cc(ccc1NCC1CCOCC1)S(=O)(=O)NC(=O)c1ccc(cc1Oc1ccc2NCCc2c1)N1CCN(Cc2ccccc2-c2ccc(Cl)cc2)CC1,Ki, 4.726,nM,324856,,,False
CN1CCC(CC1)Nc1ccc(cc1[N+]([O-])=O)S(=O)(=O)NC(=O)c1ccc(cc1Oc1cccc2[nH]c3ccccc3c12)N1CCN(CC2=C(CC(C)(C)CC2)c2ccc(Cl)cc2)CC1 |t:54|,Ki, 4.92,nM,339558,,,False
CN1CCC(CC1)Nc1ccc(cc1[N+]([O-])=O)S(=O)(=O)NC(=O)c1ccc(cc1Oc1cccc2[nH]c3ccccc3c12)N1CCN(CC2=C(CC(C)(C)CC2)c2ccc(Cl)cc2)CC1,Ki, 4.92,nM,1179846,,,False
CN1CCC(CC1)Nc1ccc(cc1[N+]([O-])=O)S(=O)(=O)NC(=O)c1ccc(cc1Oc1cccc2[nH]c3ccccc3c12)N1CCN(CC2=C(CC(C)(C)CC2)c2ccc(Cl)cc2)CC1,Ki, 4.92,nM,1372738,,,False
CN1CCC(CC1)Nc1ccc(cc1[N+]([O-])=O)S(=O)(=O)NC(=O)c1ccc(cc1Oc1cccc2[nH]c3ccccc3c12)N1CCN(CC2=C(CC(C)(C)CC2)c2ccc(Cl)cc2)CC1,Ki, 4.92,nM,704599,,,False
COC(=O)CN\C=C1/C(=O)C(O)=C(C(C)C)c2cc(C)c(c(O)c12)-c1c(C)cc2C(C(C)C)=C(O)C(=O)\C(=C/NC(=O)OC)c2c1O,Ki, 5.0,nM,50527941,,,False
CC1(C)CCC(CN2CCN(CC2)c2ccc(C(=O)NS(=O)(=O)c3ccc(NCC4CCN(CC4)C(=O)OCc4ccccc4)c(c3)[N+]([O-])=O)c(Oc3ccc4[nH]ccc4c3)c2)=C(C1)c1ccc(Cl)cc1 |c:68|,Ki, 5.015,nM,325060,,,False
[O-][N+](=O)c1cc(ccc1NCC1CCOCC1)S(=O)(=O)NC(=O)c1ccc(cc1Oc1cccc(c1)-c1ccccc1)N1CCN(Cc2ccccc2-c2ccc(Cl)cc2)CC1,Ki, 5.263,nM,387665,,,False
[O-][N+](=O)c1cc(ccc1NCC1CCOCC1)S(=O)(=O)NC(=O)c1ccc(cc1Oc1cccc(c1)-c1ccccc1)N1CCN(Cc2ccccc2-c2ccc(Cl)cc2)CC1,Ki, 5.263,nM,281419,,,False
CC1(C)CCC(CN2CCN(CC2)c2ccc(C(=O)NS(=O)(=O)c3ccc(NCC4CCOCC4)c(c3)[N+]([O-])=O)c(Oc3ccc(NC4CC4)nc3)c2)=C(C1)c1ccc(Cl)cc1 |c:58|,Ki, 5.337,nM,281697,,,False
CC1(C)CCC(CN2CCN(CC2)c2ccc(C(=O)NS(=O)(=O)c3ccc(NCC4CCOCC4)c(c3)[N+]([O-])=O)c(Oc3ccc(NC4CC4)nc3)c2)=C(C1)c1ccc(Cl)cc1,Ki, 5.337,nM,387949,,,False
[O-][N+](=O)c1cc(ccc1NC1CCN(CC1)C1CCOCC1)S(=O)(=O)NC(=O)c1ccc(cc1Oc1ccc2[nH]ccc2c1)N1CCN(Cc2ccc(cc2-c2ccc(Cl)cc2)C(F)(F)F)CC1,Ki, 5.417,nM,325062,,,False
CN1CCC(CC1)Nc1ccc(cc1[N+]([O-])=O)S(=O)(=O)NC(=O)c1ccc(cc1Oc1ccc2[nH]ncc2c1)N1CCN(CC2=C(CC(C)(C)CC2)c2ccc(Cl)cc2)CC1 |t:49|,Ki, 5.428,nM,324759,,,False
[O-][N+](=O)c1cc(ccc1NCC1CCOCC1)S(=O)(=O)NC(=O)c1ccc(cc1Oc1cccc(c1)C#N)N1CCN(Cc2ccccc2-c2ccc(Cl)cc2)CC1,Ki, 5.455,nM,387601,,,False
[O-][N+](=O)c1cc(ccc1NCC1CCOCC1)S(=O)(=O)NC(=O)c1ccc(cc1Oc1cccc(c1)C#N)N1CCN(Cc2ccccc2-c2ccc(Cl)cc2)CC1,Ki, 5.455,nM,281355,,,False
CC1(C)CCC(CN2CCN(CC2)c2ccc(C(=O)NS(=O)(=O)c3ccc(NCC4CCOCC4)c(c3)C#N)c(Oc3cccc4[nH]ccc34)c2)=C(C1)c1ccc(Cl)cc1 |c:56|,Ki, 5.457,nM,325070,,,False
CC(=O)Nc1cccc(Oc2cc(ccc2C(=O)NS(=O)(=O)c2ccc(NCC3CCOCC3)c(c2)[N+]([O-])=O)N2CCN(Cc3ccccc3-c3ccc(Cl)cc3)CC2)c1,Ki, 5.578,nM,281350,,,False
CC(=O)Nc1cccc(Oc2cc(ccc2C(=O)NS(=O)(=O)c2ccc(NCC3CCOCC3)c(c2)[N+]([O-])=O)N2CCN(Cc3ccccc3-c3ccc(Cl)cc3)CC2)c1,Ki, 5.578,nM,387596,,,False
Oc1ccc(cc1)N(C(=O)c1cc(-c2cc3OCOc3cc2C(=O)N2Cc3ccccc3C[C@H]2CN2CCOCC2)n2CCCCc12)c1ccccc1,Ki, 5.6,nM,51462831,,,False
CN1CCC(CC1)Nc1ccc(cc1[N+]([O-])=O)S(=O)(=O)NC(=O)c1ccc(cc1Oc1cccc(NC(C)=O)c1)N1CCN(CC2=C(CC(C)(C)CC2)c2ccc(Cl)cc2)CC1 |t:49|,Ki, 5.603,nM,281550,,,False
CN1CCC(CC1)Nc1ccc(cc1[N+]([O-])=O)S(=O)(=O)NC(=O)c1ccc(cc1Oc1cccc(NC(C)=O)c1)N1CCN(CC2=C(CC(C)(C)CC2)c2ccc(Cl)cc2)CC1,Ki, 5.603,nM,387800,,,False
FC(F)(F)S(=O)(=O)c1cc(ccc1NCC1CCOCC1)S(=O)(=O)NC(=O)c1ccc(cc1Oc1ccccc1)N1CCN(Cc2ccccc2-c2ccc(Cl)cc2)CC1,Ki, 5.616,nM,324877,,,False
CC(C)(C)OC(=O)Nc1cccc(Oc2cc(ccc2C(=O)NS(=O)(=O)c2ccc(NCC3CCOCC3)c(c2)[N+]([O-])=O)N2CCN(Cc3ccccc3-c3ccc(Cl)cc3)CC2)c1,Ki, 5.626,nM,387664,,,False
CC(C)(C)OC(=O)Nc1cccc(Oc2cc(ccc2C(=O)NS(=O)(=O)c2ccc(NCC3CCOCC3)c(c2)[N+]([O-])=O)N2CCN(Cc3ccccc3-c3ccc(Cl)cc3)CC2)c1,Ki, 5.626,nM,281418,,,False
Cn1ccc2c(Oc3cc(ccc3C(=O)NS(=O)(=O)c3ccc(NCCCN4CCOCC4)c(c3)[N+]([O-])=O)N3CCN(Cc4ccccc4-c4ccc(Cl)cc4)CC3)cccc12,Ki, 5.934,nM,387647,,,False
Cn1ccc2c(Oc3cc(ccc3C(=O)NS(=O)(=O)c3ccc(NCCCN4CCOCC4)c(c3)[N+]([O-])=O)N3CCN(Cc4ccccc4-c4ccc(Cl)cc4)CC3)cccc12,Ki, 5.934,nM,281401,,,False
CC1(C)CCC(CN2CCN(CC2)c2ccc(C(=O)NS(=O)(=O)c3cnc(NCC4CCOCC4)c(Br)c3)c(Oc3ccc4[nH]ccc4c3)c2)=C(C1)c1ccc(Cl)cc1 |c:55|,Ki, 5.97,nM,325054,,,False
Cc1c(cnn1CC12CC3CC(CC(C3)C1)C2)-c1ccc(nc1C(O)=O)N1CCc2cccc(C(=O)Nc3nc4ccccc4s3)c2C1,Ki, 6.0,nM,50490142,,,False
CC1(C)CCC(CN2CCN(CC2)c2ccc(C(=O)NS(=O)(=O)c3ccc(NCC4CCOCC4)c(c3)[N+]([O-])=O)c(Oc3cnc(N)c(c3)C3CC3)c2)=C(C1)c1ccc(Cl)cc1,Ki, 6.052,nM,387941,,,False
CC1(C)CCC(CN2CCN(CC2)c2ccc(C(=O)NS(=O)(=O)c3ccc(NCC4CCOCC4)c(c3)[N+]([O-])=O)c(Oc3cnc(N)c(c3)C3CC3)c2)=C(C1)c1ccc(Cl)cc1 |c:58|,Ki, 6.052,nM,281689,,,False
CC1(C)CCC(CN2CCN(CC2)c2ccc(C(=O)NS(=O)(=O)c3ccc(NC4(CO)CCOCC4)c(c3)[N+]([O-])=O)c(Oc3cccc4[nH]ccc34)c2)=C(C1)c1ccc(Cl)cc1 |c:58|,Ki, 6.091,nM,324949,,,False
CN(C)CC[C@H](CSc1ccccc1)Nc1ccc(cc1[N+]([O-])=O)S(=O)(=O)NC(=O)c1ccc(cc1)N1CCN(CC1)S(=O)(=O)c1ccc(C)cc1 |r|,Ki, 6.1,nM,38796,,,False
Cc1c(cnn1CC12CC3CC(CC(C3)C1)C2)-c1ccc(nc1C(O)=O)N1CCc2cccc(C(=O)Nc3nc4ccccc4s3)c2C1,Ki, 6.1,nM,51389597,,,False
[O-][N+](=O)c1cc(ccc1NCC1CCOCC1)S(=O)(=O)NC(=O)c1ccc(cc1Oc1cccc(c1)N1CCOCC1)N1CCN(Cc2ccccc2-c2ccc(Cl)cc2)CC1,Ki, 6.111,nM,387668,,,False
[O-][N+](=O)c1cc(ccc1NCC1CCOCC1)S(=O)(=O)NC(=O)c1ccc(cc1Oc1cccc(c1)N1CCOCC1)N1CCN(Cc2ccccc2-c2ccc(Cl)cc2)CC1,Ki, 6.111,nM,281422,,,False
COC1CCN(CC1)c1ccc(cc1[N+]([O-])=O)S(=O)(=O)NC(=O)c1ccc(cc1Oc1ccc2[nH]ccc2c1)N1CCN(CC2=C(CC(C)(C)CC2)c2ccc(Cl)cc2)CC1 |t:49|,Ki, 6.156,nM,324978,,,False
CC1(C)CCC(CN2CCN(CC2)c2ccc(C(=O)NS(=O)(=O)c3ccc(NCCCN4CCOCC4)c(c3)[N+]([O-])=O)c(Oc3ccc4NCCCc4c3)c2)=C(C1)c1ccc(Cl)cc1 |c:60|,Ki, 6.218,nM,324760,,,False
CC1(C)CCC(CN2CCN(CC2)c2ccc(C(=O)NS(=O)(=O)c3ccc(NCC4CCOCC4)c(c3)[N+]([O-])=O)c(Oc3cnc4[nH]ccc4c3Cl)c2)=C(C1)c1ccc(Cl)cc1,Ki, 6.233,nM,387959,,,False
CC1(C)CCC(CN2CCN(CC2)c2ccc(C(=O)NS(=O)(=O)c3ccc(NCCCN4CCCC4)c(c3)[N+]([O-])=O)c(Oc3cccc4[nH]ccc34)c2)=C(C1)c1cccc(c1)C(F)(F)F |c:58|,Ki, 6.233,nM,324798,,,False
CC1(C)CCC(CN2CCN(CC2)c2ccc(C(=O)NS(=O)(=O)c3ccc(NCC4CCOCC4)c(c3)[N+]([O-])=O)c(Oc3cnc4[nH]ccc4c3Cl)c2)=C(C1)c1ccc(Cl)cc1 |c:58|,Ki, 6.233,nM,281707,,,False
CN(C)CCC(CSc1ccccc1)Nc1ccc(cc1[N+]([O-])=O)S(=O)(=O)NC(=O)c1ccc(cc1)N1CCC2(C[C-](Cc3ccccc3)N=[O+]2)CC1 |c:53|,Ki, 6.5,nM,38791,,,False
COC1(CC2CCCCC2)CCN(CC1)c1ccc(cc1)C(=O)NS(=O)(=O)c1ccc(N[C@H](CCN(C)C)CSc2ccccc2)c(c1)[N+]([O-])=O |r|,Ki, 6.6,nM,38801,,,False
CN(C)CCCNc1ccc(cc1[N+]([O-])=O)S(=O)(=O)NC(=O)c1ccc(cc1Oc1ccc2cc[nH]c2c1)N1CCN(Cc2ccccc2-c2ccc(Cl)cc2)CC1,Ki, 6.63,nM,324778,,,False
CN1CCC(CC1)Nc1ccc(cc1[N+]([O-])=O)S(=O)(=O)NC(=O)c1ccc(cc1Oc1ccc2NCCCc2c1)N1CCN(CC2=C(CC(C)(C)CC2)c2ccc(Cl)cc2)CC1 |t:50|,Ki, 6.639,nM,324761,,,False
CCN1CCCC1CNC(=O)c1cc(ccc1OC)S(=O)(=O)NC(=O)c1ccc(cc1Oc1ccccc1)N1CCN(Cc2ccccc2-c2ccc(Cl)cc2)CC1,Ki, 6.684,nM,324770,,,False
CNC(=O)c1cccc(Oc2cc(ccc2C(=O)NS(=O)(=O)c2ccc(NCCCN3CCOCC3)c(c2)[N+]([O-])=O)N2CCN(Cc3ccccc3-c3ccc(Cl)cc3)CC2)c1,Ki, 6.755,nM,387682,,,False
CNC(=O)c1cccc(Oc2cc(ccc2C(=O)NS(=O)(=O)c2ccc(NCCCN3CCOCC3)c(c2)[N+]([O-])=O)N2CCN(Cc3ccccc3-c3ccc(Cl)cc3)CC2)c1,Ki, 6.755,nM,281436,,,False
[O-][N+](=O)c1cc(ccc1NCC1CCOCC1)S(=O)(=O)NC(=O)c1ccc(cc1Oc1ccccc1)N1CCN(Cc2ccccc2-c2ccc(Cl)cc2)CC1,Ki, 6.773,nM,324755,,,False
CC1(C)CCC(CN2CCN(CC2)c2ccc(C(=O)NS(=O)(=O)c3cnc(NCC4CCOCC4)c(c3)C#N)c(Oc3ccc4[nH]ccc4c3)c2)=C(C1)c1ccc(Cl)cc1 |c:56|,Ki, 6.825,nM,325056,,,False
CC1(C)CCC(CN2CCN(CC2)c2ccc(C(=O)NS(=O)(=O)c3ccc(NC4CCN(CC4)C4Cc5ccccc5C4)c(c3)[N+]([O-])=O)c(Oc3cccc4[nH]ccc34)c2)=C(C1)c1ccc(Cl)cc1 |c:67|,Ki, 6.831,nM,324936,,,False
CN1CCC(CC1)Nc1ccc(cc1[N+]([O-])=O)S(=O)(=O)NC(=O)c1ccc(cc1Oc1c(F)cccc1Cl)N1CCN(CC2=C(CC(C)(C)CC2)c2ccc(Cl)cc2)CC1,Ki, 6.935,nM,387729,,,False
CN1CCC(CC1)Nc1ccc(cc1[N+]([O-])=O)S(=O)(=O)NC(=O)c1ccc(cc1Oc1c(F)cccc1Cl)N1CCN(CC2=C(CC(C)(C)CC2)c2ccc(Cl)cc2)CC1 |t:47|,Ki, 6.935,nM,281482,,,False
Cn1ncc(c1CN1CCN(CC1)c1ccc(C(=O)NS(=O)(=O)c2ccc(NCC3CCOCC3)c(c2)[N+]([O-])=O)c(Oc2ccc3[nH]ccc3c2)c1)-c1ccc(Cl)cc1,Ki, 6.994,nM,324992,,,False
CC1(C)CCC(CN2CCN(CC2)c2ccc(C(=O)NS(=O)(=O)c3ccc(NC4CCN(CC4)C4CCOCC4)c(c3)[N+]([O-])=O)c(c2)-c2ccc(N)nc2)=C(C1)c1ccc(Cl)cc1,Ki, 7.013,nM,387830,,,False
CC1(C)CCC(CN2CCN(CC2)c2ccc(C(=O)NS(=O)(=O)c3ccc(NC4CCN(CC4)C4CCOCC4)c(c3)[N+]([O-])=O)c(c2)-c2ccc(N)nc2)=C(C1)c1ccc(Cl)cc1 |c:59|,Ki, 7.013,nM,281580,,,False
CC1(C)CCC(CN2CCN(CC2)c2ccc(C(=O)NS(=O)(=O)c3ccc(cc3)S(=O)(=O)N3CCOCC3)c(Oc3ccc4[nH]ccc4c3)c2)=C(C1)c1ccc(Cl)cc1 |c:55|,Ki, 7.128,nM,325065,,,False
Cc1nc(C)c(s1)-c1cccc(Oc2cc(ccc2C(=O)NS(=O)(=O)c2ccc(NCCCN3CCOCC3)c(c2)[N+]([O-])=O)N2CCN(Cc3ccccc3-c3ccc(Cl)cc3)CC2)c1,Ki, 7.173,nM,281366,,,False
Cc1nc(C)c(s1)-c1cccc(Oc2cc(ccc2C(=O)NS(=O)(=O)c2ccc(NCCCN3CCOCC3)c(c2)[N+]([O-])=O)N2CCN(Cc3ccccc3-c3ccc(Cl)cc3)CC2)c1,Ki, 7.173,nM,387612,,,False
CCCn1c(C)c(C(O)=O)c(c1-c1ccc(Cl)cc1)-c1cccc(c1)N1CCN(CC1)c1ccc(NS(=O)(=O)c2ccc(N[C@H](CCN3CCC(O)CC3)CSc3ccccc3)c(c2)S(=O)(=O)C(F)(F)F)cc1,Ki, 7.5,nM,50969061,,,False
CC(C)(C)OC(=O)Nc1cc(Oc2cc(ccc2C(=O)NS(=O)(=O)c2ccc(NCC3CCOCC3)c(c2)[N+]([O-])=O)N2CCN(CC3=C(CC(C)(C)CC3)c3ccc(Cl)cc3)CC2)ccn1 |t:49|,Ki, 7.55,nM,281604,,,False
CC(C)(C)OC(=O)Nc1cc(Oc2cc(ccc2C(=O)NS(=O)(=O)c2ccc(NCC3CCOCC3)c(c2)[N+]([O-])=O)N2CCN(CC3=C(CC(C)(C)CC3)c3ccc(Cl)cc3)CC2)ccn1,Ki, 7.55,nM,387855,,,False
CC1(C)CCC(CN2CCN(CC2)c2ccc(C(=O)NS(=O)(=O)c3ccc(NC4CCN(CC4)C4CCOCC4)c(c3)[N+]([O-])=O)c(Nc3ccccc3Cl)c2)=C(C1)c1ccc(Cl)cc1 |c:60|,Ki, 7.586,nM,281552,,,False
CC1(C)CCC(CN2CCN(CC2)c2ccc(C(=O)NS(=O)(=O)c3ccc(NC4CCN(CC4)C4CCOCC4)c(c3)[N+]([O-])=O)c(Nc3ccccc3Cl)c2)=C(C1)c1ccc(Cl)cc1,Ki, 7.586,nM,387802,,,False
[O-][N+](=O)c1cc(ccc1OCC1CCOCC1)S(=O)(=O)NC(=O)c1ccc(cc1Oc1ccc2[nH]ccc2c1)N1CCN(Cc2ccc(cc2-c2ccc(Cl)cc2)C(F)(F)F)CC1,Ki, 7.593,nM,325044,,,False
C[C@@H](N1CCN(CC1)c1ccc(C(=O)NS(=O)(=O)c2ccc(NCC3CCOCC3)c(c2)[N+]([O-])=O)c(Oc2cccc3[nH]ccc23)c1)c1ccccc1-c1ccc(Cl)cc1,Ki, 7.834,nM,324963,,,False
CN(C)CC[C@H](CSc1ccccc1)Nc1ccc(cc1[N+]([O-])=O)S(=O)(=O)NC(=O)c1ccc(cc1)N1CCN(Cc2ccccc2-c2ccc(Cl)cc2)CC1,Ki, 8,nM,50606471,,,False
COC1(Cc2ccccc2)CCN(CC1)c1ccc(cc1)C(=O)NS(=O)(=O)c1ccc(N[C@H](CCN(C)C)CSc2ccccc2)c(c1)[N+]([O-])=O |r|,Ki, 8.1,nM,38789,,,False
[O-][N+](=O)c1cc(ccc1NCCCN1CCOCC1)S(=O)(=O)NC(=O)c1ccc(cc1Oc1cccc(c1)N1CCOCC1)N1CCN(Cc2ccccc2-c2ccc(Cl)cc2)CC1,Ki, 8.246,nM,387648,,,False
[O-][N+](=O)c1cc(ccc1NCCCN1CCOCC1)S(=O)(=O)NC(=O)c1ccc(cc1Oc1cccc(c1)N1CCOCC1)N1CCN(Cc2ccccc2-c2ccc(Cl)cc2)CC1,Ki, 8.246,nM,281402,,,False
CC1(C)CCC(CN2CCN(CC2)c2ccc(C(=O)NS(=O)(=O)c3cnc(OCC4CCOCC4)c(c3)-c3nccs3)c(Oc3ccc4[nH]ccc4c3)c2)=C(C1)c1ccc(Cl)cc1 |c:60|,Ki, 8.266,nM,325035,,,False
Cc1nc2ccc(Oc3cc(ccc3C(=O)NS(=O)(=O)c3ccc(NCC4CCOCC4)c(c3)[N+]([O-])=O)N3CCN(Cc4ccccc4-c4ccc(Cl)cc4)CC3)cc2s1,Ki, 8.27,nM,387602,,,False
Cc1nc2ccc(Oc3cc(ccc3C(=O)NS(=O)(=O)c3ccc(NCC4CCOCC4)c(c3)[N+]([O-])=O)N3CCN(Cc4ccccc4-c4ccc(Cl)cc4)CC3)cc2s1,Ki, 8.27,nM,281356,,,False
CC1(C)CCC(CN2CCN(CC2)c2ccc(C(=O)NS(=O)(=O)c3ccc(NCC4CCOCC4)c(c3)[N+]([O-])=O)c(Oc3cc(N)nc(N)c3)c2)=C(C1)c1ccc(Cl)cc1 |c:55|,Ki, 8.274,nM,281703,,,False
CC1(C)CCC(CN2CCN(CC2)c2ccc(C(=O)NS(=O)(=O)c3ccc(NCC4CCOCC4)c(c3)[N+]([O-])=O)c(Oc3cc(N)nc(N)c3)c2)=C(C1)c1ccc(Cl)cc1,Ki, 8.274,nM,387955,,,False
CN(C)Cc1cccc(Oc2cc(ccc2C(=O)NS(=O)(=O)c2ccc(NCC3CCOCC3)c(c2)[N+]([O-])=O)N2CCN(Cc3ccccc3-c3ccc(Cl)cc3)CC2)c1,Ki, 8.354,nM,281334,,,False
CN(C)Cc1cccc(Oc2cc(ccc2C(=O)NS(=O)(=O)c2ccc(NCC3CCOCC3)c(c2)[N+]([O-])=O)N2CCN(Cc3ccccc3-c3ccc(Cl)cc3)CC2)c1,Ki, 8.354,nM,387580,,,False
CC(C)[C@H](CO)Nc1ccc(cc1[N+]([O-])=O)S(=O)(=O)NC(=O)c1ccc(cc1Oc1ccc2[nH]ccc2c1)N1CCN(CC2=C(CC(C)(C)CC2)c2ccc(Cl)cc2)CC1 |t:47|,Ki, 8.376,nM,325075,,,False
CN(C)CC[C@H](CSc1ccccc1)Nc1ccc(cc1[N+]([O-])=O)S(=O)(=O)Nc1ccc(cc1)N1CCN(CC1)c1ccc(cc1)-c1c(cn(CC[C@H](O)CO)c1C(=O)NCCCN1CCN(C)CC1)-c1ccc(Cl)cc1,Ki, 8.5,nM,50947925,,,False
CC1(C)CCC(CN2CCN(CC2)c2ccc(C(=O)NS(=O)(=O)c3ccc(NCN4CCN(Cc5nccs5)CC4)c(c3)[N+]([O-])=O)c(Oc3ccc4[nH]ccc4c3)c2)=C(C1)c1ccc(Cl)cc1 |c:64|,Ki, 8.819,nM,235384,,,False
[#6]-[#7](-[#6])-[#6]-[#6]-[#6@H](-[#6]-[#16]-c1ccccc1)-[#7]-c1ccc(cc1-[#7+](-[#8-])=O)S(=O)(=O)[#7]-[#6](=O)-c1ccc(cc1)-[#7]-1-[#6]-[#6]\[#6](-[#6]-[#6]-1)=[#6]/c1ccc(cc1)C(F)(F)F |r|,Ki, 9.4,nM,38815,,,False
CC[C@H](C)[C@H](NC(C)=O)C(=O)N[C@@H](C)C(=O)N[C@@H](CCC(N)=O)C(=O)N[C@@H](CCC(O)=O)C(=O)N[C@@H](CCCNC(N)=N)C(=O)N[C@@H](CCCNC(N)=N)C(=O)N[C@@H]([C@@H](C)CC)C(=O)NCC(=O)N[C@@H](CC(O)=O)C(=O)N[C@@H](CCC(O)=O)C(=O)N[C@@H](Cc1ccccc1)C(N)=O,Ki, 9.5,nM,51512266,,,False
CC(=O)Nc1ccc(Oc2cc(ccc2C(=O)NS(=O)(=O)c2ccc(NCC3CCOCC3)c(c2)[N+]([O-])=O)N2CCN(CC3=C(CC(C)(C)CC3)c3ccc(Cl)cc3)CC2)cn1 |t:46|,Ki, 9.567,nM,281678,,,False
CC(=O)Nc1ccc(Oc2cc(ccc2C(=O)NS(=O)(=O)c2ccc(NCC3CCOCC3)c(c2)[N+]([O-])=O)N2CCN(CC3=C(CC(C)(C)CC3)c3ccc(Cl)cc3)CC2)cn1,Ki, 9.567,nM,387930,,,False
CC1OC2(CCN(CC2)c2ccc(cc2)C(=O)NS(=O)(=O)c2ccc(N[C@H](CCN(C)C)CSc3ccccc3)c(c2)[N+]([O-])=O)N(Cc2ccccc2)C1=O |r|,Ki, 9.6,nM,38792,,,False
Cc1nc2cc(Oc3cc(ccc3C(=O)NS(=O)(=O)c3ccc(NCC4CCOCC4)c(c3)[N+]([O-])=O)N3CCN(Cc4ccccc4-c4ccc(Cl)cc4)CC3)ccc2s1,Ki, 10.626,nM,387669,,,False
Cc1nc2cc(Oc3cc(ccc3C(=O)NS(=O)(=O)c3ccc(NCC4CCOCC4)c(c3)[N+]([O-])=O)N3CCN(Cc4ccccc4-c4ccc(Cl)cc4)CC3)ccc2s1,Ki, 10.626,nM,281423,,,False
CN1CCC(CC1)Nc1ccc(cc1[N+]([O-])=O)S(=O)(=O)NC(=O)c1ccc(cc1OCc1csc(N)n1)N1CCN(CC2=C(CC(C)(C)CC2)c2ccc(Cl)cc2)CC1,Ki, 10.911,nM,387799,,,False
CN1CCC(CC1)Nc1ccc(cc1[N+]([O-])=O)S(=O)(=O)NC(=O)c1ccc(cc1OCc1csc(N)n1)N1CCN(CC2=C(CC(C)(C)CC2)c2ccc(Cl)cc2)CC1 |t:46|,Ki, 10.911,nM,281549,,,False
CC[C@H](C)[C@H](NC(=O)[C@H](CC(N)=O)NC(=O)[C@H](CCCN=C(N)N)NC(=O)[C@@H](NC(=O)[C@@H](NC(=O)[C@H](CC(O)=O)NC(=O)[C@H](CCC(O)=O)NC(=O)[C@@H](N)CCC(N)=O)[C@@H](C)CC)[C@@H](C)CC)C(=O)N[C@@H](C)C(=O)N[C@@H](CCCN=C(N)N)C(=O)N[C@@H](Cc1cnc[nH]1)C(=O)N[C@@H](CC(C)C)C(=O)N[C@@H](C)C(=O)N[C@@H](CCC(N)=O)C(=O)N[C@@H](C(C)C)C(=O)NCC(=O)N[C@@H](CC(O)=O)C(=O)N[C@@H](CO)C(=O)N[C@@H](CCSC)C(=O)N[C@@H](CC(O)=O)C(=O)N[C@@H](CCCN=C(N)N)C(O)=O,Ki, 11,nM,50361890,,,False
CC1(C)CCC(CN2CCN(CC2)c2ccc(C(=O)NS(=O)(=O)c3ccc(Nc4ccc(O)cc4)c(c3)[N+]([O-])=O)c(Oc3ccc4[nH]ccc4c3)c2)=C(C1)c1ccc(Cl)cc1 |c:57|,Ki, 11.254,nM,325078,,,False
CCOC(=O)c1c(c(cn1C)-c1ccc(Cl)cc1)-c1cccc(c1)N1CCN(CC1)c1ccc(NS(=O)(=O)c2ccc(N[C@H](CCN(C)C)CSc3ccccc3)c(c2)[N+]([O-])=O)cc1,Ki, 11.6,nM,50947900,,,False
CC(C)(C)OC(=O)Oc1cc(ccc1C(=O)NS(=O)(=O)c1ccc(NCC2CCOCC2)c(c1)[N+]([O-])=O)N1CCc2c(C1)cccc2N1CCN(CC2=C(CC(C)(C)CC2)c2ccc(Cl)cc2)CC1 |t:57|,Ki, 11.834,nM,198648,,,False
CC(C)(C)OC(=O)N1CCc2c(C1)cccc2Oc1cc(ccc1C(=O)NS(=O)(=O)c1ccc(NCC2CCOCC2)c(c1)[N+]([O-])=O)N1CCN(CC2=C(CC(C)(C)CC2)c2ccc(Cl)cc2)CC1,Ki, 11.834,nM,387835,,,False
CC1CC(=O)NN=C1c1ccc(cc1)S(=O)(=O)NC(=O)c1ccc(cc1Oc1ccccc1)N1CCN(Cc2ccccc2-c2ccc(Cl)cc2)CC1 |c:6|,Ki, 11.911,nM,324766,,,False
COCCNC(=O)c1ccc(cc1)S(=O)(=O)NC(=O)c1ccc(cc1Oc1ccc2[nH]ccc2c1)N1CCN(CC2=C(CC(C)(C)CC2)c2ccc(Cl)cc2)CC1 |t:44|,Ki, 12.582,nM,325036,,,False
CC(C)(C)c1ccc(CN2CCN(CC2)c2ccc(C(=O)NS(=O)(=O)c3ccc(NCC4CCOCC4)c(c3)[N+]([O-])=O)c(Oc3ccc4[nH]ccc4c3)c2)c(c1)-c1ccc(Cl)cc1,Ki, 12.998,nM,325045,,,False
[#6]-[#7](-[#6])-[#6]-[#6]-[#6@H](-[#6]-[#16]-c1ccccc1)-[#7]-c1ccc(cc1-[#7+](-[#8-])=O)S(=O)(=O)[#7]-[#6](=O)-c1ccc(cc1)-[#7]-1-[#6]-[#6]\[#6](-[#6]-[#6]-1)=[#6]/c1ccccc1C#N |r|,Ki, 13,nM,38817,,,False
CC(C)(C)c1ccc(CN2CCN(CC2)c2ccc(C(=O)NS(=O)(=O)c3ccc(NC4CCN(CC4)C4CCOCC4)c(c3)[N+]([O-])=O)c(Oc3ccc4[nH]ccc4c3)c2)c(c1)-c1ccc(Cl)cc1,Ki, 13.481,nM,325063,,,False
[O-][N+](=O)c1cc(ccc1NCC1CCOCC1)S(=O)(=O)NC(=O)c1ccc(cc1Oc1ccccc1-c1ccccc1)N1CCN(Cc2ccccc2-c2ccc(Cl)cc2)CC1,Ki, 13.654,nM,387663,,,False
[O-][N+](=O)c1cc(ccc1NCC1CCOCC1)S(=O)(=O)NC(=O)c1ccc(cc1Oc1ccccc1-c1ccccc1)N1CCN(Cc2ccccc2-c2ccc(Cl)cc2)CC1,Ki, 13.654,nM,281417,,,False
CN1CCN(CC1)Nc1ccc(cc1[N+]([O-])=O)S(=O)(=O)NC(=O)c1ccc(cc1Oc1ccc2[nH]cc(CCN)c2c1)N1CCN(CC2=C(CC(C)(C)CC2)c2ccc(Cl)cc2)CC1 |t:52|,Ki, 13.659,nM,281623,,,False
CN1CCN(CC1)Nc1ccc(cc1[N+]([O-])=O)S(=O)(=O)NC(=O)c1ccc(cc1Oc1ccc2[nH]cc(CCN)c2c1)N1CCN(CC2=C(CC(C)(C)CC2)c2ccc(Cl)cc2)CC1,Ki, 13.659,nM,387875,,,False
CN(C)c1cccc(Oc2cc(ccc2C(=O)NS(=O)(=O)c2ccc(NCC3CCOCC3)c(c2)[N+]([O-])=O)N2CCN(Cc3ccccc3-c3ccc(Cl)cc3)CC2)c1,Ki, 14.054,nM,387600,,,False
CN(C)c1cccc(Oc2cc(ccc2C(=O)NS(=O)(=O)c2ccc(NCC3CCOCC3)c(c2)[N+]([O-])=O)N2CCN(Cc3ccccc3-c3ccc(Cl)cc3)CC2)c1,Ki, 14.054,nM,281354,,,False
Cc1c(C(O)=O)c(c(-c2ccc(Cl)cc2)n1C)-c1cccc(c1)N1CCN(CC1)c1ccc(NS(=O)(=O)c2ccc(N[C@H](CCN3CCOCC3)CSc3ccccc3)c(c2)S(=O)(=O)C(F)(F)F)cc1,Ki, 14.1,nM,50969070,,,False
[O-][N+](=O)c1cc(ccc1NCC1CCOCC1)S(=O)(=O)NC(=O)c1ccc(cc1Oc1ccc2[nH]ccc2c1)N1CCN(Cc2ccc(cc2-c2ccc(Cl)cc2)C(F)(F)F)CC1,Ki, 14.136,nM,325043,,,False
CC1(C)CCC(CN2CCN(CC2)c2ccc(C(=O)NS(=O)(=O)c3ccc(NC4CCN(CC4)C4CCOCC4)c(c3)[N+]([O-])=O)c(OCc3csc(N)n3)c2)=C(C1)c1ccc(Cl)cc1,Ki, 14.857,nM,387795,,,False
CC1(C)CCC(CN2CCN(CC2)c2ccc(C(=O)NS(=O)(=O)c3ccc(NC4CCN(CC4)C4CCOCC4)c(c3)[N+]([O-])=O)c(OCc3csc(N)n3)c2)=C(C1)c1ccc(Cl)cc1 |c:60|,Ki, 14.857,nM,281545,,,False
CC(C)(C)OC(=O)Nc1cc(Oc2cc(ccc2C(=O)NS(=O)(=O)c2ccc(NCC3CCOCC3)c(c2)[N+]([O-])=O)N2CCN(CC3=C(CC(C)(C)CC3)c3ccc(Cl)cc3)CC2)cc(Br)n1 |t:49|,Ki, 14.978,nM,281695,,,False
CC(C)(C)OC(=O)Nc1cc(Oc2cc(ccc2C(=O)NS(=O)(=O)c2ccc(NCC3CCOCC3)c(c2)[N+]([O-])=O)N2CCN(CC3=C(CC(C)(C)CC3)c3ccc(Cl)cc3)CC2)cc(Br)n1,Ki, 14.978,nM,387947,,,False
Cc1nc2cc(Oc3cc(ccc3C(=O)NS(=O)(=O)c3ccc(NCCCN4CCOCC4)c(c3)[N+]([O-])=O)N3CCN(Cc4ccccc4-c4ccc(Cl)cc4)CC3)ccc2s1,Ki, 14.984,nM,387603,,,False
Cc1nc2cc(Oc3cc(ccc3C(=O)NS(=O)(=O)c3ccc(NCCCN4CCOCC4)c(c3)[N+]([O-])=O)N3CCN(Cc4ccccc4-c4ccc(Cl)cc4)CC3)ccc2s1,Ki, 14.984,nM,281357,,,False
CN(C)CC[C@H](CSc1ccccc1)Nc1ccc(cc1[N+]([O-])=O)S(=O)(=O)Nc1ccc(NCCNc2cccc(c2)-c2c(cn(CC[C@H](O)CO)c2C(=O)NCCCN2CCN(C)CC2)-c2ccc(Cl)cc2)cc1,Ki, 15.4,nM,50947924,,,False
COC1(CC(C)(C)C)CCN(CC1)c1ccc(cc1)C(=O)NS(=O)(=O)c1ccc(N[C@H](CCN(C)C)CSc2ccccc2)c(c1)[N+]([O-])=O |r|,Ki, 16,nM,38799,,,False
[O-][N+](=O)c1cc(ccc1NCCCN1CCOCC1)S(=O)(=O)NC(=O)c1ccc(cc1Oc1cccc(OCc2ccccc2)c1)N1CCN(Cc2ccccc2-c2ccc(Cl)cc2)CC1,Ki, 16.83,nM,281426,,,False
[O-][N+](=O)c1cc(ccc1NCCCN1CCOCC1)S(=O)(=O)NC(=O)c1ccc(cc1Oc1cccc(OCc2ccccc2)c1)N1CCN(Cc2ccccc2-c2ccc(Cl)cc2)CC1,Ki, 16.83,nM,387672,,,False
CN(C)CC[C@H](CSc1ccccc1)Nc1ccc(cc1[N+]([O-])=O)S(=O)(=O)NC(=O)c1ccc(cc1)N1CCN(Cc2ccccc2-c2cccc(Cl)c2)CC1 |r|,Ki, 16.9,nM,38834,,,False
CC1(C)CCC(CN2CCN(CC2)c2ccc(C(=O)NS(=O)(=O)c3ccc(NCC4CCOCC4)c(c3)N(=O)=O)c(Oc3cnc4[nH]ccc4c3)c2)=C(C1)c1ccc(Cl)cc1,Ki, 17,nM,51462836,,,False
CC[C@H](C)[C@H](NC(C)=O)C(=O)N[C@@H](Cc1c[nH]c2ccccc12)C(=O)N[C@@H]([C@@H](C)CC)C(=O)N[C@@H](C)C(=O)N[C@@H](CCC(N)=O)C(=O)N[C@@H](CCC(O)=O)C(=O)N[C@@H](CC(C)C)C(=O)N[C@@H](CCCNC(N)=N)C(=O)N[C@@H](CCCNC(N)=N)C(=O)N[C@@H]([C@@H](C)CC)C(=O)NCC(=O)N[C@@H](CC(O)=O)C(=O)N[C@@H](CCC(O)=O)C(=O)N[C@@H](Cc1ccccc1)C(=O)N[C@@H](CC(N)=O)C(=O)N[C@@H](C)C(=O)N[C@@H](Cc1ccc(O)cc1)C(=O)N[C@@H](Cc1ccc(O)cc1)C(=O)N[C@@H](C)C(=O)N[C@@H](CCCNC(N)=N)C(=O)N[C@@H](CCCNC(N)=N)C(N)=O,Ki, 17,nM,51512265,,,False
CC(C)Cc1c(O)c(O)c(O)c2c1oc(C)c(-c1ccc(cc1)-c1c(C)oc3c(CC(C)C)c(O)c(O)c(O)c3c1=O)c2=O,Ki, 17,nM,50389195,,,False
CC1(C)CCC(CN2CCN(CC2)c2ccc(C(=O)NS(=O)(=O)c3ccc(NCC4CCOCC4)c(c3)[N+]([O-])=O)c(Oc3ccc(O)nc3)c2)=C(C1)c1ccc(Cl)cc1 |c:54|,Ki, 17.21,nM,281607,,,False
CC1(C)CCC(CN2CCN(CC2)c2ccc(C(=O)NS(=O)(=O)c3ccc(NCC4CCOCC4)c(c3)[N+]([O-])=O)c(Oc3ccc(O)nc3)c2)=C(C1)c1ccc(Cl)cc1,Ki, 17.21,nM,387858,,,False
CN1CCC(CC1)Nc1ccc(cc1[N+]([O-])=O)C(=O)NS(=O)(=O)c1ccc(cc1Oc1cc(Cl)cc(Cl)c1)N1CCN(Cc2ccccc2-c2ccc(Cl)cc2)CC1,Ki, 17.44,nM,281443,,,False
CN1CCC(CC1)Nc1ccc(cc1[N+]([O-])=O)C(=O)NS(=O)(=O)c1ccc(cc1Oc1cc(Cl)cc(Cl)c1)N1CCN(Cc2ccccc2-c2ccc(Cl)cc2)CC1,Ki, 17.44,nM,387689,,,False
CC1(C)CCC(CN2CCN(CC2)c2ccc(C(=O)NS(=O)(=O)c3ccc(NCC4CCOCC4)c(c3)[N+]([O-])=O)c(Oc3cc(N)nc(Br)c3)c2)=C(C1)c1ccc(Cl)cc1 |c:55|,Ki, 17.948,nM,281702,,,False
CC1(C)CCC(CN2CCN(CC2)c2ccc(C(=O)NS(=O)(=O)c3ccc(NCC4CCOCC4)c(c3)[N+]([O-])=O)c(Oc3cc(N)nc(Br)c3)c2)=C(C1)c1ccc(Cl)cc1,Ki, 17.948,nM,387954,,,False
CC1(C)CCC(CN2CCN(CC2)c2ccc(C(=O)NS(=O)(=O)c3ccc(NC4CCN(CC4)C4CCOCC4)c(c3)[N+]([O-])=O)c(Oc3c(F)cccc3Cl)c2)=C(C1)c1ccc(Cl)cc1,Ki, 18.589,nM,387730,,,False
CC1(C)CCC(CN2CCN(CC2)c2ccc(C(=O)NS(=O)(=O)c3ccc(NC4CCN(CC4)C4CCOCC4)c(c3)[N+]([O-])=O)c(Oc3c(F)cccc3Cl)c2)=C(C1)c1ccc(Cl)cc1 |c:61|,Ki, 18.589,nM,281483,,,False
COc1ccc(cc1)S(=O)(=O)NC(=O)c1ccc(cc1Oc1ccccc1)N1CCN(Cc2ccccc2-c2ccc(Cl)cc2)CC1,Ki, 18.93,nM,324789,,,False
CCCCC1(CCN(CC1)c1ccc(cc1)C(=O)NS(=O)(=O)c1ccc(N[C@H](CCN(C)C)CSc2ccccc2)c(c1)[N+]([O-])=O)OC |r|,Ki, 20,nM,38800,,,False
CCCCn1c(C)c(C(O)=O)c(c1-c1ccc(Cl)cc1)-c1cccc(c1)N1CCN(CC1)c1ccc(NS(=O)(=O)c2ccc(N[C@H](CCN3CCC(O)CC3)CSc3ccccc3)c(c2)S(=O)(=O)C(F)(F)F)cc1,Ki, 20,nM,50969060,,,False
CN1CCC(CC1)Nc1ccc(cc1[N+]([O-])=O)S(=O)(=O)NC(=O)c1ccc(cc1Oc1cccc2n(ccc12)C(=O)OC(C)(C)C)N1CCN(CC2=C(CC(C)(C)CC2)c2ccc(Cl)cc2)CC1,Ki, 20.043,nM,387778,,,False
CN1CCC(CC1)Nc1ccc(cc1[N+]([O-])=O)S(=O)(=O)NC(=O)c1ccc(cc1Oc1cccc2n(ccc12)C(=O)OC(C)(C)C)N1CCN(CC2=C(CC(C)(C)CC2)c2ccc(Cl)cc2)CC1 |t:56|,Ki, 20.043,nM,281529,,,False
CN(C)CCCNc1ccc(cc1[N+]([O-])=O)S(=O)(=O)NC(=O)c1ccc(cc1Oc1ccc2[nH]cc(CCC(=O)N3CCOCC3)c2c1)N1CCN(Cc2ccccc2-c2ccc(Cl)cc2)CC1,Ki, 20.421,nM,387649,,,False
CN(C)CCCNc1ccc(cc1[N+]([O-])=O)S(=O)(=O)NC(=O)c1ccc(cc1Oc1ccc2[nH]cc(CCC(=O)N3CCOCC3)c2c1)N1CCN(Cc2ccccc2-c2ccc(Cl)cc2)CC1,Ki, 20.421,nM,281403,,,False
CN(C)CC[C@H](CSc1ccccc1)Nc1ccc(cc1[N+]([O-])=O)S(=O)(=O)Nc1ccc(cc1)N1CCN(CC1)c1cccc(c1)-c1cn(C)cc1-c1ccc(Cl)cc1,Ki, 21.1,nM,50947899,,,False
CC1(C)CCC(CN2CCN(CC2)c2ccc(C(=O)NS(=O)(=O)c3ccc(NCC4CCC(F)(F)CC4)c(c3)[N+]([O-])=O)c(Oc3cc4cc[nH]c4cc3F)c2)=C(C1)c1ccc(Cl)cc1 |c:60|,Ki, 21.291,nM,281734,,,False
CC1(C)CCC(CN2CCN(CC2)c2ccc(C(=O)NS(=O)(=O)c3ccc(NCC4CCC(F)(F)CC4)c(c3)[N+]([O-])=O)c(Oc3cc4cc[nH]c4cc3F)c2)=C(C1)c1ccc(Cl)cc1,Ki, 21.291,nM,387986,,,False
CN(C)CC[C@H](CSc1ccccc1)Nc1ccc(cc1[N+]([O-])=O)S(=O)(=O)Nc1ccc(cc1)N1CCN(Cc2ccccc2-c2ccc(Cl)cc2)CC1,Ki, 21.8,nM,50947926,,,False
CC1(C)CCC(CN2CCN(CC2)c2ccc(C(=O)NS(=O)(=O)c3ccc(NCCc4ccc(cc4)S(N)(=O)=O)c(c3)[N+]([O-])=O)c(Oc3ccc4[nH]ccc4c3)c2)=C(C1)c1ccc(Cl)cc1 |c:62|,Ki, 22.405,nM,325079,,,False
CC1(C)CCC(CN2CCN(CC2)c2ccc(C(=O)NS(=O)(=O)c3ccc(NC4CCN(CC4)C4CCOCC4)c(c3)[N+]([O-])=O)c(Nc3cccnc3)c2)=C(C1)c1ccc(Cl)cc1 |c:59|,Ki, 22.972,nM,325100,,,False
CC(C)c1ccc(Sc2ccc3C(=O)c4cc(O)c(O)cc4C(=O)c3c2)cc1,Ki, 24,nM,50975873,,,False
CC(C)(C)c1ccc(CN2CCN(CC2)c2ccc(C(=O)NS(=O)(=O)c3ccc(OCC4CCOCC4)c(c3)[N+]([O-])=O)c(Oc3ccc4[nH]ccc4c3)c2)c(c1)-c1ccc(Cl)cc1,Ki, 25.752,nM,325046,,,False
COCCN1CCCC(CNc2ccc(cc2[N+]([O-])=O)S(=O)(=O)NC(=O)c2ccc(cc2Oc2cnc3[nH]ccc3c2)N2CCN(CC3=C(CC(C)(C)CC3)c3ccc(Cl)cc3)CC2)C1 |t:51|,Ki, 26.761,nM,339771,,,False
COCCN1CCCC(CNc2ccc(cc2[N+]([O-])=O)S(=O)(=O)NC(=O)c2ccc(cc2Oc2cnc3[nH]ccc3c2)N2CCN(CC3=C(CC(C)(C)CC3)c3ccc(Cl)cc3)CC2)C1,Ki, 26.8,nM,1179911,,,False
COCCN1CCCC(CNc2ccc(cc2[N+]([O-])=O)S(=O)(=O)NC(=O)c2ccc(cc2Oc2cnc3[nH]ccc3c2)N2CCN(CC3=C(CC(C)(C)CC3)c3ccc(Cl)cc3)CC2)C1,Ki, 26.8,nM,1372959,,,False
COCCN1CCCC(CNc2ccc(cc2[N+]([O-])=O)S(=O)(=O)NC(=O)c2ccc(cc2Oc2cnc3[nH]ccc3c2)N2CCN(CC3=C(CC(C)(C)CC3)c3ccc(Cl)cc3)CC2)C1,Ki, 26.8,nM,704820,,,False
CCOc1ccc(cc1)-c1c(NC(=O)c2ccc(OC(C)C)cc2)c(nn1-c1ccc(Oc2ccccc2)cc1)C(O)=O,Ki, 28,nM,51218860,,,False
CN1CCC(C)(CC1)Nc1ccc(cc1[N+]([O-])=O)S(=O)(=O)NC(=O)c1ccc(cc1Oc1ccccc1Cl)N1CCN(CC2=C(CC(C)(C)CC2)c2ccc(Cl)cc2)CC1,Ki, 28.343,nM,387745,,,False
CN1CCC(CC1)Nc1ccc(cc1[N+]([O-])=O)S(=O)(=O)NC(=O)c1ccc(cc1Oc1ccccc1Cl)N1CCN(CC2=C(CC(C)(C)CC2)c2ccc(Cl)cc2)CC1 |t:46|,Ki, 28.343,nM,198646,,,False
CC1(C)CCC(CN2CCN(CC2)c2ccc(C(=O)NS(=O)(=O)c3ccc(NCC4CCOCC4)c(c3)[N+]([O-])=O)c(Oc3ccc4NC(=O)Cc4c3)c2)=C(C1)c1ccc(Cl)cc1 |c:58|,Ki, 28.426,nM,281591,,,False
CC1(C)CCC(CN2CCN(CC2)c2ccc(C(=O)NS(=O)(=O)c3ccc(NCC4CCOCC4)c(c3)[N+]([O-])=O)c(Oc3ccc4NC(=O)Cc4c3)c2)=C(C1)c1ccc(Cl)cc1,Ki, 28.426,nM,387842,,,False
Cc1c(cnn1CC1CCCCC1)-c1ccc(nc1C(O)=O)N1CCc2cccc(C(=O)Nc3nc4ccccc4s3)c2C1,Ki, 29,nM,51389596,,,False
CC1(C)CCC(CN2CCN(CC2)c2ccc(C(=O)NS(=O)(=O)c3ccc(NCC4CCOCC4)c(c3)C(F)(F)F)c(Oc3ccc4[nH]ccc4c3)c2)=C(C1)c1ccc(Cl)cc1 |c:58|,Ki, 29.684,nM,324984,,,False
Oc1cc2c(O)c(-c3c(O)c4cc(O)c(O)c(=Cc5ccccc5)c4c(O)c3=C)c(=C)c(O)c2c(=Cc2ccccc2)c1O,Ki, 31,nM,51288557,,,False
CN(C)CC[C@H](CSc1ccccc1)Nc1ccc(cc1[N+]([O-])=O)S(=O)(=O)NC(=O)c1csc(n1)N1CCc2cccc(C(=O)Nc3nc4ccccc4s3)c2C1,Ki, 31,nM,51379916,,,False
CCNCc1cccc(Oc2cc(ccc2C(=O)NS(=O)(=O)c2ccc(NCC3CCOCC3)c(c2)[N+]([O-])=O)N2CCN(Cc3ccccc3-c3ccc(Cl)cc3)CC2)c1,Ki, 31.048,nM,281414,,,False
CCNCc1cccc(Oc2cc(ccc2C(=O)NS(=O)(=O)c2ccc(NCC3CCOCC3)c(c2)[N+]([O-])=O)N2CCN(Cc3ccccc3-c3ccc(Cl)cc3)CC2)c1,Ki, 31.048,nM,387660,,,False
CN1CCN(CCCNC(=O)c2c(C)n(C)c(c2-c2cccc(c2)N2CCN(CC2)c2ccc(NS(=O)(=O)c3cccc(c3)[N+]([O-])=O)cc2)-c2ccc(Cl)cc2)CC1,Ki, 31.3,nM,50969088,,,False
CNc1cccc(Oc2cc(ccc2C(=O)NS(=O)(=O)c2ccc(NCC3CCOCC3)c(c2)[N+]([O-])=O)N2CCN(Cc3ccccc3-c3ccc(Cl)cc3)CC2)c1,Ki, 31.467,nM,281335,,,False
CNc1cccc(Oc2cc(ccc2C(=O)NS(=O)(=O)c2ccc(NCC3CCOCC3)c(c2)[N+]([O-])=O)N2CCN(Cc3ccccc3-c3ccc(Cl)cc3)CC2)c1,Ki, 31.467,nM,387581,,,False
[O-][N+](=O)c1cc(ccc1NCC1CCOCC1)S(=O)(=O)NC(=O)c1ccc(cc1Oc1cccc(OCc2ccccc2)c1)N1CCN(Cc2ccccc2-c2ccc(Cl)cc2)CC1,Ki, 31.597,nM,387650,,,False
[O-][N+](=O)c1cc(ccc1NCC1CCOCC1)S(=O)(=O)NC(=O)c1ccc(cc1Oc1cccc(OCc2ccccc2)c1)N1CCN(Cc2ccccc2-c2ccc(Cl)cc2)CC1,Ki, 31.597,nM,281404,,,False
[O-][N+](=O)c1cc(ccc1NCC1CCOCC1)S(=O)(=O)NC(=O)c1ccc(cc1Oc1ccc(cc1)C#N)N1CCN(Cc2ccccc2-c2ccc(Cl)cc2)CC1,Ki, 31.666,nM,387651,,,False
[O-][N+](=O)c1cc(ccc1NCC1CCOCC1)S(=O)(=O)NC(=O)c1ccc(cc1Oc1ccc(cc1)C#N)N1CCN(Cc2ccccc2-c2ccc(Cl)cc2)CC1,Ki, 31.666,nM,281405,,,False
[O-][N+](=O)c1cc(ccc1NCC1CCOCC1)S(=O)(=O)NC(=O)c1ccc(cc1Oc1ccc2[nH]cc(CCC(=O)N3CCOCC3)c2c1)N1CCN(Cc2ccccc2-c2ccc(Cl)cc2)CC1,Ki, 32.26,nM,387652,,,False
[O-][N+](=O)c1cc(ccc1NCC1CCOCC1)S(=O)(=O)NC(=O)c1ccc(cc1Oc1ccc2[nH]cc(CCC(=O)N3CCOCC3)c2c1)N1CCN(Cc2ccccc2-c2ccc(Cl)cc2)CC1,Ki, 32.26,nM,281406,,,False
Clc1ccc(cc1)-c1ccccc1CN1CCN(CC1)c1ccc(C(=O)NS(=O)(=O)c2ccc(cc2)N2C(=O)C3CCC3C2=O)c(Oc2ccccc2)c1,Ki, 33.705,nM,324765,,,False
CC(C)=c1c(O)c(O)cc2c(O)c(-c3c(O)c4cc(O)c(O)c(=C(C)C)c4c(O)c3=C)c(=C)c(O)c12,Ki, 35,nM,51466293,,,False
CC(C)=c1c(O)c(O)cc2c(O)c(-c3c(O)c4cc(O)c(O)c(=C(C)C)c4c(O)c3=C)c(=C)c(O)c12,Ki, 35,nM,51288555,,,False
CC(C)C1=C(O)C(O)=CC2C1C(=O)C(C)=C(C2=O)C1=C(C)C(=O)c2c(cc(O)c(O)c2C(C)C)C1=O,Ki, 35,nM,51512277,,,False
CN(C)CCC(CSc1ccccc1)Nc1ccc(cc1[N+]([O-])=O)S(=O)(=O)NC(=O)c1ccc(cc1)N1CCC2(C[C-](N=[O+]2)c2ccccc2)CC1 |c:45|,Ki, 35.2,nM,38790,,,False
[O-][N+](=O)c1cnn(n1)-c1ccc(cc1)S(=O)(=O)NC(=O)c1ccc(cc1Oc1ccccc1)N1CCN(Cc2ccccc2-c2ccc(Cl)cc2)CC1,Ki, 36.614,nM,324768,,,False
CN(C)CCCNc1ccc(cc1[N+]([O-])=O)S(=O)(=O)NC(=O)c1ccc(cc1Oc1ccc2n(ccc2c1)C(=O)OC(C)(C)C)N1CCN(CC2=C(CC(C)(C)CC2)c2ccc(Cl)cc2)CC1 |t:54|,Ki, 36.946,nM,281556,,,False
CN(C)CCCNc1ccc(cc1[N+]([O-])=O)S(=O)(=O)NC(=O)c1ccc(cc1Oc1ccc2n(ccc2c1)C(=O)OC(C)(C)C)N1CCN(CC2=C(CC(C)(C)CC2)c2ccc(Cl)cc2)CC1,Ki, 36.946,nM,387806,,,False
CN1CCN(CCCNC(=O)c2c(C)n(C)c(c2-c2cccc(c2)N2CCN(CC2)c2ccc(NS(=O)(=O)c3cccc(c3)S(=O)(=O)C(F)(F)F)cc2)-c2ccc(Cl)cc2)CC1,Ki, 39.2,nM,50969075,,,False
CN(C)CC[C@H](CSc1ccccc1)Nc1ccc(cc1[N+]([O-])=O)S(=O)(=O)NC(=O)c1ccc(cc1)N1CCN(Cc2ccccc2)CC1 |r|,Ki, 39.8,nM,38794,,,False
CC(C)(C)OC(=O)Nc1cncc(Oc2cc(ccc2C(=O)NS(=O)(=O)c2ccc(NCC3CCOCC3)c(c2)[N+]([O-])=O)N2CCN(CC3=C(CC(C)(C)CC3)c3ccc(Cl)cc3)CC2)c1 |t:51|,Ki, 39.967,nM,281602,,,False
CC(C)(C)OC(=O)Nc1cncc(Oc2cc(ccc2C(=O)NS(=O)(=O)c2ccc(NCC3CCOCC3)c(c2)[N+]([O-])=O)N2CCN(CC3=C(CC(C)(C)CC3)c3ccc(Cl)cc3)CC2)c1,Ki, 39.967,nM,387853,,,False
CC(C)(C)c1ccc(cc1)C(O)(CCN1CCCC1)c1ccc(Cl)c(CCOc2ccc(cc2)-c2ccc(cc2)C(O)=O)c1,Ki, 40,nM,50605254,,,False
CN(C)CC[C@H](CSc1ccccc1)Nc1ccc(cc1[N+]([O-])=O)S(=O)(=O)NC(=O)c1ccc(cc1)N1CCN(Cc2ccccc2-c2ccc(Cl)cc2)CC1,Ki,<40,nM,51461352,,,False
CN(C)CC[C@H](CSc1ccccc1)Nc1ccc(cc1[N+]([O-])=O)S(=O)(=O)NC(=O)c1ccc(cc1)N1CCN(Cc2ccccc2-c2ccc(Cl)cc2)CC1,Ki,<40.0,nM,1319471,,,False
Cn1cnc2cc(Oc3cc(ccc3C(=O)NS(=O)(=O)c3ccc(NCCCN4CCOCC4)c(c3)[N+]([O-])=O)N3CCN(Cc4ccccc4-c4ccc(Cl)cc4)CC3)ccc12,Ki, 43.518,nM,387681,,,False
Cn1cnc2cc(Oc3cc(ccc3C(=O)NS(=O)(=O)c3ccc(NCCCN4CCOCC4)c(c3)[N+]([O-])=O)N3CCN(Cc4ccccc4-c4ccc(Cl)cc4)CC3)ccc12,Ki, 43.518,nM,281435,,,False
Cc1ccc(Sc2ccc3C(=O)c4cc(O)c(O)cc4C(=O)c3c2)cc1,Ki, 44,nM,50975871,,,False
CN1CCC(CC1)Nc1ccc(cc1[N+]([O-])=O)S(=O)(=O)NC(=O)c1ccc(cc1Oc1cccc2[nH]ccc12)N1CCN(CC2=C(CCCCCC2)c2ccc(Cl)cc2)CC1 |w:44.56|,Ki, 44.184,nM,324862,,,False
[#6]-[#7](-[#6])-[#6]-[#6]-[#6@H](-[#6]-[#16]-c1ccccc1)-[#7]-c1ccc(cc1-[#7+](-[#8-])=O)S(=O)(=O)[#7]-[#6](=O)-c1ccc(cc1)-[#7]-1-[#6]-[#6]\[#6](-[#6]-[#6]-1)=[#6]/c1ccccn1 |r|,Ki, 46,nM,38818,,,False
CC1(C)CCC(CN2CCN(CC2)c2ccc(C(=O)NS(=O)(=O)c3ccc(NN4CCCCC4)c(c3)[N+]([O-])=O)c(Oc3cccc4[nH]ccc34)c2)=C(C1)c1ccc(Cl)cc1 |c:56|,Ki, 47.464,nM,324990,,,False
CC1(C)CCC(CN2CCN(CC2)c2ccc(C(=O)NS(=O)(=O)c3ccc(NCC4CCOCC4)c(c3)[N+]([O-])=O)c(Oc3ccc(NCC(F)(F)F)nc3)c2)=C(C1)c1ccc(Cl)cc1 |c:59|,Ki, 49.293,nM,281708,,,False
CC1(C)CCC(CN2CCN(CC2)c2ccc(C(=O)NS(=O)(=O)c3ccc(NCC4CCOCC4)c(c3)[N+]([O-])=O)c(Oc3ccc(NCC(F)(F)F)nc3)c2)=C(C1)c1ccc(Cl)cc1,Ki, 49.293,nM,387960,,,False
CC1(C)CCC(CN2CCN(CC2)c2ccc(C(=O)NS(=O)(=O)c3ccc(NCC4(CCCCC4)N4CCOCC4)c(c3)[N+]([O-])=O)c(Oc3ccc4[nH]ccc4c3)c2)=C(C1)c1ccc(Cl)cc1 |c:64|,Ki, 49.413,nM,324938,,,False
CC1(C)CCC(CN2CCN(CC2)c2ccc(C(=O)NS(=O)(=O)c3ccc(NCC4CCOCC4)c(c3)[N+]([O-])=O)c(Oc3ccc4[nH]cc(CCN)c4c3)c2)=C(C1)c1ccc(Cl)cc1 |c:60|,Ki, 51.687,nM,281622,,,False
CC1(C)CCC(CN2CCN(CC2)c2ccc(C(=O)NS(=O)(=O)c3ccc(NCC4CCOCC4)c(c3)[N+]([O-])=O)c(Oc3ccc4[nH]cc(CCN)c4c3)c2)=C(C1)c1ccc(Cl)cc1,Ki, 51.687,nM,387874,,,False
Cc1ccc(cc1)S(=O)(=O)NC(=O)c1ccc(cc1Oc1ccccc1)N1CCN(Cc2ccccc2-c2ccc(Cl)cc2)CC1,Ki, 52.21,nM,324790,,,False
CN1CCC(CC1)Nc1ccc(cc1[N+]([O-])=O)S(=O)(=O)NC(=O)c1ccc(cc1Oc1cccc2[nH]ccc12)N1CCN(CC2=C(CC(C)(C)C2)c2ccc(Cl)cc2)CC1 |t:49|,Ki, 53.902,nM,324860,,,False
CC1(C)CCN(CC1)c1ccc(cc1)C(=O)NS(=O)(=O)c1ccc(N[C@H](CCN2CCOCC2)CSc2ccccc2)c(c1)[N+]([O-])=O,Ki, 55,nM,50336954,,,False
CC(C)c1ccc2c(c1)n(C(=O)c1ccc(cc1)C(C)(C)C)c1c(O)c(O)c(O)cc1\c2=N\c1ccc(Oc2ccccc2)cc1,Ki, 56,nM,51218890,,,False
COC1(CC(C)C)CCN(CC1)c1ccc(cc1)C(=O)NS(=O)(=O)c1ccc(N[C@H](CCN(C)C)CSc2ccccc2)c(c1)[N+]([O-])=O |r|,Ki, 56,nM,38798,,,False
CC1(C)CCC(CN2CCN(CC2)c2ccc(C(=O)NS(=O)(=O)c3ccc(cc3)C(=O)NCC3CCOCC3)c(Oc3ccc4[nH]ccc4c3)c2)=C(C1)c1ccc(Cl)cc1 |c:56|,Ki, 57.376,nM,325014,,,False
CC1(C)CCC(CN2CCN(CC2)c2ccc(C(=O)NS(=O)(=O)c3ccc(NCC4CCOCC4)c(c3)[N+]([O-])=O)c(Oc3ccc(NCC(F)F)nc3)c2)=C(C1)c1ccc(Cl)cc1 |c:58|,Ki, 57.705,nM,281699,,,False
CC1(C)CCC(CN2CCN(CC2)c2ccc(C(=O)NS(=O)(=O)c3ccc(NCC4CCOCC4)c(c3)[N+]([O-])=O)c(Oc3ccc(NCC(F)F)nc3)c2)=C(C1)c1ccc(Cl)cc1,Ki, 57.705,nM,387951,,,False
CC1(C)CCC(CN2CCN(CC2)c2ccc(C(=O)NS(=O)(=O)c3ccc(NCC4CCOCC4)c(c3)N(=O)=O)c(Oc3cnc4[nH]ccc4c3)c2)=C(C1)c1ccc(Cl)cc1,Ki, 59,nM,51462833,,,False
[O-][N+](=O)c1cc(ccc1NC1CCOCC1)S(=O)(=O)NC(=O)c1ccc(cc1)N1CCN(CC2=C(CCOC2)c2ccc(Cl)cc2)CC1,Ki, 59,nM,50490134,,,False
[O-][N+](=O)c1cc(ccc1NC1CCOCC1)S(=O)(=O)NC(=O)c1ccc(cc1)N1CCN(CC2=C(COCC2)c2ccc(Cl)cc2)CC1,Ki, 59,nM,51272550,,,False
COc1cc(CCCN2CCOCC2)ccc1-c1ccc(cc1)C(=O)NS(=O)(=O)c1ccc(N[C@H](CCCCN(C)C)CSc2ccccc2)c(c1)[N+]([O-])=O,Ki, 59,nM,50336955,,,False
CN(C)CC#Cc1ccc(OCCCc2sc(nc2C(O)=O)N2CCc3cccc(C(=O)Nc4nc5ccccc5s4)c3C2)cc1,Ki, 60,nM,50243993,,,False
Clc1ccc(cc1)-c1ccccc1CN1CCN(CC1)c1ccc(C(=O)NS(=O)(=O)c2ccccc2OCCN2CCCCC2)c(Oc2ccccc2)c1,Ki, 61.123,nM,324769,,,False
CN(C)CC[C@H](CSc1ccccc1)Nc1ccc(cc1[N+]([O-])=O)S(=O)(=O)NC(=O)c1ccc(cc1)N1CCN(CC1)C(=O)c1ccccc1 |r|,Ki, 61.9,nM,38795,,,False
CN(C)CC[C@H](CSc1ccccc1)Nc1ccc(cc1[N+]([O-])=O)S(=O)(=O)NC(=O)c1ccc(cc1)N1CCC(C)(C)CC1,Ki, 62,nM,50606469,,,False
C[C@H](Nc1ccc(cc1[N+]([O-])=O)S(=O)(=O)NC(=O)c1ccc(cc1Oc1ccc2[nH]ccc2c1)N1CCN(CC2=C(CC(C)(C)CC2)c2ccc(Cl)cc2)CC1)c1ccccc1 |t:43|,Ki, 63.003,nM,325081,,,False
[O-][N+](=O)c1cc(ccc1NC1CCN(CC1)S(=O)(=O)c1cccc2cccnc12)S(=O)(=O)NC(=O)c1ccc(cc1Oc1ccccc1)N1CCN(Cc2ccccc2-c2ccc(Cl)cc2)CC1,Ki, 64.78,nM,324874,,,False
CN1CCN(CCCNC(=O)c2c(C)n(C)c(c2-c2cccc(c2)N2CCN(CC2)c2ccc(NS(=O)(=O)c3cccc(Br)c3)cc2)-c2ccc(Cl)cc2)CC1,Ki, 65.8,nM,50969084,,,False
CN(C)CC[C@H](CSc1ccccc1)Nc1ccc(cc1[N+]([O-])=O)S(=O)(=O)NC(=O)c1ccc(cc1)N1CCC(C)(C)CC1 |r|,Ki, 67,nM,38788,,,False
CN(C)CC[C@H](CSc1ccccc1)Nc1ccc(cc1[N+]([O-])=O)S(=O)(=O)NC(=O)c1ccc(cc1)N1CCC(C)(C)CC1,Ki, 67,nM,50336957,,,False
[#6]-[#7](-[#6])-[#6]-[#6]-[#6@H](-[#6]-[#16]-c1ccccc1)-[#7]-c1ccc(cc1-[#7+](-[#8-])=O)S(=O)(=O)[#7]-[#6](=O)-c1ccc(cc1)-[#7]-1-[#6]-[#6]\[#6](-[#6]-[#6]-1)=[#6]/c1cccnc1 |r|,Ki, 68,nM,38819,,,False
COc1cc(CCCN2CCOCC2)ccc1-c1ccc(cc1)C(=O)NS(=O)(=O)c1ccc(N[C@H](CCCCN)CSc2ccccc2)c(c1)[N+]([O-])=O,Ki, 70,nM,50336936,,,False
Cc1c(cnn1Cc1ccccc1)-c1ccc(nc1C(O)=O)N1CCc2cccc(C(=O)Nc3nc4ccccc4s3)c2C1,Ki, 70,nM,51389594,,,False
Oc1cc2C(=O)c3ccc(Sc4ccccc4)cc3C(=O)c2cc1O,Ki, 71,nM,50975872,,,False
[O-][N+](=O)c1cc(ccc1NCCCN1CCOCC1)S(=O)(=O)NC(=O)c1ccc(cc1Oc1ccc(cc1)-c1ccncc1)N1CCN(Cc2ccccc2-c2ccc(Cl)cc2)CC1,Ki, 71.364,nM,387678,,,False
[O-][N+](=O)c1cc(ccc1NCCCN1CCOCC1)S(=O)(=O)NC(=O)c1ccc(cc1Oc1ccc(cc1)-c1ccncc1)N1CCN(Cc2ccccc2-c2ccc(Cl)cc2)CC1,Ki, 71.364,nM,281432,,,False
CN(C)CCCC[C@H](CSc1ccccc1)Nc1ccc(cc1[N+]([O-])=O)S(=O)(=O)NC(=O)c1ccc(cc1)N1CCC(C)(C)CC1,Ki, 73,nM,50336909,,,False
CN(C)CC#Cc1ccc(OCCCc2sc(nc2C(O)=O)N2CCc3cccc(C(=O)Nc4nc5ccccc5s4)c3C2)c(F)c1,Ki, 74,nM,50490144,,,False
CC(C)Oc1cc(c(CN2CCN(CC2)c2ccc(C(=O)NS(=O)(=O)c3ccc(NCC4CCOCC4)c(c3)[N+]([O-])=O)c(Oc3ccc4[nH]ccc4c3)c2)cn1)-c1ccc(Cl)cc1,Ki, 74.915,nM,325034,,,False
CN(C)C(=O)C[C@H](CSc1ccccc1)Nc1ccc(cc1[N+]([O-])=O)S(=O)(=O)NC(=O)c1ccc(cc1)N1CCC(C)(C)CC1,Ki, 75,nM,50337012,,,False
CN(C)Cc1ccc(Oc2cc(ccc2C(=O)NS(=O)(=O)c2ccc(NCC3CCOCC3)c(c2)[N+]([O-])=O)N2CCN(Cc3ccccc3-c3ccc(Cl)cc3)CC2)cc1,Ki, 76.832,nM,387654,,,False
CN(C)Cc1ccc(Oc2cc(ccc2C(=O)NS(=O)(=O)c2ccc(NCC3CCOCC3)c(c2)[N+]([O-])=O)N2CCN(Cc3ccccc3-c3ccc(Cl)cc3)CC2)cc1,Ki, 76.832,nM,281408,,,False
"CN1[C@H]2CC[C@@H]1CC(C2)Nc1ccccc1CN1CCN(CC1)c1ccc(C(=O)NS(=O)(=O)c2ccc(NCC3CCOCC3)c(c2)[N+]([O-])=O)c(Oc2ccccc2)c1 |r,TLB:9:7:3.4:1|",Ki, 79.276,nM,246435,,,False
CC1(C)CCC(CN2CCN(CC2)c2ccc(C(=O)NS(=O)(=O)c3ccc(NCC4CCOCC4)c(c3)[N+]([O-])=O)c(Oc3ccc(OCc4ccccc4)nc3)c2)=C(C1)c1ccc(Cl)cc1,Ki, 79.348,nM,387859,,,False
CC1(C)CCC(CN2CCN(CC2)c2ccc(C(=O)NS(=O)(=O)c3ccc(NCC4CCOCC4)c(c3)[N+]([O-])=O)c(Oc3ccc(OCc4ccccc4)nc3)c2)=C(C1)c1ccc(Cl)cc1 |c:62|,Ki, 79.348,nM,281608,,,False
CN(C)CC#Cc1ccc(OCCCc2sc(nc2C(O)=O)N2CCc3cccc(C(=O)Nc4nc5ccccc5s4)c3C2)c(F)c1,Ki, 80,nM,50243995,,,False
Oc1cc2C(=O)c3ccc(Sc4ccc(Br)cc4)cc3C(=O)c2cc1O,Ki, 87,nM,50975870,,,False
CN(C)CC#Cc1ccc(OCCCc2sc(nc2C(O)=O)N2CCc3cccc(C(=O)Nc4nc5ccccc5s4)c3C2)cc1F,Ki, 88,nM,50243996,,,False
CN(C)CC#Cc1cc(F)c(OCCCc2sc(nc2C(O)=O)N2CCc3cccc(C(=O)Nc4nc5ccccc5s4)c3C2)cc1F,Ki, 90,nM,50243998,,,False
CC1=C[C@@H](\C=C(/Cl)c2ccc(cc2)C(O)=O)[C@@]2(C=C[C@@H](CCOC(=O)c3ccc(Oc4ccc(NC(=O)COc5ccc(C)cc5)cc4)cc3)C[C@@H]2C1)C(O)=O,Ki, 90,nM,51032648,,,False
COC(=O)CCN\C=C1/C(=O)C(O)=C(C(C)C)c2cc(C)c(c(O)c12)-c1c(C)cc2C(C(C)C)=C(O)C(=O)\C(=C/NCCC(=O)OC)c2c1O,Ki, 90,nM,50527977,,,False
OC(=O)c1nc(sc1CCOc1ccc(cc1)-n1ncc2cncnc12)N1CCc2cccc(C(=O)Nc3nc4ccccc4s3)c2C1,Ki, 90,nM,50243987,,,False
CN(C)CCC[C@H](CSc1ccccc1)Nc1ccc(cc1[N+]([O-])=O)S(=O)(=O)NC(=O)c1ccc(cc1)N1CCC(C)(C)CC1,Ki, 92,nM,50336985,,,False
CCN(Cc1cccc(Oc2cc(ccc2C(=O)NS(=O)(=O)c2ccc(NCC3CCOCC3)c(c2)[N+]([O-])=O)N2CCN(Cc3ccccc3-c3ccc(Cl)cc3)CC2)c1)C(=O)OC(C)(C)C,Ki, 99.826,nM,281412,,,False
CCN(Cc1cccc(Oc2cc(ccc2C(=O)NS(=O)(=O)c2ccc(NCC3CCOCC3)c(c2)[N+]([O-])=O)N2CCN(Cc3ccccc3-c3ccc(Cl)cc3)CC2)c1)C(=O)OC(C)(C)C,Ki, 99.826,nM,387658,,,False
OC(=O)c1nc(sc1CCOc1cccc(c1)-n1ncc2cncnc12)N1CCc2cccc(C(=O)Nc3nc4ccccc4s3)c2C1,Ki, 100,nM,50243865,,,False
CC1(C)CN(C1=O)c1ccc(cc1)S(=O)(=O)NC(=O)c1ccc(cc1Oc1ccccc1)N1CCN(Cc2ccccc2-c2ccc(Cl)cc2)CC1,Ki, 102.92,nM,324767,,,False
CC(C)(C)c1ccc(cc1)C(O)(CCN1CCOCC1)c1ccc(Cl)c(CCOc2ccc(cc2)-c2ccc(cc2)C(O)=O)c1,Ki, 110,nM,50605253,,,False
CN(CCCc1ccccc1)S(=O)(=O)c1cc(C(=O)N2CCc3ccc(cc3C2)S(=O)(=O)NCCc2ccccc2)c(O)c(O)c1O,Ki, 110,nM,50379660,,,False
Clc1ccc(cc1)-c1ccccc1CN1CCN(CC1)c1ccc(C(=O)NS(=O)(=O)c2ccc(NCCCN3CCOCC3)cc2)c(Oc2ccccc2)c1,Ki, 112.51,nM,324804,,,False
[O-][N+](=O)c1cc(ccc1NCCCN1CCOCC1)S(=O)(=O)NC(=O)c1ccc(cc1Oc1ccc(cc1)-c1cccnc1)N1CCN(Cc2ccccc2-c2ccc(Cl)cc2)CC1,Ki, 112.99,nM,387679,,,False
[O-][N+](=O)c1cc(ccc1NCCCN1CCOCC1)S(=O)(=O)NC(=O)c1ccc(cc1Oc1ccc(cc1)-c1cccnc1)N1CCN(Cc2ccccc2-c2ccc(Cl)cc2)CC1,Ki, 112.99,nM,281433,,,False
CN1CCC(CC1)Nc1ccc(cc1[N+]([O-])=O)S(=O)(=O)NC(=O)c1ccc(cc1Nc1cccnc1)N1CCN(CC2=C(CC(C)(C)CC2)c2ccc(Cl)cc2)CC1 |t:45|,Ki, 115.67,nM,325099,,,False
COc1cc(CCCN2CCOCC2)ccc1-c1ccc(cc1)C(=O)NS(=O)(=O)c1ccc(N[C@H](CCN(C)C)CSc2ccccc2)c(c1)[N+]([O-])=O,Ki, 116,nM,50336988,,,False
OC(=O)c1nc(ccc1-c1cnn(Cc2ccccc2)c1)N1CCc2cccc(C(=O)Nc3nc4ccccc4s3)c2C1,Ki, 117,nM,51389591,,,False
OC(=O)c1nc(ccc1-c1ccn(Cc2ccccc2)c1)N1CCc2cccc(C(=O)Nc3nc4ccccc4s3)c2C1,Ki, 119,nM,51389590,,,False
COc1cc(CCCN2CCOCC2)ccc1-c1ccc(cc1)C(=O)NS(=O)(=O)c1ccc(N[C@@H](CSc2ccccc2)CC(=O)N(C)C)c(c1)[N+]([O-])=O,Ki, 121,nM,50336930,,,False
COC(=O)CCCN\C=C1/C(=O)C(O)=C(C(C)C)c2cc(C)c(c(O)c12)-c1c(C)cc2C(C(C)C)=C(O)C(=O)\C(=C/NCCCC(=O)OC)c2c1O,Ki, 131,nM,50527976,,,False
Oc1cc2C(=O)c3ccc(Br)cc3C(=O)c2cc1O,Ki, 132,nM,50975874,,,False
Cc1nn(C)c(C)c1-c1c(Cl)ccc2c(CCCOc3cc(C)c(Cl)c(C)c3)c3C(=O)N(CCCn3c12)c1cccc2c(cn(C)c12)C(O)=O,Ki, 140,nM,50764102,,,False
Cc1cc(OCCCn2ccc3c(OCc4cccc(c4)C(O)=O)cccc23)cc(C)c1Cl,Ki, 140,nM,50748754,,,False
CN1CCN(CCCNc2ncnc3n(ncc23)-c2ccc(OCCCc3sc(nc3C(O)=O)N3CCc4cccc(C(=O)Nc5nc6ccccc6s5)c4C3)cc2)CC1,Ki, 140,nM,50243992,,,False
CCc1ccc(CCNC(=O)c2c(O)c(O)cc3C(=O)C(=C(C)C(=O)c23)C2=C(C)C(=O)c3c(cc(O)c(O)c3C(=O)NCCc3ccc(CC)cc3)C2=O)cc1,Ki, 140,nM,50607471,,,False
CC(C)Oc1ccc(cc1)C(=O)Nc1c(nn(c1-c1ccc(OC(C)C)cc1)-c1ccc(Oc2ccccc2)cc1)C(O)=O,Ki, 140,nM,51218865,,,False
CC(C)(C)OC(=O)N1CCN(CC1)c1ccc(Oc2cc(ccc2C(=O)NS(=O)(=O)c2ccc(NCCCN3CCOCC3)c(c2)[N+]([O-])=O)N2CCN(Cc3ccccc3-c3ccc(Cl)cc3)CC2)cc1,Ki, 146.59,nM,281430,,,False
CC(C)(C)OC(=O)N1CCN(CC1)c1ccc(Oc2cc(ccc2C(=O)NS(=O)(=O)c2ccc(NCCCN3CCOCC3)c(c2)[N+]([O-])=O)N2CCN(Cc3ccccc3-c3ccc(Cl)cc3)CC2)cc1,Ki, 146.59,nM,387676,,,False
CCNCc1ccc(Oc2cc(ccc2C(=O)NS(=O)(=O)c2ccc(NCC3CCOCC3)c(c2)[N+]([O-])=O)N2CCN(Cc3ccccc3-c3ccc(Cl)cc3)CC2)cc1,Ki, 148.72,nM,281413,,,False
CCNCc1ccc(Oc2cc(ccc2C(=O)NS(=O)(=O)c2ccc(NCC3CCOCC3)c(c2)[N+]([O-])=O)N2CCN(Cc3ccccc3-c3ccc(Cl)cc3)CC2)cc1,Ki, 148.72,nM,387659,,,False
CC(C)(C)c1ccc(OCCCn2c(cc3ccc(OCc4ccccc4C(O)=O)cc23)C(=O)N2CCCCC2)cc1,Ki, 150,nM,50748704,,,False
OC(=O)c1nc(sc1CCCOc1ccc(cc1)-n1cccn1)N1CCc2cccc(C(=O)Nc3nc4ccccc4s3)c2C1,Ki, 150,nM,50243990,,,False
CC(CNC(=O)c1c(O)c(O)cc2C(=O)C(=C(C)C(=O)c12)C1=C(C)C(=O)c2c(cc(O)c(O)c2C(=O)NCC(C)c2ccccc2)C1=O)c1ccccc1,Ki, 150,nM,50607468,,,False
CC1=C(C(=O)c2cc(O)c(O)c(C(=O)Cc3ccccc3)c2C1=O)C1=C(C)C(=O)c2c(cc(O)c(O)c2C(=O)Cc2ccccc2)C1=O,Ki, 150,nM,50607464,,,False
CN1CCN(CCCNC(=O)c2c(C)n(C)c(c2-c2cccc(c2)N2CCN(CC2)c2ccc(NS(=O)(=O)c3cccc(c3)C(F)(F)F)cc2)-c2ccc(Cl)cc2)CC1,Ki, 151,nM,50969083,,,False
CCC(C)c1ccc(Oc2ccc3c4c(C#N)c(=O)nc4c4cccc2c34)cc1,Ki, 158,nM,50657381,,,False
CCc1cccc(c1)S(=O)(=O)Nc1ccc(cc1)N1CCN(CC1)c1cccc(c1)-c1c(C(=O)NCCCN2CCN(C)CC2)c(C)n(C)c1-c1ccc(Cl)cc1,Ki, 160,nM,50969081,,,False
OC(=O)c1ccc(CNC(=O)CCNC2=C(C#N)C(=O)c3cccc4c(Sc5ccc(Br)cc5)ccc2c34)cc1,Ki, 160,nM,51372052,,,False
COc1cc(CCCN2CCOCC2)ccc1-c1ccc(cc1)C(=O)NS(=O)(=O)c1ccc(N[C@H](CCN2CCOCC2)CSc2ccccc2)c(c1)[N+]([O-])=O,Ki, 165,nM,50337017,,,False
CC(C)c1c(O)c(O)c(C=O)c2c(O)c(c(C)cc12)-c1c(C)cc2c(C(C)C)c(O)c(O)c(C=O)c2c1O,Ki, 170,nM,50389194,,,False
OC(=O)c1nc(sc1CCCOc1ccc(cc1)-n1ncc2cncnc12)N1CCc2cccc(C(=O)Nc3nc4ccccc4s3)c2C1,Ki, 170,nM,50243988,,,False
CC(C)C=c1c(O)c(O)cc2c(O)c(-c3c(O)c4cc(O)c(O)c(=CC(C)C)c4c(O)c3=C)c(=C)c(O)c12,Ki, 170,nM,50607433,,,False
CC(C)(C)c1ccc(OCCCn2ccc3cc(OCc4ccccc4C(O)=O)ccc23)cc1,Ki, 170,nM,50748649,,,False
CN1CCN(CCCNC(=O)c2c(C)n(C)c(c2-c2cccc(c2)N2CCN(CC2)c2ccc(NS(=O)(=O)c3cccc(Cl)c3)cc2)-c2ccc(Cl)cc2)CC1,Ki, 171,nM,50969085,,,False
CC(C)C1=C(O)C(=O)\C(=C/NCCCCC(O)=O)c2c(O)c(c(C)cc12)-c1c(C)cc2C(C(C)C)=C(O)C(=O)\C(=C/NCCCCC(O)=O)c2c1O,Ki, 171,nM,50527964,,,False
CN1CCN(CCCNC(=O)c2c(C)n(C)c(c2-c2cccc(c2)N2CCN(CC2)c2ccc(NS(=O)(=O)c3cccc(C)c3)cc2)-c2ccc(Cl)cc2)CC1,Ki, 178,nM,50969082,,,False
CC(C)Oc1cc(ccc1N)C(=O)Nc1ccc(nc1OC(C)C)C(=O)Nc1ccc(cc1OC(C)C)C(O)=O,Ki, 179,nM,51288588,,,False
Cc1ccc(O)c(Cn2c(nc3c(O)c(O)c(O)cc3c2=O)-c2ccccc2)c1,Ki, 179,nM,51080551,,,False
COC(=O)CCCCN\C=C1/C(=O)C(O)=C(C(C)C)c2cc(C)c(c(O)c12)-c1c(C)cc2C(C(C)C)=C(O)C(=O)\C(=C/NCCCCC(=O)OC)c2c1O,Ki, 182,nM,50527938,,,False
[O-][N+](=O)c1cc(ccc1NCC1CCOCC1)S(=O)(=O)NC(=O)c1ccc(cc1Oc1ccc2[nH]cc(CCCN3CCOCC3)c2c1)N1CCN(Cc2ccccc2-c2ccc(Cl)cc2)CC1,Ki, 189.43,nM,387653,,,False
[O-][N+](=O)c1cc(ccc1NCC1CCOCC1)S(=O)(=O)NC(=O)c1ccc(cc1Oc1ccc2[nH]cc(CCCN3CCOCC3)c2c1)N1CCN(Cc2ccccc2-c2ccc(Cl)cc2)CC1,Ki, 189.43,nM,281407,,,False
Oc1cc2c(O)c(-c3c(O)c4cc(O)c(O)c(=Cc5ccccc5)c4c(O)c3=C)c(=C)c(O)c2c(=Cc2ccccc2)c1O,Ki, 190,nM,50607441,,,False
CC1(C)CCN(CC1)c1ccc(cc1)C(=O)NS(=O)(=O)c1ccc(NCCSc2ccccc2)c(c1)[N+]([O-])=O,Ki, 192,nM,50337020,,,False
FC(F)(F)S(=O)(=O)c1cc(ccc1N[C@H](CCN1CCOCC1)CSc1ccccc1)S(=O)(=O)NC(=O)c1csc(n1)N1CCc2cccc(C(=O)Nc3nc4ccccc4s3)c2C1,Ki, 193,nM,51379915,,,False
CN1CCN(CCCNC(=O)c2c(C)n(C)c(c2-c2cccc(c2)N2CCN(CC2)c2ccc(NS(=O)(=O)c3cccc(OC(F)(F)F)c3)cc2)-c2ccc(Cl)cc2)CC1,Ki, 197,nM,50969079,,,False
OC(=O)c1ccc(cc1)-c1ccc(OCCc2cc(ccc2Cl)C(O)(CCN2CCOCC2)c2ccc(Br)cc2)cc1,Ki, 200,nM,50605252,,,False
Cc1ccc(cc1)\N=c1/c2ccc(C)cc2n(C(=O)c2ccc(cc2)C(C)(C)C)c2c(O)c(O)c(O)cc12,Ki, 207,nM,51218927,,,False
COc1cccc(c1)S(=O)(=O)Nc1ccc(cc1)N1CCN(CC1)c1cccc(c1)-c1c(C(=O)NCCCN2CCN(C)CC2)c(C)n(C)c1-c1ccc(Cl)cc1,Ki, 207,nM,50969078,,,False
CCCCNC1=C(C#N)C(=O)c2cccc3c(Sc4ccc(Br)cc4)ccc1c23,Ki, 210,nM,51372056,,,False
CCS(=O)(=O)c1cccc(c1)S(=O)(=O)Nc1ccc(cc1)N1CCN(CC1)c1cccc(c1)-c1c(C(=O)NCCCN2CCN(C)CC2)c(C)n(C)c1-c1ccc(Cl)cc1,Ki, 214,nM,50969073,,,False
CN(C)CCCc1c[nH]c2ccc(Oc3cc(ccc3C(=O)NS(=O)(=O)c3ccc(NCC4CCOCC4)c(c3)[N+]([O-])=O)N3CCN(Cc4ccccc4-c4ccc(Cl)cc4)CC3)cc12,Ki, 214.52,nM,387685,,,False
CN(C)CCCc1c[nH]c2ccc(Oc3cc(ccc3C(=O)NS(=O)(=O)c3ccc(NCC4CCOCC4)c(c3)[N+]([O-])=O)N3CCN(Cc4ccccc4-c4ccc(Cl)cc4)CC3)cc12,Ki, 214.52,nM,281439,,,False
CN1CCN(CCCNC(=O)c2c(C)n(C)c(c2-c2cccc(c2)N2CCN(CC2)c2ccc(NS(=O)(=O)c3cccc(c3)S(=O)(=O)C3CC3)cc2)-c2ccc(Cl)cc2)CC1,Ki, 218,nM,50969072,,,False
OC(=O)c1nc(sc1CCCOc1cccc(c1)-n1ncc2cncnc12)N1CCc2cccc(C(=O)Nc3nc4ccccc4s3)c2C1,Ki, 220,nM,50243864,,,False
OC(=O)c1ccc(cc1)-c1ccc(OCCc2cc(ccc2Cl)C(O)(CCN2CCOCC2)c2ccc(Cl)cc2)cc1,Ki, 220,nM,50605250,,,False
CC(C)C1=C(O)C(=O)\C(=C/NCC(O)=O)c2c(O)c(c(C)cc12)-c1c(C)cc2C(C(C)C)=C(O)C(=O)\C(=C/NCC(O)=O)c2c1O,Ki, 224,nM,50527946,,,False
Oc1cc2c(O)c(-c3c(O)c4cc(O)c(O)c(=Cc5ccc(Cl)cc5)c4c(O)c3=C)c(=C)c(O)c2c(=Cc2ccc(Cl)cc2)c1O,Ki, 230,nM,50607460,,,False
Oc1cc(O)c2C[C@H](OC(=O)c3cc(O)c(O)c(O)c3)[C@H](Oc2c1)c1ccc(O)c(O)c1,Ki, 230,nM,51186108,,,False
Cc1cc(OCCCn2ccc3c(OCc4ccccc4C(O)=O)cccc23)cc(C)c1Cl,Ki, 230,nM,50748679,,,False
CC1(C)CCN(CC1)c1ccc(cc1)C(=O)NS(=O)(=O)c1ccc(N[C@H](CCCCN)CSc2ccccc2)c(c1)[N+]([O-])=O,Ki, 231,nM,50336949,,,False
CC(C)C1=C(O)C(=O)\C(=C/NCCCC(O)=O)c2c(O)c(c(C)cc12)-c1c(C)cc2C(C(C)C)=C(O)C(=O)\C(=C/NCCCC(O)=O)c2c1O,Ki, 235,nM,50527969,,,False
Oc1cc(O)c2C[C@@H](OC(=O)c3cc(O)c(O)c(O)c3)[C@@H](Oc2c1)c1cc(O)c(O)c(O)c1,Ki, 235,nM,51186107,,,False
[O-][N+](=O)c1cc(ccc1NCC1CCOCC1)S(=O)(=O)NC(=O)c1ccc(cc1Oc1ccc(cc1)-n1ccnc1)N1CCN(Cc2ccccc2-c2ccc(Cl)cc2)CC1,Ki, 239.5,nM,387655,,,False
[O-][N+](=O)c1cc(ccc1NCC1CCOCC1)S(=O)(=O)NC(=O)c1ccc(cc1Oc1ccc(cc1)-n1ccnc1)N1CCN(Cc2ccccc2-c2ccc(Cl)cc2)CC1,Ki, 239.5,nM,281409,,,False
CN(C)CCCNc1ncnc2n(ncc12)-c1ccc(OCCCc2sc(nc2C(O)=O)N2CCc3cccc(C(=O)Nc4nc5ccccc5s4)c3C2)cc1,Ki, 240,nM,50243991,,,False
CC(C)=c1c(O)c(O)cc2c(O)c(-c3c(O)c4cc(O)c(O)c(=C(C)C)c4c(O)c3=C)c(=C)c(O)c12,Ki, 250,nM,50607429,,,False
Cc1nn(C)c(C)c1-c1c(Cl)ccc2c(CCCOc3cc(C)c(Cl)c(C)c3)c3C(=O)N(CCCn3c12)c1cccc2c(cccc12)C(O)=O,Ki, 250,nM,50764103,,,False
CC(C)c1ccc(Oc2ccc3c4c(C#N)c(=O)nc4c4cccc2c34)cc1,Ki, 252,nM,50657379,,,False
CN1CCN(CCCNC(=O)c2c(C)n(C)c(c2-c2cccc(c2)N2CCN(CC2)c2ccc(NS(=O)(=O)c3cccc(F)c3)cc2)-c2ccc(Cl)cc2)CC1,Ki, 253,nM,50969086,,,False
CC1(C)CCC(CN2CCN(CC2)c2ccc(C(=O)NS(=O)(=O)c3cc(F)c(NCC4CCOCC4)cc3Cl)c(Oc3ccc4[nH]ccc4c3)c2)=C(C1)c1ccc(Cl)cc1 |c:56|,Ki, 255.95,nM,325082,,,False
[O-][N+](=O)c1cc(ccc1Cl)S(=O)(=O)NC(=O)[C@H](Cc1ccccc1)NC(=O)c1cn(Cc2ccc(cc2)-c2ccc(Cl)cc2)c2ccccc12,Ki, 260,nM,50681329,,,False
CN(C)CCc1ccc(Oc2cc(ccc2C(=O)NS(=O)(=O)c2ccc(NCC3CCOCC3)c(c2)[N+]([O-])=O)N2CCN(Cc3ccccc3-c3ccc(Cl)cc3)CC2)cc1,Ki, 264.27,nM,387666,,,False
CN(C)CCc1ccc(Oc2cc(ccc2C(=O)NS(=O)(=O)c2ccc(NCC3CCOCC3)c(c2)[N+]([O-])=O)N2CCN(Cc3ccccc3-c3ccc(Cl)cc3)CC2)cc1,Ki, 264.27,nM,281420,,,False
Cc1cc(Oc2ccc(Cn3nc(C(=O)NS(=O)(=O)c4ccc(NCc5ccco5)c(c4)[N+]([O-])=O)c4cc(Cl)ccc34)cc2)cc(C)c1Cl,Ki, 266,nM,1319457,,,False
Cc1cc(OCCCn2c(cc3ccc(OCc4ccccc4C(O)=O)cc23)C(=O)N2CCCCC2)cc(C)c1Cl,Ki, 270,nM,50748755,,,False
O=c1nc2c3cccc4c(Oc5ccc(cc5)-c5ccccc5)ccc(c2c1C#N)c34,Ki, 278,nM,50657380,,,False
CN(C)CC#Cc1ccc(OCCCc2sc(nc2C(O)=O)N2CCc3cccc(C(=O)Nc4nc5ccccc5s4)c3C2)c(Cl)c1,Ki, 280,nM,50243994,,,False
CN(C)CC[C@H](CSc1ccccc1)Nc1ccc(cc1[N+]([O-])=O)S(=O)(=O)NC(=O)c1ccc(cc1)N1CCN(Cc2ccccc2-c2ccc(Cl)cc2)CC1,Ki, 283,nM,51288590,,,False
O[C@@H]1Cc2c(O)cc(O)cc2O[C@@H]1c1cc(O)c(O)c2c1cccc(O)c2=O,Ki, 286,nM,51186121,,,False
CN(C)CCCNc1ccc(cc1S(=O)(=O)C(F)(F)Cl)S(=O)(=O)NC(=O)c1ccc(cc1Oc1ccc2[nH]ccc2c1)N1CCN(CC2=C(CC(C)(C)CC2)c2ccc(Cl)cc2)CC1 |t:51|,Ki, 288.67,nM,324794,,,False
CC(C)c1ccccc1Cc1cc(C(=O)Nc2ccc(cc2)S(=O)(=O)c2ccccc2C(C)(C)C)c(O)c(O)c1O,Ki, 290,nM,51364732,,,False
CC(C)c1ccccc1Cc1cc(C(=O)Nc2ccc(cc2)S(=O)(=O)c2ccccc2C(C)(C)C)c(O)c(O)c1O,Ki, 290,nM,50361893,,,False
CON(C)C(=O)[C@H]1CC=C(CCC=C(C)C)C[C@@H]1c1ccccc1,Ki, 300,nM,51337653,,,False
CN(C)CC[C@H](CSc1ccccc1)Nc1ccc(cc1[N+]([O-])=O)S(=O)(=O)NC(=O)c1ccc(cc1)N1CCN(CC1)C(=O)Nc1ccccc1 |r|,Ki, 300,nM,38797,,,False
COc1ccc(Oc2ccc3c4c(C#N)c(=O)nc4c4cccc2c34)cc1,Ki, 304,nM,50657378,,,False
O=c1nc2c3cccc4c(ccc(c2c1C#N)c34)N1CCSCC1,Ki, 310,nM,50622516,,,False
O=C1N=C2C3C=CC=C4C3C(=CC=C4N3CCSCC3)C2=C1C#N,Ki, 310,nM,51288574,,,False
O=c1nc2c3cccc4c(ccc(c2c1C#N)c34)N1CCSCC1,Ki, 310,nM,50657373,,,False
Cc1nn(C)c(C)c1-c1c(Cl)ccc2c(CCCOc3cc(C)c(Cl)c(C)c3)c3C(=O)N(CCCn3c12)c1cn(C)c2c(cccc12)C(O)=O,Ki, 310,nM,50764104,,,False
O=c1nc2c3cccc4c(ccc(c2c1C#N)c34)N1CCSCC1,Ki, 310,nM,51039669,,,False
COc1cc(CCCN2CCOCC2)ccc1-c1ccc(cc1)C(=O)NS(=O)(=O)c1ccc(N[C@H](CCCN(C)C)CSc2ccccc2)c(c1)[N+]([O-])=O,Ki, 317,nM,50336965,,,False
O=c1nc2c3cccc4c(ccc(c2c1C#N)c34)N1CCSCC1,Ki, 319,nM,50622538,,,False
CC(C)c1cc2cc(c(O)c(C=O)c2c(O)c1O)-c1c(C)cc2c(C(C)C)c(O)c(O)c(C=O)c2c1O,Ki, 320,nM,51031083,,,False
CC(C)c1c(O)c(O)c(C=O)c2c(O)c(c(C)cc12)-c1c(C)cc2c(C(C)C)c(O)c(O)c(C=O)c2c1O,Ki, 320,nM,50606465,,,False
CC(C)c1c(O)c(O)c(C=O)c2c(O)c(c(C)cc12)-c1c(C)cc2c(C(C)C)c(O)c(O)c(C=O)c2c1O,Ki, 320,nM,50361877,,,False
CC(C)c1c(O)c(O)c(C=O)c2c(O)c(c(C)cc12)-c1c(C)cc2c(C(C)C)c(O)c(O)c(C=O)c2c1O,Ki, 320,nM,51288580,,,False
CC(C)c1c(O)c(O)c(C=O)c2c(O)c(c(C)cc12)-c1c(C)cc2c(C(C)C)c(O)c(O)c(C=O)c2c1O,Ki, 320,nM,51512270,,,False
"COC1CCC(CNc2ccc(cc2[N+]([O-])=O)S(=O)(=O)NC(=O)c2ccc(cc2Oc2ccc(NCC(F)F)nc2)N2CCN(CC3=C(CC(C)(C)CC3)c3ccc(Cl)cc3)CC2)CC1 |t:49,(10.41,3.99,;9.64,5.32,;8.1,5.32,;7.33,6.65,;5.79,6.65,;5.02,5.32,;3.48,5.32,;2.71,3.99,;1.17,3.99,;.4,5.32,;-1.14,5.32,;-1.91,3.99,;-1.14,2.65,;.4,2.65,;1.17,1.32,;2.71,1.32,;1.8,-.09,;-3.45,3.99,;-3.45,5.53,;-4.99,3.99,;-3.45,2.45,;-2.11,1.68,;-.61,2,;-2.11,.14,;-3.45,-.63,;-3.45,-2.17,;-2.11,-2.94,;-.78,-2.17,;-.78,-.63,;.55,.14,;1.89,-.63,;3.22,.14,;4.56,-.63,;4.56,-2.17,;5.89,-2.94,;7.22,-2.17,;8.56,-2.94,;9.89,-2.17,;8.56,-4.48,;3.22,-2.94,;1.89,-2.17,;-2.11,-4.48,;-.78,-5.25,;-.78,-6.79,;-2.11,-7.56,;-2.11,-9.1,;-3.45,-9.87,;-3.45,-11.41,;-4.78,-12.18,;-6.11,-11.41,;-6.93,-12.72,;-7.65,-11.47,;-6.11,-9.87,;-4.78,-9.1,;-2.11,-12.18,;-.78,-11.41,;.55,-12.18,;.55,-13.72,;1.89,-14.49,;-.78,-14.49,;-2.11,-13.72,;-3.45,-6.79,;-3.45,-5.25,;5.79,3.99,;7.33,3.99,)|",Ki, 327.81,nM,281698,,,False
COC1CCC(CNc2ccc(cc2[N+]([O-])=O)S(=O)(=O)NC(=O)c2ccc(cc2Oc2ccc(NCC(F)F)nc2)N2CCN(CC3=C(CC(C)(C)CC3)c3ccc(Cl)cc3)CC2)CC1,Ki, 327.81,nM,387950,,,False
Oc1cc(O)c2C[C@@H](OC(=O)c3cc(O)c(O)c(O)c3)[C@H](Oc2c1)c1cc(O)c(O)c(O)c1,Ki, 335,nM,51186099,,,False
CC(C)Cc1c(O)c(O)c(O)c2c1oc(C)c(-c1ccccc1)c2=O,Ki, 340,nM,50389199,,,False
COC(=O)CCCN\C=C1/C(=O)C(O)=C(C(C)C)c2cc(C)c(c(O)c12)-c1c(C)cc2C(C(C)C)=C(O)C(=O)\C(=C/NCCCC(=O)OC)c2c1O,Ki, 341,nM,50527942,,,False
COC(=O)CCCN\C=C1/C(=O)C(O)=C(C(C)C)c2cc(C)c(c(O)c12)-c1c(C)cc2C(C(C)C)=C(O)C(=O)\C(=C/NCCCC(=O)OC)c2c1O,Ki, 341,nM,50527932,,,False
OC(=O)c1nc(ccc1-c1cn(Cc2ccccc2)nn1)N1CCc2cccc(C(=O)Nc3nc4ccccc4s3)c2C1,Ki, 348,nM,51389592,,,False
COC(=O)CCCCCN\C=C1/C(=O)C(O)=C(C(C)C)c2cc(C)c(c(O)c12)-c1c(C)cc2C(C(C)C)=C(O)C(=O)\C(=C/NCCCCCC(=O)OC)c2c1O,Ki, 348,nM,50527966,,,False
COc1ccc2n(c(C)c(CC(=O)N[C@@H](Cc3ccccc3)C(=O)NS(=O)(=O)c3ccccc3)c2c1)-c1ccc(cc1)-c1ccccc1,Ki, 350,nM,50841366,,,False
Cc1cc2c(C(=O)Cc3ccccc3)c(O)c(O)cc2c(O)c1-c1c(C)cc2c(C(=O)Cc3ccccc3)c(O)c(O)cc2c1O,Ki, 360,nM,51288553,,,False
COc1cc(CCC(=O)N2CCOCC2)ccc1-c1ccc(cc1)C(=O)NS(=O)(=O)c1ccc(NCCSc2ccccc2)c(c1)[N+]([O-])=O,Ki, 366,nM,50336969,,,False
CC1=C[C@@H](\C=C(/Cl)c2ccc(cc2)C(O)=O)[C@@]2(C=C[C@@H](CCOC(=O)Nc3cccc(Br)c3)C[C@@H]2C1)C(O)=O,Ki, 370,nM,51032636,,,False
C[C@@H]1CN(C(=O)c2c(CCCOc3cc(C)c(Cl)c(C)c3)c3ccc(Cl)c(-c4c(C)nn(C)c4C)c3n12)c1cccc2c(cccc12)C(O)=O,Ki, 380,nM,51277690,,,False
Brc1ccc(Sc2ccc3c4c(C#N)c(=O)nc4c4cccc2c34)cc1,Ki, 382,nM,50622537,,,False
Cc1cc(Oc2ccc(Cn3nc(C(=O)NS(=O)(=O)c4ccc(c(NCc5cccnc5)c4)[N+]([O-])=O)c4cc(Cl)ccc34)cc2)cc(C)c1Cl,Ki, 384,nM,1319463,,,False
Cc1cc(Oc2ccc(Cn3nc(C(=O)NS(=O)(=O)c4ccc(c(NCc5ccco5)c4)[N+]([O-])=O)c4cc(Cl)ccc34)cc2)cc(C)c1Cl,Ki, 384,nM,1319466,,,False
CC(C)c1ccc(cc1)-n1nc(cc1-c1ccc(OCc2ccccc2)cc1)C(O)=O,Ki, 385,nM,51218878,,,False
Cc1ccc(cc1)-c1ccc(COc2ccc(C[C@H](NC(=O)OC(C)(C)C)C(=O)NS(=O)(=O)c3ccc(Cl)c(c3)[N+]([O-])=O)cc2)cc1,Ki, 390,nM,51131486,,,False
Clc1ccc(cc1)-c1ccc(\C=C2/SC(=S)N([C@@H](Cc3ccc(Br)cc3)C(=O)NS(=O)(=O)c3ccccc3)C2=O)cc1,Ki, 390,nM,50304208,,,False
COc1cc(CCC(=O)N(C)C)ccc1-c1ccc(cc1)C(=O)NS(=O)(=O)c1ccc(NCCSc2ccccc2)c(c1)[N+]([O-])=O,Ki, 400,nM,50336979,,,False
Oc1cc(O)c2C[C@@H](OC(=O)c3cc(O)c(O)c(O)c3)[C@H](Oc2c1)c1ccc(O)c(O)c1,Ki, 400,nM,51186100,,,False
COc1cc(CCCN2CCOCC2)ccc1-c1ccc(cc1)C(=O)NS(=O)(=O)c1ccc(NCCSc2ccccc2)c(c1)[N+]([O-])=O,Ki, 402,nM,50336971,,,False
CCOc1ccc(cc1)-c1c(NC(=O)c2ccc(cc2)C(C)(C)C)c(nn1-c1ccc(Oc2ccccc2)cc1)C(O)=O,Ki, 406,nM,51218923,,,False
[O-][N+](=O)c1ccc(CC2Cc3c(Br)c(OCc4ccc(cc4)-c4ccccc4)c(Br)cc3C[C@H]2C(=O)NS(=O)(=O)c2ccc(Cl)c(c2)[N+]([O-])=O)cc1,Ki, 410,nM,51517872,,,False
Cc1cc(OCCCn2ccc3cc(OCc4cccc(c4)C(O)=O)ccc23)cc(C)c1Cl,Ki, 410,nM,50748665,,,False
Cc1nn(Cc2ccccc2)cc1-c1ccc(nc1C(O)=O)N1CCc2cccc(C(=O)Nc3nc4ccccc4s3)c2C1,Ki, 413,nM,51389593,,,False
Cc1cc(Oc2ccc(Cn3nc4ccc(Cl)cc4c3C(=O)NS(=O)(=O)c3ccc(NCCN4CCOCC4)c(c3)N(=O)=O)cc2)cc(C)c1Cl,Ki, 420,nM,1319489,,,False
Cc1cc(Oc2ccc(Cn3nc4ccc(Cl)cc4c3C(=O)NS(=O)(=O)c3ccc(NCCN4CCOCC4)c(c3)[N+]([O-])=O)cc2)cc(C)c1Cl,Ki, 420,nM,51461336,,,False
CCOc1cccc(c1)S(=O)(=O)Nc1ccc(cc1)N1CCN(CC1)c1cccc(c1)-c1c(C(=O)NCCCN2CCN(C)CC2)c(C)n(C)c1-c1ccc(Cl)cc1,Ki, 420,nM,50969077,,,False
Oc1cc2C(=O)c3ccccc3C(=O)c2cc1O,Ki, 420,nM,50975876,,,False
CC(C)c1c(O)c(O)c(C=O)c2c(O)c(c(C)cc12)-c1c(C)cc2c(C(C)C)c(O)c(O)c(C=O)c2c1O,Ki, 420,nM,50748600,,,False
CC(C)(C)OC(=O)Nc1cc(Oc2cc(ccc2C(=O)NS(=O)(=O)c2ccc(NCC3CCOCC3)c(c2)[N+]([O-])=O)N2CCN(CC3=C(CC(C)(C)CC3)c3ccc(Cl)cc3)CC2)c(Br)cn1,Ki, 427.49,nM,387958,,,False
CC(C)(C)OC(=O)Nc1cc(Oc2cc(ccc2C(=O)NS(=O)(=O)c2ccc(NCC3CCOCC3)c(c2)[N+]([O-])=O)N2CCN(CC3=C(CC(C)(C)CC3)c3ccc(Cl)cc3)CC2)c(Br)cn1 |t:49|,Ki, 427.49,nM,281706,,,False
COc1ccc2n(C(=O)c3ccc(Cl)cc3)c(C)c(CC(=O)N[C@@H](Cc3ccc(OCc4cccc(C)c4)cc3)C(=O)NS(=O)(=O)c3ccc(Cl)c(c3)[N+]([O-])=O)c2c1,Ki, 430,nM,51248076,,,False
CC(C)c1c(O)c(O)c(C=O)c2c(O)c(c(C)cc12)-c1c(C)cc2c(C(C)C)c(O)c(O)c(C=O)c2c1O,Ki, 431,nM,51218892,,,False
[O-][N+](=O)c1cc(ccc1NCCSc1ccccc1)S(=O)(=O)NC(=O)c1ccc(cc1)-c1ccc(F)cc1,Ki, 433,nM,50134303,,,False
Cc1nn(C)c(C)c1-c1c(Cl)ccc2c(CCCOc3cc(C)c(Cl)c(C)c3)c3C(=O)N(CCCn3c12)c1ccc(C(O)=O)c2ccn(C)c12,Ki, 440,nM,50764101,,,False
COc1ccc2n(C(=O)c3ccc(Cl)cc3)c(C)c(CC(=O)N[C@@H](Cc3ccc(OCc4cccc(c4)C#N)cc3)C(=O)NS(=O)(=O)c3ccc(Cl)c(c3)[N+]([O-])=O)c2c1,Ki, 440,nM,51248087,,,False
CC(C)c1c(O)c(O)c(C=O)c2c(O)c(c(C)cc12)-c1c(C)cc2c(C(C)C)c(O)c(O)c(C=O)c2c1O,Ki, 440,nM,50515774,,,False
CC(C)c1c(O)c(O)c(C=O)c2c(O)c(c(C)cc12)-c1c(C)cc2c(C(C)C)c(O)c(O)c(C=O)c2c1O,Ki, 440,nM,50521583,,,False
COc1ccc2n(C(=O)c3ccc(Cl)cc3)c(C)c(CC(=O)N[C@@H](Cc3ccc(OCc4ccc(Br)cc4)cc3)C(=O)NS(=O)(=O)c3ccc(Cl)c(c3)[N+]([O-])=O)c2c1,Ki, 440,nM,51248067,,,False
Cc1ccc(Oc2ccc3c4c(C#N)c(=O)nc4c4cccc2c34)cc1,Ki, 445,nM,50657376,,,False
Cc1ccc(CC(=O)N[C@@H](Cc2ccc(OCc3ccc(cc3)-c3ccccc3)cc2)C(=O)NS(=O)(=O)c2ccc(NCCCc3ccccc3)c(c2)[N+]([O-])=O)cc1,Ki, 450,nM,51131484,,,False
COc1ccc2n(C(=O)c3ccc(Cl)cc3)c(C)c(CC(=O)N[C@@H](Cc3ccc(OCc4ccccc4Br)cc3)C(=O)NS(=O)(=O)c3ccc(Cl)c(c3)[N+]([O-])=O)c2c1,Ki, 450,nM,51248078,,,False
Cc1ccc(CC(=O)N[C@@H](Cc2ccc(OCc3ccccc3)cc2)C(=O)NS(=O)(=O)c2ccc(NCCCc3ccccc3)c(c2)[N+]([O-])=O)cc1,Ki, 450,nM,51131497,,,False
[O-][N+](=O)c1cc(ccc1Cl)S(=O)(=O)NC(=O)[C@@H]1Cc2cc(Br)c(OCc3ccc(cc3)-c3ccccc3)c(Br)c2CC1Cc1ccc(cc1)C#N,Ki, 450,nM,51517871,,,False
CC(C)c1c(O)c(O)c(C=O)c2c(O)c(c(C)cc12)-c1c(C)cc2c(C(C)C)c(O)c(O)c(C=O)c2c1O,Ki, 450,nM,50538701,,,False
CC1=C[C@@H](\C=C(/Cl)c2ccc(cc2)C(O)=O)[C@@]2(C=C[C@@H](CCOC(=O)c3ccc(Cl)cc3)C[C@@H]2C1)C(O)=O,Ki, 450,nM,51032645,,,False
[O-][N+](=O)c1cccc(Oc2cc(ccc2C(=O)NS(=O)(=O)c2ccc(NCC3CCOCC3)cc2)N2CCN(Cc3ccccc3-c3ccc(Cl)cc3)CC2)c1,Ki, 450.52,nM,281410,,,False
[O-][N+](=O)c1cccc(Oc2cc(ccc2C(=O)NS(=O)(=O)c2ccc(NCC3CCOCC3)cc2)N2CCN(Cc3ccccc3-c3ccc(Cl)cc3)CC2)c1,Ki, 450.52,nM,387656,,,False
Cc1cc(Oc2ccc(Cn3nc(C(=O)NS(=O)(=O)c4ccc(c(c4)N4CCOCC4)[N+]([O-])=O)c4cc(Cl)ccc34)cc2)cc(C)c1Cl,Ki, 451,nM,1319460,,,False
Cc1cc(Oc2ccc(Cn3nc4ccc(Cl)cc4c3C(=O)NS(=O)(=O)c3ccc(c(NCCc4cccnc4)c3)N(=O)=O)cc2)cc(C)c1Cl,Ki, 460,nM,1319527,,,False
Cc1cc(Oc2ccc(Cn3nc4ccc(Cl)cc4c3C(=O)NS(=O)(=O)c3ccc(c(NCCc4cccnc4)c3)[N+]([O-])=O)cc2)cc(C)c1Cl,Ki, 460,nM,51461349,,,False
CC(O)(c1ccc(Cl)cc1)c1ccc(Cl)c(CCOc2ccc(cc2)-c2ccc(cc2)C(O)=O)c1,Ki, 460,nM,50605251,,,False
Cc1cc(Oc2ccc(Cn3nc4ccc(Cl)cc4c3C(=O)NS(=O)(=O)c3ccc(NCCc4cccnc4)c(c3)[N+]([O-])=O)cc2)cc(C)c1Cl,Ki, 460,nM,1319503,,,False
Cc1cc(Oc2ccc(Cn3nc4ccc(Cl)cc4c3C(=O)NS(=O)(=O)c3ccc(NCCc4cccnc4)c(c3)[N+]([O-])=O)cc2)cc(C)c1Cl,Ki, 460,nM,51461341,,,False
COc1ccc(cc1)S(=O)(=O)NC(=O)[C@H](Cc1ccccc1)NC(=O)Cc1c(C)n(-c2ccc(cc2)-c2ccccc2)c2ccc(OC)cc12,Ki, 470,nM,50841365,,,False
CC(C)(C)c1ccc(OCCCn2ccc3cc(OCc4cccc(c4)C(O)=O)ccc23)cc1,Ki, 470,nM,50748753,,,False
COc1ccc2n(C(=O)c3ccc(Cl)cc3)c(C)c(CC(=O)N[C@@H](Cc3ccc(OCc4ccc(cc4)C#N)cc3)C(=O)NS(=O)(=O)c3ccc(Cl)c(c3)[N+]([O-])=O)c2c1,Ki, 470,nM,51248096,,,False
COc1cccc(COc2ccc(C[C@H](NC(=O)Cc3c(C)n(C(=O)c4ccc(Cl)cc4)c4ccc(OC)cc34)C(=O)NS(=O)(=O)c3ccc(Cl)c(c3)[N+]([O-])=O)cc2)c1,Ki, 480,nM,51248077,,,False
[O-][N+](=O)c1ccc(cc1)S(=O)(=O)NC(=O)[C@H](Cc1ccc(Br)cc1)N1C(=S)S\C(=C/c2ccc(cc2)-c2ccc(Cl)cc2)C1=O,Ki, 490,nM,50304207,,,False
Cc1nn(C)c(C)c1-c1c(Cl)ccc2c(CCCOc3cc(C)c(Cl)c(C)c3)c3C(=O)N(CCCn3c12)c1ccc(C(O)=O)c2cccnc12,Ki, 490,nM,50764171,,,False
CN1CCN(CCCNC(=O)c2c(C)n(C)c(c2-c2cccc(c2)N2CCN(CC2)c2ccc(NS(=O)(=O)c3cccc(c3)C(C)(C)C)cc2)-c2ccc(Cl)cc2)CC1,Ki, 494,nM,50969080,,,False
C[C@@H]1CN(c2cn(C)c3cc(ccc23)C(O)=O)C(=O)c2c(CCCOc3cc(C)c(Cl)c(C)c3)c3ccc(Cl)c(-c4c(C)nn(C)c4C)c3n12,Ki, 500,nM,51277636,,,False
Cc1ccc(cc1)S(=O)(=O)NC(=O)[C@H](Cc1ccccc1)N1C(=S)S\C(=C/c2ccc(cc2)-c2ccccc2)C1=O,Ki, 500,nM,50429786,,,False
Cc1cc(Oc2ccc(Cn3nc4ccc(Cl)cc4c3C(=O)NS(=O)(=O)c3ccc(Cl)cc3)cc2)cc(C)c1Cl,Ki, 510,nM,51461334,,,False
CC(C)(C)OC(=O)N1C[C@H](C[C@H]1C(=O)N[C@@H](Cc1ccc(OCc2ccccc2)cc1)C(=O)NS(=O)(=O)c1ccc(Cl)c(c1)[N+]([O-])=O)Oc1ccc(cc1)-c1ccc(Cl)cc1,Ki, 510,nM,50538713,,,False
COc1ccc2n(C(=O)c3ccc(Cl)cc3)c(C)c(CC(=O)N[C@@H](Cc3ccc(OCc4ccc(cc4)[N+]([O-])=O)cc3)C(=O)NS(=O)(=O)c3ccc(Cl)c(c3)[N+]([O-])=O)c2c1,Ki, 510,nM,51248097,,,False
Cc1cc(Oc2ccc(Cn3nc4ccc(Cl)cc4c3C(=O)NS(=O)(=O)c3ccc(Cl)cc3)cc2)cc(C)c1Cl,Ki, 510,nM,1319483,,,False
CC(C)c1c(O)c(O)c(C=O)c2c(O)c(c(C)cc12)-c1c(C)cc2c(C(C)C)c(O)c(O)c(C=O)c2c1O,Ki, 511,nM,50527971,,,False
CC(=O)Nc1ccc(Oc2cc(ccc2C(=O)NS(=O)(=O)c2ccc(NCC3CCOCC3)c(c2)[N+]([O-])=O)N2CCN(Cc3ccccc3-c3ccc(Cl)cc3)CC2)cc1,Ki, 511.56,nM,281415,,,False
CC(=O)Nc1ccc(Oc2cc(ccc2C(=O)NS(=O)(=O)c2ccc(NCC3CCOCC3)c(c2)[N+]([O-])=O)N2CCN(Cc3ccccc3-c3ccc(Cl)cc3)CC2)cc1,Ki, 511.56,nM,387661,,,False
COc1ccc2n(C(=O)c3ccc(Cl)cc3)c(C)c(CC(=O)N[C@@H](Cc3ccc(OCc4ccccc4)cc3)C(=O)NS(=O)(=O)c3ccc(Cl)c(c3)[N+]([O-])=O)c2c1,Ki, 520,nM,51248092,,,False
Cc1nn(C)c(C)c1-c1c(Cl)ccc2c(CCCOc3cc(C)c(Cl)c(C)c3)c3C(=O)N(CCCn3c12)c1cc(cc2ccn(C)c12)C(O)=O,Ki, 520,nM,50764176,,,False
CC(C)Oc1cccc(c1)S(=O)(=O)Nc1ccc(cc1)N1CCN(CC1)c1cccc(c1)-c1c(C(=O)NCCCN2CCN(C)CC2)c(C)n(C)c1-c1ccc(Cl)cc1,Ki, 522,nM,50969076,,,False
Cc1cc(Oc2ccc(Cn3nc4ccc(Cl)cc4c3C(=O)NS(=O)(=O)c3ccc(N4CCOCC4)c(c3)[N+]([O-])=O)cc2)cc(C)c1Cl,Ki, 530,nM,51461335,,,False
Cc1cc(Oc2ccc(Cn3nc4ccc(Cl)cc4c3C(=O)NS(=O)(=O)c3ccc(N4CCOCC4)c(c3)N(=O)=O)cc2)cc(C)c1Cl,Ki, 530,nM,1319486,,,False
Cc1nn(C)c(C)c1-c1c(Cl)ccc2c(CCCOc3cc(C)c(Cl)c(C)c3)c3C(=O)N(CCCn3c12)c1cn(C)c2cc(ccc12)C(O)=O,Ki, 530,nM,50764172,,,False
COc1ccc2n(C(=O)c3ccc(Cl)cc3)c(C)c(CC(=O)N[C@@H](Cc3ccc(OCc4ccccc4)cc3)C(=O)NS(=O)(=O)c3ccc(Br)cc3)c2c1,Ki, 530,nM,51248086,,,False
[O-][N+](=O)c1ccc(cc1)-c1ccc(\C=C2/SC(=S)N([C@@H](Cc3ccc(Br)cc3)C(=O)NS(=O)(=O)c3ccccc3)C2=O)cc1,Ki, 540,nM,50304209,,,False
Cc1nn(Cc2ccccc2)c(C)c1-c1ccc(nc1C(O)=O)N1CCc2cccc(C(=O)Nc3nc4ccccc4s3)c2C1,Ki, 548,nM,51389595,,,False
Cc1nn(C)c(C)c1-c1c(Cl)ccc2c(CCCOc3cc(C)c(Cl)c(C)c3)c3C(=O)N(CCCn3c12)c1cc(cc2OCOc12)C(O)=O,Ki, 550,nM,50764100,,,False
Cc1ccc(cc1)-c1ccc(O[C@H]2C[C@H](N(C2)C(=O)OC(C)(C)C)C(=O)N[C@@H](Cc2ccc(Br)cc2)C(=O)NS(=O)(=O)c2ccc(Cl)c(c2)[N+]([O-])=O)cc1,Ki, 550,nM,51215374,,,False
CC(C)c1c(O)c(O)c(C=O)c2c(O)c(c(C)cc12)-c1c(C)cc2c(C(C)C)c(O)c(O)c(C=O)c2c1O,Ki, 558,nM,51080546,,,False
CCCCCC(=O)N[C@@H](Cc1ccc(OCc2ccc(cc2)-c2ccccc2)cc1)C(=O)NS(=O)(=O)c1ccc(Cl)c(c1)[N+]([O-])=O,Ki, 560,nM,51131485,,,False
COc1ccc2n(C(=O)c3ccc(Cl)cc3)c(C)c(CC(=O)N[C@@H](Cc3ccc(OCc4ccc(C)cc4)cc3)C(=O)NS(=O)(=O)c3ccc(Cl)c(c3)[N+]([O-])=O)c2c1,Ki, 560,nM,51248095,,,False
CC(C)c1c(O)c(O)c(C=O)c2c(O)c(c(C)cc12)-c1c(C)cc2c(C(C)C)c(O)c(O)c(C=O)c2c1O,Ki, 560,nM,51215390,,,False
COc1ccc2n(C(=O)c3ccc(Cl)cc3)c(C)c(CC(=O)N[C@@H](Cc3ccc(OCc4cccc5ccccc45)cc3)C(=O)NS(=O)(=O)c3ccc(Cl)c(c3)[N+]([O-])=O)c2c1,Ki, 560,nM,51248081,,,False
Cc1nn(C)c(C)c1-c1c(Cl)ccc2c(CCCOc3cc(C)c(Cl)c(C)c3)c3C(=O)N(CCCn3c12)c1cn(C)c2ccc(cc12)C(O)=O,Ki, 560,nM,50764105,,,False
[O-][N+](=O)c1cc(ccc1NCC1CCOCC1)S(=O)(=O)NC(=O)c1ccc(cc1Oc1ccc(OCCN2CCOCC2)cc1)N1CCN(Cc2ccccc2-c2ccc(Cl)cc2)CC1,Ki, 561.21,nM,281427,,,False
[O-][N+](=O)c1cc(ccc1NCC1CCOCC1)S(=O)(=O)NC(=O)c1ccc(cc1Oc1ccc(OCCN2CCOCC2)cc1)N1CCN(Cc2ccccc2-c2ccc(Cl)cc2)CC1,Ki, 561.21,nM,387673,,,False
CN1CCN(CCCNC(=O)c2c(C)n(C)c(c2-c2cccc(c2)N2CCN(CC2)c2ccc(NS(=O)(=O)c3ccccc3)cc2)-c2ccc(Cl)cc2)CC1,Ki, 569,nM,50969087,,,False
Cc1cc(Oc2ccc(Cn3nc(C(=O)NS(=O)(=O)c4ccc(N5CCOCC5)c(c4)[N+]([O-])=O)c4cc(Cl)ccc34)cc2)cc(C)c1Cl,Ki, 569,nM,1319449,,,False
Cc1cc(Oc2ccc(Cn3nc4ccc(Cl)cc4c3C(=O)NS(=O)(=O)c3ccc(NCc4ccco4)c(c3)N(=O)=O)cc2)cc(C)c1Cl,Ki, 570,nM,1319491,,,False
Cc1cc(Oc2ccc(Cn3nc4ccc(Cl)cc4c3C(=O)NS(=O)(=O)c3ccc(NCc4ccco4)c(c3)[N+]([O-])=O)cc2)cc(C)c1Cl,Ki, 570,nM,51461337,,,False
[O-][N+](=O)c1cc(ccc1Cl)S(=O)(=O)NC(=O)[C@H](Cc1ccc(OCc2ccc(cc2)-c2ccccc2)cc1)NC(=O)c1ccc2ccccc2c1,Ki, 570,nM,51131491,,,False
Cc1cc(OCCCn2nc(C(=O)NS(=O)(=O)c3ccc(NCc4ccco4)c(c3)[N+]([O-])=O)c3cc(Cl)ccc23)cc(C)c1Cl,Ki, 572,nM,1319430,,,False
Cc1nn(C)c(C)c1-c1c(Cl)ccc2c(CCCOc3cc(C)c(Cl)c(C)c3)c3C(=O)N(CCCn3c12)c1cc(C(O)=O)c2ccn(C)c2c1,Ki, 576,nM,51439207,,,False
CC(C)(C)OC(=O)N[C@@H](Cc1ccc(OCc2ccc(cc2)-c2ccc(Cl)cc2)cc1)C(=O)NS(=O)(=O)c1ccc(Cl)c(c1)[N+]([O-])=O,Ki, 580,nM,51131502,,,False
[O-][N+](=O)c1cc(ccc1Cl)S(=O)(=O)NC(=O)[C@H](Cc1ccc(OCc2ccc(cc2)-c2ccccc2)cc1)NC(=O)c1cccnc1,Ki, 580,nM,51131499,,,False
COc1ccc2n(c(C)c(CC(=O)N[C@@H](Cc3ccccc3)C(=O)NS(=O)(=O)c3ccc(Cl)c(c3)[N+]([O-])=O)c2c1)-c1ccc(cc1)-c1ccccc1,Ki, 580,nM,50841390,,,False
Cc1nn(C)c(C)c1-c1c(Cl)ccc2c(CCCOc3cc(C)c(Cl)c(C)c3)c3C(=O)N(CCCn3c12)c1cc(C(O)=O)c2ccn(C)c2c1,Ki, 580,nM,50764093,,,False
Oc1cc2C(=O)c3ccccc3C(=O)c2c(O)c1O,Ki, 583,nM,50975878,,,False
COc1ccc2n(C(=O)c3ccc(Cl)cc3)c(C)c(CC(=O)N[C@@H](Cc3ccc(Br)cc3)C(=O)NS(=O)(=O)c3ccc(Cl)c(c3)[N+]([O-])=O)c2c1,Ki, 590,nM,51248072,,,False
CC(C)c1cc(C(=O)N2CCc3ccc(cc3C2)S(=O)(=O)NCCc2ccccc2)c(O)c(O)c1O,Ki, 590,nM,50379663,,,False
CC(C)=CCCC1=CC[C@@H]([C@H](C1)c1ccccc1)C(=O)NO,Ki, 600,nM,51337659,,,False
[O-][N+](=O)c1cc(ccc1NCCSc1ccccc1)S(=O)(=O)NC(=O)c1ccc(NC(=O)\C=C\c2ccccc2Cl)cc1,Ki, 600,nM,50521559,,,False
Cc1cc(Oc2ccc(Cn3nc4ccc(Cl)cc4c3C(=O)NS(=O)(=O)c3ccc(NCc4ccn(C)n4)c(c3)[N+]([O-])=O)cc2)cc(C)c1Cl,Ki, 600,nM,51461339,,,False
Cc1cc(Oc2ccc(Cn3nc4ccc(Cl)cc4c3C(=O)NS(=O)(=O)c3ccc(NCc4ccn(C)n4)c(c3)N(=O)=O)cc2)cc(C)c1Cl,Ki, 600,nM,1319497,,,False
[O-][N+](=O)c1cc(ccc1NC1CCCC1)S(=O)(=O)NC(=O)[C@H](Cc1ccc(OCc2ccc(cc2)C#N)cc1)NC(=O)Cc1ccc(cc1)-c1ccccc1,Ki, 610,nM,51131496,,,False
OC(=O)c1ccc(COc2ccc(\C=C3/SC(=S)N(C3=O)c3ccc(Br)cc3)cc2)cc1,Ki, 610,nM,50429782,,,False
Cc1cc(Oc2ccc(Cn3nc(C(=O)NS(=O)(=O)c4ccc(NCc5cccnc5)c(c4)[N+]([O-])=O)c4cc(Cl)ccc34)cc2)cc(C)c1Cl,Ki, 611,nM,1319452,,,False
Cc1cc(Oc2ccc(Cn3nc4ccc(Cl)cc4c3C(=O)NS(=O)(=O)c3ccc(NCCc4ccco4)c(c3)N(=O)=O)cc2)cc(C)c1Cl,Ki, 620,nM,1319494,,,False
COC(=O)[C@@]12C=C[C@@H](CC(=O)NCc3ccc(Cl)cc3)C[C@@H]1CC(C)=C[C@H]2\C=C(/Cl)c1ccc(cc1)C(O)=O,Ki, 620,nM,51032937,,,False
Cc1cc(Oc2ccc(Cn3nc(C(=O)NS(=O)(=O)Cc4ccc(N5CCOCC5)c(c4)[N+]([O-])=O)c4cc(Cl)ccc34)cc2)cc(C)c1Cl,Ki, 620,nM,1319536,,,False
Cc1ccc(cc1)S(=O)(=O)NC(=O)[C@H](Cc1ccccc1)N1C(=S)S\C(=C/c2ccc(cc2)-c2ccccc2)C1=O,Ki, 620,nM,50433112,,,False
Cc1cc(Oc2ccc(Cn3nc4ccc(Cl)cc4c3C(=O)NS(=O)(=O)c3ccc(NCCc4ccco4)c(c3)[N+]([O-])=O)cc2)cc(C)c1Cl,Ki, 620,nM,51461338,,,False
CC(C)(C)OC(=O)N[C@@H](Cc1ccc(OCc2ccc(cc2)-c2ccccc2)cc1)C(=O)NS(=O)(=O)c1ccc(Cl)c(c1)[N+]([O-])=O,Ki, 620,nM,51131489,,,False
OC(=O)c1nc(ccc1CCCOc1ccccc1)N1CCc2cccc(C(=O)Nc3nc4ccccc4s3)c2C1,Ki, 626,nM,51389589,,,False
C[C@@H]1CN(C(=O)c2c(CCCOc3cc(C)c(Cl)c(C)c3)c3ccc(Cl)c(-c4c(C)nn(C)c4C)c3n12)c1cc(cc2n(C)ccc12)C(O)=O,Ki, 630,nM,51277689,,,False
C[C@@H]1CN(C(=O)c2c(CCCOc3cc(C)c(Cl)c(C)c3)c3ccc(Cl)c(-c4c(C)nn(C)c4C)c3n12)c1cc(cc2OCOc12)C(O)=O,Ki, 630,nM,51277714,,,False
COc1ccc2n(C(=O)c3ccc(Cl)cc3)c(C)c(CC(=O)N[C@@H](Cc3ccc(OCc4ccc(cc4)[N+]([O-])=O)cc3)C(=O)NS(=O)(=O)c3ccc(Br)cc3)c2c1,Ki, 630,nM,51248080,,,False
CC(C)c1c(O)c(O)cc2c(O)c(c(C)cc12)-c1c(C)cc2c(C(C)C)c(O)c(O)cc2c1O,Ki, 640,nM,51288552,,,False
CN1CCN(CCCNC(=O)c2c(C)n(C)c(c2-c2cccc(c2)N2CCN(CC2)c2ccc(NS(=O)(=O)c3cccc(c3)S(C)(=O)=O)cc2)-c2ccc(Cl)cc2)CC1,Ki, 658,nM,50969074,,,False
Cc1cc(Oc2ccc(Cn3nc4ccc(Cl)cc4c3C(=O)NS(=O)(=O)c3ccc(NCCc4ccncc4)c(c3)[N+]([O-])=O)cc2)cc(C)c1Cl,Ki, 660,nM,1319509,,,False
CN(C)S(=O)(=O)N1CCN(CC1)c1ccc(OCc2c(c(C)nn2C)-c2cccc3c(CCCOc4cccc5ccccc45)c(C(O)=O)n(CCN4CCOCC4)c23)cc1,Ki,>660,nM,51455568,,,False
Cc1ccc(cc1)S(=O)(=O)NC(=O)[C@H](Cc1ccccc1)N1C(=S)S\C(=C/c2ccc(cc2)-c2ccccc2)C1=O,Ki, 660,nM,50304206,,,False
Cc1nn(C)c(COc2ccc(cc2)N2CCN(CC2)S(C)(=O)=O)c1-c1cccc2c(CCCOc3cccc4ccccc34)c(C(O)=O)n(CCN3CCOCC3)c12,Ki,>660,nM,50322489,,,False
Cc1cc(Oc2ccc(Cn3nc4ccc(Cl)cc4c3C(=O)NS(=O)(=O)c3ccc(NCCc4ccncc4)c(c3)[N+]([O-])=O)cc2)cc(C)c1Cl,Ki, 660,nM,51461343,,,False
CN(C)C(=O)COc1ccc(Oc2cc(ccc2C(=O)NS(=O)(=O)c2ccc(NCC3CCOCC3)c(c2)[N+]([O-])=O)N2CCN(Cc3ccccc3-c3ccc(Cl)cc3)CC2)cc1,Ki, 669.5,nM,387680,,,False
CC1(C)CCC(CN2CCN(CC2)c2ccc(C(=O)NS(=O)(=O)c3ccc(OCC4(F)CCOCC4)c(Cl)c3)c(Oc3cnc4[nH]ccc4c3)c2)=C(C1)c1ccc(Cl)cc1,Ki,<0.010,nM,704877,,,False
CC1(C)CCC(CN2CCN(CC2)c2ccc(C(=O)NS(=O)(=O)c3ccc(OCCOC4CCOC4)c(c3)[N+]([O-])=O)c(Oc3cnc4[nH]ccc4c3)c2)=C(C1)c1ccc(Cl)cc1,Ki,<0.010,nM,704866,,,False
CC1(C)CCC(CN2CCN(CC2)c2ccc(C(=O)NS(=O)(=O)c3ccc(NC[C@H]4CC[C@@H](CC4)C#N)c(c3)[N+]([O-])=O)c(Oc3cnc4[nH]ccc4c3)c2)=C(C1)c1ccc(Cl)cc1,Ki,<0.010,nM,704867,,,False
CC1(C)CCC(CN2CCN(CC2)c2ccc(C(=O)NS(=O)(=O)c3ccc(OCC4(F)CCOCC4)c(Cl)c3)c(Oc3cnc4[nH]ccc4c3)c2)=C(C1)c1ccc(Cl)cc1,Ki,<0.010,nM,1180025,,,False
CC1(C)CCC(CN2CCN(CC2)c2ccc(C(=O)NS(=O)(=O)c3cnc(OCC4(F)CCN(CC4)C4COC4)c(Cl)c3)c(Oc3cnc4[nH]ccc4c3)c2)=C(C1)c1ccc(Cl)cc1,Ki,<0.010,nM,704868,,,False
CC1(C)CCC(CN2CCN(CC2)c2ccc(C(=O)NS(=O)(=O)c3ccc(NC4CCN(CC4)C4CC4)c(c3)[N+]([O-])=O)c(Oc3cnc4[nH]ccc4c3)c2)=C(C1)c1ccc(Cl)cc1,Ki,<0.010,nM,1180028,,,False
CC1(C)CCC(CN2CCN(CC2)c2ccc(C(=O)NS(=O)(=O)c3ccc(OCCOC4CCOC4)c(c3)[N+]([O-])=O)c(Oc3cnc4[nH]ccc4c3)c2)=C(C1)c1ccc(Cl)cc1,Ki,<0.010,nM,1180003,,,False
CC1(C)CCC(CN2CCN(CC2)c2ccc(C(=O)NS(=O)(=O)c3cnc(OC[C@H]4CC[C@H](O)CC4)c(Cl)c3)c(Oc3cnc4[nH]ccc4c3)c2)=C(C1)c1ccc(Cl)cc1,Ki,<0.010,nM,704889,,,False
CC1(C)CCC(CN2CCN(CC2)c2ccc(C(=O)NS(=O)(=O)c3cnc(OCC4(F)CCN(CC4)C4COC4)c(Cl)c3)c(Oc3cnc4[nH]ccc4c3)c2)=C(C1)c1ccc(Cl)cc1,Ki,<0.010,nM,1180007,,,False
CC1(C)CCC(CN2CCN(CC2)c2ccc(C(=O)NS(=O)(=O)c3ccc(NC[C@H]4CC[C@@H](CC4)C#N)c(c3)[N+]([O-])=O)c(Oc3cnc4[nH]ccc4c3)c2)=C(C1)c1ccc(Cl)cc1,Ki,<0.010,nM,1180005,,,False
CC1(C)CCC(CN2CCN(CC2)c2ccc(C(=O)NS(=O)(=O)c3ccc(NCCCNC4CC4)c(c3)[N+]([O-])=O)c(Oc3cnc4[nH]ccc4c3)c2)=C(C1)c1ccc(Cl)cc1,Ki,<0.010,nM,704882,,,False
CC1CN(CCN1CC1=C(CC(C)(C)CC1)c1ccc(Cl)cc1)c1ccc(C(=O)NS(=O)(=O)c2ccc(NCC3CCOCC3)c(c2)[N+]([O-])=O)c(Oc2cnc3[nH]ccc3c2)c1,Ki,<0.010,nM,704881,,,False
CN(C)CC(=O)N1CCC(COc2ccc(cc2Cl)S(=O)(=O)NC(=O)c2ccc(cc2Oc2cnc3[nH]ccc3c2)N2CCN(CC3=C(CC(C)(C)CC3)c3ccc(Cl)cc3)CC2)CC1,Ki,<0.010,nM,704886,,,False
COC(=O)N1CCOC(CNc2ccc(cc2[N+]([O-])=O)S(=O)(=O)NC(=O)c2ccc(cc2Oc2cnc3[nH]ccc3c2)N2CCN(CC3=C(CC(C)(C)CC3)c3ccc(Cl)cc3)CC2)C1,Ki,<0.010,nM,704907,,,False
CC1(C)CCC(CN2CCN(CC2)c2ccc(C(=O)NS(=O)(=O)c3ccc(NCC4(N)CCOCC4)c(c3)[N+]([O-])=O)c(Oc3cnc4[nH]ccc4c3)c2)=C(C1)c1ccc(Cl)cc1,Ki,<0.010,nM,1180048,,,False
CC1(C)CCC(CN2CCN(CC2)c2ccc(C(=O)NS(=O)(=O)c3cnc(OC[C@H]4CC[C@H](O)CC4)c(Cl)c3)c(Oc3cnc4[nH]ccc4c3)c2)=C(C1)c1ccc(Cl)cc1,Ki,<0.010,nM,1180049,,,False
CC1(C)CCC(CN2CCN(CC2)c2ccc(C(=O)NS(=O)(=O)c3ccc(NCCCN(C4CC4)C4CCC4)c(c3)[N+]([O-])=O)c(Oc3cnc4[nH]ccc4c3)c2)=C(C1)c1ccc(Cl)cc1,Ki,<0.010,nM,704910,,,False
CC1(C)CCC(CN2CCN(CC2)c2ccc(C(=O)NS(=O)(=O)c3ccc(N[C@H]4CC[C@H](C4)N4CCOCC4)c(c3)[N+]([O-])=O)c(Oc3cnc4[nH]ccc4c3)c2)=C(C1)c1ccc(Cl)cc1,Ki,<0.010,nM,1180054,,,False
[O-][N+](=O)c1cc(ccc1NCC1CCOCC1)S(=O)(=O)NC(=O)c1ccc(cc1Oc1cnc2[nH]ccc2c1)N1CCN(CC2=C(CCC(F)(F)C2)c2ccc(Cl)cc2)CC1,Ki,<0.010,nM,704911,,,False
CCN(C)C(=O)N1CCOC(CNc2ccc(cc2[N+]([O-])=O)S(=O)(=O)NC(=O)c2ccc(cc2Oc2cnc3[nH]ccc3c2)N2CCN(CC3=C(CC(C)(C)CC3)c3ccc(Cl)cc3)CC2)C1,Ki,<0.010,nM,704908,,,False
CC1(C)CCC(CN2CCN(CC2)c2ccc(C(=O)NS(=O)(=O)c3ccc(NCC4CN(CCO4)S(C)(=O)=O)c(c3)[N+]([O-])=O)c(Oc3cnc4[nH]ccc4c3)c2)=C(C1)c1ccc(Cl)cc1,Ki,<0.010,nM,704909,,,False
CC1(C)CCC(CN2CCN(CC2)c2ccc(C(=O)NS(=O)(=O)c3ccc(NCC4CNCCO4)c(c3)[N+]([O-])=O)c(Oc3cnc4[nH]ccc4c3)c2)=C(C1)c1ccc(Cl)cc1,Ki,<0.010,nM,1180058,,,False
CC1(C)CCC(CN2CCN(CC2)c2ccc(C(=O)NS(=O)(=O)c3ccc(N[C@@H]4CC[C@@H](C4)N4CCOCC4)c(c3)[N+]([O-])=O)c(Oc3cnc4[nH]ccc4c3)c2)=C(C1)c1ccc(Cl)cc1,Ki,<0.010,nM,1180056,,,False
CN1CCC[C@H]1C(=O)N1CCC(COc2ccc(cc2Cl)S(=O)(=O)NC(=O)c2ccc(cc2Oc2cnc3[nH]ccc3c2)N2CCN(CC3=C(CC(C)(C)CC3)c3ccc(Cl)cc3)CC2)CC1,Ki,<0.010,nM,704902,,,False
CC1(C)CCC(CN2CCN(CC2)c2ccc(C(=O)NS(=O)(=O)c3ccc(NC4CN(C4)C4CCOCC4)c(c3)[N+]([O-])=O)c(Oc3cnc4[nH]ccc4c3)c2)=C(C1)c1ccc(Cl)cc1,Ki,<0.010,nM,1180063,,,False
CC1(C)CCC(CN2CCN(CC2)c2ccc(C(=O)NS(=O)(=O)c3ccc(NCC4CCOC4)c(c3)[N+]([O-])=O)c(Oc3cnc4[nH]ccc4c3)c2)=C(C1)c1ccc(Cl)cc1,Ki,<0.010,nM,1180060,,,False
CC1(C)CCC(CN2CCN(CC2)c2ccc(C(=O)NS(=O)(=O)c3ccc(NCCCN(C4CC4)C4COC4)c(c3)[N+]([O-])=O)c(Oc3cnc4[nH]ccc4c3)c2)=C(C1)c1ccc(Cl)cc1,Ki,<0.010,nM,704901,,,False
CC1(C)CCC(CN2CCN(CC2)c2ccc(C(=O)NS(=O)(=O)c3ccc(NC4CCN(CC4)[C@H]4CCOC[C@H]4F)c(c3)[N+]([O-])=O)c(Oc3cnc4[nH]ccc4c3)c2)=C(C1)c1ccc(Cl)cc1,Ki,<0.010,nM,1180061,,,False
CC1(C)CCC(CN2CCN(CC2)c2ccc(C(=O)NS(=O)(=O)c3ccc(NCCCNC4CC4)c(c3)[N+]([O-])=O)c(Oc3cnc4[nH]ccc4c3)c2)=C(C1)c1ccc(Cl)cc1,Ki,<0.010,nM,1180035,,,False
[O-][N+](=O)c1cc(ccc1NCC1CN(CCO1)C1CC1)S(=O)(=O)NC(=O)c1ccc(cc1Oc1cnc2[nH]ccc2c1)N1CCN(CC2=C(CC3(CC3)CC2)c2ccc(Cl)cc2)CC1,Ki,<0.010,nM,704920,,,False
CC1(C)CCC(CN2CCN(CC2)c2ccc(C(=O)NS(=O)(=O)c3ccc(N[C@H]4CC[C@@H](CC4)N(C4CC4)C4CC4)c(c3)[N+]([O-])=O)c(Oc3cnc4[nH]ccc4c3)c2)=C(C1)c1ccc(Cl)cc1,Ki,<0.010,nM,1180032,,,False
CC1CN(CCN1CC1=C(CC(C)(C)CC1)c1ccc(Cl)cc1)c1ccc(C(=O)NS(=O)(=O)c2ccc(NCC3CCOCC3)c(c2)[N+]([O-])=O)c(Oc2cnc3[nH]ccc3c2)c1,Ki,<0.010,nM,1180033,,,False
CCN1CCOCC1COc1ccc(cc1[N+]([O-])=O)S(=O)(=O)NC(=O)c1ccc(cc1Oc1cnc2[nH]ccc2c1)N1CCN(CC2=C(CC(C)(C)CC2)c2ccc(Cl)cc2)CC1,Ki,<0.010,nM,1180038,,,False
CC1(C)CCC(CN2CCN(CC2)c2ccc(C(=O)NS(=O)(=O)c3ccc(NC[C@H]4CC[C@@](C)(O)CC4)c(c3)[N+]([O-])=O)c(Oc3cnc4[nH]ccc4c3)c2)=C(C1)c1ccc(Cl)cc1,Ki,<0.010,nM,704927,,,False
O[C@H]1CC[C@H](CNc2ccc(cc2[N+]([O-])=O)S(=O)(=O)NC(=O)c2ccc(cc2Oc2cnc3[nH]ccc3c2)N2CCN(CC3=C(CCC(F)(F)C3)c3ccc(Cl)cc3)CC2)CC1,Ki,<0.010,nM,704914,,,False
CC1(C)CCC(CN2CCN(CC2)c2ccc(C(=O)NS(=O)(=O)c3ccc(N[C@H]4CCCN(C4)C4CCOCC4)c(c3)[N+]([O-])=O)c(Oc3cnc4[nH]ccc4c3)c2)=C(C1)c1ccc(Cl)cc1,Ki,<0.010,nM,1180042,,,False
FC1(COc2ccc(cc2Cl)S(=O)(=O)NC(=O)c2ccc(cc2Oc2cnc3[nH]ccc3c2)N2CCN(CC3=C(CCC4(CCN(CC4)C4COC4)C3)c3ccc(Cl)cc3)CC2)CCOCC1,Ki,<0.010,nM,704915,,,False
CN(C)CC(=O)N1CCC(COc2ccc(cc2Cl)S(=O)(=O)NC(=O)c2ccc(cc2Oc2cnc3[nH]ccc3c2)N2CCN(CC3=C(CC(C)(C)CC3)c3ccc(Cl)cc3)CC2)CC1,Ki,<0.010,nM,1180043,,,False
CC1(C)CCC(CN2CCN(CC2)c2ccc(C(=O)NS(=O)(=O)c3ccc(OCC4(F)CCN(CC4)C4COC4)c(Cl)c3)c(Oc3cnc4[nH]ccc4c3)c2)=C(C1)c1ccc(Cl)cc1,Ki,<0.010,nM,704912,,,False
[O-][N+](=O)c1cc(ccc1NCC1CCOCC1)S(=O)(=O)NC(=O)c1ccc(cc1Oc1cnc2[nH]ccc2c1)N1CCN(CC2=C(CC3(CC3)CC2)c2ccc(Cl)cc2)CC1,Ki,<0.010,nM,704918,,,False
CC1(C)CCC(CN2CCN(CC2)c2ccc(C(=O)NS(=O)(=O)c3ccc(NC[C@@H]4CN(CCO4)C4CC4)c(c3)[N+]([O-])=O)c(Oc3cnc4[nH]ccc4c3)c2)=C(C1)c1ccc(Cl)cc1,Ki,<0.010,nM,704916,,,False
CC1(C)CCC(CN2CCN(CC2)c2ccc(C(=O)NS(=O)(=O)c3ccc(NC[C@H]4CN(CCO4)C4CC4)c(c3)[N+]([O-])=O)c(Oc3cnc4[nH]ccc4c3)c2)=C(C1)c1ccc(Cl)cc1,Ki,<0.010,nM,704917,,,False
CC(C)(C)OC(=O)N1CCC(F)(COc2ccc(cc2[N+]([O-])=O)S(=O)(=O)NC(=O)c2ccc(cc2Oc2cnc3[nH]ccc3c2)N2CCN(CC3=C(CC(C)(C)CC3)c3ccc(Cl)cc3)CC2)CC1,Ki,<0.010,nM,1180083,,,False
CO[C@H]1CC[C@H](COc2ccc(cc2[N+]([O-])=O)S(=O)(=O)NC(=O)c2ccc(cc2Oc2cnc3[nH]ccc3c2)N2CCN(CC3=C(CC(C)(C)CC3)c3ccc(Cl)cc3)CC2)CC1,Ki,<0.010,nM,1180081,,,False
COC(=O)N1CCOC(CNc2ccc(cc2[N+]([O-])=O)S(=O)(=O)NC(=O)c2ccc(cc2Oc2cnc3[nH]ccc3c2)N2CCN(CC3=C(CC(C)(C)CC3)c3ccc(Cl)cc3)CC2)C1,Ki,<0.010,nM,1180086,,,False
[O-][N+](=O)c1cc(ccc1NCC1CCOCC1)S(=O)(=O)NC(=O)c1ccc(cc1Oc1cnc2[nH]ccc2c1)N1CCN(CC2=C(CCC(CF)(CF)C2)c2ccc(Cl)cc2)CC1,Ki,<0.010,nM,704943,,,False
CC1(C)CCC(CN2CCN(CC2)c2ccc(C(=O)NS(=O)(=O)c3ccc(N[C@H]4CC[C@@H](CC4)N4CCN(CC4)C4CCOCC4)c(c3)[N+]([O-])=O)c(Oc3cnc4[nH]ccc4c3)c2)=C(C1)c1ccc(Cl)cc1,Ki,<0.010,nM,1180087,,,False
CC1(C)CCC(CN2CCN(CC2)c2ccc(C(=O)NS(=O)(=O)c3cnc(OC[C@@]4(F)CC[C@H](O)CC4)c(Cl)c3)c(Oc3cnc4[nH]ccc4c3)c2)=C(C1)c1ccc(Cl)cc1,Ki,<0.010,nM,704940,,,False
CC1(C)CCC(CN2CCN(CC2)c2ccc(C(=O)NS(=O)(=O)c3ccc(OCC4CCC5(COC5)CC4)c(c3)[N+]([O-])=O)c(Oc3cnc4[nH]ccc4c3)c2)=C(C1)c1ccc(Cl)cc1,Ki,<0.010,nM,704941,,,False
CC1(C)CCC(CN2CCN(CC2)c2ccc(C(=O)NS(=O)(=O)c3ccc(OCC4(F)CCNCC4)c(c3)[N+]([O-])=O)c(Oc3cnc4[nH]ccc4c3)c2)=C(C1)c1ccc(Cl)cc1,Ki,<0.010,nM,1180085,,,False
CN(C)C(=O)COc1ccc(Oc2cc(ccc2C(=O)NS(=O)(=O)c2ccc(NCC3CCOCC3)c(c2)[N+]([O-])=O)N2CCN(Cc3ccccc3-c3ccc(Cl)cc3)CC2)cc1,Ki, 669.5,nM,281434,,,False
COc1ccc2n(C(=O)c3ccc(Cl)cc3)c(C)c(CC(=O)N[C@@H](Cc3ccc(OCc4ccccc4C#N)cc3)C(=O)NS(=O)(=O)c3ccc(Cl)c(c3)[N+]([O-])=O)c2c1,Ki, 670,nM,51248079,,,False
CC(C)(C)OC(=O)N1C[C@H](C[C@H]1C(=O)N[C@@H](Cc1ccc(OCCc2ccccc2)cc1)C(=O)NS(=O)(=O)c1ccc(Cl)c(c1)[N+]([O-])=O)Oc1ccc(cc1)-c1ccc(Cl)cc1,Ki, 670,nM,50538700,,,False
CC(C)(C)OC(=O)N1C[C@H](C[C@H]1C(=O)N[C@@H](Cc1ccc(OCc2ccc(Br)cc2)cc1)C(=O)NS(=O)(=O)c1ccc(Cl)c(c1)[N+]([O-])=O)Oc1ccc(cc1)-c1ccccc1,Ki, 680,nM,50538684,,,False
Cc1cc(Oc2ccc(Cn3nc(C(=O)NS(=O)(=O)Cc4ccc(NCc5cccnc5)c(c4)[N+]([O-])=O)c4cc(Cl)ccc34)cc2)cc(C)c1Cl,Ki, 690,nM,1319538,,,False
O[C@@H]1Cc2c(O)cc(O)cc2O[C@@H]1c1cc(O)c(O)c2c1cc(cc(O)c2=O)[C@H]1Oc2cc(O)cc(O)c2C[C@H]1O,Ki, 690,nM,51186106,,,False
C[C@@H]1CN(C(=O)c2c(CCCOc3cc(C)c(Cl)c(C)c3)c3ccc(Cl)c(-c4c(C)nn(C)c4C)c3n12)c1ccc(cc1)C(O)=O,Ki, 690,nM,51277687,,,False
Cc1cc(OCCCn2nc(C(=O)NS(=O)(=O)c3ccc(NCc4cccnc4)c(c3)[N+]([O-])=O)c3cc(Cl)ccc23)cc(C)c1Cl,Ki, 694,nM,1319433,,,False
CCOc1ccc(cc1)-c1cc(nn1-c1ccc(Oc2ccccc2)cc1)C(O)=O,Ki, 694,nM,51218898,,,False
COC(=O)[C@@]12C=C[C@@H](CC(=O)Nc3ccc(Cl)cc3)C[C@@H]1CC(C)=C[C@H]2\C=C(/Cl)c1ccc(cc1)C(O)=O,Ki, 700,nM,51033003,,,False
CC(C)(C)OC(=O)N[C@@H](Cc1ccc(OCc2ccc(Oc3ccccc3)cc2)cc1)C(=O)NS(=O)(=O)c1ccc(Cl)c(c1)[N+]([O-])=O,Ki, 700,nM,51131501,,,False
CC(C)=CCCC1=CC[C@H]([C@@H](C1)c1ccccc1)C(=O)NO,Ki, 700,nM,51337660,,,False
Cc1cc(Oc2ccc(Cn3nc4ccc(Cl)cc4c3C(=O)NS(=O)(=O)c3ccc(c(NCc4ccn(C)n4)c3)[N+]([O-])=O)cc2)cc(C)c1Cl,Ki, 710,nM,51461347,,,False
Cc1cc(Oc2ccc(Cn3nc4ccc(Cl)cc4c3C(=O)NS(=O)(=O)c3ccc(c(NCc4ccn(C)n4)c3)N(=O)=O)cc2)cc(C)c1Cl,Ki, 710,nM,1319521,,,False
Cc1cc(Oc2ccc(Cn3nc4ccc(Cl)cc4c3C(=O)NS(=O)(=O)c3ccc(c(NCc4ccncc4)c3)[N+]([O-])=O)cc2)cc(C)c1Cl,Ki, 710,nM,51461350,,,False
Cc1cc(Oc2ccc(Cn3nc4ccc(Cl)cc4c3C(=O)NS(=O)(=O)c3ccc(c(NCc4ccncc4)c3)N(=O)=O)cc2)cc(C)c1Cl,Ki, 710,nM,1319530,,,False
COc1ccc2n(c(C)c(CC(=O)NS(=O)(=O)c3ccc(Cl)c(c3)[N+]([O-])=O)c2c1)-c1ccc(cc1)-c1ccccc1,Ki, 720,nM,50841380,,,False
COc1ccccc1\C=C\C(=O)Nc1ccc(cc1)C(=O)NS(=O)(=O)c1ccc(NCCSc2ccccc2)c(c1)[N+]([O-])=O,Ki, 720,nM,50521599,,,False
COc1ccc2n(c(C)c(CC(=O)N[C@@H](Cc3ccc(OCc4ccc(cc4)[N+]([O-])=O)cc3)C(=O)NS(=O)(=O)c3ccc(Cl)c(c3)[N+]([O-])=O)c2c1)-c1ccc(C)cc1,Ki, 720,nM,50841368,,,False
COc1cc(CCCO)ccc1-c1ccc(cc1)C(=O)NS(=O)(=O)c1ccc(NCCSc2ccccc2)c(c1)[N+]([O-])=O,Ki, 721,nM,50336900,,,False
C[C@@H]1CN(c2cn(C)c3ccc(cc23)C(O)=O)C(=O)c2c(CCCOc3cc(C)c(Cl)c(C)c3)c3ccc(Cl)c(-c4c(C)nn(C)c4C)c3n12,Ki, 730,nM,51277740,,,False
C[C@@H]1CN(c2cn(C)c3ccc(cc23)C(O)=O)C(=O)c2c(CCCOc3cc(C)c(Cl)c(C)c3)c3ccc(Cl)c(-c4c(C)nn(C)c4C)c3n12,Ki, 730,nM,51455570,,,False
C[C@@H]1CN(c2cn(C)c3ccc(cc23)C(O)=O)C(=O)c2c(CCCOc3cc(C)c(Cl)c(C)c3)c3ccc(Cl)c(-c4c(C)nn(C)c4C)c3n12,Ki, 730,nM,51277691,,,False
C[C@@H]1CN(c2cn(C)c3ccc(cc23)C(O)=O)C(=O)c2c(CCCOc3cc(C)c(Cl)c(C)c3)c3ccc(Cl)c(-c4c(C)nn(C)c4C)c3n12,Ki, 730,nM,51277705,,,False
CN(C)C(=O)c1cc2ccc(OCc3ccccc3C(O)=O)cc2n1CCCOc1cc(C)c(Cl)c(C)c1,Ki, 730,nM,50748703,,,False
CC(C)Cc1c(O)c(O)c(O)c2c1oc(C)cc2=O,Ki, 730,nM,50389198,,,False
CC1(C)CCN(CC1)c1ccc(cc1)C(=O)NS(=O)(=O)c1ccc(N[C@@H](CCN2CCOCC2)CSc2ccccc2)c(c1)[N+]([O-])=O,Ki, 732,nM,50336995,,,False
Cc1cc(Oc2ccc(Cn3nc(C(=O)NS(=O)(=O)c4ccc(NCCN5CCOCC5)c(c4)[N+]([O-])=O)c4cc(Cl)ccc34)cc2)cc(C)c1Cl,Ki, 738,nM,1319455,,,False
Clc1ccc(cc1)-c1ccc(Cn2cc(C(=O)N[C@@H](Cc3ccccc3)C(=O)NS(=O)(=O)c3ccccc3)c3ccccc23)cc1,Ki, 740,nM,50681352,,,False
COc1ccc(cc1)-c1ccc(Cn2cc(C(=O)N[C@@H](Cc3c[nH]c4ccccc34)C(=O)NS(=O)(=O)c3ccc(C)cc3)c3ccccc23)cc1,Ki, 750,nM,50681280,,,False
Cc1ccc(cc1)-c1ccc(O[C@H]2C[C@H](N(C2)C(=O)OC(C)(C)C)C(=O)N[C@@H](Cc2ccc(OCc3ccc(cc3)[N+]([O-])=O)cc2)C(=O)NS(=O)(=O)c2ccc(Cl)c(c2)[N+]([O-])=O)cc1,Ki, 750,nM,50538716,,,False
[O-][N+](=O)c1cc(ccc1NCCSc1ccccc1)S(=O)(=O)NC(=O)c1ccc(NC(=O)c2ccc(Br)cc2)cc1,Ki, 760,nM,50713095,,,False
Cc1cc(OCCCn2ccc3cc(OCc4ccccc4C(O)=O)ccc23)cc(C)c1Cl,Ki, 760,nM,50748642,,,False
Cc1ccc(cc1)S(=O)(=O)NC(=O)[C@H](Cc1ccccc1)N1C(=S)S\C(=C/c2ccc(cc2)-c2ccccc2)C1=O,Ki, 760,nM,50681273,,,False
C[C@@H]1CN(C(=O)c2c(CCCOc3cc(C)c(Cl)c(C)c3)c3ccc(Cl)c(-c4c(C)nn(C)c4C)c3n12)c1cc(C(O)=O)c2ccn(C)c2c1,Ki, 770,nM,51277688,,,False
Cc1cc(Oc2ccc(Cn3nc4ccc(Cl)cc4c3C(=O)NS(=O)(=O)c3ccc(c(NCCc4ccncc4)c3)[N+]([O-])=O)cc2)cc(C)c1Cl,Ki, 770,nM,51461351,,,False
Cc1cc(Oc2ccc(Cn3nc4ccc(Cl)cc4c3C(=O)NS(=O)(=O)c3ccc(c(NCCc4ccncc4)c3)N(=O)=O)cc2)cc(C)c1Cl,Ki, 770,nM,1319533,,,False
Cc1cc(OCCCc2c(C(O)=O)n3CCCc4c(Cl)ccc2c34)cc(C)c1Cl,Ki, 770,nM,50337386,,,False
OC(=O)c1ccc(CNC2=C(C#N)C(=O)c3cccc4c(Sc5ccc(Br)cc5)ccc2c34)cc1,Ki, 780,nM,51372049,,,False
CC(C)(C)OC(=O)N[C@@H](Cc1ccc(OCc2ccc(cc2)C#N)cc1)C(=O)NS(=O)(=O)c1ccc(NCCCc2ccccc2)c(c1)[N+]([O-])=O,Ki, 800,nM,51131492,,,False
COc1ccc(cc1)C(=O)Nc1ccc(cc1)C(=O)NS(=O)(=O)c1ccc(NCCSc2ccccc2)c(c1)[N+]([O-])=O,Ki, 800,nM,50713096,,,False
Cc1cc(OCCCc2c(sc3cc(Cl)ccc23)C(O)=O)cc(C)c1Cl,Ki, 800,nM,51040887,,,False
CNC(=O)c1cc2ccc(OCc3ccccc3C(O)=O)cc2n1CCCOc1cc(C)c(Cl)c(C)c1,Ki, 810,nM,50748702,,,False
OCCOCCNC(=O)CCNC1=C(C#N)C(=O)c2cccc3c(Sc4ccc(Br)cc4)ccc1c23,Ki, 810,nM,51372054,,,False
CC(C)(C)OC(=O)N1C[C@H](C[C@H]1C(=O)N[C@@H](Cc1ccc(Br)cc1)C(=O)NS(=O)(=O)c1ccc(Cl)c(c1)[N+]([O-])=O)Oc1ccc(cc1)-c1ccc(Cl)cc1,Ki, 830,nM,51215375,,,False
CC(=O)N[C@@H](Cc1c[nH]c2ccccc12)C(=O)Nc1ccc(cc1)C(=O)NS(=O)(=O)c1ccc(NCCSc2ccccc2)c(c1)[N+]([O-])=O,Ki, 830,nM,50713089,,,False
CC1=C[C@@H](\C=C(/Cl)c2ccc(cc2)C(O)=O)[C@@]2(C=C[C@@H](CCOC(=O)Nc3ccc(Br)cc3)C[C@@H]2C1)C(O)=O,Ki, 830,nM,51032589,,,False
COc1ccc2n(c(C)c(CC(=O)N[C@@H](Cc3c[nH]c4ccccc34)C(=O)NS(=O)(=O)c3ccc(Cl)c(c3)[N+]([O-])=O)c2c1)-c1ccc(cc1)-c1ccccc1,Ki, 830,nM,50841357,,,False
CC(C)C[C@@H](CO)Nc1ccc(cc1[N+]([O-])=O)S(=O)(=O)NC(=O)c1ccc(cc1Oc1ccc2[nH]ccc2c1)N1CCN(CC2=C(CC(C)(C)CC2)c2ccc(Cl)cc2)CC1 |t:48|,Ki, 838.2,nM,325073,,,False
Cc1cc(Oc2ccc(Cn3nc4ccc(Cl)cc4c3C(=O)NS(=O)(=O)c3ccc(c(NCCc4ccco4)c3)[N+]([O-])=O)cc2)cc(C)c1Cl,Ki, 840,nM,51461346,,,False
Cc1cc(Oc2ccc(Cn3nc4ccc(Cl)cc4c3C(=O)NS(=O)(=O)c3ccc(c(NCCc4ccco4)c3)N(=O)=O)cc2)cc(C)c1Cl,Ki, 840,nM,1319518,,,False
Brc1ccc(Sc2ccc3C(C#N)=C(C#N)C(=O)c4cccc2c34)cc1,Ki, 850,nM,51372047,,,False
Cc1ccc(cc1)-c1ccc(COc2ccc(C[C@H](NC(=O)OC(C)(C)C)C(=O)NS(=O)(=O)c3ccc(NCCOc4ccccc4)c(c3)[N+]([O-])=O)cc2)cc1,Ki, 850,nM,51131488,,,False
Cc1cc(OCCCn2c(cc3ccc(OCc4ccccc4C(O)=O)cc23)C(N)=O)cc(C)c1Cl,Ki, 850,nM,50748680,,,False
CCOc1ccc(cc1)-c1c(NC(=O)c2ccccc2)c(nn1-c1ccc(Oc2ccccc2)cc1)C(O)=O,Ki, 855,nM,51218867,,,False
Cc1cc(OCCCn2nc(C(=O)NS(=O)(=O)c3ccc(N4CCOCC4)c(c3)[N+]([O-])=O)c3cc(Cl)ccc23)cc(C)c1Cl,Ki, 868,nM,1319436,,,False
Cc1cc(OCCCc2c([nH]c3cc(Cl)ccc23)C(O)=O)cc(C)c1Cl,Ki, 870,nM,51040893,,,False
CC(C)c1c(O)c(O)c(C=O)c2c(O)c(c(C)cc12)-c1c(C)cc2c(C)c(O)c(O)c(C=O)c2c1O,Ki, 880,nM,51131490,,,False
COc1ccccc1Oc1ccc2c3c(C#N)c(=O)nc3c3cccc1c23,Ki, 886,nM,50657372,,,False
Cc1cc(Oc2ccc(Cn3nc4ccc(Cl)cc4c3C(=O)NS(=O)(=O)c3ccc(c(c3)N3CCOCC3)[N+]([O-])=O)cc2)cc(C)c1Cl,Ki, 900,nM,51461344,,,False
Cc1cccc(C)c1N1C(=S)S\C(=C/c2ccc(OCc3ccc(cc3)C(O)=O)cc2)C1=O,Ki, 900,nM,50429771,,,False
Cc1cc(Oc2ccc(Cn3nc4ccc(Cl)cc4c3C(=O)NS(=O)(=O)c3ccc(c(c3)N3CCOCC3)N(=O)=O)cc2)cc(C)c1Cl,Ki, 900,nM,1319512,,,False
COc1ccc2n(c(C)c(CC(=O)N[C@@H](Cc3ccccc3)C(=O)NS(=O)(=O)c3ccc(cc3)[N+]([O-])=O)c2c1)-c1ccc(cc1)-c1ccccc1,Ki, 910,nM,50841364,,,False
Clc1ccc(cc1)-c1ccc(Cn2cc(C(=O)N[C@@H](Cc3ccc(Br)cc3)C(=O)NS(=O)(=O)c3ccccc3)c3ccccc23)cc1,Ki, 910,nM,50681314,,,False
COc1ccc2n(c(C)c(CC(=O)N[C@@H](Cc3ccccc3)C(=O)NS(=O)(=O)c3ccc(Cl)cc3)c2c1)-c1ccc(cc1)-c1ccccc1,Ki, 910,nM,50841391,,,False
CC(C)C[C@H](NC(=O)c1cn(Cc2ccc(cc2)-c2ccc(Cl)cc2)c2ccccc12)C(=O)NS(=O)(=O)c1ccccc1,Ki, 920,nM,50681279,,,False
CC(C)(C)OC(=O)N1C[C@H](C[C@H]1C(=O)N[C@@H](Cc1ccc(O[Si](C)(C)C(C)(C)C)cc1)C(=O)NS(=O)(=O)c1ccc(Cl)c(c1)[N+]([O-])=O)Oc1ccc(cc1)-c1ccccc1,Ki, 930,nM,50538673,,,False
[O-][N+](=O)c1cc(ccc1NCCSc1ccccc1)S(=O)(=O)NC(=O)c1ccc(NC(=O)c2ccc(F)cc2)cc1,Ki, 930,nM,50713094,,,False
CC(C)(C)OC(=O)N1C[C@H](C[C@H]1C(=O)N[C@@H](Cc1ccc(Br)cc1)C(=O)NS(=O)(=O)c1ccc(Cl)c(c1)[N+]([O-])=O)Oc1ccc(cc1)-c1ccccc1,Ki, 930,nM,51215358,,,False
Oc1c(O)c(Cc2ccccc2)cc(C(=O)Nc2ccc(cc2)S(=O)(=O)c2ccccc2)c1O,Ki, 930,nM,50361892,,,False
CC(C)Oc1ccc(cc1)-c1cc(nn1-c1ccc(Oc2ccccc2)cc1)C(O)=O,Ki, 932,nM,51218907,,,False
Cc1ccc(cc1)S(=O)(=O)NC(=O)[C@H](Cc1ccccc1)N1C(=S)S\C(=C/c2ccc(cc2)-c2ccccc2)C1=O,Ki, 940,nM,50841355,,,False
CO[C@H]1\C=C\C[C@H](C)[C@@H](C)S(=O)(=O)NC(=O)c2ccc3OC[C@]4(CCCc5cc(Cl)ccc45)CN(C[C@@H]4CC[C@@H]14)c3c2,Ki, 950,nM,51288572,,,False
Cc1nn(C)c(C)c1-c1c(Cl)ccc2c(CCCOc3cc(C)c(Cl)c(C)c3)c3C(=O)N(CCCn3c12)c1cc(cc2n(C)ccc12)C(O)=O,Ki, 950,nM,50764099,,,False
CO[C@H]1\C=C\C[C@H](C)[C@@H](C)S(=O)(=O)NC(=O)c2ccc3OC[C@]4(CCCc5cc(Cl)ccc45)CN(C[C@@H]4CC[C@@H]14)c3c2,Ki, 950,nM,51455583,,,False
Oc1cc2c(nc(-c3ccccc3)n(Cc3ccccc3)c2=O)c(O)c1O,Ki, 959,nM,51080552,,,False
Cc1cc(Oc2ccc(Cn3nc4ccc(Cl)cc4c3C(=O)NS(=O)(=O)c3ccc(c(NCc4ccco4)c3)[N+]([O-])=O)cc2)cc(C)c1Cl,Ki, 960,nM,51461345,,,False
OC(=O)c1[nH]c2cc(Cl)ccc2c1CCCOc1cccc2ccccc12,Ki, 960,nM,51040892,,,False
OC(=O)c1sc2cc(Cl)ccc2c1CCCOc1cccc2ccccc12,Ki, 960,nM,51040886,,,False
Cc1cc(Oc2ccc(Cn3nc4ccc(Cl)cc4c3C(=O)NS(=O)(=O)c3ccc(c(NCc4ccco4)c3)N(=O)=O)cc2)cc(C)c1Cl,Ki, 960,nM,1319515,,,False
C[C@@H]1CN(C(=O)c2c(CCCOc3cc(C)c(Cl)c(C)c3)c3ccc(Cl)c(-c4c(C)nn(C)c4C)c3n12)c1cccc(c1)C(O)=O,Ki, 990,nM,51277742,,,False
Cc1cc(OCCCc2c(sc3cc(Cl)ccc23)C(O)=O)cc(C)c1Cl,Ki, 990,nM,981257,,,False
CN(C)CCCC(O)(c1ccccc1)c1ccc(OCCOc2ccc(cc2)-c2ccc(cc2)C(O)=O)cc1,Ki,>1000,nM,50605249,,,False
CN(C)CCCC(O)(c1ccccc1)c1cccc(OCCOc2ccc(cc2)-c2ccc(cc2)C(O)=O)c1,Ki,>1000,nM,50605244,,,False
OC(=O)c1cccc(CNC(=O)CCNC2=C(C#N)C(=O)c3cccc4c(Sc5ccc(Br)cc5)ccc2c34)c1,Ki, 1020,nM,51372051,,,False
Cc1cc(Oc2ccc(Cn3nc(C(O)=O)c4cc(Cl)ccc34)cc2)cc(C)c1Cl,Ki, 1040,nM,1319443,,,False
CCOc1ccc(cc1)-c1c(NC(=O)c2ccc(OCC(C)C)cc2)c(nn1-c1ccc(Oc2ccccc2)cc1)C(O)=O,Ki, 1040,nM,51218866,,,False
Cc1cc(OCCCn2ccc3ccc(OCc4ccccc4C(O)=O)cc23)cc(C)c1Cl,Ki, 1050,nM,50748640,,,False
Brc1ccc(Sc2ccc3C(NCCC(=O)NCc4ccccc4)=C(C#N)C(=O)c4cccc2c34)cc1,Ki, 1050,nM,51372053,,,False
CC1=C[C@@H](\C=C(/Cl)c2ccc(cc2)C(O)=O)[C@@]2(C=C[C@@H](CCOC(=O)Nc3cccc(Cl)c3)C[C@@H]2C1)C(O)=O,Ki, 1080,nM,51032642,,,False
Cc1cc(Oc2ccc(Cn3nc(C(=O)NS(=O)(=O)c4ccc(Cl)cc4)c4cc(Cl)ccc34)cc2)cc(C)c1Cl,Ki, 1085,nM,1319446,,,False
[O-][N+](=O)c1cc(ccc1NCCSc1ccccc1)S(=O)(=O)NC(=O)c1ccc(NC(=O)c2ccccc2F)cc1,Ki, 1090,nM,50713092,,,False
OC(=O)c1c(CCCOc2ccc(Cl)c3ccccc23)c2cccc3SCCn1c23,Ki, 1100,nM,50337381,,,False
Cc1ccc(CC(=O)N[C@@H](Cc2ccc(OCc3ccc(cc3)-c3ccccc3)cc2)C(=O)NS(=O)(=O)c2ccc(Cl)c(c2)[N+]([O-])=O)cc1,Ki, 1100,nM,51131498,,,False
OC(=O)c1sc2cc(Cl)ccc2c1CCCOc1cccc2ccccc12,Ki, 1100,nM,981254,,,False
[O-][N+](=O)c1cc(ccc1NCCSc1ccccc1)S(=O)(=O)NC(=O)c1ccc(NC(=O)\C=C\c2ccc(Cl)cc2)cc1,Ki, 1100,nM,50521608,,,False
COC1=CC(=N\C1=C/c1[nH]c(C)cc1C)c1cc2ccccc2[nH]1,Ki, 1110,nM,51288540,,,False
CC(C)c1ccc(O)c(Cn2c(nc3c(O)c(O)c(O)cc3c2=O)-c2ccccc2)c1,Ki, 1113,nM,51080550,,,False
Oc1ccc2C(=O)c3ccccc3C(=O)c2c1O,Ki, 1150,nM,50975875,,,False
Cc1cc(OCCCn2nc(C(=O)NS(=O)(=O)c3ccc(NCC4CCCO4)c(c3)[N+]([O-])=O)c3cc(Cl)ccc23)cc(C)c1Cl,Ki, 1168,nM,1319439,,,False
Cc1cc(Oc2ccc(Cn3nc4ccc(Cl)cc4c3C(=O)NS(=O)(=O)c3ccc(NCc4cccnc4)c(c3)N(=O)=O)cc2)cc(C)c1Cl,Ki, 1180,nM,1319500,,,False
Cc1cc(Oc2ccc(Cn3nc4ccc(Cl)cc4c3C(=O)NS(=O)(=O)c3ccc(NCc4cccnc4)c(c3)[N+]([O-])=O)cc2)cc(C)c1Cl,Ki, 1180,nM,51461340,,,False
Cc1cc(OCCCn2ccc3ccc(OCc4cccc(c4)C(O)=O)cc23)cc(C)c1Cl,Ki, 1190,nM,50748641,,,False
CC(C)(C)OC(=O)Nc1ccc(Oc2cc(ccc2C(=O)NS(=O)(=O)c2ccc(NCC3CCOCC3)c(c2)[N+]([O-])=O)N2CCN(CC3=C(CC(C)(C)CC3)c3ccc(Cl)cc3)CC2)cn1,Ki,>1195.000,nM,387845,,,False
CC(C)(C)OC(=O)Nc1cc(Oc2cc(ccc2C(=O)NS(=O)(=O)c2ccc(NCC3CCOCC3)c(c2)[N+]([O-])=O)N2CCN(CC3=C(CC(C)(C)CC3)c3ccc(Cl)cc3)CC2)cc(NC(=O)OC(C)(C)C)n1 |t:49|,Ki, 1195,nM,281696,,,False
CCN(Cc1ccc(Oc2cc(ccc2C(=O)NS(=O)(=O)c2ccc(NCC3CCOCC3)c(c2)[N+]([O-])=O)N2CCN(Cc3ccccc3-c3ccc(Cl)cc3)CC2)cc1)C(=O)OC(C)(C)C,Ki,>1195,nM,281411,,,False
CN1CCC(CC1)Nc1ccc(cc1[N+]([O-])=O)S(=O)(=O)NC(=O)c1ccc(cc1OCc1csc(NC(=O)OC(C)(C)C)n1)N1CCN(CC2=C(CC(C)(C)CC2)c2ccc(Cl)cc2)CC1 |t:53|,Ki,>1195,nM,281548,,,False
[O-][N+](=O)c1cc(ccc1NCC1CCOCC1)S(=O)(=O)NC(=O)c1ccc(cc1Oc1ccc(OCc2ccccc2)cc1)N1CCN(Cc2ccccc2-c2ccc(Cl)cc2)CC1,Ki,>1195,nM,281421,,,False
CC(C)(C)OC(=O)Nc1cc(Oc2cc(ccc2C(=O)NS(=O)(=O)c2ccc(NCC3CCOCC3)c(c2)[N+]([O-])=O)N2CCN(CC3=C(CC(C)(C)CC3)c3ccc(Cl)cc3)CC2)cc(NC(=O)OC(C)(C)C)n1,Ki, 1195,nM,387948,,,False
CC(C)(C)OC(=O)Nc1ccc(Oc2cc(ccc2C(=O)NS(=O)(=O)c2ccc(NCC3CCOCC3)c(c2)[N+]([O-])=O)N2CCN(Cc3ccccc3-c3ccc(Cl)cc3)CC2)cc1,Ki,>1195.000,nM,387662,,,False
CCN(Cc1ccc(Oc2cc(ccc2C(=O)NS(=O)(=O)c2ccc(NCC3CCOCC3)c(c2)[N+]([O-])=O)N2CCN(Cc3ccccc3-c3ccc(Cl)cc3)CC2)cc1)C(=O)OC(C)(C)C,Ki,>1195.000,nM,387657,,,False
CC(C)(C)OC(=O)Nc1ccc(Oc2cc(ccc2C(=O)NS(=O)(=O)c2ccc(NCC3CCOCC3)c(c2)[N+]([O-])=O)N2CCN(Cc3ccccc3-c3ccc(Cl)cc3)CC2)cc1,Ki,>1195,nM,281416,,,False
COc1ccc(Nc2ccc(cc2[N+]([O-])=O)S(=O)(=O)NC(=O)c2ccc(cc2Oc2ccc3[nH]ccc3c2)N2CCN(CC3=C(CC(C)(C)CC3)c3ccc(Cl)cc3)CC2)cc1 |t:47|,Ki,>1195,nM,325076,,,False
[O-][N+](=O)c1cc(ccc1NCCCN1CCOCC1)S(=O)(=O)NC(=O)c1ccc(cc1Oc1ccc(OCc2ccccc2)cc1)N1CCN(Cc2ccccc2-c2ccc(Cl)cc2)CC1,Ki,>1195,nM,281429,,,False
CC(C)(C)OC(=O)N1CCN(CC1)c1cccc(Oc2cc(ccc2C(=O)NS(=O)(=O)c2ccc(NCC3CCOCC3)c(c2)[N+]([O-])=O)N2CCN(Cc3ccccc3-c3ccc(Cl)cc3)CC2)c1,Ki,>1195.000,nM,387670,,,False
CN1CCC(CC1)Nc1ccc(cc1[N+]([O-])=O)S(=O)(=O)NC(=O)c1ccc(cc1OCc1csc(NC(=O)OC(C)(C)C)n1)N1CCN(CC2=C(CC(C)(C)CC2)c2ccc(Cl)cc2)CC1,Ki,>1195.000,nM,387798,,,False
CC(C)(C)OC(=O)N1CCN(CC1)c1cccc(Oc2cc(ccc2C(=O)NS(=O)(=O)c2ccc(NCC3CCOCC3)c(c2)[N+]([O-])=O)N2CCN(Cc3ccccc3-c3ccc(Cl)cc3)CC2)c1,Ki,>1195,nM,281424,,,False
CC(C)(C)CCNc1ccc(cc1[N+]([O-])=O)S(=O)(=O)NC(=O)c1ccc(cc1Oc1ccc2[nH]ccc2c1)N1CCN(CC2=C(CC(C)(C)CC2)c2ccc(Cl)cc2)CC1 |t:47|,Ki,>1195,nM,325072,,,False
[O-][N+](=O)c1cc(ccc1NCC1CCOCC1)S(=O)(=O)NC(=O)c1ccc(cc1Oc1ccc(OCc2ccccc2)cc1)N1CCN(Cc2ccccc2-c2ccc(Cl)cc2)CC1,Ki,>1195.000,nM,387667,,,False
[O-][N+](=O)c1cc(ccc1NCCCN1CCOCC1)S(=O)(=O)NC(=O)c1ccc(cc1Oc1ccc(OCc2ccccc2)cc1)N1CCN(Cc2ccccc2-c2ccc(Cl)cc2)CC1,Ki,>1195.000,nM,387675,,,False
CC(C)(C)OC(=O)Nc1ccc(Oc2cc(ccc2C(=O)NS(=O)(=O)c2ccc(NCC3CCOCC3)c(c2)[N+]([O-])=O)N2CCN(CC3=C(CC(C)(C)CC3)c3ccc(Cl)cc3)CC2)cn1 |t:50|,Ki,>1195,nM,281594,,,False
CC(C)(C)c1ccc(cc1)N1CCN(CC1)S(=O)(=O)Nc1ccc(SCCc2ccccc2)cc1C(O)=O,Ki, 1200,nM,51249710,,,False
Cc1n[nH]c(C)c1-c1cccc2c(CCCOc3cc(C)c(Cl)c(C)c3)c(C)n(Cc3cccc(c3)C(O)=O)c12,Ki, 1200,nM,1014251,,,False
Cc1cc(OCCCc2c([nH]c3cc(Cl)ccc23)C(O)=O)cc(C)c1Cl,Ki, 1200,nM,51461333,,,False
OC[C@H]1[C@@H]2Cn3c(cccc3=O)[C@@H]2N(Cc2ccc(Cl)c(Cl)c2)[C@@H]1C(=O)N1CCC(Cc2ccccc2)CC1,Ki, 1200,nM,50456505,,,False
COc1cccc(CCSc2ccc(NS(=O)(=O)N3CCN(CC3)c3ccc(cc3)C(C)(C)C)c(c2)C(O)=O)c1,Ki, 1200,nM,51249664,,,False
Cc1cc(Oc2ccc(Cn3nc4ccc(Cl)cc4c3C(=O)NS(=O)(=O)c3ccc(c(NCc4cccnc4)c3)N(=O)=O)cc2)cc(C)c1Cl,Ki, 1220,nM,1319524,,,False
Cc1cc(Oc2ccc(Cn3nc4ccc(Cl)cc4c3C(=O)NS(=O)(=O)c3ccc(c(NCc4cccnc4)c3)[N+]([O-])=O)cc2)cc(C)c1Cl,Ki, 1220,nM,51461348,,,False
COc1cc(CCCN(C)C)ccc1-c1ccc(cc1)C(=O)NS(=O)(=O)c1ccc(NCCSc2ccccc2)c(c1)[N+]([O-])=O,Ki, 1230,nM,50336983,,,False
Cc1cc(OCCCn2ccc3ccc(OCc4ccc(cc4)C(O)=O)cc23)cc(C)c1Cl,Ki, 1240,nM,50748752,,,False
CN(C)CC[C@@H](CSc1ccccc1)Nc1ccc(cc1[N+]([O-])=O)S(=O)(=O)NC(=O)c1ccc(cc1)N1CCC(C)(C)CC1,Ki, 1260,nM,50336899,,,False
OC(=O)CCNC1=C(C#N)C(=O)c2cccc3c(Sc4ccc(Br)cc4)ccc1c23,Ki, 1270,nM,51372048,,,False
COc1ccc(\C=C\C(=O)Nc2ccc(cc2)C(=O)NS(=O)(=O)c2ccc(NCCSc3ccccc3)c(c2)[N+]([O-])=O)cc1,Ki, 1300,nM,50521600,,,False
[O-][N+](=O)c1cc(ccc1NCCSc1ccccc1)S(=O)(=O)NC(=O)c1ccc(NC(=O)\C=C\c2cccc(Cl)c2)cc1,Ki, 1300,nM,50521601,,,False
CCNS(=O)(=O)c1cccc(c1)-c1nc(N[C@H](C)C(O)=O)c2c(c(CC)sc2n1)-c1cccc(Oc2ccc(F)cc2)c1,Ki, 1300,nM,51270987,,,False
CCCOc1ccc(C[C@H](NC(=O)Cc2c(C)n(C(=O)c3ccc(Cl)cc3)c3ccc(OC)cc23)C(=O)NS(=O)(=O)c2ccc(Cl)c(c2)[N+]([O-])=O)cc1,Ki, 1300,nM,51248075,,,False
COc1ccc(cc1)-c1ccc(Cn2cc(C(=O)N[C@@H](Cc3ccccc3)C(=O)NS(=O)(=O)c3ccccc3)c3ccccc23)cc1,Ki, 1300,nM,50681330,,,False
Cc1cc(OCCCc2c(C(O)=O)n3CCOc4c(Cl)ccc2c34)cc(C)c1Cl,Ki, 1300,nM,50337387,,,False
CN(C)CCNC(=O)[C@H]1[C@H](CO)[C@H]2Cn3c(cccc3=O)[C@@H]1N2c1nc(c(s1)-c1ccccc1)-c1ccc(Cl)cc1,Ki, 1300,nM,50456527,,,False
COc1cc(O)c2c(c1)oc(cc2=O)-c1cc(O)c(O)cc1Cc1ccccc1,Ki, 1300,nM,50515773,,,False
Oc1cc(C(=O)NCc2ccccc2)c(NC(=O)c2ccccc2)c(O)c1O,Ki, 1323,nM,51080548,,,False
Oc1cc2C(=O)c3ccccc3C(=O)c2c(O)c1O,Ki, 1325,nM,51080554,,,False
OC(=O)c1ccccc1CNC(=O)CCNC1=C(C#N)C(=O)c2cccc3c(Sc4ccc(Br)cc4)ccc1c23,Ki, 1350,nM,51372050,,,False
CN(C(=O)c1c(CCCOc2cc(C)c(Cl)c(C)c2)c2ccc(Cl)c(-c3c(C)nn(C)c3C)c2n1C)c1cccc(c1)C(O)=O,Ki, 1370,nM,1126608,,,False
CN(C(=O)c1c(CCCOc2cc(C)c(Cl)c(C)c2)c2ccc(Cl)c(-c3c(C)nn(C)c3C)c2n1C)c1cccc(c1)C(O)=O,Ki, 1370,nM,868522,,,False
[O-][N+](=O)c1cc(ccc1NCCSc1ccccc1)S(=O)(=O)NC(=O)c1ccc(NC(=O)c2cccc(F)c2)cc1,Ki, 1400,nM,50713093,,,False
Cc1cc(OCCCc2c([nH]c3cc(Cl)ccc23)C(O)=O)ccc1Cl,Ki, 1400,nM,51040894,,,False
CC(C)COc1ccc(cc1)C(=O)Nc1c(nn(c1-c1ccc(OC(C)C)cc1)-c1ccc(Oc2ccccc2)cc1)C(O)=O,Ki, 1400,nM,51218858,,,False
Cc1cc(OCCCn2ccc3cc(OCc4ccc(cc4)C(O)=O)ccc23)cc(C)c1Cl,Ki, 1410,nM,50748669,,,False
CC1=C[C@@H](\C=C(/Cl)c2ccc(cc2)C(O)=O)[C@@]2(C=C[C@@H](CCOC(=O)Nc3ccc(Cl)cc3)C[C@@H]2C1)C(O)=O,Ki, 1420,nM,51032639,,,False
Cc1ccccc1Oc1ccc2c3c(C#N)c(=O)nc3c3cccc1c23,Ki, 1430,nM,50657374,,,False
Oc1cc2c(O)c(-c3c(O)c4cc(O)c(O)c(=CCCc5ccccc5)c4c(O)c3=C)c(=C)c(O)c2c(=CCCc2ccccc2)c1O,Ki, 1450,nM,50607456,,,False
CC(=O)OCOC(=O)c1ccc(cc1)C(\Cl)=C\[C@@H]1C=C(C)C[C@H]2C[C@H](CCN=[N+]=[N-])C=C[C@@]12C(=O)OCOC(C)=O,Ki, 1450,nM,51033056,,,False
C[C@@H](CCC=C(C)C)[C@H]1C[C@@H]2CC(C)=C[C@@H](\C=C(/C)[C@H]3CCC(CC3)C(O)=O)[C@@]2(C=C1)C(O)=O,Ki, 1460,nM,51032655,,,False
CC(C)(C)OC(=O)N[C@@H](Cc1ccc(OCc2ccccc2)cc1)C(=O)NS(=O)(=O)c1ccc(NCCCc2ccccc2)c(c1)[N+]([O-])=O,Ki, 1500,nM,51131500,,,False
Cc1ccc(\C=C\C(=O)Nc2ccc(cc2)C(=O)NS(=O)(=O)c2ccc(NCCSc3ccccc3)c(c2)[N+]([O-])=O)cc1,Ki, 1500,nM,50521603,,,False
OC[C@@H]1[C@H]2Cn3c(cccc3=O)[C@@H]([C@H]1C(=O)NCCN1CCCCC1)N2c1nc(c(s1)-c1ccccc1)-c1ccc(Cl)cc1,Ki, 1500,nM,50456523,,,False
C[C@@H](CCC=C(C)C)[C@H]1C[C@@H]2CC(C)=C[C@@H](\C=C(/C)[C@H]3CC[C@@H](CC3)C(O)=O)[C@@]2(C=C1)C(O)=O,Ki, 1500,nM,51337681,,,False
Cc1ccc(cc1)S(=O)(=O)NC(=O)[C@H](Cc1ccccc1)N1C(=S)S\C(=C/c2ccc(cc2)-c2ccccc2)C1=O,Ki, 1500,nM,51248082,,,False
Cc1cc(Oc2ccc(Cn3nc4ccc(Cl)cc4c3C(=O)NS(=O)(=O)c3ccc(NCc4ccncc4)c(c3)[N+]([O-])=O)cc2)cc(C)c1Cl,Ki, 1520,nM,1319506,,,False
Cc1cc(Oc2ccc(Cn3nc4ccc(Cl)cc4c3C(=O)NS(=O)(=O)c3ccc(NCc4ccncc4)c(c3)[N+]([O-])=O)cc2)cc(C)c1Cl,Ki, 1520,nM,51461342,,,False
Oc1cc2c(O)c(-c3c(O)c4cc(O)c(O)c(=CC5CCCC5)c4c(O)c3=C)c(=C)c(O)c2c(=CC2CCCC2)c1O,Ki, 1530,nM,50607445,,,False
CC1=C[C@@H](\C=C(/Cl)c2ccc(cc2)C(O)=O)[C@@]2(C=C[C@@H](CCn3cc(nn3)-c3ccccc3)C[C@@H]2C1)C(O)=O,Ki, 1540,nM,51033292,,,False
Cc1nn(C)c(C)c1-c1c(Cl)ccc2c(CCCOc3cc(C)c(Cl)c(C)c3)c([nH]c12)C(=O)Nc1cccc(c1)C(O)=O,Ki, 1540,nM,1126584,,,False
Cc1nn(C)c(C)c1-c1c(Cl)ccc2c(CCCOc3cc(C)c(Cl)c(C)c3)c([nH]c12)C(=O)Nc1cccc(c1)C(O)=O,Ki, 1540,nM,868498,,,False
CC1=NN(C(=O)\C1=C\c1ccc(cc1)-c1ccccc1)c1nc(cs1)-c1ccccc1,Ki, 1600,nM,50322158,,,False
OC[C@@H]1[C@H]2Cn3c(cccc3=O)[C@@H]([C@H]1C(=O)NCCCN1CCCC1)N2c1nc(c(s1)-c1ccccc1)-c1ccc(Cl)cc1,Ki, 1600,nM,50456519,,,False
CC1=NN(C(=O)\C1=C\C(c1ccccc1)c1ccccc1)c1nc(cs1)-c1ccccc1,Ki, 1600,nM,50322151,,,False
COc1ccccc1N1C(=S)S\C(=C/c2cccc(OCc3ccc(cc3)C(O)=O)c2)C1=O,Ki, 1600,nM,50429722,,,False
Cc1nn(CCN2CCOCC2)c(C)c1-c1c(Cl)ccc2c(CCCOc3cc(C)c(Cl)c(C)c3)c([nH]c12)C(=O)Nc1ccc(cc1)C(O)=O,Ki, 1640,nM,868525,,,False
Cc1nn(CCN2CCOCC2)c(C)c1-c1c(Cl)ccc2c(CCCOc3cc(C)c(Cl)c(C)c3)c([nH]c12)C(=O)Nc1ccc(cc1)C(O)=O,Ki, 1640,nM,1126611,,,False
[O-][N+](=O)c1cc(ccc1NCCSc1ccccc1)S(=O)(=O)NC(=O)c1ccc(NC(=O)c2ccccc2)cc1,Ki, 1670,nM,50713091,,,False
[O-][N+](=O)c1cc(ccc1NCCSc1ccccc1)S(=O)(=O)NC(=O)c1ccc(NC(=O)c2ccccc2)cc1,Ki, 1700,nM,50521569,,,False
Cc1ccccc1\C=C\C(=O)Nc1ccc(cc1)C(=O)NS(=O)(=O)c1ccc(NCCSc2ccccc2)c(c1)[N+]([O-])=O,Ki, 1700,nM,50521558,,,False
[O-][N+](=O)c1cc(ccc1NCCSc1ccccc1)S(=O)(=O)NC(=O)c1ccc(NC(=O)\C=C\c2ccccc2C(F)(F)F)cc1,Ki, 1700,nM,50521605,,,False
Cc1cccc(\C=C\C(=O)Nc2ccc(cc2)C(=O)NS(=O)(=O)c2ccc(NCCSc3ccccc3)c(c2)[N+]([O-])=O)c1,Ki, 1700,nM,50521576,,,False
Oc1cc(O)c2C(=O)c3ccccc3C(=O)c2c1,Ki, 1700,nM,50975877,,,False
OC(=O)[C@H](Cc1ccccc1)N1C(=S)S\C(=C/c2ccc(OCCOc3ccc(\C=C4/SC(=S)N([C@@H](Cc5ccccc5)C(O)=O)C4=O)cc3)cc2)C1=O,Ki, 1700,nM,50856166,,,False
Oc1cc2c(O)c(-c3c(O)c4cc(O)c(O)c(=CCc5ccccc5)c4c(O)c3=C)c(=C)c(O)c2c(=CCc2ccccc2)c1O,Ki, 1730,nM,50607451,,,False
CC1=C[C@@H](\C=C(/Cl)c2ccc(cc2)C(O)=O)[C@@]2(C=C[C@@H](CCOC(=O)c3ccc(Oc4cccnc4)cc3)C[C@@H]2C1)C(O)=O,Ki, 1800,nM,51032651,,,False
COc1c(OCC2CCOCC2)cc(N2C[C@@H](C)n3c(c(CCCOc4cc(C)c(Cl)c(C)c4)c4ccc(Cl)c(-c5c(C)nc(C)nc5C)c43)C2=O)c2c1cc(C(=O)O)n2C,Ki, 1800,nM,51603228,,,False
CC(=O)OCOC(=O)c1ccc(cc1)C(\Cl)=C\[C@@H]1C=C(C)C[C@H]2C[C@H](CC(O)=O)C=C[C@@]12C(=O)OCOC(C)=O,Ki, 1820,nM,51033948,,,False
Cc1nn(C)c(C)c1-c1c(Cl)ccc2c(CCCOc3cc(C)c(Cl)c(C)c3)c3C(=O)N(CCCn3c12)c1cccc(c1)C(O)=O,Ki, 1900,nM,868510,,,False
Cc1nn(C)c(C)c1-c1c(Cl)ccc2c(CCCOc3cc(C)c(Cl)c(C)c3)c3C(=O)N(CCCn3c12)c1cccc(c1)C(O)=O,Ki, 1900,nM,1126596,,,False
CCOc1ccccc1N\N=C1\C(C)=NN(C1=O)c1cc(O)cc(c1)-c1ccc(cc1)C(C)C,Ki, 1900,nM,50322186,,,False
CC1=NN(C(=O)\C1=C\c1ccccc1)c1nc(cs1)-c1ccccc1,Ki, 1900,nM,50322183,,,False
COc1cccc(\C=C\C(=O)Nc2ccc(cc2)C(=O)NS(=O)(=O)c2ccc(NCCSc3ccccc3)c(c2)[N+]([O-])=O)c1,Ki, 1900,nM,50521577,,,False
Cc1cc(OCCCc2c(sc3ccccc23)C(O)=O)cc(C)c1Cl,Ki, 1900,nM,981251,,,False
CCCCNC(=O)c1cc(O)c(O)c(O)c1NC(=O)c1ccccc1,Ki, 1925,nM,51080549,,,False
Cc1nn(Cc2ccc(Oc3cc(C)c(Cl)c(C)c3)cc2)c2nc(cc(C(O)=O)c12)-c1ccco1,Ki, 1950,nM,415403,,,False
CC(C)C[C@H](N1C(=S)S\C(=C(\c2ccccc2)c2ccc(cc2)-c2ccccc2)C1=O)C(O)=O,Ki, 1950,nM,50847224,,,False
COc1cc(ccc1-c1ccc(cc1)C(=O)NS(=O)(=O)c1ccc(NCCSc2ccccc2)c(c1)[N+]([O-])=O)C(=O)N(C)C,Ki, 1980,nM,50336958,,,False
CN(C)CCNC(=O)[C@@H]1[C@@H](CO)[C@@H]2Cn3c(cccc3=O)[C@H]1N2c1nc(c(s1)-c1ccccc1)-c1ccc(Cl)cc1,Ki, 2000,nM,50456529,,,False
CC1=NN(C(=O)\C1=C\c1ncc[nH]1)c1nc(cs1)-c1ccccc1,Ki, 2000,nM,50322164,,,False
[O-][N+](=O)c1cc(ccc1NCCSc1ccccc1)S(=O)(=O)NC(=O)c1ccc(NC(=O)\C=C\c2ccc(cc2)C(F)(F)F)cc1,Ki, 2000,nM,50521582,,,False
CC1=NN(C(=O)\C1=C\c1ccc2ccccc2c1)c1nc(cs1)-c1ccccc1,Ki, 2000,nM,50322163,,,False
COc1ccccc1N1C(=S)S\C(=C/c2ccc(OCc3ccc(cc3)C(O)=O)cc2)C1=O,Ki, 2000,nM,50429791,,,False
Cc1ccc(CC=c2c(O)c(O)cc3c(O)c(-c4c(O)c5cc(O)c(O)c(=CCc6ccc(C)cc6)c5c(O)c4=C)c(=C)c(O)c23)cc1,Ki, 2080,nM,50607437,,,False
CN(O)C(=O)[C@H]1CC=C(CCC=C(C)C)C[C@@H]1c1ccccc1,Ki, 2100,nM,51337657,,,False
COc1cc(CCCN2CCOCC2)ccc1-c1ccc(cc1)C(=O)NS(=O)(=O)c1ccc(N[C@@H](CCN(C)C)CSc2ccccc2)c(c1)[N+]([O-])=O,Ki, 2160,nM,50336953,,,False
Cc1nn(C)c(C)c1-c1cccc2c(CCCOc3cc(C)c(Cl)c(C)c3)c3C(=O)N(Cc4cccc(c4)C(O)=O)CCn3c12,Ki, 2200,nM,868492,,,False
Cc1nn(C)c(C)c1-c1cccc2c(CCCOc3cc(C)c(Cl)c(C)c3)c3C(=O)N(Cc4cccc(c4)C(O)=O)CCn3c12,Ki, 2200,nM,1126578,,,False
CC(C)=CCCC1=CC[C@H]([C@@H](C1)c1ccccc1)C(=O)Nc1ccc(cc1)C(O)=O,Ki, 2200,nM,51337674,,,False
OC[C@H]1[C@@H]2Cn3c(cccc3=O)[C@@H]2N(Cc2ccc(Cl)c(Cl)c2)[C@@H]1C(=O)N1CCC(CC1)c1ccc(F)cc1,Ki, 2200,nM,50456503,,,False
CN(C)c1cccc2c(cccc12)S(=O)(=O)Nc1cc(SCC(O)=O)c(O)c2ccccc12,Ki, 2200,nM,51358119,,,False
CC1=C[C@@H](\C=C(/Cl)c2ccc(cc2)C(O)=O)[C@@]2(C=C[C@@H](CCn3cc(Cc4ccccc4)nn3)C[C@@H]2C1)C(O)=O,Ki, 2220,nM,51033307,,,False
CN(O)C(=O)[C@@H]1CC=C(CCC=C(C)C)C[C@H]1c1ccccc1,Ki, 2300,nM,51337658,,,False
Cc1cc(OCCCc2c(C(O)=O)n3CCSc4cccc2c34)cc(C)c1Cl,Ki, 2300,nM,50337384,,,False
Cc1nn(C)c(C)c1-c1c(Cl)ccc2c(CCCOc3cc(C)c(Cl)c(C)c3)c3C(=O)N(Cc4cccc(c4)C(O)=O)CCCn3c12,Ki, 2340,nM,1126593,,,False
Cc1nn(C)c(C)c1-c1c(Cl)ccc2c(CCCOc3cc(C)c(Cl)c(C)c3)c3C(=O)N(Cc4cccc(c4)C(O)=O)CCCn3c12,Ki, 2340,nM,868507,,,False
CC(C)c1ccc(Oc2ccc(O)c(O)c2)c(c1)-c1ccsc1S(=O)(=O)NCCNC(=S)Nc1cc(cc(c1)C(F)(F)F)C(F)(F)F,Ki, 2400,nM,51439168,,,False
CC(C)C(N1C(=S)S\C(=C/c2ccc(Br)cc2)C1=O)C(O)=O,Ki, 2400,nM,50803327,,,False
CONC(=O)[C@H]1CC=C(CCC=C(C)C)C[C@@H]1c1ccccc1,Ki, 2400,nM,51337655,,,False
OC[C@H]1[C@@H]2Cn3c(cccc3=O)[C@H]([C@@H]1C(=O)NCCN1CCCCC1)N2c1nc(c(s1)-c1ccccc1)-c1ccc(Cl)cc1,Ki, 2500,nM,50456525,,,False
CC(=O)OCOC(=O)c1ccc(cc1)C(\Cl)=C\[C@@H]1C=C(C)C[C@H]2C[C@H](CCn3cc(nn3)-c3ccccc3)C=C[C@@]12C(=O)OCOC(C)=O,Ki, 2580,nM,51033059,,,False
Oc1ccc(Oc2ccccc2-c2ccc(s2)S(=O)(=O)NCCNC(=S)Nc2cc(cc(c2)C(F)(F)F)C(F)(F)F)cc1O,Ki, 2600,nM,51439159,,,False
[O-][N+](=O)c1cc(ccc1Cl)S(=O)(=O)NC(=O)[C@H](Cc1ccccc1)NC(=O)c1cn(Cc2ccc(cc2)-c2ccccc2)c2ccccc12,Ki, 2600,nM,50681325,,,False
[O-][N+](=O)c1cc(ccc1NCCSc1ccccc1)S(=O)(=O)NC(=O)c1ccc(NC(=O)\C=C\c2cccc(c2)C(F)(F)F)cc1,Ki, 2600,nM,50521581,,,False
OC(=O)c1[nH]c2ccccc2c1CCCOc1cccc2ccccc12,Ki, 2700,nM,51040895,,,False
CONC(=O)[C@@H]1CC=C(CCC=C(C)C)C[C@H]1c1ccccc1,Ki, 2700,nM,51337656,,,False
OC(=O)[C@H](Cc1c[nH]c2ccccc12)N1C(=S)S\C(=C/c2ccc(Br)cc2)C1=O,Ki, 2850,nM,50847221,,,False
CC(C)(C)OC(=O)N1CCN(CC1)c1ccc(cc1)C(=O)NS(=O)(=O)c1ccc(NCCSc2ccccc2)c(c1)[N+]([O-])=O,Ki, 2880,nM,50336978,,,False
Cc1ccc(-c2ccsc2S(=O)(=O)NCCNC(=O)Nc2cc(Cl)cc(Cl)c2)c(Oc2ccc(O)c(O)c2)c1,Ki, 2900,nM,51439169,,,False
Cc1n[nH]c(C)c1-c1cccc2c(CCCOc3cc(C)c(Cl)c(C)c3)c(C)n(Cc3ccc(o3)C(O)=O)c12,Ki, 2900,nM,1014248,,,False
Cc1nn(C)c(C)c1-c1c(Cl)ccc2c(CCCOc3cc(C)c(Cl)c(C)c3)c([nH]c12)C(=O)Nc1cc(ccn1)C(O)=O,Ki, 2900,nM,868516,,,False
OC(=O)CSc1cc(NS(=O)(=O)c2ccc(Br)cc2)c2ccccc2c1O,Ki, 2900,nM,51248068,,,False
Cc1nn(C)c(C)c1-c1c(Cl)ccc2c(CCCOc3cc(C)c(Cl)c(C)c3)c([nH]c12)C(=O)Nc1cc(ccn1)C(O)=O,Ki, 2900,nM,1126602,,,False
CC(=O)c1ccc(NC(=O)OCC[C@H]2C[C@@H]3CC(C)=C[C@@H](\C=C(/Cl)c4ccc(cc4)C(O)=O)[C@@]3(C=C2)C(O)=O)cc1,Ki, 2920,nM,51032529,,,False
OC[C@H]1[C@@H]2Cn3c(cccc3=O)[C@H]([C@@H]1C(=O)NCCCN1CCCC1)N2c1nc(c(s1)-c1ccccc1)-c1ccc(Cl)cc1,Ki, 3000,nM,50456521,,,False
CCOc1ccccc1N\N=C1/C(C)=NN(C1=O)c1nc(cs1)-c1ccccc1,Ki, 3000,nM,50322135,,,False
OC(=O)c1c(CCCOc2cccc3ccccc23)c2cccc3SCCn1c23,Ki, 3100,nM,50337248,,,False
Cc1ccccc1N1C(=S)S\C(=C/c2cccc(OCc3ccc(cc3)C(O)=O)c2)C1=O,Ki, 3100,nM,50429793,,,False
CC(C)c1cc(C(=O)N2CCc3ccccc3C2)c(O)c(O)c1O,Ki, 3100,nM,50379665,,,False
Cc1cc2c(cc1C(=C)c1ccc(cc1)C(=O)Nc1ccc(cc1)C(=O)NS(=O)(=O)c1ccc(NCCSc3ccccc3)c(c1)[N+]([O-])=O)C(C)(C)CCC2(C)C,Ki, 3100,nM,50521560,,,False
COC(=O)CCNC(=O)[C@H]1CC=C(CCC=C(C)C)C[C@@H]1c1ccccc1,Ki, 3100,nM,51337665,,,False
OC(=O)c1ccc(c(COc2ccc(\C=C3/SC(=S)N(C3=O)c3ccc(cc3)[N+]([O-])=O)cc2)c1)[N+]([O-])=O,Ki, 3100,nM,50429727,,,False
Cc1nn(Cc2ccc(Oc3ccccc3)cc2)c2nc(\C=C\c3ccccc3)cc(C(O)=O)c12,Ki, 3160,nM,415402,,,False
Cc1nn(C)c(C)c1-c1c(Cl)ccc2c(CCCOc3cc(C)c(Cl)c(C)c3)c([nH]c12)C(=O)Nc1cncc(c1)C(O)=O,Ki, 3200,nM,1126599,,,False
Cc1nn(C)c(C)c1-c1c(Cl)ccc2c(CCCOc3cc(C)c(Cl)c(C)c3)c([nH]c12)C(=O)Nc1cncc(c1)C(O)=O,Ki, 3200,nM,868513,,,False
COc1cc(CCN(C)C)ccc1-c1ccc(cc1)C(=O)NS(=O)(=O)c1ccc(NCCSc2ccccc2)c(c1)[N+]([O-])=O,Ki, 3260,nM,50336982,,,False
CC[C@H](C)[C@H](NC(C)=O)C(=O)Nc1ccc(cc1)C(=O)NS(=O)(=O)c1ccc(NCCSc2ccccc2)c(c1)[N+]([O-])=O,Ki, 3380,nM,50713086,,,False
CC(=O)N[C@@H](Cc1ccccc1)C(=O)Nc1ccc(cc1)C(=O)NS(=O)(=O)c1ccc(NCCSc2ccccc2)c(c1)[N+]([O-])=O,Ki, 3390,nM,50713088,,,False
[O-][N+](=O)c1cc(ccc1NCCSc1ccccc1)S(=O)(=O)NC(=O)c1ccc(cc1)C(=O)c1ccccc1,Ki, 3400,nM,50521598,,,False
CN(C)CCCC(O)(c1ccccc1)c1cccc(CCOc2ccc(cc2)-c2ccc(cc2)C(O)=O)c1,Ki, 3400,nM,50605243,,,False
CSCC[C@H](NC(C)=O)C(=O)Nc1ccc(cc1)C(=O)NS(=O)(=O)c1ccc(NCCSc2ccccc2)c(c1)[N+]([O-])=O,Ki, 3520,nM,50713087,,,False
CN(C)C(=O)N1CCN(CC1)c1ccc(cc1)C(=O)NS(=O)(=O)c1ccc(NCCSc2ccccc2)c(c1)[N+]([O-])=O,Ki, 3540,nM,50336928,,,False
Cc1nn(C)c(C)c1-c1cccc2c(CCCOc3cc(C)c(Cl)c(C)c3)c([nH]c12)C(=O)NCc1cc(C(O)=O)n(C)c1,Ki, 3540,nM,868504,,,False
Cc1nn(C)c(C)c1-c1cccc2c(CCCOc3cc(C)c(Cl)c(C)c3)c([nH]c12)C(=O)NCc1cc(C(O)=O)n(C)c1,Ki, 3540,nM,1126590,,,False
OC(=O)c1cc2ccccc2n1S(=O)(=O)c1ccc(OCc2cccc(Cl)c2)cc1,Ki, 3600,nM,51031340,,,False
Oc1ccc(Oc2ccccc2-c2ccc(s2)S(=O)(=O)NCCNC(=O)Nc2cc(Cl)cc(Cl)c2)cc1O,Ki, 3600,nM,51439161,,,False
[O-][N+](=O)c1cc(ccc1Cl)S(=O)(=O)NC(=O)[C@H](Cc1ccccc1)N1C(=O)N[C@@H](Cc2ccc(cc2)-c2ccc(Cl)cc2)C1=O,Ki, 3700,nM,50433251,,,False
OC(=O)c1c(CCCOc2cccc3CCCCc23)c2cccc3SCCn1c23,Ki, 3700,nM,50337380,,,False
Cc1cc(OCCCc2c(C(O)=O)n3CCCSc4cccc2c34)cc(C)c1Cl,Ki, 3700,nM,50337385,,,False
COCCOCCn1nc(C)c2c1CSCc1cc(n(C)n1)CCc1cc(c3ccccc3c1)OCCCn1c(C(=O)O)c(C)c3c-2c(Cl)ccc31,Ki, 3750,nM,51580922,,,False
CC(C)C[C@H](NC(C)=O)C(=O)Nc1ccc(cc1)C(=O)NS(=O)(=O)c1ccc(NCCSc2ccccc2)c(c1)[N+]([O-])=O,Ki, 3780,nM,50713085,,,False
Cc1nn(C)c(C)c1-c1cccc2c(CCCOc3cc(C)c(Cl)c(C)c3)c3C(=O)N(Cc4cccc(c4)C(O)=O)CCCn3c12,Ki, 3820,nM,868495,,,False
Cc1nn(C)c(C)c1-c1cccc2c(CCCOc3cc(C)c(Cl)c(C)c3)c3C(=O)N(Cc4cccc(c4)C(O)=O)CCCn3c12,Ki, 3820,nM,1126581,,,False
Oc1ccc(Oc2ccccc2-c2ccc(s2)S(=O)(=O)NCCNC(=O)Nc2cc(cc(c2)C(F)(F)F)C(F)(F)F)cc1O,Ki, 3900,nM,51439160,,,False
[O-][N+](=O)c1cc(ccc1NCCSc1ccccc1)S(=O)(=O)NC(=O)c1ccc(NC(=O)Cc2ccccc2)cc1,Ki, 4000,nM,50521607,,,False
Cc1nn(Cc2ccc(Oc3cccc4ccccc34)cc2)c2nc(cc(C(O)=O)c12)-c1ccco1,Ki,>4000,nM,415404,,,False
Cc1nn(Cc2ccc(Oc3ccccc3)cc2)c2nc(cc(C(O)=O)c12)-c1ccco1,Ki,>4000,nM,415401,,,False
OC[C@@H]1[C@H]2Cn3c(cccc3=O)[C@H]2N(CC2CCCCC2)[C@H]1C(=O)N[C@H]1CCN(Cc2ccccc2)C1,Ki, 4100,nM,50456513,,,False
CCc1sc2nc(nc(N[C@H](C)C(O)=O)c2c1-c1cccc(Oc2ccc(F)cc2)c1)-c1cccnc1,Ki, 4100,nM,51271016,,,False
CCOc1ccccc1N\N=C1\C(C)=NN(C1=O)c1cccc(c1)-c1ccc(cc1)N(C)C,Ki, 4200,nM,50322185,,,False
Cc1cc2c(cc1C(=C)c1ccc(cc1)C(=O)NS(=O)(=O)c1ccc(NCCSc3ccccc3)c(c1)[N+]([O-])=O)C(C)(C)CCC2(C)C,Ki, 4200,nM,50521609,,,False
COCCNC(=O)[C@@H]1[C@@H](CO)[C@@H]2Cn3c(cccc3=O)[C@H]1N2c1nc(c(s1)-c1ccccc1)-c1ccc(Cl)cc1,Ki, 4300,nM,50456517,,,False
OC(=O)c1ccc(COc2ccc(\C=C3/SC(=S)N(C3=O)c3ccc(I)cc3)cc2)cc1,Ki, 4300,nM,50429783,,,False
OC(=O)c1oc2ccccc2c1CCCOc1cccc2ccccc12,Ki, 4300,nM,51040898,,,False
OC(=O)[C@H](Cc1ccccc1)N1C(=S)S\C(=C/c2ccc(OCCOCCOc3ccc(\C=C4/SC(=S)N([C@@H](Cc5ccccc5)C(O)=O)C4=O)cc3)cc2)C1=O,Ki, 4300,nM,50856182,,,False
OC(=O)[C@H](Cc1ccccc1)N1C(=S)S\C(=C/c2ccc(OCOc3ccc(\C=C4/SC(=S)N([C@@H](Cc5ccccc5)C(O)=O)C4=O)cc3)cc2)C1=O,Ki, 4300,nM,50856167,,,False
CN(C)c1ccc(CNC(=O)CCNC2=C(C#N)C(=O)c3cccc4c(Sc5ccc(Br)cc5)ccc2c34)cc1,Ki, 4320,nM,51372055,,,False
[O-][N+](=O)c1cc(ccc1NCCSc1ccccc1)S(=O)(=O)NC(=O)c1ccc(NC(=O)CCc2ccccc2)cc1,Ki, 4400,nM,50521570,,,False
OC(=O)c1c(CCCOc2ccc3CCCCc3c2)c2cccc3SCCn1c23,Ki, 4400,nM,50337382,,,False
Cc1cccc(c1)-c1ccc(C[C@@H]2NC(=O)N([C@@H](Cc3ccccc3)C(=O)NS(=O)(=O)c3ccc(Cl)c(c3)[N+]([O-])=O)C2=O)cc1,Ki, 4400,nM,50433115,,,False
Oc1cc2c(O)c(-c3c(O)c4cc(O)c(O)c(=CCC5CCCCC5)c4c(O)c3=C)c(=C)c(O)c2c(=CCC2CCCCC2)c1O,Ki, 4470,nM,50607448,,,False
COc1cc(CN(C)C)ccc1-c1ccc(cc1)C(=O)NS(=O)(=O)c1ccc(NCCSc2ccccc2)c(c1)[N+]([O-])=O,Ki, 4570,nM,50336924,,,False
OC(=O)c1oc2ccccc2c1CCCOc1cccc2ccccc12,Ki, 4600,nM,981260,,,False
Cc1ccc(cc1)-c1ccc(O[C@H]2C[C@H](N(C2)C(=O)OC(C)(C)C)C(=O)N[C@@H](Cc2ccccc2)C(=O)NS(=O)(=O)c2ccc(Cl)c(c2)[N+]([O-])=O)cc1,Ki, 4600,nM,51215386,,,False
Oc1ccc(Oc2ccccc2-c2csc(c2)S(=O)(=O)NCCNC(=S)Nc2cc(cc(c2)C(F)(F)F)C(F)(F)F)cc1O,Ki, 4600,nM,51439162,,,False
Oc1cc(O)c2c(c1)oc(cc2=O)-c1cc(O)c(O)cc1Cc1ccccc1,Ki, 4600,nM,50515772,,,False
CN(C)CCCC(O)(c1ccccc1)c1cccc(OCCc2ccc(cc2)-c2ccc(cc2)C(O)=O)c1,Ki, 4600,nM,50605242,,,False
Oc1ccc(Oc2ccccc2-c2ccsc2S(=O)(=O)NCCNC(=O)Nc2cc(Cl)cc(Cl)c2)cc1O,Ki, 4600,nM,51439167,,,False
CCC(C)[C@H](NC(=O)Cc1c(C)n(C(=O)c2ccc(Cl)cc2)c2ccc(OC)cc12)C(=O)NS(=O)(=O)c1ccc(Cl)c(c1)[N+]([O-])=O,Ki, 4900,nM,51248091,,,False
[O-][N+](=O)c1cc(ccc1NCCSc1ccccc1)S(=O)(=O)NC(=O)c1ccc(NC(=O)\C=C\c2ccccc2)cc1,Ki, 4900,nM,50521579,,,False
COc1ccc2n(C(=O)c3ccc(Cl)cc3)c(C)c(CC(=O)N[C@@H](Cc3ccccc3)C(=O)NS(=O)(=O)c3ccc(Cl)c(c3)[N+]([O-])=O)c2c1,Ki,>5000,nM,51248093,,,False
CO[C@]1(CN2CCN3CCCC[C@@H]3C2)\C=C\C[C@H](C)[C@@H](C)S(=O)(=O)NC(=O)c2ccc3OC[C@]4(CCCc5cc(Cl)ccc45)CN(C[C@@H]4CC[C@@H]14)c3c2,Ki,>5000,nM,51455584,,,False
CN(C)CCCC(O)(c1ccccc1)c1cccc(OCCc2cccc(c2)-c2ccc(cc2)C(O)=O)c1,Ki, 5000,nM,50605239,,,False
COc1ccc(C[C@H](NC(=O)Cc2c(C)n(C(=O)c3ccc(Cl)cc3)c3ccc(OC)cc23)C(=O)NS(=O)(=O)c2ccc(Cl)c(c2)[N+]([O-])=O)cc1,Ki,>5000,nM,51248094,,,False
COc1ccc2n(C(=O)c3ccc(Cl)cc3)c(C)c(CC(=O)N[C@@H](Cc3c[nH]c4ccccc34)C(=O)NS(=O)(=O)c3ccc(Cl)c(c3)[N+]([O-])=O)c2c1,Ki,>5000,nM,51248073,,,False
CCc1sc2ncnc(N[C@H](C)C(O)=O)c2c1-c1cccc(O)c1,Ki, 5000,nM,51270955,,,False
COc1ccc2n(C(=O)c3ccc(Cl)cc3)c(C)c(CC(=O)N[C@@H](Cc3ccc(OC(C)C)cc3)C(=O)NS(=O)(=O)c3ccc(Cl)c(c3)[N+]([O-])=O)c2c1,Ki,>5000,nM,51248074,,,False
COc1ccc2n(C(=O)c3ccc(Cl)cc3)c(C)c(CC(=O)N[C@@H](CC(C)C)C(=O)NS(=O)(=O)c3ccc(Cl)c(c3)[N+]([O-])=O)c2c1,Ki,>5000,nM,51248069,,,False
COc1ccc2n(C(=O)c3ccc(Cl)cc3)c(C)c(CC(=O)N[C@@H](Cc3ccccc3)C(=O)NS(=O)(=O)c3ccc(Br)cc3)c2c1,Ki,>5000,nM,51248071,,,False
COc1ccc2n(C(=O)c3ccc(Cl)cc3)c(C)c(CC(=O)N[C@@H](CCSC)C(=O)NS(=O)(=O)c3ccc(Cl)c(c3)[N+]([O-])=O)c2c1,Ki,>5000,nM,51248070,,,False
COc1ccc(C[C@H](NC(=O)Cc2c(C)n(C(=O)c3ccc(Cl)cc3)c3ccc(OC)cc23)C(=O)NS(=O)(=O)c2ccc(Br)cc2)cc1,Ki,>5000,nM,51248065,,,False
COC(=O)c1nn(c(c1NC(=O)c1ccc(OC(C)C)cc1)-c1ccc(OC(C)C)cc1)-c1ccc(Oc2ccccc2)cc1,Ki, 5160,nM,51218913,,,False
OC[C@H]1[C@@H]2Cn3c(cccc3=O)[C@@H]2N(Cc2ccc(Oc3ccccc3)cc2)[C@@H]1C(=O)N1CCC(Cc2ccccc2)CC1,Ki, 5200,nM,50456501,,,False
Oc1ccc(Oc2ccccc2-c2csc(c2)S(=O)(=O)NCCNC(=O)Nc2cc(cc(c2)C(F)(F)F)C(F)(F)F)cc1O,Ki, 5200,nM,51439163,,,False
CC(C)(C)OC(=O)N[C@@H](Cc1ccc(OCc2ccc(cc2)-c2ccccc2)cc1)C(=O)NS(=O)(=O)c1ccccc1,Ki, 5200,nM,51131495,,,False
CN(C)CCCC(O)(c1ccccc1)c1cccc(OCc2ccc(cc2)-c2ccc(cc2)C(O)=O)c1,Ki, 5200,nM,50605241,,,False
CC(C)Oc1ccc(cc1)-c1cc(nn1-c1ccc(cc1)C(C)C)C(O)=O,Ki, 5250,nM,51218918,,,False
Cc1cc(OCCCc2c(sc3ccccc23)C(O)=O)cc(C)c1Cl,Ki, 5300,nM,51040888,,,False
Cc1nn(C)c(C)c1-c1c(Cl)ccc2c(CCCOc3cc(C)c(Cl)c(C)c3)c(C(=O)Nc3cccc(c3)C(O)=O)n(C)c12,Ki, 5300,nM,868519,,,False
Cc1cc(OCCCc2c([nH]c3ccccc23)C(O)=O)cc(C)c1Cl,Ki, 5300,nM,51040896,,,False
Cc1nn(C)c(C)c1-c1c(Cl)ccc2c(CCCOc3cc(C)c(Cl)c(C)c3)c(C(=O)Nc3cccc(c3)C(O)=O)n(C)c12,Ki, 5300,nM,1126605,,,False
OC[C@@H]1[C@H]2Cn3c(cccc3=O)[C@H]2N(CC2CCCCC2)[C@H]1C(=O)NC1Cc2ccccc2C1,Ki, 5400,nM,50456511,,,False
CC(=C)c1sc2ncnc(N[C@H](Cc3ccccc3)C(O)=O)c2c1-c1cccc(Cl)c1C,Ki, 5400,nM,51270993,,,False
CCCOc1ccc(C[C@H](NC(=O)c2cn(Cc3ccc(cc3)-c3ccccc3)c3ccccc23)C(=O)NS(=O)(=O)c2ccc(Cl)c(c2)[N+]([O-])=O)cc1,Ki, 5600,nM,50681356,,,False
OC(=O)c1cc(SCCc2ccccc2)ccc1NS(=O)(=O)c1ccc2ccccc2c1,Ki, 5600,nM,51249698,,,False
Oc1ccc(Oc2ccccc2-c2ccsc2S(=O)(=O)NCCNC(=S)Nc2cc(cc(c2)C(F)(F)F)C(F)(F)F)cc1O,Ki, 5600,nM,51439165,,,False
OC(=O)c1c(CCCOc2cccc3ccccc23)c2cccc3OCCn1c23,Ki, 5700,nM,50337256,,,False
Cc1cc(OCCCn2nc(C(O)=O)c3cc(Cl)ccc23)cc(C)c1Cl,Ki, 5792,nM,1319428,,,False
CN(C)CCCC(O)(c1ccccc1)c1ccc(OCc2cccc(c2)-c2ccc(cc2)C(O)=O)cc1,Ki, 5800,nM,50605245,,,False
OC(=O)c1sc2ccccc2c1CCCOc1cccc2ccccc12,Ki, 5800,nM,981248,,,False
Cc1nn(C)c(C)c1-c1cccc2c(CCCOc3cc(C)c(Cl)c(C)c3)c([nH]c12)C(=O)NCc1c[nH]c(c1)C(O)=O,Ki, 5950,nM,868501,,,False
Cc1nn(C)c(C)c1-c1cccc2c(CCCOc3cc(C)c(Cl)c(C)c3)c([nH]c12)C(=O)NCc1c[nH]c(c1)C(O)=O,Ki, 5950,nM,1126587,,,False
Cc1cccc(Oc2ccc3c4c(C#N)c(=O)nc4c4cccc2c34)c1,Ki, 6031,nM,50657375,,,False
CCOc1ccc(cc1)-c1cc(nn1-c1ccccc1)C(O)=O,Ki, 6090,nM,51218910,,,False
CCc1sc2ncnc(N[C@H](C)C(O)=O)c2c1-c1cccc(Oc2ccc(F)cc2)c1,Ki, 6100,nM,51270986,,,False
OC(=O)CSc1cc(NS(=O)(=O)c2ccc(cc2)-c2ccc(Cl)cc2)c2ccccc2c1O,Ki, 6110,nM,50095218,,,False
Cc1cc(OCCCc2c(C(O)=O)n3CCSc4cccc2c34)ccc1Cl,Ki, 6300,nM,50337383,,,False
OC[C@H]1[C@@H]2Cn3c(cccc3=O)[C@@H]2N(Cc2ccc(Oc3ccccc3)cc2)[C@@H]1C(=O)N1CCC(CC1)c1ccc(F)cc1,Ki, 6800,nM,50456499,,,False
CC(C)Oc1ccc(cc1)-c1cc(nn1-c1ccccc1)C(O)=O,Ki, 7000,nM,51218883,,,False
Cc1nn(C)c(C)c1-c1cccc2c(CCCOc3cc(C)c(Cl)c(C)c3)c(C)n(CCC(O)=O)c12,Ki, 7100,nM,1014245,,,False
OC(=O)c1c(CCCOc2cccc3ccccc23)c2cccc3CCCn1c23,Ki, 7300,nM,50337253,,,False
Cc1cc(OCCCc2c(C(O)=O)n(C)c3ccccc23)cc(C)c1Cl,Ki, 7400,nM,51040891,,,False
CC(C)C[C@H](N1C(=S)S\C(=C/c2ccc(Br)cc2)C1=O)C(O)=O,Ki, 7430,nM,50847244,,,False
OC(=O)CSc1cc(NS(=O)(=O)c2ccc(Oc3ccccc3)cc2)c2ccccc2c1O,Ki, 7560,nM,50095221,,,False
Cc1cccc(C)c1N1C(=S)S\C(=C/c2ccc(OCC(=O)Nc3ccc(cc3)C(O)=O)cc2)C1=O,Ki, 7600,nM,50429775,,,False
OC[C@@H]1[C@H]2Cn3c(cccc3=O)[C@H]2N(CC2CCCCC2)[C@H]1C(=O)N[C@@H]1CCN(Cc2ccccc2)C1,Ki, 7800,nM,50456509,,,False
OC(=O)CSc1cc(NS(=O)(=O)c2cccc(c2)-c2ccccc2)c2ccccc2c1O,Ki, 7850,nM,50095211,,,False
Cc1nn(C)c(C)c1-c1cccc2c(CCCOc3cc(C)c(Cl)c(C)c3)c([nH]c12)C(=O)NCc1cc(ccn1)C(O)=O,Ki, 7900,nM,1126614,,,False
Cc1nn(C)c(C)c1-c1cccc2c(CCCOc3cc(C)c(Cl)c(C)c3)c([nH]c12)C(=O)NCc1cc(ccn1)C(O)=O,Ki, 7900,nM,868528,,,False
CN(C)CCCC(O)(c1ccccc1)c1ccc(OCCc2cccc(c2)-c2ccc(cc2)C(O)=O)cc1,Ki, 8000,nM,50605246,,,False
Oc1cc(C(=O)NCCCc2ccccc2)c(NC(=O)c2ccccc2)c(O)c1O,Ki, 8040,nM,51080547,,,False
CCc1sc2ncnc(N[C@H](CC3CCCCC3)C(O)=O)c2c1-c1cccc(Oc2ccc(F)cc2)c1,Ki, 8100,nM,51270989,,,False
Oc1c(O)c(Cc2ccccc2)cc(C(=O)Nc2ccccc2)c1O,Ki, 8300,nM,50361897,,,False
OC[C@@H]1[C@H]2Cn3c(cccc3=O)[C@H]2N(CC2CCCCC2)[C@H]1C(=O)NCc1ccc(Oc2ccccc2)cc1,Ki, 8400,nM,50456507,,,False
Oc1ccc(Oc2ccccc2-c2csc(c2)S(=O)(=O)NCCNC(=O)Nc2cc(Cl)cc(Cl)c2)cc1O,Ki, 8400,nM,51439164,,,False
OC(=O)CSc1cc(NS(=O)(=O)c2ccc(cc2)-c2ccccc2)c2ccccc2c1O,Ki, 8820,nM,50095210,,,False
CN1CCC(CNc2ccc(cc2[N+]([O-])=O)S(=O)(=O)NC(=O)c2nn(CCCOc3cc(C)c(Cl)c(C)c3)c3ccc(Cl)cc23)CC1,Ki, 8931,nM,1319441,,,False
OC(=O)c1ccc(c(COc2ccc(\C=C3/SC(=S)N(C3=O)c3ccccc3)cc2)c1)[N+]([O-])=O,Ki, 9000,nM,50429795,,,False
COC(=O)C(C#N)C1C(C(=O)OC)=C(N)Oc2ccc(Br)cc12,Ki, 9000,nM,51288586,,,False
Cc1cc(OCCCc2c([nH]c3ccccc23)C(O)=O)ccc1Cl,Ki, 9100,nM,51040897,,,False
Oc1cc2c(nc[nH]c2=O)c(O)c1O,Ki, 9282,nM,51080553,,,False
CC(C)[C@H](NC(C)=O)C(=O)Nc1ccc(cc1)C(=O)NS(=O)(=O)c1ccc(NCCSc2ccccc2)c(c1)[N+]([O-])=O,Ki, 9490,nM,50713090,,,False
OC(=O)c1ccc(COc2ccc(\C=C3/SC(=S)N(C3=O)c3cccc(c3)[N+]([O-])=O)cc2)cc1,Ki, 9600,nM,50429777,,,False
OC(=O)c1sc2ccccc2c1CCCOc1cccc2ccccc12,Ki, 9700,nM,51040899,,,False
OC(=O)c1c(CCCOc2cccc3ccccc23)c2cccc3SCCCn1c23,Ki, 9900,nM,50337377,,,False
COc1ccc(cc1)S(=O)(=O)NC(=O)[C@H](Cc1c[nH]c2ccccc12)NC(=O)Cc1c(C)n(-c2ccc(cc2)-c2ccccc2)c2ccc(OC)cc12,Ki,>10000,nM,50841359,,,False
COc1cc(CC(=O)N(C)C)ccc1-c1ccc(cc1)C(=O)NS(=O)(=O)c1ccc(NCCSc2ccccc2)c(c1)[N+]([O-])=O,Ki,>10000,nM,50336913,,,False
CCCOc1ccc(C[C@H](NC(=O)c2cn(Cc3ccc(cc3)-c3ccc(Cl)cc3)c3ccccc23)C(=O)NS(=O)(=O)c2ccc(cc2)[N+]([O-])=O)cc1,Ki,>10000,nM,50681366,,,False
COc1ccc2n(c(C)c(CC(=O)N[C@@H](Cc3ccccc3)C(=O)NS(=O)(=O)c3ccc(cc3)-c3ccccc3)c2c1)-c1ccc(cc1)-c1ccccc1,Ki,>10000,nM,50841363,,,False
CCCOc1ccc(C[C@H](NC(=O)c2cn(Cc3ccc(cc3)-c3ccc(OC)cc3)c3ccccc23)C(=O)NS(=O)(=O)c2ccc(Cl)c(c2)[N+]([O-])=O)cc1,Ki,>10000,nM,50681361,,,False
COc1ccc2n(c(C)c(CC(=O)N[C@@H](Cc3c[nH]c4ccccc34)C(=O)NS(=O)(=O)c3ccccc3)c2c1)-c1ccc(cc1)-c1ccccc1,Ki,>10000,nM,50841361,,,False
COc1ccc2n(c(C)c(CC(=O)NS(=O)(=O)c3ccc(NCc4ccccc4)c(c3)[N+]([O-])=O)c2c1)-c1ccc(cc1)-c1ccccc1,Ki,>10000,nM,50841373,,,False
COc1ccccc1N1C(=S)S\C(=C/c2ccc(OCC(=O)Nc3ccc(cc3)C(O)=O)cc2)C1=O,Ki, 10000,nM,50429723,,,False
COc1ccc2n(c(C)c(CC(=O)NS(=O)(=O)c3ccc(NCCSc4ccccc4)c(c3)[N+]([O-])=O)c2c1)-c1ccc(cc1)-c1ccccc1,Ki,>10000,nM,50841371,,,False
OC(=O)c1ccc(COc2cccc(\C=C3/SC(=S)N(C3=O)c3ccc(cc3)[N+]([O-])=O)c2)cc1,Ki,>10000,nM,50429725,,,False
OC(=O)c1ccc(COc2ccc(\C=C3/SC(=S)N(C3=O)c3ccc(cc3)[N+]([O-])=O)cc2)cc1,Ki,>10000,nM,50429724,,,False
COc1ccc2n(c(C)c(CC(=O)NS(=O)(=O)c3ccc(N4CCOCC4)c(c3)[N+]([O-])=O)c2c1)-c1ccc(cc1)-c1ccccc1,Ki,>10000,nM,50841369,,,False
OC(=O)c1ccc(NC(=O)COc2ccc(\C=C3/SC(=S)N(C3=O)c3ccc(cc3)[N+]([O-])=O)cc2)cc1,Ki,>10000,nM,50429726,,,False
Cc1cccc(c1)N1C(=S)S\C(=C/c2ccc(OCc3ccc(cc3)C(O)=O)cc2)C1=O,Ki,>10000,nM,50429729,,,False
COc1ccc2n(c(C)c(CC(=O)NS(=O)(=O)c3ccc(NCc4ccccc4)c(c3)[N+]([O-])=O)c2c1)-c1ccc(C)cc1,Ki,>10000,nM,50841382,,,False
OC(=O)c1cccc(NC(=O)c2ccc(\C=C3/SC(=S)N(C3=O)c3ccc(cc3)[N+]([O-])=O)cc2)c1O,Ki,>10000,nM,50429728,,,False
COc1ccc2n(c(C)c(CC(=O)NS(=O)(=O)c3ccccc3)c2c1)-c1ccc(cc1)-c1ccccc1,Ki,>10000,nM,50841381,,,False
Cc1ccc(cc1)N1C(=S)S\C(=C/c2ccc(OCc3ccc(cc3)C(O)=O)cc2)C1=O,Ki,>10000,nM,50429731,,,False
Cc1cccc(c1)N1C(=S)S\C(=C/c2ccc(OCC(=O)Nc3ccc(cc3)C(O)=O)cc2)C1=O,Ki,>10000,nM,50429730,,,False
COc1ccc2n(c(C)c(CC(=O)NS(=O)(=O)c3ccc(NC4CCCCC4)c(c3)[N+]([O-])=O)c2c1)-c1ccc(cc1)-c1ccccc1,Ki,>10000,nM,50841379,,,False
Cc1cc(OCCCc2c(C(O)=O)n(C)c3cc(Cl)ccc23)cc(C)c1Cl,Ki,>10000,nM,1319474,,,False
CC(C)Oc1ccc(cc1)C(=O)Nc1c(nn(c1-c1ccc(OCc2ccccc2)cc1)-c1ccc(cc1)C(C)C)C(O)=O,Ki,>10000,nM,51218855,,,False
COc1ccc2n(c(C)c(CC(=O)NS(=O)(=O)c3ccc(cc3)[N+]([O-])=O)c2c1)-c1ccc(C)cc1,Ki,>10000,nM,50841387,,,False
COc1ccc(cc1)S(=O)(=O)NC(=O)Cc1c(C)n(-c2ccc(C)cc2)c2ccc(OC)cc12,Ki,>10000,nM,50841385,,,False
COc1ccc2n(c(C)c(CC(=O)NS(=O)(=O)c3ccc(N4CCN(C)CC4)c(c3)[N+]([O-])=O)c2c1)-c1ccc(C)cc1,Ki,>10000,nM,50841384,,,False
COc1ccc2n(c(C)c(CC(=O)NS(=O)(=O)c3ccc(Cl)c(c3)[N+]([O-])=O)c2c1)-c1ccc(C)cc1,Ki,>10000,nM,50841399,,,False
COc1ccc2n(c(C)c(CC(=O)NS(=O)(=O)c3ccc(N4CCOCC4)c(c3)[N+]([O-])=O)c2c1)-c1ccc(C)cc1,Ki,>10000,nM,50841398,,,False
COc1ccc(cc1)S(=O)(=O)NC(=O)Cc1c(C)n(-c2ccc(cc2)-c2ccccc2)c2ccc(OC)cc12,Ki,>10000,nM,50841397,,,False
CCCOc1ccc(C[C@H](NC(=O)c2cn(Cc3ccc(cc3)-c3ccc(Cl)cc3)c3ccccc23)C(=O)NS(=O)(=O)c2ccc(Cl)c(c2)[N+]([O-])=O)cc1,Ki,>10000,nM,50681399,,,False
COc1ccc2n(c(C)c(CC(=O)NS(=O)(=O)c3ccc(NCCCc4ccccc4)c(c3)[N+]([O-])=O)c2c1)-c1ccc(cc1)-c1ccccc1,Ki,>10000,nM,50841395,,,False
COc1ccc2n(c(C)c(CC(=O)N[C@@H](Cc3ccccc3)C(=O)NS(=O)(=O)c3ccccc3)c2c1)-c1ccc(C)cc1,Ki,>10000,nM,50841394,,,False
O=C(NS(=O)(=O)c1ccccc1)[C@H](Cc1ccccc1)NC(=O)c1cn(Cc2ccc(cc2)-c2ccccc2)c2ccccc12,Ki,>10000,nM,50681394,,,False
CC(=O)N1CCN(CC1)c1ccc(cc1)C(=O)NS(=O)(=O)c1ccc(NCCSc2ccccc2)c(c1)[N+]([O-])=O,Ki,>10000,nM,50336951,,,False
COc1ccc2n(c(C)c(CC(=O)N[C@@H](Cc3ccc(OCc4ccc(cc4)[N+]([O-])=O)cc3)C(=O)NS(=O)(=O)c3ccc(Cl)c(c3)[N+]([O-])=O)c2c1)-c1ccc(cc1)-c1ccccc1,Ki,>10000,nM,50841401,,,False
OC(=O)c1[nH]c2ccccc2c1CCCCC1CCCCC1,Ki,>10000,nM,50322497,,,False
COc1ccc(C2=N[C@H]([C@H](N2C(=O)N2CCNC(=O)C2)c2ccc(Cl)cc2)c2ccc(Cl)cc2)c(OC(C)C)c1,Ki,>10000,nM,51218893,,,False
CN1CCN(CCOc2ccc(-c3c(sc4ncnc(O[C@H](Cc5ccccc5OCc5ccnn5CC(F)(F)F)C(O)=O)c34)-c3ccco3)c(C)c2Cl)CC1,Ki,>10000,nM,51466323,,,False
[O-][N+](=O)c1ccc(COc2ccc(C[C@H](NC(=O)c3cn(Cc4ccc(cc4)-c4ccccc4)c4ccccc34)C(=O)NS(=O)(=O)c3ccc(Cl)c(c3)[N+]([O-])=O)cc2)cc1,Ki,>10000,nM,50681293,,,False
CC(C)Oc1ccc(cc1)C(=O)Nc1c(nn(c1-c1ccc(OCc2ccccc2)cc1)-c1ccc(Oc2ccccc2)cc1)C(O)=O,Ki,>10000,nM,51218887,,,False
COc1ccc(cc1)-c1ccc(Cn2cc(C(=O)N[C@@H](Cc3ccc(OCc4ccc(cc4)[N+]([O-])=O)cc3)C(=O)NS(=O)(=O)c3ccc(Cl)c(c3)[N+]([O-])=O)c3ccccc23)cc1,Ki,>10000,nM,50681294,,,False
Cc1ccc(cc1)N1C(=S)S\C(=C/c2ccc(OCC(=O)Nc3ccc(cc3)C(O)=O)cc2)C1=O,Ki,>10000,nM,50429770,,,False
CN1CCN(CCOc2ccc(-c3c(sc4ncnc(O[C@H](Cc5ccccc5OCc5ccnn5CC(F)(F)F)C(O)=O)c34)-c3ccc(F)o3)c(C)c2Cl)CC1,Ki,>10000,nM,51455581,,,False
OC(=O)c1cc(-c2ccc(OCc3ccccc3)cc2)n(n1)-c1ccccc1,Ki,>10000,nM,51218881,,,False
CC(C)COc1ccc(cc1)-c1cc(nn1-c1ccccc1)C(O)=O,Ki,>10000,nM,51218882,,,False
[O-][N+](=O)c1ccc(COc2ccc(C[C@H](NC(=O)c3cn(Cc4ccc(cc4)-c4ccc(Cl)cc4)c4ccccc34)C(=O)NS(=O)(=O)c3ccc(Cl)c(c3)[N+]([O-])=O)cc2)cc1,Ki,>10000,nM,50681290,,,False
COc1ccc(cc1)N1C(=S)S\C(=C/c2ccc(OCc3ccc(cc3)C(O)=O)cc2)C1=O,Ki,>10000,nM,50429776,,,False
[O-][N+](=O)c1cc(ccc1Cl)S(=O)(=O)NC(=O)[C@H](Cc1ccc(OCc2ccccc2)cc1)NC(=O)c1cn(Cc2ccc(cc2)-c2ccccc2)c2ccccc12,Ki,>10000,nM,50681303,,,False
OC(=O)c1ccc(COc2ccc(\C=C3/SC(=S)N(C3=O)c3cccc(c3)C(F)(F)F)cc2)cc1,Ki,>10000,nM,50429779,,,False
CC(=O)c1ccc(cc1)N1C(=S)S\C(=C/c2ccc(OCc3ccc(cc3)C(O)=O)cc2)C1=O,Ki,>10000,nM,50429778,,,False
OC(=O)c1ccc(COc2ccc(\C=C3/SC(=S)N(C3=O)c3ccc(Cl)cc3)cc2)cc1,Ki,>10000,nM,50429781,,,False
OC(=O)c1ccc(COc2ccc(\C=C3/SC(=S)N(C3=O)c3ccc(F)cc3)cc2)cc1,Ki,>10000,nM,50429780,,,False
OC(=O)c1ccc(COc2ccc(\C=C3/SC(=S)N(Cc4ccc(F)cc4)C3=O)cc2)cc1,Ki,>10000,nM,50429785,,,False
OC(=O)c1ccc(COc2ccc(\C=C3/SC(=S)N(C3=O)c3c(F)cccc3F)cc2)cc1,Ki,>10000,nM,50429784,,,False
OC(=O)c1cc(-c2ccccc2)n(n1)-c1ccccc1,Ki,>10000,nM,51218903,,,False
[O-][N+](=O)c1cc(ccc1NCCSc1ccccc1)S(=O)(=O)NC(=O)c1ccc(cc1)N1CCOCC1,Ki,>10000,nM,50336986,,,False
COc1ccc(cc1)-c1ccc(Cn2cc(C(=O)N[C@@H](Cc3ccccc3)C(O)=O)c3ccccc23)cc1,Ki,>10000,nM,50681438,,,False
[O-][N+](=O)c1cc(ccc1Cl)S(=O)(=O)NC(=O)[C@H](Cc1ccc(Br)cc1)NC(=O)c1cn(Cc2ccc(cc2)-c2ccccc2)c2ccccc12,Ki,>10000,nM,50681310,,,False
COc1ccc(cc1)-c1ccc(Cn2cc(C(=O)N[C@@H](Cc3ccc(OCc4ccccc4)cc3)C(=O)NS(=O)(=O)c3ccc(Cl)c(c3)[N+]([O-])=O)c3ccccc23)cc1,Ki,>10000,nM,50681307,,,False
Cc1ccccc1N1C(=S)S\C(=C/c2ccc(OCC(=O)Nc3ccc(cc3)C(O)=O)cc2)C1=O,Ki,>10000,nM,50429792,,,False
OC(=O)c1cc(NC(=O)c2ccc(\C=C3/SC(=S)N(C3=O)c3ccccc3)cc2)ccc1O,Ki,>10000,nM,50429794,,,False
OC(=O)c1ccc(COc2cccc(\C=C3/SC(=S)N(C3=O)c3ccccc3)c2)cc1,Ki,>10000,nM,50429797,,,False
OC(=O)c1ccc(NC(=O)COc2ccc(\C=C3/SC(=S)N(C3=O)c3ccccc3)cc2)cc1,Ki,>10000,nM,50429796,,,False
COc1ccc(cc1)-c1ccc(Cn2cc(C(=O)N[C@@H](Cc3ccc(Br)cc3)C(=O)NS(=O)(=O)c3ccc(Cl)c(c3)[N+]([O-])=O)c3ccccc23)cc1,Ki,>10000,nM,50681315,,,False
OC(=O)c1ccc(\C=C2/SC(=S)N(C2=O)c2ccccc2)cc1,Ki,>10000,nM,50429799,,,False
OC(=O)c1ccc(COc2ccc(\C=C3/SC(=S)N(C3=O)c3ccccc3)cc2)cc1,Ki,>10000,nM,50429798,,,False
COc1ccc(cc1)-c1ccc(Cn2cc(C(=O)N[C@@H](Cc3ccccc3)C(=O)NS(=O)(=O)c3ccc(Cl)c(c3)[N+]([O-])=O)c3ccccc23)cc1,Ki,>10000,nM,50681452,,,False
Cc1ccc(cc1)-c1ccc(Cn2cc(C(=O)N[C@@H](Cc3ccc(OCc4ccccc4)cc3)C(=O)NS(=O)(=O)c3ccc(Cl)c(c3)[N+]([O-])=O)c3ccccc23)cc1,Ki,>10000,nM,50681449,,,False
COc1ccc(cc1)-c1ccc(Cn2cc(C(=O)N[C@@H](Cc3c[nH]c4ccccc34)C(=O)NS(=O)(=O)c3ccc(Cl)c(c3)[N+]([O-])=O)c3ccccc23)cc1,Ki,>10000,nM,50681448,,,False
[O-][N+](=O)c1cc(ccc1Cl)S(=O)(=O)NC(=O)[C@H](Cc1ccc(Br)cc1)NC(=O)c1cn(Cc2ccc(cc2)-c2ccc(Cl)cc2)c2ccccc12,Ki,>10000,nM,50681451,,,False
[O-][N+](=O)c1cc(ccc1Cl)S(=O)(=O)NC(=O)[C@H](Cc1ccc(OCc2ccccc2)cc1)NC(=O)c1cn(Cc2ccc(cc2)-c2ccc(Cl)cc2)c2ccccc12,Ki,>10000,nM,50681450,,,False
CN1CCN(CCOc2ccc(-c3c(sc4cccc(OC(Cc5ccccc5OCc5ccnn5CC(F)(F)F)C(O)=O)c34)-c3ccc(F)o3)c(C)c2Cl)CC1,Ki,>10000,nM,51439204,,,False
CC(C)c1c(O)c(O)c(C=O)c2c(O)c(c(C)cc12)-c1c(C)cc2c(C(C)C)c(O)c(O)c(C=O)c2c1O,Ki, 10100,nM,50847250,,,False
OC(=O)CSc1cc(NS(=O)(=O)c2ccc(Br)cc2)c2ccccc2c1O,Ki, 11000,nM,51358120,,,False
OC(=O)c1c(CCCOc2cccc3ccccc23)c2cccc3c2n1CCCS3(=O)=O,Ki, 11700,nM,50337379,,,False
OC(=O)c1cc(SCCc2ccccc2)ccc1NS(=O)(=O)N1CCN(CC1)c1ccccc1,Ki, 11700,nM,51249731,,,False
CCOc1ccccc1N\N=C1\C(C)=NN(C1=O)c1cc(O)cc(c1)-c1ccc(cc1)N(C)C,Ki, 12000,nM,50322191,,,False
CN(C)CCCC(O)(c1ccccc1)c1ccc(OCCc2ccc(cc2)-c2ccc(cc2)C(O)=O)cc1,Ki, 12000,nM,50605248,,,False
CCC\C(=C1\SC(=S)N([C@@H](Cc2ccccc2)C(O)=O)C1=O)c1ccccc1,Ki, 12000,nM,50847242,,,False
CN1CCN(CC1)C1=C(Cl)C(=O)N(C1=O)c1ccc(Cl)c(Cl)c1,Ki, 12500,nM,51501248,,,False
CSc1ccc(cc1)C(Nc1ccccn1)c1c(C)[nH]c2ccccc12,Ki, 12900,nM,51501249,,,False
Cc1ccc(-c2ccsc2S(=O)(=O)NCCNC(=O)Nc2ccc(cc2)[N+]([O-])=O)c(Oc2ccc(O)c(O)c2)c1,Ki, 13000,nM,51439170,,,False
CCc1sc2ncnc(NC(C(O)=O)c3ccccc3)c2c1-c1cccc(Oc2ccc(F)cc2)c1,Ki, 13000,nM,51270988,,,False
[O-][N+](=O)c1cc(ccc1Cl)S(=O)(=O)NC(=O)[C@H](Cc1ccccc1)N1C(=O)N[C@@H](Cc2ccc(cc2)-c2ccc(C=O)cc2)C1=O,Ki, 13000,nM,50433114,,,False
Cc1ccc(cc1)S(=O)(=O)NC(=O)[C@H](Cc1ccccc1)N1C(=O)N[C@@H](Cc2ccc(cc2)-c2cccc(C)c2)C1=O,Ki, 13000,nM,50433116,,,False
CCC\C(=C1\SC(=S)N([C@@H](CC(C)C)C(O)=O)C1=O)c1ccccc1,Ki, 13500,nM,50847257,,,False
COCCNC(=O)[C@H]1[C@H](CO)[C@H]2Cn3c(cccc3=O)[C@@H]1N2c1nc(c(s1)-c1ccccc1)-c1ccc(Cl)cc1,Ki, 14000,nM,50456515,,,False
OC(=O)[C@H](Cc1ccccc1)N1C(=S)S\C(=C/c2ccc(Br)cc2)C1=O,Ki, 14200,nM,50856158,,,False
OC(=O)[C@H](Cc1ccccc1)N1C(=S)S\C(=C/c2ccc(Br)cc2)C1=O,Ki, 14200,nM,50847258,,,False
Cn1c(C(O)=O)c(CCCOc2cccc3ccccc23)c2ccccc12,Ki,>15000,nM,51040890,,,False
[O-][N+](=O)c1cccc(c1)S(=O)(=O)NC(=O)[C@H](Cc1ccccc1)N1C(=O)N[C@@H](Cc2ccc(cc2)-c2ccc(Cl)cc2)C1=O,Ki, 15000,nM,50433250,,,False
OC(=O)c1c(CCCOc2cccc3ccccc23)c2ccccc2n1Cc1ccccc1,Ki,>15000,nM,51040889,,,False
OC(=O)C1C2CC(Sc3ccccc3[N+]([O-])=O)C(Cl)C2c2cc(Cl)cc3C4C=CCC4CN1c23,Ki, 15000,nM,51466290,,,False
[O-][N+](=O)c1cc(ccc1NCCSc1ccccc1)S(=O)(=O)NC(=O)c1ccc(NS(=O)(=O)c2ccccc2)cc1,Ki, 15190,nM,50713097,,,False
OC(=O)c1c(CCCOc2cccc3ccccc23)c2cccc3[S+]([O-])CCCn1c23,Ki, 16000,nM,50337378,,,False
CC(C)(C)c1ccc(cc1)N1CCN(CC1)S(=O)(=O)Nc1ccc(SCCC(=O)Nc2ccccc2)cc1C(O)=O,Ki, 16100,nM,51249700,,,False
COc1cccc(Oc2ccc3c4c(C#N)c(=O)nc4c4cccc2c34)c1,Ki, 16600,nM,50657377,,,False
Oc1ccc(Oc2ccccc2-c2ccsc2S(=O)(=O)NCCNC(=O)Nc2cc(cc(c2)C(F)(F)F)C(F)(F)F)cc1O,Ki, 17000,nM,51439166,,,False
Clc1ccc(cc1)-c1ccc(C[C@@H]2NC(=O)N([C@@H](Cc3ccccc3)C(=O)NS(=O)(=O)c3ccccc3)C2=O)cc1,Ki, 19000,nM,50433253,,,False
CN(C)CCCC(O)(c1ccccc1)c1cccc(OCc2cccc(c2)-c2ccc(cc2)C(O)=O)c1,Ki, 20000,nM,50605240,,,False
OC(=O)[C@@H](Cc1ccccc1)Nc1ncnc2sc(c(-c3cccc(O)c3)c12)-c1ccccc1,Ki, 21000,nM,51270991,,,False
OC(=O)[C@H](Cc1ccccc1)N1C(=S)S\C(=C/c2ccc(OCCOCCOCCOc3ccc(\C=C4/SC(=S)N([C@@H](Cc5ccccc5)C(O)=O)C4=O)cc3)cc2)C1=O,Ki, 21200,nM,50856165,,,False
CC(C)C[C@H](N1C(=S)S\C(=C(\C)c2ccccc2)C1=O)C(O)=O,Ki, 21200,nM,50847240,,,False
CON(C)C(=O)[C@H]1CC2=C(CCCC2(C)C)C[C@@H]1c1ccccc1,Ki,>23000,nM,51337679,,,False
CC1(C)CCCC2=C1C[C@H]([C@@H](C2)c1ccccc1)C(O)=O,Ki,>23000,nM,51337678,,,False
CC1(C)CCCC2=C1C[C@@H]([C@H](C2)c1ccccc1)C(O)=O,Ki,>23000,nM,51337677,,,False
CC(C)=CCCC1=CC[C@H]([C@@H](C1)c1ccccc1)C(=O)Nc1ccc(O)cc1,Ki,>23000,nM,51337676,,,False
CC(C)=CCCC1=CC[C@@H]([C@H](C1)c1ccccc1)C(=O)Nc1ccc(O)cc1,Ki,>23000,nM,51337675,,,False
CC(C)=CCCC1=CC[C@@H]([C@H](C1)c1ccccc1)C(=O)Nc1ccc(cc1)C(O)=O,Ki,>23000,nM,51337673,,,False
CC(C)=CCCC1=CC[C@H]([C@@H](C1)c1ccccc1)C(=O)NCCC(O)=O,Ki,>23000,nM,51337672,,,False
CC(C)=CCCC1=CC[C@@H]([C@H](C1)c1ccccc1)C(=O)NCCC(O)=O,Ki,>23000,nM,51337671,,,False
CC1=C[C@@H](\C=C(/Cl)c2ccc(cc2)C(O)=O)[C@@]2(C=C[C@@H](CCn3cc(nn3)-c3cccnc3)C[C@@H]2C1)C(O)=O,Ki,>23000,nM,51033603,,,False
COc1ccc(NC(=O)[C@@H]2CC=C(CCC=C(C)C)C[C@H]2c2ccccc2)cc1,Ki,>23000,nM,51337670,,,False
COc1ccc(NC(=O)[C@H]2CC=C(CCC=C(C)C)C[C@@H]2c2ccccc2)cc1,Ki,>23000,nM,51337669,,,False
COC(=O)c1ccc(NC(=O)[C@@H]2CC=C(CCC=C(C)C)C[C@H]2c2ccccc2)cc1,Ki,>23000,nM,51337668,,,False
COC(=O)c1ccc(NC(=O)[C@H]2CC=C(CCC=C(C)C)C[C@@H]2c2ccccc2)cc1,Ki,>23000,nM,51337667,,,False
COC(=O)CCNC(=O)[C@@H]1CC=C(CCC=C(C)C)C[C@H]1c1ccccc1,Ki,>23000,nM,51337666,,,False
COC(=O)c1ccc(cc1)C(\Cl)=C\[C@@H]1C=C(C)C[C@H]2C[C@H](CC(=O)NCc3cccnc3)C=C[C@@]12C(=O)OC,Ki,>23000,nM,51033861,,,False
CN(C)C(=O)[C@@H]1CC=C(CCC=C(C)C)C[C@H]1c1ccccc1,Ki,>23000,nM,51337664,,,False
CC(=O)OCOC(=O)c1ccc(cc1)C(\Cl)=C\[C@@H]1C=C(C)C[C@H]2C[C@H](CC(=O)NCc3ccc(Cl)cc3)C=C[C@@]12C(=O)OCOC(C)=O,Ki,>23000,nM,51033050,,,False
COC(=O)c1ccc(cc1)C(\Cl)=C\[C@@H]1C=C(C)C[C@H]2C[C@H](CC(=O)NCCc3ccc(Cl)cc3)C=C[C@@]12C(=O)OC,Ki,>23000,nM,51032923,,,False
COC(=O)c1ccc(cc1)C(\Cl)=C\[C@@H]1C=C(C)C[C@H]2C[C@H](CCO)C=C[C@@]12C(=O)OC,Ki,>23000,nM,51032539,,,False
COC(=O)c1ccc(cc1)C(\Cl)=C\[C@@H]1C=C(C)C[C@H]2C[C@H](CC(O)=O)C=C[C@@]12C(=O)OC,Ki,>23000,nM,51032536,,,False
CC1=C[C@@H](\C=C(/Cl)c2ccc(cc2)C(O)=O)[C@@]2(C=C[C@@H](CC(=O)NCc3ccc(Cl)cc3)C[C@@H]2C1)C(O)=O,Ki,>23000,nM,51033053,,,False
COC(=O)[C@@]12C=C[C@@H](CC(=O)Nc3ccc(cc3)N3CCOCC3)C[C@@H]1CC(C)=C[C@H]2\C=C(/Cl)c1ccc(cc1)C(O)=O,Ki,>23000,nM,51033043,,,False
COC(=O)c1ccc(cc1)C(\Cl)=C\[C@@H]1C=C(C)C[C@H]2C[C@H](CC(=O)NCc3ccc(Cl)cc3)C=C[C@@]12C(=O)OC,Ki,>23000,nM,51032659,,,False
COC(=O)c1ccc(cc1)C(\Cl)=C\[C@@H]1C=C(C)C[C@H]2C[C@H](CC(=O)Nc3ccc(Cl)cc3)C=C[C@@]12C(=O)OC,Ki,>23000,nM,51032916,,,False
CC(=O)OCOC(=O)c1ccc(cc1)C(\Cl)=C\[C@@H]1C=C(C)C[C@H]2C[C@H](CCO)C=C[C@@]12C(=O)OCOC(C)=O,Ki,>23000,nM,51033045,,,False
CON(C)C(=O)[C@@H]1CC2=C(CCCC2(C)C)C[C@H]1c1ccccc1,Ki,>23000,nM,51337680,,,False
CC1=C[C@@H](\C=C(/Cl)c2ccc(cc2)C(O)=O)[C@@]2(C=C[C@@H](CCOC(=O)Nc3cccnc3)C[C@@H]2C1)C(O)=O,Ki,>23000,nM,51032552,,,False
COC(=O)c1ccc(cc1)C(\Cl)=C\[C@@H]1C=C(C)C[C@H]2C[C@H](CC(=O)Nc3cccnc3)C=C[C@@]12C(=O)OC,Ki,>23000,nM,51032928,,,False
COC(=O)c1ccc(cc1)C(\Cl)=C\[C@@H]1C=C(C)C[C@H]2C[C@H](CC(=O)N(C)Cc3ccc(Cl)cc3)C=C[C@@]12C(=O)OC,Ki,>23000,nM,51032673,,,False
CC(=O)OCOC(=O)c1ccc(cc1)C(\Cl)=C\[C@@H]1C=C(C)C[C@H]2C[C@H](CCn3cc(nn3)-c3cccnc3)C=C[C@@]12C(=O)OCOC(C)=O,Ki,>23000,nM,51033063,,,False
COC(=O)c1ccc(cc1)C(\Cl)=C\[C@@H]1C=C(C)C[C@H]2C[C@H](CC(=O)Nc3ccc(cc3)N3CCOCC3)C=C[C@@]12C(=O)OC,Ki,>23000,nM,51032932,,,False
CC(=O)OCOC(=O)c1ccc(cc1)C(\Cl)=C\[C@@H]1C=C(C)C[C@H]2C[C@H](CCn3cc(Cc4ccccc4)nn3)C=C[C@@]12C(=O)OCOC(C)=O,Ki,>23000,nM,51033061,,,False
CN(C)C(=O)[C@H]1CC=C(CCC=C(C)C)C[C@@H]1c1ccccc1,Ki,>23000,nM,51337663,,,False
CC(C)=CCCC1=CC[C@H]([C@@H](C1)c1ccccc1)C(N)=O,Ki,>23000,nM,51337662,,,False
CC(C)=CCCC1=CC[C@@H]([C@H](C1)c1ccccc1)C(N)=O,Ki,>23000,nM,51337661,,,False
CON(C)C(=O)[C@@H]1CC=C(CCC=C(C)C)C[C@H]1c1ccccc1,Ki,>23000,nM,51337654,,,False
CC(C)=CCCC1=CC[C@H]([C@@H](C1)c1ccccc1)C(O)=O,Ki,>23000,nM,51337652,,,False
CC(C)=CCCC1=CC[C@@H]([C@H](C1)c1ccccc1)C(O)=O,Ki,>23000,nM,51337651,,,False
OC(=O)CCc1cc(NS(=O)(=O)c2ccc(Br)cc2)c2ccccc2c1O,Ki, 23800,nM,51439211,,,False
OC(=O)CSc1cc(NS(=O)(=O)c2ccc(Br)cc2)c2ccccc2c1O,Ki, 23830,nM,50095209,,,False
OC(=O)CSc1cc(NS(=O)(=O)c2ccccc2-c2ccccc2)c2ccccc2c1O,Ki, 23840,nM,50095217,,,False
CCc1sc2ncnc(N[C@H](Cc3ccccc3)C(O)=O)c2c1-c1cccc(Oc2ccc(F)cc2)c1,Ki, 24000,nM,51271006,,,False
CCc1sc2ncnc(N[C@@H](Cc3ccccc3)C(O)=O)c2c1-c1cccc(Oc2ccc(F)cc2)c1,Ki, 24000,nM,51271035,,,False
CC(C)c1cc(C(=O)Nc2ccccc2)c(O)c(O)c1O,Ki, 24100,nM,50361896,,,False
OC(=O)c1cc(SCCc2ccccc2)ccc1NS(=O)(=O)N1CCN(Cc2ccc(F)cc2)CC1,Ki,>25000,nM,51249724,,,False
COc1c(Cc2ccccc2C(C)C)cc(C(=O)Nc2ccc(cc2)S(=O)(=O)c2ccccc2C(C)(C)C)c(OC)c1OC,Ki, 25000,nM,50361875,,,False
CC(C)(C)c1ccc(CN2CCN(CC2)S(=O)(=O)Nc2ccc(SCCc3ccccc3)cc2C(O)=O)cc1,Ki,>25000,nM,51249699,,,False
CC1(C)CCC(CN2CCN(CC2)c2ccc(C(=O)NS(=O)(=O)c3ccc(NC4CCC(CC4)N(CCC#N)C4CC4)c(c3)[N+]([O-])=O)c(Oc3cnc4[nH]ccc4c3)c2)=C(C1)c1ccc(Cl)cc1,Ki,<0.010,nM,704930,,,False
CC1(C)CCC(CN2CCN(CC2)c2ccc(C(=O)NS(=O)(=O)c3ccc(NCC4CN(CCO4)S(C)(=O)=O)c(c3)[N+]([O-])=O)c(Oc3cnc4[nH]ccc4c3)c2)=C(C1)c1ccc(Cl)cc1,Ki,<0.010,nM,1180090,,,False
C[C@@]1(O)CC[C@H](COc2ncc(cc2Cl)S(=O)(=O)NC(=O)c2ccc(cc2Oc2cnc3[nH]ccc3c2)N2CCN(CC3=C(CC4(CC4)CC3)c3ccc(Cl)cc3)CC2)CC1,Ki,<0.010,nM,704931,,,False
CC1(C)CCC(CN2CCN(CC2)c2ccc(C(=O)NS(=O)(=O)c3ccc(N[C@@H]4CCN(C4)C4CCOCC4)c(c3)[N+]([O-])=O)c(Oc3cnc4[nH]ccc4c3)c2)=C(C1)c1ccc(Cl)cc1,Ki,<0.010,nM,1180091,,,False
CCN(C)C(=O)N1CCOC(CNc2ccc(cc2[N+]([O-])=O)S(=O)(=O)NC(=O)c2ccc(cc2Oc2cnc3[nH]ccc3c2)N2CCN(CC3=C(CC(C)(C)CC3)c3ccc(Cl)cc3)CC2)C1,Ki,<0.010,nM,1180088,,,False
CC1(C)CCC(CN2CCN(CC2)c2ccc(C(=O)NS(=O)(=O)c3ccc(OC[C@H]4CC[C@](C)(O)CC4)c(c3)[N+]([O-])=O)c(Oc3cnc4[nH]ccc4c3)c2)=C(C1)c1ccc(Cl)cc1,Ki,<0.010,nM,704934,,,False
[O-][N+](=O)c1cc(ccc1NCC1CCOCC1)S(=O)(=O)NC(=O)c1ccc(cc1Oc1cnc2[nH]ccc2c1)N1CCN(CC2=C(CCC(F)(F)C2)c2ccc(Cl)cc2)CC1,Ki,<0.010,nM,1180094,,,False
FC1(COc2ncc(cc2Cl)S(=O)(=O)NC(=O)c2ccc(cc2Oc2cnc3[nH]ccc3c2)N2CCN(CC3=C(CC4(CC4)CC3)c3ccc(Cl)cc3)CC2)CCN(CC1)C1COC1,Ki,<0.010,nM,704935,,,False
CC1(C)CCC(CN2CCN(CC2)c2ccc(C(=O)NS(=O)(=O)c3ccc(N[C@H]4CCN(C4)C4CCOCC4)c(c3)[N+]([O-])=O)c(Oc3cnc4[nH]ccc4c3)c2)=C(C1)c1ccc(Cl)cc1,Ki,<0.010,nM,1180095,,,False
CC1(C)CCC(CN2CCN(CC2)c2ccc(C(=O)NS(=O)(=O)c3cnc(OCC4CCc5nccn5C4)c(Cl)c3)c(Oc3cnc4[nH]ccc4c3)c2)=C(C1)c1ccc(Cl)cc1,Ki,<0.010,nM,704932,,,False
CC1(C)CCC(CN2CCN(CC2)c2ccc(C(=O)NS(=O)(=O)c3ccc(NCCCN(C4CC4)C4CCC4)c(c3)[N+]([O-])=O)c(Oc3cnc4[nH]ccc4c3)c2)=C(C1)c1ccc(Cl)cc1,Ki,<0.010,nM,1180092,,,False
C[C@@]1(O)C[C@H]2C[C@@H]1C[C@@H]2COc1ncc(cc1Cl)S(=O)(=O)NC(=O)c1ccc(cc1Oc1cnc2[nH]ccc2c1)N1CCN(CC2=C(CC(C)(C)CC2)c2ccc(Cl)cc2)CC1,Ki,<0.010,nM,704933,,,False
CC1(C)CCC(CN2CCN(CC2)c2ccc(C(=O)NS(=O)(=O)c3ccc(N[C@@H]4CCN(C4)C4CCOC(C)(C)C4)c(c3)[N+]([O-])=O)c(Oc3cnc4[nH]ccc4c3)c2)=C(C1)c1ccc(Cl)cc1,Ki,<0.010,nM,1180093,,,False
CC1(C)CCC(CN2CCN(CC2)c2ccc(C(=O)NS(=O)(=O)c3cnc(NCC4CCOCC4)c(c3)[N+]([O-])=O)c(Oc3cnc4[nH]ccc4c3)c2)=C(C1)c1ccc(Cl)cc1,Ki,<0.010,nM,704954,,,False
CC1(C)CCC(CN2CCN(CC2)c2ccc(C(=O)NS(=O)(=O)c3ccc(NCC4CCC5(COC5)CC4)c(c3)[N+]([O-])=O)c(Oc3cnc4[nH]ccc4c3)c2)=C(C1)c1ccc(Cl)cc1,Ki,<0.010,nM,704955,,,False
CC1(C)CCC(CN2CCN(CC2)c2ccc(C(=O)NS(=O)(=O)c3ccc(NC[C@H]4CCN(C4)C4CCOCC4)c(c3)[N+]([O-])=O)c(Oc3cnc4[nH]ccc4c3)c2)=C(C1)c1ccc(Cl)cc1,Ki,<0.010,nM,1180067,,,False
CC1(C)CCC(CN2CCN(CC2)c2ccc(C(=O)NS(=O)(=O)c3ccc(NC4CN(C4)C4CCOC4)c(c3)[N+]([O-])=O)c(Oc3cnc4[nH]ccc4c3)c2)=C(C1)c1ccc(Cl)cc1,Ki,<0.010,nM,1180065,,,False
CC1(C)CCC(CN2CCN(CC2)c2ccc(C(=O)NS(=O)(=O)c3ccc(OC[C@H]4CC[C@H](O)CC4)c(c3)[N+]([O-])=O)c(Oc3cnc4[nH]ccc4c3)c2)=C(C1)c1ccc(Cl)cc1,Ki,<0.010,nM,1180071,,,False
CC1(C)CCC(CN2CCN(CC2)c2ccc(C(=O)NS(=O)(=O)c3cnc(NCC4CCOCC4)c(c3)[N+]([O-])=O)c(Oc3cnc4[nH]ccc4c3)c2)=C(C1)c1ccc(Cl)cc1,Ki,<0.010,nM,704957,,,False
CC1(C)CCC(=C(CN2CCN(CC2)c2ccc(C(=O)NS(=O)(=O)c3ccc(OCC4(F)CCOCC4)c(c3)[N+]([O-])=O)c(Oc3cnc4[nH]ccc4c3)c2)C1)c1ccc(Cl)cc1,Ki,<0.010,nM,1180069,,,False
CC1(C)CCC(CN2CCN(CC2)c2ccc(C(=O)NS(=O)(=O)c3ccc(NCCCN(C4CC4)C4COC4)c(c3)[N+]([O-])=O)c(Oc3cnc4[nH]ccc4c3)c2)=C(C1)c1ccc(Cl)cc1,Ki,<0.010,nM,1180074,,,False
CC1(C)CCC(CN2CCN(CC2)c2ccc(C(=O)NS(=O)(=O)c3ccc(OCC4(F)CCN(CC4)C4COC4)c(c3)C#N)c(Oc3cnc4[nH]ccc4c3)c2)=C(C1)c1ccc(Cl)cc1,Ki,<0.010,nM,704947,,,False
CC1(C)CCC(CN2CCN(CC2)c2ccc(C(=O)NS(=O)(=O)c3ccc(N[C@@H]4CC[C@@H](CC4)NC4CC4)c(c3)[N+]([O-])=O)c(Oc3cnc4[nH]ccc4c3)c2)=C(C1)c1ccc(Cl)cc1,Ki,<0.010,nM,1180075,,,False
CC1(C)CCC(CN2CCN(CC2)c2ccc(C(=O)NS(=O)(=O)c3ccc(OCC4CN(CCO4)C4CC4)c(c3)[N+]([O-])=O)c(Oc3cnc4[nH]ccc4c3)c2)=C(C1)c1ccc(Cl)cc1,Ki, 0.010,nM,704944,,,False
CO[C@@H]1CC[C@H](COc2ccc(cc2[N+]([O-])=O)S(=O)(=O)NC(=O)c2ccc(cc2Oc2cnc3[nH]ccc3c2)N2CCN(CC3=C(CC(C)(C)CC3)c3ccc(Cl)cc3)CC2)CC1,Ki,<0.010,nM,1180073,,,False
COCC1(C)CCC(=C(CN2CCN(CC2)c2ccc(C(=O)NS(=O)(=O)c3ccc(NCC4CCOCC4)c(c3)[N+]([O-])=O)c(Oc3cnc4[nH]ccc4c3)c2)C1)c1ccc(Cl)cc1,Ki,<0.010,nM,704950,,,False
CC1(C)CCC(CN2CCN(CC2)c2ccc(C(=O)NS(=O)(=O)c3ccc(NC[C@H]4CN(CCO4)C4COC4)c(c3)[N+]([O-])=O)c(Oc3cnc4[nH]ccc4c3)c2)=C(C1)c1ccc(Cl)cc1,Ki,<0.010,nM,704951,,,False
CC1(C)CCC(CN2CCN(CC2)c2ccc(C(=O)NS(=O)(=O)c3cnc(O[C@H]4CC[C@@H](CC4)N4CCOCC4)c(Br)c3)c(Oc3cnc4[nH]ccc4c3)c2)=C(C1)c1ccc(Cl)cc1,Ki,<0.010,nM,1180079,,,False
CC[C@@]1(O)CC[C@H](CNc2ccc(cc2[N+]([O-])=O)S(=O)(=O)NC(=O)c2ccc(cc2Oc2cnc3[nH]ccc3c2)N2CCN(CC3=C(CC(C)(C)CC3)c3ccc(Cl)cc3)CC2)CC1,Ki,<0.010,nM,704948,,,False
CN1CCC[C@H]1C(=O)N1CCC(COc2ccc(cc2Cl)S(=O)(=O)NC(=O)c2ccc(cc2Oc2cnc3[nH]ccc3c2)N2CCN(CC3=C(CC(C)(C)CC3)c3ccc(Cl)cc3)CC2)CC1,Ki,<0.010,nM,1180076,,,False
CC[C@]1(O)CC[C@H](CNc2ccc(cc2[N+]([O-])=O)S(=O)(=O)NC(=O)c2ccc(cc2Oc2cnc3[nH]ccc3c2)N2CCN(CC3=C(CC(C)(C)CC3)c3ccc(Cl)cc3)CC2)CC1,Ki,<0.010,nM,704949,,,False
CC1(C)CCC(CN2CCN(CC2)c2ccc(C(=O)NS(=O)(=O)c3ccc(N[C@H]4CC[C@@H](CC4)NC4CCOCC4)c(c3)[N+]([O-])=O)c(Oc3cnc4[nH]ccc4c3)c2)=C(C1)c1ccc(Cl)cc1,Ki,<0.010,nM,1180077,,,False
[O-][N+](=O)c1cc(ccc1NCC1CN(CCO1)C1CC1)S(=O)(=O)NC(=O)c1ccc(cc1Oc1cnc2[nH]ccc2c1)N1CCN(CC2=C(CC3(CC3)CC2)c2ccc(Cl)cc2)CC1,Ki,<0.010,nM,1180112,,,False
CC1(C)CCC(CN2CCN(CC2)c2ccc(C(=O)NS(=O)(=O)c3ccc(NC4CCN(CC4)C4CCOC(C)(C)C4)c(c3)[N+]([O-])=O)c(Oc3cnc4[nH]ccc4c3)c2)=C(C1)c1ccc(Cl)cc1,Ki,<0.010,nM,1180113,,,False
CC1(C)CCC(CN2CCN(CC2)c2ccc(C(=O)NS(=O)(=O)c3ccc(N[C@@H]4CCN(C4)C4CC4)c(c3)[N+]([O-])=O)c(Oc3cnc4[nH]ccc4c3)c2)=C(C1)c1ccc(Cl)cc1,Ki,<0.010,nM,1180119,,,False
CC1(C)CCC(CN2CCN(CC2)c2ccc(C(=O)NS(=O)(=O)c3ccc(NC4CCN(CC4)C4CCOC4)c(c3)[N+]([O-])=O)c(Oc3cnc4[nH]ccc4c3)c2)=C(C1)c1ccc(Cl)cc1,Ki,<0.010,nM,1180117,,,False
CC(C)(CO)CNc1ccc(cc1[N+]([O-])=O)S(=O)(=O)NC(=O)c1ccc(cc1Oc1cnc2[nH]ccc2c1)N1CCN(CC2=C(CC(C)(C)CC2)c2ccc(Cl)cc2)CC1,Ki,<0.010,nM,1180123,,,False
CC1(C)CCC(CN2CCN(CC2)c2ccc(C(=O)NS(=O)(=O)c3ccc(NC[C@@H]4CCN(C4)C4CCOCC4)c(c3)[N+]([O-])=O)c(Oc3cnc4[nH]ccc4c3)c2)=C(C1)c1ccc(Cl)cc1,Ki,<0.010,nM,1180121,,,False
CC1(C)CCC(CN2CCN(CC2)c2ccc(C(=O)NS(=O)(=O)c3ccc(NCC4CCC(C)(O)CC4)c(c3)[N+]([O-])=O)c(Oc3cnc4[nH]ccc4c3)c2)=C(C1)c1ccc(Cl)cc1,Ki,<0.010,nM,1180126,,,False
CC(=O)N1CCCC(CNc2ccc(cc2[N+]([O-])=O)S(=O)(=O)NC(=O)c2ccc(cc2Oc2cnc3[nH]ccc3c2)N2CCN(CC3=C(CC(C)(C)CC3)c3ccc(Cl)cc3)CC2)C1,Ki,<0.010,nM,1180127,,,False
CC1(C)CCC(CN2CCN(CC2)c2ccc(C(=O)NS(=O)(=O)c3ccc(NCC4CCCN(C4)S(C)(=O)=O)c(c3)[N+]([O-])=O)c(Oc3cnc4[nH]ccc4c3)c2)=C(C1)c1ccc(Cl)cc1,Ki,<0.010,nM,1180125,,,False
CN1CCOC(CNc2ccc(cc2[N+]([O-])=O)S(=O)(=O)NC(=O)c2ccc(cc2Oc2cnc3[nH]ccc3c2)N2CCN(CC3=C(CC(C)(C)CC3)c3ccc(Cl)cc3)CC2)C1,Ki,<0.010,nM,1180099,,,False
CC1(C)CCC(CN2CCN(CC2)c2ccc(C(=O)NS(=O)(=O)c3ccc(OCC4(F)CCN(CC4)C4COC4)c(Cl)c3)c(Oc3cnc4[nH]ccc4c3)c2)=C(C1)c1ccc(Cl)cc1,Ki,<0.010,nM,1180096,,,False
CC1(C)CCC(CN2CCN(CC2)c2ccc(C(=O)NS(=O)(=O)c3ccc(N[C@H]4CCN(C4)C4CCOC(C)(C)C4)c(c3)[N+]([O-])=O)c(Oc3cnc4[nH]ccc4c3)c2)=C(C1)c1ccc(Cl)cc1,Ki,<0.010,nM,1180097,,,False
FC1(COc2ccc(cc2Cl)S(=O)(=O)NC(=O)c2ccc(cc2Oc2cnc3[nH]ccc3c2)N2CCN(CC3=C(CCC4(CCN(CC4)C4COC4)C3)c3ccc(Cl)cc3)CC2)CCOCC1,Ki,<0.010,nM,1180102,,,False
CC(=O)N1CCOC(CNc2ccc(cc2[N+]([O-])=O)S(=O)(=O)NC(=O)c2ccc(cc2Oc2cnc3[nH]ccc3c2)N2CCN(CC3=C(CC(C)(C)CC3)c3ccc(Cl)cc3)CC2)C1,Ki,<0.010,nM,1180103,,,False
O[C@H]1CC[C@H](CNc2ccc(cc2[N+]([O-])=O)S(=O)(=O)NC(=O)c2ccc(cc2Oc2cnc3[nH]ccc3c2)N2CCN(CC3=C(CCC(F)(F)C3)c3ccc(Cl)cc3)CC2)CC1,Ki,<0.010,nM,1180100,,,False
COCCN1CCOC(CNc2ccc(cc2[N+]([O-])=O)S(=O)(=O)NC(=O)c2ccc(cc2Oc2cnc3[nH]ccc3c2)N2CCN(CC3=C(CC(C)(C)CC3)c3ccc(Cl)cc3)CC2)C1,Ki,<0.010,nM,1180101,,,False
CC1(C)CCC(CN2CCN(CC2)c2ccc(C(=O)NS(=O)(=O)c3ccc(NC[C@H]4CN(CCO4)C4CC4)c(c3)[N+]([O-])=O)c(Oc3cnc4[nH]ccc4c3)c2)=C(C1)c1ccc(Cl)cc1,Ki,<0.010,nM,1180106,,,False
CC1(C)CCC(CN2CCN(CC2)c2ccc(C(=O)NS(=O)(=O)c3ccc(NCC4(F)CCOCC4)c(c3)[N+]([O-])=O)c(Oc3cnc4[nH]ccc4c3)c2)=C(C1)c1ccc(Cl)cc1,Ki,<0.010,nM,1180107,,,False
OC(=O)c1cc(SCCc2ccccc2)ccc1NS(=O)(=O)c1ccccc1,Ki,>25000,nM,51249697,,,False
CCc1sc2ncnc(N[C@H](C)C(O)=O)c2c1-c1ccc2[nH]ccc2c1,Ki, 28000,nM,51270992,,,False
CCc1sc2ncnc(N[C@H](Cc3ccccc3)C(O)=O)c2c1-c1cccc(Cl)c1C,Ki, 29000,nM,51271018,,,False
CC(C)c1cc(C(=O)Nc2ccccc2)c(O)c(O)c1O,Ki, 31900,nM,50379658,,,False
CN(C)c1ccc(cc1)-c1cc(O)cc(c1)N1N=C(C)\C(=N\Nc2ccc3ccccc3c2)C1=O,Ki, 33900,nM,50322184,,,False
CCc1sc2ncnc(O[C@H](Cc3ccccc3)C(O)=O)c2c1-c1cccc(Cl)c1C,Ki, 36000,nM,51271007,,,False
CC(C)C(N1C(=S)S\C(=C\c2ccc(Br)cc2)C1=O)C(O)=O,Ki, 43400,nM,50847234,,,False
C[C@@H](Nc1ncnc2sc(c(-c3cccc(O)c3)c12)-c1ccccc1)C(O)=O,Ki, 49000,nM,51270947,,,False
Cc1cccc(c1)-c1ccc(C[C@@H]2NC(=O)N([C@@H](Cc3ccccc3)C(=O)NS(=O)(=O)c3ccccc3)C2=O)cc1,Ki,>50000,nM,50433249,,,False
Cc1ccc(cc1)S(=O)(=O)NC(=O)[C@H](Cc1ccccc1)N1C(=O)N[C@@H](Cc2ccc(cc2)-c2ccc(Cl)cc2)C1=O,Ki,>50000,nM,50433252,,,False
OC(=O)[C@H](Cc1ccccc1)N1C(=O)N[C@@H](Cc2ccccc2)C1=O,Ki,>50000,nM,50433095,,,False
Brc1ccc(C[C@@H]2NC(=O)N([C@@H](Cc3ccccc3)C(=O)NS(=O)(=O)c3ccccc3)C2=O)cc1,Ki,>50000,nM,50433255,,,False
[O-][N+](=O)c1cc(ccc1Cl)S(=O)(=O)NC(=O)[C@H](Cc1ccccc1)N1C(=O)N[C@@H](Cc2ccc(Br)cc2)C1=O,Ki,>50000,nM,50433254,,,False
OC(=O)[C@H](Cc1ccccc1)N1C(=O)N[C@@H](Cc2ccc(cc2)-c2ccc(Cl)cc2)C1=O,Ki,>50000,nM,50433097,,,False
O=C(NS(=O)(=O)c1ccccc1)[C@H](Cc1ccccc1)N1C(=O)N[C@@H](Cc2ccccc2)C1=O,Ki,>50000,nM,50433257,,,False
OC(=O)[C@H](Cc1ccccc1)N1C(=O)N[C@@H](Cc2ccc(Br)cc2)C1=O,Ki,>50000,nM,50433096,,,False
[O-][N+](=O)c1cc(ccc1Cl)S(=O)(=O)NC(=O)[C@H](Cc1ccccc1)N1C(=O)N[C@@H](Cc2ccccc2)C1=O,Ki,>50000,nM,50433256,,,False
Cc1cccc(c1)-c1ccc(C[C@@H]2NC(=O)N([C@@H](Cc3ccccc3)C(O)=O)C2=O)cc1,Ki,>50000,nM,50433098,,,False
OC(=O)[C@H](Cc1ccccc1)N1C(=O)N[C@@H](Cc2ccc(cc2)-c2ccnc(F)c2)C1=O,Ki,>50000,nM,50433258,,,False
[O-][N+](=O)c1cc(ccc1Cl)S(=O)(=O)NC(=O)[C@H](Cc1ccccc1)N1C(=O)N[C@@H](Cc2ccc(cc2)-c2ccnc(F)c2)C1=O,Ki,>50000,nM,50433105,,,False
Cc1ccc(cc1)S(=O)(=O)NC(=O)[C@H](Cc1ccccc1)N1C(=O)N[C@@H](Cc2ccc(cc2)-c2ccnc(F)c2)C1=O,Ki,>50000,nM,50433104,,,False
CC(C)[C@H](NC(=O)[C@H](Cc1ccccc1)N1C(=O)N[C@@H](Cc2ccc(cc2)-c2ccc(Cl)cc2)C1=O)C(O)=O,Ki,>50000,nM,50433107,,,False
COC(=O)[C@@H](NC(=O)[C@H](Cc1ccccc1)N1C(=O)N[C@@H](Cc2ccc(cc2)-c2ccc(Cl)cc2)C1=O)C(C)C,Ki,>50000,nM,50433106,,,False
Oc1ccc(NC(=O)[C@H](Cc2ccccc2)N2C(=O)N[C@@H](Cc3ccc(cc3)-c3ccc(Cl)cc3)C2=O)cc1,Ki,>50000,nM,50433109,,,False
CC(=O)Oc1ccc(NC(=O)[C@H](Cc2ccccc2)N2C(=O)N[C@@H](Cc3ccc(cc3)-c3ccc(Cl)cc3)C2=O)cc1,Ki,>50000,nM,50433108,,,False
OC(=O)[C@H](Cc1ccccc1)NC(=O)[C@H](Cc1ccccc1)N1C(=O)N[C@@H](Cc2ccc(cc2)-c2ccc(Cl)cc2)C1=O,Ki,>50000,nM,50433111,,,False
COC(=O)[C@H](Cc1ccccc1)NC(=O)[C@H](Cc1ccccc1)N1C(=O)N[C@@H](Cc2ccc(cc2)-c2ccc(Cl)cc2)C1=O,Ki,>50000,nM,50433110,,,False
Fc1cc(ccn1)-c1ccc(C[C@@H]2NC(=O)N([C@@H](Cc3ccccc3)C(=O)NS(=O)(=O)c3ccccc3)C2=O)cc1,Ki,>50000,nM,50433113,,,False
CCc1sc2nc(nc(N[C@H](C)C(O)=O)c2c1-c1cccc(Oc2ccc(F)cc2)c1)S(C)(=O)=O,Ki, 51000,nM,51270944,,,False
OC(=O)CSc1cc(NS(=O)(=O)c2cccs2)c2ccccc2c1O,Ki, 54650,nM,50095207,,,False
CC(C)C[C@H](N1C(=S)SC(=C(c2ccccc2)c2ccccc2)C1=O)C(O)=O,Ki, 57800,nM,50847236,,,False
CSCC[C@H](N1C(=S)S\C(=C/c2ccc(Br)cc2)C1=O)C(O)=O,Ki, 69600,nM,50847254,,,False
C[C@H](N1C(=S)S\C(=C/c2ccc(Br)cc2)C1=O)C(=O)N1CCOCC1,Ki, 70000,nM,50847253,,,False
CCc1sc2ncnc(N[C@@H](C)C(O)=O)c2c1CC,Ki, 74000,nM,51271010,,,False
CCN1CCN(CC1)c1cc(ccc1[N+]([O-])=O)S(=O)(=O)NC(=O)c1nn(Cc2ccc(Oc3cc(C)c(Cl)c(C)c3)cc2)c2ccc(Cl)cc12,Ki, 74253,nM,1319469,,,False
CN1CCN(CCCNC(=O)c2c(c(cn2CC[C@H](O)CO)-c2ccc(Cl)cc2)-c2ccccc2)CC1,Ki, 78000,nM,50947921,,,False
CN(C)CCCC(O)(c1ccccc1)c1ccc(OCc2ccc(cc2)-c2ccc(cc2)C(O)=O)cc1,Ki, 83000,nM,50605247,,,False
CCc1sc2ncnc(N[C@@H](C)C(O)=O)c2c1-c1cccc(Oc2ccc(F)cc2)c1,Ki, 98000,nM,51270985,,,False
OC1Cc2c(O)cc(O)cc2OC1c1ccc(O)c(O)c1,Ki,>100000,nM,51186109,,,False
CCOc1ccccc1N\N=C1\C(C)=NN(C1=O)c1cc(O)cc(c1)-c1ccccc1,Ki,>100000,nM,50322190,,,False
CCOc1ccccc1N\N=C1\C(C)=NN(C1=O)c1cc(O)cc(c1)-c1ccncc1,Ki,>100000,nM,50322189,,,False
CCOc1ccccc1N\N=C1\C(C)=NN(C1=O)c1cc(O)cc(c1)-c1cccs1,Ki,>100000,nM,50322188,,,False
CCOc1ccccc1N\N=C1\C(C)=NN(C1=O)c1cc(O)cc(c1)-c1cccc(N)c1,Ki,>100000,nM,50322187,,,False
O[C@@H]1Cc2c(O)cc(O)cc2O[C@@H]1c1cc(O)c(O)c(O)c1,Ki,>100000,nM,51186120,,,False
O[C@@H]1Cc2c(O)cc(O)cc2O[C@@H]1c1ccc(O)c(O)c1,Ki,>100000,nM,51186122,,,False
CCOc1ccccc1C(=O)C(=O)C1C(C)=NN(C1=O)c1nc(cs1)-c1ccccc1,Ki,>100000,nM,50322166,,,False
CCOc1ccccc1CC(=O)C1C(C)=NN(C1=O)c1nc(cs1)-c1ccccc1,Ki,>100000,nM,50322165,,,False
O[C@H]1Cc2c(O)cc(O)cc2O[C@@H]1c1cc(O)c(O)c(O)c1,Ki,>100000,nM,51186129,,,False
CCOC(=O)C(C#N)C1C(C(=O)OCC)C(=N)Oc2ccc(cc12)-c1ccccc1,Ki, 112000,nM,50368581,,,False
C[C@H](N1C(=S)S\C(=C/c2ccc(Br)cc2)C1=O)C(O)=O,Ki, 115000,nM,50847249,,,False
CCCC[C@@H]1[C@@H](OC(=O)CC(C)C)[C@H](C)OC(=O)[C@@H](NC(=O)c2cccc(NC=O)c2O)[C@@H](C)OC1=O,Ki, 124000,nM,50847231,,,False
CCCc1ccc2OC(=N)C(C(C(C#N)C(=O)OCC)c2c1)C(=O)OCC,Ki, 128000,nM,50368566,,,False
CCOC(=O)C(C#N)C1C(C(=O)OCC)C(=N)Oc2ccc(cc12)C1CCCC1,Ki, 128000,nM,50368584,,,False
CN(C)CC[C@H](CSc1ccccc1)Nc1ccc(cc1[N+]([O-])=O)S(=O)(=O)Nc1ccc(cc1)N1CCNCC1,Ki, 138000,nM,50947952,,,False
Brc1ccc(\C=C2/SC(=S)N([C@@H](Cc3ccccc3)C(=O)OCCOCCOCCOC(=O)[C@H](Cc3ccccc3)N3C(=S)S\C(=C/c4ccc(Br)cc4)C3=O)C2=O)cc1,Ki, 161000,nM,50856163,,,False
CCSCCCCC(c1ccc(O)cc1)C(C)(CC)c1ccc(O)cc1,Ki, 169000,nM,50140257,,,False
COc1ccc2c(c[n+](C)c3c4cc5OCOc5cc4ccc23)c1OC,Ki, 171000,nM,50847226,,,False
C[C@H](N1C(=S)S\C(=C/c2ccc(Br)cc2)C1=O)C(=O)OCC=C,Ki, 192000,nM,50847252,,,False
CCOC(=O)C(C#N)C1C(C(=O)OCC)C(=N)Oc2ccc(CC)cc12,Ki, 210000,nM,50368564,,,False
CCOC(=O)[C@H](Cc1ccccc1)N1C(=S)S\C(=C/c2ccc(OCOc3ccc(\C=C4/SC(=S)N([C@@H](Cc5ccccc5)C(=O)OCC)C4=O)cc3)cc2)C1=O,Ki, 226000,nM,50856162,,,False
Brc1ccc(\C=C2/SC(=S)N([C@@H](Cc3ccccc3)C(=O)OCCOC(=O)[C@H](Cc3ccccc3)N3C(=S)S\C(=C/c4ccc(Br)cc4)C3=O)C2=O)cc1,Ki, 243000,nM,50856164,,,False
CCOC(=O)C(C#N)C1C(C(=O)OCC)C(=N)Oc2ccc(Br)cc12,Ki, 254000,nM,50847235,,,False
CCOC(=O)[C@H](Cc1ccccc1)N1C(=S)S\C(=C/c2ccc(Br)cc2)C1=O,Ki, 260000,nM,50856161,,,False
C=CCOC(=O)[C@H](Cc1ccccc1)N1C(=S)SC(=C(c2ccccc2)c2ccccc2)C1=O,Ki, 260000,nM,50847245,,,False
CCc1sc2ncnc(N[C@H](C(O)=O)c3ccccc3)c2c1-c1cccc(O)c1,Ki, 269000,nM,51270990,,,False
CCOC(=O)C(C#N)C1C(C(=O)OCC)C(=N)Oc2ccc(C)cc12,Ki, 309000,nM,50368576,,,False
OC(=O)CC[C@H](N1C(=S)S\C(=C/c2ccc(Br)cc2)C1=O)C(O)=O,Ki, 320000,nM,50847255,,,False
CCc1sc2ncnc(N[C@@H](C)C(O)=O)c2c1-c1ccc(SC)cc1,Ki, 359000,nM,51270946,,,False
Fc1cccc(c1)-c1ccc2c(N3CCN(CC3)C(=O)C=C)n(Cc3ccccc3)nc2c1,Ki,>400000,nM,51501273,,,False
CCc1sc2ncnc(N[C@@H](C)C(O)=O)c2c1-c1ccccc1,Ki, 418000,nM,51271003,,,False
CCc1sc2ncnc(N[C@@H](C)C(O)=O)c2c1-c1cccc(c1)C(F)(F)F,Ki, 437000,nM,51271027,,,False
CCc1sc2ncnc(N[C@@H](C(O)=O)c3ccccc3)c2c1-c1cccc(O)c1,Ki, 470000,nM,51271017,,,False
O[C@H]1CCC(=O)c2c(O)cccc12,Ki, 474760,nM,50276877,,,False
CCOC(=O)C(C#N)C1C(C(=O)OCC)C(=N)Oc2ccccc12,Ki, 531000,nM,50368572,,,False
OC(=O)c1sc2cccc(Cl)c2c1Cl,Ki,>1000000,nM,51040794,,,False
Cc1c(oc2c(C)cccc12)C(O)=O,Ki,>1000000,nM,51040792,,,False
Cc1ccc2c(Cl)c(sc2c1)C(O)=O,Ki,>1000000,nM,51040793,,,False
C(Sc1nnc[nH]1)c1cccc2ccccc12,Ki,>1000000,nM,51040787,,,False
Cc1cccc2c(c([nH]c12)C(O)=O)-c1ccccc1,Ki,>1000000,nM,51040790,,,False
Brc1ccc(\C=C2/SC(=S)N([C@@H](Cc3ccccc3)C(=O)OCCOCCOC(=O)[C@H](Cc3ccccc3)N3C(=S)S\C(=C/c4ccc(Br)cc4)C3=O)C2=O)cc1,Ki,>1000000,nM,50856181,,,False
Cc1c(oc2c(C)c(C)ccc12)C(O)=O,Ki,>1000000,nM,51040791,,,False
Cc1cc(OCCC(O)=O)cc(C)c1Cl,Ki,>1000000,nM,51040788,,,False
Brc1ccc(\C=C2/SC(=S)N([C@@H](Cc3ccccc3)C(=O)OCC=C)C2=O)cc1,Ki,>1000000,nM,50847225,,,False
Cc1cc(OCC(O)=O)ccc1Cl,Ki,>1000000,nM,51040789,,,False
CC1(C)CCC(CN2CCN(CC2)c2ccc(C(=O)NS(=O)(=O)c3ccc(NC[C@@H]4CN(CCO4)C4CC4)c(c3)[N+]([O-])=O)c(Oc3cnc4[nH]ccc4c3)c2)=C(C1)c1ccc(Cl)cc1,Ki,<0.010,nM,1180104,,,False
CC1(C)CCC(CN2CCN(CC2)c2ccc(C(=O)NS(=O)(=O)c3ccc(OC[C@@H]4CN(C[C@H]4CF)C4COC4)c(c3)[N+]([O-])=O)c(Oc3cnc4[nH]ccc4c3)c2)=C(C1)c1ccc(Cl)cc1,Ki,<0.010,nM,1180105,,,False
CC1(C)CCC(CN2CCN(CC2)c2ccc(C(=O)NS(=O)(=O)c3ccc(NC4CCN(CC4)C4CCC4)c(c3)[N+]([O-])=O)c(Oc3cnc4[nH]ccc4c3)c2)=C(C1)c1ccc(Cl)cc1,Ki,<0.010,nM,1180111,,,False
[O-][N+](=O)c1cc(ccc1NCC1CCOCC1)S(=O)(=O)NC(=O)c1ccc(cc1Oc1cnc2[nH]ccc2c1)N1CCN(CC2=C(CC3(CC3)CC2)c2ccc(Cl)cc2)CC1,Ki,<0.010,nM,1180108,,,False
CC1(C)CCC(CN2CCN(CC2)c2ccc(C(=O)NS(=O)(=O)c3ccc(NC4CCN(CC4)C4COC4)c(c3)[N+]([O-])=O)c(Oc3cnc4[nH]ccc4c3)c2)=C(C1)c1ccc(Cl)cc1,Ki,<0.010,nM,1180109,,,False
CC1(C)CCC(CN2CCN(CC2)c2ccc(C(=O)NS(=O)(=O)c3ccc(NC[C@H]4CC[C@@H](O)C4)c(c3)[N+]([O-])=O)c(Oc3cnc4[nH]ccc4c3)c2)=C(C1)c1ccc(Cl)cc1,Ki,<0.010,nM,1180147,,,False
CC1(C)CCC(CN2CCN(CC2)c2ccc(C(=O)NS(=O)(=O)c3ccc(NC[C@H]4CC[C@H](O)C4)c(c3)[N+]([O-])=O)c(Oc3cnc4[nH]ccc4c3)c2)=C(C1)c1ccc(Cl)cc1,Ki,<0.010,nM,1180145,,,False
CC1(C)CCC(CN2CCN(CC2)c2ccc(C(=O)NS(=O)(=O)c3ccc(N[C@H]4CCCNC4=O)c(c3)[N+]([O-])=O)c(Oc3cnc4[nH]ccc4c3)c2)=C(C1)c1ccc(Cl)cc1,Ki,<0.010,nM,1180151,,,False
CC1(C)CCC(CN2CCN(CC2)c2ccc(C(=O)NS(=O)(=O)c3ccc(NC[C@@H]4CC[C@H](O)C4)c(c3)[N+]([O-])=O)c(Oc3cnc4[nH]ccc4c3)c2)=C(C1)c1ccc(Cl)cc1,Ki,<0.010,nM,1180149,,,False
CC1(C)CCC(CN2CCN(CC2)c2ccc(C(=O)NS(=O)(=O)c3ccc(OCC4CCC5(COC5)CC4)c(c3)[N+]([O-])=O)c(Oc3cnc4[nH]ccc4c3)c2)=C(C1)c1ccc(Cl)cc1,Ki,<0.010,nM,1180154,,,False
CC1(C)CCC(CN2CCN(CC2)c2ccc(C(=O)NS(=O)(=O)c3ccc(NCC4CN(C4)C4COC4)c(c3)[N+]([O-])=O)c(Oc3cnc4[nH]ccc4c3)c2)=C(C1)c1ccc(Cl)cc1,Ki,<0.010,nM,1180155,,,False
CC1(C)CCC(CN2CCN(CC2)c2ccc(C(=O)NS(=O)(=O)c3cnc(OCC4(F)CCC(O)CC4)c(Cl)c3)c(Oc3cnc4[nH]ccc4c3)c2)=C(C1)c1ccc(Cl)cc1,Ki,<0.010,nM,1180152,,,False
CC1(C)CCC(CN2CCN(CC2)c2ccc(C(=O)NS(=O)(=O)c3ccc(NCC4CN(C4)C(CF)CF)c(c3)[N+]([O-])=O)c(Oc3cnc4[nH]ccc4c3)c2)=C(C1)c1ccc(Cl)cc1,Ki,<0.010,nM,1180153,,,False
[O-][N+](=O)c1cc(ccc1NCC1CCOCC1)S(=O)(=O)NC(=O)c1ccc(cc1Oc1cnc2[nH]ccc2c1)N1CCN(CC2=C(CCC(CF)(CF)C2)c2ccc(Cl)cc2)CC1,Ki,<0.010,nM,1180158,,,False
CC1(C)CCC(CN2CCN(CC2)c2ccc(C(=O)NS(=O)(=O)c3ccc(NCC4CCN(CC4)C4CC4)c(c3)[N+]([O-])=O)c(Oc3cnc4[nH]ccc4c3)c2)=C(C1)c1ccc(Cl)cc1,Ki,<0.010,nM,1180159,,,False
CC1(C)CCC(CN2CCN(CC2)c2ccc(C(=O)NS(=O)(=O)c3ccc(NCC4CCN(CC4)C4COC4)c(c3)[N+]([O-])=O)c(Oc3cnc4[nH]ccc4c3)c2)=C(C1)c1ccc(Cl)cc1,Ki,<0.010,nM,1180157,,,False
CC1(C)CCCC(CN2CCN(CC2)c2ccc(C(=O)NS(=O)(=O)c3ccc(NCC4CCOCC4)c(c3)[N+]([O-])=O)c(Oc3cnc4[nH]ccc4c3)c2)=C1c1ccc(Cl)cc1,Ki,<0.010,nM,1180131,,,False
CC1(C)CCC(CN2CCN(CC2)c2ccc(C(=O)NS(=O)(=O)c3ccc(N[C@@H]4CCN(C4)S(C)(=O)=O)c(c3)[N+]([O-])=O)c(Oc3cnc4[nH]ccc4c3)c2)=C(C1)c1ccc(Cl)cc1,Ki,<0.010,nM,1180129,,,False
CC1(O)CCC(COc2ncc(cc2Cl)S(=O)(=O)NC(=O)c2ccc(cc2Oc2cnc3[nH]ccc3c2)N2CCN(CC3=C(CC4(CC4)CC3)c3ccc(Cl)cc3)CC2)CC1,Ki,<0.010,nM,1180134,,,False
CC1(C)CCC(CN2CCN(CC2)c2ccc(C(=O)NS(=O)(=O)c3ccc(NCC4CCN(C4)S(C)(=O)=O)c(c3)[N+]([O-])=O)c(Oc3cnc4[nH]ccc4c3)c2)=C(C1)c1ccc(Cl)cc1,Ki,<0.010,nM,1180135,,,False
CC1(C)CCC(CN2CCN(CC2)c2ccc(C(=O)NS(=O)(=O)c3ccc(NC4CCC(CC4)N(CCC#N)C4CC4)c(c3)[N+]([O-])=O)c(Oc3cnc4[nH]ccc4c3)c2)=C(C1)c1ccc(Cl)cc1,Ki,<0.010,nM,1180132,,,False
C[C@@]1(O)C[C@H]2C[C@@H]1C[C@@H]2COc1ncc(cc1Cl)S(=O)(=O)NC(=O)c1ccc(cc1Oc1cnc2[nH]ccc2c1)N1CCN(CC2=C(CC(C)(C)CC2)c2ccc(Cl)cc2)CC1,Ki,<0.010,nM,1180138,,,False
CC(=O)N1CC[C@H](C1)Nc1ccc(cc1[N+]([O-])=O)S(=O)(=O)NC(=O)c1ccc(cc1Oc1cnc2[nH]ccc2c1)N1CCN(CC2=C(CC(C)(C)CC2)c2ccc(Cl)cc2)CC1,Ki,<0.010,nM,1180139,,,False
CC1(C)CCC(CN2CCN(CC2)c2ccc(C(=O)NS(=O)(=O)c3cnc(OCC4CCc5nccn5C4)c(Cl)c3)c(Oc3cnc4[nH]ccc4c3)c2)=C(C1)c1ccc(Cl)cc1,Ki,<0.010,nM,1180136,,,False
CC(=O)N1CCC(CNc2ccc(cc2[N+]([O-])=O)S(=O)(=O)NC(=O)c2ccc(cc2Oc2cnc3[nH]ccc3c2)N2CCN(CC3=C(CC(C)(C)CC3)c3ccc(Cl)cc3)CC2)C1,Ki,<0.010,nM,1180137,,,False
FC1(COc2ncc(cc2Cl)S(=O)(=O)NC(=O)c2ccc(cc2Oc2cnc3[nH]ccc3c2)N2CCN(CC3=C(CC4(CC4)CC3)c3ccc(Cl)cc3)CC2)CCN(CC1)C1COC1,Ki,<0.010,nM,1180142,,,False
CC1(C)CCC(CN2CCN(CC2)c2ccc(C(=O)NS(=O)(=O)c3ccc(NC[C@@H]4CC[C@@H](O)C4)c(c3)[N+]([O-])=O)c(Oc3cnc4[nH]ccc4c3)c2)=C(C1)c1ccc(Cl)cc1,Ki,<0.010,nM,1180143,,,False
CC1(C)CCC(CN2CCN(CC2)c2ccc(C(=O)NS(=O)(=O)c3ccc(OCC4CCC(C)(O)CC4)c(c3)[N+]([O-])=O)c(Oc3cnc4[nH]ccc4c3)c2)=C(C1)c1ccc(Cl)cc1,Ki,<0.010,nM,1180140,,,False
COc1ccc(CNc2ccc(cc2[N+]([O-])=O)S(=O)(=O)NC(=O)c2ccc(cc2Oc2cnc3[nH]ccc3c2)N2CCN(CC3=C(CC(C)(C)CC3)c3ccc(Cl)cc3)CC2)cc1,Ki,<0.010,nM,1180179,,,False
CC1(C)CCC(CN2CCN(CC2)c2ccc(C(=O)NS(=O)(=O)c3ccc(OCC4(F)CCN(CC4)C4CC4)c(c3)[N+]([O-])=O)c(Oc3cnc4[nH]ccc4c3)c2)=C(C1)c1ccc(Cl)cc1,Ki,<0.010,nM,1180177,,,False
CC1(C)CCC(CN2CCN(CC2)c2ccc(C(=O)NS(=O)(=O)c3ccc(NCC4CCC5(COC5)CC4)c(c3)[N+]([O-])=O)c(Oc3cnc4[nH]ccc4c3)c2)=C(C1)c1ccc(Cl)cc1,Ki,<0.010,nM,1180182,,,False
CC1(C)CCC(CN2CCN(CC2)c2ccc(C(=O)NS(=O)(=O)c3cnc(NCC4CCOCC4)c(c3)[N+]([O-])=O)c(Oc3cnc4[nH]ccc4c3)c2)=C(C1)c1ccc(Cl)cc1,Ki,<0.010,nM,1180180,,,False
CC(=O)N[C@H]1CC[C@@H](CC1)Nc1ccc(cc1[N+]([O-])=O)S(=O)(=O)NC(=O)c1ccc(cc1Oc1cnc2[nH]ccc2c1)N1CCN(CC2=C(CC(C)(C)CC2)c2ccc(Cl)cc2)CC1,Ki,<0.010,nM,1180187,,,False
CC1(C)CCC(CN2CCN(CC2)c2ccc(C(=O)NS(=O)(=O)c3ccc(NCC4CCOCC4)c(c3)[N+]([O-])=O)c(Oc3cnc4[nH]ccc4c3)c2)=C(C1)c1ccc(Cl)cc1,Ki,<0.010,nM,1180188,,,False
CC1(C)CCC(CN2CCN(CC2)c2ccc(C(=O)NS(=O)(=O)c3ccc(N[C@@H]4CCN(CC(F)F)C4)c(c3)[N+]([O-])=O)c(Oc3cnc4[nH]ccc4c3)c2)=C(C1)c1ccc(Cl)cc1,Ki,<0.010,nM,1180189,,,False
CC1(C)CCC(CN2CCN(CC2)c2ccc(C(=O)NS(=O)(=O)c3ccc(NCC4CN(CC(F)F)CCO4)c(c3)[N+]([O-])=O)c(Oc3cnc4[nH]ccc4c3)c2)=C(C1)c1ccc(Cl)cc1,Ki,<0.010,nM,1180163,,,False
CC1(C)CCC(CN2CCN(CC2)c2ccc(C(=O)NS(=O)(=O)c3ccc(OCC4CN(CCO4)C4CC4)c(c3)[N+]([O-])=O)c(Oc3cnc4[nH]ccc4c3)c2)=C(C1)c1ccc(Cl)cc1,Ki, 0.010,nM,1180160,,,False
CC1(C)CCC(CN2CCN(CC2)c2ccc(C(=O)NS(=O)(=O)c3ccc(NCC4CN(CCF)CCO4)c(c3)[N+]([O-])=O)c(Oc3cnc4[nH]ccc4c3)c2)=C(C1)c1ccc(Cl)cc1,Ki,<0.010,nM,1180161,,,False
CC1(C)CCC(CN2CCN(CC2)c2ccc(C(=O)NS(=O)(=O)c3ccc(OCC4(F)CCN(CC4)C4COC4)c(c3)C#N)c(Oc3cnc4[nH]ccc4c3)c2)=C(C1)c1ccc(Cl)cc1,Ki,<0.010,nM,1180166,,,False
CC1(C)CCC(CN2CCN(CC2)c2ccc(C(=O)NS(=O)(=O)c3ccc(OC[C@@H]4CC(F)(F)CN4C4COC4)c(c3)[N+]([O-])=O)c(Oc3cnc4[nH]ccc4c3)c2)=C(C1)c1ccc(Cl)cc1,Ki,<0.010,nM,1180167,,,False
CC1(C)CCC(CN2CCN(CC2)c2ccc(C(=O)NS(=O)(=O)c3ccc(OCC4(F)CCN(CC4)C4COC4)c(c3)[N+]([O-])=O)c(Oc3cnc4[nH]ccc4c3)c2)=C(C1)c1ccc(Cl)cc1,Ki,<0.010,nM,1180165,,,False
CCC1(O)CCC(CNc2ccc(cc2[N+]([O-])=O)S(=O)(=O)NC(=O)c2ccc(cc2Oc2cnc3[nH]ccc3c2)N2CCN(CC3=C(CC(C)(C)CC3)c3ccc(Cl)cc3)CC2)CC1,Ki,<0.010,nM,1180170,,,False
CCC1(O)CCC(CNc2ccc(cc2[N+]([O-])=O)S(=O)(=O)NC(=O)c2ccc(cc2Oc2cnc3[nH]ccc3c2)N2CCN(CC3=C(CC(C)(C)CC3)c3ccc(Cl)cc3)CC2)CC1,Ki,<0.010,nM,1180168,,,False
CC1(C)CCC(CN2CCN(CC2)c2ccc(C(=O)NS(=O)(=O)c3ccc(NC[C@H]4CN(CCO4)C4COC4)c(c3)[N+]([O-])=O)c(Oc3cnc4[nH]ccc4c3)c2)=C(C1)c1ccc(Cl)cc1,Ki,<0.010,nM,1180174,,,False
CC1(C)CCC(CN2CCN(CC2)c2ccc(C(=O)NS(=O)(=O)c3ccc(NCC4CCN(CC4)C(CF)CF)c(c3)[N+]([O-])=O)c(Oc3cnc4[nH]ccc4c3)c2)=C(C1)c1ccc(Cl)cc1,Ki,<0.010,nM,1180175,,,False
COCC1(C)CCC(=C(CN2CCN(CC2)c2ccc(C(=O)NS(=O)(=O)c3ccc(NCC4CCOCC4)c(c3)[N+]([O-])=O)c(Oc3cnc4[nH]ccc4c3)c2)C1)c1ccc(Cl)cc1,Ki,<0.010,nM,1180172,,,False
CC1(C)CCC(CN2CCN(CC2)c2ccc(C(=O)NS(=O)(=O)c3cccc(c3NCC3COCCN3C3CCOC3)[N+]([O-])=O)c(Oc3cnc4[nH]ccc4c3)c2)=C(C1)c1ccc(Cl)cc1,Ki,<0.010,nM,1180173,,,False
[O-][N+](=O)c1cc(ccc1NCCCN1CCOCC1)S(=O)(=O)NC(=O)c1ccc(cc1Oc1cnc2[nH]ccc2c1)N1CCN(Cc2ccccc2-c2ccc(Cl)cc2)CC1,Ki,<0.010,nM,1372733,,,False
CN1CCC(CC1)Nc1ccc(cc1[N+]([O-])=O)S(=O)(=O)NC(=O)c1ccc(cc1Oc1cnc2[nH]ccc2c1)N1CCN(CC2=C(CC(C)(C)CC2)c2ccc(Cl)cc2)CC1,Ki,<0.010,nM,1372735,,,False
CC1(C)CCC(CN2CCN(CC2)c2ccc(C(=O)NS(=O)(=O)c3ccc(N[C@@H]4CCN(CCF)C4)c(c3)[N+]([O-])=O)c(Oc3ccc4[nH]ccc4n3)c2)=C(C1)c1ccc(Cl)cc1,Ki,<0.010,nM,1180194,,,False
