BindingDB_ID,smiles,value,standard_type,CuratedSmiles,IsSalt,FailedSanit,Neutralized
50154801,NCCc1c[nH]c2ccc(cc12)C(N)=O,0.029,Ki (nM),NCCc1c[nH]c2ccc(C(N)=O)cc12,False,False,False
1423530,NCCc1cc2cc(ccc2[nH]1)C(N)=O,0.03,Ki (nM),NCCc1cc2cc(C(N)=O)ccc2[nH]1,False,False,False
154129,COc1cc2c(cc1OC)nc(nc2N)N3CCN(CC3)C(=O)c4ccco4,0.1,Ki (nM),COc1cc2nc(N3CCN(C(=O)c4ccco4)CC3)nc(N)c2cc1OC,False,False,False
50102327,Fc1ccc(cc1Cl)S(=O)(=O)NCCCCN1CCN(CC1)c1noc2ccccc12,0.1,Ki (nM),O=S(=O)(NCCCCN1CCN(c2noc3ccccc23)CC1)c1ccc(F)c(Cl)c1,False,False,False
178473,NCCc1c[nH]c2ccc(O)cc12,0.1,Ki (nM),NCCc1c[nH]c2ccc(O)cc12,False,False,False
1170878,CCN(CCCN1CCN(CC1)c1noc2cc(F)ccc12)S(=O)(=O)C(C)CO,0.1,Ki (nM),CCN(CCCN1CCN(c2noc3cc(F)ccc23)CC1)S(=O)(=O)C(C)CO,False,False,False
1423532,O=C(CCCCCN1CCN(CC1)c1ccccc1-c1ccccc1)NCc1ccc(cc1)C#N,0.11,Ki (nM),N#Cc1ccc(CNC(=O)CCCCCN2CCN(c3ccccc3-c3ccccc3)CC2)cc1,False,False,False
162651,c1cc2c(cc1C(=O)N)c(c[nH]2)CCN,0.12,Ki (nM),NCCc1c[nH]c2ccc(C(N)=O)cc12,False,False,False
51157928,NCCc1c[nH]c2ccc(cc12)C(N)=O,0.120226,Ki (nM),NCCc1c[nH]c2ccc(C(N)=O)cc12,False,False,False
174131,c1cc2c(cc1C(=O)N)c(c[nH]2)CCN,0.13,Ki (nM),NCCc1c[nH]c2ccc(C(N)=O)cc12,False,False,False
50923260,NCCc1c[nH]c2ccc(O)cc12,0.13,Ki (nM),NCCc1c[nH]c2ccc(O)cc12,False,False,False
178472,NCCc1c[nH]c2ccc(O)cc12,0.13,Ki (nM),NCCc1c[nH]c2ccc(O)cc12,False,False,False
38655,O=C(CCCCCN1CCN(CC1)c1ccccc1-c1ccccc1)NC1CCCc2ccccc12,0.13,Ki (nM),O=C(CCCCCN1CCN(c2ccccc2-c2ccccc2)CC1)NC1CCCc2ccccc21,False,False,False
162649,c1cc2c(cc1C(=O)N)c(c[nH]2)CCN,0.15,Ki (nM),NCCc1c[nH]c2ccc(C(N)=O)cc12,False,False,False
51463191,CN1CCc2c(C1)c1cc(C)ccc1n2CCc1ccccc1,0.153,Ki (nM),Cc1ccc2c(c1)c1c(n2CCc2ccccc2)CCN(C)C1,False,False,False
51064018,CN1CCc2c(C1)c1cc(C)ccc1n2CCc1ccccc1,0.153,Ki (nM),Cc1ccc2c(c1)c1c(n2CCc2ccccc2)CCN(C)C1,False,False,False
170498,c1cc2c(cc1C(=O)N)c(c[nH]2)CCN,0.16,Ki (nM),NCCc1c[nH]c2ccc(C(N)=O)cc12,False,False,False
51463764,Fc1ccccc1S(=O)(=O)N1CCC[C@@H]1CCCN1CCN(CC1)c1ccccn1,0.17,Ki (nM),O=S(=O)(c1ccccc1F)N1CCC[C@@H]1CCCN1CCN(c2ccccn2)CC1,False,False,False
50701698,NCCc1c[nH]c2ccc(O)cc12,0.17,Ki (nM),NCCc1c[nH]c2ccc(O)cc12,False,False,False
1423476,Fc1ccc(cc1)C(=O)C1CCN(CCCCn2c3ccccc3[nH]c2=O)CC1,0.2,Ki (nM),O=C(c1ccc(F)cc1)C1CCN(CCCCn2c(=O)[nH]c3ccccc32)CC1,False,False,False
174129,c1cc2c(cc1C(=O)N)c(c[nH]2)CCN,0.2,Ki (nM),NCCc1c[nH]c2ccc(C(N)=O)cc12,False,False,False
50276119,C[C@H](Nc1ccnc(NCCOc2ccc(F)cc2)c1)c1ccccc1,0.2,Ki (nM),C[C@H](Nc1ccnc(NCCOc2ccc(F)cc2)c1)c1ccccc1,False,False,False
50102389,Cc1c(sc2ccc(F)cc12)S(=O)(=O)NCCCCN1CCC(CC1)c1noc2cc(F)ccc12,0.2,Ki (nM),Cc1c(S(=O)(=O)NCCCCN2CCC(c3noc4cc(F)ccc34)CC2)sc2ccc(F)cc12,False,False,False
174187,c1cc2c(cc1C(=O)N)c(c[nH]2)CCN,0.2,Ki (nM),NCCc1c[nH]c2ccc(C(N)=O)cc12,False,False,False
50290814,CSc1ccccc1N1CCN(CCCCCC(=O)NC2CCCc3ccccc23)CC1,0.22,Ki (nM),CSc1ccccc1N1CCN(CCCCCC(=O)NC2CCCc3ccccc32)CC1,False,False,False
51463762,Fc1ccccc1S(=O)(=O)N1CCC[C@@H]1CCCN1CCN(CC1)c1ccc(Cl)cc1,0.22,Ki (nM),O=S(=O)(c1ccccc1F)N1CCC[C@@H]1CCCN1CCN(c2ccc(Cl)cc2)CC1,False,False,False
50081679,CSc1ccccc1N1CCN(CCCCCC(=O)NC2CCCc3ccccc23)CC1,0.22,Ki (nM),CSc1ccccc1N1CCN(CCCCCC(=O)NC2CCCc3ccccc32)CC1,False,False,False
50289673,CSc1ccccc1N1CCN(CCCCCC(=O)NC2CCCc3ccccc23)CC1,0.22,Ki (nM),CSc1ccccc1N1CCN(CCCCCC(=O)NC2CCCc3ccccc32)CC1,False,False,False
51060428,CSc1ccccc1N1CCN(CCCCCC(=O)NC2CCCc3ccccc23)CC1,0.22,Ki (nM),CSc1ccccc1N1CCN(CCCCCC(=O)NC2CCCc3ccccc32)CC1,False,False,False
50473241,CSc1ccccc1N1CCN(CCCCCC(=O)NC2CCCc3ccccc23)CC1,0.22,Ki (nM),CSc1ccccc1N1CCN(CCCCCC(=O)NC2CCCc3ccccc32)CC1,False,False,False
160238,c1cc2c(cc1C(=O)N)c(c[nH]2)CCN,0.22,Ki (nM),NCCc1c[nH]c2ccc(C(N)=O)cc12,False,False,False
50310689,CSc1ccccc1N1CCN(CCCCCC(=O)NC2CCCc3ccccc23)CC1,0.22,Ki (nM),CSc1ccccc1N1CCN(CCCCCC(=O)NC2CCCc3ccccc32)CC1,False,False,False
38639,CSc1ccccc1N1CCN(CCCCCC(=O)NC2CCCc3ccccc23)CC1,0.22,Ki (nM),CSc1ccccc1N1CCN(CCCCCC(=O)NC2CCCc3ccccc32)CC1,False,False,False
160240,NCCc1c[nH]c2ccc(O)cc12,0.25,Ki (nM),NCCc1c[nH]c2ccc(O)cc12,False,False,False
174133,NCCc1c[nH]c2ccc(O)cc12,0.25,Ki (nM),NCCc1c[nH]c2ccc(O)cc12,False,False,False
178475,COc1ccc2c(c1)c(c[nH]2)CCN,0.25,Ki (nM),COc1ccc2[nH]cc(CCN)c2c1,False,False,False
51157918,CN(C)[C@H]1CCc2c(C1)cccc2-c1cccc2ccccc12,0.251189,Ki (nM),CN(C)[C@H]1CCc2c(cccc2-c2cccc3ccccc23)C1,False,False,False
51133680,Fc1ccc2[nH]cc(CCN3CCN(CC3)c3ccccc3-c3ccccc3)c2c1,0.26,Ki (nM),Fc1ccc2[nH]cc(CCN3CCN(c4ccccc4-c4ccccc4)CC3)c2c1,False,False,False
50276127,C[C@H](Nc1ccnc(NCCc2ccccc2)c1)c1ccccc1,0.3,Ki (nM),C[C@H](Nc1ccnc(NCCc2ccccc2)c1)c1ccccc1,False,False,False
50963770,NCCc1c[nH]c2ccc(cc12)C(N)=O,0.3,Ki (nM),NCCc1c[nH]c2ccc(C(N)=O)cc12,False,False,False
50276146,C[C@H](Nc1ccnc(NCCOc2ccc(F)cc2)n1)c1ccccc1,0.3,Ki (nM),C[C@H](Nc1ccnc(NCCOc2ccc(F)cc2)n1)c1ccccc1,False,False,False
50958852,CC(C)c1ccccc1OCCN1CCC(CC1)NS(=O)(=O)c1ccc(F)cc1,0.3,Ki (nM),CC(C)c1ccccc1OCCN1CCC(NS(=O)(=O)c2ccc(F)cc2)CC1,False,False,False
50551628,CCCN(CCC)[C@H]1CCc2c(C1)cccc2-c1cccc2ccccc12,0.3,Ki (nM),CCCN(CCC)[C@H]1CCc2c(cccc2-c2cccc3ccccc23)C1,False,False,False
50985013,COc1ccc(cc1N1CCNCC1)S(=O)(=O)N1CCc2ccc(I)cc12,0.316228,Ki (nM),COc1ccc(S(=O)(=O)N2CCc3ccc(I)cc32)cc1N1CCNCC1,False,False,False
51463763,Fc1ccc(cc1)S(=O)(=O)N1CCC[C@@H]1CCCN1CCN(CC1)c1ccc(Cl)cc1,0.32,Ki (nM),O=S(=O)(c1ccc(F)cc1)N1CCC[C@@H]1CCCN1CCN(c2ccc(Cl)cc2)CC1,False,False,False
170497,c1cc2c(cc1C(=O)N)c(c[nH]2)CCN,0.33,Ki (nM),NCCc1c[nH]c2ccc(C(N)=O)cc12,False,False,False
162645,c1cc2c(cc1C(=O)N)c(c[nH]2)CCN,0.33,Ki (nM),NCCc1c[nH]c2ccc(C(N)=O)cc12,False,False,False
51418992,CC1CCN(CC[C@H]2CCCN2S(=O)(=O)c2cccc(O)c2)CC1,0.338844,Ki (nM),CC1CCN(CC[C@H]2CCCN2S(=O)(=O)c2cccc(O)c2)CC1,False,False,False
50468120,CC1CCN(CC[C@H]2CCCN2S(=O)(=O)c2cccc(O)c2)CC1,0.338844,Ki (nM),CC1CCN(CC[C@H]2CCCN2S(=O)(=O)c2cccc(O)c2)CC1,False,False,False
50854591,COc1cc(Cl)c(C)c2C(C)NC(N)=Nc12,2.5,Ki (nM),COc1cc(Cl)c(C)c2c1N=C(N)NC2C,False,False,False
1170716,CCN(CCN1CCC(CC1)c1noc2cc(F)ccc12)C(=O)[C@@H](C)O,2.5,Ki (nM),CCN(CCN1CCC(c2noc3cc(F)ccc23)CC1)C(=O)[C@@H](C)O,False,False,False
160286,CN1CCN(CC1)C1Cc2ccccc2Sc2ccc(Cl)cc12,2.51,Ki (nM),CN1CCN(C2Cc3ccccc3Sc3ccc(Cl)cc32)CC1,False,False,False
50276413,COc1cccc(OC)c1-c1cccc2C[C@H](CCc12)N(C)C,2.55,Ki (nM),COc1cccc(OC)c1-c1cccc2c1CC[C@H](N(C)C)C2,False,False,False
50866737,CCC1(CCCCN2CCN(CC2)c2cccc(OC)c2)C(=O)Nc2ccccc12,2.55,Ki (nM),CCC1(CCCCN2CCN(c3cccc(OC)c3)CC2)C(=O)Nc2ccccc21,False,False,False
50551640,COc1cccc(OC)c1-c1cccc2C[C@H](COc12)N(C)C,2.55,Ki (nM),COc1cccc(OC)c1-c1cccc2c1OC[C@H](N(C)C)C2,False,False,False
50276402,COc1cccc(OC)c1-c1cccc2C[C@H](CCc12)N(C)C,2.55,Ki (nM),COc1cccc(OC)c1-c1cccc2c1CC[C@H](N(C)C)C2,False,False,False
51463761,COc1ccccc1N1CCN(CCC[C@H]2CCCN2S(=O)(=O)c2ccc(F)cc2)CC1,2.6,Ki (nM),COc1ccccc1N1CCN(CCC[C@H]2CCCN2S(=O)(=O)c2ccc(F)cc2)CC1,False,False,False
1170800,CC[C@@H](O)C(=O)N(CC)CCN1CCC(CC1)c1noc2cc(F)ccc12,2.6,Ki (nM),CC[C@@H](O)C(=O)N(CC)CCN1CCC(c2noc3cc(F)ccc23)CC1,False,False,False
51133662,Fc1cccc(c1)-c1ccc(F)cc1N1CCN(CCCc2c[nH]c3ccc(F)cc23)CC1,2.6,Ki (nM),Fc1cccc(-c2ccc(F)cc2N2CCN(CCCc3c[nH]c4ccc(F)cc34)CC2)c1,False,False,False
51249177,COc1ccc(cc1)-c1ccccc1N1CCNCC1,2.6,Ki (nM),COc1ccc(-c2ccccc2N2CCNCC2)cc1,False,False,False
50102341,Cc1c(sc2ccc(F)cc12)S(=O)(=O)NCCCCN1CCN(CC1)c1noc2ccccc12,2.6,Ki (nM),Cc1c(S(=O)(=O)NCCCCN2CCN(c3noc4ccccc34)CC2)sc2ccc(F)cc12,False,False,False
51463771,COc1cccc(c1)N1CCN(CCCCC2C(=O)Nc3ccccc23)CC1,2.6,Ki (nM),COc1cccc(N2CCN(CCCCC3C(=O)Nc4ccccc43)CC2)c1,False,False,False
1170875,CCN(CCCN1CCC(CC1)c1noc2ccccc12)S(=O)(=O)C(C)CO,2.6,Ki (nM),CCN(CCCN1CCC(c2noc3ccccc23)CC1)S(=O)(=O)C(C)CO,False,False,False
51197504,COc1ccc(cc1)-c1ccccc1N1CCNCC1,2.6,Ki (nM),COc1ccc(-c2ccccc2N2CCNCC2)cc1,False,False,False
50963782,COc1ccc(cc1)-c1ccccc1N1CCNCC1,2.6,Ki (nM),COc1ccc(-c2ccccc2N2CCNCC2)cc1,False,False,False
51605891,CSc1ccccc1N1CCN(CCCc2c[nH]c3ccc(F)cc23)CC1,2.7,Ki (nM),CSc1ccccc1N1CCN(CCCc2c[nH]c3ccc(F)cc23)CC1,False,False,False
832792,Clc1cccc(N2CCN(CCCCOc3ccc4OCC(=O)Nc4c3)CC2)c1Cl,2.7,Ki (nM),O=C1COc2ccc(OCCCCN3CCN(c4cccc(Cl)c4Cl)CC3)cc2N1,False,False,False
1170743,CCN(CCN1CCC(CC1)c1noc2cc(F)ccc12)C(=O)CC(C)O,2.7,Ki (nM),CCN(CCN1CCC(c2noc3cc(F)ccc23)CC1)C(=O)CC(C)O,False,False,False
50276423,CCCN(CCC)[C@H]1COc2c(C1)cccc2-c1ccccc1OC,2.7,Ki (nM),CCCN(CCC)[C@H]1COc2c(cccc2-c2ccccc2OC)C1,False,False,False
1170857,CCN(CCN1CCC(CC1)c1c[nH]c2cc(F)ccc12)C(=O)CCO,2.7,Ki (nM),CCN(CCN1CCC(c2c[nH]c3cc(F)ccc23)CC1)C(=O)CCO,False,False,False
50286421,O=C1Cc2ccccc2N1CC\C=C\CCN1CC[C@H]2CCCC[C@@H]2C1,2.7,Ki (nM),O=C1Cc2ccccc2N1CC/C=C/CCN1CC[C@H]2CCCC[C@@H]2C1,False,False,False
51224289,CN1CC[C@H]2c3ccccc3N(C[C@@]12C)c1ccccc1,2.7,Ki (nM),CN1CC[C@H]2c3ccccc3N(c3ccccc3)C[C@]21C,False,False,False
1434571,Clc1cccc(N2CCN(CCCCOc3ccc4OCC(=O)Nc4c3)CC2)c1Cl,2.7,Ki (nM),O=C1COc2ccc(OCCCCN3CCN(c4cccc(Cl)c4Cl)CC3)cc2N1,False,False,False
50963751,Fc1ccc(cc1)-c1ccccc1N1CCNCC1,2.7,Ki (nM),Fc1ccc(-c2ccccc2N2CCNCC2)cc1,False,False,False
1423528,CN1CCN(CC1)C1=Nc2cc(Cl)ccc2Nc2ccccc12,2.71,Ki (nM),CN1CCN(C2=Nc3cc(Cl)ccc3Nc3ccccc32)CC1,False,False,False
50387096,COc1ccccc1N1CCN(CCc2cccc(OC(=O)COCC(=O)Oc3cccc(CCN4CCN(CC4)c4ccccc4OC)c3)c2)CC1,2.74,Ki (nM),COc1ccccc1N1CCN(CCc2cccc(OC(=O)COCC(=O)Oc3cccc(CCN4CCN(c5ccccc5OC)CC4)c3)c2)CC1,False,False,False
1170899,CCN(CCN1CCC(CC1)c1c[nH]c2cc(F)ccc12)S(=O)(=O)CCO,2.8,Ki (nM),CCN(CCN1CCC(c2c[nH]c3cc(F)ccc23)CC1)S(=O)(=O)CCO,False,False,False
51364364,Clc1cccc(c1)S(=O)(=O)N[C@@H]1CCN(CCCc2noc3ccccc23)C1,2.8,Ki (nM),O=S(=O)(N[C@@H]1CCN(CCCc2noc3ccccc23)C1)c1cccc(Cl)c1,False,False,False
51442100,COc1ccccc1-c1cc(ccc1Cl)C1CCNC1,2.8,Ki (nM),COc1ccccc1-c1cc(C2CCNC2)ccc1Cl,False,False,False
51442084,COc1ccccc1-c1cc(ccc1Cl)C1CCNC1,2.8,Ki (nM),COc1ccccc1-c1cc(C2CCNC2)ccc1Cl,False,False,False
50593451,O=C1N(CCN2CCC(CC2)n2ccc3ccccc23)CCCc2ccccc12,2.8,Ki (nM),O=C1c2ccccc2CCCN1CCN1CCC(n2ccc3ccccc32)CC1,False,False,False
50290774,O=c1sc2ccccc2n1CCCCN1CCc2ccccc2C1,2.8,Ki (nM),O=c1sc2ccccc2n1CCCCN1CCc2ccccc2C1,False,False,False
50663753,CCC1(CCCCN2CCN(CC2)c2ccc(Cl)cc2)C(=O)Nc2ccc(F)cc12,2.8,Ki (nM),CCC1(CCCCN2CCN(c3ccc(Cl)cc3)CC2)C(=O)Nc2ccc(F)cc21,False,False,False
51442077,CNCCc1ccc(Cl)c(c1)-c1ccccc1OC,2.8,Ki (nM),CNCCc1ccc(Cl)c(-c2ccccc2OC)c1,False,False,False
50866725,CCC1(CCCCN2CCN(CC2)c2ccc(Cl)cc2)C(=O)Nc2ccc(F)cc12,2.81,Ki (nM),CCC1(CCCCN2CCN(c3ccc(Cl)cc3)CC2)C(=O)Nc2ccc(F)cc21,False,False,False
51442093,CNCCc1ccc(Cl)c(c1)-c1ccccc1OC,2.82,Ki (nM),CNCCc1ccc(Cl)c(-c2ccccc2OC)c1,False,False,False
50290766,COc1ccccc1N1CCN(CCCCCCn2c3ccccc3sc2=O)CC1,2.9,Ki (nM),COc1ccccc1N1CCN(CCCCCCn2c(=O)sc3ccccc32)CC1,False,False,False
50096587,CN(CCCN1CCN(CC1)c1cccc2ccccc12)c1cccc(O)c1,2.9,Ki (nM),CN(CCCN1CCN(c2cccc3ccccc23)CC1)c1cccc(O)c1,False,False,False
50551627,CCCN(CCC)[C@H]1CCc2c(C1)cccc2-c1ccccc1,2.91,Ki (nM),CCCN(CCC)[C@H]1CCc2c(cccc2-c2ccccc2)C1,False,False,False
50276435,CCCN(CCC)[C@H]1COc2c(C1)cccc2-c1ccccc1,2.92,Ki (nM),CCCN(CCC)[C@H]1COc2c(cccc2-c2ccccc2)C1,False,False,False
50224018,Oc1ccccc1C(=O)CCCCCN1CCN(CC1)c1noc2ccccc12,2.93,Ki (nM),O=C(CCCCCN1CCN(c2noc3ccccc23)CC1)c1ccccc1O,False,False,False
160288,CCCN1C[C@H](CSC)C[C@H]2[C@H]1Cc1c[nH]c3cccc2c13,2.95,Ki (nM),CCCN1C[C@H](CSC)C[C@@H]2c3cccc4[nH]cc(c34)C[C@H]21,False,False,False
160270,"[H][C@@]12Cc3c[nH]c4cccc(C1=C[C@H](CN2C)NC(=O)N(CC)CC)c34 |r,c:12|",2.95,Ki (nM),CCN(CC)C(=O)N[C@@H]1C=C2c3cccc4[nH]cc(c34)C[C@H]2N(C)C1,False,False,False
51392432,COc1ccc(NS(=O)(=O)c2sc3ccc(Cl)cc3c2C)cc1N1CCNCC1,3.0,Ki (nM),COc1ccc(NS(=O)(=O)c2sc3ccc(Cl)cc3c2C)cc1N1CCNCC1,False,False,False
50211389,Brc1ccc2ccn(CCN3CCCN4CCCCC4C3)c2c1,3.0,Ki (nM),Brc1ccc2ccn(CCN3CCCN4CCCCC4C3)c2c1,False,False,False
51249162,COc1ccccc1N1CCN(CC(O)CN2C(=O)NC(C)(C2=O)c2ccc(F)cc2)CC1,3.0,Ki (nM),COc1ccccc1N1CCN(CC(O)CN2C(=O)NC(C)(c3ccc(F)cc3)C2=O)CC1,False,False,False
50276090,C[C@H](Nc1ncnc(NCCOc2ccccc2)n1)c1ccccc1,3.0,Ki (nM),C[C@H](Nc1ncnc(NCCOc2ccccc2)n1)c1ccccc1,False,False,False
50812974,Brc1ccc2ccn(CCN3CCCN4CCCCC4C3)c2c1,3.0,Ki (nM),Brc1ccc2ccn(CCN3CCCN4CCCCC4C3)c2c1,False,False,False
50286047,COc1ccccc1N1CCN(CC1)[C@H]1CC[C@@H](CC1)N1C(=O)CCC1=O,11500.0,Ki (nM),COc1ccccc1N1CCN([C@H]2CC[C@H](N3C(=O)CCC3=O)CC2)CC1,False,False,False
51606515,O=S(=O)(c1cccc(N2CCNCC2)c1)n1cccc1-c1cccc(F)c1,11530.0,Ki (nM),O=S(=O)(c1cccc(N2CCNCC2)c1)n1cccc1-c1cccc(F)c1,False,False,False
51616675,CCC(Oc1cc(F)ccc1F)c1nc(N)nc(N2CCN(C)CC2)n1,11530.0,Ki (nM),CCC(Oc1cc(F)ccc1F)c1nc(N)nc(N2CCN(C)CC2)n1,False,False,False
51606516,COc1cccc(-c2cccn2S(=O)(=O)c2cccc(N3CCNCC3)c2)c1,11630.0,Ki (nM),COc1cccc(-c2cccn2S(=O)(=O)c2cccc(N3CCNCC3)c2)c1,False,False,False
51616676,CC(Oc1cc(Cl)ccc1F)c1nc(N)nc(N2CCN(C)CC2)n1,11900.0,Ki (nM),CC(Oc1cc(Cl)ccc1F)c1nc(N)nc(N2CCN(C)CC2)n1,False,False,False
51024657,CC(C)c1nc2c(ccnc2n1Cc1cccc(F)c1)N1CCNCC1,11920.0,Ki (nM),CC(C)c1nc2c(N3CCNCC3)ccnc2n1Cc1cccc(F)c1,False,False,False
51264580,CC(C)c1ccc(C)cc1OCc1nc(N)nc(n1)N1CCN(C)CC1,11950.0,Ki (nM),Cc1ccc(C(C)C)c(OCc2nc(N)nc(N3CCN(C)CC3)n2)c1,False,False,False
51506476,CC(C)c1ccc(C)cc1OCc1nc(N)nc(n1)N1CCN(C)CC1,11950.0,Ki (nM),Cc1ccc(C(C)C)c(OCc2nc(N)nc(N3CCN(C)CC3)n2)c1,False,False,False
50305826,Brc1ccc2n3CCN(Cc4ccccc4)C4CCCc(c34)c2c1,12250.0,Ki (nM),Brc1ccc2c(c1)c1c3n2CCN(Cc2ccccc2)C3CCC1,False,False,False
51606514,O=S(=O)(c1cccc(N2CCNCC2)c1)n1cccc1-c1ccccc1,12280.0,Ki (nM),O=S(=O)(c1cccc(N2CCNCC2)c1)n1cccc1-c1ccccc1,False,False,False
51351062,CN(C)CCN1c2ccccc2N(C)c2ccccc2C1=O,12300.0,Ki (nM),CN(C)CCN1C(=O)c2ccccc2N(C)c2ccccc21,False,False,False
51024655,CCc1nc2c(ccnc2n1Cc1cccc(F)c1)N1CCNCC1,12340.0,Ki (nM),CCc1nc2c(N3CCNCC3)ccnc2n1Cc1cccc(F)c1,False,False,False
51410648,CCCC(Oc1cc(Cl)ccc1Cl)c1nc(N)nc(n1)N1CCN(C)CC1,12470.0,Ki (nM),CCCC(Oc1cc(Cl)ccc1Cl)c1nc(N)nc(N2CCN(C)CC2)n1,False,False,False
51614665,CCCC(Oc1cc(Cl)ccc1Cl)c1nc(N)nc(n1)N1CCN(C)CC1,12470.0,Ki (nM),CCCC(Oc1cc(Cl)ccc1Cl)c1nc(N)nc(N2CCN(C)CC2)n1,False,False,False
51100508,CC(NCCC(c1ccco1)c1ccc(F)cc1)c1ccc(C)cc1,12500.0,Ki (nM),Cc1ccc(C(C)NCCC(c2ccc(F)cc2)c2ccco2)cc1,False,False,False
51410641,CC(Oc1cccc(Cl)c1Cl)c1nc(N)nc(n1)N1CCN(C)CC1,12550.0,Ki (nM),CC(Oc1cccc(Cl)c1Cl)c1nc(N)nc(N2CCN(C)CC2)n1,False,False,False
51616693,CCC(Oc1cc(Cl)cc(Cl)c1)c1nc(Nc2ccncc2)nc(N2CCN(C)CC2)n1,12570.0,Ki (nM),CCC(Oc1cc(Cl)cc(Cl)c1)c1nc(Nc2ccncc2)nc(N2CCN(C)CC2)n1,False,False,False
50305817,Brc1ccc(s1)S(=O)(=O)Nc1ccn(Cc2cccc3ccccc23)n1,12590.0,Ki (nM),O=S(=O)(Nc1ccn(Cc2cccc3ccccc23)n1)c1ccc(Br)s1,False,False,False
50305835,Cc1ccc(cc1)S(=O)(=O)c1cnc2ccc(F)cc2c1SCc1ccc(Cl)cc1,12710.0,Ki (nM),Cc1ccc(S(=O)(=O)c2cnc3ccc(F)cc3c2SCc2ccc(Cl)cc2)cc1,False,False,False
50305824,Nc1c(sc2nc(cc(-c3ccccc3)c12)-c1ccccc1)S(=O)(=O)c1ccccc1,13020.0,Ki (nM),Nc1c(S(=O)(=O)c2ccccc2)sc2nc(-c3ccccc3)cc(-c3ccccc3)c12,False,False,False
50305836,COCCn1c(C)c(C)c(c1N)S(=O)(=O)c1ccc(Cl)cc1,13100.0,Ki (nM),COCCn1c(C)c(C)c(S(=O)(=O)c2ccc(Cl)cc2)c1N,False,False,False
51410643,CCCC(Oc1cccc(Cl)c1Cl)c1nc(N)nc(n1)N1CCN(C)CC1,13420.0,Ki (nM),CCCC(Oc1cccc(Cl)c1Cl)c1nc(N)nc(N2CCN(C)CC2)n1,False,False,False
51614667,CCCC(Oc1cccc(Cl)c1Cl)c1nc(N)nc(n1)N1CCN(C)CC1,13420.0,Ki (nM),CCCC(Oc1cccc(Cl)c1Cl)c1nc(N)nc(N2CCN(C)CC2)n1,False,False,False
51196219,COc1ccc2c(c1)oc1ccc(CN3CCN(Cc4ccccc4)CC3)cc1c2=O,13500.0,Ki (nM),COc1ccc2c(=O)c3cc(CN4CCN(Cc5ccccc5)CC4)ccc3oc2c1,False,False,False
51230288,Oc1ccc(cc1)-c1ccc(CNCCc2c[nH]c3ncc(F)cc23)o1,13750.0,Ki (nM),Oc1ccc(-c2ccc(CNCCc3c[nH]c4ncc(F)cc34)o2)cc1,False,False,False
50846014,Cn1c2[nH]c(=O)n(CCCN3CCN(CC3)c3ccccc3)c2c(=O)n(C)c1=O,13940.0,Ki (nM),Cn1c(=O)c2c([nH]c(=O)n2CCCN2CCN(c3ccccc3)CC2)n(C)c1=O,False,False,False
406514,C(Cn1ccc2cccnc12)N1CCCN2CCCCC2C1,14000.0,Ki (nM),c1cnc2c(c1)ccn2CCN1CCCN2CCCCC2C1,False,False,False
51100506,COc1ccc(CNCCC(c2ccccc2)c2ccc3OCOc3c2)cc1,14100.0,Ki (nM),COc1ccc(CNCCC(c2ccccc2)c2ccc3c(c2)OCO3)cc1,False,False,False
51392662,O=S(=O)(c1ccccc1)c1cnc2c(cccc2c1)N1CCNCC1,14230.0,Ki (nM),O=S(=O)(c1ccccc1)c1cnc2c(N3CCNCC3)cccc2c1,False,False,False
51024659,O=S(=O)(c1ccccc1)c1cnc2c(cccc2c1)N1CCNCC1,14230.0,Ki (nM),O=S(=O)(c1ccccc1)c1cnc2c(N3CCNCC3)cccc2c1,False,False,False
51614657,CC(Oc1cc(Cl)ccc1Cl)c1nc(N)nc(n1)N1CCN(C)CC1,15050.0,Ki (nM),CC(Oc1cc(Cl)ccc1Cl)c1nc(N)nc(N2CCN(C)CC2)n1,False,False,False
51410646,CC(Oc1cc(Cl)ccc1Cl)c1nc(N)nc(n1)N1CCN(C)CC1,15050.0,Ki (nM),CC(Oc1cc(Cl)ccc1Cl)c1nc(N)nc(N2CCN(C)CC2)n1,False,False,False
51616677,CCC(Oc1cc(Cl)ccc1F)c1nc(N)nc(N2CCN(C)CC2)n1,15120.0,Ki (nM),CCC(Oc1cc(Cl)ccc1F)c1nc(N)nc(N2CCN(C)CC2)n1,False,False,False
51264604,CN1CCN(CC1)c1nc(N)nc(COc2ccc(Cl)cc2C)n1,15180.0,Ki (nM),Cc1cc(Cl)ccc1OCc1nc(N)nc(N2CCN(C)CC2)n1,False,False,False
50305832,CCS(=O)(=O)c1nc(c(s1)N1CCc2ccccc2C1)S(=O)(=O)c1ccc(Cl)cc1,15770.0,Ki (nM),CCS(=O)(=O)c1nc(S(=O)(=O)c2ccc(Cl)cc2)c(N2CCc3ccccc3C2)s1,False,False,False
50305823,Fc1ccc(cc1)S(=O)(=O)N1CC=c2ccccc2=C1c1c[nH]c2ccccc12,16020.0,Ki (nM),O=S(=O)(c1ccc(F)cc1)N1CC=c2ccccc2=C1c1c[nH]c2ccccc12,False,False,False
51264618,CN1CCN(CC1)c1nc(N)nc(COc2ccc(C)cc2)n1,16050.0,Ki (nM),Cc1ccc(OCc2nc(N)nc(N3CCN(C)CC3)n2)cc1,False,False,False
51616692,CCC(Oc1cc(Cl)cc(Cl)c1)c1nc(Nc2ccccc2)nc(N2CCN(C)CC2)n1,16150.0,Ki (nM),CCC(Oc1cc(Cl)cc(Cl)c1)c1nc(Nc2ccccc2)nc(N2CCN(C)CC2)n1,False,False,False
50845981,Cn1c2[nH]c(=O)n(CCCN3CCc4ccccc4C3)c2c(=O)n(C)c1=O,16480.0,Ki (nM),Cn1c(=O)c2c([nH]c(=O)n2CCCN2CCc3ccccc3C2)n(C)c1=O,False,False,False
51506475,CN1CCN(CC1)c1nc(N)nc(Cc2c[nH]c3ccccc23)n1,16790.0,Ki (nM),CN1CCN(c2nc(N)nc(Cc3c[nH]c4ccccc34)n2)CC1,False,False,False
51196230,COc1ccc2c(c1)oc1ccc(CN3CCN(C)CC3)cc1c2=O,16950.0,Ki (nM),COc1ccc2c(=O)c3cc(CN4CCN(C)CC4)ccc3oc2c1,False,False,False
51616679,CC(Oc1cc(C(F)(F)F)ccc1F)c1nc(N)nc(N2CCN(C)CC2)n1,17100.0,Ki (nM),CC(Oc1cc(C(F)(F)F)ccc1F)c1nc(N)nc(N2CCN(C)CC2)n1,False,False,False
51196233,OCCN1CCN(Cc2cccc3c2oc2cc(Cl)ccc2c3=O)CC1,17420.0,Ki (nM),O=c1c2ccc(Cl)cc2oc2c(CN3CCN(CCO)CC3)cccc12,False,False,False
51282047,FC(F)(F)c1ccccc1N1CCN(CCCCCCN2C(=O)c3cccc4cccc2c34)CC1,17780.0,Ki (nM),O=C1c2cccc3cccc(c23)N1CCCCCCN1CCN(c2ccccc2C(F)(F)F)CC1,False,False,False
50305828,Clc1ccc(cc1)S(=O)(=O)Nc1ccccc1-c1nccc2ccccc12,17890.0,Ki (nM),O=S(=O)(Nc1ccccc1-c1nccc2ccccc12)c1ccc(Cl)cc1,False,False,False
50305820,Clc1ccc2NC(=O)C(c2c1)(c1c[nH]c2ccccc12)c1c[nH]c2ccccc12,18080.0,Ki (nM),O=C1Nc2ccc(Cl)cc2C1(c1c[nH]c2ccccc12)c1c[nH]c2ccccc12,False,False,False
51616684,CCC(Oc1cc(C(F)(F)F)ccc1C(F)(F)F)c1nc(N)nc(N2CCN(C)CC2)n1,18120.0,Ki (nM),CCC(Oc1cc(C(F)(F)F)ccc1C(F)(F)F)c1nc(N)nc(N2CCN(C)CC2)n1,False,False,False
51616680,CCC(Oc1cc(C(F)(F)F)ccc1F)c1nc(N)nc(N2CCN(C)CC2)n1,18790.0,Ki (nM),CCC(Oc1cc(C(F)(F)F)ccc1F)c1nc(N)nc(N2CCN(C)CC2)n1,False,False,False
51410656,CCCC(Oc1cc(Cl)cc(Cl)c1)c1nc(N)nc(n1)N1CCN(C)CC1,19850.0,Ki (nM),CCCC(Oc1cc(Cl)cc(Cl)c1)c1nc(N)nc(N2CCN(C)CC2)n1,False,False,False
51614666,CCCC(Oc1cc(Cl)cc(Cl)c1)c1nc(N)nc(n1)N1CCN(C)CC1,19850.0,Ki (nM),CCCC(Oc1cc(Cl)cc(Cl)c1)c1nc(N)nc(N2CCN(C)CC2)n1,False,False,False
51410640,CCC(Oc1ccccc1)c1nc(N)nc(n1)N1CCN(C)CC1,19940.0,Ki (nM),CCC(Oc1ccccc1)c1nc(N)nc(N2CCN(C)CC2)n1,False,False,False
51614660,CCC(Oc1ccccc1)c1nc(N)nc(n1)N1CCN(C)CC1,19940.0,Ki (nM),CCC(Oc1ccccc1)c1nc(N)nc(N2CCN(C)CC2)n1,False,False,False
51616683,CC(Oc1cc(C(F)(F)F)ccc1C(F)(F)F)c1nc(N)nc(N2CCN(C)CC2)n1,20000.0,Ki (nM),CC(Oc1cc(C(F)(F)F)ccc1C(F)(F)F)c1nc(N)nc(N2CCN(C)CC2)n1,False,False,False
50305822,O=S(=O)(Nc1cc2C3CCCCC3(Oc2c2ccccc12)N1CCOCC1)c1ccccc1,20090.0,Ki (nM),O=S(=O)(Nc1cc2c(c3ccccc13)OC1(N3CCOCC3)CCCCC21)c1ccccc1,False,False,False
50305837,CN(C(=O)c1cn(-c2ccc(F)cc2F)c(=O)c2ccccc12)c1cc(Cl)ccc1C,21400.0,Ki (nM),Cc1ccc(Cl)cc1N(C)C(=O)c1cn(-c2ccc(F)cc2F)c(=O)c2ccccc12,False,False,False
51616674,CC(Oc1cc(F)ccc1F)c1nc(N)nc(N2CCN(C)CC2)n1,21720.0,Ki (nM),CC(Oc1cc(F)ccc1F)c1nc(N)nc(N2CCN(C)CC2)n1,False,False,False
51501139,NC(=O)N1CCN(CC1)c1cccc(Cl)c1,22820.0,Ki (nM),NC(=O)N1CCN(c2cccc(Cl)c2)CC1,False,False,False
50617369,Clc1ccccc1Cn1cc(c2CNCCc12)-c1ccccc1,22887.0,Ki (nM),Clc1ccccc1Cn1cc(-c2ccccc2)c2c1CCNC2,False,False,False
406517,O=c1[nH]c2ccccc2n1CCN1CCCN2CCCCC2C1,23600.0,Ki (nM),O=c1[nH]c2ccccc2n1CCN1CCCN2CCCCC2C1,False,False,False
50814598,CC(N)Cc1c[nH]c2ccc3OCCCc3c12,24000.0,Ki (nM),CC(N)Cc1c[nH]c2ccc3c(c12)CCCO3,False,False,False
51616687,CC(Oc1cccc(F)c1F)c1nc(N)nc(N2CCN(C)CC2)n1,24040.0,Ki (nM),CC(Oc1cccc(F)c1F)c1nc(N)nc(N2CCN(C)CC2)n1,False,False,False
50376780,COC(=O)N1CCc2ccc(cc12)\N=C\N1CCc2cc(OC)c(OC)cc2C1,25000.0,Ki (nM),COC(=O)N1CCc2ccc(/N=C/N3CCc4cc(OC)c(OC)cc4C3)cc21,False,False,False
50305819,Oc1c(Sc2cccc3cccnc23)cc(NS(=O)(=O)c2ccccc2)c2ccccc12,25390.0,Ki (nM),O=S(=O)(Nc1cc(Sc2cccc3cccnc23)c(O)c2ccccc12)c1ccccc1,False,False,False
50305830,O=c1ccc(n[nH]1)-c1ccc(s1)S(=O)(=O)Nc1cccc2CCCCc12,26290.0,Ki (nM),O=c1ccc(-c2ccc(S(=O)(=O)Nc3cccc4c3CCCC4)s2)n[nH]1,False,False,False
50305831,COc1cccc(c1)-n1cc(C(=O)N(C)c2cccc(Cl)c2)c2ccccc2c1=O,26650.0,Ki (nM),COc1cccc(-n2cc(C(=O)N(C)c3cccc(Cl)c3)c3ccccc3c2=O)c1,False,False,False
51616681,CC(Oc1cc(F)ccc1C(F)(F)F)c1nc(N)nc(N2CCN(C)CC2)n1,29570.0,Ki (nM),CC(Oc1cc(F)ccc1C(F)(F)F)c1nc(N)nc(N2CCN(C)CC2)n1,False,False,False
51616694,CCCCC(Oc1cc(Cl)cc(Cl)c1)c1nc(Nc2ccccc2)nc(N2CCN(C)CC2)n1,33590.0,Ki (nM),CCCCC(Oc1cc(Cl)cc(Cl)c1)c1nc(Nc2ccccc2)nc(N2CCN(C)CC2)n1,False,False,False
50376709,CCCCSC1CCc2ccc(cc12)\N=C\N1CCc2cc(OC)c(OC)cc2C1,36000.0,Ki (nM),CCCCSC1CCc2ccc(/N=C/N3CCc4cc(OC)c(OC)cc4C3)cc21,False,False,False
51100515,CCC1(C)CC(CCNCc2ccc(OC)c(OC)c2)(CCO1)c1ccc(C)cc1,37200.0,Ki (nM),CCC1(C)CC(CCNCc2ccc(OC)c(OC)c2)(c2ccc(C)cc2)CCO1,False,False,False
51264584,CC(Oc1ccccc1Cl)c1nc(N)nc(n1)N1CCN(C)CC1,38730.0,Ki (nM),CC(Oc1ccccc1Cl)c1nc(N)nc(N2CCN(C)CC2)n1,False,False,False
51506477,CC(Oc1ccccc1Cl)c1nc(N)nc(n1)N1CCN(C)CC1,38730.0,Ki (nM),CC(Oc1ccccc1Cl)c1nc(N)nc(N2CCN(C)CC2)n1,False,False,False
51410639,CC(Oc1ccccc1Cl)c1nc(N)nc(n1)N1CCN(C)CC1,38730.0,Ki (nM),CC(Oc1ccccc1Cl)c1nc(N)nc(N2CCN(C)CC2)n1,False,False,False
50276102,CC(Nc1nc(N)nc(NCCc2cccnc2)n1)c1ccc(F)cc1,,Ki (nM),CC(Nc1nc(N)nc(NCCc2cccnc2)n1)c1ccc(F)cc1,False,False,False
51616686,CCC(Oc1cc(F)ccc1OC)c1nc(N)nc(N2CCN(C)CC2)n1,44990.0,Ki (nM),CCC(Oc1cc(F)ccc1OC)c1nc(N)nc(N2CCN(C)CC2)n1,False,False,False
51282116,FC(F)(F)c1ccc(cc1)N1CCN(CCCCCCN2C(=O)c3cccc4cccc2c34)CC1,48960.0,Ki (nM),O=C1c2cccc3cccc(c23)N1CCCCCCN1CCN(c2ccc(C(F)(F)F)cc2)CC1,False,False,False
51614671,CC(Sc1cc(Cl)ccc1Cl)c1nc(N)nc(N2CCN(C)CC2)n1,60950.0,Ki (nM),CC(Sc1cc(Cl)ccc1Cl)c1nc(N)nc(N2CCN(C)CC2)n1,False,False,False
51602998,COc1ccc(-c2nc(CN3CCN(c4ccccc4Cl)CC3)cs2)cc1OC,64850.0,Ki (nM),COc1ccc(-c2nc(CN3CCN(c4ccccc4Cl)CC3)cs2)cc1OC,False,False,False
51100480,O[C@H](CCN1CCc2onc(c2C1)-c1ccc(F)c(F)c1)c1ccccc1,71200.0,Ki (nM),O[C@H](CCN1CCc2onc(-c3ccc(F)c(F)c3)c2C1)c1ccccc1,False,False,False
51606517,O=C(NC1CCNCC1)c1ccn(S(=O)(=O)c2cccc(Cl)c2)c1-c1cccc(F)c1,83960.0,Ki (nM),O=C(NC1CCNCC1)c1ccn(S(=O)(=O)c2cccc(Cl)c2)c1-c1cccc(F)c1,False,False,False
51100512,FC(F)(F)C1(Nc2ccccn2)N=C(N(Cc2ccccc2)C1=O)c1ccccc1,84500.0,Ki (nM),O=C1N(Cc2ccccc2)C(c2ccccc2)=NC1(Nc1ccccn1)C(F)(F)F,False,False,False
51351063,CN(C)CCN1c2ccccc2\C=C/c2ccccc2C1=O,85200.0,Ki (nM),CN(C)CCN1C(=O)c2ccccc2/C=C\c2ccccc21,False,False,False
50376724,C1Cc2c([nH]c3ccccc23)C(N1)c1ccccc1,97000.0,Ki (nM),c1ccc(C2NCCc3c2[nH]c2ccccc32)cc1,False,False,False
51264587,CN1CCN(CC1)c1nc(N)nc(CS(=O)(=O)c2ccccc2Cl)n1,98430.0,Ki (nM),CN1CCN(c2nc(N)nc(CS(=O)(=O)c3ccccc3Cl)n2)CC1,False,False,False
51158047,O=C1Nc2cccc3CCCC1(CCCCN1CCN(CC1)C1CCCCC1)c23,100000.0,Ki (nM),O=C1Nc2cccc3c2C1(CCCCN1CCN(C2CCCCC2)CC1)CCC3,False,False,False
51351067,CN1CCN(CCCN2c3ccccc3\C=C/c3ccccc3C2=O)CC1,,Ki (nM),CN1CCN(CCCN2C(=O)c3ccccc3/C=C\c3ccccc32)CC1,False,False,False
51351066,O=C1N(CCCN2CCOCC2)c2ccccc2\C=C/c2ccccc12,,Ki (nM),O=C1c2ccccc2/C=C\c2ccccc2N1CCCN1CCOCC1,False,False,False
51351065,CN(C)CCN1c2ccccc2C(=O)N(C)c2ccccc2C1=O,,Ki (nM),CN(C)CCN1C(=O)c2ccccc2N(C)C(=O)c2ccccc21,False,False,False
51351064,CN(C)CCCN1c2ccccc2\C=C/c2ccccc2C1=O,,Ki (nM),CN(C)CCCN1C(=O)c2ccccc2/C=C\c2ccccc21,False,False,False
51158085,C[C@@H](CCN1CCC[C@H](C)C1)C(C)S(=O)(=O)c1cccc2ccccc12,100000.0,Ki (nM),CC([C@@H](C)CCN1CCC[C@H](C)C1)S(=O)(=O)c1cccc2ccccc12,False,False,False
50064951,Nc1ccc(cc1)S(=O)(=O)c1cc(Br)nc(c1)N1CCCC1,,Ki (nM),Nc1ccc(S(=O)(=O)c2cc(Br)nc(N3CCCC3)c2)cc1,False,False,False
51616685,COc1ccc(F)cc1OC(C)c1nc(N)nc(N2CCN(C)CC2)n1,107900.0,Ki (nM),COc1ccc(F)cc1OC(C)c1nc(N)nc(N2CCN(C)CC2)n1,False,False,False
51281992,COc1ccc(cc1)N1CCN(CCCCCCN2C(=O)c3cccc4cccc(C2=O)c34)CC1,116500.0,Ki (nM),COc1ccc(N2CCN(CCCCCCN3C(=O)c4cccc5cccc(c45)C3=O)CC2)cc1,False,False,False
51501133,Clc1ccc(cc1)N1CCN(Cc2ccc(Cn3nc4ccccn4c3=O)cc2)CC1,201400.0,Ki (nM),O=c1n(Cc2ccc(CN3CCN(c4ccc(Cl)cc4)CC3)cc2)nc2ccccn12,False,False,False
50594069,Oc1ccc2[C@@H]3CNCC[C@H]3[C@@H](Cc2c1O)c1ccccc1,220000.0,Ki (nM),Oc1ccc2c(c1O)C[C@@H](c1ccccc1)[C@@H]1CCNC[C@@H]21,False,False,False
455124,OC(=O)c1ccc(CN2c3ccccc3Sc3ccc(Cl)cc23)cc1,,Ki (nM),O=C(O)c1ccc(CN2c3ccccc3Sc3ccc(Cl)cc32)cc1,False,False,False
455125,COC(=O)c1ccc(CN2c3ccccc3Sc3ccc(Cl)cc23)cc1,,Ki (nM),COC(=O)c1ccc(CN2c3ccccc3Sc3ccc(Cl)cc32)cc1,False,False,False
455123,OC(=O)C#CCN1c2ccccc2Sc2ccc(Cl)cc12,,Ki (nM),O=C(O)C#CCN1c2ccccc2Sc2ccc(Cl)cc21,False,False,False
455120,CC(C)CCCN1c2ccccc2Sc2ccc(Cl)cc12,,Ki (nM),CC(C)CCCN1c2ccccc2Sc2ccc(Cl)cc21,False,False,False
455121,OS(=O)(=O)CCCCN1c2ccccc2Sc2ccc(Cl)cc12,,Ki (nM),O=S(=O)(O)CCCCN1c2ccccc2Sc2ccc(Cl)cc21,False,False,False
50376729,CCCCSC1=CCc2ccc(cc12)\N=C\N1CCc2cc(OC)c(OC)cc2C1,,Ki (nM),CCCCSC1=CCc2ccc(/N=C/N3CCc4cc(OC)c(OC)cc4C3)cc21,False,False,False
50703473,O=S(=O)(NCCCCN1CCc2sccc2C1)c1cnc2ccccc2c1,506829.0,Ki (nM),O=S(=O)(NCCCCN1CCc2sccc2C1)c1cnc2ccccc2c1,False,False,False
50542145,CC(=O)c1ccc(OCc2ccc(Oc3cc(ccn3)-c3nn[nH]n3)cc2)c(C)c1O,,Ki (nM),CC(=O)c1ccc(OCc2ccc(Oc3cc(-c4nn[nH]n4)ccn3)cc2)c(C)c1O,False,False,False
50082454,COc1ccccc1N1CCN(CC(O)CN2C(=O)NC(C)(C2=O)c2ccc(F)cc2)CC1,3.0,Ki (nM),COc1ccccc1N1CCN(CC(O)CN2C(=O)NC(C)(c3ccc(F)cc3)C2=O)CC1,False,False,False
51126951,O=S(=O)(N1CCC[C@@H]1CCN1CCN(CC1)c1cccc2sccc12)c1cccc2cnccc12,3.0,Ki (nM),O=S(=O)(c1cccc2cnccc12)N1CCC[C@@H]1CCN1CCN(c2cccc3sccc23)CC1,False,False,False
50290768,O=c1sc2ccccc2n1CCCCCCN1CCN(CC1)c1ccccc1,3.0,Ki (nM),O=c1sc2ccccc2n1CCCCCCN1CCN(c2ccccc2)CC1,False,False,False
51505662,Clc1ccc(cc1)-c1nn(Cc2ccccc2)c2CCNCCc12,3.0,Ki (nM),Clc1ccc(-c2nn(Cc3ccccc3)c3c2CCNCC3)cc1,False,False,False
50302222,CCOc1ccccc1N1CCN(CCCCCn2cnc3sc(C)c(C)c3c2=O)CC1,3.0,Ki (nM),CCOc1ccccc1N1CCN(CCCCCn2cnc3sc(C)c(C)c3c2=O)CC1,False,False,False
50812882,CC1CCN(CC[C@H]2CCCN2S(=O)(=O)c2cccc(C)c2)CC1,3.0,Ki (nM),Cc1cccc(S(=O)(=O)N2CCC[C@@H]2CCN2CCC(C)CC2)c1,False,False,False
792441,FC(F)(F)c1ccc(COc2ccc(Br)cc2CC2CNC2)o1,3.0,Ki (nM),FC(F)(F)c1ccc(COc2ccc(Br)cc2CC2CNC2)o1,False,False,False
51126869,O=S(=O)(N1CCC[C@@H]1CCN1CCN(CC1)c1nsc2ccccc12)c1cncc2ccccc12,3.0,Ki (nM),O=S(=O)(c1cncc2ccccc12)N1CCC[C@@H]1CCN1CCN(c2nsc3ccccc23)CC1,False,False,False
50284486,CC1CCN(CC[C@H]2CCCN2S(=O)(=O)c2cccc(C)c2)CC1,3.0,Ki (nM),Cc1cccc(S(=O)(=O)N2CCC[C@@H]2CCN2CCC(C)CC2)c1,False,False,False
51249170,CC(Nc1nc(N)nc(NCCOc2ccccc2)n1)c1ccccc1,3.0,Ki (nM),CC(Nc1nc(N)nc(NCCOc2ccccc2)n1)c1ccccc1,False,False,False
50276098,C[C@H](Nc1nc(N)nc(NCCOc2ccccc2)n1)c1ccccc1,3.0,Ki (nM),C[C@H](Nc1nc(N)nc(NCCOc2ccccc2)n1)c1ccccc1,False,False,False
50276128,C[C@H](Nc1cc(NCCc2ccccc2)ccn1)c1ccccc1,3.0,Ki (nM),C[C@H](Nc1cc(NCCc2ccccc2)ccn1)c1ccccc1,False,False,False
792435,CC(C)(C)N1CC(C1)Oc1cc(Br)ccc1OCc1cccc(F)c1,3.0,Ki (nM),CC(C)(C)N1CC(Oc2cc(Br)ccc2OCc2cccc(F)c2)C1,False,False,False
50154803,CCO[C@@]1(CC)c2cccc3C[C@H]4N(C)CCc5ccc1c(-c23)c45,3.05,Ki (nM),CCO[C@@]1(CC)c2cccc3c2-c2c1ccc1c2[C@@H](C3)N(C)CC1,False,False,False
1423492,Fc1ccc(cc1)N1CCN(CCCCCn2c3ccccc3[nH]c2=O)CC1,3.09,Ki (nM),O=c1[nH]c2ccccc2n1CCCCCN1CCN(c2ccc(F)cc2)CC1,False,False,False
50096611,Oc1cccc(CCCCN2CCN(CC2)c2ccccc2)c1,3.1,Ki (nM),Oc1cccc(CCCCN2CCN(c3ccccc3)CC2)c1,False,False,False
174197,CN1C[C@H](CNC(=O)OCc2ccccc2)C[C@H]2[C@H]1Cc1cn(C)c3cccc2c13,3.16,Ki (nM),CN1C[C@H](CNC(=O)OCc2ccccc2)C[C@@H]2c3cccc4c3c(cn4C)C[C@H]21,False,False,False
178040,CSc1ccc2Sc3ccccc3CC(N3CCN(C)CC3)c2c1,3.16,Ki (nM),CSc1ccc2c(c1)C(N1CCN(C)CC1)Cc1ccccc1S2,False,False,False
174156,"[H][C@@]12Cc3c[nH]c4cccc(C1=C[C@H](CN2C)NC(=O)N(CC)CC)c34 |r,c:12|",3.16,Ki (nM),CCN(CC)C(=O)N[C@@H]1C=C2c3cccc4[nH]cc(c34)C[C@H]2N(C)C1,False,False,False
180429,CC1CCN(CC[C@H]2CCCN2S(=O)(=O)c2cccc(C)c2)CC1,3.16,Ki (nM),Cc1cccc(S(=O)(=O)N2CCC[C@@H]2CCN2CCC(C)CC2)c1,False,False,False
51249166,CC1CCN(CC[C@H]2CCCN2S(=O)(=O)c2cccc(C)c2)CC1,3.2,Ki (nM),Cc1cccc(S(=O)(=O)N2CCC[C@@H]2CCN2CCC(C)CC2)c1,False,False,False
50984873,CC1CCN(CC[C@H]2CCCN2S(=O)(=O)c2cccc(C)c2)CC1,3.2,Ki (nM),Cc1cccc(S(=O)(=O)N2CCC[C@@H]2CCN2CCC(C)CC2)c1,False,False,False
51060426,CC1CCN(CC[C@H]2CCCN2S(=O)(=O)c2cccc(C)c2)CC1,3.2,Ki (nM),Cc1cccc(S(=O)(=O)N2CCC[C@@H]2CCN2CCC(C)CC2)c1,False,False,False
51158094,O=C1Nc2cccc3CCCC1(CCCCN1CCN(CC1)c1ccccc1)c23,3.2,Ki (nM),O=C1Nc2cccc3c2C1(CCCCN1CCN(c2ccccc2)CC1)CCC3,False,False,False
51157897,NCCc1c[nH]c2ccc(O)cc12,3.2,Ki (nM),NCCc1c[nH]c2ccc(O)cc12,False,False,False
50437863,Cc1nc2CCCCn2c(=O)c1CCN1CCC(CC1)c1noc2cc(F)ccc12,3.2,Ki (nM),Cc1nc2n(c(=O)c1CCN1CCC(c3noc4cc(F)ccc34)CC1)CCCC2,False,False,False
51158091,CC1CCN(CC[C@H]2CCCN2S(=O)(=O)c2cccc(C)c2)CC1,3.2,Ki (nM),Cc1cccc(S(=O)(=O)N2CCC[C@@H]2CCN2CCC(C)CC2)c1,False,False,False
50102391,Fc1ccc2c(noc2c1)C1CCN(CCCNS(=O)(=O)c2cnc3ccccn23)CC1,3.2,Ki (nM),O=S(=O)(NCCCN1CCC(c2noc3cc(F)ccc23)CC1)c1cnc2ccccn12,False,False,False
1170845,CCN(CCN1CCC(CC1)c1noc2cc(F)ccc12)C(=O)[C@@H]1CC[C@H](O)CC1,3.2,Ki (nM),CCN(CCN1CCC(c2noc3cc(F)ccc23)CC1)C(=O)[C@H]1CC[C@@H](O)CC1,False,False,False
51157891,NCCCC1(CCCN)CCc2cccc(O)c2C1,3.2,Ki (nM),NCCCC1(CCCN)CCc2cccc(O)c2C1,False,False,False
50102380,Fc1ccc2c(noc2c1)C1CCN(CCCCNS(=O)(=O)c2ccc3cc(Cl)ccc3c2)CC1,3.2,Ki (nM),O=S(=O)(NCCCCN1CCC(c2noc3cc(F)ccc23)CC1)c1ccc2cc(Cl)ccc2c1,False,False,False
51108603,OC(CN1CCN(CC1)c1ccccc1)c1ccc(Cl)c(Cl)c1,3.2,Ki (nM),OC(CN1CCN(c2ccccc2)CC1)c1ccc(Cl)c(Cl)c1,False,False,False
50102286,O=S(=O)(NCCCCN1CCN(CC1)c1nsc2ccccc12)c1cccs1,3.2,Ki (nM),O=S(=O)(NCCCCN1CCN(c2nsc3ccccc23)CC1)c1cccs1,False,False,False
50984863,O=C1Nc2cccc3CCCC1(CCCCN1CCN(CC1)c1ccccc1)c23,3.2,Ki (nM),O=C1Nc2cccc3c2C1(CCCCN1CCN(c2ccccc2)CC1)CCC3,False,False,False
50958806,Clc1ccc(OC2CCN(CC[C@H]3CCCN3S(=O)(=O)c3ccc4cc[nH]c4c3)CC2)cc1,3.2,Ki (nM),O=S(=O)(c1ccc2cc[nH]c2c1)N1CCC[C@@H]1CCN1CCC(Oc2ccc(Cl)cc2)CC1,False,False,False
51133695,Fc1ccc(N2CCN(CCCc3c[nH]c4ccc(F)cc34)CC2)c(c1)-c1ccccc1,3.3,Ki (nM),Fc1ccc(N2CCN(CCCc3c[nH]c4ccc(F)cc34)CC2)c(-c2ccccc2)c1,False,False,False
50078713,O=C1Nc2cccc3CCCC1(CCCCN1CCC(=CC1)c1ccccc1)c23,3.3,Ki (nM),O=C1Nc2cccc3c2C1(CCCCN1CC=C(c2ccccc2)CC1)CCC3,False,False,False
51228714,O=C1NC2C=CC=C3CCCC1(CCCCN1CCN(CC1)c1ccccc1)C23,3.3,Ki (nM),O=C1NC2C=CC=C3CCCC1(CCCCN1CCN(c4ccccc4)CC1)C32,False,False,False
51153312,O=C1Nc2cccc3CCCC1(CCCCN1CCN(CC1)c1ccccc1)c23,3.3,Ki (nM),O=C1Nc2cccc3c2C1(CCCCN1CCN(c2ccccc2)CC1)CCC3,False,False,False
51210369,NC(N)=NC(=O)c1ccc2-c3ccccc3[C@@]3(CCCO3)c2c1,3.3,Ki (nM),NC(N)=NC(=O)c1ccc2c(c1)[C@]1(CCCO1)c1ccccc1-2,False,False,False
51155792,O=C1Nc2cccc3CCCC1(CCCCN1CCN(CC1)c1ccccc1)c23,3.3,Ki (nM),O=C1Nc2cccc3c2C1(CCCCN1CCN(c2ccccc2)CC1)CCC3,False,False,False
50177130,O=C1Nc2cccc3CCC[C@@]1(CCCCN1CCC(=CC1)c1ccccc1)c23,3.31,Ki (nM),O=C1Nc2cccc3c2[C@]1(CCCCN1CC=C(c2ccccc2)CC1)CCC3,False,False,False
1423484,FC(F)(F)c1ccccc1N1CCN(Cn2c3ccccc3[nH]c2=O)CC1,3.33,Ki (nM),O=c1[nH]c2ccccc2n1CN1CCN(c2ccccc2C(F)(F)F)CC1,False,False,False
50154805,C[C@@H]1c2cccc3C[C@H]4N(C)CCc5ccc1c(-c23)c45,3.36,Ki (nM),C[C@@H]1c2cccc3c2-c2c1ccc1c2[C@@H](C3)N(C)CC1,False,False,False
50551626,CCCN(CCC)[C@H]1COc2c(C1)cccc2-c1ccccc1,3.38,Ki (nM),CCCN(CCC)[C@H]1COc2c(cccc2-c2ccccc2)C1,False,False,False
50276417,CCCN(CCC)[C@H]1CCc2c(C1)cccc2-c1ccccc1,3.38,Ki (nM),CCCN(CCC)[C@H]1CCc2c(cccc2-c2ccccc2)C1,False,False,False
50102301,O=S(=O)(NCCCCN1CCN(CC1)c1nsc2ccccc12)c1cccc2scnc12,3.4,Ki (nM),O=S(=O)(NCCCCN1CCN(c2nsc3ccccc23)CC1)c1cccc2scnc12,False,False,False
51228715,Cn1c(CCCCN2CCN(CC2)c2ccccc2)nc2c3ccccc3sc2c1=O,3.4,Ki (nM),Cn1c(CCCCN2CCN(c3ccccc3)CC2)nc2c(sc3ccccc32)c1=O,False,False,False
1170776,CCN(CCN1CCC(CC1)n1ncc2cc(F)ccc12)C(=O)[C@H](C)O,3.4,Ki (nM),CCN(CCN1CCC(n2ncc3cc(F)ccc32)CC1)C(=O)[C@H](C)O,False,False,False
50290757,COc1ccccc1N1CCN(CCCn2c3ccccc3[nH]c2=O)CC1,3.4,Ki (nM),COc1ccccc1N1CCN(CCCn2c(=O)[nH]c3ccccc32)CC1,False,False,False
50866740,Fc1ccc(cc1)N1CCN(CCCCC2C(=O)Nc3ccc(F)cc23)CC1,3.4,Ki (nM),O=C1Nc2ccc(F)cc2C1CCCCN1CCN(c2ccc(F)cc2)CC1,False,False,False
51249182,CNC(=O)Cn1c2CCN(CCCCC34CCCc5cccc(NC3=O)c45)Cc2c2ccccc12,3.5,Ki (nM),CNC(=O)Cn1c2c(c3ccccc31)CN(CCCCC13CCCc4cccc(c41)NC3=O)CC2,False,False,False
174883,"CN1CCN(CC1)C1=c2ccccc2=Nc2ccc(Cl)cc2N1 |c:8,15|",3.5,Ki (nM),CN1CCN(C2=c3ccccc3=Nc3ccc(Cl)cc3N2)CC1,False,False,False
51155757,Fc1ccc(cc1)C1=CCN(CCCCC23CCCc4cccc(NC2=O)c34)CC1,3.5,Ki (nM),O=C1Nc2cccc3c2C1(CCCCN1CC=C(c2ccc(F)cc2)CC1)CCC3,False,False,False
50588352,Fc1ccc(cc1)C1=CCN(CCCCC23CCCc4cccc(NC2=O)c34)CC1,3.5,Ki (nM),O=C1Nc2cccc3c2C1(CCCCN1CC=C(c2ccc(F)cc2)CC1)CCC3,False,False,False
51155818,CNC(=O)Cn1c2CN(CCCCC34CCCc5cccc(NC3=O)c45)CCc2c2ccccc12,3.5,Ki (nM),CNC(=O)Cn1c2c(c3ccccc31)CCN(CCCCC13CCCc4cccc(c41)NC3=O)C2,False,False,False
50503285,Clc1ccc(cc1)C(=O)CCCN1CCc2ccccc2C1,3.5,Ki (nM),O=C(CCCN1CCc2ccccc2C1)c1ccc(Cl)cc1,False,False,False
174875,CN1C[C@H](CNC(=O)OCc2ccccc2)C[C@H]2[C@H]1Cc1cn(C)c3cccc2c13,3.54,Ki (nM),CN1C[C@H](CNC(=O)OCc2ccccc2)C[C@@H]2c3cccc4c3c(cn4C)C[C@H]21,False,False,False
50503284,Clc1ccc(cc1)C(=O)CCCN1CCc2ccccc2C1,3.6,Ki (nM),O=C(CCCN1CCc2ccccc2C1)c1ccc(Cl)cc1,False,False,False
1170938,CCN(CCN1CCC(CC1)c1noc2cc(F)ccc12)C(=O)C1CN(C)CC1O,3.6,Ki (nM),CCN(CCN1CCC(c2noc3cc(F)ccc23)CC1)C(=O)C1CN(C)CC1O,False,False,False
50205302,Fc1ccc(cc1)C(=O)C1CCN(CCc2ccccc2I)CC1,3.68,Ki (nM),O=C(c1ccc(F)cc1)C1CCN(CCc2ccccc2I)CC1,False,False,False
50812911,CSc1ccc2Sc3ccccc3CC(N3CCN(C)CC3)c2c1,3.7,Ki (nM),CSc1ccc2c(c1)C(N1CCN(C)CC1)Cc1ccccc1S2,False,False,False
1170923,CCN(CCN1CCC(CC1)c1noc2cc(F)ccc12)C(=O)C1(O)CCNC1,3.7,Ki (nM),CCN(CCN1CCC(c2noc3cc(F)ccc23)CC1)C(=O)C1(O)CCNC1,False,False,False
51229350,O=c1ccc2ccc(OCCCCN3CCN(CC3)c3cccc4sccc34)cc2[nH]1,3.7,Ki (nM),O=c1ccc2ccc(OCCCCN3CCN(c4cccc5sccc45)CC3)cc2[nH]1,False,False,False
163310,CSc1ccc2Sc3ccccc3CC(N3CCN(C)CC3)c2c1,3.7,Ki (nM),CSc1ccc2c(c1)C(N1CCN(C)CC1)Cc1ccccc1S2,False,False,False
1170767,CCN(CCN1CCC(CC1)C1NOc2cc(F)ccc12)C(=O)C(O)COC,3.7,Ki (nM),CCN(CCN1CCC(C2NOc3cc(F)ccc32)CC1)C(=O)C(O)COC,False,False,False
160278,CSc1ccc2Sc3ccccc3CC(N3CCN(C)CC3)c2c1,3.71,Ki (nM),CSc1ccc2c(c1)C(N1CCN(C)CC1)Cc1ccccc1S2,False,False,False
162711,CSc1ccc2Sc3ccccc3CC(N3CCN(C)CC3)c2c1,3.71,Ki (nM),CSc1ccc2c(c1)C(N1CCN(C)CC1)Cc1ccccc1S2,False,False,False
50866724,CCC1(CCCCN2CCN(CC2)c2ccc(Cl)cc2)C(=O)Nc2ccc(Cl)cc12,3.72,Ki (nM),CCC1(CCCCN2CCN(c3ccc(Cl)cc3)CC2)C(=O)Nc2ccc(Cl)cc21,False,False,False
223558,COc1ccc(cc1OC1CNC1)-c1ccccc1C(F)(F)F,3.79,Ki (nM),COc1ccc(-c2ccccc2C(F)(F)F)cc1OC1CNC1,False,False,False
50276389,CN1CCc2cccc-3c2[C@H]1Cc1cccc(-c2c(C)cccc2C#N)c-31,3.79,Ki (nM),Cc1cccc(C#N)c1-c1cccc2c1-c1cccc3c1[C@@H](C2)N(C)CC3,False,False,False
282655,COc1ccc(cc1OC1CNC1)-c1ccccc1C(F)(F)F,3.79,Ki (nM),COc1ccc(-c2ccccc2C(F)(F)F)cc1OC1CNC1,False,False,False
51153308,O=C1Nc2cccc3CCCC1(CCCCN1CCN(CC1)c1ccccc1C#N)c23,3.8,Ki (nM),N#Cc1ccccc1N1CCN(CCCCC23CCCc4cccc(c42)NC3=O)CC1,False,False,False
50433185,O=C(CCCCCN1CCN(CC1)c1ccccc1-c1ccccc1)N1CCc2ccccc2C1,3.8,Ki (nM),O=C(CCCCCN1CCN(c2ccccc2-c2ccccc2)CC1)N1CCc2ccccc2C1,False,False,False
51468641,CN1CCN(CC1(C)C)[C@@H]1C[C@H](c2ccc(Cl)cc12)c1ccccc1,3.8,Ki (nM),CN1CCN([C@@H]2C[C@@H](c3ccccc3)c3ccc(Cl)cc32)CC1(C)C,False,False,False
51565936,CN1CCc2cccc-3c2[C@H]1Cc1cccc(-c2c(C)cccc2C#N)c-31,3.8,Ki (nM),Cc1cccc(C#N)c1-c1cccc2c1-c1cccc3c1[C@@H](C2)N(C)CC3,False,False,False
1170818,CC(C)N(CCN1CCC(CC1)c1noc2cc(F)ccc12)C(=O)CCO,3.8,Ki (nM),CC(C)N(CCN1CCC(c2noc3cc(F)ccc23)CC1)C(=O)CCO,False,False,False
51155817,O=C1Nc2cccc3CCCC1(CCCCN1CCN(CC1)c1ccccc1C#N)c23,3.8,Ki (nM),N#Cc1ccccc1N1CCN(CCCCC23CCCc4cccc(c42)NC3=O)CC1,False,False,False
51344474,CN1CCc2cccc-3c2[C@H]1Cc1cccc(-c2c(C)cccc2C#N)c-31,3.8,Ki (nM),Cc1cccc(C#N)c1-c1cccc2c1-c1cccc3c1[C@@H](C2)N(C)CC3,False,False,False
50102276,Cc1cccc(c1)S(=O)(=O)NCCN1CCN(CC1)c1nsc2ccccc12,3.8,Ki (nM),Cc1cccc(S(=O)(=O)NCCN2CCN(c3nsc4ccccc34)CC2)c1,False,False,False
51205651,COc1ccc(cc1)-c1ccccc1N1CCN(CCCCCC(=O)NCc2ccc(F)nc2)CC1,3.8,Ki (nM),COc1ccc(-c2ccccc2N2CCN(CCCCCC(=O)NCc3ccc(F)nc3)CC2)cc1,False,False,False
1466097,COc1ccc2[nH]cc(CCN(C)C)c2c1,3.9,Ki (nM),COc1ccc2[nH]cc(CCN(C)C)c2c1,False,False,False
180424,CC1CCN(CC[C@H]2CCCN2S(=O)(=O)c2ccc(Cl)c(Cl)c2)CC1,3.98,Ki (nM),CC1CCN(CC[C@H]2CCCN2S(=O)(=O)c2ccc(Cl)c(Cl)c2)CC1,False,False,False
174168,CSc1ccc2Sc3ccccc3CC(N3CCN(C)CC3)c2c1,3.98,Ki (nM),CSc1ccc2c(c1)C(N1CCN(C)CC1)Cc1ccccc1S2,False,False,False
174169,CSc1ccc2Sc3ccccc3CC(N3CCN(C)CC3)c2c1,3.98,Ki (nM),CSc1ccc2c(c1)C(N1CCN(C)CC1)Cc1ccccc1S2,False,False,False
51364367,Fc1ccc(cc1)S(=O)(=O)N[C@@H]1CCN(CCCc2noc3ccccc23)C1,4.0,Ki (nM),O=S(=O)(N[C@@H]1CCN(CCCc2noc3ccccc23)C1)c1ccc(F)cc1,False,False,False
50462469,CC(C)c1cccc(OCCN2C3CCC2CC(C3)NS(=O)(=O)c2cccc(Cl)c2)c1,4.0,Ki (nM),CC(C)c1cccc(OCCN2C3CCC2CC(NS(=O)(=O)c2cccc(Cl)c2)C3)c1,False,False,False
50812814,CSc1ccc2Sc3ccccc3CC(N3CCN(C)CC3)c2c1,4.0,Ki (nM),CSc1ccc2c(c1)C(N1CCN(C)CC1)Cc1ccccc1S2,False,False,False
51060423,CNC(=O)CN1C2CN(CCCCC34CCCc5cccc(NC3=O)c45)CCC2c2ccccc12,4.0,Ki (nM),CNC(=O)CN1c2ccccc2C2CCN(CCCCC34CCCc5cccc(c53)NC4=O)CC21,False,False,False
792002,CCCN1CC(C1)Oc1cc(Br)ccc1OCc1cccc(F)c1,4.0,Ki (nM),CCCN1CC(Oc2cc(Br)ccc2OCc2cccc(F)c2)C1,False,False,False
51126813,O=S(=O)(N1CCC[C@@H]1CCN1CCN(CC1)c1cccc2sccc12)c1cncc2ccccc12,4.0,Ki (nM),O=S(=O)(c1cncc2ccccc12)N1CCC[C@@H]1CCN1CCN(c2cccc3sccc23)CC1,False,False,False
50958872,CC(C)c1ccccc1OCCN1CCC(C1)NS(=O)(=O)c1cccc(Cl)c1,4.0,Ki (nM),CC(C)c1ccccc1OCCN1CCC(NS(=O)(=O)c2cccc(Cl)c2)C1,False,False,False
50958875,Clc1ccc(s1)S(=O)(=O)N[C@@H]1CCN(CCOc2ccccc2-c2ccccc2)C1,4.0,Ki (nM),O=S(=O)(N[C@@H]1CCN(CCOc2ccccc2-c2ccccc2)C1)c1ccc(Cl)s1,False,False,False
51155800,O=C1Nc2cccc3CCCC1(CCCCN1CCC(CC1)c1ccccc1)c23,4.0,Ki (nM),O=C1Nc2cccc3c2C1(CCCCN1CCC(c2ccccc2)CC1)CCC3,False,False,False
50462421,CC(C)c1cccc(OCCN2C3CCC2CC(C3)NS(=O)(=O)c2cc(F)ccc2F)c1,4.0,Ki (nM),CC(C)c1cccc(OCCN2C3CCC2CC(NS(=O)(=O)c2cc(F)ccc2F)C3)c1,False,False,False
51158040,CC1CCN(CC[C@@H]2CCCN2S(=O)(=O)c2ccc(Cl)c(Cl)c2)CC1,4.0,Ki (nM),CC1CCN(CC[C@@H]2CCCN2S(=O)(=O)c2ccc(Cl)c(Cl)c2)CC1,False,False,False
50276138,C[C@H](Nc1cncc(NCCOc2ccc(F)cc2)c1)c1ccccc1,4.0,Ki (nM),C[C@H](Nc1cncc(NCCOc2ccc(F)cc2)c1)c1ccccc1,False,False,False
50984860,O=C1Nc2cccc3CCCC1(CCCCN1CCN(CC1)c1ccccc1C#N)c23,4.0,Ki (nM),N#Cc1ccccc1N1CCN(CCCCC23CCCc4cccc(c42)NC3=O)CC1,False,False,False
50276132,C[C@H](Nc1cncc(NCCOc2ccccc2)c1)c1ccccc1,4.0,Ki (nM),C[C@H](Nc1cncc(NCCOc2ccccc2)c1)c1ccccc1,False,False,False
50276120,C[C@H](Nc1cc(NCCc2ccc(F)cc2)ccn1)c1ccccc1,4.0,Ki (nM),C[C@H](Nc1cc(NCCc2ccc(F)cc2)ccn1)c1ccccc1,False,False,False
50812975,CNC(=O)Cn1c2CN(CCCCC34CCCc5cccc(NC3=O)c45)CCc2c2ccccc12,4.0,Ki (nM),CNC(=O)Cn1c2c(c3ccccc31)CCN(CCCCC13CCCc4cccc(c41)NC3=O)C2,False,False,False
51126949,O=S(=O)(N1CCC[C@@H]1CCN1CCN(CC1)c1cccc2[nH]ccc12)c1cncc2ccccc12,4.0,Ki (nM),O=S(=O)(c1cncc2ccccc12)N1CCC[C@@H]1CCN1CCN(c2cccc3[nH]ccc23)CC1,False,False,False
51158053,O=C1Nc2cccc3CCCC1(CCCCN1CCN(CC1)c1ccccc1C#N)c23,4.0,Ki (nM),N#Cc1ccccc1N1CCN(CCCCC23CCCc4cccc(c42)NC3=O)CC1,False,False,False
792359,COc1ccc(CCOc2ccc(Cl)cc2OC2CNC2)cc1,4.0,Ki (nM),COc1ccc(CCOc2ccc(Cl)cc2OC2CNC2)cc1,False,False,False
50284499,CC1C=CC=C(C#N)C1c1cccc2CC3N(C)CCc4cccc(c34)-c12,4.0,Ki (nM),CC1C=CC=C(C#N)C1c1cccc2c1-c1cccc3c1C(C2)N(C)CC3,False,False,False
50268817,Cc1cccc2c1-c1ccc(cc1C2(C)O)C(=O)N=C(N)N,4.0,Ki (nM),Cc1cccc2c1-c1ccc(C(=O)N=C(N)N)cc1C2(C)O,False,False,False
50204561,NCCc1c[nH]c2ccc(O)cc12,4.0,Ki (nM),NCCc1c[nH]c2ccc(O)cc12,False,False,False
51158077,CN1CCc2cccc-3c2[C@H]1Cc1cccc(-c2c(C)cccc2C#N)c-31,4.0,Ki (nM),Cc1cccc(C#N)c1-c1cccc2c1-c1cccc3c1[C@@H](C2)N(C)CC3,False,False,False
51249151,CSc1ccc2Sc3ccccc3CC(N3CCN(C)CC3)c2c1,4.0,Ki (nM),CSc1ccc2c(c1)C(N1CCN(C)CC1)Cc1ccccc1S2,False,False,False
50663740,CCC1(CCCCN2CCN(CC2)c2ccccn2)C(=O)Nc2ccccc12,4.0,Ki (nM),CCC1(CCCCN2CCN(c3ccccn3)CC2)C(=O)Nc2ccccc21,False,False,False
791989,COc1ccc(COc2ccc(Br)cc2OC2CNC2)cc1Cl,4.0,Ki (nM),COc1ccc(COc2ccc(Br)cc2OC2CNC2)cc1Cl,False,False,False
51285555,CCn1cncc1-c1c[nH]c2ccc(I)c(F)c12,4.0,Ki (nM),CCn1cncc1-c1c[nH]c2ccc(I)c(F)c12,False,False,False
50268815,CC1c2ccccc2-c2ccc(cc12)C(=O)N=C(N)N,4.1,Ki (nM),CC1c2ccccc2-c2ccc(C(=O)N=C(N)N)cc21,False,False,False
50102299,O=S(=O)(NCCCCN1CCN(CC1)c1nsc2ccccc12)c1cnc2ccccn12,4.1,Ki (nM),O=S(=O)(NCCCCN1CCN(c2nsc3ccccc23)CC1)c1cnc2ccccn12,False,False,False
50256185,CN(C)CCSc1cccc(Br)n1,4.1,Ki (nM),CN(C)CCSc1cccc(Br)n1,False,False,False
50268806,CCc1cccc2C(O)c3cc(ccc3-c12)C(=O)N=C(N)N,4.1,Ki (nM),CCc1cccc2c1-c1ccc(C(=O)N=C(N)N)cc1C2O,False,False,False
50102384,Fc1ccc2c(noc2c1)C1CCN(CCCNS(=O)(=O)c2cc3ccccc3s2)CC1,4.1,Ki (nM),O=S(=O)(NCCCN1CCC(c2noc3cc(F)ccc23)CC1)c1cc2ccccc2s1,False,False,False
38642,CC(=O)c1ccccc1N1CCN(CCCCCC(=O)NC2CCCc3ccccc23)CC1,4.14,Ki (nM),CC(=O)c1ccccc1N1CCN(CCCCCC(=O)NC2CCCc3ccccc32)CC1,False,False,False
50289706,CC(=O)c1ccccc1N1CCN(CCCCCC(=O)NC2CCCc3ccccc23)CC1,4.14,Ki (nM),CC(=O)c1ccccc1N1CCN(CCCCCC(=O)NC2CCCc3ccccc32)CC1,False,False,False
1423514,Fc1ccc(cc1)N1C[C@@H]2CN(CCCCCn3c4ccccc4[nH]c3=O)C[C@@H]2C1,4.19,Ki (nM),O=c1[nH]c2ccccc2n1CCCCCN1C[C@@H]2CN(c3ccc(F)cc3)C[C@@H]2C1,False,False,False
1170851,CCN(CCN1CCC(CC1)c1noc2cc(F)ccc12)C(=O)C1CC(O)C1,4.2,Ki (nM),CCN(CCN1CCC(c2noc3cc(F)ccc23)CC1)C(=O)C1CC(O)C1,False,False,False
50855716,CC(C)Oc1cccc2C(C)NC(NCC(F)F)=Nc12,4.2,Ki (nM),CC(C)Oc1cccc2c1N=C(NCC(F)F)NC2C,False,False,False
153894,CC(COc1ccccc1)N(CCCl)Cc1ccccc1,4.2,Ki (nM),CC(COc1ccccc1)N(CCCl)Cc1ccccc1,False,False,False
51337114,CN(C)C1CCc2c(C1)cccc2-c1ccccc1Cl,4.2,Ki (nM),CN(C)C1CCc2c(cccc2-c2ccccc2Cl)C1,False,False,False
153896,Cc1ccc(cc1)N(CC1=NCCN1)c1cccc(O)c1 |t:10|,4.2,Ki (nM),Cc1ccc(N(CC2=NCCN2)c2cccc(O)c2)cc1,False,False,False
50102383,Fc1ccc2c(noc2c1)C1CCN(CCCCNS(=O)(=O)c2csc3ccccc23)CC1,4.3,Ki (nM),O=S(=O)(NCCCCN1CCC(c2noc3cc(F)ccc23)CC1)c1csc2ccccc12,False,False,False
161669,CN1CCN(CC1)C1=Nc2ccccc2Sc2ccc(Cl)cc12 |t:8|,4.3,Ki (nM),CN1CCN(C2=Nc3ccccc3Sc3ccc(Cl)cc32)CC1,False,False,False
50300500,Cc1nc2CCCCn2c(=O)c1CCN1CCC(CC1)c1noc2cc(F)ccc12,4.3,Ki (nM),Cc1nc2n(c(=O)c1CCN1CCC(c3noc4cc(F)ccc34)CC1)CCCC2,False,False,False
1170842,CCN(CCN1CCC(CC1)c1noc2cc(F)ccc12)C(=O)[C@H]1CC[C@H](O)CC1,4.3,Ki (nM),CCN(CCN1CCC(c2noc3cc(F)ccc23)CC1)C(=O)[C@H]1CC[C@H](O)CC1,False,False,False
51210337,[#6]C1([#8])c2ccccc2-c2ccc(cc12)-[#6](=O)[#7]=[#6]([#7])-[#7],4.3,Ki (nM),[C]C1([O])c2ccccc2-c2ccc(C(=O)N=C([N])[N])cc21,False,False,False
51315537,O=C(CCN1CCN(Cc2ccccc2)CC1)NCc1ccccc1,4.3,Ki (nM),O=C(CCN1CCN(Cc2ccccc2)CC1)NCc1ccccc1,False,False,False
50154835,CN1CCc2ccc3c4-c5c(cccc5C[C@@H]1c24)[C@]3(C)O,4.3,Ki (nM),CN1CCc2ccc3c4c2[C@H]1Cc1cccc(c1-4)[C@]3(C)O,False,False,False
51565932,CN1CCc2ccc3Cc4cccc5C[C@@H]1c2c3-c45,4.3,Ki (nM),CN1CCc2ccc3c4c2[C@H]1Cc1cccc(c1-4)C3,False,False,False
51315520,O=C(CCN1CCN(Cc2ccccc2)CC1)NCc1ccccc1,4.3,Ki (nM),O=C(CCN1CCN(Cc2ccccc2)CC1)NCc1ccccc1,False,False,False
50268816,[#6]C1([#8])c2ccccc2-c2ccc(cc12)-[#6](=O)[#7]=[#6]([#7])-[#7],4.3,Ki (nM),[C]C1([O])c2ccccc2-c2ccc(C(=O)N=C([N])[N])cc21,False,False,False
50866730,CCC1(CCCCN2CCc3sccc3C2)C(=O)Nc2ccccc12,4.31,Ki (nM),CCC1(CCCCN2CCc3sccc3C2)C(=O)Nc2ccccc21,False,False,False
50102351,Fc1ccc2c(noc2c1)C1CCN(CCCCNS(=O)(=O)c2ccc(F)c(Cl)c2)CC1,4.4,Ki (nM),O=S(=O)(NCCCCN1CCC(c2noc3cc(F)ccc23)CC1)c1ccc(F)c(Cl)c1,False,False,False
223574,COc1ccc(cc1OC1CNC1)-c1ccccc1Cl,4.42,Ki (nM),COc1ccc(-c2ccccc2Cl)cc1OC1CNC1,False,False,False
282671,COc1ccc(cc1OC1CNC1)-c1ccccc1Cl,4.42,Ki (nM),COc1ccc(-c2ccccc2Cl)cc1OC1CNC1,False,False,False
50324453,CN1CCc2c(C1)sc1ncn(CCN3CCN(CC3)c3ccnc4ccccc34)c(=O)c21,4.48,Ki (nM),CN1CCc2c(sc3ncn(CCN4CCN(c5ccnc6ccccc56)CC4)c(=O)c23)C1,False,False,False
51249183,COc1ccccc1N1CCN(Cc2cn(-c3cccc4ccccc34)c3ccccc23)CC1,4.5,Ki (nM),COc1ccccc1N1CCN(Cc2cn(-c3cccc4ccccc34)c3ccccc23)CC1,False,False,False
50520294,COCOc1ccc(CNC(=O)CCCCCN2CCN(CC2)c2ccccc2-c2ccccc2)cc1,4.5,Ki (nM),COCOc1ccc(CNC(=O)CCCCCN2CCN(c3ccccc3-c3ccccc3)CC2)cc1,False,False,False
51207226,COc1ccccc1N1CCN(Cc2cn(-c3cccc4ccccc34)c3ccccc23)CC1,4.5,Ki (nM),COc1ccccc1N1CCN(Cc2cn(-c3cccc4ccccc34)c3ccccc23)CC1,False,False,False
50593482,Fc1ccc(OC2CCN(CCN3CCCc4ccccc4C3=O)CC2)cc1,4.5,Ki (nM),O=C1c2ccccc2CCCN1CCN1CCC(Oc2ccc(F)cc2)CC1,False,False,False
51344451,CN1CCc2cccc3-c4cc(NC(N)=O)ccc4CC1c23,4.5,Ki (nM),CN1CCc2cccc3c2C1Cc1ccc(NC(N)=O)cc1-3,False,False,False
50102297,Cc1c(sc2ccc(F)cc12)S(=O)(=O)NCCCCN1CCN(CC1)c1nsc2ccccc12,4.6,Ki (nM),Cc1c(S(=O)(=O)NCCCCN2CCN(c3nsc4ccccc34)CC2)sc2ccc(F)cc12,False,False,False
161672,CN1CCN(CC1)C1=Nc2cc(F)ccc2Cc2ccccc12 |t:8|,4.6,Ki (nM),CN1CCN(C2=Nc3cc(F)ccc3Cc3ccccc32)CC1,False,False,False
1170815,CCN(CCN1CCC(CC1)c1noc2cc(F)ccc12)C(=O)C(O)C(F)(F)F,4.6,Ki (nM),CCN(CCN1CCC(c2noc3cc(F)ccc23)CC1)C(=O)C(O)C(F)(F)F,False,False,False
50313389,COc1ccccc1N1CCN(Cc2ccn(c2)-c2ccccc2C)CC1,4.7,Ki (nM),COc1ccccc1N1CCN(Cc2ccn(-c3ccccc3C)c2)CC1,False,False,False
153851,Clc1cccc(Cl)c1\[#7]=[#6]-1\[#7]-[#6]-[#6]-[#7]-1,4.7,Ki (nM),Clc1cccc(Cl)c1N=C1[N][C][C][N]1,False,False,False
50381676,COc1ccccc1N1CCN(Cc2ccn(c2)-c2ccccc2C)CC1,4.7,Ki (nM),COc1ccccc1N1CCN(Cc2ccn(-c3ccccc3C)c2)CC1,False,False,False
50866751,CCC1(CCCCN2CCN(CC2)c2cccc(Cl)c2)C(=O)Nc2c1cc(F)cc2Cl,4.75,Ki (nM),CCC1(CCCCN2CCN(c3cccc(Cl)c3)CC2)C(=O)Nc2c(Cl)cc(F)cc21,False,False,False
162728,CCCN1C[C@H](CSC)C[C@H]2[C@H]1Cc1c[nH]c3cccc2c13,4.78,Ki (nM),CCCN1C[C@H](CSC)C[C@@H]2c3cccc4[nH]cc(c34)C[C@H]21,False,False,False
170573,CCCN1C[C@H](CSC)C[C@H]2[C@H]1Cc1c[nH]c3cccc2c13,4.78,Ki (nM),CCCN1C[C@H](CSC)C[C@@H]2c3cccc4[nH]cc(c34)C[C@H]21,False,False,False
51364350,O=S(=O)(N[C@@H]1CCN(CCCc2noc3ccccc23)C1)c1cc2ccccc2s1,4.8,Ki (nM),O=S(=O)(N[C@@H]1CCN(CCCc2noc3ccccc23)C1)c1cc2ccccc2s1,False,False,False
51408594,O=C(CCCN1CCN(CC1)c1ccccn1)c1ccc2NC(=O)CCc2c1,4.8,Ki (nM),O=C1CCc2cc(C(=O)CCCN3CCN(c4ccccn4)CC3)ccc2N1,False,False,False
50387091,COc1ccccc1N1CCN(CCc2cccc(OCCCCCCCCOc3cccc(CCN4CCN(CC4)c4ccccc4OC)c3)c2)CC1,4.8,Ki (nM),COc1ccccc1N1CCN(CCc2cccc(OCCCCCCCCOc3cccc(CCN4CCN(c5ccccc5OC)CC4)c3)c2)CC1,False,False,False
51408616,O=C(CCCN1CCN(CC1)c1ccccn1)c1ccc2NC(=O)CCc2c1,4.8,Ki (nM),O=C1CCc2cc(C(=O)CCCN3CCN(c4ccccn4)CC3)ccc2N1,False,False,False
51155813,Cc1ccc(cc1)C1=CCN(CCCCC23CCCc4cccc(NC2=O)c34)CC1,4.8,Ki (nM),Cc1ccc(C2=CCN(CCCCC34CCCc5cccc(c53)NC4=O)CC2)cc1,False,False,False
162653,NCCc1c[nH]c2ccc(O)cc12,4.89,Ki (nM),NCCc1c[nH]c2ccc(O)cc12,False,False,False
51210350,[#7][#6](-[#7])=[#7][#6](=O)-c1ccc2-c3ccccc3C3([#6]-[#6]3)c2c1,4.9,Ki (nM),[N]C([N])=NC(=O)c1ccc2c(c1)C1([C][C]1)c1ccccc1-2,False,False,False
175526,c1ccc2c(c1)c(ns2)N3CCN(CC3)CCc4cc5c(cc4Cl)NC(=O)C5,4.9,Ki (nM),O=C1Cc2cc(CCN3CCN(c4nsc5ccccc45)CC3)c(Cl)cc2N1,False,False,False
172871,c1ccc2c(c1)c(ns2)N3CCN(CC3)CCc4cc5c(cc4Cl)NC(=O)C5,4.9,Ki (nM),O=C1Cc2cc(CCN3CCN(c4nsc5ccccc45)CC3)c(Cl)cc2N1,False,False,False
51375349,CN1CCc2ccc(OCCCN3CCC(CC3)c3noc4cc(F)ccc34)cc2C1=O,4.9,Ki (nM),CN1CCc2ccc(OCCCN3CCC(c4noc5cc(F)ccc45)CC3)cc2C1=O,False,False,False
1170764,CCN(CCN1CCC(CC1)c1noc2cc(F)ccc12)C(=O)CCO,4.9,Ki (nM),CCN(CCN1CCC(c2noc3cc(F)ccc23)CC1)C(=O)CCO,False,False,False
51364365,O=S(=O)(N[C@@H]1CCN(CCCc2noc3ccccc23)C1)c1csc2ccccc12,5.0,Ki (nM),O=S(=O)(N[C@@H]1CCN(CCCc2noc3ccccc23)C1)c1csc2ccccc12,False,False,False
50812869,O=C1Nc2cccc3CCCC1(CCCN1CCN(CC1)c1ccccc1)c23,5.0,Ki (nM),O=C1Nc2cccc3c2C1(CCCN1CCN(c2ccccc2)CC1)CCC3,False,False,False
170688,NCCc1c[nH]c2ccc(O)cc12,5.0,Ki (nM),NCCc1c[nH]c2ccc(O)cc12,False,False,False
50663746,Fc1ccc(cc1)N1CCN(CCCCC2C(=O)Nc3ccccc23)CC1,5.0,Ki (nM),O=C1Nc2ccccc2C1CCCCN1CCN(c2ccc(F)cc2)CC1,False,False,False
792325,Clc1ccc(OCCc2ccccc2)c(OC2CNC2)c1,5.0,Ki (nM),Clc1ccc(OCCc2ccccc2)c(OC2CNC2)c1,False,False,False
154121,O=C(NC1CCN(CCc2c[nH]c3ccccc23)CC1)c1ccccc1,5.0,Ki (nM),O=C(NC1CCN(CCc2c[nH]c3ccccc23)CC1)c1ccccc1,False,False,False
792000,CCN1CC(C1)Oc1cc(Br)ccc1OCc1cccc(F)c1,5.0,Ki (nM),CCN1CC(Oc2cc(Br)ccc2OCc2cccc(F)c2)C1,False,False,False
51282049,COc1ccccc1N1CCN(CCCCC23CCCc4cccc(NC2=O)c34)CC1,5.0,Ki (nM),COc1ccccc1N1CCN(CCCCC23CCCc4cccc(c42)NC3=O)CC1,False,False,False
51126940,Clc1cc2NC(=O)Cc2cc1CCN1CCN(CC1)c1nsc2ccccc12,5.0,Ki (nM),O=C1Cc2cc(CCN3CCN(c4nsc5ccccc45)CC3)c(Cl)cc2N1,False,False,False
306837,Clc1cccc(N2CCN(CCCCC3NC(=NNC3=O)C3CCCCC3)CC2)c1Cl |c:16|,5.0,Ki (nM),O=C1NN=C(C2CCCCC2)NC1CCCCN1CCN(c2cccc(Cl)c2Cl)CC1,False,False,False
792152,CN1CCC(C1)Oc1cc(Br)ccc1OCc1cccc(OS(C)(=O)=O)c1,5.0,Ki (nM),CN1CCC(Oc2cc(Br)ccc2OCc2cccc(OS(C)(=O)=O)c2)C1,False,False,False
792154,C[C@@H](Oc1ccc(Cl)cc1OC1CNC1)c1cccc(c1)C(F)(F)F,5.0,Ki (nM),C[C@@H](Oc1ccc(Cl)cc1OC1CNC1)c1cccc(C(F)(F)F)c1,False,False,False
51163675,Clc1cc2NC(=O)Cc2cc1CCN1CCN(CC1)c1nsc2ccccc12,5.0,Ki (nM),O=C1Cc2cc(CCN3CCN(c4nsc5ccccc45)CC3)c(Cl)cc2N1,False,False,False
51158036,COc1ccccc1N1CCN(CCCCC23CCCc4cccc(NC2=O)c34)CC1,5.0,Ki (nM),COc1ccccc1N1CCN(CCCCC23CCCc4cccc(c42)NC3=O)CC1,False,False,False
163299,COc1ccc2c(c1)c(c[nH]2)CCN,5.0,Ki (nM),COc1ccc2[nH]cc(CCN)c2c1,False,False,False
51158061,O=C1Nc2cccc3CCCC1(CCCN1CCN(CC1)c1ccccc1)c23,5.0,Ki (nM),O=C1Nc2cccc3c2C1(CCCN1CCN(c2ccccc2)CC1)CCC3,False,False,False
50817572,Cc1cccc(c1)S(=O)(=O)NCCCN1CCC(=CC1)c1c[nH]c2ccc(Cl)cc12,5.0,Ki (nM),Cc1cccc(S(=O)(=O)NCCCN2CC=C(c3c[nH]c4ccc(Cl)cc34)CC2)c1,False,False,False
792170,CC(Oc1ccc(Cl)cc1OC1CN(C)C1)c1cccc(c1)C(F)(F)F,5.0,Ki (nM),CC(Oc1ccc(Cl)cc1OC1CN(C)C1)c1cccc(C(F)(F)F)c1,False,False,False
50984864,O=C1Nc2cccc3CCCC1(CCCN1CCN(CC1)c1ccccc1)c23,5.0,Ki (nM),O=C1Nc2cccc3c2C1(CCCN1CCN(c2ccccc2)CC1)CCC3,False,False,False
50444781,CN(C1CCN(CCOc2ccccc2-c2ccccc2)CC1)S(=O)(=O)c1ccc(F)cc1,5.0,Ki (nM),CN(C1CCN(CCOc2ccccc2-c2ccccc2)CC1)S(=O)(=O)c1ccc(F)cc1,False,False,False
50984871,COc1ccccc1N1CCN(CCCCC23CCCc4cccc(NC2=O)c34)CC1,5.0,Ki (nM),COc1ccccc1N1CCN(CCCCC23CCCc4cccc(c42)NC3=O)CC1,False,False,False
792354,Fc1ccc(CCOc2ccc(Cl)cc2OC2CNC2)cc1,5.0,Ki (nM),Fc1ccc(CCOc2ccc(Cl)cc2OC2CNC2)cc1,False,False,False
50276112,C[C@H](Nc1cc(NCCOc2ccc(F)cc2)ncn1)c1ccccc1,5.0,Ki (nM),C[C@H](Nc1cc(NCCOc2ccc(F)cc2)ncn1)c1ccccc1,False,False,False
50276111,C[C@H](Nc1cc(NCCc2ccc(F)cc2)ncn1)c1ccccc1,5.0,Ki (nM),C[C@H](Nc1cc(NCCc2ccc(F)cc2)ncn1)c1ccccc1,False,False,False
50588339,Clc1ccc2NC(=O)C3(CCCCN4CCC(=CC4)c4ccccc4)CCCc1c23,5.0,Ki (nM),O=C1Nc2ccc(Cl)c3c2C1(CCCCN1CC=C(c2ccccc2)CC1)CCC3,False,False,False
50310670,O=C(CCCCN1CCN(CC1)c1ccccc1-c1ccccc1)N1CCC[C@H]1C(=O)N1CCCCC1,5.0,Ki (nM),O=C([C@@H]1CCCN1C(=O)CCCCN1CCN(c2ccccc2-c2ccccc2)CC1)N1CCCCC1,False,False,False
50958840,Fc1ccc(cc1)S(=O)(=O)N[C@@H]1CCN(CCOc2ccccc2-c2ccccc2)C1,5.0,Ki (nM),O=S(=O)(N[C@@H]1CCN(CCOc2ccccc2-c2ccccc2)C1)c1ccc(F)cc1,False,False,False
51249150,COc1ccc2[nH]cc(CCN)c2c1,5.0,Ki (nM),COc1ccc2[nH]cc(CCN)c2c1,False,False,False
51364345,O=S(=O)(N[C@H]1CCN(CCCc2noc3ccccc23)C1)c1ccc2ccccc2c1,5.0,Ki (nM),O=S(=O)(N[C@H]1CCN(CCCc2noc3ccccc23)C1)c1ccc2ccccc2c1,False,False,False
51285622,CCn1cncc1-c1c[nH]c2ccc(cc12)C(N)=O,5.0,Ki (nM),CCn1cncc1-c1c[nH]c2ccc(C(N)=O)cc12,False,False,False
50958839,CSc1ccccc1OCCN1CCC(C1)NS(=O)(=O)c1ccc(Cl)s1,5.0,Ki (nM),CSc1ccccc1OCCN1CCC(NS(=O)(=O)c2ccc(Cl)s2)C1,False,False,False
50276096,CC(Nc1nc(N)nc(NCCOc2ccc(F)cc2)n1)c1ccc(F)cc1,5.0,Ki (nM),CC(Nc1nc(N)nc(NCCOc2ccc(F)cc2)n1)c1ccc(F)cc1,False,False,False
180758,CN(C)CC\C=C1/c2ccccc2Sc2ccc(Cl)cc12,5.01,Ki (nM),CN(C)CC/C=C1\c2ccccc2Sc2ccc(Cl)cc21,False,False,False
178487,[#6]-c1nc2sccn2c(=O)c1-[#6]-[#6]-[#7]-1-[#6]-[#6]\[#6](-[#6]-[#6]-1)=[#6](\c1ccc(F)cc1)-c1ccc(F)cc1,5.01,Ki (nM),[C]c1nc2sccn2c(=O)c1[C][C]N1[C][C]C(=C(c2ccc(F)cc2)c2ccc(F)cc2)[C][C]1,False,False,False
178484,CC1=C(C(=O)N2CCCCC2=N1)CCN3CCC(CC3)c4c5ccc(cc5on4)F,5.01,Ki (nM),Cc1nc2n(c(=O)c1CCN1CCC(c3noc4cc(F)ccc34)CC1)CCCC2,False,False,False
162660,COc1ccc2c(c1)c(c[nH]2)CCN,5.01,Ki (nM),COc1ccc2[nH]cc(CCN)c2c1,False,False,False
174138,COc1ccc2c(c1)c(c[nH]2)CCN,5.01,Ki (nM),COc1ccc2[nH]cc(CCN)c2c1,False,False,False
178042,CC1=C(C(=O)N2CCCCC2=N1)CCN3CCC(CC3)c4c5ccc(cc5on4)F,5.01,Ki (nM),Cc1nc2n(c(=O)c1CCN1CCC(c3noc4cc(F)ccc34)CC1)CCCC2,False,False,False
162655,NCCc1c[nH]c2ccc(O)cc12,5.01,Ki (nM),NCCc1c[nH]c2ccc(O)cc12,False,False,False
1423496,FC(F)(F)c1ccc(cc1)N1CCN(CCCCCn2c3ccccc3[nH]c2=O)CC1,5.05,Ki (nM),O=c1[nH]c2ccccc2n1CCCCCN1CCN(c2ccc(C(F)(F)F)cc2)CC1,False,False,False
51155772,COc1ccccc1N1CCN(CCCCC23CCCc4cccc(NC2=O)c34)CC1,5.1,Ki (nM),COc1ccccc1N1CCN(CCCCC23CCCc4cccc(c42)NC3=O)CC1,False,False,False
50102349,Fc1ccc2c(noc2c1)C1CCN(CCCCNS(=O)(=O)c2ccc(Cl)c(Cl)c2)CC1,5.1,Ki (nM),O=S(=O)(NCCCCN1CCC(c2noc3cc(F)ccc23)CC1)c1ccc(Cl)c(Cl)c1,False,False,False
51153310,COc1ccccc1N1CCN(CCCCC23CCCc4cccc(NC2=O)c34)CC1,5.1,Ki (nM),COc1ccccc1N1CCN(CCCCC23CCCc4cccc(c42)NC3=O)CC1,False,False,False
50433123,CC(C)c1ccccc1N1CCN(CCCCCC(=O)NCc2ccncc2)CC1,5.1,Ki (nM),CC(C)c1ccccc1N1CCN(CCCCCC(=O)NCc2ccncc2)CC1,False,False,False
50663744,CCC1(CCCCN2CCN(CC2)c2cccc(c2)C(F)(F)F)C(=O)Nc2ccccc12,5.1,Ki (nM),CCC1(CCCCN2CCN(c3cccc(C(F)(F)F)c3)CC2)C(=O)Nc2ccccc21,False,False,False
51210352,NC(N)=NC(=O)c1ccc2-c3ccccc3[C@]3(CCCO3)c2c1,5.1,Ki (nM),NC(N)=NC(=O)c1ccc2c(c1)[C@@]1(CCCO1)c1ccccc1-2,False,False,False
50102339,Clc1ccc2cc(sc2c1)S(=O)(=O)NCCCCN1CCN(CC1)c1noc2ccccc12,5.1,Ki (nM),O=S(=O)(NCCCCN1CCN(c2noc3ccccc23)CC1)c1cc2ccc(Cl)cc2s1,False,False,False
50866735,CCC1(CCCCN2CCN(CC2)c2ccccc2Cl)C(=O)Nc2ccccc12,5.11,Ki (nM),CCC1(CCCCN2CCN(c3ccccc3Cl)CC2)C(=O)Nc2ccccc21,False,False,False
1170722,CCN(CCN1CCC(CC1)n1ncc2cc(F)ccc12)C(=O)[C@@H](C)O,5.2,Ki (nM),CCN(CCN1CCC(n2ncc3cc(F)ccc32)CC1)C(=O)[C@@H](C)O,False,False,False
51337067,CN(C)[C@H]1CCc2c(C1)cccc2-c1cccc2ccccc12,5.2,Ki (nM),CN(C)[C@H]1CCc2c(cccc2-c2cccc3ccccc23)C1,False,False,False
51153305,O=C1Nc2cccc3CCCC1(CCCN1CCN(CC1)c1ccccc1)c23,5.2,Ki (nM),O=C1Nc2cccc3c2C1(CCCN1CCN(c2ccccc2)CC1)CCC3,False,False,False
51442070,CNCc1ccc(Cl)c(c1)-c1ccccc1OC,5.2,Ki (nM),CNCc1ccc(Cl)c(-c2ccccc2OC)c1,False,False,False
51442087,CNCc1ccc(Cl)c(c1)-c1ccccc1OC,5.2,Ki (nM),CNCc1ccc(Cl)c(-c2ccccc2OC)c1,False,False,False
1170746,CCN(CCN1CCC(CC1)c1noc2cc(F)ccc12)C(=O)C1(O)CCOCC1,5.2,Ki (nM),CCN(CCN1CCC(c2noc3cc(F)ccc23)CC1)C(=O)C1(O)CCOCC1,False,False,False
50534655,CNCc1ccc(Cl)c(c1)-c1ccccc1OC,5.2,Ki (nM),CNCc1ccc(Cl)c(-c2ccccc2OC)c1,False,False,False
50290770,COc1ccccc1N1CCN(CCCCCn2c3ccccc3sc2=O)CC1,5.2,Ki (nM),COc1ccccc1N1CCN(CCCCCn2c(=O)sc3ccccc32)CC1,False,False,False
50276429,COc1cccc(OC)c1-c1cccc2C[C@H](COc12)N(C)C,5.29,Ki (nM),COc1cccc(OC)c1-c1cccc2c1OC[C@H](N(C)C)C2,False,False,False
51337103,CCCN(CCC)[C@H]1CCc2c(C1)cccc2-c1ccccc1F,5.3,Ki (nM),CCCN(CCC)[C@H]1CCc2c(cccc2-c2ccccc2F)C1,False,False,False
50102282,Fc1ccc(cc1Cl)S(=O)(=O)NCCCCN1CCN(CC1)c1nsc2ccccc12,5.3,Ki (nM),O=S(=O)(NCCCCN1CCN(c2nsc3ccccc23)CC1)c1ccc(F)c(Cl)c1,False,False,False
51337113,CN(C)[C@H]1CCc2c(C1)cccc2-c1ccccc1F,5.3,Ki (nM),CN(C)[C@H]1CCc2c(cccc2-c2ccccc2F)C1,False,False,False
50866753,CCC1(CCCCN2CCC(CC2)c2ccc(F)cc2)C(=O)Nc2ccccc12,5.3,Ki (nM),CCC1(CCCCN2CCC(c3ccc(F)cc3)CC2)C(=O)Nc2ccccc21,False,False,False
160262,CCCN(CCC)CCc1c[nH]c2ccc(cc12)C(N)=O,5.37,Ki (nM),CCCN(CCC)CCc1c[nH]c2ccc(C(N)=O)cc12,False,False,False
50866744,CCC1(CCCCN2CCN(CC2)c2ccccc2OC)C(=O)Nc2ccccc12,5.38,Ki (nM),CCC1(CCCCN2CCN(c3ccccc3OC)CC2)C(=O)Nc2ccccc21,False,False,False
50663764,CCC1(CCCCN2CCN(CC2)c2ccccc2OC)C(=O)Nc2ccccc12,5.4,Ki (nM),CCC1(CCCCN2CCN(c3ccccc3OC)CC2)C(=O)Nc2ccccc21,False,False,False
153857,CNCC(O)c1ccc(O)c(O)c1,5.4,Ki (nM),CNCC(O)c1ccc(O)c(O)c1,False,False,False
50313386,COc1ccccc1N1CCN(Cc2ccn(c2)-c2ccccc2C#N)CC1,5.4,Ki (nM),COc1ccccc1N1CCN(Cc2ccn(-c3ccccc3C#N)c2)CC1,False,False,False
50381678,COc1ccccc1N1CCN(Cc2ccn(c2)-c2ccccc2C#N)CC1,5.4,Ki (nM),COc1ccccc1N1CCN(Cc2ccn(-c3ccccc3C#N)c2)CC1,False,False,False
1170911,CCN(CCN1CCC(CC1)c1noc2cc(F)ccc12)C(=O)C1CNCC1O,5.4,Ki (nM),CCN(CCN1CCC(c2noc3cc(F)ccc23)CC1)C(=O)C1CNCC1O,False,False,False
282695,COc1ccc(cc1C1CCNC1)-c1ccccc1C,5.46,Ki (nM),COc1ccc(-c2ccccc2C)cc1C1CCNC1,False,False,False
223598,COc1ccc(cc1C1CCNC1)-c1ccccc1C,5.46,Ki (nM),COc1ccc(-c2ccccc2C)cc1C1CCNC1,False,False,False
51364354,O=S(=O)(N[C@@H]1CCN(CCCc2noc3ccccc23)C1)c1ccc2ccccc2c1,5.5,Ki (nM),O=S(=O)(N[C@@H]1CCN(CCCc2noc3ccccc23)C1)c1ccc2ccccc2c1,False,False,False
161666,CN(C)CC\C=C1/c2ccccc2Sc2ccc(Cl)cc12,5.6,Ki (nM),CN(C)CC/C=C1\c2ccccc2Sc2ccc(Cl)cc21,False,False,False
50154808,C[C@H]1c2cccc3C[C@H]4N(C)CCc5ccc1c(-c23)c45,5.6,Ki (nM),C[C@H]1c2cccc3c2-c2c1ccc1c2[C@@H](C3)N(C)CC1,False,False,False
51228692,CN(C)CCSc1nc2ccsc2n2cccc12,5.6,Ki (nM),CN(C)CCSc1nc2ccsc2n2cccc12,False,False,False
50812878,CN(C)CC\C=C1\c2ccccc2Sc2ccc(Cl)cc12,5.6,Ki (nM),CN(C)CC/C=C1/c2ccccc2Sc2ccc(Cl)cc21,False,False,False
50387098,COc1ccccc1N1CCN(CCc2cccc(OCCCOc3cccc(CCN4CCN(CC4)c4ccccc4OC)c3)c2)CC1,5.6,Ki (nM),COc1ccccc1N1CCN(CCc2cccc(OCCCOc3cccc(CCN4CCN(c5ccccc5OC)CC4)c3)c2)CC1,False,False,False
51463772,CC1(CCCCN2CCN(CC2)c2cccc(OCCF)c2)C(=O)Nc2ccccc12,5.6,Ki (nM),CC1(CCCCN2CCN(c3cccc(OCCF)c3)CC2)C(=O)Nc2ccccc21,False,False,False
1423482,Oc1ccccc1N1CCN(CCCCCn2c3ccccc3[nH]c2=O)CC1,5.61,Ki (nM),O=c1[nH]c2ccccc2n1CCCCCN1CCN(c2ccccc2O)CC1,False,False,False
50433173,CS(=O)(=O)Oc1ccc(CNC(=O)CCCCCN2CCN(CC2)c2ccccc2-c2ccccc2)cc1,5.7,Ki (nM),CS(=O)(=O)Oc1ccc(CNC(=O)CCCCCN2CCN(c3ccccc3-c3ccccc3)CC2)cc1,False,False,False
1170731,CCN(CCN1CCC(CC1)c1noc2cc(F)ccc12)C(=O)C(C)(C)O,5.7,Ki (nM),CCN(CCN1CCC(c2noc3cc(F)ccc23)CC1)C(=O)C(C)(C)O,False,False,False
50224015,COc1ccccc1N1CCN(CCCCCC(=O)c2ccccc2O)CC1,5.8,Ki (nM),COc1ccccc1N1CCN(CCCCCC(=O)c2ccccc2O)CC1,False,False,False
51155791,O=C1Nc2cccc3CCCC1(CCCCN1CCc4c(C1)[nH]c1ccccc41)c23,5.8,Ki (nM),O=C1Nc2cccc3c2C1(CCCCN1CCc2c([nH]c4ccccc24)C1)CCC3,False,False,False
1170779,CCN(CCN1CCC(CC1)c1c[nH]c2ccccc12)C(=O)C(C)O,5.8,Ki (nM),CCN(CCN1CCC(c2c[nH]c3ccccc23)CC1)C(=O)C(C)O,False,False,False
853966,CN1CCc2ccc(OCCCN3CCC(CC3)c3noc4cc(F)ccc34)cc2C1=O,5.9,Ki (nM),CN1CCc2ccc(OCCCN3CCC(c4noc5cc(F)ccc45)CC3)cc2C1=O,False,False,False
51337063,CCCN(CCC)[C@H]1CCc2c(C1)cccc2-c1ccccc1Cl,5.9,Ki (nM),CCCN(CCC)[C@H]1CCc2c(cccc2-c2ccccc2Cl)C1,False,False,False
1170761,CCN(CCN1CCC(CC1)c1noc2cc(F)ccc12)C(=O)[C@H](C)O,5.9,Ki (nM),CCN(CCN1CCC(c2noc3cc(F)ccc23)CC1)C(=O)[C@H](C)O,False,False,False
50102342,O=S(=O)(NCCCCN1CCN(CC1)c1noc2ccccc12)c1cnc2ccccn12,5.9,Ki (nM),O=S(=O)(NCCCCN1CCN(c2noc3ccccc23)CC1)c1cnc2ccccn12,False,False,False
50290771,COc1ccccc1N1CCN(CCCCCn2c3ccccc3oc2=O)CC1,5.9,Ki (nM),COc1ccccc1N1CCN(CCCCCn2c(=O)oc3ccccc32)CC1,False,False,False
50866722,CCC1(CCCCN2CCN(CC2)c2ccc(Cl)cc2)C(=O)Nc2c1cc(F)cc2Cl,5.97,Ki (nM),CCC1(CCCCN2CCN(c3ccc(Cl)cc3)CC2)C(=O)Nc2c(Cl)cc(F)cc21,False,False,False
51248971,COc1ccc(\C=C2/NC(=O)N(CCCN3CCN(CC3)c3ccccc3OC)C2=O)cc1OC1CCCC1,6.0,Ki (nM),COc1ccc(/C=C2\NC(=O)N(CCCN3CCN(c4ccccc4OC)CC3)C2=O)cc1OC1CCCC1,False,False,False
51031885,COc1ccc(cc1)C1(C)NC(=O)N(CC(O)CN2CCN(CC2)c2ccccc2OC)C1=O,6.0,Ki (nM),COc1ccc(C2(C)NC(=O)N(CC(O)CN3CCN(c4ccccc4OC)CC3)C2=O)cc1,False,False,False
792068,FC(F)(F)c1ccc(COc2ccc(Cl)cc2OC2CNC2)o1,6.0,Ki (nM),FC(F)(F)c1ccc(COc2ccc(Cl)cc2OC2CNC2)o1,False,False,False
51161222,O=S(=O)(c1ccccc1)C1(CCCN2CCC3CCCCC3C2)CCC1,6.0,Ki (nM),O=S(=O)(c1ccccc1)C1(CCCN2CCC3CCCCC3C2)CCC1,False,False,False
50310645,NC(=O)[C@@H]1Cc2ccccc2CN1C(=O)CCCCN1CCN(CC1)c1ccccc1-c1ccccc1,6.0,Ki (nM),NC(=O)[C@@H]1Cc2ccccc2CN1C(=O)CCCCN1CCN(c2ccccc2-c2ccccc2)CC1,False,False,False
51357443,Clc1ccc(cc1)-c1nn(Cc2ccccc2)c2CCNCCc12,6.0,Ki (nM),Clc1ccc(-c2nn(Cc3ccccc3)c3c2CCNCC3)cc1,False,False,False
50276143,CC(Nc1ccnc(NCCc2ccc(F)cc2)n1)c1ccccc1,6.0,Ki (nM),CC(Nc1ccnc(NCCc2ccc(F)cc2)n1)c1ccccc1,False,False,False
306836,CSc1ccccc1N1CCN(CCCCC2NC(=NNC2=O)C2CCCCC2)CC1 |c:19|,6.0,Ki (nM),CSc1ccccc1N1CCN(CCCCC2NC(C3CCCCC3)=NNC2=O)CC1,False,False,False
50958874,CC(C)c1ccccc1OCCN1CC[C@H](C1)NS(=O)(=O)c1ccc(Cl)s1,6.0,Ki (nM),CC(C)c1ccccc1OCCN1CC[C@@H](NS(=O)(=O)c2ccc(Cl)s2)C1,False,False,False
50816786,Clc1ccc(cc1)S(=O)(=O)NCCCN1CCC(=CC1)c1c[nH]c2ccc(Cl)cc12,6.0,Ki (nM),O=S(=O)(NCCCN1CC=C(c2c[nH]c3ccc(Cl)cc23)CC1)c1ccc(Cl)cc1,False,False,False
50276134,CC(Nc1nccc(NCCc2ccccc2)n1)c1ccccc1,6.0,Ki (nM),CC(Nc1nccc(NCCc2ccccc2)n1)c1ccccc1,False,False,False
51060497,CCn1cncc1-c1c[nH]c2ccc(I)cc12,6.0,Ki (nM),CCn1cncc1-c1c[nH]c2ccc(I)cc12,False,False,False
51605896,CSc1ccccc1N1CCN(CCCCC2NC(=NNC2=O)C2CCCCC2)CC1 |c:19|,6.0,Ki (nM),CSc1ccccc1N1CCN(CCCCC2NC(C3CCCCC3)=NNC2=O)CC1,False,False,False
50433184,CC(C)c1ccccc1N1CCN(CCCCCC(=O)N2CCc3ccccc3C2)CC1,6.0,Ki (nM),CC(C)c1ccccc1N1CCN(CCCCCC(=O)N2CCc3ccccc3C2)CC1,False,False,False
53793,O=c1[nH]c2ccccc2n1CCCCCN1CCN(CC1)c1ccccc1,6.0,Ki (nM),O=c1[nH]c2ccccc2n1CCCCCN1CCN(c2ccccc2)CC1,False,False,False
51155823,C=CCn1c2CN(CCCCC34CCCc5cccc(NC3=O)c45)CCc2c2ccccc12,6.0,Ki (nM),C=CCn1c2c(c3ccccc31)CCN(CCCCC13CCCc4cccc(c41)NC3=O)C2,False,False,False
51031788,CCOc1ccccc1N1CCN(CC(O)CN2C(=O)NC(C)(C2=O)c2ccccc2)CC1,6.0,Ki (nM),CCOc1ccccc1N1CCN(CC(O)CN2C(=O)NC(C)(c3ccccc3)C2=O)CC1,False,False,False
51126955,O=S(=O)(N1CCC[C@H]1CCN1CCN(CC1)c1noc2ccccc12)c1cncc2ccccc12,6.0,Ki (nM),O=S(=O)(c1cncc2ccccc12)N1CCC[C@H]1CCN1CCN(c2noc3ccccc23)CC1,False,False,False
791979,FC(F)(F)c1cccc(COc2ccc(Br)cc2OC2CNC2)c1,6.0,Ki (nM),FC(F)(F)c1cccc(COc2ccc(Br)cc2OC2CNC2)c1,False,False,False
792293,Brc1ccc(OC2Cc3ccccc3C2)c(OC2CNC2)c1,6.0,Ki (nM),Brc1ccc(OC2Cc3ccccc3C2)c(OC2CNC2)c1,False,False,False
791975,CCN1CC(C1)Oc1cc(Br)ccc1OCc1cccc(Cl)c1,6.0,Ki (nM),CCN1CC(Oc2cc(Br)ccc2OCc2cccc(Cl)c2)C1,False,False,False
792039,CN1CC(C1)Oc1cc(Cl)ccc1OCc1cccc(Cl)c1,6.0,Ki (nM),CN1CC(Oc2cc(Cl)ccc2OCc2cccc(Cl)c2)C1,False,False,False
51357436,CC(C)n1nc2CCNCCc2c1-c1ccc(C)cc1,6.0,Ki (nM),Cc1ccc(-c2c3c(nn2C(C)C)CCNCC3)cc1,False,False,False
792319,Clc1cccc(CCOc2ccc(Cl)cc2OC2CNC2)c1,6.0,Ki (nM),Clc1cccc(CCOc2ccc(Cl)cc2OC2CNC2)c1,False,False,False
51285625,CCn1cncc1-c1c[nH]c2ccc(I)cc12,6.0,Ki (nM),CCn1cncc1-c1c[nH]c2ccc(I)cc12,False,False,False
792437,CC(C)(C)N1CC(C1)Oc1cc(Cl)ccc1OCc1cccc(c1)C(F)(F)F,6.0,Ki (nM),CC(C)(C)N1CC(Oc2cc(Cl)ccc2OCc2cccc(C(F)(F)F)c2)C1,False,False,False
50855742,C[C@@H]1NC(N)=Nc2cccc(Cl)c12,6.0,Ki (nM),C[C@@H]1NC(N)=Nc2cccc(Cl)c21,False,False,False
50534649,NCCc1c[nH]c2ccc(O)cc12,6.0,Ki (nM),NCCc1c[nH]c2ccc(O)cc12,False,False,False
50884980,COc1ccccc1N1CCN(CC1)C(=O)NC(N)=NCc1cccc2ccccc12,6.0,Ki (nM),COc1ccccc1N1CCN(C(=O)NC(N)=NCc2cccc3ccccc23)CC1,False,False,False
50289677,COc1ccccc1N1CCN(CCCCC(=O)NC2CCCc3ccccc23)CC1,6.05,Ki (nM),COc1ccccc1N1CCN(CCCCC(=O)NC2CCCc3ccccc32)CC1,False,False,False
153883,C(C1=NCCN1)c1cccc2ccccc12 |t:1|,6.1,Ki (nM),c1ccc2c(CC3=NCCN3)cccc2c1,False,False,False
162707,CN1C[C@H](CNC(=O)OCc2ccccc2)C[C@H]2[C@H]1Cc1cn(C)c3cccc2c13,6.16,Ki (nM),CN1C[C@H](CNC(=O)OCc2ccccc2)C[C@@H]2c3cccc4c3c(cn4C)C[C@H]21,False,False,False
1170737,CCN(CCN1CCC(CC1)c1noc2cc(F)ccc12)C(=O)C(O)C(C)C,6.2,Ki (nM),CCN(CCN1CCC(c2noc3cc(F)ccc23)CC1)C(=O)C(O)C(C)C,False,False,False
50381665,CN(C)CCc1cccc(c1)-c1c(C)cccc1C,6.2,Ki (nM),Cc1cccc(C)c1-c1cccc(CCN(C)C)c1,False,False,False
50300558,CN(C)C[C@H]1CC2[C@H](O1)c1cc(F)ccc1Sc1ccccc21,6.2,Ki (nM),CN(C)C[C@H]1CC2c3ccccc3Sc3ccc(F)cc3[C@H]2O1,False,False,False
50551615,CN(C)CCSc1cccc(n1)-c1ccccc1,6.2,Ki (nM),CN(C)CCSc1cccc(-c2ccccc2)n1,False,False,False
1170926,CCN(CCN1CCC(CC1)C1NOc2cc(F)ccc12)C(=O)C(O)CNC(C)=O,6.2,Ki (nM),CCN(CCN1CCC(C2NOc3cc(F)ccc32)CC1)C(=O)C(O)CNC(C)=O,False,False,False
170558,CN1C[C@H](CNC(=O)OCc2ccccc2)C[C@H]2[C@H]1Cc1cn(C)c3cccc2c13,6.21,Ki (nM),CN1C[C@H](CNC(=O)OCc2ccccc2)C[C@@H]2c3cccc4c3c(cn4C)C[C@H]21,False,False,False
50984841,CN1C[C@H](CNC(=O)OCc2ccccc2)C[C@H]2[C@H]1Cc1cn(C)c3cccc2c13,6.3,Ki (nM),CN1C[C@H](CNC(=O)OCc2ccccc2)C[C@@H]2c3cccc4c3c(cn4C)C[C@H]21,False,False,False
51224367,C[C@@]12CN(c3ccccc3)c3ccccc3[C@@H]1CCN2,6.3,Ki (nM),C[C@@]12CN(c3ccccc3)c3ccccc3[C@@H]1CCN2,False,False,False
161670,"CN1CCN(CC1)C1=c2ccccc2=Nc2ccc(Cl)cc2N1 |c:8,15|",6.3,Ki (nM),CN1CCN(C2=c3ccccc3=Nc3ccc(Cl)cc3N2)CC1,False,False,False
50102298,O=S(=O)(NCCCN1CCN(CC1)c1nsc2ccccc12)c1cnc2ccccn12,6.3,Ki (nM),O=S(=O)(NCCCN1CCN(c2nsc3ccccc23)CC1)c1cnc2ccccn12,False,False,False
162661,COc1ccc2c(c1)c(c[nH]2)CCN,6.3,Ki (nM),COc1ccc2[nH]cc(CCN)c2c1,False,False,False
162693,"[H][C@@]12Cc3c[nH]c4cccc(C1=C[C@H](CN2C)NC(=O)N(CC)CC)c34 |r,c:12|",6.3,Ki (nM),CCN(CC)C(=O)N[C@@H]1C=C2c3cccc4[nH]cc(c34)C[C@H]2N(C)C1,False,False,False
51442072,CCCNCc1ccc(Cl)c(c1)-c1ccccc1OC,6.3,Ki (nM),CCCNCc1ccc(Cl)c(-c2ccccc2OC)c1,False,False,False
50812844,CN1CCN(CC1)C1=Nc2cc(Cl)ccc2Nc2ccccc12,6.3,Ki (nM),CN1CCN(C2=Nc3cc(Cl)ccc3Nc3ccccc32)CC1,False,False,False
170665,"[H][C@@]12Cc3c[nH]c4cccc(C1=C[C@H](CN2C)NC(=O)N(CC)CC)c34 |r,c:12|",6.3,Ki (nM),CCN(CC)C(=O)N[C@@H]1C=C2c3cccc4[nH]cc(c34)C[C@H]2N(C)C1,False,False,False
51224294,C[C@@]12CN(c3ccccc3)c3ccccc3[C@@H]1CCN2,6.3,Ki (nM),C[C@@]12CN(c3ccccc3)c3ccccc3[C@@H]1CCN2,False,False,False
51158050,CN1C[C@H](CNC(=O)OCc2ccccc2)C[C@H]2[C@H]1Cc1cn(C)c3cccc2c13,6.3,Ki (nM),CN1C[C@H](CNC(=O)OCc2ccccc2)C[C@@H]2c3cccc4c3c(cn4C)C[C@H]21,False,False,False
50102355,Fc1ccc2c(noc2c1)C1CCN(CCCCNS(=O)(=O)c2cccs2)CC1,6.3,Ki (nM),O=S(=O)(NCCCCN1CCC(c2noc3cc(F)ccc23)CC1)c1cccs1,False,False,False
50586770,O=S(=O)(N1CCC[C@@H]1CCN1CCC(CC1)c1cc2ccccc2[nH]1)c1ccc2cc[nH]c2c1,6.3,Ki (nM),O=S(=O)(c1ccc2cc[nH]c2c1)N1CCC[C@@H]1CCN1CCC(c2cc3ccccc3[nH]2)CC1,False,False,False
51157886,CC(C)C[C@@H]1N2C(=O)[C@](C)(NC(=O)[C@H]3CN(C)[C@@H]4Cc5c[nH]c6cccc(C4=C3)c56)O[C@@]2(O)[C@H](Cc2ccccc2)NC1=O,6.3,Ki (nM),CC(C)C[C@H]1C(=O)N[C@@H](Cc2ccccc2)[C@]2(O)O[C@@](C)(NC(=O)[C@@H]3C=C4c5cccc6[nH]cc(c56)C[C@H]4N(C)C3)C(=O)N12,False,False,False
51249179,CN1C[C@H](CNC(=O)OCc2ccccc2)C[C@H]2[C@H]1Cc1cn(C)c3cccc2c13,6.3,Ki (nM),CN1C[C@H](CNC(=O)OCc2ccccc2)C[C@@H]2c3cccc4c3c(cn4C)C[C@H]21,False,False,False
51157908,CCN(CC)C(=O)[C@H]1CN(C)[C@@H]2Cc3c[nH]c4cccc(C2=C1)c34,6.3,Ki (nM),CCN(CC)C(=O)[C@@H]1C=C2c3cccc4[nH]cc(c34)C[C@H]2N(C)C1,False,False,False
175515,"CN1CCN(CC1)C1=c2ccccc2=Nc2ccc(Cl)cc2N1 |c:8,15|",6.3,Ki (nM),CN1CCN(C2=c3ccccc3=Nc3ccc(Cl)cc3N2)CC1,False,False,False
162712,CSc1ccc2Sc3ccccc3CC(N3CCN(C)CC3)c2c1,6.3,Ki (nM),CSc1ccc2c(c1)C(N1CCN(C)CC1)Cc1ccccc1S2,False,False,False
178035,NCCc1c[nH]c2ccc(O)cc12,6.31,Ki (nM),NCCc1c[nH]c2ccc(O)cc12,False,False,False
174164,CN1C[C@H](CNC(=O)OCc2ccccc2)C[C@H]2[C@H]1Cc1cn(C)c3cccc2c13,6.31,Ki (nM),CN1C[C@H](CNC(=O)OCc2ccccc2)C[C@@H]2c3cccc4c3c(cn4C)C[C@H]21,False,False,False
174165,CN1C[C@H](CNC(=O)OCc2ccccc2)C[C@H]2[C@H]1Cc1cn(C)c3cccc2c13,6.31,Ki (nM),CN1C[C@H](CNC(=O)OCc2ccccc2)C[C@@H]2c3cccc4c3c(cn4C)C[C@H]21,False,False,False
180762,CN(C)S(=O)(=O)N[C@H]1C[C@H]2[C@@H](Cc3cn(C)c4cccc2c34)N(C)C1,6.31,Ki (nM),CN1C[C@@H](NS(=O)(=O)N(C)C)C[C@@H]2c3cccc4c3c(cn4C)C[C@H]21,False,False,False
174157,"[H][C@@]12Cc3c[nH]c4cccc(C1=C[C@H](CN2C)NC(=O)N(CC)CC)c34 |r,c:12|",6.31,Ki (nM),CCN(CC)C(=O)N[C@@H]1C=C2c3cccc4[nH]cc(c34)C[C@H]2N(C)C1,False,False,False
50812935,CN1C[C@H](CNC(=O)OCc2ccccc2)C[C@H]2[C@H]1Cc1c[nH]c3cccc2c13,6.4,Ki (nM),CN1C[C@H](CNC(=O)OCc2ccccc2)C[C@@H]2c3cccc4[nH]cc(c34)C[C@H]21,False,False,False
153862,[H][C@@]12CCCN1C(=O)[C@H](Cc1ccccc1)N1C(=O)[C@](NC(=O)[C@H]3CN(C)[C@]4([H])Cc5c[nH]c6cccc(C4=C3)c56)(O[C@@]21O)C(C)C |c:41|,6.4,Ki (nM),CC(C)[C@@]1(NC(=O)[C@@H]2C=C3c4cccc5[nH]cc(c45)C[C@H]3N(C)C2)O[C@@]2(O)[C@@H]3CCCN3C(=O)[C@H](Cc3ccccc3)N2C1=O,False,False,False
163309,CN1C[C@H](CNC(=O)OCc2ccccc2)C[C@H]2[C@H]1Cc1cn(C)c3cccc2c13,6.4,Ki (nM),CN1C[C@H](CNC(=O)OCc2ccccc2)C[C@@H]2c3cccc4c3c(cn4C)C[C@H]21,False,False,False
50276430,CCCN(CCC)[C@H]1COc2c(C1)cccc2-c1c(OC)cccc1OC,6.44,Ki (nM),CCCN(CCC)[C@H]1COc2c(cccc2-c2c(OC)cccc2OC)C1,False,False,False
50294444,CCCN(CCC)[C@H]1COc2c(C1)cccc2-c1c(OC)cccc1OC,6.44,Ki (nM),CCCN(CCC)[C@H]1COc2c(cccc2-c2c(OC)cccc2OC)C1,False,False,False
174880,Cc1nc2ccccn2c(=O)c1CCN1CCC(CC1)C(=O)c1ccc(F)cc1,6.45,Ki (nM),Cc1nc2ccccn2c(=O)c1CCN1CCC(C(=O)c2ccc(F)cc2)CC1,False,False,False
162705,CN1C[C@H](CNC(=O)OCc2ccccc2)C[C@H]2[C@H]1Cc1cn(C)c3cccc2c13,6.45,Ki (nM),CN1C[C@H](CNC(=O)OCc2ccccc2)C[C@@H]2c3cccc4c3c(cn4C)C[C@H]21,False,False,False
160245,CNCCc1c[nH]c2ccc(O)cc12,6.45,Ki (nM),CNCCc1c[nH]c2ccc(O)cc12,False,False,False
50276403,O=C1Nc2cccc3CCCC1(CCCCN1CCc4sccc4C1)c23,6.46,Ki (nM),O=C1Nc2cccc3c2C1(CCCCN1CCc2sccc2C1)CCC3,False,False,False
50586759,CC1CCN(CC[C@H]2CCCN2S(=O)(=O)c2ccc3[nH]cnc3c2)CC1,6.5,Ki (nM),CC1CCN(CC[C@H]2CCCN2S(=O)(=O)c2ccc3[nH]cnc3c2)CC1,False,False,False
51364362,Cn1ccc2cc(ccc12)S(=O)(=O)N[C@@H]1CCN(CCCc2noc3ccccc23)C1,6.5,Ki (nM),Cn1ccc2cc(S(=O)(=O)N[C@@H]3CCN(CCCc4noc5ccccc45)C3)ccc21,False,False,False
50300505,CN(C)C[C@H]1C[C@H]2[C@H](O1)c1cc(F)ccc1Sc1ccccc21,6.5,Ki (nM),CN(C)C[C@H]1C[C@@H]2c3ccccc3Sc3ccc(F)cc3[C@H]2O1,False,False,False
51605893,CCOc1ccccc1N1CCN(CCCc2c[nH]c3ccc(F)cc23)CC1,6.5,Ki (nM),CCOc1ccccc1N1CCN(CCCc2c[nH]c3ccc(F)cc23)CC1,False,False,False
51344456,CN1CCc2cccc3-c4cc5nc(N)sc5cc4CC1c23,6.5,Ki (nM),CN1CCc2cccc3c2C1Cc1cc2sc(N)nc2cc1-3,False,False,False
51418953,Clc1cccc(c1)-c1n[nH]cc1N1CCCNCC1,6.5,Ki (nM),Clc1cccc(-c2n[nH]cc2N2CCCNCC2)c1,False,False,False
50520280,COCOc1ccc(CNC(=O)CCCCCN2CCN(CC2)c2ccccc2-c2ccc(OC)cc2)cc1,6.5,Ki (nM),COCOc1ccc(CNC(=O)CCCCCN2CCN(c3ccccc3-c3ccc(OC)cc3)CC2)cc1,False,False,False
51155798,CC(=O)n1c2CN(CCCCC34CCCc5cccc(NC3=O)c45)CCc2c2ccccc12,6.5,Ki (nM),CC(=O)n1c2c(c3ccccc31)CCN(CCCCC13CCCc4cccc(c41)NC3=O)C2,False,False,False
50586781,CC1CCN(CC[C@H]2CCCN2S(=O)(=O)c2ccc3c[nH]nc3c2)CC1,6.5,Ki (nM),CC1CCN(CC[C@H]2CCCN2S(=O)(=O)c2ccc3c[nH]nc3c2)CC1,False,False,False
51060420,Clc1ccc(cc1)-c1nn(Cc2ccccc2)c2CCNCCc12,6.5,Ki (nM),Clc1ccc(-c2nn(Cc3ccccc3)c3c2CCNCC3)cc1,False,False,False
50866743,CCC1(CCCCN2CCN(CC2)c2ccccc2OC)C(=O)N(Cc2ccccc2)c2ccccc12,6.57,Ki (nM),CCC1(CCCCN2CCN(c3ccccc3OC)CC2)C(=O)N(Cc2ccccc2)c2ccccc21,False,False,False
1170803,CC(O)C(=O)N(CCN1CCC(CC1)c1noc2cc(F)ccc12)CC1CC1,6.6,Ki (nM),CC(O)C(=O)N(CCN1CCC(c2noc3cc(F)ccc23)CC1)CC1CC1,False,False,False
185366,CC1=C(C(=O)N2CCCCC2=N1)CCN3CCC(CC3)c4c5ccc(cc5on4)F,6.6,Ki (nM),Cc1nc2n(c(=O)c1CCN1CCC(c3noc4cc(F)ccc34)CC1)CCCC2,False,False,False
51418954,Clc1cccc(c1)-c1n[nH]cc1N1CCCNCC1,6.6,Ki (nM),Clc1cccc(-c2n[nH]cc2N2CCCNCC2)c1,False,False,False
50807388,CCN(CC)C(=O)[C@H]1CN(C)[C@@H]2Cc3c[nH]c4cccc(C2=C1)c34,6.6,Ki (nM),CCN(CC)C(=O)[C@@H]1C=C2c3cccc4[nH]cc(c34)C[C@H]2N(C)C1,False,False,False
50096615,CCc1[nH]c2ccc(O)cc2c1CCN1CCN(CC1)c1cccc2ccccc12,6.6,Ki (nM),CCc1[nH]c2ccc(O)cc2c1CCN1CCN(c2cccc3ccccc23)CC1,False,False,False
1466955,CCN(CC)C(=O)[C@H]1CN(C)[C@@H]2Cc3c[nH]c4cccc(C2=C1)c34,6.6,Ki (nM),CCN(CC)C(=O)[C@@H]1C=C2c3cccc4[nH]cc(c34)C[C@H]2N(C)C1,False,False,False
50300561,CN(C)C[C@H]1CC2[C@H](O1)c1cc(F)ccc1Sc1ccccc21,6.6,Ki (nM),CN(C)C[C@H]1CC2c3ccccc3Sc3ccc(F)cc3[C@H]2O1,False,False,False
50473228,COc1ccccc1N1CCN(CCCCCC(=O)NC2CCCc3ccccc23)CC1,6.6,Ki (nM),COc1ccccc1N1CCN(CCCCCC(=O)NC2CCCc3ccccc32)CC1,False,False,False
185371,c1ccc2c(c1)c(ns2)N3CCN(CC3)CCc4cc5c(cc4Cl)NC(=O)C5,6.62,Ki (nM),O=C1Cc2cc(CCN3CCN(c4nsc5ccccc45)CC3)c(Cl)cc2N1,False,False,False
38640,COc1ccccc1N1CCN(CCCCCC(=O)NC2CCCc3ccccc23)CC1,6.64,Ki (nM),COc1ccccc1N1CCN(CCCCCC(=O)NC2CCCc3ccccc32)CC1,False,False,False
50289674,COc1ccccc1N1CCN(CCCCCC(=O)NC2CCCc3ccccc23)CC1,6.64,Ki (nM),COc1ccccc1N1CCN(CCCCCC(=O)NC2CCCc3ccccc32)CC1,False,False,False
50102335,Clc1ccc2cc(ccc2c1)S(=O)(=O)NCCCCN1CCN(CC1)c1noc2ccccc12,6.7,Ki (nM),O=S(=O)(NCCCCN1CCN(c2noc3ccccc23)CC1)c1ccc2cc(Cl)ccc2c1,False,False,False
50663760,Fc1ccc2C(CCCCN3CCN(CC3)c3cccc(Cl)c3)C(=O)Nc2c1,6.7,Ki (nM),O=C1Nc2cc(F)ccc2C1CCCCN1CCN(c2cccc(Cl)c2)CC1,False,False,False
853979,CN1CCc2c(C)cc(OCCCN3CCC(CC3)c3noc4cc(F)ccc34)cc2C1=O,6.7,Ki (nM),Cc1cc(OCCCN2CCC(c3noc4cc(F)ccc34)CC2)cc2c1CCN(C)C2=O,False,False,False
1466644,CCN(CC)C(=O)N[C@@H]1CN(C)[C@@H]2Cc3c[nH]c4cccc(C2=C1)c34,6.8,Ki (nM),CCN(CC)C(=O)N[C@H]1C=C2c3cccc4[nH]cc(c34)C[C@H]2N(C)C1,False,False,False
1423488,O=c1[nH]c2ccccc2n1CCCCCN1CCN(CC1)c1ncccn1,6.8,Ki (nM),O=c1[nH]c2ccccc2n1CCCCCN1CCN(c2ncccn2)CC1,False,False,False
1170935,CCN(CCN1CCC(CC1)c1noc2cc(F)ccc12)C(=O)C1CN(CCC1O)C(C)=O,6.8,Ki (nM),CCN(CCN1CCC(c2noc3cc(F)ccc23)CC1)C(=O)C1CN(C(C)=O)CCC1O,False,False,False
51589770,Cc1nc2C(O)CCCn2c(=O)c1CCN1CCC(CC1)c1noc2cc(F)ccc12,6.8,Ki (nM),Cc1nc2n(c(=O)c1CCN1CCC(c3noc4cc(F)ccc34)CC1)CCCC2O,False,False,False
51442089,CCCNCc1ccc(Cl)c(c1)-c1ccccc1OC,6.8,Ki (nM),CCCNCc1ccc(Cl)c(-c2ccccc2OC)c1,False,False,False
50015947,CN1CCc2ccc3Cc4cccc5C[C@@H]1c2c3-c45,6.9,Ki (nM),CN1CCc2ccc3c4c2[C@H]1Cc1cccc(c1-4)C3,False,False,False
50663735,CCC1(CCCCN2CCC(CC2)c2ccc(F)cc2)C(=O)Nc2ccccc12,6.9,Ki (nM),CCC1(CCCCN2CCC(c3ccc(F)cc3)CC2)C(=O)Nc2ccccc21,False,False,False
50102280,Clc1ccc(cc1Cl)S(=O)(=O)NCCCCN1CCN(CC1)c1nsc2ccccc12,6.9,Ki (nM),O=S(=O)(NCCCCN1CCN(c2nsc3ccccc23)CC1)c1ccc(Cl)c(Cl)c1,False,False,False
50154825,CN1CCc2ccc3Cc4cccc5C[C@@H]1c2c3-c45,6.9,Ki (nM),CN1CCc2ccc3c4c2[C@H]1Cc1cccc(c1-4)C3,False,False,False
50963772,Cc1ccccc1-c1ccccc1N1CCNCC1,6.9,Ki (nM),Cc1ccccc1-c1ccccc1N1CCNCC1,False,False,False
50593478,Fc1ccc2N(C3CCN(CCN4CCCc5ccccc5C4=O)CC3)C(=O)Cc2c1,6.9,Ki (nM),O=C1c2ccccc2CCCN1CCN1CCC(N2C(=O)Cc3cc(F)ccc32)CC1,False,False,False
51207227,COc1ccccc1N1CCN(Cc2cn(-c3cccc(C)c3C)c3ccccc23)CC1,6.9,Ki (nM),COc1ccccc1N1CCN(Cc2cn(-c3cccc(C)c3C)c3ccccc23)CC1,False,False,False
51364344,O=S(=O)(N[C@@H]1CCN(CCCc2noc3ccccc23)C1)c1cc2ccccc2o1,6.9,Ki (nM),O=S(=O)(N[C@@H]1CCN(CCCc2noc3ccccc23)C1)c1cc2ccccc2o1,False,False,False
1170902,CCN(CCN1CCC(CC1)n1ncc2cc(F)ccc12)S(=O)(=O)CCO,6.9,Ki (nM),CCN(CCN1CCC(n2ncc3cc(F)ccc32)CC1)S(=O)(=O)CCO,False,False,False
50302215,CCOc1ccccc1N1CCN(CCCCCn2cnc3ccccc3c2=O)CC1,6.9,Ki (nM),CCOc1ccccc1N1CCN(CCCCCn2cnc3ccccc3c2=O)CC1,False,False,False
1170749,CCN(CCN1CCC(CC1)c1noc2cc(F)ccc12)C(=O)CO,6.9,Ki (nM),CCN(CCN1CCC(c2noc3cc(F)ccc23)CC1)C(=O)CO,False,False,False
51565933,CN1CCc2ccc3c4-c5c(cccc5C[C@@H]1c24)[C@]3(C)O,6.9,Ki (nM),CN1CCc2ccc3c4c2[C@H]1Cc1cccc(c1-4)[C@]3(C)O,False,False,False
174867,c1cc2c(cc1C(=O)N)c(c[nH]2)CCN,6.91,Ki (nM),NCCc1c[nH]c2ccc(C(N)=O)cc12,False,False,False
160276,CN1C[C@H](CNC(=O)OCc2ccccc2)C[C@H]2[C@H]1Cc1cn(C)c3cccc2c13,6.91,Ki (nM),CN1C[C@H](CNC(=O)OCc2ccccc2)C[C@@H]2c3cccc4c3c(cn4C)C[C@H]21,False,False,False
50866723,CCC1(CCCCN2CCN(CC2)c2ccc(Cl)cc2)C(=O)Nc2cc(F)c(Cl)cc12,6.99,Ki (nM),CCC1(CCCCN2CCN(c3ccc(Cl)cc3)CC2)C(=O)Nc2cc(F)c(Cl)cc21,False,False,False
50290812,Clc1ccc(cc1)N1CCN(CCCCCn2c3ccccc3[nH]c2=O)CC1,7.0,Ki (nM),O=c1[nH]c2ccccc2n1CCCCCN1CCN(c2ccc(Cl)cc2)CC1,False,False,False
792463,Clc1cccc(Oc2ccc(Br)cc2OC2CNC2)c1,7.0,Ki (nM),Clc1cccc(Oc2ccc(Br)cc2OC2CNC2)c1,False,False,False
50290811,O=C1Cc2ccccc2N1CCCCN1CCc2ccccc2C1,7.0,Ki (nM),O=C1Cc2ccccc2N1CCCCN1CCc2ccccc2C1,False,False,False
50462472,CC(C)c1ccccc1OCCN1CC(C1)NS(=O)(=O)c1ccc(F)cc1,7.0,Ki (nM),CC(C)c1ccccc1OCCN1CC(NS(=O)(=O)c2ccc(F)cc2)C1,False,False,False
50812876,FC(F)(F)c1ccc2ccn(CCN3CCCN4CCCCC4C3)c2c1,7.0,Ki (nM),FC(F)(F)c1ccc2ccn(CCN3CCCN4CCCCC4C3)c2c1,False,False,False
50958853,Fc1ccc(cc1F)S(=O)(=O)NC1CCN(CCOc2ccccc2-c2ccccc2)CC1,7.0,Ki (nM),O=S(=O)(NC1CCN(CCOc2ccccc2-c2ccccc2)CC1)c1ccc(F)c(F)c1,False,False,False
50963780,[O-][N+](=O)c1ccc(cc1)-c1ccccc1N1CCNCC1,7.0,Ki (nM),O=[N+]([O-])c1ccc(-c2ccccc2N2CCNCC2)cc1,False,False,False
50211379,FC(F)(F)c1ccc2ccn(CCN3CCCN4CCCCC4C3)c2c1,7.0,Ki (nM),FC(F)(F)c1ccc2ccn(CCN3CCCN4CCCCC4C3)c2c1,False,False,False
792028,COc1cccc(COc2ccc(Cl)cc2OC2CNC2)c1,7.0,Ki (nM),COc1cccc(COc2ccc(Cl)cc2OC2CNC2)c1,False,False,False
50663767,Clc1ccc(cc1)N1CCN(CCCCC2C(=O)Nc3ccccc23)CC1,7.0,Ki (nM),O=C1Nc2ccccc2C1CCCCN1CCN(c2ccc(Cl)cc2)CC1,False,False,False
51348441,O=c1oc2ccccc2n1CCCCCCN1CCN(CC1)c1nsc2ccccc12,7.0,Ki (nM),O=c1oc2ccccc2n1CCCCCCN1CCN(c2nsc3ccccc23)CC1,False,False,False
51127060,O=S(=O)(N1CCC[C@H]1CCN1CCN(CC1)c1noc2ccccc12)c1cccc2ncccc12,7.0,Ki (nM),O=S(=O)(c1cccc2ncccc12)N1CCC[C@H]1CCN1CCN(c2noc3ccccc23)CC1,False,False,False
51126870,O=S(=O)(N1CCC[C@H]1CCN1CCN(CC1)c1nsc2ccccc12)c1cccc2ncccc12,7.0,Ki (nM),O=S(=O)(c1cccc2ncccc12)N1CCC[C@H]1CCN1CCN(c2nsc3ccccc23)CC1,False,False,False
51161232,CC(C)(CCCN1CCCC(C1)c1ccccc1)S(=O)(=O)c1ccccc1,7.0,Ki (nM),CC(C)(CCCN1CCCC(c2ccccc2)C1)S(=O)(=O)c1ccccc1,False,False,False
50456092,O=C1Cc2ccccc2N1CCCCN1CCc2ccccc2C1,7.0,Ki (nM),O=C1Cc2ccccc2N1CCCCN1CCc2ccccc2C1,False,False,False
50958868,Fc1ccc(cc1F)S(=O)(=O)NC1CCN(CCOc2ccccc2-c2ccccc2)C1,7.0,Ki (nM),O=S(=O)(NC1CCN(CCOc2ccccc2-c2ccccc2)C1)c1ccc(F)c(F)c1,False,False,False
792081,FC(F)(F)c1ccc(COc2ccc(Cl)cc2OC2CCNCC2)o1,7.0,Ki (nM),FC(F)(F)c1ccc(COc2ccc(Cl)cc2OC2CCNCC2)o1,False,False,False
50286429,O=C1Cc2ccccc2N1CCCCN1CCc2ccccc2C1,7.0,Ki (nM),O=C1Cc2ccccc2N1CCCCN1CCc2ccccc2C1,False,False,False
791983,FC(F)(F)c1ccc(COc2ccc(Br)cc2OC2CNC2)o1,7.0,Ki (nM),FC(F)(F)c1ccc(COc2ccc(Br)cc2OC2CNC2)o1,False,False,False
53798,Clc1ccc(cc1)N1CCN(CCCCCn2c3ccccc3[nH]c2=O)CC1,7.0,Ki (nM),O=c1[nH]c2ccccc2n1CCCCCN1CCN(c2ccc(Cl)cc2)CC1,False,False,False
792042,FC(F)(F)c1cccc(COc2ccc(Cl)cc2OC2CNC2)c1,7.0,Ki (nM),FC(F)(F)c1cccc(COc2ccc(Cl)cc2OC2CNC2)c1,False,False,False
792288,Clc1ccc(OCCOc2ccccc2)c(OC2CNC2)c1,7.0,Ki (nM),Clc1ccc(OCCOc2ccccc2)c(OC2CNC2)c1,False,False,False
51348450,O=c1[nH]c2ccccc2n1CCCCCCN1CCN(CC1)c1nsc2ccccc12,7.0,Ki (nM),O=c1[nH]c2ccccc2n1CCCCCCN1CCN(c2nsc3ccccc23)CC1,False,False,False
792291,Clc1ccc(OC2Cc3ccccc3C2)c(OC2CNC2)c1,7.0,Ki (nM),Clc1ccc(OC2Cc3ccccc3C2)c(OC2CNC2)c1,False,False,False
50444782,CN(C1CCN(CCOc2ccccc2-c2ccccc2)CC1)S(=O)(=O)c1cnn(C)c1,7.0,Ki (nM),CN(C1CCN(CCOc2ccccc2-c2ccccc2)CC1)S(=O)(=O)c1cnn(C)c1,False,False,False
51031741,CC1(NC(=O)N(CC(O)CN2CCN(CC2)c2ccccc2C#N)C1=O)c1ccc(Br)cc1,7.0,Ki (nM),CC1(c2ccc(Br)cc2)NC(=O)N(CC(O)CN2CCN(c3ccccc3C#N)CC2)C1=O,False,False,False
50958838,CC(C)c1ccccc1OCCN1CC[C@H](C1)NS(=O)(=O)c1ccc(Cl)s1,7.0,Ki (nM),CC(C)c1ccccc1OCCN1CC[C@@H](NS(=O)(=O)c2ccc(Cl)s2)C1,False,False,False
162698,CN(C)S(=O)(=O)N[C@H]1C[C@H]2[C@@H](Cc3cn(C)c4cccc2c34)N(C)C1,7.07,Ki (nM),CN1C[C@@H](NS(=O)(=O)N(C)C)C[C@@H]2c3cccc4c3c(cn4C)C[C@H]21,False,False,False
51155822,CN(C)C(=O)n1c2CN(CCCCC34CCCc5cccc(NC3=O)c45)CCc2c2ccccc12,7.1,Ki (nM),CN(C)C(=O)n1c2c(c3ccccc31)CCN(CCCCC13CCCc4cccc(c41)NC3=O)C2,False,False,False
51060430,CCc1cc(nc(n1)N1CCN(C)CC1)-c1ccoc1,7.1,Ki (nM),CCc1cc(-c2ccoc2)nc(N2CCN(C)CC2)n1,False,False,False
50963775,COc1cccc(OC)c1-c1cccc(c1)N1CCNCC1,7.1,Ki (nM),COc1cccc(OC)c1-c1cccc(N2CCNCC2)c1,False,False,False
38650,CCc1ccccc1N1CCN(CCCCCC(=O)NC2CCCc3ccccc23)CC1,7.1,Ki (nM),CCc1ccccc1N1CCN(CCCCCC(=O)NC2CCCc3ccccc32)CC1,False,False,False
170555,CN(C)S(=O)(=O)N[C@H]1C[C@H]2[C@@H](Cc3cn(C)c4cccc2c34)N(C)C1,7.13,Ki (nM),CN1C[C@@H](NS(=O)(=O)N(C)C)C[C@@H]2c3cccc4c3c(cn4C)C[C@H]21,False,False,False
50256207,CN(C)CCSc1cccc(n1)C1(O)CCCCC1,7.2,Ki (nM),CN(C)CCSc1cccc(C2(O)CCCCC2)n1,False,False,False
51364363,O=S(=O)(N[C@H]1CCN(CCCc2noc3ccccc23)C1)c1cccc2ccccc12,7.2,Ki (nM),O=S(=O)(N[C@H]1CCN(CCCc2noc3ccccc23)C1)c1cccc2ccccc12,False,False,False
50588358,Clc1ccc(cc1)C1=CCN(CCCCC23CCCc4c2c(NC3=O)ccc4Cl)CC1,7.2,Ki (nM),O=C1Nc2ccc(Cl)c3c2C1(CCCCN1CC=C(c2ccc(Cl)cc2)CC1)CCC3,False,False,False
50588341,Clc1ccc(cc1)C1=CCN(CCCCC23CCCc4c2c(NC3=O)ccc4Cl)CC1,7.2,Ki (nM),O=C1Nc2ccc(Cl)c3c2C1(CCCCN1CC=C(c2ccc(Cl)cc2)CC1)CCC3,False,False,False
51364373,O=S(=O)(N[C@H]1CCN(CCCc2noc3ccccc23)C1)c1cc2ccccc2o1,7.2,Ki (nM),O=S(=O)(N[C@H]1CCN(CCCc2noc3ccccc23)C1)c1cc2ccccc2o1,False,False,False
51249155,Clc1ccc(cc1)C1=CCN(CCCCC23CCCc4c2c(NC3=O)ccc4Cl)CC1,7.2,Ki (nM),O=C1Nc2ccc(Cl)c3c2C1(CCCCN1CC=C(c2ccc(Cl)cc2)CC1)CCC3,False,False,False
50205289,Fc1ccc(cc1)C(=O)C1CCN(CCc2ccc(I)cc2)CC1,7.32,Ki (nM),O=C(c1ccc(F)cc1)C1CCN(CCc2ccc(I)cc2)CC1,False,False,False
50387093,NCCc1c[nH]c2ccc(O)cc12,7.33,Ki (nM),NCCc1c[nH]c2ccc(O)cc12,False,False,False
854059,Cn1cnc2ccc(OCCCCN3CCN(CC3)c3cccc(c3)C(F)(F)F)cc2c1=O,7.4,Ki (nM),Cn1cnc2ccc(OCCCCN3CCN(c4cccc(C(F)(F)F)c4)CC3)cc2c1=O,False,False,False
50381667,Cc1ccccc1-c1cccc(CCN)c1,7.5,Ki (nM),Cc1ccccc1-c1cccc(CCN)c1,False,False,False
51064015,COc1cccc(CCN2CCN(CC2)c2ccccc2-c2ccccc2)c1,7.5,Ki (nM),COc1cccc(CCN2CCN(c3ccccc3-c3ccccc3)CC2)c1,False,False,False
51228677,COC(=O)c1sccc1NC(=O)CCCCN1CCN(CC1)c1ccccc1,7.5,Ki (nM),COC(=O)c1sccc1NC(=O)CCCCN1CCN(c2ccccc2)CC1,False,False,False
50290764,O=c1sc2ccccc2n1CCCCCCCN1CCN(CC1)c1ccccc1,7.6,Ki (nM),O=c1sc2ccccc2n1CCCCCCCN1CCN(c2ccccc2)CC1,False,False,False
50551632,CN(C)CCc1cccc(c1)-c1ccccc1C,7.6,Ki (nM),Cc1ccccc1-c1cccc(CCN(C)C)c1,False,False,False
50706726,Oc1c2CCCn2c(=O)n1CCCCCCNCC1CCc2ccccc2O1,7.6,Ki (nM),O=c1n(CCCCCCNCC2CCc3ccccc3O2)c(O)c2n1CCC2,False,False,False
50381677,CN(C)CCc1cccc(c1)-c1ccccc1C,7.6,Ki (nM),Cc1ccccc1-c1cccc(CCN(C)C)c1,False,False,False
1170908,CCN(CCN1CCC(CC1)C1NOc2cc(F)ccc12)C(=O)C(O)CN,7.6,Ki (nM),CCN(CCN1CCC(C2NOc3cc(F)ccc32)CC1)C(=O)C(O)CN,False,False,False
51463758,CC1CCN(CCC[C@H]2CCCN2S(=O)(=O)c2ccccc2F)CC1,7.6,Ki (nM),CC1CCN(CCC[C@H]2CCCN2S(=O)(=O)c2ccccc2F)CC1,False,False,False
50866729,CCC1(CCCCN2CCc3ccccc3C2)C(=O)Nc2ccccc12,7.65,Ki (nM),CCC1(CCCCN2CCc3ccccc3C2)C(=O)Nc2ccccc21,False,False,False
50855718,C[C@@H]1NC(NCC(F)F)=Nc2ccc(Cl)c(Cl)c12,7.7,Ki (nM),C[C@@H]1NC(NCC(F)F)=Nc2ccc(Cl)c(Cl)c21,False,False,False
50290763,COc1ccccc1N1CCN(CCCCCCCn2c3ccccc3oc2=O)CC1,7.7,Ki (nM),COc1ccccc1N1CCN(CCCCCCCn2c(=O)oc3ccccc32)CC1,False,False,False
1170788,CCN(CCN1CCC(CC1)c1noc2ccccc12)C(=O)C(C)O,7.7,Ki (nM),CCN(CCN1CCC(c2noc3ccccc23)CC1)C(=O)C(C)O,False,False,False
50290779,COc1ccccc1N1CCN(CCCCn2c3ccccc3sc2=O)CC1,7.8,Ki (nM),COc1ccccc1N1CCN(CCCCn2c(=O)sc3ccccc32)CC1,False,False,False
51249149,NCCc1c[nH]c2ccc(O)cc12,7.9,Ki (nM),NCCc1c[nH]c2ccc(O)cc12,False,False,False
51163694,C[C@H]1Oc2c(NC1=O)cccc2N1CCN(CCCc2c[nH]c3ccc(F)cc23)CC1,7.9,Ki (nM),C[C@H]1Oc2c(cccc2N2CCN(CCCc3c[nH]c4ccc(F)cc34)CC2)NC1=O,False,False,False
50276410,CCCN(CCC)[C@H]1CCc2c(C1)cccc2-c1c(OC)cccc1OC,7.9,Ki (nM),CCCN(CCC)[C@H]1CCc2c(cccc2-c2c(OC)cccc2OC)C1,False,False,False
51157920,CN(C)CCc1c[nH]c2ccc(O)cc12,7.9,Ki (nM),CN(C)CCc1c[nH]c2ccc(O)cc12,False,False,False
50011847,CN(C)S(=O)(=O)N[C@H]1C[C@H]2[C@@H](Cc3cn(C)c4cccc2c34)N(C)C1,7.9,Ki (nM),CN1C[C@@H](NS(=O)(=O)N(C)C)C[C@@H]2c3cccc4c3c(cn4C)C[C@H]21,False,False,False
853984,CN1CCc2c(F)cc(OCCCN3CCC(CC3)c3noc4cc(F)ccc34)cc2C1=O,7.9,Ki (nM),CN1CCc2c(F)cc(OCCCN3CCC(c4noc5cc(F)ccc45)CC3)cc2C1=O,False,False,False
50276434,CCCN(CCC)[C@H]1CCc2c(C1)cccc2-c1c(OC)cccc1OC,7.9,Ki (nM),CCCN(CCC)[C@H]1CCc2c(cccc2-c2c(OC)cccc2OC)C1,False,False,False
51155777,CC(=O)c1ccccc1N1CCN(CCCCC23CCCc4cccc(NC2=O)c34)CC1,7.9,Ki (nM),CC(=O)c1ccccc1N1CCN(CCCCC23CCCc4cccc(c42)NC3=O)CC1,False,False,False
51357424,CC(C)n1nc2CCNCCc2c1-c1ccc(F)cc1,7.9,Ki (nM),CC(C)n1nc2c(c1-c1ccc(F)cc1)CCNCC2,False,False,False
1170782,CCN(CCN1CCC(CC1)c1c[nH]c2ccccc12)C(=O)[C@H](C)O,7.9,Ki (nM),CCN(CCN1CCC(c2c[nH]c3ccccc23)CC1)C(=O)[C@H](C)O,False,False,False
51158051,CN(C)S(=O)(=O)N[C@H]1C[C@H]2[C@@H](Cc3cn(C)c4cccc2c34)N(C)C1,7.9,Ki (nM),CN1C[C@@H](NS(=O)(=O)N(C)C)C[C@@H]2c3cccc4c3c(cn4C)C[C@H]21,False,False,False
174160,CN(C)S(=O)(=O)N[C@H]1C[C@H]2[C@@H](Cc3cn(C)c4cccc2c34)N(C)C1,7.94,Ki (nM),CN1C[C@@H](NS(=O)(=O)N(C)C)C[C@@H]2c3cccc4c3c(cn4C)C[C@H]21,False,False,False
174134,NCCc1c[nH]c2ccc(O)cc12,7.94,Ki (nM),NCCc1c[nH]c2ccc(O)cc12,False,False,False
180759,OCCN1CCN(CCCN2c3ccccc3Sc3ccc(cc23)C(F)(F)F)CC1,7.94,Ki (nM),OCCN1CCN(CCCN2c3ccccc3Sc3ccc(C(F)(F)F)cc32)CC1,False,False,False
160302,CCN(CC)C(=O)N[C@H]1C[C@H]2[C@@H](Cc3c[nH]c4cccc2c34)N(C)C1,7.94,Ki (nM),CCN(CC)C(=O)N[C@H]1C[C@@H]2c3cccc4[nH]cc(c34)C[C@H]2N(C)C1,False,False,False
174188,NCCc1c[nH]c2ccc(O)cc12,7.94,Ki (nM),NCCc1c[nH]c2ccc(O)cc12,False,False,False
178476,CCN(CC)C(=O)[C@H]1CN([C@@H]2Cc3c[nH]c4c3c(ccc4)C2=C1)C,7.94,Ki (nM),CCN(CC)C(=O)[C@@H]1C=C2c3cccc4[nH]cc(c34)C[C@H]2N(C)C1,False,False,False
223602,COc1ccc(cc1C1CCNC1)-c1ccccc1C(F)(F)F,7.98,Ki (nM),COc1ccc(-c2ccccc2C(F)(F)F)cc1C1CCNC1,False,False,False
282699,COc1ccc(cc1C1CCNC1)-c1ccccc1C(F)(F)F,7.98,Ki (nM),COc1ccc(-c2ccccc2C(F)(F)F)cc1C1CCNC1,False,False,False
51031567,CC1(NC(=O)N(CC(O)CN2CCN(CC2)C(c2ccccc2)c2ccccc2)C1=O)c1ccc(Cl)cc1,8.0,Ki (nM),CC1(c2ccc(Cl)cc2)NC(=O)N(CC(O)CN2CCN(C(c3ccccc3)c3ccccc3)CC2)C1=O,False,False,False
153860,[H][C@@]12CCCN1C(=O)[C@H](C(C)C)N1C(=O)[C@](NC(=O)[C@H]3CN(C)[C@]4([H])Cc5c[nH]c6cccc(C4=C3)c56)(O[C@@]21O)C(C)C |c:36|,8.0,Ki (nM),CC(C)[C@H]1C(=O)N2CCC[C@H]2[C@]2(O)O[C@](NC(=O)[C@@H]3C=C4c5cccc6[nH]cc(c56)C[C@H]4N(C)C3)(C(C)C)C(=O)N12,False,False,False
792004,CC(C)N1CC(C1)Oc1cc(Br)ccc1OCc1cccc(F)c1,8.0,Ki (nM),CC(C)N1CC(Oc2cc(Br)ccc2OCc2cccc(F)c2)C1,False,False,False
161673,OCCN1CCN(CCCN2c3ccccc3Sc3ccc(cc23)C(F)(F)F)CC1,8.0,Ki (nM),OCCN1CCN(CCCN2c3ccccc3Sc3ccc(C(F)(F)F)cc32)CC1,False,False,False
50520270,COc1ccc(cc1)-c1ccccc1N1CCN(CCCCCC(=O)NCc2ccc(cc2)C#N)CC1,8.0,Ki (nM),COc1ccc(-c2ccccc2N2CCN(CCCCCC(=O)NCc3ccc(C#N)cc3)CC2)cc1,False,False,False
185358,OCCN1CCN(CCCN2c3ccccc3Sc3ccc(cc23)C(F)(F)F)CC1,8.0,Ki (nM),OCCN1CCN(CCCN2c3ccccc3Sc3ccc(C(F)(F)F)cc32)CC1,False,False,False
51070656,CC1CCN(CC[C@H]2CCCN2S(=O)(=O)c2cccc(O)c2)CC1,0.338844,Ki (nM),CC1CCN(CC[C@H]2CCCN2S(=O)(=O)c2cccc(O)c2)CC1,False,False,False
51072706,CC1CCN(CC[C@H]2CCCN2S(=O)(=O)c2cccc(O)c2)CC1,0.34,Ki (nM),CC1CCN(CC[C@H]2CCCN2S(=O)(=O)c2cccc(O)c2)CC1,False,False,False
50468121,CC1CCN(CC[C@H]2CCCN2S(=O)(=O)c2cccc(O)c2)CC1,0.34,Ki (nM),CC1CCN(CC[C@H]2CCCN2S(=O)(=O)c2cccc(O)c2)CC1,False,False,False
50290386,CC1CCN(CC[C@H]2CCCN2S(=O)(=O)c2cccc(O)c2)CC1,0.34,Ki (nM),CC1CCN(CC[C@H]2CCCN2S(=O)(=O)c2cccc(O)c2)CC1,False,False,False
50534701,CC1CCN(CC[C@H]2CCCN2S(=O)(=O)c2cccc(O)c2)CC1,0.34,Ki (nM),CC1CCN(CC[C@H]2CCCN2S(=O)(=O)c2cccc(O)c2)CC1,False,False,False
51418991,CC1CCN(CC[C@H]2CCCN2S(=O)(=O)c2cccc(O)c2)CC1,0.34,Ki (nM),CC1CCN(CC[C@H]2CCCN2S(=O)(=O)c2cccc(O)c2)CC1,False,False,False
51397915,NCCc1c[nH]c2ccc(cc12)C(N)=O,0.35,Ki (nM),NCCc1c[nH]c2ccc(C(N)=O)cc12,False,False,False
161667,CN1CCN(CC1)C1Cc2ccccc2Sc2ccc(Cl)cc12,0.38,Ki (nM),CN1CCN(C2Cc3ccccc3Sc3ccc(Cl)cc32)CC1,False,False,False
170560,CSc1ccc2Sc3ccccc3CC(N3CCN(C)CC3)c2c1,0.38,Ki (nM),CSc1ccc2c(c1)C(N1CCN(C)CC1)Cc1ccccc1S2,False,False,False
50866747,CCC1(CCCCN2CCN(CC2)c2ccc(Cl)cc2)C(=O)Nc2ccccc12,0.38,Ki (nM),CCC1(CCCCN2CCN(c3ccc(Cl)cc3)CC2)C(=O)Nc2ccccc21,False,False,False
174868,NCCc1c[nH]c2ccc(O)cc12,0.38,Ki (nM),NCCc1c[nH]c2ccc(O)cc12,False,False,False
50866738,Clc1ccc(cc1)N1CCN(CCCCC2C(=O)Nc3ccccc23)CC1,0.38,Ki (nM),O=C1Nc2ccccc2C1CCCCN1CCN(c2ccc(Cl)cc2)CC1,False,False,False
162713,CSc1ccc2Sc3ccccc3CC(N3CCN(C)CC3)c2c1,0.38,Ki (nM),CSc1ccc2c(c1)C(N1CCN(C)CC1)Cc1ccccc1S2,False,False,False
50663754,CCC1(CCCCN2CCN(CC2)c2ccc(Cl)cc2)C(=O)Nc2ccccc12,0.38,Ki (nM),CCC1(CCCCN2CCN(c3ccc(Cl)cc3)CC2)C(=O)Nc2ccccc21,False,False,False
51157902,NCCc1c[nH]c2ccc(cc12)C(N)=O,0.398107,Ki (nM),NCCc1c[nH]c2ccc(C(N)=O)cc12,False,False,False
51126959,Fc1ccc2c(noc2c1)C1CCN(CC[C@@H]2CCCN2S(=O)(=O)c2cncc3ccccc23)CC1,0.4,Ki (nM),O=S(=O)(c1cncc2ccccc12)N1CCC[C@H]1CCN1CCC(c2noc3cc(F)ccc23)CC1,False,False,False
389890,CSc1ccc2Sc3ccccc3CC(N3CCN(C)CC3)c2c1,0.4,Ki (nM),CSc1ccc2c(c1)C(N1CCN(C)CC1)Cc1ccccc1S2,False,False,False
50276147,C[C@H](Nc1cc(NCCOc2ccc(F)cc2)ccn1)c1ccccc1,0.4,Ki (nM),C[C@H](Nc1cc(NCCOc2ccc(F)cc2)ccn1)c1ccccc1,False,False,False
50276113,C[C@H](Nc1cc(NCCOc2ccccc2)ccn1)c1ccccc1,0.4,Ki (nM),C[C@H](Nc1cc(NCCOc2ccccc2)ccn1)c1ccccc1,False,False,False
174189,NCCc1c[nH]c2ccc(O)cc12,0.4,Ki (nM),NCCc1c[nH]c2ccc(O)cc12,False,False,False
178477,CCN(CC)C(=O)[C@H]1CN([C@@H]2Cc3c[nH]c4c3c(ccc4)C2=C1)C,0.4,Ki (nM),CCN(CC)C(=O)[C@@H]1C=C2c3cccc4[nH]cc(c34)C[C@H]2N(C)C1,False,False,False
1170881,CCN(CCCN1CCC(CC1)c1noc2cc(F)ccc12)S(=O)(=O)C(C)CO,0.4,Ki (nM),CCN(CCCN1CCC(c2noc3cc(F)ccc23)CC1)S(=O)(=O)C(C)CO,False,False,False
51126941,Cc1nc2CCCCn2c(=O)c1CCN1CCC(CC1)c1noc2cc(F)ccc12,0.4,Ki (nM),Cc1nc2n(c(=O)c1CCN1CCC(c3noc4cc(F)ccc34)CC1)CCCC2,False,False,False
50276142,C[C@H](Nc1ccnc(NCCOc2ccccc2)c1)c1ccccc1,0.4,Ki (nM),C[C@H](Nc1ccnc(NCCOc2ccccc2)c1)c1ccccc1,False,False,False
50102376,Fc1ccc2c(noc2c1)C1CCN(CCNS(=O)(=O)c2ccc3ccccc3c2)CC1,0.4,Ki (nM),O=S(=O)(NCCN1CCC(c2noc3cc(F)ccc23)CC1)c1ccc2ccccc2c1,False,False,False
50663761,CCC1(CCCCN2CCN(CC2)c2cccc(Cl)c2)C(=O)Nc2ccccc12,0.4,Ki (nM),CCC1(CCCCN2CCN(c3cccc(Cl)c3)CC2)C(=O)Nc2ccccc21,False,False,False
178485,CC1=C(C(=O)N2CCCCC2=N1)CCN3CCC(CC3)c4c5ccc(cc5on4)F,0.4,Ki (nM),Cc1nc2n(c(=O)c1CCN1CCC(c3noc4cc(F)ccc34)CC1)CCCC2,False,False,False
50276131,C[C@H](Nc1ccnc(NCCc2ccc(F)cc2)c1)c1ccccc1,0.4,Ki (nM),C[C@H](Nc1ccnc(NCCc2ccc(F)cc2)c1)c1ccccc1,False,False,False
50593462,O=C1N(CCN2CCC(CC2)c2c[nH]c3ccccc23)CCCc2ccccc12,0.40738,Ki (nM),O=C1c2ccccc2CCCN1CCN1CCC(c2c[nH]c3ccccc23)CC1,False,False,False
50866748,CCC1(CCCCN2CCN(CC2)c2cccc(Cl)c2)C(=O)Nc2ccccc12,0.41,Ki (nM),CCC1(CCCCN2CCN(c3cccc(Cl)c3)CC2)C(=O)Nc2ccccc21,False,False,False
1423494,Cc1ccc(cc1)N1CCN(CCCCCn2c3ccccc3[nH]c2=O)CC1,0.43,Ki (nM),Cc1ccc(N2CCN(CCCCCn3c(=O)[nH]c4ccccc43)CC2)cc1,False,False,False
50663745,CCC1(CCCCN2CCN(CC2)c2ccc(F)cc2)C(=O)Nc2ccccc12,0.43,Ki (nM),CCC1(CCCCN2CCN(c3ccc(F)cc3)CC2)C(=O)Nc2ccccc21,False,False,False
50866755,CCC1(CCCCN2CCN(CC2)c2ccc(F)cc2)C(=O)Nc2ccccc12,0.43,Ki (nM),CCC1(CCCCN2CCN(c3ccc(F)cc3)CC2)C(=O)Nc2ccccc21,False,False,False
170687,c1cc2c(cc1C(=O)N)c(c[nH]2)CCN,0.45,Ki (nM),NCCc1c[nH]c2ccc(C(N)=O)cc12,False,False,False
50524893,Clc1ccc2C(=O)C(CCN3CCc4ccccc4C3)Cc2c1,0.467735,Ki (nM),O=C1c2ccc(Cl)cc2CC1CCN1CCc2ccccc2C1,False,False,False
51064014,CN(C)CCc1cc(ccc1O)-c1c(C)nn(C)c1C,0.47,Ki (nM),Cc1nn(C)c(C)c1-c1ccc(O)c(CCN(C)C)c1,False,False,False
51249175,CN(C)CCc1cc(ccc1O)-c1c(C)nn(C)c1C,0.47,Ki (nM),Cc1nn(C)c(C)c1-c1ccc(O)c(CCN(C)C)c1,False,False,False
51155827,NCCc1c[nH]c2ccc(cc12)C(N)=O,0.489779,Ki (nM),NCCc1c[nH]c2ccc(C(N)=O)cc12,False,False,False
50663762,Clc1cccc(c1)N1CCN(CCCCC2C(=O)Nc3ccccc23)CC1,0.49,Ki (nM),O=C1Nc2ccccc2C1CCCCN1CCN(c2cccc(Cl)c2)CC1,False,False,False
50866739,Clc1cccc(c1)N1CCN(CCCCC2C(=O)Nc3ccccc23)CC1,0.49,Ki (nM),O=C1Nc2ccccc2C1CCCCN1CCN(c2cccc(Cl)c2)CC1,False,False,False
50812887,Fc1ccc(cc1)C(CCCN1CCC(CC1)n1c2ccccc2[nH]c1=O)c1ccc(F)cc1,0.5,Ki (nM),O=c1[nH]c2ccccc2n1C1CCN(CCCC(c2ccc(F)cc2)c2ccc(F)cc2)CC1,False,False,False
185364,c1ccc2c(c1)NC(=O)N2C3CCN(CC3)CCCC(c4ccc(cc4)F)c5ccc(cc5)F,0.5,Ki (nM),O=c1[nH]c2ccccc2n1C1CCN(CCCC(c2ccc(F)cc2)c2ccc(F)cc2)CC1,False,False,False
161684,c1ccc2c(c1)NC(=O)N2C3CCN(CC3)CCCC(c4ccc(cc4)F)c5ccc(cc5)F,0.5,Ki (nM),O=c1[nH]c2ccccc2n1C1CCN(CCCC(c2ccc(F)cc2)c2ccc(F)cc2)CC1,False,False,False
51348455,O=C1[C@H]2[C@@H]3CC[C@@H](C3)[C@H]2C(=O)N1C[C@@H]1CCCC[C@H]1CN1CCN(CC1)c1nsc2ccccc12,0.5,Ki (nM),O=C1[C@@H]2[C@H]3CC[C@H](C3)[C@@H]2C(=O)N1C[C@@H]1CCCC[C@H]1CN1CCN(c2nsc3ccccc23)CC1,False,False,False
38664,c1cc2c(cc1C(=O)N)c(c[nH]2)CCN,0.5,Ki (nM),NCCc1c[nH]c2ccc(C(N)=O)cc12,False,False,False
50102357,Fc1ccc2c(noc2c1)C1CCN(CCCNS(=O)(=O)c2cccc3ccccc23)CC1,0.5,Ki (nM),O=S(=O)(NCCCN1CCC(c2noc3cc(F)ccc23)CC1)c1cccc2ccccc12,False,False,False
174155,"[H][C@@]12Cc3c[nH]c4cccc(C1=C[C@H](CN2C)NC(=O)N(CC)CC)c34 |r,c:12|",0.5,Ki (nM),CCN(CC)C(=O)N[C@@H]1C=C2c3cccc4[nH]cc(c34)C[C@H]2N(C)C1,False,False,False
50525080,Clc1ccc2C(=O)C(CCN3CCc4ccccc4C3)Cc2c1,0.5,Ki (nM),O=C1c2ccc(Cl)cc2CC1CCN1CCc2ccccc2C1,False,False,False
174137,COc1ccc2c(c1)c(c[nH]2)CCN,0.5,Ki (nM),COc1ccc2[nH]cc(CCN)c2c1,False,False,False
51229286,O=C1[C@H]2[C@@H]3CC[C@@H](C3)[C@H]2C(=O)N1C[C@@H]1CCCC[C@H]1CN1CCN(CC1)c1nsc2ccccc12,0.5,Ki (nM),O=C1[C@@H]2[C@H]3CC[C@H](C3)[C@@H]2C(=O)N1C[C@@H]1CCCC[C@H]1CN1CCN(c2nsc3ccccc23)CC1,False,False,False
50884997,O=S(=O)(c1ccccc1)C1(CCCN2CCc3ccccc3C2)CCC1,8.0,Ki (nM),O=S(=O)(c1ccccc1)C1(CCCN2CCc3ccccc3C2)CCC1,False,False,False
50276078,CC(Nc1nc(N)nc(NCCOc2ccccc2)n1)c1ccccc1,8.0,Ki (nM),CC(Nc1nc(N)nc(NCCOc2ccccc2)n1)c1ccccc1,False,False,False
792349,Clc1ccc(CCOc2ccc(Cl)cc2OC2CNC2)cc1,8.0,Ki (nM),Clc1ccc(CCOc2ccc(Cl)cc2OC2CNC2)cc1,False,False,False
51505666,CN1CCc2c(C1)c1cc(C)ccc1n2CCc1ccc(C)nc1,8.0,Ki (nM),Cc1ccc2c(c1)c1c(n2CCc2ccc(C)nc2)CCN(C)C1,False,False,False
792344,Fc1cccc(CCOc2ccc(Cl)cc2OC2CNC2)c1,8.0,Ki (nM),Fc1cccc(CCOc2ccc(Cl)cc2OC2CNC2)c1,False,False,False
51161242,O=S(=O)(c1ccccc1)C1(CCCN2CCc3ccccc3C2)CCC1,8.0,Ki (nM),O=S(=O)(c1ccccc1)C1(CCCN2CCc3ccccc3C2)CCC1,False,False,False
50703451,CC(C)(CCCN1CC[C@@H]2CCCC[C@H]2C1)S(=O)(=O)c1ccccc1,8.0,Ki (nM),CC(C)(CCCN1CC[C@@H]2CCCC[C@H]2C1)S(=O)(=O)c1ccccc1,False,False,False
792339,COc1cccc(CCOc2ccc(Cl)cc2OC2CNC2)c1,8.0,Ki (nM),COc1cccc(CCOc2ccc(Cl)cc2OC2CNC2)c1,False,False,False
791972,CCCN1CC(C1)Oc1cc(Br)ccc1OCc1cccc(Cl)c1,8.0,Ki (nM),CCCN1CC(Oc2cc(Br)ccc2OCc2cccc(Cl)c2)C1,False,False,False
792036,Clc1cccc(COc2ccc(Cl)cc2OC2CNC2)c1,8.0,Ki (nM),Clc1cccc(COc2ccc(Cl)cc2OC2CNC2)c1,False,False,False
791973,CC(C)N1CC(C1)Oc1cc(Br)ccc1OCc1cccc(Cl)c1,8.0,Ki (nM),CC(C)N1CC(Oc2cc(Br)ccc2OCc2cccc(Cl)c2)C1,False,False,False
51470907,Nc1nc(NCCN2CCN(CC2)c2ccccc2)nc(NCCc2c[nH]c3ccccc23)n1,8.0,Ki (nM),Nc1nc(NCCc2c[nH]c3ccccc23)nc(NCCN2CCN(c3ccccc3)CC2)n1,False,False,False
51470908,Nc1nc(NCCCCN2CCN(CC2)c2ccccc2)nc(NCCc2c[nH]c3ccccc23)n1,8.0,Ki (nM),Nc1nc(NCCCCN2CCN(c3ccccc3)CC2)nc(NCCc2c[nH]c3ccccc23)n1,False,False,False
51481379,COc1ccc(C2NCCc3c2[nH]c2ccc(Cl)cc32)c(O)c1,8.0,Ki (nM),COc1ccc(C2NCCc3c2[nH]c2ccc(Cl)cc32)c(O)c1,False,False,False
50706742,Oc1c2CCCn2c(=O)n1CCCCNCc1ccc2ccccc2c1,8.0,Ki (nM),O=c1n(CCCCNCc2ccc3ccccc3c2)c(O)c2n1CCC2,False,False,False
50276107,CC(Nc1nc(N)nc(NCCc2ccccc2)n1)c1ccc(F)cc1,8.0,Ki (nM),CC(Nc1nc(N)nc(NCCc2ccccc2)n1)c1ccc(F)cc1,False,False,False
153847,CC(C)C[C@@H]1N2C(=O)[C@](NC(=O)[C@H]3CN(C)C4Cc5c[nH]c6cccc(C4=C3)c56)(O[C@@]2(O)C2CCCN2C1=O)C(C)C |c:27|,8.0,Ki (nM),CC(C)C[C@H]1C(=O)N2CCCC2[C@]2(O)O[C@](NC(=O)[C@@H]3C=C4c5cccc6[nH]cc(c56)CC4N(C)C3)(C(C)C)C(=O)N12,False,False,False
51357433,CC(C)n1nc2CCNCCc2c1-c1ccc(F)cc1,8.0,Ki (nM),CC(C)n1nc2c(c1-c1ccc(F)cc1)CCNCC2,False,False,False
51285558,Cn1cncc1-c1c[nH]c2ccc(I)cc12,8.0,Ki (nM),Cn1cncc1-c1c[nH]c2ccc(I)cc12,False,False,False
51126960,Clc1ccc2[nH]cc(C3=CCN(CC[C@H]4CCCN4S(=O)(=O)c4cncc5ccccc45)CC3)c2c1,8.0,Ki (nM),O=S(=O)(c1cncc2ccccc12)N1CCC[C@@H]1CCN1CC=C(c2c[nH]c3ccc(Cl)cc23)CC1,False,False,False
51161202,CC(C)(CCCN1CC[C@@H]2CCCC[C@H]2C1)S(=O)(=O)c1ccccc1,8.0,Ki (nM),CC(C)(CCCN1CC[C@@H]2CCCC[C@H]2C1)S(=O)(=O)c1ccccc1,False,False,False
50572156,CN1CCc2c(C1)c1cc(C)ccc1n2CCc1ccc(C)nc1,8.0,Ki (nM),Cc1ccc2c(c1)c1c(n2CCc2ccc(C)nc2)CCN(C)C1,False,False,False
163298,NCCc1c[nH]c2ccc(O)cc12,8.1,Ki (nM),NCCc1c[nH]c2ccc(O)cc12,False,False,False
51155774,Oc1ccc2NC(=O)C3(CCCCN4CCC(=CC4)c4ccccc4)CCCc1c23,8.1,Ki (nM),O=C1Nc2ccc(O)c3c2C1(CCCCN1CC=C(c2ccccc2)CC1)CCC3,False,False,False
50812849,NCCc1c[nH]c2ccc(O)cc12,8.1,Ki (nM),NCCc1c[nH]c2ccc(O)cc12,False,False,False
50096597,CN(C(=O)CCCCCN1CCN(CC1)c1cccc2ccccc12)c1cccc(O)c1,8.1,Ki (nM),CN(C(=O)CCCCCN1CCN(c2cccc3ccccc23)CC1)c1cccc(O)c1,False,False,False
50096598,CN(C(=O)CCCCCN1CCN(CC1)c1cccc2ccccc12)c1cccc(O)c1,8.1,Ki (nM),CN(C(=O)CCCCCN1CCN(c2cccc3ccccc23)CC1)c1cccc(O)c1,False,False,False
162654,NCCc1c[nH]c2ccc(O)cc12,8.12,Ki (nM),NCCc1c[nH]c2ccc(O)cc12,False,False,False
282660,COc1ccc(cc1OC1CNC1)-c1c(C)cccc1C,8.2,Ki (nM),COc1ccc(-c2c(C)cccc2C)cc1OC1CNC1,False,False,False
50963773,COc1ccccc1-c1cccc(c1)N1CCNCC1,8.2,Ki (nM),COc1ccccc1-c1cccc(N2CCNCC2)c1,False,False,False
50854594,COc1cccc2C(C)NC(N)=Nc12,8.2,Ki (nM),COc1cccc2c1N=C(N)NC2C,False,False,False
223563,COc1ccc(cc1OC1CNC1)-c1c(C)cccc1C,8.2,Ki (nM),COc1ccc(-c2c(C)cccc2C)cc1OC1CNC1,False,False,False
170528,CN(C)CCc1c[nH]c2c1cc(cc2)OC,8.26,Ki (nM),COc1ccc2[nH]cc(CCN(C)C)c2c1,False,False,False
50866752,CCC1(CCCCN2CCN(CC2)c2cccc(Cl)c2)C(=O)Nc2ccc(Cl)cc12,8.27,Ki (nM),CCC1(CCCCN2CCN(c3cccc(Cl)c3)CC2)C(=O)Nc2ccc(Cl)cc21,False,False,False
50433189,O=C(CCCCCN1CCN(CC1)c1ccccc1-c1ccccc1)N1Cc2ccccc2C1,8.3,Ki (nM),O=C(CCCCCN1CCN(c2ccccc2-c2ccccc2)CC1)N1Cc2ccccc2C1,False,False,False
854070,Cc1nc2ccc(OCCCN3CCN(CC3)c3cccc(c3)C(F)(F)F)cc2c(=O)n1C,8.3,Ki (nM),Cc1nc2ccc(OCCCN3CCN(c4cccc(C(F)(F)F)c4)CC3)cc2c(=O)n1C,False,False,False
162688,CN(C)CCc1c[nH]c2c1cc(cc2)OC,8.31,Ki (nM),COc1ccc2[nH]cc(CCN(C)C)c2c1,False,False,False
51408608,CC1(CCCN2CCN(CC2)c2ccccn2)Cc2cc(Cl)ccc2C1=O,8.4,Ki (nM),CC1(CCCN2CCN(c3ccccn3)CC2)Cc2cc(Cl)ccc2C1=O,False,False,False
853989,CC1CN(C)C(=O)c2cc(OCCCN3CCC(CC3)c3noc4cc(F)ccc34)ccc12,8.4,Ki (nM),CC1CN(C)C(=O)c2cc(OCCCN3CCC(c4noc5cc(F)ccc45)CC3)ccc21,False,False,False
50381675,COc1ccccc1-c1cccc(CCN(C)C)c1,8.4,Ki (nM),COc1ccccc1-c1cccc(CCN(C)C)c1,False,False,False
50551007,CCOc1ccccc1N1CCN(CCCCCn2c(C)nc3ccccc3c2=O)CC1,8.4,Ki (nM),CCOc1ccccc1N1CCN(CCCCCn2c(C)nc3ccccc3c2=O)CC1,False,False,False
51408628,CC1(CCCN2CCN(CC2)c2ccccn2)Cc2cc(Cl)ccc2C1=O,8.5,Ki (nM),CC1(CCCN2CCN(c3ccccn3)CC2)Cc2cc(Cl)ccc2C1=O,False,False,False
50503238,O=C1N(CCCCN2CCc3ccccc3C2)C(=O)c2ccccc12,8.5,Ki (nM),O=C1c2ccccc2C(=O)N1CCCCN1CCc2ccccc2C1,False,False,False
50290762,COc1ccccc1N1CCN(CCCCCCCn2c3ccccc3sc2=O)CC1,8.5,Ki (nM),COc1ccccc1N1CCN(CCCCCCCn2c(=O)sc3ccccc32)CC1,False,False,False
51442079,CCCNCCc1ccc(Cl)c(c1)-c1ccccc1OC,8.5,Ki (nM),CCCNCCc1ccc(Cl)c(-c2ccccc2OC)c1,False,False,False
50381668,COc1cccc(OC)c1-c1cccc(CCN(C)C)c1,8.6,Ki (nM),COc1cccc(OC)c1-c1cccc(CCN(C)C)c1,False,False,False
51249176,COc1cccc(OC)c1-c1cccc(CCN(C)C)c1,8.6,Ki (nM),COc1cccc(OC)c1-c1cccc(CCN(C)C)c1,False,False,False
50503237,O=C1N(CCCCN2CCc3ccccc3C2)C(=O)c2ccccc12,8.6,Ki (nM),O=C1c2ccccc2C(=O)N1CCCCN1CCc2ccccc2C1,False,False,False
51605897,COc1ccccc1N1CCN(CCCCCC(=O)NC2CCCc3ccccc23)CC1,8.6,Ki (nM),COc1ccccc1N1CCN(CCCCCC(=O)NC2CCCc3ccccc32)CC1,False,False,False
50433119,CC(C)c1ccccc1N1CCN(CCCCCC(=O)NCc2ccc(cc2)C#N)CC1,8.6,Ki (nM),CC(C)c1ccccc1N1CCN(CCCCCC(=O)NCc2ccc(C#N)cc2)CC1,False,False,False
50854596,CC1NC(N)=Nc2ccc(Cl)c(Cl)c12,8.7,Ki (nM),CC1NC(N)=Nc2ccc(Cl)c(Cl)c21,False,False,False
1170884,CCN(CCN1CCC(CC1)c1c[nH]c2ccccc12)S(=O)(=O)CCO,8.7,Ki (nM),CCN(CCN1CCC(c2c[nH]c3ccccc23)CC1)S(=O)(=O)CCO,False,False,False
50290552,COc1ccccc1N1CCN(CCCCC(=O)NCc2ccccc2-c2ccccc2Cl)CC1,8.7,Ki (nM),COc1ccccc1N1CCN(CCCCC(=O)NCc2ccccc2-c2ccccc2Cl)CC1,False,False,False
51207232,COc1ccccc1N1CCN(Cc2cn(-c3ccccc3C)c3ccccc23)CC1,8.7,Ki (nM),COc1ccccc1N1CCN(Cc2cn(-c3ccccc3C)c3ccccc23)CC1,False,False,False
51155810,NC(=O)Cn1c2CN(CCCCC34CCCc5cccc(NC3=O)c45)CCc2c2ccccc12,8.7,Ki (nM),NC(=O)Cn1c2c(c3ccccc31)CCN(CCCCC13CCCc4cccc(c41)NC3=O)C2,False,False,False
51442095,CCCNCCc1ccc(Cl)c(c1)-c1ccccc1OC,8.7,Ki (nM),CCCNCCc1ccc(Cl)c(-c2ccccc2OC)c1,False,False,False
50205296,Fc1ccc(cc1)C(=O)C1CCN(CCc2cccc(I)c2)CC1,8.76,Ki (nM),O=C(c1ccc(F)cc1)C1CCN(CCc2cccc(I)c2)CC1,False,False,False
50102352,Fc1ccc2c(noc2c1)C1CCN(CCCNS(=O)(=O)c2ccc(OC(F)(F)F)cc2)CC1,8.8,Ki (nM),O=S(=O)(NCCCN1CCC(c2noc3cc(F)ccc23)CC1)c1ccc(OC(F)(F)F)cc1,False,False,False
50154831,CCCN(CCC)[C@@H]1CCc2cccc(O)c2C1,8.81,Ki (nM),CCCN(CCC)[C@@H]1CCc2cccc(O)c2C1,False,False,False
282678,Clc1ccc(cc1OC1CNC1)-c1ccccc1Cl,8.89,Ki (nM),Clc1ccc(-c2ccccc2Cl)cc1OC1CNC1,False,False,False
223581,Clc1ccc(cc1OC1CNC1)-c1ccccc1Cl,8.89,Ki (nM),Clc1ccc(-c2ccccc2Cl)cc1OC1CNC1,False,False,False
853999,Fc1ccc2c(noc2c1)C1CCN(CCCOc2ccc3CCNC(=O)c3c2)CC1,8.9,Ki (nM),O=C1NCCc2ccc(OCCCN3CCC(c4noc5cc(F)ccc45)CC3)cc21,False,False,False
1170854,CCN(CCN1CCC(CC1)c1c[nH]c2ccccc12)C(=O)CCO,8.9,Ki (nM),CCN(CCN1CCC(c2c[nH]c3ccccc23)CC1)C(=O)CCO,False,False,False
792458,Brc1cccc(Oc2ccc(Br)cc2OC2CNC2)c1,9.0,Ki (nM),Brc1cccc(Oc2ccc(Br)cc2OC2CNC2)c1,False,False,False
50276087,C[C@H](Nc1nc(N)nc(NCCc2ccccn2)n1)c1ccc(F)cc1,9.0,Ki (nM),C[C@H](Nc1nc(N)nc(NCCc2ccccn2)n1)c1ccc(F)cc1,False,False,False
50376714,C(C1NCCc2c1[nH]c1ccccc21)c1ccc2OCOc2c1,9.0,Ki (nM),c1ccc2c3c([nH]c2c1)C(Cc1ccc2c(c1)OCO2)NCC3,False,False,False
50817748,Fc1ccc(cc1)S(=O)(=O)NCCN1CCC(=CC1)c1c[nH]c2ccc(Cl)cc12,9.0,Ki (nM),O=S(=O)(NCCN1CC=C(c2c[nH]c3ccc(Cl)cc23)CC1)c1ccc(F)cc1,False,False,False
791962,Brc1ccc(OCc2ccccc2)c(OC2CNC2)c1,9.0,Ki (nM),Brc1ccc(OCc2ccccc2)c(OC2CNC2)c1,False,False,False
51031901,CC1(NC(=O)N(CC(O)CN2CCN(CC2)c2ccccc2C#N)C1=O)c1ccc(Cl)cc1,9.0,Ki (nM),CC1(c2ccc(Cl)cc2)NC(=O)N(CC(O)CN2CCN(c3ccccc3C#N)CC2)C1=O,False,False,False
50462422,CC(C)c1cccc(OCCN2C3CCC2CC(C3)NS(=O)(=O)c2ccc(F)c(F)c2)c1,9.0,Ki (nM),CC(C)c1cccc(OCCN2C3CCC2CC(NS(=O)(=O)c2ccc(F)c(F)c2)C3)c1,False,False,False
792148,CN1CCC(C1)Oc1cc(Br)ccc1OCc1cccc(Cl)c1,9.0,Ki (nM),CN1CCC(Oc2cc(Br)ccc2OCc2cccc(Cl)c2)C1,False,False,False
50958866,Fc1ccc(cc1)S(=O)(=O)NC1CCN(CCOc2ccccc2)C1,9.0,Ki (nM),O=S(=O)(NC1CCN(CCOc2ccccc2)C1)c1ccc(F)cc1,False,False,False
51348368,O=C1[C@H]2[C@@H]3CC[C@@H](C3)[C@H]2C(=O)N1CCCCCCN1CCN(CC1)c1nsc2ccccc12,9.0,Ki (nM),O=C1[C@@H]2[C@H]3CC[C@H](C3)[C@@H]2C(=O)N1CCCCCCN1CCN(c2nsc3ccccc23)CC1,False,False,False
50958870,Fc1ccc(F)c(c1)S(=O)(=O)NC1CCN(CCOc2ccccc2-c2ccccc2)C1,9.0,Ki (nM),O=S(=O)(NC1CCN(CCOc2ccccc2-c2ccccc2)C1)c1cc(F)ccc1F,False,False,False
50433121,CSc1ccccc1N1CCN(CCCCCC(=O)NCc2ccc(cc2)C#N)CC1,9.0,Ki (nM),CSc1ccccc1N1CCN(CCCCCC(=O)NCc2ccc(C#N)cc2)CC1,False,False,False
792044,Clc1ccc(OCc2ccccc2)c(OC2CNC2)c1,9.0,Ki (nM),Clc1ccc(OCc2ccccc2)c(OC2CNC2)c1,False,False,False
51126957,O=S(=O)(N1CCC[C@H]1CCN1CCN(CC1)c1nsc2ccccc12)c1cncc2ccccc12,9.0,Ki (nM),O=S(=O)(c1cncc2ccccc12)N1CCC[C@H]1CCN1CCN(c2nsc3ccccc23)CC1,False,False,False
51161197,O=S(=O)(c1ccccc1)C1(CCCN2CCC(C2)c2ccccc2)CCC1,9.0,Ki (nM),O=S(=O)(c1ccccc1)C1(CCCN2CCC(c3ccccc3)C2)CCC1,False,False,False
50444772,CC(C)c1ccccc1OCCN1CCC(CC1)N(C)S(=O)(=O)c1ccccc1,9.0,Ki (nM),CC(C)c1ccccc1OCCN1CCC(N(C)S(=O)(=O)c2ccccc2)CC1,False,False,False
50102295,Clc1ccc2cc(sc2c1)S(=O)(=O)NCCCCN1CCN(CC1)c1nsc2ccccc12,9.0,Ki (nM),O=S(=O)(NCCCCN1CCN(c2nsc3ccccc23)CC1)c1cc2ccc(Cl)cc2s1,False,False,False
792417,C[C@@H]1NC[C@H]1Oc1cc(Br)ccc1OCc1cccc(F)c1,9.0,Ki (nM),C[C@@H]1NC[C@H]1Oc1cc(Br)ccc1OCc1cccc(F)c1,False,False,False
51357434,CC(C)n1nc2CCNCCc2c1-c1ccc(Cl)cc1,9.0,Ki (nM),CC(C)n1nc2c(c1-c1ccc(Cl)cc1)CCNCC2,False,False,False
50310663,O=C(CCCCN1CCN(CC1)c1ccccc1-c1ccccc1)N1Cc2ccccc2C[C@H]1C(=O)N1CCOCC1,9.0,Ki (nM),O=C([C@@H]1Cc2ccccc2CN1C(=O)CCCCN1CCN(c2ccccc2-c2ccccc2)CC1)N1CCOCC1,False,False,False
50310662,O=C(CCCCCN1CCN(CC1)c1ccccc1-c1ccccc1)N1Cc2ccccc2C[C@H]1C(=O)N1CCCCC1,9.0,Ki (nM),O=C([C@@H]1Cc2ccccc2CN1C(=O)CCCCCN1CCN(c2ccccc2-c2ccccc2)CC1)N1CCCCC1,False,False,False
50290756,COc1ccccc1N1CCN(CCCCC(=O)NC2CCCc3ccccc23)CC1,9.0,Ki (nM),COc1ccccc1N1CCN(CCCCC(=O)NC2CCCc3ccccc32)CC1,False,False,False
50310660,O=C(CCCCCCN1CCN(CC1)c1ccccc1-c1ccccc1)N1Cc2ccccc2C[C@H]1C(=O)N1CCOCC1,9.0,Ki (nM),O=C([C@@H]1Cc2ccccc2CN1C(=O)CCCCCCN1CCN(c2ccccc2-c2ccccc2)CC1)N1CCOCC1,False,False,False
50153024,CN1CCN(CC1)C1=Nc2cc(Cl)ccc2Nc2ccccc12,9.0,Ki (nM),CN1CCN(C2=Nc3cc(Cl)ccc3Nc3ccccc32)CC1,False,False,False
50211395,Brc1ccc2ccn(CCN3CCCN(CC4CC4)CC3)c2c1,9.0,Ki (nM),Brc1ccc2ccn(CCN3CCCN(CC4CC4)CC3)c2c1,False,False,False
792433,Clc1ccc(OC2CC(C2)c2ccccc2)c(OC2CNC2)c1,9.0,Ki (nM),Clc1ccc(OC2CC(c3ccccc3)C2)c(OC2CNC2)c1,False,False,False
50866727,CCC1(CCCCN2CCN(CC2)c2cccc(Cl)c2)C(=O)Nc2cc(F)c(Cl)cc12,9.07,Ki (nM),CCC1(CCCCN2CCN(c3cccc(Cl)c3)CC2)C(=O)Nc2cc(F)c(Cl)cc21,False,False,False
51228717,O=c1[nH]c(SCCCN2CCN(Cc3ccccc3)CC2)nc2c3ccccc3sc12,9.1,Ki (nM),O=c1[nH]c(SCCCN2CCN(Cc3ccccc3)CC2)nc2c1sc1ccccc12,False,False,False
50333298,COc1ccc2cccc(N3CCN(CCCCn4ncc(=O)n(C)c4=O)CC3)c2c1,9.1,Ki (nM),COc1ccc2cccc(N3CCN(CCCCn4ncc(=O)n(C)c4=O)CC3)c2c1,False,False,False
50593441,Cc1ccc(OC2CCN(CCN3CCCc4ccccc4C3=O)CC2)cc1,9.1,Ki (nM),Cc1ccc(OC2CCN(CCN3CCCc4ccccc4C3=O)CC2)cc1,False,False,False
50663758,CCC1(CCCCN2CCN(CC2)c2cccc(Cl)c2)C(=O)Nc2cc(F)c(Cl)cc12,9.1,Ki (nM),CCC1(CCCCN2CCN(c3cccc(Cl)c3)CC2)C(=O)Nc2cc(F)c(Cl)cc21,False,False,False
162685,CN1CC(CC2C1Cc1c[nH]c3cccc2c13)C(=O)N[C@]1(C)O[C@@]2(O)C3CCCN3C(=O)[C@H](Cc3ccccc3)N2C1=O,9.12,Ki (nM),CN1CC(C(=O)N[C@]2(C)O[C@@]3(O)C4CCCN4C(=O)[C@H](Cc4ccccc4)N3C2=O)CC2c3cccc4[nH]cc(c34)CC21,False,False,False
163302,CN1CC(CC2C1Cc1c[nH]c3cccc2c13)C(=O)N[C@]1(C)O[C@@]2(O)C3CCCN3C(=O)[C@H](Cc3ccccc3)N2C1=O,9.2,Ki (nM),CN1CC(C(=O)N[C@]2(C)O[C@@]3(O)C4CCCN4C(=O)[C@H](Cc4ccccc4)N3C2=O)CC2c3cccc4[nH]cc(c34)CC21,False,False,False
170693,CN(C)S(=O)(=O)N[C@H]1C[C@H]2[C@@H](Cc3cn(C)c4cccc2c34)N(C)C1,9.3,Ki (nM),CN1C[C@@H](NS(=O)(=O)N(C)C)C[C@@H]2c3cccc4c3c(cn4C)C[C@H]21,False,False,False
51442088,CCNCc1ccc(Cl)c(c1)-c1ccccc1OC,9.3,Ki (nM),CCNCc1ccc(Cl)c(-c2ccccc2OC)c1,False,False,False
50593465,Fc1ccc2n(C3CCN(CCN4CCCc5ccccc5C4=O)CC3)c(=O)oc2c1,9.3,Ki (nM),O=C1c2ccccc2CCCN1CCN1CCC(n2c(=O)oc3cc(F)ccc32)CC1,False,False,False
1170719,CCN(CCN1CCC(CC1)n1ncc2cc(F)ccc12)C(=O)CCO,9.3,Ki (nM),CCN(CCN1CCC(n2ncc3cc(F)ccc32)CC1)C(=O)CCO,False,False,False
162699,CN(C)S(=O)(=O)N[C@H]1C[C@H]2[C@@H](Cc3cn(C)c4cccc2c34)N(C)C1,9.33,Ki (nM),CN1C[C@@H](NS(=O)(=O)N(C)C)C[C@@H]2c3cccc4c3c(cn4C)C[C@H]21,False,False,False
51228708,Clc1cccc(c1)N1CCN(CCCCc2nc3c4ccccc4sc3c(=O)[nH]2)CC1,9.4,Ki (nM),O=c1[nH]c(CCCCN2CCN(c3cccc(Cl)c3)CC2)nc2c1sc1ccccc12,False,False,False
50866726,CCC1(CCCCN2CCN(CC2)c2cccc(Cl)c2)C(=O)Nc2c1cc(Cl)cc2Cl,9.46,Ki (nM),CCC1(CCCCN2CCN(c3cccc(Cl)c3)CC2)C(=O)Nc2c(Cl)cc(Cl)cc21,False,False,False
50663750,CCC1(CCCCN2CCN(CC2)c2ccc(Cl)cc2)C(=O)Nc2c1cc(Cl)cc2Cl,9.5,Ki (nM),CCC1(CCCCN2CCN(c3ccc(Cl)cc3)CC2)C(=O)Nc2c(Cl)cc(Cl)cc21,False,False,False
51337116,CN(C)[C@H]1CCc2c(C1)cccc2-c1ccccc1,9.5,Ki (nM),CN(C)[C@H]1CCc2c(cccc2-c2ccccc2)C1,False,False,False
50102281,Fc1ccc(cc1Cl)S(=O)(=O)NCCCN1CCN(CC1)c1nsc2ccccc12,9.5,Ki (nM),O=S(=O)(NCCCN1CCN(c2nsc3ccccc23)CC1)c1ccc(F)c(Cl)c1,False,False,False
170666,CCN(CC)C(=O)[C@H]1CN([C@@H]2Cc3c[nH]c4c3c(ccc4)C2=C1)C,9.5,Ki (nM),CCN(CC)C(=O)[C@@H]1C=C2c3cccc4[nH]cc(c34)C[C@H]2N(C)C1,False,False,False
50520264,O=C(CCCCCN1CCN(CC1)c1ccccc1-c1ccccc1)NCc1ccc(OCCCN2CCOCC2)cc1,9.5,Ki (nM),O=C(CCCCCN1CCN(c2ccccc2-c2ccccc2)CC1)NCc1ccc(OCCCN2CCOCC2)cc1,False,False,False
153848,CC(C)C[C@@H]1N2C(=O)[C@](NC(=O)[C@H]3CN(C)C4Cc5c[nH]c6cccc(C4=C3)c56)(O[C@@]2(O)C2CCCN2C1=O)C(C)C |c:27|,9.5,Ki (nM),CC(C)C[C@H]1C(=O)N2CCCC2[C@]2(O)O[C@](NC(=O)[C@@H]3C=C4c5cccc6[nH]cc(c56)CC4N(C)C3)(C(C)C)C(=O)N12,False,False,False
51157922,CCN(CC)C(=O)[C@H]1CN(C)[C@@H]2Cc3c[nH]c4cccc(C2=C1)c34,9.5,Ki (nM),CCN(CC)C(=O)[C@@H]1C=C2c3cccc4[nH]cc(c34)C[C@H]2N(C)C1,False,False,False
162695,CCN(CC)C(=O)[C@H]1CN([C@@H]2Cc3c[nH]c4c3c(ccc4)C2=C1)C,9.54,Ki (nM),CCN(CC)C(=O)[C@@H]1C=C2c3cccc4[nH]cc(c34)C[C@H]2N(C)C1,False,False,False
185355,c1cc(c(c(c1)Cl)Cl)N2CCN(CC2)CCCCOc3ccc4c(c3)NC(=O)CC4,9.6,Ki (nM),O=C1CCc2ccc(OCCCCN3CCN(c4cccc(Cl)c4Cl)CC3)cc2N1,False,False,False
1170827,CCN(CCCN1CCC(CC1)c1noc2cc(F)ccc12)C(=O)[C@H](C)O,9.6,Ki (nM),CCN(CCCN1CCC(c2noc3cc(F)ccc23)CC1)C(=O)[C@H](C)O,False,False,False
51197503,[11CH3]N1C(=O)C2(CCCCCN3CCc4sccc4C3)CCCc3cccc1c23,9.7,Ki (nM),[11CH3]N1C(=O)C2(CCCCCN3CCc4sccc4C3)CCCc3cccc1c32,False,False,False
51463774,CN1C(=O)C2(CCCCN3CCc4sccc4C3)CCCc3cccc1c23,9.7,Ki (nM),CN1C(=O)C2(CCCCN3CCc4sccc4C3)CCCc3cccc1c32,False,False,False
50177159,CN1CCc2cccc-3c2[C@H]1Cc1cccc(-c2ccccc2)c-31,9.78,Ki (nM),CN1CCc2cccc3c2[C@H]1Cc1cccc(-c2ccccc2)c1-3,False,False,False
51364342,Cn1ccc2c(cccc12)S(=O)(=O)N[C@@H]1CCN(CCCc2noc3ccccc23)C1,9.8,Ki (nM),Cn1ccc2c(S(=O)(=O)N[C@@H]3CCN(CCCc4noc5ccccc45)C3)cccc21,False,False,False
51565934,CN1CCc2cccc-3c2[C@H]1Cc1cccc(-c2ccccc2)c-31,9.8,Ki (nM),CN1CCc2cccc3c2[C@H]1Cc1cccc(-c2ccccc2)c1-3,False,False,False
50812905,CN1CCc2cccc-3c2[C@H]1Cc1cccc(-c2ccccc2)c-31,9.8,Ki (nM),CN1CCc2cccc3c2[C@H]1Cc1cccc(-c2ccccc2)c1-3,False,False,False
854043,CN1CCc2ccc(OCCCN3CCN(CC3)c3ncccn3)cc2C1=O,9.9,Ki (nM),CN1CCc2ccc(OCCCN3CCN(c4ncccn4)CC3)cc2C1=O,False,False,False
50102293,O=S(=O)(NCCCCN1CCN(CC1)c1nsc2ccccc12)c1cc2ccccc2s1,9.9,Ki (nM),O=S(=O)(NCCCCN1CCN(c2nsc3ccccc23)CC1)c1cc2ccccc2s1,False,False,False
50204551,Fc1ccc(cc1)C(=O)CCCN1CCC2(CC1)N(CNC2=O)c1ccccc1,9.9,Ki (nM),O=C(CCCN1CCC2(CC1)C(=O)NCN2c1ccccc1)c1ccc(F)cc1,False,False,False
51344454,CN1CCc2cccc-3c2C1Cc1ccc2nc(N)sc2c-31,9.9,Ki (nM),CN1CCc2cccc3c2C1Cc1ccc2nc(N)sc2c1-3,False,False,False
161691,c1ccc(cc1)N2CNC(=O)C23CCN(CC3)CCCC(=O)c4ccc(cc4)F,9.9,Ki (nM),O=C(CCCN1CCC2(CC1)C(=O)NCN2c1ccccc1)c1ccc(F)cc1,False,False,False
50102326,Fc1ccc(cc1Cl)S(=O)(=O)NCCCN1CCN(CC1)c1noc2ccccc12,9.9,Ki (nM),O=S(=O)(NCCCN1CCN(c2noc3ccccc23)CC1)c1ccc(F)c(Cl)c1,False,False,False
50984843,CCN(CC)C(=O)[C@H]1CN(C)[C@@H]2Cc3c(Br)[nH]c4cccc(C2=C1)c34,10.0,Ki (nM),CCN(CC)C(=O)[C@@H]1C=C2c3cccc4[nH]c(Br)c(c34)C[C@H]2N(C)C1,False,False,False
50958858,O=S(=O)(NC1CCN(CCOc2ccccc2-c2ccccc2)C1)c1cccs1,10.0,Ki (nM),O=S(=O)(NC1CCN(CCOc2ccccc2-c2ccccc2)C1)c1cccs1,False,False,False
50204539,NCCc1c[nH]c2ccc(cc12)C(N)=O,,Ki (nM),NCCc1c[nH]c2ccc(C(N)=O)cc12,False,False,False
51442071,CCNCc1ccc(Cl)c(c1)-c1ccccc1OC,10.0,Ki (nM),CCNCc1ccc(Cl)c(-c2ccccc2OC)c1,False,False,False
50102388,Cc1c(sc2ccc(F)cc12)S(=O)(=O)NCCCN1CCC(CC1)c1noc2cc(F)ccc12,10.0,Ki (nM),Cc1c(S(=O)(=O)NCCCN2CCC(c3noc4cc(F)ccc34)CC2)sc2ccc(F)cc12,False,False,False
162697,CCN(CC)C(=O)[C@H]1CN([C@@H]2Cc3c4c(cccc4[nH]c3Br)C2=C1)C,10.0,Ki (nM),CCN(CC)C(=O)[C@@H]1C=C2c3cccc4[nH]c(Br)c(c34)C[C@H]2N(C)C1,False,False,False
51158044,CCN(CC)C(=O)[C@H]1CN(C)[C@@H]2Cc3c(Br)[nH]c4cccc(C2=C1)c34,10.0,Ki (nM),CCN(CC)C(=O)[C@@H]1C=C2c3cccc4[nH]c(Br)c(c34)C[C@H]2N(C)C1,False,False,False
50817683,Fc1ccc(cc1)S(=O)(=O)NCCCN1CCC(=CC1)c1c[nH]c2ccc(Cl)cc12,10.0,Ki (nM),O=S(=O)(NCCCN1CC=C(c2c[nH]c3ccc(Cl)cc23)CC1)c1ccc(F)cc1,False,False,False
792088,CN1CCC(CC1)Oc1cc(Br)ccc1OCc1cccc(Cl)c1,10.0,Ki (nM),CN1CCC(Oc2cc(Br)ccc2OCc2cccc(Cl)c2)CC1,False,False,False
50958879,Fc1ccc(cc1)S(=O)(=O)N[C@H]1CCN(CCOc2ccccc2-c2ccccc2)C1,10.0,Ki (nM),O=S(=O)(N[C@H]1CCN(CCOc2ccccc2-c2ccccc2)C1)c1ccc(F)cc1,False,False,False
50958864,CC(C)c1ccccc1OCCN1CCC(C1)NS(=O)(=O)c1cccc2cccnc12,10.0,Ki (nM),CC(C)c1ccccc1OCCN1CCC(NS(=O)(=O)c2cccc3cccnc23)C1,False,False,False
50593436,Oc1nc2ccccc2n1C1CCN(CCN2CCCc3ccccc3C2=O)CC1,10.0,Ki (nM),O=C1c2ccccc2CCCN1CCN1CCC(n2c(O)nc3ccccc32)CC1,False,False,False
51158060,CC1CCN(CC[C@@H]2CCCN2S(=O)(=O)c2cccc3ccccc23)CC1,10.0,Ki (nM),CC1CCN(CC[C@@H]2CCCN2S(=O)(=O)c2cccc3ccccc23)CC1,False,False,False
282661,COc1ccc(cc1OC1CNC1)-c1ccccc1OC(F)(F)F,10.0,Ki (nM),COc1ccc(-c2ccccc2OC(F)(F)F)cc1OC1CNC1,False,False,False
180769,c1ccc(cc1)N2CNC(=O)C23CCN(CC3)CCCC(=O)c4ccc(cc4)F,10.0,Ki (nM),O=C(CCCN1CCC2(CC1)C(=O)NCN2c1ccccc1)c1ccc(F)cc1,False,False,False
50290780,COc1ccccc1N1CCN(CCCCn2c3ccccc3oc2=O)CC1,10.0,Ki (nM),COc1ccccc1N1CCN(CCCCn2c(=O)oc3ccccc32)CC1,False,False,False
51117103,C[C@H]1SC(=N[C@H]1CO)c1ccccc1O,,Ki (nM),C[C@H]1SC(c2ccccc2O)=N[C@H]1CO,False,False,False
51031855,COc1ccccc1N1CCN(CC(O)CN2C(=O)NC(C)(C2=O)c2ccc(Br)cc2)CC1,10.0,Ki (nM),COc1ccccc1N1CCN(CC(O)CN2C(=O)NC(C)(c3ccc(Br)cc3)C2=O)CC1,False,False,False
791977,FC(F)(F)Oc1cccc(COc2ccc(Br)cc2OC2CNC2)c1,10.0,Ki (nM),FC(F)(F)Oc1cccc(COc2ccc(Br)cc2OC2CNC2)c1,False,False,False
51126954,O=S(=O)(N1CCC[C@H]1CCN1CCN(CC1)c1noc2ccccc12)c1cccc2cnccc12,10.0,Ki (nM),O=S(=O)(c1cccc2cnccc12)N1CCC[C@H]1CCN1CCN(c2noc3ccccc23)CC1,False,False,False
50812847,NCCc1c[nH]c2ccc(O)cc12,10.0,Ki (nM),NCCc1c[nH]c2ccc(O)cc12,False,False,False
51158054,COc1cccc(c1)S(=O)(=O)N1CCC[C@H]1CCN1CCC(C)CC1,10.0,Ki (nM),COc1cccc(S(=O)(=O)N2CCC[C@H]2CCN2CCC(C)CC2)c1,False,False,False
178478,CN(C)S(=O)(=O)N[C@H]1C[C@H]2[C@@H](Cc3cn(C)c4cccc2c34)N(C)C1,10.0,Ki (nM),CN1C[C@@H](NS(=O)(=O)N(C)C)C[C@@H]2c3cccc4c3c(cn4C)C[C@H]21,False,False,False
50474290,CCOc1ccccc1N1CCN(CC(O)CN2C(=O)NC(C)(C2=O)c2ccc(F)cc2)CC1,10.0,Ki (nM),CCOc1ccccc1N1CCN(CC(O)CN2C(=O)NC(C)(c3ccc(F)cc3)C2=O)CC1,False,False,False
792252,FC(F)(F)c1ccc2CCC(Oc3ccc(Br)cc3OC3CNC3)c2c1,10.0,Ki (nM),FC(F)(F)c1ccc2c(c1)C(Oc1ccc(Br)cc1OC1CNC1)CC2,False,False,False
791997,Fc1cccc(COc2ccc(Br)cc2OC2CNC2)c1,10.0,Ki (nM),Fc1cccc(COc2ccc(Br)cc2OC2CNC2)c1,False,False,False
178480,CN1C[C@H](CNC(=O)OCc2ccccc2)C[C@H]2[C@H]1Cc1cn(C)c3cccc2c13,10.0,Ki (nM),CN1C[C@H](CNC(=O)OCc2ccccc2)C[C@@H]2c3cccc4c3c(cn4C)C[C@H]21,False,False,False
50284490,CC1CCN(CC[C@H]2CCCN2S(=O)(=O)c2cccc3ccccc23)CC1,10.0,Ki (nM),CC1CCN(CC[C@H]2CCCN2S(=O)(=O)c2cccc3ccccc23)CC1,False,False,False
50096586,Oc1cccc(NCCCN2CCN(CC2)c2ccccc2)c1,10.0,Ki (nM),Oc1cccc(NCCCN2CCN(c3ccccc3)CC2)c1,False,False,False
51155767,Cc1ccccc1N1CCN(CCCCC23CCCc4cccc(NC2=O)c34)CC1,10.0,Ki (nM),Cc1ccccc1N1CCN(CCCCC23CCCc4cccc(c42)NC3=O)CC1,False,False,False
51117104,C[C@@H]1SC(=N[C@H]1CO)c1ccccc1O,,Ki (nM),C[C@@H]1SC(c2ccccc2O)=N[C@H]1CO,False,False,False
792241,Fc1ccc2CCC(Oc3ccc(Cl)cc3OC3CNC3)c2c1,10.0,Ki (nM),Fc1ccc2c(c1)C(Oc1ccc(Cl)cc1OC1CNC1)CC2,False,False,False
50211392,Brc1ccc2ccn(CCN3CCCN(CC3)C3CCCC3)c2c1,10.0,Ki (nM),Brc1ccc2ccn(CCN3CCCN(C4CCCC4)CC3)c2c1,False,False,False
50520259,C[C@H](NC(=O)CCCCCN1CCN(CC1)c1ccccc1-c1ccccc1)c1ccccc1,10.0,Ki (nM),C[C@H](NC(=O)CCCCCN1CCN(c2ccccc2-c2ccccc2)CC1)c1ccccc1,False,False,False
50663751,CCC1(CCCCN2CCN(CC2)c2ccc(Cl)cc2)C(=O)Nc2cc(F)c(Cl)cc12,10.0,Ki (nM),CCC1(CCCCN2CCN(c3ccc(Cl)cc3)CC2)C(=O)Nc2cc(F)c(Cl)cc21,False,False,False
159686,CSc1ccc2Sc3ccccc3CC(N3CCN(C)CC3)c2c1,10.0,Ki (nM),CSc1ccc2c(c1)C(N1CCN(C)CC1)Cc1ccccc1S2,False,False,False
51488596,Clc1cccc(N2CCN(CCCCOc3ccc4CCC(=O)Nc4c3)CC2)c1Cl,10.0,Ki (nM),O=C1CCc2ccc(OCCCCN3CCN(c4cccc(Cl)c4Cl)CC3)cc2N1,False,False,False
180426,COc1cccc(c1)S(=O)(=O)N1CCC[C@@H]1CCN1CCC(C)CC1,10.0,Ki (nM),COc1cccc(S(=O)(=O)N2CCC[C@@H]2CCN2CCC(C)CC2)c1,False,False,False
180427,CC1CCN(CC[C@H]2CCCN2S(=O)(=O)c2cccc3ccccc23)CC1,10.0,Ki (nM),CC1CCN(CC[C@H]2CCCN2S(=O)(=O)c2cccc3ccccc23)CC1,False,False,False
172872,CN(C)CCOC1=Cc2ccccc2Sc3c1cc(cc3)Cl,10.0,Ki (nM),CN(C)CCOC1=Cc2ccccc2Sc2ccc(Cl)cc21,False,False,False
51116993,C[C@H]1SC(=N[C@@H]1CO)c1ccccc1O,,Ki (nM),C[C@H]1SC(c2ccccc2O)=N[C@@H]1CO,False,False,False
174159,CCN(CC)C(=O)[C@H]1CN([C@@H]2Cc3c[nH]c4c3c(ccc4)C2=C1)C,10.0,Ki (nM),CCN(CC)C(=O)[C@@H]1C=C2c3cccc4[nH]cc(c34)C[C@H]2N(C)C1,False,False,False
223564,COc1ccc(cc1OC1CNC1)-c1ccccc1OC(F)(F)F,10.0,Ki (nM),COc1ccc(-c2ccccc2OC(F)(F)F)cc1OC1CNC1,False,False,False
50211371,Clc1ccc2ccn(CCN3CCCN4CCCCC4C3)c2c1,10.0,Ki (nM),Clc1ccc2ccn(CCN3CCCN4CCCCC4C3)c2c1,False,False,False
50812880,CC1CCN(CC[C@H]2CCCN2S(=O)(=O)c2cccc3ccccc23)CC1,10.0,Ki (nM),CC1CCN(CC[C@H]2CCCN2S(=O)(=O)c2cccc3ccccc23)CC1,False,False,False
50157606,CC(C)Oc1ccccc1N1CCN(C[C@@H](O)CNC(=O)c2ccc3C(=O)N(C(=O)c3c2)c2ccc(cc2)N(C)C)CC1,10.0,Ki (nM),CC(C)Oc1ccccc1N1CCN(C[C@@H](O)CNC(=O)c2ccc3c(c2)C(=O)N(c2ccc(N(C)C)cc2)C3=O)CC1,False,False,False
50503133,Clc1cccc(N2CCN(CCCCOc3ccc4CCC(=O)Nc4c3)CC2)c1Cl,10.0,Ki (nM),O=C1CCc2ccc(OCCCCN3CCN(c4cccc(Cl)c4Cl)CC3)cc2N1,False,False,False
50102302,Cc1cccc(c1)S(=O)(=O)NCCCN1CCN(CC1)c1noc2ccccc12,10.0,Ki (nM),Cc1cccc(S(=O)(=O)NCCCN2CCN(c3noc4ccccc34)CC2)c1,False,False,False
792174,CC(Oc1ccc(Br)cc1OC1CNC1)c1cccc(Cl)c1,10.0,Ki (nM),CC(Oc1ccc(Br)cc1OC1CNC1)c1cccc(Cl)c1,False,False,False
50444775,CC(C)c1ccccc1OCCN1CCC(CC1)N(C)S(=O)(=O)c1cnn(C)c1,10.0,Ki (nM),CC(C)c1ccccc1OCCN1CCC(N(C)S(=O)(=O)c2cnn(C)c2)CC1,False,False,False
51031782,COc1ccccc1N1CCN(CC(O)CN2C(=O)NC(C)(C2=O)c2ccccc2)CC1,10.0,Ki (nM),COc1ccccc1N1CCN(CC(O)CN2C(=O)NC(C)(c3ccccc3)C2=O)CC1,False,False,False
50310674,NC(=O)[C@@H]1Cc2ccccc2CN1C(=O)CCCCCN1CCN(CC1)c1ccccc1-c1ccccc1,10.0,Ki (nM),NC(=O)[C@@H]1Cc2ccccc2CN1C(=O)CCCCCN1CCN(c2ccccc2-c2ccccc2)CC1,False,False,False
792060,Clc1ccc(OCc2ccc(Cl)c(Cl)c2)c(OC2CNC2)c1,10.0,Ki (nM),Clc1ccc(OCc2ccc(Cl)c(Cl)c2)c(OC2CNC2)c1,False,False,False
50503282,Oc1ccc(cc1)C(=O)CCCN1CCc2ccccc2C1,10.0,Ki (nM),O=C(CCCN1CCc2ccccc2C1)c1ccc(O)cc1,False,False,False
50276109,C[C@H](Nc1nc(F)nc(NCCOc2ccccc2)n1)c1ccccc1,10.0,Ki (nM),C[C@H](Nc1nc(F)nc(NCCOc2ccccc2)n1)c1ccccc1,False,False,False
51408610,Clc1cccc(N2CCN(CCCCOc3ccc4CCC(=O)Nc4c3)CC2)c1Cl,10.0,Ki (nM),O=C1CCc2ccc(OCCCCN3CCN(c4cccc(Cl)c4Cl)CC3)cc2N1,False,False,False
51366652,Clc1cccc(N2CCN(CCCCOc3ccc4CCC(=O)Nc4c3)CC2)c1Cl,10.0,Ki (nM),O=C1CCc2ccc(OCCCCN3CCN(c4cccc(Cl)c4Cl)CC3)cc2N1,False,False,False
50444789,Cn1cc(cn1)S(=O)(=O)N(CC1CC1)C1CCN(CCOc2ccccc2-c2ccccc2)CC1,10.0,Ki (nM),Cn1cc(S(=O)(=O)N(CC2CC2)C2CCN(CCOc3ccccc3-c3ccccc3)CC2)cn1,False,False,False
50310664,O=C(CCCCN1CCN(CC1)c1ccccc1-c1ccccc1)N1Cc2ccccc2C[C@H]1C(=O)N1CCCCC1,10.0,Ki (nM),O=C([C@@H]1Cc2ccccc2CN1C(=O)CCCCN1CCN(c2ccccc2-c2ccccc2)CC1)N1CCCCC1,False,False,False
1170797,CCN(CCN1CCC(CC1)c1noc2cc(F)ccc12)C(=O)C(O)C#C,10.0,Ki (nM),C#CC(O)C(=O)N(CC)CCN1CCC(c2noc3cc(F)ccc23)CC1,False,False,False
50812793,Clc1ccc2ccn(CCN3CCCN4CCCCC4C3)c2c1,10.0,Ki (nM),Clc1ccc2ccn(CCN3CCCN4CCCCC4C3)c2c1,False,False,False
50866749,CCC1(CCCCN2CCN(CC2)c2ccc(Cl)cc2)C(=O)Nc2c1cc(Cl)cc2Cl,10.13,Ki (nM),CCC1(CCCCN2CCN(c3ccc(Cl)cc3)CC2)C(=O)Nc2c(Cl)cc(Cl)cc21,False,False,False
853961,CN1CCc2ccc(OCC(O)CN3CCC(CC3)c3noc4cc(F)ccc34)cc2C1=O,10.2,Ki (nM),CN1CCc2ccc(OCC(O)CN3CCC(c4noc5cc(F)ccc45)CC3)cc2C1=O,False,False,False
186620,c1cc(c(c(c1)Cl)Cl)N2CCN(CC2)CCCCOc3ccc4c(c3)NC(=O)CC4,10.3,Ki (nM),O=C1CCc2ccc(OCCCCN3CCN(c4cccc(Cl)c4Cl)CC3)cc2N1,False,False,False
282679,FC(F)(F)c1ccccc1-c1ccc(Cl)c(OC2CNC2)c1,10.49,Ki (nM),FC(F)(F)c1ccccc1-c1ccc(Cl)c(OC2CNC2)c1,False,False,False
223582,FC(F)(F)c1ccccc1-c1ccc(Cl)c(OC2CNC2)c1,10.49,Ki (nM),FC(F)(F)c1ccccc1-c1ccc(Cl)c(OC2CNC2)c1,False,False,False
1170929,CCN(CCN1CCC(CC1)c1noc2cc(F)ccc12)C(=O)C1(O)CCCN(C1)C(C)=O,10.6,Ki (nM),CCN(CCN1CCC(c2noc3cc(F)ccc23)CC1)C(=O)C1(O)CCCN(C(C)=O)C1,False,False,False
170513,CC(C)C[C@H]1C(=O)N2CCC[C@H]2[C@]3(N1C(=O)[C@](O3)(C(C)C)NC(=O)[C@H]4CN([C@@H]5Cc6c7c(cccc7[nH]c6Br)C5=C4)C)O,10.7,Ki (nM),CC(C)C[C@H]1C(=O)N2CCC[C@H]2[C@]2(O)O[C@](NC(=O)[C@@H]3C=C4c5cccc6[nH]c(Br)c(c56)C[C@H]4N(C)C3)(C(C)C)C(=O)N12,False,False,False
162670,CC(C)C[C@H]1C(=O)N2CCC[C@H]2[C@]3(N1C(=O)[C@](O3)(C(C)C)NC(=O)[C@H]4CN([C@@H]5Cc6c7c(cccc7[nH]c6Br)C5=C4)C)O,10.71,Ki (nM),CC(C)C[C@H]1C(=O)N2CCC[C@H]2[C@]2(O)O[C@](NC(=O)[C@@H]3C=C4c5cccc6[nH]c(Br)c(c56)C[C@H]4N(C)C3)(C(C)C)C(=O)N12,False,False,False
854048,CN1CCc2ccc(OCCCN3CCC(CC3)C(=O)c3ccc(F)cc3)cc2C1=O,10.8,Ki (nM),CN1CCc2ccc(OCCCN3CCC(C(=O)c4ccc(F)cc4)CC3)cc2C1=O,False,False,False
160280,CC[C@@H](CO)NC(=O)[C@H]1CN([C@@H]2Cc3c[nH]c4c3c(ccc4)C2=C1)C,10.96,Ki (nM),CC[C@@H](CO)NC(=O)[C@@H]1C=C2c3cccc4[nH]cc(c34)C[C@H]2N(C)C1,False,False,False
792462,Clc1ccc(Oc2ccc(Br)cc2OC2CNC2)cc1,11.0,Ki (nM),Clc1ccc(Oc2ccc(Br)cc2OC2CNC2)cc1,False,False,False
50663747,CCC1(CCCCN2CCN(CC2)c2cccc(F)c2)C(=O)Nc2ccccc12,11.0,Ki (nM),CCC1(CCCCN2CCN(c3cccc(F)c3)CC2)C(=O)Nc2ccccc21,False,False,False
50520325,C[C@@H](NC(=O)CCCCCN1CCN(CC1)c1ccccc1-c1ccccc1)c1ccccc1,11.0,Ki (nM),C[C@@H](NC(=O)CCCCCN1CCN(c2ccccc2-c2ccccc2)CC1)c1ccccc1,False,False,False
50076027,CN(C)CCCN1c2ccccc2Sc2ccc(Cl)cc12,11.0,Ki (nM),CN(C)CCCN1c2ccccc2Sc2ccc(Cl)cc21,False,False,False
50593476,Cc1ccccc1OC1CCN(CCC2CCCc3ccccc3C2=O)CC1,11.0,Ki (nM),Cc1ccccc1OC1CCN(CCC2CCCc3ccccc3C2=O)CC1,False,False,False
50473226,Oc1ccccc1N1CCN(CCCCCC(=O)NC2CCCc3ccccc23)CC1,11.0,Ki (nM),O=C(CCCCCN1CCN(c2ccccc2O)CC1)NC1CCCc2ccccc21,False,False,False
223561,COc1ccc(cc1OC1CNC1)-c1cccc(C)c1C,11.0,Ki (nM),COc1ccc(-c2cccc(C)c2C)cc1OC1CNC1,False,False,False
51298050,Fc1ccc(N2CCN(CCCc3c[nH]c4ccc(F)cc34)CC2)c(c1)-c1ccoc1,11.0,Ki (nM),Fc1ccc(N2CCN(CCCc3c[nH]c4ccc(F)cc34)CC2)c(-c2ccoc2)c1,False,False,False
51205657,COc1ccc(cc1)-c1ccccc1N1CCN(CCCCCC(=O)NCc2ccncc2)CC1,11.0,Ki (nM),COc1ccc(-c2ccccc2N2CCN(CCCCCC(=O)NCc3ccncc3)CC2)cc1,False,False,False
50958865,CSc1ccccc1OCCN1CCC(C1)NS(=O)(=O)c1ccc(F)cc1,11.0,Ki (nM),CSc1ccccc1OCCN1CCC(NS(=O)(=O)c2ccc(F)cc2)C1,False,False,False
792085,Clc1cccc(COc2ccc(Br)cc2OC2CCNCC2)c1,11.0,Ki (nM),Clc1cccc(COc2ccc(Br)cc2OC2CCNCC2)c1,False,False,False
792407,CC1(CNC1)Oc1cc(Br)ccc1OCCc1ccccc1,11.0,Ki (nM),CC1(Oc2cc(Br)ccc2OCCc2ccccc2)CNC1,False,False,False
791981,Brc1ccc(OCc2cccc(c2)C#N)c(OC2CNC2)c1,11.0,Ki (nM),N#Cc1cccc(COc2ccc(Br)cc2OC2CNC2)c1,False,False,False
53797,Clc1cccc(c1)N1CCN(CCCCCn2c3ccccc3[nH]c2=O)CC1,11.0,Ki (nM),O=c1[nH]c2ccccc2n1CCCCCN1CCN(c2cccc(Cl)c2)CC1,False,False,False
50593446,COc1ccccc1C1CCN(CC2CCc3ccccc3C(=O)C2)CC1,11.0,Ki (nM),COc1ccccc1C1CCN(CC2CCc3ccccc3C(=O)C2)CC1,False,False,False
282658,COc1ccc(cc1OC1CNC1)-c1cccc(C)c1C,11.0,Ki (nM),COc1ccc(-c2cccc(C)c2C)cc1OC1CNC1,False,False,False
792295,Fc1ccc2CC(Cc2c1)Oc1ccc(Cl)cc1OC1CNC1,11.0,Ki (nM),Fc1ccc2c(c1)CC(Oc1ccc(Cl)cc1OC1CNC1)C2,False,False,False
50073041,CN(C)CCCN1c2ccccc2Sc2ccc(Cl)cc12,11.0,Ki (nM),CN(C)CCCN1c2ccccc2Sc2ccc(Cl)cc21,False,False,False
50310673,NC(=O)[C@@H]1Cc2ccccc2CN1C(=O)CCCCCCN1CCN(CC1)c1ccccc1-c1ccccc1,11.0,Ki (nM),NC(=O)[C@@H]1Cc2ccccc2CN1C(=O)CCCCCCN1CCN(c2ccccc2-c2ccccc2)CC1,False,False,False
792098,Brc1ccc(OCC2CCCCC2)c(OC2CNC2)c1,11.0,Ki (nM),Brc1ccc(OCC2CCCCC2)c(OC2CNC2)c1,False,False,False
51298046,Fc1ccc(N2CCN(CCCc3c[nH]c4ccc(F)cc34)CC2)c(c1)-c1cccs1,11.0,Ki (nM),Fc1ccc(N2CCN(CCCc3c[nH]c4ccc(F)cc34)CC2)c(-c2cccs2)c1,False,False,False
51344446,CN1CCN(CC1)C1=Nc2cc(Cl)ccc2Nc2ccccc12,11.0,Ki (nM),CN1CCN(C2=Nc3cc(Cl)ccc3Nc3ccccc32)CC1,False,False,False
51468642,[2H]c1c([2H])c([2H])c([C@@H]2C[C@@H](N3CCNC(C)(C)C3)c3cc(Cl)ccc23)c([2H])c1[2H],11.0,Ki (nM),[2H]c1c([2H])c([2H])c([C@@H]2C[C@@H](N3CCNC(C)(C)C3)c3cc(Cl)ccc32)c([2H])c1[2H],False,False,False
50284489,CCN(CCCN1CCc2cc(OC)ccc2C1)S(=O)(=O)c1ccc(C)cc1,11.0,Ki (nM),CCN(CCCN1CCc2cc(OC)ccc2C1)S(=O)(=O)c1ccc(C)cc1,False,False,False
50663741,O=C1Nc2ccccc2C1CCCCN1CCN(CC1)c1ccccn1,11.0,Ki (nM),O=C1Nc2ccccc2C1CCCCN1CCN(c2ccccn2)CC1,False,False,False
51207221,COc1ccccc1N1CCN(Cc2cn(-c3ccccc3)c3ccccc23)CC1,11.0,Ki (nM),COc1ccccc1N1CCN(Cc2cn(-c3ccccc3)c3ccccc23)CC1,False,False,False
792182,C[C@@H](Oc1ccc(Br)cc1OC1CNC1)c1cccc(c1)C(F)(F)F,11.0,Ki (nM),C[C@@H](Oc1ccc(Br)cc1OC1CNC1)c1cccc(C(F)(F)F)c1,False,False,False
792055,Fc1ccc(COc2ccc(Cl)cc2OC2CNC2)cc1C(F)(F)F,11.0,Ki (nM),Fc1ccc(COc2ccc(Cl)cc2OC2CNC2)cc1C(F)(F)F,False,False,False
50663738,FC(F)(F)c1cccc(c1)C1=CCN(CCCCC2C(=O)Nc3ccccc23)CC1,11.0,Ki (nM),O=C1Nc2ccccc2C1CCCCN1CC=C(c2cccc(C(F)(F)F)c2)CC1,False,False,False
791987,Fc1ccc(COc2ccc(Br)cc2OC2CNC2)cc1Cl,11.0,Ki (nM),Fc1ccc(COc2ccc(Br)cc2OC2CNC2)cc1Cl,False,False,False
1170794,CCN(CCN1CCN(CC1)c1noc2cc(F)ccc12)C(=O)C(C)O,11.1,Ki (nM),CCN(CCN1CCN(c2noc3cc(F)ccc23)CC1)C(=O)C(C)O,False,False,False
853994,CN1COc2ccc(OCCCN3CCC(CC3)c3noc4cc(F)ccc34)cc2C1=O,11.2,Ki (nM),CN1COc2ccc(OCCCN3CCC(c4noc5cc(F)ccc45)CC3)cc2C1=O,False,False,False
38643,Oc1ccccc1N1CCN(CCCCCC(=O)NC2CCCc3ccccc23)CC1,11.4,Ki (nM),O=C(CCCCCN1CCN(c2ccccc2O)CC1)NC1CCCc2ccccc21,False,False,False
50289716,Oc1ccccc1N1CCN(CCCCCC(=O)NC2CCCc3ccccc23)CC1,11.4,Ki (nM),O=C(CCCCCN1CCN(c2ccccc2O)CC1)NC1CCCc2ccccc21,False,False,False
190322,CCN1CCCC1CNC(=O)c1cc(c(N)cc1OC)S(=O)(=O)CC,11.5,Ki (nM),CCN1CCCC1CNC(=O)c1cc(S(=O)(=O)CC)c(N)cc1OC,False,False,False
1467000,C[C@@H]1C[C@H](C)N1C(=O)C1C=C2c3cccc4[nH]cc(c34)C[C@H]2N(C)C1,11.6,Ki (nM),C[C@@H]1C[C@H](C)N1C(=O)C1C=C2c3cccc4[nH]cc(c34)C[C@H]2N(C)C1,False,False,False
1423520,Fc1ccc(cc1)N1CCN(CCCCCn2cc[nH]c2=O)CC1,11.9,Ki (nM),O=c1[nH]ccn1CCCCCN1CCN(c2ccc(F)cc2)CC1,False,False,False
51042120,Clc1cccc(N2CCN(CCCNS(=O)(=O)c3ccc4cccnc4c3)CC2)c1Cl,12.0,Ki (nM),O=S(=O)(NCCCN1CCN(c2cccc(Cl)c2Cl)CC1)c1ccc2cccnc2c1,False,False,False
51408600,Fc1ccc2C(=O)C(CCN3CCN(CC3)c3ccccn3)Cc2c1,12.0,Ki (nM),O=C1c2ccc(F)cc2CC1CCN1CCN(c2ccccn2)CC1,False,False,False
50807373,C[C@H]1C[C@@H](C)N1C(=O)[C@H]1CN(C)C2Cc3c[nH]c4cccc(C2=C1)c34,12.0,Ki (nM),C[C@@H]1C[C@H](C)N1C(=O)[C@@H]1C=C2c3cccc4[nH]cc(c34)CC2N(C)C1,False,False,False
50817677,Clc1cccc(c1)S(=O)(=O)NCCCN1CCC(=CC1)c1c[nH]c2ccc(Cl)cc12,12.0,Ki (nM),O=S(=O)(NCCCN1CC=C(c2c[nH]c3ccc(Cl)cc23)CC1)c1cccc(Cl)c1,False,False,False
51282050,Clc1ccccc1N1CCN(CCCCC23CCCc4cccc(NC2=O)c34)CC1,12.0,Ki (nM),O=C1Nc2cccc3c2C1(CCCCN1CCN(c2ccccc2Cl)CC1)CCC3,False,False,False
50551631,CN(C)CCSc1nc(cs1)-c1ccccc1,12.0,Ki (nM),CN(C)CCSc1nc(-c2ccccc2)cs1,False,False,False
50090994,Clc1cccc(COc2ccc(Br)cc2OC2CNC2)c1,12.0,Ki (nM),Clc1cccc(COc2ccc(Br)cc2OC2CNC2)c1,False,False,False
50503308,NC(=O)c1ccc(cc1)C(=O)CCCN1CCc2ccccc2C1,12.0,Ki (nM),NC(=O)c1ccc(C(=O)CCCN2CCc3ccccc3C2)cc1,False,False,False
51133698,Fc1cccc(c1)-c1cc(F)ccc1N1CCN(CCCc2c[nH]c3ccc(F)cc23)CC1,12.0,Ki (nM),Fc1cccc(-c2cc(F)ccc2N2CCN(CCCc3c[nH]c4ccc(F)cc34)CC2)c1,False,False,False
791964,Clc1cccc(COc2ccc(Br)cc2OC2CNC2)c1,12.0,Ki (nM),Clc1cccc(COc2ccc(Br)cc2OC2CNC2)c1,False,False,False
50462418,Fc1cccc(c1)S(=O)(=O)NC1CC2CCC(C1)N2CCOc1cccc(c1)-c1ccccc1,12.0,Ki (nM),O=S(=O)(NC1CC2CCC(C1)N2CCOc1cccc(-c2ccccc2)c1)c1cccc(F)c1,False,False,False
51228696,Nn1c(CCCCN2CCN(CC2)c2ccccc2)nc2c3ccccc3sc2c1=O,12.0,Ki (nM),Nn1c(CCCCN2CCN(c3ccccc3)CC2)nc2c(sc3ccccc32)c1=O,False,False,False
51418949,Cc1cccc(c1)-c1n[nH]cc1N1CCCNCC1,12.0,Ki (nM),Cc1cccc(-c2n[nH]cc2N2CCCNCC2)c1,False,False,False
51418950,Cc1cccc(c1)-c1n[nH]cc1N1CCCNCC1,12.0,Ki (nM),Cc1cccc(-c2n[nH]cc2N2CCCNCC2)c1,False,False,False
50958878,Clc1ccc(s1)S(=O)(=O)N[C@H]1CCN(CCOc2ccccc2-c2ccccc2)C1,12.0,Ki (nM),O=S(=O)(N[C@H]1CCN(CCOc2ccccc2-c2ccccc2)C1)c1ccc(Cl)s1,False,False,False
50096613,Oc1ccc2[nH]cc(CCN3CCN(CC3)c3cccc4ccccc34)c2c1,12.0,Ki (nM),Oc1ccc2[nH]cc(CCN3CCN(c4cccc5ccccc45)CC3)c2c1,False,False,False
50096614,Oc1ccc2[nH]cc(CCN3CCN(CC3)c3cccc4ccccc34)c2c1,12.0,Ki (nM),Oc1ccc2[nH]cc(CCN3CCN(c4cccc5ccccc45)CC3)c2c1,False,False,False
51126871,Clc1ccc2[nH]cc(C3=CCN(CC[C@H]4CCCN4S(=O)(=O)c4cccc5ncccc45)CC3)c2c1,12.0,Ki (nM),O=S(=O)(c1cccc2ncccc12)N1CCC[C@@H]1CCN1CC=C(c2c[nH]c3ccc(Cl)cc23)CC1,False,False,False
161695,CN(C)S(=O)(=O)c1ccc2Sc3ccccc3\C(=C\CCN3CCN(C)CC3)c2c1,12.0,Ki (nM),CN1CCN(CC/C=C2/c3ccccc3Sc3ccc(S(=O)(=O)N(C)C)cc32)CC1,False,False,False
51505679,CCN1CCCC1CNC(=O)c1cc(c(N)cc1OC)S(=O)(=O)CC,12.0,Ki (nM),CCN1CCCC1CNC(=O)c1cc(S(=O)(=O)CC)c(N)cc1OC,False,False,False
50593437,Clc1ccc(OC2CCN(CCN3CCCc4ccccc4C3=O)CC2)cc1,12.0,Ki (nM),O=C1c2ccccc2CCCN1CCN1CCC(Oc2ccc(Cl)cc2)CC1,False,False,False
51126956,O=S(=O)(N1CCC[C@H]1CCN1CCN(CC1)c1nsc2ccccc12)c1cccc2cnccc12,12.0,Ki (nM),O=S(=O)(c1cccc2cnccc12)N1CCC[C@H]1CCN1CCN(c2nsc3ccccc23)CC1,False,False,False
50520290,COc1ccc(cc1)-c1ccccc1N1CCN(CCCCCC(=O)N[C@H](C)c2ccc(cc2)C#N)CC1,12.0,Ki (nM),COc1ccc(-c2ccccc2N2CCN(CCCCCC(=O)N[C@H](C)c3ccc(C#N)cc3)CC2)cc1,False,False,False
51126958,Fc1ccc2c(noc2c1)C1CCN(CC[C@H]2CCCN2S(=O)(=O)c2cccc3ncccc23)CC1,12.0,Ki (nM),O=S(=O)(c1cccc2ncccc12)N1CCC[C@@H]1CCN1CCC(c2noc3cc(F)ccc23)CC1,False,False,False
50958826,Clc1ccc(s1)S(=O)(=O)NC1CCN(CCOc2ccccc2-c2ccccc2)CC1,12.0,Ki (nM),O=S(=O)(NC1CCN(CCOc2ccccc2-c2ccccc2)CC1)c1ccc(Cl)s1,False,False,False
50706720,Oc1csc(=O)n1CCCCCCCCNCC1CCc2ccccc2O1,12.0,Ki (nM),O=c1scc(O)n1CCCCCCCCNCC1CCc2ccccc2O1,False,False,False
50096602,CN(CCCCCCN1CCN(CC1)c1ccccc1)c1cccc(O)c1,12.0,Ki (nM),CN(CCCCCCN1CCN(c2ccccc2)CC1)c1cccc(O)c1,False,False,False
792235,CC(Oc1ccc(Cl)cc1OC1CNC1)c1ccc(o1)C(F)(F)F,12.0,Ki (nM),CC(Oc1ccc(Cl)cc1OC1CNC1)c1ccc(C(F)(F)F)o1,False,False,False
792299,COc1ccc2CC(Cc2c1)Oc1ccc(Cl)cc1OC1CNC1,12.0,Ki (nM),COc1ccc2c(c1)CC(Oc1ccc(Cl)cc1OC1CNC1)C2,False,False,False
51127076,Fc1ccc2c(noc2c1)C1CCN(CC[C@@H]2CCCN2S(=O)(=O)c2cccc3ncccc23)CC1,12.0,Ki (nM),O=S(=O)(c1cccc2ncccc12)N1CCC[C@H]1CCN1CCC(c2noc3cc(F)ccc23)CC1,False,False,False
50302293,Clc1cccc(c1)N1CCN(CCCCCc2nc3ccccc3c(=O)[nH]2)CC1,12.0,Ki (nM),O=c1[nH]c(CCCCCN2CCN(c3cccc(Cl)c3)CC2)nc2ccccc12,False,False,False
50256212,CN(C)CCSc1nc(cs1)-c1ccccc1,12.0,Ki (nM),CN(C)CCSc1nc(-c2ccccc2)cs1,False,False,False
50310675,NC(=O)[C@@H]1Cc2ccccc2CN1C(=O)CCCCN1CCN(CC1)c1ccccc1-c1ccccc1,12.0,Ki (nM),NC(=O)[C@@H]1Cc2ccccc2CN1C(=O)CCCCN1CCN(c2ccccc2-c2ccccc2)CC1,False,False,False
50520239,COc1ccc(cc1)-c1ccccc1N1CCN(CCCCCC(=O)N[C@H](C)c2ccccc2)CC1,12.0,Ki (nM),COc1ccc(-c2ccccc2N2CCN(CCCCCC(=O)N[C@H](C)c3ccccc3)CC2)cc1,False,False,False
51337120,CN(C)[C@H]1CCc2c(C1)cccc2-c1c(C)nn(C)c1C,12.0,Ki (nM),Cc1nn(C)c(C)c1-c1cccc2c1CC[C@H](N(C)C)C2,False,False,False
50290767,COc1ccccc1N1CCN(CCCCCCn2c3ccccc3oc2=O)CC1,12.0,Ki (nM),COc1ccccc1N1CCN(CCCCCCn2c(=O)oc3ccccc32)CC1,False,False,False
51155775,Brc1ccc2NC(=O)C3(CCCCN4CCC(=CC4)c4ccccc4)CCCc1c23,12.0,Ki (nM),O=C1Nc2ccc(Br)c3c2C1(CCCCN1CC=C(c2ccccc2)CC1)CCC3,False,False,False
51031871,CC1(NC(=O)N(CC(O)CN2CCN(CC2)c2ccccc2C#N)C1=O)c1ccccc1,12.0,Ki (nM),CC1(c2ccccc2)NC(=O)N(CC(O)CN2CCN(c3ccccc3C#N)CC2)C1=O,False,False,False
51108604,Clc1ccc(CCN2CCN(CC2)c2nsc3ccccc23)cc1Cl,12.0,Ki (nM),Clc1ccc(CCN2CCN(c3nsc4ccccc34)CC2)cc1Cl,False,False,False
51155764,Clc1ccccc1N1CCN(CCCCC23CCCc4cccc(NC2=O)c34)CC1,12.0,Ki (nM),O=C1Nc2cccc3c2C1(CCCCN1CCN(c2ccccc2Cl)CC1)CCC3,False,False,False
50310661,O=C(CCCCCCN1CCN(CC1)c1ccccc1-c1ccccc1)N1Cc2ccccc2C[C@H]1C(=O)N1CCCCC1,12.0,Ki (nM),O=C([C@@H]1Cc2ccccc2CN1C(=O)CCCCCCN1CCN(c2ccccc2-c2ccccc2)CC1)N1CCCCC1,False,False,False
791991,Clc1ccc(COc2ccc(Br)cc2OC2CNC2)cc1,12.0,Ki (nM),Clc1ccc(COc2ccc(Br)cc2OC2CNC2)cc1,False,False,False
50096577,Oc1cccc(c1)N(CCCN1CCN(CC1)c1ccccc1)S(=O)(=O)c1ccccc1,12.0,Ki (nM),O=S(=O)(c1ccccc1)N(CCCN1CCN(c2ccccc2)CC1)c1cccc(O)c1,False,False,False
1423500,Clc1ccc(N2CCN(CCCCCn3c4ccccc4[nH]c3=O)CC2)c(Cl)c1,12.3,Ki (nM),O=c1[nH]c2ccccc2n1CCCCCN1CCN(c2ccc(Cl)cc2Cl)CC1,False,False,False
50276392,CCCN(CCC)[C@H]1CCc2c(C1)cccc2-c1ccc(OC)cc1,12.4,Ki (nM),CCCN(CCC)[C@H]1CCc2c(cccc2-c2ccc(OC)cc2)C1,False,False,False
50854590,COc1c(Cl)ccc2N=C(N)NC(C)c12,12.4,Ki (nM),COc1c(Cl)ccc2c1C(C)NC(N)=N2,False,False,False
853950,CN1CCc2ccc(OCCCCN3CCC(CC3)c3noc4cc(F)ccc34)cc2C1=O,12.5,Ki (nM),CN1CCc2ccc(OCCCCN3CCC(c4noc5cc(F)ccc45)CC3)cc2C1=O,False,False,False
170561,CC[C@@H](CO)NC(=O)[C@H]1CN([C@@H]2Cc3cn(c4c3c(ccc4)C2=C1)C)C,12.5,Ki (nM),CC[C@@H](CO)NC(=O)[C@@H]1C=C2c3cccc4c3c(cn4C)C[C@H]2N(C)C1,False,False,False
162714,CC[C@@H](CO)NC(=O)[C@H]1CN([C@@H]2Cc3cn(c4c3c(ccc4)C2=C1)C)C,12.58,Ki (nM),CC[C@@H](CO)NC(=O)[C@@H]1C=C2c3cccc4c3c(cn4C)C[C@H]2N(C)C1,False,False,False
162717,CC[C@@H](CO)NC(=O)[C@H]1CN([C@@H]2Cc3cn(c4c3c(ccc4)C2=C1)C)C,12.58,Ki (nM),CC[C@@H](CO)NC(=O)[C@@H]1C=C2c3cccc4c3c(cn4C)C[C@H]2N(C)C1,False,False,False
174195,CN(C)S(=O)(=O)N[C@H]1C[C@H]2[C@@H](Cc3cn(C)c4cccc2c34)N(C)C1,12.59,Ki (nM),CN1C[C@@H](NS(=O)(=O)N(C)C)C[C@@H]2c3cccc4c3c(cn4C)C[C@H]21,False,False,False
174144,"CN1CCN(CC1)C1=c2ccccc2=Nc2ccc(Cl)cc2N1 |c:8,15|",12.59,Ki (nM),CN1CCN(C2=c3ccccc3=Nc3ccc(Cl)cc3N2)CC1,False,False,False
174170,CC[C@@H](CO)NC(=O)[C@H]1CN([C@@H]2Cc3cn(c4c3c(ccc4)C2=C1)C)C,12.59,Ki (nM),CC[C@@H](CO)NC(=O)[C@@H]1C=C2c3cccc4c3c(cn4C)C[C@H]2N(C)C1,False,False,False
178479,CN(C)S(=O)(=O)N[C@H]1C[C@H]2[C@@H](Cc3cn(C)c4cccc2c34)N(C)C1,12.59,Ki (nM),CN1C[C@@H](NS(=O)(=O)N(C)C)C[C@@H]2c3cccc4c3c(cn4C)C[C@H]21,False,False,False
180765,CC[C@@H](CO)NC(=O)[C@H]1CN([C@@H]2Cc3cn(c4c3c(ccc4)C2=C1)C)C,12.59,Ki (nM),CC[C@@H](CO)NC(=O)[C@@H]1C=C2c3cccc4c3c(cn4C)C[C@H]2N(C)C1,False,False,False
50276391,CCCN(CCC)[C@H]1COc2c(C1)cccc2-c1ccc(OC)cc1,12.6,Ki (nM),CCCN(CCC)[C@H]1COc2c(cccc2-c2ccc(OC)cc2)C1,False,False,False
1170896,CCN(CCN1CCC(CC1)c1noc2ccccc12)S(=O)(=O)CCO,12.7,Ki (nM),CCN(CCN1CCC(c2noc3ccccc23)CC1)S(=O)(=O)CCO,False,False,False
853974,CCN1CCc2ccc(OCCCN3CCC(CC3)c3noc4cc(F)ccc34)cc2C1=O,12.7,Ki (nM),CCN1CCc2ccc(OCCCN3CCC(c4noc5cc(F)ccc45)CC3)cc2C1=O,False,False,False
854094,Cc1nc2CCCCn2c(=O)c1CCN1CCC(CC1)c1noc2cc(F)ccc12,12.8,Ki (nM),Cc1nc2n(c(=O)c1CCN1CCC(c3noc4cc(F)ccc34)CC1)CCCC2,False,False,False
189596,COc1ccccc1N1CCN(CCCCn2ncc(=O)n(C)c2=O)CC1,12.9,Ki (nM),COc1ccccc1N1CCN(CCCCn2ncc(=O)n(C)c2=O)CC1,False,False,False
51463633,COc1cccc(c1)N1CCN(CCCCn2ncc(=O)n(C)c2=O)CC1,13.0,Ki (nM),COc1cccc(N2CCN(CCCCn3ncc(=O)n(C)c3=O)CC2)c1,False,False,False
50177148,COc1cccc(OC)c1-c1cccc2C[C@H]3N(C)CCc4cccc(c34)-c12,13.0,Ki (nM),COc1cccc(OC)c1-c1cccc2c1-c1cccc3c1[C@@H](C2)N(C)CC3,False,False,False
51205647,COc1ccc(cc1)-c1ccccc1N1CCN(CCCCCC(=O)NCc2cccnc2)CC1,13.0,Ki (nM),COc1ccc(-c2ccccc2N2CCN(CCCCCC(=O)NCc3cccnc3)CC2)cc1,False,False,False
792398,CC(C)N1CC(C1)Oc1cc(F)ccc1OCc1ccc(o1)C(F)(F)F,13.0,Ki (nM),CC(C)N1CC(Oc2cc(F)ccc2OCc2ccc(C(F)(F)F)o2)C1,False,False,False
50102394,Fc1ccc2c(noc2c1)C1CCN(CCCCNS(=O)(=O)c2cccc3scnc23)CC1,13.0,Ki (nM),O=S(=O)(NCCCCN1CCC(c2noc3cc(F)ccc23)CC1)c1cccc2scnc12,False,False,False
51161220,O=S(=O)(c1ccccc1)C1(CCCCN2CCC(C2)c2ccccc2)CCC1,13.0,Ki (nM),O=S(=O)(c1ccccc1)C1(CCCCN2CCC(c3ccccc3)C2)CCC1,False,False,False
50963779,[O-][N+](=O)c1ccc(cc1)-c1cccc(c1)N1CCNCC1,13.0,Ki (nM),O=[N+]([O-])c1ccc(-c2cccc(N3CCNCC3)c2)cc1,False,False,False
51463773,CCC1(CCCCN2CCN(CC2)c2cccc(OCCF)c2)C(=O)Nc2ccccc12,13.0,Ki (nM),CCC1(CCCCN2CCN(c3cccc(OCCF)c3)CC2)C(=O)Nc2ccccc21,False,False,False
51397916,COc1ccc(cc1)-c1ccccc1N1CCN(CCCCOc2cnccn2)CC1,13.0,Ki (nM),COc1ccc(-c2ccccc2N2CCN(CCCCOc3cnccn3)CC2)cc1,False,False,False
51205661,Cc1ccccc1-c1ccccc1N1CCN(CCOCCC(=O)NCc2ccc(F)nc2)CC1,13.0,Ki (nM),Cc1ccccc1-c1ccccc1N1CCN(CCOCCC(=O)NCc2ccc(F)nc2)CC1,False,False,False
50096616,Cc1[nH]c2ccc(O)cc2c1CCN1CCN(CC1)c1cccc2ccccc12,13.0,Ki (nM),Cc1[nH]c2ccc(O)cc2c1CCN1CCN(c2cccc3ccccc23)CC1,False,False,False
50984861,CN1CCN(CC1)C1=Nc2cc(Cl)ccc2Nc2ccccc12,13.0,Ki (nM),CN1CCN(C2=Nc3cc(Cl)ccc3Nc3ccccc32)CC1,False,False,False
792089,Fc1ccccc1COc1ccc(Br)cc1OC1CCNCC1,13.0,Ki (nM),Fc1ccccc1COc1ccc(Br)cc1OC1CCNCC1,False,False,False
51158041,CCC(CO)NC(=O)[C@H]1CN(C)[C@@H]2Cc3cn(C)c4cccc(C2=C1)c34,13.0,Ki (nM),CCC(CO)NC(=O)[C@@H]1C=C2c3cccc4c3c(cn4C)C[C@H]2N(C)C1,False,False,False
51364375,Cc1cccc(c1)S(=O)(=O)N[C@H]1CCN(CCCc2noc3ccccc23)C1,13.0,Ki (nM),Cc1cccc(S(=O)(=O)N[C@H]2CCN(CCCc3noc4ccccc34)C2)c1,False,False,False
792149,COc1cccc(COc2ccc(Br)cc2OC2CCN(C)C2)c1,13.0,Ki (nM),COc1cccc(COc2ccc(Br)cc2OC2CCN(C)C2)c1,False,False,False
50984878,CC[C@@H](CO)NC(=O)[C@H]1CN(C)[C@@H]2Cc3cn(C)c4cccc(C2=C1)c34,13.0,Ki (nM),CC[C@@H](CO)NC(=O)[C@@H]1C=C2c3cccc4c3c(cn4C)C[C@H]2N(C)C1,False,False,False
50444774,CC(C)c1ccccc1OCCN1CCC(CC1)N(C)S(=O)(=O)c1ccc(F)cc1,13.0,Ki (nM),CC(C)c1ccccc1OCCN1CCC(N(C)S(=O)(=O)c2ccc(F)cc2)CC1,False,False,False
50102292,O=S(=O)(NCCCN1CCN(CC1)c1nsc2ccccc12)c1cc2ccccc2s1,13.0,Ki (nM),O=S(=O)(NCCCN1CCN(c2nsc3ccccc23)CC1)c1cc2ccccc2s1,False,False,False
50096596,O=Cc1cccc(NCCCN2CCN(CC2)c2ccccc2)c1,13.0,Ki (nM),O=Cc1cccc(NCCCN2CCN(c3ccccc3)CC2)c1,False,False,False
50300564,CN(C)C[C@H]1CC2[C@H](O1)c1ccccc1Cc1ccccc21,13.0,Ki (nM),CN(C)C[C@H]1CC2c3ccccc3Cc3ccccc3[C@H]2O1,False,False,False
51158055,COc1cccc(OC)c1-c1cccc2C[C@H]3N(C)CCc4cccc(c34)-c12,13.0,Ki (nM),COc1cccc(OC)c1-c1cccc2c1-c1cccc3c1[C@@H](C2)N(C)CC3,False,False,False
50276115,C[C@H](Nc1cncc(NCCc2ccccc2)c1)c1ccccc1,13.0,Ki (nM),C[C@H](Nc1cncc(NCCc2ccccc2)c1)c1ccccc1,False,False,False
50812906,CN1CCc2ccc3[C@H](N)c4cccc5C[C@@H]1c2c3-c45,13.0,Ki (nM),CN1CCc2ccc3c4c2[C@H]1Cc1cccc(c1-4)[C@H]3N,False,False,False
50663733,Fc1ccc2C(CCCCN3CCC(=CC3)c3cccc(Cl)c3)C(=O)Nc2c1,13.0,Ki (nM),O=C1Nc2cc(F)ccc2C1CCCCN1CC=C(c2cccc(Cl)c2)CC1,False,False,False
50958845,Fc1ccc(cc1)S(=O)(=O)NCC1CCN(CCOc2ccccc2-c2ccccc2)CC1,13.0,Ki (nM),O=S(=O)(NCC1CCN(CCOc2ccccc2-c2ccccc2)CC1)c1ccc(F)cc1,False,False,False
792058,FC(F)(F)c1cc(COc2ccc(Cl)cc2OC2CNC2)ccc1Cl,13.0,Ki (nM),FC(F)(F)c1cc(COc2ccc(Cl)cc2OC2CNC2)ccc1Cl,False,False,False
50302214,Clc1ccc(cc1)N1CCN(CCCCCn2cnc3ccccc3c2=O)CC1,13.0,Ki (nM),O=c1c2ccccc2ncn1CCCCCN1CCN(c2ccc(Cl)cc2)CC1,False,False,False
51158069,CN1CCN(CC1)C1=Nc2cc(Cl)ccc2Nc2ccccc12,13.0,Ki (nM),CN1CCN(C2=Nc3cc(Cl)ccc3Nc3ccccc32)CC1,False,False,False
51565935,COc1cccc(OC)c1-c1cccc2C[C@H]3N(C)CCc4cccc(c34)-c12,13.0,Ki (nM),COc1cccc(OC)c1-c1cccc2c1-c1cccc3c1[C@@H](C2)N(C)CC3,False,False,False
50703483,CCN(CCCCN1CCC2CCCCC2C1)S(=O)(=O)c1cccc2cccnc12,13.0,Ki (nM),CCN(CCCCN1CCC2CCCCC2C1)S(=O)(=O)c1cccc2cccnc12,False,False,False
160242,CN(C)CCc1c[nH]c2c1cc(cc2)OC,13.18,Ki (nM),COc1ccc2[nH]cc(CCN(C)C)c2c1,False,False,False
50854595,CNC1=Nc2ccc(Cl)c(Cl)c2C(C)N1,13.2,Ki (nM),CNC1=Nc2ccc(Cl)c(Cl)c2C(C)N1,False,False,False
170562,CC[C@@H](CO)NC(=O)[C@H]1CN([C@@H]2Cc3cn(c4c3c(ccc4)C2=C1)C)C,13.4,Ki (nM),CC[C@@H](CO)NC(=O)[C@@H]1C=C2c3cccc4c3c(cn4C)C[C@H]2N(C)C1,False,False,False
50294445,CN(C)[C@@H]1COc2ccc(cc2C1)-c1c(C)cccc1C,13.4,Ki (nM),Cc1cccc(C)c1-c1ccc2c(c1)C[C@H](N(C)C)CO2,False,False,False
1423510,Fc1ccc(cc1)N1CCN(CCOCCn2c3ccccc3[nH]c2=O)CC1,13.4,Ki (nM),O=c1[nH]c2ccccc2n1CCOCCN1CCN(c2ccc(F)cc2)CC1,False,False,False
50154827,CN1CCc2ccc3[C@H](N)c4cccc5C[C@@H]1c2c3-c45,13.4,Ki (nM),CN1CCc2ccc3c4c2[C@H]1Cc1cccc(c1-4)[C@H]3N,False,False,False
50551629,CN(C)[C@@H]1COc2ccc(cc2C1)-c1c(C)cccc1C,13.4,Ki (nM),Cc1cccc(C)c1-c1ccc2c(c1)C[C@H](N(C)C)CO2,False,False,False
160261,CCCN(CCC)CCc1c[nH]c2ccc(cc12)C(N)=O,13.48,Ki (nM),CCCN(CCC)CCc1c[nH]c2ccc(C(N)=O)cc12,False,False,False
162677,"CN1CCN(CC1)C1=c2ccccc2=Nc2ccc(Cl)cc2N1 |c:8,15|",13.48,Ki (nM),CN1CCN(C2=c3ccccc3=Nc3ccc(Cl)cc3N2)CC1,False,False,False
174874,CN(C)S(=O)(=O)N[C@H]1C[C@H]2[C@@H](Cc3cn(C)c4cccc2c34)N(C)C1,13.48,Ki (nM),CN1C[C@@H](NS(=O)(=O)N(C)C)C[C@@H]2c3cccc4c3c(cn4C)C[C@H]21,False,False,False
162718,CC[C@@H](CO)NC(=O)[C@H]1CN([C@@H]2Cc3cn(c4c3c(ccc4)C2=C1)C)C,13.48,Ki (nM),CC[C@@H](CO)NC(=O)[C@@H]1C=C2c3cccc4c3c(cn4C)C[C@H]2N(C)C1,False,False,False
282662,COc1ccc(cc1OC1CNC1)-c1ccccc1C,13.49,Ki (nM),COc1ccc(-c2ccccc2C)cc1OC1CNC1,False,False,False
223565,COc1ccc(cc1OC1CNC1)-c1ccccc1C,13.49,Ki (nM),COc1ccc(-c2ccccc2C)cc1OC1CNC1,False,False,False
50154798,CN1CCc2ccc3[C@H](O)c4cccc5C[C@@H]1c2c3-c45,13.5,Ki (nM),CN1CCc2ccc3c4c2[C@H]1Cc1cccc(c1-4)[C@H]3O,False,False,False
170517,"CN1CCN(CC1)C1=c2ccccc2=Nc2ccc(Cl)cc2N1 |c:8,15|",13.5,Ki (nM),CN1CCN(C2=c3ccccc3=Nc3ccc(Cl)cc3N2)CC1,False,False,False
1170863,CCN(CCN1CCC(CC1)n1ccc2cc(F)ccc12)C(=O)C(C)O,13.5,Ki (nM),CCN(CCN1CCC(n2ccc3cc(F)ccc32)CC1)C(=O)C(C)O,False,False,False
1170890,CCN(CCN1CCC(CC1)c1noc2ccc(C)cc12)S(=O)(=O)CCO,13.6,Ki (nM),CCN(CCN1CCC(c2noc3ccc(C)cc23)CC1)S(=O)(=O)CCO,False,False,False
50520322,C[C@@H]1CN(CCN1CCCCCC(=O)NCc1ccccc1)c1ccccc1-c1ccccc1,14.0,Ki (nM),C[C@@H]1CN(c2ccccc2-c2ccccc2)CCN1CCCCCC(=O)NCc1ccccc1,False,False,False
153859,[H][C@@]12CCCN1C(=O)[C@H](C(C)C)N1C(=O)[C@](NC(=O)[C@H]3CN(C)[C@]4([H])Cc5c[nH]c6cccc(C4=C3)c56)(O[C@@]21O)C(C)C |c:36|,14.0,Ki (nM),CC(C)[C@H]1C(=O)N2CCC[C@H]2[C@]2(O)O[C@](NC(=O)[C@@H]3C=C4c5cccc6[nH]cc(c56)C[C@H]4N(C)C3)(C(C)C)C(=O)N12,False,False,False
50593442,O=C1N(CCN2CCC(CC2)n2nnc3ccccc23)CCCc2ccccc12,14.0,Ki (nM),O=C1c2ccccc2CCCN1CCN1CCC(n2nnc3ccccc32)CC1,False,False,False
50102392,Fc1ccc2c(noc2c1)C1CCN(CCCCNS(=O)(=O)c2cnc3ccccn23)CC1,14.0,Ki (nM),O=S(=O)(NCCCCN1CCC(c2noc3cc(F)ccc23)CC1)c1cnc2ccccn12,False,False,False
50817667,Fc1cccc(c1)S(=O)(=O)NCCCN1CCC(=CC1)c1c[nH]c2ccc(Cl)cc12,14.0,Ki (nM),O=S(=O)(NCCCN1CC=C(c2c[nH]c3ccc(Cl)cc23)CC1)c1cccc(F)c1,False,False,False
50958861,Clc1ccc(s1)S(=O)(=O)NC1CCN(CCOc2cccc(Cl)c2Cl)C1,14.0,Ki (nM),O=S(=O)(NC1CCN(CCOc2cccc(Cl)c2Cl)C1)c1ccc(Cl)s1,False,False,False
50462473,CC(C)c1ccccc1OCCN1CC(C1)NS(=O)(=O)c1cccc(F)c1,14.0,Ki (nM),CC(C)c1ccccc1OCCN1CC(NS(=O)(=O)c2cccc(F)c2)C1,False,False,False
50796334,Fc1ccc(cc1)N1CCN(CCC2CCN(CC2)S(=O)(=O)c2cncc3ccccc23)CC1,14.0,Ki (nM),O=S(=O)(c1cncc2ccccc12)N1CCC(CCN2CCN(c3ccc(F)cc3)CC2)CC1,False,False,False
51408602,Clc1ccc2C(=O)C(CCN3CCN(CC3)c3ccccn3)Cc2c1,14.0,Ki (nM),O=C1c2ccc(Cl)cc2CC1CCN1CCN(c2ccccn2)CC1,False,False,False
50807371,C[C@H]1C[C@H](C)N1C(=O)[C@H]1CN(C)C2Cc3c[nH]c4cccc(C2=C1)c34,14.0,Ki (nM),C[C@H]1C[C@H](C)N1C(=O)[C@@H]1C=C2c3cccc4[nH]cc(c34)CC2N(C)C1,False,False,False
50268786,Cc1cccc2C(O)c3cc(ccc3-c12)C(=O)N=C(N)N,14.0,Ki (nM),Cc1cccc2c1-c1ccc(C(=O)N=C(N)N)cc1C2O,False,False,False
50290769,O=c1oc2ccccc2n1CCCCCCN1CCN(CC1)c1ccccc1,14.0,Ki (nM),O=c1oc2ccccc2n1CCCCCCN1CCN(c2ccccc2)CC1,False,False,False
51228675,O=c1[nH]c(CCCCN2CCN(CC2)c2ccccc2)nc2c3ccccc3sc12,14.0,Ki (nM),O=c1[nH]c(CCCCN2CCN(c3ccccc3)CC2)nc2c1sc1ccccc12,False,False,False
50617354,Clc1ccc(cc1)-c1nn(Cc2ccccc2)c2CCNCc12,14.0,Ki (nM),Clc1ccc(-c2nn(Cc3ccccc3)c3c2CNCC3)cc1,False,False,False
51285630,Cn1cncc1-c1c[nH]c2ccc(Br)c(F)c12,14.0,Ki (nM),Cn1cncc1-c1c[nH]c2ccc(Br)c(F)c12,False,False,False
792188,CC(Oc1ccc(Cl)cc1OC1CNC1)c1cccc(Cl)c1,14.0,Ki (nM),CC(Oc1ccc(Cl)cc1OC1CNC1)c1cccc(Cl)c1,False,False,False
50462417,Fc1ccc(cc1)S(=O)(=O)NC1CC2CCC(C1)N2CCOc1cccc(c1)-c1ccccc1,14.0,Ki (nM),O=S(=O)(NC1CC2CCC(C1)N2CCOc1cccc(-c2ccccc2)c1)c1ccc(F)cc1,False,False,False
50462419,Clc1cccc(c1)S(=O)(=O)NC1CC2CCC(C1)N2CCOc1cccc(c1)-c1ccccc1,14.0,Ki (nM),O=S(=O)(NC1CC2CCC(C1)N2CCOc1cccc(-c2ccccc2)c1)c1cccc(Cl)c1,False,False,False
50474289,CC1(NC(=O)N(CC(O)CN2CCN(CC2)c2ccccc2C#N)C1=O)c1ccc(F)cc1,14.0,Ki (nM),CC1(c2ccc(F)cc2)NC(=O)N(CC(O)CN2CCN(c3ccccc3C#N)CC2)C1=O,False,False,False
50812957,Clc1cccc(N2CCN(CCCCOc3ccc4CCC(=O)Nc4c3)CC2)c1Cl,14.0,Ki (nM),O=C1CCc2ccc(OCCCCN3CCN(c4cccc(Cl)c4Cl)CC3)cc2N1,False,False,False
50211363,CC(C)N1CCCN(CCn2ccc3ccc(Br)cc23)CC1,14.0,Ki (nM),CC(C)N1CCCN(CCn2ccc3ccc(Br)cc32)CC1,False,False,False
51408622,Clc1ccc2C(=O)C(CCN3CCN(CC3)c3ccccn3)Cc2c1,14.0,Ki (nM),O=C1c2ccc(Cl)cc2CC1CCN1CCN(c2ccccn2)CC1,False,False,False
51126867,O=S(=O)(N1CCC[C@@H]1CCN1CCN(CC1)c1cccc2[nH]ccc12)c1cccc2ncccc12,14.0,Ki (nM),O=S(=O)(c1cccc2ncccc12)N1CCC[C@@H]1CCN1CCN(c2cccc3[nH]ccc23)CC1,False,False,False
1467087,C[C@@H]1C[C@@H](C)N1C(=O)C1C=C2c3cccc4[nH]cc(c34)C[C@H]2N(C)C1,14.3,Ki (nM),C[C@@H]1C[C@@H](C)N1C(=O)C1C=C2c3cccc4[nH]cc(c34)C[C@H]2N(C)C1,False,False,False
1170932,CCN(CCN1CCC(CC1)c1noc2cc(F)ccc12)C(=O)C1CN(CC1O)C(C)=O,14.4,Ki (nM),CCN(CCN1CCC(c2noc3cc(F)ccc23)CC1)C(=O)C1CN(C(C)=O)CC1O,False,False,False
1170941,CCN(CCN1CCC(CC1)c1noc2cc(F)ccc12)C(=O)C1CN(C)CCC1O,14.4,Ki (nM),CCN(CCN1CCC(c2noc3cc(F)ccc23)CC1)C(=O)C1CN(C)CCC1O,False,False,False
178582,c1cc(c(c(c1)Cl)Cl)N2CCN(CC2)CCCCOc3ccc4c(c3)NC(=O)CC4,14.5,Ki (nM),O=C1CCc2ccc(OCCCCN3CCN(c4cccc(Cl)c4Cl)CC3)cc2N1,False,False,False
1170755,CCN(CCN1CCC(CC1)c1noc2ccc(C)cc12)C(=O)[C@H](C)O,14.6,Ki (nM),CCN(CCN1CCC(c2noc3ccc(C)cc23)CC1)C(=O)[C@H](C)O,False,False,False
161679,"Clc1ccc2N=c3ccccc3=C(Nc2c1)N1CCNCC1 |c:12,t:5|",14.9,Ki (nM),Clc1ccc2c(c1)NC(N1CCNCC1)=c1ccccc1=N2,False,False,False
50588163,COc1ccc(OC)c(c1)C1CCN(Cc2cnn(c2C)-c2ccccc2F)C1,15.0,Ki (nM),COc1ccc(OC)c(C2CCN(Cc3cnn(-c4ccccc4F)c3C)C2)c1,False,False,False
51207247,CC(C)c1ccccc1-n1cc(CN2CCN(CC2)c2ccccc2)c2ccccc12,15.0,Ki (nM),CC(C)c1ccccc1-n1cc(CN2CCN(c3ccccc3)CC2)c2ccccc21,False,False,False
792264,FC(F)(F)c1ccc2CCC(Oc3ccc(Cl)cc3OC3CNC3)c2c1,15.0,Ki (nM),FC(F)(F)c1ccc2c(c1)C(Oc1ccc(Cl)cc1OC1CNC1)CC2,False,False,False
50817742,Clc1ccc2[nH]cc(C3=CCN(CCCNS(=O)(=O)c4ccc5ccccc5c4)CC3)c2c1,15.0,Ki (nM),O=S(=O)(NCCCN1CC=C(c2c[nH]c3ccc(Cl)cc23)CC1)c1ccc2ccccc2c1,False,False,False
50534666,CNCc1ccc(C)c(c1)-c1ccccc1OC,15.0,Ki (nM),CNCc1ccc(C)c(-c2ccccc2OC)c1,False,False,False
51408607,Clc1ccc2C(=O)C(CCCCN3CCN(CC3)c3ccccn3)Cc2c1,15.0,Ki (nM),O=C1c2ccc(Cl)cc2CC1CCCCN1CCN(c2ccccn2)CC1,False,False,False
50958873,CSc1ccccc1OCCN1CCC(C1)NS(=O)(=O)c1cccc(Cl)c1,15.0,Ki (nM),CSc1ccccc1OCCN1CCC(NS(=O)(=O)c2cccc(Cl)c2)C1,False,False,False
792540,Brc1ccc(C(=O)c2ccc3ccccc3c2)c(OC2CNC2)c1,15.0,Ki (nM),O=C(c1ccc2ccccc2c1)c1ccc(Br)cc1OC1CNC1,False,False,False
51205660,O=C(CCCCCN1CCN(CC1)c1ccccc1-c1ccccc1)NCc1ccc(cc1)C#N,15.0,Ki (nM),N#Cc1ccc(CNC(=O)CCCCCN2CCN(c3ccccc3-c3ccccc3)CC2)cc1,False,False,False
50223983,COc1ccccc1N1CCN(CCCCC(=O)c2cccc(O)c2)CC1,15.0,Ki (nM),COc1ccccc1N1CCN(CCCCC(=O)c2cccc(O)c2)CC1,False,False,False
51161246,CC(C)(CCCN1CCCC(C1)c1cnco1)S(=O)(=O)c1ccccc1,15.0,Ki (nM),CC(C)(CCCN1CCCC(c2cnco2)C1)S(=O)(=O)c1ccccc1,False,False,False
51344476,CCCCOc1cc2C[C@@H]3N(C)CCc4cc(OC)c(OC)c(-c2cc1OC)c34,15.0,Ki (nM),CCCCOc1cc2c(cc1OC)-c1c(OC)c(OC)cc3c1[C@H](C2)N(C)CC3,False,False,False
792216,C[C@@H](Oc1ccc(Cl)cc1OC1CCNCC1)c1cccc(c1)C(F)(F)F,15.0,Ki (nM),C[C@@H](Oc1ccc(Cl)cc1OC1CCNCC1)c1cccc(C(F)(F)F)c1,False,False,False
170582,[#6]-c1nc2sccn2c(=O)c1-[#6]-[#6]-[#7]-1-[#6]-[#6]\[#6](-[#6]-[#6]-1)=[#6](\c1ccc(F)cc1)-c1ccc(F)cc1,15.0,Ki (nM),[C]c1nc2sccn2c(=O)c1[C][C]N1[C][C]C(=C(c2ccc(F)cc2)c2ccc(F)cc2)[C][C]1,False,False,False
50520277,O=C(CCCCCN1CCN(CC1)c1ccccc1-c1ccccc1)NCc1ccc(cc1)C#N,15.0,Ki (nM),N#Cc1ccc(CNC(=O)CCCCCN2CCN(c3ccccc3-c3ccccc3)CC2)cc1,False,False,False
51605892,COc1ccccc1N1CCN(CCCc2c[nH]c3ccc(F)cc23)CC1,15.0,Ki (nM),COc1ccccc1N1CCN(CCCc2c[nH]c3ccc(F)cc23)CC1,False,False,False
50473243,Cc1ccccc1N1CCN(CCCCCC(=O)NC2CCCc3ccccc23)CC1,15.0,Ki (nM),Cc1ccccc1N1CCN(CCCCCC(=O)NC2CCCc3ccccc32)CC1,False,False,False
50963754,O=C(CCCCCN1CCN(CC1)c1ccccc1-c1ccccc1)NCc1ccc(cc1)C#N,15.0,Ki (nM),N#Cc1ccc(CNC(=O)CCCCCN2CCN(c3ccccc3-c3ccccc3)CC2)cc1,False,False,False
51408627,Clc1ccc2C(=O)C(CCCCN3CCN(CC3)c3ccccn3)Cc2c1,15.0,Ki (nM),O=C1c2ccc(Cl)cc2CC1CCCCN1CCN(c2ccccn2)CC1,False,False,False
50520295,COc1ccc(cc1)-c1ccccc1N1CCN(CCCCCC(=O)NCc2ccc(OCCO)cc2)CC1,15.0,Ki (nM),COc1ccc(-c2ccccc2N2CCN(CCCCCC(=O)NCc3ccc(OCCO)cc3)CC2)cc1,False,False,False
51408629,CC1(CCCCN2CCN(CC2)c2ccccn2)Cc2cc(Cl)ccc2C1=O,15.0,Ki (nM),CC1(CCCCN2CCN(c3ccccn3)CC2)Cc2cc(Cl)ccc2C1=O,False,False,False
50102353,Fc1ccc2c(noc2c1)C1CCN(CCCCNS(=O)(=O)c2ccc(OC(F)(F)F)cc2)CC1,15.0,Ki (nM),O=S(=O)(NCCCCN1CCC(c2noc3cc(F)ccc23)CC1)c1ccc(OC(F)(F)F)cc1,False,False,False
50344942,CCCCOc1cc2C[C@@H]3N(C)CCc4cc(OC)c(OC)c(-c2cc1OC)c34,15.0,Ki (nM),CCCCOc1cc2c(cc1OC)-c1c(OC)c(OC)cc3c1[C@H](C2)N(C)CC3,False,False,False
792034,Clc1ccc(COc2ccc(Cl)cc2OC2CNC2)cc1,15.0,Ki (nM),Clc1ccc(COc2ccc(Cl)cc2OC2CNC2)cc1,False,False,False
51408609,CC1(CCCCN2CCN(CC2)c2ccccn2)Cc2cc(Cl)ccc2C1=O,15.0,Ki (nM),CC1(CCCCN2CCN(c3ccccn3)CC2)Cc2cc(Cl)ccc2C1=O,False,False,False
51397922,COc1ccc(cc1)-c1ccccc1N1CCN(CCCCOc2ccc3OC(C)C(=O)Nc3c2)CC1,15.0,Ki (nM),COc1ccc(-c2ccccc2N2CCN(CCCCOc3ccc4c(c3)NC(=O)C(C)O4)CC2)cc1,False,False,False
792254,Cc1ccc2CCC(Oc3ccc(Cl)cc3OC3CNC3)c2c1,15.0,Ki (nM),Cc1ccc2c(c1)C(Oc1ccc(Cl)cc1OC1CNC1)CC2,False,False,False
51397923,COc1ccc(cc1)-c1ccccc1C1CCN(C[C@@H](O)COc2cnccn2)CC1,15.0,Ki (nM),COc1ccc(-c2ccccc2C2CCN(C[C@@H](O)COc3cnccn3)CC2)cc1,False,False,False
50310668,O=C(CCCCCCN1CCN(CC1)c1ccccc1-c1ccccc1)N1CCC[C@H]1C(=O)N1CCCCC1,15.0,Ki (nM),O=C([C@@H]1CCCN1C(=O)CCCCCCN1CCN(c2ccccc2-c2ccccc2)CC1)N1CCCCC1,False,False,False
50812913,Cc1nc2sccn2c(=O)c1CCN1CCC(CC1)=C(c1ccc(F)cc1)c1ccc(F)cc1,15.0,Ki (nM),Cc1nc2sccn2c(=O)c1CCN1CCC(=C(c2ccc(F)cc2)c2ccc(F)cc2)CC1,False,False,False
51357431,CC(C)n1nc2CCNCCc2c1-c1ccc(cc1)C(F)(F)F,15.0,Ki (nM),CC(C)n1nc2c(c1-c1ccc(C(F)(F)F)cc1)CCNCC2,False,False,False
51205623,COc1ccc(cc1)-c1ccccc1N1CCN(CCCCCC(=O)NCc2ccccn2)CC1,15.0,Ki (nM),COc1ccc(-c2ccccc2N2CCN(CCCCCC(=O)NCc3ccccn3)CC2)cc1,False,False,False
792439,CC(Oc1ccc(Cl)cc1OC1CN(C1)C(C)(C)C)c1cccc(c1)C(F)(F)F,15.0,Ki (nM),CC(Oc1ccc(Cl)cc1OC1CN(C(C)(C)C)C1)c1cccc(C(F)(F)F)c1,False,False,False
51119344,COc1ccccc1N1CCN(CCCOc2ccc(C)cc2C)CC1,15.0,Ki (nM),COc1ccccc1N1CCN(CCCOc2ccc(C)cc2C)CC1,False,False,False
792049,FC(F)(F)c1ccc(COc2ccc(Cl)cc2OC2CNC2)cc1,15.0,Ki (nM),FC(F)(F)c1ccc(COc2ccc(Cl)cc2OC2CNC2)cc1,False,False,False
51449135,Fc1ccc2c(CCCN3CCC(CS(=O)(=O)c4ccc5ccccc5c4)C3)noc2c1,15.0,Ki (nM),O=S(=O)(CC1CCN(CCCc2noc3cc(F)ccc23)C1)c1ccc2ccccc2c1,False,False,False
50534589,COc1ccccc1N1CCN(Cc2cccc(c2)-c2ccccc2OC)CC1,15.0,Ki (nM),COc1ccccc1-c1cccc(CN2CCN(c3ccccc3OC)CC2)c1,False,False,False
162733,[#6]-c1nc2sccn2c(=O)c1-[#6]-[#6]-[#7]-1-[#6]-[#6]\[#6](-[#6]-[#6]-1)=[#6](\c1ccc(F)cc1)-c1ccc(F)cc1,15.13,Ki (nM),[C]c1nc2sccn2c(=O)c1[C][C]N1[C][C]C(=C(c2ccc(F)cc2)c2ccc(F)cc2)[C][C]1,False,False,False
38641,Cc1ccccc1N1CCN(CCCCCC(=O)NC2CCCc3ccccc23)CC1,15.2,Ki (nM),Cc1ccccc1N1CCN(CCCCCC(=O)NC2CCCc3ccccc32)CC1,False,False,False
50289718,Cc1ccccc1N1CCN(CCCCCC(=O)NC2CCCc3ccccc23)CC1,15.2,Ki (nM),Cc1ccccc1N1CCN(CCCCCC(=O)NC2CCCc3ccccc32)CC1,False,False,False
50854598,CNC1=Nc2cccc(Cl)c2C(C)N1,15.3,Ki (nM),CNC1=Nc2cccc(Cl)c2C(C)N1,False,False,False
160274,CN(C)S(=O)(=O)N[C@H]1C[C@H]2[C@@H](Cc3cn(C)c4cccc2c34)N(C)C1,15.48,Ki (nM),CN1C[C@@H](NS(=O)(=O)N(C)C)C[C@@H]2c3cccc4c3c(cn4C)C[C@H]21,False,False,False
160272,CCN(CC)C(=O)[C@H]1CN([C@@H]2Cc3c[nH]c4c3c(ccc4)C2=C1)C,15.48,Ki (nM),CCN(CC)C(=O)[C@@H]1C=C2c3cccc4[nH]cc(c34)C[C@H]2N(C)C1,False,False,False
223583,Cc1ccccc1-c1ccc(Cl)c(OC2CNC2)c1,15.49,Ki (nM),Cc1ccccc1-c1ccc(Cl)c(OC2CNC2)c1,False,False,False
282680,Cc1ccccc1-c1ccc(Cl)c(OC2CNC2)c1,15.49,Ki (nM),Cc1ccccc1-c1ccc(Cl)c(OC2CNC2)c1,False,False,False
174194,CN(C)S(=O)(=O)N[C@H]1C[C@H]2[C@@H](Cc3cn(C)c4cccc2c34)N(C)C1,15.85,Ki (nM),CN1C[C@@H](NS(=O)(=O)N(C)C)C[C@@H]2c3cccc4c3c(cn4C)C[C@H]21,False,False,False
174161,CN(C)S(=O)(=O)N[C@H]1C[C@H]2[C@@H](Cc3cn(C)c4cccc2c34)N(C)C1,15.85,Ki (nM),CN1C[C@@H](NS(=O)(=O)N(C)C)C[C@@H]2c3cccc4c3c(cn4C)C[C@H]21,False,False,False
174158,CCN(CC)C(=O)[C@H]1CN([C@@H]2Cc3c[nH]c4c3c(ccc4)C2=C1)C,15.85,Ki (nM),CCN(CC)C(=O)[C@@H]1C=C2c3cccc4[nH]cc(c34)C[C@H]2N(C)C1,False,False,False
180428,CC1CCN(CC[C@H]2CCCCC2S(=O)(=O)c2cccc3ccccc23)CC1,15.85,Ki (nM),CC1CCN(CC[C@H]2CCCCC2S(=O)(=O)c2cccc3ccccc23)CC1,False,False,False
50854599,CC1NC(N)=Nc2cccc(Cl)c12,15.9,Ki (nM),CC1NC(N)=Nc2cccc(Cl)c21,False,False,False
51006346,Cc1ccc2c(OCCN3CCC(Cc4cccc(c4)N4CCCS4(=O)=O)CC3)cccc2n1,16.0,Ki (nM),Cc1ccc2c(OCCN3CCC(Cc4cccc(N5CCCS5(=O)=O)c4)CC3)cccc2n1,False,False,False
50984842,C[C@H](CCN1CCC(C)CC1)N(C)S(=O)(=O)c1cc(Br)c(Br)s1,16.0,Ki (nM),CC1CCN(CC[C@@H](C)N(C)S(=O)(=O)c2cc(Br)c(Br)s2)CC1,False,False,False
51205646,Fc1ccc(cc1)-c1ccccc1N1CCN(CCOCCC(=O)NCc2ccc(F)nc2)CC1,16.0,Ki (nM),O=C(CCOCCN1CCN(c2ccccc2-c2ccc(F)cc2)CC1)NCc1ccc(F)nc1,False,False,False
51397908,COc1ccc(cc1)-c1ccccc1N1CCN(C[C@@H](O)COc2cnccn2)CC1,16.0,Ki (nM),COc1ccc(-c2ccccc2N2CCN(C[C@@H](O)COc3cnccn3)CC2)cc1,False,False,False
170694,CN1C[C@H](CNC(=O)OCc2ccccc2)C[C@H]2[C@H]1Cc1cn(C)c3cccc2c13,16.0,Ki (nM),CN1C[C@H](CNC(=O)OCc2ccccc2)C[C@@H]2c3cccc4c3c(cn4C)C[C@H]21,False,False,False
51397911,COc1ccc(cc1)-c1ccccc1N1CCN(C[C@@H](O)COc2ccccc2C#N)CC1,16.0,Ki (nM),COc1ccc(-c2ccccc2N2CCN(C[C@@H](O)COc3ccccc3C#N)CC2)cc1,False,False,False
50211382,Brc1ccc2ccn(CCN3CCCN(CC3)C3CC3)c2c1,16.0,Ki (nM),Brc1ccc2ccn(CCN3CCCN(C4CC4)CC3)c2c1,False,False,False
153866,C[C@@]1(C(=O)N2[C@H](C(=O)N3CCC[C@H]3[C@@]2(O1)O)Cc4ccccc4)NC(=O)[C@H]5CN([C@@H]6Cc7c[nH]c8c7c(ccc8)C6=C5)C,16.0,Ki (nM),CN1C[C@H](C(=O)N[C@]2(C)O[C@@]3(O)[C@@H]4CCCN4C(=O)[C@H](Cc4ccccc4)N3C2=O)C=C2c3cccc4[nH]cc(c34)C[C@H]21,False,False,False
51364356,O=S(=O)(N[C@H]1CCN(CCCc2noc3ccccc23)C1)c1csc2ccccc12,16.0,Ki (nM),O=S(=O)(N[C@H]1CCN(CCCc2noc3ccccc23)C1)c1csc2ccccc12,False,False,False
153865,C[C@@]1(C(=O)N2[C@H](C(=O)N3CCC[C@H]3[C@@]2(O1)O)Cc4ccccc4)NC(=O)[C@H]5CN([C@@H]6Cc7c[nH]c8c7c(ccc8)C6=C5)C,16.0,Ki (nM),CN1C[C@H](C(=O)N[C@]2(C)O[C@@]3(O)[C@@H]4CCCN4C(=O)[C@H](Cc4ccccc4)N3C2=O)C=C2c3cccc4[nH]cc(c34)C[C@H]21,False,False,False
50462474,Fc1ccc(cc1)S(=O)(=O)NC1CCN(CCOc2ccccc2C2CCCC2)CC1,16.0,Ki (nM),O=S(=O)(NC1CCN(CCOc2ccccc2C2CCCC2)CC1)c1ccc(F)cc1,False,False,False
51068934,Cc1ccc(cc1)-c1noc2CCNCCc12,16.0,Ki (nM),Cc1ccc(-c2noc3c2CCNCC3)cc1,False,False,False
51337090,CN(C)C1CCc2c(C1)cccc2-c1ccc(F)cc1Cl,16.0,Ki (nM),CN(C)C1CCc2c(cccc2-c2ccc(F)cc2Cl)C1,False,False,False
51348447,O=c1n(CCCCCCN2CCN(CC2)c2nsc3ccccc23)c2cccc3CCCn1c23,16.0,Ki (nM),O=c1n(CCCCCCN2CCN(c3nsc4ccccc34)CC2)c2cccc3c2n1CCC3,False,False,False
50520338,O=C(CCOCCN1CCN(CC1)c1ccccc1-c1ccccc1)NCc1ccc(cc1)C#N,16.0,Ki (nM),N#Cc1ccc(CNC(=O)CCOCCN2CCN(c3ccccc3-c3ccccc3)CC2)cc1,False,False,False
792412,CC1(CNC1)Oc1cc(Br)ccc1OCc1ccc(o1)C(F)(F)F,16.0,Ki (nM),CC1(Oc2cc(Br)ccc2OCc2ccc(C(F)(F)F)o2)CNC1,False,False,False
50663766,O=C1Nc2ccccc2C1CCCCN1CCN(CC1)c1ccccc1,16.0,Ki (nM),O=C1Nc2ccccc2C1CCCCN1CCN(c2ccccc2)CC1,False,False,False
792472,Clc1ccc(Oc2ccc3ccccc3c2)c(OC2CNC2)c1,16.0,Ki (nM),Clc1ccc(Oc2ccc3ccccc3c2)c(OC2CNC2)c1,False,False,False
306833,Clc1cccc(N2CCN(CCCCC3NC(=NNC3=O)c3ccccc3)CC2)c1Cl |c:16|,16.0,Ki (nM),O=C1NN=C(c2ccccc2)NC1CCCCN1CCN(c2cccc(Cl)c2Cl)CC1,False,False,False
51157914,Cc1c(cccc1-c1ccccc1)N=C1NCCN1,16.0,Ki (nM),Cc1c(N=C2NCCN2)cccc1-c1ccccc1,False,False,False
50958867,Fc1ccc(cc1)S(=O)(=O)NC1CCN(CCOc2cccc3CCCCc23)C1,16.0,Ki (nM),O=S(=O)(NC1CCN(CCOc2cccc3c2CCCC3)C1)c1ccc(F)cc1,False,False,False
792278,Clc1ccc(OCC2CCc3ccccc3O2)c(OC2CNC2)c1,16.0,Ki (nM),Clc1ccc(OCC2CCc3ccccc3O2)c(OC2CNC2)c1,False,False,False
51418955,Clc1ccc(cc1)-c1n[nH]cc1N1CCCNCC1,16.0,Ki (nM),Clc1ccc(-c2n[nH]cc2N2CCCNCC2)cc1,False,False,False
50984850,Cc1nc2sccn2c(=O)c1CCN1CCC(CC1)=C(c1ccc(F)cc1)c1ccc(F)cc1,16.0,Ki (nM),Cc1nc2sccn2c(=O)c1CCN1CCC(=C(c2ccc(F)cc2)c2ccc(F)cc2)CC1,False,False,False
51418956,Clc1ccc(cc1)-c1n[nH]cc1N1CCCNCC1,16.0,Ki (nM),Clc1ccc(-c2n[nH]cc2N2CCCNCC2)cc1,False,False,False
51158096,C[C@H](CCN1CCC(C)CC1)C(C)S(=O)(=O)c1cc(Br)c(Br)cc1-c1cccs1,16.0,Ki (nM),CC1CCN(CC[C@@H](C)C(C)S(=O)(=O)c2cc(Br)c(Br)cc2-c2cccs2)CC1,False,False,False
51463759,CC1CCN(CCC[C@H]2CCCN2S(=O)(=O)c2ccc(F)cc2)CC1,16.0,Ki (nM),CC1CCN(CCC[C@H]2CCCN2S(=O)(=O)c2ccc(F)cc2)CC1,False,False,False
50958871,Fc1ccc(F)c(c1)S(=O)(=O)NC1CCN(CCOc2cccc3CCCCc23)C1,16.0,Ki (nM),O=S(=O)(NC1CCN(CCOc2cccc3c2CCCC3)C1)c1cc(F)ccc1F,False,False,False
50520355,COc1ccc(cc1)-c1ccccc1N1CCN(CCCCCC(=O)N[C@@H](C)c2ccccc2)CC1,16.0,Ki (nM),COc1ccc(-c2ccccc2N2CCN(CCCCCC(=O)N[C@@H](C)c3ccccc3)CC2)cc1,False,False,False
51158063,CC1CCN(CC[C@@H]2CCCCN2S(=O)(=O)c2cccc3ccccc23)CC1,16.0,Ki (nM),CC1CCN(CC[C@@H]2CCCCN2S(=O)(=O)c2cccc3ccccc23)CC1,False,False,False
50520293,O=C(CCCCCN1CCN(CC1)c1ccccc1-c1ccccc1)NCc1ccc(OCCN2CCOCC2)cc1,16.0,Ki (nM),O=C(CCCCCN1CCN(c2ccccc2-c2ccccc2)CC1)NCc1ccc(OCCN2CCOCC2)cc1,False,False,False
50290387,COc1ccccc1N1CCN(CCCCCC(=O)NCc2ccccc2-c2ccccc2Cl)CC1,16.0,Ki (nM),COc1ccccc1N1CCN(CCCCCC(=O)NCc2ccccc2-c2ccccc2Cl)CC1,False,False,False
50276114,C[C@H](Nc1cncc(NCCc2ccc(F)cc2)c1)c1ccccc1,16.0,Ki (nM),C[C@H](Nc1cncc(NCCc2ccc(F)cc2)c1)c1ccccc1,False,False,False
50591154,Cc1c(cccc1-c1ccccc1)N=C1NCCN1,16.0,Ki (nM),Cc1c(N=C2NCCN2)cccc1-c1ccccc1,False,False,False
50310669,O=C(CCCCCN1CCN(CC1)c1ccccc1-c1ccccc1)N1CCC[C@H]1C(=O)N1CCCCC1,16.0,Ki (nM),O=C([C@@H]1CCCN1C(=O)CCCCCN1CCN(c2ccccc2-c2ccccc2)CC1)N1CCCCC1,False,False,False
50812917,Cc1c(cccc1-c1ccccc1)N=C1NCCN1,16.0,Ki (nM),Cc1c(N=C2NCCN2)cccc1-c1ccccc1,False,False,False
836735,Cc1ccc(cc1)-c1noc2CCNCCc12,16.0,Ki (nM),Cc1ccc(-c2noc3c2CCNCC3)cc1,False,False,False
51068926,Cc1ccc(cc1)-c1noc2CCNCCc12,16.0,Ki (nM),Cc1ccc(-c2noc3c2CCNCC3)cc1,False,False,False
51285686,CCn1cncc1-c1c[nH]c2ccc(Br)c(F)c12,16.0,Ki (nM),CCn1cncc1-c1c[nH]c2ccc(Br)c(F)c12,False,False,False
792116,Clc1ccc(OCc2ccc3occc3c2)c(OC2CNC2)c1,16.0,Ki (nM),Clc1ccc(OCc2ccc3occc3c2)c(OC2CNC2)c1,False,False,False
50082438,COc1ccccc1N1CCN(CCCCN2C(=O)N(C)C(=O)C2(c2ccccc2)c2ccccc2)CC1,16.0,Ki (nM),COc1ccccc1N1CCN(CCCCN2C(=O)N(C)C(=O)C2(c2ccccc2)c2ccccc2)CC1,False,False,False
51248950,COc1ccc(\C=C2/NC(=O)N(CCCCN3CCN(CC3)c3ccccc3OC)C2=O)cc1OC,16.0,Ki (nM),COc1ccc(/C=C2\NC(=O)N(CCCCN3CCN(c4ccccc4OC)CC3)C2=O)cc1OC,False,False,False
51158065,Cc1nc2sccn2c(=O)c1CCN1CCC(CC1)=C(c1ccc(F)cc1)c1ccc(F)cc1,16.0,Ki (nM),Cc1nc2sccn2c(=O)c1CCN1CCC(=C(c2ccc(F)cc2)c2ccc(F)cc2)CC1,False,False,False
162739,NCCc1c[nH]c2ccccc12,16.21,Ki (nM),NCCc1c[nH]c2ccccc12,False,False,False
162704,CN1C[C@H](CNC(=O)OCc2ccccc2)C[C@H]2[C@H]1Cc1cn(C)c3cccc2c13,16.21,Ki (nM),CN1C[C@H](CNC(=O)OCc2ccccc2)C[C@@H]2c3cccc4c3c(cn4C)C[C@H]21,False,False,False
50224019,COc1ccccc1N1CCN(CCCCC(=O)c2ccccc2O)CC1,16.4,Ki (nM),COc1ccccc1N1CCN(CCCCC(=O)c2ccccc2O)CC1,False,False,False
170588,NCCc1c[nH]c2ccccc12,16.4,Ki (nM),NCCc1c[nH]c2ccccc12,False,False,False
854007,CN1CCc2ccc(OCCCN3CCN(CC3)c3nsc4ccccc34)cc2C1=O,16.8,Ki (nM),CN1CCc2ccc(OCCCN3CCN(c4nsc5ccccc45)CC3)cc2C1=O,False,False,False
50817671,Clc1cccc(c1)S(=O)(=O)NCCN1CCC(=CC1)c1c[nH]c2ccc(Cl)cc12,17.0,Ki (nM),O=S(=O)(NCCN1CC=C(c2c[nH]c3ccc(Cl)cc23)CC1)c1cccc(Cl)c1,False,False,False
51463632,Cn1c(=O)cnn(CCCCN2CCN(CC2)c2ccccc2OCCF)c1=O,17.0,Ki (nM),Cn1c(=O)cnn(CCCCN2CCN(c3ccccc3OCCF)CC2)c1=O,False,False,False
792461,Brc1ccc(Oc2ccc(Br)cc2OC2CNC2)cc1,17.0,Ki (nM),Brc1ccc(Oc2ccc(Br)cc2OC2CNC2)cc1,False,False,False
170692,C[C@@]1(C(=O)N2[C@H](C(=O)N3CCC[C@H]3[C@@]2(O1)O)Cc4ccccc4)NC(=O)[C@H]5CN([C@@H]6Cc7c[nH]c8c7c(ccc8)C6=C5)C,17.0,Ki (nM),CN1C[C@H](C(=O)N[C@]2(C)O[C@@]3(O)[C@@H]4CCCN4C(=O)[C@H](Cc4ccccc4)N3C2=O)C=C2c3cccc4[nH]cc(c34)C[C@H]21,False,False,False
50590859,Cc1c(NC2=NCCN2)cccc1-c1cccs1,17.0,Ki (nM),Cc1c(NC2=NCCN2)cccc1-c1cccs1,False,False,False
306830,CSc1ccccc1N1CCN(CCCCC2NC(=NNC2=O)c2ccccc2)CC1 |c:19|,17.0,Ki (nM),CSc1ccccc1N1CCN(CCCCC2NC(c3ccccc3)=NNC2=O)CC1,False,False,False
170696,CC[C@@H](CO)NC(=O)[C@H]1CN([C@@H]2Cc3cn(c4c3c(ccc4)C2=C1)C)C,17.0,Ki (nM),CC[C@@H](CO)NC(=O)[C@@H]1C=C2c3cccc4c3c(cn4C)C[C@H]2N(C)C1,False,False,False
51344452,CN(C)c1ccc2CC3N(C)CCc4cccc(-c2c1)c34,17.0,Ki (nM),CN(C)c1ccc2c(c1)-c1cccc3c1C(C2)N(C)CC3,False,False,False
50462476,Clc1cccc(c1)S(=O)(=O)NC1CCN(CCOc2ccccc2C2CCCC2)CC1,17.0,Ki (nM),O=S(=O)(NC1CCN(CCOc2ccccc2C2CCCC2)CC1)c1cccc(Cl)c1,False,False,False
792259,Clc1ccc2CCC(Oc3ccc(Cl)cc3OC3CNC3)c2c1,17.0,Ki (nM),Clc1ccc(OC2CCc3ccc(Cl)cc32)c(OC2CNC2)c1,False,False,False
50503309,COc1ccc(cc1)C(=O)CCCN1CCc2ccccc2C1,17.0,Ki (nM),COc1ccc(C(=O)CCCN2CCc3ccccc3C2)cc1,False,False,False
51126812,O=S(=O)(N1CCCCC[C@H]1CCN1CCN(CC1)c1nsc2ccccc12)c1cccc2ncccc12,17.0,Ki (nM),O=S(=O)(c1cccc2ncccc12)N1CCCCC[C@H]1CCN1CCN(c2nsc3ccccc23)CC1,False,False,False
792090,Fc1cccc(COc2ccc(Br)cc2OC2CCNCC2)c1,17.0,Ki (nM),Fc1cccc(COc2ccc(Br)cc2OC2CCNCC2)c1,False,False,False
50211364,Brc1ccc2ccn(CCN3CCCN(CC3)C3CCCCC3)c2c1,17.0,Ki (nM),Brc1ccc2ccn(CCN3CCCN(C4CCCCC4)CC3)c2c1,False,False,False
51337105,CN(C)[C@H]1CCc2c(C1)cccc2-c1cccs1,17.0,Ki (nM),CN(C)[C@H]1CCc2c(cccc2-c2cccs2)C1,False,False,False
792083,FC(F)(F)c1ccc(COc2ccc(Br)cc2OC2CCNCC2)o1,17.0,Ki (nM),FC(F)(F)c1ccc(COc2ccc(Br)cc2OC2CCNCC2)o1,False,False,False
50958825,CSc1ccccc1OCCN1CCC(CC1)NS(=O)(=O)c1ccc(Cl)s1,17.0,Ki (nM),CSc1ccccc1OCCN1CCC(NS(=O)(=O)c2ccc(Cl)s2)CC1,False,False,False
50096601,CN(CCCCCN1CCN(CC1)c1ccccc1)c1cccc(O)c1,17.0,Ki (nM),CN(CCCCCN1CCN(c2ccccc2)CC1)c1cccc(O)c1,False,False,False
51155748,NC(=O)c1ccccc1N1CCN(CCCCC23CCCc4cccc(NC2=O)c34)CC1,17.0,Ki (nM),NC(=O)c1ccccc1N1CCN(CCCCC23CCCc4cccc(c42)NC3=O)CC1,False,False,False
50520363,O=C(CCCCCN1CCN(CC1)c1ccccc1-c1ccccc1)NCc1ccccc1,17.0,Ki (nM),O=C(CCCCCN1CCN(c2ccccc2-c2ccccc2)CC1)NCc1ccccc1,False,False,False
1423524,Cc1ccc(cc1)N1CCCN(CCCCCn2c3ccccc3[nH]c2=O)CC1,17.0,Ki (nM),Cc1ccc(N2CCCN(CCCCCn3c(=O)[nH]c4ccccc43)CC2)cc1,False,False,False
51207228,COc1ccccc1N1CCN(Cc2cn(-c3ccccc3C(C)C)c3ccccc23)CC1,17.0,Ki (nM),COc1ccccc1N1CCN(Cc2cn(-c3ccccc3C(C)C)c3ccccc23)CC1,False,False,False
50474288,CC1(NC(=O)N(CC(O)CN2CCN(CC2)c2cccc(Cl)c2Cl)C1=O)c1ccc(F)cc1,17.0,Ki (nM),CC1(c2ccc(F)cc2)NC(=O)N(CC(O)CN2CCN(c3cccc(Cl)c3Cl)CC2)C1=O,False,False,False
51463781,COc1ccc(cc1)-c1c(ccn1C)[N+]([O-])=O,17.0,Ki (nM),COc1ccc(-c2c([N+](=O)[O-])ccn2C)cc1,False,False,False
791993,Clc1ccccc1COc1ccc(Br)cc1OC1CNC1,17.0,Ki (nM),Clc1ccccc1COc1ccc(Br)cc1OC1CNC1,False,False,False
51155766,COCn1c2CN(CCCCC34CCCc5cccc(NC3=O)c45)CCc2c2ccccc12,17.0,Ki (nM),COCn1c2c(c3ccccc31)CCN(CCCCC13CCCc4cccc(c41)NC3=O)C2,False,False,False
792305,COc1cccc2CC(Cc12)Oc1ccc(Cl)cc1OC1CNC1,17.0,Ki (nM),COc1cccc2c1CC(Oc1ccc(Cl)cc1OC1CNC1)C2,False,False,False
50663739,Fc1ccc2C(CCCCN3CCN(CC3)c3ccccn3)C(=O)Nc2c1,17.0,Ki (nM),O=C1Nc2cc(F)ccc2C1CCCCN1CCN(c2ccccn2)CC1,False,False,False
162689,C[C@@]1(C(=O)N2[C@H](C(=O)N3CCC[C@H]3[C@@]2(O1)O)Cc4ccccc4)NC(=O)[C@H]5CN([C@@H]6Cc7c[nH]c8c7c(ccc8)C6=C5)C,17.37,Ki (nM),CN1C[C@H](C(=O)N[C@]2(C)O[C@@]3(O)[C@@H]4CCCN4C(=O)[C@H](Cc4ccccc4)N3C2=O)C=C2c3cccc4[nH]cc(c34)C[C@H]21,False,False,False
162715,CC[C@@H](CO)NC(=O)[C@H]1CN([C@@H]2Cc3cn(c4c3c(ccc4)C2=C1)C)C,17.37,Ki (nM),CC[C@@H](CO)NC(=O)[C@@H]1C=C2c3cccc4c3c(cn4C)C[C@H]2N(C)C1,False,False,False
174190,COc1ccc2c(c1)c(c[nH]2)CCN,0.5,Ki (nM),COc1ccc2[nH]cc(CCN)c2c1,False,False,False
50433183,NCCc1c[nH]c2ccc(cc12)C(N)=O,0.5,Ki (nM),NCCc1c[nH]c2ccc(C(N)=O)cc12,False,False,False
50586760,Fc1ccc(OC2CCN(CC[C@H]3CCCN3S(=O)(=O)c3ccc4cc[nH]c4c3)CC2)cc1,0.501187,Ki (nM),O=S(=O)(c1ccc2cc[nH]c2c1)N1CCC[C@@H]1CCN1CCC(Oc2ccc(F)cc2)CC1,False,False,False
50387109,NCCc1c[nH]c2ccc(cc12)C(N)=O,0.51,Ki (nM),NCCc1c[nH]c2ccc(C(N)=O)cc12,False,False,False
50224040,NCCc1c[nH]c2ccc(cc12)C(N)=O,0.51,Ki (nM),NCCc1c[nH]c2ccc(C(N)=O)cc12,False,False,False
50289732,NCCc1c[nH]c2ccc(cc12)C(N)=O,0.51,Ki (nM),NCCc1c[nH]c2ccc(C(N)=O)cc12,False,False,False
162691,"[H][C@@]12Cc3c[nH]c4cccc(C1=C[C@H](CN2C)NC(=O)N(CC)CC)c34 |r,c:12|",0.52,Ki (nM),CCN(CC)C(=O)N[C@@H]1C=C2c3cccc4[nH]cc(c34)C[C@H]2N(C)C1,False,False,False
160244,COc1ccc2c(c1)c(c[nH]2)CCN,0.52,Ki (nM),COc1ccc2[nH]cc(CCN)c2c1,False,False,False
174869,COc1ccc2c(c1)c(c[nH]2)CCN,0.52,Ki (nM),COc1ccc2[nH]cc(CCN)c2c1,False,False,False
170543,"[H][C@@]12Cc3c[nH]c4cccc(C1=C[C@H](CN2C)NC(=O)N(CC)CC)c34 |r,c:12|",0.52,Ki (nM),CCN(CC)C(=O)N[C@@H]1C=C2c3cccc4[nH]cc(c34)C[C@H]2N(C)C1,False,False,False
51364347,CSc1ccc2Sc3ccccc3CC(N3CCN(C)CC3)c2c1,0.549541,Ki (nM),CSc1ccc2c(c1)C(N1CCN(C)CC1)Cc1ccccc1S2,False,False,False
51133658,Fc1cccc(c1)-c1c(F)cccc1N1CCN(CCCc2c[nH]c3ccc(F)cc23)CC1,0.55,Ki (nM),Fc1cccc(-c2c(F)cccc2N2CCN(CCCc3c[nH]c4ccc(F)cc34)CC2)c1,False,False,False
51449156,CSc1ccc2Sc3ccccc3CC(N3CCN(C)CC3)c2c1,0.562341,Ki (nM),CSc1ccc2c(c1)C(N1CCN(C)CC1)Cc1ccccc1S2,False,False,False
50593450,Fc1ccc2n(ccc2c1)C1CCN(CCN2CCCc3ccccc3C2=O)CC1,0.562341,Ki (nM),O=C1c2ccccc2CCCN1CCN1CCC(n2ccc3cc(F)ccc32)CC1,False,False,False
170502,COc1ccc2c(c1)c(c[nH]2)CCN,0.57,Ki (nM),COc1ccc2[nH]cc(CCN)c2c1,False,False,False
162662,COc1ccc2c(c1)c(c[nH]2)CCN,0.57,Ki (nM),COc1ccc2[nH]cc(CCN)c2c1,False,False,False
50433120,O=C(CCCCCN1CCN(CC1)c1ccccc1-c1ccccc1)NCc1ccc(cc1)C#N,0.58,Ki (nM),N#Cc1ccc(CNC(=O)CCCCCN2CCN(c3ccccc3-c3ccccc3)CC2)cc1,False,False,False
50963755,O=C(CCCCCN1CCN(CC1)c1ccccc1-c1ccccc1)NCc1ccc(cc1)C#N,0.58,Ki (nM),N#Cc1ccc(CNC(=O)CCCCCN2CCN(c3ccccc3-c3ccccc3)CC2)cc1,False,False,False
50958805,O=C(CCCCCN1CCN(CC1)c1ccccc1-c1ccccc1)NCc1ccc(cc1)C#N,0.58,Ki (nM),N#Cc1ccc(CNC(=O)CCCCCN2CCN(c3ccccc3-c3ccccc3)CC2)cc1,False,False,False
51205648,O=C(CCCCCN1CCN(CC1)c1ccccc1-c1ccccc1)NCc1ccc(cc1)C#N,0.58,Ki (nM),N#Cc1ccc(CNC(=O)CCCCCN2CCN(c3ccccc3-c3ccccc3)CC2)cc1,False,False,False
50081699,O=C(CCCCCN1CCN(CC1)c1ccccc1-c1ccccc1)NCc1ccc(cc1)C#N,0.58,Ki (nM),N#Cc1ccc(CNC(=O)CCCCCN2CCN(c3ccccc3-c3ccccc3)CC2)cc1,False,False,False
51210349,[#6]-[#6]C1([#8]-[#6])c2ccccc2-c2ccc(cc12)-[#6](=O)[#7]=[#6]([#7])-[#7],0.6,Ki (nM),[C][C]C1(O[C])c2ccccc2-c2ccc(C(=O)N=C([N])[N])cc21,False,False,False
162658,NCCc1c[nH]c2ccc(O)cc12,0.6,Ki (nM),NCCc1c[nH]c2ccc(O)cc12,False,False,False
51060424,CN(C)[C@H]1CCc2c(C1)cccc2-c1c(C)nn(C)c1C,0.6,Ki (nM),Cc1nn(C)c(C)c1-c1cccc2c1CC[C@H](N(C)C)C2,False,False,False
50817571,Cc1cccc(c1)S(=O)(=O)NCCN1CCC(=CC1)c1c[nH]c2ccc(Cl)cc12,0.6,Ki (nM),Cc1cccc(S(=O)(=O)NCCN2CC=C(c3c[nH]c4ccc(Cl)cc34)CC2)c1,False,False,False
50866733,CCC1(CCCCN2CCN(CC2)c2ccc(F)c(Cl)c2)C(=O)Nc2ccccc12,0.6,Ki (nM),CCC1(CCCCN2CCN(c3ccc(F)c(Cl)c3)CC2)C(=O)Nc2ccccc21,False,False,False
51249188,CN(C)[C@H]1CCc2c(C1)cccc2-c1c(C)nn(C)c1C,0.6,Ki (nM),Cc1nn(C)c(C)c1-c1cccc2c1CC[C@H](N(C)C)C2,False,False,False
50256176,CN(C)CCSc1cccc(n1)-c1ccccc1,0.6,Ki (nM),CN(C)CCSc1cccc(-c2ccccc2)n1,False,False,False
50276110,C[C@H](Nc1ccnc(NCCc2ccccc2)n1)c1ccccc1,0.6,Ki (nM),C[C@H](Nc1ccnc(NCCc2ccccc2)n1)c1ccccc1,False,False,False
170647,NCCc1c[nH]c2ccc(O)cc12,0.6,Ki (nM),NCCc1c[nH]c2ccc(O)cc12,False,False,False
50102346,Cc1cccc(c1)S(=O)(=O)NCCCN1CCC(CC1)c1noc2cc(F)ccc12,0.6,Ki (nM),Cc1cccc(S(=O)(=O)NCCCN2CCC(c3noc4cc(F)ccc34)CC2)c1,False,False,False
50076010,CN(C)[C@H]1CCc2c(C1)cccc2-c1c(C)nn(C)c1C,0.6,Ki (nM),Cc1nn(C)c(C)c1-c1cccc2c1CC[C@H](N(C)C)C2,False,False,False
51249174,CN(C)CCSc1cccc(n1)-c1ccccc1,0.6,Ki (nM),CN(C)CCSc1cccc(-c2ccccc2)n1,False,False,False
50290758,COc1ccccc1N1CCN(CCCCN2C(=O)c3ccccc3C2=O)CC1,0.6,Ki (nM),COc1ccccc1N1CCN(CCCCN2C(=O)c3ccccc3C2=O)CC1,False,False,False
50663742,CCC1(CCCCN2CCN(CC2)c2ccc(Cl)c(Cl)c2)C(=O)Nc2ccccc12,0.6,Ki (nM),CCC1(CCCCN2CCN(c3ccc(Cl)c(Cl)c3)CC2)C(=O)Nc2ccccc21,False,False,False
51228691,CN(C)CCSc1cccc(n1)-c1ccccc1,0.6,Ki (nM),CN(C)CCSc1cccc(-c2ccccc2)n1,False,False,False
51157913,NCCc1c[nH]c2ccc(O)cc12,0.60256,Ki (nM),NCCc1c[nH]c2ccc(O)cc12,False,False,False
50387108,COc1ccccc1N1CCN(CCc2cccc(OCCOCCOc3cccc(CCN4CCN(CC4)c4ccccc4OC)c3)c2)CC1,0.62,Ki (nM),COc1ccccc1N1CCN(CCc2cccc(OCCOCCOc3cccc(CCN4CCN(c5ccccc5OC)CC4)c3)c2)CC1,False,False,False
174135,NCCc1c[nH]c2ccc(O)cc12,0.63,Ki (nM),NCCc1c[nH]c2ccc(O)cc12,False,False,False
50866734,CCC1(CCCCN2CCN(CC2)c2ccc(Cl)c(Cl)c2)C(=O)Nc2ccccc12,0.63,Ki (nM),CCC1(CCCCN2CCN(c3ccc(Cl)c(Cl)c3)CC2)C(=O)Nc2ccccc21,False,False,False
178474,COc1ccc2c(c1)c(c[nH]2)CCN,0.63,Ki (nM),COc1ccc2[nH]cc(CCN)c2c1,False,False,False
161696,O=C1CC2(CCCC2)CC(=O)N1CCCCN1CCN(CC1)c1nsc2ccccc12,0.64,Ki (nM),O=C1CC2(CCCC2)CC(=O)N1CCCCN1CCN(c2nsc3ccccc23)CC1,False,False,False
50866754,CCC1(CCCCN2CCN(CC2)c2ccc(C)c(Cl)c2)C(=O)Nc2ccccc12,0.66,Ki (nM),CCC1(CCCCN2CCN(c3ccc(C)c(Cl)c3)CC2)C(=O)Nc2ccccc21,False,False,False
50866728,CCC1(CCCCN2CCN(CC2)c2cccc(Cl)c2)C(=O)Nc2cc(F)ccc12,0.67,Ki (nM),CCC1(CCCCN2CCN(c3cccc(Cl)c3)CC2)C(=O)Nc2cc(F)ccc21,False,False,False
50586790,O=S(=O)(N1CCC[C@@H]1CCN1CCC(CC1)c1c[nH]c2ccccc12)c1ccc2cc[nH]c2c1,0.676083,Ki (nM),O=S(=O)(c1ccc2cc[nH]c2c1)N1CCC[C@@H]1CCN1CCC(c2c[nH]c3ccccc23)CC1,False,False,False
1423512,Fc1ccc(cc1)N1CCCN(CCCCCn2c3ccccc3[nH]c2=O)CC1,0.69,Ki (nM),O=c1[nH]c2ccccc2n1CCCCCN1CCCN(c2ccc(F)cc2)CC1,False,False,False
153906,COc1cccc(OC)c1OCCNCC1Oc2ccccc2OC1c1ccccc1,0.7,Ki (nM),COc1cccc(OC)c1OCCNCC1Oc2ccccc2OC1c1ccccc1,False,False,False
50256191,CN(C)CCSc1cccc(n1)C1CCCCC1,0.7,Ki (nM),CN(C)CCSc1cccc(C2CCCCC2)n1,False,False,False
162710,CSc1ccc2Sc3ccccc3CC(N3CCN(C)CC3)c2c1,0.7,Ki (nM),CSc1ccc2c(c1)C(N1CCN(C)CC1)Cc1ccccc1S2,False,False,False
1170725,CCN(CCN1CCC(CC1)c1noc2cc(F)ccc12)C(=O)C(C)O,0.7,Ki (nM),CCN(CCN1CCC(c2noc3cc(F)ccc23)CC1)C(=O)C(C)O,False,False,False
50855715,COc1c(Cl)ccc2N=C(NCC(F)F)NC(C)c12,17.6,Ki (nM),COc1c(Cl)ccc2c1C(C)NC(NCC(F)F)=N2,False,False,False
160287,CCCN1C[C@H](CSC)C[C@H]2[C@H]1Cc1c[nH]c3cccc2c13,17.78,Ki (nM),CCCN1C[C@H](CSC)C[C@@H]2c3cccc4[nH]cc(c34)C[C@H]21,False,False,False
185357,"CN1CCN(CC1)C1=c2ccccc2=Nc2ccc(Cl)cc2N1 |c:8,15|",17.9,Ki (nM),CN1CCN(C2=c3ccccc3=Nc3ccc(Cl)cc3N2)CC1,False,False,False
51463634,COc1cccc(c1)[S](=O)(=O)N1CCC[C@@H]1CCN1CCC(C)CC1,18.0,Ki (nM),COc1cccc(S(=O)(=O)N2CCC[C@@H]2CCN2CCC(C)CC2)c1,False,False,False
51290440,CN1CCN(CC1)C1=Nc2cc(Cl)ccc2Nc2ccccc12,18.0,Ki (nM),CN1CCN(C2=Nc3cc(Cl)ccc3Nc3ccccc32)CC1,False,False,False
792010,Fc1ccc(COc2ccc(Cl)cc2OC2CNC2)cc1,18.0,Ki (nM),Fc1ccc(COc2ccc(Cl)cc2OC2CNC2)cc1,False,False,False
293452,"CN1CCN(CC1)C1=c2ccccc2=Nc2ccc(Cl)cc2N1 |c:8,15|",18.0,Ki (nM),CN1CCN(C2=c3ccccc3=Nc3ccc(Cl)cc3N2)CC1,False,False,False
51031747,CN1CCN(CC1)C1=Nc2cc(Cl)ccc2Nc2ccccc12,18.0,Ki (nM),CN1CCN(C2=Nc3cc(Cl)ccc3Nc3ccccc32)CC1,False,False,False
50812941,CN(C)S(=O)(=O)N[C@H]1C[C@H]2[C@@H](Cc3c[nH]c4cccc2c34)N(C)C1,18.0,Ki (nM),CN1C[C@@H](NS(=O)(=O)N(C)C)C[C@@H]2c3cccc4[nH]cc(c34)C[C@H]21,False,False,False
51196225,CN1CCN(CC1)C1=Nc2cc(Cl)ccc2Nc2ccccc12,18.0,Ki (nM),CN1CCN(C2=Nc3cc(Cl)ccc3Nc3ccccc32)CC1,False,False,False
51397919,COc1ccc(cc1)-c1ccccc1N1CCN(CCCCOc2ccccc2C#N)CC1,18.0,Ki (nM),COc1ccc(-c2ccccc2N2CCN(CCCCOc3ccccc3C#N)CC2)cc1,False,False,False
51285633,Cn1cncc1-c1c[nH]c2ccc(C(N)=O)c(F)c12,18.0,Ki (nM),Cn1cncc1-c1c[nH]c2ccc(C(N)=O)c(F)c12,False,False,False
50534668,COc1ccccc1-c1cc(CN(C)C)ccc1Cl,18.0,Ki (nM),COc1ccccc1-c1cc(CN(C)C)ccc1Cl,False,False,False
50268783,NC(N)=NC(=O)c1ccc-2c(c1)C(O)c1ccccc-21,18.0,Ki (nM),NC(N)=NC(=O)c1ccc2c(c1)C(O)c1ccccc1-2,False,False,False
51337118,CN(C)C1CCc2c(C1)cccc2-c1cccc(F)c1,18.0,Ki (nM),CN(C)C1CCc2c(cccc2-c2cccc(F)c2)C1,False,False,False
50313390,COC(=O)c1cccc(C)c1-n1ccc(CN2CCN(CC2)c2ccccc2OC)c1,18.0,Ki (nM),COC(=O)c1cccc(C)c1-n1ccc(CN2CCN(c3ccccc3OC)CC2)c1,False,False,False
306838,"CN1CCN(CC1)C1=c2ccccc2=Nc2ccc(Cl)cc2N1 |c:8,15|",18.0,Ki (nM),CN1CCN(C2=c3ccccc3=Nc3ccc(Cl)cc3N2)CC1,False,False,False
50474192,CN1CCN(CC1)C1=Nc2cc(Cl)ccc2Nc2ccccc12,18.0,Ki (nM),CN1CCN(C2=Nc3cc(Cl)ccc3Nc3ccccc32)CC1,False,False,False
51470914,Nc1nc(NCCNc2ccccc2)nc(NCCc2c[nH]c3ccccc23)n1,18.0,Ki (nM),Nc1nc(NCCNc2ccccc2)nc(NCCc2c[nH]c3ccccc23)n1,False,False,False
50102379,Fc1ccc2c(noc2c1)C1CCN(CCCNS(=O)(=O)c2ccc3cc(Cl)ccc3c2)CC1,18.0,Ki (nM),O=S(=O)(NCCCN1CCC(c2noc3cc(F)ccc23)CC1)c1ccc2cc(Cl)ccc2c1,False,False,False
50081696,NC(=O)[C@@H]1Cc2ccccc2CN1C(=O)CCCCN1CCN(CC1)c1noc2ccccc12,18.0,Ki (nM),NC(=O)[C@@H]1Cc2ccccc2CN1C(=O)CCCCN1CCN(c2noc3ccccc23)CC1,False,False,False
792465,FC(F)(F)Oc1cccc(Oc2ccc(Br)cc2OC2CNC2)c1,18.0,Ki (nM),FC(F)(F)Oc1cccc(Oc2ccc(Br)cc2OC2CNC2)c1,False,False,False
153887,NCC(O)c1ccc(O)c(O)c1,18.0,Ki (nM),NCC(O)c1ccc(O)c(O)c1,False,False,False
51205650,COc1ccc(cc1)-c1ccccc1N1CCN(CCOCCC(=O)NCc2ccncc2)CC1,18.0,Ki (nM),COc1ccc(-c2ccccc2N2CCN(CCOCCC(=O)NCc3ccncc3)CC2)cc1,False,False,False
51265582,CN1CCN(CC1)C1=Nc2cc(Cl)ccc2Nc2ccccc12,18.0,Ki (nM),CN1CCN(C2=Nc3cc(Cl)ccc3Nc3ccccc32)CC1,False,False,False
792424,Clc1ccc(OC2CN(C2)c2ccccc2)c(OC2CNC2)c1,18.0,Ki (nM),Clc1ccc(OC2CN(c3ccccc3)C2)c(OC2CNC2)c1,False,False,False
50444773,CC(C)c1ccccc1OCCN1CCC(CC1)N(C)S(=O)(=O)c1cccc(F)c1,18.0,Ki (nM),CC(C)c1ccccc1OCCN1CCC(N(C)S(=O)(=O)c2cccc(F)c2)CC1,False,False,False
50310679,NC(=O)[C@@H]1CCCN1C(=O)CCCCCCN1CCN(CC1)c1ccccc1-c1ccccc1,18.0,Ki (nM),NC(=O)[C@@H]1CCCN1C(=O)CCCCCCN1CCN(c2ccccc2-c2ccccc2)CC1,False,False,False
50958880,CN1CCN(CC1)C1=Nc2cc(Cl)ccc2Nc2ccccc12,18.0,Ki (nM),CN1CCN(C2=Nc3cc(Cl)ccc3Nc3ccccc32)CC1,False,False,False
51264615,CN1CCN(CC1)C1=Nc2cc(Cl)ccc2Nc2ccccc12,18.0,Ki (nM),CN1CCN(C2=Nc3cc(Cl)ccc3Nc3ccccc32)CC1,False,False,False
50381674,COC(=O)c1cccc(C)c1-n1ccc(CN2CCN(CC2)c2ccccc2OC)c1,18.0,Ki (nM),COC(=O)c1cccc(C)c1-n1ccc(CN2CCN(c3ccccc3OC)CC2)c1,False,False,False
51157926,C1CN(CCN1)c1cccc2ccccc12,18.0,Ki (nM),c1ccc2c(N3CCNCC3)cccc2c1,False,False,False
50812908,CN1CCc2ccc3[C@@H](N)c4cccc5C[C@@H]1c2c3-c45,18.0,Ki (nM),CN1CCc2ccc3c4c2[C@H]1Cc1cccc(c1-4)[C@@H]3N,False,False,False
50534696,COc1ccccc1N1CCN(Cc2ccc(C)c(c2)-c2ccccc2OC)CC1,18.0,Ki (nM),COc1ccccc1-c1cc(CN2CCN(c3ccccc3OC)CC2)ccc1C,False,False,False
51207270,Cc1cccc(c1C)-n1cc(CN2CCN(CC2)c2ccccc2)c2ccccc12,18.0,Ki (nM),Cc1cccc(-n2cc(CN3CCN(c4ccccc4)CC3)c3ccccc32)c1C,False,False,False
50250514,CN1CCN(CC1)C1=Nc2cc(Cl)ccc2Nc2ccccc12,18.0,Ki (nM),CN1CCN(C2=Nc3cc(Cl)ccc3Nc3ccccc32)CC1,False,False,False
791970,Clc1cccc(COc2ccc(Br)cc2OC2CN(C2)C2CCC2)c1,18.0,Ki (nM),Clc1cccc(COc2ccc(Br)cc2OC2CN(C3CCC3)C2)c1,False,False,False
163308,CN(C)S(=O)(=O)N[C@H]1C[C@H]2[C@@H](Cc3cn(C)c4cccc2c34)N(C)C1,18.0,Ki (nM),CN1C[C@@H](NS(=O)(=O)N(C)C)C[C@@H]2c3cccc4c3c(cn4C)C[C@H]21,False,False,False
51207266,Cc1ccccc1-n1cc(CN2CCN(CC2)c2ccccc2)c2ccccc12,18.0,Ki (nM),Cc1ccccc1-n1cc(CN2CCN(c3ccccc3)CC2)c2ccccc21,False,False,False
50154829,CN1CCc2ccc3[C@@H](N)c4cccc5C[C@@H]1c2c3-c45,18.0,Ki (nM),CN1CCc2ccc3c4c2[C@H]1Cc1cccc(c1-4)[C@@H]3N,False,False,False
50796277,Clc1cccc(c1)N1CCN(CCC2CCN(CC2)S(=O)(=O)c2cncc3ccccc23)CC1,18.0,Ki (nM),O=S(=O)(c1cncc2ccccc12)N1CCC(CCN2CCN(c3cccc(Cl)c3)CC2)CC1,False,False,False
51357435,COc1ccc(cc1)-c1c2CCNCCc2nn1C(C)C,18.0,Ki (nM),COc1ccc(-c2c3c(nn2C(C)C)CCNCC3)cc1,False,False,False
50444788,Fc1ccc(cc1)S(=O)(=O)N(CC1CC1)C1CCN(CCOc2ccccc2-c2ccccc2)CC1,18.0,Ki (nM),O=S(=O)(c1ccc(F)cc1)N(CC1CC1)C1CCN(CCOc2ccccc2-c2ccccc2)CC1,False,False,False
50177162,CN1CCc2ccc3[C@@H](N)c4cccc5C[C@@H]1c2c3-c45,18.0,Ki (nM),CN1CCc2ccc3c4c2[C@H]1Cc1cccc(c1-4)[C@@H]3N,False,False,False
50817662,Clc1ccc2[nH]cc(C3=CCN(CCCNS(=O)(=O)c4cccc5ccccc45)CC3)c2c1,18.0,Ki (nM),O=S(=O)(NCCCN1CC=C(c2c[nH]c3ccc(Cl)cc23)CC1)c1cccc2ccccc12,False,False,False
51364341,O=S(=O)(N[C@H]1CCN(CCCc2noc3ccccc23)C1)c1cc2ccccc2s1,18.0,Ki (nM),O=S(=O)(N[C@H]1CCN(CCCc2noc3ccccc23)C1)c1cc2ccccc2s1,False,False,False
792374,FC(F)(F)c1ccc(COc2ccc(cc2OC2CNC2)C(F)(F)F)o1,18.0,Ki (nM),FC(F)(F)c1ccc(OCc2ccc(C(F)(F)F)o2)c(OC2CNC2)c1,False,False,False
792247,Fc1ccc2C(CCc2c1)Oc1ccc(Br)cc1OC1CNC1,18.0,Ki (nM),Fc1ccc2c(c1)CCC2Oc1ccc(Br)cc1OC1CNC1,False,False,False
51399278,CN1CCN(CC1)C1=Nc2cc(Cl)ccc2Nc2ccccc12,18.0,Ki (nM),CN1CCN(C2=Nc3cc(Cl)ccc3Nc3ccccc32)CC1,False,False,False
160294,Cc1nc2ccccn2c(=O)c1CCN1CCC(CC1)C(=O)c1ccc(F)cc1,18.19,Ki (nM),Cc1nc2ccccn2c(=O)c1CCN1CCC(C(=O)c2ccc(F)cc2)CC1,False,False,False
162644,C1CN(CCN1)c1cccc2ccccc12,18.19,Ki (nM),c1ccc2c(N3CCNCC3)cccc2c1,False,False,False
162700,CN(C)S(=O)(=O)N[C@H]1C[C@H]2[C@@H](Cc3cn(C)c4cccc2c34)N(C)C1,18.19,Ki (nM),CN1C[C@@H](NS(=O)(=O)N(C)C)C[C@@H]2c3cccc4c3c(cn4C)C[C@H]21,False,False,False
170494,C1CN(CCN1)c1cccc2ccccc12,18.3,Ki (nM),c1ccc2c(N3CCNCC3)cccc2c1,False,False,False
50963774,COc1ccccc1-c1ccccc1N1CCNCC1,18.4,Ki (nM),COc1ccccc1-c1ccccc1N1CCNCC1,False,False,False
160269,"[H][C@@]12Cc3c[nH]c4cccc(C1=C[C@H](CN2C)NC(=O)N(CC)CC)c34 |r,c:12|",18.62,Ki (nM),CCN(CC)C(=O)N[C@@H]1C=C2c3cccc4[nH]cc(c34)C[C@H]2N(C)C1,False,False,False
50593472,O=C1CC(CN2CCC(CC2)Oc2ccccc2)CCc2ccccc12,19.0,Ki (nM),O=C1CC(CN2CCC(Oc3ccccc3)CC2)CCc2ccccc21,False,False,False
153861,[H][C@@]12CCCN1C(=O)[C@H](Cc1ccccc1)N1C(=O)[C@](NC(=O)[C@H]3CN(C)[C@]4([H])Cc5c[nH]c6cccc(C4=C3)c56)(O[C@@]21O)C(C)C |c:41|,19.0,Ki (nM),CC(C)[C@@]1(NC(=O)[C@@H]2C=C3c4cccc5[nH]cc(c45)C[C@H]3N(C)C2)O[C@@]2(O)[C@@H]3CCCN3C(=O)[C@H](Cc3ccccc3)N2C1=O,False,False,False
223562,COc1ccc(cc1OC1CNC1)-c1cccc(F)c1C,19.0,Ki (nM),COc1ccc(-c2cccc(F)c2C)cc1OC1CNC1,False,False,False
50462475,Fc1cccc(c1)S(=O)(=O)NC1CCN(CCOc2ccccc2C2CCCC2)CC1,19.0,Ki (nM),O=S(=O)(NC1CCN(CCOc2ccccc2C2CCCC2)CC1)c1cccc(F)c1,False,False,False
282696,COc1ccc(cc1C1CCNC1)-c1cccc(F)c1C,19.0,Ki (nM),COc1ccc(-c2cccc(F)c2C)cc1C1CCNC1,False,False,False
51126943,O=S(=O)(N1CCCCC[C@H]1CCN1CCN(CC1)c1cccc2sccc12)c1cccc2ncccc12,19.0,Ki (nM),O=S(=O)(c1cccc2ncccc12)N1CCCCC[C@H]1CCN1CCN(c2cccc3sccc23)CC1,False,False,False
50313387,COc1ccccc1N1CCN(Cc2ccn(c2)-c2ccccc2C#N)CC1,19.0,Ki (nM),COc1ccccc1N1CCN(Cc2ccn(-c3ccccc3C#N)c2)CC1,False,False,False
792537,Cc1cccc(c1)C(=O)c1ccc(Br)cc1OC1CNC1,19.0,Ki (nM),Cc1cccc(C(=O)c2ccc(Br)cc2OC2CNC2)c1,False,False,False
51126868,O=S(=O)(N1CCC[C@H]1CCN1CCN(CC1)c1cccc2sccc12)c1cncc2ccccc12,19.0,Ki (nM),O=S(=O)(c1cncc2ccccc12)N1CCC[C@H]1CCN1CCN(c2cccc3sccc23)CC1,False,False,False
51505673,Cc1ccc(Sc2ccccc2N2CCNCC2)c(C)c1,19.0,Ki (nM),Cc1ccc(Sc2ccccc2N2CCNCC2)c(C)c1,False,False,False
50703453,CCN(CCCN1CCN(CC1)c1ccccc1OC)S(=O)(=O)c1ccc(C)cc1,19.0,Ki (nM),CCN(CCCN1CCN(c2ccccc2OC)CC1)S(=O)(=O)c1ccc(C)cc1,False,False,False
51228693,O=c1[nH]c(CCCCCN2CCN(CC2)c2ccccc2)nc2c3ccccc3sc12,19.0,Ki (nM),O=c1[nH]c(CCCCCN2CCN(c3ccccc3)CC2)nc2c1sc1ccccc12,False,False,False
51127058,O=S(=O)(N1CCCCC[C@H]1CCN1CCN(CC1)c1nsc2ccccc12)c1ccnc2ccccc12,19.0,Ki (nM),O=S(=O)(c1ccnc2ccccc12)N1CCCCC[C@H]1CCN1CCN(c2nsc3ccccc23)CC1,False,False,False
792466,Brc1ccc(Oc2ccc3ccccc3c2)c(OC2CNC2)c1,19.0,Ki (nM),Brc1ccc(Oc2ccc3ccccc3c2)c(OC2CNC2)c1,False,False,False
50520291,COc1ccc(cc1)-c1ccccc1N1CCN(CCCCCC(=O)N[C@@H](C)c2ccc(cc2)C#N)CC1,19.0,Ki (nM),COc1ccc(-c2ccccc2N2CCN(CCCCCC(=O)N[C@@H](C)c3ccc(C#N)cc3)CC2)cc1,False,False,False
51449139,Fc1ccc2c(CCCN3CCC(CS(=O)(=O)c4ccc(F)c(Cl)c4)C3)noc2c1,19.0,Ki (nM),O=S(=O)(CC1CCN(CCCc2noc3cc(F)ccc23)C1)c1ccc(F)c(Cl)c1,False,False,False
50437861,Fc1ccc2c(noc2c1)C1CCN(CCCOc2ccc(Cc3nc4ccccc4o3)cc2)CC1,19.0,Ki (nM),Fc1ccc2c(C3CCN(CCCOc4ccc(Cc5nc6ccccc6o5)cc4)CC3)noc2c1,False,False,False
51126953,O=S(=O)(N1CCC[C@H]1CCN1CCN(CC1)c1cccc2sccc12)c1cccc2ncccc12,19.0,Ki (nM),O=S(=O)(c1cccc2ncccc12)N1CCC[C@H]1CCN1CCN(c2cccc3sccc23)CC1,False,False,False
282659,COc1ccc(cc1OC1CNC1)-c1cccc(F)c1C,19.0,Ki (nM),COc1ccc(-c2cccc(F)c2C)cc1OC1CNC1,False,False,False
51155750,Cn1c2CN(CCCCC34CCCc5cccc(NC3=O)c45)CCc2c2ccccc12,19.0,Ki (nM),Cn1c2c(c3ccccc31)CCN(CCCCC13CCCc4cccc(c41)NC3=O)C2,False,False,False
223599,COc1ccc(cc1C1CCNC1)-c1cccc(F)c1C,19.0,Ki (nM),COc1ccc(-c2cccc(F)c2C)cc1C1CCNC1,False,False,False
50284498,CCN(CCCN1CCN(CC1)c1ccccc1OC)S(=O)(=O)c1ccc(C)cc1,19.0,Ki (nM),CCN(CCCN1CCN(c2ccccc2OC)CC1)S(=O)(=O)c1ccc(C)cc1,False,False,False
50284497,CCN(CCCN1CCc2cc(OC)ccc2C1)S(=O)(=O)c1ccc(OC)cc1,19.0,Ki (nM),CCN(CCCN1CCc2cc(OC)ccc2C1)S(=O)(=O)c1ccc(OC)cc1,False,False,False
51155746,CN(C)C(=O)Cn1c2CN(CCCCC34CCCc5cccc(NC3=O)c45)CCc2c2ccccc12,19.0,Ki (nM),CN(C)C(=O)Cn1c2c(c3ccccc31)CCN(CCCCC13CCCc4cccc(c41)NC3=O)C2,False,False,False
50102284,FC(F)(F)Oc1ccc(cc1)S(=O)(=O)NCCCCN1CCN(CC1)c1nsc2ccccc12,19.0,Ki (nM),O=S(=O)(NCCCCN1CCN(c2nsc3ccccc23)CC1)c1ccc(OC(F)(F)F)cc1,False,False,False
50520243,COc1ccc(cc1)-c1ccccc1N1CCN(CCCCCC(=O)NCc2ccc(OCCCN3CCOCC3)cc2)CC1,19.0,Ki (nM),COc1ccc(-c2ccccc2N2CCN(CCCCCC(=O)NCc3ccc(OCCCN4CCOCC4)cc3)CC2)cc1,False,False,False
51418979,Clc1cccc(c1)-c1n[nH]cc1N1CCNCC1,19.0,Ki (nM),Clc1cccc(-c2n[nH]cc2N2CCNCC2)c1,False,False,False
51418980,Clc1cccc(c1)-c1n[nH]cc1N1CCNCC1,19.0,Ki (nM),Clc1cccc(-c2n[nH]cc2N2CCNCC2)c1,False,False,False
792249,Cc1ccc2C(CCc2c1)Oc1ccc(Br)cc1OC1CNC1,19.0,Ki (nM),Cc1ccc2c(c1)CCC2Oc1ccc(Br)cc1OC1CNC1,False,False,False
51126906,O=S(=O)(N1CCC[C@H]1CCN1CCN(CC1)c1cccc2sccc12)c1cncc2ccccc12,19.0,Ki (nM),O=S(=O)(c1cncc2ccccc12)N1CCC[C@H]1CCN1CCN(c2cccc3sccc23)CC1,False,False,False
792244,Clc1ccc2C(CCc2c1)Oc1ccc(Br)cc1OC1CNC1,19.0,Ki (nM),Clc1ccc2c(c1)CCC2Oc1ccc(Br)cc1OC1CNC1,False,False,False
792309,O\N=C(/COc1ccc(Cl)cc1OC1CNC1)c1ccccc1,19.0,Ki (nM),O/N=C(\COc1ccc(Cl)cc1OC1CNC1)c1ccccc1,False,False,False
50977652,Cc1ccc(Sc2ccccc2N2CCNCC2)c(C)c1,19.0,Ki (nM),Cc1ccc(Sc2ccccc2N2CCNCC2)c(C)c1,False,False,False
160306,NCCc1c[nH]c2ccccc12,19.05,Ki (nM),NCCc1c[nH]c2ccccc12,False,False,False
173520,"CN1CCN(CC1)C1=c2ccccc2=Nc2ccc(Cl)cc2N1 |c:8,15|",19.1,Ki (nM),CN1CCN(C2=c3ccccc3=Nc3ccc(Cl)cc3N2)CC1,False,False,False
1170887,CCN(CCN1CCC(CC1)c1noc2cc(F)c(C)cc12)S(=O)(=O)CCO,19.4,Ki (nM),CCN(CCN1CCC(c2noc3cc(F)c(C)cc23)CC1)S(=O)(=O)CCO,False,False,False
50223998,Oc1ccccc1C(=O)CCCN1CCN(CC1)c1noc2ccccc12,19.5,Ki (nM),O=C(CCCN1CCN(c2noc3ccccc23)CC1)c1ccccc1O,False,False,False
223603,COc1ccc(cc1C1CCNC1)-c1ccccc1OC(F)(F)F,19.77,Ki (nM),COc1ccc(-c2ccccc2OC(F)(F)F)cc1C1CCNC1,False,False,False
282700,COc1ccc(cc1C1CCNC1)-c1ccccc1OC(F)(F)F,19.77,Ki (nM),COc1ccc(-c2ccccc2OC(F)(F)F)cc1C1CCNC1,False,False,False
1466340,COc1ccc2[nH]cc(CCN(C)C(C)C)c2c1,19.8,Ki (nM),COc1ccc2[nH]cc(CCN(C)C(C)C)c2c1,False,False,False
174162,CN(C)S(=O)(=O)N[C@H]1C[C@H]2[C@@H](Cc3cn(C)c4cccc2c34)N(C)C1,19.95,Ki (nM),CN1C[C@@H](NS(=O)(=O)N(C)C)C[C@@H]2c3cccc4c3c(cn4C)C[C@H]21,False,False,False
180768,[#6]-c1nc2sccn2c(=O)c1-[#6]-[#6]-[#7]-1-[#6]-[#6]\[#6](-[#6]-[#6]-1)=[#6](\c1ccc(F)cc1)-c1ccc(F)cc1,19.95,Ki (nM),[C]c1nc2sccn2c(=O)c1[C][C]N1[C][C]C(=C(c2ccc(F)cc2)c2ccc(F)cc2)[C][C]1,False,False,False
162736,c1ccc(cc1)N2CNC(=O)C23CCN(CC3)CCCC(=O)c4ccc(cc4)F,19.95,Ki (nM),O=C(CCCN1CCC2(CC1)C(=O)NCN2c1ccccc1)c1ccc(F)cc1,False,False,False
174177,[#6]-c1nc2sccn2c(=O)c1-[#6]-[#6]-[#7]-1-[#6]-[#6]\[#6](-[#6]-[#6]-1)=[#6](\c1ccc(F)cc1)-c1ccc(F)cc1,19.95,Ki (nM),[C]c1nc2sccn2c(=O)c1[C][C]N1[C][C]C(=C(c2ccc(F)cc2)c2ccc(F)cc2)[C][C]1,False,False,False
174182,c1ccc(cc1)N2CNC(=O)C23CCN(CC3)CCCC(=O)c4ccc(cc4)F,19.95,Ki (nM),O=C(CCCN1CCC2(CC1)C(=O)NCN2c1ccccc1)c1ccc(F)cc1,False,False,False
180757,CN(C)CCCN1c2ccccc2Sc3c1cc(cc3)Cl,19.95,Ki (nM),CN(C)CCCN1c2ccccc2Sc2ccc(Cl)cc21,False,False,False
159685,CN(C)CCc1c[nH]c2ccc(O)cc12,19.95,Ki (nM),CN(C)CCc1c[nH]c2ccc(O)cc12,False,False,False
174171,CC[C@@H](CO)NC(=O)[C@H]1CN([C@@H]2Cc3cn(c4c3c(ccc4)C2=C1)C)C,19.95,Ki (nM),CC[C@@H](CO)NC(=O)[C@@H]1C=C2c3cccc4c3c(cn4C)C[C@H]2N(C)C1,False,False,False
174203,c1ccc(cc1)N2CNC(=O)C23CCN(CC3)CCCC(=O)c4ccc(cc4)F,19.95,Ki (nM),O=C(CCCN1CCC2(CC1)C(=O)NCN2c1ccccc1)c1ccc(F)cc1,False,False,False
792460,Fc1ccc(Oc2ccc(Br)cc2OC2CNC2)cc1,20.0,Ki (nM),Fc1ccc(Oc2ccc(Br)cc2OC2CNC2)cc1,False,False,False
51163786,CN1CCN(CC1)C1=Nc2cc(Cl)ccc2Nc2ccccc12,20.0,Ki (nM),CN1CCN(C2=Nc3cc(Cl)ccc3Nc3ccccc32)CC1,False,False,False
50462471,Clc1cccc(c1)S(=O)(=O)NC1CN(CCOc2ccccc2-c2ccccc2)C1,20.0,Ki (nM),O=S(=O)(NC1CN(CCOc2ccccc2-c2ccccc2)C1)c1cccc(Cl)c1,False,False,False
792395,CCN1CC(C1)Oc1cc(F)ccc1OCc1cccc(Cl)c1,20.0,Ki (nM),CCN1CC(Oc2cc(F)ccc2OCc2cccc(Cl)c2)C1,False,False,False
50289720,COc1cccc2C(CCCc12)NC(=O)CCCCCN1CCN(CC1)c1ccccc1OC,20.0,Ki (nM),COc1ccccc1N1CCN(CCCCCC(=O)NC2CCCc3c(OC)cccc32)CC1,False,False,False
50310646,O=C(CCCCN1CCN(CC1)c1ccccc1-c1ccccc1)N1CCC[C@H]1C(=O)N1CCCCC1,20.0,Ki (nM),O=C([C@@H]1CCCN1C(=O)CCCCN1CCN(c2ccccc2-c2ccccc2)CC1)N1CCCCC1,False,False,False
792005,Fc1cccc(COc2ccc(Br)cc2OC2CN(C2)C2CCC2)c1,20.0,Ki (nM),Fc1cccc(COc2ccc(Br)cc2OC2CN(C3CCC3)C2)c1,False,False,False
51397914,COc1ccc(cc1)-c1ccccc1N1CCN(C[C@@H](O)COc2ccc3OC(C)C(=O)Nc3c2)CC1,20.0,Ki (nM),COc1ccc(-c2ccccc2N2CCN(C[C@@H](O)COc3ccc4c(c3)NC(=O)C(C)O4)CC2)cc1,False,False,False
51442074,COc1ccccc1-c1cc(CN(C)C)ccc1Cl,20.0,Ki (nM),COc1ccccc1-c1cc(CN(C)C)ccc1Cl,False,False,False
792455,Brc1ccc(Oc2ccccc2)c(OC2CNC2)c1,20.0,Ki (nM),Brc1ccc(Oc2ccccc2)c(OC2CNC2)c1,False,False,False
50884998,COc1ccccc1N1CCN(CCCNS(=O)(=O)c2ccc3ccccc3c2)CC1,20.0,Ki (nM),COc1ccccc1N1CCN(CCCNS(=O)(=O)c2ccc3ccccc3c2)CC1,False,False,False
51031707,COc1ccccc1N1CCN(CC(O)CN2C(=O)NC(C)(C2=O)c2ccc(Cl)cc2)CC1,20.0,Ki (nM),COc1ccccc1N1CCN(CC(O)CN2C(=O)NC(C)(c3ccc(Cl)cc3)C2=O)CC1,False,False,False
50462416,Fc1ccc(cc1F)S(=O)(=O)NC1CC2CCC(C1)N2CCOc1cccc(c1)-c1ccccc1,20.0,Ki (nM),O=S(=O)(NC1CC2CCC(C1)N2CCOc1cccc(-c2ccccc2)c1)c1ccc(F)c(F)c1,False,False,False
51158109,C[C@H](CCN1CCC(C)CC1)C(C)S(=O)(=O)c1ccc(Br)c(Br)c1,20.0,Ki (nM),CC1CCN(CC[C@@H](C)C(C)S(=O)(=O)c2ccc(Br)c(Br)c2)CC1,False,False,False
51207256,Oc1ccccc1N1CCN(Cc2cn(-c3cccc4ccccc34)c3ccccc23)CC1,20.0,Ki (nM),Oc1ccccc1N1CCN(Cc2cn(-c3cccc4ccccc34)c3ccccc23)CC1,False,False,False
51155802,COc1ccc(cc1)N1CCN(CCCCC23CCCc4cccc(NC2=O)c34)CC1,20.0,Ki (nM),COc1ccc(N2CCN(CCCCC34CCCc5cccc(c53)NC4=O)CC2)cc1,False,False,False
51158042,Fc1ccc(cc1)C(=O)CCCN1CCC2(CC1)N(CNC2=O)c1ccccc1,20.0,Ki (nM),O=C(CCCN1CCC2(CC1)C(=O)NCN2c1ccccc1)c1ccc(F)cc1,False,False,False
306835,COc1ccccc1N1CCN(CCCCC2NC(=NNC2=O)C2CCCCC2)CC1 |c:19|,20.0,Ki (nM),COc1ccccc1N1CCN(CCCCC2NC(C3CCCCC3)=NNC2=O)CC1,False,False,False
51006359,Cc1ccc2c(OCCN3CCC(Cc4cccc(NS(C)(=O)=O)c4)CC3)cccc2n1,20.0,Ki (nM),Cc1ccc2c(OCCN3CCC(Cc4cccc(NS(C)(=O)=O)c4)CC3)cccc2n1,False,False,False
51223571,O=C1N(CCCCCCN2CCN(CC2)c2cccc3ccccc23)S(=O)(=O)c2ccccc12,20.0,Ki (nM),O=C1c2ccccc2S(=O)(=O)N1CCCCCCN1CCN(c2cccc3ccccc23)CC1,False,False,False
53795,O=c1[nH]c2ccccc2n1CCCCCCN1CCN(CC1)c1ccccc1,20.0,Ki (nM),O=c1[nH]c2ccccc2n1CCCCCCN1CCN(c2ccccc2)CC1,False,False,False
51442099,CCCN(CCC)CCc1ccc(Cl)c(c1)-c1ccccc1OC,20.0,Ki (nM),CCCN(CCC)CCc1ccc(Cl)c(-c2ccccc2OC)c1,False,False,False
50344932,COc1cc-2c(C[C@@H]3N(C)CCc4cc(OC)c(OC)c-2c34)cc1OCC=C,20.0,Ki (nM),C=CCOc1cc2c(cc1OC)-c1c(OC)c(OC)cc3c1[C@H](C2)N(C)CC3,False,False,False
50984877,Fc1ccc(cc1)C(=O)CCCN1CCC2(CC1)N(CNC2=O)c1ccccc1,20.0,Ki (nM),O=C(CCCN1CCC2(CC1)C(=O)NCN2c1ccccc1)c1ccc(F)cc1,False,False,False
50984865,C[C@H](CCN1CCC(C)CC1)N(C)S(=O)(=O)c1ccc(Br)c(Br)c1,20.0,Ki (nM),CC1CCN(CC[C@@H](C)N(C)S(=O)(=O)c2ccc(Br)c(Br)c2)CC1,False,False,False
50290772,O=c1sc2ccccc2n1CCCCCN1CCN(CC1)c1ccccc1,20.0,Ki (nM),O=c1sc2ccccc2n1CCCCCN1CCN(c2ccccc2)CC1,False,False,False
170671,c1ccc(cc1)N2CNC(=O)C23CCN(CC3)CCCC(=O)c4ccc(cc4)F,20.0,Ki (nM),O=C(CCCN1CCC2(CC1)C(=O)NCN2c1ccccc1)c1ccc(F)cc1,False,False,False
51157923,COc1ccc2cccc(N3CCNCC3)c2c1,20.0,Ki (nM),COc1ccc2cccc(N3CCNCC3)c2c1,False,False,False
50593452,O=C1N(CCN2CCC(CC2)Oc2ccccc2)CCCc2ccccc12,20.0,Ki (nM),O=C1c2ccccc2CCCN1CCN1CCC(Oc2ccccc2)CC1,False,False,False
51357439,C1CC1n1nc2CCNCCc2c1-c1ccccc1,20.0,Ki (nM),c1ccc(-c2c3c(nn2C2CC2)CCNCC3)cc1,False,False,False
50096589,CN(CCCN1CCN(CC1)c1ccccc1)c1cccc(O)c1,20.0,Ki (nM),CN(CCCN1CCN(c2ccccc2)CC1)c1cccc(O)c1,False,False,False
50344945,COc1cc-2c(C[C@@H]3N(C)CCc4cc(OC)c(OC)c-2c34)cc1O,20.0,Ki (nM),COc1cc2c(cc1O)C[C@H]1c3c(cc(OC)c(OC)c3-2)CCN1C,False,False,False
50096590,CN(CCCN1CCN(CC1)c1ccccc1)c1cccc(O)c1,20.0,Ki (nM),CN(CCCN1CCN(c2ccccc2)CC1)c1cccc(O)c1,False,False,False
51442083,CCCN(CCC)CCc1ccc(Cl)c(c1)-c1ccccc1OC,20.0,Ki (nM),CCCN(CCC)CCc1ccc(Cl)c(-c2ccccc2OC)c1,False,False,False
50958842,Clc1ccc(s1)S(=O)(=O)NCC1CCN(CCOc2ccccc2-c2ccccc2)CC1,20.0,Ki (nM),O=S(=O)(NCC1CCN(CCOc2ccccc2-c2ccccc2)CC1)c1ccc(Cl)s1,False,False,False
51207225,FC(F)(F)c1ccccc1-n1cc(CN2CCN(CC2)c2ccccc2)c2ccccc12,20.0,Ki (nM),FC(F)(F)c1ccccc1-n1cc(CN2CCN(c3ccccc3)CC2)c2ccccc21,False,False,False
51285624,CCn1cncc1-c1c[nH]c2ccc(Br)cc12,20.0,Ki (nM),CCn1cncc1-c1c[nH]c2ccc(Br)cc12,False,False,False
51224437,CN1CC[C@H]2c3cccc(-c4ccccc4)c3OC[C@@]12C,20.0,Ki (nM),CN1CC[C@H]2c3cccc(-c4ccccc4)c3OC[C@]21C,False,False,False
50102279,Clc1ccc(cc1Cl)S(=O)(=O)NCCCN1CCN(CC1)c1nsc2ccccc12,20.0,Ki (nM),O=S(=O)(NCCCN1CCN(c2nsc3ccccc23)CC1)c1ccc(Cl)c(Cl)c1,False,False,False
51442091,COc1ccccc1-c1cc(CN(C)C)ccc1Cl,20.0,Ki (nM),COc1ccccc1-c1cc(CN(C)C)ccc1Cl,False,False,False
50812923,Fc1ccc(cc1)C(=O)CCCN1CCC2(CC1)N(CNC2=O)c1ccccc1,20.0,Ki (nM),O=C(CCCN1CCC2(CC1)C(=O)NCN2c1ccccc1)c1ccc(F)cc1,False,False,False
51282096,COc1ccc(cc1)N1CCN(CCCCC23CCCc4cccc(NC2=O)c34)CC1,20.0,Ki (nM),COc1ccc(N2CCN(CCCCC34CCCc5cccc(c53)NC4=O)CC2)cc1,False,False,False
50376767,CCCSc1ccccc1CC1NCCc2c1[nH]c1ccccc21,20.0,Ki (nM),CCCSc1ccccc1CC1NCCc2c1[nH]c1ccccc21,False,False,False
1170752,CCN(CCN1CCC(CC1)c1noc2cc(F)c(C)cc12)C(=O)[C@H](C)O,20.3,Ki (nM),CCN(CCN1CCC(c2noc3cc(F)c(C)cc23)CC1)C(=O)[C@H](C)O,False,False,False
50177151,CN1CCc2cccc-3c2[C@H]1Cc1cccc(-c2c(C)cccc2C#N)c-31,20.8,Ki (nM),Cc1cccc(C#N)c1-c1cccc2c1-c1cccc3c1[C@@H](C2)N(C)CC3,False,False,False
50204555,CN1CCc2cccc-3c2[C@H]1Cc1cccc(-c2c(C)cccc2C#N)c-31,20.8,Ki (nM),Cc1cccc(C#N)c1-c1cccc2c1-c1cccc3c1[C@@H](C2)N(C)CC3,False,False,False
50812898,CN1CCc2cccc-3c2[C@H]1Cc1cccc(-c2c(C)cccc2C#N)c-31,20.8,Ki (nM),Cc1cccc(C#N)c1-c1cccc2c1-c1cccc3c1[C@@H](C2)N(C)CC3,False,False,False
50177139,CN1CCc2cccc-3c2[C@H]1Cc1cccc(-c2c(C)cccc2C#N)c-31,20.8,Ki (nM),Cc1cccc(C#N)c1-c1cccc2c1-c1cccc3c1[C@@H](C2)N(C)CC3,False,False,False
162702,CN(C)S(=O)(=O)N[C@H]1C[C@H]2[C@@H](Cc3cn(C)c4cccc2c34)N(C)C1,20.89,Ki (nM),CN1C[C@@H](NS(=O)(=O)N(C)C)C[C@@H]2c3cccc4c3c(cn4C)C[C@H]21,False,False,False
162687,CN(C)CCc1c[nH]c2c1cc(cc2)OC,20.89,Ki (nM),COc1ccc2[nH]cc(CCN(C)C)c2c1,False,False,False
170527,CN(C)CCc1c[nH]c2c1cc(cc2)OC,20.9,Ki (nM),COc1ccc2[nH]cc(CCN(C)C)c2c1,False,False,False
50096574,CCCN(CCCN1CCN(CC1)c1ccccc1)c1cccc(O)c1,21.0,Ki (nM),CCCN(CCCN1CCN(c2ccccc2)CC1)c1cccc(O)c1,False,False,False
161664,CN(C)CCCN1c2ccccc2Sc3c1cc(cc3)Cl,21.0,Ki (nM),CN(C)CCCN1c2ccccc2Sc2ccc(Cl)cc21,False,False,False
51488597,CN1CCN(CC1)C1=Nc2cc(Cl)ccc2Nc2ccccc12,21.0,Ki (nM),CN1CCN(C2=Nc3cc(Cl)ccc3Nc3ccccc32)CC1,False,False,False
223559,COc1ccc(cc1OC1CNC1)-c1ccc(F)cc1C,21.0,Ki (nM),COc1ccc(-c2ccc(F)cc2C)cc1OC1CNC1,False,False,False
792394,CCCN1CC(C1)Oc1cc(F)ccc1OCc1cccc(Cl)c1,21.0,Ki (nM),CCCN1CC(Oc2cc(F)ccc2OCc2cccc(Cl)c2)C1,False,False,False
51042113,Clc1cccc(N2CCN(CCCCNS(=O)(=O)c3cncc4ccccc34)CC2)c1Cl,21.0,Ki (nM),O=S(=O)(NCCCCN1CCN(c2cccc(Cl)c2Cl)CC1)c1cncc2ccccc12,False,False,False
50590862,Cc1cccc(c1)-c1cccc(NC2=NCCN2)c1C,21.0,Ki (nM),Cc1cccc(-c2cccc(NC3=NCCN3)c2C)c1,False,False,False
51285632,COc1ccc2[nH]cc(-c3cncn3C)c2c1F,21.0,Ki (nM),COc1ccc2[nH]cc(-c3cncn3C)c2c1F,False,False,False
50313393,COc1ccccc1N1CCN(Cc2ccn(c2)-c2ccccc2C)CC1,21.0,Ki (nM),COc1ccccc1N1CCN(Cc2ccn(-c3ccccc3C)c2)CC1,False,False,False
50958854,Fc1cccc(C(=O)NC2CCN(CCOc3ccccc3-c3ccccc3)C2)c1F,21.0,Ki (nM),O=C(NC1CCN(CCOc2ccccc2-c2ccccc2)C1)c1cccc(F)c1F,False,False,False
50812808,CN(C)S(=O)(=O)N[C@H]1C[C@H]2[C@@H](Cc3c[nH]c4cccc2c34)N(C)C1,21.0,Ki (nM),CN1C[C@@H](NS(=O)(=O)N(C)C)C[C@@H]2c3cccc4[nH]cc(c34)C[C@H]21,False,False,False
51207260,COc1ccccc1N1CCN(Cc2ccn(c2)-c2ccccc2C)CC1,21.0,Ki (nM),COc1ccccc1N1CCN(Cc2ccn(-c3ccccc3C)c2)CC1,False,False,False
175514,"CN1CCN(CC1)C1=c2ccccc2=Nc2ccc(Cl)cc2N1 |c:8,15|",21.0,Ki (nM),CN1CCN(C2=c3ccccc3=Nc3ccc(Cl)cc3N2)CC1,False,False,False
792469,Clc1cccc(Oc2ccc(Cl)cc2OC2CNC2)c1,21.0,Ki (nM),Clc1cccc(Oc2ccc(Cl)cc2OC2CNC2)c1,False,False,False
282656,COc1ccc(cc1OC1CNC1)-c1ccc(F)cc1C,21.0,Ki (nM),COc1ccc(-c2ccc(F)cc2C)cc1OC1CNC1,False,False,False
50866721,CCC1(CCCN2CCN(CC2)c2cccc(Cl)c2)C(=O)Nc2ccccc12,21.0,Ki (nM),CCC1(CCCN2CCN(c3cccc(Cl)c3)CC2)C(=O)Nc2ccccc21,False,False,False
51449144,Fc1ccc2c(CCCN3CCC(CS(=O)(=O)c4cccc(Cl)c4)C3)noc2c1,21.0,Ki (nM),O=S(=O)(CC1CCN(CCCc2noc3cc(F)ccc23)C1)c1cccc(Cl)c1,False,False,False
50302288,Clc1cccc(c1)N1CCN(CCCCc2nc3ccccc3c(=O)[nH]2)CC1,21.0,Ki (nM),O=c1[nH]c(CCCCN2CCN(c3cccc(Cl)c3)CC2)nc2ccccc12,False,False,False
50520240,CN(C)Cc1ccc(CNC(=O)CCCCCN2CCN(CC2)c2ccccc2-c2ccccc2)cc1,21.0,Ki (nM),CN(C)Cc1ccc(CNC(=O)CCCCCN2CCN(c3ccccc3-c3ccccc3)CC2)cc1,False,False,False
50284491,CN1CCc2cccc-3c2C1Cc1cccc(C2C(C=CC=C2C)C#N)c-31,21.0,Ki (nM),CC1=CC=CC(C#N)C1c1cccc2c1-c1cccc3c1C(C2)N(C)CC3,False,False,False
51223547,O=C1N(CCCCCCN2CCN(CC2)c2cccc3cccnc23)S(=O)(=O)c2ccccc12,21.0,Ki (nM),O=C1c2ccccc2S(=O)(=O)N1CCCCCCN1CCN(c2cccc3cccnc23)CC1,False,False,False
53815,FC(F)(F)c1cccc(c1)N1CCN(CCCCN2C(=O)CCCC2=O)CC1,21.0,Ki (nM),O=C1CCCC(=O)N1CCCCN1CCN(c2cccc(C(F)(F)F)c2)CC1,False,False,False
50812925,CN(C)CCCN1c2ccccc2Sc2ccc(Cl)cc12,21.0,Ki (nM),CN(C)CCCN1c2ccccc2Sc2ccc(Cl)cc21,False,False,False
172862,"CN1CCN(CC1)C1=c2ccccc2=Nc2ccc(Cl)cc2N1 |c:8,15|",21.0,Ki (nM),CN1CCN(C2=c3ccccc3=Nc3ccc(Cl)cc3N2)CC1,False,False,False
51037300,Fc1ccc(cc1)N1CCN(CCN2CCC3(C2)C(=O)Nc2ccccc32)CC1,21.0,Ki (nM),O=C1Nc2ccccc2C12CCN(CCN1CCN(c3ccc(F)cc3)CC1)C2,False,False,False
170556,CN(C)S(=O)(=O)N[C@H]1C[C@H]2[C@@H](Cc3cn(C)c4cccc2c34)N(C)C1,21.1,Ki (nM),CN1C[C@@H](NS(=O)(=O)N(C)C)C[C@@H]2c3cccc4c3c(cn4C)C[C@H]21,False,False,False
160260,CN(C)CCc1c[nH]c2ccc(O)cc12,21.37,Ki (nM),CN(C)CCc1c[nH]c2ccc(O)cc12,False,False,False
173522,COc1cc(ccc1OCCCN1CCC(CC1)c1noc2cc(F)ccc12)C(C)=O,21.6,Ki (nM),COc1cc(C(C)=O)ccc1OCCCN1CCC(c2noc3cc(F)ccc23)CC1,False,False,False
170581,[#6]-c1nc2sccn2c(=O)c1-[#6]-[#6]-[#7]-1-[#6]-[#6]\[#6](-[#6]-[#6]-1)=[#6](\c1ccc(F)cc1)-c1ccc(F)cc1,21.7,Ki (nM),[C]c1nc2sccn2c(=O)c1[C][C]N1[C][C]C(=C(c2ccc(F)cc2)c2ccc(F)cc2)[C][C]1,False,False,False
1423504,O=c1[nH]c2ccccc2n1CCCCCN1CCN(CC1)c1cccnc1,21.8,Ki (nM),O=c1[nH]c2ccccc2n1CCCCCN1CCN(c2cccnc2)CC1,False,False,False
162730,[#6]-c1nc2sccn2c(=O)c1-[#6]-[#6]-[#7]-1-[#6]-[#6]\[#6](-[#6]-[#6]-1)=[#6](\c1ccc(F)cc1)-c1ccc(F)cc1,21.87,Ki (nM),[C]c1nc2sccn2c(=O)c1[C][C]N1[C][C]C(=C(c2ccc(F)cc2)c2ccc(F)cc2)[C][C]1,False,False,False
51449138,Fc1ccc2c(CCCN3CCC(CS(=O)(=O)c4ccc(Cl)c(Cl)c4)C3)noc2c1,22.0,Ki (nM),O=S(=O)(CC1CCN(CCCc2noc3cc(F)ccc23)C1)c1ccc(Cl)c(Cl)c1,False,False,False
50290396,COc1cccc(c1)-c1ccccc1CNC(=O)CCCCN1CCN(CC1)c1ccccc1OC,22.0,Ki (nM),COc1cccc(-c2ccccc2CNC(=O)CCCCN2CCN(c3ccccc3OC)CC2)c1,False,False,False
50344934,COc1cc-2c(C[C@@H]3N(C)CCc4cc(OC)c(OC)c-2c34)cc1OCC1CC1,22.0,Ki (nM),COc1cc2c(cc1OCC1CC1)C[C@H]1c3c(cc(OC)c(OC)c3-2)CCN1C,False,False,False
51248970,COc1ccc(\C=C2/NC(=O)N(CCCN3CCN(CC3)c3cccc(Cl)c3Cl)C2=O)cc1OC,22.0,Ki (nM),COc1ccc(/C=C2\NC(=O)N(CCCN3CCN(c4cccc(Cl)c4Cl)CC3)C2=O)cc1OC,False,False,False
50433129,CSc1ccccc1N1CCN(CCCCCC(=O)NCc2ccccc2)CC1,22.0,Ki (nM),CSc1ccccc1N1CCN(CCCCCC(=O)NCc2ccccc2)CC1,False,False,False
51337087,CN(C)C1CCc2c(C1)cccc2-c1cccc2ccccc12,22.0,Ki (nM),CN(C)C1CCc2c(cccc2-c2cccc3ccccc23)C1,False,False,False
178583,Cc1cccc(N2CCN(CCCOc3ccc4ccc(=O)[nH]c4c3)CC2)c1C,22.0,Ki (nM),Cc1cccc(N2CCN(CCCOc3ccc4ccc(=O)[nH]c4c3)CC2)c1C,False,False,False
50310665,CC(C)c1ccccc1N1CCN(CCCCCCC(=O)N2Cc3ccccc3C[C@H]2C(=O)N2CCCCC2)CC1,22.0,Ki (nM),CC(C)c1ccccc1N1CCN(CCCCCCC(=O)N2Cc3ccccc3C[C@H]2C(=O)N2CCCCC2)CC1,False,False,False
50290760,O=C1Cc2ccccc2N1CCCCN1CCN(CC1)c1cccc2ccccc12,22.0,Ki (nM),O=C1Cc2ccccc2N1CCCCN1CCN(c2cccc3ccccc23)CC1,False,False,False
184826,CC(CN(C)C)CN1c2ccccc2Sc2ccc(cc12)C#N,22.0,Ki (nM),CC(CN(C)C)CN1c2ccccc2Sc2ccc(C#N)cc21,False,False,False
51161238,O=S(=O)(c1ccccc1)C1(CCCN2CCN(CC2)c2ccccc2)CCC1,22.0,Ki (nM),O=S(=O)(c1ccccc1)C1(CCCN2CCN(c3ccccc3)CC2)CCC1,False,False,False
50256194,CN(C)CCSc1nc(cs1)C(C)(C)C,22.0,Ki (nM),CN(C)CCSc1nc(C(C)(C)C)cs1,False,False,False
51126865,O=S(=O)(N1CCCC[C@@H]1CCN1CCN(CC1)c1cccc2sccc12)c1cccc2ncccc12,22.0,Ki (nM),O=S(=O)(c1cccc2ncccc12)N1CCCC[C@@H]1CCN1CCN(c2cccc3sccc23)CC1,False,False,False
50081697,NC(=O)[C@@H]1Cc2ccccc2CN1C(=O)CCCCCN1CCN(CC1)c1noc2ccccc12,22.0,Ki (nM),NC(=O)[C@@H]1Cc2ccccc2CN1C(=O)CCCCCN1CCN(c2noc3ccccc23)CC1,False,False,False
51285651,CCn1cncc1-c1c[nH]c2ccc(C(N)=O)c(F)c12,22.0,Ki (nM),CCn1cncc1-c1c[nH]c2ccc(C(N)=O)c(F)c12,False,False,False
51418958,Fc1cccc(c1)-c1n[nH]cc1N1CCCNCC1,22.0,Ki (nM),Fc1cccc(-c2n[nH]cc2N2CCCNCC2)c1,False,False,False
51155795,COC1(CCN(CCCCC23CCCc4cccc(NC2=O)c34)CC1)c1ccccc1,22.0,Ki (nM),COC1(c2ccccc2)CCN(CCCCC23CCCc4cccc(c42)NC3=O)CC1,False,False,False
1170791,CCN(CCN1CCN(CC1)c1noc2ccccc12)C(=O)C(C)O,22.1,Ki (nM),CCN(CCN1CCN(c2noc3ccccc23)CC1)C(=O)C(C)O,False,False,False
174882,c1ccc(cc1)N2CNC(=O)C23CCN(CC3)CCCC(=O)c4ccc(cc4)F,22.38,Ki (nM),O=C(CCCN1CCC2(CC1)C(=O)NCN2c1ccccc1)c1ccc(F)cc1,False,False,False
160282,CC[C@@H](CO)NC(=O)[C@H]1CN([C@@H]2Cc3cn(c4c3c(ccc4)C2=C1)C)C,22.38,Ki (nM),CC[C@@H](CO)NC(=O)[C@@H]1C=C2c3cccc4c3c(cn4C)C[C@H]2N(C)C1,False,False,False
1170848,CCN(CCN1CCC(CC1)c1noc2ccc(F)cc12)C(=O)[C@H](C)O,22.6,Ki (nM),CCN(CCN1CCC(c2noc3ccc(F)cc23)CC1)C(=O)[C@H](C)O,False,False,False
1170860,CCN(CCN1CCC(CC1)c1c[nH]c2ccccc12)C(=O)[C@@H](C)O,22.6,Ki (nM),CCN(CCN1CCC(c2c[nH]c3ccccc23)CC1)C(=O)[C@@H](C)O,False,False,False
50276092,C[C@H](Nc1nc(NCCOc2ccccc2)nc(n1)N(C)C)c1ccccc1,23.0,Ki (nM),C[C@H](Nc1nc(NCCOc2ccccc2)nc(N(C)C)n1)c1ccccc1,False,False,False
50503302,[O-][S+](CCCN1CCc2ccccc2C1)c1ccc(F)cc1,23.0,Ki (nM),O[S+](CCCN1CCc2ccccc2C1)c1ccc(F)cc1,False,False,True
50211387,CN1CCCN(CCn2ccc3ccc(cc23)C(F)(F)F)CC1,23.0,Ki (nM),CN1CCCN(CCn2ccc3ccc(C(F)(F)F)cc32)CC1,False,False,False
51224331,C[C@@]12COc3c(cccc3-c3ccccc3)[C@@H]1CCN2,23.0,Ki (nM),C[C@@]12COc3c(-c4ccccc4)cccc3[C@@H]1CCN2,False,False,False
50090996,FC(F)(COc1ccc(Cl)cc1OC1CNC1)c1ccccc1,23.0,Ki (nM),FC(F)(COc1ccc(Cl)cc1OC1CNC1)c1ccccc1,False,False,False
50534667,COc1ccccc1-c1cc(CN(C)C)ccc1C,23.0,Ki (nM),COc1ccccc1-c1cc(CN(C)C)ccc1C,False,False,False
51031683,COc1ccc(cc1)C1(C)NC(=O)N(CC(O)CN2CCN(CC2)c2ccccc2C#N)C1=O,23.0,Ki (nM),COc1ccc(C2(C)NC(=O)N(CC(O)CN3CCN(c4ccccc4C#N)CC3)C2=O)cc1,False,False,False
50963778,C1CN(CCN1)c1ccccc1-c1ccccn1,23.0,Ki (nM),c1ccc(-c2ccccc2N2CCNCC2)nc1,False,False,False
51408605,Clc1cc2CC(CCN3CCN(CC3)c3ccccn3)C(=O)c2cc1Cl,23.0,Ki (nM),O=C1c2cc(Cl)c(Cl)cc2CC1CCN1CCN(c2ccccn2)CC1,False,False,False
50586764,CC1CCN(CC[C@H]2CCCN2S(=O)(=O)c2ccc3CCNc3c2)CC1,23.0,Ki (nM),CC1CCN(CC[C@H]2CCCN2S(=O)(=O)c2ccc3c(c2)NCC3)CC1,False,False,False
154125,Cc1cc(c(c(c1CC2=NCCN2)C)O)C(C)(C)C,23.0,Ki (nM),Cc1cc(C(C)(C)C)c(O)c(C)c1CC1=NCCN1,False,False,False
185363,OCCN1CCN(CCCN2c3ccccc3Sc3ccc(Cl)cc23)CC1,23.0,Ki (nM),OCCN1CCN(CCCN2c3ccccc3Sc3ccc(Cl)cc32)CC1,False,False,False
161683,OCCN1CCN(CCCN2c3ccccc3Sc3ccc(Cl)cc23)CC1,23.0,Ki (nM),OCCN1CCN(CCCN2c3ccccc3Sc3ccc(Cl)cc32)CC1,False,False,False
792095,Clc1ccc(OCC2CCCCC2)c(OC2CNC2)c1,23.0,Ki (nM),Clc1ccc(OCC2CCCCC2)c(OC2CNC2)c1,False,False,False
51228698,O=c1[nH]c(SCCCN2CCN(CC2)c2ccccc2)nc2c3ccccc3sc12,23.0,Ki (nM),O=c1[nH]c(SCCCN2CCN(c3ccccc3)CC2)nc2c1sc1ccccc12,False,False,False
792470,Clc1ccc(Oc2ccc(Cl)cc2OC2CNC2)cc1,23.0,Ki (nM),Clc1ccc(Oc2ccc(Cl)cc2OC2CNC2)cc1,False,False,False
792151,CN1CCC(C1)Oc1cc(Br)ccc1OCc1ccccc1,23.0,Ki (nM),CN1CCC(Oc2cc(Br)ccc2OCc2ccccc2)C1,False,False,False
51418957,Fc1cccc(c1)-c1n[nH]cc1N1CCCNCC1,23.0,Ki (nM),Fc1cccc(-c2n[nH]cc2N2CCCNCC2)c1,False,False,False
51408625,Clc1cc2CC(CCN3CCN(CC3)c3ccccn3)C(=O)c2cc1Cl,23.0,Ki (nM),O=C1c2cc(Cl)c(Cl)cc2CC1CCN1CCN(c2ccccn2)CC1,False,False,False
50344931,COc1cc-2c(C[C@@H]3N(C)CCc4cc(OC)c(OC)c-2c34)cc1OCc1ccccc1,23.0,Ki (nM),COc1cc2c(cc1OCc1ccccc1)C[C@H]1c3c(cc(OC)c(OC)c3-2)CCN1C,False,False,False
51126952,O=S(=O)(N1CCC[C@H]1CCN1CCN(CC1)c1cccc2sccc12)c1cccc2cnccc12,23.0,Ki (nM),O=S(=O)(c1cccc2cnccc12)N1CCC[C@H]1CCN1CCN(c2cccc3sccc23)CC1,False,False,False
792164,CC(Oc1ccc(Cl)cc1OC1CNC1)c1cccc(c1)C(F)(F)F,23.0,Ki (nM),CC(Oc1ccc(Cl)cc1OC1CNC1)c1cccc(C(F)(F)F)c1,False,False,False
792032,Clc1ccc(OCc2ccccc2Cl)c(OC2CNC2)c1,23.0,Ki (nM),Clc1ccc(OCc2ccccc2Cl)c(OC2CNC2)c1,False,False,False
50102285,O=S(=O)(NCCCN1CCN(CC1)c1nsc2ccccc12)c1cccs1,23.0,Ki (nM),O=S(=O)(NCCCN1CCN(c2nsc3ccccc23)CC1)c1cccs1,False,False,False
51418981,Clc1ccc(cc1)-c1n[nH]cc1N1CCNCC1,23.0,Ki (nM),Clc1ccc(-c2n[nH]cc2N2CCNCC2)cc1,False,False,False
51418982,Clc1ccc(cc1)-c1n[nH]cc1N1CCNCC1,23.0,Ki (nM),Clc1ccc(-c2n[nH]cc2N2CCNCC2)cc1,False,False,False
792314,FC(F)(COc1ccc(Cl)cc1OC1CNC1)c1ccccc1,23.0,Ki (nM),FC(F)(COc1ccc(Cl)cc1OC1CNC1)c1ccccc1,False,False,False
792180,CC(Oc1ccc(Br)cc1OC1CNC1)c1cccc(c1)C(F)(F)F,23.0,Ki (nM),CC(Oc1ccc(Br)cc1OC1CNC1)c1cccc(C(F)(F)F)c1,False,False,False
51408617,O=C1CCc2cc(CCCCN3CCN(CC3)c3ccccn3)ccc2N1,23.0,Ki (nM),O=C1CCc2cc(CCCCN3CCN(c4ccccn4)CC3)ccc2N1,False,False,False
50812859,OCCN1CCN(CCCN2c3ccccc3Sc3ccc(Cl)cc23)CC1,23.0,Ki (nM),OCCN1CCN(CCCN2c3ccccc3Sc3ccc(Cl)cc32)CC1,False,False,False
50855728,C[C@H]1NC(NCC(F)F)=Nc2ccc(Cl)c(Cl)c12,23.3,Ki (nM),C[C@H]1NC(NCC(F)F)=Nc2ccc(Cl)c(Cl)c21,False,False,False
853957,CN1CCc2ccc(OCCCCN3CCN(CC3)c3cccc(c3)C(F)(F)F)cc2C1=O,23.6,Ki (nM),CN1CCc2ccc(OCCCCN3CCN(c4cccc(C(F)(F)F)c4)CC3)cc2C1=O,False,False,False
50224010,COc1ccccc1N1CCN(CCCCCC(=O)c2ccc(O)cc2)CC1,23.7,Ki (nM),COc1ccccc1N1CCN(CCCCCC(=O)c2ccc(O)cc2)CC1,False,False,False
174871,"CN1CCN(CC1)C1=c2ccccc2=Nc2ccc(Cl)cc2N1 |c:8,15|",23.98,Ki (nM),CN1CCN(C2=c3ccccc3=Nc3ccc(Cl)cc3N2)CC1,False,False,False
51155789,[O-][N+](=O)c1ccccc1N1CCN(CCCCC23CCCc4cccc(NC2=O)c34)CC1,24.0,Ki (nM),O=C1Nc2cccc3c2C1(CCCCN1CCN(c2ccccc2[N+](=O)[O-])CC1)CCC3,False,False,False
51161199,CCOC(=O)[C@@H]1CCCN(CCCC(C)(C)S(=O)(=O)c2ccccc2)C1,24.0,Ki (nM),CCOC(=O)[C@@H]1CCCN(CCCC(C)(C)S(=O)(=O)c2ccccc2)C1,False,False,False
50286427,O=C1Cc2ccccc2N1CCCCCCN1CCc2ccccc2C1,24.0,Ki (nM),O=C1Cc2ccccc2N1CCCCCCN1CCc2ccccc2C1,False,False,False
792297,Clc1ccc2CC(Cc2c1)Oc1ccc(Cl)cc1OC1CNC1,24.0,Ki (nM),Clc1ccc2c(c1)CC(Oc1ccc(Cl)cc1OC1CNC1)C2,False,False,False
50344936,CCCC(C)Oc1cc2C[C@@H]3N(C)CCc4cc(OC)c(OC)c(-c2cc1OC)c34,24.0,Ki (nM),CCCC(C)Oc1cc2c(cc1OC)-c1c(OC)c(OC)cc3c1[C@H](C2)N(C)CC3,False,False,False
792390,CN1CC(C1)Oc1cc(F)ccc1OCc1cccc(Cl)c1,24.0,Ki (nM),CN1CC(Oc2cc(F)ccc2OCc2cccc(Cl)c2)C1,False,False,False
50817740,Cc1[nH]c2ccc(Cl)cc2c1C1=CCN(CCNS(=O)(=O)c2cccc(C)c2)CC1,24.0,Ki (nM),Cc1cccc(S(=O)(=O)NCCN2CC=C(c3c(C)[nH]c4ccc(Cl)cc34)CC2)c1,False,False,False
50344941,CCCCCOc1cc2C[C@@H]3N(C)CCc4cc(OC)c(OC)c(-c2cc1OC)c34,24.0,Ki (nM),CCCCCOc1cc2c(cc1OC)-c1c(OC)c(OC)cc3c1[C@H](C2)N(C)CC3,False,False,False
50551182,CCOc1ccccc1N1CCN(CCCCCOc2cc(ncn2)-c2ccccc2)CC1,24.0,Ki (nM),CCOc1ccccc1N1CCN(CCCCCOc2cc(-c3ccccc3)ncn2)CC1,False,False,False
51315519,COc1ccccc1N1CCN(CC1)C(=O)CCN1CCN(Cc2ccccc2)CC1,24.0,Ki (nM),COc1ccccc1N1CCN(C(=O)CCN2CCN(Cc3ccccc3)CC2)CC1,False,False,False
51397920,COc1ccc(cc1)-c1ccccc1N1CCN(CCCCOc2ccc(cc2)-c2cn3ccccc3n2)CC1,24.0,Ki (nM),COc1ccc(-c2ccccc2N2CCN(CCCCOc3ccc(-c4cn5ccccc5n4)cc3)CC2)cc1,False,False,False
51315512,O=C(CCN1CCN(Cc2ccccc2)CC1)N1CCN(CC1)c1ncccn1,24.0,Ki (nM),O=C(CCN1CCN(Cc2ccccc2)CC1)N1CCN(c2ncccn2)CC1,False,False,False
51205658,COc1ccc(cc1)-c1ccccc1N1CCN(CCOCCC(=O)NCc2cccnc2)CC1,24.0,Ki (nM),COc1ccc(-c2ccccc2N2CCN(CCOCCC(=O)NCc3cccnc3)CC2)cc1,False,False,False
51315571,O=C(CCN1CCN(Cc2ccccc2)CC1)N1CCN(CC1)c1ncccn1,24.0,Ki (nM),O=C(CCN1CCN(Cc2ccccc2)CC1)N1CCN(c2ncccn2)CC1,False,False,False
51126864,O=S(=O)(N1CCCCC[C@H]1CCN1CCN(CC1)c1cccc2sccc12)c1cncc2ccccc12,24.0,Ki (nM),O=S(=O)(c1cncc2ccccc12)N1CCCCC[C@H]1CCN1CCN(c2cccc3sccc23)CC1,False,False,False
51205649,COc1ccc(cc1)-c1ccccc1N1CCN(CCOCCC(=O)NCc2ccccn2)CC1,24.0,Ki (nM),COc1ccc(-c2ccccc2N2CCN(CCOCCC(=O)NCc3ccccn3)CC2)cc1,False,False,False
50829947,CN1CCCC1Cc1c[nH]c2ccc(NS(=O)(=O)c3cccc(Cl)c3)cc12,24.0,Ki (nM),CN1CCCC1Cc1c[nH]c2ccc(NS(=O)(=O)c3cccc(Cl)c3)cc12,False,False,False
51315536,COc1ccccc1N1CCN(CC1)C(=O)CCN1CCN(Cc2ccccc2)CC1,24.0,Ki (nM),COc1ccccc1N1CCN(C(=O)CCN2CCN(Cc3ccccc3)CC2)CC1,False,False,False
1170893,CCN(CCN1CCC(CC1)c1noc2cc(Cl)ccc12)S(=O)(=O)CCO,24.3,Ki (nM),CCN(CCN1CCC(c2noc3cc(Cl)ccc23)CC1)S(=O)(=O)CCO,False,False,False
50855744,C[C@@H]1NC(NCC(F)F)=Nc2cccc(Cl)c12,24.8,Ki (nM),C[C@@H]1NC(NCC(F)F)=Nc2cccc(Cl)c21,False,False,False
792012,CSc1cccc(COc2ccc(Cl)cc2OC2CNC2)c1,25.0,Ki (nM),CSc1cccc(COc2ccc(Cl)cc2OC2CNC2)c1,False,False,False
51408595,O=C1CCc2cc(CCCCN3CCN(CC3)c3ccccn3)ccc2N1,25.0,Ki (nM),O=C1CCc2cc(CCCCN3CCN(c4ccccn4)CC3)ccc2N1,False,False,False
50593481,O=C1C(CCN2CCC(CC2)Oc2ccccc2)CCCc2ccccc12,25.0,Ki (nM),O=C1c2ccccc2CCCC1CCN1CCC(Oc2ccccc2)CC1,False,False,False
51163712,CCN1CCCC1CNC(=O)c1cc(c(N)cc1OC)S(=O)(=O)CC,25.0,Ki (nM),CCN1CCCC1CNC(=O)c1cc(S(=O)(=O)CC)c(N)cc1OC,False,False,False
50663755,Fc1ccc2C(CCCCN3CCN(CC3)c3ccc(Cl)cc3)C(=O)Nc2c1,25.0,Ki (nM),O=C1Nc2cc(F)ccc2C1CCCCN1CCN(c2ccc(Cl)cc2)CC1,False,False,False
50525008,Clc1ccc2sc(CCCCN3CCc4ccccc4C3)nc2c1,25.0,Ki (nM),Clc1ccc2sc(CCCCN3CCc4ccccc4C3)nc2c1,False,False,False
51060505,COc1cccc(CCN2CCN(CC2)c2ccccc2OC)c1,25.0,Ki (nM),COc1cccc(CCN2CCN(c3ccccc3OC)CC2)c1,False,False,False
51155807,CN1C(=O)C2(CCCCN3CCC(=CC3)c3ccccc3)CCCc3cccc1c23,25.0,Ki (nM),CN1C(=O)C2(CCCCN3CC=C(c4ccccc4)CC3)CCCc3cccc1c32,False,False,False
50520342,COc1ccc(cc1)-c1ccccc1N1CCN(CCCCCC(=O)NCc2ccc(OCCN3CCOCC3)cc2)CC1,25.0,Ki (nM),COc1ccc(-c2ccccc2N2CCN(CCCCCC(=O)NCc3ccc(OCCN4CCOCC4)cc3)CC2)cc1,False,False,False
792532,CCN1CCC(C1)Oc1cc(Br)ccc1Oc1cccc(Br)c1,25.0,Ki (nM),CCN1CCC(Oc2cc(Br)ccc2Oc2cccc(Br)c2)C1,False,False,False
51229332,COc1ccc2[nH]cc(C3CC(=O)N(CCCCN4CCC(CC4)c4c[nH]c5ccccc45)C3=O)c2c1,25.0,Ki (nM),COc1ccc2[nH]cc(C3CC(=O)N(CCCCN4CCC(c5c[nH]c6ccccc56)CC4)C3=O)c2c1,False,False,False
50387097,COc1ccccc1N1CCN(CCc2cccc(OCCCOc3cccc(CCN4CCN(CC4)c4ccccc4OC)c3)c2)CC1,25.0,Ki (nM),COc1ccccc1N1CCN(CCc2cccc(OCCCOc3cccc(CCN4CCN(c5ccccc5OC)CC4)c3)c2)CC1,False,False,False
51158037,CN1CCc2cccc-3c2[C@H]1Cc1cccc(-c2c(C)cccc2O)c-31,25.0,Ki (nM),Cc1cccc(O)c1-c1cccc2c1-c1cccc3c1[C@@H](C2)N(C)CC3,False,False,False
50963752,C1CN(CCN1)c1cccc(c1)-c1ccccc1,25.0,Ki (nM),c1ccc(-c2cccc(N3CCNCC3)c2)cc1,False,False,False
51442098,CCN(CC)CCc1ccc(Cl)c(c1)-c1ccccc1OC,25.0,Ki (nM),CCN(CC)CCc1ccc(Cl)c(-c2ccccc2OC)c1,False,False,False
50102296,Cc1c(sc2ccc(F)cc12)S(=O)(=O)NCCCN1CCN(CC1)c1nsc2ccccc12,25.0,Ki (nM),Cc1c(S(=O)(=O)NCCCN2CCN(c3nsc4ccccc34)CC2)sc2ccc(F)cc12,False,False,False
153895,Cc1ccc(cc1)N(CC1=NCCN1)c1cccc(O)c1 |t:10|,25.0,Ki (nM),Cc1ccc(N(CC2=NCCN2)c2cccc(O)c2)cc1,False,False,False
50524907,Clc1ccc2sc(CCCCN3CCc4ccccc4C3)nc2c1,25.0,Ki (nM),Clc1ccc2sc(CCCCN3CCc4ccccc4C3)nc2c1,False,False,False
50082455,CN1CCN(CC1)C1=Nc2cc(Cl)ccc2Nc2ccccc12,25.0,Ki (nM),CN1CCN(C2=Nc3cc(Cl)ccc3Nc3ccccc32)CC1,False,False,False
51298814,Fc1ccc(OCCN2CCC(CC2)c2c[nH]c3ccc(F)cc23)c(c1)-c1ccccc1,25.0,Ki (nM),Fc1ccc(OCCN2CCC(c3c[nH]c4ccc(F)cc34)CC2)c(-c2ccccc2)c1,False,False,False
50719348,Clc1cccc(c1)N1CCN(CCCCNS(=O)(=O)c2cccc3cccnc23)CC1,25.0,Ki (nM),O=S(=O)(NCCCCN1CCN(c2cccc(Cl)c2)CC1)c1cccc2cccnc12,False,False,False
51364349,Fc1ccc2cc(sc2c1)S(=O)(=O)N[C@@H]1CCN(CCCc2noc3ccccc23)C1,25.0,Ki (nM),O=S(=O)(N[C@@H]1CCN(CCCc2noc3ccccc23)C1)c1cc2ccc(F)cc2s1,False,False,False
51442082,CCN(CC)CCc1ccc(Cl)c(c1)-c1ccccc1OC,25.0,Ki (nM),CCN(CC)CCc1ccc(Cl)c(-c2ccccc2OC)c1,False,False,False
792126,Clc1ccc(OCc2cc3ccccc3o2)c(OC2CNC2)c1,25.0,Ki (nM),Clc1ccc(OCc2cc3ccccc3o2)c(OC2CNC2)c1,False,False,False
51481380,COc1ccc(C2NCCc3c2[nH]c2ccc(F)cc32)c(O)c1,25.0,Ki (nM),COc1ccc(C2NCCc3c2[nH]c2ccc(F)cc32)c(O)c1,False,False,False
51397927,COc1ccc(cc1)-c1ccccc1N1CCN(CCC(C)(C)CCOc2cnccn2)CC1,25.0,Ki (nM),COc1ccc(-c2ccccc2N2CCN(CCC(C)(C)CCOc3cnccn3)CC2)cc1,False,False,False
51418990,Cc1ccc(cc1)-c1n[nH]cc1N1CCNCC1,25.0,Ki (nM),Cc1ccc(-c2n[nH]cc2N2CCNCC2)cc1,False,False,False
162657,NCCc1c[nH]c2ccc(O)cc12,25.11,Ki (nM),NCCc1c[nH]c2ccc(O)cc12,False,False,False
162701,CN(C)S(=O)(=O)N[C@H]1C[C@H]2[C@@H](Cc3cn(C)c4cccc2c34)N(C)C1,25.11,Ki (nM),CN1C[C@@H](NS(=O)(=O)N(C)C)C[C@@H]2c3cccc4c3c(cn4C)C[C@H]21,False,False,False
178486,[#6]-c1nc2sccn2c(=O)c1-[#6]-[#6]-[#7]-1-[#6]-[#6]\[#6](-[#6]-[#6]-1)=[#6](\c1ccc(F)cc1)-c1ccc(F)cc1,25.12,Ki (nM),[C]c1nc2sccn2c(=O)c1[C][C]N1[C][C]C(=C(c2ccc(F)cc2)c2ccc(F)cc2)[C][C]1,False,False,False
178488,CNS(=O)(=O)Cc1ccc2[nH]cc(CCN(C)C)c2c1,25.12,Ki (nM),CNS(=O)(=O)Cc1ccc2[nH]cc(CCN(C)C)c2c1,False,False,False
174201,CC[C@@H](CO)NC(=O)[C@H]1CN([C@@H]2Cc3cn(c4c3c(ccc4)C2=C1)C)C,25.12,Ki (nM),CC[C@@H](CO)NC(=O)[C@@H]1C=C2c3cccc4c3c(cn4C)C[C@H]2N(C)C1,False,False,False
180767,OCCN1CCN(CCCN2c3ccccc3Sc3ccc(Cl)cc23)CC1,25.12,Ki (nM),OCCN1CCN(CCCN2c3ccccc3Sc3ccc(Cl)cc32)CC1,False,False,False
38657,CNc1ccccc1N1CCN(CCCCCC(=O)NC2CCCc3ccccc23)CC1,25.4,Ki (nM),CNc1ccccc1N1CCN(CCCCCC(=O)NC2CCCc3ccccc32)CC1,False,False,False
50866736,CCC1(CCCCN2CCN(CC2)c2ccc(OC)cc2)C(=O)Nc2ccccc12,25.4,Ki (nM),CCC1(CCCCN2CCN(c3ccc(OC)cc3)CC2)C(=O)Nc2ccccc21,False,False,False
282674,FC(F)(F)c1ccccc1-c1cccc(OC2CNC2)c1,25.5,Ki (nM),FC(F)(F)c1ccccc1-c1cccc(OC2CNC2)c1,False,False,False
223577,FC(F)(F)c1ccccc1-c1cccc(OC2CNC2)c1,25.5,Ki (nM),FC(F)(F)c1ccccc1-c1cccc(OC2CNC2)c1,False,False,False
50154834,CCO[C@]1(CC)c2cccc3C[C@H]4N(C)CCc5ccc1c(-c23)c45,25.7,Ki (nM),CCO[C@]1(CC)c2cccc3c2-c2c1ccc1c2[C@@H](C3)N(C)CC1,False,False,False
51205643,COc1ccc(CNC(=O)CCCCCN2CCN(CC2)c2ncccc2-c2ccncc2)cc1,26.0,Ki (nM),COc1ccc(CNC(=O)CCCCCN2CCN(c3ncccc3-c3ccncc3)CC2)cc1,False,False,False
51397912,COc1ccc(cc1)-c1ccccc1N1CCN(C[C@@H](O)COc2ccc(cc2)-c2cn3ccccc3n2)CC1,26.0,Ki (nM),COc1ccc(-c2ccccc2N2CCN(C[C@@H](O)COc3ccc(-c4cn5ccccc5n4)cc3)CC2)cc1,False,False,False
51042112,Clc1cccc(N2CCN(CCCCOc3ccc4CCC(=O)Nc4c3)CC2)c1Cl,26.0,Ki (nM),O=C1CCc2ccc(OCCCCN3CCN(c4cccc(Cl)c4Cl)CC3)cc2N1,False,False,False
50290549,COc1ccccc1N1CCN(CCCCC(=O)NCc2ccccc2-c2ccc(Cl)cc2)CC1,26.0,Ki (nM),COc1ccccc1N1CCN(CCCCC(=O)NCc2ccccc2-c2ccc(Cl)cc2)CC1,False,False,False
50290802,O=c1oc2ccccc2n1CCCCN1CCN(CC1)c1ccccc1,26.0,Ki (nM),O=c1oc2ccccc2n1CCCCN1CCN(c2ccccc2)CC1,False,False,False
50462414,Nc1ccc(cc1)S(=O)(=O)NC1CCN(CCOc2ccccc2-c2ccccc2)CC1,26.0,Ki (nM),Nc1ccc(S(=O)(=O)NC2CCN(CCOc3ccccc3-c3ccccc3)CC2)cc1,False,False,False
50586771,CC1CCN(CC[C@H]2CCCN2S(=O)(=O)c2ccc3[nH]nnc3c2)CC1,26.0,Ki (nM),CC1CCN(CC[C@H]2CCCN2S(=O)(=O)c2ccc3[nH]nnc3c2)CC1,False,False,False
50376786,COc1cccc(CC2NCCc3c2[nH]c2ccccc32)c1,26.0,Ki (nM),COc1cccc(CC2NCCc3c2[nH]c2ccccc32)c1,False,False,False
51315548,O=C(CCN1CCN(CC1)c1ccccc1)N1CCN(CC1)c1ccccc1,26.0,Ki (nM),O=C(CCN1CCN(c2ccccc2)CC1)N1CCN(c2ccccc2)CC1,False,False,False
51337112,CN(C)C1CCc2c(C1)cccc2-c1cccc(Cl)c1,26.0,Ki (nM),CN(C)C1CCc2c(cccc2-c2cccc(Cl)c2)C1,False,False,False
50590868,Cc1c(NC2=NCCN2)cccc1-c1cccc(Cl)c1,26.0,Ki (nM),Cc1c(NC2=NCCN2)cccc1-c1cccc(Cl)c1,False,False,False
53792,COc1ccccc1N1CCN(CCCCn2c3ccccc3[nH]c2=O)CC1,26.0,Ki (nM),COc1ccccc1N1CCN(CCCCn2c(=O)[nH]c3ccccc32)CC1,False,False,False
792104,FC(F)(F)c1cccc(COc2ccc(Cl)cc2OC2CNC2)n1,26.0,Ki (nM),FC(F)(F)c1cccc(COc2ccc(Cl)cc2OC2CNC2)n1,False,False,False
50520292,COc1ccc(cc1)-c1cc(F)ccc1N1CCN(CCCCCC(=O)NCc2ccc(cc2)C#N)CC1,26.0,Ki (nM),COc1ccc(-c2cc(F)ccc2N2CCN(CCCCCC(=O)NCc3ccc(C#N)cc3)CC2)cc1,False,False,False
51315560,O=C(CCN1CCN(CC1)c1ccccc1)N1CCN(CC1)c1ccccc1,26.0,Ki (nM),O=C(CCN1CCN(c2ccccc2)CC1)N1CCN(c2ccccc2)CC1,False,False,False
50290392,COc1ccccc1N1CCN(CCCCC(=O)NCc2ccccc2-c2ccccc2C)CC1,26.0,Ki (nM),COc1ccccc1N1CCN(CCCCC(=O)NCc2ccccc2-c2ccccc2C)CC1,False,False,False
51449145,Cc1cccc(c1)S(=O)(=O)CC1CCN(CCCc2noc3cc(F)ccc23)C1,26.0,Ki (nM),Cc1cccc(S(=O)(=O)CC2CCN(CCCc3noc4cc(F)ccc34)C2)c1,False,False,False
51161213,O=S(=O)(c1ccccc1)C1(CCCN2CCC(CC2)c2ccccc2)CCC1,26.0,Ki (nM),O=S(=O)(c1ccccc1)C1(CCCN2CCC(c3ccccc3)CC2)CCC1,False,False,False
51298812,Cc1ccc(Sc2ccccc2N2CCNCC2)c(C)c1,26.0,Ki (nM),Cc1ccc(Sc2ccccc2N2CCNCC2)c(C)c1,False,False,False
51108607,Cc1ccc(Sc2ccccc2N2CCNCC2)c(C)c1,26.0,Ki (nM),Cc1ccc(Sc2ccccc2N2CCNCC2)c(C)c1,False,False,False
51364343,Fc1ccc(cc1Cl)S(=O)(=O)N[C@H]1CCN(CCCc2noc3ccccc23)C1,26.0,Ki (nM),O=S(=O)(N[C@H]1CCN(CCCc2noc3ccccc23)C1)c1ccc(F)c(Cl)c1,False,False,False
50551614,CN(C)CCSc1cccc(n1)-c1ccoc1,26.0,Ki (nM),CN(C)CCSc1cccc(-c2ccoc2)n1,False,False,False
51119282,COc1ccccc1N1CCN(CCCOc2c(C)cccc2C)CC1,26.0,Ki (nM),COc1ccccc1N1CCN(CCCOc2c(C)cccc2C)CC1,False,False,False
51298033,Cc1ccc(Sc2ccccc2N2CCNCC2)c(C)c1,26.0,Ki (nM),Cc1ccc(Sc2ccccc2N2CCNCC2)c(C)c1,False,False,False
51133683,Cc1ccc(Sc2ccccc2N2CCNCC2)c(C)c1,26.0,Ki (nM),Cc1ccc(Sc2ccccc2N2CCNCC2)c(C)c1,False,False,False
1170758,CCN(CCN1CCC(CC1)c1noc2cc(Cl)ccc12)C(=O)[C@H](C)O,26.4,Ki (nM),CCN(CCN1CCC(c2noc3cc(Cl)ccc23)CC1)C(=O)[C@H](C)O,False,False,False
50224026,COc1ccccc1N1CCN(CCCCCC(=O)c2cccc(O)c2)CC1,26.8,Ki (nM),COc1ccccc1N1CCN(CCCCCC(=O)c2cccc(O)c2)CC1,False,False,False
174877,CC[C@@H](CO)NC(=O)[C@H]1CN([C@@H]2Cc3cn(c4c3c(ccc4)C2=C1)C)C,26.91,Ki (nM),CC[C@@H](CO)NC(=O)[C@@H]1C=C2c3cccc4c3c(cn4C)C[C@H]2N(C)C1,False,False,False
50503299,Fc1ccc(CCCCN2CCc3ccccc3C2)cc1,27.0,Ki (nM),Fc1ccc(CCCCN2CCc3ccccc3C2)cc1,False,False,False
50958859,O=S(=O)(NC1CCN(CCOc2cccc3CCCCc23)C1)c1cccs1,27.0,Ki (nM),O=S(=O)(NC1CCN(CCOc2cccc3c2CCCC3)C1)c1cccs1,False,False,False
792392,CC(C)N1CC(C1)Oc1cc(F)ccc1OCc1cccc(Cl)c1,27.0,Ki (nM),CC(C)N1CC(Oc2cc(F)ccc2OCc2cccc(Cl)c2)C1,False,False,False
50174009,CN1CCc2ccc3cnc4cccc5C[C@@H]1c2c3c45,27.0,Ki (nM),CN1CCc2ccc3cnc4cccc5c4c3c2[C@H]1C5,False,False,False
50662400,CN(C)CCCN1c2ccccc2Sc2ccc(Cl)cc12,27.0,Ki (nM),CN(C)CCCN1c2ccccc2Sc2ccc(Cl)cc21,False,False,False
792393,Fc1ccc(OCc2cccc(Cl)c2)c(OC2CN(C2)C2CCC2)c1,27.0,Ki (nM),Fc1ccc(OCc2cccc(Cl)c2)c(OC2CN(C3CCC3)C2)c1,False,False,False
792075,CN1CC[C@H](C1)Oc1cc(Cl)ccc1OCc1cccc(Cl)c1,27.0,Ki (nM),CN1CC[C@@H](Oc2cc(Cl)ccc2OCc2cccc(Cl)c2)C1,False,False,False
50139957,COc1ccccc1N1CCC(CNCC2COc3ccc(Cl)cc3O2)CC1,27.0,Ki (nM),COc1ccccc1N1CCC(CNCC2COc3ccc(Cl)cc3O2)CC1,False,False,False
51397913,COc1ccc(cc1)-c1ccccc1N1CCN(C[C@@H](O)COc2cc(Cl)c3oc(=O)cc(C)c3c2)CC1,27.0,Ki (nM),COc1ccc(-c2ccccc2N2CCN(C[C@@H](O)COc3cc(Cl)c4oc(=O)cc(C)c4c3)CC2)cc1,False,False,False
306829,COc1ccccc1N1CCN(CCCCC2NC(=NNC2=O)c2ccccc2)CC1 |c:19|,27.0,Ki (nM),COc1ccccc1N1CCN(CCCCC2NC(c3ccccc3)=NNC2=O)CC1,False,False,False
51042115,Clc1cccc(N2CCN(CCCCNS(=O)(=O)c3cccc4cccnc34)CC2)c1Cl,27.0,Ki (nM),O=S(=O)(NCCCCN1CCN(c2cccc(Cl)c2Cl)CC1)c1cccc2cccnc12,False,False,False
50256210,CN(C)CCSc1nc(cs1)-c1ccncc1,27.0,Ki (nM),CN(C)CCSc1nc(-c2ccncc2)cs1,False,False,False
50353454,Clc1cccc(c1)N1CCN(CCCCN2C(=O)NC3(CCc4ccccc34)C2=O)CC1,27.0,Ki (nM),O=C1NC2(CCc3ccccc32)C(=O)N1CCCCN1CCN(c2cccc(Cl)c2)CC1,False,False,False
792162,C[C@H](Oc1ccc(Cl)cc1OC1CN(C)C1)c1cccc(c1)C(F)(F)F,27.0,Ki (nM),C[C@H](Oc1ccc(Cl)cc1OC1CN(C)C1)c1cccc(C(F)(F)F)c1,False,False,False
51344449,CN1CCc2cccc3-c4cc(NS(C)(=O)=O)ccc4CC1c23,27.0,Ki (nM),CN1CCc2cccc3c2C1Cc1ccc(NS(C)(=O)=O)cc1-3,False,False,False
50462481,CC(C)Oc1ccccc1OCCN1CCC(CC1)NS(=O)(=O)c1ccc(F)cc1,27.0,Ki (nM),CC(C)Oc1ccccc1OCCN1CCC(NS(=O)(=O)c2ccc(F)cc2)CC1,False,False,False
51605889,Fc1ccc(C2CCN(CCCc3c[nH]c4ccc(F)cc34)CC2)c(c1)-c1ccccc1,27.0,Ki (nM),Fc1ccc(C2CCN(CCCc3c[nH]c4ccc(F)cc34)CC2)c(-c2ccccc2)c1,False,False,False
50520273,Fc1ccc(N2CCN(CCCCCC(=O)NCc3ccc(cc3)C#N)CC2)c(c1)-c1ccc(cc1)C#N,27.0,Ki (nM),N#Cc1ccc(CNC(=O)CCCCCN2CCN(c3ccc(F)cc3-c3ccc(C#N)cc3)CC2)cc1,False,False,False
50958815,COc1ccc(OC)c(c1)S(=O)(=O)NCC1CCN(CCOc2ccccc2C(C)C)CC1,27.0,Ki (nM),COc1ccc(OC)c(S(=O)(=O)NCC2CCN(CCOc3ccccc3C(C)C)CC2)c1,False,False,False
792443,Clc1cccc(COc2ccc(Br)cc2OCC2CNC2)c1,27.0,Ki (nM),Clc1cccc(COc2ccc(Br)cc2OCC2CNC2)c1,False,False,False
51207249,Oc1ccccc1N1CCN(Cc2cn(-c3ccccc3)c3ccccc23)CC1,27.0,Ki (nM),Oc1ccccc1N1CCN(Cc2cn(-c3ccccc3)c3ccccc23)CC1,False,False,False
51418989,Cc1ccc(cc1)-c1n[nH]cc1N1CCNCC1,27.0,Ki (nM),Cc1ccc(-c2n[nH]cc2N2CCNCC2)cc1,False,False,False
50154826,CN1CCc2ccc3c4-c5c(cccc5C[C@@H]1c24)[C@@]3(C)O,27.7,Ki (nM),CN1CCc2ccc3c4c2[C@H]1Cc1cccc(c1-4)[C@@]3(C)O,False,False,False
792269,Clc1ccc(OC2CCCc3ccccc23)c(OC2CNC2)c1,28.0,Ki (nM),Clc1ccc(OC2CCCc3ccccc32)c(OC2CNC2)c1,False,False,False
50286428,O=C1Cc2ccccc2N1CCCCCN1CCc2ccccc2C1,28.0,Ki (nM),O=C1Cc2ccccc2N1CCCCCN1CCc2ccccc2C1,False,False,False
172870,Fc1ccc(cc1)-n1cc(C2CCN(CCN3CCNC3=O)CC2)c2cc(Cl)ccc12,28.0,Ki (nM),O=C1NCCN1CCN1CCC(c2cn(-c3ccc(F)cc3)c3ccc(Cl)cc23)CC1,False,False,False
175524,Fc1ccc(cc1)-n1cc(C2CCN(CCN3CCNC3=O)CC2)c2cc(Cl)ccc12,28.0,Ki (nM),O=C1NCCN1CCN1CCC(c2cn(-c3ccc(F)cc3)c3ccc(Cl)cc23)CC1,False,False,False
175525,Fc1ccc(cc1)-n1cc(C2CCN(CCN3CCNC3=O)CC2)c2cc(Cl)ccc12,28.0,Ki (nM),O=C1NCCN1CCN1CCC(c2cn(-c3ccc(F)cc3)c3ccc(Cl)cc23)CC1,False,False,False
50344938,COc1cc-2c(C[C@@H]3N(C)CCc4cc(OC)c(OC)c-2c34)cc1OC(C)C,28.0,Ki (nM),COc1cc2c(cc1OC(C)C)C[C@H]1c3c(cc(OC)c(OC)c3-2)CCN1C,False,False,False
51228678,Clc1cccc(c1)N1CCN(CCCCc2nc3ccsc3c(=O)[nH]2)CC1,28.0,Ki (nM),O=c1[nH]c(CCCCN2CCN(c3cccc(Cl)c3)CC2)nc2ccsc12,False,False,False
51364355,Clc1cccc(c1)S(=O)(=O)N[C@H]1CCN(CCCc2noc3ccccc23)C1,28.0,Ki (nM),O=S(=O)(N[C@H]1CCN(CCCc2noc3ccccc23)C1)c1cccc(Cl)c1,False,False,False
51357441,CC(C)n1nc2CCNCCc2c1-c1ccccc1,28.0,Ki (nM),CC(C)n1nc2c(c1-c1ccccc1)CCNCC2,False,False,False
50591155,Cc1c(NC2=NCCN2)cccc1-c1cccc(F)c1,28.0,Ki (nM),Cc1c(NC2=NCCN2)cccc1-c1cccc(F)c1,False,False,False
161682,CN1CCN(CC1)C1=Nc2ccccc2Cc2ccccc12 |t:8|,28.0,Ki (nM),CN1CCN(C2=Nc3ccccc3Cc3ccccc32)CC1,False,False,False
50444784,CC(C)c1ccccc1OCCN1CCC(CC1)N(CC1CC1)S(=O)(=O)c1ccc(F)cc1,28.0,Ki (nM),CC(C)c1ccccc1OCCN1CCC(N(CC2CC2)S(=O)(=O)c2ccc(F)cc2)CC1,False,False,False
50958877,CC(C)c1ccccc1OCCN1CC[C@@H](C1)NS(=O)(=O)c1ccc(Cl)s1,28.0,Ki (nM),CC(C)c1ccccc1OCCN1CC[C@H](NS(=O)(=O)c2ccc(Cl)s2)C1,False,False,False
185367,Fc1ccc(cc1)-n1cc(C2CCN(CCN3CCNC3=O)CC2)c2cc(Cl)ccc12,28.0,Ki (nM),O=C1NCCN1CCN1CCC(c2cn(-c3ccc(F)cc3)c3ccc(Cl)cc23)CC1,False,False,False
50591157,COc1ccc(cc1)-c1cccc(NC2=NCCN2)c1C,28.0,Ki (nM),COc1ccc(-c2cccc(NC3=NCCN3)c2C)cc1,False,False,False
51337110,COc1cccc(c1)-c1cccc2CC(CCc12)N(C)C,28.0,Ki (nM),COc1cccc(-c2cccc3c2CCC(N(C)C)C3)c1,False,False,False
50081698,NC(=O)[C@@H]1Cc2ccccc2CN1C(=O)CCCCCCN1CCN(CC1)c1noc2ccccc12,28.0,Ki (nM),NC(=O)[C@@H]1Cc2ccccc2CN1C(=O)CCCCCCN1CCN(c2noc3ccccc23)CC1,False,False,False
50593468,O=C1N(CCN2CCC(CC2)n2c3ccccc3oc2=O)CCCc2ccccc12,28.0,Ki (nM),O=C1c2ccccc2CCCN1CCN1CCC(n2c(=O)oc3ccccc32)CC1,False,False,False
854035,COc1ccccc1N1CCN(CCCOc2ccc3CCN(C)C(=O)c3c2)CC1,28.1,Ki (nM),COc1ccccc1N1CCN(CCCOc2ccc3c(c2)C(=O)N(C)CC3)CC1,False,False,False
50289698,COc1cccc2C(CCCc12)NC(=O)CCCCN1CCN(CC1)c1ccccc1OC,28.2,Ki (nM),COc1ccccc1N1CCN(CCCCC(=O)NC2CCCc3c(OC)cccc32)CC1,False,False,False
50387090,COc1ccccc1N1CCN(CCc2cccc(OCCCCCCCCCCOc3cccc(CCN4CCN(CC4)c4ccccc4OC)c3)c2)CC1,28.3,Ki (nM),COc1ccccc1N1CCN(CCc2cccc(OCCCCCCCCCCOc3cccc(CCN4CCN(c5ccccc5OC)CC4)c3)c2)CC1,False,False,False
50223994,COc1ccccc1N1CCN(CCCCCC(=O)c2ccccc2)CC1,28.4,Ki (nM),COc1ccccc1N1CCN(CCCCCC(=O)c2ccccc2)CC1,False,False,False
50387101,COc1ccccc1N1CCN(CCc2cccc(OCCCCOc3cccc(CCN4CCN(CC4)c4ccccc4OC)c3)c2)CC1,28.5,Ki (nM),COc1ccccc1N1CCN(CCc2cccc(OCCCCOc3cccc(CCN4CCN(c5ccccc5OC)CC4)c3)c2)CC1,False,False,False
50958857,CC(C)c1ccccc1OCCN1CCC(C1)NS(=O)(=O)c1cccs1,29.0,Ki (nM),CC(C)c1ccccc1OCCN1CCC(NS(=O)(=O)c2cccs2)C1,False,False,False
51037321,Clc1ccc(cc1)N1CCN(CCN2CCC3(C2)C(=O)Nc2ccccc32)CC1,29.0,Ki (nM),O=C1Nc2ccccc2C12CCN(CCN1CCN(c3ccc(Cl)cc3)CC1)C2,False,False,False
50286424,O=C1Cc2ccccc2N1CCCCN1CC[C@H]2CCCC[C@@H]2C1,29.0,Ki (nM),O=C1Cc2ccccc2N1CCCCN1CC[C@H]2CCCC[C@@H]2C1,False,False,False
50268787,NC(N)=NC(=O)c1ccc-2c(c1)C(O)c1cccc(F)c-21,29.0,Ki (nM),NC(N)=NC(=O)c1ccc2c(c1)C(O)c1cccc(F)c1-2,False,False,False
50796232,Fc1ccc(cc1)N1CCN(CCC2CCN(CC2)S(=O)(=O)c2cccc3ncccc23)CC1,29.0,Ki (nM),O=S(=O)(c1cccc2ncccc12)N1CCC(CCN2CCN(c3ccc(F)cc3)CC2)CC1,False,False,False
50192684,NCCc1cccc2n(ccc12)S(=O)(=O)c1ccccc1,29.0,Ki (nM),NCCc1cccc2c1ccn2S(=O)(=O)c1ccccc1,False,False,False
51285631,Cn1cncc1-c1c[nH]c2ccc(Br)cc12,29.0,Ki (nM),Cn1cncc1-c1c[nH]c2ccc(Br)cc12,False,False,False
50703479,CCN(CCCN1CCN(CC1)c1ccccc1OC)S(=O)(=O)c1ccc2ncccc2c1,29.0,Ki (nM),CCN(CCCN1CCN(c2ccccc2OC)CC1)S(=O)(=O)c1ccc2ncccc2c1,False,False,False
792030,Clc1ccc(OCc2cccc(c2)C#N)c(OC2CNC2)c1,29.0,Ki (nM),N#Cc1cccc(COc2ccc(Cl)cc2OC2CNC2)c1,False,False,False
792222,CC(Oc1ccc(Cl)cc1OC1CCNCC1)c1cccc(Cl)c1,29.0,Ki (nM),CC(Oc1ccc(Cl)cc1OC1CCNCC1)c1cccc(Cl)c1,False,False,False
50102283,FC(F)(F)Oc1ccc(cc1)S(=O)(=O)NCCCN1CCN(CC1)c1nsc2ccccc12,29.0,Ki (nM),O=S(=O)(NCCCN1CCN(c2nsc3ccccc23)CC1)c1ccc(OC(F)(F)F)cc1,False,False,False
51418951,Cc1ccc(cc1)-c1n[nH]cc1N1CCCNCC1,29.0,Ki (nM),Cc1ccc(-c2n[nH]cc2N2CCCNCC2)cc1,False,False,False
51418952,Cc1ccc(cc1)-c1n[nH]cc1N1CCCNCC1,29.0,Ki (nM),Cc1ccc(-c2n[nH]cc2N2CCCNCC2)cc1,False,False,False
50817661,Clc1ccc2[nH]cc(C3=CCN(CCNS(=O)(=O)c4cccc5ccccc45)CC3)c2c1,29.0,Ki (nM),O=S(=O)(NCCN1CC=C(c2c[nH]c3ccc(Cl)cc23)CC1)c1cccc2ccccc12,False,False,False
854027,CN1CCc2ccc(OCCCN3CCN(CC3)c3ccccc3F)cc2C1=O,29.9,Ki (nM),CN1CCc2ccc(OCCCN3CCN(c4ccccc4F)CC3)cc2C1=O,False,False,False
51071628,Clc1ccc(cc1)-c1n[nH]c2CCNCCc12,30.0,Ki (nM),Clc1ccc(-c2n[nH]c3c2CCNCC3)cc1,False,False,False
51042119,Clc1cccc(N2CCN(CCCCNS(=O)(=O)c3cnc4ccccc4c3)CC2)c1Cl,30.0,Ki (nM),O=S(=O)(NCCCCN1CCN(c2cccc(Cl)c2Cl)CC1)c1cnc2ccccc2c1,False,False,False
51060421,CCn1cncc1-c1c[nH]c2ccc(OC)cc12,30.0,Ki (nM),CCn1cncc1-c1c[nH]c2ccc(OC)cc12,False,False,False
51357440,CC(C)(C)n1nc2CCNCCc2c1-c1ccccc1,30.0,Ki (nM),CC(C)(C)n1nc2c(c1-c1ccccc1)CCNCC2,False,False,False
50468051,COc1ccccc1N1CCN(CCCCC(=O)n2c3ccccc3c3ccccc23)CC1,30.0,Ki (nM),COc1ccccc1N1CCN(CCCCC(=O)n2c3ccccc3c3ccccc32)CC1,False,False,False
50333394,Cn1c2nc3n(CCCCN4CCN(CC4)c4ccccc4O)c(cn3c2c(=O)n(C)c1=O)-c1ccccc1,30.0,Ki (nM),Cn1c(=O)c2c(nc3n(CCCCN4CCN(c5ccccc5O)CC4)c(-c4ccccc4)cn23)n(C)c1=O,False,False,False
51364368,Cc1c(sc2ccc(F)cc12)S(=O)(=O)N[C@@H]1CCN(CCCc2noc3ccccc23)C1,30.0,Ki (nM),Cc1c(S(=O)(=O)N[C@@H]2CCN(CCCc3noc4ccccc34)C2)sc2ccc(F)cc12,False,False,False
51315503,O=C(CCN1CCN(Cc2ccccc2)CC1)N1CCN(CC1)c1ccccn1,30.0,Ki (nM),O=C(CCN1CCN(Cc2ccccc2)CC1)N1CCN(c2ccccn2)CC1,False,False,False
50346976,COc1ccccc1N1CCN(CCCCNS(=O)(=O)c2ccc(C)cc2)CC1,30.0,Ki (nM),COc1ccccc1N1CCN(CCCCNS(=O)(=O)c2ccc(C)cc2)CC1,False,False,False
51315501,O=C(CCN1CCN(Cc2ccccc2)CC1)N1CCN(CC1)c1ccccn1,30.0,Ki (nM),O=C(CCN1CCN(Cc2ccccc2)CC1)N1CCN(c2ccccn2)CC1,False,False,False
51442101,COc1ccccc1-c1cc(ccc1Cl)C1CCN(C)C1,30.0,Ki (nM),COc1ccccc1-c1cc(C2CCN(C)C2)ccc1Cl,False,False,False
163307,CCN(CC)C(=O)[C@H]1CN([C@@H]2Cc3c4c(cccc4[nH]c3Br)C2=C1)C,30.0,Ki (nM),CCN(CC)C(=O)[C@@H]1C=C2c3cccc4[nH]c(Br)c(c34)C[C@H]2N(C)C1,False,False,False
51348453,O=S(=O)(NCCCCCCN1CCN(CC1)c1nsc2ccccc12)c1cccc2ccccc12,30.0,Ki (nM),O=S(=O)(NCCCCCCN1CCN(c2nsc3ccccc23)CC1)c1cccc2ccccc12,False,False,False
50310677,CC(C)c1ccccc1N1CCN(CCCCC(=O)N2Cc3ccccc3C[C@H]2C(N)=O)CC1,30.0,Ki (nM),CC(C)c1ccccc1N1CCN(CCCCC(=O)N2Cc3ccccc3C[C@H]2C(N)=O)CC1,False,False,False
50096599,CN(CCCCN1CCN(CC1)c1ccccc1)c1cccc(O)c1,30.0,Ki (nM),CN(CCCCN1CCN(c2ccccc2)CC1)c1cccc(O)c1,False,False,False
50468079,COc1ccccc1N1CCN(CCCCC(=O)n2c3ccccc3c3ccccc23)CC1,30.0,Ki (nM),COc1ccccc1N1CCN(CCCCC(=O)n2c3ccccc3c3ccccc32)CC1,False,False,False
51155811,COc1ccc2[nH]c3CN(CCCCC45CCCc6cccc(NC4=O)c56)CCc3c2c1,30.0,Ki (nM),COc1ccc2[nH]c3c(c2c1)CCN(CCCCC12CCCc4cccc(c41)NC2=O)C3,False,False,False
50289743,COc1ccc2C(CCCc2c1)NC(=O)CCCCCN1CCN(CC1)c1ccccc1OC,30.0,Ki (nM),COc1ccc2c(c1)CCCC2NC(=O)CCCCCN1CCN(c2ccccc2OC)CC1,False,False,False
50310667,O=C(CCCCCCN1CCN(CC1)c1ccccc1-c1ccccc1)N1CCC[C@H]1C(=O)N1CCOCC1,30.0,Ki (nM),O=C([C@@H]1CCCN1C(=O)CCCCCCN1CCN(c2ccccc2-c2ccccc2)CC1)N1CCOCC1,False,False,False
51442085,COc1ccccc1-c1cc(ccc1Cl)C1CCN(C)C1,30.0,Ki (nM),COc1ccccc1-c1cc(C2CCN(C)C2)ccc1Cl,False,False,False
50812977,CCN(CC)C(=O)[C@H]1CN(C)[C@@H]2Cc3c(Br)[nH]c4cccc(C2=C1)c34,30.0,Ki (nM),CCN(CC)C(=O)[C@@H]1C=C2c3cccc4[nH]c(Br)c(c34)C[C@H]2N(C)C1,False,False,False
50302277,Cc1sc2nc(CCCCCN3CCN(CC3)c3ccccc3)[nH]c(=O)c2c1C,30.0,Ki (nM),Cc1sc2nc(CCCCCN3CCN(c4ccccc4)CC3)[nH]c(=O)c2c1C,False,False,False
51285621,CCn1cncc1-c1c[nH]c2ccc(OC)cc12,30.0,Ki (nM),CCn1cncc1-c1c[nH]c2ccc(OC)cc12,False,False,False
50812924,COc1ccc2[nH]cc(CCN(C)C)c2c1,30.0,Ki (nM),COc1ccc2[nH]cc(CCN(C)C)c2c1,False,False,False
836723,Clc1ccc(cc1)-c1n[nH]c2CCNCCc12,30.0,Ki (nM),Clc1ccc(-c2n[nH]c3c2CCNCC3)cc1,False,False,False
162696,CCN(CC)C(=O)[C@H]1CN([C@@H]2Cc3c4c(cccc4[nH]c3Br)C2=C1)C,30.19,Ki (nM),CCN(CC)C(=O)[C@@H]1C=C2c3cccc4[nH]c(Br)c(c34)C[C@H]2N(C)C1,False,False,False
1467045,C[C@@H]1C[C@@H](C)N1C(=O)C1C=C2c3cccc4[nH]cc(c34)C[C@H]2N(C)C1,30.9,Ki (nM),C[C@@H]1C[C@@H](C)N1C(=O)C1C=C2c3cccc4[nH]cc(c34)C[C@H]2N(C)C1,False,False,False
160271,CCN(CC)C(=O)[C@H]1CN([C@@H]2Cc3c[nH]c4c3c(ccc4)C2=C1)C,30.9,Ki (nM),CCN(CC)C(=O)[C@@H]1C=C2c3cccc4[nH]cc(c34)C[C@H]2N(C)C1,False,False,False
50290397,COc1ccccc1N1CCN(CCCCC(=O)NCc2ccccc2-c2ccccc2OC)CC1,31.0,Ki (nM),COc1ccccc1-c1ccccc1CNC(=O)CCCCN1CCN(c2ccccc2OC)CC1,False,False,False
51042121,Clc1cccc(N2CCN(CCCNS(=O)(=O)c3ccc4ncccc4c3)CC2)c1Cl,31.0,Ki (nM),O=S(=O)(NCCCN1CCN(c2cccc(Cl)c2Cl)CC1)c1ccc2ncccc2c1,False,False,False
51348454,O=S(=O)(NCCCCCCN1CCN(CC1)c1nsc2ccccc12)c1ccc2ccccc2c1,31.0,Ki (nM),O=S(=O)(NCCCCCCN1CCN(c2nsc3ccccc23)CC1)c1ccc2ccccc2c1,False,False,False
50090997,C[C@@H](Oc1ccc(cc1OC1CNC1)C(F)(F)F)c1cccc(c1)C(F)(F)F,31.0,Ki (nM),C[C@@H](Oc1ccc(C(F)(F)F)cc1OC1CNC1)c1cccc(C(F)(F)F)c1,False,False,False
50807341,C[C@@H]1C[C@@H](C)N1C(=O)[C@H]1CN(C)C2Cc3c[nH]c4cccc(C2=C1)c34,31.0,Ki (nM),C[C@@H]1C[C@@H](C)N1C(=O)[C@@H]1C=C2c3cccc4[nH]cc(c34)CC2N(C)C1,False,False,False
50211380,CN1CCCN(CCn2ccc3ccc(Br)cc23)CC1,31.0,Ki (nM),CN1CCCN(CCn2ccc3ccc(Br)cc32)CC1,False,False,False
50433130,COc1ccccc1N1CCN(CCCCCC(=O)N2CCc3ccccc3C2)CC1,31.0,Ki (nM),COc1ccccc1N1CCN(CCCCCC(=O)N2CCc3ccccc3C2)CC1,False,False,False
792384,FC(F)(F)c1ccc(OCc2ccccc2)c(OC2CNC2)c1,31.0,Ki (nM),FC(F)(F)c1ccc(OCc2ccccc2)c(OC2CNC2)c1,False,False,False
51126945,O=S(=O)(N1CC[C@@H]1CCN1CCN(CC1)c1cccc2sccc12)c1cncc2ccccc12,31.0,Ki (nM),O=S(=O)(c1cncc2ccccc12)N1CC[C@@H]1CCN1CCN(c2cccc3sccc23)CC1,False,False,False
51042116,Clc1cccc(N2CCN(CCCCNS(=O)(=O)c3ccc4cccnc4c3)CC2)c1Cl,31.0,Ki (nM),O=S(=O)(NCCCCN1CCN(c2cccc(Cl)c2Cl)CC1)c1ccc2cccnc2c1,False,False,False
50082451,CC1(C)N(CCCCCN2CCN(CC2)c2cccc(Cl)c2Cl)C(=O)N(Cc2ccc(Cl)cc2Cl)C1=O,31.0,Ki (nM),CC1(C)C(=O)N(Cc2ccc(Cl)cc2Cl)C(=O)N1CCCCCN1CCN(c2cccc(Cl)c2Cl)CC1,False,False,False
792379,C[C@@H](Oc1ccc(cc1OC1CNC1)C(F)(F)F)c1cccc(c1)C(F)(F)F,31.0,Ki (nM),C[C@@H](Oc1ccc(C(F)(F)F)cc1OC1CNC1)c1cccc(C(F)(F)F)c1,False,False,False
792475,Clc1ccc(Oc2nc3ccccc3o2)c(OC2CNC2)c1,31.0,Ki (nM),Clc1ccc(Oc2nc3ccccc3o2)c(OC2CNC2)c1,False,False,False
51344439,COc1cc2CCN(C)C3Cc4ccc(NS(C)(=O)=O)cc4-c(c1OCC#C)c23,31.0,Ki (nM),C#CCOc1c(OC)cc2c3c1-c1cc(NS(C)(=O)=O)ccc1CC3N(C)CC2,False,False,False
53819,FC(F)(F)c1cccc(c1)N1CCN(CCCCN2C(=O)C3CC=CCC3C2=O)CC1 |c:24|,31.0,Ki (nM),O=C1C2CC=CCC2C(=O)N1CCCCN1CCN(c2cccc(C(F)(F)F)c2)CC1,False,False,False
50289754,COc1ccccc1N1CCN(CCCCCC(=O)NC2CCCc3cccc(OC)c23)CC1,31.4,Ki (nM),COc1ccccc1N1CCN(CCCCCC(=O)NC2CCCc3cccc(OC)c32)CC1,False,False,False
50177132,C[C@H](CCN1CCC(C)CC1)N(C)S(=O)(=O)c1cccc(C)c1,31.6,Ki (nM),Cc1cccc(S(=O)(=O)N(C)[C@H](C)CCN2CCC(C)CC2)c1,False,False,False
162706,CN1C[C@H](CNC(=O)OCc2ccccc2)C[C@H]2[C@H]1Cc1cn(C)c3cccc2c13,31.62,Ki (nM),CN1C[C@H](CNC(=O)OCc2ccccc2)C[C@@H]2c3cccc4c3c(cn4C)C[C@H]21,False,False,False
162673,CC(C)(C)[C@]1(O)CCN2C[C@H]3c4ccccc4CCc4cccc([C@@H]2C1)c34,31.62,Ki (nM),CC(C)(C)[C@]1(O)CCN2C[C@H]3c4ccccc4CCc4cccc(c43)[C@@H]2C1,False,False,False
174196,CN1C[C@H](CNC(=O)OCc2ccccc2)C[C@H]2[C@H]1Cc1cn(C)c3cccc2c13,31.62,Ki (nM),CN1C[C@H](CNC(=O)OCc2ccccc2)C[C@@H]2c3cccc4c3c(cn4C)C[C@H]21,False,False,False
175914,C[C@H](CCN1CCC(C)CC1)N(C)S(=O)(=O)c1cccc(C)c1,31.62,Ki (nM),Cc1cccc(S(=O)(=O)N(C)[C@H](C)CCN2CCC(C)CC2)c1,False,False,False
178043,C[C@H](CCN1CCC(C)CC1)N(C)S(=O)(=O)c1cccc(C)c1,31.62,Ki (nM),Cc1cccc(S(=O)(=O)N(C)[C@H](C)CCN2CCC(C)CC2)c1,False,False,False
174200,CC[C@@H](CO)NC(=O)[C@H]1CN([C@@H]2Cc3cn(c4c3c(ccc4)C2=C1)C)C,31.62,Ki (nM),CC[C@@H](CO)NC(=O)[C@@H]1C=C2c3cccc4c3c(cn4C)C[C@H]2N(C)C1,False,False,False
174140,CCCN(CCC)C1CCc2cccc(O)c2C1,31.62,Ki (nM),CCCN(CCC)C1CCc2cccc(O)c2C1,False,False,False
178039,CN(C)S(=O)(=O)N[C@H]1C[C@H]2[C@@H](Cc3cn(C)c4cccc2c34)N(C)C1,31.63,Ki (nM),CN1C[C@@H](NS(=O)(=O)N(C)C)C[C@@H]2c3cccc4c3c(cn4C)C[C@H]21,False,False,False
51418960,Fc1ccc(cc1)-c1n[nH]cc1N1CCCNCC1,32.0,Ki (nM),Fc1ccc(-c2n[nH]cc2N2CCCNCC2)cc1,False,False,False
51249164,C[C@H](CCN1CCC(C)CC1)N(C)S(=O)(=O)c1cccc(C)c1,32.0,Ki (nM),Cc1cccc(S(=O)(=O)N(C)[C@H](C)CCN2CCC(C)CC2)c1,False,False,False
50211388,C[C@H](CCN1CCC(C)CC1)N(C)S(=O)(=O)c1cccc(C)c1,32.0,Ki (nM),Cc1cccc(S(=O)(=O)N(C)[C@H](C)CCN2CCC(C)CC2)c1,False,False,False
50984845,C[C@H](CCN1CCC(C)CC1)N(C)S(=O)(=O)c1cccc2ccccc12,32.0,Ki (nM),CC1CCN(CC[C@@H](C)N(C)S(=O)(=O)c2cccc3ccccc23)CC1,False,False,False
51158090,C[C@H](CCN1CCC(C)CC1)N(C)S(=O)(=O)c1cccc(C)c1,32.0,Ki (nM),Cc1cccc(S(=O)(=O)N(C)[C@H](C)CCN2CCC(C)CC2)c1,False,False,False
50590852,Cc1c(NC2=NCCN2)cccc1-c1ccsc1,32.0,Ki (nM),Cc1c(NC2=NCCN2)cccc1-c1ccsc1,False,False,False
51105859,CC(C)c1ccccc1OCCCN1CCC(CC1)NS(=O)(=O)c1ccc(F)cc1,32.0,Ki (nM),CC(C)c1ccccc1OCCCN1CCC(NS(=O)(=O)c2ccc(F)cc2)CC1,False,False,False
50812943,CC(CCN1CCCC(C)C1)N(C)S(=O)(=O)c1cccc2ccccc12,32.0,Ki (nM),CC1CCCN(CCC(C)N(C)S(=O)(=O)c2cccc3ccccc23)C1,False,False,False
51364358,Fc1ccc(cc1)S(=O)(=O)N[C@H]1CCN(CCCc2noc3ccccc23)C1,32.0,Ki (nM),O=S(=O)(N[C@H]1CCN(CCCc2noc3ccccc23)C1)c1ccc(F)cc1,False,False,False
51068929,Clc1ccc(cc1)-c1n[nH]c2CCNCCc12,32.0,Ki (nM),Clc1ccc(-c2n[nH]c3c2CCNCC3)cc1,False,False,False
51105856,CC(COc1ccccc1-c1ccccc1)N1CCC(CC1)NS(=O)(=O)c1cccc(Cl)c1,32.0,Ki (nM),CC(COc1ccccc1-c1ccccc1)N1CCC(NS(=O)(=O)c2cccc(Cl)c2)CC1,False,False,False
50456079,COc1ccccc1N1CCN(CCCCN2C(=O)Cc3ccccc23)CC1,32.0,Ki (nM),COc1ccccc1N1CCN(CCCCN2C(=O)Cc3ccccc32)CC1,False,False,False
51158108,C[C@H](CCN1CCC(C)CC1)C(C)S(=O)(=O)c1ccc(Cl)c(Cl)c1,32.0,Ki (nM),CC1CCN(CC[C@@H](C)C(C)S(=O)(=O)c2ccc(Cl)c(Cl)c2)CC1,False,False,False
51158046,C[C@H](CCN1CCC(C)CC1)C(C)S(=O)(=O)c1cccc2ccccc12,32.0,Ki (nM),CC1CCN(CC[C@@H](C)C(C)S(=O)(=O)c2cccc3ccccc23)CC1,False,False,False
50076009,C[C@H](CCN1CCC(C)CC1)N(C)S(=O)(=O)c1cccc(C)c1,32.0,Ki (nM),Cc1cccc(S(=O)(=O)N(C)[C@H](C)CCN2CCC(C)CC2)c1,False,False,False
51158043,CC1CCN(CC[C@H]2CCCN2S(=O)(=O)c2cccc(O)c2)CC1,32.0,Ki (nM),CC1CCN(CC[C@H]2CCCN2S(=O)(=O)c2cccc(O)c2)CC1,False,False,False
50812894,C[C@H](CCN1CCC(C)CC1)N(C)S(=O)(=O)c1cccc(C)c1,32.0,Ki (nM),Cc1cccc(S(=O)(=O)N(C)[C@H](C)CCN2CCC(C)CC2)c1,False,False,False
50520281,Fc1ccc(cc1)-c1cccnc1N1CCN(CCOCCC(=O)NCc2ccc(cc2)C(F)(F)F)CC1,32.0,Ki (nM),O=C(CCOCCN1CCN(c2ncccc2-c2ccc(F)cc2)CC1)NCc1ccc(C(F)(F)F)cc1,False,False,False
51418959,Fc1ccc(cc1)-c1n[nH]cc1N1CCCNCC1,32.0,Ki (nM),Fc1ccc(-c2n[nH]cc2N2CCCNCC2)cc1,False,False,False
51249198,CCN(CC)C(=O)[C@H]1CN(C)[C@@H]2Cc3c(Br)[nH]c4cccc(C2=C1)c34,32.0,Ki (nM),CCN(CC)C(=O)[C@@H]1C=C2c3cccc4[nH]c(Br)c(c34)C[C@H]2N(C)C1,False,False,False
50290394,COc1ccccc1N1CCN(CCCCC(=O)NCc2ccccc2-c2c(OC)cccc2OC)CC1,32.0,Ki (nM),COc1ccccc1N1CCN(CCCCC(=O)NCc2ccccc2-c2c(OC)cccc2OC)CC1,False,False,False
51060515,C[C@H](CCN1CCC(C)CC1)N(C)S(=O)(=O)c1cccc(C)c1,32.0,Ki (nM),Cc1cccc(S(=O)(=O)N(C)[C@H](C)CCN2CCC(C)CC2)c1,False,False,False
51126944,O=S(=O)(N1CCCC[C@@H]1CCN1CCN(CC1)c1cccc2sccc12)c1cncc2ccccc12,32.0,Ki (nM),O=S(=O)(c1cncc2ccccc12)N1CCCC[C@@H]1CCN1CCN(c2cccc3sccc23)CC1,False,False,False
50984869,C[C@H](CCN1CCC(C)CC1)N(C)S(=O)(=O)c1ccc(Cl)c(Cl)c1,32.0,Ki (nM),CC1CCN(CC[C@@H](C)N(C)S(=O)(=O)c2ccc(Cl)c(Cl)c2)CC1,False,False,False
50204557,CC(CCN1CCCC(C)C1)N(C)S(=O)(=O)c1cccc2ccccc12,32.0,Ki (nM),CC1CCCN(CCC(C)N(C)S(=O)(=O)c2cccc3ccccc23)C1,False,False,False
50817650,Fc1ccc2[nH]cc(C3=CCN(CCCNS(=O)(=O)c4ccc5ccccc5c4)CC3)c2c1,32.0,Ki (nM),O=S(=O)(NCCCN1CC=C(c2c[nH]c3ccc(F)cc23)CC1)c1ccc2ccccc2c1,False,False,False
50984882,C[C@H](CCN1CCC(C)CC1)N(C)S(=O)(=O)c1cccc(C)c1,32.0,Ki (nM),Cc1cccc(S(=O)(=O)N(C)[C@H](C)CCN2CCC(C)CC2)c1,False,False,False
51163699,CN(C)CCCN1c2ccccc2Sc2ccc(Cl)cc12,32.0,Ki (nM),CN(C)CCCN1c2ccccc2Sc2ccc(Cl)cc21,False,False,False
162731,[#6]-c1nc2sccn2c(=O)c1-[#6]-[#6]-[#7]-1-[#6]-[#6]\[#6](-[#6]-[#6]-1)=[#6](\c1ccc(F)cc1)-c1ccc(F)cc1,32.35,Ki (nM),[C]c1nc2sccn2c(=O)c1[C][C]N1[C][C]C(=C(c2ccc(F)cc2)c2ccc(F)cc2)[C][C]1,False,False,False
160285,CN1CCN(CC1)C1Cc2ccccc2Sc2ccc(Cl)cc12,32.35,Ki (nM),CN1CCN(C2Cc3ccccc3Sc3ccc(Cl)cc32)CC1,False,False,False
170587,NCCc1c[nH]c2ccccc12,32.8,Ki (nM),NCCc1c[nH]c2ccccc12,False,False,False
51315532,Clc1cccc(c1)N1CCN(CCC(=O)N2CCN(CC2)c2ccccc2)CC1,33.0,Ki (nM),O=C(CCN1CCN(c2cccc(Cl)c2)CC1)N1CCN(c2ccccc2)CC1,False,False,False
50433186,CSc1ccccc1N1CCN(CCCCCC(=O)N2CCc3ccccc3C2)CC1,33.0,Ki (nM),CSc1ccccc1N1CCN(CCCCCC(=O)N2CCc3ccccc3C2)CC1,False,False,False
792198,CC(Oc1ccc(Cl)cc1OC1CNC1)c1ccccc1F,33.0,Ki (nM),CC(Oc1ccc(Cl)cc1OC1CNC1)c1ccccc1F,False,False,False
50276148,C[C@H](Nc1cc(NCCc2ccccc2)ncn1)c1ccccc1,33.0,Ki (nM),C[C@H](Nc1cc(NCCc2ccccc2)ncn1)c1ccccc1,False,False,False
51105863,OC(COc1ccccc1-c1ccccc1)CN1CCC(CC1)NS(=O)(=O)c1cccc(Cl)c1,33.0,Ki (nM),O=S(=O)(NC1CCN(CC(O)COc2ccccc2-c2ccccc2)CC1)c1cccc(Cl)c1,False,False,False
170700,[#6]-c1nc2sccn2c(=O)c1-[#6]-[#6]-[#7]-1-[#6]-[#6]\[#6](-[#6]-[#6]-1)=[#6](\c1ccc(F)cc1)-c1ccc(F)cc1,33.0,Ki (nM),[C]c1nc2sccn2c(=O)c1[C][C]N1[C][C]C(=C(c2ccc(F)cc2)c2ccc(F)cc2)[C][C]1,False,False,False
50102291,Clc1ccc2cc(ccc2c1)S(=O)(=O)NCCCCN1CCN(CC1)c1nsc2ccccc12,33.0,Ki (nM),O=S(=O)(NCCCCN1CCN(c2nsc3ccccc23)CC1)c1ccc2cc(Cl)ccc2c1,False,False,False
51337085,CN(C)[C@H]1CCc2c(C1)cccc2-c1cccn1C,33.0,Ki (nM),CN(C)[C@H]1CCc2c(cccc2-c2cccn2C)C1,False,False,False
792190,CC(Oc1ccc(Cl)cc1OC1CNC1)c1cccc(F)c1,33.0,Ki (nM),CC(Oc1ccc(Cl)cc1OC1CNC1)c1cccc(F)c1,False,False,False
51207262,Cc1ccccc1-n1cc(CN2CCC(=CC2)c2ccccc2)c2ccccc12,33.0,Ki (nM),Cc1ccccc1-n1cc(CN2CC=C(c3ccccc3)CC2)c2ccccc21,False,False,False
51315515,Clc1cccc(c1)N1CCN(CCC(=O)N2CCN(CC2)c2ccccc2)CC1,33.0,Ki (nM),O=C(CCN1CCN(c2cccc(Cl)c2)CC1)N1CCN(c2ccccc2)CC1,False,False,False
51205656,COc1ccc(CNC(=O)CCOCCN2CCN(CC2)c2ccccc2-c2ccccc2C)cc1,33.0,Ki (nM),COc1ccc(CNC(=O)CCOCCN2CCN(c3ccccc3-c3ccccc3C)CC2)cc1,False,False,False
50268808,NC(N)=NC(=O)c1ccc-2c(c1)C(O)c1c-2cccc1Cl,33.0,Ki (nM),NC(N)=NC(=O)c1ccc2c(c1)C(O)c1c(Cl)cccc1-2,False,False,False
50703484,CCN(CCCCCN1CCC2CCCCC2C1)S(=O)(=O)c1cccc2cccnc12,33.0,Ki (nM),CCN(CCCCCN1CCC2CCCCC2C1)S(=O)(=O)c1cccc2cccnc12,False,False,False
792273,Clc1ccc(OC2CCc3ccccc3C2)c(OC2CNC2)c1,33.0,Ki (nM),Clc1ccc(OC2CCc3ccccc3C2)c(OC2CNC2)c1,False,False,False
162737,NCCc1c[nH]c2ccccc12,33.11,Ki (nM),NCCc1c[nH]c2ccccc12,False,False,False
50855702,CC1NC(NCC(F)F)=Nc2cccc(Cl)c12,33.3,Ki (nM),CC1NC(NCC(F)F)=Nc2cccc(Cl)c21,False,False,False
50866759,CCC1(CCCCN2CCN(CC2)c2ccccc2)C(=O)N(C)c2ccccc12,33.38,Ki (nM),CCC1(CCCCN2CCN(c3ccccc3)CC2)C(=O)N(C)c2ccccc21,False,False,False
162641,C1CN(CCN1)c1cccc2ccccc12,33.88,Ki (nM),c1ccc2c(N3CCNCC3)cccc2c1,False,False,False
282657,COc1ccc(cc1OC1CNC1)-c1ccccc1C#N,33.88,Ki (nM),COc1ccc(-c2ccccc2C#N)cc1OC1CNC1,False,False,False
162683,[#6]-[#7]-1-[#6]-[#6]\[#6](-[#6]-[#6]-1)=[#6]-1/c2ccccc2-[#6]=[#6]-c2ccccc-12 |c:16|,33.88,Ki (nM),[C]N1[C][C]C(=C2c3ccccc3[C]=[C]c3ccccc32)[C][C]1,False,False,False
223560,COc1ccc(cc1OC1CNC1)-c1ccccc1C#N,33.88,Ki (nM),COc1ccc(-c2ccccc2C#N)cc1OC1CNC1,False,False,False
792333,Clc1ccc(cc1)C1(COc2ccc(Cl)cc2OC2CNC2)CCC1,34.0,Ki (nM),Clc1ccc(C2(COc3ccc(Cl)cc3OC3CNC3)CCC2)cc1,False,False,False
50300506,CN(C)C[C@@H]1CC2[C@H](O1)c1cc(F)ccc1Sc1ccccc21,34.0,Ki (nM),CN(C)C[C@@H]1CC2c3ccccc3Sc3ccc(F)cc3[C@H]2O1,False,False,False
50211383,CN1CCCN(CCn2ccc3ccc(Cl)cc23)CC1,34.0,Ki (nM),CN1CCCN(CCn2ccc3ccc(Cl)cc32)CC1,False,False,False
170695,CSc1ccc2Sc3ccccc3CC(N3CCN(C)CC3)c2c1,0.7,Ki (nM),CSc1ccc2c(c1)C(N1CCN(C)CC1)Cc1ccccc1S2,False,False,False
51249160,O=C1Cc2ccccc2N1CC\C=C\CCN1CCc2ccccc2C1,0.7,Ki (nM),O=C1Cc2ccccc2N1CC/C=C/CCN1CCc2ccccc2C1,False,False,False
50286425,O=C1Cc2ccccc2N1CC\C=C\CCN1CCc2ccccc2C1,0.7,Ki (nM),O=C1Cc2ccccc2N1CC/C=C/CCN1CCc2ccccc2C1,False,False,False
50102390,Cc1c(sc2ccc(Cl)cc12)S(=O)(=O)NCCCCN1CCC(CC1)c1noc2cc(F)ccc12,0.7,Ki (nM),Cc1c(S(=O)(=O)NCCCCN2CCC(c3noc4cc(F)ccc34)CC2)sc2ccc(Cl)cc12,False,False,False
50102305,Clc1ccc(cc1Cl)S(=O)(=O)NCCCCN1CCN(CC1)c1noc2ccccc12,0.7,Ki (nM),O=S(=O)(NCCCCN1CCN(c2noc3ccccc23)CC1)c1ccc(Cl)c(Cl)c1,False,False,False
50551630,CN(C)CCSc1cccc(n1)C1CCCCC1,0.7,Ki (nM),CN(C)CCSc1cccc(C2CCCCC2)n1,False,False,False
1170830,CCCN(CCN1CCC(CC1)c1noc2cc(F)ccc12)C(=O)C(C)O,0.7,Ki (nM),CCCN(CCN1CCC(c2noc3cc(F)ccc23)CC1)C(=O)C(C)O,False,False,False
50586762,Oc1nc2ccccc2n1C1CCN(CC[C@H]2CCCN2S(=O)(=O)c2ccc3cc[nH]c3c2)CC1,0.707946,Ki (nM),O=S(=O)(c1ccc2cc[nH]c2c1)N1CCC[C@@H]1CCN1CCC(n2c(O)nc3ccccc32)CC1,False,False,False
51315551,CC1CCN(CC[C@H]2CCCN2S(=O)(=O)c2cccc(O)c2)CC1,0.71,Ki (nM),CC1CCN(CC[C@H]2CCCN2S(=O)(=O)c2cccc(O)c2)CC1,False,False,False
50302223,CC1CCN(CC[C@H]2CCCN2S(=O)(=O)c2cccc(O)c2)CC1,0.71,Ki (nM),CC1CCN(CC[C@H]2CCCN2S(=O)(=O)c2cccc(O)c2)CC1,False,False,False
51315563,CC1CCN(CC[C@H]2CCCN2S(=O)(=O)c2cccc(O)c2)CC1,0.71,Ki (nM),CC1CCN(CC[C@H]2CCCN2S(=O)(=O)c2cccc(O)c2)CC1,False,False,False
50551014,CC1CCN(CC[C@H]2CCCN2S(=O)(=O)c2cccc(O)c2)CC1,0.71,Ki (nM),CC1CCN(CC[C@H]2CCCN2S(=O)(=O)c2cccc(O)c2)CC1,False,False,False
172866,CN1CC2C(C1)c1cc(Cl)ccc1Oc1ccccc21,0.72,Ki (nM),CN1CC2c3ccccc3Oc3ccc(Cl)cc3C2C1,False,False,False
51463767,CC1CCN(CC[C@H]2CCCN2S(=O)(=O)c2cccc(OCC[18F])c2)CC1,0.75,Ki (nM),CC1CCN(CC[C@H]2CCCN2S(=O)(=O)c2cccc(OCC[18F])c2)CC1,False,False,False
51108612,Clc1ccc(CCN2CCN(CC2)c2ccccc2-c2ccccc2)cc1Cl,0.75,Ki (nM),Clc1ccc(CCN2CCN(c3ccccc3-c3ccccc3)CC2)cc1Cl,False,False,False
51210365,[#6]-[#8]-[#6]C1([#8]-[#6])c2ccccc2-c2ccc(cc12)-[#6](=O)[#7]=[#6]([#7])-[#7],0.76,Ki (nM),[C]O[C]C1(O[C])c2ccccc2-c2ccc(C(=O)N=C([N])[N])cc21,False,False,False
51133694,Fc1cccc(c1)-c1ccccc1N1CCN(CCc2c[nH]c3ccc(F)cc23)CC1,0.79,Ki (nM),Fc1cccc(-c2ccccc2N2CCN(CCc3c[nH]c4ccc(F)cc34)CC2)c1,False,False,False
50866750,CCC1(CCCCN2CCN(CC2)c2ccc(Cl)cc2)C(=O)Nc2cc(F)ccc12,0.79,Ki (nM),CCC1(CCCCN2CCN(c3ccc(Cl)cc3)CC2)C(=O)Nc2cc(F)ccc21,False,False,False
51249158,CCC1(CCCCN2CCN(CC2)c2ccc(Cl)cc2)C(=O)Nc2cc(F)ccc12,0.79,Ki (nM),CCC1(CCCCN2CCN(c3ccc(Cl)cc3)CC2)C(=O)Nc2cc(F)ccc21,False,False,False
174186,c1cc2c(cc1C(=O)N)c(c[nH]2)CCN,0.79,Ki (nM),NCCc1c[nH]c2ccc(C(N)=O)cc12,False,False,False
50663768,CCC1(CCCCN2CCN(CC2)c2ccc(Cl)cc2)C(=O)Nc2cc(F)ccc12,0.79,Ki (nM),CCC1(CCCCN2CCN(c3ccc(Cl)cc3)CC2)C(=O)Nc2cc(F)ccc21,False,False,False
50586774,Clc1ccc(cc1)C(=O)C1CCN(CC[C@H]2CCCN2S(=O)(=O)c2ccc3cc[nH]c3c2)CC1,0.794328,Ki (nM),O=C(c1ccc(Cl)cc1)C1CCN(CC[C@H]2CCCN2S(=O)(=O)c2ccc3cc[nH]c3c2)CC1,False,False,False
50102333,O=S(=O)(NCCCCN1CCN(CC1)c1noc2ccccc12)c1ccc2ccccc2c1,0.8,Ki (nM),O=S(=O)(NCCCCN1CCN(c2noc3ccccc23)CC1)c1ccc2ccccc2c1,False,False,False
50311085,NCCc1c[nH]c2ccc(O)cc12,0.8,Ki (nM),NCCc1c[nH]c2ccc(O)cc12,False,False,False
1423478,Fc1ccc(cc1)N1CCN(CCCCCn2c3ccccc3[nH]c2=O)CC1,0.8,Ki (nM),O=c1[nH]c2ccccc2n1CCCCCN1CCN(c2ccc(F)cc2)CC1,False,False,False
50102143,NCCc1c[nH]c2ccc(O)cc12,0.8,Ki (nM),NCCc1c[nH]c2ccc(O)cc12,False,False,False
50102377,Fc1ccc2c(noc2c1)C1CCN(CCCNS(=O)(=O)c2ccc3ccccc3c2)CC1,0.8,Ki (nM),O=S(=O)(NCCCN1CCC(c2noc3cc(F)ccc23)CC1)c1ccc2ccccc2c1,False,False,False
50433128,O=C(CCCCCN1CCN(CC1)c1ccccc1-c1ccccc1)NCc1ccccc1,0.8,Ki (nM),O=C(CCCCCN1CCN(c2ccccc2-c2ccccc2)CC1)NCc1ccccc1,False,False,False
50102358,Fc1ccc2c(noc2c1)C1CCN(CCCCNS(=O)(=O)c2cccc3ccccc23)CC1,0.8,Ki (nM),O=S(=O)(NCCCCN1CCC(c2noc3cc(F)ccc23)CC1)c1cccc2ccccc12,False,False,False
51248951,COc1ccc(\C=C2/NC(=O)N(CCCCN3CCN(CC3)c3cccc(Cl)c3Cl)C2=O)cc1OC,0.8,Ki (nM),COc1ccc(/C=C2\NC(=O)N(CCCCN3CCN(c4cccc(Cl)c4Cl)CC3)C2=O)cc1OC,False,False,False
162646,c1cc2c(cc1C(=O)N)c(c[nH]2)CCN,0.83,Ki (nM),NCCc1c[nH]c2ccc(C(N)=O)cc12,False,False,False
50586773,Fc1ccc(cc1)C(=O)C1CCN(CC[C@H]2CCCN2S(=O)(=O)c2ccc3cc[nH]c3c2)CC1,0.831764,Ki (nM),O=C(c1ccc(F)cc1)C1CCN(CC[C@H]2CCCN2S(=O)(=O)c2ccc3cc[nH]c3c2)CC1,False,False,False
51157930,CN(C)[C@H]1CCc2c(C1)cccc2-c1c(C)[nH]c(C)c1C,0.831764,Ki (nM),Cc1[nH]c(C)c(-c2cccc3c2CC[C@H](N(C)C)C3)c1C,False,False,False
51228709,O=c1[nH]c(CCCCN2CCN(CC2)c2ccccc2)nc2ccsc12,0.85,Ki (nM),O=c1[nH]c(CCCCN2CCN(c3ccccc3)CC2)nc2ccsc12,False,False,False
1423498,Clc1ccc(cc1Cl)N1CCN(CCCCCn2c3ccccc3[nH]c2=O)CC1,0.86,Ki (nM),O=c1[nH]c2ccccc2n1CCCCCN1CCN(c2ccc(Cl)c(Cl)c2)CC1,False,False,False
170544,"[H][C@@]12Cc3c[nH]c4cccc(C1=C[C@H](CN2C)NC(=O)N(CC)CC)c34 |r,c:12|",0.89,Ki (nM),CCN(CC)C(=O)N[C@@H]1C=C2c3cccc4[nH]cc(c34)C[C@H]2N(C)C1,False,False,False
162692,"[H][C@@]12Cc3c[nH]c4cccc(C1=C[C@H](CN2C)NC(=O)N(CC)CC)c34 |r,c:12|",0.89,Ki (nM),CCN(CC)C(=O)N[C@@H]1C=C2c3cccc4[nH]cc(c34)C[C@H]2N(C)C1,False,False,False
38656,CN(C)c1ccccc1N1CCN(CCCCCC(=O)NC2CCCc3ccccc23)CC1,0.9,Ki (nM),CN(C)c1ccccc1N1CCN(CCCCCC(=O)NC2CCCc3ccccc32)CC1,False,False,False
50102381,Fc1ccc2c(noc2c1)C1CCN(CCCNS(=O)(=O)c2csc3ccccc23)CC1,0.9,Ki (nM),O=S(=O)(NCCCN1CCC(c2noc3cc(F)ccc23)CC1)c1csc2ccccc12,False,False,False
50224031,COc1ccccc1C(=O)CCCCCN1CCN(CC1)c1noc2ccccc12,0.9,Ki (nM),COc1ccccc1C(=O)CCCCCN1CCN(c2noc3ccccc23)CC1,False,False,False
50102350,Fc1ccc2c(noc2c1)C1CCN(CCCNS(=O)(=O)c2ccc(F)c(Cl)c2)CC1,0.9,Ki (nM),O=S(=O)(NCCCN1CCC(c2noc3cc(F)ccc23)CC1)c1ccc(F)c(Cl)c1,False,False,False
1170914,CCN(CCN1CCC(CC1)c1noc2cc(F)ccc12)C(=O)C1CNCCC1O,0.9,Ki (nM),CCN(CCN1CCC(c2noc3cc(F)ccc23)CC1)C(=O)C1CNCCC1O,False,False,False
174884,"CN1CCN(CC1)C1=c2ccccc2=Nc2ccc(Cl)cc2N1 |c:8,15|",0.9,Ki (nM),CN1CCN(C2=c3ccccc3=Nc3ccc(Cl)cc3N2)CC1,False,False,False
50387099,COc1ccccc1N1CCN(CCc2cccc(OCCCCOc3cccc(CCN4CCN(CC4)c4ccccc4OC)c3)c2)CC1,0.9,Ki (nM),COc1ccccc1N1CCN(CCc2cccc(OCCCCOc3cccc(CCN4CCN(c5ccccc5OC)CC4)c3)c2)CC1,False,False,False
154126,CC(COc1ccccc1)N(CCCl)Cc1ccccc1,0.9,Ki (nM),CC(COc1ccccc1)N(CCCl)Cc1ccccc1,False,False,False
50812826,NCCc1c[nH]c2ccc(cc12)C(N)=O,0.9,Ki (nM),NCCc1c[nH]c2ccc(C(N)=O)cc12,False,False,False
50102193,CSc1ccc2Sc3ccccc3CC(N3CCN(C)CC3)c2c1,0.9,Ki (nM),CSc1ccc2c(c1)C(N1CCN(C)CC1)Cc1ccccc1S2,False,False,False
50102354,Fc1ccc2c(noc2c1)C1CCN(CCCNS(=O)(=O)c2cccs2)CC1,0.9,Ki (nM),O=S(=O)(NCCCN1CCC(c2noc3cc(F)ccc23)CC1)c1cccs1,False,False,False
51298032,Fc1ccc(N2CCN(CCCc3c[nH]c4ccc(F)cc34)CC2)c(c1)-c1cn[nH]c1,0.9,Ki (nM),Fc1ccc(N2CCN(CCCc3c[nH]c4ccc(F)cc34)CC2)c(-c2cn[nH]c2)c1,False,False,False
163297,c1cc2c(cc1C(=O)N)c(c[nH]2)CCN,0.93,Ki (nM),NCCc1c[nH]c2ccc(C(N)=O)cc12,False,False,False
50344937,CCC(C)Oc1cc2C[C@@H]3N(C)CCc4cc(OC)c(OC)c(-c2cc1OC)c34,34.0,Ki (nM),CCC(C)Oc1cc2c(cc1OC)-c1c(OC)c(OC)cc3c1[C@H](C2)N(C)CC3,False,False,False
51207268,C(N1CCN(CC1)c1ccccc1)c1cn(-c2cccc3ccccc23)c2ccccc12,34.0,Ki (nM),c1ccc(N2CCN(Cc3cn(-c4cccc5ccccc45)c4ccccc34)CC2)cc1,False,False,False
50534664,COc1ccccc1N1CCN(Cc2cc3OCOc3c(c2)-c2ccccc2OC)CC1,34.0,Ki (nM),COc1ccccc1-c1cc(CN2CCN(c3ccccc3OC)CC2)cc2c1OCO2,False,False,False
50102386,Fc1ccc2c(noc2c1)C1CCN(CCCNS(=O)(=O)c2cc3ccc(Cl)cc3s2)CC1,34.0,Ki (nM),O=S(=O)(NCCCN1CCC(c2noc3cc(F)ccc23)CC1)c1cc2ccc(Cl)cc2s1,False,False,False
792546,COc1ccc(cc1)C(=O)c1ccc(Br)cc1OC1CNC1,34.0,Ki (nM),COc1ccc(C(=O)c2ccc(Br)cc2OC2CNC2)cc1,False,False,False
51505664,CCOCC(Oc1c(C)cccc1Cl)N1CCN(CC1)c1ccccc1OC,34.0,Ki (nM),CCOCC(Oc1c(C)cccc1Cl)N1CCN(c2ccccc2OC)CC1,False,False,False
792414,CC1(CNC1)Oc1cc(Br)ccc1OCc1cccc(c1)C(F)(F)F,34.0,Ki (nM),CC1(Oc2cc(Br)ccc2OCc2cccc(C(F)(F)F)c2)CNC1,False,False,False
51281981,CCOc1ccccc1N1CCN(CCCCCCN2c3cccc4cccc(c34)S2(=O)=O)CC1,34.0,Ki (nM),CCOc1ccccc1N1CCN(CCCCCCN2c3cccc4cccc(c34)S2(=O)=O)CC1,False,False,False
792543,Brc1ccc(C(=O)c2ccc3OCOc3c2)c(OC2CNC2)c1,34.0,Ki (nM),O=C(c1ccc2c(c1)OCO2)c1ccc(Br)cc1OC1CNC1,False,False,False
51105855,CC(COc1ccccc1-c1ccccc1)N1CCC(CC1)NS(=O)(=O)c1ccc(F)cc1,34.0,Ki (nM),CC(COc1ccccc1-c1ccccc1)N1CCC(NS(=O)(=O)c2ccc(F)cc2)CC1,False,False,False
51337082,CCCN(CCC)[C@H]1CCc2c(C1)cccc2-c1ccccc1,34.0,Ki (nM),CCCN(CCC)[C@H]1CCc2c(cccc2-c2ccccc2)C1,False,False,False
50082442,COc1ccccc1N1CCN(CCCCCN2C(=O)N(C)C(=O)C2(C)c2ccccc2)CC1,34.0,Ki (nM),COc1ccccc1N1CCN(CCCCCN2C(=O)N(C)C(=O)C2(C)c2ccccc2)CC1,False,False,False
51157915,CCCN(CCC)[C@@H]1CCc2cccc(OC)c2C1,34.0,Ki (nM),CCCN(CCC)[C@@H]1CCc2cccc(OC)c2C1,False,False,False
792118,Clc1ccc(OCc2ccc3ncsc3c2)c(OC2CNC2)c1,34.0,Ki (nM),Clc1ccc(OCc2ccc3ncsc3c2)c(OC2CNC2)c1,False,False,False
792150,CN1CCC(C1)Oc1cc(Br)ccc1OCc1cccc(F)c1,34.0,Ki (nM),CN1CCC(Oc2cc(Br)ccc2OCc2cccc(F)c2)C1,False,False,False
50102304,Clc1ccc(cc1Cl)S(=O)(=O)NCCCN1CCN(CC1)c1noc2ccccc12,34.0,Ki (nM),O=S(=O)(NCCCN1CCN(c2noc3ccccc23)CC1)c1ccc(Cl)c(Cl)c1,False,False,False
792080,Clc1ccc(OCc2ccccc2)c(OC2CCNCC2)c1,34.0,Ki (nM),Clc1ccc(OCc2ccccc2)c(OC2CCNCC2)c1,False,False,False
170520,[#6]-[#7]-1-[#6]-[#6]\[#6](-[#6]-[#6]-1)=[#6]-1/c2ccccc2-[#6]=[#6]-c2ccccc-12 |c:16|,34.1,Ki (nM),[C]N1[C][C]C(=C2c3ccccc3[C]=[C]c3ccccc32)[C][C]1,False,False,False
282675,Clc1ccccc1-c1cccc(OC2CNC2)c1,34.64,Ki (nM),Clc1ccccc1-c1cccc(OC2CNC2)c1,False,False,False
223578,Clc1ccccc1-c1cccc(OC2CNC2)c1,34.64,Ki (nM),Clc1ccccc1-c1cccc(OC2CNC2)c1,False,False,False
162667,CCCN(CCC)C1CCc2cccc(O)c2C1,34.67,Ki (nM),CCCN(CCC)C1CCc2cccc(O)c2C1,False,False,False
51399280,COc1cccc2C(CCCc12)NC(=O)CCCN1CCN(CC1)c1ccccc1OC,35.0,Ki (nM),COc1ccccc1N1CCN(CCCC(=O)NC2CCCc3c(OC)cccc32)CC1,False,False,False
792047,FC(F)(F)Oc1ccc(COc2ccc(Cl)cc2OC2CNC2)cc1,35.0,Ki (nM),FC(F)(F)Oc1ccc(COc2ccc(Cl)cc2OC2CNC2)cc1,False,False,False
50290556,COc1ccccc1N1CCN(CCCCC(=O)NCc2ccccc2-c2ccc(F)cc2)CC1,35.0,Ki (nM),COc1ccccc1N1CCN(CCCCC(=O)NCc2ccccc2-c2ccc(F)cc2)CC1,False,False,False
50433125,CSc1ccccc1N1CCN(CCCCCC(=O)NCc2ccncc2)CC1,35.0,Ki (nM),CSc1ccccc1N1CCN(CCCCCC(=O)NCc2ccncc2)CC1,False,False,False
153892,Cc1cc(c(c(c1CC2=NCCN2)C)O)C(C)(C)C,35.0,Ki (nM),Cc1cc(C(C)(C)C)c(O)c(C)c1CC1=NCCN1,False,False,False
51412599,FC(F)(F)c1cccc(c1)N1CCN(CCCCCN2C(=O)c3ccccc3S2(=O)=O)CC1,35.0,Ki (nM),O=C1c2ccccc2S(=O)(=O)N1CCCCCN1CCN(c2cccc(C(F)(F)F)c2)CC1,False,False,False
50289752,COc1cccc2C(CCCc12)NC(=O)CCCN1CCN(CC1)c1ccccc1OC,35.0,Ki (nM),COc1ccccc1N1CCN(CCCC(=O)NC2CCCc3c(OC)cccc32)CC1,False,False,False
170504,CCCN(CCC)C1CCc2cccc(O)c2C1,35.0,Ki (nM),CCCN(CCC)C1CCc2cccc(O)c2C1,False,False,False
50551176,Cc1nc2ccccc2c(=O)n1CCCCCN1CCN(CC1)c1cccc(Cl)c1,35.0,Ki (nM),Cc1nc2ccccc2c(=O)n1CCCCCN1CCN(c2cccc(Cl)c2)CC1,False,False,False
50590861,COc1cccc(c1)-c1cccc(NC2=NCCN2)c1C,35.0,Ki (nM),COc1cccc(-c2cccc(NC3=NCCN3)c2C)c1,False,False,False
50376755,CSc1ccccc1CC1NCCc2c1[nH]c1ccccc21,35.0,Ki (nM),CSc1ccccc1CC1NCCc2c1[nH]c1ccccc21,False,False,False
51298811,Fc1cccc(c1)-c1cc(F)ccc1OCCN1CCC(CC1)c1c[nH]c2ccc(F)cc12,35.0,Ki (nM),Fc1cccc(-c2cc(F)ccc2OCCN2CCC(c3c[nH]c4ccc(F)cc34)CC2)c1,False,False,False
50300585,CN(C)C[C@H]1CC2[C@H](O1)c1cc(Br)ccc1Oc1ccccc21,35.0,Ki (nM),CN(C)C[C@H]1CC2c3ccccc3Oc3ccc(Br)cc3[C@H]2O1,False,False,False
51205659,COc1ccc(cc1)-c1ccccc1N1CCN(CCOCCC(=O)NCc2ccc(F)nc2)CC1,35.0,Ki (nM),COc1ccc(-c2ccccc2N2CCN(CCOCCC(=O)NCc3ccc(F)nc3)CC2)cc1,False,False,False
50617362,Cc1ccc(cc1)-c1cn(Cc2ccccc2)c2CCNCc12,35.0,Ki (nM),Cc1ccc(-c2cn(Cc3ccccc3)c3c2CNCC3)cc1,False,False,False
51223572,O=C1N(CCCCCCN2CCN(CC2)c2ncccn2)S(=O)(=O)c2ccccc12,35.0,Ki (nM),O=C1c2ccccc2S(=O)(=O)N1CCCCCCN1CCN(c2ncccn2)CC1,False,False,False
172863,Fc1ccc(cc1)N1CNC(=O)C11CCN(CCCC(=O)c2ccc(F)cc2)CC1,35.0,Ki (nM),O=C(CCCN1CCC2(CC1)C(=O)NCN2c1ccc(F)cc1)c1ccc(F)cc1,False,False,False
50290562,COc1ccccc1N1CCN(CCCCC(=O)NCc2ccccc2-c2cccc(F)c2)CC1,35.0,Ki (nM),COc1ccccc1N1CCN(CCCCC(=O)NCc2ccccc2-c2cccc(F)c2)CC1,False,False,False
50520285,FC(F)(F)c1ccc(CNC(=O)CCOCCN2CCN(CC2)c2ccccc2-c2ccccc2)cc1,35.0,Ki (nM),O=C(CCOCCN1CCN(c2ccccc2-c2ccccc2)CC1)NCc1ccc(C(F)(F)F)cc1,False,False,False
170503,CCCN(CCC)C1CCc2cccc(O)c2C1,35.4,Ki (nM),CCCN(CCC)C1CCc2cccc(O)c2C1,False,False,False
162664,CCCN(CCC)C1CCc2cccc(O)c2C1,35.48,Ki (nM),CCCN(CCC)C1CCc2cccc(O)c2C1,False,False,False
50938121,C(CCc1nc2ccccc2s1)CN1CCc2ccccc2C1,35.6,Ki (nM),c1ccc2c(c1)CCN(CCCCc1nc3ccccc3s1)C2,False,False,False
854089,FC1=CC2ON=C(C2C=C1)C1CCN(CCCOc2ccc3NC(=O)CCc3c2)CC1,35.6,Ki (nM),O=C1CCc2cc(OCCCN3CCC(C4=NOC5C=C(F)C=CC45)CC3)ccc2N1,False,False,False
185356,CN(C)CCCN1c2ccccc2Sc3c1cc(cc3)Cl,35.8,Ki (nM),CN(C)CCCN1c2ccccc2Sc2ccc(Cl)cc21,False,False,False
50290781,O=c1sc2ccccc2n1CCCCN1CCN(CC1)c1ccccc1,36.0,Ki (nM),O=c1sc2ccccc2n1CCCCN1CCN(c2ccccc2)CC1,False,False,False
50719335,Clc1cccc(c1)N1CCN(CCCCNS(=O)(=O)c2cccc3ccccc23)CC1,36.0,Ki (nM),O=S(=O)(NCCCCN1CCN(c2cccc(Cl)c2)CC1)c1cccc2ccccc12,False,False,False
792079,CN1CC[C@H](C1)Oc1cc(Cl)ccc1OCc1ccccc1Cl,36.0,Ki (nM),CN1CC[C@@H](Oc2cc(Cl)ccc2OCc2ccccc2Cl)C1,False,False,False
792168,CC(Oc1ccc(Cl)cc1OC1CN(Cc2ccccc2)C1)c1cccc(c1)C(F)(F)F,36.0,Ki (nM),CC(Oc1ccc(Cl)cc1OC1CN(Cc2ccccc2)C1)c1cccc(C(F)(F)F)c1,False,False,False
51397909,COc1ccc(cc1)-c1ccccc1N1CCN(C[C@@H](O)COc2ccc(Cl)c(F)c2)CC1,36.0,Ki (nM),COc1ccc(-c2ccccc2N2CCN(C[C@@H](O)COc3ccc(Cl)c(F)c3)CC2)cc1,False,False,False
50286426,O=C1Cc2ccccc2N1CCCCCCCN1CCc2ccccc2C1,36.0,Ki (nM),O=C1Cc2ccccc2N1CCCCCCCN1CCc2ccccc2C1,False,False,False
792331,FC(COc1ccc(Cl)cc1OC1CNC1)c1ccccc1,36.0,Ki (nM),FC(COc1ccc(Cl)cc1OC1CNC1)c1ccccc1,False,False,False
50276086,C[C@@H](Nc1nc(N)nc(NCCOc2ccc(F)cc2)n1)c1ccc(F)cc1,36.0,Ki (nM),C[C@@H](Nc1nc(N)nc(NCCOc2ccc(F)cc2)n1)c1ccc(F)cc1,False,False,False
51412602,O=C1N(CCCCCN2CCN(CC2)c2cccc3ccccc23)S(=O)(=O)c2ccccc12,36.0,Ki (nM),O=C1c2ccccc2S(=O)(=O)N1CCCCCN1CCN(c2cccc3ccccc23)CC1,False,False,False
51348444,O=C1N(CCCCCCN2CCN(CC2)c2nsc3ccccc23)c2cccc3cccc1c23,36.0,Ki (nM),O=C1c2cccc3cccc(c23)N1CCCCCCN1CCN(c2nsc3ccccc23)CC1,False,False,False
51397924,COc1ccc(cc1)-c1ccccc1C1CCN(C[C@@H](O)COc2ccc(cc2)-c2cn3ccccc3n2)CC1,36.0,Ki (nM),COc1ccc(-c2ccccc2C2CCN(C[C@@H](O)COc3ccc(-c4cn5ccccc5n4)cc3)CC2)cc1,False,False,False
50796147,Clc1ccc(cc1Cl)N1CCN(CCC2CCN(CC2)S(=O)(=O)c2cncc3ccccc23)CC1,36.0,Ki (nM),O=S(=O)(c1cncc2ccccc12)N1CCC(CCN2CCN(c3ccc(Cl)c(Cl)c3)CC2)CC1,False,False,False
50376727,COc1ccc2[nH]c3C(Cc4ccc5OCOc5c4)NCCc3c2c1,36.0,Ki (nM),COc1ccc2[nH]c3c(c2c1)CCNC3Cc1ccc2c(c1)OCO2,False,False,False
50617373,CN1CCc2c(C1)c(cn2Cc1ccccc1)-c1ccc(Cl)cc1,36.0,Ki (nM),CN1CCc2c(c(-c3ccc(Cl)cc3)cn2Cc2ccccc2)C1,False,False,False
50286053,COc1ccccc1N1CCN(C\C=C\CN2C(=O)c3ccccc3C2=O)CC1,36.0,Ki (nM),COc1ccccc1N1CCN(C/C=C/CN2C(=O)c3ccccc3C2=O)CC1,False,False,False
50302213,Clc1cccc(c1)N1CCN(CCCCCn2cnc3ccccc3c2=O)CC1,36.0,Ki (nM),O=c1c2ccccc2ncn1CCCCCN1CCN(c2cccc(Cl)c2)CC1,False,False,False
51285650,CCn1cncc1-c1c[nH]c2c(F)cc(I)cc12,36.0,Ki (nM),CCn1cncc1-c1c[nH]c2c(F)cc(I)cc12,False,False,False
50177124,CN1CCc2cccc-3c2[C@H]1Cc1cccc(-c2c(O)cccc2O)c-31,36.2,Ki (nM),CN1CCc2cccc3c2[C@H]1Cc1cccc(-c2c(O)cccc2O)c1-3,False,False,False
160248,COc1ccc2c(c1)[nH]cc2CCN,36.3,Ki (nM),COc1ccc2c(CCN)c[nH]c2c1,False,False,False
170564,CN1CCN2c3ccccc3Cc4ccccc4[C@H]2C1,36.9,Ki (nM),CN1CCN2c3ccccc3Cc3ccccc3[C@H]2C1,False,False,False
50344929,CN1CCN(CC1)C1=Nc2cc(Cl)ccc2Nc2ccccc12,37.0,Ki (nM),CN1CCN(C2=Nc3cc(Cl)ccc3Nc3ccccc32)CC1,False,False,False
50520289,C[C@H]1CN(CCN1CCCCCC(=O)NCc1ccccc1)c1ccccc1-c1ccccc1,37.0,Ki (nM),C[C@H]1CN(c2ccccc2-c2ccccc2)CCN1CCCCCC(=O)NCc1ccccc1,False,False,False
50524870,C(CN1CCc2ccccc2C1)Cc1nc2ccccc2s1,37.0,Ki (nM),c1ccc2c(c1)CCN(CCCc1nc3ccccc3s1)C2,False,False,False
50796227,Clc1ccc(cc1)N1CCN(CCC2CCN(CC2)S(=O)(=O)c2cccc3ncccc23)CC1,37.0,Ki (nM),O=S(=O)(c1cccc2ncccc12)N1CCC(CCN2CCN(c3ccc(Cl)cc3)CC2)CC1,False,False,False
51315562,Clc1ccc(cc1)N1CCN(CC1)C(=O)CCN1CCN(Cc2ccccc2)CC1,37.0,Ki (nM),O=C(CCN1CCN(Cc2ccccc2)CC1)N1CCN(c2ccc(Cl)cc2)CC1,False,False,False
50353450,Clc1cccc(c1)N1CCN(CCCCN2C(=O)NC3(CCCc4ccccc34)C2=O)CC1,37.0,Ki (nM),O=C1NC2(CCCc3ccccc32)C(=O)N1CCCCN1CCN(c2cccc(Cl)c2)CC1,False,False,False
51348452,O=S(=O)(NCCCCCCN1CCN(CC1)c1nsc2ccccc12)c1ccccc1,37.0,Ki (nM),O=S(=O)(NCCCCCCN1CCN(c2nsc3ccccc23)CC1)c1ccccc1,False,False,False
51315550,Clc1ccc(cc1)N1CCN(CC1)C(=O)CCN1CCN(Cc2ccccc2)CC1,37.0,Ki (nM),O=C(CCN1CCN(Cc2ccccc2)CC1)N1CCN(c2ccc(Cl)cc2)CC1,False,False,False
50796276,Clc1cccc(c1)N1CCN(CCC2CCN(CC2)S(=O)(=O)c2cccc3ncccc23)CC1,37.0,Ki (nM),O=S(=O)(c1cccc2ncccc12)N1CCC(CCN2CCN(c3cccc(Cl)c3)CC2)CC1,False,False,False
50211370,CC(C)CN1CCCN(CCn2ccc3ccc(Br)cc23)CC1,37.0,Ki (nM),CC(C)CN1CCCN(CCn2ccc3ccc(Br)cc32)CC1,False,False,False
50387092,COc1ccccc1N1CCN(CCc2cccc(OCCOCCOc3cccc(CCN4CCN(CC4)c4ccccc4OC)c3)c2)CC1,37.0,Ki (nM),COc1ccccc1N1CCN(CCc2cccc(OCCOCCOc3cccc(CCN4CCN(c5ccccc5OC)CC4)c3)c2)CC1,False,False,False
50333399,Cn1c2nc3n(CCCCN4CCN(CC4)c4ccc(Cl)cc4)c(cn3c2c(=O)n(C)c1=O)-c1ccccc1,37.0,Ki (nM),Cn1c(=O)c2c(nc3n(CCCCN4CCN(c5ccc(Cl)cc5)CC4)c(-c4ccccc4)cn23)n(C)c1=O,False,False,False
50524955,C(CN1CCc2ccccc2C1)Cc1nc2ccccc2s1,37.0,Ki (nM),c1ccc2c(c1)CCN(CCCc1nc3ccccc3s1)C2,False,False,False
50551610,CN(C)CCSc1cccc(Br)n1,37.0,Ki (nM),CN(C)CCSc1cccc(Br)n1,False,False,False
50703481,CCN(CCCCN1CCN(CC1)c1ccccc1OC)S(=O)(=O)c1cccc2cccnc12,37.0,Ki (nM),CCN(CCCCN1CCN(c2ccccc2OC)CC1)S(=O)(=O)c1cccc2cccnc12,False,False,False
50290563,COc1ccccc1N1CCN(CCCCC(=O)NCc2ccccc2-c2ccccc2F)CC1,37.0,Ki (nM),COc1ccccc1N1CCN(CCCCC(=O)NCc2ccccc2-c2ccccc2F)CC1,False,False,False
50593438,O=C1Cc2ccccc2N1C1CCN(CCN2CCCc3ccccc3C2=O)CC1,37.0,Ki (nM),O=C1c2ccccc2CCCN1CCN1CCC(N2C(=O)Cc3ccccc32)CC1,False,False,False
51249168,COc1ccc(cc1)S(=O)(=O)NCCCN1CCN(CC1)c1ccccc1OC,37.0,Ki (nM),COc1ccc(S(=O)(=O)NCCCN2CCN(c3ccccc3OC)CC2)cc1,False,False,False
162722,CN1CCN2c3ccccc3Cc4ccccc4[C@H]2C1,37.15,Ki (nM),CN1CCN2c3ccccc3Cc3ccccc3[C@H]2C1,False,False,False
53794,COc1ccccc1N1CCN(CCCCCn2c3ccccc3[nH]c2=O)CC1,38.0,Ki (nM),COc1ccccc1N1CCN(CCCCCn2c(=O)[nH]c3ccccc32)CC1,False,False,False
792206,CC(Oc1ccc(Cl)cc1OC1CNC1)c1ccc(Cl)c(Cl)c1,38.0,Ki (nM),CC(Oc1ccc(Cl)cc1OC1CNC1)c1ccc(Cl)c(Cl)c1,False,False,False
50290573,COc1ccccc1N1CCN(CCCCC(=O)NCc2ccccc2-c2ccccc2)CC1,38.0,Ki (nM),COc1ccccc1N1CCN(CCCCC(=O)NCc2ccccc2-c2ccccc2)CC1,False,False,False
50703478,CCN(CCCCN1CCN(CC1)c1ccccc1OC)S(=O)(=O)c1cnc2ccccc2c1,38.0,Ki (nM),CCN(CCCCN1CCN(c2ccccc2OC)CC1)S(=O)(=O)c1cnc2ccccc2c1,False,False,False
792122,FC1(F)Oc2ccc(COc3ccc(Cl)cc3OC3CNC3)cc2O1,38.0,Ki (nM),FC1(F)Oc2ccc(COc3ccc(Cl)cc3OC3CNC3)cc2O1,False,False,False
50344935,CCCCC(C)Oc1cc2C[C@@H]3N(C)CCc4cc(OC)c(OC)c(-c2cc1OC)c34,38.0,Ki (nM),CCCCC(C)Oc1cc2c(cc1OC)-c1c(OC)c(OC)cc3c1[C@H](C2)N(C)CC3,False,False,False
51037298,Clc1ccc(cc1Cl)N1CCN(CCN2CCC3(C2)C(=O)Nc2ccccc32)CC1,38.0,Ki (nM),O=C1Nc2ccccc2C12CCN(CCN1CCN(c3ccc(Cl)c(Cl)c3)CC1)C2,False,False,False
50468090,Oc1ccccc1N1CCN(CCCCCC(=O)n2c3ccccc3c3ccccc23)CC1,38.0,Ki (nM),O=C(CCCCCN1CCN(c2ccccc2O)CC1)n1c2ccccc2c2ccccc21,False,False,False
50468105,Oc1ccccc1N1CCN(CCCCCC(=O)n2c3ccccc3c3ccccc23)CC1,38.0,Ki (nM),O=C(CCCCCN1CCN(c2ccccc2O)CC1)n1c2ccccc2c2ccccc21,False,False,False
51449149,C[C@H]1C[C@@H](CN1CCCc1noc2cc(F)ccc12)NS(=O)(=O)c1cc2ccccc2s1,38.0,Ki (nM),C[C@H]1C[C@H](NS(=O)(=O)c2cc3ccccc3s2)CN1CCCc1noc2cc(F)ccc12,False,False,False
51364353,Cn1ccc2cc(ccc12)S(=O)(=O)N[C@H]1CCN(CCCc2noc3ccccc23)C1,38.0,Ki (nM),Cn1ccc2cc(S(=O)(=O)N[C@H]3CCN(CCCc4noc5ccccc45)C3)ccc21,False,False,False
50102290,Clc1ccc2cc(ccc2c1)S(=O)(=O)NCCCN1CCN(CC1)c1nsc2ccccc12,38.0,Ki (nM),O=S(=O)(NCCCN1CCN(c2nsc3ccccc23)CC1)c1ccc2cc(Cl)ccc2c1,False,False,False
50154812,CN1CCc2cccc-3c2[C@H]1Cc1cccc(C)c-31,38.3,Ki (nM),Cc1cccc2c1-c1cccc3c1[C@@H](C2)N(C)CC3,False,False,False
50289726,COc1ccc2CCCC(NC(=O)CCCCN3CCN(CC3)c3ccccc3OC)c2c1,38.4,Ki (nM),COc1ccc2c(c1)C(NC(=O)CCCCN1CCN(c3ccccc3OC)CC1)CCC2,False,False,False
50855727,COc1cccc2C(C)NC(NCC(F)F)=Nc12,38.9,Ki (nM),COc1cccc2c1N=C(NCC(F)F)NC2C,False,False,False
50096604,CN(CCCCCCN1CCN(CC1)c1cccc2ccccc12)c1cccc(O)c1,39.0,Ki (nM),CN(CCCCCCN1CCN(c2cccc3ccccc23)CC1)c1cccc(O)c1,False,False,False
792539,COc1cccc(c1)C(=O)c1ccc(Br)cc1OC1CNC1,39.0,Ki (nM),COc1cccc(C(=O)c2ccc(Br)cc2OC2CNC2)c1,False,False,False
50796302,Clc1cccc(N2CCN(CCC3CCN(CC3)S(=O)(=O)c3cncc4ccccc34)CC2)c1Cl,39.0,Ki (nM),O=S(=O)(c1cncc2ccccc12)N1CCC(CCN2CCN(c3cccc(Cl)c3Cl)CC2)CC1,False,False,False
792535,Clc1cccc(c1)C(=O)c1ccc(Br)cc1OC1CNC1,39.0,Ki (nM),O=C(c1cccc(Cl)c1)c1ccc(Br)cc1OC1CNC1,False,False,False
50462461,CC(C)c1ccccc1OCCN1CCC(CC1)NS(=O)(=O)c1ccc(N)cc1,39.0,Ki (nM),CC(C)c1ccccc1OCCN1CCC(NS(=O)(=O)c2ccc(N)cc2)CC1,False,False,False
51348370,Clc1cccc(c1)N1CCN(CCCCCCN2C(=O)[C@H]3[C@@H]4CC[C@@H](C4)[C@H]3C2=O)CC1,39.0,Ki (nM),O=C1[C@@H]2[C@H]3CC[C@H](C3)[C@@H]2C(=O)N1CCCCCCN1CCN(c2cccc(Cl)c2)CC1,False,False,False
170518,"CN1CCN(CC1)C1=c2ccccc2=Nc2ccc(Cl)cc2N1 |c:8,15|",39.5,Ki (nM),CN1CCN(C2=c3ccccc3=Nc3ccc(Cl)cc3N2)CC1,False,False,False
162678,"CN1CCN(CC1)C1=c2ccccc2=Nc2ccc(Cl)cc2N1 |c:8,15|",39.81,Ki (nM),CN1CCN(C2=c3ccccc3=Nc3ccc(Cl)cc3N2)CC1,False,False,False
159687,CC[C@@H](CO)NC(=O)[C@H]1CN([C@@H]2Cc3cn(c4c3c(ccc4)C2=C1)C)C,39.81,Ki (nM),CC[C@@H](CO)NC(=O)[C@@H]1C=C2c3cccc4c3c(cn4C)C[C@H]2N(C)C1,False,False,False
162679,"CN1CCN(CC1)C1=c2ccccc2=Nc2ccc(Cl)cc2N1 |c:8,15|",39.81,Ki (nM),CN1CCN(C2=c3ccccc3=Nc3ccc(Cl)cc3N2)CC1,False,False,False
180756,Clc1ccc2Oc3ccccc3N=C(N3CCNCC3)c2c1 |t:13|,39.81,Ki (nM),Clc1ccc2c(c1)C(N1CCNCC1)=Nc1ccccc1O2,False,False,False
180761,CN1CCN(CC1)C1=Nc2ccccc2Oc2ccc(Cl)cc12 |t:8|,39.81,Ki (nM),CN1CCN(C2=Nc3ccccc3Oc3ccc(Cl)cc32)CC1,False,False,False
180430,CC1CCN(CCC2CCCCC2S(=O)(=O)c2cccc3ccccc23)CC1,39.81,Ki (nM),CC1CCN(CCC2CCCCC2S(=O)(=O)c2cccc3ccccc23)CC1,False,False,False
174141,CCCN(CCC)C1CCc2cccc(O)c2C1,39.81,Ki (nM),CCCN(CCC)C1CCc2cccc(O)c2C1,False,False,False
792233,CC(Oc1ccc(Cl)cc1OC1CNC1)c1ccccc1,40.0,Ki (nM),CC(Oc1ccc(Cl)cc1OC1CNC1)c1ccccc1,False,False,False
50462470,Cn1cc(cn1)S(=O)(=O)NC1CN(CCOc2ccccc2-c2ccccc2)C1,40.0,Ki (nM),Cn1cc(S(=O)(=O)NC2CN(CCOc3ccccc3-c3ccccc3)C2)cn1,False,False,False
50663756,Fc1ccc2NC(=O)C(CCCCN3CCN(CC3)c3ccc(Cl)cc3)c2c1,40.0,Ki (nM),O=C1Nc2ccc(F)cc2C1CCCCN1CCN(c2ccc(Cl)cc2)CC1,False,False,False
792197,CC(Oc1ccc(Cl)cc1OC1CNC1)c1cccc(SC(F)(F)F)c1,40.0,Ki (nM),CC(Oc1ccc(Cl)cc1OC1CNC1)c1cccc(SC(F)(F)F)c1,False,False,False
50812942,CN1CCN(CC1)C1=Nc2cc(Cl)ccc2Nc2ccccc12,40.0,Ki (nM),CN1CCN(C2=Nc3cc(Cl)ccc3Nc3ccccc32)CC1,False,False,False
50096592,CN(CCCN1CCN(CC1)c1ccccc1)c1cccc(NS(C)(=O)=O)c1,40.0,Ki (nM),CN(CCCN1CCN(c2ccccc2)CC1)c1cccc(NS(C)(=O)=O)c1,False,False,False
50719339,Clc1ccc(cc1)N1CCN(CCC2CCN(CC2)S(=O)(=O)c2cnc3ccccc3c2)CC1,40.0,Ki (nM),O=S(=O)(c1cnc2ccccc2c1)N1CCC(CCN2CCN(c3ccc(Cl)cc3)CC2)CC1,False,False,False
51164831,Cc1ccc2c(OCCN3CCC(Cc4cc5NC(=O)COc5cc4F)CC3)cc(F)cc2n1,40.0,Ki (nM),Cc1ccc2c(OCCN3CCC(Cc4cc5c(cc4F)OCC(=O)N5)CC3)cc(F)cc2n1,False,False,False
51228697,O=c1[nH]c(SCCCN2CCC(Cc3ccccc3)CC2)nc2c3ccccc3sc12,40.0,Ki (nM),O=c1[nH]c(SCCCN2CCC(Cc3ccccc3)CC2)nc2c1sc1ccccc12,False,False,False
50310666,CC(C)c1ccccc1N1CCN(CCCCCC(=O)N2Cc3ccccc3C[C@H]2C(=O)N2CCCCC2)CC1,40.0,Ki (nM),CC(C)c1ccccc1N1CCN(CCCCCC(=O)N2Cc3ccccc3C[C@H]2C(=O)N2CCCCC2)CC1,False,False,False
51164884,Cc1ccc2c(OCCN3CCC(Cc4cc5NC(=O)COc5cc4F)CC3)cc(Cl)cc2n1,40.0,Ki (nM),Cc1ccc2c(OCCN3CCC(Cc4cc5c(cc4F)OCC(=O)N5)CC3)cc(Cl)cc2n1,False,False,False
51157911,COc1ccc2[nH]cc(CCN(C)C)c2c1,40.0,Ki (nM),COc1ccc2[nH]cc(CCN(C)C)c2c1,False,False,False
50663737,Fc1ccc2NC(=O)C(CCCCN3CCC(=CC3)c3cccc(c3)C(F)(F)F)c2c1,40.0,Ki (nM),O=C1Nc2ccc(F)cc2C1CCCCN1CC=C(c2cccc(C(F)(F)F)c2)CC1,False,False,False
51357425,CNc1ccc(cc1)-c1c2CCNCCc2nn1C(C)C,40.0,Ki (nM),CNc1ccc(-c2c3c(nn2C(C)C)CCNCC3)cc1,False,False,False
50096610,Oc1cccc(CCCN2CCN(CC2)c2ccccc2)c1,40.0,Ki (nM),Oc1cccc(CCCN2CCN(c3ccccc3)CC2)c1,False,False,False
53790,COc1ccccc1N1CCN(CCCn2c3ccccc3[nH]c2=O)CC1,40.0,Ki (nM),COc1ccccc1N1CCN(CCCn2c(=O)[nH]c3ccccc32)CC1,False,False,False
792243,Brc1ccc(OC2CCc3ccccc23)c(OC2CNC2)c1,40.0,Ki (nM),Brc1ccc(OC2CCc3ccccc32)c(OC2CNC2)c1,False,False,False
50289742,Clc1ccccc1N1CCN(CCCCCC(=O)NC2CCCc3ccccc23)CC1,40.1,Ki (nM),O=C(CCCCCN1CCN(c2ccccc2Cl)CC1)NC1CCCc2ccccc21,False,False,False
38646,Clc1ccccc1N1CCN(CCCCCC(=O)NC2CCCc3ccccc23)CC1,40.1,Ki (nM),O=C(CCCCCN1CCN(c2ccccc2Cl)CC1)NC1CCCc2ccccc21,False,False,False
161662,Clc1ccc2Oc3ccccc3N=C(N3CCNCC3)c2c1 |t:13|,40.6,Ki (nM),Clc1ccc2c(c1)C(N1CCNCC1)=Nc1ccccc1O2,False,False,False
160250,CCCN(CCC)C1CCc2cccc(O)c2C1,40.73,Ki (nM),CCCN(CCC)C1CCc2cccc(O)c2C1,False,False,False
1466593,CN(C)CCc1c[nH]c2cc(F)ccc12,40.8,Ki (nM),CN(C)CCc1c[nH]c2cc(F)ccc12,False,False,False
50958856,O=C(NC1CCN(CCOc2ccccc2-c2ccccc2)C1)c1ccc2ccccc2n1,41.0,Ki (nM),O=C(NC1CCN(CCOc2ccccc2-c2ccccc2)C1)c1ccc2ccccc2n1,False,False,False
50286423,O=C1Cc2ccccc2N1CCCCCN1CC[C@H]2CCCC[C@@H]2C1,41.0,Ki (nM),O=C1Cc2ccccc2N1CCCCCN1CC[C@H]2CCCC[C@@H]2C1,False,False,False
51042118,Clc1ccc2ncc(cc2c1)S(=O)(=O)NCCCCN1CCN(CC1)c1cccc(Cl)c1Cl,41.0,Ki (nM),O=S(=O)(NCCCCN1CCN(c2cccc(Cl)c2Cl)CC1)c1cnc2ccc(Cl)cc2c1,False,False,False
792193,CC(Oc1ccc(Cl)cc1OC1CNC1)c1ccc(F)c(c1)C(F)(F)F,41.0,Ki (nM),CC(Oc1ccc(Cl)cc1OC1CNC1)c1ccc(F)c(C(F)(F)F)c1,False,False,False
50268784,NC(N)=NC(=O)c1ccc-2c(c1)C(O)c1cccc(Cl)c-21,41.0,Ki (nM),NC(N)=NC(=O)c1ccc2c(c1)C(O)c1cccc(Cl)c1-2,False,False,False
51120157,Brc1cccc(OCCN2CCC(CC2)NS(=O)(=O)c2ccccc2)c1,41.0,Ki (nM),O=S(=O)(NC1CCN(CCOc2cccc(Br)c2)CC1)c1ccccc1,False,False,False
50289741,COc1ccc2CCCC(NC(=O)CCCCCN3CCN(CC3)c3ccccc3OC)c2c1,41.0,Ki (nM),COc1ccc2c(c1)C(NC(=O)CCCCCN1CCN(c3ccccc3OC)CC1)CCC2,False,False,False
50268810,NC(N)=NC(=O)c1ccc-2c(c1)C(O)c1cccc(CO)c-21,41.0,Ki (nM),NC(N)=NC(=O)c1ccc2c(c1)C(O)c1cccc(CO)c1-2,False,False,False
50706736,Oc1c2CCCn2c(=O)n1CCCCNC[C@H]1CCc2ccccc2O1,41.0,Ki (nM),O=c1n(CCCCNC[C@H]2CCc3ccccc3O2)c(O)c2n1CCC2,False,False,False
51207224,N#Cc1ccccc1-n1cc(CN2CCN(CC2)c2ccccc2)c2ccccc12,41.0,Ki (nM),N#Cc1ccccc1-n1cc(CN2CCN(c3ccccc3)CC2)c2ccccc21,False,False,False
50102343,O=S(=O)(NCCCN1CCN(CC1)c1noc2ccccc12)c1cccc2scnc12,41.0,Ki (nM),O=S(=O)(NCCCN1CCN(c2noc3ccccc23)CC1)c1cccc2scnc12,False,False,False
51375347,Cc1nc2CCCCn2c(=O)c1CCN1CCC(CC1)c1noc2cc(F)ccc12,41.0,Ki (nM),Cc1nc2n(c(=O)c1CCN1CCC(c3noc4cc(F)ccc34)CC1)CCCC2,False,False,False
50590911,COc1ccc(c(OC)c1)-c1cccc(NC2=NCCN2)c1C,41.0,Ki (nM),COc1ccc(-c2cccc(NC3=NCCN3)c2C)c(OC)c1,False,False,False
50703480,CCN(CCCCN1CCN(CC1)c1ccccc1OC)S(=O)(=O)c1ccc2ncccc2c1,41.0,Ki (nM),CCN(CCCCN1CCN(c2ccccc2OC)CC1)S(=O)(=O)c1ccc2ncccc2c1,False,False,False
50387102,COc1ccccc1N1CCN(CCc2cccc(OCCOc3cccc(CCN4CCN(CC4)c4ccccc4OC)c3)c2)CC1,41.1,Ki (nM),COc1ccccc1N1CCN(CCc2cccc(OCCOc3cccc(CCN4CCN(c5ccccc5OC)CC4)c3)c2)CC1,False,False,False
160301,CCN(CC)C(=O)N[C@H]1C[C@H]2[C@@H](Cc3c[nH]c4cccc2c34)N(C)C1,41.68,Ki (nM),CCN(CC)C(=O)N[C@H]1C[C@@H]2c3cccc4[nH]cc(c34)C[C@H]2N(C)C1,False,False,False
50572160,CN1CCc2[nH]c3ccc(cc3c2C1)S(=O)(=O)Nc1cccc(F)c1,42.0,Ki (nM),CN1CCc2[nH]c3ccc(S(=O)(=O)Nc4cccc(F)c4)cc3c2C1,False,False,False
792073,Fc1ccc(COc2ccc(Cl)cc2OC2CNC2)c(F)c1,42.0,Ki (nM),Fc1ccc(COc2ccc(Cl)cc2OC2CNC2)c(F)c1,False,False,False
792201,CC(Oc1ccc(Cl)cc1OC1CNC1)c1ccc(Cl)cc1,42.0,Ki (nM),CC(Oc1ccc(Cl)cc1OC1CNC1)c1ccc(Cl)cc1,False,False,False
50290777,O=c1sc2ccccc2n1CCCCN1CCN(Cc2ccccc2)CC1,42.0,Ki (nM),O=c1sc2ccccc2n1CCCCN1CCN(Cc2ccccc2)CC1,False,False,False
50433190,CSc1ccccc1N1CCN(CCCCCC(=O)N2Cc3ccccc3C2)CC1,42.0,Ki (nM),CSc1ccccc1N1CCN(CCCCCC(=O)N2Cc3ccccc3C2)CC1,False,False,False
51248949,COc1ccc(\C=C2/NC(=O)N(CCCN3CCN(CC3)c3ccccc3OC)C2=O)cc1OC,42.0,Ki (nM),COc1ccc(/C=C2\NC(=O)N(CCCN3CCN(c4ccccc4OC)CC3)C2=O)cc1OC,False,False,False
51285623,CCn1cncc1-c1c[nH]c2ccc(Cl)cc12,42.0,Ki (nM),CCn1cncc1-c1c[nH]c2ccc(Cl)cc12,False,False,False
51344438,COc1cc2CCN(C)C3Cc4ccc(NS(C)(=O)=O)cc4-c(c1OCC=C)c23,42.0,Ki (nM),C=CCOc1c(OC)cc2c3c1-c1cc(NS(C)(=O)=O)ccc1CC3N(C)CC2,False,False,False
792225,CC(Oc1ccc(Cl)cc1OC1CCNCC1)c1ccccc1F,42.0,Ki (nM),CC(Oc1ccc(Cl)cc1OC1CCNCC1)c1ccccc1F,False,False,False
50387100,COc1ccccc1N1CCN(CCc2cccc(OCCCCCCOc3cccc(CCN4CCN(CC4)c4ccccc4OC)c3)c2)CC1,42.6,Ki (nM),COc1ccccc1N1CCN(CCc2cccc(OCCCCCCOc3cccc(CCN4CCN(c5ccccc5OC)CC4)c3)c2)CC1,False,False,False
50353442,Clc1cccc(c1)N1CCN(CCCCN2C(=O)NC3(CCCCC3c3ccccc3)C2=O)CC1,43.0,Ki (nM),O=C1NC2(CCCCC2c2ccccc2)C(=O)N1CCCCN1CCN(c2cccc(Cl)c2)CC1,False,False,False
50076030,COc1ccccc1N1CCN(Cc2ccccc2-c2ccccc2OC)CC1,43.0,Ki (nM),COc1ccccc1-c1ccccc1CN1CCN(c2ccccc2OC)CC1,False,False,False
50387110,COc1ccccc1N1CCN(CCc2cccc(OC(=O)COCC(=O)Oc3cccc(CCN4CCN(CC4)c4ccccc4OC)c3)c2)CC1,43.0,Ki (nM),COc1ccccc1N1CCN(CCc2cccc(OC(=O)COCC(=O)Oc3cccc(CCN4CCN(c5ccccc5OC)CC4)c3)c2)CC1,False,False,False
50073051,COc1ccccc1N1CCN(Cc2ccccc2-c2ccccc2OC)CC1,43.0,Ki (nM),COc1ccccc1-c1ccccc1CN1CCN(c2ccccc2OC)CC1,False,False,False
792203,CC(Oc1ccc(Cl)cc1OC1CNC1)c1ccc(F)cc1,43.0,Ki (nM),CC(Oc1ccc(Cl)cc1OC1CNC1)c1ccc(F)cc1,False,False,False
792459,COc1cccc(Oc2ccc(Br)cc2OC2CNC2)c1,43.0,Ki (nM),COc1cccc(Oc2ccc(Br)cc2OC2CNC2)c1,False,False,False
154122,C(C1=NCCN1)c1cccc2ccccc12 |t:1|,43.0,Ki (nM),c1ccc2c(CC3=NCCN3)cccc2c1,False,False,False
161675,CN1CCN(CC1)C1=Nc2ccccc2Oc2ccc(Cl)cc12 |t:8|,43.0,Ki (nM),CN1CCN(C2=Nc3ccccc3Oc3ccc(Cl)cc32)CC1,False,False,False
50310676,CC(C)c1ccccc1N1CCN(CCCCCCC(=O)N2Cc3ccccc3C[C@H]2C(N)=O)CC1,43.0,Ki (nM),CC(C)c1ccccc1N1CCN(CCCCCCC(=O)N2Cc3ccccc3C[C@H]2C(N)=O)CC1,False,False,False
50344944,COc1cc2C[C@@H]3N(C)CCc4cc(OC)c(OC)c(-c2cc1OC)c34,43.0,Ki (nM),COc1cc2c(cc1OC)-c1c(OC)c(OC)cc3c1[C@H](C2)N(C)CC3,False,False,False
51397921,COc1ccc(cc1)-c1ccccc1N1CCN(CCCCOc2ccc3c(C)cc(=O)oc3c2Cl)CC1,43.0,Ki (nM),COc1ccc(-c2ccccc2N2CCN(CCCCOc3ccc4c(C)cc(=O)oc4c3Cl)CC2)cc1,False,False,False
50268813,NC1c2ccccc2-c2ccc(cc12)C(=O)N=C(N)N,43.0,Ki (nM),NC(N)=NC(=O)c1ccc2c(c1)C(N)c1ccccc1-2,False,False,False
50812885,CN1CCN(CC1)C1=Nc2ccccc2Oc2ccc(Cl)cc12,43.0,Ki (nM),CN1CCN(C2=Nc3ccccc3Oc3ccc(Cl)cc32)CC1,False,False,False
50333395,Cn1c2nc3n(CCCCCN4CCN(CC4)c4ccccc4O)c(cn3c2c(=O)n(C)c1=O)-c1ccccc1,43.0,Ki (nM),Cn1c(=O)c2c(nc3n(CCCCCN4CCN(c5ccccc5O)CC4)c(-c4ccccc4)cn23)n(C)c1=O,False,False,False
51364371,Cn1ccc2c(cccc12)S(=O)(=O)N[C@H]1CCN(CCCc2noc3ccccc23)C1,43.0,Ki (nM),Cn1ccc2c(S(=O)(=O)N[C@H]3CCN(CCCc4noc5ccccc45)C3)cccc21,False,False,False
50224034,Oc1ccccc1C(=O)CCCCCN1CCN(CC1)c1ccccc1,43.0,Ki (nM),O=C(CCCCCN1CCN(c2ccccc2)CC1)c1ccccc1O,False,False,False
51037332,Fc1ccc(cc1)C1=CCN(CCN2CCC3(C2)C(=O)Nc2ccccc32)CC1,43.0,Ki (nM),O=C1Nc2ccccc2C12CCN(CCN1CC=C(c3ccc(F)cc3)CC1)C2,False,False,False
50177140,CN1CCc2cccc-3c2[C@H]1Cc1cccc(-c2c(C)cccc2O)c-31,43.1,Ki (nM),Cc1cccc(O)c1-c1cccc2c1-c1cccc3c1[C@@H](C2)N(C)CC3,False,False,False
50289750,COc1ccc2C(CCCc2c1)NC(=O)CCCCN1CCN(CC1)c1ccccc1OC,43.1,Ki (nM),COc1ccc2c(c1)CCCC2NC(=O)CCCCN1CCN(c2ccccc2OC)CC1,False,False,False
50177127,CN1CCc2cccc-3c2[C@H]1Cc1cccc(-c2c(C)cccc2O)c-31,43.1,Ki (nM),Cc1cccc(O)c1-c1cccc2c1-c1cccc3c1[C@@H](C2)N(C)CC3,False,False,False
50224032,COc1ccccc1N1CCN(CCCCC(=O)c2ccccc2)CC1,43.5,Ki (nM),COc1ccccc1N1CCN(CCCCC(=O)c2ccccc2)CC1,False,False,False
51126942,Clc1cccc(N2CCN(CCCCOc3ccc4CCC(=O)Nc4c3)CC2)c1Cl,44.0,Ki (nM),O=C1CCc2ccc(OCCCCN3CCN(c4cccc(Cl)c4Cl)CC3)cc2N1,False,False,False
51449154,C[C@H]1C[C@@H](CN1CCCc1noc2cc(F)ccc12)NS(=O)(=O)c1ccc2ccccc2c1,44.0,Ki (nM),C[C@H]1C[C@H](NS(=O)(=O)c2ccc3ccccc3c2)CN1CCCc1noc2cc(F)ccc12,False,False,False
50290572,COc1ccccc1N1CCN(CCCCCC(=O)NCc2ccccc2-c2ccccc2)CC1,44.0,Ki (nM),COc1ccccc1N1CCN(CCCCCC(=O)NCc2ccccc2-c2ccccc2)CC1,False,False,False
51285658,CCn1cncc1-c1c[nH]c2ccc(C)cc12,44.0,Ki (nM),CCn1cncc1-c1c[nH]c2ccc(C)cc12,False,False,False
50290395,COc1ccc(cc1)-c1ccccc1CNC(=O)CCCCN1CCN(CC1)c1ccccc1OC,44.0,Ki (nM),COc1ccc(-c2ccccc2CNC(=O)CCCCN2CCN(c3ccccc3OC)CC2)cc1,False,False,False
51397910,COc1ccc(cc1)-c1ccccc1N1CCN(C[C@@H](O)COc2ccc(Cl)cc2F)CC1,44.0,Ki (nM),COc1ccc(-c2ccccc2N2CCN(C[C@@H](O)COc3ccc(Cl)cc3F)CC2)cc1,False,False,False
50520282,FC(F)(F)c1ccc(CNC(=O)CCOCCN2CCN(CC2)c2cccnc2-c2ccccc2)cc1,44.0,Ki (nM),O=C(CCOCCN1CCN(c2cccnc2-c2ccccc2)CC1)NCc1ccc(C(F)(F)F)cc1,False,False,False
50866756,Fc1ccc2NC(=O)C(CCCCN3CCN(CC3)c3ccccc3)c2c1,44.0,Ki (nM),O=C1Nc2ccc(F)cc2C1CCCCN1CCN(c2ccccc2)CC1,False,False,False
51155761,OC1(CCN(CCCCC23CCCc4cccc(NC2=O)c34)CC1)c1ccccc1,44.0,Ki (nM),O=C1Nc2cccc3c2C1(CCCCN1CCC(O)(c2ccccc2)CC1)CCC3,False,False,False
50525116,Clc1ccc2sc(CCCCN3CCC4CCCCC4C3)nc2c1,44.0,Ki (nM),Clc1ccc2sc(CCCCN3CCC4CCCCC4C3)nc2c1,False,False,False
50525053,Clc1ccc2sc(CCCCN3CCC4CCCCC4C3)nc2c1,44.0,Ki (nM),Clc1ccc2sc(CCCCN3CCC4CCCCC4C3)nc2c1,False,False,False
51228674,COc1ccc(Cl)cc1N1CCN(CCCCc2nc3ccsc3c(=O)[nH]2)CC1,44.0,Ki (nM),COc1ccc(Cl)cc1N1CCN(CCCCc2nc3ccsc3c(=O)[nH]2)CC1,False,False,False
162732,[#6]-c1nc2sccn2c(=O)c1-[#6]-[#6]-[#7]-1-[#6]-[#6]\[#6](-[#6]-[#6]-1)=[#6](\c1ccc(F)cc1)-c1ccc(F)cc1,44.66,Ki (nM),[C]c1nc2sccn2c(=O)c1[C][C]N1[C][C]C(=C(c2ccc(F)cc2)c2ccc(F)cc2)[C][C]1,False,False,False
50812871,Cc1nc2sccn2c(=O)c1CCN1CCC(CC1)=C(c1ccc(F)cc1)c1ccc(F)cc1,45.0,Ki (nM),Cc1nc2sccn2c(=O)c1CCN1CCC(=C(c2ccc(F)cc2)c2ccc(F)cc2)CC1,False,False,False
50524899,Clc1cccc2CCN(CCCCc3nc4ccccc4s3)Cc12,45.0,Ki (nM),Clc1cccc2c1CN(CCCCc1nc3ccccc3s1)CC2,False,False,False
50376738,COc1cccc(CC2NCCc3c2[nH]c2ccc(OC)cc32)c1,45.0,Ki (nM),COc1cccc(CC2NCCc3c2[nH]c2ccc(OC)cc32)c1,False,False,False
50551008,Clc1cccc(c1)N1CCN(CCCCCOc2cc(ncn2)-c2ccccc2)CC1,45.0,Ki (nM),Clc1cccc(N2CCN(CCCCCOc3cc(-c4ccccc4)ncn3)CC2)c1,False,False,False
51205671,COc1ccc(CNC(=O)CCOCCN2CCN(CC2)c2ccccc2-c2ccc(F)cc2)cc1,45.0,Ki (nM),COc1ccc(CNC(=O)CCOCCN2CCN(c3ccccc3-c3ccc(F)cc3)CC2)cc1,False,False,False
51408603,Clc1ccc2CC(CCN3CCN(CC3)c3ccccn3)Cc2c1,45.0,Ki (nM),Clc1ccc2c(c1)CC(CCN1CCN(c3ccccn3)CC1)C2,False,False,False
51126946,O=S(=O)(N1CC[C@@H]1CCN1CCN(CC1)c1cccc2sccc12)c1cccc2ncccc12,45.0,Ki (nM),O=S(=O)(c1cccc2ncccc12)N1CC[C@@H]1CCN1CCN(c2cccc3sccc23)CC1,False,False,False
51223549,O=C1N(CCCCCCN2CCN(CC2)c2nsc3ccccc23)S(=O)(=O)c2ccccc12,45.0,Ki (nM),O=C1c2ccccc2S(=O)(=O)N1CCCCCCN1CCN(c2nsc3ccccc23)CC1,False,False,False
163314,[#6]-c1nc2sccn2c(=O)c1-[#6]-[#6]-[#7]-1-[#6]-[#6]\[#6](-[#6]-[#6]-1)=[#6](\c1ccc(F)cc1)-c1ccc(F)cc1,45.0,Ki (nM),[C]c1nc2sccn2c(=O)c1[C][C]N1[C][C]C(=C(c2ccc(F)cc2)c2ccc(F)cc2)[C][C]1,False,False,False
50617366,Fc1ccc(cc1)-c1cn(Cc2ccccc2)c2CCNCc12,45.0,Ki (nM),Fc1ccc(-c2cn(Cc3ccccc3)c3c2CNCC3)cc1,False,False,False
50082447,CC1(C)N(CCCCCN2CCN(CC2)c2ccc(F)cc2)C(=O)N(Cc2ccccc2)C1=O,45.0,Ki (nM),CC1(C)C(=O)N(Cc2ccccc2)C(=O)N1CCCCCN1CCN(c2ccc(F)cc2)CC1,False,False,False
50551190,CCOc1ccccc1N1CCN(CCCCCn2cnc(cc2=O)-c2ccccc2)CC1,45.0,Ki (nM),CCOc1ccccc1N1CCN(CCCCCn2cnc(-c3ccccc3)cc2=O)CC1,False,False,False
50524895,Clc1cccc2CCN(CCCCc3nc4ccccc4s3)Cc12,45.0,Ki (nM),Clc1cccc2c1CN(CCCCc1nc3ccccc3s1)CC2,False,False,False
160277,CSc1ccc2Sc3ccccc3CC(N3CCN(C)CC3)c2c1,45.7,Ki (nM),CSc1ccc2c(c1)C(N1CCN(C)CC1)Cc1ccccc1S2,False,False,False
160298,[#6]-c1nc2sccn2c(=O)c1-[#6]-[#6]-[#7]-1-[#6]-[#6]\[#6](-[#6]-[#6]-1)=[#6](\c1ccc(F)cc1)-c1ccc(F)cc1,45.7,Ki (nM),[C]c1nc2sccn2c(=O)c1[C][C]N1[C][C]C(=C(c2ccc(F)cc2)c2ccc(F)cc2)[C][C]1,False,False,False
51155788,O=C1Nc2cccc3CCCC1(CCCCN1CCN(CC1)c1ncccn1)c23,46.0,Ki (nM),O=C1Nc2cccc3c2C1(CCCCN1CCN(c2ncccn2)CC1)CCC3,False,False,False
51042122,Clc1ccc2ncc(cc2c1)S(=O)(=O)NCCCN1CCN(CC1)c1cccc(Cl)c1Cl,46.0,Ki (nM),O=S(=O)(NCCCN1CCN(c2cccc(Cl)c2Cl)CC1)c1cnc2ccc(Cl)cc2c1,False,False,False
50076028,COc1ccc(cc1)-c1ccccc1CN1CCN(CC1)c1ccccc1OC,46.0,Ki (nM),COc1ccc(-c2ccccc2CN2CCN(c3ccccc3OC)CC2)cc1,False,False,False
50688902,CN1CCN(CC1)C1=Nc2cc(Cl)ccc2Nc2ccccc12,46.0,Ki (nM),CN1CCN(C2=Nc3cc(Cl)ccc3Nc3ccccc32)CC1,False,False,False
50590848,Cc1c(NC2=NCCN2)cccc1-c1cccc(c1)C(F)(F)F,46.0,Ki (nM),Cc1c(NC2=NCCN2)cccc1-c1cccc(C(F)(F)F)c1,False,False,False
50376741,Oc1c(F)cccc1CC1NCCc2c1[nH]c1ccccc21,46.0,Ki (nM),Oc1c(F)cccc1CC1NCCc2c1[nH]c1ccccc21,False,False,False
51157924,CCCN(CCC)[C@@H]1CCc2cccc(O)c2C1,46.0,Ki (nM),CCCN(CCC)[C@@H]1CCc2cccc(O)c2C1,False,False,False
50073073,COc1ccc(cc1)-c1ccccc1CN1CCN(CC1)c1ccccc1OC,46.0,Ki (nM),COc1ccc(-c2ccccc2CN2CCN(c3ccccc3OC)CC2)cc1,False,False,False
50082450,CC1(C)N(CCCCCN2CCN(CC2)c2ccc(F)cc2)C(=O)N(Cc2ccc(F)cc2)C1=O,46.0,Ki (nM),CC1(C)C(=O)N(Cc2ccc(F)cc2)C(=O)N1CCCCCN1CCN(c2ccc(F)cc2)CC1,False,False,False
50290765,O=c1oc2ccccc2n1CCCCCCCN1CCN(CC1)c1ccccc1,46.0,Ki (nM),O=c1oc2ccccc2n1CCCCCCCN1CCN(c2ccccc2)CC1,False,False,False
51397925,COc1ccc(cc1)-c1ccccc1C1CCN(CCCCOc2cnccn2)CC1,46.0,Ki (nM),COc1ccc(-c2ccccc2C2CCN(CCCCOc3cnccn3)CC2)cc1,False,False,False
53813,CC1(C)CC(=O)N(CCCCN2CCN(CC2)c2cccc(c2)C(F)(F)F)C(=O)C1,46.0,Ki (nM),CC1(C)CC(=O)N(CCCCN2CCN(c3cccc(C(F)(F)F)c3)CC2)C(=O)C1,False,False,False
50958847,CC(C)c1ccccc1OCCN1CCC(CNS(=O)(=O)c2cccc(Cl)c2)CC1,46.0,Ki (nM),CC(C)c1ccccc1OCCN1CCC(CNS(=O)(=O)c2cccc(Cl)c2)CC1,False,False,False
51285687,CCn1cncc1-c1c[nH]c2ccc(OC)c(F)c12,46.0,Ki (nM),CCn1cncc1-c1c[nH]c2ccc(OC)c(F)c12,False,False,False
51230327,CN1CCN(CC1)C1=Nc2cc(Cl)ccc2Nc2ccccc12,46.0,Ki (nM),CN1CCN(C2=Nc3cc(Cl)ccc3Nc3ccccc32)CC1,False,False,False
50224037,COc1cccc(c1)C(=O)CCCCCN1CCN(CC1)c1ccccc1OC,46.0,Ki (nM),COc1cccc(C(=O)CCCCCN2CCN(c3ccccc3OC)CC2)c1,False,False,False
51408623,Clc1ccc2CC(CCN3CCN(CC3)c3ccccn3)Cc2c1,46.0,Ki (nM),Clc1ccc2c(c1)CC(CCN1CCN(c3ccccn3)CC1)C2,False,False,False
51449140,Fc1ccc2c(CCCN3CCC(CS(=O)(=O)c4ccc(cc4)C(F)(F)F)C3)noc2c1,47.0,Ki (nM),O=S(=O)(CC1CCN(CCCc2noc3cc(F)ccc23)C1)c1ccc(C(F)(F)F)cc1,False,False,False
50290776,Clc1ccc(cc1)N1CCN(CCCCn2c3ccccc3sc2=O)CC1,47.0,Ki (nM),O=c1sc2ccccc2n1CCCCN1CCN(c2ccc(Cl)cc2)CC1,False,False,False
51285574,CN1CCN(CC1)C1=Nc2cc(Cl)ccc2Nc2ccccc12,47.0,Ki (nM),CN1CCN(C2=Nc3cc(Cl)ccc3Nc3ccccc32)CC1,False,False,False
51068930,Cc1ccc(cc1)-c1n[nH]c2CCNCCc12,47.0,Ki (nM),Cc1ccc(-c2n[nH]c3c2CCNCC3)cc1,False,False,False
50719340,Clc1ccc(cc1)N1CCN(CCC2CCN(CC2)S(=O)(=O)c2cncc3ccccc23)CC1,47.0,Ki (nM),O=S(=O)(c1cncc2ccccc12)N1CCC(CCN2CCN(c3ccc(Cl)cc3)CC2)CC1,False,False,False
50290389,COc1ccccc1N1CCN(CCCC(=O)NCc2ccccc2-c2ccccc2Cl)CC1,47.0,Ki (nM),COc1ccccc1N1CCN(CCCC(=O)NCc2ccccc2-c2ccccc2Cl)CC1,False,False,False
50353451,COc1ccccc1N1CCN(CCCCN2C(=O)NC3(CCCc4ccccc34)C2=O)CC1,47.0,Ki (nM),COc1ccccc1N1CCN(CCCCN2C(=O)NC3(CCCc4ccccc43)C2=O)CC1,False,False,False
51397918,COc1ccc(cc1)-c1ccccc1N1CCN(CCCCOc2ccc(Cl)cc2F)CC1,47.0,Ki (nM),COc1ccc(-c2ccccc2N2CCN(CCCCOc3ccc(Cl)cc3F)CC2)cc1,False,False,False
50663765,Fc1ccc2NC(=O)C(CCCCN3CCN(CC3)c3ccccc3)c2c1,47.0,Ki (nM),O=C1Nc2ccc(F)cc2C1CCCCN1CCN(c2ccccc2)CC1,False,False,False
50456080,O=C1Cc2ccccc2N1CCCCN1CCN(CC1)c1cccc2ccccc12,47.0,Ki (nM),O=C1Cc2ccccc2N1CCCCN1CCN(c2cccc3ccccc23)CC1,False,False,False
50474291,CC1(NC(=O)N(CC(O)CN2CCN(CC2)c2ccccc2Cl)C1=O)c1ccc(F)cc1,47.0,Ki (nM),CC1(c2ccc(F)cc2)NC(=O)N(CC(O)CN2CCN(c3ccccc3Cl)CC2)C1=O,False,False,False
51418985,Fc1cccc(c1)-c1n[nH]cc1N1CCNCC1,47.0,Ki (nM),Fc1cccc(-c2n[nH]cc2N2CCNCC2)c1,False,False,False
836726,Cc1ccc(cc1)-c1n[nH]c2CCNCCc12,47.0,Ki (nM),Cc1ccc(-c2n[nH]c3c2CCNCC3)cc1,False,False,False
51418986,Fc1cccc(c1)-c1n[nH]cc1N1CCNCC1,47.0,Ki (nM),Fc1cccc(-c2n[nH]cc2N2CCNCC2)c1,False,False,False
51068784,Cc1ccc(cc1)-c1n[nH]c2CCNCCc12,47.0,Ki (nM),Cc1ccc(-c2n[nH]c3c2CCNCC3)cc1,False,False,False
160256,"CN1CCN(CC1)C1=c2ccccc2=Nc2ccc(Cl)cc2N1 |c:8,15|",47.86,Ki (nM),CN1CCN(C2=c3ccccc3=Nc3ccc(Cl)cc3N2)CC1,False,False,False
162681,[#6]-[#7]-1-[#6]-[#6]\[#6](-[#6]-[#6]-1)=[#6]-1/c2ccccc2-[#6]=[#6]-c2ccccc-12 |c:16|,47.86,Ki (nM),[C]N1[C][C]C(=C2c3ccccc3[C]=[C]c3ccccc32)[C][C]1,False,False,False
174878,CN1CCN2c3ccccc3Cc4ccccc4[C@H]2C1,47.86,Ki (nM),CN1CCN2c3ccccc3Cc3ccccc3[C@H]2C1,False,False,False
160300,c1ccc(cc1)N2CNC(=O)C23CCN(CC3)CCCC(=O)c4ccc(cc4)F,47.86,Ki (nM),O=C(CCCN1CCC2(CC1)C(=O)NCN2c1ccccc1)c1ccc(F)cc1,False,False,False
51449137,Fc1ccc2c(CCCN3CCC(CS(=O)(=O)c4ccc(F)c(F)c4)C3)noc2c1,48.0,Ki (nM),O=S(=O)(CC1CCN(CCCc2noc3cc(F)ccc23)C1)c1ccc(F)c(F)c1,False,False,False
170519,[#6]-[#7]-1-[#6]-[#6]\[#6](-[#6]-[#6]-1)=[#6]-1/c2ccccc2-[#6]=[#6]-c2ccccc-12 |c:16|,48.0,Ki (nM),[C]N1[C][C]C(=C2c3ccccc3[C]=[C]c3ccccc32)[C][C]1,False,False,False
51256137,CN1CCN(CC1)C1=Nc2cc(Cl)ccc2Nc2ccccc12,48.0,Ki (nM),CN1CCN(C2=Nc3cc(Cl)ccc3Nc3ccccc32)CC1,False,False,False
50300519,CN1CCN(CC1)C1=Nc2cc(Cl)ccc2Nc2ccccc12,48.0,Ki (nM),CN1CCN(C2=Nc3cc(Cl)ccc3Nc3ccccc32)CC1,False,False,False
50290391,COc1ccccc1N1CCN(CCCCC(=O)NCc2ccccc2-c2cccc(C)c2)CC1,48.0,Ki (nM),COc1ccccc1N1CCN(CCCCC(=O)NCc2ccccc2-c2cccc(C)c2)CC1,False,False,False
51207220,CCc1ccccc1-n1cc(CN2CCN(CC2)c2ccccc2)c2ccccc12,48.0,Ki (nM),CCc1ccccc1-n1cc(CN2CCN(c3ccccc3)CC2)c2ccccc21,False,False,False
792534,Clc1ccc(cc1)C(=O)c1ccc(Br)cc1OC1CNC1,48.0,Ki (nM),O=C(c1ccc(Cl)cc1)c1ccc(Br)cc1OC1CNC1,False,False,False
51256133,CN1CCN(CC1)C1=Nc2cc(Cl)ccc2Nc2ccccc12,48.0,Ki (nM),CN1CCN(C2=Nc3cc(Cl)ccc3Nc3ccccc32)CC1,False,False,False
51337121,CCCN(CCC)[C@@H]1CCc2cccc(O)c2C1,48.0,Ki (nM),CCCN(CCC)[C@@H]1CCc2cccc(O)c2C1,False,False,False
53791,O=c1[nH]c2ccccc2n1CCCCN1CCN(CC1)c1ccccc1,48.0,Ki (nM),O=c1[nH]c2ccccc2n1CCCCN1CCN(c2ccccc2)CC1,False,False,False
1170917,CCN(CCN1CCC(CC1)c1noc2cc(F)ccc12)C(=O)[C@H]1NCC[C@H]1O,48.5,Ki (nM),CCN(CCN1CCC(c2noc3cc(F)ccc23)CC1)C(=O)[C@H]1NCC[C@H]1O,False,False,False
38647,O=C(CCCCCN1CCN(CC1)c1ccccc1C#N)NC1CCCc2ccccc12,48.7,Ki (nM),N#Cc1ccccc1N1CCN(CCCCCC(=O)NC2CCCc3ccccc32)CC1,False,False,False
50289683,O=C(CCCCCN1CCN(CC1)c1ccccc1C#N)NC1CCCc2ccccc12,48.7,Ki (nM),N#Cc1ccccc1N1CCN(CCCCCC(=O)NC2CCCc3ccccc32)CC1,False,False,False
170514,CC(C)C[C@H]1C(=O)N2CCC[C@H]2[C@]3(N1C(=O)[C@](O3)(C(C)C)NC(=O)[C@H]4CN([C@@H]5Cc6c7c(cccc7[nH]c6Br)C5=C4)C)O,48.8,Ki (nM),CC(C)C[C@H]1C(=O)N2CCC[C@H]2[C@]2(O)O[C@](NC(=O)[C@@H]3C=C4c5cccc6[nH]c(Br)c(c56)C[C@H]4N(C)C3)(C(C)C)C(=O)N12,False,False,False
1423522,O=c1[nH]c2ccccc2n1CCCCCN1CCCN(CC1)c1ccccn1,48.9,Ki (nM),O=c1[nH]c2ccccc2n1CCCCCN1CCCN(c2ccccn2)CC1,False,False,False
160275,CN1C[C@H](CNC(=O)OCc2ccccc2)C[C@H]2[C@H]1Cc1cn(C)c3cccc2c13,48.97,Ki (nM),CN1C[C@H](CNC(=O)OCc2ccccc2)C[C@@H]2c3cccc4c3c(cn4C)C[C@H]21,False,False,False
162672,CC(C)C[C@H]1C(=O)N2CCC[C@H]2[C@]3(N1C(=O)[C@](O3)(C(C)C)NC(=O)[C@H]4CN([C@@H]5Cc6c7c(cccc7[nH]c6Br)C5=C4)C)O,48.97,Ki (nM),CC(C)C[C@H]1C(=O)N2CCC[C@H]2[C@]2(O)O[C@](NC(=O)[C@@H]3C=C4c5cccc6[nH]c(Br)c(c56)C[C@H]4N(C)C3)(C(C)C)C(=O)N12,False,False,False
160264,C[C@@]1(C(=O)N2[C@H](C(=O)N3CCC[C@H]3[C@@]2(O1)O)Cc4ccccc4)NC(=O)[C@H]5CN([C@@H]6Cc7c[nH]c8c7c(ccc8)C6=C5)C,48.97,Ki (nM),CN1C[C@H](C(=O)N[C@]2(C)O[C@@]3(O)[C@@H]4CCCN4C(=O)[C@H](Cc4ccccc4)N3C2=O)C=C2c3cccc4[nH]cc(c34)C[C@H]21,False,False,False
50444787,Cn1cc(cn1)S(=O)(=O)N(CC1CC1)C1CCN(CCOc2ccccc2C(C)(C)C)CC1,49.0,Ki (nM),Cn1cc(S(=O)(=O)N(CC2CC2)C2CCN(CCOc3ccccc3C(C)(C)C)CC2)cn1,False,False,False
50503301,Fc1ccc(SCCCN2CCc3ccccc3C2)cc1,49.0,Ki (nM),Fc1ccc(SCCCN2CCc3ccccc3C2)cc1,False,False,False
50456809,Brc1ccc2[nH]cc(CCN(CC=C)CC=C)c2c1,49.0,Ki (nM),C=CCN(CC=C)CCc1c[nH]c2ccc(Br)cc12,False,False,False
792016,Clc1ccc(OCc2csc(n2)-c2cccs2)c(OC2CNC2)c1,49.0,Ki (nM),Clc1ccc(OCc2csc(-c3cccs3)n2)c(OC2CNC2)c1,False,False,False
50884981,CCOc1ccccc1CN=C(N)NC(=O)NC,49.0,Ki (nM),CCOc1ccccc1CN=C(N)NC(=O)NC,False,False,False
51418973,COc1ccc(cc1)-c1n[nH]cc1N1CCNCC1,49.0,Ki (nM),COc1ccc(-c2n[nH]cc2N2CCNCC2)cc1,False,False,False
51285696,Cn1cncc1-c1c[nH]c2ccc(Cl)c(F)c12,49.0,Ki (nM),Cn1cncc1-c1c[nH]c2ccc(Cl)c(F)c12,False,False,False
51449151,C[C@H]1C[C@@H](CN1CCCc1noc2cc(F)ccc12)NS(=O)(=O)c1cc2ccc(F)cc2s1,49.0,Ki (nM),C[C@H]1C[C@H](NS(=O)(=O)c2cc3ccc(F)cc3s2)CN1CCCc1noc2cc(F)ccc12,False,False,False
51418974,COc1ccc(cc1)-c1n[nH]cc1N1CCNCC1,49.0,Ki (nM),COc1ccc(-c2n[nH]cc2N2CCNCC2)cc1,False,False,False
38651,CCCc1ccccc1N1CCN(CCCCCC(=O)NC2CCCc3ccccc23)CC1,49.6,Ki (nM),CCCc1ccccc1N1CCN(CCCCCC(=O)NC2CCCc3ccccc32)CC1,False,False,False
51315535,Clc1ccccc1N1CCN(CC1)C(=O)CCN1CCN(Cc2ccccc2)CC1,50.0,Ki (nM),O=C(CCN1CCN(Cc2ccccc2)CC1)N1CCN(c2ccccc2Cl)CC1,False,False,False
282663,COc1ccc(cc1OC1CNC1)-c1ccccc1OC,50.0,Ki (nM),COc1ccc(-c2ccccc2OC)cc1OC1CNC1,False,False,False
51229289,Fc1ccc2[nH]cc(C3CC(=O)N(CCCCN4CCC(CC4)c4c[nH]c5ccccc45)C3=O)c2c1,50.0,Ki (nM),O=C1CC(c2c[nH]c3ccc(F)cc23)C(=O)N1CCCCN1CCC(c2c[nH]c3ccccc23)CC1,False,False,False
50344933,COc1cc-2c(C[C@@H]3N(C)CCc4cc(OC)c(OC)c-2c34)cc1OC1CCCCC1,50.0,Ki (nM),COc1cc2c(cc1OC1CCCCC1)C[C@H]1c3c(cc(OC)c(OC)c3-2)CCN1C,False,False,False
51566612,CN(C)CCc1c[nH]c2ccccc12,50.0,Ki (nM),CN(C)CCc1c[nH]c2ccccc12,False,False,False
50081751,NC(=O)[C@@H]1CCCN1C(=O)CCCCCN1CCN(CC1)c1noc2ccccc12,50.0,Ki (nM),NC(=O)[C@@H]1CCCN1C(=O)CCCCCN1CCN(c2noc3ccccc23)CC1,False,False,False
223566,COc1ccc(cc1OC1CNC1)-c1ccccc1OC,50.0,Ki (nM),COc1ccc(-c2ccccc2OC)cc1OC1CNC1,False,False,False
50719336,Clc1cccc(c1)N1CCN(CCCCNS(=O)(=O)c2ccc3ccccc3c2)CC1,50.0,Ki (nM),O=S(=O)(NCCCCN1CCN(c2cccc(Cl)c2)CC1)c1ccc2ccccc2c1,False,False,False
51031556,COc1ccccc1N1CCN(CC(O)CN2C(=O)NC(C)(C2=O)c2ccc(C)cc2)CC1,50.0,Ki (nM),COc1ccccc1N1CCN(CC(O)CN2C(=O)NC(C)(c3ccc(C)cc3)C2=O)CC1,False,False,False
50462415,Cn1cc(cn1)S(=O)(=O)NC1CC2CCC(C1)N2CCOc1cccc(c1)-c1ccccc1,50.0,Ki (nM),Cn1cc(S(=O)(=O)NC2CC3CCC(C2)N3CCOc2cccc(-c3ccccc3)c2)cn1,False,False,False
51315518,Clc1ccccc1N1CCN(CC1)C(=O)CCN1CCN(Cc2ccccc2)CC1,50.0,Ki (nM),O=C(CCN1CCN(Cc2ccccc2)CC1)N1CCN(c2ccccc2Cl)CC1,False,False,False
50268811,COCc1cccc2C(O)c3cc(ccc3-c12)C(=O)N=C(N)N,50.0,Ki (nM),COCc1cccc2c1-c1ccc(C(=O)N=C(N)N)cc1C2O,False,False,False
792536,CN1CC(C1)Oc1cc(Br)ccc1C(=O)c1cccc(Cl)c1,50.0,Ki (nM),CN1CC(Oc2cc(Br)ccc2C(=O)c2cccc(Cl)c2)C1,False,False,False
51158068,CN1CCC(CC1)=C1c2ccccc2C=Cc2ccccc12,50.0,Ki (nM),CN1CCC(=C2c3ccccc3C=Cc3ccccc32)CC1,False,False,False
51158070,O=C1Nc2cccc3CCCC1(CCCCN1CCC(=CC1)c1ccccc1)c23,50.0,Ki (nM),O=C1Nc2cccc3c2C1(CCCCN1CC=C(c2ccccc2)CC1)CCC3,False,False,False
50640088,Oc1ccccc1N1CCN(CCN(C(=O)C23C4C5C2C2C3C4C52I)c2ccccn2)CC1,50.0,Ki (nM),O=C(N(CCN1CCN(c2ccccc2O)CC1)c1ccccn1)C12C3C4C1C1C2C3C41I,False,False,False
50984854,CN1CCC(CC1)=C1c2ccccc2C=Cc2ccccc12,50.0,Ki (nM),CN1CCC(=C2c3ccccc3C=Cc3ccccc32)CC1,False,False,False
162690,C[C@@]1(C(=O)N2[C@H](C(=O)N3CCC[C@H]3[C@@]2(O1)O)Cc4ccccc4)NC(=O)[C@H]5CN([C@@H]6Cc7c[nH]c8c7c(ccc8)C6=C5)C,50.11,Ki (nM),CN1C[C@H](C(=O)N[C@]2(C)O[C@@]3(O)[C@@H]4CCCN4C(=O)[C@H](Cc4ccccc4)N3C2=O)C=C2c3cccc4[nH]cc(c34)C[C@H]21,False,False,False
159684,CCCN(CCC)C1CCc2cccc(O)c2C1,50.11,Ki (nM),CCCN(CCC)C1CCc2cccc(O)c2C1,False,False,False
174178,[#6]-c1nc2sccn2c(=O)c1-[#6]-[#6]-[#7]-1-[#6]-[#6]\[#6](-[#6]-[#6]-1)=[#6](\c1ccc(F)cc1)-c1ccc(F)cc1,50.12,Ki (nM),[C]c1nc2sccn2c(=O)c1[C][C]N1[C][C]C(=C(c2ccc(F)cc2)c2ccc(F)cc2)[C][C]1,False,False,False
174147,[#6]-[#7]-1-[#6]-[#6]\[#6](-[#6]-[#6]-1)=[#6]-1/c2ccccc2-[#6]=[#6]-c2ccccc-12 |c:16|,50.12,Ki (nM),[C]N1[C][C]C(=C2c3ccccc3[C]=[C]c3ccccc32)[C][C]1,False,False,False
174179,[#6]-c1nc2sccn2c(=O)c1-[#6]-[#6]-[#7]-1-[#6]-[#6]\[#6](-[#6]-[#6]-1)=[#6](\c1ccc(F)cc1)-c1ccc(F)cc1,50.12,Ki (nM),[C]c1nc2sccn2c(=O)c1[C][C]N1[C][C]C(=C(c2ccc(F)cc2)c2ccc(F)cc2)[C][C]1,False,False,False
174145,"CN1CCN(CC1)C1=c2ccccc2=Nc2ccc(Cl)cc2N1 |c:8,15|",50.12,Ki (nM),CN1CCN(C2=c3ccccc3=Nc3ccc(Cl)cc3N2)CC1,False,False,False
174180,c1ccc(cc1)N2CNC(=O)C23CCN(CC3)CCCC(=O)c4ccc(cc4)F,50.12,Ki (nM),O=C(CCCN1CCC2(CC1)C(=O)NCN2c1ccccc1)c1ccc(F)cc1,False,False,False
174143,CCCN(CCC)C1CCc2cccc(O)c2C1,50.12,Ki (nM),CCCN(CCC)C1CCc2cccc(O)c2C1,False,False,False
174175,CN1CCN2c3ccccc3Cc4ccccc4[C@H]2C1,50.12,Ki (nM),CN1CCN2c3ccccc3Cc3ccccc3[C@H]2C1,False,False,False
51230287,Cc1ccc2[nH]cc(CCNCc3ccc(o3)-c3ccc(O)cc3)c2c1,51.0,Ki (nM),Cc1ccc2[nH]cc(CCNCc3ccc(-c4ccc(O)cc4)o3)c2c1,False,False,False
50816785,Clc1ccc(cc1)S(=O)(=O)NCCN1CCC(=CC1)c1c[nH]c2ccc(Cl)cc12,51.0,Ki (nM),O=S(=O)(NCCN1CC=C(c2c[nH]c3ccc(Cl)cc23)CC1)c1ccc(Cl)cc1,False,False,False
51337081,Fc1ccccc1-c1cccc2CC(CCc12)N1CCCC1,51.0,Ki (nM),Fc1ccccc1-c1cccc2c1CCC(N1CCCC1)C2,False,False,False
50846001,CCOc1nc2n(C)c(=O)n(C)c(=O)c2n1CCCCN1CCN(CC1)c1cccc(Cl)c1,51.0,Ki (nM),CCOc1nc2c(c(=O)n(C)c(=O)n2C)n1CCCCN1CCN(c2cccc(Cl)c2)CC1,False,False,False
51126948,O=S(=O)(N1CC[C@@H]1CCN1CCN(CC1)c1nsc2ccccc12)c1cncc2ccccc12,51.0,Ki (nM),O=S(=O)(c1cncc2ccccc12)N1CC[C@@H]1CCN1CCN(c2nsc3ccccc23)CC1,False,False,False
792548,Clc1ccc(cc1Cl)C(=O)c1ccc(Br)cc1OC1CNC1,51.0,Ki (nM),O=C(c1ccc(Cl)c(Cl)c1)c1ccc(Br)cc1OC1CNC1,False,False,False
50081681,CSc1ccccc1N1CCN(CCCCC(=O)N2Cc3ccccc3C[C@H]2C(N)=O)CC1,51.0,Ki (nM),CSc1ccccc1N1CCN(CCCCC(=O)N2Cc3ccccc3C[C@H]2C(N)=O)CC1,False,False,False
50503231,C(CCc1c[nH]c2ccccc12)CN1CCc2ccccc2C1,51.0,Ki (nM),c1ccc2c(c1)CCN(CCCCc1c[nH]c3ccccc13)C2,False,False,False
51315567,O=C(CCN1CCN(Cc2ccccc2)CC1)N1CCN(CC1)c1ccccc1,52.0,Ki (nM),O=C(CCN1CCN(Cc2ccccc2)CC1)N1CCN(c2ccccc2)CC1,False,False,False
50503232,C(CCc1c[nH]c2ccccc12)CN1CCc2ccccc2C1,52.0,Ki (nM),c1ccc2c(c1)CCN(CCCCc1c[nH]c3ccccc13)C2,False,False,False
50284504,COc1ccccc1N1CCN(CCCNS(=O)(=O)c2ccc(C)cc2)CC1,52.0,Ki (nM),COc1ccccc1N1CCN(CCCNS(=O)(=O)c2ccc(C)cc2)CC1,False,False,False
50224025,Oc1ccccc1C(=O)CCCCN1CCN(CC1)c1noc2ccccc12,52.0,Ki (nM),O=C(CCCCN1CCN(c2noc3ccccc23)CC1)c1ccccc1O,False,False,False
51442073,CCCCNCc1ccc(Cl)c(c1)-c1ccccc1OC,52.0,Ki (nM),CCCCNCc1ccc(Cl)c(-c2ccccc2OC)c1,False,False,False
51105858,CC(C)c1ccccc1OCCCN1CCC(CC1)NS(=O)(=O)c1cccc(F)c1,52.0,Ki (nM),CC(C)c1ccccc1OCCCN1CCC(NS(=O)(=O)c2cccc(F)c2)CC1,False,False,False
50344939,COc1cc-2c(C[C@@H]3N(C)CCc4cc(OC)c(OC)c-2c34)cc1OCCF,52.0,Ki (nM),COc1cc2c(cc1OCCF)C[C@H]1c3c(cc(OC)c(OC)c3-2)CCN1C,False,False,False
51315555,O=C(CCN1CCN(Cc2ccccc2)CC1)N1CCN(CC1)c1ccccc1,52.0,Ki (nM),O=C(CCN1CCN(Cc2ccccc2)CC1)N1CCN(c2ccccc2)CC1,False,False,False
282697,COc1ccc(cc1C1CCNC1)-c1cccc(F)c1F,52.0,Ki (nM),COc1ccc(-c2cccc(F)c2F)cc1C1CCNC1,False,False,False
51068773,Fc1ccc(cc1)-c1noc2CCNCCc12,52.0,Ki (nM),Fc1ccc(-c2noc3c2CCNCC3)cc1,False,False,False
51105860,Clc1cccc(c1)S(=O)(=O)NC1CCN(CCCOc2ccccc2-c2ccccc2)CC1,52.0,Ki (nM),O=S(=O)(NC1CCN(CCCOc2ccccc2-c2ccccc2)CC1)c1cccc(Cl)c1,False,False,False
223600,COc1ccc(cc1C1CCNC1)-c1cccc(F)c1F,52.0,Ki (nM),COc1ccc(-c2cccc(F)c2F)cc1C1CCNC1,False,False,False
50663734,CCC1(CCCCN2CCC(=CC2)c2cccc(Cl)c2)C(=O)Nc2ccc(F)cc12,52.0,Ki (nM),CCC1(CCCCN2CC=C(c3cccc(Cl)c3)CC2)C(=O)Nc2ccc(F)cc21,False,False,False
50796146,Clc1ccc(cc1Cl)N1CCN(CCC2CCN(CC2)S(=O)(=O)c2cccc3ncccc23)CC1,52.0,Ki (nM),O=S(=O)(c1cccc2ncccc12)N1CCC(CCN2CCN(c3ccc(Cl)c(Cl)c3)CC2)CC1,False,False,False
51126842,O=S(=O)(N1CCC[C@@H]1CCN1CCN(CC1)c1cccc2OCCOc12)c1cncc2ccccc12,52.0,Ki (nM),O=S(=O)(c1cncc2ccccc12)N1CCC[C@@H]1CCN1CCN(c2cccc3c2OCCO3)CC1,False,False,False
50796144,FC(F)(F)c1cccc(c1)N1CCN(CCC2CCN(CC2)S(=O)(=O)c2cncc3ccccc23)CC1,52.0,Ki (nM),O=S(=O)(c1cncc2ccccc12)N1CCC(CCN2CCN(c3cccc(C(F)(F)F)c3)CC2)CC1,False,False,False
170650,CCCN(CCC)C1CCc2cccc(O)c2C1,52.0,Ki (nM),CCCN(CCC)C1CCc2cccc(O)c2C1,False,False,False
50520283,FC(F)(F)c1ccc(CNC(=O)CCOCCN2CCN(CC2)c2ncccc2-c2ccccc2)cc1,52.0,Ki (nM),O=C(CCOCCN1CCN(c2ncccc2-c2ccccc2)CC1)NCc1ccc(C(F)(F)F)cc1,False,False,False
51442090,CCCCNCc1ccc(Cl)c(c1)-c1ccccc1OC,52.0,Ki (nM),CCCCNCc1ccc(Cl)c(-c2ccccc2OC)c1,False,False,False
51126866,O=S(=O)(N1CCCC[C@@H]1CCN1CCN(CC1)c1nsc2ccccc12)c1cccc2ncccc12,52.0,Ki (nM),O=S(=O)(c1cccc2ncccc12)N1CCCC[C@@H]1CCN1CCN(c2nsc3ccccc23)CC1,False,False,False
160279,CC[C@@H](CO)NC(=O)[C@H]1CN([C@@H]2Cc3c[nH]c4c3c(ccc4)C2=C1)C,52.48,Ki (nM),CC[C@@H](CO)NC(=O)[C@@H]1C=C2c3cccc4[nH]cc(c34)C[C@H]2N(C)C1,False,False,False
160293,Cc1nc2ccccn2c(=O)c1CCN1CCC(CC1)C(=O)c1ccc(F)cc1,52.48,Ki (nM),Cc1nc2ccccn2c(=O)c1CCN1CCC(C(=O)c2ccc(F)cc2)CC1,False,False,False
162669,CCCN(CCC)C1CCc2cccc(O)c2C1,52.48,Ki (nM),CCCN(CCC)C1CCc2cccc(O)c2C1,False,False,False
51161228,O=S(=O)(c1ccccc1)C1(CCN2CCC(C2)c2ccccc2)CCC1,53.0,Ki (nM),O=S(=O)(c1ccccc1)C1(CCN2CCC(c3ccccc3)C2)CCC1,False,False,False
170689,CCCN(CCC)C1CCc2cccc(O)c2C1,53.0,Ki (nM),CCCN(CCC)C1CCc2cccc(O)c2C1,False,False,False
50462413,O=S(=O)(NC1CCN(CCOc2ccccc2-c2ccccc2)CC1)c1cccnc1,53.0,Ki (nM),O=S(=O)(NC1CCN(CCOc2ccccc2-c2ccccc2)CC1)c1cccnc1,False,False,False
51282115,Clc1cccc(c1)N1CCN(CCCCCCN2C(=O)c3cccc4cccc2c34)CC1,53.0,Ki (nM),O=C1c2cccc3cccc(c23)N1CCCCCCN1CCN(c2cccc(Cl)c2)CC1,False,False,False
50444786,CC(C)(C)c1ccccc1OCCN1CCC(CC1)N(CC1CC1)S(=O)(=O)c1ccc(F)cc1,53.0,Ki (nM),CC(C)(C)c1ccccc1OCCN1CCC(N(CC2CC2)S(=O)(=O)c2ccc(F)cc2)CC1,False,False,False
51605895,CSc1ccccc1N1CCN(CCCCCC(=O)NC2CCCc3ccccc23)CC1,53.0,Ki (nM),CSc1ccccc1N1CCN(CCCCCC(=O)NC2CCCc3ccccc32)CC1,False,False,False
51285659,CCn1cncc1-c1c[nH]c2ccc(Cl)c(F)c12,53.0,Ki (nM),CCn1cncc1-c1c[nH]c2ccc(Cl)c(F)c12,False,False,False
836730,Fc1ccc(cc1)-c1noc2CCNCCc12,53.0,Ki (nM),Fc1ccc(-c2noc3c2CCNCC3)cc1,False,False,False
50663763,CCC1(CCCCN2CCN(CC2)c2ccccc2Cl)C(=O)Nc2ccccc12,53.0,Ki (nM),CCC1(CCCCN2CCN(c3ccccc3Cl)CC2)C(=O)Nc2ccccc21,False,False,False
792026,FC(F)(F)c1ccccc1COc1ccc(Cl)cc1OC1CNC1,53.0,Ki (nM),FC(F)(F)c1ccccc1COc1ccc(Cl)cc1OC1CNC1,False,False,False
51068787,Fc1ccc(cc1)-c1noc2CCNCCc12,53.0,Ki (nM),Fc1ccc(-c2noc3c2CCNCC3)cc1,False,False,False
51348373,FC(F)(F)c1cccc(c1)N1CCN(CCCCCCN2C(=O)[C@H]3[C@@H]4CC[C@@H](C4)[C@H]3C2=O)CC1,53.0,Ki (nM),O=C1[C@@H]2[C@H]3CC[C@H](C3)[C@@H]2C(=O)N1CCCCCCN1CCN(c2cccc(C(F)(F)F)c2)CC1,False,False,False
50520284,O=C(CCOCCN1CCN(CC1)c1ccccc1-c1ccccc1)NCc1ccncc1,53.0,Ki (nM),O=C(CCOCCN1CCN(c2ccccc2-c2ccccc2)CC1)NCc1ccncc1,False,False,False
791986,FC(F)(F)Oc1ccc(COc2ccc(Br)cc2OC2CNC2)cc1Cl,53.0,Ki (nM),FC(F)(F)Oc1ccc(COc2ccc(Br)cc2OC2CNC2)cc1Cl,False,False,False
792402,CC1(CNC1)Oc1cc(Br)ccc1OCc1cccc(Cl)c1,53.0,Ki (nM),CC1(Oc2cc(Br)ccc2OCc2cccc(Cl)c2)CNC1,False,False,False
162642,C1CN(CCN1)c1cccc2ccccc12,53.7,Ki (nM),c1ccc2c(N3CCNCC3)cccc2c1,False,False,False
50845991,CCOc1nc2n(C)c(=O)n(C)c(=O)c2n1CCCCN1CCN(CC1)c1ccccc1OC,54.0,Ki (nM),CCOc1nc2c(c(=O)n(C)c(=O)n2C)n1CCCCN1CCN(c2ccccc2OC)CC1,False,False,False
50344930,COc1cc-2c(C[C@@H]3N(C)CCc4cc(OC)c(OC)c-2c34)cc1OCc1ccc(Br)cc1,54.0,Ki (nM),COc1cc2c(cc1OCc1ccc(Br)cc1)C[C@H]1c3c(cc(OC)c(OC)c3-2)CCN1C,False,False,False
50433188,CC(C)c1ccccc1N1CCN(CCCCCC(=O)N2Cc3ccccc3C2)CC1,54.0,Ki (nM),CC(C)c1ccccc1N1CCN(CCCCCC(=O)N2Cc3ccccc3C2)CC1,False,False,False
50250516,CCOc1nc2n(C)c(=O)n(C)c(=O)c2n1CCCCN1CCN(CC1)c1ccccc1OC,54.0,Ki (nM),CCOc1nc2c(c(=O)n(C)c(=O)n2C)n1CCCCN1CCN(c2ccccc2OC)CC1,False,False,False
50102294,Clc1ccc2cc(sc2c1)S(=O)(=O)NCCCN1CCN(CC1)c1nsc2ccccc12,54.0,Ki (nM),O=S(=O)(NCCCN1CCN(c2nsc3ccccc23)CC1)c1cc2ccc(Cl)cc2s1,False,False,False
50276082,C[C@H](Nc1nc(C)nc(NCCOc2ccccc2)n1)c1ccccc1,54.0,Ki (nM),Cc1nc(NCCOc2ccccc2)nc(N[C@@H](C)c2ccccc2)n1,False,False,False
51348449,Cc1ccc(cc1)S(=O)(=O)N(CCCCCCN1CCN(CC1)c1nsc2ccccc12)c1ccccc1,54.0,Ki (nM),Cc1ccc(S(=O)(=O)N(CCCCCCN2CCN(c3nsc4ccccc34)CC2)c2ccccc2)cc1,False,False,False
50551181,Cc1nc2ccccc2c(=O)n1CCCCCN1CCN(CC1)c1ccccc1,54.0,Ki (nM),Cc1nc2ccccc2c(=O)n1CCCCCN1CCN(c2ccccc2)CC1,False,False,False
50462478,CC(C)(C)c1ccccc1OCCN1CCC(CC1)NS(=O)(=O)c1ccc(F)cc1,54.0,Ki (nM),CC(C)(C)c1ccccc1OCCN1CCC(NS(=O)(=O)c2ccc(F)cc2)CC1,False,False,False
51161244,CC(C)(CCCN1CCCC(C1)C(F)(F)F)S(=O)(=O)c1ccccc1,54.0,Ki (nM),CC(C)(CCCN1CCCC(C(F)(F)F)C1)S(=O)(=O)c1ccccc1,False,False,False
50284494,CCN(CCCN1CCc2cc(OC)ccc2C1)S(=O)(=O)c1ccccc1,54.0,Ki (nM),CCN(CCCN1CCc2cc(OC)ccc2C1)S(=O)(=O)c1ccccc1,False,False,False
50520337,Fc1ccc(cc1)-c1cccnc1N1CCN(CCOCCC(=O)NCc2ccc(cc2)C#N)CC1,54.0,Ki (nM),N#Cc1ccc(CNC(=O)CCOCCN2CCN(c3ncccc3-c3ccc(F)cc3)CC2)cc1,False,False,False
51207216,C(N1CCN(CC1)c1ccccc1)c1cn(-c2ccccc2)c2ccccc12,54.0,Ki (nM),c1ccc(N2CCN(Cc3cn(-c4ccccc4)c4ccccc34)CC2)cc1,False,False,False
51315533,Clc1cccc(c1)N1CCN(CC1)C(=O)CCN1CCN(Cc2ccccc2)CC1,55.0,Ki (nM),O=C(CCN1CCN(Cc2ccccc2)CC1)N1CCN(c2cccc(Cl)c2)CC1,False,False,False
50796145,Clc1cccc(N2CCN(CCC3CCN(CC3)S(=O)(=O)c3cccc4ncccc34)CC2)c1Cl,55.0,Ki (nM),O=S(=O)(c1cccc2ncccc12)N1CCC(CCN2CCN(c3cccc(Cl)c3Cl)CC2)CC1,False,False,False
50853089,CN1CCc2ccc3[nH]c(=O)c4cccc5C[C@@H]1c2c3c45,55.0,Ki (nM),CN1CCc2ccc3[nH]c(=O)c4cccc5c4c3c2[C@H]1C5,False,False,False
50703469,COc1ccccc1N1CCN(CCCCNS(=O)(=O)c2cccc3cccnc23)CC1,55.0,Ki (nM),COc1ccccc1N1CCN(CCCCNS(=O)(=O)c2cccc3cccnc23)CC1,False,False,False
51315558,Clc1cccc(c1)N1CCN(CC1)C(=O)CCN1CCN(Cc2ccccc2)CC1,55.0,Ki (nM),O=C(CCN1CCN(Cc2ccccc2)CC1)N1CCN(c2cccc(Cl)c2)CC1,False,False,False
51037297,Clc1cccc(c1)N1CCN(CCN2CCC3(C2)C(=O)Nc2ccccc32)CC1,55.0,Ki (nM),O=C1Nc2ccccc2C12CCN(CCN1CCN(c3cccc(Cl)c3)CC1)C2,False,False,False
50174001,CN1CCc2ccc3c4c2[C@H]1Cc1cccc([nH]c3=O)c41,55.0,Ki (nM),CN1CCc2ccc3c(=O)[nH]c4cccc5c4c3c2[C@H]1C5,False,False,False
282709,Cc1ccc(cc1C)-c1ccccc1C1CCNC1,55.94,Ki (nM),Cc1ccc(-c2ccccc2C2CCNC2)cc1C,False,False,False
223612,Cc1ccc(cc1C)-c1ccccc1C1CCNC1,55.94,Ki (nM),Cc1ccc(-c2ccccc2C2CCNC2)cc1C,False,False,False
50444785,CC(C)c1ccccc1OCCN1CCC(CC1)N(CC1CC1)S(=O)(=O)c1cnn(C)c1,56.0,Ki (nM),CC(C)c1ccccc1OCCN1CCC(N(CC2CC2)S(=O)(=O)c2cnn(C)c2)CC1,False,False,False
51228716,O=c1[nH]c(CCCCN2CCN(Cc3ccccc3)CC2)nc2c3ccccc3sc12,56.0,Ki (nM),O=c1[nH]c(CCCCN2CCN(Cc3ccccc3)CC2)nc2c1sc1ccccc12,False,False,False
50719351,Clc1cccc(c1)N1CCN(CCCCNS(=O)(=O)c2cnc3ccccc3c2)CC1,56.0,Ki (nM),O=S(=O)(NCCCCN1CCN(c2cccc(Cl)c2)CC1)c1cnc2ccccc2c1,False,False,False
50300508,CN1CCN2C(C1)c1ccccc1Cc1ccccc21,56.0,Ki (nM),CN1CCN2c3ccccc3Cc3ccccc3C2C1,False,False,False
51042114,Clc1cccc(N2CCN(CCCCNS(=O)(=O)c3cc4ccccc4cn3)CC2)c1Cl,56.0,Ki (nM),O=S(=O)(NCCCCN1CCN(c2cccc(Cl)c2Cl)CC1)c1cc2ccccc2cn1,False,False,False
50796143,FC(F)(F)c1cccc(c1)N1CCN(CCC2CCN(CC2)S(=O)(=O)c2cccc3ncccc23)CC1,56.0,Ki (nM),O=S(=O)(c1cccc2ncccc12)N1CCC(CCN2CCN(c3cccc(C(F)(F)F)c3)CC2)CC1,False,False,False
51489099,COc1ccccc1N1CCN(CC2CCN(C2)c2ncnc3cc(OC)c(OC)cc23)CC1,56.0,Ki (nM),COc1cc2ncnc(N3CCC(CN4CCN(c5ccccc5OC)CC4)C3)c2cc1OC,False,False,False
50474287,Cc1ccc(C)c(c1)N1CCN(CC(O)CN2C(=O)NC(C)(C2=O)c2ccc(F)cc2)CC1,56.0,Ki (nM),Cc1ccc(C)c(N2CCN(CC(O)CN3C(=O)NC(C)(c4ccc(F)cc4)C3=O)CC2)c1,False,False,False
50444783,CC(C)c1ccccc1OCCN1CCC(CC1)N(CC1CC1)S(=O)(=O)c1cccc(F)c1,56.0,Ki (nM),CC(C)c1ccccc1OCCN1CCC(N(CC2CC2)S(=O)(=O)c2cccc(F)c2)CC1,False,False,False
50300575,CN(C)C[C@@H]1CC2[C@H](O1)c1cc(F)ccc1Oc1ccccc21,57.0,Ki (nM),CN(C)C[C@@H]1CC2c3ccccc3Oc3ccc(F)cc3[C@H]2O1,False,False,False
50268814,NC(=N)NC(=O)c1ccc-2c(c1)C(F)c1ccccc-21,57.0,Ki (nM),N=C(N)NC(=O)c1ccc2c(c1)C(F)c1ccccc1-2,False,False,False
50846005,CCCOc1nc2n(C)c(=O)n(C)c(=O)c2n1CCCCN1CCc2ccccc2C1,57.0,Ki (nM),CCCOc1nc2c(c(=O)n(C)c(=O)n2C)n1CCCCN1CCc2ccccc2C1,False,False,False
51126840,O=S(=O)(N1CC[C@@H]1CCN1CCN(CC1)c1nsc2ccccc12)c1cccc2ncccc12,57.0,Ki (nM),O=S(=O)(c1cccc2ncccc12)N1CC[C@@H]1CCN1CCN(c2nsc3ccccc23)CC1,False,False,False
50102344,O=S(=O)(NCCCCN1CCN(CC1)c1noc2ccccc12)c1cccc2scnc12,57.0,Ki (nM),O=S(=O)(NCCCCN1CCN(c2noc3ccccc23)CC1)c1cccc2scnc12,False,False,False
50096581,CN(CCN1CCN(CC1)c1ccccc1)c1cccc(NS(C)(=O)=O)c1,57.0,Ki (nM),CN(CCN1CCN(c2ccccc2)CC1)c1cccc(NS(C)(=O)=O)c1,False,False,False
50290773,O=c1oc2ccccc2n1CCCCCN1CCN(CC1)c1ccccc1,57.0,Ki (nM),O=c1oc2ccccc2n1CCCCCN1CCN(c2ccccc2)CC1,False,False,False
50586758,CC1CCN(CC[C@H]2CCCN2S(=O)(=O)c2ccc3[nH]c(O)nc3c2)CC1,58.0,Ki (nM),CC1CCN(CC[C@H]2CCCN2S(=O)(=O)c2ccc3[nH]c(O)nc3c2)CC1,False,False,False
50958862,Clc1ccc(s1)S(=O)(=O)NC1CCN(CCOc2cc(Cl)ccc2Cl)C1,58.0,Ki (nM),O=S(=O)(NC1CCN(CCOc2cc(Cl)ccc2Cl)C1)c1ccc(Cl)s1,False,False,False
51366663,Fc1ccc2C(=O)C(CCN3CCCN(CC3)c3ccc(Cl)cn3)Cc2c1,58.0,Ki (nM),O=C1c2ccc(F)cc2CC1CCN1CCCN(c2ccc(Cl)cn2)CC1,False,False,False
51366679,Fc1ccc2C(=O)C(CCN3CCCN(CC3)c3ccc(Cl)cn3)Cc2c1,58.0,Ki (nM),O=C1c2ccc(F)cc2CC1CCN1CCCN(c2ccc(Cl)cn2)CC1,False,False,False
51223508,FC(F)(F)c1cccc(c1)N1CCN(CCCCCCN2C(=O)c3ccccc3S2(=O)=O)CC1,58.0,Ki (nM),O=C1c2ccccc2S(=O)(=O)N1CCCCCCN1CCN(c2cccc(C(F)(F)F)c2)CC1,False,False,False
51366661,Fc1ccc2C(=O)C(CCN3CCCN(CC3)c3ccccn3)Cc2c1,58.0,Ki (nM),O=C1c2ccc(F)cc2CC1CCN1CCCN(c2ccccn2)CC1,False,False,False
50444779,CN(C1CCN(CCOc2ccccc2C(C)(C)C)CC1)S(=O)(=O)c1cnn(C)c1,58.0,Ki (nM),CN(C1CCN(CCOc2ccccc2C(C)(C)C)CC1)S(=O)(=O)c1cnn(C)c1,False,False,False
50444778,CN(C1CCN(CCOc2ccccc2C(C)(C)C)CC1)S(=O)(=O)c1ccc(F)cc1,58.0,Ki (nM),CN(C1CCN(CCOc2ccccc2C(C)(C)C)CC1)S(=O)(=O)c1ccc(F)cc1,False,False,False
50344940,CCCCCCOc1cc2C[C@@H]3N(C)CCc4cc(OC)c(OC)c(-c2cc1OC)c34,58.0,Ki (nM),CCCCCCOc1cc2c(cc1OC)-c1c(OC)c(OC)cc3c1[C@H](C2)N(C)CC3,False,False,False
51105861,Fc1ccc(cc1)S(=O)(=O)NC1CCN(CCCOc2ccccc2-c2ccccc2)CC1,58.0,Ki (nM),O=S(=O)(NC1CCN(CCCOc2ccccc2-c2ccccc2)CC1)c1ccc(F)cc1,False,False,False
792542,CC(C)N1CC(C1)Oc1cc(Br)ccc1C(=O)c1ccc2ccccc2c1,59.0,Ki (nM),CC(C)N1CC(Oc2cc(Br)ccc2C(=O)c2ccc3ccccc3c2)C1,False,False,False
51105864,OC(COc1ccccc1-c1ccccc1)CN1CCC(CC1)NS(=O)(=O)c1ccc(F)cc1,59.0,Ki (nM),O=S(=O)(NC1CCN(CC(O)COc2ccccc2-c2ccccc2)CC1)c1ccc(F)cc1,False,False,False
50456614,COc1c(OCCF)cccc1[C@H](O)C1CCN(CCc2ccc(F)cc2)CC1,59.0,Ki (nM),COc1c(OCCF)cccc1[C@H](O)C1CCN(CCc2ccc(F)cc2)CC1,False,False,False
50958832,Cc1ccccc1C(=O)NC1CCN(CCOc2ccccc2-c2ccccc2)C1,59.0,Ki (nM),Cc1ccccc1C(=O)NC1CCN(CCOc2ccccc2-c2ccccc2)C1,False,False,False
51366677,Fc1ccc2C(=O)C(CCN3CCCN(CC3)c3ccccn3)Cc2c1,59.0,Ki (nM),O=C1c2ccc(F)cc2CC1CCN1CCCN(c2ccccn2)CC1,False,False,False
223623,COc1ccc(cc1OC1CCNCC1)-c1ccccc1C(F)(F)F,59.01,Ki (nM),COc1ccc(-c2ccccc2C(F)(F)F)cc1OC1CCNCC1,False,False,False
282720,COc1ccc(cc1OC1CCNCC1)-c1ccccc1C(F)(F)F,59.01,Ki (nM),COc1ccc(-c2ccccc2C(F)(F)F)cc1OC1CCNCC1,False,False,False
50224030,COc1ccccc1N1CCN(CCCCC(=O)c2ccc(O)cc2)CC1,59.1,Ki (nM),COc1ccccc1N1CCN(CCCCC(=O)c2ccc(O)cc2)CC1,False,False,False
50276093,CC(Nc1nc(N)nc(NCCCc2ccccc2)n1)c1ccccc1,60.0,Ki (nM),CC(Nc1nc(N)nc(NCCCc2ccccc2)n1)c1ccccc1,False,False,False
50963787,O=C(C1CCCCC1)N(CCN1CCC(=CC1)c1ccccc1)c1ccccn1,60.0,Ki (nM),O=C(C1CCCCC1)N(CCN1CC=C(c2ccccc2)CC1)c1ccccn1,False,False,False
50958844,CC(C)c1ccccc1OCCN1CCC(CNS(=O)(=O)c2ccc(F)cc2)CC1,60.0,Ki (nM),CC(C)c1ccccc1OCCN1CCC(CNS(=O)(=O)c2ccc(F)cc2)CC1,False,False,False
50812946,CN1C[C@H](CNC(=O)OCc2ccccc2)C[C@H]2[C@H]1Cc1c[nH]c3cccc2c13,60.0,Ki (nM),CN1C[C@H](CNC(=O)OCc2ccccc2)C[C@@H]2c3cccc4[nH]cc(c34)C[C@H]21,False,False,False
50706728,Oc1c2CCCn2c(=O)n1CCCNCC1CCc2ccccc2O1,60.0,Ki (nM),O=c1n(CCCNCC2CCc3ccccc3O2)c(O)c2n1CCC2,False,False,False
51207219,C(N1CCN(CC1)c1ccccc1)c1cn(-c2cccnc2)c2ccccc12,60.0,Ki (nM),c1ccc(N2CCN(Cc3cn(-c4cccnc4)c4ccccc34)CC2)cc1,False,False,False
51366656,Cc1ccc(nc1)N1CCN(CCCCc2ccc(F)cc2)CC1,60.0,Ki (nM),Cc1ccc(N2CCN(CCCCc3ccc(F)cc3)CC2)nc1,False,False,False
50817682,Oc1cccc(c1)S(=O)(=O)NCCCCN1CCC(=CC1)c1c[nH]c2ccc(Cl)cc12,61.0,Ki (nM),O=S(=O)(NCCCCN1CC=C(c2c[nH]c3ccc(Cl)cc23)CC1)c1cccc(O)c1,False,False,False
51470920,Nc1nc(NCCc2c[nH]c3ccccc23)nc(NCCc2cccc(Cl)c2Cl)n1,61.0,Ki (nM),Nc1nc(NCCc2cccc(Cl)c2Cl)nc(NCCc2c[nH]c3ccccc23)n1,False,False,False
50333404,Cn1c2nc3n(CCCCN4CCN(CC4)c4ccc(Cl)cc4)c(=O)ccn3c2c(=O)n(C)c1=O,61.0,Ki (nM),Cn1c(=O)c2c(nc3n(CCCCN4CCN(c5ccc(Cl)cc5)CC4)c(=O)ccn23)n(C)c1=O,False,False,False
51397917,COc1ccc(cc1)-c1ccccc1N1CCN(CCCCOc2ccc(Cl)c(F)c2)CC1,61.0,Ki (nM),COc1ccc(-c2ccccc2N2CCN(CCCCOc3ccc(Cl)c(F)c3)CC2)cc1,False,False,False
170655,"CN1CCN(CC1)C1=c2ccccc2=Nc2ccc(Cl)cc2N1 |c:8,15|",61.0,Ki (nM),CN1CCN(C2=c3ccccc3=Nc3ccc(Cl)cc3N2)CC1,False,False,False
51501134,Clc1cccc(c1)N1CCN(CCCCCCn2c3cccc4CCCn(c34)c2=O)CC1,61.0,Ki (nM),O=c1n(CCCCCCN2CCN(c3cccc(Cl)c3)CC2)c2cccc3c2n1CCC3,False,False,False
162680,"CN1CCN(CC1)C1=c2ccccc2=Nc2ccc(Cl)cc2N1 |c:8,15|",61.65,Ki (nM),CN1CCN(C2=c3ccccc3=Nc3ccc(Cl)cc3N2)CC1,False,False,False
51543682,CN1CCN(CC1)C1=Nc2cc(Cl)ccc2Nc2ccccc12,62.0,Ki (nM),CN1CCN(C2=Nc3cc(Cl)ccc3Nc3ccccc32)CC1,False,False,False
51207215,COc1ccccc1N1CCN(Cc2cn(-c3ccccn3)c3ccccc23)CC1,62.0,Ki (nM),COc1ccccc1N1CCN(Cc2cn(-c3ccccn3)c3ccccc23)CC1,False,False,False
50286422,O=C1Cc2ccccc2N1CCCCCCCN1CC[C@H]2CCCC[C@@H]2C1,62.0,Ki (nM),O=C1Cc2ccccc2N1CCCCCCCN1CC[C@H]2CCCC[C@@H]2C1,False,False,False
51408601,OC1C(CCN2CCN(CC2)c2ccccn2)Cc2cc(F)ccc12,62.0,Ki (nM),OC1c2ccc(F)cc2CC1CCN1CCN(c2ccccn2)CC1,False,False,False
51616698,CN1CCN(CC1)C2=Nc3cc(ccc3Nc4c2cccc4)Cl,62.0,Ki (nM),CN1CCN(C2=Nc3cc(Cl)ccc3Nc3ccccc32)CC1,False,False,False
51614687,CN1CCN(CC1)C2=Nc3cc(ccc3Nc4c2cccc4)Cl,62.0,Ki (nM),CN1CCN(C2=Nc3cc(Cl)ccc3Nc3ccccc32)CC1,False,False,False
50938129,O=C(CCCCN1CCN(CC1)c1ccccc1)c1nc2ccccc2s1,62.6,Ki (nM),O=C(CCCCN1CCN(c2ccccc2)CC1)c1nc2ccccc2s1,False,False,False
792207,CC(Oc1ccc(Cl)cc1OC1CNC1)c1cccc(OC(F)(F)F)c1,63.0,Ki (nM),CC(Oc1ccc(Cl)cc1OC1CNC1)c1cccc(OC(F)(F)F)c1,False,False,False
50984847,CC(C)(C)[C@]1(O)CCN2C[C@H]3c4ccccc4CCc4cccc([C@@H]2C1)c34,63.0,Ki (nM),CC(C)(C)[C@]1(O)CCN2C[C@H]3c4ccccc4CCc4cccc(c43)[C@@H]2C1,False,False,False
50812812,Fc1ccc(cc1)C(=O)CCCN1CCC2(CC1)N(CNC2=O)c1ccccc1,63.0,Ki (nM),O=C(CCCN1CCC2(CC1)C(=O)NCN2c1ccccc1)c1ccc(F)cc1,False,False,False
51408604,Clc1ccc2CC(CCN3CCN(CC3)c3ccccn3)C(=O)c2c1,63.0,Ki (nM),O=C1c2cc(Cl)ccc2CC1CCN1CCN(c2ccccn2)CC1,False,False,False
51163776,Fc1ccc(cc1)-c1cncc(CN2CCN(CC2)c2cccc3OCCOc23)c1,63.0,Ki (nM),Fc1ccc(-c2cncc(CN3CCN(c4cccc5c4OCCO5)CC3)c2)cc1,False,False,False
50286064,COc1ccccc1N1CCN(C\C=C\CN2C(=O)CCC2=O)CC1,63.0,Ki (nM),COc1ccccc1N1CCN(C/C=C/CN2C(=O)CCC2=O)CC1,False,False,False
50456081,O=C1Cc2ccccc2N1CCCCCN1CCN(CC1)c1ccccc1,63.0,Ki (nM),O=C1Cc2ccccc2N1CCCCCN1CCN(c2ccccc2)CC1,False,False,False
50984856,CN1CCN2C(C1)c1ccccc1Cc1ccccc21,63.0,Ki (nM),CN1CCN2c3ccccc3Cc3ccccc3C2C1,False,False,False
50456082,COc1ccccc1N1CCN(CCCCCN2C(=O)Cc3ccccc23)CC1,63.0,Ki (nM),COc1ccccc1N1CCN(CCCCCN2C(=O)Cc3ccccc32)CC1,False,False,False
50984858,CC(CCN1CCCC(C)C1)N(C)S(=O)(=O)c1cccc2ccccc12,63.0,Ki (nM),CC1CCCN(CCC(C)N(C)S(=O)(=O)c2cccc3ccccc23)C1,False,False,False
50096617,Oc1ccc2[nH]cc(CCN3CCN(CC3)c3ccccc3)c2c1,63.0,Ki (nM),Oc1ccc2[nH]cc(CCN3CCN(c4ccccc4)CC3)c2c1,False,False,False
50096618,Oc1ccc2[nH]cc(CCN3CCN(CC3)c3ccccc3)c2c1,63.0,Ki (nM),Oc1ccc2[nH]cc(CCN3CCN(c4ccccc4)CC3)c2c1,False,False,False
51337111,CN(C)C1CCc2c(C1)cccc2-c1cccc(c1)C(F)(F)F,63.0,Ki (nM),CN(C)C1CCc2c(cccc2-c2cccc(C(F)(F)F)c2)C1,False,False,False
51158101,CC(C)(C)[C@@]1(O)CCN2C[C@@H]3c4ccccc4CCc4cccc([C@H]2C1)c34,63.0,Ki (nM),CC(C)(C)[C@@]1(O)CCN2C[C@@H]3c4ccccc4CCc4cccc(c43)[C@H]2C1,False,False,False
50984853,COc1ccccc1N1CCN(CCCCN2C(=O)c3cccc4cccc2c34)CC1,63.0,Ki (nM),COc1ccccc1N1CCN(CCCCN2C(=O)c3cccc4cccc2c34)CC1,False,False,False
51366672,Cc1ccc(nc1)N1CCN(CCCCc2ccc(F)cc2)CC1,63.0,Ki (nM),Cc1ccc(N2CCN(CCCCc3ccc(F)cc3)CC2)nc1,False,False,False
51408624,Clc1ccc2CC(CCN3CCN(CC3)c3ccccn3)C(=O)c2c1,63.0,Ki (nM),O=C1c2cc(Cl)ccc2CC1CCN1CCN(c2ccccn2)CC1,False,False,False
161698,OC1(CCN(CC1)C(F)CCC(=O)c1ccccc1)c1cccc(c1)C(F)(F)F,63.0,Ki (nM),O=C(CCC(F)N1CCC(O)(c2cccc(C(F)(F)F)c2)CC1)c1ccccc1,False,False,False
50706725,Oc1c2CCCn2c(=O)n1C\C=C\CNCC1CCc2ccccc2O1,63.0,Ki (nM),O=c1n(C/C=C/CNCC2CCc3ccccc3O2)c(O)c2n1CCC2,False,False,False
50353443,COc1ccccc1N1CCN(CCCCN2C(=O)NC3(CCCCC3c3ccccc3)C2=O)CC1,63.0,Ki (nM),COc1ccccc1N1CCN(CCCCN2C(=O)NC3(CCCCC3c3ccccc3)C2=O)CC1,False,False,False
51158058,CN1CCN2C(C1)c1ccccc1Cc1ccccc21,63.0,Ki (nM),CN1CCN2c3ccccc3Cc3ccccc3C2C1,False,False,False
51449142,Fc1ccc(cc1)S(=O)(=O)CC1CCN(CCCc2noc3cc(F)ccc23)C1,63.0,Ki (nM),O=S(=O)(CC1CCN(CCCc2noc3cc(F)ccc23)C1)c1ccc(F)cc1,False,False,False
50437862,CN1CCN(CC1)C1=Nc2cc(Cl)ccc2Nc2ccccc12,63.0,Ki (nM),CN1CCN(C2=Nc3cc(Cl)ccc3Nc3ccccc32)CC1,False,False,False
170667,CN1C[C@H](CNC(=O)OCc2ccccc2)C[C@H]2[C@H]1Cc1cn(C)c3cccc2c13,63.0,Ki (nM),CN1C[C@H](CNC(=O)OCc2ccccc2)C[C@@H]2c3cccc4c3c(cn4C)C[C@H]21,False,False,False
50096593,NC(=O)c1cccc(NCCCN2CCN(CC2)c2ccccc2)c1,63.0,Ki (nM),NC(=O)c1cccc(NCCCN2CCN(c3ccccc3)CC2)c1,False,False,False
51163747,OCCOCCN1CCN(CC1)C1=Nc2ccccc2Sc2ccccc12,63.0,Ki (nM),OCCOCCN1CCN(C2=Nc3ccccc3Sc3ccccc32)CC1,False,False,False
51344447,CCCN1CCc2cccc3-c4cc(N)ccc4CC1c23,63.0,Ki (nM),CCCN1CCc2cccc3c2C1Cc1ccc(N)cc1-3,False,False,False
51418978,Clc1ccccc1-c1n[nH]cc1N1CCNCC1,63.0,Ki (nM),Clc1ccccc1-c1n[nH]cc1N1CCNCC1,False,False,False
51158079,COc1ccccc1N1CCN(CCCCN2C(=O)c3cccc4cccc2c34)CC1,63.0,Ki (nM),COc1ccccc1N1CCN(CCCCN2C(=O)c3cccc4cccc2c34)CC1,False,False,False
50205323,Fc1ccc(CCN2CCC(CC2)C(=O)c2ccc(F)cc2)cc1,63.0,Ki (nM),O=C(c1ccc(F)cc1)C1CCN(CCc2ccc(F)cc2)CC1,False,False,False
51163770,Clc1cccc(N2CCN(CCCCOc3ccc4CCC(=O)Nc4c3)CC2)c1Cl,63.0,Ki (nM),O=C1CCc2ccc(OCCCCN3CCN(c4cccc(Cl)c4Cl)CC3)cc2N1,False,False,False
51397928,COc1ccc(cc1)-c1ccccc1N1CCN(CC(C)(C)CCCOc2cnccn2)CC1,63.0,Ki (nM),COc1ccc(-c2ccccc2N2CCN(CC(C)(C)CCCOc3cnccn3)CC2)cc1,False,False,False
50583674,Oc1ccc2[nH]cc(C3CCN(CCCCCNC(=O)\C=C\c4ccc(Cl)c(Cl)c4)CC3)c2c1,63.0,Ki (nM),O=C(/C=C/c1ccc(Cl)c(Cl)c1)NCCCCCN1CCC(c2c[nH]c3ccc(O)cc23)CC1,False,False,False
162708,CN1C[C@H](CNC(=O)OCc2ccccc2)C[C@H]2[C@H]1Cc1cn(C)c3cccc2c13,63.09,Ki (nM),CN1C[C@H](CNC(=O)OCc2ccccc2)C[C@@H]2c3cccc4c3c(cn4C)C[C@H]21,False,False,False
162735,c1ccc(cc1)N2CNC(=O)C23CCN(CC3)CCCC(=O)c4ccc(cc4)F,63.09,Ki (nM),O=C(CCCN1CCC2(CC1)C(=O)NCN2c1ccccc1)c1ccc(F)cc1,False,False,False
180770,CN1CCCC[C@H]1CCN2c3ccccc3Sc4c2cc(cc4)SC,63.1,Ki (nM),CSc1ccc2c(c1)N(CC[C@@H]1CCCCN1C)c1ccccc1S2,False,False,False
174146,"CN1CCN(CC1)C1=c2ccccc2=Nc2ccc(Cl)cc2N1 |c:8,15|",63.1,Ki (nM),CN1CCN(C2=c3ccccc3=Nc3ccc(Cl)cc3N2)CC1,False,False,False
174176,CN1CCN2c3ccccc3Cc4ccccc4[C@H]2C1,63.1,Ki (nM),CN1CCN2c3ccccc3Cc3ccccc3[C@H]2C1,False,False,False
174166,CN1C[C@H](CNC(=O)OCc2ccccc2)C[C@H]2[C@H]1Cc1cn(C)c3cccc2c13,63.1,Ki (nM),CN1C[C@H](CNC(=O)OCc2ccccc2)C[C@@H]2c3cccc4c3c(cn4C)C[C@H]21,False,False,False
178037,"CN1CCN(CC1)C1=c2ccccc2=Nc2ccc(Cl)cc2N1 |c:8,15|",63.1,Ki (nM),CN1CCN(C2=c3ccccc3=Nc3ccc(Cl)cc3N2)CC1,False,False,False
174202,[#6]-c1nc2sccn2c(=O)c1-[#6]-[#6]-[#7]-1-[#6]-[#6]\[#6](-[#6]-[#6]-1)=[#6](\c1ccc(F)cc1)-c1ccc(F)cc1,63.1,Ki (nM),[C]c1nc2sccn2c(=O)c1[C][C]N1[C][C]C(=C(c2ccc(F)cc2)c2ccc(F)cc2)[C][C]1,False,False,False
38645,[O-][N+](=O)c1ccccc1N1CCN(CCCCCC(=O)NC2CCCc3ccccc23)CC1,63.3,Ki (nM),O=C(CCCCCN1CCN(c2ccccc2[N+](=O)[O-])CC1)NC1CCCc2ccccc21,False,False,False
50289731,[O-][N+](=O)c1ccccc1N1CCN(CCCCCC(=O)NC2CCCc3ccccc23)CC1,63.3,Ki (nM),O=C(CCCCCN1CCN(c2ccccc2[N+](=O)[O-])CC1)NC1CCCc2ccccc21,False,False,False
51442096,CCCCNCCc1ccc(Cl)c(c1)-c1ccccc1OC,64.0,Ki (nM),CCCCNCCc1ccc(Cl)c(-c2ccccc2OC)c1,False,False,False
51418977,Clc1ccccc1-c1n[nH]cc1N1CCNCC1,64.0,Ki (nM),Clc1ccccc1-c1n[nH]cc1N1CCNCC1,False,False,False
51120136,Ic1ccccc1OCCN1CCC(CC1)NS(=O)(=O)c1ccccc1,64.0,Ki (nM),O=S(=O)(NC1CCN(CCOc2ccccc2I)CC1)c1ccccc1,False,False,False
50703458,O=S(=O)(NCCCCN1CCc2ccccc2C1)c1ccc2ccccc2c1,64.0,Ki (nM),O=S(=O)(NCCCCN1CCc2ccccc2C1)c1ccc2ccccc2c1,False,False,False
51205622,COc1ccc(CNC(=O)CCCCCN2CCN(CC2)c2cccnc2-c2ccncc2)cc1,64.0,Ki (nM),COc1ccc(CNC(=O)CCCCCN2CCN(c3cccnc3-c3ccncc3)CC2)cc1,False,False,False
50289714,COc1ccccc1N1CCN(CCCCC(=O)NC2CCCc3cccc(OC)c23)CC1,64.0,Ki (nM),COc1ccccc1N1CCN(CCCCC(=O)NC2CCCc3cccc(OC)c32)CC1,False,False,False
160305,NCCc1c[nH]c2ccccc12,64.56,Ki (nM),NCCc1c[nH]c2ccccc12,False,False,False
50525010,C(CC1=Cc2ccccc2CC1)N1CCc2ccccc2C1,65.0,Ki (nM),C1=C(CCN2CCc3ccccc3C2)CCc2ccccc21,False,False,False
51442080,CCCCNCCc1ccc(Cl)c(c1)-c1ccccc1OC,65.0,Ki (nM),CCCCNCCc1ccc(Cl)c(-c2ccccc2OC)c1,False,False,False
51126824,Clc1ccc2[nH]cc(C3=CCN(CC[C@@H]4CCCN4S(=O)(=O)c4cccc5ncccc45)CC3)c2c1,65.0,Ki (nM),O=S(=O)(c1cccc2ncccc12)N1CCC[C@H]1CCN1CC=C(c2c[nH]c3ccc(Cl)cc23)CC1,False,False,False
51364360,Cc1ccc2sc(cc2c1)S(=O)(=O)N[C@H]1CCN(CCCc2noc3ccccc23)C1,65.0,Ki (nM),Cc1ccc2sc(S(=O)(=O)N[C@H]3CCN(CCCc4noc5ccccc45)C3)cc2c1,False,False,False
51602996,COc1ccc(OC)c(COCC(O)CN2CCN(c3cccc(Cl)c3)CC2)c1,65.0,Ki (nM),COc1ccc(OC)c(COCC(O)CN2CCN(c3cccc(Cl)c3)CC2)c1,False,False,False
50817680,Clc1cccc(c1)S(=O)(=O)NCCCCN1CCC(=CC1)c1c[nH]c2ccc(Cl)cc12,65.0,Ki (nM),O=S(=O)(NCCCCN1CC=C(c2c[nH]c3ccc(Cl)cc23)CC1)c1cccc(Cl)c1,False,False,False
153893,CC(COc1ccccc1)N(CCCl)Cc1ccccc1,65.0,Ki (nM),CC(COc1ccccc1)N(CCCl)Cc1ccccc1,False,False,False
51364359,Cc1c(sc2ccc(F)cc12)S(=O)(=O)N[C@H]1CCN(CCCc2noc3ccccc23)C1,65.0,Ki (nM),Cc1c(S(=O)(=O)N[C@H]2CCN(CCCc3noc4ccccc34)C2)sc2ccc(F)cc12,False,False,False
51228695,O=c1[nH]c(CCCCN2CCC(Cc3ccccc3)CC2)nc2c3ccccc3sc12,65.0,Ki (nM),O=c1[nH]c(CCCCN2CCC(Cc3ccccc3)CC2)nc2c1sc1ccccc12,False,False,False
51207248,Cc1cccc(c1)-n1cc(CN2CCN(CC2)c2ccccc2)c2ccccc12,65.0,Ki (nM),Cc1cccc(-n2cc(CN3CCN(c4ccccc4)CC3)c3ccccc32)c1,False,False,False
50290576,COc1ccccc1N1CCN(CCCC(=O)NCc2ccccc2-c2ccccc2)CC1,65.0,Ki (nM),COc1ccccc1N1CCN(CCCC(=O)NCc2ccccc2-c2ccccc2)CC1,False,False,False
50289676,O=C(CCCCCN1CCN(CC1)c1ccccc1)NC1CCCc2ccccc12,65.6,Ki (nM),O=C(CCCCCN1CCN(c2ccccc2)CC1)NC1CCCc2ccccc21,False,False,False
38644,O=C(CCCCCN1CCN(CC1)c1ccccc1)NC1CCCc2ccccc12,65.6,Ki (nM),O=C(CCCCCN1CCN(c2ccccc2)CC1)NC1CCCc2ccccc21,False,False,False
792389,Fc1ccc(OCc2cccc(Cl)c2)c(OC2CNC2)c1,66.0,Ki (nM),Fc1ccc(OCc2cccc(Cl)c2)c(OC2CNC2)c1,False,False,False
50290390,COc1ccccc1N1CCN(CCCCC(=O)NCc2ccccc2-c2ccc(C)cc2)CC1,66.0,Ki (nM),COc1ccccc1N1CCN(CCCCC(=O)NCc2ccccc2-c2ccc(C)cc2)CC1,False,False,False
50706734,Oc1c2CCCCn2c(=O)n1CCCCNCC1CCc2ccccc2O1,66.0,Ki (nM),O=c1n(CCCCNCC2CCc3ccccc3O2)c(O)c2n1CCCC2,False,False,False
50524958,C(CC1=Cc2ccccc2CC1)N1CCc2ccccc2C1,66.0,Ki (nM),C1=C(CCN2CCc3ccccc3C2)CCc2ccccc21,False,False,False
51126962,O=S(=O)(N1CCC[C@@H]1CCN1CCN(CC1)c1cccc2OCCOc12)c1cccc2ncccc12,66.0,Ki (nM),O=S(=O)(c1cccc2ncccc12)N1CCC[C@@H]1CCN1CCN(c2cccc3c2OCCO3)CC1,False,False,False
160273,CN(C)S(=O)(=O)N[C@H]1C[C@H]2[C@@H](Cc3cn(C)c4cccc2c34)N(C)C1,66.06,Ki (nM),CN1C[C@@H](NS(=O)(=O)N(C)C)C[C@@H]2c3cccc4c3c(cn4C)C[C@H]21,False,False,False
51344431,CCCC(=O)Nc1ccc2CC3N(C)CCc4cc(OC)c(OC)c(-c2c1)c34,67.0,Ki (nM),CCCC(=O)Nc1ccc2c(c1)-c1c(OC)c(OC)cc3c1C(C2)N(C)CC3,False,False,False
282677,Cc1ccccc1-c1cccc(OC2CNC2)c1,67.0,Ki (nM),Cc1ccccc1-c1cccc(OC2CNC2)c1,False,False,False
50525072,COc1cc2CCN(CCCCc3nc4cc(Cl)ccc4s3)Cc2cc1OC,67.0,Ki (nM),COc1cc2c(cc1OC)CN(CCCCc1nc3cc(Cl)ccc3s1)CC2,False,False,False
51120127,Brc1cccc(OCCN2CCC(CC2)NS(=O)(=O)c2cccc(Br)c2)c1,67.0,Ki (nM),O=S(=O)(NC1CCN(CCOc2cccc(Br)c2)CC1)c1cccc(Br)c1,False,False,False
50907211,COc1cc2CCN(C)[C@H]3Cc4cc5OCOc5cc4-c(c1OC)c23,67.0,Ki (nM),COc1cc2c3c(c1OC)-c1cc4c(cc1C[C@@H]3N(C)CC2)OCO4,False,False,False
162647,c1cc2c(cc1C(=O)N)c(c[nH]2)CCN,0.93,Ki (nM),NCCc1c[nH]c2ccc(C(N)=O)cc12,False,False,False
162663,COc1ccc2c(c1)c(c[nH]2)CCN,0.93,Ki (nM),COc1ccc2[nH]cc(CCN)c2c1,False,False,False
173525,CC1=C(C(=O)N2CCCCC2=N1)CCN3CCC(CC3)c4c5ccc(cc5on4)F,0.93,Ki (nM),Cc1nc2n(c(=O)c1CCN1CCC(c3noc4cc(F)ccc34)CC1)CCCC2,False,False,False
51060508,NCCc1c[nH]c2ccc(cc12)C(N)=O,0.93,Ki (nM),NCCc1c[nH]c2ccc(C(N)=O)cc12,False,False,False
51157921,COc1ccc2[nH]cc(CCN)c2c1,0.933254,Ki (nM),COc1ccc2[nH]cc(CCN)c2c1,False,False,False
170648,COc1ccc2c(c1)c(c[nH]2)CCN,0.94,Ki (nM),COc1ccc2[nH]cc(CCN)c2c1,False,False,False
160237,c1cc2c(cc1C(=O)N)c(c[nH]2)CCN,0.97,Ki (nM),NCCc1c[nH]c2ccc(C(N)=O)cc12,False,False,False
50433124,O=C(CCCCCN1CCN(CC1)c1ccccc1-c1ccccc1)NCc1ccncc1,0.98,Ki (nM),O=C(CCCCCN1CCN(c2ccccc2-c2ccccc2)CC1)NCc1ccncc1,False,False,False
51298029,Fc1ccc2[nH]cc(CCN3CCN(CC3)c3nsc4ccccc34)c2c1,0.99,Ki (nM),Fc1ccc2[nH]cc(CCN3CCN(c4nsc5ccccc45)CC3)c2c1,False,False,False
50290778,Cc1ccccc1N1CCN(CCCCn2c3ccccc3sc2=O)CC1,0.99,Ki (nM),Cc1ccccc1N1CCN(CCCCn2c(=O)sc3ccccc32)CC1,False,False,False
159682,NCCc1c[nH]c2ccc(O)cc12,1.0,Ki (nM),NCCc1c[nH]c2ccc(O)cc12,False,False,False
159683,COc1ccc2c(c1)c(c[nH]2)CCN,1.0,Ki (nM),COc1ccc2[nH]cc(CCN)c2c1,False,False,False
50462467,CC(C)c1cccc(OCCN2C3CCC2CC(C3)NS(=O)(=O)c2ccc(F)cc2)c1,1.0,Ki (nM),CC(C)c1cccc(OCCN2C3CCC2CC(NS(=O)(=O)c2ccc(F)cc2)C3)c1,False,False,False
51163722,Cc1nc2CCCCn2c(=O)c1CCN1CCC(CC1)c1noc2cc(F)ccc12,1.0,Ki (nM),Cc1nc2n(c(=O)c1CCN1CCC(c3noc4cc(F)ccc34)CC1)CCCC2,False,False,False
50854593,CC(C)Oc1cccc2C(C)NC(N)=Nc12,1.0,Ki (nM),CC(C)Oc1cccc2c1N=C(N)NC2C,False,False,False
50985089,COc1ccc(cc1N1CCNCC1)S(=O)(=O)Nc1cc(Br)ccc1Br,1.0,Ki (nM),COc1ccc(S(=O)(=O)Nc2cc(Br)ccc2Br)cc1N1CCNCC1,False,False,False
50211378,CC1CCN(CC[C@H]2CCCN2S(=O)(=O)c2cccc(O)c2)CC1,1.0,Ki (nM),CC1CCN(CC[C@H]2CCCN2S(=O)(=O)c2cccc(O)c2)CC1,False,False,False
50617353,CC1CCN(CC[C@H]2CCCN2S(=O)(=O)c2cccc(O)c2)CC1,1.0,Ki (nM),CC1CCN(CC[C@H]2CCCN2S(=O)(=O)c2cccc(O)c2)CC1,False,False,False
50816790,CSc1ccc2Sc3ccccc3CC(N3CCN(C)CC3)c2c1,1.0,Ki (nM),CSc1ccc2c(c1)C(N1CCN(C)CC1)Cc1ccccc1S2,False,False,False
51126814,O=S(=O)(N1CCC[C@@H]1CCN1CCN(CC1)c1nsc2ccccc12)c1cccc2ncccc12,1.0,Ki (nM),O=S(=O)(c1cccc2ncccc12)N1CCC[C@@H]1CCN1CCN(c2nsc3ccccc23)CC1,False,False,False
50276140,CC(Nc1nccc(NCCOc2ccc(F)cc2)n1)c1ccccc1,1.0,Ki (nM),CC(Nc1nccc(NCCOc2ccc(F)cc2)n1)c1ccccc1,False,False,False
51337115,CN(C)[C@H]1CCc2c(C1)cccc2-c1ccccc1Cl,1.0,Ki (nM),CN(C)[C@H]1CCc2c(cccc2-c2ccccc2Cl)C1,False,False,False
1170821,CCN(CCN1CCC(CC1)c1noc2cc(F)ccc12)C(=O)C(F)(F)CO,1.0,Ki (nM),CCN(CCN1CCC(c2noc3cc(F)ccc23)CC1)C(=O)C(F)(F)CO,False,False,False
174167,CSc1ccc2Sc3ccccc3CC(N3CCN(C)CC3)c2c1,1.0,Ki (nM),CSc1ccc2c(c1)C(N1CCN(C)CC1)Cc1ccccc1S2,False,False,False
50817746,Oc1cccc(c1)S(=O)(=O)NCCN1CCC(=CC1)c1c[nH]c2ccc(Cl)cc12,1.0,Ki (nM),O=S(=O)(NCCN1CC=C(c2c[nH]c3ccc(Cl)cc23)CC1)c1cccc(O)c1,False,False,False
154132,COc1cccc(OC)c1OCCNCC1Oc2ccccc2OC1c1ccccc1,1.0,Ki (nM),COc1cccc(OC)c1OCCNCC1Oc2ccccc2OC1c1ccccc1,False,False,False
51605898,CCOc1ccccc1N1CCN(CCCCCn2cnc3sc(C)c(C)c3c2=O)CC1,1.0,Ki (nM),CCOc1ccccc1N1CCN(CCCCCn2cnc3sc(C)c(C)c3c2=O)CC1,False,False,False
162648,c1cc2c(cc1C(=O)N)c(c[nH]2)CCN,1.0,Ki (nM),NCCc1c[nH]c2ccc(C(N)=O)cc12,False,False,False
51158097,CSc1ccc2Sc3ccccc3C[C@H](N3CCN(C)CC3)c2c1,1.0,Ki (nM),CSc1ccc2c(c1)[C@@H](N1CCN(C)CC1)Cc1ccccc1S2,False,False,False
180764,CSc1ccc2Sc3ccccc3CC(N3CCN(C)CC3)c2c1,1.0,Ki (nM),CSc1ccc2c(c1)C(N1CCN(C)CC1)Cc1ccccc1S2,False,False,False
50984872,CSc1ccc2Sc3ccccc3C[C@H](N3CCN(C)CC3)c2c1,1.0,Ki (nM),CSc1ccc2c(c1)[C@@H](N1CCN(C)CC1)Cc1ccccc1S2,False,False,False
51249195,NCCc1c[nH]c2ccc(cc12)C(O)=O,1.0,Ki (nM),NCCc1c[nH]c2ccc(C(=O)O)cc12,False,False,False
51127078,O=S(=O)(N1CCC[C@@H]1CCN1CCN(CC1)c1cccc2sccc12)c1cccc2ncccc12,1.0,Ki (nM),O=S(=O)(c1cccc2ncccc12)N1CCC[C@@H]1CCN1CCN(c2cccc3sccc23)CC1,False,False,False
50284501,CSc1ccc2Sc3ccccc3C[C@H](N3CCN(C)CC3)c2c1,1.0,Ki (nM),CSc1ccc2c(c1)[C@@H](N1CCN(C)CC1)Cc1ccccc1S2,False,False,False
162729,CCCN1C[C@H](CSC)C[C@H]2[C@H]1Cc1c[nH]c3cccc2c13,1.0,Ki (nM),CCCN1C[C@H](CSC)C[C@@H]2c3cccc4[nH]cc(c34)C[C@H]21,False,False,False
51505663,CC1CCN(CCC2CCCN2S(=O)(=O)c2cccc(O)c2)CC1,1.0,Ki (nM),CC1CCN(CCC2CCCN2S(=O)(=O)c2cccc(O)c2)CC1,False,False,False
174130,c1cc2c(cc1C(=O)N)c(c[nH]2)CCN,1.0,Ki (nM),NCCc1c[nH]c2ccc(C(N)=O)cc12,False,False,False
51248953,COc1ccc(\C=C2/NC(=O)N(CCCCN3CCN(CC3)c3ccccc3OC)C2=O)cc1OC1CCCC1,1.0,Ki (nM),COc1ccc(/C=C2\NC(=O)N(CCCCN3CCN(c4ccccc4OC)CC3)C2=O)cc1OC1CCCC1,False,False,False
51126841,O=S(=O)(N1CCC[C@@H]1CCN1CCN(CC1)c1nsc2ccccc12)c1cccc2cnccc12,1.0,Ki (nM),O=S(=O)(c1cccc2cnccc12)N1CCC[C@@H]1CCN1CCN(c2nsc3ccccc23)CC1,False,False,False
174139,COc1ccc2c(c1)c(c[nH]2)CCN,1.0,Ki (nM),COc1ccc2[nH]cc(CCN)c2c1,False,False,False
50284485,CC1CCN(CC[C@H]2CCCN2S(=O)(=O)c2cccc(O)c2)CC1,1.0,Ki (nM),CC1CCN(CC[C@H]2CCCN2S(=O)(=O)c2cccc(O)c2)CC1,False,False,False
50211393,CN1CCc2cccc-3c2[C@H]1Cc1cccc(-c2c(C)cccc2C#N)c-31,1.0,Ki (nM),Cc1cccc(C#N)c1-c1cccc2c1-c1cccc3c1[C@@H](C2)N(C)CC3,False,False,False
1170734,CCN(CCN1CCC(CC1)c1noc2cc(F)ccc12)C(=O)C(C)(C)CO,1.0,Ki (nM),CCN(CCN1CCC(c2noc3cc(F)ccc23)CC1)C(=O)C(C)(C)CO,False,False,False
170574,CCCN1C[C@H](CSC)C[C@H]2[C@H]1Cc1c[nH]c3cccc2c13,1.01,Ki (nM),CCCN1C[C@H](CSC)C[C@@H]2c3cccc4[nH]cc(c34)C[C@H]21,False,False,False
50866732,CCC1(CCCCN2CCC(=CC2)c2ccc(Cl)cc2)C(=O)Nc2ccccc12,1.02,Ki (nM),CCC1(CCCCN2CC=C(c3ccc(Cl)cc3)CC2)C(=O)Nc2ccccc21,False,False,False
162709,CSc1ccc2Sc3ccccc3CC(N3CCN(C)CC3)c2c1,1.02,Ki (nM),CSc1ccc2c(c1)C(N1CCN(C)CC1)Cc1ccccc1S2,False,False,False
170559,CSc1ccc2Sc3ccccc3CC(N3CCN(C)CC3)c2c1,1.03,Ki (nM),CSc1ccc2c(c1)C(N1CCN(C)CC1)Cc1ccccc1S2,False,False,False
50853189,CO[C@]1(C)c2cccc3C[C@H]4N(C)CCc5ccc1c(-c23)c45,1.1,Ki (nM),CO[C@]1(C)c2cccc3c2-c2c1ccc1c2[C@@H](C3)N(C)CC1,False,False,False
50102303,Cc1cccc(c1)S(=O)(=O)NCCCCN1CCN(CC1)c1noc2ccccc12,1.1,Ki (nM),Cc1cccc(S(=O)(=O)NCCCCN2CCN(c3noc4ccccc34)CC2)c1,False,False,False
51489109,CSc1ccc2Sc3ccccc3C(Cc2c1)N1CCN(C)CC1,1.1,Ki (nM),CSc1ccc2c(c1)CC(N1CCN(C)CC1)c1ccccc1S2,False,False,False
50102331,O=S(=O)(NCCCCN1CCN(CC1)c1noc2ccccc12)c1cccs1,67.0,Ki (nM),O=S(=O)(NCCCCN1CCN(c2noc3ccccc23)CC1)c1cccs1,False,False,False
51205669,Fc1ccc(CNC(=O)CCCCCN2CCN(CC2)c2cccnc2-c2ccncc2)cn1,67.0,Ki (nM),O=C(CCCCCN1CCN(c2cccnc2-c2ccncc2)CC1)NCc1ccc(F)nc1,False,False,False
51037296,Clc1ccc(cc1)N1CCN(CCCN2CCC3(C2)C(=O)Nc2ccccc32)CC1,67.0,Ki (nM),O=C1Nc2ccccc2C12CCN(CCCN1CCN(c3ccc(Cl)cc3)CC1)C2,False,False,False
50353453,FC(F)(F)c1cccc(c1)N1CCN(CCCCN2C(=O)NC3(CCc4ccccc34)C2=O)CC1,67.0,Ki (nM),O=C1NC2(CCc3ccccc32)C(=O)N1CCCCN1CCN(c2cccc(C(F)(F)F)c2)CC1,False,False,False
223580,Cc1ccccc1-c1cccc(OC2CNC2)c1,67.0,Ki (nM),Cc1ccccc1-c1cccc(OC2CNC2)c1,False,False,False
170669,CN1CCN2c3ccccc3Cc4ccccc4[C@H]2C1,67.0,Ki (nM),CN1CCN2c3ccccc3Cc3ccccc3[C@H]2C1,False,False,False
162724,CN1CCN2c3ccccc3Cc4ccccc4[C@H]2C1,67.6,Ki (nM),CN1CCN2c3ccccc3Cc3ccccc3[C@H]2C1,False,False,False
50719333,Clc1ccc(cc1)N1CCN(CCCCNS(=O)(=O)c2cncc3ccccc23)CC1,68.0,Ki (nM),O=S(=O)(NCCCCN1CCN(c2ccc(Cl)cc2)CC1)c1cncc2ccccc12,False,False,False
50524915,COc1cc2CCN(CCCCc3nc4cc(Cl)ccc4s3)Cc2cc1OC,68.0,Ki (nM),COc1cc2c(cc1OC)CN(CCCCc1nc3cc(Cl)ccc3s1)CC2,False,False,False
792429,CC(C)N1CC(C1)Oc1ccc(Cl)cc1OC1CNC1,68.0,Ki (nM),CC(C)N1CC(Oc2ccc(Cl)cc2OC2CNC2)C1,False,False,False
51449141,Fc1ccc2c(CCCN3CCC(CS(=O)(=O)c4cccc(c4)C(F)(F)F)C3)noc2c1,68.0,Ki (nM),O=S(=O)(CC1CCN(CCCc2noc3cc(F)ccc23)C1)c1cccc(C(F)(F)F)c1,False,False,False
50456084,O=C1Cc2ccccc2N1CCCCCN1CCN(CC1)c1cccc2[nH]cnc12,68.0,Ki (nM),O=C1Cc2ccccc2N1CCCCCN1CCN(c2cccc3[nH]cnc23)CC1,False,False,False
50302281,Cc1sc2nc(CCCCCN3CCN(CC3)c3cccc(Cl)c3)[nH]c(=O)c2c1C,68.0,Ki (nM),Cc1sc2nc(CCCCCN3CCN(c4cccc(Cl)c4)CC3)[nH]c(=O)c2c1C,False,False,False
50444777,CN(C1CCN(CCOc2ccccc2C(C)(C)C)CC1)S(=O)(=O)c1cccc(F)c1,68.0,Ki (nM),CN(C1CCN(CCOc2ccccc2C(C)(C)C)CC1)S(=O)(=O)c1cccc(F)c1,False,False,False
50706735,Oc1c2CCCn2c(=O)n1CCCCNC[C@@H]1CCc2ccccc2O1,68.0,Ki (nM),O=c1n(CCCCNC[C@@H]2CCc3ccccc3O2)c(O)c2n1CCC2,False,False,False
792192,CC(Oc1ccc(Cl)cc1OC1CNC1)c1ccccc1Cl,68.0,Ki (nM),CC(Oc1ccc(Cl)cc1OC1CNC1)c1ccccc1Cl,False,False,False
50719349,Clc1cccc(c1)N1CCN(CCCCNS(=O)(=O)c2ccc3ncccc3c2)CC1,69.0,Ki (nM),O=S(=O)(NCCCCN1CCN(c2cccc(Cl)c2)CC1)c1ccc2ncccc2c1,False,False,False
50817654,Clc1ccc2[nH]cc(C3=CCN(CCNS(=O)(=O)c4ccc5ccccc5c4)CC3)c2c1,69.0,Ki (nM),O=S(=O)(NCCN1CC=C(c2c[nH]c3ccc(Cl)cc23)CC1)c1ccc2ccccc2c1,False,False,False
50456083,O=C1Cc2ccccc2N1CCCCCN1CCN(CC1)c1cccc2ccccc12,69.0,Ki (nM),O=C1Cc2ccccc2N1CCCCCN1CCN(c2cccc3ccccc23)CC1,False,False,False
50456086,O=C1Cc2ccccc2N1C\C=C\CN1CCN(CC1)c1cccc2ccccc12,69.0,Ki (nM),O=C1Cc2ccccc2N1C/C=C/CN1CCN(c2cccc3ccccc23)CC1,False,False,False
792416,CC1(CNC1)Oc1cc(Br)ccc1Oc1ccccc1,69.0,Ki (nM),CC1(Oc2cc(Br)ccc2Oc2ccccc2)CNC1,False,False,False
51126947,O=S(=O)(N1CCCC[C@@H]1CCN1CCN(CC1)c1nsc2ccccc12)c1ccnc2ccccc12,69.0,Ki (nM),O=S(=O)(c1ccnc2ccccc12)N1CCCC[C@@H]1CCN1CCN(c2nsc3ccccc23)CC1,False,False,False
50344943,CCOc1cc2C[C@@H]3N(C)CCc4cc(OC)c(OC)c(-c2cc1OC)c34,69.0,Ki (nM),CCOc1cc2c(cc1OC)-c1c(OC)c(OC)cc3c1[C@H](C2)N(C)CC3,False,False,False
51207246,COc1ccccc1-n1cc(CN2CCN(CC2)c2ccccc2)c2ccccc12,70.0,Ki (nM),COc1ccccc1-n1cc(CN2CCN(c3ccccc3)CC2)c2ccccc21,False,False,False
51071630,Clc1ccc(cc1)-c1noc2CCNCCc12,70.0,Ki (nM),Clc1ccc(-c2noc3c2CCNCC3)cc1,False,False,False
51566613,CN(C)CCc1c[nH]c2ccccc12,70.0,Ki (nM),CN(C)CCc1c[nH]c2ccccc12,False,False,False
50444776,CN(C1CCN(CCOc2ccccc2C(C)(C)C)CC1)S(=O)(=O)c1ccccc1,70.0,Ki (nM),CN(C1CCN(CCOc2ccccc2C(C)(C)C)CC1)S(=O)(=O)c1ccccc1,False,False,False
50817645,Cc1cccc(c1)S(=O)(=O)NCCCCN1CCC(=CC1)c1c[nH]c2ccc(Cl)cc12,70.0,Ki (nM),Cc1cccc(S(=O)(=O)NCCCCN2CC=C(c3c[nH]c4ccc(Cl)cc34)CC2)c1,False,False,False
51119299,COc1ccccc1N1CCN(CCOCCOc2c(C)cc(C)cc2C)CC1,70.0,Ki (nM),COc1ccccc1N1CCN(CCOCCOc2c(C)cc(C)cc2C)CC1,False,False,False
50211377,CN1CCCN(CCn2ccc3ccc(cc23)C(C)=C)CC1,70.0,Ki (nM),C=C(C)c1ccc2ccn(CCN3CCCN(C)CC3)c2c1,False,False,False
836733,Clc1ccc(cc1)-c1noc2CCNCCc12,70.0,Ki (nM),Clc1ccc(-c2noc3c2CCNCC3)cc1,False,False,False
50211372,Brc1ccc2ccn(CCN3CCN4CCCCC4C3)c2c1,70.0,Ki (nM),Brc1ccc2ccn(CCN3CCN4CCCCC4C3)c2c1,False,False,False
51285626,CCOc1ccc2[nH]cc(-c3cncn3CC)c2c1,70.0,Ki (nM),CCOc1ccc2[nH]cc(-c3cncn3CC)c2c1,False,False,False
50812978,CSc1ccc2Sc3ccccc3N(CCC3CCCCN3C)c2c1,70.0,Ki (nM),CSc1ccc2c(c1)N(CCC1CCCCN1C)c1ccccc1S2,False,False,False
50462420,CC(C)c1cccc(OCCN2C3CCC2CC(C3)NS(=O)(=O)c2cnn(C)c2)c1,70.0,Ki (nM),CC(C)c1cccc(OCCN2C3CCC2CC(NS(=O)(=O)c2cnn(C)c2)C3)c1,False,False,False
50082443,CC1(C)N(CCCCCN2CCN(CC2)c2ccccc2)C(=O)N(Cc2ccccc2)C1=O,70.0,Ki (nM),CC1(C)C(=O)N(Cc2ccccc2)C(=O)N1CCCCCN1CCN(c2ccccc2)CC1,False,False,False
161694,CN1CCCC[C@H]1CCN2c3ccccc3Sc4c2cc(cc4)SC,70.0,Ki (nM),CSc1ccc2c(c1)N(CC[C@@H]1CCCCN1C)c1ccccc1S2,False,False,False
170653,CN(C)CCCN1c2ccccc2Sc3c1cc(cc3)Cl,70.0,Ki (nM),CN(C)CCCN1c2ccccc2Sc2ccc(Cl)cc21,False,False,False
50289751,COc1ccc(OC)c(c1)N1CCN(CCCCCC(=O)NC2CCCc3ccccc23)CC1,70.3,Ki (nM),COc1ccc(OC)c(N2CCN(CCCCCC(=O)NC3CCCc4ccccc43)CC2)c1,False,False,False
162676,CN(C)CCCN1c2ccccc2Sc3c1cc(cc3)Cl,70.79,Ki (nM),CN(C)CCCN1c2ccccc2Sc2ccc(Cl)cc21,False,False,False
51205644,Fc1ccc(CNC(=O)CCCCCN2CCN(CC2)c2ncccc2-c2ccncc2)cn1,71.0,Ki (nM),O=C(CCCCCN1CCN(c2ncccc2-c2ccncc2)CC1)NCc1ccc(F)nc1,False,False,False
50433171,COc1ccccc1N1CCN(CCCCCC(=O)NCc2ccc(OS(C)(=O)=O)cc2)CC1,71.0,Ki (nM),COc1ccccc1N1CCN(CCCCCC(=O)NCc2ccc(OS(C)(=O)=O)cc2)CC1,False,False,False
51337084,CN(C)[C@H]1CCc2c(C1)cccc2-c1ccco1,71.0,Ki (nM),CN(C)[C@H]1CCc2c(cccc2-c2ccco2)C1,False,False,False
51366680,Fc1ccc2C(=O)C(CCN3CCCN(CC3)c3ccc(Cl)cc3)Cc2c1,71.0,Ki (nM),O=C1c2ccc(F)cc2CC1CCN1CCCN(c2ccc(Cl)cc2)CC1,False,False,False
51070613,Clc1ccc(cc1)-c1noc2CCNCCc12,71.0,Ki (nM),Clc1ccc(-c2noc3c2CCNCC3)cc1,False,False,False
50353455,COc1ccccc1N1CCN(CCCCN2C(=O)NC3(CCc4ccccc34)C2=O)CC1,71.0,Ki (nM),COc1ccccc1N1CCN(CCCCN2C(=O)NC3(CCc4ccccc43)C2=O)CC1,False,False,False
1466052,CN(C)CCc1c[nH]c2cccc(O)c12,71.6,Ki (nM),CN(C)CCc1c[nH]c2cccc(O)c12,False,False,False
50082444,COc1ccccc1N1CCN(CCCCCN2C(=O)N(Cc3ccccc3)C(=O)C2(C)C)CC1,72.0,Ki (nM),COc1ccccc1N1CCN(CCCCCN2C(=O)N(Cc3ccccc3)C(=O)C2(C)C)CC1,False,False,False
51348442,C(CCCN1CCN(CC1)c1nsc2ccccc12)CCSc1nc2ccccc2o1,72.0,Ki (nM),c1ccc2oc(SCCCCCCN3CCN(c4nsc5ccccc45)CC3)nc2c1,False,False,False
51366664,Fc1ccc2C(=O)C(CCN3CCCN(CC3)c3ccc(Cl)cc3)Cc2c1,72.0,Ki (nM),O=C1c2ccc(F)cc2CC1CCN1CCCN(c2ccc(Cl)cc2)CC1,False,False,False
1274379,CN(C)CCc1c[nH]c2cccc(O)c12,72.0,Ki (nM),CN(C)CCc1c[nH]c2cccc(O)c12,False,False,False
50663757,CCC1(CCCCN2CCN(CC2)c2cccc(Cl)c2)C(=O)Nc2c1cc(Cl)c(F)c2Cl,72.0,Ki (nM),CCC1(CCCCN2CCN(c3cccc(Cl)c3)CC2)C(=O)Nc2c1cc(Cl)c(F)c2Cl,False,False,False
792549,Clc1ccc(C(=O)c2ccc3ccccc3c2)c(OC2CNC2)c1,72.0,Ki (nM),O=C(c1ccc2ccccc2c1)c1ccc(Cl)cc1OC1CNC1,False,False,False
51155760,CC(=O)C1(CCN(CCCCC23CCCc4cccc(NC2=O)c34)CC1)c1ccccc1,72.0,Ki (nM),CC(=O)C1(c2ccccc2)CCN(CCCCC23CCCc4cccc(c42)NC3=O)CC1,False,False,False
51418988,Fc1ccc(cc1)-c1n[nH]cc1N1CCNCC1,72.0,Ki (nM),Fc1ccc(-c2n[nH]cc2N2CCNCC2)cc1,False,False,False
50462460,CC(C)c1ccccc1OCCN1CCC(CC1)NS(=O)(=O)c1cccnc1,72.0,Ki (nM),CC(C)c1ccccc1OCCN1CCC(NS(=O)(=O)c2cccnc2)CC1,False,False,False
51281983,CCOc1ccccc1N1CCN(CCCCCCN2C(=O)c3cccc4cccc(C2=O)c34)CC1,73.0,Ki (nM),CCOc1ccccc1N1CCN(CCCCCCN2C(=O)c3cccc4cccc(c34)C2=O)CC1,False,False,False
50250524,Cn1c2ncn(CCCCN3CCN(CC3)c3cccc(Cl)c3Cl)c2c(=O)n(C)c1=O,73.0,Ki (nM),Cn1c(=O)c2c(ncn2CCCCN2CCN(c3cccc(Cl)c3Cl)CC2)n(C)c1=O,False,False,False
50854597,CCC1NC(N)=Nc2ccc(Cl)c(Cl)c12,73.0,Ki (nM),CCC1NC(N)=Nc2ccc(Cl)c(Cl)c21,False,False,False
51344443,COc1cc2CCN(C)C3Cc4ccc(cc4-c(c1OC)c23)N(C)C,73.0,Ki (nM),COc1cc2c3c(c1OC)-c1cc(N(C)C)ccc1CC3N(C)CC2,False,False,False
50534580,COc1ccccc1N1CCN(Cc2ccc(Cl)c(c2)-c2ccccc2OC)CC1,73.0,Ki (nM),COc1ccccc1-c1cc(CN2CCN(c3ccccc3OC)CC2)ccc1Cl,False,False,False
51418987,Fc1ccc(cc1)-c1n[nH]cc1N1CCNCC1,73.0,Ki (nM),Fc1ccc(-c2n[nH]cc2N2CCNCC2)cc1,False,False,False
792211,CC(Oc1ccc(Cl)cc1OC1CNC1)c1nc2ccccc2s1,73.0,Ki (nM),CC(Oc1ccc(Cl)cc1OC1CNC1)c1nc2ccccc2s1,False,False,False
161677,CN1CCCCC1CCN1c2ccccc2Sc2ccc(cc12)S(C)=O,73.0,Ki (nM),CN1CCCCC1CCN1c2ccccc2Sc2ccc(S(C)=O)cc21,False,False,False
50456485,Clc1ccc2[nH]cc(CCN(CC=C)CC=C)c2c1,74.0,Ki (nM),C=CCN(CC=C)CCc1c[nH]c2ccc(Cl)cc12,False,False,False
50468054,COc1ccccc1N1CCN(CCCCCC(=O)n2c3ccccc3c3ccccc23)CC1,74.0,Ki (nM),COc1ccccc1N1CCN(CCCCCC(=O)n2c3ccccc3c3ccccc32)CC1,False,False,False
50468055,COc1ccccc1N1CCN(CCCCCC(=O)n2c3ccccc3c3ccccc23)CC1,74.0,Ki (nM),COc1ccccc1N1CCN(CCCCCC(=O)n2c3ccccc3c3ccccc32)CC1,False,False,False
50706739,Oc1c2CCCn2c(=O)n1CCCCNCCc1ccc2ccccc2c1,74.0,Ki (nM),O=c1n(CCCCNCCc2ccc3ccccc3c2)c(O)c2n1CCC2,False,False,False
50829999,CN1CCCC1Cc1c[nH]c2ccc(NS(=O)(=O)c3ccccc3Cl)cc12,74.0,Ki (nM),CN1CCCC1Cc1c[nH]c2ccc(NS(=O)(=O)c3ccccc3Cl)cc12,False,False,False
51248933,COc1ccc(\C=C2/NC(=O)N(CCCN3CCN(CC3)c3ncccn3)C2=O)cc1OC,74.0,Ki (nM),COc1ccc(/C=C2\NC(=O)N(CCCN3CCN(c4ncccn4)CC3)C2=O)cc1OC,False,False,False
51155830,FC(F)(F)c1ccccc1N1CCN(CCCCC23CCCc4cccc(NC2=O)c34)CC1,74.0,Ki (nM),O=C1Nc2cccc3c2C1(CCCCN1CCN(c2ccccc2C(F)(F)F)CC1)CCC3,False,False,False
51105857,CC(C)c1ccccc1OCC(C)N1CCC(CC1)NS(=O)(=O)c1ccc(F)cc1,74.0,Ki (nM),CC(C)c1ccccc1OCC(C)N1CCC(NS(=O)(=O)c2ccc(F)cc2)CC1,False,False,False
51282051,FC(F)(F)c1ccccc1N1CCN(CCCCC23CCCc4cccc(NC2=O)c34)CC1,74.0,Ki (nM),O=C1Nc2cccc3c2C1(CCCCN1CCN(c2ccccc2C(F)(F)F)CC1)CCC3,False,False,False
50462479,CC(C)(C)c1ccccc1OCCN1CCC(CC1)NS(=O)(=O)c1cccc(Cl)c1,74.0,Ki (nM),CC(C)(C)c1ccccc1OCCN1CCC(NS(=O)(=O)c2cccc(Cl)c2)CC1,False,False,False
50456078,O=C1Cc2ccccc2N1CCCCN1CCN(CC1)c1ccccc1,74.0,Ki (nM),O=C1Cc2ccccc2N1CCCCN1CCN(c2ccccc2)CC1,False,False,False
792547,Fc1cc(ccc1Cl)C(=O)c1ccc(Br)cc1OC1CNC1,74.0,Ki (nM),O=C(c1ccc(Cl)c(F)c1)c1ccc(Br)cc1OC1CNC1,False,False,False
50284493,COc1ccc2CN(CCCNS(=O)(=O)c3ccccc3)CCc2c1,75.0,Ki (nM),COc1ccc2c(c1)CCN(CCCNS(=O)(=O)c1ccccc1)C2,False,False,False
51397926,COc1ccc(cc1)-c1ccccc1C1CCN(CCCCOc2ccc(cc2)-c2cn3ccccc3n2)CC1,75.0,Ki (nM),COc1ccc(-c2ccccc2C2CCN(CCCCOc3ccc(-c4cn5ccccc5n4)cc3)CC2)cc1,False,False,False
51399257,COc1ccccc1N1CCN(CCCCC(=O)Nc2cccc(c2)C(C)(C)C)CC1,75.0,Ki (nM),COc1ccccc1N1CCN(CCCCC(=O)Nc2cccc(C(C)(C)C)c2)CC1,False,False,False
51126950,O=S(=O)(N1CCC[C@H]1CCN1CCN(CC1)c1cccc2[nH]ccc12)c1cncc2ccccc12,75.0,Ki (nM),O=S(=O)(c1cncc2ccccc12)N1CCC[C@H]1CCN1CCN(c2cccc3[nH]ccc23)CC1,False,False,False
792166,CC(C)N1CC(C1)Oc1cc(Cl)ccc1OC(C)c1cccc(c1)C(F)(F)F,75.0,Ki (nM),CC(Oc1ccc(Cl)cc1OC1CN(C(C)C)C1)c1cccc(C(F)(F)F)c1,False,False,False
50284484,COc1ccccc1N1CCN(CCNS(=O)(=O)c2ccc(C)cc2)CC1,75.0,Ki (nM),COc1ccccc1N1CCN(CCNS(=O)(=O)c2ccc(C)cc2)CC1,False,False,False
50294439,COc1c(ccc2ccccc12)-c1ccc2OC[C@H](Cc2c1)N(C)C,75.9,Ki (nM),COc1c(-c2ccc3c(c2)C[C@H](N(C)C)CO3)ccc2ccccc12,False,False,False
51228703,O=c1[nH]c(CCCCN2CCC(Cc3ccccc3)CC2)nc2ccsc12,76.0,Ki (nM),O=c1[nH]c(CCCCN2CCC(Cc3ccccc3)CC2)nc2ccsc12,False,False,False
50433172,CC(C)c1ccccc1N1CCN(CCCCCC(=O)NCc2ccc(OS(C)(=O)=O)cc2)CC1,76.0,Ki (nM),CC(C)c1ccccc1N1CCN(CCCCCC(=O)NCc2ccc(OS(C)(=O)=O)cc2)CC1,False,False,False
50520361,O=C(CCOCCN1CCN(CC1)c1ncccc1-c1ccccc1)NCc1ccc(cc1)C#N,76.0,Ki (nM),N#Cc1ccc(CNC(=O)CCOCCN2CCN(c3ncccc3-c3ccccc3)CC2)cc1,False,False,False
792311,CO\N=C(/COc1ccc(Cl)cc1OC1CNC1)c1ccccc1,76.0,Ki (nM),CO/N=C(\COc1ccc(Cl)cc1OC1CNC1)c1ccccc1,False,False,False
51408621,O=C(CCCN1CCN(CC1)c1ccccn1)c1ccc2CCCc2c1,76.0,Ki (nM),O=C(CCCN1CCN(c2ccccn2)CC1)c1ccc2c(c1)CCC2,False,False,False
50700341,COc1ccccc1N1CCN(CCN(C(=O)C23CCC(CF)(CC2)CC3)c2ccccn2)CC1,77.0,Ki (nM),COc1ccccc1N1CCN(CCN(C(=O)C23CCC(CF)(CC2)CC3)c2ccccn2)CC1,False,False,False
50076029,COc1cccc(c1)-c1ccccc1CN1CCN(CC1)c1ccccc1OC,77.0,Ki (nM),COc1cccc(-c2ccccc2CN2CCN(c3ccccc3OC)CC2)c1,False,False,False
170657,[#6]-[#7]-1-[#6]-[#6]\[#6](-[#6]-[#6]-1)=[#6]-1/c2ccccc2-[#6]=[#6]-c2ccccc-12 |c:16|,77.0,Ki (nM),[C]N1[C][C]C(=C2c3ccccc3[C]=[C]c3ccccc32)[C][C]1,False,False,False
50073048,COc1cccc(c1)-c1ccccc1CN1CCN(CC1)c1ccccc1OC,77.0,Ki (nM),COc1cccc(-c2ccccc2CN2CCN(c3ccccc3OC)CC2)c1,False,False,False
50082440,CN1C(=O)N(CCCCCN2CCN(CC2)c2ccccc2)C(C1=O)(c1ccccc1)c1ccccc1,77.0,Ki (nM),CN1C(=O)N(CCCCCN2CCN(c3ccccc3)CC2)C(c2ccccc2)(c2ccccc2)C1=O,False,False,False
51408599,O=C(CCCN1CCN(CC1)c1ccccn1)c1ccc2CCCc2c1,77.0,Ki (nM),O=C(CCCN1CCN(c2ccccn2)CC1)c1ccc2c(c1)CCC2,False,False,False
50310672,CC(C)c1ccccc1N1CCN(CCCCCCC(=O)N2CCC[C@H]2C(=O)N2CCCCC2)CC1,77.0,Ki (nM),CC(C)c1ccccc1N1CCN(CCCCCCC(=O)N2CCC[C@H]2C(=O)N2CCCCC2)CC1,False,False,False
162684,[#6]-[#7]-1-[#6]-[#6]\[#6](-[#6]-[#6]-1)=[#6]-1/c2ccccc2-[#6]=[#6]-c2ccccc-12 |c:16|,77.62,Ki (nM),[C]N1[C][C]C(=C2c3ccccc3[C]=[C]c3ccccc32)[C][C]1,False,False,False
51418976,C1CN(CCN1)c1c[nH]nc1-c1ccccc1,78.0,Ki (nM),c1ccc(-c2n[nH]cc2N2CCNCC2)cc1,False,False,False
51408626,Clc1ccc2C(=O)C(CCCN3CCN(CC3)c3ccccn3)Cc2c1,78.0,Ki (nM),O=C1c2ccc(Cl)cc2CC1CCCN1CCN(c2ccccn2)CC1,False,False,False
53796,COc1ccccc1N1CCN(CCCCCCn2c3ccccc3[nH]c2=O)CC1,78.0,Ki (nM),COc1ccccc1N1CCN(CCCCCCn2c(=O)[nH]c3ccccc32)CC1,False,False,False
50082452,CC1(C)N(CCCCCN2CCN(CC2)c2ccc(Cl)c(Cl)c2)C(=O)N(Cc2ccc(Cl)cc2Cl)C1=O,78.0,Ki (nM),CC1(C)C(=O)N(Cc2ccc(Cl)cc2Cl)C(=O)N1CCCCCN1CCN(c2ccc(Cl)c(Cl)c2)CC1,False,False,False
50310678,CSc1ccccc1N1CCN(CCCCCC(=O)N2Cc3ccccc3C[C@H]2C(N)=O)CC1,78.0,Ki (nM),CSc1ccccc1N1CCN(CCCCCC(=O)N2Cc3ccccc3C[C@H]2C(N)=O)CC1,False,False,False
50958848,CSc1ccccc1OCCN1CCC(CNS(=O)(=O)c2cccc(Cl)c2)CC1,78.0,Ki (nM),CSc1ccccc1OCCN1CCC(CNS(=O)(=O)c2cccc(Cl)c2)CC1,False,False,False
50703454,O=S(=O)(NCCN1CCc2ccccc2C1)c1ccc2ccccc2c1,78.0,Ki (nM),O=S(=O)(NCCN1CCc2ccccc2C1)c1ccc2ccccc2c1,False,False,False
50096594,COC(=O)c1cccc(NCCCN2CCN(CC2)c2ccccc2)c1,78.0,Ki (nM),COC(=O)c1cccc(NCCCN2CCN(c3ccccc3)CC2)c1,False,False,False
50081682,CSc1ccccc1N1CCN(CCCCCC(=O)N2Cc3ccccc3C[C@H]2C(N)=O)CC1,78.0,Ki (nM),CSc1ccccc1N1CCN(CCCCCC(=O)N2Cc3ccccc3C[C@H]2C(N)=O)CC1,False,False,False
51408606,Clc1ccc2C(=O)C(CCCN3CCN(CC3)c3ccccn3)Cc2c1,78.0,Ki (nM),O=C1c2ccc(Cl)cc2CC1CCCN1CCN(c2ccccn2)CC1,False,False,False
51418975,C1CN(CCN1)c1c[nH]nc1-c1ccccc1,78.0,Ki (nM),c1ccc(-c2n[nH]cc2N2CCNCC2)cc1,False,False,False
50276390,COc1cccc(OC)c1-c1cccc2C[C@@H](N)CCc12,78.7,Ki (nM),COc1cccc(OC)c1-c1cccc2c1CC[C@H](N)C2,False,False,False
50534592,COc1ccccc1N1CCN(Cc2ccc(OC)c(c2)-c2ccccc2OC)CC1,79.0,Ki (nM),COc1ccccc1-c1cc(CN2CCN(c3ccccc3OC)CC2)ccc1OC,False,False,False
51158057,C[C@H](CCN1CCC(C)CC1)N(C)S(=O)(=O)c1cccc(C)c1,79.0,Ki (nM),Cc1cccc(S(=O)(=O)N(C)[C@H](C)CCN2CCC(C)CC2)c1,False,False,False
50984846,O=C1N(CCCCCN2CCN(CC2)c2ccccc2)c2cccc3cccc1c23,79.0,Ki (nM),O=C1c2cccc3cccc(c23)N1CCCCCN1CCN(c2ccccc2)CC1,False,False,False
50703465,COc1ccccc1N1CCN(CCCCNS(=O)(=O)c2cnc3ccccc3c2)CC1,79.0,Ki (nM),COc1ccccc1N1CCN(CCCCNS(=O)(=O)c2cnc3ccccc3c2)CC1,False,False,False
51164834,Cc1ccc2c(OCCN3CCC(Cc4cc(F)c5OCC(=O)Nc5c4)CC3)cc(F)cc2n1,79.0,Ki (nM),Cc1ccc2c(OCCN3CCC(Cc4cc(F)c5c(c4)NC(=O)CO5)CC3)cc(F)cc2n1,False,False,False
50503725,OC1(CC2CCC(C1)N2CCCCC(=O)c1nc2ccccc2s1)c1ccc(Cl)cc1,79.0,Ki (nM),O=C(CCCCN1C2CCC1CC(O)(c1ccc(Cl)cc1)C2)c1nc2ccccc2s1,False,False,False
51163708,CN1CCN(CC1)C1=Nc2ccccc2Nc2sc(C)cc12,79.0,Ki (nM),Cc1cc2c(s1)Nc1ccccc1N=C2N1CCN(C)CC1,False,False,False
51249180,CCC(CO)NC(=O)[C@H]1CN(C)[C@@H]2Cc3cn(C)c4cccc(C2=C1)c34,79.0,Ki (nM),CCC(CO)NC(=O)[C@@H]1C=C2c3cccc4c3c(cn4C)C[C@H]2N(C)C1,False,False,False
51158078,O=C1N(CCCCCN2CCN(CC2)c2ccccc2)c2cccc3cccc1c23,79.0,Ki (nM),O=C1c2cccc3cccc(c23)N1CCCCCN1CCN(c2ccccc2)CC1,False,False,False
50474193,CC1(NC(=O)N(CC(O)CN2CCN(CC2)C(c2ccccc2)c2ccccc2)C1=O)c1ccc(F)cc1,79.0,Ki (nM),CC1(c2ccc(F)cc2)NC(=O)N(CC(O)CN2CCN(C(c3ccccc3)c3ccccc3)CC2)C1=O,False,False,False
306832,Clc1ccc(cc1)N1CCN(CCCCC2NC(=NNC2=O)c2ccccc2)CC1 |c:18|,79.0,Ki (nM),O=C1NN=C(c2ccccc2)NC1CCCCN1CCN(c2ccc(Cl)cc2)CC1,False,False,False
51418984,Fc1ccccc1-c1n[nH]cc1N1CCNCC1,79.0,Ki (nM),Fc1ccccc1-c1n[nH]cc1N1CCNCC1,False,False,False
51164882,Cc1ccc2c(OCCN3CCC(Cc4cc(F)c5OCC(=O)Nc5c4)CC3)cc(Cl)cc2n1,79.0,Ki (nM),Cc1ccc2c(OCCN3CCC(Cc4cc(F)c5c(c4)NC(=O)CO5)CC3)cc(Cl)cc2n1,False,False,False
51114004,CC1(NC(=O)N(CC(O)CN2CCN(CC2)C(c2ccccc2)c2ccccc2)C1=O)c1ccc(F)cc1,79.0,Ki (nM),CC1(c2ccc(F)cc2)NC(=O)N(CC(O)CN2CCN(C(c3ccccc3)c3ccccc3)CC2)C1=O,False,False,False
170697,COc1ccccc1N1CCN(CCCCN2C(=O)c3ccccc3C2=O)CC1,79.1,Ki (nM),COc1ccccc1N1CCN(CCCCN2C(=O)c3ccccc3C2=O)CC1,False,False,False
174150,[#6]-[#7]-1-[#6]-[#6]\[#6](-[#6]-[#6]-1)=[#6]-1/c2ccccc2-[#6]=[#6]-c2ccccc-12 |c:16|,79.43,Ki (nM),[C]N1[C][C]C(=C2c3ccccc3[C]=[C]c3ccccc32)[C][C]1,False,False,False
162726,COc1ccccc1N1CCN(CCCCN2C(=O)c3ccccc3C2=O)CC1,79.43,Ki (nM),COc1ccccc1N1CCN(CCCCN2C(=O)c3ccccc3C2=O)CC1,False,False,False
174172,CC[C@@H](CO)NC(=O)[C@H]1CN([C@@H]2Cc3cn(c4c3c(ccc4)C2=C1)C)C,79.43,Ki (nM),CC[C@@H](CO)NC(=O)[C@@H]1C=C2c3cccc4c3c(cn4C)C[C@H]2N(C)C1,False,False,False
161697,CN1CCN(CC1)CCCN2c3ccccc3Sc4c2cc(cc4)C(F)(F)F,80.0,Ki (nM),CN1CCN(CCCN2c3ccccc3Sc3ccc(C(F)(F)F)cc32)CC1,False,False,False
50300602,CN(C)C[C@H]1CC2[C@H](O1)c1cc(F)ccc1Oc1ccccc21,80.0,Ki (nM),CN(C)C[C@H]1CC2c3ccccc3Oc3ccc(F)cc3[C@H]2O1,False,False,False
50703456,O=S(=O)(NCCCN1CCc2ccccc2C1)c1ccc2ccccc2c1,80.0,Ki (nM),O=S(=O)(NCCCN1CCc2ccccc2C1)c1ccc2ccccc2c1,False,False,False
50816784,Fc1ccc(cc1)S(=O)(=O)NCCCCN1CCC(=CC1)c1c[nH]c2ccc(Cl)cc12,80.0,Ki (nM),O=S(=O)(NCCCCN1CC=C(c2c[nH]c3ccc(Cl)cc23)CC1)c1ccc(F)cc1,False,False,False
50812896,CC[C@@](C)(CO)CNC(=O)[C@H]1CN(C)[C@@H]2Cc3c[nH]c4cccc(C2=C1)c34,80.0,Ki (nM),CC[C@@](C)(CO)CNC(=O)[C@@H]1C=C2c3cccc4[nH]cc(c34)C[C@H]2N(C)C1,False,False,False
50503669,OC1(CC2CCC(C1)N2CCCCC(=O)c1nc2ccccc2s1)c1ccc(Cl)cc1,80.0,Ki (nM),O=C(CCCCN1C2CCC1CC(O)(c1ccc(Cl)cc1)C2)c1nc2ccccc2s1,False,False,False
51315511,CCOc1ccccc1N1CCN(CCC(=O)N2CCN(CC2)c2ccccc2)CC1,80.0,Ki (nM),CCOc1ccccc1N1CCN(CCC(=O)N2CCN(c3ccccc3)CC2)CC1,False,False,False
50963777,C1CN(CCN1)c1cccc(c1)-c1ccccn1,80.0,Ki (nM),c1ccc(-c2cccc(N3CCNCC3)c2)nc1,False,False,False
50376712,COc1cc2CC3N(C)CCc4cc(OC)c(O)c(-c2cc1O)c34,80.0,Ki (nM),COc1cc2c(cc1O)-c1c(O)c(OC)cc3c1C(C2)N(C)CC3,False,False,False
50817741,Fc1ccc2[nH]cc(C3=CCN(CCNS(=O)(=O)c4ccc5ccccc5c4)CC3)c2c1,80.0,Ki (nM),O=S(=O)(NCCN1CC=C(c2c[nH]c3ccc(F)cc23)CC1)c1ccc2ccccc2c1,False,False,False
51315508,CCOc1ccccc1N1CCN(CCC(=O)N2CCN(CC2)c2ccccc2)CC1,80.0,Ki (nM),CCOc1ccccc1N1CCN(CCC(=O)N2CCN(c3ccccc3)CC2)CC1,False,False,False
223607,Cc1cccc(c1)-c1ccccc1C1CCNC1,80.24,Ki (nM),Cc1cccc(-c2ccccc2C2CCNC2)c1,False,False,False
282704,Cc1cccc(c1)-c1ccccc1C1CCNC1,80.24,Ki (nM),Cc1cccc(-c2ccccc2C2CCNC2)c1,False,False,False
50174015,CN1CCc2ccc3ncc4cccc5C[C@@H]1c2c3c45,81.0,Ki (nM),CN1CCc2ccc3ncc4cccc5c4c3c2[C@H]1C5,False,False,False
51418983,Fc1ccccc1-c1n[nH]cc1N1CCNCC1,81.0,Ki (nM),Fc1ccccc1-c1n[nH]cc1N1CCNCC1,False,False,False
50096578,Oc1cccc2CCC(Cc12)N1CCN(CC1)c1ccccc1,81.0,Ki (nM),Oc1cccc2c1CC(N1CCN(c3ccccc3)CC1)CC2,False,False,False
50846037,CCOc1nc2n(C)c(=O)n(C)c(=O)c2n1CCCCN1CCc2ccccc2C1,83.0,Ki (nM),CCOc1nc2c(c(=O)n(C)c(=O)n2C)n1CCCCN1CCc2ccccc2C1,False,False,False
163296,C1CN(CCN1)c1cccc2ccccc12,83.0,Ki (nM),c1ccc2c(N3CCNCC3)cccc2c1,False,False,False
50812850,CC[C@@](C)(CO)CNC(=O)[C@H]1CN(C)[C@@H]2Cc3c[nH]c4cccc(C2=C1)c34,83.0,Ki (nM),CC[C@@](C)(CO)CNC(=O)[C@@H]1C=C2c3cccc4[nH]cc(c34)C[C@H]2N(C)C1,False,False,False
50812962,C1CN(CCN1)c1cccc2ccccc12,83.0,Ki (nM),c1ccc2c(N3CCNCC3)cccc2c1,False,False,False
50963758,C1CN(CCN1)c1cccc2ccccc12,83.0,Ki (nM),c1ccc2c(N3CCNCC3)cccc2c1,False,False,False
163311,CC[C@@H](CO)NC(=O)[C@H]1CN([C@@H]2Cc3cn(c4c3c(ccc4)C2=C1)C)C,83.0,Ki (nM),CC[C@@H](CO)NC(=O)[C@@H]1C=C2c3cccc4c3c(cn4C)C[C@H]2N(C)C1,False,False,False
792018,Cc1nc(COc2ccc(Cl)cc2OC2CNC2)cs1,83.0,Ki (nM),Cc1nc(COc2ccc(Cl)cc2OC2CNC2)cs1,False,False,False
50090995,Cc1nc(COc2ccc(Cl)cc2OC2CNC2)cs1,83.0,Ki (nM),Cc1nc(COc2ccc(Cl)cc2OC2CNC2)cs1,False,False,False
162643,C1CN(CCN1)c1cccc2ccccc12,83.17,Ki (nM),c1ccc2c(N3CCNCC3)cccc2c1,False,False,False
162716,CC[C@@H](CO)NC(=O)[C@H]1CN([C@@H]2Cc3cn(c4c3c(ccc4)C2=C1)C)C,83.17,Ki (nM),CC[C@@H](CO)NC(=O)[C@@H]1C=C2c3cccc4c3c(cn4C)C[C@H]2N(C)C1,False,False,False
51281978,CCOc1ccccc1N1CCN(CCCCCCN2C(=O)c3cccc4cccc2c34)CC1,84.0,Ki (nM),CCOc1ccccc1N1CCN(CCCCCCN2C(=O)c3cccc4cccc2c34)CC1,False,False,False
50256199,CN(C)CCSc1nc2ccccc2s1,84.0,Ki (nM),CN(C)CCSc1nc2ccccc2s1,False,False,False
792246,Clc1ccc2CCC(Oc3ccc(Br)cc3OC3CNC3)c2c1,84.0,Ki (nM),Clc1ccc2c(c1)C(Oc1ccc(Br)cc1OC1CNC1)CC2,False,False,False
50462477,Cn1cc(cn1)S(=O)(=O)NC1CCN(CCOc2ccccc2C(C)(C)C)CC1,84.0,Ki (nM),Cn1cc(S(=O)(=O)NC2CCN(CCOc3ccccc3C(C)(C)C)CC2)cn1,False,False,False
51337088,CN(C)[C@@H]1CCc2c(C1)cccc2-c1ccc(Cl)cc1,84.0,Ki (nM),CN(C)[C@@H]1CCc2c(cccc2-c2ccc(Cl)cc2)C1,False,False,False
50157682,CCOc1ccccc1OCCN[C@H](C)Cc1ccc(OC)c(c1)S(N)(=O)=O,84.0,Ki (nM),CCOc1ccccc1OCCN[C@H](C)Cc1ccc(OC)c(S(N)(=O)=O)c1,False,False,False
51031566,COc1ccccc1N1CCN(CC(O)CN2C(=O)NC(C)(C2=O)c2cccc(F)c2)CC1,85.0,Ki (nM),COc1ccccc1N1CCN(CC(O)CN2C(=O)NC(C)(c3cccc(F)c3)C2=O)CC1,False,False,False
50958830,CCOc1ccccc1C(=O)NC1CCN(CCOc2ccccc2-c2ccccc2)C1,85.0,Ki (nM),CCOc1ccccc1C(=O)NC1CCN(CCOc2ccccc2-c2ccccc2)C1,False,False,False
50224038,COc1cccc(c1)C(=O)CCCCN1CCN(CC1)c1ccccc1OC,85.0,Ki (nM),COc1cccc(C(=O)CCCCN2CCN(c3ccccc3OC)CC2)c1,False,False,False
50096582,CN(CCCN1CCN(CC1)c1ccccc1)c1cccc(C)c1,85.0,Ki (nM),Cc1cccc(N(C)CCCN2CCN(c3ccccc3)CC2)c1,False,False,False
50503298,Fc1ccc2CC(CCN3CCc4ccccc4C3)Cc2c1,86.0,Ki (nM),Fc1ccc2c(c1)CC(CCN1CCc3ccccc3C1)C2,False,False,False
50468097,Oc1ccccc1N1CCN(CCCCC(=O)n2c3ccccc3c3ccccc23)CC1,86.0,Ki (nM),O=C(CCCCN1CCN(c2ccccc2O)CC1)n1c2ccccc2c2ccccc21,False,False,False
51120128,Clc1cccc(c1)S(=O)(=O)NC1CCN(CCOc2cccc(Br)c2)CC1,86.0,Ki (nM),O=S(=O)(NC1CCN(CCOc2cccc(Br)c2)CC1)c1cccc(Cl)c1,False,False,False
50468093,Oc1ccccc1N1CCN(CCCCC(=O)n2c3ccccc3c3ccccc23)CC1,86.0,Ki (nM),O=C(CCCCN1CCN(c2ccccc2O)CC1)n1c2ccccc2c2ccccc21,False,False,False
50520258,O=C(CCOCCN1CCN(CC1)c1cccnc1-c1ccccc1)NCc1ccc(cc1)C#N,87.0,Ki (nM),N#Cc1ccc(CNC(=O)CCOCCN2CCN(c3cccnc3-c3ccccc3)CC2)cc1,False,False,False
50468096,Oc1ccccc1N1CCN(CCCCC(=O)n2c3ccccc3c3ccccc23)CC1,87.0,Ki (nM),O=C(CCCCN1CCN(c2ccccc2O)CC1)n1c2ccccc2c2ccccc21,False,False,False
50706721,Oc1csc(=O)n1CCCCCCNCC1CCc2ccccc2O1,87.0,Ki (nM),O=c1scc(O)n1CCCCCCNCC1CCc2ccccc2O1,False,False,False
51157929,CCN(CC)[C@@H]1CCc2cccc(OC)c2C1,87.0,Ki (nM),CCN(CC)[C@@H]1CCc2cccc(OC)c2C1,False,False,False
50268809,Cc1cccc2-c3ccc(cc3C(O)c12)C(=O)N=C(N)N,87.0,Ki (nM),Cc1cccc2c1C(O)c1cc(C(=O)N=C(N)N)ccc1-2,False,False,False
51470952,COc1ccccc1N1CCN(CCCCN2C(=O)c3ccccc3C2=O)CC1,87.0,Ki (nM),COc1ccccc1N1CCN(CCCCN2C(=O)c3ccccc3C2=O)CC1,False,False,False
50286052,COc1ccccc1N1CCN(CCCCN2C(=O)c3ccccc3C2=O)CC1,87.0,Ki (nM),COc1ccccc1N1CCN(CCCCN2C(=O)c3ccccc3C2=O)CC1,False,False,False
792051,Clc1ccc(OCc2ccc(cc2)C#N)c(OC2CNC2)c1,87.0,Ki (nM),N#Cc1ccc(COc2ccc(Cl)cc2OC2CNC2)cc1,False,False,False
185360,CN1CCN(CC1)C1=Nc2ccccc2Oc2ccc(Cl)cc12 |t:8|,87.2,Ki (nM),CN1CCN(C2=Nc3ccccc3Oc3ccc(Cl)cc32)CC1,False,False,False
1466009,CN(C)CCc1c[nH]c2ccccc12,87.5,Ki (nM),CN(C)CCc1c[nH]c2ccccc12,False,False,False
50177134,CN1CCc2cccc3-c4ccccc4C[C@@H]1c23,88.0,Ki (nM),CN1CCc2cccc3c2[C@H]1Cc1ccccc1-3,False,False,False
50211373,CN1CCCN(CCn2ccc3cc(Br)ccc23)CC1,88.0,Ki (nM),CN1CCCN(CCn2ccc3cc(Br)ccc32)CC1,False,False,False
50719350,Clc1cccc(c1)N1CCN(CCCCNS(=O)(=O)c2cnc3ccc(Cl)cc3c2)CC1,88.0,Ki (nM),O=S(=O)(NCCCCN1CCN(c2cccc(Cl)c2)CC1)c1cnc2ccc(Cl)cc2c1,False,False,False
50703472,O=S(=O)(NCCCCN1CCc2ccccc2C1)c1cccc2cccnc12,88.0,Ki (nM),O=S(=O)(NCCCCN1CCc2ccccc2C1)c1cccc2cccnc12,False,False,False
50154824,CN1CCc2cccc3-c4ccccc4C[C@@H]1c23,88.0,Ki (nM),CN1CCc2cccc3c2[C@H]1Cc1ccccc1-3,False,False,False
792057,Fc1cc(ccc1COc1ccc(Cl)cc1OC1CNC1)C(F)(F)F,88.0,Ki (nM),Fc1cc(C(F)(F)F)ccc1COc1ccc(Cl)cc1OC1CNC1,False,False,False
182554,CCCN(C(C)C)[C@H]1COc2cccc(C(N)=O)c2C1,88.0,Ki (nM),CCCN(C(C)C)[C@H]1COc2cccc(C(N)=O)c2C1,False,False,False
50290813,O=C1N(CCCCCN2CCN(CC2)c2ccccc2)c2cccc3cccc1c23,89.0,Ki (nM),O=C1c2cccc3cccc(c23)N1CCCCCN1CCN(c2ccccc2)CC1,False,False,False
50302219,Cc1sc2ncn(CCCCCN3CCN(CC3)c3cccc(Cl)c3)c(=O)c2c1C,89.0,Ki (nM),Cc1sc2ncn(CCCCCN3CCN(c4cccc(Cl)c4)CC3)c(=O)c2c1C,False,False,False
51060510,O=C1N(CCCCCN2CCN(CC2)c2ccccc2)c2cccc3cccc1c23,89.0,Ki (nM),O=C1c2cccc3cccc(c23)N1CCCCCN1CCN(c2ccccc2)CC1,False,False,False
50456807,COc1ccc2[nH]cc(CCN(CC=C)CC=C)c2c1,89.0,Ki (nM),C=CCN(CC=C)CCc1c[nH]c2ccc(OC)cc12,False,False,False
50474293,COc1cccc(c1)N1CCN(CC(O)CN2C(=O)NC(C)(C2=O)c2ccc(F)cc2)CC1,89.0,Ki (nM),COc1cccc(N2CCN(CC(O)CN3C(=O)NC(C)(c4ccc(F)cc4)C3=O)CC2)c1,False,False,False
51119365,COc1ccccc1N1CCN(CCOCCOc2cc(C)cc(C)c2C)CC1,89.0,Ki (nM),COc1ccccc1N1CCN(CCOCCOc2cc(C)cc(C)c2C)CC1,False,False,False
51375348,Clc1cccc(N2CCN(CCCCOc3ccc4CCC(=O)Nc4c3)CC2)c1Cl,89.0,Ki (nM),O=C1CCc2ccc(OCCCCN3CCN(c4cccc(Cl)c4Cl)CC3)cc2N1,False,False,False
51344436,COc1cc2CCN(C)C3Cc4ccc(NS(C)(=O)=O)cc4-c(c1OC)c23,89.0,Ki (nM),COc1cc2c3c(c1OC)-c1cc(NS(C)(=O)=O)ccc1CC3N(C)CC2,False,False,False
50456095,O=C1N(CCCCCN2CCN(CC2)c2ccccc2)c2cccc3cccc1c23,89.0,Ki (nM),O=C1c2cccc3cccc(c23)N1CCCCCN1CCN(c2ccccc2)CC1,False,False,False
162674,CC(C)(C)[C@]1(O)CCN2C[C@H]3c4ccccc4CCc4cccc([C@@H]2C1)c34,89.12,Ki (nM),CC(C)(C)[C@]1(O)CCN2C[C@H]3c4ccccc4CCc4cccc(c43)[C@@H]2C1,False,False,False
792172,CC(Oc1ccc(Br)cc1OC1CNC1)c1cccc(OC(F)(F)F)c1,90.0,Ki (nM),CC(Oc1ccc(Br)cc1OC1CNC1)c1cccc(OC(F)(F)F)c1,False,False,False
50817730,Clc1ccc(cc1)S(=O)(=O)NCCCCN1CCC(=CC1)c1c[nH]c2ccc(Cl)cc12,90.0,Ki (nM),O=S(=O)(NCCCCN1CC=C(c2c[nH]c3ccc(Cl)cc23)CC1)c1ccc(Cl)cc1,False,False,False
51119301,Cc1cc(OCCCN2CCN(CC2)c2ccccc2)ccc1Cl,90.0,Ki (nM),Cc1cc(OCCCN2CCN(c3ccccc3)CC2)ccc1Cl,False,False,False
50703468,COc1ccccc1N1CCN(CCCNS(=O)(=O)c2cccc3cccnc23)CC1,90.0,Ki (nM),COc1ccccc1N1CCN(CCCNS(=O)(=O)c2cccc3cccnc23)CC1,False,False,False
792167,CC(Oc1ccc(Cl)cc1OC1CN(C1)C1CCC1)c1cccc(c1)C(F)(F)F,90.0,Ki (nM),CC(Oc1ccc(Cl)cc1OC1CN(C2CCC2)C1)c1cccc(C(F)(F)F)c1,False,False,False
50714442,Fc1ccc(CCCCN2CCN(CC2)c2ccccn2)cc1,90.0,Ki (nM),Fc1ccc(CCCCN2CCN(c3ccccn3)CC2)cc1,False,False,False
792195,CC(Oc1ccc(Cl)cc1OC1CNC1)c1ccc(c(F)c1)C(F)(F)F,90.0,Ki (nM),CC(Oc1ccc(Cl)cc1OC1CNC1)c1ccc(C(F)(F)F)c(F)c1,False,False,False
50286063,COc1ccccc1N1CCN(CCCCN2C(=O)CCC2=O)CC1,90.0,Ki (nM),COc1ccccc1N1CCN(CCCCN2C(=O)CCC2=O)CC1,False,False,False
51357438,C1CC(C1)n1nc2CCNCCc2c1-c1ccccc1,90.0,Ki (nM),c1ccc(-c2c3c(nn2C2CCC2)CCNCC3)cc1,False,False,False
51357432,CC(C)n1nc2CCNCCc2c1-c1ccc(cc1)C#N,90.0,Ki (nM),CC(C)n1nc2c(c1-c1ccc(C#N)cc1)CCNCC2,False,False,False
51470954,COc1ccccc1N1CCN(CCCCN2C(=O)CCC2=O)CC1,90.0,Ki (nM),COc1ccccc1N1CCN(CCCCN2C(=O)CCC2=O)CC1,False,False,False
51366707,Fc1ccc(CCCCN2CCN(CC2)c2ccccn2)cc1,90.0,Ki (nM),Fc1ccc(CCCCN2CCN(c3ccccn3)CC2)cc1,False,False,False
50096576,Oc1cccc(c1)N(CCCN1CCN(CC1)c1ccccc1)c1ccccc1,90.0,Ki (nM),Oc1cccc(N(CCCN2CCN(c3ccccc3)CC2)c2ccccc2)c1,False,False,False
51408589,Fc1ccc(CCCCN2CCN(CC2)c2ccccn2)cc1,90.0,Ki (nM),Fc1ccc(CCCCN2CCN(c3ccccn3)CC2)cc1,False,False,False
153884,C(C1=NCCN1)c1cccc2ccccc12 |t:1|,90.0,Ki (nM),c1ccc2c(CC3=NCCN3)cccc2c1,False,False,False
170652,CC(C)(C)[C@]1(O)CCN2C[C@H]3c4ccccc4CCc4cccc([C@@H]2C1)c34,90.0,Ki (nM),CC(C)(C)[C@]1(O)CCN2C[C@H]3c4ccccc4CCc4cccc(c43)[C@@H]2C1,False,False,False
50310699,O=C(CCCCN1CCN(CC1)c1ccccc1-c1ccccc1)N1CCC[C@H]1C(=O)N1CCCCC1,91.0,Ki (nM),O=C([C@@H]1CCCN1C(=O)CCCCN1CCN(c2ccccc2-c2ccccc2)CC1)N1CCCCC1,False,False,False
50817745,Fc1cccc(c1)S(=O)(=O)NCCCCN1CCC(=CC1)c1c[nH]c2ccc(Cl)cc12,91.0,Ki (nM),O=S(=O)(NCCCCN1CC=C(c2c[nH]c3ccc(Cl)cc23)CC1)c1cccc(F)c1,False,False,False
306834,Fc1ccccc1N1CCN(CCCCC2NC(=NNC2=O)c2ccccc2Cl)CC1 |c:18|,91.0,Ki (nM),O=C1NN=C(c2ccccc2Cl)NC1CCCCN1CCN(c2ccccc2F)CC1,False,False,False
792229,FCC(Oc1ccc(Br)cc1OC1CNC1)c1ccccc1,91.0,Ki (nM),FCC(Oc1ccc(Br)cc1OC1CNC1)c1ccccc1,False,False,False
50525007,C(CN1CCc2ccccc2C1)Cc1nc2ccccc2[nH]1,91.0,Ki (nM),c1ccc2c(c1)CCN(CCCc1nc3ccccc3[nH]1)C2,False,False,False
50524956,C(CN1CCc2ccccc2C1)Cc1nc2ccccc2[nH]1,91.0,Ki (nM),c1ccc2c(c1)CCN(CCCc1nc3ccccc3[nH]1)C2,False,False,False
50300522,CN(C)C[C@@H]1CC2[C@H](O1)c1cc(Cl)ccc1Oc1ccccc21,92.0,Ki (nM),CN(C)C[C@@H]1CC2c3ccccc3Oc3ccc(Cl)cc3[C@H]2O1,False,False,False
51207255,C(N1CCC(=CC1)c1ccccc1)c1cn(-c2ccccc2)c2ccccc12,92.0,Ki (nM),C1=C(c2ccccc2)CCN(Cc2cn(-c3ccccc3)c3ccccc23)C1,False,False,False
50289680,COc1ccccc1N1CCN(CCCC(=O)NC2CCCc3ccccc23)CC1,92.0,Ki (nM),COc1ccccc1N1CCN(CCCC(=O)NC2CCCc3ccccc32)CC1,False,False,False
170506,[#6]-[#7](-[#6])-[#6]-[#6]\[#6]=[#6]-1/c2ccccc2-[#6]-[#6]-c2ccccc-12,92.8,Ki (nM),[C]N([C])[C][C][C]=C1c2ccccc2[C][C]c2ccccc21,False,False,False
50353456,O=C1NC2(CCc3ccccc23)C(=O)N1CCCCN1CCN(CC1)c1ccccc1,93.0,Ki (nM),O=C1NC2(CCc3ccccc32)C(=O)N1CCCCN1CCN(c2ccccc2)CC1,False,False,False
51399282,O=S(=O)(NCCCCN1CCN(CC1)c1nsc2ccccc12)c1c[nH]c2ncccc12,93.0,Ki (nM),O=S(=O)(NCCCCN1CCN(c2nsc3ccccc23)CC1)c1c[nH]c2ncccc12,False,False,False
50958827,Fc1ccc(cc1F)S(=O)(=O)NC1CCN(CCSc2ccccc2-c2ccccc2)CC1,93.0,Ki (nM),O=S(=O)(NC1CCN(CCSc2ccccc2-c2ccccc2)CC1)c1ccc(F)c(F)c1,False,False,False
50096575,Oc1cccc(c1)N(CCCN1CCN(CC1)c1ccccc1)Cc1ccccc1,93.0,Ki (nM),Oc1cccc(N(CCCN2CCN(c3ccccc3)CC2)Cc2ccccc2)c1,False,False,False
51364340,Fc1ccc2cc(sc2c1)S(=O)(=O)N[C@H]1CCN(CCCc2noc3ccccc23)C1,93.0,Ki (nM),O=S(=O)(N[C@H]1CCN(CCCc2noc3ccccc23)C1)c1cc2ccc(F)cc2s1,False,False,False
50963783,Cc1ccc(cc1C)-c1cccc(c1)N1CCNCC1,93.0,Ki (nM),Cc1ccc(-c2cccc(N3CCNCC3)c2)cc1C,False,False,False
51120163,Brc1ccc(I)c(OCCN2CCC(CC2)NS(=O)(=O)c2ccccc2)c1,93.0,Ki (nM),O=S(=O)(NC1CCN(CCOc2cc(Br)ccc2I)CC1)c1ccccc1,False,False,False
160281,CC[C@@H](CO)NC(=O)[C@H]1CN([C@@H]2Cc3cn(c4c3c(ccc4)C2=C1)C)C,93.32,Ki (nM),CC[C@@H](CO)NC(=O)[C@@H]1C=C2c3cccc4c3c(cn4C)C[C@H]2N(C)C1,False,False,False
51031544,COc1ccc(cc1)C1(C)NC(=O)N(CC(O)CN2CCN(CC2)C(c2ccccc2)c2ccccc2)C1=O,94.0,Ki (nM),COc1ccc(C2(C)NC(=O)N(CC(O)CN3CCN(C(c4ccccc4)c4ccccc4)CC3)C2=O)cc1,False,False,False
50706727,Oc1c2CCCn2c(=O)n1CCCCCNCC1CCc2ccccc2O1,94.0,Ki (nM),O=c1n(CCCCCNCC2CCc3ccccc3O2)c(O)c2n1CCC2,False,False,False
51207230,Cc1ccc(cc1)-n1cc(CN2CCN(CC2)c2ccccc2)c2ccccc12,94.0,Ki (nM),Cc1ccc(-n2cc(CN3CCN(c4ccccc4)CC3)c3ccccc32)cc1,False,False,False
50102330,O=S(=O)(NCCCN1CCN(CC1)c1noc2ccccc12)c1cccs1,94.0,Ki (nM),O=S(=O)(NCCCN1CCN(c2noc3ccccc23)CC1)c1cccs1,False,False,False
50703459,O=S(=O)(NCCCCN1CCc2ccccc2C1)c1ccccc1,94.0,Ki (nM),O=S(=O)(NCCCCN1CCc2ccccc2C1)c1ccccc1,False,False,False
792091,FC(F)(F)c1ccc(COc2ccc(Cl)cc2OC2CCCNC2)o1,94.0,Ki (nM),FC(F)(F)c1ccc(COc2ccc(Cl)cc2OC2CCCNC2)o1,False,False,False
50310647,NC(=O)[C@@H]1Cc2ccccc2CN1C(=O)CCCCN1CCN(CC1)c1ccccc1-c1ccccc1,94.0,Ki (nM),NC(=O)[C@@H]1Cc2ccccc2CN1C(=O)CCCCN1CCN(c2ccccc2-c2ccccc2)CC1,False,False,False
50081694,NC(=O)[C@@H]1Cc2ccccc2CN1C(=O)CCCCCN1CCN(CC1)c1cccc(Cl)c1Cl,95.0,Ki (nM),NC(=O)[C@@H]1Cc2ccccc2CN1C(=O)CCCCCN1CCN(c2cccc(Cl)c2Cl)CC1,False,False,False
50551184,Clc1cccc(c1)N1CCN(CCCCCn2cnc(cc2=O)-c2ccccc2)CC1,95.0,Ki (nM),O=c1cc(-c2ccccc2)ncn1CCCCCN1CCN(c2cccc(Cl)c2)CC1,False,False,False
792120,Cn1nnc2ccc(COc3ccc(Cl)cc3OC3CNC3)cc12,95.0,Ki (nM),Cn1nnc2ccc(COc3ccc(Cl)cc3OC3CNC3)cc21,False,False,False
50817570,Cc1cccc(c1)S(=O)(=O)NCCCN1CCC(=CC1)c1c[nH]c2ccc(F)cc12,95.0,Ki (nM),Cc1cccc(S(=O)(=O)NCCCN2CC=C(c3c[nH]c4ccc(F)cc34)CC2)c1,False,False,False
306828,O=C1NN=C(NC1CCCCN1CCN(CC1)c1ccccc1)c1ccccc1 |c:3|,95.0,Ki (nM),O=C1NN=C(c2ccccc2)NC1CCCCN1CCN(c2ccccc2)CC1,False,False,False
50082439,CCOc1ccccc1N1CCN(CCCN2C(=O)N(C)C(=O)C2(c2ccccc2)c2ccccc2)CC1,95.0,Ki (nM),CCOc1ccccc1N1CCN(CCCN2C(=O)N(C)C(=O)C2(c2ccccc2)c2ccccc2)CC1,False,False,False
51449148,C[C@H]1C[C@@H](CN1CCCc1noc2cc(F)ccc12)NS(=O)(=O)c1csc2ccccc12,95.0,Ki (nM),C[C@H]1C[C@H](NS(=O)(=O)c2csc3ccccc23)CN1CCCc1noc2cc(F)ccc12,False,False,False
160259,CN(C)CCc1c[nH]c2ccc(O)cc12,95.49,Ki (nM),CN(C)CCc1c[nH]c2ccc(O)cc12,False,False,False
1423506,O=c1[nH]c2ccccc2n1CCCCCN1CCN(CC1)c1ccncn1,95.5,Ki (nM),O=c1[nH]c2ccccc2n1CCCCCN1CCN(c2ccncn2)CC1,False,False,False
50096605,CN(CCCCCCN1CCN(CC1)c1cccc(c1)C(F)(F)F)c1cccc(O)c1,96.0,Ki (nM),CN(CCCCCCN1CCN(c2cccc(C(F)(F)F)c2)CC1)c1cccc(O)c1,False,False,False
50663748,CCC1(CCCCN2CCN(CC2)c2ccc(Cl)cc2)C(=O)Nc2c1cc(Cl)c(F)c2Cl,96.0,Ki (nM),CCC1(CCCCN2CCN(c3ccc(Cl)cc3)CC2)C(=O)Nc2c1cc(Cl)c(F)c2Cl,False,False,False
50963776,COc1cccc(OC)c1-c1ccccc1N1CCNCC1,96.0,Ki (nM),COc1cccc(OC)c1-c1ccccc1N1CCNCC1,False,False,False
51161203,O=S(=O)(CCCCN1CCC2CCCCC2C1)c1ccccc1,96.0,Ki (nM),O=S(=O)(CCCCN1CCC2CCCCC2C1)c1ccccc1,False,False,False
50958841,Fc1ccc(cc1F)S(=O)(=O)NC1CCN(CCOc2cc(Cl)ccc2Cl)C1,97.0,Ki (nM),O=S(=O)(NC1CCN(CCOc2cc(Cl)ccc2Cl)C1)c1ccc(F)c(F)c1,False,False,False
792110,FC(F)(F)c1ccnc(COc2ccc(Cl)cc2OC2CNC2)c1,97.0,Ki (nM),FC(F)(F)c1ccnc(COc2ccc(Cl)cc2OC2CNC2)c1,False,False,False
50700342,COc1ccccc1N1CCN(CCN(C(=O)C23CCC(CF)(CC2)C3)c2ccccn2)CC1,97.0,Ki (nM),COc1ccccc1N1CCN(CCN(C(=O)C23CCC(CF)(CC2)C3)c2ccccn2)CC1,False,False,False
51337107,CN(C)C1CCc2c(C1)cccc2-c1cncc2ccccc12,97.0,Ki (nM),CN(C)C1CCc2c(cccc2-c2cncc3ccccc23)C1,False,False,False
51412604,COc1ccccc1N1CCN(Cc2ccc(CN3C(=O)c4ccccc4S3(=O)=O)cc2)CC1,97.0,Ki (nM),COc1ccccc1N1CCN(Cc2ccc(CN3C(=O)c4ccccc4S3(=O)=O)cc2)CC1,False,False,False
51126961,Clc1ccc2[nH]cc(C3=CCN(CC[C@@H]4CCCN4S(=O)(=O)c4cncc5ccccc45)CC3)c2c1,97.0,Ki (nM),O=S(=O)(c1cncc2ccccc12)N1CCC[C@H]1CCN1CC=C(c2c[nH]c3ccc(Cl)cc23)CC1,False,False,False
50285776,OC1(CC2CCC(C1)N2CCCSc1ccc(F)cc1)c1ccc(Cl)cc1,97.0,Ki (nM),OC1(c2ccc(Cl)cc2)CC2CCC(C1)N2CCCSc1ccc(F)cc1,False,False,False
50854544,CCC1NC(N)=Nc2cccc(Cl)c12,97.4,Ki (nM),CCC1NC(N)=Nc2cccc(Cl)c21,False,False,False
50289749,O=C(CCCCCN1CCN(CC1)c1cccc(c1)C#N)NC1CCCc2ccccc12,97.8,Ki (nM),N#Cc1cccc(N2CCN(CCCCCC(=O)NC3CCCc4ccccc43)CC2)c1,False,False,False
792533,Brc1ccc(C(=O)c2ccccc2)c(OC2CNC2)c1,98.0,Ki (nM),O=C(c1ccccc1)c1ccc(Br)cc1OC1CNC1,False,False,False
51155762,CC(=O)c1ccc2NC(=O)C3(CCCCN4CCC(=CC4)c4ccccc4)CCCc1c23,98.0,Ki (nM),CC(=O)c1ccc2c3c1CCCC3(CCCCN1CC=C(c3ccccc3)CC1)C(=O)N2,False,False,False
185368,CN1CCCC[C@H]1CCN2c3ccccc3Sc4c2cc(cc4)SC,99.0,Ki (nM),CSc1ccc2c(c1)N(CC[C@@H]1CCCCN1C)c1ccccc1S2,False,False,False
51348451,O=C(NCCCCCCN1CCN(CC1)c1nsc2ccccc12)c1ccccc1,99.0,Ki (nM),O=C(NCCCCCCN1CCN(c2nsc3ccccc23)CC1)c1ccccc1,False,False,False
51158093,O=C1Nc2cccc3CCCC1(CCN1CCN(CC1)c1ccccc1)c23,100.0,Ki (nM),O=C1Nc2cccc3c2C1(CCN1CCN(c2ccccc2)CC1)CCC3,False,False,False
50503300,Fc1ccc(OCCCN2CCc3ccccc3C2)cc1,100.0,Ki (nM),Fc1ccc(OCCCN2CCc3ccccc3C2)cc1,False,False,False
159688,c1ccc(cc1)N2CNC(=O)C23CCN(CC3)CCCC(=O)c4ccc(cc4)F,100.0,Ki (nM),O=C(CCCN1CCC2(CC1)C(=O)NCN2c1ccccc1)c1ccc(F)cc1,False,False,False
306831,Fc1ccccc1N1CCN(CCCCC2NC(=NNC2=O)c2ccccc2)CC1 |c:18|,100.0,Ki (nM),O=C1NN=C(c2ccccc2)NC1CCCCN1CCN(c2ccccc2F)CC1,False,False,False
51442075,CCN(CC)Cc1ccc(Cl)c(c1)-c1ccccc1OC,100.0,Ki (nM),CCN(CC)Cc1ccc(Cl)c(-c2ccccc2OC)c1,False,False,False
50818186,Nc1ccc2ccc(CCNCCc3cccc(Cl)c3)cc2n1,,Ki (nM),Nc1ccc2ccc(CCNCCc3cccc(Cl)c3)cc2n1,False,False,False
51249152,Fc1ccc(cc1)C(=O)CCCN1CCC2(CC1)N(CNC2=O)c1ccccc1,100.0,Ki (nM),O=C(CCCN1CCC2(CC1)C(=O)NCN2c1ccccc1)c1ccc(F)cc1,False,False,False
51037338,O=C1Nc2ccccc2C11CCN(CCN2CCN(CC2)c2ccccc2)C1,100.0,Ki (nM),O=C1Nc2ccccc2C12CCN(CCN1CCN(c3ccccc3)CC1)C2,False,False,False
792024,Cc1nc(no1)-c1cccc(COc2ccc(Cl)cc2OC2CNC2)c1,100.0,Ki (nM),Cc1nc(-c2cccc(COc3ccc(Cl)cc3OC3CNC3)c2)no1,False,False,False
180766,CN1CCN2c3ccccc3Cc4ccccc4[C@H]2C1,100.0,Ki (nM),CN1CCN2c3ccccc3Cc3ccccc3[C@H]2C1,False,False,False
174174,CN1CCN2c3ccccc3Cc4ccccc4[C@H]2C1,100.0,Ki (nM),CN1CCN2c3ccccc3Cc3ccccc3[C@H]2C1,False,False,False
50376732,CN(Cc1ccccc1)\C=N\c1ccc2CCC(OC(C)=O)c2c1,100.0,Ki (nM),CC(=O)OC1CCc2ccc(/N=C/N(C)Cc3ccccc3)cc21,False,False,False
175519,"CN1CCN(CC1)C1=c2cc(C)sc2=Nc2ccccc2N1 |c:8,15|",100.0,Ki (nM),Cc1cc2c(s1)=Nc1ccccc1NC=2N1CCN(C)CC1,False,False,False
50376734,CC(=O)OC1CCc2ccc(cc12)\N=C\N1CCc2ccccc2C1,100.0,Ki (nM),CC(=O)OC1CCc2ccc(/N=C/N3CCc4ccccc4C3)cc21,False,False,False
174173,CN1CCN2c3ccccc3Cc4ccccc4[C@H]2C1,100.0,Ki (nM),CN1CCN2c3ccccc3Cc3ccccc3[C@H]2C1,False,False,False
51158099,COc1ccccc1N1CCN(CCCCCN2C(=O)c3cccc4cccc2c34)CC1,100.0,Ki (nM),COc1ccccc1N1CCN(CCCCCN2C(=O)c3cccc4cccc2c34)CC1,False,False,False
51210348,[#6]-[#6]-[#6]-[#6]C1([#8])c2ccccc2-c2ccc(cc12)-[#6](=O)[#7]=[#6]([#7])-[#7],,Ki (nM),[C][C][C][C]C1([O])c2ccccc2-c2ccc(C(=O)N=C([N])[N])cc21,False,False,False
162721,CN1CCN2c3ccccc3Cc4ccccc4[C@H]2C1,100.0,Ki (nM),CN1CCN2c3ccccc3Cc3ccccc3[C@H]2C1,False,False,False
174181,c1ccc(cc1)N2CNC(=O)C23CCN(CC3)CCCC(=O)c4ccc(cc4)F,100.0,Ki (nM),O=C(CCCN1CCC2(CC1)C(=O)NCN2c1ccccc1)c1ccc(F)cc1,False,False,False
50984866,O=C1Nc2cccc3CCCC1(CCN1CCN(CC1)c1ccccc1)c23,100.0,Ki (nM),O=C1Nc2cccc3c2C1(CCN1CCN(c2ccccc2)CC1)CCC3,False,False,False
174191,CCCN(CCC)C1CCc2cccc(O)c2C1,100.0,Ki (nM),CCCN(CCC)C1CCc2cccc(O)c2C1,False,False,False
50984868,COc1ccccc1N1CCN(CCCCCN2C(=O)c3cccc4cccc2c34)CC1,100.0,Ki (nM),COc1ccccc1N1CCN(CCCCCN2C(=O)c3cccc4cccc2c34)CC1,False,False,False
50444780,CN(C1CCN(CCOc2ccccc2-c2ccccc2)CC1)S(=O)(=O)c1ccccc1,100.0,Ki (nM),CN(C1CCN(CCOc2ccccc2-c2ccccc2)CC1)S(=O)(=O)c1ccccc1,False,False,False
50812841,CN1CCN2C(C1)c1ccccc1Cc1ccccc21,100.0,Ki (nM),CN1CCN2c3ccccc3Cc3ccccc3C2C1,False,False,False
791996,CN1CC(C1)Oc1cc(Br)ccc1OCc1ccccc1Cl,100.0,Ki (nM),CN1CC(Oc2cc(Br)ccc2OCc2ccccc2Cl)C1,False,False,False
50256202,CN(C)CCSc1ccnc(c1)-c1ccccc1,100.0,Ki (nM),CN(C)CCSc1ccnc(-c2ccccc2)c1,False,False,False
50284488,COc1ccc(cc1)S(=O)(=O)NCCCN1CCN(CC1)c1ccccc1OC,100.0,Ki (nM),COc1ccc(S(=O)(=O)NCCCN2CCN(c3ccccc3OC)CC2)cc1,False,False,False
178489,CNS(=O)(=O)Cc1ccc2[nH]cc(CCN(C)C)c2c1,100.0,Ki (nM),CNS(=O)(=O)Cc1ccc2[nH]cc(CCN(C)C)c2c1,False,False,False
51357427,Fc1ccc(cc1)-c1c2CCNCCc2nn1C1CC1,100.0,Ki (nM),Fc1ccc(-c2c3c(nn2C2CC2)CCNCC3)cc1,False,False,False
51163762,Fc1ccc2[nH]cc(C3=CCN(CCCCN4C(=O)c5ccccc5C4=O)CC3)c2c1,100.0,Ki (nM),O=C1c2ccccc2C(=O)N1CCCCN1CC=C(c2c[nH]c3ccc(F)cc23)CC1,False,False,False
50088157,O=C1CN(CN2CCN(CC2)c2cccc3ccccc23)C(=O)[C@@H]2CCCN12,101.0,Ki (nM),O=C1[C@@H]2CCCN2C(=O)CN1CN1CCN(c2cccc3ccccc23)CC1,False,False,False
50229290,O=C1CN(CN2CCN(CC2)c2cccc3ccccc23)C(=O)C2CCCN12,101.0,Ki (nM),O=C1C2CCCN2C(=O)CN1CN1CCN(c2cccc3ccccc23)CC1,False,False,False
50302294,Clc1ccc(cc1)N1CCN(CCCCCc2nc3ccccc3c(=O)[nH]2)CC1,101.0,Ki (nM),O=c1[nH]c(CCCCCN2CCN(c3ccc(Cl)cc3)CC2)nc2ccccc12,False,False,False
50081680,NC(=O)[C@@H]1CCCN1C(=O)CCCCCCN1CCN(CC1)c1noc2ccccc12,101.0,Ki (nM),NC(=O)[C@@H]1CCCN1C(=O)CCCCCCN1CCN(c2noc3ccccc23)CC1,False,False,False
50205299,OC(C1CCN(CCc2ccccc2I)CC1)c1ccc(F)cc1,101.0,Ki (nM),OC(c1ccc(F)cc1)C1CCN(CCc2ccccc2I)CC1,False,False,False
51153304,O=C1Nc2cccc3CCCC1(CCN1CCN(CC1)c1ccccc1)c23,102.0,Ki (nM),O=C1Nc2cccc3c2C1(CCN1CCN(c2ccccc2)CC1)CCC3,False,False,False
792553,Clc1cccc(c1)C(=O)c1ccc(Cl)cc1OC1CNC1,102.0,Ki (nM),O=C(c1cccc(Cl)c1)c1ccc(Cl)cc1OC1CNC1,False,False,False
51449143,Fc1cccc(c1)S(=O)(=O)CC1CCN(CCCc2noc3cc(F)ccc23)C1,102.0,Ki (nM),O=S(=O)(CC1CCN(CCCc2noc3cc(F)ccc23)C1)c1cccc(F)c1,False,False,False
792054,FC(F)(F)Sc1ccc(COc2ccc(Cl)cc2OC2CNC2)cc1,102.0,Ki (nM),FC(F)(F)Sc1ccc(COc2ccc(Cl)cc2OC2CNC2)cc1,False,False,False
51449146,C[C@H]1C[C@@H](CN1CCCc1noc2cc(F)ccc12)NS(=O)(=O)c1cccc(Cl)c1,102.0,Ki (nM),C[C@H]1C[C@H](NS(=O)(=O)c2cccc(Cl)c2)CN1CCCc1noc2cc(F)ccc12,False,False,False
50154799,CN1CCc2ccc3[C@@H](O)c4cccc5C[C@@H]1c2c3-c45,103.0,Ki (nM),CN1CCc2ccc3c4c2[C@H]1Cc1cccc(c1-4)[C@@H]3O,False,False,False
50179989,COc1ccccc1N1CCN(Cc2c[nH]c3ncccc23)CC1,103.0,Ki (nM),COc1ccccc1N1CCN(Cc2c[nH]c3ncccc23)CC1,False,False,False
50812983,CN1CCN(CC1)C1=Nc2ccccc2Nc2sccc12,104.0,Ki (nM),CN1CCN(C2=Nc3ccccc3Nc3sccc32)CC1,False,False,False
792205,CC(Oc1ccc(Cl)cc1OC1CNC1)c1cccc(c1)C#N,104.0,Ki (nM),CC(Oc1ccc(Cl)cc1OC1CNC1)c1cccc(C#N)c1,False,False,False
51344430,COc1cc2CCN(C)C3Cc4ccc(N)cc4-c(c1OCC1CC1)c23,104.0,Ki (nM),COc1cc2c3c(c1OCC1CC1)-c1cc(N)ccc1CC3N(C)CC2,False,False,False
161680,"CN1CCN(CC1)C1=c2cc(C)sc2=Nc2ccccc2N1 |c:8,15|",104.0,Ki (nM),Cc1cc2c(s1)=Nc1ccccc1NC=2N1CCN(C)CC1,False,False,False
51068782,Fc1ccc(cc1)-c1n[nH]c2CCNCCc12,104.0,Ki (nM),Fc1ccc(-c2n[nH]c3c2CCNCC3)cc1,False,False,False
51105842,CC(C)c1ccccc1OCC(O)CN1CCC(CC1)NS(=O)(=O)c1ccc(F)cc1,104.0,Ki (nM),CC(C)c1ccccc1OCC(O)CN1CCC(NS(=O)(=O)c2ccc(F)cc2)CC1,False,False,False
50224014,Oc1ccccc1C(=O)CCCCCN1CCN(CC1)c1ccccn1,105.0,Ki (nM),O=C(CCCCCN1CCN(c2ccccn2)CC1)c1ccccc1O,False,False,False
50313391,COc1ccccc1N1CCN(Cc2ccn(c2)-c2ccccc2C(F)(F)F)CC1,105.0,Ki (nM),COc1ccccc1N1CCN(Cc2ccn(-c3ccccc3C(F)(F)F)c2)CC1,False,False,False
51348445,O=S1(=O)N(CCCCCCN2CCN(CC2)c2nsc3ccccc23)c2cccc3cccc1c23,105.0,Ki (nM),O=S1(=O)c2cccc3cccc(c23)N1CCCCCCN1CCN(c2nsc3ccccc23)CC1,False,False,False
51068928,Fc1ccc(cc1)-c1n[nH]c2CCNCCc12,105.0,Ki (nM),Fc1ccc(-c2n[nH]c3c2CCNCC3)cc1,False,False,False
792023,Cc1cc(COc2ccc(Cl)cc2OC2CNC2)no1,105.0,Ki (nM),Cc1cc(COc2ccc(Cl)cc2OC2CNC2)no1,False,False,False
50456093,O=C1Cc2ccccc2N1CCCN1CCc2ccccc2C1,105.0,Ki (nM),O=C1Cc2ccccc2N1CCCN1CCc2ccccc2C1,False,False,False
51412605,COc1ccccc1N1CCN(CCCCCCN2C(=O)c3ccccc3S2(=O)=O)CC1,105.0,Ki (nM),COc1ccccc1N1CCN(CCCCCCN2C(=O)c3ccccc3S2(=O)=O)CC1,False,False,False
185362,"CN1CCN(CC1)C1=c2cc(C)sc2=Nc2ccccc2N1 |c:8,15|",105.4,Ki (nM),Cc1cc2c(s1)=Nc1ccccc1NC=2N1CCN(C)CC1,False,False,False
51228680,O=c1[nH]c(CCCCN2CCN(CC2)c2ccccc2)nc2cc(sc12)-c1ccccc1,106.0,Ki (nM),O=c1[nH]c(CCCCN2CCN(c3ccccc3)CC2)nc2cc(-c3ccccc3)sc12,False,False,False
50663749,Clc1ccc(cc1)N1CCN(CCCCC2C(=O)Nc3c2cc(Cl)cc3Cl)CC1,107.0,Ki (nM),O=C1Nc2c(Cl)cc(Cl)cc2C1CCCCN1CCN(c2ccc(Cl)cc2)CC1,False,False,False
50081693,NC(=O)[C@@H]1Cc2ccccc2CN1C(=O)CCCCCN1CCN(CC1)c1ccc(F)cc1,107.0,Ki (nM),NC(=O)[C@@H]1Cc2ccccc2CN1C(=O)CCCCCN1CCN(c2ccc(F)cc2)CC1,False,False,False
50617356,Clc1ccc(cc1)-c1cn(Cc2ccccc2)c2CCNCc12,107.0,Ki (nM),Clc1ccc(-c2cn(Cc3ccccc3)c3c2CNCC3)cc1,False,False,False
51536488,C(CN1CCN(CC1)c1ccccn1)Cc1nc2ccccc2s1,107.0,Ki (nM),c1ccc(N2CCN(CCCc3nc4ccccc4s3)CC2)nc1,False,False,False
50938130,O=C(CCCCN1CCC(CC1)c1ccccc1)c1nc2ccccc2s1,107.0,Ki (nM),O=C(CCCCN1CCC(c2ccccc2)CC1)c1nc2ccccc2s1,False,False,False
53821,CC1=C(C)C(=O)N(CCCCN2CCN(CC2)c2cccc(c2)C(F)(F)F)C1=O |c:1|,107.0,Ki (nM),CC1=C(C)C(=O)N(CCCCN2CCN(c3cccc(C(F)(F)F)c3)CC2)C1=O,False,False,False
160241,CN(C)CCc1c[nH]c2c1cc(cc2)OC,107.15,Ki (nM),COc1ccc2[nH]cc(CCN(C)C)c2c1,False,False,False
160284,CN1CCN2c3ccccc3Cc4ccccc4[C@H]2C1,107.15,Ki (nM),CN1CCN2c3ccccc3Cc3ccccc3[C@H]2C1,False,False,False
50520354,Fc1ccc(cc1)-c1ncccc1N1CCN(CCOCCC(=O)NCc2ccc(cc2)C#N)CC1,108.0,Ki (nM),N#Cc1ccc(CNC(=O)CCOCCN2CCN(c3cccnc3-c3ccc(F)cc3)CC2)cc1,False,False,False
50081750,NC(=O)[C@@H]1CCCN1C(=O)CCCCN1CCN(CC1)c1noc2ccccc12,108.0,Ki (nM),NC(=O)[C@@H]1CCCN1C(=O)CCCCN1CCN(c2noc3ccccc23)CC1,False,False,False
50211368,CN1CCCN(CCn2ccc3ccc(C=C)cc23)CC1,109.0,Ki (nM),C=Cc1ccc2ccn(CCN3CCCN(C)CC3)c2c1,False,False,False
50211385,CN1CCCN(CCn2ccc3ccc(cc23)-c2ccsc2)CC1,109.0,Ki (nM),CN1CCCN(CCn2ccc3ccc(-c4ccsc4)cc32)CC1,False,False,False
51375350,Cn1ccc2ccc(OCCCN3CCC(CC3)c3noc4cc(F)ccc34)cc2c1=O,109.0,Ki (nM),Cn1ccc2ccc(OCCCN3CCC(c4noc5cc(F)ccc45)CC3)cc2c1=O,False,False,False
50224021,COc1cccc(c1)C(=O)CCCN1CCN(CC1)c1ccccc1OC,109.0,Ki (nM),COc1cccc(C(=O)CCCN2CCN(c3ccccc3OC)CC2)c1,False,False,False
51470910,Nc1nc(NCCCCN2CCN(CC2)c2cccc(Cl)c2Cl)nc(NCCc2c[nH]c3ccccc23)n1,109.0,Ki (nM),Nc1nc(NCCCCN2CCN(c3cccc(Cl)c3Cl)CC2)nc(NCCc2c[nH]c3ccccc23)n1,False,False,False
50963750,Fc1ccc(cc1)-c1cccc(c1)N1CCNCC1,109.0,Ki (nM),Fc1ccc(-c2cccc(N3CCNCC3)c2)cc1,False,False,False
50096595,OCc1cccc(NCCCN2CCN(CC2)c2ccccc2)c1,109.0,Ki (nM),OCc1cccc(NCCCN2CCN(c3ccccc3)CC2)c1,False,False,False
162734,c1ccc(cc1)N2CNC(=O)C23CCN(CC3)CCCC(=O)c4ccc(cc4)F,109.64,Ki (nM),O=C(CCCN1CCC2(CC1)C(=O)NCN2c1ccccc1)c1ccc(F)cc1,False,False,False
51120156,Brc1cccc(OCCN2CCC(CC2)NS(=O)(=O)c2ccccc2)c1I,110.0,Ki (nM),O=S(=O)(NC1CCN(CCOc2cccc(Br)c2I)CC1)c1ccccc1,False,False,False
163315,c1ccc(cc1)N2CNC(=O)C23CCN(CC3)CCCC(=O)c4ccc(cc4)F,110.0,Ki (nM),O=C(CCCN1CCC2(CC1)C(=O)NCN2c1ccccc1)c1ccc(F)cc1,False,False,False
50812901,Fc1ccc(cc1)C(=O)CCCN1CCC2(CC1)N(CNC2=O)c1ccccc1,110.0,Ki (nM),O=C(CCCN1CCC2(CC1)C(=O)NCN2c1ccccc1)c1ccc(F)cc1,False,False,False
50204554,Fc1ccc(cc1)C(=O)CCCN1CCC2(CC1)N(CNC2=O)c1ccccc1,110.0,Ki (nM),O=C(CCCN1CCC2(CC1)C(=O)NCN2c1ccccc1)c1ccc(F)cc1,False,False,False
792313,Clc1ccc(cc1)C(=O)COc1ccc(Cl)cc1OC1CNC1,110.0,Ki (nM),O=C(COc1ccc(Cl)cc1OC1CNC1)c1ccc(Cl)cc1,False,False,False
51155754,COc1ccc2NC(=O)C3(CCCCN4CCC(=CC4)c4ccccc4)CCCc1c23,110.0,Ki (nM),COc1ccc2c3c1CCCC3(CCCCN1CC=C(c3ccccc3)CC1)C(=O)N2,False,False,False
1170809,CC(O)C(=O)N(CCN1CCC(CC1)c1noc2cc(F)ccc12)CC#N,110.0,Ki (nM),CC(O)C(=O)N(CC#N)CCN1CCC(c2noc3cc(F)ccc23)CC1,False,False,False
50503672,Fc1ccc(cc1)C(=O)CCCN1CCC2(CC1)N(CNC2=O)c1ccccc1,110.0,Ki (nM),O=C(CCCN1CCC2(CC1)C(=O)NCN2c1ccccc1)c1ccc(F)cc1,False,False,False
51442092,CCN(CC)Cc1ccc(Cl)c(c1)-c1ccccc1OC,110.0,Ki (nM),CCN(CC)Cc1ccc(Cl)c(-c2ccccc2OC)c1,False,False,False
792064,Clc1ccc(OCc2cccnc2)c(OC2CNC2)c1,110.0,Ki (nM),Clc1ccc(OCc2cccnc2)c(OC2CNC2)c1,False,False,False
153854,ClCCN(Cc1ccccc1)Cc1ccccc1,110.0,Ki (nM),ClCCN(Cc1ccccc1)Cc1ccccc1,False,False,False
50817656,Clc1ccc2[nH]cc(C3=CCN(CCCCNS(=O)(=O)c4ccc5ccccc5c4)CC3)c2c1,110.0,Ki (nM),O=S(=O)(NCCCCN1CC=C(c2c[nH]c3ccc(Cl)cc23)CC1)c1ccc2ccccc2c1,False,False,False
170563,CN1CCN2c3ccccc3Cc4ccccc4[C@H]2C1,111.0,Ki (nM),CN1CCN2c3ccccc3Cc3ccccc3[C@H]2C1,False,False,False
50333402,Cc1cn2c(nc3n(C)c(=O)n(C)c(=O)c23)n1CCCCCN1CCN(CC1)c1ccc(Cl)c(Cl)c1,111.0,Ki (nM),Cc1cn2c3c(=O)n(C)c(=O)n(C)c3nc2n1CCCCCN1CCN(c2ccc(Cl)c(Cl)c2)CC1,False,False,False
51229287,CN(C)C(=O)N[C@H]1CC[C@H](CCN2CCN(CC2)c2cccc(Cl)c2Cl)CC1,111.0,Ki (nM),CN(C)C(=O)N[C@H]1CC[C@H](CCN2CCN(c3cccc(Cl)c3Cl)CC2)CC1,False,False,False
50503663,Clc1ccc2n(C3CCN(CCCCc4c[nH]c5ccccc45)CC3)c(=O)[nH]c2c1,111.0,Ki (nM),O=c1[nH]c2cc(Cl)ccc2n1C1CCN(CCCCc2c[nH]c3ccccc23)CC1,False,False,False
50081683,CSc1ccccc1N1CCN(CCCCCCC(=O)N2Cc3ccccc3C[C@H]2C(N)=O)CC1,111.0,Ki (nM),CSc1ccccc1N1CCN(CCCCCCC(=O)N2Cc3ccccc3C[C@H]2C(N)=O)CC1,False,False,False
50096585,CN(CCCN1CCN(CC1)c1ccccc1)c1cccc(F)c1,112.0,Ki (nM),CN(CCCN1CCN(c2ccccc2)CC1)c1cccc(F)c1,False,False,False
182741,COc1cc(ccc1OCCCN1CCC(CC1)c1noc2cc(F)ccc12)C(C)=O,112.0,Ki (nM),COc1cc(C(C)=O)ccc1OCCCN1CCC(c2noc3cc(F)ccc23)CC1,False,False,False
50503720,Clc1ccc2n(C3CCN(CCCCc4c[nH]c5ccccc45)CC3)c(=O)[nH]c2c1,112.0,Ki (nM),O=c1[nH]c2cc(Cl)ccc2n1C1CCN(CCCCc2c[nH]c3ccccc23)CC1,False,False,False
223567,COc1ccc(cc1OC1CNC1)-c1c(Cl)cccc1C(F)(F)F,112.0,Ki (nM),COc1ccc(-c2c(Cl)cccc2C(F)(F)F)cc1OC1CNC1,False,False,False
282664,COc1ccc(cc1OC1CNC1)-c1c(Cl)cccc1C(F)(F)F,112.0,Ki (nM),COc1ccc(-c2c(Cl)cccc2C(F)(F)F)cc1OC1CNC1,False,False,False
50250515,Cn1c2nc(N3CCOCC3)n(CCCCN3CCN(CC3)c3cccc(Cl)c3)c2c(=O)n(C)c1=O,112.0,Ki (nM),Cn1c(=O)c2c(nc(N3CCOCC3)n2CCCCN2CCN(c3cccc(Cl)c3)CC2)n(C)c1=O,False,False,False
162720,CN1CCN2c3ccccc3Cc4ccccc4[C@H]2C1,112.2,Ki (nM),CN1CCN2c3ccccc3Cc3ccccc3[C@H]2C1,False,False,False
50081748,NC(=O)[C@@H]1CCCN1C(=O)CCCCN1CCN(CC1)c1cccc(Cl)c1Cl,113.0,Ki (nM),NC(=O)[C@@H]1CCCN1C(=O)CCCCN1CCN(c2cccc(Cl)c2Cl)CC1,False,False,False
50719352,Clc1ccc(cc1)N1CCN(CCCNS(=O)(=O)c2cncc3ccccc23)CC1,113.0,Ki (nM),O=S(=O)(NCCCN1CCN(c2ccc(Cl)cc2)CC1)c1cncc2ccccc12,False,False,False
223573,COc1ccc(cc1OC1CNC1)-c1cc(C)ccc1C,114.0,Ki (nM),COc1ccc(-c2cc(C)ccc2C)cc1OC1CNC1,False,False,False
51348439,O=C1N(CCCCCCN2CCN(CC2)c2nsc3ccccc23)C(=O)c2ccccc12,114.0,Ki (nM),O=C1c2ccccc2C(=O)N1CCCCCCN1CCN(c2nsc3ccccc23)CC1,False,False,False
282670,COc1ccc(cc1OC1CNC1)-c1cc(C)ccc1C,114.0,Ki (nM),COc1ccc(-c2cc(C)ccc2C)cc1OC1CNC1,False,False,False
51344437,COc1cc2CCN(C)C3Cc4ccc(NS(C)(=O)=O)cc4-c(c1OCC1CC1)c23,114.0,Ki (nM),COc1cc2c3c(c1OCC1CC1)-c1cc(NS(C)(=O)=O)ccc1CC3N(C)CC2,False,False,False
51366669,Fc1ccc(cc1)C(=O)CCCN1CCN(CC1)c1ccccn1,115.0,Ki (nM),O=C(CCCN1CCN(c2ccccn2)CC1)c1ccc(F)cc1,False,False,False
51408611,Fc1ccc(cc1)C(=O)CCCN1CCN(CC1)c1ccccn1,115.0,Ki (nM),O=C(CCCN1CCN(c2ccccn2)CC1)c1ccc(F)cc1,False,False,False
50456613,COc1c(OCCF)cccc1C(O)C1CCN(CCc2ccc(F)cc2)CC1,116.0,Ki (nM),COc1c(OCCF)cccc1C(O)C1CCN(CCc2ccc(F)cc2)CC1,False,False,False
50310680,CC(C)c1ccccc1N1CCN(CCCCCCC(=O)N2CCC[C@H]2C(N)=O)CC1,116.0,Ki (nM),CC(C)c1ccccc1N1CCN(CCCCCCC(=O)N2CCC[C@H]2C(N)=O)CC1,False,False,False
50353452,O=C1NC2(CCCc3ccccc23)C(=O)N1CCCCN1CCN(CC1)c1ccccc1,116.0,Ki (nM),O=C1NC2(CCCc3ccccc32)C(=O)N1CCCCN1CCN(c2ccccc2)CC1,False,False,False
223601,COc1ccc(cc1C1CCNC1)-c1cccc(c1)C(F)(F)F,117.0,Ki (nM),COc1ccc(-c2cccc(C(F)(F)F)c2)cc1C1CCNC1,False,False,False
51364374,COc1ccc2cc(ccc2c1)S(=O)(=O)N[C@@H]1CCN(CCCc2noc3ccccc23)C1,117.0,Ki (nM),COc1ccc2cc(S(=O)(=O)N[C@@H]3CCN(CCCc4noc5ccccc45)C3)ccc2c1,False,False,False
50353449,FC(F)(F)c1cccc(c1)N1CCN(CCCCN2C(=O)NC3(CCCc4ccccc34)C2=O)CC1,117.0,Ki (nM),O=C1NC2(CCCc3ccccc32)C(=O)N1CCCCN1CCN(c2cccc(C(F)(F)F)c2)CC1,False,False,False
51337109,CN(C)C1CCc2c(C1)cccc2-c1ccc(F)cc1,117.0,Ki (nM),CN(C)C1CCc2c(cccc2-c2ccc(F)cc2)C1,False,False,False
51348372,Clc1cccc(N2CCN(CCCCCCN3C(=O)[C@H]4[C@@H]5CC[C@@H](C5)[C@H]4C3=O)CC2)c1Cl,117.0,Ki (nM),O=C1[C@@H]2[C@H]3CC[C@H](C3)[C@@H]2C(=O)N1CCCCCCN1CCN(c2cccc(Cl)c2Cl)CC1,False,False,False
282698,COc1ccc(cc1C1CCNC1)-c1cccc(c1)C(F)(F)F,117.0,Ki (nM),COc1ccc(-c2cccc(C(F)(F)F)c2)cc1C1CCNC1,False,False,False
51348446,O=C1N(CCCCCCN2CCN(CC2)c2nsc3ccccc23)C(=O)c2cccc3cccc1c23,118.0,Ki (nM),O=C1c2cccc3cccc(c23)C(=O)N1CCCCCCN1CCN(c2nsc3ccccc23)CC1,False,False,False
50290759,Fc1ccc2C(CCCCN3CCN(CC3)c3cccc(Cl)c3)C(=O)Nc2c1,118.0,Ki (nM),O=C1Nc2cc(F)ccc2C1CCCCN1CCN(c2cccc(Cl)c2)CC1,False,False,False
51315534,CCOc1ccccc1N1CCN(CCC(=O)N2CCN(CC2)c2cccc(Cl)c2)CC1,119.0,Ki (nM),CCOc1ccccc1N1CCN(CCC(=O)N2CCN(c3cccc(Cl)c3)CC2)CC1,False,False,False
51282015,O=C1N(CCCCCCN2CCN(CC2)c2cccc3cccnc23)c2cccc3cccc1c23,119.0,Ki (nM),O=C1c2cccc3cccc(c23)N1CCCCCCN1CCN(c2cccc3cccnc23)CC1,False,False,False
51315517,CCOc1ccccc1N1CCN(CCC(=O)N2CCN(CC2)c2cccc(Cl)c2)CC1,119.0,Ki (nM),CCOc1ccccc1N1CCN(CCC(=O)N2CCN(c3cccc(Cl)c3)CC2)CC1,False,False,False
792286,Clc1ccc(OCC2Cc3ccccc3O2)c(OC2CNC2)c1,119.0,Ki (nM),Clc1ccc(OCC2Cc3ccccc3O2)c(OC2CNC2)c1,False,False,False
50289686,COc1cccc(c1)N1CCN(CCCCCC(=O)NC2CCCc3ccccc23)CC1,119.0,Ki (nM),COc1cccc(N2CCN(CCCCCC(=O)NC3CCCc4ccccc43)CC2)c1,False,False,False
51223570,Clc1cccc(N2CCN(CCCCCCN3C(=O)c4ccccc4S3(=O)=O)CC2)c1Cl,119.0,Ki (nM),O=C1c2ccccc2S(=O)(=O)N1CCCCCCN1CCN(c2cccc(Cl)c2Cl)CC1,False,False,False
50102332,O=S(=O)(NCCCN1CCN(CC1)c1noc2ccccc12)c1ccc2ccccc2c1,120.0,Ki (nM),O=S(=O)(NCCCN1CCN(c2noc3ccccc23)CC1)c1ccc2ccccc2c1,False,False,False
51364366,COc1ccc2cc(ccc2c1)S(=O)(=O)N[C@H]1CCN(CCCc2noc3ccccc23)C1,120.0,Ki (nM),COc1ccc2cc(S(=O)(=O)N[C@H]3CCN(CCCc4noc5ccccc45)C3)ccc2c1,False,False,False
50387105,COc1ccccc1N1CCN(CCc2cccc(OCCCCCOc3cccc(CCN4CCN(CC4)c4ccccc4OC)c3)c2)CC1,120.0,Ki (nM),COc1ccccc1N1CCN(CCc2cccc(OCCCCCOc3cccc(CCN4CCN(c5ccccc5OC)CC4)c3)c2)CC1,False,False,False
172865,"CN1CCN(CC1)C1=c2cc(C)sc2=Nc2ccccc2N1 |c:8,15|",120.0,Ki (nM),Cc1cc2c(s1)=Nc1ccccc1NC=2N1CCN(C)CC1,False,False,False
792074,Clc1cccc(COc2ccc(Cl)cc2O[C@@H]2CCNC2)c1,120.0,Ki (nM),Clc1cccc(COc2ccc(Cl)cc2O[C@@H]2CCNC2)c1,False,False,False
51223563,Clc1ccccc1N1CCN(CCCCCCN2C(=O)c3ccccc3S2(=O)=O)CC1,120.0,Ki (nM),O=C1c2ccccc2S(=O)(=O)N1CCCCCCN1CCN(c2ccccc2Cl)CC1,False,False,False
50817739,Cc1cccc(c1)S(=O)(=O)NCCCCN1CCC(=CC1)c1c[nH]c2ccc(F)cc12,120.0,Ki (nM),Cc1cccc(S(=O)(=O)NCCCCN2CC=C(c3c[nH]c4ccc(F)cc34)CC2)c1,False,False,False
175518,"CN1CCN(CC1)C1=c2cc(C)sc2=Nc2ccccc2N1 |c:8,15|",120.0,Ki (nM),Cc1cc2c(s1)=Nc1ccccc1NC=2N1CCN(C)CC1,False,False,False
792448,Clc1cccc(COc2ccc(Br)cc2COC2CNC2)c1,120.0,Ki (nM),Clc1cccc(COc2ccc(Br)cc2COC2CNC2)c1,False,False,False
223606,C1CC(CN1)c1ccccc1-c1ccccc1,120.01,Ki (nM),c1ccc(-c2ccccc2C2CCNC2)cc1,False,False,False
223621,Cc1ccc(cc1C)-c1ccc(Cl)cc1C1CCNC1,120.01,Ki (nM),Cc1ccc(-c2ccc(Cl)cc2C2CCNC2)cc1C,False,False,False
282706,Cc1ccc(cc1)-c1ccccc1C1CCNC1,120.01,Ki (nM),Cc1ccc(-c2ccccc2C2CCNC2)cc1,False,False,False
223572,COc1ccc(cc1OC1CNC1)-c1ccccc1,120.01,Ki (nM),COc1ccc(-c2ccccc2)cc1OC1CNC1,False,False,False
282669,COc1ccc(cc1OC1CNC1)-c1ccccc1,120.01,Ki (nM),COc1ccc(-c2ccccc2)cc1OC1CNC1,False,False,False
223609,Cc1ccc(cc1)-c1ccccc1C1CCNC1,120.01,Ki (nM),Cc1ccc(-c2ccccc2C2CCNC2)cc1,False,False,False
282718,Cc1ccc(cc1C)-c1ccc(Cl)cc1C1CCNC1,120.01,Ki (nM),Cc1ccc(-c2ccc(Cl)cc2C2CCNC2)cc1C,False,False,False
282703,C1CC(CN1)c1ccccc1-c1ccccc1,120.01,Ki (nM),c1ccc(-c2ccccc2C2CCNC2)cc1,False,False,False
51037323,Clc1ccc(OC2CCN(CCN3CCC4(C3)C(=O)Nc3ccccc43)CC2)cc1,121.0,Ki (nM),O=C1Nc2ccccc2C12CCN(CCN1CCC(Oc3ccc(Cl)cc3)CC1)C2,False,False,False
51366653,Fc1ccc(cc1)C(=O)CCCN1CCN(CC1)c1ccccn1,121.0,Ki (nM),O=C(CCCN1CCN(c2ccccn2)CC1)c1ccc(F)cc1,False,False,False
792008,Clc1cccc(COc2cc(Br)ccc2OC2CN(C2)C2CCC2)c1,121.0,Ki (nM),Clc1cccc(COc2cc(Br)ccc2OC2CN(C3CCC3)C2)c1,False,False,False
50958863,Clc1ccc(s1)S(=O)(=O)NC1CCN(CCOc2ccccc2)C1,121.0,Ki (nM),O=S(=O)(NC1CCN(CCOc2ccccc2)C1)c1ccc(Cl)s1,False,False,False
51408588,Fc1ccc(cc1)C(=O)CCCN1CCN(CC1)c1ccccn1,121.0,Ki (nM),O=C(CCCN1CCN(c2ccccn2)CC1)c1ccc(F)cc1,False,False,False
50289679,COc1cc(Cl)ccc1N1CCN(CCCCCC(=O)NC2CCCc3ccccc23)CC1,122.0,Ki (nM),COc1cc(Cl)ccc1N1CCN(CCCCCC(=O)NC2CCCc3ccccc32)CC1,False,False,False
50082445,COc1cccc(c1)N1CCN(CCCCCN2C(=O)N(Cc3ccccc3)C(=O)C2(C)C)CC1,122.0,Ki (nM),COc1cccc(N2CCN(CCCCCN3C(=O)N(Cc4ccccc4)C(=O)C3(C)C)CC2)c1,False,False,False
50333400,Cn1c2nc3n(CCCCCN4CCN(CC4)c4ccc(Cl)cc4)c(cn3c2c(=O)n(C)c1=O)-c1ccccc1,122.0,Ki (nM),Cn1c(=O)c2c(nc3n(CCCCCN4CCN(c5ccc(Cl)cc5)CC4)c(-c4ccccc4)cn23)n(C)c1=O,False,False,False
1423516,Fc1ccc(cc1)N1CC2(CN(CCCCCn3c4ccccc4[nH]c3=O)C2)C1,122.0,Ki (nM),O=c1[nH]c2ccccc2n1CCCCCN1CC2(C1)CN(c1ccc(F)cc1)C2,False,False,False
51344442,COc1cc2CCN(C)C3Cc4ccc(NC(N)=O)cc4-c(c1OCC#C)c23,123.0,Ki (nM),C#CCOc1c(OC)cc2c3c1-c1cc(NC(N)=O)ccc1CC3N(C)CC2,False,False,False
50706722,Oc1csc(=O)n1CCCCCNCC1CCc2ccccc2O1,123.0,Ki (nM),O=c1scc(O)n1CCCCCNCC1CCc2ccccc2O1,False,False,False
163301,[#6]-[#7]-1-[#6]-[#6]\[#6](-[#6]-[#6]-1)=[#6]-1/c2ccccc2-[#6]=[#6]-c2ccccc-12 |c:16|,123.0,Ki (nM),[C]N1[C][C]C(=C2c3ccccc3[C]=[C]c3ccccc32)[C][C]1,False,False,False
51157925,COc1cccc2CC[C@@H](N)Cc12,123.0,Ki (nM),COc1cccc2c1C[C@H](N)CC2,False,False,False
170505,[#6]-[#7](-[#6])-[#6]-[#6]\[#6]=[#6]-1/c2ccccc2-[#6]-[#6]-c2ccccc-12,123.0,Ki (nM),[C]N([C])[C][C][C]=C1c2ccccc2[C][C]c2ccccc21,False,False,False
50082449,CC1(C)N(CCCCCN2CCN(CC2)c2ccc(F)cc2F)C(=O)N(Cc2ccc(F)cc2)C1=O,123.0,Ki (nM),CC1(C)C(=O)N(Cc2ccc(F)cc2)C(=O)N1CCCCCN1CCN(c2ccc(F)cc2F)CC1,False,False,False
162682,[#6]-[#7]-1-[#6]-[#6]\[#6](-[#6]-[#6]-1)=[#6]-1/c2ccccc2-[#6]=[#6]-c2ccccc-12 |c:16|,123.02,Ki (nM),[C]N1[C][C]C(=C2c3ccccc3[C]=[C]c3ccccc32)[C][C]1,False,False,False
50333393,Cc1cn2c(nc3n(C)c(=O)n(C)c(=O)c23)n1CCCCCN1CCN(CC1)c1ccccc1O,124.0,Ki (nM),Cc1cn2c3c(=O)n(C)c(=O)n(C)c3nc2n1CCCCCN1CCN(c2ccccc2O)CC1,False,False,False
51282045,Clc1ccc(cc1)N1CCN(CCCCCCN2C(=O)c3cccc4cccc2c34)CC1,124.0,Ki (nM),O=C1c2cccc3cccc(c23)N1CCCCCCN1CCN(c2ccc(Cl)cc2)CC1,False,False,False
51042117,Clc1cccc(N2CCN(CCCCNS(=O)(=O)c3ccc4ncccc4c3)CC2)c1Cl,124.0,Ki (nM),O=S(=O)(NCCCCN1CCN(c2cccc(Cl)c2Cl)CC1)c1ccc2ncccc2c1,False,False,False
50846006,CCCOc1nc2n(C)c(=O)n(C)c(=O)c2n1CCCCN1CCN(CC1)c1cccc(Cl)c1,125.0,Ki (nM),CCCOc1nc2c(c(=O)n(C)c(=O)n2C)n1CCCCN1CCN(c2cccc(Cl)c2)CC1,False,False,False
170496,COc1ccccc1N1CCNCC1,125.0,Ki (nM),COc1ccccc1N1CCNCC1,False,False,False
51412596,COc1ccccc1N1CCN(CCCCCN2C(=O)c3ccccc3S2(=O)=O)CC1,125.0,Ki (nM),COc1ccccc1N1CCN(CCCCCN2C(=O)c3ccccc3S2(=O)=O)CC1,False,False,False
50289690,O=C(CCCCCN1CCN(CC1)c1noc2ccccc12)NC1CCCc2ccccc12,125.0,Ki (nM),O=C(CCCCCN1CCN(c2noc3ccccc23)CC1)NC1CCCc2ccccc21,False,False,False
51248954,COc1ccc(\C=C2/NC(=O)N(CCCCN3CCN(CC3)c3cccc(Cl)c3Cl)C2=O)cc1OC1CCCC1,125.0,Ki (nM),COc1ccc(/C=C2\NC(=O)N(CCCCN3CCN(c4cccc(Cl)c4Cl)CC3)C2=O)cc1OC1CCCC1,False,False,False
792006,Clc1cccc(COc2cc(Br)ccc2OC2CNC2)c1,125.0,Ki (nM),Clc1cccc(COc2cc(Br)ccc2OC2CNC2)c1,False,False,False
50211365,CN1CCCN(CCn2ccc3ccc(C)cc23)CC1,125.0,Ki (nM),Cc1ccc2ccn(CCN3CCCN(C)CC3)c2c1,False,False,False
160258,[#6]-[#7]-1-[#6]-[#6]\[#6](-[#6]-[#6]-1)=[#6]-1/c2ccccc2-[#6]=[#6]-c2ccccc-12 |c:16|,125.89,Ki (nM),[C]N1[C][C]C(=C2c3ccccc3[C]=[C]c3ccccc32)[C][C]1,False,False,False
180755,[#6]-[#7](-[#6])-[#6]-[#6]\[#6]=[#6]-1/c2ccccc2-[#6]-[#6]-c2ccccc-12,125.89,Ki (nM),[C]N([C])[C][C][C]=C1c2ccccc2[C][C]c2ccccc21,False,False,False
174192,CCCN(CCC)C1CCc2cccc(O)c2C1,125.89,Ki (nM),CCCN(CCC)C1CCc2cccc(O)c2C1,False,False,False
174148,[#6]-[#7]-1-[#6]-[#6]\[#6](-[#6]-[#6]-1)=[#6]-1/c2ccccc2-[#6]=[#6]-c2ccccc-12 |c:16|,125.89,Ki (nM),[C]N1[C][C]C(=C2c3ccccc3[C]=[C]c3ccccc32)[C][C]1,False,False,False
174149,[#6]-[#7]-1-[#6]-[#6]\[#6](-[#6]-[#6]-1)=[#6]-1/c2ccccc2-[#6]=[#6]-c2ccccc-12 |c:16|,125.89,Ki (nM),[C]N1[C][C]C(=C2c3ccccc3[C]=[C]c3ccccc32)[C][C]1,False,False,False
178357,CCCCCCOc1c(nsn1)C2=CCCN(C2)C,125.89,Ki (nM),CCCCCCOc1nsnc1C1=CCCN(C)C1,False,False,False
162671,CC(C)C[C@H]1C(=O)N2CCC[C@H]2[C@]3(N1C(=O)[C@](O3)(C(C)C)NC(=O)[C@H]4CN([C@@H]5Cc6c7c(cccc7[nH]c6Br)C5=C4)C)O,125.89,Ki (nM),CC(C)C[C@H]1C(=O)N2CCC[C@H]2[C@]2(O)O[C@](NC(=O)[C@@H]3C=C4c5cccc6[nH]c(Br)c(c56)C[C@H]4N(C)C3)(C(C)C)C(=O)N12,False,False,False
51249199,CN1CCC(CC1)=C1c2ccccc2C=Cc2ccccc12,126.0,Ki (nM),CN1CCC(=C2c3ccccc3C=Cc3ccccc32)CC1,False,False,False
50503718,Clc1ccc2n(C3CCN(CCCCC(=O)c4nc5ccccc5s4)CC3)c(=O)[nH]c2c1,126.0,Ki (nM),O=C(CCCCN1CCC(n2c(=O)[nH]c3cc(Cl)ccc32)CC1)c1nc2ccccc2s1,False,False,False
51164836,Cc1ccc2c(OCCN3CCC(Cc4ccc5OCC(=O)Nc5c4F)CC3)cc(F)cc2n1,126.0,Ki (nM),Cc1ccc2c(OCCN3CCC(Cc4ccc5c(c4F)NC(=O)CO5)CC3)cc(F)cc2n1,False,False,False
51364357,Clc1ccc2cc(ccc2c1)S(=O)(=O)N[C@@H]1CCN(CCCc2noc3ccccc23)C1,126.0,Ki (nM),O=S(=O)(N[C@@H]1CCN(CCCc2noc3ccccc23)C1)c1ccc2cc(Cl)ccc2c1,False,False,False
51449147,C[C@H]1C[C@@H](CN1CCCc1noc2cc(F)ccc12)NS(=O)(=O)c1ccc(F)c(Cl)c1,126.0,Ki (nM),C[C@H]1C[C@H](NS(=O)(=O)c2ccc(F)c(Cl)c2)CN1CCCc1noc2cc(F)ccc12,False,False,False
51449152,C[C@H]1C[C@@H](CN1CCCc1noc2cc(F)ccc12)NS(=O)(=O)c1cc2ccc(Cl)cc2s1,126.0,Ki (nM),C[C@H]1C[C@H](NS(=O)(=O)c2cc3ccc(Cl)cc3s2)CN1CCCc1noc2cc(F)ccc12,False,False,False
50468115,O=C(CCCCCN1CCN(Cc2ccccc2)CC1)n1c2ccccc2c2ccccc12,126.0,Ki (nM),O=C(CCCCCN1CCN(Cc2ccccc2)CC1)n1c2ccccc2c2ccccc21,False,False,False
51157919,COc1ccccc1N1CCNCC1,126.0,Ki (nM),COc1ccccc1N1CCNCC1,False,False,False
51164856,Cc1ccc2c(OCCN3CCC(Cc4ccc5OCC(=O)Nc5c4F)CC3)cc(Cl)cc2n1,126.0,Ki (nM),Cc1ccc2c(OCCN3CCC(Cc4ccc5c(c4F)NC(=O)CO5)CC3)cc(Cl)cc2n1,False,False,False
51158104,C[C@H](CCN1CCC[C@@H](C)C1)C(C)S(=O)(=O)c1cccc2ccccc12,126.0,Ki (nM),CC([C@H](C)CCN1CCC[C@@H](C)C1)S(=O)(=O)c1cccc2ccccc12,False,False,False
50534591,COc1ccccc1-c1cccc(CN(C)C)c1,126.0,Ki (nM),COc1ccccc1-c1cccc(CN(C)C)c1,False,False,False
50984855,C[C@H](CCN1CCC[C@@H](C)C1)N(C)S(=O)(=O)c1cccc2ccccc12,126.0,Ki (nM),C[C@@H]1CCCN(CC[C@@H](C)N(C)S(=O)(=O)c2cccc3ccccc23)C1,False,False,False
50719354,Clc1cccc(c1)N1CCN(CCCNS(=O)(=O)c2cnc3ccccc3c2)CC1,126.0,Ki (nM),O=S(=O)(NCCCN1CCN(c2cccc(Cl)c2)CC1)c1cnc2ccccc2c1,False,False,False
50525117,O=C(CCCN1CCc2ccccc2C1)c1ccc2NC(=O)Cc2c1,126.0,Ki (nM),O=C1Cc2cc(C(=O)CCCN3CCc4ccccc4C3)ccc2N1,False,False,False
50468114,O=C(CCCCCN1CCN(Cc2ccccc2)CC1)n1c2ccccc2c2ccccc12,127.0,Ki (nM),O=C(CCCCCN1CCN(Cc2ccccc2)CC1)n1c2ccccc2c2ccccc21,False,False,False
223585,FC(F)(F)c1ccccc1-c1ccc(C#N)c(OC2CNC2)c1,127.0,Ki (nM),N#Cc1ccc(-c2ccccc2C(F)(F)F)cc1OC1CNC1,False,False,False
50525041,O=C(CCCN1CCc2ccccc2C1)c1ccc2NC(=O)Cc2c1,127.0,Ki (nM),O=C1Cc2cc(C(=O)CCCN3CCc4ccccc4C3)ccc2N1,False,False,False
50938125,Clc1ccc2n(C3CCN(CCCCC(=O)c4nc5ccccc5s4)CC3)c(=O)[nH]c2c1,127.0,Ki (nM),O=C(CCCCN1CCC(n2c(=O)[nH]c3cc(Cl)ccc32)CC1)c1nc2ccccc2s1,False,False,False
792208,CC(Oc1ccc(Cl)cc1OC1CNC1)c1ccc(F)c(F)c1,127.0,Ki (nM),CC(Oc1ccc(Cl)cc1OC1CNC1)c1ccc(F)c(F)c1,False,False,False
170654,CN(C)CCCN1c2ccccc2CCc3c1cc(cc3)Cl,127.0,Ki (nM),CN(C)CCCN1c2ccccc2CCc2ccc(Cl)cc21,False,False,False
282682,FC(F)(F)c1ccccc1-c1ccc(C#N)c(OC2CNC2)c1,127.0,Ki (nM),N#Cc1ccc(-c2ccccc2C(F)(F)F)cc1OC1CNC1,False,False,False
50503661,Clc1ccc2n(C3CCN(CCCCC(=O)c4nc5ccccc5s4)CC3)c(=O)[nH]c2c1,127.0,Ki (nM),O=C(CCCCN1CCC(n2c(=O)[nH]c3cc(Cl)ccc32)CC1)c1nc2ccccc2s1,False,False,False
51287582,COc1ccccc1N1CCN(CCCSc2nnc(-c3ccccc3)n2C)CC1,128.0,Ki (nM),COc1ccccc1N1CCN(CCCSc2nnc(-c3ccccc3)n2C)CC1,False,False,False
53811,FC(F)(F)c1cccc(c1)N1CCN(CCCCN2C(=O)CCC2=O)CC1,128.0,Ki (nM),O=C1CCC(=O)N1CCCCN1CCN(c2cccc(C(F)(F)F)c2)CC1,False,False,False
50551612,CN(C)CCSc1cccc(n1)-c1c(C)cccc1C,128.0,Ki (nM),Cc1cccc(C)c1-c1cccc(SCCN(C)C)n1,False,False,False
50289733,COc1ccc2CCCC(NC(=O)CCCN3CCN(CC3)c3ccccc3OC)c2c1,129.0,Ki (nM),COc1ccc2c(c1)C(NC(=O)CCCN1CCN(c3ccccc3OC)CC1)CCC2,False,False,False
223619,Clc1cccc(c1)-c1ccc(Cl)cc1C1CCNC1,129.99,Ki (nM),Clc1cccc(-c2ccc(Cl)cc2C2CCNC2)c1,False,False,False
223604,COc1ccc(cc1C1CCNC1)-c1ccccc1,129.99,Ki (nM),COc1ccc(-c2ccccc2)cc1C1CCNC1,False,False,False
282716,Clc1cccc(c1)-c1ccc(Cl)cc1C1CCNC1,129.99,Ki (nM),Clc1cccc(-c2ccc(Cl)cc2C2CCNC2)c1,False,False,False
282701,COc1ccc(cc1C1CCNC1)-c1ccccc1,129.99,Ki (nM),COc1ccc(-c2ccccc2)cc1C1CCNC1,False,False,False
792445,CN1CC(COc2cc(Br)ccc2OCc2cccc(Cl)c2)C1,130.0,Ki (nM),CN1CC(COc2cc(Br)ccc2OCc2cccc(Cl)c2)C1,False,False,False
792046,FC(F)(F)Oc1ccc(COc2ccc(Cl)cc2OC2CNC2)cc1Cl,130.0,Ki (nM),FC(F)(F)Oc1ccc(COc2ccc(Cl)cc2OC2CNC2)cc1Cl,False,False,False
792479,Clc1ccc(Oc2ccccc2)c(OC2CCNCC2)c1,130.0,Ki (nM),Clc1ccc(Oc2ccccc2)c(OC2CCNCC2)c1,False,False,False
792282,COC(COc1ccc(Cl)cc1OC1CNC1)c1ccccc1,130.0,Ki (nM),COC(COc1ccc(Cl)cc1OC1CNC1)c1ccccc1,False,False,False
50353447,COc1ccccc1N1CCN(CCCCN2C(=O)NC3(CCC(CC3)c3ccccc3)C2=O)CC1,130.0,Ki (nM),COc1ccccc1N1CCN(CCCCN2C(=O)NC3(CCC(c4ccccc4)CC3)C2=O)CC1,False,False,False
50846029,CCOc1nc2n(C)c(=O)n(C)c(=O)c2n1CCCN1CCN(CC1)c1cccc(Cl)c1,130.0,Ki (nM),CCOc1nc2c(c(=O)n(C)c(=O)n2C)n1CCCN1CCN(c2cccc(Cl)c2)CC1,False,False,False
51399246,COc1ccccc1N1CCN(CCCC(=O)Nc2cccc(c2)C(C)(C)C)CC1,130.0,Ki (nM),COc1ccccc1N1CCN(CCCC(=O)Nc2cccc(C(C)(C)C)c2)CC1,False,False,False
38661,Fc1ccccc1N1CCN(CCCCCC(=O)NC2CCCc3ccccc23)CC1,131.0,Ki (nM),O=C(CCCCCN1CCN(c2ccccc2F)CC1)NC1CCCc2ccccc21,False,False,False
50250520,Cn1c2ncn(CCCCCN3CCN(CC3)c3cccc(Cl)c3)c2c(=O)n(C)c1=O,131.0,Ki (nM),Cn1c(=O)c2c(ncn2CCCCCN2CCN(c3cccc(Cl)c3)CC2)n(C)c1=O,False,False,False
50700340,COc1ccccc1N1CCN(CCN(C(=O)C23C4C5C2C2C3C4C52CF)c2ccccn2)CC1,132.0,Ki (nM),COc1ccccc1N1CCN(CCN(C(=O)C23C4C5C2C2C3C4C52CF)c2ccccn2)CC1,False,False,False
51364348,Cc1c(sc2ccc(Cl)cc12)S(=O)(=O)N[C@@H]1CCN(CCCc2noc3ccccc23)C1,132.0,Ki (nM),Cc1c(S(=O)(=O)N[C@@H]2CCN(CCCc3noc4ccccc34)C2)sc2ccc(Cl)cc12,False,False,False
50525009,C(CC1=Cc2ccccc2C1)N1CCc2ccccc2C1,132.0,Ki (nM),C1=C(CCN2CCc3ccccc3C2)Cc2ccccc21,False,False,False
51344457,CCCN1CCc2cccc3-c4cc5nc(N)sc5cc4CC1c23,132.0,Ki (nM),CCCN1CCc2cccc3c2C1Cc1cc2sc(N)nc2cc1-3,False,False,False
50703467,COc1ccccc1N1CCN(CCCCNS(=O)(=O)c2ccc3ncccc3c2)CC1,132.0,Ki (nM),COc1ccccc1N1CCN(CCCCNS(=O)(=O)c2ccc3ncccc3c2)CC1,False,False,False
50525100,C(CC1=Cc2ccccc2C1)N1CCc2ccccc2C1,132.0,Ki (nM),C1=C(CCN2CCc3ccccc3C2)Cc2ccccc21,False,False,False
170546,CN1CCN(CC1)C1=Nc2ccccc2Oc2ccc(Cl)cc12 |t:8|,133.0,Ki (nM),CN1CCN(C2=Nc3ccccc3Oc3ccc(Cl)cc32)CC1,False,False,False
51228679,O=c1[nH]c(CCCCN2CCN(Cc3ccccc3)CC2)nc2ccsc12,133.0,Ki (nM),O=c1[nH]c(CCCCN2CCN(Cc3ccccc3)CC2)nc2ccsc12,False,False,False
173524,OCCOCCN1CCN(CC1)C1=Nc2ccccc2Sc2ccccc12 |t:13|,133.6,Ki (nM),OCCOCCN1CCN(C2=Nc3ccccc3Sc3ccccc32)CC1,False,False,False
53817,FC(F)(F)c1cccc(c1)N1CCN(CCCCN2C(=O)C3=C(CCCC3)C2=O)CC1 |t:22|,134.0,Ki (nM),O=C1C2=C(CCCC2)C(=O)N1CCCCN1CCN(c2cccc(C(F)(F)F)c2)CC1,False,False,False
51408591,CC(=O)Nc1ccc(CCCCN2CCN(CC2)c2ccccn2)cc1,134.0,Ki (nM),CC(=O)Nc1ccc(CCCCN2CCN(c3ccccn3)CC2)cc1,False,False,False
160249,CCCN(CCC)C1CCc2cccc(O)c2C1,134.89,Ki (nM),CCCN(CCC)C1CCc2cccc(O)c2C1,False,False,False
50310671,CC(C)c1ccccc1N1CCN(CCCCCCC(=O)N2CCC[C@H]2C(=O)N2CCOCC2)CC1,135.0,Ki (nM),CC(C)c1ccccc1N1CCN(CCCCCCC(=O)N2CCC[C@H]2C(=O)N2CCOCC2)CC1,False,False,False
50082446,CC1(C)N(CCCCCN2CCN(CC2)c2ccccc2F)C(=O)N(Cc2ccccc2)C1=O,135.0,Ki (nM),CC1(C)C(=O)N(Cc2ccccc2)C(=O)N1CCCCCN1CCN(c2ccccc2F)CC1,False,False,False
51366682,Fc1ccc(cc1)C(=O)CCCN1CCN(CC1)c1cccnc1,135.0,Ki (nM),O=C(CCCN1CCN(c2cccnc2)CC1)c1ccc(F)cc1,False,False,False
51408613,CC(=O)Nc1ccc(CCCCN2CCN(CC2)c2ccccn2)cc1,135.0,Ki (nM),CC(=O)Nc1ccc(CCCCN2CCN(c3ccccn3)CC2)cc1,False,False,False
190321,CCN1CCCC1CNC(=O)c1cc(c(N)cc1OC)S(=O)(=O)CC,135.5,Ki (nM),CCN1CCCC1CNC(=O)c1cc(S(=O)(=O)CC)c(N)cc1OC,False,False,False
51285662,CCn1cncc1-c1c[nH]c2ccc(cc12)C(F)(F)F,138.0,Ki (nM),CCn1cncc1-c1c[nH]c2ccc(C(F)(F)F)cc12,False,False,False
50525011,Clc1ccc(cc1)C(=O)CCCN1CCc2ccccc2CC1,138.0,Ki (nM),O=C(CCCN1CCc2ccccc2CC1)c1ccc(Cl)cc1,False,False,False
50096607,Oc1cccc(c1)N(CCCCCCN1CCN(CC1)c1ccccc1)Cc1ccccc1,138.0,Ki (nM),Oc1cccc(N(CCCCCCN2CCN(c3ccccc3)CC2)Cc2ccccc2)c1,False,False,False
50524961,Clc1ccc(cc1)C(=O)CCCN1CCc2ccccc2CC1,138.0,Ki (nM),O=C(CCCN1CCc2ccccc2CC1)c1ccc(Cl)cc1,False,False,False
51489103,COc1cc2ncnc(N3CCC(CN4CCN(CC4)c4ccc(Cl)cc4)C3)c2cc1OC,138.0,Ki (nM),COc1cc2ncnc(N3CCC(CN4CCN(c5ccc(Cl)cc5)CC4)C3)c2cc1OC,False,False,False
792338,Clc1cccc(c1)C1(COc2ccc(Cl)cc2OC2CNC2)CCC1,138.0,Ki (nM),Clc1cccc(C2(COc3ccc(Cl)cc3OC3CNC3)CCC2)c1,False,False,False
160263,C[C@@]1(C(=O)N2[C@H](C(=O)N3CCC[C@H]3[C@@]2(O1)O)Cc4ccccc4)NC(=O)[C@H]5CN([C@@H]6Cc7c[nH]c8c7c(ccc8)C6=C5)C,138.03,Ki (nM),CN1C[C@H](C(=O)N[C@]2(C)O[C@@]3(O)[C@@H]4CCCN4C(=O)[C@H](Cc4ccccc4)N3C2=O)C=C2c3cccc4[nH]cc(c34)C[C@H]21,False,False,False
50663743,CCC1(CCCCN2CCN(CC2)c2ccc(Cl)cc2Cl)C(=O)Nc2ccccc12,139.0,Ki (nM),CCC1(CCCCN2CCN(c3ccc(Cl)cc3Cl)CC2)C(=O)Nc2ccccc21,False,False,False
50211381,CN1CCCN(CCn2ccc3ccc(cc23)[N+]([O-])=O)CC1,139.0,Ki (nM),CN1CCCN(CCn2ccc3ccc([N+](=O)[O-])cc32)CC1,False,False,False
792140,CN1CC[C@H](C1)Oc1ccc(Cl)cc1OCc1cccc(Cl)c1,140.0,Ki (nM),CN1CC[C@@H](Oc2ccc(Cl)cc2OCc2cccc(Cl)c2)C1,False,False,False
51463770,Cc1ccc(cc1)N1CCN(CCCCC2C(=O)Nc3ccccc23)CC1,1.1,Ki (nM),Cc1ccc(N2CCN(CCCCC3C(=O)Nc4ccccc43)CC2)cc1,False,False,False
50663752,CCC1(CCCCN2CCN(CC2)c2ccc(Cl)cc2)C(=O)Nc2ccc(Cl)cc12,1.1,Ki (nM),CCC1(CCCCN2CCN(c3ccc(Cl)cc3)CC2)C(=O)Nc2ccc(Cl)cc21,False,False,False
1170785,CCN(CCN1CCC(CC1)c1noc2cc(F)ccc12)C(=O)C1(O)CC1,1.1,Ki (nM),CCN(CCN1CCC(c2noc3cc(F)ccc23)CC1)C(=O)C1(O)CC1,False,False,False
51605890,NC(=O)c1ccc2[nH]cc(CCCN3CCC(c4ccc(F)cc4-c4ccccc4)CC3)c2c1,1.1,Ki (nM),NC(=O)c1ccc2[nH]cc(CCCN3CCC(c4ccc(F)cc4-c4ccccc4)CC3)c2c1,False,False,False
51344475,CO[C@]1(C)c2cccc3C[C@H]4N(C)CCc5ccc1c(-c23)c45,1.1,Ki (nM),CO[C@]1(C)c2cccc3c2-c2c1ccc1c2[C@@H](C3)N(C)CC1,False,False,False
50102345,Cc1cccc(c1)S(=O)(=O)NCCN1CCC(CC1)c1noc2cc(F)ccc12,1.1,Ki (nM),Cc1cccc(S(=O)(=O)NCCN2CCC(c3noc4cc(F)ccc34)CC2)c1,False,False,False
50154795,CO[C@]1(C)c2cccc3C[C@H]4N(C)CCc5ccc1c(-c23)c45,1.1,Ki (nM),CO[C@]1(C)c2cccc3c2-c2c1ccc1c2[C@@H](C3)N(C)CC1,False,False,False
50154789,CO[C@@]1(C)c2cccc3C[C@H]4N(C)CCc5ccc1c(-c23)c45,1.1,Ki (nM),CO[C@@]1(C)c2cccc3c2-c2c1ccc1c2[C@@H](C3)N(C)CC1,False,False,False
1170824,CCN(CCN1CCC(CC1)c1noc2cc(F)ccc12)C(=O)C(C)CO,1.1,Ki (nM),CCN(CCN1CCC(c2noc3cc(F)ccc23)CC1)C(=O)C(C)CO,False,False,False
50812797,CO[C@]1(C)c2cccc3C[C@H]4N(C)CCc5ccc1c(-c23)c45,1.1,Ki (nM),CO[C@]1(C)c2cccc3c2-c2c1ccc1c2[C@@H](C3)N(C)CC1,False,False,False
38653,CC(C)c1ccccc1N1CCN(CCCCCC(=O)NC2CCCc3ccccc23)CC1,1.1,Ki (nM),CC(C)c1ccccc1N1CCN(CCCCCC(=O)NC2CCCc3ccccc32)CC1,False,False,False
51133681,Fc1ccc2[nH]cc(CCCN3CCN(CC3)c3ccccc3-c3ccccc3)c2c1,1.1,Ki (nM),Fc1ccc2[nH]cc(CCCN3CCN(c4ccccc4-c4ccccc4)CC3)c2c1,False,False,False
50812889,CO[C@@]1(C)c2cccc3C[C@H]4N(C)CCc5ccc1c(-c23)c45,1.1,Ki (nM),CO[C@@]1(C)c2cccc3c2-c2c1ccc1c2[C@@H](C3)N(C)CC1,False,False,False
51133682,Fc1cccc(c1)-c1ccccc1N1CCN(CCCc2c[nH]c3ccc(F)cc23)CC1,1.1,Ki (nM),Fc1cccc(-c2ccccc2N2CCN(CCCc3c[nH]c4ccc(F)cc34)CC2)c1,False,False,False
160246,CNCCc1c[nH]c2ccc(O)cc12,1.12,Ki (nM),CNCCc1c[nH]c2ccc(O)cc12,False,False,False
1423486,O=c1[nH]c2ccccc2n1CCCCCN1CCN(CC1)c1ccccn1,1.18,Ki (nM),O=c1[nH]c2ccccc2n1CCCCCN1CCN(c2ccccn2)CC1,False,False,False
50866731,CCC1(CCCCN2CCC(=CC2)c2ccc(F)cc2)C(=O)Nc2ccccc12,1.19,Ki (nM),CCC1(CCCCN2CC=C(c3ccc(F)cc3)CC2)C(=O)Nc2ccccc21,False,False,False
50102348,Fc1ccc2c(noc2c1)C1CCN(CCCNS(=O)(=O)c2ccc(Cl)c(Cl)c2)CC1,1.2,Ki (nM),O=S(=O)(NCCCN1CCC(c2noc3cc(F)ccc23)CC1)c1ccc(Cl)c(Cl)c1,False,False,False
1170833,CCN(CCN1CCC(CC1)c1noc2cc(F)ccc12)C(=O)C(C)O,1.2,Ki (nM),CCN(CCN1CCC(c2noc3cc(F)ccc23)CC1)C(=O)C(C)O,False,False,False
1170806,CC(C)N(CCN1CCC(CC1)c1noc2cc(F)ccc12)C(=O)C(C)O,1.2,Ki (nM),CC(O)C(=O)N(CCN1CCC(c2noc3cc(F)ccc23)CC1)C(C)C,False,False,False
50703485,CC1CCN(CC[C@H]2CCCN2S(=O)(=O)c2cccc(O)c2)CC1,1.2,Ki (nM),CC1CCN(CC[C@H]2CCCN2S(=O)(=O)c2cccc(O)c2)CC1,False,False,False
50884996,CC1CCN(CC[C@H]2CCCN2S(=O)(=O)c2cccc(O)c2)CC1,1.2,Ki (nM),CC1CCN(CC[C@H]2CCCN2S(=O)(=O)c2cccc(O)c2)CC1,False,False,False
51210368,[#6]-[#6]C1([#8])c2ccccc2-c2ccc(cc12)-[#6](=O)[#7]=[#6]([#7])-[#7],1.2,Ki (nM),[C][C]C1([O])c2ccccc2-c2ccc(C(=O)N=C([N])[N])cc21,False,False,False
50663736,CCC1(CCCCN2CCC(=CC2)c2ccc(F)cc2)C(=O)Nc2ccccc12,1.2,Ki (nM),CCC1(CCCCN2CC=C(c3ccc(F)cc3)CC2)C(=O)Nc2ccccc21,False,False,False
50958807,CC1CCN(CC[C@H]2CCCN2S(=O)(=O)c2cccc(O)c2)CC1,1.2,Ki (nM),CC1CCN(CC[C@H]2CCCN2S(=O)(=O)c2cccc(O)c2)CC1,False,False,False
50866746,CCC1(CCCCCN2CCN(CC2)c2ccc(Cl)cc2)C(=O)Nc2ccccc12,1.24,Ki (nM),CCC1(CCCCCN2CCN(c3ccc(Cl)cc3)CC2)C(=O)Nc2ccccc21,False,False,False
162650,c1cc2c(cc1C(=O)N)c(c[nH]2)CCN,1.25,Ki (nM),NCCc1c[nH]c2ccc(C(N)=O)cc12,False,False,False
180433,CC1CCN(CC[C@H]2CCCN2S(=O)(=O)c2cccc(O)c2)CC1 |r|,1.26,Ki (nM),CC1CCN(CC[C@H]2CCCN2S(=O)(=O)c2cccc(O)c2)CC1,False,False,False
174198,CSc1ccc2Sc3ccccc3CC(N3CCN(C)CC3)c2c1,1.26,Ki (nM),CSc1ccc2c(c1)C(N1CCN(C)CC1)Cc1ccccc1S2,False,False,False
174199,CSc1ccc2Sc3ccccc3CC(N3CCN(C)CC3)c2c1,1.26,Ki (nM),CSc1ccc2c(c1)C(N1CCN(C)CC1)Cc1ccccc1S2,False,False,False
50177155,CC1CCN(CC[C@H]2CCCN2S(=O)(=O)c2cccc(O)c2)CC1,1.26,Ki (nM),CC1CCN(CC[C@H]2CCCN2S(=O)(=O)c2cccc(O)c2)CC1,False,False,False
50525058,CC1CCN(CC[C@H]2CCCN2S(=O)(=O)c2cccc(O)c2)CC1,1.3,Ki (nM),CC1CCN(CC[C@H]2CCCN2S(=O)(=O)c2cccc(O)c2)CC1,False,False,False
50525059,CC1CCN(CC[C@H]2CCCN2S(=O)(=O)c2cccc(O)c2)CC1,1.3,Ki (nM),CC1CCN(CC[C@H]2CCCN2S(=O)(=O)c2cccc(O)c2)CC1,False,False,False
51210351,[#7][#6](-[#7])=[#7][#6](=O)-c1ccc2-c3ccccc3C3([#6]-[#6]-[#8]-[#6]-[#6]3)c2c1,1.3,Ki (nM),[N]C([N])=NC(=O)c1ccc2c(c1)C1([C][C]O[C][C]1)c1ccccc1-2,False,False,False
50102393,Fc1ccc2c(noc2c1)C1CCN(CCCNS(=O)(=O)c2cccc3scnc23)CC1,1.3,Ki (nM),O=S(=O)(NCCCN1CCC(c2noc3cc(F)ccc23)CC1)c1cccc2scnc12,False,False,False
50586757,CC1CCN(CC[C@H]2CCCN2S(=O)(=O)c2cccc(O)c2)CC1,1.3,Ki (nM),CC1CCN(CC[C@H]2CCCN2S(=O)(=O)c2cccc(O)c2)CC1,False,False,False
51442102,CN(C)CCc1cccc(c1)-c1c(C)nn(C)c1C,1.3,Ki (nM),Cc1nn(C)c(C)c1-c1cccc(CCN(C)C)c1,False,False,False
161668,CN1CCN(CC1)C1Cc2ccccc2Sc2ccc(Cl)cc12,1.3,Ki (nM),CN1CCN(C2Cc3ccccc3Sc3ccc(Cl)cc32)CC1,False,False,False
50102356,Fc1ccc2c(noc2c1)C1CCN(CCNS(=O)(=O)c2cccc3ccccc23)CC1,1.3,Ki (nM),O=S(=O)(NCCN1CCC(c2noc3cc(F)ccc23)CC1)c1cccc2ccccc12,False,False,False
50102387,Fc1ccc2c(noc2c1)C1CCN(CCCCNS(=O)(=O)c2cc3ccc(Cl)cc3s2)CC1,1.3,Ki (nM),O=S(=O)(NCCCCN1CCC(c2noc3cc(F)ccc23)CC1)c1cc2ccc(Cl)cc2s1,False,False,False
51249185,CC1CCN(CC[C@H]2CCCN2S(=O)(=O)c2cccc(O)c2)CC1,1.3,Ki (nM),CC1CCN(CC[C@H]2CCCN2S(=O)(=O)c2cccc(O)c2)CC1,False,False,False
50076008,CC1CCN(CC[C@H]2CCCN2S(=O)(=O)c2cccc(O)c2)CC1,1.3,Ki (nM),CC1CCN(CC[C@H]2CCCN2S(=O)(=O)c2cccc(O)c2)CC1,False,False,False
51442086,CN(C)CCc1cccc(c1)-c1c(C)nn(C)c1C,1.3,Ki (nM),Cc1nn(C)c(C)c1-c1cccc(CCN(C)C)c1,False,False,False
50812881,CC1CCN(CC[C@H]2CCCN2S(=O)(=O)c2cccc(O)c2)CC1,1.3,Ki (nM),CC1CCN(CC[C@H]2CCCN2S(=O)(=O)c2cccc(O)c2)CC1,False,False,False
51060509,CC1CCN(CC[C@H]2CCCN2S(=O)(=O)c2cccc(O)c2)CC1,1.3,Ki (nM),CC1CCN(CC[C@H]2CCCN2S(=O)(=O)c2cccc(O)c2)CC1,False,False,False
50256195,CN(C)CCSC(C)(C)C,1.3,Ki (nM),CN(C)CCSC(C)(C)C,False,False,False
172860,c1cc2c(cc1C(=O)N)c(c[nH]2)CCN,1.3,Ki (nM),NCCc1c[nH]c2ccc(C(N)=O)cc12,False,False,False
51158066,CC1CCN(CC[C@H]2CCCN2S(=O)(=O)c2cccc(O)c2)CC1,1.3,Ki (nM),CC1CCN(CC[C@H]2CCCN2S(=O)(=O)c2cccc(O)c2)CC1,False,False,False
50290816,CC1CCN(CC[C@H]2CCCN2S(=O)(=O)c2cccc(O)c2)CC1,1.3,Ki (nM),CC1CCN(CC[C@H]2CCCN2S(=O)(=O)c2cccc(O)c2)CC1,False,False,False
51282042,Clc1cccc(N2CCN(CCCCCCN3c4cccc5cccc(c45)S3(=O)=O)CC2)c1Cl,140.0,Ki (nM),O=S1(=O)c2cccc3cccc(c23)N1CCCCCCN1CCN(c2cccc(Cl)c2Cl)CC1,False,False,False
50884988,COc1ccccc1N1CCN(CC1)C(N)=NCCCCNS(=O)(=O)c1ccc(C)cc1,140.0,Ki (nM),COc1ccccc1N1CCN(C(N)=NCCCCNS(=O)(=O)c2ccc(C)cc2)CC1,False,False,False
50817744,Clc1ccc2[nH]cc(C3=CCN(CCCCNS(=O)(=O)c4cccc5ccccc45)CC3)c2c1,140.0,Ki (nM),O=S(=O)(NCCCCN1CC=C(c2c[nH]c3ccc(Cl)cc23)CC1)c1cccc2ccccc12,False,False,False
50812784,CCCCC(=O)c1ccc(F)cc1,140.0,Ki (nM),CCCCC(=O)c1ccc(F)cc1,False,False,False
50211366,CN1CCCN(CCn2ccc3ccc(cc23)C#C)CC1,140.0,Ki (nM),C#Cc1ccc2ccn(CCN3CCCN(C)CC3)c2c1,False,False,False
51357442,CCn1nc2CCNCCc2c1-c1ccccc1,140.0,Ki (nM),CCn1nc2c(c1-c1ccccc1)CCNCC2,False,False,False
50474195,CC1(NC(=O)N(CC(O)CN2CCN(CC2)c2ccc(Cl)c(Cl)c2)C1=O)c1ccc(F)cc1,141.0,Ki (nM),CC1(c2ccc(F)cc2)NC(=O)N(CC(O)CN2CCN(c3ccc(Cl)c(Cl)c3)CC2)C1=O,False,False,False
51399270,COc1ccccc1N1CCN(CCCCCC(=O)Nc2cccc(c2)C(C)C)CC1,141.0,Ki (nM),COc1ccccc1N1CCN(CCCCCC(=O)Nc2cccc(C(C)C)c2)CC1,False,False,False
174870,CCCN(CCC)C1CCc2cccc(O)c2C1,141.25,Ki (nM),CCCN(CCC)C1CCc2cccc(O)c2C1,False,False,False
51126872,O=S(=O)(N1CCC[C@H]1CCN1CCN(CC1)c1cccc2OCCOc12)c1cncc2ccccc12,142.0,Ki (nM),O=S(=O)(c1cncc2ccccc12)N1CCC[C@H]1CCN1CCN(c2cccc3c2OCCO3)CC1,False,False,False
50796140,Fc1cccc(c1)N1CCN(CCC2CCN(CC2)S(=O)(=O)c2cncc3ccccc23)CC1,142.0,Ki (nM),O=S(=O)(c1cncc2ccccc12)N1CCC(CCN2CCN(c3cccc(F)c3)CC2)CC1,False,False,False
792093,FC(F)(F)c1cccc(COc2ccc(Cl)cc2OC2CCCNC2)c1,143.0,Ki (nM),FC(F)(F)c1cccc(COc2ccc(Cl)cc2OC2CCCNC2)c1,False,False,False
50302216,Cc1sc2ncn(CCCCCN3CCN(CC3)c3ccccc3)c(=O)c2c1C,143.0,Ki (nM),Cc1sc2ncn(CCCCCN3CCN(c4ccccc4)CC3)c(=O)c2c1C,False,False,False
50551192,C(CCOc1cc(ncn1)-c1ccccc1)CCN1CCN(CC1)c1ccccc1,143.0,Ki (nM),c1ccc(-c2cc(OCCCCCN3CCN(c4ccccc4)CC3)ncn2)cc1,False,False,False
792545,CC(C)N1CC(C1)Oc1cc(Br)ccc1C(=O)c1ccc2OCOc2c1,143.0,Ki (nM),CC(C)N1CC(Oc2cc(Br)ccc2C(=O)c2ccc3c(c2)OCO3)C1,False,False,False
50524871,Clc1ccc2sc(CCCCN3CCc4c(Cl)cccc4C3)nc2c1,144.0,Ki (nM),Clc1ccc2sc(CCCCN3CCc4c(Cl)cccc4C3)nc2c1,False,False,False
50302287,O=c1[nH]c(CCCCN2CCN(CC2)c2ccccc2)nc2ccccc12,145.0,Ki (nM),O=c1[nH]c(CCCCN2CCN(c3ccccc3)CC2)nc2ccccc12,False,False,False
50211369,CC(C)c1ccc2ccn(CCN3CCCN(C)CC3)c2c1,145.0,Ki (nM),CC(C)c1ccc2ccn(CCN3CCCN(C)CC3)c2c1,False,False,False
792427,C[C@@H]1[C@H](CN1Cc1ccccc1)Oc1ccc(Cl)cc1OC1CNC1,145.0,Ki (nM),C[C@@H]1[C@@H](Oc2ccc(Cl)cc2OC2CNC2)CN1Cc1ccccc1,False,False,False
50152998,COc1ccc2[nH]c(C)c(CCN(C)C)c2c1,145.0,Ki (nM),COc1ccc2[nH]c(C)c(CCN(C)C)c2c1,False,False,False
50719337,Clc1ccc(cc1)N1CCN(CC2CCN(CC2)S(=O)(=O)c2cnc3ccccc3c2)CC1,145.0,Ki (nM),O=S(=O)(c1cnc2ccccc2c1)N1CCC(CN2CCN(c3ccc(Cl)cc3)CC2)CC1,False,False,False
1467131,COc1ccc2[nH]c(C)c(CCN(C)C)c2c1,145.0,Ki (nM),COc1ccc2[nH]c(C)c(CCN(C)C)c2c1,False,False,False
50524957,Clc1ccc2sc(CCCCN3CCc4c(Cl)cccc4C3)nc2c1,145.0,Ki (nM),Clc1ccc2sc(CCCCN3CCc4c(Cl)cccc4C3)nc2c1,False,False,False
51348374,COc1ccccc1N1CCN(CCCCCCN2C(=O)[C@H]3[C@@H]4CC[C@@H](C4)[C@H]3C2=O)CC1,146.0,Ki (nM),COc1ccccc1N1CCN(CCCCCCN2C(=O)[C@@H]3[C@H]4CC[C@H](C4)[C@@H]3C2=O)CC1,False,False,False
51366667,Fc1ccc(cc1)C(=O)CCCN1CCN(CC1)c1cccnc1,147.0,Ki (nM),O=C(CCCN1CCN(c2cccnc2)CC1)c1ccc(F)cc1,False,False,False
50302278,Cc1cc2c(nc(CCCCCN3CCN(Cc4ccccc4)CC3)[nH]c2=O)s1,147.0,Ki (nM),Cc1cc2c(=O)[nH]c(CCCCCN3CCN(Cc4ccccc4)CC3)nc2s1,False,False,False
51282052,Cc1cccc(C)c1N1CCN(CCCCC23CCCc4cccc(NC2=O)c34)CC1,147.0,Ki (nM),Cc1cccc(C)c1N1CCN(CCCCC23CCCc4cccc(c42)NC3=O)CC1,False,False,False
792422,C[C@H]1[C@@H](CN1Cc1ccccc1)Oc1cc(Br)ccc1OCc1cccc(F)c1,147.0,Ki (nM),C[C@H]1[C@H](Oc2cc(Br)ccc2OCc2cccc(F)c2)CN1Cc1ccccc1,False,False,False
162738,NCCc1c[nH]c2ccccc12,147.91,Ki (nM),NCCc1c[nH]c2ccccc12,False,False,False
160255,"CN1CCN(CC1)C1=c2ccccc2=Nc2ccc(Cl)cc2N1 |c:8,15|",147.91,Ki (nM),CN1CCN(C2=c3ccccc3=Nc3ccc(Cl)cc3N2)CC1,False,False,False
51412595,O=C1N(CCCCCN2CCN(CC2)c2ccccc2)S(=O)(=O)c2ccccc12,148.0,Ki (nM),O=C1c2ccccc2S(=O)(=O)N1CCCCCN1CCN(c2ccccc2)CC1,False,False,False
51418965,COc1ccc(cc1)-c1n[nH]cc1N1CCCNCC1,148.0,Ki (nM),COc1ccc(-c2n[nH]cc2N2CCCNCC2)cc1,False,False,False
51418966,COc1ccc(cc1)-c1n[nH]cc1N1CCCNCC1,148.0,Ki (nM),COc1ccc(-c2n[nH]cc2N2CCCNCC2)cc1,False,False,False
50224008,Oc1ccccc1C(=O)CCCCCN1CCN(CC1)c1nc2ccccc2o1,148.0,Ki (nM),O=C(CCCCCN1CCN(c2nc3ccccc3o2)CC1)c1ccccc1O,False,False,False
50081684,CSc1ccccc1N1CCN(Cc2ccc(cc2)C(=O)N2Cc3ccccc3C[C@H]2C(N)=O)CC1,148.0,Ki (nM),CSc1ccccc1N1CCN(Cc2ccc(C(=O)N3Cc4ccccc4C[C@H]3C(N)=O)cc2)CC1,False,False,False
51155815,Cc1cccc(C)c1N1CCN(CCCCC23CCCc4cccc(NC2=O)c34)CC1,148.0,Ki (nM),Cc1cccc(C)c1N1CCN(CCCCC23CCCc4cccc(c42)NC3=O)CC1,False,False,False
50433117,CSc1ccccc1N1CCN(CCCCCC(=O)NCc2ccc(OS(C)(=O)=O)cc2)CC1,148.0,Ki (nM),CSc1ccccc1N1CCN(CCCCCC(=O)NCc2ccc(OS(C)(=O)=O)cc2)CC1,False,False,False
51412597,Clc1cccc(N2CCN(CCCCCN3C(=O)c4ccccc4S3(=O)=O)CC2)c1Cl,149.0,Ki (nM),O=C1c2ccccc2S(=O)(=O)N1CCCCCN1CCN(c2cccc(Cl)c2Cl)CC1,False,False,False
163317,NCCc1c[nH]c2ccccc12,149.0,Ki (nM),NCCc1c[nH]c2ccccc12,False,False,False
170658,CN1CC(CC2C1Cc1c[nH]c3cccc2c13)C(=O)N[C@]1(C)O[C@@]2(O)C3CCCN3C(=O)[C@H](Cc3ccccc3)N2C1=O,150.0,Ki (nM),CN1CC(C(=O)N[C@]2(C)O[C@@]3(O)C4CCCN4C(=O)[C@H](Cc4ccccc4)N3C2=O)CC2c3cccc4[nH]cc(c34)CC21,False,False,False
172867,NC(=O)C1(CCN(CCCC(=O)c2ccc(F)cc2)CC1)N1CCCCC1,150.0,Ki (nM),NC(=O)C1(N2CCCCC2)CCN(CCCC(=O)c2ccc(F)cc2)CC1,False,False,False
50812868,CCCN(CCC)C1CCc2cccc(O)c2C1,150.0,Ki (nM),CCCN(CCC)C1CCc2cccc(O)c2C1,False,False,False
792552,Clc1ccc(cc1)C(=O)c1ccc(Cl)cc1OC1CNC1,150.0,Ki (nM),O=C(c1ccc(Cl)cc1)c1ccc(Cl)cc1OC1CNC1,False,False,False
50817743,Cc1[nH]c2ccc(Cl)cc2c1C1=CCN(CCCNS(=O)(=O)c2ccc3ccccc3c2)CC1,150.0,Ki (nM),Cc1[nH]c2ccc(Cl)cc2c1C1=CCN(CCCNS(=O)(=O)c2ccc3ccccc3c2)CC1,False,False,False
51344455,CCCN1CCc2cccc-3c2C1Cc1ccc2nc(N)sc2c-31,150.0,Ki (nM),CCCN1CCc2cccc3c2C1Cc1ccc2nc(N)sc2c1-3,False,False,False
50817646,Cc1[nH]c2ccc(Cl)cc2c1C1=CCN(CCCNS(=O)(=O)c2cccc(C)c2)CC1,150.0,Ki (nM),Cc1cccc(S(=O)(=O)NCCCN2CC=C(c3c(C)[nH]c4ccc(Cl)cc34)CC2)c1,False,False,False
282702,COc1ccc(cc1C1CCN(C)C1)-c1ccccc1,150.0,Ki (nM),COc1ccc(-c2ccccc2)cc1C1CCN(C)C1,False,False,False
51357437,C1Cc2nn(c(c2CCN1)-c1ccccc1)-c1ccccc1,150.0,Ki (nM),c1ccc(-c2c3c(nn2-c2ccccc2)CCNCC3)cc1,False,False,False
50884987,Cc1cccc(c1)S(=O)(=O)NCCCCN=C(N)N1CCC(CC1)c1ccccc1,150.0,Ki (nM),Cc1cccc(S(=O)(=O)NCCCCN=C(N)N2CCC(c3ccccc3)CC2)c1,False,False,False
792153,CN1CCC(C1)Oc1ccccc1OCc1cccc(OS(C)(=O)=O)c1,150.0,Ki (nM),CN1CCC(Oc2ccccc2OCc2cccc(OS(C)(=O)=O)c2)C1,False,False,False
223605,COc1ccc(cc1C1CCN(C)C1)-c1ccccc1,150.0,Ki (nM),COc1ccc(-c2ccccc2)cc1C1CCN(C)C1,False,False,False
50974482,Fc1cccc2c1nc(OCC1CCN(CCCc3ccc(I)cc3)CC1)c1cccnc21,150.0,Ki (nM),Fc1cccc2c1nc(OCC1CCN(CCCc3ccc(I)cc3)CC1)c1cccnc12,False,False,False
50102336,O=S(=O)(NCCCN1CCN(CC1)c1noc2ccccc12)c1cc2ccccc2s1,150.0,Ki (nM),O=S(=O)(NCCCN1CCN(c2noc3ccccc23)CC1)c1cc2ccccc2s1,False,False,False
51357426,Fc1ccc(cc1)-c1c2CCNCCc2nn1C1CCC1,150.0,Ki (nM),Fc1ccc(-c2c3c(nn2C2CCC2)CCNCC3)cc1,False,False,False
50468085,O=C(CCCCN1CCC(CC1)c1ccccc1)n1c2ccccc2c2ccccc12,151.0,Ki (nM),O=C(CCCCN1CCC(c2ccccc2)CC1)n1c2ccccc2c2ccccc21,False,False,False
51399258,COc1ccccc1N1CCN(CCCCC(=O)Nc2cccc(c2)C(C)C)CC1,151.0,Ki (nM),COc1ccccc1N1CCN(CCCCC(=O)Nc2cccc(C(C)C)c2)CC1,False,False,False
162686,CN1CC(CC2C1Cc1c[nH]c3cccc2c13)C(=O)N[C@]1(C)O[C@@]2(O)C3CCCN3C(=O)[C@H](Cc3ccccc3)N2C1=O,151.35,Ki (nM),CN1CC(C(=O)N[C@]2(C)O[C@@]3(O)C4CCCN4C(=O)[C@H](Cc4ccccc4)N3C2=O)CC2c3cccc4[nH]cc(c34)CC21,False,False,False
173523,"CN1CCN(CC1)C1=c2cc(C)sc2=Nc2ccccc2N1 |c:8,15|",152.2,Ki (nM),Cc1cc2c(s1)=Nc1ccccc1NC=2N1CCN(C)CC1,False,False,False
50468086,O=C(CCCCN1CCC(CC1)c1ccccc1)n1c2ccccc2c2ccccc12,153.0,Ki (nM),O=C(CCCCN1CCC(c2ccccc2)CC1)n1c2ccccc2c2ccccc21,False,False,False
50653121,Clc1ccccc1N1CCN(CCCCn2cnc3c4ccccc4ncc3c2=O)CC1,153.0,Ki (nM),O=c1c2cnc3ccccc3c2ncn1CCCCN1CCN(c2ccccc2Cl)CC1,False,False,False
50081737,CSc1ccccc1N1CCN(CCCCCC(=O)N2CCC[C@H]2C(N)=O)CC1,153.0,Ki (nM),CSc1ccccc1N1CCN(CCCCCC(=O)N2CCC[C@H]2C(N)=O)CC1,False,False,False
50974481,CCCN1CCC(COc2nc3c(I)cccc3c3ccccc23)CC1,153.0,Ki (nM),CCCN1CCC(COc2nc3c(I)cccc3c3ccccc23)CC1,False,False,False
792101,CN1CC(C1)Oc1cc(Cl)ccc1OCc1cc(CO)c(o1)C(F)(F)F,153.0,Ki (nM),CN1CC(Oc2cc(Cl)ccc2OCc2cc(CO)c(C(F)(F)F)o2)C1,False,False,False
50289694,COc1ccccc1N1CCN(CCCC(=O)NC2CCCc3cccc(OC)c23)CC1,154.0,Ki (nM),COc1ccccc1N1CCN(CCCC(=O)NC2CCCc3cccc(OC)c32)CC1,False,False,False
51399268,COc1ccccc1N1CCN(CCCCCC(=O)Nc2cc(ccc2O)C(C)(C)C)CC1,154.0,Ki (nM),COc1ccccc1N1CCN(CCCCCC(=O)Nc2cc(C(C)(C)C)ccc2O)CC1,False,False,False
50958851,O=S(=O)(NC1CCN(CCOc2ccccc2)CC1)c1cccs1,155.0,Ki (nM),O=S(=O)(NC1CCN(CCOc2ccccc2)CC1)c1cccs1,False,False,False
50153014,COc1ccc2[nH]c(c(CCN(C)C)c2c1)-c1ccccc1,155.0,Ki (nM),COc1ccc2[nH]c(-c3ccccc3)c(CCN(C)C)c2c1,False,False,False
50456810,Cc1ccc2[nH]cc(CCN(CC=C)CC=C)c2c1,155.0,Ki (nM),C=CCN(CC=C)CCc1c[nH]c2ccc(C)cc12,False,False,False
50590847,CC(=O)c1cccc(c1)-c1cccc(NC2=NCCN2)c1C,155.0,Ki (nM),CC(=O)c1cccc(-c2cccc(NC3=NCCN3)c2C)c1,False,False,False
282710,CN1CCC(C1)c1ccccc1-c1ccc(C)c(C)c1,155.02,Ki (nM),Cc1ccc(-c2ccccc2C2CCN(C)C2)cc1C,False,False,False
223613,CN1CCC(C1)c1ccccc1-c1ccc(C)c(C)c1,155.02,Ki (nM),Cc1ccc(-c2ccccc2C2CCN(C)C2)cc1C,False,False,False
51505665,CCOCC(Oc1c(C)cccc1C)N1CCN(CC1)c1ccccc1OC,156.0,Ki (nM),CCOCC(Oc1c(C)cccc1C)N1CCN(c2ccccc2OC)CC1,False,False,False
50551619,CN(C)CCOc1ccccc1-c1ccccc1,156.0,Ki (nM),CN(C)CCOc1ccccc1-c1ccccc1,False,False,False
51470909,COc1ccccc1N1CCN(CCCCNc2nc(N)nc(NCCc3c[nH]c4ccccc34)n2)CC1,156.0,Ki (nM),COc1ccccc1N1CCN(CCCCNc2nc(N)nc(NCCc3c[nH]c4ccccc34)n2)CC1,False,False,False
293449,COc1ccccc1N1CCN(CCOCCOc2c(C)cccc2C)CC1,156.0,Ki (nM),COc1ccccc1N1CCN(CCOCCOc2c(C)cccc2C)CC1,False,False,False
50703466,COc1ccccc1N1CCN(CCCNS(=O)(=O)c2ccc3ncccc3c2)CC1,156.0,Ki (nM),COc1ccccc1N1CCN(CCCNS(=O)(=O)c2ccc3ncccc3c2)CC1,False,False,False
50082441,CN1C(=O)N(CCCCCN2CCN(CC2)c2ccccc2F)C(C)(C1=O)c1ccccc1,157.0,Ki (nM),CN1C(=O)N(CCCCCN2CCN(c3ccccc3F)CC2)C(C)(c2ccccc2)C1=O,False,False,False
51119322,COc1ccccc1N1CCN(CCCOc2c(C)cc(C)cc2C)CC1,157.0,Ki (nM),COc1ccccc1N1CCN(CCCOc2c(C)cc(C)cc2C)CC1,False,False,False
293448,COc1ccccc1N1CCN(CCCOc2c(C)cc(C)cc2C)CC1,157.0,Ki (nM),COc1ccccc1N1CCN(CCCOc2c(C)cc(C)cc2C)CC1,False,False,False
50468095,O=C(CCCCCN1CCC(CC1)c1ccccc1)n1c2ccccc2c2ccccc12,157.0,Ki (nM),O=C(CCCCCN1CCC(c2ccccc2)CC1)n1c2ccccc2c2ccccc21,False,False,False
51399247,COc1ccccc1N1CCN(CCCC(=O)Nc2cccc(c2)C(C)C)CC1,157.0,Ki (nM),COc1ccccc1N1CCN(CCCC(=O)Nc2cccc(C(C)C)c2)CC1,False,False,False
50211390,Brc1ccc2n(CCN3CCN4CCCCC4C3)ccc2c1,158.0,Ki (nM),Brc1ccc2c(ccn2CCN2CCN3CCCCC3C2)c1,False,False,False
51366670,Fc1ccc(CCCCN2CCN(CC2)c2ccc(Cl)cn2)cc1,158.0,Ki (nM),Fc1ccc(CCCCN2CCN(c3ccc(Cl)cn3)CC2)cc1,False,False,False
51449155,C[C@H]1C[C@@H](CN1CCCc1noc2cc(F)ccc12)NS(=O)(=O)c1ccc2cc(Cl)ccc2c1,158.0,Ki (nM),C[C@H]1C[C@H](NS(=O)(=O)c2ccc3cc(Cl)ccc3c2)CN1CCCc1noc2cc(F)ccc12,False,False,False
50468094,O=C(CCCCCN1CCC(CC1)c1ccccc1)n1c2ccccc2c2ccccc12,158.0,Ki (nM),O=C(CCCCCN1CCC(c2ccccc2)CC1)n1c2ccccc2c2ccccc21,False,False,False
50456076,COc1ccccc1N1CCN(CCCCN2Cc3ccccc3C2=O)CC1,158.0,Ki (nM),COc1ccccc1N1CCN(CCCCN2Cc3ccccc3C2=O)CC1,False,False,False
51366674,Fc1ccc(CCCCN2CCN(CC2)c2cccc(n2)-c2ccccc2)cc1,158.0,Ki (nM),Fc1ccc(CCCCN2CCN(c3cccc(-c4ccccc4)n3)CC2)cc1,False,False,False
51249153,NCCc1c[nH]c2ccccc12,158.0,Ki (nM),NCCc1c[nH]c2ccccc12,False,False,False
51366654,Fc1ccc(CCCCN2CCN(CC2)c2ccc(Cl)cn2)cc1,159.0,Ki (nM),Fc1ccc(CCCCN2CCN(c3ccc(Cl)cn3)CC2)cc1,False,False,False
51399256,COc1ccccc1N1CCN(CCCCC(=O)Nc2cc(ccc2O)C(C)(C)C)CC1,159.0,Ki (nM),COc1ccccc1N1CCN(CCCCC(=O)Nc2cc(C(C)(C)C)ccc2O)CC1,False,False,False
50268807,NC(N)=NC(=O)c1ccc-2c(c1)C(O)c1ccc(Cl)cc-21,160.0,Ki (nM),NC(N)=NC(=O)c1ccc2c(c1)C(O)c1ccc(Cl)cc1-2,False,False,False
792468,Clc1ccc(Oc2ccccc2)c(OC2CNC2)c1,160.0,Ki (nM),Clc1ccc(Oc2ccccc2)c(OC2CNC2)c1,False,False,False
50845997,CCCOc1nc2n(C)c(=O)n(C)c(=O)c2n1CCCCN1CCN(CC1)c1ccccc1OC,160.0,Ki (nM),CCCOc1nc2c(c(=O)n(C)c(=O)n2C)n1CCCCN1CCN(c2ccccc2OC)CC1,False,False,False
50456090,O=C1Cc2ccccc2N1CCCCN1CCC(CC1)c1ccccc1,160.0,Ki (nM),O=C1Cc2ccccc2N1CCCCN1CCC(c2ccccc2)CC1,False,False,False
406522,Clc1ccc2ccn(CCN3CCCN4CCCCC4C3)c2n1,160.0,Ki (nM),Clc1ccc2ccn(CCN3CCCN4CCCCC4C3)c2n1,False,False,False
51366658,Fc1ccc(CCCCN2CCN(CC2)c2cccc(n2)-c2ccccc2)cc1,160.0,Ki (nM),Fc1ccc(CCCCN2CCN(c3cccc(-c4ccccc4)n3)CC2)cc1,False,False,False
51337089,CN(C)[C@H]1CCc2c(C1)cccc2-c1ccc(Cl)cc1,160.0,Ki (nM),CN(C)[C@H]1CCc2c(cccc2-c2ccc(Cl)cc2)C1,False,False,False
50096591,CN(CCCN1CCN(CC1)c1ccccc1)c1cccc(NC(C)=O)c1,161.0,Ki (nM),CC(=O)Nc1cccc(N(C)CCCN2CCN(c3ccccc3)CC2)c1,False,False,False
50096583,CN(CCCN1CCN(CC1)c1ccccc1)c1cccc(Br)c1,161.0,Ki (nM),CN(CCCN1CCN(c2ccccc2)CC1)c1cccc(Br)c1,False,False,False
50958837,Clc1cccc(OCCN2CCC(C2)NC(=O)c2ccc3OCCOc3c2)c1Cl,161.0,Ki (nM),O=C(NC1CCN(CCOc2cccc(Cl)c2Cl)C1)c1ccc2c(c1)OCCO2,False,False,False
50640089,COc1ccccc1N1CCN(CCN(C(=O)C23C4C5C2C2C3C4C52I)c2ccccn2)CC1,161.0,Ki (nM),COc1ccccc1N1CCN(CCN(C(=O)C23C4C5C2C2C3C4C52I)c2ccccn2)CC1,False,False,False
50096579,CN(CCN1CCN(CC1)c1ccccc1)c1cccc(O)c1,161.0,Ki (nM),CN(CCN1CCN(c2ccccc2)CC1)c1cccc(O)c1,False,False,False
50884983,Cc1cccc(c1)S(=O)(=O)NCCN=C(N)N1CCC(CC1)c1ccccc1,161.0,Ki (nM),Cc1cccc(S(=O)(=O)NCCN=C(N)N2CCC(c3ccccc3)CC2)c1,False,False,False
51501136,Clc1cccc(c1)N1CCN(CCCCCCN2c3cccc4CCCN(c34)S2(=O)=O)CC1,162.0,Ki (nM),O=S1(=O)N(CCCCCCN2CCN(c3cccc(Cl)c3)CC2)c2cccc3c2N1CCC3,False,False,False
50462411,CC(C)c1ccccc1OCCN1CC2CC1CN2S(=O)(=O)c1ccc(F)cc1,162.0,Ki (nM),CC(C)c1ccccc1OCCN1CC2CC1CN2S(=O)(=O)c1ccc(F)cc1,False,False,False
50462483,Cc1ccccc1OCCN1CCC(CC1)NS(=O)(=O)c1ccc(F)cc1,163.0,Ki (nM),Cc1ccccc1OCCN1CCC(NS(=O)(=O)c2ccc(F)cc2)CC1,False,False,False
50081736,CSc1ccccc1N1CCN(CCCCC(=O)N2CCC[C@H]2C(N)=O)CC1,163.0,Ki (nM),CSc1ccccc1N1CCN(CCCCC(=O)N2CCC[C@H]2C(N)=O)CC1,False,False,False
50211384,CC(C)(C)CN1CCCN(CCn2ccc3ccc(Br)cc23)CC1,163.0,Ki (nM),CC(C)(C)CN1CCCN(CCn2ccc3ccc(Br)cc32)CC1,False,False,False
51501151,Clc1cccc(c1)N1CCNCC1,163.0,Ki (nM),Clc1cccc(N2CCNCC2)c1,False,False,False
50796278,Fc1cccc(c1)N1CCN(CCC2CCN(CC2)S(=O)(=O)c2cccc3ncccc23)CC1,165.0,Ki (nM),O=S(=O)(c1cccc2ncccc12)N1CCC(CCN2CCN(c3cccc(F)c3)CC2)CC1,False,False,False
51127059,O=S(=O)(N1CCC[C@H]1CCN1CCN(CC1)c1cccc2[nH]ccc12)c1cccc2ncccc12,165.0,Ki (nM),O=S(=O)(c1cccc2ncccc12)N1CCC[C@H]1CCN1CCN(c2cccc3[nH]ccc23)CC1,False,False,False
51282046,Clc1ccc(cc1Cl)N1CCN(CCCCCCN2C(=O)c3cccc4cccc2c34)CC1,166.0,Ki (nM),O=C1c2cccc3cccc(c23)N1CCCCCCN1CCN(c2ccc(Cl)c(Cl)c2)CC1,False,False,False
50586775,CC1CCN(CC[C@H]2CCCN2S(=O)(=O)c2ccc3oc(O)nc3c2)CC1,166.0,Ki (nM),CC1CCN(CC[C@H]2CCCN2S(=O)(=O)c2ccc3oc(O)nc3c2)CC1,False,False,False
50211367,CCc1ccc2ccn(CCN3CCCN(C)CC3)c2c1,166.0,Ki (nM),CCc1ccc2ccn(CCN3CCCN(C)CC3)c2c1,False,False,False
792163,C[C@H](Oc1ccc(Cl)cc1OC1CN(Cc2ccccc2)C1)c1cccc(c1)C(F)(F)F,166.0,Ki (nM),C[C@H](Oc1ccc(Cl)cc1OC1CN(Cc2ccccc2)C1)c1cccc(C(F)(F)F)c1,False,False,False
51501138,NS(=O)(=O)NCCCCCCN1CCN(CC1)c1cccc(Cl)c1,167.0,Ki (nM),NS(=O)(=O)NCCCCCCN1CCN(c2cccc(Cl)c2)CC1,False,False,False
51470900,Nc1nc(N)nc(NCCCCN2CCN(CC2)c2cccc(Cl)c2Cl)n1,167.0,Ki (nM),Nc1nc(N)nc(NCCCCN2CCN(c3cccc(Cl)c3Cl)CC2)n1,False,False,False
792281,Clc1ccc(OCC2COc3ccccc3C2)c(OC2CNC2)c1,167.0,Ki (nM),Clc1ccc(OCC2COc3ccccc3C2)c(OC2CNC2)c1,False,False,False
50617359,FC(F)(F)c1ccc(cc1)-c1cn(Cc2ccccc2)c2CCNCc12,167.0,Ki (nM),FC(F)(F)c1ccc(-c2cn(Cc3ccccc3)c3c2CNCC3)cc1,False,False,False
51282114,FC(F)(F)c1cccc(c1)N1CCN(CCCCCCN2c3cccc4cccc(c34)S2(=O)=O)CC1,167.0,Ki (nM),O=S1(=O)c2cccc3cccc(c23)N1CCCCCCN1CCN(c2cccc(C(F)(F)F)c2)CC1,False,False,False
53785,COc1ccc(cc1)-n1c2ccccc2n(CCCN2CCN(CC2)c2ccccc2OC)c1=O,168.0,Ki (nM),COc1ccc(-n2c(=O)n(CCCN3CCN(c4ccccc4OC)CC3)c3ccccc32)cc1,False,False,False
50302275,NC(=O)c1ccccc1NC(=O)CCCCN1CCN(CC1)c1cccc(Cl)c1,168.0,Ki (nM),NC(=O)c1ccccc1NC(=O)CCCCN1CCN(c2cccc(Cl)c2)CC1,False,False,False
50462412,CC(C)c1ccccc1OCCN1CC2CC1CN2S(=O)(=O)c1cccc(Cl)c1,168.0,Ki (nM),CC(C)c1ccccc1OCCN1CC2CC1CN2S(=O)(=O)c1cccc(Cl)c1,False,False,False
50706729,Oc1csc(=O)n1CCCCNCC1CCc2ccccc2O1,169.0,Ki (nM),O=c1scc(O)n1CCCCNCC1CCc2ccccc2O1,False,False,False
50590866,Cc1c(NC2=NCCN2)cccc1-c1cccc(c1)C#N,170.0,Ki (nM),Cc1c(NC2=NCCN2)cccc1-c1cccc(C#N)c1,False,False,False
51105854,CC(C)c1ccccc1OCC(C)N1CCC(CC1)NS(=O)(=O)c1cccc(F)c1,170.0,Ki (nM),CC(C)c1ccccc1OCC(C)N1CCC(NS(=O)(=O)c2cccc(F)c2)CC1,False,False,False
51364361,Clc1ccc2cc(sc2c1)S(=O)(=O)N[C@H]1CCN(CCCc2noc3ccccc23)C1,170.0,Ki (nM),O=S(=O)(N[C@H]1CCN(CCCc2noc3ccccc23)C1)c1cc2ccc(Cl)cc2s1,False,False,False
50256181,CN(C)CCSc1nc(c(C)s1)-c1ccccc1,170.0,Ki (nM),Cc1sc(SCCN(C)C)nc1-c1ccccc1,False,False,False
50376702,CSc1ccc(CC2NCCc3c2[nH]c2ccccc32)cc1,170.0,Ki (nM),CSc1ccc(CC2NCCc3c2[nH]c2ccccc32)cc1,False,False,False
170545,CN1CCN(CC1)C1=Nc2ccccc2Oc2ccc(Cl)cc12 |t:8|,171.0,Ki (nM),CN1CCN(C2=Nc3ccccc3Oc3ccc(Cl)cc32)CC1,False,False,False
792071,CCOC(=O)c1ccc(COc2ccc(Cl)cc2OC2CNC2)o1,171.0,Ki (nM),CCOC(=O)c1ccc(COc2ccc(Cl)cc2OC2CNC2)o1,False,False,False
51501135,Clc1cccc(c1)N1CCN(CCCCCCn2c3cccc4CCCn(c34)c2=S)CC1,171.0,Ki (nM),S=c1n(CCCCCCN2CCN(c3cccc(Cl)c3)CC2)c2cccc3c2n1CCC3,False,False,False
51120165,CC(C)(C)c1ccccc1OCCN1CCC(CC1)NS(=O)(=O)c1ccccc1,172.0,Ki (nM),CC(C)(C)c1ccccc1OCCN1CCC(NS(=O)(=O)c2ccccc2)CC1,False,False,False
50082448,CC1(C)N(CCCCCN2CCN(CC2)c2ccc(F)cc2F)C(=O)N(Cc2ccccc2)C1=O,172.0,Ki (nM),CC1(C)C(=O)N(Cc2ccccc2)C(=O)N1CCCCCN1CCN(c2ccc(F)cc2F)CC1,False,False,False
792092,Clc1ccc(OCc2ccccc2)c(OC2CCCNC2)c1,174.0,Ki (nM),Clc1ccc(OCc2ccccc2)c(OC2CCCNC2)c1,False,False,False
50796333,O=S(=O)(N1CCC(CCN2CCN(CC2)c2ccccc2)CC1)c1cncc2ccccc12,174.0,Ki (nM),O=S(=O)(c1cncc2ccccc12)N1CCC(CCN2CCN(c3ccccc3)CC2)CC1,False,False,False
51315556,O=C(CCNCc1ccccc1)NCc1ccccc1,176.0,Ki (nM),O=C(CCNCc1ccccc1)NCc1ccccc1,False,False,False
51315569,O=C(CCNCc1ccccc1)NCc1ccccc1,176.0,Ki (nM),O=C(CCNCc1ccccc1)NCc1ccccc1,False,False,False
50474194,Cc1ccc(cc1C)N1CCN(CC(O)CN2C(=O)NC(C)(C2=O)c2ccc(F)cc2)CC1,177.0,Ki (nM),Cc1ccc(N2CCN(CC(O)CN3C(=O)NC(C)(c4ccc(F)cc4)C3=O)CC2)cc1C,False,False,False
187451,CCc1cc2c(ccc3cnn(CC(C)N)c23)o1,177.0,Ki (nM),CCc1cc2c(ccc3cnn(CC(C)N)c32)o1,False,False,False
50884982,CC1CCN(CC1)C(N)=NCCNS(=O)(=O)c1cccc(C)c1,177.0,Ki (nM),Cc1cccc(S(=O)(=O)NCCN=C(N)N2CCC(C)CC2)c1,False,False,False
50958855,CC(C)c1ccccc1OCCN1CCC(C1)NC(=O)c1ccc2ccccc2n1,178.0,Ki (nM),CC(C)c1ccccc1OCCN1CCC(NC(=O)c2ccc3ccccc3n2)C1,False,False,False
51449150,C[C@H]1C[C@@H](CN1CCCc1noc2cc(F)ccc12)NS(=O)(=O)c1cc2ccccc2o1,178.0,Ki (nM),C[C@H]1C[C@H](NS(=O)(=O)c2cc3ccccc3o2)CN1CCCc1noc2cc(F)ccc12,False,False,False
50433187,COc1ccccc1N1CCN(CCCCCC(=O)N2Cc3ccccc3C2)CC1,179.0,Ki (nM),COc1ccccc1N1CCN(CCCCCC(=O)N2Cc3ccccc3C2)CC1,False,False,False
50096584,CN(CCCN1CCN(CC1)c1ccccc1)c1cccc(Cl)c1,179.0,Ki (nM),CN(CCCN1CCN(c2ccccc2)CC1)c1cccc(Cl)c1,False,False,False
50250523,Cn1c2ncn(CCCCN3CCN(CC3)c3ccc(Cl)c(Cl)c3)c2c(=O)n(C)c1=O,179.0,Ki (nM),Cn1c(=O)c2c(ncn2CCCCN2CCN(c3ccc(Cl)c(Cl)c3)CC2)n(C)c1=O,False,False,False
50081749,NC(=O)[C@@H]1CCCN1C(=O)CCCCCN1CCN(CC1)c1cccc(Cl)c1Cl,179.0,Ki (nM),NC(=O)[C@@H]1CCCN1C(=O)CCCCCN1CCN(c2cccc(Cl)c2Cl)CC1,False,False,False
51412601,O=C1N(CCCCCN2CCN(CC2)c2ccccn2)S(=O)(=O)c2ccccc12,179.0,Ki (nM),O=C1c2ccccc2S(=O)(=O)N1CCCCCN1CCN(c2ccccn2)CC1,False,False,False
50311087,NC(=O)c1ccccc1OCCCN1CCN(CC1)c1cccc2n(ccc12)S(=O)(=O)c1ccccc1,180.0,Ki (nM),NC(=O)c1ccccc1OCCCN1CCN(c2cccc3c2ccn3S(=O)(=O)c2ccccc2)CC1,False,False,False
50268812,CC(=O)NC1c2ccccc2-c2ccc(cc12)C(=O)N=C(N)N,180.0,Ki (nM),CC(=O)NC1c2ccccc2-c2ccc(C(=O)N=C(N)N)cc21,False,False,False
51337068,CN(C)C1CCc2c(C1)cccc2-c1cc(F)cc(F)c1,180.0,Ki (nM),CN(C)C1CCc2c(cccc2-c2cc(F)cc(F)c2)C1,False,False,False
50817569,Cc1cccc(c1)S(=O)(=O)NCCN1CCC(=CC1)c1c[nH]c2ccc(F)cc12,180.0,Ki (nM),Cc1cccc(S(=O)(=O)NCCN2CC=C(c3c[nH]c4ccc(F)cc34)CC2)c1,False,False,False
51337064,CN(C)[C@@H]1CCc2c(C1)cccc2-c1cccs1,180.0,Ki (nM),CN(C)[C@@H]1CCc2c(cccc2-c2cccs2)C1,False,False,False
50102337,O=S(=O)(NCCCCN1CCN(CC1)c1noc2ccccc12)c1cc2ccccc2s1,180.0,Ki (nM),O=S(=O)(NCCCCN1CCN(c2noc3ccccc23)CC1)c1cc2ccccc2s1,False,False,False
282708,Clc1ccc(cc1)-c1ccccc1C1CCNC1,180.01,Ki (nM),Clc1ccc(-c2ccccc2C2CCNC2)cc1,False,False,False
223611,Clc1ccc(cc1)-c1ccccc1C1CCNC1,180.01,Ki (nM),Clc1ccc(-c2ccccc2C2CCNC2)cc1,False,False,False
51398486,CSc1ccc2Sc3ccccc3N(CCC3CCCCN3C)c2c1,181.0,Ki (nM),CSc1ccc2c(c1)N(CCC1CCCCN1C)c1ccccc1S2,False,False,False
792551,CC(C)N1CC(C1)Oc1cc(Cl)ccc1C(=O)c1ccc2OCOc2c1,181.0,Ki (nM),CC(C)N1CC(Oc2cc(Cl)ccc2C(=O)c2ccc3c(c2)OCO3)C1,False,False,False
50551180,Cc1nc(OCCCCCN2CCN(CC2)c2ccc(Cl)cc2)c2ccccc2n1,181.0,Ki (nM),Cc1nc(OCCCCCN2CCN(c3ccc(Cl)cc3)CC2)c2ccccc2n1,False,False,False
50211374,CN1CCCN(CCn2ccc3ccc(OCc4ccccc4)cc23)CC1,182.0,Ki (nM),CN1CCCN(CCn2ccc3ccc(OCc4ccccc4)cc32)CC1,False,False,False
50590857,CC(C)c1cccc(c1)-c1cccc(NC2=NCCN2)c1C,182.0,Ki (nM),Cc1c(NC2=NCCN2)cccc1-c1cccc(C(C)C)c1,False,False,False
1423502,O=c1[nH]c2ccccc2n1CCCCCN1CCN(CC1)c1ccncc1,182.0,Ki (nM),O=c1[nH]c2ccccc2n1CCCCCN1CCN(c2ccncc2)CC1,False,False,False
51501137,NC(=O)NCCCCCCN1CCN(CC1)c1cccc(Cl)c1,183.0,Ki (nM),NC(=O)NCCCCCCN1CCN(c2cccc(Cl)c2)CC1,False,False,False
50653122,Clc1cccc(c1)N1CCN(CCCCn2cnc3c4ccccc4ncc3c2=O)CC1,184.0,Ki (nM),O=c1c2cnc3ccccc3c2ncn1CCCCN1CCN(c2cccc(Cl)c2)CC1,False,False,False
51281991,O=C1N(CCCCCCN2CCN(CC2)c2ccccn2)c2cccc3cccc1c23,184.0,Ki (nM),O=C1c2cccc3cccc(c23)N1CCCCCCN1CCN(c2ccccn2)CC1,False,False,False
50302280,Cc1sc2nc(CCCCCN3CCC(Cc4ccccc4)CC3)[nH]c(=O)c2c1C,185.0,Ki (nM),Cc1sc2nc(CCCCCN3CCC(Cc4ccccc4)CC3)[nH]c(=O)c2c1C,False,False,False
50958881,CN1CCN(CC1)C1=Nc2ccccc2Nc2sc(C)cc12,185.0,Ki (nM),Cc1cc2c(s1)Nc1ccccc1N=C2N1CCN(C)CC1,False,False,False
51501127,O=c1n(CCCCCCN2CCN(CC2)c2cccc3ccccc23)nc2ccccn12,186.0,Ki (nM),O=c1n(CCCCCCN2CCN(c3cccc4ccccc34)CC2)nc2ccccn12,False,False,False
51408618,O=C1CCc2cc(OCCCN3CCN(CC3)c3ccccn3)ccc2N1,186.0,Ki (nM),O=C1CCc2cc(OCCCN3CCN(c4ccccn4)CC3)ccc2N1,False,False,False
50289666,COc1ccc2C(CCCc2c1)NC(=O)CCCN1CCN(CC1)c1ccccc1OC,186.0,Ki (nM),COc1ccc2c(c1)CCCC2NC(=O)CCCN1CCN(c2ccccc2OC)CC1,False,False,False
160252,Clc1ccc2Oc3ccccc3N=C(N3CCNCC3)c2c1 |t:13|,186.2,Ki (nM),Clc1ccc2c(c1)C(N1CCNCC1)=Nc1ccccc1O2,False,False,False
50290577,COc1ccccc1N1CCN(CCC(=O)NCc2ccccc2-c2ccccc2)CC1,187.0,Ki (nM),COc1ccccc1N1CCN(CCC(=O)NCc2ccccc2-c2ccccc2)CC1,False,False,False
50703482,CCN(CCCCN1CCC2CCCCC2C1)S(=O)(=O)c1cnc2ccccc2c1,187.0,Ki (nM),CCN(CCCCN1CCC2CCCCC2C1)S(=O)(=O)c1cnc2ccccc2c1,False,False,False
51408596,O=C1CCc2cc(OCCCN3CCN(CC3)c3ccccn3)ccc2N1,188.0,Ki (nM),O=C1CCc2cc(OCCCN3CCN(c4ccccn4)CC3)ccc2N1,False,False,False
50177141,CN1CCc2cccc-3c2[C@H]1Cc1ccc(O)c(O)c-31,188.0,Ki (nM),CN1CCc2cccc3c2[C@H]1Cc1ccc(O)c(O)c1-3,False,False,False
50154816,CN1CCc2cccc-3c2[C@H]1Cc1ccc(O)c(O)c-31,188.0,Ki (nM),CN1CCc2cccc3c2[C@H]1Cc1ccc(O)c(O)c1-3,False,False,False
51344434,CCCC(=O)Nc1ccc2CC3N(C)CCc4cc(OC)c(OCC=C)c(-c2c1)c34,188.0,Ki (nM),C=CCOc1c(OC)cc2c3c1-c1cc(NC(=O)CCC)ccc1CC3N(C)CC2,False,False,False
50015956,CN1CCc2cccc-3c2[C@H]1Cc1ccc(O)c(O)c-31,188.0,Ki (nM),CN1CCc2cccc3c2[C@H]1Cc1ccc(O)c(O)c1-3,False,False,False
50503666,OC1(CCN(CCCc2nc3ccccc3s2)CC1)c1ccc(Cl)cc1,189.0,Ki (nM),OC1(c2ccc(Cl)cc2)CCN(CCCc2nc3ccccc3s2)CC1,False,False,False
51207223,C(N1CCN(CC1)c1ccccc1)c1cn(-c2ccccn2)c2ccccc12,189.0,Ki (nM),c1ccc(N2CCN(Cc3cn(-c4ccccn4)c4ccccc34)CC2)cc1,False,False,False
792226,C[C@@H](Oc1ccc(Cl)cc1OC1CCCNC1)c1cccc(c1)C(F)(F)F,189.0,Ki (nM),C[C@@H](Oc1ccc(Cl)cc1OC1CCCNC1)c1cccc(C(F)(F)F)c1,False,False,False
282692,Cc1cccc(c1)-c1ccc(Cl)cc1OC1CNC1,189.02,Ki (nM),Cc1cccc(-c2ccc(Cl)cc2OC2CNC2)c1,False,False,False
223595,Cc1cccc(c1)-c1ccc(Cl)cc1OC1CNC1,189.02,Ki (nM),Cc1cccc(-c2ccc(Cl)cc2OC2CNC2)c1,False,False,False
51399269,COc1ccccc1N1CCN(CCCCCC(=O)Nc2cccc(c2)C(C)(C)C)CC1,190.0,Ki (nM),COc1ccccc1N1CCN(CCCCCC(=O)Nc2cccc(C(C)(C)C)c2)CC1,False,False,False
792009,CC(C)N1CC(C1)Oc1ccc(Br)cc1OCc1cccc(Cl)c1,190.0,Ki (nM),CC(C)N1CC(Oc2ccc(Br)cc2OCc2cccc(Cl)c2)C1,False,False,False
51337104,CCCN(CCC)[C@@H]1CCc2c(C1)cccc2-c1ccccc1,190.0,Ki (nM),CCCN(CCC)[C@@H]1CCc2c(cccc2-c2ccccc2)C1,False,False,False
160297,[#6]-c1nc2sccn2c(=O)c1-[#6]-[#6]-[#7]-1-[#6]-[#6]\[#6](-[#6]-[#6]-1)=[#6](\c1ccc(F)cc1)-c1ccc(F)cc1,190.54,Ki (nM),[C]c1nc2sccn2c(=O)c1[C][C]N1[C][C]C(=C(c2ccc(F)cc2)c2ccc(F)cc2)[C][C]1,False,False,False
160254,CC(C)(C)[C@]1(O)CCN2C[C@H]3c4ccccc4CCc4cccc([C@@H]2C1)c34,190.54,Ki (nM),CC(C)(C)[C@]1(O)CCN2C[C@H]3c4ccccc4CCc4cccc(c43)[C@@H]2C1,False,False,False
50096606,CCN(CCCCCCN1CCN(CC1)c1ccccc1)c1cccc(O)c1,191.0,Ki (nM),CCN(CCCCCCN1CCN(c2ccccc2)CC1)c1cccc(O)c1,False,False,False
51412598,Clc1ccc(cc1)N1CCN(CCCCCN2C(=O)c3ccccc3S2(=O)=O)CC1,191.0,Ki (nM),O=C1c2ccccc2S(=O)(=O)N1CCCCCN1CCN(c2ccc(Cl)cc2)CC1,False,False,False
50503723,OC1(CCN(CCCc2nc3ccccc3s2)CC1)c1ccc(Cl)cc1,191.0,Ki (nM),OC1(c2ccc(Cl)cc2)CCN(CCCc2nc3ccccc3s2)CC1,False,False,False
51223582,O=C1N(CCCCCCN2CCN(CC2)c2ccccc2)S(=O)(=O)c2ccccc12,192.0,Ki (nM),O=C1c2ccccc2S(=O)(=O)N1CCCCCCN1CCN(c2ccccc2)CC1,False,False,False
50456091,O=C1Cc2ccccc2N1CCCCN1CCCC(C1)c1ccccc1,193.0,Ki (nM),O=C1Cc2ccccc2N1CCCCN1CCCC(c2ccccc2)C1,False,False,False
51470906,Nc1nc(N)nc(NCCCCCCN2CCN(CC2)c2cccc(Cl)c2Cl)n1,193.0,Ki (nM),Nc1nc(N)nc(NCCCCCCN2CCN(c3cccc(Cl)c3Cl)CC2)n1,False,False,False
51348448,FC(F)(F)c1cccc(c1)N(CCCCCCN1CCN(CC1)c1nsc2ccccc12)S(=O)(=O)c1ccccc1,193.0,Ki (nM),O=S(=O)(c1ccccc1)N(CCCCCCN1CCN(c2nsc3ccccc23)CC1)c1cccc(C(F)(F)F)c1,False,False,False
50884986,COc1ccccc1N1CCN(CC1)C(N)=NCCCNS(=O)(=O)c1cccc2ccccc12,195.0,Ki (nM),COc1ccccc1N1CCN(C(N)=NCCCNS(=O)(=O)c2cccc3ccccc23)CC1,False,False,False
51196216,COc1ccc2c(c1)oc1c(CN3CCN(CC3)c3ccccc3OC)cccc1c2=O,195.0,Ki (nM),COc1ccc2c(=O)c3cccc(CN4CCN(c5ccccc5OC)CC4)c3oc2c1,False,False,False
51223546,FC(F)(F)c1ccccc1N1CCN(CCCCCCN2C(=O)c3ccccc3S2(=O)=O)CC1,195.0,Ki (nM),O=C1c2ccccc2S(=O)(=O)N1CCCCCCN1CCN(c2ccccc2C(F)(F)F)CC1,False,False,False
50266451,CN1CCc2c(C1)c1cccc3-c4ccccc4CCn2c13,195.0,Ki (nM),CN1CCc2c(c3cccc4c3n2CCc2ccccc2-4)C1,False,False,False
51229273,Fc1ccc2[nH]cc(C3CCN(CCCCN4C(=O)CC(C4=O)c4c[nH]c5ccccc45)CC3)c2c1,196.0,Ki (nM),O=C1CC(c2c[nH]c3ccccc23)C(=O)N1CCCCN1CCC(c2c[nH]c3ccc(F)cc23)CC1,False,False,False
51470919,COc1ccccc1CCNc1nc(N)nc(NCCc2c[nH]c3ccccc23)n1,196.0,Ki (nM),COc1ccccc1CCNc1nc(N)nc(NCCc2c[nH]c3ccccc23)n1,False,False,False
161685,CN1CCN(CC1)CCCN2c3ccccc3Sc4c2cc(cc4)Cl,196.0,Ki (nM),CN1CCN(CCCN2c3ccccc3Sc3ccc(Cl)cc32)CC1,False,False,False
792467,Brc1ccc(Oc2cccc3ccccc23)c(OC2CNC2)c1,196.0,Ki (nM),Brc1ccc(Oc2cccc3ccccc23)c(OC2CNC2)c1,False,False,False
50462465,Clc1cccc(c1)C(=O)NC1CCN(CCOc2ccccc2-c2ccccc2)CC1,197.0,Ki (nM),O=C(NC1CCN(CCOc2ccccc2-c2ccccc2)CC1)c1cccc(Cl)c1,False,False,False
50571441,OC(CNCC1COc2ccccc2O1)COc1ccccc1F,197.0,Ki (nM),OC(CNCC1COc2ccccc2O1)COc1ccccc1F,False,False,False
51315531,O=C(CCCCN1CCN(CC1)c1ccccc1)N1CCN(CC1)c1ccccc1,197.0,Ki (nM),O=C(CCCCN1CCN(c2ccccc2)CC1)N1CCN(c2ccccc2)CC1,False,False,False
51315514,O=C(CCCCN1CCN(CC1)c1ccccc1)N1CCN(CC1)c1ccccc1,197.0,Ki (nM),O=C(CCCCN1CCN(c2ccccc2)CC1)N1CCN(c2ccccc2)CC1,False,False,False
50845993,CCOc1nc2n(C)c(=O)n(C)c(=O)c2n1CCCCN1CCN(CC1)c1ccccc1,197.0,Ki (nM),CCOc1nc2c(c(=O)n(C)c(=O)n2C)n1CCCCN1CCN(c2ccccc2)CC1,False,False,False
50884989,NC(=NCCCCNS(=O)(=O)c1cccc2ccccc12)N1CCc2ccccc2C1,198.0,Ki (nM),NC(=NCCCCNS(=O)(=O)c1cccc2ccccc12)N1CCc2ccccc2C1,False,False,False
50963794,O=C(C1CCCCC1)N(CCN1CCN(CC1)c1ccccc1)c1ccccn1,198.0,Ki (nM),O=C(C1CCCCC1)N(CCN1CCN(c2ccccc2)CC1)c1ccccn1,False,False,False
51348369,Clc1ccccc1N1CCN(CCCCCCN2C(=O)[C@H]3[C@@H]4CC[C@@H](C4)[C@H]3C2=O)CC1,198.0,Ki (nM),O=C1[C@@H]2[C@H]3CC[C@H](C3)[C@@H]2C(=O)N1CCCCCCN1CCN(c2ccccc2Cl)CC1,False,False,False
792115,FC(F)(F)c1ccc(COc2ccc(Cl)cc2OC2CNC2)cn1,198.0,Ki (nM),FC(F)(F)c1ccc(COc2ccc(Cl)cc2OC2CNC2)cn1,False,False,False
50462462,Clc1cccc(NC(=O)NC2CCN(CCOc3ccccc3-c3ccccc3)CC2)c1,198.0,Ki (nM),O=C(Nc1cccc(Cl)c1)NC1CCN(CCOc2ccccc2-c2ccccc2)CC1,False,False,False
51344450,CCCN1CCc2cccc3-c4cc(NS(C)(=O)=O)ccc4CC1c23,199.0,Ki (nM),CCCN1CCc2cccc3c2C1Cc1ccc(NS(C)(=O)=O)cc1-3,False,False,False
162694,CCN(CC)C(=O)[C@H]1CN([C@@H]2Cc3c[nH]c4c3c(ccc4)C2=C1)C,199.52,Ki (nM),CCN(CC)C(=O)[C@@H]1C=C2c3cccc4[nH]cc(c34)C[C@H]2N(C)C1,False,False,False
174151,c1ccc2c(c1)C(=O)N(C(=O)N2)CCN3CCC(CC3)C(=O)c4ccc(cc4)F,199.53,Ki (nM),O=C(c1ccc(F)cc1)C1CCN(CCn2c(=O)[nH]c3ccccc3c2=O)CC1,False,False,False
180760,c1ccc2c(c1)C(=O)N(C(=O)N2)CCN3CCC(CC3)C(=O)c4ccc(cc4)F,199.53,Ki (nM),O=C(c1ccc(F)cc1)C1CCN(CCn2c(=O)[nH]c3ccccc3c2=O)CC1,False,False,False
50984875,COc1ccccc1N1CCN(CCCCN2c3cccc4cccc(c34)S2(=O)=O)CC1,200.0,Ki (nM),COc1ccccc1N1CCN(CCCCN2c3cccc4cccc(c34)S2(=O)=O)CC1,False,False,False
50984874,O=S1(=O)N(CCCCCN2CCN(CC2)c2ccccc2)c2cccc3cccc1c23,200.0,Ki (nM),O=S1(=O)c2cccc3cccc(c23)N1CCCCCN1CCN(c2ccccc2)CC1,False,False,False
51224330,COc1ccc2OC[C@@]3(C)NCC[C@H]3c2c1,200.0,Ki (nM),COc1ccc2c(c1)[C@@H]1CCN[C@]1(C)CO2,False,False,False
51158059,COc1ccccc1N1CCN(CCCCCCN2c3cccc4cccc(c34)S2(=O)=O)CC1,200.0,Ki (nM),COc1ccccc1N1CCN(CCCCCCN2c3cccc4cccc(c34)S2(=O)=O)CC1,False,False,False
51158048,COc1ccccc1N1CCN(CCCCN2c3cccc4cccc(c34)S2(=O)=O)CC1,200.0,Ki (nM),COc1ccccc1N1CCN(CCCCN2c3cccc4cccc(c34)S2(=O)=O)CC1,False,False,False
792449,Clc1cccc(COc2ccc(Cl)cc2COC2CNC2)c1,200.0,Ki (nM),Clc1cccc(COc2ccc(Cl)cc2COC2CNC2)c1,False,False,False
51282048,COc1ccccc1N1CCN(CCCCCCN2c3cccc4cccc(c34)S2(=O)=O)CC1,200.0,Ki (nM),COc1ccccc1N1CCN(CCCCCCN2c3cccc4cccc(c34)S2(=O)=O)CC1,False,False,False
50376783,COc1cc2CCN(Cc2cc1OC)\C=N\c1ccc2CC3SCCSC3c2c1,200.0,Ki (nM),COc1cc2c(cc1OC)CN(/C=N/c1ccc3c(c1)C1SCCSC1C3)CC2,False,False,False
51158076,CC(C)C1CCN(CCCCN2C(=O)c3cccc4cccc2c34)CC1,200.0,Ki (nM),CC(C)C1CCN(CCCCN2C(=O)c3cccc4cccc2c34)CC1,False,False,False
51282041,O=S1(=O)N(CCCCCN2CCN(CC2)c2ccccc2)c2cccc3cccc1c23,200.0,Ki (nM),O=S1(=O)c2cccc3cccc(c23)N1CCCCCN1CCN(c2ccccc2)CC1,False,False,False
50102340,Cc1c(sc2ccc(F)cc12)S(=O)(=O)NCCCN1CCN(CC1)c1noc2ccccc12,200.0,Ki (nM),Cc1c(S(=O)(=O)NCCCN2CCN(c3noc4ccccc34)CC2)sc2ccc(F)cc12,False,False,False
50984849,CC(C)C1CCN(CCCCN2C(=O)c3cccc4cccc2c34)CC1,200.0,Ki (nM),CC(C)C1CCN(CCCCN2C(=O)c3cccc4cccc2c34)CC1,False,False,False
51158102,O=S1(=O)N(CCCCCN2CCN(CC2)c2ccccc2)c2cccc3cccc1c23,200.0,Ki (nM),O=S1(=O)c2cccc3cccc(c23)N1CCCCCN1CCN(c2ccccc2)CC1,False,False,False
51282130,COc1ccccc1N1CCN(CCCCN2c3cccc4cccc(c34)S2(=O)=O)CC1,200.0,Ki (nM),COc1ccccc1N1CCN(CCCCN2c3cccc4cccc(c34)S2(=O)=O)CC1,False,False,False
50376733,CC(=O)OC1CCCc2ccc(cc12)\N=C\N1CCc2ccccc2C1,200.0,Ki (nM),CC(=O)OC1CCCc2ccc(/N=C/N3CCc4ccccc4C3)cc21,False,False,False
50984852,COc1ccccc1N1CCN(CCCCCCN2c3cccc4cccc(c34)S2(=O)=O)CC1,200.0,Ki (nM),COc1ccccc1N1CCN(CCCCCCN2c3cccc4cccc(c34)S2(=O)=O)CC1,False,False,False
51224304,C[C@@]12CN(c3ccc(Br)cc3)c3ccc(Br)cc3[C@@H]1CCN2,200.0,Ki (nM),C[C@@]12CN(c3ccc(Br)cc3)c3ccc(Br)cc3[C@@H]1CCN2,False,False,False
51164819,Cc1ccc2c(OCCN3CCC(Cc4ccc5OCC(=O)Nc5c4)CC3)cccc2n1,200.0,Ki (nM),Cc1ccc2c(OCCN3CCC(Cc4ccc5c(c4)NC(=O)CO5)CC3)cccc2n1,False,False,False
51224338,Cc1ccc(cc1)N1C[C@@]2(C)NCC[C@H]2c2cc(C)ccc12,200.0,Ki (nM),Cc1ccc(N2C[C@@]3(C)NCC[C@H]3c3cc(C)ccc32)cc1,False,False,False
50462463,CC(C)c1ccccc1OCCN1CCC(CC1)NC(=O)Nc1ccc(F)cc1,201.0,Ki (nM),CC(C)c1ccccc1OCCN1CCC(NC(=O)Nc2ccc(F)cc2)CC1,False,False,False
51348371,Clc1ccc(cc1)N1CCN(CCCCCCN2C(=O)[C@H]3[C@@H]4CC[C@@H](C4)[C@H]3C2=O)CC1,202.0,Ki (nM),O=C1[C@@H]2[C@H]3CC[C@H](C3)[C@@H]2C(=O)N1CCCCCCN1CCN(c2ccc(Cl)cc2)CC1,False,False,False
51282091,Fc1ccccc1N1CCN(CCCCCCN2c3cccc4cccc(c34)S2(=O)=O)CC1,203.0,Ki (nM),O=S1(=O)c2cccc3cccc(c23)N1CCCCCCN1CCN(c2ccccc2F)CC1,False,False,False
51120119,Ic1cccc(OCCN2CCC(CC2)NS(=O)(=O)c2ccccc2)c1,203.0,Ki (nM),O=S(=O)(NC1CCN(CCOc2cccc(I)c2)CC1)c1ccccc1,False,False,False
50456077,O=C1N(CCCCCN2CCN(CC2)c2ccccc2)Cc2ccccc12,203.0,Ki (nM),O=C1c2ccccc2CN1CCCCCN1CCN(c2ccccc2)CC1,False,False,False
51120140,Brc1ccccc1S(=O)(=O)NC1CCN(CCOc2ccccc2)CC1,204.0,Ki (nM),O=S(=O)(NC1CCN(CCOc2ccccc2)CC1)c1ccccc1Br,False,False,False
51449136,Cc1ccc(cc1C)S(=O)(=O)CC1CCN(CCCc2noc3cc(F)ccc23)C1,204.0,Ki (nM),Cc1ccc(S(=O)(=O)CC2CCN(CCCc3noc4cc(F)ccc34)C2)cc1C,False,False,False
50958828,CCOc1ccccc1C(=O)NC1CCN(CCOc2ccccc2C(C)C)C1,204.0,Ki (nM),CCOc1ccccc1C(=O)NC1CCN(CCOc2ccccc2C(C)C)C1,False,False,False
51230284,COc1ccc2[nH]cc(CCNCc3ccc(o3)-c3ccc(O)cc3)c2c1,206.0,Ki (nM),COc1ccc2[nH]cc(CCNCc3ccc(-c4ccc(O)cc4)o3)c2c1,False,False,False
51126839,CN1CCN(CC1)C1=Nc2ccccc2Nc2sc(C)cc12,206.0,Ki (nM),Cc1cc2c(s1)Nc1ccccc1N=C2N1CCN(C)CC1,False,False,False
170541,c1ccc2c(c1)C(=O)N(C(=O)N2)CCN3CCC(CC3)C(=O)c4ccc(cc4)F,206.0,Ki (nM),O=C(c1ccc(F)cc1)C1CCN(CCn2c(=O)[nH]c3ccccc3c2=O)CC1,False,False,False
51366655,Fc1ccc(cc1)C(=O)CCCN1CCN(CC1)c1ccc(Cl)cn1,207.0,Ki (nM),O=C(CCCN1CCN(c2ccc(Cl)cn2)CC1)c1ccc(F)cc1,False,False,False
50719338,Clc1ccc(cc1)N1CCN(CC2CCN(CC2)S(=O)(=O)c2ccc3cccnc3c2)CC1,207.0,Ki (nM),O=S(=O)(c1ccc2cccnc2c1)N1CCC(CN2CCN(c3ccc(Cl)cc3)CC2)CC1,False,False,False
50714444,Fc1ccc(OCCCN2CCN(CC2)c2ccccn2)cc1,208.0,Ki (nM),Fc1ccc(OCCCN2CCN(c3ccccn3)CC2)cc1,False,False,False
51366671,Fc1ccc(cc1)C(=O)CCCN1CCN(CC1)c1ccc(Cl)cn1,209.0,Ki (nM),O=C(CCCN1CCN(c2ccc(Cl)cn2)CC1)c1ccc(F)cc1,False,False,False
50796226,O=S(=O)(N1CCC(CCN2CCN(CC2)c2ccccc2)CC1)c1cccc2ncccc12,209.0,Ki (nM),O=S(=O)(c1cccc2ncccc12)N1CCC(CCN2CCN(c3ccccc3)CC2)CC1,False,False,False
1465961,COc1cc(CCN)c(OC)cc1Br,209.5,Ki (nM),COc1cc(CCN)c(OC)cc1Br,False,False,False
282694,Cc1ccc(cc1C)-c1ccc(Cl)cc1OC1CNC1,209.99,Ki (nM),Cc1ccc(-c2ccc(Cl)cc2OC2CNC2)cc1C,False,False,False
282711,Cc1ccccc1-c1ccccc1C1CCNC1,209.99,Ki (nM),Cc1ccccc1-c1ccccc1C1CCNC1,False,False,False
223614,Cc1ccccc1-c1ccccc1C1CCNC1,209.99,Ki (nM),Cc1ccccc1-c1ccccc1C1CCNC1,False,False,False
223597,Cc1ccc(cc1C)-c1ccc(Cl)cc1OC1CNC1,209.99,Ki (nM),Cc1ccc(-c2ccc(Cl)cc2OC2CNC2)cc1C,False,False,False
792200,CC(Oc1ccc(Cl)cc1OC1CNC1)c1ccccc1C(F)(F)F,210.0,Ki (nM),CC(Oc1ccc(Cl)cc1OC1CNC1)c1ccccc1C(F)(F)F,False,False,False
50456615,COc1c(OCCF)cccc1C(=O)C1CCN(CCc2ccc(F)cc2)CC1,210.0,Ki (nM),COc1c(OCCF)cccc1C(=O)C1CCN(CCc2ccc(F)cc2)CC1,False,False,False
50082437,COc1ccccc1N1CCN(CCCN2C(=O)N(C)C(=O)C2(c2ccccc2)c2ccccc2)CC1,210.0,Ki (nM),COc1ccccc1N1CCN(CCCN2C(=O)N(C)C(=O)C2(c2ccccc2)c2ccccc2)CC1,False,False,False
792238,CCC(Oc1ccc(Cl)cc1OC1CNC1)c1ccccc1,211.0,Ki (nM),CCC(Oc1ccc(Cl)cc1OC1CNC1)c1ccccc1,False,False,False
50938122,C(CCc1nc2ccccc2s1)CN1Cc2ccccc2C1,211.0,Ki (nM),c1ccc2c(c1)CN(CCCCc1nc3ccccc3s1)C2,False,False,False
50302221,Cc1sc2ncn(CCCCCN3CCN(CC3)c3ccc(Cl)cc3)c(=O)c2c1C,213.0,Ki (nM),Cc1sc2ncn(CCCCCN3CCN(c4ccc(Cl)cc4)CC3)c(=O)c2c1C,False,False,False
51031561,COc1ccccc1N1CCN(CC(O)CN2C(=O)NC(C)(C2=O)c2ccccc2F)CC1,213.0,Ki (nM),COc1ccccc1N1CCN(CC(O)CN2C(=O)NC(C)(c3ccccc3F)C2=O)CC1,False,False,False
51120135,FC(F)(F)c1ccccc1OCCN1CCC(CC1)NS(=O)(=O)c1ccccc1,213.0,Ki (nM),O=S(=O)(NC1CCN(CCOc2ccccc2C(F)(F)F)CC1)c1ccccc1,False,False,False
51105862,CC(C)c1ccccc1OCC(O)CN1CCC(CC1)NS(=O)(=O)c1cccc(F)c1,213.0,Ki (nM),CC(C)c1ccccc1OCC(O)CN1CCC(NS(=O)(=O)c2cccc(F)c2)CC1,False,False,False
50180210,Fc1ccccc1N1CCN(Cc2c[nH]c3ncccc23)CC1,213.0,Ki (nM),Fc1ccccc1N1CCN(Cc2c[nH]c3ncccc23)CC1,False,False,False
160299,c1ccc(cc1)N2CNC(=O)C23CCN(CC3)CCCC(=O)c4ccc(cc4)F,213.79,Ki (nM),O=C(CCCN1CCC2(CC1)C(=O)NCN2c1ccccc1)c1ccc(F)cc1,False,False,False
51366660,Fc1ccc(cc1)C(=O)CCCN1CCCN(CC1)c1ccc(Cl)cn1,214.0,Ki (nM),O=C(CCCN1CCCN(c2ccc(Cl)cn2)CC1)c1ccc(F)cc1,False,False,False
51366676,Fc1ccc(cc1)C(=O)CCCN1CCCN(CC1)c1ccc(Cl)cn1,214.0,Ki (nM),O=C(CCCN1CCCN(c2ccc(Cl)cn2)CC1)c1ccc(F)cc1,False,False,False
50433127,CC(C)c1ccccc1N1CCN(CCCCCC(=O)NCc2ccccc2)CC1,215.0,Ki (nM),CC(C)c1ccccc1N1CCN(CCCCCC(=O)NCc2ccccc2)CC1,False,False,False
792231,FCC(Oc1ccc(Cl)cc1OC1CNC1)c1ccccc1,215.0,Ki (nM),FCC(Oc1ccc(Cl)cc1OC1CNC1)c1ccccc1,False,False,False
50073068,COc1ccccc1N1CCN(Cc2ccccc2-c2cccc(Cl)c2)CC1,219.0,Ki (nM),COc1ccccc1N1CCN(Cc2ccccc2-c2cccc(Cl)c2)CC1,False,False,False
51364339,Cc1c(sc2ccc(Cl)cc12)S(=O)(=O)N[C@H]1CCN(CCCc2noc3ccccc23)C1,219.0,Ki (nM),Cc1c(S(=O)(=O)N[C@H]2CCN(CCCc3noc4ccccc34)C2)sc2ccc(Cl)cc12,False,False,False
50076033,COc1ccccc1N1CCN(Cc2ccccc2-c2cccc(Cl)c2)CC1,219.0,Ki (nM),COc1ccccc1N1CCN(Cc2ccccc2-c2cccc(Cl)c2)CC1,False,False,False
153905,COc1cccc(OC)c1OCCNCC1Oc2ccccc2OC1c1ccccc1,220.0,Ki (nM),COc1cccc(OC)c1OCCNCC1Oc2ccccc2OC1c1ccccc1,False,False,False
178581,Cc1c(O)ccc(N2CCN(CCCCOc3ccc4CCC(=O)Nc4c3)CC2)c1C,220.0,Ki (nM),Cc1c(O)ccc(N2CCN(CCCCOc3ccc4c(c3)NC(=O)CC4)CC2)c1C,False,False,False
50073045,COc1ccccc1N1CCN(Cc2ccccc2-c2ccc(Cl)cc2)CC1,220.0,Ki (nM),COc1ccccc1N1CCN(Cc2ccccc2-c2ccc(Cl)cc2)CC1,False,False,False
50076032,COc1ccccc1N1CCN(Cc2ccccc2-c2ccc(Cl)cc2)CC1,220.0,Ki (nM),COc1ccccc1N1CCN(Cc2ccccc2-c2ccc(Cl)cc2)CC1,False,False,False
50617355,C(c1ccccc1)n1cc(c2CNCCc12)-c1ccccc1,220.0,Ki (nM),c1ccc(Cn2cc(-c3ccccc3)c3c2CCNC3)cc1,False,False,False
51408593,Nc1ccc(CCCCN2CCN(CC2)c2ccccn2)cc1,222.0,Ki (nM),Nc1ccc(CCCCN2CCN(c3ccccn3)CC2)cc1,False,False,False
51408615,Nc1ccc(CCCCN2CCN(CC2)c2ccccn2)cc1,222.0,Ki (nM),Nc1ccc(CCCCN2CCN(c3ccccn3)CC2)cc1,False,False,False
50474304,CC1(NC(=O)N(CC(O)CN2CCN(CC2)c2ccccc2)C1=O)c1ccc(F)cc1,223.0,Ki (nM),CC1(c2ccc(F)cc2)NC(=O)N(CC(O)CN2CCN(c3ccccc3)CC2)C1=O,False,False,False
50081691,NC(=O)[C@@H]1Cc2ccccc2CN1C(=O)CCCCN1CCN(CC1)c1ccc(Cl)cc1,223.0,Ki (nM),NC(=O)[C@@H]1Cc2ccccc2CN1C(=O)CCCCN1CCN(c2ccc(Cl)cc2)CC1,False,False,False
50433126,COc1ccccc1N1CCN(CCCCCC(=O)NCc2ccccc2)CC1,224.0,Ki (nM),COc1ccccc1N1CCN(CCCCCC(=O)NCc2ccccc2)CC1,False,False,False
51155749,NC(=O)C1(CCN(CCCCC23CCCc4cccc(NC2=O)c34)CC1)c1ccccc1,224.0,Ki (nM),NC(=O)C1(c2ccccc2)CCN(CCCCC23CCCc4cccc(c42)NC3=O)CC1,False,False,False
50703471,O=S(=O)(NCCCCN1CCc2ccccc2C1)c1ccc2ncccc2c1,224.0,Ki (nM),O=S(=O)(NCCCCN1CCc2ccccc2C1)c1ccc2ncccc2c1,False,False,False
51418972,COc1cccc(c1)-c1n[nH]cc1N1CCNCC1,224.0,Ki (nM),COc1cccc(-c2n[nH]cc2N2CCNCC2)c1,False,False,False
50180012,Clc1ccc(cc1)N1CCN(Cc2c[nH]c3ncccc23)CC1,226.0,Ki (nM),Clc1ccc(N2CCN(Cc3c[nH]c4ncccc34)CC2)cc1,False,False,False
50096603,CN(CCCCCCN1CCC(CC1)c1ccccc1)c1cccc(O)c1,226.0,Ki (nM),CN(CCCCCCN1CCC(c2ccccc2)CC1)c1cccc(O)c1,False,False,False
792550,Clc1ccc(C(=O)c2ccc3OCOc3c2)c(OC2CNC2)c1,226.0,Ki (nM),O=C(c1ccc2c(c1)OCO2)c1ccc(Cl)cc1OC1CNC1,False,False,False
51418971,COc1cccc(c1)-c1n[nH]cc1N1CCNCC1,226.0,Ki (nM),COc1cccc(-c2n[nH]cc2N2CCNCC2)c1,False,False,False
51146146,Fc1ccc2c(noc2c1)C1CCN(CCCCC(=O)c2cc3CCN4c3c(CCC4=O)c2)CC1,226.0,Ki (nM),O=C(CCCCN1CCC(c2noc3cc(F)ccc23)CC1)c1cc2c3c(c1)CCN3C(=O)CC2,False,False,False
50534669,CNCc1cccc(c1)-c1ccccc1OC,226.0,Ki (nM),CNCc1cccc(-c2ccccc2OC)c1,False,False,False
50703470,O=S(=O)(NCCCCN1CCc2ccccc2C1)c1cnc2ccccc2c1,228.0,Ki (nM),O=S(=O)(NCCCCN1CCc2ccccc2C1)c1cnc2ccccc2c1,False,False,False
50302292,O=c1[nH]c(CCCCCN2CCN(CC2)c2ccccc2)nc2ccccc12,228.0,Ki (nM),O=c1[nH]c(CCCCCN2CCN(c3ccccc3)CC2)nc2ccccc12,False,False,False
51120129,Brc1cccc(OCCN2CCC(CC2)NS(=O)(=O)c2ccccc2Br)c1,228.0,Ki (nM),O=S(=O)(NC1CCN(CCOc2cccc(Br)c2)CC1)c1ccccc1Br,False,False,False
50938105,C(CCc1nc2ccccc2s1)CN1CCN(CC1)c1ncccn1,228.9,Ki (nM),c1cnc(N2CCN(CCCCc3nc4ccccc4s3)CC2)nc1,False,False,False
792014,CS(=O)(=O)c1cccc(COc2ccc(Cl)cc2OC2CNC2)c1,229.0,Ki (nM),CS(=O)(=O)c1cccc(COc2ccc(Cl)cc2OC2CNC2)c1,False,False,False
50289707,NC(=O)c1ccccc1N1CCN(CCCCCC(=O)NC2CCCc3ccccc23)CC1,229.0,Ki (nM),NC(=O)c1ccccc1N1CCN(CCCCCC(=O)NC2CCCc3ccccc32)CC1,False,False,False
38648,NC(=O)c1ccccc1N1CCN(CCCCCC(=O)NC2CCCc3ccccc23)CC1,229.0,Ki (nM),NC(=O)c1ccccc1N1CCN(CCCCCC(=O)NC2CCCc3ccccc32)CC1,False,False,False
51364370,Clc1ccc2cc(sc2c1)S(=O)(=O)N[C@@H]1CCN(CCCc2noc3ccccc23)C1,229.0,Ki (nM),O=S(=O)(N[C@@H]1CCN(CCCc2noc3ccccc23)C1)c1cc2ccc(Cl)cc2s1,False,False,False
51364369,Cc1ccc2sc(cc2c1)S(=O)(=O)N[C@@H]1CCN(CCCc2noc3ccccc23)C1,229.0,Ki (nM),Cc1ccc2sc(S(=O)(=O)N[C@@H]3CCN(CCCc4noc5ccccc45)C3)cc2c1,False,False,False
51489102,COc1cc2ncnc(N3CCC(CN4CCN(CC4)c4cccc(c4)C(F)(F)F)C3)c2cc1OC,229.0,Ki (nM),COc1cc2ncnc(N3CCC(CN4CCN(c5cccc(C(F)(F)F)c5)CC4)C3)c2cc1OC,False,False,False
50333391,Cn1c2nc3n(CCCCCN4CCN(CC4)c4ccccc4O)ccn3c2c(=O)n(C)c1=O,230.0,Ki (nM),Cn1c(=O)c2c(nc3n(CCCCCN4CCN(c5ccccc5O)CC4)ccn23)n(C)c1=O,False,False,False
792227,CCC(Oc1ccc(Cl)cc1OC1CNC1)c1cccc(c1)C(F)(F)F,230.0,Ki (nM),CCC(Oc1ccc(Cl)cc1OC1CNC1)c1cccc(C(F)(F)F)c1,False,False,False
51223543,Clc1cccc(c1)N1CCN(CCCCCCN2C(=O)c3ccccc3S2(=O)=O)CC1,233.0,Ki (nM),O=C1c2ccccc2S(=O)(=O)N1CCCCCCN1CCN(c2cccc(Cl)c2)CC1,False,False,False
792450,Cc1noc(COc2ccc(Cl)cc2OC2CNC2)n1,233.0,Ki (nM),Cc1noc(COc2ccc(Cl)cc2OC2CNC2)n1,False,False,False
50474292,CC1(NC(=O)N(CC(O)CN2CCN(CC2)c2ccccc2F)C1=O)c1ccc(F)cc1,234.0,Ki (nM),CC1(c2ccc(F)cc2)NC(=O)N(CC(O)CN2CCN(c3ccccc3F)CC2)C1=O,False,False,False
51489100,COc1cccc(c1)N1CCN(CC2CCN(C2)c2ncnc3cc(OC)c(OC)cc23)CC1,234.0,Ki (nM),COc1cccc(N2CCN(CC3CCN(c4ncnc5cc(OC)c(OC)cc45)C3)CC2)c1,False,False,False
50703464,NCCCN(CCCCN1CCc2ccccc2C1)S(=O)(=O)c1ccccc1,235.0,Ki (nM),NCCCN(CCCCN1CCc2ccccc2C1)S(=O)(=O)c1ccccc1,False,False,False
170586,FC(F)(F)c1cccc(c1)N1CCNCC1,236.0,Ki (nM),FC(F)(F)c1cccc(N2CCNCC2)c1,False,False,False
792124,Clc1ccc(OCc2cnco2)c(OC2CNC2)c1,240.0,Ki (nM),Clc1ccc(OCc2cnco2)c(OC2CNC2)c1,False,False,False
51463778,CN1CCC(CC1)c1c[nH]c2ccc(NC(C)=O)nc12,,Ki (nM),CC(=O)Nc1ccc2[nH]cc(C3CCN(C)CC3)c2n1,False,False,False
50817652,Fc1ccc2[nH]cc(C3=CCN(CCCCNS(=O)(=O)c4ccc5ccccc5c4)CC3)c2c1,240.0,Ki (nM),O=S(=O)(NCCCCN1CC=C(c2c[nH]c3ccc(F)cc23)CC1)c1ccc2ccccc2c1,False,False,False
51337066,CN(C)C1CCc2c(C1)cccc2C1CCCC1,240.0,Ki (nM),CN(C)C1CCc2c(cccc2C2CCCC2)C1,False,False,False
182553,CCCN(C(C)C)[C@H]1COc2cccc(C(=O)NC(C)C)c2C1,240.0,Ki (nM),CCCN(C(C)C)[C@H]1COc2cccc(C(=O)NC(C)C)c2C1,False,False,False
153855,c1cc(c(cc1CCN)O)O,240.0,Ki (nM),NCCc1ccc(O)c(O)c1,False,False,False
173521,c1cc(ccc1C(=O)CCCN2CCC(CC2)(c3ccc(cc3)Cl)O)F,241.2,Ki (nM),O=C(CCCN1CCC(O)(c2ccc(Cl)cc2)CC1)c1ccc(F)cc1,False,False,False
50938127,O=C(CCCCN1Cc2ccccc2C1)c1nc2ccccc2s1,242.0,Ki (nM),O=C(CCCCN1Cc2ccccc2C1)c1nc2ccccc2s1,False,False,False
50096608,CN(CCCN1CCC(CC1)(c1ccccc1)c1ccccc1)c1cccc(O)c1,242.0,Ki (nM),CN(CCCN1CCC(c2ccccc2)(c2ccccc2)CC1)c1cccc(O)c1,False,False,False
50963757,COc1ccccc1N1CCNCC1,243.0,Ki (nM),COc1ccccc1N1CCNCC1,False,False,False
51501126,Clc1cccc(N2CCN(CCCCCCn3nc4ccccn4c3=O)CC2)c1Cl,243.0,Ki (nM),O=c1n(CCCCCCN2CCN(c3cccc(Cl)c3Cl)CC2)nc2ccccn12,False,False,False
53789,O=c1[nH]c2ccccc2n1CCCN1CCN(CC1)c1ccccc1,243.0,Ki (nM),O=c1[nH]c2ccccc2n1CCCN1CCN(c2ccccc2)CC1,False,False,False
170495,COc1ccccc1N1CCNCC1,243.0,Ki (nM),COc1ccccc1N1CCNCC1,False,False,False
51364351,Clc1ccc2cc(ccc2c1)S(=O)(=O)N[C@H]1CCN(CCCc2noc3ccccc23)C1,245.0,Ki (nM),O=S(=O)(N[C@H]1CCN(CCCc2noc3ccccc23)C1)c1ccc2cc(Cl)ccc2c1,False,False,False
51037322,Clc1ccccc1N1CCN(CCN2CCC3(C2)C(=O)Nc2ccccc32)CC1,245.0,Ki (nM),O=C1Nc2ccccc2C12CCN(CCN1CCN(c3ccccc3Cl)CC1)C2,False,False,False
51481382,COc1cc(OC)c(cc1OC)C1NCCc2c1[nH]c1ccc(F)cc21,249.0,Ki (nM),COc1cc(OC)c(C2NCCc3c2[nH]c2ccc(F)cc32)cc1OC,False,False,False
223571,COc1ccc(cc1OC1CNC1)-c1ccc(C)c(C)c1,249.98,Ki (nM),COc1ccc(-c2ccc(C)c(C)c2)cc1OC1CNC1,False,False,False
282668,COc1ccc(cc1OC1CNC1)-c1ccc(C)c(C)c1,249.98,Ki (nM),COc1ccc(-c2ccc(C)c(C)c2)cc1OC1CNC1,False,False,False
792078,Clc1ccc(OCc2ccccc2Cl)c(O[C@@H]2CCNC2)c1,250.0,Ki (nM),Clc1ccc(OCc2ccccc2Cl)c(O[C@@H]2CCNC2)c1,False,False,False
50456085,O=C1Cc2ccccc2N1C\C=C/CN1CCN(CC1)c1cccc2ccccc12,250.0,Ki (nM),O=C1Cc2ccccc2N1C/C=C\CN1CCN(c2cccc3ccccc23)CC1,False,False,False
50617374,CCN1CCc2c(C1)c(cn2Cc1ccccc1)-c1ccc(Cl)cc1,250.0,Ki (nM),CCN1CCc2c(c(-c3ccc(Cl)cc3)cn2Cc2ccccc2)C1,False,False,False
51282095,COc1ccccc1N1CCN(CCCCCN2c3cccc4cccc(c34)S2(=O)=O)CC1,251.0,Ki (nM),COc1ccccc1N1CCN(CCCCCN2c3cccc4cccc(c34)S2(=O)=O)CC1,False,False,False
51418962,COc1ccccc1-c1n[nH]cc1N1CCCNCC1,251.0,Ki (nM),COc1ccccc1-c1n[nH]cc1N1CCCNCC1,False,False,False
51158072,COc1ccccc1N1CCN(CCCCCN2c3cccc4cccc(c34)S2(=O)=O)CC1,251.0,Ki (nM),COc1ccccc1N1CCN(CCCCCN2c3cccc4cccc(c34)S2(=O)=O)CC1,False,False,False
50300649,CN(C)C[C@H]1CC2[C@H](O1)c1cc(Cl)ccc1Oc1ccccc21,251.0,Ki (nM),CN(C)C[C@H]1CC2c3ccccc3Oc3ccc(Cl)cc3[C@H]2O1,False,False,False
51489097,COc1cc2ncnc(N3CCC(CN4CCN(CC4)c4ccccc4)C3)c2cc1OC,251.0,Ki (nM),COc1cc2ncnc(N3CCC(CN4CCN(c5ccccc5)CC4)C3)c2cc1OC,False,False,False
50468106,O=C(CCCCCN1CCC(Cc2ccccc2)CC1)n1c2ccccc2c2ccccc12,251.0,Ki (nM),O=C(CCCCCN1CCC(Cc2ccccc2)CC1)n1c2ccccc2c2ccccc21,False,False,False
50984883,COc1ccccc1N1CCN(CCCCCN2c3cccc4cccc(c34)S2(=O)=O)CC1,251.0,Ki (nM),COc1ccccc1N1CCN(CCCCCN2c3cccc4cccc(c34)S2(=O)=O)CC1,False,False,False
170584,CNS(=O)(=O)Cc1ccc2[nH]cc(CCN(C)C)c2c1,251.0,Ki (nM),CNS(=O)(=O)Cc1ccc2[nH]cc(CCN(C)C)c2c1,False,False,False
162666,CCCN(CCC)C1CCc2cccc(O)c2C1,251.18,Ki (nM),CCCN(CCC)C1CCc2cccc(O)c2C1,False,False,False
159689,CNS(=O)(=O)Cc1ccc2[nH]cc(CCN(C)C)c2c1,251.18,Ki (nM),CNS(=O)(=O)Cc1ccc2[nH]cc(CCN(C)C)c2c1,False,False,False
181975,Clc1cccc(c1)N1CCNCC1,251.19,Ki (nM),Clc1cccc(N2CCNCC2)c1,False,False,False
178036,CCCN(CCC)C1CCc2cccc(O)c2C1,251.19,Ki (nM),CCCN(CCC)C1CCc2cccc(O)c2C1,False,False,False
51418961,COc1ccccc1-c1n[nH]cc1N1CCCNCC1,252.0,Ki (nM),COc1ccccc1-c1n[nH]cc1N1CCCNCC1,False,False,False
792251,Cc1ccc2CCC(Oc3ccc(Br)cc3OC3CNC3)c2c1,252.0,Ki (nM),Cc1ccc2c(c1)C(Oc1ccc(Br)cc1OC1CNC1)CC2,False,False,False
50096580,Oc1cccc(NCCN2CCN(CC2)c2ccccc2)c1,252.0,Ki (nM),Oc1cccc(NCCN2CCN(c3ccccc3)CC2)c1,False,False,False
50468107,O=C(CCCCCN1CCC(Cc2ccccc2)CC1)n1c2ccccc2c2ccccc12,252.0,Ki (nM),O=C(CCCCCN1CCC(Cc2ccccc2)CC1)n1c2ccccc2c2ccccc21,False,False,False
792451,Clc1ccc(OCc2nc(no2)C2CCC2)c(OC2CNC2)c1,252.0,Ki (nM),Clc1ccc(OCc2nc(C3CCC3)no2)c(OC2CNC2)c1,False,False,False
50387106,COc1ccccc1N1CCN(CCc2cccc(OCCCCCCCCCCCCOc3cccc(CCN4CCN(CC4)c4ccccc4OC)c3)c2)CC1,253.0,Ki (nM),COc1ccccc1N1CCN(CCc2cccc(OCCCCCCCCCCCCOc3cccc(CCN4CCN(c5ccccc5OC)CC4)c3)c2)CC1,False,False,False
854075,Clc1cccc(N2CCN(CCCOc3ccc4CCNC(=O)c4c3)CC2)c1Cl,254.0,Ki (nM),O=C1NCCc2ccc(OCCCN3CCN(c4cccc(Cl)c4Cl)CC3)cc21,False,False,False
51399275,COc1ccccc1N1CCN(CCCCCC(=O)Nc2ccccc2O)CC1,254.0,Ki (nM),COc1ccccc1N1CCN(CCCCCC(=O)Nc2ccccc2O)CC1,False,False,False
50520268,Fc1ccc(cc1)-c1ncccc1N1CCN(CCOCCC(=O)NCc2ccc(cc2)C(F)(F)F)CC1,254.0,Ki (nM),O=C(CCOCCN1CCN(c2cccnc2-c2ccc(F)cc2)CC1)NCc1ccc(C(F)(F)F)cc1,False,False,False
170550,Clc1cccc(c1)N1CCNCC1,256.0,Ki (nM),Clc1cccc(N2CCNCC2)c1,False,False,False
50590864,Cc1c(NC2=NCCN2)cccc1-c1cccnc1,257.0,Ki (nM),Cc1c(NC2=NCCN2)cccc1-c1cccnc1,False,False,False
50524872,Clc1ccc(cc1)C(=O)CCCN1CCCc2ccccc2C1,257.0,Ki (nM),O=C(CCCN1CCCc2ccccc2C1)c1ccc(Cl)cc1,False,False,False
51501131,Clc1cccc(c1)N1CCN(CC2CCC(Cn3nc4ccccn4c3=O)CC2)CC1,257.0,Ki (nM),O=c1n(CC2CCC(CN3CCN(c4cccc(Cl)c4)CC3)CC2)nc2ccccn12,False,False,False
50525101,Clc1ccc(cc1)C(=O)CCCN1CCCc2ccccc2C1,257.0,Ki (nM),O=C(CCCN1CCCc2ccccc2C1)c1ccc(Cl)cc1,False,False,False
160236,NCCc1c[nH]c2ccc(OCc3ccccc3)cc12,257.03,Ki (nM),NCCc1c[nH]c2ccc(OCc3ccccc3)cc12,False,False,False
51223544,Clc1ccc(cc1Cl)N1CCN(CCCCCCN2C(=O)c3ccccc3S2(=O)=O)CC1,258.0,Ki (nM),O=C1c2ccccc2S(=O)(=O)N1CCCCCCN1CCN(c2ccc(Cl)c(Cl)c2)CC1,False,False,False
51120167,Ic1ccccc1S(=O)(=O)NC1CCN(CCOc2ccccc2)CC1,258.0,Ki (nM),O=S(=O)(NC1CCN(CCOc2ccccc2)CC1)c1ccccc1I,False,False,False
50387103,COc1ccccc1N1CCN(CCc2cccc(OCCCCCCCCCCOc3cccc(CCN4CCN(CC4)c4ccccc4OC)c3)c2)CC1,258.0,Ki (nM),COc1ccccc1N1CCN(CCc2cccc(OCCCCCCCCCCOc3cccc(CCN4CCN(c5ccccc5OC)CC4)c3)c2)CC1,False,False,False
50520341,OCCOc1ccc(CNC(=O)CCCCCN2CCN(CC2)c2ccccc2-c2ccccc2)cc1,259.0,Ki (nM),O=C(CCCCCN1CCN(c2ccccc2-c2ccccc2)CC1)NCc1ccc(OCCO)cc1,False,False,False
51463777,CN(C)CCc1c(C)[nH]c2ccc(NC(=O)c3ccc(F)cc3)cc12,,Ki (nM),Cc1[nH]c2ccc(NC(=O)c3ccc(F)cc3)cc2c1CCN(C)C,False,False,False
1423508,O=c1[nH]c2ccccc2n1CCCCCN1CCN(CC1)c1ncncn1,260.0,Ki (nM),O=c1[nH]c2ccccc2n1CCCCCN1CCN(c2ncncn2)CC1,False,False,False
792136,Clc1cccc(COc2cc(Cl)ccc2O[C@@H]2CCNC2)c1,260.0,Ki (nM),Clc1cccc(COc2cc(Cl)ccc2O[C@@H]2CCNC2)c1,False,False,False
51399273,CCC(C)c1ccc(NC(=O)CCCCCN2CCN(CC2)c2ccccc2OC)cc1,260.0,Ki (nM),CCC(C)c1ccc(NC(=O)CCCCCN2CCN(c3ccccc3OC)CC2)cc1,False,False,False
50407436,COc1ccc(NS(=O)(=O)c2sc3ccc(Cl)cc3c2C)cc1N1CCNCC1,260.0,Ki (nM),COc1ccc(NS(=O)(=O)c2sc3ccc(Cl)cc3c2C)cc1N1CCNCC1,False,False,False
792066,Clc1ccc(OCc2ccncc2)c(OC2CNC2)c1,260.0,Ki (nM),Clc1ccc(OCc2ccncc2)c(OC2CNC2)c1,False,False,False
175517,c1cc(ccc1C(=O)CCCN2CCC(CC2)(c3ccc(cc3)Cl)O)F,260.0,Ki (nM),O=C(CCCN1CCC(O)(c2ccc(Cl)cc2)CC1)c1ccc(F)cc1,False,False,False
50812949,OC1(CCN(CCCC(=O)c2ccc(F)cc2)CC1)c1ccc(Cl)cc1,263.0,Ki (nM),O=C(CCCN1CCC(O)(c2ccc(Cl)cc2)CC1)c1ccc(F)cc1,False,False,False
161674,c1cc(ccc1C(=O)CCCN2CCC(CC2)(c3ccc(cc3)Cl)O)F,263.0,Ki (nM),O=C(CCCN1CCC(O)(c2ccc(Cl)cc2)CC1)c1ccc(F)cc1,False,False,False
792452,Clc1ccc(OCc2nc(no2)C2CC2)c(OC2CNC2)c1,263.0,Ki (nM),Clc1ccc(OCc2nc(C3CC3)no2)c(OC2CNC2)c1,False,False,False
50462464,CC(C)c1ccccc1OCCN1CCC(CC1)NC(=O)Nc1cccc(Cl)c1,264.0,Ki (nM),CC(C)c1ccccc1OCCN1CCC(NC(=O)Nc2cccc(Cl)c2)CC1,False,False,False
50812918,CCc1c(C)[nH]c2CCC(CN3CCOCC3)C(=O)c12,265.0,Ki (nM),CCc1c(C)[nH]c2c1C(=O)C(CN1CCOCC1)CC2,False,False,False
50571440,OC(CNCC1COc2ccccc2O1)COCc1ccccc1Cl,265.0,Ki (nM),OC(CNCC1COc2ccccc2O1)COCc1ccccc1Cl,False,False,False
50300615,CN1CCN2C(C1)c1ccccc1Cc1cccnc21,265.0,Ki (nM),CN1CCN2c3ncccc3Cc3ccccc3C2C1,False,False,False
161678,CCc1c(C)[nH]c2CCC(CN3CCOCC3)C(=O)c12,265.0,Ki (nM),CCc1c(C)[nH]c2c1C(=O)C(CN1CCOCC1)CC2,False,False,False
170542,c1ccc2c(c1)C(=O)N(C(=O)N2)CCN3CCC(CC3)C(=O)c4ccc(cc4)F,265.0,Ki (nM),O=C(c1ccc(F)cc1)C1CCN(CCn2c(=O)[nH]c3ccccc3c2=O)CC1,False,False,False
50524925,O=C1C(CCN2CCc3ccccc3C2)Cc2ccccc12,265.0,Ki (nM),O=C1c2ccccc2CC1CCN1CCc2ccccc2C1,False,False,False
51282016,COc1ccccc1N1CCN(CCCCCCN2C(=O)c3cccc4cccc(C2=O)c34)CC1,266.0,Ki (nM),COc1ccccc1N1CCN(CCCCCCN2C(=O)c3cccc4cccc(c34)C2=O)CC1,False,False,False
51366668,Fc1ccc(CCCCN2CCN(CC2)c2cccnc2)cc1,267.0,Ki (nM),Fc1ccc(CCCCN2CCN(c3cccnc3)CC2)cc1,False,False,False
50703462,NCCN(CCCN1CCc2ccccc2C1)S(=O)(=O)c1ccccc1,267.0,Ki (nM),NCCN(CCCN1CCc2ccccc2C1)S(=O)(=O)c1ccccc1,False,False,False
51366683,Fc1ccc(CCCCN2CCN(CC2)c2cccnc2)cc1,267.0,Ki (nM),Fc1ccc(CCCCN2CCN(c3cccnc3)CC2)cc1,False,False,False
50845984,CCCOc1nc2n(C)c(=O)n(C)c(=O)c2n1CCCN1CCN(CC1)c1cccc(Cl)c1,267.0,Ki (nM),CCCOc1nc2c(c(=O)n(C)c(=O)n2C)n1CCCN1CCN(c2cccc(Cl)c2)CC1,False,False,False
51366662,Fc1ccc2CC(CCN3CCCN(CC3)c3ccccn3)Cc2c1,267.0,Ki (nM),Fc1ccc2c(c1)CC(CCN1CCCN(c3ccccn3)CC1)C2,False,False,False
53786,COc1ccc(cc1)-n1c2ccccc2n(CCCCN2CCN(CC2)c2ccccc2OC)c1=O,267.0,Ki (nM),COc1ccc(-n2c(=O)n(CCCCN3CCN(c4ccccc4OC)CC3)c3ccccc32)cc1,False,False,False
50289705,COc1cccc2C(CCCc12)NC(=O)CCN1CCN(CC1)c1ccccc1OC,269.0,Ki (nM),COc1ccccc1N1CCN(CCC(=O)NC2CCCc3c(OC)cccc32)CC1,False,False,False
51366678,Fc1ccc2CC(CCN3CCCN(CC3)c3ccccn3)Cc2c1,269.0,Ki (nM),Fc1ccc2c(c1)CC(CCN1CCCN(c3ccccn3)CC1)C2,False,False,False
792094,Clc1ccc(OC2CCCC2)c(OC2CNC2)c1,270.0,Ki (nM),Clc1ccc(OC2CCCC2)c(OC2CNC2)c1,False,False,False
50703457,O=S(=O)(NCCCN1CCc2ccccc2C1)c1ccccc1,270.0,Ki (nM),O=S(=O)(NCCCN1CCc2ccccc2C1)c1ccccc1,False,False,False
50102329,FC(F)(F)Oc1ccc(cc1)S(=O)(=O)NCCCCN1CCN(CC1)c1noc2ccccc12,270.0,Ki (nM),O=S(=O)(NCCCCN1CCN(c2noc3ccccc23)CC1)c1ccc(OC(F)(F)F)cc1,False,False,False
153876,CCN(CC)C(=O)[C@H]1CN([C@@H]2Cc3c[nH]c4c3c(ccc4)C2=C1)C,270.0,Ki (nM),CCN(CC)C(=O)[C@@H]1C=C2c3cccc4[nH]cc(c34)C[C@H]2N(C)C1,False,False,False
51501129,O=c1n(CCCCCCN2CCN(CC2)c2cccc3OCCOc23)nc2ccccn12,271.0,Ki (nM),O=c1n(CCCCCCN2CCN(c3cccc4c3OCCO4)CC2)nc2ccccn12,False,False,False
51408592,Nc1ccc(cc1)C(=O)CCCN1CCN(CC1)c1ccccn1,273.0,Ki (nM),Nc1ccc(C(=O)CCCN2CCN(c3ccccn3)CC2)cc1,False,False,False
51408614,Nc1ccc(cc1)C(=O)CCCN1CCN(CC1)c1ccccn1,273.0,Ki (nM),Nc1ccc(C(=O)CCCN2CCN(c3ccccn3)CC2)cc1,False,False,False
792453,CC(C)c1noc(COc2ccc(Cl)cc2OC2CNC2)n1,273.0,Ki (nM),CC(C)c1noc(COc2ccc(Cl)cc2OC2CNC2)n1,False,False,False
51285684,CCn1cncc1-c1c[nH]c2ccc(OC(F)(F)F)cc12,273.0,Ki (nM),CCn1cncc1-c1c[nH]c2ccc(OC(F)(F)F)cc12,False,False,False
50090998,CC(C)c1noc(COc2ccc(Cl)cc2OC2CNC2)n1,273.0,Ki (nM),CC(C)c1noc(COc2ccc(Cl)cc2OC2CNC2)n1,False,False,False
51037336,Fc1ccc(cc1)C1CCN(CCN2CCC3(C2)C(=O)Nc2ccccc32)CC1,275.0,Ki (nM),O=C1Nc2ccccc2C12CCN(CCN1CCC(c3ccc(F)cc3)CC1)C2,False,False,False
50653124,COc1ccccc1N1CCN(CCCCn2cnc3c4ccccc4ncc3c2=O)CC1,276.0,Ki (nM),COc1ccccc1N1CCN(CCCCn2cnc3c(cnc4ccccc43)c2=O)CC1,False,False,False
50884985,Cc1cccc(c1)S(=O)(=O)NCCCN=C(N)N1CCC(CC1)c1ccccc1,276.0,Ki (nM),Cc1cccc(S(=O)(=O)NCCCN=C(N)N2CCC(c3ccccc3)CC2)c1,False,False,False
50958824,O=C(NC1CCN(CCOc2ccccc2-c2ccccc2)CC1)c1cccs1,276.0,Ki (nM),O=C(NC1CCN(CCOc2ccccc2-c2ccccc2)CC1)c1cccs1,False,False,False
50551175,Cc1nc(OCCCCCN2CCN(CC2)c2ccccc2)c2ccccc2n1,276.0,Ki (nM),Cc1nc(OCCCCCN2CCN(c3ccccc3)CC2)c2ccccc2n1,False,False,False
38662,O=C(CCCCCN1CCN(CC1)c1ccccn1)NC1CCCc2ccccc12,278.0,Ki (nM),O=C(CCCCCN1CCN(c2ccccn2)CC1)NC1CCCc2ccccc21,False,False,False
51501150,Clc1cccc(c1)N1CCN(CCCCCCn2nc3ccccn3c2=O)CC1,278.0,Ki (nM),O=c1n(CCCCCCN2CCN(c3cccc(Cl)c3)CC2)nc2ccccn12,False,False,False
51282093,Clc1ccc(cc1)N1CCN(CCCCCCN2c3cccc4cccc(c34)S2(=O)=O)CC1,280.0,Ki (nM),O=S1(=O)c2cccc3cccc(c23)N1CCCCCCN1CCN(c2ccc(Cl)cc2)CC1,False,False,False
51513073,CC1=NCCc2c1[nH]c1ccccc21,280.0,Ki (nM),CC1=NCCc2c1[nH]c1ccccc21,False,False,False
50250071,CC1=NCCc2c1[nH]c1ccccc21,280.0,Ki (nM),CC1=NCCc2c1[nH]c1ccccc21,False,False,False
51135968,OC1(CCN(CCCC(c2ccc(F)cc2)c2ccc(F)cc2)CC1)c1ccc(Cl)c(c1)C(F)(F)F,280.0,Ki (nM),OC1(c2ccc(Cl)c(C(F)(F)F)c2)CCN(CCCC(c2ccc(F)cc2)c2ccc(F)cc2)CC1,False,False,False
51489106,COc1cc2ncnc(N3CCC(CN4CCN(CC4)c4ccccn4)C3)c2cc1OC,282.0,Ki (nM),COc1cc2ncnc(N3CCC(CN4CCN(c5ccccn5)CC4)C3)c2cc1OC,False,False,False
50468109,O=C(CCCCN1CCN(Cc2ccccc2)CC1)n1c2ccccc2c2ccccc12,282.0,Ki (nM),O=C(CCCCN1CCN(Cc2ccccc2)CC1)n1c2ccccc2c2ccccc21,False,False,False
51207257,CN(C)CCc1cn(-c2ccccc2C)c2ccccc12,283.0,Ki (nM),Cc1ccccc1-n1cc(CCN(C)C)c2ccccc21,False,False,False
50174010,CN1CCc2ccc3c4c2[C@H]1Cc1cccc(oc3=O)c41,283.0,Ki (nM),CN1CCc2ccc3c(=O)oc4cccc5c4c3c2[C@H]1C5,False,False,False
1466491,CCCN(CCC)CCc1c[nH]c2ccccc12,283.9,Ki (nM),CCCN(CCC)CCc1c[nH]c2ccccc12,False,False,False
51037299,Clc1ccc(cc1)C1CCN(CCN2CCC3(C2)C(=O)Nc2ccccc32)CC1,284.0,Ki (nM),O=C1Nc2ccccc2C12CCN(CCN1CCC(c3ccc(Cl)cc3)CC1)C2,False,False,False
51602993,OC(COc1ccc2c(c1)CCC2)CN1CCN(c2cccc(Cl)c2)CC1,285.0,Ki (nM),OC(COc1ccc2c(c1)CCC2)CN1CCN(c2cccc(Cl)c2)CC1,False,False,False
50462466,CC(C)c1ccccc1OCCN1CCC(CC1)NC(=O)c1ccc(F)cc1,285.0,Ki (nM),CC(C)c1ccccc1OCCN1CCC(NC(=O)c2ccc(F)cc2)CC1,False,False,False
50503660,Clc1ccc2n(C3CCN(CCCCc4nc5ccccc5s4)CC3)c(=O)[nH]c2c1,286.0,Ki (nM),O=c1[nH]c2cc(Cl)ccc2n1C1CCN(CCCCc2nc3ccccc3s2)CC1,False,False,False
51282113,Clc1ccccc1N1CCN(CCCCCCN2c3cccc4cccc(c34)S2(=O)=O)CC1,286.0,Ki (nM),O=S1(=O)c2cccc3cccc(c23)N1CCCCCCN1CCN(c2ccccc2Cl)CC1,False,False,False
50211375,CN1CCCN(CCn2ccc3ccc(F)cc23)CC1,288.0,Ki (nM),CN1CCCN(CCn2ccc3ccc(F)cc32)CC1,False,False,False
50503717,Clc1ccc2n(C3CCN(CCCCc4nc5ccccc5s4)CC3)c(=O)[nH]c2c1,288.0,Ki (nM),O=c1[nH]c2cc(Cl)ccc2n1C1CCN(CCCCc2nc3ccccc3s2)CC1,False,False,False
792196,CC(Oc1ccc(Cl)cc1OC1CNC1)c1cc(F)cc(c1)C(F)(F)F,288.0,Ki (nM),CC(Oc1ccc(Cl)cc1OC1CNC1)c1cc(F)cc(C(F)(F)F)c1,False,False,False
51344440,COc1cc2CCN(C)C3Cc4ccc(NC(N)=O)cc4-c(c1OC)c23,289.0,Ki (nM),COc1cc2c3c(c1OC)-c1cc(NC(N)=O)ccc1CC3N(C)CC2,False,False,False
51399276,COc1ccccc1N1CCN(CCCCCC(=O)NCc2ccccc2O)CC1,289.0,Ki (nM),COc1ccccc1N1CCN(CCCCCC(=O)NCc2ccccc2O)CC1,False,False,False
154131,[#6]-1-[#6]-[#7]\[#6](-[#7]-1)=[#7]\c1cccc2-[#6]-[#6]-[#6]-[#6]-c12,290.0,Ki (nM),[C]1[C][C]c2c(cccc2N=C2[N][C][C][N]2)[C]1,False,False,False
51120174,Clc1ccccc1S(=O)(=O)NC1CCN(CCOc2ccccc2)CC1,290.0,Ki (nM),O=S(=O)(NC1CCN(CCOc2ccccc2)CC1)c1ccccc1Cl,False,False,False
175520,OCCOCCN1CCN(CC1)C1=Nc2ccccc2Sc2ccccc12 |t:13|,290.0,Ki (nM),OCCOCCN1CCN(C2=Nc3ccccc3Sc3ccccc32)CC1,False,False,False
50617367,COc1ccc(cc1)-c1cn(Cc2ccccc2)c2CCNCc12,290.0,Ki (nM),COc1ccc(-c2cn(Cc3ccccc3)c3c2CNCC3)cc1,False,False,False
172868,OCCOCCN1CCN(CC1)C1=Nc2ccccc2Sc2ccccc12 |t:13|,290.0,Ki (nM),OCCOCCN1CCN(C2=Nc3ccccc3Sc3ccccc32)CC1,False,False,False
50413004,CN(C)CCc1c(C)[nH]c2ccc(Cl)cc12,290.0,Ki (nM),Cc1[nH]c2ccc(Cl)cc2c1CCN(C)C,False,False,False
185370,CN1CCN(CC1)CCCN2c3ccccc3Sc4c2cc(cc4)C(F)(F)F,290.8,Ki (nM),CN1CCN(CCCN2c3ccccc3Sc3ccc(C(F)(F)F)cc32)CC1,False,False,False
51282031,FC(F)(F)c1cccc(c1)N1CCN(CCCCCCN2C(=O)c3cccc4cccc2c34)CC1,291.0,Ki (nM),O=C1c2cccc3cccc(c23)N1CCCCCCN1CCN(c2cccc(C(F)(F)F)c2)CC1,False,False,False
50714443,Fc1ccc(SCCCN2CCN(CC2)c2ccccn2)cc1,291.0,Ki (nM),Fc1ccc(SCCCN2CCN(c3ccccn3)CC2)cc1,False,False,False
51282017,COc1ccccc1N1CCN(CCCCCCn2c3cccc4CCCn(c34)c2=O)CC1,291.0,Ki (nM),COc1ccccc1N1CCN(CCCCCCn2c(=O)n3c4c(cccc42)CCC3)CC1,False,False,False
50154786,CN1CCc2ccc3C(=O)c4cccc5C[C@@H]1c2c3-c45,291.0,Ki (nM),CN1CCc2ccc3c4c2[C@H]1Cc1cccc(c1-4)C3=O,False,False,False
50462409,Fc1ccc(cc1)S(=O)(=O)N1CC2CC1CN2CCOc1ccccc1-c1ccccc1,292.0,Ki (nM),O=S(=O)(c1ccc(F)cc1)N1CC2CC1CN2CCOc1ccccc1-c1ccccc1,False,False,False
51418963,COc1cccc(c1)-c1n[nH]cc1N1CCCNCC1,293.0,Ki (nM),COc1cccc(-c2n[nH]cc2N2CCCNCC2)c1,False,False,False
50958869,Fc1cccc(OCCN2CCC(C2)NS(=O)(=O)c2ccc(F)c(F)c2)c1,293.0,Ki (nM),O=S(=O)(NC1CCN(CCOc2cccc(F)c2)C1)c1ccc(F)c(F)c1,False,False,False
50250521,COc1ccccc1N1CCN(CCCCCn2cnc3n(C)c(=O)n(C)c(=O)c23)CC1,294.0,Ki (nM),COc1ccccc1N1CCN(CCCCCn2cnc3c2c(=O)n(C)c(=O)n3C)CC1,False,False,False
50854506,NC1=Nc2ccc(Cl)c(Cl)c2CN1,294.0,Ki (nM),NC1=Nc2ccc(Cl)c(Cl)c2CN1,False,False,False
50081692,NC(=O)[C@@H]1Cc2ccccc2CN1C(=O)CCCCN1CCN(CC1)c1ccc(F)cc1,295.0,Ki (nM),NC(=O)[C@@H]1Cc2ccccc2CN1C(=O)CCCCN1CCN(c2ccc(F)cc2)CC1,False,False,False
51418964,COc1cccc(c1)-c1n[nH]cc1N1CCCNCC1,295.0,Ki (nM),COc1cccc(-c2n[nH]cc2N2CCCNCC2)c1,False,False,False
50703460,O=S(=O)(NCCCCN1CCc2ccccc2C1)c1cccc2ccccc12,296.0,Ki (nM),O=S(=O)(NCCCCN1CCc2ccccc2C1)c1cccc2ccccc12,False,False,False
53784,COc1ccc(cc1)-n1c2ccccc2n(CCN2CCN(CC2)c2ccccc2OC)c1=O,296.0,Ki (nM),COc1ccc(-n2c(=O)n(CCN3CCN(c4ccccc4OC)CC3)c3ccccc32)cc1,False,False,False
50653129,Cc1ccccc1N1CCN(CCCCn2cnc3c4ccccc4ncc3c2=O)CC1,296.0,Ki (nM),Cc1ccccc1N1CCN(CCCCn2cnc3c(cnc4ccccc43)c2=O)CC1,False,False,False
50433118,COc1ccccc1N1CCN(CCCCCC(=O)NCc2ccc(cc2)C#N)CC1,296.0,Ki (nM),COc1ccccc1N1CCN(CCCCCC(=O)NCc2ccc(C#N)cc2)CC1,False,False,False
50073063,COc1ccccc1N1CCN(Cc2ccccc2-c2ccccc2Cl)CC1,297.0,Ki (nM),COc1ccccc1N1CCN(Cc2ccccc2-c2ccccc2Cl)CC1,False,False,False
50076034,COc1ccccc1N1CCN(Cc2ccccc2-c2ccccc2Cl)CC1,297.0,Ki (nM),COc1ccccc1N1CCN(Cc2ccccc2-c2ccccc2Cl)CC1,False,False,False
38649,CS(=O)(=O)c1ccccc1N1CCN(CCCCCC(=O)NC2CCCc3ccccc23)CC1,298.0,Ki (nM),CS(=O)(=O)c1ccccc1N1CCN(CCCCCC(=O)NC2CCCc3ccccc32)CC1,False,False,False
51248934,COc1ccc(\C=C2/NC(=O)N(CCCCN3CCN(CC3)c3ncccn3)C2=O)cc1OC1CCCC1,298.0,Ki (nM),COc1ccc(/C=C2\NC(=O)N(CCCCN3CCN(c4ncccn4)CC3)C2=O)cc1OC1CCCC1,False,False,False
50289664,CS(=O)(=O)c1ccccc1N1CCN(CCCCCC(=O)NC2CCCc3ccccc23)CC1,298.0,Ki (nM),CS(=O)(=O)c1ccccc1N1CCN(CCCCCC(=O)NC2CCCc3ccccc32)CC1,False,False,False
50706737,Oc1c2CCCn2c(=O)n1CCCCNC[C@@H]1CCc2ccccc2O1,299.0,Ki (nM),O=c1n(CCCCNC[C@@H]2CCc3ccccc3O2)c(O)c2n1CCC2,False,False,False
223616,COc1ccccc1-c1ccccc1C1CCNC1,299.99,Ki (nM),COc1ccccc1-c1ccccc1C1CCNC1,False,False,False
282673,COc1ccc(cc1OC1CN(C1)C1CCC1)-c1ccccc1Cl,299.99,Ki (nM),COc1ccc(-c2ccccc2Cl)cc1OC1CN(C2CCC2)C1,False,False,False
223576,COc1ccc(cc1OC1CN(C1)C1CCC1)-c1ccccc1Cl,299.99,Ki (nM),COc1ccc(-c2ccccc2Cl)cc1OC1CN(C2CCC2)C1,False,False,False
282713,COc1ccccc1-c1ccccc1C1CCNC1,299.99,Ki (nM),COc1ccccc1-c1ccccc1C1CCNC1,False,False,False
51463779,CCC(=O)Nc1ccc2[nH]cc(C3CCN(C)CC3)c2n1,,Ki (nM),CCC(=O)Nc1ccc2[nH]cc(C3CCN(C)CC3)c2n1,False,False,False
1467171,CCc1[nH]c2ccc(OC)cc2c1CCN(C)C,300.0,Ki (nM),CCc1[nH]c2ccc(OC)cc2c1CCN(C)C,False,False,False
50376773,COc1cc2CCN(Cc2cc1OC)\C=N\c1ccc2CCC3SCCSC3c2c1,300.0,Ki (nM),COc1cc2c(cc1OC)CN(/C=N/c1ccc3c(c1)C1SCCSC1CC3)CC2,False,False,False
50153010,CCc1[nH]c2ccc(OC)cc2c1CCN(C)C,300.0,Ki (nM),CCc1[nH]c2ccc(OC)cc2c1CCN(C)C,False,False,False
51399263,COc1ccccc1N1CCN(CCCCC(=O)Nc2ccccc2O)CC1,300.0,Ki (nM),COc1ccccc1N1CCN(CCCCC(=O)Nc2ccccc2O)CC1,False,False,False
51285565,CCn1cncc1-c1c[nH]c2ccc(F)cc12,302.0,Ki (nM),CCn1cncc1-c1c[nH]c2ccc(F)cc12,False,False,False
50081686,COc1ccccc1N1CCN(CCCCCC(=O)N2Cc3ccccc3C[C@H]2C(N)=O)CC1,302.0,Ki (nM),COc1ccccc1N1CCN(CCCCCC(=O)N2Cc3ccccc3C[C@H]2C(N)=O)CC1,False,False,False
836736,COc1ccccc1-c1noc2CCNCCc12,303.0,Ki (nM),COc1ccccc1-c1noc2c1CCNCC2,False,False,False
792232,FCC(Oc1ccc(Cl)cc1OC1CCNCC1)c1ccccc1,304.0,Ki (nM),FCC(Oc1ccc(Cl)cc1OC1CCNCC1)c1ccccc1,False,False,False
50812956,Clc1cccc(c1)N1CCNCC1,304.0,Ki (nM),Clc1cccc(N2CCNCC2)c1,False,False,False
51223545,COc1cccc(c1)N1CCN(CCCCCCN2C(=O)c3ccccc3S2(=O)=O)CC1,305.0,Ki (nM),COc1cccc(N2CCN(CCCCCCN3C(=O)c4ccccc4S3(=O)=O)CC2)c1,False,False,False
50302211,O=c1n(CCCCCN2CCN(CC2)c2ccccc2)cnc2ccccc12,307.0,Ki (nM),O=c1c2ccccc2ncn1CCCCCN1CCN(c2ccccc2)CC1,False,False,False
185365,OCCOCCN1CCN(CC1)C1=Nc2ccccc2Sc2ccccc12 |t:13|,307.2,Ki (nM),OCCOCCN1CCN(C2=Nc3ccccc3Sc3ccccc32)CC1,False,False,False
50468098,O=C(CCCCN1CCC(Cc2ccccc2)CC1)n1c2ccccc2c2ccccc12,309.0,Ki (nM),O=C(CCCCN1CCC(Cc2ccccc2)CC1)n1c2ccccc2c2ccccc21,False,False,False
51344445,COc1cc2CCN(C)C3Cc4ccc(cc4-c(c1OCC=C)c23)N(C)C,309.0,Ki (nM),C=CCOc1c(OC)cc2c3c1-c1cc(N(C)C)ccc1CC3N(C)CC2,False,False,False
170659,CC(C)C[C@@H]1N2C(=O)[C@](NC(=O)C3CC4C(Cc5c[nH]c6cccc4c56)N(C)C3)(O[C@@]2(O)C2CCCN2C1=O)C(C)C,310.0,Ki (nM),CC(C)C[C@H]1C(=O)N2CCCC2[C@]2(O)O[C@](NC(=O)C3CC4c5cccc6[nH]cc(c56)CC4N(C)C3)(C(C)C)C(=O)N12,False,False,False
50719347,Clc1ccc(cc1)N1CCN(CCCCNS(=O)(=O)c2cnc3ccccc3c2)CC1,310.0,Ki (nM),O=S(=O)(NCCCCN1CCN(c2ccc(Cl)cc2)CC1)c1cnc2ccccc2c1,False,False,False
50096609,CN(CCCN1CCC(CC1)N(c1ccccc1)c1ccccc1)c1cccc(O)c1,310.0,Ki (nM),CN(CCCN1CCC(N(c2ccccc2)c2ccccc2)CC1)c1cccc(O)c1,False,False,False
282705,CN1CCC(C1)c1ccccc1-c1cccc(C)c1,310.03,Ki (nM),Cc1cccc(-c2ccccc2C2CCN(C)C2)c1,False,False,False
223608,CN1CCC(C1)c1ccccc1-c1cccc(C)c1,310.03,Ki (nM),Cc1cccc(-c2ccccc2C2CCN(C)C2)c1,False,False,False
50076031,COc1ccccc1N1CCN(Cc2ccccc2-c2ccccc2C)CC1,311.0,Ki (nM),COc1ccccc1N1CCN(Cc2ccccc2-c2ccccc2C)CC1,False,False,False
50073044,COc1ccccc1N1CCN(Cc2ccccc2-c2ccccc2C)CC1,311.0,Ki (nM),COc1ccccc1N1CCN(Cc2ccccc2-c2ccccc2C)CC1,False,False,False
50958816,CCOc1ccccc1C(=O)NC1CCN(CCOc2ccccc2C(C)C)CC1,311.0,Ki (nM),CCOc1ccccc1C(=O)NC1CCN(CCOc2ccccc2C(C)C)CC1,False,False,False
51344448,CCCN1CCc2cccc3-c4cc(NC(=O)CCC)ccc4CC1c23,311.0,Ki (nM),CCCC(=O)Nc1ccc2c(c1)-c1cccc3c1C(C2)N(CCC)CC3,False,False,False
50468099,O=C(CCCCN1CCC(Cc2ccccc2)CC1)n1c2ccccc2c2ccccc12,312.0,Ki (nM),O=C(CCCCN1CCC(Cc2ccccc2)CC1)n1c2ccccc2c2ccccc21,False,False,False
51120126,Brc1ccc(cc1)S(=O)(=O)NC1CCN(CCOc2cccc(Br)c2)CC1,313.0,Ki (nM),O=S(=O)(NC1CCN(CCOc2cccc(Br)c2)CC1)c1ccc(Br)cc1,False,False,False
50503662,Clc1ccc2n(C3CCN(CCCCc4nc5ccccc5o4)CC3)c(=O)[nH]c2c1,313.0,Ki (nM),O=c1[nH]c2cc(Cl)ccc2n1C1CCN(CCCCc2nc3ccccc3o2)CC1,False,False,False
50503719,Clc1ccc2n(C3CCN(CCCCc4nc5ccccc5o4)CC3)c(=O)[nH]c2c1,316.0,Ki (nM),O=c1[nH]c2cc(Cl)ccc2n1C1CCN(CCCCc2nc3ccccc3o2)CC1,False,False,False
51163673,OC1(CCN(CCCC(=O)c2ccc(F)cc2)CC1)c1ccc(Cl)cc1,316.0,Ki (nM),O=C(CCCN1CCC(O)(c2ccc(Cl)cc2)CC1)c1ccc(F)cc1,False,False,False
51068931,C1Cc2onc(c2CCN1)-c1ccccc1,316.0,Ki (nM),c1ccc(-c2noc3c2CCNCC3)cc1,False,False,False
51249187,Clc1ccc(cc1)-c1nn(Cc2ccccc2)c2CCNCCc12,316.0,Ki (nM),Clc1ccc(-c2nn(Cc3ccccc3)c3c2CCNCC3)cc1,False,False,False
178041,"CN1CCN(CC1)C1=c2cc(C)sc2=Nc2ccccc2N1 |c:8,15|",316.23,Ki (nM),Cc1cc2c(s1)=Nc1ccccc1NC=2N1CCN(C)CC1,False,False,False
51207261,CN(C)CCc1cn(-c2cccc(C)c2C)c2ccccc12,317.0,Ki (nM),Cc1cccc(-n2cc(CCN(C)C)c3ccccc32)c1C,False,False,False
50180133,FC(F)(F)c1ccc(cc1)N1CCN(Cc2c[nH]c3ncccc23)CC1,318.0,Ki (nM),FC(F)(F)c1ccc(N2CCN(Cc3c[nH]c4ncccc34)CC2)cc1,False,False,False
51399254,COc1ccccc1N1CCN(CCCC(=O)NCc2ccccc2O)CC1,319.0,Ki (nM),COc1ccccc1N1CCN(CCCC(=O)NCc2ccccc2O)CC1,False,False,False
51068785,C1Cc2onc(c2CCN1)-c1ccccc1,319.0,Ki (nM),c1ccc(-c2noc3c2CCNCC3)cc1,False,False,False
836727,C1Cc2onc(c2CCN1)-c1ccccc1,319.0,Ki (nM),c1ccc(-c2noc3c2CCNCC3)cc1,False,False,False
50462410,Clc1cccc(c1)S(=O)(=O)N1CC2CC1CN2CCOc1ccccc1-c1ccccc1,319.0,Ki (nM),O=S(=O)(c1cccc(Cl)c1)N1CC2CC1CN2CCOc1ccccc1-c1ccccc1,False,False,False
51229351,COc1ccc2[nH]cc(C3CC(=O)N(CCCCN4CCC(CC4)c4c[nH]c5ccc(OC)cc45)C3=O)c2c1,320.0,Ki (nM),COc1ccc2[nH]cc(C3CCN(CCCCN4C(=O)CC(c5c[nH]c6ccc(OC)cc56)C4=O)CC3)c2c1,False,False,False
51068779,C1Cc2[nH]nc(c2CCN1)-c1ccccc1,322.0,Ki (nM),c1ccc(-c2n[nH]c3c2CCNCC3)cc1,False,False,False
836718,C1Cc2[nH]nc(c2CCN1)-c1ccccc1,322.0,Ki (nM),c1ccc(-c2n[nH]c3c2CCNCC3)cc1,False,False,False
172861,Cc1nc2C(O)CCCn2c(=O)c1CCN1CCC(CC1)c1noc2cc(F)ccc12,1.3,Ki (nM),Cc1nc2n(c(=O)c1CCN1CCC(c3noc4cc(F)ccc34)CC1)CCCC2O,False,False,False
160239,NCCc1c[nH]c2ccc(O)cc12,1.34,Ki (nM),NCCc1c[nH]c2ccc(O)cc12,False,False,False
174876,CSc1ccc2Sc3ccccc3CC(N3CCN(C)CC3)c2c1,1.34,Ki (nM),CSc1ccc2c(c1)C(N1CCN(C)CC1)Cc1ccccc1S2,False,False,False
1423480,Oc1ccc(cc1)N1CCN(CCCCCn2c3ccccc3[nH]c2=O)CC1,1.37,Ki (nM),O=c1[nH]c2ccccc2n1CCCCCN1CCN(c2ccc(O)cc2)CC1,False,False,False
161690,CC1=C(C(=O)N2CCCCC2=N1)CCN3CCC(CC3)c4c5ccc(cc5on4)F,1.39,Ki (nM),Cc1nc2n(c(=O)c1CCN1CCC(c3noc4cc(F)ccc34)CC1)CCCC2,False,False,False
50963753,C1CN(CCN1)c1ccccc1-c1ccccc1,1.4,Ki (nM),c1ccc(-c2ccccc2N2CCNCC2)cc1,False,False,False
175523,CC1=C(C(=O)N2CCCCC2=N1)CCN3CCC(CC3)c4c5ccc(cc5on4)F,1.4,Ki (nM),Cc1nc2n(c(=O)c1CCN1CCC(c3noc4cc(F)ccc34)CC1)CCCC2,False,False,False
153891,Cc1cc(c(c(c1CC2=NCCN2)C)O)C(C)(C)C,1.4,Ki (nM),Cc1cc(C(C)(C)C)c(O)c(C)c1CC1=NCCN1,False,False,False
50963771,Cc1ccccc1-c1cccc(c1)N1CCNCC1,1.4,Ki (nM),Cc1ccccc1-c1cccc(N2CCNCC2)c1,False,False,False
51210360,[#6]-[#8]C1([#6])c2ccccc2-c2ccc(cc12)-[#6](=O)[#7]=[#6]([#7])-[#7],1.4,Ki (nM),[C]OC1([C])c2ccccc2-c2ccc(C(=O)N=C([N])[N])cc21,False,False,False
50102378,Fc1ccc2c(noc2c1)C1CCN(CCCCNS(=O)(=O)c2ccc3ccccc3c2)CC1,1.4,Ki (nM),O=S(=O)(NCCCCN1CCC(c2noc3cc(F)ccc23)CC1)c1ccc2ccccc2c1,False,False,False
50812801,Cc1nc2CCCCn2c(=O)c1CCN1CCC(CC1)c1noc2cc(F)ccc12,1.4,Ki (nM),Cc1nc2n(c(=O)c1CCN1CCC(c3noc4cc(F)ccc34)CC1)CCCC2,False,False,False
50096612,NCCc1c[nH]c2ccc(O)cc12,1.4,Ki (nM),NCCc1c[nH]c2ccc(O)cc12,False,False,False
1170872,CCN(CCCN1CCC(CC1)c1noc2cc(F)ccc12)S(=O)(=O)CCO,1.4,Ki (nM),CCN(CCCN1CCC(c2noc3cc(F)ccc23)CC1)S(=O)(=O)CCO,False,False,False
51364352,Fc1ccc(cc1Cl)S(=O)(=O)N[C@@H]1CCN(CCCc2noc3ccccc23)C1,1.4,Ki (nM),O=S(=O)(N[C@@H]1CCN(CCCc2noc3ccccc23)C1)c1ccc(F)c(Cl)c1,False,False,False
50866760,CCC1(CCCCCN2CCN(CC2)c2cccc(Cl)c2)C(=O)Nc2ccccc12,1.45,Ki (nM),CCC1(CCCCCN2CCN(c3cccc(Cl)c3)CC2)C(=O)Nc2ccccc21,False,False,False
50102287,O=S(=O)(NCCN1CCN(CC1)c1nsc2ccccc12)c1ccc2ccccc2c1,1.5,Ki (nM),O=S(=O)(NCCN1CCN(c2nsc3ccccc23)CC1)c1ccc2ccccc2c1,False,False,False
1170773,CCN(CCN1CCC(CC1)c1c[nH]c2cc(F)ccc12)C(=O)[C@H](C)O,1.5,Ki (nM),CCN(CCN1CCC(c2c[nH]c3cc(F)ccc23)CC1)C(=O)[C@H](C)O,False,False,False
50102347,Cc1cccc(c1)S(=O)(=O)NCCCCN1CCC(CC1)c1noc2cc(F)ccc12,1.5,Ki (nM),Cc1cccc(S(=O)(=O)NCCCCN2CCC(c3noc4cc(F)ccc34)CC2)c1,False,False,False
1170920,CCN(CCN1CCC(CC1)c1noc2cc(F)ccc12)C(=O)C1(O)CCCNC1,1.5,Ki (nM),CCN(CCN1CCC(c2noc3cc(F)ccc23)CC1)C(=O)C1(O)CCCNC1,False,False,False
50102288,O=S(=O)(NCCCN1CCN(CC1)c1nsc2ccccc12)c1ccc2ccccc2c1,1.5,Ki (nM),O=S(=O)(NCCCN1CCN(c2nsc3ccccc23)CC1)c1ccc2ccccc2c1,False,False,False
50866741,CCC1(CCCCN2CCN(CC2)c2ccc(F)cc2)C(=O)Nc2ccc(F)cc12,1.5,Ki (nM),CCC1(CCCCN2CCN(c3ccc(F)cc3)CC2)C(=O)Nc2ccc(F)cc21,False,False,False
162656,NCCc1c[nH]c2ccc(O)cc12,1.51,Ki (nM),NCCc1c[nH]c2ccc(O)cc12,False,False,False
170500,NCCc1c[nH]c2ccc(O)cc12,1.52,Ki (nM),NCCc1c[nH]c2ccc(O)cc12,False,False,False
160243,COc1ccc2c(c1)c(c[nH]2)CCN,1.58,Ki (nM),COc1ccc2[nH]cc(CCN)c2c1,False,False,False
178481,CN1C[C@H](CNC(=O)OCc2ccccc2)C[C@H]2[C@H]1Cc1cn(C)c3cccc2c13,1.58,Ki (nM),CN1C[C@H](CNC(=O)OCc2ccccc2)C[C@@H]2c3cccc4c3c(cn4C)C[C@H]21,False,False,False
174136,COc1ccc2c(c1)c(c[nH]2)CCN,1.58,Ki (nM),COc1ccc2[nH]cc(CCN)c2c1,False,False,False
51442094,CCNCCc1ccc(Cl)c(c1)-c1ccccc1OC,1.58,Ki (nM),CCNCCc1ccc(Cl)c(-c2ccccc2OC)c1,False,False,False
175522,CC1=C(C(=O)N2CCCCC2=N1)CCN3CCC(CC3)c4c5ccc(cc5on4)F,1.6,Ki (nM),Cc1nc2n(c(=O)c1CCN1CCC(c3noc4cc(F)ccc34)CC1)CCCC2,False,False,False
50524850,Fc1ccc2C(=O)C(CCN3CCc4ccccc4C3)Cc2c1,1.6,Ki (nM),O=C1c2ccc(F)cc2CC1CCN1CCc2ccccc2C1,False,False,False
50387107,COc1ccccc1N1CCN(CCc2cccc(OCCCCCCOc3cccc(CCN4CCN(CC4)c4ccccc4OC)c3)c2)CC1,1.6,Ki (nM),COc1ccccc1N1CCN(CCc2cccc(OCCCCCCOc3cccc(CCN4CCN(c5ccccc5OC)CC4)c3)c2)CC1,False,False,False
1170740,CCN(CCN1CCC(CC1)c1noc2cc(F)ccc12)C(=O)C1CCC(O)CC1,1.6,Ki (nM),CCN(CCN1CCC(c2noc3cc(F)ccc23)CC1)C(=O)C1CCC(O)CC1,False,False,False
172869,CC1=C(C(=O)N2CCCCC2=N1)CCN3CCC(CC3)c4c5ccc(cc5on4)F,1.6,Ki (nM),Cc1nc2n(c(=O)c1CCN1CCC(c3noc4cc(F)ccc34)CC1)CCCC2,False,False,False
50102278,Cc1cccc(c1)S(=O)(=O)NCCCCN1CCN(CC1)c1nsc2ccccc12,1.6,Ki (nM),Cc1cccc(S(=O)(=O)NCCCCN2CCN(c3nsc4ccccc34)CC2)c1,False,False,False
51064016,CCCCc1cc(nc(n1)N1CCN(C)CC1)-c1ccoc1,1.6,Ki (nM),CCCCc1cc(-c2ccoc2)nc(N2CCN(C)CC2)n1,False,False,False
50525102,Fc1ccc2C(=O)C(CCN3CCc4ccccc4C3)Cc2c1,1.6,Ki (nM),O=C1c2ccc(F)cc2CC1CCN1CCc2ccccc2C1,False,False,False
50102385,Fc1ccc2c(noc2c1)C1CCN(CCCCNS(=O)(=O)c2cc3ccccc3s2)CC1,1.6,Ki (nM),O=S(=O)(NCCCCN1CCC(c2noc3cc(F)ccc23)CC1)c1cc2ccccc2s1,False,False,False
1170812,CCN(CCN1CCC(CC1)c1noc2cc(F)ccc12)C(=O)C1CCCCC1O,1.6,Ki (nM),CCN(CCN1CCC(c2noc3cc(F)ccc23)CC1)C(=O)C1CCCCC1O,False,False,False
51442078,CCNCCc1ccc(Cl)c(c1)-c1ccccc1OC,1.6,Ki (nM),CCNCCc1ccc(Cl)c(-c2ccccc2OC)c1,False,False,False
51364346,Cc1cccc(c1)S(=O)(=O)N[C@@H]1CCN(CCCc2noc3ccccc23)C1,1.7,Ki (nM),Cc1cccc(S(=O)(=O)N[C@@H]2CCN(CCCc3noc4ccccc34)C2)c1,False,False,False
51526340,CSc1ccc2Sc3ccccc3CC(N3CCN(C)CC3)c2c1,1.7,Ki (nM),CSc1ccc2c(c1)C(N1CCN(C)CC1)Cc1ccccc1S2,False,False,False
50290775,Clc1cccc(c1)N1CCN(CCCCn2c3ccccc3sc2=O)CC1,1.7,Ki (nM),O=c1sc2ccccc2n1CCCCN1CCN(c2cccc(Cl)c2)CC1,False,False,False
50102277,Cc1cccc(c1)S(=O)(=O)NCCCN1CCN(CC1)c1nsc2ccccc12,1.7,Ki (nM),Cc1cccc(S(=O)(=O)NCCCN2CCN(c3nsc4ccccc34)CC2)c1,False,False,False
51364372,O=S(=O)(N[C@@H]1CCN(CCCc2noc3ccccc23)C1)c1cccc2ccccc12,1.7,Ki (nM),O=S(=O)(N[C@@H]1CCN(CCCc2noc3ccccc23)C1)c1cccc2ccccc12,False,False,False
50593471,Fc1ccc(cc1)C(=O)C1CCN(CCN2CCCc3ccccc3C2=O)CC1,1.7,Ki (nM),O=C(c1ccc(F)cc1)C1CCN(CCN2CCCc3ccccc3C2=O)CC1,False,False,False
51119281,CSc1ccc2Sc3ccccc3CC(N3CCN(C)CC3)c2c1,1.7,Ki (nM),CSc1ccc2c(c1)C(N1CCN(C)CC1)Cc1ccccc1S2,False,False,False
51210339,[#7][#6](-[#7])=[#7][#6](=O)-c1ccc2-c3ccccc3C3([#6]-[#6]-[#6]-[#8]3)c2c1,1.7,Ki (nM),[N]C([N])=NC(=O)c1ccc2c(c1)C1([C][C][C]O1)c1ccccc1-2,False,False,False
50276395,CCCN(CCC)[C@H]1CCc2c(C1)cccc2-c1ccccc1OC,1.73,Ki (nM),CCCN(CCC)[C@H]1CCc2c(cccc2-c2ccccc2OC)C1,False,False,False
50387104,COc1ccccc1N1CCN(CCc2cccc(OCCCCCOc3cccc(CCN4CCN(CC4)c4ccccc4OC)c3)c2)CC1,1.74,Ki (nM),COc1ccccc1N1CCN(CCc2cccc(OCCCCCOc3cccc(CCN4CCN(c5ccccc5OC)CC4)c3)c2)CC1,False,False,False
162659,COc1ccc2c(c1)c(c[nH]2)CCN,1.77,Ki (nM),COc1ccc2[nH]cc(CCN)c2c1,False,False,False
51223542,Fc1ccccc1N1CCN(CCCCCCN2C(=O)c3ccccc3S2(=O)=O)CC1,322.0,Ki (nM),O=C1c2ccccc2S(=O)(=O)N1CCCCCCN1CCN(c2ccccc2F)CC1,False,False,False
51399261,CCC(C)c1ccc(NC(=O)CCCCN2CCN(CC2)c2ccccc2OC)cc1,323.0,Ki (nM),CCC(C)c1ccc(NC(=O)CCCCN2CCN(c3ccccc3OC)CC2)cc1,False,False,False
51068743,C1Cc2[nH]nc(c2CCN1)-c1ccccc1,324.0,Ki (nM),c1ccc(-c2n[nH]c3c2CCNCC3)cc1,False,False,False
51136087,OC1(CCN(CCCC(c2ccccc2)c2ccccc2)CC1)c1ccc(Cl)c(c1)C(F)(F)F,326.0,Ki (nM),OC1(c2ccc(Cl)c(C(F)(F)F)c2)CCN(CCCC(c2ccccc2)c2ccccc2)CC1,False,False,False
50551194,Cc1nc2ccccc2c(=O)n1CCCCCN1CCN(CC1)c1ccc(Cl)cc1,327.0,Ki (nM),Cc1nc2ccccc2c(=O)n1CCCCCN1CCN(c2ccc(Cl)cc2)CC1,False,False,False
50846038,CCCOc1nc2n(C)c(=O)n(C)c(=O)c2n1CCCN1CCN(CC1)c1ccccc1OC,328.0,Ki (nM),CCCOc1nc2c(c(=O)n(C)c(=O)n2C)n1CCCN1CCN(c2ccccc2OC)CC1,False,False,False
50653123,Clc1ccc(cc1)N1CCN(CCCCn2cnc3c4ccccc4ncc3c2=O)CC1,328.0,Ki (nM),O=c1c2cnc3ccccc3c2ncn1CCCCN1CCN(c2ccc(Cl)cc2)CC1,False,False,False
51399245,COc1ccccc1N1CCN(CCCC(=O)Nc2cc(ccc2O)C(C)(C)C)CC1,328.0,Ki (nM),COc1ccccc1N1CCN(CCCC(=O)Nc2cc(C(C)(C)C)ccc2O)CC1,False,False,False
50337261,COc1cccc(c1)N1CCN(CCCCn2ncc(=O)n(C)c2=O)CC1,328.0,Ki (nM),COc1cccc(N2CCN(CCCCn3ncc(=O)n(C)c3=O)CC2)c1,False,False,False
50938107,Clc1ccc(cc1)N1CCN(CCCCc2nc3ccccc3s2)CC1,329.0,Ki (nM),Clc1ccc(N2CCN(CCCCc3nc4ccccc4s3)CC2)cc1,False,False,False
50958817,CCOc1ccccc1C(=O)NC1CCN(CCSc2ccccc2-c2ccccc2)CC1,329.0,Ki (nM),CCOc1ccccc1C(=O)NC1CCN(CCSc2ccccc2-c2ccccc2)CC1,False,False,False
223615,CN1CCC(C1)c1ccccc1-c1ccccc1C,329.99,Ki (nM),Cc1ccccc1-c1ccccc1C1CCN(C)C1,False,False,False
282712,CN1CCC(C1)c1ccccc1-c1ccccc1C,329.99,Ki (nM),Cc1ccccc1-c1ccccc1C1CCN(C)C1,False,False,False
50503228,O=C1N(CCCCN2CCC3CCCCC3C2)C(=O)c2ccccc12,330.0,Ki (nM),O=C1c2ccccc2C(=O)N1CCCCN1CCC2CCCCC2C1,False,False,False
51366681,Fc1ccc(cc1)C(=O)CCCN1C2CCC1CN(C2)c1ccc(Cl)cn1,331.0,Ki (nM),O=C(CCCN1C2CCC1CN(c1ccc(Cl)cn1)C2)c1ccc(F)cc1,False,False,False
50503227,O=C1N(CCCCN2CCC3CCCCC3C2)C(=O)c2ccccc12,331.0,Ki (nM),O=C1c2ccccc2C(=O)N1CCCCN1CCC2CCCCC2C1,False,False,False
50096619,CN(CCN1CCN(CC1)c1ccccc1)c1cccc(c1)[N+]([O-])=O,332.0,Ki (nM),CN(CCN1CCN(c2ccccc2)CC1)c1cccc([N+](=O)[O-])c1,False,False,False
1170869,CCN(CCN1CCC(CC1)c1noc2cc(F)ccc12)S(=O)(=O)C(C)CO,333.0,Ki (nM),CCN(CCN1CCC(c2noc3cc(F)ccc23)CC1)S(=O)(=O)C(C)CO,False,False,False
50719334,Clc1ccc(cc1)N1CCN(CCCCCNS(=O)(=O)c2cnc3ccccc3c2)CC1,334.0,Ki (nM),O=S(=O)(NCCCCCN1CCN(c2ccc(Cl)cc2)CC1)c1cnc2ccccc2c1,False,False,False
50958813,O=C(NCC1CCN(CCOc2ccccc2-c2ccccc2)CC1)c1ccc2ccccc2n1,334.0,Ki (nM),O=C(NCC1CCN(CCOc2ccccc2-c2ccccc2)CC1)c1ccc2ccccc2n1,False,False,False
50703474,O=S(=O)(NCCCCN1CCc2sccc2C1)c1ccc2cccnc2c1,334.0,Ki (nM),O=S(=O)(NCCCCN1CCc2sccc2C1)c1ccc2cccnc2c1,False,False,False
50703463,NCCCN(CCCN1CCc2ccccc2C1)S(=O)(=O)c1ccccc1,335.0,Ki (nM),NCCCN(CCCN1CCc2ccccc2C1)S(=O)(=O)c1ccccc1,False,False,False
51366666,Fc1ccc(cc1)C(=O)CCCN1C2CCC1CN(C2)c1ccc(Cl)cn1,335.0,Ki (nM),O=C(CCCN1C2CCC1CN(c1ccc(Cl)cn1)C2)c1ccc(F)cc1,False,False,False
50719346,Clc1ccc(cc1)N1CCN(CCCCNS(=O)(=O)c2ccc3ncccc3c2)CC1,335.0,Ki (nM),O=S(=O)(NCCCCN1CCN(c2ccc(Cl)cc2)CC1)c1ccc2ncccc2c1,False,False,False
51282044,Clc1ccccc1N1CCN(CCCCCCN2C(=O)c3cccc4cccc2c34)CC1,336.0,Ki (nM),O=C1c2cccc3cccc(c23)N1CCCCCCN1CCN(c2ccccc2Cl)CC1,False,False,False
792432,CC(C)N1CC(C1)Oc1ccc(Cl)cc1OC1CN(C1)C(C)C,336.0,Ki (nM),CC(C)N1CC(Oc2ccc(Cl)cc2OC2CN(C(C)C)C2)C1,False,False,False
50180066,CSc1ccc(cc1)N1CCN(Cc2c[nH]c3ncccc23)CC1,336.0,Ki (nM),CSc1ccc(N2CCN(Cc3c[nH]c4ncccc34)CC2)cc1,False,False,False
50938128,O=C(CCCCN1CCN(CC1)c1ncccn1)c1nc2ccccc2s1,337.0,Ki (nM),O=C(CCCCN1CCN(c2ncccn2)CC1)c1nc2ccccc2s1,False,False,False
38659,CC(=O)Nc1ccccc1N1CCN(CCCCCC(=O)NC2CCCc3ccccc23)CC1,338.0,Ki (nM),CC(=O)Nc1ccccc1N1CCN(CCCCCC(=O)NC2CCCc3ccccc32)CC1,False,False,False
50884984,COc1ccccc1N1CCN(CC1)C(N)=NCCNS(=O)(=O)c1cccc(C)c1,339.0,Ki (nM),COc1ccccc1N1CCN(C(N)=NCCNS(=O)(=O)c2cccc(C)c2)CC1,False,False,False
51366665,Fc1ccc(CCCCN2C3CCC2CN(C3)c2ccc(Cl)cn2)cc1,339.0,Ki (nM),Fc1ccc(CCCCN2C3CCC2CN(c2ccc(Cl)cn2)C3)cc1,False,False,False
51157927,CCCN(CCC)[C@H]1CCc2cccc(OC)c2C1,339.0,Ki (nM),CCCN(CCC)[C@H]1CCc2cccc(OC)c2C1,False,False,False
153897,C[NH2+]C[C@H](O)c1cccc(O)c1,340.0,Ki (nM),CNC[C@H](O)c1cccc(O)c1,False,False,True
50173998,CN1CCc2ccc3[nH]c(=O)c4cccc5C[C@@H]1c2c3c45,341.0,Ki (nM),CN1CCc2ccc3[nH]c(=O)c4cccc5c4c3c2[C@H]1C5,False,False,False
50319610,COc1ccc(NC(=O)N2CCN(CC2)c2ccccc2Cl)cc1N1CCN(C)CC1,342.0,Ki (nM),COc1ccc(NC(=O)N2CCN(c3ccccc3Cl)CC2)cc1N1CCN(C)CC1,False,False,False
50101476,C(CN1CCN(CC1)c1ncccn1)Cc1nc2ccccc2s1,342.0,Ki (nM),c1cnc(N2CCN(CCCc3nc4ccccc4s3)CC2)nc1,False,False,False
51399265,COc1ccccc1N1CCN(CCCCC(=O)NCc2ccccc2O)CC1,343.0,Ki (nM),COc1ccccc1N1CCN(CCCCC(=O)NCc2ccccc2O)CC1,False,False,False
51470903,Nc1nc(N)nc(NCCCCCN2CCN(CC2)c2cccc(Cl)c2Cl)n1,343.0,Ki (nM),Nc1nc(N)nc(NCCCCCN2CCN(c3cccc(Cl)c3Cl)CC2)n1,False,False,False
50462482,COc1ccccc1OCCN1CCC(CC1)NS(=O)(=O)c1ccc(F)cc1,344.0,Ki (nM),COc1ccccc1OCCN1CCC(NS(=O)(=O)c2ccc(F)cc2)CC1,False,False,False
51281943,O=S1(=O)N(CCCCCCN2CCN(CC2)c2ccccn2)c2cccc3cccc1c23,344.0,Ki (nM),O=S1(=O)c2cccc3cccc(c23)N1CCCCCCN1CCN(c2ccccn2)CC1,False,False,False
51229330,COc1ccc2[nH]cc(C3CCN(CCCCN4C(=O)CC(C4=O)c4c[nH]c5ccccc45)CC3)c2c1,345.0,Ki (nM),COc1ccc2[nH]cc(C3CCN(CCCCN4C(=O)CC(c5c[nH]c6ccccc56)C4=O)CC3)c2c1,False,False,False
50250522,Cn1c2ncn(CCCCCN3CCN(CC3)c3ccccc3)c2c(=O)n(C)c1=O,346.0,Ki (nM),Cn1c(=O)c2c(ncn2CCCCCN2CCN(c3ccccc3)CC2)n(C)c1=O,False,False,False
51489104,COc1cc2ncnc(N3CCC(CN4CCN(CC4)c4cccc(Cl)c4Cl)C3)c2cc1OC,347.0,Ki (nM),COc1cc2ncnc(N3CCC(CN4CCN(c5cccc(Cl)c5Cl)CC4)C3)c2cc1OC,False,False,False
51418969,COc1ccccc1-c1n[nH]cc1N1CCNCC1,347.0,Ki (nM),COc1ccccc1-c1n[nH]cc1N1CCNCC1,False,False,False
51418970,COc1ccccc1-c1n[nH]cc1N1CCNCC1,347.0,Ki (nM),COc1ccccc1-c1n[nH]cc1N1CCNCC1,False,False,False
51127061,O=S(=O)(N1CCC[C@H]1CCN1CCN(CC1)c1cccc2OCCOc12)c1cccc2ncccc12,349.0,Ki (nM),O=S(=O)(c1cccc2ncccc12)N1CCC[C@H]1CCN1CCN(c2cccc3c2OCCO3)CC1,False,False,False
50456094,O=C1Cc2ccccc2N1CCN1CCc2ccccc2C1,350.0,Ki (nM),O=C1Cc2ccccc2N1CCN1CCc2ccccc2C1,False,False,False
50963756,Clc1cccc(c1)N1CCNCC1,352.0,Ki (nM),Clc1cccc(N2CCNCC2)c1,False,False,False
170549,Clc1cccc(c1)N1CCNCC1,352.0,Ki (nM),Clc1cccc(N2CCNCC2)c1,False,False,False
51344441,COc1cc2CCN(C)C3Cc4ccc(NC(N)=O)cc4-c(c1OCC1CC1)c23,353.0,Ki (nM),COc1cc2c3c(c1OCC1CC1)-c1cc(NC(N)=O)ccc1CC3N(C)CC2,False,False,False
50082436,CN1C(=O)N(CC(O)CN2CCN(CC2)c2ccccc2)C(C1=O)(c1ccccc1)c1ccccc1,353.0,Ki (nM),CN1C(=O)N(CC(O)CN2CCN(c3ccccc3)CC2)C(c2ccccc2)(c2ccccc2)C1=O,False,False,False
50286048,COc1ccccc1N1CCN(C\C=C/CN2C(=O)c3ccccc3C2=O)CC1,353.0,Ki (nM),COc1ccccc1N1CCN(C/C=C\CN2C(=O)c3ccccc3C2=O)CC1,False,False,False
51399250,CCC(C)c1ccc(NC(=O)CCCN2CCN(CC2)c2ccccc2OC)cc1,354.0,Ki (nM),CCC(C)c1ccc(NC(=O)CCCN2CCN(c3ccccc3OC)CC2)cc1,False,False,False
51489105,COc1cc2ncnc(N3CCC(CN4CCN(CC4)c4ccc(Cl)c(Cl)c4)C3)c2cc1OC,355.0,Ki (nM),COc1cc2ncnc(N3CCC(CN4CCN(c5ccc(Cl)c(Cl)c5)CC4)C3)c2cc1OC,False,False,False
50503305,O=C(CCCN1CCc2ccccc2C1)c1ccccc1,355.0,Ki (nM),O=C(CCCN1CCc2ccccc2C1)c1ccccc1,False,False,False
50289671,O=C(CCCCCN1CCN(CC1)c1nc2ccccc2[nH]1)NC1CCCc2ccccc12,356.0,Ki (nM),O=C(CCCCCN1CCN(c2nc3ccccc3[nH]2)CC1)NC1CCCc2ccccc21,False,False,False
50938102,Clc1ccc(cc1)N1CCCN(CCCC(=O)c2nc3ccccc3s2)CC1,356.0,Ki (nM),O=C(CCCN1CCCN(c2ccc(Cl)cc2)CC1)c1nc2ccccc2s1,False,False,False
50302276,Cc1sc2nc(CCCCN3CCN(CC3)c3ccccc3)[nH]c(=O)c2c1C,357.0,Ki (nM),Cc1sc2nc(CCCCN3CCN(c4ccccc4)CC3)[nH]c(=O)c2c1C,False,False,False
50503304,O=C(CCCN1CCc2ccccc2C1)c1ccccc1,358.0,Ki (nM),O=C(CCCN1CCc2ccccc2C1)c1ccccc1,False,False,False
792370,Clc1cnc(OCc2ccccc2)c(OC2CNC2)c1,359.0,Ki (nM),Clc1cnc(OCc2ccccc2)c(OC2CNC2)c1,False,False,False
154128,C(C1COc2ccccc2O1)N1CCCCC1,360.0,Ki (nM),c1ccc2c(c1)OCC(CN1CCCCC1)O2,False,False,False
50284487,COc1ccc(cc1)S(=O)(=O)NCCCN1CCc2cc(OC)ccc2C1,360.0,Ki (nM),COc1ccc(S(=O)(=O)NCCCN2CCc3cc(OC)ccc3C2)cc1,False,False,False
50703452,COc1cccc2CN(CCCNS(=O)(=O)c3cccc4ccccc34)CCc12,360.0,Ki (nM),COc1cccc2c1CCN(CCCNS(=O)(=O)c1cccc3ccccc13)C2,False,False,False
51602985,CCCc1ccc(OCC(O)CN2CCN(c3cccc(Cl)c3)CC2)cc1,360.0,Ki (nM),CCCc1ccc(OCC(O)CN2CCN(c3cccc(Cl)c3)CC2)cc1,False,False,False
792307,O\N=C1/C(Cc2ccccc12)Oc1ccc(Cl)cc1OC1CNC1,360.0,Ki (nM),O/N=C1/c2ccccc2CC1Oc1ccc(Cl)cc1OC1CNC1,False,False,False
50333397,Cc1cn2c(nc3n(C)c(=O)n(C)c(=O)c23)n1CCCCN1CCN(CC1)c1ccc(Cl)cc1,361.0,Ki (nM),Cc1cn2c3c(=O)n(C)c(=O)n(C)c3nc2n1CCCCN1CCN(c2ccc(Cl)cc2)CC1,False,False,False
50468089,CC1CCN(CCCCCC(=O)n2c3ccccc3c3ccccc23)CC1,363.0,Ki (nM),CC1CCN(CCCCCC(=O)n2c3ccccc3c3ccccc32)CC1,False,False,False
51070612,Fc1ccccc1-c1noc2CCNCCc12,363.0,Ki (nM),Fc1ccccc1-c1noc2c1CCNCC2,False,False,False
160247,COc1ccc2c(c1)[nH]cc2CCN,363.07,Ki (nM),COc1ccc2c(CCN)c[nH]c2c1,False,False,False
174873,c1ccc2c(c1)C(=O)N(C(=O)N2)CCN3CCC(CC3)C(=O)c4ccc(cc4)F,363.07,Ki (nM),O=C(c1ccc(F)cc1)C1CCN(CCn2c(=O)[nH]c3ccccc3c2=O)CC1,False,False,False
50276412,CCCN(CCC)[C@@H]1COc2c(C1)cccc2-c1ccccc1OC,364.0,Ki (nM),CCCN(CCC)[C@@H]1COc2c(cccc2-c2ccccc2OC)C1,False,False,False
50503303,Fc1ccc(cc1)C(=O)CCCN1CCc2ccccc2C1,364.0,Ki (nM),O=C(CCCN1CCc2ccccc2C1)c1ccc(F)cc1,False,False,False
50468088,CC1CCN(CCCCCC(=O)n2c3ccccc3c3ccccc23)CC1,364.0,Ki (nM),CC1CCN(CCCCCC(=O)n2c3ccccc3c3ccccc32)CC1,False,False,False
792396,Fc1ccc(OCc2ccc(o2)C(F)(F)F)c(OC2CNC2)c1,365.0,Ki (nM),Fc1ccc(OCc2ccc(C(F)(F)F)o2)c(OC2CNC2)c1,False,False,False
50300631,CN1CCN(CC1)C1=Nc2ccccc2Nc2sc(C)cc12,365.0,Ki (nM),Cc1cc2c(s1)Nc1ccccc1N=C2N1CCN(C)CC1,False,False,False
51399266,COc1ccccc1CNC(=O)CCCCN1CCN(CC1)c1ccccc1OC,366.0,Ki (nM),COc1ccccc1CNC(=O)CCCCN1CCN(c2ccccc2OC)CC1,False,False,False
836728,Fc1ccccc1-c1noc2CCNCCc12,366.0,Ki (nM),Fc1ccccc1-c1noc2c1CCNCC2,False,False,False
51071629,Fc1ccccc1-c1noc2CCNCCc12,366.0,Ki (nM),Fc1ccccc1-c1noc2c1CCNCC2,False,False,False
51281977,COc1cccc(c1)N1CCN(CCCCCCN2C(=O)c3cccc4cccc2c34)CC1,366.0,Ki (nM),COc1cccc(N2CCN(CCCCCCN3C(=O)c4cccc5cccc3c45)CC2)c1,False,False,False
51228706,O=c1[nH]c(CCCCCN2CCC(Cc3ccccc3)CC2)nc2c3ccccc3sc12,366.0,Ki (nM),O=c1[nH]c(CCCCCN2CCC(Cc3ccccc3)CC2)nc2c1sc1ccccc12,False,False,False
50855714,CC1NC(NCC(F)F)=Nc2c(Cl)ccc(Cl)c12,366.3,Ki (nM),CC1NC(NCC(F)F)=Nc2c(Cl)ccc(Cl)c21,False,False,False
50294440,COc1cccc(OC)c1-c1ccc2OC[C@H](Cc2c1)N(C)C,367.0,Ki (nM),COc1cccc(OC)c1-c1ccc2c(c1)C[C@H](N(C)C)CO2,False,False,False
50286049,COc1ccccc1N1CCN(Cc2ccccc2CN2C(=O)c3ccccc3C2=O)CC1,367.0,Ki (nM),COc1ccccc1N1CCN(Cc2ccccc2CN2C(=O)c3ccccc3C2=O)CC1,False,False,False
836732,Clc1cccc(c1)-c1noc2CCNCCc12,369.0,Ki (nM),Clc1cccc(-c2noc3c2CCNCC3)c1,False,False,False
51070636,Clc1cccc(c1)-c1noc2CCNCCc12,369.0,Ki (nM),Clc1cccc(-c2noc3c2CCNCC3)c1,False,False,False
50617375,CC(C)N1CCc2c(C1)c(cn2Cc1ccccc1)-c1ccc(Cl)cc1,370.0,Ki (nM),CC(C)N1CCc2c(c(-c3ccc(Cl)cc3)cn2Cc2ccccc2)C1,False,False,False
51281999,COc1cccc(c1)N1CCN(CCCCCCN2C(=O)c3cccc4cccc(C2=O)c34)CC1,371.0,Ki (nM),COc1cccc(N2CCN(CCCCCCN3C(=O)c4cccc5cccc(c45)C3=O)CC2)c1,False,False,False
792210,CC(Oc1ccc(Cl)cc1OC1CNC1)c1cc(F)ccc1F,371.0,Ki (nM),CC(Oc1ccc(Cl)cc1OC1CNC1)c1cc(F)ccc1F,False,False,False
51412594,Clc1cccc(N2CCN(CCCCN3C(=O)c4ccccc4S3(=O)=O)CC2)c1Cl,372.0,Ki (nM),O=C1c2ccccc2S(=O)(=O)N1CCCCN1CCN(c2cccc(Cl)c2Cl)CC1,False,False,False
51489101,COc1cc2ncnc(N3CCC(CN4CCN(CC4)c4cccc(Cl)c4)C3)c2cc1OC,372.0,Ki (nM),COc1cc2ncnc(N3CCC(CN4CCN(c5cccc(Cl)c5)CC4)C3)c2cc1OC,False,False,False
51072708,Clc1cccc(c1)-c1noc2CCNCCc12,372.0,Ki (nM),Clc1cccc(-c2noc3c2CCNCC3)c1,False,False,False
170690,c1cnc(nc1)N2CCN(CC2)CCCCN3C(=O)CC4(CCCC4)CC3=O,375.0,Ki (nM),O=C1CC2(CCCC2)CC(=O)N1CCCCN1CCN(c2ncccn2)CC1,False,False,False
792160,C[C@H](Oc1ccc(Cl)cc1OC1CNC1)c1cccc(c1)C(F)(F)F,376.0,Ki (nM),C[C@H](Oc1ccc(Cl)cc1OC1CNC1)c1cccc(C(F)(F)F)c1,False,False,False
185359,c1cc(ccc1C(=O)CCCN2CCC(CC2)(c3ccc(cc3)Cl)O)F,377.2,Ki (nM),O=C(CCCN1CCC(O)(c2ccc(Cl)cc2)CC1)c1ccc(F)cc1,False,False,False
50353445,FC(F)(F)c1cccc(c1)N1CCN(CCCCN2C(=O)NC3(CCC(CC3)c3ccccc3)C2=O)CC1,379.0,Ki (nM),O=C1NC2(CCC(c3ccccc3)CC2)C(=O)N1CCCCN1CCN(c2cccc(C(F)(F)F)c2)CC1,False,False,False
153875,CCN(CC)C(=O)[C@H]1CN([C@@H]2Cc3c[nH]c4c3c(ccc4)C2=C1)C,380.0,Ki (nM),CCN(CC)C(=O)[C@@H]1C=C2c3cccc4[nH]cc(c34)C[C@H]2N(C)C1,False,False,False
172864,c1cc(ccc1C(=O)CCCN2CCC(CC2)(c3ccc(cc3)Cl)O)F,380.0,Ki (nM),O=C(CCCN1CCC(O)(c2ccc(Cl)cc2)CC1)c1ccc(F)cc1,False,False,False
50102328,FC(F)(F)Oc1ccc(cc1)S(=O)(=O)NCCCN1CCN(CC1)c1noc2ccccc12,380.0,Ki (nM),O=S(=O)(NCCCN1CCN(c2noc3ccccc23)CC1)c1ccc(OC(F)(F)F)cc1,False,False,False
50817647,Cc1[nH]c2ccc(Cl)cc2c1C1=CCN(CCCCNS(=O)(=O)c2cccc(C)c2)CC1,380.0,Ki (nM),Cc1cccc(S(=O)(=O)NCCCCN2CC=C(c3c(C)[nH]c4ccc(Cl)cc34)CC2)c1,False,False,False
175516,c1cc(ccc1C(=O)CCCN2CCC(CC2)(c3ccc(cc3)Cl)O)F,380.0,Ki (nM),O=C(CCCN1CCC(O)(c2ccc(Cl)cc2)CC1)c1ccc(F)cc1,False,False,False
51248963,COc1ccc(\C=C2/NC(=O)N(CCCN3CCN(CC3)c3cccc(Cl)c3Cl)C2=O)cc1OC1CCCC1,380.0,Ki (nM),COc1ccc(/C=C2\NC(=O)N(CCCN3CCN(c4cccc(Cl)c4Cl)CC3)C2=O)cc1OC1CCCC1,False,False,False
223620,Cc1cc(ccc1F)-c1ccc(Cl)cc1C1CCNC1,380.01,Ki (nM),Cc1cc(-c2ccc(Cl)cc2C2CCNC2)ccc1F,False,False,False
282717,Cc1cc(ccc1F)-c1ccc(Cl)cc1C1CCNC1,380.01,Ki (nM),Cc1cc(-c2ccc(Cl)cc2C2CCNC2)ccc1F,False,False,False
50719345,Clc1ccc(cc1)N1CCN(CCCCNS(=O)(=O)c2ccc3cccnc3c2)CC1,381.0,Ki (nM),O=S(=O)(NCCCCN1CCN(c2ccc(Cl)cc2)CC1)c1ccc2cccnc2c1,False,False,False
50333401,Cc1cn2c(nc3n(C)c(=O)n(C)c(=O)c23)n1CCCCN1CCN(CC1)c1cccc(C)c1C,381.0,Ki (nM),Cc1cccc(N2CCN(CCCCn3c(C)cn4c5c(=O)n(C)c(=O)n(C)c5nc34)CC2)c1C,False,False,False
170651,c1cnc(nc1)N2CCN(CC2)CCCCN3C(=O)CC4(CCCC4)CC3=O,381.0,Ki (nM),O=C1CC2(CCCC2)CC(=O)N1CCCCN1CCN(c2ncccn2)CC1,False,False,False
50974472,CCCN1CCC(COc2nc3c(F)cccc3c3ccccc23)CC1,384.0,Ki (nM),CCCN1CCC(COc2nc3c(F)cccc3c3ccccc23)CC1,False,False,False
50224039,Oc1ccccc1C(=O)CCCCCN1CCN(CC1)c1cccc(c1)C(F)(F)F,384.0,Ki (nM),O=C(CCCCCN1CCN(c2cccc(C(F)(F)F)c2)CC1)c1ccccc1O,False,False,False
51068783,Clc1ccccc1-c1n[nH]c2CCNCCc12,386.0,Ki (nM),Clc1ccccc1-c1n[nH]c2c1CCNCC2,False,False,False
51285685,CCn1cncc1-c1c[nH]c2cccc(F)c12,386.0,Ki (nM),CCn1cncc1-c1c[nH]c2cccc(F)c12,False,False,False
836721,Clc1ccccc1-c1n[nH]c2CCNCCc12,386.0,Ki (nM),Clc1ccccc1-c1n[nH]c2c1CCNCC2,False,False,False
792062,Clc1ccc(OCc2ccccn2)c(OC2CNC2)c1,387.0,Ki (nM),Clc1ccc(OCc2ccccn2)c(OC2CNC2)c1,False,False,False
51348443,O=C1CCc2cc(OCCCCCCN3CCN(CC3)c3nsc4ccccc34)ccc2N1,387.0,Ki (nM),O=C1CCc2cc(OCCCCCCN3CCN(c4nsc5ccccc45)CC3)ccc2N1,False,False,False
50551011,CCCN(CCC)C1CCc2cccc(O)c2C1,388.0,Ki (nM),CCCN(CCC)C1CCc2cccc(O)c2C1,False,False,False
51119300,Cc1cccc(OCCOCCN2CCN(CCc3ccccc3)CC2)c1C,388.0,Ki (nM),Cc1cccc(OCCOCCN2CCN(CCc3ccccc3)CC2)c1C,False,False,False
51315538,CCCN(CCC)C1CCc2cccc(O)c2C1,388.0,Ki (nM),CCCN(CCC)C1CCc2cccc(O)c2C1,False,False,False
50302226,CCCN(CCC)C1CCc2cccc(O)c2C1,388.0,Ki (nM),CCCN(CCC)C1CCc2cccc(O)c2C1,False,False,False
51315521,CCCN(CCC)C1CCc2cccc(O)c2C1,388.0,Ki (nM),CCCN(CCC)C1CCc2cccc(O)c2C1,False,False,False
50433122,COc1ccccc1N1CCN(CCCCCC(=O)NCc2ccncc2)CC1,389.0,Ki (nM),COc1ccccc1N1CCN(CCCCCC(=O)NCc2ccncc2)CC1,False,False,False
51418968,C1CNCCN(C1)c1c[nH]nc1-c1ccccc1,389.0,Ki (nM),c1ccc(-c2n[nH]cc2N2CCCNCC2)cc1,False,False,False
51068770,Clc1ccccc1-c1n[nH]c2CCNCCc12,389.0,Ki (nM),Clc1ccccc1-c1n[nH]c2c1CCNCC2,False,False,False
50534697,COc1ccccc1-c1cc(CN2CCC(C)CC2)ccc1Cl,389.0,Ki (nM),COc1ccccc1-c1cc(CN2CCC(C)CC2)ccc1Cl,False,False,False
51337083,CCCN(CCC)[C@@H]1CCc2c(C1)cccc2-c1ccccc1Cl,390.0,Ki (nM),CCCN(CCC)[C@@H]1CCc2c(cccc2-c2ccccc2Cl)C1,False,False,False
50284505,COc1ccc2CN(CCCNS(=O)(=O)c3cccc4ccccc34)CCc2c1,390.0,Ki (nM),COc1ccc2c(c1)CCN(CCCNS(=O)(=O)c1cccc3ccccc13)C2,False,False,False
51399267,COc1ccccc1N1CCN(CCCCC(=O)NCc2ccc(cc2)C(C)(C)C)CC1,391.0,Ki (nM),COc1ccccc1N1CCN(CCCCC(=O)NCc2ccc(C(C)(C)C)cc2)CC1,False,False,False
50958820,Fc1cccc(c1)C(=O)NC1CCN(CCOc2ccccc2-c2ccccc2)CC1,391.0,Ki (nM),O=C(NC1CCN(CCOc2ccccc2-c2ccccc2)CC1)c1cccc(F)c1,False,False,False
51418967,C1CNCCN(C1)c1c[nH]nc1-c1ccccc1,392.0,Ki (nM),c1ccc(-c2n[nH]cc2N2CCCNCC2)cc1,False,False,False
50081689,NC(=O)[C@@H]1Cc2ccccc2CN1C(=O)CCCCCN1CCN(CC1)c1ccccc1Cl,393.0,Ki (nM),NC(=O)[C@@H]1Cc2ccccc2CN1C(=O)CCCCCN1CCN(c2ccccc2Cl)CC1,False,False,False
51344433,CCCC(=O)Nc1ccc2CC3N(C)CCc4cc(OC)c(OCC5CC5)c(-c2c1)c34,395.0,Ki (nM),CCCC(=O)Nc1ccc2c(c1)-c1c(OCC3CC3)c(OC)cc3c1C(C2)N(C)CC3,False,False,False
50456484,Fc1ccc2[nH]cc(CCN(CC=C)CC=C)c2c1,398.0,Ki (nM),C=CCN(CC=C)CCc1c[nH]c2ccc(F)cc12,False,False,False
51158086,COc1ccccc1N1CCN(CCCN2C(=O)c3cccc4cccc2c34)CC1,398.0,Ki (nM),COc1ccccc1N1CCN(CCCN2C(=O)c3cccc4cccc2c34)CC1,False,False,False
51224258,C[C@@]12COc3c(Br)cccc3[C@@H]1CCN2,398.0,Ki (nM),C[C@@]12COc3c(Br)cccc3[C@@H]1CCN2,False,False,False
162719,CC[C@@H](CO)NC(=O)[C@H]1CN([C@@H]2Cc3cn(c4c3c(ccc4)C2=C1)C)C,398.1,Ki (nM),CC[C@@H](CO)NC(=O)[C@@H]1C=C2c3cccc4c3c(cn4C)C[C@H]2N(C)C1,False,False,False
180432,CC1CCN(CC[C@@H]2CCCN2S(=O)(=O)c2cccc3ccccc23)CC1,398.11,Ki (nM),CC1CCN(CC[C@@H]2CCCN2S(=O)(=O)c2cccc3ccccc23)CC1,False,False,False
174193,c1ccc2c(c1)C(=O)N(C(=O)N2)CCN3CCC(CC3)C(=O)c4ccc(cc4)F,398.11,Ki (nM),O=C(c1ccc(F)cc1)C1CCN(CCn2c(=O)[nH]c3ccccc3c2=O)CC1,False,False,False
180431,CC1CCN(CC[C@@H]2CCCCC2S(=O)(=O)c2cccc3ccccc23)CC1,398.11,Ki (nM),CC1CCN(CC[C@@H]2CCCCC2S(=O)(=O)c2cccc3ccccc23)CC1,False,False,False
50376704,COc1cc2CCN(Cc2cc1OC)\C=N\c1ccc2CCCC(OC(C)=O)c2c1,400.0,Ki (nM),COc1cc2c(cc1OC)CN(/C=N/c1ccc3c(c1)C(OC(C)=O)CCC3)CC2,False,False,False
51337069,CN(C)C1CCc2c(C1)cccc2-c1cc(Cl)cc(Cl)c1,400.0,Ki (nM),CN(C)C1CCc2c(cccc2-c2cc(Cl)cc(Cl)c2)C1,False,False,False
50812945,CC1CCN(CC[C@@H]2CCCN2S(=O)(=O)c2cccc3ccccc23)CC1,400.0,Ki (nM),CC1CCN(CC[C@@H]2CCCN2S(=O)(=O)c2cccc3ccccc23)CC1,False,False,False
51357428,CC(C)n1nc2CCNCCc2c1-c1ccc(Cl)cc1Cl,400.0,Ki (nM),CC(C)n1nc2c(c1-c1ccc(Cl)cc1Cl)CCNCC2,False,False,False
50376766,COc1cc2CCN(Cc2cc1OC)\C=N\c1ccc2CCC(O)c2c1,400.0,Ki (nM),COc1cc2c(cc1OC)CN(/C=N/c1ccc3c(c1)C(O)CC3)CC2,False,False,False
50470677,NC1=NC2(CCCCC2)NC(Nc2cccc(Br)c2)=N1,401.0,Ki (nM),NC1=NC2(CCCCC2)NC(Nc2cccc(Br)c2)=N1,False,False,False
51228694,O=c1[nH]c(CCCCCN2CCN(Cc3ccccc3)CC2)nc2c3ccccc3sc12,401.0,Ki (nM),O=c1[nH]c(CCCCCN2CCN(Cc3ccccc3)CC2)nc2c1sc1ccccc12,False,False,False
51282120,Clc1ccc(cc1Cl)N1CCN(CCCCCCN2c3cccc4cccc(c34)S2(=O)=O)CC1,404.0,Ki (nM),O=S1(=O)c2cccc3cccc(c23)N1CCCCCCN1CCN(c2ccc(Cl)c(Cl)c2)CC1,False,False,False
50653128,Fc1ccc(cc1)N1CCN(CCCCn2cnc3c4ccccc4ncc3c2=O)CC1,404.0,Ki (nM),O=c1c2cnc3ccccc3c2ncn1CCCCN1CCN(c2ccc(F)cc2)CC1,False,False,False
50290550,COc1ccccc1N1CCN(CCCCC(=O)NCc2ccccc2-c2cccc(Cl)c2)CC1,405.0,Ki (nM),COc1ccccc1N1CCN(CCCCC(=O)NCc2ccccc2-c2cccc(Cl)c2)CC1,False,False,False
50958814,CC(C)c1ccccc1OCCN1CCC(CNC(=O)c2cccs2)CC1,407.0,Ki (nM),CC(C)c1ccccc1OCCN1CCC(CNC(=O)c2cccs2)CC1,False,False,False
51120162,Clc1ccc(cc1)S(=O)(=O)NC1CCN(CCOc2cccc(Br)c2)CC1,408.0,Ki (nM),O=S(=O)(NC1CCN(CCOc2cccc(Br)c2)CC1)c1ccc(Cl)cc1,False,False,False
51127075,OC1(CCN(CCCC(=O)c2ccc(F)cc2)CC1)c1ccc(Cl)cc1,408.0,Ki (nM),O=C(CCCN1CCC(O)(c2ccc(Cl)cc2)CC1)c1ccc(F)cc1,False,False,False
50958811,Cc1ccccc1C(=O)NCC1CCN(CCOc2cccc3CCCCc23)CC1,409.0,Ki (nM),Cc1ccccc1C(=O)NCC1CCN(CCOc2cccc3c2CCCC3)CC1,False,False,False
50846035,CCOc1nc2n(C)c(=O)n(C)c(=O)c2n1CCCN1CCN(CC1)c1ccccc1OC,410.0,Ki (nM),CCOc1nc2c(c(=O)n(C)c(=O)n2C)n1CCCN1CCN(c2ccccc2OC)CC1,False,False,False
51397929,COc1ccc(cc1)-c1ccccc1N1CCN(CC#CCOc2ccc(Cl)c(F)c2)CC1,410.0,Ki (nM),COc1ccc(-c2ccccc2N2CCN(CC#CCOc3ccc(Cl)c(F)c3)CC2)cc1,False,False,False
223584,Cc1cccc(c1)-c1ccc(Cl)c(OC2CNC2)c1,410.02,Ki (nM),Cc1cccc(-c2ccc(Cl)c(OC3CNC3)c2)c1,False,False,False
282681,Cc1cccc(c1)-c1ccc(Cl)c(OC2CNC2)c1,410.02,Ki (nM),Cc1cccc(-c2ccc(Cl)c(OC3CNC3)c2)c1,False,False,False
50180049,CCc1ccc(cc1)N1CCN(Cc2c[nH]c3ncccc23)CC1,411.0,Ki (nM),CCc1ccc(N2CCN(Cc3c[nH]c4ncccc34)CC2)cc1,False,False,False
50179986,Fc1ccc(cc1)N1CCN(Cc2c[nH]c3ncccc23)CC1,412.0,Ki (nM),Fc1ccc(N2CCN(Cc3c[nH]c4ncccc34)CC2)cc1,False,False,False
50938101,Clc1ccc(cc1)N1CCCN(CCCCc2nc3ccccc3s2)CC1,413.0,Ki (nM),Clc1ccc(N2CCCN(CCCCc3nc4ccccc4s3)CC2)cc1,False,False,False
50958812,Fc1cccc(c1)C(=O)NCC1CCN(CCOc2cc(Cl)ccc2Cl)CC1,415.0,Ki (nM),O=C(NCC1CCN(CCOc2cc(Cl)ccc2Cl)CC1)c1cccc(F)c1,False,False,False
51120166,Brc1ccccc1OCCN1CCC(CC1)NS(=O)(=O)c1ccccc1,415.0,Ki (nM),O=S(=O)(NC1CCN(CCOc2ccccc2Br)CC1)c1ccccc1,False,False,False
51449153,C[C@H]1C[C@@H](CN1CCCc1noc2cc(F)ccc12)NS(=O)(=O)c1sc2ccc(Cl)cc2c1C,417.0,Ki (nM),Cc1c(S(=O)(=O)N[C@H]2C[C@H](C)N(CCCc3noc4cc(F)ccc34)C2)sc2ccc(Cl)cc12,False,False,False
51155806,NC(=O)c1ccc2NC(=O)C3(CCCCN4CCC(=CC4)c4ccccc4)CCCc1c23,417.0,Ki (nM),NC(=O)c1ccc2c3c1CCCC3(CCCCN1CC=C(c3ccccc3)CC1)C(=O)N2,False,False,False
51408612,CC(=O)Nc1ccc(cc1)C(=O)CCCN1CCN(CC1)c1ccccn1,417.0,Ki (nM),CC(=O)Nc1ccc(C(=O)CCCN2CCN(c3ccccn3)CC2)cc1,False,False,False
51489108,O=c1[nH]c2cccc(N3CCN(Cc4ccc5ccccc5n4)CC3)c2[nH]1,417.0,Ki (nM),O=c1[nH]c2cccc(N3CCN(Cc4ccc5ccccc5n4)CC3)c2[nH]1,False,False,False
50706733,O=C1CN(CCCCNCC2CCc3ccccc3O2)C(=O)C2CCCN12,418.0,Ki (nM),O=C1C2CCCN2C(=O)CN1CCCCNCC1CCc2ccccc2O1,False,False,False
50653130,FC(F)(F)c1cccc(c1)N1CCN(CCCCn2cnc3c4ccccc4ncc3c2=O)CC1,418.0,Ki (nM),O=c1c2cnc3ccccc3c2ncn1CCCCN1CCN(c2cccc(C(F)(F)F)c2)CC1,False,False,False
50285775,OC1(CC2CCC(C1)N2CCCOc1ccc(F)cc1)c1ccc(Cl)cc1,420.0,Ki (nM),OC1(c2ccc(Cl)cc2)CC2CCC(C1)N2CCCOc1ccc(F)cc1,False,False,False
51282043,Fc1ccccc1N1CCN(CCCCCCN2C(=O)c3cccc4cccc2c34)CC1,420.0,Ki (nM),O=C1c2cccc3cccc(c23)N1CCCCCCN1CCN(c2ccccc2F)CC1,False,False,False
51408590,CC(=O)Nc1ccc(cc1)C(=O)CCCN1CCN(CC1)c1ccccn1,420.0,Ki (nM),CC(=O)Nc1ccc(C(=O)CCCN2CCN(c3ccccn3)CC2)cc1,False,False,False
836731,Clc1ccccc1-c1noc2CCNCCc12,425.0,Ki (nM),Clc1ccccc1-c1noc2c1CCNCC2,False,False,False
51068788,Clc1ccccc1-c1noc2CCNCCc12,425.0,Ki (nM),Clc1ccccc1-c1noc2c1CCNCC2,False,False,False
1466138,CCc1cc(OC)c(CCN)cc1OC,425.6,Ki (nM),CCc1cc(OC)c(CCN)cc1OC,False,False,False
50938123,O=C(CCCN1CCC(CC1)c1ccccc1)c1nc2ccccc2s1,425.8,Ki (nM),O=C(CCCN1CCC(c2ccccc2)CC1)c1nc2ccccc2s1,False,False,False
51196214,COc1ccccc1N1CCN(Cc2ccc3oc4ccccc4c(=O)c3c2)CC1,426.0,Ki (nM),COc1ccccc1N1CCN(Cc2ccc3oc4ccccc4c(=O)c3c2)CC1,False,False,False
50470678,CCNC(=O)c1cccc(NC2=NC(N)=NC3(CCCCC3)N2)c1,427.0,Ki (nM),CCNC(=O)c1cccc(NC2=NC(N)=NC3(CCCCC3)N2)c1,False,False,False
51070606,Clc1ccccc1-c1noc2CCNCCc12,427.0,Ki (nM),Clc1ccccc1-c1noc2c1CCNCC2,False,False,False
50958833,Cc1ccccc1C(=O)NC1CCN(CCSc2cccc(Cl)c2Cl)C1,427.0,Ki (nM),Cc1ccccc1C(=O)NC1CCN(CCSc2cccc(Cl)c2Cl)C1,False,False,False
51470917,COc1ccccc1OCCNc1nc(N)nc(NCCc2c[nH]c3ccccc23)n1,428.0,Ki (nM),COc1ccccc1OCCNc1nc(N)nc(NCCc2c[nH]c3ccccc23)n1,False,False,False
282707,CN1CCC(C1)c1ccccc1-c1ccc(C)cc1,430.03,Ki (nM),Cc1ccc(-c2ccccc2C2CCN(C)C2)cc1,False,False,False
223610,CN1CCC(C1)c1ccccc1-c1ccc(C)cc1,430.03,Ki (nM),Cc1ccc(-c2ccccc2C2CCN(C)C2)cc1,False,False,False
51282092,Clc1cccc(c1)N1CCN(CCCCCCN2c3cccc4cccc(c34)S2(=O)=O)CC1,432.0,Ki (nM),O=S1(=O)c2cccc3cccc(c23)N1CCCCCCN1CCN(c2cccc(Cl)c2)CC1,False,False,False
50076047,COc1ccccc1N1CCN(Cc2ccccc2-c2ccccc2)CC1,432.0,Ki (nM),COc1ccccc1N1CCN(Cc2ccccc2-c2ccccc2)CC1,False,False,False
50073030,COc1ccccc1N1CCN(Cc2ccccc2-c2ccccc2)CC1,432.0,Ki (nM),COc1ccccc1N1CCN(Cc2ccccc2-c2ccccc2)CC1,False,False,False
50250526,COc1ccccc1N1CCN(CCCCn2cnc3n(C)c(=O)n(C)c(=O)c23)CC1,434.0,Ki (nM),COc1ccccc1N1CCN(CCCCn2cnc3c2c(=O)n(C)c(=O)n3C)CC1,False,False,False
50096588,CN(CCCN1CCN(CC1)c1ccc2ccccc2c1)c1cccc(O)c1,434.0,Ki (nM),CN(CCCN1CCN(c2ccc3ccccc3c2)CC1)c1cccc(O)c1,False,False,False
51399272,COc1ccccc1N1CCN(CCCCCC(=O)Nc2ccc(cc2)C(C)C)CC1,434.0,Ki (nM),COc1ccccc1N1CCN(CCCCCC(=O)Nc2ccc(C(C)C)cc2)CC1,False,False,False
50688976,CN(C)Cc1cc2cn(c3cccc(o1)c23)S(=O)(=O)c1cccc2ccccc12,438.0,Ki (nM),CN(C)CC1=Cc2cn(S(=O)(=O)c3cccc4ccccc34)c3cccc(c23)O1,False,False,False
51337086,CN(C)C1CCc2c(C1)cccc2-c1c2ccccc2cc2ccccc12,450.0,Ki (nM),CN(C)C1CCc2c(cccc2-c2c3ccccc3cc3ccccc23)C1,False,False,False
50617361,[O-][N+](=O)c1ccc(cc1)-c1cn(Cc2ccccc2)c2CCNCc12,450.0,Ki (nM),O=[N+]([O-])c1ccc(-c2cn(Cc3ccccc3)c3c2CNCC3)cc1,False,False,False
792228,CCC(Oc1ccc(Cl)cc1OC1CCNCC1)c1cccc(c1)C(F)(F)F,450.0,Ki (nM),CCC(Oc1ccc(Cl)cc1OC1CCNCC1)c1cccc(C(F)(F)F)c1,False,False,False
50221377,Cc1ccc(Sc2ccccc2N2CCNCC2)c(C)c1,450.0,Ki (nM),Cc1ccc(Sc2ccccc2N2CCNCC2)c(C)c1,False,False,False
51399260,COc1ccccc1N1CCN(CCCCC(=O)Nc2ccc(cc2)C(C)C)CC1,451.0,Ki (nM),COc1ccccc1N1CCN(CCCCC(=O)Nc2ccc(C(C)C)cc2)CC1,False,False,False
223589,CCOc1ccc(cc1OC1CNC1)-c1ccccc1C,454.05,Ki (nM),CCOc1ccc(-c2ccccc2C)cc1OC1CNC1,False,False,False
282686,CCOc1ccc(cc1OC1CNC1)-c1ccccc1C,454.05,Ki (nM),CCOc1ccc(-c2ccccc2C)cc1OC1CNC1,False,False,False
51161223,CCOC(=O)[C@H]1CCCN(CCCC(C)(C)S(=O)(=O)c2ccccc2)C1,455.0,Ki (nM),CCOC(=O)[C@H]1CCCN(CCCC(C)(C)S(=O)(=O)c2ccccc2)C1,False,False,False
51344435,CCCC(=O)Nc1ccc2CC3N(C)CCc4cc(OC)c(OCC#C)c(-c2c1)c34,455.0,Ki (nM),C#CCOc1c(OC)cc2c3c1-c1cc(NC(=O)CCC)ccc1CC3N(C)CC2,False,False,False
50082453,CC1(C)N(CCCCCN2CCN(CC2)c2ccc(Cl)cc2)C(=O)N(Cc2ccc(Cl)cc2Cl)C1=O,456.0,Ki (nM),CC1(C)C(=O)N(Cc2ccc(Cl)cc2Cl)C(=O)N1CCCCCN1CCN(c2ccc(Cl)cc2)CC1,False,False,False
792213,CC(Oc1ccc(Cl)cc1OC1CNC1)c1cncs1,456.0,Ki (nM),CC(Oc1ccc(Cl)cc1OC1CNC1)c1cncs1,False,False,False
51229288,COc1ccc2[nH]cc(C3CCN(CCCCN4C(=O)CC(C4=O)c4c[nH]c5ccc(F)cc45)CC3)c2c1,458.0,Ki (nM),COc1ccc2[nH]cc(C3CCN(CCCCN4C(=O)CC(c5c[nH]c6ccc(F)cc56)C4=O)CC3)c2c1,False,False,False
51545189,CCCN1CCN(CC1)c1ccc2CCCC(N(C)C(=O)OCc3ccccc3)c2c1,459.0,Ki (nM),CCCN1CCN(c2ccc3c(c2)C(N(C)C(=O)OCc2ccccc2)CCC3)CC1,False,False,False
792471,Cc1ccccc1Oc1ccc(Cl)cc1OC1CNC1,460.0,Ki (nM),Cc1ccccc1Oc1ccc(Cl)cc1OC1CNC1,False,False,False
50192658,CN(C)CCc1cccc2n(ccc12)S(=O)(=O)c1ccccc1,460.0,Ki (nM),CN(C)CCc1cccc2c1ccn2S(=O)(=O)c1ccccc1,False,False,False
792454,CCc1noc(COc2ccc(Cl)cc2OC2CNC2)n1,461.0,Ki (nM),CCc1noc(COc2ccc(Cl)cc2OC2CNC2)n1,False,False,False
51315502,Clc1ccc(cc1)N1CCN(CCC(=O)N2CCN(CC2)c2ccccc2)CC1,462.0,Ki (nM),O=C(CCN1CCN(c2ccc(Cl)cc2)CC1)N1CCN(c2ccccc2)CC1,False,False,False
51315500,Clc1ccc(cc1)N1CCN(CCC(=O)N2CCN(CC2)c2ccccc2)CC1,462.0,Ki (nM),O=C(CCN1CCN(c2ccc(Cl)cc2)CC1)N1CCN(c2ccccc2)CC1,False,False,False
51501130,Clc1cccc(c1)N1CCN(CC1)C(=O)NCCCCCCn1nc2ccccn2c1=O,462.0,Ki (nM),O=C(NCCCCCCn1nc2ccccn2c1=O)N1CCN(c2cccc(Cl)c2)CC1,False,False,False
50223987,COc1ccc2onc(N3CCN(CCCCCC(=O)c4ccccc4O)CC3)c2c1,462.0,Ki (nM),COc1ccc2onc(N3CCN(CCCCCC(=O)c4ccccc4O)CC3)c2c1,False,False,False
163300,CCCN(CCC)C1CCc2cccc(O)c2C1,466.0,Ki (nM),CCCN(CCC)C1CCc2cccc(O)c2C1,False,False,False
50812864,CCCN(CCC)C1CCc2cccc(O)c2C1,466.0,Ki (nM),CCCN(CCC)C1CCc2cccc(O)c2C1,False,False,False
51060422,CCCN(CCC)C1CCc2c(O)cccc2C1,466.0,Ki (nM),CCCN(CCC)C1CCc2c(O)cccc2C1,False,False,False
162665,CCCN(CCC)C1CCc2cccc(O)c2C1,467.73,Ki (nM),CCCN(CCC)C1CCc2cccc(O)c2C1,False,False,False
336591,C(CN1CCO[C@H](COc2ccccc2)C1)N1CCc2ccccc12 |r|,468.0,Ki (nM),c1ccc(OC[C@@H]2CN(CCN3CCc4ccccc43)CCO2)cc1,False,False,False
282693,Cc1cc(ccc1F)-c1ccc(Cl)cc1OC1CNC1,470.0,Ki (nM),Cc1cc(-c2ccc(Cl)cc2OC2CNC2)ccc1F,False,False,False
223596,Cc1cc(ccc1F)-c1ccc(Cl)cc1OC1CNC1,470.0,Ki (nM),Cc1cc(-c2ccc(Cl)cc2OC2CNC2)ccc1F,False,False,False
51399252,COc1ccccc1N1CCN(CCCC(=O)Nc2ccccc2O)CC1,471.0,Ki (nM),COc1ccccc1N1CCN(CCCC(=O)Nc2ccccc2O)CC1,False,False,False
51602988,CC(=O)c1ccc(OCC(O)CN2CCN(c3cccc(Cl)c3)CC2)cc1,471.0,Ki (nM),CC(=O)c1ccc(OCC(O)CN2CCN(c3cccc(Cl)c3)CC2)cc1,False,False,False
50285774,OC1(CC2CCC(C1)N2CCCCc1ccc(F)cc1)c1ccc(Cl)cc1,472.0,Ki (nM),OC1(c2ccc(Cl)cc2)CC2CCC(C1)N2CCCCc1ccc(F)cc1,False,False,False
50470675,CCOC(=O)c1cccc(NC2=NC(N)=NC3(CCCCC3)N2)c1,472.0,Ki (nM),CCOC(=O)c1cccc(NC2=NC(N)=NC3(CCCCC3)N2)c1,False,False,False
792224,CC(Oc1ccc(Cl)cc1OC1CCNCC1)c1cccc(OC(F)(F)F)c1,472.0,Ki (nM),CC(Oc1ccc(Cl)cc1OC1CCNCC1)c1cccc(OC(F)(F)F)c1,False,False,False
50333403,Cn1c2nc3n(CCCCCN4CCN(CC4)c4ccccc4O)c(=O)ccn3c2c(=O)n(C)c1=O,473.0,Ki (nM),Cn1c(=O)c2c(nc3n(CCCCCN4CCN(c5ccccc5O)CC4)c(=O)ccn23)n(C)c1=O,False,False,False
51470918,Nc1nc(NCCOc2cccc(Cl)c2Cl)nc(NCCc2c[nH]c3ccccc23)n1,474.0,Ki (nM),Nc1nc(NCCOc2cccc(Cl)c2Cl)nc(NCCc2c[nH]c3ccccc23)n1,False,False,False
51281979,O=C1N(CCCCCCN2CCN(CC2)c2ncccn2)c2cccc3cccc1c23,475.0,Ki (nM),O=C1c2cccc3cccc(c23)N1CCCCCCN1CCN(c2ncccn2)CC1,False,False,False
50081688,NC(=O)[C@@H]1Cc2ccccc2CN1C(=O)CCCCCN1CCN(CC1)c1ccccc1O,476.0,Ki (nM),NC(=O)[C@@H]1Cc2ccccc2CN1C(=O)CCCCCN1CCN(c2ccccc2O)CC1,False,False,False
50845990,CCOc1nc2n(C)c(=O)n(C)c(=O)c2n1CCCN1CCN(CC1)c1ccccc1,477.0,Ki (nM),CCOc1nc2c(c(=O)n(C)c(=O)n2C)n1CCCN1CCN(c2ccccc2)CC1,False,False,False
50081746,NC(=O)[C@@H]1CCCN1C(=O)CCCCCN1CCN(CC1)c1cccc(Cl)c1,478.0,Ki (nM),NC(=O)[C@@H]1CCCN1C(=O)CCCCCN1CCN(c2cccc(Cl)c2)CC1,False,False,False
50250525,Cn1c2ncn(CCCCN3CCN(CC3)c3cccc(Cl)c3)c2c(=O)n(C)c1=O,479.0,Ki (nM),Cn1c(=O)c2c(ncn2CCCCN2CCN(c3cccc(Cl)c3)CC2)n(C)c1=O,False,False,False
455119,CN(C)CCCN1c2ccccc2Sc2ccc(Cl)cc12,480.0,Ki (nM),CN(C)CCCN1c2ccccc2Sc2ccc(Cl)cc21,False,False,False
50653125,COc1cccc(c1)N1CCN(CCCCn2cnc3c4ccccc4ncc3c2=O)CC1,484.0,Ki (nM),COc1cccc(N2CCN(CCCCn3cnc4c(cnc5ccccc54)c3=O)CC2)c1,False,False,False
51412593,Clc1ccc(cc1)N1CCN(CCCCCCN2C(=O)c3ccccc3S2(=O)=O)CC1,487.0,Ki (nM),O=C1c2ccccc2S(=O)(=O)N1CCCCCCN1CCN(c2ccc(Cl)cc2)CC1,False,False,False
51412603,Clc1cccc(N2CCN(CCCCCCN3C(=O)c4ccccc4S3(=O)=O)CC2)c1Cl,487.0,Ki (nM),O=C1c2ccccc2S(=O)(=O)N1CCCCCCN1CCN(c2cccc(Cl)c2Cl)CC1,False,False,False
406521,Brc1ccc2ccn(CCN3CCCN4CCCCC4C3)c2n1,492.0,Ki (nM),Brc1ccc2ccn(CCN3CCCN4CCCCC4C3)c2n1,False,False,False
792420,C[C@@H]1[C@@H](CN1Cc1ccccc1)Oc1cc(Br)ccc1OCc1cccc(F)c1,493.0,Ki (nM),C[C@@H]1[C@H](Oc2cc(Br)ccc2OCc2cccc(F)c2)CN1Cc1ccccc1,False,False,False
50706731,Oc1c2CCSn2c(=O)n1CCCCNCC1CCc2ccccc2O1,493.0,Ki (nM),O=c1n(CCCCNCC2CCc3ccccc3O2)c(O)c2n1SCC2,False,False,False
50081738,CSc1ccccc1N1CCN(CCCCCCC(=O)N2CCC[C@H]2C(N)=O)CC1,495.0,Ki (nM),CSc1ccccc1N1CCN(CCCCCCC(=O)N2CCC[C@H]2C(N)=O)CC1,False,False,False
50289692,CC(=O)c1cccc(c1)N1CCN(CCCCCC(=O)NC2CCCc3ccccc23)CC1,496.0,Ki (nM),CC(=O)c1cccc(N2CCN(CCCCCC(=O)NC3CCCc4ccccc43)CC2)c1,False,False,False
51399259,COc1ccccc1N1CCN(CCCCC(=O)Nc2ccc(cc2)C(C)(C)C)CC1,496.0,Ki (nM),COc1ccccc1N1CCN(CCCCC(=O)Nc2ccc(C(C)(C)C)cc2)CC1,False,False,False
50525073,Clc1ccc(cc1)-[#6](=[#6][#6]-[#6]-[#7]-1-[#6]-[#6]-c2ccccc2-[#6]-1)c1ccc(Cl)cc1,497.0,Ki (nM),Clc1ccc(C(=[C][C][C]N2[C][C]c3ccccc3[C]2)c2ccc(Cl)cc2)cc1,False,False,False
50456617,COc1c(OCCF)cccc1C(O)C1CCN(CCc2ccc(C)cc2)CC1,498.0,Ki (nM),COc1c(OCCF)cccc1C(O)C1CCN(CCc2ccc(C)cc2)CC1,False,False,False
50376769,COc1cc2CCN(Cc2cc1OC)\C=N\c1ccc2CCCCC(OC(C)=O)c2c1,500.0,Ki (nM),COc1cc2c(cc1OC)CN(/C=N/c1ccc3c(c1)C(OC(C)=O)CCCC3)CC2,False,False,False
50871503,COc1ccccc1CNCCc1cc(OC)c(I)cc1OC,,Ki (nM),COc1cc(CCNCc2ccccc2OC)c(OC)cc1I,False,False,False
792132,CN1CC[C@H](C1)Oc1ccc(Cl)cc1OCc1ccccc1,500.0,Ki (nM),CN1CC[C@@H](Oc2ccc(Cl)cc2OCc2ccccc2)C1,False,False,False
854081,O=C1NCCc2ccc(OCCCN3CCN(CC3)c3cccc4sccc34)cc12,500.0,Ki (nM),O=C1NCCc2ccc(OCCCN3CCN(c4cccc5sccc45)CC3)cc21,False,False,False
50906732,O=C(c1nc2c(cccc2[nH]1)N1CCNCC1)c1ccccc1,,Ki (nM),O=C(c1ccccc1)c1nc2c(N3CCNCC3)cccc2[nH]1,False,False,False
50906733,CN1CCN(CC1)c1ccc2nc(Cc3ccc4ccccc4c3)[nH]c2c1,,Ki (nM),CN1CCN(c2ccc3nc(Cc4ccc5ccccc5c4)[nH]c3c2)CC1,False,False,False
50906734,C(c1nc2ccc(cc2[nH]1)N1CCNCC1)c1ccc2ccccc2c1,,Ki (nM),c1ccc2cc(Cc3nc4ccc(N5CCNCC5)cc4[nH]3)ccc2c1,False,False,False
50906735,CN1CCN(CC1)c1ccc2nc(Cc3cccc4ccccc34)[nH]c2c1,,Ki (nM),CN1CCN(c2ccc3nc(Cc4cccc5ccccc45)[nH]c3c2)CC1,False,False,False
50812832,Clc1ccc2Oc3ccccc3N=C(N3CCNCC3)c2c1,500.0,Ki (nM),Clc1ccc2c(c1)C(N1CCNCC1)=Nc1ccccc1O2,False,False,False
170661,c1cc(ccc1C(=O)CCCN2CCC(CC2)(c3ccc(cc3)Cl)O)F,500.0,Ki (nM),O=C(CCCN1CCC(O)(c2ccc(Cl)cc2)CC1)c1ccc(F)cc1,False,False,False
50906744,O=C(c1nc2ccc(cc2[nH]1)N1CCNCC1)c1ccc2ccccc2c1,,Ki (nM),O=C(c1ccc2ccccc2c1)c1nc2ccc(N3CCNCC3)cc2[nH]1,False,False,False
50906745,CN1CCN(CC1)c1ccc2nc([nH]c2c1)C(=O)c1ccc2ccccc2c1,,Ki (nM),CN1CCN(c2ccc3nc(C(=O)c4ccc5ccccc5c4)[nH]c3c2)CC1,False,False,False
51463776,CN(C)[C@@H]1CCc2[nH]c3ccc(NC(=O)c4ccc(F)cc4)cc3c2C1,,Ki (nM),CN(C)[C@@H]1CCc2[nH]c3ccc(NC(=O)c4ccc(F)cc4)cc3c2C1,False,False,False
50906746,CN1CCN(CC1)c1ccc2nc([nH]c2c1)C(=O)c1cccc2ccccc12,,Ki (nM),CN1CCN(c2ccc3nc(C(=O)c4cccc5ccccc45)[nH]c3c2)CC1,False,False,False
50906747,CN1CCN(CC1)c1ccc2nc([nH]c2c1)C(=O)c1ccccc1,,Ki (nM),CN1CCN(c2ccc3nc(C(=O)c4ccccc4)[nH]c3c2)CC1,False,False,False
50906748,CN1CCN(CC1)c1cccc2[nH]c(nc12)C(=O)c1ccc2ccccc2c1,,Ki (nM),CN1CCN(c2cccc3[nH]c(C(=O)c4ccc5ccccc5c4)nc23)CC1,False,False,False
50906749,CN1CCN(CC1)c1cccc2[nH]c(nc12)C(=O)c1cccc2ccccc12,,Ki (nM),CN1CCN(c2cccc3[nH]c(C(=O)c4cccc5ccccc45)nc23)CC1,False,False,False
50906750,O=C(c1nc2c(cccc2[nH]1)N1CCNCC1)c1cccc2ccccc12,,Ki (nM),O=C(c1nc2c(N3CCNCC3)cccc2[nH]1)c1cccc2ccccc12,False,False,False
50906751,CN1CCN(CC1)c1cccc2[nH]c(nc12)C(=O)c1ccccc1,,Ki (nM),CN1CCN(c2cccc3[nH]c(C(=O)c4ccccc4)nc23)CC1,False,False,False
50906736,C(c1nc2ccc(cc2[nH]1)N1CCNCC1)c1cccc2ccccc12,,Ki (nM),c1ccc2c(Cc3nc4ccc(N5CCNCC5)cc4[nH]3)cccc2c1,False,False,False
50906737,CN1CCN(CC1)c1ccc2nc(Cc3ccccc3)[nH]c2c1,,Ki (nM),CN1CCN(c2ccc3nc(Cc4ccccc4)[nH]c3c2)CC1,False,False,False
50906738,C(c1nc2ccc(cc2[nH]1)N1CCNCC1)c1ccccc1,,Ki (nM),c1ccc(Cc2nc3ccc(N4CCNCC4)cc3[nH]2)cc1,False,False,False
50906739,C(c1nc2c(cccc2[nH]1)N1CCNCC1)c1ccc2ccccc2c1,,Ki (nM),c1ccc2cc(Cc3nc4c(N5CCNCC5)cccc4[nH]3)ccc2c1,False,False,False
50906740,CN1CCN(CC1)c1cccc2[nH]c(Cc3cccc4ccccc34)nc12,,Ki (nM),CN1CCN(c2cccc3[nH]c(Cc4cccc5ccccc45)nc23)CC1,False,False,False
50906741,C(c1nc2c(cccc2[nH]1)N1CCNCC1)c1cccc2ccccc12,,Ki (nM),c1ccc2c(Cc3nc4c(N5CCNCC5)cccc4[nH]3)cccc2c1,False,False,False
50906742,CN1CCN(CC1)c1cccc2[nH]c(Cc3ccccc3)nc12,,Ki (nM),CN1CCN(c2cccc3[nH]c(Cc4ccccc4)nc23)CC1,False,False,False
50906743,C(c1nc2c(cccc2[nH]1)N1CCNCC1)c1ccccc1,,Ki (nM),c1ccc(Cc2nc3c(N4CCNCC4)cccc3[nH]2)cc1,False,False,False
51249147,CCCN(CCC)C1CCc2cccc(O)c2C1,501.0,Ki (nM),CCCN(CCC)C1CCc2cccc(O)c2C1,False,False,False
50524959,Clc1ccc(cc1)-[#6](=[#6][#6]-[#6]-[#7]-1-[#6]-[#6]-c2ccccc2-[#6]-1)c1ccc(Cl)cc1,501.0,Ki (nM),Clc1ccc(C(=[C][C][C]N2[C][C]c3ccccc3[C]2)c2ccc(Cl)cc2)cc1,False,False,False
51159842,Cc1ccc2c(OCCN3CCN(Cc4cccc5cccnc45)CC3)cccc2n1,501.0,Ki (nM),Cc1ccc2c(OCCN3CCN(Cc4cccc5cccnc45)CC3)cccc2n1,False,False,False
51068933,Cc1cccc(c1)-c1noc2CCNCCc12,501.0,Ki (nM),Cc1cccc(-c2noc3c2CCNCC3)c1,False,False,False
160257,[#6]-[#7]-1-[#6]-[#6]\[#6](-[#6]-[#6]-1)=[#6]-1/c2ccccc2-[#6]=[#6]-c2ccccc-12 |c:16|,501.18,Ki (nM),[C]N1[C][C]C(=C2c3ccccc3[C]=[C]c3ccccc32)[C][C]1,False,False,False
174872,c1cc(ccc1C(=O)CCCN2CCC(CC2)(c3ccc(cc3)Cl)O)F,501.18,Ki (nM),O=C(CCCN1CCC(O)(c2ccc(Cl)cc2)CC1)c1ccc(F)cc1,False,False,False
174920,OC(CN1CCN(CC1)c1cccc(Cl)c1)C(c1ccccc1)c1ccccc1,501.18,Ki (nM),OC(CN1CCN(c2cccc(Cl)c2)CC1)C(c1ccccc1)c1ccccc1,False,False,False
178483,CC(C)NCC(O)COc1cccc2[nH]ccc12,501.19,Ki (nM),CC(C)NCC(O)COc1cccc2[nH]ccc12,False,False,False
174185,CNS(=O)(=O)Cc1ccc2[nH]cc(CCN(C)C)c2c1,501.19,Ki (nM),CNS(=O)(=O)Cc1ccc2[nH]cc(CCN(C)C)c2c1,False,False,False
174142,CCCN(CCC)C1CCc2cccc(O)c2C1,501.19,Ki (nM),CCCN(CCC)C1CCc2cccc(O)c2C1,False,False,False
50302297,Clc1cccc(c1)N1CCN(CCCCn2cnc3ccccc3c2=O)CC1,502.0,Ki (nM),O=c1c2ccccc2ncn1CCCCN1CCN(c2cccc(Cl)c2)CC1,False,False,False
836734,Cc1cccc(c1)-c1noc2CCNCCc12,506.0,Ki (nM),Cc1cccc(-c2noc3c2CCNCC3)c1,False,False,False
170673,CNS(=O)(=O)Cc1ccc2[nH]cc(CCN(C)C)c2c1,506.0,Ki (nM),CNS(=O)(=O)Cc1ccc2[nH]cc(CCN(C)C)c2c1,False,False,False
792400,Clc1cccc(COc2ccc(cc2OC2CNC2)-c2ccsc2)c1,506.0,Ki (nM),Clc1cccc(COc2ccc(-c3ccsc3)cc2OC2CNC2)c1,False,False,False
51068789,Cc1cccc(c1)-c1noc2CCNCCc12,506.0,Ki (nM),Cc1cccc(-c2noc3c2CCNCC3)c1,False,False,False
1465770,COc1cc(CC(C)N)c(OC)cc1Br,506.3,Ki (nM),COc1cc(CC(C)N)c(OC)cc1Br,False,False,False
223587,Cc1ccccc1-c1ccc(C#N)c(OC2CNC2)c1,508.04,Ki (nM),Cc1ccccc1-c1ccc(C#N)c(OC2CNC2)c1,False,False,False
282684,Cc1ccccc1-c1ccc(C#N)c(OC2CNC2)c1,508.04,Ki (nM),Cc1ccccc1-c1ccc(C#N)c(OC2CNC2)c1,False,False,False
50333392,Cc1cn2c(nc3n(C)c(=O)n(C)c(=O)c23)n1CCCCN1CCN(CC1)c1ccccc1O,510.0,Ki (nM),Cc1cn2c3c(=O)n(C)c(=O)n(C)c3nc2n1CCCCN1CCN(c2ccccc2O)CC1,False,False,False
50192697,CCOC(=O)c1[nH]c2ccccc2c1CCN(C)C,510.0,Ki (nM),CCOC(=O)c1[nH]c2ccccc2c1CCN(C)C,False,False,False
50503715,O=C(CCCCN1CCC2(CC1)N(CNC2=O)c1ccccc1)c1nc2ccccc2s1,513.0,Ki (nM),O=C(CCCCN1CCC2(CC1)C(=O)NCN2c1ccccc1)c1nc2ccccc2s1,False,False,False
51377851,C[C@@H]([C@H](O)c1ccc(O)cc1)N1CCC(Cc2ccccc2)CC1,513.0,Ki (nM),C[C@@H]([C@H](O)c1ccc(O)cc1)N1CCC(Cc2ccccc2)CC1,False,False,False
50468038,CN(CCCCC(=O)n1c2ccccc2c2ccccc12)Cc1ccccc1,513.0,Ki (nM),CN(CCCCC(=O)n1c2ccccc2c2ccccc21)Cc1ccccc1,False,False,False
51399271,COc1ccccc1N1CCN(CCCCCC(=O)Nc2ccc(cc2)C(C)(C)C)CC1,514.0,Ki (nM),COc1ccccc1N1CCN(CCCCCC(=O)Nc2ccc(C(C)(C)C)cc2)CC1,False,False,False
51264581,CN1CCN(CC1)c1nc(N)nc(COc2ccccc2C)n1,514.0,Ki (nM),Cc1ccccc1OCc1nc(N)nc(N2CCN(C)CC2)n1,False,False,False
50353448,O=C1NC2(CCC(CC2)c2ccccc2)C(=O)N1CCCCN1CCN(CC1)c1ccccc1,515.0,Ki (nM),O=C1NC2(CCC(c3ccccc3)CC2)C(=O)N1CCCCN1CCN(c2ccccc2)CC1,False,False,False
51399277,COc1ccccc1CNC(=O)CCCCCN1CCN(CC1)c1ccccc1OC,515.0,Ki (nM),COc1ccccc1CNC(=O)CCCCCN1CCN(c2ccccc2OC)CC1,False,False,False
50470676,CCOC(=O)c1cccc(NC2=NC(=NC3(CCCCC3)N2)N(C)C)c1,516.0,Ki (nM),CCOC(=O)c1cccc(NC2=NC(N(C)C)=NC3(CCCCC3)N2)c1,False,False,False
50938126,O=C(CCCCN1CCC2(CC1)N(CNC2=O)c1ccccc1)c1nc2ccccc2s1,518.0,Ki (nM),O=C(CCCCN1CCC2(CC1)C(=O)NCN2c1ccccc1)c1nc2ccccc2s1,False,False,False
50503657,O=C(CCCCN1CCC2(CC1)N(CNC2=O)c1ccccc1)c1nc2ccccc2s1,518.0,Ki (nM),O=C(CCCCN1CCC2(CC1)C(=O)NCN2c1ccccc1)c1nc2ccccc2s1,False,False,False
50284502,COc1ccc2CN(CCCNS(=O)(=O)c3ccc(C)cc3)CCc2c1,520.0,Ki (nM),COc1ccc2c(c1)CCN(CCCNS(=O)(=O)c1ccc(C)cc1)C2,False,False,False
50817658,Cc1[nH]c2ccc(Cl)cc2c1C1=CCN(CCNS(=O)(=O)c2ccc3ccccc3c2)CC1,520.0,Ki (nM),Cc1[nH]c2ccc(Cl)cc2c1C1=CCN(CCNS(=O)(=O)c2ccc3ccccc3c2)CC1,False,False,False
50324480,CN1CCc2c(C1)sc1ncn(CCN3CCN(CC3)c3cncc4ccccc34)c(=O)c21,520.0,Ki (nM),CN1CCc2c(sc3ncn(CCN4CCN(c5cncc6ccccc56)CC4)c(=O)c23)C1,False,False,False
51230285,CN(CCc1c[nH]c2ccccc12)Cc1ccc(o1)-c1ccccc1,525.0,Ki (nM),CN(CCc1c[nH]c2ccccc12)Cc1ccc(-c2ccccc2)o1,False,False,False
223590,Cc1ccccc1-c1ccc(OCC(F)(F)F)c(OC2CNC2)c1,525.05,Ki (nM),Cc1ccccc1-c1ccc(OCC(F)(F)F)c(OC2CNC2)c1,False,False,False
282687,Cc1ccccc1-c1ccc(OCC(F)(F)F)c(OC2CNC2)c1,525.05,Ki (nM),Cc1ccccc1-c1ccc(OCC(F)(F)F)c(OC2CNC2)c1,False,False,False
51037301,Clc1ccc(cc1)C(=O)N1CCN(CCN2CCC3(C2)C(=O)Nc2ccccc32)CC1,529.0,Ki (nM),O=C(c1ccc(Cl)cc1)N1CCN(CCN2CCC3(C2)C(=O)Nc2ccccc23)CC1,False,False,False
51285683,CCn1cncc1-c1c[nH]c2ccccc12,531.0,Ki (nM),CCn1cncc1-c1c[nH]c2ccccc12,False,False,False
170585,FC(F)(F)c1cccc(c1)N1CCNCC1,532.0,Ki (nM),FC(F)(F)c1cccc(N2CCNCC2)c1,False,False,False
223575,COc1ccc(cc1OC1CN(C1)C(C)C)-c1ccccc1Cl,532.97,Ki (nM),COc1ccc(-c2ccccc2Cl)cc1OC1CN(C(C)C)C1,False,False,False
282672,COc1ccc(cc1OC1CN(C1)C(C)C)-c1ccccc1Cl,532.97,Ki (nM),COc1ccc(-c2ccccc2Cl)cc1OC1CN(C(C)C)C1,False,False,False
50617372,Clc1ccc(cc1)-c1cn(Cc2cccc(Cl)c2)c2CCNCc12,533.0,Ki (nM),Clc1ccc(-c2cn(Cc3cccc(Cl)c3)c3c2CNCC3)cc1,False,False,False
51120123,Cc1ccccc1OCCN1CCC(CC1)NS(=O)(=O)c1ccccc1,534.0,Ki (nM),Cc1ccccc1OCCN1CCC(NS(=O)(=O)c2ccccc2)CC1,False,False,False
50073228,C(N1CCN(CC1)c1ccccc1)c1ccccc1-c1ccccc1,537.0,Ki (nM),c1ccc(-c2ccccc2CN2CCN(c3ccccc3)CC2)cc1,False,False,False
50076007,C(N1CCN(CC1)c1ccccc1)c1ccccc1-c1ccccc1,537.0,Ki (nM),c1ccc(-c2ccccc2CN2CCN(c3ccccc3)CC2)cc1,False,False,False
50154796,CN1CCc2ccc3[C@H](NC(C)=O)c4cccc5C[C@@H]1c2c3-c45,538.0,Ki (nM),CC(=O)N[C@@H]1c2cccc3c2-c2c1ccc1c2[C@@H](C3)N(C)CC1,False,False,False
38654,CC(C)(C)c1ccccc1N1CCN(CCCCCC(=O)NC2CCCc3ccccc23)CC1,538.0,Ki (nM),CC(C)(C)c1ccccc1N1CCN(CCCCCC(=O)NC2CCCc3ccccc32)CC1,False,False,False
792477,Clc1ccc(Oc2ccc3cccnc3n2)c(OC2CNC2)c1,544.0,Ki (nM),Clc1ccc(Oc2ccc3cccnc3n2)c(OC2CNC2)c1,False,False,False
170691,c1cc(c(cc1CCN)O)O,545.0,Ki (nM),NCCc1ccc(O)c(O)c1,False,False,False
170698,NCC(O)c1ccc(O)c(O)c1,545.0,Ki (nM),NCC(O)c1ccc(O)c(O)c1,False,False,False
170699,CC(C)NCC(O)COc1cccc2[nH]ccc12,545.0,Ki (nM),CC(C)NCC(O)COc1cccc2[nH]ccc12,False,False,False
170701,CNS(=O)(=O)Cc1ccc2[nH]cc(CCN(C)C)c2c1,545.0,Ki (nM),CNS(=O)(=O)Cc1ccc2[nH]cc(CCN(C)C)c2c1,False,False,False
51265569,COc1ccc(cc1)-c1c2CCCCn2c(=O)n(CCCCN2CCCC(C2)c2c[nH]c3ccc(OC)cc23)c1=O,546.0,Ki (nM),COc1ccc(-c2c3n(c(=O)n(CCCCN4CCCC(c5c[nH]c6ccc(OC)cc56)C4)c2=O)CCCC3)cc1,False,False,False
51120132,CC(C)c1cccc(OCCN2CCC(CC2)NS(=O)(=O)c2ccccc2)c1,547.0,Ki (nM),CC(C)c1cccc(OCCN2CCC(NS(=O)(=O)c3ccccc3)CC2)c1,False,False,False
161663,CCNC(=O)N1CCN(CCCC(c2ccc(F)cc2)c2ccc(F)cc2)CC1,549.0,Ki (nM),CCNC(=O)N1CCN(CCCC(c2ccc(F)cc2)c2ccc(F)cc2)CC1,False,False,False
50468080,CC1CCCN(CCCCCC(=O)n2c3ccccc3c3ccccc23)C1,550.0,Ki (nM),CC1CCCN(CCCCCC(=O)n2c3ccccc3c3ccccc32)C1,False,False,False
175513,CCNC(=O)N1CCN(CCCC(c2ccc(F)cc2)c2ccc(F)cc2)CC1,550.0,Ki (nM),CCNC(=O)N1CCN(CCCC(c2ccc(F)cc2)c2ccc(F)cc2)CC1,False,False,False
153849,CN1CCc2cccc-3c2[C@H]1Cc4c3c(c(cc4)O)O,550.0,Ki (nM),CN1CCc2cccc3c2[C@H]1Cc1ccc(O)c(O)c1-3,False,False,False
51161248,CC1CCN(CCCC2(CCC2)S(=O)(=O)c2ccccc2)CC1,550.0,Ki (nM),CC1CCN(CCCC2(S(=O)(=O)c3ccccc3)CCC2)CC1,False,False,False
50081685,COc1ccccc1N1CCN(CCCCC(=O)N2Cc3ccccc3C[C@H]2C(N)=O)CC1,551.0,Ki (nM),COc1ccccc1N1CCN(CCCCC(=O)N2Cc3ccccc3C[C@H]2C(N)=O)CC1,False,False,False
51223548,O=C1N(CCCCCCN2CCN(CC2)c2ccccn2)S(=O)(=O)c2ccccc12,552.0,Ki (nM),O=C1c2ccccc2S(=O)(=O)N1CCCCCCN1CCN(c2ccccn2)CC1,False,False,False
50551618,CN(C)CCSc1ccccc1-c1ccccc1,553.0,Ki (nM),CN(C)CCSc1ccccc1-c1ccccc1,False,False,False
50284500,CCN(CCCN1CCc2cc(OC)ccc2C1)S(=O)(=O)c1cccc2ccccc12,560.0,Ki (nM),CCN(CCCN1CCc2cc(OC)ccc2C1)S(=O)(=O)c1cccc2ccccc12,False,False,False
50503665,Fc1ccc(cc1)C(N1CCN(CCCCC(=O)c2nc3ccccc3s2)CC1)c1ccc(F)cc1,562.0,Ki (nM),O=C(CCCCN1CCN(C(c2ccc(F)cc2)c2ccc(F)cc2)CC1)c1nc2ccccc2s1,False,False,False
50503722,Fc1ccc(cc1)C(N1CCN(CCCCC(=O)c2nc3ccccc3s2)CC1)c1ccc(F)cc1,562.0,Ki (nM),O=C(CCCCN1CCN(C(c2ccc(F)cc2)c2ccc(F)cc2)CC1)c1nc2ccccc2s1,False,False,False
53780,COc1ccc(cc1)-n1c2ccccc2n(CCN2CCN(CC2)c2ccccc2)c1=O,566.0,Ki (nM),COc1ccc(-n2c(=O)n(CCN3CCN(c4ccccc4)CC3)c3ccccc32)cc1,False,False,False
51031811,COc1ccccc1N1CCN(CC(O)CN2C(=O)NC(C2=O)(c2ccccc2)c2ccccc2)CC1,566.0,Ki (nM),COc1ccccc1N1CCN(CC(O)CN2C(=O)NC(c3ccccc3)(c3ccccc3)C2=O)CC1,False,False,False
50081739,CSc1ccccc1N1CCN(Cc2ccc(cc2)C(=O)N2CCC[C@H]2C(N)=O)CC1,567.0,Ki (nM),CSc1ccccc1N1CCN(Cc2ccc(C(=O)N3CCC[C@H]3C(N)=O)cc2)CC1,False,False,False
51366659,Fc1ccc(cc1)C(=O)CCCN1CCCN(CC1)c1ccccn1,569.0,Ki (nM),O=C(CCCN1CCCN(c2ccccn2)CC1)c1ccc(F)cc1,False,False,False
51366675,Fc1ccc(cc1)C(=O)CCCN1CCCN(CC1)c1ccccn1,569.0,Ki (nM),O=C(CCCN1CCCN(c2ccccn2)CC1)c1ccc(F)cc1,False,False,False
51488594,Clc1cccc(N2CCN(CCCN3CCN(CC3)c3ncccc3C#N)CC2)c1Cl,570.0,Ki (nM),N#Cc1cccnc1N1CCN(CCCN2CCN(c3cccc(Cl)c3Cl)CC2)CC1,False,False,False
170583,CNS(=O)(=O)Cc1ccc2[nH]cc(CCN(C)C)c2c1,570.0,Ki (nM),CNS(=O)(=O)Cc1ccc2[nH]cc(CCN(C)C)c2c1,False,False,False
50387094,COc1ccccc1N1CCN(CCc2cccc(OCCCCCCCCOc3cccc(CCN4CCN(CC4)c4ccccc4OC)c3)c2)CC1,573.0,Ki (nM),COc1ccccc1N1CCN(CCc2cccc(OCCCCCCCCOc3cccc(CCN4CCN(c5ccccc5OC)CC4)c3)c2)CC1,False,False,False
161676,CC1CCN(CCCC(=O)c2ccc(F)cc2)CC1,578.0,Ki (nM),CC1CCN(CCCC(=O)c2ccc(F)cc2)CC1,False,False,False
854078,CN1CCc2ccc(OCCCN3CCN(CC3)c3cccc4sccc34)cc2C1=O,579.0,Ki (nM),CN1CCc2ccc(OCCCN3CCN(c4cccc5sccc45)CC3)cc2C1=O,False,False,False
50608352,CN1CCN(CC1)c1ccc2[nH]nc(c2c1)S(=O)(=O)c1cccc2ccccc12,579.0,Ki (nM),CN1CCN(c2ccc3[nH]nc(S(=O)(=O)c4cccc5ccccc45)c3c2)CC1,False,False,False
50081687,COc1ccccc1N1CCN(Cc2ccc(cc2)C(=O)N2Cc3ccccc3C[C@H]2C(N)=O)CC1,579.0,Ki (nM),COc1ccccc1N1CCN(Cc2ccc(C(=O)N3Cc4ccccc4C[C@H]3C(N)=O)cc2)CC1,False,False,False
153852,Clc1cccc(Cl)c1\[#7]=[#6]-1\[#7]-[#6]-[#6]-[#7]-1,580.0,Ki (nM),Clc1cccc(Cl)c1N=C1[N][C][C][N]1,False,False,False
51602992,OC(COc1ccc2c(c1)CCC2)CN1CCN(c2ccccc2)CC1,587.0,Ki (nM),OC(COc1ccc2c(c1)CCC2)CN1CCN(c2ccccc2)CC1,False,False,False
50468033,CC1CCN(CCCCC(=O)n2c3ccccc3c3ccccc23)CC1,589.0,Ki (nM),CC1CCN(CCCCC(=O)n2c3ccccc3c3ccccc32)CC1,False,False,False
51463775,CN1CCC(CC1)C(=O)c1cccc(NC(=O)c2c(F)cc(F)cc2F)n1,,Ki (nM),CN1CCC(C(=O)c2cccc(NC(=O)c3c(F)cc(F)cc3F)n2)CC1,False,False,False
792214,CC(Oc1ccc(Cl)cc1OC1CNC1)c1nccs1,591.0,Ki (nM),CC(Oc1ccc(Cl)cc1OC1CNC1)c1nccs1,False,False,False
50468032,CC1CCN(CCCCC(=O)n2c3ccccc3c3ccccc23)CC1,592.0,Ki (nM),CC1CCN(CCCCC(=O)n2c3ccccc3c3ccccc32)CC1,False,False,False
50407410,CC1(C(=O)Nc2cc(Cl)cc(Cl)c2C1=O)c1cccc(OCc2ccccc2)c1,600.0,Ki (nM),CC1(c2cccc(OCc3ccccc3)c2)C(=O)Nc2cc(Cl)cc(Cl)c2C1=O,False,False,False
50166638,COc1ccc2n(cc(CCN(C)C)c2c1)S(=O)(=O)c1ccccc1,600.0,Ki (nM),COc1ccc2c(c1)c(CCN(C)C)cn2S(=O)(=O)c1ccccc1,False,False,False
154120,CNCC(O)c1ccc(O)c(O)c1,600.0,Ki (nM),CNCC(O)c1ccc(O)c(O)c1,False,False,False
51337106,CN(C)[C@@H]1CCc2c(C1)cccc2-c1cccn1C,600.0,Ki (nM),CN(C)[C@@H]1CCc2c(cccc2-c2cccn2C)C1,False,False,False
51120122,O=S(=O)(NC1CCN(CCOc2cccc(c2)-c2ccccc2)CC1)c1ccccc1,602.0,Ki (nM),O=S(=O)(NC1CCN(CCOc2cccc(-c3ccccc3)c2)CC1)c1ccccc1,False,False,False
51489107,COc1cc2ncnc(N3CCC(CN4CCc5ccccc5C4)C3)c2cc1OC,603.0,Ki (nM),COc1cc2ncnc(N3CCC(CN4CCc5ccccc5C4)C3)c2cc1OC,False,False,False
50468040,CN(CCCCCC(=O)n1c2ccccc2c2ccccc12)Cc1ccccc1,603.0,Ki (nM),CN(CCCCCC(=O)n1c2ccccc2c2ccccc21)Cc1ccccc1,False,False,False
50468039,CN(CCCCCC(=O)n1c2ccccc2c2ccccc12)Cc1ccccc1,604.0,Ki (nM),CN(CCCCCC(=O)n1c2ccccc2c2ccccc21)Cc1ccccc1,False,False,False
50719353,Clc1ccc(cc1)N1CCN(CCCNS(=O)(=O)c2cnc3ccccc3c2)CC1,604.0,Ki (nM),O=S(=O)(NCCCN1CCN(c2ccc(Cl)cc2)CC1)c1cnc2ccccc2c1,False,False,False
854084,Cn1c2ccc(OCCCN3CCN(CC3)c3cccc4sccc34)cc2c(=O)n(C)c1=O,606.0,Ki (nM),Cn1c(=O)c2cc(OCCCN3CCN(c4cccc5sccc45)CC3)ccc2n(C)c1=O,False,False,False
1466737,NCCc1c2CCOc2c(Br)c2CCOc12,606.4,Ki (nM),NCCc1c2c(c(Br)c3c1OCC3)OCC2,False,False,False
51506480,CN1CCN(CC1)c1nc(N)nc(n1)C(C)(C)Sc1ccc2ccccc2c1,610.0,Ki (nM),CN1CCN(c2nc(N)nc(C(C)(C)Sc3ccc4ccccc4c3)n2)CC1,False,False,False
50817660,Cc1[nH]c2ccc(Cl)cc2c1C1=CCN(CCCCNS(=O)(=O)c2ccc3ccccc3c2)CC1,610.0,Ki (nM),Cc1[nH]c2ccc(Cl)cc2c1C1=CCN(CCCCNS(=O)(=O)c2ccc3ccccc3c2)CC1,False,False,False
50653120,O=c1n(CCCCN2CCN(CC2)c2ccccc2)cnc2c3ccccc3ncc12,612.0,Ki (nM),O=c1c2cnc3ccccc3c2ncn1CCCCN1CCN(c2ccccc2)CC1,False,False,False
50551198,O=c1cc(ncn1CCCCCN1CCN(CC1)c1ccccc1)-c1ccccc1,613.0,Ki (nM),O=c1cc(-c2ccccc2)ncn1CCCCCN1CCN(c2ccccc2)CC1,False,False,False
51264609,CN1CCN(CC1)c1nc(N)nc(CSc2ccccc2Cl)n1,614.0,Ki (nM),CN1CCN(c2nc(N)nc(CSc3ccccc3Cl)n2)CC1,False,False,False
50468125,O=C(CCCCCN1CCCCCC1)n1c2ccccc2c2ccccc12,616.0,Ki (nM),O=C(CCCCCN1CCCCCC1)n1c2ccccc2c2ccccc21,False,False,False
50468123,O=C(CCCCCN1CCCCCC1)n1c2ccccc2c2ccccc12,617.0,Ki (nM),O=C(CCCCCN1CCCCCC1)n1c2ccccc2c2ccccc21,False,False,False
50503655,O=C1NCN(c2ccccc2)C11CCN(CCCCc2nc3ccccc3s2)CC1,626.0,Ki (nM),O=C1NCN(c2ccccc2)C12CCN(CCCCc1nc3ccccc3s1)CC2,False,False,False
50250518,Cn1c2ncn(CCCCN3CCc4ccccc4C3)c2c(=O)n(C)c1=O,629.0,Ki (nM),Cn1c(=O)c2c(ncn2CCCCN2CCc3ccccc3C2)n(C)c1=O,False,False,False
174921,COc1ccc(NC(=O)c2ccc(cc2)-c2ccc(cc2C)-c2noc(C)n2)cc1N1CCN(C)CC1,630.95,Ki (nM),COc1ccc(NC(=O)c2ccc(-c3ccc(-c4noc(C)n4)cc3C)cc2)cc1N1CCN(C)CC1,False,False,False
160268,c1ccc2c(c1)C(=O)N(C(=O)N2)CCN3CCC(CC3)C(=O)c4ccc(cc4)F,630.95,Ki (nM),O=C(c1ccc(F)cc1)C1CCN(CCn2c(=O)[nH]c3ccccc3c2=O)CC1,False,False,False
174183,CNS(=O)(=O)Cc1ccc2[nH]cc(CCN(C)C)c2c1,630.96,Ki (nM),CNS(=O)(=O)Cc1ccc2[nH]cc(CCN(C)C)c2c1,False,False,False
174152,c1ccc2c(c1)C(=O)N(C(=O)N2)CCN3CCC(CC3)C(=O)c4ccc(cc4)F,630.96,Ki (nM),O=C(c1ccc(F)cc1)C1CCN(CCn2c(=O)[nH]c3ccccc3c2=O)CC1,False,False,False
50984857,C[C@H](CCN1CCC[C@H](C)C1)N(C)S(=O)(=O)c1cccc2ccccc12,631.0,Ki (nM),C[C@H]1CCCN(CC[C@@H](C)N(C)S(=O)(=O)c2cccc3ccccc23)C1,False,False,False
50584753,COc1ccc(NS(=O)(=O)c2sc3ccc(Cl)cc3c2C)cc1N1CCN2CCC[C@@H]2C1,631.0,Ki (nM),COc1ccc(NS(=O)(=O)c2sc3ccc(Cl)cc3c2C)cc1N1CCN2CCC[C@@H]2C1,False,False,False
50503713,O=C1NCN(c2ccccc2)C11CCN(CCCCc2nc3ccccc3s2)CC1,631.0,Ki (nM),O=C1NCN(c2ccccc2)C12CCN(CCCCc1nc3ccccc3s1)CC2,False,False,False
51157912,COc1ccc2[nH]cc(CCN3CCCC3)c2c1,631.0,Ki (nM),COc1ccc2[nH]cc(CCN3CCCC3)c2c1,False,False,False
51158073,C[C@H](CCN1CCC[C@H](C)C1)C(C)S(=O)(=O)c1cccc2ccccc12,631.0,Ki (nM),CC([C@H](C)CCN1CCC[C@H](C)C1)S(=O)(=O)c1cccc2ccccc12,False,False,False
51158071,O=C1N(CCCCN2CCN(CC2)c2ccccc2)c2cccc3cccc1c23,631.0,Ki (nM),O=C1c2cccc3cccc(c23)N1CCCCN1CCN(c2ccccc2)CC1,False,False,False
50081740,COc1ccccc1N1CCN(CCCCC(=O)N2CCC[C@H]2C(N)=O)CC1,634.0,Ki (nM),COc1ccccc1N1CCN(CCCCC(=O)N2CCC[C@H]2C(N)=O)CC1,False,False,False
51344432,COc1cc2CCN(C)C3Cc4ccc(NC(C)=O)cc4-c(c1OCC1CC1)c23,636.0,Ki (nM),COc1cc2c3c(c1OCC1CC1)-c1cc(NC(C)=O)ccc1CC3N(C)CC2,False,False,False
51229290,COc1ccc2[nH]cc(C3CC(=O)N(CCCCN4CCC(CC4)c4c[nH]c5ccc(F)cc45)C3=O)c2c1,641.0,Ki (nM),COc1ccc2[nH]cc(C3CC(=O)N(CCCCN4CCC(c5c[nH]c6ccc(F)cc56)CC4)C3=O)c2c1,False,False,False
50534578,CNCc1ccc(OC)c(c1)-c1ccccc1OC,648.0,Ki (nM),CNCc1ccc(OC)c(-c2ccccc2OC)c1,False,False,False
51207264,CN(C)CCc1cn(-c2cccc3ccccc23)c2ccccc12,649.0,Ki (nM),CN(C)CCc1cn(-c2cccc3ccccc23)c2ccccc12,False,False,False
51501128,O=c1n(CCCCCCN2CCN(CC2)c2cccc3cccnc23)nc2ccccn12,655.0,Ki (nM),O=c1n(CCCCCCN2CCN(c3cccc4cccnc34)CC2)nc2ccccn12,False,False,False
50285898,OC1(CCN(CCCOc2ccc(F)cc2)CC1)c1ccc(Cl)cc1,656.0,Ki (nM),OC1(c2ccc(Cl)cc2)CCN(CCCOc2ccc(F)cc2)CC1,False,False,False
50073061,COc1ccccc1N1CCN(Cc2ccccc2-c2ccccc2F)CC1,658.0,Ki (nM),COc1ccccc1N1CCN(Cc2ccccc2-c2ccccc2F)CC1,False,False,False
50076035,COc1ccccc1N1CCN(Cc2ccccc2-c2ccccc2F)CC1,658.0,Ki (nM),COc1ccccc1N1CCN(Cc2ccccc2-c2ccccc2F)CC1,False,False,False
792500,CN1CC[C@H](C1)Oc1ccc(Cl)cc1Oc1ccc(F)cc1,660.0,Ki (nM),CN1CC[C@@H](Oc2ccc(Cl)cc2Oc2ccc(F)cc2)C1,False,False,False
160283,CN1CCN2c3ccccc3Cc4ccccc4[C@H]2C1,660.69,Ki (nM),CN1CCN2c3ccccc3Cc3ccccc3[C@H]2C1,False,False,False
187644,CCCN1CCOC2C1CCc1ccc(cc21)C(N)=O,660.69,Ki (nM),CCCN1CCOC2c3cc(C(N)=O)ccc3CCC21,False,False,False
51489098,COc1cc2ncnc(N3CCC(CN4CCN(CC4)c4ccccc4O)C3)c2cc1OC,661.0,Ki (nM),COc1cc2ncnc(N3CCC(CN4CCN(c5ccccc5O)CC4)C3)c2cc1OC,False,False,False
792446,OC1(COc2cc(Br)ccc2OCc2cccc(Cl)c2)CNC1,665.0,Ki (nM),OC1(COc2cc(Br)ccc2OCc2cccc(Cl)c2)CNC1,False,False,False
223591,Cc1ccccc1-c1ccc(OC2CCC2)c(OC2CNC2)c1,666.96,Ki (nM),Cc1ccccc1-c1ccc(OC2CCC2)c(OC2CNC2)c1,False,False,False
282688,Cc1ccccc1-c1ccc(OC2CCC2)c(OC2CNC2)c1,666.96,Ki (nM),Cc1ccccc1-c1ccc(OC2CCC2)c(OC2CNC2)c1,False,False,False
50551620,COc1ccccc1-c1ccccc1OCCN(C)C,669.0,Ki (nM),COc1ccccc1-c1ccccc1OCCN(C)C,False,False,False
51126964,O=c1[nH]c2c(cccc2o1)N1CCN(CC[C@@H]2CCCN2S(=O)(=O)c2cncc3ccccc23)CC1,672.0,Ki (nM),O=c1[nH]c2c(N3CCN(CC[C@@H]4CCCN4S(=O)(=O)c4cncc5ccccc45)CC3)cccc2o1,False,False,False
50468031,CCCCN(C)CCCCCC(=O)n1c2ccccc2c2ccccc12,676.0,Ki (nM),CCCCN(C)CCCCCC(=O)n1c2ccccc2c2ccccc21,False,False,False
38629,NCCc1cn(c2ccccc12)S(=O)(=O)c1c(Cl)nc2sccn12,679.0,Ki (nM),NCCc1cn(S(=O)(=O)c2c(Cl)nc3sccn23)c2ccccc12,False,False,False
50846002,CCCOc1nc2n(C)c(=O)n(C)c(=O)c2n1CCCCN1CCN(CC1)c1ccccc1,680.0,Ki (nM),CCCOc1nc2c(c(=O)n(C)c(=O)n2C)n1CCCCN1CCN(c2ccccc2)CC1,False,False,False
50468030,CCCCN(C)CCCCCC(=O)n1c2ccccc2c2ccccc12,680.0,Ki (nM),CCCCN(C)CCCCCC(=O)n1c2ccccc2c2ccccc21,False,False,False
792125,Clc1ccc(OCc2nccs2)c(OC2CNC2)c1,681.0,Ki (nM),Clc1ccc(OCc2nccs2)c(OC2CNC2)c1,False,False,False
50224033,Oc1ccccc1C(=O)CCCCCN1CCN(CC1)c1nc2ccccc2[nH]1,682.0,Ki (nM),O=C(CCCCCN1CCN(c2nc3ccccc3[nH]2)CC1)c1ccccc1O,False,False,False
51602991,CCC(=O)N1c2ccccc2CC1C(=O)NCCCN1CCN(c2cccc(Cl)c2)CC1,687.0,Ki (nM),CCC(=O)N1c2ccccc2CC1C(=O)NCCCN1CCN(c2cccc(Cl)c2)CC1,False,False,False
50534695,COc1ccccc1-c1cc(CN2CCC(C)CC2)cc2OCOc12,691.0,Ki (nM),COc1ccccc1-c1cc(CN2CCC(C)CC2)cc2c1OCO2,False,False,False
50333398,Cc1cn2c(nc3n(C)c(=O)n(C)c(=O)c23)n1CCCCCN1CCN(CC1)c1ccc(Cl)cc1,691.0,Ki (nM),Cc1cn2c3c(=O)n(C)c(=O)n(C)c3nc2n1CCCCCN1CCN(c2ccc(Cl)cc2)CC1,False,False,False
51224395,CC[C@H]1c2c(OC[C@@]1(C)N)ccc1ccccc21,692.0,Ki (nM),CC[C@H]1c2c(ccc3ccccc23)OC[C@@]1(C)N,False,False,False
51281980,[O-][N+](=O)c1ccccc1N1CCN(CCCCCCN2C(=O)c3cccc4cccc2c34)CC1,696.0,Ki (nM),O=C1c2cccc3cccc(c23)N1CCCCCCN1CCN(c2ccccc2[N+](=O)[O-])CC1,False,False,False
50347043,CC(=O)Nc1cccc(c1)N1CCN(CCCCNS(=O)(=O)CC2CCCCC2)CC1,700.0,Ki (nM),CC(=O)Nc1cccc(N2CCN(CCCCNS(=O)(=O)CC3CCCCC3)CC2)c1,False,False,False
50289701,COc1ccc2oc(nc2c1)N1CCN(CCCCCC(=O)NC2CCCc3ccccc23)CC1,704.0,Ki (nM),COc1ccc2oc(N3CCN(CCCCCC(=O)NC4CCCc5ccccc54)CC3)nc2c1,False,False,False
51068927,Fc1ccccc1-c1n[nH]c2CCNCCc12,708.0,Ki (nM),Fc1ccccc1-c1n[nH]c2c1CCNCC2,False,False,False
50177158,CN1CCc2cccc-3c2[C@H]1Cc1cccc(c-31)-c1c(OS(=O)(=O)C(F)(F)F)cccc1OS(=O)(=O)C(F)(F)F,708.0,Ki (nM),CN1CCc2cccc3c2[C@H]1Cc1cccc(-c2c(OS(=O)(=O)C(F)(F)F)cccc2OS(=O)(=O)C(F)(F)F)c1-3,False,False,False
50958834,Fc1cccc(c1)C(=O)NC1CCN(CCOc2cccc(c2)-c2ccccc2)C1,709.0,Ki (nM),O=C(NC1CCN(CCOc2cccc(-c3ccccc3)c2)C1)c1cccc(F)c1,False,False,False
792103,Cc1cc(COc2ccc(Cl)cc2OC2CNC2)c(o1)C(F)(F)F,710.0,Ki (nM),Cc1cc(COc2ccc(Cl)cc2OC2CNC2)c(C(F)(F)F)o1,False,False,False
51317969,C[C@H]1[C@@H]2C[C@@]2([C@H](O)[C@@H]1O)n1cc(-c2ccccc2)c2c(Nc3ccccc3)ncnc12,710.0,Ki (nM),C[C@@H]1[C@@H](O)[C@@H](O)[C@@]2(n3cc(-c4ccccc4)c4c(Nc5ccccc5)ncnc43)C[C@@H]12,False,False,False
51281985,[O-][N+](=O)c1ccccc1N1CCN(CCCCCCN2C(=O)c3cccc4cccc(C2=O)c34)CC1,710.0,Ki (nM),O=C1c2cccc3cccc(c23)C(=O)N1CCCCCCN1CCN(c2ccccc2[N+](=O)[O-])CC1,False,False,False
50180205,CCCc1ccc(cc1)N1CCN(Cc2c[nH]c3ncccc23)CC1,713.0,Ki (nM),CCCc1ccc(N2CCN(Cc3c[nH]c4ncccc34)CC2)cc1,False,False,False
51470905,COc1ccccc1N1CCN(CCCCCCNc2nc(N)nc(N)n2)CC1,713.0,Ki (nM),COc1ccccc1N1CCN(CCCCCCNc2nc(N)nc(N)n2)CC1,False,False,False
51071627,Fc1ccccc1-c1n[nH]c2CCNCCc12,714.0,Ki (nM),Fc1ccccc1-c1n[nH]c2c1CCNCC2,False,False,False
836719,Fc1ccccc1-c1n[nH]c2CCNCCc12,714.0,Ki (nM),Fc1ccccc1-c1n[nH]c2c1CCNCC2,False,False,False
50081690,NC(=O)[C@@H]1Cc2ccccc2CN1C(=O)CCCCCN1CCN(CC1)c1cccc(Cl)c1,725.0,Ki (nM),NC(=O)[C@@H]1Cc2ccccc2CN1C(=O)CCCCCN1CCN(c2cccc(Cl)c2)CC1,False,False,False
223617,COc1ccccc1-c1ccccc1C1CCN(C)C1,729.96,Ki (nM),COc1ccccc1-c1ccccc1C1CCN(C)C1,False,False,False
282714,COc1ccccc1-c1ccccc1C1CCN(C)C1,729.96,Ki (nM),COc1ccccc1-c1ccccc1C1CCN(C)C1,False,False,False
153853,ClCCN(Cc1ccccc1)Cc1ccccc1,730.0,Ki (nM),ClCCN(Cc1ccccc1)Cc1ccccc1,False,False,False
50456618,COc1c(OCCF)cccc1C(=O)C1CCN(CCc2ccc(C)cc2)CC1,731.0,Ki (nM),COc1c(OCCF)cccc1C(=O)C1CCN(CCc2ccc(C)cc2)CC1,False,False,False
50524960,CC1(C)CC(=O)N(CCCCN2Cc3ccccc3C2)C(=O)C1,739.0,Ki (nM),CC1(C)CC(=O)N(CCCCN2Cc3ccccc3C2)C(=O)C1,False,False,False
50653127,Fc1ccccc1N1CCN(CCCCn2cnc3c4ccccc4ncc3c2=O)CC1,739.0,Ki (nM),O=c1c2cnc3ccccc3c2ncn1CCCCN1CCN(c2ccccc2F)CC1,False,False,False
50525078,CC1(C)CC(=O)N(CCCCN2Cc3ccccc3C2)C(=O)C1,739.0,Ki (nM),CC1(C)CC(=O)N(CCCCN2Cc3ccccc3C2)C(=O)C1,False,False,False
51337117,CN(C)[C@@H]1CCc2c(C1)cccc2-c1ccccc1F,740.0,Ki (nM),CN(C)[C@@H]1CCc2c(cccc2-c2ccccc2F)C1,False,False,False
51337062,CCCN(CCC)[C@@H]1CCc2c(C1)cccc2-c1ccccc1F,740.0,Ki (nM),CCCN(CCC)[C@@H]1CCc2c(cccc2-c2ccccc2F)C1,False,False,False
51348440,O=c1n(CCCCCCN2CCN(CC2)c2nsc3ccccc23)nc2ccccn12,747.0,Ki (nM),O=c1n(CCCCCCN2CCN(c3nsc4ccccc34)CC2)nc2ccccn12,False,False,False
1466837,COc1cc(CC(C)N)cc(OC)c1OC,749.1,Ki (nM),COc1cc(CC(C)N)cc(OC)c1OC,False,False,False
282676,Cc1cccc(c1)-c1cccc(OC2CNC2)c1,751.97,Ki (nM),Cc1cccc(-c2cccc(OC3CNC3)c2)c1,False,False,False
223579,Cc1cccc(c1)-c1cccc(OC2CNC2)c1,751.97,Ki (nM),Cc1cccc(-c2cccc(OC3CNC3)c2)c1,False,False,False
51344444,COc1cc2CCN(C)C3Cc4ccc(cc4-c(c1OCC1CC1)c23)N(C)C,752.0,Ki (nM),COc1cc2c3c(c1OCC1CC1)-c1cc(N(C)C)ccc1CC3N(C)CC2,False,False,False
50608351,CN1CCN(CC1)c1ccc2[nH]nc(c2c1)S(=O)(=O)c1ccccc1,753.0,Ki (nM),CN1CCN(c2ccc3[nH]nc(S(=O)(=O)c4ccccc4)c3c2)CC1,False,False,False
50617371,Clc1ccc(Cn2cc(c3CNCCc23)-c2ccccc2)cc1,753.0,Ki (nM),Clc1ccc(Cn2cc(-c3ccccc3)c3c2CCNC3)cc1,False,False,False
282689,Cc1ccccc1-c1ccc(OCC2CC2)c(OC2CNC2)c1,754.92,Ki (nM),Cc1ccccc1-c1ccc(OCC2CC2)c(OC2CNC2)c1,False,False,False
223592,Cc1ccccc1-c1ccc(OCC2CC2)c(OC2CNC2)c1,754.92,Ki (nM),Cc1ccccc1-c1ccc(OCC2CC2)c(OC2CNC2)c1,False,False,False
50503307,O=C(CCCN1CCc2ccccc2C1)c1ccc(cc1)C#N,755.0,Ki (nM),N#Cc1ccc(C(=O)CCCN2CCc3ccccc3C2)cc1,False,False,False
50503306,O=C(CCCN1CCc2ccccc2C1)c1ccc(cc1)C#N,759.0,Ki (nM),N#Cc1ccc(C(=O)CCCN2CCc3ccccc3C2)cc1,False,False,False
223568,COc1ccc(cc1OC1CNC1)-c1ccc(C)cc1,759.98,Ki (nM),COc1ccc(-c2ccc(C)cc2)cc1OC1CNC1,False,False,False
282665,COc1ccc(cc1OC1CNC1)-c1ccc(C)cc1,759.98,Ki (nM),COc1ccc(-c2ccc(C)cc2)cc1OC1CNC1,False,False,False
50437860,Fc1ccc2c(noc2c1)C1CCN(CCCOc2ccc(cc2)-c2nc3ccccc3o2)CC1,765.0,Ki (nM),Fc1ccc2c(C3CCN(CCCOc4ccc(-c5nc6ccccc6o5)cc4)CC3)noc2c1,False,False,False
792272,Clc1ccc(OCC2CCOC2)c(OC2CNC2)c1,766.0,Ki (nM),Clc1ccc(OCC2CCOC2)c(OC2CNC2)c1,False,False,False
50353446,Clc1cccc(c1)N1CCN(CCCCN2C(=O)NC3(CCC(CC3)c3ccccc3)C2=O)CC1,768.0,Ki (nM),O=C1NC2(CCC(c3ccccc3)CC2)C(=O)N1CCCCN1CCN(c2cccc(Cl)c2)CC1,False,False,False
51295309,CCCN(CC[C@]1(O)C[C@@H](C1)NC(=O)c1ccc2ccccc2c1)[C@H]1CCc2nc(N)sc2C1,770.0,Ki (nM),CCCN(CC[C@]1(O)C[C@H](NC(=O)c2ccc3ccccc3c2)C1)[C@H]1CCc2nc(N)sc2C1,False,False,False
223569,COc1ccc(cc1OC1CNC1)-c1ccc(F)c(C)c1,770.02,Ki (nM),COc1ccc(-c2ccc(F)c(C)c2)cc1OC1CNC1,False,False,False
282666,COc1ccc(cc1OC1CNC1)-c1ccc(F)c(C)c1,770.02,Ki (nM),COc1ccc(-c2ccc(F)c(C)c2)cc1OC1CNC1,False,False,False
50534703,COc1ccccc1-c1cc(CN(C)C)cc2OCOc12,772.0,Ki (nM),COc1ccccc1-c1cc(CN(C)C)cc2c1OCO2,False,False,False
50703455,O=S(=O)(NCCN1CCc2ccccc2C1)c1ccccc1,773.0,Ki (nM),O=S(=O)(NCCN1CCc2ccccc2C1)c1ccccc1,False,False,False
51256201,Cc1nc(N)[nH]c1-c1ccc2ccn(c2c1)S(=O)(=O)c1ccccc1,776.0,Ki (nM),Cc1nc(N)[nH]c1-c1ccc2ccn(S(=O)(=O)c3ccccc3)c2c1,False,False,False
50503664,Fc1ccc(cc1)C(N1CCN(CCCCc2nc3ccccc3s2)CC1)c1ccc(F)cc1,778.0,Ki (nM),Fc1ccc(C(c2ccc(F)cc2)N2CCN(CCCCc3nc4ccccc4s3)CC2)cc1,False,False,False
50286061,COc1ccccc1N1CCN(C\C=C/CN2C(=O)CCC2=O)CC1,790.0,Ki (nM),COc1ccccc1N1CCN(C/C=C\CN2C(=O)CCC2=O)CC1,False,False,False
50938062,Clc1ccc(cc1)N1CCN(CCCc2nc3ccccc3s2)CC1,790.0,Ki (nM),Clc1ccc(N2CCN(CCCc3nc4ccccc4s3)CC2)cc1,False,False,False
50854505,NC1=Nc2cccc(Cl)c2CN1,793.0,Ki (nM),NC1=Nc2cccc(Cl)c2CN1,False,False,False
50583667,Oc1ccc2[nH]cc([C@H]3C[C@@H]4CC[C@H](C3)N4C[C@H]3CC[C@H](CC3)NC(=O)\C=C\c3ccc(Cl)c(Cl)c3)c2c1,,Ki (nM),O=C(/C=C/c1ccc(Cl)c(Cl)c1)N[C@H]1CC[C@@H](CN2[C@@H]3CC[C@H]2C[C@H](c2c[nH]c4ccc(O)cc24)C3)CC1,False,False,False
50468091,CC1CCCN(CCCCC(=O)n2c3ccccc3c3ccccc23)C1,794.0,Ki (nM),CC1CCCN(CCCCC(=O)n2c3ccccc3c3ccccc32)C1,False,False,False
50503721,Fc1ccc(cc1)C(N1CCN(CCCCc2nc3ccccc3s2)CC1)c1ccc(F)cc1,794.0,Ki (nM),Fc1ccc(C(c2ccc(F)cc2)N2CCN(CCCCc3nc4ccccc4s3)CC2)cc1,False,False,False
50468092,CC1CCCN(CCCCC(=O)n2c3ccccc3c3ccccc23)C1,794.0,Ki (nM),CC1CCCN(CCCCC(=O)n2c3ccccc3c3ccccc32)C1,False,False,False
174423,Cc1cc2CCN(C(=O)Nc3ccc(Oc4cccnc4C)nc3)c2cc1Cl,794.32,Ki (nM),Cc1cc2c(cc1Cl)N(C(=O)Nc1ccc(Oc3cccnc3C)nc1)CC2,False,False,False
178038,c1ccc2c(c1)C(=O)N(C(=O)N2)CCN3CCC(CC3)C(=O)c4ccc(cc4)F,794.33,Ki (nM),O=C(c1ccc(F)cc1)C1CCN(CCn2c(=O)[nH]c3ccccc3c2=O)CC1,False,False,False
51470911,Nc1nc(NCCc2c[nH]c3ccccc23)nc(n1)N1CCN(CC1)c1ccccc1,798.0,Ki (nM),Nc1nc(NCCc2c[nH]c3ccccc23)nc(N2CCN(c3ccccc3)CC2)n1,False,False,False
51399274,COc1ccccc1N1CCN(CCCCCC(=O)Nc2ccc(cc2)C(=O)OC(C)(C)C)CC1,799.0,Ki (nM),COc1ccccc1N1CCN(CCCCCC(=O)Nc2ccc(C(=O)OC(C)(C)C)cc2)CC1,False,False,False
50376720,COc1cc2CCN(Cc2cc1OC)\C=N\c1ccc2CCCCC(O)c2c1,800.0,Ki (nM),COc1cc2c(cc1OC)CN(/C=N/c1ccc3c(c1)C(O)CCCC3)CC2,False,False,False
50223981,Oc1ccccc1C(=O)CCCCCN1CCN(CC1)C1CCCCC1,,Ki (nM),O=C(CCCCCN1CCN(C2CCCCC2)CC1)c1ccccc1O,False,False,False
50376716,COc1cccc(c1)C1=NCCc2c1[nH]c1ccccc21,800.0,Ki (nM),COc1cccc(C2=NCCc3c2[nH]c2ccccc32)c1,False,False,False
51135978,OC1(CCN(CCCCN(c2ccc(F)cc2)c2ccc(F)cc2)CC1)c1ccc(Cl)c(c1)C(F)(F)F,812.0,Ki (nM),OC1(c2ccc(Cl)c(C(F)(F)F)c2)CCN(CCCCN(c2ccc(F)cc2)c2ccc(F)cc2)CC1,False,False,False
792308,CO\N=C1/C(Cc2ccccc12)Oc1ccc(Cl)cc1OC1CNC1,813.0,Ki (nM),CO/N=C1/c2ccccc2CC1Oc1ccc(Cl)cc1OC1CNC1,False,False,False
50958818,Cc1ccccc1C(=O)NC1CCN(CCSc2cccc(Cl)c2Cl)CC1,815.0,Ki (nM),Cc1ccccc1C(=O)NC1CCN(CCSc2cccc(Cl)c2Cl)CC1,False,False,False
792488,CN1CC[C@H](C1)Oc1ccc(Cl)cc1Oc1ccc(C)cc1,820.0,Ki (nM),Cc1ccc(Oc2cc(Cl)ccc2O[C@@H]2CCN(C)C2)cc1,False,False,False
50289665,O=C(CCCCCN1CCN(CC1)c1nc2ccccc2o1)NC1CCCc2ccccc12,820.0,Ki (nM),O=C(CCCCCN1CCN(c2nc3ccccc3o2)CC1)NC1CCCc2ccccc21,False,False,False
51281982,[O-][N+](=O)c1ccccc1N1CCN(CCCCCCN2c3cccc4cccc(c34)S2(=O)=O)CC1,822.0,Ki (nM),O=[N+]([O-])c1ccccc1N1CCN(CCCCCCN2c3cccc4cccc(c34)S2(=O)=O)CC1,False,False,False
792447,CC(Oc1cc(Br)ccc1OCc1cccc(Cl)c1)C1(O)CNC1,831.0,Ki (nM),CC(Oc1cc(Br)ccc1OCc1cccc(Cl)c1)C1(O)CNC1,False,False,False
50468084,CC1CC(C)CN(CCCCCC(=O)n2c3ccccc3c3ccccc23)C1,832.0,Ki (nM),CC1CC(C)CN(CCCCCC(=O)n2c3ccccc3c3ccccc32)C1,False,False,False
50468083,CC1CC(C)CN(CCCCCC(=O)n2c3ccccc3c3ccccc23)C1,833.0,Ki (nM),CC1CC(C)CN(CCCCCC(=O)n2c3ccccc3c3ccccc32)C1,False,False,False
50474286,CC1(NC(=O)N(CC(O)CN2CCN(CC2)c2ccc(F)cc2)C1=O)c1ccc(F)cc1,837.0,Ki (nM),CC1(c2ccc(F)cc2)NC(=O)N(CC(O)CN2CCN(c3ccc(F)cc3)CC2)C1=O,False,False,False
50913609,COc1ccccc1CC(N1CCNCC1)c1ccccc1,840.0,Ki (nM),COc1ccccc1CC(c1ccccc1)N1CCNCC1,False,False,False
792431,Clc1ccc(OC2CNC2)c(OC2CNC2)c1,840.0,Ki (nM),Clc1ccc(OC2CNC2)c(OC2CNC2)c1,False,False,False
51337123,O=C1CC2(CCCC2)CC(=O)N1CCCCN1CCN(CC1)c1ncccn1,840.0,Ki (nM),O=C1CC2(CCCC2)CC(=O)N1CCCCN1CCN(c2ncccn2)CC1,False,False,False
50462484,Fc1ccc(cc1)S(=O)(=O)NC1CCN(CCOc2ccccc2)CC1,855.0,Ki (nM),O=S(=O)(NC1CCN(CCOc2ccccc2)CC1)c1ccc(F)cc1,False,False,False
53779,COc1cccc(c1)-n1c2ccccc2n(CCN2CCN(CC2)c2ccccc2)c1=O,864.0,Ki (nM),COc1cccc(-n2c(=O)n(CCN3CCN(c4ccccc4)CC3)c3ccccc32)c1,False,False,False
50958822,O=C(NC1CCN(CCSc2ccccc2-c2ccccc2)CC1)c1ccc2ccccc2n1,865.0,Ki (nM),O=C(NC1CCN(CCSc2ccccc2-c2ccccc2)CC1)c1ccc2ccccc2n1,False,False,False
51399255,COc1ccccc1CNC(=O)CCCN1CCN(CC1)c1ccccc1OC,869.0,Ki (nM),COc1ccccc1CNC(=O)CCCN1CCN(c2ccccc2OC)CC1,False,False,False
51452684,CO\C=C(/[C@H]1C[C@@H]2N(CCc3c2[nH]c2cccc(OC)c32)C[C@@H]1C=C)C(=O)OC,870.0,Ki (nM),C=C[C@H]1CN2CCc3c([nH]c4cccc(OC)c34)[C@@H]2C[C@@H]1/C(=C\OC)C(=O)OC,False,False,False
160253,CC(C)(C)[C@]1(O)CCN2C[C@H]3c4ccccc4CCc4cccc([C@@H]2C1)c34,870.96,Ki (nM),CC(C)(C)[C@]1(O)CCN2C[C@H]3c4ccccc4CCc4cccc(c43)[C@@H]2C1,False,False,False
51230324,COc1cccc(c1)-c1ccc(CNCCc2c[nH]c3ccc(OC)cc23)o1,871.0,Ki (nM),COc1cccc(-c2ccc(CNCCc3c[nH]c4ccc(OC)cc34)o2)c1,False,False,False
50958821,Clc1ccc(Cl)c(OCCN2CCC(CC2)NC(=O)c2ccc3ccccc3n2)c1,873.0,Ki (nM),O=C(NC1CCN(CCOc2cc(Cl)ccc2Cl)CC1)c1ccc2ccccc2n1,False,False,False
836724,Cc1ccccc1-c1n[nH]c2CCNCCc12,881.0,Ki (nM),Cc1ccccc1-c1n[nH]c2c1CCNCC2,False,False,False
51068742,Cc1ccccc1-c1n[nH]c2CCNCCc12,881.0,Ki (nM),Cc1ccccc1-c1n[nH]c2c1CCNCC2,False,False,False
50285778,OC1(CC2CCC(C1)N2CCCSc1ccccc1F)c1ccc(Cl)cc1,882.0,Ki (nM),OC1(c2ccc(Cl)cc2)CC2CCC(C1)N2CCCSc1ccccc1F,False,False,False
51070635,Clc1cccc(c1)-c1n[nH]c2CCNCCc12,883.0,Ki (nM),Clc1cccc(-c2n[nH]c3c2CCNCC3)c1,False,False,False
836722,Clc1cccc(c1)-c1n[nH]c2CCNCCc12,883.0,Ki (nM),Clc1cccc(-c2n[nH]c3c2CCNCC3)c1,False,False,False
51120133,Cc1cccc(OCCN2CCC(CC2)NS(=O)(=O)c2ccccc2)c1,885.0,Ki (nM),Cc1cccc(OCCN2CCC(NS(=O)(=O)c3ccccc3)CC2)c1,False,False,False
51070611,Cc1ccccc1-c1n[nH]c2CCNCCc12,891.0,Ki (nM),Cc1ccccc1-c1n[nH]c2c1CCNCC2,False,False,False
51068752,Clc1cccc(c1)-c1n[nH]c2CCNCCc12,891.0,Ki (nM),Clc1cccc(-c2n[nH]c3c2CCNCC3)c1,False,False,False
51230326,Oc1ccc(cc1)-c1ccc(CNCCc2c[nH]c3ccc(F)cc23)o1,895.0,Ki (nM),Oc1ccc(-c2ccc(CNCCc3c[nH]c4ccc(F)cc34)o2)cc1,False,False,False
153858,CNCC(O)c1ccc(O)c(O)c1,900.0,Ki (nM),CNCC(O)c1ccc(O)c(O)c1,False,False,False
50297271,COc1cc2CCN(C)C3Cc4cc5OCOc5cc4-c(c1OCc1ccc(Br)cc1)c23,,Ki (nM),COc1cc2c3c(c1OCc1ccc(Br)cc1)-c1cc4c(cc1CC3N(C)CC2)OCO4,False,False,False
161699,CN(C)CCOC1=Cc2ccccc2Sc3c1cc(cc3)Cl,1.78,Ki (nM),CN(C)CCOC1=Cc2ccccc2Sc2ccc(Cl)cc21,False,False,False
170501,COc1ccc2c(c1)c(c[nH]2)CCN,1.78,Ki (nM),COc1ccc2[nH]cc(CCN)c2c1,False,False,False
51210361,[#7][#6](-[#7])=[#7][#6](=O)-c1ccc2-c3ccccc3C3([#6]-[#6]-[#6]-[#6]3)c2c1,1.8,Ki (nM),[N]C([N])=NC(=O)c1ccc2c(c1)C1([C][C][C][C]1)c1ccccc1-2,False,False,False
1170836,CC(C)N(CCN1CCC(CC1)c1noc2cc(F)ccc12)C(=O)[C@H](C)O,1.8,Ki (nM),CC(C)N(CCN1CCC(c2noc3cc(F)ccc23)CC1)C(=O)[C@H](C)O,False,False,False
50586779,O=c1oc2ccccc2n1C1CCN(CC[C@H]2CCCN2S(=O)(=O)c2ccc3cc[nH]c3c2)CC1,1.8,Ki (nM),O=c1oc2ccccc2n1C1CCN(CC[C@H]2CCCN2S(=O)(=O)c2ccc3cc[nH]c3c2)CC1,False,False,False
50102289,O=S(=O)(NCCCCN1CCN(CC1)c1nsc2ccccc12)c1ccc2ccccc2c1,1.8,Ki (nM),O=S(=O)(NCCCCN1CCN(c2nsc3ccccc23)CC1)c1ccc2ccccc2c1,False,False,False
50866757,CC(C)CC1(CCCCN2CCN(CC2)c2cccc(Cl)c2)C(=O)Nc2ccccc12,1.8,Ki (nM),CC(C)CC1(CCCCN2CCN(c3cccc(Cl)c3)CC2)C(=O)Nc2ccccc21,False,False,False
162652,NCCc1c[nH]c2ccc(O)cc12,1.81,Ki (nM),NCCc1c[nH]c2ccc(O)cc12,False,False,False
170499,NCCc1c[nH]c2ccc(O)cc12,1.83,Ki (nM),NCCc1c[nH]c2ccc(O)cc12,False,False,False
1423534,CN(C)CCc1cccc(c1)-c1c(C)nn(C)c1C,1.88,Ki (nM),Cc1nn(C)c(C)c1-c1cccc(CCN(C)C)c1,False,False,False
51228701,NC(=O)c1sccc1NC(=O)CCCCN1CCN(CC1)c1ccccc1,1.9,Ki (nM),NC(=O)c1sccc1NC(=O)CCCCN1CCN(c2ccccc2)CC1,False,False,False
51463760,COc1ccccc1N1CCN(CCC[C@H]2CCCN2S(=O)(=O)c2ccccc2F)CC1,1.9,Ki (nM),COc1ccccc1N1CCN(CCC[C@H]2CCCN2S(=O)(=O)c2ccccc2F)CC1,False,False,False
1170866,CCN(CCN1CCC(CC1)c1noc2cc(F)ccc12)S(=O)(=O)CCO,1.9,Ki (nM),CCN(CCN1CCC(c2noc3cc(F)ccc23)CC1)S(=O)(=O)CCO,False,False,False
51155829,O=C1Nc2cccc3CCCC1(CCCCN1CCN(CC1)c1ccccn1)c23,1.9,Ki (nM),O=C1Nc2cccc3c2C1(CCCCN1CCN(c2ccccn2)CC1)CCC3,False,False,False
50102310,Fc1ccc2c(noc2c1)C1CCN(CCCCNS(=O)(=O)c2cc3ccccc3s2)CC1,1.9,Ki (nM),O=S(=O)(NCCCCN1CCC(c2noc3cc(F)ccc23)CC1)c1cc2ccccc2s1,False,False,False
51153319,O=C1Nc2cccc3CCCC1(CCCCN1CCN(CC1)c1ccccn1)c23,1.9,Ki (nM),O=C1Nc2cccc3c2C1(CCCCN1CCN(c2ccccn2)CC1)CCC3,False,False,False
1423518,CC(C)(CCN1CCN(CC1)c1ccc(F)cc1)CCn1c2ccccc2[nH]c1=O,1.9,Ki (nM),CC(C)(CCN1CCN(c2ccc(F)cc2)CC1)CCn1c(=O)[nH]c2ccccc21,False,False,False
50963749,Cc1ccc(cc1C)-c1ccccc1N1CCNCC1,1.9,Ki (nM),Cc1ccc(-c2ccccc2N2CCNCC2)cc1C,False,False,False
51228707,CC1CCN(CC[C@H]2CCCN2S(=O)(=O)c2cccc(O)c2)CC1,1.9,Ki (nM),CC1CCN(CC[C@H]2CCCN2S(=O)(=O)c2cccc(O)c2)CC1,False,False,False
50866742,Fc1ccc2NC(=O)C(CCCCN3CCN(CC3)c3cccc(Cl)c3)c2c1,1.96,Ki (nM),O=C1Nc2ccc(F)cc2C1CCCCN1CCN(c2cccc(Cl)c2)CC1,False,False,False
50276398,Clc1ccc(OC2CCN(CC[C@H]3CCCN3S(=O)(=O)c3ccc4C=CCc4c3)CC2)cc1,1.99,Ki (nM),O=S(=O)(c1ccc2c(c1)CC=C2)N1CCC[C@@H]1CCN1CCC(Oc2ccc(Cl)cc2)CC1,False,False,False
50294436,Clc1ccc(OC2CCN(CC[C@H]3CCCN3S(=O)(=O)c3ccc4cc[nH]c4c3)CC2)cc1,1.99,Ki (nM),O=S(=O)(c1ccc2cc[nH]c2c1)N1CCC[C@@H]1CCN1CCC(Oc2ccc(Cl)cc2)CC1,False,False,False
50276095,C[C@H](Nc1nc(N)nc(NCCOc2ccc(F)cc2)n1)c1ccc(F)cc1,2.0,Ki (nM),C[C@H](Nc1nc(N)nc(NCCOc2ccc(F)cc2)n1)c1ccc(F)cc1,False,False,False
51060427,Clc1ccc(CC2CCN(CC[C@H]3CCCN3S(=O)(=O)c3ccc4cc[nH]c4c3)CC2)cc1,2.0,Ki (nM),O=S(=O)(c1ccc2cc[nH]c2c1)N1CCC[C@@H]1CCN1CCC(Cc2ccc(Cl)cc2)CC1,False,False,False
50276094,C[C@H](Nc1nc(N)nc(NCCc2ccc(F)cc2)n1)c1ccc(F)cc1,2.0,Ki (nM),C[C@H](Nc1nc(N)nc(NCCc2ccc(F)cc2)n1)c1ccc(F)cc1,False,False,False
50588353,Fc1ccc(cc1)C1=CCN(CCCCC23CCCc4c2c(NC3=O)ccc4Cl)CC1,2.0,Ki (nM),O=C1Nc2ccc(Cl)c3c2C1(CCCCN1CC=C(c2ccc(F)cc2)CC1)CCC3,False,False,False
50593473,Fc1ccc2n(nnc2c1)C1CCN(CCN2CCCc3ccccc3C2=O)CC1,2.0,Ki (nM),O=C1c2ccccc2CCCN1CCN1CCC(n2nnc3cc(F)ccc32)CC1,False,False,False
51282122,O=C1Nc2cccc3CCCC1(CCCCN1CCN(CC1)c1ccccn1)c23,2.0,Ki (nM),O=C1Nc2cccc3c2C1(CCCCN1CCN(c2ccccn2)CC1)CCC3,False,False,False
50984844,O=C1Nc2cccc3CCCC1(CCCCN1CCN(CC1)c1ccccn1)c23,2.0,Ki (nM),O=C1Nc2cccc3c2C1(CCCCN1CCN(c2ccccn2)CC1)CCC3,False,False,False
50462468,CC(C)c1cccc(OCCN2C3CCC2CC(C3)NS(=O)(=O)c2cccc(F)c2)c1,2.0,Ki (nM),CC(C)c1cccc(OCCN2C3CCC2CC(NS(=O)(=O)c2cccc(F)c2)C3)c1,False,False,False
50812928,CCN(CC)C(=O)[C@H]1CN(C)[C@@H]2Cc3c[nH]c4cccc(C2=C1)c34,2.0,Ki (nM),CCN(CC)C(=O)[C@@H]1C=C2c3cccc4[nH]cc(c34)C[C@H]2N(C)C1,False,False,False
180425,CC1CCN(CC[C@H]2CCCN2S(=O)(=O)c2cccc(Br)c2)CC1,2.0,Ki (nM),CC1CCN(CC[C@H]2CCCN2S(=O)(=O)c2cccc(Br)c2)CC1,False,False,False
50276083,CC(Nc1nc(N)nc(NCCc2cccs2)n1)c1ccc(F)cc1,2.0,Ki (nM),CC(Nc1nc(N)nc(NCCc2cccs2)n1)c1ccc(F)cc1,False,False,False
174163,CN1C[C@H](CNC(=O)OCc2ccccc2)C[C@H]2[C@H]1Cc1cn(C)c3cccc2c13,2.0,Ki (nM),CN1C[C@H](CNC(=O)OCc2ccccc2)C[C@@H]2c3cccc4c3c(cn4C)C[C@H]21,False,False,False
51158045,CC1CCN(CC[C@@H]2CCCN2S(=O)(=O)c2cccc(Br)c2)CC1,2.0,Ki (nM),CC1CCN(CC[C@@H]2CCCN2S(=O)(=O)c2cccc(Br)c2)CC1,False,False,False
50958876,Fc1ccc(cc1)S(=O)(=O)N[C@@H]1CCN(CCOc2ccccc2-c2ccccc2)C1,2.0,Ki (nM),O=S(=O)(N[C@@H]1CCN(CCOc2ccccc2-c2ccccc2)C1)c1ccc(F)cc1,False,False,False
50817681,Oc1cccc(c1)S(=O)(=O)NCCCN1CCC(=CC1)c1c[nH]c2ccc(Cl)cc12,2.0,Ki (nM),O=S(=O)(NCCCN1CC=C(c2c[nH]c3ccc(Cl)cc23)CC1)c1cccc(O)c1,False,False,False
180763,CN1C[C@H](CNC(=O)OCc2ccccc2)C[C@H]2[C@H]1Cc1cn(C)c3cccc2c13,2.0,Ki (nM),CN1C[C@H](CNC(=O)OCc2ccccc2)C[C@@H]2c3cccc4c3c(cn4C)C[C@H]21,False,False,False
50812830,O=C1Nc2cccc3CCCC1(CCCCN1CCC(=CC1)c1ccccc1)c23,2.0,Ki (nM),O=C1Nc2cccc3c2C1(CCCCN1CC=C(c2ccccc2)CC1)CCC3,False,False,False
51158103,O=C1Nc2cccc3CCCC1(CCCCN1CCC(=CC1)c1ccccc1)c23,2.0,Ki (nM),O=C1Nc2cccc3c2C1(CCCCN1CC=C(c2ccccc2)CC1)CCC3,False,False,False
51037335,Clc1ccc(OC2CCN(CC[C@H]3CCCN3S(=O)(=O)c3ccc4cc[nH]c4c3)CC2)cc1,2.0,Ki (nM),O=S(=O)(c1ccc2cc[nH]c2c1)N1CCC[C@@H]1CCN1CCC(Oc2ccc(Cl)cc2)CC1,False,False,False
50985047,COc1ccc(cc1N1CCNCC1)S(=O)(=O)Nc1cc(Cl)cc(Cl)c1Cl,2.0,Ki (nM),COc1ccc(S(=O)(=O)Nc2cc(Cl)cc(Cl)c2Cl)cc1N1CCNCC1,False,False,False
50102300,O=S(=O)(NCCCN1CCN(CC1)c1nsc2ccccc12)c1cccc2scnc12,2.0,Ki (nM),O=S(=O)(NCCCN1CCN(c2nsc3ccccc23)CC1)c1cccc2scnc12,False,False,False
792364,Brc1ccc(OCCc2ccccc2)c(OC2CNC2)c1,2.0,Ki (nM),Brc1ccc(OCCc2ccccc2)c(OC2CNC2)c1,False,False,False
51298031,Fc1ccc(N2CCN(CCCc3c[nH]c4ccc(F)cc34)CC2)c(c1)-c1ccsc1,2.0,Ki (nM),Fc1ccc(N2CCN(CCCc3c[nH]c4ccc(F)cc34)CC2)c(-c2ccsc2)c1,False,False,False
51249196,CC(Nc1nc(N)nc(NCCOc2ccc(F)cc2)n1)c1ccc(F)cc1,2.0,Ki (nM),CC(Nc1nc(N)nc(NCCOc2ccc(F)cc2)n1)c1ccc(F)cc1,False,False,False
51158062,O=C1Nc2cccc3CCCC1(CCCCN1CCN(CC1)c1ccccn1)c23,2.0,Ki (nM),O=C1Nc2cccc3c2C1(CCCCN1CCN(c2ccccn2)CC1)CCC3,False,False,False
50586784,Clc1ccc(OC2CCN(CC[C@H]3CCCN3S(=O)(=O)c3ccc4cc[nH]c4c3)CC2)cc1,2.0,Ki (nM),O=S(=O)(c1ccc2cc[nH]c2c1)N1CCC[C@@H]1CCN1CCC(Oc2ccc(Cl)cc2)CC1,False,False,False
50984876,O=C1Nc2cccc3CCCC1(CCCCN1CCC(CC1)c1ccccc1)c23,2.0,Ki (nM),O=C1Nc2cccc3c2C1(CCCCN1CCC(c2ccccc2)CC1)CCC3,False,False,False
50276121,C[C@H](Nc1ccnc(NCCOc2ccccc2)n1)c1ccccc1,2.0,Ki (nM),C[C@H](Nc1ccnc(NCCOc2ccccc2)n1)c1ccccc1,False,False,False
50102338,Clc1ccc2cc(sc2c1)S(=O)(=O)NCCCN1CCN(CC1)c1noc2ccccc12,900.0,Ki (nM),O=S(=O)(NCCCN1CCN(c2noc3ccccc23)CC1)c1cc2ccc(Cl)cc2s1,False,False,False
154124,NCC(O)c1ccc(O)c(O)c1,900.0,Ki (nM),NCC(O)c1ccc(O)c(O)c1,False,False,False
51120158,Brc1ccc(cc1)S(=O)(=O)NC1CCN(CCOc2ccccc2)CC1,902.0,Ki (nM),O=S(=O)(NC1CCN(CCOc2ccccc2)CC1)c1ccc(Br)cc1,False,False,False
792209,CC(Oc1ccc(Cl)cc1OC1CNC1)c1cc(Cl)ccc1Cl,903.0,Ki (nM),CC(Oc1ccc(Cl)cc1OC1CNC1)c1cc(Cl)ccc1Cl,False,False,False
50474197,CC1(NC(=O)N(CC(O)CN2CCN(CC2)c2ccc(Cl)cc2)C1=O)c1ccc(F)cc1,908.0,Ki (nM),CC1(c2ccc(F)cc2)NC(=O)N(CC(O)CN2CCN(c3ccc(Cl)cc3)CC2)C1=O,False,False,False
50286057,COc1ccccc1N1CCN(Cc2ccccc2CN2C(=O)CCC2=O)CC1,910.0,Ki (nM),COc1ccccc1N1CCN(Cc2ccccc2CN2C(=O)CCC2=O)CC1,False,False,False
51337108,CN(C)[C@H]1CCc2c(C1)cccc2-c1cc(cc(c1)C(F)(F)F)C(F)(F)F,910.0,Ki (nM),CN(C)[C@H]1CCc2c(cccc2-c2cc(C(F)(F)F)cc(C(F)(F)F)c2)C1,False,False,False
50285777,OC1(CC2CCC(C1)N2CCCSc1cccc(F)c1)c1ccc(Cl)cc1,917.0,Ki (nM),OC1(c2ccc(Cl)cc2)CC2CCC(C1)N2CCCSc1cccc(F)c1,False,False,False
792128,Clc1ccc(O[C@@H]2CCNC2)c(OCc2ccccc2)c1,920.0,Ki (nM),Clc1ccc(O[C@@H]2CCNC2)c(OCc2ccccc2)c1,False,False,False
51399262,COc1ccccc1N1CCN(CCCCC(=O)Nc2cccc(c2)C(=O)OC(C)(C)C)CC1,927.0,Ki (nM),COc1ccccc1N1CCN(CCCCC(=O)Nc2cccc(C(=O)OC(C)(C)C)c2)CC1,False,False,False
51120164,CC(C)(C)c1cccc(OCCN2CCC(CC2)NS(=O)(=O)c2ccccc2)c1,931.0,Ki (nM),CC(C)(C)c1cccc(OCCN2CCC(NS(=O)(=O)c3ccccc3)CC2)c1,False,False,False
51248957,COc1ccc(\C=C2/NC(=O)N(CCCCN3CCN(CC3)c3ncccn3)C2=O)cc1OC,933.0,Ki (nM),COc1ccc(/C=C2\NC(=O)N(CCCCN3CCN(c4ncccn4)CC3)C2=O)cc1OC,False,False,False
51470902,COc1ccccc1N1CCN(CCCCCNc2nc(N)nc(N)n2)CC1,947.0,Ki (nM),COc1ccccc1N1CCN(CCCCCNc2nc(N)nc(N)n2)CC1,False,False,False
51136052,COc1ccc(cc1)N(CCCCN1CCC(O)(CC1)c1ccc(Cl)c(c1)C(F)(F)F)c1ccc(OC)cc1,949.0,Ki (nM),COc1ccc(N(CCCCN2CCC(O)(c3ccc(Cl)c(C(F)(F)F)c3)CC2)c2ccc(OC)cc2)cc1,False,False,False
50468111,O=C(CCCCN1CCCCCC1)n1c2ccccc2c2ccccc12,949.0,Ki (nM),O=C(CCCCN1CCCCCC1)n1c2ccccc2c2ccccc21,False,False,False
50812984,CNS(=O)(=O)c1ccc2[nH]cc(CCN(C)C)c2c1,950.0,Ki (nM),CNS(=O)(=O)c1ccc2[nH]cc(CCN(C)C)c2c1,False,False,False
163316,CNS(=O)(=O)Cc1ccc2[nH]cc(CCN(C)C)c2c1,951.0,Ki (nM),CNS(=O)(=O)Cc1ccc2[nH]cc(CCN(C)C)c2c1,False,False,False
51399249,COc1ccccc1N1CCN(CCCC(=O)Nc2ccc(cc2)C(C)C)CC1,954.0,Ki (nM),COc1ccccc1N1CCN(CCCC(=O)Nc2ccc(C(C)C)cc2)CC1,False,False,False
50468113,O=C(CCCCN1CCCCCC1)n1c2ccccc2c2ccccc12,955.0,Ki (nM),O=C(CCCCN1CCCCCC1)n1c2ccccc2c2ccccc21,False,False,False
51408619,O=C1CCc2cc(OCCCN3CCCN(CC3)c3ccccn3)ccc2N1,955.0,Ki (nM),O=C1CCc2cc(OCCCN3CCCN(c4ccccn4)CC3)ccc2N1,False,False,False
51408597,O=C1CCc2cc(OCCCN3CCCN(CC3)c3ccccn3)ccc2N1,957.0,Ki (nM),O=C1CCc2cc(OCCCN3CCCN(c4ccccn4)CC3)ccc2N1,False,False,False
51290483,COc1ccc(cc1)-c1c2ccccn2c(=O)n(CCCCN2CCCC(C2)c2c[nH]c3ccc(OC)cc23)c1=O,958.0,Ki (nM),COc1ccc(-c2c(=O)n(CCCCN3CCCC(c4c[nH]c5ccc(OC)cc45)C3)c(=O)n3ccccc23)cc1,False,False,False
1466187,CCSc1cc(OC)c(CCN)cc1OC,968.7,Ki (nM),CCSc1cc(OC)c(CCN)cc1OC,False,False,False
51136030,OC1(CCN(CCCCC(c2ccc(F)cc2)c2ccc(F)cc2)CC1)c1ccc(Cl)c(c1)C(F)(F)F,969.0,Ki (nM),OC1(c2ccc(Cl)c(C(F)(F)F)c2)CCN(CCCCC(c2ccc(F)cc2)c2ccc(F)cc2)CC1,False,False,False
51526334,O=C1CC2CCCc3ccsc3C2=NN1CCCCN1CCN(Cc2ccccc2)CC1,976.0,Ki (nM),O=C1CC2CCCc3ccsc3C2=NN1CCCCN1CCN(Cc2ccccc2)CC1,False,False,False
50845994,CCCOc1nc2n(C)c(=O)n(C)c(=O)c2n1CCCN1CCN(CC1)c1ccccc1,980.0,Ki (nM),CCCOc1nc2c(c(=O)n(C)c(=O)n2C)n1CCCN1CCN(c2ccccc2)CC1,False,False,False
50938104,OC1(CCN(CCCCc2nc3ccccc3s2)CC1)c1ccc(Cl)cc1,983.0,Ki (nM),OC1(c2ccc(Cl)cc2)CCN(CCCCc2nc3ccccc3s2)CC1,False,False,False
50503667,OC1(CCN(CCCCc2nc3ccccc3s2)CC1)c1ccc(Cl)cc1,983.0,Ki (nM),OC1(c2ccc(Cl)cc2)CCN(CCCCc2nc3ccccc3s2)CC1,False,False,False
51470904,Nc1nc(N)nc(NCCCCCCN2CCN(CC2)c2ccccc2)n1,984.0,Ki (nM),Nc1nc(N)nc(NCCCCCCN2CCN(c3ccccc3)CC2)n1,False,False,False
51344453,CCCN1CCc2cccc3-c4cc(ccc4CC1c23)N(C)C,984.0,Ki (nM),CCCN1CCc2cccc3c2C1Cc1ccc(N(C)C)cc1-3,False,False,False
50551183,C(CCOc1cc(ncn1)-c1ccccc1)CCN1CCN(Cc2ccccc2)CC1,990.0,Ki (nM),c1ccc(CN2CCN(CCCCCOc3cc(-c4ccccc4)ncn3)CC2)cc1,False,False,False
50703475,O=S(=O)(NCCCCN1CCC2CCCCC2C1)c1cnc2ccccc2c1,995.0,Ki (nM),O=S(=O)(NCCCCN1CCC2CCCCC2C1)c1cnc2ccccc2c1,False,False,False
51526331,O=C1CC2CCc3ccsc3C2=NN1CCCCN1CCN(Cc2ccccc2)CC1,995.0,Ki (nM),O=C1CC2CCc3ccsc3C2=NN1CCCCN1CCN(Cc2ccccc2)CC1,False,False,False
51205645,COc1ccc(CNC(=O)CCOCCN2CCN(CC2)c2cccc(c2)-c2ccccc2OC)cc1,,Ki (nM),COc1ccc(CNC(=O)CCOCCN2CCN(c3cccc(-c4ccccc4OC)c3)CC2)cc1,False,False,False
50456075,O=C1N(CCCCN2CCN(CC2)c2ccccc2)Cc2ccccc12,,Ki (nM),O=C1c2ccccc2CN1CCCCN1CCN(c2ccccc2)CC1,False,False,False
50663945,CCN=C(NS(=O)(=O)c1cccc(Cl)c1)N1CC(CC)C=N1,,Ki (nM),CCN=C(NS(=O)(=O)c1cccc(Cl)c1)N1CC(CC)C=N1,False,False,False
170510,CC(C)n1c2ccccc2n(C(=O)NC2C[C@@H]3CC[C@H](C2)N3C)c1=O,1000.0,Ki (nM),CC(C)n1c(=O)n(C(=O)NC2C[C@H]3CC[C@@H](C2)N3C)c2ccccc21,False,False,False
170509,CC(C)n1c2ccccc2n(C(=O)NC2C[C@@H]3CC[C@H](C2)N3C)c1=O,1000.0,Ki (nM),CC(C)n1c(=O)n(C(=O)NC2C[C@H]3CC[C@@H](C2)N3C)c2ccccc21,False,False,False
50376721,COc1cc2CCN(Cc2cc1OC)\C=N\c1ccc2CCC(OC(C)=O)c2c1,1000.0,Ki (nM),COc1cc2c(cc1OC)CN(/C=N/c1ccc3c(c1)C(OC(C)=O)CC3)CC2,False,False,False
170515,CN(C)CCCC1(OCc2cc(ccc12)C#N)c1ccc(F)cc1,1000.0,Ki (nM),CN(C)CCCC1(c2ccc(F)cc2)OCc2cc(C#N)ccc21,False,False,False
50331374,C[C@@H]1CNC[C@H]2Cc3ccc(COCC4CC4)nc3N12,,Ki (nM),C[C@@H]1CNC[C@H]2Cc3ccc(COCC4CC4)nc3N21,False,False,False
50456087,O=C1Cc2ccccc2N1CC#CCN1CCN(CC1)c1cccc2ccccc12,,Ki (nM),O=C1Cc2ccccc2N1CC#CCN1CCN(c2cccc3ccccc23)CC1,False,False,False
170516,CN(C)CCCC1(OCc2cc(ccc12)C#N)c1ccc(F)cc1,1000.0,Ki (nM),CN(C)CCCC1(c2ccc(F)cc2)OCc2cc(C#N)ccc21,False,False,False
154133,COC(=O)[C@H]1[C@@H](O)CC[C@H]2CN3CCc4c([nH]c5ccccc45)[C@@H]3C[C@H]12 |r|,1000.0,Ki (nM),COC(=O)[C@@H]1[C@H]2C[C@H]3c4[nH]c5ccccc5c4CCN3C[C@@H]2CC[C@@H]1O,False,False,False
50456089,O=C1Cc2ccccc2N1Cc1ccc(CN2CCN(CC2)c2cccc3ccccc23)cc1,,Ki (nM),O=C1Cc2ccccc2N1Cc1ccc(CN2CCN(c3cccc4ccccc34)CC2)cc1,False,False,False
50456088,O=C1Cc2ccccc2N1Cc1cccc(CN2CCN(CC2)c2cccc3ccccc23)c1,,Ki (nM),O=C1Cc2ccccc2N1Cc1cccc(CN2CCN(c3cccc4ccccc34)CC2)c1,False,False,False
51158038,O=C1N(CCCCCCN2CCN(CC2)c2ccccc2)c2cccc3cccc1c23,,Ki (nM),O=C1c2cccc3cccc(c23)N1CCCCCCN1CCN(c2ccccc2)CC1,False,False,False
51158039,O=C1N(CCCCN2CCC(CC2)C2CCCCC2)c2cccc3cccc1c23,,Ki (nM),O=C1c2cccc3cccc(c23)N1CCCCN1CCC(C2CCCCC2)CC1,False,False,False
170526,CNCCCN1c2ccccc2CCc3c1cccc3,1000.0,Ki (nM),CNCCCN1c2ccccc2CCc2ccccc21,False,False,False
50127587,COc1cc2OC[C@H]3[C@H](CN4CCN(C\C=C(/C)c5ccccc5)CC4)ON=C3c2cc1OC,,Ki (nM),COc1cc2c(cc1OC)C1=NO[C@@H](CN3CCN(C/C=C(\C)c4ccccc4)CC3)[C@@H]1CO2,False,False,False
170525,CNCCCN1c2ccccc2CCc3c1cccc3,1000.0,Ki (nM),CNCCCN1c2ccccc2CCc2ccccc21,False,False,False
51158035,CC1CCN(CCCCN2C(=O)c3cccc4cccc2c34)CC1,,Ki (nM),CC1CCN(CCCCN2C(=O)c3cccc4cccc2c34)CC1,False,False,False
170530,c1cc(c(cc1CCN)O)O,1000.0,Ki (nM),NCCc1ccc(O)c(O)c1,False,False,False
170531,CCNC(C)Cc1cccc(c1)C(F)(F)F,1000.0,Ki (nM),CCNC(C)Cc1cccc(C(F)(F)F)c1,False,False,False
50706724,Oc1c2CCCn2c(=O)n1Cc1ccc(CNCC2CCc3ccccc3O2)cc1,,Ki (nM),O=c1n(Cc2ccc(CNCC3CCc4ccccc4O3)cc2)c(O)c2n1CCC2,False,False,False
170529,c1cc(c(cc1CCN)O)O,1000.0,Ki (nM),NCCc1ccc(O)c(O)c1,False,False,False
170534,CNCC[C@H](c1ccccc1)Oc2ccc(cc2)C(F)(F)F,1000.0,Ki (nM),CNCC[C@@H](Oc1ccc(C(F)(F)F)cc1)c1ccccc1,False,False,False
174119,CC(N)Cc1c[nH]c2ccc(OCc3cccs3)cc12,1000.0,Ki (nM),CC(N)Cc1c[nH]c2ccc(OCc3cccs3)cc12,False,False,False
50663968,CCN=C(NS(=O)(=O)c1cccc(Cl)c1)N1N=CCC1c1ccccc1,,Ki (nM),CCN=C(NS(=O)(=O)c1cccc(Cl)c1)N1N=CCC1c1ccccc1,False,False,False
51205672,COc1ccccc1-c1cccc(c1)N1CCN(CCOCCC(=O)NCc2ccc(F)nc2)CC1,,Ki (nM),COc1ccccc1-c1cccc(N2CCN(CCOCCC(=O)NCc3ccc(F)nc3)CC2)c1,False,False,False
170535,NCCc1cnc[nH]1,1000.0,Ki (nM),NCCc1cnc[nH]1,False,False,False
170532,CCNC(C)Cc1cccc(c1)C(F)(F)F,1000.0,Ki (nM),CCNC(C)Cc1cccc(C(F)(F)F)c1,False,False,False
50706723,Oc1c2CCCn2c(=O)n1Cc1cccc(CNCC2CCc3ccccc3O2)c1,,Ki (nM),O=c1n(Cc2cccc(CNCC3CCc4ccccc4O3)c2)c(O)c2n1CCC2,False,False,False
170533,CNCC[C@H](c1ccccc1)Oc2ccc(cc2)C(F)(F)F,1000.0,Ki (nM),CNCC[C@@H](Oc1ccc(C(F)(F)F)cc1)c1ccccc1,False,False,False
51224362,CC[C@H]1c2ccc3ccccc3c2OC[C@@]1(C)N,1000.0,Ki (nM),CC[C@H]1c2ccc3ccccc3c2OC[C@@]1(C)N,False,False,False
170538,C1CN=C(N1)C1COc2ccccc2O1 |c:2|,1000.0,Ki (nM),c1ccc2c(c1)OCC(C1=NCCN1)O2,False,False,False
170539,CN(C)CCCN1c2ccccc2CCc3c1cccc3,1000.0,Ki (nM),CN(C)CCCN1c2ccccc2CCc2ccccc21,False,False,False
50706732,O=C1CN(CCCCNCC2CCc3ccccc3O2)C(=O)C2CCCCN12,,Ki (nM),O=C1C2CCCCN2C(=O)CN1CCCCNCC1CCc2ccccc2O1,False,False,False
170536,NCCc1cnc[nH]1,1000.0,Ki (nM),NCCc1cnc[nH]1,False,False,False
170537,C1CN=C(N1)C1COc2ccccc2O1 |c:2|,1000.0,Ki (nM),c1ccc2c(c1)OCC(C1=NCCN1)O2,False,False,False
51224358,CC[C@H]1c2ccccc2N(C[C@@]1(C)N)c1ccccc1,1000.0,Ki (nM),CC[C@H]1c2ccccc2N(c2ccccc2)C[C@@]1(C)N,False,False,False
50503724,OC1(CC2CCC(C1)N2CCCCc1nc2ccccc2s1)c1ccc(Cl)cc1,1000.0,Ki (nM),OC1(c2ccc(Cl)cc2)CC2CCC(C1)N2CCCCc1nc2ccccc2s1,False,False,False
51489087,COc1cc2ncnc(N3CCC(CN4CCN(CC4)c4ncccn4)C3)c2cc1OC,,Ki (nM),COc1cc2ncnc(N3CCC(CN4CCN(c5ncccn5)CC4)C3)c2cc1OC,False,False,False
170540,CN(C)CCCN1c2ccccc2CCc3c1cccc3,1000.0,Ki (nM),CN(C)CCCN1c2ccccc2CCc2ccccc21,False,False,False
51489086,COc1cc2ncnc(N3CCC(CN4CCN(CC4)c4ccc(O)cc4)C3)c2cc1OC,,Ki (nM),COc1cc2ncnc(N3CCC(CN4CCN(c5ccc(O)cc5)CC4)C3)c2cc1OC,False,False,False
282667,COc1ccc(cc1OC1CNC1)-c1cccc(C)c1,1000.0,Ki (nM),COc1ccc(-c2cccc(C)c2)cc1OC1CNC1,False,False,False
50706730,Oc1c2CSCn2c(=O)n1CCCCNCC1CCc2ccccc2O1,,Ki (nM),O=c1n(CCCCNCC2CCc3ccccc3O2)c(O)c2n1CSC2,False,False,False
50706743,Oc1c2CCCn2c(=O)n1CCCCNCCc1cccc2ccccc12,,Ki (nM),O=c1n(CCCCNCCc2cccc3ccccc23)c(O)c2n1CCC2,False,False,False
51248952,COc1ccc(\C=C2/NC(=O)N(CCCN3CCN(CC3)c3ncccn3)C2=O)cc1OC1CCCC1,,Ki (nM),COc1ccc(/C=C2\NC(=O)N(CCCN3CCN(c4ncccn4)CC3)C2=O)cc1OC1CCCC1,False,False,False
51155771,O=C1Nc2cccc3CCCC1(CCCCN1CCN(CC1)C1CCCCC1)c23,,Ki (nM),O=C1Nc2cccc3c2C1(CCCCN1CCN(C2CCCCC2)CC1)CCC3,False,False,False
50706738,Oc1c2CCCn2c(=O)n1CCCCNCc1ccc2ccccc2n1,,Ki (nM),O=c1n(CCCCNCc2ccc3ccccc3n2)c(O)c2n1CCC2,False,False,False
170554,CC(=O)NCCc1c[nH]c2c1cc(cc2)OC,1000.0,Ki (nM),COc1ccc2[nH]cc(CCNC(C)=O)c2c1,False,False,False
170553,CC(=O)NCCc1c[nH]c2c1cc(cc2)OC,1000.0,Ki (nM),COc1ccc2[nH]cc(CCNC(C)=O)c2c1,False,False,False
51249200,CNS(=O)(=O)Cc1ccc2[nH]cc(CCN(C)C)c2c1,1000.0,Ki (nM),CNS(=O)(=O)Cc1ccc2[nH]cc(CCN(C)C)c2c1,False,False,False
51158095,O=C1N(CCCCN2CCC(CC2)c2ccccc2)c2cccc3cccc1c23,,Ki (nM),O=C1c2cccc3cccc(c23)N1CCCCN1CCC(c2ccccc2)CC1,False,False,False
170566,COc1ccccc1N1CCN(CCCCN2C(=O)c3ccccc3C2=O)CC1,1000.0,Ki (nM),COc1ccccc1N1CCN(CCCCN2C(=O)c3ccccc3C2=O)CC1,False,False,False
187974,CCc1c(nn(c1-c1ccc(Br)cc1)-c1ccc(Cl)cc1Cl)C(=O)NN1CCCCC1,1000.0,Ki (nM),CCc1c(C(=O)NN2CCCCC2)nn(-c2ccc(Cl)cc2Cl)c1-c1ccc(Br)cc1,False,False,False
51158088,O=C1N(CCCCN2CCC(=CC2)c2ccccc2)c2cccc3cccc1c23,,Ki (nM),O=C1c2cccc3cccc(c23)N1CCCCN1CC=C(c2ccccc2)CC1,False,False,False
170567,NCC(O)c1ccc(O)c(O)c1,1000.0,Ki (nM),NCC(O)c1ccc(O)c(O)c1,False,False,False
51488598,Cc1nccn1CC1CCc2c(C1=O)c1ccccc1n2C,,Ki (nM),Cc1nccn1CC1CCc2c(c3ccccc3n2C)C1=O,False,False,False
170565,COc1ccccc1N1CCN(CCCCN2C(=O)c3ccccc3C2=O)CC1,1000.0,Ki (nM),COc1ccccc1N1CCN(CCCCN2C(=O)c3ccccc3C2=O)CC1,False,False,False
170570,[NH3+]CC(O)c1ccc(O)cc1,1000.0,Ki (nM),NCC(O)c1ccc(O)cc1,False,False,True
170571,Cc1nccn1CC2CCc3c(c4ccccc4n3C)C2=O,1000.0,Ki (nM),Cc1nccn1CC1CCc2c(c3ccccc3n2C)C1=O,False,False,False
170568,NCC(O)c1ccc(O)c(O)c1,1000.0,Ki (nM),NCC(O)c1ccc(O)c(O)c1,False,False,False
170569,[NH3+]CC(O)c1ccc(O)cc1,1000.0,Ki (nM),NCC(O)c1ccc(O)cc1,False,False,True
51158080,O=C1N(CCCCCN2CCC(=CC2)c2ccccc2)c2cccc3cccc1c23,,Ki (nM),O=C1c2cccc3cccc(c23)N1CCCCCN1CC=C(c2ccccc2)CC1,False,False,False
170575,CC(C)NCC(O)COc1cccc2[nH]ccc12,1000.0,Ki (nM),CC(C)NCC(O)COc1cccc2[nH]ccc12,False,False,False
170572,Cc1nccn1CC2CCc3c(c4ccccc4n3C)C2=O,1000.0,Ki (nM),Cc1nccn1CC1CCc2c(c3ccccc3n2C)C1=O,False,False,False
51158082,CC(C)C1CCN(CCCCCN2C(=O)c3cccc4cccc2c34)CC1,,Ki (nM),CC(C)C1CCN(CCCCCN2C(=O)c3cccc4cccc2c34)CC1,False,False,False
293451,CN(C)CCCN1c2ccccc2CCc3c1cccc3,1000.0,Ki (nM),CN(C)CCCN1c2ccccc2CCc2ccccc21,False,False,False
51489089,COc1cc2ncnc(N3CCN(Cc4ccc5ccccc5n4)CC3)c2cc1OC,,Ki (nM),COc1cc2ncnc(N3CCN(Cc4ccc5ccccc5n4)CC3)c2cc1OC,False,False,False
170578,C1CN(CCN1)c1ccc2ccccc2n1,1000.0,Ki (nM),c1ccc2nc(N3CCNCC3)ccc2c1,False,False,False
223570,COc1ccc(cc1OC1CNC1)-c1cccc(C)c1,1000.0,Ki (nM),COc1ccc(-c2cccc(C)c2)cc1OC1CNC1,False,False,False
51489088,COc1cc2ncnc(N3CCN(Cc4nc5ccccc5[nH]4)CC3)c2cc1OC,,Ki (nM),COc1cc2ncnc(N3CCN(Cc4nc5ccccc5[nH]4)CC3)c2cc1OC,False,False,False
51489091,C(N1CCN(CC1)c1cccc2cn[nH]c12)C1=NC2C=CC=CC2N1,,Ki (nM),C1=CC2N=C(CN3CCN(c4cccc5cn[nH]c45)CC3)NC2C=C1,False,False,False
170576,CC(C)NCC(O)COc1cccc2[nH]ccc12,1000.0,Ki (nM),CC(C)NCC(O)COc1cccc2[nH]ccc12,False,False,False
51489090,COc1cc2ncnc(N3CCN(Cc4cnc5ccccc5n4)CC3)c2cc1OC,,Ki (nM),COc1cc2ncnc(N3CCN(Cc4cnc5ccccc5n4)CC3)c2cc1OC,False,False,False
170577,C1CN(CCN1)c1ccc2ccccc2n1,1000.0,Ki (nM),c1ccc2nc(N3CCNCC3)ccc2c1,False,False,False
51489093,C(N1CCN(CC1)c1cccc2cn[nH]c12)C1=NC2C=CC=CC2N=C1,,Ki (nM),C1=CC2N=CC(CN3CCN(c4cccc5cn[nH]c45)CC3)=NC2C=C1,False,False,False
51489092,C(N1CCN(CC1)c1cccc2cn[nH]c12)C1=NC2C=CC=CC2C=C1,,Ki (nM),C1=CC2C=CC(CN3CCN(c4cccc5cn[nH]c45)CC3)=NC2C=C1,False,False,False
51489095,O=c1[nH]c2cccc(N3CCN(Cc4nc5ccccc5[nH]4)CC3)c2[nH]1,,Ki (nM),O=c1[nH]c2cccc(N3CCN(Cc4nc5ccccc5[nH]4)CC3)c2[nH]1,False,False,False
50319273,NC[C@H]1C[C@@H]1c1cc(F)ccc1OCC=C,,Ki (nM),C=CCOc1ccc(F)cc1[C@H]1C[C@@H]1CN,False,False,False
51158106,O=S1(=O)N(CCCCN2CCN(CC2)c2ccccc2)c2cccc3cccc1c23,1000.0,Ki (nM),O=S1(=O)c2cccc3cccc(c23)N1CCCCN1CCN(c2ccccc2)CC1,False,False,False
51489094,C1CN(CCN1c1cccc2cn[nH]c12)c1cccc2cncnc12,,Ki (nM),c1cc(N2CCN(c3cccc4cn[nH]c34)CC2)c2ncncc2c1,False,False,False
51158107,COc1ccccc1N1CCN(CCCCCCN2C(=O)c3cccc4cccc2c34)CC1,,Ki (nM),COc1ccccc1N1CCN(CCCCCCN2C(=O)c3cccc4cccc2c34)CC1,False,False,False
51158100,O=S1(=O)N(CCCCCCN2CCN(CC2)c2ccccc2)c2cccc3cccc1c23,,Ki (nM),O=S1(=O)c2cccc3cccc(c23)N1CCCCCCN1CCN(c2ccccc2)CC1,False,False,False
51489096,O=c1[nH]c2cccc(N3CCN(Cc4cnc5ccccc5n4)CC3)c2[nH]1,,Ki (nM),O=c1[nH]c2cccc(N3CCN(Cc4cnc5ccccc5n4)CC3)c2[nH]1,False,False,False
50294435,CN(C)[C@@H]1COc2ccc(cc2C1)-c1c(O)cccc1O,,Ki (nM),CN(C)[C@@H]1COc2ccc(-c3c(O)cccc3O)cc2C1,False,False,False
50294434,CN(C)[C@@H]1COc2ccc(cc2C1)-c1ccccc1,,Ki (nM),CN(C)[C@@H]1COc2ccc(-c3ccccc3)cc2C1,False,False,False
51159406,CN(C)CCN(Cc1ccc(cc1)-c1ccc(CNCCc2ccccc2)cc1)C(=O)C=Cc1ccccc1,1000.0,Ki (nM),CN(C)CCN(Cc1ccc(-c2ccc(CNCCc3ccccc3)cc2)cc1)C(=O)C=Cc1ccccc1,False,False,False
50224028,CN1CCN(CCCCCC(=O)c2ccccc2O)CC1,,Ki (nM),CN1CCN(CCCCCC(=O)c2ccccc2O)CC1,False,False,False
51282022,O=S1(=O)N(CCCCCCN2CCN(CC2)c2ccccc2)c2cccc3cccc1c23,,Ki (nM),O=S1(=O)c2cccc3cccc(c23)N1CCCCCCN1CCN(c2ccccc2)CC1,False,False,False
174184,CNS(=O)(=O)Cc1ccc2[nH]cc(CCN(C)C)c2c1,1000.0,Ki (nM),CNS(=O)(=O)Cc1ccc2[nH]cc(CCN(C)C)c2c1,False,False,False
171884,CC(N)Cc1c[nH]c2ccc(OCc3cccs3)cc12,1000.0,Ki (nM),CC(N)Cc1c[nH]c2ccc(OCc3cccs3)cc12,False,False,False
51282040,O=S1(=O)N(CCCCN2CCN(CC2)c2ccccc2)c2cccc3cccc1c23,1000.0,Ki (nM),O=S1(=O)c2cccc3cccc(c23)N1CCCCN1CCN(c2ccccc2)CC1,False,False,False
184713,CNCCC(Oc1ccccc1C)c1ccccc1,1000.0,Ki (nM),CNCCC(Oc1ccccc1C)c1ccccc1,False,False,False
50127473,COc1cc2OC[C@H]3[C@H](CN4CCN(C\C(C)=C\c5ccccc5)CC4)ON=C3c2cc1OC,,Ki (nM),COc1cc2c(cc1OC)C1=NO[C@@H](CN3CCN(C/C(C)=C/c4ccccc4)CC3)[C@@H]1CO2,False,False,False
50268785,NC(N)=NC(=O)c1ccc-2c(c1)C(O)c1cc(Cl)ccc-21,,Ki (nM),NC(N)=NC(=O)c1ccc2c(c1)C(O)c1cc(Cl)ccc1-2,False,False,False
50127718,COc1cc2OC[C@H]3[C@H](CN4CCN(Cc5ccc6ccccc6c5)CC4)ON=C3c2cc1OC,,Ki (nM),COc1cc2c(cc1OC)C1=NO[C@@H](CN3CCN(Cc4ccc5ccccc5c4)CC3)[C@@H]1CO2,False,False,False
172191,Cn1ccc2cc3N(CCc3cc12)C(=O)Nc1cccnc1,1000.0,Ki (nM),Cn1ccc2cc3c(cc21)CCN3C(=O)Nc1cccnc1,False,False,False
162727,COc1ccccc1N1CCN(CCCCN2C(=O)c3ccccc3C2=O)CC1,1000.0,Ki (nM),COc1ccccc1N1CCN(CCCCN2C(=O)c3ccccc3C2=O)CC1,False,False,False
50984879,CC1CCN(CCCCN2C(=O)c3cccc4cccc2c34)CC1,,Ki (nM),CC1CCN(CCCCN2C(=O)c3cccc4cccc2c34)CC1,False,False,False
162725,COc1ccccc1N1CCN(CCCCN2C(=O)c3ccccc3C2=O)CC1,1000.0,Ki (nM),COc1ccccc1N1CCN(CCCCN2C(=O)c3ccccc3C2=O)CC1,False,False,False
51153317,O=C1Nc2cccc3CCCC1(CCCCN1CCN(CC1)C1CCCCC1)c23,,Ki (nM),O=C1Nc2cccc3c2C1(CCCCN1CCN(C2CCCCC2)CC1)CCC3,False,False,False
51337122,CCCN(CCC)[C@H]1CCc2cccc(O)c2C1,1000.0,Ki (nM),CCCN(CCC)[C@H]1CCc2cccc(O)c2C1,False,False,False
51224255,C[C@@]12COc3ccc(cc3[C@@H]1CCN2)-c1ccccc1,1000.0,Ki (nM),C[C@@]12COc3ccc(-c4ccccc4)cc3[C@@H]1CCN2,False,False,False
50214215,O=C(Cc1ccccc1)NC1CCN(CCCN2C(=O)COc3ccccc23)CC1,,Ki (nM),O=C(Cc1ccccc1)NC1CCN(CCCN2C(=O)COc3ccccc32)CC1,False,False,False
792496,Fc1ccc(Oc2cc(Cl)ccc2O[C@@H]2CCNC2)cc1,1000.0,Ki (nM),Fc1ccc(Oc2cc(Cl)ccc2O[C@@H]2CCNC2)cc1,False,False,False
50584772,COc1ccc(NS(=O)(=O)c2sc3ccc(Cl)cc3c2C)cc1N1CCN2CCC[C@H]2C1,1000.0,Ki (nM),COc1ccc(NS(=O)(=O)c2sc3ccc(Cl)cc3c2C)cc1N1CCN2CCC[C@H]2C1,False,False,False
50214195,CCCCC1CCN(CCCC(=O)c2ccccc2C)CC1,,Ki (nM),CCCCC1CCN(CCCC(=O)c2ccccc2C)CC1,False,False,False
50276145,C[C@H](Nc1cccc(NCCc2ccccc2)c1)c1ccccc1,,Ki (nM),C[C@H](Nc1cccc(NCCc2ccccc2)c1)c1ccccc1,False,False,False
50302001,Fc1ccc2CC(CC3CNC=N3)Cc2c1,,Ki (nM),Fc1ccc2c(c1)CC(CC1CNC=N1)C2,False,False,False
50289703,COc1cccc2C(CCCc12)NC(=O)CN1CCN(CC1)c1ccccc1OC,,Ki (nM),COc1ccccc1N1CCN(CC(=O)NC2CCCc3c(OC)cccc32)CC1,False,False,False
186843,CNC(C)C(=O)c1ccccc1,1000.0,Ki (nM),CNC(C)C(=O)c1ccccc1,False,False,False
50333405,Cn1c2nc3n(CCCCCN4CCN(CC4)c4ccc(Cl)cc4)c(=O)ccn3c2c(=O)n(C)c1=O,,Ki (nM),Cn1c(=O)c2c(nc3n(CCCCCN4CCN(c5ccc(Cl)cc5)CC4)c(=O)ccn23)n(C)c1=O,False,False,False
50127644,COc1cc2OC[C@H]3[C@H](CN4CCN(C\C=C\c5ccccc5)CC4)ON=C3c2cc1OC,,Ki (nM),COc1cc2c(cc1OC)C1=NO[C@@H](CN3CCN(C/C=C/c4ccccc4)CC3)[C@@H]1CO2,False,False,False
50276123,C[C@H](Nc1cccc(NCCc2ccccc2)n1)c1ccccc1,,Ki (nM),C[C@H](Nc1cccc(NCCc2ccccc2)n1)c1ccccc1,False,False,False
50276122,C[C@H](Nc1cccc(NCCOc2ccccc2)n1)c1ccccc1,,Ki (nM),C[C@H](Nc1cccc(NCCOc2ccccc2)n1)c1ccccc1,False,False,False
178148,CN1CCC2(COc3cc4CCN(C(=O)c5ccc(cc5)-c5ccc(cc5C)-c5noc(C)n5)c4cc23)CC1,1000.0,Ki (nM),Cc1nc(-c2ccc(-c3ccc(C(=O)N4CCc5cc6c(cc54)C4(CCN(C)CC4)CO6)cc3)c(C)c2)no1,False,False,False
50276117,C[C@H](Nc1cccc(NCCOc2ccccc2)c1)c1ccccc1,,Ki (nM),C[C@H](Nc1cccc(NCCOc2ccccc2)c1)c1ccccc1,False,False,False
50276108,CC(Nc1nc(N)nc(NCCc2ccncc2)n1)c1ccc(F)cc1,,Ki (nM),CC(Nc1nc(N)nc(NCCc2ccncc2)n1)c1ccc(F)cc1,False,False,False
50276097,C[C@@H](Nc1nc(N)nc(NCCOc2ccccc2)n1)c1ccccc1,,Ki (nM),C[C@@H](Nc1nc(N)nc(NCCOc2ccccc2)n1)c1ccccc1,False,False,False
51398484,CN1CCCCC1CCN1c2c(Cl)cc(Cl)cc2Sc2cc(Cl)cc(Cl)c12,1003.0,Ki (nM),CN1CCCCC1CCN1c2c(Cl)cc(Cl)cc2Sc2cc(Cl)cc(Cl)c21,False,False,False
51526333,O=C1CC2Cc3ccsc3C2=NN1CCCCN1CCN(Cc2ccccc2)CC1,1003.0,Ki (nM),O=C1CC2Cc3ccsc3C2=NN1CCCCN1CCN(Cc2ccccc2)CC1,False,False,False
50503668,OC1(CC2CCC(C1)N2CCCCc1nc2ccccc2s1)c1ccc(Cl)cc1,1009.0,Ki (nM),OC1(c2ccc(Cl)cc2)CC2CCC(C1)N2CCCCc1nc2ccccc2s1,False,False,False
50250517,Cn1c2ncn(CCCCCN3CCc4ccccc4C3)c2c(=O)n(C)c1=O,1009.0,Ki (nM),Cn1c(=O)c2c(ncn2CCCCCN2CCc3ccccc3C2)n(C)c1=O,False,False,False
170649,CCCN(CCC)C1CCc2ccc(O)cc2C1,1014.0,Ki (nM),CCCN(CCC)C1CCc2ccc(O)cc2C1,False,False,False
50974459,CCCN1CCC(COc2nc3c(I)cccc3c3ncccc23)CC1,1018.0,Ki (nM),CCCN1CCC(COc2nc3c(I)cccc3c3ncccc23)CC1,False,False,False
50534665,COc1ccccc1-c1cc(CN(C)C)ccc1OC,1019.0,Ki (nM),COc1ccccc1-c1cc(CN(C)C)ccc1OC,False,False,False
50471089,NCC1CC1c1cc(F)c(F)cc1OCC=C,1020.0,Ki (nM),C=CCOc1cc(F)c(F)cc1C1CC1CN,False,False,False
153885,NCC(O)c1ccc(O)c(O)c1,1020.0,Ki (nM),NCC(O)c1ccc(O)c(O)c1,False,False,False
50471052,NCC1CC1c1cc(F)c(F)cc1OCC=C,1023.0,Ki (nM),C=CCOc1cc(F)c(F)cc1C1CC1CN,False,False,False
51120137,Clc1ccccc1OCCN1CCC(CC1)NS(=O)(=O)c1ccccc1,1029.0,Ki (nM),O=S(=O)(NC1CCN(CCOc2ccccc2Cl)CC1)c1ccccc1,False,False,False
53787,O=c1[nH]c2ccccc2n1CCN1CCN(CC1)c1ccccc1,1029.0,Ki (nM),O=c1[nH]c2ccccc2n1CCN1CCN(c2ccccc2)CC1,False,False,False
50534670,COc1ccccc1-c1cccc(CN2CCC(C)CC2)c1,1038.0,Ki (nM),COc1ccccc1-c1cccc(CN2CCC(C)CC2)c1,False,False,False
51470901,Nc1nc(N)nc(NCCCCCN2CCN(CC2)c2ccccc2)n1,1039.0,Ki (nM),Nc1nc(N)nc(NCCCCCN2CCN(c3ccccc3)CC2)n1,False,False,False
50285897,OC1(CCN(CCCCc2ccc(F)cc2)CC1)c1ccc(Cl)cc1,1042.0,Ki (nM),OC1(c2ccc(Cl)cc2)CCN(CCCCc2ccc(F)cc2)CC1,False,False,False
50285900,OC1(CCN(CCCSc2ccc(F)cc2)CC1)c1ccc(Cl)cc1,1044.0,Ki (nM),OC1(c2ccc(Cl)cc2)CCN(CCCSc2ccc(F)cc2)CC1,False,False,False
50468043,O=C(CCCCCN1CCCC1)n1c2ccccc2c2ccccc12,1047.0,Ki (nM),O=C(CCCCCN1CCCC1)n1c2ccccc2c2ccccc21,False,False,False
51119364,Cc1cc(C)c(OCCOCCN2CCN(CCc3ccccc3)CC2)c(C)c1,1050.0,Ki (nM),Cc1cc(C)c(OCCOCCN2CCN(CCc3ccccc3)CC2)c(C)c1,False,False,False
50468044,O=C(CCCCCN1CCCC1)n1c2ccccc2c2ccccc12,1051.0,Ki (nM),O=C(CCCCCN1CCCC1)n1c2ccccc2c2ccccc21,False,False,False
51501125,FC(F)(F)c1cccc(c1)N1CCN(CCCCCCn2nc3ccccn3c2=O)CC1,1070.0,Ki (nM),O=c1n(CCCCCCN2CCN(c3cccc(C(F)(F)F)c3)CC2)nc2ccccn12,False,False,False
50468037,CC(=O)N1CCN(CCCCC(=O)n2c3ccccc3c3ccccc23)CC1,1072.0,Ki (nM),CC(=O)N1CCN(CCCCC(=O)n2c3ccccc3c3ccccc32)CC1,False,False,False
50302212,O=c1n(CCCCCN2CCN(Cc3ccccc3)CC2)cnc2ccccc12,1082.0,Ki (nM),O=c1c2ccccc2ncn1CCCCCN1CCN(Cc2ccccc2)CC1,False,False,False
51602984,CCCc1ccc(OCC(O)CN2CCN(c3ccccc3)CC2)cc1,1088.0,Ki (nM),CCCc1ccc(OCC(O)CN2CCN(c3ccccc3)CC2)cc1,False,False,False
51265605,O=c1c(-c2ccccc2)c2CCCCn2c(=O)n1CCCCN1CCCC(C1)c1c[nH]c2ccccc12,1092.0,Ki (nM),O=c1c(-c2ccccc2)c2n(c(=O)n1CCCCN1CCCC(c3c[nH]c4ccccc34)C1)CCCC2,False,False,False
51256010,COc1ccc2n(cc(-c3[nH]c(N)nc3C)c2c1)S(=O)(=O)c1cccc2ccccc12,1096.0,Ki (nM),COc1ccc2c(c1)c(-c1[nH]c(N)nc1C)cn2S(=O)(=O)c1cccc2ccccc12,False,False,False
792478,Clc1ccc(Oc2cc3ccccc3cn2)c(OC2CNC2)c1,1097.0,Ki (nM),Clc1ccc(Oc2cc3ccccc3cn2)c(OC2CNC2)c1,False,False,False
50284495,COc1ccc2[nH]cc(C3=CCN(Cc4ccccc4)CC3)c2c1,1100.0,Ki (nM),COc1ccc2[nH]cc(C3=CCN(Cc4ccccc4)CC3)c2c1,False,False,False
50376752,Oc1cccc(c1)C1NCCc2c1[nH]c1ccccc21,1100.0,Ki (nM),Oc1cccc(C2NCCc3c2[nH]c2ccccc32)c1,False,False,False
50503767,OC1(CCN(CCCC(=O)c2ccc(F)cc2)CC1)c1ccc(Cl)cc1,1100.0,Ki (nM),O=C(CCCN1CCC(O)(c2ccc(Cl)cc2)CC1)c1ccc(F)cc1,False,False,False
50958831,CCOc1ccccc1C(=O)NC1CCN(CCOc2cccc(c2)-c2ccccc2)C1,1104.0,Ki (nM),CCOc1ccccc1C(=O)NC1CCN(CCOc2cccc(-c3ccccc3)c2)C1,False,False,False
50958836,Clc1cccc(SCCN2CCC(C2)NC(=O)c2ccc3ccccc3n2)c1Cl,1108.0,Ki (nM),O=C(NC1CCN(CCSc2cccc(Cl)c2Cl)C1)c1ccc2ccccc2n1,False,False,False
51265529,Fc1ccc(cc1)-c1c2CCCCn2c(=O)n(CCCCN2CCCC(C2)c2c[nH]c3ccc(F)cc23)c1=O,1112.0,Ki (nM),O=c1c(-c2ccc(F)cc2)c2n(c(=O)n1CCCCN1CCCC(c3c[nH]c4ccc(F)cc34)C1)CCCC2,False,False,False
51290424,O=c1c(-c2ccccc2)c2ccccn2c(=O)n1CCCCN1CCCC(C1)c1c[nH]c2ccccc12,1115.0,Ki (nM),O=c1c(-c2ccccc2)c2ccccn2c(=O)n1CCCCN1CCCC(c2c[nH]c3ccccc23)C1,False,False,False
51126965,O=c1[nH]c2c(cccc2o1)N1CCN(CC[C@@H]2CCCN2S(=O)(=O)c2cccc3ncccc23)CC1,1119.0,Ki (nM),O=c1[nH]c2c(N3CCN(CC[C@@H]4CCCN4S(=O)(=O)c4cccc5ncccc45)CC3)cccc2o1,False,False,False
51136005,OC1(CCN(CCCCCc2ccc(F)cc2)CC1)c1ccc(Cl)c(c1)C(F)(F)F,1120.0,Ki (nM),OC1(c2ccc(Cl)c(C(F)(F)F)c2)CCN(CCCCCc2ccc(F)cc2)CC1,False,False,False
51157916,COc1ccc2[nH]c(C)c(CCN(C)C)c2c1,1122.0,Ki (nM),COc1ccc2[nH]c(C)c(CCN(C)C)c2c1,False,False,False
50503752,OC1(CCN(CCCC(=O)c2ccc(F)cc2)CC1)c1ccc(Cl)cc1,1122.0,Ki (nM),O=C(CCCN1CCC(O)(c2ccc(Cl)cc2)CC1)c1ccc(F)cc1,False,False,False
50534579,COc1ccccc1-c1cc(CN2CCC(C)CC2)ccc1C,1123.0,Ki (nM),COc1ccccc1-c1cc(CN2CCC(C)CC2)ccc1C,False,False,False
50302289,Clc1ccc(cc1)N1CCN(CCCCc2nc3ccccc3c(=O)[nH]2)CC1,1135.0,Ki (nM),O=c1[nH]c(CCCCN2CCN(c3ccc(Cl)cc3)CC2)nc2ccccc12,False,False,False
51399253,COc1ccccc1N1CCN(CCCC(=O)Nc2ccccc2C(N)=O)CC1,1143.0,Ki (nM),COc1ccccc1N1CCN(CCCC(=O)Nc2ccccc2C(N)=O)CC1,False,False,False
50958823,CSc1ccccc1OCCN1CCC(CC1)NC(=O)c1cccs1,1144.0,Ki (nM),CSc1ccccc1OCCN1CCC(NC(=O)c2cccs2)CC1,False,False,False
51196215,COc1ccc2c(c1)oc1ccc(CN3CCN(CC3)c3ccccc3OC)cc1c2=O,1145.0,Ki (nM),COc1ccc2c(=O)c3cc(CN4CCN(c5ccccc5OC)CC4)ccc3oc2c1,False,False,False
50250527,Cn1c2ncn(CCCCN3CCN(CC3)c3ccccc3)c2c(=O)n(C)c1=O,1148.0,Ki (nM),Cn1c(=O)c2c(ncn2CCCCN2CCN(c3ccccc3)CC2)n(C)c1=O,False,False,False
51256060,COc1ccc2n(cc(-c3cnc(N)[nH]3)c2c1)S(=O)(=O)c1ccccc1,1148.0,Ki (nM),COc1ccc2c(c1)c(-c1cnc(N)[nH]1)cn2S(=O)(=O)c1ccccc1,False,False,False
51120138,Clc1ccc(cc1)S(=O)(=O)NC1CCN(CCOc2ccccc2)CC1,1154.0,Ki (nM),O=S(=O)(NC1CCN(CCOc2ccccc2)CC1)c1ccc(Cl)cc1,False,False,False
51120139,Brc1cccc(c1)S(=O)(=O)NC1CCN(CCOc2ccccc2)CC1,1154.0,Ki (nM),O=S(=O)(NC1CCN(CCOc2ccccc2)CC1)c1cccc(Br)c1,False,False,False
51229331,Fc1ccc2[nH]cc(C3CC(=O)N(CCCCN4CCC(CC4)c4c[nH]c5ccc(F)cc45)C3=O)c2c1,1158.0,Ki (nM),O=C1CC(c2c[nH]c3ccc(F)cc23)C(=O)N1CCCCN1CCC(c2c[nH]c3ccc(F)cc23)CC1,False,False,False
50284492,COc1ccc2n(C)cc(CCN(C)C)c2c1,1180.0,Ki (nM),COc1ccc2c(c1)c(CCN(C)C)cn2C,False,False,False
50958808,CCOc1ccccc1C(=O)NCC1CCN(CCOc2ccccc2SC)CC1,1188.0,Ki (nM),CCOc1ccccc1C(=O)NCC1CCN(CCOc2ccccc2SC)CC1,False,False,False
51295340,CCCN[C@H]1CCc2nc(N)sc2C1,1188.0,Ki (nM),CCCN[C@H]1CCc2nc(N)sc2C1,False,False,False
50081747,NC(=O)[C@@H]1CCCN1C(=O)CCCCCN1CCN(CC1)c1ccc(F)cc1,1188.0,Ki (nM),NC(=O)[C@@H]1CCCN1C(=O)CCCCCN1CCN(c2ccc(F)cc2)CC1,False,False,False
50474196,CC1(NC(=O)N(CC(O)CN2CCN(CC2)c2ccc(F)cc2F)C1=O)c1ccc(F)cc1,1190.0,Ki (nM),CC1(c2ccc(F)cc2)NC(=O)N(CC(O)CN2CCN(c3ccc(F)cc3F)CC2)C1=O,False,False,False
51399248,COc1ccccc1N1CCN(CCCC(=O)Nc2ccc(cc2)C(C)(C)C)CC1,1196.0,Ki (nM),COc1ccccc1N1CCN(CCCC(=O)Nc2ccc(C(C)(C)C)cc2)CC1,False,False,False
50081695,NC(=O)[C@@H]1Cc2ccccc2CN1C(=O)c1ccc(CN2CCN(CC2)c2cccc(Cl)c2Cl)cc1,1196.0,Ki (nM),NC(=O)[C@@H]1Cc2ccccc2CN1C(=O)c1ccc(CN2CCN(c3cccc(Cl)c3Cl)CC2)cc1,False,False,False
50081741,COc1ccccc1N1CCN(CCCCCC(=O)N2CCC[C@H]2C(N)=O)CC1,1199.0,Ki (nM),COc1ccccc1N1CCN(CCCCCC(=O)N2CCC[C@H]2C(N)=O)CC1,False,False,False
50073034,Cc1cccc(c1)N1CCN(Cc2ccccc2-c2ccccc2)CC1,1200.0,Ki (nM),Cc1cccc(N2CCN(Cc3ccccc3-c3ccccc3)CC2)c1,False,False,False
50076042,Cc1cccc(c1)N1CCN(Cc2ccccc2-c2ccccc2)CC1,1200.0,Ki (nM),Cc1cccc(N2CCN(Cc3ccccc3-c3ccccc3)CC2)c1,False,False,False
51207258,CN(C)CCc1cn(-c2ccccc2)c2ccccc12,1200.0,Ki (nM),CN(C)CCc1cn(-c2ccccc2)c2ccccc12,False,False,False
50256182,CN(C)CCSc1nnc([nH]1)-c1ccccc1,1200.0,Ki (nM),CN(C)CCSc1nnc(-c2ccccc2)[nH]1,False,False,False
51281984,O=C1N(CCCCCCN2CCN(CC2)c2ccccn2)C(=O)c2cccc3cccc1c23,1200.0,Ki (nM),O=C1c2cccc3cccc(c23)C(=O)N1CCCCCCN1CCN(c2ccccn2)CC1,False,False,False
51031814,OC(CN1C(=O)NC(C1=O)(c1ccccc1)c1ccccc1)CN1CCN(CC1)c1ccccc1C#N,1205.0,Ki (nM),N#Cc1ccccc1N1CCN(CC(O)CN2C(=O)NC(c3ccccc3)(c3ccccc3)C2=O)CC1,False,False,False
1466880,CCc1cc(OC)c(CC(C)N)cc1OC,1225.0,Ki (nM),CCc1cc(OC)c(CC(C)N)cc1OC,False,False,False
51070634,Fc1cccc(c1)-c1n[nH]c2CCNCCc12,1230.0,Ki (nM),Fc1cccc(-c2n[nH]c3c2CCNCC3)c1,False,False,False
53777,O=c1n(CCN2CCN(CC2)c2ccccc2)c2ccccc2n1-c1ccccc1,1230.0,Ki (nM),O=c1n(CCN2CCN(c3ccccc3)CC2)c2ccccc2n1-c1ccccc1,False,False,False
1466440,COc1ccc2[nH]cc(CCN(C(C)C)C(C)C)c2c1,1231.0,Ki (nM),COc1ccc2[nH]cc(CCN(C(C)C)C(C)C)c2c1,False,False,False
51266668,O[C@@H]1[C@@H](CCl)O[C@H]([C@@H]1O)n1cnc2c(N[C@H]3C[C@H]4CC[C@@H]3C4)ncnc12,1240.0,Ki (nM),O[C@@H]1[C@H](O)[C@@H](CCl)O[C@H]1n1cnc2c(N[C@H]3C[C@H]4CC[C@@H]3C4)ncnc21,False,False,False
51068780,Fc1cccc(c1)-c1n[nH]c2CCNCCc12,1243.0,Ki (nM),Fc1cccc(-c2n[nH]c3c2CCNCC3)c1,False,False,False
836720,Fc1cccc(c1)-c1n[nH]c2CCNCCc12,1243.0,Ki (nM),Fc1cccc(-c2n[nH]c3c2CCNCC3)c1,False,False,False
50703477,O=S(=O)(NCCCCN1CCC2CCCCC2C1)c1cccc2cccnc12,1255.0,Ki (nM),O=S(=O)(NCCCCN1CCC2CCCCC2C1)c1cccc2cccnc12,False,False,False
50812796,Cc1[nH]c2ccc(O)cc2c1CCN,1258.0,Ki (nM),Cc1[nH]c2ccc(O)cc2c1CCN,False,False,False
159681,Cc1[nH]c2ccc(O)cc2c1CCN,1258.92,Ki (nM),Cc1[nH]c2ccc(O)cc2c1CCN,False,False,False
174153,c1ccc2c(c1)C(=O)N(C(=O)N2)CCN3CCC(CC3)C(=O)c4ccc(cc4)F,1258.93,Ki (nM),O=C(c1ccc(F)cc1)C1CCN(CCn2c(=O)[nH]c3ccccc3c2=O)CC1,False,False,False
51159440,O=C(C=Cc1ccccc1)N(Cc1ccc(cc1)-c1ccc(CNCCc2ccccc2)cc1)Cc1cccnc1,1259.0,Ki (nM),O=C(C=Cc1ccccc1)N(Cc1ccc(-c2ccc(CNCCc3ccccc3)cc2)cc1)Cc1cccnc1,False,False,False
51249154,Fc1ccc(cc1)C(=O)C1CCN(CCn2c(=O)[nH]c3ccccc3c2=O)CC1,1259.0,Ki (nM),O=C(c1ccc(F)cc1)C1CCN(CCn2c(=O)[nH]c3ccccc3c2=O)CC1,False,False,False
51224257,Cc1cc(C)c2[C@@H]3CCN[C@]3(C)COc2c1,1259.0,Ki (nM),Cc1cc(C)c2c(c1)OC[C@@]1(C)NCC[C@@H]21,False,False,False
51224256,COc1cc(OC)c2[C@@H]3CCN[C@]3(C)COc2c1,1259.0,Ki (nM),COc1cc(OC)c2c(c1)OC[C@@]1(C)NCC[C@@H]21,False,False,False
50812834,COc1ccc2[nH]c(C)c(CCN(C)C)c2c1,1260.0,Ki (nM),COc1ccc2[nH]c(C)c(CCN(C)C)c2c1,False,False,False
792280,Clc1ccc(OCC2CCCO2)c(OC2CNC2)c1,1269.0,Ki (nM),Clc1ccc(OCC2CCCO2)c(OC2CNC2)c1,False,False,False
51230281,C(Cc1c[nH]c2ccccc12)NCc1ccc(o1)-c1ccccc1,1281.0,Ki (nM),c1ccc(-c2ccc(CNCCc3c[nH]c4ccccc34)o2)cc1,False,False,False
50468028,CCCCN(C)CCCCC(=O)n1c2ccccc2c2ccccc12,1281.0,Ki (nM),CCCCN(C)CCCCC(=O)n1c2ccccc2c2ccccc21,False,False,False
50468027,CCCCN(C)CCCCC(=O)n1c2ccccc2c2ccccc12,1288.0,Ki (nM),CCCCN(C)CCCCC(=O)n1c2ccccc2c2ccccc21,False,False,False
50192650,CN(C)CCc1cccc2n(c(cc12)C(=O)c1ccccc1)S(=O)(=O)c1ccccc1,1300.0,Ki (nM),CN(C)CCc1cccc2c1cc(C(=O)c1ccccc1)n2S(=O)(=O)c1ccccc1,False,False,False
50468128,O=C(CCCCCN1CCOCC1)n1c2ccccc2c2ccccc12,1307.0,Ki (nM),O=C(CCCCCN1CCOCC1)n1c2ccccc2c2ccccc21,False,False,False
50551195,Clc1ccc(cc1)N1CCN(CCCCCn2cnc(cc2=O)-c2ccccc2)CC1,1310.0,Ki (nM),O=c1cc(-c2ccccc2)ncn1CCCCCN1CCN(c2ccc(Cl)cc2)CC1,False,False,False
50081744,NC(=O)[C@@H]1CCCN1C(=O)CCCCCN1CCN(CC1)c1ccccc1Cl,1312.0,Ki (nM),NC(=O)[C@@H]1CCCN1C(=O)CCCCCN1CCN(c2ccccc2Cl)CC1,False,False,False
51606512,O=S(=O)(c1ccccc1)n1cccc1-c1cccc(N2CCNCC2)c1,1316.0,Ki (nM),O=S(=O)(c1ccccc1)n1cccc1-c1cccc(N2CCNCC2)c1,False,False,False
50468130,O=C(CCCCCN1CCOCC1)n1c2ccccc2c2ccccc12,1318.0,Ki (nM),O=C(CCCCCN1CCOCC1)n1c2ccccc2c2ccccc21,False,False,False
50154815,CN1CCc2ccc3[C@@H](NC(C)=O)c4cccc5C[C@@H]1c2c3-c45,1320.0,Ki (nM),CC(=O)N[C@H]1c2cccc3c2-c2c1ccc1c2[C@@H](C3)N(C)CC1,False,False,False
1466238,CCSc1cc(OC)c(CC(C)N)cc1OC,1322.0,Ki (nM),CCSc1cc(OC)c(CC(C)N)cc1OC,False,False,False
50551200,O=c1cc(ncn1CCCCCN1CCN(Cc2ccccc2)CC1)-c1ccccc1,1328.0,Ki (nM),O=c1cc(-c2ccccc2)ncn1CCCCCN1CCN(Cc2ccccc2)CC1,False,False,False
50812867,Fc1ccc(cc1)C(=O)C1CCN(CCn2c(=O)[nH]c3ccccc3c2=O)CC1,1334.0,Ki (nM),O=C(c1ccc(F)cc1)C1CCN(CCn2c(=O)[nH]c3ccccc3c2=O)CC1,False,False,False
163306,c1ccc2c(c1)C(=O)N(C(=O)N2)CCN3CCC(CC3)C(=O)c4ccc(cc4)F,1334.0,Ki (nM),O=C(c1ccc(F)cc1)C1CCN(CCn2c(=O)[nH]c3ccccc3c2=O)CC1,False,False,False
51126963,O=c1[nH]c2c(cccc2o1)N1CCN(CC[C@H]2CCCN2S(=O)(=O)c2cncc3ccccc23)CC1,1340.0,Ki (nM),O=c1[nH]c2c(N3CCN(CC[C@H]4CCCN4S(=O)(=O)c4cncc5ccccc45)CC3)cccc2o1,False,False,False
51120134,Clc1cccc(OCCN2CCC(CC2)NS(=O)(=O)c2ccccc2)c1,1342.0,Ki (nM),O=S(=O)(NC1CCN(CCOc2cccc(Cl)c2)CC1)c1ccccc1,False,False,False
50205335,OC(C1CCN(CCc2ccc(F)cc2)CC1)c1ccc(F)cc1,1345.0,Ki (nM),OC(c1ccc(F)cc1)C1CCN(CCc2ccc(F)cc2)CC1,False,False,False
153863,CC(CO)NC(=O)C1CN(C)C2Cc3c[nH]c4cccc(C2=C1)c34 |c:22|,1350.0,Ki (nM),CC(CO)NC(=O)C1C=C2c3cccc4[nH]cc(c34)CC2N(C)C1,False,False,False
51265566,Clc1ccccc1-c1c2CCCCn2c(=O)n(CCCCN2CCCC(C2)c2c[nH]c3ccccc23)c1=O,1361.0,Ki (nM),O=c1c(-c2ccccc2Cl)c2n(c(=O)n1CCCCN1CCCC(c3c[nH]c4ccccc34)C1)CCCC2,False,False,False
50958846,Fc1ccc(cc1)S(=O)(=O)NCC1CCN(CCOc2cccc(F)c2)CC1,1362.0,Ki (nM),O=S(=O)(NCC1CCN(CCOc2cccc(F)c2)CC1)c1ccc(F)cc1,False,False,False
50333438,Cn1c2nc3n(CCCCN4CCN(CC4)c4ccccc4O)ccn3c2c(=O)n(C)c1=O,1364.0,Ki (nM),Cn1c(=O)c2c(nc3n(CCCCN4CCN(c5ccccc5O)CC4)ccn23)n(C)c1=O,False,False,False
50551012,Clc1ccc(cc1)N1CCN(CCCCCOc2cc(ncn2)-c2ccccc2)CC1,1377.0,Ki (nM),Clc1ccc(N2CCN(CCCCCOc3cc(-c4ccccc4)ncn3)CC2)cc1,False,False,False
51265568,Clc1ccc(cc1)-c1c2CCCCn2c(=O)n(CCCCN2CCCC(C2)c2c[nH]c3ccccc23)c1=O,1384.0,Ki (nM),O=c1c(-c2ccc(Cl)cc2)c2n(c(=O)n1CCCCN1CCCC(c3c[nH]c4ccccc34)C1)CCCC2,False,False,False
50468082,CC1CC(C)CN(CCCCC(=O)n2c3ccccc3c3ccccc23)C1,1398.0,Ki (nM),CC1CC(C)CN(CCCCC(=O)n2c3ccccc3c3ccccc32)C1,False,False,False
50289725,O=C(CCCCCN1CCN(CC1)c1ccc(cc1)C#N)NC1CCCc2ccccc12,1400.0,Ki (nM),N#Cc1ccc(N2CCN(CCCCCC(=O)NC3CCCc4ccccc43)CC2)cc1,False,False,False
50250061,COc1ccc2c3CCNCc3[nH]c2c1,1400.0,Ki (nM),COc1ccc2c3c([nH]c2c1)CNCC3,False,False,False
154127,C[NH2+]C[C@H](O)c1cccc(O)c1,1400.0,Ki (nM),CNC[C@H](O)c1cccc(O)c1,False,False,True
51412592,O=C1N(CCCCN2CCN(CC2)c2ncccn2)S(=O)(=O)c2ccccc12,1406.0,Ki (nM),O=C1c2ccccc2S(=O)(=O)N1CCCCN1CCN(c2ncccn2)CC1,False,False,False
836729,Fc1cccc(c1)-c1noc2CCNCCc12,1407.0,Ki (nM),Fc1cccc(-c2noc3c2CCNCC3)c1,False,False,False
51068786,Fc1cccc(c1)-c1noc2CCNCCc12,1407.0,Ki (nM),Fc1cccc(-c2noc3c2CCNCC3)c1,False,False,False
50319627,COc1ccccc1N1CCN(CC1)C(=O)Nc1ccc(OC)c(c1)N1CCN(C)CC1,1412.0,Ki (nM),COc1ccc(NC(=O)N2CCN(c3ccccc3OC)CC2)cc1N1CCN(C)CC1,False,False,False
160251,Clc1ccc2Oc3ccccc3N=C(N3CCNCC3)c2c1 |t:13|,1412.53,Ki (nM),Clc1ccc2c(c1)C(N1CCNCC1)=Nc1ccccc1O2,False,False,False
50468081,CC1CC(C)CN(CCCCC(=O)n2c3ccccc3c3ccccc23)C1,1413.0,Ki (nM),CC1CC(C)CN(CCCCC(=O)n2c3ccccc3c3ccccc32)C1,False,False,False
51068932,Fc1cccc(c1)-c1noc2CCNCCc12,1413.0,Ki (nM),Fc1cccc(-c2noc3c2CCNCC3)c1,False,False,False
51120141,O=S(=O)(NC1CCN(CCOc2ccccc2)CC1)c1ccccc1,1417.0,Ki (nM),O=S(=O)(NC1CCN(CCOc2ccccc2)CC1)c1ccccc1,False,False,False
50703476,O=S(=O)(NCCCN1CCC2CCCCC2C1)c1ccc2ncccc2c1,1420.0,Ki (nM),O=S(=O)(NCCCN1CCC2CCCCC2C1)c1ccc2ncccc2c1,False,False,False
792372,Fc1cc(Cl)cc(OC2CNC2)c1OCc1ccccc1,1421.0,Ki (nM),Fc1cc(Cl)cc(OC2CNC2)c1OCc1ccccc1,False,False,False
50551621,CN(C)CCSc1ccccc1-c1c(C)cccc1C,1429.0,Ki (nM),Cc1cccc(C)c1-c1ccccc1SCCN(C)C,False,False,False
50250530,Cn1c2ncn(CCCN3CCN(CC3)c3ccccc3)c2c(=O)n(C)c1=O,1429.0,Ki (nM),Cn1c(=O)c2c(ncn2CCCN2CCN(c3ccccc3)CC2)n(C)c1=O,False,False,False
836725,Cc1cccc(c1)-c1n[nH]c2CCNCCc12,1436.0,Ki (nM),Cc1cccc(-c2n[nH]c3c2CCNCC3)c1,False,False,False
51068769,Cc1cccc(c1)-c1n[nH]c2CCNCCc12,1436.0,Ki (nM),Cc1cccc(-c2n[nH]c3c2CCNCC3)c1,False,False,False
50958860,Fc1cccc(OCCN2CCC(C2)NS(=O)(=O)c2cccs2)c1,1438.0,Ki (nM),O=S(=O)(NC1CCN(CCOc2cccc(F)c2)C1)c1cccs1,False,False,False
51290442,Fc1ccc(cc1)-c1c2ccccn2c(=O)n(CCCCN2CCCC(C2)c2c[nH]c3ccccc23)c1=O,1444.0,Ki (nM),O=c1c(-c2ccc(F)cc2)c2ccccn2c(=O)n1CCCCN1CCCC(c2c[nH]c3ccccc23)C1,False,False,False
51072707,Cc1cccc(c1)-c1n[nH]c2CCNCCc12,1445.0,Ki (nM),Cc1cccc(-c2n[nH]c3c2CCNCC3)c1,False,False,False
51285557,CCn1cncc1-c1c[nH]c2cc(F)c(Cl)cc12,1445.0,Ki (nM),CCn1cncc1-c1c[nH]c2cc(F)c(Cl)cc12,False,False,False
160304,CN1CCN(CC1)CCCN2c3ccccc3Sc4c2cc(cc4)C(F)(F)F,1445.43,Ki (nM),CN1CCN(CCCN2c3ccccc3Sc3ccc(C(F)(F)F)cc32)CC1,False,False,False
51470899,COc1ccccc1N1CCN(CCCCNc2nc(N)nc(N)n2)CC1,1447.0,Ki (nM),COc1ccccc1N1CCN(CCCCNc2nc(N)nc(N)n2)CC1,False,False,False
51543677,CN1CCN(CC1)c1nc(N)nc(n1)C(C)(C)[Se]c1ccc2ccccc2c1,1449.0,Ki (nM),CN1CCN(c2nc(N)nc(C(C)(C)[Se]c3ccc4ccccc4c3)n2)CC1,False,False,False
50803211,CN(C)CCc1c(C)[nH]c2cccc(NC(=O)c3ccc(F)cc3)c12,1460.0,Ki (nM),Cc1[nH]c2cccc(NC(=O)c3ccc(F)cc3)c2c1CCN(C)C,False,False,False
792373,Fc1cc(Cl)cc(OC2CNC2)c1OCc1ccc(o1)C(F)(F)F,1462.0,Ki (nM),Fc1cc(Cl)cc(OC2CNC2)c1OCc1ccc(C(F)(F)F)o1,False,False,False
50302282,Cc1sc2nc(CCCCCN3CCN(CC3)c3ccc(Cl)cc3)[nH]c(=O)c2c1C,1464.0,Ki (nM),Cc1sc2nc(CCCCCN3CCN(c4ccc(Cl)cc4)CC3)[nH]c(=O)c2c1C,False,False,False
50305825,O=S(=O)(N1C=Cc2ccccc2C1c1c[nH]c2ccccc12)c1ccccc1,1473.0,Ki (nM),O=S(=O)(c1ccccc1)N1C=Cc2ccccc2C1c1c[nH]c2ccccc12,False,False,False
50534663,CNCc1cc2OCOc2c(c1)-c1ccccc1OC,1476.0,Ki (nM),CNCc1cc2c(c(-c3ccccc3OC)c1)OCO2,False,False,False
50174016,CN1CCc2ccc3oc(=O)c4cccc5C[C@@H]1c2c3c45,1480.0,Ki (nM),CN1CCc2ccc3oc(=O)c4cccc5c4c3c2[C@H]1C5,False,False,False
223622,COc1ccc(cc1OC1CCNCC1)-c1ccccc1,1482.86,Ki (nM),COc1ccc(-c2ccccc2)cc1OC1CCNCC1,False,False,False
282719,COc1ccc(cc1OC1CCNCC1)-c1ccccc1,1482.86,Ki (nM),COc1ccc(-c2ccccc2)cc1OC1CCNCC1,False,False,False
50551625,COc1cccc(OC)c1-c1ccnc(CCN(C)C)n1,1485.0,Ki (nM),COc1cccc(OC)c1-c1ccnc(CCN(C)C)n1,False,False,False
50958809,Cc1ccccc1C(=O)NCC1CCN(CCOc2ccccc2C(C)(C)C)CC1,1500.0,Ki (nM),Cc1ccccc1C(=O)NCC1CCN(CCOc2ccccc2C(C)(C)C)CC1,False,False,False
153888,NCC(O)c1ccc(O)c(O)c1,1500.0,Ki (nM),NCC(O)c1ccc(O)c(O)c1,False,False,False
51470898,Nc1nc(N)nc(NCCCCN2CCN(CC2)c2ccccc2)n1,1500.0,Ki (nM),Nc1nc(N)nc(NCCCCN2CCN(c3ccccc3)CC2)n1,False,False,False
51230283,COc1ccc2[nH]cc(CCNCc3ccc(o3)-c3cn[nH]c3)c2c1,1501.0,Ki (nM),COc1ccc2[nH]cc(CCNCc3ccc(-c4cn[nH]c4)o3)c2c1,False,False,False
50353444,O=C1NC2(CCCCC2c2ccccc2)C(=O)N1CCCCN1CCN(CC1)c1ccccc1,1504.0,Ki (nM),O=C1NC2(CCCCC2c2ccccc2)C(=O)N1CCCCN1CCN(c2ccccc2)CC1,False,False,False
50503658,O=C1NCN(c2ccccc2)C11CCN(CCCCc2nc3ccccc3o2)CC1,1511.0,Ki (nM),O=C1NCN(c2ccccc2)C12CCN(CCCCc1nc3ccccc3o1)CC2,False,False,False
187643,CCCN(CCC)CCc1cccc2NC(=O)Cc12,1513.56,Ki (nM),CCCN(CCC)CCc1cccc2c1CC(=O)N2,False,False,False
51602994,OC(COc1ccc2c(c1)CCC2)CN1CCN(c2ccc(Cl)cc2)CC1,1519.0,Ki (nM),OC(COc1ccc2c(c1)CCC2)CN1CCN(c2ccc(Cl)cc2)CC1,False,False,False
50290212,Nc1ccc(cc1)S(=O)(=O)n1cc(C2=CCNCC2)c2ccccc12,1555.0,Ki (nM),Nc1ccc(S(=O)(=O)n2cc(C3=CCNCC3)c3ccccc32)cc1,False,False,False
50608353,O=S(=O)(c1n[nH]c2ccc(cc12)N1CCNCC1)c1cccc2ccccc12,1563.0,Ki (nM),O=S(=O)(c1cccc2ccccc12)c1n[nH]c2ccc(N3CCNCC3)cc12,False,False,False
50211376,COc1ccc2ccn(CCN3CCCN(C)CC3)c2c1,1573.0,Ki (nM),COc1ccc2ccn(CCN3CCCN(C)CC3)c2c1,False,False,False
51136011,OC1(CCN(CCCN(c2ccc(F)cc2)c2ccc(F)cc2)CC1)c1ccc(Cl)c(c1)C(F)(F)F,1574.0,Ki (nM),OC1(c2ccc(Cl)c(C(F)(F)F)c2)CCN(CCCN(c2ccc(F)cc2)c2ccc(F)cc2)CC1,False,False,False
51470916,Nc1nc(NCCNc2cccc(Cl)c2Cl)nc(NCCc2c[nH]c3ccccc23)n1,1576.0,Ki (nM),Nc1nc(NCCNc2cccc(Cl)c2Cl)nc(NCCc2c[nH]c3ccccc23)n1,False,False,False
51120115,FC(F)(F)c1cccc(OCCN2CCC(CC2)NS(=O)(=O)c2ccccc2)c1,1580.0,Ki (nM),O=S(=O)(NC1CCN(CCOc2cccc(C(F)(F)F)c2)CC1)c1ccccc1,False,False,False
50503714,Clc1ccc2sc(CCCCN3CCC4(CC3)N(CNC4=O)c3ccccc3)nc2c1,1585.0,Ki (nM),O=C1NCN(c2ccccc2)C12CCN(CCCCc1nc3cc(Cl)ccc3s1)CC2,False,False,False
51157917,COc1ccc2C[C@H](N)CCc2c1,1585.0,Ki (nM),COc1ccc2c(c1)CC[C@@H](N)C2,False,False,False
50584066,Cc1sc2ccc(Cl)cc2c1S(=O)(=O)Nc1ccc2nccc(N3CCNCC3)c2c1,1585.0,Ki (nM),Cc1sc2ccc(Cl)cc2c1S(=O)(=O)Nc1ccc2nccc(N3CCNCC3)c2c1,False,False,False
50503716,O=C1NCN(c2ccccc2)C11CCN(CCCCc2nc3ccccc3o2)CC1,1585.0,Ki (nM),O=C1NCN(c2ccccc2)C12CCN(CCCCc1nc3ccccc3o1)CC2,False,False,False
50984867,C[C@@H](CCN1CCC[C@@H](C)C1)N(C)S(=O)(=O)c1cccc2ccccc12,1585.0,Ki (nM),C[C@@H]1CCCN(CC[C@H](C)N(C)S(=O)(=O)c2cccc3ccccc23)C1,False,False,False
51158081,C[C@@H](CCN1CCC[C@@H](C)C1)C(C)S(=O)(=O)c1cccc2ccccc12,1585.0,Ki (nM),CC([C@@H](C)CCN1CCC[C@@H](C)C1)S(=O)(=O)c1cccc2ccccc12,False,False,False
51408620,O=C1CCc2cc(OCCCN3CCN(CC3)c3ccccn3)ccc12,1590.0,Ki (nM),O=C1CCc2cc(OCCCN3CCN(c4ccccn4)CC3)ccc21,False,False,False
1466787,COc1cc(CC(C)N)c(OC)cc1C,1591.0,Ki (nM),COc1cc(CC(C)N)c(OC)cc1C,False,False,False
51408598,O=C1CCc2cc(OCCCN3CCN(CC3)c3ccccn3)ccc12,1598.0,Ki (nM),O=C1CCc2cc(OCCCN3CCN(c4ccccn4)CC3)ccc21,False,False,False
50503656,Clc1ccc2sc(CCCCN3CCC4(CC3)N(CNC4=O)c3ccccc3)nc2c1,1598.0,Ki (nM),O=C1NCN(c2ccccc2)C12CCN(CCCCc1nc3cc(Cl)ccc3s1)CC2,False,False,False
50011193,N[C@H]1CCCC[C@@H]1NC(=O)c1c2N[C@@H]3CCCC[C@H]3Nc2c2C(=O)c3ccccc3-c3ncnc1c23,1600.0,Ki (nM),N[C@H]1CCCC[C@@H]1NC(=O)c1c2c(c3c4c(ncnc14)-c1ccccc1C3=O)N[C@@H]1CCCC[C@H]1N2,False,False,False
50192693,CN(C)CCc1cn(C(=O)c2ccccc2)c2ccc(O)cc12,1600.0,Ki (nM),CN(C)CCc1cn(C(=O)c2ccccc2)c2ccc(O)cc12,False,False,False
51452683,CC[C@H]1CN2CCc3c([nH]c4cccc(OC)c34)[C@@H]2C[C@@H]1\C(=C/OC)C(=O)OC,1600.0,Ki (nM),CC[C@H]1CN2CCc3c([nH]c4cccc(OC)c34)[C@@H]2C[C@@H]1/C(=C\OC)C(=O)OC,False,False,False
792474,Clc1ccc(Oc2nc3ccccc3s2)c(OC2CNC2)c1,1604.0,Ki (nM),Clc1ccc(Oc2nc3ccccc3s2)c(OC2CNC2)c1,False,False,False
50551613,CN(C)CCOc1cccc(n1)-c1c(C)cccc1C,1614.0,Ki (nM),Cc1cccc(C)c1-c1cccc(OCCN(C)C)n1,False,False,False
51230338,Oc1ccc(cc1)-c1ccc(CNCCc2c[nH]c3ccccc23)o1,1622.0,Ki (nM),Oc1ccc(-c2ccc(CNCCc3c[nH]c4ccccc34)o2)cc1,False,False,False
51470913,Nc1nc(NCCc2c[nH]c3ccccc23)nc(n1)N1CCN(CC1)c1cccc(Cl)c1Cl,1650.0,Ki (nM),Nc1nc(NCCc2c[nH]c3ccccc23)nc(N2CCN(c3cccc(Cl)c3Cl)CC2)n1,False,False,False
50302217,Cc1sc2ncn(CCCCCN3CCN(Cc4ccccc4)CC3)c(=O)c2c1C,1650.0,Ki (nM),Cc1sc2ncn(CCCCCN3CCN(Cc4ccccc4)CC3)c(=O)c2c1C,False,False,False
50073052,FC(F)(F)c1cccc(c1)N1CCN(Cc2ccccc2-c2ccccc2)CC1,1660.0,Ki (nM),FC(F)(F)c1cccc(N2CCN(Cc3ccccc3-c3ccccc3)CC2)c1,False,False,False
50076036,FC(F)(F)c1cccc(c1)N1CCN(Cc2ccccc2-c2ccccc2)CC1,1660.0,Ki (nM),FC(F)(F)c1cccc(N2CCN(Cc3ccccc3-c3ccccc3)CC2)c1,False,False,False
51120116,Clc1cccc(c1)S(=O)(=O)NC1CCN(CCOc2ccccc2)CC1,1671.0,Ki (nM),O=S(=O)(NC1CCN(CCOc2ccccc2)CC1)c1cccc(Cl)c1,False,False,False
50958819,CC(C)(C)c1ccccc1OCCN1CCC(CC1)NC(=O)c1cccc(F)c1,1672.0,Ki (nM),CC(C)(C)c1ccccc1OCCN1CCC(NC(=O)c2cccc(F)c2)CC1,False,False,False
51526336,O=C1CC2CCc3ccsc3C2=NN1CCCCCN1CCN(Cc2cccc3n(ccc23)S(=O)(=O)c2ccccc2)CC1,1690.0,Ki (nM),O=C1CC2CCc3ccsc3C2=NN1CCCCCN1CCN(Cc2cccc3c2ccn3S(=O)(=O)c2ccccc2)CC1,False,False,False
223618,COc1ccc(C)cc1-c1ccccc1C1CCNC1,1699.81,Ki (nM),COc1ccc(C)cc1-c1ccccc1C1CCNC1,False,False,False
282715,COc1ccc(C)cc1-c1ccccc1C1CCNC1,1699.81,Ki (nM),COc1ccc(C)cc1-c1ccccc1C1CCNC1,False,False,False
50376770,COc1cccc(c1)C1NCCc2c1[nH]c1ccccc21,1700.0,Ki (nM),COc1cccc(C2NCCc3c2[nH]c2ccccc32)c1,False,False,False
50855717,C[C@H]1NC(NCC(F)F)=Nc2ccc(Cl)c(Cl)c12,1704.0,Ki (nM),C[C@H]1NC(NCC(F)F)=Nc2ccc(Cl)c(Cl)c21,False,False,False
51265606,Fc1ccc(cc1)-c1c2CCCCn2c(=O)n(CCCCN2CCCC(C2)c2c[nH]c3ccccc23)c1=O,1712.0,Ki (nM),O=c1c(-c2ccc(F)cc2)c2n(c(=O)n1CCCCN1CCCC(c3c[nH]c4ccccc34)C1)CCCC2,False,False,False
50073037,Cc1ccccc1N1CCN(Cc2ccccc2-c2ccccc2)CC1,1750.0,Ki (nM),Cc1ccccc1N1CCN(Cc2ccccc2-c2ccccc2)CC1,False,False,False
50076043,Cc1ccccc1N1CCN(Cc2ccccc2-c2ccccc2)CC1,1750.0,Ki (nM),Cc1ccccc1N1CCN(Cc2ccccc2-c2ccccc2)CC1,False,False,False
50347341,COc1nc(NCCCN2CCOCC2)nc(OC)c1NC(=O)c1ccc(Oc2cc3c(CCC3(C)C)cc2C)o1,1750.0,Ki (nM),COc1nc(NCCCN2CCOCC2)nc(OC)c1NC(=O)c1ccc(Oc2cc3c(cc2C)CCC3(C)C)o1,False,False,False
51434023,Clc1cccc(c1)S(=O)(=O)n1ccc2c(nc3ccccc3c12)N1CCNCC1,1794.0,Ki (nM),O=S(=O)(c1cccc(Cl)c1)n1ccc2c(N3CCNCC3)nc3ccccc3c21,False,False,False
51614681,CCCCC(Sc1cccc(Cl)c1Cl)c1nc(N)nc(N2CCN(C)CC2)n1,1799.0,Ki (nM),CCCCC(Sc1cccc(Cl)c1Cl)c1nc(N)nc(N2CCN(C)CC2)n1,False,False,False
51526338,O=C1CC2Cc3ccsc3C2=NN1CCCCCN1CCN(Cc2cccc3n(ccc23)S(=O)(=O)c2ccccc2)CC1,1802.0,Ki (nM),O=C1CC2Cc3ccsc3C2=NN1CCCCCN1CCN(Cc2cccc3c2ccn3S(=O)(=O)c2ccccc2)CC1,False,False,False
50845996,Cn1c2[nH]c(=O)n(CCCCN3CCN(CC3)c3ccccc3)c2c(=O)n(C)c1=O,1820.0,Ki (nM),Cn1c(=O)c2c([nH]c(=O)n2CCCCN2CCN(c3ccccc3)CC2)n(C)c1=O,False,False,False
51282134,Brc1ccc(cc1)N1CCN(CCCCCCN2C(=O)c3cccc4cccc2c34)CC1,1833.0,Ki (nM),O=C1c2cccc3cccc(c23)N1CCCCCCN1CCN(c2ccc(Br)cc2)CC1,False,False,False
53788,COc1ccccc1N1CCN(CCn2c3ccccc3[nH]c2=O)CC1,1838.0,Ki (nM),COc1ccccc1N1CCN(CCn2c(=O)[nH]c3ccccc32)CC1,False,False,False
50076044,COc1ccc(cc1OC)N1CCN(Cc2ccccc2-c2ccccc2)CC1,1850.0,Ki (nM),COc1ccc(N2CCN(Cc3ccccc3-c3ccccc3)CC2)cc1OC,False,False,False
50073070,COc1ccc(cc1OC)N1CCN(Cc2ccccc2-c2ccccc2)CC1,1850.0,Ki (nM),COc1ccc(N2CCN(Cc3ccccc3-c3ccccc3)CC2)cc1OC,False,False,False
153864,CC(CO)NC(=O)C1CN(C)C2Cc3c[nH]c4cccc(C2=C1)c34 |c:22|,1850.0,Ki (nM),CC(CO)NC(=O)C1C=C2c3cccc4[nH]cc(c34)CC2N(C)C1,False,False,False
50081743,NC(=O)[C@@H]1CCCN1C(=O)CCCCN1CCN(CC1)c1ccccc1O,1865.0,Ki (nM),NC(=O)[C@@H]1CCCN1C(=O)CCCCN1CCN(c2ccccc2O)CC1,False,False,False
53781,Cc1ccccc1N1CCN(CCn2c3ccccc3n(-c3ccccc3)c2=O)CC1,1867.0,Ki (nM),Cc1ccccc1N1CCN(CCn2c(=O)n(-c3ccccc3)c3ccccc32)CC1,False,False,False
51399264,COc1ccccc1N1CCN(CCCCC(=O)Nc2ccccc2C(N)=O)CC1,1874.0,Ki (nM),COc1ccccc1N1CCN(CCCCC(=O)Nc2ccccc2C(N)=O)CC1,False,False,False
50846039,Cn1c2[nH]c(=O)n(CCCN3CCN(CC3)c3cccc(Cl)c3)c2c(=O)n(C)c1=O,1880.0,Ki (nM),Cn1c(=O)c2c([nH]c(=O)n2CCCN2CCN(c3cccc(Cl)c3)CC2)n(C)c1=O,False,False,False
175072,NC(=O)c1ccc(F)c2OCC(Cc12)N(C1CCC1)C1CCC1,1900.0,Ki (nM),NC(=O)c1ccc(F)c2c1CC(N(C1CCC1)C1CCC1)CO2,False,False,False
50192635,COc1ccc2n(cc(CCN(C)C)c2c1)S(=O)(=O)c1ccccc1,1900.0,Ki (nM),COc1ccc2c(c1)c(CCN(C)C)cn2S(=O)(=O)c1ccccc1,False,False,False
50468035,CN1CCN(CCCCCC(=O)n2c3ccccc3c3ccccc23)CC1,1905.0,Ki (nM),CN1CCN(CCCCCC(=O)n2c3ccccc3c3ccccc32)CC1,False,False,False
50468034,CN1CCN(CCCCCC(=O)n2c3ccccc3c3ccccc23)CC1,1910.0,Ki (nM),CN1CCN(CCCCCC(=O)n2c3ccccc3c3ccccc32)CC1,False,False,False
50974451,CCCN1CCC(COc2nc3c(Cl)cccc3c3ccccc23)CC1,1914.0,Ki (nM),CCCN1CCC(COc2nc3c(Cl)cccc3c3ccccc23)CC1,False,False,False
50462480,CC(C)c1cccc(C(C)C)c1OCCN1CCC(CC1)NS(=O)(=O)c1ccc(F)cc1,1918.0,Ki (nM),CC(C)c1cccc(C(C)C)c1OCCN1CCC(NS(=O)(=O)c2ccc(F)cc2)CC1,False,False,False
51207229,C(N1CCN(CC1)c1ccccc1)c1cn(-c2ccc(cc2)-c2ccccc2)c2ccccc12,1920.0,Ki (nM),c1ccc(-c2ccc(-n3cc(CN4CCN(c5ccccc5)CC4)c4ccccc43)cc2)cc1,False,False,False
51290441,COc1ccc(cc1)-c1c2ccccn2c(=O)n(CCCCN2CCCC(C2)c2c[nH]c3ccccc23)c1=O,1922.0,Ki (nM),COc1ccc(-c2c(=O)n(CCCCN3CCCC(c4c[nH]c5ccccc45)C3)c(=O)n3ccccc23)cc1,False,False,False
51410658,CN1CCN(CC1)c1nc(N)nc(CCCOc2ccc(Cl)cc2Cl)n1,1940.0,Ki (nM),CN1CCN(c2nc(N)nc(CCCOc3ccc(Cl)cc3Cl)n2)CC1,False,False,False
50974450,CCCN1CCC(COc2nc3c(F)cccc3c3ncccc23)CC1,1945.0,Ki (nM),CCCN1CCC(COc2nc3c(F)cccc3c3ncccc23)CC1,False,False,False
50972184,COc1ccc(cc1NC1CCN(C)CC1)S(=O)(=O)n1cc(C)c2cc(Cl)cnc12,1956.0,Ki (nM),COc1ccc(S(=O)(=O)n2cc(C)c3cc(Cl)cnc32)cc1NC1CCN(C)CC1,False,False,False
51602986,CC(=O)c1ccc(OCC(O)CN2CCN(c3ccccc3)CC2)cc1,1968.0,Ki (nM),CC(=O)c1ccc(OCC(O)CN2CCN(c3ccccc3)CC2)cc1,False,False,False
50662424,COc1cccc2[nH]cc(-c3ccnc(N)n3)c12,1985.0,Ki (nM),COc1cccc2[nH]cc(-c3ccnc(N)n3)c12,False,False,False
51606513,O=S(=O)(c1cccc(NC2CCNCC2)c1)n1cccc1-c1ccccc1,1986.0,Ki (nM),O=S(=O)(c1cccc(NC2CCNCC2)c1)n1cccc1-c1ccccc1,False,False,False
50584035,CN1CCN(CC1)c1ccnc2ccc(NS(=O)(=O)c3sc4ccc(Cl)cc4c3C)cc12,1995.0,Ki (nM),Cc1c(S(=O)(=O)Nc2ccc3nccc(N4CCN(C)CC4)c3c2)sc2ccc(Cl)cc12,False,False,False
162668,CCCN(CCC)C1CCc2cccc(O)c2C1,1995.26,Ki (nM),CCCN(CCC)C1CCc2cccc(O)c2C1,False,False,False
154130,C(C1=NCCN1)c1ccccc1 |t:1|,2000.0,Ki (nM),c1ccc(CC2=NCCN2)cc1,False,False,False
792239,OCC(Oc1ccc(Cl)cc1OC1CNC1)c1ccccc1,2000.0,Ki (nM),OCC(Oc1ccc(Cl)cc1OC1CNC1)c1ccccc1,False,False,False
153878,CC[C@@H](CO)NC(=O)[C@H]1CN([C@@H]2Cc3cn(c4c3c(ccc4)C2=C1)C)C,2000.0,Ki (nM),CC[C@@H](CO)NC(=O)[C@@H]1C=C2c3cccc4c3c(cn4C)C[C@H]2N(C)C1,False,False,False
50808893,Cc1ccc(cc1C)N1CCN(Cc2nc3ccccc3[nH]2)CC1,,Ki (nM),Cc1ccc(N2CCN(Cc3nc4ccccc4[nH]3)CC2)cc1C,False,False,False
50290163,Nc1ccc(cc1)S(=O)(=O)n1cc(C2CCNCC2)c2ccc(Cl)cc12,,Ki (nM),Nc1ccc(S(=O)(=O)n2cc(C3CCNCC3)c3ccc(Cl)cc32)cc1,False,False,False
186845,CNC(C)C(O)c1ccccc1,2000.0,Ki (nM),CNC(C)C(O)c1ccccc1,False,False,False
51526335,O=C1CC2CCc3ccsc3C2=NN1CCCCN1CCN(Cc2cccc3n(ccc23)S(=O)(=O)c2ccccc2)CC1,2009.0,Ki (nM),O=C1CC2CCc3ccsc3C2=NN1CCCCN1CCN(Cc2cccc3c2ccn3S(=O)(=O)c2ccccc2)CC1,False,False,False
51526337,O=C1CC2Cc3ccsc3C2=NN1CCCCN1CCN(Cc2cccc3n(ccc23)S(=O)(=O)c2ccccc2)CC1,2018.0,Ki (nM),O=C1CC2Cc3ccsc3C2=NN1CCCCN1CCN(Cc2cccc3c2ccn3S(=O)(=O)c2ccccc2)CC1,False,False,False
50286054,COc1ccccc1N1CCN(CC1)[C@H]1CC[C@@H](CC1)N1C(=O)c2ccccc2C1=O,2045.0,Ki (nM),COc1ccccc1N1CCN([C@H]2CC[C@H](N3C(=O)c4ccccc4C3=O)CC2)CC1,False,False,False
445394,Cc1ccc2N=C(N3CCN(CC(C)(C)C(O)=O)CC3)c3cc(Cl)sc3Oc2c1,,Ki (nM),Cc1ccc2c(c1)Oc1sc(Cl)cc1C(N1CCN(CC(C)(C)C(=O)O)CC1)=N2,False,False,False
50938100,Clc1ccc(cc1)N1CCCN(CCCc2nc3ccccc3s2)CC1,2060.0,Ki (nM),Clc1ccc(N2CCCN(CCCc3nc4ccccc4s3)CC2)cc1,False,False,False
50617360,Clc1ccc(-c2cn(Cc3ccccc3)c3CCNCc23)c(Cl)c1,2067.0,Ki (nM),Clc1ccc(-c2cn(Cc3ccccc3)c3c2CNCC3)c(Cl)c1,False,False,False
50470674,CC1(C)NC(Nc2cccc(Br)c2)=NC(N)=N1,2083.0,Ki (nM),CC1(C)N=C(N)N=C(Nc2cccc(Br)c2)N1,False,False,False
51230325,COc1cccc2[nH]cc(CCNCc3ccc(o3)-c3ccc(O)cc3)c12,2095.0,Ki (nM),COc1cccc2[nH]cc(CCNCc3ccc(-c4ccc(O)cc4)o3)c12,False,False,False
50289693,COc1ccc(cc1)N1CCN(CCCCCC(=O)NC2CCCc3ccccc23)CC1,2100.0,Ki (nM),COc1ccc(N2CCN(CCCCCC(=O)NC3CCCc4ccccc43)CC2)cc1,False,False,False
51526332,O=C1CC2CCc3ccsc3C2=NN1Cc1ccc(CN2CCN(Cc3ccccc3)CC2)cc1,2108.0,Ki (nM),O=C1CC2CCc3ccsc3C2=NN1Cc1ccc(CN2CCN(Cc3ccccc3)CC2)cc1,False,False,False
50468042,O=C(CCCCN1CCCC1)n1c2ccccc2c2ccccc12,2138.0,Ki (nM),O=C(CCCCN1CCCC1)n1c2ccccc2c2ccccc21,False,False,False
51398483,CN1CCCCC1CCN1c2ccc(Br)cc2Sc2cc(Br)ccc12,2149.0,Ki (nM),CN1CCCCC1CCN1c2ccc(Br)cc2Sc2cc(Br)ccc21,False,False,False
50468041,O=C(CCCCN1CCCC1)n1c2ccccc2c2ccccc12,2157.0,Ki (nM),O=C(CCCCN1CCCC1)n1c2ccccc2c2ccccc21,False,False,False
51230349,COc1ccc2[nH]cc(CCNCc3ccc(o3)-c3ccc(Cl)cc3)c2c1,2170.0,Ki (nM),COc1ccc2[nH]cc(CCNCc3ccc(-c4ccc(Cl)cc4)o3)c2c1,False,False,False
50958849,Fc1cccc(OCCN2CCC(CNS(=O)(=O)c3cccc(Cl)c3)CC2)c1,2195.0,Ki (nM),O=S(=O)(NCC1CCN(CCOc2cccc(F)c2)CC1)c1cccc(Cl)c1,False,False,False
50376788,COc1cc2CCN(Cc2cc1OC)\C=N\c1ccc2CCN(C(=O)OC(C)(C)C)c2c1,2200.0,Ki (nM),COc1cc2c(cc1OC)CN(/C=N/c1ccc3c(c1)N(C(=O)OC(C)(C)C)CC3)CC2,False,False,False
50250529,COc1ccccc1N1CCN(CCCn2cnc3n(C)c(=O)n(C)c(=O)c23)CC1,2210.0,Ki (nM),COc1ccccc1N1CCN(CCCn2cnc3c2c(=O)n(C)c(=O)n3C)CC1,False,False,False
50958843,Fc1cccc(OCCN2CCC(CNS(=O)(=O)c3cccs3)CC2)c1,2222.0,Ki (nM),O=S(=O)(NCC1CCN(CCOc2cccc(F)c2)CC1)c1cccs1,False,False,False
50958835,Fc1cccc(c1)C(=O)NC1CCN(CCOc2cccc3CCCCc23)C1,2224.0,Ki (nM),O=C(NC1CCN(CCOc2cccc3c2CCCC3)C1)c1cccc(F)c1,False,False,False
50551611,CN(C)CCOc1cccc(Br)n1,2240.0,Ki (nM),CN(C)CCOc1cccc(Br)n1,False,False,False
182621,CNCC[C@@H](c1cccs1)Oc2cccc3c2cccc3,2261.0,Ki (nM),CNCC[C@H](Oc1cccc2ccccc12)c1cccs1,False,False,False
282691,CCN(CC)C(=O)c1ccc(cc1OC1CNC1)-c1ccccc1C(F)(F)F,2267.25,Ki (nM),CCN(CC)C(=O)c1ccc(-c2ccccc2C(F)(F)F)cc1OC1CNC1,False,False,False
223594,CCN(CC)C(=O)c1ccc(cc1OC1CNC1)-c1ccccc1C(F)(F)F,2267.25,Ki (nM),CCN(CC)C(=O)c1ccc(-c2ccccc2C(F)(F)F)cc1OC1CNC1,False,False,False
51543675,CC([Se]c1ccc2ccccc2c1)c1nc(N)nc(n1)N1CCN(C)CC1,2295.0,Ki (nM),CC([Se]c1ccc2ccccc2c1)c1nc(N)nc(N2CCN(C)CC2)n1,False,False,False
51602995,COc1ccc(OC)c(COCC(O)CN2CCN(c3ccccc3)CC2)c1,2298.0,Ki (nM),COc1ccc(OC)c(COCC(O)CN2CCN(c3ccccc3)CC2)c1,False,False,False
792484,Cc1ccc(Oc2cc(Cl)ccc2O[C@@H]2CCNC2)cc1,2300.0,Ki (nM),Cc1ccc(Oc2cc(Cl)ccc2O[C@@H]2CCNC2)cc1,False,False,False
186842,CNC(C)C(O)c1ccccc1,2300.0,Ki (nM),CNC(C)C(O)c1ccccc1,False,False,False
50925321,C(CCOc1cccc2ccccc12)CCN1CCCCC1,2307.0,Ki (nM),c1ccc2c(OCCCCCN3CCCCC3)cccc2c1,False,False,False
51264586,CN1CCN(CC1)c1nc(N)nc(C[Se]c2ccccc2)n1,2329.0,Ki (nM),CN1CCN(c2nc(N)nc(C[Se]c3ccccc3)n2)CC1,False,False,False
50468047,CC(=O)N1CCN(CCCCCC(=O)n2c3ccccc3c3ccccc23)CC1,2336.0,Ki (nM),CC(=O)N1CCN(CCCCCC(=O)n2c3ccccc3c3ccccc32)CC1,False,False,False
50468046,CC(=O)N1CCN(CCCCCC(=O)n2c3ccccc3c3ccccc23)CC1,2344.0,Ki (nM),CC(=O)N1CCN(CCCCCC(=O)n2c3ccccc3c3ccccc32)CC1,False,False,False
51314173,COc1ccc2n(cc(C3=CCNCC3)c2c1)S(=O)(=O)c1cccc2ncccc12,2352.0,Ki (nM),COc1ccc2c(c1)c(C1=CCNCC1)cn2S(=O)(=O)c1cccc2ncccc12,False,False,False
51314213,COc1ccc2n(cc(C3=CCNCC3)c2c1)S(=O)(=O)c1cccc2ncccc12,2352.0,Ki (nM),COc1ccc2c(c1)c(C1=CCNCC1)cn2S(=O)(=O)c1cccc2ncccc12,False,False,False
1274380,COc1cc(c(OC)cc1C1CCCNC1)C(F)(F)F,2360.0,Ki (nM),COc1cc(C(F)(F)F)c(OC)cc1C1CCCNC1,False,False,False
51315516,Clc1ccc(cc1)N1CCN(CCC(=O)N2CCN(CC2)c2cccc(Cl)c2)CC1,2366.0,Ki (nM),O=C(CCN1CCN(c2ccc(Cl)cc2)CC1)N1CCN(c2cccc(Cl)c2)CC1,False,False,False
51315559,Clc1ccc(cc1)N1CCN(CCC(=O)N2CCN(CC2)c2cccc(Cl)c2)CC1,2366.0,Ki (nM),O=C(CCN1CCN(c2ccc(Cl)cc2)CC1)N1CCN(c2cccc(Cl)c2)CC1,False,False,False
50958850,CCOc1ccccc1C(=O)NC1CCN(CCOc2cccc(F)c2)CC1,2375.0,Ki (nM),CCOc1ccccc1C(=O)NC1CCN(CCOc2cccc(F)c2)CC1,False,False,False
51265567,Fc1ccccc1-c1c2CCCCn2c(=O)n(CCCCN2CCCC(C2)c2c[nH]c3ccccc23)c1=O,2431.0,Ki (nM),O=c1c(-c2ccccc2F)c2n(c(=O)n1CCCCN1CCCC(c3c[nH]c4ccccc34)C1)CCCC2,False,False,False
50979019,OC12C3C4C5C3C(C3C5CC4C13)N2CCc1cccnc1,2447.0,Ki (nM),OC12C3C4CC5C6C4C1C6C(C53)N2CCc1cccnc1,False,False,False
51256160,COc1ccc2n(cc(-c3[nH]c(NCc4ccccc4)nc3C)c2c1)S(=O)(=O)c1ccccc1,2455.0,Ki (nM),COc1ccc2c(c1)c(-c1[nH]c(NCc3ccccc3)nc1C)cn2S(=O)(=O)c1ccccc1,False,False,False
51256192,Nc1ncc([nH]1)-c1cn(c2ccccc12)S(=O)(=O)c1ccccc1,2455.0,Ki (nM),Nc1ncc(-c2cn(S(=O)(=O)c3ccccc3)c3ccccc23)[nH]1,False,False,False
50938124,O=C(CCCN1CCN(CC1)c1ncccn1)c1nc2ccccc2s1,2467.0,Ki (nM),O=C(CCCN1CCN(c2ncccn2)CC1)c1nc2ccccc2s1,False,False,False
51614674,CCC(Sc1ccccc1)c1nc(N)nc(N2CCN(C)CC2)n1,2470.0,Ki (nM),CCC(Sc1ccccc1)c1nc(N)nc(N2CCN(C)CC2)n1,False,False,False
792144,Clc1cccc(COc2cc(Cl)ccc2O[C@H]2CCNC2)c1,,Ki (nM),Clc1cccc(COc2cc(Cl)ccc2O[C@H]2CCNC2)c1,False,False,False
50102334,Clc1ccc2cc(ccc2c1)S(=O)(=O)NCCCN1CCN(CC1)c1noc2ccccc12,2500.0,Ki (nM),O=S(=O)(NCCCN1CCN(c2noc3ccccc23)CC1)c1ccc2cc(Cl)ccc2c1,False,False,False
53783,COc1cccc(c1)-n1c2ccccc2n(CCN2CCN(CC2)c2ccccc2C)c1=O,2500.0,Ki (nM),COc1cccc(-n2c(=O)n(CCN3CCN(c4ccccc4C)CC3)c3ccccc32)c1,False,False,False
170670,CC(C)NCC(O)COc1cccc2[nH]ccc12,2500.0,Ki (nM),CC(C)NCC(O)COc1cccc2[nH]ccc12,False,False,False
51256062,Cc1nc(N)[nH]c1-c1cn(c2ccccc12)S(=O)(=O)c1cccc2ccccc12,2512.0,Ki (nM),Cc1nc(N)[nH]c1-c1cn(S(=O)(=O)c2cccc3ccccc23)c2ccccc12,False,False,False
50584079,Clc1cccc2cc(ccc12)S(=O)(=O)Nc1ccc2nccc(N3CCNCC3)c2c1,2512.0,Ki (nM),O=S(=O)(Nc1ccc2nccc(N3CCNCC3)c2c1)c1ccc2c(Cl)cccc2c1,False,False,False
51412606,O=C1N(CCCCCCN2CCN(CC2)c2ncccn2)S(=O)(=O)c2ccccc12,2515.0,Ki (nM),O=C1c2ccccc2S(=O)(=O)N1CCCCCCN1CCN(c2ncccn2)CC1,False,False,False
51543661,CN1CCN(CC1)c1nc(N)nc(C[Se]c2ccccc2)n1,2521.0,Ki (nM),CN1CCN(c2nc(N)nc(C[Se]c3ccccc3)n2)CC1,False,False,False
51120131,Clc1ccc(OCCN2CCC(CC2)NS(=O)(=O)c2ccccc2)cc1,2544.0,Ki (nM),O=S(=O)(NC1CCN(CCOc2ccc(Cl)cc2)CC1)c1ccccc1,False,False,False
51543671,CN1CCN(CC1)c1nc(N)nc(n1)C(C)(C)[Se]c1cc(C)ccc1C,2546.0,Ki (nM),Cc1ccc(C)c([Se]C(C)(C)c2nc(N)nc(N3CCN(C)CC3)n2)c1,False,False,False
51614678,CCC(Sc1cccc(Cl)c1Cl)c1nc(N)nc(N2CCN(C)CC2)n1,2559.0,Ki (nM),CCC(Sc1cccc(Cl)c1Cl)c1nc(N)nc(N2CCN(C)CC2)n1,False,False,False
51616697,CCC(Oc1cc(Cl)ccc1Cl)c1nc(Nc2ccccc2)nc(N2CCN(C)CC2)n1,2590.0,Ki (nM),CCC(Oc1cc(Cl)ccc1Cl)c1nc(Nc2ccccc2)nc(N2CCN(C)CC2)n1,False,False,False
450583,C(OC1CCNCC1)c1ccc2ccccc2c1,2600.0,Ki (nM),c1ccc2cc(COC3CCNCC3)ccc2c1,False,False,False
51337065,CN(C)[C@@H]1CCc2c(C1)cccc2-c1ccco1,2600.0,Ki (nM),CN(C)[C@@H]1CCc2c(cccc2-c2ccco2)C1,False,False,False
50289722,CC(=O)c1ccc(cc1)N1CCN(CCCCCC(=O)NC2CCCc3ccccc23)CC1,2639.0,Ki (nM),CC(=O)c1ccc(N2CCN(CCCCCC(=O)NC3CCCc4ccccc43)CC2)cc1,False,False,False
50551617,CN(C)CCOc1ccccc1Br,2663.0,Ki (nM),CN(C)CCOc1ccccc1Br,False,False,False
792430,Clc1ccc(OC2CN(C2)C(c2ccccc2)c2ccccc2)c(OC2CNC2)c1,2669.0,Ki (nM),Clc1ccc(OC2CN(C(c3ccccc3)c3ccccc3)C2)c(OC2CNC2)c1,False,False,False
51412600,O=C1N(CCCCCN2CCN(CC2)c2ncccn2)S(=O)(=O)c2ccccc12,2673.0,Ki (nM),O=C1c2ccccc2S(=O)(=O)N1CCCCCN1CCN(c2ncccn2)CC1,False,False,False
51616696,CCC(Oc1cccc(Cl)c1Cl)c1nc(Nc2ccccc2)nc(N2CCN(C)CC2)n1,2673.0,Ki (nM),CCC(Oc1cccc(Cl)c1Cl)c1nc(Nc2ccccc2)nc(N2CCN(C)CC2)n1,False,False,False
50958810,Cc1ccccc1C(=O)NCC1CCN(CCOc2cccc(c2)-c2ccccc2)CC1,2674.0,Ki (nM),Cc1ccccc1C(=O)NCC1CCN(CCOc2cccc(-c3ccccc3)c2)CC1,False,False,False
51488595,COc1ccccc1N1CCN(CCCN2CCN(CC2)c2ncccc2C#N)CC1,2700.0,Ki (nM),COc1ccccc1N1CCN(CCCN2CCN(c3ncccc3C#N)CC2)CC1,False,False,False
51161224,O=S(=O)(c1ccccc1)C1(CCCN2CCCCC2)CCC1,2700.0,Ki (nM),O=S(=O)(c1ccccc1)C1(CCCN2CCCCC2)CCC1,False,False,False
50376745,OC1CCc2ccc(cc12)\N=C\N1CCc2ccccc2C1,2700.0,Ki (nM),OC1CCc2ccc(/N=C/N3CCc4ccccc4C3)cc21,False,False,False
186841,CC(N)C(=O)c1ccccc1,2700.0,Ki (nM),CC(N)C(=O)c1ccccc1,False,False,False
50617365,Fc1cccc(c1)-c1cn(Cc2ccccc2)c2CCNCc12,2727.0,Ki (nM),Fc1cccc(-c2cn(Cc3ccccc3)c3c2CNCC3)c1,False,False,False
51230286,Oc1ccc(cc1)-c1ccc(CNCCc2c[nH]c3cc(F)ccc23)o1,2730.0,Ki (nM),Oc1ccc(-c2ccc(CNCCc3c[nH]c4cc(F)ccc34)o2)cc1,False,False,False
50073032,Cc1ccc(cc1)N1CCN(Cc2ccccc2-c2ccccc2)CC1,2760.0,Ki (nM),Cc1ccc(N2CCN(Cc3ccccc3-c3ccccc3)CC2)cc1,False,False,False
50076041,Cc1ccc(cc1)N1CCN(Cc2ccccc2-c2ccccc2)CC1,2760.0,Ki (nM),Cc1ccc(N2CCN(Cc3ccccc3-c3ccccc3)CC2)cc1,False,False,False
51315549,Clc1cccc(c1)N1CCN(CCC(=O)N2CCN(CC2)c2cccc(Cl)c2)CC1,2761.0,Ki (nM),O=C(CCN1CCN(c2cccc(Cl)c2)CC1)N1CCN(c2cccc(Cl)c2)CC1,False,False,False
51315561,Clc1cccc(c1)N1CCN(CCC(=O)N2CCN(CC2)c2cccc(Cl)c2)CC1,2761.0,Ki (nM),O=C(CCN1CCN(c2cccc(Cl)c2)CC1)N1CCN(c2cccc(Cl)c2)CC1,False,False,False
51309982,CN1CCC2(CC1)N=C(C)C(=O)N(C2=O)c1c(C)cccc1C,2765.0,Ki (nM),CC1=NC2(CCN(C)CC2)C(=O)N(c2c(C)cccc2C)C1=O,False,False,False
50925325,C(CCOc1cccc2ccccc12)CCN1CCCCCC1,2797.0,Ki (nM),c1ccc2c(OCCCCCN3CCCCCC3)cccc2c1,False,False,False
50250528,Cn1c2ncn(CCCN3CCN(CC3)c3cccc(Cl)c3)c2c(=O)n(C)c1=O,2800.0,Ki (nM),Cn1c(=O)c2c(ncn2CCCN2CCN(c3cccc(Cl)c3)CC2)n(C)c1=O,False,False,False
38652,CCCCc1ccccc1N1CCN(CCCCCC(=O)NC2CCCc3ccccc23)CC1,2810.0,Ki (nM),CCCCc1ccccc1N1CCN(CCCCCC(=O)NC2CCCc3ccccc32)CC1,False,False,False
50938103,Clc1ccc(cc1)N1CCCN(CCCCC(=O)c2nc3ccccc3s2)CC1,2810.0,Ki (nM),O=C(CCCCN1CCCN(c2ccc(Cl)cc2)CC1)c1nc2ccccc2s1,False,False,False
163318,COC(=O)[C@H]1[C@@H](O)CC[C@H]2CN3CCc4c([nH]c5ccccc45)[C@@H]3C[C@H]12 |r|,2850.0,Ki (nM),COC(=O)[C@@H]1[C@H]2C[C@H]3c4[nH]c5ccccc5c4CCN3C[C@@H]2CC[C@@H]1O,False,False,False
50456621,COc1ccc(CCN2CCC(CC2)C(=O)c2cccc(OCCF)c2OC)cc1,2862.0,Ki (nM),COc1ccc(CCN2CCC(C(=O)c3cccc(OCCF)c3OC)CC2)cc1,False,False,False
51264605,CN1CCN(CC1)c1nc(N)nc(CSc2ccccc2)n1,2871.0,Ki (nM),CN1CCN(c2nc(N)nc(CSc3ccccc3)n2)CC1,False,False,False
51614672,CC(Sc1ccc(Cl)c(Cl)c1)c1nc(N)nc(N2CCN(C)CC2)n1,2872.0,Ki (nM),CC(Sc1ccc(Cl)c(Cl)c1)c1nc(N)nc(N2CCN(C)CC2)n1,False,False,False
160267,c1ccc2c(c1)C(=O)N(C(=O)N2)CCN3CCC(CC3)C(=O)c4ccc(cc4)F,2884.03,Ki (nM),O=C(c1ccc(F)cc1)C1CCN(CCn2c(=O)[nH]c3ccccc3c2=O)CC1,False,False,False
50938077,Clc1ccc(cc1)N1CCN(CCCCC(=O)c2nc3ccccc3s2)CC1,2917.0,Ki (nM),O=C(CCCCN1CCN(c2ccc(Cl)cc2)CC1)c1nc2ccccc2s1,False,False,False
50250070,COc1ccc2[nH]c3c(CCN=C3C)c2c1,2960.0,Ki (nM),COc1ccc2[nH]c3c(c2c1)CCN=C3C,False,False,False
455122,Clc1ccc2Sc3ccccc3N(CCCCN3CCOCC3)c2c1,,Ki (nM),Clc1ccc2c(c1)N(CCCCN1CCOCC1)c1ccccc1S2,False,False,False
51434022,Fc1cccc(c1)S(=O)(=O)n1ccc2c(nc3ccccc3c12)N1CCNCC1,2997.0,Ki (nM),O=S(=O)(c1cccc(F)c1)n1ccc2c(N3CCNCC3)nc3ccccc3c21,False,False,False
51513072,COc1ccc2[nH]c3c(CCN=C3C)c2c1,3000.0,Ki (nM),COc1ccc2[nH]c3c(c2c1)CCN=C3C,False,False,False
170672,CCN1CCCC1CNC(=O)c1cc(ccc1OC)S(N)(=O)=O,3000.0,Ki (nM),CCN1CCCC1CNC(=O)c1cc(S(N)(=O)=O)ccc1OC,False,False,False
792538,Cc1ccccc1C(=O)c1ccc(Br)cc1OC1CNC1,3000.0,Ki (nM),Cc1ccccc1C(=O)c1ccc(Br)cc1OC1CNC1,False,False,False
51505661,CCN1CCCC1CNC(=O)c1cc(ccc1OC)S(N)(=O)=O,,Ki (nM),CCN1CCCC1CNC(=O)c1cc(S(N)(=O)=O)ccc1OC,False,False,False
50703461,NCCCN(CCN1CCc2ccccc2C1)S(=O)(=O)c1ccccc1,3010.0,Ki (nM),NCCCN(CCN1CCc2ccccc2C1)S(=O)(=O)c1ccccc1,False,False,False
51119279,COc1ccc(cc1)N1CCN(CCCOc2c(C)cc(C)cc2C)CC1,3027.0,Ki (nM),COc1ccc(N2CCN(CCCOc3c(C)cc(C)cc3C)CC2)cc1,False,False,False
50812921,C1CN(CCN1)c1ccc2ccccc2n1,3033.0,Ki (nM),c1ccc2nc(N3CCNCC3)ccc2c1,False,False,False
185361,CCc1c(C)[nH]c2CCC(CN3CCOCC3)C(=O)c12,3053.0,Ki (nM),CCc1c(C)[nH]c2c1C(=O)C(CN1CCOCC1)CC2,False,False,False
50534590,COc1ccccc1-c1cc(CN2CCC(C)CC2)ccc1OC,3063.0,Ki (nM),COc1ccccc1-c1cc(CN2CCC(C)CC2)ccc1OC,False,False,False
51392661,Clc1cccc(c1)S(=O)(=O)n1c(nc2c(nccc12)N1CCNCC1)-c1ccccc1,3084.0,Ki (nM),O=S(=O)(c1cccc(Cl)c1)n1c(-c2ccccc2)nc2c(N3CCNCC3)nccc21,False,False,False
50081745,NC(=O)[C@@H]1CCCN1C(=O)CCCCCN1CCN(CC1)c1ccccc1F,3134.0,Ki (nM),NC(=O)[C@@H]1CCCN1C(=O)CCCCCN1CCN(c2ccccc2F)CC1,False,False,False
51119316,Cc1cc(C)c(C)c(OCCOCCN2CCN(CCO)CC2)c1,3142.0,Ki (nM),Cc1cc(C)c(C)c(OCCOCCN2CCN(CCO)CC2)c1,False,False,False
51230282,COc1ccc2[nH]cc(CCNCc3ccc(o3)-c3cccc(O)c3)c2c1,3147.0,Ki (nM),COc1ccc2[nH]cc(CCNCc3ccc(-c4cccc(O)c4)o3)c2c1,False,False,False
792052,FC(F)(F)c1ccc(COc2ccc(Cl)cc2OC2CNC2)c(c1)C(F)(F)F,3159.0,Ki (nM),FC(F)(F)c1ccc(COc2ccc(Cl)cc2OC2CNC2)c(C(F)(F)F)c1,False,False,False
51119298,Cc1cc(C)c(OCCOCCN2CCN(Cc3ccccc3)CC2)c(C)c1,3160.0,Ki (nM),Cc1cc(C)c(OCCOCCN2CCN(Cc3ccccc3)CC2)c(C)c1,False,False,False
51543664,CCCC([Se]c1ccccc1)c1nc(N)nc(n1)N1CCN(C)CC1,3161.0,Ki (nM),CCCC([Se]c1ccccc1)c1nc(N)nc(N2CCN(C)CC2)n1,False,False,False
50067704,COc1ccc(cc1OCCN1CCCCC1)N1CC=C(C1=O)c1ccc(Cl)c(Cl)c1,,Ki (nM),COc1ccc(N2CC=C(c3ccc(Cl)c(Cl)c3)C2=O)cc1OCCN1CCCCC1,False,False,False
50584789,COc1ccc(NS(=O)(=O)c2sc3ccc(Cl)cc3c2C)cc1N1CCN(C)CC1,3162.0,Ki (nM),COc1ccc(NS(=O)(=O)c2sc3ccc(Cl)cc3c2C)cc1N1CCN(C)CC1,False,False,False
174118,CC(N)Cc1c[nH]c2ccc(OCc3cccs3)cc12,3162.28,Ki (nM),CC(N)Cc1c[nH]c2ccc(OCc3cccs3)cc12,False,False,False
171885,CC(N)Cc1c[nH]c2ccc(OCc3cccs3)cc12,3162.28,Ki (nM),CC(N)Cc1c[nH]c2ccc(OCc3cccs3)cc12,False,False,False
50154806,CCCN(CCC)[C@H]1CCc2c(F)ccc(O)c2C1,3180.0,Ki (nM),CCCN(CCC)[C@H]1CCc2c(F)ccc(O)c2C1,False,False,False
51120130,Brc1ccc(OCCN2CCC(CC2)NS(=O)(=O)c2ccccc2)cc1,3187.0,Ki (nM),O=S(=O)(NC1CCN(CCOc2ccc(Br)cc2)CC1)c1ccccc1,False,False,False
50256196,CN(C)CCSc1ncc(s1)-c1ccccc1,3200.0,Ki (nM),CN(C)CCSc1ncc(-c2ccccc2)s1,False,False,False
51249186,Clc1ccc(OC2CCN(CC[C@@H]3CCCN3S(=O)(=O)c3ccc4cc[nH]c4c3)CC2)cc1,2.0,Ki (nM),O=S(=O)(c1ccc2cc[nH]c2c1)N1CCC[C@H]1CCN1CCC(Oc2ccc(Cl)cc2)CC1,False,False,False
50812970,Clc1ccc(OC2CCN(CC[C@H]3CCCN3S(=O)(=O)c3ccc4cc[nH]c4c3)CC2)cc1,2.0,Ki (nM),O=S(=O)(c1ccc2cc[nH]c2c1)N1CCC[C@@H]1CCN1CCC(Oc2ccc(Cl)cc2)CC1,False,False,False
174132,NCCc1c[nH]c2ccc(O)cc12,2.0,Ki (nM),NCCc1c[nH]c2ccc(O)cc12,False,False,False
50817663,Fc1cccc(c1)S(=O)(=O)NCCN1CCC(=CC1)c1c[nH]c2ccc(Cl)cc12,2.0,Ki (nM),O=S(=O)(NCCN1CC=C(c2c[nH]c3ccc(Cl)cc23)CC1)c1cccc(F)c1,False,False,False
50812794,COc1ccc2[nH]cc(CCN)c2c1,2.0,Ki (nM),COc1ccc2[nH]cc(CCN)c2c1,False,False,False
162703,CN1C[C@H](CNC(=O)OCc2ccccc2)C[C@H]2[C@H]1Cc1cn(C)c3cccc2c13,2.04,Ki (nM),CN1C[C@H](CNC(=O)OCc2ccccc2)C[C@@H]2c3cccc4c3c(cn4C)C[C@H]21,False,False,False
170557,CN1C[C@H](CNC(=O)OCc2ccccc2)C[C@H]2[C@H]1Cc1cn(C)c3cccc2c13,2.04,Ki (nM),CN1C[C@H](CNC(=O)OCc2ccccc2)C[C@@H]2c3cccc4c3c(cn4C)C[C@H]21,False,False,False
50866745,CCC1(CCCCN2CCN(CC2)c2ccccc2)C(=O)Nc2ccccc12,2.07,Ki (nM),CCC1(CCCCN2CCN(c3ccccc3)CC2)C(=O)Nc2ccccc21,False,False,False
50290815,O=C1Nc2cccc3CCCC1(CCCCN1CCC(=CC1)c1ccccc1)c23,2.1,Ki (nM),O=C1Nc2cccc3c2C1(CCCCN1CC=C(c2ccccc2)CC1)CCC3,False,False,False
51037320,O=C1Nc2cccc3CCCC1(CCCCN1CCC(=CC1)c1ccccc1)c23,2.1,Ki (nM),O=C1Nc2cccc3c2C1(CCCCN1CC=C(c2ccccc2)CC1)CCC3,False,False,False
51155758,O=C1Nc2cccc3CCCC1(CCCCN1CCC(=CC1)c1ccccc1)c23,2.1,Ki (nM),O=C1Nc2cccc3c2C1(CCCCN1CC=C(c2ccccc2)CC1)CCC3,False,False,False
50211386,O=C1Nc2cccc3CCCC1(CCCCN1CCC(=CC1)c1ccccc1)c23,2.1,Ki (nM),O=C1Nc2cccc3c2C1(CCCCN1CC=C(c2ccccc2)CC1)CCC3,False,False,False
50078714,O=C1Nc2cccc3CCCC1(CCCCN1CCN(CC1)c1ccccc1)c23,2.1,Ki (nM),O=C1Nc2cccc3c2C1(CCCCN1CCN(c2ccccc2)CC1)CCC3,False,False,False
50302233,N[C@@H](Cc1c[nH]c2ccc(O)cc12)C(O)=O,2.1,Ki (nM),N[C@@H](Cc1c[nH]c2ccc(O)cc12)C(=O)O,False,False,False
51249191,O=C1Nc2cccc3CCCC1(CCCCN1CCC(=CC1)c1ccccc1)c23,2.1,Ki (nM),O=C1Nc2cccc3c2C1(CCCCN1CC=C(c2ccccc2)CC1)CCC3,False,False,False
50663759,CCC1(CCCCN2CCN(CC2)c2cccc(Cl)c2)C(=O)Nc2ccc(F)cc12,2.1,Ki (nM),CCC1(CCCCN2CCN(c3cccc(Cl)c3)CC2)C(=O)Nc2ccc(F)cc21,False,False,False
51315522,NCCc1c[nH]c2ccc(O)cc12,2.1,Ki (nM),NCCc1c[nH]c2ccc(O)cc12,False,False,False
51153309,O=C1Nc2cccc3CCCC1(CCCCN1CCC(=CC1)c1ccccc1)c23,2.1,Ki (nM),O=C1Nc2cccc3c2C1(CCCCN1CC=C(c2ccccc2)CC1)CCC3,False,False,False
51060511,O=C1Nc2cccc3CCCC1(CCCCN1CCC(=CC1)c1ccccc1)c23,2.1,Ki (nM),O=C1Nc2cccc3c2C1(CCCCN1CC=C(c2ccccc2)CC1)CCC3,False,False,False
51315539,NCCc1c[nH]c2ccc(O)cc12,2.1,Ki (nM),NCCc1c[nH]c2ccc(O)cc12,False,False,False
51452685,NCCc1c[nH]c2ccc(O)cc12,2.1,Ki (nM),NCCc1c[nH]c2ccc(O)cc12,False,False,False
50588350,O=C1Nc2cccc3CCCC1(CCCCN1CCC(=CC1)c1ccccc1)c23,2.1,Ki (nM),O=C1Nc2cccc3c2C1(CCCCN1CC=C(c2ccccc2)CC1)CCC3,False,False,False
50866758,CCC1(CCCCN2CCN(CC2)c2cccc(Cl)c2)C(=O)Nc2ccc(F)cc12,2.11,Ki (nM),CCC1(CCCCN2CCN(c3cccc(Cl)c3)CC2)C(=O)Nc2ccc(F)cc21,False,False,False
184037,O=C1Nc2cccc3ccc(CCCCN4CCC(=CC4)c4ccccc4)c1c23 |c:18|,2.14,Ki (nM),O=C1Nc2cccc3ccc(CCCCN4CC=C(c5ccccc5)CC4)c1c23,False,False,False
51298030,Fc1ccc2[nH]cc(CCCN3CCN(CC3)c3nsc4ccccc34)c2c1,2.2,Ki (nM),Fc1ccc2[nH]cc(CCCN3CCN(c4nsc5ccccc45)CC3)c2c1,False,False,False
51248972,CSc1ccc2Sc3ccccc3CC(N3CCN(C)CC3)c2c1,2.2,Ki (nM),CSc1ccc2c(c1)C(N1CCN(C)CC1)Cc1ccccc1S2,False,False,False
50593477,Fc1ccc2n(C3CCN(CCN4CCCc5ccccc5C4=O)CC3)c(=O)[nH]c2c1,2.2,Ki (nM),O=C1c2ccccc2CCCN1CCN1CCC(n2c(=O)[nH]c3cc(F)ccc32)CC1,False,False,False
50387095,COc1ccccc1N1CCN(CCc2cccc(OCCOc3cccc(CCN4CCN(CC4)c4ccccc4OC)c3)c2)CC1,2.2,Ki (nM),COc1ccccc1N1CCN(CCc2cccc(OCCOc3cccc(CCN4CCN(c5ccccc5OC)CC4)c3)c2)CC1,False,False,False
50276404,Fc1ccc2n(C3CCN(CCN4CCCc5ccccc5C4=O)CC3)c(=O)[nH]c2c1,2.24,Ki (nM),O=C1c2ccccc2CCCN1CCN1CCC(n2c(=O)[nH]c3cc(F)ccc32)CC1,False,False,False
1170770,CCN(CCN1CCC(CC1)c1n[nH]c2cc(F)ccc12)C(=O)C(C)O,2.3,Ki (nM),CCN(CCN1CCC(c2n[nH]c3cc(F)ccc23)CC1)C(=O)C(C)O,False,False,False
51155752,COc1cccc(c1)N1CCN(CCCCC23CCCc4cccc(NC2=O)c34)CC1,2.3,Ki (nM),COc1cccc(N2CCN(CCCCC34CCCc5cccc(c53)NC4=O)CC2)c1,False,False,False
51133688,Fc1ccc2[nH]cc(CCN3CCN(CC3)c3ccccc3-c3ccccc3F)c2c1,2.3,Ki (nM),Fc1ccc2[nH]cc(CCN3CCN(c4ccccc4-c4ccccc4F)CC3)c2c1,False,False,False
50268818,CCc1cccc2c1-c1ccc(cc1C2(C)O)C(=O)N=C(N)N,2.3,Ki (nM),CCc1cccc2c1-c1ccc(C(=O)N=C(N)N)cc1C2(C)O,False,False,False
1423490,Fc1ccccc1N1CCN(CCCCCn2c3ccccc3[nH]c2=O)CC1,2.31,Ki (nM),O=c1[nH]c2ccccc2n1CCCCCN1CCN(c2ccccc2F)CC1,False,False,False
50812982,CC1CCN(CC[C@H]2CCCN2S(=O)(=O)c2ccc3cc[nH]c3c2)CC1,2.4,Ki (nM),CC1CCN(CC[C@H]2CCCN2S(=O)(=O)c2ccc3cc[nH]c3c2)CC1,False,False,False
50586756,CC1CCN(CC[C@H]2CCCN2S(=O)(=O)c2ccc3cc[nH]c3c2)CC1,2.4,Ki (nM),CC1CCN(CC[C@H]2CCCN2S(=O)(=O)c2ccc3cc[nH]c3c2)CC1,False,False,False
50854592,CNC1=Nc2c(OC(C)C)cccc2C(C)N1,2.4,Ki (nM),CNC1=Nc2c(OC(C)C)cccc2C(C)N1,False,False,False
1170905,CCN(CCN1CCC(CC1)n1ncc2cc(F)ccc12)S(=O)(=O)C(C)CO,2.4,Ki (nM),CCN(CCN1CCC(n2ncc3cc(F)ccc32)CC1)S(=O)(=O)C(C)CO,False,False,False
1170728,CCN(CCN1CCC(CC1)c1noc2cc(F)ccc12)C(=O)C(O)CCC(=O)OC,2.4,Ki (nM),CCN(CCN1CCC(c2noc3cc(F)ccc23)CC1)C(=O)C(O)CCC(=O)OC,False,False,False
50854589,CC1NC(N)=Nc2c(Cl)ccc(Cl)c12,2.4,Ki (nM),CC1NC(N)=Nc2c(Cl)ccc(Cl)c21,False,False,False
161661,CC(=O)c1ccc2Sc3ccccc3N(CCCN3CCN(CCO)CC3)c2c1,2.4,Ki (nM),CC(=O)c1ccc2c(c1)N(CCCN1CCN(CCO)CC1)c1ccccc1S2,False,False,False
51442097,COc1ccccc1-c1cc(CCN(C)C)ccc1Cl,2.5,Ki (nM),COc1ccccc1-c1cc(CCN(C)C)ccc1Cl,False,False,False
51442081,COc1ccccc1-c1cc(CCN(C)C)ccc1Cl,2.5,Ki (nM),COc1ccccc1-c1cc(CCN(C)C)ccc1Cl,False,False,False
51060425,CN(C)CCc1cccc(c1)-c1c(C)nn(C)c1C,2.5,Ki (nM),Cc1nn(C)c(C)c1-c1cccc(CCN(C)C)c1,False,False,False
50593440,Clc1ccc(cc1)C(=O)C1CCN(CCN2CCCc3ccccc3C2=O)CC1,2.5,Ki (nM),O=C(c1ccc(Cl)cc1)C1CCN(CCN2CCCc3ccccc3C2=O)CC1,False,False,False
51481381,COc1cc(OC)c(cc1OC)C1NCCc2c1[nH]c1ccc(Cl)cc21,2.5,Ki (nM),COc1cc(OC)c(C2NCCc3c2[nH]c2ccc(Cl)cc32)cc1OC,False,False,False
51463780,CN(C)CCc1cccc(c1)-c1c(C)nn(C)c1C,2.5,Ki (nM),Cc1nn(C)c(C)c1-c1cccc(CCN(C)C)c1,False,False,False
1170839,CC(C)N(CCN1CCC(CC1)c1noc2cc(F)ccc12)C(=O)[C@@H](C)O,2.5,Ki (nM),CC(C)N(CCN1CCC(c2noc3cc(F)ccc23)CC1)C(=O)[C@@H](C)O,False,False,False
51249193,CN(C)CCc1cccc(c1)-c1c(C)nn(C)c1C,2.5,Ki (nM),Cc1nn(C)c(C)c1-c1cccc(CCN(C)C)c1,False,False,False
174885,"CN1CCN(CC1)C1=c2ccccc2=Nc2ccc(Cl)cc2N1 |c:8,15|",2.5,Ki (nM),CN1CCN(C2=c3ccccc3=Nc3ccc(Cl)cc3N2)CC1,False,False,False
50617782,CC(C)c1ccc(cc1)S(=O)(=O)c1n[nH]c2ccc(NC3CCNCC3)cc12,3216.0,Ki (nM),CC(C)c1ccc(S(=O)(=O)c2n[nH]c3ccc(NC4CCNCC4)cc23)cc1,False,False,False
184013,Nc1c(Cl)cc(-c2nn(C3CCN(CCc4ccccc4)CC3)c(=O)o2)c2OCCOc12,3260.0,Ki (nM),Nc1c(Cl)cc(-c2nn(C3CCN(CCc4ccccc4)CC3)c(=O)o2)c2c1OCCO2,False,False,False
51399251,COc1ccccc1N1CCN(CCCC(=O)Nc2ccc(cc2)C(=O)OC(C)(C)C)CC1,3282.0,Ki (nM),COc1ccccc1N1CCN(CCCC(=O)Nc2ccc(C(=O)OC(C)(C)C)cc2)CC1,False,False,False
51230223,COc1ccc(cc1)-c1ccc(CNCCc2c[nH]c3ccc(OC)cc23)o1,3298.0,Ki (nM),COc1ccc(-c2ccc(CNCCc3c[nH]c4ccc(OC)cc34)o2)cc1,False,False,False
51116991,C[C@@H]1SC(=N[C@@H]1Cc1c[nH]cn1)c1ccccc1,3300.0,Ki (nM),C[C@@H]1SC(c2ccccc2)=N[C@@H]1Cc1c[nH]cn1,False,False,False
160266,c1cc(ccc1C(=O)CCCN2CCC(CC2)(c3ccc(cc3)Cl)O)F,3311.31,Ki (nM),O=C(CCCN1CCC(O)(c2ccc(Cl)cc2)CC1)c1ccc(F)cc1,False,False,False
51614686,CCC(Sc1cccc(Cl)c1Cl)c1nc(N)nc(N2CCNCC2)n1,3317.0,Ki (nM),CCC(Sc1cccc(Cl)c1Cl)c1nc(N)nc(N2CCNCC2)n1,False,False,False
50958829,CCOc1ccccc1C(=O)NC1CCN(CCOc2cccc(NC(C)=O)c2)C1,3372.0,Ki (nM),CCOc1ccccc1C(=O)NC1CCN(CCOc2cccc(NC(C)=O)c2)C1,False,False,False
153850,CN1CCc2cccc-3c2[C@H]1Cc4c3c(c(cc4)O)O,3400.0,Ki (nM),CN1CCc2cccc3c2[C@H]1Cc1ccc(O)c(O)c1-3,False,False,False
1466390,CC(C)N(CCc1c[nH]c2ccccc12)C(C)C,3423.0,Ki (nM),CC(C)N(CCc1c[nH]c2ccccc12)C(C)C,False,False,False
51256059,CCc1nc(N)[nH]c1-c1cn(c2ccccc12)S(=O)(=O)c1ccccc1,3467.0,Ki (nM),CCc1nc(N)[nH]c1-c1cn(S(=O)(=O)c2ccccc2)c2ccccc12,False,False,False
51501132,Clc1cccc(c1)N1CCN(Cc2ccc(Cn3nc4ccccn4c3=O)cc2)CC1,3470.0,Ki (nM),O=c1n(Cc2ccc(CN3CCN(c4cccc(Cl)c4)CC3)cc2)nc2ccccn12,False,False,False
50974445,CCCN1CCC(COc2nc3c(OC)cccc3c3ccccc23)CC1,3473.0,Ki (nM),CCCN1CCC(COc2nc3c(OC)cccc3c3ccccc23)CC1,False,False,False
50305834,NC(=O)C1CCN(CC1)c1c(cnc2ccc(Cl)cc12)S(=O)(=O)c1ccccc1,3490.0,Ki (nM),NC(=O)C1CCN(c2c(S(=O)(=O)c3ccccc3)cnc3ccc(Cl)cc23)CC1,False,False,False
50376789,COc1cccc(c1)C1=NCCc2c1[nH]c1ccc(OC)cc21,3500.0,Ki (nM),COc1cccc(C2=NCCc3c2[nH]c2ccc(OC)cc32)c1,False,False,False
50979160,COc1ccccc1CCN1C2C3C4C5C3C1(O)C1C5CC4C21,3505.0,Ki (nM),COc1ccccc1CCN1C2C3C4CC5C6C4C2C6C1(O)C53,False,False,False
1465820,CC(N)Cc1ccc2OCOc2c1,3547.7,Ki (nM),CC(N)Cc1ccc2c(c1)OCO2,False,False,False
1423526,O=c1[nH]c2ccccc2n1CCCCCN1CC2(C1)CN(C2)c1ccccn1,3560.0,Ki (nM),O=c1[nH]c2ccccc2n1CCCCCN1CC2(C1)CN(c1ccccn1)C2,False,False,False
50376762,CN(Cc1ccccc1)\C=N\c1ccc2CCC(O)c2c1,3600.0,Ki (nM),CN(/C=N/c1ccc2c(c1)C(O)CC2)Cc1ccccc1,False,False,False
51117076,C[C@@H]1SC(=N[C@H]1Cc1c[nH]cn1)c1ccccc1O,3600.0,Ki (nM),C[C@@H]1SC(c2ccccc2O)=N[C@H]1Cc1c[nH]cn1,False,False,False
50979142,COc1cccc(CCN2C3C4C5C6C4C2(O)C2C6CC5C32)c1,3601.0,Ki (nM),COc1cccc(CCN2C3C4C5CC6C7C5C3C7C2(O)C64)c1,False,False,False
50250519,Cn1c2ncn(CCCN3CCc4ccccc4C3)c2c(=O)n(C)c1=O,3616.0,Ki (nM),Cn1c(=O)c2c(ncn2CCCN2CCc3ccccc3C2)n(C)c1=O,False,False,False
50333396,Cn1c2nc3n(CCCCCN4CCN(CC4)c4ccc(Cl)cc4)ccn3c2c(=O)n(C)c1=O,3636.0,Ki (nM),Cn1c(=O)c2c(nc3n(CCCCCN4CCN(c5ccc(Cl)cc5)CC4)ccn23)n(C)c1=O,False,False,False
50979050,COc1ccc(CN2C3C4C5C6C4C2(O)C2C6CC5C32)cc1OC,3647.0,Ki (nM),COc1ccc(CN2C3C4C5CC6C7C5C3C7C2(O)C64)cc1OC,False,False,False
50846016,Cn1c2[nH]c(=O)n(CCCCN3CCN(CC3)c3cccc(Cl)c3)c2c(=O)n(C)c1=O,3670.0,Ki (nM),Cn1c(=O)c2c([nH]c(=O)n2CCCCN2CCN(c3cccc(Cl)c3)CC2)n(C)c1=O,False,False,False
50688914,CN(C)CC1=CC2=CN(C3=CC=CC(O1)C23)S(=O)(=O)c1ccccc1,3692.0,Ki (nM),CN(C)CC1=CC2=CN(S(=O)(=O)c3ccccc3)C3=CC=CC(O1)C23,False,False,False
51100509,CC(NCc1cc(Br)ccc1OCc1ccc(C)cc1)c1ccccc1,3700.0,Ki (nM),Cc1ccc(COc2ccc(Br)cc2CNC(C)c2ccccc2)cc1,False,False,False
50192611,CN(C)CCc1cn(c2ccccc12)S(=O)(=O)c1ccccc1,3700.0,Ki (nM),CN(C)CCc1cn(S(=O)(=O)c2ccccc2)c2ccccc12,False,False,False
51256063,COc1ccc2n(cc(-c3[nH]c(N)nc3C)c2c1)S(=O)(=O)c1ccc2ccccc2c1,3715.0,Ki (nM),COc1ccc2c(c1)c(-c1[nH]c(N)nc1C)cn2S(=O)(=O)c1ccc2ccccc2c1,False,False,False
51614683,CCC(Oc1cc(Cl)ccc1Cl)c1nc(N)nc(N2CCNCC2)n1,3722.0,Ki (nM),CCC(Oc1cc(Cl)ccc1Cl)c1nc(N)nc(N2CCNCC2)n1,False,False,False
51282014,COc1ccc(cc1)N1CCN(CCCCCCN2C(=O)c3cccc4cccc2c34)CC1,3743.0,Ki (nM),COc1ccc(N2CCN(CCCCCCN3C(=O)c4cccc5cccc3c45)CC2)cc1,False,False,False
51526339,O=C1CC2Cc3ccsc3C2=NN1CCCCCCCN1CCN(Cc2cccc3n(ccc23)S(=O)(=O)c2ccccc2)CC1,3759.0,Ki (nM),O=C1CC2Cc3ccsc3C2=NN1CCCCCCCN1CCN(Cc2cccc3c2ccn3S(=O)(=O)c2ccccc2)CC1,False,False,False
51392658,CCc1nc2c(nccc2n1S(=O)(=O)c1cccc(Cl)c1)N1CCNCC1,3763.0,Ki (nM),CCc1nc2c(N3CCNCC3)nccc2n1S(=O)(=O)c1cccc(Cl)c1,False,False,False
51100489,CC(NCCC(Cc1ccccc1)c1ccco1)c1ccc(Cl)cc1,3800.0,Ki (nM),CC(NCCC(Cc1ccccc1)c1ccco1)c1ccc(Cl)cc1,False,False,False
51283570,FC(F)(F)c1cc(Oc2nccc3ccsc23)ccc1-c1cccc2nccn12,3800.0,Ki (nM),FC(F)(F)c1cc(Oc2nccc3ccsc23)ccc1-c1cccc2nccn12,False,False,False
51264582,CN1CCN(CC1)c1nc(N)nc(COc2ccc(Cl)cc2Cl)n1,3804.0,Ki (nM),CN1CCN(c2nc(N)nc(COc3ccc(Cl)cc3Cl)n2)CC1,False,False,False
792215,CC(Oc1ccc(Cl)cc1OC1CNC1)c1sc(C)nc1C,3827.0,Ki (nM),Cc1nc(C)c(C(C)Oc2ccc(Cl)cc2OC2CNC2)s1,False,False,False
1466542,CCSc1cc(OC)c(CC(N)CC)cc1OC,3829.0,Ki (nM),CCSc1cc(OC)c(CC(N)CC)cc1OC,False,False,False
51298051,NC(=O)c1cc2cc(ccc2o1)N1CCN(CCCCc2c[nH]c3ccc(cc23)C#N)CC1,3900.0,Ki (nM),N#Cc1ccc2[nH]cc(CCCCN3CCN(c4ccc5oc(C(N)=O)cc5c4)CC3)c2c1,False,False,False
51392660,CC(C)c1nc2c(nccc2n1S(=O)(=O)c1cccc(Cl)c1)N1CCNCC1,3904.0,Ki (nM),CC(C)c1nc2c(N3CCNCC3)nccc2n1S(=O)(=O)c1cccc(Cl)c1,False,False,False
51207231,CN1CCN(Cc2cn(-c3ccccc3C)c3ccccc23)CC1,3907.0,Ki (nM),Cc1ccccc1-n1cc(CN2CCN(C)CC2)c2ccccc21,False,False,False
50617781,Clc1cccc(c1)S(=O)(=O)c1n[nH]c2ccc(NC3CCNCC3)cc12,3970.0,Ki (nM),O=S(=O)(c1cccc(Cl)c1)c1n[nH]c2ccc(NC3CCNCC3)cc12,False,False,False
50584274,CS(=O)(=O)Oc1ccc2CN(CC[C@H]3CC[C@@H](CC3)NC(=O)\C=C\c3ccc(F)cc3)Cc2c1,,Ki (nM),CS(=O)(=O)Oc1ccc2c(c1)CN(CC[C@H]1CC[C@H](NC(=O)/C=C/c3ccc(F)cc3)CC1)C2,False,False,False
50584759,COc1ccc(NS(=O)(=O)c2sc3ccc(Cl)cc3c2C)cc1N1CCNCC1,3981.0,Ki (nM),COc1ccc(NS(=O)(=O)c2sc3ccc(Cl)cc3c2C)cc1N1CCNCC1,False,False,False
51159430,CN(C)CCN(Cc1ccc(cc1)-c1ccc(CNCCc2ccccc2)cc1)C(=O)CCC1CCCC1,3981.0,Ki (nM),CN(C)CCN(Cc1ccc(-c2ccc(CNCCc3ccccc3)cc2)cc1)C(=O)CCC1CCCC1,False,False,False
51357429,CC(C)n1nc2CCNCCc2c1-c1ccc(Cl)c(Cl)c1,4000.0,Ki (nM),CC(C)n1nc2c(c1-c1ccc(Cl)c(Cl)c1)CCNCC2,False,False,False
50256213,CN(C)CCSc1nnc(o1)-c1ccccc1,,Ki (nM),CN(C)CCSc1nnc(-c2ccccc2)o1,False,False,False
51543672,CCCC([Se]c1cc(Cl)ccc1F)c1nc(N)nc(n1)N1CCN(C)CC1,4006.0,Ki (nM),CCCC([Se]c1cc(Cl)ccc1F)c1nc(N)nc(N2CCN(C)CC2)n1,False,False,False
51283569,FC(F)(F)c1cc(Oc2nccc3occc23)ccc1-c1cccc2nccn12,4100.0,Ki (nM),FC(F)(F)c1cc(Oc2nccc3occc23)ccc1-c1cccc2nccn12,False,False,False
50551616,CN(C)CCSc1ccccc1Br,4110.0,Ki (nM),CN(C)CCSc1ccccc1Br,False,False,False
51434024,Cc1cccc(c1)S(=O)(=O)n1ccc2c(nc3ccccc3c12)N1CCNCC1,4139.0,Ki (nM),Cc1cccc(S(=O)(=O)n2ccc3c(N4CCNCC4)nc4ccccc4c32)c1,False,False,False
50081742,COc1ccccc1N1CCN(Cc2ccc(cc2)C(=O)N2CCC[C@H]2C(N)=O)CC1,4151.0,Ki (nM),COc1ccccc1N1CCN(Cc2ccc(C(=O)N3CCC[C@H]3C(N)=O)cc2)CC1,False,False,False
51543665,CCCCC([Se]c1ccccc1)c1nc(N)nc(n1)N1CCN(C)CC1,4177.0,Ki (nM),CCCCC([Se]c1ccccc1)c1nc(N)nc(N2CCN(C)CC2)n1,False,False,False
51543669,CCC([Se]c1cc(C)ccc1C)c1nc(N)nc(n1)N1CCN(C)CC1,4186.0,Ki (nM),CCC([Se]c1cc(C)ccc1C)c1nc(N)nc(N2CCN(C)CC2)n1,False,False,False
50305827,Cc1ccc(cc1)S(=O)(=O)N\N=C1/CCCc2c1[nH]c1ccc(Cl)cc21,4194.0,Ki (nM),Cc1ccc(S(=O)(=O)N/N=C2\CCCc3c2[nH]c2ccc(Cl)cc32)cc1,False,False,False
51264606,CC([Se]c1ccccc1)c1nc(N)nc(n1)N1CCN(C)CC1,4247.0,Ki (nM),CC([Se]c1ccccc1)c1nc(N)nc(N2CCN(C)CC2)n1,False,False,False
51543662,CC([Se]c1ccccc1)c1nc(N)nc(n1)N1CCN(C)CC1,4247.0,Ki (nM),CC([Se]c1ccccc1)c1nc(N)nc(N2CCN(C)CC2)n1,False,False,False
38660,CS(=O)(=O)Nc1ccccc1N1CCN(CCCCCC(=O)NC2CCCc3ccccc23)CC1,4253.0,Ki (nM),CS(=O)(=O)Nc1ccccc1N1CCN(CCCCCC(=O)NC2CCCc3ccccc32)CC1,False,False,False
51392659,CCc1nc2c(nccc2n1S(=O)(=O)c1cccc(F)c1)N1CCNCC1,4300.0,Ki (nM),CCc1nc2c(N3CCNCC3)nccc2n1S(=O)(=O)c1cccc(F)c1,False,False,False
153877,CC[C@@H](CO)NC(=O)[C@H]1CN([C@@H]2Cc3cn(c4c3c(ccc4)C2=C1)C)C,4300.0,Ki (nM),CC[C@@H](CO)NC(=O)[C@@H]1C=C2c3cccc4c3c(cn4C)C[C@H]2N(C)C1,False,False,False
51616690,CCC(Oc1cccc(Cl)c1F)c1nc(N)nc(N2CCN(C)CC2)n1,4338.0,Ki (nM),CCC(Oc1cccc(Cl)c1F)c1nc(N)nc(N2CCN(C)CC2)n1,False,False,False
51543663,CCC([Se]c1ccccc1)c1nc(N)nc(n1)N1CCN(C)CC1,4393.0,Ki (nM),CCC([Se]c1ccccc1)c1nc(N)nc(N2CCN(C)CC2)n1,False,False,False
50846028,CCCOc1nc2n(C)c(=O)n(C)c(=O)c2n1CCCN1CCc2ccccc2C1,4400.0,Ki (nM),CCCOc1nc2c(c(=O)n(C)c(=O)n2C)n1CCCN1CCc2ccccc2C1,False,False,False
51207265,C(N1CCN(CC1)c1ccccc1)c1cn(-c2ccc3ccccc3c2)c2ccccc12,4440.0,Ki (nM),c1ccc(N2CCN(Cc3cn(-c4ccc5ccccc5c4)c4ccccc34)CC2)cc1,False,False,False
51543678,CN1CCN(CC1)c1nc(N)nc(C[Se]Cc2ccccc2)n1,4450.0,Ki (nM),CN1CCN(c2nc(N)nc(C[Se]Cc3ccccc3)n2)CC1,False,False,False
50617358,Clc1ccc(cc1Cl)-c1cn(Cc2ccccc2)c2CCNCc12,4467.0,Ki (nM),Clc1ccc(-c2cn(Cc3ccccc3)c3c2CNCC3)cc1Cl,False,False,False
51614685,CCC(Oc1cccc(Cl)c1Cl)c1nc(N)nc(N2CCNCC2)n1,4508.0,Ki (nM),CCC(Oc1cccc(Cl)c1Cl)c1nc(N)nc(N2CCNCC2)n1,False,False,False
51264585,CC(Sc1ccccc1Cl)c1nc(N)nc(n1)N1CCN(C)CC1,4570.0,Ki (nM),CC(Sc1ccccc1Cl)c1nc(N)nc(N2CCN(C)CC2)n1,False,False,False
792404,CCC1(CNC1)Oc1cc(Br)ccc1OCc1cccc(Cl)c1,4589.0,Ki (nM),CCC1(Oc2cc(Br)ccc2OCc2cccc(Cl)c2)CNC1,False,False,False
51602987,CC(=O)c1ccc(OCC(O)CN2CCN(c3ccccc3Cl)CC2)cc1,4670.0,Ki (nM),CC(=O)c1ccc(OCC(O)CN2CCN(c3ccccc3Cl)CC2)cc1,False,False,False
50305818,Oc1c(Sc2cccc3cccnc23)cc(NS(=O)(=O)c2ccc(F)cc2)c2ccccc12,4718.0,Ki (nM),O=S(=O)(Nc1cc(Sc2cccc3cccnc23)c(O)c2ccccc12)c1ccc(F)cc1,False,False,False
51543668,CC([Se]c1cc(C)ccc1C)c1nc(N)nc(n1)N1CCN(C)CC1,4745.0,Ki (nM),Cc1ccc(C)c([Se]C(C)c2nc(N)nc(N3CCN(C)CC3)n2)c1,False,False,False
175171,CN(C)C1CCc2[nH]c3ccc(NC(=O)c4ccc(F)cc4)cc3c2C1,4851.0,Ki (nM),CN(C)C1CCc2[nH]c3ccc(NC(=O)c4ccc(F)cc4)cc3c2C1,False,False,False
51410653,CN1CCN(CC1)c1nc(N)nc(CCCOc2ccc(Cl)c(Cl)c2)n1,4879.0,Ki (nM),CN1CCN(c2nc(N)nc(CCCOc3ccc(Cl)c(Cl)c3)n2)CC1,False,False,False
51599061,COc1cc([Se]C(F)(F)F)c(OC)cc1CCN,4918.0,Ki (nM),COc1cc([Se]C(F)(F)F)c(OC)cc1CCN,False,False,False
792271,CC(C)(C)c1ccc2C(CCc2c1)Oc1ccc(Br)cc1OC1CNC1,5000.0,Ki (nM),CC(C)(C)c1ccc2c(c1)CCC2Oc1ccc(Br)cc1OC1CNC1,False,False,False
161665,C[N+](C)([O-])CCCN1c2ccccc2Sc2ccc(Cl)cc12,5000.0,Ki (nM),C[N+](C)([O-])CCCN1c2ccccc2Sc2ccc(Cl)cc21,False,False,False
161671,"CN1CCN(CC1)C1=c2ccccc2=Nc2ccc(Cl)cc2N1O |c:8,15|",5000.0,Ki (nM),CN1CCN(C2=c3ccccc3=Nc3ccc(Cl)cc3N2O)CC1,False,False,False
50963781,COc1ccc(cc1)-c1cccc(c1)N1CCNCC1,,Ki (nM),COc1ccc(-c2cccc(N3CCNCC3)c2)cc1,False,False,False
50290159,COc1ccc2n(cc(C3=CCNCC3)c2c1)S(=O)(=O)c1ccc(N)cc1,,Ki (nM),COc1ccc2c(c1)c(C1=CCNCC1)cn2S(=O)(=O)c1ccc(N)cc1,False,False,False
792287,Cc1cc(COc2ccc(Cl)cc2OC2CNC2)n(C)n1,5000.0,Ki (nM),Cc1cc(COc2ccc(Cl)cc2OC2CNC2)n(C)n1,False,False,False
161681,c1cc(ccc1C(CCCN2CCC(CC2)(c3ccc(c(c3)C(F)(F)F)Cl)O)c4ccc(cc4)F)F,5000.0,Ki (nM),OC1(c2ccc(Cl)c(C(F)(F)F)c2)CCN(CCCC(c2ccc(F)cc2)c2ccc(F)cc2)CC1,False,False,False
161686,CCN1CCC[C@H]1CNC(=O)c1c(O)c(Cl)cc(Cl)c1OC,5000.0,Ki (nM),CCN1CCC[C@H]1CNC(=O)c1c(O)c(Cl)cc(Cl)c1OC,False,False,False
161687,CCN1CCC[C@H]1CNC(=O)c1c(OC)ccc(Br)c1OC,5000.0,Ki (nM),CCN1CCC[C@H]1CNC(=O)c1c(OC)ccc(Br)c1OC,False,False,False
161689,CC1CN(CCCn2c3ccccc3c3ccccc23)CC(C)N1,5000.0,Ki (nM),CC1CN(CCCn2c3ccccc3c3ccccc32)CC(C)N1,False,False,False
161692,CCN1CCCC1CNC(=O)c1cc(ccc1OC)S(N)(=O)=O,5000.0,Ki (nM),CCN1CCCC1CNC(=O)c1cc(S(N)(=O)=O)ccc1OC,False,False,False
50608356,CC(C)Cn1nc(c2cc(ccc12)N1CCNCC1)S(=O)(=O)c1cccc2ccccc12,,Ki (nM),CC(C)Cn1nc(S(=O)(=O)c2cccc3ccccc23)c2cc(N3CCNCC3)ccc21,False,False,False
50608357,O=S(=O)(c1nn(Cc2ccccc2)c2ccc(cc12)N1CCNCC1)c1cccc2ccccc12,,Ki (nM),O=S(=O)(c1cccc2ccccc12)c1nn(Cc2ccccc2)c2ccc(N3CCNCC3)cc12,False,False,False
175521,CCN1CCC[C@H]1CNC(=O)c1c(OC)ccc(Br)c1OC,5000.0,Ki (nM),CCN1CCC[C@H]1CNC(=O)c1c(OC)ccc(Br)c1OC,False,False,False
50608354,Cn1nc(c2cc(ccc12)N1CCNCC1)S(=O)(=O)c1cccc2ccccc12,,Ki (nM),Cn1nc(S(=O)(=O)c2cccc3ccccc23)c2cc(N3CCNCC3)ccc21,False,False,False
50376743,COc1ccc2CC3c4cc5OCOc5cc4CC[N+]3(C)Cc2c1OC,5000.0,Ki (nM),COc1ccc2c(c1OC)C[N+]1(C)CCc3cc4c(cc3C1C2)OCO4,False,False,False
50608355,CC(C)n1nc(c2cc(ccc12)N1CCNCC1)S(=O)(=O)c1cccc2ccccc12,,Ki (nM),CC(C)n1nc(S(=O)(=O)c2cccc3ccccc23)c2cc(N3CCNCC3)ccc21,False,False,False
792100,CCOC(=O)c1cc(COc2ccc(Cl)cc2OC2CNC2)oc1C(F)(F)F,5000.0,Ki (nM),CCOC(=O)c1cc(COc2ccc(Cl)cc2OC2CNC2)oc1C(F)(F)F,False,False,False
153899,CC(C)NC[C@@H](COc1cccc2c1cccc2)O,5000.0,Ki (nM),CC(C)NC[C@H](O)COc1cccc2ccccc12,False,False,False
50237650,CN1CCC(CC1)c1c[nH]c2ccc(NC(=O)c3ccc(F)cc3)nc12,,Ki (nM),CN1CCC(c2c[nH]c3ccc(NC(=O)c4ccc(F)cc4)nc23)CC1,False,False,False
153902,[O-][N+]12CCC34C1CC1C5C3N(c3ccccc43)C(=O)CC5OCC=C1C2 |c:28|,5000.0,Ki (nM),O=C1CC2OCC=C3C[N+]4([O-])CCC56c7ccccc7N1C5C2C3CC64,False,False,False
792290,Fc1cccc(COc2ccc(Br)cc2OC2CN(C2)c2ccccc2)c1,5000.0,Ki (nM),Fc1cccc(COc2ccc(Br)cc2OC2CN(c3ccccc3)C2)c1,False,False,False
792508,Cc1cccc(Oc2cc(Cl)ccc2O[C@H]2CCNC2)c1,,Ki (nM),Cc1cccc(Oc2cc(Cl)ccc2O[C@H]2CCNC2)c1,False,False,False
50617780,O=S(=O)(c1n[nH]c2ccc(NC3CCNCC3)cc12)c1cccc2ccccc12,,Ki (nM),O=S(=O)(c1cccc2ccccc12)c1n[nH]c2ccc(NC3CCNCC3)cc12,False,False,False
50617783,O=S(=O)(c1n[nH]c2ccc(NC3CCNCC3)cc12)c1ccc2ccccc2c1,,Ki (nM),O=S(=O)(c1ccc2ccccc2c1)c1n[nH]c2ccc(NC3CCNCC3)cc12,False,False,False
51357430,CC(C)n1nc2CCNCCc2c1-c1ccc(OC(F)(F)F)cc1,5000.0,Ki (nM),CC(C)n1nc2c(c1-c1ccc(OC(F)(F)F)cc1)CCNCC2,False,False,False
50617784,NCCC(=O)Nc1ccc2[nH]nc(c2c1)S(=O)(=O)c1cccc2ccccc12,,Ki (nM),NCCC(=O)Nc1ccc2[nH]nc(S(=O)(=O)c3cccc4ccccc34)c2c1,False,False,False
50617785,O=C(Nc1ccc2[nH]nc(c2c1)S(=O)(=O)c1cccc2ccccc12)C1CCNCC1,,Ki (nM),O=C(Nc1ccc2[nH]nc(S(=O)(=O)c3cccc4ccccc34)c2c1)C1CCNCC1,False,False,False
162675,CN(C)CCCN1c2ccccc2Sc3c1cc(cc3)Cl,5011.87,Ki (nM),CN(C)CCCN1c2ccccc2Sc2ccc(Cl)cc21,False,False,False
50584097,Cc1c(sc2ccc(Cl)cc12)S(=O)(=O)Nc1ccc2nc(C)cc(N3CCNCC3)c2c1,,Ki (nM),Cc1cc(N2CCNCC2)c2cc(NS(=O)(=O)c3sc4ccc(Cl)cc4c3C)ccc2n1,False,False,False
50584038,C[C@H]1CN(CCN1)c1ccnc2ccc(NS(=O)(=O)c3sc4ccc(Cl)cc4c3C)cc12,,Ki (nM),Cc1c(S(=O)(=O)Nc2ccc3nccc(N4CCN[C@@H](C)C4)c3c2)sc2ccc(Cl)cc12,False,False,False
50584053,CCc1c(sc2ccc(Cl)cc12)S(=O)(=O)Nc1ccc2nccc(N3CCNCC3)c2c1,,Ki (nM),CCc1c(S(=O)(=O)Nc2ccc3nccc(N4CCNCC4)c3c2)sc2ccc(Cl)cc12,False,False,False
51282127,Clc1cccc(N2CCN(CCCCCCN3C(=O)c4cccc5cccc3c45)CC2)c1Cl,5095.0,Ki (nM),O=C1c2cccc3cccc(c23)N1CCCCCCN1CCN(c2cccc(Cl)c2Cl)CC1,False,False,False
51614662,CCC(Oc1ccc(Cl)c(Cl)c1)c1nc(N)nc(n1)N1CCN(C)CC1,5098.0,Ki (nM),CCC(Oc1ccc(Cl)c(Cl)c1)c1nc(N)nc(N2CCN(C)CC2)n1,False,False,False
51410652,CCC(Oc1ccc(Cl)c(Cl)c1)c1nc(N)nc(n1)N1CCN(C)CC1,5098.0,Ki (nM),CCC(Oc1ccc(Cl)c(Cl)c1)c1nc(N)nc(N2CCN(C)CC2)n1,False,False,False
51923,NCCC(=O)Nc1ccc2cnn(c2c1)S(=O)(=O)c1cccc2ccccc12,5100.0,Ki (nM),NCCC(=O)Nc1ccc2cnn(S(=O)(=O)c3cccc4ccccc34)c2c1,False,False,False
51543676,CCC([Se]c1ccc2ccccc2c1)c1nc(N)nc(n1)N1CCN(C)CC1,5109.0,Ki (nM),CCC([Se]c1ccc2ccccc2c1)c1nc(N)nc(N2CCN(C)CC2)n1,False,False,False
51616695,CCCCC(Oc1cc(Cl)cc(Cl)c1)c1nc(Nc2ccncc2)nc(N2CCN(C)CC2)n1,5141.0,Ki (nM),CCCCC(Oc1cc(Cl)cc(Cl)c1)c1nc(Nc2ccncc2)nc(N2CCN(C)CC2)n1,False,False,False
51614675,CCC(Sc1cc(Cl)ccc1Cl)c1nc(N)nc(N2CCN(C)CC2)n1,5142.0,Ki (nM),CCC(Sc1cc(Cl)ccc1Cl)c1nc(N)nc(N2CCN(C)CC2)n1,False,False,False
51614676,CCC(Sc1ccc(Cl)c(Cl)c1)c1nc(N)nc(N2CCN(C)CC2)n1,5164.0,Ki (nM),CCC(Sc1ccc(Cl)c(Cl)c1)c1nc(N)nc(N2CCN(C)CC2)n1,False,False,False
50456616,COc1c(OCCF)cccc1C(O)C1CCN(CCc2ccc(cc2)[N+]([O-])=O)CC1,5170.0,Ki (nM),COc1c(OCCF)cccc1C(O)C1CCN(CCc2ccc([N+](=O)[O-])cc2)CC1,False,False,False
51337119,CN(C)[C@@H]1CCc2c(C1)cccc2-c1ccccc1,5200.0,Ki (nM),CN(C)[C@@H]1CCc2c(cccc2-c2ccccc2)C1,False,False,False
51506478,CCC(Oc1cccc(Cl)c1Cl)c1nc(N)nc(n1)N1CCN(C)CC1,5200.0,Ki (nM),CCC(Oc1cccc(Cl)c1Cl)c1nc(N)nc(N2CCN(C)CC2)n1,False,False,False
51410642,CCC(Oc1cccc(Cl)c1Cl)c1nc(N)nc(n1)N1CCN(C)CC1,5202.0,Ki (nM),CCC(Oc1cccc(Cl)c1Cl)c1nc(N)nc(N2CCN(C)CC2)n1,False,False,False
51614664,CCC(Oc1cccc(Cl)c1Cl)c1nc(N)nc(n1)N1CCN(C)CC1,5202.0,Ki (nM),CCC(Oc1cccc(Cl)c1Cl)c1nc(N)nc(N2CCN(C)CC2)n1,False,False,False
50305829,Fc1cc(Cl)ccc1CN1c2ccccc2S(=O)(=O)c2ccccc12,5232.0,Ki (nM),O=S1(=O)c2ccccc2N(Cc2ccc(Cl)cc2F)c2ccccc21,False,False,False
51543666,CN1CCN(CC1)c1nc(N)nc(n1)C(C)(C)[Se]c1ccccc1,5244.0,Ki (nM),CN1CCN(c2nc(N)nc(C(C)(C)[Se]c3ccccc3)n2)CC1,False,False,False
51410644,CCCCC(Oc1cccc(Cl)c1Cl)c1nc(N)nc(n1)N1CCN(C)CC1,5265.0,Ki (nM),CCCCC(Oc1cccc(Cl)c1Cl)c1nc(N)nc(N2CCN(C)CC2)n1,False,False,False
51614668,CCCCC(Oc1cccc(Cl)c1Cl)c1nc(N)nc(n1)N1CCN(C)CC1,5265.0,Ki (nM),CCCCC(Oc1cccc(Cl)c1Cl)c1nc(N)nc(N2CCN(C)CC2)n1,False,False,False
50376760,CCCOC1CCCc2ccc(cc12)\N=C\N1CCc2cc(OC)c(OC)cc2C1,5300.0,Ki (nM),CCCOC1CCCc2ccc(/N=C/N3CCc4cc(OC)c(OC)cc4C3)cc21,False,False,False
406515,Clc1nccc2ccn(CCN3CCCN4CCCCC4C3)c12,5310.0,Ki (nM),Clc1nccc2ccn(CCN3CCCN4CCCCC4C3)c12,False,False,False
51230354,COc1ccc2[nH]c(C)c(CCNCc3ccc(o3)-c3ccc(O)cc3)c2c1,5316.0,Ki (nM),COc1ccc2[nH]c(C)c(CCNCc3ccc(-c4ccc(O)cc4)o3)c2c1,False,False,False
51513074,COc1ccc2c3CCN=C(C)c3[nH]c2c1,5500.0,Ki (nM),COc1ccc2c3c([nH]c2c1)C(C)=NCC3,False,False,False
792524,Clc1ccc(O[C@H]2CCNC2)c(Oc2ccc(Br)cc2)c1,5500.0,Ki (nM),Clc1ccc(O[C@H]2CCNC2)c(Oc2ccc(Br)cc2)c1,False,False,False
50249975,COc1ccc2c(c1)[nH]c1c(C)nccc21,5500.0,Ki (nM),COc1ccc2c(c1)[nH]c1c(C)nccc12,False,False,False
51602999,COc1ccc(-c2nc(CN3CCN(c4cccc(Cl)c4)CC3)cs2)cc1OC,5585.0,Ki (nM),COc1ccc(-c2nc(CN3CCN(c4cccc(Cl)c4)CC3)cs2)cc1OC,False,False,False
51614669,CN1CCN(c2nc(N)nc(C(C)(C)Oc3ccccc3Cl)n2)CC1,5633.0,Ki (nM),CN1CCN(c2nc(N)nc(C(C)(C)Oc3ccccc3Cl)n2)CC1,False,False,False
51543670,CCCC([Se]c1cc(C)ccc1C)c1nc(N)nc(n1)N1CCN(C)CC1,5667.0,Ki (nM),CCCC([Se]c1cc(C)ccc1C)c1nc(N)nc(N2CCN(C)CC2)n1,False,False,False
51614684,CCC(Sc1cc(Cl)ccc1Cl)c1nc(N)nc(N2CCNCC2)n1,5669.0,Ki (nM),CCC(Sc1cc(Cl)ccc1Cl)c1nc(N)nc(N2CCNCC2)n1,False,False,False
51576844,CC(C)(C)Cc1c(sc(N)c1C(=O)c1ccc(Cl)cc1)C#Cc1ccccc1F,5700.0,Ki (nM),CC(C)(C)Cc1c(C#Cc2ccccc2F)sc(N)c1C(=O)c1ccc(Cl)cc1,False,False,False
50601747,CCCCN1CCC(COC(=O)c2cc(Cl)c(NC)c3OCCOc23)CC1,5702.0,Ki (nM),CCCCN1CCC(COC(=O)c2cc(Cl)c(NC)c3c2OCCO3)CC1,False,False,False
51616673,CCC(Oc1cc(Cl)ccc1Cl)c1nc(N)nc(n1)N1CCN(C)CC1,5706.0,Ki (nM),CCC(Oc1cc(Cl)ccc1Cl)c1nc(N)nc(N2CCN(C)CC2)n1,False,False,False
51614661,CCC(Oc1cc(Cl)ccc1Cl)c1nc(N)nc(n1)N1CCN(C)CC1,5706.0,Ki (nM),CCC(Oc1cc(Cl)ccc1Cl)c1nc(N)nc(N2CCN(C)CC2)n1,False,False,False
51506479,CCC(Oc1cc(Cl)ccc1Cl)c1nc(N)nc(n1)N1CCN(C)CC1,5710.0,Ki (nM),CCC(Oc1cc(Cl)ccc1Cl)c1nc(N)nc(N2CCN(C)CC2)n1,False,False,False
50846026,CCOc1nc2n(C)c(=O)n(C)c(=O)c2n1CCCN1CCc2ccccc2C1,5750.0,Ki (nM),CCOc1nc2c(c(=O)n(C)c(=O)n2C)n1CCCN1CCc2ccccc2C1,False,False,False
1466685,COc1cc(CC(C)N)c(OC)cc1I,5769.0,Ki (nM),COc1cc(CC(C)N)c(OC)cc1I,False,False,False
51925,O=C(Nc1ccc2cnn(c2c1)S(=O)(=O)c1cccc2ccccc12)C1CCCNC1,5800.0,Ki (nM),O=C(Nc1ccc2cnn(S(=O)(=O)c3cccc4ccccc34)c2c1)C1CCCNC1,False,False,False
51161241,CN1CCN(CCCC2(CCC2)S(=O)(=O)c2ccccc2)CC1,5800.0,Ki (nM),CN1CCN(CCCC2(S(=O)(=O)c3ccccc3)CCC2)CC1,False,False,False
50192667,CN(C)[C@H]1Cc2cn(c3cccc([C@@H]1O)c23)S(=O)(=O)c1ccc(C)cc1,,Ki (nM),Cc1ccc(S(=O)(=O)n2cc3c4c(cccc42)[C@H](O)[C@@H](N(C)C)C3)cc1,False,False,False
50653131,O=c1n(CCCCN2CCN(CC2)c2ccc(cc2)-c2ncccn2)cnc2c3ccccc3ncc12,5800.0,Ki (nM),O=c1c2cnc3ccccc3c2ncn1CCCCN1CCN(c2ccc(-c3ncccn3)cc2)CC1,False,False,False
51264603,CN1CCN(CC1)c1nc(N)nc(COc2cccc(Cl)c2)n1,5818.0,Ki (nM),CN1CCN(c2nc(N)nc(COc3cccc(Cl)c3)n2)CC1,False,False,False
51470915,COc1ccccc1NCCNc1nc(N)nc(NCCc2c[nH]c3ccccc23)n1,5823.0,Ki (nM),COc1ccccc1NCCNc1nc(N)nc(NCCc2c[nH]c3ccccc23)n1,False,False,False
51264530,CN1CCN(CC1)c1nc(N)nc(COc2ccc(Cl)c(C)c2)n1,5840.0,Ki (nM),Cc1cc(OCc2nc(N)nc(N3CCN(C)CC3)n2)ccc1Cl,False,False,False
51285629,CCn1cncc1-c1c[nH]c2ccc(F)c(F)c12,5888.0,Ki (nM),CCn1cncc1-c1c[nH]c2ccc(F)c(F)c12,False,False,False
51614670,CN1CCN(c2nc(N)nc(C(C)(C)Sc3ccccc3Cl)n2)CC1,5920.0,Ki (nM),CN1CCN(c2nc(N)nc(C(C)(C)Sc3ccccc3Cl)n2)CC1,False,False,False
51614658,CC(Oc1ccc(Cl)c(Cl)c1)c1nc(N)nc(n1)N1CCN(C)CC1,5928.0,Ki (nM),CC(Oc1ccc(Cl)c(Cl)c1)c1nc(N)nc(N2CCN(C)CC2)n1,False,False,False
51410651,CC(Oc1ccc(Cl)c(Cl)c1)c1nc(N)nc(n1)N1CCN(C)CC1,5928.0,Ki (nM),CC(Oc1ccc(Cl)c(Cl)c1)c1nc(N)nc(N2CCN(C)CC2)n1,False,False,False
51282030,FC(F)(F)c1ccc(cc1)N1CCN(CCCCCCN2c3cccc4cccc(c34)S2(=O)=O)CC1,5996.0,Ki (nM),O=S1(=O)c2cccc3cccc(c23)N1CCCCCCN1CCN(c2ccc(C(F)(F)F)cc2)CC1,False,False,False
153871,CC(C)NCC(O)c1ccc(O)c(O)c1,6000.0,Ki (nM),CC(C)NCC(O)c1ccc(O)c(O)c1,False,False,False
51614673,CC(Sc1cc(Cl)cc(Cl)c1)c1nc(N)nc(N2CCN(C)CC2)n1,6043.0,Ki (nM),CC(Sc1cc(Cl)cc(Cl)c1)c1nc(N)nc(N2CCN(C)CC2)n1,False,False,False
51614677,CCC(Sc1cc(Cl)cc(Cl)c1)c1nc(N)nc(N2CCN(C)CC2)n1,6043.0,Ki (nM),CCC(Sc1cc(Cl)cc(Cl)c1)c1nc(N)nc(N2CCN(C)CC2)n1,False,False,False
51100488,CC(CC(C)(C)c1ccc(C)o1)NCc1ccc(cc1)C(F)(F)F,6100.0,Ki (nM),Cc1ccc(C(C)(C)CC(C)NCc2ccc(C(F)(F)F)cc2)o1,False,False,False
51614679,CCCC(Sc1cc(Cl)ccc1Cl)c1nc(N)nc(N2CCN(C)CC2)n1,6206.0,Ki (nM),CCCC(Sc1cc(Cl)ccc1Cl)c1nc(N)nc(N2CCN(C)CC2)n1,False,False,False
50456620,COc1c(OCCF)cccc1C(=O)C1CCN(CCc2ccc(cc2)[N+]([O-])=O)CC1,6241.0,Ki (nM),COc1c(OCCF)cccc1C(=O)C1CCN(CCc2ccc([N+](=O)[O-])cc2)CC1,False,False,False
51314172,COc1ccc2n(cc(C3=CCNCC3)c2c1)S(=O)(=O)c1ccc2cccnc2c1,6248.0,Ki (nM),COc1ccc2c(c1)c(C1=CCNCC1)cn2S(=O)(=O)c1ccc2cccnc2c1,False,False,False
51314212,COc1ccc2n(cc(C3=CCNCC3)c2c1)S(=O)(=O)c1ccc2cccnc2c1,6248.0,Ki (nM),COc1ccc2c(c1)c(C1=CCNCC1)cn2S(=O)(=O)c1ccc2cccnc2c1,False,False,False
50979126,COc1ccc(CCN2C3C4C5C6C4C2(O)C2C6CC5C32)cc1,6259.0,Ki (nM),COc1ccc(CCN2C3C4C5CC6C7C5C3C7C2(O)C64)cc1,False,False,False
51410649,CCCCC(Oc1cc(Cl)ccc1Cl)c1nc(N)nc(n1)N1CCN(C)CC1,6263.0,Ki (nM),CCCCC(Oc1cc(Cl)ccc1Cl)c1nc(N)nc(N2CCN(C)CC2)n1,False,False,False
50972185,COc1ccc(cc1NC1CCN(C)CC1)S(=O)(=O)n1cc(C)c2cc(Cl)ccc12,6371.0,Ki (nM),COc1ccc(S(=O)(=O)n2cc(C)c3cc(Cl)ccc32)cc1NC1CCN(C)CC1,False,False,False
50305821,Cc1ccc(cc1)S(=O)(=O)c1nc(sc1Cl)N1CCc2ccccc2C1,6371.0,Ki (nM),Cc1ccc(S(=O)(=O)c2nc(N3CCc4ccccc4C3)sc2Cl)cc1,False,False,False
182400,CC(CF)NCC(O)COc1cccc2[nH]c3ccccc3c12,6400.0,Ki (nM),CC(CF)NCC(O)COc1cccc2[nH]c3ccccc3c12,False,False,False
153898,C[NH2+]C[C@H](O)c1cccc(O)c1,6400.0,Ki (nM),CNC[C@H](O)c1cccc(O)c1,False,False,True
153904,C[N@H+]1CCc2cc(c3cc2[C@@H]1Cc4ccc(cc4)Oc5c6c(cc(c5O)OC)CC[N+]([C@@H]6Cc7ccc(c(c7)O3)O)(C)C)OC,6500.0,Ki (nM),COc1cc2c3cc1Oc1cc(ccc1O)C[C@@H]1c4c(cc(OC)c(O)c4Oc4ccc(cc4)C[C@@H]3N(C)CC2)CC[N+]1(C)C,False,False,True
50617370,Clc1cccc(Cn2cc(c3CNCCc23)-c2ccccc2)c1,6600.0,Ki (nM),Clc1cccc(Cn2cc(-c3ccccc3)c3c2CCNC3)c1,False,False,False
51392657,Clc1cccc(c1)S(=O)(=O)n1cnc2c(nccc12)N1CCNCC1,6642.0,Ki (nM),O=S(=O)(c1cccc(Cl)c1)n1cnc2c(N3CCNCC3)nccc21,False,False,False
51314174,O=S(=O)(c1ccc2ncccc2c1)n1cc(C2=CCNCC2)c2ccccc12,6660.0,Ki (nM),O=S(=O)(c1ccc2ncccc2c1)n1cc(C2=CCNCC2)c2ccccc21,False,False,False
51314268,O=S(=O)(c1ccc2ncccc2c1)n1cc(C2=CCNCC2)c2ccccc12,6660.0,Ki (nM),O=S(=O)(c1ccc2ncccc2c1)n1cc(C2=CCNCC2)c2ccccc21,False,False,False
51602997,COc1ccc(-c2nc(CN3CCN(c4ccccc4)CC3)cs2)cc1OC,6786.0,Ki (nM),COc1ccc(-c2nc(CN3CCN(c4ccccc4)CC3)cs2)cc1OC,False,False,False
50256203,CN(C)CCSc1nccs1,6800.0,Ki (nM),CN(C)CCSc1nccs1,False,False,False
50979102,COc1ccc(CCN2C3C4C5C6C4C2(O)C2C6CC5C32)cc1OC,6873.0,Ki (nM),COc1ccc(CCN2C3C4C5CC6C7C5C3C7C2(O)C64)cc1OC,False,False,False
51924,O=C(Nc1ccc2cnn(c2c1)S(=O)(=O)c1cccc2ccccc12)C1CCNCC1,6900.0,Ki (nM),O=C(Nc1ccc2cnn(S(=O)(=O)c3cccc4ccccc34)c2c1)C1CCNCC1,False,False,False
51543679,CC([Se]Cc1ccccc1)c1nc(N)nc(n1)N1CCN(C)CC1,6993.0,Ki (nM),CC([Se]Cc1ccccc1)c1nc(N)nc(N2CCN(C)CC2)n1,False,False,False
51161207,CN(C)CCCC1(CCC1)S(=O)(=O)c1ccccc1,,Ki (nM),CN(C)CCCC1(S(=O)(=O)c2ccccc2)CCC1,False,False,False
153900,CC(C)NC[C@@H](COc1cccc2c1cccc2)O,7000.0,Ki (nM),CC(C)NC[C@H](O)COc1cccc2ccccc12,False,False,False
186844,CC(N)C(O)c1ccccc1,7000.0,Ki (nM),CC(N)C(O)c1ccccc1,False,False,False
51161235,O=S(=O)(c1ccccc1)C1(CCCN2CCOCC2)CCC1,,Ki (nM),O=S(=O)(c1ccccc1)C1(CCCN2CCOCC2)CCC1,False,False,False
182399,CC(CF)NCC(O)COc1cccc2[nH]c3ccccc3c12,7070.0,Ki (nM),CC(CF)NCC(O)COc1cccc2[nH]c3ccccc3c12,False,False,False
50963006,CNC(=O)c1cc(Oc2ccc(NC(=O)Nc3ccc(Cl)c(c3)C(F)(F)F)cc2)ccn1,7071.0,Ki (nM),CNC(=O)c1cc(Oc2ccc(NC(=O)Nc3ccc(Cl)c(C(F)(F)F)c3)cc2)ccn1,False,False,False
51256130,COc1ccc2n(cc(-c3[nH]c(N)nc3C)c2c1)S(=O)(=O)c1ccccc1,7079.0,Ki (nM),COc1ccc2c(c1)c(-c1[nH]c(N)nc1C)cn2S(=O)(=O)c1ccccc1,False,False,False
51602990,CCC(=O)N1c2ccccc2CC1C(=O)NCCCN1CCN(c2ccccc2)CC1,7132.0,Ki (nM),CCC(=O)N1c2ccccc2CC1C(=O)NCCCN1CCN(c2ccccc2)CC1,False,False,False
51602989,CC(=O)c1ccc(OCC(O)CN2CCN(c3ccc(Cl)cc3)CC2)cc1,7132.0,Ki (nM),CC(=O)c1ccc(OCC(O)CN2CCN(c3ccc(Cl)cc3)CC2)cc1,False,False,False
51024658,CC(C)c1nc2c(ccnc2n1Cc1cccc(Cl)c1)N1CCNCC1,7139.0,Ki (nM),CC(C)c1nc2c(N3CCNCC3)ccnc2n1Cc1cccc(Cl)c1,False,False,False
1466289,CCOc1cc(OC)c(CC(C)N)cc1OC,7156.0,Ki (nM),CCOc1cc(OC)c(CC(C)N)cc1OC,False,False,False
51616678,CC(Oc1cc(F)ccc1Cl)c1nc(N)nc(N2CCN(C)CC2)n1,7237.0,Ki (nM),CC(Oc1cc(F)ccc1Cl)c1nc(N)nc(N2CCN(C)CC2)n1,False,False,False
51314243,Clc1ccc2n(cc(C3=CCNCC3)c2c1)S(=O)(=O)c1ccc2cccnc2c1,7322.0,Ki (nM),O=S(=O)(c1ccc2cccnc2c1)n1cc(C2=CCNCC2)c2cc(Cl)ccc21,False,False,False
51314257,Clc1ccc2n(cc(C3=CCNCC3)c2c1)S(=O)(=O)c1ccc2cccnc2c1,7322.0,Ki (nM),O=S(=O)(c1ccc2cccnc2c1)n1cc(C2=CCNCC2)c2cc(Cl)ccc21,False,False,False
51616682,CCC(Oc1cc(F)ccc1C(F)(F)F)c1nc(N)nc(N2CCN(C)CC2)n1,7330.0,Ki (nM),CCC(Oc1cc(F)ccc1C(F)(F)F)c1nc(N)nc(N2CCN(C)CC2)n1,False,False,False
51543667,CN1CCN(CC1)c1nc(N)nc(CCC[Se]c2ccccc2)n1,7376.0,Ki (nM),CN1CCN(c2nc(N)nc(CCC[Se]c3ccccc3)n2)CC1,False,False,False
51117100,Oc1ccccc1C1=NC(Cc2c[nH]cn2)CS1,7400.0,Ki (nM),Oc1ccccc1C1=NC(Cc2c[nH]cn2)CS1,False,False,False
51543681,CN1CCN(CC1)c1nc(N)nc(CCC[Se]Cc2ccccc2)n1,7450.0,Ki (nM),CN1CCN(c2nc(N)nc(CCC[Se]Cc3ccccc3)n2)CC1,False,False,False
170664,c1ccc2c(c1)C(=O)N(C(=O)N2)CCN3CCC(CC3)C(=O)c4ccc(cc4)F,7500.0,Ki (nM),O=C(c1ccc(F)cc1)C1CCN(CCn2c(=O)[nH]c3ccccc3c2=O)CC1,False,False,False
50376757,COc1ccc2[nH]c3c(CCN=C3c3cc(cn3C)[N+]([O-])=O)c2c1,7800.0,Ki (nM),COc1ccc2[nH]c3c(c2c1)CCN=C3c1cc([N+](=O)[O-])cn1C,False,False,False
51283666,Cc1cc(Oc2nccc3occc23)ccc1-c1c(C)ncc2nccn12,7800.0,Ki (nM),Cc1cc(Oc2nccc3occc23)ccc1-c1c(C)ncc2nccn12,False,False,False
51314156,COc1ccc2n(cc(C3=CCNCC3)c2c1)S(=O)(=O)c1cncc2ccccc12,7832.0,Ki (nM),COc1ccc2c(c1)c(C1=CCNCC1)cn2S(=O)(=O)c1cncc2ccccc12,False,False,False
51314165,COc1ccc2n(cc(C3=CCNCC3)c2c1)S(=O)(=O)c1cncc2ccccc12,7832.0,Ki (nM),COc1ccc2c(c1)c(C1=CCNCC1)cn2S(=O)(=O)c1cncc2ccccc12,False,False,False
51470912,COc1ccccc1N1CCN(CC1)c1nc(N)nc(NCCc2c[nH]c3ccccc23)n1,7872.0,Ki (nM),COc1ccccc1N1CCN(c2nc(N)nc(NCCc3c[nH]c4ccccc34)n2)CC1,False,False,False
51543674,CCC([Se]c1cccc2ccccc12)c1nc(N)nc(n1)N1CCN(C)CC1,7874.0,Ki (nM),CCC([Se]c1cccc2ccccc12)c1nc(N)nc(N2CCN(C)CC2)n1,False,False,False
51410650,CN1CCN(CC1)c1nc(N)nc(CCCOc2cc(Cl)ccc2Cl)n1,7924.0,Ki (nM),CN1CCN(c2nc(N)nc(CCCOc3cc(Cl)ccc3Cl)n2)CC1,False,False,False
50584049,Cc1c(sc2ccc(Cl)cc12)S(=O)(=O)Nc1ccc2nccc(N3CCNCC3)c2c1,,Ki (nM),Cc1c(S(=O)(=O)Nc2ccc3nccc(N4CCNCC4)c3c2)sc2ccc(Cl)cc12,False,False,False
50584752,COc1ccc(NS(=O)(=O)c2sc3ccc(Cl)cc3c2C)cc1N1CCN2CCCCC2C1,,Ki (nM),COc1ccc(NS(=O)(=O)c2sc3ccc(Cl)cc3c2C)cc1N1CCN2CCCCC2C1,False,False,False
174154,c1ccc2c(c1)C(=O)N(C(=O)N2)CCN3CCC(CC3)C(=O)c4ccc(cc4)F,7943.28,Ki (nM),O=C(c1ccc(F)cc1)C1CCN(CCn2c(=O)[nH]c3ccccc3c2=O)CC1,False,False,False
51376131,CN(CC#C)Cc1ccc(OCCCCCN2CCN(CC2)c2cccc3n(ccc23)S(=O)(=O)c2ccccc2)cc1,7996.0,Ki (nM),C#CCN(C)Cc1ccc(OCCCCCN2CCN(c3cccc4c3ccn4S(=O)(=O)c3ccccc3)CC2)cc1,False,False,False
51100507,COc1cc(CNCCC2=CCCCC2)ccc1OCc1ccccc1,8000.0,Ki (nM),COc1cc(CNCCC2=CCCCC2)ccc1OCc1ccccc1,False,False,False
50812795,CN1CCN2C(C1)c1ccccc1Cc1ccccc21,8010.0,Ki (nM),CN1CCN2c3ccccc3Cc3ccccc3C2C1,False,False,False
38663,[O-][n+]1ccccc1N1CCN(CCCCCC(=O)NC2CCCc3ccccc23)CC1,8027.0,Ki (nM),O=C(CCCCCN1CCN(c2cccc[n+]2[O-])CC1)NC1CCCc2ccccc21,False,False,False
51283442,Cc1ncc2nccn2c1-c1ccc(Oc2nccc3occc23)cc1C(F)(F)F,8100.0,Ki (nM),Cc1ncc2nccn2c1-c1ccc(Oc2nccc3occc23)cc1C(F)(F)F,False,False,False
51614682,CCC(Oc1ccccc1)c1nc(N)nc(N2CCNCC2)n1,8155.0,Ki (nM),CCC(Oc1ccccc1)c1nc(N)nc(N2CCNCC2)n1,False,False,False
38658,Nc1ccccc1N1CCN(CCCCCC(=O)NC2CCCc3ccccc23)CC1,8178.0,Ki (nM),Nc1ccccc1N1CCN(CCCCCC(=O)NC2CCCc3ccccc32)CC1,False,False,False
51264583,CC(Oc1cccc(Cl)c1)c1nc(N)nc(n1)N1CCN(C)CC1,8361.0,Ki (nM),CC(Oc1cccc(Cl)c1)c1nc(N)nc(N2CCN(C)CC2)n1,False,False,False
51100514,CC(NCCC(c1ccco1)c1ccc(C)cc1)c1ccc(Cl)cc1,8400.0,Ki (nM),Cc1ccc(C(CCNC(C)c2ccc(Cl)cc2)c2ccco2)cc1,False,False,False
51256068,CCC(=O)Nc1nc(C)c([nH]1)-c1cn(c2ccc(F)cc12)S(=O)(=O)c1ccccc1,8511.0,Ki (nM),CCC(=O)Nc1nc(C)c(-c2cn(S(=O)(=O)c3ccccc3)c3ccc(F)cc23)[nH]1,False,False,False
51410645,CN1CCN(CC1)c1nc(N)nc(CCCOc2cccc(Cl)c2Cl)n1,8592.0,Ki (nM),CN1CCN(c2nc(N)nc(CCCOc3cccc(Cl)c3Cl)n2)CC1,False,False,False
51410647,CCC(Oc1cc(Cl)ccc1Cl)c1nc(N)nc(n1)N1CCN(C)CC1,8592.0,Ki (nM),CCC(Oc1cc(Cl)ccc1Cl)c1nc(N)nc(N2CCN(C)CC2)n1,False,False,False
792512,Cc1cc(Oc2cc(Cl)ccc2O[C@H]2CCNC2)ccc1F,8600.0,Ki (nM),Cc1cc(Oc2cc(Cl)ccc2O[C@H]2CCNC2)ccc1F,False,False,False
51614680,CCCC(Sc1cc(Cl)cc(Cl)c1)c1nc(N)nc(N2CCN(C)CC2)n1,8629.0,Ki (nM),CCCC(Sc1cc(Cl)cc(Cl)c1)c1nc(N)nc(N2CCN(C)CC2)n1,False,False,False
51230228,FC(F)C(F)(F)COc1cccc(CNCCc2c[nH]c3cc(F)ccc23)c1,8635.0,Ki (nM),Fc1ccc2c(CCNCc3cccc(OCC(F)(F)C(F)F)c3)c[nH]c2c1,False,False,False
51616691,CCC(Oc1cccc(F)c1Cl)c1nc(N)nc(N2CCN(C)CC2)n1,8684.0,Ki (nM),CCC(Oc1cccc(F)c1Cl)c1nc(N)nc(N2CCN(C)CC2)n1,False,False,False
51024656,CCc1nc2c(ccnc2n1Cc1cccc(Cl)c1)N1CCNCC1,8748.0,Ki (nM),CCc1nc2c(N3CCNCC3)ccnc2n1Cc1cccc(Cl)c1,False,False,False
51543680,CCC([Se]Cc1ccccc1)c1nc(N)nc(n1)N1CCN(C)CC1,8752.0,Ki (nM),CCC([Se]Cc1ccccc1)c1nc(N)nc(N2CCN(C)CC2)n1,False,False,False
51543673,CC([Se]c1cccc2ccccc12)c1nc(N)nc(n1)N1CCN(C)CC1,8962.0,Ki (nM),CC([Se]c1cccc2ccccc12)c1nc(N)nc(N2CCN(C)CC2)n1,False,False,False
792072,CS(=O)(=O)c1cc(Cl)ccc1COc1ccc(Cl)cc1OC1CNC1,8999.0,Ki (nM),CS(=O)(=O)c1cc(Cl)ccc1COc1ccc(Cl)cc1OC1CNC1,False,False,False
792405,CC(C)C1(CNC1)Oc1cc(Br)ccc1OCc1cccc(Cl)c1,8999.0,Ki (nM),CC(C)C1(Oc2cc(Br)ccc2OCc2cccc(Cl)c2)CNC1,False,False,False
792401,CN(C)C(=O)c1ccc(OCc2cccc(Cl)c2)c(OC2CNC2)c1,8999.0,Ki (nM),CN(C)C(=O)c1ccc(OCc2cccc(Cl)c2)c(OC2CNC2)c1,False,False,False
792099,OC(=O)c1cc(COc2ccc(Cl)cc2OC2CNC2)oc1C(F)(F)F,8999.0,Ki (nM),O=C(O)c1cc(COc2ccc(Cl)cc2OC2CNC2)oc1C(F)(F)F,False,False,False
51256153,Cc1nc(N)[nH]c1-c1cn(c2ccccc12)S(=O)(=O)c1ccccc1,9120.0,Ki (nM),Cc1nc(N)[nH]c1-c1cn(S(=O)(=O)c2ccccc2)c2ccccc12,False,False,False
51264579,CN1CCN(CC1)c1nc(N)nc(COc2ccccc2Cl)n1,9247.0,Ki (nM),CN1CCN(c2nc(N)nc(COc3ccccc3Cl)n2)CC1,False,False,False
160265,c1cc(ccc1C(=O)CCCN2CCC(CC2)(c3ccc(cc3)Cl)O)F,9332.54,Ki (nM),O=C(CCCN1CCC(O)(c2ccc(Cl)cc2)CC1)c1ccc(F)cc1,False,False,False
51614659,CC(Oc1cc(Cl)cc(Cl)c1)c1nc(N)nc(n1)N1CCN(C)CC1,9398.0,Ki (nM),CC(Oc1cc(Cl)cc(Cl)c1)c1nc(N)nc(N2CCN(C)CC2)n1,False,False,False
51410654,CC(Oc1cc(Cl)cc(Cl)c1)c1nc(N)nc(n1)N1CCN(C)CC1,9398.0,Ki (nM),CC(Oc1cc(Cl)cc(Cl)c1)c1nc(N)nc(N2CCN(C)CC2)n1,False,False,False
51614663,CCC(Oc1cc(Cl)cc(Cl)c1)c1nc(N)nc(n1)N1CCN(C)CC1,9483.0,Ki (nM),CCC(Oc1cc(Cl)cc(Cl)c1)c1nc(N)nc(N2CCN(C)CC2)n1,False,False,False
51410655,CCC(Oc1cc(Cl)cc(Cl)c1)c1nc(N)nc(n1)N1CCN(C)CC1,9483.0,Ki (nM),CCC(Oc1cc(Cl)cc(Cl)c1)c1nc(N)nc(N2CCN(C)CC2)n1,False,False,False
51264534,CN1CCN(CC1)c1nc(N)nc(COc2ccccc2)n1,9531.0,Ki (nM),CN1CCN(c2nc(N)nc(COc3ccccc3)n2)CC1,False,False,False
50305833,Cc1ccc(Nc2c(cnc3ccc(Cl)cc23)S(=O)(=O)c2ccccc2)cc1,9566.0,Ki (nM),Cc1ccc(Nc2c(S(=O)(=O)c3ccccc3)cnc3ccc(Cl)cc23)cc1,False,False,False
51616689,CC(Oc1cccc(Cl)c1F)c1nc(N)nc(N2CCN(C)CC2)n1,9743.0,Ki (nM),CC(Oc1cccc(Cl)c1F)c1nc(N)nc(N2CCN(C)CC2)n1,False,False,False
51230306,COc1ccc2[nH]cc(CCNCc3ccc(o3)-c3cnc4ccccc4c3)c2c1,9855.0,Ki (nM),COc1ccc2[nH]cc(CCNCc3ccc(-c4cnc5ccccc5c4)o3)c2c1,False,False,False
51256074,COc1ccc2n(cc(-c3[nH]c4cccc[n+]4c3C)c2c1)S(=O)(=O)c1ccccc1,,Ki (nM),COc1ccc2c(c1)c(-c1[nH]c3cccc[n+]3c1C)cn2S(=O)(=O)c1ccccc1,False,False,False
51256075,COc1ccc2n(cc(-c3[nH]c4nccc[n+]4c3C)c2c1)S(=O)(=O)c1ccccc1,,Ki (nM),COc1ccc2c(c1)c(-c1[nH]c3nccc[n+]3c1C)cn2S(=O)(=O)c1ccccc1,False,False,False
51256072,CC(=O)N1CCn2c1nc(C)c2-c1cn(c2ccccc12)S(=O)(=O)c1ccccc1,,Ki (nM),CC(=O)N1CCn2c1nc(C)c2-c1cn(S(=O)(=O)c2ccccc2)c2ccccc12,False,False,False
51256073,CC(=O)N1CCCn2c1nc(C)c2-c1cn(c2ccccc12)S(=O)(=O)c1ccccc1,,Ki (nM),CC(=O)N1CCCn2c1nc(C)c2-c1cn(S(=O)(=O)c2ccccc2)c2ccccc12,False,False,False
51256070,CCC(=O)Nc1nc(C)c([nH]1)-c1cn(c2ccc(OC)cc12)S(=O)(=O)c1cccc(F)c1,,Ki (nM),CCC(=O)Nc1nc(C)c(-c2cn(S(=O)(=O)c3cccc(F)c3)c3ccc(OC)cc23)[nH]1,False,False,False
51256071,COc1ccc2n(cc(-c3[nH]c(NC(C)=O)nc3C)c2c1)S(=O)(=O)c1ccc2ccccc2c1,,Ki (nM),COc1ccc2c(c1)c(-c1[nH]c(NC(C)=O)nc1C)cn2S(=O)(=O)c1ccc2ccccc2c1,False,False,False
154123,NCC(O)c1ccc(O)c(O)c1,,Ki (nM),NCC(O)c1ccc(O)c(O)c1,False,False,False
51256069,COc1ccc2n(cc(-c3[nH]c(NC(C)=O)nc3C)c2c1)S(=O)(=O)c1cccc(F)c1,,Ki (nM),COc1ccc2c(c1)c(-c1[nH]c(NC(C)=O)nc1C)cn2S(=O)(=O)c1cccc(F)c1,False,False,False
50319603,COc1ccc(NC(=O)N2CCN(CC2)c2ccc(cc2)-c2ccccc2)cc1N1CCN(C)CC1,,Ki (nM),COc1ccc(NC(=O)N2CCN(c3ccc(-c4ccccc4)cc3)CC2)cc1N1CCN(C)CC1,False,False,False
51256066,CCc1nc(NC(C)=O)[nH]c1-c1cn(c2ccc(OC)cc12)S(=O)(=O)c1ccccc1,,Ki (nM),CCc1nc(NC(C)=O)[nH]c1-c1cn(S(=O)(=O)c2ccccc2)c2ccc(OC)cc12,False,False,False
51256067,COc1ccc2n(cc(-c3[nH]c(NC(=O)Cc4ccccc4)nc3C)c2c1)S(=O)(=O)c1ccccc1,,Ki (nM),COc1ccc2c(c1)c(-c1[nH]c(NC(=O)Cc3ccccc3)nc1C)cn2S(=O)(=O)c1ccccc1,False,False,False
51366657,Fc1ccc(CCCCN2CCN(CC2)c2ccc(cn2)-c2ccccc2)cc1,,Ki (nM),Fc1ccc(CCCCN2CCN(c3ccc(-c4ccccc4)cn3)CC2)cc1,False,False,False
50319601,COc1ccc(NC(=O)N2CCN(CC2)c2ccc(F)cc2)cc1N1CCN(C)CC1,,Ki (nM),COc1ccc(NC(=O)N2CCN(c3ccc(F)cc3)CC2)cc1N1CCN(C)CC1,False,False,False
51256064,CC(=O)Nc1ncc([nH]1)-c1cn(c2ccccc12)S(=O)(=O)c1ccccc1,,Ki (nM),CC(=O)Nc1ncc(-c2cn(S(=O)(=O)c3ccccc3)c3ccccc23)[nH]1,False,False,False
51256065,CCc1nc(NC(C)=O)[nH]c1-c1cn(c2ccccc12)S(=O)(=O)c1ccccc1,,Ki (nM),CCc1nc(NC(C)=O)[nH]c1-c1cn(S(=O)(=O)c2ccccc2)c2ccccc12,False,False,False
1465857,CNC(C)Cc1ccc2c(c1)OCO2,,Ki (nM),CNC(C)Cc1ccc2c(c1)OCO2,False,False,False
51452682,CC[C@@H]1CN2CCc3c([nH]c4cccc(OC)c34)[C@@H]2C[C@@H]1\C(=C/OC)C(=O)OC,10000.0,Ki (nM),CC[C@@H]1CN2CCc3c([nH]c4cccc(OC)c34)[C@@H]2C[C@@H]1/C(=C\OC)C(=O)OC,False,False,False
51366673,Fc1ccc(CCCCN2CCN(CC2)c2ccc(cn2)-c2ccccc2)cc1,,Ki (nM),Fc1ccc(CCCCN2CCN(c3ccc(-c4ccccc4)cn3)CC2)cc1,False,False,False
1465910,COc1cc(CCN)cc(OC)c1OC,,Ki (nM),COc1cc(CCN)cc(OC)c1OC,False,False,False
160291,CC(C)NCC(O)COc1cccc2[nH]ccc12,,Ki (nM),CC(C)NCC(O)COc1cccc2[nH]ccc12,False,False,False
792109,Cc1nc(ccc1COc1ccc(Cl)cc1OC1CNC1)C(F)(F)F,,Ki (nM),Cc1nc(C(F)(F)F)ccc1COc1ccc(Cl)cc1OC1CNC1,False,False,False
160295,CN1CCN(CC1)CCCN2c3ccccc3Sc4c2cc(cc4)Cl,,Ki (nM),CN1CCN(CCCN2c3ccccc3Sc3ccc(Cl)cc32)CC1,False,False,False
160292,CC(C)NCC(O)COc1cccc2[nH]ccc12,,Ki (nM),CC(C)NCC(O)COc1cccc2[nH]ccc12,False,False,False
160296,CN1CCN(CC1)CCCN2c3ccccc3Sc4c2cc(cc4)Cl,,Ki (nM),CN1CCN(CCCN2c3ccccc3Sc3ccc(Cl)cc32)CC1,False,False,False
160303,CN1CCN(CC1)CCCN2c3ccccc3Sc4c2cc(cc4)C(F)(F)F,,Ki (nM),CN1CCN(CCCN2c3ccccc3Sc3ccc(C(F)(F)F)cc32)CC1,False,False,False
51256125,CC(=O)Nc1nc(C)c([nH]1)-c1cn(c2ccccc12)S(=O)(=O)c1ccccc1,,Ki (nM),CC(=O)Nc1nc(C)c(-c2cn(S(=O)(=O)c3ccccc3)c3ccccc23)[nH]1,False,False,False
51116861,CCCCCCCCOc1ccc(cc1)C1=N[C@@H](CO)[C@H](C)S1,,Ki (nM),CCCCCCCCOc1ccc(C2=N[C@@H](CO)[C@H](C)S2)cc1,False,False,False
50601778,CCCCN1CCC(COC(=O)c2cc(F)c(N)c3OCCOc23)CC1,,Ki (nM),CCCCN1CCC(COC(=O)c2cc(F)c(N)c3c2OCCO3)CC1,False,False,False
51116860,COC(=O)[C@H](Cc1cnc[nH]1)NC(=O)[C@@H]1N=C(S[C@@H]1C)c1ccccc1O,,Ki (nM),COC(=O)[C@H](Cc1cnc[nH]1)NC(=O)[C@@H]1N=C(c2ccccc2O)S[C@@H]1C,False,False,False
282685,Cc1cc(C#N)c(OC2CNC2)cc1-c1ccccc1,10000.0,Ki (nM),Cc1cc(C#N)c(OC2CNC2)cc1-c1ccccc1,False,False,False
1466923,COc1cc(OC)c(OC)cc1CC(C)N,,Ki (nM),COc1cc(OC)c(OC)cc1CC(C)N,False,False,False
282683,N#Cc1ccc(cc1OC1CNC1)-c1ccccc1,10000.0,Ki (nM),N#Cc1ccc(-c2ccccc2)cc1OC1CNC1,False,False,False
50551623,CN(C)CCc1nncc(n1)-c1c(C)cccc1C,,Ki (nM),Cc1cccc(C)c1-c1cnnc(CCN(C)C)n1,False,False,False
50551622,CN(C)CCc1nncc(n1)-c1ccccc1,,Ki (nM),CN(C)CCc1nncc(-c2ccccc2)n1,False,False,False
282690,CC(C)Oc1ccc(cc1OC1CNC1)-c1ccccc1C,10000.0,Ki (nM),Cc1ccccc1-c1ccc(OC(C)C)c(OC2CNC2)c1,False,False,False
51256132,CCC(=O)Nc1nc(C)c([nH]1)-c1cn(c2ccccc12)S(=O)(=O)c1cccc2ccccc12,,Ki (nM),CCC(=O)Nc1nc(C)c(-c2cn(S(=O)(=O)c3cccc4ccccc34)c3ccccc23)[nH]1,False,False,False
50551624,COc1cccc(OC)c1-c1cnnc(CCN(C)C)n1,,Ki (nM),COc1cccc(OC)c1-c1cnnc(CCN(C)C)n1,False,False,False
51256131,CC(=O)Nc1nc(C)c([nH]1)-c1c(C)n(c2ccccc12)S(=O)(=O)c1ccccc1,,Ki (nM),CC(=O)Nc1nc(C)c(-c2c(C)n(S(=O)(=O)c3ccccc3)c3ccccc23)[nH]1,False,False,False
51256158,COc1ccc2n(cc(-c3[nH]c(NC(C)=O)nc3C)c2c1)S(=O)(=O)c1cccc2ccccc12,,Ki (nM),COc1ccc2c(c1)c(-c1[nH]c(NC(C)=O)nc1C)cn2S(=O)(=O)c1cccc2ccccc12,False,False,False
51256159,COc1ccc2n(cc(-c3nc4NCCCn4c3C)c2c1)S(=O)(=O)c1ccccc1,,Ki (nM),COc1ccc2c(c1)c(-c1nc3n(c1C)CCCN3)cn2S(=O)(=O)c1ccccc1,False,False,False
51256156,COc1ccc2n(cc(-c3[nH]c(NC(C)=O)nc3C)c2c1)S(=O)(=O)c1ccccc1,,Ki (nM),COc1ccc2c(c1)c(-c1[nH]c(NC(C)=O)nc1C)cn2S(=O)(=O)c1ccccc1,False,False,False
51256157,COc1ccc2n(cc(-c3cnc(NC(C)=O)[nH]3)c2c1)S(=O)(=O)c1cccc(F)c1,,Ki (nM),COc1ccc2c(c1)c(-c1cnc(NC(C)=O)[nH]1)cn2S(=O)(=O)c1cccc(F)c1,False,False,False
50551639,CN(C)C1COc2cc(ccc2C1)-c1c(C)cccc1C,,Ki (nM),Cc1cccc(C)c1-c1ccc2c(c1)OCC(N(C)C)C2,False,False,False
51256154,CCc1nc(N)[nH]c1-c1cn(c2ccc(OC)cc12)S(=O)(=O)c1ccccc1,,Ki (nM),CCc1nc(N)[nH]c1-c1cn(S(=O)(=O)c2ccccc2)c2ccc(OC)cc12,False,False,False
51256155,Nc1ncc([nH]1)-c1cccc2n(ccc12)S(=O)(=O)c1ccccc1,,Ki (nM),Nc1ncc(-c2cccc3c2ccn3S(=O)(=O)c2ccccc2)[nH]1,False,False,False
50921310,Fc1nc(cs1)C#Cc1cc(F)cc(c1)C#N,,Ki (nM),N#Cc1cc(F)cc(C#Cc2csc(F)n2)c1,False,False,False
51337070,CN(C)[C@@H]1CCc2c(C1)cccc2-c1cc(cc(c1)C(F)(F)F)C(F)(F)F,,Ki (nM),CN(C)[C@@H]1CCc2c(cccc2-c2cc(C(F)(F)F)cc(C(F)(F)F)c2)C1,False,False,False
51116897,CCCCCCOc1ccc(cc1)C1=N[C@@H](CO)[C@H](C)S1,,Ki (nM),CCCCCCOc1ccc(C2=N[C@@H](CO)[C@H](C)S2)cc1,False,False,False
51116896,Oc1ccccc1C1=N[C@@H]2CCC[C@@H]2S1,,Ki (nM),Oc1ccccc1C1=N[C@@H]2CCC[C@@H]2S1,False,False,False
51256182,CCC(=O)Nc1nc(C)c([nH]1)-c1cn(c2ccc(OC)cc12)S(=O)(=O)c1ccc2ccccc2c1,,Ki (nM),CCC(=O)Nc1nc(C)c(-c2cn(S(=O)(=O)c3ccc4ccccc4c3)c3ccc(OC)cc23)[nH]1,False,False,False
189564,COc1ccccc1N1CCN(CCN(C(=O)C2CCCCC2)c2ccccn2)CC1,,Ki (nM),COc1ccccc1N1CCN(CCN(C(=O)C2CCCCC2)c2ccccn2)CC1,False,False,False
50533249,CN1CC[C@H]2CC(=O)[C@H](Cc3ccccc3)[C@H]3CCC[C@@H]1[C@H]23,,Ki (nM),CN1CC[C@H]2CC(=O)[C@H](Cc3ccccc3)[C@H]3CCC[C@@H]1[C@H]23,False,False,False
50363785,NC(N)=NCCC[C@@H]1NC(=O)C(NC1=O)=Cc1c[nH]c2cc(Br)ccc12,,Ki (nM),NC(N)=NCCC[C@@H]1NC(=O)C(=Cc2c[nH]c3cc(Br)ccc23)NC1=O,False,False,False
50688911,Cc1c(CO)oc2cccc3n(cc1c23)S(=O)(=O)c1ccccc1,,Ki (nM),CC1=C(CO)Oc2cccc3c2c1cn3S(=O)(=O)c1ccccc1,False,False,False
50688910,Cc1c(CO)oc2cccc3n(cc1c23)S(=O)(=O)c1cccc2ccccc12,,Ki (nM),CC1=C(CO)Oc2cccc3c2c1cn3S(=O)(=O)c1cccc2ccccc12,False,False,False
51442076,CCCN(CCC)Cc1ccc(Cl)c(c1)-c1ccccc1OC,,Ki (nM),CCCN(CCC)Cc1ccc(Cl)c(-c2ccccc2OC)c1,False,False,False
51256193,COc1ccc2n(cc(-c3cnc(NC(C)=O)[nH]3)c2c1)S(=O)(=O)c1ccccc1,,Ki (nM),COc1ccc2c(c1)c(-c1cnc(NC(C)=O)[nH]1)cn2S(=O)(=O)c1ccccc1,False,False,False
50688916,O=S(=O)(c1cccc2ccccc12)n1cc2cc(oc3cccc1c23)C#N,,Ki (nM),N#CC1=Cc2cn(S(=O)(=O)c3cccc4ccccc34)c3cccc(c23)O1,False,False,False
50984859,CN1CCN(CCCCN2c3cccc4cccc(c34)S2(=O)=O)CC1,,Ki (nM),CN1CCN(CCCCN2c3cccc4cccc(c34)S2(=O)=O)CC1,False,False,False
50688913,CCN(CC)Cc1cc2cn(c3cccc(o1)c23)S(=O)(=O)c1ccccc1,,Ki (nM),CCN(CC)CC1=Cc2cn(S(=O)(=O)c3ccccc3)c3cccc(c23)O1,False,False,False
50688912,OCc1cc2cn(c3cccc(o1)c23)S(=O)(=O)c1ccccc1,,Ki (nM),O=S(=O)(c1ccccc1)n1cc2c3c(cccc31)OC(CO)=C2,False,False,False
50180200,C(N1CCN(CC1)c1ccc(cc1)-c1ccccc1)c1c[nH]c2ncccc12,,Ki (nM),c1ccc(-c2ccc(N3CCN(Cc4c[nH]c5ncccc45)CC3)cc2)cc1,False,False,False
50688915,O=Cc1cc2cn(c3cccc(o1)c23)S(=O)(=O)c1cccc2ccccc12,,Ki (nM),O=CC1=Cc2cn(S(=O)(=O)c3cccc4ccccc34)c3cccc(c23)O1,False,False,False
50984862,C[C@@H](CCN1CCC[C@H](C)C1)N(C)S(=O)(=O)c1cccc2ccccc12,10000.0,Ki (nM),C[C@H]1CCCN(CC[C@H](C)N(C)S(=O)(=O)c2cccc3ccccc23)C1,False,False,False
50984848,CC1CCN(CCCCCN2c3cccc4cccc(c34)S2(=O)=O)CC1,,Ki (nM),CC1CCN(CCCCCN2c3cccc4cccc(c34)S2(=O)=O)CC1,False,False,False
186521,C[C@@H](Cc1ccc2c(c1)OCO2)NC,,Ki (nM),CN[C@@H](C)Cc1ccc2c(c1)OCO2,False,False,False
50363803,NC(N)=NCCC[C@@H]1NC(=O)[C@H](Cc2c[nH]c3cc(Br)ccc23)NC1=O,,Ki (nM),NC(N)=NCCC[C@@H]1NC(=O)[C@H](Cc2c[nH]c3cc(Br)ccc23)NC1=O,False,False,False
50456483,C=CCN(CCc1c[nH]c2ccccc12)CC=C,,Ki (nM),C=CCN(CC=C)CCc1c[nH]c2ccccc12,False,False,False
170656,CC(C)(C)NCC(O)COc1cccc2[nH]c(cc12)C#N,,Ki (nM),CC(C)(C)NCC(O)COc1cccc2[nH]c(C#N)cc12,False,False,False
170662,NCCc1cnc[nH]1,,Ki (nM),NCCc1cnc[nH]1,False,False,False
170660,c1cc(c(cc1CCN)O)O,,Ki (nM),NCCc1ccc(O)c(O)c1,False,False,False
170668,CCN(CC)CCNC(=O)c1cc(Cl)c(N)cc1OC,,Ki (nM),CCN(CC)CCNC(=O)c1cc(Cl)c(N)cc1OC,False,False,False
50984870,O=S1(=O)N(CCCCN2CCCCC2)c2cccc3cccc1c23,,Ki (nM),O=S1(=O)c2cccc3cccc(c23)N1CCCCN1CCCCC1,False,False,False
51116987,C[C@@H]1SC(=N[C@H]1CO)c1c[nH]c2ccccc12,,Ki (nM),C[C@@H]1SC(c2c[nH]c3ccccc23)=N[C@H]1CO,False,False,False
51116986,CNc1ccccc1C1=N[C@@H](CO)[C@H](C)S1,,Ki (nM),CNc1ccccc1C1=N[C@@H](CO)[C@H](C)S1,False,False,False
51116985,C[C@@H]1SC(=N[C@H]1CO)c1ccccc1,,Ki (nM),C[C@@H]1SC(c2ccccc2)=N[C@H]1CO,False,False,False
51116984,Oc1ccccc1C1=NC(Cc2c[nH]cn2)C(S1)c1ccccc1,,Ki (nM),Oc1ccccc1C1=NC(Cc2c[nH]cn2)C(c2ccccc2)S1,False,False,False
51116990,C[C@@H]1SC(=N[C@H]1Cc1c[nH]cn1)c1ccccc1,,Ki (nM),C[C@@H]1SC(c2ccccc2)=N[C@H]1Cc1c[nH]cn1,False,False,False
51116989,CCCCOc1ccc(cc1)C1=N[C@@H](CO)[C@H](C)S1,,Ki (nM),CCCCOc1ccc(C2=N[C@@H](CO)[C@H](C)S2)cc1,False,False,False
51116988,C[C@@H]1SC(=N[C@H]1CO)c1ccco1,,Ki (nM),C[C@@H]1SC(c2ccco2)=N[C@H]1CO,False,False,False
50984881,O=C1Nc2cccc3CCCC1(CCCCN1CCN(CC1)C1CCCCC1)c23,10000.0,Ki (nM),O=C1Nc2cccc3c2C1(CCCCN1CCN(C2CCCCC2)CC1)CCC3,False,False,False
50984880,O=C1N(CCCCN2CCCCC2)c2cccc3cccc1c23,,Ki (nM),O=C1c2cccc3cccc(c23)N1CCCCN1CCCCC1,False,False,False
50984885,CN1CCN(CCCCN2C(=O)c3cccc4cccc2c34)CC1,,Ki (nM),CN1CCN(CCCCN2C(=O)c3cccc4cccc2c34)CC1,False,False,False
792240,OC(=O)C(Oc1ccc(Cl)cc1OC1CNC1)c1ccccc1,,Ki (nM),O=C(O)C(Oc1ccc(Cl)cc1OC1CNC1)c1ccccc1,False,False,False
50984884,CC1CCN(CCCCN2c3cccc4cccc(c34)S2(=O)=O)CC1,,Ki (nM),CC1CCN(CCCCN2c3cccc4cccc(c34)S2(=O)=O)CC1,False,False,False
50653126,COc1ccc(cc1)N1CCN(CCCCn2cnc3c4ccccc4ncc3c2=O)CC1,,Ki (nM),COc1ccc(N2CCN(CCCCn3cnc4c(cnc5ccccc54)c3=O)CC2)cc1,False,False,False
50064952,Nc1ccc(cc1)S(=O)(=O)c1cc(Br)nc(c1)N1CCNCC1,,Ki (nM),Nc1ccc(S(=O)(=O)c2cc(Br)nc(N3CCNCC3)c2)cc1,False,False,False
50064959,CNc1cc(cc(Br)n1)S(=O)(=O)c1ccc(N)cc1,,Ki (nM),CNc1cc(S(=O)(=O)c2ccc(N)cc2)cc(Br)n1,False,False,False
50688972,OCc1cc2cn(c3cccc(o1)c23)S(=O)(=O)c1cccc2ccccc12,,Ki (nM),O=S(=O)(c1cccc2ccccc12)n1cc2c3c(cccc31)OC(CO)=C2,False,False,False
51175873,OC(=O)CCCCCN1CCC(CNC(=O)c2c3OCCCn3c3ccccc23)CC1,,Ki (nM),O=C(O)CCCCCN1CCC(CNC(=O)c2c3n(c4ccccc24)CCCO3)CC1,False,False,False
50064948,CNc1cc(NS(=O)(=O)c2ccc(N)cc2)nc(NC)n1,,Ki (nM),CNc1cc(NS(=O)(=O)c2ccc(N)cc2)nc(NC)n1,False,False,False
50584017,CC(C)(C)c1ccc(cc1)S(=O)(=O)Nc1ccc2nccc(N3CCNCC3)c2c1,,Ki (nM),CC(C)(C)c1ccc(S(=O)(=O)Nc2ccc3nccc(N4CCNCC4)c3c2)cc1,False,False,False
336592,Cc1ncccc1OC[C@H]1CN(CCN2CCc3ccccc23)CCO1 |r|,,Ki (nM),Cc1ncccc1OC[C@H]1CN(CCN2CCc3ccccc32)CCO1,False,False,False
50407391,CC1(C(=O)Nc2cc(Cl)cc(Cl)c2C1=O)c1ccccc1,,Ki (nM),CC1(c2ccccc2)C(=O)Nc2cc(Cl)cc(Cl)c2C1=O,False,False,False
50584028,O=S(=O)(Nc1ccc2nccc(N3CCNCC3)c2c1)c1ccc(cc1)-c1ccccc1,,Ki (nM),O=S(=O)(Nc1ccc2nccc(N3CCNCC3)c2c1)c1ccc(-c2ccccc2)cc1,False,False,False
50407397,CC1(C(=O)Nc2cc(Cl)cc(Cl)c2C1=O)c1ccc(O)cc1,,Ki (nM),CC1(c2ccc(O)cc2)C(=O)Nc2cc(Cl)cc(Cl)c2C1=O,False,False,False
51117039,NC(=O)C1CSC(=N1)c1ccccc1O,,Ki (nM),NC(=O)C1CSC(c2ccccc2O)=N1,False,False,False
51117038,NC(=O)c1csc(n1)-c1ccccc1O,,Ki (nM),NC(=O)c1csc(-c2ccccc2O)n1,False,False,False
51117036,C[C@@H]1SC(=N[C@@H]1CO)c1ccccc1O,,Ki (nM),C[C@@H]1SC(c2ccccc2O)=N[C@@H]1CO,False,False,False
50503659,O=C1NCN(c2ccccc2)C11CCN(CCCCc2c[nH]c3ccccc23)CC1,,Ki (nM),O=C1NCN(c2ccccc2)C12CCN(CCCCc1c[nH]c3ccccc13)CC2,False,False,False
51175904,COC(=O)CCCCCN1CCC(CNC(=O)c2c3OCCCn3c3ccccc23)CC1,,Ki (nM),COC(=O)CCCCCN1CCC(CNC(=O)c2c3n(c4ccccc24)CCCO3)CC1,False,False,False
50583535,CN(CC[C@@H](Oc1ccc(cc1)C(F)(F)F)c1ccccc1)CC([O-])=O,,Ki (nM),CN(CC[C@@H](Oc1ccc(C(F)(F)F)cc1)c1ccccc1)CC(=O)O,False,False,True
153846,c1ccccc1,,Ki (nM),c1ccccc1,False,False,False
51117040,Oc1ccccc1-c1nc(C=O)cs1,,Ki (nM),O=Cc1csc(-c2ccccc2O)n1,False,False,False
153856,c1cc(c(cc1CCN)O)O,,Ki (nM),NCCc1ccc(O)c(O)c1,False,False,False
51228676,CN(C)CCSc1nc2c3ccccc3sc2c(=O)[nH]1,,Ki (nM),CN(C)CCSc1nc2c(sc3ccccc32)c(=O)[nH]1,False,False,False
153867,C(CC(=O)O)CN,,Ki (nM),NCCCC(=O)O,False,False,False
50617357,FC(F)(F)Oc1ccc(cc1)-c1cn(Cc2ccccc2)c2CCNCc12,10000.0,Ki (nM),FC(F)(F)Oc1ccc(-c2cn(Cc3ccccc3)c3c2CNCC3)cc1,False,False,False
153870,C(C(=O)O)N,,Ki (nM),NCC(=O)O,False,False,False
153868,C(CC(=O)O)CN,,Ki (nM),NCCCC(=O)O,False,False,False
153869,C(C(=O)O)N,,Ki (nM),NCC(=O)O,False,False,False
153874,NC(CCC([O-])=O)C([O-])=O,,Ki (nM),NC(CCC(=O)O)C(=O)O,False,False,True
50617364,Clc1cccc(c1)-c1cn(Cc2ccccc2)c2CCNCc12,10000.0,Ki (nM),Clc1cccc(-c2cn(Cc3ccccc3)c3c2CNCC3)c1,False,False,False
51228700,NCCSc1nc2c3ccccc3sc2c(=O)[nH]1,,Ki (nM),NCCSc1nc2c(sc3ccccc32)c(=O)[nH]1,False,False,False
153872,CC(C)NCC(O)c1ccc(O)c(O)c1,,Ki (nM),CC(C)NCC(O)c1ccc(O)c(O)c1,False,False,False
153873,NC(CCC([O-])=O)C([O-])=O,,Ki (nM),NC(CCC(=O)O)C(=O)O,False,False,True
184087,COC(=O)[C@@H]1C[C@H](OC(C)=O)C(=O)[C@H]2[C@@]1(C)CC[C@H]1C(=O)O[C@@H](C[C@]21C)c1ccoc1 |r|,,Ki (nM),COC(=O)[C@@H]1C[C@H](OC(C)=O)C(=O)[C@H]2[C@@]1(C)CC[C@H]1C(=O)O[C@H](c3ccoc3)C[C@]21C,False,False,False
50180075,C=Cc1ccc(cc1)N1CCN(Cc2c[nH]c3ncccc23)CC1,,Ki (nM),C=Cc1ccc(N2CCN(Cc3c[nH]c4ncccc34)CC2)cc1,False,False,False
51228699,O=c1[nH]c(SCCN2CCCC2)nc2c3ccccc3sc12,,Ki (nM),O=c1[nH]c(SCCN2CCCC2)nc2c1sc1ccccc12,False,False,False
51117085,OC[C@@H]1CSC(=N1)c1ccccc1O,,Ki (nM),OC[C@@H]1CSC(c2ccccc2O)=N1,False,False,False
51126811,CN1CCN(CC1)C1=Nc2cc(Cl)ccc2Nc2ccccc12,,Ki (nM),CN1CCN(C2=Nc3cc(Cl)ccc3Nc3ccccc32)CC1,False,False,False
50407446,CC1(C(=O)Nc2cc(Cl)cc(Cl)c2C1=O)c1cccc(O)c1,,Ki (nM),CC1(c2cccc(O)c2)C(=O)Nc2cc(Cl)cc(Cl)c2C1=O,False,False,False
50617363,CC(C)(C)c1ccc(cc1)-c1cn(Cc2ccccc2)c2CCNCc12,10000.0,Ki (nM),CC(C)(C)c1ccc(-c2cn(Cc3ccccc3)c3c2CNCC3)cc1,False,False,False
153882,C=CCN1CC[C@]23c4c5ccc(c4O[C@H]2C(=O)CC[C@]3([C@H]1C5)O)O,,Ki (nM),C=CCN1CC[C@]23c4c5ccc(O)c4O[C@H]2C(=O)CC[C@@]3(O)[C@H]1C5,False,False,False
51117073,C[C@@H]1SC(=N[C@H]1[C@H]1SC[C@@](C)(N1C)C(O)=O)c1ccccc1O,,Ki (nM),C[C@@H]1SC(c2ccccc2O)=N[C@H]1[C@H]1SC[C@](C)(C(=O)O)N1C,False,False,False
153881,C=CCN1CC[C@]23c4c5ccc(c4O[C@H]2C(=O)CC[C@]3([C@H]1C5)O)O,,Ki (nM),C=CCN1CC[C@]23c4c5ccc(O)c4O[C@H]2C(=O)CC[C@@]3(O)[C@H]1C5,False,False,False
50216421,CN1CCN=C1Cc1cccnc1,,Ki (nM),CN1CCN=C1Cc1cccnc1,False,False,False
153886,NCC(O)c1ccc(O)c(O)c1,,Ki (nM),NCC(O)c1ccc(O)c(O)c1,False,False,False
50617368,Oc1ccc(cc1)-c1cn(Cc2ccccc2)c2CCNCc12,10000.0,Ki (nM),Oc1ccc(-c2cn(Cc3ccccc3)c3c2CNCC3)cc1,False,False,False
174879,CC(C)NCC(O)COc1cccc2[nH]ccc12,,Ki (nM),CC(C)NCC(O)COc1cccc2[nH]ccc12,False,False,False
51117077,C[C@@H]1SC(=N[C@H]1CO)c1cccs1,,Ki (nM),C[C@@H]1SC(c2cccs2)=N[C@H]1CO,False,False,False
153890,O=C1CCCN1CC#CCN1CCCC1,,Ki (nM),O=C1CCCN1CC#CCN1CCCC1,False,False,False
51228719,O=c1[nH]c(SCCN2CCCCC2)nc2c3ccccc3sc12,,Ki (nM),O=c1[nH]c(SCCN2CCCCC2)nc2c1sc1ccccc12,False,False,False
174881,COc1cc2c(cc1OC)nc(nc2N)N3CCN(CC3)C(=O)c4ccco4,,Ki (nM),COc1cc2nc(N3CCN(C(=O)c4ccco4)CC3)nc(N)c2cc1OC,False,False,False
153889,O=C1CCCN1CC#CCN1CCCC1,,Ki (nM),O=C1CCCN1CC#CCN1CCCC1,False,False,False
51158056,CC1CCN(CCCCCCN2c3cccc4cccc(c34)S2(=O)=O)CC1,,Ki (nM),CC1CCN(CCCCCCN2c3cccc4cccc(c34)S2(=O)=O)CC1,False,False,False
51117102,C[C@@H]1SC(=N[C@H]1CO)c1ccsc1,,Ki (nM),C[C@@H]1SC(c2ccsc2)=N[C@H]1CO,False,False,False
51117101,C[C@@H]1SC(=N[C@H]1CO)c1cc2ccccc2cc1O,,Ki (nM),C[C@@H]1SC(c2cc3ccccc3cc2O)=N[C@H]1CO,False,False,False
185642,N[C@H](CCS(O)=O)C(O)=O |r|,,Ki (nM),N[C@H](CCS(=O)O)C(=O)O,False,False,False
51158052,O=C1N(CCCCSc2ncc[nH]2)c2cccc3cccc1c23,,Ki (nM),O=C1c2cccc3cccc(c23)N1CCCCSc1ncc[nH]1,False,False,False
185643,N[C@@H]1CCSC1=O |r|,,Ki (nM),N[C@@H]1CCSC1=O,False,False,False
50456619,COc1ccc(CCN2CCC(CC2)C(O)c2cccc(OCCF)c2OC)cc1,,Ki (nM),COc1ccc(CCN2CCC(C(O)c3cccc(OCCF)c3OC)CC2)cc1,False,False,False
185640,NC(CSSCC(N)C(O)=O)C(O)=O,,Ki (nM),NC(CSSCC(N)C(=O)O)C(=O)O,False,False,False
185641,N[C@H](CCS(O)(=O)=O)C(O)=O |r|,,Ki (nM),N[C@H](CCS(=O)(=O)O)C(=O)O,False,False,False
185646,C(CS)[C@@H](C(=O)O)N,,Ki (nM),N[C@@H](CCS)C(=O)O,False,False,False
185647,C([C@H](C(=O)O)N)S(=O)(=O)O,,Ki (nM),N[C@H](CS(=O)(=O)O)C(=O)O,False,False,False
153903,C[N@H+]1CCc2cc(c3cc2[C@@H]1Cc4ccc(cc4)Oc5c6c(cc(c5O)OC)CC[N+]([C@@H]6Cc7ccc(c(c7)O3)O)(C)C)OC,,Ki (nM),COc1cc2c3cc1Oc1cc(ccc1O)C[C@@H]1c4c(cc(OC)c(O)c4Oc4ccc(cc4)C[C@@H]3N(C)CC2)CC[N+]1(C)C,False,False,True
51158049,O=C1N(CCCCN2CCCCC2)c2cccc3cccc1c23,,Ki (nM),O=C1c2cccc3cccc(c23)N1CCCCN1CCCCC1,False,False,False
185644,CSCC[C@H](C(=O)O)N,,Ki (nM),CSCC[C@@H](N)C(=O)O,False,False,False
185645,C(CS(=O)(=O)O)[C@@H](C(=O)O)N,,Ki (nM),N[C@@H](CCS(=O)(=O)O)C(=O)O,False,False,False
153901,[O-][N+]12CCC34C1CC1C5C3N(c3ccccc43)C(=O)CC5OCC=C1C2 |c:28|,,Ki (nM),O=C1CC2OCC=C3C[N+]4([O-])CCC56c7ccccc7N1C5C2C3CC64,False,False,False
185650,NC(CSSCC(N)C(O)=O)C(O)=O,,Ki (nM),NC(CSSCC(N)C(=O)O)C(=O)O,False,False,False
178482,CC(C)NCC(O)COc1cccc2[nH]ccc12,,Ki (nM),CC(C)NCC(O)COc1cccc2[nH]ccc12,False,False,False
185651,C(CS(=O)(=O)O)[C@@H](C(=O)O)N,,Ki (nM),N[C@@H](CCS(=O)(=O)O)C(=O)O,False,False,False
185648,C([C@@H](C(=O)O)N)S,,Ki (nM),N[C@@H](CS)C(=O)O,False,False,False
185649,NC(CS(O)=O)C(O)=O,,Ki (nM),NC(CS(=O)O)C(=O)O,False,False,False
185654,CSCC[C@H](C(=O)O)N,,Ki (nM),CSCC[C@@H](N)C(=O)O,False,False,False
50700339,COc1ccccc1N1CCN(CCN(C(=O)C2CCCCC2)c2ccccn2)CC1,,Ki (nM),COc1ccccc1N1CCN(CCN(C(=O)C2CCCCC2)c2ccccn2)CC1,False,False,False
185652,N[C@@H](CCS(O)=O)C(O)=O |r|,,Ki (nM),N[C@@H](CCS(=O)O)C(=O)O,False,False,False
51158074,CN1CCN(CCCCN2C(=O)c3cccc4cccc2c34)CC1,,Ki (nM),CN1CCN(CCCCN2C(=O)c3cccc4cccc2c34)CC1,False,False,False
185653,N[C@H]1CCSC1=O |r|,,Ki (nM),N[C@H]1CCSC1=O,False,False,False
51158075,O=S1(=O)N(CCCCCN2CCC(CC2)C2CCCCC2)c2cccc3cccc1c23,,Ki (nM),O=S1(=O)c2cccc3cccc(c23)N1CCCCCN1CCC(C2CCCCC2)CC1,False,False,False
51158064,CC1CCN(CCCCN2c3cccc4cccc(c34)S2(=O)=O)CC1,,Ki (nM),CC1CCN(CCCCN2c3cccc4cccc(c34)S2(=O)=O)CC1,False,False,False
51158067,O=C1N(CCCCCN2CCN(CC2)C2CCCCC2)c2cccc3cccc1c23,,Ki (nM),O=C1c2cccc3cccc(c23)N1CCCCCN1CCN(C2CCCCC2)CC1,False,False,False
51158092,O=C1N(CN2CCN(CC2)c2ccccc2)c2cccc3cccc1c23,,Ki (nM),O=C1c2cccc3cccc(c23)N1CN1CCN(c2ccccc2)CC1,False,False,False
50933835,C[C@@H]1CCCN1CCc1cc2cc(ccc2o1)C(=O)c1ccc(F)cc1,,Ki (nM),C[C@@H]1CCCN1CCc1cc2cc(C(=O)c3ccc(F)cc3)ccc2o1,False,False,False
50785349,C(Oc1cccc2C=C(CN3CCOCC3)COc12)[C@H]1CNCCO1,,Ki (nM),C1=C(CN2CCOCC2)COc2c1cccc2OC[C@H]1CNCCO1,False,False,False
51136072,OC1(CCN(CCCC=C(c2ccc(F)cc2)c2ccc(F)cc2)CC1)c1ccc(Cl)c(c1)C(F)(F)F,10000.0,Ki (nM),OC1(c2ccc(Cl)c(C(F)(F)F)c2)CCN(CCCC=C(c2ccc(F)cc2)c2ccc(F)cc2)CC1,False,False,False
50933836,C[C@@H]1CCCN1CCc1cc2cc(ccc2o1)C(=O)c1ccc(cc1)[N+]([O-])=O,,Ki (nM),C[C@@H]1CCCN1CCc1cc2cc(C(=O)c3ccc([N+](=O)[O-])cc3)ccc2o1,False,False,False
51158089,CN1CCN(CCCCN2c3cccc4cccc(c34)S2(=O)=O)CC1,,Ki (nM),CN1CCN(CCCCN2c3cccc4cccc(c34)S2(=O)=O)CC1,False,False,False
174922,COc1ccc(NC(=O)c2ccc(cc2)-c2ccc(cc2C)-c2noc(C)n2)cc1OCCN(C)C,,Ki (nM),COc1ccc(NC(=O)c2ccc(-c3ccc(-c4noc(C)n4)cc3C)cc2)cc1OCCN(C)C,False,False,False
51117123,C[C@@H]1SC(=N[C@H]1[C@@H]1SC[C@@](C)(N1C)C(O)=O)c1ccccc1O,,Ki (nM),C[C@@H]1SC(c2ccccc2O)=N[C@H]1[C@@H]1SC[C@](C)(C(=O)O)N1C,False,False,False
51158084,O=C1N(CCCN2CCN(CC2)c2ccccc2)c2cccc3cccc1c23,,Ki (nM),O=C1c2cccc3cccc(c23)N1CCCN1CCN(c2ccccc2)CC1,False,False,False
51158087,CC1CCN(CCCCCN2c3cccc4cccc(c34)S2(=O)=O)CC1,,Ki (nM),CC1CCN(CCCCCN2c3cccc4cccc(c34)S2(=O)=O)CC1,False,False,False
50741833,CCN(C)C1CCCc2ccncc12,,Ki (nM),CCN(C)C1CCCc2ccncc21,False,False,False
51158083,COc1ccccc1N1CCN(CN2C(=O)c3cccc4cccc2c34)CC1,,Ki (nM),COc1ccccc1N1CCN(CN2C(=O)c3cccc4cccc2c34)CC1,False,False,False
51158105,O=C1N(CCCCN2CCN(CC2)C2CCCCC2)c2cccc3cccc1c23,,Ki (nM),O=C1c2cccc3cccc(c23)N1CCCCN1CCN(C2CCCCC2)CC1,False,False,False
50319785,COc1ccc(NC(=O)N2CCN(CC2)c2ccccc2F)cc1N1CCN(C)CC1,,Ki (nM),COc1ccc(NC(=O)N2CCN(c3ccccc3F)CC2)cc1N1CCN(C)CC1,False,False,False
182622,COc1ccc(cc1)C(CN(C)C)C1(O)CCCCC1,,Ki (nM),COc1ccc(C(CN(C)C)C2(O)CCCCC2)cc1,False,False,False
50985044,COc1ccc(cc1N1CCNCC1)S(=O)(=O)Nc1cc(Br)cc(F)c1Br,,Ki (nM),COc1ccc(S(=O)(=O)Nc2cc(Br)cc(F)c2Br)cc1N1CCNCC1,False,False,False
51158098,O=S1(=O)N(CCCCN2CCCCC2)c2cccc3cccc1c23,,Ki (nM),O=S1(=O)c2cccc3cccc(c23)N1CCCCN1CCCCC1,False,False,False
223586,N#Cc1ccc(cc1OC1CNC1)-c1ccccc1,10000.0,Ki (nM),N#Cc1ccc(-c2ccccc2)cc1OC1CNC1,False,False,False
50319773,COc1ccc(NC(=O)N2CCN(CC2)c2ccc(Cl)cc2)cc1N1CCN(C)CC1,,Ki (nM),COc1ccc(NC(=O)N2CCN(c3ccc(Cl)cc3)CC2)cc1N1CCN(C)CC1,False,False,False
50319769,COc1ccc(NC(=O)c2ccc(cc2)-c2ccc(cc2C)-c2noc(C)n2)cc1N1CCN(C)CC1,,Ki (nM),COc1ccc(NC(=O)c2ccc(-c3ccc(-c4noc(C)n4)cc3C)cc2)cc1N1CCN(C)CC1,False,False,False
223588,Cc1cc(C#N)c(OC2CNC2)cc1-c1ccccc1,10000.0,Ki (nM),Cc1cc(C#N)c(OC2CNC2)cc1-c1ccccc1,False,False,False
223593,CC(C)Oc1ccc(cc1OC1CNC1)-c1ccccc1C,10000.0,Ki (nM),Cc1ccccc1-c1ccc(OC(C)C)c(OC2CNC2)c1,False,False,False
50076048,Clc1ccc(cc1)N1CCN(Cc2ccccc2-c2ccccc2)CC1,,Ki (nM),Clc1ccc(N2CCN(Cc3ccccc3-c3ccccc3)CC2)cc1,False,False,False
50076049,Clc1ccccc1N1CCN(Cc2ccccc2-c2ccccc2)CC1,,Ki (nM),Clc1ccccc1N1CCN(Cc2ccccc2-c2ccccc2)CC1,False,False,False
50076050,Fc1ccc(cc1)N1CCN(Cc2ccccc2-c2ccccc2)CC1,,Ki (nM),Fc1ccc(N2CCN(Cc3ccccc3-c3ccccc3)CC2)cc1,False,False,False
50319760,COc1ccc(NC(=O)N2CCN(CC2)c2ccc(cc2)C(F)(F)F)cc1N1CCN(C)CC1,,Ki (nM),COc1ccc(NC(=O)N2CCN(c3ccc(C(F)(F)F)cc3)CC2)cc1N1CCN(C)CC1,False,False,False
50076051,Fc1cccc(c1)N1CCN(Cc2ccccc2-c2ccccc2)CC1,,Ki (nM),Fc1cccc(N2CCN(Cc3ccccc3-c3ccccc3)CC2)c1,False,False,False
1467238,COC(=O)[C@@H]1C[C@H](OC(C)=O)C(=O)[C@H]2[C@@]1(C)CC[C@H]1C(=O)O[C@@H](C[C@]21C)c1ccoc1,,Ki (nM),COC(=O)[C@@H]1C[C@H](OC(C)=O)C(=O)[C@H]2[C@@]1(C)CC[C@H]1C(=O)O[C@H](c3ccoc3)C[C@]21C,False,False,False
50076045,COc1ccc(cc1)N1CCN(Cc2ccccc2-c2ccccc2)CC1,,Ki (nM),COc1ccc(N2CCN(Cc3ccccc3-c3ccccc3)CC2)cc1,False,False,False
51285628,Cn1cncc1-c1c[nH]c2ccc(F)c(F)c12,,Ki (nM),Cn1cncc1-c1c[nH]c2ccc(F)c(F)c12,False,False,False
50076046,COc1cccc(c1)N1CCN(Cc2ccccc2-c2ccccc2)CC1,,Ki (nM),COc1cccc(N2CCN(Cc3ccccc3-c3ccccc3)CC2)c1,False,False,False
50076040,Cc1cccc(N2CCN(Cc3ccccc3-c3ccccc3)CC2)c1C,,Ki (nM),Cc1cccc(N2CCN(Cc3ccccc3-c3ccccc3)CC2)c1C,False,False,False
51285627,CCn1cncc1-c1c[nH]c2cc(F)ccc12,,Ki (nM),CCn1cncc1-c1c[nH]c2cc(F)ccc12,False,False,False
50076037,Cc1cc(C)cc(c1)N1CCN(Cc2ccccc2-c2ccccc2)CC1,,Ki (nM),Cc1cc(C)cc(N2CCN(Cc3ccccc3-c3ccccc3)CC2)c1,False,False,False
50076038,Cc1ccc(C)c(c1)N1CCN(Cc2ccccc2-c2ccccc2)CC1,,Ki (nM),Cc1ccc(C)c(N2CCN(Cc3ccccc3-c3ccccc3)CC2)c1,False,False,False
50076039,Cc1ccc(N2CCN(Cc3ccccc3-c3ccccc3)CC2)c(C)c1,,Ki (nM),Cc1ccc(N2CCN(Cc3ccccc3-c3ccccc3)CC2)c(C)c1,False,False,False
183678,Cc1cc(O)c2c3c1c1c(CO)cc(O)c4c1c1c5c(c(O)cc(O)c5c4=O)c4c(O)cc(O)c(c4c31)c2=O,,Ki (nM),Cc1cc(O)c2c(=O)c3c(O)cc(O)c4c5c(O)cc(O)c6c(=O)c7c(O)cc(CO)c8c1c2c(c34)c(c65)c78,False,False,False
183679,OCC1OC(Oc2c(O)c3c(cc(O)cc3=O)oc2-c2ccc(O)c(O)c2)C(O)C(O)C1O,,Ki (nM),O=c1cc(O)cc2oc(-c3ccc(O)c(O)c3)c(OC3OC(CO)C(O)C(O)C3O)c(O)c1-2,False,False,False
50319744,COc1ccc(NC(=O)N2CCN(CC2)c2ccc(SC)cc2)cc1N1CCN(C)CC1,,Ki (nM),COc1ccc(NC(=O)N2CCN(c3ccc(SC)cc3)CC2)cc1N1CCN(C)CC1,False,False,False
51333263,Cc1nccc2-c3ccc(Br)cc3NC(C)(C)c12,,Ki (nM),Cc1nccc2c1C(C)(C)Nc1cc(Br)ccc1-2,False,False,False
183682,Cc1cc(O)c2c3c1c1c(CO)cc(O)c4c1c1c5c(c(O)cc(O)c5c4=O)c4c(O)cc(O)c(c4c31)c2=O,,Ki (nM),Cc1cc(O)c2c(=O)c3c(O)cc(O)c4c5c(O)cc(O)c6c(=O)c7c(O)cc(CO)c8c1c2c(c34)c(c65)c78,False,False,False
183683,c1cc(c(cc1C2=C(C(=O)c3c(cc(cc3O2)O)O)O)O)O,,Ki (nM),O=c1c(O)c(-c2ccc(O)c(O)c2)oc2cc(O)cc(O)c12,False,False,False
183680,OCC1OC(O)C(Oc2c(O)c3c(cc(O)cc3=O)oc2-c2ccc(O)c(O)c2)C(O)C1O,,Ki (nM),O=c1cc(O)cc2oc(-c3ccc(O)c(O)c3)c(OC3C(O)OC(CO)C(O)C3O)c(O)c1-2,False,False,False
183681,OCC1OC(Oc2c(O)c3c(cc(O)cc3=O)oc2-c2ccc(O)c(O)c2)C(O)C(O)C1O,,Ki (nM),O=c1cc(O)cc2oc(-c3ccc(O)c(O)c3)c(OC3OC(CO)C(O)C(O)C3O)c(O)c1-2,False,False,False
182150,COCCCN1CCC(CC1)NC(=O)c1cc(Cl)c(N)c2CCOc12,,Ki (nM),COCCCN1CCC(NC(=O)c2cc(Cl)c(N)c3c2OCC3)CC1,False,False,False
183684,C[C@@H]1O[C@@H](Oc2c(O)c3c(cc(O)cc3=O)oc2-c2ccc(O)c(O)c2)[C@H](O)[C@H](O)[C@H]1O,,Ki (nM),C[C@@H]1O[C@@H](Oc2c(-c3ccc(O)c(O)c3)oc3cc(O)cc(=O)c-3c2O)[C@H](O)[C@H](O)[C@H]1O,False,False,False
183685,C[C@H]1[C@@H]([C@H]([C@H]([C@@H](O1)OC[C@@H]2[C@H]([C@@H]([C@H]([C@@H](O2)OC3=C(Oc4cc(cc(c4C3=O)O)O)c5ccc(c(c5)O)O)O)O)O)O)O)O,,Ki (nM),C[C@@H]1O[C@@H](OC[C@H]2O[C@@H](Oc3c(-c4ccc(O)c(O)c4)oc4cc(O)cc(O)c4c3=O)[C@H](O)[C@@H](O)[C@@H]2O)[C@H](O)[C@H](O)[C@H]1O,False,False,False
51224197,CC[C@H]1c2cc(OC)ccc2CC[C@@]1(C)N,,Ki (nM),CC[C@H]1c2cc(OC)ccc2CC[C@@]1(C)N,False,False,False
189334,NC(=O)c1cccc(c1)-c1cccc(OC(=O)NC2CCCCC2)c1,,Ki (nM),NC(=O)c1cccc(-c2cccc(OC(=O)NC3CCCCC3)c2)c1,False,False,False
50179944,COc1ccc(cc1)N1CCN(Cc2c[nH]c3ncccc23)CC1,,Ki (nM),COc1ccc(N2CCN(Cc3c[nH]c4ncccc34)CC2)cc1,False,False,False
50076006,Fc1ccccc1N1CCN(Cc2ccccc2-c2ccccc2)CC1,,Ki (nM),Fc1ccccc1N1CCN(Cc2ccccc2-c2ccccc2)CC1,False,False,False
51333264,Cc1nccc2-c3ccc(Br)cc3NC(C)(C)c12,,Ki (nM),Cc1nccc2c1C(C)(C)Nc1cc(Br)ccc1-2,False,False,False
792492,Fc1ccc(Oc2cc(Cl)ccc2O[C@H]2CCNC2)cc1,,Ki (nM),Fc1ccc(Oc2cc(Cl)ccc2O[C@H]2CCNC2)cc1,False,False,False
162723,CN1CCN2c3ccccc3Cc4ccccc4[C@H]2C1,,Ki (nM),CN1CCN2c3ccccc3Cc3ccccc3[C@H]2C1,False,False,False
792480,Cc1ccc(Oc2cc(Cl)ccc2O[C@H]2CCNC2)cc1,,Ki (nM),Cc1ccc(Oc2cc(Cl)ccc2O[C@H]2CCNC2)cc1,False,False,False
50974393,CCCN1CCC(COc2nc3ccccc3c3ncccc23)CC1,,Ki (nM),CCCN1CCC(COc2nc3ccccc3c3ncccc23)CC1,False,False,False
51377854,C[C@@H]([C@@H](O)c1ccc(O)cc1)N1CCC(Cc2ccccc2)CC1,,Ki (nM),C[C@@H]([C@@H](O)c1ccc(O)cc1)N1CCC(Cc2ccccc2)CC1,False,False,False
51377853,C[C@H]([C@H](O)c1ccc(O)cc1)N1CCC(Cc2ccccc2)CC1,,Ki (nM),C[C@H]([C@H](O)c1ccc(O)cc1)N1CCC(Cc2ccccc2)CC1,False,False,False
51377852,C[C@H]([C@@H](O)c1ccc(O)cc1)N1CCC(Cc2ccccc2)CC1,,Ki (nM),C[C@H]([C@@H](O)c1ccc(O)cc1)N1CCC(Cc2ccccc2)CC1,False,False,False
792504,Cc1ccccc1Oc1cc(Cl)ccc1O[C@H]1CCNC1,,Ki (nM),Cc1ccccc1Oc1cc(Cl)ccc1O[C@H]1CCNC1,False,False,False
51072712,Cc1ccccc1-c1noc2CCNCCc12,,Ki (nM),Cc1ccccc1-c1noc2c1CCNCC2,False,False,False
792520,Clc1cccc(Oc2cc(Cl)ccc2O[C@H]2CCNC2)c1,,Ki (nM),Clc1cccc(Oc2cc(Cl)ccc2O[C@H]2CCNC2)c1,False,False,False
51256011,CCC(=O)Nc1nc(C)c([nH]1)-c1cn(c2ccc(OC)cc12)S(=O)(=O)c1ccccc1,,Ki (nM),CCC(=O)Nc1nc(C)c(-c2cn(S(=O)(=O)c3ccccc3)c3ccc(OC)cc23)[nH]1,False,False,False
792516,Clc1ccc(Oc2cc(Cl)ccc2O[C@H]2CCNC2)cc1,,Ki (nM),Clc1ccc(Oc2cc(Cl)ccc2O[C@H]2CCNC2)cc1,False,False,False
51256002,O=S(=O)(c1ccccc1)n1cc(-c2c[n+]3cccnc3[nH]2)c2ccccc12,,Ki (nM),O=S(=O)(c1ccccc1)n1cc(-c2c[n+]3cccnc3[nH]2)c2ccccc21,False,False,False
181200,Nc1ncnc2nc(cc(-c3cccc(Br)c3)c12)-c1ccc(nc1)N1CCOCC1,,Ki (nM),Nc1ncnc2nc(-c3ccc(N4CCOCC4)nc3)cc(-c3cccc(Br)c3)c12,False,False,False
792528,CC(C)c1ccc(Oc2cc(Cl)ccc2O[C@H]2CCNC2)cc1,,Ki (nM),CC(C)c1ccc(Oc2cc(Cl)ccc2O[C@H]2CCNC2)cc1,False,False,False
50640090,COc1ccccc1N1CCN(CCN(C(=O)C2CCCCC2)c2ccccn2)CC1,10000.0,Ki (nM),COc1ccccc1N1CCN(CCN(C(=O)C2CCCCC2)c2ccccn2)CC1,False,False,False
51224300,CC[C@H]1c2cc(C)ccc2OC[C@@]1(C)N,,Ki (nM),CC[C@H]1c2cc(C)ccc2OC[C@@]1(C)N,False,False,False
163303,c1cc(c(cc1CCN)O)O,,Ki (nM),NCCc1ccc(O)c(O)c1,False,False,False
50601697,CCCCN1CCC(COC(=O)c2ccc(N)c(OC)c2)CC1,,Ki (nM),CCCCN1CCC(COC(=O)c2ccc(N)c(OC)c2)CC1,False,False,False
163304,CNCC(O)c1ccc(O)c(O)c1,,Ki (nM),CNCC(O)c1ccc(O)c(O)c1,False,False,False
163305,NCCc1cnc[nH]1,,Ki (nM),NCCc1cnc[nH]1,False,False,False
50390256,FCc1nc(cs1)C#Cc1cc(F)cc(c1)C#N,,Ki (nM),N#Cc1cc(F)cc(C#Cc2csc(CF)n2)c1,False,False,False
406516,C(Cn1ccc2ccncc12)N1CCCN2CCCCC2C1,,Ki (nM),c1cc2ccn(CCN3CCCN4CCCCC4C3)c2cn1,False,False,False
163312,NCC(O)c1ccc(O)c(O)c1,,Ki (nM),NCC(O)c1ccc(O)c(O)c1,False,False,False
51256061,COc1ccc2n(cc(-c3[nH]c(N)nc3C)c2c1)S(=O)(=O)c1cccc(F)c1,,Ki (nM),COc1ccc2c(c1)c(-c1[nH]c(N)nc1C)cn2S(=O)(=O)c1cccc(F)c1,False,False,False
163313,CC(C)NCC(O)COc1cccc2[nH]ccc12,,Ki (nM),CC(C)NCC(O)COc1cccc2[nH]ccc12,False,False,False
174585,COc1cc(OC)c(cc1NS(=O)(=O)c1ccc(cc1)C(F)(F)F)C(=O)CCCCN1CCC2(CC1)NC(=O)NC2=O,,Ki (nM),COc1cc(OC)c(C(=O)CCCCN2CCC3(CC2)NC(=O)NC3=O)cc1NS(=O)(=O)c1ccc(C(F)(F)F)cc1,False,False,False
50533112,CCCN1CC[C@@H]2[C@@H]3[C@H](CCC[C@@H]13)[C@@H](CC)c1nc3cc(ccc3cc21)C(F)(F)F,,Ki (nM),CCCN1CC[C@H]2c3cc4ccc(C(F)(F)F)cc4nc3[C@H](CC)[C@H]3CCC[C@@H]1[C@@H]32,False,False,False
51100491,CCC1(C)CC(CCNCc2ccccc2)(CCO1)c1ccc(C)cc1,10100.0,Ki (nM),CCC1(C)CC(CCNCc2ccccc2)(c2ccc(C)cc2)CCO1,False,False,False
51100510,COc1ccc(CNCCC(c2ccco2)c2ccccc2OC)cc1,10400.0,Ki (nM),COc1ccc(CNCCC(c2ccco2)c2ccccc2OC)cc1,False,False,False
51196231,CN1CCN(Cc2cccc3c2oc2cc(Cl)ccc2c3=O)CC1,10490.0,Ki (nM),CN1CCN(Cc2cccc3c(=O)c4ccc(Cl)cc4oc23)CC1,False,False,False
51264608,CN1CCN(CC1)c1nc(N)nc(COc2cccc(C)c2)n1,10660.0,Ki (nM),Cc1cccc(OCc2nc(N)nc(N3CCN(C)CC3)n2)c1,False,False,False
51410657,CCCCC(Oc1cc(Cl)cc(Cl)c1)c1nc(N)nc(n1)N1CCN(C)CC1,10880.0,Ki (nM),CCCCC(Oc1cc(Cl)cc(Cl)c1)c1nc(N)nc(N2CCN(C)CC2)n1,False,False,False
51616688,CCC(Oc1cccc(F)c1F)c1nc(N)nc(N2CCN(C)CC2)n1,11480.0,Ki (nM),CCC(Oc1cccc(F)c1F)c1nc(N)nc(N2CCN(C)CC2)n1,False,False,False
