smiles,bindingdb_id,exp_mean [nM],class
CN(C)CCOc1ccc(-c2ccc(Cl)cc2)c(CN2CCN(c3ccc(C(=O)NS(=O)(=O)c4ccc(NCCCN5CCCC5)c([N+](=O)[O-])c4)c(Oc4ccccc4)c3)CC2)c1,324837,0.001,True
CC1(C)CCC(CN2CCN(c3ccc(C(=O)NS(=O)(=O)c4ccc(OCC5(F)CCOCC5)c([N+](=O)[O-])c4)c(Oc4cccc5[nH]cnc45)c3)CC2)=C(c2ccc(Cl)cc2)C1,325111,0.002,True
CC1(C)CCC(CN2CCN(c3ccc(C(=O)NS(=O)(=O)c4ccc(OCC5CCN(C(CF)CF)CC5)c([N+](=O)[O-])c4)c(Oc4cnc5[nH]ccc5c4)c3)CC2)=C(c2ccc(Cl)cc2)C1,"1180089,1372860,339678,704721",0.002,True
CC1(C)CCC(CN2CCN(c3ccc(C(=O)NS(=O)(=O)c4ccc(NCC5CN(CC(F)F)CCO5)c([N+](=O)[O-])c4)c(Oc4cccc5[nH]cnc45)c3)CC2)=C(c2ccc(Cl)cc2)C1,325118,0.002,True
CC1(C)CCC(CN2CCN(c3ccc(C(=O)NS(=O)(=O)c4cnc(OCC5CCOCC5)c(Cl)c4)c(Oc4cccc5[nH]ncc45)c3)CC2)=C(c2ccc(Cl)cc2)C1,325130,0.002,True
CC1(C)CCC(CN2CCN(c3ccc(C(=O)NS(=O)(=O)c4ccc(NCC5CCOCC5)c([N+](=O)[O-])c4)c(Oc4cccc5[nH]cnc45)c3)CC2)=C(c2ccc(Cl)cc2)C1,325106,0.003,True
CN(C)CC(=O)N1CCO[C@H](COc2ncc(S(=O)(=O)NC(=O)c3ccc(N4CCN(CC5=C(c6ccc(Cl)cc6)CC(C)(C)CC5)CC4)cc3Oc3cccc4[nH]ncc34)cc2Cl)C1,325128,0.003,True
CN(C)CCOc1ccc(-c2ccc(Cl)cc2)c(CN2CCN(c3ccc(C(=O)NS(=O)(=O)c4ccc(NCC5CCOCC5)c([N+](=O)[O-])c4)c(Oc4cccc5[nH]ccc45)c3)CC2)c1,324841,0.003,True
CC1(C)CCC(CN2CCN(c3ccc(C(=O)NS(=O)(=O)c4ccc(NCC5CN(C6CC6)CCO5)c([N+](=O)[O-])c4)c(Oc4cccc5[nH]ncc45)c3)CC2)=C(c2ccc(Cl)cc2)C1,325114,0.003,True
CC1(C)CCC(CN2CCN(c3ccc(C(=O)NS(=O)(=O)c4ccc(N[C@@H]5CCN(CC#N)C5)c([N+](=O)[O-])c4)c(Oc4cccc5[nH]cnc45)c3)CC2)=C(c2ccc(Cl)cc2)C1,325131,0.003,True
COCCOCCN1CCO[C@H](CNc2ccc(S(=O)(=O)NC(=O)c3ccc(N4CCN(CC5=C(c6ccc(Cl)cc6)CC(C)(C)CC5)CC4)cc3Oc3cccc4[nH]cnc34)cc2[N+](=O)[O-])C1,325158,0.004,True
CN1CCC(Nc2ccc(S(=O)(=O)NC(=O)c3ccc(N4CCN(CC5=C(c6ccc(Cl)cc6)CC(C)(C)CC5)CC4)cc3Oc3cccc4[nH]cnc34)cc2[N+](=O)[O-])CC1,325121,0.004,True
CN(C)CCOc1ccc(-c2ccc(Cl)cc2)c(CN2CCN(c3ccc(C(=O)NS(=O)(=O)c4ccc(NC5CCN(C)CC5)c([N+](=O)[O-])c4)c(Oc4cccc(Cl)c4)c3)CC2)c1,"281370,387616",0.005,True
COC1CCC(CNc2ccc(S(=O)(=O)NC(=O)c3ccc(N4CCN(CC5=C(c6ccc(Cl)cc6)CC(C)(C)CC5)CC4)cc3Oc3cnc(N)c(Cl)c3)cc2[N+](=O)[O-])CC1,387920,0.005,True
CN(C)CCOc1cccc(-c2ccc(Cl)cc2)c1CN1CCN(c2ccc(C(=O)NS(=O)(=O)c3ccc(NC4CCN(C)CC4)c([N+](=O)[O-])c3)c(Oc3cccc4[nH]ccc34)c2)CC1,324914,0.005,True
CC1(C)CCC(CN2CCN(c3ccc(C(=O)NS(=O)(=O)c4cnc(NC5CCN(C6CC6)CC5)c(Cl)c4)c(Oc4cccc5[nH]ncc45)c3)CC2)=C(c2ccc(Cl)cc2)C1,325151,0.005,True
CC1(C)CCC(CN2CCN(c3ccc(C(=O)NS(=O)(=O)c4cnc(OCC5CCOCC5)c(Br)c4)c(Oc4cccc5[nH]ccc45)c3)CC2)=C(c2ccc(Cl)cc2)C1,325068,0.006,True
CC1(C)CCC(CN2CCN(c3ccc(C(=O)NS(=O)(=O)c4cnc(OCC5CCC(F)(F)CC5)c(Cl)c4)c(Oc4cccc5[nH]cnc45)c3)CC2)=C(c2ccc(Cl)cc2)C1,325166,0.007,True
CO[C@H]1CC[C@H](CNc2ccc(S(=O)(=O)NC(=O)c3ccc(N4CCN(CC5=C(c6ccc(Cl)cc6)CC(C)(C)CC5)CC4)cc3Oc3cnc4[nH]ccc4c3)cc2[N+](=O)[O-])CC1,"1179900,1372765,704626",0.01,True
O=C(NS(=O)(=O)c1ccc(N[C@H]2CC[C@H](N3CCOCC3)CC2)c([N+](=O)[O-])c1)c1ccc(N2CCN(CC3=C(c4ccc(Cl)cc4)CCC4(CCCC4)C3)CC2)cc1Oc1cnc2[nH]ccc2c1,"1179974,1372802,704663",0.01,True
CC1(C)CCC(CN2CCN(c3ccc(C(=O)NS(=O)(=O)c4ccc(NC5CCN(C6CCOCC6)CC5)c([N+](=O)[O-])c4)c(Oc4cc5cc[nH]c5c(F)c4F)c3)CC2)=C(c2ccc(Cl)cc2)C1,"281528,387777",0.01,True
CC1(C)CCC(CN2CCN(c3ccc(C(=O)NS(=O)(=O)c4ccc(OCC5CN(C6CC6)CCO5)c([N+](=O)[O-])c4)c(Oc4cnc5[nH]ccc5c4)c3)CC2)=C(c2ccc(Cl)cc2)C1,"1180160,1373083,339892,704944",0.01,True
CN1CCC(O)(CNc2ccc(S(=O)(=O)NC(=O)c3ccc(N4CCN(CC5=C(c6ccc(Cl)cc6)CC(C)(C)CC5)CC4)cc3Oc3cccc4[nH]ccc34)cc2[N+](=O)[O-])CC1,324898,0.01,True
O=C(NS(=O)(=O)c1ccc(NC2CCN(C3CCOCC3)CC2)c([N+](=O)[O-])c1)c1ccc(N2CCN(CC3=C(c4ccc(Cl)cc4)CCC(O)C3)CC2)cc1Oc1ccc2[nH]ccc2c1,324934,0.01,True
CC1(C)CCC(CN2CCN(c3ccc(C(=O)NS(=O)(=O)c4ccc(NCC(F)(F)F)c([N+](=O)[O-])c4)c(Oc4cnc5[nH]ccc5c4)c3)CC2)=C(c2ccc(Cl)cc2)C1,"1179884,1372757,339577,704618",0.011,True
CO[C@H]1CC[C@H](COc2ncc(S(=O)(=O)NC(=O)c3ccc(N4CCN(CC5=C(c6ccc(Cl)cc6)CC(C)(C)CC5)CC4)cc3Oc3cnc4[nH]ccc4c3)cc2Cl)CC1,"1179875,1372941,704802",0.011,True
O=C(NS(=O)(=O)c1ccc(NCC2CCOCC2)c([N+](=O)[O-])c1)c1ccc(N2CCN(CC3=C(c4ccc(Cl)cc4)CCC(N4CCCC4)C3)CC2)cc1Oc1ccc2[nH]ccc2c1,324979,0.011,True
CC1(C)CCC(CN2CCN(c3ccc(C(=O)NS(=O)(=O)c4ccc(NC5CCN(C6CC6)CC5)c([N+](=O)[O-])c4)c(Oc4cccc5[nH]ncc45)c3)CC2)=C(c2ccc(Cl)cc2)C1,325139,0.011,True
COC1CCC(CNc2ccc(S(=O)(=O)NC(=O)c3ccc(N4CCN(CC5=C(c6ccc(Cl)cc6)CC(C)(C)CC5)CC4)cc3Oc3cnc(N)c(Br)c3)cc2[N+](=O)[O-])CC1,387942,0.012,True
CC1(C)CCC(CN2CCN(c3ccc(C(=O)NS(=O)(=O)c4ccc(OCC#CCN5CCOCC5)c([N+](=O)[O-])c4)c(Oc4cnc5[nH]ccc5c4)c3)CC2)=C(c2ccc(Cl)cc2)C1,"1179968,1372799,339619,704660",0.012,True
CN1CCC(Nc2ccc(S(=O)(=O)NC(=O)c3ccc(N4CCN(CC5=C(c6ccc(Cl)cc6)CC(C)(C)CC5)CC4)cc3Oc3cc4cc[nH]c4cc3F)cc2[N+](=O)[O-])CC1,"281484,387731",0.012,True
CN(C)CCOc1ccc(-c2ccc(Cl)cc2)c(CN2CCN(c3ccc(C(=O)NS(=O)(=O)c4ccc(NCC5CCOCC5)c([N+](=O)[O-])c4)c(Oc4ccc5[nH]ccc5c4)c3)CC2)c1,324842,0.012,True
CN(C)CC(=O)N1CCO[C@@H](COc2ncc(S(=O)(=O)NC(=O)c3ccc(N4CCN(CC5=C(c6ccc(Cl)cc6)CC(C)(C)CC5)CC4)cc3Oc3cccc4[nH]ncc34)cc2Cl)C1,325129,0.007,True
CN(C)CCOc1ccc(-c2ccc(Cl)cc2)c(CN2CCN(c3ccc(C(=O)NS(=O)(=O)c4ccc(NCCCN5CCCC5)c([N+](=O)[O-])c4)c(Oc4ccc5[nH]ccc5c4)c3)CC2)c1,324851,0.008,True
O=C(NS(=O)(=O)c1ccc(NCC2CCOCC2)c([N+](=O)[O-])c1)c1ccc(N2CCN(Cc3cc(OCCN4CCCC4)ccc3-c3ccc(Cl)cc3)CC2)cc1Oc1ccccc1,324854,0.009,True
CN(C)CCOc1ccc(-c2ccc(Cl)cc2)c(CN2CCN(c3ccc(C(=O)NS(=O)(=O)c4ccc(NC5CCN(C)CC5)c([N+](=O)[O-])c4)c(Oc4ccccc4)c3)CC2)c1,324849,0.009,True
CN1CCN(Nc2ccc(S(=O)(=O)NC(=O)c3ccc(N4CCN(CC5=C(c6ccc(Cl)cc6)CC(C)(C)CC5)CC4)cc3Oc3cnc(N)c(Cl)c3)cc2[N+](=O)[O-])CC1,"281666,387918",0.009,True
CN1CCC(O)(CCNc2ccc(S(=O)(=O)NC(=O)c3ccc(N4CCN(CC5=C(c6ccc(Cl)cc6)CC(C)(C)CC5)CC4)cc3Oc3ccc4[nH]ccc4c3)cc2[N+](=O)[O-])CC1,324920,0.009,True
CC1(C)CC(c2ccc(Cl)cc2)=C(CN2CCN(c3ccc(C(=O)NS(=O)(=O)c4ccc(NCC5CCOCC5)c(S(=O)(=O)C(F)(F)F)c4)c(Oc4cnc5[nH]ccc5c4)c3)CC2)CO1,"1179918,1372774,339594,704635",0.012,True
CC1(C)CCC(CN2CCN(c3ccc(C(=O)NS(=O)(=O)c4ccc(N[C@H]5CC[C@@H](N6CCOCC6)CC5)c([N+](=O)[O-])c4)c(Oc4cnc5[nH]ccc5c4)c3)CC2)=C(c2ccc(Cl)cc2)C1,"1179910,1372770,704631",0.012,True
CC1(C)CCC(CN2CCN(c3ccc(C(=O)NS(=O)(=O)c4cnc(OCC5(F)CCOCC5)c(Cl)c4)c(Oc4cccc5[nH]ncc45)c3)CC2)=C(c2ccc(Cl)cc2)C1,325107,0.012,True
CN1CCC(Nc2ccc(S(=O)(=O)NC(=O)c3ccc(N4CCN(CC5=C(c6ccc(Cl)cc6)CC(C)(C)CC5)CC4)cc3Oc3ccc4[nH]ccc4c3)cc2[N+](=O)[O-])CC1,"1180012,1372821,324819,339639,704682",0.013,True
CC1(C)CCC(CN2CCN(c3ccc(C(=O)NS(=O)(=O)c4ccc(NCC5CN(C6CC6)CCO5)c([N+](=O)[O-])c4)c(Oc4cnc5[nH]ccc5c4)c3)CC2)=C(c2ccc(Cl)cc2)C1,"1179891,1372949,339762,704810",0.013,True
CC1CCC(O)(COc2ncc(S(=O)(=O)NC(=O)c3ccc(N4CCN(CC5=C(c6ccc(Cl)cc6)CC(C)(C)CC5)CC4)cc3Oc3cnc4[nH]ccc4c3)cc2Cl)CC1,1180146,0.013,True
CC1(C)CCC(CN2CCN(c3ccc(C(=O)NS(=O)(=O)c4cnc(OC[C@H]5CC[C@@](C)(O)CC5)c(Cl)c4)c(Oc4cnc5[nH]ccc5c4)c3)CC2)=C(c2ccc(Cl)cc2)C1,"1373076,704937",0.013,True
CN1CCC(Nc2ccc(S(=O)(=O)NC(=O)c3ccc(N4CCN(CC5=C(c6ccc(Cl)cc6)CC(C)(C)OC5)CC4)cc3Oc3ccccc3Cl)cc2[N+](=O)[O-])CC1,"281371,387617",0.013,True
CC1(C)CCC(CN2CCN(c3ccc(C(=O)NS(=O)(=O)c4ccc(NC5CCN(C6CCOCC6)CC5)c([N+](=O)[O-])c4)c(Oc4cnc5[nH]ccc5c4)c3)CC2)=C(c2ccc(Cl)cc2)C1,"1179838,1372734,339554,704595",0.013,True
CC1(C)CCC(CN2CCN(c3ccc(C(=O)NS(=O)(=O)c4ccc(NC[C@H]5CC[C@](C)(O)CC5)c([N+](=O)[O-])c4)c(Oc4cnc5[nH]ccc5c4)c3)CC2)=C(c2ccc(Cl)cc2)C1,"1373067,704928",0.013,True
CC1(C)CCC(CN2CCN(c3ccc(C(=O)NS(=O)(=O)c4ccc(NCC5CCC(C)(O)CC5)c([N+](=O)[O-])c4)c(Oc4cnc5[nH]ccc5c4)c3)CC2)=C(c2ccc(Cl)cc2)C1,1180128,0.013,True
O=C(NS(=O)(=O)c1ccc(NCC2CCOCC2)c([N+](=O)[O-])c1)c1ccc(N2CCN(CC3=C(c4ccc(Cl)cc4)CCC(O)C3)CC2)cc1Oc1ccc2[nH]ccc2c1,324956,0.013,True
CC1(C)CCC(CN2CCN(c3ccc(C(=O)NS(=O)(=O)c4ccc(OCC5C[C@H]6C=C[C@@H]5C6)c([N+](=O)[O-])c4)c(Oc4cnc5[nH]ccc5c4)c3)CC2)=C(c2ccc(Cl)cc2)C1,"1179857,1372932,704793",0.014,True
CN1CCC(Nc2ccc(S(=O)(=O)NC(=O)c3ccc(N4CCN(CC5=C(c6ccc(Cl)cc6)CC(C)(C)OC5)CC4)cc3Oc3ccc4[nH]ccc4c3)cc2[N+](=O)[O-])CC1,324866,0.014,True
CC1(C)CCC(CN2CCN(c3ccc(C(=O)NS(=O)(=O)c4cnc(OC[C@]5(F)CC[C@@](C)(O)CC5)c(Cl)c4)c(Oc4cnc5[nH]ccc5c4)c3)CC2)=C(c2ccc(Cl)cc2)C1,"1373084,704945",0.014,True
CC1(C)CCC(CN2CCN(c3ccc(C(=O)NS(=O)(=O)c4ccc(OC[C@H]5CC[C@@](C)(O)CC5)c([N+](=O)[O-])c4)c(Oc4cnc5[nH]ccc5c4)c3)CC2)=C(c2ccc(Cl)cc2)C1,"1373081,704942",0.014,True
CC1(C)CCC(CN2CCN(c3ccc(C(=O)NS(=O)(=O)c4ccc(NC5CCN(C(CF)CF)CC5)c([N+](=O)[O-])c4)c(Oc4cnc5[nH]ccc5c4)c3)CC2)=C(c2ccc(Cl)cc2)C1,"1180022,1372826,339644,704687",0.014,True
CC1(C)CCC(CN2CCN(c3ccc(C(=O)NS(=O)(=O)c4cnc(OCC5(F)CCOCC5)c(Cl)c4)c(Oc4cnc5[nH]ccc5c4)c3)CC2)=C(c2ccc(Cl)cc2)C1,"1180024,1372827,339645,704688",0.014,True
CC1(C)CCC(CN2CCN(c3ccc(C(=O)NS(=O)(=O)c4cnc(OCC5(F)CCC(C)(O)CC5)c(Cl)c4)c(Oc4cnc5[nH]ccc5c4)c3)CC2)=C(c2ccc(Cl)cc2)C1,"1180162,1180164",0.0265,True
CC1(C)CCC(CN2CCN(c3ccc(C(=O)NS(=O)(=O)c4ccc(NC5CCN(C6COC6)CC5)c([N+](=O)[O-])c4)c(Oc4cnc(N)c(Cl)c4)c3)CC2)=C(c2ccc(Cl)cc2)C1,"281687,387939",0.014,True
CC1(C)CCC(CN2CCN(c3ccc(C(=O)NS(=O)(=O)c4ccc(NCC5CN(C6CC6)CCO5)c([N+](=O)[O-])c4)c(Oc4cnc(N)c(Cl)c4)c3)CC2)=C(c2ccc(Cl)cc2)C1,"281692,387944",0.014,True
CN(C)CCOc1cccc(-c2ccc(Cl)cc2)c1CN1CCN(c2ccc(C(=O)NS(=O)(=O)c3ccc(NC4CCN(C5CCOCC5)CC4)c([N+](=O)[O-])c3)c(Oc3cccc4[nH]ccc34)c2)CC1,324909,0.014,True
CC1(C)CCC(CN2CCN(c3ccc(C(=O)NS(=O)(=O)c4ccc(OCC5CCC(C)(O)CC5)c([N+](=O)[O-])c4)c(Oc4cnc5[nH]ccc5c4)c3)CC2)=C(c2ccc(Cl)cc2)C1,1180156,0.014,True
CC1(C)CCC(CN2CCN(c3ccc(C(=O)NS(=O)(=O)c4ccc(NC5C[C@@H]6C=C[C@H]5C6)c([N+](=O)[O-])c4)c(Oc4cnc5[nH]ccc5c4)c3)CC2)=C(c2ccc(Cl)cc2)C1,312116,0.014,True
CC1(C)CCC(CN2CCN(c3ccc(C(=O)NS(=O)(=O)c4ccc(NCC5COCCO5)c([N+](=O)[O-])c4)c(Oc4cnc(N)c(Br)c4)c3)CC2)=C(c2ccc(Cl)cc2)C1,"281684,387936",0.015,True
CC1(C)CCC(CN2CCN(c3ccc(C(=O)NS(=O)(=O)c4ccc(N[C@@H]5CCN(CC(F)F)C5)c([N+](=O)[O-])c4)c(Oc4cccc5[nH]cnc45)c3)CC2)=C(c2ccc(Cl)cc2)C1,325110,0.015,True
CN(C)CCOc1cccc(-c2ccc(Cl)cc2)c1CN1CCN(c2ccc(C(=O)NS(=O)(=O)c3ccc(NCCCN4CCCC4)c([N+](=O)[O-])c3)c(Oc3ccccc3)c2)CC1,324839,0.015,True
CN(C)CC(=O)N1CCO[C@H](COc2ncc(S(=O)(=O)NC(=O)c3ccc(N4CCN(CC5=C(c6ccc(Cl)cc6)CC(C)(C)CC5)CC4)cc3Oc3cnc4[nH]ccc4c3)cc2Cl)C1,"1179945,1372976,339787,704837",0.015,True
CC1(C)CCC(CN2CCN(c3ccc(C(=O)NS(=O)(=O)c4ccc(OCC5COCCN5C5CCOCC5)c([N+](=O)[O-])c4)c(Oc4cnc5[nH]ccc5c4)c3)CC2)=C(c2ccc(Cl)cc2)C1,"1180040,1372835,339653,704696",0.016,True
CN(C)CCCNc1ccc(NC(=O)c2ccc(N3CCN(CC4=C(c5ccc(Cl)cc5)CC(C)(C)CC4)CC3)cc2Oc2cccc(F)c2)cc1[N+](=O)[O-],387716,0.016,True
CC1(C)CCC(CN2CCN(c3ccc(C(=O)NS(=O)(=O)c4ccc(OCC5CCC(C)(O)CC5)c(Cl)c4)c(Oc4cnc5[nH]ccc5c4)c3)CC2)=C(c2ccc(Cl)cc2)C1,1180176,0.016,True
CN1CCC(F)(COc2ncc(S(=O)(=O)NC(=O)c3ccc(N4CCN(CC5=C(c6ccc(Cl)cc6)CC(C)(C)CC5)CC4)cc3Oc3cnc4[nH]ccc4c3)cc2Cl)CC1,"1179991,1372999,339810,704860",0.016,True
CC1(C)CCC(CN2CCN(c3ccc(C(=O)NS(=O)(=O)c4ccc(N[C@@H]5CCN(CC(F)F)C5)c([N+](=O)[O-])c4)c(Oc4cnc(N)c(Cl)c4)c3)CC2)=C(c2ccc(Cl)cc2)C1,"281676,387928",0.016,True
CN(C)CC(=O)N1CCC(COc2ncc(S(=O)(=O)NC(=O)c3ccc(N4CCN(CC5=C(c6ccc(Cl)cc6)CC(C)(C)CC5)CC4)cc3Oc3cnc4[nH]ccc4c3)cc2Cl)CC1,"1179973,1372990,339801,704851",0.016,True
CC1(C)CCC(CN2CCN(c3ccc(C(=O)NS(=O)(=O)c4ccc(NC[C@@H]5CCCOC5)c([N+](=O)[O-])c4)c(Oc4cnc5[nH]ccc5c4)c3)CC2)=C(c2ccc(Cl)cc2)C1,"1179854,1372742,339562,704603",0.016,True
CC1(C)CCC(CN2CCN(c3ccc(C(=O)NS(=O)(=O)c4ccc(OC[C@H]5CC[C@@](C)(O)CC5)c(Cl)c4)c(Oc4cnc5[nH]ccc5c4)c3)CC2)=C(c2ccc(Cl)cc2)C1,"1373091,704952",0.016,True
CN(C)CCCNc1ccc(S(=O)(=O)NC(=O)c2ccc(N3CCN(CC4=C(c5ccc(Cl)cc5)CC(C)(C)CC4)CC3)cc2Oc2cccc(F)c2)cc1[N+](=O)[O-],281470,0.016,True
CC1(C)CCC(CN2CCN(c3ccc(C(=O)NS(=O)(=O)c4ccc(OCC5(F)CCC(N(CCC#N)C6CC6)CC5)c([N+](=O)[O-])c4)c(Oc4cnc5[nH]ccc5c4)c3)CC2)=C(c2ccc(Cl)cc2)C1,"1180178,1373092,704953",0.017,True
CN1CCN(Nc2ccc(S(=O)(=O)NC(=O)c3ccc(N4CCN(CC5=C(c6ccc(Cl)cc6)CCC(O)C5)CC4)cc3Oc3ccc4[nH]ccc4c3)cc2[N+](=O)[O-])CC1,324935,0.017,True
CC1(C)CCC(CN2CCN(c3ccc(C(=O)NS(=O)(=O)c4ccc(OCC5(F)CCN(C6CC6)CC5)c([N+](=O)[O-])c4)c(Oc4cc5cc[nH]c5cc4F)c3)CC2)=C(c2ccc(Cl)cc2)C1,"281664,387916",0.017,True
CC1(C)CC(c2ccc(Cl)cc2)=C(CN2CCN(c3ccc(C(=O)NS(=O)(=O)c4ccc(NCC5CCOCC5)c([N+](=O)[O-])c4)c(Oc4cc5cc[nH]c5cc4F)c3)CC2)CO1,"281601,387852",0.017,True
CC1(C)CCC(CN2CCN(c3ccc(C(=O)NS(=O)(=O)c4cnc(OCC5CCOCC5)c(C#N)c4)c(Oc4cnc5[nH]ccc5c4)c3)CC2)=C(c2ccc(Cl)cc2)C1,"1179904,1372767,339587,704628",0.017,True
CC1(C)CCC(CN2CCN(c3ccc(C(=O)NS(=O)(=O)c4ccc(NC5CN(C(CF)CF)C5)c([N+](=O)[O-])c4)c(Oc4cnc5[nH]ccc5c4)c3)CC2)=C(c2ccc(Cl)cc2)C1,"1180133,1372882,339700,704743",0.017,True
CN1CCC(Nc2ccc(S(=O)(=O)NC(=O)c3ccc(N4CCN(CC5=C(c6ccc(Cl)cc6)CC(C)(C)CC5)CC4)cc3Oc3cccc4c3CC(=O)N4)cc2[N+](=O)[O-])CC1,"281612,387863",0.017,True
CC1(C)CCC(CN2CCN(c3ccc(C(=O)NS(=O)(=O)c4ccc(NC5CCN(CC(F)F)CC5)c([N+](=O)[O-])c4)c(Oc4cnc5[nH]ccc5c4)c3)CC2)=C(c2ccc(Cl)cc2)C1,"1180026,1372828,339646,704689",0.017,True
CC1(C)CCC(CN2CCN(c3ccc(C(=O)NS(=O)(=O)c4ccc(N[C@H]5CCN(CCF)C5)c([N+](=O)[O-])c4)c(Oc4cnc5[nH]ccc5c4)c3)CC2)=C(c2ccc(Cl)cc2)C1,"1180191,1372912,339730,704773",0.017,True
CC1(C)CCC(CN2CCN(c3ccc(C(=O)NS(=O)(=O)c4ccc(NCC5CCOCC5)c([N+](=O)[O-])c4)c(Oc4ccc5[nH]ccc5c4)c3)CC2)=C(c2ccc(Cl)cc2)C1,"1179868,1372749,339569,704610",0.017,True
CC1(C)CCC(CN2CCN(c3ccc(C(=O)NS(=O)(=O)c4ccc(N[C@@H]5CCN(C(CF)CF)C5)c([N+](=O)[O-])c4)c(Oc4cccc5[nH]ncc45)c3)CC2)=C(c2ccc(Cl)cc2)C1,325138,0.017,True
CN1CCN(Nc2ccc(S(=O)(=O)NC(=O)c3ccc(N4CCN(CC5=C(c6ccc(Cl)cc6)CC(C)(C)CC5)CC4)cc3Oc3cnc4[nH]ccc4c3)cc2[N+](=O)[O-])CC1,"1179844,1372737,339557,704598",0.018,True
CC1(C)CCC(CN2CCN(c3ccc(C(=O)NS(=O)(=O)c4ccc(N[C@@H]5CCN(C(CF)CF)C5)c([N+](=O)[O-])c4)c(Oc4cnc(N)c(Cl)c4)c3)CC2)=C(c2ccc(Cl)cc2)C1,"281717,387969",0.018,True
CC1(C)CCC(CN2CCN(c3ccc(C(=O)NS(=O)(=O)c4ccc(N[C@H]5CC[C@H](NS(C)(=O)=O)CC5)c([N+](=O)[O-])c4)c(Oc4cnc5[nH]ccc5c4)c3)CC2)=C(c2ccc(Cl)cc2)C1,"1180206,1372920,704781",0.018,True
CC1(C)CCC(CN2CCN(c3ccc(C(=O)NS(=O)(=O)c4ccc(NCC5CCOCC5)c([N+](=O)[O-])c4)c(Oc4cnc5[nH]ccc5c4)c3)CC2)=C(c2ccc(Cl)cc2)C1,"1303723,1303725,1303727,1303729,1303731,1303733,1303735,1303737,312125,51272553,51462828,51462836",2.137833333333333,True
CC1(C)CCC(CN2CCN(c3ccc(C(=O)NS(=O)(=O)c4ccc(OC[C@H]5COCCO5)c([N+](=O)[O-])c4)c(Oc4ccc5[nH]ccc5c4)c3)CC2)=C(c2ccc(Cl)cc2)C1,325050,0.018,True
CC1(C)CCC(CN2CCN(c3ccc(C(=O)NS(=O)(=O)c4cnc(OCC5(F)CCOCC5)c(Cl)c4)c(Oc4cnc(N)c(Cl)c4)c3)CC2)=C(c2ccc(Cl)cc2)C1,"281672,387924",0.019,True
COCCN1CCC(Nc2ccc(S(=O)(=O)NC(=O)c3ccc(N4CCN(CC5=C(c6ccc(Cl)cc6)CC(C)(C)CC5)CC4)cc3Oc3cccc(Cl)c3)cc2[N+](=O)[O-])CC1,"281501,387750",0.019,True
CN1CCC(Nc2ccc(S(=O)(=O)NC(=O)c3ccc(N4CCN(CC5=C(c6ccc(Cl)cc6)CC(C)(C)CC5)CC4)cc3Oc3ccc(N)c(Cl)c3)cc2[N+](=O)[O-])CC1,"281373,387619",0.019,True
CN(C)CC(=O)N1CCO[C@@H](COc2ncc(S(=O)(=O)NC(=O)c3ccc(N4CCN(CC5=C(c6ccc(Cl)cc6)CC(C)(C)CC5)CC4)cc3Oc3cnc4[nH]ccc4c3)cc2Cl)C1,"1179949,1372978,339789,704839",0.019,True
CN(C)CCOc1cccc(Oc2cc(N3CCN(Cc4ccccc4-c4ccc(Cl)cc4)CC3)ccc2C(=O)NS(=O)(=O)c2ccc(NCC3CCOCC3)c([N+](=O)[O-])c2)c1,"281372,387618",0.019,True
CC1(C)CCC(CN2CCN(c3ccc(C(=O)NS(=O)(=O)c4ccc(NC5CCN(C6CCOCC6)CC5)c([N+](=O)[O-])c4)c(Oc4cc(F)cc5[nH]ccc45)c3)CC2)=C(c2ccc(Cl)cc2)C1,"281537,387786",0.02,True
CN1CCC(Nc2ccc(S(=O)(=O)NC(=O)c3ccc(N4CCN(CC5=C(c6ccc(Cl)cc6)CC(C)(C)CC5)CC4)cc3Oc3ccc4[nH]ccc4c3)cc2S(=O)(=O)C(F)(F)Cl)CC1,324801,0.02,True
CC1(C)CC(c2ccc(Cl)cc2)=C(CN2CCN(c3ccc(C(=O)NS(=O)(=O)c4cnc(OCC5(F)CCOCC5)c(Cl)c4)c(Oc4cc5cc[nH]c5cc4F)c3)CC2)CO1,"281711,387963",0.02,True
CC1(C)CCC(CN2CCN(c3ccc(C(=O)NS(=O)(=O)c4ccc(OCC5CCOCC5)c([N+](=O)[O-])c4)c(Oc4cnc(N)c(Cl)c4)c3)CC2)=C(c2ccc(Cl)cc2)C1,"281704,387956",0.02,True
CC1(C)CCC(CN2CCN(c3ccc(C(=O)NS(=O)(=O)c4ccc(NCC5COCCN5C5CCOCC5)c([N+](=O)[O-])c4)c(Oc4cnc5[nH]ccc5c4)c3)CC2)=C(c2ccc(Cl)cc2)C1,"1180169,1372900,339718,704761",0.021,True
CN(C)CCCNc1ccc(S(=O)(=O)NC(=O)c2ccc(N3CCN(CC4=C(c5ccc(Cl)cc5)CC(C)(C)CC4)CC3)cc2Oc2ccccc2F)cc1[N+](=O)[O-],"281469,387715",0.021,True
CC1(C)CCCC(c2ccc(Cl)cc2)=C1CN1CCN(c2ccc(C(=O)NS(=O)(=O)c3ccc(NCC4CCOCC4)c([N+](=O)[O-])c3)c(Oc3cnc4[nH]ccc4c3)c2)CC1,"1180034,1372832,339650,704693",0.021,True
CC1(C)CCC(CN2CCN(c3ccc(C(=O)NS(=O)(=O)c4cnc(OCC5COCCO5)c(Br)c4)c(Oc4cnc5[nH]ccc5c4)c3)CC2)=C(c2ccc(Cl)cc2)C1,"1179932,1372781,339601,704642",0.021,True
CC1(C)CCC(CN2CCN(c3ccc(C(=O)NS(=O)(=O)c4ccc(NCC5CCC(F)(F)CC5)c([N+](=O)[O-])c4)c(Oc4cccc5[nH]ncc45)c3)CC2)=C(c2ccc(Cl)cc2)C1,325115,0.021,True
CC1(C)CCC(CN2CCN(c3ccc(C(=O)NS(=O)(=O)c4ccc(NCC5COCCN5C5CCC5)c([N+](=O)[O-])c4)c(Oc4cnc5[nH]ccc5c4)c3)CC2)=C(c2ccc(Cl)cc2)C1,"1180171,1372901,339719,704762",0.022,True
CC1(C)CCC(CN2CCN(c3ccc(C(=O)NS(=O)(=O)c4ccc(NCc5ccc(O)cc5)c([N+](=O)[O-])c4)c(Oc4cnc5[nH]ccc5c4)c3)CC2)=C(c2ccc(Cl)cc2)C1,"1180198,1372916,339733,704777",0.022,True
CN1CCC(Nc2ccc(S(=O)(=O)NC(=O)c3ccc(N4CCN(CC5=C(c6ccc(Cl)cc6)CC(C)(C)CC5)CC4)cc3Oc3cc(Cl)cc(Cl)c3)cc2[N+](=O)[O-])CC1,"281368,387614",0.022,True
CC1(C)CCC(CN2CCN(c3ccc(C(=O)NS(=O)(=O)c4ccc(NC5CCC(NC6CC6(F)F)CC5)c([N+](=O)[O-])c4)c(Oc4cnc5[nH]ccc5c4)c3)CC2)=C(c2ccc(Cl)cc2)C1,"1180150,1373078,704939",0.023,True
CC1(C)CCC(CN2CCN(c3ccc(C(=O)NS(=O)(=O)c4ccc(O[C@@H]5CCN(C(CF)CF)C5)c([N+](=O)[O-])c4)c(Oc4cnc5[nH]ccc5c4)c3)CC2)=C(c2ccc(Cl)cc2)C1,"1179925,1372966,339777,704827",0.023,True
COc1cccc(CNc2ccc(S(=O)(=O)NC(=O)c3ccc(N4CCN(CC5=C(c6ccc(Cl)cc6)CC(C)(C)CC5)CC4)cc3Oc3cnc4[nH]ccc4c3)cc2[N+](=O)[O-])c1,"1180183,1372907,339725,704768",0.023,True
CC1(C)CCC(CN2CCN(c3ccc(C(=O)NS(=O)(=O)c4ccc(OCC5CCN(C6COC6)CC5)c(Cl)c4)c(Oc4cnc5[nH]ccc5c4)c3)CC2)=C(c2ccc(Cl)cc2)C1,"1180070,1373038,339849,704899",0.023,True
CC1(C)CCC(CN2CCN(c3ccc(C(=O)NS(=O)(=O)c4ccc(NCC5CN(C6CC6)CCO5)c([N+](=O)[O-])c4)c(Oc4cccc5[nH]cnc45)c3)CC2)=C(c2ccc(Cl)cc2)C1,325135,0.023,True
CC1(C)CCC(CN2CCN(c3ccc(C(=O)NS(=O)(=O)c4cnc(OCC5(F)CCOCC5)c(F)c4)c(Oc4cccc5[nH]ncc45)c3)CC2)=C(c2ccc(Cl)cc2)C1,325119,0.023,True
CC1(C)CCC(CN2CCN(c3ccc(C(=O)NS(=O)(=O)c4ccc(OCC5CCOCC5)c(C#N)c4)c(Oc4cnc5[nH]ccc5c4)c3)CC2)=C(c2ccc(Cl)cc2)C1,"1180021,1373014,339825,704875",0.024,True
CC1(C)CCC(CN2CCN(c3ccc(C(=O)NS(=O)(=O)c4ccc(NN5CCN(C6CCOCC6)CC5)c([N+](=O)[O-])c4)c(Oc4cnc5[nH]ccc5c4)c3)CC2)=C(c2ccc(Cl)cc2)C1,"1179929,1372968,339779,704829",0.024,True
CC1(C)CCC(CN2CCN(c3ccc(C(=O)NS(=O)(=O)c4ccc(NCC5CCC(C)(C#N)CC5)c([N+](=O)[O-])c4)c(Oc4cnc5[nH]ccc5c4)c3)CC2)=C(c2ccc(Cl)cc2)C1,"1180184,1373095,704956",0.024,True
CN1CCC(O)(CNc2ccc(S(=O)(=O)NC(=O)c3ccc(N4CCN(CC5=C(c6ccc(Cl)cc6)CC(C)(C)CC5)CC4)cc3Oc3ccccc3Cl)cc2[N+](=O)[O-])CC1,"281520,387769",0.024,True
CC1(C)CC(c2ccc(Cl)cc2)=C(CN2CCN(c3ccc(C(=O)NS(=O)(=O)c4cnc(OCC5(F)CCOCC5)c(Cl)c4)c(Oc4cccc5[nH]ncc45)c3)CC2)CO1,325168,0.025,True
CC1(C)CCC(CN2CCN(c3ccc(C(=O)NS(=O)(=O)c4ccc(NC5CCN(CCCO)CC5)c([N+](=O)[O-])c4)c(Oc4ccc5[nH]ccc5c4)c3)CC2)=C(c2ccc(Cl)cc2)C1,324907,0.025,True
CC1(C)CCC(CN2CCN(c3ccc(C(=O)NS(=O)(=O)c4ccc(NCC5CCC(F)(F)CC5)c([N+](=O)[O-])c4)c(Oc4cnc5[nH]ccc5c4)c3)CC2)=C(c2ccc(Cl)cc2)C1,"1179933,1372970,339781,704831",0.026,True
CN1CCC(Nc2ccc(S(=O)(=O)NC(=O)c3ccc(N4CCN(CC5=C(c6ccc(Cl)cc6)CC(C)(C)CC5)CC4)cc3Oc3ccccc3)cc2[N+](=O)[O-])CC1,324868,0.026,True
CN1CCC(CNc2ccc(S(=O)(=O)NC(=O)c3ccc(N4CCN(CC5=C(c6ccc(Cl)cc6)CC(C)(C)CC5)CC4)cc3Oc3cccc4[nH]cnc34)cc2[N+](=O)[O-])CC1,325157,0.026,True
CC1(C)CCC(CN2CCN(c3ccc(C(=O)NS(=O)(=O)c4ccc(NC5CCN(C6CC6)CC5)c(S(=O)(=O)C(F)(F)F)c4)c(Oc4cnc5[nH]ccc5c4)c3)CC2)=C(c2ccc(Cl)cc2)C1,"1179835,1372921,339738,704782",0.026,True
CC(C)N1CCC(Nc2ccc(S(=O)(=O)NC(=O)c3ccc(N4CCN(CC5=C(c6ccc(Cl)cc6)CC(C)(C)CC5)CC4)cc3Oc3ccccc3Cl)cc2[N+](=O)[O-])CC1,"281374,387620",0.027,True
CC1(C)CCC(CN2CCN(c3ccc(C(=O)NS(=O)(=O)c4ccc(NC5CCN(C6CCOCC6)CC5)c([N+](=O)[O-])c4)c(Oc4ccc(O)cc4Cl)c3)CC2)=C(c2ccc(Cl)cc2)C1,"281543,387792",0.027,True
CC1(C)CCC(CN2CCN(c3ccc(C(=O)NS(=O)(=O)c4ccc(NCCCN5CCCC5)c([N+](=O)[O-])c4)c(Oc4ccc5[nH]ccc5c4)c3)CC2)=C(c2ccc(Cl)cc2)C1,324818,0.027,True
CN1CCC(Nc2ccc(S(=O)(=O)NC(=O)c3ccc(N4CCN(CC5=C(c6ccc(Cl)cc6)CC(C)(C)OC5)CC4)cc3Oc3cccc(Cl)c3)cc2[N+](=O)[O-])CC1,"281476,387722",0.028,True
CC1(C)CCC(CN2CCN(c3ccc(C(=O)NS(=O)(=O)c4ccc(NC5CCC(N6CCOCC6)CC5)c([N+](=O)[O-])c4)c(Oc4cccc5c4CC(=O)N5)c3)CC2)=C(c2ccc(Cl)cc2)C1,387895,0.028,True
CN1CCC(Nc2ccc(S(=O)(=O)NC(=O)c3ccc(N4CCN(CC5=C(c6ccc(Cl)cc6)CC(C)(C)OC5)CC4)cc3Oc3cccc(Br)c3)cc2[N+](=O)[O-])CC1,"281489,387737",0.028,True
CC1(C)CCC(CN2CCN(c3ccc(C(=O)NS(=O)(=O)c4cnc(OC[C@@H]5CCN(CC(F)F)C5)c(Cl)c4)c(Oc4cccc5[nH]ncc45)c3)CC2)=C(c2ccc(Cl)cc2)C1,325148,0.028,True
CC1(C)CCC(CN2CCN(c3ccc(C(=O)NS(=O)(=O)c4ccc(OCC5COCCO5)c([N+](=O)[O-])c4)c(Oc4cccc5[nH]ncc45)c3)CC2)=C(c2ccc(Cl)cc2)C1,325150,0.028,True
CO[C@H]1CC[C@H](CNc2ccc(S(=O)(=O)NC(=O)c3ccc(N4CCN(CC5=C(c6ccc(Cl)cc6)CCC6(CCCC6)C5)CC4)cc3Oc3cnc4[nH]ccc4c3)cc2[N+](=O)[O-])CC1,"1179980,1372805,704666",0.029,True
CC1(C)CCC(CN2CCN(c3ccc(C(=O)NS(=O)(=O)c4cnc(OCC5(F)CCOCC5)c(F)c4)c(Oc4cnc5[nH]ccc5c4)c3)CC2)=C(c2ccc(Cl)cc2)C1,"1179951,1372979,339790,704840",0.029,True
COCCNc1ccc(S(=O)(=O)NC(=O)c2ccc(N3CCN(CC4=C(c5ccc(Cl)cc5)CC(C)(C)CC4)CC3)cc2Oc2cccc3c2CC(=O)N3)cc1[N+](=O)[O-],"281644,387896",0.029,True
CC1(C)CCC(CN2CCN(c3ccc(C(=O)NS(=O)(=O)c4ccc(NCCCN5CCCC5)c([N+](=O)[O-])c4)c(Oc4cccc(Cl)c4F)c3)CC2)=C(c2ccc(Cl)cc2)C1,"198644,387727",0.03,True
CC1(C)CCC(CN2CCN(c3ccc(C(=O)NS(=O)(=O)c4ccc(N[C@@H]5CCN(C(CF)CF)C5)c([N+](=O)[O-])c4)c(Oc4cnc5[nH]ccc5c4)c3)CC2)=C(c2ccc(Cl)cc2)C1,"1179869,1372938,339752,704799",0.03,True
CC1(C)CCC(CN2CCN(c3ccc(C(=O)NS(=O)(=O)c4cnc(OCC5CCC(N(C6CC6)C6COC6)CC5)c(Cl)c4)c(Oc4cnc5[nH]ccc5c4)c3)CC2)=C(c2ccc(Cl)cc2)C1,"1180110,1373058,704919",0.03,True
CN1CCC(Nc2ccc(S(=O)(=O)NC(=O)c3ccc(N4CCN(CC5=C(c6ccc(Cl)cc6)CC(C)(C)CC5)CC4)cc3Oc3ccccc3Br)cc2[N+](=O)[O-])CC1,"281375,387621",0.03,True
CC1(C)CCC(CN2CCN(c3ccc(C(=O)NS(=O)(=O)c4ccc(NC5CCN(C6CCOCC6)CC5)c([N+](=O)[O-])c4)c(Oc4cccc(Cl)c4)c3)CC2)=C(c2ccc(Cl)cc2)C1,"281459,387705",0.03,True
CN1CCC(Nc2ccc(S(=O)(=O)NC(=O)c3ccc(N4CCN(CC5=C(c6ccc(Cl)cc6)CC(C)(C)OC5)CC4)cc3Oc3cccc4[nH]ccc34)cc2[N+](=O)[O-])CC1,324861,0.03,True
CN(C)CCCNc1ccc(S(=O)(=O)NC(=O)c2ccc(N3CCN(CC4=C(c5ccc(Cl)cc5)CC(C)(C)CC4)CC3)cc2Oc2cccc3[nH]cc(CN4CCN(C)CC4)c23)cc1[N+](=O)[O-],"281540,387789",0.031,True
O=C(NS(=O)(=O)c1cnc(OCC2(F)CCOCC2)c(Cl)c1)c1ccc(N2CCC(F)(Cc3ccccc3-c3ccc(Cl)cc3)CC2)cc1Oc1cnc2[nH]ccc2c1,"1179997,1373002,339813,704863",0.031,True
CC1(C)CCC(CN2CCN(c3ccc(C(=O)NS(=O)(=O)c4ccc(OCC5(F)CCOCC5)c([N+](=O)[O-])c4)c(Oc4ccc5[nH]ccc5c4)c3)CC2)=C(c2ccc(Cl)cc2)C1,325031,0.031,True
CN1CCC(F)(COc2ccc(S(=O)(=O)NC(=O)c3ccc(N4CCN(CC5=C(c6ccc(Cl)cc6)CC(C)(C)CC5)CC4)cc3Oc3cnc4[nH]ccc4c3)cc2S(=O)(=O)C(F)(F)F)CC1,"1179915,1372961,339773,704822",0.031,True
CN1CCC(Nc2ccc(S(=O)(=O)NC(=O)c3ccc(N4CCN(CC5=C(c6ccc(Cl)cc6)CC(C)(C)OC5)CC4)cc3Oc3cccc(I)c3)cc2[N+](=O)[O-])CC1,"281490,387738",0.031,True
CC1(C)CCC(CN2CCN(c3ccc(C(=O)NS(=O)(=O)c4ccc(NC5CCN(C6CCOCC6)CC5)c([N+](=O)[O-])c4)c(Oc4cccc(F)c4)c3)CC2)=C(c2ccc(Cl)cc2)C1,"281445,387691",0.032,True
CN(C)CCCc1cccc(-c2ccc(Cl)cc2)c1CN1CCN(c2ccc(C(=O)NS(=O)(=O)c3ccc(NCC4CCOCC4)c([N+](=O)[O-])c3)c(Oc3cccc4[nH]ccc34)c2)CC1,324906,0.032,True
Cc1cc(Oc2cc(N3CCN(CC4=C(c5ccc(Cl)cc5)CC(C)(C)CC4)CC3)ccc2C(=O)NS(=O)(=O)c2ccc(NCC3CCOCC3)c([N+](=O)[O-])c2)cnc1N,"281685,387937",0.033,True
CC1(C)CCC(CN2CCN(c3ccc(C(=O)NS(=O)(=O)c4ccc(NC5CCN(C6CCOCC6)CC5)c([N+](=O)[O-])c4)c(Oc4ccccc4F)c3)CC2)=C(c2ccc(Cl)cc2)C1,"281456,387702",0.033,True
CC1(C)CCC(CN2CCN(c3ccc(C(=O)NS(=O)(=O)c4ccc(NN5CCN(C6COC6)CC5)c([N+](=O)[O-])c4)c(Oc4cnc5[nH]ccc5c4)c3)CC2)=C(c2ccc(Cl)cc2)C1,"1179927,1372967,339778,704828",0.033,True
CC1(C)CCC(CN2CCN(c3ccc(C(=O)NS(=O)(=O)c4ccc(OC[C@H]5CC[C@H](O)CC5)c(Cl)c4)c(Oc4cnc5[nH]ccc5c4)c3)CC2)=C(c2ccc(Cl)cc2)C1,"1180062,1373034,704895",0.033,True
CC1(C)CCC(CN2CCN(c3ccc(C(=O)NS(=O)(=O)c4cnc(OC[C@H]5CC[C@](C)(O)CC5)c(Cl)c4)c(Oc4cnc5[nH]ccc5c4)c3)CC2)=C(c2ccc(Cl)cc2)C1,"1373077,704938",0.034,True
CC1(C)CC(c2ccc(Cl)cc2)=C2CN3CCN(c4ccc(C(=O)NS(=O)(=O)c5ccc(NCC6COCCO6)c([N+](=O)[O-])c5)c(N5CCCOc6nc7[nH]ccc7cc65)c4)C[C@H]3COCCCO[C@@H]2C1,1497959,0.034,True
CN1CCC(Nc2ccc(S(=O)(=O)NC(=O)c3ccc(N4CCN(CC5=C(c6ccc(Cl)cc6)CCCC5)CC4)cc3Oc3ccccc3Cl)cc2[N+](=O)[O-])CC1,"281376,387622",0.034,True
CC1(C)CCC(CN2CCN(c3ccc(C(=O)NS(=O)(=O)c4ccc(NCC5CCOC5)c([N+](=O)[O-])c4)c(Oc4cc5cc[nH]c5cc4F)c3)CC2)=C(c2ccc(Cl)cc2)C1,"281655,387907",0.034,True
CC1(C)CCC(CN2CCN(c3ccc(C(=O)NS(=O)(=O)c4cnc(OCC5CCC(C)(O)CC5)c(Cl)c4)c(Oc4cnc5[nH]ccc5c4)c3)CC2)=C(c2ccc(Cl)cc2)C1,1180148,0.034,True
CC1(C)CC(c2ccc(Cl)cc2)=C2CN3CCN(c4ccc(C(=O)NS(=O)(=O)c5ccc(NC[C@H]6COCCO6)c([N+](=O)[O-])c5)c(N5CCCOc6nc7[nH]ccc7cc65)c4)C[C@H]3COCCCO[C@@H]2C1,"1406188,51565550",0.034,True
O=C(NS(=O)(=O)c1cnc(OCC2CCOCC2)c(Cl)c1)c1ccc(N2CCN(CC3=C(c4ccc(Cl)cc4)CCC4(CCN(C(CF)CF)CC4)C3)CC2)cc1Oc1cnc2[nH]ccc2c1,"1179987,1372997,339808,704858",0.035,True
CC(C)N1CCC2(CCC(c3ccc(Cl)cc3)=C(CN3CCN(c4ccc(C(=O)NS(=O)(=O)c5ccc(NCC6CCOCC6)c(C(F)(F)F)c5)c(Oc5cnc6[nH]ccc6c5)c4)CC3)C2)CC1,"1179999,1373003,339814,704864",0.035,True
CC1(C)CCC(CN2CCN(c3ccc(C(=O)NS(=O)(=O)c4ccc(OCc5ccoc5)c([N+](=O)[O-])c4)c(Oc4cnc5[nH]ccc5c4)c3)CC2)=C(c2ccc(Cl)cc2)C1,"1180011,1373009,339820,704870",0.035,True
CN1CCC(CNc2ccc(S(=O)(=O)NC(=O)c3ccc(N4CCN(CC5=C(c6ccc(Cl)cc6)CC(C)(C)CC5)CC4)cc3Oc3cccc(F)c3F)cc2[N+](=O)[O-])CC1,"281486,387733",0.035,True
CC1(C)CCC(CN2CCN(c3ccc(C(=O)NS(=O)(=O)c4ccc(NCC5CCC(C#N)CC5)c([N+](=O)[O-])c4)c(Oc4cnc(N)c(Cl)c4)c3)CC2)=C(c2ccc(Cl)cc2)C1,387976,0.035,True
CC1(C)CCC(CN2CCN(c3ccc(C(=O)NS(=O)(=O)c4ccc(NN5CCS(=O)(=O)CC5)c([N+](=O)[O-])c4)c(Oc4cnc5[nH]ccc5c4)c3)CC2)=C(c2ccc(Cl)cc2)C1,"1180046,1372838,339656,704699",0.035,True
CN1CCN(Nc2ccc(S(=O)(=O)NC(=O)c3ccc(N4CCN(CC5=C(c6ccc(Cl)cc6)CC(C)(C)OC5)CC4)cc3Oc3cccc(F)c3F)cc2[N+](=O)[O-])CC1,"281514,387763",0.035,True
CC1(C)CCC(CN2CCN(c3ccc(C(=O)NS(=O)(=O)c4cnc(OCC5(F)CCOCC5)c(C#N)c4)c(Oc4cccc5[nH]ncc45)c3)CC2)=C(c2ccc(Cl)cc2)C1,325109,0.035,True
CC1(C)CCC(CN2CCN(c3ccc(C(=O)NS(=O)(=O)c4ccc(NCCCN5CCCC5)c([N+](=O)[O-])c4)c(Oc4cccc5[nH]ccc45)c3)CC2)=C(c2ccc(Cl)cc2)C1,324823,0.035,True
CN1CCC(COc2ccc(S(=O)(=O)NC(=O)c3ccc(N4CCN(CC5=C(c6ccc(Cl)cc6)CC(C)(C)CC5)CC4)cc3Oc3ccc4[nH]ccc4c3)cc2[N+](=O)[O-])CC1,325058,0.036,True
CC1(C)C=CC(c2ccc(Cl)cc2)=C(CN2CCN(c3ccc(C(=O)NS(=O)(=O)c4ccc(NCC5CCOCC5)c([N+](=O)[O-])c4)c(Oc4cnc5[nH]ccc5c4)c3)CC2)C1,"1179867,1372937,339751,704798",0.036,True
COC1(Cc2ccccc2-c2ccc(Cl)cc2)CCN(c2ccc(C(=O)NS(=O)(=O)c3ccc(NCC4CCOCC4)c([N+](=O)[O-])c3)c(Oc3cnc4[nH]ccc4c3)c2)CC1,"1179981,1372994,339805,704855",0.036,True
CC1(C)CCC(CN2CCN(c3ccc(C(=O)NS(=O)(=O)c4cnc(OC[C@@H]5C[C@H]6C[C@@H]5C[C@@]6(C)O)c(Cl)c4)c(Oc4cnc5[nH]ccc5c4)c3)CC2)=C(c2ccc(Cl)cc2)C1,"1180130,1373068,704929",0.036,True
COCCOCCN1CCC(Nc2ccc(S(=O)(=O)NC(=O)c3ccc(N4CCN(CC5=C(c6ccc(Cl)cc6)CC(C)(C)CC5)CC4)cc3Oc3cccc(Cl)c3)cc2[N+](=O)[O-])CC1,281498,0.036,True
Cc1n[nH]c2cccc(Oc3cc(N4CCN(CC5=C(c6ccc(Cl)cc6)CC(C)(C)CC5)CC4)ccc3C(=O)NS(=O)(=O)c3ccc(NCCCN4CCOCC4)c([N+](=O)[O-])c3)c12,"281377,387623",0.036,True
CC1(C)CCC(CN2CCN(c3ccc(C(=O)NS(=O)(=O)c4ccc(NCCCN5CCOCC5)c([N+](=O)[O-])c4)c(Oc4cccc(F)c4)c3)CC2)=C(c2ccc(Cl)cc2)C1,"281446,387692",0.036,True
CN(C)CCCOc1ccc(-c2ccc(Cl)cc2)c(CN2CCN(c3ccc(C(=O)NS(=O)(=O)c4ccc(NCC5CCOCC5)c([N+](=O)[O-])c4)c(Oc4ccccc4)c3)CC2)c1,324832,0.036,True
CN1CCC(C)(Nc2ccc(S(=O)(=O)NC(=O)c3ccc(N4CCN(CC5=C(c6ccc(Cl)cc6)CC(C)(C)CC5)CC4)cc3Oc3cccc(Cl)c3)cc2[N+](=O)[O-])CC1,"281497,387746",0.498,True
CN(C)CCCNc1ccc(S(=O)(=O)NC(=O)c2ccc(N3CCN(CC4=C(c5ccc(Cl)cc5)CC(C)(C)CC4)CC3)cc2Oc2ccccc2Cl)cc1[N+](=O)[O-],"281507,387756",0.036,True
CN(C)C(=O)CN1CCC(Nc2ccc(S(=O)(=O)NC(=O)c3ccc(N4CCN(CC5=C(c6ccc(Cl)cc6)CC(C)(C)CC5)CC4)cc3Oc3cccc(Cl)c3)cc2[N+](=O)[O-])CC1,281517,0.036,True
CC1(C)CCC(CN2CCN(c3ccc(C(=O)NS(=O)(=O)c4ccc(NC5CCN(CC6CC6)CC5)c([N+](=O)[O-])c4)c(Oc4ccccc4Cl)c3)CC2)=C(c2ccc(Cl)cc2)C1,"281516,387765",0.073,True
CC1(C)CCC(CN2CCN(c3ccc(C(=O)NS(=O)(=O)c4cnc(NOCC5C[C@H]6C[C@@H]5C[C@]6(C)O)c(Cl)c4)c(Oc4cnc5[nH]ccc5c4)c3)CC2)=C(c2ccc(Cl)cc2)C1,312122,0.036,True
CC1(C)CCC(CN2CCN(c3ccc(C(=O)NS(=O)(=O)c4cnc(OCC5(F)CCOCC5)c(C#N)c4)c(Oc4cnc5[nH]ccc5c4)c3)CC2)=C(c2ccc(Cl)cc2)C1,"1179944,1372787,339607,704648",0.037,True
CCN1CCC(Nc2ccc(S(=O)(=O)NC(=O)c3ccc(N4CCN(CC5=C(c6ccc(Cl)cc6)CC(C)(C)CC5)CC4)cc3Oc3cccc(Cl)c3)cc2[N+](=O)[O-])CC1,"281502,387751",0.037,True
CC(c1ccccc1-c1ccc(Cl)cc1)N1CCN(c2ccc(C(=O)NS(=O)(=O)c3ccc(NC4CCN(C)CC4)c([N+](=O)[O-])c3)c(Oc3ccccc3Cl)c2)CC1,"281533,387782",0.037,True
CC1(C)CCC(CN2CCN(c3ccc(C(=O)NS(=O)(=O)c4ccc(NCCCN5CCNC(=O)C5)c([N+](=O)[O-])c4)c(Oc4cc5cc[nH]c5cc4F)c3)CC2)=C(c2ccc(Cl)cc2)C1,"281558,387808",0.037,True
CN1CCC(Nc2ccc(S(=O)(=O)NC(=O)c3ccc(N4CCN(CC5=C(c6ccc(Cl)cc6)CC(C)(C)CC5)CC4)cc3Oc3cccc(F)c3Cl)cc2[N+](=O)[O-])CC1,"281505,387754",0.037,True
CC1(C)CCC(CN2CCN(c3ccc(C(=O)NS(=O)(=O)c4ccc(OCC5COCCO5)c([N+](=O)[O-])c4)c(Oc4cc5cc[nH]c5cc4F)c3)CC2)=C(c2ccc(Cl)cc2)C1,"281609,387860",0.037,True
CC1(C)CCC(CN2CCN(c3ccc(C(=O)NS(=O)(=O)c4cnc(OCC5(F)CCOCC5)c(Cl)c4)c(Oc4cc5cc[nH]c5cc4F)c3)CC2)=C(c2ccc(Cl)cc2)C1,"281649,387901",0.037,True
CC1(C)CCC(CN2CCN(c3ccc(C(=O)NS(=O)(=O)c4ccc(NCC5CCOCC5)c([N+](=O)[O-])c4)c(Oc4ccc(N)c(Cl)c4)c3)CC2)=C(c2ccc(Cl)cc2)C1,"281572,387822",0.039,True
CC1(C)CCC(CN2CCN(c3ccc(C(=O)NS(=O)(=O)c4ccc(OCC5(F)CCOCC5)c(C#N)c4)c(Oc4cnc5[nH]ccc5c4)c3)CC2)=C(c2ccc(Cl)cc2)C1,"1180051,1373029,339840,704890",0.039,True
O=C(NS(=O)(=O)c1ccc(NCC2CCOCC2)c([N+](=O)[O-])c1)c1ccc(N2CCC(F)(Cc3ccccc3-c3ccc(Cl)cc3)CC2)cc1Oc1cnc2[nH]ccc2c1,"1179995,1373001,339812,704862",0.039,True
CC(c1ccccc1-c1ccc(Cl)cc1)N1CCN(c2ccc(C(=O)NS(=O)(=O)c3ccc(NCC4CCOCC4)c([N+](=O)[O-])c3)c(Oc3ccccc3Cl)c2)CC1,"281442,387688",0.039,True
CC1(C)CCC(CN2CCN(c3ccc(C(=O)NS(=O)(=O)c4ccc(NC5CCC(N6CCOCC6)CC5)c([N+](=O)[O-])c4)c(Oc4cc5cc[nH]c5c(F)c4F)c3)CC2)=C(c2ccc(Cl)cc2)C1,387810,0.039,True
CC1(C)CCC(CN2CCN(c3ccc(C(=O)NS(=O)(=O)c4cnc(OC[C@]5(F)CC[C@](C)(O)CC5)c(Cl)c4)c(Oc4cnc5[nH]ccc5c4)c3)CC2)=C(c2ccc(Cl)cc2)C1,"1373085,704946",0.039,True
CC1(C)CCC(CN2CCN(c3ccc(C(=O)NS(=O)(=O)c4cnc(OCC5(F)CCOCC5)c(F)c4)c(Oc4cnc(N)c(Cl)c4)c3)CC2)=C(c2ccc(Cl)cc2)C1,"281725,387977",0.039,True
CC1(C)CCC(CN2CCN(c3ccc(C(=O)NS(=O)(=O)c4ccc(NC5CCN(CCCO)CC5)c([N+](=O)[O-])c4)c(Oc4cccc5[nH]ccc45)c3)CC2)=C(c2ccc(Cl)cc2)C1,324905,0.039,True
CN1CCC(O)(CNc2ccc(S(=O)(=O)NC(=O)c3ccc(N4CCN(CC5=C(c6ccc(Cl)cc6)CC(C)(C)CC5)CC4)cc3Oc3ccc4[nH]ccc4c3)cc2[N+](=O)[O-])CC1,324895,0.039,True
C=CCN1CCC(Nc2ccc(S(=O)(=O)NC(=O)c3ccc(N4CCN(CC5=C(c6ccc(Cl)cc6)CC(C)(C)CC5)CC4)cc3Oc3cccc(F)c3F)cc2[N+](=O)[O-])CC1,"281478,387724",0.04,True
CN1CCN(CCCNc2ccc(S(=O)(=O)NC(=O)c3ccc(N4CCN(CC5=C(c6ccc(Cl)cc6)CC(C)(C)CC5)CC4)cc3Oc3cccc4[nH]ccc34)cc2[N+](=O)[O-])CC1,324820,0.04,True
CC1(C)CCC(CN2CCN(c3ccc(C(=O)NS(=O)(=O)c4cnc(O[C@@H]5CCN(C(CF)CF)C5)c(Cl)c4)c(Oc4cnc5[nH]ccc5c4)c3)CC2)=C(c2ccc(Cl)cc2)C1,"1180001,1373004,339815,704865",0.04,True
CC1(C)CCC(CN2CCN(c3ccc(C(=O)NS(=O)(=O)c4cnc(OCC5(F)CCOCC5)c(C#N)c4)c(Oc4cc5cc[nH]c5cc4F)c3)CC2)=C(c2ccc(Cl)cc2)C1,"281631,387883",0.04,True
CC1(C)CCC(CN2CCN(c3ccc(C(=O)NS(=O)(=O)c4cnc(OCC5(F)CCOCC5)c(Cl)c4)c(Oc4cccc5[nH]ccc45)c3)CC2)=C(c2ccc(Cl)cc2)C1,325108,0.04,True
CN1CCC(Nc2ccc(S(=O)(=O)NC(=O)c3ccc(N4CCN(CC5=C(c6ccc(Cl)cc6)CC(C)(C)CC5)CC4)cc3Oc3cccc(F)c3)cc2[N+](=O)[O-])CC1,"281444,387690",0.042,True
CC1(C)CCC(CN2CCN(c3ccc(C(=O)NS(=O)(=O)c4cnc(OC[C@@H]5CN(C6CC6)CCO5)c(Cl)c4)c(Oc4cnc5[nH]ccc5c4)c3)CC2)=C(c2ccc(Cl)cc2)C1,"1180080,1373043,339854,704904",0.042,True
CC1(C)CCC(CN2CCN(c3ccc(C(=O)NS(=O)(=O)c4ccc(NC5CCC(N6CCC(F)(F)C6)CC5)c([N+](=O)[O-])c4)c(Oc4cnc5[nH]ccc5c4)c3)CC2)=C(c2ccc(Cl)cc2)C1,"1180144,1373075,704936",0.042,True
CC1(C)CCC(CN2CCN(c3ccc(C(=O)NS(=O)(=O)c4ccc(NC5CCN(C6CCOCC6)CC5)c([N+](=O)[O-])c4)c(Oc4ccccc4Cl)c3)CC2)=C(c2ccc(Cl)cc2)C1,"281447,387693",0.042,True
CC1(C)CCC(CN2CCN(c3ccc(C(=O)NS(=O)(=O)c4ccc(NCC5CCOCC5)c([N+](=O)[O-])c4)c(Oc4cccc5c4CC(=O)N5)c3)CC2)=C(c2ccc(Cl)cc2)C1,"281592,387843",0.042,True
CC1(C)CCC(CN2CCN(c3ccc(C(=O)NS(=O)(=O)c4ccc(OCC5COCCO5)c([N+](=O)[O-])c4)c(Oc4cnc(N)c(Cl)c4)c3)CC2)=C(c2ccc(Cl)cc2)C1,"281667,387919",0.042,True
CC1(C)CCC(CN2CCN(c3ccc(C(=O)NS(=O)(=O)c4ccc(OC[C@H]5CC[C@H](N6CCOCC6)CC5)c(Cl)c4)c(Oc4cnc5[nH]ccc5c4)c3)CC2)=C(c2ccc(Cl)cc2)C1,"1180059,1373033,704894",0.044,True
CC1(C)CCC(c2ccc(Cl)cc2)=C(CN2CCN(c3ccc(C(=O)NS(=O)(=O)c4ccc(N[C@H](CCN5CCOCC5)CSc5ccccc5)c(S(=O)(=O)C(F)(F)F)c4)cc3)CC2)C1,"51122006,51233400",0.044,True
CC1(C)CCC(c2ccc(Cl)cc2)=C(CN2CCN(c3ccc(C(=O)NS(=O)(=O)c4ccc(NC(CCN5CCOCC5)CSc5ccccc5)c(S(=O)(=O)C(F)(F)F)c4)cc3)CC2)C1,51272552,0.044,True
CC(=O)N1CCOC(CNc2ccc(S(=O)(=O)NC(=O)c3ccc(N4CCN(CC5=C(c6ccc(Cl)cc6)CC(C)(C)CC5)CC4)cc3Oc3cccc4[nH]cnc34)cc2[N+](=O)[O-])C1,325160,0.045,True
COCC(=O)N1CCC(COc2ccc(S(=O)(=O)NC(=O)c3ccc(N4CCN(CC5=C(c6ccc(Cl)cc6)CC(C)(C)CC5)CC4)cc3Oc3cnc4[nH]ccc4c3)cc2Cl)CC1,"1180041,1373024,339835,704885",0.046,True
CC1(C)CCC(CN2CCN(c3ccc(C(=O)NS(=O)(=O)c4ccc(NC5CCN(C6CCOCC6)CC5)c([N+](=O)[O-])c4)c(Oc4cccc5[nH]cnc45)c3)CC2)=C(c2ccc(Cl)cc2)C1,325120,0.046,True
CC(C)N1CCC(Nc2ccc(S(=O)(=O)NC(=O)c3ccc(N4CCN(CC5=C(c6ccc(Cl)cc6)CC(C)(C)CC5)CC4)cc3Oc3cccc(Cl)c3)cc2[N+](=O)[O-])CC1,"281503,387752",0.046,True
CC1(C)CCC(CN2CCN(c3ccc(C(=O)NS(=O)(=O)c4ccc(NCc5cccc(O)c5)c([N+](=O)[O-])c4)c(Oc4cnc5[nH]ccc5c4)c3)CC2)=C(c2ccc(Cl)cc2)C1,"1180200,1372917,339734,704778",0.047,True
CN1CCN(CCCNc2ccc(S(=O)(=O)NC(=O)c3ccc(N4CCN(CC5=C(c6ccc(Cl)cc6)CC(C)(C)CC5)CC4)cc3Oc3ccc4[nH]ccc4c3)cc2[N+](=O)[O-])CC1,324817,0.047,True
CN1CCC(Nc2ccc(S(=O)(=O)NC(=O)c3ccc(N4CCN(CC5=C(c6ccc(Cl)cc6)CC(C)(C)CC5)CC4)cc3Oc3cccc(F)c3F)cc2[N+](=O)[O-])CC1,"281378,387624",0.047,True
CN1CCC(Nc2ccc(S(=O)(=O)NC(=O)c3ccc(N4CCN(CC5=C(c6ccc(Cl)cc6)CC(C)(C)CC5)CC4)cc3Oc3cccc(Br)c3)cc2[N+](=O)[O-])CC1,"281379,387625",0.047,True
CC(C1=C(c2ccc(Cl)cc2)CC(C)(C)CC1)N1CCN(c2ccc(C(=O)NS(=O)(=O)c3ccc(NC4CCN(C5CCOCC5)CC4)c([N+](=O)[O-])c3)c(Oc3ccc4[nH]ccc4c3)c2)CC1,324966,0.048,True
CN(C)CCCNc1ccc(S(=O)(=O)NC(=O)c2ccc(N3CCN(Cc4ccccc4-c4ccc(Cl)cc4)CC3)cc2Oc2cccc3cnccc23)cc1[N+](=O)[O-],324775,0.048,True
CC1(C)CCC(CN2CCN(c3ccc(C(=O)NS(=O)(=O)c4ccc(N[C@H](CCN5CCOCC5)CSc5ccccc5)c(S(=O)(=O)C(F)(F)Cl)c4)cc3)CC2)=C(c2ccc(Cl)cc2)C1,51627317,0.048,True
CC1(C)CCC(CN2CCN(c3ccc(C(=O)NS(=O)(=O)c4ccc(NC5CCN(CCO)CC5)c([N+](=O)[O-])c4)c(Oc4cccc(Cl)c4)c3)CC2)=C(c2ccc(Cl)cc2)C1,"281491,387739",0.048,True
CC1(C)CCC(CN2CCN(c3ccc(C(=O)NS(=O)(=O)c4ccc(OCC5(C)CCOCC5)c([N+](=O)[O-])c4)c(Oc4cnc5[nH]ccc5c4)c3)CC2)=C(c2ccc(Cl)cc2)C1,"1179897,1372952,339765,704813",0.049,True
CC1(C)CCC(CN2CCN(c3ccc(C(=O)NS(=O)(=O)c4ccc(NCC5(F)CCOCC5)c([N+](=O)[O-])c4)c(Oc4cc5cc[nH]c5cc4F)c3)CC2)=C(c2ccc(Cl)cc2)C1,"281660,387912",0.049,True
CC1(C)CCC(CN2CCN(c3ccc(C(=O)NS(=O)(=O)c4ccc(NCC5CCOCC5)c([N+](=O)[O-])c4)c(Oc4ccccc4)c3)CC2)=C(c2ccc(Cl)cc2)C1,325163,0.049,True
CN1CCC(Nc2ccc(S(=O)(=O)NC(=O)c3ccc(N4CCN(CC5=C(c6ccc(Cl)cc6)CC(C)(C)CC5)CC4)cc3Oc3ccccc3Cl)cc2[N+](=O)[O-])CC1,"281367,387613",0.049,True
CC1(C)CC(c2ccc(Cl)cc2)=C2CN3CCN(c4ccc(C(=O)NS(=O)(=O)c5ccc(NCC6CC[C@](C)(O)CO6)c([N+](=O)[O-])c5)c(N5CCCOc6nc7[nH]ccc7cc65)c4)C[C@H]3COCCCO[C@@H]2C1,1497957,0.049,True
CC1(C)CC(c2ccc(Cl)cc2)=C2CN3CCN(c4ccc(C(=O)NS(=O)(=O)c5ccc(NC[C@H]6CC[C@](C)(O)CO6)c([N+](=O)[O-])c5)c(N5CCCOc6nc7[nH]ccc7cc65)c4)C[C@H]3COCCCO[C@@H]2C1,"1406186,51565549",0.049,True
CN1CCC(Nc2ccc(S(=O)(=O)NC(=O)c3ccc(N4CCN(CC5=C(c6ccc(Cl)cc6)CC(C)(C)CC5)CC4)cc3Oc3ccc4[nH]ccc4c3)cc2S(=O)(=O)C(F)(F)F)CC1,324803,0.05,True
CC1(C)CCC(CN2CCN(c3ccc(C(=O)NS(=O)(=O)c4ccc(OCC5(F)CCOCC5)c([N+](=O)[O-])c4)c(Oc4cnc(N)c(Br)c4)c3)CC2)=C(c2ccc(Cl)cc2)C1,"281683,387935",0.05,True
O=C(NS(=O)(=O)c1ccc(NCC2CCOCC2)c([N+](=O)[O-])c1)c1ccc(N2CCN(Cc3cc(CCN4CCCC4)ccc3-c3ccc(Cl)cc3)CC2)cc1Oc1cccc2[nH]ccc12,324763,0.05,True
CCN1CCC(Nc2ccc(S(=O)(=O)NC(=O)c3ccc(N4CCN(CC5=C(c6ccc(Cl)cc6)CC(C)(C)CC5)CC4)cc3Oc3ccccc3Cl)cc2[N+](=O)[O-])CC1,"281380,387626",0.05,True
CC1(C)CC(c2ccc(Cl)cc2)=C2CN3CCN(c4ccc(C(=O)NS(=O)(=O)c5cnc(OCC6(F)CCOCC6)c(Cl)c5)c(N5CCCOc6nc7[nH]ccc7cc65)c4)C[C@H]3COCCCO[C@@H]2C1,"1406196,1497967,51565551",0.05,True
CC1(C)CCC(CN2CCN(c3ccc(C(=O)NS(=O)(=O)c4ccc(NN5CCOCC5)c([N+](=O)[O-])c4)c(Oc4cccc(Cl)c4)c3)CC2)=C(c2ccc(Cl)cc2)C1,"281578,387828",0.05,True
CC1(C)CCC(CN2CCN(c3ccc(C(=O)NS(=O)(=O)c4ccc(NCC5(N)CCOCC5)c([N+](=O)[O-])c4)c(Oc4cc5cc[nH]c5cc4F)c3)CC2)=C(c2ccc(Cl)cc2)C1,"281573,387823",0.051,True
CN(C)CCOc1cccc(-c2ccc(Cl)cc2)c1CN1CCN(c2ccc(C(=O)NS(=O)(=O)c3ccc(NCC4CCOCC4)c([N+](=O)[O-])c3)c(Oc3cccc4[nH]ccc34)c2)CC1,324844,0.051,True
CC1(C)CCC(CC2CCN(c3ccc(C(=O)NS(=O)(=O)c4ccc(NCC5CCOCC5)c([N+](=O)[O-])c4)c(Oc4cnc5[nH]ccc5c4)c3)CC2)=C(c2ccc(Cl)cc2)C1,"1180082,1373044,339855,704905",0.052,True
CC1(C)CCC(CN2CCN(c3ccc(C(=O)NS(=O)(=O)c4cnc(OCC5CCN(CC#N)CC5)c(Cl)c4)c(Oc4cnc5[nH]ccc5c4)c3)CC2)=C(c2ccc(Cl)cc2)C1,"1179959,1372983,339794,704844",0.052,True
CC1(C)CCC(CN2CCN(c3ccc(C(=O)NS(=O)(=O)c4cnc(OCC5(F)CCN(CC#N)CC5)c(Cl)c4)c(Oc4cnc5[nH]ccc5c4)c3)CC2)=C(c2ccc(Cl)cc2)C1,"1179967,1372987,339798,704848",0.052,True
CC1(C)CCC(CN2CCN(c3ccc(C(=O)NS(=O)(=O)c4cnc(O[C@@H]5CCN(C(CF)CF)C5)c(Cl)c4)c(Oc4cccc5[nH]ncc45)c3)CC2)=C(c2ccc(Cl)cc2)C1,325137,0.052,True
CN(C)CCOc1cccc(-c2ccc(Cl)cc2)c1CN1CCN(c2ccc(C(=O)NS(=O)(=O)c3ccc(NCCCN4CCCC4)c([N+](=O)[O-])c3)c(Oc3ccc4[nH]ccc4c3)c2)CC1,324850,0.052,True
CN1C(C)(C)CC(Nc2ccc(S(=O)(=O)NC(=O)c3ccc(N4CCN(CC5=C(c6ccc(Cl)cc6)CC(C)(C)CC5)CC4)cc3Oc3ccccc3Cl)cc2[N+](=O)[O-])CC1(C)C,"281381,387627",0.053,True
CC1(C)CCC(CN2CCN(c3ccc(C(=O)NS(=O)(=O)c4ccc(N5CCC(N6CCOCC6)CC5)c([N+](=O)[O-])c4)c(Oc4cnc5[nH]ccc5c4)c3)CC2)=C(c2ccc(Cl)cc2)C1,"1179901,1372954,339767,704815",0.053,True
CN1CCN(CCCNc2ccc(S(=O)(=O)NC(=O)c3ccc(N4CCN(CC5=C(c6ccc(Cl)cc6)CC(C)(C)CC5)CC4)cc3Oc3cccc(Cl)c3)cc2[N+](=O)[O-])CC1,"281475,387721",0.053,True
CC1(C)CCC(CN2CCN(c3ccc(C(=O)NS(=O)(=O)c4ccc(NC5CCN(CC6CC6)CC5)c([N+](=O)[O-])c4)c(Oc4cccc(Cl)c4)c3)CC2)=C(c2ccc(Cl)cc2)C1,"281515,387764",0.054,True
CC1(C)CC(c2ccc(Cl)cc2)=C(CN2CCN(c3ccc(C(=O)NS(=O)(=O)c4cnc(OCC5CCOCC5)c(C#N)c4)c(Oc4cc5cc[nH]c5cc4F)c3)CC2)CO1,"281621,387873",0.054,True
COCCOCCSc1ccc(S(=O)(=O)NC(=O)c2ccc(N3CCN(CC4=C(c5ccc(Cl)cc5)CC(C)(C)CC4)CC3)cc2Oc2cccc3[nH]ccc23)cc1[N+](=O)[O-],325084,0.054,True
CC1(C)CCC(CN2CCN(c3ccc(C(=O)NS(=O)(=O)c4ccc(NC5CCN(C6CCCC6)CC5)c([N+](=O)[O-])c4)c(Oc4cccc(F)c4F)c3)CC2)=C(c2ccc(Cl)cc2)C1,"281465,387711",0.055,True
CC1(C)CCC(CN2CCN(c3ccc(C(=O)NS(=O)(=O)c4cnc(OCC5(F)CCOCC5)c(C(F)(F)F)c4)c(Oc4cccc5[nH]ncc45)c3)CC2)=C(c2ccc(Cl)cc2)C1,325113,0.055,True
CN1CCC(Nc2ccc(S(=O)(=O)NC(=O)c3ccc(N4CCN(CC5=C(c6ccc(Cl)cc6)CC(C)(C)CC5)CC4)cc3Oc3ccc(Cl)c(Cl)c3)cc2[N+](=O)[O-])CC1,"281493,387741",0.056,True
CN(C)CCOc1cccc(-c2ccc(Cl)cc2)c1CN1CCN(c2ccc(C(=O)NS(=O)(=O)c3ccc(NCC4CCOCC4)c([N+](=O)[O-])c3)c(Oc3ccc4[nH]ccc4c3)c2)CC1,324845,0.056,True
CN1CCC(Nc2ccc(S(=O)(=O)NC(=O)c3ccc(N4CCN(CC5=C(c6ccc(Cl)cc6)CC(C)(C)CC5)CC4)cc3Oc3cccc4[nH]ccc34)cc2[N+](=O)[O-])CC1,324824,0.056,True
CC1(C)CCC(CN2CCN(c3ccc(C(=O)NS(=O)(=O)c4cnc(NCC5(F)CCOCC5)c(Cl)c4)c(Oc4cnc5[nH]ccc5c4)c3)CC2)=C(c2ccc(Cl)cc2)C1,"1179939,1372973,339784,704834",0.057,True
CN1CCC(Nc2ccc(S(=O)(=O)NC(=O)c3ccc(N4CCN(CC5=C(c6ccc(Cl)cc6)CC(C)(C)OC5)CC4)cc3Oc3cccc(F)c3F)cc2[N+](=O)[O-])CC1,"281477,387723",0.057,True
CN1CCC(Nc2ccc(S(=O)(=O)NC(=O)c3ccc(N4CCN(Cc5cc(OCCO)ccc5-c5ccc(Cl)cc5)CC4)cc3Oc3cccc4[nH]ccc34)cc2[N+](=O)[O-])CC1,324930,0.057,True
CN(C)CCCc1c[nH]c2cccc(Oc3cc(N4CCN(CC5=C(c6ccc(Cl)cc6)CC(C)(C)CC5)CC4)ccc3C(=O)NS(=O)(=O)c3ccc(NCC4CCOCC4)c([N+](=O)[O-])c3)c12,"281662,387914",0.057,True
CN(C)CCOc1cccc(-c2ccc(Cl)cc2)c1CN1CCN(c2ccc(C(=O)NS(=O)(=O)c3ccc(NCC4CCOCC4)c([N+](=O)[O-])c3)c(Oc3ccccc3)c2)CC1,324838,0.058,True
CN1CCN(Nc2ccc(S(=O)(=O)NC(=O)c3ccc(N4CCN(CC5=C(c6ccc(Cl)cc6)CC(C)(C)OC5)CC4)cc3Oc3cc4cc[nH]c4cc3F)cc2[N+](=O)[O-])CC1,"281639,387891",0.058,True
CO[C@H]1CC[C@@H](COc2ncc(S(=O)(=O)NC(=O)c3ccc(N4CCN(CC5=C(c6ccc(Cl)cc6)CC(C)(C)CC5)CC4)cc3Oc3cnc4[nH]ccc4c3)cc2Cl)CC1,"1179877,1372942,704803",0.058,True
COCC(C)(C)CNc1ccc(S(=O)(=O)NC(=O)c2ccc(N3CCN(CC4=C(c5ccc(Cl)cc5)CC(C)(C)CC4)CC3)cc2Oc2cnc3[nH]ccc3c2)cc1[N+](=O)[O-],"1180141,1372886,339704,704747",0.059,True
CN1CCN(CCNc2ccc(S(=O)(=O)NC(=O)c3ccc(N4CCN(CC5=C(c6ccc(Cl)cc6)CC(C)(C)CC5)CC4)cc3Oc3ccc4[nH]ccc4c3)cc2[N+](=O)[O-])CC1,324816,0.06,True
CC1(C)CC(c2ccc(Cl)cc2)=C2CN3CCN(c4ccc(C(=O)NS(=O)(=O)c5ccc(NC[C@H]6CC[C@@](C)(O)CC6)c([N+](=O)[O-])c5)c(N5CCCOc6nc7[nH]ccc7cc65)c4)C[C@H]3COCCCO[C@@H]2C1,"1406254,51565557",0.061,True
CC1(C)CC(c2ccc(Cl)cc2)=C2CN3CCN(c4ccc(C(=O)NS(=O)(=O)c5ccc(NCC6CCC(C)(O)CC6)c([N+](=O)[O-])c5)c(N5CCCOc6nc7[nH]ccc7cc65)c4)C[C@H]3COCCCO[C@@H]2C1,"1498017,1498025",0.229,True
CN1CCC(CNc2ccc(S(=O)(=O)NC(=O)c3ccc(N4CCN(CC5=C(c6ccc(Cl)cc6)CC(C)(C)CC5)CC4)cc3Oc3cccc(Cl)c3)cc2[N+](=O)[O-])CC1,"281485,387732",0.062,True
CC1(C)CCC(CN2CCN(c3ccc(C(=O)NS(=O)(=O)c4ccc(NC5CCN(C6CCOCC6)CC5)c([N+](=O)[O-])c4)c(Oc4cccc(F)c4F)c3)CC2)=C(c2ccc(Cl)cc2)C1,"281382,387628",0.062,True
CN1CCC(Nc2ccc(S(=O)(=O)NC(=O)c3ccc(N4CCN(CC5=C(c6ccc(Cl)cc6)CC(C)(C)CC5)CC4)cc3Oc3cc(F)c4[nH]ccc4c3)cc2[N+](=O)[O-])CC1,"281383,387629",0.062,True
CC1(C)CCC(CN2CCN(c3ccc(C(=O)NS(=O)(=O)c4cnc(OCC5(F)CCOCC5)c(C#N)c4)c(Oc4ccc5[nH]ccc5c4)c3)CC2)=C(c2ccc(Cl)cc2)C1,325088,0.062,True
CC1(C)CCC(CN2CCN(c3ccc(C(=O)NS(=O)(=O)c4ccc(NC5CCN(C6CC6)CC5)c([N+](=O)[O-])c4)c(Oc4cnc(N)c(Cl)c4)c3)CC2)=C(c2ccc(Cl)cc2)C1,"281681,387933",0.062,True
CC1(C)CCC(CN2CCN(c3ccc(C(=O)NS(=O)(=O)c4cnc(OCCN5CCOCC5)c(C#N)c4)c(Oc4cnc5[nH]ccc5c4)c3)CC2)=C(c2ccc(Cl)cc2)C1,"1179946,1372788,339608,704649",0.063,True
CC1(C)CCC(CN2CCN(c3ccc(C(=O)NS(=O)(=O)c4cnc(OCC5CCOC5)c(Cl)c4)c(Oc4cccc5[nH]ncc45)c3)CC2)=C(c2ccc(Cl)cc2)C1,325123,0.063,True
CC1(C)CCC(CN2CCN(c3ccc(C(=O)NS(=O)(=O)c4ccc(NCCCN5CCOCC5)c([N+](=O)[O-])c4)c(Oc4cccc(Cl)c4)c3)CC2)=C(c2ccc(Cl)cc2)C1,"281460,387706",0.064,True
CC1(C)CCC(CN2CCN(c3ccc(C(=O)NS(=O)(=O)c4ccc(NC5CCN(C6CCOCC6)CC5)c([N+](=O)[O-])c4)c(Oc4cc5cc[nH]c5cc4F)c3)CC2)=C(c2ccc(Cl)cc2)C1,"281521,387770",0.064,True
CC1(C)CCC(CN2CCN(c3ccc(C(=O)NS(=O)(=O)c4ccc(NCC5CCOCC5)c([N+](=O)[O-])c4)c(Oc4cccc(Cl)c4)c3)CC2)=C(c2ccc(Cl)cc2)C1,"281571,387821",0.065,True
CN1CCC(Nc2ccc(S(=O)(=O)NC(=O)c3ccc(N4CCN(CC5=C(c6ccc(Cl)cc6)CC(C)(C)CC5)CC4)cc3Oc3cccc(O)c3Cl)cc2[N+](=O)[O-])CC1,"281499,387748",0.066,True
CN1CCC(Nc2ccc(S(=O)(=O)NC(=O)c3ccc(N4CCN(CC5=C(c6ccc(Cl)cc6)CC(C)(C)CC5)CC4)cc3Oc3cccc(Cl)c3)cc2S(=O)(=O)C(F)(F)F)CC1,"281463,387709",0.066,True
CC1(C)CCC(CN2CCN(c3ccc(C(=O)NS(=O)(=O)c4ccc(NCCCN5CCOCC5)c([N+](=O)[O-])c4)c(Oc4cccc(F)c4F)c3)CC2)=C(c2ccc(Cl)cc2)C1,"281384,387630",0.066,True
CC1(C)CCC(CN2CCN(c3ccc(C(=O)NS(=O)(=O)c4ccc(NC5CCN(C6CCCC6)CC5)c([N+](=O)[O-])c4)c(Oc4cccc(Cl)c4)c3)CC2)=C(c2ccc(Cl)cc2)C1,"281462,387708",0.067,True
CC1(C)CCC(CN2CCN(c3ccc(C(=O)NS(=O)(=O)c4ccc(NCCN5CCOCC5)c([N+](=O)[O-])c4)c(Oc4cccc(F)c4F)c3)CC2)=C(c2ccc(Cl)cc2)C1,"281467,387713",0.068,True
CC1(C)CCC(CN2CCN(c3ccc(C(=O)NS(=O)(=O)c4ccc(N[C@H]5CCN(CC(F)F)C5)c([N+](=O)[O-])c4)c(Oc4cnc5[nH]ccc5c4)c3)CC2)=C(c2ccc(Cl)cc2)C1,"1180193,1372913,339731,704774",0.068,True
CC1(C)CCC(CN2CCN(c3ccc(C(=O)NS(=O)(=O)c4ccc(OCC5CCOCC5)c([N+](=O)[O-])c4)c(Oc4cc5cc[nH]c5cc4F)c3)CC2)=C(c2ccc(Cl)cc2)C1,"281588,387839",0.068,True
CC1(C)CCC(CN2CCN(c3ccc(C(=O)NS(=O)(=O)c4ccc(NCCN5CCOCC5)c([N+](=O)[O-])c4)c(Oc4ccccc4F)c3)CC2)=C(c2ccc(Cl)cc2)C1,"281458,387704",0.068,True
CN(C)CCCNc1ccc(S(=O)(=O)NC(=O)c2ccc(N3CCN(CC4=C(c5ccc(Cl)cc5)CC(C)(C)CC4)CC3)cc2Oc2cccc3[nH]ccc23)cc1[N+](=O)[O-],324786,0.068,True
CCN1CCOCC1COc1ccc(S(=O)(=O)NC(=O)c2ccc(N3CCN(CC4=C(c5ccc(Cl)cc5)CC(C)(C)CC4)CC3)cc2Oc2cc3cc[nH]c3cc2F)cc1[N+](=O)[O-],"281651,387903",0.068,True
CC1(C)CCC(CN2CCN(c3ccc(C(=O)NS(=O)(=O)c4ccc(NCC5CCOCC5)c([N+](=O)[O-])c4)c(Oc4cc5cc[nH]c5c(F)c4F)c3)CC2)=C(c2ccc(Cl)cc2)C1,"281568,387818",0.069,True
CC1(C)CCC(CN2CCN(c3ccc(C(=O)NS(=O)(=O)c4ccc(OCC5(F)CCOCC5)c(Cl)c4)c(Oc4cnc(N)c(Cl)c4)c3)CC2)=C(c2ccc(Cl)cc2)C1,"281727,387979",0.069,True
CN1CCC(CNc2ccc(S(=O)(=O)NC(=O)c3ccc(N4CCN(Cc5ccccc5-c5ccc(Cl)cc5)CC4)cc3Oc3ccccc3)cc2[N+](=O)[O-])CC1,324809,0.069,True
CN(C)CCCOc1ccc(S(=O)(=O)NC(=O)c2ccc(N3CCN(Cc4ccccc4-c4ccc(Cl)cc4)CC3)cc2Oc2ccccc2)cc1[N+](=O)[O-],324815,0.07,True
CN1CCC(Nc2ccc(S(=O)(=O)NC(=O)c3ccc(N4CCN(CC5=C(c6ccc(Cl)cc6)CC(C)(C)CC5)CC4)cc3Oc3cccc(Cl)c3)cc2[N+](=O)[O-])CC1,"281369,387615",0.07,True
CC1(C)CCC(CN2CCN(c3ccc(C(=O)NS(=O)(=O)c4cnc(O[C@@H]5CCN(CC(F)F)C5)c(Cl)c4)c(Oc4cccc5[nH]ncc45)c3)CC2)=C(c2ccc(Cl)cc2)C1,325125,0.071,True
CC1(C)CCC(CN2CCN(c3ccc(C(=O)NS(=O)(=O)c4ccc(NC5CCN(CC6CC6)CC5)c([N+](=O)[O-])c4)c(Oc4cc5cc[nH]c5cc4F)c3)CC2)=C(c2ccc(Cl)cc2)C1,"281561,387811",0.071,True
CN(C)CCCNc1ccc(S(=O)(=O)NC(=O)c2ccc(N3CCN(CC4=C(c5ccc(Cl)cc5)CC(C)(C)CC4)CC3)cc2Oc2cccc(Cl)c2)cc1[N+](=O)[O-],"281474,387720",0.071,True
CC1(C)CCC(CN2CCN(c3ccc(C(=O)NS(=O)(=O)c4cnc(OC[C@@H]5CCN(C(CF)CF)C5)c(Cl)c4)c(Oc4cnc5[nH]ccc5c4)c3)CC2)=C(c2ccc(Cl)cc2)C1,"1180013,1373010,339821,704871",0.071,True
CC1(C)CCC(CN2CCN(c3ccc(C(=O)NS(=O)(=O)c4ccc(NC5CCN(CC(F)(F)F)CC5)c([N+](=O)[O-])c4)c(Oc4cnc5[nH]ccc5c4)c3)CC2)=C(c2ccc(Cl)cc2)C1,"1179998,1372814,312114,704675",0.071,True
CN(C)C(=O)c1ccccc1Oc1cc(N2CCN(Cc3ccccc3-c3ccc(Cl)cc3)CC2)ccc1C(=O)NS(=O)(=O)c1ccc(NCC2CCOCC2)c([N+](=O)[O-])c1,"281363,387609",0.071,True
CC1(C)CCC(CN2CCN(c3ccc(C(=O)NS(=O)(=O)c4ccc(NCCCN5CCOCC5)c([N+](=O)[O-])c4)c(Oc4ccc(N)c(Cl)c4)c3)CC2)=C(c2ccc(Cl)cc2)C1,"281385,387631",0.072,True
CC1(C)CCC(CN2CCN(c3ccc(C(=O)NS(=O)(=O)c4ccc(NC5CCN(C6CCCC6)CC5)c([N+](=O)[O-])c4)c(Oc4ccccc4Cl)c3)CC2)=C(c2ccc(Cl)cc2)C1,"281449,387695",0.072,True
CC1(C)CCC(CN2CCN(c3ccc(C(=O)NS(=O)(=O)c4ccc(NC5CCN(C6CCOCC6)CC5)c([N+](=O)[O-])c4)c(Oc4ccc5[nH]ccc5c4)c3)CC2)=C(c2ccc(Cl)cc2)C1,"1180010,1372820,339638,704681",0.073,True
CC1(C)CCC(CN2CCN(c3ccc(C(=O)NS(=O)(=O)c4ccc(NC5CCN(CCO)CC5)c([N+](=O)[O-])c4)c(Oc4cccc5[nH]ccc45)c3)CC2)=C(c2ccc(Cl)cc2)C1,324903,0.073,True
CN1CCC(Nc2ccc(S(=O)(=O)NC(=O)c3ccc(N4CCN(CC5=C(c6ccc(Cl)cc6)CC(C)(C)CC5)CC4)cc3Oc3ccc(O)cc3Cl)cc2[N+](=O)[O-])CC1,"281534,387783",0.074,True
CC1(C)CCC(CN2CCN(c3ccc(C(=O)NS(=O)(=O)c4cnc(OCC5COCCO5)c(C#N)c4)c(Oc4cnc5[nH]ccc5c4)c3)CC2)=C(c2ccc(Cl)cc2)C1,"1179930,1372780,339600,704641",0.074,True
CCN(CC)C1CCC(Nc2ccc(S(=O)(=O)NC(=O)c3ccc(N4CCN(CC5=C(c6ccc(Cl)cc6)CC(C)(C)CC5)CC4)cc3Oc3cccc(Cl)c3)cc2[N+](=O)[O-])CC1,387780,0.075,True
CC1(C)CCC(CN2CCN(c3ccc(C(=O)NS(=O)(=O)c4ccc(NCCCN5CCOCC5)c([N+](=O)[O-])c4)c(Oc4ccccc4F)c3)CC2)=C(c2ccc(Cl)cc2)C1,"281457,387703",0.075,True
CC1(C)CCC(CN2CCN(c3ccc(C(=O)NS(=O)(=O)c4ccc(NCCN5CCNC(=O)C5)c([N+](=O)[O-])c4)c(Oc4ccc5[nH]ccc5c4)c3)CC2)=C(c2ccc(Cl)cc2)C1,324980,0.076,True
CC1(C)CCC(CN2CCN(c3ccc(C(=O)NS(=O)(=O)c4ccc(NC5CCC6(CC5)OCCO6)c([N+](=O)[O-])c4)c(Oc4cnc5[nH]ccc5c4)c3)CC2)=C(c2ccc(Cl)cc2)C1,"1180186,1372909,339727,704770",0.076,True
CN1CC(Nc2ccc(S(=O)(=O)NC(=O)c3ccc(N4CCN(CC5=C(c6ccc(Cl)cc6)CC(C)(C)CC5)CC4)cc3Oc3ccc4[nH]ccc4c3)cc2[N+](=O)[O-])CC1=O,324988,0.076,True
CC1(C)CCC(CN2CCN(c3ccc(C(=O)NS(=O)(=O)c4ccc(OCC5CCOC(C)(C)C5)c([N+](=O)[O-])c4)c(Oc4ccc5[nH]ccc5c4)c3)CC2)=C(c2ccc(Cl)cc2)C1,325087,0.076,True
CC1(C)CCC(CN2CCN(c3ccc(C(=O)NS(=O)(=O)c4ccc(OCC5(F)CCOCC5)c([N+](=O)[O-])c4)c(Oc4cccc5[nH]ccc45)c3)CC2)=C(c2ccc(Cl)cc2)C1,325012,0.077,True
CC1(C)CCC(CN2CCN(c3ccc(C(=O)NS(=O)(=O)c4ccc(NC5CCN(CCN6CCOCC6)CC5)c([N+](=O)[O-])c4)c(Oc4cccc(Cl)c4)c3)CC2)=C(c2ccc(Cl)cc2)C1,"281518,387767",0.077,True
CC1(C)CCC(CN2CCN(c3ccc(C(=O)NS(=O)(=O)c4ccc(NCC5CCOCC5)c([N+](=O)[O-])c4)c(Oc4cc(N)ncc4Br)c3)CC2)=C(c2ccc(Cl)cc2)C1,"281718,387970",0.077,True
CC(c1ccccc1-c1ccc(Cl)cc1)N1CCN(c2ccc(C(=O)NS(=O)(=O)c3ccc(NCC4CCOCC4)c([N+](=O)[O-])c3)c(Oc3ccc4[nH]ccc4c3)c2)CC1,324960,0.077,True
O=C(NS(=O)(=O)c1ccc(NCC2CCOCC2)c([N+](=O)[O-])c1)c1ccc(N2CCN(Cc3cc(CCN4CCCC4)ccc3-c3ccc(Cl)cc3)CC2)cc1Oc1cccc(Cl)c1,"281386,387632",0.077,True
CC1(C)CC(c2ccc(Cl)cc2)=C(CN2CCN(c3ccc(C(=O)NS(=O)(=O)c4ccc(NC5CCC(N6CCOCC6)CC5)c([N+](=O)[O-])c4)c(Oc4cc5cc[nH]c5cc4F)c3)CC2)CO1,387870,0.077,True
CN1CCC(CNc2ccc(S(=O)(=O)NC(=O)c3ccc(N4CCN(CC5=C(c6ccc(Cl)cc6)CC(C)(C)CC5)CC4)cc3Oc3ccc4[nH]ccc4c3)cc2[N+](=O)[O-])CC1,324825,0.077,True
CC1(C)CCC(CN2CCN(c3ccc(C(=O)NS(=O)(=O)c4ccc(NCC5CCOCC5)c([N+](=O)[O-])c4)c(Oc4cnc(N)c(C#N)c4)c3)CC2)=C(c2ccc(Cl)cc2)C1,"281675,387927",0.079,True
CN(C)CCCNc1ccc(S(=O)(=O)NC(=O)c2ccc(N3CCN(Cc4ccccc4-c4ccc(Cl)cc4)CC3)cc2Oc2cccc(Cl)c2)cc1[N+](=O)[O-],"281347,387593",0.079,True
CC1(C)CCC(CN2CCN(c3ccc(C(=O)NS(=O)(=O)c4ccc(NCc5cccc(OC(F)F)c5)c([N+](=O)[O-])c4)c(Oc4cnc5[nH]ccc5c4)c3)CC2)=C(c2ccc(Cl)cc2)C1,"1180202,1372918,339735,704779",0.08,True
CN1CCC(CNc2ccc(S(=O)(=O)NC(=O)c3ccc(N4CCN(CC5=C(c6ccc(Cl)cc6)CC(C)(C)CC5)CC4)cc3Oc3cccc4[nH]ccc34)cc2[N+](=O)[O-])CC1,324826,0.08,True
CC1(C)CCC(CN2CCN(c3ccc(C(=O)NS(=O)(=O)c4cnc(OCC5CCC(F)(F)CC5)c(Cl)c4)c(Oc4cnc5[nH]ccc5c4)c3)CC2)=C(c2ccc(Cl)cc2)C1,"1180027,1373017,339828,704878",0.081,True
CN1CCC(Nc2ccc(S(=O)(=O)NC(=O)c3ccc(N4CCN(CC5=C(c6ccc(Cl)cc6)CC(C)(C)CC5)CC4)cc3Oc3cc4cc[nH]c4c(F)c3F)cc2[N+](=O)[O-])CC1,"281527,387776",0.081,True
CC1(C)CCC(CN2CCN(c3ccc(C(=O)NS(=O)(=O)c4ccc(NC5CCN(C6CC6)CC5)c([N+](=O)[O-])c4)c(Oc4cccc(F)c4F)c3)CC2)=C(c2ccc(Cl)cc2)C1,"281453,387699",0.081,True
CN(C)CCCNc1ccc(S(=O)(=O)NC(=O)c2ccc(N3CCN(CC4=C(c5ccc(Cl)cc5)CC(C)(C)CC4)CC3)cc2Oc2ccc3[nH]ccc3c2)cc1[N+](=O)[O-],324782,0.081,True
CC1(C)CC(c2ccc(Cl)cc2)=C(CN2CCN(c3ccc(C(=O)NS(=O)(=O)c4ccc(NCC5CCOCC5)c([N+](=O)[O-])c4)c(Oc4cc5cc[nH]c5cc4Cl)c3)CC2)CO1,"281599,387850",0.081,True
CC1(C)CCC(CN2CCN(c3ccc(C(=O)NS(=O)(=O)c4ccc(OCC5(F)CCOCC5)c(Cl)c4)c(Oc4cccc5[nH]ncc45)c3)CC2)=C(c2ccc(Cl)cc2)C1,325167,0.081,True
CC1(C)CCC(CN2CCN(c3ccc(C(=O)NS(=O)(=O)c4cnc(OC[C@@H]5CCN(CC(F)F)C5)c(Cl)c4)c(Oc4cnc(N)c(Cl)c4)c3)CC2)=C(c2ccc(Cl)cc2)C1,"281723,387975",0.082,True
COc1cccc(Oc2cc(N3CCN(CC4=C(c5ccc(Cl)cc5)CC(C)(C)CC4)CC3)ccc2C(=O)NS(=O)(=O)c2ccc(NC3CCN(C)CC3)c([N+](=O)[O-])c2)c1,"281495,387743",0.082,True
CN1CCC(Nc2ccc(S(=O)(=O)NC(=O)c3ccc(N4CCN(CC5=C(c6ccc(Cl)cc6)CC(C)(C)CC5)CC4)cc3Oc3cccc(Cl)c3Cl)cc2[N+](=O)[O-])CC1,"281387,387633",0.082,True
CC1(C)CCC(CN2CCN(c3ccc(C(=O)NS(=O)(=O)c4ccc(NN5CCS(=O)(=O)CC5)c([N+](=O)[O-])c4)c(Oc4ccc5[nH]ccc5c4)c3)CC2)=C(c2ccc(Cl)cc2)C1,325066,0.082,True
CC1(C)CCC(CN2CCN(c3ccc(C(=O)NS(=O)(=O)c4ccc(NC5CCN(CC6CC6)CC5)c([N+](=O)[O-])c4)c(Oc4ccc5[nH]ccc5c4)c3)CC2)=C(c2ccc(Cl)cc2)C1,324923,0.082,True
CC1(C)CC(c2ccc(Cl)cc2)=C(CN2CCN(c3ccc(C(=O)NS(=O)(=O)c4ccc(NCC5CCOCC5)c([N+](=O)[O-])c4)c(Oc4ccc5[nH]ccc5c4)c3)CC2)CO1,"1179878,1372754,339574,704615",0.083,True
CC1(C)CC(c2ccc(Cl)cc2)=C(CN2CCN(c3ccc(C(=O)NSc4ccc(NCC5CCOCC5)c([N+](=O)[O-])c4)c(Oc4ccc5[nH]ccc5c4)c3)CC2)CO1,1373105,0.083,True
CN1CCN(Nc2ccc(S(=O)(=O)NC(=O)c3ccc(N4CCN(CC5=C(c6ccc(Cl)cc6)CC(C)(C)OC5)CC4)cc3Oc3cccc(Cl)c3)cc2[N+](=O)[O-])CC1,"281513,387762",0.083,True
CC(c1ccccc1-c1ccc(Cl)cc1)N1CCN(c2ccc(C(=O)NS(=O)(=O)c3ccc(NC4CCN(C)CC4)c([N+](=O)[O-])c3)c(Oc3cccc4[nH]ccc34)c2)CC1,324915,0.083,True
CC1(C)CCC(CN2CCN(c3ccc(C(=O)NS(=O)(=O)c4ccc(NC[C@@H]5CCCOC5)c([N+](=O)[O-])c4)c(Oc4cc5cc[nH]c5cc4F)c3)CC2)=C(c2ccc(Cl)cc2)C1,"281583,387833",0.083,True
CC1(C)CCC(CN2CCN(c3ccc(C(=O)NS(=O)(=O)c4cnc(OCC5(F)CCOCC5)c(C#N)c4)c(Oc4cccc5[nH]ccc45)c3)CC2)=C(c2ccc(Cl)cc2)C1,325096,0.083,True
COCCOCCSc1ccc(S(=O)(=O)NC(=O)c2ccc(N3CCN(CC4=C(c5ccc(Cl)cc5)CC(C)(C)CC4)CC3)cc2Oc2ccc3[nH]ccc3c2)cc1[N+](=O)[O-],325083,0.083,True
CN(C)C1CCC(Nc2ccc(S(=O)(=O)NC(=O)c3ccc(N4CCN(CC5=C(c6ccc(Cl)cc6)CC(C)(C)CC5)CC4)cc3Oc3cccc(Cl)c3)cc2[N+](=O)[O-])CC1,387779,0.084,True
CC1(C)CC(c2ccc(Cl)cc2)=C2CN3CCN(c4ccc(C(=O)NS(=O)(=O)c5ccc(OCC6CCC(C)(O)CC6)c(Cl)c5)c(N5CCCOc6nc7[nH]ccc7cc65)c4)C[C@H]3COCCCO[C@@H]2C1,1498039,0.085,True
CC1(C)CC(c2ccc(Cl)cc2)=C2CN3CCN(c4ccc(C(=O)NS(=O)(=O)c5ccc(NC[C@H]6CC[C@](C)(O)CC6)c(Cl)c5)c(N5CCCOc6nc7[nH]ccc7cc65)c4)C[C@H]3COCCCO[C@@H]2C1,51565558,0.085,True
CC1(C)CC(c2ccc(Cl)cc2)=C2CN3CCN(c4ccc(C(=O)NS(=O)(=O)c5ccc(OC[C@H]6CC[C@](C)(O)CC6)c(Cl)c5)c(N5CCCOc6nc7[nH]ccc7cc65)c4)C[C@H]3COCCCO[C@@H]2C1,1406268,0.085,True
CN(C)CC[C@H](CSc1ccccc1)Nc1ccc(S(=O)(=O)NC(=O)c2ccc(N3CCN(Cc4ccccc4-c4ccc(Cl)cc4)CC3)cc2)cc1[N+](=O)[O-],"324754,50521610,50606471,51039668",2.522,True
CC1(C)CCC(CN2CCN(c3ccc(C(=O)NS(=O)(=O)c4ccc(NCC5CCCOC5)c([N+](=O)[O-])c4)c(Oc4ccc5[nH]ccc5c4)c3)CC2)=C(c2ccc(Cl)cc2)C1,324969,0.088,True
COCCO[C@H]1CCC(CNc2ccc(S(=O)(=O)NC(=O)c3ccc(N4CCN5CC6=C(c7ccc(Cl)cc7)CC(C)(C)C[C@H]6OCCCOC[C@@H]5C4)cc3N3CCCOc4nc5[nH]ccc5cc43)cc2[N+](=O)[O-])OC1,1498023,0.089,True
COCCO[C@H]1CC[C@H](CNc2ccc(S(=O)(=O)NC(=O)c3ccc(N4CCN5CC6=C(c7ccc(Cl)cc7)CC(C)(C)C[C@H]6OCCCOC[C@@H]5C4)cc3N3CCCOc4nc5[nH]ccc5cc43)cc2[N+](=O)[O-])OC1,1406252,0.089,True
CC1(C)CCC(CN2CCN(c3ccc(C(=O)NS(=O)(=O)c4cnc(OCC5CCOCC5)c(C#N)c4)c(Oc4ccc5[nH]ccc5c4)c3)CC2)=C(c2ccc(Cl)cc2)C1,325037,0.089,True
CC1(C)CCC(CN2CCN(c3ccc(C(=O)NS(=O)(=O)c4ccc(NCC5CCOCC5)c(S(=O)(=O)C(F)(F)F)c4)c(Oc4cnc5[nH]ccc5c4)c3)CC2)=C(c2ccc(Cl)cc2)C1,"1179866,1372748,339568,704609",0.09,True
Cc1n[nH]c2cccc(Oc3cc(N4CCN(CC5=C(c6ccc(Cl)cc6)CC(C)(C)CC5)CC4)ccc3C(=O)NS(=O)(=O)c3ccc(NC4CCN(C)CC4)c([N+](=O)[O-])c3)c12,"281388,387634",0.09,True
CC1(C)CC(c2ccc(Cl)cc2)=C2CN3CCN(c4ccc(C(=O)NS(=O)(=O)c5ccc(OC[C@H]6CC[C@](C)(O)CC6)c([N+](=O)[O-])c5)c(N5CCCOc6nc7[nH]ccc7cc65)c4)C[C@H]3COCCCO[C@@H]2C1,1406270,0.09,True
CC1(C)CCC(CN2CCN(c3ccc(C(=O)NS(=O)(=O)c4cnc(OCCC5CCCO5)c(Cl)c4)c(Oc4cnc5[nH]ccc5c4)c3)CC2)=C(c2ccc(Cl)cc2)C1,"1180031,1373019,339830,704880",0.09,True
CC1(C)CC(c2ccc(Cl)cc2)=C2CN3CCN(c4ccc(C(=O)NS(=O)(=O)c5ccc(OCC6CCC(C)(O)CC6)c([N+](=O)[O-])c5)c(N5CCCOc6nc7[nH]ccc7cc65)c4)C[C@H]3COCCCO[C@@H]2C1,1498041,0.09,True
O=C(NS(=O)(=O)c1ccc(NCC2CCOCC2)c([N+](=O)[O-])c1)c1ccc(N2CCN(CC3=C(c4ccc(Cl)cc4)CCC(N4CCOCC4)C3)CC2)cc1Oc1ccc2[nH]ccc2c1,324957,0.09,True
CC1(C)CCC(CN2CCN(c3ccc(C(=O)NS(=O)(=O)c4cnc(NC5CCN(C6CCOCC6)CC5)c(Br)c4)c(Oc4cnc5[nH]ccc5c4)c3)CC2)=C(c2ccc(Cl)cc2)C1,"1179954,1372792,339612,704653",0.091,True
CN1CCN(CCNc2ccc(S(=O)(=O)NC(=O)c3ccc(N4CCN(CC5=C(c6ccc(Cl)cc6)CC(C)(C)CC5)CC4)cc3Oc3cccc4[nH]ccc34)cc2[N+](=O)[O-])CC1,324822,0.092,True
CC1(C)CCC(CN2CCN(c3ccc(C(=O)NS(=O)(=O)c4cnc(OCC5CCOCC5)c(Cl)c4)c(Oc4cc5cc[nH]c5cc4F)c3)CC2)=C(c2ccc(Cl)cc2)C1,"281626,387878",0.092,True
CC1(C)CCC(CN2CCN(c3ccc(C(=O)NS(=O)(=O)c4ccc(NCCN5CCNC5=O)c([N+](=O)[O-])c4)c(Oc4ccc5[nH]ccc5c4)c3)CC2)=C(c2ccc(Cl)cc2)C1,324976,0.092,True
CC1(C)CCC(CN2CCN(c3ccc(C(=O)NS(=O)(=O)c4ccc(NC5CCN(C6CCOCC6)CC5)c([N+](=O)[O-])c4)c(Oc4cc5cc[nH]c5cc4Cl)c3)CC2)=C(c2ccc(Cl)cc2)C1,"281567,387817",0.092,True
CC1(C)CCC(CN2CCN(c3ccc(C(=O)NS(=O)(=O)c4cnc(OCC5CCOCC5)c(F)c4)c(Oc4cnc5[nH]ccc5c4)c3)CC2)=C(c2ccc(Cl)cc2)C1,"1180039,1373023,339834,704884",0.093,True
CC1(C)CCC(CN2CCN(c3ccc(C(=O)NS(=O)(=O)c4cnc(OCCC5CCCO5)c(Cl)c4)c(Oc4cccc5[nH]ncc45)c3)CC2)=C(c2ccc(Cl)cc2)C1,325164,0.093,True
CCN1CCOCC1COc1ncc(S(=O)(=O)NC(=O)c2ccc(N3CCN(CC4=C(c5ccc(Cl)cc5)CC(C)(C)CC4)CC3)cc2Oc2cnc3[nH]ccc3c2)cc1Br,"1180036,1372833,339651,704694",0.094,True
CC1(C)CCC(CN2CCN(c3ccc(C(=O)NS(=O)(=O)c4ccc(OCC5CCOCC5)c([N+](=O)[O-])c4)c(Oc4ccc5[nH]ccc5c4)c3)CC2)=C(c2ccc(Cl)cc2)C1,324986,0.095,True
O=C(NS(=O)(=O)c1ccc(NCC2CCOCC2)c([N+](=O)[O-])c1)c1ccc(N2CCN(Cc3cc(OCCCN4CCCCC4)ccc3-c3ccc(Cl)cc3)CC2)cc1Oc1ccccc1,324830,0.096,True
CC1(C)CCC(CN2CCN(c3ccc(C(=O)NS(=O)(=O)c4ccc(NCC5CCS(=O)(=O)C5)c([N+](=O)[O-])c4)c(Oc4ccc5[nH]ccc5c4)c3)CC2)=C(c2ccc(Cl)cc2)C1,324982,0.097,True
CC1(C)CCC(CN2CCN(c3ccc(C(=O)NS(=O)(=O)c4ccc(NCCCN5CCNC(=O)C5)c([N+](=O)[O-])c4)c(Oc4cc(F)cc5[nH]ccc45)c3)CC2)=C(c2ccc(Cl)cc2)C1,"281582,387832",0.097,True
CC1(C)CCC(CN2CCN(c3ccc(C(=O)NS(=O)(=O)c4ccc(OC5CCN(C6CCOCC6)CC5)c([N+](=O)[O-])c4)c(Oc4ccc5[nH]ccc5c4)c3)CC2)=C(c2ccc(Cl)cc2)C1,325092,0.098,True
CC1(C)CCC(CN2CCN(c3ccc(C(=O)NS(=O)(=O)c4ccc(NC5CCC(N6CCOCC6)CC5)c([N+](=O)[O-])c4)c(Oc4cc5cc[nH]c5cc4F)c3)CC2)=C(c2ccc(Cl)cc2)C1,387809,0.099,True
CC(c1ccccc1-c1ccc(Cl)cc1)N1CCN(c2ccc(C(=O)NS(=O)(=O)c3ccc(NCC4CCOCC4)c([N+](=O)[O-])c3)c(Oc3cccc4[nH]ccc34)c2)CC1,324887,0.1,True
COC1CC[C@@H](COc2ccc(S(=O)(=O)NC(=O)c3ccc(N4CCN5CC6=C(c7ccc(Cl)cc7)CC(C)(C)C[C@H]6OCCCOC[C@@H]5C4)cc3N3CCCOc4nc5[nH]ccc5cc43)cc2[N+](=O)[O-])OC1,1498053,0.1,True
CO[C@@H]1CC[C@@H](COc2ccc(S(=O)(=O)NC(=O)c3ccc(N4CCN5CC6=C(c7ccc(Cl)cc7)CC(C)(C)C[C@H]6OCCCOC[C@@H]5C4)cc3N3CCCOc4nc5[nH]ccc5cc43)cc2[N+](=O)[O-])OC1,1406282,0.1,True
CC(C)N(CCOc1ccc(-c2ccc(Cl)cc2)c(CN2CCN(c3ccc(C(=O)NS(=O)(=O)c4ccc(NCC5CCOCC5)c([N+](=O)[O-])c4)c(Oc4ccccc4)c3)CC2)c1)C(C)C,324855,0.101,True
CC1(C)CCC(CN2CCN(c3ccc(C(=O)NS(=O)(=O)c4ccc(NCC5(N)CCOCC5)c([N+](=O)[O-])c4)c(Oc4ccc5[nH]ccc5c4)c3)CC2)=C(c2ccc(Cl)cc2)C1,324900,0.102,True
CC1(C)CCC(CN2CCN(c3ccc(C(=O)NS(=O)(=O)c4ccc(OCC5CCOC5)c(Cl)c4)c(Oc4cnc5[nH]ccc5c4)c3)CC2)=C(c2ccc(Cl)cc2)C1,"1180098,1373052,339863,704913",0.104,True
CC1(C)CCC(CN2CCN(c3ccc(C(=O)NS(=O)(=O)c4cnc(OCC5(F)CCOCC5)c(C(F)(F)F)c4)c(Oc4cnc5[nH]ccc5c4)c3)CC2)=C(c2ccc(Cl)cc2)C1,"1179871,1372939,339753,704800",0.104,True
CC(C1=C(c2ccc(Cl)cc2)CC(C)(C)CC1)N1CCN(c2ccc(C(=O)NS(=O)(=O)c3ccc(NCC4CCOCC4)c([N+](=O)[O-])c3)c(Oc3cc4cc[nH]c4cc3F)c2)CC1,"281581,387831",0.105,True
CN1CCN(Nc2ccc(S(=O)(=O)NC(=O)c3ccc(N4CCN(CC5=C(c6ccc(Cl)cc6)CC(C)(C)CC5)CC4)cc3Oc3ccc4[nH]ccc4c3)cc2[N+](=O)[O-])CC1,"1180014,1372822,339640,704683",0.487,True
CC1(C)CCC(CN2CCN(c3ccc(C(=O)NS(=O)(=O)c4ccc(NCCCN5CCNC(=O)C5)c([N+](=O)[O-])c4)c(Oc4cc5cc[nH]c5c(F)c4F)c3)CC2)=C(c2ccc(Cl)cc2)C1,"281564,387814",0.105,True
CC1(C)CCC(CN2CCN(c3ccc(C(=O)NS(=O)(=O)c4ccc(NCC5COCCO5)c([N+](=O)[O-])c4)c(Oc4ccc5[nH]ccc5c4)c3)CC2)=C(c2ccc(Cl)cc2)C1,325040,0.105,True
CN1CCC(Nc2ccc(S(=O)(=O)NC(=O)c3ccc(N4CCN(CC5=C(c6ccc(Cl)cc6)CCCCC5)CC4)cc3Oc3ccccc3Cl)cc2[N+](=O)[O-])CC1,"281389,387635",0.106,True
CC1(C)CCC(CN2CCN(c3ccc(C(=O)NS(=O)(=O)c4ccc(NCCCN5CCOCC5)c([N+](=O)[O-])c4)c(Oc4cccc(Cl)c4F)c3)CC2)=C(c2ccc(Cl)cc2)C1,"281480,387726",0.106,True
O=C(NS(=O)(=O)c1ccc(NCC2CCOCC2)c([N+](=O)[O-])c1)c1ccc(N2CCN(Cc3c(OCCN4CCOCC4)cccc3-c3ccc(Cl)cc3)CC2)cc1Oc1cccc2[nH]ccc12,324847,0.106,True
CC1(C)CCC(CN2CCN(c3ccc(C(=O)NS(=O)(=O)c4cnc(OC5CCC(N6CCOCC6)CC5)c(Br)c4)c(Oc4cc5cc[nH]c5cc4F)c3)CC2)=C(c2ccc(Cl)cc2)C1,387908,0.107,True
CC1(C)CCC(CN2CCN(c3ccc(C(=O)NS(=O)(=O)c4ccc(NCCN5CCOCC5)c([N+](=O)[O-])c4)c(Oc4cccc(F)c4)c3)CC2)=C(c2ccc(Cl)cc2)C1,"281461,387707",0.107,True
CC1(C)CCC(CN2CCN(c3ccc(C(=O)NS(=O)(=O)c4ccc(NCCCN5CCNC(=O)C5)c([N+](=O)[O-])c4)c(Oc4ccc5[nH]ccc5c4)c3)CC2)=C(c2ccc(Cl)cc2)C1,324931,0.107,True
CC1(C)CCC(CN2CCN(c3ccc(C(=O)NS(=O)(=O)c4ccc(N[C@H]5CCCN(C6CCOCC6)C5)c([N+](=O)[O-])c4)c(Oc4cc5cc[nH]c5cc4F)c3)CC2)=C(c2ccc(Cl)cc2)C1,"281652,387904",0.108,True
CC1(C)CC(c2ccc(Cl)cc2)=C2CN3CCN(c4ccc(C(=O)NS(=O)(=O)c5ccc(OC[C@H]6CC[C@H](N7CCOCC7)CC6)c(Cl)c5)c(N5CCCOc6nc7[nH]ccc7cc65)c4)C[C@H]3COCCCO[C@@H]2C1,1406258,0.108,True
CC1(C)CC(c2ccc(Cl)cc2)=C2CN3CCN(c4ccc(C(=O)NS(=O)(=O)c5ccc(OCC6CCC(N7CCOCC7)CC6)c(Cl)c5)c(N5CCCOc6nc7[nH]ccc7cc65)c4)C[C@H]3COCCCO[C@@H]2C1,1498029,0.108,True
CC1(C)CC(c2ccc(Cl)cc2)=C2CN3CCN(c4ccc(C(=O)NS(=O)(=O)c5ccc(NC[C@H]6CC[C@H](N7CCOCC7)CO6)c([N+](=O)[O-])c5)c(N5CCCOc6nc7[nH]ccc7cc65)c4)C[C@H]3COCCCO[C@@H]2C1,"1406256,1498027",0.109,True
CC1(C)CCC(CN2CCN(c3ccc(C(=O)NS(=O)(=O)c4cnc(OCC5CCN(c6nccs6)CC5)c(Cl)c4)c(Oc4cnc5[nH]ccc5c4)c3)CC2)=C(c2ccc(Cl)cc2)C1,"1180199,1373101,704962",0.11,True
CC1(C)CCC(CN2CCN(c3ccc(C(=O)NS(=O)(=O)c4ccc(NC5CCN(C6CC6)CC5)c([N+](=O)[O-])c4)c(Oc4ccccc4F)c3)CC2)=C(c2ccc(Cl)cc2)C1,"281455,387701",0.11,True
CN1CCN(Nc2ccc(S(=O)(=O)NC(=O)c3ccc(N4CCN(CC5=C(c6ccc(Cl)cc6)CC(C)(C)CC5)CC4)cc3Oc3cnc(N)c(Br)c3)cc2[N+](=O)[O-])CC1,"281682,387934",0.11,True
COCCNc1ccc(S(=O)(=O)NC(=O)c2ccc(N3CCN(CC4=C(c5ccc(Cl)cc5)CC(C)(C)CC4)CC3)cc2Oc2cc3cc[nH]c3cc2F)cc1[N+](=O)[O-],"281587,387838",0.11,True
CC1(C)CCC(CN2CCN(c3ccc(C(=O)NS(=O)(=O)c4ccc(NC5CCN(C6CCOCC6)CC5)c([N+](=O)[O-])c4)c(Oc4ccc5[nH]cc(Cl)c5c4)c3)CC2)=C(c2ccc(Cl)cc2)C1,"281605,387856",0.111,True
CC1(C)CCC(CN2CCN(c3ccc(C(=O)NS(=O)(=O)c4ccc(NCc5ccc(OC(F)F)cc5)c([N+](=O)[O-])c4)c(Oc4cnc5[nH]ccc5c4)c3)CC2)=C(c2ccc(Cl)cc2)C1,"1180185,1372908,339726,704769",0.111,True
COc1ccccc1Oc1cc(N2CCN(CC3=C(c4ccc(Cl)cc4)CC(C)(C)CC3)CC2)ccc1C(=O)NS(=O)(=O)c1ccc(NC2CCN(C)CC2)c([N+](=O)[O-])c1,"281508,387757",0.112,True
CC1(C)CCC(CN2CCN(c3ccc(C(=O)NS(=O)(=O)c4ccc(OCC5CCOCC5)c([N+](=O)[O-])c4)c(Oc4cccc5[nH]ccc45)c3)CC2)=C(c2ccc(Cl)cc2)C1,324995,0.112,True
CC1(C)CCC(CN2CCN(c3ccc(C(=O)NS(=O)(=O)c4cnc(OC[C@@H]5CCN(C(CF)CF)C5)c(Cl)c4)c(Oc4cccc5[nH]ncc45)c3)CC2)=C(c2ccc(Cl)cc2)C1,325147,0.112,True
CC1(C)CCC(CN2CCN(c3ccc(C(=O)NS(=O)(=O)c4cnc(OCC5CCOCC5)c(C#N)c4)c(Oc4cc5cc[nH]c5cc4F)c3)CC2)=C(c2ccc(Cl)cc2)C1,"281624,387876",0.113,True
CC1(C)CCC(CN2CCN(c3ccc(C(=O)NS(=O)(=O)c4ccc(N[C@@H]5CCCN(C(CF)CF)C5)c([N+](=O)[O-])c4)c(Oc4cnc(N)c(Cl)c4)c3)CC2)=C(c2ccc(Cl)cc2)C1,"281705,387957",0.114,True
CC1(C)CCC(CN2CCN(c3ccc(C(=O)NS(=O)(=O)c4cc(Cl)c(NCC5CCOCC5)c(C#N)c4)c(Oc4cnc5[nH]ccc5c4)c3)CC2)=C(c2ccc(Cl)cc2)C1,"1179936,1372783,339603,704644",0.114,True
CN1CCC(Nc2ccc(S(=O)(=O)NC(=O)c3ccc(N4CCN(CC5=C(c6ccc(Cl)cc6)CC(C)(C)CC5)CC4)cc3Oc3cnc(N)c(Cl)c3)cc2S(=O)(=O)C(F)(F)F)CC1,"281677,387929",0.114,True
COC1(COc2ccc(S(=O)(=O)NC(=O)c3ccc(N4CCN(CC5=C(c6ccc(Cl)cc6)CC(C)(C)CC5)CC4)cc3Oc3cnc4[nH]ccc4c3)cc2[N+](=O)[O-])CCOCC1,"1179923,1372965,339776,704826",0.115,True
CN(C)CCCOc1ccc(S(=O)(=O)NC(=O)c2ccc(N3CCN(CC4=C(c5ccc(Cl)cc5)CC(C)(C)CC4)CC3)cc2Oc2ccc3[nH]ccc3c2)cc1[N+](=O)[O-],324821,0.116,True
CC1(C)CCC(CN2CCN(c3ccc(C(=O)NS(=O)(=O)c4ccc(NCC5CCS(=O)(=O)C5)c([N+](=O)[O-])c4)c(Oc4cccc5[nH]ccc45)c3)CC2)=C(c2ccc(Cl)cc2)C1,325030,0.116,True
CN(C)CCCCNc1ccc(S(=O)(=O)NC(=O)c2ccc(N3CCN(Cc4ccccc4-c4ccc(Cl)cc4)CC3)cc2Oc2ccccc2)cc1[N+](=O)[O-],324872,0.116,True
CC1(C)CCC(CN2CCN(c3ccc(C(=O)NS(=O)(=O)c4ccc(NCCCN5CCNC(=O)C5)c([N+](=O)[O-])c4)c(Oc4ccccc4Cl)c3)CC2)=C(c2ccc(Cl)cc2)C1,"281579,387829",0.119,True
Cc1ccccc1Oc1cc(N2CCN(CC3=C(c4ccc(Cl)cc4)CC(C)(C)CC3)CC2)ccc1C(=O)NS(=O)(=O)c1ccc(NC2CCN(C)CC2)c([N+](=O)[O-])c1,"281509,387758",0.119,True
CC1(C)CCC(CN2CCN(c3ccc(C(=O)NS(=O)(=O)c4ccc(NCc5cccc(OC(F)(F)F)c5)c([N+](=O)[O-])c4)c(Oc4cnc5[nH]ccc5c4)c3)CC2)=C(c2ccc(Cl)cc2)C1,"1180181,1372906,339724,704767",0.119,True
C[C@@H](c1ccccc1-c1ccc(Cl)cc1)N1CCN(c2ccc(C(=O)NS(=O)(=O)c3ccc(NCC4CCOCC4)c([N+](=O)[O-])c3)c(Oc3cccc4[nH]ccc34)c2)CC1,324964,0.12,True
CN1CCC(Nc2ccc(S(=O)(=O)NC(=O)c3ccc(N4CCN(CC5=C(c6ccc(Cl)cc6)CC(C)(C)CC5)CC4)cc3Oc3cc(F)cc(F)c3Cl)cc2[N+](=O)[O-])CC1,"281494,387742",0.12,True
O=C(NS(=O)(=O)c1ccc(NCC2CCOCC2)c([N+](=O)[O-])c1)c1ccc(N2CCN(CC3=C(c4ccc(Cl)cc4)CCN(CCCO)C3)CC2)cc1Oc1cccc2[nH]ccc12,325059,0.12,True
CC1(C)CCC(CN2CCN(c3ccc(C(=O)NS(=O)(=O)c4cnc(NCC5(F)CCOCC5)c(Cl)c4)c(Oc4cccc5[nH]ncc45)c3)CC2)=C(c2ccc(Cl)cc2)C1,325116,0.12,True
CC1(C)CCC(CN2CCN(c3ccc(C(=O)NS(=O)(=O)c4cnc(OC5CCN(C6CCOCC6)CC5)c(C#N)c4)c(Oc4cnc5[nH]ccc5c4)c3)CC2)=C(c2ccc(Cl)cc2)C1,"1180000,1372815,339633,704676",0.123,True
CC1(C)CCC(CN2CCN(c3ccc(C(=O)NS(=O)(=O)c4ccc(NCCCN5CCOCC5)c([N+](=O)[O-])c4)c(Oc4ccccc4Cl)c3)CC2)=C(c2ccc(Cl)cc2)C1,"281448,387694",0.123,True
CC1(C)CCC(CN2CCN(c3ccc(C(=O)NS(=O)(=O)c4ccc(NCC5CCOCC5)c([N+](=O)[O-])c4)c(Oc4cc5cc[nH]c5cc4F)c3)CC2)=C(c2ccc(Cl)cc2)C1,"281563,387813",0.124,True
CN(C)CCCNc1ccc(S(=O)(=O)NC(=O)c2ccc(N3CCN(CC4=C(c5ccc(Cl)cc5)CC(C)(C)CC4)CC3)cc2Oc2ccc(F)cc2)cc1[N+](=O)[O-],"281471,387717",0.125,True
CN1CCC(Nc2ccc(S(=O)(=O)NC(=O)c3ccc(N4CCN(CC5=C(c6ccc(Cl)cc6)CCCC5)CC4)cc3Oc3ccc4[nH]ccc4c3)cc2[N+](=O)[O-])CC1,324802,0.125,True
CN(C)CCCNc1ccc(S(=O)(=O)NC(=O)c2ccc(N3CCN(CC4=C(c5ccc(Cl)cc5)CC(C)(C)CC4)CC3)cc2Oc2ccc3[nH]ccc3c2)cc1S(=O)(=O)C(F)(F)F,324882,0.126,True
CC(C1=C(c2ccc(Cl)cc2)CC(C)(C)CC1)N1CCN(c2ccc(C(=O)NS(=O)(=O)c3ccc(NN4CCN(C)CC4)c([N+](=O)[O-])c3)c(Oc3ccc4[nH]ccc4c3)c2)CC1,324962,0.126,True
CC1(C)CCC(CN2CCN(c3ccc(C(=O)NS(=O)(=O)c4cnc(N[C@H]5CC[C@H](N6CCOCC6)CC5)c(C#N)c4)c(Oc4cnc5[nH]ccc5c4)c3)CC2)=C(c2ccc(Cl)cc2)C1,"1180050,1372840,704701",0.127,True
CN1CCN(Nc2ccc(S(=O)(=O)NC(=O)c3ccc(N4CCN(CC5=C(c6ccc(Cl)cc6)CC(C)(C)CC5)CC4)cc3Oc3cc4cc[nH]c4c(F)c3F)cc2[N+](=O)[O-])CC1,"281546,387796",0.127,True
CN1CCC(Nc2ccc(S(=O)(=O)NC(=O)c3ccc(N4CCN(CC5=C(c6ccc(Cl)cc6)CC(C)(C)CC5)CC4)cc3Oc3cccc(Cl)c3F)cc2[N+](=O)[O-])CC1,"281479,387725",0.127,True
CC1(C)CC(c2ccc(Cl)cc2)=C(CN2CCN(c3ccc(C(=O)NS(=O)(=O)c4ccc(NC5CCC(N6CCOCC6)CC5)c([N+](=O)[O-])c4)c(Oc4cc5cc[nH]c5cc4Cl)c3)CC2)CO1,387869,0.127,True
CC1(C)CCC(CN2CCN(c3ccc(C(=O)NS(=O)(=O)c4ccc(OCC5COCCO5)c([N+](=O)[O-])c4)c(Oc4ccc5[nH]ccc5c4)c3)CC2)=C(c2ccc(Cl)cc2)C1,"1180016,1372823,1373106,325003,339641,704684",0.128,True
CN1CCC(Nc2ccc(S(=O)(=O)NC(=O)c3ccc(N4CCN(Cc5ccccc5-c5ccc(Cl)cc5)CC4)cc3Oc3ccccc3)cc2[N+](=O)[O-])CC1,324810,0.129,True
CC1(C)CCC(CN2CCN(c3ccc(C(=O)NS(=O)(=O)c4ccc(N[C@H]5CCN(C6CC6)C5)c([N+](=O)[O-])c4)c(Oc4cnc5[nH]ccc5c4)c3)CC2)=C(c2ccc(Cl)cc2)C1,"1180115,1372873,339691,704734",0.13,True
CC1(C)CCC(CN2CCN(c3ccc(C(=O)NS(=O)(=O)c4ccc(OCC5(F)CCOCC5)c(C(F)(F)F)c4)c(Oc4cnc5[nH]ccc5c4)c3)CC2)=C(c2ccc(Cl)cc2)C1,"1180066,1373036,339847,704897",0.13,True
Cc1c(N(C(=O)c2cc(-c3cc(Cl)ccc3C(=O)N3Cc4ccccc4C[C@H]3CN3CCOCC3)n(C)c2C)c2ccc(O)cc2)cc(C#N)n1C,"51462830,51462832,51462835,51462838",0.305,True
CN1CCN(Nc2ccc(S(=O)(=O)NC(=O)c3ccc(N4CCN(CC5=C(c6ccc(Cl)cc6)CC(C)(C)CC5)CC4)cc3Oc3cccc4c3CC(=O)N4)cc2[N+](=O)[O-])CC1,"281611,387862",0.131,True
CN1CCC(Nc2ccc(S(=O)(=O)NC(=O)c3ccc(N4CCN(CC5=C(c6ccc(Cl)cc6)CC(C)(C)CC5)C(CO)C4)cc3Oc3ccc4[nH]ccc4c3)cc2[N+](=O)[O-])CC1,324927,0.131,True
CN(C)CCCNc1ccc(S(=O)(=O)NC(=O)c2ccc(N3CCN(Cc4ccccc4-c4ccc(Cl)cc4)CC3)cc2Oc2ccccc2)cc1[N+](=O)[O-],324870,0.133,True
CC1(C)CCC(CN2CCN(c3ccc(C(=O)NS(=O)(=O)c4ccc(N[C@H]5CCN(C6COC6)C5)c([N+](=O)[O-])c4)c(Oc4cnc5[nH]ccc5c4)c3)CC2)=C(c2ccc(Cl)cc2)C1,"1179879,1372943,704804",0.133,True
CC1(C)CCC(CN2CCN(c3ccc(C(=O)NS(=O)(=O)c4ccc(NC5CCN(C6COC6)C5)c([N+](=O)[O-])c4)c(Oc4cnc5[nH]ccc5c4)c3)CC2)=C(c2ccc(Cl)cc2)C1,339757,0.133,True
CC1(C)CCC(CN2CCN(c3ccc(C(=O)NS(=O)(=O)c4ccc(NCCC(F)(F)F)c([N+](=O)[O-])c4)c(Oc4cnc5[nH]ccc5c4)c3)CC2)=C(c2ccc(Cl)cc2)C1,"1179886,1372758,339578,704619",0.134,True
CC1(C)CCC(CN2CCN(c3ccc(C(=O)NS(=O)(=O)c4cnc(O[C@@H]5CCN(CC(F)F)C5)c(Cl)c4)c(Oc4cnc5[nH]ccc5c4)c3)CC2)=C(c2ccc(Cl)cc2)C1,"1179975,1372991,339802,704852",0.134,True
CN(C)CCOc1ccc(-c2ccc(Cl)cc2)c(CN2CCN(c3ccc(C(=O)NS(=O)(=O)c4ccc(NN5CCN(C)CC5)c([N+](=O)[O-])c4)c(Oc4cccc5[nH]ccc45)c3)CC2)c1,324981,0.135,True
CC1(C)CCC(CN2CCN(c3ccc(C(=O)NS(=O)(=O)c4ccc(NCC5CCOCC5)c([N+](=O)[O-])c4)c(Oc4cc(Cl)c(=N)n(COP(=O)(O)O)c4)c3)CC2)=C(c2ccc(Cl)cc2)C1,"281720,387972",0.137,True
CC(C)N1CCC(Nc2ccc(S(=O)(=O)NC(=O)c3ccc(N4CCN(CC5=C(c6ccc(Cl)cc6)CC(C)(C)CC5)CC4)cc3Oc3cnc4[nH]ccc4c3)cc2[N+](=O)[O-])CC1,"1179907,1372957,339769,704818",0.139,True
CC1(C)CCC(CN2CCN(c3ccc(C(=O)NS(=O)(=O)c4ccc(NC5CCN(C6CCCC6)CC5)c([N+](=O)[O-])c4)c(Oc4ccc5[nH]ccc5c4)c3)CC2)=C(c2ccc(Cl)cc2)C1,324764,0.14,True
O=C(NS(=O)(=O)c1ccc(NCC2CCOCC2)c([N+](=O)[O-])c1)c1ccc(N2CCN(Cc3cc(OCCN4CCOCC4)ccc3-c3ccc(Cl)cc3)CC2)cc1Oc1cccc2[nH]ccc12,324846,0.14,True
O=C(Nc1nc2ccccc2s1)c1cccc2c1CN(c1nc(C(=O)O)c(CCCCOc3ccc(-n4ncc5cncnc54)cc3)s1)CC2,50243989,0.14,True
CC1(C)CCC(CN2CCN(c3ccc(C(=O)NS(=O)(=O)c4ccc(NCCCn5ccnc5)c([N+](=O)[O-])c4)c(Oc4ccc5[nH]ccc5c4)c3)CC2)=C(c2ccc(Cl)cc2)C1,325080,0.14,True
CC1(C)CCC(CN2CCN(c3ccc(C(=O)NS(=O)(=O)c4ccc(NCCCN(CC(F)(F)F)C5CC5)c([N+](=O)[O-])c4)c(Oc4cnc5[nH]ccc5c4)c3)CC2)=C(c2ccc(Cl)cc2)C1,"1180068,1373037,339848,704898",0.141,True
CC1(C)CCC(CN2CCN(c3ccc(C(=O)NS(=O)(=O)c4ccc(NCC5(CO)CCOCC5)c([N+](=O)[O-])c4)c(Oc4cc5cc[nH]c5cc4F)c3)CC2)=C(c2ccc(Cl)cc2)C1,"281566,387816",0.141,True
CC(C1=C(c2ccc(Cl)cc2)CC(C)(C)CC1)N1CCN(c2ccc(C(=O)NS(=O)(=O)c3ccc(NCC4CCOCC4)c([N+](=O)[O-])c3)c(Oc3ccc4[nH]ccc4c3)c2)CC1,324961,0.142,True
COCCN1CCC(Nc2ccc(S(=O)(=O)NC(=O)c3ccc(N4CCN(CC5=C(c6ccc(Cl)cc6)CC(C)(C)CC5)CC4)cc3Oc3ccc4[nH]ccc4c3)cc2[N+](=O)[O-])CC1,324901,0.144,True
CC1(C)CCC(CN2CCN(c3ccc(C(=O)NS(=O)(=O)c4ccc(NC5CCS(=O)(=O)C5)c([N+](=O)[O-])c4)c(Oc4ccc5[nH]ccc5c4)c3)CC2)=C(c2ccc(Cl)cc2)C1,324983,0.144,True
CC1(C)CCC(CN2CCN(c3ccc(C(=O)NS(=O)(=O)c4cnc(OC[C@H]5CN(CC#N)CCO5)c(Cl)c4)c(Oc4cnc5[nH]ccc5c4)c3)CC2)=C(c2ccc(Cl)cc2)C1,"1179947,1372977,339788,704838",0.144,True
CC1(C)CCC(CN2CCN(c3ccc(C(=O)NS(=O)(=O)c4cnc(OC[C@@H]5CCN(CC(F)F)C5)c(Cl)c4)c(Oc4cnc5[nH]ccc5c4)c3)CC2)=C(c2ccc(Cl)cc2)C1,"1180015,1373011,339822,704872",0.145,True
CC1(C)CCC(CN2CCN(c3ccc(C(=O)NS(=O)(=O)c4cnc(OCC5COCCO5)c(C#N)c4)c(Oc4cc5cc[nH]c5cc4F)c3)CC2)=C(c2ccc(Cl)cc2)C1,"281628,387880",0.146,True
CN1CCC(Nc2ccc(S(=O)(=O)NC(=O)c3ccc(N4CCN(CC5=C(c6ccc(Cl)cc6)CC(C)(C)CC5)CC4)cc3Oc3cccc(C(F)(F)F)c3)cc2[N+](=O)[O-])CC1,"281390,387636",0.147,True
CO[C@H]1CC[C@H](CNc2ccc(S(=O)(=O)NC(=O)c3ccc(N4CCN5CC6=C(c7ccc(Cl)cc7)CC(C)(C)C[C@H]6OCCCOC[C@@H]5C4)cc3N3CCCOc4nc5[nH]ccc5cc43)cc2[N+](=O)[O-])CC1,1406192,0.149,True
CC1(C)CCC(CN2CCN(c3ccc(C(=O)NS(=O)(=O)c4ccc(OCCCS(C)(=O)=O)c([N+](=O)[O-])c4)c(Oc4cccc5[nH]ccc45)c3)CC2)=C(c2ccc(Cl)cc2)C1,325022,0.149,True
COC1CCC(CNc2ccc(S(=O)(=O)NC(=O)c3ccc(N4CCN5CC6=C(c7ccc(Cl)cc7)CC(C)(C)CC6OCCCOC[C@@H]5C4)cc3N3CCCOc4nc5[nH]ccc5cc43)cc2[N+](=O)[O-])CC1,1497963,0.149,True
CC1(C)CCC(CN2CCN(c3ccc(C(=O)NS(=O)(=O)c4cnc(NCC5CN(C6CC6)CCO5)c(Cl)c4)c(Oc4cnc5[nH]ccc5c4)c3)CC2)=C(c2ccc(Cl)cc2)C1,"1180122,1373064,339875,704925",0.15,True
CN1CCC(Nc2ccc(S(=O)(=O)NC(=O)c3ccc(N4CCN(CC5=C(c6ccc(Cl)cc6)CC(C)(C)CC5)CC4)cc3Oc3ccc(F)cc3)cc2[N+](=O)[O-])CC1,"281450,387696",0.151,True
COCCN1CCC(Nc2ccc(S(=O)(=O)NC(=O)c3ccc(N4CCN(CC5=C(c6ccc(Cl)cc6)CC(C)(C)CC5)CC4)cc3Oc3cccc4[nH]ccc34)cc2[N+](=O)[O-])CC1,324904,0.151,True
CC1(C)CCC(CN2CCN(c3ccc(C(=O)NS(=O)(=O)c4ccc(NC5CCC(N6CCOCC6)CC5)c([N+](=O)[O-])c4)c(Oc4cccc(Cl)c4)c3)CC2)=C(c2ccc(Cl)cc2)C1,387781,0.153,True
CC1(C)CCC(CN2CCN(c3ccc(C(=O)NS(=O)(=O)c4ccc(NCCCN5CCCC5)c([N+](=O)[O-])c4)c(Oc4cccc5[nH]c6ccccc6c45)c3)CC2)=C(c2ccc(Cl)cc2)C1,"1179848,1372739,339559,704600",0.153,True
CN(C)CCCNc1ccc(S(=O)(=O)NC(=O)c2ccc(N3CCN(Cc4ccccc4-c4ccc(Cl)cc4)CC3)cc2Oc2cccc3c2CCC(=O)N3)cc1[N+](=O)[O-],"281391,387637",0.155,True
CN1CCN(Nc2ccc(S(=O)(=O)NC(=O)c3ccc(N4CCN(CC5=C(c6ccc(Cl)cc6)CC(C)(C)CC5)CC4)cc3Oc3ccccc3Cl)cc2[N+](=O)[O-])CC1,"281512,387761",0.155,True
CC1(C)CCC(CN2CCN(c3ccc(C(=O)NS(=O)(=O)c4cnc(OCCN5CCOCC5)c(C#N)c4)c(Oc4cc5cc[nH]c5cc4F)c3)CC2)=C(c2ccc(Cl)cc2)C1,"281633,387885",0.155,True
CC1(C)CCC(CN2CCN(c3ccc(C(=O)NS(=O)(=O)c4ccc(NC5CCN(C6CC6)CC5)c([N+](=O)[O-])c4)c(Oc4cccc(Cl)c4)c3)CC2)=C(c2ccc(Cl)cc2)C1,"281451,387697",0.156,True
COC1(Cc2ccccc2-c2ccc(Cl)cc2)CCN(c2ccc(C(=O)NS(=O)(=O)c3cnc(OCC4(F)CCOCC4)c(Cl)c3)c(Oc3cnc4[nH]ccc4c3)c2)CC1,"1179979,1372993,339804,704854",0.156,True
CC1(C)CC(c2ccc(Cl)cc2)=C2CN3CCN(c4ccc(C(=O)NS(=O)(=O)c5cnc(OCC6CCC(C)(O)CC6)c(Cl)c5)c(N5CCCOc6nc7[nH]ccc7cc65)c4)C[C@H]3COCCCO[C@@H]2C1,"1498037,1498051",0.198,True
CN(C)CCCNc1ccc(S(=O)(=O)NC(=O)c2ccc(N3CCN(Cc4ccccc4-c4ccc(Cl)cc4)CC3)cc2Oc2cccc3[nH]ccc23)cc1[N+](=O)[O-],324777,0.159,True
CC1(C)CC(c2ccc(Cl)cc2)=C2CN3CCN(c4ccc(C(=O)NS(=O)(=O)c5cnc(OC[C@H]6CC[C@](C)(O)CC6)c(Cl)c5)c(N5CCCOc6nc7[nH]ccc7cc65)c4)C[C@H]3COCCCO[C@@H]2C1,1406266,0.159,True
CC1(C)CCC(CN2CCN(c3ccc(C(=O)NS(=O)(=O)c4ccc(NCC5CCOCC5)c([N+](=O)[O-])c4)c(Oc4cccc5[nH]ccc45)c3)CC2)=C(c2ccc(Cl)cc2)C1,324952,0.16,True
CN1CCC(CNc2ccc(S(=O)(=O)NC(=O)c3ccc(N4CCN(CC5=C(c6ccc(Cl)cc6)CC(C)(C)CC5)CC4)cc3Oc3ccc4[nH]ccc4c3)cc2[N+](=O)[O-])(N(C)C)CC1,324829,0.161,True
CC1(C)CCC(CN2CCN(c3ccc(C(=O)NS(=O)(=O)c4cnc(OCC5CCOCC5)c(Cl)c4)c(Oc4cccc5[nH]ccc45)c3)CC2)=C(c2ccc(Cl)cc2)C1,325090,0.162,True
CN1CCC(Nc2ccc(S(=O)(=O)NC(=O)c3ccc(N4CCN(CC5=C(c6ccc(Cl)cc6)CCCCC5)CC4)cc3Oc3ccc4[nH]ccc4c3)cc2[N+](=O)[O-])CC1,324867,0.162,True
CN1CC(Nc2ccc(S(=O)(=O)NC(=O)c3ccc(N4CCN(CC5=C(c6ccc(Cl)cc6)CC(C)(C)CC5)CC4)cc3Oc3ccc4[nH]ccc4c3)cc2[N+](=O)[O-])CCC1=O,324989,0.164,True
CC1(C)CCC(CN2CCN(c3ccc(C(=O)NS(=O)(=O)c4ccc(NC[C@H]5CCCOC5)c([N+](=O)[O-])c4)c(Oc4cc5cc[nH]c5cc4F)c3)CC2)=C(c2ccc(Cl)cc2)C1,"281584,387834",0.165,True
CC1(C)CCC(CN2CCN(c3ccc(C(=O)NS(=O)(=O)c4cc(F)c(OCC5(F)CCOCC5)c(F)c4)c(Oc4cnc5[nH]ccc5c4)c3)CC2)=C(c2ccc(Cl)cc2)C1,"1180072,1373039,339850,704900",0.165,True
CC1(C)CCC(CN2CCN(c3ccc(C(=O)NS(=O)(=O)c4ccc(NCC5CCOCC5)c([N+](=O)[O-])c4)c(Oc4ccccc4-c4cn[nH]c4)c3)CC2)=C(c2ccc(Cl)cc2)C1,"281729,387981",0.166,True
CC1(C)CCC(CN2CCN(c3ccc(C(=O)NS(=O)(=O)c4ccc(N[C@@H]5CCN(Cc6cscn6)C[C@@H]5O)c([N+](=O)[O-])c4)c(Oc4cc5cc[nH]c5cc4F)c3)CC2)=C(c2ccc(Cl)cc2)C1,"281574,387824",0.168,True
CC1(C)CCC(CN2CCN(c3ccc(C(=O)NS(=O)(=O)c4ccc(NCCCN5CCNC(=O)C5)c([N+](=O)[O-])c4)c(Oc4cccc5[nH]ccc45)c3)CC2)=C(c2ccc(Cl)cc2)C1,324932,0.169,True
CC(C1=C(c2ccc(Cl)cc2)CC(C)(C)CC1)N1CCN(c2ccc(C(=O)NS(=O)(=O)c3ccc(NCCCN4CCOCC4)c([N+](=O)[O-])c3)c(Oc3ccc4[nH]ccc4c3)c2)CC1,324965,0.171,True
CN(C)CCCNc1ccc(S(=O)(=O)NC(=O)c2ccc(N3CCN(Cc4ccccc4-c4ccc(Cl)cc4)CC3)cc2Oc2ccccc2Cl)cc1[N+](=O)[O-],"281344,387590",0.171,True
Cc1cccc(Oc2cc(N3CCN(CC4=C(c5ccc(Cl)cc5)CC(C)(C)CC4)CC3)ccc2C(=O)NS(=O)(=O)c2ccc(NC3CCN(C)CC3)c([N+](=O)[O-])c2)c1,"281510,387759",0.172,True
CC1(C)CCC(CN2CCN(c3ccc(C(=O)NS(=O)(=O)c4cnc(OCC5CCOCC5)c(C(F)(F)F)c4)c(Oc4cnc5[nH]ccc5c4)c3)CC2)=C(c2ccc(Cl)cc2)C1,"1180047,1373027,339838,704888",0.174,True
CC1(C)CCC(CN2CCN(c3ccc(C(=O)NS(=O)(=O)c4ccc(NC5CCN(C6CCOCC6)CC5)c([N+](=O)[O-])c4)c(Oc4cc5cc[nH]c5cc4C(F)(F)F)c3)CC2)=C(c2ccc(Cl)cc2)C1,"281544,387794",0.175,True
CN1CCC(Nc2ccc(S(=O)(=O)NC(=O)c3ccc(N4CCN(CC5=C(c6ccc(Cl)cc6)CC(C)(C)CC5)CC4)cc3Oc3cc4cc[nH]c4cc3C(F)(F)F)cc2[N+](=O)[O-])CC1,387793,0.174,True
COc1cc2[nH]ccc2cc1Oc1cc(N2CCN(CC3=C(c4ccc(Cl)cc4)CC(C)(C)CC3)CC2)ccc1C(=O)NS(=O)(=O)c1ccc(NC2CCN(C3CCOCC3)CC2)c([N+](=O)[O-])c1,"281553,387803",0.174,True
CN(C)CCOc1cccc(-c2ccc(Cl)cc2)c1CN1CCN(c2ccc(C(=O)NS(=O)(=O)c3ccc(NCC4CCOCC4)c([N+](=O)[O-])c3)c(Oc3cnc(N)c(Cl)c3)c2)CC1,"281721,387973",0.175,True
CC1(C)CCC(CN2CCN(c3ccc(C(=O)NS(=O)(=O)c4ccc(NC5CCN(C6CCOCC6)CC5)c([N+](=O)[O-])c4)c(Oc4cccc(F)c4Cl)c3)CC2)=C(c2ccc(Cl)cc2)C1,"281506,387755",0.175,True
O=C(NS(=O)(=O)c1ccc(NCC2CCOCC2)c([N+](=O)[O-])c1)c1ccc(N2CCN(Cc3cc(OCCN4CCOCC4)ccc3-c3ccc(Cl)cc3)CC2)cc1Oc1ccccc1,324831,0.176,True
CC1(C)CCC(CN2CCN(c3ccc(C(=O)NS(=O)(=O)c4ccc(N[C@@H]5CCN(C(CF)CF)C5)c([N+](=O)[O-])c4)c(Oc4cc5cc[nH]c5cc4F)c3)CC2)=C(c2ccc(Cl)cc2)C1,"281680,387932",0.177,True
CC1(C)CCC(CN2CCN(c3ccc(C(=O)NS(=O)(=O)c4ccc(NCc5cncs5)c([N+](=O)[O-])c4)c(Oc4ccc5[nH]ccc5c4)c3)CC2)=C(c2ccc(Cl)cc2)C1,324994,0.177,True
CC1(C)CCC(CN2CCN(c3ccc(C(=O)NS(=O)(=O)c4ccc(NC5CCN(Cc6ccsc6)CC5)c([N+](=O)[O-])c4)c(Oc4cccc(F)c4F)c3)CC2)=C(c2ccc(Cl)cc2)C1,"281468,387714",0.177,True
CC1(C)CCC(CN2CCN(c3ccc(C(=O)NS(=O)(=O)c4ccc(NCCN5CCNC(=O)C5)c([N+](=O)[O-])c4)c(Oc4cccc5[nH]ccc45)c3)CC2)=C(c2ccc(Cl)cc2)C1,324987,0.178,True
CC(=O)N1CCC(Nc2ccc(S(=O)(=O)NC(=O)c3ccc(N4CCN(CC5=C(c6ccc(Cl)cc6)CC(C)(C)CC5)CC4)cc3Oc3ccc4[nH]ccc4c3)cc2[N+](=O)[O-])CC1,325038,0.179,True
CC1(C)CCC(CN2CCN(c3ccc(C(=O)NS(=O)(=O)c4ccc(NCC5(N)CCOCC5)c([N+](=O)[O-])c4)c(Oc4cccc5[nH]ccc45)c3)CC2)=C(c2ccc(Cl)cc2)C1,324888,0.18,True
COCCNc1ccc(S(=O)(=O)NC(=O)c2ccc(N3CCN(CC4=C(c5ccc(Cl)cc5)CC(C)(C)CC4)CC3)cc2Oc2ccc3[nH]ccc3c2)cc1[N+](=O)[O-],"1179872,1372751,1373107,324891,339571,704612",0.181,True
CC1(C)CCC(CN2CCN(c3ccc(C(=O)NS(=O)(=O)c4ccc(NC5CCN(C6CCCC6)CC5)c([N+](=O)[O-])c4)c(Oc4ccccc4F)c3)CC2)=C(c2ccc(Cl)cc2)C1,"281466,387712",0.181,True
CC1(C)CCC(CN2CCN(c3ccc(C(=O)NS(=O)(=O)c4cnc(OC5CCN(C6CCOCC6)CC5)c(C#N)c4)c(Oc4cc5cc[nH]c5cc4F)c3)CC2)=C(c2ccc(Cl)cc2)C1,"281648,387900",0.183,True
CC1(C)CCC(CN2CCN(c3ccc(C(=O)NS(=O)(=O)c4ccc(NCCCN5CCS(=O)(=O)CC5)c([N+](=O)[O-])c4)c(Oc4ccc5[nH]ccc5c4)c3)CC2)=C(c2ccc(Cl)cc2)C1,324974,0.183,True
CC1(C)CCC(CN2CCN(c3ccc(C(=O)NS(=O)(=O)c4ccc(NCCCN5CCS(=O)(=O)CC5)c([N+](=O)[O-])c4)c(Oc4cccc5[nH]ccc45)c3)CC2)=C(c2ccc(Cl)cc2)C1,325001,0.183,True
CN1CCC(Nc2ccc(S(=O)(=O)NC(=O)c3ccc(N4CCN(CC5=C(c6ccc(Cl)cc6)CC(C)(C)CC5)CC4)cc3Oc3ccccc3Cl)cc2S(=O)(=O)C(F)(F)F)CC1,"281392,387638",0.184,True
CC1(C)CCC(CN2CCN(c3ccc(C(=O)NS(=O)(=O)c4ccc(OC5CCC(N6CCOCC6)CC5)c([N+](=O)[O-])c4)c(Oc4cc5cc[nH]c5cc4F)c3)CC2)=C(c2ccc(Cl)cc2)C1,387886,0.185,True
CC1(C)CCC(CN2CCN(c3ccc(C(=O)NS(=O)(=O)c4ccc(NC5CCN(C6CCOCC6)CC5)c([N+](=O)[O-])c4)c(Oc4ccc(N)nc4)c3)CC2)=C(c2ccc(Cl)cc2)C1,"281585,387836",0.186,True
CN1CCC(Nc2ccc(S(=O)(=O)NC(=O)c3ccc(N4CCN(CC5=C(c6ccc(Cl)cc6)CC(C)(C)CC5)CC4)cc3Oc3cc(Cl)ccc3Cl)cc2[N+](=O)[O-])CC1,"281393,387639",0.187,True
CC1(C)CCC(CN2CCN(c3ccc(C(=O)NS(=O)(=O)c4cnc(OCCN5CCOCC5)c(C#N)c4)c(Oc4ccc5[nH]ccc5c4)c3)CC2)=C(c2ccc(Cl)cc2)C1,325091,0.188,True
CC(c1ccccc1-c1ccc(Cl)cc1)N1CCN(c2ccc(C(=O)NS(=O)(=O)c3ccc(NCCCN4CCOCC4)c([N+](=O)[O-])c3)c(Oc3cccc4[nH]ccc34)c2)CC1,324955,0.188,True
COCCON1C=C(Cl)C=C(S(=O)(=O)NC(=O)c2ccc(N3CCN(CC4=C(c5ccc(Cl)cc5)CC(C)(C)CC4)CC3)cc2Oc2cnc3[nH]ccc3c2)C1,1180037,0.19,True
COCCOc1ncc(S(=O)(=O)NC(=O)c2ccc(N3CCN(CC4=C(c5ccc(Cl)cc5)CC(C)(C)CC4)CC3)cc2Oc2cnc3[nH]ccc3c2)cc1Cl,"1373022,339833,704883",0.19,True
CC1(C)CCC(CN2CCN(c3ccc(C(=O)NS(=O)(=O)c4ccc(NCC5COCCO5)c([N+](=O)[O-])c4)c(Oc4cc5cc[nH]c5cc4F)c3)CC2)=C(c2ccc(Cl)cc2)C1,"281616,387867",0.191,True
CN1CCN(Nc2ccc(S(=O)(=O)NC(=O)c3ccc(N4CCN(CC5=C(c6ccc(Cl)cc6)CC(C)(C)CC5)CC4)cc3Oc3ccc4[nH]ccc4c3)cc2S(=O)(=O)C(F)(F)F)CC1,324929,0.192,True
CC1(C)CCC(CN2CCN(c3ccc(C(=O)NS(=O)(=O)c4ccc(NC[C@@H]5CCCOC5)c([N+](=O)[O-])c4)c(Oc4ccc5[nH]ccc5c4)c3)CC2)=C(c2ccc(Cl)cc2)C1,"1179874,1372752,339572,704613",0.912,True
O=C(NS(=O)(=O)c1ccc(NCCCN2CCCC2)c([N+](=O)[O-])c1)c1ccc(N2CCN(Cc3ccccc3-c3ccc(Cl)cc3)CC2)cc1Oc1ccccc1,324812,0.193,True
CC1(C)CC(c2ccc(Cl)cc2)=C2CN3CCN(c4ccc(C(=O)NS(=O)(=O)c5ccc(NCC6(F)CCN(C7COC7)CC6)c([N+](=O)[O-])c5)c(N5CCCOc6nc7[nH]ccc7cc65)c4)C[C@H]3COCCCO[C@@H]2C1,"1406260,1498031",0.194,True
O=C(NS(=O)(=O)c1ccc(NCC2CCOCC2)c([N+](=O)[O-])c1)c1ccc(N2CCN(Cc3cc(CN4CCCC4)ccc3-c3ccc(Cl)cc3)CC2)cc1Oc1cccc2[nH]ccc12,324762,0.194,True
CC1(C)CCC(c2ccc(Cl)cc2)=C(CN2CCN(c3ccc(C(=O)NS(=O)(=O)c4cnc(OCC5CCOCC5)c(C#N)c4)c(Oc4cnc5[nH]ccc5c4)c3)CC2)C1,"1179984,1372807,339627,704668",0.196,True
CC1(C)CCC(CN2CCN(c3ccc(C(=O)NS(=O)(=O)c4ccc(N[C@@H]5CCN(C(CF)CF)C5)c(S(=O)(=O)C(F)(F)F)c4)c(Oc4cnc5[nH]ccc5c4)c3)CC2)=C(c2ccc(Cl)cc2)C1,"1179905,1372956,339768,704817",0.196,True
CC1(C)CCC(CN2CCN(c3ccc(C(=O)NS(=O)(=O)c4ccc(NCCCN5CCOCC5)c([N+](=O)[O-])c4)c(Oc4cccc5[nH]ccc45)c3)CC2)=C(c2ccc(Cl)cc2)C1,324784,0.196,True
CC1(C)CCC(CN2CCN(c3ccc(C(=O)NS(=O)(=O)c4ccc(NC5CCC(N(C6CC6)C6CC6)CC5)c([N+](=O)[O-])c4)c(Oc4cc5cc[nH]c5cc4F)c3)CC2)=C(c2ccc(Cl)cc2)C1,387909,0.197,True
CC1(C)CCC(CN2CCN(c3ccc(C(=O)NS(=O)(=O)c4ccc(NC5CCN(CC6CC6)CC5)c([N+](=O)[O-])c4)c(Oc4cc5cc[nH]c5c(F)c4F)c3)CC2)=C(c2ccc(Cl)cc2)C1,"281562,387812",0.197,True
CC1(C)CCC(CN2CCN(c3ccc(C(=O)NS(=O)(=O)c4cnc(OCC5(F)CCN(CC#N)CC5)c(Cl)c4)c(Oc4cccc5[nH]ncc45)c3)CC2)=C(c2ccc(Cl)cc2)C1,325122,0.197,True
CCN(C)C(=O)N1CCOC(CNc2ncc(S(=O)(=O)NC(=O)c3ccc(N4CCN(CC5=C(c6ccc(Cl)cc6)CC(C)(C)CC5)CC4)cc3Oc3cnc4[nH]ccc4c3)cc2Cl)C1,"1180124,1373065,339876,704926",0.198,True
CC1(C)CCC(CN2CCN(c3ccc(C(=O)NS(=O)(=O)c4ccc(NC5CCN(S(C)(=O)=O)CC5)c([N+](=O)[O-])c4)c(Oc4cc5cc[nH]c5cc4F)c3)CC2)=C(c2ccc(Cl)cc2)C1,"281642,387894",0.198,True
CC1(C)CCC(CN2CCN(c3ccc(C(=O)NS(=O)(=O)c4ccc(NCC5CCOCC5)c([N+](=O)[O-])c4)c(Oc4cc5cc[nH]c5cc4Cl)c3)CC2)=C(c2ccc(Cl)cc2)C1,"281600,387851",0.199,True
CC1(C)CC(c2ccc(Cl)cc2)=C2CN3CCN(c4ccc(C(=O)NS(=O)(=O)c5ccc(OCC6CCOCC6)c([N+](=O)[O-])c5)c(N5CCCOc6nc7[nH]ccc7cc65)c4)C[C@H]3COCCCO[C@@H]2C1,"1406274,1498045",0.202,True
COCCOCCS(=O)(=O)c1ccc(S(=O)(=O)NC(=O)c2ccc(N3CCN(CC4=C(c5ccc(Cl)cc5)CC(C)(C)CC4)CC3)cc2Oc2cnc3[nH]ccc3c2)cc1[N+](=O)[O-],"1179950,1372790,339610,704651",0.203,True
CC1(C)CCC(CN2CCN(c3ccc(C(=O)NS(=O)(=O)c4ccc(OCC#CCN5CCOCC5)c([N+](=O)[O-])c4)c(Oc4cc5cc[nH]c5cc4F)c3)CC2)=C(c2ccc(Cl)cc2)C1,"281640,387892",0.205,True
CO[C@]1(CF)C[C@@H](CNc2ccc(S(=O)(=O)NC(=O)c3ccc(N4CCN5CC6=C(c7ccc(Cl)cc7)CC(C)(C)C[C@H]6OCCCOC[C@@H]5C4)cc3N3CCCOc4nc5[nH]ccc5cc43)cc2[N+](=O)[O-])C1,"1406278,1498049",0.206,True
CC1(C)CCC(CN2CCN(c3ccc(C(=O)NS(=O)(=O)c4ccc(NC5CCN(C6CC6)CC5)c([N+](=O)[O-])c4)c(Oc4cccc(F)c4)c3)CC2)=C(c2ccc(Cl)cc2)C1,"281464,387710",0.211,True
CN1CCN(CCCNc2ccc(S(=O)(=O)NC(=O)c3ccc(N4CCN(Cc5ccccc5-c5ccc(Cl)cc5)CC4)cc3Oc3ccccc3)cc2[N+](=O)[O-])CC1,324807,0.212,True
CC1(C)CCC(CN2CCN(c3ccc(C(=O)NS(=O)(=O)c4ccc(NC5CCN(C6CC6)CC5)c([N+](=O)[O-])c4)c(Oc4cc5cc[nH]c5cc4F)c3)CC2)=C(c2ccc(Cl)cc2)C1,"281650,387902",0.212,True
CC1(C)CCC(CN2CCN(c3ccc(C(=O)NS(=O)(=O)c4ccc(OCC5COCCN5C(=O)OC(C)(C)C)c([N+](=O)[O-])c4)c(Oc4cnc5[nH]ccc5c4)c3)CC2)=C(c2ccc(Cl)cc2)C1,"1179986,1372808,339628,704669",0.213,True
CC1(C)CCC(CN2CCN(c3ccc(C(=O)NS(=O)(=O)c4ccc(NCCCN5CCOCC5)c([N+](=O)[O-])c4)c(Oc4ccc(F)cc4Cl)c3)CC2)=C(c2ccc(Cl)cc2)C1,"281452,387698",0.214,True
CN(C)C1(CNc2ccc(S(=O)(=O)NC(=O)c3ccc(N4CCN(CC5=C(c6ccc(Cl)cc6)CC(C)(C)CC5)CC4)cc3Oc3ccc4[nH]ccc4c3)cc2[N+](=O)[O-])CCOCC1,324916,0.218,True
COCCNc1ccc(S(=O)(=O)NC(=O)c2ccc(N3CCN(CC4=C(c5ccc(Cl)cc5)CC(C)(C)CC4)CC3)cc2Oc2cnc3[nH]ccc3c2)cc1S(=O)(=O)C(F)(F)F,"1179864,1372747,339567,704608",0.219,True
CN1CCC(Nc2ccc(S(=O)(=O)NC(=O)c3ccc(N4CCN(CC5=C(c6ccc(Cl)cc6)CC(C)(C)CC5)CC4)cc3Oc3cccc(-c4ccc[nH]4)c3)cc2[N+](=O)[O-])CC1,"281524,387773",0.22,True
CN1CCC(Nc2ccc(S(=O)(=O)NC(=O)c3ccc(N4CCN(CC5=C(c6ccc(Cl)cc6)CC(C)(C)CC5)CC4)cc3Oc3ccc(F)cc3Cl)cc2[N+](=O)[O-])CC1,"281394,387640",0.22,True
CN1CCC(Nc2ccc(S(=O)(=O)NC(=O)c3ccc(N4CCN(CC5=C(c6ccc(Cl)cc6)CC(C)(C)CC5)CC4)cc3Oc3ccccc3C(=O)N(C)C)cc2[N+](=O)[O-])CC1,"281541,387790",0.221,True
CC1(C)CC(c2ccc(Cl)cc2)=C2CN3CCN(c4ccc(C(=O)NS(=O)(=O)c5ccc(NCC6(O)CCOCC6)c([N+](=O)[O-])c5)c(N5CCCOc6nc7[nH]ccc7cc65)c4)C[C@H]3COCCCO[C@@H]2C1,"1406218,1497989,51565554",0.223,True
CC1(C)CCC(CN2CCN(c3ccc(C(=O)NS(=O)(=O)c4ccc(NC5CCN(CCF)CC5)c([N+](=O)[O-])c4)c(Oc4cccc(F)c4F)c3)CC2)=C(c2ccc(Cl)cc2)C1,"281472,387718",0.223,True
COC1CC(CNc2ccc(S(=O)(=O)NC(=O)c3ccc(N4CCN5CC6=C(c7ccc(Cl)cc7)CC(C)(C)C[C@H]6OCCCOC[C@@H]5C4)cc3N3CCCOc4nc5[nH]ccc5cc43)cc2[N+](=O)[O-])C1,1498035,0.224,True
CO[C@H]1C[C@H](CNc2ccc(S(=O)(=O)NC(=O)c3ccc(N4CCN5CC6=C(c7ccc(Cl)cc7)CC(C)(C)C[C@H]6OCCCOC[C@@H]5C4)cc3N3CCCOc4nc5[nH]ccc5cc43)cc2[N+](=O)[O-])C1,1406264,0.224,True
O=C(NS(=O)(=O)c1ccc(NCC2CCOCC2)c([N+](=O)[O-])c1)c1ccc(N2CCN(Cc3ccccc3-c3ccc(Cl)cc3)CC2)cc1Oc1cnc2[nH]ccc2c1,"1179834,1372732,339552,704593",0.225,True
CC1(C)CCC(CN2CCN(c3ccc(C(=O)NS(=O)(=O)c4ccc(NC5CCC(N6CCOCC6)CC5)c([N+](=O)[O-])c4)c(Oc4ccc5[nH]ccc5c4)c3)CC2)=C(c2ccc(Cl)cc2)C1,1373108,0.226,True
CC1(C)CCC(CN2CCN(c3ccc(C(=O)NS(=O)(=O)c4ccc(N[C@H]5CC[C@H](N6CCOCC6)CC5)c([N+](=O)[O-])c4)c(Oc4ccc5[nH]ccc5c4)c3)CC2)=C(c2ccc(Cl)cc2)C1,"1179870,1372750,704611",0.226,True
CN1CCN(Nc2ccc(S(=O)(=O)NC(=O)c3ccc(N4CCN(CC5=C(c6ccc(Cl)cc6)CC(C)(C)CC5)CC4)cc3Oc3cc4cc[nH]c4cc3F)cc2[N+](=O)[O-])CC1,"281547,387797",0.227,True
CN1CCC(Nc2ccc(S(=O)(=O)NC(=O)c3ccc(N4CCN(CC5=C(c6ccc(Cl)cc6)CC(C)(C)C5)CC4)cc3Oc3ccccc3Cl)cc2[N+](=O)[O-])CC1,"281395,387641",0.227,True
CC1(C)CCC(CN2CCN(c3ccc(C(=O)NS(=O)(=O)c4ccc(NC5CCN(C6CCOCC6)CC5)c([N+](=O)[O-])c4)c(Oc4ccc5[nH]ccc5c4)c3F)CC2)=C(c2ccc(Cl)cc2)C1,324897,0.228,True
Cn1cncc1CNc1ccc(S(=O)(=O)NC(=O)c2ccc(N3CCN(CC4=C(c5ccc(Cl)cc5)CC(C)(C)CC4)CC3)cc2Oc2ccc3[nH]ccc3c2)cc1[N+](=O)[O-],325064,0.228,True
CC(C)N(C)CCCNc1ccc(S(=O)(=O)NC(=O)c2ccc(N3CCN(Cc4ccccc4-c4ccc(Cl)cc4)CC3)cc2Oc2ccccc2)cc1[N+](=O)[O-],324814,0.231,True
CC1(C)CCC(CN2CCN(c3ccc(C(=O)NS(=O)(=O)c4ccc(NCC5(N6CCOCC6)CCCCC5)c([N+](=O)[O-])c4)c(Oc4cnc5[nH]ccc5c4)c3)CC2)=C(c2ccc(Cl)cc2)C1,"1180030,1372830,339648,704691",0.233,True
CC1(C)CCC(CN2CCN(c3ccc(C(=O)NS(=O)(=O)c4ccc(NC5CCC(N6CCOCC6)CC5)c([N+](=O)[O-])c4)c(Oc4cc5cc[nH]c5cc4Cl)c3)CC2)=C(c2ccc(Cl)cc2)C1,387868,0.233,True
CC1(C)CCC(CN2CCN(c3ccc(C(=O)NS(=O)(=O)c4ccc(NCC5(C)COC5)c([N+](=O)[O-])c4)c(Oc4ccc5[nH]ccc5c4)c3)CC2)=C(c2ccc(Cl)cc2)C1,324972,0.235,True
CN1CCN(CCNc2ccc(S(=O)(=O)NC(=O)c3ccc(N4CCN(Cc5ccccc5-c5ccc(Cl)cc5)CC4)cc3Oc3ccccc3)cc2[N+](=O)[O-])CC1,324806,0.236,True
CC1(C)CCC(CN2CCN(c3ccc(C(=O)NS(=O)(=O)c4ccc(NC5CCN(C6CCOCC6)CC5)c([N+](=O)[O-])c4)c(Oc4ccc5[nH]ccc5c4)c3)CC2CO)=C(c2ccc(Cl)cc2)C1,324928,0.236,True
CC1(C)CCC(CN2CCN(c3ccc(C(=O)NS(=O)(=O)c4ccc(NCC5(N)CCOCC5)c([N+](=O)[O-])c4)c(Oc4cccc(Cl)c4)c3)CC2)=C(c2ccc(Cl)cc2)C1,"281441,387687",0.237,True
CC1(C)CC(c2ccc(Cl)cc2)=C2CN3CCN(c4ccc(C(=O)NS(=O)(=O)c5cnc(OC[C@H]6CC[C@@](C)(O)CC6)c(Cl)c5)c(N5CCCOc6nc7[nH]ccc7cc65)c4)C[C@H]3COCCCO[C@@H]2C1,1406280,0.237,True
CC1(C)CCC(CN2CCN(c3ccc(C(=O)NS(=O)(=O)c4ccc(NCCCN5CCOCC5)c([N+](=O)[O-])c4)c(Oc4ccccc4)c3)CC2)=C(c2ccc(Cl)cc2)C1,324756,0.238,True
CC1(C)CCC(CN2CCN(c3ccc(C(=O)NS(=O)(=O)c4ccc(NN5CCS(=O)(=O)CC5)c([N+](=O)[O-])c4)c(Oc4cc5cc[nH]c5cc4F)c3)CC2)=C(c2ccc(Cl)cc2)C1,"281654,387906",0.238,True
CC1(C)CC(c2ccc(Cl)cc2)=C2CN3CCN(c4ccc(C(=O)NS(=O)(=O)c5ccc(NCC6CCCCO6)c([N+](=O)[O-])c5)c(N5CCCOc6nc7[nH]ccc7cc65)c4)C[C@H]3COCCCO[C@@H]2C1,"1406272,1498043",0.238,True
CC1(C)CCC(CN2CCN(c3ccc(C(=O)NS(=O)(=O)c4cnc(OCC5CCOCC5)c(C#N)c4)c(Oc4cccc5[nH]ccc45)c3)CC2)=C(c2ccc(Cl)cc2)C1,325089,0.239,True
CC1(C)CCC(CN2CCN(c3ccc(C(=O)NS(=O)(=O)c4ccc(NCCCN5CCOCC5)c([N+](=O)[O-])c4)c(Oc4ccc5[nH]ccc5c4)c3)CC2)=C(c2ccc(Cl)cc2)C1,324781,0.239,True
CN1CCC(Nc2ccc(S(=O)(=O)NC(=O)c3ccc(N4CCN(CC5=C(c6ccc(Cl)cc6)CC(C)(C)CC5)CC4)cc3Oc3cccc(O)c3)cc2[N+](=O)[O-])CC1,"281504,387753",0.24,True
CC1(C)CCC(CN2CCN(c3ccc(C(=O)NS(=O)(=O)c4cnc(NC5CCN(C6CC6)CC5)c(Cl)c4)c(Oc4cccc5[nH]cnc45)c3)CC2)=C(c2ccc(Cl)cc2)C1,325152,0.24,True
CC1(C)CC(c2ccc(Cl)cc2)=C2CN3CCN(c4ccc(C(=O)NS(=O)(=O)c5ccc(NC[C@H]6CC[C@](O)(CF)CO6)c([N+](=O)[O-])c5)c(N5CCCOc6nc7[nH]ccc7cc65)c4)C[C@H]3COCCCO[C@@H]2C1,1406210,0.24,True
CC1(C)CC(c2ccc(Cl)cc2)=C2CN3CCN(c4ccc(C(=O)NS(=O)(=O)c5ccc(NC[C@H]6CC[C@](O)(CF)CC6)c([N+](=O)[O-])c5)c(N5CCCOc6nc7[nH]ccc7cc65)c4)C[C@H]3COCCCO[C@@H]2C1,1497981,0.24,True
CC1(C)CCC(CN2CCN(c3ccc(C(=O)NS(=O)(=O)c4ccc(NN5CCN(CCO)CC5)c([N+](=O)[O-])c4)c(Oc4ccc5[nH]ccc5c4)c3)CC2)=C(c2ccc(Cl)cc2)C1,324941,0.243,True
CC1(C)CCC(CN2CCN(c3ccc(C(=O)NS(=O)(=O)c4ccc(OC[C@@H]5COCCO5)c([N+](=O)[O-])c4)c(Oc4ccc5[nH]ccc5c4)c3)CC2)=C(c2ccc(Cl)cc2)C1,325051,0.243,True
CN1CCN(Nc2ccc(S(=O)(=O)NC(=O)c3ccc(N4CCN(CC5=C(c6ccc(Cl)cc6)CC(C)(C)CC5)CC4)cc3Oc3cccc(Cl)c3)cc2[N+](=O)[O-])CC1,"281526,387775",0.244,True
CO[C@H]1C[C@@H](CNc2ccc(S(=O)(=O)NC(=O)c3ccc(N4CCN5CC6=C(c7ccc(Cl)cc7)CC(C)(C)C[C@H]6OCCCOC[C@@H]5C4)cc3N3CCCOc4nc5[nH]ccc5cc43)cc2[N+](=O)[O-])C1,"1406230,1498001",0.248,True
CC1(C)CCC(CN2CCN(c3ccc(C(=O)NS(=O)(=O)c4cnc(OCC5(F)CCN(C(CF)CF)CC5)c(C(F)(F)F)c4)c(Oc4cnc5[nH]ccc5c4)c3)CC2)=C(c2ccc(Cl)cc2)C1,"1180029,1373018,339829,704879",0.251,True
CC1(C)CCC(CN2CCN(c3ccc(C(=O)NS(=O)(=O)c4ccc(OCC5COCCO5)c([N+](=O)[O-])c4)c(Oc4cc5cc[nH]c5cc4Cl)c3)CC2)=C(c2ccc(Cl)cc2)C1,"281614,387865",0.251,True
CC1(C)CCC(CN2CCN(c3ccc(C(=O)NS(=O)(=O)c4cnc(OCCC5CCOCC5)c(C#N)c4)c(Oc4cnc5[nH]ccc5c4)c3)CC2)=C(c2ccc(Cl)cc2)C1,"1180009,1373008,339819,704869",0.252,True
COCCNc1ccc(S(=O)(=O)NC(=O)c2ccc(N3CCN(CC4=C(c5ccc(Cl)cc5)CC(C)(C)CC4)CC3)cc2Oc2cccc3[nH]ccc23)cc1[N+](=O)[O-],324947,0.252,True
CN(C)CCCNc1ccc(S(=O)(=O)NC(=O)c2ccc(N3CCN(CC4=C(c5ccc(Cl)cc5)CCC(C)(C)C4)CC3)cc2Oc2ccc3[nH]ccc3c2)cc1[N+](=O)[O-],324780,0.252,True
CC1(C)CCC(CN2CCN(c3ccc(C(=O)NS(=O)(=O)c4ccc(NC5CCN(CCCF)CC5)c([N+](=O)[O-])c4)c(Oc4ccc5[nH]ccc5c4)c3)CC2)=C(c2ccc(Cl)cc2)C1,324943,0.252,True
CC1(C)CCC(CN2CCN(c3ccc(C(=O)NS(=O)(=O)c4ccc(NCCCS(C)(=O)=O)c([N+](=O)[O-])c4)c(Oc4cccc5[nH]ccc45)c3)CC2)=C(c2ccc(Cl)cc2)C1,325000,0.258,True
O=C(NS(=O)(=O)c1ccc(NCCCN2CCCC2)c([N+](=O)[O-])c1)c1ccc(N2CCN(Cc3cc(OCCN4CCOCC4)ccc3-c3ccc(Cl)cc3)CC2)cc1Oc1ccc2[nH]ccc2c1,324852,0.259,True
CN1CCN(Nc2ccc(S(=O)(=O)NC(=O)c3ccc(N4CCN(CC5=C(c6ccc(Cl)cc6)CC(C)(C)CC5)CC4)cc3Oc3ccc(O)cc3Cl)cc2[N+](=O)[O-])CC1,"281535,387784",0.261,True
CC(c1ccccc1-c1ccc(Cl)cc1)N1CCN(c2ccc(C(=O)NS(=O)(=O)c3ccc(NN4CCN(C)CC4)c([N+](=O)[O-])c3)c(Oc3cccc4[nH]ccc34)c2)CC1,324926,0.262,True
CN(C)CCNc1ccc(S(=O)(=O)NC(=O)c2ccc(N3CCN(Cc4ccccc4-c4ccc(Cl)cc4)CC3)cc2Oc2ccccc2)cc1[N+](=O)[O-],324869,0.265,True
CN1CCC(Nc2ccc(S(=O)(=O)NC(=O)c3ccc(N4CCN(CC5=C(c6ccc(Cl)cc6)CCCC5)CC4)cc3Oc3cccc4[nH]ccc34)cc2[N+](=O)[O-])CC1,324865,0.265,True
CC1(C)CCC(CN2CCN(c3ccc(C(=O)NS(=O)(=O)c4ccc(NCC5(N)CCCCC5)c([N+](=O)[O-])c4)c(Oc4ccc5[nH]ccc5c4)c3)CC2)=C(c2ccc(Cl)cc2)C1,324958,0.266,True
CN(C)CC#Cc1ccc(-c2ccc(Cl)cc2)c(CN2CCN(c3ccc(C(=O)NS(=O)(=O)c4ccc(NCC5CCOCC5)c([N+](=O)[O-])c4)c(Oc4cccc5[nH]ccc45)c3)CC2)c1,324918,0.267,True
CC1(C)CC(c2ccc(Cl)cc2)=C2CN3CCN(c4ccc(C(=O)NS(=O)(=O)c5ccc(OCC6(F)CCN(C7COC7)CC6)c(Cl)c5)c(N5CCCOc6nc7[nH]ccc7cc65)c4)C[C@H]3COCCCO[C@@H]2C1,"1406200,1497971",0.267,True
CN(C)CCCNc1ccc(S(=O)(=O)NC(=O)c2ccc(N3CCN(CC4=C(c5ccc(Cl)cc5)CCC(C)(C)C4)CC3)cc2Oc2cccc3[nH]ccc23)cc1[N+](=O)[O-],324785,0.268,True
CO[C@H]1CCC(COc2ccc(S(=O)(=O)NC(=O)c3ccc(N4CCN5CC6=C(c7ccc(Cl)cc7)CC(C)(C)C[C@H]6OCCCOC[C@@H]5C4)cc3N3CCCOc4nc5[nH]ccc5cc43)cc2[N+](=O)[O-])OC1,1498019,0.272,True
CO[C@H]1CC[C@H](COc2ccc(S(=O)(=O)NC(=O)c3ccc(N4CCN5CC6=C(c7ccc(Cl)cc7)CC(C)(C)C[C@H]6OCCCOC[C@@H]5C4)cc3N3CCCOc4nc5[nH]ccc5cc43)cc2[N+](=O)[O-])OC1,1406248,0.272,True
COC1CC[C@@H](CNc2ccc(S(=O)(=O)NC(=O)c3ccc(N4CCN5CC6=C(c7ccc(Cl)cc7)CC(C)(C)C[C@H]6OCCCOC[C@@H]5C4)cc3N3CCCOc4nc5[nH]ccc5cc43)cc2[N+](=O)[O-])OC1,1498003,0.273,True
CC1(C)CCC(CN2CCN(c3ccc(C(=O)NS(=O)(=O)c4ccc(NCC5COCCO5)c([N+](=O)[O-])c4)c(Oc4cc5cc[nH]c5cc4Cl)c3)CC2)=C(c2ccc(Cl)cc2)C1,"281615,387866",0.273,True
CO[C@@H]1CC[C@@H](CNc2ccc(S(=O)(=O)NC(=O)c3ccc(N4CCN5CC6=C(c7ccc(Cl)cc7)CC(C)(C)C[C@H]6OCCCOC[C@@H]5C4)cc3N3CCCOc4nc5[nH]ccc5cc43)cc2[N+](=O)[O-])OC1,1406232,0.273,True
CC1(C)CCC(c2ccc(Cl)cc2)=C(CN2CCN(c3ccc(C(=O)NS(=O)(=O)c4ccc(NCC5CCOCC5)c([N+](=O)[O-])c4)c(Oc4cc5cc[nH]c5cc4F)c3)CC2)C1,"281586,387837",0.276,True
COC[C@]1(F)C[C@H](CNc2ccc(S(=O)(=O)NC(=O)c3ccc(N4CCN5CC6=C(c7ccc(Cl)cc7)CC(C)(C)C[C@H]6OCCCOC[C@@H]5C4)cc3N3CCCOc4nc5[nH]ccc5cc43)cc2[N+](=O)[O-])C1,"1406276,1498047",0.28,True
CC1(C)CCC(CN2CCN(c3ccc(C(=O)NS(=O)(=O)c4ccc(NC5CCN(CCn6cccn6)CC5)c([N+](=O)[O-])c4)c(Oc4ccc5[nH]ccc5c4)c3)CC2)=C(c2ccc(Cl)cc2)C1,324951,0.28,True
COCC1(F)CC(CNc2ccc(S(=O)(=O)NC(=O)c3ccc(N4CCN5CC6=C(c7ccc(Cl)cc7)CC(C)(C)C[C@H]6OCCCOC[C@@H]5C4)cc3N3CCCOc4nc5[nH]ccc5cc43)cc2[N+](=O)[O-])C1,51565559,0.28,True
CC1(C)CC(c2ccc(Cl)cc2)=C2CN3CCN(c4ccc(C(=O)NS(=O)(=O)c5cnc(OCC6(F)CCN(C7COC7)CC6)c(Cl)c5)c(N5CCCOc6nc7[nH]ccc7cc65)c4)C[C@H]3COCCCO[C@@H]2C1,1406190,0.28,True
CC1(C)CC(c2ccc(Cl)cc2)=C2CN3CCN(c4ccc(C(=O)NS(=O)(=O)c5cnc(OCC6(F)CCN(C7COC7)CC6)c(Cl)c5)c(N5CCCOc6nc7[nH]ccc7cc65)c4)C[C@H]3COCCCOC2C1,1497961,0.28,True
CN1CCC(Nc2ccc(S(=O)(=O)NC(=O)c3ccc(N4CCN(CC5=C(c6ccc(Cl)cc6)CC(C)(C)CC5)CC4)c(F)c3Oc3ccc4[nH]ccc4c3)cc2[N+](=O)[O-])CC1,324896,0.281,True
CC1(C)CCC(CN2CCN(c3ccc(C(=O)NS(=O)(=O)c4cnc(OC[C@@H]5CN(CC#N)CCO5)c(Cl)c4)c(Oc4cnc5[nH]ccc5c4)c3)CC2)=C(c2ccc(Cl)cc2)C1,"1179943,1372975,339786,704836",0.281,True
CC1(C)CCC(CN2CCN(c3ccc(C(=O)NS(=O)(=O)c4ccc(NCC(F)(F)F)c([N+](=O)[O-])c4)c(Oc4ccc5[nH]ccc5c4)c3)CC2)=C(c2ccc(Cl)cc2)C1,325048,0.284,True
CC1(C)CCC(CN2CCN(c3ccc(C(=O)NS(=O)(=O)c4cnc5c(c4)nnn5CC4CCOCC4)c(Oc4cnc5[nH]ccc5c4)c3)CC2)=C(c2ccc(Cl)cc2)C1,"1180190,1373097,339904,704958",0.285,True
CC1(C)CCC(CN2CCN(c3ccc(C(=O)NS(=O)(=O)c4cnc(OCC5CCOCC5)c(Br)c4)c(Oc4ccc5[nH]ccc5c4)c3)CC2)=C(c2ccc(Cl)cc2)C1,325033,0.285,True
CC1(C)CCC(CN2CCN(c3ccc(C(=O)NS(=O)(=O)c4ccc(NC[C@H]5CCCOC5)c([N+](=O)[O-])c4)c(Oc4ccc5[nH]ccc5c4)c3)CC2)=C(c2ccc(Cl)cc2)C1,"1179876,1372753,324893,339573,704614",0.291,True
CC1(C)CCC(CN2CCN(c3ccc(C(=O)NS(=O)(=O)c4ccc(NCC5CCS(=O)(=O)CC5)c([N+](=O)[O-])c4)c(Oc4cccc5[nH]ccc45)c3)CC2)=C(c2ccc(Cl)cc2)C1,325007,0.291,True
CN1CCC(Oc2ccc(S(=O)(=O)NC(=O)c3ccc(N4CCN(CC5=C(c6ccc(Cl)cc6)CC(C)(C)CC5)CC4)cc3Oc3ccc4[nH]ccc4c3)cc2[N+](=O)[O-])CC1,325057,0.292,True
CC1(C)CC(c2ccc(Cl)cc2)=C2CN3CCN(c4ccc(C(=O)NS(=O)(=O)c5ccc(NC[C@H]6C[C@](O)(CF)C6)c([N+](=O)[O-])c5)c(N5CCCOc6nc7[nH]ccc7cc65)c4)C[C@H]3COCCCO[C@@H]2C1,1406214,0.297,True
CC1(C)CC(c2ccc(Cl)cc2)=C2CN3CCN(c4ccc(C(=O)NS(=O)(=O)c5ccc(NCC6CC(O)(CF)C6)c([N+](=O)[O-])c5)c(N5CCCOc6nc7[nH]ccc7cc65)c4)C[C@H]3COCCCO[C@@H]2C1,1497985,0.297,True
CC1(C)CCC(CN2CCN(c3ccc(C(=O)NS(=O)(=O)c4ccc(NCC5COCCO5)c([N+](=O)[O-])c4)c(Oc4cccc5[nH]cnc45)c3)CC2)=C(c2ccc(Cl)cc2)C1,325153,0.299,True
CC1(C)CCC(CN2CCN(c3ccc(C(=O)NS(=O)(=O)c4ccc(OCC5CCOCC5)c(C(N)=O)c4)c(Oc4cnc5[nH]ccc5c4)c3)CC2)=C(c2ccc(Cl)cc2)C1,"1179908,1372769,339589,704630",0.3,True
CC1(C)CCC(CN2CCN(c3ccc(C(=O)NS(=O)(=O)c4ccc(NCCCN5CCOCC5)c(S(=O)(=O)C(F)(F)F)c4)c(Oc4ccc5[nH]ccc5c4)c3)CC2)=C(c2ccc(Cl)cc2)C1,325052,0.302,True
CN(C)CCOc1ccc(-c2ccc(Cl)cc2)c(CN2CCN(c3ccc(C(=O)NS(=O)(=O)c4ccc(NC5CCN(CC(F)(F)F)CC5)c([N+](=O)[O-])c4)c(Oc4ccccc4)c3)CC2)c1,324853,0.305,True
COCCOCCNc1ccc(S(=O)(=O)NC(=O)c2ccc(N3CCN(CC4=C(c5ccc(Cl)cc5)CC(C)(C)CC4)CC3)cc2Oc2ccc3[nH]ccc3c2)cc1[N+](=O)[O-],325004,0.315,True
CC1(C)CCC(CN2CCN(c3ccc(C(=O)NS(=O)(=O)c4ccc(NC5CCOCC5)c([N+](=O)[O-])c4)c(Oc4ccc5[nH]ccc5c4)c3)CC2)=C(c2ccc(Cl)cc2)C1,324971,0.316,True
CN1CC[C@H](Nc2ccc(S(=O)(=O)NC(=O)c3ccc(N4CCN(CC5=C(c6ccc(Cl)cc6)CC(C)(C)CC5)CC4)cc3Oc3cccc(Cl)c3)cc2[N+](=O)[O-])C1,"281522,387771",0.317,True
CC1(C)CCC(CN2CCN(c3ccc(C(=O)NS(=O)(=O)c4ccc(Cl)c([N+](=O)[O-])c4)c(Oc4cnc5[nH]ccc5c4)c3)CC2)=C(c2ccc(Cl)cc2)C1,"1179996,1372813,339632,704674",0.328,True
CC1(C)CCC(CN2CCN(c3ccc(C(=O)NS(=O)(=O)c4ccc(NCCN5CCCC5=O)c([N+](=O)[O-])c4)c(Oc4ccc5[nH]ccc5c4)c3)CC2)=C(c2ccc(Cl)cc2)C1,324959,0.328,True
CC1(C)CCC(CN2CCN(c3ccc(C(=O)NS(=O)(=O)c4ccc(N[C@@H]5CCN(Cc6ccccc6)C[C@@H]5O)c([N+](=O)[O-])c4)c(Oc4ccc5[nH]ccc5c4)c3)CC2)=C(c2ccc(Cl)cc2)C1,324899,0.329,True
O=C(NS(=O)(=O)c1ccc(NCCCN2CCOCC2)c([N+](=O)[O-])c1)c1ccc(N2CCN(Cc3ccccc3-c3ccc(Cl)cc3)CC2)cc1Oc1cccc(Cl)c1,"281345,387591",0.331,True
CN(C)CCCNc1ccc(S(=O)(=O)NC(=O)c2ccc(N3CCN(Cc4ccccc4-c4ccc(Cl)cc4)CC3)cc2Oc2cccc(CO)c2)cc1[N+](=O)[O-],"281440,387686",0.331,True
CC1(C)CCC(CC2CCN(c3ccc(C(=O)NS(=O)(=O)c4cnc(OCC5(O)CCC(F)(F)CC5)c(Cl)c4)c(Oc4cnc5[nH]ccc5c4)c3)CC2)=C(c2ccc(Cl)cc2)C1,"1180057,1373032,339843,704893",0.332,True
CN(C)CCOc1cccc(-c2ccc(Cl)cc2)c1CN1CCN(c2ccc(C(=O)NS(=O)(=O)c3ccc(NCC4CCOCC4)c(S(=O)(=O)C(F)(F)F)c3)c(Oc3ccccc3)c2)CC1,324840,0.335,True
COCCN1CCC(F)(COc2ncc(S(=O)(=O)NC(=O)c3ccc(N4CCN5CC6=C(c7ccc(Cl)cc7)CC(C)(C)C[C@H]6OCCCOC[C@@H]5C4)cc3N3CCCOc4nc5[nH]ccc5cc43)cc2Cl)CC1,"1406226,1497997",0.339,True
Cc1cccc(CC(=O)N2CCc3cc(-c4cc(C(=O)N(c5ccc(O)cc5)c5cc(C#N)n(C)c5C)c(C)n4C)c(C(=O)N4Cc5ccccc5C[C@H]4C)cc3C2)c1,1535380,0.34,True
CC1(C)CCC(CN2CCN(c3ccc(C(=O)NS(=O)(=O)c4ccc(OCC#CCN5CCOCC5)c([N+](=O)[O-])c4)c(Oc4ccc5[nH]ccc5c4)c3)CC2)=C(c2ccc(Cl)cc2)C1,325093,0.341,True
CO[C@H]1CC[C@H](COc2ccc(S(=O)(=O)NC(=O)c3ccc(N4CCN5CC6=C(c7ccc(Cl)cc7)CC(C)(C)C[C@H]6OCCCOC[C@@H]5C4)cc3N3CCCOc4nc5[nH]ccc5cc43)cc2Cl)OC1,1406262,0.349,True
CO[C@H]1CCC(COc2ccc(S(=O)(=O)NC(=O)c3ccc(N4CCN5CC6=C(c7ccc(Cl)cc7)CC(C)(C)C[C@H]6OCCCOC[C@@H]5C4)cc3N3CCCOc4nc5[nH]ccc5cc43)cc2Cl)OC1,1498033,0.349,True
CO[C@H]1CC[C@H](CNc2ccc(S(=O)(=O)NC(=O)c3ccc(N4CCN5CC6=C(c7ccc(Cl)cc7)CC(C)(C)C[C@H]6OCCCOC[C@@H]5C4)cc3N3CCCOc4nc5[nH]ccc5cc43)cc2[N+](=O)[O-])OC1,"1406208,1497979,51565553",0.3499999999999999,True
CC1(C)CCC(CN2CCN(c3ccc(C(=O)NS(=O)(=O)c4cnc(OCC5(F)CCN(C(CF)CF)CC5)c(C(F)(F)F)c4)c(Oc4cnc(N)c(Cl)c4)c3)CC2)=C(c2ccc(Cl)cc2)C1,"281728,387980",0.354,True
NC[C@@H]1Cc2ccccc2CN1C(=O)c1cc2c(cc1-c1cc(C(=O)N(c3ccccc3)c3ccc(O)cc3)c3n1CCCC3)OCO2,51272548,0.36,True
CC1(C)CCC(CN2CCN(c3ccc(C(=O)NS(=O)(=O)c4ccc(NCC5CCOCC5)c([N+](=O)[O-])c4)c(Oc4ccc5[nH]cc(Cl)c5c4)c3)CC2)=C(c2ccc(Cl)cc2)C1,"281589,387840",0.363,True
CC1(C)CCC(c2ccc(Cl)cc2)=C(CN2CCN(c3ccc(C(=O)NS(=O)(=O)c4ccc(NCC5CCOCC5)c([N+](=O)[O-])c4)c(Oc4ccc5[nH]ccc5c4)c3)CC2)C1,324996,0.365,True
CC1(C)CCC(CN2CCN(c3ccc(C(=O)NS(=O)(=O)c4ccc(NCC5CCOCC5)c([N+](=O)[O-])c4)c(Oc4ccc5[nH]ccc5c4)c3)CC2CO)=C(c2ccc(Cl)cc2)C1,324944,0.369,True
CN1CC[C@H](Nc2ccc(S(=O)(=O)NC(=O)c3ccc(N4CCN(CC5=C(c6ccc(Cl)cc6)CC(C)(C)CC5)CC4)cc3Oc3ccc4[nH]ccc4c3)cc2[N+](=O)[O-])C1,324942,0.369,True
CN(C)CCCNc1ccc(S(=O)(=O)NC(=O)c2ccc(N3CCN(CC4=C(c5ccc(Cl)cc5)CC(C)(C)CC4)CC3)cc2Oc2cccc3c2c(CN2CCN(C)CC2)cn3CN2CCN(C)CC2)cc1[N+](=O)[O-],"281539,387788",0.375,True
CC1(C)CCC(CN2CCN(c3ccc(C(=O)NS(=O)(=O)c4ccc(NCCCN5CCOCC5)c(S(=O)(=O)C(F)(F)F)c4)c(Oc4cnc(N)c(Cl)c4)c3)CC2)=C(c2ccc(Cl)cc2)C1,"281670,387922",0.377,True
CC1(C)CCC(CN2CCN(c3ccc(C(=O)NS(=O)(=O)c4cnc(OCCN5CCOCC5)c(C#N)c4)c(Oc4cccc5[nH]ccc45)c3)CC2)=C(c2ccc(Cl)cc2)C1,325095,0.38,True
CN(C)CCCc1c[nH]c2cccc(Oc3cc(N4CCN(CC5=C(c6ccc(Cl)cc6)CC(C)(C)CC5)CC4)ccc3C(=O)NS(=O)(=O)c3ccc(NN4CCN(C)CC4)c([N+](=O)[O-])c3)c12,"281663,387915",0.385,True
CC(C)c1cc(S(=O)(=O)NC(=O)c2ccc(N3CCN(CC4=C(c5ccc(Cl)cc5)CC(C)(C)CC4)CC3)cc2Oc2cnc3[nH]ccc3c2)cnc1OCC1CCOCC1,"1180002,1372816,339634,704677",0.391,True
CC1(C)CC(c2ccc(Cl)cc2)=C2CN3CCN(c4ccc(C(=O)NS(=O)(=O)c5ccc(NC[C@H]6CC[C@](C)(O)CC6)c([N+](=O)[O-])c5)c(N5CCCOc6nc7[nH]ccc7cc65)c4)C[C@H]3COCCCO[C@@H]2C1,1406246,0.397,True
CC1(C)CCC(CN2CCN(c3ccc(C(=O)NS(=O)(=O)c4ccc(NCC5(N)CCOCC5)c([N+](=O)[O-])c4)c(Oc4ccc5[nH]ccc5c4)c3)CC2CO)=C(c2ccc(Cl)cc2)C1,324945,0.401,True
CC1(C)CCC(CN2CCN(c3ccc(C(=O)NS(=O)(=O)c4ccc(NCN5CCN(S(C)(=O)=O)CC5)c([N+](=O)[O-])c4)c(Oc4cccc5[nH]ccc45)c3)CC2)=C(c2ccc(Cl)cc2)C1,325042,0.403,True
CC1(C)CCC(CN2CCN(c3ccc(C(=O)NS(=O)(=O)c4cnc(OCC(C)(CO)CO)c(Cl)c4)c(Oc4cnc5[nH]ccc5c4)c3)CC2)=C(c2ccc(Cl)cc2)C1,"1179953,1372980,339791,704841",0.412,True
CC1(C)CCC(CN2CCN(c3ccc(C(=O)NS(=O)(=O)c4ccc(NCCC#N)c([N+](=O)[O-])c4)c(Oc4ccc5[nH]ccc5c4)c3)CC2)=C(c2ccc(Cl)cc2)C1,325025,0.413,True
CC1(C)CCC(CN2CCN(c3ccc(C(=O)NS(=O)(=O)c4ccc(NC5CCS(=O)(=O)C5)c([N+](=O)[O-])c4)c(Oc4cccc5[nH]ccc45)c3)CC2)=C(c2ccc(Cl)cc2)C1,325005,0.425,True
O=C1CCc2c(cccc2Oc2cc(N3CCN(Cc4ccccc4-c4ccc(Cl)cc4)CC3)ccc2C(=O)NS(=O)(=O)c2ccc(NCC3CCOCC3)c([N+](=O)[O-])c2)N1,"281428,387674",0.428,True
CC1(C)CCC(CN2CCN(c3ccc(C(=O)NS(=O)(=O)c4ccc(NCC5(O)CCCCC5)c([N+](=O)[O-])c4)c(Oc4ccc5[nH]ccc5c4)c3)CC2)=C(c2ccc(Cl)cc2)C1,324946,0.43,True
CC1(C)CCC(CN2CCN(c3ccc(C(=O)NS(=O)(=O)c4ccc(NC5CCOCC5)c([N+](=O)[O-])c4)c(Oc4cc5cc[nH]c5cc4F)c3)CC2)=C(c2ccc(Cl)cc2)C1,"281576,387826",0.435,True
Cc1c[nH]c2cccc(Oc3cc(N4CCN(CC5=C(c6ccc(Cl)cc6)CC(C)(C)CC5)CC4)ccc3C(=O)NS(=O)(=O)c3ccc(NCCCN4CCOCC4)c([N+](=O)[O-])c3)c12,"281396,387642",0.438,True
C[C@@H]1CO[C@@H](CNc2ccc(S(=O)(=O)NC(=O)c3ccc(N4CCN5CC6=C(c7ccc(Cl)cc7)CC(C)(C)C[C@H]6OCCCOC[C@@H]5C4)cc3N3CCCOc4nc5[nH]ccc5cc43)cc2[N+](=O)[O-])CO1,1406194,0.438,True
CC1(C)CCC(CN2CCN(c3ccc(C(=O)NS(=O)(=O)c4ccc(NC5CCN(S(C)(=O)=O)CC5)c([N+](=O)[O-])c4)c(Oc4ccc5[nH]ccc5c4)c3)CC2)=C(c2ccc(Cl)cc2)C1,325039,0.438,True
C[C@@H]1COC(CNc2ccc(S(=O)(=O)NC(=O)c3ccc(N4CCN5CC6=C(c7ccc(Cl)cc7)CC(C)(C)C[C@H]6OCCCOC[C@@H]5C4)cc3N3CCCOc4nc5[nH]ccc5cc43)cc2[N+](=O)[O-])CO1,1497965,0.438,True
CC1(C)CC(c2ccc(Cl)cc2)=C(CN2CCN(c3ccc(C(=O)NS(=O)(=O)c4ccc(NCC5CCOCC5)c(C(F)(F)F)c4)c(Oc4cnc5[nH]ccc5c4)c3)CC2)CO1,"1179916,1372773,339593,704634",0.439,True
CN(C)CCOc1ccc(-c2ccc(Cl)cc2)c(CN2CCN(c3ccc(C(=O)NS(=O)(=O)c4ccc(NCC5CCOCC5)c(S(=O)(=O)C(F)(F)F)c4)c(Oc4ccccc4)c3)CC2)c1,324836,0.443,True
CC1(C)CC(c2ccc(Cl)cc2)=C2CN3CCN(c4ccc(C(=O)NS(=O)(=O)c5ccc(NC[C@H]6C[C@@](O)(CF)C6)c([N+](=O)[O-])c5)c(N5CCCOc6nc7[nH]ccc7cc65)c4)C[C@H]3COCCCO[C@@H]2C1,1406198,0.448,True
CC1(C)CC(c2ccc(Cl)cc2)=C2CN3CCN(c4ccc(C(=O)NS(=O)(=O)c5ccc(NC[C@H]6C[C@@](O)(CF)C6)c([N+](=O)[O-])c5)c(N5CCCOc6nc7[nH]ccc7cc65)c4)C[C@H]3COCCCOC2C1,1497969,0.448,True
N#Cc1ccc(CN2Cc3c(cc(Br)c(OCc4ccc(-c5ccccc5)cc4)c3Br)C[C@H]2C(=O)NS(=O)(=O)c2ccc(Cl)c([N+](=O)[O-])c2)cc1,51462823,0.45,True
CC1(C)CCC(CN2CCN(c3ccc(C(=O)NS(=O)(=O)c4ccc(NCCN5CCCCC5=O)c([N+](=O)[O-])c4)c(Oc4ccc5[nH]ccc5c4)c3)CC2)=C(c2ccc(Cl)cc2)C1,324975,0.454,True
CN1CCC(Nc2ccc(S(=O)(=O)NC(=O)c3ccc(N4CCN(CC5=C(c6ccc(Cl)cc6)CC(C)(C)CC5)CC4)cc3Oc3cccc(C(F)(F)F)c3Cl)cc2[N+](=O)[O-])CC1,"281397,387643",0.458,True
CN(C)CCCNc1ccc(S(=O)(=O)NC(=O)c2ccc(N3CCN(Cc4ccccc4-c4ccc(Cl)cc4)CC3)cc2Oc2ccc3ccccc3c2)cc1[N+](=O)[O-],324880,0.459,True
CC1(C)CC(c2ccc(Cl)cc2)=C2CN3CCN(c4ccc(C(=O)NS(=O)(=O)c5ccc(NCC6CCOCC6)c([N+](=O)[O-])c5)c(N5CCCOc6nc7[nH]ccc7cc65)c4)C[C@H]3COCCCO[C@@H]2C1,"1406184,1497955",0.459,True
O=C(NS(=O)(=O)c1ccc(NCC2CCOCC2)c([N+](=O)[O-])c1)c1ccc(N2CCN(Cc3cc(OCCN4CCOCC4)ccc3-c3ccc(Cl)cc3)CC2)cc1Oc1ccc2[nH]ccc2c1,324843,0.459,True
CC1(C)CCC(CN2CCN(c3ccc(C(=O)NS(=O)(=O)c4ccc(NCC5(CO)CCOCC5)c([N+](=O)[O-])c4)c(Oc4ccc5[nH]ccc5c4)c3)CC2)=C(c2ccc(Cl)cc2)C1,324940,0.46,True
O=C(NS(=O)(=O)c1ccc(NCC2CCOCC2)c(S(=O)(=O)C(F)(F)F)c1)c1ccc(N2CCN(Cc3ccccc3-c3ccc(Cl)cc3)CC2)cc1Oc1ccc2ccccc2c1,324773,0.464,True
CC1(C)CCC(CN2CCN(c3ccc(C(=O)NS(=O)(=O)c4ccc(NCCCN5CCOCC5)c(S(=O)(=O)C(F)(F)F)c4)c(Oc4cccc5[nH]ccc45)c3)CC2)=C(c2ccc(Cl)cc2)C1,325053,0.467,True
COCCNc1ccc(S(=O)(=O)NC(=O)c2ccc(N3CCN(CC4=C(c5ccc(Cl)cc5)CC(C)(C)CC4)CC3)cc2Oc2cc(F)cc3[nH]ccc23)cc1[N+](=O)[O-],"281593,387844",0.469,True
CC1(C)CCC(c2ccc(Cl)cc2)=C(CN2CCN(c3ccc(C(=O)NS(=O)(=O)c4ccc(NCCCN5CCOCC5)c([N+](=O)[O-])c4)c(Oc4ccc5[nH]ccc5c4)c3)CC2)C1,324779,0.471,True
CC1(C)CC(c2ccc(Cl)cc2)=C2CN3CCN(c4ccc(C(=O)NS(=O)(=O)c5ccc(OCC6(F)CCN(C7COC7)CC6)c([N+](=O)[O-])c5)c(N5CCCOc6nc7[nH]ccc7cc65)c4)C[C@H]3COCCCO[C@@H]2C1,"1406220,1497991",0.475,True
CC1(C)CCC(CN2CCN(c3ccc(C(=O)NS(=O)(=O)c4ccc(NC5CCN(Cc6cscn6)CC5)c([N+](=O)[O-])c4)c(Oc4cc5cc[nH]c5cc4F)c3)CC2)=C(c2ccc(Cl)cc2)C1,"281570,387820",0.48,True
CC1(C)CCC(CN2CCN(c3ccc(C(=O)NS(=O)(=O)c4ccc(NCCN5CCOCC5)c([N+](=O)[O-])c4)c(Oc4cccc(Cl)c4)c3)CC2)=C(c2ccc(Cl)cc2)C1,"281473,387719",0.482,True
O=C(NS(=O)(=O)c1ccc(NCCCN2CCOCC2)c([N+](=O)[O-])c1)c1ccc(N2CCN(Cc3ccccc3-c3ccc(Cl)cc3)CC2)cc1Oc1ccccc1,324871,0.484,True
CC1(C)CCC(CN2CCN(c3ccc(C(=O)NS(=O)(=O)c4cc(F)c(NCC5CCOCC5)c(Cl)c4)c(Oc4cnc5[nH]ccc5c4)c3)CC2)=C(c2ccc(Cl)cc2)C1,"1180004,1372817,339635,704678",0.498,True
CN1CCN(Nc2ccc(S(=O)(=O)NC(=O)c3ccc(N4CCN(CC5=C(c6ccc(Cl)cc6)CC(C)(C)CC5)CC4)cc3Oc3cccc4[nH]ccc34)cc2S(=O)(=O)C(F)(F)F)CC1,324924,0.503,True
CC1(C)CCC(CN2CCN(c3ccc(C(=O)NS(=O)(=O)c4ccc(NCC(F)F)c([N+](=O)[O-])c4)c(Oc4ccc5[nH]ccc5c4)c3)CC2)=C(c2ccc(Cl)cc2)C1,325008,0.504,True
CN1CCC(Nc2ccc(S(=O)(=O)NC(=O)c3ccc(N4CCN5CC6=C(c7ccc(Cl)cc7)CC(C)(C)C[C@H]6OCCCOC[C@@H]5C4)cc3N3CCCOc4nc5[nH]ccc5cc43)cc2[N+](=O)[O-])CC1,"1406244,1498015",0.51,True
CN(C)C(=O)CCc1ccccc1Oc1cc(N2CCN(Cc3ccccc3-c3ccc(Cl)cc3)CC2)ccc1C(=O)NS(=O)(=O)c1ccc(NCC2CCOCC2)c([N+](=O)[O-])c1,"281359,387605",0.511,True
CCN(C)C(=O)N1CCOC(CNc2ccc(S(=O)(=O)NC(=O)c3ccc(N4CCN(CC5=C(c6ccc(Cl)cc6)CC(C)(C)CC5)CC4)cc3Oc3cnc4[nH]ccc4c3)cc2Cl)C1,"1180118,1373062,339873,704923",0.511,True
CN1CCN(Nc2ccc(S(=O)(=O)NC(=O)c3ccc(N4CCN(CC5=C(c6ccc(Cl)cc6)CC(C)(C)CC5)CC4)cc3Oc3cccc4[nH]ccc34)cc2[N+](=O)[O-])CC1,324902,0.512,True
CC1(C)CCC(CC2CCN(c3ccc(C(=O)NS(=O)(=O)c4ccc(NCC5CCOCC5)c([N+](=O)[O-])c4)c(Oc4cnc5[nH]ccc5c4)c3)CC2)C(c2ccc(Cl)cc2)C1,"1180045,1373026,339837,704887",0.512,True
CN1CCC(Nc2ccc(S(=O)(=O)NC(=O)c3ccc(N4CCN(CC5=C(c6ccc(Cl)cc6)CCCCC5)CC4)cc3Oc3cccc4[nH]ccc34)cc2[N+](=O)[O-])CC1,324863,0.514,True
COCCOCCNc1ccc(S(=O)(=O)NC(=O)c2ccc(N3CCN(CC4=C(c5ccc(Cl)cc5)CC(C)(C)CC4)CC3)cc2Oc2cccc3[nH]ccc23)cc1[N+](=O)[O-],324999,0.516,True
CC1(C)CCC(CN2CCN(c3ccc(C(=O)NS(=O)(=O)c4ccc(NC5CCN(C6CCOCC6)CC5)c([N+](=O)[O-])c4)c(Oc4ccnc(N)c4)c3)CC2)=C(c2ccc(Cl)cc2)C1,"281597,387848",0.516,True
CC1(C)CCC(CN2CCN(c3ccc(C(=O)NS(=O)(=O)c4ccc(NC5CCN(C6CC6)CC5)c([N+](=O)[O-])c4)c(Oc4ccccc4Cl)c3)CC2)=C(c2ccc(Cl)cc2)C1,"281398,387644",0.52,True
C[C@@H]1CC[C@H](CNc2ccc(S(=O)(=O)NC(=O)c3ccc(N4CCN5CC6=C(c7ccc(Cl)cc7)CC(C)(C)C[C@H]6OCCCOC[C@@H]5C4)cc3N3CCCOc4nc5[nH]ccc5cc43)cc2[N+](=O)[O-])OC1,1406224,0.521,True
C[C@@H]1CCC(CNc2ccc(S(=O)(=O)NC(=O)c3ccc(N4CCN5CC6=C(c7ccc(Cl)cc7)CC(C)(C)C[C@H]6OCCCOC[C@@H]5C4)cc3N3CCCOc4nc5[nH]ccc5cc43)cc2[N+](=O)[O-])OC1,1497995,0.521,True
CN(C)CCCNc1ccc(S(=O)(=O)NC(=O)c2ccc(N3CCN(Cc4ccccc4-c4ccc(Cl)cc4)CC3)cc2Oc2ccc3[nH]ccc3c2)cc1S(=O)(=O)C(F)(F)F,324792,0.523,True
CC1(C)CCC(CN2CCN(c3ccc(C(=O)NS(=O)(=O)c4cnc(NC5CCC(N6CCOCC6)CC5)c(Br)c4)c(Oc4cc5cc[nH]c5cc4F)c3)CC2)=C(c2ccc(Cl)cc2)C1,387882,0.524,True
Cc1c(O)cccc1Oc1cc(N2CCN(CC3=C(c4ccc(Cl)cc4)CC(C)(C)CC3)CC2)ccc1C(=O)NS(=O)(=O)c1ccc(NC2CCN(C)CC2)c([N+](=O)[O-])c1,"198645,387736",0.526,True
CC1(C)CCC(CN2CCN(c3ccc(C(=O)NS(=O)(=O)c4cnc(NC5CCN(C6CCOCC6)CC5)c(Br)c4)c(Oc4cc5cc[nH]c5cc4F)c3)CC2)=C(c2ccc(Cl)cc2)C1,"281635,387887",0.531,True
O=C(NS(=O)(=O)c1ccc(NCC2CCOCC2)c([N+](=O)[O-])c1)c1ccc(N2CCN(Cc3ccccc3-c3ccc(Cl)cc3)CC2)cc1Oc1ccc2[nH]ccc2c1,"1180006,1372818,339636,704679",0.618,True
CC(=O)N1CCC(Nc2ccc(S(=O)(=O)NC(=O)c3ccc(N4CCN(CC5=C(c6ccc(Cl)cc6)CC(C)(C)CC5)CC4)cc3Oc3cccc4[nH]ccc34)cc2[N+](=O)[O-])CC1,325041,0.535,True
CC1(C)CCC(CN2CCN(c3ccc(C(=O)NS(=O)(=O)c4cnc(NC5CCN(C6CC6)CC5)c(Cl)c4)c(Oc4cnc5[nH]ccc5c4)c3)CC2)=C(c2ccc(Cl)cc2)C1,"1179941,1372974,339785,704835",0.546,True
CC1(C)CCC(CN2CCN(c3ccc(C(=O)NS(=O)(=O)c4ccc(NC5CCN(CCCc6ccccc6)CC5)c([N+](=O)[O-])c4)c(Oc4cccc(Cl)c4)c3)CC2)=C(c2ccc(Cl)cc2)C1,"281500,387749",0.549,True
CC1(C)CC(c2ccc(Cl)cc2)=C2CN3CCN(c4ccc(C(=O)NS(=O)(=O)c5ccc(NC[C@H]6C[C@](O)(C7CCC7)C6)c([N+](=O)[O-])c5)c(N5CCCOc6nc7[nH]ccc7cc65)c4)C[C@H]3COCCCO[C@@H]2C1,1406212,0.552,True
CC1(C)CC(c2ccc(Cl)cc2)=C2CN3CCN(c4ccc(C(=O)NS(=O)(=O)c5ccc(NCC6CC(O)(C7CCC7)C6)c([N+](=O)[O-])c5)c(N5CCCOc6nc7[nH]ccc7cc65)c4)C[C@H]3COCCCO[C@@H]2C1,1497983,0.552,True
CC1(C)CCC(CN2CCN(c3ccc(C(=O)NS(=O)(=O)c4ccc(NCC5(N)CCOCC5)c([N+](=O)[O-])c4)c(Oc4ccccc4Cl)c3)CC2)=C(c2ccc(Cl)cc2)C1,"281519,387768",0.552,True
O=C(NS(=O)(=O)c1ccc(NCC2CCOCC2)c([N+](=O)[O-])c1)c1ccc(N2CCN(Cc3c(OCCN4CCOCC4)cccc3-c3ccc(Cl)cc3)CC2)cc1Oc1ccc2[nH]ccc2c1,324848,0.553,True
CC1(C)CCC(CN2CCN(c3ccc(C(=O)NS(=O)(=O)c4ccc(NCC5CCOCC5)c(C#N)c4)c(Oc4cnc5[nH]ccc5c4)c3)CC2)=C(c2ccc(Cl)cc2)C1,"1180052,1372841,339659,704702",0.557,True
CC1(C)CCC(CN2CCN(c3ccc(C(=O)NS(=O)(=O)c4ccc(NCCC5CCOCC5)c([N+](=O)[O-])c4)c(Oc4ccc5[nH]ccc5c4)c3)CC2)=C(c2ccc(Cl)cc2)C1,324997,0.56,True
CC1(C)CCC(CN2CCN(c3ccc(C(=O)NS(=O)(=O)c4ccc(OCC5(C)COC5)c([N+](=O)[O-])c4)c(Oc4ccc5[nH]ccc5c4)c3)CC2)=C(c2ccc(Cl)cc2)C1,324993,0.567,True
CC1(C)CCC(CN2CCN(c3ccc(C(=O)NS(=O)(=O)c4ccc(OCC5(F)CCOCC5)nc4)c(Oc4cnc5[nH]ccc5c4)c3)CC2)=C(c2ccc(Cl)cc2)C1,"1179955,1372981,339792,704842",0.571,True
CCN(C)C(=O)N1CCO[C@H](COc2ncc(S(=O)(=O)NC(=O)c3ccc(N4CCN(CC5=C(c6ccc(Cl)cc6)CC(C)(C)CC5)CC4)cc3Oc3cnc4[nH]ccc4c3)cc2Cl)C1,"1180120,1373063,339874,704924",0.572,True
CC1(C)CCC(CN2CCN(c3ccc(C(=O)NS(=O)(=O)c4ccc(NCC(F)(F)F)c([N+](=O)[O-])c4)c(Oc4cccc5[nH]ccc45)c3)CC2)=C(c2ccc(Cl)cc2)C1,325047,0.576,True
CN(C)CCCNc1ccc(S(=O)(=O)NC(=O)c2ccc(N3CCN(Cc4ccccc4-c4ccc(Cl)cc4)CC3)cc2Oc2ccc(Cl)cc2)cc1[N+](=O)[O-],"281348,387594",0.586,True
CC1(C)CCC(CN2CCN(c3ccc(C(=O)NS(=O)(=O)c4ccc(NC5CCCCC5N)c([N+](=O)[O-])c4)c(Oc4ccc5[nH]ccc5c4)c3)CC2)=C(c2ccc(Cl)cc2)C1,324917,0.589,True
Cc1c[nH]c2cccc(Oc3cc(N4CCN(CC5=C(c6ccc(Cl)cc6)CC(C)(C)CC5)CC4)ccc3C(=O)NS(=O)(=O)c3ccc(NC4CCN(C)CC4)c([N+](=O)[O-])c3)c12,"281399,387645",0.592,True
CC1(C)CCC(CN2CCN(c3ccc(C(=O)NS(=O)(=O)c4ccc(NCCOC(F)(F)F)c([N+](=O)[O-])c4)c(Oc4cccc5[nH]ccc45)c3)CC2)=C(c2ccc(Cl)cc2)C1,324998,0.598,True
CC1(C)CCC(CC2CCN(c3ccc(C(=O)NS(=O)(=O)c4ccc(OCC5CCOCC5)c(Cl)c4)c(Oc4cnc5[nH]ccc5c4)c3)CC2)=C(c2ccc(Cl)cc2)C1,"1180084,1373045,339856,704906",0.601,True
CC1(C)CCC(CN2CCN(c3ccc(C(=O)NS(=O)(=O)c4ccc(NC5CCN(CCCC(F)(F)F)CC5)c([N+](=O)[O-])c4)c(Oc4ccc5[nH]ccc5c4)c3)CC2)=C(c2ccc(Cl)cc2)C1,324925,0.615,True
COCOc1cccc(Oc2cc(N3CCN(CC4=C(c5ccc(Cl)cc5)CC(C)(C)CC4)CC3)ccc2C(=O)NS(=O)(=O)c2ccc(NC3CCN(C)CC3)c([N+](=O)[O-])c2)c1C,"281488,387735",0.619,True
CC1(C)CCC(CN2CCN(c3ccc(C(=O)NS(=O)(=O)c4ccc(NCC5CN(C6CC6)CCO5)c(Cl)c4)c(Oc4cnc5[nH]ccc5c4)c3)CC2)=C(c2ccc(Cl)cc2)C1,"1180116,1373061,339872,704922",0.621,True
CN(C)CCCOc1ccc(-c2ccc(Cl)cc2)c(CN2CCN(c3ccc(C(=O)NS(=O)(=O)c4ccc(NCC5CCOCC5)c(S(=O)(=O)C(F)(F)F)c4)c(Oc4ccccc4)c3)CC2)c1,324835,0.622,True
CC1(C)CCC(CN2CCN(c3ccc(C(=O)NS(=O)(=O)c4ccc(NC5CCN(CCCC(F)(F)F)CC5)c([N+](=O)[O-])c4)c(Oc4cccc5[nH]ccc45)c3)CC2)=C(c2ccc(Cl)cc2)C1,324919,0.624,True
C[C@H]1CC[C@H](CNc2ccc(S(=O)(=O)NC(=O)c3ccc(N4CCN5CC6=C(c7ccc(Cl)cc7)CC(C)(C)C[C@H]6OCCCOC[C@@H]5C4)cc3N3CCCOc4nc5[nH]ccc5cc43)cc2[N+](=O)[O-])OC1,1406228,0.634,True
C[C@H]1CCC(CNc2ccc(S(=O)(=O)NC(=O)c3ccc(N4CCN5CC6=C(c7ccc(Cl)cc7)CC(C)(C)C[C@H]6OCCCOCC5C4)cc3N3CCCOc4nc5[nH]ccc5cc43)cc2[N+](=O)[O-])OC1,1497999,0.634,True
CC1(C)CCC(CN2CCN(c3ccc(C(=O)NS(=O)(=O)c4ccc(CCC5CCOCC5)c([N+](=O)[O-])c4)c(Oc4ccc5[nH]ccc5c4)c3)CC2)=C(c2ccc(Cl)cc2)C1,325002,0.651,True
CC1(C)CC(c2ccc(Cl)cc2)=C2CN3CCN(c4ccc(C(=O)NS(=O)(=O)c5cnc(OC[C@]6(F)CC[C@@H](N7CCOCC7)CC6)c(Cl)c5)c(N5CCCOc6nc7[nH]ccc7cc65)c4)C[C@H]3COCCCO[C@@H]2C1,1406202,0.66,True
CO[C@H]1CCC(CNc2ccc(S(=O)(=O)NC(=O)c3ccc(N4CCN5CC6=C(c7ccc(Cl)cc7)CC(C)(C)C[C@H]6OCCCOC[C@@H]5C4)cc3N3CCCOc4nc5[nH]ccc5cc43)cc2Cl)OC1,1498021,0.667,True
CO[C@H]1CC[C@H](CNc2ccc(S(=O)(=O)NC(=O)c3ccc(N4CCN5CC6=C(c7ccc(Cl)cc7)CC(C)(C)C[C@H]6OCCCOC[C@@H]5C4)cc3N3CCCOc4nc5[nH]ccc5cc43)cc2Cl)OC1,1406250,0.667,True
CC1(C)CCC(CN2CCN(c3ccc(C(=O)NS(=O)(=O)c4cnc(OCC5COCCO5)c(Br)c4)c(Oc4cc5cc[nH]c5cc4F)c3)CC2)=C(c2ccc(Cl)cc2)C1,"281629,387881",0.671,True
O=C(NS(=O)(=O)c1ccc(NCCCN2CCOCC2)c([N+](=O)[O-])c1)c1ccc(N2CCN(Cc3ccccc3-c3ccc(Cl)cc3)CC2)cc1Oc1ccc2[nH]ccc2c1,"1180008,1372819,324788,339637,704680",0.672,True
CC1(C)CCC(CN2CCN(c3ccc(C(=O)NS(=O)(=O)c4ccc(NCC5(CO)CCOCC5)c([N+](=O)[O-])c4)c(Oc4ccccc4Cl)c3)CC2)=C(c2ccc(Cl)cc2)C1,"281575,387825",0.672,True
O=C(NS(=O)(=O)c1ccc(NCCCN2CCCC2)c([N+](=O)[O-])c1)c1ccc(N2CCN(CC3=C(c4ccc(Cl)cc4)CCCCC3)CC2)cc1Oc1cccc2[nH]ccc12,324857,0.673,True
CC1(C)CCC(CN2CCN(c3ccc(C(=O)NS(=O)(=O)c4ccc(NCC5CCOCC5)c(S(=O)(=O)C(F)(F)F)c4)c(Oc4ccc5[nH]ccc5c4)c3)CC2)=C(c2ccc(Cl)cc2)C1,"1180020,1372825,325010,339643,704686",0.678,True
CN1CC[C@@H](Nc2ccc(S(=O)(=O)NC(=O)c3ccc(N4CCN(CC5=C(c6ccc(Cl)cc6)CC(C)(C)CC5)CC4)cc3Oc3cccc(Cl)c3)cc2[N+](=O)[O-])C1,"281523,387772",0.684,True
CC1(C)CCC(CN2CCN(c3ccc(C(=O)NS(=O)(=O)c4ccc(NC5CCN(CCc6ccccc6)CC5)c([N+](=O)[O-])c4)c(Oc4cccc(Cl)c4)c3)CC2)=C(c2ccc(Cl)cc2)C1,"281492,387740",0.686,True
CC1(C)CCC(CN2CCN(c3ccc(C(=O)NS(=O)(=O)c4cnc(OCC5CCC(F)(F)CC5)c(Cl)c4)c(Oc4cnc(N)c(Cl)c4)c3)CC2)=C(c2ccc(Cl)cc2)C1,"281732,387984",0.686,True
CC1(C)CCC(CN2CCN(c3ccc(C(=O)NS(=O)(=O)c4ccc(NCC5CCOCC5)c([N+](=O)[O-])c4)c(Oc4cc(N)cc(Cl)c4)c3)CC2)=C(c2ccc(Cl)cc2)C1,"281632,387884",0.69,True
Cc1c(S(C)(=O)=O)c(-c2cc(F)cc(N3CCN(c4ccc(NS(=O)(=O)c5ccc(N[C@H](CCN6CCC(O)CC6)CSc6ccccc6)c(S(=O)(=O)C(F)(F)F)c5)cc4)CC3)c2)c(-c2ccc(Cl)cc2)n1C(C)C,51462819,0.7,True
[C]N([C])[C][C][C@H]([C]Sc1ccccc1)[N]c1ccc(S(=O)(=O)[N]C(=O)c2ccc(N3[C][C]C(=[C]c4ccccc4Cl)[C][C]3)cc2)cc1[N+](=O)[O-],38812,0.7,True
CC1(C)CCC(CN2CCN(c3ccc(C(=O)NS(=O)(=O)c4ccc(CCC5OCCO5)c([N+](=O)[O-])c4)c(Oc4ccc5[nH]ccc5c4)c3)CC2)=C(c2ccc(Cl)cc2)C1,324985,0.71,True
O=C(NS(=O)(=O)c1ccc(NCCCN2CCOCC2)c([N+](=O)[O-])c1)c1ccc(N2CCN(Cc3ccccc3-c3ccc(Cl)cc3)CC2)cc1Oc1ccccc1Cl,"281343,387589",0.72,True
CN1CCC(Nc2ccc(S(=O)(=O)NC(=O)c3ccc(N4CCN(CC5=C(c6ccc(Cl)cc6)CC(C)(C)CC5)CC4)cc3Oc3ccc4[nH]ccc4c3F)cc2[N+](=O)[O-])CC1,"281487,387734",0.72,True
CC1(C)CCC(CN2CCN(c3ccc(C(=O)NS(=O)(=O)c4ccc(NC5CCN(c6nccs6)CC5)c([N+](=O)[O-])c4)c(Oc4ccc5[nH]ccc5c4)c3)CC2)=C(c2ccc(Cl)cc2)C1,324921,0.737,True
O=C(NS(=O)(=O)c1ccc(NCC2CCOCC2)c([N+](=O)[O-])c1)c1ccc(N2CCN(Cc3ccccc3-c3ccc(Cl)cc3)CC2)cc1Oc1ccccc1Cl,"281338,387584",0.746,True
O=C(NS(=O)(=O)c1ccc(NCCCN2CCOCC2)c([N+](=O)[O-])c1)c1ccc(N2CCN(Cc3ccccc3-c3ccc(Cl)cc3)CC2)cc1Oc1cccc(CO)c1,"281342,387588",0.754,True
CC1(C)CCC(c2ccc(Cl)cc2)=C(CN2CCN(c3ccc(C(=O)NS(=O)(=O)c4ccc(NCCCN5CCOCC5)c([N+](=O)[O-])c4)c(Oc4cccc5[nH]ccc45)c3)CC2)C1,324783,0.757,True
CC1(C)CCC(CN2CCN(c3ccc(C(=O)NS(=O)(=O)c4ccc(NCCN5CCOCC5)c([N+](=O)[O-])c4)c(Oc4cccc(Cl)c4F)c3)CC2)=C(c2ccc(Cl)cc2)C1,"281481,387728",0.759,True
CC1(C)CC(c2ccc(Cl)cc2)=C2CN3CCN(c4ccc(C(=O)NS(=O)(=O)c5ccc(NCC6(O)COC6)c([N+](=O)[O-])c5)c(N5CCCOc6nc7[nH]ccc7cc65)c4)C[C@H]3COCCCO[C@@H]2C1,"1406216,1497987",0.761,True
CN(C)CCCN(C)c1ccc(S(=O)(=O)NC(=O)c2ccc(N3CCN(Cc4ccccc4-c4ccc(Cl)cc4)CC3)cc2Oc2ccccc2)cc1[N+](=O)[O-],324808,0.762,True
O=C(NS(=O)(=O)c1ccc(NCC2CCOCC2)c(S(=O)(=O)C(F)(F)F)c1)c1ccc(N2CCN(Cc3cc(OCCCN4CCCCC4)ccc3-c3ccc(Cl)cc3)CC2)cc1Oc1ccccc1,324834,0.769,True
CC1(C)CCC(CN2CCN(c3ccc(C(=O)NS(=O)(=O)c4cnc(N[C@@H]5CCN(C(CF)CF)C5)c(Cl)c4)c(Oc4cnc5[nH]ccc5c4)c3)CC2)=C(c2ccc(Cl)cc2)C1,"1179917,1372962,339774,704823",0.77,True
CNc1ccc(S(=O)(=O)NC(=O)c2ccc(N3CCN(CC4=C(c5ccc(Cl)cc5)CC(C)(C)CC4)CC3)cc2Oc2cccc3[nH]ccc23)cc1[N+](=O)[O-],324954,0.783,True
O=C(NS(=O)(=O)c1ccc(NCC2CCOCC2)c([N+](=O)[O-])c1)c1ccc(N2CCN(Cc3ccccc3-c3ccc(Cl)cc3)CC2)cc1Oc1cccc(Cl)c1,"281339,387585",0.787,True
O=C(NS(=O)(=O)c1ccc(NCCCN2CCOCC2)c([N+](=O)[O-])c1)c1ccc(N2CCN(Cc3ccccc3-c3ccc(Cl)cc3)CC2)cc1Oc1ccc2ccccc2c1,324772,0.796,True
CN1CCC(Nc2ccc(S(=O)(=O)NC(=O)c3ccc(N4CCN(CC5=C(c6ccc(Cl)cc6)CC(C)(C)CC5)CC4)cc3Oc3cccc4c3CCN4)cc2[N+](=O)[O-])CC1,325098,0.798,True
CCc1c(-c2ccc(Cl)cc2)c(-c2cccc(N3CCN(c4ccc(NS(=O)(=O)c5ccc(N[C@H](CCN(C)C)CSc6ccccc6)c([N+](=O)[O-])c5)cc4)CC3)c2)c(C(=O)O)n1C,50947901,0.8,True
Cc1c(C(=O)O)c(-c2cccc(N3CCN(c4ccc(NS(=O)(=O)c5ccc(N[C@H](CCN6CCC(O)CC6)CSc6ccccc6)c(S(=O)(=O)C(F)(F)F)c5)cc4)CC3)c2)c(-c2ccc(Cl)cc2)n1C(C)C,50969062,0.8,True
CC1(C)CCC(CN2CCN(c3ccc(C(=O)NS(=O)(=O)c4ccc(NCCCN5CCOCC5)c([N+](=O)[O-])c4)c(Oc4cc(Cl)ccc4Cl)c3)CC2)=C(c2ccc(Cl)cc2)C1,"281400,387646",0.807,True
CC1(C)CCC(CN2CCN(c3ccc(C(=O)NS(=O)(=O)c4ccc(NCC5CCOCC5)c([N+](=O)[O-])c4)c(Oc4cccc5[nH]cc(Cl)c45)c3)CC2)=C(c2ccc(Cl)cc2)C1,"281590,387841",0.81,True
CC1(C)CCC(CN2CCN(c3ccc(C(=O)NS(=O)(=O)c4ccc(NC5CCC(N6CCOCC6)CC5)c([N+](=O)[O-])c4)c(Oc4cccc5c4CCNC5=O)c3)CC2)=C(c2ccc(Cl)cc2)C1,387879,0.822,True
O=C(NS(=O)(=O)c1ccc(NCCn2nccn2)c([N+](=O)[O-])c1)c1ccc(N2CCN(Cc3ccccc3-c3ccc(Cl)cc3)CC2)cc1Oc1ccccc1,324879,0.823,True
Cc1cc2cc(Oc3cc(N4CCN(CC5=C(c6ccc(Cl)cc6)CC(C)(C)CC5)CC4)ccc3C(=O)NS(=O)(=O)c3ccc(NC4CCN(C)CC4)c([N+](=O)[O-])c3)ccc2[nH]1,"281336,387582",0.827,True
O=C(NS(=O)(=O)c1ccc(NCC2CCOCC2)c([N+](=O)[O-])c1)c1ccc(N2CCN(Cc3ccccc3-c3ccc(Cl)cc3)CC2)cc1Oc1cccc2[nH]ccc12,324776,0.828,True
CC1(C)CCC(CN2CCN(c3ccc(C(=O)NS(=O)(=O)c4ccc(NC5(CO)CCOCC5)c([N+](=O)[O-])c4)c(Oc4ccc5[nH]ccc5c4)c3)CC2)=C(c2ccc(Cl)cc2)C1,324948,0.83,True
CC1(C)CC(c2ccc(Cl)cc2)=C2CN3CCN(c4ccc(C(=O)NS(=O)(=O)c5ccc(NC[C@H]6CC[C@H](N7CCOCC7)CC6)c([N+](=O)[O-])c5)c(N5CCCOc6nc7[nH]ccc7cc65)c4)C[C@H]3COCCCO[C@@H]2C1,1406238,0.833,True
CC1(C)CC(c2ccc(Cl)cc2)=C2CN3CCN(c4ccc(C(=O)NS(=O)(=O)c5ccc(NCC6CCC(N7CCOCC7)CC6)c([N+](=O)[O-])c5)c(N5CCCOc6nc7[nH]ccc7cc65)c4)C[C@H]3COCCCO[C@@H]2C1,1498009,0.833,True
CC1(C)CCC(c2ccc(Cl)cc2)=C(CN2CCN(c3ccc(C(=O)NS(=O)(=O)c4ccc(NCCCN5CCOCC5)c([N+](=O)[O-])c4)c(Oc4ccccc4)c3)CC2)C1,324757,0.847,True
CC1(C)CC(c2ccc(Cl)cc2)=C2CN3CCN(c4ccc(C(=O)NS(=O)(=O)c5ccc(NC[C@H]6CC[C@H](O)CO6)c([N+](=O)[O-])c5)c(N5CCCOc6nc7[nH]ccc7cc65)c4)C[C@H]3COCCCO[C@@H]2C1,"1497977,51565552",0.888,True
CC1(C)CC(c2ccc(Cl)cc2)=C2CN3CCN(c4ccc(C(=O)NS(=O)(=O)c5cnc(NC[C@H]6CC[C@H](O)CO6)c([N+](=O)[O-])c5)c(N5CCCOc6nc7[nH]ccc7cc65)c4)C[C@H]3COCCCO[C@@H]2C1,1406206,0.888,True
CC1(C)CCC(CN2CCN(c3ccc(C(=O)NS(=O)(=O)c4cnc(NCC5CCOCC5)c(C#N)c4)c(Oc4cnc5[nH]ccc5c4)c3)CC2)=C(c2ccc(Cl)cc2)C1,"1180044,1372837,339655,704698",0.895,True
CN(C)CCc1ccccc1Oc1cc(N2CCN(Cc3ccccc3-c3ccc(Cl)cc3)CC2)ccc1C(=O)NS(=O)(=O)c1ccc(NCC2CCOCC2)c([N+](=O)[O-])c1,"281362,387608",0.903,True
CC1(C)CCC(CN2CCN(c3ccc(C(=O)NS(=O)(=O)c4ccc(NC[C@H]5CCCO5)c([N+](=O)[O-])c4)c(Oc4ccc5[nH]ccc5c4)c3)CC2)=C(c2ccc(Cl)cc2)C1,325074,0.904,True
CC1(C)CCC(CN2CCN(c3ccc(C(=O)NS(=O)(=O)c4ccc(NC(CO)C5CCOCC5)c([N+](=O)[O-])c4)c(Oc4cc5cc[nH]c5cc4F)c3)CC2)=C(c2ccc(Cl)cc2)C1,"281565,387815",0.912,True
CC1(C)CCC(CN2CCN(c3ccc(C(=O)NS(=O)(=O)c4ccc(NC5CCN(Cc6cscn6)CC5)c([N+](=O)[O-])c4)c(Oc4ccc5[nH]ccc5c4)c3)CC2)=C(c2ccc(Cl)cc2)C1,324939,0.918,True
CC1(C)CCC(CN2CCN(c3ccc(C(=O)NS(=O)(=O)c4cnc(OCC5CCOCC5)c(C(N)=O)c4)c(Oc4cnc5[nH]ccc5c4)c3)CC2)=C(c2ccc(Cl)cc2)C1,"1179924,1372777,339597,704638",0.935,True
CC1(C)CC(c2ccc(Cl)cc2)=C2CN3CCN(c4ccc(C(=O)NS(=O)(=O)c5cnc(OC[C@]6(F)CC[C@H](N7CCOCC7)CC6)c(Cl)c5)c(N5CCCOc6nc7[nH]ccc7cc65)c4)C[C@H]3COCCCO[C@@H]2C1,1406204,0.936,True
CC1(C)CCC(CN2CCN(c3ccc(C(=O)NS(=O)(=O)c4ccc(NCC5CCOCC5)c([N+](=O)[O-])c4)c(Oc4cncc(Br)c4)c3)CC2)=C(c2ccc(Cl)cc2)C1,"281598,387849",0.936,True
CCOC(=O)N1CCN(c2ccc(S(=O)(=O)NC(=O)c3ccc(N4CCN(CC5=C(c6ccc(Cl)cc6)CC(C)(C)CC5)CC4)cc3Oc3cnc4[nH]ccc4c3)cc2[N+](=O)[O-])CC1,"1179899,1372953,339766,704814",0.938,True
CC1(C)CCC(CN2CCN(c3ccc(C(=O)NS(=O)(=O)c4ccc(NCC5CCOCC5)c([N+](=O)[O-])c4)c(Oc4ccccc4-c4cccnc4N)c3)CC2)=C(c2ccc(Cl)cc2)C1,"281730,387982",0.946,True
CC1(C)CCC(CN2CCN(c3ccc(C(=O)NS(=O)(=O)c4ccc(NCCC(F)(F)F)c([N+](=O)[O-])c4)c(Oc4cccc5[nH]ccc45)c3)CC2)=C(c2ccc(Cl)cc2)C1,325027,0.949,True
O=C(NS(=O)(=O)c1ccc(NCCCN2CCOCC2)c([N+](=O)[O-])c1)c1ccc(N2CCN(Cc3ccccc3-c3ccc(Cl)cc3)CC2)cc1Oc1cccc(-c2ccncc2)c1,"281431,387677",0.959,True
O=C(NS(=O)(=O)c1ccc(NCCn2ccnn2)c([N+](=O)[O-])c1)c1ccc(N2CCN(Cc3ccccc3-c3ccc(Cl)cc3)CC2)cc1Oc1ccccc1,324878,0.963,True
O=C(NS(=O)(=O)c1ccc(NCCc2ccncc2)c([N+](=O)[O-])c1)c1ccc(N2CCN(Cc3ccccc3-c3ccc(Cl)cc3)CC2)cc1Oc1ccccc1,324881,0.97,True
C[C@@H]1CO[C@@H](COc2ccc(S(=O)(=O)NC(=O)c3ccc(N4CCN5CC6=C(c7ccc(Cl)cc7)CC(C)(C)C[C@H]6OCCCOC[C@@H]5C4)cc3N3CCCOc4nc5[nH]ccc5cc43)cc2[N+](=O)[O-])CO1,1406222,0.977,True
C[C@@H]1COC(COc2ccc(S(=O)(=O)NC(=O)c3ccc(N4CCN5CC6=C(c7ccc(Cl)cc7)CC(C)(C)C[C@H]6OCCCOC[C@@H]5C4)cc3N3CCCOc4nc5[nH]ccc5cc43)cc2[N+](=O)[O-])CO1,1497993,0.977,True
CC1(C)CCC(CN2CCN(c3ccc(C(=O)NS(=O)(=O)c4ccc(OCC5(F)CCOCC5)c(S(=O)(=O)C(F)(F)F)c4)c(Oc4cnc5[nH]ccc5c4)c3)CC2)=C(c2ccc(Cl)cc2)C1,"1179895,1372951,339764,704812",0.988,True
CN(C)CC[C@H](CSc1ccccc1)Nc1ccc(S(=O)(=O)NC(=O)c2ccc(N3CCN(Cc4ccccc4-c4cccnc4)CC3)cc2)cc1[N+](=O)[O-],38830,1.0,True
CC1(C)CCC(CN2CCN(c3ccc(C(=O)NS(=O)(=O)c4ccc(NCC5CCOCC5)c([N+](=O)[O-])c4)c(Oc4ccnc(N)c4)c3)CC2)=C(c2ccc(Cl)cc2)C1,"281606,387857",1.012,True
CC1(C)CCC(CN2CCN(c3ccc(C(=O)NS(=O)(=O)c4ccc(NC5CCN(C6CCOCC6)CC5)c([N+](=O)[O-])c4)c(Oc4ccc5nc(N)sc5c4)c3)CC2)=C(c2ccc(Cl)cc2)C1,"281557,387807",1.047,True
CC1(C)CCC(CN2CCN(c3ccc(C(=O)NS(=O)(=O)c4cnc(NCC5CCOCC5)c(-c5nccs5)c4)c(Oc4cccc5[nH]ccc45)c3)CC2)=C(c2ccc(Cl)cc2)C1,325069,1.077,True
CN1CCC(Nc2ccc(S(=O)(=O)NC(=O)c3ccc(N4CCN(CC5=C(c6ccc(Cl)cc6)CC(C)(C)CC5)CC4)cc3Oc3ccc4nc(N)sc4c3)cc2[N+](=O)[O-])CC1,"281554,387804",1.085,True
O=C(NS(=O)(=O)c1ccc(NCCCN2CCOCC2)c([N+](=O)[O-])c1)c1ccc(N2CCN(Cc3ccccc3-c3ccc(Cl)cc3)CC2)cc1Oc1cccc2[nH]ccc12,324787,1.085,True
CC1(C)CCC(CN2CCN(c3ccc(C(=O)NS(=O)(=O)c4ccc(OCC5CN(C6CC6)CCO5)c(Cl)c4)c(Oc4cnc5[nH]ccc5c4)c3)CC2)=C(c2ccc(Cl)cc2)C1,"1180114,1373060,704921",1.09,True
CC1(C)CCC(CN2CCN(c3ccc(C(=O)NS(=O)(=O)c4ccc(NN5CCOCC5)c([N+](=O)[O-])c4)c(Oc4ccc5[nH]ccc5c4)c3)CC2)=C(c2ccc(Cl)cc2)C1,324968,1.087,True
CC1(C)CCC(CN2CCN(c3ccc(C(=O)NS(=O)(=O)c4cc(F)c(F)c(OCC5(F)CCOCC5)c4)c(Oc4cnc5[nH]ccc5c4)c3)CC2)=C(c2ccc(Cl)cc2)C1,"1180078,1373042,704903",1.1,True
CC1(C)CCC(CN2CCN(c3ccc(C(=O)NS(=O)(=O)c4cccc(C(=O)NCC5CCOCC5)c4)c(Oc4ccc5[nH]ccc5c4)c3)CC2)=C(c2ccc(Cl)cc2)C1,325049,1.146,True
CC1(C)CCC(CN2CCN(c3ccc(C(=O)NS(=O)(=O)c4ccc(NN5CCOCC5)c([N+](=O)[O-])c4)c(Oc4cc5cc[nH]c5cc4F)c3)CC2)=C(c2ccc(Cl)cc2)C1,"281577,387827",1.147,True
CC1(C)CCC(CN2CCN(c3ccc(C(=O)NS(=O)(=O)c4ccc(S(C)(=O)=O)cc4)c(Oc4ccc5[nH]ccc5c4)c3)CC2)=C(c2ccc(Cl)cc2)C1,325085,1.15,True
C#Cc1cc(S(=O)(=O)NC(=O)c2ccc(N3CCN(CC4=C(c5ccc(Cl)cc5)CC(C)(C)CC4)CC3)cc2Oc2cnc3[nH]ccc3c2)cnc1OCC1CCOCC1,"1179970,1372800,704661",1.16,True
CC1(C)CCC(CN2CCN(c3ccc(C(=O)NS(=O)(=O)c4ccc(NCC5CCOCC5)c([N+](=O)[O-])c4)c(Oc4ccccc4-c4ccn[nH]4)c3)CC2)=C(c2ccc(Cl)cc2)C1,"281731,387983",1.16,True
CC1(C)CCC(CN2CCN(c3ccc(C(=O)NS(=O)(=O)c4cnc(OCC5CCOCC5)c(S(C)(=O)=O)c4)c(Oc4cnc5[nH]ccc5c4)c3)CC2)=C(c2ccc(Cl)cc2)C1,"1179893,1372950,704811",1.19,True
CC1(C)CCC(CN2CCN(c3ccc(C(=O)NS(=O)(=O)c4ccc(NCCCN5CCCC5)c([N+](=O)[O-])c4)c(Oc4cccc5[nH]ccc45)c3)CC2)=C(c2ccc(OC(F)(F)F)cc2)C1,324797,1.192,True
CNC(=O)c1c(-c2cccc(N3CCN(c4ccc(NS(=O)(=O)c5ccc(N[C@H](CCN(C)C)CSc6ccccc6)c([N+](=O)[O-])c5)cc4)CC3)c2)c(-c2ccc(Cl)cc2)cn1C,50947898,1.2,True
CCn1c(C)c(C(=O)O)c(-c2cccc(N3CCN(c4ccc(NS(=O)(=O)c5ccc(N[C@H](CCN6CCC(O)CC6)CSc6ccccc6)c(S(=O)(=O)C(F)(F)F)c5)cc4)CC3)c2)c1-c1ccc(Cl)cc1,50969063,1.2,True
COc1ccc(C2=C(CN3CCN(c4ccc(C(=O)NS(=O)(=O)c5ccc(NCCCN6CCCC6)c([N+](=O)[O-])c5)c(Oc5cccc6[nH]ccc56)c4)CC3)CCC(C)(C)C2)cc1,324795,1.227,True
CC1(C)CCC(CN2CCN(c3ccc(C(=O)NS(=O)(=O)c4ccc(NC5CCN(C6CCOCC6)CC5)c([N+](=O)[O-])c4)c(Oc4cccnc4)c3)CC2)=C(c2ccc(Cl)cc2)C1,325101,1.233,True
CC1(C)CCC(CN2CCN(c3ccc(C(=O)NS(=O)(=O)c4ccc(NCC5CCOCC5)c([N+](=O)[O-])c4)c(Oc4ccc(N)nc4)c3)CC2)=C(c2ccc(Cl)cc2)C1,"281596,387847",1.24,True
CC1(C)CCC(CN2CCN(c3ccc(C(=O)NS(=O)(=O)c4ccc(NCCC#N)c([N+](=O)[O-])c4)c(Oc4cccc5[nH]ccc45)c3)CC2)=C(c2ccc(Cl)cc2)C1,325026,1.243,True
CC1(C)CCC(CN2CCN(c3ccc(C(=O)NS(=O)(=O)c4ccc(NCCCN5CCCC5)c([N+](=O)[O-])c4)c(Oc4cccc5[nH]ccc45)c3)CC2)=C(c2ccc(C(F)(F)F)cc2)C1,324796,1.245,True
O=C(c1cc(-c2cc3c(cc2C(=O)N2Cc4ccccc4C[C@H]2CN2CCOCC2)OCO3)n2c1CCCC2)N(c1ccccc1)c1ccc(O)cc1,"51288563,51462829,51462831,51462834,51462837",2.8400000000000003,True
CN(C)CCCc1ccccc1Oc1cc(N2CCN(Cc3ccccc3-c3ccc(Cl)cc3)CC2)ccc1C(=O)NS(=O)(=O)c1ccc(NCC2CCOCC2)c([N+](=O)[O-])c1,"281361,387607",1.326,True
CC1(C)CCC(CN2CCN(c3ccc(C(=O)NS(=O)(=O)c4ccc(OCC5CCOCC5)c(C(N)=O)c4)c(Oc4ccc5[nH]ccc5c4)c3)CC2)=C(c2ccc(Cl)cc2)C1,325061,1.336,True
CN1CCN(Nc2ccc(S(=O)(=O)NC(=O)c3ccc(N4CCN(CC5=C(c6ccc(Cl)cc6)CC(C)(C)CC5)CC4)cc3Oc3ccc(O)cc3Cl)cc2S(=O)(=O)C(F)(F)F)CC1,"281538,387787",1.338,True
CN1CCC(Nc2ccc(S(=O)(=O)NC(=O)c3ccc(N4CCN(CC5=C(c6ccc(Cl)cc6)CC(C)(C)CC5)CC4)cc3Oc3cccc(CO)c3)cc2[N+](=O)[O-])CC1,"281496,387744",1.345,True
O=C(NS(=O)(=O)c1ccc(NCc2cccs2)c([N+](=O)[O-])c1)c1ccc(N2CCN(Cc3ccccc3-c3ccc(Cl)cc3)CC2)cc1Oc1ccccc1,324876,1.348,True
COC1(Cc2ccccc2C)CCN(c2ccc(C(=O)NS(=O)(=O)c3ccc(N[C@H](CCN(C)C)CSc4ccccc4)c([N+](=O)[O-])c3)cc2)CC1,38806,1.4,True
COCCCNc1ccc(S(=O)(=O)NC(=O)c2ccc(N3CCN(CC4=C(c5ccc(Cl)cc5)CC(C)(C)CC4)CC3)cc2Oc2cccc3[nH]ccc23)cc1[N+](=O)[O-],325024,1.468,True
CC1(C)CCC(CN2CCN(c3ccc(C(=O)NS(=O)(=O)c4ccc(NCC5CCOCC5)c(S(=O)(=O)C(F)(F)F)c4)c(Oc4cccc5[nH]ccc45)c3)CC2)=C(c2ccc(Cl)cc2)C1,325009,1.48,True
CC1(C)CCC(CN2CCN(c3ccc(C(=O)NS(=O)(=O)c4ccc(NCCC(F)(F)F)c([N+](=O)[O-])c4)c(Oc4ccc5[nH]ccc5c4)c3)CC2)=C(c2ccc(Cl)cc2)C1,325028,1.481,True
COC1(Cc2ccccc2Br)CCN(c2ccc(C(=O)NS(=O)(=O)c3ccc(N[C@H](CCN(C)C)CSc4ccccc4)c([N+](=O)[O-])c3)cc2)CC1,38808,1.5,True
CN(C)CC[C@H](CSc1ccccc1)Nc1ccc(S(=O)(=O)Nc2ccc(C#Cc3cccc(-c4c(-c5ccc(Cl)cc5)cn(CC[C@H](O)CO)c4C(=O)NCCCN4CCN(C)CC4)c3)cc2)cc1[N+](=O)[O-],50947923,1.5,True
Cc1nc2cc(Oc3cc(N4CCN(Cc5ccccc5-c5ccc(Cl)cc5)CC4)ccc3C(=O)NS(=O)(=O)c3ccc(NCCCN(C)C)c([N+](=O)[O-])c3)ccc2s1,"281358,387604",1.501,True
CC1(C)CCC(CN2CCN(c3ccc(C(=O)NS(=O)(=O)c4ccc(NN5CCCCC5)c([N+](=O)[O-])c4)c(Oc4ccc5[nH]ccc5c4)c3)CC2)=C(c2ccc(Cl)cc2)C1,324991,1.552,True
CC1(C)CCC(CN2CCN(c3ccc(C(=O)NS(=O)(=O)c4ccc(NCCN5CCOCC5)c(S(=O)(=O)C(F)(F)F)c4)c(Oc4ccc5[nH]ccc5c4)c3)CC2)=C(c2ccc(Cl)cc2)C1,325055,1.576,True
CN(C)CCCNc1ccc(S(=O)(=O)NC(=O)c2ccc(N3CCN(Cc4ccccc4-c4ccc(Cl)cc4)CC3)cc2Oc2cccc(N3CCOCC3)c2)cc1[N+](=O)[O-],"281365,387611",1.584,True
COc1ccccc1CC1(OC)CCN(c2ccc(C(=O)NS(=O)(=O)c3ccc(N[C@H](CCN(C)C)CSc4ccccc4)c([N+](=O)[O-])c3)cc2)CC1,38807,1.6,True
CNc1ccc(S(=O)(=O)NC(=O)c2ccc(N3CCN(CC4=C(c5ccc(Cl)cc5)CC(C)(C)CC4)CC3)cc2Oc2ccc3[nH]ccc3c2)cc1[N+](=O)[O-],324953,1.617,True
O=C(NS(=O)(=O)c1ccc(NCCCN2CCOCC2)c([N+](=O)[O-])c1)c1ccc(N2CCN(Cc3ccccc3-c3ccc(Cl)cc3)CC2)cc1Oc1ccc(Cl)cc1,"281346,387592",1.621,True
CO[C@H]1CC[C@H](COc2ncc(S(=O)(=O)NC(=O)c3ccc(N4CCN(CC5=C(c6ccc(Cl)cc6)CC(C)(C)CC5)CC4)cc3Oc3cnc4[nH]ccc4c3)cc2C(F)(F)F)CC1,"1180053,1373030,704891",1.63,True
CC1(C)CCC(CN2CCN(c3ccc(C(=O)NS(=O)(=O)c4ccc(NN5CCN(C(=O)OC(C)(C)C)CC5)c([N+](=O)[O-])c4)c(Oc4cnc5[nH]ccc5c4)c3)CC2)=C(c2ccc(Cl)cc2)C1,"1372963,704824",1.63,True
CC1(C)CCC(CN2CCN(c3ccc(C(=O)NS(=O)(=O)c4ccc(NC5CCN(C(=O)OC(C)(C)C)CC5)c([N+](=O)[O-])c4)c(Oc4cnc5[nH]ccc5c4)c3)CC2)=C(c2ccc(Cl)cc2)C1,1179919,1.63,True
CC1(C)CCC(CN2CCN(c3ccc(C(=O)NS(=O)(=O)c4ccc(NCC5CCOCC5)c(S(F)(F)(F)(F)F)c4)c(Oc4cnc5[nH]ccc5c4)c3)CC2)=C(c2ccc(Cl)cc2)C1,"1179921,1372964,704825",1.6499999999999997,True
CC1(C)CCC(CN2CCN(c3ccc(C(=O)NS(=O)(=O)c4ccc(NCC5CCOCC5)c(CS(F)(F)(F)(F)F)c4)c(Oc4cnc5[nH]ccc5c4)c3)CC2)=C(c2ccc(Cl)cc2)C1,312121,1.654,True
Nc1cccc(Oc2cc(N3CCN(Cc4ccccc4-c4ccc(Cl)cc4)CC3)ccc2C(=O)NS(=O)(=O)c2ccc(NCC3CCOCC3)c([N+](=O)[O-])c2)c1,"281352,387598",1.679,True
CC1(C)CCC(CN2CCN(c3ccc(C(=O)NS(=O)(=O)c4ccc(NCCCN5CCCC5)c([N+](=O)[O-])c4)c(Oc4cccc5[nH]ccc45)c3)CC2)=C(c2ccc(F)cc2)C1,324800,1.697,True
Cc1c(C(=O)O)c(-c2cccc(N3CCN(c4ccc(NS(=O)(=O)c5ccc(N[C@H](CCN6CC(O)C6)CSc6ccccc6)c(S(=O)(=O)C(F)(F)F)c5)cc4)CC3)c2)c(-c2ccc(Cl)cc2)n1C,50969066,1.7,True
Cc1c(C(=O)O)c(-c2cccc(N3CCN(c4ccc(NS(=O)(=O)c5ccc(N[C@H](CCN6CCC6)CSc6ccccc6)c(S(=O)(=O)C(F)(F)F)c5)cc4)CC3)c2)c(-c2ccc(Cl)cc2)n1C,50969069,1.7,True
CC1(C)CCC(CN2CCN(c3ccc(C(=O)NS(=O)(=O)c4ccc(NCC5CCOCC5)c([N+](=O)[O-])c4)c(Oc4cncc(N)c4)c3)CC2)=C(c2ccc(Cl)cc2)C1,"281603,387854",1.703,True
CN(C)CC[C@H](Nc1ccc(S(=O)(=O)NC(=O)c2ccc(N3CCN(Cc4ccccc4-c4ccc(Cl)cc4)CC3)cc2Oc2ccccc2)cc1[N+](=O)[O-])c1cccs1,324875,1.71,True
CC1(C)CC(c2ccc(Cl)cc2)=C2CN3CCN(c4ccc(C(=O)NS(=O)(=O)c5ccc(NC[C@@H]6CC[C@@H](O)CO6)c([N+](=O)[O-])c5)c(N5CCCOc6nc7[nH]ccc7cc65)c4)C[C@H]3COCCCO[C@@H]2C1,"1406236,1498007",1.72,True
CN1CCN(Nc2ccc(S(=O)(=O)NC(=O)c3ccc(N4CCN(CC5=C(c6ccc(Cl)cc6)CC(C)(C)CC5)CC4)cc3Oc3cc4cc[nH]c4cc3Cl)cc2[N+](=O)[O-])CC1,"281569,387819",1.734,True
CC1(C)CCC(CN2CCN(c3ccc(C(=O)NS(=O)(=O)c4ccc(NC(CO)C5CCOCC5)c([N+](=O)[O-])c4)c(Oc4ccc5[nH]ccc5c4)c3)CC2)=C(c2ccc(Cl)cc2)C1,324950,1.796,True
COC1(Cc2cccc(Cl)c2)CCN(c2ccc(C(=O)NS(=O)(=O)c3ccc(N[C@H](CCN(C)C)CSc4ccccc4)c([N+](=O)[O-])c3)cc2)CC1,38803,1.8,True
Cc1c(C(=O)O)c(-c2cccc(N3CCN(c4ccc(NS(=O)(=O)c5ccc(N[C@H](CCN6CCCC6)CSc6ccccc6)c(S(=O)(=O)C(F)(F)F)c5)cc4)CC3)c2)c(-c2ccc(Cl)cc2)n1C,50969068,1.8,True
CNc1ccc(S(=O)(=O)NC(=O)c2ccc(N3CCN(CC4=C(c5ccc(Cl)cc5)CC(C)(C)CC4)CC3)cc2Oc2ccc3[nH]ccc3c2)cc1S(=O)(=O)C(F)(F)F,325032,1.859,True
CC1(C)CCC(CN2CCN(c3ccc(C(=O)NS(=O)(=O)c4ccc(NC5CCN(C6CCOCC6)CC5)c([N+](=O)[O-])c4)c(Oc4ccnc(NC(=O)OC(C)(C)C)c4)c3)CC2)=C(c2ccc(Cl)cc2)C1,"281595,387846",1.908,True
O=C(NS(=O)(=O)c1ccc(NCC2CCOCC2)c([N+](=O)[O-])c1)c1ccc(N2CCN(Cc3ccccc3-c3ccc(Cl)cc3)CC2)cc1Oc1cccc2ccccc12,324771,1.986,True
CC1(C)CCC(CN2CCN(c3ccc(C(=O)NS(=O)(=O)c4ccc(NCC5CCCCC5)c([N+](=O)[O-])c4)c(Oc4ccc5[nH]ccc5c4)c3)CC2)=C(c2ccc(Cl)cc2)C1,324967,1.995,True
[C]Oc1ccccc1[C]=C1[C][C]N(c2ccc(C(=O)[N]S(=O)(=O)c3ccc([N][C@H]([C][C]N([C])[C])[C]Sc4ccccc4)c([N+](=O)[O-])c3)cc2)[C][C]1,38816,2.0,True
CN(C)CC[C@H](CSc1ccccc1)Nc1ccc(S(=O)(=O)NC(=O)c2ccc(N3CCN(c4cccc(-c5c(-c6ccc(Cl)cc6)cn(CC[C@H](O)CO)c5C(=O)NCCCN5CCN(C)CC5)c4)CC3)cc2)cc1[N+](=O)[O-],50947922,2.0,True
[C]N([C])[C][C][C@H]([C]Sc1ccccc1)[N]c1ccc(S(=O)(=O)[N]C(=O)c2ccc(N3[C][C]C(=[C]c4ccccc4C(F)(F)F)[C][C]3)cc2)cc1[N+](=O)[O-],38814,2.0,True
CN(C)Cc1ccccc1Oc1cc(N2CCN(Cc3ccccc3-c3ccc(Cl)cc3)CC2)ccc1C(=O)NS(=O)(=O)c1ccc(NCC2CCOCC2)c([N+](=O)[O-])c1,"281364,387610",2.007,True
CN(C)CCCNc1ccc(S(=O)(=O)NC(=O)c2ccc(N3CCN(CC4=C(c5ccc(Cl)cc5)CC(C)(C)CC4)CC3)cc2Oc2ccc3[nH]ccc3c2)cc1C#N,324884,2.048,True
O=C(NS(=O)(=O)c1ccc(NCC2CCOCC2)c([N+](=O)[O-])c1)c1ccc(N2CCN(Cc3ccccc3-c3ccc(Cl)cc3)CC2)cc1Oc1cccnc1,324805,2.05,True
CO[C@H]1CC[C@@H](COc2ncc(S(=O)(=O)NC(=O)c3ccc(N4CCN(CC5=C(c6ccc(Cl)cc6)CC(C)(C)CC5)CC4)cc3Oc3cnc4[nH]ccc4c3)cc2C(F)(F)F)CC1,"1180055,1373031,704892",2.06,True
CC1(C)CCC(CN2CCN(c3ccc(C(=O)NS(=O)(=O)c4ccc(NCC5CCOCC5)c(Cl)c4)c(Oc4cnc5[nH]ccc5c4)c3)CC2)=C(c2ccc(Cl)cc2)C1,"1180064,1373035,704896",2.07,True
CC1(C)CCC(CN2CCN(c3ccc(C(=O)NS(=O)(=O)c4cc(F)c(NCC5CCOCC5)cc4Cl)c(Oc4cnc5[nH]ccc5c4)c3)CC2)=C(c2ccc(Cl)cc2)C1,"1179940,1372785,704646",2.07,True
CN1CCN(c2ccc(S(=O)(=O)NC(=O)c3ccc(N4CCN(CC5=C(c6ccc(Cl)cc6)CC(C)(C)CC5)CC4)cc3Oc3ccc4[nH]ccc4c3)cc2[N+](=O)[O-])CC1,324827,2.087,True
COC1(CNc2ccc(S(=O)(=O)NC(=O)c3ccc(N4CCN5CC6=C(c7ccc(Cl)cc7)CC(C)(C)CC6OCCCOC[C@@H]5C4)cc3N3CCCOc4nc5[nH]ccc5cc43)cc2[N+](=O)[O-])CCOCC1,1498005,2.09,True
COC1(CNc2ccc(S(=O)(=O)NC(=O)c3ccc(N4CCN5CC6=C(c7ccc(Cl)cc7)CC(C)(C)C[C@H]6OCCCOC[C@@H]5C4)cc3N3CCCOc4nc5[nH]ccc5cc43)cc2[N+](=O)[O-])CCOCC1,"1406234,51565555",2.095,True
Cc1c(C(=O)O)c(-c2cccc(N3CCN(c4ccc(NS(=O)(=O)c5ccc(N[C@H](CCN(C)C)CSc6ccccc6)c(S(=O)(=O)C(F)(F)F)c5)cc4)CC3)c2)c(-c2ccc(Cl)cc2)n1C,50969071,2.1,True
[C]N([C])[C][C][C@H]([C]Sc1ccccc1)[N]c1ccc(S(=O)(=O)[N]C(=O)c2ccc(N3[C][C]C(=[C]c4ccc(Cl)cc4)[C][C]3)cc2)cc1[N+](=O)[O-],38813,2.1,True
CC1(C)CCC(CN2CCN(c3ccc(C(=O)NS(=O)(=O)c4ccc(NCC5CCCN(CC#N)C5)c([N+](=O)[O-])c4)c(Oc4cnc5[nH]ccc5c4)c3)CC2)=C(c2ccc(Cl)cc2)C1,"1179913,1372960,704821",2.11,True
CN(C)CCCNc1ccc(S(=O)(=O)NC(=O)c2ccc(N3CCN(Cc4ccccc4-c4ccc(Cl)cc4)CC3)cc2Oc2ccccc2)cc1C#N,324811,2.134,True
CC1(C)CCC(CN2CCN(c3ccc(C(=O)NS(=O)(=O)c4cnc(OCC5(F)CCN(CC(F)F)CC5)c(Cl)c4)c(Oc4cnc(N)c(Cl)c4)c3)CC2)=C(c2ccc(Cl)cc2)C1,"281726,387978",2.136,True
CC1(C)CCC(CN2CCN(c3ccc(C(=O)NS(=O)(=O)c4ccc(S(C)(=O)=O)cc4)c(Oc4cccc5[nH]ccc45)c3)CC2)=C(c2ccc(Cl)cc2)C1,325086,2.17,True
CN(C)C(=O)Cc1ccccc1Oc1cc(N2CCN(Cc3ccccc3-c3ccc(Cl)cc3)CC2)ccc1C(=O)NS(=O)(=O)c1ccc(NCC2CCOCC2)c([N+](=O)[O-])c1,"281360,387606",2.212,True
O=C(NS(=O)(=O)c1ccc(NCCCN2CCCC2)c([N+](=O)[O-])c1)c1ccc(N2CCN(CC3=C(c4ccc(Cl)cc4)CCC3)CC2)cc1Oc1cccc2[nH]ccc12,324859,2.232,True
CC1(C)CCC(CN2CCN(c3ccc(C(=O)NS(=O)(=O)c4ccc(NCCCN5CCCC5=O)c([N+](=O)[O-])c4)c(Oc4ccc5[nH]ccc5c4)c3)CC2)=C(c2ccc(Cl)cc2)C1,325077,2.266,True
O=C(NS(=O)(=O)c1ccc(NCC2CCOCC2)c(S(=O)(=O)C(F)(F)F)c1)c1ccc(N2CCN(Cc3cc(OCCN4CCOCC4)ccc3-c3ccc(Cl)cc3)CC2)cc1Oc1ccccc1,324833,2.299,True
CNC(=O)c1cccc(Oc2cc(N3CCN(Cc4ccccc4-c4ccc(Cl)cc4)CC3)ccc2C(=O)NS(=O)(=O)c2ccc(NCCCN(C)C)c([N+](=O)[O-])c2)c1,"281437,387683",2.321,True
CNc1ncc(Oc2cc(N3CCN(CC4=C(c5ccc(Cl)cc5)CC(C)(C)CC4)CC3)ccc2C(=O)NS(=O)(=O)c2ccc(NCC3CCOCC3)c([N+](=O)[O-])c2)cc1Cl,"281700,387952",2.323,True
CC1(C)CCC(CN2CCN(c3ccc(C(=O)NS(=O)(=O)c4cnc(NCC5CCOCC5)c(Br)c4)c(Oc4cccc5[nH]ccc45)c3)CC2)=C(c2ccc(Cl)cc2)C1,325029,2.331,True
CC1(C)CCC(CN2CCN(c3ccc(C(=O)NS(=O)(=O)c4ccc(NC5CCN(CC(F)(F)F)CC5)c([N+](=O)[O-])c4)c(Oc4cccc5[nH]ccc45)c3)CC2)=C(c2ccc(Cl)cc2)C1,324828,2.342,True
CC1(C)CCC(CN2CCN(c3ccc(C(=O)NS(=O)(=O)c4ccc(NCCCN5CCOCC5)c([N+](=O)[O-])c4)c(Oc4ccc5[nH]ncc5c4)c3)CC2)=C(c2ccc(Cl)cc2)C1,324758,2.365,True
Cc1c(C(=O)O)c(-c2cccc(N3CCN(c4ccc(NS(=O)(=O)c5ccc(N[C@H](CCN6CCC(O)CC6)CSc6ccccc6)c(S(=O)(=O)C(F)(F)F)c5)cc4)CC3)c2)c(-c2ccc(Cl)cc2)n1C,50969065,2.4,True
CN(C)CC[C@H](CSc1ccccc1)Nc1ccc(S(=O)(=O)NC(=O)c2ccc(N3CCN(CC4=C(c5ccc(Cl)cc5)CCOC4)CC3)cc2)cc1[N+](=O)[O-],50436075,2.4,True
Cc1cc2cc(Oc3cc(N4CCN(CC5=C(c6ccc(Cl)cc6)CC(C)(C)CC5)CC4)ccc3C(=O)NS(=O)(=O)c3ccc(NCCCN4CCOCC4)c([N+](=O)[O-])c3)ccc2[nH]1,"281337,387583",2.474,True
Nc1ccc(Oc2cc(N3CCN(Cc4ccccc4-c4ccc(Cl)cc4)CC3)ccc2C(=O)NS(=O)(=O)c2ccc(NCC3CCOCC3)c([N+](=O)[O-])c2)cc1,"281351,387597",2.487,True
[C]N([C])[C][C][C@H]([C]Sc1ccccc1)[N]c1ccc(S(=O)(=O)[N]C(=O)c2ccc(N3[C][C]C(=[C]c4ccccc4F)[C][C]3)cc2)cc1[N+](=O)[O-],38811,2.5,True
COc1ccc(Nc2ccc(S(=O)(=O)NC(=O)c3ccc(N4CCN(CC5=C(c6ccc(Cl)cc6)CC(C)(C)CC5)CC4)cc3Oc3ccc4[nH]ccc4c3)cc2[N+](=O)[O-])cc1O,325097,2.507,True
CN1CCC(Nc2ccc(S(=O)(=O)NC(=O)c3ccc(N4CCN(Cc5cc6c(cc5-c5ccc(Cl)cc5)OCO6)CC4)cc3Oc3ccccc3Cl)cc2[N+](=O)[O-])CC1,"281511,387760",2.53,True
CN(C)CCCNc1ccc(S(=O)(=O)NC(=O)c2ccc(N3CCN(Cc4ccccc4-c4ccc(Cl)cc4)CC3)cc2Oc2cccc(OCc3ccccc3)c2)cc1[N+](=O)[O-],"281425,387671",2.569,True
CO[C@H]1C[C@H](Nc2ccc(S(=O)(=O)NC(=O)c3ccc(N4CCN5CC6=C(c7ccc(Cl)cc7)CC(C)(C)C[C@H]6OCCCOC[C@@H]5C4)cc3N3CCCOc4nc5[nH]ccc5cc43)cc2[N+](=O)[O-])C1,"1406242,51565556",2.59,True
COC1CC(Nc2ccc(S(=O)(=O)NC(=O)c3ccc(N4CCN5CC6=C(c7ccc(Cl)cc7)CC(C)(C)CC6OCCCOC[C@@H]5C4)cc3N3CCCOc4nc5[nH]ccc5cc43)cc2[N+](=O)[O-])C1,1498013,2.58,True
COC1CO[C@H](CNc2ccc(S(=O)(=O)NC(=O)c3ccc(N4CCN5CC6=C(c7ccc(Cl)cc7)CC(C)(C)C[C@H]6OCCCOC[C@@H]5C4)cc3N3CCCOc4nc5[nH]ccc5cc43)cc2[N+](=O)[O-])C1,1406240,2.59,True
COC1COC(CNc2ccc(S(=O)(=O)NC(=O)c3ccc(N4CCN5CC6=C(c7ccc(Cl)cc7)CC(C)(C)CC6OCCCOC[C@@H]5C4)cc3N3CCCOc4nc5[nH]ccc5cc43)cc2[N+](=O)[O-])C1,1498011,2.59,True
O=C(NS(=O)(=O)c1ccc(NCC2CCOCC2)c([N+](=O)[O-])c1)c1ccc(N2CCN(Cc3ccccc3-c3ccc(Cl)cc3)CC2)cc1Oc1ccc(Cl)cc1,"281340,387586",2.592,True
COC1(Cc2ccc(Cl)cc2)CCN(c2ccc(C(=O)NS(=O)(=O)c3ccc(N[C@H](CCN(C)C)CSc4ccccc4)c([N+](=O)[O-])c3)cc2)CC1,38804,2.7,True
CC1(C)CCC(CN2CCN(c3ccc(C(=O)NS(=O)(=O)c4ccc5ccccc5c4)c(Oc4cnc5[nH]ccc5c4)c3)CC2)=C(c2ccc(Cl)cc2)C1,"1179860,1372745,704606",2.7999999999999994,True
COCCCNc1ccc(S(=O)(=O)NC(=O)c2ccc(N3CCN(CC4=C(c5ccc(Cl)cc5)CC(C)(C)CC4)CC3)cc2Oc2ccc3[nH]ccc3c2)cc1[N+](=O)[O-],325023,2.798,True
CC1(C)CCC(CN2CCN(c3ccc(C(=O)NS(=O)(=O)c4ccc(NCC5CCOCC5)c([N+](=O)[O-])c4)c(Oc4ccc(NS(C)(=O)=O)nc4)c3)CC2)=C(c2ccc(Cl)cc2)C1,"281679,387931",2.822,True
CN1CCC(Nc2ccc(S(=O)(=O)NC(=O)c3ccc(N4CCN(CC5=C(c6ccc(Cl)cc6)CC(C)(C)CC5)CC4)cc3Nc3ccccc3Cl)cc2[N+](=O)[O-])CC1,"281555,387805",2.833,True
CC1(C)CCC(CN2CCN(c3ccc(C(=O)NS(=O)(=O)c4ccc(NCC5CCOCC5)c([N+](=O)[O-])c4)c(Oc4cnc(N)c(C(N)=O)c4)c3)CC2)=C(c2ccc(Cl)cc2)C1,"281674,387926",2.843,True
CN1CCC(Nc2ccc(S(=O)(=O)NC(=O)c3ccc(N4CCN(CC5=C(c6ccc(Cl)cc6)CCC5)CC4)cc3Oc3cccc4[nH]ccc34)cc2[N+](=O)[O-])CC1,324864,2.89,True
CC1(C)CCC(CN2CCN(c3ccc(C(=O)NS(=O)(=O)c4ccc(NCC5CCOCC5)c([N+](=O)[O-])c4)c(Oc4cccc5c4CCNC5)c3)CC2)=C(c2ccc(Cl)cc2)C1,325102,2.923,True
CN(C)CCCNc1ccc(S(=O)(=O)NC(=O)c2ccc(N3CCN(CC4=C(c5ccc(Cl)cc5)CC(C)(C)CC4)CC3)cc2Oc2ccc3[nH]ccc3c2)cc1C(F)(F)F,324883,2.942,True
CC1(C)CCC(CN2CCN(c3ccc(C(=O)NS(=O)(=O)c4ccc(NC5CCN(C6CCOCC6)CC5)c([N+](=O)[O-])c4)c(Oc4cccc5[nH]c(C(F)(F)F)cc45)c3)CC2)=C(c2ccc(Cl)cc2)C1,"281542,387791",2.954,True
CC1(C)CCC(CN2CCN(c3ccc(C(=O)NS(=O)(=O)c4ccc(NN5CCOCC5)c([N+](=O)[O-])c4)c(Oc4cccc5[nH]ccc45)c3)CC2)=C(c2ccc(Cl)cc2)C1,324970,3.001,True
CC1(C)CCC(CN2CCN(c3ccc(C(=O)NS(=O)(=O)c4ccc(NCCCN5CCCC5)c([N+](=O)[O-])c4)c(Oc4cccc5[nH]ccc45)c3)CC2)=C(c2cccc(F)c2)C1,324799,3.022,True
CN(C)CCCNc1ccc(S(=O)(=O)NC(=O)c2ccc(N3CCN(Cc4ccccc4-c4ccc(Cl)cc4)CC3)cc2Oc2cccc3c2ccn3C)cc1[N+](=O)[O-],"281349,387595",3.039,True
CC1(C)CCC(CN2CCN(c3ccc(C(=O)NS(=O)(=O)c4ccc(OCCC5CCOCC5)c([N+](=O)[O-])c4)c(Oc4cccc5[nH]ccc45)c3)CC2)=C(c2ccc(Cl)cc2)C1,325020,3.066,True
O=C(NS(=O)(=O)c1ccc(NC2CCC(N3CCOCC3)CC2)c(S(=O)(=O)C(F)(F)F)c1)c1ccc(N2CCN(CC3=C(c4ccc(Cl)cc4)CCOCC3)CC2)cc1Oc1cc2cc[nH]c2cc1Cl,387889,3.094,True
COC1(Cc2ccccc2F)CCN(c2ccc(C(=O)NS(=O)(=O)c3ccc(N[C@H](CCN(C)C)CSc4ccccc4)c([N+](=O)[O-])c3)cc2)CC1,38805,3.1,True
CN1CCN(Nc2ccc(S(=O)(=O)NC(=O)c3ccc(N4CCN(CC5=C(c6ccc(Cl)cc6)CC(C)(C)CC5)CC4)cc3Oc3cccc4[nH]cc(Cl)c34)cc2[N+](=O)[O-])CC1,"281610,387861",3.181,True
COc1ccccc1CN1CCN(c2ccc(C(=O)NS(=O)(=O)c3ccc(N[C@H](CCN(C)C)CSc4ccccc4)c([N+](=O)[O-])c3)cc2)CC1,38823,3.2,True
CC(=O)Nc1cccc(Oc2cc(N3CCN(CC4=C(c5ccc(Cl)cc5)CC(C)(C)CC4)CC3)ccc2C(=O)NS(=O)(=O)c2ccc(NC3CCN(C4CCOCC4)CC3)c([N+](=O)[O-])c2)c1,"281551,387801",3.283,True
CCN(CC)C[C@@H](O)CNc1ccc(NC[C@H]2CO2)c2c1C(=O)c1ccccc1C2=O,51462825,3.3,True
CC1(C)CCC(CN2CCN(c3ccc(C(=O)NS(=O)(=O)c4ccc(N5CCOCC5)c([N+](=O)[O-])c4)c(Oc4ccc5[nH]ccc5c4)c3)CC2)=C(c2ccc(Cl)cc2)C1,324977,3.314,True
COc1ccc(Cn2nnc3c(Oc4cc(N5CCN(CC6=C(c7ccc(Cl)cc7)CC(C)(C)CC6)CC5)ccc4C(=O)NS(=O)(=O)c4ccc(NCC5CCOCC5)c([N+](=O)[O-])c4)cccc32)cc1,"281665,387917",3.34,True
[C]N([C])[C][C][C@H]([C]Sc1ccccc1)[N]c1ccc(S(=O)(=O)[N]C(=O)c2ccc(N3[C][C]C(=[C]c4ccc(F)cc4)[C][C]3)cc2)cc1[N+](=O)[O-],38793,3.4,True
O=C(NS(=O)(=O)c1ccc(NCC2CCOCC2)c([N+](=O)[O-])c1)c1ccc(N2CCN(Cc3ccccc3-c3ccc(Cl)cc3)CC2)cc1Oc1cccc([N+](=O)[O-])c1,"281341,387587",3.451,True
COCCNc1ccc(S(=O)(=O)NC(=O)c2ccc(N3CCN(CC4=C(c5ccc(Cl)cc5)CC(C)(C)CC4)CC3)cc2Oc2ccc3[nH]ccc3c2)cc1S(=O)(=O)C(F)(F)F,"1180018,1372824,325021,339642,704685",3.4604,True
C#Cc1cc(S(=O)(=O)NC(=O)c2ccc(N3CCN(CC4=C(c5ccc(Cl)cc5)CC(C)(C)OC4)CC3)cc2Oc2cc3cc[nH]c3cc2F)cnc1OCC1CCOCC1,"281646,387898",3.484,True
CN(C)CC[C@H](CSc1ccccc1)Nc1ccc(S(=O)(=O)NC(=O)c2ccc(N3CCN(Cc4ccccc4NC4CCCCC4)CC3)cc2)cc1[N+](=O)[O-],38826,3.5,True
O=C(NS(=O)(=O)c1ccc(NCC2CCOCC2)c(S(=O)(=O)C(F)(F)F)c1)c1ccc(N2CCN(Cc3ccccc3-c3ccc(Cl)cc3)CC2)cc1Oc1ccc2[nH]ccc2c1,324791,3.516,True
C#Cc1cc(S(=O)(=O)NC(=O)c2ccc(N3CCN(CC4=C(c5ccc(Cl)cc5)CC(C)(C)CC4)CC3)cc2Oc2cccc3[nH]ccc23)cnc1OCC1CCOCC1,325094,3.54,True
CN(C)C(=O)COc1cccc(Oc2cc(N3CCN(Cc4ccccc4-c4ccc(Cl)cc4)CC3)ccc2C(=O)NS(=O)(=O)c2ccc(NCC3CCOCC3)c([N+](=O)[O-])c2)c1,"281438,387684",3.567,True
CC1(C)CCC(CN2CCN(c3ccc(C(=O)NS(=O)(=O)c4ccc(NC5CCC(F)(F)CC5)c([N+](=O)[O-])c4)c(Oc4ccc5[nH]ccc5c4)c3)CC2)=C(c2ccc(Cl)cc2)C1,325011,3.684,True
CC(C)n1cc(CN2CCN(c3ccc(C(=O)NS(=O)(=O)c4ccc(NCC5CCOCC5)c([N+](=O)[O-])c4)c(Oc4ccc5[nH]ccc5c4)c3)CC2)c(-c2ccc(Cl)cc2)cc1=O,325013,3.727,True
CC1(C)CCC(CN2CCN(c3ccc(C(=O)NS(=O)(=O)c4ccc(OCC5(F)CCOCC5)c(S(=O)(=O)C(F)(F)F)c4)c(Oc4cnc(N)c(Cl)c4)c3)CC2)=C(c2ccc(Cl)cc2)C1,"281671,387923",3.779,True
Cc1c(C(=O)O)c(-c2cccc(N3CCN(c4ccc(NS(=O)(=O)c5ccc(N[C@H](CCN6CCCCC6)CSc6ccccc6)c(S(=O)(=O)C(F)(F)F)c5)cc4)CC3)c2)c(-c2ccc(Cl)cc2)n1C,50969067,3.8,True
CC1(C)CCC(CN2CCN(c3ccc(C(=O)NS(=O)(=O)c4ccc5nc[nH]c(=O)c5c4)c(Oc4cnc5[nH]ccc5c4)c3)CC2)=C(c2ccc(Cl)cc2)C1,"1179972,1372801,704662",3.96,True
COc1cccc(Oc2cc(N3CCN(Cc4ccccc4-c4ccc(Cl)cc4)CC3)ccc2C(=O)NS(=O)(=O)c2ccc(NCC3CCOCC3)c([N+](=O)[O-])c2)c1,"281353,387599",3.965,True
O=C(NS(=O)(=O)c1ccc(NCC2CCOCC2)c([N+](=O)[O-])c1)c1ccc(N2CCN(Cc3cc(N4CCOCC4)ccc3-c3ccc(Cl)cc3)CC2)cc1Oc1cccc2[nH]ccc12,324908,3.966,True
CN(C)CCCNc1ccc(S(=O)(=O)NC(=O)c2ccc(N3CCN(Cc4ccccc4-c4ccc(Cl)cc4)CC3)cc2Oc2ccccc2)cc1C(F)(F)F,324813,4.375,True
COCCNc1ccc(S(=O)(=O)NC(=O)c2ccc(N3CCN(CC4=C(c5ccc(Cl)cc5)CC(C)(C)CC4)CC3)cc2Oc2cccc3[nH]ccc23)cc1S(=O)(=O)C(F)(F)F,325015,4.417,True
O=C(NS(=O)(=O)c1ccc(NC2CCN(S(=O)(=O)c3ccccc3)CC2)c([N+](=O)[O-])c1)c1ccc(N2CCN(Cc3ccccc3-c3ccc(Cl)cc3)CC2)cc1Oc1ccccc1,324873,4.454,True
Cc1ccccc1CN1CCN(c2ccc(C(=O)NS(=O)(=O)c3ccc(N[C@H](CCN(C)C)CSc4ccccc4)c([N+](=O)[O-])c3)cc2)CC1,38821,4.5,True
C#Cc1cc(S(=O)(=O)NC(=O)c2ccc(N3CCN(CC4=C(c5ccc(Cl)cc5)CC(C)(C)CC4)CC3)cc2Oc2cc3cc[nH]c3cc2F)cnc1OCC1CCOCC1,"281645,387897",4.53,True
CC(C)c1cc(Oc2cc(N3CCN(CC4=C(c5ccc(Cl)cc5)CC(C)(C)CC4)CC3)ccc2C(=O)NS(=O)(=O)c2ccc(NCC3CCOCC3)c([N+](=O)[O-])c2)cnc1N,"281688,387940",4.551,True
O=C(NS(=O)(=O)c1ccc(NC2CCC(N3CCOCC3)CC2)c([N+](=O)[O-])c1)c1ccc(N2CCN(CC3=C(c4ccc(Cl)cc4)CCOCC3)CC2)cc1Oc1cc2cc[nH]c2cc1Cl,387890,4.555,True
O=C(NS(=O)(=O)c1ccc(NCCCN2CCOCC2)c(S(=O)(=O)C(F)(F)F)c1)c1ccc(N2CCN(Cc3ccccc3-c3ccc(Cl)cc3)CC2)cc1Oc1cccc2[nH]ccc12,324793,4.558,True
Cc1c(C(=O)O)c(-c2cccc(N3CCN(c4ccc(NS(=O)(=O)c5ccc(N[C@H](CCN6CCC(C)(O)CC6)CSc6ccccc6)c(S(=O)(=O)C(F)(F)F)c5)cc4)CC3)c2)c(-c2ccc(Cl)cc2)n1C,50969064,4.6,True
CN(C)CC[C@H](CSc1ccccc1)Nc1ccc(S(=O)(=O)NC(=O)c2ccc(N3CCN(Cc4ccccc4S(C)(=O)=O)CC3)cc2)cc1[N+](=O)[O-],38825,4.6,True
CC1(C)CCC(CN2CCN(c3ccc(C(=O)NS(=O)(=O)c4ccc(NCC5CCOCC5)c(C#N)c4)c(Oc4ccc5[nH]ccc5c4)c3)CC2)=C(c2ccc(Cl)cc2)C1,325071,4.608,True
CC1(C)CCC(CN2CCN(c3ccc(C(=O)NS(=O)(=O)c4ccc(NC5CCN(C6Cc7ccccc7C6)CC5)c([N+](=O)[O-])c4)c(Oc4ccc5[nH]ccc5c4)c3)CC2)=C(c2ccc(Cl)cc2)C1,324937,4.669,True
O=C(NS(=O)(=O)c1ccc(NCC2CCOCC2)c([N+](=O)[O-])c1)c1ccc(N2CCN(Cc3ccccc3-c3ccc(Cl)cc3)CC2)cc1Oc1ccc2c(c1)CCN2,324856,4.726,True
CN1CCC(Nc2ccc(S(=O)(=O)NC(=O)c3ccc(N4CCN(CC5=C(c6ccc(Cl)cc6)CC(C)(C)CC5)CC4)cc3Oc3cccc4[nH]c5ccccc5c34)cc2[N+](=O)[O-])CC1,"1179846,1372738,339558,704599",4.92,True
COC(=O)CN/C=C1\C(=O)C(O)=C(C(C)C)c2cc(C)c(-c3c(C)cc4c(c3O)/C(=C/NC(=O)OC)C(=O)C(O)=C4C(C)C)c(O)c21,50527941,5.0,True
CC1(C)CCC(CN2CCN(c3ccc(C(=O)NS(=O)(=O)c4ccc(NCC5CCN(C(=O)OCc6ccccc6)CC5)c([N+](=O)[O-])c4)c(Oc4ccc5[nH]ccc5c4)c3)CC2)=C(c2ccc(Cl)cc2)C1,325060,5.015,True
O=C(NS(=O)(=O)c1ccc(NCC2CCOCC2)c([N+](=O)[O-])c1)c1ccc(N2CCN(Cc3ccccc3-c3ccc(Cl)cc3)CC2)cc1Oc1cccc(-c2ccccc2)c1,"281419,387665",5.263,True
CC1(C)CCC(CN2CCN(c3ccc(C(=O)NS(=O)(=O)c4ccc(NCC5CCOCC5)c([N+](=O)[O-])c4)c(Oc4ccc(NC5CC5)nc4)c3)CC2)=C(c2ccc(Cl)cc2)C1,"281697,387949",5.337,True
O=C(NS(=O)(=O)c1ccc(NC2CCN(C3CCOCC3)CC2)c([N+](=O)[O-])c1)c1ccc(N2CCN(Cc3ccc(C(F)(F)F)cc3-c3ccc(Cl)cc3)CC2)cc1Oc1ccc2[nH]ccc2c1,325062,5.417,True
CN1CCC(Nc2ccc(S(=O)(=O)NC(=O)c3ccc(N4CCN(CC5=C(c6ccc(Cl)cc6)CC(C)(C)CC5)CC4)cc3Oc3ccc4[nH]ncc4c3)cc2[N+](=O)[O-])CC1,324759,5.428,True
N#Cc1cccc(Oc2cc(N3CCN(Cc4ccccc4-c4ccc(Cl)cc4)CC3)ccc2C(=O)NS(=O)(=O)c2ccc(NCC3CCOCC3)c([N+](=O)[O-])c2)c1,"281355,387601",5.455,True
CC1(C)CCC(CN2CCN(c3ccc(C(=O)NS(=O)(=O)c4ccc(NCC5CCOCC5)c(C#N)c4)c(Oc4cccc5[nH]ccc45)c3)CC2)=C(c2ccc(Cl)cc2)C1,325070,5.457,True
CC(=O)Nc1cccc(Oc2cc(N3CCN(Cc4ccccc4-c4ccc(Cl)cc4)CC3)ccc2C(=O)NS(=O)(=O)c2ccc(NCC3CCOCC3)c([N+](=O)[O-])c2)c1,"281350,387596",5.578,True
CC(=O)Nc1cccc(Oc2cc(N3CCN(CC4=C(c5ccc(Cl)cc5)CC(C)(C)CC4)CC3)ccc2C(=O)NS(=O)(=O)c2ccc(NC3CCN(C)CC3)c([N+](=O)[O-])c2)c1,"281550,387800",5.603,True
O=C(NS(=O)(=O)c1ccc(NCC2CCOCC2)c(S(=O)(=O)C(F)(F)F)c1)c1ccc(N2CCN(Cc3ccccc3-c3ccc(Cl)cc3)CC2)cc1Oc1ccccc1,324877,5.616,True
CC(C)(C)OC(=O)Nc1cccc(Oc2cc(N3CCN(Cc4ccccc4-c4ccc(Cl)cc4)CC3)ccc2C(=O)NS(=O)(=O)c2ccc(NCC3CCOCC3)c([N+](=O)[O-])c2)c1,"281418,387664",5.626,True
Cn1ccc2c(Oc3cc(N4CCN(Cc5ccccc5-c5ccc(Cl)cc5)CC4)ccc3C(=O)NS(=O)(=O)c3ccc(NCCCN4CCOCC4)c([N+](=O)[O-])c3)cccc21,"281401,387647",5.934,True
CC1(C)CCC(CN2CCN(c3ccc(C(=O)NS(=O)(=O)c4cnc(NCC5CCOCC5)c(Br)c4)c(Oc4ccc5[nH]ccc5c4)c3)CC2)=C(c2ccc(Cl)cc2)C1,325054,5.97,True
Cc1c(-c2ccc(N3CCc4cccc(C(=O)Nc5nc6ccccc6s5)c4C3)nc2C(=O)O)cnn1CC12CC3CC(CC(C3)C1)C2,"50490142,51389597",6.05,True
CC1(C)CCC(CN2CCN(c3ccc(C(=O)NS(=O)(=O)c4ccc(NCC5CCOCC5)c([N+](=O)[O-])c4)c(Oc4cnc(N)c(C5CC5)c4)c3)CC2)=C(c2ccc(Cl)cc2)C1,"281689,387941",6.052,True
CC1(C)CCC(CN2CCN(c3ccc(C(=O)NS(=O)(=O)c4ccc(NC5(CO)CCOCC5)c([N+](=O)[O-])c4)c(Oc4cccc5[nH]ccc45)c3)CC2)=C(c2ccc(Cl)cc2)C1,324949,6.091,True
Cc1ccc(S(=O)(=O)N2CCN(c3ccc(C(=O)NS(=O)(=O)c4ccc(N[C@H](CCN(C)C)CSc5ccccc5)c([N+](=O)[O-])c4)cc3)CC2)cc1,38796,6.1,True
O=C(NS(=O)(=O)c1ccc(NCC2CCOCC2)c([N+](=O)[O-])c1)c1ccc(N2CCN(Cc3ccccc3-c3ccc(Cl)cc3)CC2)cc1Oc1cccc(N2CCOCC2)c1,"281422,387668",6.111,True
COC1CCN(c2ccc(S(=O)(=O)NC(=O)c3ccc(N4CCN(CC5=C(c6ccc(Cl)cc6)CC(C)(C)CC5)CC4)cc3Oc3ccc4[nH]ccc4c3)cc2[N+](=O)[O-])CC1,324978,6.156,True
CC1(C)CCC(CN2CCN(c3ccc(C(=O)NS(=O)(=O)c4ccc(NCCCN5CCOCC5)c([N+](=O)[O-])c4)c(Oc4ccc5c(c4)CCCN5)c3)CC2)=C(c2ccc(Cl)cc2)C1,324760,6.218,True
CC1(C)CCC(CN2CCN(c3ccc(C(=O)NS(=O)(=O)c4ccc(NCC5CCOCC5)c([N+](=O)[O-])c4)c(Oc4cnc5[nH]ccc5c4Cl)c3)CC2)=C(c2ccc(Cl)cc2)C1,"281707,387959",6.233,True
CC1(C)CCC(CN2CCN(c3ccc(C(=O)NS(=O)(=O)c4ccc(NCCCN5CCCC5)c([N+](=O)[O-])c4)c(Oc4cccc5[nH]ccc45)c3)CC2)=C(c2cccc(C(F)(F)F)c2)C1,324798,6.233,True
CN(C)CCC(CSc1ccccc1)Nc1ccc(S(=O)(=O)NC(=O)c2ccc(N3CCC4(CC3)C[C-](Cc3ccccc3)N=[O+]4)cc2)cc1[N+](=O)[O-],38791,6.5,True
COC1(CC2CCCCC2)CCN(c2ccc(C(=O)NS(=O)(=O)c3ccc(N[C@H](CCN(C)C)CSc4ccccc4)c([N+](=O)[O-])c3)cc2)CC1,38801,6.6,True
CN(C)CCCNc1ccc(S(=O)(=O)NC(=O)c2ccc(N3CCN(Cc4ccccc4-c4ccc(Cl)cc4)CC3)cc2Oc2ccc3cc[nH]c3c2)cc1[N+](=O)[O-],324778,6.63,True
CN1CCC(Nc2ccc(S(=O)(=O)NC(=O)c3ccc(N4CCN(CC5=C(c6ccc(Cl)cc6)CC(C)(C)CC5)CC4)cc3Oc3ccc4c(c3)CCCN4)cc2[N+](=O)[O-])CC1,324761,6.639,True
CCN1CCCC1CNC(=O)c1cc(S(=O)(=O)NC(=O)c2ccc(N3CCN(Cc4ccccc4-c4ccc(Cl)cc4)CC3)cc2Oc2ccccc2)ccc1OC,324770,6.684,True
CNC(=O)c1cccc(Oc2cc(N3CCN(Cc4ccccc4-c4ccc(Cl)cc4)CC3)ccc2C(=O)NS(=O)(=O)c2ccc(NCCCN3CCOCC3)c([N+](=O)[O-])c2)c1,"281436,387682",6.755,True
O=C(NS(=O)(=O)c1ccc(NCC2CCOCC2)c([N+](=O)[O-])c1)c1ccc(N2CCN(Cc3ccccc3-c3ccc(Cl)cc3)CC2)cc1Oc1ccccc1,324755,6.773,True
CC1(C)CCC(CN2CCN(c3ccc(C(=O)NS(=O)(=O)c4cnc(NCC5CCOCC5)c(C#N)c4)c(Oc4ccc5[nH]ccc5c4)c3)CC2)=C(c2ccc(Cl)cc2)C1,325056,6.825,True
CC1(C)CCC(CN2CCN(c3ccc(C(=O)NS(=O)(=O)c4ccc(NC5CCN(C6Cc7ccccc7C6)CC5)c([N+](=O)[O-])c4)c(Oc4cccc5[nH]ccc45)c3)CC2)=C(c2ccc(Cl)cc2)C1,324936,6.831,True
CN1CCC(Nc2ccc(S(=O)(=O)NC(=O)c3ccc(N4CCN(CC5=C(c6ccc(Cl)cc6)CC(C)(C)CC5)CC4)cc3Oc3c(F)cccc3Cl)cc2[N+](=O)[O-])CC1,"281482,387729",6.935,True
Cn1ncc(-c2ccc(Cl)cc2)c1CN1CCN(c2ccc(C(=O)NS(=O)(=O)c3ccc(NCC4CCOCC4)c([N+](=O)[O-])c3)c(Oc3ccc4[nH]ccc4c3)c2)CC1,324992,6.994,True
CC1(C)CCC(CN2CCN(c3ccc(C(=O)NS(=O)(=O)c4ccc(NC5CCN(C6CCOCC6)CC5)c([N+](=O)[O-])c4)c(-c4ccc(N)nc4)c3)CC2)=C(c2ccc(Cl)cc2)C1,"281580,387830",7.013,True
CC1(C)CCC(CN2CCN(c3ccc(C(=O)NS(=O)(=O)c4ccc(S(=O)(=O)N5CCOCC5)cc4)c(Oc4ccc5[nH]ccc5c4)c3)CC2)=C(c2ccc(Cl)cc2)C1,325065,7.128,True
Cc1nc(C)c(-c2cccc(Oc3cc(N4CCN(Cc5ccccc5-c5ccc(Cl)cc5)CC4)ccc3C(=O)NS(=O)(=O)c3ccc(NCCCN4CCOCC4)c([N+](=O)[O-])c3)c2)s1,"281366,387612",7.173,True
CCCn1c(C)c(C(=O)O)c(-c2cccc(N3CCN(c4ccc(NS(=O)(=O)c5ccc(N[C@H](CCN6CCC(O)CC6)CSc6ccccc6)c(S(=O)(=O)C(F)(F)F)c5)cc4)CC3)c2)c1-c1ccc(Cl)cc1,50969061,7.5,True
CC1(C)CCC(CN2CCN(c3ccc(C(=O)NS(=O)(=O)c4ccc(NCC5CCOCC5)c([N+](=O)[O-])c4)c(Oc4ccnc(NC(=O)OC(C)(C)C)c4)c3)CC2)=C(c2ccc(Cl)cc2)C1,"281604,387855",7.55,True
CC1(C)CCC(CN2CCN(c3ccc(C(=O)NS(=O)(=O)c4ccc(NC5CCN(C6CCOCC6)CC5)c([N+](=O)[O-])c4)c(Nc4ccccc4Cl)c3)CC2)=C(c2ccc(Cl)cc2)C1,"281552,387802",7.586,True
O=C(NS(=O)(=O)c1ccc(OCC2CCOCC2)c([N+](=O)[O-])c1)c1ccc(N2CCN(Cc3ccc(C(F)(F)F)cc3-c3ccc(Cl)cc3)CC2)cc1Oc1ccc2[nH]ccc2c1,325044,7.593,True
C[C@H](c1ccccc1-c1ccc(Cl)cc1)N1CCN(c2ccc(C(=O)NS(=O)(=O)c3ccc(NCC4CCOCC4)c([N+](=O)[O-])c3)c(Oc3cccc4[nH]ccc34)c2)CC1,324963,7.834,True
COC1(Cc2ccccc2)CCN(c2ccc(C(=O)NS(=O)(=O)c3ccc(N[C@H](CCN(C)C)CSc4ccccc4)c([N+](=O)[O-])c3)cc2)CC1,38789,8.1,True
O=C(NS(=O)(=O)c1ccc(NCCCN2CCOCC2)c([N+](=O)[O-])c1)c1ccc(N2CCN(Cc3ccccc3-c3ccc(Cl)cc3)CC2)cc1Oc1cccc(N2CCOCC2)c1,"281402,387648",8.246,True
CC1(C)CCC(CN2CCN(c3ccc(C(=O)NS(=O)(=O)c4cnc(OCC5CCOCC5)c(-c5nccs5)c4)c(Oc4ccc5[nH]ccc5c4)c3)CC2)=C(c2ccc(Cl)cc2)C1,325035,8.266,True
Cc1nc2ccc(Oc3cc(N4CCN(Cc5ccccc5-c5ccc(Cl)cc5)CC4)ccc3C(=O)NS(=O)(=O)c3ccc(NCC4CCOCC4)c([N+](=O)[O-])c3)cc2s1,"281356,387602",8.27,True
CC1(C)CCC(CN2CCN(c3ccc(C(=O)NS(=O)(=O)c4ccc(NCC5CCOCC5)c([N+](=O)[O-])c4)c(Oc4cc(N)nc(N)c4)c3)CC2)=C(c2ccc(Cl)cc2)C1,"281703,387955",8.274,True
CN(C)Cc1cccc(Oc2cc(N3CCN(Cc4ccccc4-c4ccc(Cl)cc4)CC3)ccc2C(=O)NS(=O)(=O)c2ccc(NCC3CCOCC3)c([N+](=O)[O-])c2)c1,"281334,387580",8.354,True
CC(C)[C@H](CO)Nc1ccc(S(=O)(=O)NC(=O)c2ccc(N3CCN(CC4=C(c5ccc(Cl)cc5)CC(C)(C)CC4)CC3)cc2Oc2ccc3[nH]ccc3c2)cc1[N+](=O)[O-],325075,8.376,True
CN(C)CC[C@H](CSc1ccccc1)Nc1ccc(S(=O)(=O)Nc2ccc(N3CCN(c4ccc(-c5c(-c6ccc(Cl)cc6)cn(CC[C@H](O)CO)c5C(=O)NCCCN5CCN(C)CC5)cc4)CC3)cc2)cc1[N+](=O)[O-],50947925,8.5,True
CC1(C)CCC(CN2CCN(c3ccc(C(=O)NS(=O)(=O)c4ccc(NCN5CCN(Cc6nccs6)CC5)c([N+](=O)[O-])c4)c(Oc4ccc5[nH]ccc5c4)c3)CC2)=C(c2ccc(Cl)cc2)C1,235384,8.819,True
[C]N([C])[C][C][C@H]([C]Sc1ccccc1)[N]c1ccc(S(=O)(=O)[N]C(=O)c2ccc(N3[C][C]C(=[C]c4ccc(C(F)(F)F)cc4)[C][C]3)cc2)cc1[N+](=O)[O-],38815,9.4,True
CC[C@H](C)[C@H](NC(C)=O)C(=O)N[C@@H](C)C(=O)N[C@@H](CCC(N)=O)C(=O)N[C@@H](CCC(=O)O)C(=O)N[C@@H](CCCNC(=N)N)C(=O)N[C@@H](CCCNC(=N)N)C(=O)N[C@H](C(=O)NCC(=O)N[C@@H](CC(=O)O)C(=O)N[C@@H](CCC(=O)O)C(=O)N[C@@H](Cc1ccccc1)C(N)=O)[C@@H](C)CC,51512266,9.5,True
CC(=O)Nc1ccc(Oc2cc(N3CCN(CC4=C(c5ccc(Cl)cc5)CC(C)(C)CC4)CC3)ccc2C(=O)NS(=O)(=O)c2ccc(NCC3CCOCC3)c([N+](=O)[O-])c2)cn1,"281678,387930",9.567,True
CC1OC2(CCN(c3ccc(C(=O)NS(=O)(=O)c4ccc(N[C@H](CCN(C)C)CSc5ccccc5)c([N+](=O)[O-])c4)cc3)CC2)N(Cc2ccccc2)C1=O,38792,9.6,True
Cc1nc2cc(Oc3cc(N4CCN(Cc5ccccc5-c5ccc(Cl)cc5)CC4)ccc3C(=O)NS(=O)(=O)c3ccc(NCC4CCOCC4)c([N+](=O)[O-])c3)ccc2s1,"281423,387669",10.626,True
CN1CCC(Nc2ccc(S(=O)(=O)NC(=O)c3ccc(N4CCN(CC5=C(c6ccc(Cl)cc6)CC(C)(C)CC5)CC4)cc3OCc3csc(N)n3)cc2[N+](=O)[O-])CC1,"281549,387799",10.911,True
CC[C@H](C)[C@H](NC(=O)[C@H](CC(N)=O)NC(=O)[C@H](CCCN=C(N)N)NC(=O)[C@@H](NC(=O)[C@@H](NC(=O)[C@H](CC(=O)O)NC(=O)[C@H](CCC(=O)O)NC(=O)[C@@H](N)CCC(N)=O)[C@@H](C)CC)[C@@H](C)CC)C(=O)N[C@@H](C)C(=O)N[C@@H](CCCN=C(N)N)C(=O)N[C@@H](Cc1cnc[nH]1)C(=O)N[C@@H](CC(C)C)C(=O)N[C@@H](C)C(=O)N[C@@H](CCC(N)=O)C(=O)N[C@H](C(=O)NCC(=O)N[C@@H](CC(=O)O)C(=O)N[C@@H](CO)C(=O)N[C@@H](CCSC)C(=O)N[C@@H](CC(=O)O)C(=O)N[C@@H](CCCN=C(N)N)C(=O)O)C(C)C,50361890,11.0,True
CC1(C)CCC(CN2CCN(c3ccc(C(=O)NS(=O)(=O)c4ccc(Nc5ccc(O)cc5)c([N+](=O)[O-])c4)c(Oc4ccc5[nH]ccc5c4)c3)CC2)=C(c2ccc(Cl)cc2)C1,325078,11.254,True
CCOC(=O)c1c(-c2cccc(N3CCN(c4ccc(NS(=O)(=O)c5ccc(N[C@H](CCN(C)C)CSc6ccccc6)c([N+](=O)[O-])c5)cc4)CC3)c2)c(-c2ccc(Cl)cc2)cn1C,50947900,11.6,True
CC1(C)CCC(CN2CCN(c3cccc4c3CCN(c3ccc(C(=O)NS(=O)(=O)c5ccc(NCC6CCOCC6)c([N+](=O)[O-])c5)c(OC(=O)OC(C)(C)C)c3)C4)CC2)=C(c2ccc(Cl)cc2)C1,198648,11.834,True
CC1(C)CCC(CN2CCN(c3ccc(C(=O)NS(=O)(=O)c4ccc(NCC5CCOCC5)c([N+](=O)[O-])c4)c(Oc4cccc5c4CCN(C(=O)OC(C)(C)C)C5)c3)CC2)=C(c2ccc(Cl)cc2)C1,387835,11.834,True
CC1CC(=O)NN=C1c1ccc(S(=O)(=O)NC(=O)c2ccc(N3CCN(Cc4ccccc4-c4ccc(Cl)cc4)CC3)cc2Oc2ccccc2)cc1,324766,11.911,True
COCCNC(=O)c1ccc(S(=O)(=O)NC(=O)c2ccc(N3CCN(CC4=C(c5ccc(Cl)cc5)CC(C)(C)CC4)CC3)cc2Oc2ccc3[nH]ccc3c2)cc1,325036,12.582,True
CC(C)(C)c1ccc(CN2CCN(c3ccc(C(=O)NS(=O)(=O)c4ccc(NCC5CCOCC5)c([N+](=O)[O-])c4)c(Oc4ccc5[nH]ccc5c4)c3)CC2)c(-c2ccc(Cl)cc2)c1,325045,12.998,True
[C]N([C])[C][C][C@H]([C]Sc1ccccc1)[N]c1ccc(S(=O)(=O)[N]C(=O)c2ccc(N3[C][C]C(=[C]c4ccccc4C#N)[C][C]3)cc2)cc1[N+](=O)[O-],38817,13.0,True
CC(C)(C)c1ccc(CN2CCN(c3ccc(C(=O)NS(=O)(=O)c4ccc(NC5CCN(C6CCOCC6)CC5)c([N+](=O)[O-])c4)c(Oc4ccc5[nH]ccc5c4)c3)CC2)c(-c2ccc(Cl)cc2)c1,325063,13.481,True
O=C(NS(=O)(=O)c1ccc(NCC2CCOCC2)c([N+](=O)[O-])c1)c1ccc(N2CCN(Cc3ccccc3-c3ccc(Cl)cc3)CC2)cc1Oc1ccccc1-c1ccccc1,"281417,387663",13.654,True
CN1CCN(Nc2ccc(S(=O)(=O)NC(=O)c3ccc(N4CCN(CC5=C(c6ccc(Cl)cc6)CC(C)(C)CC5)CC4)cc3Oc3ccc4[nH]cc(CCN)c4c3)cc2[N+](=O)[O-])CC1,"281623,387875",13.659,True
CN(C)c1cccc(Oc2cc(N3CCN(Cc4ccccc4-c4ccc(Cl)cc4)CC3)ccc2C(=O)NS(=O)(=O)c2ccc(NCC3CCOCC3)c([N+](=O)[O-])c2)c1,"281354,387600",14.054,True
Cc1c(C(=O)O)c(-c2cccc(N3CCN(c4ccc(NS(=O)(=O)c5ccc(N[C@H](CCN6CCOCC6)CSc6ccccc6)c(S(=O)(=O)C(F)(F)F)c5)cc4)CC3)c2)c(-c2ccc(Cl)cc2)n1C,50969070,14.1,True
O=C(NS(=O)(=O)c1ccc(NCC2CCOCC2)c([N+](=O)[O-])c1)c1ccc(N2CCN(Cc3ccc(C(F)(F)F)cc3-c3ccc(Cl)cc3)CC2)cc1Oc1ccc2[nH]ccc2c1,325043,14.136,True
CC1(C)CCC(CN2CCN(c3ccc(C(=O)NS(=O)(=O)c4ccc(NC5CCN(C6CCOCC6)CC5)c([N+](=O)[O-])c4)c(OCc4csc(N)n4)c3)CC2)=C(c2ccc(Cl)cc2)C1,"281545,387795",14.857,True
CC1(C)CCC(CN2CCN(c3ccc(C(=O)NS(=O)(=O)c4ccc(NCC5CCOCC5)c([N+](=O)[O-])c4)c(Oc4cc(Br)nc(NC(=O)OC(C)(C)C)c4)c3)CC2)=C(c2ccc(Cl)cc2)C1,"281695,387947",14.978,True
Cc1nc2cc(Oc3cc(N4CCN(Cc5ccccc5-c5ccc(Cl)cc5)CC4)ccc3C(=O)NS(=O)(=O)c3ccc(NCCCN4CCOCC4)c([N+](=O)[O-])c3)ccc2s1,"281357,387603",14.984,True
CN(C)CC[C@H](CSc1ccccc1)Nc1ccc(S(=O)(=O)Nc2ccc(NCCNc3cccc(-c4c(-c5ccc(Cl)cc5)cn(CC[C@H](O)CO)c4C(=O)NCCCN4CCN(C)CC4)c3)cc2)cc1[N+](=O)[O-],50947924,15.4,True
COC1(CC(C)(C)C)CCN(c2ccc(C(=O)NS(=O)(=O)c3ccc(N[C@H](CCN(C)C)CSc4ccccc4)c([N+](=O)[O-])c3)cc2)CC1,38799,16.0,True
O=C(NS(=O)(=O)c1ccc(NCCCN2CCOCC2)c([N+](=O)[O-])c1)c1ccc(N2CCN(Cc3ccccc3-c3ccc(Cl)cc3)CC2)cc1Oc1cccc(OCc2ccccc2)c1,"281426,387672",16.83,True
CN(C)CC[C@H](CSc1ccccc1)Nc1ccc(S(=O)(=O)NC(=O)c2ccc(N3CCN(Cc4ccccc4-c4cccc(Cl)c4)CC3)cc2)cc1[N+](=O)[O-],38834,16.9,True
CC[C@H](C)[C@H](NC(C)=O)C(=O)N[C@@H](Cc1c[nH]c2ccccc12)C(=O)N[C@H](C(=O)N[C@@H](C)C(=O)N[C@@H](CCC(N)=O)C(=O)N[C@@H](CCC(=O)O)C(=O)N[C@@H](CC(C)C)C(=O)N[C@@H](CCCNC(=N)N)C(=O)N[C@@H](CCCNC(=N)N)C(=O)N[C@H](C(=O)NCC(=O)N[C@@H](CC(=O)O)C(=O)N[C@@H](CCC(=O)O)C(=O)N[C@@H](Cc1ccccc1)C(=O)N[C@@H](CC(N)=O)C(=O)N[C@@H](C)C(=O)N[C@@H](Cc1ccc(O)cc1)C(=O)N[C@@H](Cc1ccc(O)cc1)C(=O)N[C@@H](C)C(=O)N[C@@H](CCCNC(=N)N)C(=O)N[C@@H](CCCNC(=N)N)C(N)=O)[C@@H](C)CC)[C@@H](C)CC,51512265,17.0,True
Cc1oc2c(CC(C)C)c(O)c(O)c(O)c2c(=O)c1-c1ccc(-c2c(C)oc3c(CC(C)C)c(O)c(O)c(O)c3c2=O)cc1,50389195,17.0,True
CC1(C)CCC(CN2CCN(c3ccc(C(=O)NS(=O)(=O)c4ccc(NCC5CCOCC5)c([N+](=O)[O-])c4)c(Oc4ccc(O)nc4)c3)CC2)=C(c2ccc(Cl)cc2)C1,"281607,387858",17.21,True
CN1CCC(Nc2ccc(C(=O)NS(=O)(=O)c3ccc(N4CCN(Cc5ccccc5-c5ccc(Cl)cc5)CC4)cc3Oc3cc(Cl)cc(Cl)c3)cc2[N+](=O)[O-])CC1,"281443,387689",17.44,True
CC1(C)CCC(CN2CCN(c3ccc(C(=O)NS(=O)(=O)c4ccc(NCC5CCOCC5)c([N+](=O)[O-])c4)c(Oc4cc(N)nc(Br)c4)c3)CC2)=C(c2ccc(Cl)cc2)C1,"281702,387954",17.948,True
CC1(C)CCC(CN2CCN(c3ccc(C(=O)NS(=O)(=O)c4ccc(NC5CCN(C6CCOCC6)CC5)c([N+](=O)[O-])c4)c(Oc4c(F)cccc4Cl)c3)CC2)=C(c2ccc(Cl)cc2)C1,"281483,387730",18.589,True
COc1ccc(S(=O)(=O)NC(=O)c2ccc(N3CCN(Cc4ccccc4-c4ccc(Cl)cc4)CC3)cc2Oc2ccccc2)cc1,324789,18.93,True
CCCCC1(OC)CCN(c2ccc(C(=O)NS(=O)(=O)c3ccc(N[C@H](CCN(C)C)CSc4ccccc4)c([N+](=O)[O-])c3)cc2)CC1,38800,20.0,True
CCCCn1c(C)c(C(=O)O)c(-c2cccc(N3CCN(c4ccc(NS(=O)(=O)c5ccc(N[C@H](CCN6CCC(O)CC6)CSc6ccccc6)c(S(=O)(=O)C(F)(F)F)c5)cc4)CC3)c2)c1-c1ccc(Cl)cc1,50969060,20.0,True
CN1CCC(Nc2ccc(S(=O)(=O)NC(=O)c3ccc(N4CCN(CC5=C(c6ccc(Cl)cc6)CC(C)(C)CC5)CC4)cc3Oc3cccc4c3ccn4C(=O)OC(C)(C)C)cc2[N+](=O)[O-])CC1,"281529,387778",20.043,True
CN(C)CCCNc1ccc(S(=O)(=O)NC(=O)c2ccc(N3CCN(Cc4ccccc4-c4ccc(Cl)cc4)CC3)cc2Oc2ccc3[nH]cc(CCC(=O)N4CCOCC4)c3c2)cc1[N+](=O)[O-],"281403,387649",20.421,True
CN(C)CC[C@H](CSc1ccccc1)Nc1ccc(S(=O)(=O)Nc2ccc(N3CCN(c4cccc(-c5cn(C)cc5-c5ccc(Cl)cc5)c4)CC3)cc2)cc1[N+](=O)[O-],50947899,21.1,True
CC1(C)CCC(CN2CCN(c3ccc(C(=O)NS(=O)(=O)c4ccc(NCC5CCC(F)(F)CC5)c([N+](=O)[O-])c4)c(Oc4cc5cc[nH]c5cc4F)c3)CC2)=C(c2ccc(Cl)cc2)C1,"281734,387986",21.291,True
CN(C)CC[C@H](CSc1ccccc1)Nc1ccc(S(=O)(=O)Nc2ccc(N3CCN(Cc4ccccc4-c4ccc(Cl)cc4)CC3)cc2)cc1[N+](=O)[O-],50947926,21.8,True
CC1(C)CCC(CN2CCN(c3ccc(C(=O)NS(=O)(=O)c4ccc(NCCc5ccc(S(N)(=O)=O)cc5)c([N+](=O)[O-])c4)c(Oc4ccc5[nH]ccc5c4)c3)CC2)=C(c2ccc(Cl)cc2)C1,325079,22.405,True
CC1(C)CCC(CN2CCN(c3ccc(C(=O)NS(=O)(=O)c4ccc(NC5CCN(C6CCOCC6)CC5)c([N+](=O)[O-])c4)c(Nc4cccnc4)c3)CC2)=C(c2ccc(Cl)cc2)C1,325100,22.972,True
CC(C)c1ccc(Sc2ccc3c(c2)C(=O)c2cc(O)c(O)cc2C3=O)cc1,50975873,24.0,True
CC(C)(C)c1ccc(CN2CCN(c3ccc(C(=O)NS(=O)(=O)c4ccc(OCC5CCOCC5)c([N+](=O)[O-])c4)c(Oc4ccc5[nH]ccc5c4)c3)CC2)c(-c2ccc(Cl)cc2)c1,325046,25.752,True
COCCN1CCCC(CNc2ccc(S(=O)(=O)NC(=O)c3ccc(N4CCN(CC5=C(c6ccc(Cl)cc6)CC(C)(C)CC5)CC4)cc3Oc3cnc4[nH]ccc4c3)cc2[N+](=O)[O-])C1,"1179911,1372959,704820",26.8,True
CCOc1ccc(-c2c(NC(=O)c3ccc(OC(C)C)cc3)c(C(=O)O)nn2-c2ccc(Oc3ccccc3)cc2)cc1,51218860,28.0,True
CN1CCC(C)(Nc2ccc(S(=O)(=O)NC(=O)c3ccc(N4CCN(CC5=C(c6ccc(Cl)cc6)CC(C)(C)CC5)CC4)cc3Oc3ccccc3Cl)cc2[N+](=O)[O-])CC1,387745,28.343,True
CC1(C)CCC(CN2CCN(c3ccc(C(=O)NS(=O)(=O)c4ccc(NCC5CCOCC5)c([N+](=O)[O-])c4)c(Oc4ccc5c(c4)CC(=O)N5)c3)CC2)=C(c2ccc(Cl)cc2)C1,"281591,387842",28.426,True
Cc1c(-c2ccc(N3CCc4cccc(C(=O)Nc5nc6ccccc6s5)c4C3)nc2C(=O)O)cnn1CC1CCCCC1,51389596,29.0,True
CC1(C)CCC(CN2CCN(c3ccc(C(=O)NS(=O)(=O)c4ccc(NCC5CCOCC5)c(C(F)(F)F)c4)c(Oc4ccc5[nH]ccc5c4)c3)CC2)=C(c2ccc(Cl)cc2)C1,324984,29.684,True
CN(C)CC[C@H](CSc1ccccc1)Nc1ccc(S(=O)(=O)NC(=O)c2csc(N3CCc4cccc(C(=O)Nc5nc6ccccc6s5)c4C3)n2)cc1[N+](=O)[O-],51379916,31.0,True
CCNCc1cccc(Oc2cc(N3CCN(Cc4ccccc4-c4ccc(Cl)cc4)CC3)ccc2C(=O)NS(=O)(=O)c2ccc(NCC3CCOCC3)c([N+](=O)[O-])c2)c1,"281414,387660",31.048,True
Cc1c(C(=O)NCCCN2CCN(C)CC2)c(-c2cccc(N3CCN(c4ccc(NS(=O)(=O)c5cccc([N+](=O)[O-])c5)cc4)CC3)c2)c(-c2ccc(Cl)cc2)n1C,50969088,31.3,True
CNc1cccc(Oc2cc(N3CCN(Cc4ccccc4-c4ccc(Cl)cc4)CC3)ccc2C(=O)NS(=O)(=O)c2ccc(NCC3CCOCC3)c([N+](=O)[O-])c2)c1,"281335,387581",31.467,True
O=C(NS(=O)(=O)c1ccc(NCC2CCOCC2)c([N+](=O)[O-])c1)c1ccc(N2CCN(Cc3ccccc3-c3ccc(Cl)cc3)CC2)cc1Oc1cccc(OCc2ccccc2)c1,"281404,387650",31.597,True
N#Cc1ccc(Oc2cc(N3CCN(Cc4ccccc4-c4ccc(Cl)cc4)CC3)ccc2C(=O)NS(=O)(=O)c2ccc(NCC3CCOCC3)c([N+](=O)[O-])c2)cc1,"281405,387651",31.666,True
O=C(NS(=O)(=O)c1ccc(NCC2CCOCC2)c([N+](=O)[O-])c1)c1ccc(N2CCN(Cc3ccccc3-c3ccc(Cl)cc3)CC2)cc1Oc1ccc2[nH]cc(CCC(=O)N3CCOCC3)c2c1,"281406,387652",32.26,True
O=C(NS(=O)(=O)c1ccc(N2C(=O)C3CCC3C2=O)cc1)c1ccc(N2CCN(Cc3ccccc3-c3ccc(Cl)cc3)CC2)cc1Oc1ccccc1,324765,33.705,True
C=c1c(-c2c(O)c3cc(O)c(O)c(=C(C)C)c3c(O)c2=C)c(O)c2cc(O)c(O)c(=C(C)C)c2c1O,"51288555,51466293",35.0,True
CC1=C(C2=C(C)C(=O)C3C(C(C)C)=C(O)C(O)=CC3C2=O)C(=O)c2cc(O)c(O)c(C(C)C)c2C1=O,51512277,35.0,True
CN(C)CCC(CSc1ccccc1)Nc1ccc(S(=O)(=O)NC(=O)c2ccc(N3CCC4(CC3)C[C-](c3ccccc3)N=[O+]4)cc2)cc1[N+](=O)[O-],38790,35.2,True
O=C(NS(=O)(=O)c1ccc(-n2ncc([N+](=O)[O-])n2)cc1)c1ccc(N2CCN(Cc3ccccc3-c3ccc(Cl)cc3)CC2)cc1Oc1ccccc1,324768,36.614,True
CN(C)CCCNc1ccc(S(=O)(=O)NC(=O)c2ccc(N3CCN(CC4=C(c5ccc(Cl)cc5)CC(C)(C)CC4)CC3)cc2Oc2ccc3c(ccn3C(=O)OC(C)(C)C)c2)cc1[N+](=O)[O-],"281556,387806",36.946,True
Cc1c(C(=O)NCCCN2CCN(C)CC2)c(-c2cccc(N3CCN(c4ccc(NS(=O)(=O)c5cccc(S(=O)(=O)C(F)(F)F)c5)cc4)CC3)c2)c(-c2ccc(Cl)cc2)n1C,50969075,39.2,True
CN(C)CC[C@H](CSc1ccccc1)Nc1ccc(S(=O)(=O)NC(=O)c2ccc(N3CCN(Cc4ccccc4)CC3)cc2)cc1[N+](=O)[O-],38794,39.8,True
CC1(C)CCC(CN2CCN(c3ccc(C(=O)NS(=O)(=O)c4ccc(NCC5CCOCC5)c([N+](=O)[O-])c4)c(Oc4cncc(NC(=O)OC(C)(C)C)c4)c3)CC2)=C(c2ccc(Cl)cc2)C1,"281602,387853",39.967,True
CC(C)(C)c1ccc(C(O)(CCN2CCCC2)c2ccc(Cl)c(CCOc3ccc(-c4ccc(C(=O)O)cc4)cc3)c2)cc1,50605254,40.0,True
Cn1cnc2cc(Oc3cc(N4CCN(Cc5ccccc5-c5ccc(Cl)cc5)CC4)ccc3C(=O)NS(=O)(=O)c3ccc(NCCCN4CCOCC4)c([N+](=O)[O-])c3)ccc21,"281435,387681",43.518,True
Cc1ccc(Sc2ccc3c(c2)C(=O)c2cc(O)c(O)cc2C3=O)cc1,50975871,44.0,True
[C]N([C])[C][C][C@H]([C]Sc1ccccc1)[N]c1ccc(S(=O)(=O)[N]C(=O)c2ccc(N3[C][C]C(=[C]c4ccccn4)[C][C]3)cc2)cc1[N+](=O)[O-],38818,46.0,True
CC1(C)CCC(CN2CCN(c3ccc(C(=O)NS(=O)(=O)c4ccc(NN5CCCCC5)c([N+](=O)[O-])c4)c(Oc4cccc5[nH]ccc45)c3)CC2)=C(c2ccc(Cl)cc2)C1,324990,47.464,True
CC1(C)CCC(CN2CCN(c3ccc(C(=O)NS(=O)(=O)c4ccc(NCC5CCOCC5)c([N+](=O)[O-])c4)c(Oc4ccc(NCC(F)(F)F)nc4)c3)CC2)=C(c2ccc(Cl)cc2)C1,"281708,387960",49.293,True
CC1(C)CCC(CN2CCN(c3ccc(C(=O)NS(=O)(=O)c4ccc(NCC5(N6CCOCC6)CCCCC5)c([N+](=O)[O-])c4)c(Oc4ccc5[nH]ccc5c4)c3)CC2)=C(c2ccc(Cl)cc2)C1,324938,49.413,True
CC1(C)CCC(CN2CCN(c3ccc(C(=O)NS(=O)(=O)c4ccc(NCC5CCOCC5)c([N+](=O)[O-])c4)c(Oc4ccc5[nH]cc(CCN)c5c4)c3)CC2)=C(c2ccc(Cl)cc2)C1,"281622,387874",51.687,True
Cc1ccc(S(=O)(=O)NC(=O)c2ccc(N3CCN(Cc4ccccc4-c4ccc(Cl)cc4)CC3)cc2Oc2ccccc2)cc1,324790,52.21,True
CN1CCC(Nc2ccc(S(=O)(=O)NC(=O)c3ccc(N4CCN(CC5=C(c6ccc(Cl)cc6)CC(C)(C)C5)CC4)cc3Oc3cccc4[nH]ccc34)cc2[N+](=O)[O-])CC1,324860,53.902,True
CC1(C)CCN(c2ccc(C(=O)NS(=O)(=O)c3ccc(N[C@H](CCN4CCOCC4)CSc4ccccc4)c([N+](=O)[O-])c3)cc2)CC1,50336954,55.0,True
CC(C)c1ccc2/c(=N\c3ccc(Oc4ccccc4)cc3)c3cc(O)c(O)c(O)c3n(C(=O)c3ccc(C(C)(C)C)cc3)c2c1,51218890,56.0,True
COC1(CC(C)C)CCN(c2ccc(C(=O)NS(=O)(=O)c3ccc(N[C@H](CCN(C)C)CSc4ccccc4)c([N+](=O)[O-])c3)cc2)CC1,38798,56.0,True
CC1(C)CCC(CN2CCN(c3ccc(C(=O)NS(=O)(=O)c4ccc(C(=O)NCC5CCOCC5)cc4)c(Oc4ccc5[nH]ccc5c4)c3)CC2)=C(c2ccc(Cl)cc2)C1,325014,57.376,True
CC1(C)CCC(CN2CCN(c3ccc(C(=O)NS(=O)(=O)c4ccc(NCC5CCOCC5)c([N+](=O)[O-])c4)c(Oc4ccc(NCC(F)F)nc4)c3)CC2)=C(c2ccc(Cl)cc2)C1,"281699,387951",57.705,True
O=C(NS(=O)(=O)c1ccc(NC2CCOCC2)c([N+](=O)[O-])c1)c1ccc(N2CCN(CC3=C(c4ccc(Cl)cc4)CCOC3)CC2)cc1,50490134,59.0,True
O=C(NS(=O)(=O)c1ccc(NC2CCOCC2)c([N+](=O)[O-])c1)c1ccc(N2CCN(CC3=C(c4ccc(Cl)cc4)COCC3)CC2)cc1,51272550,59.0,True
COc1cc(CCCN2CCOCC2)ccc1-c1ccc(C(=O)NS(=O)(=O)c2ccc(N[C@H](CCCCN(C)C)CSc3ccccc3)c([N+](=O)[O-])c2)cc1,50336955,59.0,True
CN(C)CC#Cc1ccc(OCCCc2sc(N3CCc4cccc(C(=O)Nc5nc6ccccc6s5)c4C3)nc2C(=O)O)cc1,50243993,60.0,True
O=C(NS(=O)(=O)c1ccccc1OCCN1CCCCC1)c1ccc(N2CCN(Cc3ccccc3-c3ccc(Cl)cc3)CC2)cc1Oc1ccccc1,324769,61.123,True
CN(C)CC[C@H](CSc1ccccc1)Nc1ccc(S(=O)(=O)NC(=O)c2ccc(N3CCN(C(=O)c4ccccc4)CC3)cc2)cc1[N+](=O)[O-],38795,61.9,True
CN(C)CC[C@H](CSc1ccccc1)Nc1ccc(S(=O)(=O)NC(=O)c2ccc(N3CCC(C)(C)CC3)cc2)cc1[N+](=O)[O-],"38788,50336957",67.0,True
C[C@H](Nc1ccc(S(=O)(=O)NC(=O)c2ccc(N3CCN(CC4=C(c5ccc(Cl)cc5)CC(C)(C)CC4)CC3)cc2Oc2ccc3[nH]ccc3c2)cc1[N+](=O)[O-])c1ccccc1,325081,63.003,True
O=C(NS(=O)(=O)c1ccc(NC2CCN(S(=O)(=O)c3cccc4cccnc34)CC2)c([N+](=O)[O-])c1)c1ccc(N2CCN(Cc3ccccc3-c3ccc(Cl)cc3)CC2)cc1Oc1ccccc1,324874,64.78,True
Cc1c(C(=O)NCCCN2CCN(C)CC2)c(-c2cccc(N3CCN(c4ccc(NS(=O)(=O)c5cccc(Br)c5)cc4)CC3)c2)c(-c2ccc(Cl)cc2)n1C,50969084,65.8,True
[C]N([C])[C][C][C@H]([C]Sc1ccccc1)[N]c1ccc(S(=O)(=O)[N]C(=O)c2ccc(N3[C][C]C(=[C]c4cccnc4)[C][C]3)cc2)cc1[N+](=O)[O-],38819,68.0,True
COc1cc(CCCN2CCOCC2)ccc1-c1ccc(C(=O)NS(=O)(=O)c2ccc(N[C@H](CCCCN)CSc3ccccc3)c([N+](=O)[O-])c2)cc1,50336936,70.0,True
Cc1c(-c2ccc(N3CCc4cccc(C(=O)Nc5nc6ccccc6s5)c4C3)nc2C(=O)O)cnn1Cc1ccccc1,51389594,70.0,True
O=C1c2ccc(Sc3ccccc3)cc2C(=O)c2cc(O)c(O)cc21,50975872,71.0,True
O=C(NS(=O)(=O)c1ccc(NCCCN2CCOCC2)c([N+](=O)[O-])c1)c1ccc(N2CCN(Cc3ccccc3-c3ccc(Cl)cc3)CC2)cc1Oc1ccc(-c2ccncc2)cc1,"281432,387678",71.364,True
CN(C)CCCC[C@H](CSc1ccccc1)Nc1ccc(S(=O)(=O)NC(=O)c2ccc(N3CCC(C)(C)CC3)cc2)cc1[N+](=O)[O-],50336909,73.0,True
CN(C)CC#Cc1ccc(OCCCc2sc(N3CCc4cccc(C(=O)Nc5nc6ccccc6s5)c4C3)nc2C(=O)O)c(F)c1,"50243995,50490144",77.0,True
CC(C)Oc1cc(-c2ccc(Cl)cc2)c(CN2CCN(c3ccc(C(=O)NS(=O)(=O)c4ccc(NCC5CCOCC5)c([N+](=O)[O-])c4)c(Oc4ccc5[nH]ccc5c4)c3)CC2)cn1,325034,74.915,True
CN(C)C(=O)C[C@H](CSc1ccccc1)Nc1ccc(S(=O)(=O)NC(=O)c2ccc(N3CCC(C)(C)CC3)cc2)cc1[N+](=O)[O-],50337012,75.0,True
CN(C)Cc1ccc(Oc2cc(N3CCN(Cc4ccccc4-c4ccc(Cl)cc4)CC3)ccc2C(=O)NS(=O)(=O)c2ccc(NCC3CCOCC3)c([N+](=O)[O-])c2)cc1,"281408,387654",76.832,True
CC1(C)CCC(CN2CCN(c3ccc(C(=O)NS(=O)(=O)c4ccc(NCC5CCOCC5)c([N+](=O)[O-])c4)c(Oc4ccc(OCc5ccccc5)nc4)c3)CC2)=C(c2ccc(Cl)cc2)C1,"281608,387859",79.348,True
O=C1c2ccc(Sc3ccc(Br)cc3)cc2C(=O)c2cc(O)c(O)cc21,50975870,87.0,True
CN(C)CC#Cc1ccc(OCCCc2sc(N3CCc4cccc(C(=O)Nc5nc6ccccc6s5)c4C3)nc2C(=O)O)cc1F,50243996,88.0,True
CN(C)CC#Cc1cc(F)c(OCCCc2sc(N3CCc4cccc(C(=O)Nc5nc6ccccc6s5)c4C3)nc2C(=O)O)cc1F,50243998,90.0,True
CC1=C[C@@H](/C=C(\Cl)c2ccc(C(=O)O)cc2)[C@]2(C(=O)O)C=C[C@@H](CCOC(=O)c3ccc(Oc4ccc(NC(=O)COc5ccc(C)cc5)cc4)cc3)C[C@@H]2C1,51032648,90.0,True
COC(=O)CCN/C=C1\C(=O)C(O)=C(C(C)C)c2cc(C)c(-c3c(C)cc4c(c3O)/C(=C/NCCC(=O)OC)C(=O)C(O)=C4C(C)C)c(O)c21,50527977,90.0,True
O=C(Nc1nc2ccccc2s1)c1cccc2c1CN(c1nc(C(=O)O)c(CCOc3ccc(-n4ncc5cncnc54)cc3)s1)CC2,50243987,90.0,True
CN(C)CCC[C@H](CSc1ccccc1)Nc1ccc(S(=O)(=O)NC(=O)c2ccc(N3CCC(C)(C)CC3)cc2)cc1[N+](=O)[O-],50336985,92.0,True
CCN(Cc1cccc(Oc2cc(N3CCN(Cc4ccccc4-c4ccc(Cl)cc4)CC3)ccc2C(=O)NS(=O)(=O)c2ccc(NCC3CCOCC3)c([N+](=O)[O-])c2)c1)C(=O)OC(C)(C)C,"281412,387658",99.826,True
O=C(Nc1nc2ccccc2s1)c1cccc2c1CN(c1nc(C(=O)O)c(CCOc3cccc(-n4ncc5cncnc54)c3)s1)CC2,50243865,100.0,False
CC1(C)CN(c2ccc(S(=O)(=O)NC(=O)c3ccc(N4CCN(Cc5ccccc5-c5ccc(Cl)cc5)CC4)cc3Oc3ccccc3)cc2)C1=O,324767,102.92,False
CC(C)(C)c1ccc(C(O)(CCN2CCOCC2)c2ccc(Cl)c(CCOc3ccc(-c4ccc(C(=O)O)cc4)cc3)c2)cc1,50605253,110.0,False
CN(CCCc1ccccc1)S(=O)(=O)c1cc(C(=O)N2CCc3ccc(S(=O)(=O)NCCc4ccccc4)cc3C2)c(O)c(O)c1O,50379660,110.0,False
O=C(NS(=O)(=O)c1ccc(NCCCN2CCOCC2)cc1)c1ccc(N2CCN(Cc3ccccc3-c3ccc(Cl)cc3)CC2)cc1Oc1ccccc1,324804,112.51,False
O=C(NS(=O)(=O)c1ccc(NCCCN2CCOCC2)c([N+](=O)[O-])c1)c1ccc(N2CCN(Cc3ccccc3-c3ccc(Cl)cc3)CC2)cc1Oc1ccc(-c2cccnc2)cc1,"281433,387679",112.99,False
CN1CCC(Nc2ccc(S(=O)(=O)NC(=O)c3ccc(N4CCN(CC5=C(c6ccc(Cl)cc6)CC(C)(C)CC5)CC4)cc3Nc3cccnc3)cc2[N+](=O)[O-])CC1,325099,115.67,False
COc1cc(CCCN2CCOCC2)ccc1-c1ccc(C(=O)NS(=O)(=O)c2ccc(N[C@H](CCN(C)C)CSc3ccccc3)c([N+](=O)[O-])c2)cc1,50336988,116.0,False
O=C(Nc1nc2ccccc2s1)c1cccc2c1CN(c1ccc(-c3cnn(Cc4ccccc4)c3)c(C(=O)O)n1)CC2,51389591,117.0,False
O=C(Nc1nc2ccccc2s1)c1cccc2c1CN(c1ccc(-c3ccn(Cc4ccccc4)c3)c(C(=O)O)n1)CC2,51389590,119.0,False
COc1cc(CCCN2CCOCC2)ccc1-c1ccc(C(=O)NS(=O)(=O)c2ccc(N[C@@H](CSc3ccccc3)CC(=O)N(C)C)c([N+](=O)[O-])c2)cc1,50336930,121.0,False
COC(=O)CCCN/C=C1\C(=O)C(O)=C(C(C)C)c2cc(C)c(-c3c(C)cc4c(c3O)/C(=C/NCCCC(=O)OC)C(=O)C(O)=C4C(C)C)c(O)c21,"50527932,50527942",341.0,False
O=C1c2ccc(Br)cc2C(=O)c2cc(O)c(O)cc21,50975874,132.0,False
Cc1cc(OCCCc2c3n(c4c(-c5c(C)nn(C)c5C)c(Cl)ccc24)CCCN(c2cccc4c(C(=O)O)cn(C)c24)C3=O)cc(C)c1Cl,50764102,140.0,False
Cc1cc(OCCCn2ccc3c(OCc4cccc(C(=O)O)c4)cccc32)cc(C)c1Cl,50748754,140.0,False
CN1CCN(CCCNc2ncnc3c2cnn3-c2ccc(OCCCc3sc(N4CCc5cccc(C(=O)Nc6nc7ccccc7s6)c5C4)nc3C(=O)O)cc2)CC1,50243992,140.0,False
CCc1ccc(CCNC(=O)c2c(O)c(O)cc3c2C(=O)C(C)=C(C2=C(C)C(=O)c4c(cc(O)c(O)c4C(=O)NCCc4ccc(CC)cc4)C2=O)C3=O)cc1,50607471,140.0,False
CC(C)Oc1ccc(C(=O)Nc2c(C(=O)O)nn(-c3ccc(Oc4ccccc4)cc3)c2-c2ccc(OC(C)C)cc2)cc1,51218865,140.0,False
CC(C)(C)OC(=O)N1CCN(c2ccc(Oc3cc(N4CCN(Cc5ccccc5-c5ccc(Cl)cc5)CC4)ccc3C(=O)NS(=O)(=O)c3ccc(NCCCN4CCOCC4)c([N+](=O)[O-])c3)cc2)CC1,"281430,387676",146.59,False
CCNCc1ccc(Oc2cc(N3CCN(Cc4ccccc4-c4ccc(Cl)cc4)CC3)ccc2C(=O)NS(=O)(=O)c2ccc(NCC3CCOCC3)c([N+](=O)[O-])c2)cc1,"281413,387659",148.72,False
CC(C)(C)c1ccc(OCCCn2c(C(=O)N3CCCCC3)cc3ccc(OCc4ccccc4C(=O)O)cc32)cc1,50748704,150.0,False
O=C(Nc1nc2ccccc2s1)c1cccc2c1CN(c1nc(C(=O)O)c(CCCOc3ccc(-n4cccn4)cc3)s1)CC2,50243990,150.0,False
CC1=C(C2=C(C)C(=O)c3c(cc(O)c(O)c3C(=O)NCC(C)c3ccccc3)C2=O)C(=O)c2cc(O)c(O)c(C(=O)NCC(C)c3ccccc3)c2C1=O,50607468,150.0,False
CC1=C(C2=C(C)C(=O)c3c(cc(O)c(O)c3C(=O)Cc3ccccc3)C2=O)C(=O)c2cc(O)c(O)c(C(=O)Cc3ccccc3)c2C1=O,50607464,150.0,False
Cc1c(C(=O)NCCCN2CCN(C)CC2)c(-c2cccc(N3CCN(c4ccc(NS(=O)(=O)c5cccc(C(F)(F)F)c5)cc4)CC3)c2)c(-c2ccc(Cl)cc2)n1C,50969083,151.0,False
CCC(C)c1ccc(Oc2ccc3c4c(cccc24)C2=NC(=O)C(C#N)=C23)cc1,50657381,158.0,False
CCc1cccc(S(=O)(=O)Nc2ccc(N3CCN(c4cccc(-c5c(C(=O)NCCCN6CCN(C)CC6)c(C)n(C)c5-c5ccc(Cl)cc5)c4)CC3)cc2)c1,50969081,160.0,False
N#CC1=C(NCCC(=O)NCc2ccc(C(=O)O)cc2)c2ccc(Sc3ccc(Br)cc3)c3cccc(c23)C1=O,51372052,160.0,False
COc1cc(CCCN2CCOCC2)ccc1-c1ccc(C(=O)NS(=O)(=O)c2ccc(N[C@H](CCN3CCOCC3)CSc3ccccc3)c([N+](=O)[O-])c2)cc1,50337017,165.0,False
O=C(Nc1nc2ccccc2s1)c1cccc2c1CN(c1nc(C(=O)O)c(CCCOc3ccc(-n4ncc5cncnc54)cc3)s1)CC2,50243988,170.0,False
C=c1c(-c2c(O)c3cc(O)c(O)c(=CC(C)C)c3c(O)c2=C)c(O)c2cc(O)c(O)c(=CC(C)C)c2c1O,50607433,170.0,False
CC(C)(C)c1ccc(OCCCn2ccc3cc(OCc4ccccc4C(=O)O)ccc32)cc1,50748649,170.0,False
Cc1c(C(=O)NCCCN2CCN(C)CC2)c(-c2cccc(N3CCN(c4ccc(NS(=O)(=O)c5cccc(Cl)c5)cc4)CC3)c2)c(-c2ccc(Cl)cc2)n1C,50969085,171.0,False
Cc1cc2c(c(O)c1-c1c(C)cc3c(c1O)/C(=C/NCCCCC(=O)O)C(=O)C(O)=C3C(C)C)/C(=C/NCCCCC(=O)O)C(=O)C(O)=C2C(C)C,50527964,171.0,False
Cc1cccc(S(=O)(=O)Nc2ccc(N3CCN(c4cccc(-c5c(C(=O)NCCCN6CCN(C)CC6)c(C)n(C)c5-c5ccc(Cl)cc5)c4)CC3)cc2)c1,50969082,178.0,False
CC(C)Oc1cc(C(=O)Nc2ccc(C(=O)Nc3ccc(C(=O)O)cc3OC(C)C)nc2OC(C)C)ccc1N,51288588,179.0,False
Cc1ccc(O)c(Cn2c(-c3ccccc3)nc3c(O)c(O)c(O)cc3c2=O)c1,51080551,179.0,False
COC(=O)CCCCN/C=C1\C(=O)C(O)=C(C(C)C)c2cc(C)c(-c3c(C)cc4c(c3O)/C(=C/NCCCCC(=O)OC)C(=O)C(O)=C4C(C)C)c(O)c21,50527938,182.0,False
O=C(NS(=O)(=O)c1ccc(NCC2CCOCC2)c([N+](=O)[O-])c1)c1ccc(N2CCN(Cc3ccccc3-c3ccc(Cl)cc3)CC2)cc1Oc1ccc2[nH]cc(CCCN3CCOCC3)c2c1,"281407,387653",189.43,False
CC1(C)CCN(c2ccc(C(=O)NS(=O)(=O)c3ccc(NCCSc4ccccc4)c([N+](=O)[O-])c3)cc2)CC1,50337020,192.0,False
O=C(NS(=O)(=O)c1ccc(N[C@H](CCN2CCOCC2)CSc2ccccc2)c(S(=O)(=O)C(F)(F)F)c1)c1csc(N2CCc3cccc(C(=O)Nc4nc5ccccc5s4)c3C2)n1,51379915,193.0,False
Cc1c(C(=O)NCCCN2CCN(C)CC2)c(-c2cccc(N3CCN(c4ccc(NS(=O)(=O)c5cccc(OC(F)(F)F)c5)cc4)CC3)c2)c(-c2ccc(Cl)cc2)n1C,50969079,197.0,False
O=C(O)c1ccc(-c2ccc(OCCc3cc(C(O)(CCN4CCOCC4)c4ccc(Br)cc4)ccc3Cl)cc2)cc1,50605252,200.0,False
Cc1ccc(/N=c2\c3ccc(C)cc3n(C(=O)c3ccc(C(C)(C)C)cc3)c3c(O)c(O)c(O)cc23)cc1,51218927,207.0,False
COc1cccc(S(=O)(=O)Nc2ccc(N3CCN(c4cccc(-c5c(C(=O)NCCCN6CCN(C)CC6)c(C)n(C)c5-c5ccc(Cl)cc5)c4)CC3)cc2)c1,50969078,207.0,False
CCCCNC1=C(C#N)C(=O)c2cccc3c(Sc4ccc(Br)cc4)ccc1c23,51372056,210.0,False
CCS(=O)(=O)c1cccc(S(=O)(=O)Nc2ccc(N3CCN(c4cccc(-c5c(C(=O)NCCCN6CCN(C)CC6)c(C)n(C)c5-c5ccc(Cl)cc5)c4)CC3)cc2)c1,50969073,214.0,False
CN(C)CCCc1c[nH]c2ccc(Oc3cc(N4CCN(Cc5ccccc5-c5ccc(Cl)cc5)CC4)ccc3C(=O)NS(=O)(=O)c3ccc(NCC4CCOCC4)c([N+](=O)[O-])c3)cc12,"281439,387685",214.52,False
Cc1c(C(=O)NCCCN2CCN(C)CC2)c(-c2cccc(N3CCN(c4ccc(NS(=O)(=O)c5cccc(S(=O)(=O)C6CC6)c5)cc4)CC3)c2)c(-c2ccc(Cl)cc2)n1C,50969072,218.0,False
O=C(Nc1nc2ccccc2s1)c1cccc2c1CN(c1nc(C(=O)O)c(CCCOc3cccc(-n4ncc5cncnc54)c3)s1)CC2,50243864,220.0,False
O=C(O)c1ccc(-c2ccc(OCCc3cc(C(O)(CCN4CCOCC4)c4ccc(Cl)cc4)ccc3Cl)cc2)cc1,50605250,220.0,False
Cc1cc2c(c(O)c1-c1c(C)cc3c(c1O)/C(=C/NCC(=O)O)C(=O)C(O)=C3C(C)C)/C(=C/NCC(=O)O)C(=O)C(O)=C2C(C)C,50527946,224.0,False
C=c1c(-c2c(O)c3cc(O)c(O)c(=Cc4ccc(Cl)cc4)c3c(O)c2=C)c(O)c2cc(O)c(O)c(=Cc3ccc(Cl)cc3)c2c1O,50607460,230.0,False
O=C(O[C@H]1Cc2c(O)cc(O)cc2O[C@@H]1c1ccc(O)c(O)c1)c1cc(O)c(O)c(O)c1,51186108,230.0,False
Cc1cc(OCCCn2ccc3c(OCc4ccccc4C(=O)O)cccc32)cc(C)c1Cl,50748679,230.0,False
CC1(C)CCN(c2ccc(C(=O)NS(=O)(=O)c3ccc(N[C@H](CCCCN)CSc4ccccc4)c([N+](=O)[O-])c3)cc2)CC1,50336949,231.0,False
Cc1cc2c(c(O)c1-c1c(C)cc3c(c1O)/C(=C/NCCCC(=O)O)C(=O)C(O)=C3C(C)C)/C(=C/NCCCC(=O)O)C(=O)C(O)=C2C(C)C,50527969,235.0,False
O=C(O[C@@H]1Cc2c(O)cc(O)cc2O[C@H]1c1cc(O)c(O)c(O)c1)c1cc(O)c(O)c(O)c1,51186107,235.0,False
O=C(NS(=O)(=O)c1ccc(NCC2CCOCC2)c([N+](=O)[O-])c1)c1ccc(N2CCN(Cc3ccccc3-c3ccc(Cl)cc3)CC2)cc1Oc1ccc(-n2ccnc2)cc1,"281409,387655",239.5,False
CN(C)CCCNc1ncnc2c1cnn2-c1ccc(OCCCc2sc(N3CCc4cccc(C(=O)Nc5nc6ccccc6s5)c4C3)nc2C(=O)O)cc1,50243991,240.0,False
Cc1cc(OCCCc2c3n(c4c(-c5c(C)nn(C)c5C)c(Cl)ccc24)CCCN(c2cccc4c(C(=O)O)cccc24)C3=O)cc(C)c1Cl,50764103,250.0,False
CC(C)c1ccc(Oc2ccc3c4c(cccc24)C2=NC(=O)C(C#N)=C23)cc1,50657379,252.0,False
Cc1c(C(=O)NCCCN2CCN(C)CC2)c(-c2cccc(N3CCN(c4ccc(NS(=O)(=O)c5cccc(F)c5)cc4)CC3)c2)c(-c2ccc(Cl)cc2)n1C,50969086,253.0,False
CC1(C)CCC(CN2CCN(c3ccc(C(=O)NS(=O)(=O)c4cc(F)c(NCC5CCOCC5)cc4Cl)c(Oc4ccc5[nH]ccc5c4)c3)CC2)=C(c2ccc(Cl)cc2)C1,325082,255.95,False
O=C(N[C@@H](Cc1ccccc1)C(=O)NS(=O)(=O)c1ccc(Cl)c([N+](=O)[O-])c1)c1cn(Cc2ccc(-c3ccc(Cl)cc3)cc2)c2ccccc12,50681329,260.0,False
CN(C)CCc1ccc(Oc2cc(N3CCN(Cc4ccccc4-c4ccc(Cl)cc4)CC3)ccc2C(=O)NS(=O)(=O)c2ccc(NCC3CCOCC3)c([N+](=O)[O-])c2)cc1,"281420,387666",264.27,False
Cc1cc(Oc2ccc(Cn3nc(C(=O)NS(=O)(=O)c4ccc(NCc5ccco5)c([N+](=O)[O-])c4)c4cc(Cl)ccc43)cc2)cc(C)c1Cl,1319457,266.0,False
Cc1cc(OCCCn2c(C(=O)N3CCCCC3)cc3ccc(OCc4ccccc4C(=O)O)cc32)cc(C)c1Cl,50748755,270.0,False
N#CC1=C2C(=NC1=O)c1cccc3c(Oc4ccc(-c5ccccc5)cc4)ccc2c13,50657380,278.0,False
CN(C)CC#Cc1ccc(OCCCc2sc(N3CCc4cccc(C(=O)Nc5nc6ccccc6s5)c4C3)nc2C(=O)O)c(Cl)c1,50243994,280.0,False
O=c1c(O)cccc2c([C@H]3Oc4cc(O)cc(O)c4C[C@H]3O)cc(O)c(O)c12,51186121,286.0,False
CN(C)CCCNc1ccc(S(=O)(=O)NC(=O)c2ccc(N3CCN(CC4=C(c5ccc(Cl)cc5)CC(C)(C)CC4)CC3)cc2Oc2ccc3[nH]ccc3c2)cc1S(=O)(=O)C(F)(F)Cl,324794,288.67,False
CC(C)c1ccccc1Cc1cc(C(=O)Nc2ccc(S(=O)(=O)c3ccccc3C(C)(C)C)cc2)c(O)c(O)c1O,"50361893,51364732",290.0,False
CON(C)C(=O)[C@H]1CC=C(CCC=C(C)C)C[C@@H]1c1ccccc1,51337653,300.0,False
CN(C)CC[C@H](CSc1ccccc1)Nc1ccc(S(=O)(=O)NC(=O)c2ccc(N3CCN(C(=O)Nc4ccccc4)CC3)cc2)cc1[N+](=O)[O-],38797,300.0,False
COc1ccc(Oc2ccc3c4c(cccc24)C2=NC(=O)C(C#N)=C23)cc1,50657378,304.0,False
N#CC1=C2C(=NC1=O)c1cccc3c(N4CCSCC4)ccc2c13,"50622516,50657373,51039669",310.0,False
N#CC1=C2C3=CC=C(N4CCSCC4)C4=CC=CC(C2=NC1=O)C43,51288574,310.0,False
Cc1cc(OCCCc2c3n(c4c(-c5c(C)nn(C)c5C)c(Cl)ccc24)CCCN(c2cn(C)c4c(C(=O)O)cccc24)C3=O)cc(C)c1Cl,50764104,310.0,False
COc1cc(CCCN2CCOCC2)ccc1-c1ccc(C(=O)NS(=O)(=O)c2ccc(N[C@H](CCCN(C)C)CSc3ccccc3)c([N+](=O)[O-])c2)cc1,50336965,317.0,False
Cc1cc2c(C(C)C)c(O)c(O)c(C=O)c2c(O)c1-c1cc2cc(C(C)C)c(O)c(O)c2c(C=O)c1O,51031083,320.0,False
COC1CCC(CNc2ccc(S(=O)(=O)NC(=O)c3ccc(N4CCN(CC5=C(c6ccc(Cl)cc6)CC(C)(C)CC5)CC4)cc3Oc3ccc(NCC(F)F)nc3)cc2[N+](=O)[O-])CC1,387950,327.81,False
O=C(O[C@@H]1Cc2c(O)cc(O)cc2O[C@@H]1c1cc(O)c(O)c(O)c1)c1cc(O)c(O)c(O)c1,51186099,335.0,False
Cc1oc2c(CC(C)C)c(O)c(O)c(O)c2c(=O)c1-c1ccccc1,50389199,340.0,False
O=C(Nc1nc2ccccc2s1)c1cccc2c1CN(c1ccc(-c3cn(Cc4ccccc4)nn3)c(C(=O)O)n1)CC2,51389592,348.0,False
COC(=O)CCCCCN/C=C1\C(=O)C(O)=C(C(C)C)c2cc(C)c(-c3c(C)cc4c(c3O)/C(=C/NCCCCCC(=O)OC)C(=O)C(O)=C4C(C)C)c(O)c21,50527966,348.0,False
COc1ccc2c(c1)c(CC(=O)N[C@@H](Cc1ccccc1)C(=O)NS(=O)(=O)c1ccccc1)c(C)n2-c1ccc(-c2ccccc2)cc1,50841366,350.0,False
Cc1cc2c(C(=O)Cc3ccccc3)c(O)c(O)cc2c(O)c1-c1c(C)cc2c(C(=O)Cc3ccccc3)c(O)c(O)cc2c1O,51288553,360.0,False
COc1cc(CCC(=O)N2CCOCC2)ccc1-c1ccc(C(=O)NS(=O)(=O)c2ccc(NCCSc3ccccc3)c([N+](=O)[O-])c2)cc1,50336969,366.0,False
CC1=C[C@@H](/C=C(\Cl)c2ccc(C(=O)O)cc2)[C@]2(C(=O)O)C=C[C@@H](CCOC(=O)Nc3cccc(Br)c3)C[C@@H]2C1,51032636,370.0,False
Cc1cc(OCCCc2c3n(c4c(-c5c(C)nn(C)c5C)c(Cl)ccc24)[C@H](C)CN(c2cccc4c(C(=O)O)cccc24)C3=O)cc(C)c1Cl,51277690,380.0,False
N#CC1=C2C(=NC1=O)c1cccc3c(Sc4ccc(Br)cc4)ccc2c13,50622537,382.0,False
Cc1cc(Oc2ccc(Cn3nc(C(=O)NS(=O)(=O)c4ccc([N+](=O)[O-])c(NCc5cccnc5)c4)c4cc(Cl)ccc43)cc2)cc(C)c1Cl,1319463,384.0,False
Cc1cc(Oc2ccc(Cn3nc(C(=O)NS(=O)(=O)c4ccc([N+](=O)[O-])c(NCc5ccco5)c4)c4cc(Cl)ccc43)cc2)cc(C)c1Cl,1319466,384.0,False
CC(C)c1ccc(-n2nc(C(=O)O)cc2-c2ccc(OCc3ccccc3)cc2)cc1,51218878,385.0,False
Cc1ccc(-c2ccc(COc3ccc(C[C@H](NC(=O)OC(C)(C)C)C(=O)NS(=O)(=O)c4ccc(Cl)c([N+](=O)[O-])c4)cc3)cc2)cc1,51131486,390.0,False
O=C(NS(=O)(=O)c1ccccc1)[C@H](Cc1ccc(Br)cc1)N1C(=O)/C(=C/c2ccc(-c3ccc(Cl)cc3)cc2)SC1=S,50304208,390.0,False
COc1cc(CCC(=O)N(C)C)ccc1-c1ccc(C(=O)NS(=O)(=O)c2ccc(NCCSc3ccccc3)c([N+](=O)[O-])c2)cc1,50336979,400.0,False
O=C(O[C@@H]1Cc2c(O)cc(O)cc2O[C@@H]1c1ccc(O)c(O)c1)c1cc(O)c(O)c(O)c1,51186100,400.0,False
COc1cc(CCCN2CCOCC2)ccc1-c1ccc(C(=O)NS(=O)(=O)c2ccc(NCCSc3ccccc3)c([N+](=O)[O-])c2)cc1,50336971,402.0,False
CCOc1ccc(-c2c(NC(=O)c3ccc(C(C)(C)C)cc3)c(C(=O)O)nn2-c2ccc(Oc3ccccc3)cc2)cc1,51218923,406.0,False
O=C(NS(=O)(=O)c1ccc(Cl)c([N+](=O)[O-])c1)[C@@H]1Cc2cc(Br)c(OCc3ccc(-c4ccccc4)cc3)c(Br)c2CC1Cc1ccc([N+](=O)[O-])cc1,51517872,410.0,False
Cc1cc(OCCCn2ccc3cc(OCc4cccc(C(=O)O)c4)ccc32)cc(C)c1Cl,50748665,410.0,False
Cc1nn(Cc2ccccc2)cc1-c1ccc(N2CCc3cccc(C(=O)Nc4nc5ccccc5s4)c3C2)nc1C(=O)O,51389593,413.0,False
Cc1cc(Oc2ccc(Cn3nc4ccc(Cl)cc4c3C(=O)NS(=O)(=O)c3ccc(NCCN4CCOCC4)c([N+](=O)[O-])c3)cc2)cc(C)c1Cl,"1319489,51461336",420.0,False
CCOc1cccc(S(=O)(=O)Nc2ccc(N3CCN(c4cccc(-c5c(C(=O)NCCCN6CCN(C)CC6)c(C)n(C)c5-c5ccc(Cl)cc5)c4)CC3)cc2)c1,50969077,420.0,False
O=C1c2ccccc2C(=O)c2cc(O)c(O)cc21,50975876,420.0,False
CC1(C)CCC(CN2CCN(c3ccc(C(=O)NS(=O)(=O)c4ccc(NCC5CCOCC5)c([N+](=O)[O-])c4)c(Oc4cc(NC(=O)OC(C)(C)C)ncc4Br)c3)CC2)=C(c2ccc(Cl)cc2)C1,"281706,387958",427.49,False
COc1ccc2c(c1)c(CC(=O)N[C@@H](Cc1ccc(OCc3cccc(C)c3)cc1)C(=O)NS(=O)(=O)c1ccc(Cl)c([N+](=O)[O-])c1)c(C)n2C(=O)c1ccc(Cl)cc1,51248076,430.0,False
O=C(NS(=O)(=O)c1ccc(NCCSc2ccccc2)c([N+](=O)[O-])c1)c1ccc(-c2ccc(F)cc2)cc1,50134303,433.0,False
Cc1cc(OCCCc2c3n(c4c(-c5c(C)nn(C)c5C)c(Cl)ccc24)CCCN(c2ccc(C(=O)O)c4ccn(C)c24)C3=O)cc(C)c1Cl,50764101,440.0,False
COc1ccc2c(c1)c(CC(=O)N[C@@H](Cc1ccc(OCc3cccc(C#N)c3)cc1)C(=O)NS(=O)(=O)c1ccc(Cl)c([N+](=O)[O-])c1)c(C)n2C(=O)c1ccc(Cl)cc1,51248087,440.0,False
COc1ccc2c(c1)c(CC(=O)N[C@@H](Cc1ccc(OCc3ccc(Br)cc3)cc1)C(=O)NS(=O)(=O)c1ccc(Cl)c([N+](=O)[O-])c1)c(C)n2C(=O)c1ccc(Cl)cc1,51248067,440.0,False
Cc1ccc(Oc2ccc3c4c(cccc24)C2=NC(=O)C(C#N)=C23)cc1,50657376,445.0,False
Cc1ccc(CC(=O)N[C@@H](Cc2ccc(OCc3ccc(-c4ccccc4)cc3)cc2)C(=O)NS(=O)(=O)c2ccc(NCCCc3ccccc3)c([N+](=O)[O-])c2)cc1,51131484,450.0,False
COc1ccc2c(c1)c(CC(=O)N[C@@H](Cc1ccc(OCc3ccccc3Br)cc1)C(=O)NS(=O)(=O)c1ccc(Cl)c([N+](=O)[O-])c1)c(C)n2C(=O)c1ccc(Cl)cc1,51248078,450.0,False
Cc1ccc(CC(=O)N[C@@H](Cc2ccc(OCc3ccccc3)cc2)C(=O)NS(=O)(=O)c2ccc(NCCCc3ccccc3)c([N+](=O)[O-])c2)cc1,51131497,450.0,False
N#Cc1ccc(CC2Cc3c(cc(Br)c(OCc4ccc(-c5ccccc5)cc4)c3Br)C[C@H]2C(=O)NS(=O)(=O)c2ccc(Cl)c([N+](=O)[O-])c2)cc1,51517871,450.0,False
CC1=C[C@@H](/C=C(\Cl)c2ccc(C(=O)O)cc2)[C@]2(C(=O)O)C=C[C@@H](CCOC(=O)c3ccc(Cl)cc3)C[C@@H]2C1,51032645,450.0,False
O=C(NS(=O)(=O)c1ccc(NCC2CCOCC2)cc1)c1ccc(N2CCN(Cc3ccccc3-c3ccc(Cl)cc3)CC2)cc1Oc1cccc([N+](=O)[O-])c1,"281410,387656",450.52,False
Cc1cc(Oc2ccc(Cn3nc(C(=O)NS(=O)(=O)c4ccc([N+](=O)[O-])c(N5CCOCC5)c4)c4cc(Cl)ccc43)cc2)cc(C)c1Cl,1319460,451.0,False
Cc1cc(Oc2ccc(Cn3nc4ccc(Cl)cc4c3C(=O)NS(=O)(=O)c3ccc([N+](=O)[O-])c(NCCc4cccnc4)c3)cc2)cc(C)c1Cl,"1319527,51461349",460.0,False
CC(O)(c1ccc(Cl)cc1)c1ccc(Cl)c(CCOc2ccc(-c3ccc(C(=O)O)cc3)cc2)c1,50605251,460.0,False
Cc1cc(Oc2ccc(Cn3nc4ccc(Cl)cc4c3C(=O)NS(=O)(=O)c3ccc(NCCc4cccnc4)c([N+](=O)[O-])c3)cc2)cc(C)c1Cl,"1319503,51461341",460.0,False
COc1ccc(S(=O)(=O)NC(=O)[C@H](Cc2ccccc2)NC(=O)Cc2c(C)n(-c3ccc(-c4ccccc4)cc3)c3ccc(OC)cc23)cc1,50841365,470.0,False
CC(C)(C)c1ccc(OCCCn2ccc3cc(OCc4cccc(C(=O)O)c4)ccc32)cc1,50748753,470.0,False
COc1ccc2c(c1)c(CC(=O)N[C@@H](Cc1ccc(OCc3ccc(C#N)cc3)cc1)C(=O)NS(=O)(=O)c1ccc(Cl)c([N+](=O)[O-])c1)c(C)n2C(=O)c1ccc(Cl)cc1,51248096,470.0,False
COc1cccc(COc2ccc(C[C@H](NC(=O)Cc3c(C)n(C(=O)c4ccc(Cl)cc4)c4ccc(OC)cc34)C(=O)NS(=O)(=O)c3ccc(Cl)c([N+](=O)[O-])c3)cc2)c1,51248077,480.0,False
O=C(NS(=O)(=O)c1ccc([N+](=O)[O-])cc1)[C@H](Cc1ccc(Br)cc1)N1C(=O)/C(=C/c2ccc(-c3ccc(Cl)cc3)cc2)SC1=S,50304207,490.0,False
Cc1cc(OCCCc2c3n(c4c(-c5c(C)nn(C)c5C)c(Cl)ccc24)CCCN(c2ccc(C(=O)O)c4cccnc24)C3=O)cc(C)c1Cl,50764171,490.0,False
Cc1c(C(=O)NCCCN2CCN(C)CC2)c(-c2cccc(N3CCN(c4ccc(NS(=O)(=O)c5cccc(C(C)(C)C)c5)cc4)CC3)c2)c(-c2ccc(Cl)cc2)n1C,50969080,494.0,False
Cc1cc(OCCCc2c3n(c4c(-c5c(C)nn(C)c5C)c(Cl)ccc24)[C@H](C)CN(c2cn(C)c4cc(C(=O)O)ccc24)C3=O)cc(C)c1Cl,51277636,500.0,False
Cc1cc(Oc2ccc(Cn3nc4ccc(Cl)cc4c3C(=O)NS(=O)(=O)c3ccc(Cl)cc3)cc2)cc(C)c1Cl,"1319483,51461334",510.0,False
CC(C)(C)OC(=O)N1C[C@@H](Oc2ccc(-c3ccc(Cl)cc3)cc2)C[C@H]1C(=O)N[C@@H](Cc1ccc(OCc2ccccc2)cc1)C(=O)NS(=O)(=O)c1ccc(Cl)c([N+](=O)[O-])c1,50538713,510.0,False
COc1ccc2c(c1)c(CC(=O)N[C@@H](Cc1ccc(OCc3ccc([N+](=O)[O-])cc3)cc1)C(=O)NS(=O)(=O)c1ccc(Cl)c([N+](=O)[O-])c1)c(C)n2C(=O)c1ccc(Cl)cc1,51248097,510.0,False
CC(=O)Nc1ccc(Oc2cc(N3CCN(Cc4ccccc4-c4ccc(Cl)cc4)CC3)ccc2C(=O)NS(=O)(=O)c2ccc(NCC3CCOCC3)c([N+](=O)[O-])c2)cc1,"281415,387661",511.56,False
COc1ccc2c(c1)c(CC(=O)N[C@@H](Cc1ccc(OCc3ccccc3)cc1)C(=O)NS(=O)(=O)c1ccc(Cl)c([N+](=O)[O-])c1)c(C)n2C(=O)c1ccc(Cl)cc1,51248092,520.0,False
Cc1cc(OCCCc2c3n(c4c(-c5c(C)nn(C)c5C)c(Cl)ccc24)CCCN(c2cc(C(=O)O)cc4ccn(C)c24)C3=O)cc(C)c1Cl,50764176,520.0,False
Cc1c(C(=O)NCCCN2CCN(C)CC2)c(-c2cccc(N3CCN(c4ccc(NS(=O)(=O)c5cccc(OC(C)C)c5)cc4)CC3)c2)c(-c2ccc(Cl)cc2)n1C,50969076,522.0,False
Cc1cc(Oc2ccc(Cn3nc4ccc(Cl)cc4c3C(=O)NS(=O)(=O)c3ccc(N4CCOCC4)c([N+](=O)[O-])c3)cc2)cc(C)c1Cl,"1319486,51461335",530.0,False
Cc1cc(OCCCc2c3n(c4c(-c5c(C)nn(C)c5C)c(Cl)ccc24)CCCN(c2cn(C)c4cc(C(=O)O)ccc24)C3=O)cc(C)c1Cl,50764172,530.0,False
COc1ccc2c(c1)c(CC(=O)N[C@@H](Cc1ccc(OCc3ccccc3)cc1)C(=O)NS(=O)(=O)c1ccc(Br)cc1)c(C)n2C(=O)c1ccc(Cl)cc1,51248086,530.0,False
O=C(NS(=O)(=O)c1ccccc1)[C@H](Cc1ccc(Br)cc1)N1C(=O)/C(=C/c2ccc(-c3ccc([N+](=O)[O-])cc3)cc2)SC1=S,50304209,540.0,False
Cc1nn(Cc2ccccc2)c(C)c1-c1ccc(N2CCc3cccc(C(=O)Nc4nc5ccccc5s4)c3C2)nc1C(=O)O,51389595,548.0,False
Cc1cc(OCCCc2c3n(c4c(-c5c(C)nn(C)c5C)c(Cl)ccc24)CCCN(c2cc(C(=O)O)cc4c2OCO4)C3=O)cc(C)c1Cl,50764100,550.0,False
Cc1ccc(-c2ccc(O[C@H]3C[C@@H](C(=O)N[C@@H](Cc4ccc(Br)cc4)C(=O)NS(=O)(=O)c4ccc(Cl)c([N+](=O)[O-])c4)N(C(=O)OC(C)(C)C)C3)cc2)cc1,51215374,550.0,False
CCCCCC(=O)N[C@@H](Cc1ccc(OCc2ccc(-c3ccccc3)cc2)cc1)C(=O)NS(=O)(=O)c1ccc(Cl)c([N+](=O)[O-])c1,51131485,560.0,False
COc1ccc2c(c1)c(CC(=O)N[C@@H](Cc1ccc(OCc3ccc(C)cc3)cc1)C(=O)NS(=O)(=O)c1ccc(Cl)c([N+](=O)[O-])c1)c(C)n2C(=O)c1ccc(Cl)cc1,51248095,560.0,False
COc1ccc2c(c1)c(CC(=O)N[C@@H](Cc1ccc(OCc3cccc4ccccc34)cc1)C(=O)NS(=O)(=O)c1ccc(Cl)c([N+](=O)[O-])c1)c(C)n2C(=O)c1ccc(Cl)cc1,51248081,560.0,False
Cc1cc(OCCCc2c3n(c4c(-c5c(C)nn(C)c5C)c(Cl)ccc24)CCCN(c2cn(C)c4ccc(C(=O)O)cc24)C3=O)cc(C)c1Cl,50764105,560.0,False
O=C(NS(=O)(=O)c1ccc(NCC2CCOCC2)c([N+](=O)[O-])c1)c1ccc(N2CCN(Cc3ccccc3-c3ccc(Cl)cc3)CC2)cc1Oc1ccc(OCCN2CCOCC2)cc1,"281427,387673",561.21,False
Cc1c(C(=O)NCCCN2CCN(C)CC2)c(-c2cccc(N3CCN(c4ccc(NS(=O)(=O)c5ccccc5)cc4)CC3)c2)c(-c2ccc(Cl)cc2)n1C,50969087,569.0,False
Cc1cc(Oc2ccc(Cn3nc(C(=O)NS(=O)(=O)c4ccc(N5CCOCC5)c([N+](=O)[O-])c4)c4cc(Cl)ccc43)cc2)cc(C)c1Cl,1319449,569.0,False
Cc1cc(Oc2ccc(Cn3nc4ccc(Cl)cc4c3C(=O)NS(=O)(=O)c3ccc(NCc4ccco4)c([N+](=O)[O-])c3)cc2)cc(C)c1Cl,"1319491,51461337",570.0,False
O=C(N[C@@H](Cc1ccc(OCc2ccc(-c3ccccc3)cc2)cc1)C(=O)NS(=O)(=O)c1ccc(Cl)c([N+](=O)[O-])c1)c1ccc2ccccc2c1,51131491,570.0,False
Cc1cc(OCCCn2nc(C(=O)NS(=O)(=O)c3ccc(NCc4ccco4)c([N+](=O)[O-])c3)c3cc(Cl)ccc32)cc(C)c1Cl,1319430,572.0,False
Cc1cc(OCCCc2c3n(c4c(-c5c(C)nn(C)c5C)c(Cl)ccc24)CCCN(c2cc(C(=O)O)c4ccn(C)c4c2)C3=O)cc(C)c1Cl,"50764093,51439207",578.0,False
CC(C)(C)OC(=O)N[C@@H](Cc1ccc(OCc2ccc(-c3ccc(Cl)cc3)cc2)cc1)C(=O)NS(=O)(=O)c1ccc(Cl)c([N+](=O)[O-])c1,51131502,580.0,False
O=C(N[C@@H](Cc1ccc(OCc2ccc(-c3ccccc3)cc2)cc1)C(=O)NS(=O)(=O)c1ccc(Cl)c([N+](=O)[O-])c1)c1cccnc1,51131499,580.0,False
COc1ccc2c(c1)c(CC(=O)N[C@@H](Cc1ccccc1)C(=O)NS(=O)(=O)c1ccc(Cl)c([N+](=O)[O-])c1)c(C)n2-c1ccc(-c2ccccc2)cc1,50841390,580.0,False
COc1ccc2c(c1)c(CC(=O)N[C@@H](Cc1ccc(Br)cc1)C(=O)NS(=O)(=O)c1ccc(Cl)c([N+](=O)[O-])c1)c(C)n2C(=O)c1ccc(Cl)cc1,51248072,590.0,False
CC(C)c1cc(C(=O)N2CCc3ccc(S(=O)(=O)NCCc4ccccc4)cc3C2)c(O)c(O)c1O,50379663,590.0,False
CC(C)=CCCC1=CC[C@H](C(=O)NO)[C@@H](c2ccccc2)C1,51337659,600.0,False
O=C(/C=C/c1ccccc1Cl)Nc1ccc(C(=O)NS(=O)(=O)c2ccc(NCCSc3ccccc3)c([N+](=O)[O-])c2)cc1,50521559,600.0,False
Cc1cc(Oc2ccc(Cn3nc4ccc(Cl)cc4c3C(=O)NS(=O)(=O)c3ccc(NCc4ccn(C)n4)c([N+](=O)[O-])c3)cc2)cc(C)c1Cl,"1319497,51461339",600.0,False
N#Cc1ccc(COc2ccc(C[C@H](NC(=O)Cc3ccc(-c4ccccc4)cc3)C(=O)NS(=O)(=O)c3ccc(NC4CCCC4)c([N+](=O)[O-])c3)cc2)cc1,51131496,610.0,False
O=C(O)c1ccc(COc2ccc(/C=C3\SC(=S)N(c4ccc(Br)cc4)C3=O)cc2)cc1,50429782,610.0,False
Cc1cc(Oc2ccc(Cn3nc(C(=O)NS(=O)(=O)c4ccc(NCc5cccnc5)c([N+](=O)[O-])c4)c4cc(Cl)ccc43)cc2)cc(C)c1Cl,1319452,611.0,False
Cc1cc(Oc2ccc(Cn3nc4ccc(Cl)cc4c3C(=O)NS(=O)(=O)c3ccc(NCCc4ccco4)c([N+](=O)[O-])c3)cc2)cc(C)c1Cl,"1319494,51461338",620.0,False
COC(=O)[C@@]12C=C[C@@H](CC(=O)NCc3ccc(Cl)cc3)C[C@@H]1CC(C)=C[C@H]2/C=C(\Cl)c1ccc(C(=O)O)cc1,51032937,620.0,False
Cc1cc(Oc2ccc(Cn3nc(C(=O)NS(=O)(=O)Cc4ccc(N5CCOCC5)c([N+](=O)[O-])c4)c4cc(Cl)ccc43)cc2)cc(C)c1Cl,1319536,620.0,False
CC(C)(C)OC(=O)N[C@@H](Cc1ccc(OCc2ccc(-c3ccccc3)cc2)cc1)C(=O)NS(=O)(=O)c1ccc(Cl)c([N+](=O)[O-])c1,51131489,620.0,False
O=C(Nc1nc2ccccc2s1)c1cccc2c1CN(c1ccc(CCCOc3ccccc3)c(C(=O)O)n1)CC2,51389589,626.0,False
Cc1cc(OCCCc2c3n(c4c(-c5c(C)nn(C)c5C)c(Cl)ccc24)[C@H](C)CN(c2cc(C(=O)O)cc4c2ccn4C)C3=O)cc(C)c1Cl,51277689,630.0,False
Cc1cc(OCCCc2c3n(c4c(-c5c(C)nn(C)c5C)c(Cl)ccc24)[C@H](C)CN(c2cc(C(=O)O)cc4c2OCO4)C3=O)cc(C)c1Cl,51277714,630.0,False
COc1ccc2c(c1)c(CC(=O)N[C@@H](Cc1ccc(OCc3ccc([N+](=O)[O-])cc3)cc1)C(=O)NS(=O)(=O)c1ccc(Br)cc1)c(C)n2C(=O)c1ccc(Cl)cc1,51248080,630.0,False
Cc1cc2c(C(C)C)c(O)c(O)cc2c(O)c1-c1c(C)cc2c(C(C)C)c(O)c(O)cc2c1O,51288552,640.0,False
Cc1c(C(=O)NCCCN2CCN(C)CC2)c(-c2cccc(N3CCN(c4ccc(NS(=O)(=O)c5cccc(S(C)(=O)=O)c5)cc4)CC3)c2)c(-c2ccc(Cl)cc2)n1C,50969074,658.0,False
Cc1cc(Oc2ccc(Cn3nc4ccc(Cl)cc4c3C(=O)NS(=O)(=O)c3ccc(NCCc4ccncc4)c([N+](=O)[O-])c3)cc2)cc(C)c1Cl,"1319509,51461343",660.0,False
CN(C)C(=O)COc1ccc(Oc2cc(N3CCN(Cc4ccccc4-c4ccc(Cl)cc4)CC3)ccc2C(=O)NS(=O)(=O)c2ccc(NCC3CCOCC3)c([N+](=O)[O-])c2)cc1,"281434,387680",669.5,False
COc1ccc2c(c1)c(CC(=O)N[C@@H](Cc1ccc(OCc3ccccc3C#N)cc1)C(=O)NS(=O)(=O)c1ccc(Cl)c([N+](=O)[O-])c1)c(C)n2C(=O)c1ccc(Cl)cc1,51248079,670.0,False
CC(C)(C)OC(=O)N1C[C@@H](Oc2ccc(-c3ccc(Cl)cc3)cc2)C[C@H]1C(=O)N[C@@H](Cc1ccc(OCCc2ccccc2)cc1)C(=O)NS(=O)(=O)c1ccc(Cl)c([N+](=O)[O-])c1,50538700,670.0,False
CC(C)(C)OC(=O)N1C[C@@H](Oc2ccc(-c3ccccc3)cc2)C[C@H]1C(=O)N[C@@H](Cc1ccc(OCc2ccc(Br)cc2)cc1)C(=O)NS(=O)(=O)c1ccc(Cl)c([N+](=O)[O-])c1,50538684,680.0,False
Cc1cc(Oc2ccc(Cn3nc(C(=O)NS(=O)(=O)Cc4ccc(NCc5cccnc5)c([N+](=O)[O-])c4)c4cc(Cl)ccc43)cc2)cc(C)c1Cl,1319538,690.0,False
O=c1c(O)cc([C@H]2Oc3cc(O)cc(O)c3C[C@H]2O)cc2c([C@H]3Oc4cc(O)cc(O)c4C[C@H]3O)cc(O)c(O)c12,51186106,690.0,False
Cc1cc(OCCCc2c3n(c4c(-c5c(C)nn(C)c5C)c(Cl)ccc24)[C@H](C)CN(c2ccc(C(=O)O)cc2)C3=O)cc(C)c1Cl,51277687,690.0,False
Cc1cc(OCCCn2nc(C(=O)NS(=O)(=O)c3ccc(NCc4cccnc4)c([N+](=O)[O-])c3)c3cc(Cl)ccc32)cc(C)c1Cl,1319433,694.0,False
CCOc1ccc(-c2cc(C(=O)O)nn2-c2ccc(Oc3ccccc3)cc2)cc1,51218898,694.0,False
COC(=O)[C@@]12C=C[C@@H](CC(=O)Nc3ccc(Cl)cc3)C[C@@H]1CC(C)=C[C@H]2/C=C(\Cl)c1ccc(C(=O)O)cc1,51033003,700.0,False
CC(C)(C)OC(=O)N[C@@H](Cc1ccc(OCc2ccc(Oc3ccccc3)cc2)cc1)C(=O)NS(=O)(=O)c1ccc(Cl)c([N+](=O)[O-])c1,51131501,700.0,False
CC(C)=CCCC1=CC[C@@H](C(=O)NO)[C@H](c2ccccc2)C1,51337660,700.0,False
Cc1cc(Oc2ccc(Cn3nc4ccc(Cl)cc4c3C(=O)NS(=O)(=O)c3ccc([N+](=O)[O-])c(NCc4ccn(C)n4)c3)cc2)cc(C)c1Cl,"1319521,51461347",710.0,False
Cc1cc(Oc2ccc(Cn3nc4ccc(Cl)cc4c3C(=O)NS(=O)(=O)c3ccc([N+](=O)[O-])c(NCc4ccncc4)c3)cc2)cc(C)c1Cl,"1319530,51461350",710.0,False
COc1ccc2c(c1)c(CC(=O)NS(=O)(=O)c1ccc(Cl)c([N+](=O)[O-])c1)c(C)n2-c1ccc(-c2ccccc2)cc1,50841380,720.0,False
COc1ccccc1/C=C/C(=O)Nc1ccc(C(=O)NS(=O)(=O)c2ccc(NCCSc3ccccc3)c([N+](=O)[O-])c2)cc1,50521599,720.0,False
COc1ccc2c(c1)c(CC(=O)N[C@@H](Cc1ccc(OCc3ccc([N+](=O)[O-])cc3)cc1)C(=O)NS(=O)(=O)c1ccc(Cl)c([N+](=O)[O-])c1)c(C)n2-c1ccc(C)cc1,50841368,720.0,False
COc1cc(CCCO)ccc1-c1ccc(C(=O)NS(=O)(=O)c2ccc(NCCSc3ccccc3)c([N+](=O)[O-])c2)cc1,50336900,721.0,False
Cc1cc(OCCCc2c3n(c4c(-c5c(C)nn(C)c5C)c(Cl)ccc24)[C@H](C)CN(c2cn(C)c4ccc(C(=O)O)cc24)C3=O)cc(C)c1Cl,"51277691,51277705,51277740,51455570",730.0,False
Cc1cc(OCCCn2c(C(=O)N(C)C)cc3ccc(OCc4ccccc4C(=O)O)cc32)cc(C)c1Cl,50748703,730.0,False
Cc1cc(=O)c2c(O)c(O)c(O)c(CC(C)C)c2o1,50389198,730.0,False
CC1(C)CCN(c2ccc(C(=O)NS(=O)(=O)c3ccc(N[C@@H](CCN4CCOCC4)CSc4ccccc4)c([N+](=O)[O-])c3)cc2)CC1,50336995,732.0,False
Cc1cc(Oc2ccc(Cn3nc(C(=O)NS(=O)(=O)c4ccc(NCCN5CCOCC5)c([N+](=O)[O-])c4)c4cc(Cl)ccc43)cc2)cc(C)c1Cl,1319455,738.0,False
O=C(N[C@@H](Cc1ccccc1)C(=O)NS(=O)(=O)c1ccccc1)c1cn(Cc2ccc(-c3ccc(Cl)cc3)cc2)c2ccccc12,50681352,740.0,False
COc1ccc(-c2ccc(Cn3cc(C(=O)N[C@@H](Cc4c[nH]c5ccccc45)C(=O)NS(=O)(=O)c4ccc(C)cc4)c4ccccc43)cc2)cc1,50681280,750.0,False
Cc1ccc(-c2ccc(O[C@H]3C[C@@H](C(=O)N[C@@H](Cc4ccc(OCc5ccc([N+](=O)[O-])cc5)cc4)C(=O)NS(=O)(=O)c4ccc(Cl)c([N+](=O)[O-])c4)N(C(=O)OC(C)(C)C)C3)cc2)cc1,50538716,750.0,False
O=C(Nc1ccc(C(=O)NS(=O)(=O)c2ccc(NCCSc3ccccc3)c([N+](=O)[O-])c2)cc1)c1ccc(Br)cc1,50713095,760.0,False
Cc1cc(OCCCn2ccc3cc(OCc4ccccc4C(=O)O)ccc32)cc(C)c1Cl,50748642,760.0,False
Cc1cc(OCCCc2c3n(c4c(-c5c(C)nn(C)c5C)c(Cl)ccc24)[C@H](C)CN(c2cc(C(=O)O)c4ccn(C)c4c2)C3=O)cc(C)c1Cl,51277688,770.0,False
Cc1cc(Oc2ccc(Cn3nc4ccc(Cl)cc4c3C(=O)NS(=O)(=O)c3ccc([N+](=O)[O-])c(NCCc4ccncc4)c3)cc2)cc(C)c1Cl,"1319533,51461351",770.0,False
Cc1cc(OCCCc2c(C(=O)O)n3c4c(c(Cl)ccc24)CCC3)cc(C)c1Cl,50337386,770.0,False
N#CC1=C(NCc2ccc(C(=O)O)cc2)c2ccc(Sc3ccc(Br)cc3)c3cccc(c23)C1=O,51372049,780.0,False
CC(C)(C)OC(=O)N[C@@H](Cc1ccc(OCc2ccc(C#N)cc2)cc1)C(=O)NS(=O)(=O)c1ccc(NCCCc2ccccc2)c([N+](=O)[O-])c1,51131492,800.0,False
COc1ccc(C(=O)Nc2ccc(C(=O)NS(=O)(=O)c3ccc(NCCSc4ccccc4)c([N+](=O)[O-])c3)cc2)cc1,50713096,800.0,False
CNC(=O)c1cc2ccc(OCc3ccccc3C(=O)O)cc2n1CCCOc1cc(C)c(Cl)c(C)c1,50748702,810.0,False
N#CC1=C(NCCC(=O)NCCOCCO)c2ccc(Sc3ccc(Br)cc3)c3cccc(c23)C1=O,51372054,810.0,False
CC(C)(C)OC(=O)N1C[C@@H](Oc2ccc(-c3ccc(Cl)cc3)cc2)C[C@H]1C(=O)N[C@@H](Cc1ccc(Br)cc1)C(=O)NS(=O)(=O)c1ccc(Cl)c([N+](=O)[O-])c1,51215375,830.0,False
CC(=O)N[C@@H](Cc1c[nH]c2ccccc12)C(=O)Nc1ccc(C(=O)NS(=O)(=O)c2ccc(NCCSc3ccccc3)c([N+](=O)[O-])c2)cc1,50713089,830.0,False
CC1=C[C@@H](/C=C(\Cl)c2ccc(C(=O)O)cc2)[C@]2(C(=O)O)C=C[C@@H](CCOC(=O)Nc3ccc(Br)cc3)C[C@@H]2C1,51032589,830.0,False
COc1ccc2c(c1)c(CC(=O)N[C@@H](Cc1c[nH]c3ccccc13)C(=O)NS(=O)(=O)c1ccc(Cl)c([N+](=O)[O-])c1)c(C)n2-c1ccc(-c2ccccc2)cc1,50841357,830.0,False
CC(C)C[C@@H](CO)Nc1ccc(S(=O)(=O)NC(=O)c2ccc(N3CCN(CC4=C(c5ccc(Cl)cc5)CC(C)(C)CC4)CC3)cc2Oc2ccc3[nH]ccc3c2)cc1[N+](=O)[O-],325073,838.2,False
Cc1cc(Oc2ccc(Cn3nc4ccc(Cl)cc4c3C(=O)NS(=O)(=O)c3ccc([N+](=O)[O-])c(NCCc4ccco4)c3)cc2)cc(C)c1Cl,"1319518,51461346",840.0,False
N#CC1=C(C#N)c2ccc(Sc3ccc(Br)cc3)c3cccc(c23)C1=O,51372047,850.0,False
Cc1ccc(-c2ccc(COc3ccc(C[C@H](NC(=O)OC(C)(C)C)C(=O)NS(=O)(=O)c4ccc(NCCOc5ccccc5)c([N+](=O)[O-])c4)cc3)cc2)cc1,51131488,850.0,False
Cc1cc(OCCCn2c(C(N)=O)cc3ccc(OCc4ccccc4C(=O)O)cc32)cc(C)c1Cl,50748680,850.0,False
CCOc1ccc(-c2c(NC(=O)c3ccccc3)c(C(=O)O)nn2-c2ccc(Oc3ccccc3)cc2)cc1,51218867,855.0,False
Cc1cc(OCCCn2nc(C(=O)NS(=O)(=O)c3ccc(N4CCOCC4)c([N+](=O)[O-])c3)c3cc(Cl)ccc32)cc(C)c1Cl,1319436,868.0,False
Cc1cc2c(C)c(O)c(O)c(C=O)c2c(O)c1-c1c(C)cc2c(C(C)C)c(O)c(O)c(C=O)c2c1O,51131490,880.0,False
COc1ccccc1Oc1ccc2c3c(cccc13)C1=NC(=O)C(C#N)=C12,50657372,886.0,False
Cc1cc(Oc2ccc(Cn3nc4ccc(Cl)cc4c3C(=O)NS(=O)(=O)c3ccc([N+](=O)[O-])c(N4CCOCC4)c3)cc2)cc(C)c1Cl,"1319512,51461344",900.0,False
Cc1cccc(C)c1N1C(=O)/C(=C/c2ccc(OCc3ccc(C(=O)O)cc3)cc2)SC1=S,50429771,900.0,False
COc1ccc2c(c1)c(CC(=O)N[C@@H](Cc1ccccc1)C(=O)NS(=O)(=O)c1ccc([N+](=O)[O-])cc1)c(C)n2-c1ccc(-c2ccccc2)cc1,50841364,910.0,False
O=C(N[C@@H](Cc1ccc(Br)cc1)C(=O)NS(=O)(=O)c1ccccc1)c1cn(Cc2ccc(-c3ccc(Cl)cc3)cc2)c2ccccc12,50681314,910.0,False
COc1ccc2c(c1)c(CC(=O)N[C@@H](Cc1ccccc1)C(=O)NS(=O)(=O)c1ccc(Cl)cc1)c(C)n2-c1ccc(-c2ccccc2)cc1,50841391,910.0,False
CC(C)C[C@H](NC(=O)c1cn(Cc2ccc(-c3ccc(Cl)cc3)cc2)c2ccccc12)C(=O)NS(=O)(=O)c1ccccc1,50681279,920.0,False
CC(C)(C)OC(=O)N1C[C@@H](Oc2ccc(-c3ccccc3)cc2)C[C@H]1C(=O)N[C@@H](Cc1ccc(O[Si](C)(C)C(C)(C)C)cc1)C(=O)NS(=O)(=O)c1ccc(Cl)c([N+](=O)[O-])c1,50538673,930.0,False
O=C(Nc1ccc(C(=O)NS(=O)(=O)c2ccc(NCCSc3ccccc3)c([N+](=O)[O-])c2)cc1)c1ccc(F)cc1,50713094,930.0,False
CC(C)(C)OC(=O)N1C[C@@H](Oc2ccc(-c3ccccc3)cc2)C[C@H]1C(=O)N[C@@H](Cc1ccc(Br)cc1)C(=O)NS(=O)(=O)c1ccc(Cl)c([N+](=O)[O-])c1,51215358,930.0,False
O=C(Nc1ccc(S(=O)(=O)c2ccccc2)cc1)c1cc(Cc2ccccc2)c(O)c(O)c1O,50361892,930.0,False
CC(C)Oc1ccc(-c2cc(C(=O)O)nn2-c2ccc(Oc3ccccc3)cc2)cc1,51218907,932.0,False
CO[C@H]1/C=C/C[C@H](C)[C@@H](C)S(=O)(=O)NC(=O)c2ccc3c(c2)N(C[C@@H]2CC[C@H]21)C[C@@]1(CCCc2cc(Cl)ccc21)CO3,"51288572,51455583",950.0,False
Cc1cc(OCCCc2c3n(c4c(-c5c(C)nn(C)c5C)c(Cl)ccc24)CCCN(c2cc(C(=O)O)cc4c2ccn4C)C3=O)cc(C)c1Cl,50764099,950.0,False
O=c1c2cc(O)c(O)c(O)c2nc(-c2ccccc2)n1Cc1ccccc1,51080552,959.0,False
Cc1cc(Oc2ccc(Cn3nc4ccc(Cl)cc4c3C(=O)NS(=O)(=O)c3ccc([N+](=O)[O-])c(NCc4ccco4)c3)cc2)cc(C)c1Cl,"1319515,51461345",960.0,False
O=C(O)c1[nH]c2cc(Cl)ccc2c1CCCOc1cccc2ccccc12,51040892,960.0,False
Cc1cc(OCCCc2c3n(c4c(-c5c(C)nn(C)c5C)c(Cl)ccc24)[C@H](C)CN(c2cccc(C(=O)O)c2)C3=O)cc(C)c1Cl,51277742,990.0,False
N#CC1=C(NCCC(=O)NCc2cccc(C(=O)O)c2)c2ccc(Sc3ccc(Br)cc3)c3cccc(c23)C1=O,51372051,1020.0,False
Cc1cc(Oc2ccc(Cn3nc(C(=O)O)c4cc(Cl)ccc43)cc2)cc(C)c1Cl,1319443,1040.0,False
CCOc1ccc(-c2c(NC(=O)c3ccc(OCC(C)C)cc3)c(C(=O)O)nn2-c2ccc(Oc3ccccc3)cc2)cc1,51218866,1040.0,False
Cc1cc(OCCCn2ccc3ccc(OCc4ccccc4C(=O)O)cc32)cc(C)c1Cl,50748640,1050.0,False
N#CC1=C(NCCC(=O)NCc2ccccc2)c2ccc(Sc3ccc(Br)cc3)c3cccc(c23)C1=O,51372053,1050.0,False
CC1=C[C@@H](/C=C(\Cl)c2ccc(C(=O)O)cc2)[C@]2(C(=O)O)C=C[C@@H](CCOC(=O)Nc3cccc(Cl)c3)C[C@@H]2C1,51032642,1080.0,False
Cc1cc(Oc2ccc(Cn3nc(C(=O)NS(=O)(=O)c4ccc(Cl)cc4)c4cc(Cl)ccc43)cc2)cc(C)c1Cl,1319446,1085.0,False
O=C(NS(=O)(=O)c1ccc(NCCSc2ccccc2)c([N+](=O)[O-])c1)c1ccc(NC(=O)c2ccccc2F)cc1,50713092,1090.0,False
O=C(O)c1c(CCCOc2ccc(Cl)c3ccccc23)c2cccc3c2n1CCS3,50337381,1100.0,False
Cc1ccc(CC(=O)N[C@@H](Cc2ccc(OCc3ccc(-c4ccccc4)cc3)cc2)C(=O)NS(=O)(=O)c2ccc(Cl)c([N+](=O)[O-])c2)cc1,51131498,1100.0,False
O=C(/C=C/c1ccc(Cl)cc1)Nc1ccc(C(=O)NS(=O)(=O)c2ccc(NCCSc3ccccc3)c([N+](=O)[O-])c2)cc1,50521608,1100.0,False
COC1=CC(c2cc3ccccc3[nH]2)=N/C1=C\c1[nH]c(C)cc1C,51288540,1110.0,False
CC(C)c1ccc(O)c(Cn2c(-c3ccccc3)nc3c(O)c(O)c(O)cc3c2=O)c1,51080550,1113.0,False
O=C1c2ccccc2C(=O)c2c1ccc(O)c2O,50975875,1150.0,False
Cc1cc(OCCCn2nc(C(=O)NS(=O)(=O)c3ccc(NCC4CCCO4)c([N+](=O)[O-])c3)c3cc(Cl)ccc32)cc(C)c1Cl,1319439,1168.0,False
Cc1cc(Oc2ccc(Cn3nc4ccc(Cl)cc4c3C(=O)NS(=O)(=O)c3ccc(NCc4cccnc4)c([N+](=O)[O-])c3)cc2)cc(C)c1Cl,"1319500,51461340",1180.0,False
Cc1cc(OCCCn2ccc3ccc(OCc4cccc(C(=O)O)c4)cc32)cc(C)c1Cl,50748641,1190.0,False
CC1(C)CCC(CN2CCN(c3ccc(C(=O)NS(=O)(=O)c4ccc(NCC5CCOCC5)c([N+](=O)[O-])c4)c(Oc4cc(NC(=O)OC(C)(C)C)nc(NC(=O)OC(C)(C)C)c4)c3)CC2)=C(c2ccc(Cl)cc2)C1,"281696,387948",1195.0,False
CC(C)(C)c1ccc(N2CCN(S(=O)(=O)Nc3ccc(SCCc4ccccc4)cc3C(=O)O)CC2)cc1,51249710,1200.0,False
Cc1cc(OCCCc2c(C)n(Cc3cccc(C(=O)O)c3)c3c(-c4c(C)n[nH]c4C)cccc23)cc(C)c1Cl,1014251,1200.0,False
O=C([C@@H]1[C@@H](CO)[C@@H]2Cn3c(cccc3=O)[C@@H]2N1Cc1ccc(Cl)c(Cl)c1)N1CCC(Cc2ccccc2)CC1,50456505,1200.0,False
COc1cccc(CCSc2ccc(NS(=O)(=O)N3CCN(c4ccc(C(C)(C)C)cc4)CC3)c(C(=O)O)c2)c1,51249664,1200.0,False
Cc1cc(Oc2ccc(Cn3nc4ccc(Cl)cc4c3C(=O)NS(=O)(=O)c3ccc([N+](=O)[O-])c(NCc4cccnc4)c3)cc2)cc(C)c1Cl,"1319524,51461348",1220.0,False
COc1cc(CCCN(C)C)ccc1-c1ccc(C(=O)NS(=O)(=O)c2ccc(NCCSc3ccccc3)c([N+](=O)[O-])c2)cc1,50336983,1230.0,False
Cc1cc(OCCCn2ccc3ccc(OCc4ccc(C(=O)O)cc4)cc32)cc(C)c1Cl,50748752,1240.0,False
CN(C)CC[C@@H](CSc1ccccc1)Nc1ccc(S(=O)(=O)NC(=O)c2ccc(N3CCC(C)(C)CC3)cc2)cc1[N+](=O)[O-],50336899,1260.0,False
N#CC1=C(NCCC(=O)O)c2ccc(Sc3ccc(Br)cc3)c3cccc(c23)C1=O,51372048,1270.0,False
COc1ccc(/C=C/C(=O)Nc2ccc(C(=O)NS(=O)(=O)c3ccc(NCCSc4ccccc4)c([N+](=O)[O-])c3)cc2)cc1,50521600,1300.0,False
O=C(/C=C/c1cccc(Cl)c1)Nc1ccc(C(=O)NS(=O)(=O)c2ccc(NCCSc3ccccc3)c([N+](=O)[O-])c2)cc1,50521601,1300.0,False
CCNS(=O)(=O)c1cccc(-c2nc(N[C@H](C)C(=O)O)c3c(-c4cccc(Oc5ccc(F)cc5)c4)c(CC)sc3n2)c1,51270987,1300.0,False
CCCOc1ccc(C[C@H](NC(=O)Cc2c(C)n(C(=O)c3ccc(Cl)cc3)c3ccc(OC)cc23)C(=O)NS(=O)(=O)c2ccc(Cl)c([N+](=O)[O-])c2)cc1,51248075,1300.0,False
COc1ccc(-c2ccc(Cn3cc(C(=O)N[C@@H](Cc4ccccc4)C(=O)NS(=O)(=O)c4ccccc4)c4ccccc43)cc2)cc1,50681330,1300.0,False
Cc1cc(OCCCc2c(C(=O)O)n3c4c(c(Cl)ccc24)OCC3)cc(C)c1Cl,50337387,1300.0,False
CN(C)CCNC(=O)[C@H]1[C@H](CO)[C@H]2Cn3c(cccc3=O)[C@@H]1N2c1nc(-c2ccc(Cl)cc2)c(-c2ccccc2)s1,50456527,1300.0,False
COc1cc(O)c2c(=O)cc(-c3cc(O)c(O)cc3Cc3ccccc3)oc2c1,50515773,1300.0,False
O=C(Nc1c(C(=O)NCc2ccccc2)cc(O)c(O)c1O)c1ccccc1,51080548,1323.0,False
N#CC1=C(NCCC(=O)NCc2ccccc2C(=O)O)c2ccc(Sc3ccc(Br)cc3)c3cccc(c23)C1=O,51372050,1350.0,False
Cc1cc(OCCCc2c(C(=O)N(C)c3cccc(C(=O)O)c3)n(C)c3c(-c4c(C)nn(C)c4C)c(Cl)ccc23)cc(C)c1Cl,"1126608,868522",1370.0,False
O=C(Nc1ccc(C(=O)NS(=O)(=O)c2ccc(NCCSc3ccccc3)c([N+](=O)[O-])c2)cc1)c1cccc(F)c1,50713093,1400.0,False
Cc1cc(OCCCc2c(C(=O)O)[nH]c3cc(Cl)ccc23)ccc1Cl,51040894,1400.0,False
CC(C)COc1ccc(C(=O)Nc2c(C(=O)O)nn(-c3ccc(Oc4ccccc4)cc3)c2-c2ccc(OC(C)C)cc2)cc1,51218858,1400.0,False
Cc1cc(OCCCn2ccc3cc(OCc4ccc(C(=O)O)cc4)ccc32)cc(C)c1Cl,50748669,1410.0,False
CC1=C[C@@H](/C=C(\Cl)c2ccc(C(=O)O)cc2)[C@]2(C(=O)O)C=C[C@@H](CCOC(=O)Nc3ccc(Cl)cc3)C[C@@H]2C1,51032639,1420.0,False
Cc1ccccc1Oc1ccc2c3c(cccc13)C1=NC(=O)C(C#N)=C12,50657374,1430.0,False
C=c1c(-c2c(O)c3cc(O)c(O)c(=CCCc4ccccc4)c3c(O)c2=C)c(O)c2cc(O)c(O)c(=CCCc3ccccc3)c2c1O,50607456,1450.0,False
CC(=O)OCOC(=O)c1ccc(/C(Cl)=C/[C@@H]2C=C(C)C[C@H]3C[C@H](CCN=[N+]=[N-])C=C[C@]32C(=O)OCOC(C)=O)cc1,51033056,1450.0,False
CC(C)=CCC[C@H](C)[C@@H]1C=C[C@]2(C(=O)O)[C@@H](CC(C)=C[C@H]2/C=C(\C)C2CCC(C(=O)O)CC2)C1,51032655,1460.0,False
CC(C)(C)OC(=O)N[C@@H](Cc1ccc(OCc2ccccc2)cc1)C(=O)NS(=O)(=O)c1ccc(NCCCc2ccccc2)c([N+](=O)[O-])c1,51131500,1500.0,False
Cc1ccc(/C=C/C(=O)Nc2ccc(C(=O)NS(=O)(=O)c3ccc(NCCSc4ccccc4)c([N+](=O)[O-])c3)cc2)cc1,50521603,1500.0,False
O=C(NCCN1CCCCC1)[C@H]1[C@H](CO)[C@H]2Cn3c(cccc3=O)[C@@H]1N2c1nc(-c2ccc(Cl)cc2)c(-c2ccccc2)s1,50456523,1500.0,False
CC(C)=CCC[C@H](C)[C@@H]1C=C[C@]2(C(=O)O)[C@@H](CC(C)=C[C@H]2/C=C(\C)[C@H]2CC[C@H](C(=O)O)CC2)C1,51337681,1500.0,False
Cc1cc(Oc2ccc(Cn3nc4ccc(Cl)cc4c3C(=O)NS(=O)(=O)c3ccc(NCc4ccncc4)c([N+](=O)[O-])c3)cc2)cc(C)c1Cl,"1319506,51461342",1520.0,False
C=c1c(-c2c(O)c3cc(O)c(O)c(=CC4CCCC4)c3c(O)c2=C)c(O)c2cc(O)c(O)c(=CC3CCCC3)c2c1O,50607445,1530.0,False
CC1=C[C@@H](/C=C(\Cl)c2ccc(C(=O)O)cc2)[C@]2(C(=O)O)C=C[C@@H](CCn3cc(-c4ccccc4)nn3)C[C@@H]2C1,51033292,1540.0,False
Cc1cc(OCCCc2c(C(=O)Nc3cccc(C(=O)O)c3)[nH]c3c(-c4c(C)nn(C)c4C)c(Cl)ccc23)cc(C)c1Cl,"1126584,868498",1540.0,False
CC1=NN(c2nc(-c3ccccc3)cs2)C(=O)/C1=C/c1ccc(-c2ccccc2)cc1,50322158,1600.0,False
O=C(NCCCN1CCCC1)[C@H]1[C@H](CO)[C@H]2Cn3c(cccc3=O)[C@@H]1N2c1nc(-c2ccc(Cl)cc2)c(-c2ccccc2)s1,50456519,1600.0,False
CC1=NN(c2nc(-c3ccccc3)cs2)C(=O)/C1=C/C(c1ccccc1)c1ccccc1,50322151,1600.0,False
COc1ccccc1N1C(=O)/C(=C/c2cccc(OCc3ccc(C(=O)O)cc3)c2)SC1=S,50429722,1600.0,False
Cc1cc(OCCCc2c(C(=O)Nc3ccc(C(=O)O)cc3)[nH]c3c(-c4c(C)nn(CCN5CCOCC5)c4C)c(Cl)ccc23)cc(C)c1Cl,"1126611,868525",1640.0,False
Cc1ccccc1/C=C/C(=O)Nc1ccc(C(=O)NS(=O)(=O)c2ccc(NCCSc3ccccc3)c([N+](=O)[O-])c2)cc1,50521558,1700.0,False
O=C(/C=C/c1ccccc1C(F)(F)F)Nc1ccc(C(=O)NS(=O)(=O)c2ccc(NCCSc3ccccc3)c([N+](=O)[O-])c2)cc1,50521605,1700.0,False
Cc1cccc(/C=C/C(=O)Nc2ccc(C(=O)NS(=O)(=O)c3ccc(NCCSc4ccccc4)c([N+](=O)[O-])c3)cc2)c1,50521576,1700.0,False
O=C1c2ccccc2C(=O)c2c(O)cc(O)cc21,50975877,1700.0,False
O=C(O)[C@H](Cc1ccccc1)N1C(=O)/C(=C/c2ccc(OCCOc3ccc(/C=C4\SC(=S)N([C@@H](Cc5ccccc5)C(=O)O)C4=O)cc3)cc2)SC1=S,50856166,1700.0,False
C=c1c(-c2c(O)c3cc(O)c(O)c(=CCc4ccccc4)c3c(O)c2=C)c(O)c2cc(O)c(O)c(=CCc3ccccc3)c2c1O,50607451,1730.0,False
CC1=C[C@@H](/C=C(\Cl)c2ccc(C(=O)O)cc2)[C@]2(C(=O)O)C=C[C@@H](CCOC(=O)c3ccc(Oc4cccnc4)cc3)C[C@@H]2C1,51032651,1800.0,False
COc1c(OCC2CCOCC2)cc(N2C[C@@H](C)n3c(c(CCCOc4cc(C)c(Cl)c(C)c4)c4ccc(Cl)c(-c5c(C)nc(C)nc5C)c43)C2=O)c2c1cc(C(=O)O)n2C,51603228,1800.0,False
CC(=O)OCOC(=O)c1ccc(/C(Cl)=C/[C@@H]2C=C(C)C[C@H]3C[C@H](CC(=O)O)C=C[C@]32C(=O)OCOC(C)=O)cc1,51033948,1820.0,False
Cc1cc(OCCCc2c3n(c4c(-c5c(C)nn(C)c5C)c(Cl)ccc24)CCCN(c2cccc(C(=O)O)c2)C3=O)cc(C)c1Cl,"1126596,868510",1900.0,False
CCOc1ccccc1N/N=C1\C(=O)N(c2cc(O)cc(-c3ccc(C(C)C)cc3)c2)N=C1C,50322186,1900.0,False
CC1=NN(c2nc(-c3ccccc3)cs2)C(=O)/C1=C/c1ccccc1,50322183,1900.0,False
COc1cccc(/C=C/C(=O)Nc2ccc(C(=O)NS(=O)(=O)c3ccc(NCCSc4ccccc4)c([N+](=O)[O-])c3)cc2)c1,50521577,1900.0,False
CCCCNC(=O)c1cc(O)c(O)c(O)c1NC(=O)c1ccccc1,51080549,1925.0,False
Cc1cc(Oc2ccc(Cn3nc(C)c4c(C(=O)O)cc(-c5ccco5)nc43)cc2)cc(C)c1Cl,415403,1950.0,False
CC(C)C[C@@H](C(=O)O)N1C(=O)/C(=C(\c2ccccc2)c2ccc(-c3ccccc3)cc2)SC1=S,50847224,1950.0,False
COc1cc(C(=O)N(C)C)ccc1-c1ccc(C(=O)NS(=O)(=O)c2ccc(NCCSc3ccccc3)c([N+](=O)[O-])c2)cc1,50336958,1980.0,False
CN(C)CCNC(=O)[C@@H]1[C@@H](CO)[C@@H]2Cn3c(cccc3=O)[C@H]1N2c1nc(-c2ccc(Cl)cc2)c(-c2ccccc2)s1,50456529,2000.0,False
CC1=NN(c2nc(-c3ccccc3)cs2)C(=O)/C1=C/c1ncc[nH]1,50322164,2000.0,False
O=C(/C=C/c1ccc(C(F)(F)F)cc1)Nc1ccc(C(=O)NS(=O)(=O)c2ccc(NCCSc3ccccc3)c([N+](=O)[O-])c2)cc1,50521582,2000.0,False
CC1=NN(c2nc(-c3ccccc3)cs2)C(=O)/C1=C/c1ccc2ccccc2c1,50322163,2000.0,False
COc1ccccc1N1C(=O)/C(=C/c2ccc(OCc3ccc(C(=O)O)cc3)cc2)SC1=S,50429791,2000.0,False
C=c1c(-c2c(O)c3cc(O)c(O)c(=CCc4ccc(C)cc4)c3c(O)c2=C)c(O)c2cc(O)c(O)c(=CCc3ccc(C)cc3)c2c1O,50607437,2080.0,False
CC(C)=CCCC1=CC[C@H](C(=O)N(C)O)[C@@H](c2ccccc2)C1,51337657,2100.0,False
COc1cc(CCCN2CCOCC2)ccc1-c1ccc(C(=O)NS(=O)(=O)c2ccc(N[C@@H](CCN(C)C)CSc3ccccc3)c([N+](=O)[O-])c2)cc1,50336953,2160.0,False
Cc1cc(OCCCc2c3n(c4c(-c5c(C)nn(C)c5C)cccc24)CCN(Cc2cccc(C(=O)O)c2)C3=O)cc(C)c1Cl,"1126578,868492",2200.0,False
CC(C)=CCCC1=CC[C@@H](C(=O)Nc2ccc(C(=O)O)cc2)[C@H](c2ccccc2)C1,51337674,2200.0,False
O=C([C@@H]1[C@@H](CO)[C@@H]2Cn3c(cccc3=O)[C@@H]2N1Cc1ccc(Cl)c(Cl)c1)N1CCC(c2ccc(F)cc2)CC1,50456503,2200.0,False
CN(C)c1cccc2c(S(=O)(=O)Nc3cc(SCC(=O)O)c(O)c4ccccc34)cccc12,51358119,2200.0,False
CC1=C[C@@H](/C=C(\Cl)c2ccc(C(=O)O)cc2)[C@]2(C(=O)O)C=C[C@@H](CCn3cc(Cc4ccccc4)nn3)C[C@@H]2C1,51033307,2220.0,False
CC(C)=CCCC1=CC[C@@H](C(=O)N(C)O)[C@H](c2ccccc2)C1,51337658,2300.0,False
Cc1cc(OCCCc2c(C(=O)O)n3c4c(cccc24)SCC3)cc(C)c1Cl,50337384,2300.0,False
Cc1cc(OCCCc2c3n(c4c(-c5c(C)nn(C)c5C)c(Cl)ccc24)CCCN(Cc2cccc(C(=O)O)c2)C3=O)cc(C)c1Cl,"1126593,868507",2340.0,False
CC(C)c1ccc(Oc2ccc(O)c(O)c2)c(-c2ccsc2S(=O)(=O)NCCNC(=S)Nc2cc(C(F)(F)F)cc(C(F)(F)F)c2)c1,51439168,2400.0,False
CC(C)C(C(=O)O)N1C(=O)/C(=C/c2ccc(Br)cc2)SC1=S,50803327,2400.0,False
CONC(=O)[C@H]1CC=C(CCC=C(C)C)C[C@@H]1c1ccccc1,51337655,2400.0,False
O=C(NCCN1CCCCC1)[C@@H]1[C@@H](CO)[C@@H]2Cn3c(cccc3=O)[C@H]1N2c1nc(-c2ccc(Cl)cc2)c(-c2ccccc2)s1,50456525,2500.0,False
CC(=O)OCOC(=O)c1ccc(/C(Cl)=C/[C@@H]2C=C(C)C[C@H]3C[C@H](CCn4cc(-c5ccccc5)nn4)C=C[C@]32C(=O)OCOC(C)=O)cc1,51033059,2580.0,False
O=S(=O)(NCCNC(=S)Nc1cc(C(F)(F)F)cc(C(F)(F)F)c1)c1ccc(-c2ccccc2Oc2ccc(O)c(O)c2)s1,51439159,2600.0,False
O=C(N[C@@H](Cc1ccccc1)C(=O)NS(=O)(=O)c1ccc(Cl)c([N+](=O)[O-])c1)c1cn(Cc2ccc(-c3ccccc3)cc2)c2ccccc12,50681325,2600.0,False
O=C(/C=C/c1cccc(C(F)(F)F)c1)Nc1ccc(C(=O)NS(=O)(=O)c2ccc(NCCSc3ccccc3)c([N+](=O)[O-])c2)cc1,50521581,2600.0,False
O=C(O)c1[nH]c2ccccc2c1CCCOc1cccc2ccccc12,51040895,2700.0,False
CONC(=O)[C@@H]1CC=C(CCC=C(C)C)C[C@H]1c1ccccc1,51337656,2700.0,False
O=C(O)[C@H](Cc1c[nH]c2ccccc12)N1C(=O)/C(=C/c2ccc(Br)cc2)SC1=S,50847221,2850.0,False
CC(C)(C)OC(=O)N1CCN(c2ccc(C(=O)NS(=O)(=O)c3ccc(NCCSc4ccccc4)c([N+](=O)[O-])c3)cc2)CC1,50336978,2880.0,False
Cc1ccc(-c2ccsc2S(=O)(=O)NCCNC(=O)Nc2cc(Cl)cc(Cl)c2)c(Oc2ccc(O)c(O)c2)c1,51439169,2900.0,False
Cc1cc(OCCCc2c(C)n(Cc3ccc(C(=O)O)o3)c3c(-c4c(C)n[nH]c4C)cccc23)cc(C)c1Cl,1014248,2900.0,False
Cc1cc(OCCCc2c(C(=O)Nc3cc(C(=O)O)ccn3)[nH]c3c(-c4c(C)nn(C)c4C)c(Cl)ccc23)cc(C)c1Cl,"1126602,868516",2900.0,False
CC(=O)c1ccc(NC(=O)OCC[C@@H]2C=C[C@]3(C(=O)O)[C@@H](CC(C)=C[C@H]3/C=C(\Cl)c3ccc(C(=O)O)cc3)C2)cc1,51032529,2920.0,False
O=C(NCCCN1CCCC1)[C@@H]1[C@@H](CO)[C@@H]2Cn3c(cccc3=O)[C@H]1N2c1nc(-c2ccc(Cl)cc2)c(-c2ccccc2)s1,50456521,3000.0,False
CCOc1ccccc1N/N=C1/C(=O)N(c2nc(-c3ccccc3)cs2)N=C1C,50322135,3000.0,False
O=C(O)c1c(CCCOc2cccc3ccccc23)c2cccc3c2n1CCS3,50337248,3100.0,False
Cc1ccccc1N1C(=O)/C(=C/c2cccc(OCc3ccc(C(=O)O)cc3)c2)SC1=S,50429793,3100.0,False
CC(C)c1cc(C(=O)N2CCc3ccccc3C2)c(O)c(O)c1O,50379665,3100.0,False
C=C(c1ccc(C(=O)Nc2ccc(C(=O)NS(=O)(=O)c3ccc(NCCSc4ccccc4)c([N+](=O)[O-])c3)cc2)cc1)c1cc2c(cc1C)C(C)(C)CCC2(C)C,50521560,3100.0,False
COC(=O)CCNC(=O)[C@H]1CC=C(CCC=C(C)C)C[C@@H]1c1ccccc1,51337665,3100.0,False
O=C(O)c1ccc([N+](=O)[O-])c(COc2ccc(/C=C3\SC(=S)N(c4ccc([N+](=O)[O-])cc4)C3=O)cc2)c1,50429727,3100.0,False
Cc1nn(Cc2ccc(Oc3ccccc3)cc2)c2nc(/C=C/c3ccccc3)cc(C(=O)O)c12,415402,3160.0,False
Cc1cc(OCCCc2c(C(=O)Nc3cncc(C(=O)O)c3)[nH]c3c(-c4c(C)nn(C)c4C)c(Cl)ccc23)cc(C)c1Cl,"1126599,868513",3200.0,False
COc1cc(CCN(C)C)ccc1-c1ccc(C(=O)NS(=O)(=O)c2ccc(NCCSc3ccccc3)c([N+](=O)[O-])c2)cc1,50336982,3260.0,False
CC[C@H](C)[C@H](NC(C)=O)C(=O)Nc1ccc(C(=O)NS(=O)(=O)c2ccc(NCCSc3ccccc3)c([N+](=O)[O-])c2)cc1,50713086,3380.0,False
CC(=O)N[C@@H](Cc1ccccc1)C(=O)Nc1ccc(C(=O)NS(=O)(=O)c2ccc(NCCSc3ccccc3)c([N+](=O)[O-])c2)cc1,50713088,3390.0,False
O=C(NS(=O)(=O)c1ccc(NCCSc2ccccc2)c([N+](=O)[O-])c1)c1ccc(C(=O)c2ccccc2)cc1,50521598,3400.0,False
CN(C)CCCC(O)(c1ccccc1)c1cccc(CCOc2ccc(-c3ccc(C(=O)O)cc3)cc2)c1,50605243,3400.0,False
CSCC[C@H](NC(C)=O)C(=O)Nc1ccc(C(=O)NS(=O)(=O)c2ccc(NCCSc3ccccc3)c([N+](=O)[O-])c2)cc1,50713087,3520.0,False
CN(C)C(=O)N1CCN(c2ccc(C(=O)NS(=O)(=O)c3ccc(NCCSc4ccccc4)c([N+](=O)[O-])c3)cc2)CC1,50336928,3540.0,False
Cc1cc(OCCCc2c(C(=O)NCc3cc(C(=O)O)n(C)c3)[nH]c3c(-c4c(C)nn(C)c4C)cccc23)cc(C)c1Cl,"1126590,868504",3540.0,False
O=C(O)c1cc2ccccc2n1S(=O)(=O)c1ccc(OCc2cccc(Cl)c2)cc1,51031340,3600.0,False
O=C(NCCNS(=O)(=O)c1ccc(-c2ccccc2Oc2ccc(O)c(O)c2)s1)Nc1cc(Cl)cc(Cl)c1,51439161,3600.0,False
O=C(NS(=O)(=O)c1ccc(Cl)c([N+](=O)[O-])c1)[C@H](Cc1ccccc1)N1C(=O)N[C@@H](Cc2ccc(-c3ccc(Cl)cc3)cc2)C1=O,50433251,3700.0,False
O=C(O)c1c(CCCOc2cccc3c2CCCC3)c2cccc3c2n1CCS3,50337380,3700.0,False
Cc1cc(OCCCc2c(C(=O)O)n3c4c(cccc24)SCCC3)cc(C)c1Cl,50337385,3700.0,False
COCCOCCn1nc(C)c2c1CSCc1cc(n(C)n1)CCc1cc(c3ccccc3c1)OCCCn1c(C(=O)O)c(C)c3c-2c(Cl)ccc31,51580922,3750.0,False
CC(=O)N[C@@H](CC(C)C)C(=O)Nc1ccc(C(=O)NS(=O)(=O)c2ccc(NCCSc3ccccc3)c([N+](=O)[O-])c2)cc1,50713085,3780.0,False
Cc1cc(OCCCc2c3n(c4c(-c5c(C)nn(C)c5C)cccc24)CCCN(Cc2cccc(C(=O)O)c2)C3=O)cc(C)c1Cl,"1126581,868495",3820.0,False
O=C(NCCNS(=O)(=O)c1ccc(-c2ccccc2Oc2ccc(O)c(O)c2)s1)Nc1cc(C(F)(F)F)cc(C(F)(F)F)c1,51439160,3900.0,False
O=C(Cc1ccccc1)Nc1ccc(C(=O)NS(=O)(=O)c2ccc(NCCSc3ccccc3)c([N+](=O)[O-])c2)cc1,50521607,4000.0,False
O=C(N[C@H]1CCN(Cc2ccccc2)C1)[C@H]1[C@H](CO)[C@H]2Cn3c(cccc3=O)[C@H]2N1CC1CCCCC1,50456513,4100.0,False
CCc1sc2nc(-c3cccnc3)nc(N[C@H](C)C(=O)O)c2c1-c1cccc(Oc2ccc(F)cc2)c1,51271016,4100.0,False
CCOc1ccccc1N/N=C1\C(=O)N(c2cccc(-c3ccc(N(C)C)cc3)c2)N=C1C,50322185,4200.0,False
C=C(c1ccc(C(=O)NS(=O)(=O)c2ccc(NCCSc3ccccc3)c([N+](=O)[O-])c2)cc1)c1cc2c(cc1C)C(C)(C)CCC2(C)C,50521609,4200.0,False
COCCNC(=O)[C@@H]1[C@@H](CO)[C@@H]2Cn3c(cccc3=O)[C@H]1N2c1nc(-c2ccc(Cl)cc2)c(-c2ccccc2)s1,50456517,4300.0,False
O=C(O)c1ccc(COc2ccc(/C=C3\SC(=S)N(c4ccc(I)cc4)C3=O)cc2)cc1,50429783,4300.0,False
O=C(O)[C@H](Cc1ccccc1)N1C(=O)/C(=C/c2ccc(OCCOCCOc3ccc(/C=C4\SC(=S)N([C@@H](Cc5ccccc5)C(=O)O)C4=O)cc3)cc2)SC1=S,50856182,4300.0,False
O=C(O)[C@H](Cc1ccccc1)N1C(=O)/C(=C/c2ccc(OCOc3ccc(/C=C4\SC(=S)N([C@@H](Cc5ccccc5)C(=O)O)C4=O)cc3)cc2)SC1=S,50856167,4300.0,False
CN(C)c1ccc(CNC(=O)CCNC2=C(C#N)C(=O)c3cccc4c(Sc5ccc(Br)cc5)ccc2c34)cc1,51372055,4320.0,False
O=C(CCc1ccccc1)Nc1ccc(C(=O)NS(=O)(=O)c2ccc(NCCSc3ccccc3)c([N+](=O)[O-])c2)cc1,50521570,4400.0,False
O=C(O)c1c(CCCOc2ccc3c(c2)CCCC3)c2cccc3c2n1CCS3,50337382,4400.0,False
Cc1cccc(-c2ccc(C[C@@H]3NC(=O)N([C@@H](Cc4ccccc4)C(=O)NS(=O)(=O)c4ccc(Cl)c([N+](=O)[O-])c4)C3=O)cc2)c1,50433115,4400.0,False
C=c1c(-c2c(O)c3cc(O)c(O)c(=CCC4CCCCC4)c3c(O)c2=C)c(O)c2cc(O)c(O)c(=CCC3CCCCC3)c2c1O,50607448,4470.0,False
COc1cc(CN(C)C)ccc1-c1ccc(C(=O)NS(=O)(=O)c2ccc(NCCSc3ccccc3)c([N+](=O)[O-])c2)cc1,50336924,4570.0,False
Cc1ccc(-c2ccc(O[C@H]3C[C@@H](C(=O)N[C@@H](Cc4ccccc4)C(=O)NS(=O)(=O)c4ccc(Cl)c([N+](=O)[O-])c4)N(C(=O)OC(C)(C)C)C3)cc2)cc1,51215386,4600.0,False
O=S(=O)(NCCNC(=S)Nc1cc(C(F)(F)F)cc(C(F)(F)F)c1)c1cc(-c2ccccc2Oc2ccc(O)c(O)c2)cs1,51439162,4600.0,False
O=c1cc(-c2cc(O)c(O)cc2Cc2ccccc2)oc2cc(O)cc(O)c12,50515772,4600.0,False
CN(C)CCCC(O)(c1ccccc1)c1cccc(OCCc2ccc(-c3ccc(C(=O)O)cc3)cc2)c1,50605242,4600.0,False
O=C(NCCNS(=O)(=O)c1sccc1-c1ccccc1Oc1ccc(O)c(O)c1)Nc1cc(Cl)cc(Cl)c1,51439167,4600.0,False
CCC(C)[C@H](NC(=O)Cc1c(C)n(C(=O)c2ccc(Cl)cc2)c2ccc(OC)cc12)C(=O)NS(=O)(=O)c1ccc(Cl)c([N+](=O)[O-])c1,51248091,4900.0,False
O=C(/C=C/c1ccccc1)Nc1ccc(C(=O)NS(=O)(=O)c2ccc(NCCSc3ccccc3)c([N+](=O)[O-])c2)cc1,50521579,4900.0,False
CN(C)CCCC(O)(c1ccccc1)c1cccc(OCCc2cccc(-c3ccc(C(=O)O)cc3)c2)c1,50605239,5000.0,False
CCc1sc2ncnc(N[C@H](C)C(=O)O)c2c1-c1cccc(O)c1,51270955,5000.0,False
COC(=O)c1nn(-c2ccc(Oc3ccccc3)cc2)c(-c2ccc(OC(C)C)cc2)c1NC(=O)c1ccc(OC(C)C)cc1,51218913,5160.0,False
O=C([C@@H]1[C@@H](CO)[C@@H]2Cn3c(cccc3=O)[C@@H]2N1Cc1ccc(Oc2ccccc2)cc1)N1CCC(Cc2ccccc2)CC1,50456501,5200.0,False
O=C(NCCNS(=O)(=O)c1cc(-c2ccccc2Oc2ccc(O)c(O)c2)cs1)Nc1cc(C(F)(F)F)cc(C(F)(F)F)c1,51439163,5200.0,False
CC(C)(C)OC(=O)N[C@@H](Cc1ccc(OCc2ccc(-c3ccccc3)cc2)cc1)C(=O)NS(=O)(=O)c1ccccc1,51131495,5200.0,False
CN(C)CCCC(O)(c1ccccc1)c1cccc(OCc2ccc(-c3ccc(C(=O)O)cc3)cc2)c1,50605241,5200.0,False
CC(C)Oc1ccc(-c2cc(C(=O)O)nn2-c2ccc(C(C)C)cc2)cc1,51218918,5250.0,False
Cc1cc(OCCCc2c(C(=O)Nc3cccc(C(=O)O)c3)n(C)c3c(-c4c(C)nn(C)c4C)c(Cl)ccc23)cc(C)c1Cl,"1126605,868519",5300.0,False
Cc1cc(OCCCc2c(C(=O)O)[nH]c3ccccc23)cc(C)c1Cl,51040896,5300.0,False
O=C(NC1Cc2ccccc2C1)[C@H]1[C@H](CO)[C@H]2Cn3c(cccc3=O)[C@H]2N1CC1CCCCC1,50456511,5400.0,False
C=C(C)c1sc2ncnc(N[C@H](Cc3ccccc3)C(=O)O)c2c1-c1cccc(Cl)c1C,51270993,5400.0,False
CCCOc1ccc(C[C@H](NC(=O)c2cn(Cc3ccc(-c4ccccc4)cc3)c3ccccc23)C(=O)NS(=O)(=O)c2ccc(Cl)c([N+](=O)[O-])c2)cc1,50681356,5600.0,False
O=C(O)c1cc(SCCc2ccccc2)ccc1NS(=O)(=O)c1ccc2ccccc2c1,51249698,5600.0,False
O=S(=O)(NCCNC(=S)Nc1cc(C(F)(F)F)cc(C(F)(F)F)c1)c1sccc1-c1ccccc1Oc1ccc(O)c(O)c1,51439165,5600.0,False
O=C(O)c1c(CCCOc2cccc3ccccc23)c2cccc3c2n1CCO3,50337256,5700.0,False
Cc1cc(OCCCn2nc(C(=O)O)c3cc(Cl)ccc32)cc(C)c1Cl,1319428,5792.0,False
CN(C)CCCC(O)(c1ccccc1)c1ccc(OCc2cccc(-c3ccc(C(=O)O)cc3)c2)cc1,50605245,5800.0,False
Cc1cc(OCCCc2c(C(=O)NCc3c[nH]c(C(=O)O)c3)[nH]c3c(-c4c(C)nn(C)c4C)cccc23)cc(C)c1Cl,"1126587,868501",5950.0,False
Cc1cccc(Oc2ccc3c4c(cccc24)C2=NC(=O)C(C#N)=C23)c1,50657375,6031.0,False
CCOc1ccc(-c2cc(C(=O)O)nn2-c2ccccc2)cc1,51218910,6090.0,False
CCc1sc2ncnc(N[C@H](C)C(=O)O)c2c1-c1cccc(Oc2ccc(F)cc2)c1,51270986,6100.0,False
O=C(O)CSc1cc(NS(=O)(=O)c2ccc(-c3ccc(Cl)cc3)cc2)c2ccccc2c1O,50095218,6110.0,False
Cc1cc(OCCCc2c(C(=O)O)n3c4c(cccc24)SCC3)ccc1Cl,50337383,6300.0,False
O=C([C@@H]1[C@@H](CO)[C@@H]2Cn3c(cccc3=O)[C@@H]2N1Cc1ccc(Oc2ccccc2)cc1)N1CCC(c2ccc(F)cc2)CC1,50456499,6800.0,False
CC(C)Oc1ccc(-c2cc(C(=O)O)nn2-c2ccccc2)cc1,51218883,7000.0,False
Cc1cc(OCCCc2c(C)n(CCC(=O)O)c3c(-c4c(C)nn(C)c4C)cccc23)cc(C)c1Cl,1014245,7100.0,False
O=C(O)c1c(CCCOc2cccc3ccccc23)c2cccc3c2n1CCC3,50337253,7300.0,False
Cc1cc(OCCCc2c(C(=O)O)n(C)c3ccccc23)cc(C)c1Cl,51040891,7400.0,False
CC(C)C[C@@H](C(=O)O)N1C(=O)/C(=C/c2ccc(Br)cc2)SC1=S,50847244,7430.0,False
O=C(O)CSc1cc(NS(=O)(=O)c2ccc(Oc3ccccc3)cc2)c2ccccc2c1O,50095221,7560.0,False
Cc1cccc(C)c1N1C(=O)/C(=C/c2ccc(OCC(=O)Nc3ccc(C(=O)O)cc3)cc2)SC1=S,50429775,7600.0,False
O=C(N[C@@H]1CCN(Cc2ccccc2)C1)[C@H]1[C@H](CO)[C@H]2Cn3c(cccc3=O)[C@H]2N1CC1CCCCC1,50456509,7800.0,False
O=C(O)CSc1cc(NS(=O)(=O)c2cccc(-c3ccccc3)c2)c2ccccc2c1O,50095211,7850.0,False
Cc1cc(OCCCc2c(C(=O)NCc3cc(C(=O)O)ccn3)[nH]c3c(-c4c(C)nn(C)c4C)cccc23)cc(C)c1Cl,"1126614,868528",7900.0,False
CN(C)CCCC(O)(c1ccccc1)c1ccc(OCCc2cccc(-c3ccc(C(=O)O)cc3)c2)cc1,50605246,8000.0,False
O=C(Nc1c(C(=O)NCCCc2ccccc2)cc(O)c(O)c1O)c1ccccc1,51080547,8040.0,False
CCc1sc2ncnc(N[C@H](CC3CCCCC3)C(=O)O)c2c1-c1cccc(Oc2ccc(F)cc2)c1,51270989,8100.0,False
O=C(Nc1ccccc1)c1cc(Cc2ccccc2)c(O)c(O)c1O,50361897,8300.0,False
O=C(NCc1ccc(Oc2ccccc2)cc1)[C@H]1[C@H](CO)[C@H]2Cn3c(cccc3=O)[C@H]2N1CC1CCCCC1,50456507,8400.0,False
O=C(NCCNS(=O)(=O)c1cc(-c2ccccc2Oc2ccc(O)c(O)c2)cs1)Nc1cc(Cl)cc(Cl)c1,51439164,8400.0,False
O=C(O)CSc1cc(NS(=O)(=O)c2ccc(-c3ccccc3)cc2)c2ccccc2c1O,50095210,8820.0,False
Cc1cc(OCCCn2nc(C(=O)NS(=O)(=O)c3ccc(NCC4CCN(C)CC4)c([N+](=O)[O-])c3)c3cc(Cl)ccc32)cc(C)c1Cl,1319441,8931.0,False
O=C(O)c1ccc([N+](=O)[O-])c(COc2ccc(/C=C3\SC(=S)N(c4ccccc4)C3=O)cc2)c1,50429795,9000.0,False
COC(=O)C1=C(N)Oc2ccc(Br)cc2C1C(C#N)C(=O)OC,51288586,9000.0,False
Cc1cc(OCCCc2c(C(=O)O)[nH]c3ccccc23)ccc1Cl,51040897,9100.0,False
O=c1[nH]cnc2c(O)c(O)c(O)cc12,51080553,9282.0,False
CC(=O)N[C@H](C(=O)Nc1ccc(C(=O)NS(=O)(=O)c2ccc(NCCSc3ccccc3)c([N+](=O)[O-])c2)cc1)C(C)C,50713090,9490.0,False
O=C(O)c1ccc(COc2ccc(/C=C3\SC(=S)N(c4cccc([N+](=O)[O-])c4)C3=O)cc2)cc1,50429777,9600.0,False
O=C(O)c1c(CCCOc2cccc3ccccc23)c2cccc3c2n1CCCS3,50337377,9900.0,False
COc1ccccc1N1C(=O)/C(=C/c2ccc(OCC(=O)Nc3ccc(C(=O)O)cc3)cc2)SC1=S,50429723,10000.0,False
O=C(O)c1c(CCCOc2cccc3ccccc23)c2cccc3c2n1CCCS3(=O)=O,50337379,11700.0,False
O=C(O)c1cc(SCCc2ccccc2)ccc1NS(=O)(=O)N1CCN(c2ccccc2)CC1,51249731,11700.0,False
CCOc1ccccc1N/N=C1\C(=O)N(c2cc(O)cc(-c3ccc(N(C)C)cc3)c2)N=C1C,50322191,12000.0,False
CN(C)CCCC(O)(c1ccccc1)c1ccc(OCCc2ccc(-c3ccc(C(=O)O)cc3)cc2)cc1,50605248,12000.0,False
CCC/C(=C1/SC(=S)N([C@@H](Cc2ccccc2)C(=O)O)C1=O)c1ccccc1,50847242,12000.0,False
CN1CCN(C2=C(Cl)C(=O)N(c3ccc(Cl)c(Cl)c3)C2=O)CC1,51501248,12500.0,False
CSc1ccc(C(Nc2ccccn2)c2c(C)[nH]c3ccccc23)cc1,51501249,12900.0,False
Cc1ccc(-c2ccsc2S(=O)(=O)NCCNC(=O)Nc2ccc([N+](=O)[O-])cc2)c(Oc2ccc(O)c(O)c2)c1,51439170,13000.0,False
CCc1sc2ncnc(NC(C(=O)O)c3ccccc3)c2c1-c1cccc(Oc2ccc(F)cc2)c1,51270988,13000.0,False
O=Cc1ccc(-c2ccc(C[C@@H]3NC(=O)N([C@@H](Cc4ccccc4)C(=O)NS(=O)(=O)c4ccc(Cl)c([N+](=O)[O-])c4)C3=O)cc2)cc1,50433114,13000.0,False
Cc1ccc(S(=O)(=O)NC(=O)[C@H](Cc2ccccc2)N2C(=O)N[C@@H](Cc3ccc(-c4cccc(C)c4)cc3)C2=O)cc1,50433116,13000.0,False
CCC/C(=C1/SC(=S)N([C@@H](CC(C)C)C(=O)O)C1=O)c1ccccc1,50847257,13500.0,False
COCCNC(=O)[C@H]1[C@H](CO)[C@H]2Cn3c(cccc3=O)[C@@H]1N2c1nc(-c2ccc(Cl)cc2)c(-c2ccccc2)s1,50456515,14000.0,False
O=C(O)[C@H](Cc1ccccc1)N1C(=O)/C(=C/c2ccc(Br)cc2)SC1=S,"50847258,50856158",14200.0,False
O=C(NS(=O)(=O)c1cccc([N+](=O)[O-])c1)[C@H](Cc1ccccc1)N1C(=O)N[C@@H](Cc2ccc(-c3ccc(Cl)cc3)cc2)C1=O,50433250,15000.0,False
O=C(O)C1C2CC(Sc3ccccc3[N+](=O)[O-])C(Cl)C2c2cc(Cl)cc3c2N1CC1CC=CC31,51466290,15000.0,False
O=C(NS(=O)(=O)c1ccc(NCCSc2ccccc2)c([N+](=O)[O-])c1)c1ccc(NS(=O)(=O)c2ccccc2)cc1,50713097,15190.0,False
O=C(O)c1c(CCCOc2cccc3ccccc23)c2cccc3c2n1CCC[S+]3O,50337378,16000.0,False
CC(C)(C)c1ccc(N2CCN(S(=O)(=O)Nc3ccc(SCCC(=O)Nc4ccccc4)cc3C(=O)O)CC2)cc1,51249700,16100.0,False
COc1cccc(Oc2ccc3c4c(cccc24)C2=NC(=O)C(C#N)=C23)c1,50657377,16600.0,False
O=C(NCCNS(=O)(=O)c1sccc1-c1ccccc1Oc1ccc(O)c(O)c1)Nc1cc(C(F)(F)F)cc(C(F)(F)F)c1,51439166,17000.0,False
O=C(NS(=O)(=O)c1ccccc1)[C@H](Cc1ccccc1)N1C(=O)N[C@@H](Cc2ccc(-c3ccc(Cl)cc3)cc2)C1=O,50433253,19000.0,False
CN(C)CCCC(O)(c1ccccc1)c1cccc(OCc2cccc(-c3ccc(C(=O)O)cc3)c2)c1,50605240,20000.0,False
O=C(O)[C@@H](Cc1ccccc1)Nc1ncnc2sc(-c3ccccc3)c(-c3cccc(O)c3)c12,51270991,21000.0,False
O=C(O)[C@H](Cc1ccccc1)N1C(=O)/C(=C/c2ccc(OCCOCCOCCOc3ccc(/C=C4\SC(=S)N([C@@H](Cc5ccccc5)C(=O)O)C4=O)cc3)cc2)SC1=S,50856165,21200.0,False
C/C(=C1/SC(=S)N([C@@H](CC(C)C)C(=O)O)C1=O)c1ccccc1,50847240,21200.0,False
O=C(O)CCc1cc(NS(=O)(=O)c2ccc(Br)cc2)c2ccccc2c1O,51439211,23800.0,False
O=C(O)CSc1cc(NS(=O)(=O)c2ccccc2-c2ccccc2)c2ccccc2c1O,50095217,23840.0,False
CCc1sc2ncnc(N[C@H](Cc3ccccc3)C(=O)O)c2c1-c1cccc(Oc2ccc(F)cc2)c1,51271006,24000.0,False
CCc1sc2ncnc(N[C@@H](Cc3ccccc3)C(=O)O)c2c1-c1cccc(Oc2ccc(F)cc2)c1,51271035,24000.0,False
COc1c(Cc2ccccc2C(C)C)cc(C(=O)Nc2ccc(S(=O)(=O)c3ccccc3C(C)(C)C)cc2)c(OC)c1OC,50361875,25000.0,False
CCc1sc2ncnc(N[C@H](C)C(=O)O)c2c1-c1ccc2[nH]ccc2c1,51270992,28000.0,False
CCc1sc2ncnc(N[C@H](Cc3ccccc3)C(=O)O)c2c1-c1cccc(Cl)c1C,51271018,29000.0,False
CC1=NN(c2cc(O)cc(-c3ccc(N(C)C)cc3)c2)C(=O)/C1=N\Nc1ccc2ccccc2c1,50322184,33900.0,False
CCc1sc2ncnc(O[C@H](Cc3ccccc3)C(=O)O)c2c1-c1cccc(Cl)c1C,51271007,36000.0,False
CC(C)C(C(=O)O)N1C(=O)/C(=C\c2ccc(Br)cc2)SC1=S,50847234,43400.0,False
C[C@@H](Nc1ncnc2sc(-c3ccccc3)c(-c3cccc(O)c3)c12)C(=O)O,51270947,49000.0,False
CCc1sc2nc(S(C)(=O)=O)nc(N[C@H](C)C(=O)O)c2c1-c1cccc(Oc2ccc(F)cc2)c1,51270944,51000.0,False
O=C(O)CSc1cc(NS(=O)(=O)c2cccs2)c2ccccc2c1O,50095207,54650.0,False
CC(C)C[C@@H](C(=O)O)N1C(=O)C(=C(c2ccccc2)c2ccccc2)SC1=S,50847236,57800.0,False
CSCC[C@@H](C(=O)O)N1C(=O)/C(=C/c2ccc(Br)cc2)SC1=S,50847254,69600.0,False
C[C@@H](C(=O)N1CCOCC1)N1C(=O)/C(=C/c2ccc(Br)cc2)SC1=S,50847253,70000.0,False
CCc1sc2ncnc(N[C@@H](C)C(=O)O)c2c1CC,51271010,74000.0,False
CCN1CCN(c2cc(S(=O)(=O)NC(=O)c3nn(Cc4ccc(Oc5cc(C)c(Cl)c(C)c5)cc4)c4ccc(Cl)cc34)ccc2[N+](=O)[O-])CC1,1319469,74253.0,False
CN1CCN(CCCNC(=O)c2c(-c3ccccc3)c(-c3ccc(Cl)cc3)cn2CC[C@H](O)CO)CC1,50947921,78000.0,False
CN(C)CCCC(O)(c1ccccc1)c1ccc(OCc2ccc(-c3ccc(C(=O)O)cc3)cc2)cc1,50605247,83000.0,False
CCc1sc2ncnc(N[C@@H](C)C(=O)O)c2c1-c1cccc(Oc2ccc(F)cc2)c1,51270985,98000.0,False
CCOC(=O)C(C#N)C1c2cc(-c3ccccc3)ccc2OC(=N)C1C(=O)OCC,50368581,112000.0,False
C[C@@H](C(=O)O)N1C(=O)/C(=C/c2ccc(Br)cc2)SC1=S,50847249,115000.0,False
CCCC[C@H]1C(=O)O[C@H](C)[C@H](NC(=O)c2cccc(NC=O)c2O)C(=O)O[C@@H](C)[C@@H]1OC(=O)CC(C)C,50847231,124000.0,False
CCCc1ccc2c(c1)C(C(C#N)C(=O)OCC)C(C(=O)OCC)C(=N)O2,50368566,128000.0,False
CCOC(=O)C(C#N)C1c2cc(C3CCCC3)ccc2OC(=N)C1C(=O)OCC,50368584,128000.0,False
CN(C)CC[C@H](CSc1ccccc1)Nc1ccc(S(=O)(=O)Nc2ccc(N3CCNCC3)cc2)cc1[N+](=O)[O-],50947952,138000.0,False
O=C(OCCOCCOCCOC(=O)[C@H](Cc1ccccc1)N1C(=O)/C(=C/c2ccc(Br)cc2)SC1=S)[C@H](Cc1ccccc1)N1C(=O)/C(=C/c2ccc(Br)cc2)SC1=S,50856163,161000.0,False
CCSCCCCC(c1ccc(O)cc1)C(C)(CC)c1ccc(O)cc1,50140257,169000.0,False
COc1ccc2c(c[n+](C)c3c4cc5c(cc4ccc23)OCO5)c1OC,50847226,171000.0,False
C=CCOC(=O)[C@H](C)N1C(=O)/C(=C/c2ccc(Br)cc2)SC1=S,50847252,192000.0,False
CCOC(=O)C(C#N)C1c2cc(CC)ccc2OC(=N)C1C(=O)OCC,50368564,210000.0,False
CCOC(=O)[C@H](Cc1ccccc1)N1C(=O)/C(=C/c2ccc(OCOc3ccc(/C=C4\SC(=S)N([C@@H](Cc5ccccc5)C(=O)OCC)C4=O)cc3)cc2)SC1=S,50856162,226000.0,False
O=C(OCCOC(=O)[C@H](Cc1ccccc1)N1C(=O)/C(=C/c2ccc(Br)cc2)SC1=S)[C@H](Cc1ccccc1)N1C(=O)/C(=C/c2ccc(Br)cc2)SC1=S,50856164,243000.0,False
CCOC(=O)C(C#N)C1c2cc(Br)ccc2OC(=N)C1C(=O)OCC,50847235,254000.0,False
CCOC(=O)[C@H](Cc1ccccc1)N1C(=O)/C(=C/c2ccc(Br)cc2)SC1=S,50856161,260000.0,False
C=CCOC(=O)[C@H](Cc1ccccc1)N1C(=O)C(=C(c2ccccc2)c2ccccc2)SC1=S,50847245,260000.0,False
CCc1sc2ncnc(N[C@H](C(=O)O)c3ccccc3)c2c1-c1cccc(O)c1,51270990,269000.0,False
CCOC(=O)C(C#N)C1c2cc(C)ccc2OC(=N)C1C(=O)OCC,50368576,309000.0,False
O=C(O)CC[C@@H](C(=O)O)N1C(=O)/C(=C/c2ccc(Br)cc2)SC1=S,50847255,320000.0,False
CCc1sc2ncnc(N[C@@H](C)C(=O)O)c2c1-c1ccc(SC)cc1,51270946,359000.0,False
CCc1sc2ncnc(N[C@@H](C)C(=O)O)c2c1-c1ccccc1,51271003,418000.0,False
CCc1sc2ncnc(N[C@@H](C)C(=O)O)c2c1-c1cccc(C(F)(F)F)c1,51271027,437000.0,False
CCc1sc2ncnc(N[C@@H](C(=O)O)c3ccccc3)c2c1-c1cccc(O)c1,51271017,470000.0,False
O=C1CC[C@H](O)c2cccc(O)c21,50276877,474760.0,False
CCOC(=O)C(C#N)C1c2ccccc2OC(=N)C1C(=O)OCC,50368572,531000.0,False
