smiles,exp_mean [nM],y,cliff_mol,split,y [pEC50/pKi],Predicted_y,Error,Abs_Error
NCCc1cc2cc(C(N)=O)ccc2[nH]1,0.03,1.5228787452803376,0,test,10.522878745280337,-2.357424095400189,3.8803028406805264,3.8803028406805264
Cc1ccc2c(c1)c1c(n2CCc2ccccc2)CCN(C)C1,0.153,0.8153085691824012,1,test,9.8153085691824,-2.0355218261031487,2.85083039528555,2.85083039528555
Fc1cccc(COc2ccc(Br)cc2OC2CN(c3ccccc3)C2)c1,5000.0,-3.6989700043360187,1,test,5.301029995663981,-1.0062528109122753,-2.692717193423743,2.692717193423743
Cc1nn(C)c(C)c1-c1ccc(O)c(CCN(C)C)c1,0.47,0.3279021420642826,0,test,9.327902142064282,-2.3445890536046523,2.672491195668935,2.672491195668935
O=C1N(Cc2ccccc2)C(c2ccccc2)=NC1(Nc1ccccn1)C(F)(F)F,84500.0,-4.926856708949693,0,test,4.073143291050307,-2.452328693241903,-2.4745280157077896,2.4745280157077896
CC(C)(C)c1ccc2c(c1)CCC2Oc1ccc(Br)cc1OC1CNC1,5000.0,-3.6989700043360187,0,test,5.301029995663981,-1.3127760287487371,-2.386193975587281,2.386193975587281
O=c1[nH]c2ccccc2n1CCCCCN1CC2(C1)CN(c1ccccn1)C2,3560.0,-3.5514499979728753,1,test,5.448550002027124,-1.2789811317582933,-2.2724688662145827,2.2724688662145827
CN(C)C(=O)c1ccc(OCc2cccc(Cl)c2)c(OC2CNC2)c1,8999.0,-3.9541942518158626,0,test,5.045805748184137,-1.7613815900740573,-2.192812661741806,2.192812661741806
OC(CN1CCN(c2ccccc2)CC1)c1ccc(Cl)c(Cl)c1,3.2,-0.505149978319906,0,test,8.494850021680094,-2.6183266816915505,2.1131767033716446,2.1131767033716446
COc1ccc(N2CCN(CCCCCCN3C(=O)c4cccc5cccc(c45)C3=O)CC2)cc1,116500.0,-5.066325925362038,1,test,3.9336740746379624,-3.0820895200122997,-1.9842364053497379,1.9842364053497379
CCCN(CCC)CCc1cccc2c1CC(=O)N2,1513.56,-3.1799996417791614,0,test,5.820000358220838,-1.2164713555827882,-1.9635282861963732,1.9635282861963732
Cc1ccccc1-n1cc(CN2CCN(C)CC2)c2ccccc21,3907.0,-3.5918434112247843,0,test,5.408156588775215,-1.6421577769388471,-1.9496856342859372,1.9496856342859372
CC(C)(C)c1ccc(-c2cn(Cc3ccccc3)c3c2CNCC3)cc1,10000.0,-4.0,1,test,5.0,-2.1676946506377592,-1.8323053493622408,1.8323053493622408
COc1cc(OC)c(C2NCCc3c2[nH]c2ccc(Cl)cc32)cc1OC,2.5,-0.3979400086720376,1,test,8.602059991327963,-2.2158149717197393,1.8178749630477018,1.8178749630477018
CN(C)CCN1C(=O)c2ccccc2/C=C\c2ccccc21,85200.0,-4.9304395947667,0,test,4.0695604052333,-3.1244547285727156,-1.8059848661939841,1.8059848661939841
CSc1ccc2c(c1)CC(N1CCN(C)CC1)c1ccccc1S2,1.1,-0.04139268515822508,0,test,8.958607314841775,-1.810041406414359,1.7686487212561341,1.7686487212561341
Cc1nn(C)c(C)c1-c1cccc(CCN(C)C)c1,1.9966666666666668,-0.300305567669649,0,test,8.69969443233035,-2.0351094070381954,1.7348038393685465,1.7348038393685465
FC(F)(F)Oc1ccc(-c2cn(Cc3ccccc3)c3c2CNCC3)cc1,10000.0,-4.0,1,test,5.0,-2.2958123458327573,-1.7041876541672427,1.7041876541672427
O=C1c2ccc(Cl)cc2CC1CCN1CCc2ccccc2C1,0.4838675,0.3152735472335314,0,test,9.31527354723353,-1.384144186690883,1.6994177339244145,1.6994177339244145
CN1CCN(c2nc(N)nc(CS(=O)(=O)c3ccccc3Cl)n2)CC1,98430.0,-4.99312748510571,0,test,4.00687251489429,-3.3148211397453258,-1.678306345360384,1.678306345360384
CC1CN(CCCn2c3ccccc3c3ccccc32)CC(C)N1,5000.0,-3.6989700043360187,0,test,5.301029995663981,-2.0404241910838032,-1.658545813252215,1.658545813252215
Cc1cc(C#N)c(OC2CNC2)cc1-c1ccccc1,10000.0,-4.0,0,test,5.0,-2.349768704841631,-1.650231295158369,1.650231295158369
Fc1ccc2c(CCNCc3cccc(OCC(F)(F)C(F)F)c3)c[nH]c2c1,8635.0,-3.9362623419034777,0,test,5.063737658096523,-2.2882475584877735,-1.6480147834157042,1.6480147834157042
Clc1ccccc1Cn1cc(-c2ccccc2)c2c1CCNC2,22887.0,-4.359588869615034,0,test,4.640411130384966,-2.7460319546724627,-1.613556914942571,1.613556914942571
O=C(c1ccc(F)cc1)C1CCN(CCCCn2c(=O)[nH]c3ccccc32)CC1,0.2,0.6989700043360187,0,test,9.698970004336019,-0.9112696911069658,1.6102396954429845,1.6102396954429845
O=C1Nc2cccc3ccc(CCCCN4CC=C(c5ccccc5)CC4)c1c23,2.14,-0.33041377334919086,0,test,8.669586226650809,-1.9375291307246076,1.6071153573754169,1.6071153573754169
CN(C)C1CCc2[nH]c3ccc(NC(=O)c4ccc(F)cc4)cc3c2C1,4851.0,-3.6858312746260635,0,test,5.3141687253739365,-2.1035454279823407,-1.5822858466437233,1.5822858466437233
CCC1(Oc2cc(Br)ccc2OCc2cccc(Cl)c2)CNC1,4589.0,-3.6617180576946593,1,test,5.338281942305341,-2.1122178817772355,-1.5495001759174238,1.5495001759174238
Clc1ccc(OC2CN(C(c3ccccc3)c3ccccc3)C2)c(OC2CNC2)c1,2669.0,-3.4263485737875077,0,test,5.573651426212493,-1.8848362601980384,-1.5415123135894697,1.5415123135894697
CCOc1nc2c(c(=O)n(C)c(=O)n2C)n1CCCN1CCc2ccccc2C1,5750.0,-3.7596678446896306,1,test,5.2403321553103694,-2.2699547813114065,-1.4897130633782245,1.4897130633782245
O=C1COc2ccc(OCCCCN3CCN(c4cccc(Cl)c4Cl)CC3)cc2N1,2.7,-0.43136376415898736,1,test,8.568636235841012,-1.9174711409640133,1.486107376805026,1.486107376805026
CN(C)CCSc1nccs1,6800.0,-3.832508912706236,0,test,5.167491087293763,-2.4003707528878793,-1.432138159818357,1.432138159818357
CCN(CCCN1CCC(c2noc3cc(F)ccc23)CC1)S(=O)(=O)C(C)CO,0.4,0.3979400086720376,1,test,9.397940008672037,-0.9890411229719198,1.3869811316439575,1.3869811316439575
CC(=O)c1ccc2c(c1)N(CCCN1CCN(CCO)CC1)c1ccccc1S2,2.4,-0.38021124171160603,0,test,8.619788758288394,-1.7646249050543292,1.3844136633427233,1.3844136633427233
O=c1ccc2ccc(OCCCCN3CCN(c4cccc5sccc45)CC3)cc2[nH]1,3.7,-0.568201724066995,0,test,8.431798275933005,-1.945028443173473,1.376826719106478,1.376826719106478
CC(O)C(=O)N(CC#N)CCN1CCC(c2noc3cc(F)ccc23)CC1,110.0,-2.041392685158225,1,test,6.958607314841775,-0.6816153501681421,-1.3597773349900828,1.3597773349900828
CCCCN1CCC(COC(=O)c2cc(Cl)c(NC)c3c2OCCO3)CC1,5702.0,-3.756027212973441,0,test,5.243972787026559,-2.409799615360448,-1.3462275976129932,1.3462275976129932
O=C1CCc2cc(OCCCN3CCN(c4ccccn4)CC3)ccc21,1594.0,-3.2024883170600935,1,test,5.7975116829399065,-1.8614566112437338,-1.3410317058163592,1.3410317058163592
CCCOc1nc2c(c(=O)n(C)c(=O)n2C)n1CCCN1CCc2ccccc2C1,4400.0,-3.6434526764861874,1,test,5.356547323513812,-2.3035213243260273,-1.3399313521601597,1.3399313521601597
Nc1nc(NCCCCN2CCN(c3ccccc3)CC2)nc(NCCc2c[nH]c3ccccc23)n1,8.0,-0.9030899869919435,1,test,8.096910013008056,-2.2247297901920553,1.3216398032001115,1.3216398032001115
CCCN(CCC)[C@H]1CCc2c(F)ccc(O)c2C1,3180.0,-3.5024271199844326,0,test,5.497572880015568,-2.191482761320574,-1.3109443586638592,1.3109443586638592
O=c1c2ccc(Cl)cc2oc2c(CN3CCN(CCO)CC3)cccc12,17420.0,-4.241048150671644,0,test,4.758951849328356,-2.990703491035709,-1.2503446596359353,1.2503446596359353
Nc1nc(NCCc2c[nH]c3ccccc23)nc(NCCN2CCN(c3ccccc3)CC2)n1,8.0,-0.9030899869919435,1,test,8.096910013008056,-2.1499413437065615,1.2468513567146178,1.2468513567146178
NC(=O)c1ccc2[nH]cc(CCCN3CCC(c4ccc(F)cc4-c4ccccc4)CC3)c2c1,1.1,-0.04139268515822508,0,test,8.958607314841775,-1.2810949321260594,1.2397022469678345,1.2397022469678345
Cc1c(S(=O)(=O)NCCCN2CCC(c3noc4cc(F)ccc34)CC2)sc2ccc(F)cc12,10.0,-1.0,1,test,8.0,0.23400765131403553,-1.2340076513140354,1.2340076513140354
c1ccc(-c2ccc(-n3cc(CN4CCN(c5ccccc5)CC4)c4ccccc43)cc2)cc1,1920.0,-3.2833012287035497,1,test,5.71669877129645,-2.053325980042269,-1.2299752486612805,1.2299752486612805
O=C1CCc2cc(C(=O)CCCN3CCN(c4ccccn4)CC3)ccc2N1,4.8,-0.6812412373755872,1,test,8.318758762624412,-1.8898369681489047,1.2085957307733175,1.2085957307733175
CC(C)c1cccc(OCCN2C3CCC2CC(NS(=O)(=O)c2ccc(F)cc2)C3)c1,1.0,-0.0,1,test,9.0,-1.2078776985371933,1.2078776985371933,1.2078776985371933
COc1ccc(CNCCC(c2ccco2)c2ccccc2OC)cc1,10400.0,-4.017033339298781,0,test,4.982966660701219,-2.819171743278665,-1.1978615960201155,1.1978615960201155
O=C(CCN1CCN(c2cccc(Cl)c2)CC1)N1CCN(c2cccc(Cl)c2)CC1,2761.0,-3.4410664066392633,1,test,5.558933593360736,-2.2506652387261377,-1.1904011679131261,1.1904011679131261
CCc1ccccc1N1CCN(CCCCCC(=O)NC2CCCc3ccccc32)CC1,7.1,-0.8512583487190752,1,test,8.148741651280925,-2.0414412700988565,1.1901829213797812,1.1901829213797812
CC1(c2ccc(Cl)cc2)NC(=O)N(CC(O)CN2CCN(C(c3ccccc3)c3ccccc3)CC2)C1=O,8.0,-0.9030899869919435,0,test,8.096910013008056,-2.0834695007369253,1.1803795137449815,1.1803795137449815
Cc1nc2ccc(OCCCN3CCN(c4cccc(C(F)(F)F)c4)CC3)cc2c(=O)n1C,8.3,-0.919078092376074,0,test,8.080921907623926,-2.0979636291404518,1.1788855367643778,1.1788855367643778
O=C1NCN(c2ccccc2)C12CCN(CCCCc1nc3cc(Cl)ccc3s1)CC2,1591.5,-3.2018066429570218,0,test,5.798193357042978,-2.024099942950456,-1.1777067000065657,1.1777067000065657
COc1ccc(C)cc1-c1ccccc1C1CCNC1,1699.81,-3.2304003798705736,0,test,5.769599620129426,-2.054092925772808,-1.1763074540977656,1.1763074540977656
COc1ccc(/C=C2\NC(=O)N(CCCCN3CCN(c4ccccc4OC)CC3)C2=O)cc1OC1CCCC1,1.0,-0.0,1,test,9.0,-1.171764874823487,1.171764874823487,1.171764874823487
COc1ccc2onc(N3CCN(CCCCCC(=O)c4ccccc4O)CC3)c2c1,462.0,-2.6646419755561257,0,test,6.335358024443874,-1.4984839193229118,-1.166158056233214,1.166158056233214
CCC1(CCCCN2CC=C(c3cccc(Cl)c3)CC2)C(=O)Nc2ccc(F)cc21,52.0,-1.7160033436347992,1,test,7.2839966563652006,-0.5723430433411195,-1.1436603002936798,1.1436603002936798
COc1ccc(-c2c([N+](=O)[O-])ccn2C)cc1,17.0,-1.2304489213782739,0,test,7.769551078621726,-2.3723473780062996,1.1418984566280255,1.1418984566280255
COc1cccc(OC)c1-c1ccc2c(c1)C[C@H](N(C)C)CO2,367.0,-2.5646660642520893,1,test,6.435333935747911,-1.4257475406187303,-1.138918523633359,1.138918523633359
CC(=O)NC1c2ccccc2-c2ccc(C(=O)N=C(N)N)cc21,180.0,-2.255272505103306,0,test,6.7447274948966935,-1.117065507515587,-1.138206997587719,1.138206997587719
CN(C)C[C@H]1CC2c3ccccc3Cc3ccccc3[C@H]2O1,13.0,-1.1139433523068367,0,test,7.886056647693163,-2.2438009763419062,1.1298576240350695,1.1298576240350695
O=c1scc(O)n1CCCCCCCCNCC1CCc2ccccc2O1,12.0,-1.0791812460476249,1,test,7.920818753952375,-2.20860218303112,1.129420936983495,1.129420936983495
C[C@H](Nc1ccnc(NCCOc2ccc(F)cc2)n1)c1ccccc1,0.3,0.5228787452803376,1,test,9.522878745280337,-0.6033592430889894,1.126237988369327,1.126237988369327
C[C@H](Nc1ncnc(NCCOc2ccccc2)n1)c1ccccc1,3.0,-0.47712125471966244,1,test,8.522878745280337,-1.600920034412688,1.1237987796930256,1.1237987796930256
CC(C)c1ccccc1N1CCN(CCCCCC(=O)NCc2ccccc2)CC1,215.0,-2.3324384599156054,1,test,6.667561540084394,-1.2120298406813952,-1.1204086192342102,1.1204086192342102
COc1cc(CNCCC2=CCCCC2)ccc1OCc1ccccc1,8000.0,-3.9030899869919438,0,test,5.096910013008056,-2.7868271773168822,-1.116262809675062,1.116262809675062
CC(Sc1cc(Cl)ccc1Cl)c1nc(N)nc(N2CCN(C)CC2)n1,60950.0,-4.784973709954401,1,test,4.215026290045599,-3.670083925441095,-1.1148897845133061,1.1148897845133061
O=c1[nH]c(CCCCN2CCN(c3ccc(Cl)cc3)CC2)nc2ccccc12,1135.0,-3.0549958615291417,1,test,5.945004138470859,-1.9703854161319916,-1.0846104453971501,1.0846104453971501
O=S(=O)(NCCCCN1CCN(c2noc3ccccc23)CC1)c1ccc(OC(F)(F)F)cc1,270.0,-2.4313637641589874,1,test,6.568636235841012,-1.3484233365803737,-1.082940427578614,1.082940427578614
Nc1nc(NCCc2cccc(Cl)c2Cl)nc(NCCc2c[nH]c3ccccc23)n1,61.0,-1.7853298350107671,1,test,7.214670164989233,-2.8471453599991023,1.0618155249883352,1.0618155249883352
O=c1[nH]c2ccccc2n1CCCCCN1CCCN(c2ccc(F)cc2)CC1,0.69,0.16115090926274472,1,test,9.161150909262744,-0.8918419731787067,1.0529928824414514,1.0529928824414514
CC1CCN(CC[C@H]2CCCN2S(=O)(=O)c2ccc3oc(O)nc3c2)CC1,166.0,-2.220108088040055,0,test,6.779891911959945,-1.1680252174640426,-1.0520828705760124,1.0520828705760124
c1ccc2c3c([nH]c2c1)C(Cc1ccc2c(c1)OCO2)NCC3,9.0,-0.9542425094393249,0,test,8.045757490560675,-2.00597334798927,1.051730838549945,1.051730838549945
Clc1ccc(OCC2CCCO2)c(OC2CNC2)c1,1269.0,-3.103461622094705,1,test,5.896538377905295,-2.052319439911043,-1.051142182183662,1.051142182183662
COc1ccc2[nH]c(C)c(CCNCc3ccc(-c4ccc(O)cc4)o3)c2c1,5316.0,-3.725584972270694,1,test,5.274415027729306,-2.696850803521506,-1.028734168749188,1.028734168749188
Fc1ccc(N2CCN(CCCc3c[nH]c4ccc(F)cc34)CC2)c(-c2cn[nH]c2)c1,0.9,0.045757490560675115,1,test,9.045757490560675,-0.9751791437549768,1.0209366343156518,1.0209366343156518
O=S(=O)(NCCCCN1CCC(c2noc3cc(F)ccc23)CC1)c1cc2ccc(Cl)cc2s1,1.3,-0.11394335230683679,1,test,8.886056647693163,-1.1306219487158338,1.016678596408997,1.016678596408997
COc1ccccc1N1CCN(CC(O)CN2C(=O)NC(C)(c3ccc(F)cc3)C2=O)CC1,3.0,-0.47712125471966244,1,test,8.522878745280337,-1.4834261660641763,1.006304911344514,1.006304911344514
O=S(=O)(NC1CCN(CCOc2cccc(Br)c2)CC1)c1ccccc1,41.0,-1.6127838567197355,1,test,7.3872161432802645,-2.60714974979669,0.9943658930769541,0.9943658930769541
Clc1ccc(Oc2cc3ccccc3cn2)c(OC2CNC2)c1,1097.0,-3.0402066275747113,1,test,5.959793372425288,-2.0488996819937664,-0.9913069455809453,0.9913069455809453
CN(CCCN1CCN(c2cccc3ccccc23)CC1)c1cccc(O)c1,2.9,-0.4623979978989561,1,test,8.537602002101044,-1.4410022163549214,0.9786042184559653,0.9786042184559653
COc1ccccc1N1CCN(Cc2ccn(-c3ccccc3C#N)c2)CC1,5.4,-0.7323937598229685,0,test,8.267606240177031,-1.7095969937566868,0.9772032339337183,0.9772032339337183
c1ccc(CC2=NCCN2)cc1,2000.0,-3.3010299956639813,0,test,5.698970004336019,-2.337918986970667,-0.9631110086933141,0.9631110086933141
Cc1cccc(C)c1-c1cccc(CCN(C)C)c1,6.2,-0.7923916894982539,1,test,8.207608310501746,-1.7492984045602658,0.9569067150620119,0.9569067150620119
CCOc1ccccc1CN=C(N)NC(=O)NC,49.0,-1.6901960800285136,0,test,7.309803919971486,-2.642727195110496,0.9525311150819824,0.9525311150819824
COc1ccc2[nH]cc(CCN(C(C)C)C(C)C)c2c1,1231.0,-3.090258052931316,0,test,5.909741947068683,-2.1465550113081395,-0.9437030416231766,0.9437030416231766
CCOc1ccccc1C(=O)NC1CCN(CCOc2cccc(NC(C)=O)c2)C1,3372.0,-3.527887565952705,0,test,5.472112434047295,-2.586542280042596,-0.941345285910109,0.941345285910109
CC1(C)CC(=O)N(CCCCN2Cc3ccccc3C2)C(=O)C1,739.0,-2.8686444383948255,0,test,6.131355561605174,-1.9449888530230297,-0.9236555853717954,0.9236555853717954
O=C(CCCN1CCN(c2ncccn2)CC1)c1nc2ccccc2s1,2467.0,-3.392169149489736,1,test,5.607830850510264,-2.471122929497944,-0.9210462199917919,0.9210462199917919
NC(=O)[C@@H]1CCCN1C(=O)CCCCCN1CCN(c2ccccc2F)CC1,3134.0,-3.496098992132571,1,test,5.503901007867428,-2.5751814434100844,-0.9209175487224868,0.9209175487224868
CN1CCc2ccc3c4c2[C@H]1Cc1cccc(c1-4)C3,6.9,-0.8388490907372553,1,test,8.161150909262744,-1.7423447774553218,0.9034956867180665,0.9034956867180665
O=S(=O)(Nc1ccc2nccc(N3CCNCC3)c2c1)c1ccc2c(Cl)cccc2c1,2512.0,-3.4000196350651586,0,test,5.599980364934842,-2.496921760383773,-0.9030978746813858,0.9030978746813858
CCOc1ccccc1OCCN[C@H](C)Cc1ccc(OC)c(S(N)(=O)=O)c1,84.0,-1.9242792860618816,0,test,7.075720713938118,-2.8217288096836155,0.8974495236217339,0.8974495236217339
O=c1[nH]c2ccccc2n1CCCCCN1CCN(c2ncncn2)CC1,260.0,-2.4149733479708178,1,test,6.585026652029182,-1.5238426683384874,-0.8911306796323304,0.8911306796323304
CCOCC(Oc1c(C)cccc1C)N1CCN(c2ccccc2OC)CC1,156.0,-2.1931245983544616,0,test,6.806875401645538,-1.3038909970863575,-0.8892336012681041,0.8892336012681041
CNCc1ccc(OC)c(-c2ccccc2OC)c1,648.0,-2.8115750058705933,1,test,6.188424994129407,-1.927195403472191,-0.8843796023984023,0.8843796023984023
O=S(=O)(NCCCCN1CCN(c2noc3ccccc23)CC1)c1ccc2cc(Cl)ccc2c1,6.7,-0.8260748027008264,1,test,8.173925197299173,-1.7076124855390085,0.881537682838182,0.881537682838182
O=c1n(CCCCCCNCC2CCc3ccccc3O2)c(O)c2n1CCC2,7.6,-0.8808135922807914,1,test,8.119186407719209,-1.7558424841786933,0.8750288918979019,0.8750288918979019
Clc1ccc(Oc2ccc3cccnc3n2)c(OC2CNC2)c1,544.0,-2.73559889969818,1,test,6.26440110030182,-1.8721046697022947,-0.8634942299958852,0.8634942299958852
Cc1cccc(C)c1N1CCN(CCCCC23CCCc4cccc(c42)NC3=O)CC1,147.5,-2.1687920203141817,1,test,6.831207979685818,-1.3065746732257597,-0.862217347088422,0.862217347088422
CCN(CCCN1CCc2cc(OC)ccc2C1)S(=O)(=O)c1cccc2ccccc12,560.0,-2.7481880270062002,0,test,6.251811972993799,-1.8860896048403564,-0.8620984221658434,0.8620984221658434
CC(=O)c1ccc(OCC(O)CN2CCN(c3ccc(Cl)cc3)CC2)cc1,7132.0,-3.853211334503317,1,test,5.146788665496683,-2.995511334388863,-0.8577000001144541,0.8577000001144541
CC(Nc1nccc(NCCOc2ccc(F)cc2)n1)c1ccccc1,1.0,-0.0,1,test,9.0,-0.8557850275048612,0.8557850275048612,0.8557850275048612
COc1ccc(-c2ccccc2Cl)cc1OC1CN(C(C)C)C1,532.97,-2.726702763996298,0,test,6.273297236003701,-1.8728523267582804,-0.8538504372380178,0.8538504372380178
Clc1ccc(Oc2nc3ccccc3o2)c(OC2CNC2)c1,31.0,-1.4913616938342726,1,test,7.508638306165727,-2.330019723959312,0.8386580301250395,0.8386580301250395
COc1ccccc1-c1cc(CN2CCN(c3ccccc3OC)CC2)cc2c1OCO2,34.0,-1.5314789170422551,0,test,7.468521082957745,-2.368139630970499,0.836660713928244,0.836660713928244
Cc1nc2ccccc2c(=O)n1CCCCCN1CCN(c2ccc(Cl)cc2)CC1,327.0,-2.514547752660286,0,test,6.485452247339714,-1.6848898544817326,-0.8296578981785534,0.8296578981785534
Cc1ccc(N2CCN(CCCCC3C(=O)Nc4ccccc43)CC2)cc1,1.1,-0.04139268515822508,1,test,8.958607314841775,-0.8627772005410382,0.8213845153828132,0.8213845153828132
O=c1sc2ccccc2n1CCCCN1CCN(c2cccc(Cl)c2)CC1,1.7,-0.2304489213782739,1,test,8.769551078621726,-1.0467516588119719,0.816302737433698,0.816302737433698
CCC1(CCCCN2CCN(c3cccc(F)c3)CC2)C(=O)Nc2ccccc21,11.0,-1.0413926851582251,1,test,7.958607314841775,-0.23149130325532954,-0.8099013819028956,0.8099013819028956
O=C(CCCCCN1CCN(c2ccccc2-c2ccccc2)CC1)NCc1ccncc1,0.98,0.00877392430750515,1,test,9.008773924307505,-0.7989604024338834,0.8077343267413886,0.8077343267413886
FC(F)(F)c1cc(Oc2nccc3ccsc23)ccc1-c1cccc2nccn12,3800.0,-3.57978359661681,0,test,5.42021640338319,-2.7749797757724086,-0.8048038208444015,0.8048038208444015
COc1ccc2c(c1)CC[C@@H](N)C2,1585.0,-3.2000292665537704,0,test,5.79997073344623,-2.397962728981802,-0.8020665375719682,0.8020665375719682
CN1CC[C@@H](Oc2ccc(Cl)cc2Oc2ccc(F)cc2)C1,660.0,-2.8195439355418688,0,test,6.180456064458131,-2.018772297444619,-0.8007716380972498,0.8007716380972498
Clc1ccc2c(c1)NC(N1CCNCC1)=c1ccccc1=N2,14.9,-1.173186268412274,0,test,7.826813731587726,-1.9691636462805848,0.7959773778683108,0.7959773778683108
Clc1cccc(Cn2cc(-c3ccccc3)c3c2CCNC3)c1,6600.0,-3.8195439355418688,0,test,5.180456064458131,-3.0275527767376285,-0.7919911588042403,0.7919911588042403
Cc1ccc2c(c1)C(Oc1ccc(Cl)cc1OC1CNC1)CC2,15.0,-1.1760912590556813,1,test,7.823908740944319,-1.9664015464182873,0.7903102873626062,0.7903102873626062
CN1CCCCC1CCN1c2c(Cl)cc(Cl)cc2Sc2cc(Cl)cc(Cl)c21,1003.0,-3.0013009330204183,0,test,5.998699066979581,-2.213124106224395,-0.7881768267960232,0.7881768267960232
O=S(=O)(NCCCN1CCN(c2noc3ccccc23)CC1)c1ccc2ccccc2c1,120.0,-2.0791812460476247,1,test,6.920818753952375,-1.291305481078326,-0.7878757649692987,0.7878757649692987
COc1ccc(S(=O)(=O)Nc2cc(Br)ccc2Br)cc1N1CCNCC1,1.0,-0.0,0,test,9.0,-0.7877245450626966,0.7877245450626966,0.7877245450626966
CCCN(CCC)C1CCc2ccc(O)cc2C1,1014.0,-3.0060379549973173,0,test,5.993962045002682,-2.22113623399299,-0.7849017210043274,0.7849017210043274
Cn1c(=O)c2c(nc3n(CCCCCN4CCN(c5ccccc5O)CC4)c(=O)ccn23)n(C)c1=O,473.0,-2.6748611407378116,0,test,6.325138859262188,-1.8931342590779203,-0.7817268816598917,0.7817268816598917
Cc1sc2nc(CCCCN3CCN(c4ccccc4)CC3)[nH]c(=O)c2c1C,357.0,-2.552668216112193,1,test,6.447331783887806,-1.772802108615075,-0.7798661074971183,0.7798661074971183
CCCN(CCC)[C@H]1CCc2c(cccc2-c2ccccc2OC)C1,1.73,-0.2380461031287954,0,test,8.761953896871205,-1.0164069794994908,0.7783608763706954,0.7783608763706954
CCN(CCN1CCC(n2ncc3cc(F)ccc32)CC1)S(=O)(=O)C(C)CO,2.4,-0.38021124171160603,1,test,8.619788758288394,-1.1566907381032638,0.7764794963916579,0.7764794963916579
CCCOC1CCCc2ccc(/N=C/N3CCc4cc(OC)c(OC)cc4C3)cc21,5300.0,-3.724275869600789,0,test,5.275724130399211,-2.9533736932705046,-0.7709021763302846,0.7709021763302846
C[C@H](Nc1ccnc(NCCOc2ccc(F)cc2)c1)c1ccccc1,0.2,0.6989700043360187,1,test,9.698970004336019,-0.06903995918216342,0.7680099635181822,0.7680099635181822
O=S(=O)(NCCCN1CCC(c2noc3cc(F)ccc23)CC1)c1cccc2scnc12,1.3,-0.11394335230683679,1,test,8.886056647693163,-0.876655681878446,0.7627123295716093,0.7627123295716093
OC(CN1CCN(c2cccc(Cl)c2)CC1)C(c1ccccc1)c1ccccc1,501.18,-2.6999937317895015,0,test,6.300006268210499,-1.9373341924678453,-0.7626595393216558,0.7626595393216558
CC(C)(CCN1CCN(c2ccc(F)cc2)CC1)CCn1c(=O)[nH]c2ccccc21,1.9,-0.2787536009528289,0,test,8.721246399047171,-1.0333026158536347,0.7545490149008058,0.7545490149008058
Clc1ccc(OCc2cc3ccccc3o2)c(OC2CNC2)c1,25.0,-1.3979400086720377,1,test,7.6020599913279625,-2.1519068713234986,0.7539668626514611,0.7539668626514611
CN(C)C1CCc2c(cccc2-c2cc(Cl)cc(Cl)c2)C1,400.0,-2.6020599913279625,0,test,6.3979400086720375,-1.8482334362191934,-0.7538265551087691,0.7538265551087691
COc1cc2ncnc(N3CCC(CN4CCN(c5ccccc5OC)CC4)C3)c2cc1OC,56.0,-1.7481880270062005,1,test,7.251811972993799,-2.501332521876875,0.7531444948706747,0.7531444948706747
O=C(CCN1CCN(Cc2ccccc2)CC1)N1CCN(c2ncccn2)CC1,24.0,-1.380211241711606,0,test,7.619788758288394,-2.1319394499767395,0.7517282082651335,0.7517282082651335
O=c1[nH]c2ccccc2n1CCCCCN1CCCN(c2ccccn2)CC1,48.9,-1.6893088591236203,1,test,7.310691140876379,-0.9400297028624749,-0.7492791562611456,0.7492791562611456
Cc1ccc(N2CCN(Cc3ccccc3-c3ccccc3)CC2)cc1,2760.0,-3.4409090820652177,0,test,5.559090917934782,-2.6922031593302176,-0.7487059227350001,0.7487059227350001
CC(C)n1nc2c(c1-c1ccc(Cl)cc1Cl)CCNCC2,400.0,-2.6020599913279625,1,test,6.3979400086720375,-1.866806470446682,-0.7352535208812805,0.7352535208812805
Clc1ccc(OCC2CCCCC2)c(OC2CNC2)c1,23.0,-1.3617278360175928,1,test,7.638272163982407,-2.0934802378286457,0.7317524018110528,0.7317524018110528
CCOc1ccccc1C(=O)NC1CCN(CCOc2cccc(F)c2)CC1,2375.0,-3.3756636139608855,0,test,5.624336386039115,-2.648089326515512,-0.727574287445373,0.727574287445373
CN1CCN(c2nc(N)nc(Cc3c[nH]c4ccccc34)n2)CC1,16790.0,-4.225050696138049,0,test,4.774949303861951,-3.502536259200679,-0.7225144369373702,0.7225144369373702
OC1(c2ccc(Cl)cc2)CC2CCC(C1)N2CCCSc1ccc(F)cc1,97.0,-1.9867717342662448,0,test,7.013228265733755,-2.708314612675904,0.7215428784096591,0.7215428784096591
NC(=O)[C@@H]1CCCN1C(=O)CCCCCN1CCN(c2ccc(F)cc2)CC1,1188.0,-3.074816440645175,0,test,5.925183559354825,-2.355920689422457,-0.7188957512227176,0.7188957512227176
COc1cc2c3c(c1OC)-c1cc4c(cc1C[C@@H]3N(C)CC2)OCO4,67.0,-1.8260748027008264,0,test,7.173925197299173,-2.54214768795552,0.7160728852546936,0.7160728852546936
CCn1cncc1-c1c[nH]c2ccc(F)cc12,302.0,-2.4800069429571505,1,test,6.51999305704285,-1.7639634286622905,-0.71604351429486,0.71604351429486
COc1ccccc1N1CCN(CCCCCC(=O)c2ccccc2O)CC1,5.8,-0.7634279935629372,1,test,8.236572006437063,-1.4760940508704856,0.7126660573075484,0.7126660573075484
COc1ccc(-c2ccccc2Cl)cc1OC1CNC1,4.42,-0.6454222693490919,1,test,8.354577730650908,-1.3547051287817373,0.7092828594326455,0.7092828594326455
COc1ccccc1N1CCN(CCCCn2ncc(=O)n(C)c2=O)CC1,12.9,-1.110589710299249,0,test,7.889410289700751,-1.816389558002826,0.705799847703577,0.705799847703577
Clc1ccc(OCc2csc(-c3cccs3)n2)c(OC2CNC2)c1,49.0,-1.6901960800285136,0,test,7.309803919971486,-2.3921915901576503,0.7019955101291366,0.7019955101291366
FC(F)(F)Oc1ccc(COc2ccc(Cl)cc2OC2CNC2)cc1Cl,130.0,-2.113943352306837,0,test,6.886056647693163,-1.4133611647922733,-0.7005821875145637,0.7005821875145637
O=c1sc2ccccc2n1CCCCN1CCc2ccccc2C1,2.8,-0.4471580313422192,1,test,8.55284196865778,-1.1402759638609856,0.6931179325187664,0.6931179325187664
Cc1c(NC2=NCCN2)cccc1-c1cccnc1,257.0,-2.4099331233312946,1,test,6.590066876668706,-1.7173772255563768,-0.6925558977749178,0.6925558977749178
CN(C)c1ccc2c(c1)-c1cccc3c1C(C2)N(C)CC3,17.0,-1.2304489213782739,0,test,7.769551078621726,-1.91944097810045,0.6889920567221759,0.6889920567221759
OC1(c2ccc(Cl)cc2)CCN(CCCOc2ccc(F)cc2)CC1,656.0,-2.8169038393756605,0,test,6.1830961606243395,-2.129482189335806,-0.6874216500398544,0.6874216500398544
COc1cc2c3c(c1OCC1CC1)-c1cc(N(C)C)ccc1CC3N(C)CC2,752.0,-2.876217840591642,0,test,6.123782159408358,-2.1905577966060195,-0.6856600439856226,0.6856600439856226
Cc1cccc(-c2n[nH]cc2N2CCCNCC2)c1,12.0,-1.0791812460476249,1,test,7.920818753952375,-1.7510590739804206,0.6718778279327957,0.6718778279327957
O=c1[nH]c(CCCCN2CCN(c3ccccc3)CC2)nc2cc(-c3ccccc3)sc12,106.0,-2.0253058652647704,0,test,6.97469413473523,-1.3647429882000717,-0.6605628770646987,0.6605628770646987
CCC(=O)Nc1nc(C)c(-c2cn(S(=O)(=O)c3ccccc3)c3ccc(F)cc23)[nH]1,8511.0,-3.9299805905155147,0,test,5.070019409484486,-3.2739106918529206,-0.6560698986625937,0.6560698986625937
CCCNCc1ccc(Cl)c(-c2ccccc2OC)c1,6.55,-0.8162412999917831,0,test,8.183758700008218,-1.4635045164677138,0.6472632164759308,0.6472632164759308
O=S(=O)(NCCCN1CCC(c2noc3cc(F)ccc23)CC1)c1ccc2cc(Cl)ccc2c1,18.0,-1.255272505103306,1,test,7.7447274948966935,-0.6084190572866727,-0.6468534478166333,0.6468534478166333
O=[N+]([O-])c1ccccc1N1CCN(CCCCCCN2c3cccc4cccc(c34)S2(=O)=O)CC1,822.0,-2.9148718175400505,0,test,6.0851281824599495,-2.271080301790985,-0.6437915157490655,0.6437915157490655
Cc1c(NC2=NCCN2)cccc1-c1cccc(C(C)C)c1,182.0,-2.2600713879850747,0,test,6.739928612014925,-1.6260478367786773,-0.6340235512063974,0.6340235512063974
O=S(=O)(NCCCCN1CCN(c2noc3ccccc23)CC1)c1ccc(Cl)c(Cl)c1,0.7,0.1549019599857432,1,test,9.154901959985743,-0.4764602754281736,0.6313622354139168,0.6313622354139168
CCOc1ccccc1N1CCN(CCCCCOc2cc(-c3ccccc3)ncn2)CC1,24.0,-1.380211241711606,0,test,7.619788758288394,-2.010602126211106,0.6303908844995001,0.6303908844995001
Clc1ccc(OCc2ccccc2)c(OC2CNC2)c1,9.0,-0.9542425094393249,1,test,8.045757490560675,-1.5837744534807447,0.62953194404142,0.62953194404142
CCCN[C@H]1CCc2nc(N)sc2C1,1188.0,-3.074816440645175,0,test,5.925183559354825,-2.446439499674943,-0.6283769409702318,0.6283769409702318
O=c1[nH]c2ccccc2n1CCCCN1CCN(c2ccccc2)CC1,48.0,-1.6812412373755872,1,test,7.318758762624412,-1.0554333721153963,-0.6258078652601908,0.6258078652601908
O=C(CCCCN1CCN(c2ccccc2)CC1)c1nc2ccccc2s1,62.6,-1.7965743332104296,1,test,7.20342566678957,-2.4222952048669892,0.6257208716565597,0.6257208716565597
O=C1c2cccc3cccc(c23)N1CCCCCCN1CCN(c2ccc(Cl)cc2)CC1,124.0,-2.093421685162235,1,test,6.906578314837764,-2.719129309658841,0.6257076244966058,0.6257076244966058
COc1ccccc1-n1cc(CN2CCN(c3ccccc3)CC2)c2ccccc21,70.0,-1.845098040014257,0,test,7.154901959985743,-1.2197723086471788,-0.6253257313670781,0.6253257313670781
CC1(C)C(=O)N(Cc2ccc(Cl)cc2Cl)C(=O)N1CCCCCN1CCN(c2ccc(Cl)cc2)CC1,456.0,-2.658964842664435,1,test,6.341035157335565,-2.036817475806939,-0.6221473668574959,0.6221473668574959
O=c1sc2ccccc2n1CCCCN1CCN(c2ccccc2)CC1,36.0,-1.5563025007672873,1,test,7.443697499232712,-0.9417594187283239,-0.6145430820389634,0.6145430820389634
CN(C1CCN(CCOc2ccccc2-c2ccccc2)CC1)S(=O)(=O)c1ccc(F)cc1,5.0,-0.6989700043360189,1,test,8.301029995663981,-1.3112511377329046,0.6122811333968857,0.6122811333968857
CCCc1ccccc1N1CCN(CCCCCC(=O)NC2CCCc3ccccc32)CC1,49.6,-1.6954816764901974,1,test,7.304518323509803,-2.3075247082055372,0.6120430317153398,0.6120430317153398
O=S(=O)(NCCN1CCc2ccccc2C1)c1ccccc1,773.0,-2.888179493918325,0,test,6.111820506081675,-2.280460307502285,-0.6077191864160398,0.6077191864160398
O=S(=O)(NCCCCN1CCN(c2nsc3ccccc23)CC1)c1cccs1,3.2,-0.505149978319906,1,test,8.494850021680094,-1.1115123706353445,0.6063623923154384,0.6063623923154384
CN(C1CCN(CCOc2ccccc2-c2ccccc2)CC1)S(=O)(=O)c1ccccc1,100.0,-2.0,1,test,7.0,-1.3982881840097274,-0.6017118159902726,0.6017118159902726
O=C(Nc1ccc2cnn(S(=O)(=O)c3cccc4ccccc34)c2c1)C1CCNCC1,6900.0,-3.838849090737255,0,test,5.161150909262744,-3.2397204161217483,-0.5991286746155069,0.5991286746155069
CC(Oc1ccccc1Cl)c1nc(N)nc(N2CCN(C)CC2)n1,38730.0,-4.588047496986083,0,test,4.411952503013917,-3.9894802301723864,-0.5985672668136965,0.5985672668136965
O=S(=O)(NCCCN1CC=C(c2c[nH]c3ccc(Cl)cc23)CC1)c1ccc(Cl)cc1,6.0,-0.7781512503836436,1,test,8.221848749616356,-1.3739942762686876,0.595843025885044,0.595843025885044
CCC1(C)CC(CCNCc2ccccc2)(c2ccc(C)cc2)CCO1,10100.0,-4.004321373782642,0,test,4.995678626217358,-3.4105150174153356,-0.5938063563673066,0.5938063563673066
O=C(NC1CCN(CCSc2ccccc2-c2ccccc2)CC1)c1ccc2ccccc2n1,865.0,-2.9370161074648142,1,test,6.062983892535186,-2.352812561579968,-0.5842035458848462,0.5842035458848462
CCCC(=O)Nc1ccc2c(c1)-c1c(OC)c(OC)cc3c1C(C2)N(C)CC3,67.0,-1.8260748027008264,0,test,7.173925197299173,-2.4078757903048778,0.5818009876040513,0.5818009876040513
O=S(=O)(NCCN1CC=C(c2c[nH]c3ccc(Cl)cc23)CC1)c1cccc(O)c1,1.0,-0.0,1,test,9.0,-0.5783044026582776,0.5783044026582776,0.5783044026582776
O=C(CCCCCN1CCN(c2nc3ccccc3[nH]2)CC1)c1ccccc1O,682.0,-2.833784374656479,0,test,6.166215625343521,-2.2597052514988416,-0.5740791231576372,0.5740791231576372
CCCCC(Oc1cc(Cl)cc(Cl)c1)c1nc(Nc2ccccc2)nc(N2CCN(C)CC2)n1,33590.0,-4.526210003841665,0,test,4.473789996158335,-3.953674839111475,-0.5725351647301897,0.5725351647301897
CN(CCCN1CCC(N(c2ccccc2)c2ccccc2)CC1)c1cccc(O)c1,310.0,-2.4913616938342726,0,test,6.508638306165727,-1.9240419296375664,-0.5673197641967063,0.5673197641967063
O=S(=O)(NC1CCN(CCOc2ccc(Br)cc2)CC1)c1ccccc1,3187.0,-3.5033820634737327,1,test,5.496617936526267,-2.9382496292236477,-0.565132434250085,0.565132434250085
CN1CCN(c2nc(N)nc(C(C)(C)[Se]c3ccccc3)n2)CC1,5244.0,-3.7196626830180466,0,test,5.280337316981953,-3.1555003791641925,-0.5641623038538546,0.5641623038538546
CCC1(CCCCN2CCN(c3ccc(Cl)cc3)CC2)C(=O)Nc2c1cc(Cl)c(F)c2Cl,96.0,-1.9822712330395684,0,test,7.017728766960431,-1.4181090430892749,-0.5641621899502935,0.5641621899502935
FC(F)(F)c1ccc(COc2ccc(Cl)cc2OC2CCCNC2)o1,94.0,-1.9731278535996986,1,test,7.026872146400302,-1.4091661663715775,-0.5639616872281208,0.5639616872281208
Clc1ccc2c(c1)C(Oc1ccc(Br)cc1OC1CNC1)CC2,84.0,-1.9242792860618816,0,test,7.075720713938118,-1.3633463272897008,-0.5609329587721807,0.5609329587721807
Cc1nc(COc2ccc(Cl)cc2OC2CNC2)cs1,83.0,-1.919078092376074,1,test,7.080921907623926,-2.475187461489414,0.5561093691133399,0.5561093691133399
O=C(CCCN1CCCN(c2ccccn2)CC1)c1ccc(F)cc1,569.0,-2.7551122663950713,0,test,6.244887733604928,-2.2041932773372777,-0.5509189890577941,0.5509189890577941
COc1ccccc1N1CCN(CCCCN2Cc3ccccc3C2=O)CC1,158.0,-2.1986570869544226,0,test,6.801342913045577,-1.648484804314886,-0.5501722826395361,0.5501722826395361
COc1ccccc1N1CCN(CCCCCC(=O)N2CCC[C@H]2C(N)=O)CC1,1199.0,-3.0788191830988487,1,test,5.921180816901151,-2.531888537740045,-0.5469306453588039,0.5469306453588039
O=S(=O)(c1ccccc1)C1(CCCN2CCC(c3ccccc3)C2)CCC1,9.0,-0.9542425094393249,0,test,8.045757490560675,-1.4986975452503828,0.544455035811058,0.544455035811058
CCn1cncc1-c1c[nH]c2cccc(F)c12,386.0,-2.586587304671755,1,test,6.413412695328245,-2.0470345019045597,-0.5395528027671954,0.5395528027671954
C[C@@]12COc3c(-c4ccccc4)cccc3[C@@H]1CCN2,23.0,-1.3617278360175928,1,test,7.638272163982407,-1.901083478684499,0.5393556426669062,0.5393556426669062
COc1ccccc1N1CCN(CCCCCC(=O)N2Cc3ccccc3C2)CC1,179.0,-2.2528530309798933,1,test,6.747146969020107,-1.717808734189715,-0.5350442967901783,0.5350442967901783
CC(Oc1ccc(Cl)cc1OC1CNC1)c1ccccc1F,33.0,-1.5185139398778875,1,test,7.481486060122112,-2.0462103721666964,0.5276964322888089,0.5276964322888089
CN1CCc2ccc3c(=O)[nH]c4cccc5c4c3c2[C@H]1C5,55.0,-1.7403626894942439,0,test,7.259637310505756,-2.2655412731691387,0.5251785836748946,0.5251785836748946
CCSc1cc(OC)c(CC(N)CC)cc1OC,3829.0,-3.583085366347688,0,test,5.416914633652312,-3.0607557605186066,-0.5223296058290812,0.5223296058290812
O=S(=O)(NC1CCN(CCOc2cccc(C(F)(F)F)c2)CC1)c1ccccc1,1580.0,-3.1986570869544226,0,test,5.801342913045577,-2.681155598464262,-0.5175014884901601,0.5175014884901601
O=c1[nH]c(CCCCN2CCN(Cc3ccccc3)CC2)nc2c1sc1ccccc12,56.0,-1.7481880270062005,0,test,7.251811972993799,-2.264326341131322,0.5161383141251215,0.5161383141251215
Cc1ccc(C(C)C)c(OCc2nc(N)nc(N3CCN(C)CC3)n2)c1,11950.0,-4.077367905284157,0,test,4.922632094715843,-3.5618384326767436,-0.5155294726074131,0.5155294726074131
O=S(=O)(NCCCN1CCN(c2nsc3ccccc23)CC1)c1ccc2ccccc2c1,1.5,-0.17609125905568124,1,test,8.823908740944319,-0.6912422442313154,0.5151509851756342,0.5151509851756342
CNCc1cc2c(c(-c3ccccc3OC)c1)OCO2,1476.0,-3.1690863574870227,0,test,5.830913642512977,-2.6591851698108,-0.5099011876762227,0.5099011876762227
O=S(=O)(NCCCCN1CCN(c2noc3ccccc23)CC1)c1cccs1,67.0,-1.8260748027008264,1,test,7.173925197299173,-1.3165593602336818,-0.5095154424671446,0.5095154424671446
C[C@H]1Oc2c(cccc2N2CCN(CCCc3c[nH]c4ccc(F)cc34)CC2)NC1=O,7.9,-0.8976270912904415,0,test,8.102372908709558,-1.406019641838403,0.5083925505479615,0.5083925505479615
COc1cc2c(cc1OC)CN(/C=N/c1ccc3c(c1)C(OC(C)=O)CC3)CC2,1000.0,-3.0,0,test,6.0,-2.492222150945746,-0.5077778490542539,0.5077778490542539
O=S(=O)(NCCCN1CCC(c2noc3cc(F)ccc23)CC1)c1ccc(F)c(Cl)c1,0.9,0.045757490560675115,1,test,9.045757490560675,-0.45865588369063404,0.5044133742513092,0.5044133742513092
CC1(c2ccc(Cl)cc2)NC(=O)N(CC(O)CN2CCN(c3ccccc3C#N)CC2)C1=O,9.0,-0.9542425094393249,1,test,8.045757490560675,-1.457060141446545,0.5028176320072202,0.5028176320072202
COc1cccc(COc2ccc(Cl)cc2OC2CNC2)c1,7.0,-0.8450980400142568,1,test,8.154901959985743,-1.347047810933498,0.5019497709192412,0.5019497709192412
CC(Oc1ccc(Br)cc1OC1CNC1)c1cccc(OC(F)(F)F)c1,90.0,-1.954242509439325,0,test,7.045757490560675,-1.4547577266848615,-0.4994847827544635,0.4994847827544635
C[C@H](Nc1ccnc(NCCc2ccc(F)cc2)c1)c1ccccc1,0.4,0.3979400086720376,1,test,9.397940008672037,-0.10021844237813875,0.49815845105017637,0.49815845105017637
CC(C)(CCCN1CCCC(c2cnco2)C1)S(=O)(=O)c1ccccc1,15.0,-1.1760912590556813,0,test,7.823908740944319,-1.670162742702503,0.49407148364682185,0.49407148364682185
O=C1NCN(c2ccccc2)C12CCN(CCCCc1nc3ccccc3s1)CC2,628.5,-2.7983052820219765,0,test,6.2016947179780235,-2.304286428690563,-0.4940188533314136,0.4940188533314136
O=C1Nc2ccccc2C12CCN(CCN1CCC(c3ccc(F)cc3)CC1)C2,275.0,-2.439332693830263,1,test,6.560667306169737,-1.9458565921018667,-0.4934761017283962,0.4934761017283962
Cc1cccc(C#N)c1-c1cccc2c1-c1cccc3c1[C@@H](C2)N(C)CC3,11.065555555555555,-1.0439732229316334,0,test,7.956026777068367,-1.53668438460487,0.4927111616732365,0.4927111616732365
COc1ccccc1N1CCN(CCCCC23CCCc4cccc(c42)NC3=O)CC1,5.040000000000001,-0.7024305364455253,1,test,8.297569463554474,-1.1946902663903736,0.49225972994484823,0.49225972994484823
CC(Oc1ccc(Cl)cc1OC1CNC1)c1cncs1,456.0,-2.658964842664435,1,test,6.341035157335565,-2.168172367374753,-0.49079247528968173,0.49079247528968173
O=S(=O)(NCC1CCN(CCOc2cccc(F)c2)CC1)c1ccc(F)cc1,1362.0,-3.1341771075767664,0,test,5.865822892423234,-2.6436019697445765,-0.49057513783218987,0.49057513783218987
O=S(=O)(NCCCN1CCN(c2cccc(Cl)c2Cl)CC1)c1ccc2cccnc2c1,12.0,-1.0791812460476249,1,test,7.920818753952375,-1.569611330638176,0.49043008459055115,0.49043008459055115
CNCC[C@@H](Oc1ccc(C(F)(F)F)cc1)c1ccccc1,1000.0,-3.0,0,test,6.0,-2.5098019085301337,-0.49019809146986626,0.49019809146986626
CSc1ccccc1N1CCN(Cc2ccc(C(=O)N3Cc4ccccc4C[C@H]3C(N)=O)cc2)CC1,148.0,-2.1702617153949575,0,test,6.8297382846050425,-2.659681728696967,0.4894200133020101,0.4894200133020101
O=C1c2ccccc2C(=O)N1CCCCN1CCC2CCCCC2C1,330.5,-2.519171463821659,1,test,6.4808285361783415,-2.0307893712803007,-0.4883820925413582,0.4883820925413582
O=S(=O)(NCCCCN1CCN(c2noc3ccccc23)CC1)c1cccc2scnc12,57.0,-1.7558748556724915,1,test,7.2441251443275085,-1.270582869837543,-0.4852919858349487,0.4852919858349487
O=C(CCCCCN1CCN(c2noc3ccccc23)CC1)NC1CCCc2ccccc21,125.0,-2.0969100130080562,1,test,6.903089986991944,-1.615606020066835,-0.48130399294122084,0.48130399294122084
Clc1ccc(Oc2ccccc2)c(OC2CNC2)c1,160.0,-2.2041199826559246,1,test,6.795880017344075,-1.7231455450992377,-0.48097443755668734,0.48097443755668734
Cc1[nH]c2ccc(Cl)cc2c1C1=CCN(CCCCNS(=O)(=O)c2ccc3ccccc3c2)CC1,610.0,-2.785329835010767,0,test,6.214670164989233,-2.3047277706308362,-0.4806020643799309,0.4806020643799309
COc1ccc(-c2nc(CN3CCN(c4ccccc4)CC3)cs2)cc1OC,6786.0,-3.831613855309099,0,test,5.168386144690901,-3.351308463288067,-0.48030539202103206,0.48030539202103206
COc1ccccc1N1CCN(CCCOc2ccc(C)cc2C)CC1,15.0,-1.1760912590556813,1,test,7.823908740944319,-1.6559215318421163,0.4798302727864352,0.4798302727864352
O=C(CCN1CCN(c2cccc(Cl)c2)CC1)N1CCN(c2ccccc2)CC1,33.0,-1.5185139398778875,1,test,7.481486060122112,-1.9959845610604448,0.47747062118255723,0.47747062118255723
O=[N+]([O-])c1ccc(-c2cn(Cc3ccccc3)c3c2CNCC3)cc1,450.0,-2.6532125137753435,0,test,6.346787486224656,-2.179398992847653,-0.4738135209276906,0.4738135209276906
CC1CCN(CCC[C@H]2CCCN2S(=O)(=O)c2ccc(F)cc2)CC1,16.0,-1.2041199826559248,1,test,7.795880017344075,-0.7320114346862077,-0.47210854796971713,0.47210854796971713
COc1ccc(-c2nc(CN3CCN(c4cccc(Cl)c4)CC3)cs2)cc1OC,5585.0,-3.747023177451628,0,test,5.252976822548372,-3.275034507323405,-0.4719886701282232,0.4719886701282232
Cc1sc2ccc(Cl)cc2c1S(=O)(=O)Nc1ccc2nccc(N3CCNCC3)c2c1,1585.0,-3.2000292665537704,0,test,5.79997073344623,-2.7283910702376915,-0.47163819631607895,0.47163819631607895
O=c1sc2ccccc2n1CCCCN1CCN(c2ccc(Cl)cc2)CC1,47.0,-1.6720978579357175,1,test,7.327902142064282,-1.2065792227248875,-0.46551863521083003,0.46551863521083003
O=S(=O)(c1ccc2cccnc2c1)N1CCC(CN2CCN(c3ccc(Cl)cc3)CC2)CC1,207.0,-2.315970345456918,0,test,6.684029654543082,-2.7810354855718127,0.46506514011489486,0.46506514011489486
O=S(=O)(NC1CCN(CCOc2cccc(F)c2)C1)c1ccc(F)c(F)c1,293.0,-2.4668676203541096,0,test,6.53313237964589,-2.0031215723078755,-0.4637460480462341,0.4637460480462341
O=c1[nH]c(CCCCN2CCC(Cc3ccccc3)CC2)nc2c1sc1ccccc12,65.0,-1.8129133566428555,0,test,7.187086643357144,-2.275274432255893,0.4623610756130372,0.4623610756130372
C=C(C)c1ccc2ccn(CCN3CCCN(C)CC3)c2c1,70.0,-1.845098040014257,0,test,7.154901959985743,-2.3031396479642243,0.4580416079499674,0.4580416079499674
Cc1ccccc1-c1ccccc1N1CCN(CCOCCC(=O)NCc2ccc(F)nc2)CC1,13.0,-1.1139433523068367,0,test,7.886056647693163,-1.5680266703788774,0.4540833180720407,0.4540833180720407
COc1cccc(-c2ccccc2CNC(=O)CCCCN2CCN(c3ccccc3OC)CC2)c1,22.0,-1.3424226808222062,0,test,7.657577319177793,-1.7952188337798927,0.4527961529576865,0.4527961529576865
O=C(CCOCCN1CCN(c2cccnc2-c2ccccc2)CC1)NCc1ccc(C(F)(F)F)cc1,44.0,-1.6434526764861874,0,test,7.356547323513812,-2.0946567136677516,0.4512040371815642,0.4512040371815642
CC[C@H]1c2ccc3ccccc3c2OC[C@@]1(C)N,1000.0,-3.0,0,test,6.0,-2.5488498781411595,-0.4511501218588405,0.4511501218588405
O=c1n(CCN2CCN(c3ccccc3)CC2)c2ccccc2n1-c1ccccc1,1230.0,-3.089905111439398,0,test,5.910094888560602,-2.6417024559789173,-0.44820265546048077,0.44820265546048077
Cc1ccccc1-c1cccc(CCN(C)C)c1,7.6,-0.8808135922807914,1,test,8.119186407719209,-1.3289041808348696,0.44809058855407824,0.44809058855407824
Brc1ccc(OCC2CCCCC2)c(OC2CNC2)c1,11.0,-1.0413926851582251,1,test,7.958607314841775,-1.4871789091385366,0.4457862239803114,0.4457862239803114
O=S(=O)(NCCCCN1CCC(c2noc3cc(F)ccc23)CC1)c1ccc(OC(F)(F)F)cc1,15.0,-1.1760912590556813,1,test,7.823908740944319,-0.7327086502665778,-0.4433826087891033,0.4433826087891033
O=S(=O)(NCCCN1CCC(c2noc3cc(F)ccc23)CC1)c1cnc2ccccn12,3.2,-0.505149978319906,0,test,8.494850021680094,-0.9477575047198432,0.44260752639993717,0.44260752639993717
CCCN(CCC)C1CCc2c(O)cccc2C1,466.0,-2.66838591669,0,test,6.33161408331,-2.2261539589218082,-0.4422319577681919,0.4422319577681919
COc1ccc2[nH]c(-c3ccccc3)c(CCN(C)C)c2c1,155.0,-2.1903316981702914,0,test,6.809668301829708,-2.631966368303771,0.44163467013347946,0.44163467013347946
O=C1NN=C(c2ccccc2)NC1CCCCN1CCN(c2cccc(Cl)c2Cl)CC1,16.0,-1.2041199826559248,0,test,7.795880017344075,-1.643970820452865,0.4398508377969401,0.4398508377969401
CC(C)c1ccccc1OCCN1CCC(N(C)S(=O)(=O)c2ccccc2)CC1,9.0,-0.9542425094393249,0,test,8.045757490560675,-1.393908722149207,0.43966621270988226,0.43966621270988226
Fc1ccc2c(c1)CC(CCN1CCc3ccccc3C1)C2,86.0,-1.9344984512435677,0,test,7.0655015487564325,-1.4981904744898469,-0.436307976753721,0.436307976753721
Cc1c(S(=O)(=O)NCCCCN2CCC(c3noc4cc(F)ccc34)CC2)sc2ccc(Cl)cc12,0.7,0.1549019599857432,1,test,9.154901959985743,-0.2798373082701257,0.4347392682558689,0.4347392682558689
O=C1c2ccccc2S(=O)(=O)N1CCCCCCN1CCN(c2cccc3ccccc23)CC1,20.0,-1.3010299956639813,0,test,7.698970004336019,-1.735548312811038,0.4345183171470568,0.4345183171470568
O=S(=O)(NCCCCN1CCC(c2noc3cc(F)ccc23)CC1)c1csc2ccccc12,4.3,-0.6334684555795865,0,test,8.366531544420413,-0.19922135835855886,-0.43424709722102767,0.43424709722102767
O=c1[nH]c(CCCCCN2CCN(c3ccccc3)CC2)nc2ccccc12,228.0,-2.357934847000454,1,test,6.642065152999546,-1.9237219605028475,-0.4342128864976065,0.4342128864976065
CN(C)CCc1cn(-c2cccc3ccccc23)c2ccccc12,649.0,-2.812244696800369,0,test,6.187755303199631,-2.3787485544610005,-0.4334961423393686,0.4334961423393686
O=C(CCOCCN1CCN(c2ncccc2-c2ccc(F)cc2)CC1)NCc1ccc(C(F)(F)F)cc1,32.0,-1.505149978319906,0,test,7.494850021680094,-1.938408808406906,0.43325883008699995,0.43325883008699995
O=C1c2ccc(Cl)cc2CC1CCN1CCN(c2ccccn2)CC1,14.0,-1.146128035678238,0,test,7.853871964321762,-1.574862515349387,0.42873447967114897,0.42873447967114897
O=c1[nH]c(CCCCN2CCN(c3cccc(Cl)c3)CC2)nc2c1sc1ccccc12,9.4,-0.9731278535996987,0,test,8.0268721464003,-1.401710431540267,0.4285825779405683,0.4285825779405683
COc1ccccc1N1CCN(CCCSc2nnc(-c3ccccc3)n2C)CC1,128.0,-2.1072099696478683,0,test,6.892790030352131,-1.679663314861329,-0.4275466547865394,0.4275466547865394
Fc1ccc(OCCCN2CCN(c3ccccn3)CC2)cc1,208.0,-2.3180633349627615,0,test,6.681936665037238,-1.892304385929164,-0.4257589490335971,0.4257589490335971
Cc1ccc(-c2n[nH]c3c2CCNCC3)cc1,47.0,-1.6720978579357175,1,test,7.327902142064282,-2.097770588683748,0.4256727307480306,0.4256727307480306
O=C1CC(CN2CCC(Oc3ccccc3)CC2)CCc2ccccc21,19.0,-1.2787536009528289,0,test,7.721246399047171,-1.7043764572970723,0.42562285634424346,0.42562285634424346
CC1CC(C)CN(CCCCC(=O)n2c3ccccc3c3ccccc32)C1,1405.5,-3.1478308499434595,0,test,5.8521691500565405,-2.723155120136895,-0.42467572980656465,0.42467572980656465
Fc1ccc(N2CCN(CCCc3c[nH]c4ccc(F)cc34)CC2)c(-c2ccccc2)c1,3.3,-0.5185139398778874,0,test,8.481486060122112,-0.9425771110622396,0.4240631711843522,0.4240631711843522
O=S(=O)(NCCCN1CC=C(c2c[nH]c3ccc(Cl)cc23)CC1)c1ccc2ccccc2c1,15.0,-1.1760912590556813,1,test,7.823908740944319,-1.5990695599247928,0.4229783008691117,0.4229783008691117
COc1ccc2c(c1)CCCC2NC(=O)CCCN1CCN(c2ccccc2OC)CC1,186.0,-2.2695129442179165,0,test,6.730487055782083,-1.8484878160710658,-0.42102512814685067,0.42102512814685067
CNCCC(Oc1ccccc1C)c1ccccc1,1000.0,-3.0,0,test,6.0,-2.579387710229143,-0.42061228977085685,0.42061228977085685
CCn1cncc1-c1c[nH]c2c(F)cc(I)cc12,36.0,-1.5563025007672873,0,test,7.443697499232712,-1.9725732747713312,0.4162707740040439,0.4162707740040439
O=S(=O)(NCCN1CC=C(c2c[nH]c3ccc(Cl)cc23)CC1)c1ccc(Cl)cc1,51.0,-1.7075701760979363,1,test,7.292429823902063,-1.2940757065647028,-0.41349446953323366,0.41349446953323366
CC1CCN(CC[C@H]2CCCN2S(=O)(=O)c2ccc3[nH]cnc3c2)CC1,6.5,-0.8129133566428556,1,test,8.187086643357144,-1.2258748777330464,0.4129615210901908,0.4129615210901908
O=C1Nc2ccccc2C12CCN(CCN1CCN(c3ccccc3Cl)CC1)C2,245.0,-2.3891660843645326,0,test,6.610833915635467,-1.9784082270602574,-0.41075785730427516,0.41075785730427516
CC(C)C[C@H]1C(=O)N2CCCC2[C@]2(O)O[C@](NC(=O)[C@@H]3C=C4c5cccc6[nH]cc(c56)CC4N(C)C3)(C(C)C)C(=O)N12,8.75,-0.9420080530223133,1,test,8.057991946977687,-1.3506851123587933,0.40867705933648013,0.40867705933648013
CCCN1CC(Oc2cc(Br)ccc2OCc2cccc(F)c2)C1,4.0,-0.6020599913279624,0,test,8.397940008672037,-1.0062808033033332,0.40422081197537085,0.40422081197537085
CCOc1cc2c(cc1OC)-c1c(OC)c(OC)cc3c1[C@H](C2)N(C)CC3,69.0,-1.8388490907372552,0,test,7.161150909262744,-1.436452374180426,-0.4023967165568292,0.4023967165568292
COc1cccc(-c2ccccc2CN2CCN(c3ccccc3OC)CC2)c1,77.0,-1.8864907251724818,0,test,7.113509274827518,-2.285677256600013,0.39918653142753135,0.39918653142753135
COc1ccccc1CNC(=O)CCCN1CCN(c2ccccc2OC)CC1,869.0,-2.9390197764486663,0,test,6.060980223551334,-2.5406922622386308,-0.39832751421003554,0.39832751421003554
Cc1cc2c(=O)[nH]c(CCCCCN3CCN(Cc4ccccc4)CC3)nc2s1,147.0,-2.167317334748176,0,test,6.8326826652518236,-2.5641336552241882,0.39681632047601223,0.39681632047601223
O=S(=O)(c1cccc(Cl)c1)n1cnc2c(N3CCNCC3)nccc21,6642.0,-3.8222988712623662,0,test,5.177701128737634,-3.426695301119639,-0.3956035701427272,0.3956035701427272
Cc1c(O)ccc(N2CCN(CCCCOc3ccc4c(c3)NC(=O)CC4)CC2)c1C,220.0,-2.342422680822206,0,test,6.657577319177793,-1.948921095504901,-0.39350158531730517,0.39350158531730517
COc1cccc(CCN2C3C4C5CC6C7C5C3C7C2(O)C64)c1,3601.0,-3.556423121371285,0,test,5.443576878628715,-3.164407009748828,-0.392016111622457,0.392016111622457
CCC1(CCCCN2CCN(c3ccc(Cl)cc3)CC2)C(=O)Nc2ccc(Cl)cc21,2.41,-0.3820170425748684,0,test,8.61798295742513,-0.7702152436770322,0.3881982011021638,0.3881982011021638
COc1ccccc1N1CCN(CCCCN2C(=O)Cc3ccccc32)CC1,32.0,-1.505149978319906,1,test,7.494850021680094,-1.8906798788735222,0.38552990055361613,0.38552990055361613
CCN(CCCN1CCc2cc(OC)ccc2C1)S(=O)(=O)c1ccc(OC)cc1,19.0,-1.2787536009528289,0,test,7.721246399047171,-1.6613804023797913,0.3826268014269625,0.3826268014269625
Clc1cccc2c1CN(CCCCc1nc3ccccc3s1)CC2,45.0,-1.6532125137753437,0,test,7.346787486224656,-2.035590653971977,0.3823781401966335,0.3823781401966335
CC(Oc1ccc(Cl)cc1OC1CNC1)c1nccs1,591.0,-2.7715874808812555,1,test,6.228412519118745,-2.3896495787643146,-0.3819379021169409,0.3819379021169409
CN1CC[C@@H](Oc2cc(Cl)ccc2OCc2ccccc2Cl)C1,36.0,-1.5563025007672873,1,test,7.443697499232712,-1.9372658775263278,0.3809633767590406,0.3809633767590406
O=c1[nH]c2ccccc2n1CCCCCCN1CCN(c2nsc3ccccc23)CC1,7.0,-0.8450980400142568,0,test,8.154901959985743,-1.222322403562287,0.37722436354803024,0.37722436354803024
O=C(NC1CCN(CCOc2ccccc2-c2ccccc2)C1)c1ccc2ccccc2n1,41.0,-1.6127838567197355,1,test,7.3872161432802645,-1.988542885996802,0.3757590292770663,0.3757590292770663
CCC(Sc1ccccc1)c1nc(N)nc(N2CCN(C)CC2)n1,2470.0,-3.392696953259666,0,test,5.607303046740334,-3.7655980861979206,0.3729011329382548,0.3729011329382548
O=C1c2cccc3cccc(c23)N1CCCCCCN1CCN(c2nsc3ccccc23)CC1,36.0,-1.5563025007672873,1,test,7.443697499232712,-1.9288280548579586,0.37252555409067134,0.37252555409067134
CN1CCN(c2nc(N)nc(CCCOc3cccc(Cl)c3Cl)n2)CC1,8592.0,-3.9340942683554805,0,test,5.06590573164452,-3.5643618476279033,-0.3697324207275776,0.3697324207275776
O=c1[nH]c(CCCCN2CCN(c3cccc(Cl)c3)CC2)nc2ccsc12,28.0,-1.4471580313422192,1,test,7.552841968657781,-1.0804660616041877,-0.36669196973803153,0.36669196973803153
O=S(=O)(NCCCN1CCC(c2noc3cc(F)ccc23)CC1)c1cccc2ccccc12,0.5,0.3010299956639812,1,test,9.301029995663981,-0.06524122266735373,0.3662712183313349,0.3662712183313349
CC(=O)Nc1ccc(C(=O)CCCN2CCN(c3ccccn3)CC2)cc1,418.5,-2.6216954623292787,0,test,6.378304537670721,-2.255720189433395,-0.36597527289588383,0.36597527289588383
Cc1cccc(-c2cccc(OC3CNC3)c2)c1,751.97,-2.8762005146683074,0,test,6.123799485331693,-2.5165540930075094,-0.35964642166079797,0.35964642166079797
O=c1cc(-c2ccccc2)ncn1CCCCCN1CCN(c2cccc(Cl)c2)CC1,95.0,-1.9777236052888478,1,test,7.022276394711152,-2.3373427424414013,0.3596191371525532,0.3596191371525532
COc1ccc2c(c1)CC(Oc1ccc(Cl)cc1OC1CNC1)C2,12.0,-1.0791812460476249,0,test,7.920818753952375,-1.437308018955222,0.3581267729075972,0.3581267729075972
O=S(=O)(NC1CCN(CCOc2cccc3c2CCCC3)C1)c1cccs1,27.0,-1.4313637641589874,0,test,7.568636235841012,-1.7872366593789364,0.355872895219949,0.355872895219949
O=S(=O)(NCCCCN1CCN(c2nsc3ccccc23)CC1)c1ccc2cc(Cl)ccc2c1,33.0,-1.5185139398778875,1,test,7.481486060122112,-1.1634535886629447,-0.35506035121494284,0.35506035121494284
CC([Se]c1ccc2ccccc2c1)c1nc(N)nc(N2CCN(C)CC2)n1,2295.0,-3.36078268987328,0,test,5.639217310126719,-3.7152368470515906,0.3544541571783104,0.3544541571783104
CC(=O)c1ccc(OCC(O)CN2CCN(c3ccccc3)CC2)cc1,1968.0,-3.2940250940953226,0,test,5.705974905904677,-2.940221093505808,-0.353804000589514,0.353804000589514
O=c1oc2ccccc2n1CCCCCN1CCN(c2ccccc2)CC1,57.0,-1.7558748556724915,1,test,7.2441251443275085,-1.4030845677409098,-0.35279028793158185,0.35279028793158185
CCN(CCCN1CCC(c2noc3cc(F)ccc23)CC1)S(=O)(=O)CCO,1.4,-0.146128035678238,1,test,8.853871964321762,-0.4980236053748643,0.3518955696966263,0.3518955696966263
O=C1c2ccccc2S(=O)(=O)N1CCCCCCN1CCN(c2ccccc2F)CC1,322.0,-2.507855871695831,0,test,6.492144128304169,-2.158293661466687,-0.3495622102291436,0.3495622102291436
COc1cc2c3c(c1OC)-c1cc(NC(N)=O)ccc1CC3N(C)CC2,289.0,-2.4608978427565478,0,test,6.539102157243452,-2.113570896841771,-0.3473269459147774,0.3473269459147774
Clc1ccc(COc2ccc(Cl)cc2OC2CNC2)cc1,15.0,-1.1760912590556813,1,test,7.823908740944319,-1.5223477692686551,0.346256510212974,0.346256510212974
COc1cccc2c1CCN(CCCNS(=O)(=O)c1cccc3ccccc13)C2,360.0,-2.5563025007672873,0,test,6.443697499232712,-2.210333767253185,-0.34596873351410284,0.34596873351410284
O=C1Nc2cccc3c2C1(CCCCN1CCN(c2ncccn2)CC1)CCC3,46.0,-1.662757831681574,1,test,7.337242168318426,-1.3190083208197614,-0.3437495108618127,0.3437495108618127
O=S(=O)(NC1CCN(CCOc2ccccc2-c2ccccc2)C1)c1cc(F)ccc1F,9.0,-0.9542425094393249,0,test,8.045757490560675,-1.2965308135021376,0.34228830406281285,0.34228830406281285
Fc1cccc(-c2ccccc2N2CCN(CCCc3c[nH]c4ccc(F)cc34)CC2)c1,1.1,-0.04139268515822508,1,test,8.958607314841775,-0.3833762937688824,0.34198360861065735,0.34198360861065735
CC1(c2cccc(OCc3ccccc3)c2)C(=O)Nc2cc(Cl)cc(Cl)c2C1=O,600.0,-2.7781512503836434,0,test,6.221848749616356,-2.4365508976005104,-0.34160035278313305,0.34160035278313305
Cc1nc(OCCCCCN2CCN(c3ccc(Cl)cc3)CC2)c2ccccc2n1,181.0,-2.2576785748691846,0,test,6.7423214251308154,-2.5956651163782167,0.33798654150903173,0.33798654150903173
C[C@H]1C[C@H](NS(=O)(=O)c2cc3ccccc3o2)CN1CCCc1noc2cc(F)ccc12,178.0,-2.250420002308894,0,test,6.7495799976911055,-1.9169068336817372,-0.33351316862715685,0.33351316862715685
NCCCN(CCCCN1CCc2ccccc2C1)S(=O)(=O)c1ccccc1,235.0,-2.3710678622717363,1,test,6.628932137728263,-2.702989686440042,0.3319218241683055,0.3319218241683055
COc1ccc2[nH]cc(-c3cncn3C)c2c1F,21.0,-1.3222192947339193,0,test,7.6777807052660805,-1.6523622511727947,0.33014295643887537,0.33014295643887537
C[C@H](Nc1nc(N)nc(NCCc2ccccn2)n1)c1ccc(F)cc1,9.0,-0.9542425094393249,0,test,8.045757490560675,-1.2837597001669558,0.3295171907276311,0.3295171907276311
O=S(=O)(NCCCN1CC=C(c2c[nH]c3ccc(Cl)cc23)CC1)c1cccc2ccccc12,18.0,-1.255272505103306,1,test,7.7447274948966935,-1.584321565490634,0.32904906038732795,0.32904906038732795
Nc1ccc(C(=O)CCCN2CCN(c3ccccn3)CC2)cc1,273.0,-2.436162647040756,0,test,6.5638373529592435,-2.107304380663367,-0.3288582663773889,0.3288582663773889
O=C1c2cccc3cccc(c23)N1CCCCCCN1CCN(c2ccccc2[N+](=O)[O-])CC1,696.0,-2.842609239610562,0,test,6.157390760389438,-2.515615287492996,-0.326993952117566,0.326993952117566
O=S(=O)(NC1CCN(CCOc2ccccc2Br)CC1)c1ccccc1,415.0,-2.6180480967120925,0,test,6.3819519032879075,-2.2911884943491008,-0.3268596023629917,0.3268596023629917
C[C@@H]1[C@@H](O)[C@@H](O)[C@@]2(n3cc(-c4ccccc4)c4c(Nc5ccccc5)ncnc43)C[C@@H]12,710.0,-2.8512583487190755,0,test,6.1487416512809245,-2.524789775022949,-0.32646857369612636,0.32646857369612636
COc1ccc(-c2cc(C)ccc2C)cc1OC1CNC1,114.0,-2.0569048513364727,1,test,6.943095148663527,-1.7318725680747464,-0.3250322832617263,0.3250322832617263
CN1CCCN(CCn2ccc3ccc(Br)cc32)CC1,31.0,-1.4913616938342726,0,test,7.508638306165727,-1.816168286666885,0.32480659283261226,0.32480659283261226
Cc1sc(SCCN(C)C)nc1-c1ccccc1,170.0,-2.230448921378274,0,test,6.769551078621726,-1.9074904388837095,-0.3229584824945646,0.3229584824945646
COc1ccc(-c2ccccc2N2CCN(CCCCOc3cnccn3)CC2)cc1,13.0,-1.1139433523068367,0,test,7.886056647693163,-1.436226944285512,0.3222835919786753,0.3222835919786753
CN(CCCN1CCN(c2ccccc2)CC1)c1cccc(Br)c1,161.0,-2.2068258760318495,0,test,6.79317412396815,-1.885943321830826,-0.3208825542010232,0.3208825542010232
COc1ccccc1N1CCN(CCCC(=O)NC2CCCc3cccc(OC)c32)CC1,154.0,-2.187520720836463,0,test,6.8124792791635365,-1.8669376959411843,-0.3205830248952788,0.3205830248952788
O=S(=O)(NCCCCN1CCc2ccccc2C1)c1ccccc1,94.0,-1.9731278535996986,0,test,7.026872146400302,-2.2898386744048835,0.3167108208051852,0.3167108208051852
O=C1CC2Cc3ccsc3C2=NN1CCCCCCCN1CCN(Cc2cccc3c2ccn3S(=O)(=O)c2ccccc2)CC1,3759.0,-3.5750723257138124,0,test,5.424927674286188,-3.2597603104827733,-0.31531201523103913,0.31531201523103913
N#Cc1ccc(COc2ccc(Cl)cc2OC2CNC2)cc1,87.0,-1.9395192526186185,0,test,7.060480747381382,-1.625555081024092,-0.3139641715945265,0.3139641715945265
CN(C)CCc1cccc2c1cc(C(=O)c1ccccc1)n2S(=O)(=O)c1ccccc1,1300.0,-3.113943352306837,0,test,5.886056647693163,-2.800032254601563,-0.31391109770527414,0.31391109770527414
CN(C)CCSc1ccccc1-c1ccccc1,553.0,-2.7427251313046983,0,test,6.257274868695301,-2.4290184463674698,-0.31370668493722853,0.31370668493722853
Fc1ccc(Oc2cc(Cl)ccc2O[C@@H]2CCNC2)cc1,1000.0,-3.0,1,test,6.0,-2.6863844649194597,-0.3136155350805403,0.3136155350805403
Cc1ccc(-c2cccc(N3CCNCC3)c2)cc1C,93.0,-1.968482948553935,0,test,7.031517051446065,-1.6554827294964425,-0.31300021905749253,0.31300021905749253
O=S(=O)(c1cccc2ncccc12)N1CCC(CCN2CCN(c3ccc(F)cc3)CC2)CC1,29.0,-1.462397997898956,0,test,7.537602002101044,-1.7745429830926143,0.3121449851936582,0.3121449851936582
C[C@@H]1[C@@H](Oc2ccc(Cl)cc2OC2CNC2)CN1Cc1ccccc1,145.0,-2.161368002234975,0,test,6.838631997765026,-2.4722493194923096,0.3108813172573348,0.3108813172573348
Clc1cccc(Oc2ccc(Cl)cc2OC2CNC2)c1,21.0,-1.3222192947339193,0,test,7.6777807052660805,-1.6328101445923726,0.3105908498584533,0.3105908498584533
CC(C)N1CC(Oc2ccc(Br)cc2OCc2cccc(Cl)c2)C1,190.0,-2.278753600952829,1,test,6.721246399047171,-1.9695031350378256,-0.30925046591500327,0.30925046591500327
CN(C)C1CCc2c(cccc2-c2cccc(Cl)c2)C1,26.0,-1.414973347970818,0,test,7.585026652029182,-1.7232555654291684,0.3082822174583504,0.3082822174583504
Fc1ccccc1-c1n[nH]c2c1CCNCC2,714.0,-2.8536982117761744,1,test,6.146301788223825,-2.5466013901764577,-0.30709682159971674,0.30709682159971674
CC1(c2ccccc2)NC(=O)N(CC(O)CN2CCN(c3ccccc3C#N)CC2)C1=O,12.0,-1.0791812460476249,0,test,7.920818753952375,-1.3850633101102874,0.3058820640626625,0.3058820640626625
C=CCOc1cc2c(cc1OC)-c1c(OC)c(OC)cc3c1[C@H](C2)N(C)CC3,20.0,-1.3010299956639813,0,test,7.698970004336019,-1.60497997697519,0.30394998131120876,0.30394998131120876
COc1cc2c(cc1O)-c1c(O)c(OC)cc3c1C(C2)N(C)CC3,80.0,-1.9030899869919435,0,test,7.096910013008056,-1.6019313907591175,-0.30115859623282604,0.30115859623282604
c1ccc(-c2cc(OCCCCCN3CCN(c4ccccc4)CC3)ncn2)cc1,143.0,-2.155336037465062,0,test,6.844663962534938,-2.455706638402236,0.30037060093717427,0.30037060093717427
COc1cc2ncnc(N3CCC(CN4CCc5ccccc5C4)C3)c2cc1OC,603.0,-2.780317312140151,0,test,6.219682687859849,-2.481158547330689,-0.29915876480946224,0.29915876480946224
Cc1cc(OCCCN2CCN(c3ccccc3)CC2)ccc1Cl,90.0,-1.954242509439325,0,test,7.045757490560675,-1.65559765679889,-0.29864485264043505,0.29864485264043505
CCN(CCN1CCC(c2noc3cc(F)ccc23)CC1)C(=O)CC(C)O,2.7,-0.43136376415898736,0,test,8.568636235841012,-0.7275927220767291,0.2962289579177418,0.2962289579177418
CC(Oc1cc(F)ccc1C(F)(F)F)c1nc(N)nc(N2CCN(C)CC2)n1,29570.0,-4.470851324526118,0,test,4.529148675473882,-4.178358909339858,-0.2924924151862598,0.2924924151862598
COc1cc(OC)c(C2NCCc3c2[nH]c2ccc(F)cc32)cc1OC,249.0,-2.3961993470957363,1,test,6.603800652904264,-2.104323522218065,-0.29187582487767116,0.29187582487767116
C[C@H](Nc1cncc(NCCOc2ccc(F)cc2)c1)c1ccccc1,4.0,-0.6020599913279624,1,test,8.397940008672037,-0.8915151456901137,0.2894551543621513,0.2894551543621513
O=C(c1ccc2c(c1)OCO2)c1ccc(Br)cc1OC1CNC1,34.0,-1.5314789170422551,0,test,7.468521082957745,-1.819138694808673,0.2876597777664178,0.2876597777664178
O=S(=O)(NCCCCN1CCc2ccccc2C1)c1cccc2cccnc12,88.0,-1.9444826721501687,1,test,7.055517327849831,-2.2312447531964117,0.2867620810462428,0.2867620810462428
CC(C)(CCCN1CCCC(C(F)(F)F)C1)S(=O)(=O)c1ccccc1,54.0,-1.7323937598229686,0,test,7.267606240177031,-1.4497064031654963,-0.28268735665747236,0.28268735665747236
O=C(c1ccc(F)cc1)C1CCN(CCc2cccc(I)c2)CC1,8.76,-0.9425041061680807,0,test,8.05749589383192,-1.2236438124271745,0.2811397062590937,0.2811397062590937
CCC1(CCCCN2CCN(c3cccc(C(F)(F)F)c3)CC2)C(=O)Nc2ccccc21,5.1,-0.7075701760979364,0,test,8.292429823902063,-0.4308744265928368,-0.27669574950509956,0.27669574950509956
O=S(=O)(c1cncc2ccccc12)N1CCC(CCN2CCN(c3cccc(Cl)c3Cl)CC2)CC1,39.0,-1.591064607026499,0,test,7.4089353929735005,-1.867688792011629,0.27662418498512986,0.27662418498512986
CCOc1ccccc1N1CCN(CCCc2c[nH]c3ccc(F)cc23)CC1,6.5,-0.8129133566428556,0,test,8.187086643357144,-1.0863401554296885,0.27342679878683296,0.27342679878683296
CCC1(CCCCCN2CCN(c3ccc(Cl)cc3)CC2)C(=O)Nc2ccccc21,1.24,-0.09342168516223506,1,test,8.906578314837764,0.1797475531526136,-0.2731692383148486,0.2731692383148486
CC(C)(C)[C@@]1(O)CCN2C[C@@H]3c4ccccc4CCc4cccc(c43)[C@H]2C1,63.0,-1.7993405494535817,0,test,7.200659450546418,-1.5273868050317492,-0.2719537444218325,0.2719537444218325
NC1=NC2(CCCCC2)NC(Nc2cccc(Br)c2)=N1,401.0,-2.603144372620182,0,test,6.396855627379818,-2.872665409805243,0.26952103718506093,0.26952103718506093
O=c1scc(O)n1CCCCCCNCC1CCc2ccccc2O1,87.0,-1.9395192526186185,0,test,7.060480747381382,-2.20860218303112,0.26908293041250153,0.26908293041250153
O=c1cc(-c2ccccc2)ncn1CCCCCN1CCN(Cc2ccccc2)CC1,1328.0,-3.1231980750319988,0,test,5.876801924968001,-2.855246849683167,-0.26795122534883165,0.26795122534883165
COc1ccc(NC(=O)N2CCN(c3ccccc3Cl)CC2)cc1N1CCN(C)CC1,342.0,-2.534026106056135,0,test,6.465973893943865,-2.80118263971331,0.2671565336571753,0.2671565336571753
CN1C(=O)N(CCCCCN2CCN(c3ccccc3F)CC2)C(C)(c2ccccc2)C1=O,157.0,-2.1958996524092336,0,test,6.804100347590767,-1.93010718357705,-0.26579246883218355,0.26579246883218355
COc1cccc(CCN2CCN(c3ccccc3OC)CC2)c1,25.0,-1.3979400086720377,0,test,7.6020599913279625,-1.6633959799016933,0.2654559712296558,0.2654559712296558
COc1ccc(-c2ccccc2C(F)(F)F)cc1OC1CCNCC1,59.01,-1.7709256146389991,1,test,7.229074385361001,-1.5077443654958265,-0.26318124914317265,0.26318124914317265
CC1CCN(CC[C@@H](C)C(C)S(=O)(=O)c2ccc(Cl)c(Cl)c2)CC1,32.0,-1.505149978319906,0,test,7.494850021680094,-1.7678612903222668,0.26271131200236075,0.26271131200236075
O=C(/C=C/c1ccc(Cl)c(Cl)c1)NCCCCCN1CCC(c2c[nH]c3ccc(O)cc23)CC1,63.0,-1.7993405494535817,0,test,7.200659450546418,-2.0620065074802434,0.2626659580266617,0.2626659580266617
CCN(CCCN1CCC(c2noc3cc(F)ccc23)CC1)C(=O)[C@H](C)O,9.6,-0.9822712330395684,0,test,8.017728766960431,-0.7212238753186019,-0.26104735772096654,0.26104735772096654
FCC(Oc1ccc(Cl)cc1OC1CCNCC1)c1ccccc1,304.0,-2.482873583608754,0,test,6.517126416391246,-2.2264589743104755,-0.2564146092982784,0.2564146092982784
Cn1c(=O)c2c(nc(N3CCOCC3)n2CCCCN2CCN(c3cccc(Cl)c3)CC2)n(C)c1=O,112.0,-2.0492180226701815,0,test,6.950781977329818,-2.3035103500332625,0.2542923273630815,0.2542923273630815
CN1C[C@@H](NS(=O)(=O)N(C)C)C[C@@H]2c3cccc4[nH]cc(c34)C[C@H]21,19.5,-1.290034611362518,0,test,7.709965388637482,-1.5441854753038813,0.2541508639413632,0.2541508639413632
Oc1ccc(-c2ccc(CNCCc3c[nH]c4ccc(F)cc34)o2)cc1,895.0,-2.951823035315912,1,test,6.048176964684088,-2.697863854164493,-0.25395918115141924,0.25395918115141924
Cc1cccc(S(=O)(=O)NCCCN=C(N)N2CCC(c3ccccc3)CC2)c1,276.0,-2.4409090820652177,0,test,6.559090917934782,-2.187532200189809,-0.2533768818754085,0.2533768818754085
c1ccc2c(c1)OCC(CN1CCCCC1)O2,360.0,-2.5563025007672873,0,test,6.443697499232712,-2.3030142418046786,-0.2532882589626091,0.2532882589626091
O=C(CCCCCN1CCN(c2ccccc2-c2ccccc2)CC1)NCc1ccc(OCCN2CCOCC2)cc1,16.0,-1.2041199826559248,1,test,7.795880017344075,-1.4564206487776719,0.25230066612174706,0.25230066612174706
COc1ccc(S(=O)(=O)NCCCN2CCc3cc(OC)ccc3C2)cc1,360.0,-2.5563025007672873,0,test,6.443697499232712,-2.3040635559378213,-0.2522389448294664,0.2522389448294664
CSc1ccccc1OCCN1CCC(NS(=O)(=O)c2ccc(Cl)s2)CC1,17.0,-1.2304489213782739,0,test,7.769551078621726,-1.4823843631635398,0.2519354417852657,0.2519354417852657
COc1ccc2c(c1)c(-c1[nH]c(N)nc1C)cn2S(=O)(=O)c1cccc2ccccc12,1096.0,-3.0398105541483504,0,test,5.96018944585165,-3.2906974460402383,0.25088689189188784,0.25088689189188784
O=S1(=O)N(CCCCCCN2CCN(c3cccc(Cl)c3)CC2)c2cccc3c2N1CCC3,162.0,-2.2095150145426308,0,test,6.790484985457369,-1.960886615988389,-0.24862839855424168,0.24862839855424168
Clc1ccc(OCc2ccccc2Cl)c(O[C@@H]2CCNC2)c1,250.0,-2.3979400086720375,1,test,6.6020599913279625,-2.1495769298942107,-0.24836307877782637,0.24836307877782637
O=C1CC2Cc3ccsc3C2=NN1CCCCN1CCN(Cc2ccccc2)CC1,1003.0,-3.0013009330204183,0,test,5.998699066979581,-2.753014912482491,-0.24828602053792714,0.24828602053792714
CC(Oc1ccc(Br)cc1OC1CNC1)c1cccc(Cl)c1,10.0,-1.0,0,test,8.0,-1.2403717035690738,0.24037170356907378,0.24037170356907378
CC1CC(C)CN(CCCCCC(=O)n2c3ccccc3c3ccccc32)C1,832.5,-2.9203842421783577,0,test,6.079615757821642,-2.680144311870923,-0.2402399303074345,0.2402399303074345
Oc1cccc(N(CCCN2CCN(c3ccccc3)CC2)c2ccccc2)c1,90.0,-1.954242509439325,0,test,7.045757490560675,-1.714836830652661,-0.23940567878666408,0.23940567878666408
O=C(CCCCCN1CCN(c2ccccc2-c2ccccc2)CC1)N1Cc2ccccc2C1,8.3,-0.919078092376074,1,test,8.080921907623926,-0.6801683379507921,-0.23890975442528184,0.23890975442528184
CCN(CCN1CCC(c2c[nH]c3ccccc23)CC1)C(=O)CCO,8.9,-0.9493900066449128,0,test,8.050609993355087,-1.1867417657827393,0.23735175913782647,0.23735175913782647
COc1ccccc1N1CCN(CCCCCn2c(=O)oc3ccccc32)CC1,5.9,-0.7708520116421442,1,test,8.229147988357855,-1.0070673487610993,0.23621533711895504,0.23621533711895504
O=C(CCCCCN1CCN(c2ccccn2)CC1)NC1CCCc2ccccc21,278.0,-2.444044795918076,1,test,6.555955204081924,-2.2081712411165944,-0.23587355480148187,0.23587355480148187
CN(CCCCCCN1CCN(c2cccc3ccccc23)CC1)c1cccc(O)c1,39.0,-1.591064607026499,1,test,7.4089353929735005,-1.3587761567983323,-0.2322884502281668,0.2322884502281668
O=S(=O)(CC1CCN(CCCc2noc3cc(F)ccc23)C1)c1ccc(F)cc1,63.0,-1.7993405494535817,0,test,7.200659450546418,-1.5677230878069386,-0.2316174616466431,0.2316174616466431
O=S(=O)(NC1CC2CCC(C1)N2CCOc1cccc(-c2ccccc2)c1)c1cccc(F)c1,12.0,-1.0791812460476249,0,test,7.920818753952375,-1.3100337060494913,0.23085246000186643,0.23085246000186643
Clc1ccc(OC2CCc3ccccc3C2)c(OC2CNC2)c1,33.0,-1.5185139398778875,1,test,7.481486060122112,-1.288333178306348,-0.23018076157153944,0.23018076157153944
COc1ccccc1N1CCN(CCCCCCN2C(=O)[C@@H]3[C@H]4CC[C@H](C4)[C@@H]3C2=O)CC1,146.0,-2.164352855784437,0,test,6.835647144215563,-1.9343403618030888,-0.23001249398134838,0.23001249398134838
COc1ccccc1N1CCN(CCCCC(=O)N2CCC[C@H]2C(N)=O)CC1,634.0,-2.802089257881733,0,test,6.1979107421182675,-2.572401480355861,-0.22968777752587188,0.22968777752587188
CC(C)c1ccccc1OCCN1CCC(N(C)S(=O)(=O)c2cccc(F)c2)CC1,18.0,-1.255272505103306,1,test,7.7447274948966935,-1.4796682745782228,0.2243957694749168,0.2243957694749168
NC(=O)[C@@H]1Cc2ccccc2CN1C(=O)CCCCCN1CCN(c2ccccc2O)CC1,476.0,-2.677606952720493,1,test,6.3223930472795065,-2.4556718276403178,-0.22193512508017532,0.22193512508017532
O=c1n(CCCCCNCC2CCc3ccccc3O2)c(O)c2n1CCC2,94.0,-1.9731278535996986,1,test,7.026872146400302,-1.7558424841786933,-0.21728536942100507,0.21728536942100507
COc1cccc(N2CCN(CC(O)CN3C(=O)NC(C)(c4ccc(F)cc4)C3=O)CC2)c1,89.0,-1.9493900066449128,0,test,7.050609993355087,-2.165104699923275,0.215714693278362,0.215714693278362
CN1CCC(Oc2cc(Br)ccc2OCc2cccc(Cl)c2)C1,9.0,-0.9542425094393249,1,test,8.045757490560675,-1.169764282171535,0.2155217727322103,0.2155217727322103
Cc1ccccc1C(=O)NC1CCN(CCSc2cccc(Cl)c2Cl)C1,427.0,-2.630427875025024,0,test,6.369572124974976,-2.845235850321274,0.21480797529624995,0.21480797529624995
CCOc1ccccc1C(=O)NC1CCN(CCOc2ccccc2C(C)C)CC1,311.0,-2.4927603890268375,0,test,6.507239610973162,-2.278043958029437,-0.21471643099740012,0.21471643099740012
Cc1ccccc1-c1ccccc1N1CCNCC1,6.9,-0.8388490907372553,1,test,8.161150909262744,-1.0534714422258518,0.21462235148859643,0.21462235148859643
OC1(c2ccc(Cl)c(C(F)(F)F)c2)CCN(CCCCCc2ccc(F)cc2)CC1,1120.0,-3.0492180226701815,0,test,5.950781977329818,-2.834645862579395,-0.21457216009078595,0.21457216009078595
CSc1ccccc1CC1NCCc2c1[nH]c1ccccc21,35.0,-1.5440680443502757,0,test,7.455931955649724,-1.7581781201162432,0.21411007576596752,0.21411007576596752
FC(F)(F)c1ccccc1-n1cc(CN2CCN(c3ccccc3)CC2)c2ccccc21,20.0,-1.3010299956639813,0,test,7.698970004336019,-1.5144359969361674,0.21340600127218612,0.21340600127218612
CN(CCCN1CCN(c2ccccc2)CC1)c1cccc(F)c1,112.0,-2.0492180226701815,0,test,6.950781977329818,-1.8359398805316376,-0.21327814213854346,0.21327814213854346
Clc1ccc(OCc2ccc3ncsc3c2)c(OC2CNC2)c1,34.0,-1.5314789170422551,0,test,7.468521082957745,-1.7447087379829624,0.2132298209407073,0.2132298209407073
COc1ccccc1N1CCN(CCC[C@H]2CCCN2S(=O)(=O)c2ccc(F)cc2)CC1,2.6,-0.414973347970818,0,test,8.585026652029182,-0.20204416563188413,-0.21292918233893385,0.21292918233893385
Cc1sc2nc(CCCCCN3CCC(Cc4ccccc4)CC3)[nH]c(=O)c2c1C,185.0,-2.2671717284030137,0,test,6.732828271596986,-2.0548303003787636,-0.21234142802425016,0.21234142802425016
CN1CCc2c(F)cc(OCCCN3CCC(c4noc5cc(F)ccc45)CC3)cc2C1=O,7.9,-0.8976270912904415,0,test,8.102372908709558,-1.108387115344567,0.21076002405412553,0.21076002405412553
COc1cc2c3c(c1OCC1CC1)-c1cc(NS(C)(=O)=O)ccc1CC3N(C)CC2,114.0,-2.0569048513364727,0,test,6.943095148663527,-1.8472940056917662,-0.20961084564470656,0.20961084564470656
CCC(Oc1cc(Cl)cc(Cl)c1)c1nc(Nc2ccncc2)nc(N2CCN(C)CC2)n1,12570.0,-4.099335277685958,0,test,4.900664722314042,-3.8909509885720515,-0.20838428911390627,0.20838428911390627
Cc1cc(OCCCN2CCC(c3noc4cc(F)ccc34)CC2)cc2c1CCN(C)C2=O,6.7,-0.8260748027008264,0,test,8.173925197299173,-1.0342024773496723,0.20812767464884585,0.20812767464884585
CCc1noc(COc2ccc(Cl)cc2OC2CNC2)n1,461.0,-2.663700925389648,1,test,6.336299074610352,-2.4562658344643844,-0.20743509092526358,0.20743509092526358
COc1ccc2[nH]cc(C3CCN(CCCCN4C(=O)CC(c5c[nH]c6ccc(OC)cc56)C4=O)CC3)c2c1,320.0,-2.505149978319906,1,test,6.494850021680094,-2.3001825696302247,-0.2049674086896811,0.2049674086896811
c1ccc(-c2ccccc2N2CCNCC2)nc1,23.0,-1.3617278360175928,1,test,7.638272163982407,-1.1581735481714555,-0.20355428784613738,0.20355428784613738
N#Cc1ccc(CNC(=O)CCOCCN2CCN(c3ncccc3-c3ccc(F)cc3)CC2)cc1,54.0,-1.7323937598229686,1,test,7.267606240177031,-1.9359310205204485,0.2035372606974799,0.2035372606974799
CCn1cncc1-c1c[nH]c2ccc(Cl)cc12,42.0,-1.6232492903979006,1,test,7.376750709602099,-1.8251280607014904,0.2018787703035898,0.2018787703035898
O=C1NCCc2ccc(OCCCN3CCC(c4noc5cc(F)ccc45)CC3)cc21,8.9,-0.9493900066449128,0,test,8.050609993355087,-1.1508957363520884,0.20150572970717562,0.20150572970717562
O=S(=O)(c1ccnc2ccccc12)N1CCCCC[C@H]1CCN1CCN(c2nsc3ccccc23)CC1,19.0,-1.2787536009528289,0,test,7.721246399047171,-1.4735147208433474,0.19476111989051859,0.19476111989051859
CCCN(CCC)CCc1c[nH]c2ccccc12,283.9,-2.453165392525857,0,test,6.546834607474143,-2.2585444108678816,-0.19462098165797537,0.19462098165797537
O=S(=O)(NC1CCN(CC(O)COc2ccccc2-c2ccccc2)CC1)c1ccc(F)cc1,59.0,-1.7708520116421442,0,test,7.229147988357855,-1.5769237399938874,-0.19392827164825688,0.19392827164825688
O=S(=O)(c1cccc2ncccc12)N1CCC(CCN2CCN(c3cccc(C(F)(F)F)c3)CC2)CC1,56.0,-1.7481880270062005,0,test,7.251811972993799,-1.9404996009969144,0.19231157399071397,0.19231157399071397
CN1CCC(Oc2cc(Br)ccc2OCc2cccc(Cl)c2)CC1,10.0,-1.0,1,test,8.0,-1.1921796982836583,0.19217969828365833,0.19217969828365833
O=C1c2ccccc2S(=O)(=O)N1CCCCCCN1CCN(c2ccccc2Cl)CC1,120.0,-2.0791812460476247,0,test,6.920818753952375,-2.2710528836884736,0.1918716376408489,0.1918716376408489
COc1ccccc1N1CCN(Cc2ccc(C(=O)N3Cc4ccccc4C[C@H]3C(N)=O)cc2)CC1,579.0,-2.762678563727436,0,test,6.237321436272564,-2.9544726297665425,0.19179406603910643,0.19179406603910643
O=c1[nH]c(CCCCCN2CCN(c3ccccc3)CC2)nc2c1sc1ccccc12,19.0,-1.2787536009528289,1,test,7.721246399047171,-1.4675289591956298,0.1887753582428009,0.1887753582428009
C[C@H](Nc1nc(F)nc(NCCOc2ccccc2)n1)c1ccccc1,10.0,-1.0,0,test,8.0,-1.1873388083876772,0.18733880838767725,0.18733880838767725
O=C1Cc2ccccc2N1CCCCCN1CCN(c2cccc3[nH]cnc23)CC1,68.0,-1.8325089127062364,0,test,7.167491087293763,-2.0192267781251716,0.1867178654189352,0.1867178654189352
C[C@@H](Oc1ccc(C(F)(F)F)cc1OC1CNC1)c1cccc(C(F)(F)F)c1,31.0,-1.4913616938342726,0,test,7.508638306165727,-1.6780662067808487,0.18670451294657608,0.18670451294657608
O=S(=O)(NCCCCN1CCC(c2noc3cc(F)ccc23)CC1)c1ccc2cc(Cl)ccc2c1,3.2,-0.505149978319906,1,test,8.494850021680094,-0.6907650171387476,0.18561503881884156,0.18561503881884156
CN1CCN(c2nc(N)nc(CCC[Se]Cc3ccccc3)n2)CC1,7450.0,-3.8721562727482928,0,test,5.127843727251707,-3.687529997130284,-0.1846262756180086,0.1846262756180086
FCC(Oc1ccc(Cl)cc1OC1CNC1)c1ccccc1,215.0,-2.3324384599156054,0,test,6.667561540084394,-2.1519550252970494,-0.18048343461855598,0.18048343461855598
Cc1ccc(-c2n[nH]cc2N2CCNCC2)cc1,26.0,-1.414973347970818,1,test,7.585026652029182,-1.595398231468068,0.18042488349724994,0.18042488349724994
O=S(=O)(NC1CN(CCOc2ccccc2-c2ccccc2)C1)c1cccc(Cl)c1,20.0,-1.3010299956639813,0,test,7.698970004336019,-1.479624760987936,0.1785947653239548,0.1785947653239548
OCc1cccc(NCCCN2CCN(c3ccccc3)CC2)c1,109.0,-2.037426497940624,1,test,6.962573502059376,-1.8602597105526935,-0.17716678738793035,0.17716678738793035
O=c1[nH]c2cc(Cl)ccc2n1C1CCN(CCCCc2nc3ccccc3s2)CC1,287.0,-2.4578818967339924,0,test,6.542118103266008,-2.2828717728477237,-0.1750101238862687,0.1750101238862687
O=C(C1CCCCC1)N(CCN1CCN(c2ccccc2)CC1)c1ccccn1,198.0,-2.296665190261531,0,test,6.703334809738469,-2.469361579651553,0.1726963893900222,0.1726963893900222
COc1cccc(-n2c(=O)n(CCN3CCN(c4ccccc4)CC3)c3ccccc32)c1,864.0,-2.936513742478893,0,test,6.063486257521107,-2.764195714690394,-0.17231802778849925,0.17231802778849925
Cc1cccc(S(=O)(=O)NCCCN2CC=C(c3c(C)[nH]c4ccc(Cl)cc34)CC2)c1,150.0,-2.1760912590556813,1,test,6.823908740944319,-2.0046369412845557,-0.17145431777112563,0.17145431777112563
Cc1ccccc1C(=O)NCC1CCN(CCOc2cccc3c2CCCC3)CC1,409.0,-2.611723308007342,0,test,6.388276691992658,-2.782280826614325,0.1705575186069832,0.1705575186069832
Cn1c(=O)c2c(ncn2CCCCN2CCN(c3cccc(Cl)c3)CC2)n(C)c1=O,479.0,-2.680335513414563,0,test,6.319664486585436,-2.514012843579545,-0.1663226698350182,0.1663226698350182
O=C1CC2CCCc3ccsc3C2=NN1CCCCN1CCN(Cc2ccccc2)CC1,976.0,-2.9894498176666917,0,test,6.010550182333308,-2.8252114986288923,-0.16423831903779984,0.16423831903779984
O=C1c2ccccc2CCCN1CCN1CCC(Oc2ccc(F)cc2)CC1,4.5,-0.6532125137753437,0,test,8.346787486224656,-0.8157370027530448,0.1625244889777011,0.1625244889777011
O=S(=O)(c1ccc2cccnc2c1)n1cc(C2=CCNCC2)c2cc(Cl)ccc21,7322.0,-3.8646297245455123,0,test,5.135370275454488,-3.7031061468525484,-0.16152357769296355,0.16152357769296355
C[C@@H]([C@H](O)c1ccc(O)cc1)N1CCC(Cc2ccccc2)CC1,513.0,-2.7101173651118162,0,test,6.289882634888183,-2.5490677354342925,-0.16104962967752323,0.16104962967752323
c1ccc(-c2c3c(nn2C2CCC2)CCNCC3)cc1,90.0,-1.954242509439325,0,test,7.045757490560675,-1.7941379134951843,-0.16010459594414073,0.16010459594414073
COc1ccccc1N1CCN(CC(O)CN2C(=O)NC(C)(c3ccc(Br)cc3)C2=O)CC1,10.0,-1.0,1,test,8.0,-1.1590170741158483,0.1590170741158483,0.1590170741158483
CC(Oc1ccc(Cl)cc1OC1CNC1)c1cccc(OC(F)(F)F)c1,63.0,-1.7993405494535817,0,test,7.200659450546418,-1.9566158015409498,0.15727525208736814,0.15727525208736814
Cc1cccc(-n2cc(CCN(C)C)c3ccccc32)c1C,317.0,-2.5010592622177517,0,test,6.498940737782249,-2.346574917056554,-0.1544843451611979,0.1544843451611979
Cc1cccc(N(C)CCCN2CCN(c3ccccc3)CC2)c1,85.0,-1.9294189257142926,0,test,7.070581074285707,-1.775088615718576,-0.15433030999571695,0.15433030999571695
NC(=O)c1ccccc1OCCCN1CCN(c2cccc3c2ccn3S(=O)(=O)c2ccccc2)CC1,180.0,-2.255272505103306,0,test,6.7447274948966935,-2.1015643514718025,-0.15370815363150347,0.15370815363150347
COc1ccc(-c2ccccc2N2CCN(CCCCCC(=O)NCc3ccc(OCCN4CCOCC4)cc3)CC2)cc1,25.0,-1.3979400086720377,0,test,7.6020599913279625,-1.2449549968356706,-0.15298501183636692,0.15298501183636692
Cn1c(=O)c2c(nc3n(CCCCCN4CCN(c5ccccc5O)CC4)c(-c4ccccc4)cn23)n(C)c1=O,43.0,-1.6334684555795864,0,test,7.366531544420414,-1.7863405481013086,0.15287209252172218,0.15287209252172218
CN(C)C1CCc2c(cccc2-c2cncc3ccccc23)C1,97.0,-1.9867717342662448,0,test,7.013228265733755,-1.834818858835897,-0.15195287543034786,0.15195287543034786
CCCN(CCC)[C@H]1COc2c(cccc2-c2c(OC)cccc2OC)C1,6.44,-0.8088858673598122,0,test,8.191114132640188,-0.9575987436609437,0.1487128763011315,0.1487128763011315
O=S(=O)(NCCCCN1CC=C(c2c[nH]c3ccc(Cl)cc23)CC1)c1ccc(F)cc1,80.0,-1.9030899869919435,1,test,7.096910013008056,-1.7545053373026087,-0.14858464968933482,0.14858464968933482
COc1ccccc1N1CCN(CCCC(=O)Nc2cc(C(C)(C)C)ccc2O)CC1,328.0,-2.515873843711679,0,test,6.484126156288321,-2.367477928202313,-0.14839591550936637,0.14839591550936637
CCC(Oc1cc(Cl)cc(Cl)c1)c1nc(N)nc(N2CCN(C)CC2)n1,9483.0,-3.976945750559242,0,test,5.023054249440758,-4.124155347676163,0.1472095971169214,0.1472095971169214
COc1cc(CC(C)N)c(OC)cc1Br,506.3,-2.704407927386841,1,test,6.295592072613159,-2.8499178067710638,0.14550987938422288,0.14550987938422288
CC(Oc1ccc(Cl)cc1OC1CNC1)c1ccc(C(F)(F)F)c(F)c1,90.0,-1.954242509439325,0,test,7.045757490560675,-1.8115496321086786,-0.1426928773306464,0.1426928773306464
CN(C1CCN(CCOc2ccccc2C(C)(C)C)CC1)S(=O)(=O)c1cnn(C)c1,58.0,-1.7634279935629373,0,test,7.236572006437063,-1.6211056195066447,-0.14232237405629244,0.14232237405629244
COc1ccc(/C=C2\NC(=O)N(CCCCN3CCN(c4ncccn4)CC3)C2=O)cc1OC1CCCC1,298.0,-2.4742162640762553,1,test,6.525783735923745,-2.333031320764671,-0.14118494331158482,0.14118494331158482
O=S(=O)(NCCCCN1CCN(c2cccc(Cl)c2Cl)CC1)c1cnc2ccc(Cl)cc2c1,41.0,-1.6127838567197355,0,test,7.3872161432802645,-1.7532606173469185,0.14047676062718284,0.14047676062718284
CC(=O)n1c2c(c3ccccc31)CCN(CCCCC13CCCc4cccc(c41)NC3=O)C2,6.5,-0.8129133566428556,0,test,8.187086643357144,-0.9494275032239251,0.13651414658106953,0.13651414658106953
O=C1Cc2ccccc2N1CCCCCCCN1CCc2ccccc2C1,36.0,-1.5563025007672873,1,test,7.443697499232712,-1.4206437928465327,-0.13565870792075452,0.13565870792075452
c1ccc(N2CCN(Cc3cn(-c4ccccc4)c4ccccc34)CC2)cc1,54.0,-1.7323937598229686,1,test,7.267606240177031,-1.8680286515117899,0.13563489168882126,0.13563489168882126
CC(C)(C)c1ccccc1OCCN1CCC(NS(=O)(=O)c2ccccc2)CC1,172.0,-2.2355284469075487,0,test,6.764471553092451,-2.100555832624728,-0.13497261428282092,0.13497261428282092
O=S(=O)(NCCCN1CC=C(c2c[nH]c3ccc(Cl)cc23)CC1)c1cccc(F)c1,14.0,-1.146128035678238,1,test,7.853871964321762,-1.0119570145210401,-0.1341710211571978,0.1341710211571978
COc1ccccc1N1CCN(CCCc2c[nH]c3ccc(F)cc23)CC1,15.0,-1.1760912590556813,0,test,7.823908740944319,-1.0424855042142502,-0.1336057548414309,0.1336057548414309
CC([Se]c1cccc2ccccc12)c1nc(N)nc(N2CCN(C)CC2)n1,8962.0,-3.9524049395770247,0,test,5.047595060422975,-3.8193919873651128,-0.1330129522119119,0.1330129522119119
Cc1cccc(N2CCN(CCCCn3c(C)cn4c5c(=O)n(C)c(=O)n(C)c5nc34)CC2)c1C,381.0,-2.5809249756756194,0,test,6.41907502432438,-2.4481646939175574,-0.13276028175806198,0.13276028175806198
Brc1ccc2c(ccn2CCN2CCN3CCCCC3C2)c1,158.0,-2.1986570869544226,0,test,6.801342913045577,-2.331087113383751,0.13243002642932877,0.13243002642932877
CCn1cncc1-c1c[nH]c2ccc(C)cc12,44.0,-1.6434526764861874,0,test,7.356547323513812,-1.774212086145778,0.13075940965959054,0.13075940965959054
O=S(=O)(c1cccc2ncccc12)N1CCC(CCN2CCN(c3cccc(Cl)c3Cl)CC2)CC1,55.0,-1.7403626894942439,0,test,7.259637310505756,-1.8701638519392145,0.12980116244497042,0.12980116244497042
CNC(C)C(=O)c1ccccc1,1000.0,-3.0,0,test,6.0,-2.8708798870228986,-0.12912011297710135,0.12912011297710135
COc1ccccc1N1CCN(CCCCN2c3cccc4cccc(c34)S2(=O)=O)CC1,200.0,-2.3010299956639813,0,test,6.698970004336019,-2.429190333621749,0.12816033795776782,0.12816033795776782
Cn1c(=O)c2c(ncn2CCCCN2CCc3ccccc3C2)n(C)c1=O,629.0,-2.798650645445269,0,test,6.201349354554731,-2.9250079840267444,0.12635733858147535,0.12635733858147535
c1ccc(-c2c3c(nn2-c2ccccc2)CCNCC3)cc1,150.0,-2.1760912590556813,0,test,6.823908740944319,-2.0498659000613877,-0.12622535899429366,0.12622535899429366
CSc1ccccc1N1CCN(CCCCCCC(=O)N2Cc3ccccc3C[C@H]2C(N)=O)CC1,111.0,-2.0453229787866576,0,test,6.954677021213342,-1.9202767609479254,-0.12504621783873215,0.12504621783873215
O=C(CCCCCN1CCN(c2ccccc2-c2ccccc2)CC1)NCc1ccccc1,8.9,-0.9493900066449128,0,test,8.050609993355087,-0.8245013509371465,-0.1248886557077663,0.1248886557077663
CCC1(CCCCN2CCN(c3cccc(Cl)c3)CC2)C(=O)Nc2ccc(F)cc21,2.105,-0.3232521001716871,1,test,8.676747899828312,-0.44800868573607144,0.12475658556438435,0.12475658556438435
O=C(CCCN1CCN(c2cccnc2)CC1)c1ccc(F)cc1,141.0,-2.1492191126553797,0,test,6.85078088734462,-2.2735436119520953,0.12432449929671519,0.12432449929671519
NC(=O)[C@@H]1Cc2ccccc2CN1C(=O)CCCCCCN1CCN(c2noc3ccccc23)CC1,28.0,-1.4471580313422192,0,test,7.552841968657781,-1.3233759370442684,-0.12378209429795084,0.12378209429795084
CC(C)c1ccccc1N1CCN(CCCCCC(=O)N2Cc3ccccc3C[C@H]2C(=O)N2CCCCC2)CC1,40.0,-1.6020599913279623,0,test,7.3979400086720375,-1.482641030075772,-0.11941896125219054,0.11941896125219054
O=C(CCCCCN1CCC(c2ccccc2)CC1)n1c2ccccc2c2ccccc21,157.5,-2.197280558125619,0,test,6.80271944187438,-2.314508472231524,0.11722791410590494,0.11722791410590494
CC1=C(C)C(=O)N(CCCCN2CCN(c3cccc(C(F)(F)F)c3)CC2)C1=O,107.0,-2.0293837776852097,0,test,6.97061622231479,-1.9135223306581983,-0.1158614470270114,0.1158614470270114
Fc1ccc2[nH]cc(CCCN3CCN(c4ccccc4-c4ccccc4)CC3)c2c1,1.1,-0.04139268515822508,1,test,8.958607314841775,-0.1556692235829995,0.1142765384247745,0.1142765384247745
CC(Oc1cccc(Cl)c1Cl)c1nc(N)nc(N2CCN(C)CC2)n1,12550.0,-4.098643725817057,0,test,4.901356274182943,-3.9845294298079157,-0.11411429600914147,0.11411429600914147
O=S(=O)(CCCCN1CCC2CCCCC2C1)c1ccccc1,96.0,-1.9822712330395684,0,test,7.017728766960431,-1.8698479098379601,-0.1124233232016083,0.1124233232016083
Cc1c(NC2=NCCN2)cccc1-c1cccc(C(F)(F)F)c1,46.0,-1.662757831681574,0,test,7.337242168318426,-1.5511582925834566,-0.11159953909811748,0.11159953909811748
O=C(NC1CCN(CCOc2ccccc2-c2ccccc2)CC1)c1cccs1,276.0,-2.4409090820652177,0,test,6.559090917934782,-2.330292203112714,-0.11061687895250394,0.11061687895250394
O=S(=O)(NCCN1CCC(c2noc3cc(F)ccc23)CC1)c1cccc2ccccc12,1.3,-0.11394335230683679,1,test,8.886056647693163,-0.004876500105756075,-0.10906685220108063,0.10906685220108063
Cc1cccc(OCCOCCN2CCN(CCc3ccccc3)CC2)c1C,388.0,-2.5888317255942073,0,test,6.411168274405792,-2.4800944733601087,-0.10873725223409902,0.10873725223409902
O=C([C@@H]1Cc2ccccc2CN1C(=O)CCCCCCN1CCN(c2ccccc2-c2ccccc2)CC1)N1CCCCC1,12.0,-1.0791812460476249,0,test,7.920818753952375,-0.9708028330092761,-0.10837841303834883,0.10837841303834883
COc1ccccc1N1CCN(C(N)=NCCCNS(=O)(=O)c2cccc3ccccc23)CC1,195.0,-2.290034611362518,0,test,6.709965388637482,-2.181973962949448,-0.10806064841306995,0.10806064841306995
COc1ccccc1N1CCN(CCCC(=O)Nc2ccccc2O)CC1,471.0,-2.673020907128896,1,test,6.326979092871104,-2.565266022606023,-0.10775488452287307,0.10775488452287307
COc1ccc(-c2ccccc2N2CCN(CCCCCC(=O)NCc3cccnc3)CC2)cc1,13.0,-1.1139433523068367,0,test,7.886056647693163,-1.0066959121872454,-0.10724744011959131,0.10724744011959131
O=C1Nc2cccc3c2C1(CCCCN1CCN(c2ccccc2Cl)CC1)CCC3,12.0,-1.0791812460476249,0,test,7.920818753952375,-0.973000737912095,-0.10618050813552993,0.10618050813552993
C[C@H](Nc1cc(NCCOc2ccc(F)cc2)ncn1)c1ccccc1,5.0,-0.6989700043360189,1,test,8.301029995663981,-0.804842036792979,0.1058720324569602,0.1058720324569602
COc1ccc(-c2ccccc2N2CCN(C[C@@H](O)COc3ccc(Cl)cc3F)CC2)cc1,44.0,-1.6434526764861874,0,test,7.356547323513812,-1.5382435463967026,-0.10520913008948485,0.10520913008948485
N#Cc1ccccc1-n1cc(CN2CCN(c3ccccc3)CC2)c2ccccc21,41.0,-1.6127838567197355,0,test,7.3872161432802645,-1.5080110332994519,-0.10477282342028382,0.10477282342028382
CN(CCCCCN1CCN(c2ccccc2)CC1)c1cccc(O)c1,17.0,-1.2304489213782739,1,test,7.769551078621726,-1.3293686066926989,0.09891968531442474,0.09891968531442474
COCn1c2c(c3ccccc31)CCN(CCCCC13CCCc4cccc(c41)NC3=O)C2,17.0,-1.2304489213782739,0,test,7.769551078621726,-1.1347367582982861,-0.09571216307998798,0.09571216307998798
CCN(CCN1CCC(n2ccc3cc(F)ccc32)CC1)C(=O)C(C)O,13.5,-1.130333768495006,0,test,7.8696662315049934,-1.225462145587481,0.0951283770924749,0.0951283770924749
CCC(Sc1cc(Cl)ccc1Cl)c1nc(N)nc(N2CCNCC2)n1,5669.0,-3.75350645699097,1,test,5.24649354300903,-3.659855005959794,-0.09365145103117634,0.09365145103117634
O=C1Cc2ccccc2N1CCCCCN1CCN(c2ccccc2)CC1,63.0,-1.7993405494535817,1,test,7.200659450546418,-1.8900394176551873,0.09069886820160566,0.09069886820160566
Fc1cccc(-c2n[nH]cc2N2CCNCC2)c1,47.0,-1.6720978579357175,1,test,7.327902142064282,-1.5841350790145965,-0.08796277892112103,0.08796277892112103
CN(CCCCCC(=O)n1c2ccccc2c2ccccc21)Cc1ccccc1,603.5,-2.780677274433368,0,test,6.219322725566633,-2.6929666667470946,-0.08771060768627326,0.08771060768627326
CCCC([Se]c1cc(C)ccc1C)c1nc(N)nc(N2CCN(C)CC2)n1,5667.0,-3.753353212641496,0,test,5.246646787358504,-3.6659095572980998,-0.08744365534339638,0.08744365534339638
c1ccc(N2CCN(Cc3cn(-c4ccccn4)c4ccccc34)CC2)cc1,189.0,-2.2764618041732443,1,test,6.723538195826755,-2.189749190920871,-0.08671261325237323,0.08671261325237323
COc1ccccc1N1CCN(CCCCC(=O)NCc2ccccc2-c2cccc(F)c2)CC1,35.0,-1.5440680443502757,1,test,7.455931955649724,-1.6304750443533351,0.08640700000305945,0.08640700000305945
O=S(=O)(NCCCCN1CCN(c2cccc(Cl)c2)CC1)c1ccc2ccccc2c1,50.0,-1.6989700043360187,1,test,7.301029995663981,-1.7840613838118526,0.0850913794758339,0.0850913794758339
CC(Oc1ccc(Cl)cc1OC1CNC1)c1ccc(F)cc1,43.0,-1.6334684555795864,0,test,7.366531544420414,-1.715234901570696,0.0817664459911096,0.0817664459911096
COc1ccc2c(c1)c(C1=CCNCC1)cn2S(=O)(=O)c1cccc2ncccc12,2352.0,-3.371437317404101,0,test,5.6285626825958985,-3.4517367299927293,0.08029941258862827,0.08029941258862827
Fc1ccc(-c2c3c(nn2C2CC2)CCNCC3)cc1,100.0,-2.0,0,test,7.0,-1.920883872562645,-0.07911612743735508,0.07911612743735508
[C]OC1([C])c2ccccc2-c2ccc(C(=O)N=C([N])[N])cc21,1.4,-0.146128035678238,0,test,8.853871964321762,-0.2234900757241772,0.07736204004593919,0.07736204004593919
CSc1ccccc1N1CCN(CCCCCC(=O)NCc2ccccc2)CC1,22.0,-1.3424226808222062,1,test,7.657577319177793,-1.4191287508888673,0.07670607006666108,0.07670607006666108
O=S(=O)(NCCCN1CCN(c2nsc3ccccc23)CC1)c1ccc(F)c(Cl)c1,9.5,-0.9777236052888477,1,test,8.022276394711152,-1.0534318242016973,0.07570821891284973,0.07570821891284973
O=C([C@@H]1Cc2ccccc2CN1C(=O)CCCCCCN1CCN(c2ccccc2-c2ccccc2)CC1)N1CCOCC1,9.0,-0.9542425094393249,0,test,8.045757490560675,-1.0297361391750683,0.07549362973574358,0.07549362973574358
O=C1Cc2ccccc2N1CCCCCN1CCN(c2cccc3ccccc23)CC1,69.0,-1.8388490907372552,0,test,7.161150909262744,-1.7637833763869049,-0.07506571435035037,0.07506571435035037
COc1ccc(-c2ccccc2N2CCN(CCCCCC(=O)NCc3ccncc3)CC2)cc1,11.0,-1.0413926851582251,0,test,7.958607314841775,-0.9665494520818314,-0.07484323307639373,0.07484323307639373
Clc1cccc(-c2ccc(Cl)cc2C2CCNC2)c1,129.99,-2.113909943754037,0,test,6.886090056245963,-2.0394477344152993,-0.07446220933873793,0.07446220933873793
O=C1c2cccc3cccc(c23)C(=O)N1CCCCCCN1CCN(c2nsc3ccccc23)CC1,118.0,-2.0718820073061255,0,test,6.928117992693874,-1.9982219459535322,-0.07366006135259284,0.07366006135259284
Fc1ccccc1-c1n[nH]cc1N1CCNCC1,80.0,-1.9030899869919435,1,test,7.096910013008056,-1.976746818413705,0.07365683142176138,0.07365683142176138
CCC1NC(N)=Nc2cccc(Cl)c21,97.4,-1.9885589568786155,0,test,7.011441043121384,-1.915328263113431,-0.07323069376518454,0.07323069376518454
CCC1(CCCCN2CCN(c3ccc(Cl)cc3)CC2)C(=O)Nc2cc(F)c(Cl)cc21,8.495000000000001,-0.9291633832050644,1,test,8.070836616794935,-0.8562633573594031,-0.07290002584566135,0.07290002584566135
O=C(CCCN1CCN(c2ccccn2)CC1)c1ccc(F)cc1,118.0,-2.0718820073061255,0,test,6.928117992693874,-2.1442575834602255,0.07237557615410051,0.07237557615410051
O=S1(=O)c2cccc3cccc(c23)N1CCCCCCN1CCN(c2ccc(Cl)c(Cl)c2)CC1,404.0,-2.606381365110605,0,test,6.393618634889394,-2.5350612739349305,-0.07132009117567462,0.07132009117567462
COc1ccccc1N1CCN(CCCCN2C(=O)NC3(CCCc4ccccc43)C2=O)CC1,47.0,-1.6720978579357175,0,test,7.327902142064282,-1.7422861955846642,0.07018833764894672,0.07018833764894672
CCC(Oc1cccc(F)c1F)c1nc(N)nc(N2CCN(C)CC2)n1,11480.0,-4.059941888061955,0,test,4.940058111938045,-4.12842993095361,0.068488042891655,0.068488042891655
Brc1ccc2ccn(CCN3CCCN(C4CC4)CC3)c2c1,16.0,-1.2041199826559248,0,test,7.795880017344075,-1.1361350561771904,-0.06798492647873444,0.06798492647873444
OC12C3C4CC5C6C4C1C6C(C53)N2CCc1cccnc1,2447.0,-3.388633969351789,0,test,5.611366030648211,-3.3207167189120805,-0.06791725043970853,0.06791725043970853
O=C(CCCCN1CCCCCC1)n1c2ccccc2c2ccccc21,952.0,-2.9786369483844743,0,test,6.021363051615525,-3.0454688577264877,0.06683190934201333,0.06683190934201333
COc1ccccc1N1CCN(CCCCC(=O)Nc2cc(C(C)(C)C)ccc2O)CC1,159.0,-2.2013971243204513,0,test,6.798602875679549,-2.2674310215065803,0.06603389718612851,0.06603389718612851
CSc1ccc(N2CCN(Cc3c[nH]c4ncccc34)CC2)cc1,336.0,-2.526339277389844,0,test,6.4736607226101555,-2.460505690223316,-0.06583358716652787,0.06583358716652787
CCC(Sc1cccc(Cl)c1Cl)c1nc(N)nc(N2CCNCC2)n1,3317.0,-3.5207454715194824,0,test,5.479254528480517,-3.4570930069419203,-0.06365246457756202,0.06365246457756202
CCOC(=O)c1[nH]c2ccccc2c1CCN(C)C,510.0,-2.7075701760979363,0,test,6.292429823902063,-2.7707786872849542,0.06320851118701798,0.06320851118701798
Cc1cccc(-c2ccccc2C2CCNC2)c1,80.24,-1.9043909200123617,1,test,7.095609079987638,-1.966994012092084,0.06260309207972226,0.06260309207972226
Fc1ccc(N2CCN(CCCc3c[nH]c4ccc(F)cc34)CC2)c(-c2ccoc2)c1,11.0,-1.0413926851582251,1,test,7.958607314841775,-0.9792972654307629,-0.06209541972746224,0.06209541972746224
Fc1cccc(COc2ccc(Br)cc2OC2CNC2)c1,10.0,-1.0,1,test,8.0,-1.0618648226527314,0.06186482265273141,0.06186482265273141
O=S(=O)(NCCCCN1CCC(c2noc3cc(F)ccc23)CC1)c1ccc2ccccc2c1,1.4,-0.146128035678238,1,test,8.853871964321762,-0.08500349785971892,-0.06112453781851909,0.06112453781851909
N#Cc1ccc(CNC(=O)CCCCCN2CCN(c3ccccc3-c3ccccc3)CC2)cc1,5.334444444444444,-0.7270891965298408,1,test,8.27291080347016,-0.7870201529306351,0.059930956400794266,0.059930956400794266
O=S(=O)(NCCCCN1CCC(c2noc3cc(F)ccc23)CC1)c1ccc(F)c(Cl)c1,4.4,-0.6434526764861874,1,test,8.356547323513812,-0.5835379597360345,-0.05991471675015292,0.05991471675015292
Oc1ccc2[nH]cc(CCN3CCN(c4cccc5ccccc45)CC3)c2c1,12.0,-1.0791812460476249,1,test,7.920818753952375,-1.1386304826594766,0.05944923661185175,0.05944923661185175
CC(Oc1ccc(Cl)cc1OC1CN(C2CCC2)C1)c1cccc(C(F)(F)F)c1,90.0,-1.954242509439325,0,test,7.045757490560675,-2.0134534301674734,0.059210920728148375,0.059210920728148375
O=C1c2cc(Cl)ccc2CC1CCN1CCN(c2ccccn2)CC1,63.0,-1.7993405494535817,0,test,7.200659450546418,-1.740155945940397,-0.059184603513184664,0.059184603513184664
N#Cc1ccccc1N1CCN(CCCCCC(=O)NC2CCCc3ccccc32)CC1,48.7,-1.6875289612146342,1,test,7.3124710387853655,-1.7434860638379484,0.0559571026233141,0.0559571026233141
O=C1NC2(CCc3ccccc32)C(=O)N1CCCCN1CCN(c2cccc(C(F)(F)F)c2)CC1,67.0,-1.8260748027008264,0,test,7.173925197299173,-1.8812949753277939,0.055220172626967434,0.055220172626967434
O=C(CCCN1CCN(c2noc3ccccc23)CC1)c1ccccc1O,19.5,-1.290034611362518,0,test,7.709965388637482,-1.344992018963352,0.054957407600833896,0.054957407600833896
COc1ccc(CNC(=O)CCOCCN2CCN(c3ccccc3-c3ccccc3C)CC2)cc1,33.0,-1.5185139398778875,0,test,7.481486060122112,-1.5731483959781156,0.0546344561002281,0.0546344561002281
O=C1CCc2cc(OCCCN3CCN(c4ccccn4)CC3)ccc2N1,187.0,-2.271841606536499,1,test,6.7281583934635005,-2.221084027833859,-0.05075757870263997,0.05075757870263997
Cn1cc(S(=O)(=O)N(CC2CC2)C2CCN(CCOc3ccccc3C(C)(C)C)CC2)cn1,49.0,-1.6901960800285136,0,test,7.309803919971486,-1.6395326573234008,-0.050663422705112815,0.050663422705112815
CC(C)n1nc2c(c1-c1ccccc1)CCNCC2,28.0,-1.4471580313422192,0,test,7.552841968657781,-1.3973312001476776,-0.049826831194541565,0.049826831194541565
COc1ccccc1CNC(=O)CCCCN1CCN(c2ccccc2OC)CC1,366.0,-2.5634810853944106,0,test,6.436518914605589,-2.5146054073601043,-0.04887567803430626,0.04887567803430626
CCN(CCCN1CCc2cc(OC)ccc2C1)S(=O)(=O)c1ccccc1,54.0,-1.7323937598229686,0,test,7.267606240177031,-1.6858879452636086,-0.04650581455935998,0.04650581455935998
CCC(Oc1cc(Cl)ccc1Cl)c1nc(N)nc(N2CCN(C)CC2)n1,5707.333333333333,-3.756433237994861,1,test,5.243566762005139,-3.7110565739952746,-0.04537666399958651,0.04537666399958651
O=c1[nH]c2ccccc2n1CCCCCN1CCN(c2cccnc2)CC1,21.8,-1.3384564936046048,1,test,7.661543506395395,-1.3833008614564801,0.04484436785187529,0.04484436785187529
c1ccc(-c2ccc(CNCCc3c[nH]c4ccccc34)o2)cc1,1281.0,-3.1075491297446862,1,test,5.892450870255313,-3.0644944149257203,-0.043054714818965945,0.043054714818965945
CSc1ccccc1OCCN1CCC(NS(=O)(=O)c2cccc(Cl)c2)C1,15.0,-1.1760912590556813,0,test,7.823908740944319,-1.2186768711590188,0.04258561210333767,0.04258561210333767
Clc1ccc2c(c1)CCC2Oc1ccc(Br)cc1OC1CNC1,19.0,-1.2787536009528289,0,test,7.721246399047171,-1.2375112420237353,-0.04124235892909356,0.04124235892909356
CN1CCc2ccc(OCCCN3CCN(c4ccccc4F)CC3)cc2C1=O,29.9,-1.4756711883244296,0,test,7.52432881167557,-1.5163504068936655,0.04067921856923595,0.04067921856923595
COc1ccccc1N1CCN(CCCCN2C(=O)NC3(CCC(c4ccccc4)CC3)C2=O)CC1,130.0,-2.113943352306837,0,test,6.886056647693163,-2.1541442963658266,0.04020094405898966,0.04020094405898966
CCOc1nc2c(c(=O)n(C)c(=O)n2C)n1CCCCN1CCc2ccccc2C1,83.0,-1.919078092376074,1,test,7.080921907623926,-1.957827670871012,0.0387495784949381,0.0387495784949381
Clc1ccc(OC2CCCC2)c(OC2CNC2)c1,270.0,-2.4313637641589874,1,test,6.568636235841012,-2.39415873563725,-0.037205028521738015,0.037205028521738015
CCCCNCc1ccc(Cl)c(-c2ccccc2OC)c1,52.0,-1.7160033436347992,1,test,7.2839966563652006,-1.752985219158416,0.03698187552361687,0.03698187552361687
COc1ccc2[nH]cc(C3CCN(CCCCN4C(=O)CC(c5c[nH]c6ccc(F)cc56)C4=O)CC3)c2c1,458.0,-2.660865478003869,0,test,6.339134521996131,-2.626039050994754,-0.03482642700911498,0.03482642700911498
[C]1[C][C]c2c(cccc2N=C2[N][C][C][N]2)[C]1,290.0,-2.462397997898956,0,test,6.537602002101044,-2.4964067630210027,0.03400876512204665,0.03400876512204665
COc1ccccc1N1CCN(CCCCC(=O)Nc2ccc(C(C)C)cc2)CC1,451.0,-2.6541765418779604,0,test,6.345823458122039,-2.685447315475589,0.031270773597628754,0.031270773597628754
COc1ccccc1N1CCN(CCCCCn2cnc3c2c(=O)n(C)c(=O)n3C)CC1,294.0,-2.4683473304121573,0,test,6.531652669587842,-2.4987910618345843,0.030443731422427067,0.030443731422427067
CC(C)c1ccccc1OCCN1CC(NS(=O)(=O)c2ccc(F)cc2)C1,7.0,-0.8450980400142568,1,test,8.154901959985743,-0.8749466723327572,0.029848632318500434,0.029848632318500434
CC1(Oc2cc(Br)ccc2OCc2cccc(C(F)(F)F)c2)CNC1,34.0,-1.5314789170422551,0,test,7.468521082957745,-1.5024281391871355,-0.02905077785511967,0.02905077785511967
CSc1ccccc1N1CCN(CCCCCC(=O)N2Cc3ccccc3C[C@H]2C(N)=O)CC1,78.0,-1.8920946026904804,0,test,7.107905397309519,-1.9202767609479254,0.028182158257445078,0.028182158257445078
Clc1ccc(COc2ccc(Br)cc2OC2CNC2)cc1,12.0,-1.0791812460476249,0,test,7.920818753952375,-1.0510082459691208,-0.028173000078504096,0.028173000078504096
C[C@H]1C[C@H](NS(=O)(=O)c2csc3ccccc23)CN1CCCc1noc2cc(F)ccc12,95.0,-1.9777236052888478,0,test,7.022276394711152,-1.9511793584822734,-0.026544246806574634,0.026544246806574634
COc1cc2ncnc(N3CCC(CN4CCN(c5cccc(Cl)c5Cl)CC4)C3)c2cc1OC,347.0,-2.5403294747908736,0,test,6.459670525209127,-2.5661319537027807,0.025802478911907123,0.025802478911907123
O=S(=O)(NCCCCN1CCN(c2cccc(Cl)c2Cl)CC1)c1cc2ccccc2cn1,56.0,-1.7481880270062005,0,test,7.251811972993799,-1.7226959451949668,-0.025492081811233636,0.025492081811233636
COc1cc2c(cc1OCc1ccc(Br)cc1)C[C@H]1c3c(cc(OC)c(OC)c3-2)CCN1C,54.0,-1.7323937598229686,0,test,7.267606240177031,-1.757244072554745,0.024850312731776292,0.024850312731776292
COc1ccc(-c2ccccc2N2CCN(CCOCCC(=O)NCc3cccnc3)CC2)cc1,24.0,-1.380211241711606,0,test,7.619788758288394,-1.4042642923234485,0.024053050611842597,0.024053050611842597
CN1CC[C@@H](Oc2cc(Cl)ccc2OCc2cccc(Cl)c2)C1,27.0,-1.4313637641589874,0,test,7.568636235841012,-1.4551185231986339,0.023754759039646522,0.023754759039646522
O=c1[nH]c2ccccc2n1CCOCCN1CCN(c2ccc(F)cc2)CC1,13.4,-1.1271047983648077,1,test,7.872895201635192,-1.1493090037849956,0.02220420542018786,0.02220420542018786
C=Cc1ccc2ccn(CCN3CCCN(C)CC3)c2c1,109.0,-2.037426497940624,1,test,6.962573502059376,-2.0593937770541824,0.021967279113558558,0.021967279113558558
Cc1cccc(S(=O)(=O)NCCCCN=C(N)N2CCC(c3ccccc3)CC2)c1,150.0,-2.1760912590556813,0,test,6.823908740944319,-2.1977546786814512,0.021663419625769897,0.021663419625769897
O=C(CCCN1CCN(c2ccc(Cl)cn2)CC1)c1ccc(F)cc1,208.0,-2.3180633349627615,0,test,6.681936665037238,-2.296469708090894,-0.021593626871867055,0.021593626871867055
O=S(=O)(NCCCCN1CCN(c2ccc(Cl)cc2)CC1)c1cnc2ccccc2c1,310.0,-2.4913616938342726,1,test,6.508638306165727,-2.510120569738346,0.018758875904073324,0.018758875904073324
CCn1cncc1-c1c[nH]c2ccc(OC)c(F)c12,46.0,-1.662757831681574,1,test,7.337242168318426,-1.681516136031143,0.018758304349568933,0.018758304349568933
O=S(=O)(c1cccc(F)c1)n1ccc2c(N3CCNCC3)nc3ccccc3c21,2997.0,-3.476686742945645,0,test,5.523313257054355,-3.458089679159352,-0.01859706378629289,0.01859706378629289
O=S(=O)(CC1CCN(CCCc2noc3cc(F)ccc23)C1)c1ccc(C(F)(F)F)cc1,47.0,-1.6720978579357175,0,test,7.327902142064282,-1.6547025792838193,-0.01739527865189827,0.01739527865189827
COc1ccccc1N1CCN(CCCCCC(=O)Nc2ccc(C(C)(C)C)cc2)CC1,514.0,-2.710963118995276,0,test,6.289036881004725,-2.7272011080694614,0.0162379890741855,0.0162379890741855
CCC1(CCCCN2CCN(c3ccc(Cl)cc3)CC2)C(=O)Nc2c(Cl)cc(Cl)cc21,9.815,-0.991890303936025,0,test,8.008109696063975,-0.9756851416967222,-0.016205162239302795,0.016205162239302795
O=C1c2ccccc2S(=O)(=O)N1CCCCCCN1CCN(c2ccccc2C(F)(F)F)CC1,195.0,-2.290034611362518,0,test,6.709965388637482,-2.2747355508293157,-0.01529906053320218,0.01529906053320218
CC(Oc1cccc(Cl)c1)c1nc(N)nc(N2CCN(C)CC2)n1,8361.0,-3.9222582234329666,0,test,5.077741776567033,-3.9372838523074427,0.015025628874475672,0.015025628874475672
O=S(=O)(NCCCCN1CC=C(c2c[nH]c3ccc(Cl)cc23)CC1)c1ccc2ccccc2c1,110.0,-2.041392685158225,1,test,6.958607314841775,-2.027748001810879,-0.013644683347346032,0.013644683347346032
CCC1(CCCCN2CCN(c3ccccn3)CC2)C(=O)Nc2ccccc21,4.0,-0.6020599913279624,1,test,8.397940008672037,-0.613619719706763,0.011559728378800593,0.011559728378800593
COc1ccccc1N1CCN(CCCCC2NC(C3CCCCC3)=NNC2=O)CC1,20.0,-1.3010299956639813,0,test,7.698970004336019,-1.2897235733941357,-0.011306422269845573,0.011306422269845573
CCN(CCCCN1CCN(c2ccccc2OC)CC1)S(=O)(=O)c1ccc2ncccc2c1,41.0,-1.6127838567197355,0,test,7.3872161432802645,-1.622376983876174,0.00959312715643823,0.00959312715643823
C#Cc1ccc2ccn(CCN3CCCN(C)CC3)c2c1,140.0,-2.146128035678238,1,test,6.853871964321762,-2.1545103208358753,0.00838228515763717,0.00838228515763717
COc1ccc(-c2ccccc2C2CCN(CCCCOc3ccc(-c4cn5ccccc5n4)cc3)CC2)cc1,75.0,-1.8750612633917,0,test,7.1249387366083,-1.8670876505857554,-0.007973612805944663,0.007973612805944663
COc1cc2c(cc1OC)CN(/C=N/c1ccc3c(c1)C(OC(C)=O)CCC3)CC2,400.0,-2.6020599913279625,0,test,6.3979400086720375,-2.608234999442883,0.006175008114920555,0.006175008114920555
O=C(CCCN1C2CCC1CN(c1ccc(Cl)cn1)C2)c1ccc(F)cc1,333.0,-2.5224442335063197,0,test,6.47755576649368,-2.5169797752307588,-0.005464458275561412,0.005464458275561412
O=c1scc(O)n1CCCCNCC1CCc2ccccc2O1,169.0,-2.2278867046136734,1,test,6.772113295386326,-2.2249197449146956,-0.0029669596989774227,0.0029669596989774227
Cc1ccc(C)c([Se]C(C)c2nc(N)nc(N3CCN(C)CC3)n2)c1,4745.0,-3.6762362167633116,1,test,5.323763783236688,-3.674138535331058,-0.002097681432254195,0.002097681432254195
CCN(CCCCCN1CCC2CCCCC2C1)S(=O)(=O)c1cccc2cccnc12,33.0,-1.5185139398778875,0,test,7.481486060122112,-1.5171613560378683,-0.0013525838400192391,0.0013525838400192391
O=C(COc1ccc(Cl)cc1OC1CNC1)c1ccc(Cl)cc1,110.0,-2.041392685158225,0,test,6.958607314841775,-2.0407378539684555,-0.0006548311897693893,0.0006548311897693893
COc1cc2nc(N3CCN(C(=O)c4ccco4)CC3)nc(N)c2cc1OC,0.1,1.0,0,train,10.0,-0.5452169559694496,1.5452169559694497,1.5452169559694497
O=S(=O)(NCCCCN1CCc2sccc2C1)c1cnc2ccccc2c1,506829.0,-5.704861456605342,1,train,3.295138543394658,-4.429340415111731,-1.2755210414936116,1.2755210414936116
CC(C)n1nc2c(c1-c1ccc(OC(F)(F)F)cc1)CCNCC2,5000.0,-3.6989700043360187,1,train,5.301029995663981,-2.6691487980215025,-1.0298212063145158,1.0298212063145158
c1ccc(C2NCCc3c2[nH]c2ccccc32)cc1,97000.0,-4.986771734266245,1,train,4.013228265733755,-3.961214505722302,-1.0255572285439434,1.0255572285439434
O[C@H](CCN1CCc2onc(-c3ccc(F)c(F)c3)c2C1)c1ccccc1,71200.0,-4.852479993636856,0,train,4.147520006363144,-3.829194152717024,-1.023285840919832,1.023285840919832
CC(C)N(CCc1c[nH]c2ccccc12)C(C)C,3423.0,-3.534406899137877,0,train,5.465593100862122,-2.5242773985605083,-1.010129500577369,1.010129500577369
CN1CC2c3ccccc3Oc3ccc(Cl)cc3C2C1,0.72,0.14266750356873156,0,train,9.142667503568731,-0.8558150182262652,0.9984825217949966,0.9984825217949966
COc1ccc(-c2nc(CN3CCN(c4ccccc4Cl)CC3)cs2)cc1OC,64850.0,-4.811909980420099,0,train,4.188090019579901,-3.816363919508847,-0.9955460609112521,0.9955460609112521
Oc1ccc2c(c1O)C[C@@H](c1ccccc1)[C@@H]1CCNC[C@@H]21,220000.0,-5.342422680822207,0,train,3.6575773191777934,-4.363097912490049,-0.979324768332158,0.979324768332158
CN(C)CCSC(C)(C)C,1.3,-0.11394335230683679,0,train,8.886056647693163,-1.083582390980473,0.9696390386736362,0.9696390386736362
CCCN(CCC)[C@H]1CCc2c(cccc2-c2cccc3ccccc23)C1,0.3,0.5228787452803376,1,train,9.522878745280337,-0.44093439275918983,0.9638131380395274,0.9638131380395274
COc1cccc(OC)c1OCCNCC1Oc2ccccc2OC1c1ccccc1,0.85,0.07058107428570728,0,train,9.070581074285707,-0.877471045504248,0.9480521197899552,0.9480521197899552
O=c1n(Cc2ccc(CN3CCN(c4ccc(Cl)cc4)CC3)cc2)nc2ccccn12,201400.0,-5.304059466217599,1,train,3.6959405337824007,-4.37972059498019,-0.924338871237409,0.924338871237409
CCN(CCN1CCC(c2noc3cc(F)ccc23)CC1)S(=O)(=O)C(C)CO,333.0,-2.5224442335063197,1,train,6.47755576649368,-1.615927731058035,-0.9065165024482851,0.9065165024482851
O=c1[nH]c2ccccc2n1C1CCN(CCCC(c2ccc(F)cc2)c2ccc(F)cc2)CC1,0.5,0.3010299956639812,0,train,9.301029995663981,-0.5931500862937868,0.8941800819577681,0.8941800819577681
Nc1c(S(=O)(=O)c2ccccc2)sc2nc(-c3ccccc3)cc(-c3ccccc3)c12,13020.0,-4.114610984232173,0,train,4.885389015767827,-3.2212077145943265,-0.8934032696378464,0.8934032696378464
N[C@@H](Cc1c[nH]c2ccc(O)cc12)C(=O)O,2.1,-0.3222192947339193,0,train,8.67778070526608,-1.1985971878552015,0.8763778931212822,0.8763778931212822
CCN1CCCC1CNC(=O)c1cc(S(=O)(=O)CC)c(N)cc1OC,16.166666666666668,-1.2086204838826013,0,train,7.791379516117399,-2.066449128251356,0.8578286443687551,0.8578286443687551
CCN(CC)C(=O)c1ccc(-c2ccccc2C(F)(F)F)cc1OC1CNC1,2267.25,-3.355499410569517,0,train,5.644500589430483,-2.506888200896159,-0.8486112096733582,0.8486112096733582
CC(N)Cc1c[nH]c2ccc3c(c12)CCCO3,24000.0,-4.380211241711606,0,train,4.619788758288394,-3.536223632495164,-0.8439876092164424,0.8439876092164424
CN1CCN(CCCC2(S(=O)(=O)c3ccccc3)CCC2)CC1,5800.0,-3.7634279935629373,1,train,5.236572006437063,-2.9246896983306,-0.838738295232337,0.838738295232337
COc1ccc(S(=O)(=O)N2CCc3ccc(I)cc32)cc1N1CCNCC1,0.316228,0.4999996786570647,0,train,9.499999678657066,-0.33523406867184924,0.835233747328914,0.835233747328914
FC(F)(F)c1ccc(COc2ccc(Cl)cc2OC2CNC2)c(C(F)(F)F)c1,3159.0,-3.499549625905149,0,train,5.500450374094851,-2.6702531584891824,-0.8292964674159666,0.8292964674159666
O=c1ccc(-c2ccc(S(=O)(=O)Nc3cccc4c3CCCC4)s2)n[nH]1,26290.0,-4.419790586106362,0,train,4.580209413893638,-3.600374875724184,-0.8194157103821786,0.8194157103821786
Cc1ccccc1-c1ccc(OC(C)C)c(OC2CNC2)c1,10000.0,-4.0,1,train,5.0,-3.1844420017698285,-0.8155579982301715,0.8155579982301715
CC(C)n1nc2c(c1-c1ccc(Cl)c(Cl)c1)CCNCC2,4000.0,-3.6020599913279625,0,train,5.3979400086720375,-2.788414821362787,-0.8136451699651754,0.8136451699651754
CCC1(C)CC(CCNCc2ccc(OC)c(OC)c2)(c2ccc(C)cc2)CCO1,37200.0,-4.570542939881897,0,train,4.429457060118103,-3.757622533645029,-0.8129204062368682,0.8129204062368682
CC(C)c1ccccc1OCCN1CCC(NS(=O)(=O)c2ccc(F)cc2)CC1,0.3,0.5228787452803376,1,train,9.522878745280337,-0.2898890236255247,0.8127677689058623,0.8127677689058623
CN1CCN(C2Cc3ccccc3Sc3ccc(Cl)cc32)CC1,1.3966666666666665,-0.1450927682466328,1,train,8.854907231753367,-0.9533853325054393,0.8082925642588066,0.8082925642588066
CN(C)CCSc1nc2ccsc2n2cccc12,5.6,-0.7481880270062004,0,train,8.2518119729938,-1.5555242716772002,0.8073362446709998,0.8073362446709998
Cc1ccc(C(C)(C)CC(C)NCc2ccc(C(F)(F)F)cc2)o1,6100.0,-3.785329835010767,0,train,5.214670164989233,-2.984518249352216,-0.8008115856585509,0.8008115856585509
CCn1cncc1-c1c[nH]c2ccc(F)c(F)c12,5888.0,-3.7699678013294426,1,train,5.230032198670557,-2.972033748910395,-0.797934052419047,0.797934052419047
CCCCc1ccccc1N1CCN(CCCCCC(=O)NC2CCCc3ccccc32)CC1,2810.0,-3.44870631990508,1,train,5.55129368009492,-2.665519921887449,-0.783186398017631,0.783186398017631
O=C(CCCCN1CCC(c2noc3cc(F)ccc23)CC1)c1cc2c3c(c1)CCN3C(=O)CC2,226.0,-2.3541084391474008,0,train,6.645891560852599,-1.5761949619206317,-0.7779134772267691,0.7779134772267691
O=c1[nH]c2c(N3CCN(CC[C@@H]4CCCN4S(=O)(=O)c4cccc5ncccc45)CC3)cccc2o1,1119.0,-3.04883008652835,0,train,5.9511699134716505,-2.2799743106384853,-0.7688557758898646,0.7688557758898646
CC(Nc1nc(N)nc(NCCc2cccs2)n1)c1ccc(F)cc1,2.0,-0.3010299956639812,0,train,8.698970004336019,-1.0609967452001745,0.7599667495361933,0.7599667495361933
CS(=O)(=O)c1cc(Cl)ccc1COc1ccc(Cl)cc1OC1CNC1,8999.0,-3.9541942518158626,1,train,5.045805748184137,-3.1949436233101873,-0.7592506285056757,0.7592506285056757
c1ccc(N2CCN(Cc3cn(-c4ccc5ccccc5c4)c4ccccc34)CC2)cc1,4440.0,-3.6473829701146196,1,train,5.35261702988538,-2.893444828370355,-0.753938141744265,0.753938141744265
CN(C)CCSc1cccc(C2CCCCC2)n1,0.7,0.1549019599857432,1,train,9.154901959985743,-0.5980926376712414,0.7529945976569846,0.7529945976569846
O=S(=O)(NCCCCN1CCN(c2noc3ccccc23)CC1)c1ccc(F)c(Cl)c1,0.1,1.0,1,train,10.0,0.2513387554777213,0.7486612445222787,0.7486612445222787
CCN(CCCN1CCN(c2noc3cc(F)ccc23)CC1)S(=O)(=O)C(C)CO,0.1,1.0,1,train,10.0,0.2516130909585074,0.7483869090414925,0.7483869090414925
N#Cc1ccc(-c2ccccc2)cc1OC1CNC1,10000.0,-4.0,1,train,5.0,-3.2516730382694186,-0.7483269617305814,0.7483269617305814
CSc1ccccc1N1CCN(CCCCCC(=O)NC2CCCc3ccccc32)CC1,0.22,0.6575773191777937,1,train,9.657577319177793,-0.08820095147774937,0.7457782706555431,0.7457782706555431
Fc1ccc2c(C3CCN(CCCOc4ccc(-c5nc6ccccc6o5)cc4)CC3)noc2c1,765.0,-2.8836614351536176,1,train,6.116338564846382,-2.1405718042726045,-0.7430896308810131,0.7430896308810131
NC(=O)N1CCN(c2cccc(Cl)c2)CC1,22820.0,-4.358315640082195,0,train,4.641684359917805,-3.6196694526835023,-0.7386461873986931,0.7386461873986931
O=S(=O)(NCCCCN1CCN(c2noc3ccccc23)CC1)c1cc2ccc(Cl)cc2s1,5.1,-0.7075701760979364,1,train,8.292429823902063,-1.437947235370697,0.7303770592727606,0.7303770592727606
COc1ccccc1N1CCN(CCN(C(=O)C2CCCCC2)c2ccccn2)CC1,10000.0,-4.0,0,train,5.0,-3.2709770293804787,-0.7290229706195213,0.7290229706195213
COc1ccc(N2CCN(CCCOc3c(C)cc(C)cc3C)CC2)cc1,3027.0,-3.481012420956573,0,train,5.5189875790434275,-2.7570542581428192,-0.7239581628137537,0.7239581628137537
O=S(=O)(NCCCN1CCN(c2noc3ccccc23)CC1)c1ccc2cc(Cl)ccc2c1,2500.0,-3.3979400086720375,1,train,5.6020599913279625,-2.6757740496501663,-0.7221659590218708,0.7221659590218708
Nc1ccccc1N1CCN(CCCCCC(=O)NC2CCCc3ccccc32)CC1,8178.0,-3.912647106218317,1,train,5.0873528937816825,-3.1913035859446017,-0.7213435202737153,0.7213435202737153
O=S(=O)(c1ccccc1F)N1CCC[C@@H]1CCCN1CCN(c2ccccn2)CC1,0.17,0.769551078621726,0,train,9.769551078621726,0.0482305911541252,0.7213204874676008,0.7213204874676008
O=c1[nH]c(CCCCN2CCN(c3ccccc3)CC2)nc2ccsc12,0.85,0.07058107428570728,1,train,9.070581074285707,-0.6493762020483821,0.7199572763340893,0.7199572763340893
Cc1[nH]c(C)c(-c2cccc3c2CC[C@H](N(C)C)C3)c1C,0.831764,0.07999988048429535,0,train,9.079999880484296,-0.638055723276787,0.7180556037610822,0.7180556037610822
C[N+](C)([O-])CCCN1c2ccccc2Sc2ccc(Cl)cc21,5000.0,-3.6989700043360187,0,train,5.301029995663981,-2.981605443366647,-0.7173645609693713,0.7173645609693713
O=c1[nH]c2ccccc2n1CCN1CCCN2CCCCC2C1,23600.0,-4.372912002970106,0,train,4.627087997029894,-3.6610752902123784,-0.7118367127577279,0.7118367127577279
Cc1ccccc1C(=O)c1ccc(Br)cc1OC1CNC1,3000.0,-3.4771212547196626,0,train,5.522878745280337,-2.7665585833551383,-0.7105626713645243,0.7105626713645243
Oc1ccc(-c2cn(Cc3ccccc3)c3c2CNCC3)cc1,10000.0,-4.0,1,train,5.0,-3.2940515498569694,-0.7059484501430306,0.7059484501430306
CC[C@H]1c2ccccc2N(c2ccccc2)C[C@@]1(C)N,1000.0,-3.0,0,train,6.0,-2.294308960385182,-0.7056910396148179,0.7056910396148179
FC(F)(F)c1ccc(COc2ccc(Br)cc2CC2CNC2)o1,3.0,-0.47712125471966244,1,train,8.522878745280337,-1.1797009964726748,0.7025797417530124,0.7025797417530124
COc1ccc(/C=C2\NC(=O)N(CCCCN3CCN(c4cccc(Cl)c4Cl)CC3)C2=O)cc1OC,0.8,0.09691001300805639,1,train,9.096910013008056,-0.5843806610691457,0.681290674077202,0.681290674077202
CC(C)C1(Oc2cc(Br)ccc2OCc2cccc(Cl)c2)CNC1,8999.0,-3.9541942518158626,1,train,5.045805748184137,-3.2790049024480665,-0.6751893493677965,0.6751893493677965
Cn1cnc2ccc(OCCCCN3CCN(c4cccc(C(F)(F)F)c4)CC3)cc2c1=O,7.4,-0.8692317197309762,0,train,8.130768280269024,-1.5438973101832785,0.6746655904523022,0.6746655904523022
CN(C)CCSc1cccc(-c2ccccc2)n1,0.6,0.2218487496163564,1,train,9.221848749616356,-0.45188029962074994,0.6737290492371063,0.6737290492371063
O=C1c2cccc3cccc(c23)N1CCCCCCN1CCN(c2ccccc2C(F)(F)F)CC1,17780.0,-4.2499317566341945,1,train,4.7500682433658055,-3.579080663465218,-0.6708510931689764,0.6708510931689764
CCCCSC1CCc2ccc(/N=C/N3CCc4cc(OC)c(OC)cc4C3)cc21,36000.0,-4.556302500767287,0,train,4.443697499232713,-3.8886742279548248,-0.6676282728124621,0.6676282728124621
O=C1c2cccc3cccc(c23)N1CCCCCCN1CCN(c2ccc(C(F)(F)F)cc2)CC1,48960.0,-4.689841409137505,1,train,4.310158590862495,-4.022423615971397,-0.6674177931661074,0.6674177931661074
O=C1CCc2cc(OCCCN3CCCN(c4ccccn4)CC3)ccc2N1,956.0,-2.9804578922761,1,train,6.0195421077239,-2.3188619810781232,-0.6615959111979768,0.6615959111979768
O=S(=O)(c1ccc(F)cc1)N1CC=c2ccccc2=C1c1c[nH]c2ccccc12,16020.0,-4.204662511748219,0,train,4.795337488251781,-3.5444086533387904,-0.6602538584094284,0.6602538584094284
O=S(=O)(Nc1ccccc1-c1nccc2ccccc12)c1ccc(Cl)cc1,17890.0,-4.252610340567373,0,train,4.747389659432627,-3.593366119933969,-0.6592442206334042,0.6592442206334042
Fc1cc(Cl)cc(OC2CNC2)c1OCc1ccc(C(F)(F)F)o1,1462.0,-3.1649473726218416,0,train,5.835052627378158,-2.5097948145160953,-0.6551525581057462,0.6551525581057462
O=C(CCN1CCN(Cc2ccccc2)CC1)NCc1ccccc1,4.3,-0.6334684555795865,0,train,8.366531544420413,-1.286212456515315,0.6527440009357285,0.6527440009357285
NCCCC1(CCCN)CCc2cccc(O)c2C1,3.2,-0.505149978319906,0,train,8.494850021680094,-1.156468355312495,0.651318376992589,0.651318376992589
COC(=O)N1CCc2ccc(/N=C/N3CCc4cc(OC)c(OC)cc4C3)cc21,25000.0,-4.3979400086720375,0,train,4.6020599913279625,-3.748945852975124,-0.6489941556969137,0.6489941556969137
CC(=O)c1ccccc1N1CCN(CCCCCC(=O)NC2CCCc3ccccc32)CC1,4.14,-0.617000341120899,1,train,8.3829996588791,-1.262460175834839,0.6454598347139401,0.6454598347139401
Cc1ccc2c(c1)c1c(n2CCc2ccc(C)nc2)CCN(C)C1,8.0,-0.9030899869919435,1,train,8.096910013008056,-1.5476377895826332,0.6445478025906896,0.6445478025906896
Cc1ccc(C(C)NCCC(c2ccc(F)cc2)c2ccco2)cc1,12500.0,-4.096910013008056,0,train,4.903089986991944,-3.452556297771991,-0.6443537152360652,0.6443537152360652
O=C1c2ccc(F)cc2CC1CCN1CCc2ccccc2C1,1.6,-0.2041199826559248,1,train,8.795880017344075,-0.8462717440371256,0.6421517613812008,0.6421517613812008
CC(C)c1cccc(C(C)C)c1OCCN1CCC(NS(=O)(=O)c2ccc(F)cc2)CC1,1918.0,-3.282848602834645,0,train,5.717151397165355,-2.643797208533131,-0.6390513943015139,0.6390513943015139
COc1cccc(OC)c1-c1ccnc(CCN(C)C)n1,1485.0,-3.171726453653231,1,train,5.828273546346769,-2.5347792121859896,-0.6369472414672415,0.6369472414672415
COc1ccc2[nH]cc(CCN)c2c1,1.908402347826087,-0.28066994218121194,0,train,8.719330057818787,-0.9121821977968875,0.6315122556156756,0.6315122556156756
OC1(c2ccc(Cl)c(C(F)(F)F)c2)CCN(CCCC=C(c2ccc(F)cc2)c2ccc(F)cc2)CC1,10000.0,-4.0,1,train,5.0,-3.368825711012164,-0.631174288987836,0.631174288987836
Cc1nn(C)c(C)c1-c1cccc2c1CC[C@H](N(C)C)C2,0.6,0.2218487496163564,0,train,9.221848749616356,-0.4079547696340897,0.6298035192504461,0.6298035192504461
O=C(CCCCCN1CCN(c2cccc[n+]2[O-])CC1)NC1CCCc2ccccc21,8027.0,-3.9045532629767727,1,train,5.095446737023227,-3.2765325688352185,-0.6280206941415543,0.6280206941415543
Nc1nc(NCCNc2ccccc2)nc(NCCc2c[nH]c3ccccc23)n1,18.0,-1.255272505103306,0,train,7.7447274948966935,-1.8826818207302998,0.6274093156269938,0.6274093156269938
CCC1(CCCCN2CCN(c3ccc(OC)cc3)CC2)C(=O)Nc2ccccc21,25.4,-1.404833716619938,1,train,7.5951662833800615,-0.7785784261504408,-0.6262552904694972,0.6262552904694972
CS(=O)(=O)Nc1ccccc1N1CCN(CCCCCC(=O)NC2CCCc3ccccc32)CC1,4253.0,-3.628695382714023,1,train,5.371304617285977,-3.004516832860874,-0.6241785498531494,0.6241785498531494
COc1cc(C(F)(F)F)c(OC)cc1C1CCCNC1,2360.0,-3.3729120029701067,0,train,5.627087997029893,-2.7489270340229326,-0.6239849689471741,0.6239849689471741
CN1CCCCC1CCN1c2ccc(Br)cc2Sc2cc(Br)ccc21,2149.0,-3.3322364154914434,0,train,5.667763584508556,-2.7091045979491097,-0.6231318175423337,0.6231318175423337
O=S(=O)(c1ccccc1)C1(CCCN2CCCCC2)CCC1,2700.0,-3.4313637641589874,0,train,5.568636235841012,-2.8107547065774234,-0.6206090575815644,0.6206090575815644
O=c1n(CCCCNCc2ccc3ccccc3c2)c(O)c2n1CCC2,8.0,-0.9030899869919435,1,train,8.096910013008056,-1.5222353715358046,0.6191453845438609,0.6191453845438609
CCCN1C[C@H](CSC)C[C@@H]2c3cccc4[nH]cc(c34)C[C@H]21,2.9040000000000004,-0.46299661202805614,0,train,8.537003387971945,-1.081108791317926,0.61811217928987,0.61811217928987
CN(C)CCN1C(=O)c2ccccc2N(C)c2ccccc21,12300.0,-4.089905111439398,0,train,4.910094888560602,-3.472439812737272,-0.6174652987021259,0.6174652987021259
Clc1ccc(O[C@H]2CCNC2)c(Oc2ccc(Br)cc2)c1,5500.0,-3.7403626894942437,1,train,5.259637310505756,-3.1235460688105032,-0.6168166206837409,0.6168166206837409
CC(C)NCC(O)c1ccc(O)c(O)c1,6000.0,-3.7781512503836434,0,train,5.221848749616356,-3.161496520531665,-0.6166547298519784,0.6166547298519784
O=S(=O)(Nc1cc2c(c3ccccc13)OC1(N3CCOCC3)CCCCC21)c1ccccc1,20090.0,-4.302979936748249,0,train,4.697020063251751,-3.6870082844240106,-0.6159716523242387,0.6159716523242387
COc1ccc(CNCCC(c2ccccc2)c2ccc3c(c2)OCO3)cc1,14100.0,-4.14921911265538,0,train,4.85078088734462,-3.5381150303477282,-0.6111040823076515,0.6111040823076515
NCCc1cccc2c1ccn2S(=O)(=O)c1ccccc1,29.0,-1.462397997898956,0,train,7.537602002101044,-2.07209402155955,0.6096960236605939,0.6096960236605939
Cc1ccccc1-c1cccc(N2CCNCC2)c1,1.4,-0.146128035678238,0,train,8.853871964321762,-0.7492888998542065,0.6031608641759685,0.6031608641759685
O=C(CCCCCN1CCN(c2ccccc2-c2ccccc2)CC1)NC1CCCc2ccccc21,0.13,0.8860566476931632,1,train,9.886056647693163,0.2845260694539895,0.6015305782391737,0.6015305782391737
CNCCc1c[nH]c2ccc(O)cc12,3.785,-0.5780658838360916,0,train,8.421934116163909,-1.1790172552362381,0.6009513714001465,0.6009513714001465
c1cnc2c(c1)ccn2CCN1CCCN2CCCCC2C1,14000.0,-4.146128035678238,0,train,4.853871964321762,-3.548297046632813,-0.5978309890454252,0.5978309890454252
O=C1CC2(CCCC2)CC(=O)N1CCCCN1CCN(c2nsc3ccccc23)CC1,0.64,0.1938200260161128,0,train,9.193820026016112,-0.3989810872468383,0.5928011132629512,0.5928011132629512
O=C1c2ccccc2CCCN1CCN1CCC(c2c[nH]c3ccccc23)CC1,0.40738,0.3900002961577693,1,train,9.390000296157769,-0.20188040126245022,0.5918806974202195,0.5918806974202195
Cc1ccc(Cl)cc1N(C)C(=O)c1cn(-c2ccc(F)cc2F)c(=O)c2ccccc12,21400.0,-4.330413773349191,0,train,4.669586226650809,-3.740146471416642,-0.5902673019325491,0.5902673019325491
COc1ccccc1N1CCN([C@H]2CC[C@H](N3C(=O)CCC3=O)CC2)CC1,11500.0,-4.060697840353612,0,train,4.939302159646388,-3.4712368013916235,-0.5894610389619883,0.5894610389619883
CN(C)C[C@H]1CC2c3ccccc3Oc3ccc(Br)cc3[C@H]2O1,35.0,-1.5440680443502757,0,train,7.455931955649724,-2.130699390025256,0.5866313456749803,0.5866313456749803
COc1ccccc1N1CCN(C(=O)NC(N)=NCc2cccc3ccccc23)CC1,6.0,-0.7781512503836436,0,train,8.221848749616356,-1.364367032333852,0.5862157819502083,0.5862157819502083
CN(C)c1ccccc1N1CCN(CCCCCC(=O)NC2CCCc3ccccc32)CC1,0.9,0.045757490560675115,1,train,9.045757490560675,-0.536227470568409,0.5819849611290842,0.5819849611290842
CCOc1ccccc1N1CCN(CCCCCn2cnc3sc(C)c(C)c3c2=O)CC1,2.0,-0.3010299956639812,0,train,8.698970004336019,-0.8827349375103825,0.5817049418464013,0.5817049418464013
O=S(=O)(NCCCCN1CCN(c2noc3ccccc23)CC1)c1ccc2ccccc2c1,0.8,0.09691001300805639,1,train,9.096910013008056,-0.4801929448190957,0.577102957827152,0.577102957827152
NC(=O)c1sccc1NC(=O)CCCCN1CCN(c2ccccc2)CC1,1.9,-0.2787536009528289,0,train,8.721246399047171,-0.8545720996972528,0.5758184987444239,0.5758184987444239
COc1ccc2[nH]cc(C3CC(=O)N(CCCCN4CCC(c5c[nH]c6ccccc56)CC4)C3=O)c2c1,25.0,-1.3979400086720377,1,train,7.6020599913279625,-1.9723188349280372,0.5743788262559997,0.5743788262559997
CN1CC[C@H]2c3ccccc3N(c3ccccc3)C[C@]21C,2.7,-0.43136376415898736,0,train,8.568636235841012,-1.0056606690180208,0.5742969048590334,0.5742969048590334
CC(CN(C)C)CN1c2ccccc2Sc2ccc(C#N)cc21,22.0,-1.3424226808222062,0,train,7.657577319177793,-1.9165451016846276,0.5741224208624214,0.5741224208624214
CCS(=O)(=O)c1nc(S(=O)(=O)c2ccc(Cl)cc2)c(N2CCc3ccccc3C2)s1,15770.0,-4.197831693328903,0,train,4.802168306671097,-3.6242029344134346,-0.573628758915468,0.573628758915468
OCC(Oc1ccc(Cl)cc1OC1CNC1)c1ccccc1,2000.0,-3.3010299956639813,1,train,5.698970004336019,-2.7276716845452653,-0.5733583111187159,0.5733583111187159
O=S(=O)(c1ccc2cc[nH]c2c1)N1CCC[C@@H]1CCN1CCC(c2c[nH]c3ccccc23)CC1,0.676083,0.1699999841925818,0,train,9.169999984192582,-0.40155957865707537,0.5715595628496571,0.5715595628496571
CCCCc1cc(-c2ccoc2)nc(N2CCN(C)CC2)n1,1.6,-0.2041199826559248,0,train,8.795880017344075,-0.7716057675164675,0.5674857848605427,0.5674857848605427
COc1ccccc1-c1cc(CN(C)C)ccc1OC,1019.0,-3.0081741840064264,1,train,5.991825815993574,-2.4407494006073556,-0.5674247833990709,0.5674247833990709
N#Cc1ccc2[nH]cc(CCCCN3CCN(c4ccc5oc(C(N)=O)cc5c4)CC3)c2c1,3900.0,-3.591064607026499,0,train,5.4089353929735005,-3.0236920972832895,-0.5673725097432096,0.5673725097432096
O=c1[nH]c2ccccc2n1CCCCCN1CCN(c2ccncc2)CC1,182.0,-2.2600713879850747,1,train,6.739928612014925,-1.6937602462559374,-0.5663111417291373,0.5663111417291373
COc1ccc2[nH]cc(C3CCN(CCCCN4C(=O)CC(c5c[nH]c6ccccc56)C4=O)CC3)c2c1,345.0,-2.537819095073274,1,train,6.462180904926726,-1.9723188349280372,-0.5655002601452368,0.5655002601452368
COc1ccc(OC)c(C2CCN(Cc3cnn(-c4ccccc4F)c3C)C2)c1,15.0,-1.1760912590556813,0,train,7.823908740944319,-1.739356670296717,0.5632654112410358,0.5632654112410358
Fc1cccc(-c2c(F)cccc2N2CCN(CCCc3c[nH]c4ccc(F)cc34)CC2)c1,0.55,0.2596373105057561,1,train,9.259637310505756,-0.30225649481893324,0.5618938053246894,0.5618938053246894
CN(C)CCOC1=Cc2ccccc2Sc2ccc(Cl)cc21,5.89,-0.7701152947871016,0,train,8.229884705212898,-1.329954283772822,0.5598389889857204,0.5598389889857204
Brc1ccc2c(c1)c1c3n2CCN(Cc2ccccc2)C3CCC1,12250.0,-4.088136088700551,0,train,4.911863911299449,-3.5311432537904235,-0.5569928349101279,0.5569928349101279
CN1CCc2cccc3c2C1Cc1ccc(NC(N)=O)cc1-3,4.5,-0.6532125137753437,0,train,8.346787486224656,-1.2101724138824341,0.5569599001070904,0.5569599001070904
O=c1[nH]c2ccccc2n1CCCCCN1CC2(C1)CN(c1ccc(F)cc1)C2,122.0,-2.0863598306747484,1,train,6.913640169325252,-1.530055758118333,-0.5563040725564155,0.5563040725564155
COc1cc(Cl)c(C)c2c1N=C(N)NC2C,2.5,-0.3979400086720376,0,train,8.602059991327963,-0.9502300200849604,0.5522900114129228,0.5522900114129228
COc1ccc(NS(=O)(=O)c2sc3ccc(Cl)cc3c2C)cc1N1CCN(C)CC1,3162.0,-3.49996186559619,0,train,5.50003813440381,-2.9484275344778865,-0.5515343311183036,0.5515343311183036
O=c1[nH]ccn1CCCCCN1CCN(c2ccc(F)cc2)CC1,11.9,-1.0755469613925308,0,train,7.924453038607469,-1.625685381624249,0.5501384202317181,0.5501384202317181
COc1ccccc1C(=O)CCCCCN1CCN(c2noc3ccccc23)CC1,0.9,0.045757490560675115,0,train,9.045757490560675,-0.503702487918482,0.5494599784791572,0.5494599784791572
O=C(CCCN1CCc2ccccc2C1)c1ccc(Cl)cc1,3.55,-0.5502283530550941,1,train,8.449771646944907,-1.0974132131650396,0.5471848601099455,0.5471848601099455
CN(C)CCN(Cc1ccc(-c2ccc(CNCCc3ccccc3)cc2)cc1)C(=O)CCC1CCCC1,3981.0,-3.599992177584098,0,train,5.400007822415902,-3.0533299614755953,-0.5466622161085026,0.5466622161085026
CN1CCc2c(sc3ncn(CCN4CCN(c5ccnc6ccccc56)CC4)c(=O)c23)C1,4.48,-0.651278013998144,1,train,8.348721986001856,-1.1952328714030411,0.5439548574048971,0.5439548574048971
COc1ccccc1N1CCN(Cc2ccc(C(=O)N3CCC[C@H]3C(N)=O)cc2)CC1,4151.0,-3.6181527333785195,0,train,5.381847266621481,-3.074269367671692,-0.543883365706828,0.543883365706828
CCC(=O)N1c2ccccc2CC1C(=O)NCCCN1CCN(c2ccccc2)CC1,7132.0,-3.853211334503317,1,train,5.146788665496683,-3.3108324459164464,-0.5423788885868706,0.5423788885868706
Fc1cc(Cl)cc(OC2CNC2)c1OCc1ccccc1,1421.0,-3.15259407792747,0,train,5.8474059220725305,-2.6108595578024953,-0.5417345201249746,0.5417345201249746
CC1NC(NCC(F)F)=Nc2c(Cl)ccc(Cl)c21,366.3,-2.563836918664545,0,train,6.4361630813354545,-2.023373318081268,-0.5404636005832772,0.5404636005832772
COc1ccc(-c2c(C)cccc2C)cc1OC1CNC1,8.2,-0.9138138523837167,1,train,8.086186147616283,-1.4525457760417693,0.5387319236580524,0.5387319236580524
O=S(=O)(NC1CCN(CCOc2ccccc2)C1)c1ccc(F)cc1,9.0,-0.9542425094393249,1,train,8.045757490560675,-1.4920782578037188,0.5378357483643941,0.5378357483643941
Cc1ccc(COc2ccc(Br)cc2CNC(C)c2ccccc2)cc1,3700.0,-3.568201724066995,0,train,5.431798275933005,-3.0327027135386886,-0.5354990105283064,0.5354990105283064
CCn1cncc1-c1c[nH]c2cc(F)c(Cl)cc12,1445.0,-3.1598678470925665,1,train,5.840132152907433,-2.625291320958382,-0.5345765261341846,0.5345765261341846
O=C1CC2OCC=C3C[N+]4([O-])CCC56c7ccccc7N1C5C2C3CC64,5000.0,-3.6989700043360187,0,train,5.301029995663981,-3.1654251068167354,-0.5335448975192829,0.5335448975192829
Cc1ccccc1N1CCN(CCCCn2c(=O)sc3ccccc32)CC1,0.99,0.004364805402450088,1,train,9.00436480540245,-0.5289094899715913,0.5332742953740413,0.5332742953740413
CCC1(CCCCN2CCN(c3ccc(Cl)cc3Cl)CC2)C(=O)Nc2ccccc21,139.0,-2.143014800254095,1,train,6.856985199745905,-1.609778070498499,-0.533236729755596,0.533236729755596
COc1ccccc1-c1cc(C2CCNC2)ccc1Cl,2.8,-0.4471580313422192,1,train,8.55284196865778,-0.9792963073207401,0.5321382759785209,0.5321382759785209
CN1CCc2c(sc3ncn(CCN4CCN(c5cncc6ccccc56)CC4)c(=O)c23)C1,520.0,-2.716003343634799,1,train,6.2839966563652006,-2.1891908464043324,-0.5268124972304666,0.5268124972304666
O=C(O)c1cc(COc2ccc(Cl)cc2OC2CNC2)oc1C(F)(F)F,8999.0,-3.9541942518158626,0,train,5.045805748184137,-3.428078595395603,-0.5261156564202603,0.5261156564202603
CNS(=O)(=O)c1ccc2[nH]cc(CCN(C)C)c2c1,950.0,-2.9777236052888476,0,train,6.022276394711152,-2.452048894274702,-0.5256747110141462,0.5256747110141462
O=C1Cc2ccccc2N1CC/C=C/CCN1CCc2ccccc2C1,0.7,0.1549019599857432,1,train,9.154901959985743,-0.3692711264211202,0.5241730864068634,0.5241730864068634
COc1ccc(C2NCCc3c2[nH]c2ccc(Cl)cc32)c(O)c1,8.0,-0.9030899869919435,0,train,8.096910013008056,-1.4215460434768337,0.51845605648489,0.51845605648489
Cc1cc(COc2ccc(Cl)cc2OC2CNC2)n(C)n1,5000.0,-3.6989700043360187,1,train,5.301029995663981,-3.1810837609480402,-0.5178862433879781,0.5178862433879781
O=c1[nH]c2ccccc2n1CCCCCN1CCN(c2ncccn2)CC1,6.8,-0.8325089127062363,1,train,8.167491087293763,-1.3475258002910488,0.5150168875848126,0.5150168875848126
NCCc1c[nH]c2ccc(OCc3ccccc3)cc12,257.03,-2.4099838162265415,0,train,6.590016183773459,-1.8958510236755677,-0.5141327925509733,0.5141327925509733
COc1ccc(/C=C2\NC(=O)N(CCCCN3CCN(c4ncccn4)CC3)C2=O)cc1OC,933.0,-2.9698816437465,1,train,6.0301183562534995,-2.455851570486322,-0.5140300732601779,0.5140300732601779
C[C@@]12CN(c3ccccc3)c3ccccc3[C@@H]1CCN2,6.3,-0.7993405494535817,0,train,8.200659450546418,-1.3128491593138045,0.5135086098602228,0.5135086098602228
Clc1ccc(-c2nn(Cc3ccccc3)c3c2CCNCC3)cc1,5.166666666666667,-0.7132104434506291,1,train,8.28678955654937,-1.2251680545820596,0.5119576111314305,0.5119576111314305
COc1ccc2cccc(N3CCN(CCCCn4ncc(=O)n(C)c4=O)CC3)c2c1,9.1,-0.9590413923210935,0,train,8.040958607678906,-1.470540390473609,0.5114989981525153,0.5114989981525153
CCN(CCCN1CCc2cc(OC)ccc2C1)S(=O)(=O)c1ccc(C)cc1,11.0,-1.0413926851582251,0,train,7.958607314841775,-1.5526258737607135,0.5112331886024883,0.5112331886024883
O=C(CCCCN1C2CCC1CC(O)(c1ccc(Cl)cc1)C2)c1nc2ccccc2s1,79.5,-1.9003671286564703,0,train,7.0996328713435295,-2.4112468889339205,0.51087976027745,0.51087976027745
Cc1cc(C)c(C)c(OCCOCCN2CCN(CCO)CC2)c1,3142.0,-3.4972061807039547,0,train,5.502793819296045,-2.986911479110046,-0.5102947015939088,0.5102947015939088
CN(C)[C@H]1CCc2c(cccc2-c2cc(C(F)(F)F)cc(C(F)(F)F)c2)C1,910.0,-2.9590413923210934,0,train,6.040958607678906,-2.4490489377115363,-0.5099924546095567,0.5099924546095567
O=c1c2ccccc2ncn1CCCCCN1CCN(c2ccc(Cl)cc2)CC1,13.0,-1.1139433523068367,1,train,7.886056647693163,-1.6209975713881644,0.5070542190813276,0.5070542190813276
COc1c(OCCF)cccc1C(O)C1CCN(CCc2ccc([N+](=O)[O-])cc2)CC1,5170.0,-3.7134905430939424,0,train,5.286509456906058,-3.2116020810716903,-0.5018884620222521,0.5018884620222521
O=C1c2ccccc2CC1CCN1CCc2ccccc2C1,265.0,-2.423245873936808,1,train,6.576754126063192,-1.9257558796321568,-0.49748999430465113,0.49748999430465113
Cc1c(S(=O)(=O)NCCCCN2CCN(c3noc4ccccc34)CC2)sc2ccc(F)cc12,2.6,-0.414973347970818,1,train,8.585026652029182,-0.9109753227245299,0.4960019747537119,0.4960019747537119
Clc1ccc(Oc2nc3ccccc3s2)c(OC2CNC2)c1,1604.0,-3.2052043639481447,1,train,5.794795636051855,-2.7112348092354255,-0.4939695547127192,0.4939695547127192
C#CCN(C)Cc1ccc(OCCCCCN2CCN(c3cccc4c3ccn4S(=O)(=O)c3ccccc3)CC2)cc1,7996.0,-3.902872785446079,0,train,5.097127214553921,-3.4089923076419915,-0.4938804778040877,0.4938804778040877
O=C1Nc2ccc(Cl)cc2C1(c1c[nH]c2ccccc12)c1c[nH]c2ccccc12,18080.0,-4.257198426139344,0,train,4.742801573860656,-3.7648494490609234,-0.4923489770784206,0.4923489770784206
O=c1[nH]c2ccccc2n1CCN1CCN(c2ccccc2)CC1,1029.0,-3.012415374762433,1,train,5.987584625237567,-2.520073129425609,-0.492342245336824,0.492342245336824
CC1NC(N)=Nc2c(Cl)ccc(Cl)c21,2.4,-0.38021124171160603,0,train,8.619788758288394,-0.8724380264180651,0.49222678470645914,0.49222678470645914
CC1(c2ccc(F)cc2)NC(=O)N(CC(O)CN2CCN(c3ccc(F)cc3F)CC2)C1=O,1190.0,-3.0755469613925306,1,train,5.924453038607469,-2.5836146725810853,-0.49193228881144524,0.49193228881144524
O=c1[nH]c2ccccc2n1CCCCCN1CCN(c2ccccn2)CC1,1.18,-0.07188200730612536,1,train,8.928117992693874,-0.5631892281306676,0.4913072208245423,0.4913072208245423
O=S(=O)(NCCCN1CCN(c2noc3ccccc23)CC1)c1cc2ccc(Cl)cc2s1,900.0,-2.9542425094393248,1,train,6.045757490560675,-2.4634944027266066,-0.4907481067127182,0.4907481067127182
COc1cc([Se]C(F)(F)F)c(OC)cc1CCN,4918.0,-3.6917885244026984,0,train,5.308211475597302,-3.2021408007968937,-0.4896477236058039,0.4896477236058039
O=c1[nH]c2ccccc2n1CCCN1CCN(c2ccccc2)CC1,243.0,-2.385606273598312,1,train,6.614393726401688,-1.8963875817812255,-0.48921869181708666,0.48921869181708666
O=S(=O)(c1ccccc1)c1cnc2c(N3CCNCC3)cccc2c1,14230.0,-4.153204900084284,0,train,4.846795099915716,-3.666777510859413,-0.48642738922487094,0.48642738922487094
O=C1Cc2ccccc2N1CCN1CCc2ccccc2C1,350.0,-2.5440680443502757,1,train,6.455931955649724,-2.0588987401410743,-0.4851693042092018,0.4851693042092018
CC(=O)c1ccc(OCC(O)CN2CCN(c3ccccc3Cl)CC2)cc1,4670.0,-3.6693168805661123,0,train,5.330683119433887,-3.1849955513793056,-0.48432132918680626,0.48432132918680626
Cc1sc2nc(CCCCCN3CCN(c4ccc(Cl)cc4)CC3)[nH]c(=O)c2c1C,1464.0,-3.165541076722373,1,train,5.8344589232776265,-2.681383820622027,-0.484157256100346,0.484157256100346
CCCN(CCC)[C@H]1CCc2cccc(O)c2C1,1000.0,-3.0,0,train,6.0,-2.5195530830139576,-0.48044691698604236,0.48044691698604236
Clc1cccc(COc2ccc(-c3ccsc3)cc2OC2CNC2)c1,506.0,-2.7041505168397992,0,train,6.2958494831602,-2.2241092673057006,-0.48004124953409866,0.48004124953409866
O=C1[C@@H]2[C@H]3CC[C@H](C3)[C@@H]2C(=O)N1C[C@@H]1CCCC[C@H]1CN1CCN(c2nsc3ccccc23)CC1,0.5,0.3010299956639812,0,train,9.301029995663981,-0.17882409137904015,0.47985408704302135,0.47985408704302135
Fc1ccc(OCc2ccc(C(F)(F)F)o2)c(OC2CNC2)c1,365.0,-2.5622928644564746,1,train,6.437707135543525,-2.085305983628264,-0.47698688082821006,0.47698688082821006
Cc1cccc(S(=O)(=O)NCCN2CC=C(c3c[nH]c4ccc(Cl)cc34)CC2)c1,0.6,0.2218487496163564,1,train,9.221848749616356,-0.25466105128410566,0.476509800900462,0.476509800900462
O=c1[nH]c2ccccc2n1CN1CCN(c2ccccc2C(F)(F)F)CC1,3.33,-0.5224442335063199,0,train,8.47755576649368,-0.9978598357597511,0.47541560225343127,0.47541560225343127
O=C(CCCCCN1CCN(c2ccccc2-c2ccccc2)CC1)NCc1ccc(OCCO)cc1,259.0,-2.413299764081252,1,train,6.586700235918748,-1.938832328382896,-0.4744674356983558,0.4744674356983558
Oc1cccc(CCCCN2CCN(c3ccccc3)CC2)c1,3.1,-0.4913616938342727,1,train,8.508638306165727,-0.96566256687896,0.4743008730446873,0.4743008730446873
CN1CCN(Cc2cccc3c(=O)c4ccc(Cl)cc4oc23)CC1,10490.0,-4.020775488193558,0,train,4.979224511806442,-3.5467505886940565,-0.47402489949950155,0.47402489949950155
Cc1cccc(C)c1-c1cccc(SCCN(C)C)n1,128.0,-2.1072099696478683,1,train,6.892790030352131,-1.6332950164034157,-0.47391495324445265,0.47391495324445265
O=S(=O)(NCCCCN1CCc2sccc2C1)c1ccc2cccnc2c1,334.0,-2.5237464668115646,1,train,6.476253533188435,-2.995850498175896,0.472104031364331,0.472104031364331
O=C(NC1CCN(CCc2c[nH]c3ccccc23)CC1)c1ccccc1,5.0,-0.6989700043360189,0,train,8.301029995663981,-1.1693318407406905,0.47036183640467166,0.47036183640467166
O=C1NN=C(C2CCCCC2)NC1CCCCN1CCN(c2cccc(Cl)c2Cl)CC1,5.0,-0.6989700043360189,0,train,8.301029995663981,-1.1665817656299808,0.467611761293962,0.467611761293962
Cc1ccccc1OCc1nc(N)nc(N2CCN(C)CC2)n1,514.0,-2.710963118995276,1,train,6.289036881004725,-3.1783690073141644,0.4674058883188885,0.4674058883188885
O=C(NC1CCNCC1)c1ccn(S(=O)(=O)c2cccc(Cl)c2)c1-c1cccc(F)c1,83960.0,-4.924072429910363,0,train,4.075927570089637,-4.4587297019435,-0.4653427279668634,0.4653427279668634
O=C1Nc2cccc3c2C1(CCCN1CCN(c2ccccc2)CC1)CCC3,5.0,-0.6989700043360189,1,train,8.301029995663981,-1.1615828034483675,0.46261279911234865,0.46261279911234865
CC(N)C(O)c1ccccc1,7000.0,-3.845098040014257,0,train,5.154901959985743,-3.386474605666133,-0.4586234343481239,0.4586234343481239
COc1ccc(/C=C2\NC(=O)N(CCCN3CCN(c4ccccc4OC)CC3)C2=O)cc1OC1CCCC1,6.0,-0.7781512503836436,1,train,8.221848749616356,-1.235093619198346,0.4569423688147023,0.4569423688147023
Cc1cccc(S(=O)(=O)NCCN2CC=C(c3c[nH]c4ccc(F)cc34)CC2)c1,180.0,-2.255272505103306,1,train,6.7447274948966935,-1.7984206746328832,-0.45685183047042277,0.45685183047042277
O=S1(=O)c2ccccc2N(Cc2ccc(Cl)cc2F)c2ccccc21,5232.0,-3.718667735316211,0,train,5.281332264683789,-3.264572304678037,-0.45409543063817415,0.45409543063817415
COc1cccc(OC)c1-c1cccc(N2CCNCC2)c1,7.1,-0.8512583487190752,0,train,8.148741651280925,-1.304984385555986,0.4537260368369107,0.4537260368369107
Cc1ccc(S(=O)(=O)c2cnc3ccc(F)cc3c2SCc2ccc(Cl)cc2)cc1,12710.0,-4.1041455505540085,0,train,4.8958544494459915,-3.650634040726692,-0.4535115098273166,0.4535115098273166
Cc1ccc(N2CCN(CCCCCn3c(=O)[nH]c4ccccc43)CC2)cc1,0.43,0.36653154442041347,1,train,9.366531544420413,-0.0865920191892312,0.4531235636096446,0.4531235636096446
O=S(=O)(NCCCCN1CCC2CCCCC2C1)c1cccc2cccnc12,1255.0,-3.098643725817057,1,train,5.901356274182943,-2.646692971607515,-0.451950754209542,0.451950754209542
C[C@H](Nc1ccnc(NCCc2ccccc2)n1)c1ccccc1,0.6,0.2218487496163564,1,train,9.221848749616356,-0.22975830129459557,0.451607050910952,0.451607050910952
Fc1ccc(N2CCN(CCCc3c[nH]c4ccc(F)cc34)CC2)c(-c2ccsc2)c1,2.0,-0.3010299956639812,1,train,8.698970004336019,-0.7524886263110031,0.4514586306470219,0.4514586306470219
Clc1ccc(CCN2CCN(c3ccccc3-c3ccccc3)CC2)cc1Cl,0.75,0.12493873660829995,1,train,9.1249387366083,-0.32504149644023,0.4499802330485299,0.4499802330485299
O=C1NC2(CCCCC2c2ccccc2)C(=O)N1CCCCN1CCN(c2ccccc2)CC1,1504.0,-3.1772478362556233,1,train,5.822752163744377,-2.728077980939824,-0.4491698553157999,0.4491698553157999
COc1ccccc1N1CCN(CCCN2CCN(c3ncccc3C#N)CC2)CC1,2700.0,-3.4313637641589874,0,train,5.568636235841012,-2.983952211118303,-0.4474115530406846,0.4474115530406846
COc1ccc(-c2ccccc2N2CCN(CC#CCOc3ccc(Cl)c(F)c3)CC2)cc1,410.0,-2.6127838567197355,0,train,6.3872161432802645,-2.165997703824514,-0.4467861528952213,0.4467861528952213
COc1ccc2c(c1)[nH]c1c(C)nccc12,5500.0,-3.7403626894942437,0,train,5.259637310505756,-3.294020573275645,-0.4463421162185992,0.4463421162185992
CCN(CCN1CCC(c2noc3cc(F)ccc23)CC1)S(=O)(=O)CCO,1.9,-0.2787536009528289,1,train,8.721246399047171,-0.7245048943927338,0.4457512934399049,0.4457512934399049
Oc1ccc(-c2ccc(CNCCc3c[nH]c4ncc(F)cc34)o2)cc1,13750.0,-4.138302698166282,1,train,4.861697301833718,-3.6927924020683403,-0.44551029609794135,0.44551029609794135
O=C(c1ccc(F)cc1)C1CCN(CCc2ccccc2I)CC1,3.68,-0.5658478186735176,1,train,8.434152181326482,-1.0087095762191658,0.44286175754564816,0.44286175754564816
COc1ccccc1N1CCN(Cc2ccccc2CN2C(=O)CCC2=O)CC1,910.0,-2.9590413923210934,0,train,6.040958607678906,-2.5191452676122275,-0.4398961247088655,0.4398961247088655
Nc1c(Cl)cc(-c2nn(C3CCN(CCc4ccccc4)CC3)c(=O)o2)c2c1OCCO2,3260.0,-3.513217600067939,0,train,5.486782399932061,-3.0745300796472477,-0.43868752042069126,0.43868752042069126
Cc1nc(C)c(C(C)Oc2ccc(Cl)cc2OC2CNC2)s1,3827.0,-3.5828584622244994,0,train,5.417141537775501,-3.146228821558176,-0.4366296406663235,0.4366296406663235
Cc1ccc2[nH]cc(CCNCc3ccc(-c4ccc(O)cc4)o3)c2c1,51.0,-1.7075701760979363,1,train,7.292429823902063,-2.142989986240094,0.4354198101421576,0.4354198101421576
Cc1ccccc1-c1cccc(CCN)c1,7.5,-0.8750612633917001,0,train,8.1249387366083,-1.310230886707898,0.4351696233161979,0.4351696233161979
O=c1sc2ccccc2n1CCCCCCN1CCN(c2ccccc2)CC1,3.0,-0.47712125471966244,1,train,8.522878745280337,-0.912014051389648,0.4348927966699856,0.4348927966699856
CN(C)CCSc1ncc(-c2ccccc2)s1,3200.0,-3.505149978319906,1,train,5.494850021680094,-3.071085255360344,-0.4340647229595618,0.4340647229595618
COc1ccc2c3c1CCCC3(CCCCN1CC=C(c3ccccc3)CC1)C(=O)N2,110.0,-2.041392685158225,0,train,6.958607314841775,-1.6089687233007979,-0.43242396185742704,0.43242396185742704
O=S(=O)(NC1CCN(CCOc2ccccc2)CC1)c1ccc(F)cc1,855.0,-2.931966114728173,1,train,6.068033885271827,-2.5002700911889333,-0.4316960235392395,0.4316960235392395
Clc1nccc2ccn(CCN3CCCN4CCCCC4C3)c12,5310.0,-3.725094521081469,0,train,5.274905478918531,-3.295282605709782,-0.42981191537168684,0.42981191537168684
CN(C)CC1=CC2=CN(S(=O)(=O)c3ccccc3)C3=CC=CC(O1)C23,3692.0,-3.5672616923538745,0,train,5.432738307646126,-3.1383400093862837,-0.4289216829675908,0.4289216829675908
Cn1c(=O)c2c(nc3n(CCCCCN4CCN(c5ccc(Cl)cc5)CC4)ccn23)n(C)c1=O,3636.0,-3.56062387454993,1,train,5.43937612545007,-3.132187492535136,-0.42843638201479406,0.42843638201479406
Cn1c(=O)c2c(ncn2CCCN2CCN(c3cccc(Cl)c3)CC2)n(C)c1=O,2800.0,-3.4471580313422194,1,train,5.552841968657781,-3.0189751874321233,-0.4281828439100961,0.4281828439100961
OC1(c2ccc(Cl)cc2)CC2CCC(C1)N2CCCOc1ccc(F)cc1,420.0,-2.6232492903979003,0,train,6.376750709602099,-2.195077362185735,-0.4281719282121652,0.4281719282121652
O=c1[nH]c(SCCCN2CCN(Cc3ccccc3)CC2)nc2c1sc1ccccc12,9.1,-0.9590413923210935,1,train,8.040958607678906,-1.3861049565368235,0.4270635642157299,0.4270635642157299
CCCN1CCC(COc2nc3c(OC)cccc3c3ccccc23)CC1,3473.0,-3.5407047833107623,1,train,5.459295216689238,-3.1138466522640886,-0.4268581310466737,0.4268581310466737
COc1ccc2ccn(CCN3CCCN(C)CC3)c2c1,1573.0,-3.196728722623287,1,train,5.803271277376713,-2.77335858764481,-0.42337013497847664,0.42337013497847664
CCn1cncc1-c1c[nH]c2ccc(I)c(F)c12,4.0,-0.6020599913279624,1,train,8.397940008672037,-1.0252624242129356,0.42320243288497317,0.42320243288497317
CC1CCN(CC[C@H]2CCCN2S(=O)(=O)c2cccc(OCC[18F])c2)CC1,0.75,0.12493873660829995,0,train,9.1249387366083,-0.2957860116886,0.42072474829689993,0.42072474829689993
Oc1ccccc1C1=NC(Cc2c[nH]cn2)CS1,7400.0,-3.8692317197309762,0,train,5.130768280269024,-3.450380497414626,-0.41885122231634986,0.41885122231634986
CN1CCN(C2=c3ccccc3=Nc3ccc(Cl)cc3N2O)CC1,5000.0,-3.6989700043360187,0,train,5.301029995663981,-3.2808103707910936,-0.4181596335449247,0.4181596335449247
O=c1c2cnc3ccccc3c2ncn1CCCCN1CCN(c2ccc(-c3ncccn3)cc2)CC1,5800.0,-3.7634279935629373,0,train,5.236572006437063,-3.346254095379875,-0.4171738981830617,0.4171738981830617
c1ccc2cc(COC3CCNCC3)ccc2c1,2600.0,-3.4149733479708178,0,train,5.585026652029182,-2.998042287933527,-0.41693106003729064,0.41693106003729064
O=C1Nc2ccccc2C1CCCCN1CCN(c2cccc(Cl)c2)CC1,0.49,0.3098039199714863,1,train,9.309803919971486,-0.10664675712234979,0.4164506770938361,0.4164506770938361
COc1cccc(OC)c1-c1cccc2c1CC[C@H](N(C)C)C2,2.55,-0.4065401804339551,1,train,8.593459819566045,-0.8226820351708113,0.41614185473685616,0.41614185473685616
Clc1cccc(-c2cn(Cc3ccccc3)c3c2CNCC3)c1,10000.0,-4.0,1,train,5.0,-3.5838595804649067,-0.4161404195350933,0.4161404195350933
COc1cccc(-n2cc(C(=O)N(C)c3cccc(Cl)c3)c3ccccc3c2=O)c1,26650.0,-4.425697213362591,0,train,4.574302786637409,-4.010011326901702,-0.41568588646088944,0.41568588646088944
COc1ccccc1N1CCN(CCc2cccc(OCCCCCCCCCCCCOc3cccc(CCN4CCN(c5ccccc5OC)CC4)c3)c2)CC1,253.0,-2.403120521175818,1,train,6.596879478824182,-1.9874453956940092,-0.41567512548180874,0.41567512548180874
Cn1c(=O)cnn(CCCCN2CCN(c3ccccc3OCCF)CC2)c1=O,17.0,-1.2304489213782739,0,train,7.769551078621726,-1.6455676517571265,0.4151187303788524,0.4151187303788524
CN1CCN([C@@H]2C[C@@H](c3ccccc3)c3ccc(Cl)cc32)CC1(C)C,3.8,-0.5797835966168101,0,train,8.42021640338319,-0.9940430627775301,0.41425946616071996,0.41425946616071996
O=S(=O)(c1ccccc1)C1(CCCN2CCc3ccccc3C2)CCC1,8.0,-0.9030899869919435,0,train,8.096910013008056,-1.3166784501220241,0.41358846313008046,0.41358846313008046
CN1CCN(C2=Nc3ccccc3Sc3ccc(Cl)cc32)CC1,4.3,-0.6334684555795865,1,train,8.366531544420413,-1.0469142255976085,0.41344577001802196,0.41344577001802196
COc1ccccc1NCCNc1nc(N)nc(NCCc2c[nH]c3ccccc23)n1,5823.0,-3.7651467901080253,1,train,5.234853209891975,-3.3517805031110357,-0.4133662869969892,0.4133662869969892
Cc1ccc(S(=O)(=O)c2nc(N3CCc4ccccc4C3)sc2Cl)cc1,6371.0,-3.8042076050820413,0,train,5.195792394917959,-3.3912826702145047,-0.4129249348675361,0.4129249348675361
Cc1ccc(-c2ccccc2N2CCNCC2)cc1C,1.9,-0.2787536009528289,1,train,8.721246399047171,-0.6906471196040006,0.4118935186511717,0.4118935186511717
O=C1CCc2cc(OCCCCCCN3CCN(c4nsc5ccccc45)CC3)ccc2N1,387.0,-2.5877109650189114,0,train,6.412289034981089,-2.1768940985090937,-0.41081686650981775,0.41081686650981775
Clc1ccc(-c2cn(Cc3ccccc3)c3c2CNCC3)cc1Cl,4467.0,-3.6500159524718385,1,train,5.349984047528162,-3.2396431579811353,-0.4103727944907041,0.4103727944907041
CN1CCc2cccc3c2[C@H]1Cc1cccc(-c2c(OS(=O)(=O)C(F)(F)F)cccc2OS(=O)(=O)C(F)(F)F)c1-3,708.0,-2.850033257689769,0,train,6.149966742310231,-2.4403736665259435,-0.40965959116382544,0.40965959116382544
CC(C)c1cccc(OCCN2C3CCC2CC(NS(=O)(=O)c2cc(F)ccc2F)C3)c1,4.0,-0.6020599913279624,0,train,8.397940008672037,-1.0115395385927528,0.4094795472647904,0.4094795472647904
O=S(=O)(c1ccccc1)C1(CCCN2CCC3CCCCC3C2)CCC1,6.0,-0.7781512503836436,0,train,8.221848749616356,-1.1862171607410754,0.4080659103574318,0.4080659103574318
O=C1c2cccc3cccc(c23)N1CCCCCCN1CCN(c2cccc(Cl)c2Cl)CC1,5095.0,-3.707144188342445,1,train,5.292855811657555,-3.2999643434372747,-0.40717984490517045,0.40717984490517045
O=S(=O)(NCCCCN1CCN(c2nsc3ccccc23)CC1)c1c[nH]c2ncccc12,93.0,-1.968482948553935,1,train,7.031517051446065,-1.5626667861530579,-0.40581616240087715,0.40581616240087715
CC(C)(C)Cc1c(C#Cc2ccccc2F)sc(N)c1C(=O)c1ccc(Cl)cc1,5700.0,-3.7558748556724915,0,train,5.2441251443275085,-3.3506252711301356,-0.40524958454235627,0.40524958454235627
CCN(CCCCN1CCC2CCCCC2C1)S(=O)(=O)c1cccc2cccnc12,13.0,-1.1139433523068367,0,train,7.886056647693163,-1.5159861793298,0.40204282702296323,0.40204282702296323
CC(C)Oc1cccc2c1N=C(N)NC2C,1.0,-0.0,0,train,9.0,-0.40192098605104976,0.40192098605104976,0.40192098605104976
CC(C)(CCCN1CCCC(c2ccccc2)C1)S(=O)(=O)c1ccccc1,7.0,-0.8450980400142568,0,train,8.154901959985743,-1.24692758158921,0.4018295415749532,0.4018295415749532
CC(C)(C)c1ccccc1N1CCN(CCCCCC(=O)NC2CCCc3ccccc32)CC1,538.0,-2.7307822756663893,1,train,6.269217724333611,-2.3292590412486196,-0.4015232344177697,0.4015232344177697
CCN(CCN1CCC(c2n[nH]c3cc(F)ccc23)CC1)C(=O)C(C)O,2.3,-0.36172783601759284,1,train,8.638272163982407,-0.7628161629015645,0.4010883268839717,0.4010883268839717
COc1ccc(N2CCN(CCCCCCN3C(=O)c4cccc5cccc3c45)CC2)cc1,3743.0,-3.5732198271144218,1,train,5.426780172885579,-3.1721642322671344,-0.40105559484728737,0.40105559484728737
CCN(CCN1CCC(c2noc3cc(F)ccc23)CC1)C(=O)[C@H]1NCC[C@H]1O,48.5,-1.6857417386022637,1,train,7.314258261397736,-1.2864881068823197,-0.39925363171994377,0.39925363171994377
Clc1ccc(-c2n[nH]c3c2CCNCC3)cc1,30.0,-1.4771212547196624,1,train,7.522878745280337,-1.8738983415793231,0.39677708685966073,0.39677708685966073
COc1ccc2[nH]c3c(c2c1)CCN=C3c1cc([N+](=O)[O-])cn1C,7800.0,-3.8920946026904804,0,train,5.107905397309519,-3.496763373281537,-0.39533122940894305,0.39533122940894305
N[C@H]1CCCC[C@@H]1NC(=O)c1c2c(c3c4c(ncnc14)-c1ccccc1C3=O)N[C@@H]1CCCC[C@H]1N2,1600.0,-3.2041199826559246,0,train,5.795880017344075,-2.8089675146985087,-0.3951524679574163,0.3951524679574163
OC(c1ccc(F)cc1)C1CCN(CCc2ccc(F)cc2)CC1,1345.0,-3.128722284338427,1,train,5.871277715661574,-2.7341794671114026,-0.3945428172270242,0.3945428172270242
Cc1[nH]c2ccc(O)cc2c1CCN,1258.46,-3.0998394161057936,0,train,5.900160583894206,-2.7069178895715935,-0.3929215265342001,0.3929215265342001
O=S(=O)(NC1CCN(CCOc2cccc(F)c2)C1)c1cccs1,1438.0,-3.1577588860468637,0,train,5.842241113953136,-2.7651161308401786,-0.39264275520668557,0.39264275520668557
COc1cccc(OC)c1-c1cccc2c1CC[C@H](N)C2,78.7,-1.8959747323590646,1,train,7.104025267640935,-1.5053570614162033,-0.3906176709428615,0.3906176709428615
C[C@H](Nc1ccnc(NCCc2ccccc2)c1)c1ccccc1,0.3,0.5228787452803376,1,train,9.522878745280337,0.13238590238163442,0.39049284289870323,0.39049284289870323
Brc1ccc2ccn(CCN3CCCN4CCCCC4C3)c2c1,3.0,-0.47712125471966244,1,train,8.522878745280337,-0.8669918001381524,0.38987054541849,0.38987054541849
O=c1sc2ccccc2n1CCCCCN1CCN(c2ccccc2)CC1,20.0,-1.3010299956639813,1,train,7.698970004336019,-0.912014051389648,-0.3890159442743333,0.3890159442743333
CCCN1CCc2cccc3c2C1Cc1ccc(N(C)C)cc1-3,984.0,-2.9929950984313414,0,train,6.007004901568658,-2.6042339078370396,-0.3887611905943018,0.3887611905943018
O=S(=O)(Nc1ccn(Cc2cccc3ccccc23)n1)c1ccc(Br)s1,12590.0,-4.100025730107863,0,train,4.899974269892137,-3.7113342905157087,-0.3886914395921539,0.3886914395921539
FC(F)(F)c1cc(Oc2nccc3occc23)ccc1-c1cccc2nccn12,4100.0,-3.6127838567197355,0,train,5.3872161432802645,-3.2240987341643597,-0.38868512255537624,0.38868512255537624
C[C@H](Nc1nc(N)nc(NCCc2ccc(F)cc2)n1)c1ccc(F)cc1,2.0,-0.3010299956639812,0,train,8.698970004336019,-0.6896502378974416,0.3886202422334604,0.3886202422334604
OCCN1CCN(CCCN2c3ccccc3Sc3ccc(C(F)(F)F)cc32)CC1,8.0,-0.9030899869919435,0,train,8.096910013008056,-1.2909215509265173,0.38783156393457363,0.38783156393457363
Cn1ccc2ccc(OCCCN3CCC(c4noc5cc(F)ccc45)CC3)cc2c1=O,109.0,-2.037426497940624,1,train,6.962573502059376,-1.6496017428297203,-0.38782475511090353,0.38782475511090353
COc1cc(CC(C)N)c(OC)cc1I,5769.0,-3.7611005389581424,1,train,5.238899461041857,-3.3748000591566103,-0.38630047980153215,0.38630047980153215
COc1ccc2c3c([nH]c2c1)C(C)=NCC3,5500.0,-3.7403626894942437,0,train,5.259637310505756,-3.354136147637172,-0.3862265418570723,0.3862265418570723
CNC(=O)c1cc(Oc2ccc(NC(=O)Nc3ccc(Cl)c(C(F)(F)F)c3)cc2)ccn1,7071.0,-3.8494808372439864,0,train,5.150519162756014,-3.4632816145730505,-0.386199222670935,0.386199222670935
CCc1cc(-c2ccoc2)nc(N2CCN(C)CC2)n1,7.1,-0.8512583487190752,0,train,8.148741651280925,-1.237080281663114,0.38582193294403866,0.38582193294403866
COc1cccc(N2CCN(CCCCC34CCCc5cccc(c53)NC4=O)CC2)c1,2.3,-0.36172783601759284,0,train,8.638272163982407,-0.7473381553108257,0.3856103192932329,0.3856103192932329
O=S(=O)(NCCCCN1CCN(c2noc3ccccc23)CC1)c1cc2ccccc2s1,180.0,-2.255272505103306,1,train,6.7447274948966935,-1.8700336598025138,-0.3852388453007922,0.3852388453007922
Cc1c(S(=O)(=O)NCCCCN2CCC(c3noc4cc(F)ccc34)CC2)sc2ccc(F)cc12,0.2,0.6989700043360187,1,train,9.698970004336019,0.3139554227990775,0.38501458153694124,0.38501458153694124
CN(C)CCSc1ccccc1Br,4110.0,-3.6138418218760693,0,train,5.386158178123931,-3.229016215693142,-0.3848256061829267,0.3848256061829267
CCn1cncc1-c1c[nH]c2ccccc12,531.0,-2.725094521081469,0,train,6.274905478918531,-2.340399068343563,-0.38469545273790606,0.38469545273790606
CCOc1ccccc1N1CCN(CCCCCn2cnc3ccccc3c2=O)CC1,6.9,-0.8388490907372553,0,train,8.161150909262744,-1.2228401454703068,0.3839910547330515,0.3839910547330515
O=C(CCCN1CCc2ccccc2C1)c1ccc(F)cc1,364.0,-2.561101383649056,1,train,6.438898616350944,-2.1784257781275516,-0.38267560552150437,0.38267560552150437
CN1CCc2ccc3c4c2[C@H]1Cc1cccc(c1-4)C3=O,291.0,-2.4638929889859074,1,train,6.536107011014092,-2.081837835091771,-0.3820551538941368,0.3820551538941368
CC1(c2ccc(Br)cc2)NC(=O)N(CC(O)CN2CCN(c3ccccc3C#N)CC2)C1=O,7.0,-0.8450980400142568,1,train,8.154901959985743,-1.226954113293225,0.3818560732789681,0.3818560732789681
COc1ccc2[nH]cc(CCNC(C)=O)c2c1,1000.0,-3.0,0,train,6.0,-2.618516247747032,-0.38148375225296816,0.38148375225296816
CC(Oc1ccc(Cl)cc1OC1CNC1)c1cc(F)cc(C(F)(F)F)c1,288.0,-2.459392487759231,0,train,6.5406075122407685,-2.078020914439267,-0.3813715733199641,0.3813715733199641
O=C1c2ccccc2C(=O)N1CCCCN1CCc2ccccc2C1,8.55,-0.9319661147281727,1,train,8.068033885271827,-1.3132335075978754,0.38126739286970257,0.38126739286970257
O=S(=O)(c1ccccc1F)N1CCC[C@@H]1CCCN1CCN(c2ccc(Cl)cc2)CC1,0.22,0.6575773191777937,1,train,9.657577319177793,0.27637616667224624,0.3812011525055475,0.3812011525055475
Cc1ccc(S(=O)(=O)N/N=C2\CCCc3c2[nH]c2ccc(Cl)cc32)cc1,4194.0,-3.622628426129325,0,train,5.3773715738706755,-3.2414676025976212,-0.38116082353170366,0.38116082353170366
O=S(=O)(NCCN1CC=C(c2c[nH]c3ccc(Cl)cc23)CC1)c1cccc(F)c1,2.0,-0.3010299956639812,1,train,8.698970004336019,-0.681784045293211,0.3807540496292298,0.3807540496292298
COc1ccc2[nH]cc(CCNCc3ccc(-c4cnc5ccccc5c4)o3)c2c1,9855.0,-3.993656628615462,0,train,5.006343371384538,-3.613022530850045,-0.3806340977654168,0.3806340977654168
N#Cc1ccc(C(=O)CCCN2CCc3ccccc3C2)cc1,757.0,-2.8790958795000727,1,train,6.120904120499928,-2.498510268897264,-0.3805856106028087,0.3805856106028087
N#Cc1ccccc1N1CCN(CC(O)CN2C(=O)NC(c3ccccc3)(c3ccccc3)C2=O)CC1,1205.0,-3.080987046910887,0,train,5.919012953089113,-2.702151844433808,-0.37883520247707914,0.37883520247707914
Cc1ccccc1-c1ccc(OC2CCC2)c(OC2CNC2)c1,666.96,-2.824099788488978,1,train,6.175900211511022,-2.4454639497469968,-0.37863583874198126,0.37863583874198126
CC(Oc1ccc(Cl)cc1OC1CCNCC1)c1cccc(OC(F)(F)F)c1,472.0,-2.673941998634088,1,train,6.326058001365912,-2.2954703491603805,-0.3784716494737075,0.3784716494737075
COc1ccc(OC)c(COCC(O)CN2CCN(c3ccccc3)CC2)c1,2298.0,-3.3613500243522663,1,train,5.638649975647734,-2.9829889796954117,-0.3783610446568546,0.3783610446568546
Cc1c(S(=O)(=O)NCCCN2CCN(c3noc4ccccc34)CC2)sc2ccc(F)cc12,200.0,-2.3010299956639813,1,train,6.698970004336019,-1.92338520951692,-0.3776447861470613,0.3776447861470613
O=C(CCN1CCN(c2ccc(Cl)cc2)CC1)N1CCN(c2cccc(Cl)c2)CC1,2366.0,-3.3740147402919116,1,train,5.625985259708088,-2.9970742792563243,-0.37694046103558776,0.37694046103558776
CC(Oc1ccc(Cl)cc1OC1CNC1)c1cc(Cl)ccc1Cl,903.0,-2.9556877503135057,0,train,6.044312249686494,-2.5803352437049183,-0.37535250660858743,0.37535250660858743
O=C(C1CCCCC1)N(CCN1CC=C(c2ccccc2)CC1)c1ccccn1,60.0,-1.7781512503836436,0,train,7.221848749616356,-2.1534543480204507,0.375303097636807,0.375303097636807
COc1ccc(CCN2C3C4C5CC6C7C5C3C7C2(O)C64)cc1OC,6873.0,-3.83714634390906,0,train,5.16285365609094,-3.4619685149693895,-0.37517782893967055,0.37517782893967055
NCCc1c[nH]c2ccc(C(N)=O)cc12,0.7347609696969697,0.13385392135837945,0,train,9.13385392135838,-0.23932526530215473,0.3731791866605341,0.3731791866605341
O=c1n(CCCCCCN2CCN(c3nsc4ccccc34)CC2)nc2ccccn12,747.0,-2.873320601815399,0,train,6.126679398184601,-2.500419226571678,-0.37290137524372113,0.37290137524372113
Cc1[nH]c2ccc(Cl)cc2c1C1=CCN(CCNS(=O)(=O)c2ccc3ccccc3c2)CC1,520.0,-2.716003343634799,0,train,6.2839966563652006,-2.3439457659567458,-0.37205757767805325,0.37205757767805325
CN1CCN(c2nc(N)nc(C(C)(C)Sc3ccccc3Cl)n2)CC1,5920.0,-3.77232170672292,0,train,5.22767829327708,-3.4009193061158647,-0.3714024006070553,0.3714024006070553
O=C(CCCN1CCC2(CC1)C(=O)NCN2c1ccc(F)cc1)c1ccc(F)cc1,35.0,-1.5440680443502757,0,train,7.455931955649724,-1.9150660770768306,0.37099803272655496,0.37099803272655496
Oc1cccc(NCCCN2CCN(c3ccccc3)CC2)c1,10.0,-1.0,1,train,8.0,-1.3708823723846166,0.37088237238461663,0.37088237238461663
CCN(CCCN1CCC(c2noc3ccccc23)CC1)S(=O)(=O)C(C)CO,2.6,-0.414973347970818,1,train,8.585026652029182,-0.7856556827824531,0.37068233481163515,0.37068233481163515
COC(=O)c1cccc(C)c1-n1ccc(CN2CCN(c3ccccc3OC)CC2)c1,18.0,-1.255272505103306,0,train,7.7447274948966935,-1.6259125096851332,0.3706400045818272,0.3706400045818272
COc1cc2c3cc1Oc1cc(ccc1O)C[C@@H]1c4c(cc(OC)c(O)c4Oc4ccc(cc4)C[C@@H]3N(C)CC2)CC[N+]1(C)C,6500.0,-3.8129133566428557,0,train,5.187086643357144,-3.4422767967701042,-0.3706365598727519,0.3706365598727519
O=C(CCCCCN1CCN(c2noc3ccccc23)CC1)c1ccccc1O,2.93,-0.4668676203541095,1,train,8.53313237964589,-0.8366846112491102,0.3698169908950007,0.3698169908950007
c1ccc(-c2n[nH]cc2N2CCCNCC2)cc1,390.5,-2.591621038213319,1,train,6.408378961786681,-2.2219449054073417,-0.36967613280597744,0.36967613280597744
CN1CCCCC1CCN1c2ccccc2Sc2ccc(S(C)=O)cc21,73.0,-1.863322860120456,0,train,7.136677139879544,-2.2327401121884844,0.36941725206802856,0.36941725206802856
COc1ccc2[nH]cc(CCN(C)C(C)C)c2c1,19.8,-1.2966651902615312,0,train,7.703334809738469,-1.6641969640896508,0.36753177382811963,0.36753177382811963
O=C1c2cccc3cccc(c23)C(=O)N1CCCCCCN1CCN(c2ccccn2)CC1,1200.0,-3.0791812460476247,1,train,5.920818753952375,-2.712684514794542,-0.3664967312530827,0.3664967312530827
Clc1cccc(N2CCN(CCCCCOc3cc(-c4ccccc4)ncn3)CC2)c1,45.0,-1.6532125137753437,1,train,7.346787486224656,-2.0196347207282783,0.3664222069529348,0.3664222069529348
O=S(=O)(NCCCN1CCN(c2noc3ccccc23)CC1)c1ccc(OC(F)(F)F)cc1,380.0,-2.57978359661681,1,train,6.42021640338319,-2.2137046882428715,-0.36607890837393864,0.36607890837393864
FC(F)(F)Oc1ccc(COc2ccc(Br)cc2OC2CNC2)cc1Cl,53.0,-1.724275869600789,0,train,7.275724130399211,-1.358261680927698,-0.366014188673091,0.366014188673091
O=c1n(CCCCCCN2CCN(c3cccc(C(F)(F)F)c3)CC2)nc2ccccn12,1070.0,-3.0293837776852097,0,train,5.97061622231479,-2.6636748705580753,-0.36570890712713444,0.36570890712713444
NC(=O)c1ccc2c3c1CCCC3(CCCCN1CC=C(c3ccccc3)CC1)C(=O)N2,417.0,-2.6201360549737576,0,train,6.379863945026242,-2.254695958772452,-0.3654400962013056,0.3654400962013056
Clc1ccc(OCc2ccc3occc3c2)c(OC2CNC2)c1,16.0,-1.2041199826559248,1,train,7.795880017344075,-1.5693525779567647,0.36523259530083996,0.36523259530083996
CCN(CCN1CCC(c2c[nH]c3cc(F)ccc23)CC1)S(=O)(=O)CCO,2.8,-0.4471580313422192,0,train,8.55284196865778,-0.8105586019253909,0.36340057058317166,0.36340057058317166
Cc1ccc(-c2noc3c2CCNCC3)cc1,16.0,-1.2041199826559248,1,train,7.795880017344075,-1.567043781362512,0.3629237987065872,0.3629237987065872
Oc1ccc(-c2ccc(CNCCc3c[nH]c4cc(F)ccc34)o2)cc1,2730.0,-3.436162647040756,0,train,5.5638373529592435,-3.073240957262572,-0.36292168977818395,0.36292168977818395
C=CCN(CC=C)CCc1c[nH]c2ccc(F)cc12,398.0,-2.5998830720736876,0,train,6.400116927926312,-2.2370653459429386,-0.3628177261307495,0.3628177261307495
O=S(=O)(NCCCN1CCC(c2noc3cc(F)ccc23)CC1)c1cc2ccc(Cl)cc2s1,34.0,-1.5314789170422551,1,train,7.468521082957745,-1.1690597452681026,-0.3624191717741525,0.3624191717741525
COc1ccccc1N1CCN(CCCCN2C(=O)N(C)C(=O)C2(c2ccccc2)c2ccccc2)CC1,16.0,-1.2041199826559248,1,train,7.795880017344075,-1.5665011430842455,0.3623811604283207,0.3623811604283207
COc1ccccc1C1CCN(CC2CCc3ccccc3C(=O)C2)CC1,11.0,-1.0413926851582251,0,train,7.958607314841775,-1.4032852901627542,0.361892605004529,0.361892605004529
O=C1Nc2ccc(F)cc2C1CCCCN1CCN(c2cccc(Cl)c2)CC1,1.96,-0.292256071356476,1,train,8.707743928643524,-0.6537412318450305,0.3614851604885545,0.3614851604885545
COc1c(OCCF)cccc1C(=O)C1CCN(CCc2ccc([N+](=O)[O-])cc2)CC1,6241.0,-3.7952541825808828,0,train,5.204745817419117,-3.433812422604213,-0.3614417599766693,0.3614417599766693
CN1CCc2ccc(OCCCN3CCN(c4ncccn4)CC3)cc2C1=O,9.9,-0.9956351945975499,0,train,8.00436480540245,-1.3565948899258442,0.3609596953282942,0.3609596953282942
O=C(NC1CCN(CCOc2cccc3c2CCCC3)C1)c1cccc(F)c1,2224.0,-3.34713478291002,0,train,5.65286521708998,-2.986907535073549,-0.360227247836471,0.360227247836471
CN(C)C1CCc2c(cccc2-c2ccc(F)cc2)C1,117.0,-2.0681858617461617,0,train,6.931814138253838,-1.7079692281588925,-0.3602166335872692,0.3602166335872692
O=C(CCCCN1CCN(c2noc3ccccc23)CC1)c1ccccc1O,52.0,-1.7160033436347992,1,train,7.2839966563652006,-1.3563658693018008,-0.3596374743329984,0.3596374743329984
O=S(=O)(Nc1cc(Sc2cccc3cccnc23)c(O)c2ccccc12)c1ccccc1,25390.0,-4.404662700873722,0,train,4.595337299126278,-4.045789654340346,-0.3588730465333754,0.3588730465333754
O=C1c2ccccc2S(=O)(=O)N1CCCCCCN1CCN(c2cccc3cccnc23)CC1,21.0,-1.3222192947339193,0,train,7.6777807052660805,-1.680730201232786,0.35851090649886674,0.35851090649886674
CN(C)CCSc1nnc(-c2ccccc2)[nH]1,1200.0,-3.0791812460476247,1,train,5.920818753952375,-2.723120877816216,-0.35606036823140874,0.35606036823140874
Cc1sc2ncn(CCCCCN3CCN(Cc4ccccc4)CC3)c(=O)c2c1C,1650.0,-3.2174839442139063,1,train,5.782516055786093,-2.862754142266208,-0.3547298019476983,0.3547298019476983
Fc1cccc(-c2ccc(F)cc2N2CCN(CCCc3c[nH]c4ccc(F)cc34)CC2)c1,2.6,-0.414973347970818,1,train,8.585026652029182,-0.7692254069077472,0.35425205893692924,0.35425205893692924
Cc1nc2sccn2c(=O)c1CCN1CCC(=C(c2ccc(F)cc2)c2ccc(F)cc2)CC1,15.666666666666666,-1.194976603216055,0,train,7.805023396783945,-1.5490545418508577,0.35407793863480275,0.35407793863480275
O=C(CCCN1CCCc2ccccc2C1)c1ccc(Cl)cc1,257.0,-2.4099331233312946,1,train,6.590066876668706,-2.0559787451541216,-0.353954378177173,0.353954378177173
CSc1ccccc1OCCN1CCC(NS(=O)(=O)c2ccc(Cl)s2)C1,5.0,-0.6989700043360189,1,train,8.301029995663981,-1.052598968294523,0.3536289639585041,0.3536289639585041
Brc1ccc(OCCc2ccccc2)c(OC2CNC2)c1,2.0,-0.3010299956639812,0,train,8.698970004336019,-0.6537862607223687,0.3527562650583875,0.3527562650583875
Cn1c(=O)c2c(nc3n(CCCCN4CCN(c5ccc(Cl)cc5)CC4)c(=O)ccn23)n(C)c1=O,61.0,-1.7853298350107671,1,train,7.214670164989233,-2.136713553337859,0.3513837183270918,0.3513837183270918
CCCCNCCc1ccc(Cl)c(-c2ccccc2OC)c1,64.5,-1.8095597146352678,1,train,7.1904402853647325,-1.4584971999764038,-0.3510625146588642,0.3510625146588642
Cc1cc(Oc2cc(Cl)ccc2O[C@H]2CCNC2)ccc1F,8600.0,-3.934498451243568,0,train,5.065501548756432,-3.583575164571238,-0.35092328667232975,0.35092328667232975
CC(C)c1cccc(OCCN2C3CCC2CC(NS(=O)(=O)c2cccc(F)c2)C3)c1,2.0,-0.3010299956639812,1,train,8.698970004336019,-0.6518845292900995,0.35085453362611835,0.35085453362611835
CN1CCc2c(c(-c3ccc(Cl)cc3)cn2Cc2ccccc2)C1,36.0,-1.5563025007672873,1,train,7.443697499232712,-1.9066876086335924,0.35038510786630517,0.35038510786630517
Cc1ccc2c(OCCN3CCC(Cc4cccc(N5CCCS5(=O)=O)c4)CC3)cccc2n1,16.0,-1.2041199826559248,0,train,7.795880017344075,-1.5540728540932216,0.3499528714372968,0.3499528714372968
COc1ccc2[nH]cc(CCNCc3ccc(-c4ccc(O)cc4)o3)c2c1,206.0,-2.3138672203691533,1,train,6.686132779630847,-2.6636802974247433,0.34981307705559006,0.34981307705559006
CC1(CCCN2CCN(c3ccccn3)CC2)Cc2cc(Cl)ccc2C1=O,8.45,-0.9268567089496923,0,train,8.073143291050307,-1.2758367813849119,0.34898007243521945,0.34898007243521945
O=S(=O)(c1cncc2ccccc12)N1CCC(CCN2CCN(c3ccc(F)cc3)CC2)CC1,14.0,-1.146128035678238,1,train,7.853871964321762,-1.4945859899297087,0.34845795425147075,0.34845795425147075
COc1ccc2[nH]c3c(c2c1)CCNC3Cc1ccc2c(c1)OCO2,36.0,-1.5563025007672873,0,train,7.443697499232712,-1.9045445814519022,0.34824208068461493,0.34824208068461493
CN(C)CCc1c[nH]c2cc(F)ccc12,40.8,-1.61066016308988,0,train,7.3893398369101195,-1.9568555365120697,0.34619537342218965,0.34619537342218965
COc1cccc(OC)c1-c1cccc(CCN(C)C)c1,8.6,-0.9344984512435677,1,train,8.065501548756432,-1.2806831855646679,0.3461847343211003,0.3461847343211003
COc1ccccc1N1CCN(CCn2c(=O)[nH]c3ccccc32)CC1,1838.0,-3.2643455070500926,1,train,5.735654492949907,-2.918310330817682,-0.34603517623241054,0.34603517623241054
NCCCN(CCN1CCc2ccccc2C1)S(=O)(=O)c1ccccc1,3010.0,-3.4785664955938436,1,train,5.521433504406156,-3.1332445918985004,-0.34532190369534366,0.34532190369534366
COc1ccccc1-c1cc(CN2CCN(c3ccccc3OC)CC2)ccc1C,18.0,-1.255272505103306,0,train,7.7447274948966935,-1.5998918447246415,0.3446193396213355,0.3446193396213355
Clc1ccc(OC2CN(c3ccccc3)C2)c(OC2CNC2)c1,18.0,-1.255272505103306,0,train,7.7447274948966935,-1.5993599597107784,0.34408745460747236,0.34408745460747236
COc1nc(NCCCN2CCOCC2)nc(OC)c1NC(=O)c1ccc(Oc2cc3c(cc2C)CCC3(C)C)o1,1750.0,-3.2430380486862944,0,train,5.756961951313706,-2.899242371537014,-0.3437956771492803,0.3437956771492803
CC1C=CC=C(C#N)C1c1cccc2c1-c1cccc3c1C(C2)N(C)CC3,4.0,-0.6020599913279624,0,train,8.397940008672037,-0.9454415275740928,0.34338153624613044,0.34338153624613044
Fc1cccc(-c2cn(Cc3ccccc3)c3c2CNCC3)c1,2727.0,-3.43568513794163,1,train,5.56431486205837,-3.092893107451909,-0.3427920304897212,0.3427920304897212
COc1ccccc1N1CCN(CCCCCCn2c(=O)n3c4c(cccc42)CCC3)CC1,291.0,-2.4638929889859074,0,train,6.536107011014092,-2.123416759065515,-0.3404762299203927,0.3404762299203927
OC1CCc2ccc(/N=C/N3CCc4ccccc4C3)cc21,2700.0,-3.4313637641589874,0,train,5.568636235841012,-3.0909628626427277,-0.3404009015162601,0.3404009015162601
O=c1c2ccccc2ncn1CCCCN1CCN(c2cccc(Cl)c2)CC1,502.0,-2.7007037171450192,1,train,6.29929628285498,-2.3607325840392934,-0.3399711331057258,0.3399711331057258
COc1ccc(N2CCN(CCCCCC(=O)NC3CCCc4ccccc43)CC2)cc1,2100.0,-3.322219294733919,1,train,5.6777807052660805,-2.9822700236477884,-0.3399492710861307,0.3399492710861307
Cn1c(=O)c2c(nc3n(CCCCN4CCN(c5ccccc5O)CC4)ccn23)n(C)c1=O,1364.0,-3.13481437032046,0,train,5.86518562967954,-2.7948790508453083,-0.33993531947515176,0.33993531947515176
O=C(CCCN1CCc2ccccc2C1)c1ccccc1,356.5,-2.5520595341878844,1,train,6.447940465812115,-2.2142679585454648,-0.3377915756424197,0.3377915756424197
COCCn1c(C)c(C)c(S(=O)(=O)c2ccc(Cl)cc2)c1N,13100.0,-4.117271295655764,0,train,4.882728704344236,-3.779687592448551,-0.3375837032072133,0.3375837032072133
CN(/C=N/c1ccc2c(c1)C(O)CC2)Cc1ccccc1,3600.0,-3.5563025007672873,0,train,5.443697499232712,-3.2188341013578645,-0.3374683994094232,0.3374683994094232
O=C1CC(c2c[nH]c3ccc(F)cc23)C(=O)N1CCCCN1CCC(c2c[nH]c3ccccc23)CC1,50.0,-1.6989700043360187,1,train,7.301029995663981,-2.034910885519488,0.3359408811834692,0.3359408811834692
O=c1[nH]c2ccccc2n1CCCCCN1CCN(c2ccc(Cl)c(Cl)c2)CC1,0.86,0.06550154875643228,1,train,9.065501548756432,-0.26986365598841805,0.33536520474485026,0.33536520474485026
CCC1(CCCCN2CCN(c3cccc(Cl)c3)CC2)C(=O)Nc2c1cc(Cl)c(F)c2Cl,72.0,-1.8573324964312685,0,train,7.142667503568731,-1.5219683380594924,-0.3353641583717759,0.3353641583717759
O=S1(=O)c2cccc3cccc(c23)N1CCCCCCN1CCN(c2ccc(C(F)(F)F)cc2)CC1,5996.0,-3.777861624176242,1,train,5.222138375823758,-3.442911768936363,-0.33494985523987886,0.33494985523987886
CN1CCC(Oc2cc(Br)ccc2OCc2cccc(OS(C)(=O)=O)c2)C1,5.0,-0.6989700043360189,1,train,8.301029995663981,-1.0336223221991836,0.33465231786316474,0.33465231786316474
CC(C)Oc1ccccc1N1CCN(C[C@@H](O)CNC(=O)c2ccc3c(c2)C(=O)N(c2ccc(N(C)C)cc2)C3=O)CC1,10.0,-1.0,0,train,8.0,-1.3343650186746394,0.3343650186746394,0.3343650186746394
COc1ccccc1-c1cc(CN2CCC(C)CC2)ccc1OC,3063.0,-3.4861469968065726,0,train,5.513853003193427,-3.151802547004639,-0.3343444498019337,0.3343444498019337
O=C1Cc2ccccc2N1CCCN1CCc2ccccc2C1,105.0,-2.0211892990699383,1,train,6.978810700930062,-1.6868918490001141,-0.33429745006982414,0.33429745006982414
CCN(CCN1CCC(c2noc3cc(F)ccc23)CC1)C(=O)C1CNCCC1O,0.9,0.045757490560675115,1,train,9.045757490560675,-0.28784849819851305,0.3336059887591881,0.3336059887591881
CCN(CCN1CCC(c2c[nH]c3cc(F)ccc23)CC1)C(=O)[C@H](C)O,1.5,-0.17609125905568124,1,train,8.823908740944319,-0.5094098306132004,0.3333185715575192,0.3333185715575192
Cc1ccccc1-c1ccc(Cl)c(OC2CNC2)c1,15.49,-1.190051417759206,1,train,7.809948582240794,-1.523079467479254,0.33302804972004796,0.33302804972004796
CCc1c(C)[nH]c2c1C(=O)C(CN1CCOCC1)CC2,265.0,-2.423245873936808,0,train,6.576754126063192,-2.0902663310327783,-0.33297954290402965,0.33297954290402965
CN1CC(Oc2cc(Cl)ccc2OCc2cccc(Cl)c2)C1,6.0,-0.7781512503836436,1,train,8.221848749616356,-1.1104667605645127,0.332315510180869,0.332315510180869
O=c1c2ccccc2ncn1CCCCCN1CCN(Cc2ccccc2)CC1,1082.0,-3.0342272607705505,1,train,5.9657727392294495,-2.7022320152036694,-0.3319952455668811,0.3319952455668811
COc1cccc(OC)c1-c1cccc2c1OC[C@H](N(C)C)C2,3.92,-0.5932860670204573,1,train,8.406713932979542,-0.9248091374868439,0.3315230704663866,0.3315230704663866
CN(C)CCCN1c2ccccc2CCc2ccccc21,1000.0,-3.0,0,train,6.0,-2.669146464100525,-0.33085353589947486,0.33085353589947486
COc1cccc(OC)c1-c1ccccc1N1CCNCC1,96.0,-1.9822712330395684,0,train,7.017728766960431,-1.651955386218157,-0.33031584682141135,0.33031584682141135
CCc1[nH]c2ccc(O)cc2c1CCN1CCN(c2cccc3ccccc23)CC1,6.6,-0.8195439355418687,0,train,8.18045606445813,-1.149472193788701,0.32992825824683225,0.32992825824683225
COc1ccc(OC)c(COCC(O)CN2CCN(c3cccc(Cl)c3)CC2)c1,65.0,-1.8129133566428555,1,train,7.187086643357144,-2.1425907400397586,0.3296773833969029,0.3296773833969029
Cc1cccc(C)c1-c1ccccc1SCCN(C)C,1429.0,-3.1550322287909704,0,train,5.8449677712090296,-2.825529834882378,-0.3295023939085926,0.3295023939085926
O=S(=O)(c1ccc2cc[nH]c2c1)N1CCC[C@@H]1CCN1CCC(n2c(O)nc3ccccc32)CC1,0.707946,0.14999986772890395,0,train,9.149999867728903,-0.17931349854410145,0.32931336627300534,0.32931336627300534
Clc1ccc(OCc2ccc(Cl)c(Cl)c2)c(OC2CNC2)c1,10.0,-1.0,0,train,8.0,-1.3290980448408354,0.3290980448408354,0.3290980448408354
Cn1c(=O)c2c(nc3n(CCCCN4CCN(c5ccccc5O)CC4)c(-c4ccccc4)cn23)n(C)c1=O,30.0,-1.4771212547196624,0,train,7.522878745280337,-1.805923788019737,0.3288025333000746,0.3288025333000746
Fc1ccc2[nH]cc(CCN3CCN(c4nsc5ccccc45)CC3)c2c1,0.99,0.004364805402450088,1,train,9.00436480540245,-0.3237523862095648,0.3281171916120148,0.3281171916120148
COc1ccc(/C=C2\NC(=O)N(CCCN3CCN(c4cccc(Cl)c4Cl)CC3)C2=O)cc1OC1CCCC1,380.0,-2.57978359661681,1,train,6.42021640338319,-2.2519415732866572,-0.3278420233301529,0.3278420233301529
CCN1CCC[C@H]1CNC(=O)c1c(OC)ccc(Br)c1OC,5000.0,-3.6989700043360187,0,train,5.301029995663981,-3.3711493376733825,-0.32782066666263576,0.32782066666263576
CN(C)CCOc1cccc(Br)n1,2240.0,-3.3502480183341627,0,train,5.649751981665837,-3.022431459404842,-0.32781655892932093,0.32781655892932093
O=S(=O)(NCCCN1CCC(c2noc3cc(F)ccc23)CC1)c1cccs1,0.9,0.045757490560675115,1,train,9.045757490560675,-0.28125232581296056,0.3270098163736357,0.3270098163736357
NCCc1c[nH]c2ccc(C(=O)O)cc12,1.0,-0.0,0,train,9.0,-0.32687184585973855,0.32687184585973855,0.32687184585973855
Clc1ccc(OCC2CCc3ccccc3O2)c(OC2CNC2)c1,16.0,-1.2041199826559248,1,train,7.795880017344075,-1.5308285589646797,0.32670857630875494,0.32670857630875494
CC1(Oc2cc(Br)ccc2OCCc2ccccc2)CNC1,11.0,-1.0413926851582251,0,train,7.958607314841775,-1.3677556993216975,0.32636301416347235,0.32636301416347235
COc1ccc(-c2ccccc2CN2CCN(c3ccccc3OC)CC2)cc1,46.0,-1.662757831681574,1,train,7.337242168318426,-1.9889281815955184,0.32617034991394434,0.32617034991394434
CC(=O)c1ccc(N2CCN(CCCCCC(=O)NC3CCCc4ccccc43)CC2)cc1,2639.0,-3.4214393902200495,0,train,5.5785606097799505,-3.095433872839527,-0.32600551738052186,0.32600551738052186
O=C1c2cccc3cccc(c23)N1CCCCCN1CCN(c2ccccc2)CC1,85.0,-1.9294189257142926,1,train,7.070581074285707,-2.255117552560005,0.32569862684571227,0.32569862684571227
O=S(=O)(NCCCN1CC=C(c2c[nH]c3ccc(Cl)cc23)CC1)c1cccc(O)c1,2.0,-0.3010299956639812,1,train,8.698970004336019,-0.6267137164855021,0.3256837208215209,0.3256837208215209
CC(C)n1nc2c(c1-c1ccc(C#N)cc1)CCNCC2,90.0,-1.954242509439325,1,train,7.045757490560675,-1.6289191163959729,-0.3253233930433521,0.3253233930433521
O=S(=O)(NC1CCN(CCOc2ccccc2Cl)CC1)c1ccccc1,1029.0,-3.012415374762433,1,train,5.987584625237567,-2.687338542614981,-0.325076832147452,0.325076832147452
CC1CCN(CCCC2(S(=O)(=O)c3ccccc3)CCC2)CC1,550.0,-2.7403626894942437,1,train,6.259637310505756,-2.415299001820047,-0.32506368767419724,0.32506368767419724
CCNCCc1ccc(Cl)c(-c2ccccc2OC)c1,1.59,-0.2013971243204515,1,train,8.79860287567955,-0.5261553689903745,0.324758244669923,0.324758244669923
COc1ccc(C(=O)CCCN2CCc3ccccc3C2)cc1,17.0,-1.2304489213782739,1,train,7.769551078621726,-1.5550678783104974,0.3246189569322233,0.3246189569322233
Cn1c(=O)c2c(nc3n(CCCCN4CCN(c5ccc(Cl)cc5)CC4)c(-c4ccccc4)cn23)n(C)c1=O,37.0,-1.568201724066995,0,train,7.431798275933005,-1.892319863769329,0.32411813970233405,0.32411813970233405
CC(C)c1ccc(S(=O)(=O)c2n[nH]c3ccc(NC4CCNCC4)cc23)cc1,3216.0,-3.5073160400764136,0,train,5.492683959923586,-3.1832865123666436,-0.32402952770977,0.32402952770977
CC(C)(CCCN1CC[C@@H]2CCCC[C@H]2C1)S(=O)(=O)c1ccccc1,8.0,-0.9030899869919435,0,train,8.096910013008056,-1.2266546045599371,0.3235646175679935,0.3235646175679935
CN1CCN(CC/C=C2/c3ccccc3Sc3ccc(S(=O)(=O)N(C)C)cc32)CC1,12.0,-1.0791812460476249,0,train,7.920818753952375,-1.4027063901208279,0.323525144073203,0.323525144073203
CN1CCc2cccc3c2C1Cc1cc2sc(N)nc2cc1-3,6.5,-0.8129133566428556,1,train,8.187086643357144,-1.136278353592558,0.32336499694970244,0.32336499694970244
COc1ccc(-c2ccccc2C)cc1C1CCNC1,5.46,-0.7371926427047373,1,train,8.262807357295262,-1.060097952505801,0.3229053098010637,0.3229053098010637
CC(C)C[C@H]1C(=O)N2CCCC2[C@]2(O)O[C@](NC(=O)C3CC4c5cccc6[nH]cc(c56)CC4N(C)C3)(C(C)C)C(=O)N12,310.0,-2.4913616938342726,1,train,6.508638306165727,-2.1693373264949285,-0.32202436733934414,0.32202436733934414
O=S(=O)(c1ccccc1)N(CCCCCCN1CCN(c2nsc3ccccc23)CC1)c1cccc(C(F)(F)F)c1,193.0,-2.285557309007774,0,train,6.714442690992226,-1.9637900294393984,-0.3217672795683755,0.3217672795683755
O=C1c2ccccc2S(=O)(=O)N1CCCCCCN1CCN(c2ccccn2)CC1,552.0,-2.741939077729199,0,train,6.258060922270801,-2.4206507655153193,-0.32128831221387966,0.32128831221387966
c1ccc2nc(N3CCNCC3)ccc2c1,1000.0,-3.0,0,train,6.0,-2.6788683385459517,-0.32113166145404826,0.32113166145404826
CCN(CC)Cc1ccc(Cl)c(-c2ccccc2OC)c1,105.0,-2.0211892990699383,1,train,6.978810700930062,-1.7001662730773979,-0.3210230259925404,0.3210230259925404
O=C1c2ccc(F)cc2CC1CCN1CCN(c2ccccn2)CC1,12.0,-1.0791812460476249,0,train,7.920818753952375,-1.39975519812749,0.32057395207986517,0.32057395207986517
O=C(CCCCCN1CCN(c2ccccc2F)CC1)NC1CCCc2ccccc21,131.0,-2.1172712956557644,1,train,6.882728704344236,-1.7967793806594985,-0.32049191499626595,0.32049191499626595
CCC1(CCCCN2CCN(c3ccc(F)cc3)CC2)C(=O)Nc2ccccc21,0.43,0.36653154442041347,1,train,9.366531544420413,0.0464173374092845,0.3201142070111289,0.3201142070111289
Clc1cccc(C2(COc3ccc(Cl)cc3OC3CNC3)CCC2)c1,138.0,-2.1398790864012365,0,train,6.860120913598763,-1.8203477491246165,-0.31953133727662,0.31953133727662
CCCN(CCN1CCC(c2noc3cc(F)ccc23)CC1)C(=O)C(C)O,0.7,0.1549019599857432,1,train,9.154901959985743,-0.16358064544214376,0.318482605427887,0.318482605427887
CSc1ccccc1N1CCN(CCCc2c[nH]c3ccc(F)cc23)CC1,2.7,-0.43136376415898736,0,train,8.568636235841012,-0.7490490916708831,0.31768532751189577,0.31768532751189577
O=S(=O)(c1cncc2ccccc12)N1CCC[C@H]1CCN1CCC(c2noc3cc(F)ccc23)CC1,0.4,0.3979400086720376,1,train,9.397940008672037,0.08051487373017861,0.317425134941859,0.317425134941859
COc1ccc2c(c1OC)C[N+]1(C)CCc3cc4c(cc3C1C2)OCO4,5000.0,-3.6989700043360187,0,train,5.301029995663981,-3.38221054054166,-0.31675946379435826,0.31675946379435826
COc1ccccc1N1CCN(CCCCC(=O)Nc2ccccc2C(N)=O)CC1,1874.0,-3.2727695865517594,0,train,5.727230413448241,-2.9560931625866873,-0.3166764239650721,0.3166764239650721
Oc1ccc2[nH]cc(CCN3CCN(c4ccccc4)CC3)c2c1,63.0,-1.7993405494535817,1,train,7.200659450546418,-1.483396729890664,-0.3159438195629176,0.3159438195629176
CS(=O)(=O)c1cccc(COc2ccc(Cl)cc2OC2CNC2)c1,229.0,-2.359835482339888,1,train,6.6401645176601125,-2.044051882997224,-0.3157835993426641,0.3157835993426641
Cc1ccc(N2CCCN(CCCCCn3c(=O)[nH]c4ccccc43)CC2)cc1,17.0,-1.2304489213782739,1,train,7.769551078621726,-0.9148276381186949,-0.31562128325957917,0.31562128325957917
O=C(c1ccc(F)cc1)C1CCN(CCc2ccc(I)cc2)CC1,7.32,-0.8645110810583919,1,train,8.135488918941608,-1.179482702175244,0.3149716211168522,0.3149716211168522
COc1ccc2[nH]cc(CCNCc3ccc(-c4cccc(O)c4)o3)c2c1,3147.0,-3.49789674291322,1,train,5.50210325708678,-3.1838784050404474,-0.3140183378727728,0.3140183378727728
Fc1cccc(-c2noc3c2CCNCC3)c1,1407.0,-3.1482940974347455,1,train,5.8517059025652545,-2.8355706969496497,-0.3127234004850954,0.3127234004850954
O=C(Nc1ccc2cnn(S(=O)(=O)c3cccc4ccccc34)c2c1)C1CCCNC1,5800.0,-3.7634279935629373,0,train,5.236572006437063,-3.4516395543566345,-0.3117884392063024,0.3117884392063024
O=C1Nc2ccc(F)cc2C1CCCCN1CCN(c2ccc(F)cc2)CC1,3.4,-0.5314789170422551,1,train,8.468521082957745,-0.8432082649433019,0.3117293479010468,0.3117293479010468
c1ccc(-c2c3c(nn2C2CC2)CCNCC3)cc1,20.0,-1.3010299956639813,0,train,7.698970004336019,-1.61264804005239,0.3116180443884087,0.3116180443884087
Cc1ccc2c(OCCN3CCC(Cc4cccc(NS(C)(=O)=O)c4)CC3)cccc2n1,20.0,-1.3010299956639813,0,train,7.698970004336019,-1.6125052098690082,0.311475214205027,0.311475214205027
CN(C)CCOc1ccccc1Br,2663.0,-3.425371166438941,0,train,5.574628833561059,-3.1143536441063797,-0.3110175223325613,0.3110175223325613
Clc1ccc(OC2CNC2)c(OC2CNC2)c1,840.0,-2.9242792860618816,1,train,6.075720713938118,-2.6134989342108694,-0.31078035185101216,0.31078035185101216
Brc1ccc2ccn(CCN3CCN4CCCCC4C3)c2c1,70.0,-1.845098040014257,1,train,7.154901959985743,-1.5355057234177363,-0.30959231659652064,0.30959231659652064
COc1ccc(-c2ccccc2C(F)(F)F)cc1OC1CNC1,3.79,-0.5786392099680724,1,train,8.421360790031928,-0.8881198596336972,0.30948064966562483,0.30948064966562483
CN(C(=O)CCCCCN1CCN(c2cccc3ccccc23)CC1)c1cccc(O)c1,8.1,-0.9084850188786497,0,train,8.09151498112135,-1.2174669888280976,0.30898196994944793,0.30898196994944793
COc1ccc(S(=O)(=O)Nc2cc(Cl)cc(Cl)c2Cl)cc1N1CCNCC1,2.0,-0.3010299956639812,0,train,8.698970004336019,-0.6092373936984461,0.3082073980344649,0.3082073980344649
O=C1Nc2c(Cl)cc(Cl)cc2C1CCCCN1CCN(c2ccc(Cl)cc2)CC1,107.0,-2.0293837776852097,0,train,6.97061622231479,-1.7213494604041282,-0.30803431728108155,0.30803431728108155
COc1ccccc1-c1cccc(CN2CCN(c3ccccc3OC)CC2)c1,15.0,-1.1760912590556813,0,train,7.823908740944319,-1.4840206979314272,0.3079294388757461,0.3079294388757461
FC(F)(F)c1ccc(COc2ccc(Cl)cc2OC2CNC2)o1,6.0,-0.7781512503836436,1,train,8.221848749616356,-1.0859541267523922,0.3078028763687486,0.3078028763687486
COc1ccccc1N1CCN(CCC(=O)NC2CCCc3c(OC)cccc32)CC1,269.0,-2.429752280002408,1,train,6.570247719997592,-2.121987576719864,-0.3077647032825439,0.3077647032825439
CCOc1cc(OC)c(CC(C)N)cc1OC,7156.0,-3.8546703318953353,0,train,5.145329668104665,-3.5477047257805143,-0.30696560611482093,0.30696560611482093
O=S(=O)(c1ccccc1)C1(CCCN2CCC(c3ccccc3)CC2)CCC1,26.0,-1.414973347970818,0,train,7.585026652029182,-1.7214717034671139,0.3064983554962959,0.3064983554962959
COc1ccccc1N1CCN(Cc2ccn(-c3ccccc3C)c2)CC1,12.85,-1.1089031276673134,0,train,7.891096872332687,-1.4149456780588308,0.3060425503915174,0.3060425503915174
O=C(CCCN1CCc2ccccc2C1)c1ccc(O)cc1,10.0,-1.0,1,train,8.0,-1.3058582719261305,0.30585827192613046,0.30585827192613046
COc1cccc(C2NCCc3c2[nH]c2ccccc32)c1,1700.0,-3.230448921378274,1,train,5.769551078621726,-2.9249195804855033,-0.30552934089277084,0.30552934089277084
C[C@@H]1NC(NCC(F)F)=Nc2ccc(Cl)c(Cl)c21,7.7,-0.8864907251724818,0,train,8.113509274827518,-1.19121810407805,0.3047273789055682,0.3047273789055682
NC(=O)[C@@H]1CCCN1C(=O)CCCCN1CCN(c2ccccc2O)CC1,1865.0,-3.2706788361447066,1,train,5.729321163855293,-2.9665710044547877,-0.30410783168991884,0.30410783168991884
Cc1ccc2c(c1)C(Oc1ccc(Br)cc1OC1CNC1)CC2,252.0,-2.401400540781544,1,train,6.598599459218455,-2.098958145234941,-0.3024423955466031,0.3024423955466031
O=C1Cc2ccccc2N1CCCCN1CCc2ccccc2C1,7.0,-0.8450980400142568,1,train,8.154901959985743,-1.1470028156777852,0.30190477566352836,0.30190477566352836
CN1CCN(C2=Nc3ccccc3Nc3sccc32)CC1,104.0,-2.0170333392987803,0,train,6.982966660701219,-1.71534587432796,-0.30168746497082033,0.30168746497082033
COc1ccccc1N1CCC(CNCC2COc3ccc(Cl)cc3O2)CC1,27.0,-1.4313637641589874,0,train,7.568636235841012,-1.7326595967093434,0.3012958325503561,0.3012958325503561
NC(=O)c1ccc(C(=O)CCCN2CCc3ccccc3C2)cc1,12.0,-1.0791812460476249,0,train,7.920818753952375,-1.3800378697959428,0.3008566237483179,0.3008566237483179
Fc1ccc2[nH]cc(CCN3CCN(c4ccccc4-c4ccccc4)CC3)c2c1,0.26,0.585026652029182,1,train,9.585026652029182,0.28437856623831004,0.300648085790872,0.300648085790872
CCCN(CCC)[C@H]1COc2c(cccc2-c2ccccc2)C1,3.15,-0.4983105537896005,1,train,8.5016894462104,-0.7983698108074745,0.300059257017874,0.300059257017874
CN(C)CCc1cn(S(=O)(=O)c2ccccc2)c2ccccc12,3700.0,-3.568201724066995,0,train,5.431798275933005,-3.268398334919398,-0.2998033891475971,0.2998033891475971
C[C@@H](Oc1ccc(Cl)cc1OC1CCNCC1)c1cccc(C(F)(F)F)c1,15.0,-1.1760912590556813,1,train,7.823908740944319,-1.475665173374807,0.29957391431912583,0.29957391431912583
COc1ccccc1-c1ccccc1C1CCNC1,299.99,-2.4771067779956524,1,train,6.522893222004347,-2.1779775242831874,-0.299129253712465,0.299129253712465
O=C(CCCN1CCc2ccccc2CC1)c1ccc(Cl)cc1,138.0,-2.1398790864012365,1,train,6.860120913598763,-1.8419615193992782,-0.29791756700195826,0.29791756700195826
COc1ccc(-c2ccccc2C)cc1OC1CNC1,13.49,-1.1300119496719043,1,train,7.869988050328096,-1.4273249742619973,0.297313024590093,0.297313024590093
COc1ccccc1-c1cc(CN(C)C)ccc1C,23.0,-1.3617278360175928,1,train,7.638272163982407,-1.6587406300828573,0.2970127940652645,0.2970127940652645
CC(C)c1nc2c(N3CCNCC3)ccnc2n1Cc1cccc(F)c1,11920.0,-4.076276255404218,0,train,4.923723744595782,-3.7797574435499697,-0.2965188118542481,0.2965188118542481
CC(C)C[C@H]1C(=O)N[C@@H](Cc2ccccc2)[C@]2(O)O[C@@](C)(NC(=O)[C@@H]3C=C4c5cccc6[nH]cc(c56)C[C@H]4N(C)C3)C(=O)N12,6.3,-0.7993405494535817,0,train,8.200659450546418,-1.0957551697937626,0.29641462034018096,0.29641462034018096
COc1ccccc1-c1cc(CCN(C)C)ccc1Cl,2.5,-0.3979400086720376,1,train,8.602059991327963,-0.6942765412402175,0.29633653256817993,0.29633653256817993
CC(C)c1ccccc1N1CCN(CCCCCC(=O)NCc2ccncc2)CC1,5.1,-0.7075701760979364,1,train,8.292429823902063,-1.0038621266178334,0.296291950519897,0.296291950519897
O=C1c2ccccc2CCCN1CCN1CCC(n2ccc3cc(F)ccc32)CC1,0.562341,0.25000025114358254,0,train,9.250000251143582,-0.04618291654396968,0.29618316768755215,0.29618316768755215
COc1ccc(-c2ccccc2N2CCNCC2)cc1,2.6,-0.414973347970818,1,train,8.585026652029182,-0.7102180191803454,0.29524467120952747,0.29524467120952747
O=S(=O)(NCC1CCN(CCOc2ccccc2-c2ccccc2)CC1)c1ccc(F)cc1,13.0,-1.1139433523068367,0,train,7.886056647693163,-1.4089028478209322,0.2949594955140955,0.2949594955140955
Cc1ccccc1N1CCN(Cc2ccccc2-c2ccccc2)CC1,1750.0,-3.2430380486862944,0,train,5.756961951313706,-2.9486580236580284,-0.294380025028266,0.294380025028266
Cc1cccc(S(=O)(=O)NCCCCN2CC=C(c3c(C)[nH]c4ccc(Cl)cc34)CC2)c1,380.0,-2.57978359661681,1,train,6.42021640338319,-2.285418474615223,-0.29436512200158704,0.29436512200158704
CCc1cccc2c1-c1ccc(C(=O)N=C(N)N)cc1C2O,4.1,-0.6127838567197355,1,train,8.387216143280265,-0.9069751927371605,0.2941913360174251,0.2941913360174251
Brc1ccc(OC2Cc3ccccc3C2)c(OC2CNC2)c1,6.0,-0.7781512503836436,1,train,8.221848749616356,-1.0722738223335444,0.29412257194990077,0.29412257194990077
NCCC(=O)Nc1ccc2cnn(S(=O)(=O)c3cccc4ccccc34)c2c1,5100.0,-3.7075701760979363,0,train,5.292429823902063,-3.415024407374007,-0.292545768723929,0.292545768723929
CCC1(CCCCN2CCN(c3cccc(OCCF)c3)CC2)C(=O)Nc2ccccc21,13.0,-1.1139433523068367,1,train,7.886056647693163,-0.8226862640123394,-0.29125708829449737,0.29125708829449737
CC(C)c1ccccc1OCCN1CCC(NS(=O)(=O)c2cccc(Cl)c2)C1,4.0,-0.6020599913279624,1,train,8.397940008672037,-0.8932200204090899,0.2911600290811275,0.2911600290811275
CC(N)C(=O)c1ccccc1,2700.0,-3.4313637641589874,0,train,5.568636235841012,-3.1403449752444237,-0.2910187889145641,0.2910187889145641
CN(C)CCSc1cccc(C2(O)CCCCC2)n1,7.2,-0.8573324964312685,0,train,8.142667503568731,-1.1481276728567156,0.29079517642544706,0.29079517642544706
Cc1nc(-c2ccc(-c3ccc(C(=O)N4CCc5cc6c(cc54)C4(CCN(C)CC4)CO6)cc3)c(C)c2)no1,1000.0,-3.0,0,train,6.0,-2.709375568203325,-0.2906244317966751,0.2906244317966751
COc1cccc2[nH]cc(-c3ccnc(N)n3)c12,1985.0,-3.297760511099134,0,train,5.702239488900866,-3.0077860341506697,-0.28997447694846423,0.28997447694846423
O=S(=O)(NC1CCN(CCOc2ccccc2)CC1)c1cccc(Cl)c1,1671.0,-3.2229764498933915,1,train,5.777023550106609,-2.9331530193295707,-0.28982343056382076,0.28982343056382076
COc1ccccc1N1CCN(CCCC(=O)NC2CCCc3ccccc32)CC1,92.0,-1.9637878273455553,1,train,7.036212172654444,-1.6746514358058338,-0.2891363915397218,0.2891363915397218
CCC(Oc1ccc(Cl)cc1OC1CCNCC1)c1cccc(C(F)(F)F)c1,450.0,-2.6532125137753435,1,train,6.346787486224656,-2.3641807320858175,-0.28903178168952603,0.28903178168952603
CC(=O)OC1CCc2ccc(/N=C/N(C)Cc3ccccc3)cc21,100.0,-2.0,0,train,7.0,-2.288968791534686,0.2889687915346859,0.2889687915346859
[2H]c1c([2H])c([2H])c([C@@H]2C[C@@H](N3CCNC(C)(C)C3)c3cc(Cl)ccc32)c([2H])c1[2H],11.0,-1.0413926851582251,0,train,7.958607314841775,-1.330341805654249,0.28894912049602395,0.28894912049602395
Cn1c(CCCCN2CCN(c3ccccc3)CC2)nc2c(sc3ccccc32)c1=O,3.4,-0.5314789170422551,0,train,8.468521082957745,-0.8203148985107879,0.28883598146853273,0.28883598146853273
O=C1CCCC(=O)N1CCCCN1CCN(c2cccc(C(F)(F)F)c2)CC1,21.0,-1.3222192947339193,0,train,7.6777807052660805,-1.6105420171857878,0.2883227224518685,0.2883227224518685
CN1CCN(c2nc(N)nc(CSc3ccccc3Cl)n2)CC1,614.0,-2.788168371141168,1,train,6.211831628858832,-3.076041634659572,0.28787326351840425,0.28787326351840425
CCN(CCN1CCC(c2noc3cc(F)ccc23)CC1)C(=O)C(C)CO,1.1,-0.04139268515822508,1,train,8.958607314841775,-0.3287427534315917,0.28735006827336673,0.28735006827336673
COc1ccccc1N1CCN(CCCCC(=O)NCc2ccccc2-c2cccc(Cl)c2)CC1,405.0,-2.6074550232146687,1,train,6.392544976785331,-2.320197201000599,-0.2872578222140696,0.2872578222140696
O=S(=O)(c1ccc(F)cc1)N1CCC[C@@H]1CCCN1CCN(c2ccc(Cl)cc2)CC1,0.32,0.494850021680094,1,train,9.494850021680094,0.20762083095048728,0.28722919072960673,0.28722919072960673
COc1ccccc1N1CCN(Cc2ccccc2-c2ccccc2F)CC1,658.0,-2.8182258936139557,0,train,6.181774106386044,-2.531117569404292,-0.28710832420966437,0.28710832420966437
Oc1cccc(NCCN2CCN(c3ccccc3)CC2)c1,252.0,-2.401400540781544,1,train,6.598599459218455,-2.115009896520558,-0.28639064426098626,0.28639064426098626
O[S+](CCCN1CCc2ccccc2C1)c1ccc(F)cc1,23.0,-1.3617278360175928,1,train,7.638272163982407,-1.648028184219253,0.28630034820166017,0.28630034820166017
CC(C)c1ccccc1OCCN1CCC(CNC(=O)c2cccs2)CC1,407.0,-2.60959440922522,0,train,6.39040559077478,-2.323827538963855,-0.28576687026136494,0.28576687026136494
Clc1cccc(-c2n[nH]cc2N2CCCNCC2)c1,6.55,-0.8162412999917831,1,train,8.183758700008218,-1.1019289007833644,0.2856876007915813,0.2856876007915813
COc1ccc(C2NCCc3c2[nH]c2ccc(F)cc32)c(O)c1,25.0,-1.3979400086720377,0,train,7.6020599913279625,-1.6836195647991665,0.28567955612712903,0.28567955612712903
FC(F)(F)c1cccc(COc2ccc(Cl)cc2OC2CNC2)n1,26.0,-1.414973347970818,1,train,7.585026652029182,-1.700129281988236,0.2851559340174181,0.2851559340174181
CC(C)N1CC(Oc2cc(F)ccc2OCc2ccc(C(F)(F)F)o2)C1,13.0,-1.1139433523068367,0,train,7.886056647693163,-1.3989897746519058,0.28504642234506905,0.28504642234506905
NC(N)=NC(=O)c1ccc2c(c1)C(O)c1ccc(Cl)cc1-2,160.0,-2.2041199826559246,0,train,6.795880017344075,-1.9199185742119083,-0.28420140844401676,0.28420140844401676
CN(C)C1CCc2c(cccc2-c2c3ccccc3cc3ccccc23)C1,450.0,-2.6532125137753435,0,train,6.346787486224656,-2.3693040911678023,-0.28390842260754123,0.28390842260754123
Clc1ccc(OCCOc2ccccc2)c(OC2CNC2)c1,7.0,-0.8450980400142568,1,train,8.154901959985743,-1.1284760154517306,0.2833779754374738,0.2833779754374738
CC1=NC2(CCN(C)CC2)C(=O)N(c2c(C)cccc2C)C1=O,2765.0,-3.441695135640717,0,train,5.5583048643592825,-3.158589627454603,-0.283105508186114,0.283105508186114
COc1ccccc1N1CCN(CC(O)CN2C(=O)NC(c3ccccc3)(c3ccccc3)C2=O)CC1,566.0,-2.7528164311882715,0,train,6.247183568811728,-2.4697226858628305,-0.28309374532544096,0.28309374532544096
CCC1(CCCCN2CCN(c3ccccc3OC)CC2)C(=O)N(Cc2ccccc2)c2ccccc21,6.57,-0.8175653695597808,0,train,8.18243463044022,-1.1003147043139847,0.28274933475420394,0.28274933475420394
CCOc1ccccc1C(=O)NCC1CCN(CCOc2ccccc2SC)CC1,1188.0,-3.074816440645175,0,train,5.925183559354825,-2.7925533417525448,-0.28226309889263,0.28226309889263
O=C1c2cccc3cccc(c23)N1CCCCCCN1CCN(c2cccc(Cl)c2)CC1,53.0,-1.724275869600789,1,train,7.275724130399211,-2.0064148245521993,0.2821389549514104,0.2821389549514104
CN1CCc2ccc(OCCCN3CCN(c4cccc5sccc45)CC3)cc2C1=O,579.0,-2.762678563727436,1,train,6.237321436272564,-2.4807958887350834,-0.28188267499235264,0.28188267499235264
Cc1ccc(Nc2c(S(=O)(=O)c3ccccc3)cnc3ccc(Cl)cc23)cc1,9566.0,-3.9807303765359454,0,train,5.019269623464055,-3.6989336197554668,-0.28179675678047866,0.28179675678047866
CC1(C)N=C(N)N=C(Nc2cccc(Br)c2)N1,2083.0,-3.318689269947746,0,train,5.681310730052254,-3.0372205947156474,-0.2814686752320985,0.2814686752320985
O=C(CCN1CCN(c2ccccc2)CC1)N1CCN(c2ccccc2)CC1,26.0,-1.414973347970818,1,train,7.585026652029182,-1.6957832520056788,0.28080990403486084,0.28080990403486084
CN1CCN(c2nc(N)nc(C(C)(C)Sc3ccc4ccccc4c3)n2)CC1,610.0,-2.785329835010767,0,train,6.214670164989233,-3.065944710531671,0.2806148755209037,0.2806148755209037
O=C(NCC1CCN(CCOc2cc(Cl)ccc2Cl)CC1)c1cccc(F)c1,415.0,-2.6180480967120925,0,train,6.3819519032879075,-2.3377914621413494,-0.2802566345707431,0.2802566345707431
COc1ccccc1N1CCN(CCCC(=O)Nc2ccc(C(=O)OC(C)(C)C)cc2)CC1,3282.0,-3.5161385767170743,0,train,5.483861423282926,-3.2360122847302666,-0.2801262919868077,0.2801262919868077
O=S(=O)(NCC1CCN(CCOc2cccc(F)c2)CC1)c1cccc(Cl)c1,2195.0,-3.34143452457814,1,train,5.6585654754218595,-3.061795137605215,-0.27963938697292523,0.27963938697292523
CN(C)Cc1ccc(CNC(=O)CCCCCN2CCN(c3ccccc3-c3ccccc3)CC2)cc1,21.0,-1.3222192947339193,0,train,7.6777807052660805,-1.0433196226003616,-0.2788996721335577,0.2788996721335577
[C][C]C1(O[C])c2ccccc2-c2ccc(C(=O)N=C([N])[N])cc21,0.6,0.2218487496163564,0,train,9.221848749616356,-0.05616048063583446,0.2780092302521909,0.2780092302521909
O=S(=O)(NCCCN1CCN(c2nsc3ccccc23)CC1)c1cccc2scnc12,2.0,-0.3010299956639812,1,train,8.698970004336019,-0.5788079603935011,0.27777796472951993,0.27777796472951993
COc1ccc(-c2ccccc2N2CCN(CCCCCC(=O)NCc3ccc(OCCO)cc3)CC2)cc1,15.0,-1.1760912590556813,0,train,7.823908740944319,-1.4536437503881192,0.2775524913324381,0.2775524913324381
c1ccc(OC[C@@H]2CN(CCN3CCc4ccccc43)CCO2)cc1,468.0,-2.670245853074124,0,train,6.329754146925875,-2.3927029630022867,-0.2775428900718375,0.2775428900718375
O=S(=O)(NCCCCN1CCN(c2nsc3ccccc23)CC1)c1ccc2ccccc2c1,1.8,-0.25527250510330607,1,train,8.744727494896694,-0.5327402506239103,0.27746774552060427,0.27746774552060427
O=c1[nH]c2ccccc2n1CCCCCN1CCN(c2ccccc2)CC1,6.0,-0.7781512503836436,1,train,8.221848749616356,-1.0554333721153963,0.2772821217317527,0.2772821217317527
COc1ccc2c(c1)c(C1=CCNCC1)cn2S(=O)(=O)c1cncc2ccccc12,7832.0,-3.8938726787950815,0,train,5.1061273212049185,-3.61659844251384,-0.2772742362812415,0.2772742362812415
COc1ccccc1N1CCN(CCCNS(=O)(=O)c2ccc3ccccc3c2)CC1,20.0,-1.3010299956639813,0,train,7.698970004336019,-1.5773299417214381,0.2762999460574569,0.2762999460574569
COc1cccc(CC2NCCc3c2[nH]c2ccccc32)c1,26.0,-1.414973347970818,1,train,7.585026652029182,-1.6908166516549628,0.2758433036841448,0.2758433036841448
CC1c2ccccc2-c2ccc(C(=O)N=C(N)N)cc21,4.1,-0.6127838567197355,1,train,8.387216143280265,-0.8885838201208495,0.275799963401114,0.275799963401114
O=C1NC2(CCCCC2c2ccccc2)C(=O)N1CCCCN1CCN(c2cccc(Cl)c2)CC1,43.0,-1.6334684555795864,1,train,7.366531544420414,-1.9090866309477204,0.27561817536813393,0.27561817536813393
COc1cccc(-n2c(=O)n(CCN3CCN(c4ccccc4C)CC3)c3ccccc32)c1,2500.0,-3.3979400086720375,1,train,5.6020599913279625,-3.1225459119980066,-0.2753940966740305,0.2753940966740305
O=C1Nc2ccc(F)cc2C1CCCCN1CCN(c2ccc(Cl)cc2)CC1,40.0,-1.6020599913279623,1,train,7.3979400086720375,-1.3267857982903626,-0.2752741930375999,0.2752741930375999
O=C(c1ccc(F)cc1)C1CCN(CCN2CCCc3ccccc3C2=O)CC1,1.7,-0.2304489213782739,0,train,8.769551078621726,-0.5055870123054025,0.2751380909271286,0.2751380909271286
COc1ccccc1N1CCN(CCc2cccc(OCCCOc3cccc(CCN4CCN(c5ccccc5OC)CC4)c3)c2)CC1,15.3,-1.1846914308175989,1,train,7.815308569182401,-1.4592967613142054,0.2746053304966065,0.2746053304966065
O=C1CC(c2c[nH]c3ccc(F)cc23)C(=O)N1CCCCN1CCC(c2c[nH]c3ccc(F)cc23)CC1,1158.0,-3.0637085593914173,1,train,5.936291440608583,-2.7896351948889935,-0.2740733645024238,0.2740733645024238
CC(C)(C)CN1CCCN(CCn2ccc3ccc(Br)cc32)CC1,163.0,-2.2121876044039577,0,train,6.787812395596042,-1.9381239442039426,-0.27406366020001505,0.27406366020001505
Oc1ccc(-c2ccc(CNCCc3c[nH]c4ccccc34)o2)cc1,1622.0,-3.2100508498751372,0,train,5.789949150124863,-2.936103784359946,-0.27394706551519077,0.27394706551519077
CCN(CCN1CCC(c2noc3cc(F)ccc23)CC1)C(=O)C1(O)CC1,1.1,-0.04139268515822508,1,train,8.958607314841775,-0.31527168553268065,0.2738790003744557,0.2738790003744557
CN(CCCN1CCN(c2ccc3ccccc3c2)CC1)c1cccc(O)c1,434.0,-2.637489729512511,1,train,6.362510270487489,-2.3639212750696905,-0.2735684544428203,0.2735684544428203
Cc1nccn1CC1CCc2c(c3ccccc3n2C)C1=O,1000.0,-3.0,0,train,6.0,-2.7265318625342507,-0.2734681374657493,0.2734681374657493
Oc1cccc2c1CC(N1CCN(c3ccccc3)CC1)CC2,81.0,-1.9084850188786497,0,train,7.0915149811213505,-2.1817098654732714,0.2732248465946219,0.2732248465946219
CC1(C)C(=O)N(Cc2ccc(Cl)cc2Cl)C(=O)N1CCCCCN1CCN(c2cccc(Cl)c2Cl)CC1,31.0,-1.4913616938342726,1,train,7.508638306165727,-1.7642236801619557,0.2728619863276831,0.2728619863276831
O=C1c2ccc(Cl)cc2CC1CCCCN1CCN(c2ccccn2)CC1,15.0,-1.1760912590556813,0,train,7.823908740944319,-1.4477976835191557,0.2717064244634746,0.2717064244634746
COc1ccccc1N1CCN(CCCCCCn2c(=O)[nH]c3ccccc32)CC1,78.0,-1.8920946026904804,1,train,7.107905397309519,-1.6206833935851632,-0.27141120910531713,0.27141120910531713
O=c1[nH]c2ccccc2n1CCCCCN1CCN(c2ccc(O)cc2)CC1,1.37,-0.1367205671564068,1,train,8.863279432843592,-0.4079826617244193,0.27126209456801254,0.27126209456801254
CSc1ccccc1N1CCN(CCCCCC(=O)NCc2ccc(C#N)cc2)CC1,9.0,-0.9542425094393249,1,train,8.045757490560675,-1.2252958402259575,0.27105333078663274,0.27105333078663274
Cc1cccc(C(=O)c2ccc(Br)cc2OC2CNC2)c1,19.0,-1.2787536009528289,0,train,7.721246399047171,-1.5491808906525855,0.2704272896997566,0.2704272896997566
CN(C)C1CCc2c(cccc2-c2cc(F)cc(F)c2)C1,180.0,-2.255272505103306,0,train,6.7447274948966935,-1.985161930303145,-0.2701105748001611,0.2701105748001611
O=C(c1ccc(Cl)cc1)N1CCN(CCN2CCC3(C2)C(=O)Nc2ccccc23)CC1,529.0,-2.7234556720351857,0,train,6.276544327964814,-2.4540021537068757,-0.26945351832831,0.26945351832831
Cc1cccc2c1C(O)c1cc(C(=O)N=C(N)N)ccc1-2,87.0,-1.9395192526186185,0,train,7.060480747381382,-1.6704234173946713,-0.2690958352239472,0.2690958352239472
Cn1c(=O)c2c([nH]c(=O)n2CCCN2CCN(c3ccccc3)CC2)n(C)c1=O,13940.0,-4.144262773761991,0,train,4.855737226238009,-3.875327841782265,-0.2689349319797256,0.2689349319797256
COc1ccccc1N1CCN(CCN(C(=O)C23C4C5C2C2C3C4C52I)c2ccccn2)CC1,161.0,-2.2068258760318495,0,train,6.79317412396815,-1.93805812207136,-0.26876775396048913,0.26876775396048913
COc1ccc(NC(=O)N2CCN(c3ccccc3OC)CC2)cc1N1CCN(C)CC1,1412.0,-3.149834696715785,0,train,5.850165303284215,-2.88109631786257,-0.26873837885321494,0.26873837885321494
O=c1[nH]c(CCCCN2CCN(c3ccccc3)CC2)nc2ccccc12,145.0,-2.161368002234975,1,train,6.838631997765026,-1.8927370224807252,-0.26863097975424965,0.26863097975424965
COc1ccccc1-c1ccccc1C1CCN(C)C1,729.96,-2.8632990625105483,0,train,6.136700937489452,-2.594700066190987,-0.2685989963195614,0.2685989963195614
Cc1ccccc1-c1n[nH]c2c1CCNCC2,881.0,-2.9449759084120477,1,train,6.055024091587953,-2.676607437571059,-0.268368470840989,0.268368470840989
CN(C)CCc1cn(C(=O)c2ccccc2)c2ccc(O)cc12,1600.0,-3.2041199826559246,0,train,5.795880017344075,-2.9363780112147277,-0.26774197144119727,0.26774197144119727
CNCCCN1c2ccccc2CCc2ccccc21,1000.0,-3.0,0,train,6.0,-2.732479481508867,-0.2675205184911329,0.2675205184911329
Cc1cc(Cl)ccc1OCc1nc(N)nc(N2CCN(C)CC2)n1,15180.0,-4.181271771559461,0,train,4.818728228440539,-3.914499542842904,-0.26677222871655726,0.26677222871655726
COc1ccccc1CC(c1ccccc1)N1CCNCC1,840.0,-2.9242792860618816,0,train,6.075720713938118,-2.657595207042298,-0.26668407901958346,0.26668407901958346
CSc1ccccc1N1CCN(CCCCCCC(=O)N2CCC[C@H]2C(N)=O)CC1,495.0,-2.694605198933569,0,train,6.305394801066431,-2.4280406353404236,-0.2665645635931453,0.2665645635931453
Clc1ccc(N2CCN(CCCCCOc3cc(-c4ccccc4)ncn3)CC2)cc1,1377.0,-3.1389339402569236,1,train,5.861066059743076,-2.873024728575936,-0.265909211680988,0.265909211680988
O=C1Nc2ccc(F)cc2C1CCCCN1CCN(c2ccccc2)CC1,45.5,-1.6580113966571124,1,train,7.341988603342887,-1.392683470825788,-0.26532792583132436,0.26532792583132436
COc1ccc(CCN2CCC(C(=O)c3cccc(OCCF)c3OC)CC2)cc1,2862.0,-3.4566696294237578,0,train,5.543330370576243,-3.1915295114467312,-0.2651401179770265,0.2651401179770265
NC(=O)C1(c2ccccc2)CCN(CCCCC23CCCc4cccc(c42)NC3=O)CC1,224.0,-2.3502480183341627,1,train,6.649751981665837,-2.085172558504645,-0.26507545982951797,0.26507545982951797
CN(C)CCSc1ccnc(-c2ccccc2)c1,100.0,-2.0,1,train,7.0,-2.2650748600926294,0.26507486009262937,0.26507486009262937
O=S(=O)(NC1CCN(CCOc2cccc(Cl)c2Cl)C1)c1ccc(Cl)s1,14.0,-1.146128035678238,0,train,7.853871964321762,-1.4107563541641022,0.2646283184858642,0.2646283184858642
O=C(CCNCc1ccccc1)NCc1ccccc1,176.0,-2.24551266781415,0,train,6.75448733218585,-2.5100064168081224,0.2644937489939725,0.2644937489939725
Cc1ccccc1N1CCN(CCn2c(=O)n(-c3ccccc3)c3ccccc32)CC1,1867.0,-3.2711443179490782,0,train,5.728855682050922,-3.0066997511107796,-0.26444456683829864,0.26444456683829864
O=C1Nc2cccc3c2C1(CCCCN1CCN(c2ccccc2C(F)(F)F)CC1)CCC3,74.0,-1.8692317197309762,0,train,7.130768280269024,-1.6048586244252,-0.2643730953057759,0.2643730953057759
CN1CCc2ccc3oc(=O)c4cccc5c4c3c2[C@H]1C5,1480.0,-3.1702617153949575,0,train,5.8297382846050425,-2.9062176859504505,-0.26404402944450656,0.26404402944450656
COc1ccc2cccc(N3CCNCC3)c2c1,20.0,-1.3010299956639813,0,train,7.698970004336019,-1.564891421330607,0.26386142566662585,0.26386142566662585
CCN(CCN1CCC(n2ncc3cc(F)ccc32)CC1)S(=O)(=O)CCO,6.9,-0.8388490907372553,0,train,8.161150909262744,-1.102608748140217,0.2637596574029616,0.2637596574029616
CC(C)Oc1cccc2c1N=C(NCC(F)F)NC2C,4.2,-0.6232492903979004,0,train,8.3767507096021,-0.8866305105478554,0.2633812201499549,0.2633812201499549
Cc1cc(C)c(OCCOCCN2CCN(Cc3ccccc3)CC2)c(C)c1,3160.0,-3.499687082618404,0,train,5.500312917381596,-3.2365780064224143,-0.26310907619598956,0.26310907619598956
Cc1ccc(Sc2ccccc2N2CCNCC2)c(C)c1,23.666666666666668,-1.3741370939994129,0,train,7.625862906000587,-1.6370906804117462,0.26295358641233335,0.26295358641233335
COc1ccc(C2(C)NC(=O)N(CC(O)CN3CCN(c4ccccc4OC)CC3)C2=O)cc1,6.0,-0.7781512503836436,0,train,8.221848749616356,-1.04089964146561,0.26274839108196635,0.26274839108196635
O=S(=O)(NC1CCN(CCOc2ccccc2)CC1)c1cccc(Br)c1,1154.0,-3.0622058088197126,1,train,5.937794191180288,-2.7996260470418064,-0.2625797617779062,0.2625797617779062
CC(C)c1ccccc1N1CCN(CCCCCC(=O)NC2CCCc3ccccc32)CC1,1.1,-0.04139268515822508,1,train,8.958607314841775,-0.3036633613009322,0.26227067614270716,0.26227067614270716
CC(C)N1CCCN(CCn2ccc3ccc(Br)cc32)CC1,14.0,-1.146128035678238,0,train,7.853871964321762,-1.407916975183045,0.261788939504807,0.261788939504807
O=S(=O)(NC1CCN(CCOc2cccc3c2CCCC3)C1)c1cc(F)ccc1F,16.0,-1.2041199826559248,0,train,7.795880017344075,-1.465536399371721,0.2614164167157962,0.2614164167157962
COc1cccc(C2=NCCc3c2[nH]c2ccc(OC)cc32)c1,3500.0,-3.5440680443502757,1,train,5.455931955649724,-3.282665985038284,-0.2614020593119921,0.2614020593119921
O=C1Nc2cccc3c2C1(CCN1CCN(c2ccccc2)CC1)CCC3,100.0,-2.0,1,train,7.0,-1.7389746699026274,-0.2610253300973726,0.2610253300973726
O/N=C(\COc1ccc(Cl)cc1OC1CNC1)c1ccccc1,19.0,-1.2787536009528289,0,train,7.721246399047171,-1.5395498308675248,0.260796229914696,0.260796229914696
Cc1ccccc1C(=O)NCC1CCN(CCOc2cccc(-c3ccccc3)c2)CC1,2674.0,-3.4271614029259654,0,train,5.572838597074035,-3.166505804578977,-0.26065559834698826,0.26065559834698826
COC(=O)c1sccc1NC(=O)CCCCN1CCN(c2ccccc2)CC1,7.5,-0.8750612633917001,0,train,8.1249387366083,-1.1355774494049589,0.26051618601325877,0.26051618601325877
O=c1oc2ccccc2n1CCCCCCCN1CCN(c2ccccc2)CC1,46.0,-1.662757831681574,1,train,7.337242168318426,-1.4030845677409098,-0.25967326394066426,0.25967326394066426
O=C(CCCCCN1CCN(c2ccccc2O)CC1)NC1CCCc2ccccc21,11.4,-1.0569048513364727,1,train,7.943095148663527,-1.316200807364044,0.2592959560275714,0.2592959560275714
O=S(=O)(NCCCN1CCC(c2noc3cc(F)ccc23)CC1)c1ccc(OC(F)(F)F)cc1,8.8,-0.9444826721501687,1,train,8.05551732784983,-0.6851992251438301,-0.25928344700633865,0.25928344700633865
CNCC[C@H](Oc1cccc2ccccc12)c1cccs1,2261.0,-3.35430056234536,0,train,5.64569943765464,-3.0950212476068333,-0.2592793147385266,0.2592793147385266
O=C1c2ccccc2S(=O)(=O)N1CCCCCN1CCN(c2ncccn2)CC1,2673.0,-3.426998958756537,1,train,5.573001041243463,-3.167817514276032,-0.2591814444805052,0.2591814444805052
CCN1CCC[C@H]1CNC(=O)c1c(O)c(Cl)cc(Cl)c1OC,5000.0,-3.6989700043360187,0,train,5.301029995663981,-3.4403560931619253,-0.25861391117409305,0.25861391117409305
Cc1c(NC2=NCCN2)cccc1-c1cccs1,17.0,-1.2304489213782739,1,train,7.769551078621726,-1.48892070912147,0.2584717877431959,0.2584717877431959
CC1CCN(CC[C@H]2CCCN2S(=O)(=O)c2ccc3[nH]c(O)nc3c2)CC1,58.0,-1.7634279935629373,0,train,7.236572006437063,-1.505115789934248,-0.2583122036286891,0.2583122036286891
COc1ccc(-c2ccccc2)cc1OC1CCNCC1,1482.86,-3.1711001502882854,1,train,5.828899849711714,-2.912881116332918,-0.2582190339553674,0.2582190339553674
COc1ccc(S(=O)(=O)n2cc(C)c3cc(Cl)ccc32)cc1NC1CCN(C)CC1,6371.0,-3.8042076050820413,0,train,5.195792394917959,-3.546203962463687,-0.2580036426183536,0.2580036426183536
CCOC(=O)c1ccc(COc2ccc(Cl)cc2OC2CNC2)o1,171.0,-2.2329961103921536,0,train,6.767003889607846,-2.490656220447158,0.2576601100550042,0.2576601100550042
O=C1CC(c2c[nH]c3ccccc23)C(=O)N1CCCCN1CCC(c2c[nH]c3ccc(F)cc23)CC1,196.0,-2.292256071356476,0,train,6.707743928643524,-2.034910885519488,-0.25734518583698796,0.25734518583698796
CCCN1CCC(COc2nc3c(I)cccc3c3ccccc23)CC1,153.0,-2.184691430817599,1,train,6.815308569182401,-2.4420109777649874,0.25731954694738857,0.25731954694738857
O=c1oc2ccccc2n1CCCCCCN1CCN(c2ccccc2)CC1,14.0,-1.146128035678238,1,train,7.853871964321762,-1.4030845677409098,0.2569565320626719,0.2569565320626719
Clc1ccc(OC2CC(c3ccccc3)C2)c(OC2CNC2)c1,9.0,-0.9542425094393249,0,train,8.045757490560675,-1.211024748393215,0.2567822389538903,0.2567822389538903
CNCc1ccc(C)c(-c2ccccc2OC)c1,15.0,-1.1760912590556813,1,train,7.823908740944319,-1.4327132758931926,0.2566220168375115,0.2566220168375115
CCN(CCCCCCN1CCN(c2ccccc2)CC1)c1cccc(O)c1,191.0,-2.2810333672477277,1,train,6.718966632752272,-2.025334672484004,-0.2556986947637241,0.2556986947637241
Brc1ccc(Oc2cccc3ccccc23)c(OC2CNC2)c1,196.0,-2.292256071356476,0,train,6.707743928643524,-2.036672782365157,-0.255583288991319,0.255583288991319
O=C(CCCN1CCCN(c2ccc(Cl)cc2)CC1)c1nc2ccccc2s1,356.0,-2.5514499979728753,0,train,6.448550002027124,-2.80677938747875,0.25532938950587436,0.25532938950587436
Cc1sc2nc(CCCCCN3CCN(c4ccccc4)CC3)[nH]c(=O)c2c1C,30.0,-1.4771212547196624,1,train,7.522878745280337,-1.7322978519004693,0.2551765971808069,0.2551765971808069
COc1ccccc1OCCN1CCC(NS(=O)(=O)c2ccc(F)cc2)CC1,344.0,-2.53655844257153,1,train,6.46344155742847,-2.2819319144918047,-0.2546265280797253,0.2546265280797253
FC(F)(F)c1ccc(COc2ccc(Cl)cc2OC2CNC2)cn1,198.0,-2.296665190261531,1,train,6.703334809738469,-2.042043365201911,-0.25462182505961994,0.25462182505961994
O=C1c2ccccc2CCCN1CCN1CCC(N2C(=O)Cc3ccccc32)CC1,37.0,-1.568201724066995,0,train,7.431798275933005,-1.3138271651201914,-0.2543745589468036,0.2543745589468036
CC(C)(C)N1CC(Oc2cc(Br)ccc2OCc2cccc(F)c2)C1,3.0,-0.47712125471966244,0,train,8.522878745280337,-0.7307143617837784,0.253593107064116,0.253593107064116
CC(C)N1CC(Oc2ccc(Cl)cc2OC2CNC2)C1,68.0,-1.8325089127062364,0,train,7.167491087293763,-2.085662708927063,0.25315379622082657,0.25315379622082657
CC1(Oc2cc(Br)ccc2OCc2ccc(C(F)(F)F)o2)CNC1,16.0,-1.2041199826559248,0,train,7.795880017344075,-1.4568847086767136,0.2527647260207888,0.2527647260207888
Fc1ccc2c(c1)CC(CCN1CCCN(c3ccccn3)CC1)C2,268.0,-2.428134794028789,0,train,6.571865205971211,-2.1762619551393048,-0.2518728388894842,0.2518728388894842
Fc1ccc(-c2cn(Cc3ccccc3)c3c2CNCC3)cc1,45.0,-1.6532125137753437,1,train,7.346787486224656,-1.905038919378517,0.2518264056031736,0.2518264056031736
Cc1ccc(C(CCNC(C)c2ccc(Cl)cc2)c2ccco2)cc1,8400.0,-3.9242792860618816,0,train,5.075720713938118,-3.672501130584917,-0.25177815547696447,0.25177815547696447
COc1ccc(-c2ccc(CNCCc3c[nH]c4ccc(OC)cc34)o2)cc1,3298.0,-3.5182506513085,0,train,5.481749348691499,-3.2665858195941606,-0.2516648317143395,0.2516648317143395
CN(C)C1CCc2c(cccc2C2CCCC2)C1,240.0,-2.380211241711606,0,train,6.619788758288394,-2.128709707890597,-0.2515015338210089,0.2515015338210089
COc1ccccc1N1CCN(CCCCC(=O)Nc2cccc(C(=O)OC(C)(C)C)c2)CC1,927.0,-2.967079734144497,0,train,6.032920265855503,-2.715815700569499,-0.25126403357499827,0.25126403357499827
Cn1c(=O)c2c(ncn2CCCN2CCc3ccccc3C2)n(C)c1=O,3616.0,-3.5582284218033258,0,train,5.441771578196674,-3.3070100843453867,-0.2512183374579391,0.2512183374579391
CCOc1ccccc1C(=O)NC1CCN(CCOc2cccc(-c3ccccc3)c2)C1,1104.0,-3.0429690733931802,0,train,5.957030926606819,-2.7919372848980903,-0.25103178849508945,0.25103178849508945
Cn1c(=O)c2c(ncn2CCCCN2CCN(c3cccc(Cl)c3Cl)CC2)n(C)c1=O,73.0,-1.863322860120456,1,train,7.136677139879544,-2.114257923799903,0.2509350636794472,0.2509350636794472
N#Cc1ccc(N2CCN(CCCCCC(=O)NC3CCCc4ccccc43)CC2)cc1,1400.0,-3.146128035678238,1,train,5.853871964321762,-2.895368059915882,-0.2507599757623562,0.2507599757623562
O=S(=O)(c1ccc2cc[nH]c2c1)N1CCC[C@@H]1CCN1CCC(Oc2ccc(F)cc2)CC1,0.501187,0.3000002024454176,1,train,9.300000202445418,0.049354566770020016,0.25064563567539755,0.25064563567539755
Cc1c(S(=O)(=O)Nc2ccc3nccc(N4CCN(C)CC4)c3c2)sc2ccc(Cl)cc12,1995.0,-3.299942900022767,0,train,5.700057099977233,-3.049477908341384,-0.25046499168138325,0.25046499168138325
O=C(CCN1CCN(Cc2ccccc2)CC1)N1CCN(c2ccc(Cl)cc2)CC1,37.0,-1.568201724066995,0,train,7.431798275933005,-1.818564959297936,0.25036323523094106,0.25036323523094106
CN(CCCCCCN1CCN(c2ccccc2)CC1)c1cccc(O)c1,12.0,-1.0791812460476249,1,train,7.920818753952375,-1.3293686066926989,0.25018736064507396,0.25018736064507396
NC(=O)[C@@H]1Cc2ccccc2CN1C(=O)CCCCCN1CCN(c2cccc(Cl)c2)CC1,725.0,-2.8603380065709936,0,train,6.139661993429007,-2.610252891886315,-0.25008511468467853,0.25008511468467853
CN1CC(Oc2cc(Br)ccc2OCc2ccccc2Cl)C1,100.0,-2.0,0,train,7.0,-1.7499577969846516,-0.2500422030153484,0.2500422030153484
C[C@@]12COc3ccc(-c4ccccc4)cc3[C@@H]1CCN2,1000.0,-3.0,1,train,6.0,-2.749962440731934,-0.2500375592680659,0.2500375592680659
CC(C)(C)c1ccccc1OCCN1CCC(NC(=O)c2cccc(F)c2)CC1,1672.0,-3.2232362731029975,0,train,5.776763726897002,-2.973868277518382,-0.2493679955846151,0.2493679955846151
Clc1ccc(Oc2ccc(Cl)cc2OC2CNC2)cc1,23.0,-1.3617278360175928,1,train,7.638272163982407,-1.6108124019514234,0.24908456593383055,0.24908456593383055
CC(C)n1nc2c(c1-c1ccc(Cl)cc1)CCNCC2,9.0,-0.9542425094393249,1,train,8.045757490560675,-1.2032803640303071,0.24903785459098238,0.24903785459098238
CC(C)c1cccc(OCCN2C3CCC2CC(NS(=O)(=O)c2cnn(C)c2)C3)c1,70.0,-1.845098040014257,1,train,7.154901959985743,-1.5961009430808855,-0.24899709693337146,0.24899709693337146
Clc1ccc(OCc2ccncc2)c(OC2CNC2)c1,260.0,-2.4149733479708178,1,train,6.585026652029182,-2.1660279243881764,-0.24894542358264138,0.24894542358264138
CCN(CCN1CCC(c2noc3cc(F)ccc23)CC1)C(=O)C(O)CCC(=O)OC,2.4,-0.38021124171160603,0,train,8.619788758288394,-0.6288660382952674,0.24865479658366146,0.24865479658366146
O=C1Nc2cccc3c2C1(CCCCN1CCN(c2ccccc2)CC1)CCC3,3.25,-0.5118833609788743,1,train,8.488116639021126,-0.7601973899811323,0.24831402900225796,0.24831402900225796
O=S1(=O)c2cccc3cccc(c23)N1CCCCN1CCN(c2ccccc2)CC1,1000.0,-3.0,0,train,6.0,-2.7517239853219575,-0.2482760146780425,0.2482760146780425
CCC1(CCCCN2CCN(c3cccc(Cl)c3)CC2)C(=O)Nc2ccccc21,0.405,0.3925449767853314,1,train,9.39254497678533,0.14477325413381656,0.24777172265151484,0.24777172265151484
COc1ccccc1N1CCN(CCCCCCn2c(=O)sc3ccccc32)CC1,2.9,-0.4623979978989561,1,train,8.537602002101044,-0.7101532324999994,0.24775523460104332,0.24775523460104332
O=S(=O)(CC1CCN(CCCc2noc3cc(F)ccc23)C1)c1ccc2ccccc2c1,15.0,-1.1760912590556813,1,train,7.823908740944319,-1.4236632207144593,0.24757196165877815,0.24757196165877815
CCCN(CCCN1CCN(c2ccccc2)CC1)c1cccc(O)c1,21.0,-1.3222192947339193,0,train,7.6777807052660805,-1.5692791747845272,0.24705988005060786,0.24705988005060786
O=c1oc2ccccc2n1CCCCCCN1CCN(c2nsc3ccccc23)CC1,7.0,-0.8450980400142568,0,train,8.154901959985743,-1.0918549947966616,0.24675695478240478,0.24675695478240478
O=c1c2ccccc2ncn1CCCCCN1CCN(c2cccc(Cl)c2)CC1,36.0,-1.5563025007672873,1,train,7.443697499232712,-1.8025002117278666,0.2461977109605793,0.2461977109605793
CCN(CCN1CCC(c2noc3cc(F)ccc23)CC1)C(=O)C(C)(C)CO,1.0,-0.0,1,train,9.0,-0.24577565119371225,0.24577565119371225,0.24577565119371225
COc1ccccc1N1CCN(CCCN2C(=O)c3cccc4cccc2c34)CC1,398.0,-2.5998830720736876,0,train,6.400116927926312,-2.354110987623159,-0.2457720844505289,0.2457720844505289
O=S(=O)(c1cccc(NC2CCNCC2)c1)n1cccc1-c1ccccc1,1986.0,-3.2979792441593623,0,train,5.702020755840637,-3.5436703738080264,0.24569112964866413,0.24569112964866413
O=c1[nH]c2ccccc2n1CCCCCCN1CCN(c2ccccc2)CC1,20.0,-1.3010299956639813,1,train,7.698970004336019,-1.0554333721153963,-0.2455966235485849,0.2455966235485849
O=C1c2ccccc2CCCN1CCN1CCC(n2nnc3cc(F)ccc32)CC1,2.0,-0.3010299956639812,0,train,8.698970004336019,-0.545656070760054,0.24462607509607276,0.24462607509607276
COc1ccc(-c2ccccc2C2CCN(C[C@@H](O)COc3cnccn3)CC2)cc1,15.0,-1.1760912590556813,0,train,7.823908740944319,-1.420709936617808,0.24461867756212685,0.24461867756212685
CS(=O)(=O)c1ccccc1N1CCN(CCCCCC(=O)NC2CCCc3ccccc32)CC1,298.0,-2.4742162640762553,1,train,6.525783735923745,-2.229631561658663,-0.24458470241759267,0.24458470241759267
Fc1ccc(C(c2ccc(F)cc2)N2CCN(CCCCc3nc4ccccc4s3)CC2)cc1,786.0,-2.895422546039408,0,train,6.104577453960593,-2.6510567149662005,-0.2443658310732073,0.2443658310732073
O=S(=O)(c1ccc2c(c1)CC=C2)N1CCC[C@@H]1CCN1CCC(Oc2ccc(Cl)cc2)CC1,1.99,-0.29885307640970665,1,train,8.701146923590294,-0.5431257817258088,0.24427270531610223,0.24427270531610223
COc1ccccc1N1CCN(CCCOc2c(C)cc(C)cc2C)CC1,157.0,-2.1958996524092336,1,train,6.804100347590767,-1.9517423852643292,-0.24415726714490438,0.24415726714490438
COc1ccccc1N1CCN(CC(O)CN2C(=O)NC(C)(c3ccccc3F)C2=O)CC1,213.0,-2.3283796034387376,1,train,6.671620396561263,-2.0845782223273344,-0.24380138111140326,0.24380138111140326
Clc1cccc(COc2ccc(Cl)cc2OC2CNC2)c1,8.0,-0.9030899869919435,1,train,8.096910013008056,-1.1467106477055018,0.24362066071355815,0.24362066071355815
CSc1ccccc1N1CCN(CCCCCC(=O)N2CCC[C@H]2C(N)=O)CC1,153.0,-2.184691430817599,0,train,6.815308569182401,-2.4280406353404236,0.2433492045228247,0.2433492045228247
CC(Oc1ccc(Cl)cc1OC1CCNCC1)c1ccccc1F,42.0,-1.6232492903979006,0,train,7.376750709602099,-1.8665759889419922,0.2433266985440916,0.2433266985440916
O=C(CCCCCN1CCN(c2nc3ccccc3o2)CC1)NC1CCCc2ccccc21,820.0,-2.9138138523837167,0,train,6.086186147616283,-2.670588051805656,-0.24322580057806054,0.24322580057806054
CC1(c2ccc(F)cc2)NC(=O)N(CC(O)CN2CCN(c3ccccc3F)CC2)C1=O,234.0,-2.369215857410143,1,train,6.630784142589857,-2.126656223533071,-0.24255963387707213,0.24255963387707213
COc1ccc2c(c1)CCN(CCCNS(=O)(=O)c1ccccc1)C2,75.0,-1.8750612633917,0,train,7.1249387366083,-2.1170416218980406,0.24198035850634048,0.24198035850634048
CCn1cncc1-c1c[nH]c2ccc(OC(F)(F)F)cc12,273.0,-2.436162647040756,0,train,6.5638373529592435,-2.1942562695788808,-0.24190637746187527,0.24190637746187527
O=C1c2ccccc2CN1CCCCCN1CCN(c2ccccc2)CC1,203.0,-2.307496037913213,1,train,6.692503962086787,-2.0656967554557646,-0.24179928245744842,0.24179928245744842
CCN(CCN1CCC(c2c[nH]c3cc(F)ccc23)CC1)C(=O)CCO,2.7,-0.43136376415898736,0,train,8.568636235841012,-0.6729653662091092,0.24160160205012188,0.24160160205012188
CN1C[C@@H](NS(=O)(=O)N(C)C)C[C@@H]2c3cccc4c3c(cn4C)C[C@H]21,14.25409090909091,-1.1539395242933073,0,train,7.846060475706693,-1.3948319383606635,0.2408924140673563,0.2408924140673563
Fc1ccc(-c2cncc(CN3CCN(c4cccc5c4OCCO5)CC3)c2)cc1,63.0,-1.7993405494535817,0,train,7.200659450546418,-2.0401100777195786,0.24076952826599696,0.24076952826599696
CCc1c(C(=O)NN2CCCCC2)nn(-c2ccc(Cl)cc2Cl)c1-c1ccc(Br)cc1,1000.0,-3.0,0,train,6.0,-2.760291618497509,-0.23970838150249119,0.23970838150249119
C[C@H](Nc1cc(NCCOc2ccccc2)ccn1)c1ccccc1,0.4,0.3979400086720376,1,train,9.397940008672037,0.1586162635459369,0.23932374512610072,0.23932374512610072
COc1ccc(OC)c(S(=O)(=O)NCC2CCN(CCOc3ccccc3C(C)C)CC2)c1,27.0,-1.4313637641589874,0,train,7.568636235841012,-1.6704742596941233,0.23911049553513597,0.23911049553513597
NC1=Nc2cccc(Cl)c2CN1,793.0,-2.8992731873176036,0,train,6.100726812682396,-2.660242448646536,-0.23903073867106794,0.23903073867106794
C[C@@H]1SC(c2ccccc2O)=N[C@H]1Cc1c[nH]cn1,3600.0,-3.5563025007672873,0,train,5.443697499232712,-3.3174460706938436,-0.23885643007344415,0.23885643007344415
COc1ccccc1N1CCN(c2nc(N)nc(NCCc3c[nH]c4ccccc34)n2)CC1,7872.0,-3.896085085423285,1,train,5.103914914576714,-3.657813197956947,-0.23827188746633832,0.23827188746633832
CC(=O)c1cccc(N2CCN(CCCCCC(=O)NC3CCCc4ccccc43)CC2)c1,496.0,-2.6954816764901977,0,train,6.304518323509802,-2.4572899006692137,-0.23819177582098394,0.23819177582098394
CC(C)c1cccc(OCCN2C3CCC2CC(NS(=O)(=O)c2cccc(Cl)c2)C3)c1,4.0,-0.6020599913279624,1,train,8.397940008672037,-0.840226561300318,0.23816656997235564,0.23816656997235564
COc1ccccc1N1CCN(CCCCC(=O)c2ccccc2O)CC1,16.4,-1.2148438480476977,1,train,7.785156151952302,-1.4529886067966489,0.23814475874895136,0.23814475874895136
O=S(=O)(c1cccc2ccccc12)c1n[nH]c2ccc(N3CCNCC3)cc12,1563.0,-3.193958978019187,0,train,5.806041021980813,-2.955859693421209,-0.2380992845979777,0.2380992845979777
CCCSc1ccccc1CC1NCCc2c1[nH]c1ccccc21,20.0,-1.3010299956639813,0,train,7.698970004336019,-1.5390268336601656,0.23799683799618432,0.23799683799618432
Cc1cccc(N2CCN(CCCOc3ccc4ccc(=O)[nH]c4c3)CC2)c1C,22.0,-1.3424226808222062,0,train,7.657577319177793,-1.579729322416052,0.23730664159384585,0.23730664159384585
O=S(=O)(NCCCCN1CCC(c2noc3cc(F)ccc23)CC1)c1cccs1,6.3,-0.7993405494535817,1,train,8.200659450546418,-0.5624675748712832,-0.2368729745822985,0.2368729745822985
O=S(=O)(c1cccc(N2CCNCC2)c1)n1cccc1-c1ccccc1,12280.0,-4.089198366805149,0,train,4.910801633194851,-3.8528295420776844,-0.23636882472746423,0.23636882472746423
CCN(CCN1CCC(c2noc3cc(F)ccc23)CC1)C(=O)C1CCCCC1O,1.6,-0.2041199826559248,1,train,8.795880017344075,-0.44028348284706875,0.23616350019114396,0.23616350019114396
CN1CCN(c2nc(N)nc(COc3ccccc3Cl)n2)CC1,9247.0,-3.966000857628784,1,train,5.033999142371216,-3.7301527981767886,-0.2358480594519956,0.2358480594519956
CCNC(=O)N1CCN(CCCC(c2ccc(F)cc2)c2ccc(F)cc2)CC1,549.5,-2.7399676967595092,0,train,6.260032303240491,-2.5045769016252573,-0.23539079513425154,0.23539079513425154
COc1ccc2c(=O)c3cc(CN4CCN(C)CC4)ccc3oc2c1,16950.0,-4.229169702539101,0,train,4.770830297460899,-3.9941918363518387,-0.23497786618726257,0.23497786618726257
COc1ccc(-c2ccccc2)cc1OC1CNC1,120.01,-2.079217435746567,1,train,6.920782564253432,-2.3140094189196563,0.23479198317308914,0.23479198317308914
Cc1cccc(S(=O)(=O)NCCCCN2CCN(c3noc4ccccc34)CC2)c1,1.1,-0.04139268515822508,0,train,8.958607314841775,-0.27598838882839966,0.23459570367017465,0.23459570367017465
CCN(CCN1CCC(c2noc3cc(F)ccc23)CC1)C(=O)C(F)(F)CO,1.0,-0.0,0,train,9.0,-0.23455276023911792,0.23455276023911792,0.23455276023911792
O=S(=O)(NCCCN1CCN(c2nsc3ccccc23)CC1)c1cc2ccc(Cl)cc2s1,54.0,-1.7323937598229686,1,train,7.267606240177031,-1.4983559067411831,-0.23403785308178549,0.23403785308178549
CC(C)[C@H]1C(=O)N2CCC[C@H]2[C@]2(O)O[C@](NC(=O)[C@@H]3C=C4c5cccc6[nH]cc(c56)C[C@H]4N(C)C3)(C(C)C)C(=O)N12,11.0,-1.0413926851582251,0,train,7.958607314841775,-1.2753304984067646,0.23393781324853946,0.23393781324853946
Clc1ccc(-c2nn(Cc3ccccc3)c3c2CNCC3)cc1,14.0,-1.146128035678238,1,train,7.853871964321762,-1.3800173136722926,0.23388927799405468,0.23388927799405468
CC[C@H]1c2c(ccc3ccccc23)OC[C@@]1(C)N,692.0,-2.840106094456758,0,train,6.1598939055432425,-2.606585510286331,-0.2335205841704271,0.2335205841704271
CNCc1cccc(-c2ccccc2OC)c1,226.0,-2.3541084391474008,0,train,6.645891560852599,-2.12059920552737,-0.23350923362003062,0.23350923362003062
CN(CCN1CCN(c2ccccc2)CC1)c1cccc(O)c1,161.0,-2.2068258760318495,0,train,6.79317412396815,-1.973650946986066,-0.23317492904578319,0.23317492904578319
O=C1Cc2cc(CCN3CCN(c4nsc5ccccc45)CC3)c(Cl)cc2N1,4.95,-0.6946051989335688,0,train,8.30539480106643,-0.9272279172869022,0.23262271835333348,0.23262271835333348
CC1CCN(CCC[C@H]2CCCN2S(=O)(=O)c2ccccc2F)CC1,7.6,-0.8808135922807914,1,train,8.119186407719209,-0.6482714221619227,-0.23254217011886869,0.23254217011886869
CCn1cncc1-c1c[nH]c2ccc(C(F)(F)F)cc12,138.0,-2.1398790864012365,0,train,6.860120913598763,-1.907437884698876,-0.2324412017023605,0.2324412017023605
CCCOc1nc2c(c(=O)n(C)c(=O)n2C)n1CCCCN1CCc2ccccc2C1,57.0,-1.7558748556724915,1,train,7.2441251443275085,-1.9880803911751104,0.2322055355026187,0.2322055355026187
FCC(Oc1ccc(Br)cc1OC1CNC1)c1ccccc1,91.0,-1.9590413923210936,1,train,7.040958607678906,-1.7269292141770343,-0.23211217814405938,0.23211217814405938
Clc1ccc(O[C@@H]2CCNC2)c(OCc2ccccc2)c1,920.0,-2.963787827345555,0,train,6.036212172654444,-2.7321194823911026,-0.23166834495445254,0.23166834495445254
COc1ccc2c(c1)c(CCN(C)C)cn2C,1180.0,-3.0718820073061255,0,train,5.928117992693874,-2.8402681631602915,-0.23161384414583353,0.23161384414583353
O=c1[nH]c2ccccc2n1CCCCCN1CCN(c2ccc(Cl)cc2Cl)CC1,12.3,-1.089905111439398,0,train,7.910094888560602,-1.3214408472631092,0.23153573582371112,0.23153573582371112
COc1ccc(-c2ccc(F)cc2C)cc1OC1CNC1,21.0,-1.3222192947339193,1,train,7.6777807052660805,-1.553687602480094,0.23146830774617477,0.23146830774617477
O=S(=O)(NCCCCN1CCN(c2cccc(Cl)c2Cl)CC1)c1ccc2ncccc2c1,124.0,-2.093421685162235,1,train,6.906578314837764,-1.8620754501467391,-0.231346235015496,0.231346235015496
O=S(=O)(NCCN1CCN(c2nsc3ccccc23)CC1)c1ccc2ccccc2c1,1.5,-0.17609125905568124,1,train,8.823908740944319,-0.40738366240855023,0.23129240335286902,0.23129240335286902
CC(Oc1cc(Br)ccc1OCc1cccc(Cl)c1)C1(O)CNC1,831.0,-2.919601023784111,0,train,6.080398976215889,-2.6884481828691458,-0.23115284091496502,0.23115284091496502
O=c1c(-c2ccccc2F)c2n(c(=O)n1CCCCN1CCCC(c3c[nH]c4ccccc34)C1)CCCC2,2431.0,-3.3857849588433355,0,train,5.6142150411566645,-3.1548228966414897,-0.23096206220184579,0.23096206220184579
COc1ccccc1-c1n[nH]cc1N1CCNCC1,347.0,-2.5403294747908736,1,train,6.459670525209127,-2.309670815547045,-0.23065865924382845,0.23065865924382845
CS(=O)(=O)Oc1ccc(CNC(=O)CCCCCN2CCN(c3ccccc3-c3ccccc3)CC2)cc1,5.7,-0.7558748556724915,0,train,8.244125144327509,-0.9861049434473671,0.23023008777487564,0.23023008777487564
O=C1Nc2cccc3c2C1(CCCCN1CCN(c2ccccn2)CC1)CCC3,1.96,-0.292256071356476,1,train,8.707743928643524,-0.5224751408100908,0.2302190694536148,0.2302190694536148
CC(Oc1ccc(Cl)cc1OC1CNC1)c1cccc(Cl)c1,14.0,-1.146128035678238,0,train,7.853871964321762,-1.3760363220133813,0.22990828633514337,0.22990828633514337
O=C1Nc2cccc3c2C1(CCCCN1CCC(O)(c2ccccc2)CC1)CCC3,44.0,-1.6434526764861874,1,train,7.356547323513812,-1.4136239178219097,-0.22982875866427777,0.22982875866427777
COc1ccc2c(c1)[C@@H]1CCN[C@]1(C)CO2,200.0,-2.3010299956639813,0,train,6.698970004336019,-2.530852239637792,0.2298222439738109,0.2298222439738109
CN(CCCN1CCN(c2ccccc2)CC1)c1cccc(Cl)c1,179.0,-2.2528530309798933,0,train,6.747146969020107,-2.0231914610656347,-0.22966156991425857,0.22966156991425857
CC(Oc1ccc(Cl)cc1OC1CNC1)c1nc2ccccc2s1,73.0,-1.863322860120456,0,train,7.136677139879544,-2.0928112589712513,0.22948839885079542,0.22948839885079542
CC(C)n1c(=O)n(C(=O)NC2C[C@H]3CC[C@@H](C2)N3C)c2ccccc21,1000.0,-3.0,0,train,6.0,-2.7707674554882074,-0.22923254451179265,0.22923254451179265
CC(C)c1ccccc1OCCN1CCC(NS(=O)(=O)c2ccc(N)cc2)CC1,39.0,-1.591064607026499,1,train,7.4089353929735005,-1.3619699526092361,-0.22909465441726296,0.22909465441726296
COc1ccc2c(c1)CCN(CCCNS(=O)(=O)c1ccc(C)cc1)C2,520.0,-2.716003343634799,0,train,6.2839966563652006,-2.4871042464232205,-0.22889909721157853,0.22889909721157853
COc1ccc2[nH]cc(CCN3CCCC3)c2c1,631.0,-2.8000293592441343,0,train,6.199970640755866,-2.571247681972106,-0.22878167727202836,0.22878167727202836
CCc1nc(N)[nH]c1-c1cn(S(=O)(=O)c2ccccc2)c2ccccc12,3467.0,-3.5399538416563967,0,train,5.460046158343603,-3.311289790702193,-0.22866405095420372,0.22866405095420372
c1ccc2c(c1)OCC(C1=NCCN1)O2,1000.0,-3.0,0,train,6.0,-2.771529824881778,-0.22847017511822187,0.22847017511822187
O/N=C1/c2ccccc2CC1Oc1ccc(Cl)cc1OC1CNC1,360.0,-2.5563025007672873,0,train,6.443697499232712,-2.3278471668103857,-0.22845533395690198,0.22845533395690198
CC(C)c1ccccc1OCCN1CCC(N(CC2CC2)S(=O)(=O)c2cnn(C)c2)CC1,56.0,-1.7481880270062005,0,train,7.251811972993799,-1.519976272455876,-0.22821175455032439,0.22821175455032439
NC(=O)C1CCN(c2c(S(=O)(=O)c3ccccc3)cnc3ccc(Cl)cc23)CC1,3490.0,-3.5428254269591797,0,train,5.45717457304082,-3.315160112157561,-0.227665314801619,0.227665314801619
O=c1[nH]c2ccccc2n1CCCCCN1CCN(c2ccccc2F)CC1,2.31,-0.36361197989214433,1,train,8.636388020107855,-0.5908600797253265,0.22724809983318223,0.22724809983318223
O=c1c2ccccc2ncn1CCCCCN1CCN(c2ccccc2)CC1,307.0,-2.4871383754771865,1,train,6.512861624522813,-2.260302710715555,-0.22683566476163142,0.22683566476163142
O=C(NCCCCCCN1CCN(c2nsc3ccccc23)CC1)c1ccccc1,99.0,-1.99563519459755,1,train,7.00436480540245,-1.7690404701803573,-0.22659472441719264,0.22659472441719264
CN1CCCN(CCn2ccc3ccc(Cl)cc32)CC1,34.0,-1.5314789170422551,0,train,7.468521082957745,-1.757755841440229,0.22627692439797387,0.22627692439797387
COc1ccccc1N1CCN(CCC(=O)NCc2ccccc2-c2ccccc2)CC1,187.0,-2.271841606536499,1,train,6.7281583934635005,-2.045604034486497,-0.22623757205000183,0.22623757205000183
CC1CCN(CC[C@@H](C)N(C)S(=O)(=O)c2ccc(Cl)c(Cl)c2)CC1,32.0,-1.505149978319906,0,train,7.494850021680094,-1.7310629110315938,0.22591293271168778,0.22591293271168778
O=C(CCC(F)N1CCC(O)(c2cccc(C(F)(F)F)c2)CC1)c1ccccc1,63.0,-1.7993405494535817,0,train,7.200659450546418,-2.0247517350450734,0.22541118559149176,0.22541118559149176
CN(C1CCN(CCOc2ccccc2-c2ccccc2)CC1)S(=O)(=O)c1cnn(C)c1,7.0,-0.8450980400142568,1,train,8.154901959985743,-1.0703926565079227,0.2252946164936659,0.2252946164936659
Clc1ccc(OCC2CCOC2)c(OC2CNC2)c1,766.0,-2.884228769632604,1,train,6.115771230367396,-2.659087216808598,-0.22514155282400594,0.22514155282400594
Cc1cccc(-n2cc(CN3CCN(c4ccccc4)CC3)c3ccccc32)c1,65.0,-1.8129133566428555,0,train,7.187086643357144,-2.038001492216044,0.22508813557318819,0.22508813557318819
O=c1cc(-c2ccccc2)ncn1CCCCCN1CCN(c2ccc(Cl)cc2)CC1,1310.0,-3.1172712956557644,1,train,5.882728704344236,-2.8925634207272117,-0.2247078749285527,0.2247078749285527
Cc1ccc(-c2cn(Cc3ccccc3)c3c2CNCC3)cc1,35.0,-1.5440680443502757,1,train,7.455931955649724,-1.7683689588739966,0.22430091452372092,0.22430091452372092
O=Cc1cccc(NCCCN2CCN(c3ccccc3)CC2)c1,13.0,-1.1139433523068367,1,train,7.886056647693163,-1.3381529537961852,0.22420960148934843,0.22420960148934843
O=C1Nc2ccccc2C12CCN(CCN1CCC(c3ccc(Cl)cc3)CC1)C2,284.0,-2.4533183400470375,1,train,6.546681659952963,-2.229461202147999,-0.22385713789903816,0.22385713789903816
COc1ccccc1-c1cccc(CCN(C)C)c1,8.4,-0.9242792860618817,1,train,8.075720713938118,-1.147529915036784,0.22325062897490233,0.22325062897490233
COc1ccccc1N1CCN(CCCCC(=O)NC2CCCc3ccccc32)CC1,7.525,-0.876506504265881,1,train,8.123493495734118,-1.0992620960014026,0.22275559173552162,0.22275559173552162
Clc1ccc(N2CCCN(CCCc3nc4ccccc4s3)CC2)cc1,2060.0,-3.3138672203691533,0,train,5.686132779630847,-3.091171075809283,-0.2226961445598703,0.2226961445598703
Cc1cccc(C)c1-c1cccc(OCCN(C)C)n1,1614.0,-3.2079035303860515,1,train,5.7920964696139485,-2.98526418945671,-0.22263934092934168,0.22263934092934168
O=S(=O)(NC1CCN(CCOc2ccccc2-c2ccccc2)CC1)c1ccc(F)c(F)c1,7.0,-0.8450980400142568,1,train,8.154901959985743,-1.0676638568705714,0.2225658168563146,0.2225658168563146
O=S(=O)(c1cccc(Cl)c1)c1n[nH]c2ccc(NC3CCNCC3)cc12,3970.0,-3.598790506763115,0,train,5.401209493236885,-3.376341290454891,-0.22244921630822434,0.22244921630822434
O=C(CCCCCN1CCN(c2cccc(C(F)(F)F)c2)CC1)c1ccccc1O,384.0,-2.584331224367531,0,train,6.415668775632469,-2.3622519850706527,-0.22207923929687823,0.22207923929687823
CN(C)CCN(Cc1ccc(-c2ccc(CNCCc3ccccc3)cc2)cc1)C(=O)C=Cc1ccccc1,1000.0,-3.0,0,train,6.0,-2.7781717082447837,-0.22182829175521634,0.22182829175521634
O=c1n(CCCCNCC2CCc3ccccc3O2)c(O)c2n1SCC2,493.0,-2.69284691927723,1,train,6.30715308072277,-2.471110589846539,-0.2217363294306911,0.2217363294306911
Cn1c(=O)c2c([nH]c(=O)n2CCCN2CCc3ccccc3C2)n(C)c1=O,16480.0,-4.216957207361097,0,train,4.783042792638903,-3.995246225288698,-0.2217109820723988,0.2217109820723988
CC(Oc1ccc(Cl)cc1OC1CNC1)c1ccc(Cl)c(Cl)c1,38.0,-1.5797835966168101,0,train,7.42021640338319,-1.8012519598792835,0.22146836326247366,0.22146836326247366
O=S(=O)(Nc1cc(Sc2cccc3cccnc23)c(O)c2ccccc12)c1ccc(F)cc1,4718.0,-3.6737579365495767,0,train,5.326242063450423,-3.4522937172892956,-0.22146421926028115,0.22146421926028115
CN1CCc2cccc3c2C1Cc1ccc2nc(N)sc2c1-3,9.9,-0.9956351945975499,1,train,8.00436480540245,-1.2170470638063677,0.22141186920881772,0.22141186920881772
Clc1ccc2ccn(CCN3CCCN4CCCCC4C3)c2n1,160.0,-2.2041199826559246,1,train,6.795880017344075,-2.4253941126754737,0.22127413001954865,0.22127413001954865
CCCN1CCC(COc2nc3c(Cl)cccc3c3ccccc23)CC1,1914.0,-3.281941933440825,1,train,5.718058066559175,-3.0606996794264636,-0.22124225401436126,0.22124225401436126
CCCN1CCC(COc2nc3c(F)cccc3c3ncccc23)CC1,1945.0,-3.2889196056617265,1,train,5.711080394338273,-3.067710808757755,-0.22120879690397155,0.22120879690397155
CNC1=Nc2c(OC(C)C)cccc2C(C)N1,2.4,-0.38021124171160603,0,train,8.619788758288394,-0.6010781075971363,0.22086686588553034,0.22086686588553034
O=C1Nc2cccc3c2C1(CCCCN1CCN(c2ccccc2[N+](=O)[O-])CC1)CCC3,24.0,-1.380211241711606,0,train,7.619788758288394,-1.1597177203091722,-0.22049352140243372,0.22049352140243372
COc1ccccc1N1CCN(CCCCN2C(=O)c3cccc4cccc2c34)CC1,63.0,-1.7993405494535817,0,train,7.200659450546418,-2.019718156845566,0.2203776073919843,0.2203776073919843
CC1CCN(CC[C@@H](C)N(C)S(=O)(=O)c2cc(Br)c(Br)s2)CC1,16.0,-1.2041199826559248,0,train,7.795880017344075,-1.4238003589770252,0.21968037632110038,0.21968037632110038
Nc1nc(NCCNc2cccc(Cl)c2Cl)nc(NCCc2c[nH]c3ccccc23)n1,1576.0,-3.1975562131535367,1,train,5.802443786846464,-2.978126131745353,-0.21943008140818376,0.21943008140818376
COc1ccccc1N1CCN(CCCCCCCn2c(=O)sc3ccccc32)CC1,8.5,-0.9294189257142927,0,train,8.070581074285707,-0.7101532324999994,-0.21926569321429346,0.21926569321429346
FC(F)(F)c1ccnc(COc2ccc(Cl)cc2OC2CNC2)c1,97.0,-1.9867717342662448,1,train,7.013228265733755,-2.205956879714924,0.21918514544867929,0.21918514544867929
NC(=O)[C@@H]1CCCN1C(=O)CCCCCN1CCN(c2ccccc2Cl)CC1,1312.0,-3.1179338350396413,1,train,5.882066164960358,-2.898952528196832,-0.21898130684280925,0.21898130684280925
COc1ccccc1CCNc1nc(N)nc(NCCc2c[nH]c3ccccc23)n1,196.0,-2.292256071356476,1,train,6.707743928643524,-2.510645786467952,0.21838971511147598,0.21838971511147598
Cc1c(NC2=NCCN2)cccc1-c1cccc(C#N)c1,170.0,-2.230448921378274,0,train,6.769551078621726,-2.0121911615349664,-0.21825775984330775,0.21825775984330775
Fc1ccc2c(C3CCN(CCCOc4ccc(Cc5nc6ccccc6o5)cc4)CC3)noc2c1,19.0,-1.2787536009528289,1,train,7.721246399047171,-1.4967192810838368,0.21796568013100792,0.21796568013100792
CC(C)c1ccccc1N1CCN(CCCCCC(=O)N2CCc3ccccc3C2)CC1,6.0,-0.7781512503836436,0,train,8.221848749616356,-0.996030042975467,0.2178787925918234,0.2178787925918234
O=S(=O)(NC1CCN(CCOc2ccccc2)CC1)c1cccs1,155.0,-2.1903316981702914,1,train,6.809668301829708,-2.408167047461079,0.2178353492907874,0.2178353492907874
COc1ccccc1N1CCN(CCCCCC(=O)NCc2ccc(C#N)cc2)CC1,296.0,-2.4712917110589387,1,train,6.528708288941061,-2.25348749730857,-0.21780421375036862,0.21780421375036862
O=C(NC1CCN(CCOc2ccccc2-c2ccccc2)C1)c1cccc(F)c1F,21.0,-1.3222192947339193,1,train,7.6777807052660805,-1.5398963828760117,0.2176770881420924,0.2176770881420924
Cc1c(S(=O)(=O)NCCCN2CCN(c3nsc4ccccc34)CC2)sc2ccc(F)cc12,25.0,-1.3979400086720377,0,train,7.6020599913279625,-1.1809065966927077,-0.2170334119793298,0.2170334119793298
Cc1ccc(S(=O)(=O)CC2CCN(CCCc3noc4cc(F)ccc34)C2)cc1C,204.0,-2.3096301674258988,1,train,6.690369832574101,-2.0928182084014524,-0.2168119590244464,0.2168119590244464
O=C1c2ccccc2CCCN1CCN1CCC(n2ccc3ccccc32)CC1,2.8,-0.4471580313422192,0,train,8.55284196865778,-0.6638854327548838,0.21672740141266456,0.21672740141266456
C#CCOc1c(OC)cc2c3c1-c1cc(NS(C)(=O)=O)ccc1CC3N(C)CC2,31.0,-1.4913616938342726,0,train,7.508638306165727,-1.7080723645470313,0.21671067071275862,0.21671067071275862
COc1ccc2[nH]c3c(c2c1)CCN(CCCCC12CCCc4cccc(c41)NC2=O)C3,30.0,-1.4771212547196624,0,train,7.522878745280337,-1.2605253342379796,-0.21659592048168275,0.21659592048168275
CC1(c2ccc(F)cc2)NC(=O)N(CC(O)CN2CCN(c3cccc(Cl)c3Cl)CC2)C1=O,17.0,-1.2304489213782739,1,train,7.769551078621726,-1.4468452257141018,0.21639630433582768,0.21639630433582768
COc1ccccc1N1CCN(CCCn2cnc3c2c(=O)n(C)c(=O)n3C)CC1,2210.0,-3.3443922736851106,0,train,5.655607726314889,-3.128289814599033,-0.2161024590860774,0.2161024590860774
NC(=O)c1ccc(F)c2c1CC(N(C1CCC1)C1CCC1)CO2,1900.0,-3.278753600952829,0,train,5.721246399047171,-3.0627350358814316,-0.21601856507139727,0.21601856507139727
O=C1[C@@H]2[C@H]3CC[C@H](C3)[C@@H]2C(=O)N1CCCCCCN1CCN(c2nsc3ccccc23)CC1,9.0,-0.9542425094393249,1,train,8.045757490560675,-1.1698826298078437,0.21564012036851898,0.21564012036851898
O=S(=O)(NC1CCN(CCOc2cccc(Br)c2)CC1)c1cccc(Br)c1,67.0,-1.8260748027008264,1,train,7.173925197299173,-2.0415492347647994,0.215474432063973,0.215474432063973
CN(CCN1CCN(c2ccccc2)CC1)c1cccc([N+](=O)[O-])c1,332.0,-2.5211380837040362,0,train,6.478861916295964,-2.3063398682029366,-0.21479821550109923,0.21479821550109923
Cc1ccc(-c2c3c(nn2C(C)C)CCNCC3)cc1,6.0,-0.7781512503836436,0,train,8.221848749616356,-0.9928732542333387,0.2147220038496951,0.2147220038496951
CC1(c2ccc(F)cc2)NC(=O)N(CC(O)CN2CCN(c3ccccc3C#N)CC2)C1=O,14.0,-1.146128035678238,1,train,7.853871964321762,-1.360011906290468,0.21388387061223013,0.21388387061223013
Cn1c(=O)c2c([nH]c(=O)n2CCCCN2CCN(c3cccc(Cl)c3)CC2)n(C)c1=O,3670.0,-3.5646660642520893,0,train,5.435333935747911,-3.351298067153839,-0.2133679970982505,0.2133679970982505
CN(CCCN1CCC(c2ccccc2)(c2ccccc2)CC1)c1cccc(O)c1,242.0,-2.383815365980431,0,train,6.616184634019569,-2.170587731057699,-0.213227634922732,0.213227634922732
COc1ccccc1-c1ccccc1OCCN(C)C,669.0,-2.8254261177678233,0,train,6.174573882232177,-2.6124563434413783,-0.21296977432644537,0.21296977432644537
COc1ccccc1N1CCN([C@H]2CC[C@H](N3C(=O)c4ccccc4C3=O)CC2)CC1,2045.0,-3.3106933123433606,0,train,5.689306687656639,-3.097797923219945,-0.21289538912341577,0.21289538912341577
O=S(=O)(NCCCCN1CC=C(c2c[nH]c3ccc(F)cc23)CC1)c1ccc2ccccc2c1,240.0,-2.380211241711606,1,train,6.619788758288394,-2.1674763824390344,-0.21273485927257152,0.21273485927257152
Clc1cnc(OCc2ccccc2)c(OC2CNC2)c1,359.0,-2.5550944485783194,1,train,6.44490555142168,-2.342418210173184,-0.21267623840513572,0.21267623840513572
O=S(=O)(NCCCCN1CCC(c2noc3cc(F)ccc23)CC1)c1ccc(Cl)c(Cl)c1,5.1,-0.7075701760979364,0,train,8.292429823902063,-0.4949799741898338,-0.21259020190810257,0.21259020190810257
COc1ccc(NC(=O)c2ccc(-c3ccc(-c4noc(C)n4)cc3C)cc2)cc1N1CCN(C)CC1,630.95,-2.799994944688714,0,train,6.200005055311286,-2.5876407926903817,-0.21235415199833207,0.21235415199833207
O=S(=O)(NCCCN1CCC(c2noc3cc(F)ccc23)CC1)c1csc2ccccc12,0.9,0.045757490560675115,1,train,9.045757490560675,-0.1663923855646015,0.2121498761252766,0.2121498761252766
N#Cc1ccccc1N1CCN(CCCCC23CCCc4cccc(c42)NC3=O)CC1,3.9,-0.5910646070264992,0,train,8.4089353929735,-0.8031127243945848,0.2120481173680856,0.2120481173680856
Cc1c(S(=O)(=O)N[C@H]2C[C@H](C)N(CCCc3noc4cc(F)ccc34)C2)sc2ccc(Cl)cc12,417.0,-2.6201360549737576,0,train,6.379863945026242,-2.408287950749005,-0.21184810422475264,0.21184810422475264
CSc1ccccc1N1CCN(CCCCCC(=O)NCc2ccc(OS(C)(=O)=O)cc2)CC1,148.0,-2.1702617153949575,0,train,6.8297382846050425,-1.9586707306212936,-0.21159098477366345,0.21159098477366345
COc1cc2c3c(c1OCC1CC1)-c1cc(NC(C)=O)ccc1CC3N(C)CC2,636.0,-2.803457115648414,0,train,6.196542884351587,-2.5919245365073498,-0.21153257914106405,0.21153257914106405
COc1ccc2c3c([nH]c2c1)CNCC3,1400.0,-3.146128035678238,0,train,5.853871964321762,-2.935008567204798,-0.2111194684734401,0.2111194684734401
O=S(=O)(c1cnc2ccccc2c1)N1CCC(CCN2CCN(c3ccc(Cl)cc3)CC2)CC1,40.0,-1.6020599913279623,0,train,7.3979400086720375,-1.813070403887802,0.21101041255983954,0.21101041255983954
O=C1c2ccccc2S(=O)(=O)N1CCCCCCN1CCN(c2ccc(Cl)cc2)CC1,487.0,-2.6875289612146345,0,train,6.3124710387853655,-2.476538212684907,-0.21099074852972732,0.21099074852972732
CC(C)n1nc2c(c1-c1ccc(C(F)(F)F)cc1)CCNCC2,15.0,-1.1760912590556813,1,train,7.823908740944319,-1.3869585147194763,0.21086725566379516,0.21086725566379516
O=[N+]([O-])c1ccc(-c2cccc(N3CCNCC3)c2)cc1,13.0,-1.1139433523068367,0,train,7.886056647693163,-1.3247159292674906,0.21077257696065388,0.21077257696065388
CCOc1ccccc1N1CCN(CC(O)CN2C(=O)NC(C)(c3ccccc3)C2=O)CC1,6.0,-0.7781512503836436,1,train,8.221848749616356,-0.9885194268129127,0.21036817642926908,0.21036817642926908
O=C1c2ccccc2S(=O)(=O)N1CCCCCN1CCN(c2cccc(C(F)(F)F)c2)CC1,35.0,-1.5440680443502757,0,train,7.455931955649724,-1.754245360778089,0.21017731642781334,0.21017731642781334
C=CCOc1cc(F)c(F)cc1C1CC1CN,1021.5,-3.0092383709684665,0,train,5.9907616290315335,-2.799120060102068,-0.21011831086639843,0.21011831086639843
O=S(=O)(NC1CCN(CCOc2ccc(Cl)cc2)CC1)c1ccccc1,2544.0,-3.4055171069763763,1,train,5.594482893023624,-3.1956233297362306,-0.20989377724014568,0.20989377724014568
CCc1nc2c(N3CCNCC3)ccnc2n1Cc1cccc(F)c1,12340.0,-4.091315159697223,0,train,4.908684840302777,-3.881486287756189,-0.2098288719410344,0.2098288719410344
Nc1ccc(S(=O)(=O)n2cc(C3=CCNCC3)c3ccccc32)cc1,1555.0,-3.1917303933628562,0,train,5.808269606637143,-3.401482981925321,0.20975258856246537,0.20975258856246537
O=S(=O)(NCCCCN1CC=C(c2c[nH]c3ccc(Cl)cc23)CC1)c1cccc(O)c1,61.0,-1.7853298350107671,1,train,7.214670164989233,-1.575604659372234,-0.2097251756385332,0.2097251756385332
CCOC(=O)c1cc(COc2ccc(Cl)cc2OC2CNC2)oc1C(F)(F)F,5000.0,-3.6989700043360187,0,train,5.301029995663981,-3.489395400559406,-0.2095746037766122,0.2095746037766122
CCSc1cc(OC)c(CCN)cc1OC,968.7,-2.9861892997368242,0,train,6.013810700263176,-2.7766802967869975,-0.20950900294982633,0.20950900294982633
CCC(Oc1cccc(Cl)c1Cl)c1nc(Nc2ccccc2)nc(N2CCN(C)CC2)n1,2673.0,-3.426998958756537,0,train,5.573001041243463,-3.2175630936301816,-0.20943586512635548,0.20943586512635548
FC(F)(F)c1ccc2c(c1)C(Oc1ccc(Br)cc1OC1CNC1)CC2,10.0,-1.0,0,train,8.0,-1.2094330333698462,0.2094330333698462,0.2094330333698462
CN(C)C1CCc2c(cccc2-c2cccc(F)c2)C1,18.0,-1.255272505103306,0,train,7.7447274948966935,-1.4644486986915235,0.20917619358821748,0.20917619358821748
Clc1ccc(OCc2ccccc2Cl)c(OC2CNC2)c1,23.0,-1.3617278360175928,1,train,7.638272163982407,-1.570810842846336,0.20908300682874326,0.20908300682874326
CC1(c2ccc(F)cc2)NC(=O)N(CC(O)CN2CCN(c3ccc(F)cc3)CC2)C1=O,837.0,-2.92272545799326,1,train,6.07727454200674,-2.713734248055506,-0.208991209937754,0.208991209937754
O=S(=O)(c1ccccc1)C1(CCCCN2CCC(c3ccccc3)C2)CCC1,13.0,-1.1139433523068367,0,train,7.886056647693163,-0.9051240053583683,-0.20881934694846838,0.20881934694846838
Cc1ccccc1Oc1ccc(Cl)cc1OC1CNC1,460.0,-2.662757831681574,0,train,6.337242168318426,-2.4540457217580482,-0.20871210992352562,0.20871210992352562
OC(COc1ccc2c(c1)CCC2)CN1CCN(c2ccc(Cl)cc2)CC1,1519.0,-3.1815577738627865,0,train,5.818442226137213,-2.973209265502279,-0.20834850836050745,0.20834850836050745
Cn1c(=O)c2c(ncn2CCCCN2CCN(c3ccc(Cl)c(Cl)c3)CC2)n(C)c1=O,179.0,-2.2528530309798933,1,train,6.747146969020107,-2.461087001880896,0.2082339709010026,0.2082339709010026
Fc1ccc2[nH]cc(CCCN3CCN(c4nsc5ccccc45)CC3)c2c1,2.2,-0.3424226808222063,1,train,8.657577319177793,-0.5504195079334465,0.20799682711124023,0.20799682711124023
CC(C)n1nc2c(c1-c1ccc(F)cc1)CCNCC2,7.95,-0.9003671286564703,1,train,8.09963287134353,-1.1079213208129486,0.2075541921564783,0.2075541921564783
CN1CCc2ccc3cnc4cccc5c4c3c2[C@H]1C5,27.0,-1.4313637641589874,0,train,7.568636235841012,-1.6389174862468463,0.20755372208785894,0.20755372208785894
O=C1c2cccc3cccc(c23)C(=O)N1CCCCCCN1CCN(c2ccccc2[N+](=O)[O-])CC1,710.0,-2.8512583487190755,0,train,6.1487416512809245,-2.643756976455976,-0.20750137226309961,0.20750137226309961
Clc1ccc(OCc2ccccn2)c(OC2CNC2)c1,387.0,-2.5877109650189114,1,train,6.412289034981089,-2.3802981548204296,-0.2074128101984818,0.2074128101984818
O[C@@H]1[C@H](O)[C@@H](CCl)O[C@H]1n1cnc2c(N[C@H]3C[C@H]4CC[C@@H]3C4)ncnc21,1240.0,-3.093421685162235,0,train,5.906578314837764,-2.886210722895574,-0.20721096226666136,0.20721096226666136
Cc1cccc(C)c1-c1ccc2c(c1)C[C@H](N(C)C)CO2,13.4,-1.1271047983648077,1,train,7.872895201635192,-1.3340578239586691,0.20695302559386142,0.20695302559386142
CN1CCCN(CCn2ccc3ccc(F)cc32)CC1,288.0,-2.459392487759231,0,train,6.5406075122407685,-2.252604293531108,-0.2067881942281229,0.2067881942281229
CN(C)CCCN1c2ccccc2CCc2ccc(Cl)cc21,127.0,-2.103803720955957,0,train,6.896196279044043,-2.310265003993686,0.20646128303772926,0.20646128303772926
O=S(=O)(c1cncc2ccccc12)N1CCC(CCN2CCN(c3cccc(Cl)c3)CC2)CC1,18.0,-1.255272505103306,0,train,7.7447274948966935,-1.4616485662657988,0.20637606116249274,0.20637606116249274
Fc1ccc2c(c1)CC(Oc1ccc(Cl)cc1OC1CNC1)C2,11.0,-1.0413926851582251,0,train,7.958607314841775,-1.2474410317739117,0.2060483466156866,0.2060483466156866
CCC1(CCCCN2CCC(c3ccc(F)cc3)CC2)C(=O)Nc2ccccc21,6.1,-0.785329835010767,1,train,8.214670164989233,-0.579285355055018,-0.20604447995574904,0.20604447995574904
CN(CCCCCCN1CCC(c2ccccc2)CC1)c1cccc(O)c1,226.0,-2.3541084391474008,1,train,6.645891560852599,-2.148140207474679,-0.20596823167272182,0.20596823167272182
COc1ccccc1N1CCN(CCCCn2c(=O)[nH]c3ccccc32)CC1,26.0,-1.414973347970818,1,train,7.585026652029182,-1.6206833935851632,0.20571004561434525,0.20571004561434525
O=C(CCCCCN1CCN(c2ccccc2-c2ccccc2)CC1)NCc1ccc(OCCCN2CCOCC2)cc1,9.5,-0.9777236052888477,0,train,8.022276394711152,-1.1832088240833911,0.2054852187945435,0.2054852187945435
CCN(CCN1CCC(c2noc3cc(F)ccc23)CC1)C(=O)C1CN(C)CCC1O,14.4,-1.1583624920952498,1,train,7.84163750790475,-0.9534952243270783,-0.20486726776817143,0.20486726776817143
OC1(c2ccc(Cl)cc2)CCN(CCCc2nc3ccccc3s2)CC1,190.0,-2.278753600952829,0,train,6.721246399047171,-2.4832254956996125,0.20447189474678362,0.20447189474678362
Cc1[nH]c2cccc(NC(=O)c3ccc(F)cc3)c2c1CCN(C)C,1460.0,-3.164352855784437,0,train,5.835647144215563,-2.960411072857906,-0.2039417829265311,0.2039417829265311
CN1CCCC1Cc1c[nH]c2ccc(NS(=O)(=O)c3cccc(Cl)c3)cc12,24.0,-1.380211241711606,0,train,7.619788758288394,-1.5839885329854733,0.20377729127386734,0.20377729127386734
O=C(c1ccc(Cl)cc1)C1CCN(CCN2CCCc3ccccc3C2=O)CC1,2.5,-0.3979400086720376,0,train,8.602059991327963,-0.6016979087573754,0.20375790008533778,0.20375790008533778
Cc1cccc(S(=O)(=O)NCCN2CC=C(c3c(C)[nH]c4ccc(Cl)cc34)CC2)c1,24.0,-1.380211241711606,1,train,7.619788758288394,-1.5839482748355855,0.20373703312397962,0.20373703312397962
C[C@H](Nc1cc(NCCOc2ccc(F)cc2)ccn1)c1ccccc1,0.4,0.3979400086720376,1,train,9.397940008672037,0.19431513467675032,0.20362487399528728,0.20362487399528728
CC(C)c1ccccc1OCCN1CCC(N(C)S(=O)(=O)c2cnn(C)c2)CC1,10.0,-1.0,0,train,8.0,-1.20354322948205,0.20354322948205006,0.20354322948205006
COc1ccccc1N1CCN(CCCCC(=O)NCc2ccccc2-c2ccccc2Cl)CC1,8.7,-0.9395192526186185,1,train,8.060480747381382,-1.1427901633636204,0.20327091074500203,0.20327091074500203
O=S(=O)(NCCCCN1CCC(c2noc3cc(F)ccc23)CC1)c1cccc2scnc12,13.0,-1.1139433523068367,1,train,7.886056647693163,-0.9109344904192502,-0.2030088618875865,0.2030088618875865
O=S(=O)(c1cccc2ncccc12)N1CC[C@@H]1CCN1CCN(c2nsc3ccccc23)CC1,57.0,-1.7558748556724915,0,train,7.2441251443275085,-1.5529942754486294,-0.20288058022386224,0.20288058022386224
O=S(=O)(c1ccccc1)N1C=Cc2ccccc2C1c1c[nH]c2ccccc12,1473.0,-3.168202746842631,0,train,5.831797253157369,-2.965623442467637,-0.20257930437499372,0.20257930437499372
O=S(=O)(c1ccccc1)N(CCCN1CCN(c2ccccc2)CC1)c1cccc(O)c1,12.0,-1.0791812460476249,0,train,7.920818753952375,-1.2817360865029213,0.20255484045529637,0.20255484045529637
Cc1cccc(-c2n[nH]c3c2CCNCC3)c1,1436.0,-3.1571544399062814,1,train,5.842845560093719,-2.95464794280686,-0.20250649709942126,0.20250649709942126
COc1ccc(-c2ccc(F)c(C)c2)cc1OC1CNC1,770.02,-2.8865020054021393,0,train,6.113497994597861,-2.6841111753856444,-0.20239083001649538,0.20239083001649538
Cc1c(N=C2NCCN2)cccc1-c1ccccc1,16.0,-1.2041199826559248,1,train,7.795880017344075,-1.4063755458676082,0.20225556321168336,0.20225556321168336
Cc1cccc(S(=O)(=O)N2CCC[C@@H]2CCN2CCC(C)CC2)c1,3.137142857142857,-0.49653429576379743,0,train,8.503465704236202,-0.6986232167572642,0.20208892099346687,0.20208892099346687
C[C@H](Nc1ccnc(NCCOc2ccccc2)n1)c1ccccc1,2.0,-0.3010299956639812,1,train,8.698970004336019,-0.5026653542221383,0.20163535855815712,0.20163535855815712
CCc1cc2c(ccc3cnn(CC(C)N)c32)o1,177.0,-2.247973266361807,0,train,6.752026733638193,-2.449407949105515,0.20143468274370813,0.20143468274370813
O=S(=O)(c1cncc2ccccc12)N1CC[C@@H]1CCN1CCN(c2nsc3ccccc23)CC1,51.0,-1.7075701760979363,0,train,7.292429823902063,-1.506346901845382,-0.2012232742525546,0.2012232742525546
O=S(=O)(c1ccccc1)C1(CCCN2CCN(c3ccccc3)CC2)CCC1,22.0,-1.3424226808222062,0,train,7.657577319177793,-1.543465442274872,0.20104276145266575,0.20104276145266575
COc1ccccc1-c1cccc(N2CCNCC2)c1,8.2,-0.9138138523837167,0,train,8.086186147616283,-1.1145629954872454,0.20074914310352854,0.20074914310352854
OC1(c2ccc(Cl)cc2)CCN(CCCCc2nc3ccccc3s2)CC1,983.0,-2.9925535178321354,0,train,6.007446482167865,-2.792109506695866,-0.2004440111362693,0.2004440111362693
OC1(c2ccc(Cl)cc2)CCN(CCCSc2ccc(F)cc2)CC1,1044.0,-3.0187004986662433,0,train,5.981299501333757,-2.8185662775872027,-0.2001342210790411,0.2001342210790411
COc1ccc(COc2ccc(Br)cc2OC2CNC2)cc1Cl,4.0,-0.6020599913279624,0,train,8.397940008672037,-0.8020520355780262,0.19999204425006378,0.19999204425006378
CN(C)CCSc1cccc(-c2ccoc2)n1,26.0,-1.414973347970818,1,train,7.585026652029182,-1.2157075828544948,-0.1992657651163232,0.1992657651163232
CCOCC(Oc1c(C)cccc1Cl)N1CCN(c2ccccc2OC)CC1,34.0,-1.5314789170422551,0,train,7.468521082957745,-1.3322433069900907,-0.1992356100521644,0.1992356100521644
Cn1ccc2cc3c(cc21)CCN3C(=O)Nc1cccnc1,1000.0,-3.0,0,train,6.0,-2.800996423451947,-0.19900357654805312,0.19900357654805312
COc1ccc(F)cc1OC(C)c1nc(N)nc(N2CCN(C)CC2)n1,107900.0,-5.033021444682911,0,train,3.9669785553170893,-4.834067058522092,-0.1989543861608185,0.1989543861608185
Clc1ccc(OC2CCc3ccc(Cl)cc32)c(OC2CNC2)c1,17.0,-1.2304489213782739,1,train,7.769551078621726,-1.429361766562803,0.19891284518452879,0.19891284518452879
COc1ccc(CNC(=O)CCCCCN2CCN(c3ncccc3-c3ccncc3)CC2)cc1,26.0,-1.414973347970818,0,train,7.585026652029182,-1.613814129847907,0.19884078187708898,0.19884078187708898
O=c1[nH]c(CCCCCN2CCN(c3cccc(Cl)c3)CC2)nc2ccccc12,12.0,-1.0791812460476249,1,train,7.920818753952375,-1.277933818908696,0.19875257286107106,0.19875257286107106
O=S(=O)(NCCCCN1CCN(c2cccc(Cl)c2Cl)CC1)c1cncc2ccccc12,21.0,-1.3222192947339193,0,train,7.6777807052660805,-1.5208228142619498,0.19860351952803046,0.19860351952803046
O=C(NCC1CCN(CCOc2ccccc2-c2ccccc2)CC1)c1ccc2ccccc2n1,334.0,-2.5237464668115646,0,train,6.476253533188435,-2.325570491059686,-0.19817597575187884,0.19817597575187884
COc1ccccc1CCN1C2C3C4CC5C6C4C2C6C1(O)C53,3505.0,-3.5446880223026773,0,train,5.455311977697322,-3.346549272559493,-0.19813874974318413,0.19813874974318413
Cc1cn2c3c(=O)n(C)c(=O)n(C)c3nc2n1CCCCN1CCN(c2ccccc2O)CC1,510.0,-2.7075701760979363,0,train,6.292429823902063,-2.5096454324843283,-0.197924743613608,0.197924743613608
COc1ccccc1N1CCN(Cc2cn(-c3cccc4ccccc34)c3ccccc23)CC1,4.5,-0.6532125137753437,0,train,8.346787486224656,-0.8508586158540067,0.19764610207866296,0.19764610207866296
O=S(=O)(NC1CCN(CCOc2ccccc2I)CC1)c1ccccc1,64.0,-1.806179973983887,1,train,7.1938200260161125,-2.0034433068498143,0.19726333286592723,0.19726333286592723
CCOc1ccccc1N1CCN(CC(O)CN2C(=O)NC(C)(c3ccc(F)cc3)C2=O)CC1,10.0,-1.0,1,train,8.0,-1.1971880892707527,0.1971880892707527,0.1971880892707527
O=C1Nc2ccccc2C1CCCCN1CCN(c2ccccc2)CC1,16.0,-1.2041199826559248,1,train,7.795880017344075,-1.0078022394136839,-0.19631774324224094,0.19631774324224094
O=C1Nc2ccccc2C12CCN(CCN1CCN(c3ccc(Cl)cc3)CC1)C2,29.0,-1.462397997898956,0,train,7.537602002101044,-1.6586035941624757,0.19620559626351963,0.19620559626351963
CCOc1ccccc1N1CCN(CCCCCn2c(C)nc3ccccc3c2=O)CC1,8.4,-0.9242792860618817,0,train,8.075720713938118,-1.1204571395957574,0.19617785353387585,0.19617785353387585
CSc1ccccc1N1CCN(CCCCC(=O)N2Cc3ccccc3C[C@H]2C(N)=O)CC1,51.0,-1.7075701760979363,1,train,7.292429823902063,-1.9037458959110898,0.1961757198131533,0.1961757198131533
CCCN1CCC(COc2nc3c(I)cccc3c3ncccc23)CC1,1018.0,-3.00774777800074,0,train,5.99225222199926,-2.811699484089644,-0.19604829391109613,0.19604829391109613
CSc1ccccc1N1CCN(CCCCC2NC(C3CCCCC3)=NNC2=O)CC1,6.0,-0.7781512503836436,0,train,8.221848749616356,-0.9736992701997373,0.1955480198160937,0.1955480198160937
CC1CCN(CC[C@@H](C)C(C)S(=O)(=O)c2cc(Br)c(Br)cc2-c2cccs2)CC1,16.0,-1.2041199826559248,0,train,7.795880017344075,-1.3996581413354852,0.19553815867956037,0.19553815867956037
Cn1c(=O)c2cc(OCCCN3CCN(c4cccc5sccc45)CC3)ccc2n(C)c1=O,606.0,-2.782472624166286,0,train,6.217527375833714,-2.5869606920633457,-0.19551193210294038,0.19551193210294038
O=C1c2ccccc2S(=O)(=O)N1CCCCCN1CCN(c2ccc(Cl)cc2)CC1,191.0,-2.2810333672477277,0,train,6.718966632752272,-2.476538212684907,0.19550484543717905,0.19550484543717905
O=S(=O)(NCCCCCCN1CCN(c2nsc3ccccc23)CC1)c1ccc2ccccc2c1,31.0,-1.4913616938342726,1,train,7.508638306165727,-1.2959350324019316,-0.195426661432341,0.195426661432341
COc1ccccc1N1CCN(CCCN2C(=O)N(C)C(=O)C2(c2ccccc2)c2ccccc2)CC1,210.0,-2.322219294733919,1,train,6.6777807052660805,-2.1274839881475818,-0.1947353065863373,0.1947353065863373
CCn1cncc1-c1c[nH]c2ccc(I)cc12,6.0,-0.7781512503836436,1,train,8.221848749616356,-0.9728596683507718,0.19470841796712812,0.19470841796712812
CCn1cncc1-c1c[nH]c2ccc(OC)cc12,30.0,-1.4771212547196624,1,train,7.522878745280337,-1.6712659086120316,0.19414465389236923,0.19414465389236923
O=C(C=Cc1ccccc1)N(Cc1ccc(-c2ccc(CNCCc3ccccc3)cc2)cc1)Cc1cccnc1,1259.0,-3.1000257301078626,0,train,5.899974269892137,-2.9064539360414217,-0.19357179406644054,0.19357179406644054
CN1CCc2ccc(OCCCN3CCN(c4nsc5ccccc45)CC3)cc2C1=O,16.8,-1.2253092817258628,1,train,7.774690718274137,-1.4187216676183707,0.19341238589250787,0.19341238589250787
COc1ccc(-c2cccc(C)c2)cc1OC1CNC1,1000.0,-3.0,1,train,6.0,-2.8068088018145967,-0.1931911981854033,0.1931911981854033
C[C@@H]1SC(c2ccccc2)=N[C@@H]1Cc1c[nH]cn1,3300.0,-3.5185139398778875,0,train,5.481486060122112,-3.32547231733419,-0.1930416225436975,0.1930416225436975
CC(=O)OC1CCc2ccc(/N=C/N3CCc4ccccc4C3)cc21,100.0,-2.0,0,train,7.0,-2.1928709009657172,0.19287090096571724,0.19287090096571724
COc1ccccc1N1CCN(CCCOc2c(C)cccc2C)CC1,26.0,-1.414973347970818,0,train,7.585026652029182,-1.6077519026533182,0.19277855468250027,0.19277855468250027
COc1ccc2[nH]cc(CCNCc3ccc(-c4ccc(Cl)cc4)o3)c2c1,2170.0,-3.3364597338485296,1,train,5.66354026615147,-3.1440188303856735,-0.19244090346285603,0.19244090346285603
C[C@H](Nc1ccnc(NCCOc2ccccc2)c1)c1ccccc1,0.4,0.3979400086720376,1,train,9.397940008672037,0.20560855681180581,0.1923314518602318,0.1923314518602318
O=S(=O)(c1cccc2ncccc12)N1CCC[C@H]1CCN1CCN(c2noc3ccccc23)CC1,7.0,-0.8450980400142568,1,train,8.154901959985743,-1.037284121879538,0.19218608186528108,0.19218608186528108
Clc1ccc(OCc2nccs2)c(OC2CNC2)c1,681.0,-2.833147111912785,1,train,6.166852888087215,-2.641483716415085,-0.19166339549770006,0.19166339549770006
CC(Oc1ccc(Cl)cc1OC1CN(C(C)(C)C)C1)c1cccc(C(F)(F)F)c1,15.0,-1.1760912590556813,0,train,7.823908740944319,-1.3675798006915818,0.19148854163590068,0.19148854163590068
CN1CCc2ccc(OCCCCN3CCN(c4cccc(C(F)(F)F)c4)CC3)cc2C1=O,23.6,-1.3729120029701065,0,train,7.627087997029894,-1.5640922496998113,0.19118024672970502,0.19118024672970502
O=C(c1ccccc1)c1ccc(Br)cc1OC1CNC1,98.0,-1.9912260756924949,0,train,7.008773924307505,-1.8001220124267554,-0.19110406326573948,0.19110406326573948
COc1ccc(/C=C2\NC(=O)N(CCCN3CCN(c4ncccn4)CC3)C2=O)cc1OC,74.0,-1.8692317197309762,1,train,7.130768280269024,-2.0603144751311158,0.19108275540013975,0.19108275540013975
COc1ccc(-c2cccc(C)c2C)cc1OC1CNC1,11.0,-1.0413926851582251,1,train,7.958607314841775,-1.2322814175812746,0.1908887324230495,0.1908887324230495
COc1ccccc1N1CCN(CCCCCC(=O)NCc2ccncc2)CC1,389.0,-2.5899496013257077,1,train,6.410050398674292,-2.399433648845451,-0.19051595248025732,0.19051595248025732
c1ccc(-c2noc3c2CCNCC3)cc1,319.0,-2.503790683057181,1,train,6.496209316942819,-2.3137612952176125,-0.19002938783956846,0.19002938783956846
O=C(NC1CCN(CCSc2cccc(Cl)c2Cl)C1)c1ccc2ccccc2n1,1108.0,-3.044539760392411,0,train,5.955460239607589,-2.854548199867171,-0.18999156052524002,0.18999156052524002
CCCN(C(C)C)[C@H]1COc2cccc(C(N)=O)c2C1,88.0,-1.9444826721501687,0,train,7.055517327849831,-2.1344381010032785,0.18995542885310956,0.18995542885310956
O=C(c1ccc2ccccc2c1)c1ccc(Br)cc1OC1CNC1,15.0,-1.1760912590556813,1,train,7.823908740944319,-1.3650541797416802,0.18896292068599907,0.18896292068599907
CN1CC[C@@H](Oc2ccc(Cl)cc2OCc2ccccc2)C1,500.0,-2.6989700043360187,1,train,6.301029995663981,-2.510161544532121,-0.18880845980389793,0.18880845980389793
CC(C)c1ccccc1OCCN1CCC(NS(=O)(=O)c2cccnc2)CC1,72.0,-1.8573324964312685,1,train,7.142667503568731,-1.668588639000367,-0.18874385743090127,0.18874385743090127
[C]C1([O])c2ccccc2-c2ccc(C(=O)N=C([N])[N])cc21,4.3,-0.6334684555795865,0,train,8.366531544420413,-0.4451725139033214,-0.18829594167626512,0.18829594167626512
O=C(CCCCCN1CCN(Cc2ccccc2)CC1)n1c2ccccc2c2ccccc21,126.5,-2.1020905255118367,0,train,6.897909474488163,-2.2903374155693235,0.18824689005748674,0.18824689005748674
NC(=O)[C@@H]1Cc2ccccc2CN1C(=O)CCCCCN1CCN(c2cccc(Cl)c2Cl)CC1,95.0,-1.9777236052888478,0,train,7.022276394711152,-2.165763237738628,0.18803963244977995,0.18803963244977995
OC1(c2ccc(Cl)c(C(F)(F)F)c2)CCN(CCCN(c2ccc(F)cc2)c2ccc(F)cc2)CC1,1574.0,-3.1970047280230456,0,train,5.802995271976954,-3.009252996108151,-0.18775173191489447,0.18775173191489447
CCn1cncc1-c1c[nH]c2ccc(C(N)=O)cc12,5.0,-0.6989700043360189,0,train,8.301029995663981,-0.8865611318702651,0.18759112753424623,0.18759112753424623
S=c1n(CCCCCCN2CCN(c3cccc(Cl)c3)CC2)c2cccc3c2n1CCC3,171.0,-2.2329961103921536,0,train,6.767003889607846,-2.0456727934235617,-0.18732331696859195,0.18732331696859195
COc1ccccc1N1CCN(CCCCCC(=O)NC2CCCc3ccccc32)CC1,6.626666666666666,-0.8212951253416321,1,train,8.178704874658369,-1.0085514915808562,0.18725636623922415,0.18725636623922415
CSc1ccccc1OCCN1CCC(NC(=O)c2cccs2)CC1,1144.0,-3.058426024457005,0,train,5.941573975542995,-2.8712414759478913,-0.18718454850911392,0.18718454850911392
CC(C)c1ccccc1OCC(O)CN1CCC(NS(=O)(=O)c2cccc(F)c2)CC1,213.0,-2.3283796034387376,0,train,6.671620396561263,-2.141293663144534,-0.18708594029420356,0.18708594029420356
COc1ccc(CCN2C3C4C5CC6C7C5C3C7C2(O)C64)cc1,6259.0,-3.7965049515532963,0,train,5.203495048446704,-3.609705818463531,-0.1867991330897647,0.1867991330897647
COc1ccc2c(c1)c(-c1cnc(N)[nH]1)cn2S(=O)(=O)c1ccccc1,1148.0,-3.059941888061955,0,train,5.940058111938045,-3.2457697880718355,0.1858279000098806,0.1858279000098806
CC(C)c1ccccc1OCCN1CCC(NC(=O)Nc2cccc(Cl)c2)CC1,264.0,-2.4216039268698313,0,train,6.578396073130168,-2.2359398396117482,-0.18566408725808348,0.18566408725808348
Fc1ccc(CCOc2ccc(Cl)cc2OC2CNC2)cc1,5.0,-0.6989700043360189,0,train,8.301029995663981,-0.8842770878867603,0.18530708355074144,0.18530708355074144
COc1ccc(-c2ccccc2N2CCN(CCCCCC(=O)NCc3ccc(F)nc3)CC2)cc1,3.8,-0.5797835966168101,1,train,8.42021640338319,-0.7646651829692206,0.18488158635241048,0.18488158635241048
Clc1ccc(OC2Cc3ccccc3C2)c(OC2CNC2)c1,7.0,-0.8450980400142568,1,train,8.154901959985743,-1.0299701229595346,0.1848720829452778,0.1848720829452778
O=S(=O)(NCCN1CC=C(c2c[nH]c3ccc(Cl)cc23)CC1)c1ccc2ccccc2c1,69.0,-1.8388490907372552,1,train,7.161150909262744,-1.6540789235410691,-0.1847701671961861,0.1847701671961861
[C]O[C]C1(O[C])c2ccccc2-c2ccc(C(=O)N=C([N])[N])cc21,0.76,0.11918640771920865,0,train,9.119186407719209,-0.06510932939329683,0.18429573711250544,0.18429573711250544
CC(Oc1ccc(Cl)cc1OC1CNC1)c1cccc(C#N)c1,104.0,-2.0170333392987803,0,train,6.982966660701219,-1.8328979214944547,-0.18413541780432552,0.18413541780432552
O=S(=O)(c1ccc2cc[nH]c2c1)N1CCC[C@@H]1CCN1CCC(c2cc3ccccc3[nH]2)CC1,6.3,-0.7993405494535817,0,train,8.200659450546418,-0.6152996016060767,-0.18404094784750502,0.18404094784750502
CCC1(CCCCN2CCN(c3ccccc3)CC2)C(=O)N(C)c2ccccc21,33.38,-1.523486332343228,1,train,7.476513667656772,-1.3394943426098285,-0.18399198973339947,0.18399198973339947
CCN(CCN1CCC(c2noc3ccc(F)cc23)CC1)C(=O)[C@H](C)O,22.6,-1.354108439147401,0,train,7.645891560852599,-1.1701180313403983,-0.1839904078070027,0.1839904078070027
O=C(CCCCN1CCC(c2ccccc2)CC1)c1nc2ccccc2s1,107.0,-2.0293837776852097,1,train,6.97061622231479,-2.213207756459198,0.18382397877398837,0.18382397877398837
O=C(CCCCN1CCC(c2ccccc2)CC1)n1c2ccccc2c2ccccc21,152.0,-2.1818435879447726,0,train,6.818156412055227,-2.365447087620109,0.1836034996753364,0.1836034996753364
O=S(=O)(c1ccnc2ccccc12)N1CCCC[C@@H]1CCN1CCN(c2nsc3ccccc23)CC1,69.0,-1.8388490907372552,1,train,7.161150909262744,-1.6556669457017006,-0.18318214503555463,0.18318214503555463
Cn1nnc2ccc(COc3ccc(Cl)cc3OC3CNC3)cc21,95.0,-1.9777236052888478,0,train,7.022276394711152,-1.794791889899531,-0.18293171538931707,0.18293171538931707
O=C(CCCCN1CCN(c2ccc(Cl)cc2)CC1)c1nc2ccccc2s1,2917.0,-3.4649364291217326,1,train,5.535063570878267,-3.282011356455492,-0.18292507266624058,0.18292507266624058
CN(C)CCc1cn(-c2ccccc2)c2ccccc12,1200.0,-3.0791812460476247,0,train,5.920818753952375,-2.896282442440971,-0.18289880360665345,0.18289880360665345
CN1C(=O)N(CC(O)CN2CCN(c3ccccc3)CC2)C(c2ccccc2)(c2ccccc2)C1=O,353.0,-2.5477747053878224,0,train,6.452225294612178,-2.3649958057527,-0.18277889963512228,0.18277889963512228
COc1ccccc1N1CCN(Cc2cn(-c3ccccc3)c3ccccc23)CC1,11.0,-1.0413926851582251,0,train,7.958607314841775,-1.223881267484479,0.18248858232625387,0.18248858232625387
CC(N)Cc1ccc2c(c1)OCO2,3547.7,-3.5499468879767333,0,train,5.450053112023267,-3.367572091630659,-0.18237479634607423,0.18237479634607423
O=S(=O)(NC1CCN(CCCOc2ccccc2-c2ccccc2)CC1)c1ccc(F)cc1,58.0,-1.7634279935629373,0,train,7.236572006437063,-1.5811960305634605,-0.18223196299947664,0.18223196299947664
O=C1Nc2ccccc2C12CCN(CCN1CCN(c3ccc(F)cc3)CC1)C2,21.0,-1.3222192947339193,1,train,7.6777807052660805,-1.5037948555280494,0.18157556079413006,0.18157556079413006
CC1(c2ccc(F)cc2)NC(=O)N(CC(O)CN2CCN(c3ccc(Cl)c(Cl)c3)CC2)C1=O,141.0,-2.1492191126553797,0,train,6.85078088734462,-2.330491174285975,0.18127206163059473,0.18127206163059473
Cc1cc(Oc2nccc3occc23)ccc1-c1c(C)ncc2nccn12,7800.0,-3.8920946026904804,0,train,5.107905397309519,-3.7111804617386177,-0.1809141409518622,0.1809141409518622
COc1ccc2[nH]cc(C3CC(=O)N(CCCCN4CCC(c5c[nH]c6ccc(F)cc56)CC4)C3=O)c2c1,641.0,-2.8068580295188172,1,train,6.193141970481182,-2.626039050994754,-0.1808189785240626,0.1808189785240626
Clc1ccc(-c2cn(Cc3ccccc3)c3c2CNCC3)c(Cl)c1,2067.0,-3.3153404766272883,1,train,5.684659523372712,-3.13477119883683,-0.1805692777904584,0.1805692777904584
FC(F)(F)c1cccc(N2CCN(Cc3ccccc3-c3ccccc3)CC2)c1,1660.0,-3.220108088040055,0,train,5.779891911959945,-3.039770369074108,-0.18033771896594697,0.18033771896594697
Cc1ccc2c(OCCN3CCC(Cc4ccc5c(c4)NC(=O)CO5)CC3)cccc2n1,200.0,-2.3010299956639813,0,train,6.698970004336019,-2.120698650373464,-0.1803313452905173,0.1803313452905173
O=S(=O)(NCC1CCN(CCOc2ccccc2-c2ccccc2)CC1)c1ccc(Cl)s1,20.0,-1.3010299956639813,0,train,7.698970004336019,-1.481150923042765,0.18012092737878382,0.18012092737878382
c1ccc(-c2cccc(N3CCNCC3)c2)cc1,25.0,-1.3979400086720377,0,train,7.6020599913279625,-1.5779602593113728,0.18002025063933536,0.18002025063933536
Cn1c(=O)c2c(nc3n(CCCCCN4CCN(c5ccccc5O)CC4)ccn23)n(C)c1=O,230.0,-2.361727836017593,1,train,6.638272163982407,-2.5417432709310415,0.1800154349134484,0.1800154349134484
Cc1ccccc1OC1CCN(CCC2CCCc3ccccc3C2=O)CC1,11.0,-1.0413926851582251,0,train,7.958607314841775,-1.221366882187495,0.17997419702926987,0.17997419702926987
O=c1c2cnc3ccccc3c2ncn1CCCCN1CCN(c2ccccc2F)CC1,739.0,-2.8686444383948255,0,train,6.131355561605174,-2.688859126449073,-0.1797853119457522,0.1797853119457522
NC(=O)[C@@H]1CCCN1C(=O)CCCCCCN1CCN(c2noc3ccccc23)CC1,101.0,-2.0043213737826426,0,train,6.995678626217357,-1.8246459292991148,-0.17967544448352735,0.17967544448352735
CC(=O)N1CCN(CCCCCC(=O)n2c3ccccc3c3ccccc32)CC1,2340.0,-3.369215857410143,0,train,5.630784142589857,-3.189836967830057,-0.17937888958008585,0.17937888958008585
CC1CCN(CC[C@H]2CCCN2S(=O)(=O)c2ccc3c(c2)NCC3)CC1,23.0,-1.3617278360175928,1,train,7.638272163982407,-1.1823731754451432,-0.17935466057244964,0.17935466057244964
O=C1c2ccccc2S(=O)(=O)N1CCCCCN1CCN(c2cccc3ccccc23)CC1,36.0,-1.5563025007672873,0,train,7.443697499232712,-1.735548312811038,0.17924581204375079,0.17924581204375079
COc1ccccc1N1CCN(CCCCC(=O)c2cccc(O)c2)CC1,15.0,-1.1760912590556813,0,train,7.823908740944319,-1.354986450244258,0.17889519118857677,0.17889519118857677
O=S(=O)(NCCN1CCC(c2noc3cc(F)ccc23)CC1)c1ccc2ccccc2c1,0.4,0.3979400086720376,1,train,9.397940008672037,0.2190761956786222,0.17886381299341542,0.17886381299341542
Clc1ccc(Oc2ccc3ccccc3c2)c(OC2CNC2)c1,16.0,-1.2041199826559248,1,train,7.795880017344075,-1.3828478919947416,0.17872790933881677,0.17872790933881677
Cn1c(=O)c2c(ncn2CCCCCN2CCc3ccccc3C2)n(C)c1=O,1009.0,-3.0038911662369103,0,train,5.99610883376309,-2.8252067284506936,-0.17868443778621668,0.17868443778621668
COc1ccccc1N1CCN(Cc2ccn(-c3ccccc3C(F)(F)F)c2)CC1,105.0,-2.0211892990699383,0,train,6.978810700930062,-1.8425625267884806,-0.17862677228145762,0.17862677228145762
CC(C)(C)n1nc2c(c1-c1ccccc1)CCNCC2,30.0,-1.4771212547196624,0,train,7.522878745280337,-1.6557423486090934,0.17862109388943104,0.17862109388943104
Cn1c2c(c3ccccc31)CCN(CCCCC13CCCc4cccc(c41)NC3=O)C2,19.0,-1.2787536009528289,0,train,7.721246399047171,-1.100149881302458,-0.17860371965037092,0.17860371965037092
Fc1cccc(-c2n[nH]cc2N2CCCNCC2)c1,22.5,-1.3521825181113625,1,train,7.647817481888637,-1.5305763568376127,0.17839383872625025,0.17839383872625025
CCN(CCN1CCC(c2noc3cc(F)ccc23)CC1)C(=O)C1(O)CCCN(C(C)=O)C1,10.6,-1.0253058652647702,0,train,7.97469413473523,-0.8469451492320327,-0.1783607160327375,0.1783607160327375
CN1CCN(c2nc(N)nc(C(C)(C)Oc3ccccc3Cl)n2)CC1,5633.0,-3.7507397512353506,0,train,5.249260248764649,-3.57252256276861,-0.17821718846674095,0.17821718846674095
Cn1cc(S(=O)(=O)N(CC2CC2)C2CCN(CCOc3ccccc3-c3ccccc3)CC2)cn1,10.0,-1.0,0,train,8.0,-1.178144595018535,0.17814459501853497,0.17814459501853497
COc1ccc(/C=C2\NC(=O)N(CCCN3CCN(c4cccc(Cl)c4Cl)CC3)C2=O)cc1OC,22.0,-1.3424226808222062,1,train,7.657577319177793,-1.1645341170257113,-0.17788856379649487,0.17788856379649487
O=S(=O)(NCCCN1CCC(c2noc3cc(F)ccc23)CC1)c1ccc(Cl)c(Cl)c1,1.2,-0.07918124604762482,1,train,8.920818753952375,-0.256993939006351,0.17781269295872618,0.17781269295872618
CC(=O)Nc1cccc(N2CCN(CCCCNS(=O)(=O)CC3CCCCC3)CC2)c1,700.0,-2.845098040014257,0,train,6.154901959985743,-2.6675572644134515,-0.1775407756008054,0.1775407756008054
O=S(=O)(NC1CCN(CCOc2cccc(Cl)c2)CC1)c1ccccc1,1342.0,-3.1277525158329733,1,train,5.872247484167026,-2.9511295686398182,-0.17662294719315508,0.17662294719315508
Cc1[nH]c2ccc(O)cc2c1CCN1CCN(c2cccc3ccccc23)CC1,13.0,-1.1139433523068367,0,train,7.886056647693163,-1.290432615192128,0.1764892628852912,0.1764892628852912
Fc1ccc(-c2noc3c2CCNCC3)cc1,53.0,-1.724275869600789,1,train,7.275724130399211,-1.9006828285780364,0.17640695897724745,0.17640695897724745
CCCN1CCc2cccc3c2C1Cc1cc2sc(N)nc2cc1-3,132.0,-2.12057393120585,1,train,6.8794260687941495,-1.9441994671184704,-0.17637446408737967,0.17637446408737967
C[C@H](Nc1cc(NCCc2ccc(F)cc2)ncn1)c1ccccc1,5.0,-0.6989700043360189,1,train,8.301029995663981,-0.8751234821863274,0.17615347785030855,0.17615347785030855
OC1(COc2cc(Br)ccc2OCc2cccc(Cl)c2)CNC1,665.0,-2.8228216453031045,1,train,6.1771783546968955,-2.6477640401475906,-0.17505760515551394,0.17505760515551394
Fc1cccc(-c2n[nH]c3c2CCNCC3)c1,1243.0,-3.094471128641645,1,train,5.905528871358355,-2.919641489614068,-0.17482963902757698,0.17482963902757698
Clc1cccc(Oc2ccc(Br)cc2OC2CNC2)c1,7.0,-0.8450980400142568,1,train,8.154901959985743,-1.0197644571156312,0.17466641710137443,0.17466641710137443
CN1CCCN(CCn2ccc3ccc(C(F)(F)F)cc32)CC1,23.0,-1.3617278360175928,0,train,7.638272163982407,-1.536387629581861,0.1746597935642682,0.1746597935642682
COc1ccccc1N1CCN(CCOCCOc2c(C)cc(C)cc2C)CC1,70.0,-1.845098040014257,0,train,7.154901959985743,-2.019627457360787,0.17452941734652994,0.17452941734652994
Clc1ccc(-c2ccccc2Cl)cc1OC1CNC1,8.89,-0.9489017609702137,1,train,8.051098239029786,-1.1234262983980066,0.17452453742779295,0.17452453742779295
O=C(NC1CCN(CCOc2ccccc2-c2ccccc2)CC1)c1cccc(F)c1,391.0,-2.5921767573958667,1,train,6.407823242604133,-2.4176852392863015,-0.1744915181095652,0.1744915181095652
COc1cccc(Oc2ccc(Br)cc2OC2CNC2)c1,43.0,-1.6334684555795864,0,train,7.366531544420414,-1.4590064299504828,-0.17446202562910362,0.17446202562910362
Cc1ccccc1OCCN1CCC(NS(=O)(=O)c2ccccc2)CC1,534.0,-2.727541257028556,0,train,6.272458742971444,-2.55311244413928,-0.17442881288927614,0.17442881288927614
O=S(=O)(NC1CC2CCC(C1)N2CCOc1cccc(-c2ccccc2)c1)c1ccc(F)cc1,14.0,-1.146128035678238,0,train,7.853871964321762,-1.3204404495810345,0.1743124139027965,0.1743124139027965
COCc1cccc2c1-c1ccc(C(=O)N=C(N)N)cc1C2O,50.0,-1.6989700043360187,1,train,7.301029995663981,-1.524836888896639,-0.1741331154393797,0.1741331154393797
Clc1cccc(COc2ccc(Br)cc2OCC2CNC2)c1,27.0,-1.4313637641589874,0,train,7.568636235841012,-1.6052117762480682,0.17384801208908085,0.17384801208908085
Fc1ccc(SCCCN2CCN(c3ccccn3)CC2)cc1,291.0,-2.4638929889859074,0,train,6.536107011014092,-2.2900803886559156,-0.17381260032999224,0.17381260032999224
Cc1cccc(-c2cccc(NC3=NCCN3)c2C)c1,21.0,-1.3222192947339193,0,train,7.6777807052660805,-1.4959432010015106,0.17372390626759127,0.17372390626759127
O=S1(=O)c2cccc3cccc(c23)N1CCCCCCN1CCN(c2cccc(C(F)(F)F)c2)CC1,167.0,-2.2227164711475833,1,train,6.777283528852417,-2.3963585819309325,0.1736421107833488,0.1736421107833488
O=S(=O)(NCCCN1CCN(c2ccc(Cl)cc2)CC1)c1cnc2ccccc2c1,604.0,-2.7810369386211318,1,train,6.218963061378869,-2.6073966496468444,-0.17364028897428785,0.17364028897428785
Cc1cc(COc2ccc(Cl)cc2OC2CNC2)c(C(F)(F)F)o1,710.0,-2.8512583487190755,1,train,6.1487416512809245,-2.6776565387410414,-0.1736018099780341,0.1736018099780341
C=CCN(CC=C)CCc1c[nH]c2ccc(Br)cc12,49.0,-1.6901960800285136,0,train,7.309803919971486,-1.8634091457120667,0.1732130656835531,0.1732130656835531
Brc1ccc2ccn(CCN3CCCN(CC4CC4)CC3)c2c1,9.0,-0.9542425094393249,0,train,8.045757490560675,-1.1274455152142517,0.17320300577492698,0.17320300577492698
O=C(CCCN1CCC(c2ccccc2)CC1)c1nc2ccccc2s1,425.8,-2.629205657102304,0,train,6.370794342897696,-2.456629011013095,-0.17257664608920908,0.17257664608920908
CC(C)c1ccccc1N1CCN(CCCCCC(=O)NCc2ccc(C#N)cc2)CC1,8.6,-0.9344984512435677,1,train,8.065501548756432,-1.107031106305924,0.17253265506235638,0.17253265506235638
CC(C)N1CC(Oc2ccc(Cl)cc2OC2CN(C(C)C)C2)C1,336.0,-2.526339277389844,0,train,6.4736607226101555,-2.3539494795100127,-0.17238979787983144,0.17238979787983144
O=S(=O)(NCCCN1CCN(c2cccc(Cl)c2Cl)CC1)c1ccc2ncccc2c1,31.0,-1.4913616938342726,1,train,7.508638306165727,-1.6636393253133548,0.17227763147908215,0.17227763147908215
COc1ccc2c(c1)CCN(CCCNS(=O)(=O)c1cccc3ccccc13)C2,390.0,-2.591064607026499,0,train,6.4089353929735005,-2.4192846032219824,-0.17178000380451675,0.17178000380451675
Cc1ccc2c(OCCN3CCN(Cc4cccc5cccnc45)CC3)cccc2n1,501.0,-2.699837725867246,0,train,6.300162274132754,-2.5281454973568587,-0.17169222851038723,0.17169222851038723
CN1CCN(C2=Nc3cc(F)ccc3Cc3ccccc32)CC1,4.6,-0.6627578316815741,0,train,8.337242168318426,-0.8342394749419557,0.17148164326038162,0.17148164326038162
COc1ccc(-c2c(Cl)cccc2C(F)(F)F)cc1OC1CNC1,112.0,-2.0492180226701815,1,train,6.950781977329818,-1.8777480351870084,-0.17146998748317266,0.17146998748317266
CC(C)c1ccccc1OCCN1CCC(CNS(=O)(=O)c2ccc(F)cc2)CC1,60.0,-1.7781512503836436,1,train,7.221848749616356,-1.6067457172205792,-0.1714055331630644,0.1714055331630644
O=S(=O)(NC1CCN(CCSc2ccccc2-c2ccccc2)CC1)c1ccc(F)c(F)c1,93.0,-1.968482948553935,1,train,7.031517051446065,-1.797399748800485,-0.1710831997534501,0.1710831997534501
CNCCc1ccc(Cl)c(-c2ccccc2OC)c1,2.81,-0.4487063199050799,1,train,8.55129368009492,-0.6194316607284176,0.17072534082333768,0.17072534082333768
CCN(CCN1CCC(c2noc3cc(F)ccc23)CC1)C(=O)C1(O)CCOCC1,5.2,-0.7160033436347992,0,train,8.2839966563652,-0.5453538064947718,-0.1706495371400274,0.1706495371400274
O=C1NN=C(c2ccccc2)NC1CCCCN1CCN(c2ccccc2F)CC1,100.0,-2.0,0,train,7.0,-1.829448481679349,-0.17055151832065096,0.17055151832065096
Cc1ccccc1-n1cc(CCN(C)C)c2ccccc21,283.0,-2.45178643552429,0,train,6.548213564475709,-2.2813829317270926,-0.1704035037971976,0.1704035037971976
O=C(CCCCN1CCN(c2ccccc2)CC1)N1CCN(c2ccccc2)CC1,197.0,-2.294466226161593,0,train,6.7055337738384075,-2.124516529006051,-0.1699496971555421,0.1699496971555421
FC(F)(F)c1cccc(COc2ccc(Cl)cc2OC2CNC2)c1,7.0,-0.8450980400142568,1,train,8.154901959985743,-1.0148918675825358,0.169793827568279,0.169793827568279
O=C(CCCCCN1CCN(c2ccccc2Cl)CC1)NC1CCCc2ccccc21,40.1,-1.6031443726201824,1,train,7.396855627379818,-1.7729158592603695,0.16977148664018715,0.16977148664018715
O=C1Nc2ccccc2C1CCCCN1CCN(c2ccc(Cl)cc2)CC1,3.69,-0.5670263661590603,1,train,8.43297363384094,-0.7367549785814087,0.16972861242234838,0.16972861242234838
CC(Oc1ccc(Cl)cc1OC1CNC1)c1ccc(F)c(F)c1,127.0,-2.103803720955957,0,train,6.896196279044043,-1.934077716295553,-0.16972600466040388,0.16972600466040388
CC(C)c1ccccc1OCCN1CCC(NC(=O)c2ccc(F)cc2)CC1,285.0,-2.45484486000851,0,train,6.54515513999149,-2.2851494472673695,-0.16969541274114075,0.16969541274114075
CC(C)c1ccccc1N1CCN(CCCCCC(=O)N2Cc3ccccc3C2)CC1,54.0,-1.7323937598229686,1,train,7.267606240177031,-1.5627577993804862,-0.16963596044248241,0.16963596044248241
O=S(=O)(NCCCCN1CCN(c2nsc3ccccc23)CC1)c1cnc2ccccn12,4.1,-0.6127838567197355,1,train,8.387216143280265,-0.7823985659904941,0.1696147092707586,0.1696147092707586
CCCN1CCc2cccc3c2C1Cc1ccc(N)cc1-3,63.0,-1.7993405494535817,0,train,7.200659450546418,-1.9689240835825574,0.16958353412897575,0.16958353412897575
O=C(CCCCCN1CCOCC1)n1c2ccccc2c2ccccc21,1312.5,-3.1180993120779945,0,train,5.8819006879220055,-2.9488356434829455,-0.16926366859504904,0.16926366859504904
COc1cccc(-c2cccn2S(=O)(=O)c2cccc(N3CCNCC3)c2)c1,11630.0,-4.0655797147284485,0,train,4.9344202852715515,-3.8965439633877836,-0.16903575134066484,0.16903575134066484
CC(NCCC(Cc1ccccc1)c1ccco1)c1ccc(Cl)cc1,3800.0,-3.57978359661681,0,train,5.42021640338319,-3.41076140434614,-0.16902219227067006,0.16902219227067006
CN1CCCN(CCn2ccc3cc(Br)ccc32)CC1,88.0,-1.9444826721501687,0,train,7.055517327849831,-2.11321847336867,0.16873580121850096,0.16873580121850096
Oc1cccc(CCCN2CCN(c3ccccc3)CC2)c1,40.0,-1.6020599913279623,1,train,7.3979400086720375,-1.4334056287975026,-0.16865436253045996,0.16865436253045996
Cc1ccccc1-c1ccc(OCC2CC2)c(OC2CNC2)c1,754.92,-2.877900931232631,0,train,6.122099068767369,-2.709310121623023,-0.16859080960960782,0.16859080960960782
CN1CCc2ccc(OCCCN3CCC(c4noc5cc(F)ccc45)CC3)cc2C1=O,5.4,-0.7323937598229685,1,train,8.267606240177031,-0.9009320883051659,0.1685383284821974,0.1685383284821974
Cn1c(=O)c2c(ncn2CCCCCN2CCN(c3cccc(Cl)c3)CC2)n(C)c1=O,131.0,-2.1172712956557644,1,train,6.882728704344236,-2.2852941519516867,0.16802285629592228,0.16802285629592228
O=S(=O)(NCCCCN1CCN(c2cccc(Cl)c2)CC1)c1cccc2cccnc12,25.0,-1.3979400086720377,0,train,7.6020599913279625,-1.5659197093483692,0.16797970067633172,0.16797970067633172
Fc1ccc(OCc2cccc(Cl)c2)c(OC2CN(C3CCC3)C2)c1,27.0,-1.4313637641589874,1,train,7.568636235841012,-1.5993154758310846,0.16795171167209721,0.16795171167209721
O=C1c2ccccc2S(=O)(=O)N1CCCCCN1CCN(c2ccccn2)CC1,179.0,-2.2528530309798933,1,train,6.747146969020107,-2.4206507655153193,0.167797734535426,0.167797734535426
COc1cc2c(cc1OC(C)C)C[C@H]1c3c(cc(OC)c(OC)c3-2)CCN1C,28.0,-1.4471580313422192,0,train,7.552841968657781,-1.614736681641952,0.16757865029973273,0.16757865029973273
Fc1ccc(-c2cccc(N3CCNCC3)c2)cc1,109.0,-2.037426497940624,0,train,6.962573502059376,-1.8698576206210482,-0.1675688773195756,0.1675688773195756
COc1cc2c(cc1O)C[C@H]1c3c(cc(OC)c(OC)c3-2)CCN1C,20.0,-1.3010299956639813,0,train,7.698970004336019,-1.4685138104368587,0.16748381477287744,0.16748381477287744
Clc1ccc(OCC2COc3ccccc3C2)c(OC2CNC2)c1,167.0,-2.2227164711475833,1,train,6.777283528852417,-2.0552537008821785,-0.16746277026540524,0.16746277026540524
O=C(CCCCCN1CCN(c2ccccc2)CC1)NC1CCCc2ccccc21,65.6,-1.8169038393756602,1,train,7.1830961606243395,-1.9843610708407473,0.1674572314650873,0.1674572314650873
Cc1cc(COc2ccc(Cl)cc2OC2CNC2)no1,105.0,-2.0211892990699383,1,train,6.978810700930062,-2.1885076248001645,0.1673183257302262,0.1673183257302262
Clc1cccc(COc2ccc(Cl)cc2COC2CNC2)c1,200.0,-2.3010299956639813,1,train,6.698970004336019,-2.1337500973329777,-0.16727989833100354,0.16727989833100354
COc1cc2c(cc1OCC1CC1)C[C@H]1c3c(cc(OC)c(OC)c3-2)CCN1C,22.0,-1.3424226808222062,0,train,7.657577319177793,-1.5095046021863134,0.16708192136410727,0.16708192136410727
FC(F)(COc1ccc(Cl)cc1OC1CNC1)c1ccccc1,23.0,-1.3617278360175928,0,train,7.638272163982407,-1.5287440347869934,0.16701619876940055,0.16701619876940055
O=c1cc(-c2ccccc2)ncn1CCCCCN1CCN(c2ccccc2)CC1,613.0,-2.787460474518415,0,train,6.212539525481585,-2.620463801958603,-0.166996672559812,0.166996672559812
O=c1[nH]c2ccccc2n1CCCCCN1C[C@@H]2CN(c3ccc(F)cc3)C[C@@H]2C1,4.19,-0.6222140229662954,0,train,8.377785977033705,-0.7886983270812233,0.16648430411492798,0.16648430411492798
c1ccc(-c2ccccc2N2CCNCC2)cc1,1.4,-0.146128035678238,1,train,8.853871964321762,-0.31260459663061924,0.16647656095238123,0.16647656095238123
O=S(=O)(NCCCCN1CCN(c2cccc(Cl)c2Cl)CC1)c1cnc2ccccc2c1,30.0,-1.4771212547196624,1,train,7.522878745280337,-1.6429903863266988,0.16586913160703642,0.16586913160703642
COc1ccccc1CNC(=O)CCCCCN1CCN(c2ccccc2OC)CC1,515.0,-2.711807229041191,0,train,6.288192770958808,-2.546210405341002,-0.16559682370018924,0.16559682370018924
CCCN(CC[C@]1(O)C[C@H](NC(=O)c2ccc3ccccc3c2)C1)[C@H]1CCc2nc(N)sc2C1,770.0,-2.886490725172482,0,train,6.113509274827518,-2.7210652758746163,-0.1654254492978655,0.1654254492978655
O=C1Nc2ccc(Cl)c3c2C1(CCCCN1CC=C(c2ccccc2)CC1)CCC3,5.0,-0.6989700043360189,0,train,8.301029995663981,-0.8636607447132003,0.16469074037718145,0.16469074037718145
COc1cc(OC)c2c(c1)OC[C@@]1(C)NCC[C@@H]21,1259.0,-3.1000257301078626,0,train,5.899974269892137,-2.93569564038774,-0.16433008972012209,0.16433008972012209
CCN(CCN1CCN(c2noc3cc(F)ccc23)CC1)C(=O)C(C)O,11.1,-1.0453229787866574,1,train,7.954677021213342,-0.8811051003344175,-0.1642178784522399,0.1642178784522399
CCCCC(Sc1cccc(Cl)c1Cl)c1nc(N)nc(N2CCN(C)CC2)n1,1799.0,-3.2550311633455515,0,train,5.744968836654449,-3.4190887624924993,0.16405759914694773,0.16405759914694773
Cc1nc(N)[nH]c1-c1ccc2ccn(S(=O)(=O)c3ccccc3)c2c1,776.0,-2.8898617212581885,0,train,6.110138278741811,-3.0535928601093256,0.1637311388511371,0.1637311388511371
COc1ccccc1N1CCN(CCCCC(=O)Nc2cccc(C(C)(C)C)c2)CC1,75.0,-1.8750612633917,1,train,7.1249387366083,-2.038548471868127,0.16348720847642673,0.16348720847642673
CC(C)c1nc2c(N3CCNCC3)ccnc2n1Cc1cccc(Cl)c1,7139.0,-3.853637381958594,0,train,5.146362618041406,-3.690161359420608,-0.16347602253798588,0.16347602253798588
Cc1cn2c3c(=O)n(C)c(=O)n(C)c3nc2n1CCCCCN1CCN(c2ccc(Cl)c(Cl)c2)CC1,111.0,-2.0453229787866576,0,train,6.954677021213342,-2.20857138681863,0.1632484080319725,0.1632484080319725
O=S(=O)(NC1CCN(CCOc2ccccc2-c2ccccc2)C1)c1ccc(F)c(F)c1,7.0,-0.8450980400142568,1,train,8.154901959985743,-1.0082374691530611,0.1631394291388043,0.1631394291388043
COc1ccc2c(=O)c3cc(CN4CCN(Cc5ccccc5)CC4)ccc3oc2c1,13500.0,-4.1303337684950066,1,train,4.8696662315049934,-3.9672405931996844,-0.16309317529532308,0.16309317529532308
Cn1c(=O)c2c([nH]c(=O)n2CCCCN2CCN(c3ccccc3)CC2)n(C)c1=O,1820.0,-3.2600713879850747,0,train,5.739928612014925,-3.4231305099684857,0.163059121983411,0.163059121983411
Fc1ccc2c(c1)C(Oc1ccc(Cl)cc1OC1CNC1)CC2,10.0,-1.0,1,train,8.0,-1.1626527579508932,0.16265275795089318,0.16265275795089318
O=S(=O)(NCCCCN1CCC(c2noc3cc(F)ccc23)CC1)c1cccc2ccccc12,0.8,0.09691001300805639,1,train,9.096910013008056,-0.0657398725469971,0.1626498855550534,0.1626498855550534
NCCc1cnc[nH]1,1000.0,-3.0,0,train,6.0,-2.837391375632875,-0.1626086243671252,0.1626086243671252
CCOc1nc2c(c(=O)n(C)c(=O)n2C)n1CCCCN1CCN(c2ccccc2OC)CC1,54.0,-1.7323937598229686,1,train,7.267606240177031,-1.8943764329288442,0.16198267310587555,0.16198267310587555
CN1CC(COc2cc(Br)ccc2OCc2cccc(Cl)c2)C1,130.0,-2.113943352306837,1,train,6.886056647693163,-1.9520178027246666,-0.16192554958217031,0.16192554958217031
O=S(=O)(NCCCN1CCN(c2nsc3ccccc23)CC1)c1ccc(Cl)c(Cl)c1,20.0,-1.3010299956639813,1,train,7.698970004336019,-1.139552363859091,-0.16147763180489028,0.16147763180489028
Clc1ccc2sc(CCCCN3CCc4c(Cl)cccc4C3)nc2c1,144.5,-2.1598678470925665,0,train,6.840132152907433,-1.9984901033577815,-0.16137774373478497,0.16137774373478497
CC(Oc1ccc(Cl)cc1OC1CNC1)c1cc(F)ccc1F,371.0,-2.569373909615046,1,train,6.430626090384954,-2.4082008031809417,-0.16117310643410443,0.16117310643410443
COc1cc2c3c(c1OCC1CC1)-c1cc(NC(N)=O)ccc1CC3N(C)CC2,353.0,-2.5477747053878224,0,train,6.452225294612178,-2.3869181196690668,-0.1608565857187556,0.1608565857187556
O=S(=O)(NCCCN1CC=C(c2c[nH]c3ccc(Cl)cc23)CC1)c1ccc(F)cc1,10.0,-1.0,0,train,8.0,-1.1608176052707297,0.16081760527072975,0.16081760527072975
CC(C)c1ccccc1OCC(C)N1CCC(NS(=O)(=O)c2cccc(F)c2)CC1,170.0,-2.230448921378274,1,train,6.769551078621726,-2.0696371682642596,-0.16081175311401452,0.16081175311401452
Cc1ccccc1N1CCN(CCCCCC(=O)NC2CCCc3ccccc32)CC1,15.2,-1.1818435879447726,1,train,7.818156412055227,-1.3425973737510202,0.16075378580624755,0.16075378580624755
COc1cccc(OC)c1-c1cccc2c1-c1cccc3c1[C@@H](C2)N(C)CC3,13.0,-1.1139433523068367,0,train,7.886056647693163,-1.2745956183000042,0.1606522659931675,0.1606522659931675
O=C1NC2(CCC(c3ccccc3)CC2)C(=O)N1CCCCN1CCN(c2cccc(Cl)c2)CC1,768.0,-2.885361220031512,1,train,6.114638779968487,-2.725092620872932,-0.16026859915858038,0.16026859915858038
O=C1c2cccc3cccc(c23)N1CCCCCCN1CCN(c2cccc(C(F)(F)F)c2)CC1,291.0,-2.4638929889859074,1,train,6.536107011014092,-2.6241083119009425,0.1602153229150347,0.1602153229150347
Cn1c(=O)c2c([nH]c(=O)n2CCCN2CCN(c3cccc(Cl)c3)CC2)n(C)c1=O,1880.0,-3.27415784926368,0,train,5.7258421507363195,-3.4339833377793605,0.15982548851568046,0.15982548851568046
CC(C)CC1(CCCCN2CCN(c3cccc(Cl)c3)CC2)C(=O)Nc2ccccc21,1.8,-0.25527250510330607,1,train,8.744727494896694,-0.09573103195950133,-0.15954147314380468,0.15954147314380468
NCCc1c[nH]c2ccc(O)cc12,3.646403902439024,-0.56186477262536,0,train,8.43813522737464,-0.7214019418572493,0.1595371692318892,0.1595371692318892
CCN(CC)CCc1ccc(Cl)c(-c2ccccc2OC)c1,25.0,-1.3979400086720377,0,train,7.6020599913279625,-1.238546551223752,-0.1593934574482856,0.1593934574482856
CC1=NCCc2c1[nH]c1ccccc21,280.0,-2.4471580313422194,0,train,6.552841968657781,-2.6064030141373875,0.15924498279516808,0.15924498279516808
CC(Oc1ccc(Cl)cc1OC1CNC1)c1cccc(SC(F)(F)F)c1,40.0,-1.6020599913279623,1,train,7.3979400086720375,-1.76114737676303,0.1590873854350674,0.1590873854350674
O=C(N(CCN1CCN(c2ccccc2O)CC1)c1ccccn1)C12C3C4C1C1C2C3C41I,50.0,-1.6989700043360187,0,train,7.301029995663981,-1.857371795583484,0.15840179124746534,0.15840179124746534
Fc1ccc(OCCN2CCC(c3c[nH]c4ccc(F)cc34)CC2)c(-c2ccccc2)c1,25.0,-1.3979400086720377,1,train,7.6020599913279625,-1.5563081136619752,0.1583681049899377,0.1583681049899377
O=c1[nH]c(CCCCN2CCN(c3ccccc3)CC2)nc2c1sc1ccccc12,14.0,-1.146128035678238,1,train,7.853871964321762,-1.3044387665648316,0.15831073088659364,0.15831073088659364
COc1ccccc1N1CCN(CCCCNS(=O)(=O)c2ccc(C)cc2)CC1,30.0,-1.4771212547196624,0,train,7.522878745280337,-1.6350820112927866,0.15796075657312425,0.15796075657312425
COc1ccccc1N1CCN(CCCC(=O)NC2CCCc3c(OC)cccc32)CC1,35.0,-1.5440680443502757,0,train,7.455931955649724,-1.7019515599819315,0.1578835156316558,0.1578835156316558
COc1ccccc1N1CCN(Cc2ccccc2-c2ccccc2Cl)CC1,297.0,-2.4727564493172123,0,train,6.527243550682788,-2.314888803798555,-0.15786764551865717,0.15786764551865717
N#Cc1ccc(CNC(=O)CCOCCN2CCN(c3ccccc3-c3ccccc3)CC2)cc1,16.0,-1.2041199826559248,0,train,7.795880017344075,-1.3616190645235995,0.1574990818676747,0.1574990818676747
COc1cccc2[nH]cc(CCNCc3ccc(-c4ccc(O)cc4)o3)c12,2095.0,-3.3211840273023143,1,train,5.678815972697686,-3.1637157169985675,-0.15746831030374686,0.15746831030374686
FC(F)(F)c1ccc(COc2ccc(Cl)cc2OC2CNC2)cc1,15.0,-1.1760912590556813,1,train,7.823908740944319,-1.333487387522172,0.15739612846649087,0.15739612846649087
COc1ccccc1N1CCN(CCCCC(=O)NC2CCCc3cccc(OC)c32)CC1,64.0,-1.806179973983887,0,train,7.1938200260161125,-1.648833324751093,-0.15734664923279418,0.15734664923279418
O=c1[nH]c(CCCCCN2CCC(Cc3ccccc3)CC2)nc2c1sc1ccccc12,366.0,-2.5634810853944106,1,train,6.436518914605589,-2.406477260756086,-0.15700382463832474,0.15700382463832474
Cc1nc(N)[nH]c1-c1cn(S(=O)(=O)c2cccc3ccccc23)c2ccccc12,2512.0,-3.4000196350651586,0,train,5.599980364934842,-3.2430621496101666,-0.156957485454992,0.156957485454992
CCOc1nc2c(c(=O)n(C)c(=O)n2C)n1CCCN1CCN(c2ccccc2OC)CC1,410.0,-2.6127838567197355,0,train,6.3872161432802645,-2.4558842189541954,-0.15689963776554006,0.15689963776554006
CCN(CCN1CCC(c2noc3cc(F)ccc23)CC1)C(=O)C1CNCC1O,5.4,-0.7323937598229685,0,train,8.267606240177031,-0.5755988816470926,-0.1567948781758759,0.1567948781758759
Cc1ccccc1-c1ccccc1C1CCNC1,209.99,-2.3221986135518917,1,train,6.677801386448108,-2.1654334436428577,-0.15676516990903444,0.15676516990903444
CCN(CCN1CCC(c2noc3cc(F)ccc23)CC1)C(=O)C1(O)CCCNC1,1.5,-0.17609125905568124,0,train,8.823908740944319,-0.33264381430485,0.1565525552491688,0.1565525552491688
CC1CCN(CCCC(=O)c2ccc(F)cc2)CC1,578.0,-2.761927838420529,0,train,6.2380721615794705,-2.6054663390784882,-0.1564614993420408,0.1564614993420408
CC(Nc1ccnc(NCCc2ccc(F)cc2)n1)c1ccccc1,6.0,-0.7781512503836436,1,train,8.221848749616356,-0.6217650049379078,-0.15638624544573587,0.15638624544573587
CSc1ccccc1OCCN1CCC(NS(=O)(=O)c2ccc(F)cc2)C1,11.0,-1.0413926851582251,1,train,7.958607314841775,-1.197610203138276,0.1562175179800509,0.1562175179800509
Fc1ccc(-c2n[nH]cc2N2CCCNCC2)cc1,32.0,-1.505149978319906,1,train,7.494850021680094,-1.6609575863215271,0.15580760800162108,0.15580760800162108
O=S1(=O)c2cccc3cccc(c23)N1CCCCCCN1CCN(c2ccc(Cl)cc2)CC1,280.0,-2.4471580313422194,0,train,6.552841968657781,-2.602668952318087,0.1555109209758676,0.1555109209758676
COc1ccc(-c2c3n(c(=O)n(CCCCN4CCCC(c5c[nH]c6ccc(OC)cc56)C4)c2=O)CCCC3)cc1,546.0,-2.7371926427047373,0,train,6.262807357295262,-2.8926353802178086,0.15544273751307136,0.15544273751307136
CCCN1CCc2cccc3c2C1Cc1ccc2nc(N)sc2c1-3,150.0,-2.1760912590556813,1,train,6.823908740944319,-2.020855894670456,-0.15523536438522534,0.15523536438522534
c1ccc(Cn2cc(-c3ccccc3)c3c2CCNC3)cc1,220.0,-2.342422680822206,0,train,6.657577319177793,-2.497646871631218,0.15522419080901173,0.15522419080901173
Cc1cn2c3c(=O)n(C)c(=O)n(C)c3nc2n1CCCCCN1CCN(c2ccccc2O)CC1,124.0,-2.093421685162235,0,train,6.906578314837764,-2.2485943792921272,0.1551726941298921,0.1551726941298921
OCCN1CCN(CCCN2c3ccccc3Sc3ccc(Cl)cc32)CC1,23.0,-1.3617278360175928,0,train,7.638272163982407,-1.5165748840286704,0.15484704801107751,0.15484704801107751
COc1ccccc1N1CCN(C(N)=NCCNS(=O)(=O)c2cccc(C)c2)CC1,339.0,-2.530199698203082,0,train,6.4698003017969175,-2.3755670504046362,-0.15463264779844588,0.15463264779844588
CCc1nc2c(N3CCNCC3)ccnc2n1Cc1cccc(Cl)c1,8748.0,-3.9419087743655994,0,train,5.058091225634401,-3.7876769776458246,-0.15423179671977527,0.15423179671977527
CN1CCN(c2nc(N)nc(CCCOc3cc(Cl)ccc3Cl)n2)CC1,7924.0,-3.8989444668665096,0,train,5.10105553313349,-3.7448832727123595,-0.1540611941541501,0.1540611941541501
O=C1c2cccc3cccc(c23)N1CCCCN1CCN(c2ccccc2)CC1,631.0,-2.8000293592441343,0,train,6.199970640755866,-2.6461757962450263,-0.15385356299910802,0.15385356299910802
CN(C)CCSc1nc(-c2ccccc2)cs1,12.0,-1.0791812460476249,1,train,7.920818753952375,-1.2328667904704858,0.15368554442286086,0.15368554442286086
O=S(=O)(NC1CCN(CCOc2ccccc2)CC1)c1ccccc1,1417.0,-3.1513698502474603,1,train,5.848630149752539,-2.997768806431827,-0.15360104381563344,0.15360104381563344
COc1ccc(-c2ccc(C)cc2)cc1OC1CNC1,759.98,-2.8808021633282546,1,train,6.119197836671745,-2.7272812521794414,-0.15352091114881317,0.15352091114881317
[C][C]C1([O])c2ccccc2-c2ccc(C(=O)N=C([N])[N])cc21,1.2,-0.07918124604762482,0,train,8.920818753952375,-0.23250766911972373,0.15332642307209893,0.15332642307209893
NC(=O)[C@@H]1Cc2ccccc2CN1C(=O)CCCCCN1CCN(c2ccc(F)cc2)CC1,107.0,-2.0293837776852097,0,train,6.97061622231479,-2.1824269820540816,0.15304320436887187,0.15304320436887187
O=S(=O)(NC1CCN(CCOc2ccccc2-c2ccccc2)CC1)c1ccc(Cl)s1,12.0,-1.0791812460476249,0,train,7.920818753952375,-1.2320945579631266,0.15291331191550173,0.15291331191550173
Fc1ccc(COc2ccc(Cl)cc2OC2CNC2)cc1C(F)(F)F,11.0,-1.0413926851582251,0,train,7.958607314841775,-1.1936699513063824,0.1522772661481573,0.1522772661481573
O=S(=O)(NCCCCN1CCN(c2nsc3ccccc23)CC1)c1cc2ccc(Cl)cc2s1,9.0,-0.9542425094393249,1,train,8.045757490560675,-1.1064858104795943,0.1522433010402695,0.1522433010402695
O=C(CCCCN1CCCN(c2ccc(Cl)cc2)CC1)c1nc2ccccc2s1,2810.0,-3.44870631990508,0,train,5.55129368009492,-3.2965104121680837,-0.1521959077369961,0.1521959077369961
Fc1cccc2c1nc(OCC1CCN(CCCc3ccc(I)cc3)CC1)c1cccnc12,150.0,-2.1760912590556813,0,train,6.823908740944319,-2.3281738823162654,0.15208262326058408,0.15208262326058408
O=S(=O)(c1cccc2ncccc12)N1CCCC[C@@H]1CCN1CCN(c2nsc3ccccc23)CC1,52.0,-1.7160033436347992,0,train,7.2839966563652006,-1.56403356998029,-0.15196977365450914,0.15196977365450914
Cc1ccc(-c2n[nH]cc2N2CCCNCC2)cc1,29.0,-1.462397997898956,1,train,7.537602002101044,-1.6142926553993024,0.15189465750034636,0.15189465750034636
COc1cc2c(cc1OC)CN(/C=N/c1ccc3c(c1)C1SCCSC1C3)CC2,200.0,-2.3010299956639813,0,train,6.698970004336019,-2.452855545900702,0.15182555023672073,0.15182555023672073
O=S(=O)(NCCCN1CC=C(c2c[nH]c3ccc(F)cc23)CC1)c1ccc2ccccc2c1,32.0,-1.505149978319906,1,train,7.494850021680094,-1.6566786844707584,0.15152870615085234,0.15152870615085234
CN1CCc2ccc(OCCCN3CCC(C(=O)c4ccc(F)cc4)CC3)cc2C1=O,10.8,-1.0334237554869496,0,train,7.966576244513051,-1.1849075590090914,0.15148380352214175,0.15148380352214175
O=S(=O)(c1cncc2ccccc12)N1CCC(CCN2CCN(c3cccc(F)c3)CC2)CC1,142.0,-2.1522883443830563,1,train,6.847711655616944,-2.0009318790468438,-0.1513564653362125,0.1513564653362125
Cc1cccc(S(=O)(=O)NCCCCN2CCN(c3nsc4ccccc34)CC2)c1,1.6,-0.2041199826559248,0,train,8.795880017344075,-0.3554716088107125,0.1513516261547877,0.1513516261547877
C[C@H](Nc1cc(NCCc2ccccc2)ncn1)c1ccccc1,33.0,-1.5185139398778875,1,train,7.481486060122112,-1.3671679568421633,-0.15134598303572422,0.15134598303572422
CC(C)(C)N1CC(Oc2cc(Cl)ccc2OCc2cccc(C(F)(F)F)c2)C1,6.0,-0.7781512503836436,1,train,8.221848749616356,-0.9294871643523949,0.15133591396875123,0.15133591396875123
COc1cc2c(cc1OCc1ccccc1)C[C@H]1c3c(cc(OC)c(OC)c3-2)CCN1C,23.0,-1.3617278360175928,0,train,7.638272163982407,-1.5129819259745774,0.15125408995698453,0.15125408995698453
O=S(=O)(NCCCCN1CCN(c2noc3ccccc23)CC1)c1cnc2ccccn12,5.9,-0.7708520116421442,1,train,8.229147988357855,-0.9220574059150143,0.15120539427287005,0.15120539427287005
O=c1[nH]c2ccccc2n1CCCCCN1CCN(c2ccncn2)CC1,95.5,-1.9800033715837464,1,train,7.019996628416253,-1.8288025320684975,-0.15120083951524887,0.15120083951524887
OC1(c2ccc(Cl)cc2)CCN(CCCCc2ccc(F)cc2)CC1,1042.0,-3.0178677189635055,0,train,5.9821322810364945,-2.8668731940458865,-0.15099452491761856,0.15099452491761856
FC(F)(F)c1ccc(COc2ccc(Cl)cc2OC2CCNCC2)o1,7.0,-0.8450980400142568,1,train,8.154901959985743,-0.9954897074889963,0.15039166747473953,0.15039166747473953
O=C1C2CCCN2C(=O)CN1CCCCNCC1CCc2ccccc2O1,418.0,-2.621176281775035,0,train,6.3788237182249645,-2.4711253839882166,-0.15005089778681846,0.15005089778681846
O=S1(=O)c2cccc3cccc(c23)N1CCCCCCN1CCN(c2cccc(Cl)c2)CC1,432.0,-2.635483746814912,0,train,6.364516253185088,-2.485508961142692,-0.14997478567222,0.14997478567222
c1ccc2c(OCCCCCN3CCCCCC3)cccc2c1,2797.0,-3.4466924663715273,0,train,5.553307533628473,-3.2968076300299676,-0.14988483634156013,0.14988483634156013
COc1ccc(/C=C2\NC(=O)N(CCCCN3CCN(c4cccc(Cl)c4Cl)CC3)C2=O)cc1OC1CCCC1,125.0,-2.0969100130080562,1,train,6.903089986991944,-1.947057332019427,-0.1498526809886287,0.1498526809886287
CN(C)C1CCc2c(cccc2-c2cccc(C(F)(F)F)c2)C1,63.0,-1.7993405494535817,0,train,7.200659450546418,-1.9491710920210932,0.1498305425675115,0.1498305425675115
Cc1ccccc1C(=O)NCC1CCN(CCOc2ccccc2C(C)(C)C)CC1,1500.0,-3.1760912590556813,0,train,5.823908740944319,-3.026414686948924,-0.14967657210675744,0.14967657210675744
CCCN1CCc2cccc3c2C1Cc1ccc(NS(C)(=O)=O)cc1-3,199.0,-2.298853076409707,0,train,6.701146923590294,-2.1492115911256553,-0.14964148528405152,0.14964148528405152
OC1(c2ccc(Cl)cc2)CC2CCC(C1)N2CCCCc1nc2ccccc2s1,1004.5,-3.001949941084268,0,train,5.998050058915732,-2.8524923586980346,-0.1494575823862334,0.1494575823862334
CNC1=Nc2cccc(Cl)c2C(C)N1,15.3,-1.1846914308175989,0,train,7.815308569182401,-1.3341483155712512,0.14945688475365237,0.14945688475365237
O=c1[nH]c2ccccc2n1CCCCCN1CCN(c2ccc(F)cc2)CC1,1.945,-0.28891960566172653,1,train,8.711080394338273,-0.43833254084310413,0.14941293518137766,0.14941293518137766
Cc1ncc2nccn2c1-c1ccc(Oc2nccc3occc23)cc1C(F)(F)F,8100.0,-3.90848501887865,0,train,5.09151498112135,-3.759104990764375,-0.14938002811427475,0.14938002811427475
COc1ccc(-c2ccccc2N2CCN(CCCCOc3ccccc3C#N)CC2)cc1,18.0,-1.255272505103306,0,train,7.7447274948966935,-1.4045779537986796,0.14930544869537354,0.14930544869537354
CCC1(CCCCN2CC=C(c3ccc(F)cc3)CC2)C(=O)Nc2ccccc21,1.1949999999999998,-0.07736790528415644,1,train,8.922632094715844,-0.22661851578402537,0.14925061049986899,0.14925061049986899
CN1CCC(=C2c3ccccc3C=Cc3ccccc32)CC1,50.0,-1.6989700043360187,0,train,7.301029995663981,-1.8480364602932207,0.14906645595720192,0.14906645595720192
Cc1nc(N)[nH]c1-c1cn(S(=O)(=O)c2ccccc2)c2ccccc12,9120.0,-3.959994838328416,0,train,5.0400051616715835,-3.810950263790838,-0.1490445745375779,0.1490445745375779
Clc1ccc(-c2ccccc2C2CCNC2)cc1,180.01,-2.2552966319043404,1,train,6.74470336809566,-2.1062750553602645,-0.14902157654407588,0.14902157654407588
CN(C)CC1=Cc2cn(S(=O)(=O)c3cccc4ccccc34)c3cccc(c23)O1,438.0,-2.6414741105040997,0,train,6.3585258894959,-2.790325596645132,0.14885148614103194,0.14885148614103194
COc1ccccc1-c1ccccc1CN1CCN(c2ccccc2OC)CC1,43.0,-1.6334684555795864,0,train,7.366531544420414,-1.7822745710051626,0.1488061154255762,0.1488061154255762
Cn1cncc1-c1c[nH]c2ccc(C(N)=O)c(F)c12,18.0,-1.255272505103306,0,train,7.7447274948966935,-1.4037173586506482,0.14844485354734216,0.14844485354734216
O=S(=O)(NCCCCN1CCc2ccccc2C1)c1cccc2ccccc12,296.0,-2.4712917110589387,0,train,6.528708288941061,-2.3228645277952227,-0.14842718326371607,0.14842718326371607
CCOc1ccccc1N1CCN(CCCCCCN2c3cccc4cccc(c34)S2(=O)=O)CC1,34.0,-1.5314789170422551,0,train,7.468521082957745,-1.6796892808648027,0.1482103638225476,0.1482103638225476
Fc1ccc(CCCCN2CCc3ccccc3C2)cc1,27.0,-1.4313637641589874,1,train,7.568636235841012,-1.579483697411347,0.14811993325235973,0.14811993325235973
Fc1ccc(OCc2cccc(Cl)c2)c(OC2CNC2)c1,66.0,-1.8195439355418688,1,train,7.180456064458131,-1.6714263869657318,-0.14811754857613701,0.14811754857613701
Clc1ccc(-c2cn(Cc3ccccc3)c3c2CNCC3)cc1,107.0,-2.0293837776852097,1,train,6.97061622231479,-2.1774056636002053,0.14802188591499554,0.14802188591499554
CN1CCc2cccc3c2[C@H]1Cc1cccc(-c2ccccc2)c1-3,9.8,-0.9912260756924949,0,train,8.008773924307505,-1.1391368159947834,0.14791074030228868,0.14791074030228868
CN1CCN(c2nc(N)nc(CCCOc3ccc(Cl)cc3Cl)n2)CC1,1940.0,-3.287801729930226,0,train,5.7121982700697735,-3.435618199288698,0.1478164693584718,0.1478164693584718
CCN(CCCN1CCN(c2ccccc2OC)CC1)S(=O)(=O)c1ccc2ncccc2c1,29.0,-1.462397997898956,0,train,7.537602002101044,-1.609954150982945,0.14755615308398884,0.14755615308398884
O=c1[nH]c(CCCCCN2CCN(Cc3ccccc3)CC2)nc2c1sc1ccccc12,401.0,-2.603144372620182,1,train,6.396855627379818,-2.4556595124914997,-0.14748486012868245,0.14748486012868245
CN1CCc2[nH]c3ccc(S(=O)(=O)Nc4cccc(F)c4)cc3c2C1,42.0,-1.6232492903979006,0,train,7.376750709602099,-1.7705602059469536,0.14731091554905307,0.14731091554905307
COc1ccc(CNC(=O)CCOCCN2CCN(c3ccccc3-c3ccc(F)cc3)CC2)cc1,45.0,-1.6532125137753437,1,train,7.346787486224656,-1.5059641020682069,-0.14724841170713665,0.14724841170713665
CCOc1ccccc1N1CCN(CCC(=O)N2CCN(c3cccc(Cl)c3)CC2)CC1,119.0,-2.0755469613925306,0,train,6.924453038607469,-1.9282988741755076,-0.14724808721702298,0.14724808721702298
Fc1ccc(COc2ccc(Cl)cc2OC2CNC2)c(F)c1,42.0,-1.6232492903979006,1,train,7.376750709602099,-1.7704957729540323,0.1472464825561317,0.1472464825561317
COc1cccc(-c2cccc3c2CCC(N(C)C)C3)c1,28.0,-1.4471580313422192,0,train,7.552841968657781,-1.5943073728142583,0.14714934147203906,0.14714934147203906
CCn1nc2c(c1-c1ccccc1)CCNCC2,140.0,-2.146128035678238,0,train,6.853871964321762,-1.99899205376787,-0.14713598191036814,0.14713598191036814
CN(CCCN1CCN(c2ccccc2)CC1)c1cccc(NS(C)(=O)=O)c1,40.0,-1.6020599913279623,0,train,7.3979400086720375,-1.749113354886173,0.14705336355821053,0.14705336355821053
O=C1c2ccccc2C(=O)N1CCCCCCN1CCN(c2nsc3ccccc23)CC1,114.0,-2.0569048513364727,0,train,6.943095148663527,-1.9099037166012147,-0.147001134735258,0.147001134735258
CCC1(CCCCN2CCN(c3ccc(F)cc3)CC2)C(=O)Nc2ccc(F)cc21,1.5,-0.17609125905568124,0,train,8.823908740944319,-0.32302956088914214,0.14693830183346093,0.14693830183346093
CC(C)c1ccccc1N1CCN(CCCCCC(=O)NCc2ccc(OS(C)(=O)=O)cc2)CC1,76.0,-1.8808135922807914,0,train,7.119186407719209,-1.734016209785108,-0.14679738249568364,0.14679738249568364
O=S(=O)(NCCCCN1CCC(c2noc3cc(F)ccc23)CC1)c1cnc2ccccn12,14.0,-1.146128035678238,1,train,7.853871964321762,-0.9993746158423931,-0.1467534198358449,0.1467534198358449
O=c1n(CCCCCCN2CCN(c3cccc(Cl)c3)CC2)c2cccc3c2n1CCC3,61.0,-1.7853298350107671,0,train,7.214670164989233,-1.9319612943864868,0.14663145937571964,0.14663145937571964
O=C1NC2(CCc3ccccc32)C(=O)N1CCCCN1CCN(c2cccc(Cl)c2)CC1,27.0,-1.4313637641589874,1,train,7.568636235841012,-1.5779487730297777,0.1465850088707903,0.1465850088707903
FC(F)(F)c1ccc2c(c1)C(Oc1ccc(Cl)cc1OC1CNC1)CC2,15.0,-1.1760912590556813,0,train,7.823908740944319,-1.3225262446873054,0.14643498563162427,0.14643498563162427
O=C1c2cc(Cl)c(Cl)cc2CC1CCN1CCN(c2ccccn2)CC1,23.0,-1.3617278360175928,0,train,7.638272163982407,-1.5080914455810757,0.14636360956348282,0.14636360956348282
Cn1cncc1-c1c[nH]c2ccc(I)cc12,8.0,-0.9030899869919435,1,train,8.096910013008056,-1.0493376042443325,0.14624761725238888,0.14624761725238888
O=S(=O)(NCCCCN1CCN(c2cccc(Cl)c2)CC1)c1cccc2ccccc12,36.0,-1.5563025007672873,0,train,7.443697499232712,-1.702484627840748,0.14618212707346068,0.14618212707346068
COc1ccccc1N1CCN(CC(O)CN2C(=O)NC(C)(c3cccc(F)c3)C2=O)CC1,85.0,-1.9294189257142926,1,train,7.070581074285707,-1.783526267012802,-0.14589265870149082,0.14589265870149082
COc1ccc(-c2n[nH]cc2N2CCNCC2)cc1,49.0,-1.6901960800285136,1,train,7.309803919971486,-1.8356079745000293,0.1454118944715157,0.1454118944715157
COc1ccccc1N1CCN(CCCCC(=O)N2Cc3ccccc3C[C@H]2C(N)=O)CC1,551.0,-2.741151598851785,1,train,6.2588484011482155,-2.595849175048765,-0.14530242380301983,0.14530242380301983
O=c1n(CCCCCCN2CCN(c3nsc4ccccc34)CC2)c2cccc3c2n1CCC3,16.0,-1.2041199826559248,0,train,7.795880017344075,-1.3493995175911946,0.1452795349352698,0.1452795349352698
CCN(CCN1CCC(c2noc3cc(F)ccc23)CC1)C(=O)C(C)(C)O,5.7,-0.7558748556724915,0,train,8.244125144327509,-0.6107697594906563,-0.1451050961818352,0.1451050961818352
COc1ccccc1N1CCN(CC(O)CN2C(=O)NC(C)(c3ccccc3)C2=O)CC1,10.0,-1.0,1,train,8.0,-1.144870381976852,0.14487038197685198,0.14487038197685198
O=S(=O)(NC1CC2CCC(C1)N2CCOc1cccc(-c2ccccc2)c1)c1cccc(Cl)c1,14.0,-1.146128035678238,0,train,7.853871964321762,-1.2909941223832542,0.14486608670501622,0.14486608670501622
CCN(CCN1CCC(c2noc3cc(F)ccc23)CC1)C(=O)C1CN(C(C)=O)CC1O,14.4,-1.1583624920952498,0,train,7.84163750790475,-1.0136972185223554,-0.14466527357289438,0.14466527357289438
O=S(=O)(NC1CCN(CCOc2ccccc2-c2ccccc2)C1)c1cccs1,10.0,-1.0,0,train,8.0,-1.1444920986395812,0.14449209863958123,0.14449209863958123
COc1cc2ncnc(N3CCC(CN4CCN(c5ccc(Cl)cc5)CC4)C3)c2cc1OC,138.0,-2.1398790864012365,0,train,6.860120913598763,-2.2841299448084307,0.1442508584071942,0.1442508584071942
O=S(=O)(NCCN1CC=C(c2c[nH]c3ccc(Cl)cc23)CC1)c1cccc(Cl)c1,17.0,-1.2304489213782739,1,train,7.769551078621726,-1.0862122644853256,-0.1442366568929485,0.1442366568929485
CC(=O)c1ccc2c3c1CCCC3(CCCCN1CC=C(c3ccccc3)CC1)C(=O)N2,98.0,-1.9912260756924949,0,train,7.008773924307505,-1.8470256636871978,-0.1442004120052971,0.1442004120052971
O=c1[nH]c2ccccc2n1CCCCCN1CCN(c2ccc(Cl)cc2)CC1,7.0,-0.8450980400142568,1,train,8.154901959985743,-0.7009462292043023,-0.14415181080995454,0.14415181080995454
O=C(CCCCN1CCC2(CC1)C(=O)NCN2c1ccccc1)c1nc2ccccc2s1,518.0,-2.714329759745233,0,train,6.285670240254767,-2.570201048883968,-0.14412871086126522,0.14412871086126522
CN1CCCN(CCn2ccc3ccc(OCc4ccccc4)cc32)CC1,182.0,-2.2600713879850747,0,train,6.739928612014925,-2.4038193644633314,0.14374797647825677,0.14374797647825677
CCn1cncc1-c1c[nH]c2ccc(Br)cc12,20.0,-1.3010299956639813,1,train,7.698970004336019,-1.444775481719889,0.14374548605590776,0.14374548605590776
COc1ccccc1N1CCN(CCCCC(=O)n2c3ccccc3c3ccccc32)CC1,30.0,-1.4771212547196624,0,train,7.522878745280337,-1.6208182498285288,0.14369699510886647,0.14369699510886647
CC(C)N1CC(Oc2cc(Br)ccc2C(=O)c2ccc3c(c2)OCO3)C1,143.0,-2.155336037465062,0,train,6.844663962534938,-2.0120764161266087,-0.14325962133845316,0.14325962133845316
COc1ccc2[nH]cc(C3=CCN(Cc4ccccc4)CC3)c2c1,1100.0,-3.041392685158225,0,train,5.958607314841775,-2.898348137463171,-0.14304454769505393,0.14304454769505393
CN(C)C(=O)Cn1c2c(c3ccccc31)CCN(CCCCC13CCCc4cccc(c41)NC3=O)C2,19.0,-1.2787536009528289,0,train,7.721246399047171,-1.1357504891656227,-0.14300311178720615,0.14300311178720615
Nn1c(CCCCN2CCN(c3ccccc3)CC2)nc2c(sc3ccccc32)c1=O,12.0,-1.0791812460476249,0,train,7.920818753952375,-1.222101227364152,0.14291998131652717,0.14291998131652717
Cc1ccc(-c2ccccc2C2CCN(C)C2)cc1,430.03,-2.6334987541376886,0,train,6.366501245862311,-2.4906210758936735,-0.1428776782440151,0.1428776782440151
COc1ccccc1N1CCN(CCCCC(=O)NCc2ccccc2-c2ccc(Cl)cc2)CC1,26.0,-1.414973347970818,1,train,7.585026652029182,-1.5578219843585592,0.14284863638774126,0.14284863638774126
Cc1ccc(C2=CCN(CCCCC34CCCc5cccc(c53)NC4=O)CC2)cc1,4.8,-0.6812412373755872,0,train,8.318758762624412,-0.823897693859939,0.14265645648435188,0.14265645648435188
c1ccc(N2CCN(CCCc3nc4ccccc4s3)CC2)nc1,107.0,-2.0293837776852097,0,train,6.97061622231479,-2.171978438556234,0.14259466087102446,0.14259466087102446
COc1ccccc1N1CCN(CCCC(=O)NCc2ccccc2-c2ccccc2Cl)CC1,47.0,-1.6720978579357175,0,train,7.327902142064282,-1.5295413605665766,-0.1425564973691409,0.1425564973691409
CN1CCC(Oc2cc(Br)ccc2OCc2cccc(F)c2)C1,34.0,-1.5314789170422551,0,train,7.468521082957745,-1.3889317513109662,-0.1425471657312889,0.1425471657312889
Cc1ccc(Oc2cc(Cl)ccc2O[C@@H]2CCN(C)C2)cc1,820.0,-2.9138138523837167,0,train,6.086186147616283,-2.7713592526175512,-0.14245459976616548,0.14245459976616548
O=C1c2cccc3cccc(c23)N1CCCCCCN1CCN(c2cccc3cccnc23)CC1,119.0,-2.0755469613925306,0,train,6.924453038607469,-2.2179513401756297,0.14240437878309908,0.14240437878309908
C[C@H](Nc1cncc(NCCc2ccc(F)cc2)c1)c1ccccc1,16.0,-1.2041199826559248,1,train,7.795880017344075,-1.061748768799859,-0.14237121385606577,0.14237121385606577
CCC(Oc1cc(Cl)cc(Cl)c1)c1nc(Nc2ccccc2)nc(N2CCN(C)CC2)n1,16150.0,-4.208172526667122,0,train,4.791827473332878,-4.065870713407136,-0.14230181325998537,0.14230181325998537
COc1ccc(CCOc2ccc(Cl)cc2OC2CNC2)cc1,4.0,-0.6020599913279624,0,train,8.397940008672037,-0.7443489408836749,0.14228894955571247,0.14228894955571247
COc1cccc(N2CCN(CCCCC3C(=O)Nc4ccccc43)CC2)c1,2.6,-0.414973347970818,0,train,8.585026652029182,-0.5568508171553307,0.14187746918451272,0.14187746918451272
COc1ccc(N2CCN(CCCCC34CCCc5cccc(c53)NC4=O)CC2)cc1,20.0,-1.3010299956639813,0,train,7.698970004336019,-1.1591595697448964,-0.14187042591908483,0.14187042591908483
O=S(=O)(CC1CCN(CCCc2noc3cc(F)ccc23)C1)c1cccc(F)c1,102.0,-2.0086001717619175,0,train,6.991399828238082,-1.8672436729980597,-0.14135649876385736,0.14135649876385736
COc1cc2c(cc1OC)CN(CCCCc1nc3cc(Cl)ccc3s1)CC2,67.5,-1.8293037728310249,0,train,7.170696227168975,-1.9700247320358162,0.14072095920479133,0.14072095920479133
CC(C)c1ccccc1N1CCN(CCCCCCC(=O)N2Cc3ccccc3C[C@H]2C(=O)N2CCCCC2)CC1,22.0,-1.3424226808222062,0,train,7.657577319177793,-1.482641030075772,0.1402183492535658,0.1402183492535658
CCNC(=O)c1cccc(NC2=NC(N)=NC3(CCCCC3)N2)c1,427.0,-2.630427875025024,0,train,6.369572124974976,-2.4905018930067713,-0.1399259820182528,0.1399259820182528
CN1CCN(CCCCCC(=O)n2c3ccccc3c3ccccc32)CC1,1907.5,-3.280464546626918,0,train,5.719535453373082,-3.140980562447568,-0.13948398417935026,0.13948398417935026
O=C1c2ccccc2S(=O)(=O)N1CCCCN1CCN(c2cccc(Cl)c2Cl)CC1,372.0,-2.5705429398818973,0,train,6.429457060118103,-2.4318170401175765,-0.13872589976432081,0.13872589976432081
O=C1c2ccc(Cl)cc2CC1CCCN1CCN(c2ccccn2)CC1,78.0,-1.8920946026904804,0,train,7.107905397309519,-1.7534476914636807,-0.13864691122679962,0.13864691122679962
COc1ccccc1N1CCN(CCCCCC(=O)NCc2ccc(OS(C)(=O)=O)cc2)CC1,71.0,-1.8512583487190752,0,train,7.1487416512809245,-1.9897590765560793,0.13850072783700407,0.13850072783700407
CN1CCN(c2nc(N)nc(CCC[Se]c3ccccc3)n2)CC1,7376.0,-3.867820908045573,0,train,5.132179091954427,-3.729414704540712,-0.1384062035048612,0.1384062035048612
CCN(CCN1CCC(c2noc3cc(F)ccc23)CC1)C(=O)CO,6.9,-0.8388490907372553,0,train,8.161150909262744,-0.7007957720442536,-0.13805331869300175,0.13805331869300175
CC(C)N1CCc2c(c(-c3ccc(Cl)cc3)cn2Cc2ccccc2)C1,370.0,-2.568201724066995,1,train,6.431798275933005,-2.4301722162116044,-0.1380295078553906,0.1380295078553906
Clc1ccc(C2(COc3ccc(Cl)cc3OC3CNC3)CCC2)cc1,34.0,-1.5314789170422551,0,train,7.468521082957745,-1.669397579039886,0.13791866199763092,0.13791866199763092
Oc1cccc(N(CCCCCCN2CCN(c3ccccc3)CC2)Cc2ccccc2)c1,138.0,-2.1398790864012365,0,train,6.860120913598763,-2.002243831139387,-0.1376352552618494,0.1376352552618494
Cc1cc(C)c(OCCOCCN2CCN(CCc3ccccc3)CC2)c(C)c1,1050.0,-3.0211892990699383,0,train,5.978810700930062,-2.8840943747863657,-0.13709492428357262,0.13709492428357262
CC1CCN(CC[C@H]2CCCN2S(=O)(=O)c2ccc3[nH]nnc3c2)CC1,26.0,-1.414973347970818,1,train,7.585026652029182,-1.2780068519789693,-0.13696649599184862,0.13696649599184862
CCN1CC(Oc2cc(Br)ccc2OCc2cccc(F)c2)C1,5.0,-0.6989700043360189,0,train,8.301029995663981,-0.8357886316866755,0.13681862735065664,0.13681862735065664
O=C(CCCCCN1CCN(c2ccccc2O)CC1)n1c2ccccc2c2ccccc21,38.0,-1.5797835966168101,0,train,7.42021640338319,-1.716526087501267,0.136742490884457,0.136742490884457
Cc1c(S(=O)(=O)NCCCCN2CCN(c3nsc4ccccc34)CC2)sc2ccc(F)cc12,4.6,-0.6627578316815741,1,train,8.337242168318426,-0.7993609131515104,0.13660308146993627,0.13660308146993627
CC(Oc1cc(Cl)ccc1Cl)c1nc(N)nc(N2CCN(C)CC2)n1,15050.0,-4.177536499929862,0,train,4.822463500070138,-4.040956833405778,-0.13657966652408415,0.13657966652408415
CN1CCN(c2nc(N)nc(C[Se]Cc3ccccc3)n2)CC1,4450.0,-3.6483600109809315,0,train,5.351639989019068,-3.5118744851742862,-0.13648552580664575,0.13648552580664575
[N]C([N])=NC(=O)c1ccc2c(c1)C1([C][C]1)c1ccccc1-2,4.9,-0.6901960800285137,0,train,8.309803919971486,-0.5539538036794711,-0.13624227634904262,0.13624227634904262
COc1ccccc1N1CCN(CC(O)CN2C(=O)NC(C)(c3ccc(C)cc3)C2=O)CC1,50.0,-1.6989700043360187,1,train,7.301029995663981,-1.5627351274036791,-0.1362348769323396,0.1362348769323396
NC(=O)c1ccccc1N1CCN(CCCCCC(=O)NC2CCCc3ccccc32)CC1,229.0,-2.359835482339888,1,train,6.6401645176601125,-2.2237376553496855,-0.13609782699020245,0.13609782699020245
CCN(CCN1CCC(c2c[nH]c3ccccc23)CC1)S(=O)(=O)CCO,8.7,-0.9395192526186185,0,train,8.060480747381382,-1.0754862786217132,0.13596702600309485,0.13596702600309485
O=S(=O)(NCCCN1CCc2ccccc2C1)c1ccccc1,270.0,-2.4313637641589874,0,train,6.568636235841012,-2.2954004166330684,-0.13596334752591943,0.13596334752591943
O=C(CCCCCN1CCN(c2nc3ccccc3[nH]2)CC1)NC1CCCc2ccccc21,356.0,-2.5514499979728753,0,train,6.448550002027124,-2.415532793327948,-0.13591720464492774,0.13591720464492774
COc1ccc(-c2ccccc2OC(F)(F)F)cc1OC1CNC1,10.0,-1.0,0,train,8.0,-1.1355360542336235,0.13553605423362347,0.13553605423362347
CC(C)c1ccccc1OCCCN1CCC(NS(=O)(=O)c2ccc(F)cc2)CC1,32.0,-1.505149978319906,1,train,7.494850021680094,-1.3696412644893974,-0.13550871383050866,0.13550871383050866
Clc1cccc(-c2n[nH]c3c2CCNCC3)c1,883.0,-2.9459607035775686,1,train,6.054039296422431,-2.8106891461230803,-0.1352715574544887,0.1352715574544887
CC1CCN(CC[C@@H](C)N(C)S(=O)(=O)c2ccc(Br)c(Br)c2)CC1,20.0,-1.3010299956639813,0,train,7.698970004336019,-1.436297956707118,0.13526796104313665,0.13526796104313665
COc1ccc(-c2ccccc2N2CCN(CCCCOc3ccc4c(c3)NC(=O)C(C)O4)CC2)cc1,15.0,-1.1760912590556813,0,train,7.823908740944319,-1.3113460080521302,0.13525474899644907,0.13525474899644907
O=S(=O)(NC1CCN(CCOc2ccccc2C2CCCC2)CC1)c1cccc(Cl)c1,17.0,-1.2304489213782739,0,train,7.769551078621726,-1.3654302881804656,0.13498136680219153,0.13498136680219153
O=S(=O)(NCCCCN1CCC(c2noc3cc(F)ccc23)CC1)c1cc2ccccc2s1,1.75,-0.24303804868629444,1,train,8.756961951313706,-0.3779994381075577,0.13496138942126332,0.13496138942126332
FC(F)(F)c1ccc2ccn(CCN3CCCN4CCCCC4C3)c2c1,7.0,-0.8450980400142568,0,train,8.154901959985743,-0.9799086247034566,0.13481058468919982,0.13481058468919982
CC(Oc1ccc(Cl)cc1OC1CNC1)c1ccc(C(F)(F)F)o1,12.0,-1.0791812460476249,1,train,7.920818753952375,-1.213959217828979,0.1347779717813542,0.1347779717813542
O=C1CC2CCc3ccsc3C2=NN1Cc1ccc(CN2CCN(Cc3ccccc3)CC2)cc1,2108.0,-3.323870606540509,0,train,5.676129393459491,-3.1891422037963713,-0.13472840274413755,0.13472840274413755
COc1cccc(-c2ccc(CNCCc3c[nH]c4ccc(OC)cc34)o2)c1,871.0,-2.9400181550076634,0,train,6.059981844992336,-3.074634641309801,0.13461648630213752,0.13461648630213752
Nc1nc(NCCc2c[nH]c3ccccc23)nc(N2CCN(c3ccccc3)CC2)n1,798.0,-2.9020028913507296,1,train,6.09799710864927,-3.036585079704242,0.13458218835351232,0.13458218835351232
O=c1n(CCCCCCN2CCN(c3cccc4cccnc34)CC2)nc2ccccn12,655.0,-2.816241299991783,0,train,6.183758700008217,-2.6817196897739213,-0.1345216102178619,0.1345216102178619
CC(Oc1ccc(Cl)cc1OC1CNC1)c1ccccc1Cl,68.0,-1.8325089127062364,1,train,7.167491087293763,-1.9668984788571766,0.13438956615094022,0.13438956615094022
COc1cc2c(cc1OC)CN(/C=N/c1ccc3c(c1)C(O)CC3)CC2,400.0,-2.6020599913279625,0,train,6.3979400086720375,-2.7364404458290936,0.13438045450113112,0.13438045450113112
CCCN1CCN(c2ccc3c(c2)C(N(C)C(=O)OCc2ccccc2)CCC3)CC1,459.0,-2.661812685537261,0,train,6.338187314462739,-2.5274732249687877,-0.13433946056847335,0.13433946056847335
Cc1[nH]c2ccc(Cl)cc2c1C1=CCN(CCCNS(=O)(=O)c2ccc3ccccc3c2)CC1,150.0,-2.1760912590556813,0,train,6.823908740944319,-2.310210374051035,0.13411911499535378,0.13411911499535378
C=C[C@H]1CN2CCc3c([nH]c4cccc(OC)c34)[C@@H]2C[C@@H]1/C(=C\OC)C(=O)OC,870.0,-2.9395192526186187,0,train,6.060480747381382,-2.8054584719925786,-0.1340607806260401,0.1340607806260401
O=C1c2ccccc2CCCN1CCN1CCC(n2c(=O)oc3ccccc32)CC1,28.0,-1.4471580313422192,0,train,7.552841968657781,-1.3131995331444803,-0.13395849819773886,0.13395849819773886
Cc1cccc(S(=O)(=O)NCCCN2CCN(c3nsc4ccccc34)CC2)c1,1.7,-0.2304489213782739,0,train,8.769551078621726,-0.36409805295482445,0.13364913157655053,0.13364913157655053
C[C@H]1C[C@H](NS(=O)(=O)c2cccc(Cl)c2)CN1CCCc1noc2cc(F)ccc12,102.0,-2.0086001717619175,0,train,6.991399828238082,-1.8750123056837973,-0.1335878660781198,0.1335878660781198
CC(C)c1ccccc1OCC(C)N1CCC(NS(=O)(=O)c2ccc(F)cc2)CC1,74.0,-1.8692317197309762,1,train,7.130768280269024,-1.7358011431413336,-0.1334305765896424,0.1334305765896424
C=CCOc1c(OC)cc2c3c1-c1cc(N(C)C)ccc1CC3N(C)CC2,309.0,-2.4899584794248346,0,train,6.510041520575165,-2.357514588838198,-0.13244389058663675,0.13244389058663675
O=S(=O)(NC1CCN(CC(O)COc2ccccc2-c2ccccc2)CC1)c1cccc(Cl)c1,33.0,-1.5185139398778875,0,train,7.481486060122112,-1.6508441277125947,0.13233018783470718,0.13233018783470718
O=S1(=O)c2cccc3cccc(c23)N1CCCCCCN1CCN(c2nsc3ccccc23)CC1,105.0,-2.0211892990699383,0,train,6.978810700930062,-1.8889767036599483,-0.13221259540998997,0.13221259540998997
Clc1ccc2sc(CCCCN3CCc4ccccc4C3)nc2c1,25.0,-1.3979400086720377,0,train,7.6020599913279625,-1.5299112946186821,0.13197128594664465,0.13197128594664465
NCC(O)c1ccc(O)cc1,1000.0,-3.0,0,train,6.0,-2.8680891254528844,-0.1319108745471156,0.1319108745471156
CCC1(CCCCN2CCN(c3cccc(Cl)c3)CC2)C(=O)Nc2cc(F)ccc21,0.67,0.17392519729917355,1,train,9.173925197299173,0.042183083662801234,0.13174211363637225,0.13174211363637225
CC(C)c1nc2c(N3CCNCC3)nccc2n1S(=O)(=O)c1cccc(Cl)c1,3904.0,-3.591509808994654,0,train,5.408490191005345,-3.459980667894523,-0.13152914110013114,0.13152914110013114
O=C(CCOCCN1CCN(c2ccccc2-c2ccccc2)CC1)NCc1ccncc1,53.0,-1.724275869600789,1,train,7.275724130399211,-1.5932568110469978,-0.13101905855379115,0.13101905855379115
[N]C([N])=NC(=O)c1ccc2c(c1)C1([C][C]O[C][C]1)c1ccccc1-2,1.3,-0.11394335230683679,0,train,8.886056647693163,-0.2449321756016624,0.1309888232948257,0.1309888232948257
Nc1nc(N)nc(NCCCCCN2CCN(c3cccc(Cl)c3Cl)CC2)n1,343.0,-2.5352941200427703,0,train,6.464705879957229,-2.4045678388387697,-0.13072628120400065,0.13072628120400065
COc1ccccc1N1CCN(CCCCC(=O)c2ccc(O)cc2)CC1,59.1,-1.7715874808812553,0,train,7.228412519118745,-1.6408685744338174,-0.1307189064474379,0.1307189064474379
C[C@H]1C[C@H](NS(=O)(=O)c2ccc3ccccc3c2)CN1CCCc1noc2cc(F)ccc12,44.0,-1.6434526764861874,0,train,7.356547323513812,-1.7740522482693002,0.13059957178311277,0.13059957178311277
COc1ccc2c(c1)C(NC(=O)CCCN1CCN(c3ccccc3OC)CC1)CCC2,129.0,-2.110589710299249,0,train,6.889410289700751,-1.980309529773877,-0.1302801805253717,0.1302801805253717
CCOc1ccccc1C(=O)NC1CCN(CCSc2ccccc2-c2ccccc2)CC1,329.0,-2.5171958979499744,0,train,6.482804102050025,-2.386972955848194,-0.13022294210178043,0.13022294210178043
CCCc1ccc(N2CCN(Cc3c[nH]c4ncccc34)CC2)cc1,713.0,-2.8530895298518657,0,train,6.146910470148134,-2.7229557071572312,-0.13013382269463447,0.13013382269463447
Cc1cn2c3c(=O)n(C)c(=O)n(C)c3nc2n1CCCCCN1CCN(c2ccc(Cl)cc2)CC1,691.0,-2.8394780473741985,0,train,6.1605219526258015,-2.709392415575664,-0.1300856317985346,0.1300856317985346
O=C(CCOCCN1CCN(c2ccccc2-c2ccc(F)cc2)CC1)NCc1ccc(F)nc1,16.0,-1.2041199826559248,0,train,7.795880017344075,-1.334132802270225,0.13001281961430022,0.13001281961430022
O=C(CCCCCN1CCN(c2nc3ccccc3o2)CC1)c1ccccc1O,148.0,-2.1702617153949575,1,train,6.8297382846050425,-2.3002696592490115,0.13000794385405445,0.13000794385405445
O=S(=O)(NCCCCN1CCN(c2cccc(Cl)c2Cl)CC1)c1ccc2cccnc2c1,31.0,-1.4913616938342726,1,train,7.508638306165727,-1.6213156981824337,0.12995400434816107,0.12995400434816107
CC1(c2ccc(F)cc2)NC(=O)N(CC(O)CN2CCN(c3ccc(Cl)cc3)CC2)C1=O,908.0,-2.958085848521085,1,train,6.041914151478915,-2.828150480332008,-0.12993536818907714,0.12993536818907714
O=C1Cc2ccccc2N1CC/C=C/CCN1CC[C@H]2CCCC[C@@H]2C1,2.7,-0.43136376415898736,1,train,8.568636235841012,-0.5612821711046149,0.12991840694562756,0.12991840694562756
Fc1ccc(CCCCN2CCN(c3cccnc3)CC2)cc1,267.0,-2.4265112613645754,0,train,6.573488738635424,-2.2966315011683656,-0.12987976019620984,0.12987976019620984
O=C(CCCCCN1CCN(c2ccccc2)CC1)c1ccccc1O,43.0,-1.6334684555795864,0,train,7.366531544420414,-1.7631993163283801,0.1297308607487937,0.1297308607487937
CN1CCc2cccc3c2C1Cc1ccc(NS(C)(=O)=O)cc1-3,27.0,-1.4313637641589874,0,train,7.568636235841012,-1.5610192245128938,0.1296554603539064,0.1296554603539064
O=S(=O)(c1cccc2ncccc12)N1CCCC[C@@H]1CCN1CCN(c2cccc3sccc23)CC1,22.0,-1.3424226808222062,0,train,7.657577319177793,-1.4719788930496338,0.12955621222742764,0.12955621222742764
CCN(CCN1CCC(c2noc3cc(F)ccc23)CC1)C(=O)C1CN(C)CC1O,3.6,-0.5563025007672873,0,train,8.443697499232712,-0.6858417240333675,0.12953922326608025,0.12953922326608025
O=S(=O)(c1cccc2ncccc12)N1CCC(CCN2CCN(c3ccccc3)CC2)CC1,209.0,-2.3201462861110542,1,train,6.679853713888946,-2.190779172985009,-0.1293671131260452,0.1293671131260452
O=c1[nH]c(CCCCN2CCN(Cc3ccccc3)CC2)nc2ccsc12,133.0,-2.123851640967086,1,train,6.876148359032914,-1.9946961234011693,-0.12915551756591648,0.12915551756591648
O=S(=O)(NCC1CCN(CCOc2cccc(F)c2)CC1)c1cccs1,2222.0,-3.346744054604849,1,train,5.653255945395151,-3.217602469985482,-0.12914158461936687,0.12914158461936687
FC(F)(F)c1cccc(COc2ccc(Cl)cc2OC2CCCNC2)c1,143.0,-2.155336037465062,1,train,6.844663962534938,-2.0262940579252593,-0.12904197953980256,0.12904197953980256
CCCN(C(C)C)[C@H]1COc2cccc(C(=O)NC(C)C)c2C1,240.0,-2.380211241711606,0,train,6.619788758288394,-2.251234748996926,-0.12897649271467992,0.12897649271467992
Cc1ccc(N2CCN(CCCCc3ccc(F)cc3)CC2)nc1,61.5,-1.7888751157754168,0,train,7.211124884224583,-1.9177931472074123,0.12891803143199554,0.12891803143199554
O=C(CCCCCN1CCCCCC1)n1c2ccccc2c2ccccc21,616.5,-2.7899330809317506,0,train,6.210066919068249,-2.918772560496925,0.12883947956517483,0.12883947956517483
CN1CC[C@H]2c3cccc(-c4ccccc4)c3OC[C@]21C,20.0,-1.3010299956639813,0,train,7.698970004336019,-1.4297580765523958,0.1287280808884146,0.1287280808884146
NCCCN(CCCN1CCc2ccccc2C1)S(=O)(=O)c1ccccc1,335.0,-2.525044807036845,0,train,6.474955192963154,-2.653238233820901,0.12819342678405565,0.12819342678405565
Cc1cc(-c2ccc(Cl)cc2C2CCNC2)ccc1F,380.01,-2.5797950252685893,0,train,6.42020497473141,-2.4516068419657158,-0.12818818330287352,0.12818818330287352
O=[N+]([O-])c1ccc(-c2ccccc2N2CCNCC2)cc1,7.0,-0.8450980400142568,0,train,8.154901959985743,-0.7170530523049087,-0.12804498770934813,0.12804498770934813
O=c1c(-c2ccc(F)cc2)c2n(c(=O)n1CCCCN1CCCC(c3c[nH]c4ccccc34)C1)CCCC2,1712.0,-3.2335037603411343,0,train,5.766496239658865,-3.1054795569751565,-0.12802420336597775,0.12802420336597775
CC(C)c1noc(COc2ccc(Cl)cc2OC2CNC2)n1,273.0,-2.436162647040756,0,train,6.5638373529592435,-2.564125022938169,0.12796237589741288,0.12796237589741288
Fc1ccc(-c2c3c(nn2C2CCC2)CCNCC3)cc1,150.0,-2.1760912590556813,0,train,6.823908740944319,-2.0482151749667903,-0.12787608408889106,0.12787608408889106
O=C(c1ccc(Cl)cc1)C1CCN(CC[C@H]2CCCN2S(=O)(=O)c2ccc3cc[nH]c3c2)CC1,0.794328,0.10000012833419589,0,train,9.100000128334196,-0.027813602784383887,0.1278137311185797,0.1278137311185797
O=C1Nc2ccc(Cl)c3c2C1(CCCCN1CC=C(c2ccc(F)cc2)CC1)CCC3,2.0,-0.3010299956639812,0,train,8.698970004336019,-0.4285613870024424,0.1275313913384612,0.1275313913384612
CCNCc1ccc(Cl)c(-c2ccccc2OC)c1,9.65,-0.9845273133437926,0,train,8.015472686656206,-1.1117653549499542,0.1272380416061616,0.1272380416061616
C=CCOc1c(OC)cc2c3c1-c1cc(NS(C)(=O)=O)ccc1CC3N(C)CC2,42.0,-1.6232492903979006,0,train,7.376750709602099,-1.750401178671651,0.12715188827375035,0.12715188827375035
O=C1NC2(CCCc3ccccc32)C(=O)N1CCCCN1CCN(c2cccc(C(F)(F)F)c2)CC1,117.0,-2.0681858617461617,0,train,6.931814138253838,-1.9411261041894667,-0.12705975755669496,0.12705975755669496
NC(=O)C1(N2CCCCC2)CCN(CCCC(=O)c2ccc(F)cc2)CC1,150.0,-2.1760912590556813,0,train,6.823908740944319,-2.303101044676967,0.1270097856212855,0.1270097856212855
Cn1c(=O)c2c(ncn2CCCCCN2CCN(c3ccccc3)CC2)n(C)c1=O,346.0,-2.5390760987927767,0,train,6.460923901207224,-2.665774484437941,0.12669838564516445,0.12669838564516445
O=S(=O)(NCCCN1CCN(c2nsc3ccccc23)CC1)c1cnc2ccccn12,6.3,-0.7993405494535817,1,train,8.200659450546418,-0.925972019308395,0.12663146985481333,0.12663146985481333
Cc1ccc(OCc2nc(N)nc(N3CCN(C)CC3)n2)cc1,16050.0,-4.205475036740891,0,train,4.794524963259109,-4.078918128937311,-0.12655690780357975,0.12655690780357975
O=S(=O)(NC1CCN(CCOc2cc(Cl)ccc2Cl)C1)c1ccc(Cl)s1,58.0,-1.7634279935629373,0,train,7.236572006437063,-1.6369487724808658,-0.12647922108207132,0.12647922108207132
C=CCN(CC=C)CCc1c[nH]c2ccc(OC)cc12,89.0,-1.9493900066449128,0,train,7.050609993355087,-2.0758316394645524,0.1264416328196396,0.1264416328196396
O=S(=O)(NCCCCN1CCN(c2ccc(Cl)cc2)CC1)c1cncc2ccccc12,68.0,-1.8325089127062364,0,train,7.167491087293763,-1.9585607084750363,0.12605179576879988,0.12605179576879988
O=C1c2ccccc2S(=O)(=O)N1CCCCCCN1CCN(c2nsc3ccccc23)CC1,45.0,-1.6532125137753437,0,train,7.346787486224656,-1.7791533408488729,0.12594082707352938,0.12594082707352938
COc1ccccc1N1CCN(CCCC(=O)Nc2ccc(C(C)C)cc2)CC1,954.0,-2.979548374704095,0,train,6.020451625295905,-2.8536649978953093,-0.12588337680878592,0.12588337680878592
CCOc1ccccc1N1CCN(CCC(=O)N2CCN(c3ccccc3)CC2)CC1,80.0,-1.9030899869919435,0,train,7.096910013008056,-1.777265288874464,-0.12582469811747954,0.12582469811747954
COc1cccc(COc2ccc(Br)cc2OC2CCN(C)C2)c1,13.0,-1.1139433523068367,1,train,7.886056647693163,-1.2396577068322927,0.12571435452545598,0.12571435452545598
NC(=O)[C@@H]1CCCN1C(=O)CCCCCN1CCN(c2noc3ccccc23)CC1,50.0,-1.6989700043360187,1,train,7.301029995663981,-1.8246459292991148,0.1256759249630961,0.1256759249630961
O=S(=O)(NC1CC2CCC(C1)N2CCOc1cccc(-c2ccccc2)c1)c1ccc(F)c(F)c1,20.0,-1.3010299956639813,0,train,7.698970004336019,-1.4266939488261414,0.12566395316216017,0.12566395316216017
O=C1c2ccccc2CCCN1CCN1CCC(n2c(=O)oc3cc(F)ccc32)CC1,9.3,-0.9684829485539351,0,train,8.031517051446064,-0.843035381819372,-0.12544756673456325,0.12544756673456325
CC(C)c1ccccc1N1CCN(CCCCCCC(=O)N2CCC[C@H]2C(=O)N2CCOCC2)CC1,135.0,-2.130333768495006,0,train,6.8696662315049934,-2.0050136786749797,-0.1253200898200264,0.1253200898200264
O=S(=O)(NC1CCN(CCOc2ccccc2-c2ccccc2)CC1)c1cccnc1,53.0,-1.724275869600789,0,train,7.275724130399211,-1.5990768753990434,-0.12519899420174552,0.12519899420174552
COc1cc(CCN)c(OC)cc1Br,209.5,-2.3211840273023143,0,train,6.678815972697686,-2.1959942382525943,-0.12518978904972,0.12518978904972
O=C(CCCCN1CCCC1)n1c2ccccc2c2ccccc21,2147.5,-3.33193317250328,0,train,5.66806682749672,-3.2070553156929136,-0.12487785681036634,0.12487785681036634
O=C1c2ccccc2S(=O)(=O)N1CCCCN1CCN(c2ncccn2)CC1,1406.0,-3.147985320683805,0,train,5.852014679316195,-3.023333921384132,-0.12465139929967295,0.12465139929967295
CN1CCc2cccc3c2[C@H]1Cc1ccccc1-3,88.0,-1.9444826721501687,0,train,7.055517327849831,-1.8199521674426398,-0.12453050470752913,0.12453050470752913
O=C(CCOCCN1CCN(c2cccnc2-c2ccc(F)cc2)CC1)NCc1ccc(C(F)(F)F)cc1,254.0,-2.404833716619938,0,train,6.5951662833800615,-2.280699718932104,-0.12413399768783417,0.12413399768783417
COc1ccc(-c2ccccc2OC)cc1OC1CNC1,50.0,-1.6989700043360187,1,train,7.301029995663981,-1.5754454022383344,-0.12352460209768434,0.12352460209768434
O=S(=O)(NCCCN1CCN(c2noc3ccccc23)CC1)c1cccs1,94.0,-1.9731278535996986,1,train,7.026872146400302,-1.8496338304915212,-0.12349402310817714,0.12349402310817714
O=S(=O)(c1cccc(Cl)c1)n1c(-c2ccccc2)nc2c(N3CCNCC3)nccc21,3084.0,-3.4891143693789193,0,train,5.510885630621081,-3.3658554031815733,-0.12325896619734644,0.12325896619734644
C[C@H]1C[C@H](NS(=O)(=O)c2ccc(F)c(Cl)c2)CN1CCCc1noc2cc(F)ccc12,126.0,-2.100370545117563,0,train,6.899629454882437,-1.977157211848918,-0.12321333326864492,0.12321333326864492
COc1ccccc1N1CCN(CCCCCCN2C(=O)c3cccc4cccc(c34)C2=O)CC1,266.0,-2.424881636631067,0,train,6.575118363368933,-2.3017258676482535,-0.12315576898281355,0.12315576898281355
COc1ccccc1N1CCN(Cc2ccccc2-c2ccccc2C)CC1,311.0,-2.4927603890268375,0,train,6.507239610973162,-2.3696269818367846,-0.1231334071900525,0.1231334071900525
O=S(=O)(NCCN1CC=C(c2c[nH]c3ccc(Cl)cc23)CC1)c1ccc(F)cc1,9.0,-0.9542425094393249,1,train,8.045757490560675,-1.0770221085690557,0.12277959912973091,0.12277959912973091
CC1CCN(CC[C@@H](C)C(C)S(=O)(=O)c2ccc(Br)c(Br)c2)CC1,20.0,-1.3010299956639813,0,train,7.698970004336019,-1.4233604293274726,0.12233043366349139,0.12233043366349139
CCCOc1nc2c(c(=O)n(C)c(=O)n2C)n1CCCCN1CCN(c2ccccc2)CC1,680.0,-2.832508912706236,1,train,6.167491087293763,-2.7102060168902598,-0.12230289581597642,0.12230289581597642
Cc1ccccc1-c1ccc(C#N)c(OC2CNC2)c1,508.04,-2.705897907353572,1,train,6.294102092646428,-2.5836105950683628,-0.12228731228520928,0.12228731228520928
CC1NC(N)=Nc2ccc(Cl)c(Cl)c21,8.7,-0.9395192526186185,0,train,8.060480747381382,-1.061785221035337,0.12226596841671855,0.12226596841671855
COc1ccc(N2CCN(Cc3ccccc3-c3ccccc3)CC2)cc1OC,1850.0,-3.2671717284030137,0,train,5.732828271596986,-3.1451251434822445,-0.12204658492076925,0.12204658492076925
O=C1c2ccc(F)cc2CC1CCN1CCCN(c2ccccn2)CC1,58.5,-1.7671558660821804,0,train,7.232844133917819,-1.645161548107153,-0.12199431797502736,0.12199431797502736
COc1ccccc1N1CCN(C(=O)CCN2CCN(Cc3ccccc3)CC2)CC1,24.0,-1.380211241711606,0,train,7.619788758288394,-1.5021954010141996,0.12198415930259365,0.12198415930259365
NCCc1cn(S(=O)(=O)c2c(Cl)nc3sccn23)c2ccccc12,679.0,-2.8318697742805017,0,train,6.168130225719498,-2.7099614439706023,-0.12190833030989934,0.12190833030989934
Clc1ccc2c(c1)CC(Oc1ccc(Cl)cc1OC1CNC1)C2,24.0,-1.380211241711606,0,train,7.619788758288394,-1.5020778930687064,0.12186665135710051,0.12186665135710051
CCC(Oc1cc(F)ccc1C(F)(F)F)c1nc(N)nc(N2CCN(C)CC2)n1,7330.0,-3.8651039746411278,0,train,5.134896025358872,-3.986891805660455,0.121787831019327,0.121787831019327
O=C1CCc2cc(CCCCN3CCN(c4ccccn4)CC3)ccc2N1,24.0,-1.380211241711606,1,train,7.619788758288394,-1.5019377967505512,0.12172655503894525,0.12172655503894525
CCCC(Oc1cc(Cl)cc(Cl)c1)c1nc(N)nc(N2CCN(C)CC2)n1,19850.0,-4.297760511099134,0,train,4.702239488900866,-4.176085178796448,-0.12167533230268557,0.12167533230268557
CC(C)c1ccccc1OCCN1CC(NS(=O)(=O)c2cccc(F)c2)C1,14.0,-1.146128035678238,1,train,7.853871964321762,-1.267802984646261,0.12167494896802311,0.12167494896802311
C[C@H](Nc1cncc(NCCOc2ccccc2)c1)c1ccccc1,4.0,-0.6020599913279624,1,train,8.397940008672037,-0.7237268877439387,0.12166689641597628,0.12166689641597628
CCCOc1nc2c(c(=O)n(C)c(=O)n2C)n1CCCN1CCN(c2ccccc2)CC1,980.0,-2.9912260756924947,1,train,6.008773924307505,-2.869701459598191,-0.12152461609430354,0.12152461609430354
Oc1cccc(C2NCCc3c2[nH]c2ccccc32)c1,1100.0,-3.041392685158225,1,train,5.958607314841775,-2.9198788260448363,-0.12151385911338863,0.12151385911338863
CC(Oc1ccc(Cl)cc1OC1CNC1)c1ccc(Cl)cc1,42.0,-1.6232492903979006,0,train,7.376750709602099,-1.7446692458962525,0.12141995549835194,0.12141995549835194
CCOc1nc2c(c(=O)n(C)c(=O)n2C)n1CCCCN1CCN(c2cccc(Cl)c2)CC1,51.0,-1.7075701760979363,1,train,7.292429823902063,-1.828754131179585,0.12118395508164848,0.12118395508164848
Cc1ccc(C)c(N2CCN(CC(O)CN3C(=O)NC(C)(c4ccc(F)cc4)C3=O)CC2)c1,56.0,-1.7481880270062005,0,train,7.251811972993799,-1.869348770293177,0.12116074328697657,0.12116074328697657
Brc1cccc(Oc2ccc(Br)cc2OC2CNC2)c1,9.0,-0.9542425094393249,0,train,8.045757490560675,-1.0751740132437326,0.12093150380440787,0.12093150380440787
NC(=O)Cn1c2c(c3ccccc31)CCN(CCCCC13CCCc4cccc(c41)NC3=O)C2,8.7,-0.9395192526186185,0,train,8.060480747381382,-1.060308397663401,0.12078914504478255,0.12078914504478255
C[C@H]1C[C@H](NS(=O)(=O)c2cc3ccccc3s2)CN1CCCc1noc2cc(F)ccc12,38.0,-1.5797835966168101,0,train,7.42021640338319,-1.700554461724108,0.12077086510729806,0.12077086510729806
Cc1c(NC2=NCCN2)cccc1-c1cccc(Cl)c1,26.0,-1.414973347970818,0,train,7.585026652029182,-1.5356372015951978,0.12066385362437981,0.12066385362437981
O=S(=O)(c1cccc(Cl)c1)n1ccc2c(N3CCNCC3)nc3ccccc3c21,1794.0,-3.2538224387080734,0,train,5.746177561291926,-3.3744060295346032,0.12058359082652981,0.12058359082652981
COc1ccccc1N1CCN(CCCCCCCn2c(=O)oc3ccccc32)CC1,7.7,-0.8864907251724818,1,train,8.113509274827518,-1.0070673487610993,0.12057662358861743,0.12057662358861743
NC(=O)[C@@H]1Cc2ccccc2CN1C(=O)c1ccc(CN2CCN(c3cccc(Cl)c3Cl)CC2)cc1,1196.0,-3.077731179652392,0,train,5.9222688203476075,-2.9573686605010363,-0.12036251915135576,0.12036251915135576
O=C1NCCc2ccc(OCCCN3CCN(c4cccc(Cl)c4Cl)CC3)cc21,254.0,-2.404833716619938,1,train,6.5951662833800615,-2.284645860825838,-0.12018785579410007,0.12018785579410007
CCN(CCN1CCC(C2NOc3cc(F)ccc32)CC1)C(=O)C(O)COC,3.7,-0.568201724066995,0,train,8.431798275933005,-0.6882213758143504,0.1200196517473554,0.1200196517473554
Clc1ccc2ccn(CCN3CCCN4CCCCC4C3)c2c1,10.0,-1.0,1,train,8.0,-1.12000486834055,0.12000486834054991,0.12000486834054991
O=S(=O)(c1cncc2ccccc12)N1CCC(CCN2CCN(c3ccc(Cl)c(Cl)c3)CC2)CC1,36.0,-1.5563025007672873,0,train,7.443697499232712,-1.676282666495802,0.11998016572851466,0.11998016572851466
Cc1ccc2c(OCCN3CCC(Cc4cc5c(cc4F)OCC(=O)N5)CC3)cc(Cl)cc2n1,40.0,-1.6020599913279623,0,train,7.3979400086720375,-1.7220300502442576,0.11997005891629509,0.11997005891629509
Clc1ccc2sc(CCCCN3CCC4CCCCC4C3)nc2c1,44.0,-1.6434526764861874,0,train,7.356547323513812,-1.763384011686283,0.11993133520009547,0.11993133520009547
COc1ccc(-c2ccccc2C2CCN(C[C@@H](O)COc3ccc(-c4cn5ccccc5n4)cc3)CC2)cc1,36.0,-1.5563025007672873,0,train,7.443697499232712,-1.675869550573151,0.11956704980586363,0.11956704980586363
O=C1CCC(=O)N1CCCCN1CCN(c2cccc(C(F)(F)F)c2)CC1,128.0,-2.1072099696478683,0,train,6.892790030352131,-1.9879361400586608,-0.11927382958920751,0.11927382958920751
Cc1ccc(OC2CCN(CCN3CCCc4ccccc4C3=O)CC2)cc1,9.1,-0.9590413923210935,0,train,8.040958607678906,-1.078286926063168,0.11924553374207436,0.11924553374207436
COc1ccc(-c2cccc(F)c2C)cc1OC1CNC1,19.0,-1.2787536009528289,1,train,7.721246399047171,-1.3979935754246324,0.11923997447180357,0.11923997447180357
O=C1c2ccccc2CCCN1CCN1CCC(N2C(=O)Cc3cc(F)ccc32)CC1,6.9,-0.8388490907372553,0,train,8.161150909262744,-0.9580742929228131,0.11922520218555777,0.11922520218555777
Nc1nc(N)nc(NCCCCCCN2CCN(c3cccc(Cl)c3Cl)CC2)n1,193.0,-2.285557309007774,0,train,6.714442690992226,-2.4045678388387697,0.1190105298309958,0.1190105298309958
Cn1c(=O)c2c(ncn2CCCCN2CCN(c3ccccc3)CC2)n(C)c1=O,1148.0,-3.059941888061955,0,train,5.940058111938045,-2.9409403196092456,-0.11900156845270926,0.11900156845270926
Cc1cccc2c1-c1ccc(C(=O)N=C(N)N)cc1C2O,14.0,-1.146128035678238,0,train,7.853871964321762,-1.2651015257431657,0.11897349006492774,0.11897349006492774
O=c1scc(O)n1CCCCCNCC1CCc2ccccc2O1,123.0,-2.089905111439398,1,train,6.910094888560602,-2.20860218303112,0.11869707159172194,0.11869707159172194
O=S(=O)(NCCCCN1CCN(c2cccc(Cl)c2Cl)CC1)c1cccc2cccnc12,27.0,-1.4313637641589874,0,train,7.568636235841012,-1.5499372770275628,0.11857351286857543,0.11857351286857543
O=c1[nH]c2ccccc2n1CCCCCN1CCN(c2ccc(C(F)(F)F)cc2)CC1,5.05,-0.7032913781186614,0,train,8.296708621881338,-0.584819759938961,-0.11847161817970042,0.11847161817970042
O=S(=O)(NCCCN1CCN(c2nsc3ccccc23)CC1)c1ccc2cc(Cl)ccc2c1,38.0,-1.5797835966168101,1,train,7.42021640338319,-1.4614926645111888,-0.11829093210562114,0.11829093210562114
Clc1cccc(COc2cc(Br)ccc2OC2CNC2)c1,125.0,-2.0969100130080562,1,train,6.903089986991944,-1.978673869962712,-0.1182361430453438,0.1182361430453438
CCc1cccc2c1-c1ccc(C(=O)N=C(N)N)cc1C2(C)O,2.3,-0.36172783601759284,1,train,8.638272163982407,-0.4799048703065382,0.11817703428894544,0.11817703428894544
COc1ccccc1N1CCN(CCN(C(=O)C23CCC(CF)(CC2)C3)c2ccccn2)CC1,97.0,-1.9867717342662448,0,train,7.013228265733755,-2.104744794856764,0.11797306059051937,0.11797306059051937
FC(F)(F)c1ccc(COc2ccc(Br)cc2OC2CNC2)o1,7.0,-0.8450980400142568,1,train,8.154901959985743,-0.9630229532139803,0.11792491319972354,0.11792491319972354
O=S(=O)(NC1CCN(CCOc2cc(Cl)ccc2Cl)C1)c1ccc(F)c(F)c1,97.0,-1.9867717342662448,0,train,7.013228265733755,-1.8692044443081999,-0.11756728995804488,0.11756728995804488
CN1CCN2c3ncccc3Cc3ccccc3C2C1,265.0,-2.423245873936808,0,train,6.576754126063192,-2.5404879413405004,0.11724206740369247,0.11724206740369247
CCn1cncc1-c1c[nH]c2ccc(Cl)c(F)c12,53.0,-1.724275869600789,1,train,7.275724130399211,-1.8414367121367854,0.11716084253599646,0.11716084253599646
O=S1(=O)c2cccc3cccc(c23)N1CCCCCCN1CCN(c2cccc(Cl)c2Cl)CC1,140.0,-2.146128035678238,1,train,6.853871964321762,-2.263097445880657,0.1169694102024188,0.1169694102024188
Clc1ccc(OCC2Cc3ccccc3O2)c(OC2CNC2)c1,119.0,-2.0755469613925306,1,train,6.924453038607469,-1.9589685397460983,-0.11657842164643228,0.11657842164643228
CC1(c2ccc(F)cc2)NC(=O)N(CC(O)CN2CCN(C(c3ccccc3)c3ccccc3)CC2)C1=O,79.0,-1.8976270912904414,0,train,7.102372908709558,-2.0141804688496716,0.11655337755923045,0.11655337755923045
CC(C)c1ccccc1OCCN1CCC(CNS(=O)(=O)c2cccc(Cl)c2)CC1,46.0,-1.662757831681574,1,train,7.337242168318426,-1.7792645507011882,0.11650671901961407,0.11650671901961407
C=CCOc1c(OC)cc2c3c1-c1cc(NC(=O)CCC)ccc1CC3N(C)CC2,188.0,-2.27415784926368,0,train,6.7258421507363195,-2.390532611923037,0.11637476265935698,0.11637476265935698
Fc1ccc2c(c1)CCC2Oc1ccc(Br)cc1OC1CNC1,18.0,-1.255272505103306,0,train,7.7447274948966935,-1.3715897084633049,0.11631720335999884,0.11631720335999884
COc1ccc(-c2ccccc2C(F)(F)F)cc1C1CCNC1,7.98,-0.9020028913507294,0,train,8.09799710864927,-1.0182382864053394,0.11623539505461,0.11623539505461
CC(C)c1ccccc1OCCN1CCC(NS(=O)(=O)c2cccc3cccnc23)C1,10.0,-1.0,0,train,8.0,-1.1159171403717785,0.11591714037177847,0.11591714037177847
Fc1cc(C(F)(F)F)ccc1COc1ccc(Cl)cc1OC1CNC1,88.0,-1.9444826721501687,0,train,7.055517327849831,-2.0599633717655292,0.11548069961536034,0.11548069961536034
CSc1ccccc1N1CCN(Cc2ccc(C(=O)N3CCC[C@H]3C(N)=O)cc2)CC1,567.0,-2.7535830588929064,0,train,6.246416941107094,-2.869051729702069,0.11546867080916234,0.11546867080916234
CCc1nc2c(N3CCNCC3)nccc2n1S(=O)(=O)c1cccc(F)c1,4300.0,-3.6334684555795866,0,train,5.366531544420413,-3.518105408351165,-0.11536304722842106,0.11536304722842106
Clc1ccc2c(c1)CC(CCN1CCN(c3ccccn3)CC1)C2,45.5,-1.6580113966571124,0,train,7.341988603342887,-1.773321667263567,0.1153102706064546,0.1153102706064546
O=c1c(-c2ccccc2Cl)c2n(c(=O)n1CCCCN1CCCC(c3c[nH]c4ccccc34)C1)CCCC2,1361.0,-3.133858125203335,0,train,5.866141874796665,-3.01859066538396,-0.1152674598193748,0.1152674598193748
C#CCOc1c(OC)cc2c3c1-c1cc(NC(=O)CCC)ccc1CC3N(C)CC2,455.0,-2.6580113966571126,0,train,6.341988603342887,-2.5430861431344174,-0.11492525352269523,0.11492525352269523
O=c1[nH]c2cc(Cl)ccc2n1C1CCN(CCCCc2nc3ccccc3o2)CC1,314.5,-2.497620649781288,0,train,6.502379350218712,-2.3828432007133986,-0.11477744906788923,0.11477744906788923
COc1cccc2c1C[C@H](N)CC2,123.0,-2.089905111439398,0,train,6.910094888560602,-1.9751372922539674,-0.11476781918543066,0.11476781918543066
CN(C)CCCC1(c2ccc(F)cc2)OCc2cc(C#N)ccc21,1000.0,-3.0,0,train,6.0,-2.885293475099489,-0.11470652490051103,0.11470652490051103
Cc1cccc(S(=O)(=O)NCCCN2CC=C(c3c[nH]c4ccc(Cl)cc34)CC2)c1,5.0,-0.6989700043360189,1,train,8.301029995663981,-0.812755314146297,0.11378530981027812,0.11378530981027812
Fc1ccc(-c2n[nH]cc2N2CCNCC2)cc1,72.5,-1.8603380065709938,1,train,7.139661993429006,-1.746621174543179,-0.11371683202781457,0.11371683202781457
O=S(=O)(NCCCN1CCN(c2cccc(Cl)c2)CC1)c1cnc2ccccc2c1,126.0,-2.100370545117563,1,train,6.899629454882437,-1.9869963395164978,-0.11337420560106515,0.11337420560106515
Clc1ccc(-c2n[nH]cc2N2CCCNCC2)cc1,16.0,-1.2041199826559248,1,train,7.795880017344075,-1.3173428844092183,0.11322290175329353,0.11322290175329353
O=C1Nc2ccccc2C12CCN(CCN1CCN(c3ccccc3)CC1)C2,100.0,-2.0,0,train,7.0,-1.8868814894497814,-0.1131185105502186,0.1131185105502186
CC1(CCCCN2CCN(c3ccccn3)CC2)Cc2cc(Cl)ccc2C1=O,15.0,-1.1760912590556813,0,train,7.823908740944319,-1.0630262585884824,-0.1130650004671987,0.1130650004671987
O=c1c2cnc3ccccc3c2ncn1CCCCN1CCN(c2ccc(F)cc2)CC1,404.0,-2.606381365110605,0,train,6.393618634889394,-2.493828694619801,-0.1125526704908042,0.1125526704908042
COc1ccc(-c2ccccc2N2CCN(CCOCCC(=O)NCc3ccc(F)nc3)CC2)cc1,35.0,-1.5440680443502757,0,train,7.455931955649724,-1.4315768039081826,-0.11249124044209302,0.11249124044209302
O=S(=O)(NCCCN1CCC(c2noc3cc(F)ccc23)CC1)c1cc2ccccc2s1,4.1,-0.6127838567197355,1,train,8.387216143280265,-0.5005597604775723,-0.11222409624216312,0.11222409624216312
COc1ccccc1N1CCN(CCCCC2NC(c3ccccc3)=NNC2=O)CC1,27.0,-1.4313637641589874,0,train,7.568636235841012,-1.5434194972915511,0.11205573313256378,0.11205573313256378
CN(C)C1CCc2c(cccc2-c2ccc(F)cc2Cl)C1,16.0,-1.2041199826559248,0,train,7.795880017344075,-1.3161599393842307,0.11203995672830591,0.11203995672830591
O=C1Nc2cccc3c2C1(CCCCN1CCC(c2ccccc2)CC1)CCC3,3.0,-0.47712125471966244,1,train,8.522878745280337,-0.5890899530730078,0.11196869835334544,0.11196869835334544
O=S1(=O)c2cccc3cccc(c23)N1CCCCCN1CCN(c2ccccc2)CC1,200.0,-2.3010299956639813,0,train,6.698970004336019,-2.4129557721136625,0.11192577644968127,0.11192577644968127
Clc1ccc(OCCc2ccccc2)c(OC2CNC2)c1,5.0,-0.6989700043360189,1,train,8.301029995663981,-0.8108500101467245,0.11188000581070567,0.11188000581070567
CCC(Oc1ccccc1)c1nc(N)nc(N2CCN(C)CC2)n1,19940.0,-4.299725153975637,0,train,4.700274846024363,-4.188159484898565,-0.11156566907707255,0.11156566907707255
O=C1CCc2cc(OCCCN3CCC(C4=NOC5C=C(F)C=CC45)CC3)ccc2N1,35.6,-1.551449997972875,0,train,7.448550002027125,-1.662938854110701,0.111488856137826,0.111488856137826
CSc1ccc(CC2NCCc3c2[nH]c2ccccc32)cc1,170.0,-2.230448921378274,1,train,6.769551078621726,-2.1191796428493523,-0.11126927852892177,0.11126927852892177
COc1ccccc1N1CCN(Cc2cn(-c3cccc(C)c3C)c3ccccc23)CC1,6.9,-0.8388490907372553,0,train,8.161150909262744,-0.9500929226071889,0.11124383186993358,0.11124383186993358
NC(=O)[C@@H]1Cc2ccccc2CN1C(=O)CCCCN1CCN(c2ccc(F)cc2)CC1,295.0,-2.469822015978163,0,train,6.530177984021837,-2.3587211697755337,-0.11110084620262928,0.11110084620262928
O=C(CCN1CCN(Cc2ccccc2)CC1)N1CCN(c2ccccn2)CC1,30.0,-1.4771212547196624,0,train,7.522878745280337,-1.5881697717615746,0.11104851704191221,0.11104851704191221
Clc1ccc(N2CCCN(CCCCc3nc4ccccc4s3)CC2)cc1,413.0,-2.615950051656401,0,train,6.384049948343598,-2.7269702506887814,0.11102019903238025,0.11102019903238025
O=C1NCCc2ccc(OCCCN3CCN(c4cccc5sccc45)CC3)cc21,500.0,-2.6989700043360187,0,train,6.301029995663981,-2.587959733841939,-0.11101027049407985,0.11101027049407985
O=C1C2CC=CCC2C(=O)N1CCCCN1CCN(c2cccc(C(F)(F)F)c2)CC1,31.0,-1.4913616938342726,0,train,7.508638306165727,-1.602356151693107,0.11099445785883444,0.11099445785883444
Cn1cc(S(=O)(=O)NC2CCN(CCOc3ccccc3C(C)(C)C)CC2)cn1,84.0,-1.9242792860618816,0,train,7.075720713938118,-1.8134158301938574,-0.11086345586802415,0.11086345586802415
CN1CCN(c2ccc3[nH]nc(S(=O)(=O)c4cccc5ccccc45)c3c2)CC1,579.0,-2.762678563727436,0,train,6.237321436272564,-2.6520834293976145,-0.11059513432982149,0.11059513432982149
COc1ccccc1N1CCN(CCCCNc2nc(N)nc(N)n2)CC1,1447.0,-3.1604685311190375,0,train,5.8395314688809625,-3.049906127259886,-0.11056240385915084,0.11056240385915084
COc1ccccc1N1CCN(CCCCC(=O)NCc2ccccc2O)CC1,343.0,-2.5352941200427703,1,train,6.464705879957229,-2.424761388797662,-0.11053273124510854,0.11053273124510854
COc1ccc(N(CCCCN2CCC(O)(c3ccc(Cl)c(C(F)(F)F)c3)CC2)c2ccc(OC)cc2)cc1,949.0,-2.977266212427293,0,train,6.022733787572707,-2.866739689280783,-0.11052652314650979,0.11052652314650979
COc1cc2c3c(c1OC)-c1cc(N(C)C)ccc1CC3N(C)CC2,73.0,-1.863322860120456,0,train,7.136677139879544,-1.9738133083338132,0.1104904482133573,0.1104904482133573
Clc1ccc(N2CCN(CCCCc3nc4ccccc4s3)CC2)cc1,329.0,-2.5171958979499744,1,train,6.482804102050025,-2.6276663552989503,0.11047045734897587,0.11047045734897587
Fc1ccc(N2CCN(Cc3c[nH]c4ncccc34)CC2)cc1,412.0,-2.6148972160331345,0,train,6.3851027839668655,-2.504442348823512,-0.11045486720962261,0.11045486720962261
O=c1c(-c2ccc(F)cc2)c2ccccn2c(=O)n1CCCCN1CCCC(c2c[nH]c3ccccc23)C1,1444.0,-3.1595671932336202,0,train,5.84043280676638,-3.049199172693161,-0.11036802054045891,0.11036802054045891
CC(C)c1ccccc1OCCCN1CCC(NS(=O)(=O)c2cccc(F)c2)CC1,52.0,-1.7160033436347992,1,train,7.2839966563652006,-1.6056806858465638,-0.11032265778823547,0.11032265778823547
O=C1Nc2ccc(F)cc2C1CCCCN1CC=C(c2cccc(C(F)(F)F)c2)CC1,40.0,-1.6020599913279623,0,train,7.3979400086720375,-1.4917628845498714,-0.11029710677809113,0.11029710677809113
CCN(CCN1CCC(c2noc3ccccc23)CC1)S(=O)(=O)CCO,12.7,-1.1038037209559568,0,train,7.896196279044043,-0.9939292062493129,-0.10987451470664389,0.10987451470664389
COc1cc2ncnc(N3CCC(CN4CCN(c5ccccc5O)CC4)C3)c2cc1OC,661.0,-2.82020145948564,1,train,6.17979854051436,-2.7106302775648214,-0.10957118192081872,0.10957118192081872
O=S(=O)(c1ccc(F)cc1)N1CC2CC1CN2CCOc1ccccc1-c1ccccc1,292.0,-2.4653828514484184,0,train,6.534617148551582,-2.355948945477897,-0.10943390597052138,0.10943390597052138
COc1ccc(-n2c(=O)n(CCCN3CCN(c4ccccc4OC)CC3)c3ccccc32)cc1,168.0,-2.225309281725863,1,train,6.774690718274137,-2.3345620179650792,0.10925273623921639,0.10925273623921639
CN1CCN(C2=Nc3ccccc3Cc3ccccc32)CC1,28.0,-1.4471580313422192,0,train,7.552841968657781,-1.338108101560665,-0.10904992978155414,0.10904992978155414
Fc1ccccc1-c1cccc2c1CCC(N1CCCC1)C2,51.0,-1.7075701760979363,0,train,7.292429823902063,-1.816512291973277,0.10894211587534053,0.10894211587534053
O=S(=O)(NCCCN1CCC2CCCCC2C1)c1ccc2ncccc2c1,1420.0,-3.1522883443830563,1,train,5.847711655616944,-3.043575081363173,-0.10871326301988349,0.10871326301988349
Cc1nc(NCCOc2ccccc2)nc(N[C@@H](C)c2ccccc2)n1,54.0,-1.7323937598229686,0,train,7.267606240177031,-1.6239514097806511,-0.1084423500423175,0.1084423500423175
CCCCCCOc1cc2c(cc1OC)-c1c(OC)c(OC)cc3c1[C@H](C2)N(C)CC3,58.0,-1.7634279935629373,0,train,7.236572006437063,-1.6553365009208136,-0.10809149264212348,0.10809149264212348
O=C(NC1CCN(CCOc2cc(Cl)ccc2Cl)CC1)c1ccc2ccccc2n1,873.0,-2.9410142437055695,0,train,6.0589857562944305,-2.832937103625063,-0.10807714008050606,0.10807714008050606
Clc1cccc(COc2ccc(Br)cc2OC2CCNCC2)c1,11.0,-1.0413926851582251,1,train,7.958607314841775,-1.1494694587828176,0.10807677362459245,0.10807677362459245
CC(=O)C1(c2ccccc2)CCN(CCCCC23CCCc4cccc(c42)NC3=O)CC1,72.0,-1.8573324964312685,0,train,7.142667503568731,-1.7495999622039802,-0.10773253422728812,0.10773253422728812
Cc1cccc(-c2ccccc2C2CCN(C)C2)c1,310.03,-2.4914037202990156,0,train,6.508596279700985,-2.383738618253151,-0.10766510204586499,0.10766510204586499
COc1cccc(N2CCN(CCCCn3cnc4c(cnc5ccccc54)c3=O)CC2)c1,484.0,-2.6848453616444123,0,train,6.315154638355588,-2.5772177364320448,-0.10762762521236757,0.10762762521236757
COc1ccccc1N1CCN(CCCCC(=O)NCc2ccccc2-c2ccc(C)cc2)CC1,66.0,-1.8195439355418688,0,train,7.180456064458131,-1.7120454498333053,-0.10749848570856346,0.10749848570856346
COc1ccc(-c2ccccc2N2CCN(CCC(C)(C)CCOc3cnccn3)CC2)cc1,25.0,-1.3979400086720377,0,train,7.6020599913279625,-1.5053844036500619,0.10744439497802438,0.10744439497802438
COc1ccccc1N1CCN(CCCCCC(=O)c2ccc(O)cc2)CC1,23.7,-1.3747483460101038,0,train,7.6252516539898965,-1.4821107245001701,0.10736237849006636,0.10736237849006636
Cc1ccc2c(c1)CCC2Oc1ccc(Br)cc1OC1CNC1,19.0,-1.2787536009528289,0,train,7.721246399047171,-1.3860179973673161,0.10726439641448726,0.10726439641448726
COc1cc2c(cc1OC)CN(/C=N/c1ccc3c(c1)N(C(=O)OC(C)(C)C)CC3)CC2,2200.0,-3.342422680822206,0,train,5.657577319177793,-3.2354230814574656,-0.10699959936474057,0.10699959936474057
COc1ccc2c(c1)c(-c1[nH]c(N)nc1C)cn2S(=O)(=O)c1ccccc1,7079.0,-3.8499719123288503,0,train,5.150028087671149,-3.743160550983643,-0.10681136134520619,0.10681136134520619
NC(=O)[C@@H]1CCCN1C(=O)CCCCN1CCN(c2cccc(Cl)c2Cl)CC1,113.0,-2.0530784434834195,1,train,6.94692155651658,-2.159852740686196,0.10677429720277631,0.10677429720277631
COc1ccccc1N1CCN(CCOCCOc2c(C)cccc2C)CC1,156.0,-2.1931245983544616,0,train,6.806875401645538,-2.0863976497981565,-0.10672694855630516,0.10672694855630516
N=C(N)NC(=O)c1ccc2c(c1)C(F)c1ccccc1-2,57.0,-1.7558748556724915,1,train,7.2441251443275085,-1.862522339436701,0.1066474837642093,0.1066474837642093
O=S(=O)(c1ccc2ncccc2c1)n1cc(C2=CCNCC2)c2ccccc21,6660.0,-3.823474229170301,0,train,5.176525770829699,-3.7171261681983143,-0.10634806097198668,0.10634806097198668
Clc1ccc(OCc2ccccc2)c(OC2CCNCC2)c1,34.0,-1.5314789170422551,1,train,7.468521082957745,-1.6376924839029143,0.10621356686065919,0.10621356686065919
CN(C)C(=O)N[C@H]1CC[C@H](CCN2CCN(c3cccc(Cl)c3Cl)CC2)CC1,111.0,-2.0453229787866576,0,train,6.954677021213342,-1.9396021382450512,-0.10572084054160635,0.10572084054160635
O=S(=O)(c1cncc2ccccc12)N1CCC(CCN2CCN(c3ccccc3)CC2)CC1,174.0,-2.2405492482826,1,train,6.7594507517174005,-2.134886433625829,-0.10566281465677108,0.10566281465677108
CC1CCN(CC[C@H]2CCCN2S(=O)(=O)c2ccc3cc[nH]c3c2)CC1,2.4,-0.38021124171160603,1,train,8.619788758288394,-0.48561992782912816,0.10540868611752219,0.10540868611752219
O=C([C@@H]1CCCN1C(=O)CCCCCCN1CCN(c2ccccc2-c2ccccc2)CC1)N1CCOCC1,30.0,-1.4771212547196624,0,train,7.522878745280337,-1.3717457685713776,-0.10537548614828474,0.10537548614828474
CCC1(CCCCN2CCc3ccccc3C2)C(=O)Nc2ccccc21,7.65,-0.8836614351536176,0,train,8.116338564846382,-0.7786556998906283,-0.10500573526298929,0.10500573526298929
Cc1ccccc1-n1cc(CN2CCN(c3ccccc3)CC2)c2ccccc21,18.0,-1.255272505103306,0,train,7.7447274948966935,-1.3600361647338002,0.10476365963049417,0.10476365963049417
Cc1cccc(S(=O)(=O)NCCN=C(N)N2CCC(C)CC2)c1,177.0,-2.247973266361807,0,train,6.752026733638193,-2.1437939793337963,-0.10417928702801049,0.10417928702801049
CCC1(CCCCN2CCN(c3ccc(Cl)cc3)CC2)C(=O)Nc2ccccc21,0.38,0.42021640338318983,1,train,9.42021640338319,0.3161167929018831,0.10409961048130667,0.10409961048130667
Clc1ccccc1-c1noc2c1CCNCC2,425.0,-2.6283889300503116,1,train,6.371611069949688,-2.5244165356330783,-0.10397239441723372,0.10397239441723372
Brc1ccc2ccn(CCN3CCCN(C4CCCC4)CC3)c2c1,10.0,-1.0,0,train,8.0,-1.1039085562427224,0.10390855624272244,0.10390855624272244
O=C(CCOCCN1CCN(c2ncccc2-c2ccccc2)CC1)NCc1ccc(C(F)(F)F)cc1,52.0,-1.7160033436347992,0,train,7.2839966563652006,-1.8197786274694052,0.10377528383460599,0.10377528383460599
O=C1c2cccc3cccc(c23)N1CCCCCCN1CCN(c2ccc(Cl)c(Cl)c2)CC1,166.0,-2.220108088040055,1,train,6.779891911959945,-2.323799920003407,0.10369183196335197,0.10369183196335197
COc1ccc(/C=C2\NC(=O)N(CCCN3CCN(c4ccccc4OC)CC3)C2=O)cc1OC,42.0,-1.6232492903979006,1,train,7.376750709602099,-1.5195804391271976,-0.10366885127070291,0.10366885127070291
CN1CCN(c2nc(N)nc(C(C)(C)[Se]c3ccc4ccccc4c3)n2)CC1,1449.0,-3.1610683854711747,0,train,5.838931614528825,-3.264175096297446,0.1031067108262711,0.1031067108262711
CC(Oc1cc(F)ccc1Cl)c1nc(N)nc(N2CCN(C)CC2)n1,7237.0,-3.8595585726260535,0,train,5.140441427373947,-3.9624804019749633,0.10292182934890981,0.10292182934890981
FC(F)(F)Oc1cccc(Oc2ccc(Br)cc2OC2CNC2)c1,18.0,-1.255272505103306,0,train,7.7447274948966935,-1.3580752821109636,0.10280277700765761,0.10280277700765761
CO/N=C1/c2ccccc2CC1Oc1ccc(Cl)cc1OC1CNC1,813.0,-2.910090545594068,0,train,6.089909454405932,-2.8074401832964457,-0.10265036229762226,0.10265036229762226
Cn1cncc1-c1c[nH]c2ccc(Br)c(F)c12,14.0,-1.146128035678238,1,train,7.853871964321762,-1.24840023307374,0.10227219739550208,0.10227219739550208
NC(=O)[C@@H]1CCCN1C(=O)CCCCN1CCN(c2noc3ccccc23)CC1,108.0,-2.03342375548695,1,train,6.96657624451305,-1.9311952098849492,-0.10222854560200068,0.10222854560200068
C1=C(CCN2CCc3ccccc3C2)Cc2ccccc21,132.0,-2.12057393120585,0,train,6.8794260687941495,-2.0185970439737577,-0.1019768872320923,0.1019768872320923
CC(Oc1ccc(Cl)cc1OC1CN(C(C)C)C1)c1cccc(C(F)(F)F)c1,75.0,-1.8750612633917,0,train,7.1249387366083,-1.7733889176603406,-0.10167234573135953,0.10167234573135953
O=C(CCCCN1CCN(C(c2ccc(F)cc2)c2ccc(F)cc2)CC1)c1nc2ccccc2s1,562.0,-2.749736315569061,0,train,6.250263684430939,-2.6480720989045947,-0.10166421666446634,0.10166421666446634
Cc1cccc(S(=O)(=O)n2ccc3c(N4CCNCC4)nc4ccccc4c32)c1,4139.0,-3.61689542640076,0,train,5.38310457359924,-3.515969797582362,-0.10092562881839795,0.10092562881839795
CN(CCCN1CCN(c2ccccc2)CC1)c1cccc(O)c1,20.0,-1.3010299956639813,1,train,7.698970004336019,-1.4018173477010516,0.10078735203707034,0.10078735203707034
O=S(=O)(NCCCCN1CCc2ccccc2C1)c1ccc2ccccc2c1,64.0,-1.806179973983887,1,train,7.1938200260161125,-1.9068138590977708,0.10063388511388371,0.10063388511388371
CCCCOc1cc2c(cc1OC)-c1c(OC)c(OC)cc3c1[C@H](C2)N(C)CC3,15.0,-1.1760912590556813,0,train,7.823908740944319,-1.2767104788059132,0.10061921975023203,0.10061921975023203
CN1C(=O)C2(CCCCN3CC=C(c4ccccc4)CC3)CCCc3cccc1c32,25.0,-1.3979400086720377,0,train,7.6020599913279625,-1.2973821142018367,-0.1005578944702008,0.1005578944702008
O=C1c2cccc3cccc(c23)N1CCCCCCN1CCN(c2ccc(Br)cc2)CC1,1833.0,-3.2631624649622166,1,train,5.736837535037783,-3.1626652178321204,-0.10049724713009622,0.10049724713009622
CCn1cncc1-c1c[nH]c2ccc(Br)c(F)c12,16.0,-1.2041199826559248,1,train,7.795880017344075,-1.304603652477028,0.10048366982110313,0.10048366982110313
CCN(CCN1CCC(c2noc3cc(Cl)ccc23)CC1)C(=O)[C@H](C)O,26.4,-1.421603926869831,1,train,7.578396073130169,-1.3211541633619164,-0.10044976350791468,0.10044976350791468
CCCC(C)Oc1cc2c(cc1OC)-c1c(OC)c(OC)cc3c1[C@H](C2)N(C)CC3,24.0,-1.380211241711606,0,train,7.619788758288394,-1.4806452035102482,0.10043396179864228,0.10043396179864228
CN1CCN(c2nc(N)nc(CSc3ccccc3)n2)CC1,2871.0,-3.458033192496506,0,train,5.541966807503494,-3.3576907955098982,-0.10034239698660796,0.10034239698660796
C#CC(O)C(=O)N(CC)CCN1CCC(c2noc3cc(F)ccc23)CC1,10.0,-1.0,1,train,8.0,-0.8997008265620232,-0.10029917343797679,0.10029917343797679
OC1(c2ccc(Cl)cc2)CC2CCC(C1)N2CCCCc1ccc(F)cc1,472.0,-2.673941998634088,0,train,6.326058001365912,-2.773557722004607,0.09961572337051905,0.09961572337051905
O=S(=O)(c1cccc2ncccc12)N1CCC(CCN2CCN(c3cccc(F)c3)CC2)CC1,165.0,-2.2174839442139063,1,train,6.782516055786093,-2.117911267163694,-0.09957267705021211,0.09957267705021211
O=C1c2ccccc2S(=O)(=O)N1CCCCCN1CCN(c2cccc(Cl)c2Cl)CC1,149.0,-2.173186268412274,0,train,6.826813731587726,-2.2726050597290173,0.09941879131674325,0.09941879131674325
CCCc1ccc(OCC(O)CN2CCN(c3ccccc3)CC2)cc1,1088.0,-3.036628895362161,0,train,5.963371104637838,-2.9372954786718486,-0.09933341669031259,0.09933341669031259
O=S(=O)(c1cncc2ccccc12)N1CCC[C@H]1CCN1CCN(c2noc3ccccc23)CC1,6.0,-0.7781512503836436,1,train,8.221848749616356,-0.8774715447243006,0.09932029434065692,0.09932029434065692
COc1ccccc1N1CCN(Cc2cn(-c3ccccc3C)c3ccccc23)CC1,8.7,-0.9395192526186185,0,train,8.060480747381382,-1.0386226506428888,0.09910339802427048,0.09910339802427048
Cc1cccc(S(=O)(=O)NCCCCN2CCC(c3noc4cc(F)ccc34)CC2)c1,1.5,-0.17609125905568124,1,train,8.823908740944319,-0.07708239062769418,-0.09900886842798703,0.09900886842798703
COc1ccccc1N1CCN(Cc2ccc(CN3C(=O)c4ccccc4S3(=O)=O)cc2)CC1,97.0,-1.9867717342662448,0,train,7.013228265733755,-2.085481339371716,0.09870960510547144,0.09870960510547144
COc1ccccc1N1CCN(C(N)=NCCCCNS(=O)(=O)c2ccc(C)cc2)CC1,140.0,-2.146128035678238,0,train,6.853871964321762,-2.244702101286311,0.09857406560807291,0.09857406560807291
CSc1ccccc1N1CCN(CCCCC(=O)N2CCC[C@H]2C(N)=O)CC1,163.0,-2.2121876044039577,0,train,6.787812395596042,-2.3103746478544593,0.09818704345050167,0.09818704345050167
COc1cc2c3c(c1OC)-c1cc(NS(C)(=O)=O)ccc1CC3N(C)CC2,89.0,-1.9493900066449128,0,train,7.050609993355087,-1.851590811515095,-0.09779919512981783,0.09779919512981783
O=S(=O)(CC1CCN(CCCc2noc3cc(F)ccc23)C1)c1cccc(Cl)c1,21.0,-1.3222192947339193,0,train,7.6777807052660805,-1.4199685487337388,0.09774925399981949,0.09774925399981949
CCC1(CCCN2CCN(c3cccc(Cl)c3)CC2)C(=O)Nc2ccccc21,21.0,-1.3222192947339193,1,train,7.6777807052660805,-1.4196411857440938,0.09742189101017451,0.09742189101017451
C[C@H]1C[C@H](NS(=O)(=O)c2cc3ccc(Cl)cc3s2)CN1CCCc1noc2cc(F)ccc12,126.0,-2.100370545117563,0,train,6.899629454882437,-2.003055785722231,-0.09731475939533185,0.09731475939533185
COc1ccccc1N1CCN(CCCCCC(=O)Nc2cccc(C(C)(C)C)c2)CC1,190.0,-2.278753600952829,0,train,6.721246399047171,-2.181498202958696,-0.09725539799413285,0.09725539799413285
COc1ccccc1N1CCN(CCCCN2C(=O)NC3(CCCCC3c3ccccc3)C2=O)CC1,63.0,-1.7993405494535817,0,train,7.200659450546418,-1.8965861002796962,0.09724555082611452,0.09724555082611452
Cc1cc(C)c2c(c1)OC[C@@]1(C)NCC[C@@H]21,1259.0,-3.1000257301078626,0,train,5.899974269892137,-3.002832682168669,-0.09719304793919337,0.09719304793919337
Cc1cccc(S(=O)(=O)NCCCN2CC=C(c3c[nH]c4ccc(F)cc34)CC2)c1,95.0,-1.9777236052888478,1,train,7.022276394711152,-1.880546946558743,-0.09717665873010506,0.09717665873010506
O=S(=O)(c1cnc2ccccc2c1)N1CCC(CN2CCN(c3ccc(Cl)cc3)CC2)CC1,145.0,-2.161368002234975,0,train,6.838631997765026,-2.258388761721684,0.09702075948670918,0.09702075948670918
Fc1ccc(CCCCN2CCN(c3cccc(-c4ccccc4)n3)CC2)cc1,159.0,-2.2013971243204513,0,train,6.798602875679549,-2.1044015576700654,-0.09699556665038633,0.09699556665038633
Cc1cccc(-c2noc3c2CCNCC3)c1,506.0,-2.7041505168397992,1,train,6.2958494831602,-2.6072503045483746,-0.09690021229142465,0.09690021229142465
Cc1ccc2c(OCCN3CCC(Cc4cc5c(cc4F)OCC(=O)N5)CC3)cc(F)cc2n1,40.0,-1.6020599913279623,0,train,7.3979400086720375,-1.6988498766392537,0.09678988531129118,0.09678988531129118
COc1ccc(-n2c(=O)n(CCN3CCN(c4ccccc4OC)CC3)c3ccccc32)cc1,296.0,-2.4712917110589387,0,train,6.528708288941061,-2.5678901850351314,0.0965984739761927,0.0965984739761927
O=S(=O)(NC1CCN(CCOc2ccccc2C2CCCC2)CC1)c1ccc(F)cc1,16.0,-1.2041199826559248,0,train,7.795880017344075,-1.300712483382444,0.09659250072651915,0.09659250072651915
O=C(CCN1CCN(Cc2ccccc2)CC1)N1CCN(c2cccc(Cl)c2)CC1,55.0,-1.7403626894942439,1,train,7.259637310505756,-1.8369077504671538,0.09654506097290971,0.09654506097290971
O=S(=O)(NCCCCN1CC=C(c2c[nH]c3ccc(Cl)cc23)CC1)c1cccc(F)c1,91.0,-1.9590413923210936,1,train,7.040958607678906,-1.8627141325341123,-0.09632725978698131,0.09632725978698131
COc1ccccc1-c1cc(CN(C)C)cc2c1OCO2,772.0,-2.887617300335736,0,train,6.1123826996642645,-2.791570861463465,-0.09604643887227082,0.09604643887227082
Cc1ccc(N2C[C@@]3(C)NCC[C@H]3c3cc(C)ccc32)cc1,200.0,-2.3010299956639813,0,train,6.698970004336019,-2.2050281087719283,-0.09600188689205291,0.09600188689205291
CCCC(Oc1cccc(Cl)c1Cl)c1nc(N)nc(N2CCN(C)CC2)n1,13420.0,-4.127752515832973,0,train,4.872247484167027,-4.031865892506489,-0.0958866233264839,0.0958866233264839
CC(Oc1ccc(Cl)cc1OC1CNC1)c1ccccc1C(F)(F)F,210.0,-2.322219294733919,0,train,6.6777807052660805,-2.226433368492993,-0.09578592624092597,0.09578592624092597
COc1ccccc1N1CCN(CCCCn2c(=O)sc3ccccc32)CC1,7.8,-0.8920946026904804,0,train,8.10790539730952,-0.7964718893491655,-0.09562271334131489,0.09562271334131489
O=S(=O)(c1cccc2ncccc12)N1CCC(CCN2CCN(c3ccc(Cl)cc3)CC2)CC1,37.0,-1.568201724066995,0,train,7.431798275933005,-1.6637561423028715,0.09555441823587651,0.09555441823587651
CCN1CCc2c(c(-c3ccc(Cl)cc3)cn2Cc2ccccc2)C1,250.0,-2.3979400086720375,0,train,6.6020599913279625,-2.3024395501784527,-0.09550045849358435,0.09550045849358435
C[C@H](Nc1cncc(NCCc2ccccc2)c1)c1ccccc1,13.0,-1.1139433523068367,1,train,7.886056647693163,-1.0184542427139718,-0.09548910959286494,0.09548910959286494
c1ccc2oc(SCCCCCCN3CCN(c4nsc5ccccc45)CC3)nc2c1,72.0,-1.8573324964312685,0,train,7.142667503568731,-1.7618517659307826,-0.09548073050048567,0.09548073050048567
O=C1c2ccccc2CCCC1CCN1CCC(Oc2ccccc2)CC1,25.0,-1.3979400086720377,0,train,7.6020599913279625,-1.4933378614239954,0.09539785275195789,0.09539785275195789
CC(O)C(=O)N(CCN1CCC(c2noc3cc(F)ccc23)CC1)CC1CC1,6.6,-0.8195439355418687,0,train,8.18045606445813,-0.7242075468369759,-0.0953363887048928,0.0953363887048928
c1ccc2c(c1)CCN(CCCc1nc3ccccc3s1)C2,37.0,-1.568201724066995,0,train,7.431798275933005,-1.6635048588067838,0.0953031347397888,0.0953031347397888
[N]C([N])=NC(=O)c1ccc2c(c1)C1([C][C][C][C]1)c1ccccc1-2,1.8,-0.25527250510330607,0,train,8.744727494896694,-0.35039473958095096,0.09512223447764495,0.09512223447764495
CCC1(CCCCN2CC=C(c3ccc(Cl)cc3)CC2)C(=O)Nc2ccccc21,1.02,-0.00860017176191757,1,train,8.991399828238082,-0.10356673193674187,0.09496656017482437,0.09496656017482437
CNC(=O)Cn1c2c(c3ccccc31)CCN(CCCCC13CCCc4cccc(c41)NC3=O)C2,3.75,-0.5740312677277188,0,train,8.425968732272281,-0.6689869164780512,0.09495564875033236,0.09495564875033236
FC(F)(F)c1cccc(COc2ccc(Br)cc2OC2CNC2)c1,6.0,-0.7781512503836436,1,train,8.221848749616356,-0.872859162937519,0.09470791255387534,0.09470791255387534
CC(Oc1cccc(F)c1F)c1nc(N)nc(N2CCN(C)CC2)n1,24040.0,-4.380934463330702,0,train,4.619065536669298,-4.286300589867813,-0.09463387346288865,0.09463387346288865
O=C1Nc2ccccc2C12CCN(CCN1CCN(c3ccc(Cl)c(Cl)c3)CC1)C2,38.0,-1.5797835966168101,0,train,7.42021640338319,-1.674398162557802,0.09461456594099205,0.09461456594099205
O=S(=O)(NC1CCN(CCOc2ccccc2)CC1)c1ccc(Br)cc1,902.0,-2.9552065375419416,1,train,6.044793462458058,-2.8607369854514904,-0.09446955209045127,0.09446955209045127
COc1cccc(-c2n[nH]cc2N2CCCNCC2)c1,294.0,-2.4683473304121573,1,train,6.531652669587842,-2.374086943227518,-0.09426038718463925,0.09426038718463925
O=C1[C@@H]2[C@H]3CC[C@H](C3)[C@@H]2C(=O)N1CCCCCCN1CCN(c2cccc(Cl)c2)CC1,39.0,-1.591064607026499,0,train,7.4089353929735005,-1.6851853518206112,0.09412074479411214,0.09412074479411214
Cc1cccc(S(=O)(=O)NCCCN2CCC(c3noc4cc(F)ccc34)CC2)c1,0.6,0.2218487496163564,1,train,9.221848749616356,0.1278365076343544,0.094012241982002,0.094012241982002
COc1cccc(N2CCN(CCCCCCN3C(=O)c4ccccc4S3(=O)=O)CC2)c1,305.0,-2.484299839346786,0,train,6.515700160653214,-2.3905851070641,-0.0937147322826859,0.0937147322826859
Cc1cccc(S(=O)(=O)N(C)[C@H](C)CCN2CCC(C)CC2)c1,31.884000000000004,-1.5035728004579023,0,train,7.496427199542097,-1.5972728928943756,0.09370009243647326,0.09370009243647326
O=S(=O)(c1cccc2ncccc12)N1CCCCC[C@H]1CCN1CCN(c2nsc3ccccc23)CC1,17.0,-1.2304489213782739,0,train,7.769551078621726,-1.323928998564879,0.09348007718660489,0.09348007718660489
CCN(CCCCN1CCN(c2ccccc2OC)CC1)S(=O)(=O)c1cnc2ccccc2c1,38.0,-1.5797835966168101,0,train,7.42021640338319,-1.6731474237330817,0.09336382711627178,0.09336382711627178
COCOc1ccc(CNC(=O)CCCCCN2CCN(c3ccccc3-c3ccccc3)CC2)cc1,4.5,-0.6532125137753437,1,train,8.346787486224656,-0.7463743108732802,0.09316179709793648,0.09316179709793648
CCCC(=O)Nc1ccc2c(c1)-c1cccc3c1C(C2)N(CCC)CC3,311.0,-2.4927603890268375,0,train,6.507239610973162,-2.3996974667217588,-0.09306292230507829,0.09306292230507829
CC(Nc1nc(N)nc(NCCCc2ccccc2)n1)c1ccccc1,60.0,-1.7781512503836436,0,train,7.221848749616356,-1.6851262659910822,-0.09302498439256146,0.09302498439256146
C=CCN(CC=C)CCc1c[nH]c2ccc(Cl)cc12,74.0,-1.8692317197309762,0,train,7.130768280269024,-1.961984494693544,0.09275277496256806,0.09275277496256806
O=C1c2ccccc2CCCN1CCN1CCC(n2nnc3ccccc32)CC1,14.0,-1.146128035678238,1,train,7.853871964321762,-1.0533872823263466,-0.09274075335189136,0.09274075335189136
COc1ccc(OC)c(N2CCN(CCCCCC(=O)NC3CCCc4ccccc43)CC2)c1,70.3,-1.8469553250198238,0,train,7.153044674980176,-1.7544153332545256,-0.09253999176529848,0.09253999176529848
Cc1cccc(OCc2nc(N)nc(N3CCN(C)CC3)n2)c1,10660.0,-4.027757204690554,0,train,4.972242795309446,-3.9354327869340335,-0.09232441775652012,0.09232441775652012
O=c1c2cnc3ccccc3c2ncn1CCCCN1CCN(c2ccccc2)CC1,612.0,-2.7867514221455614,0,train,6.213248577854438,-2.6944520521244915,-0.09229937002106992,0.09229937002106992
O=S(=O)(NCCCN1CCN(c2noc3ccccc23)CC1)c1cc2ccccc2s1,150.0,-2.1760912590556813,1,train,6.823908740944319,-2.0841427033109072,-0.09194855574477412,0.09194855574477412
O=c1n(CCCCNC[C@H]2CCc3ccccc3O2)c(O)c2n1CCC2,41.0,-1.6127838567197355,1,train,7.3872161432802645,-1.7046876649853129,0.0919038082655772,0.0919038082655772
O=C1NC2(CCC(c3ccccc3)CC2)C(=O)N1CCCCN1CCN(c2ccccc2)CC1,515.0,-2.711807229041191,0,train,6.288192770958808,-2.6199532776260095,-0.09185395141518171,0.09185395141518171
CN(CCCCCCN1CCN(c2cccc(C(F)(F)F)c2)CC1)c1cccc(O)c1,96.0,-1.9822712330395684,0,train,7.017728766960431,-1.8904956383068434,-0.09177559473272501,0.09177559473272501
O=S(=O)(NCCCN1CC=C(c2c[nH]c3ccc(Cl)cc23)CC1)c1cccc(Cl)c1,12.0,-1.0791812460476249,1,train,7.920818753952375,-1.1708168131074752,0.09163556705985032,0.09163556705985032
O=S(=O)(NCCCCN1CCN(c2nsc3ccccc23)CC1)c1ccc(F)c(Cl)c1,5.3,-0.724275869600789,1,train,8.275724130399212,-0.8157183365664636,0.0914424669656746,0.0914424669656746
CC(Oc1cc(F)ccc1F)c1nc(N)nc(N2CCN(C)CC2)n1,21720.0,-4.33685982091681,0,train,4.66314017908319,-4.2456299997420555,-0.0912298211747542,0.0912298211747542
O=C1NC2(CCCc3ccccc32)C(=O)N1CCCCN1CCN(c2cccc(Cl)c2)CC1,37.0,-1.568201724066995,1,train,7.431798275933005,-1.6593941151514369,0.09119239108444188,0.09119239108444188
COc1ccc2c(=O)c3cc(CN4CCN(c5ccccc5OC)CC4)ccc3oc2c1,1145.0,-3.0588054866759067,1,train,5.941194513324094,-2.9678877815159734,-0.09091770515993325,0.09091770515993325
COc1cccc2c1N=C(N)NC2C,8.2,-0.9138138523837167,0,train,8.086186147616283,-1.0047146295230172,0.09090077713930034,0.09090077713930034
CC(C)c1ccccc1OCCN1CCC(N(CC2CC2)S(=O)(=O)c2ccc(F)cc2)CC1,28.0,-1.4471580313422192,0,train,7.552841968657781,-1.3562865294125042,-0.09087150192971505,0.09087150192971505
O=S(=O)(c1cccc2ncccc12)N1CCCCC[C@H]1CCN1CCN(c2cccc3sccc23)CC1,19.0,-1.2787536009528289,0,train,7.721246399047171,-1.3696116186727085,0.09085801771987967,0.09085801771987967
Cn1cncc1-c1c[nH]c2ccc(Cl)c(F)c12,49.0,-1.6901960800285136,1,train,7.309803919971486,-1.7809669289091723,0.09077084888065867,0.09077084888065867
CC(C)c1ccccc1N1CCN(CCCCC(=O)N2Cc3ccccc3C[C@H]2C(N)=O)CC1,30.0,-1.4771212547196624,1,train,7.522878745280337,-1.5678393402520368,0.09071808553237437,0.09071808553237437
O=S(=O)(NCCCN1CCN(c2noc3ccccc23)CC1)c1ccc(F)c(Cl)c1,9.9,-0.9956351945975499,1,train,8.00436480540245,-0.9049482673360754,-0.09068692726147465,0.09068692726147465
CCN(CCN1CCC(c2noc3cc(F)ccc23)CC1)C(=O)C1CN(C(C)=O)CCC1O,6.8,-0.8325089127062363,0,train,8.167491087293763,-0.9231788728178636,0.09066996011162731,0.09066996011162731
O=C1Cc2ccccc2N1CCCCCN1CC[C@H]2CCCC[C@@H]2C1,41.0,-1.6127838567197355,1,train,7.3872161432802645,-1.7033265582198824,0.09054270150014676,0.09054270150014676
O=C1Cc2ccccc2N1CCCCN1CCCC(c2ccccc2)C1,193.0,-2.285557309007774,0,train,6.714442690992226,-2.1950231763721515,-0.09053413263562238,0.09053413263562238
Cc1cccc(S(=O)(=O)NCCCCN2CC=C(c3c[nH]c4ccc(Cl)cc34)CC2)c1,70.0,-1.845098040014257,1,train,7.154901959985743,-1.7548376501258431,-0.09026038988841378,0.09026038988841378
CC(C)(C)c1cccc(OCCN2CCC(NS(=O)(=O)c3ccccc3)CC2)c1,931.0,-2.9689496809813427,0,train,6.031050319018657,-2.878725473306676,-0.09022420767466688,0.09022420767466688
Nc1nc(N)nc(NCCCCN2CCN(c3ccccc3)CC2)n1,1500.0,-3.1760912590556813,0,train,5.823908740944319,-3.0858687186988107,-0.0902225403568706,0.0902225403568706
CC(C)c1ccccc1OCC(O)CN1CCC(NS(=O)(=O)c2ccc(F)cc2)CC1,104.0,-2.0170333392987803,1,train,6.982966660701219,-1.9269093174339247,-0.09012402186485557,0.09012402186485557
O=C(Nc1cccc(Cl)c1)NC1CCN(CCOc2ccccc2-c2ccccc2)CC1,198.0,-2.296665190261531,0,train,6.703334809738469,-2.2065456716067198,-0.09011951865481116,0.09011951865481116
CC(Sc1ccc(Cl)c(Cl)c1)c1nc(N)nc(N2CCN(C)CC2)n1,2872.0,-3.4581844355702627,0,train,5.541815564429737,-3.5479206103305807,0.08973617476031803,0.08973617476031803
COc1ccccc1N1CCN(CCCC(=O)Nc2ccc(C(C)(C)C)cc2)CC1,1196.0,-3.077731179652392,1,train,5.9222688203476075,-2.9881666843890047,-0.08956449526338739,0.08956449526338739
O=C1c2ccccc2CCCN1CCN1CCC(n2c(O)nc3ccccc32)CC1,10.0,-1.0,0,train,8.0,-1.0892104036441714,0.08921040364417143,0.08921040364417143
CC(C)c1ccccc1-n1cc(CN2CCN(c3ccccc3)CC2)c2ccccc21,15.0,-1.1760912590556813,0,train,7.823908740944319,-1.2651843498630984,0.08909309080741723,0.08909309080741723
CC1(CCCCN2CCN(c3cccc(OCCF)c3)CC2)C(=O)Nc2ccccc21,5.6,-0.7481880270062004,1,train,8.2518119729938,-0.8372694909876165,0.08908146398141614,0.08908146398141614
O=C1Cc2ccccc2N1CCCCCCCN1CC[C@H]2CCCC[C@@H]2C1,62.0,-1.792391689498254,1,train,7.207608310501746,-1.7033265582198824,-0.08906513127837146,0.08906513127837146
CN1C(=O)N(CCCCCN2CCN(c3ccccc3)CC2)C(c2ccccc2)(c2ccccc2)C1=O,77.0,-1.8864907251724818,0,train,7.113509274827518,-1.9755365341081372,0.08904580893565561,0.08904580893565561
NC(=NCCCCNS(=O)(=O)c1cccc2ccccc12)N1CCc2ccccc2C1,198.0,-2.296665190261531,0,train,6.703334809738469,-2.3856957029841452,0.08903051272261431,0.08903051272261431
O=C1c2ccc(F)cc2CC1CCN1CCCN(c2ccc(Cl)cc2)CC1,71.5,-1.8543060418010806,0,train,7.145693958198919,-1.765302087443886,-0.08900395435719477,0.08900395435719477
O=S(=O)(c1cccc(N2CCNCC2)c1)n1cccc1-c1cccc(F)c1,11530.0,-4.061829307294699,0,train,4.938170692705301,-3.9728718274924817,-0.08895747980221769,0.08895747980221769
COc1ccc(-c2cccc(NC3=NCCN3)c2C)c(OC)c1,41.0,-1.6127838567197355,0,train,7.3872161432802645,-1.7016647357856691,0.08888087906593345,0.08888087906593345
CCOc1ccccc1N1CCN(CCCCCCN2C(=O)c3cccc4cccc(c34)C2=O)CC1,73.0,-1.863322860120456,0,train,7.136677139879544,-1.9520131205807976,0.08869026046034167,0.08869026046034167
O=S(=O)(c1ccc2cc[nH]c2c1)N1CCC[C@@H]1CCN1CCC(Cc2ccc(Cl)cc2)CC1,2.0,-0.3010299956639812,1,train,8.698970004336019,-0.21247278510232312,-0.08855721056165808,0.08855721056165808
CCCC([Se]c1cc(Cl)ccc1F)c1nc(N)nc(N2CCN(C)CC2)n1,4006.0,-3.6027109449575576,0,train,5.397289055042442,-3.691238086359383,0.08852714140182538,0.08852714140182538
FC(F)(F)Oc1cccc(COc2ccc(Br)cc2OC2CNC2)c1,10.0,-1.0,0,train,8.0,-1.0885081369146021,0.08850813691460213,0.08850813691460213
CNC(=O)Cn1c2c(c3ccccc31)CN(CCCCC13CCCc4cccc(c41)NC3=O)CC2,3.5,-0.5440680443502757,0,train,8.455931955649724,-0.6325496561099222,0.08848161175964653,0.08848161175964653
Cc1cccc(-c2ccc(Cl)cc2OC2CNC2)c1,189.02,-2.276507758829856,1,train,6.723492241170144,-2.1881734174813308,-0.08833434134852514,0.08833434134852514
O=C1C2=C(CCCC2)C(=O)N1CCCCN1CCN(c2cccc(C(F)(F)F)c2)CC1,134.0,-2.1271047983648077,0,train,6.872895201635192,-2.0389554413034303,-0.08814935706137783,0.08814935706137783
O=C(CCCCCN1CCN(c2ccccc2[N+](=O)[O-])CC1)NC1CCCc2ccccc21,63.3,-1.801403710017355,1,train,7.198596289982645,-1.8894567349927993,0.08805302497544432,0.08805302497544432
Fc1ccc(Oc2ccc(Br)cc2OC2CNC2)cc1,20.0,-1.3010299956639813,1,train,7.698970004336019,-1.3889960526766787,0.08796605701269744,0.08796605701269744
COc1ccccc1N1CCN(CCCCCN2C(=O)c3cccc4cccc2c34)CC1,100.0,-2.0,0,train,7.0,-2.087938211163476,0.08793821116347589,0.08793821116347589
COc1cccc(C2=NCCc3c2[nH]c2ccccc32)c1,800.0,-2.9030899869919438,1,train,6.096910013008056,-2.9908764630721207,0.08778647608017653,0.08778647608017653
CCC1(CCCCN2CCN(c3cccc(Cl)c3)CC2)C(=O)Nc2c(Cl)cc(F)cc21,4.75,-0.6766936096248666,0,train,8.323306390375134,-0.7644093530636559,0.0877157434387893,0.0877157434387893
CCCCC(=O)c1ccc(F)cc1,140.0,-2.146128035678238,0,train,6.853871964321762,-2.2338381521608257,0.08771011648258753,0.08771011648258753
O=C1c2ccccc2CCCN1CCN1CCC(n2c(=O)[nH]c3cc(F)ccc32)CC1,2.22,-0.3463529744506387,0,train,8.653647025549361,-0.43399689667381436,0.08764392222317569,0.08764392222317569
COc1cccc(-c2n[nH]cc2N2CCNCC2)c1,225.0,-2.3521825181113627,1,train,6.647817481888637,-2.2646398131293926,-0.08754270498197014,0.08754270498197014
O=S(=O)(c1cncc2ccccc12)N1CC[C@@H]1CCN1CCN(c2cccc3sccc23)CC1,31.0,-1.4913616938342726,0,train,7.508638306165727,-1.578766690946877,0.0874049971126043,0.0874049971126043
O=C1Cc2ccccc2N1CCCCN1CC[C@H]2CCCC[C@@H]2C1,29.0,-1.462397997898956,1,train,7.537602002101044,-1.549764532929711,0.08736653503075487,0.08736653503075487
COc1ccccc1-c1cccc(CN2CCC(C)CC2)c1,1038.0,-3.016197353512439,0,train,5.983802646487561,-2.9289012298122414,-0.08729612370019746,0.08729612370019746
Clc1ccccc1-c1n[nH]cc1N1CCNCC1,63.5,-1.8027737252919758,0,train,7.197226274708024,-1.8900272476394537,0.08725352234747774,0.08725352234747774
O=C1c2cccc3cccc(c23)N1CCCCCCN1CCN(c2ccccn2)CC1,184.0,-2.2648178230095364,0,train,6.735182176990463,-2.351992109412441,0.08717428640290459,0.08717428640290459
Fc1cccc(-c2ccccc2N2CCN(CCc3c[nH]c4ccc(F)cc34)CC2)c1,0.79,0.10237290870955855,1,train,9.102372908709558,0.015224331000801915,0.08714857770875659,0.08714857770875659
CC(=O)Nc1ccc(CCCCN2CCN(c3ccccn3)CC2)cc1,134.5,-2.128722284338427,0,train,6.871277715661574,-2.215845553966563,0.08712326962813632,0.08712326962813632
Oc1cccc(N(CCCN2CCN(c3ccccc3)CC2)Cc2ccccc2)c1,93.0,-1.968482948553935,0,train,7.031517051446065,-1.8814301202821495,-0.08705282827178551,0.08705282827178551
CNCc1ccc(Cl)c(-c2ccccc2OC)c1,5.2,-0.7160033436347992,1,train,8.2839966563652,-0.8030465859266738,0.08704324229187455,0.08704324229187455
CC(C)[C@@]1(NC(=O)[C@@H]2C=C3c4cccc5[nH]cc(c45)C[C@H]3N(C)C2)O[C@@]2(O)[C@@H]3CCCN3C(=O)[C@H](Cc3ccccc3)N2C1=O,12.7,-1.1038037209559568,0,train,7.896196279044043,-1.19082527950938,0.0870215585534233,0.0870215585534233
O=c1c2cnc3ccccc3c2ncn1CCCCN1CCN(c2ccccc2Cl)CC1,153.0,-2.184691430817599,0,train,6.815308569182401,-2.2714880325740343,0.08679660175643544,0.08679660175643544
Fc1ccc(-c2ccccc2N2CCNCC2)cc1,2.7,-0.43136376415898736,1,train,8.568636235841012,-0.517960203488675,0.08659643932968769,0.08659643932968769
CN1CC[C@@H](Oc2ccc(Cl)cc2OCc2cccc(Cl)c2)C1,140.0,-2.146128035678238,0,train,6.853871964321762,-2.059553126111082,-0.08657490956715597,0.08657490956715597
O=C1Nc2ccccc2C1CCCCN1CCN(c2ccc(F)cc2)CC1,5.0,-0.6989700043360189,1,train,8.301029995663981,-0.7855276828289598,0.08655767849294094,0.08655767849294094
O=S(=O)(CC1CCN(CCCc2noc3cc(F)ccc23)C1)c1cccc(C(F)(F)F)c1,68.0,-1.8325089127062364,0,train,7.167491087293763,-1.7462119291192284,-0.08629698358700799,0.08629698358700799
COc1c(Cl)ccc2c1C(C)NC(NCC(F)F)=N2,17.6,-1.24551266781415,0,train,7.75448733218585,-1.331796112294367,0.08628344448021696,0.08628344448021696
Cc1ccc2c(OCCN3CCC(Cc4cc(F)c5c(c4)NC(=O)CO5)CC3)cc(F)cc2n1,79.0,-1.8976270912904414,0,train,7.102372908709558,-1.983858386667828,0.08623129537738694,0.08623129537738694
Cc1ccccc1-c1ccc(OCC(F)(F)F)c(OC2CNC2)c1,525.05,-2.720200662815721,0,train,6.279799337184279,-2.6341443740542427,-0.08605628876147842,0.08605628876147842
COc1ccccc1N1CCN(CCCCCN2C(=O)Cc3ccccc32)CC1,63.0,-1.7993405494535817,1,train,7.200659450546418,-1.885347474599464,0.08600692514588237,0.08600692514588237
O=c1c2cnc3ccccc3c2ncn1CCCCN1CCN(c2cccc(Cl)c2)CC1,184.0,-2.2648178230095364,0,train,6.735182176990463,-2.3508200966088775,0.0860022735993411,0.0860022735993411
CCCN(CCC)CCc1ccc(Cl)c(-c2ccccc2OC)c1,20.0,-1.3010299956639813,0,train,7.698970004336019,-1.215169602324462,-0.08586039333951923,0.08586039333951923
CCN(CCN1CCC(c2noc3cc(Cl)ccc23)CC1)S(=O)(=O)CCO,24.3,-1.3856062735983121,1,train,7.614393726401688,-1.299777972989461,-0.08582830060885094,0.08582830060885094
CNc1ccc(-c2c3c(nn2C(C)C)CCNCC3)cc1,40.0,-1.6020599913279623,0,train,7.3979400086720375,-1.5165604300931577,-0.08549956123480484,0.08549956123480484
Fc1ccc(OCCCN2CCc3ccccc3C2)cc1,100.0,-2.0,0,train,7.0,-1.9147223767374746,-0.08527762326252541,0.08527762326252541
C[C@@H]1NC[C@H]1Oc1cc(Br)ccc1OCc1cccc(F)c1,9.0,-0.9542425094393249,0,train,8.045757490560675,-1.039412394436388,0.08516988499706324,0.08516988499706324
Fc1ccccc1-c1noc2c1CCNCC2,366.0,-2.5634810853944106,1,train,6.436518914605589,-2.478332514658416,-0.08514857073599469,0.08514857073599469
CC(Oc1ccc(Cl)cc1OC1CNC1)c1cccc(F)c1,33.0,-1.5185139398778875,0,train,7.481486060122112,-1.6036395666257997,0.08512562674791213,0.08512562674791213
Cc1cc2c(cc1Cl)N(C(=O)Nc1ccc(Oc3cccnc3C)nc1)CC2,794.32,-2.89999549768761,0,train,6.10000450231239,-2.814886682259987,-0.08510881542762272,0.08510881542762272
O=S(=O)(NCCCCN1CC=C(c2c[nH]c3ccc(Cl)cc23)CC1)c1cccc2ccccc12,140.0,-2.146128035678238,1,train,6.853871964321762,-2.0610704628407306,-0.08505757283750759,0.08505757283750759
NC(=O)[C@@H]1Cc2ccccc2CN1C(=O)CCCCN1CCN(c2noc3ccccc23)CC1,18.0,-1.255272505103306,0,train,7.7447274948966935,-1.3402094331870762,0.08493692808377018,0.08493692808377018
CCOc1ccc(-c2ccccc2C)cc1OC1CNC1,454.05,-2.6571036800122543,1,train,6.342896319987746,-2.5723436594453024,-0.08476002056695187,0.08476002056695187
CC1CCN(CC[C@H]2CCCN2S(=O)(=O)c2ccc3c[nH]nc3c2)CC1,6.5,-0.8129133566428556,1,train,8.187086643357144,-0.8975906213286136,0.08467726468575798,0.08467726468575798
O=c1[nH]c2cc(Cl)ccc2n1C1CCN(CCCCc2c[nH]c3ccccc23)CC1,111.5,-2.0472748673841794,0,train,6.952725132615821,-1.9626034201750489,-0.08467144720913056,0.08467144720913056
CC1(C)C(=O)N(Cc2ccc(F)cc2)C(=O)N1CCCCCN1CCN(c2ccc(F)cc2)CC1,46.0,-1.662757831681574,0,train,7.337242168318426,-1.74734241783945,0.08458458615787601,0.08458458615787601
Clc1ccc(Cn2cc(-c3ccccc3)c3c2CCNC3)cc1,753.0,-2.8767949762007006,0,train,6.123205023799299,-2.7923550404117496,-0.08443993578895137,0.08443993578895137
Cc1cccc(S(=O)(=O)CC2CCN(CCCc3noc4cc(F)ccc34)C2)c1,26.0,-1.414973347970818,1,train,7.585026652029182,-1.4993713806519973,0.08439803268117929,0.08439803268117929
O=C(c1ccc(Cl)cc1)c1ccc(Cl)cc1OC1CNC1,150.0,-2.1760912590556813,0,train,6.823908740944319,-2.091758117189536,-0.08433314186614549,0.08433314186614549
CCC1(CCCCN2CCN(c3cccc(Cl)c3)CC2)C(=O)Nc2ccc(Cl)cc21,8.27,-0.9175055095525466,1,train,8.082494490447454,-0.8334635013546907,-0.0840420081978559,0.0840420081978559
CSc1ccccc1OCCN1CCC(CNS(=O)(=O)c2cccc(Cl)c2)CC1,78.0,-1.8920946026904804,1,train,7.107905397309519,-1.9760523644729315,0.08395776178245118,0.08395776178245118
O=S(=O)(NCCCCN1CCN(c2ccc(Cl)cc2)CC1)c1ccc2cccnc2c1,381.0,-2.5809249756756194,1,train,6.41907502432438,-2.497225233560208,-0.08369974211541154,0.08369974211541154
c1ccc(-c2n[nH]cc2N2CCNCC2)cc1,78.0,-1.8920946026904804,1,train,7.107905397309519,-1.9756919631620196,0.0835973604715392,0.0835973604715392
CN1CCN(c2ccc3[nH]nc(S(=O)(=O)c4ccccc4)c3c2)CC1,753.0,-2.8767949762007006,0,train,6.123205023799299,-2.7932156191806565,-0.08357935702004449,0.08357935702004449
OC1(c2ccc(Cl)c(C(F)(F)F)c2)CCN(CCCCC(c2ccc(F)cc2)c2ccc(F)cc2)CC1,969.0,-2.986323777050765,1,train,6.013676222949234,-2.9029629125963483,-0.08336086445441682,0.08336086445441682
CCN(CCCN1CCN(c2ccccc2OC)CC1)S(=O)(=O)c1ccc(C)cc1,19.0,-1.2787536009528289,0,train,7.721246399047171,-1.3621036430170097,0.08335004206418084,0.08335004206418084
O=c1n(C/C=C/CNCC2CCc3ccccc3O2)c(O)c2n1CCC2,63.0,-1.7993405494535817,0,train,7.200659450546418,-1.8826279715023697,0.08328742204878803,0.08328742204878803
CCCCC(Oc1cc(Cl)cc(Cl)c1)c1nc(Nc2ccncc2)nc(N2CCN(C)CC2)n1,5141.0,-3.711047603867034,0,train,5.2889523961329665,-3.794300397956822,0.08325279408978803,0.08325279408978803
COc1ccccc1N1CCN(CCCCC(=O)NCc2ccc(C(C)(C)C)cc2)CC1,391.0,-2.5921767573958667,0,train,6.407823242604133,-2.5091416212241926,-0.08303513617167413,0.08303513617167413
O=C1Nc2ccc(O)c3c2C1(CCCCN1CC=C(c2ccccc2)CC1)CCC3,8.1,-0.9084850188786497,0,train,8.09151498112135,-0.9915079826324678,0.08302296375381812,0.08302296375381812
CCC(C)c1ccc(NC(=O)CCCN2CCN(c3ccccc3OC)CC2)cc1,354.0,-2.5490032620257876,0,train,6.450996737974212,-2.631845360227635,0.08284209820184696,0.08284209820184696
c1ccc2c(c1)CN(CCCCc1nc3ccccc3s1)C2,211.0,-2.3242824552976926,0,train,6.675717544702307,-2.2414418684050066,-0.08284058689268603,0.08284058689268603
Cc1sc2ncn(CCCCCN3CCN(c4ccc(Cl)cc4)CC3)c(=O)c2c1C,213.0,-2.3283796034387376,0,train,6.671620396561263,-2.2455552501271865,-0.08282435331155114,0.08282435331155114
Brc1ccc(OCc2ccccc2)c(OC2CNC2)c1,9.0,-0.9542425094393249,1,train,8.045757490560675,-1.0368086570395834,0.0825661476002586,0.0825661476002586
O=C1Nc2cc(F)ccc2C1CCCCN1CC=C(c2cccc(Cl)c2)CC1,13.0,-1.1139433523068367,0,train,7.886056647693163,-1.1963398119169806,0.08239645961014386,0.08239645961014386
COc1ccccc1N1CCN(CCCCCC(=O)c2ccccc2)CC1,28.4,-1.4533183400470377,1,train,7.546681659952962,-1.5352818913870994,0.08196355134006184,0.08196355134006184
COc1ccc(-c2ccccc2C2CCN(CCCCOc3cnccn3)CC2)cc1,46.0,-1.662757831681574,0,train,7.337242168318426,-1.7445410858629922,0.08178325418141807,0.08178325418141807
c1cnc(N2CCN(CCCCc3nc4ccccc4s3)CC2)nc1,228.9,-2.359645792674543,0,train,6.640354207325457,-2.4413600366518216,0.08171424397727867,0.08171424397727867
NC(N)=NC(=O)c1ccc2c(c1)C(O)c1c(Cl)cccc1-2,33.0,-1.5185139398778875,0,train,7.481486060122112,-1.6002024864972353,0.08168854661934777,0.08168854661934777
O=C(CCCCN1CCN(c2ccccc2O)CC1)n1c2ccccc2c2ccccc21,86.0,-1.9344984512435677,0,train,7.0655015487564325,-1.8528255634105186,-0.08167288783304927,0.08167288783304927
C1=C(CCN2CCc3ccccc3C2)CCc2ccccc21,65.5,-1.816241299991783,0,train,7.183758700008217,-1.8978117446110239,0.0815704446192409,0.0815704446192409
COc1cc2c(cc1OCCF)C[C@H]1c3c(cc(OC)c(OC)c3-2)CCN1C,52.0,-1.7160033436347992,0,train,7.2839966563652006,-1.6345271372970323,-0.08147620633776698,0.08147620633776698
Cc1[nH]c2ccc(Cl)cc2c1CCN(C)C,290.0,-2.462397997898956,0,train,6.537602002101044,-2.5436219130130815,0.08122391511412541,0.08122391511412541
COc1ccccc1N1CCN(CCCCN2C(=O)NC3(CCc4ccccc43)C2=O)CC1,71.0,-1.8512583487190752,0,train,7.1487416512809245,-1.770144895116014,-0.08111345360306133,0.08111345360306133
O=c1[nH]c(SCCCN2CCN(c3ccccc3)CC2)nc2c1sc1ccccc12,23.0,-1.3617278360175928,1,train,7.638272163982407,-1.4427339931333574,0.08100615711576453,0.08100615711576453
COc1ccccc1N1CCN(CCCC(=O)Nc2ccccc2C(N)=O)CC1,1143.0,-3.0580462303952816,0,train,5.941953769604718,-2.9771900968138585,-0.08085613358142307,0.08085613358142307
Cc1ccc(-c2ccccc2C2CCNC2)cc1C,55.94,-1.7477224620355085,1,train,7.252277537964492,-1.8284359900784293,0.08071352804292098,0.08071352804292098
CN1CCN(CCCN2c3ccccc3Sc3ccc(Cl)cc32)CC1,196.0,-2.292256071356476,1,train,6.707743928643524,-2.21179078136192,-0.08046528999455571,0.08046528999455571
O=C([C@@H]1Cc2ccccc2CN1C(=O)CCCCN1CCN(c2ccccc2-c2ccccc2)CC1)N1CCOCC1,9.0,-0.9542425094393249,0,train,8.045757490560675,-1.0345395817431555,0.08029707230383076,0.08029707230383076
COc1ccc(-c2ccc(C)c(C)c2)cc1OC1CNC1,249.98,-2.397905263723669,0,train,6.602094736276332,-2.4781677234664303,0.08026245974276147,0.08026245974276147
CCC1(CCCCN2CCN(c3cccc(Cl)c3)CC2)C(=O)Nc2c(Cl)cc(Cl)cc21,9.46,-0.9758911364017928,0,train,8.024108863598208,-1.056057007204791,0.0801658708029982,0.0801658708029982
CCC(Oc1cc(Cl)ccc1Cl)c1nc(N)nc(N2CCNCC2)n1,3722.0,-3.570776368794748,0,train,5.429223631205252,-3.65086039504031,0.08008402624556199,0.08008402624556199
COc1ccc(-c2cccc(F)c2C)cc1C1CCNC1,19.0,-1.2787536009528289,0,train,7.721246399047171,-1.358623934260857,0.07987033330802817,0.07987033330802817
COc1cccc2c1N=C(NCC(F)F)NC2C,38.9,-1.5899496013257077,0,train,7.410050398674292,-1.5101705435751682,-0.07977905775053928,0.07977905775053928
CC(C)c1cccc(OCCN2C3CCC2CC(NS(=O)(=O)c2ccc(F)c(F)c2)C3)c1,9.0,-0.9542425094393249,0,train,8.045757490560675,-1.0338292151761954,0.07958670573687066,0.07958670573687066
COc1ccccc1N1CCN(CCCCC(=O)NCc2ccccc2-c2cccc(C)c2)CC1,48.0,-1.6812412373755872,0,train,7.318758762624412,-1.7604893329604265,0.07924809558483936,0.07924809558483936
COc1ccccc1N1CCN(CCCCn2cnc3c(cnc4ccccc43)c2=O)CC1,276.0,-2.4409090820652177,0,train,6.559090917934782,-2.361774018009212,-0.07913506405600579,0.07913506405600579
COc1ccccc1OCCNc1nc(N)nc(NCCc2c[nH]c3ccccc23)n1,428.0,-2.6314437690131722,1,train,6.368556230986828,-2.5523424705053084,-0.0791012985078634,0.0791012985078634
CCCN1CC(Oc2cc(F)ccc2OCc2cccc(Cl)c2)C1,21.0,-1.3222192947339193,0,train,7.6777807052660805,-1.4010647146394133,0.07884541990549399,0.07884541990549399
CCC(Oc1ccccc1)c1nc(N)nc(N2CCNCC2)n1,8155.0,-3.9114239653762946,0,train,5.0885760346237054,-3.9901309640175087,0.07870699864121367,0.07870699864121367
O=S(=O)(CC1CCN(CCCc2noc3cc(F)ccc23)C1)c1ccc(F)c(Cl)c1,19.0,-1.2787536009528289,1,train,7.721246399047171,-1.3573472865330434,0.07859368558021451,0.07859368558021451
CCN(CCN1CCC(c2noc3cc(F)ccc23)CC1)C(=O)C1(O)CCNC1,3.7,-0.568201724066995,0,train,8.431798275933005,-0.48964591281342557,-0.07855581125356942,0.07855581125356942
Brc1ccc2ccn(CCN3CCCN4CCCCC4C3)c2n1,492.0,-2.69196510276736,1,train,6.308034897232639,-2.6134214337783015,-0.07854366898905862,0.07854366898905862
CCC1(CCCCCN2CCN(c3cccc(Cl)c3)CC2)C(=O)Nc2ccccc21,1.45,-0.16136800223497488,1,train,8.838631997765026,-0.0828808003165649,-0.0784872019184099,0.0784872019184099
COc1ccc(-c2c(=O)n(CCCCN3CCCC(c4c[nH]c5ccccc45)C3)c(=O)n3ccccc23)cc1,1922.0,-3.2837533833325265,0,train,5.7162466166674735,-3.205286043033318,-0.07846734029920865,0.07846734029920865
O=C(CCCN1CCN(c2ccccn2)CC1)c1ccc2c(c1)CCC2,76.5,-1.8836614351536176,0,train,7.116338564846382,-1.962127565638187,0.0784661304845693,0.0784661304845693
COc1cccc(N2CCN(CCCCCC(=O)NC3CCCc4ccccc43)CC2)c1,119.0,-2.0755469613925306,1,train,6.924453038607469,-2.153984116285079,0.07843715489254821,0.07843715489254821
COc1cccc(C(=O)CCCCN2CCN(c3ccccc3OC)CC2)c1,85.0,-1.9294189257142926,0,train,7.070581074285707,-1.8509964566965127,-0.07842246901778016,0.07842246901778016
Cc1cccc(S(=O)(=O)NCCN2CCC(c3noc4cc(F)ccc34)CC2)c1,1.1,-0.04139268515822508,0,train,8.958607314841775,0.03681802321131382,-0.07821070836953882,0.07821070836953882
O=S(=O)(NCCCCN1CCN(c2cccc(Cl)c2)CC1)c1cnc2ccccc2c1,56.0,-1.7481880270062005,1,train,7.251811972993799,-1.8263287038668514,0.07814067686065096,0.07814067686065096
CCC(Oc1cccc(Cl)c1F)c1nc(N)nc(N2CCN(C)CC2)n1,4338.0,-3.6372895476781744,0,train,5.362710452321826,-3.7153652819883796,0.0780757343102052,0.0780757343102052
O=C1c2ccccc2S(=O)(=O)N1CCCCCN1CCN(c2ccccc2)CC1,148.0,-2.1702617153949575,1,train,6.8297382846050425,-2.2482583757412145,0.07799666034625741,0.07799666034625741
COc1ccccc1-c1cc(CN2CCC(C)CC2)ccc1C,1123.0,-3.050379756261458,0,train,5.949620243738542,-2.9724395537400032,-0.07794020252145462,0.07794020252145462
CC(C)c1ccccc1OCCN1CC2CC1CN2S(=O)(=O)c1ccc(F)cc1,162.0,-2.2095150145426308,0,train,6.790484985457369,-2.131759480805764,-0.07775553373686694,0.07775553373686694
Brc1ccc(OC2CCc3ccccc32)c(OC2CNC2)c1,40.0,-1.6020599913279623,0,train,7.3979400086720375,-1.5245199506175025,-0.07754004071046006,0.07754004071046006
O=C(CCCCCN1CCN(c2ncccc2-c2ccncc2)CC1)NCc1ccc(F)nc1,71.0,-1.8512583487190752,0,train,7.1487416512809245,-1.7737223737393664,-0.07753597497970888,0.07753597497970888
O=C1Nc2ccccc2C12CCN(CCCN1CCN(c3ccc(Cl)cc3)CC1)C2,67.0,-1.8260748027008264,0,train,7.173925197299173,-1.7486440413296407,-0.07743076137118576,0.07743076137118576
CC1(C)C(=O)N(Cc2ccccc2)C(=O)N1CCCCCN1CCN(c2ccccc2F)CC1,135.0,-2.130333768495006,0,train,6.8696662315049934,-2.0531442459908216,-0.07718952250418454,0.07718952250418454
NC(=O)[C@@H]1CCCN1C(=O)CCCCCN1CCN(c2cccc(Cl)c2)CC1,478.0,-2.6794278966121188,0,train,6.320572103387882,-2.6022395725068184,-0.07718832410530041,0.07718832410530041
FC(F)(F)c1cc(COc2ccc(Cl)cc2OC2CNC2)ccc1Cl,13.0,-1.1139433523068367,0,train,7.886056647693163,-1.1910450826568522,0.07710173035001544,0.07710173035001544
O=S(=O)(NC1CCN(CCOc2ccccc2C2CCCC2)CC1)c1cccc(F)c1,19.0,-1.2787536009528289,0,train,7.721246399047171,-1.3557790143735828,0.07702541342075397,0.07702541342075397
COc1ccc(-c2ccccc2N2CCN(CCOCCC(=O)NCc3ccncc3)CC2)cc1,18.0,-1.255272505103306,0,train,7.7447274948966935,-1.3322759232864558,0.07700341818314982,0.07700341818314982
COC1(c2ccccc2)CCN(CCCCC23CCCc4cccc(c42)NC3=O)CC1,22.0,-1.3424226808222062,1,train,7.657577319177793,-1.419315467577723,0.07689278675551692,0.07689278675551692
Cc1ccc2c(OCCN3CCC(Cc4cc(F)c5c(c4)NC(=O)CO5)CC3)cc(Cl)cc2n1,79.0,-1.8976270912904414,0,train,7.102372908709558,-1.9742829565254507,0.07665586523500956,0.07665586523500956
CC(=O)Nc1cccc(N(C)CCCN2CCN(c3ccccc3)CC2)c1,161.0,-2.2068258760318495,0,train,6.79317412396815,-2.130421165234138,-0.07640471079771105,0.07640471079771105
O=C1Nc2ccccc2C12CCN(CCN1CC=C(c3ccc(F)cc3)CC1)C2,43.0,-1.6334684555795864,0,train,7.366531544420414,-1.7097660832011325,0.07629762762154613,0.07629762762154613
Fc1ccccc1COc1ccc(Br)cc1OC1CCNCC1,13.0,-1.1139433523068367,1,train,7.886056647693163,-1.1899822565796014,0.07603890427276472,0.07603890427276472
OC1c2ccc(F)cc2CC1CCN1CCN(c2ccccn2)CC1,62.0,-1.792391689498254,0,train,7.207608310501746,-1.8681764282141742,0.07578473871592029,0.07578473871592029
CCC(Oc1cc(F)ccc1OC)c1nc(N)nc(N2CCN(C)CC2)n1,44990.0,-4.653115993165567,0,train,4.346884006834433,-4.577433209655633,-0.07568278350993385,0.07568278350993385
CCCCN(C)CCCCC(=O)n1c2ccccc2c2ccccc21,1284.5,-3.108734108602365,0,train,5.8912658913976355,-3.033593344376071,-0.07514076422629401,0.07514076422629401
CCn1cncc1-c1c[nH]c2ccc(C(N)=O)c(F)c12,22.0,-1.3424226808222062,0,train,7.657577319177793,-1.4175237582606257,0.07510107743841954,0.07510107743841954
CCC([Se]c1cccc2ccccc12)c1nc(N)nc(N2CCN(C)CC2)n1,7874.0,-3.8961954104542107,0,train,5.103804589545789,-3.8212408591959393,-0.074954551258271,0.074954551258271
Cc1cccc2c1-c1cccc3c1[C@@H](C2)N(C)CC3,38.3,-1.5831987739686226,0,train,7.416801226031377,-1.5083672782568252,-0.07483149571179748,0.07483149571179748
COc1ccccc1N1CCN(CCCCCCNc2nc(N)nc(N)n2)CC1,713.0,-2.8530895298518657,0,train,6.146910470148134,-2.927873372927816,0.07478384307595043,0.07478384307595043
CC(Oc1ccc(Cl)cc1OC1CNC1)c1ccc(F)c(C(F)(F)F)c1,41.0,-1.6127838567197355,0,train,7.3872161432802645,-1.6873459216083824,0.0745620648886467,0.0745620648886467
CC(Oc1ccc(Cl)cc1OC1CNC1)c1ccccc1,40.0,-1.6020599913279623,1,train,7.3979400086720375,-1.6763780640856718,0.0743180727577093,0.0743180727577093
CCOc1ccccc1N1CCN(CCCN2C(=O)N(C)C(=O)C2(c2ccccc2)c2ccccc2)CC1,95.0,-1.9777236052888478,0,train,7.022276394711152,-1.9034655625710966,-0.0742580427177515,0.0742580427177515
CC1(C)C(=O)N(Cc2ccccc2)C(=O)N1CCCCCN1CCN(c2ccc(F)cc2F)CC1,172.0,-2.2355284469075487,0,train,6.764471553092451,-2.1613784119239647,-0.07415003498358397,0.07415003498358397
N#Cc1ccc(CNC(=O)CCOCCN2CCN(c3cccnc3-c3ccc(F)cc3)CC2)cc1,108.0,-2.03342375548695,1,train,6.96657624451305,-2.107512367345562,0.07408861185861193,0.07408861185861193
O=S(=O)(NC1CCN(CCOc2cccc(Br)c2I)CC1)c1ccccc1,110.0,-2.041392685158225,1,train,6.958607314841775,-2.1154557627902784,0.07406307763205344,0.07406307763205344
NC(N)=NC(=O)c1ccc2c(c1)C(N)c1ccccc1-2,43.0,-1.6334684555795864,1,train,7.366531544420414,-1.559505512938482,-0.07396294264110437,0.07396294264110437
O=S(=O)(NC1CCN(CCOc2cccc(Br)c2)CC1)c1cccc(Cl)c1,86.0,-1.9344984512435677,1,train,7.0655015487564325,-2.008392735044648,0.0738942838010801,0.0738942838010801
O=c1[nH]c(CCCCN2CCN(c3cccc(Cl)c3)CC2)nc2ccccc12,21.0,-1.3222192947339193,1,train,7.6777807052660805,-1.3959640829940303,0.073744788260111,0.073744788260111
c1ccc(N2CCN(Cc3cn(-c4cccnc4)c4ccccc34)CC2)cc1,60.0,-1.7781512503836436,1,train,7.221848749616356,-1.8518209866643942,0.07366973628075058,0.07366973628075058
CCN(CCN1CCC(n2ncc3cc(F)ccc32)CC1)C(=O)CCO,9.3,-0.9684829485539351,0,train,8.031517051446064,-1.0420838068362894,0.07360085828235419,0.07360085828235419
CN1CC(Oc2cc(Cl)ccc2OCc2cc(CO)c(C(F)(F)F)o2)C1,153.0,-2.184691430817599,0,train,6.815308569182401,-2.2582245329436783,0.07353310212607944,0.07353310212607944
O=S(=O)(NC1CCN(CCOc2ccccc2C(F)(F)F)CC1)c1ccccc1,213.0,-2.3283796034387376,0,train,6.671620396561263,-2.254968676372796,-0.07341092706594177,0.07341092706594177
C[C@H]1C[C@H](NS(=O)(=O)c2cc3ccc(F)cc3s2)CN1CCCc1noc2cc(F)ccc12,49.0,-1.6901960800285136,0,train,7.309803919971486,-1.7633068941182535,0.07311081408973985,0.07311081408973985
COc1ccc(-c2ccccc2N2CCN(CCCCOc3ccc(Cl)cc3F)CC2)cc1,47.0,-1.6720978579357175,0,train,7.327902142064282,-1.7451461559977295,0.07304829806201196,0.07304829806201196
O=S(=O)(NCCCCN1CC=C(c2c[nH]c3ccc(Cl)cc23)CC1)c1cccc(Cl)c1,65.0,-1.8129133566428555,1,train,7.187086643357144,-1.7400115076306213,-0.0729018490122344,0.0729018490122344
CC1=CC=CC(C#N)C1c1cccc2c1-c1cccc3c1C(C2)N(C)CC3,21.0,-1.3222192947339193,0,train,7.6777807052660805,-1.394917566360648,0.0726982716267286,0.0726982716267286
O=S(=O)(NCCN1CC=C(c2c[nH]c3ccc(F)cc23)CC1)c1ccc2ccccc2c1,80.0,-1.9030899869919435,1,train,7.096910013008056,-1.830430909547027,-0.07265907744491651,0.07265907744491651
COc1cc2c(cc1OC)CN(/C=N/c1ccc3c(c1)C(O)CCCC3)CC2,800.0,-2.9030899869919438,0,train,6.096910013008056,-2.8306689767010744,-0.07242101029086978,0.07242101029086978
COc1ccc(C2(C)NC(=O)N(CC(O)CN3CCN(c4ccccc4C#N)CC3)C2=O)cc1,23.0,-1.3617278360175928,0,train,7.638272163982407,-1.4340375029922692,0.07230966697467633,0.07230966697467633
O=C(c1ccc2ccccc2c1)c1ccc(Cl)cc1OC1CNC1,72.0,-1.8573324964312685,0,train,7.142667503568731,-1.9294740641585135,0.07214156772724523,0.07214156772724523
COc1ccccc1N1CCN(CCCCCCn2c(=O)oc3ccccc32)CC1,12.0,-1.0791812460476249,1,train,7.920818753952375,-1.0070673487610993,-0.07211389728652562,0.07211389728652562
CCC(Oc1cc(Cl)ccc1F)c1nc(N)nc(N2CCN(C)CC2)n1,15120.0,-4.179551791165188,0,train,4.820448208834812,-4.1074958230710585,-0.07205596809412906,0.07205596809412906
OC1(c2ccc(Cl)cc2)CC2CCC(C1)N2CCCSc1ccccc1F,882.0,-2.94546858513182,0,train,6.05453141486818,-2.873565648516743,-0.07190293661507674,0.07190293661507674
CC1(C)C(=O)N(Cc2ccccc2)C(=O)N1CCCCCN1CCN(c2ccc(F)cc2)CC1,45.0,-1.6532125137753437,0,train,7.346787486224656,-1.7250838581931305,0.07187134441778698,0.07187134441778698
COc1ccccc1N1CCN(CCCCC(=O)NCc2ccccc2-c2ccccc2C)CC1,26.0,-1.414973347970818,1,train,7.585026652029182,-1.486752801034412,0.07177945306359401,0.07177945306359401
CCC(Oc1ccc(Cl)cc1OC1CNC1)c1cccc(C(F)(F)F)c1,230.0,-2.361727836017593,1,train,6.638272163982407,-2.2899614851176766,-0.07176635089991645,0.07176635089991645
COc1ccc(-n2c(=O)n(CCCCN3CCN(c4ccccc4OC)CC3)c3ccccc32)cc1,267.0,-2.4265112613645754,0,train,6.573488738635424,-2.354911574160718,-0.07159968720385734,0.07159968720385734
O=S(=O)(CC1CCN(CCCc2noc3cc(F)ccc23)C1)c1ccc(F)c(F)c1,48.0,-1.6812412373755872,0,train,7.318758762624412,-1.6097388819175689,-0.07150235545801831,0.07150235545801831
COc1cc2ncnc(N3CCC(CN4CCN(c5cccc(Cl)c5)CC4)C3)c2cc1OC,372.0,-2.5705429398818973,0,train,6.429457060118103,-2.4990970785557804,-0.07144586132611686,0.07144586132611686
CN1CCCC1Cc1c[nH]c2ccc(NS(=O)(=O)c3ccccc3Cl)cc12,74.0,-1.8692317197309762,0,train,7.130768280269024,-1.9405867404053723,0.07135502067439625,0.07135502067439625
CO/N=C(\COc1ccc(Cl)cc1OC1CNC1)c1ccccc1,76.0,-1.8808135922807914,0,train,7.119186407719209,-1.9521034616215636,0.07128986934077197,0.07128986934077197
Clc1ccc(Oc2ccc(Br)cc2OC2CNC2)cc1,11.0,-1.0413926851582251,1,train,7.958607314841775,-1.112679982852692,0.07128729769446696,0.07128729769446696
COc1ccc(-c2cn(Cc3ccccc3)c3c2CNCC3)cc1,290.0,-2.462397997898956,1,train,6.537602002101044,-2.3912332235292624,-0.0711647743696937,0.0711647743696937
CCC([Se]Cc1ccccc1)c1nc(N)nc(N2CCN(C)CC2)n1,8752.0,-3.9421073089893555,0,train,5.057892691010645,-3.871086065473075,-0.07102124351628092,0.07102124351628092
O=C(c1ccc2c(c1)OCO2)c1ccc(Cl)cc1OC1CNC1,226.0,-2.3541084391474008,1,train,6.645891560852599,-2.2831431934201216,-0.07096524572727914,0.07096524572727914
O=S(=O)(NCCCCN1CCN(c2nsc3ccccc23)CC1)c1ccc(Cl)c(Cl)c1,6.9,-0.8388490907372553,1,train,8.161150909262744,-0.9096267771779248,0.07077768644066951,0.07077768644066951
Cc1cccc(S(=O)(=O)NCCN2CCN(c3nsc4ccccc34)CC2)c1,3.8,-0.5797835966168101,0,train,8.42021640338319,-0.5090591855108934,-0.07072441110591676,0.07072441110591676
FC(F)(F)c1ccccc1-c1ccc(Cl)c(OC2CNC2)c1,10.49,-1.0207754881935578,0,train,7.979224511806442,-1.0914377518190106,0.0706622636254528,0.0706622636254528
CCCC([Se]c1ccccc1)c1nc(N)nc(N2CCN(C)CC2)n1,3161.0,-3.49982449583958,0,train,5.500175504160421,-3.570348817136588,0.07052432129700792,0.07052432129700792
CC1(C)C(=O)N(Cc2ccc(Cl)cc2Cl)C(=O)N1CCCCCN1CCN(c2ccc(Cl)c(Cl)c2)CC1,78.0,-1.8920946026904804,0,train,7.107905397309519,-1.9624244347848636,0.07032983209438326,0.07032983209438326
CCN(CCN1CCC(C2NOc3cc(F)ccc32)CC1)C(=O)C(O)CNC(C)=O,6.2,-0.7923916894982539,0,train,8.207608310501746,-0.8626850337753557,0.07029334427710177,0.07029334427710177
O=C1NN=C(c2ccccc2Cl)NC1CCCCN1CCN(c2ccccc2F)CC1,91.0,-1.9590413923210936,0,train,7.040958607678906,-1.8887702206526233,-0.0702711716684703,0.0702711716684703
COc1ccccc1N1CCN(CCCCC(=O)NCc2ccccc2-c2c(OC)cccc2OC)CC1,32.0,-1.505149978319906,0,train,7.494850021680094,-1.5753415238112363,0.07019154549133022,0.07019154549133022
COc1cccc(C(=O)CCCCCN2CCN(c3ccccc3OC)CC2)c1,46.0,-1.662757831681574,0,train,7.337242168318426,-1.7328927084432104,0.07013487676163632,0.07013487676163632
COc1ccc(-c2n[nH]cc2N2CCCNCC2)cc1,148.0,-2.1702617153949575,1,train,6.8297382846050425,-2.1001724259104706,-0.07008928948448645,0.07008928948448645
CN1CCC(Oc2ccccc2OCc2cccc(OS(C)(=O)=O)c2)C1,150.0,-2.1760912590556813,1,train,6.823908740944319,-2.1062845820797547,-0.06980667697592668,0.06980667697592668
O=S(=O)(NC1CCN(CCCOc2ccccc2-c2ccccc2)CC1)c1cccc(Cl)c1,52.0,-1.7160033436347992,0,train,7.2839966563652006,-1.6463004628449902,-0.06970288078980902,0.06970288078980902
Cc1c(NC2=NCCN2)cccc1-c1ccsc1,32.0,-1.505149978319906,0,train,7.494850021680094,-1.574714513699031,0.06956453537912499,0.06956453537912499
O=C1[C@@H]2[C@H]3CC[C@H](C3)[C@@H]2C(=O)N1CCCCCCN1CCN(c2ccc(Cl)cc2)CC1,202.0,-2.305351369446624,1,train,6.694648630553376,-2.235946153156548,-0.06940521629007579,0.06940521629007579
Cc1cccc(-c2ccc(Cl)c(OC3CNC3)c2)c1,410.02,-2.612805041299721,0,train,6.387194958700279,-2.5435011803295415,-0.06930386097017927,0.06930386097017927
COc1ccc(-c2ccccc2N2CCN(CCCCOc3ccc(-c4cn5ccccc5n4)cc3)CC2)cc1,24.0,-1.380211241711606,0,train,7.619788758288394,-1.449424230298221,0.06921298858661507,0.06921298858661507
COc1ccccc1N1CCN(CCCCC(=O)Nc2ccc(C(C)(C)C)cc2)CC1,496.0,-2.6954816764901977,0,train,6.304518323509802,-2.7646792055612104,0.06919752907101273,0.06919752907101273
Clc1ccccc1-c1n[nH]c2c1CCNCC2,386.0,-2.586587304671755,1,train,6.413412695328245,-2.5175719892006536,-0.06901531547110151,0.06901531547110151
CC1CCN(CC[C@@H](C)C(C)S(=O)(=O)c2cccc3ccccc23)CC1,32.0,-1.505149978319906,0,train,7.494850021680094,-1.574154131393261,0.06900415307335495,0.06900415307335495
CC(C)c1ccccc1OCCN1CCC(N(C)S(=O)(=O)c2ccc(F)cc2)CC1,13.0,-1.1139433523068367,1,train,7.886056647693163,-1.1825900904061952,0.0686467380993585,0.0686467380993585
COc1ccccc1N1CCN(CCCCCC(=O)NCc2ccccc2O)CC1,289.0,-2.4608978427565478,1,train,6.539102157243452,-2.39237697156871,-0.06852087118783823,0.06852087118783823
CC(C)c1ccccc1OCCN1CCC(N(CC2CC2)S(=O)(=O)c2cccc(F)c2)CC1,56.0,-1.7481880270062005,0,train,7.251811972993799,-1.6796892068931246,-0.06849882011307584,0.06849882011307584
O=c1n(CCCCCCN2CCN(c3cccc4ccccc34)CC2)nc2ccccn12,186.0,-2.2695129442179165,0,train,6.730487055782083,-2.2010144604611592,-0.06849848375675727,0.06849848375675727
FC(F)(F)c1ccc(OCc2ccccc2)c(OC2CNC2)c1,31.0,-1.4913616938342726,0,train,7.508638306165727,-1.5597436983151363,0.06838200448086362,0.06838200448086362
Nc1nc(N)nc(NCCCCN2CCN(c3cccc(Cl)c3Cl)CC2)n1,167.0,-2.2227164711475833,0,train,6.777283528852417,-2.290968201880433,0.0682517307328494,0.0682517307328494
Oc1c(F)cccc1CC1NCCc2c1[nH]c1ccccc21,46.0,-1.662757831681574,0,train,7.337242168318426,-1.730977984926347,0.06822015324477282,0.06822015324477282
COc1ccccc1-c1n[nH]cc1N1CCCNCC1,251.5,-2.400537989391946,1,train,6.599462010608054,-2.3323705531673378,-0.0681674362246083,0.0681674362246083
Clc1ccccc1COc1ccc(Br)cc1OC1CNC1,17.0,-1.2304489213782739,1,train,7.769551078621726,-1.2986081330924524,0.06815921171417827,0.06815921171417827
O=S(=O)(c1cccc(Cl)c1)N1CC2CC1CN2CCOc1ccccc1-c1ccccc1,319.0,-2.503790683057181,0,train,6.496209316942819,-2.4357827169030504,-0.06800796615413063,0.06800796615413063
Clc1ccc(OC2CCCc3ccccc32)c(OC2CNC2)c1,28.0,-1.4471580313422192,0,train,7.552841968657781,-1.5147769751200741,0.06761894377785493,0.06761894377785493
O=C1c2ccccc2S(=O)(=O)N1CCCCCCN1CCN(c2cccc(Cl)c2)CC1,233.0,-2.367355921026019,0,train,6.632644078973981,-2.300131223893789,-0.06722469713222967,0.06722469713222967
CC(C)c1cccc(OCCN2CCC(NS(=O)(=O)c3ccccc3)CC2)c1,547.0,-2.737987326333431,0,train,6.262012673666569,-2.670802775469566,-0.06718455086386488,0.06718455086386488
O=S(=O)(NCCCN1CCN(c2noc3ccccc23)CC1)c1ccc(Cl)c(Cl)c1,34.0,-1.5314789170422551,1,train,7.468521082957745,-1.4643788368237052,-0.06710008021854996,0.06710008021854996
CC(Sc1cc(Cl)cc(Cl)c1)c1nc(N)nc(N2CCN(C)CC2)n1,6043.0,-3.7812525942484565,0,train,5.218747405751543,-3.714198526383384,-0.06705406786507284,0.06705406786507284
O=S(=O)(NCCCCN1CCN(c2nsc3ccccc23)CC1)c1cccc2scnc12,3.4,-0.5314789170422551,1,train,8.468521082957745,-0.598415824814284,0.06693690777202888,0.06693690777202888
CCC(Sc1cccc(Cl)c1Cl)c1nc(N)nc(N2CCN(C)CC2)n1,2559.0,-3.4080702858871854,0,train,5.591929714112815,-3.4749677662478167,0.06689748036063126,0.06689748036063126
CCc1cc(OC)c(CCN)cc1OC,425.6,-2.6290016192869916,0,train,6.370998380713008,-2.562226829319994,-0.06677478996699815,0.06677478996699815
COc1ccccc1N1CCN(CCCCCC(=O)NC2CCCc3c(OC)cccc32)CC1,20.0,-1.3010299956639813,1,train,7.698970004336019,-1.3676357921430835,0.06660579647910225,0.06660579647910225
FC(F)(F)c1ccc(COc2ccc(Br)cc2OC2CCNCC2)o1,17.0,-1.2304489213782739,1,train,7.769551078621726,-1.1638950871887233,-0.06655383418955085,0.06655383418955085
Cc1cn2c3c(=O)n(C)c(=O)n(C)c3nc2n1CCCCN1CCN(c2ccc(Cl)cc2)CC1,361.0,-2.5575072019056577,0,train,6.442492798094342,-2.6240235667212644,0.06651636481560663,0.06651636481560663
COc1cccc(C(=O)CCCN2CCN(c3ccccc3OC)CC2)c1,109.0,-2.037426497940624,0,train,6.962573502059376,-1.970948186789613,-0.06647831115101077,0.06647831115101077
O=C1c2ccccc2S(=O)(=O)N1CCCCCCN1CCN(c2ccc(Cl)c(Cl)c2)CC1,258.0,-2.41161970596323,0,train,6.58838029403677,-2.345246655125321,-0.06637305083790901,0.06637305083790901
COc1ccccc1N1CCN(CCCCCC(=O)n2c3ccccc3c3ccccc32)CC1,74.0,-1.8692317197309762,0,train,7.130768280269024,-1.8028621514426255,-0.0663695682883505,0.0663695682883505
c1ccc2c(OCCCCCN3CCCCC3)cccc2c1,2307.0,-3.3630475945210936,0,train,5.636952405478906,-3.2968076300299676,-0.06623996449112601,0.06623996449112601
COc1ccccc1N1CCN(CCCCC(=O)NCc2ccccc2-c2ccccc2)CC1,38.0,-1.5797835966168101,1,train,7.42021640338319,-1.646010285007886,0.06622668839107604,0.06622668839107604
COc1ccc(-c2ccccc2N2CCN(C[C@@H](O)COc3ccc(-c4cn5ccccc5n4)cc3)CC2)cc1,26.0,-1.414973347970818,0,train,7.585026652029182,-1.3487484031810875,-0.06622494478973051,0.06622494478973051
CCc1ccccc1-n1cc(CN2CCN(c3ccccc3)CC2)c2ccccc21,48.0,-1.6812412373755872,0,train,7.318758762624412,-1.6150691333910743,-0.0661721039845129,0.0661721039845129
O=C(CCCCN1CCC(n2c(=O)[nH]c3cc(Cl)ccc32)CC1)c1nc2ccccc2s1,127.0,-2.103803720955957,0,train,6.896196279044043,-2.1698841200030667,0.06608039904710994,0.06608039904710994
O=C(CCCCN1CCN(Cc2ccccc2)CC1)n1c2ccccc2c2ccccc21,282.0,-2.450249108319361,0,train,6.549750891680639,-2.3845474097071833,-0.06570169861217767,0.06570169861217767
COc1ccc2c(=O)c3cccc(CN4CCN(c5ccccc5OC)CC4)c3oc2c1,195.0,-2.290034611362518,0,train,6.709965388637482,-2.3556152069363336,0.06558059557381579,0.06558059557381579
COc1ccccc1N1CCN(CC(O)CN2C(=O)NC(C)(c3ccc(Cl)cc3)C2=O)CC1,20.0,-1.3010299956639813,1,train,7.698970004336019,-1.3666019464778256,0.06557195081384437,0.06557195081384437
CN(C)CCSc1nc(-c2ccncc2)cs1,27.0,-1.4313637641589874,1,train,7.568636235841012,-1.3658181992959686,-0.06554556486301877,0.06554556486301877
CC(C)(C)c1ccccc1OCCN1CCC(NS(=O)(=O)c2cccc(Cl)c2)CC1,74.0,-1.8692317197309762,1,train,7.130768280269024,-1.803724081770849,-0.06550763796012693,0.06550763796012693
COc1ccccc1N1CCN(CCCCCC(=O)NCc2ccccc2)CC1,224.0,-2.3502480183341627,1,train,6.649751981665837,-2.284831490666334,-0.0654165276678289,0.0654165276678289
CC(Oc1cc(Cl)cc(Cl)c1)c1nc(N)nc(N2CCN(C)CC2)n1,9398.0,-3.973035440686933,0,train,5.0269645593130665,-4.038239940631878,0.06520449994494504,0.06520449994494504
CCC1(CCCCN2CCN(c3ccc(Cl)cc3)CC2)C(=O)Nc2ccc(F)cc21,2.805,-0.44793286559218026,1,train,8.55206713440782,-0.3827415665547003,-0.06519129903747989,0.06519129903747989
COc1ccccc1N1CCN(CCN(C(=O)C23C4C5C2C2C3C4C52CF)c2ccccn2)CC1,132.0,-2.12057393120585,0,train,6.8794260687941495,-2.0554760373396617,-0.06509789386618836,0.06509789386618836
CC(=O)Nc1ccccc1N1CCN(CCCCCC(=O)NC2CCCc3ccccc32)CC1,338.0,-2.5289167002776547,1,train,6.471083299722345,-2.463882994514671,-0.06503370576298373,0.06503370576298373
CC(C)c1ccccc1OCCN1CCC(NC(=O)c2ccc3ccccc3n2)C1,178.0,-2.250420002308894,0,train,6.7495799976911055,-2.185454832006768,-0.06496517030212612,0.06496517030212612
COc1ccccc1N1CCN(CCCCCN2C(=O)c3ccccc3S2(=O)=O)CC1,125.0,-2.0969100130080562,0,train,6.903089986991944,-2.031981752763653,-0.06492826024440301,0.06492826024440301
COc1ccc(-c2ccccc2N2CCN(CC(C)(C)CCCOc3cnccn3)CC2)cc1,63.0,-1.7993405494535817,0,train,7.200659450546418,-1.7344834144980796,-0.06485713495550205,0.06485713495550205
O=S(=O)(NC1CCN(CCOc2cccc(Br)c2)CC1)c1ccccc1Br,228.0,-2.357934847000454,1,train,6.642065152999546,-2.293129443398438,-0.06480540360201603,0.06480540360201603
C[C@@]12COc3c(Br)cccc3[C@@H]1CCN2,398.0,-2.5998830720736876,0,train,6.400116927926312,-2.5351456517894078,-0.06473742028428031,0.06473742028428031
[N]C([N])=NC(=O)c1ccc2c(c1)C1([C][C][C]O1)c1ccccc1-2,1.7,-0.2304489213782739,0,train,8.769551078621726,-0.2951841252418675,0.06473520386359358,0.06473520386359358
COc1ccccc1N1CCN(CCCC(=O)NCc2ccccc2O)CC1,319.0,-2.503790683057181,1,train,6.496209316942819,-2.439155114039199,-0.06463556901798206,0.06463556901798206
CN(CCN1CCN(c2ccccc2)CC1)c1cccc(NS(C)(=O)=O)c1,57.0,-1.7558748556724915,0,train,7.2441251443275085,-1.8204981925244772,0.06462333685198551,0.06462333685198551
O=C(NC1CCN(CCOc2cccc(-c3ccccc3)c2)C1)c1cccc(F)c1,709.0,-2.8506462351830666,0,train,6.149353764816933,-2.786022927850163,-0.06462330733290367,0.06462330733290367
CN1CCc2ccc3c(=O)oc4cccc5c4c3c2[C@H]1C5,283.0,-2.45178643552429,0,train,6.548213564475709,-2.3872225909183813,-0.06456384460590892,0.06456384460590892
O=C1c2cccc3cccc(c23)N1CCCCCCN1CCN(c2ccccc2Cl)CC1,336.0,-2.526339277389844,1,train,6.4736607226101555,-2.590901568984845,0.06456229159500104,0.06456229159500104
CCOc1ccccc1C(=O)NC1CCN(CCOc2ccccc2C(C)C)C1,204.0,-2.3096301674258988,0,train,6.690369832574101,-2.2451177782772387,-0.06451238914866009,0.06451238914866009
CSc1cccc(COc2ccc(Cl)cc2OC2CNC2)c1,25.0,-1.3979400086720377,1,train,7.6020599913279625,-1.4620371350012216,0.06409712632918407,0.06409712632918407
Fc1cccc(-c2cc(F)ccc2OCCN2CCC(c3c[nH]c4ccc(F)cc34)CC2)c1,35.0,-1.5440680443502757,1,train,7.455931955649724,-1.6081519271006035,0.06408388275032784,0.06408388275032784
Clc1cccc(CCOc2ccc(Cl)cc2OC2CNC2)c1,6.0,-0.7781512503836436,1,train,8.221848749616356,-0.8422273263759622,0.06407607599231857,0.06407607599231857
CC1(Oc2cc(Br)ccc2OCc2cccc(Cl)c2)CNC1,53.0,-1.724275869600789,1,train,7.275724130399211,-1.7882530157599683,0.06397714615917938,0.06397714615917938
CCCCCOc1cc2c(cc1OC)-c1c(OC)c(OC)cc3c1[C@H](C2)N(C)CC3,24.0,-1.380211241711606,0,train,7.619788758288394,-1.4441644766190629,0.06395323490745697,0.06395323490745697
CSc1ccccc1N1CCN(CCCCCC(=O)NCc2ccncc2)CC1,35.0,-1.5440680443502757,1,train,7.455931955649724,-1.480130981396221,-0.06393706295405477,0.06393706295405477
COc1ccccc1N1CCN(CCCNS(=O)(=O)c2cccc3cccnc23)CC1,90.0,-1.954242509439325,0,train,7.045757490560675,-1.8903872655908813,-0.06385524384844365,0.06385524384844365
COc1ccccc1N1CCN(CCCCCC(=O)Nc2cc(C(C)(C)C)ccc2O)CC1,154.0,-2.187520720836463,0,train,6.8124792791635365,-2.251260934112678,0.06374021327621504,0.06374021327621504
O=S(=O)(NCCCCCCN1CCN(c2nsc3ccccc23)CC1)c1cccc2ccccc12,30.0,-1.4771212547196624,1,train,7.522878745280337,-1.5407294667887868,0.06360821206912437,0.06360821206912437
COc1c(Cl)ccc2c1C(C)NC(N)=N2,12.4,-1.0934216851622351,0,train,7.906578314837764,-1.1570214949060214,0.0635998097437862,0.0635998097437862
CCCC(Sc1cc(Cl)cc(Cl)c1)c1nc(N)nc(N2CCN(C)CC2)n1,8629.0,-3.9359604689891663,0,train,5.064039531010834,-3.8724545865473305,-0.06350588244183575,0.06350588244183575
OC1(c2ccc(Cl)cc2)CC2CCC(C1)N2CCCSc1cccc(F)c1,917.0,-2.962369335670021,0,train,6.0376306643299795,-2.8990869184955694,-0.06328241717445149,0.06328241717445149
O=S(=O)(NCCCN1CCN(c2nsc3ccccc23)CC1)c1cccs1,23.0,-1.3617278360175928,0,train,7.638272163982407,-1.2984890178811272,-0.06323881813646559,0.06323881813646559
Fc1ccc(CCCCN2CCN(c3ccccn3)CC2)cc1,90.0,-1.954242509439325,0,train,7.045757490560675,-2.0173800409934786,0.06313753155415358,0.06313753155415358
OC(COc1ccc2c(c1)CCC2)CN1CCN(c2cccc(Cl)c2)CC1,285.0,-2.45484486000851,0,train,6.54515513999149,-2.517969836126143,0.06312497611763268,0.06312497611763268
O=S(=O)(c1ccccc1)n1cccc1-c1cccc(N2CCNCC2)c1,1316.0,-3.1192558892779365,0,train,5.8807441107220635,-3.0562643352328394,-0.06299155404509715,0.06299155404509715
CN(C1CCN(CCOc2ccccc2C(C)(C)C)CC1)S(=O)(=O)c1ccccc1,70.0,-1.845098040014257,0,train,7.154901959985743,-1.90770917966574,0.06261113965148302,0.06261113965148302
COc1ccc(-c2ccccc2N2CCN(CCCCCC(=O)NCc3ccccn3)CC2)cc1,15.0,-1.1760912590556813,0,train,7.823908740944319,-1.1134938090005877,-0.06259745005509343,0.06259745005509343
Cc1nc2n(c(=O)c1CCN1CCC(c3noc4cc(F)ccc34)CC1)CCCC2,3.136,-0.49637605401240087,0,train,8.503623945987599,-0.5586967141417548,0.062320660129354,0.062320660129354
O=c1[nH]c2ccccc2n1CCCCCN1CCN(c2ccccc2O)CC1,5.61,-0.7489628612561614,1,train,8.251037138743838,-0.8112732137981447,0.06231035254198325,0.06231035254198325
COc1ccc(-c2ccccc2)cc1C1CCNC1,129.99,-2.113909943754037,1,train,6.886090056245963,-2.176120553034683,0.06221060928064581,0.06221060928064581
Cc1ccc(-c2ccccc2C2CCN(C)C2)cc1C,155.02,-2.190387732552913,1,train,6.809612267447087,-2.252551085652863,0.062163353099950136,0.062163353099950136
O=S(=O)(NCCCCN1CCC2CCCCC2C1)c1cnc2ccccc2c1,995.0,-2.9978230807457256,1,train,6.002176919254275,-2.9357207556074467,-0.06210232513827885,0.06210232513827885
CC(C)Oc1ccccc1OCCN1CCC(NS(=O)(=O)c2ccc(F)cc2)CC1,27.0,-1.4313637641589874,1,train,7.568636235841012,-1.4934120258246208,0.062048261665633486,0.062048261665633486
CC(C)c1ccccc1OCCN1CCC(NC(=O)Nc2ccc(F)cc2)CC1,201.0,-2.303196057420489,0,train,6.6968039425795105,-2.241148026660021,-0.06204803076046783,0.06204803076046783
CCCC(Oc1cc(Cl)ccc1Cl)c1nc(N)nc(N2CCN(C)CC2)n1,12470.0,-4.095866453478543,0,train,4.904133546521457,-4.033818845576767,-0.06204760790177577,0.06204760790177577
COc1ccccc1N1CCN(Cc2ccccc2CN2C(=O)c3ccccc3C2=O)CC1,367.0,-2.5646660642520893,0,train,6.435333935747911,-2.502870334345055,-0.061795729907034413,0.061795729907034413
Cc1cccc(OCCN2CCC(NS(=O)(=O)c3ccccc3)CC2)c1,885.0,-2.9469432706978256,1,train,6.053056729302174,-2.885227869126421,-0.06171540157140454,0.06171540157140454
Cc1ccc2c(OCCN3CCC(Cc4ccc5c(c4F)NC(=O)CO5)CC3)cc(F)cc2n1,126.0,-2.100370545117563,0,train,6.899629454882437,-2.038909795247863,-0.06146074986969996,0.06146074986969996
COc1ccccc1N1CCN(CCCNS(=O)(=O)c2ccc3ncccc3c2)CC1,156.0,-2.1931245983544616,0,train,6.806875401645538,-2.1316867778394624,-0.06143782051499924,0.06143782051499924
N#Cc1ccc(CNC(=O)CCOCCN2CCN(c3cccnc3-c3ccccc3)CC2)cc1,87.0,-1.9395192526186185,1,train,7.060480747381382,-2.0007314735219506,0.061212220903332115,0.061212220903332115
COc1ccc(CNC(=O)CCCCCN2CCN(c3cccnc3-c3ccncc3)CC2)cc1,64.0,-1.806179973983887,1,train,7.1938200260161125,-1.867359575816896,0.061179601833008856,0.061179601833008856
CC1CCN(CCCCC(=O)n2c3ccccc3c3ccccc32)CC1,590.5,-2.7712199019495336,0,train,6.228780098050466,-2.710214794500924,-0.06100510744860976,0.06100510744860976
O=C1Nc2cc(F)ccc2C1CCCCN1CCN(c2ccc(Cl)cc2)CC1,25.0,-1.3979400086720377,1,train,7.6020599913279625,-1.3370309368300475,-0.060909071841990015,0.060909071841990015
CC(=O)OC1CCCc2ccc(/N=C/N3CCc4ccccc4C3)cc21,200.0,-2.3010299956639813,0,train,6.698970004336019,-2.361920544931803,0.06089054926782156,0.06089054926782156
CC1CCN(CCCCCC(=O)n2c3ccccc3c3ccccc32)CC1,363.5,-2.5605044151950564,0,train,6.439495584804943,-2.621327230157921,0.06082281496286468,0.06082281496286468
Clc1cccc(COc2ccc(Br)cc2OC2CN(C3CCC3)C2)c1,18.0,-1.255272505103306,1,train,7.7447274948966935,-1.1944518728198465,-0.060820632283459464,0.060820632283459464
COc1ccccc1N1CCN(CCCOc2ccc3c(c2)C(=O)N(C)CC3)CC1,28.1,-1.4487063199050798,0,train,7.55129368009492,-1.5095173347311066,0.0608110148260268,0.0608110148260268
O=C1NCCN1CCN1CCC(c2cn(-c3ccc(F)cc3)c3ccc(Cl)cc23)CC1,28.0,-1.4471580313422192,0,train,7.552841968657781,-1.5077869465360556,0.0606289151938364,0.0606289151938364
CCCCN(C)CCCCCC(=O)n1c2ccccc2c2ccccc21,678.0,-2.8312296938670634,0,train,6.168770306132936,-2.8918177270466385,0.06058803317957473,0.06058803317957473
c1ccc(N2CCN(Cc3cn(-c4cccc5ccccc45)c4ccccc34)CC2)cc1,34.0,-1.5314789170422551,1,train,7.468521082957745,-1.4710478095752315,-0.060431107467023626,0.060431107467023626
COc1cc2c(cc1OC)-c1c(OC)c(OC)cc3c1[C@H](C2)N(C)CC3,43.0,-1.6334684555795864,0,train,7.366531544420414,-1.5732162601486954,-0.060252195430891,0.060252195430891
N#Cc1cccc(N2CCN(CCCCCC(=O)NC3CCCc4ccccc43)CC2)c1,97.8,-1.9903388547876015,1,train,7.009661145212398,-2.0505664761292945,0.06022762134169324,0.06022762134169324
CC(Oc1ccc(Cl)c(Cl)c1)c1nc(N)nc(N2CCN(C)CC2)n1,5928.0,-3.7729081949712717,0,train,5.227091805028728,-3.8330547225005036,0.06014652752923144,0.06014652752923144
NC1=Nc2ccc(Cl)c(Cl)c2CN1,294.0,-2.4683473304121573,0,train,6.531652669587842,-2.4082487948046647,-0.060098535607492565,0.060098535607492565
O=S(=O)(CC1CCN(CCCc2noc3cc(F)ccc23)C1)c1ccc(Cl)c(Cl)c1,22.0,-1.3424226808222062,1,train,7.657577319177793,-1.4025049770237346,0.060082296201528385,0.060082296201528385
CC(=O)c1ccccc1N1CCN(CCCCC23CCCc4cccc(c42)NC3=O)CC1,7.9,-0.8976270912904415,0,train,8.102372908709558,-0.9576549470849872,0.060027855794545726,0.060027855794545726
Cn1cncc1-c1c[nH]c2ccc(Br)cc12,29.0,-1.462397997898956,0,train,7.537602002101044,-1.5223737440636762,0.05997574616472012,0.05997574616472012
FC(F)(F)Sc1ccc(COc2ccc(Cl)cc2OC2CNC2)cc1,102.0,-2.0086001717619175,1,train,6.991399828238082,-1.948632161174093,-0.05996801058782397,0.05996801058782397
Cc1ccccc1-c1ccccc1C1CCN(C)C1,329.99,-2.518500779239637,0,train,6.481499220760362,-2.4586868956327574,-0.05981388360687978,0.05981388360687978
O=S(=O)(c1cncc2ccccc12)N1CCC(CCN2CCN(c3cccc(C(F)(F)F)c3)CC2)CC1,52.0,-1.7160033436347992,0,train,7.2839966563652006,-1.7752902098070846,0.0592868661722854,0.0592868661722854
CC(C)c1ccccc1N1CCN(CCCCCCC(=O)N2CCC[C@H]2C(N)=O)CC1,116.0,-2.0644579892269186,1,train,6.935542010773082,-2.0053896559508217,-0.05906833327609684,0.05906833327609684
CCC1(CCCCN2CCN(c3cccc(OC)c3)CC2)C(=O)Nc2ccccc21,2.55,-0.4065401804339551,0,train,8.593459819566045,-0.46557110354655074,0.05903092311259561,0.05903092311259561
CC1CCCN(CCCCC(=O)n2c3ccccc3c3ccccc32)C1,794.0,-2.8998205024270964,0,train,6.100179497572904,-2.8409947131096374,-0.058825789317459076,0.058825789317459076
O=C(CCCCCN1CCC(Cc2ccccc2)CC1)n1c2ccccc2c2ccccc21,251.5,-2.400537989391946,0,train,6.599462010608054,-2.459244392025014,0.058706402633068144,0.058706402633068144
c1ccc2c(c1)CCN(CCCCc1nc3ccccc3s1)C2,35.6,-1.551449997972875,0,train,7.448550002027125,-1.609698510267063,0.058248512294187815,0.058248512294187815
CCN1CC(Oc2cc(F)ccc2OCc2cccc(Cl)c2)C1,20.0,-1.3010299956639813,0,train,7.698970004336019,-1.3592537397093452,0.0582237440453639,0.0582237440453639
COc1ccc2oc(N3CCN(CCCCCC(=O)NC4CCCc5ccccc54)CC3)nc2c1,704.0,-2.847572659142112,0,train,6.152427340857888,-2.789372508809511,-0.05820015033260084,0.05820015033260084
c1ccc(CN2CCN(CCCCCOc3cc(-c4ccccc4)ncn3)CC2)cc1,990.0,-2.99563519459755,0,train,6.004364805402449,-2.937444000350742,-0.0581911942468083,0.0581911942468083
CN1CCc2ccc(OCCCCN3CCC(c4noc5cc(F)ccc45)CC3)cc2C1=O,12.5,-1.0969100130080565,0,train,7.903089986991944,-1.038728468356087,-0.05818154465196956,0.05818154465196956
O=c1n(CCCCCCN2CCN(c3cccc4c3OCCO4)CC2)nc2ccccn12,271.0,-2.432969290874406,0,train,6.567030709125595,-2.4910297443976868,0.05806045352328093,0.05806045352328093
CN(C)C(=O)n1c2c(c3ccccc31)CCN(CCCCC13CCCc4cccc(c41)NC3=O)C2,7.1,-0.8512583487190752,0,train,8.148741651280925,-0.9092991673186362,0.058040818599561006,0.058040818599561006
O=S(=O)(NC1CCN(CCOc2ccccc2)CC1)c1ccccc1Br,204.0,-2.3096301674258988,0,train,6.690369832574101,-2.3676620869399874,0.05803191951408859,0.05803191951408859
Cc1cccc(-n2cc(CN3CCN(c4ccccc4)CC3)c3ccccc32)c1C,18.0,-1.255272505103306,0,train,7.7447274948966935,-1.3132873141261765,0.058014809022870484,0.058014809022870484
NCCc1c2c(c(Br)c3c1OCC3)OCC2,606.4,-2.782759192623997,0,train,6.217240807376003,-2.840488171769974,0.057728979145976744,0.057728979145976744
Cc1ccc(-c2ccc(Cl)cc2C2CCNC2)cc1C,120.01,-2.079217435746567,0,train,6.920782564253432,-2.136883372992885,0.057665937246317966,0.057665937246317966
O=C1NN=C(c2ccccc2)NC1CCCCN1CCN(c2ccccc2)CC1,95.0,-1.9777236052888478,0,train,7.022276394711152,-1.9200747542148253,-0.05764885107402273,0.05764885107402273
O=C1[C@@H]2[C@H]3CC[C@H](C3)[C@@H]2C(=O)N1CCCCCCN1CCN(c2ccccc2Cl)CC1,198.0,-2.296665190261531,1,train,6.703334809738469,-2.2390186833168357,-0.0576465069446952,0.0576465069446952
CC(COc1ccccc1-c1ccccc1)N1CCC(NS(=O)(=O)c2cccc(Cl)c2)CC1,32.0,-1.505149978319906,0,train,7.494850021680094,-1.562780455128511,0.05763047680860489,0.05763047680860489
CCC1NC(N)=Nc2ccc(Cl)c(Cl)c21,73.0,-1.863322860120456,0,train,7.136677139879544,-1.8057169550606407,-0.05760590505981522,0.05760590505981522
COc1cccc(CCN2CCN(c3ccccc3-c3ccccc3)CC2)c1,7.5,-0.8750612633917001,1,train,8.1249387366083,-0.8177214524810015,-0.05733981091069862,0.05733981091069862
COc1ccccc1N1CCN(CCCCNS(=O)(=O)c2cccc3cccnc23)CC1,55.0,-1.7403626894942439,0,train,7.259637310505756,-1.797601710960955,0.05723902146671089,0.05723902146671089
COc1ccccc1N1CCN(CCC[C@H]2CCCN2S(=O)(=O)c2ccccc2F)CC1,1.9,-0.2787536009528289,0,train,8.721246399047171,-0.22155269128597824,-0.05720090966685068,0.05720090966685068
OC1(c2ccc(Cl)c(C(F)(F)F)c2)CCN(CCCC(c2ccccc2)c2ccccc2)CC1,326.0,-2.513217600067939,0,train,6.486782399932061,-2.5703508353677837,0.05713323529984482,0.05713323529984482
CC(COc1ccccc1-c1ccccc1)N1CCC(NS(=O)(=O)c2ccc(F)cc2)CC1,34.0,-1.5314789170422551,0,train,7.468521082957745,-1.588282942717611,0.05680402567535592,0.05680402567535592
COc1ccccc1N1CCN(CCCCCN2c3cccc4cccc(c34)S2(=O)=O)CC1,251.0,-2.399673721481038,0,train,6.600326278518962,-2.343284275445073,-0.05638944603596485,0.05638944603596485
CCCCC(Oc1cccc(Cl)c1Cl)c1nc(N)nc(N2CCN(C)CC2)n1,5265.0,-3.721398375521505,0,train,5.278601624478495,-3.777771864602048,0.05637348908054296,0.05637348908054296
CCCOc1nc2c(c(=O)n(C)c(=O)n2C)n1CCCN1CCN(c2cccc(Cl)c2)CC1,267.0,-2.4265112613645754,0,train,6.573488738635424,-2.3702070163206033,-0.056304245043972134,0.056304245043972134
CCOc1nc2c(c(=O)n(C)c(=O)n2C)n1CCCCN1CCN(c2ccccc2)CC1,197.0,-2.294466226161593,1,train,6.7055337738384075,-2.350665684171143,0.056199458009550174,0.056199458009550174
c1ccc(-c2ccccc2CN2CCN(c3ccccc3)CC2)cc1,537.0,-2.7299742856995555,1,train,6.270025714300445,-2.786038973689667,0.05606468799011166,0.05606468799011166
CCCC(=O)Nc1ccc2c(c1)-c1c(OCC3CC3)c(OC)cc3c1C(C2)N(C)CC3,395.0,-2.59659709562646,0,train,6.403402904373539,-2.540744807798256,-0.05585228782820417,0.05585228782820417
CCOc1nc2c(c(=O)n(C)c(=O)n2C)n1CCCN1CCN(c2ccccc2)CC1,477.0,-2.678518379040114,1,train,6.3214816209598865,-2.6229021715953995,-0.055616207444714405,0.055616207444714405
O=C1Cc2ccccc2N1CCCCN1CCC(c2ccccc2)CC1,160.0,-2.2041199826559246,1,train,6.795880017344075,-2.148541569093386,-0.05557841356253901,0.05557841356253901
Cc1cc(-c2ccc(Cl)cc2OC2CNC2)ccc1F,470.0,-2.6720978579357175,0,train,6.327902142064282,-2.616520775139841,-0.05557708279587592,0.05557708279587592
COc1ccccc1N1CCN(CCN(C(=O)C23CCC(CF)(CC2)CC3)c2ccccn2)CC1,77.0,-1.8864907251724818,0,train,7.113509274827518,-1.942031500854138,0.055540775681656385,0.055540775681656385
COC(=O)c1cccc(NCCCN2CCN(c3ccccc3)CC2)c1,78.0,-1.8920946026904804,0,train,7.107905397309519,-1.9473140428255178,0.055219440135037434,0.055219440135037434
CCN(CC)[C@@H]1CCc2cccc(OC)c2C1,87.0,-1.9395192526186185,0,train,7.060480747381382,-1.994653522077468,0.05513426945884947,0.05513426945884947
CCOC(=O)c1cccc(NC2=NC(N(C)C)=NC3(CCCCC3)N2)c1,516.0,-2.7126497016272113,0,train,6.287350298372789,-2.657548785075129,-0.0551009165520826,0.0551009165520826
O=c1[nH]c(SCCCN2CCC(Cc3ccccc3)CC2)nc2c1sc1ccccc12,40.0,-1.6020599913279623,1,train,7.3979400086720375,-1.6570203850366119,0.05496039370864936,0.05496039370864936
CCC(C)Oc1cc2c(cc1OC)-c1c(OC)c(OC)cc3c1[C@H](C2)N(C)CC3,34.0,-1.5314789170422551,0,train,7.468521082957745,-1.5863129030531282,0.05483398601087308,0.05483398601087308
COc1ccc(-c2ccccc2N2CCN(C[C@@H](O)COc3ccccc3C#N)CC2)cc1,16.0,-1.2041199826559248,0,train,7.795880017344075,-1.2587312764882037,0.05461129383227892,0.05461129383227892
FC(F)(F)c1ccc(OCc2ccc(C(F)(F)F)o2)c(OC2CNC2)c1,18.0,-1.255272505103306,0,train,7.7447274948966935,-1.3095652545395056,0.05429274943619955,0.05429274943619955
O=S(=O)(NC1CCN(CCOc2cccc(Br)c2)CC1)c1ccc(Cl)cc1,408.0,-2.61066016308988,0,train,6.3893398369101195,-2.556431721941491,-0.054228441148389095,0.054228441148389095
Clc1ccc(OCc2nc(C3CC3)no2)c(OC2CNC2)c1,263.0,-2.419955748489758,1,train,6.580044251510242,-2.3658437289195815,-0.05411201957017653,0.05411201957017653
CCCN(CCC)[C@H]1COc2c(cccc2-c2ccc(OC)cc2)C1,12.6,-1.100370545117563,0,train,7.899629454882437,-1.0462925903333573,-0.05407795478420563,0.05407795478420563
CN(CCCCC(=O)n1c2ccccc2c2ccccc21)Cc1ccccc1,513.0,-2.7101173651118162,0,train,6.289882634888183,-2.7640698049996297,0.05395243988781395,0.05395243988781395
COc1ccccc1N1CCN(Cc2c[nH]c3ncccc23)CC1,103.0,-2.012837224705172,0,train,6.987162775294828,-2.066479832047734,0.05364260734256199,0.05364260734256199
COc1cc2c(cc1OC)CN(/C=N/c1ccc3c(c1)C1SCCSC1CC3)CC2,300.0,-2.4771212547196626,0,train,6.522878745280337,-2.423623196588191,-0.05349805813147146,0.05349805813147146
COc1ccccc1N1CCN(CCCCNc2nc(N)nc(NCCc3c[nH]c4ccccc34)n2)CC1,156.0,-2.1931245983544616,1,train,6.806875401645538,-2.2465241303426913,0.053399531988229665,0.053399531988229665
CCC(C)c1ccc(NC(=O)CCCCCN2CCN(c3ccccc3OC)CC2)cc1,260.0,-2.4149733479708178,0,train,6.585026652029182,-2.4679499709123136,0.052976622941495854,0.052976622941495854
O=S1(=O)c2cccc3cccc(c23)N1CCCCCCN1CCN(c2ccccn2)CC1,344.0,-2.53655844257153,0,train,6.46344155742847,-2.48363238460605,-0.05292605796547978,0.05292605796547978
O=C1NC2(CCCc3ccccc32)C(=O)N1CCCCN1CCN(c2ccccc2)CC1,116.0,-2.0644579892269186,1,train,6.935542010773082,-2.011646289741908,-0.05281169948501052,0.05281169948501052
Fc1cccc(-c2cc(F)ccc2N2CCN(CCCc3c[nH]c4ccc(F)cc34)CC2)c1,12.0,-1.0791812460476249,1,train,7.920818753952375,-1.0265430024846045,-0.05263824356302038,0.05263824356302038
O=c1n(CC2CCC(CN3CCN(c4cccc(Cl)c4)CC3)CC2)nc2ccccn12,257.0,-2.4099331233312946,1,train,6.590066876668706,-2.462486203475537,0.052553080144242426,0.052553080144242426
O=C1Cc2cc(C(=O)CCCN3CCc4ccccc4C3)ccc2N1,126.5,-2.1020905255118367,0,train,6.897909474488163,-2.04954561516642,-0.05254491034541653,0.05254491034541653
Cc1cccc(N2CCN(Cc3ccccc3-c3ccccc3)CC2)c1,1200.0,-3.0791812460476247,1,train,5.920818753952375,-3.026925750164525,-0.052255495883099634,0.052255495883099634
CC[C@@H](O)C(=O)N(CC)CCN1CCC(c2noc3cc(F)ccc23)CC1,2.6,-0.414973347970818,0,train,8.585026652029182,-0.46691282518849553,0.051939477217677554,0.051939477217677554
C=CCn1c2c(c3ccccc31)CCN(CCCCC13CCCc4cccc(c41)NC3=O)C2,6.0,-0.7781512503836436,0,train,8.221848749616356,-0.8300184518535554,0.05186720146991175,0.05186720146991175
COc1ccccc1N1CCN(Cc2ccccc2-c2ccccc2)CC1,432.0,-2.635483746814912,0,train,6.364516253185088,-2.5836551090457283,-0.05182863776918367,0.05182863776918367
Brc1ccc(Oc2ccc(Br)cc2OC2CNC2)cc1,17.0,-1.2304489213782739,1,train,7.769551078621726,-1.282183023138127,0.051734101759852935,0.051734101759852935
O=C(CCN1CCN(Cc2ccccc2)CC1)N1CCN(c2ccccc2)CC1,52.0,-1.7160033436347992,0,train,7.2839966563652006,-1.6643050018102157,-0.05169834182458355,0.05169834182458355
O=C(CCCCN1CCN(c2ncccn2)CC1)c1nc2ccccc2s1,337.0,-2.5276299008713385,0,train,6.4723700991286615,-2.476013439835808,-0.05161646103553075,0.05161646103553075
COc1ccc(-c2ccccc2N2CCN(C[C@@H](O)COc3cc(Cl)c4oc(=O)cc(C)c4c3)CC2)cc1,27.0,-1.4313637641589874,0,train,7.568636235841012,-1.48274354190873,0.05137977774974267,0.05137977774974267
CCOc1ccc2[nH]cc(-c3cncn3CC)c2c1,70.0,-1.845098040014257,0,train,7.154901959985743,-1.896452838970331,0.05135479895607409,0.05135479895607409
Clc1cccc(COc2cc(Br)ccc2OC2CN(C3CCC3)C2)c1,121.0,-2.0827853703164503,0,train,6.917214629683549,-2.031437355213314,-0.05134801510313647,0.05134801510313647
O=S(=O)(NCCCN1CCN(c2cccc(Cl)c2Cl)CC1)c1cnc2ccc(Cl)cc2c1,46.0,-1.662757831681574,0,train,7.337242168318426,-1.714022021913054,0.05126419023147988,0.05126419023147988
CC(Oc1cc(Cl)ccc1F)c1nc(N)nc(N2CCN(C)CC2)n1,11900.0,-4.075546961392531,0,train,4.924453038607469,-4.126604150749245,0.05105718935671355,0.05105718935671355
CCC(Oc1cccc(F)c1Cl)c1nc(N)nc(N2CCN(C)CC2)n1,8684.0,-3.9387198147823823,0,train,5.061280185217617,-3.9897127754028023,0.050992960620420025,0.050992960620420025
CCOc1ccccc1C(=O)NC1CCN(CCOc2ccccc2-c2ccccc2)C1,85.0,-1.9294189257142926,0,train,7.070581074285707,-1.8786341931056922,-0.05078473260860061,0.05078473260860061
CC[C@@](C)(CO)CNC(=O)[C@@H]1C=C2c3cccc4[nH]cc(c34)C[C@H]2N(C)C1,81.5,-1.9111576087399766,0,train,7.088842391260023,-1.8604473716542669,-0.050710237085709986,0.050710237085709986
Cc1ccccc1C(=O)NC1CCN(CCOc2ccccc2-c2ccccc2)C1,59.0,-1.7708520116421442,0,train,7.229147988357855,-1.8214831310252386,0.05063111938309439,0.05063111938309439
NC(N)=NC(=O)c1ccc2c(c1)C(O)c1ccccc1-2,18.0,-1.255272505103306,0,train,7.7447274948966935,-1.3058721153919786,0.05059961028867255,0.05059961028867255
O=S(=O)(NC1CCN(CCOc2cccc3c2CCCC3)C1)c1ccc(F)cc1,16.0,-1.2041199826559248,0,train,7.795880017344075,-1.2546545152890232,0.05053453263309837,0.05053453263309837
CN(C)CCc1cccc2c1ccn2S(=O)(=O)c1ccccc1,460.0,-2.662757831681574,0,train,6.337242168318426,-2.7132510341447715,0.05049320246319766,0.05049320246319766
Fc1ccc(COc2ccc(Br)cc2OC2CNC2)cc1Cl,11.0,-1.0413926851582251,0,train,7.958607314841775,-1.0917328455233821,0.05034016036515698,0.05034016036515698
CCC1(CCCCN2CCN(c3ccccc3)CC2)C(=O)Nc2ccccc21,2.07,-0.3159703454569177,1,train,8.684029654543082,-0.3660675885943824,0.050097243137464664,0.050097243137464664
COc1cc(CC(C)N)cc(OC)c1OC,749.1,-2.87453979707101,0,train,6.1254602029289895,-2.9245884556063566,0.05004865853534657,0.05004865853534657
O=C1Nc2cccc3c2C1(CCCCN1CCc2c([nH]c4ccccc24)C1)CCC3,5.8,-0.7634279935629372,0,train,8.236572006437063,-0.8133801834428357,0.04995218987989847,0.04995218987989847
COc1ccc(/C=C2\NC(=O)N(CCCCN3CCN(c4ccccc4OC)CC3)C2=O)cc1OC,16.0,-1.2041199826559248,1,train,7.795880017344075,-1.2539719491596717,0.0498519665037469,0.0498519665037469
Cc1ccccc1-n1cc(CN2CC=C(c3ccccc3)CC2)c2ccccc21,33.0,-1.5185139398778875,0,train,7.481486060122112,-1.5683506916573355,0.04983675177944802,0.04983675177944802
O=S(=O)(NCCCCN1CCN(c2cccc(Cl)c2)CC1)c1ccc2ncccc2c1,69.0,-1.8388490907372552,0,train,7.161150909262744,-1.8885179062810993,0.04966881554384406,0.04966881554384406
CCC1(CCCCN2CCN(c3ccc(Cl)cc3)CC2)C(=O)Nc2c(Cl)cc(F)cc21,5.97,-0.7759743311293691,0,train,8.224025668870631,-0.7263220473131604,-0.049652283816208675,0.049652283816208675
Fc1ccc(CCCCN2CCN(c3ccc(Cl)cn3)CC2)cc1,158.5,-2.2000292665537704,0,train,6.79997073344623,-2.249664319820499,0.04963505326672868,0.04963505326672868
CNC1=Nc2ccc(Cl)c(Cl)c2C(C)N1,13.2,-1.1205739312058498,0,train,7.87942606879415,-1.1701485068359938,0.049574575630144,0.049574575630144
CCCN(CCC)CCc1c[nH]c2ccc(C(N)=O)cc12,9.425,-0.9742813588778305,0,train,8.02571864112217,-1.0238536608723874,0.04957230199455698,0.04957230199455698
O=S(=O)(NC1CCN(CCOc2ccccc2)CC1)c1ccccc1Cl,290.0,-2.462397997898956,0,train,6.537602002101044,-2.511916645861643,0.04951864796268701,0.04951864796268701
O=S(=O)(c1cncc2ccccc12)N1CCCC[C@@H]1CCN1CCN(c2cccc3sccc23)CC1,32.0,-1.505149978319906,0,train,7.494850021680094,-1.4557850413675553,-0.04936493695235078,0.04936493695235078
Cc1ccc2c(OCCN3CCC(Cc4ccc5c(c4F)NC(=O)CO5)CC3)cc(Cl)cc2n1,126.0,-2.100370545117563,0,train,6.899629454882437,-2.0512597425888557,-0.049110802528707254,0.049110802528707254
COc1ccccc1N1CCN(Cc2ccccc2-c2ccc(Cl)cc2)CC1,220.0,-2.342422680822206,0,train,6.657577319177793,-2.29343841167498,-0.0489842691472262,0.0489842691472262
CCC([Se]c1cc(C)ccc1C)c1nc(N)nc(N2CCN(C)CC2)n1,4186.0,-3.6217992240026677,0,train,5.378200775997332,-3.6705226985121424,0.04872347450947423,0.04872347450947423
Fc1ccc(-c2n[nH]c3c2CCNCC3)cc1,104.5,-2.019116290447073,1,train,6.980883709552927,-2.067778761375262,0.048662470928189094,0.048662470928189094
COc1ccccc1N1CCN(CCCCCNc2nc(N)nc(N)n2)CC1,947.0,-2.9763499790032735,0,train,6.023650020996726,-2.927873372927816,-0.048476606075456896,0.048476606075456896
CCc1cc(OC)c(CC(C)N)cc1OC,1225.0,-3.0881360887005513,0,train,5.911863911299449,-3.136306648597855,0.04817055989730301,0.04817055989730301
Oc1ccccc1N1CCN(Cc2cn(-c3ccccc3)c3ccccc23)CC1,27.0,-1.4313637641589874,0,train,7.568636235841012,-1.479351419726643,0.04798765556765572,0.04798765556765572
COc1ccccc1N1CCN(CCCCCN2C(=O)N(C)C(=O)C2(C)c2ccccc2)CC1,34.0,-1.5314789170422551,0,train,7.468521082957745,-1.5792556434951657,0.047776726452910534,0.047776726452910534
NC(=O)[C@@H]1Cc2ccccc2CN1C(=O)CCCCCN1CCN(c2ccccc2-c2ccccc2)CC1,10.0,-1.0,0,train,8.0,-1.0476593939925498,0.047659393992549814,0.047659393992549814
COc1ccc(-c2ccccc2Cl)cc1OC1CN(C2CCC2)C1,299.99,-2.4771067779956524,0,train,6.522893222004347,-2.4295139214268504,-0.04759285656880197,0.04759285656880197
Fc1ccc(COc2ccc(Cl)cc2OC2CNC2)cc1,18.0,-1.255272505103306,0,train,7.7447274948966935,-1.3027450969693022,0.04747259186599617,0.04747259186599617
O=c1c2cnc3ccccc3c2ncn1CCCCN1CCN(c2cccc(C(F)(F)F)c2)CC1,418.0,-2.621176281775035,0,train,6.3788237182249645,-2.573867628190093,-0.04730865358494185,0.04730865358494185
CN1COc2ccc(OCCCN3CCC(c4noc5cc(F)ccc45)CC3)cc2C1=O,11.2,-1.0492180226701815,0,train,7.950781977329818,-1.0019671090450266,-0.04725091362515488,0.04725091362515488
O=c1sc2ccccc2n1CCCCN1CCN(Cc2ccccc2)CC1,42.0,-1.6232492903979006,1,train,7.376750709602099,-1.576027804717186,-0.04722148568071449,0.04722148568071449
O=C(c1ccc(F)cc1)C1CCN(CC[C@H]2CCCN2S(=O)(=O)c2ccc3cc[nH]c3c2)CC1,0.831764,0.07999988048429535,0,train,9.079999880484296,0.03284964374986562,0.047150236734429675,0.047150236734429675
COc1ccccc1N1CCN(CCCCC(=O)NCc2ccccc2-c2ccccc2F)CC1,37.0,-1.568201724066995,1,train,7.431798275933005,-1.614977978594129,0.046776254527133965,0.046776254527133965
Brc1ccc2ccn(CCN3CCCN(C4CCCCC4)CC3)c2c1,17.0,-1.2304489213782739,0,train,7.769551078621726,-1.1837437460247877,-0.046705175353486394,0.046705175353486394
Fc1ccc(C2CCN(CCCc3c[nH]c4ccc(F)cc34)CC2)c(-c2ccccc2)c1,27.0,-1.4313637641589874,1,train,7.568636235841012,-1.3852364162009496,-0.046127347958037745,0.046127347958037745
O=C1Cc2ccccc2N1CCCCN1CCN(c2ccccc2)CC1,74.0,-1.8692317197309762,1,train,7.130768280269024,-1.9152799548354915,0.0460482351045155,0.0460482351045155
CCN1CC(Oc2cc(Br)ccc2OCc2cccc(Cl)c2)C1,6.0,-0.7781512503836436,1,train,8.221848749616356,-0.8240357383181679,0.045884487934524265,0.045884487934524265
CC1(C)CC(=O)N(CCCCN2CCN(c3cccc(C(F)(F)F)c3)CC2)C(=O)C1,46.0,-1.662757831681574,0,train,7.337242168318426,-1.7085401705277456,0.045782338846171555,0.045782338846171555
O=S(=O)(NCCCCN1CCN(c2nsc3ccccc23)CC1)c1ccc(OC(F)(F)F)cc1,19.0,-1.2787536009528289,1,train,7.721246399047171,-1.2330674186074697,-0.04568618234535915,0.04568618234535915
Cc1cccc(S(=O)(=O)NCCN=C(N)N2CCC(c3ccccc3)CC2)c1,161.0,-2.2068258760318495,0,train,6.79317412396815,-2.1611502149010167,-0.045675661130832435,0.045675661130832435
Cc1sc2nc(CCCCCN3CCN(c4cccc(Cl)c4)CC3)[nH]c(=O)c2c1C,68.0,-1.8325089127062364,1,train,7.167491087293763,-1.878139014258142,0.04563010155190561,0.04563010155190561
Cc1ccc(S(=O)(=O)N(CCCCCCN2CCN(c3nsc4ccccc34)CC2)c2ccccc2)cc1,54.0,-1.7323937598229686,0,train,7.267606240177031,-1.6871470104878212,-0.045246749335147385,0.045246749335147385
CCCNCCc1ccc(Cl)c(-c2ccccc2OC)c1,8.6,-0.9344984512435677,0,train,8.065501548756432,-0.9795799229948686,0.04508147175130106,0.04508147175130106
COc1ccc(-c2ccccc2CNC(=O)CCCCN2CCN(c3ccccc3OC)CC2)cc1,44.0,-1.6434526764861874,0,train,7.356547323513812,-1.598399395414448,-0.04505328107173945,0.04505328107173945
CC(C)(C)c1ccccc1OCCN1CCC(NS(=O)(=O)c2ccc(F)cc2)CC1,54.0,-1.7323937598229686,1,train,7.267606240177031,-1.7774366057676827,0.04504284594471408,0.04504284594471408
O=S(=O)(NCCCN1CCN(c2nsc3ccccc23)CC1)c1cc2ccccc2s1,13.0,-1.1139433523068367,1,train,7.886056647693163,-1.1589722867583998,0.045028934451563085,0.045028934451563085
COc1ccc2c(c1)C(NC(=O)CCCCN1CCN(c3ccccc3OC)CC1)CCC2,38.4,-1.5843312243675307,0,train,7.4156687756324695,-1.6293042094326247,0.04497298506509395,0.04497298506509395
O=C(CCCCCN1CCN(c2ccccn2)CC1)c1ccccc1O,105.0,-2.0211892990699383,0,train,6.978810700930062,-1.9764512932297311,-0.04473800584020715,0.04473800584020715
O=S(=O)(c1cncc2ccccc12)N1CCC(CCN2CCN(c3ccc(Cl)cc3)CC2)CC1,47.0,-1.6720978579357175,0,train,7.327902142064282,-1.7167030366733607,0.044605178737643136,0.044605178737643136
COc1ccc(-c2cccc(F)c2F)cc1C1CCNC1,52.0,-1.7160033436347992,0,train,7.2839966563652006,-1.6714220401774929,-0.044581303457306376,0.044581303457306376
O=C(CCCCCN1CCN(c2ccccc2-c2ccccc2)CC1)N1CCc2ccccc2C1,3.8,-0.5797835966168101,1,train,8.42021640338319,-0.6241878849259205,0.04440428830911036,0.04440428830911036
Cc1ccc(N2CCN(CC(O)CN3C(=O)NC(C)(c4ccc(F)cc4)C3=O)CC2)cc1C,177.0,-2.247973266361807,0,train,6.752026733638193,-2.2923060194205305,0.04433275305872364,0.04433275305872364
O=c1[nH]c(CCCCN2CCC(Cc3ccccc3)CC2)nc2ccsc12,76.0,-1.8808135922807914,1,train,7.119186407719209,-1.836493754712455,-0.044319837568336684,0.044319837568336684
O=S(=O)(NCCN1CCc2ccccc2C1)c1ccc2ccccc2c1,78.0,-1.8920946026904804,1,train,7.107905397309519,-1.9363883393228911,0.04429373663241076,0.04429373663241076
CCC(Oc1ccc(Cl)cc1OC1CNC1)c1ccccc1,211.0,-2.3242824552976926,0,train,6.675717544702307,-2.2803160890825582,-0.04396636621513439,0.04396636621513439
COc1ccc2c(c1)CCCC2NC(=O)CCCCCN1CCN(c2ccccc2OC)CC1,30.0,-1.4771212547196624,0,train,7.522878745280337,-1.5210561469788957,0.043934892259233305,0.043934892259233305
COc1c(-c2ccc3c(c2)C[C@H](N(C)C)CO3)ccc2ccccc12,75.9,-1.8802417758954804,0,train,7.11975822410452,-1.8363813432025375,-0.04386043269294282,0.04386043269294282
O=S(=O)(NCCCCN1CCc2ccccc2C1)c1cnc2ccccc2c1,228.0,-2.357934847000454,1,train,6.642065152999546,-2.4012598619936045,0.04332501499315056,0.04332501499315056
Brc1ccc(Oc2ccc3ccccc3c2)c(OC2CNC2)c1,19.0,-1.2787536009528289,1,train,7.721246399047171,-1.23563854773106,-0.043115053221768784,0.043115053221768784
COc1ccccc1N1CCN(CCCCCC(=O)c2cccc(O)c2)CC1,26.8,-1.4281347940287887,0,train,7.5718652059712115,-1.3850538168496798,-0.04308097717910897,0.04308097717910897
CCCOc1nc2c(c(=O)n(C)c(=O)n2C)n1CCCCN1CCN(c2ccccc2OC)CC1,160.0,-2.2041199826559246,0,train,6.795880017344075,-2.1611465992125916,-0.04297338344333346,0.04297338344333346
C=CCN(CC=C)CCc1c[nH]c2ccc(C)cc12,155.0,-2.1903316981702914,0,train,6.809668301829708,-2.147534638027827,-0.04279706014246454,0.04279706014246454
CC(Oc1ccc(Cl)cc1OC1CCNCC1)c1cccc(Cl)c1,29.0,-1.462397997898956,0,train,7.537602002101044,-1.5048940778265116,0.04249607992755555,0.04249607992755555
CSc1ccccc1N1CCN(CCCCCC(=O)N2CCc3ccccc3C2)CC1,33.0,-1.5185139398778875,1,train,7.481486060122112,-1.476131946939378,-0.042381992938509416,0.042381992938509416
COc1ccccc1N1CCN(CCCCCCN2c3cccc4cccc(c34)S2(=O)=O)CC1,200.0,-2.3010299956639813,0,train,6.698970004336019,-2.343284275445073,0.042254279781091864,0.042254279781091864
Clc1cccc(COc2ccc(Br)cc2COC2CNC2)c1,120.0,-2.0791812460476247,1,train,6.920818753952375,-2.121360610108414,0.04217936406078948,0.04217936406078948
CCN(CCN1CCC(c2noc3cc(F)ccc23)CC1)C(=O)C(O)C(C)C,6.2,-0.7923916894982539,1,train,8.207608310501746,-0.7502530322863182,-0.04213865721193566,0.04213865721193566
COc1ccccc1N1CCN(CCCCCC(=O)N2Cc3ccccc3C[C@H]2C(N)=O)CC1,302.0,-2.4800069429571505,1,train,6.51999305704285,-2.438022066388027,-0.04198487656912331,0.04198487656912331
O=c1[nH]c2ccccc2n1CCCCCN1CCN(c2cccc(Cl)c2)CC1,11.0,-1.0413926851582251,1,train,7.958607314841775,-0.9995671179811904,-0.041825567177034784,0.041825567177034784
CCN(CCN1CCC(c2noc3cc(F)ccc23)CC1)C(=O)CCO,4.9,-0.6901960800285137,0,train,8.309803919971486,-0.648647632280611,-0.041548447747902784,0.041548447747902784
O=S(=O)(NC1CCN(CCOc2cccc(Br)c2)CC1)c1ccc(Br)cc1,313.0,-2.4955443375464483,0,train,6.504455662453552,-2.454048581833059,-0.04149575571338948,0.04149575571338948
COc1ccc2c(c1)c(-c1[nH]c(N)nc1C)cn2S(=O)(=O)c1ccc2ccccc2c1,3715.0,-3.569958818096594,0,train,5.430041181903405,-3.611398341826866,0.0414395237302716,0.0414395237302716
CCC(Sc1ccc(Cl)c(Cl)c1)c1nc(N)nc(N2CCN(C)CC2)n1,5164.0,-3.712986233594383,0,train,5.287013766405617,-3.6716056214795483,-0.04138061211483457,0.04138061211483457
C[C@@H](Oc1ccc(Cl)cc1OC1CCCNC1)c1cccc(C(F)(F)F)c1,189.0,-2.2764618041732443,1,train,6.723538195826755,-2.2350980447520983,-0.04136375942114601,0.04136375942114601
COc1ccc(-c2cccc(C(F)(F)F)c2)cc1C1CCNC1,117.0,-2.0681858617461617,0,train,6.931814138253838,-2.1095352624750925,0.041349400728930785,0.041349400728930785
CN1CCc2cccc3c2[C@H]1Cc1cccc(-c2c(O)cccc2O)c1-3,36.2,-1.5587085705331658,0,train,7.441291429466834,-1.5176283020665233,-0.04108026846664248,0.04108026846664248
O=C1[C@@H]2[C@H]3CC[C@H](C3)[C@@H]2C(=O)N1CCCCCCN1CCN(c2cccc(Cl)c2Cl)CC1,117.0,-2.0681858617461617,0,train,6.931814138253838,-2.109167999562077,0.0409821378159152,0.0409821378159152
FC(COc1ccc(Cl)cc1OC1CNC1)c1ccccc1,36.0,-1.5563025007672873,1,train,7.443697499232712,-1.5972265562188246,0.04092405545153732,0.04092405545153732
COc1ccc(-c2ccccc2N2CCN(C[C@@H](O)COc3ccc(Cl)c(F)c3)CC2)cc1,36.0,-1.5563025007672873,0,train,7.443697499232712,-1.5153799296802004,-0.040922571087086856,0.040922571087086856
COc1ccccc1N1CCN(CCCCCn2c(=O)[nH]c3ccccc32)CC1,38.0,-1.5797835966168101,1,train,7.42021640338319,-1.6206833935851632,0.04089979696835333,0.04089979696835333
COc1cccc(CCOc2ccc(Cl)cc2OC2CNC2)c1,8.0,-0.9030899869919435,1,train,8.096910013008056,-0.8622776485705367,-0.04081233842140697,0.04081233842140697
O=C1Cc2ccccc2N1CCCCCCN1CCc2ccccc2C1,24.0,-1.380211241711606,1,train,7.619788758288394,-1.4206437928465327,0.04043255113492683,0.04043255113492683
CN1CC(Oc2cc(F)ccc2OCc2cccc(Cl)c2)C1,24.0,-1.380211241711606,0,train,7.619788758288394,-1.4205803217286637,0.040369080017057746,0.040369080017057746
O=C1c2cccc3cccc(c23)N1CCCCCCN1CCN(c2ncccn2)CC1,475.0,-2.6766936096248664,0,train,6.323306390375134,-2.7168093333197056,0.04011572369483929,0.04011572369483929
CCSc1cc(OC)c(CC(C)N)cc1OC,1322.0,-3.1212314551496214,0,train,5.878768544850379,-3.1613363276475,0.04010487249787875,0.04010487249787875
N#Cc1cccc(COc2ccc(Br)cc2OC2CNC2)c1,11.0,-1.0413926851582251,1,train,7.958607314841775,-1.081308374880941,0.03991568972271575,0.03991568972271575
COc1ccccc1N1CCN(Cc2ccccc2-c2cccc(Cl)c2)CC1,219.0,-2.3404441148401185,0,train,6.6595558851598815,-2.3802905950203406,0.03984648018022208,0.03984648018022208
COc1cc2ncnc(N3CCC(CN4CCN(c5ccccc5)CC4)C3)c2cc1OC,251.0,-2.399673721481038,0,train,6.600326278518962,-2.4392984310435866,0.0396247095625486,0.0396247095625486
Nc1ncc(-c2cn(S(=O)(=O)c3ccccc3)c3ccccc23)[nH]1,2455.0,-3.3900514964589874,0,train,5.609948503541013,-3.350549695971065,-0.03950180048792262,0.03950180048792262
COc1ccccc1-c1ccccc1N1CCNCC1,18.4,-1.2648178230095364,1,train,7.735182176990463,-1.3043121884566344,0.039494365447098057,0.039494365447098057
COc1cc2c(cc1OC)CN(/C=N/c1ccc3c(c1)C(OC(C)=O)CCCC3)CC2,500.0,-2.6989700043360187,0,train,6.301029995663981,-2.659545265165333,-0.039424739170685896,0.039424739170685896
CN(CCCCN1CCN(c2ccccc2)CC1)c1cccc(O)c1,30.0,-1.4771212547196624,0,train,7.522878745280337,-1.4377326586743648,-0.03938859604529754,0.03938859604529754
CN1CCN(c2nc(N)nc(COc3ccccc3)n2)CC1,9531.0,-3.9791384695468097,1,train,5.020861530453191,-3.9399254260836813,-0.03921304346312837,0.03921304346312837
CC1(c2ccc(F)cc2)NC(=O)N(CC(O)CN2CCN(c3ccccc3)CC2)C1=O,223.0,-2.3483048630481607,1,train,6.651695136951839,-2.3090949439438915,-0.039209919104269186,0.039209919104269186
CC(C)N1CC(Oc2cc(Br)ccc2OCc2cccc(Cl)c2)C1,8.0,-0.9030899869919435,1,train,8.096910013008056,-0.9421893556010751,0.039099368609131435,0.039099368609131435
COc1ccc(-c2c(=O)n(CCCCN3CCCC(c4c[nH]c5ccc(OC)cc45)C3)c(=O)n3ccccc23)cc1,958.0,-2.9813655090785445,0,train,6.018634490921455,-2.9424294366718975,-0.03893607240664698,0.03893607240664698
NC(=O)[C@@H]1Cc2ccccc2CN1C(=O)CCCCCN1CCN(c2ccccc2Cl)CC1,393.0,-2.5943925503754266,0,train,6.405607449624574,-2.5554917787008677,-0.038900771674558854,0.038900771674558854
Clc1cccc(COc2ccc(Cl)cc2O[C@@H]2CCNC2)c1,120.0,-2.0791812460476247,1,train,6.920818753952375,-2.0405047017694042,-0.038676544278220426,0.038676544278220426
O=C(c1ccc(Cl)c(F)c1)c1ccc(Br)cc1OC1CNC1,74.0,-1.8692317197309762,0,train,7.130768280269024,-1.8307185289326227,-0.03851319079835336,0.03851319079835336
COc1ccccc1N1CCN(CCCCN2C(=O)CCC2=O)CC1,90.0,-1.954242509439325,0,train,7.045757490560675,-1.992248940715276,0.038006431275950936,0.038006431275950936
O=C(CCCCN1CCC(Cc2ccccc2)CC1)n1c2ccccc2c2ccccc21,310.5,-2.492061604512599,0,train,6.5079383954874,-2.5300658415737267,0.038004237061127544,0.038004237061127544
NC(N)=NC(=O)c1ccc2c(c1)C(O)c1cccc(Cl)c1-2,41.0,-1.6127838567197355,0,train,7.3872161432802645,-1.574842732205437,-0.03794112451429865,0.03794112451429865
O=S(=O)(NCCCCCCN1CCN(c2nsc3ccccc23)CC1)c1ccccc1,37.0,-1.568201724066995,1,train,7.431798275933005,-1.5302606861562018,-0.037941037910793174,0.037941037910793174
O=c1n(CCCCNCCc2ccc3ccccc3c2)c(O)c2n1CCC2,74.0,-1.8692317197309762,0,train,7.130768280269024,-1.9071619587775333,0.037930239046557235,0.037930239046557235
Nc1nc(NCCc2c[nH]c3ccccc23)nc(N2CCN(c3cccc(Cl)c3Cl)CC2)n1,1650.0,-3.2174839442139063,0,train,5.782516055786093,-3.1795580397222056,-0.037925904491700635,0.037925904491700635
COc1ccc(C(=O)c2ccc(Br)cc2OC2CNC2)cc1,34.0,-1.5314789170422551,0,train,7.468521082957745,-1.5692759219652401,0.03779700492298499,0.03779700492298499
COc1cccc(N2CCN(CC3CCN(c4ncnc5cc(OC)c(OC)cc45)C3)CC2)c1,234.0,-2.369215857410143,0,train,6.630784142589857,-2.406996433081897,0.03778057567175397,0.03778057567175397
O=c1n(CCCCNCC2CCc3ccccc3O2)c(O)c2n1CCCC2,66.0,-1.8195439355418688,0,train,7.180456064458131,-1.8572465753202325,0.037702639778363745,0.037702639778363745
Nc1nc(NCCCCN2CCN(c3cccc(Cl)c3Cl)CC2)nc(NCCc2c[nH]c3ccccc23)n1,109.0,-2.037426497940624,1,train,6.962573502059376,-2.075108553137847,0.03768205519722301,0.03768205519722301
COc1ccccc1N1CCN(CCCCNS(=O)(=O)c2cnc3ccccc3c2)CC1,79.0,-1.8976270912904414,0,train,7.102372908709558,-1.9352962416750024,0.0376691503845612,0.0376691503845612
COc1ccc(-c2ccccc2N2CCN(CCCCOc3ccc(Cl)c(F)c3)CC2)cc1,61.0,-1.7853298350107671,0,train,7.214670164989233,-1.7477748999516172,-0.037554935059149974,0.037554935059149974
Fc1ccc(SCCCN2CCc3ccccc3C2)cc1,49.0,-1.6901960800285136,0,train,7.309803919971486,-1.7275587094249745,0.037362629396460845,0.037362629396460845
CCC(Oc1cc(Cl)ccc1Cl)c1nc(Nc2ccccc2)nc(N2CCN(C)CC2)n1,2590.0,-3.413299764081252,0,train,5.586700235918748,-3.4504627670317114,0.03716300295045949,0.03716300295045949
COc1ccc(-c2ccccc2OC(F)(F)F)cc1C1CCNC1,19.77,-1.2960066693136723,0,train,7.703993330686328,-1.2589459203406934,-0.03706074897297906,0.03706074897297906
CCN(CCN1CCC(c2noc3cc(F)ccc23)CC1)C(=O)C(O)C(F)(F)F,4.6,-0.6627578316815741,0,train,8.337242168318426,-0.6997663095416214,0.03700847786004735,0.03700847786004735
C[C@H]1C[C@H](NS(=O)(=O)c2ccc3cc(Cl)ccc3c2)CN1CCCc1noc2cc(F)ccc12,158.0,-2.1986570869544226,0,train,6.801342913045577,-2.1619597414111213,-0.03669734554330084,0.03669734554330084
Cc1nc2n(c(=O)c1CCN1CCC(c3noc4cc(F)ccc34)CC1)CCCC2O,4.05,-0.6074550232146685,0,train,8.39254497678533,-0.6439837888921243,0.03652876567745578,0.03652876567745578
COc1ccccc1N1CCN(CCCC(=O)Nc2cccc(C(C)C)c2)CC1,157.0,-2.1958996524092336,0,train,6.804100347590767,-2.23236453892808,0.036464886518846384,0.036464886518846384
CC(C)N1CC(Oc2cc(Cl)ccc2C(=O)c2ccc3c(c2)OCO3)C1,181.0,-2.2576785748691846,0,train,6.7423214251308154,-2.2214442350483923,-0.036234339820792716,0.036234339820792716
COc1cc2ncnc(N3CCC(CN4CCN(c5cccc(C(F)(F)F)c5)CC4)C3)c2cc1OC,229.0,-2.359835482339888,0,train,6.6401645176601125,-2.3238705051074176,-0.035964977232470385,0.035964977232470385
O=C1NC2C=CC=C3CCCC1(CCCCN1CCN(c4ccccc4)CC1)C32,3.3,-0.5185139398778874,1,train,8.481486060122112,-0.554464482746696,0.03595054286880861,0.03595054286880861
Cc1cccc(S(=O)(=O)NCCCN2CCN(c3noc4ccccc34)CC2)c1,10.0,-1.0,1,train,8.0,-1.035782175032123,0.035782175032123,0.035782175032123
CCN(CCCCN1CCC2CCCCC2C1)S(=O)(=O)c1cnc2ccccc2c1,187.0,-2.271841606536499,0,train,6.7281583934635005,-2.236169457875983,-0.03567214866051582,0.03567214866051582
COc1ccccc1-c1ccccc1CNC(=O)CCCCN1CCN(c2ccccc2OC)CC1,31.0,-1.4913616938342726,0,train,7.508638306165727,-1.526808967551353,0.03544727371708034,0.03544727371708034
Fc1cccc(COc2ccc(Br)cc2OC2CCNCC2)c1,17.0,-1.2304489213782739,0,train,7.769551078621726,-1.2658659526501317,0.03541703127185758,0.03541703127185758
COc1ccccc1N1CCN(CCCCCC(=O)Nc2cccc(C(C)C)c2)CC1,141.0,-2.1492191126553797,0,train,6.85078088734462,-2.1845611078936376,0.03534199523825743,0.03534199523825743
CC(=O)c1cccc(-c2cccc(NC3=NCCN3)c2C)c1,155.0,-2.1903316981702914,0,train,6.809668301829708,-2.155155888357284,-0.0351758098130075,0.0351758098130075
COc1ccccc1N1CCN(CCCCCN2C(=O)N(Cc3ccccc3)C(=O)C2(C)C)CC1,72.0,-1.8573324964312685,0,train,7.142667503568731,-1.8221669218550838,-0.03516557457618452,0.03516557457618452
N#Cc1ccc(-c2ccccc2C(F)(F)F)cc1OC1CNC1,127.0,-2.103803720955957,1,train,6.896196279044043,-2.138847587602484,0.035043866646527366,0.035043866646527366
O=C1c2ccccc2S(=O)(=O)N1CCCCCCN1CCN(c2ccccc2)CC1,192.0,-2.2833012287035497,1,train,6.71669877129645,-2.2482583757412145,-0.035042852962335225,0.035042852962335225
O=C1Nc2cc(F)ccc2C1CCCCN1CCN(c2ccccn2)CC1,17.0,-1.2304489213782739,0,train,7.769551078621726,-1.265470262940746,0.03502134156247183,0.03502134156247183
OC1(c2ccc(Cl)c(C(F)(F)F)c2)CCN(CCCCN(c2ccc(F)cc2)c2ccc(F)cc2)CC1,812.0,-2.9095560292411755,1,train,6.090443970758825,-2.944182846424511,0.03462681718333549,0.03462681718333549
COc1ccccc1N1CCN(Cc2cn(-c3ccccc3C(C)C)c3ccccc23)CC1,17.0,-1.2304489213782739,0,train,7.769551078621726,-1.1959348144760802,-0.03451410690219392,0.03451410690219392
O=C(CCN1CCN(c2ccc(Cl)cc2)CC1)N1CCN(c2ccccc2)CC1,462.0,-2.6646419755561257,1,train,6.335358024443874,-2.6301592208688707,-0.034482754687255035,0.034482754687255035
CCN(CCCCN1CCN(c2ccccc2OC)CC1)S(=O)(=O)c1cccc2cccnc12,37.0,-1.568201724066995,0,train,7.431798275933005,-1.6025923188311078,0.03439059476411277,0.03439059476411277
CCC(Oc1cc(C(F)(F)F)ccc1C(F)(F)F)c1nc(N)nc(N2CCN(C)CC2)n1,18120.0,-4.258158193340794,0,train,4.741841806659206,-4.223774828744953,-0.03438336459584068,0.03438336459584068
COc1ccccc1N1CCN(CCCCCC(=O)N2CCc3ccccc3C2)CC1,31.0,-1.4913616938342726,1,train,7.508638306165727,-1.5256395707256296,0.03427787689135697,0.03427787689135697
O=S(=O)(c1cccc2ncccc12)N1CCC(CCN2CCN(c3cccc(Cl)c3)CC2)CC1,37.0,-1.568201724066995,0,train,7.431798275933005,-1.6023422373355865,0.034140513268591466,0.034140513268591466
COc1ccccc1-c1cccc(CN(C)C)c1,126.0,-2.100370545117563,1,train,6.899629454882437,-2.0662865725651147,-0.034083972552448216,0.034083972552448216
Nc1nc(N)nc(NCCCCCN2CCN(c3ccccc3)CC2)n1,1039.0,-3.016615547557177,0,train,5.983384452442823,-2.982598134098109,-0.03401741345906828,0.03401741345906828
Clc1ccc(N2CCN(Cc3c[nH]c4ncccc34)CC2)cc1,226.0,-2.3541084391474008,0,train,6.645891560852599,-2.388001329326062,0.03389289017866126,0.03389289017866126
NCCN(CCCN1CCc2ccccc2C1)S(=O)(=O)c1ccccc1,267.0,-2.4265112613645754,1,train,6.573488738635424,-2.460360324273489,0.03384906290891365,0.03384906290891365
COc1cccc(N2CCN(CCCCCCN3C(=O)c4cccc5cccc3c45)CC2)c1,366.0,-2.5634810853944106,1,train,6.436518914605589,-2.5297043142071836,-0.033776771187226995,0.033776771187226995
CC1CCN(CC[C@@H](C)N(C)S(=O)(=O)c2cccc3ccccc23)CC1,32.0,-1.505149978319906,0,train,7.494850021680094,-1.5388943959653312,0.03374441764542513,0.03374441764542513
COc1ccccc1-c1cc(C2CCN(C)C2)ccc1Cl,30.0,-1.4771212547196624,1,train,7.522878745280337,-1.5108509240793981,0.03372966935973576,0.03372966935973576
O=C1Nc2ccc(Cl)c3c2C1(CCCCN1CC=C(c2ccc(Cl)cc2)CC1)CCC3,7.2,-0.8573324964312685,0,train,8.142667503568731,-0.8236851019689143,-0.03364739446235421,0.03364739446235421
COc1cc2ncnc(N3CCC(CN4CCN(c5ccccn5)CC4)C3)c2cc1OC,282.0,-2.450249108319361,0,train,6.549750891680639,-2.48383517991346,0.03358607159409921,0.03358607159409921
Cc1cccc(S(=O)(=O)NCCCCN2CC=C(c3c[nH]c4ccc(F)cc34)CC2)c1,120.0,-2.0791812460476247,1,train,6.920818753952375,-2.045688624092554,-0.033492621955070856,0.033492621955070856
O=c1[nH]c(CCCCCN2CCN(c3ccc(Cl)cc3)CC2)nc2ccccc12,101.0,-2.0043213737826426,1,train,6.995678626217357,-2.0376992711722024,0.03337789738956021,0.03337789738956021
O=S(=O)(c1cccc2ncccc12)N1CCC(CCN2CCN(c3ccc(Cl)c(Cl)c3)CC2)CC1,52.0,-1.7160033436347992,0,train,7.2839966563652006,-1.7493592007579435,0.03335585712314426,0.03335585712314426
COc1ccc2c(c1)CCCC2NC(=O)CCCCN1CCN(c2ccccc2OC)CC1,43.1,-1.6344772701607315,0,train,7.3655227298392685,-1.6011292186543833,-0.03334805150634823,0.03334805150634823
CCOc1ccccc1N1CCN(CCCCCn2cnc(-c3ccccc3)cc2=O)CC1,45.0,-1.6532125137753437,0,train,7.346787486224656,-1.6199576345973015,-0.03325487917804204,0.03325487917804204
CCC1(CCCCN2CCN(c3ccc(Cl)cc3)CC2)C(=O)Nc2cc(F)ccc21,0.79,0.10237290870955855,1,train,9.102372908709558,0.06947156411339263,0.032901344596165866,0.032901344596165866
CCN(CCN1CCC(c2noc3cc(F)c(C)cc23)CC1)S(=O)(=O)CCO,19.4,-1.287801729930226,1,train,7.7121982700697735,-1.2549973620032706,-0.0328043679269554,0.0328043679269554
COc1ccccc1N1CCN(CCCC(=O)Nc2cccc(C(C)(C)C)c2)CC1,130.0,-2.113943352306837,0,train,6.886056647693163,-2.1466624843146263,0.03271913200778931,0.03271913200778931
Nc1ccc(CCCCN2CCN(c3ccccn3)CC2)cc1,222.0,-2.346352974450639,0,train,6.653647025549361,-2.3138015986426406,-0.03255137580799827,0.03255137580799827
COc1ccc(-c2cccc(NC3=NCCN3)c2C)cc1,28.0,-1.4471580313422192,0,train,7.552841968657781,-1.4795710403104858,0.0324130089682666,0.0324130089682666
CSc1ccccc1N1CCN(CCCCC2NC(c3ccccc3)=NNC2=O)CC1,17.0,-1.2304489213782739,0,train,7.769551078621726,-1.262835989383268,0.0323870680049938,0.0323870680049938
CN(CCc1c[nH]c2ccccc12)Cc1ccc(-c2ccccc2)o1,525.0,-2.720159303405957,0,train,6.279840696594043,-2.687838285313884,-0.03232101809207322,0.03232101809207322
O=c1c(-c2ccc(Cl)cc2)c2n(c(=O)n1CCCCN1CCCC(c3c[nH]c4ccccc34)C1)CCCC2,1384.0,-3.141136090120739,0,train,5.858863909879261,-3.1088396716159776,-0.03229641850476117,0.03229641850476117
Cc1ccccc1C(=O)NC1CCN(CCSc2cccc(Cl)c2Cl)CC1,815.0,-2.9111576087399764,0,train,6.088842391260023,-2.8791860864939376,-0.03197152224603883,0.03197152224603883
O=C1NC2(CCC(c3ccccc3)CC2)C(=O)N1CCCCN1CCN(c2cccc(C(F)(F)F)c2)CC1,379.0,-2.578639209968072,0,train,6.421360790031928,-2.546801599396311,-0.031837610571761044,0.031837610571761044
Clc1ccc(-c2n[nH]cc2N2CCNCC2)cc1,23.0,-1.3617278360175928,1,train,7.638272163982407,-1.393382608535027,0.03165477251743409,0.03165477251743409
N#Cc1cccnc1N1CCN(CCCN2CCN(c3cccc(Cl)c3Cl)CC2)CC1,570.0,-2.7558748556724915,0,train,6.2441251443275085,-2.7242330142129534,-0.03164184145953808,0.03164184145953808
CC(=O)N1CCN(CCCCC(=O)n2c3ccccc3c3ccccc32)CC1,1072.0,-3.030194785356751,0,train,5.969805214643249,-3.061835247959303,0.031640462602552155,0.031640462602552155
CNC(=O)CN1c2ccccc2C2CCN(CCCCC34CCCc5cccc(c53)NC4=O)CC21,4.0,-0.6020599913279624,0,train,8.397940008672037,-0.6336202378514746,0.03156024652351219,0.03156024652351219
CC1CN(C)C(=O)c2cc(OCCCN3CCC(c4noc5cc(F)ccc45)CC3)ccc21,8.4,-0.9242792860618817,0,train,8.075720713938118,-0.9556788379944128,0.03139955193253119,0.03139955193253119
O=c1sc2ccccc2n1CCCCCCCN1CCN(c2ccccc2)CC1,7.6,-0.8808135922807914,1,train,8.119186407719209,-0.912014051389648,0.031200459108856604,0.031200459108856604
CCN(CCN1CCC(c2noc3cc(F)c(C)cc23)CC1)C(=O)[C@H](C)O,20.3,-1.307496037913213,0,train,7.692503962086787,-1.3384905637176687,0.03099452580445572,0.03099452580445572
CC(=O)c1ccc(OCC(O)CN2CCN(c3cccc(Cl)c3)CC2)cc1,471.0,-2.673020907128896,1,train,6.326979092871104,-2.6421702522720945,-0.030850654856801718,0.030850654856801718
c1cnc(N2CCN(CCCc3nc4ccccc4s3)CC2)nc1,342.0,-2.534026106056135,0,train,6.465973893943865,-2.5032138542817193,-0.0308122517744156,0.0308122517744156
COc1ccc(-c2ccccc2N2CCN(CCCCCC(=O)NCc3ccc(OCCCN4CCOCC4)cc3)CC2)cc1,19.0,-1.2787536009528289,0,train,7.721246399047171,-1.2481231599614215,-0.030630440991407326,0.030630440991407326
CN1CC(Oc2cc(Br)ccc2C(=O)c2cccc(Cl)c2)C1,50.0,-1.6989700043360187,0,train,7.301029995663981,-1.7294170694188455,0.030447065082826796,0.030447065082826796
O=S(=O)(c1cccc2ncccc12)N1CC[C@@H]1CCN1CCN(c2cccc3sccc23)CC1,45.0,-1.6532125137753437,0,train,7.346787486224656,-1.683419384071965,0.03020687029662139,0.03020687029662139
CCC1(CCCCN2CCN(c3ccccc3OC)CC2)C(=O)Nc2ccccc21,5.390000000000001,-0.7315887651867388,0,train,8.26841123481326,-0.7617841018536887,0.030195336666949957,0.030195336666949957
CC(Nc1nccc(NCCc2ccccc2)n1)c1ccccc1,6.0,-0.7781512503836436,1,train,8.221848749616356,-0.748015908463895,-0.03013534191974865,0.03013534191974865
CCC1(CCCCN2CCN(c3ccc(C)c(Cl)c3)CC2)C(=O)Nc2ccccc21,0.66,0.1804560644581313,1,train,9.18045606445813,0.21047131706073025,-0.030015252602598935,0.030015252602598935
O=C([C@@H]1CCCN1C(=O)CCCCCCN1CCN(c2ccccc2-c2ccccc2)CC1)N1CCCCC1,15.0,-1.1760912590556813,0,train,7.823908740944319,-1.2061056574424187,0.030014398386737584,0.030014398386737584
Clc1cccc(COc2ccc(Br)cc2OC2CNC2)c1,12.0,-1.0791812460476249,1,train,7.920818753952375,-1.0491811921061158,-0.030000053941509064,0.030000053941509064
NC(=O)[C@@H]1Cc2ccccc2CN1C(=O)CCCCN1CCN(c2ccc(Cl)cc2)CC1,223.0,-2.3483048630481607,0,train,6.651695136951839,-2.37805975705359,0.0297548940054293,0.0297548940054293
O=C(NC1CCN(CCOc2ccccc2-c2ccccc2)CC1)c1cccc(Cl)c1,197.0,-2.294466226161593,0,train,6.7055337738384075,-2.264745075623509,-0.029721150538084107,0.029721150538084107
Cn1cc(S(=O)(=O)NC2CN(CCOc3ccccc3-c3ccccc3)C2)cn1,40.0,-1.6020599913279623,0,train,7.3979400086720375,-1.5724157416375402,-0.029644249690422342,0.029644249690422342
O=S(=O)(c1ccc(F)cc1)N(CC1CC1)C1CCN(CCOc2ccccc2-c2ccccc2)CC1,18.0,-1.255272505103306,0,train,7.7447274948966935,-1.284858361673167,0.029585856569861013,0.029585856569861013
O=S(=O)(NC1CCN(CCOc2ccccc2)C1)c1ccc(Cl)s1,121.0,-2.0827853703164503,1,train,6.917214629683549,-2.0532267482611917,-0.02955862205525861,0.02955862205525861
COc1ccc(CN2C3C4C5CC6C7C5C3C7C2(O)C64)cc1OC,3647.0,-3.561935763313781,0,train,5.438064236686219,-3.5914575221875498,0.029521758873768622,0.029521758873768622
Cc1cccc2c1-c1ccc(C(=O)N=C(N)N)cc1C2(C)O,4.0,-0.6020599913279624,0,train,8.397940008672037,-0.6314755337751028,0.029415542447140397,0.029415542447140397
CCCN1CCOC2c3cc(C(N)=O)ccc3CCC21,660.69,-2.8199977335107764,0,train,6.180002266489224,-2.7905876200858786,-0.029410113424897855,0.029410113424897855
CC1(C)C(=O)N(Cc2ccccc2)C(=O)N1CCCCCN1CCN(c2ccccc2)CC1,70.0,-1.845098040014257,0,train,7.154901959985743,-1.8744766183657353,0.02937857835147839,0.02937857835147839
COc1ccc(Cl)cc1N1CCN(CCCCc2nc3ccsc3c(=O)[nH]2)CC1,44.0,-1.6434526764861874,0,train,7.356547323513812,-1.6141154199738557,-0.029337256512331766,0.029337256512331766
O=C1Nc2cccc3c2C1(CCCCN1CC=C(c2ccc(F)cc2)CC1)CCC3,3.5,-0.5440680443502757,0,train,8.455931955649724,-0.5733765247746933,0.029308480424417582,0.029308480424417582
Fc1ccc2[nH]cc(CCN3CCN(c4ccccc4-c4ccccc4F)CC3)c2c1,2.3,-0.36172783601759284,0,train,8.638272163982407,-0.33262891028066055,-0.029098925736932235,0.029098925736932235
C[C@@]12CN(c3ccc(Br)cc3)c3ccc(Br)cc3[C@@H]1CCN2,200.0,-2.3010299956639813,0,train,6.698970004336019,-2.3300066624055495,0.02897666674156829,0.02897666674156829
CC1(Oc2cc(Br)ccc2Oc2ccccc2)CNC1,69.0,-1.8388490907372552,0,train,7.161150909262744,-1.8101310639827108,-0.02871802675454438,0.02871802675454438
CN(C)CCOc1ccccc1-c1ccccc1,156.0,-2.1931245983544616,0,train,6.806875401645538,-2.221752460947103,0.028627862592641495,0.028627862592641495
COc1ccc(-c2ccccc2C#N)cc1OC1CNC1,33.88,-1.5299434016586693,1,train,7.470056598341331,-1.558461230523094,0.028517828864424777,0.028517828864424777
O=C(CCCCCN1CCCC1)n1c2ccccc2c2ccccc21,1049.0,-3.020775488193558,0,train,5.979224511806442,-3.049288954861769,0.028513466668210974,0.028513466668210974
O=c1n(CCCNCC2CCc3ccccc3O2)c(O)c2n1CCC2,60.0,-1.7781512503836436,0,train,7.221848749616356,-1.7497118822338908,-0.028439368149752786,0.028439368149752786
COc1cccc(-c2cccc(NC3=NCCN3)c2C)c1,35.0,-1.5440680443502757,0,train,7.455931955649724,-1.5724990895277748,0.02843104517749917,0.02843104517749917
FC(F)(F)c1ccccc1COc1ccc(Cl)cc1OC1CNC1,53.0,-1.724275869600789,0,train,7.275724130399211,-1.7526963171370296,0.028420447536240623,0.028420447536240623
CC(C)c1ccc2ccn(CCN3CCCN(C)CC3)c2c1,145.0,-2.161368002234975,0,train,6.838631997765026,-2.13299406253261,-0.028373939702365014,0.028373939702365014
O=C(c1ccc(F)cc1)C1CCN(CCc2ccc(F)cc2)CC1,63.0,-1.7993405494535817,1,train,7.200659450546418,-1.827691438575082,0.0283508891215003,0.0283508891215003
Cc1ccc(Oc2cc(Cl)ccc2O[C@@H]2CCNC2)cc1,2300.0,-3.361727836017593,1,train,5.638272163982407,-3.3335254832729198,-0.02820235274467331,0.02820235274467331
CCC(Oc1ccc(Cl)c(Cl)c1)c1nc(N)nc(N2CCN(C)CC2)n1,5098.0,-3.7073998311332486,0,train,5.292600168866752,-3.7354971664464234,0.028097335313174376,0.028097335313174376
N#Cc1cccc(COc2ccc(Cl)cc2OC2CNC2)c1,29.0,-1.462397997898956,1,train,7.537602002101044,-1.4904848209896664,0.02808682309071031,0.02808682309071031
CCCN1CC(Oc2cc(Br)ccc2OCc2cccc(Cl)c2)C1,8.0,-0.9030899869919435,1,train,8.096910013008056,-0.9311556558478806,0.028065668855936976,0.028065668855936976
O=c1c(-c2ccc(F)cc2)c2n(c(=O)n1CCCCN1CCCC(c3c[nH]c4ccc(F)cc34)C1)CCCC2,1112.0,-3.0461047872460387,0,train,5.953895212753961,-3.0182054909456566,-0.027899296300382126,0.027899296300382126
OC(COc1ccc2c(c1)CCC2)CN1CCN(c2ccccc2)CC1,587.0,-2.7686381012476144,0,train,6.231361898752386,-2.7964999239313912,0.027861822683776793,0.027861822683776793
Cn1c(=O)c2c(nc3n(CCCCCN4CCN(c5ccc(Cl)cc5)CC4)c(-c4ccccc4)cn23)n(C)c1=O,122.0,-2.0863598306747484,0,train,6.913640169325252,-2.114141439928931,0.027781609254182715,0.027781609254182715
O=C1Nc2cccc3c2C1(CCCCN1CCc2sccc2C1)CCC3,6.46,-0.8102325179950841,0,train,8.189767482004916,-0.782861269025595,-0.02737124896948906,0.02737124896948906
CC(C)N1CC(Oc2cc(Br)ccc2OCc2cccc(F)c2)C1,8.0,-0.9030899869919435,1,train,8.096910013008056,-0.9301757172071612,0.02708573021521754,0.02708573021521754
COc1ccccc1-c1cc(CN2CCC(C)CC2)ccc1Cl,389.0,-2.5899496013257077,1,train,6.410050398674292,-2.5629717198224307,-0.026977881503277512,0.026977881503277512
CCCN(CCC)[C@H]1CCc2c(cccc2-c2ccc(OC)cc2)C1,12.4,-1.0934216851622351,0,train,7.906578314837764,-1.120365815269661,0.0269441301074258,0.0269441301074258
Clc1ccc(OCc2cnco2)c(OC2CNC2)c1,240.0,-2.380211241711606,1,train,6.619788758288394,-2.4070526767635543,0.02684143505194836,0.02684143505194836
O=C1c2ccccc2CCCN1CCN1CCC(Oc2ccccc2)CC1,20.0,-1.3010299956639813,0,train,7.698970004336019,-1.2741939947191279,-0.02683600094485339,0.02683600094485339
COc1ccc(-c2ccccc2N2CCN(CCOCCC(=O)NCc3ccccn3)CC2)cc1,24.0,-1.380211241711606,0,train,7.619788758288394,-1.4070108220695317,0.026799580357925734,0.026799580357925734
O=c1n(Cc2ccc(CN3CCN(c4cccc(Cl)c4)CC3)cc2)nc2ccccn12,3470.0,-3.5403294747908736,1,train,5.459670525209127,-3.5669658379813303,0.026636363190456702,0.026636363190456702
COc1ccccc1N1CCN(CCCCNS(=O)(=O)c2ccc3ncccc3c2)CC1,132.0,-2.12057393120585,0,train,6.8794260687941495,-2.094016549184164,-0.026557382021686227,0.026557382021686227
COc1ccc(-c2c3c(nn2C(C)C)CCNCC3)cc1,18.0,-1.255272505103306,0,train,7.7447274948966935,-1.2817960286225585,0.026523523519252468,0.026523523519252468
Nc1ccc(S(=O)(=O)NC2CCN(CCOc3ccccc3-c3ccccc3)CC2)cc1,26.0,-1.414973347970818,0,train,7.585026652029182,-1.388451196933793,-0.026522151037025044,0.026522151037025044
O=C1Cc2ccccc2N1CCCCCN1CCc2ccccc2C1,28.0,-1.4471580313422192,1,train,7.552841968657781,-1.4206437928465327,-0.02651423849568646,0.02651423849568646
O=S1(=O)c2cccc3cccc(c23)N1CCCCCCN1CCN(c2ccccc2Cl)CC1,286.0,-2.456366033129043,0,train,6.543633966870956,-2.429947427302325,-0.026418605826718178,0.026418605826718178
CN1CCN(c2nc(N)nc(CCCOc3ccc(Cl)c(Cl)c3)n2)CC1,4879.0,-3.688330818112266,0,train,5.3116691818877335,-3.6620635283148664,-0.026267289797399673,0.026267289797399673
CCN(CCN1CCN(c2noc3ccccc23)CC1)C(=O)C(C)O,22.1,-1.3443922736851108,0,train,7.655607726314889,-1.3181486021051492,-0.026243671579961658,0.026243671579961658
COc1ccccc1-c1cc(CN2CCN(c3ccccc3OC)CC2)ccc1Cl,73.0,-1.863322860120456,0,train,7.136677139879544,-1.8370971034077848,-0.026225756712671133,0.026225756712671133
COc1ccccc1N1CCN(CCCCCC(=O)NCc2ccccc2-c2ccccc2Cl)CC1,16.0,-1.2041199826559248,1,train,7.795880017344075,-1.2303081023761935,0.026188119720268688,0.026188119720268688
COc1cccc(C(=O)c2ccc(Br)cc2OC2CNC2)c1,39.0,-1.591064607026499,0,train,7.4089353929735005,-1.5650956593366105,-0.025968947689888555,0.025968947689888555
COc1ccccc1N1CCN(CCOCCOc2cc(C)cc(C)c2C)CC1,89.0,-1.9493900066449128,0,train,7.050609993355087,-1.975256788255502,0.025866781610589307,0.025866781610589307
Cc1ccccc1OCCN1CCC(NS(=O)(=O)c2ccc(F)cc2)CC1,163.0,-2.2121876044039577,1,train,6.787812395596042,-2.186395816024219,-0.025791788379738723,0.025791788379738723
Cc1cc(OCc2nc(N)nc(N3CCN(C)CC3)n2)ccc1Cl,5840.0,-3.7664128471123997,0,train,5.2335871528876,-3.792108603887691,0.025695756775291123,0.025695756775291123
COC(COc1ccc(Cl)cc1OC1CNC1)c1ccccc1,130.0,-2.113943352306837,1,train,6.886056647693163,-2.088261827938367,-0.025681524368470043,0.025681524368470043
CCOc1nc2c(c(=O)n(C)c(=O)n2C)n1CCCN1CCN(c2cccc(Cl)c2)CC1,130.0,-2.113943352306837,0,train,6.886056647693163,-2.139468963887182,0.025525611580345053,0.025525611580345053
O=C1Nc2ccccc2C12CCN(CCN1CCC(Oc3ccc(Cl)cc3)CC1)C2,121.0,-2.0827853703164503,0,train,6.917214629683549,-2.057286936589687,-0.025498433726763192,0.025498433726763192
CCC(=O)N1c2ccccc2CC1C(=O)NCCCN1CCN(c2cccc(Cl)c2)CC1,687.0,-2.8369567370595505,1,train,6.16304326294045,-2.8623446932602032,0.025387956200652706,0.025387956200652706
CN1CCc2c(c3cccc4c3n2CCc2ccccc2-4)C1,195.0,-2.290034611362518,0,train,6.709965388637482,-2.264653806304822,-0.0253808050576958,0.0253808050576958
COc1ccccc1N1CCN(CCCCC(=O)NC2CCCc3c(OC)cccc32)CC1,28.2,-1.4502491083193612,1,train,7.549750891680639,-1.4755602854176377,0.02531117709827657,0.02531117709827657
O=S(=O)(NCCCN1CCN(c2nsc3ccccc23)CC1)c1ccc(OC(F)(F)F)cc1,29.0,-1.462397997898956,1,train,7.537602002101044,-1.4371162964608934,-0.02528170143806263,0.02528170143806263
CNc1ccccc1N1CCN(CCCCCC(=O)NC2CCCc3ccccc32)CC1,25.4,-1.404833716619938,1,train,7.5951662833800615,-1.4300479971546418,0.02521428053470376,0.02521428053470376
CC(Oc1cc(C(F)(F)F)ccc1C(F)(F)F)c1nc(N)nc(N2CCN(C)CC2)n1,20000.0,-4.301029995663981,0,train,4.698970004336019,-4.275876462116705,-0.02515353354727612,0.02515353354727612
COc1ccccc1N1CCN(CCCCCC(=O)Nc2ccc(C(=O)OC(C)(C)C)cc2)CC1,799.0,-2.902546779313991,0,train,6.097453220686009,-2.927672399342662,0.025125620028670692,0.025125620028670692
CN(C)CCc1c[nH]c2ccc(O)cc12,16.406666666666666,-1.2150203546471212,0,train,7.784979645352879,-1.2401001724594058,0.025079817812284633,0.025079817812284633
O=C1Nc2ccccc2C1CCCCN1CCN(c2ccccn2)CC1,11.0,-1.0413926851582251,1,train,7.958607314841775,-1.016527283906762,-0.024865401251463082,0.024865401251463082
Clc1cccc(COc2cc(Cl)ccc2O[C@@H]2CCNC2)c1,260.0,-2.4149733479708178,0,train,6.585026652029182,-2.3901811092533496,-0.024792238717468162,0.024792238717468162
O=C1CC2CCc3ccsc3C2=NN1CCCCN1CCN(Cc2ccccc2)CC1,995.0,-2.9978230807457256,0,train,6.002176919254275,-2.973083739618395,-0.024739341127330672,0.024739341127330672
O=c1c2cnc3ccccc3c2ncn1CCCCN1CCN(c2ccc(Cl)cc2)CC1,328.0,-2.515873843711679,0,train,6.484126156288321,-2.540041220391454,0.024167376679774755,0.024167376679774755
FC(F)(F)c1ccccc1-c1cccc(OC2CNC2)c1,25.5,-1.4065401804339552,0,train,7.5934598195660445,-1.430686550632219,0.024146370198263822,0.024146370198263822
NC(N)=NC(=O)c1ccc2c(c1)C(O)c1cccc(CO)c1-2,41.0,-1.6127838567197355,0,train,7.3872161432802645,-1.5888841533008553,-0.02389970341888037,0.02389970341888037
O=c1n(CCCCCCN2CCN(c3cccc(Cl)c3Cl)CC2)nc2ccccn12,243.0,-2.385606273598312,0,train,6.614393726401688,-2.3617486831375896,-0.023857590460722555,0.023857590460722555
COc1ccccc1N1CCN(CCCCn2cnc3c2c(=O)n(C)c(=O)n3C)CC1,434.0,-2.637489729512511,0,train,6.362510270487489,-2.6136872450644315,-0.02380248444807931,0.02380248444807931
C[C@H](Nc1cc(NCCc2ccccc2)ccn1)c1ccccc1,3.0,-0.47712125471966244,1,train,8.522878745280337,-0.5009079654002125,0.02378671068055016,0.02378671068055016
Cc1ccc(-c2ccccc2C2CCNC2)cc1,120.01,-2.079217435746567,1,train,6.920782564253432,-2.0556287043777375,-0.023588731368829663,0.023588731368829663
Cc1cccc(O)c1-c1cccc2c1-c1cccc3c1[C@@H](C2)N(C)CC3,43.1,-1.6344772701607315,0,train,7.3655227298392685,-1.6109095441638237,-0.023567725996907818,0.023567725996907818
O=C(c1cccc(Cl)c1)c1ccc(Br)cc1OC1CNC1,39.0,-1.591064607026499,0,train,7.4089353929735005,-1.6145585434443388,0.0234939364178397,0.0234939364178397
COc1ccc(-c2ccccc2N2CCN(CCCCCC(=O)NCc3ccc(C#N)cc3)CC2)cc1,8.0,-0.9030899869919435,1,train,8.096910013008056,-0.9265708108567723,0.023480823864828637,0.023480823864828637
CC1CCCN(CCCCCC(=O)n2c3ccccc3c3ccccc32)C1,550.0,-2.7403626894942437,0,train,6.259637310505756,-2.7638189796366412,0.02345629014239714,0.02345629014239714
COc1ccccc1N1CCN(CCCCCC(=O)Nc2ccccc2O)CC1,254.0,-2.404833716619938,1,train,6.5951662833800615,-2.428193241306116,0.023359524686177746,0.023359524686177746
C[C@H](Nc1nc(NCCOc2ccccc2)nc(N(C)C)n1)c1ccccc1,23.0,-1.3617278360175928,0,train,7.638272163982407,-1.3848519292698012,0.023124093252208322,0.023124093252208322
COc1ccc(-c2ccccc2)cc1C1CCN(C)C1,150.0,-2.1760912590556813,0,train,6.823908740944319,-2.1530462306566087,-0.02304502839907263,0.02304502839907263
O=S(=O)(NCCCCN1CCN(c2cccc(Cl)c2)CC1)c1cnc2ccc(Cl)cc2c1,88.0,-1.9444826721501687,0,train,7.055517327849831,-1.9216957809656239,-0.02278689118454502,0.02278689118454502
Cc1nc(OCCCCCN2CCN(c3ccccc3)CC2)c2ccccc2n1,276.0,-2.4409090820652177,0,train,6.559090917934782,-2.41812422048468,-0.02278486158053772,0.02278486158053772
c1ccc2c(c1)CCN(CCCCc1c[nH]c3ccccc13)C2,51.5,-1.711807229041191,1,train,7.288192770958809,-1.7345639397312962,0.02275671069010521,0.02275671069010521
CC(C)N1CC(Oc2cc(Br)ccc2C(=O)c2ccc3ccccc3c2)C1,59.0,-1.7708520116421442,0,train,7.229147988357855,-1.7481725498261533,-0.022679461815990898,0.022679461815990898
Clc1ccc(N2CCN(CCCc3nc4ccccc4s3)CC2)cc1,790.0,-2.8976270912904414,0,train,6.102372908709558,-2.875065642398704,-0.022561448891737168,0.022561448891737168
CCCN1CCC(COc2nc3c(F)cccc3c3ccccc23)CC1,384.0,-2.584331224367531,0,train,6.415668775632469,-2.606881043624436,0.022549819256905135,0.022549819256905135
CC(Oc1cc(C(F)(F)F)ccc1F)c1nc(N)nc(N2CCN(C)CC2)n1,17100.0,-4.232996110392154,0,train,4.767003889607846,-4.255424995441445,0.022428885049291303,0.022428885049291303
O=C1CC2(CCCC2)CC(=O)N1CCCCN1CCN(c2ncccn2)CC1,378.0,-2.5774917998372255,0,train,6.422508200162774,-2.5552032800892643,-0.022288519747960756,0.022288519747960756
COc1ccc(-c2ccccc2N2CCN(C[C@@H](O)COc3cnccn3)CC2)cc1,16.0,-1.2041199826559248,0,train,7.795880017344075,-1.2257877602443763,0.02166777758845151,0.02166777758845151
CN1CCC(Oc2cc(Br)ccc2OCc2ccccc2)C1,23.0,-1.3617278360175928,0,train,7.638272163982407,-1.3402136820908899,-0.021514153926702972,0.021514153926702972
O=S(=O)(NCCCN1CCN(c2ccc(Cl)cc2)CC1)c1cncc2ccccc12,113.0,-2.0530784434834195,0,train,6.94692155651658,-2.0744659168071657,0.021387473323746242,0.021387473323746242
O=C(CCOCCN1CCN(c2ccccc2-c2ccccc2)CC1)NCc1ccc(C(F)(F)F)cc1,35.0,-1.5440680443502757,0,train,7.455931955649724,-1.522711743294531,-0.02135630105574471,0.02135630105574471
CCC(Oc1cc(C(F)(F)F)ccc1F)c1nc(N)nc(N2CCN(C)CC2)n1,18790.0,-4.273926780100526,0,train,4.726073219899474,-4.2525734761706,-0.02135330392992607,0.02135330392992607
Cc1nc(-c2cccc(COc3ccc(Cl)cc3OC3CNC3)c2)no1,100.0,-2.0,0,train,7.0,-2.0213532547730684,0.021353254773068375,0.021353254773068375
CC([Se]c1ccccc1)c1nc(N)nc(N2CCN(C)CC2)n1,4247.0,-3.6280822609906793,0,train,5.371917739009321,-3.6494036619893633,0.02132140099868396,0.02132140099868396
CC(C)N1CC(Oc2cc(F)ccc2OCc2cccc(Cl)c2)C1,27.0,-1.4313637641589874,0,train,7.568636235841012,-1.4103259455510126,-0.021037818607974712,0.021037818607974712
CC(C)(C)c1ccccc1OCCN1CCC(N(CC2CC2)S(=O)(=O)c2ccc(F)cc2)CC1,53.0,-1.724275869600789,0,train,7.275724130399211,-1.7453123340980172,0.02103646449722829,0.02103646449722829
C1=C(c2ccccc2)CCN(Cc2cn(-c3ccccc3)c3ccccc23)C1,92.0,-1.9637878273455553,1,train,7.036212172654444,-1.9428891901299261,-0.020898637215629456,0.020898637215629456
O=S(=O)(NC1CCN(CCOc2ccccc2)CC1)c1ccccc1I,258.0,-2.41161970596323,0,train,6.58838029403677,-2.3908669705793004,-0.020752735383929632,0.020752735383929632
O=C(c1cccc(Cl)c1)c1ccc(Cl)cc1OC1CNC1,102.0,-2.0086001717619175,0,train,6.991399828238082,-1.987940553197224,-0.020659618564693005,0.020659618564693005
COc1ccc2[nH]cc(CCNCc3ccc(-c4cn[nH]c4)o3)c2c1,1501.0,-3.1763806922432702,0,train,5.823619307756729,-3.155772586032221,-0.020608106211049027,0.020608106211049027
O=C1Nc2ccccc2C1CCCCN1CC=C(c2cccc(C(F)(F)F)c2)CC1,11.0,-1.0413926851582251,0,train,7.958607314841775,-1.0618834785455273,0.020490793387302197,0.020490793387302197
O=c1n(CCCCCCN2CCN(c3cccc(Cl)c3)CC2)nc2ccccn12,278.0,-2.444044795918076,0,train,6.555955204081924,-2.4645233822803894,0.020478586362313145,0.020478586362313145
COc1cc2c(cc1OC1CCCCC1)C[C@H]1c3c(cc(OC)c(OC)c3-2)CCN1C,50.0,-1.6989700043360187,0,train,7.301029995663981,-1.7192983434964042,0.020328339160385456,0.020328339160385456
O=C(CCN1CCN(Cc2ccccc2)CC1)N1CCN(c2ccccc2Cl)CC1,50.0,-1.6989700043360187,0,train,7.301029995663981,-1.679121969014368,-0.019848035321650803,0.019848035321650803
NC(=O)c1cccc(NCCCN2CCN(c3ccccc3)CC2)c1,63.0,-1.7993405494535817,0,train,7.200659450546418,-1.8190349169390938,0.01969436748551212,0.01969436748551212
CCc1ccc(N2CCN(Cc3c[nH]c4ncccc34)CC2)cc1,411.0,-2.6138418218760693,0,train,6.386158178123931,-2.6335156531083084,0.019673831232239092,0.019673831232239092
COc1cc2ncnc(N3CCC(CN4CCN(c5ccc(Cl)c(Cl)c5)CC4)C3)c2cc1OC,355.0,-2.550228353055094,0,train,6.449771646944906,-2.5306913745589736,-0.01953697849612057,0.01953697849612057
Cc1ccc(-n2cc(CN3CCN(c4ccccc4)CC3)c3ccccc32)cc1,94.0,-1.9731278535996986,0,train,7.026872146400302,-1.9536813795165981,-0.019446474083100185,0.019446474083100185
O=C(CCCCN1Cc2ccccc2C1)c1nc2ccccc2s1,242.0,-2.383815365980431,0,train,6.616184634019569,-2.3644535833906444,-0.019361782589786714,0.019361782589786714
CCC(Oc1cc(F)ccc1F)c1nc(N)nc(N2CCN(C)CC2)n1,11530.0,-4.061829307294699,0,train,4.938170692705301,-4.081182602523543,0.01935329522884377,0.01935329522884377
CCC1(CCCCN2CCc3sccc3C2)C(=O)Nc2ccccc21,4.31,-0.6344772701607315,0,train,8.365522729839268,-0.653580954642845,0.019103684482113525,0.019103684482113525
NC(=O)[C@@H]1Cc2ccccc2CN1C(=O)CCCCCN1CCN(c2noc3ccccc23)CC1,22.0,-1.3424226808222062,1,train,7.657577319177793,-1.3233759370442684,-0.019046743777937802,0.019046743777937802
Clc1ccc(CCOc2ccc(Cl)cc2OC2CNC2)cc1,8.0,-0.9030899869919435,0,train,8.096910013008056,-0.9221233817428157,0.019033394750872068,0.019033394750872068
CCCCC(Oc1cc(Cl)ccc1Cl)c1nc(N)nc(N2CCN(C)CC2)n1,6263.0,-3.7967824117013076,0,train,5.203217588298692,-3.815797832244722,0.019015420543413875,0.019015420543413875
COc1ccccc1N1CCN(CCCCC(=O)NCc2ccccc2-c2ccc(F)cc2)CC1,35.0,-1.5440680443502757,1,train,7.455931955649724,-1.5629050277198373,0.018836983369561633,0.018836983369561633
Cc1ccccc1-c1cccc(OC2CNC2)c1,67.0,-1.8260748027008264,0,train,7.173925197299173,-1.8073024999655523,-0.018772302735274193,0.018772302735274193
c1ccc(-c2ccccc2C2CCNC2)cc1,120.01,-2.079217435746567,1,train,6.920782564253432,-2.0604858611127956,-0.01873157463377151,0.01873157463377151
CCN(CCN1CCC(c2noc3cc(F)ccc23)CC1)C(=O)C1CC(O)C1,4.2,-0.6232492903979004,0,train,8.3767507096021,-0.6419485072033779,0.01869921680547748,0.01869921680547748
Cc1nc2ccccc2c(=O)n1CCCCCN1CCN(c2cccc(Cl)c2)CC1,35.0,-1.5440680443502757,0,train,7.455931955649724,-1.5626866985288146,0.018618654178538918,0.018618654178538918
O=c1oc2ccccc2n1CCCCN1CCN(c2ccccc2)CC1,26.0,-1.414973347970818,1,train,7.585026652029182,-1.3964908433177925,-0.018482504653025478,0.018482504653025478
O=C1CC2CCc3ccsc3C2=NN1CCCCN1CCN(Cc2cccc3c2ccn3S(=O)(=O)c2ccccc2)CC1,2009.0,-3.3029799367482493,0,train,5.697020063251751,-3.2846741987640566,-0.01830573798419266,0.01830573798419266
NC(N)=NC(=O)c1ccc2c(c1)C(O)c1cccc(F)c1-2,29.0,-1.462397997898956,0,train,7.537602002101044,-1.4441492969494967,-0.018248700949459407,0.018248700949459407
O=C1CC2CCc3ccsc3C2=NN1CCCCCN1CCN(Cc2cccc3c2ccn3S(=O)(=O)c2ccccc2)CC1,1690.0,-3.2278867046136734,0,train,5.772113295386326,-3.2461141869579366,0.018227482344263635,0.018227482344263635
Cc1noc(COc2ccc(Cl)cc2OC2CNC2)n1,233.0,-2.367355921026019,1,train,6.632644078973981,-2.349149460253898,-0.01820646077212107,0.01820646077212107
FC(F)(F)c1ccc(-c2cn(Cc3ccccc3)c3c2CNCC3)cc1,167.0,-2.2227164711475833,1,train,6.777283528852417,-2.2407825026088926,0.018066031461308807,0.018066031461308807
CCC1(CCCCN2CCN(c3cccc(Cl)c3)CC2)C(=O)Nc2cc(F)c(Cl)cc21,9.085,-0.9583249316440532,1,train,8.041675068355946,-0.9403996644763488,-0.017925267167704373,0.017925267167704373
COc1c(OCCF)cccc1C(O)C1CCN(CCc2ccc(C)cc2)CC1,498.0,-2.6972293427597176,0,train,6.302770657240282,-2.714933166974804,0.017703824215086428,0.017703824215086428
O=C1[C@@H]2[C@H]3CC[C@H](C3)[C@@H]2C(=O)N1CCCCCCN1CCN(c2cccc(C(F)(F)F)c2)CC1,53.0,-1.724275869600789,0,train,7.275724130399211,-1.7419208924622263,0.01764502286143732,0.01764502286143732
COc1ccccc1N1CCN(CCCC(=O)NCc2ccccc2-c2ccccc2)CC1,65.0,-1.8129133566428555,0,train,7.187086643357144,-1.795410904504077,-0.017502452138778768,0.017502452138778768
COc1cccc2c1CC(Oc1ccc(Cl)cc1OC1CNC1)C2,17.0,-1.2304489213782739,0,train,7.769551078621726,-1.2131383819939432,-0.017310539384330914,0.017310539384330914
CCC1(CCCCN2CCN(c3ccc(Cl)c(Cl)c3)CC2)C(=O)Nc2ccccc21,0.615,0.21112488422458328,1,train,9.211124884224583,0.2283726188968918,-0.017247734672308612,0.017247734672308612
Fc1cccc(COc2ccc(Br)cc2OC2CN(C3CCC3)C2)c1,20.0,-1.3010299956639813,1,train,7.698970004336019,-1.283792669338631,-0.017237326325350244,0.017237326325350244
COc1ccccc1N1CCN(CCNS(=O)(=O)c2ccc(C)cc2)CC1,75.0,-1.8750612633917,0,train,7.1249387366083,-1.857884832910746,-0.017176430480954075,0.017176430480954075
CC1CCN(CC[C@@H]2CCCCN2S(=O)(=O)c2cccc3ccccc23)CC1,16.0,-1.2041199826559248,0,train,7.795880017344075,-1.1869464962504641,-0.01717348640546068,0.01717348640546068
CC(Nc1nc(N)nc(NCCc2ccccc2)n1)c1ccc(F)cc1,8.0,-0.9030899869919435,0,train,8.096910013008056,-0.885976492693796,-0.01711349429814768,0.01711349429814768
CC(C)c1ccccc1OCCN1CC2CC1CN2S(=O)(=O)c1cccc(Cl)c1,168.0,-2.225309281725863,0,train,6.774690718274137,-2.242408990349687,0.01709970862382404,0.01709970862382404
Clc1ccc(-c2noc3c2CCNCC3)cc1,70.0,-1.845098040014257,1,train,7.154901959985743,-1.8280087211140639,-0.01708931890019305,0.01708931890019305
CCC(Sc1cc(Cl)cc(Cl)c1)c1nc(N)nc(N2CCN(C)CC2)n1,6043.0,-3.7812525942484565,0,train,5.218747405751543,-3.7983315045936696,0.017078910345212694,0.017078910345212694
CCNC(C)Cc1cccc(C(F)(F)F)c1,1000.0,-3.0,0,train,6.0,-2.983073912457538,-0.016926087542461943,0.016926087542461943
COc1ccccc1N1CCN(CCCCn2c(=O)oc3ccccc32)CC1,10.0,-1.0,1,train,8.0,-1.0168400671629991,0.01684006716299913,0.01684006716299913
CCCOc1nc2c(c(=O)n(C)c(=O)n2C)n1CCCCN1CCN(c2cccc(Cl)c2)CC1,125.0,-2.0969100130080562,0,train,6.903089986991944,-2.113690128203803,0.016780115195747403,0.016780115195747403
O=C([C@@H]1Cc2ccccc2CN1C(=O)CCCCCN1CCN(c2ccccc2-c2ccccc2)CC1)N1CCCCC1,9.0,-0.9542425094393249,0,train,8.045757490560675,-0.9708028330092761,0.016560323569951296,0.016560323569951296
O=S(=O)(NCCCN1CCc2ccccc2C1)c1ccc2ccccc2c1,80.0,-1.9030899869919435,1,train,7.096910013008056,-1.9194693807591237,0.016379393767180117,0.016379393767180117
COc1ccccc1-c1cc(CN2CCC(C)CC2)cc2c1OCO2,691.0,-2.8394780473741985,0,train,6.1605219526258015,-2.855814579445657,0.016336532071458354,0.016336532071458354
O=S(=O)(NCCCCN1CC=C(c2c[nH]c3ccc(Cl)cc23)CC1)c1ccc(Cl)cc1,90.0,-1.954242509439325,1,train,7.045757490560675,-1.9379602175655064,-0.016282291873818577,0.016282291873818577
CCCN(CCC)[C@H]1CCc2c(cccc2-c2c(OC)cccc2OC)C1,7.9,-0.8976270912904415,0,train,8.102372908709558,-0.8817413281448486,-0.01588576314559287,0.01588576314559287
O=c1oc2ccccc2n1C1CCN(CC[C@H]2CCCN2S(=O)(=O)c2ccc3cc[nH]c3c2)CC1,1.8,-0.25527250510330607,0,train,8.744727494896694,-0.27109004596775177,0.015817540864445756,0.015817540864445756
CN(C1CCN(CCOc2ccccc2C(C)(C)C)CC1)S(=O)(=O)c1cccc(F)c1,68.0,-1.8325089127062364,0,train,7.167491087293763,-1.8481664347064841,0.015657522000247726,0.015657522000247726
Cc1sc2ncn(CCCCCN3CCN(c4ccccc4)CC3)c(=O)c2c1C,143.0,-2.155336037465062,1,train,6.844663962534938,-2.139918475872204,-0.015417561592857787,0.015417561592857787
FC1(F)Oc2ccc(COc3ccc(Cl)cc3OC3CNC3)cc2O1,38.0,-1.5797835966168101,0,train,7.42021640338319,-1.564417061582546,-0.015366535034263995,0.015366535034263995
Fc1ccccc1N1CCN(Cc2c[nH]c3ncccc23)CC1,213.0,-2.3283796034387376,0,train,6.671620396561263,-2.313049441346142,-0.015330162092595412,0.015330162092595412
Clc1ccc(Oc2ccccc2)c(OC2CCNCC2)c1,130.0,-2.113943352306837,1,train,6.886056647693163,-2.098651378830909,-0.015291973475927811,0.015291973475927811
COc1ccc(C2(C)NC(=O)N(CC(O)CN3CCN(C(c4ccccc4)c4ccccc4)CC3)C2=O)cc1,94.0,-1.9731278535996986,0,train,7.026872146400302,-1.9578397669537992,-0.01528808664589909,0.01528808664589909
O=C1c2ccccc2CCCN1CCN1CCC(Oc2ccc(Cl)cc2)CC1,12.0,-1.0791812460476249,0,train,7.920818753952375,-1.0944457466749855,0.015264500627360622,0.015264500627360622
CCC(C)c1ccc(NC(=O)CCCCN2CCN(c3ccccc3OC)CC2)cc1,323.0,-2.509202522331103,0,train,6.490797477668897,-2.5243589495558627,0.015156427224759739,0.015156427224759739
CC([Se]Cc1ccccc1)c1nc(N)nc(N2CCN(C)CC2)n1,6993.0,-3.8446635282402393,0,train,5.15533647175976,-3.8296354688223637,-0.01502805941787555,0.01502805941787555
CCN(CCN1CCC(C2NOc3cc(F)ccc32)CC1)C(=O)C(O)CN,7.6,-0.8808135922807914,0,train,8.119186407719209,-0.8956613724993195,0.014847780218528173,0.014847780218528173
COc1ccc(-c2cc(F)ccc2N2CCN(CCCCCC(=O)NCc3ccc(C#N)cc3)CC2)cc1,26.0,-1.414973347970818,0,train,7.585026652029182,-1.4001657952890547,-0.014807552681763259,0.014807552681763259
O=c1c(-c2ccccc2)c2ccccn2c(=O)n1CCCCN1CCCC(c2c[nH]c3ccccc23)C1,1115.0,-3.0472748673841794,0,train,5.952725132615821,-3.062080295573413,0.014805428189233805,0.014805428189233805
Clc1ccc(OCc2ccccc2)c(OC2CCCNC2)c1,174.0,-2.2405492482826,1,train,6.7594507517174005,-2.255343267435071,0.014794019152470916,0.014794019152470916
N#Cc1ccc(CNC(=O)CCCCCN2CCN(c3ccc(F)cc3-c3ccc(C#N)cc3)CC2)cc1,27.0,-1.4313637641589874,0,train,7.568636235841012,-1.4167133593387582,-0.014650404820229168,0.014650404820229168
Clc1cccc(-c2n[nH]cc2N2CCNCC2)c1,19.0,-1.2787536009528289,1,train,7.721246399047171,-1.2641096288268647,-0.014643972125964133,0.014643972125964133
O=C(c1ccc(Cl)c(Cl)c1)c1ccc(Br)cc1OC1CNC1,51.0,-1.7075701760979363,0,train,7.292429823902063,-1.7222033289382233,0.014633152840286767,0.014633152840286767
O=C1Nc2ccc(Br)c3c2C1(CCCCN1CC=C(c2ccccc2)CC1)CCC3,12.0,-1.0791812460476249,0,train,7.920818753952375,-1.0647153780464815,-0.014465868001143356,0.014465868001143356
COCOc1ccc(CNC(=O)CCCCCN2CCN(c3ccccc3-c3ccc(OC)cc3)CC2)cc1,6.5,-0.8129133566428556,0,train,8.187086643357144,-0.8273001117564819,0.014386755113626304,0.014386755113626304
O=S(=O)(c1cncc2ccccc12)N1CCCCC[C@H]1CCN1CCN(c2cccc3sccc23)CC1,24.0,-1.380211241711606,0,train,7.619788758288394,-1.3658345607021183,-0.014376681009487635,0.014376681009487635
CC(C)c1ccccc1N1CCN(CCCCCCC(=O)N2Cc3ccccc3C[C@H]2C(N)=O)CC1,43.0,-1.6334684555795864,0,train,7.366531544420414,-1.6193119772713174,-0.01415647830826905,0.01415647830826905
COc1cc(Cl)ccc1N1CCN(CCCCCC(=O)NC2CCCc3ccccc32)CC1,122.0,-2.0863598306747484,1,train,6.913640169325252,-2.1003997843252673,0.01403995365051891,0.01403995365051891
Cc1sc2ncn(CCCCCN3CCN(c4cccc(Cl)c4)CC3)c(=O)c2c1C,89.0,-1.9493900066449128,0,train,7.050609993355087,-1.9634093031755215,0.014019296530608738,0.014019296530608738
CN1C(=O)C2(CCCCN3CCc4sccc4C3)CCCc3cccc1c32,9.7,-0.9867717342662449,0,train,8.013228265733755,-1.0007505568834159,0.013978822617171094,0.013978822617171094
c1ccc(-c2n[nH]c3c2CCNCC3)cc1,322.0,-2.507855871695831,1,train,6.492144128304169,-2.5218123195719646,0.013956447876133815,0.013956447876133815
O=S(=O)(NCCCCN1CCc2ccccc2C1)c1ccc2ncccc2c1,224.0,-2.3502480183341627,1,train,6.649751981665837,-2.3363840001683447,-0.01386401816581806,0.01386401816581806
O=C(c1ccc(Cl)cc1)c1ccc(Br)cc1OC1CNC1,48.0,-1.6812412373755872,0,train,7.318758762624412,-1.695042304726761,0.013801067351173923,0.013801067351173923
O=C(CCCCCN1CCN(c2cccnc2-c2ccncc2)CC1)NCc1ccc(F)nc1,67.0,-1.8260748027008264,0,train,7.173925197299173,-1.8396645389149935,0.013589736214167036,0.013589736214167036
COc1cc2c3c(c1OCC1CC1)-c1cc(N)ccc1CC3N(C)CC2,104.0,-2.0170333392987803,0,train,6.982966660701219,-2.0034837629179436,-0.013549576380836648,0.013549576380836648
O=C(NC1CCN(CCOc2cccc(Cl)c2Cl)C1)c1ccc2c(c1)OCCO2,161.0,-2.2068258760318495,0,train,6.79317412396815,-2.220341984502758,0.013516108470908783,0.013516108470908783
O=S(=O)(NCCCN1CCC(c2noc3cc(F)ccc23)CC1)c1ccc2ccccc2c1,0.8,0.09691001300805639,1,train,9.096910013008056,0.08348390101039818,0.013426111997658113,0.013426111997658113
COc1ccc(-c2ccccc2N2CCN(C[C@@H](O)COc3ccc4c(c3)NC(=O)C(C)O4)CC2)cc1,20.0,-1.3010299956639813,0,train,7.698970004336019,-1.3143744300990576,0.01334443443507638,0.01334443443507638
CN(C)CCSc1nc(C(C)(C)C)cs1,22.0,-1.3424226808222062,0,train,7.657577319177793,-1.355672221611735,0.01324954078952878,0.01324954078952878
Cn1cc(S(=O)(=O)NC2CC3CCC(C2)N3CCOc2cccc(-c3ccccc3)c2)cn1,50.0,-1.6989700043360187,0,train,7.301029995663981,-1.7120871174783472,0.01311711314232844,0.01311711314232844
CCCCCCOc1nsnc1C1=CCCN(C)C1,125.89,-2.0999912335446846,0,train,6.900008766455315,-2.0869225696271023,-0.013068663917582324,0.013068663917582324
O=S(=O)(c1ccccc1)C1(CCN2CCC(c3ccccc3)C2)CCC1,53.0,-1.724275869600789,0,train,7.275724130399211,-1.711233018895222,-0.013042850705566877,0.013042850705566877
CCN1CCC(Oc2cc(Br)ccc2Oc2cccc(Br)c2)C1,25.0,-1.3979400086720377,0,train,7.6020599913279625,-1.410977443458255,0.013037434786217439,0.013037434786217439
N#Cc1ccc(CNC(=O)CCOCCN2CCN(c3ncccc3-c3ccccc3)CC2)cc1,76.0,-1.8808135922807914,1,train,7.119186407719209,-1.8937648044418902,0.012951212161098624,0.012951212161098624
O=C1CC2Cc3ccsc3C2=NN1CCCCN1CCN(Cc2cccc3c2ccn3S(=O)(=O)c2ccccc2)CC1,2018.0,-3.3049211619008916,0,train,5.695078838099109,-3.292064587883017,-0.01285657401787521,0.01285657401787521
CC(C)C1CCN(CCCCN2C(=O)c3cccc4cccc2c34)CC1,200.0,-2.3010299956639813,0,train,6.698970004336019,-2.288200679966587,-0.012829315697394428,0.012829315697394428
COc1cccc(N2CCN(CCCCCN3C(=O)N(Cc4ccccc4)C(=O)C3(C)C)CC2)c1,122.0,-2.0863598306747484,0,train,6.913640169325252,-2.073547370794356,-0.012812459880392257,0.012812459880392257
COc1ccccc1N1CCN(Cc2cn(-c3ccccn3)c3ccccc23)CC1,62.0,-1.792391689498254,0,train,7.207608310501746,-1.8051616933240207,0.012770003825766763,0.012770003825766763
O=C1c2ccccc2C(=O)N1CCCCN1CC=C(c2c[nH]c3ccc(F)cc23)CC1,100.0,-2.0,0,train,7.0,-1.9873367744386417,-0.012663225561358349,0.012663225561358349
O=C1Nc2ccccc2C12CCN(CCN1CCN(c3cccc(Cl)c3)CC1)C2,55.0,-1.7403626894942439,0,train,7.259637310505756,-1.7278029459027928,-0.012559743591451289,0.012559743591451289
CN1CCN(c2nc(N)nc(COc3cccc(Cl)c3)n2)CC1,5818.0,-3.7647737169110402,0,train,5.235226283088959,-3.7773215686598975,0.012547851748857752,0.012547851748857752
NC(=O)NCCCCCCN1CCN(c2cccc(Cl)c2)CC1,183.0,-2.2624510897304293,0,train,6.73754891026957,-2.2748545532524687,0.01240346352203936,0.01240346352203936
c1ccc2c(c1)CCN(CCCc1nc3ccccc3[nH]1)C2,91.0,-1.9590413923210936,0,train,7.040958607678906,-1.946862207819227,-0.012179184501866613,0.012179184501866613
CCc1ccc2ccn(CCN3CCCN(C)CC3)c2c1,166.0,-2.220108088040055,0,train,6.779891911959945,-2.2079877442560867,-0.012120343783968313,0.012120343783968313
CCCC(Sc1cc(Cl)ccc1Cl)c1nc(N)nc(N2CCN(C)CC2)n1,6206.0,-3.792811771248147,0,train,5.207188228751853,-3.7807009729042678,-0.012110798343879292,0.012110798343879292
CCN(CCN1CCC(c2noc3ccccc23)CC1)C(=O)C(C)O,7.7,-0.8864907251724818,1,train,8.113509274827518,-0.8745999893385437,-0.011890735833938182,0.011890735833938182
CCC1(CCCCN2CCN(c3ccc(F)c(Cl)c3)CC2)C(=O)Nc2ccccc21,0.6,0.2218487496163564,1,train,9.221848749616356,0.2336426609967094,-0.011793911380353017,0.011793911380353017
Cc1c(NC2=NCCN2)cccc1-c1cccc(F)c1,28.0,-1.4471580313422192,0,train,7.552841968657781,-1.4588712675117856,0.011713236169566432,0.011713236169566432
CN1CCN(c2nc(N)nc(COc3ccc(Cl)cc3Cl)n2)CC1,3804.0,-3.5802405082653763,0,train,5.419759491734624,-3.5687131429465855,-0.011527365318790839,0.011527365318790839
CCN(CCN1CCC(c2noc3ccc(C)cc23)CC1)C(=O)[C@H](C)O,14.6,-1.1643528557844371,0,train,7.835647144215563,-1.1758523117940514,0.011499456009614217,0.011499456009614217
OC(c1ccc(F)cc1)C1CCN(CCc2ccccc2I)CC1,101.0,-2.0043213737826426,1,train,6.995678626217357,-1.9929059081031246,-0.011415465679517567,0.011415465679517567
CCC(Oc1cccc(Cl)c1Cl)c1nc(N)nc(N2CCNCC2)n1,4508.0,-3.653983907374069,0,train,5.346016092625931,-3.665288870482519,0.011304963108449861,0.011304963108449861
Oc1ccccc1N1CCN(Cc2cn(-c3cccc4ccccc34)c3ccccc23)CC1,20.0,-1.3010299956639813,0,train,7.698970004336019,-1.2897535917001284,-0.011276403963852877,0.011276403963852877
CCc1[nH]c2ccc(OC)cc2c1CCN(C)C,300.0,-2.4771212547196626,0,train,6.522878745280337,-2.4883939288880974,0.011272674168434804,0.011272674168434804
COc1cccc(CC2NCCc3c2[nH]c2ccc(OC)cc32)c1,45.0,-1.6532125137753437,1,train,7.346787486224656,-1.6643262215434955,0.011113707768152015,0.011113707768152015
C#CCOc1c(OC)cc2c3c1-c1cc(NC(N)=O)ccc1CC3N(C)CC2,123.0,-2.089905111439398,0,train,6.910094888560602,-2.101011812738438,0.011106701299040012,0.011106701299040012
COc1ccc2c(c1)C(NC(=O)CCCCCN1CCN(c3ccccc3OC)CC1)CCC2,41.0,-1.6127838567197355,0,train,7.3872161432802645,-1.6018955319872887,-0.010888324732446941,0.010888324732446941
COc1ccccc1N1CCN(CCCCCCN2C(=O)c3ccccc3S2(=O)=O)CC1,105.0,-2.0211892990699383,0,train,6.978810700930062,-2.031981752763653,0.01079245369371451,0.01079245369371451
NC(=O)[C@@H]1CCCN1C(=O)CCCCCN1CCN(c2cccc(Cl)c2Cl)CC1,179.0,-2.2528530309798933,0,train,6.747146969020107,-2.2632975056064297,0.010444474626536415,0.010444474626536415
CN1CCc2ccc3ncc4cccc5c4c3c2[C@H]1C5,81.0,-1.9084850188786497,1,train,7.0915149811213505,-1.898080629525767,-0.01040438935288246,0.01040438935288246
Nc1nc(N)nc(NCCCCCCN2CCN(c3ccccc3)CC2)n1,984.0,-2.9929950984313414,0,train,6.007004901568658,-2.982598134098109,-0.01039696433323245,0.01039696433323245
COc1ccc(-c2ccccc2N2CCN(CCCCOc3ccc4c(C)cc(=O)oc4c3Cl)CC2)cc1,43.0,-1.6334684555795864,0,train,7.366531544420414,-1.6438503227417027,0.01038186716211631,0.01038186716211631
Cn1c(=O)c2c(ncn2CCCN2CCN(c3ccccc3)CC2)n(C)c1=O,1429.0,-3.1550322287909704,0,train,5.8449677712090296,-3.165350400445781,0.010318171654810637,0.010318171654810637
NS(=O)(=O)NCCCCCCN1CCN(c2cccc(Cl)c2)CC1,167.0,-2.2227164711475833,0,train,6.777283528852417,-2.212469812560202,-0.01024665858738194,0.01024665858738194
c1ccc(-c2cccc(N3CCNCC3)c2)nc1,80.0,-1.9030899869919435,0,train,7.096910013008056,-1.9132780198313137,0.010188032839370198,0.010188032839370198
O=S(=O)(NC1CCN(CCOc2cc(Br)ccc2I)CC1)c1ccccc1,93.0,-1.968482948553935,1,train,7.031517051446065,-1.9786291035652832,0.01014615501134819,0.01014615501134819
[11CH3]N1C(=O)C2(CCCCCN3CCc4sccc4C3)CCCc3cccc1c32,9.7,-0.9867717342662449,0,train,8.013228265733755,-0.9966388741393578,0.009867139873113051,0.009867139873113051
Cc1ccc2ccn(CCN3CCCN(C)CC3)c2c1,125.0,-2.0969100130080562,1,train,6.903089986991944,-2.106619288594155,0.009709275586099242,0.009709275586099242
O=S(=O)(NCCCN1CCN(c2noc3ccccc23)CC1)c1cccc2scnc12,41.0,-1.6127838567197355,1,train,7.3872161432802645,-1.6223621611652101,0.009578304445474473,0.009578304445474473
O=C1NN=C(c2ccccc2)NC1CCCCN1CCN(c2ccc(Cl)cc2)CC1,79.0,-1.8976270912904414,0,train,7.102372908709558,-1.88821841686304,-0.00940867442740112,0.00940867442740112
Clc1ccc(C(=[C][C][C]N2[C][C]c3ccccc3[C]2)c2ccc(Cl)cc2)cc1,499.0,-2.6981005456233897,0,train,6.30189945437661,-2.707474925293405,0.009374379670015198,0.009374379670015198
CC(C)c1ccccc1OCCN1CCC(NS(=O)(=O)c2cccs2)C1,29.0,-1.462397997898956,0,train,7.537602002101044,-1.4530688338200333,-0.009329164078922814,0.009329164078922814
O=S(=O)(NCCCCN1CCN(c2ccc(Cl)cc2)CC1)c1ccc2ncccc2c1,335.0,-2.525044807036845,1,train,6.474955192963154,-2.515742434070836,-0.00930237296600911,0.00930237296600911
O=C1c2ccccc2S(=O)(=O)N1CCCCCCN1CCN(c2cccc(C(F)(F)F)c2)CC1,58.0,-1.7634279935629373,0,train,7.236572006437063,-1.754245360778089,-0.0091826327848481,0.0091826327848481
COc1ccccc1N1CCN(CCCCCC(=O)NC2CCCc3cccc(OC)c32)CC1,31.4,-1.4969296480732148,0,train,7.503070351926786,-1.506083630822243,0.009153982749028122,0.009153982749028122
O=S(=O)(NC1CCN(CCOc2cccc(-c3ccccc3)c2)CC1)c1ccccc1,602.0,-2.7795964912578244,0,train,6.220403508742176,-2.788664617122766,0.009068125864941656,0.009068125864941656
O=S1(=O)c2cccc3cccc(c23)N1CCCCCCN1CCN(c2ccccc2F)CC1,203.0,-2.307496037913213,0,train,6.692503962086787,-2.298479311480117,-0.009016726433095812,0.009016726433095812
CCCCC([Se]c1ccccc1)c1nc(N)nc(N2CCN(C)CC2)n1,4177.0,-3.620864475265121,0,train,5.379135524734879,-3.611879804893806,-0.008984670371315229,0.008984670371315229
Cc1ccccc1N1CCN(CCCCn2cnc3c(cnc4ccccc43)c2=O)CC1,296.0,-2.4712917110589387,0,train,6.528708288941061,-2.462418199607047,-0.008873511451891858,0.008873511451891858
CCC(Oc1cccc(Cl)c1Cl)c1nc(N)nc(N2CCN(C)CC2)n1,5202.0,-3.716170347859854,0,train,5.283829652140146,-3.7073456122286306,-0.008824735631223213,0.008824735631223213
CC(C)N(CCN1CCC(c2noc3cc(F)ccc23)CC1)C(=O)CCO,3.8,-0.5797835966168101,0,train,8.42021640338319,-0.5710698347067533,-0.008713761910056794,0.008713761910056794
O=S(=O)(c1cccc2cnccc12)N1CCC[C@H]1CCN1CCN(c2noc3ccccc23)CC1,10.0,-1.0,1,train,8.0,-0.9913470130912435,-0.008652986908756488,0.008652986908756488
CN(C)CCc1c[nH]c2cccc(O)c12,71.8,-1.8561244442423004,0,train,7.1438755557577,-1.8646398155073216,0.008515371265021221,0.008515371265021221
CN1CCCN(CCn2ccc3ccc(-c4ccsc4)cc32)CC1,109.0,-2.037426497940624,0,train,6.962573502059376,-2.0290006954969146,-0.008425802443709163,0.008425802443709163
Clc1ccc(-c2cn(Cc3cccc(Cl)c3)c3c2CNCC3)cc1,533.0,-2.7267272090265724,0,train,6.273272790973428,-2.718457189579404,-0.00827001944716832,0.00827001944716832
CC(Sc1ccccc1Cl)c1nc(N)nc(N2CCN(C)CC2)n1,4570.0,-3.6599162000698504,1,train,5.34008379993015,-3.6517011822086793,-0.008215017861170182,0.008215017861170182
COc1cc(CC(C)N)c(OC)cc1C,1591.0,-3.2016701796465816,0,train,5.798329820353418,-3.193499289743316,-0.008170889903265532,0.008170889903265532
COc1c(OCCF)cccc1C(=O)C1CCN(CCc2ccc(C)cc2)CC1,731.0,-2.8639173769578603,0,train,6.13608262304214,-2.8718384352389243,0.007921058281064042,0.007921058281064042
COc1ccccc1N1CCN(CCCCCC(=O)Nc2ccc(C(C)C)cc2)CC1,434.0,-2.637489729512511,0,train,6.362510270487489,-2.6452221205273814,0.007732391014870554,0.007732391014870554
CCCOc1nc2c(c(=O)n(C)c(=O)n2C)n1CCCN1CCN(c2ccccc2OC)CC1,328.0,-2.515873843711679,0,train,6.484126156288321,-2.5081502612112003,-0.007723582500478887,0.007723582500478887
CN1CCCN(CCn2ccc3ccc([N+](=O)[O-])cc32)CC1,139.0,-2.143014800254095,0,train,6.856985199745905,-2.1353037652846227,-0.00771103496947223,0.00771103496947223
CCC([Se]c1ccccc1)c1nc(N)nc(N2CCN(C)CC2)n1,4393.0,-3.6427612032653203,0,train,5.35723879673468,-3.650299143844569,0.00753794057924928,0.00753794057924928
CCOC(=O)c1cccc(NC2=NC(N)=NC3(CCCCC3)N2)c1,472.0,-2.673941998634088,0,train,6.326058001365912,-2.68143449924803,0.00749250061394191,0.00749250061394191
COc1ccc2c(c1)c(C1=CCNCC1)cn2S(=O)(=O)c1ccc2cccnc2c1,6248.0,-3.7957410208692437,0,train,5.204258979130756,-3.788363384733976,-0.007377636135267984,0.007377636135267984
Cc1ccc(-c2ccc(Cl)cc2OC2CNC2)cc1C,209.99,-2.3221986135518917,0,train,6.677801386448108,-2.315089734049808,-0.007108879502084164,0.007108879502084164
NC(=O)c1ccccc1N1CCN(CCCCC23CCCc4cccc(c42)NC3=O)CC1,17.0,-1.2304489213782739,0,train,7.769551078621726,-1.2234463730321743,-0.007002548346099813,0.007002548346099813
Fc1ccc(CCCCN2C3CCC2CN(c2ccc(Cl)cn2)C3)cc1,339.0,-2.530199698203082,0,train,6.4698003017969175,-2.5234455245104463,-0.0067541736926357565,0.0067541736926357565
O=S(=O)(NCCN1CC=C(c2c[nH]c3ccc(Cl)cc23)CC1)c1cccc2ccccc12,29.0,-1.462397997898956,1,train,7.537602002101044,-1.4690687769783113,0.006670779079355205,0.006670779079355205
CC(C)CN1CCCN(CCn2ccc3ccc(Br)cc32)CC1,37.0,-1.568201724066995,0,train,7.431798275933005,-1.5748309112226577,0.006629187155662741,0.006629187155662741
O=C([C@@H]1Cc2ccccc2CN1C(=O)CCCCN1CCN(c2ccccc2-c2ccccc2)CC1)N1CCCCC1,10.0,-1.0,0,train,8.0,-0.9934243964400441,-0.0065756035599559,0.0065756035599559
Clc1ccc(OCc2cccnc2)c(OC2CNC2)c1,110.0,-2.041392685158225,1,train,6.958607314841775,-2.034845356546173,-0.006547328612052095,0.006547328612052095
Nc1nc(NCCOc2cccc(Cl)c2Cl)nc(NCCc2c[nH]c3ccccc23)n1,474.0,-2.6757783416740852,0,train,6.324221658325914,-2.682220991163525,0.006442649489440289,0.006442649489440289
CC1(c2ccc(F)cc2)NC(=O)N(CC(O)CN2CCN(c3ccccc3Cl)CC2)C1=O,47.0,-1.6720978579357175,1,train,7.327902142064282,-1.6784762610515744,0.006378403115856912,0.006378403115856912
COc1ccccc1N1CCN(CCCCC(=O)Nc2cccc(C(C)C)c2)CC1,151.0,-2.1789769472931693,0,train,6.821023052706831,-2.1726537468357474,-0.0063232004574218514,0.0063232004574218514
NC(=O)[C@@H]1Cc2ccccc2CN1C(=O)CCCCCCN1CCN(c2ccccc2-c2ccccc2)CC1,11.0,-1.0413926851582251,0,train,7.958607314841775,-1.0476593939925498,0.006266708834324675,0.006266708834324675
COc1ccccc1-c1cc(CN(C)C)ccc1Cl,20.0,-1.3010299956639813,1,train,7.698970004336019,-1.2947926588001761,-0.006237336863805121,0.006237336863805121
COc1ccc(-n2c(=O)n(CCN3CCN(c4ccccc4)CC3)c3ccccc32)cc1,566.0,-2.7528164311882715,0,train,6.247183568811728,-2.758963211442735,0.006146780254463469,0.006146780254463469
COc1ccccc1N1CCN(CCCCCn2c(=O)sc3ccccc32)CC1,5.2,-0.7160033436347992,1,train,8.2839966563652,-0.7101532324999994,-0.005850111134799829,0.005850111134799829
Clc1ccc(OCc2nc(C3CCC3)no2)c(OC2CNC2)c1,252.0,-2.401400540781544,1,train,6.598599459218455,-2.3956853088194867,-0.0057152319620574765,0.0057152319620574765
NC(=O)c1ccccc1NC(=O)CCCCN1CCN(c2cccc(Cl)c2)CC1,168.0,-2.225309281725863,0,train,6.774690718274137,-2.2197297458728236,-0.005579535853039275,0.005579535853039275
O=c1c(-c2ccccc2)c2n(c(=O)n1CCCCN1CCCC(c3c[nH]c4ccccc34)C1)CCCC2,1092.0,-3.0382226383687185,0,train,5.961777361631281,-3.0437680818172645,0.005545443448546017,0.005545443448546017
CCC([Se]c1ccc2ccccc2c1)c1nc(N)nc(N2CCN(C)CC2)n1,5109.0,-3.7083359026822635,0,train,5.291664097317737,-3.7138561081978168,0.005520205515552767,0.005520205515552767
CCCc1ccc(OCC(O)CN2CCN(c3cccc(Cl)c3)CC2)cc1,360.0,-2.5563025007672873,0,train,6.443697499232712,-2.5618191671614805,0.005516666394192793,0.005516666394192793
COc1ccc2c(c1)c(-c1[nH]c(NCc3ccccc3)nc1C)cn2S(=O)(=O)c1ccccc1,2455.0,-3.3900514964589874,0,train,5.609948503541013,-3.384628437341163,-0.005423059117824369,0.005423059117824369
O=c1[nH]c2cccc(N3CCN(Cc4ccc5ccccc5n4)CC3)c2[nH]1,417.0,-2.6201360549737576,0,train,6.379863945026242,-2.614963739530255,-0.005172315443502384,0.005172315443502384
COc1ccccc1N1CCN(Cc2ccc3oc4ccccc4c(=O)c3c2)CC1,426.0,-2.629409599102719,0,train,6.370590400897282,-2.624378746544653,-0.005030852558066012,0.005030852558066012
COc1ccccc1N1CCN(CCCCC(=O)c2ccccc2)CC1,43.5,-1.6384892569546374,1,train,7.361510743045363,-1.6434804007066983,0.004991143752060889,0.004991143752060889
CCC(Sc1cc(Cl)ccc1Cl)c1nc(N)nc(N2CCN(C)CC2)n1,5142.0,-3.711132072306842,1,train,5.288867927693158,-3.70617789584732,-0.004954176459521786,0.004954176459521786
CC1(C)C(=O)N(Cc2ccc(F)cc2)C(=O)N1CCCCCN1CCN(c2ccc(F)cc2F)CC1,123.0,-2.089905111439398,0,train,6.910094888560602,-2.085075200863247,-0.004829910576150898,0.004829910576150898
O=S(=O)(NC1CCN(CCOc2ccccc2)CC1)c1ccc(Cl)cc1,1154.0,-3.0622058088197126,1,train,5.937794191180288,-3.057708828836352,-0.004496979983360738,0.004496979983360738
CCN(CCN1CCC(c2noc3ccc(C)cc23)CC1)S(=O)(=O)CCO,13.6,-1.1335389083702174,0,train,7.866461091629782,-1.1292467564215185,-0.004292151948698919,0.004292151948698919
Clc1ccccc1-c1cccc(OC2CNC2)c1,34.64,-1.539577883345309,0,train,7.460422116654691,-1.5353599308758927,-0.004217952469416364,0.004217952469416364
COc1ccccc1N1CCN(CCCCC(=O)Nc2ccccc2O)CC1,300.0,-2.4771212547196626,1,train,6.522878745280337,-2.481176074539368,0.0040548198197054575,0.0040548198197054575
O=C1CC2Cc3ccsc3C2=NN1CCCCCN1CCN(Cc2cccc3c2ccn3S(=O)(=O)c2ccccc2)CC1,1802.0,-3.255754786643044,0,train,5.744245213356956,-3.2597603104827733,0.004005523839729186,0.004005523839729186
CSc1ccccc1N1CCN(CCCCCC(=O)N2Cc3ccccc3C2)CC1,42.0,-1.6232492903979006,1,train,7.376750709602099,-1.627139502700891,0.00389021230299047,0.00389021230299047
O=C1c2cccc3cccc(c23)N1CCCCCCN1CCN(c2ccccc2F)CC1,420.0,-2.6232492903979003,1,train,6.376750709602099,-2.619392346381048,-0.003856944016852548,0.003856944016852548
NC(=O)[C@@H]1CCCN1C(=O)CCCCCCN1CCN(c2ccccc2-c2ccccc2)CC1,18.0,-1.255272505103306,0,train,7.7447274948966935,-1.2516064898778694,-0.0036660152254366363,0.0036660152254366363
CN(C1CCN(CCOc2ccccc2C(C)(C)C)CC1)S(=O)(=O)c1ccc(F)cc1,58.0,-1.7634279935629373,0,train,7.236572006437063,-1.7598016600673074,-0.0036263334956296855,0.0036263334956296855
C[C@H](Nc1cc(NCCc2ccc(F)cc2)ccn1)c1ccccc1,4.0,-0.6020599913279624,1,train,8.397940008672037,-0.5984723153841724,-0.0035876759437899475,0.0035876759437899475
CN(C)CCSc1nc2ccccc2s1,84.0,-1.9242792860618816,0,train,7.075720713938118,-1.920697170837997,-0.00358211522388463,0.00358211522388463
FC(F)(F)Oc1ccc(COc2ccc(Cl)cc2OC2CNC2)cc1,35.0,-1.5440680443502757,0,train,7.455931955649724,-1.540637403672222,-0.0034306406780537646,0.0034306406780537646
CCOc1ccccc1N1CCN(CCCCCCN2C(=O)c3cccc4cccc2c34)CC1,84.0,-1.9242792860618816,0,train,7.075720713938118,-1.9208740714772161,-0.0034052145846654724,0.0034052145846654724
O=S(=O)(NCCCCCN1CCN(c2ccc(Cl)cc2)CC1)c1cnc2ccccc2c1,334.0,-2.5237464668115646,1,train,6.476253533188435,-2.5271449679639444,0.003398501152379385,0.003398501152379385
CCc1nc2c(N3CCNCC3)nccc2n1S(=O)(=O)c1cccc(Cl)c1,3763.0,-3.575534218319864,0,train,5.424465781680135,-3.5722471290279265,-0.0032870892919376615,0.0032870892919376615
CN1CCc2ccc(OCC(O)CN3CCC(c4noc5cc(F)ccc45)CC3)cc2C1=O,10.2,-1.0086001717619175,0,train,7.991399828238082,-1.0117564107724308,0.0031562390105133176,0.0031562390105133176
O=C(NCCCCCCn1nc2ccccn2c1=O)N1CCN(c2cccc(Cl)c2)CC1,462.0,-2.6646419755561257,0,train,6.335358024443874,-2.661599842836052,-0.003042132720073809,0.003042132720073809
Clc1cccc(-c2noc3c2CCNCC3)c1,369.0,-2.56702636615906,1,train,6.432973633840939,-2.5640378788471194,-0.0029884873119407906,0.0029884873119407906
CC(C)c1ccccc1N1CCN(CCCCCCC(=O)N2CCC[C@H]2C(=O)N2CCCCC2)CC1,77.0,-1.8864907251724818,0,train,7.113509274827518,-1.8894612964357247,0.0029705712632430714,0.0029705712632430714
Cc1nc2ccccc2c(=O)n1CCCCCN1CCN(c2ccccc2)CC1,54.0,-1.7323937598229686,0,train,7.267606240177031,-1.7295558826916955,-0.0028378771312731477,0.0028378771312731477
FC(F)(F)c1ccc(N2CCN(Cc3c[nH]c4ncccc34)CC2)cc1,318.0,-2.5024271199844326,0,train,6.497572880015568,-2.49962591499268,-0.002801204991753181,0.002801204991753181
CCN1CCc2ccc(OCCCN3CCC(c4noc5cc(F)ccc45)CC3)cc2C1=O,12.7,-1.1038037209559568,0,train,7.896196279044043,-1.1065891612980214,0.0027854403420646268,0.0027854403420646268
O=S(=O)(NCCCCN1CCN(c2nsc3ccccc23)CC1)c1cc2ccccc2s1,9.9,-0.9956351945975499,1,train,8.00436480540245,-0.9928513866967305,-0.002783807900819557,0.002783807900819557
Cc1ccc(C)c([Se]C(C)(C)c2nc(N)nc(N3CCN(C)CC3)n2)c1,2546.0,-3.4058583993176366,0,train,5.594141600682363,-3.408090528922733,0.0022321296050957784,0.0022321296050957784
Fc1ccc(N2CCN(CCCc3c[nH]c4ccc(F)cc34)CC2)c(-c2cccs2)c1,11.0,-1.0413926851582251,1,train,7.958607314841775,-1.0434897135891967,0.0020970284309715925,0.0020970284309715925
COc1ccccc1-c1cc(CN2CCN(c3ccccc3OC)CC2)ccc1OC,79.0,-1.8976270912904414,0,train,7.102372908709558,-1.8955405898769413,-0.002086501413499864,0.002086501413499864
O=C([C@@H]1CCCN1C(=O)CCCCCN1CCN(c2ccccc2-c2ccccc2)CC1)N1CCCCC1,16.0,-1.2041199826559248,0,train,7.795880017344075,-1.2061056574424187,0.0019856747864939184,0.0019856747864939184
O=S(=O)(NC1CCN(CCOc2cccc(I)c2)CC1)c1ccccc1,203.0,-2.307496037913213,1,train,6.692503962086787,-2.3092647741113486,0.0017687361981355565,0.0017687361981355565
O=C1NC2(CCc3ccccc32)C(=O)N1CCCCN1CCN(c2ccccc2)CC1,93.0,-1.968482948553935,1,train,7.031517051446065,-1.9668772189062103,-0.001605729647724763,0.001605729647724763
Clc1ccc(CCN2CCN(c3nsc4ccccc34)CC2)cc1Cl,12.0,-1.0791812460476249,1,train,7.920818753952375,-1.0807755239218506,0.0015942778742257246,0.0015942778742257246
COc1cccc(N2CCN(CCCCCCN3C(=O)c4cccc5cccc(c45)C3=O)CC2)c1,371.0,-2.569373909615046,1,train,6.430626090384954,-2.567868051318365,-0.0015058582966811507,0.0015058582966811507
COc1c(OCCF)cccc1C(=O)C1CCN(CCc2ccc(F)cc2)CC1,210.0,-2.322219294733919,0,train,6.6777807052660805,-2.3236989405441535,0.001479645810234409,0.001479645810234409
O=C(CCCN1CCCN(c2ccc(Cl)cn2)CC1)c1ccc(F)cc1,214.0,-2.330413773349191,0,train,6.669586226650809,-2.329171866892913,-0.0012419064562778637,0.0012419064562778637
O=C1c2ccc(F)cc2CC1CCN1CCCN(c2ccc(Cl)cn2)CC1,58.0,-1.7634279935629373,0,train,7.236572006437063,-1.7623218032085912,-0.0011061903543458929,0.0011061903543458929
COc1ccc(S(=O)(=O)n2cc(C)c3cc(Cl)cnc32)cc1NC1CCN(C)CC1,1956.0,-3.291368850451583,0,train,5.708631149548417,-3.290363205315683,-0.0010056451358999574,0.0010056451358999574
Cc1ccccc1N1CCN(CCCCC23CCCc4cccc(c42)NC3=O)CC1,10.0,-1.0,1,train,8.0,-0.9990107322180027,-0.0009892677819972606,0.0009892677819972606
OC(CNCC1COc2ccccc2O1)COc1ccccc1F,197.0,-2.294466226161593,0,train,6.7055337738384075,-2.2954400311822103,0.0009738050206173909,0.0009738050206173909
Brc1ccc(Oc2ccccc2)c(OC2CNC2)c1,20.0,-1.3010299956639813,1,train,7.698970004336019,-1.3001164886630416,-0.0009135070009396173,0.0009135070009396173
COc1ccccc1N1CCN(CCCNS(=O)(=O)c2ccc(C)cc2)CC1,52.0,-1.7160033436347992,0,train,7.2839966563652006,-1.7166784386254457,0.000675094990646441,0.000675094990646441
COc1ccccc1-c1noc2c1CCNCC2,303.0,-2.481442628502305,1,train,6.518557371497695,-2.480814415737595,-0.0006282127647097013,0.0006282127647097013
COc1ccccc1N1CCN(CCCCCC(=O)NCc2ccccc2-c2ccccc2)CC1,44.0,-1.6434526764861874,0,train,7.356547323513812,-1.6438985038143097,0.00044582732812226133,0.00044582732812226133
CCCCC(Oc1cc(Cl)cc(Cl)c1)c1nc(N)nc(N2CCN(C)CC2)n1,10880.0,-4.036628895362161,0,train,4.963371104637839,-4.0362964571515825,-0.0003324382105782675,0.0003324382105782675
OC(CNCC1COc2ccccc2O1)COCc1ccccc1Cl,265.0,-2.423245873936808,0,train,6.576754126063192,-2.4229520827547883,-0.0002937911820195538,0.0002937911820195538
Fc1cccc(CCOc2ccc(Cl)cc2OC2CNC2)c1,8.0,-0.9030899869919435,0,train,8.096910013008056,-0.9028027766695356,-0.0002872103224080824,0.0002872103224080824
CC(Oc1cccc(Cl)c1F)c1nc(N)nc(N2CCN(C)CC2)n1,9743.0,-3.988692702549817,0,train,5.011307297450183,-3.9884474983737044,-0.00024520417611251233,0.00024520417611251233
CCCCC(C)Oc1cc2c(cc1OC)-c1c(OC)c(OC)cc3c1[C@H](C2)N(C)CC3,38.0,-1.5797835966168101,0,train,7.42021640338319,-1.5796167646950716,-0.0001668319217382752,0.0001668319217382752
