smiles,exp_mean [nM],y,cliff_mol,split,y [pEC50/pKi],Predicted_y,Error,Abs_Error
CN(C)CC[C@H](CSc1ccccc1)Nc1ccc(S(=O)(=O)Nc2ccc(N3CCNCC3)cc2)cc1[N+](=O)[O-],138000.0,-5.139879086401237,0,test,3.860120913598763,-1.3204306287672671,-3.81944845763397,3.81944845763397
O=C(Nc1nc2ccccc2s1)c1cccc2c1CN(c1nc(C(=O)O)c(CCCCOc3ccc(-n4ncc5cncnc54)cc3)s1)CC2,0.14,0.8538719643217619,1,test,9.853871964321762,-2.19127576135744,3.0451477256792017,3.0451477256792017
CN1[C@@H]2CC[C@H]1CC(Nc1ccccc1CN1CCN(c3ccc(C(=O)NS(=O)(=O)c4ccc(NCC5CCOCC5)c([N+](=O)[O-])c4)c(Oc4ccccc4)c3)CC1)C2,79.276,-1.8991417289929486,0,test,7.100858271007051,0.7755033497297452,-2.674645078722694,2.674645078722694
CN1CCC(Nc2ccc(S(=O)(=O)NC(=O)c3ccc(N4CCN(CC5=C(c6ccc(Cl)cc6)CC(C)(C)CC5)CC4)cc3Oc3ccc4[nH]ccc4c3)cc2S(=O)(=O)C(F)(F)Cl)CC1,0.02,1.6989700043360187,1,test,10.698970004336019,-0.9407163402527883,2.639686344588807,2.639686344588807
CC1(C)CCC(CN2CCN(c3ccc(C(=O)NS(=O)(=O)c4cc(F)c(NCC5CCOCC5)cc4Cl)c(Oc4ccc5[nH]ccc5c4)c3)CC2)=C(c2ccc(Cl)cc2)C1,255.95,-2.408155133886264,1,test,6.591844866113735,0.19270034745779324,-2.600855481344057,2.600855481344057
CC1(C)CCC(CN2CCN(c3ccc(C(=O)NS(=O)(=O)c4ccc5nc[nH]c(=O)c5c4)c(Oc4cnc5[nH]ccc5c4)c3)CC2)=C(c2ccc(Cl)cc2)C1,3.96,-0.5976951859255123,0,test,8.402304814074487,1.4299207100464408,-2.027615895971953,2.027615895971953
CC1(C)CCC(CN2CCN(c3ccc(C(=O)NS(=O)(=O)c4cnc(OCC5(F)CCN(CC(F)F)CC5)c(Cl)c4)c(Oc4cnc(N)c(Cl)c4)c3)CC2)=C(c2ccc(Cl)cc2)C1,2.136,-0.32960124835651883,1,test,8.67039875164348,1.4567034678937367,-1.7863047162502554,1.7863047162502554
CN(C)CCCNc1ccc(S(=O)(=O)NC(=O)c2ccc(N3CCN(CC4=C(c5ccc(Cl)cc5)CC(C)(C)CC4)CC3)cc2Oc2ccc3c(ccn3C(=O)OC(C)(C)C)c2)cc1[N+](=O)[O-],36.946,-1.5675674258982877,0,test,7.432432574101712,0.13106706193845227,-1.6986344878367399,1.6986344878367399
CC1(C)CCC(CN2CCN(c3ccc(C(=O)NS(=O)(=O)c4ccc(NCC5CCOCC5)c([N+](=O)[O-])c4)c(Oc4ccc5[nH]cc(CCN)c5c4)c3)CC2)=C(c2ccc(Cl)cc2)C1,51.687,-1.7133813257204913,1,test,7.2866186742795085,-0.09088061127617968,-1.6225007144443115,1.6225007144443115
O=C(NS(=O)(=O)c1ccc(NC2CCN(S(=O)(=O)c3cccc4cccnc34)CC2)c([N+](=O)[O-])c1)c1ccc(N2CCN(Cc3ccccc3-c3ccc(Cl)cc3)CC2)cc1Oc1ccccc1,64.78,-1.811440943674158,1,test,7.1885590563258415,-0.20874251409473574,-1.6026984295794224,1.6026984295794224
CCc1sc2ncnc(N[C@@H](C)C(=O)O)c2c1-c1cccc(C(F)(F)F)c1,437000.0,-5.640481436970422,0,test,3.359518563029578,-4.044901167670967,-1.5955802692994547,1.5955802692994547
COc1c(Cc2ccccc2C(C)C)cc(C(=O)Nc2ccc(S(=O)(=O)c3ccccc3C(C)(C)C)cc2)c(OC)c1OC,25000.0,-4.3979400086720375,0,test,4.6020599913279625,-2.8100191341788623,-1.5879208744931752,1.5879208744931752
Cc1cc(OCCCc2c3n(c4c(-c5c(C)nn(C)c5C)c(Cl)ccc24)CCCN(c2ccc(C(=O)O)c4ccn(C)c24)C3=O)cc(C)c1Cl,440.0,-2.6434526764861874,0,test,6.356547323513812,-1.1487011651307524,-1.494751511355435,1.494751511355435
NC[C@@H]1Cc2ccccc2CN1C(=O)c1cc2c(cc1-c1cc(C(=O)N(c3ccccc3)c3ccc(O)cc3)c3n1CCCC3)OCO2,0.36,0.44369749923271273,0,test,9.443697499232712,-1.0501761394475084,1.4938736386802212,1.4938736386802212
CC1(C)CCC(CN2CCN(c3ccc(C(=O)NS(=O)(=O)c4ccc(NCC5CCOCC5)c([N+](=O)[O-])c4)c(Oc4cc(N)ncc4Br)c3)CC2)=C(c2ccc(Cl)cc2)C1,0.077,1.1135092748275182,1,test,10.113509274827518,-0.3136251467597704,1.4271344215872885,1.4271344215872885
CC1(C)CCC(CN2CCN(c3ccc(C(=O)NS(=O)(=O)c4ccc(NCC5CCOCC5)c([N+](=O)[O-])c4)c(Oc4cc(NC(=O)OC(C)(C)C)ncc4Br)c3)CC2)=C(c2ccc(Cl)cc2)C1,427.49,-2.6309259600101225,1,test,6.3690740399898775,-1.2110503282699823,-1.4198756317401402,1.4198756317401402
O=C(O)CC[C@@H](C(=O)O)N1C(=O)/C(=C/c2ccc(Br)cc2)SC1=S,320000.0,-5.505149978319906,1,test,3.4948500216800937,-4.08925806003603,-1.4158919182838758,1.4158919182838758
CC1(C)CCC(CN2CCN(c3ccc(C(=O)NS(=O)(=O)c4ccc(NC5(CO)CCOCC5)c([N+](=O)[O-])c4)c(Oc4cccc5[nH]ccc45)c3)CC2)=C(c2ccc(Cl)cc2)C1,6.091,-0.7846885995014212,1,test,8.215311400498578,0.579590850243248,-1.3642794497446693,1.3642794497446693
CN(C)CCOc1ccc(-c2ccc(Cl)cc2)c(CN2CCN(c3ccc(C(=O)NS(=O)(=O)c4ccc(NCCCN5CCCC5)c([N+](=O)[O-])c4)c(Oc4ccccc4)c3)CC2)c1,0.001,3.0,1,test,12.0,1.6584663830592035,1.3415336169407965,1.3415336169407965
CC1(C)CCC(CN2CCN(c3ccc(C(=O)NS(=O)(=O)c4ccc(NCC5CCOCC5)c(C(F)(F)F)c4)c(Oc4ccc5[nH]ccc5c4)c3)CC2)=C(c2ccc(Cl)cc2)C1,29.684,-1.4725224229168825,1,test,7.5274775770831175,-0.16942439382928215,-1.3030980290876002,1.3030980290876002
O=C(NS(=O)(=O)c1ccc(NCCCN2CCOCC2)c([N+](=O)[O-])c1)c1ccc(N2CCN(Cc3ccccc3-c3ccc(Cl)cc3)CC2)cc1Oc1ccc(-c2cccnc2)cc1,112.99,-2.0530400086427463,1,test,6.946959991357254,-0.7898278204720478,-1.2632121881706984,1.2632121881706984
CC(=O)Nc1ccc(Oc2cc(N3CCN(Cc4ccccc4-c4ccc(Cl)cc4)CC3)ccc2C(=O)NS(=O)(=O)c2ccc(NCC3CCOCC3)c([N+](=O)[O-])c2)cc1,511.56,-2.708896578694757,1,test,6.291103421305243,-1.4469914757624736,-1.2619051029322836,1.2619051029322836
CC1(C)CCC(CN2CCN(c3ccc(C(=O)NS(=O)(=O)c4cnc(OCC5CCC(F)(F)CC5)c(Cl)c4)c(Oc4cnc(N)c(Cl)c4)c3)CC2)=C(c2ccc(Cl)cc2)C1,0.686,0.16367588429324825,1,test,9.163675884293248,1.4100352243867211,-1.246359340093473,1.246359340093473
CC1(C)CCC(CN2CCN(c3ccc(C(=O)NS(=O)(=O)c4ccc(NCC5CCOCC5)c([N+](=O)[O-])c4)c(Oc4cnc(N)c(C5CC5)c4)c3)CC2)=C(c2ccc(Cl)cc2)C1,6.052,-0.7818989193511491,1,test,8.21810108064885,0.42425929353669245,-1.2061582128878414,1.2061582128878414
CC1(C)CCC(CN2CCN(c3ccc(C(=O)NS(=O)(=O)c4ccc(NCC5CCOCC5)c([N+](=O)[O-])c4)c(Oc4cccc5[nH]cnc45)c3)CC2)=C(c2ccc(Cl)cc2)C1,0.003,2.5228787452803374,1,test,11.522878745280337,1.3193588860857006,1.2035198591946368,1.2035198591946368
CN1CCC(Nc2ccc(S(=O)(=O)NC(=O)c3ccc(N4CCN(CC5=C(c6ccc(Cl)cc6)CC(C)(C)CC5)CC4)cc3Oc3cccc(CO)c3)cc2[N+](=O)[O-])CC1,1.345,-0.12872228433842678,1,test,8.871277715661574,1.034379712787047,-1.163101997125474,1.163101997125474
O=C(NS(=O)(=O)c1ccc(NCCCN2CCOCC2)c([N+](=O)[O-])c1)c1ccc(N2CCN(Cc3ccccc3-c3ccc(Cl)cc3)CC2)cc1Oc1ccc(-c2ccncc2)cc1,71.364,-1.8534791845469023,1,test,7.146520815453098,-0.7006598818615906,-1.1528193026853117,1.1528193026853117
C=CCOC(=O)[C@H](Cc1ccccc1)N1C(=O)C(=C(c2ccccc2)c2ccccc2)SC1=S,260000.0,-5.414973347970818,0,test,3.585026652029182,-4.295045260169822,-1.1199280878009965,1.1199280878009965
CC1(C)CCC(CN2CCN(c3ccc(C(=O)NS(=O)(=O)c4ccc(OCC5CCN(C(CF)CF)CC5)c([N+](=O)[O-])c4)c(Oc4cnc5[nH]ccc5c4)c3)CC2)=C(c2ccc(Cl)cc2)C1,0.002,2.6989700043360187,1,test,11.698970004336019,1.5839833491671278,1.114986655168891,1.114986655168891
CC1(C)CCC(CN2CCN(c3ccc(C(=O)NS(=O)(=O)c4ccc(NCC5CCOCC5)c(C#N)c4)c(Oc4ccc5[nH]ccc5c4)c3)CC2)=C(c2ccc(Cl)cc2)C1,4.608,-0.6635124704151556,1,test,8.336487529584844,0.4346843207523928,-1.0981967911675485,1.0981967911675485
CC1(C)CCC(CN2CCN(c3ccc(C(=O)NS(=O)(=O)c4ccc(NCC5CCOCC5)c([N+](=O)[O-])c4)c(Oc4cccc5c4CCNC5)c3)CC2)=C(c2ccc(Cl)cc2)C1,2.923,-0.4658288153574364,1,test,8.534171184642563,0.5996557658202515,-1.0654845811776879,1.0654845811776879
COC1CCC(Nc2ccc(S(=O)(=O)NC(=O)c3ccc(N4CCN(CC5=C(c6ccc(Cl)cc6)CC(C)(C)CC5)CC4)cc3Oc3ccc4[nH]ccc4c3)cc2[N+](=O)[O-])CC1,1.698,-0.22993768590793384,1,test,8.770062314092065,0.8059460343750017,-1.0358837202829354,1.0358837202829354
CC1(C)CCC(CN2CCN(c3ccc(C(=O)NS(=O)(=O)c4ccc(NCC5CCOCC5)c([N+](=O)[O-])c4)c(Oc4cncc(NC(=O)OC(C)(C)C)c4)c3)CC2)=C(c2ccc(Cl)cc2)C1,39.967,-1.6017015505032133,1,test,7.398298449496787,-0.5794164184019001,-1.022285132101313,1.022285132101313
CCOC(=O)[C@H](Cc1ccccc1)N1C(=O)/C(=C/c2ccc(OCOc3ccc(/C=C4\SC(=S)N([C@@H](Cc5ccccc5)C(=O)OCC)C4=O)cc3)cc2)SC1=S,226000.0,-5.354108439147401,1,test,3.645891560852599,-4.3589501629606495,-0.9951582761867517,0.9951582761867517
CCc1c(-c2ccc(Cl)cc2)c(-c2cccc(N3CCN(c4ccc(NS(=O)(=O)c5ccc(N[C@H](CCN(C)C)CSc6ccccc6)c([N+](=O)[O-])c5)cc4)CC3)c2)c(C(=O)O)n1C,0.8,0.09691001300805639,0,test,9.096910013008056,-0.8968755266391598,0.9937855396472162,0.9937855396472162
CC1(C)CCC(CN2CCN(c3ccc(C(=O)NS(=O)(=O)c4cnc(NCC5CCOCC5)c(Br)c4)c(Oc4cccc5[nH]ccc45)c3)CC2)=C(c2ccc(Cl)cc2)C1,2.331,-0.36754227352057667,1,test,8.632457726479423,0.5932035374822998,-0.9607458110028764,0.9607458110028764
CN(C)CCCNc1ccc(S(=O)(=O)NC(=O)c2ccc(N3CCN(CC4=C(c5ccc(Cl)cc5)CC(C)(C)CC4)CC3)cc2Oc2cccc3c2c(CN2CCN(C)CC2)cn3CN2CCN(C)CC2)cc1[N+](=O)[O-],0.375,0.42596873227228116,0,test,9.425968732272281,1.3856060250800055,-0.9596372928077244,0.9596372928077244
CN1CCC(Nc2ccc(S(=O)(=O)NC(=O)c3ccc(N4CCN(CC5=C(c6ccc(Cl)cc6)CC(C)(C)CC5)CC4)cc3OCc3csc(N)n3)cc2[N+](=O)[O-])CC1,10.911,-1.0378645557743744,1,test,7.962135444225625,-0.08014287609812314,-0.9577216796762513,0.9577216796762513
CN1CCN(Nc2ccc(S(=O)(=O)NC(=O)c3ccc(N4CCN(CC5=C(c6ccc(Cl)cc6)CC(C)(C)CC5)CC4)cc3Oc3cc4cc[nH]c4cc3Cl)cc2[N+](=O)[O-])CC1,1.734,-0.2390490931401915,1,test,8.760950906859808,0.7118361866557269,-0.9508852797959184,0.9508852797959184
CC(C)C[C@@H](C(=O)O)N1C(=O)C(=C(c2ccccc2)c2ccccc2)SC1=S,57800.0,-4.7619278384205295,0,test,4.2380721615794705,-3.822860523942096,-0.9390673144784336,0.9390673144784336
CC(C)COc1ccc(C(=O)Nc2c(C(=O)O)nn(-c3ccc(Oc4ccccc4)cc3)c2-c2ccc(OC(C)C)cc2)cc1,1400.0,-3.146128035678238,0,test,5.853871964321762,-2.2238365318465894,-0.9222915038316488,0.9222915038316488
CCOc1ccc(-c2c(NC(=O)c3ccc(OCC(C)C)cc3)c(C(=O)O)nn2-c2ccc(Oc3ccccc3)cc2)cc1,1040.0,-3.0170333392987803,1,test,5.982966660701219,-2.1349442791428945,-0.8820890601558857,0.8820890601558857
CC1(C)CCC(CN2CCN(c3ccc(C(=O)NS(=O)(=O)c4ccc(NC5CCN(C6CCOCC6)CC5)c([N+](=O)[O-])c4)c(Oc4ccc(N)nc4)c3)CC2)=C(c2ccc(Cl)cc2)C1,0.186,0.7304870557820837,1,test,9.730487055782083,-0.15004825480063402,0.8805353105827177,0.8805353105827177
CC(C)Oc1ccc(-c2cc(C(=O)O)nn2-c2ccc(C(C)C)cc2)cc1,5250.0,-3.720159303405957,0,test,5.279840696594043,-2.848903877699091,-0.8712554257068659,0.8712554257068659
CC1(C)CCC(CN2CCN(c3ccc(C(=O)NS(=O)(=O)c4ccc(NCC5(CO)CCOCC5)c([N+](=O)[O-])c4)c(Oc4ccccc4Cl)c3)CC2)=C(c2ccc(Cl)cc2)C1,0.672,0.1726307269461747,1,test,9.172630726946174,1.0393747968721332,-0.8667440699259585,0.8667440699259585
Cc1cccc(Oc2ccc3c4c(cccc24)C2=NC(=O)C(C#N)=C23)c1,6031.0,-3.7803893284709527,1,test,5.219610671529047,-2.9232228271762764,-0.8571665012946763,0.8571665012946763
CC1(C)CCC(CN2CCN(c3ccc(C(=O)NS(=O)(=O)c4ccc(NCC5CCOCC5)c([N+](=O)[O-])c4)c(Oc4cc(Br)nc(NC(=O)OC(C)(C)C)c4)c3)CC2)=C(c2ccc(Cl)cc2)C1,14.978,-1.175453826250483,1,test,7.824546173749517,-2.0215036820778325,0.8460498558273495,0.8460498558273495
COC1CCN(c2ccc(S(=O)(=O)NC(=O)c3ccc(N4CCN(CC5=C(c6ccc(Cl)cc6)CC(C)(C)CC5)CC4)cc3Oc3ccc4[nH]ccc4c3)cc2[N+](=O)[O-])CC1,6.156,-0.7892986111594411,1,test,8.210701388840558,0.05439233082671923,-0.8436909419861603,0.8436909419861603
Cc1n[nH]c2cccc(Oc3cc(N4CCN(CC5=C(c6ccc(Cl)cc6)CC(C)(C)CC5)CC4)ccc3C(=O)NS(=O)(=O)c3ccc(NCCCN4CCOCC4)c([N+](=O)[O-])c3)c12,0.036,1.4436974992327127,1,test,10.443697499232712,0.6081335478699376,0.8355639513627752,0.8355639513627752
CNC(=O)c1c(-c2cccc(N3CCN(c4ccc(NS(=O)(=O)c5ccc(N[C@H](CCN(C)C)CSc6ccccc6)c([N+](=O)[O-])c5)cc4)CC3)c2)c(-c2ccc(Cl)cc2)cn1C,1.2,-0.07918124604762482,0,test,8.920818753952375,-0.9028123892416632,0.8236311431940384,0.8236311431940384
CC1(C)CCC(CN2CCN(c3ccc(C(=O)NS(=O)(=O)c4cnc(NCC5CCOCC5)c(C#N)c4)c(Oc4ccc5[nH]ccc5c4)c3)CC2)=C(c2ccc(Cl)cc2)C1,6.825,-0.8341026557127936,1,test,8.165897344287206,-0.01362543537730971,-0.8204772203354839,0.8204772203354839
O=C(NS(=O)(=O)c1ccc(NCCCN2CCOCC2)c([N+](=O)[O-])c1)c1ccc(N2CCN(Cc3ccccc3-c3ccc(Cl)cc3)CC2)cc1Oc1cccc(CO)c1,0.754,0.12262865413022594,1,test,9.122628654130226,-0.695071456055961,0.8177001101861869,0.8177001101861869
Cc1cc(OCCCn2nc(C(=O)O)c3cc(Cl)ccc32)cc(C)c1Cl,5792.0,-3.7628285531890904,0,test,5.23717144681091,-2.9456163507240314,-0.8172122024650581,0.8172122024650581
CC1(C)CCC(CN2CCN(c3ccc(C(=O)NS(=O)(=O)c4cnc(OCC5(F)CCN(CC#N)CC5)c(Cl)c4)c(Oc4cccc5[nH]ncc45)c3)CC2)=C(c2ccc(Cl)cc2)C1,0.197,0.7055337738384071,1,test,9.705533773838408,1.522348128127892,-0.816814354289485,0.816814354289485
Cc1c(C(=O)NCCCN2CCN(C)CC2)c(-c2cccc(N3CCN(c4ccc(NS(=O)(=O)c5cccc([N+](=O)[O-])c5)cc4)CC3)c2)c(-c2ccc(Cl)cc2)n1C,31.3,-1.4955443375464486,1,test,7.504455662453552,-2.2975556727209385,0.80201133517449,0.80201133517449
CC1(C)CCC(CN2CCN(c3ccc(C(=O)NS(=O)(=O)c4ccc(NC5CCN(C6CCOCC6)CC5)c([N+](=O)[O-])c4)c(Oc4cc5cc[nH]c5c(F)c4F)c3)CC2)=C(c2ccc(Cl)cc2)C1,0.01,2.0,1,test,11.0,1.1991485140896945,0.8008514859103055,0.8008514859103055
CN(C)CC[C@H](CSc1ccccc1)Nc1ccc(S(=O)(=O)NC(=O)c2ccc(N3CCN(Cc4ccccc4-c4cccc(Cl)c4)CC3)cc2)cc1[N+](=O)[O-],16.9,-1.2278867046136734,1,test,7.772113295386326,-0.4391744599682454,-0.788712244645428,0.788712244645428
CNc1ncc(Oc2cc(N3CCN(CC4=C(c5ccc(Cl)cc5)CC(C)(C)CC4)CC3)ccc2C(=O)NS(=O)(=O)c2ccc(NCC3CCOCC3)c([N+](=O)[O-])c2)cc1Cl,2.323,-0.3660492098002355,1,test,8.633950790199764,0.41930858737306587,-0.7853577971733013,0.7853577971733013
CN(C)CCCNc1ccc(S(=O)(=O)NC(=O)c2ccc(N3CCN(CC4=C(c5ccc(Cl)cc5)CC(C)(C)CC4)CC3)cc2Oc2ccc3[nH]ccc3c2)cc1C#N,2.048,-0.3113299523037932,1,test,8.688670047696206,0.45477482880066644,-0.7661047811044597,0.7661047811044597
CCOC(=O)[C@H](Cc1ccccc1)N1C(=O)/C(=C/c2ccc(Br)cc2)SC1=S,260000.0,-5.414973347970818,1,test,3.585026652029182,-4.655989423007984,-0.7589839249628341,0.7589839249628341
CN(C)CCOc1cccc(-c2ccc(Cl)cc2)c1CN1CCN(c2ccc(C(=O)NS(=O)(=O)c3ccc(NCC4CCOCC4)c([N+](=O)[O-])c3)c(Oc3cnc(N)c(Cl)c3)c2)CC1,0.175,0.7569619513137056,1,test,9.756961951313706,1.5143204617927437,-0.7573585104790381,0.7573585104790381
CC1(C)CCC(CN2CCN(c3ccc(C(=O)NS(=O)(=O)c4ccc(NCC5(N)CCOCC5)c([N+](=O)[O-])c4)c(Oc4ccccc4Cl)c3)CC2)=C(c2ccc(Cl)cc2)C1,0.552,0.258060922270801,1,test,9.2580609222708,1.0143080788046892,-0.7562471565338882,0.7562471565338882
Cc1ccc(O)c(Cn2c(-c3ccccc3)nc3c(O)c(O)c(O)cc3c2=O)c1,179.0,-2.2528530309798933,0,test,6.747146969020107,-3.0020408999562584,0.7491878689763651,0.7491878689763651
O=C(NS(=O)(=O)c1ccc(NCCSc2ccccc2)c([N+](=O)[O-])c1)c1ccc(NS(=O)(=O)c2ccccc2)cc1,15190.0,-4.181557773862786,1,test,4.818442226137214,-3.4710184298705564,-0.7105393439922296,0.7105393439922296
CC1(C)CCC(CN2CCN(c3ccc(C(=O)NS(=O)(=O)c4ccc(OCC5(F)CCC(N(CCC#N)C6CC6)CC5)c([N+](=O)[O-])c4)c(Oc4cnc5[nH]ccc5c4)c3)CC2)=C(c2ccc(Cl)cc2)C1,0.017,1.7695510786217261,1,test,10.769551078621726,1.0598754422715917,0.7096756363501342,0.7096756363501342
COC1(CC(C)C)CCN(c2ccc(C(=O)NS(=O)(=O)c3ccc(N[C@H](CCN(C)C)CSc4ccccc4)c([N+](=O)[O-])c3)cc2)CC1,56.0,-1.7481880270062005,1,test,7.251811972993799,-1.0446223477775007,-0.7035656792286997,0.7035656792286997
O=C(NS(=O)(=O)c1ccc(NCCCN2CCCC2)c([N+](=O)[O-])c1)c1ccc(N2CCN(CC3=C(c4ccc(Cl)cc4)CCCCCC3)CC2)cc1Oc1cccc2[nH]ccc12,3.664,-0.5639554649958127,1,test,8.436044535004187,0.13648581935730747,-0.7004412843531203,0.7004412843531203
CC1(C)CCC(c2ccc(Cl)cc2)=C(CN2CCN(c3ccc(C(=O)NS(=O)(=O)c4ccc(NCCCN5CCOCC5)c([N+](=O)[O-])c4)c(Oc4ccccc4)c3)CC2)C1,0.847,0.0721165896692931,1,test,9.072116589669292,0.7725319482355667,-0.7004153585662736,0.7004153585662736
CC1(C)CCC(CN2CCN(c3ccc(C(=O)NS(=O)(=O)c4ccc(NCCN5CCOCC5)c([N+](=O)[O-])c4)c(Oc4cccc(Cl)c4)c3)CC2)=C(c2ccc(Cl)cc2)C1,0.482,0.31695296176115045,1,test,9.316952961761151,1.014405741493353,-0.6974527797322025,0.6974527797322025
CC1(C)CCC(CN2CCN(c3ccc(C(=O)NS(=O)(=O)c4ccc(NC5CCN(C6CCOCC6)CC5)c([N+](=O)[O-])c4)c(Oc4cnc5[nH]ccc5c4)c3)CC2)=C(c2ccc(Cl)cc2)C1,0.013,1.8860566476931633,1,test,10.886056647693163,1.1898502117656506,0.6962064359275129,0.6962064359275129
CC1(C)CCC(CN2CCN(c3ccc(C(=O)NS(=O)(=O)c4ccc(NCC5CCOCC5)c([N+](=O)[O-])c4)c(Oc4cc(N)nc(Br)c4)c3)CC2)=C(c2ccc(Cl)cc2)C1,17.948,-1.2540160608610367,1,test,7.745983939138963,-0.5604990451437528,-0.6935170157172841,0.6935170157172841
CC1(C)CCC(CN2CCN(c3ccc(C(=O)NS(=O)(=O)c4ccc(NN5CCS(=O)(=O)CC5)c([N+](=O)[O-])c4)c(Oc4ccc5[nH]ccc5c4)c3)CC2)=C(c2ccc(Cl)cc2)C1,0.082,1.0861861476162833,1,test,10.086186147616283,0.39887729320347043,0.6873088544128129,0.6873088544128129
CC1(C)CC(c2ccc(Cl)cc2)=C2CN3CCN(c4ccc(C(=O)NS(=O)(=O)c5cnc(OCC6(F)CCOCC6)c(Cl)c5)c(N5CCCOc6nc7[nH]ccc7cc65)c4)C[C@H]3COCCCO[C@@H]2C1,0.05,1.3010299956639813,0,test,10.301029995663981,0.6144023258456519,0.6866276698183293,0.6866276698183293
Cc1cc(OCCCc2c(C(=O)O)n(C)c3ccccc23)cc(C)c1Cl,7400.0,-3.8692317197309762,0,test,5.130768280269024,-3.1882837754008313,-0.6809479443301445,0.6809479443301445
COc1cc(CCCN2CCOCC2)ccc1-c1ccc(C(=O)NS(=O)(=O)c2ccc(N[C@H](CCCN(C)C)CSc3ccccc3)c([N+](=O)[O-])c2)cc1,317.0,-2.5010592622177517,0,test,6.498940737782249,-1.8238556404599169,-0.6772036217578352,0.6772036217578352
CN1CCC(Nc2ccc(S(=O)(=O)NC(=O)c3ccc(N4CCN(CC5=C(c6ccc(Cl)cc6)CC(C)(C)CC5)CC4)cc3Oc3ccc(N)c(Cl)c3)cc2[N+](=O)[O-])CC1,0.019,1.7212463990471711,1,test,10.721246399047171,1.0472319926055418,0.6740144064416294,0.6740144064416294
CCOc1ccc(-c2cc(C(=O)O)nn2-c2ccccc2)cc1,6090.0,-3.784617292632875,0,test,5.215382707367125,-3.1117887187952804,-0.6728285738375948,0.6728285738375948
COc1ccc(C2=C(CN3CCN(c4ccc(C(=O)NS(=O)(=O)c5ccc(NCCCN6CCCC6)c([N+](=O)[O-])c5)c(Oc5cccc6[nH]ccc56)c4)CC3)CCC(C)(C)C2)cc1,1.227,-0.08884456272700426,0,test,8.911155437272996,0.5836983480446913,-0.6725429107716956,0.6725429107716956
CN1CCC(Nc2ccc(S(=O)(=O)NC(=O)c3ccc(N4CCN(CC5=C(c6ccc(Cl)cc6)CC(C)(C)CC5)CC4)cc3Oc3c(F)cccc3Cl)cc2[N+](=O)[O-])CC1,6.935,-0.8410464654093036,1,test,8.158953534590696,-0.17213870687308283,-0.6689077585362208,0.6689077585362208
CC1(C)CCC(CN2CCN(c3ccc(C(=O)NS(=O)(=O)c4ccc(OCC#CCN5CCOCC5)c([N+](=O)[O-])c4)c(Oc4cc5cc[nH]c5cc4F)c3)CC2)=C(c2ccc(Cl)cc2)C1,0.205,0.6882461389442457,1,test,9.688246138944246,1.3562398260864643,-0.6679936871422186,0.6679936871422186
CN1CCC(Nc2ccc(S(=O)(=O)NC(=O)c3ccc(N4CCN(Cc5ccccc5-c5ccc(Cl)cc5)CC4)cc3Oc3ccccc3)cc2[N+](=O)[O-])CC1,0.129,0.889410289700751,1,test,9.88941028970075,0.23488467361336784,0.6545256160873831,0.6545256160873831
CN(CCCc1ccccc1)S(=O)(=O)c1cc(C(=O)N2CCc3ccc(S(=O)(=O)NCCc4ccccc4)cc3C2)c(O)c(O)c1O,110.0,-2.041392685158225,0,test,6.958607314841775,-2.689309641865766,0.6479169567075411,0.6479169567075411
CN(C)CCCc1cccc(-c2ccc(Cl)cc2)c1CN1CCN(c2ccc(C(=O)NS(=O)(=O)c3ccc(NCC4CCOCC4)c([N+](=O)[O-])c3)c(Oc3cccc4[nH]ccc34)c2)CC1,0.032,1.494850021680094,0,test,10.494850021680094,0.8475968087132812,0.6472532129668127,0.6472532129668127
COc1ccc(Cn2nnc3c(Oc4cc(N5CCN(CC6=C(c7ccc(Cl)cc7)CC(C)(C)CC6)CC5)ccc4C(=O)NS(=O)(=O)c4ccc(NCC5CCOCC5)c([N+](=O)[O-])c4)cccc32)cc1,3.34,-0.5237464668115644,1,test,8.476253533188435,0.12022662762292954,-0.643973094434494,0.643973094434494
C=CCOC(=O)[C@H](C)N1C(=O)/C(=C/c2ccc(Br)cc2)SC1=S,192000.0,-5.283301228703549,0,test,3.7166987712964508,-4.640884237931157,-0.642416990772392,0.642416990772392
CN1CCC(Nc2ccc(S(=O)(=O)NC(=O)c3ccc(N4CCN(CC5=C(c6ccc(Cl)cc6)CC(C)(C)CC5)CC4)cc3Oc3ccccc3C(=O)N(C)C)cc2[N+](=O)[O-])CC1,0.221,0.6556077263148893,1,test,9.655607726314889,1.296681818313245,-0.6410740919983556,0.6410740919983556
CC1(C)CCC(CN2CCN(c3ccc(C(=O)NS(=O)(=O)c4ccc(NC5CCOCC5)c([N+](=O)[O-])c4)c(Oc4cc5cc[nH]c5cc4F)c3)CC2)=C(c2ccc(Cl)cc2)C1,0.435,0.3615107430453627,1,test,9.361510743045363,0.9670437810093812,-0.6055330379640185,0.6055330379640185
CC1(C)CCC(CN2CCN(c3ccc(C(=O)NS(=O)(=O)c4ccc(NC5CCN(Cc6cscn6)CC5)c([N+](=O)[O-])c4)c(Oc4cc5cc[nH]c5cc4F)c3)CC2)=C(c2ccc(Cl)cc2)C1,0.48,0.3187587626244128,1,test,9.318758762624412,0.9185343488750197,-0.5997755862506069,0.5997755862506069
CC1(C)CCC(CN2CCN(c3ccc(C(=O)NS(=O)(=O)c4ccc(NCC5CCOCC5)c(Cl)c4)c(Oc4cnc5[nH]ccc5c4)c3)CC2)=C(c2ccc(Cl)cc2)C1,2.07,-0.3159703454569177,1,test,8.684029654543082,0.2798555489191222,-0.5958258943760399,0.5958258943760399
CC1(C)CCC(CN2CCN(c3ccc(C(=O)NS(=O)(=O)c4ccc(NCCC(F)(F)F)c([N+](=O)[O-])c4)c(Oc4ccc5[nH]ccc5c4)c3)CC2)=C(c2ccc(Cl)cc2)C1,1.481,-0.1705550585212085,1,test,8.829444941478792,0.41608565247509505,-0.5866407109963035,0.5866407109963035
O=C(O)c1ccc(COc2ccc(/C=C3\SC(=S)N(c4cccc([N+](=O)[O-])c4)C3=O)cc2)cc1,9600.0,-3.9822712330395684,0,test,5.017728766960431,-3.3962531488886247,-0.5860180841509433,0.5860180841509433
O=C(NCCNS(=O)(=O)c1sccc1-c1ccccc1Oc1ccc(O)c(O)c1)Nc1cc(C(F)(F)F)cc(C(F)(F)F)c1,17000.0,-4.230448921378274,0,test,4.769551078621726,-3.6566237169306657,-0.5738252044476084,0.5738252044476084
Cc1cccc(C)c1N1C(=O)/C(=C/c2ccc(OCc3ccc(C(=O)O)cc3)cc2)SC1=S,900.0,-2.9542425094393248,0,test,6.045757490560675,-3.5227083342177856,0.5684658247784609,0.5684658247784609
O=C(NS(=O)(=O)c1cnc(OCC2(F)CCOCC2)c(Cl)c1)c1ccc(N2CCC(F)(Cc3ccccc3-c3ccc(Cl)cc3)CC2)cc1Oc1cnc2[nH]ccc2c1,0.031,1.5086383061657274,0,test,10.508638306165727,0.9542688180063847,0.5543694881593426,0.5543694881593426
O=C(NS(=O)(=O)c1ccc(NCCCN2CCCC2)c([N+](=O)[O-])c1)c1ccc(N2CCN(Cc3ccccc3-c3ccc(Cl)cc3)CC2)cc1Oc1ccccc1,0.193,0.7144426909922262,1,test,9.714442690992227,0.16358098227423812,0.5508617087179881,0.5508617087179881
CC1(C)CCC(CN2CCN(c3ccc(C(=O)NS(=O)(=O)c4ccc(NC5CCN(C6CCCC6)CC5)c([N+](=O)[O-])c4)c(Oc4ccc5[nH]ccc5c4)c3)CC2)=C(c2ccc(Cl)cc2)C1,0.14,0.8538719643217619,1,test,9.853871964321762,0.3037257765262587,0.5501461877955032,0.5501461877955032
CC1(C)CCC(CN2CCN(c3ccc(C(=O)NS(=O)(=O)c4ccc(NC5CCN(CCF)CC5)c([N+](=O)[O-])c4)c(Oc4cccc(F)c4F)c3)CC2)=C(c2ccc(Cl)cc2)C1,0.223,0.6516951369518393,1,test,9.65169513695184,1.2002712260800315,-0.5485760891281921,0.5485760891281921
CC1(C)CCC(CN2CCN(c3ccc(C(=O)NS(=O)(=O)c4cnc(NC5CCN(C6CCOCC6)CC5)c(Br)c4)c(Oc4cnc5[nH]ccc5c4)c3)CC2)=C(c2ccc(Cl)cc2)C1,0.091,1.0409586076789064,1,test,10.040958607678906,0.49897583473964474,0.5419827729392617,0.5419827729392617
CN1CCC(Nc2ccc(S(=O)(=O)NC(=O)c3ccc(N4CCN(CC5=C(c6ccc(Cl)cc6)CC(C)(C)CC5)CC4)cc3Oc3ccccc3)cc2[N+](=O)[O-])CC1,0.026,1.585026652029182,1,test,10.585026652029182,1.0437935826214038,0.5412330694077783,0.5412330694077783
O=C(NS(=O)(=O)c1ccc(NCC2CCOCC2)c([N+](=O)[O-])c1)c1ccc(N2CCN(Cc3ccccc3-c3ccc(Cl)cc3)CC2)cc1Oc1cccc(OCc2ccccc2)c1,31.597,-1.4996458501723482,1,test,7.500354149827652,-0.9767698210164242,-0.522876029155924,0.522876029155924
CC1(C)CCC(CN2CCN(c3ccc(C(=O)NS(=O)(=O)c4ccc(NC5CCN(C6CC6)CC5)c([N+](=O)[O-])c4)c(Oc4cnc(N)c(Cl)c4)c3)CC2)=C(c2ccc(Cl)cc2)C1,0.062,1.207608310501746,1,test,10.207608310501746,1.7297187289605445,-0.5221104184587984,0.5221104184587984
CN(C)CCOc1cccc(-c2ccc(Cl)cc2)c1CN1CCN(c2ccc(C(=O)NS(=O)(=O)c3ccc(NCCCN4CCCC4)c([N+](=O)[O-])c3)c(Oc3ccccc3)c2)CC1,0.015,1.8239087409443189,1,test,10.823908740944319,1.301971939986582,0.521936800957737,0.521936800957737
CC1(C)CCC(CN2CCN(c3ccc(C(=O)NS(=O)(=O)c4ccc(OC[C@H]5CC[C@H](N6CCOCC6)CC5)c(Cl)c4)c(Oc4cnc5[nH]ccc5c4)c3)CC2)=C(c2ccc(Cl)cc2)C1,0.044,1.3565473235138126,1,test,10.356547323513812,0.8360469367888151,0.5205003867249974,0.5205003867249974
O=C(NS(=O)(=O)c1ccc(NCCCN2CCOCC2)c([N+](=O)[O-])c1)c1ccc(N2CCN(Cc3ccccc3-c3ccc(Cl)cc3)CC2)cc1Oc1ccc(Cl)cc1,1.621,-0.20978301484851494,1,test,8.790216985151485,-0.7280967119032983,0.5183136970547834,0.5183136970547834
CC1(C)CCC(CN2CCN(c3ccc(C(=O)NS(=O)(=O)c4ccc(NN5CCN(C6CCOCC6)CC5)c([N+](=O)[O-])c4)c(Oc4cnc5[nH]ccc5c4)c3)CC2)=C(c2ccc(Cl)cc2)C1,0.024,1.6197887582883939,1,test,10.619788758288394,1.1034260201512585,0.5163627381371356,0.5163627381371356
[C]Oc1ccccc1[C]=C1[C][C]N(c2ccc(C(=O)[N]S(=O)(=O)c3ccc([N][C@H]([C][C]N([C])[C])[C]Sc4ccccc4)c([N+](=O)[O-])c3)cc2)[C][C]1,2.0,-0.3010299956639812,0,test,8.698970004336019,-0.8169600425274939,0.5159300468635126,0.5159300468635126
CN1CCC(Nc2ccc(S(=O)(=O)NC(=O)c3ccc(N4CCN(CC5=C(c6ccc(Cl)cc6)CC(C)(C)OC5)CC4)cc3Oc3ccc4[nH]ccc4c3)cc2[N+](=O)[O-])CC1,0.014,1.853871964321762,1,test,10.853871964321762,1.3384878024506421,0.5153841618711199,0.5153841618711199
COc1cc(CCC(=O)N(C)C)ccc1-c1ccc(C(=O)NS(=O)(=O)c2ccc(NCCSc3ccccc3)c([N+](=O)[O-])c2)cc1,400.0,-2.6020599913279625,1,test,6.3979400086720375,-3.1160878897610886,0.5140278984331261,0.5140278984331261
CC1(C)CCC(CN2CCN(c3ccc(C(=O)NS(=O)(=O)c4ccc(NC5CCN(C(=O)OC(C)(C)C)CC5)c([N+](=O)[O-])c4)c(Oc4cnc5[nH]ccc5c4)c3)CC2)=C(c2ccc(Cl)cc2)C1,1.63,-0.21218760440395779,1,test,8.787812395596042,0.2999973008230929,-0.5121849052270506,0.5121849052270506
Cc1cc(OCCCn2c(C(=O)N3CCCCC3)cc3ccc(OCc4ccccc4C(=O)O)cc32)cc(C)c1Cl,270.0,-2.4313637641589874,0,test,6.568636235841012,-2.9345619498645465,0.5031981857055587,0.5031981857055587
CCOC(=O)C(C#N)C1c2ccccc2OC(=N)C1C(=O)OCC,531000.0,-5.725094521081469,0,test,3.274905478918531,-5.227683825638878,-0.497410695442591,0.497410695442591
CN(C)CCCNc1ccc(S(=O)(=O)NC(=O)c2ccc(N3CCN(Cc4ccccc4-c4ccc(Cl)cc4)CC3)cc2Oc2cccc(CO)c2)cc1[N+](=O)[O-],0.331,0.48017200622428124,1,test,9.480172006224281,-0.01601472709659331,0.4961867333208745,0.4961867333208745
CCOc1ccccc1N/N=C1\C(=O)N(c2cc(O)cc(-c3ccc(C(C)C)cc3)c2)N=C1C,1900.0,-3.278753600952829,0,test,5.721246399047171,-3.7685684098774677,0.4898148089246388,0.4898148089246388
CC1(C)CCC(CN2CCN(c3ccc(C(=O)NS(=O)(=O)c4ccc(NCC5COCCO5)c([N+](=O)[O-])c4)c(Oc4ccc5[nH]ccc5c4)c3)CC2)=C(c2ccc(Cl)cc2)C1,0.105,0.978810700930062,1,test,9.978810700930062,0.49371804070126224,0.4850926602287997,0.4850926602287997
CN(C)CCCNc1ccc(S(=O)(=O)NC(=O)c2ccc(N3CCN(Cc4ccccc4-c4ccc(Cl)cc4)CC3)cc2Oc2ccccc2)cc1C#N,2.134,-0.32919441508845104,0,test,8.670805584911548,0.15252529570584697,-0.481719710794298,0.481719710794298
COCCOc1ncc(S(=O)(=O)NC(=O)c2ccc(N3CCN(CC4=C(c5ccc(Cl)cc5)CC(C)(C)CC4)CC3)cc2Oc2cnc3[nH]ccc3c2)cc1Cl,0.19,0.721246399047171,1,test,9.721246399047171,1.2023699059692223,-0.4811235069220513,0.4811235069220513
CC1(C)CCC(CN2CCN(c3ccc(C(=O)NS(=O)(=O)c4ccc(NCC5CCOCC5)c(CS(F)(F)(F)(F)F)c4)c(Oc4cnc5[nH]ccc5c4)c3)CC2)=C(c2ccc(Cl)cc2)C1,1.654,-0.21853550521652784,1,test,8.781464494783473,0.25906305547472785,-0.4775985606912556,0.4775985606912556
O=C(NS(=O)(=O)c1ccc(NCCSc2ccccc2)c([N+](=O)[O-])c1)c1ccc(C(=O)c2ccccc2)cc1,3400.0,-3.531478917042255,0,test,5.468521082957745,-3.056975285592822,-0.4745036314494331,0.4745036314494331
O=C(O)c1c(CCCOc2ccc(Cl)c3ccccc23)c2cccc3c2n1CCS3,1100.0,-3.041392685158225,0,test,5.958607314841775,-3.5156801185818485,0.47428743342362356,0.47428743342362356
CC1(C)CCC(CN2CCN(c3ccc(C(=O)NS(=O)(=O)c4cc(F)c(NCC5CCOCC5)cc4Cl)c(Oc4cnc5[nH]ccc5c4)c3)CC2)=C(c2ccc(Cl)cc2)C1,2.07,-0.3159703454569177,1,test,8.684029654543082,0.15013141048648623,-0.466101755943404,0.466101755943404
CC1(C)CCC(CN2CCN(c3ccc(C(=O)NS(=O)(=O)c4ccc(NCC5COCCO5)c([N+](=O)[O-])c4)c(Oc4cnc(N)c(Br)c4)c3)CC2)=C(c2ccc(Cl)cc2)C1,0.015,1.8239087409443189,1,test,10.823908740944319,1.3606551712195465,0.4632535697247724,0.4632535697247724
O=C(NS(=O)(=O)c1cnc(OCC2CCOCC2)c(Cl)c1)c1ccc(N2CCN(CC3=C(c4ccc(Cl)cc4)CCC4(CCN(C(CF)CF)CC4)C3)CC2)cc1Oc1cnc2[nH]ccc2c1,0.035,1.4559319556497243,0,test,10.455931955649724,0.9966595282711951,0.45927242737852925,0.45927242737852925
CC(=O)N[C@@H](Cc1c[nH]c2ccccc12)C(=O)Nc1ccc(C(=O)NS(=O)(=O)c2ccc(NCCSc3ccccc3)c([N+](=O)[O-])c2)cc1,830.0,-2.9190780923760737,0,test,6.080921907623926,-3.372532577895328,0.4534544855192544,0.4534544855192544
[C]N([C])[C][C][C@H]([C]Sc1ccccc1)[N]c1ccc(S(=O)(=O)[N]C(=O)c2ccc(N3[C][C]C(=[C]c4ccccc4C(F)(F)F)[C][C]3)cc2)cc1[N+](=O)[O-],2.0,-0.3010299956639812,1,test,8.698970004336019,-0.7496465357006526,0.44861654003667145,0.44861654003667145
CC(C1=C(c2ccc(Cl)cc2)CC(C)(C)CC1)N1CCN(c2ccc(C(=O)NS(=O)(=O)c3ccc(NCC4CCOCC4)c([N+](=O)[O-])c3)c(Oc3cc4cc[nH]c4cc3F)c2)CC1,0.105,0.978810700930062,0,test,9.978810700930062,0.5304724353132491,0.4483382656168129,0.4483382656168129
O=C(NS(=O)(=O)c1ccc(NCC2CCOCC2)c([N+](=O)[O-])c1)c1ccc(N2CCN(CC3=C(c4ccc(Cl)cc4)CCC(N4CCOCC4)C3)CC2)cc1Oc1ccc2[nH]ccc2c1,0.09,1.0457574905606752,1,test,10.045757490560675,1.4936597303150427,-0.4479022397543675,0.4479022397543675
CC1(C)CCC(CN2CCN(c3ccc(C(=O)NS(=O)(=O)c4ccc(NC5CCN(C6CCOCC6)CC5)c([N+](=O)[O-])c4)c(Oc4cccc(Cl)c4)c3)CC2)=C(c2ccc(Cl)cc2)C1,0.03,1.5228787452803376,1,test,10.522878745280337,1.0882915000454312,0.43458724523490644,0.43458724523490644
CC1(C)CCC(CN2CCN(c3ccc(C(=O)NS(=O)(=O)c4ccc(NC5CCN(CC6CC6)CC5)c([N+](=O)[O-])c4)c(Oc4cc5cc[nH]c5c(F)c4F)c3)CC2)=C(c2ccc(Cl)cc2)C1,0.197,0.7055337738384071,1,test,9.705533773838408,1.1381849301536975,-0.4326511563152904,0.4326511563152904
CN1CCN(Nc2ccc(S(=O)(=O)NC(=O)c3ccc(N4CCN(CC5=C(c6ccc(Cl)cc6)CC(C)(C)CC5)CC4)cc3Oc3cccc(Cl)c3)cc2[N+](=O)[O-])CC1,0.244,0.6126101736612706,1,test,9.61261017366127,1.0367714770590317,-0.42416130339776115,0.42416130339776115
O=C(O)c1c(CCCOc2cccc3ccccc23)c2cccc3c2n1CCO3,5700.0,-3.7558748556724915,0,test,5.2441251443275085,-3.3375017051062783,-0.4183731505662136,0.4183731505662136
Nc1ccc(Oc2cc(N3CCN(Cc4ccccc4-c4ccc(Cl)cc4)CC3)ccc2C(=O)NS(=O)(=O)c2ccc(NCC3CCOCC3)c([N+](=O)[O-])c2)cc1,2.487,-0.395675785269936,1,test,8.604324214730063,-0.8139575975183929,0.4182818122484569,0.4182818122484569
Cc1cc(OCCCc2c(C(=O)O)n3c4c(cccc24)SCC3)ccc1Cl,6300.0,-3.7993405494535817,0,test,5.200659450546418,-3.3822383908624145,-0.41710215859116717,0.41710215859116717
CC1=C[C@@H](/C=C(\Cl)c2ccc(C(=O)O)cc2)[C@]2(C(=O)O)C=C[C@@H](CCOC(=O)c3ccc(Cl)cc3)C[C@@H]2C1,450.0,-2.6532125137753435,0,test,6.346787486224656,-3.0617936659184606,0.4085811521431171,0.4085811521431171
CN(C)CCOc1ccc(-c2ccc(Cl)cc2)c(CN2CCN(c3ccc(C(=O)NS(=O)(=O)c4ccc(NCC5CCOCC5)c([N+](=O)[O-])c4)c(Oc4ccc5[nH]ccc5c4)c3)CC2)c1,0.012,1.9208187539523751,1,test,10.920818753952375,1.5158606547309583,0.4049580992214168,0.4049580992214168
CN(C)C(=O)N1CCN(c2ccc(C(=O)NS(=O)(=O)c3ccc(NCCSc4ccccc4)c([N+](=O)[O-])c3)cc2)CC1,3540.0,-3.5490032620257876,1,test,5.450996737974212,-3.145097169716442,-0.40390609230934604,0.40390609230934604
Cc1nn(Cc2ccccc2)cc1-c1ccc(N2CCc3cccc(C(=O)Nc4nc5ccccc5s4)c3C2)nc1C(=O)O,413.0,-2.615950051656401,0,test,6.384049948343598,-2.2143515395649334,-0.4015985120914678,0.4015985120914678
O=C(NS(=O)(=O)c1ccc(NCC2CCOCC2)c([N+](=O)[O-])c1)c1ccc(N2CCN(CC3=C(c4ccc(Cl)cc4)CCN(CCCO)C3)CC2)cc1Oc1cccc2[nH]ccc12,0.12,0.9208187539523752,1,test,9.920818753952375,0.5227534449251158,0.39806530902725945,0.39806530902725945
CC1(C)CCC(CN2CCN(c3ccc(C(=O)NS(=O)(=O)c4ccc(NCC5CCOCC5)c([N+](=O)[O-])c4)c(Oc4cccc5[nH]cc(Cl)c45)c3)CC2)=C(c2ccc(Cl)cc2)C1,0.81,0.09151498112135022,1,test,9.09151498112135,0.4877658151815985,-0.3962508340602483,0.3962508340602483
CC1(C)CCC(CN2CCN(c3ccc(C(=O)NS(=O)(=O)c4ccc(N[C@H]5CCN(CC(F)F)C5)c([N+](=O)[O-])c4)c(Oc4cnc5[nH]ccc5c4)c3)CC2)=C(c2ccc(Cl)cc2)C1,0.068,1.1674910872937636,1,test,10.167491087293763,1.5543199429399888,-0.38682885564622516,0.38682885564622516
CC1(C)CCC(CN2CCN(c3ccc(C(=O)NS(=O)(=O)c4ccc(NCC5(N)CCOCC5)c([N+](=O)[O-])c4)c(Oc4cccc(Cl)c4)c3)CC2)=C(c2ccc(Cl)cc2)C1,0.237,0.6252516539898961,1,test,9.625251653989896,1.010680169676515,-0.38542851568661896,0.38542851568661896
CN1CCC(Nc2ccc(S(=O)(=O)NC(=O)c3ccc(N4CCN(CC5=C(c6ccc(Cl)cc6)CC(C)(C)CC5)CC4)cc3Oc3cccc(O)c3)cc2[N+](=O)[O-])CC1,0.24,0.619788758288394,1,test,9.619788758288394,1.000976172887469,-0.3811874145990751,0.3811874145990751
CN(C)CC#Cc1ccc(OCCCc2sc(N3CCc4cccc(C(=O)Nc5nc6ccccc6s5)c4C3)nc2C(=O)O)c(F)c1,77.0,-1.8864907251724818,0,test,7.113509274827518,-2.265679744819279,0.3791890196467975,0.3791890196467975
Cc1c(O)cccc1Oc1cc(N2CCN(CC3=C(c4ccc(Cl)cc4)CC(C)(C)CC3)CC2)ccc1C(=O)NS(=O)(=O)c1ccc(NC2CCN(C)CC2)c([N+](=O)[O-])c1,0.526,0.2790142558462609,1,test,9.279014255846262,0.6559570133552031,-0.3769427575089422,0.3769427575089422
CN(C)CCCNc1ccc(S(=O)(=O)NC(=O)c2ccc(N3CCN(Cc4ccccc4-c4ccc(Cl)cc4)CC3)cc2Oc2cccc3[nH]ccc23)cc1[N+](=O)[O-],0.159,0.7986028756795485,1,test,9.79860287567955,0.42241793489091295,0.3761849407886355,0.3761849407886355
CC1(C)CCC(CN2CCN(c3ccc(C(=O)NS(=O)(=O)c4cnc(OCC5(F)CCOCC5)c(Cl)c4)c(Oc4cccc5[nH]ncc45)c3)CC2)=C(c2ccc(Cl)cc2)C1,0.012,1.9208187539523751,1,test,10.920818753952375,1.5494668996696104,0.37135185428276474,0.37135185428276474
CC1(C)CCC(CN2CCN(c3ccc(C(=O)NS(=O)(=O)c4ccc(NC5CCN(C(CF)CF)CC5)c([N+](=O)[O-])c4)c(Oc4cnc5[nH]ccc5c4)c3)CC2)=C(c2ccc(Cl)cc2)C1,0.014,1.853871964321762,1,test,10.853871964321762,1.4830646517139292,0.37080731260783284,0.37080731260783284
CC[C@H](C)[C@H](NC(C)=O)C(=O)Nc1ccc(C(=O)NS(=O)(=O)c2ccc(NCCSc3ccccc3)c([N+](=O)[O-])c2)cc1,3380.0,-3.5289167002776547,0,test,5.471083299722345,-3.1616724017226314,-0.3672442985550233,0.3672442985550233
O=C(O)c1c(CCCOc2cccc3ccccc23)c2cccc3c2n1CCC3,7300.0,-3.863322860120456,0,test,5.136677139879544,-3.4978191062735946,-0.3655037538468613,0.3655037538468613
O=C(NCCNS(=O)(=O)c1cc(-c2ccccc2Oc2ccc(O)c(O)c2)cs1)Nc1cc(Cl)cc(Cl)c1,8400.0,-3.9242792860618816,0,test,5.075720713938118,-3.5596641014517227,-0.36461518461015885,0.36461518461015885
CN(C)CCCc1c[nH]c2cccc(Oc3cc(N4CCN(CC5=C(c6ccc(Cl)cc6)CC(C)(C)CC5)CC4)ccc3C(=O)NS(=O)(=O)c3ccc(NCC4CCOCC4)c([N+](=O)[O-])c3)c12,0.057,1.2441251443275085,1,test,10.244125144327509,0.8973138981041088,0.34681124622339954,0.34681124622339954
CC1(C)CCC(CN2CCN(c3ccc(C(=O)NS(=O)(=O)c4ccc(NC5CCN(C6CCOCC6)CC5)c([N+](=O)[O-])c4)c(Oc4ccccc4Cl)c3)CC2)=C(c2ccc(Cl)cc2)C1,0.042,1.3767507096020994,1,test,10.3767507096021,1.0307347980904247,0.34601591151167477,0.34601591151167477
COc1ccc(Oc2ccc3c4c(cccc24)C2=NC(=O)C(C#N)=C23)cc1,304.0,-2.482873583608754,1,test,6.517126416391246,-2.828822291188479,0.34594870757972496,0.34594870757972496
CN(C)CC#Cc1ccc(OCCCc2sc(N3CCc4cccc(C(=O)Nc5nc6ccccc6s5)c4C3)nc2C(=O)O)cc1,60.0,-1.7781512503836436,0,test,7.221848749616356,-2.1198287474995663,0.34167749711592266,0.34167749711592266
Cc1cc(Oc2ccc(Cn3nc(C(=O)NS(=O)(=O)c4ccc(NCc5ccco5)c([N+](=O)[O-])c4)c4cc(Cl)ccc43)cc2)cc(C)c1Cl,266.0,-2.424881636631067,0,test,6.575118363368933,-2.7575265404408684,0.3326449038098014,0.3326449038098014
CC1(C)CCC(CN2CCN(c3ccc(C(=O)NS(=O)(=O)c4ccc(NC5CCN(C6CC6)CC5)c([N+](=O)[O-])c4)c(Oc4cccc(F)c4)c3)CC2)=C(c2ccc(Cl)cc2)C1,0.211,0.6757175447023074,1,test,9.675717544702307,1.0048300786428075,-0.3291125339405001,0.3291125339405001
CCOc1ccc(-c2c(NC(=O)c3ccc(C(C)(C)C)cc3)c(C(=O)O)nn2-c2ccc(Oc3ccccc3)cc2)cc1,406.0,-2.6085260335771943,1,test,6.391473966422806,-2.2869253942558228,-0.3216006393213715,0.3216006393213715
O=C(NS(=O)(=O)c1ccc(NCC2CCOCC2)c([N+](=O)[O-])c1)c1ccc(N2CCC(F)(Cc3ccccc3-c3ccc(Cl)cc3)CC2)cc1Oc1cnc2[nH]ccc2c1,0.039,1.408935392973501,1,test,10.4089353929735,1.0909922952204358,0.31794309775306506,0.31794309775306506
CN(C)CCCNc1ccc(S(=O)(=O)NC(=O)c2ccc(N3CCN(CC4=C(c5ccc(Cl)cc5)CC(C)(C)CC4)CC3)cc2Oc2cccc3[nH]ccc23)cc1[N+](=O)[O-],0.068,1.1674910872937636,1,test,10.167491087293763,0.8518156493527117,0.3156754379410519,0.3156754379410519
CC1(C)CCC(CN2CCN(c3ccc(C(=O)NS(=O)(=O)c4ccc(OCC5(C)CCOCC5)c([N+](=O)[O-])c4)c(Oc4cnc5[nH]ccc5c4)c3)CC2)=C(c2ccc(Cl)cc2)C1,0.049,1.3098039199714864,1,test,10.309803919971486,0.9970388858910006,0.3127650340804857,0.3127650340804857
CN(C)CCOc1cccc(-c2ccc(Cl)cc2)c1CN1CCN(c2ccc(C(=O)NS(=O)(=O)c3ccc(NCC4CCOCC4)c([N+](=O)[O-])c3)c(Oc3cccc4[nH]ccc34)c2)CC1,0.051,1.2924298239020637,1,test,10.292429823902063,1.601566012195525,-0.30913618829346157,0.30913618829346157
CC1(C)CCC(CN2CCN(c3ccc(C(=O)NS(=O)(=O)c4ccc(NCCCN5CCCC5)c([N+](=O)[O-])c4)c(Oc4cccc5[nH]ccc45)c3)CC2)=C(c2ccc(OC(F)(F)F)cc2)C1,1.192,-0.07627625540421759,1,test,8.923723744595783,0.2244555666372992,-0.3007318220415167,0.3007318220415167
CC1(C)CCC(CN2CCN(c3ccc(C(=O)NS(=O)(=O)c4cnc(OCC5CCN(c6nccs6)CC5)c(Cl)c4)c(Oc4cnc5[nH]ccc5c4)c3)CC2)=C(c2ccc(Cl)cc2)C1,0.11,0.958607314841775,1,test,9.958607314841775,1.2588541456730653,-0.30024683083129033,0.30024683083129033
CC1(C)CCC(CN2CCN(c3ccc(C(=O)NS(=O)(=O)c4cnc(OCC5COCCO5)c(C#N)c4)c(Oc4cnc5[nH]ccc5c4)c3)CC2)=C(c2ccc(Cl)cc2)C1,0.074,1.1307682802690238,1,test,10.130768280269024,1.4300240762340588,-0.29925579596503504,0.29925579596503504
CC1(C)CCC(CN2CCN(c3ccc(C(=O)NS(=O)(=O)c4ccc(NN5CCOCC5)c([N+](=O)[O-])c4)c(Oc4ccc5[nH]ccc5c4)c3)CC2)=C(c2ccc(Cl)cc2)C1,1.087,-0.03622954408629452,1,test,8.963770455913705,0.2621848067172132,-0.29841435080350776,0.29841435080350776
Cc1cc(OCCCc2c3n(c4c(-c5c(C)nn(C)c5C)cccc24)CCCN(Cc2cccc(C(=O)O)c2)C3=O)cc(C)c1Cl,3820.0,-3.582063362911709,0,test,5.417936637088291,-3.288065343627599,-0.29399801928411007,0.29399801928411007
CSCC[C@H](NC(C)=O)C(=O)Nc1ccc(C(=O)NS(=O)(=O)c2ccc(NCCSc3ccccc3)c([N+](=O)[O-])c2)cc1,3520.0,-3.546542663478131,0,test,5.453457336521868,-3.252751693577661,-0.29379096990047016,0.29379096990047016
CN(C)CCCC(O)(c1ccccc1)c1cccc(CCOc2ccc(-c3ccc(C(=O)O)cc3)cc2)c1,3400.0,-3.531478917042255,1,test,5.468521082957745,-3.8235995570161423,0.2921206399738874,0.2921206399738874
CC1(C)CCC(CN2CCN(c3ccc(C(=O)NS(=O)(=O)c4ccc(NC5CCC(N(C6CC6)C6CC6)CC5)c([N+](=O)[O-])c4)c(Oc4cc5cc[nH]c5cc4F)c3)CC2)=C(c2ccc(Cl)cc2)C1,0.197,0.7055337738384071,1,test,9.705533773838408,0.9962108728975929,-0.2906770990591858,0.2906770990591858
COc1ccccc1Oc1cc(N2CCN(CC3=C(c4ccc(Cl)cc4)CC(C)(C)CC3)CC2)ccc1C(=O)NS(=O)(=O)c1ccc(NC2CCN(C)CC2)c([N+](=O)[O-])c1,0.112,0.9507819773298184,0,test,9.950781977329818,1.2413080378609174,-0.290526060531099,0.290526060531099
CN1CCC(Nc2ccc(S(=O)(=O)NC(=O)c3ccc(N4CCN(CC5=C(c6ccc(Cl)cc6)CC(C)(C)CC5)CC4)cc3Oc3ccc(O)cc3Cl)cc2[N+](=O)[O-])CC1,0.074,1.1307682802690238,1,test,10.130768280269024,0.8414239665705658,0.2893443136984579,0.2893443136984579
CN1CCC(Nc2ccc(S(=O)(=O)NC(=O)c3ccc(N4CCN(CC5=C(c6ccc(Cl)cc6)CC(C)(C)CC5)CC4)cc3Oc3cccc(F)c3Cl)cc2[N+](=O)[O-])CC1,0.037,1.431798275933005,1,test,10.431798275933005,1.1438983901805095,0.2878998857524955,0.2878998857524955
O=C1c2ccc(Br)cc2C(=O)c2cc(O)c(O)cc21,132.0,-2.12057393120585,0,test,6.8794260687941495,-2.407722252924488,0.28714832171863813,0.28714832171863813
CC1(C)CCC(CN2CCN(c3ccc(C(=O)NS(=O)(=O)c4ccc(NC5CCN(C6CCOCC6)CC5)c([N+](=O)[O-])c4)c(Oc4ccc5[nH]ccc5c4)c3)CC2)=C(c2ccc(Cl)cc2)C1,0.073,1.136677139879544,1,test,10.136677139879545,0.8544492505635277,0.2822278893160164,0.2822278893160164
CC1(C)CCC(CN2CCN(c3ccc(C(=O)NS(=O)(=O)c4cnc(O[C@@H]5CCN(CC(F)F)C5)c(Cl)c4)c(Oc4cccc5[nH]ncc45)c3)CC2)=C(c2ccc(Cl)cc2)C1,0.071,1.1487416512809248,1,test,10.148741651280925,1.4298324837600058,-0.28109083247908107,0.28109083247908107
CC1(C)CCC(CN2CCN(c3ccc(C(=O)NS(=O)(=O)c4ccc(NC5CCN(C6CCOCC6)CC5)c([N+](=O)[O-])c4)c(Oc4cccc(F)c4)c3)CC2)=C(c2ccc(Cl)cc2)C1,0.032,1.494850021680094,1,test,10.494850021680094,1.2148034068901226,0.2800466147899714,0.2800466147899714
Cc1c(C(=O)O)c(-c2cccc(N3CCN(c4ccc(NS(=O)(=O)c5ccc(N[C@H](CCN6CCC(C)(O)CC6)CSc6ccccc6)c(S(=O)(=O)C(F)(F)F)c5)cc4)CC3)c2)c(-c2ccc(Cl)cc2)n1C,4.6,-0.6627578316815741,0,test,8.337242168318426,-0.3847945468203254,-0.2779632848612487,0.2779632848612487
CC1(C)CCC(CN2CCN(c3ccc(C(=O)NS(=O)(=O)c4ccc(OCC5(C)COC5)c([N+](=O)[O-])c4)c(Oc4ccc5[nH]ccc5c4)c3)CC2)=C(c2ccc(Cl)cc2)C1,0.567,0.24641694110709347,1,test,9.246416941107093,0.5219059718214782,-0.27548903071438485,0.27548903071438485
COCCON1C=C(Cl)C=C(S(=O)(=O)NC(=O)c2ccc(N3CCN(CC4=C(c5ccc(Cl)cc5)CC(C)(C)CC4)CC3)cc2Oc2cnc3[nH]ccc3c2)C1,0.19,0.721246399047171,0,test,9.721246399047171,0.9965587207952775,-0.2753123217481065,0.2753123217481065
CN1CCN(Nc2ccc(S(=O)(=O)NC(=O)c3ccc(N4CCN(CC5=C(c6ccc(Cl)cc6)CC(C)(C)CC5)CC4)cc3Oc3cc4cc[nH]c4cc3F)cc2[N+](=O)[O-])CC1,0.227,0.6439741428068773,1,test,9.643974142806877,0.9122488573272024,-0.26827471452032514,0.26827471452032514
CC1(C)CCC(CN2CCN(c3ccc(C(=O)NS(=O)(=O)c4ccc(NC5CCN(C6CCOCC6)CC5)c([N+](=O)[O-])c4)c(Nc4cccnc4)c3)CC2)=C(c2ccc(Cl)cc2)C1,22.972,-1.3611988076091288,1,test,7.638801192390871,-1.0963073346812124,-0.26489147292791637,0.26489147292791637
CN(C)CC#Cc1cc(F)c(OCCCc2sc(N3CCc4cccc(C(=O)Nc5nc6ccccc6s5)c4C3)nc2C(=O)O)cc1F,90.0,-1.9542425094393248,0,test,7.045757490560675,-2.2150780042355556,0.2608354947962308,0.2608354947962308
Cc1ccc(S(=O)(=O)NC(=O)[C@H](Cc2ccccc2)N2C(=O)N[C@@H](Cc3ccc(-c4cccc(C)c4)cc3)C2=O)cc1,13000.0,-4.113943352306837,0,test,4.886056647693163,-3.854215879833108,-0.25972747247372885,0.25972747247372885
N#Cc1ccc(COc2ccc(C[C@H](NC(=O)Cc3ccc(-c4ccccc4)cc3)C(=O)NS(=O)(=O)c3ccc(NC4CCCC4)c([N+](=O)[O-])c3)cc2)cc1,610.0,-2.785329835010767,0,test,6.214670164989233,-3.0449787343309067,0.25964889932013957,0.25964889932013957
CCN(C)C(=O)N1CCOC(CNc2ncc(S(=O)(=O)NC(=O)c3ccc(N4CCN(CC5=C(c6ccc(Cl)cc6)CC(C)(C)CC5)CC4)cc3Oc3cnc4[nH]ccc4c3)cc2Cl)C1,0.198,0.7033348097384688,1,test,9.703334809738468,0.44795538602897594,0.2553794237094929,0.2553794237094929
Cc1ccc(-c2ccsc2S(=O)(=O)NCCNC(=O)Nc2cc(Cl)cc(Cl)c2)c(Oc2ccc(O)c(O)c2)c1,2900.0,-3.462397997898956,0,test,5.537602002101044,-3.716505162699759,0.2541071648008031,0.2541071648008031
CC1(C)CCC(CN2CCN(c3ccc(C(=O)NS(=O)(=O)c4ccc(NCC5(N)CCOCC5)c([N+](=O)[O-])c4)c(Oc4ccc5[nH]ccc5c4)c3)CC2CO)=C(c2ccc(Cl)cc2)C1,0.401,0.39685562737981767,1,test,9.396855627379818,0.6507705743827167,-0.25391494700289907,0.25391494700289907
Cc1ccc(CC(=O)N[C@@H](Cc2ccc(OCc3ccc(-c4ccccc4)cc3)cc2)C(=O)NS(=O)(=O)c2ccc(Cl)c([N+](=O)[O-])c2)cc1,1100.0,-3.041392685158225,0,test,5.958607314841775,-2.788180809070725,-0.25321187608749973,0.25321187608749973
CNc1ccc(S(=O)(=O)NC(=O)c2ccc(N3CCN(CC4=C(c5ccc(Cl)cc5)CC(C)(C)CC4)CC3)cc2Oc2ccc3[nH]ccc3c2)cc1[N+](=O)[O-],1.617,-0.20871001990640112,1,test,8.791289980093598,0.03667127055673416,-0.24538129046313525,0.24538129046313525
COc1ccccc1N1C(=O)/C(=C/c2cccc(OCc3ccc(C(=O)O)cc3)c2)SC1=S,1600.0,-3.204119982655925,0,test,5.795880017344075,-3.445735552326845,0.24161556967092013,0.24161556967092013
Cc1n[nH]c2cccc(Oc3cc(N4CCN(CC5=C(c6ccc(Cl)cc6)CC(C)(C)CC5)CC4)ccc3C(=O)NS(=O)(=O)c3ccc(NC4CCN(C)CC4)c([N+](=O)[O-])c3)c12,0.09,1.0457574905606752,1,test,10.045757490560675,0.8044069246997018,0.24135056586097348,0.24135056586097348
O=S(=O)(NCCNC(=S)Nc1cc(C(F)(F)F)cc(C(F)(F)F)c1)c1sccc1-c1ccccc1Oc1ccc(O)c(O)c1,5600.0,-3.7481880270062002,0,test,5.251811972993799,-3.5075893385970778,-0.24059868840912202,0.24059868840912202
O=C(NS(=O)(=O)c1ccc(NCCc2ccncc2)c([N+](=O)[O-])c1)c1ccc(N2CCN(Cc3ccccc3-c3ccc(Cl)cc3)CC2)cc1Oc1ccccc1,0.97,0.01322826573375516,1,test,9.013228265733755,-0.22672069164308728,0.23994895737684238,0.23994895737684238
CC1(C)CCC(CN2CCN(c3ccc(C(=O)NS(=O)(=O)c4ccc(NC5CCOCC5)c([N+](=O)[O-])c4)c(Oc4ccc5[nH]ccc5c4)c3)CC2)=C(c2ccc(Cl)cc2)C1,0.316,0.5003129173815961,1,test,9.500312917381596,0.7380178898073331,-0.23770497242573696,0.23770497242573696
CC1(C)CCC(CN2CCN(c3ccc(C(=O)NS(=O)(=O)c4cnc(OCC5(F)CCN(CC#N)CC5)c(Cl)c4)c(Oc4cnc5[nH]ccc5c4)c3)CC2)=C(c2ccc(Cl)cc2)C1,0.052,1.2839966563652008,1,test,10.2839966563652,1.5193025299593412,-0.23530587359414046,0.23530587359414046
O=S(=O)(NCCNC(=S)Nc1cc(C(F)(F)F)cc(C(F)(F)F)c1)c1cc(-c2ccccc2Oc2ccc(O)c(O)c2)cs1,4600.0,-3.662757831681574,0,test,5.337242168318426,-3.4278941870928827,-0.23486364458869113,0.23486364458869113
CC(C)Oc1ccc(-c2cc(C(=O)O)nn2-c2ccc(Oc3ccccc3)cc2)cc1,932.0,-2.9694159123539814,0,test,6.030584087646019,-3.2038896333321003,0.23447372097811892,0.23447372097811892
COc1ccccc1CN1CCN(c2ccc(C(=O)NS(=O)(=O)c3ccc(N[C@H](CCN(C)C)CSc4ccccc4)c([N+](=O)[O-])c3)cc2)CC1,3.2,-0.505149978319906,1,test,8.494850021680094,-0.7383327781088443,0.2331827997889383,0.2331827997889383
CC(C)N(C)CCCNc1ccc(S(=O)(=O)NC(=O)c2ccc(N3CCN(Cc4ccccc4-c4ccc(Cl)cc4)CC3)cc2Oc2ccccc2)cc1[N+](=O)[O-],0.231,0.6363880201078557,1,test,9.636388020107855,0.4058958163550666,0.23049220375278906,0.23049220375278906
O=C(NS(=O)(=O)c1ccc(NCC2CCOCC2)c([N+](=O)[O-])c1)c1ccc(N2CCN(Cc3ccccc3-c3ccc(Cl)cc3)CC2)cc1Oc1cccc(N2CCOCC2)c1,6.111,-0.7861122837198266,1,test,8.213887716280173,-0.5567798514725953,-0.2293324322472312,0.2293324322472312
COC1=CC(c2cc3ccccc3[nH]2)=N/C1=C\c1[nH]c(C)cc1C,1110.0,-3.0453229787866576,0,test,5.954677021213342,-3.2728466189896626,0.22752364020300497,0.22752364020300497
O=C(Nc1nc2ccccc2s1)c1cccc2c1CN(c1nc(C(=O)O)c(CCOc3cccc(-n4ncc5cncnc54)c3)s1)CC2,100.0,-2.0,1,test,7.0,-2.219655957114897,0.21965595711489705,0.21965595711489705
CC1(C)CCC(CN2CCN(c3ccc(C(=O)NS(=O)(=O)c4ccc(NC5CCC(N6CCOCC6)CC5)c([N+](=O)[O-])c4)c(Oc4cccc5[nH]ccc45)c3)CC2)=C(c2ccc(Cl)cc2)C1,0.145,0.8386319977650252,1,test,9.838631997765026,0.6189850852394322,0.21964691252559299,0.21964691252559299
CC1(C)CCC(CN2CCN(c3ccc(C(=O)NS(=O)(=O)c4ccc(NCCCN5CCS(=O)(=O)CC5)c([N+](=O)[O-])c4)c(Oc4ccc5[nH]ccc5c4)c3)CC2)=C(c2ccc(Cl)cc2)C1,0.183,0.7375489102695705,1,test,9.73754891026957,0.9554353271879799,-0.21788641691840938,0.21788641691840938
CN1CCN(CCNc2ccc(S(=O)(=O)NC(=O)c3ccc(N4CCN(CC5=C(c6ccc(Cl)cc6)CC(C)(C)CC5)CC4)cc3Oc3ccc4[nH]ccc4c3)cc2[N+](=O)[O-])CC1,0.06,1.2218487496163564,1,test,10.221848749616356,1.0054481463706493,0.2164006032457071,0.2164006032457071
COc1cccc(S(=O)(=O)Nc2ccc(N3CCN(c4cccc(-c5c(C(=O)NCCCN6CCN(C)CC6)c(C)n(C)c5-c5ccc(Cl)cc5)c4)CC3)cc2)c1,207.0,-2.315970345456918,0,test,6.684029654543082,-2.5284375332305684,0.2124671877736506,0.2124671877736506
CC1(C)CCC(CN2CCN(c3ccc(C(=O)NS(=O)(=O)c4ccc(NC5CN(C(CF)CF)C5)c([N+](=O)[O-])c4)c(Oc4cnc5[nH]ccc5c4)c3)CC2)=C(c2ccc(Cl)cc2)C1,0.017,1.7695510786217261,1,test,10.769551078621726,1.5573082218350203,0.21224285678670562,0.21224285678670562
COCCNc1ccc(S(=O)(=O)NC(=O)c2ccc(N3CCN(CC4=C(c5ccc(Cl)cc5)CC(C)(C)CC4)CC3)cc2Oc2cnc3[nH]ccc3c2)cc1S(=O)(=O)C(F)(F)F,0.219,0.6595558851598816,1,test,9.659555885159882,0.8674527566011949,-0.2078968714413133,0.2078968714413133
CC(=O)N1CCOC(CNc2ccc(S(=O)(=O)NC(=O)c3ccc(N4CCN(CC5=C(c6ccc(Cl)cc6)CC(C)(C)CC5)CC4)cc3Oc3cccc4[nH]cnc34)cc2[N+](=O)[O-])C1,0.045,1.3467874862246563,1,test,10.346787486224656,1.5544867862832745,-0.20769930005861803,0.20769930005861803
CCC/C(=C1/SC(=S)N([C@@H](CC(C)C)C(=O)O)C1=O)c1ccccc1,13500.0,-4.1303337684950066,0,test,4.8696662315049934,-3.925943894275,-0.20438987422000743,0.20438987422000743
Cc1cc(Oc2ccc(Cn3nc4ccc(Cl)cc4c3C(=O)NS(=O)(=O)c3ccc([N+](=O)[O-])c(N4CCOCC4)c3)cc2)cc(C)c1Cl,900.0,-2.9542425094393248,0,test,6.045757490560675,-3.1580891323850047,0.2038466229456799,0.2038466229456799
CC(C1=C(c2ccc(Cl)cc2)CC(C)(C)CC1)N1CCN(c2ccc(C(=O)NS(=O)(=O)c3ccc(NN4CCN(C)CC4)c([N+](=O)[O-])c3)c(Oc3ccc4[nH]ccc4c3)c2)CC1,0.126,0.8996294548824371,0,test,9.899629454882437,0.69815271609647,0.20147673878596706,0.20147673878596706
CC1(C)CCC(CN2CCN(c3ccc(C(=O)NS(=O)(=O)c4ccc(NCC5CCS(=O)(=O)C5)c([N+](=O)[O-])c4)c(Oc4ccc5[nH]ccc5c4)c3)CC2)=C(c2ccc(Cl)cc2)C1,0.097,1.013228265733755,1,test,10.013228265733755,0.8157074757826873,0.1975207899510677,0.1975207899510677
CC1(C)CCC(CN2CCN(c3ccc(C(=O)NS(=O)(=O)c4ccc(NCC5CCOCC5)c([N+](=O)[O-])c4)c(Oc4cc(N)cc(Cl)c4)c3)CC2)=C(c2ccc(Cl)cc2)C1,0.69,0.16115090926274472,1,test,9.161150909262744,0.3523879796611501,-0.1912370703984054,0.1912370703984054
COc1cc(CCN(C)C)ccc1-c1ccc(C(=O)NS(=O)(=O)c2ccc(NCCSc3ccccc3)c([N+](=O)[O-])c2)cc1,3260.0,-3.513217600067939,0,test,5.486782399932061,-3.3222784718721514,-0.1909391281957875,0.1909391281957875
Cc1cc(Oc2ccc(Cn3nc4ccc(Cl)cc4c3C(=O)NS(=O)(=O)c3ccc([N+](=O)[O-])c(NCc4ccncc4)c3)cc2)cc(C)c1Cl,710.0,-2.8512583487190755,0,test,6.1487416512809245,-3.041664681904325,0.19040633318524947,0.19040633318524947
CC1(C)CCC(CN2CCN(c3ccc(C(=O)NS(=O)(=O)c4ccc(NCC5CCOCC5)c([N+](=O)[O-])c4)c(Oc4cc5cc[nH]c5cc4Cl)c3)CC2)=C(c2ccc(Cl)cc2)C1,0.199,0.7011469235902933,1,test,9.701146923590294,0.8911594473959166,-0.19001252380562328,0.19001252380562328
Cc1ccc(-c2ccc(O[C@H]3C[C@@H](C(=O)N[C@@H](Cc4ccc(Br)cc4)C(=O)NS(=O)(=O)c4ccc(Cl)c([N+](=O)[O-])c4)N(C(=O)OC(C)(C)C)C3)cc2)cc1,550.0,-2.7403626894942437,0,test,6.259637310505756,-2.928409522548655,0.18804683305441072,0.18804683305441072
CC1(C)CCC(CN2CCN(c3ccc(C(=O)NS(=O)(=O)c4cnc(OCC5(F)CCOCC5)c(F)c4)c(Oc4cnc5[nH]ccc5c4)c3)CC2)=C(c2ccc(Cl)cc2)C1,0.029,1.537602002101044,1,test,10.537602002101044,1.3558884365627266,0.1817135655383173,0.1817135655383173
Cc1cc(Oc2ccc(Cn3nc4ccc(Cl)cc4c3C(=O)NS(=O)(=O)c3ccc([N+](=O)[O-])c(NCCc4cccnc4)c3)cc2)cc(C)c1Cl,460.0,-2.6627578316815743,0,test,6.337242168318426,-2.842797041158947,0.18003920947737262,0.18003920947737262
CC1(C)CCC(CN2CCN(c3ccc(C(=O)NS(=O)(=O)c4ccc(NCCOC(F)(F)F)c([N+](=O)[O-])c4)c(Oc4cccc5[nH]ccc45)c3)CC2)=C(c2ccc(Cl)cc2)C1,0.598,0.22329881601158916,1,test,9.223298816011589,0.045472990097137504,0.1778258259144516,0.1778258259144516
CN1CCC(Nc2ccc(S(=O)(=O)NC(=O)c3ccc(N4CCN(CC5=C(c6ccc(Cl)cc6)CC(C)(C)CC5)CC4)cc3Oc3cccc(C(F)(F)F)c3)cc2[N+](=O)[O-])CC1,0.147,0.832682665251824,1,test,9.832682665251824,0.655118783532808,0.17756388171901605,0.17756388171901605
Cc1cccc(Oc2cc(N3CCN(CC4=C(c5ccc(Cl)cc5)CC(C)(C)CC4)CC3)ccc2C(=O)NS(=O)(=O)c2ccc(NC3CCN(C)CC3)c([N+](=O)[O-])c2)c1,0.172,0.7644715530924511,1,test,9.76447155309245,0.940803486962607,-0.1763319338701559,0.1763319338701559
CC1(C)CCC(CN2CCN(c3ccc(C(=O)NS(=O)(=O)c4ccc(NCC5(O)CCCCC5)c([N+](=O)[O-])c4)c(Oc4ccc5[nH]ccc5c4)c3)CC2)=C(c2ccc(Cl)cc2)C1,0.43,0.36653154442041347,1,test,9.366531544420413,0.5379813727632613,-0.1714498283428479,0.1714498283428479
CC1(C)CCC(CN2CCN(c3ccc(C(=O)NS(=O)(=O)c4ccc(NC5CCC(N6CCOCC6)CC5)c([N+](=O)[O-])c4)c(Oc4cc5cc[nH]c5cc4Cl)c3)CC2)=C(c2ccc(Cl)cc2)C1,0.233,0.632644078973981,1,test,9.63264407897398,0.8027514318319856,-0.1701073528580046,0.1701073528580046
CC1(C)CCC(CN2CCN(c3ccc(C(=O)NS(=O)(=O)c4ccc(NCc5cccc(OC(F)F)c5)c([N+](=O)[O-])c4)c(Oc4cnc5[nH]ccc5c4)c3)CC2)=C(c2ccc(Cl)cc2)C1,0.08,1.0969100130080565,1,test,10.096910013008056,1.2649625280779353,-0.16805251506987884,0.16805251506987884
CC1(C)CCC(CN2CCN(c3ccc(C(=O)NS(=O)(=O)c4ccc(OCC5CCOCC5)c(C(N)=O)c4)c(Oc4cnc5[nH]ccc5c4)c3)CC2)=C(c2ccc(Cl)cc2)C1,0.3,0.5228787452803376,1,test,9.522878745280337,0.3565291585895367,0.1663495866908009,0.1663495866908009
COCCOCCN1CCC(Nc2ccc(S(=O)(=O)NC(=O)c3ccc(N4CCN(CC5=C(c6ccc(Cl)cc6)CC(C)(C)CC5)CC4)cc3Oc3cccc(Cl)c3)cc2[N+](=O)[O-])CC1,0.036,1.4436974992327127,1,test,10.443697499232712,1.278683939453711,0.16501355977900167,0.16501355977900167
Cc1cc(OCCCc2c(C(=O)Nc3ccc(C(=O)O)cc3)[nH]c3c(-c4c(C)nn(CCN5CCOCC5)c4C)c(Cl)ccc23)cc(C)c1Cl,1640.0,-3.214843848047698,0,test,5.785156151952302,-3.0507363239673735,-0.16410752408032447,0.16410752408032447
CC1(C)CCC(CN2CCN(c3ccc(C(=O)NS(=O)(=O)c4ccc(NC5CCCCC5N)c([N+](=O)[O-])c4)c(Oc4ccc5[nH]ccc5c4)c3)CC2)=C(c2ccc(Cl)cc2)C1,0.589,0.22988470521289836,1,test,9.229884705212898,0.06612607617991259,0.16375862903298571,0.16375862903298571
CCCc1ccc2c(c1)C(C(C#N)C(=O)OCC)C(C(=O)OCC)C(=N)O2,128000.0,-5.107209969647869,0,test,3.8927900303521312,-5.264263534308331,0.15705356466046183,0.15705356466046183
CC1(C)CCC(CN2CCN(c3ccc(C(=O)NS(=O)(=O)c4ccc(NC5CCN(C6CC6)CC5)c([N+](=O)[O-])c4)c(Oc4cccc(F)c4F)c3)CC2)=C(c2ccc(Cl)cc2)C1,0.081,1.0915149811213503,1,test,10.09151498112135,0.937418962842599,0.15409601827875152,0.15409601827875152
Cc1c(C(=O)NCCCN2CCN(C)CC2)c(-c2cccc(N3CCN(c4ccc(NS(=O)(=O)c5ccccc5)cc4)CC3)c2)c(-c2ccc(Cl)cc2)n1C,569.0,-2.7551122663950713,0,test,6.244887733604928,-2.9086079144665082,0.15349564807143645,0.15349564807143645
COCCN1CCC(Nc2ccc(S(=O)(=O)NC(=O)c3ccc(N4CCN(CC5=C(c6ccc(Cl)cc6)CC(C)(C)CC5)CC4)cc3Oc3cccc4[nH]ccc34)cc2[N+](=O)[O-])CC1,0.151,0.8210230527068306,1,test,9.821023052706831,0.9644291245625795,-0.14340607185574883,0.14340607185574883
Cc1cc(Oc2ccc(Cn3nc4ccc(Cl)cc4c3C(=O)NS(=O)(=O)c3ccc([N+](=O)[O-])c(NCc4cccnc4)c3)cc2)cc(C)c1Cl,1220.0,-3.0863598306747484,0,test,5.913640169325252,-2.944881377579975,-0.14147845309477347,0.14147845309477347
O=C(NCCNS(=O)(=O)c1cc(-c2ccccc2Oc2ccc(O)c(O)c2)cs1)Nc1cc(C(F)(F)F)cc(C(F)(F)F)c1,5200.0,-3.716003343634799,0,test,5.2839966563652006,-3.57601973095955,-0.13998361267524917,0.13998361267524917
Cc1cccc(S(=O)(=O)Nc2ccc(N3CCN(c4cccc(-c5c(C(=O)NCCCN6CCN(C)CC6)c(C)n(C)c5-c5ccc(Cl)cc5)c4)CC3)cc2)c1,178.0,-2.250420002308894,0,test,6.7495799976911055,-2.387248938621821,0.13682893631292714,0.13682893631292714
CC1(C)CC(c2ccc(Cl)cc2)=C(CN2CCN(c3ccc(C(=O)NS(=O)(=O)c4cnc(OCC5CCOCC5)c(C#N)c4)c(Oc4cc5cc[nH]c5cc4F)c3)CC2)CO1,0.054,1.2676062401770314,1,test,10.267606240177031,1.132462041523602,0.13514419865342941,0.13514419865342941
CN1CCC(Nc2ccc(S(=O)(=O)NC(=O)c3ccc(N4CCN(CC5=C(c6ccc(Cl)cc6)CC(C)(C)OC5)CC4)cc3Oc3cccc(Br)c3)cc2[N+](=O)[O-])CC1,0.028,1.5528419686577808,1,test,10.55284196865778,1.4191539613826682,0.13368800727511254,0.13368800727511254
O=C(NS(=O)(=O)c1ccc(NCC2CCOCC2)c([N+](=O)[O-])c1)c1ccc(N2CCN(Cc3ccccc3-c3ccc(Cl)cc3)CC2)cc1Oc1cccc(-c2ccccc2)c1,5.263,-0.7212333700172775,1,test,8.278766629982723,-0.5897567494954463,-0.13147662052183118,0.13147662052183118
O=C(NS(=O)(=O)c1ccc(NCC2CCOCC2)c([N+](=O)[O-])c1)c1ccc(N2CCN(Cc3ccccc3-c3ccc(Cl)cc3)CC2)cc1Oc1ccc2[nH]cc(CCC(=O)N3CCOCC3)c2c1,32.26,-1.5086643630529426,0,test,7.491335636947057,-1.378894467558512,-0.12976989549443063,0.12976989549443063
CC(C)(C)c1ccc(OCCCn2ccc3cc(OCc4cccc(C(=O)O)c4)ccc32)cc1,470.0,-2.6720978579357175,0,test,6.327902142064282,-2.5498893576752617,-0.12220850026045538,0.12220850026045538
CC(=O)OCOC(=O)c1ccc(/C(Cl)=C/[C@@H]2C=C(C)C[C@H]3C[C@H](CCn4cc(-c5ccccc5)nn4)C=C[C@]32C(=O)OCOC(C)=O)cc1,2580.0,-3.41161970596323,0,test,5.58838029403677,-3.2922259981413684,-0.11939370782186165,0.11939370782186165
CN1CCC(Nc2ccc(S(=O)(=O)NC(=O)c3ccc(N4CCN(CC5=C(c6ccc(Cl)cc6)CCCC5)CC4)cc3Oc3ccc4[nH]ccc4c3)cc2[N+](=O)[O-])CC1,0.125,0.9030899869919435,1,test,9.903089986991944,1.016905664812057,-0.11381567782011326,0.11381567782011326
COc1ccc2c(c1)c(CC(=O)N[C@@H](Cc1ccccc1)C(=O)NS(=O)(=O)c1ccc(Cl)c([N+](=O)[O-])c1)c(C)n2-c1ccc(-c2ccccc2)cc1,580.0,-2.7634279935629373,0,test,6.236572006437063,-2.876550773842378,0.11312278027944078,0.11312278027944078
N#CC1=C2C(=NC1=O)c1cccc3c(Sc4ccc(Br)cc4)ccc2c13,382.0,-2.582063362911709,0,test,6.417936637088291,-2.692293765763807,0.11023040285209795,0.11023040285209795
CC1(C)CCC(CN2CCN(c3ccc(C(=O)NS(=O)(=O)c4cnc(OCCN5CCOCC5)c(C#N)c4)c(Oc4ccc5[nH]ccc5c4)c3)CC2)=C(c2ccc(Cl)cc2)C1,0.188,0.7258421507363202,1,test,9.72584215073632,0.6175875684793197,0.10825458225700046,0.10825458225700046
Cc1cc(OCCCc2c3n(c4c(-c5c(C)nn(C)c5C)c(Cl)ccc24)CCCN(c2cc(C(=O)O)cc4c2OCO4)C3=O)cc(C)c1Cl,550.0,-2.7403626894942437,0,test,6.259637310505756,-2.846478388551854,0.10611569905760998,0.10611569905760998
CC(C)(C)OC(=O)N1C[C@@H](Oc2ccc(-c3ccccc3)cc2)C[C@H]1C(=O)N[C@@H](Cc1ccc(Br)cc1)C(=O)NS(=O)(=O)c1ccc(Cl)c([N+](=O)[O-])c1,930.0,-2.9684829485539352,0,test,6.031517051446064,-3.069698536265193,0.10121558771125772,0.10121558771125772
CC(=O)OCOC(=O)c1ccc(/C(Cl)=C/[C@@H]2C=C(C)C[C@H]3C[C@H](CCN=[N+]=[N-])C=C[C@]32C(=O)OCOC(C)=O)cc1,1450.0,-3.161368002234975,0,test,5.838631997765026,-3.0635577737702993,-0.09781022846467557,0.09781022846467557
CC1(C)CCC(CN2CCN(c3ccc(C(=O)NS(=O)(=O)c4ccc(NCCCN5CCNC(=O)C5)c([N+](=O)[O-])c4)c(Oc4ccc5[nH]ccc5c4)c3)CC2)=C(c2ccc(Cl)cc2)C1,0.107,0.9706162223147904,1,test,9.97061622231479,1.0678558051164162,-0.09723958280162581,0.09723958280162581
Cc1c(C(=O)O)c(-c2cccc(N3CCN(c4ccc(NS(=O)(=O)c5ccc(N[C@H](CCN6CC(O)C6)CSc6ccccc6)c(S(=O)(=O)C(F)(F)F)c5)cc4)CC3)c2)c(-c2ccc(Cl)cc2)n1C,1.7,-0.2304489213782739,0,test,8.769551078621726,-0.32757296799550695,0.09712404661723303,0.09712404661723303
CC1(C)CCC(CN2CCN(c3ccc(C(=O)NS(=O)(=O)c4ccc(OCC5(F)CCOCC5)c([N+](=O)[O-])c4)c(Oc4cccc5[nH]ccc45)c3)CC2)=C(c2ccc(Cl)cc2)C1,0.077,1.1135092748275182,1,test,10.113509274827518,1.018951201754559,0.09455807307295916,0.09455807307295916
Cc1cc2c(c(O)c1-c1c(C)cc3c(c1O)/C(=C/NCCCCC(=O)O)C(=O)C(O)=C3C(C)C)/C(=C/NCCCCC(=O)O)C(=O)C(O)=C2C(C)C,171.0,-2.2329961103921536,0,test,6.767003889607846,-2.3259721576588346,0.09297604726668096,0.09297604726668096
COc1ccc2c(c1)c(CC(=O)N[C@@H](Cc1ccc(OCc3ccc(C)cc3)cc1)C(=O)NS(=O)(=O)c1ccc(Cl)c([N+](=O)[O-])c1)c(C)n2C(=O)c1ccc(Cl)cc1,560.0,-2.7481880270062002,0,test,6.251811972993799,-2.6586814312074516,-0.0895065957987482,0.0895065957987482
CC(C)(C)OC(=O)Nc1cccc(Oc2cc(N3CCN(Cc4ccccc4-c4ccc(Cl)cc4)CC3)ccc2C(=O)NS(=O)(=O)c2ccc(NCC3CCOCC3)c([N+](=O)[O-])c2)c1,5.626,-0.7501997278291821,1,test,8.249800272170818,-0.8364816313085579,0.08628190347937581,0.08628190347937581
CC1(C)CCC(CN2CCN(c3ccc(C(=O)NS(=O)(=O)c4cnc(OCCN5CCOCC5)c(C#N)c4)c(Oc4cc5cc[nH]c5cc4F)c3)CC2)=C(c2ccc(Cl)cc2)C1,0.155,0.8096683018297085,1,test,9.809668301829708,0.8944431271856464,-0.08477482535593794,0.08477482535593794
Cc1ccccc1/C=C/C(=O)Nc1ccc(C(=O)NS(=O)(=O)c2ccc(NCCSc3ccccc3)c([N+](=O)[O-])c2)cc1,1700.0,-3.230448921378274,0,test,5.769551078621726,-3.145731755119166,-0.08471716625910819,0.08471716625910819
CC1(C)CCC(CN2CCN(c3ccc(C(=O)NS(=O)(=O)c4cnc(OCCN5CCOCC5)c(C#N)c4)c(Oc4cnc5[nH]ccc5c4)c3)CC2)=C(c2ccc(Cl)cc2)C1,0.063,1.2006594505464183,1,test,10.200659450546418,1.116817051830559,0.08384239871585941,0.08384239871585941
CN(C)CCCNc1ccc(S(=O)(=O)NC(=O)c2ccc(N3CCN(CC4=C(c5ccc(Cl)cc5)CC(C)(C)CC4)CC3)cc2Oc2ccc(F)cc2)cc1[N+](=O)[O-],0.125,0.9030899869919435,0,test,9.903089986991944,0.9846698059208129,-0.08157981892886923,0.08157981892886923
Cc1nc2cc(Oc3cc(N4CCN(Cc5ccccc5-c5ccc(Cl)cc5)CC4)ccc3C(=O)NS(=O)(=O)c3ccc(NCCCN(C)C)c([N+](=O)[O-])c3)ccc2s1,1.501,-0.17638069224327035,1,test,8.82361930775673,-0.25509607228169484,0.07871538003842454,0.07871538003842454
N#CC1=C(NCCC(=O)NCc2ccccc2)c2ccc(Sc3ccc(Br)cc3)c3cccc(c23)C1=O,1050.0,-3.0211892990699383,0,test,5.978810700930062,-3.099882547541385,0.07869324847144687,0.07869324847144687
CC1=C[C@@H](/C=C(\Cl)c2ccc(C(=O)O)cc2)[C@]2(C(=O)O)C=C[C@@H](CCOC(=O)Nc3cccc(Cl)c3)C[C@@H]2C1,1080.0,-3.03342375548695,0,test,5.96657624451305,-3.110369961502812,0.0769462060158621,0.0769462060158621
CCC1(O)CCC(CNc2ccc(S(=O)(=O)NC(=O)c3ccc(N4CCN(CC5=C(c6ccc(Cl)cc6)CC(C)(C)CC5)CC4)cc3Oc3cnc4[nH]ccc4c3)cc2[N+](=O)[O-])CC1,0.036,1.4436974992327127,1,test,10.443697499232712,1.3668094636649892,0.0768880355677235,0.0768880355677235
CN1CCN(CCCNc2ccc(S(=O)(=O)NC(=O)c3ccc(N4CCN(CC5=C(c6ccc(Cl)cc6)CC(C)(C)CC5)CC4)cc3Oc3cccc(Cl)c3)cc2[N+](=O)[O-])CC1,0.053,1.275724130399211,1,test,10.275724130399212,1.2010764998388967,0.07464763056031432,0.07464763056031432
Cc1c(-c2ccc(N3CCc4cccc(C(=O)Nc5nc6ccccc6s5)c4C3)nc2C(=O)O)cnn1CC1CCCCC1,29.0,-1.462397997898956,0,test,7.537602002101044,-1.537019272173752,0.07462127427479581,0.07462127427479581
Cc1cc(Oc2ccc(Cn3nc4ccc(Cl)cc4c3C(=O)NS(=O)(=O)c3ccc(N4CCOCC4)c([N+](=O)[O-])c3)cc2)cc(C)c1Cl,530.0,-2.724275869600789,0,test,6.275724130399211,-2.7976767906577003,0.0734009210569111,0.0734009210569111
CC(c1ccccc1-c1ccc(Cl)cc1)N1CCN(c2ccc(C(=O)NS(=O)(=O)c3ccc(NN4CCN(C)CC4)c([N+](=O)[O-])c3)c(Oc3cccc4[nH]ccc34)c2)CC1,0.262,0.5816987086802545,0,test,9.581698708680255,0.509239113682226,0.07245959499802856,0.07245959499802856
N#CC1=C(NCCC(=O)NCCOCCO)c2ccc(Sc3ccc(Br)cc3)c3cccc(c23)C1=O,810.0,-2.9084850188786495,0,test,6.0915149811213505,-2.977900696243734,0.06941567736508514,0.06941567736508514
CC(C)(C)OC(=O)N1C[C@@H](Oc2ccc(-c3ccc(Cl)cc3)cc2)C[C@H]1C(=O)N[C@@H](Cc1ccc(Br)cc1)C(=O)NS(=O)(=O)c1ccc(Cl)c([N+](=O)[O-])c1,830.0,-2.9190780923760737,0,test,6.080921907623926,-2.849701620307103,-0.06937647206897068,0.06937647206897068
Cc1cc(Oc2ccc(Cn3nc(C(=O)NS(=O)(=O)c4ccc(N5CCOCC5)c([N+](=O)[O-])c4)c4cc(Cl)ccc43)cc2)cc(C)c1Cl,569.0,-2.7551122663950713,0,test,6.244887733604928,-2.8242364408077663,0.06912417441269447,0.06912417441269447
O=C(O)CSc1cc(NS(=O)(=O)c2ccc(-c3ccc(Cl)cc3)cc2)c2ccccc2c1O,6110.0,-3.786041210242554,0,test,5.213958789757446,-3.8537612450020036,0.06772003475944954,0.06772003475944954
Cc1cc2c(C)c(O)c(O)c(C=O)c2c(O)c1-c1c(C)cc2c(C(C)C)c(O)c(O)c(C=O)c2c1O,880.0,-2.9444826721501687,0,test,6.055517327849831,-2.8774267409946463,-0.06705593115552233,0.06705593115552233
CN(C)CCCNc1ccc(S(=O)(=O)NC(=O)c2ccc(N3CCN(CC4=C(c5ccc(Cl)cc5)CC(C)(C)CC4)CC3)cc2Oc2ccccc2Cl)cc1[N+](=O)[O-],0.036,1.4436974992327127,0,test,10.443697499232712,1.3775431697647553,0.0661543294679574,0.0661543294679574
CC1(C)CC(c2ccc(Cl)cc2)=C2CN3CCN(c4ccc(C(=O)NS(=O)(=O)c5ccc(OCC6(F)CCN(C7COC7)CC6)c(Cl)c5)c(N5CCCOc6nc7[nH]ccc7cc65)c4)C[C@H]3COCCCO[C@@H]2C1,0.267,0.5734887386354247,0,test,9.573488738635424,0.5077061206552943,0.06578261798013041,0.06578261798013041
CCN(C)C(=O)N1CCOC(CNc2ccc(S(=O)(=O)NC(=O)c3ccc(N4CCN(CC5=C(c6ccc(Cl)cc6)CC(C)(C)CC5)CC4)cc3Oc3cnc4[nH]ccc4c3)cc2Cl)C1,0.511,0.2915790998652873,1,test,9.291579099865288,0.35650978395279287,-0.06493068408750557,0.06493068408750557
CC1(C)CCC(CN2CCN(c3ccc(C(=O)NS(=O)(=O)c4ccc(OCC5CCOCC5)c([N+](=O)[O-])c4)c(Oc4cc5cc[nH]c5cc4F)c3)CC2)=C(c2ccc(Cl)cc2)C1,0.068,1.1674910872937636,1,test,10.167491087293763,1.1129118445011994,0.05457924279256421,0.05457924279256421
O=C(O)c1ccc([N+](=O)[O-])c(COc2ccc(/C=C3\SC(=S)N(c4ccc([N+](=O)[O-])cc4)C3=O)cc2)c1,3100.0,-3.4913616938342726,0,test,5.508638306165727,-3.545836012583818,0.054474318749545336,0.054474318749545336
CC1(C)CCC(CN2CCN(c3ccc(C(=O)NS(=O)(=O)c4ccc(NCC5CCOCC5)c(S(=O)(=O)C(F)(F)F)c4)c(Oc4cccc5[nH]ccc45)c3)CC2)=C(c2ccc(Cl)cc2)C1,1.48,-0.17026171539495738,1,test,8.829738284605043,-0.11612748080351311,-0.05413423459144419,0.05413423459144419
CCc1sc2ncnc(N[C@H](C)C(=O)O)c2c1-c1ccc2[nH]ccc2c1,28000.0,-4.447158031342219,0,test,4.552841968657781,-4.500903066150306,0.053745034808086345,0.053745034808086345
COc1cccc(CCSc2ccc(NS(=O)(=O)N3CCN(c4ccc(C(C)(C)C)cc4)CC3)c(C(=O)O)c2)c1,1200.0,-3.0791812460476247,0,test,5.920818753952375,-3.1325447296200757,0.05336348357245102,0.05336348357245102
O=C(/C=C/c1ccc(Cl)cc1)Nc1ccc(C(=O)NS(=O)(=O)c2ccc(NCCSc3ccccc3)c([N+](=O)[O-])c2)cc1,1100.0,-3.041392685158225,0,test,5.958607314841775,-3.0917625005412774,0.05036981538305252,0.05036981538305252
CC1(C)CCC(CN2CCN(c3ccc(C(=O)NS(=O)(=O)c4ccc(NC5CCC(N6CCOCC6)CC5)c([N+](=O)[O-])c4)c(Oc4cc5cc[nH]c5cc4F)c3)CC2)=C(c2ccc(Cl)cc2)C1,0.099,1.00436480540245,1,test,10.00436480540245,0.9545933332801851,0.04977147212226496,0.04977147212226496
CC1(C)CCC(CN2CCN(c3ccc(C(=O)NS(=O)(=O)c4ccc(NC5CCN(CCCC(F)(F)F)CC5)c([N+](=O)[O-])c4)c(Oc4cccc5[nH]ccc45)c3)CC2)=C(c2ccc(Cl)cc2)C1,0.624,0.204815410317576,1,test,9.204815410317575,0.24864623414878204,-0.04383082383120604,0.04383082383120604
CN1CCC(CNc2ccc(S(=O)(=O)NC(=O)c3ccc(N4CCN(CC5=C(c6ccc(Cl)cc6)CC(C)(C)CC5)CC4)cc3Oc3cccc(Cl)c3)cc2[N+](=O)[O-])CC1,0.062,1.207608310501746,1,test,10.207608310501746,1.2423591230601716,-0.03475081255842549,0.03475081255842549
Cc1cc(Oc2ccc(Cn3nc(C(=O)NS(=O)(=O)Cc4ccc(NCc5cccnc5)c([N+](=O)[O-])c4)c4cc(Cl)ccc43)cc2)cc(C)c1Cl,690.0,-2.838849090737255,0,test,6.161150909262744,-2.8158141794673015,-0.023034911269953717,0.023034911269953717
N#Cc1ccc(CC2Cc3c(cc(Br)c(OCc4ccc(-c5ccccc5)cc4)c3Br)C[C@H]2C(=O)NS(=O)(=O)c2ccc(Cl)c([N+](=O)[O-])c2)cc1,450.0,-2.6532125137753435,1,test,6.346787486224656,-2.6747105975064738,0.02149808373113027,0.02149808373113027
CN(C)CCCC[C@H](CSc1ccccc1)Nc1ccc(S(=O)(=O)NC(=O)c2ccc(N3CCC(C)(C)CC3)cc2)cc1[N+](=O)[O-],73.0,-1.863322860120456,0,test,7.136677139879544,-1.8424688081137481,-0.020854052006707757,0.020854052006707757
COc1ccc2c(c1)c(CC(=O)N[C@@H](Cc1ccc(Br)cc1)C(=O)NS(=O)(=O)c1ccc(Cl)c([N+](=O)[O-])c1)c(C)n2C(=O)c1ccc(Cl)cc1,590.0,-2.7708520116421442,0,test,6.229147988357855,-2.753581192112264,-0.017270819529879855,0.017270819529879855
COc1cc(O)c2c(=O)cc(-c3cc(O)c(O)cc3Cc3ccccc3)oc2c1,1300.0,-3.113943352306837,0,test,5.886056647693163,-3.097720422632504,-0.01622292967433303,0.01622292967433303
CC1(C)CCC(CN2CCN(c3ccc(C(=O)NS(=O)(=O)c4ccc(NN5CCS(=O)(=O)CC5)c([N+](=O)[O-])c4)c(Oc4cnc5[nH]ccc5c4)c3)CC2)=C(c2ccc(Cl)cc2)C1,0.035,1.4559319556497243,1,test,10.455931955649724,1.4693733293863793,-0.013441373736654993,0.013441373736654993
CC(=O)Nc1cccc(Oc2cc(N3CCN(Cc4ccccc4-c4ccc(Cl)cc4)CC3)ccc2C(=O)NS(=O)(=O)c2ccc(NCC3CCOCC3)c([N+](=O)[O-])c2)c1,5.578,-0.7464785099300311,1,test,8.25352149006997,-0.7594212380734995,0.012942728143468418,0.012942728143468418
CCOc1ccccc1N/N=C1/C(=O)N(c2nc(-c3ccccc3)cs2)N=C1C,3000.0,-3.4771212547196626,0,test,5.522878745280337,-3.464491616325635,-0.01262963839402742,0.01262963839402742
Cc1cc(OCCCc2c(C(=O)Nc3cc(C(=O)O)ccn3)[nH]c3c(-c4c(C)nn(C)c4C)c(Cl)ccc23)cc(C)c1Cl,2900.0,-3.462397997898956,0,test,5.537602002101044,-3.474725080871232,0.012327082972276138,0.012327082972276138
COC(=O)[C@@]12C=C[C@@H](CC(=O)Nc3ccc(Cl)cc3)C[C@@H]1CC(C)=C[C@H]2/C=C(\Cl)c1ccc(C(=O)O)cc1,700.0,-2.845098040014257,0,test,6.154901959985743,-2.856768825463148,0.011670785448890886,0.011670785448890886
O=C(/C=C/c1ccc(C(F)(F)F)cc1)Nc1ccc(C(=O)NS(=O)(=O)c2ccc(NCCSc3ccccc3)c([N+](=O)[O-])c2)cc1,2000.0,-3.3010299956639813,0,test,5.698970004336019,-3.3126316850285247,0.011601689364543422,0.011601689364543422
CN(C)CCCN(C)c1ccc(S(=O)(=O)NC(=O)c2ccc(N3CCN(Cc4ccccc4-c4ccc(Cl)cc4)CC3)cc2Oc2ccccc2)cc1[N+](=O)[O-],0.762,0.1180450286603995,1,test,9.118045028660399,0.12828882879362088,-0.01024380013322139,0.01024380013322139
Cc1cc(OCCCn2nc(C(=O)NS(=O)(=O)c3ccc(NCc4cccnc4)c([N+](=O)[O-])c3)c3cc(Cl)ccc32)cc(C)c1Cl,694.0,-2.841359470454855,1,test,6.158640529545146,-2.8479155482049556,0.006556077750100808,0.006556077750100808
CC1(C)CCC(CN2CCN(c3ccc(C(=O)NS(=O)(=O)c4ccc(NC5CCN(C6CCOCC6)CC5)c([N+](=O)[O-])c4)c(Oc4cccc(F)c4F)c3)CC2)=C(c2ccc(Cl)cc2)C1,0.062,1.207608310501746,1,test,10.207608310501746,1.2029494526092472,0.004658857892498869,0.004658857892498869
O=C(O)C1C2CC(Sc3ccccc3[N+](=O)[O-])C(Cl)C2c2cc(Cl)cc3c2N1CC1CC=CC31,15000.0,-4.176091259055681,0,train,4.823908740944319,-2.6220896685045783,-1.554001590551103,1.554001590551103
CN1CCC(Nc2ccc(S(=O)(=O)NC(=O)c3ccc(N4CCN(CC5=C(c6ccc(Cl)cc6)CCCCCC5)CC4)cc3Oc3cccc4[nH]ccc34)cc2[N+](=O)[O-])CC1,44.184,-1.6452650302156206,1,train,7.35473496978438,-0.17860225594846038,-1.4666627742671603,1.4666627742671603
CC(C)C[C@@H](CO)Nc1ccc(S(=O)(=O)NC(=O)c2ccc(N3CCN(CC4=C(c5ccc(Cl)cc5)CC(C)(C)CC4)CC3)cc2Oc2ccc3[nH]ccc3c2)cc1[N+](=O)[O-],838.2,-2.9233476564978256,1,train,6.076652343502174,-1.7940908289118878,-1.1292568275859378,1.1292568275859378
N#Cc1ccc(CN2Cc3c(cc(Br)c(OCc4ccc(-c5ccccc5)cc4)c3Br)C[C@H]2C(=O)NS(=O)(=O)c2ccc(Cl)c([N+](=O)[O-])c2)cc1,0.45,0.3467874862246563,1,train,9.346787486224656,-0.7512025613396043,1.0979900475642606,1.0979900475642606
CN1CCC(Nc2ccc(S(=O)(=O)NC(=O)c3ccc(N4CCN(CC5=C(c6ccc(Cl)cc6)CC(C)(C)C5)CC4)cc3Oc3cccc4[nH]ccc34)cc2[N+](=O)[O-])CC1,53.902,-1.7316048797108459,1,train,7.268395120289155,-0.6569637979306979,-1.0746410817801482,1.0746410817801482
CN(C)CCCNc1ccc(S(=O)(=O)NC(=O)c2ccc(N3CCN(CC4=C(c5ccc(Cl)cc5)CC(C)(C)CC4)CC3)cc2Oc2ccc3[nH]ccc3c2)cc1S(=O)(=O)C(F)(F)Cl,288.67,-2.4604016522165577,1,train,6.539598347783443,-1.405039120448067,-1.0553625317684907,1.0553625317684907
CCN(CC)C[C@@H](O)CNc1ccc(NC[C@H]2CO2)c2c1C(=O)c1ccccc1C2=O,3.3,-0.5185139398778874,0,train,8.481486060122112,-1.533982662728941,1.0154687228510535,1.0154687228510535
CC1(C)CCC(CN2CCN(c3ccc(C(=O)NS(=O)(=O)c4ccc(N[C@H](CCN5CCOCC5)CSc5ccccc5)c(S(=O)(=O)C(F)(F)Cl)c4)cc3)CC2)=C(c2ccc(Cl)cc2)C1,0.048,1.3187587626244128,0,train,10.318758762624412,0.3445215577888969,0.9742372048355159,0.9742372048355159
CC1(C)CCC(CN2CCN(c3ccc(C(=O)NS(=O)(=O)c4ccc(NCC5CCOCC5)c([N+](=O)[O-])c4)c(Oc4cc(NC(=O)OC(C)(C)C)nc(NC(=O)OC(C)(C)C)c4)c3)CC2)=C(c2ccc(Cl)cc2)C1,1195.0,-3.0773679052841567,1,train,5.922632094715843,-2.18258497380526,-0.8947829314788969,0.8947829314788969
CC[C@H](C)[C@H](NC(=O)[C@H](CC(N)=O)NC(=O)[C@H](CCCN=C(N)N)NC(=O)[C@@H](NC(=O)[C@@H](NC(=O)[C@H](CC(=O)O)NC(=O)[C@H](CCC(=O)O)NC(=O)[C@@H](N)CCC(N)=O)[C@@H](C)CC)[C@@H](C)CC)C(=O)N[C@@H](C)C(=O)N[C@@H](CCCN=C(N)N)C(=O)N[C@@H](Cc1cnc[nH]1)C(=O)N[C@@H](CC(C)C)C(=O)N[C@@H](C)C(=O)N[C@@H](CCC(N)=O)C(=O)N[C@H](C(=O)NCC(=O)N[C@@H](CC(=O)O)C(=O)N[C@@H](CO)C(=O)N[C@@H](CCSC)C(=O)N[C@@H](CC(=O)O)C(=O)N[C@@H](CCCN=C(N)N)C(=O)O)C(C)C,11.0,-1.041392685158225,0,train,7.958607314841775,-1.9306241142077951,0.8892314290495702,0.8892314290495702
CC1(C)CCC(CN2CCN(c3ccc(C(=O)NS(=O)(=O)c4ccc(NCC5CCC(F)(F)CC5)c([N+](=O)[O-])c4)c(Oc4cc5cc[nH]c5cc4F)c3)CC2)=C(c2ccc(Cl)cc2)C1,21.291,-1.3281960599485494,1,train,7.671803940051451,-0.4511815328803302,-0.8770145270682193,0.8770145270682193
CN1CCC(C)(Nc2ccc(S(=O)(=O)NC(=O)c3ccc(N4CCN(CC5=C(c6ccc(Cl)cc6)CC(C)(C)CC5)CC4)cc3Oc3ccccc3Cl)cc2[N+](=O)[O-])CC1,28.343,-1.4524458167826704,1,train,7.547554183217329,-0.5803055371177849,-0.8721402796648855,0.8721402796648855
CC1(C)CCC(CN2CCN(c3ccc(C(=O)NS(=O)(=O)c4ccc(NCC5CCOCC5)c([N+](=O)[O-])c4)c(Oc4ccc5c(c4)CC(=O)N5)c3)CC2)=C(c2ccc(Cl)cc2)C1,28.426,-1.4537157517007673,1,train,7.546284248299233,-0.582914682068364,-0.8708010696324032,0.8708010696324032
Cc1c(N(C(=O)c2cc(-c3cc(Cl)ccc3C(=O)N3Cc4ccccc4C[C@H]3CN3CCOCC3)n(C)c2C)c2ccc(O)cc2)cc(C#N)n1C,0.305,0.5157001606532141,0,train,9.515700160653214,-0.34800475738604225,0.8637049180392564,0.8637049180392564
CC(C)Oc1cc(-c2ccc(Cl)cc2)c(CN2CCN(c3ccc(C(=O)NS(=O)(=O)c4ccc(NCC5CCOCC5)c([N+](=O)[O-])c4)c(Oc4ccc5[nH]ccc5c4)c3)CC2)cn1,74.915,-1.8745687838543952,1,train,7.125431216145605,-1.0141745080867828,-0.8603942757676124,0.8603942757676124
Cc1cccc(CC(=O)N2CCc3cc(-c4cc(C(=O)N(c5ccc(O)cc5)c5cc(C#N)n(C)c5C)c(C)n4C)c(C(=O)N4Cc5ccccc5C[C@H]4C)cc3C2)c1,0.34,0.46852108295774486,0,train,9.468521082957745,-0.3381510413710658,0.8066721243288106,0.8066721243288106
CN1CCN(CCCNC(=O)c2c(-c3ccccc3)c(-c3ccc(Cl)cc3)cn2CC[C@H](O)CO)CC1,78000.0,-4.892094602690481,0,train,4.107905397309519,-4.114108926423194,-0.7779856762672868,0.7779856762672868
CN1CCC(Nc2ccc(S(=O)(=O)NC(=O)c3ccc(N4CCN(CC5=C(c6ccc(Cl)cc6)CC(C)(C)CC5)CC4)cc3Nc3cccnc3)cc2[N+](=O)[O-])CC1,115.67,-2.0632207355819947,1,train,6.936779264418005,-1.2893519333622367,-0.773868802219758,0.773868802219758
CN(C)CCCNc1ccc(NC(=O)c2ccc(N3CCN(CC4=C(c5ccc(Cl)cc5)CC(C)(C)CC4)CC3)cc2Oc2cccc(F)c2)cc1[N+](=O)[O-],0.016,1.7958800173440752,0,train,10.795880017344075,1.0326575685840595,0.7632224487600157,0.7632224487600157
CC(C)(C)OC(=O)N1CCN(c2ccc(Oc3cc(N4CCN(Cc5ccccc5-c5ccc(Cl)cc5)CC4)ccc3C(=O)NS(=O)(=O)c3ccc(NCCCN4CCOCC4)c([N+](=O)[O-])c3)cc2)CC1,146.59,-2.1661043448416164,1,train,6.833895655158384,-1.4047328760664692,-0.7613714687751472,0.7613714687751472
Cc1cc(OCCCc2c3n(c4c(-c5c(C)nn(C)c5C)c(Cl)ccc24)CCCN(c2ccc(C(=O)O)c4cccnc24)C3=O)cc(C)c1Cl,490.0,-2.690196080028514,0,train,6.309803919971486,-1.9308954745544833,-0.7593006054740306,0.7593006054740306
CN1CCC(Nc2ccc(S(=O)(=O)NC(=O)c3ccc(N4CCN(CC5=C(c6ccc(Cl)cc6)CCCC5)CC4)cc3Oc3cccc4[nH]ccc34)cc2[N+](=O)[O-])CC1,0.265,0.5767541260631921,1,train,9.576754126063193,-0.17860225594846038,0.7553563820116524,0.7553563820116524
CN1CCC(Nc2ccc(S(=O)(=O)NC(=O)c3ccc(N4CCN(Cc5cc6c(cc5-c5ccc(Cl)cc5)OCO6)CC4)cc3Oc3ccccc3Cl)cc2[N+](=O)[O-])CC1,2.53,-0.40312052117581787,1,train,8.596879478824182,0.3497345663789112,-0.7528550875547291,0.7528550875547291
COCCN1CCCC(CNc2ccc(S(=O)(=O)NC(=O)c3ccc(N4CCN(CC5=C(c6ccc(Cl)cc6)CC(C)(C)CC5)CC4)cc3Oc3cnc4[nH]ccc4c3)cc2[N+](=O)[O-])C1,26.8,-1.428134794028789,1,train,7.571865205971211,-0.6874449061142603,-0.7406898879145286,0.7406898879145286
C[C@H](Nc1ccc(S(=O)(=O)NC(=O)c2ccc(N3CCN(CC4=C(c5ccc(Cl)cc5)CC(C)(C)CC4)CC3)cc2Oc2ccc3[nH]ccc3c2)cc1[N+](=O)[O-])c1ccccc1,63.003,-1.7993612296508144,0,train,7.200638770349186,-1.068623283360615,-0.7307379462901993,0.7307379462901993
CC[C@H](C)[C@H](NC(C)=O)C(=O)N[C@@H](C)C(=O)N[C@@H](CCC(N)=O)C(=O)N[C@@H](CCC(=O)O)C(=O)N[C@@H](CCCNC(=N)N)C(=O)N[C@@H](CCCNC(=N)N)C(=O)N[C@H](C(=O)NCC(=O)N[C@@H](CC(=O)O)C(=O)N[C@@H](CCC(=O)O)C(=O)N[C@@H](Cc1ccccc1)C(N)=O)[C@@H](C)CC,9.5,-0.9777236052888477,0,train,8.022276394711152,-1.7039058938360458,0.7261822885471982,0.7261822885471982
CCN1CCN(c2cc(S(=O)(=O)NC(=O)c3nn(Cc4ccc(Oc5cc(C)c(Cl)c(C)c5)cc4)c4ccc(Cl)cc34)ccc2[N+](=O)[O-])CC1,74253.0,-4.870714004886564,0,train,4.129285995113436,-4.165764520162744,-0.7049494847238194,0.7049494847238194
CC1(C)CCC(CN2CCN(c3ccc(C(=O)NS(=O)(=O)c4ccc(NCCc5ccc(S(N)(=O)=O)cc5)c([N+](=O)[O-])c4)c(Oc4ccc5[nH]ccc5c4)c3)CC2)=C(c2ccc(Cl)cc2)C1,22.405,-1.3503449482490621,1,train,7.649655051750938,-0.6506913569653172,-0.6996535912837447,0.6996535912837447
CN(C)CCOc1cccc(Oc2cc(N3CCN(Cc4ccccc4-c4ccc(Cl)cc4)CC3)ccc2C(=O)NS(=O)(=O)c2ccc(NCC3CCOCC3)c([N+](=O)[O-])c2)c1,0.019,1.7212463990471711,1,train,10.721246399047171,1.0338693600373412,0.6873770390098299,0.6873770390098299
CC1(C)CCC(CN2CCN(c3ccc(C(=O)NS(=O)(=O)c4ccc5ccccc5c4)c(Oc4cnc5[nH]ccc5c4)c3)CC2)=C(c2ccc(Cl)cc2)C1,2.7999999999999994,-0.4471580313422191,1,train,8.55284196865778,0.218172793864736,-0.6653308252069551,0.6653308252069551
CN1CCC(Nc2ccc(S(=O)(=O)NC(=O)c3ccc(N4CCN(CC5=C(c6ccc(Cl)cc6)CC(C)(C)CC5)CC4)cc3Oc3cccc4[nH]c5ccccc5c34)cc2[N+](=O)[O-])CC1,4.92,-0.6919651027673603,1,train,8.30803489723264,-0.026657082542699332,-0.665308020224661,0.665308020224661
CC1(C)CCC(CN2CCN(c3ccc(C(=O)NS(=O)(=O)c4cnc(OCC5CCOCC5)c(Br)c4)c(Oc4cccc5[nH]ccc45)c3)CC2)=C(c2ccc(Cl)cc2)C1,0.006,2.221848749616356,1,train,11.221848749616356,1.5798465792194505,0.6420021703969057,0.6420021703969057
CC1(C)CCC(CN2CCN(c3ccc(C(=O)NS(=O)(=O)c4ccc(NCC5CCOCC5)c([N+](=O)[O-])c4)c(Oc4ccc(OCc5ccccc5)nc4)c3)CC2)=C(c2ccc(Cl)cc2)C1,79.348,-1.899535984652174,1,train,7.100464015347826,-1.2576542958207142,-0.6418816888314598,0.6418816888314598
CC1(C)CCC(CN2CCN(c3ccc(C(=O)NS(=O)(=O)c4cnc(OCC5CCOCC5)c(Cl)c4)c(Oc4cccc5[nH]ncc45)c3)CC2)=C(c2ccc(Cl)cc2)C1,0.002,2.6989700043360187,1,train,11.698970004336019,2.0579061169650466,0.6410638873709722,0.6410638873709722
COC(=O)CN/C=C1\C(=O)C(O)=C(C(C)C)c2cc(C)c(-c3c(C)cc4c(c3O)/C(=C/NC(=O)OC)C(=O)C(O)=C4C(C)C)c(O)c21,5.0,-0.6989700043360189,1,train,8.301029995663981,-1.339878051463579,0.6409080471275602,0.6409080471275602
CCSCCCCC(c1ccc(O)cc1)C(C)(CC)c1ccc(O)cc1,169000.0,-5.227886704613674,0,train,3.772113295386326,-4.59245834139871,-0.635428363214964,0.635428363214964
Cc1cc(Oc2cc(N3CCN(CC4=C(c5ccc(Cl)cc5)CC(C)(C)CC4)CC3)ccc2C(=O)NS(=O)(=O)c2ccc(NCC3CCOCC3)c([N+](=O)[O-])c2)cnc1N,0.033,1.4814860601221125,1,train,10.481486060122112,0.8497729905976485,0.6317130695244639,0.6317130695244639
CN1CCC(CNc2ccc(S(=O)(=O)NC(=O)c3ccc(N4CCN(Cc5ccccc5-c5ccc(Cl)cc5)CC4)cc3Oc3ccccc3)cc2[N+](=O)[O-])CC1,0.069,1.1611509092627446,1,train,10.161150909262744,0.5347604659516026,0.6263904433111419,0.6263904433111419
CCC(C)[C@H](NC(=O)Cc1c(C)n(C(=O)c2ccc(Cl)cc2)c2ccc(OC)cc12)C(=O)NS(=O)(=O)c1ccc(Cl)c([N+](=O)[O-])c1,4900.0,-3.690196080028514,0,train,5.309803919971486,-3.069187974699267,-0.6210081053292469,0.6210081053292469
CN1CCN(Nc2ccc(S(=O)(=O)NC(=O)c3ccc(N4CCN(CC5=C(c6ccc(Cl)cc6)CC(C)(C)CC5)CC4)cc3Oc3ccc4[nH]cc(CCN)c4c3)cc2[N+](=O)[O-])CC1,13.659,-1.1354189050278523,1,train,7.864581094972148,-0.5178188675046776,-0.6176000375231748,0.6176000375231748
CC1(C)CCC(CN2CCN(c3ccc(C(=O)NS(=O)(=O)c4ccc(NC5CCN(C6CCOCC6)CC5)c([N+](=O)[O-])c4)c(OCc4csc(N)n4)c3)CC2)=C(c2ccc(Cl)cc2)C1,14.857,-1.171931123355967,1,train,7.828068876644033,-0.5561049384591256,-0.6158261848968415,0.6158261848968415
O=C(NS(=O)(=O)c1ccc(NCC2CCOCC2)c([N+](=O)[O-])c1)c1ccc(N2CCN(Cc3ccccc3-c3ccc(Cl)cc3)CC2)cc1Oc1ccc2[nH]cc(CCCN3CCOCC3)c2c1,189.43,-2.2774487592644848,1,train,6.722551240735515,-1.6647781599142761,-0.6126705993502086,0.6126705993502086
COc1cccc(Oc2ccc3c4c(cccc24)C2=NC(=O)C(C#N)=C23)c1,16600.0,-4.220108088040055,1,train,4.779891911959945,-3.609390468097752,-0.610717619942303,0.610717619942303
CC1(C)CCC(CN2CCN(c3ccc(C(=O)NS(=O)(=O)c4ccc(NCC5(N6CCOCC6)CCCCC5)c([N+](=O)[O-])c4)c(Oc4ccc5[nH]ccc5c4)c3)CC2)=C(c2ccc(Cl)cc2)C1,49.413,-1.6938412219099406,1,train,7.30615877809006,-1.0831352809800712,-0.6107059409298694,0.6107059409298694
CN(C)CCCOc1ccc(S(=O)(=O)NC(=O)c2ccc(N3CCN(Cc4ccccc4-c4ccc(Cl)cc4)CC3)cc2Oc2ccccc2)cc1[N+](=O)[O-],0.07,1.154901959985743,1,train,10.154901959985743,0.5467963851308815,0.6081055748548616,0.6081055748548616
CN1CCC(Nc2ccc(C(=O)NS(=O)(=O)c3ccc(N4CCN(Cc5ccccc5-c5ccc(Cl)cc5)CC4)cc3Oc3cc(Cl)cc(Cl)c3)cc2[N+](=O)[O-])CC1,17.44,-1.2415464805965484,0,train,7.758453519403451,-1.8469493936281263,0.6054029130315779,0.6054029130315779
CN(C)C(=O)c1ccccc1Oc1cc(N2CCN(Cc3ccccc3-c3ccc(Cl)cc3)CC2)ccc1C(=O)NS(=O)(=O)c1ccc(NCC2CCOCC2)c([N+](=O)[O-])c1,0.071,1.1487416512809248,1,train,10.148741651280925,0.5479108291959984,0.6008308220849263,0.6008308220849263
CC1(C)CCC(CN2CCN(c3ccc(C(=O)NS(=O)(=O)c4ccc(OCC5CN(C6CC6)CCO5)c(Cl)c4)c(Oc4cnc5[nH]ccc5c4)c3)CC2)=C(c2ccc(Cl)cc2)C1,1.09,-0.03742649794062367,1,train,8.962573502059376,0.561483886991585,-0.5989103849322086,0.5989103849322086
CC(C)c1cc(C(=O)N2CCc3ccccc3C2)c(O)c(O)c1O,3100.0,-3.4913616938342726,0,train,5.508638306165727,-2.9015210377675498,-0.5898406560667229,0.5898406560667229
CN1CCC(Nc2ccc(S(=O)(=O)NC(=O)c3ccc(N4CCN(CC5=C(c6ccc(Cl)cc6)CC(C)(C)CC5)CC4)cc3Oc3ccc4c(c3)CCCN4)cc2[N+](=O)[O-])CC1,6.639,-0.8221026686469204,1,train,8.17789733135308,-0.23597847882261686,-0.5861241898243035,0.5861241898243035
CN(C)C(=O)COc1ccc(Oc2cc(N3CCN(Cc4ccccc4-c4ccc(Cl)cc4)CC3)ccc2C(=O)NS(=O)(=O)c2ccc(NCC3CCOCC3)c([N+](=O)[O-])c2)cc1,669.5,-2.8257505813480277,1,train,6.174249418651972,-2.2553163027987932,-0.5704342785492349,0.5704342785492349
COC(=O)c1nn(-c2ccc(Oc3ccccc3)cc2)c(-c2ccc(OC(C)C)cc2)c1NC(=O)c1ccc(OC(C)C)cc1,5160.0,-3.7126497016272113,0,train,5.287350298372789,-3.1514082172595903,-0.561241484367621,0.561241484367621
CC1(C)CC(c2ccc(Cl)cc2)=C(CN2CCN(c3ccc(C(=O)NS(=O)(=O)c4ccc(NCC5CCOCC5)c(S(=O)(=O)C(F)(F)F)c4)c(Oc4cnc5[nH]ccc5c4)c3)CC2)CO1,0.012,1.9208187539523751,1,train,10.920818753952375,1.3622323653773365,0.5585863885750386,0.5585863885750386
CC1(C)CCC(CN2CCN(c3ccc(C(=O)NS(=O)(=O)c4ccc(NN5CCCCC5)c([N+](=O)[O-])c4)c(Oc4cccc5[nH]ccc45)c3)CC2)=C(c2ccc(Cl)cc2)C1,47.464,-1.6763643353293973,1,train,7.3236356646706025,-1.1231310748744037,-0.5532332604549934,0.5532332604549934
CC1(C)CCC(CN2CCN(c3ccc(C(=O)NS(=O)(=O)c4ccc(NC5CCN(C6CCOCC6)CC5)c([N+](=O)[O-])c4)c(Oc4c(F)cccc4Cl)c3)CC2)=C(c2ccc(Cl)cc2)C1,18.589,-1.2692560274177735,1,train,7.730743972582227,-0.7177424790045606,-0.551513548413213,0.551513548413213
CC1(C)CCC(CN2CCN(c3ccc(C(=O)NS(=O)(=O)c4ccc(NC5CCN(C6Cc7ccccc7C6)CC5)c([N+](=O)[O-])c4)c(Oc4ccc5[nH]ccc5c4)c3)CC2)=C(c2ccc(Cl)cc2)C1,4.669,-0.6692238739308057,1,train,8.330776126069194,-0.1249364456632347,-0.544287428267571,0.544287428267571
CN(C)CCOc1ccc(-c2ccc(Cl)cc2)c(CN2CCN(c3ccc(C(=O)NS(=O)(=O)c4ccc(NCC5CCOCC5)c([N+](=O)[O-])c4)c(Oc4cccc5[nH]ccc45)c3)CC2)c1,0.003,2.5228787452803374,1,train,11.522878745280337,1.9789599500201185,0.5439187952602189,0.5439187952602189
CC[C@H](C)[C@H](NC(C)=O)C(=O)N[C@@H](Cc1c[nH]c2ccccc12)C(=O)N[C@H](C(=O)N[C@@H](C)C(=O)N[C@@H](CCC(N)=O)C(=O)N[C@@H](CCC(=O)O)C(=O)N[C@@H](CC(C)C)C(=O)N[C@@H](CCCNC(=N)N)C(=O)N[C@@H](CCCNC(=N)N)C(=O)N[C@H](C(=O)NCC(=O)N[C@@H](CC(=O)O)C(=O)N[C@@H](CCC(=O)O)C(=O)N[C@@H](Cc1ccccc1)C(=O)N[C@@H](CC(N)=O)C(=O)N[C@@H](C)C(=O)N[C@@H](Cc1ccc(O)cc1)C(=O)N[C@@H](Cc1ccc(O)cc1)C(=O)N[C@@H](C)C(=O)N[C@@H](CCCNC(=N)N)C(=O)N[C@@H](CCCNC(=N)N)C(N)=O)[C@@H](C)CC)[C@@H](C)CC,17.0,-1.2304489213782739,0,train,7.769551078621726,-1.7694948085282667,0.5390458871499926,0.5390458871499926
CC(=O)Nc1cccc(Oc2cc(N3CCN(CC4=C(c5ccc(Cl)cc5)CC(C)(C)CC4)CC3)ccc2C(=O)NS(=O)(=O)c2ccc(NC3CCN(C)CC3)c([N+](=O)[O-])c2)c1,5.603,-0.7484206224675684,1,train,8.251579377532432,-0.2108756391054651,-0.5375449833621032,0.5375449833621032
CC1(C)CCC(CN2CCN(c3ccc(C(=O)NS(=O)(=O)c4ccc(NCC5CCOCC5)c([N+](=O)[O-])c4)c(Oc4cccc5c4CCN(C(=O)OC(C)(C)C)C5)c3)CC2)=C(c2ccc(Cl)cc2)C1,11.834,-1.0731315649409932,0,train,7.926868435059006,-0.5380301628712594,-0.5351014020697338,0.5351014020697338
[C]N([C])[C][C][C@H]([C]Sc1ccccc1)[N]c1ccc(S(=O)(=O)[N]C(=O)c2ccc(N3[C][C]C(=[C]c4ccccc4Cl)[C][C]3)cc2)cc1[N+](=O)[O-],0.7,0.1549019599857432,1,train,9.154901959985743,-0.37183511199324004,0.5267370719789832,0.5267370719789832
COC1CCC(CNc2ccc(S(=O)(=O)NC(=O)c3ccc(N4CCN(CC5=C(c6ccc(Cl)cc6)CC(C)(C)CC5)CC4)cc3Oc3ccc(NCC(F)F)nc3)cc2[N+](=O)[O-])CC1,327.81,-2.5156221977963367,1,train,6.484377802203664,-1.9899613013831203,-0.5256608964132163,0.5256608964132163
CC1(C)CCC(CN2CCN(c3ccc(C(=O)NS(=O)(=O)c4ccc(C(=O)NCC5CCOCC5)cc4)c(Oc4ccc5[nH]ccc5c4)c3)CC2)=C(c2ccc(Cl)cc2)C1,57.376,-1.7587302678820889,1,train,7.241269732117911,-1.233356062044752,-0.525374205837337,0.525374205837337
CC1(C)CCC(CC2CCN(c3ccc(C(=O)NS(=O)(=O)c4ccc(NCC5CCOCC5)c([N+](=O)[O-])c4)c(Oc4cnc5[nH]ccc5c4)c3)CC2)=C(c2ccc(Cl)cc2)C1,0.052,1.2839966563652008,1,train,10.2839966563652,0.7597285789111762,0.5242680774540246,0.5242680774540246
CN(C)CCCc1c[nH]c2ccc(Oc3cc(N4CCN(Cc5ccccc5-c5ccc(Cl)cc5)CC4)ccc3C(=O)NS(=O)(=O)c3ccc(NCC4CCOCC4)c([N+](=O)[O-])c3)cc12,214.52,-2.3314677882910306,1,train,6.668532211708969,-1.80812983444194,-0.5233379538490901,0.5233379538490901
CC1(C)CCC(CN2CCN(c3ccc(C(=O)NS(=O)(=O)c4ccc(OCC5(F)CCOCC5)c(S(=O)(=O)C(F)(F)F)c4)c(Oc4cnc(N)c(Cl)c4)c3)CC2)=C(c2ccc(Cl)cc2)C1,3.779,-0.5773768919170145,1,train,8.422623108082986,-0.05730380593160352,-0.5200730859854109,0.5200730859854109
CC1(C)CCC(CN2CCN(c3ccc(C(=O)NS(=O)(=O)c4ccc(NCC5CCOCC5)c([N+](=O)[O-])c4)c(Oc4ccc(O)nc4)c3)CC2)=C(c2ccc(Cl)cc2)C1,17.21,-1.2357808703275603,1,train,7.76421912967244,-0.7194248828516748,-0.5163559874758855,0.5163559874758855
CC1(C)CCC(CN2CCN(c3ccc(C(=O)NS(=O)(=O)c4ccc(NCN5CCN(Cc6nccs6)CC5)c([N+](=O)[O-])c4)c(Oc4ccc5[nH]ccc5c4)c3)CC2)=C(c2ccc(Cl)cc2)C1,8.819,-0.9454193426030633,1,train,8.054580657396937,-0.430543919564878,-0.5148754230381851,0.5148754230381851
CC1(C)CCC(CN2CCN(c3ccc(C(=O)NS(=O)(=O)c4ccc(NC5CCN(C6Cc7ccccc7C6)CC5)c([N+](=O)[O-])c4)c(Oc4cccc5[nH]ccc45)c3)CC2)=C(c2ccc(Cl)cc2)C1,6.831,-0.8344842853348053,1,train,8.165515714665194,-0.32103805011853503,-0.5134462352162703,0.5134462352162703
CN(C)CCOc1cccc(-c2ccc(Cl)cc2)c1CN1CCN(c2ccc(C(=O)NS(=O)(=O)c3ccc(NC4CCN(C)CC4)c([N+](=O)[O-])c3)c(Oc3cccc4[nH]ccc34)c2)CC1,0.005,2.3010299956639813,1,train,11.301029995663981,1.7887388232756396,0.5122911723883417,0.5122911723883417
CN1CCC(Nc2ccc(S(=O)(=O)NC(=O)c3ccc(N4CCN(CC5=C(c6ccc(Cl)cc6)CC(C)(C)CC5)CC4)cc3Oc3cccc4c3ccn4C(=O)OC(C)(C)C)cc2[N+](=O)[O-])CC1,20.043,-1.301962726473363,1,train,7.698037273526637,-0.7906079144024659,-0.5113548120708972,0.5113548120708972
CC(C)c1cc(Oc2cc(N3CCN(CC4=C(c5ccc(Cl)cc5)CC(C)(C)CC4)CC3)ccc2C(=O)NS(=O)(=O)c2ccc(NCC3CCOCC3)c([N+](=O)[O-])c2)cnc1N,4.551,-0.6581068355063929,1,train,8.341893164493607,-0.14746055011727124,-0.5106462853891217,0.5106462853891217
CCOc1ccc(-c2c(NC(=O)c3ccc(OC(C)C)cc3)c(C(=O)O)nn2-c2ccc(Oc3ccccc3)cc2)cc1,28.0,-1.4471580313422192,1,train,7.552841968657781,-1.9477069784483185,0.5005489471060993,0.5005489471060993
CC1(C)CCC(CN2CCN(c3ccc(C(=O)NS(=O)(=O)c4ccc(NCC5CCOCC5)c(C#N)c4)c(Oc4cccc5[nH]ccc45)c3)CC2)=C(c2ccc(Cl)cc2)C1,5.457,-0.736953953783146,1,train,8.263046046216854,-0.2373784862665181,-0.49957546751662785,0.49957546751662785
O=C(NS(=O)(=O)c1ccc(NCC2CCOCC2)c([N+](=O)[O-])c1)c1ccc(N2CCN(Cc3ccccc3-c3ccc(Cl)cc3)CC2)cc1Oc1ccc(-n2ccnc2)cc1,239.5,-2.379305517750582,1,train,6.620694482249418,-1.8876237594747463,-0.4916817582758357,0.4916817582758357
CC1(C)CCC(CN2CCN(c3ccc(C(=O)NS(=O)(=O)c4ccc(NCC5COCCO5)c([N+](=O)[O-])c4)c(Oc4cccc5[nH]cnc45)c3)CC2)=C(c2ccc(Cl)cc2)C1,0.299,0.5243288116755703,1,train,9.52432881167557,1.0127564102495625,-0.4884275985739922,0.4884275985739922
O=C(NS(=O)(=O)c1ccc(NC2CCC(N3CCOCC3)CC2)c([N+](=O)[O-])c1)c1ccc(N2CCN(CC3=C(c4ccc(Cl)cc4)CCOCC3)CC2)cc1Oc1cc2cc[nH]c2cc1Cl,4.555,-0.658488381309017,1,train,8.341511618690983,-0.17239948584722978,-0.48608889546178724,0.48608889546178724
CN1CCC(Nc2ccc(S(=O)(=O)NC(=O)c3ccc(N4CCN(CC5=C(c6ccc(Cl)cc6)CC(C)(C)CC5)CC4)cc3Oc3cc(Cl)cc(Cl)c3)cc2[N+](=O)[O-])CC1,0.022,1.6575773191777938,1,train,10.657577319177793,1.1736580114136788,0.48391930776411507,0.48391930776411507
O=C(NS(=O)(=O)c1ccc(NCC2CCOCC2)c([N+](=O)[O-])c1)c1ccc(N2CCN(Cc3ccccc3-c3ccc(Cl)cc3)CC2)cc1Oc1ccc(OCCN2CCOCC2)cc1,561.21,-2.7491254009631043,1,train,6.250874599036896,-2.266189857991384,-0.48293554297172037,0.48293554297172037
CC1(C)CCC(CN2CCN(c3ccc(C(=O)NS(=O)(=O)c4ccc(Nc5ccc(O)cc5)c([N+](=O)[O-])c4)c(Oc4ccc5[nH]ccc5c4)c3)CC2)=C(c2ccc(Cl)cc2)C1,11.254,-1.0513069108179738,1,train,7.948693089182026,-0.573734967332098,-0.47757194348587584,0.47757194348587584
Cc1cc(Oc2ccc(Cn3nc(C(=O)NS(=O)(=O)c4ccc([N+](=O)[O-])c(N5CCOCC5)c4)c4cc(Cl)ccc43)cc2)cc(C)c1Cl,451.0,-2.6541765418779604,0,train,6.345823458122039,-3.1310535710306255,0.47687702915266517,0.47687702915266517
CC1(C)CCC(CN2CCN(c3ccc(C(=O)NS(=O)(=O)c4cnc(NC5CCN(C6CC6)CC5)c(Cl)c4)c(Oc4cccc5[nH]ncc45)c3)CC2)=C(c2ccc(Cl)cc2)C1,0.005,2.3010299956639813,1,train,11.301029995663981,1.8246903640139696,0.4763396316500117,0.4763396316500117
CN(C)CCc1ccc(Oc2cc(N3CCN(Cc4ccccc4-c4ccc(Cl)cc4)CC3)ccc2C(=O)NS(=O)(=O)c2ccc(NCC3CCOCC3)c([N+](=O)[O-])c2)cc1,264.27,-2.422047864705878,1,train,6.577952135294122,-1.9472437606753052,-0.4748041040305728,0.4748041040305728
CCCC[C@H]1C(=O)O[C@H](C)[C@H](NC(=O)c2cccc(NC=O)c2O)C(=O)O[C@@H](C)[C@@H]1OC(=O)CC(C)C,124000.0,-5.093421685162235,0,train,3.9065783148377653,-4.618849897672083,-0.4745717874901514,0.4745717874901514
CC1(C)CCC(CN2CCN(c3ccc(C(=O)NS(=O)(=O)c4ccc(NCC5CCOCC5)c([N+](=O)[O-])c4)c(Oc4ccc5[nH]ccc5c4)c3)CC2)=C(c2ccc(Cl)cc2)C1,0.017,1.7695510786217261,1,train,10.769551078621726,1.2990131896258093,0.47053788899591664,0.47053788899591664
CN1CCC(Nc2ccc(S(=O)(=O)NC(=O)c3ccc(N4CCN(CC5=C(c6ccc(Cl)cc6)CCCCC5)CC4)cc3Oc3cccc4[nH]ccc34)cc2[N+](=O)[O-])CC1,0.514,0.28903688100472424,1,train,9.289036881004725,-0.17860225594846038,0.4676391369531846,0.4676391369531846
O=C(NS(=O)(=O)c1ccc(NCC2CCOCC2)c([N+](=O)[O-])c1)c1ccc(N2CCN(Cc3cc(OCCN4CCCC4)ccc3-c3ccc(Cl)cc3)CC2)cc1Oc1ccccc1,0.009,2.0457574905606752,1,train,11.045757490560675,1.57980853593838,0.46594895462229524,0.46594895462229524
CN(C)CCCNc1ccc(S(=O)(=O)NC(=O)c2ccc(N3CCN(Cc4ccccc4-c4ccc(Cl)cc4)CC3)cc2Oc2cccc3c2ccn3C)cc1[N+](=O)[O-],3.039,-0.4827307000799429,1,train,8.517269299920057,-0.020900396090011878,-0.461830303989931,0.461830303989931
CC1(C)CC(c2ccc(Cl)cc2)=C(CN2CCN(c3ccc(C(=O)NS(=O)(=O)c4ccc(NCC5CCOCC5)c(C(F)(F)F)c4)c(Oc4cnc5[nH]ccc5c4)c3)CC2)CO1,0.439,0.35753547975787864,1,train,9.357535479757878,0.8187237834047058,-0.46118830364682717,0.46118830364682717
CC1=C(C2=C(C)C(=O)C3C(C(C)C)=C(O)C(O)=CC3C2=O)C(=O)c2cc(O)c(O)c(C(C)C)c2C1=O,35.0,-1.5440680443502757,0,train,7.455931955649724,-2.00470196177111,0.4606339174208345,0.4606339174208345
CCc1sc2nc(S(C)(=O)=O)nc(N[C@H](C)C(=O)O)c2c1-c1cccc(Oc2ccc(F)cc2)c1,51000.0,-4.707570176097937,0,train,4.292429823902063,-4.249381020510851,-0.4581891555870854,0.4581891555870854
COc1ccc2c(c[n+](C)c3c4cc5c(cc4ccc23)OCO5)c1OC,171000.0,-5.232996110392154,0,train,3.767003889607846,-4.77530538005057,-0.45769073034158403,0.45769073034158403
O=C(NS(=O)(=O)c1ccc(NCC2CCOCC2)cc1)c1ccc(N2CCN(Cc3ccccc3-c3ccc(Cl)cc3)CC2)cc1Oc1cccc([N+](=O)[O-])c1,450.52,-2.6537140754412487,0,train,6.346285924558751,-2.1997333095458695,-0.45398076589537917,0.45398076589537917
CSCC[C@@H](C(=O)O)N1C(=O)/C(=C/c2ccc(Br)cc2)SC1=S,69600.0,-4.842609239610562,0,train,4.157390760389438,-4.3886384378835785,-0.45397080172698345,0.45397080172698345
O=C1CC[C@H](O)c2cccc(O)c21,474760.0,-5.676474121169098,0,train,3.3235258788309023,-5.222756768660906,-0.4537173525081917,0.4537173525081917
CC1(C)CCC(CN2CCN(c3ccc(C(=O)NS(=O)(=O)c4ccc(NCC5CCOCC5)c([N+](=O)[O-])c4)c(Oc4cnc5[nH]ccc5c4)c3)CC2)=C(c2ccc(Cl)cc2)C1,2.137833333333333,-0.32997384435495575,1,train,8.670026155645044,0.12319274212842174,-0.45316658648337743,0.45316658648337743
CN1CCC(Nc2ccc(S(=O)(=O)NC(=O)c3ccc(N4CCN(CC5=C(c6ccc(Cl)cc6)CC(C)(C)CC5)CC4)cc3Oc3ccc4[nH]ccc4c3)cc2[N+](=O)[O-])CC1,0.013,1.8860566476931633,1,train,10.886056647693163,1.4392028381192121,0.4468538095739514,0.4468538095739514
CN(C)CC[C@H](CSc1ccccc1)Nc1ccc(S(=O)(=O)NC(=O)c2ccc(N3CCN(Cc4ccccc4-c4cccnc4)CC3)cc2)cc1[N+](=O)[O-],1.0,-0.0,1,train,9.0,-0.4467949494621368,0.4467949494621368,0.4467949494621368
CC1(C)CCC(CN2CCN(c3ccc(C(=O)NS(=O)(=O)c4cnc(OCC5COCCO5)c(Br)c4)c(Oc4cc5cc[nH]c5cc4F)c3)CC2)=C(c2ccc(Cl)cc2)C1,0.671,0.17327747983100789,1,train,9.173277479831007,0.6181476084630827,-0.44487012863207487,0.44487012863207487
Cn1ncc(-c2ccc(Cl)cc2)c1CN1CCN(c2ccc(C(=O)NS(=O)(=O)c3ccc(NCC4CCOCC4)c([N+](=O)[O-])c3)c(Oc3ccc4[nH]ccc4c3)c2)CC1,6.994,-0.8447256279732259,1,train,8.155274372026774,-0.4077402422294789,-0.436985385743747,0.436985385743747
CC1(C)CCC(CN2CCN(c3ccc(C(=O)NS(=O)(=O)c4ccc(NC5CCN(C6CCOCC6)CC5)c([N+](=O)[O-])c4)c(Oc4cc(F)cc5[nH]ccc45)c3)CC2)=C(c2ccc(Cl)cc2)C1,0.02,1.6989700043360187,1,train,10.698970004336019,1.2640064521678445,0.4349635521681743,0.4349635521681743
O=C(NS(=O)(=O)c1ccc(NCC2CCOCC2)c([N+](=O)[O-])c1)c1ccc(N2CCN(Cc3cc(N4CCOCC4)ccc3-c3ccc(Cl)cc3)CC2)cc1Oc1cccc2[nH]ccc12,3.966,-0.5983527098692838,1,train,8.401647290130716,-0.16388549045110856,-0.43446721941817523,0.43446721941817523
Cc1oc2c(CC(C)C)c(O)c(O)c(O)c2c(=O)c1-c1ccc(-c2c(C)oc3c(CC(C)C)c(O)c(O)c(O)c3c2=O)cc1,17.0,-1.2304489213782739,0,train,7.769551078621726,-1.6646064549341386,0.4341575335558645,0.4341575335558645
C=c1c(-c2c(O)c3cc(O)c(O)c(=C(C)C)c3c(O)c2=C)c(O)c2cc(O)c(O)c(=C(C)C)c2c1O,35.0,-1.5440680443502757,0,train,7.455931955649724,-1.9771157505997354,0.43304770624945976,0.43304770624945976
CC(C)c1ccc2/c(=N\c3ccc(Oc4ccccc4)cc3)c3cc(O)c(O)c(O)c3n(C(=O)c3ccc(C(C)(C)C)cc3)c2c1,56.0,-1.7481880270062005,0,train,7.251811972993799,-2.180142551235213,0.4319545242290126,0.4319545242290126
CC1(C)CCC(CN2CCN(c3ccc(C(=O)NS(=O)(=O)c4ccc(NC5CCN(CCn6cccn6)CC5)c([N+](=O)[O-])c4)c(Oc4ccc5[nH]ccc5c4)c3)CC2)=C(c2ccc(Cl)cc2)C1,0.28,0.5528419686577808,1,train,9.55284196865778,0.12261466189522979,0.430227306762551,0.430227306762551
CN1CCC(Nc2ccc(S(=O)(=O)NC(=O)c3ccc(N4CCN(CC5=C(c6ccc(Cl)cc6)CC(C)(C)CC5)CC4)cc3Oc3cccc4c3CCN4)cc2[N+](=O)[O-])CC1,0.798,0.09799710864927054,1,train,9.09799710864927,0.5277237170481461,-0.42972660839887566,0.42972660839887566
CN(C)CCCNc1ccc(S(=O)(=O)NC(=O)c2ccc(N3CCN(Cc4ccccc4-c4ccc(Cl)cc4)CC3)cc2Oc2cccc3cnccc23)cc1[N+](=O)[O-],0.048,1.3187587626244128,1,train,10.318758762624412,0.893895711840808,0.42486305078360487,0.42486305078360487
CC1(C)CCC(CC2CCN(c3ccc(C(=O)NS(=O)(=O)c4cnc(OCC5(O)CCC(F)(F)CC5)c(Cl)c4)c(Oc4cnc5[nH]ccc5c4)c3)CC2)=C(c2ccc(Cl)cc2)C1,0.332,0.47886191629596364,1,train,9.478861916295964,0.9020705468104646,-0.423208630514501,0.423208630514501
CC1(C)CCC(CN2CCN(c3ccc(C(=O)NS(=O)(=O)c4ccc(NC5CCN(C6CCOCC6)CC5)c([N+](=O)[O-])c4)c(Oc4ccnc(NC(=O)OC(C)(C)C)c4)c3)CC2)=C(c2ccc(Cl)cc2)C1,1.908,-0.28057837036807626,1,train,8.719421629631924,-0.7005722929783468,0.4199939226102706,0.4199939226102706
CN(C)CC[C@H](CSc1ccccc1)Nc1ccc(S(=O)(=O)NC(=O)c2ccc(N3CCN(C(=O)Nc4ccccc4)CC3)cc2)cc1[N+](=O)[O-],300.0,-2.4771212547196626,1,train,6.522878745280337,-2.057311564093454,-0.41980969062620854,0.41980969062620854
CN1CCC(Nc2ccc(S(=O)(=O)NC(=O)c3ccc(N4CCN(CC5=C(c6ccc(Cl)cc6)CC(C)(C)CC5)CC4)cc3Oc3ccc4[nH]ncc4c3)cc2[N+](=O)[O-])CC1,5.428,-0.7346398389876995,1,train,8.2653601610123,-0.3150694573618045,-0.419570381625895,0.419570381625895
CN(C)CCCC(O)(c1ccccc1)c1ccc(OCc2ccc(-c3ccc(C(=O)O)cc3)cc2)cc1,83000.0,-4.919078092376074,1,train,4.080921907623926,-4.499950947789735,-0.41912714458633893,0.41912714458633893
CC1(C)CCC(CN2CCN(c3ccc(C(=O)NS(=O)(=O)c4ccc(Cl)c([N+](=O)[O-])c4)c(Oc4cnc5[nH]ccc5c4)c3)CC2)=C(c2ccc(Cl)cc2)C1,0.328,0.4841261562883209,1,train,9.48412615628832,0.9029508295268749,-0.418824673238554,0.418824673238554
CC1(C)CCC(CN2CCN(c3ccc(C(=O)NS(=O)(=O)c4ccc(OCC5(F)CCOCC5)c([N+](=O)[O-])c4)c(Oc4cccc5[nH]cnc45)c3)CC2)=C(c2ccc(Cl)cc2)C1,0.002,2.6989700043360187,1,train,11.698970004336019,2.2805628346699267,0.41840716966609204,0.41840716966609204
CC1(C)CCC(CN2CCN(c3ccc(C(=O)NS(=O)(=O)c4cnc(OCC5CCOCC5)c(S(C)(=O)=O)c4)c(Oc4cnc5[nH]ccc5c4)c3)CC2)=C(c2ccc(Cl)cc2)C1,1.19,-0.07554696139253074,1,train,8.924453038607469,0.34285699228019234,-0.41840395367272304,0.41840395367272304
[C]N([C])[C][C][C@H]([C]Sc1ccccc1)[N]c1ccc(S(=O)(=O)[N]C(=O)c2ccc(N3[C][C]C(=[C]c4cccnc4)[C][C]3)cc2)cc1[N+](=O)[O-],68.0,-1.8325089127062364,1,train,7.167491087293763,-1.414775038797385,-0.4177338739088514,0.4177338739088514
CC1(C)CCC(CN2CCN(c3ccc(C(=O)NS(=O)(=O)c4cnc(NCC5CCOCC5)c(Br)c4)c(Oc4ccc5[nH]ccc5c4)c3)CC2)=C(c2ccc(Cl)cc2)C1,5.97,-0.7759743311293691,1,train,8.224025668870631,-0.35852721074164506,-0.417447120387724,0.417447120387724
CCc1sc2ncnc(N[C@@H](C)C(=O)O)c2c1-c1ccccc1,418000.0,-5.6211762817750355,1,train,3.3788237182249645,-5.205379707910412,-0.41579657386462454,0.41579657386462454
CC1(C)CCC(CN2CCN(c3ccc(C(=O)NS(=O)(=O)c4ccc(NCC5CCC(F)(F)CC5)c([N+](=O)[O-])c4)c(Oc4cnc5[nH]ccc5c4)c3)CC2)=C(c2ccc(Cl)cc2)C1,0.026,1.585026652029182,1,train,10.585026652029182,1.1719973101753505,0.41302934185383156,0.41302934185383156
COCCCNc1ccc(S(=O)(=O)NC(=O)c2ccc(N3CCN(CC4=C(c5ccc(Cl)cc5)CC(C)(C)CC4)CC3)cc2Oc2ccc3[nH]ccc3c2)cc1[N+](=O)[O-],2.798,-0.4468477101558088,1,train,8.553152289844192,-0.03786370360788634,-0.4089840065479225,0.4089840065479225
O=C(NS(=O)(=O)c1ccc(NCC2CCOCC2)c([N+](=O)[O-])c1)c1ccc(N2CCN(Cc3ccccc3-c3ccc(Cl)cc3)CC2)cc1Oc1ccc(Cl)cc1,2.592,-0.41363499719855573,1,train,8.586365002801445,-0.822535478708192,0.4089004815096363,0.4089004815096363
CN1CCC(O)(CCNc2ccc(S(=O)(=O)NC(=O)c3ccc(N4CCN(CC5=C(c6ccc(Cl)cc6)CC(C)(C)CC5)CC4)cc3Oc3ccc4[nH]ccc4c3)cc2[N+](=O)[O-])CC1,0.009,2.0457574905606752,1,train,11.045757490560675,1.6414634555263106,0.4042940350343647,0.4042940350343647
CN1CCN(Nc2ccc(S(=O)(=O)NC(=O)c3ccc(N4CCN(CC5=C(c6ccc(Cl)cc6)CC(C)(C)CC5)CC4)cc3Oc3cccc4[nH]cc(Cl)c34)cc2[N+](=O)[O-])CC1,3.181,-0.5025636691073634,1,train,8.497436330892636,-0.09982060723322278,-0.4027430618741406,0.4027430618741406
CC1(C)CCC(CN2CCN(c3ccc(C(=O)NS(=O)(=O)c4ccc(OCC5(F)CCOCC5)c([N+](=O)[O-])c4)c(Oc4ccc5[nH]ccc5c4)c3)CC2)=C(c2ccc(Cl)cc2)C1,0.031,1.5086383061657274,1,train,10.508638306165727,1.107625897684726,0.4010124084810014,0.4010124084810014
CC1(C)CCC(CN2CCN(c3ccc(C(=O)NS(=O)(=O)c4ccc(NCC(F)(F)F)c([N+](=O)[O-])c4)c(Oc4cnc5[nH]ccc5c4)c3)CC2)=C(c2ccc(Cl)cc2)C1,0.011,1.958607314841775,1,train,10.958607314841775,1.560538232812616,0.398069082029159,0.398069082029159
O=C(NS(=O)(=O)c1ccc(N[C@H](CCN2CCOCC2)CSc2ccccc2)c(S(=O)(=O)C(F)(F)F)c1)c1csc(N2CCc3cccc(C(=O)Nc4nc5ccccc5s4)c3C2)n1,193.0,-2.285557309007774,0,train,6.714442690992226,-1.8875799697158506,-0.39797733929192325,0.39797733929192325
CC1(C)CCC(CN2CCN(c3ccc(C(=O)NS(=O)(=O)c4cnc(OCC5CCOCC5)c(C(N)=O)c4)c(Oc4cnc5[nH]ccc5c4)c3)CC2)=C(c2ccc(Cl)cc2)C1,0.935,0.029188389127482197,1,train,9.029188389127482,0.42524815021240564,-0.3960597610849235,0.3960597610849235
CC1(C)CCC(CN2CCN(c3ccc(C(=O)NS(=O)(=O)c4ccc(NCC5CCOCC5)c([N+](=O)[O-])c4)c(Oc4cnc(N)c(C(N)=O)c4)c3)CC2)=C(c2ccc(Cl)cc2)C1,2.843,-0.4537768596904421,1,train,8.546223140309557,-0.05774989087706562,-0.3960269688133765,0.3960269688133765
CC1(C)CCC(CN2CCN(c3ccc(C(=O)NS(=O)(=O)c4cnc(NOCC5C[C@H]6C[C@@H]5C[C@]6(C)O)c(Cl)c4)c(Oc4cnc5[nH]ccc5c4)c3)CC2)=C(c2ccc(Cl)cc2)C1,0.036,1.4436974992327127,0,train,10.443697499232712,1.0492754848501673,0.3944220143825454,0.3944220143825454
CSc1ccc(C(Nc2ccccn2)c2c(C)[nH]c3ccccc23)cc1,12900.0,-4.110589710299249,0,train,4.889410289700751,-3.7177419148365094,-0.3928477954627394,0.3928477954627394
CN(C)CCCNc1ccc(S(=O)(=O)NC(=O)c2ccc(N3CCN(Cc4ccccc4-c4ccc(Cl)cc4)CC3)cc2Oc2ccc3cc[nH]c3c2)cc1[N+](=O)[O-],6.63,-0.8215135284047732,1,train,8.178486471595226,-0.4294428825696459,-0.3920706458351273,0.3920706458351273
CC1(C)CCC(CN2CCN(c3ccc(C(=O)NS(=O)(=O)c4cnc(OCC5CCOCC5)c(C#N)c4)c(Oc4cnc5[nH]ccc5c4)c3)CC2)=C(c2ccc(Cl)cc2)C1,0.017,1.7695510786217261,1,train,10.769551078621726,1.3784348608610466,0.3911162177606793,0.3911162177606793
CC(C)(C)c1ccc(OCCCn2c(C(=O)N3CCCCC3)cc3ccc(OCc4ccccc4C(=O)O)cc32)cc1,150.0,-2.1760912590556813,0,train,6.823908740944319,-2.5642838026288075,0.38819254357312616,0.38819254357312616
O=C(NS(=O)(=O)c1ccc(NCCCN2CCOCC2)c([N+](=O)[O-])c1)c1ccc(N2CCN(Cc3ccccc3-c3ccc(Cl)cc3)CC2)cc1Oc1ccccc1,0.484,0.31515463835558755,1,train,9.315154638355587,-0.07218570726519542,0.3873403456207829,0.3873403456207829
CC1(C)CCC(CN2CCN(c3ccc(C(=O)NS(=O)(=O)c4ccc(NCCCN5CCCC5)c([N+](=O)[O-])c4)c(Oc4ccc5[nH]ccc5c4)c3)CC2)=C(c2ccc(Cl)cc2)C1,0.027,1.5686362358410126,1,train,10.568636235841012,1.186275874692879,0.38236036114813365,0.38236036114813365
CC1(C)CCC(CN2CCN(c3ccc(C(=O)NS(=O)(=O)c4ccc(NCC5CCOCC5)c([N+](=O)[O-])c4)c(Oc4ccc(NCC(F)(F)F)nc4)c3)CC2)=C(c2ccc(Cl)cc2)C1,49.293,-1.69278525036811,1,train,7.30721474963189,-1.3126184165023975,-0.3801668338657125,0.3801668338657125
CN1CCC(Nc2ccc(S(=O)(=O)NC(=O)c3ccc(N4CCN(CC5=C(c6ccc(Cl)cc6)CC(C)(C)CC5)CC4)cc3Oc3cc4cc[nH]c4cc3F)cc2[N+](=O)[O-])CC1,0.012,1.9208187539523751,1,train,10.920818753952375,1.5420374057096782,0.37878134824269694,0.37878134824269694
O=C(N[C@@H](Cc1ccccc1)C(=O)NS(=O)(=O)c1ccc(Cl)c([N+](=O)[O-])c1)c1cn(Cc2ccc(-c3ccc(Cl)cc3)cc2)c2ccccc12,260.0,-2.4149733479708178,0,train,6.585026652029182,-2.7932385341978465,0.37826518622702876,0.37826518622702876
CC1(C)CCC(CN2CCN(c3ccc(C(=O)NS(=O)(=O)c4ccc(NN5CCN(C(=O)OC(C)(C)C)CC5)c([N+](=O)[O-])c4)c(Oc4cnc5[nH]ccc5c4)c3)CC2)=C(c2ccc(Cl)cc2)C1,1.63,-0.21218760440395779,1,train,8.787812395596042,0.16480584649671723,-0.37699345090067493,0.37699345090067493
O=C(NS(=O)(=O)c1ccc(NCC2CCOCC2)c([N+](=O)[O-])c1)c1ccc(N2CCN(CC3=C(c4ccc(Cl)cc4)CCC(N4CCCC4)C3)CC2)cc1Oc1ccc2[nH]ccc2c1,0.011,1.958607314841775,1,train,10.958607314841775,1.5834073388125511,0.37519997602922395,0.37519997602922395
CC1(C)CCC(CN2CCN(c3ccc(C(=O)NS(=O)(=O)c4cc(F)c(F)c(OCC5(F)CCOCC5)c4)c(Oc4cnc5[nH]ccc5c4)c3)CC2)=C(c2ccc(Cl)cc2)C1,1.1,-0.04139268515822507,0,train,8.958607314841775,0.3333008810620182,-0.3746935662202432,0.3746935662202432
CC1(C)CCC(CN2CCN(c3ccc(C(=O)NS(=O)(=O)c4ccc(NCC5CCOCC5)c([N+](=O)[O-])c4)c(Oc4ccccc4-c4cn[nH]c4)c3)CC2)=C(c2ccc(Cl)cc2)C1,0.166,0.7798919119599449,1,train,9.779891911959945,0.40555744553930917,0.3743344664206357,0.3743344664206357
CC1(C)CCC(CN2CCN(c3ccc(C(=O)NS(=O)(=O)c4ccc(NCC5CCOCC5)c([N+](=O)[O-])c4)c(Oc4ccccc4-c4ccn[nH]4)c3)CC2)=C(c2ccc(Cl)cc2)C1,1.16,-0.06445798922691845,1,train,8.935542010773082,0.3093863757187783,-0.3738443649456967,0.3738443649456967
CC1(C)CCC(CN2CCN(c3ccc(C(=O)NS(=O)(=O)c4cnc(OCC5CCOCC5)c(-c5nccs5)c4)c(Oc4ccc5[nH]ccc5c4)c3)CC2)=C(c2ccc(Cl)cc2)C1,8.266,-0.9172954009456894,1,train,8.08270459905431,-0.544038909840159,-0.3732564911055304,0.3732564911055304
CN1CCC(F)(COc2ccc(S(=O)(=O)NC(=O)c3ccc(N4CCN(CC5=C(c6ccc(Cl)cc6)CC(C)(C)CC5)CC4)cc3Oc3cnc4[nH]ccc4c3)cc2S(=O)(=O)C(F)(F)F)CC1,0.031,1.5086383061657274,1,train,10.508638306165727,1.1366821844278336,0.3719561217378937,0.3719561217378937
O=C(NS(=O)(=O)c1ccc(NCC2CCOCC2)c([N+](=O)[O-])c1)c1ccc(N2CCN(Cc3ccccc3-c3ccc(Cl)cc3)CC2)cc1Oc1cnc2[nH]ccc2c1,0.225,0.6478174818886375,1,train,9.647817481888637,0.2761629978343436,0.3716544840542939,0.3716544840542939
CC1=C[C@@H](/C=C(\Cl)c2ccc(C(=O)O)cc2)[C@]2(C(=O)O)C=C[C@@H](CCOC(=O)c3ccc(Oc4ccc(NC(=O)COc5ccc(C)cc5)cc4)cc3)C[C@@H]2C1,90.0,-1.9542425094393248,0,train,7.045757490560675,-2.3257713424978563,0.37152883305853157,0.37152883305853157
CC1(C)CCC(CN2CCN(c3ccc(C(=O)NS(=O)(=O)c4cnc(OCC5CCOCC5)c(C#N)c4)c(Oc4ccc5[nH]ccc5c4)c3)CC2)=C(c2ccc(Cl)cc2)C1,0.089,1.0506099933550872,1,train,10.050609993355087,0.6810468002958988,0.3695631930591884,0.3695631930591884
CC1(C)CCC(CN2CCN(c3ccc(C(=O)NS(=O)(=O)c4ccc(NCC5CCOCC5)c([N+](=O)[O-])c4)c(Oc4cc(N)nc(N)c4)c3)CC2)=C(c2ccc(Cl)cc2)C1,8.274,-0.9177155165594933,1,train,8.082284483440507,-0.5489154202228004,-0.36880009633669286,0.36880009633669286
Cc1cc(OCCCn2nc(C(=O)NS(=O)(=O)c3ccc(NCC4CCN(C)CC4)c([N+](=O)[O-])c3)c3cc(Cl)ccc32)cc(C)c1Cl,8931.0,-3.950900089366387,1,train,5.049099910633613,-3.583462221626894,-0.36743786773949294,0.36743786773949294
CN1CCC(Nc2ccc(S(=O)(=O)NC(=O)c3ccc(N4CCN(CC5=C(c6ccc(Cl)cc6)CC(C)(C)CC5)CC4)cc3Oc3ccc(Cl)c(Cl)c3)cc2[N+](=O)[O-])CC1,0.056,1.2518119729937995,1,train,10.2518119729938,0.8845308679260283,0.36728110506777123,0.36728110506777123
O=C(O)[C@H](Cc1ccccc1)N1C(=O)/C(=C/c2ccc(OCCOCCOCCOc3ccc(/C=C4\SC(=S)N([C@@H](Cc5ccccc5)C(=O)O)C4=O)cc3)cc2)SC1=S,21200.0,-4.326335860928752,1,train,4.673664139071248,-3.9594264397739187,-0.36690942115483294,0.36690942115483294
CN(C)CCCNc1ccc(S(=O)(=O)NC(=O)c2ccc(N3CCN(CC4=C(c5ccc(Cl)cc5)CC(C)(C)CC4)CC3)cc2Oc2ccc3[nH]ccc3c2)cc1S(=O)(=O)C(F)(F)F,0.126,0.8996294548824371,1,train,9.899629454882437,0.5334194581225319,0.3662099967599052,0.3662099967599052
CN1CCC(O)(CNc2ccc(S(=O)(=O)NC(=O)c3ccc(N4CCN(CC5=C(c6ccc(Cl)cc6)CC(C)(C)CC5)CC4)cc3Oc3cccc4[nH]ccc34)cc2[N+](=O)[O-])CC1,0.01,2.0,1,train,11.0,1.635323186116757,0.364676813883243,0.364676813883243
[C]N([C])[C][C][C@H]([C]Sc1ccccc1)[N]c1ccc(S(=O)(=O)[N]C(=O)c2ccc(N3[C][C]C(=[C]c4ccccn4)[C][C]3)cc2)cc1[N+](=O)[O-],46.0,-1.662757831681574,1,train,7.337242168318426,-1.2982249941725836,-0.36453283750899046,0.36453283750899046
CN(C)c1ccc(CNC(=O)CCNC2=C(C#N)C(=O)c3cccc4c(Sc5ccc(Br)cc5)ccc2c34)cc1,4320.0,-3.635483746814912,1,train,5.364516253185088,-3.272925848236511,-0.3625578985784008,0.3625578985784008
CC1(C)CCC(CN2CCN(c3ccc(C(=O)NS(=O)(=O)c4ccc(S(=O)(=O)N5CCOCC5)cc4)c(Oc4ccc5[nH]ccc5c4)c3)CC2)=C(c2ccc(Cl)cc2)C1,7.128,-0.8529676910288184,1,train,8.147032308971182,-0.4904113025450661,-0.3625563884837523,0.3625563884837523
O=C(NS(=O)(=O)c1ccc(NCC2CCOCC2)c([N+](=O)[O-])c1)c1ccc(N2CCN(Cc3ccccc3-c3ccc(Cl)cc3)CC2)cc1Oc1ccccc1-c1ccccc1,13.654,-1.1352598985156586,1,train,7.864740101484341,-0.7727424113063529,-0.36251748720930566,0.36251748720930566
CCCCn1c(C)c(C(=O)O)c(-c2cccc(N3CCN(c4ccc(NS(=O)(=O)c5ccc(N[C@H](CCN6CCC(O)CC6)CSc6ccccc6)c(S(=O)(=O)C(F)(F)F)c5)cc4)CC3)c2)c1-c1ccc(Cl)cc1,20.0,-1.3010299956639813,1,train,7.698970004336019,-0.9390091424182597,-0.36202085324572153,0.36202085324572153
[C]N([C])[C][C][C@H]([C]Sc1ccccc1)[N]c1ccc(S(=O)(=O)[N]C(=O)c2ccc(N3[C][C]C(=[C]c4ccccc4C#N)[C][C]3)cc2)cc1[N+](=O)[O-],13.0,-1.1139433523068367,1,train,7.886056647693163,-0.7519458341665357,-0.361997518140301,0.361997518140301
CC1(C)CCC(CN2CCN(c3ccc(C(=O)NS(=O)(=O)c4ccc(NCCCN5CCOCC5)c([N+](=O)[O-])c4)c(Oc4ccc5c(c4)CCCN5)c3)CC2)=C(c2ccc(Cl)cc2)C1,6.218,-0.793650717707173,1,train,8.206349282292827,-0.4366704477671452,-0.3569802699400278,0.3569802699400278
CC(C)C[C@@H](C(=O)O)N1C(=O)/C(=C(\c2ccccc2)c2ccc(-c3ccccc3)cc2)SC1=S,1950.0,-3.290034611362518,0,train,5.709965388637482,-3.646146224130691,0.35611161276817294,0.35611161276817294
O=c1[nH]cnc2c(O)c(O)c(O)cc12,9282.0,-3.967641564083011,0,train,5.032358435916989,-3.6118367302367047,-0.35580483384630623,0.35580483384630623
Cc1c(-c2ccc(N3CCc4cccc(C(=O)Nc5nc6ccccc6s5)c4C3)nc2C(=O)O)cnn1CC12CC3CC(CC(C3)C1)C2,6.05,-0.7817553746524689,0,train,8.21824462534753,-1.1368015956802449,0.35504622102777594,0.35504622102777594
C[C@@H](Nc1ncnc2sc(-c3ccccc3)c(-c3cccc(O)c3)c12)C(=O)O,49000.0,-4.690196080028514,0,train,4.309803919971486,-4.336990651260883,-0.35320542876763117,0.35320542876763117
CN1CCN(c2ccc(S(=O)(=O)NC(=O)c3ccc(N4CCN(CC5=C(c6ccc(Cl)cc6)CC(C)(C)CC5)CC4)cc3Oc3ccc4[nH]ccc4c3)cc2[N+](=O)[O-])CC1,2.087,-0.3195224490654541,1,train,8.680477550934546,0.030733527380039316,-0.3502559764454934,0.3502559764454934
CN1CCC(Nc2ccc(S(=O)(=O)NC(=O)c3ccc(N4CCN(CC5=C(c6ccc(Cl)cc6)CC(C)(C)OC5)CC4)cc3Oc3cccc4[nH]ccc34)cc2[N+](=O)[O-])CC1,0.03,1.5228787452803376,1,train,10.522878745280337,1.1734539889554714,0.34942475632486625,0.34942475632486625
CN1CCN(C2=C(Cl)C(=O)N(c3ccc(Cl)c(Cl)c3)C2=O)CC1,12500.0,-4.096910013008056,0,train,4.903089986991944,-3.7476872450263636,-0.3492227679816926,0.3492227679816926
O=C(O)CSc1cc(NS(=O)(=O)c2cccs2)c2ccccc2c1O,54650.0,-4.737590166285722,0,train,4.262409833714278,-4.389047498775974,-0.34854266750974805,0.34854266750974805
CC(C)(C)c1ccc(N2CCN(S(=O)(=O)Nc3ccc(SCCC(=O)Nc4ccccc4)cc3C(=O)O)CC2)cc1,16100.0,-4.20682587603185,1,train,4.79317412396815,-3.859626050545023,-0.34719982548682715,0.34719982548682715
O=c1cc(-c2cc(O)c(O)cc2Cc2ccccc2)oc2cc(O)cc(O)c12,4600.0,-3.662757831681574,0,train,5.337242168318426,-3.3156239514146337,-0.34713388026694014,0.34713388026694014
CON(C)C(=O)[C@H]1CC=C(CCC=C(C)C)C[C@@H]1c1ccccc1,300.0,-2.4771212547196626,0,train,6.522878745280337,-2.823821348655805,0.3467000939361422,0.3467000939361422
CN1CCN(Nc2ccc(S(=O)(=O)NC(=O)c3ccc(N4CCN(CC5=C(c6ccc(Cl)cc6)CC(C)(C)CC5)CC4)cc3Oc3ccc(O)cc3Cl)cc2S(=O)(=O)C(F)(F)F)CC1,1.338,-0.12645611343180432,1,train,8.873543886568196,0.22001373431156032,-0.34646984774336465,0.34646984774336465
COCCNc1ccc(S(=O)(=O)NC(=O)c2ccc(N3CCN(CC4=C(c5ccc(Cl)cc5)CC(C)(C)CC4)CC3)cc2Oc2ccc3[nH]ccc3c2)cc1S(=O)(=O)C(F)(F)F,3.4604,-0.5391263033453906,1,train,8.460873696654609,-0.19267420987032857,-0.346452093475062,0.346452093475062
CC1(C)CCC(CN2CCN(c3ccc(C(=O)NS(=O)(=O)c4ccc(OCC5CN(C6CC6)CCO5)c([N+](=O)[O-])c4)c(Oc4cnc5[nH]ccc5c4)c3)CC2)=C(c2ccc(Cl)cc2)C1,0.01,2.0,1,train,11.0,1.6539239058420703,0.3460760941579297,0.3460760941579297
CC(C)c1ccccc1Cc1cc(C(=O)Nc2ccc(S(=O)(=O)c3ccccc3C(C)(C)C)cc2)c(O)c(O)c1O,290.0,-2.462397997898956,0,train,6.537602002101044,-2.8073320337613605,0.34493403586240445,0.34493403586240445
CCOc1ccc(-c2c(NC(=O)c3ccccc3)c(C(=O)O)nn2-c2ccc(Oc3ccccc3)cc2)cc1,855.0,-2.931966114728173,0,train,6.068033885271827,-2.5874378331979586,-0.3445282815302142,0.3445282815302142
CCOC(=O)N1CCN(c2ccc(S(=O)(=O)NC(=O)c3ccc(N4CCN(CC5=C(c6ccc(Cl)cc6)CC(C)(C)CC5)CC4)cc3Oc3cnc4[nH]ccc4c3)cc2[N+](=O)[O-])CC1,0.938,0.027797161620935564,1,train,9.027797161620935,0.36727528870314585,-0.33947812708221037,0.33947812708221037
CC1(C)CCC(CN2CCN(c3ccc(C(=O)NS(=O)(=O)c4ccc(NC5CCN(CC(F)(F)F)CC5)c([N+](=O)[O-])c4)c(Oc4cccc5[nH]ccc45)c3)CC2)=C(c2ccc(Cl)cc2)C1,2.342,-0.3695868907363443,1,train,8.630413109263655,-0.030478656513080623,-0.3391082342232637,0.3391082342232637
CC1(C)CCC(CN2CCN(c3ccc(C(=O)NS(=O)(=O)c4ccc(NN5CCOCC5)c([N+](=O)[O-])c4)c(Oc4cc5cc[nH]c5cc4F)c3)CC2)=C(c2ccc(Cl)cc2)C1,1.147,-0.059563417901267686,1,train,8.940436582098732,0.2778479048249503,-0.33741132272621793,0.33741132272621793
Cc1cc(=O)c2c(O)c(O)c(O)c(CC(C)C)c2o1,730.0,-2.863322860120456,0,train,6.136677139879544,-2.526002704068425,-0.3373201560520309,0.3373201560520309
COCCNc1ccc(S(=O)(=O)NC(=O)c2ccc(N3CCN(CC4=C(c5ccc(Cl)cc5)CC(C)(C)CC4)CC3)cc2Oc2cccc3[nH]ccc23)cc1S(=O)(=O)C(F)(F)F,4.417,-0.6451273992583911,1,train,8.35487260074161,-0.3087151167795934,-0.33641228247879773,0.33641228247879773
CCN(Cc1cccc(Oc2cc(N3CCN(Cc4ccccc4-c4ccc(Cl)cc4)CC3)ccc2C(=O)NS(=O)(=O)c2ccc(NCC3CCOCC3)c([N+](=O)[O-])c2)c1)C(=O)OC(C)(C)C,99.826,-1.9992436694028803,0,train,7.000756330597119,-1.6634743215669585,-0.3357693478359218,0.3357693478359218
CN(C)CCOc1ccc(-c2ccc(Cl)cc2)c(CN2CCN(c3ccc(C(=O)NS(=O)(=O)c4ccc(NCCCN5CCCC5)c([N+](=O)[O-])c4)c(Oc4ccc5[nH]ccc5c4)c3)CC2)c1,0.008,2.0969100130080562,1,train,11.096910013008056,1.7638854104327535,0.3330246025753023,0.3330246025753023
CCCCNC1=C(C#N)C(=O)c2cccc3c(Sc4ccc(Br)cc4)ccc1c23,210.0,-2.322219294733919,0,train,6.6777807052660805,-2.65375149855647,0.331532203822551,0.331532203822551
CC1(C)CCC(CN2CCN(c3ccc(C(=O)NS(=O)(=O)c4ccc(NCCCN5CCCC5=O)c([N+](=O)[O-])c4)c(Oc4ccc5[nH]ccc5c4)c3)CC2)=C(c2ccc(Cl)cc2)C1,2.266,-0.35525990552737846,1,train,8.644740094472622,-0.023794483402434174,-0.33146542212494423,0.33146542212494423
CN(C)C(=O)CCc1ccccc1Oc1cc(N2CCN(Cc3ccccc3-c3ccc(Cl)cc3)CC2)ccc1C(=O)NS(=O)(=O)c1ccc(NCC2CCOCC2)c([N+](=O)[O-])c1,0.511,0.2915790998652873,1,train,9.291579099865288,-0.03839196928212117,0.3299710691474085,0.3299710691474085
CC(C)N1CCC2(CCC(c3ccc(Cl)cc3)=C(CN3CCN(c4ccc(C(=O)NS(=O)(=O)c5ccc(NCC6CCOCC6)c(C(F)(F)F)c5)c(Oc5cnc6[nH]ccc6c5)c4)CC3)C2)CC1,0.035,1.4559319556497243,0,train,10.455931955649724,1.1280000365692797,0.3279319190804446,0.3279319190804446
CC1(C)CCC(CN2CCN(c3ccc(C(=O)NS(=O)(=O)c4ccc(NCC5CCN(C(=O)OCc6ccccc6)CC5)c([N+](=O)[O-])c4)c(Oc4ccc5[nH]ccc5c4)c3)CC2)=C(c2ccc(Cl)cc2)C1,5.015,-0.7002709373564369,1,train,8.299729062643562,-0.37287706875087684,-0.32739386860556,0.32739386860556
CC1(C)CCC(CN2CCN(c3ccc(C(=O)NS(=O)(=O)c4ccc(NCCCN5CCCC5)c([N+](=O)[O-])c4)c(Oc4cccc5[nH]c6ccccc6c45)c3)CC2)=C(c2ccc(Cl)cc2)C1,0.153,0.8153085691824012,1,train,9.8153085691824,0.48904598658049553,0.3262625826019057,0.3262625826019057
O=C(O)CCc1cc(NS(=O)(=O)c2ccc(Br)cc2)c2ccccc2c1O,23800.0,-4.376576957056512,0,train,4.623423042943488,-4.0504403980304104,-0.32613655902610184,0.32613655902610184
CC1(C)CCN(c2ccc(C(=O)NS(=O)(=O)c3ccc(NCCSc4ccccc4)c([N+](=O)[O-])c3)cc2)CC1,192.0,-2.2833012287035497,1,train,6.71669877129645,-2.6093125250730465,0.3260112963694968,0.3260112963694968
O=C(O)[C@H](Cc1ccccc1)N1C(=O)/C(=C/c2ccc(OCCOCCOc3ccc(/C=C4\SC(=S)N([C@@H](Cc5ccccc5)C(=O)O)C4=O)cc3)cc2)SC1=S,4300.0,-3.6334684555795866,1,train,5.366531544420413,-3.9594264397739187,0.32595798419433253,0.32595798419433253
Cc1cc2cc(Oc3cc(N4CCN(CC5=C(c6ccc(Cl)cc6)CC(C)(C)CC5)CC4)ccc3C(=O)NS(=O)(=O)c3ccc(NCCCN4CCOCC4)c([N+](=O)[O-])c3)ccc2[nH]1,2.474,-0.39339969529310187,1,train,8.606600304706898,-0.06913866351155966,-0.32426103178154214,0.32426103178154214
CC1(C)CCC(CN2CCN(c3ccc(C(=O)NS(=O)(=O)c4ccc(NC5CCC(N6CCOCC6)CC5)c([N+](=O)[O-])c4)c(Oc4cccc5c4CC(=O)N5)c3)CC2)=C(c2ccc(Cl)cc2)C1,0.028,1.5528419686577808,1,train,10.55284196865778,1.2293612347482001,0.32348073390958065,0.32348073390958065
CC1(C)CCC(CN2CCN(c3ccc(C(=O)NS(=O)(=O)c4ccc(OCCC5CCOCC5)c([N+](=O)[O-])c4)c(Oc4cccc5[nH]ccc45)c3)CC2)=C(c2ccc(Cl)cc2)C1,3.066,-0.48657215051835634,1,train,8.513427849481644,-0.16497355383614484,-0.32159859668221147,0.32159859668221147
CC1(C)CCC(CN2CCN(c3ccc(C(=O)NS(=O)(=O)c4ccc(N[C@H]5CCN(CCF)C5)c([N+](=O)[O-])c4)c(Oc4cnc5[nH]ccc5c4)c3)CC2)=C(c2ccc(Cl)cc2)C1,0.017,1.7695510786217261,1,train,10.769551078621726,1.4481224490042104,0.3214286296175155,0.3214286296175155
CC1(C)CCC(CN2CCN(c3ccc(C(=O)NS(=O)(=O)c4cnc(OCC(C)(CO)CO)c(Cl)c4)c(Oc4cnc5[nH]ccc5c4)c3)CC2)=C(c2ccc(Cl)cc2)C1,0.412,0.3851027839668654,1,train,9.385102783966865,0.70448871677622,-0.3193859328093546,0.3193859328093546
CC1=C[C@@H](/C=C(\Cl)c2ccc(C(=O)O)cc2)[C@]2(C(=O)O)C=C[C@@H](CCOC(=O)Nc3cccc(Br)c3)C[C@@H]2C1,370.0,-2.568201724066995,0,train,6.431798275933005,-2.88741694644641,0.31921522237941513,0.31921522237941513
CC1(C)CCC(CN2CCN(c3ccc(C(=O)NS(=O)(=O)c4ccc(N5CCOCC5)c([N+](=O)[O-])c4)c(Oc4ccc5[nH]ccc5c4)c3)CC2)=C(c2ccc(Cl)cc2)C1,3.314,-0.5203525040833179,1,train,8.479647495916682,-0.2014222490331965,-0.3189302550501214,0.3189302550501214
CC(C)Oc1ccc(-c2cc(C(=O)O)nn2-c2ccccc2)cc1,7000.0,-3.845098040014257,0,train,5.154901959985743,-3.526825475407523,-0.31827256460673414,0.31827256460673414
CC1(C)CCCC(c2ccc(Cl)cc2)=C1CN1CCN(c2ccc(C(=O)NS(=O)(=O)c3ccc(NCC4CCOCC4)c([N+](=O)[O-])c3)c(Oc3cnc4[nH]ccc4c3)c2)CC1,0.021,1.6777807052660807,0,train,10.67778070526608,1.3599783013004931,0.31780240396558757,0.31780240396558757
O=C(OCCOC(=O)[C@H](Cc1ccccc1)N1C(=O)/C(=C/c2ccc(Br)cc2)SC1=S)[C@H](Cc1ccccc1)N1C(=O)/C(=C/c2ccc(Br)cc2)SC1=S,243000.0,-5.385606273598312,0,train,3.614393726401688,-5.068241125403672,-0.31736514819464023,0.31736514819464023
CNc1cccc(Oc2cc(N3CCN(Cc4ccccc4-c4ccc(Cl)cc4)CC3)ccc2C(=O)NS(=O)(=O)c2ccc(NCC3CCOCC3)c([N+](=O)[O-])c2)c1,31.467,-1.497855340131178,1,train,7.502144659868822,-1.1806355881636756,-0.3172197519675024,0.3172197519675024
Cc1nn(Cc2ccccc2)c(C)c1-c1ccc(N2CCc3cccc(C(=O)Nc4nc5ccccc5s4)c3C2)nc1C(=O)O,548.0,-2.738780558484369,0,train,6.261219441515631,-2.4222803907453168,-0.31650016773905243,0.31650016773905243
COCCOCCSc1ccc(S(=O)(=O)NC(=O)c2ccc(N3CCN(CC4=C(c5ccc(Cl)cc5)CC(C)(C)CC4)CC3)cc2Oc2ccc3[nH]ccc3c2)cc1[N+](=O)[O-],0.083,1.080921907623926,1,train,10.080921907623926,0.7649278358325101,0.3159940717914159,0.3159940717914159
N#CC1=C(NCCC(=O)NCc2ccc(C(=O)O)cc2)c2ccc(Sc3ccc(Br)cc3)c3cccc(c23)C1=O,160.0,-2.204119982655925,1,train,6.795880017344075,-2.5193189423672817,0.3151989597113567,0.3151989597113567
CN(C)CC[C@H](CSc1ccccc1)Nc1ccc(S(=O)(=O)NC(=O)c2ccc(N3CCN(C(=O)c4ccccc4)CC3)cc2)cc1[N+](=O)[O-],61.9,-1.791690649020118,1,train,7.2083093509798815,-1.4778686217974828,-0.3138220272226353,0.3138220272226353
CCc1sc2ncnc(N[C@H](C)C(=O)O)c2c1-c1cccc(O)c1,5000.0,-3.6989700043360187,1,train,5.301029995663981,-4.010276969408767,0.31130696507274846,0.31130696507274846
CN(C)CC[C@H](CSc1ccccc1)Nc1ccc(S(=O)(=O)Nc2ccc(N3CCN(Cc4ccccc4-c4ccc(Cl)cc4)CC3)cc2)cc1[N+](=O)[O-],21.8,-1.3384564936046048,1,train,7.661543506395395,-1.0272968947117092,-0.3111595988928957,0.3111595988928957
O=C(NS(=O)(=O)c1ccc(NCC2CCOCC2)c(S(=O)(=O)C(F)(F)F)c1)c1ccc(N2CCN(Cc3ccccc3-c3ccc(Cl)cc3)CC2)cc1Oc1ccc2ccccc2c1,0.464,0.3334820194451191,1,train,9.33348201944512,0.022877478126305938,0.3106045413188132,0.3106045413188132
CN(C)CCCNc1ccc(S(=O)(=O)NC(=O)c2ccc(N3CCN(Cc4ccccc4-c4ccc(Cl)cc4)CC3)cc2Oc2ccc(Cl)cc2)cc1[N+](=O)[O-],0.586,0.23210238398190938,1,train,9.232102383981909,-0.07804465702376183,0.31014704100567114,0.31014704100567114
CC1(C)CCC(CN2CCN(c3ccc(C(=O)NS(=O)(=O)c4ccc(OCC5CCOCC5)c(C#N)c4)c(Oc4cnc5[nH]ccc5c4)c3)CC2)=C(c2ccc(Cl)cc2)C1,0.024,1.6197887582883939,1,train,10.619788758288394,1.3098495151720835,0.3099392431163106,0.3099392431163106
CC1(C)CCC(CN2CCN(c3ccc(C(=O)NS(=O)(=O)c4ccc(NC[C@@H]5CCCOC5)c([N+](=O)[O-])c4)c(Oc4cnc5[nH]ccc5c4)c3)CC2)=C(c2ccc(Cl)cc2)C1,0.016,1.7958800173440752,1,train,10.795880017344075,1.4873639006558077,0.3085161166882675,0.3085161166882675
CC1(C)CCC(CN2CCN(c3ccc(C(=O)NS(=O)(=O)c4ccc(NCCN5CCOCC5)c([N+](=O)[O-])c4)c(Oc4cccc(Cl)c4F)c3)CC2)=C(c2ccc(Cl)cc2)C1,0.759,0.11975822410451964,1,train,9.119758224104519,0.42814355622883626,-0.3083853321243167,0.3083853321243167
CC(C)N1CCC(Nc2ccc(S(=O)(=O)NC(=O)c3ccc(N4CCN(CC5=C(c6ccc(Cl)cc6)CC(C)(C)CC5)CC4)cc3Oc3cnc4[nH]ccc4c3)cc2[N+](=O)[O-])CC1,0.139,0.8569851997459049,1,train,9.856985199745905,1.1652362964243619,-0.30825109667845696,0.30825109667845696
O=C(O)c1ccc(COc2ccc(/C=C3\SC(=S)N(c4ccc(Br)cc4)C3=O)cc2)cc1,610.0,-2.785329835010767,0,train,6.214670164989233,-3.0934956782111183,0.3081658432003511,0.3081658432003511
CC1(C)CCC(CN2CCN(c3ccc(C(=O)NS(=O)(=O)c4ccc(NC5CCC(N6CCOCC6)CC5)c([N+](=O)[O-])c4)c(Oc4cccc5c4CCNC5=O)c3)CC2)=C(c2ccc(Cl)cc2)C1,0.822,0.08512818245994963,1,train,9.08512818245995,0.39304315935145695,-0.3079149768915074,0.3079149768915074
COCCOCCSc1ccc(S(=O)(=O)NC(=O)c2ccc(N3CCN(CC4=C(c5ccc(Cl)cc5)CC(C)(C)CC4)CC3)cc2Oc2cccc3[nH]ccc23)cc1[N+](=O)[O-],0.054,1.2676062401770314,1,train,10.267606240177031,0.9619986473419517,0.30560759283507966,0.30560759283507966
COCOc1cccc(Oc2cc(N3CCN(CC4=C(c5ccc(Cl)cc5)CC(C)(C)CC4)CC3)ccc2C(=O)NS(=O)(=O)c2ccc(NC3CCN(C)CC3)c([N+](=O)[O-])c2)c1C,0.619,0.208309350979882,0,train,9.208309350979881,0.5137674373251471,-0.30545808634526506,0.30545808634526506
CN(C)CCCNc1ccc(S(=O)(=O)NC(=O)c2ccc(N3CCN(CC4=C(c5ccc(Cl)cc5)CC(C)(C)CC4)CC3)cc2Oc2ccc3[nH]ccc3c2)cc1C(F)(F)F,2.942,-0.46864266839151136,1,train,8.531357331608488,-0.16506799580125708,-0.3035746725902542,0.3035746725902542
CC1(C)CCC(CN2CCN(c3cccc4c3CCN(c3ccc(C(=O)NS(=O)(=O)c5ccc(NCC6CCOCC6)c([N+](=O)[O-])c5)c(OC(=O)OC(C)(C)C)c3)C4)CC2)=C(c2ccc(Cl)cc2)C1,11.834,-1.0731315649409932,0,train,7.926868435059006,-0.7704179589467265,-0.30271360599426667,0.30271360599426667
C[C@@H](C(=O)N1CCOCC1)N1C(=O)/C(=C/c2ccc(Br)cc2)SC1=S,70000.0,-4.845098040014257,0,train,4.154901959985743,-4.543201674826082,-0.301896365188175,0.301896365188175
CC1(C)CCC(CN2CCN(c3ccc(C(=O)NS(=O)(=O)c4ccc(N5CCC(N6CCOCC6)CC5)c([N+](=O)[O-])c4)c(Oc4cnc5[nH]ccc5c4)c3)CC2)=C(c2ccc(Cl)cc2)C1,0.053,1.275724130399211,1,train,10.275724130399212,0.9743966012491516,0.30132752915005945,0.30132752915005945
CC1(C)CCC(CC2CCN(c3ccc(C(=O)NS(=O)(=O)c4ccc(OCC5CCOCC5)c(Cl)c4)c(Oc4cnc5[nH]ccc5c4)c3)CC2)=C(c2ccc(Cl)cc2)C1,0.601,0.22112552799726048,1,train,9.22112552799726,0.519793816465412,-0.29866828846815163,0.29866828846815163
O=C(O)c1cc(SCCc2ccccc2)ccc1NS(=O)(=O)N1CCN(c2ccccc2)CC1,11700.0,-4.068185861746161,0,train,4.931814138253839,-3.7697339964523824,-0.2984518652937789,0.2984518652937789
CC1(C)CCC(CN2CCN(c3ccc(C(=O)NS(=O)(=O)c4ccc(N[C@@H]5CCCN(C(CF)CF)C5)c([N+](=O)[O-])c4)c(Oc4cnc(N)c(Cl)c4)c3)CC2)=C(c2ccc(Cl)cc2)C1,0.114,0.9430951486635274,0,train,9.943095148663527,1.241164095733561,-0.2980689470700336,0.2980689470700336
CC1(C)CCC(CN2CCN(c3ccc(C(=O)NS(=O)(=O)c4ccc(NCc5ccc(OC(F)F)cc5)c([N+](=O)[O-])c4)c(Oc4cnc5[nH]ccc5c4)c3)CC2)=C(c2ccc(Cl)cc2)C1,0.111,0.9546770212133425,1,train,9.954677021213342,0.6567964704522908,0.2978805507610516,0.2978805507610516
CC1(C)CCN(c2ccc(C(=O)NS(=O)(=O)c3ccc(N[C@H](CCCCN)CSc4ccccc4)c([N+](=O)[O-])c3)cc2)CC1,231.0,-2.3636119798921444,1,train,6.636388020107855,-2.066830410941994,-0.2967815689501503,0.2967815689501503
O=C(Nc1ccccc1)c1cc(Cc2ccccc2)c(O)c(O)c1O,8300.0,-3.9190780923760737,0,train,5.080921907623926,-3.623787317999849,-0.29529077437622453,0.29529077437622453
CC1(C)CCC(CN2CCN(c3ccc(C(=O)NS(=O)(=O)c4ccc(NCC5CN(C6CC6)CCO5)c(Cl)c4)c(Oc4cnc5[nH]ccc5c4)c3)CC2)=C(c2ccc(Cl)cc2)C1,0.621,0.2069083998234198,1,train,9.20690839982342,0.5020242237913493,-0.29511582396792946,0.29511582396792946
CN(C)CCCNc1ccc(S(=O)(=O)NC(=O)c2ccc(N3CCN(Cc4ccccc4-c4ccc(Cl)cc4)CC3)cc2Oc2ccccc2)cc1C(F)(F)F,4.375,-0.640978057358332,0,train,8.359021942641668,-0.3463747133195383,-0.29460334403879374,0.29460334403879374
CC1(C)CCC(CN2CCN(c3ccc(C(=O)NS(=O)(=O)c4ccc(NC5CCN(C6CCOCC6)CC5)c([N+](=O)[O-])c4)c(Oc4ccc(O)cc4Cl)c3)CC2)=C(c2ccc(Cl)cc2)C1,0.027,1.5686362358410126,1,train,10.568636235841012,1.2766366699099443,0.29199956593106835,0.29199956593106835
CC(C)(C)c1ccc(C(O)(CCN2CCCC2)c2ccc(Cl)c(CCOc3ccc(-c4ccc(C(=O)O)cc4)cc3)c2)cc1,40.0,-1.6020599913279625,0,train,7.3979400086720375,-1.8938737727292148,0.29181378140125225,0.29181378140125225
O=C(O)c1cc2ccccc2n1S(=O)(=O)c1ccc(OCc2cccc(Cl)c2)cc1,3600.0,-3.5563025007672873,0,train,5.443697499232712,-3.2654355162300477,-0.29086698453724,0.29086698453724
CC1(C)CCC(CN2CCN(c3ccc(C(=O)NS(=O)(=O)c4ccc(NC5CCN(C6CC6)CC5)c(S(=O)(=O)C(F)(F)F)c4)c(Oc4cnc5[nH]ccc5c4)c3)CC2)=C(c2ccc(Cl)cc2)C1,0.026,1.585026652029182,1,train,10.585026652029182,1.294474585548329,0.29055206648085297,0.29055206648085297
CNC(=O)c1cccc(Oc2cc(N3CCN(Cc4ccccc4-c4ccc(Cl)cc4)CC3)ccc2C(=O)NS(=O)(=O)c2ccc(NCCCN(C)C)c([N+](=O)[O-])c2)c1,2.321,-0.36567514045591776,1,train,8.634324859544082,-0.07548761042153815,-0.2901875300343796,0.2901875300343796
CC1(C)CCC(c2ccc(Cl)cc2)=C(CN2CCN(c3ccc(C(=O)NS(=O)(=O)c4cnc(OCC5CCOCC5)c(C#N)c4)c(Oc4cnc5[nH]ccc5c4)c3)CC2)C1,0.196,0.707743928643524,1,train,9.707743928643524,0.9977142475152757,-0.28997031887175173,0.28997031887175173
CC1(C)CCC(CN2CCN(c3ccc(C(=O)NS(=O)(=O)c4ccc(NCC5CCOCC5)c([N+](=O)[O-])c4)c(Oc4ccc5[nH]ccc5c4)c3)CC2CO)=C(c2ccc(Cl)cc2)C1,0.369,0.4329736338409397,1,train,9.43297363384094,0.7219390674939136,-0.2889654336529739,0.2889654336529739
CC1(C)CCC(CN2CCN(c3ccc(C(=O)NS(=O)(=O)c4ccc(NCCCN5CCCC5)c([N+](=O)[O-])c4)c(Oc4cccc5[nH]ccc45)c3)CC2)=C(c2ccc(Cl)cc2)C1,0.035,1.4559319556497243,1,train,10.455931955649724,1.1680750374034983,0.28785691824622606,0.28785691824622606
O=C(c1cc(-c2cc3c(cc2C(=O)N2Cc4ccccc4C[C@H]2CN2CCOCC2)OCO3)n2c1CCCC2)N(c1ccccc1)c1ccc(O)cc1,2.8400000000000003,-0.45331834004703775,0,train,8.546681659952963,-0.7408373573852555,0.2875190173382178,0.2875190173382178
CN(C)CC[C@H](CSc1ccccc1)Nc1ccc(S(=O)(=O)NC(=O)c2ccc(N3CCN(Cc4ccccc4)CC3)cc2)cc1[N+](=O)[O-],39.8,-1.5998830720736879,1,train,7.400116927926312,-1.3136868875957775,-0.2861961844779106,0.2861961844779106
CC1(C)CCC(CN2CCN(c3ccc(C(=O)NS(=O)(=O)c4ccc(NCC5CN(C6CC6)CCO5)c([N+](=O)[O-])c4)c(Oc4cnc5[nH]ccc5c4)c3)CC2)=C(c2ccc(Cl)cc2)C1,0.013,1.8860566476931633,1,train,10.886056647693163,1.5999441644615189,0.2861124832316446,0.2861124832316446
O=C(Nc1c(C(=O)NCCCc2ccccc2)cc(O)c(O)c1O)c1ccccc1,8040.0,-3.905256048748451,0,train,5.094743951251549,-3.620634925135063,-0.284621123613388,0.284621123613388
CC1(C)CCC(CN2CCN(c3ccc(C(=O)NS(=O)(=O)c4ccc(OCC5(F)CCOCC5)nc4)c(Oc4cnc5[nH]ccc5c4)c3)CC2)=C(c2ccc(Cl)cc2)C1,0.571,0.24336389175415196,1,train,9.243363891754152,0.5273893654990016,-0.2840254737448497,0.2840254737448497
CC1(C)CCC(CN2CCN(c3ccc(C(=O)NS(=O)(=O)c4ccc(NCC5CN(CC(F)F)CCO5)c([N+](=O)[O-])c4)c(Oc4cccc5[nH]cnc45)c3)CC2)=C(c2ccc(Cl)cc2)C1,0.002,2.6989700043360187,1,train,11.698970004336019,2.416146368901156,0.28282363543486255,0.28282363543486255
CN(C)CCCNc1ccc(S(=O)(=O)NC(=O)c2ccc(N3CCN(Cc4ccccc4-c4ccc(Cl)cc4)CC3)cc2Oc2cccc(Cl)c2)cc1[N+](=O)[O-],0.079,1.1023729087095586,1,train,10.102372908709558,0.8203886176034726,0.281984291106086,0.281984291106086
CN(C)CCCNc1ccc(S(=O)(=O)NC(=O)c2ccc(N3CCN(CC4=C(c5ccc(Cl)cc5)CC(C)(C)CC4)CC3)cc2Oc2cccc3[nH]cc(CN4CCN(C)CC4)c23)cc1[N+](=O)[O-],0.031,1.5086383061657274,1,train,10.508638306165727,1.2266725385702943,0.281965767595433,0.281965767595433
CN(C)CC[C@H](Nc1ccc(S(=O)(=O)NC(=O)c2ccc(N3CCN(Cc4ccccc4-c4ccc(Cl)cc4)CC3)cc2Oc2ccccc2)cc1[N+](=O)[O-])c1cccs1,1.71,-0.23299611039215382,0,train,8.767003889607846,0.04755706564168247,-0.2805531760338362,0.2805531760338362
CN(C)CCOc1ccc(-c2ccc(Cl)cc2)c(CN2CCN(c3ccc(C(=O)NS(=O)(=O)c4ccc(NC5CCN(C)CC5)c([N+](=O)[O-])c4)c(Oc4cccc(Cl)c4)c3)CC2)c1,0.005,2.3010299956639813,1,train,11.301029995663981,2.021310035656034,0.2797199600079474,0.2797199600079474
C=C(C)c1sc2ncnc(N[C@H](Cc3ccccc3)C(=O)O)c2c1-c1cccc(Cl)c1C,5400.0,-3.7323937598229686,0,train,5.267606240177031,-4.011478464672593,0.27908470484962455,0.27908470484962455
CC1(C)CCC(CN2CCN(c3ccc(C(=O)NS(=O)(=O)c4ccc(S(C)(=O)=O)cc4)c(Oc4cccc5[nH]ccc45)c3)CC2)=C(c2ccc(Cl)cc2)C1,2.17,-0.3364597338485295,0,train,8.66354026615147,-0.0584394751417768,-0.27802025870675273,0.27802025870675273
CN1CCN(Nc2ccc(S(=O)(=O)NC(=O)c3ccc(N4CCN(CC5=C(c6ccc(Cl)cc6)CC(C)(C)CC5)CC4)cc3Oc3cnc(N)c(Cl)c3)cc2[N+](=O)[O-])CC1,0.009,2.0457574905606752,1,train,11.045757490560675,1.7691458069661905,0.27661168359448474,0.27661168359448474
Cc1ccc(-c2ccsc2S(=O)(=O)NCCNC(=O)Nc2ccc([N+](=O)[O-])cc2)c(Oc2ccc(O)c(O)c2)c1,13000.0,-4.113943352306837,0,train,4.886056647693163,-3.8388412011607005,-0.27510215114613645,0.27510215114613645
CC1(C)CCC(CN2CCN(c3ccc(C(=O)NS(=O)(=O)c4ccc(OCC5(F)CCN(C6CC6)CC5)c([N+](=O)[O-])c4)c(Oc4cc5cc[nH]c5cc4F)c3)CC2)=C(c2ccc(Cl)cc2)C1,0.017,1.7695510786217261,1,train,10.769551078621726,1.4949176713754533,0.2746334072462726,0.2746334072462726
CC1(C)CCC(CN2CCN(c3ccc(C(=O)NS(=O)(=O)c4ccc(NC5CCN(CCCO)CC5)c([N+](=O)[O-])c4)c(Oc4ccc5[nH]ccc5c4)c3)CC2)=C(c2ccc(Cl)cc2)C1,0.025,1.6020599913279623,1,train,10.602059991327963,1.3278670094115552,0.2741929819164073,0.2741929819164073
O=C(NS(=O)(=O)c1ccc(NCC2CCOCC2)c([N+](=O)[O-])c1)c1ccc(N2CCN(Cc3ccccc3-c3ccc(Cl)cc3)CC2)cc1Oc1ccc2[nH]ccc2c1,0.618,0.20901152491118416,1,train,9.209011524911185,-0.06509016154882945,0.27410168646001354,0.27410168646001354
CC1(C)CCC(CN2CCN(c3ccc(C(=O)NS(=O)(=O)c4ccc(NC5CCN(C6CC6)CC5)c([N+](=O)[O-])c4)c(Oc4ccccc4Cl)c3)CC2)=C(c2ccc(Cl)cc2)C1,0.52,0.2839966563652008,1,train,9.2839966563652,0.5579723665208876,-0.2739757101556868,0.2739757101556868
C[C@@H](C(=O)O)N1C(=O)/C(=C/c2ccc(Br)cc2)SC1=S,115000.0,-5.060697840353612,1,train,3.939302159646388,-4.786876445569404,-0.27382139478420786,0.27382139478420786
COCCOCCN1CCO[C@H](CNc2ccc(S(=O)(=O)NC(=O)c3ccc(N4CCN(CC5=C(c6ccc(Cl)cc6)CC(C)(C)CC5)CC4)cc3Oc3cccc4[nH]cnc34)cc2[N+](=O)[O-])C1,0.004,2.3979400086720375,1,train,11.397940008672037,2.1249905623006837,0.2729494463713533,0.2729494463713533
CC1(C)CCC(CN2CCN(c3ccc(C(=O)NS(=O)(=O)c4ccc(NCCN5CCOCC5)c(S(=O)(=O)C(F)(F)F)c4)c(Oc4ccc5[nH]ccc5c4)c3)CC2)=C(c2ccc(Cl)cc2)C1,1.576,-0.19755621315353653,1,train,8.802443786846464,0.07530509982024305,-0.2728613129737796,0.2728613129737796
CN(C)c1cccc(Oc2cc(N3CCN(Cc4ccccc4-c4ccc(Cl)cc4)CC3)ccc2C(=O)NS(=O)(=O)c2ccc(NCC3CCOCC3)c([N+](=O)[O-])c2)c1,14.054,-1.1477999492011999,1,train,7.8522000507988,-0.8754496912374944,-0.2723502579637057,0.2723502579637057
CC(C)(C)OC(=O)N[C@@H](Cc1ccc(OCc2ccc(-c3ccccc3)cc2)cc1)C(=O)NS(=O)(=O)c1ccccc1,5200.0,-3.716003343634799,0,train,5.2839966563652006,-3.444878218257881,-0.2711251253769178,0.2711251253769178
O=C(O)[C@H](Cc1ccccc1)N1C(=O)/C(=C/c2ccc(OCCOc3ccc(/C=C4\SC(=S)N([C@@H](Cc5ccccc5)C(=O)O)C4=O)cc3)cc2)SC1=S,1700.0,-3.230448921378274,1,train,5.769551078621726,-3.5010607218353686,0.27061180045709454,0.27061180045709454
CC1(C)CCC(CN2CCN(c3ccc(C(=O)NS(=O)(=O)c4ccc(OCC5COCCN5C(=O)OC(C)(C)C)c([N+](=O)[O-])c4)c(Oc4cnc5[nH]ccc5c4)c3)CC2)=C(c2ccc(Cl)cc2)C1,0.213,0.6716203965612623,1,train,9.671620396561263,0.401804819788744,0.2698155767725183,0.2698155767725183
CC1(C)CCC(CN2CCN(c3ccc(C(=O)NS(=O)(=O)c4ccc(NCCCN5CCOCC5)c([N+](=O)[O-])c4)c(Oc4cc(Cl)ccc4Cl)c3)CC2)=C(c2ccc(Cl)cc2)C1,0.807,0.09312646527792956,1,train,9.09312646527793,0.36196475923016036,-0.26883829395223086,0.26883829395223086
CN1CCN(Nc2ccc(S(=O)(=O)NC(=O)c3ccc(N4CCN(CC5=C(c6ccc(Cl)cc6)CC(C)(C)CC5)CC4)cc3Oc3cnc(N)c(Br)c3)cc2[N+](=O)[O-])CC1,0.11,0.958607314841775,1,train,9.958607314841775,1.226797086128401,-0.268189771286626,0.268189771286626
C=c1c(-c2c(O)c3cc(O)c(O)c(=CCc4ccc(C)cc4)c3c(O)c2=C)c(O)c2cc(O)c(O)c(=CCc3ccc(C)cc3)c2c1O,2080.0,-3.3180633349627615,0,train,5.681936665037238,-3.049895909633948,-0.2681674253288131,0.2681674253288131
CC1=NN(c2cc(O)cc(-c3ccc(N(C)C)cc3)c2)C(=O)/C1=N\Nc1ccc2ccccc2c1,33900.0,-4.5301996982030825,0,train,4.4698003017969175,-4.262187082160042,-0.2680126160430403,0.2680126160430403
O=C(NS(=O)(=O)c1cccc([N+](=O)[O-])c1)[C@H](Cc1ccccc1)N1C(=O)N[C@@H](Cc2ccc(-c3ccc(Cl)cc3)cc2)C1=O,15000.0,-4.176091259055681,0,train,4.823908740944319,-3.908547176639429,-0.2675440824162525,0.2675440824162525
O=C(NS(=O)(=O)c1ccc(NCCCN2CCOCC2)c([N+](=O)[O-])c1)c1ccc(N2CCN(Cc3ccccc3-c3ccc(Cl)cc3)CC2)cc1Oc1cccc(N2CCOCC2)c1,8.246,-0.9162433304653397,1,train,8.08375666953466,-0.6497740403011744,-0.2664692901641652,0.2664692901641652
CC(C)c1ccc(Sc2ccc3c(c2)C(=O)c2cc(O)c(O)cc2C3=O)cc1,24.0,-1.380211241711606,0,train,7.619788758288394,-1.6464907884106927,0.2662795466990868,0.2662795466990868
CC1(C)CC(c2ccc(Cl)cc2)=C(CN2CCN(c3ccc(C(=O)NS(=O)(=O)c4ccc(NCC5CCOCC5)c([N+](=O)[O-])c4)c(Oc4cc5cc[nH]c5cc4F)c3)CC2)CO1,0.017,1.7695510786217261,1,train,10.769551078621726,1.5036840538776972,0.2658670247440287,0.2658670247440287
CC1(C)CCC(CN2CCN(c3ccc(C(=O)NS(=O)(=O)c4ccc(NCC5CCOCC5)c(S(=O)(=O)C(F)(F)F)c4)c(Oc4cnc5[nH]ccc5c4)c3)CC2)=C(c2ccc(Cl)cc2)C1,0.09,1.0457574905606752,1,train,10.045757490560675,0.7799883180084247,0.2657691725522505,0.2657691725522505
O=C(O)[C@H](Cc1c[nH]c2ccccc12)N1C(=O)/C(=C/c2ccc(Br)cc2)SC1=S,2850.0,-3.45484486000851,0,train,5.54515513999149,-3.7203504559738265,0.2655055959653163,0.2655055959653163
O=C(NS(=O)(=O)c1ccc(NCC2CCOCC2)c([N+](=O)[O-])c1)c1ccc(N2CCN(Cc3ccc(C(F)(F)F)cc3-c3ccc(Cl)cc3)CC2)cc1Oc1ccc2[nH]ccc2c1,14.136,-1.1503265364987076,1,train,7.849673463501293,-0.8850575707254817,-0.2652689657732259,0.2652689657732259
CN1CCC(Nc2ccc(S(=O)(=O)NC(=O)c3ccc(N4CCN(CC5=C(c6ccc(Cl)cc6)CC(C)(C)CC5)CC4)cc3Oc3cccc4c3CC(=O)N4)cc2[N+](=O)[O-])CC1,0.017,1.7695510786217261,1,train,10.769551078621726,1.5048408607138921,0.2647102179078338,0.2647102179078338
CC1(C)CCC(CN2CCN(c3ccc(C(=O)NS(=O)(=O)c4cnc(OCC5COCCO5)c(Br)c4)c(Oc4cnc5[nH]ccc5c4)c3)CC2)=C(c2ccc(Cl)cc2)C1,0.021,1.6777807052660807,1,train,10.67778070526608,1.4131348381021718,0.2646458671639089,0.2646458671639089
CC1(C)CCC(CN2CCN(c3ccc(C(=O)NS(=O)(=O)c4ccc(NCCCN5CCCC5)c([N+](=O)[O-])c4)c(Oc4cccc5[nH]ccc45)c3)CC2)=C(c2ccc(F)cc2)C1,1.697,-0.22968184231767583,1,train,8.770318157682324,0.034931851188360244,-0.26461369350603603,0.26461369350603603
CCNCc1ccc(Oc2cc(N3CCN(Cc4ccccc4-c4ccc(Cl)cc4)CC3)ccc2C(=O)NS(=O)(=O)c2ccc(NCC3CCOCC3)c([N+](=O)[O-])c2)cc1,148.72,-2.172369376763842,1,train,6.827630623236158,-1.907952844295643,-0.2644165324681991,0.2644165324681991
CC1(C)CCC(CN2CCN(c3ccc(C(=O)NS(=O)(=O)c4ccc(NCC5(N)CCOCC5)c([N+](=O)[O-])c4)c(Oc4cc5cc[nH]c5cc4F)c3)CC2)=C(c2ccc(Cl)cc2)C1,0.051,1.2924298239020637,1,train,10.292429823902063,1.0280254374828686,0.26440438641919495,0.26440438641919495
CC1(C)CCC(CN2CCN(c3ccc(C(=O)NS(=O)(=O)c4ccc(NCCC#N)c([N+](=O)[O-])c4)c(Oc4cccc5[nH]ccc45)c3)CC2)=C(c2ccc(Cl)cc2)C1,1.243,-0.0944711286416448,1,train,8.905528871358355,0.16914428402265058,-0.2636154126642954,0.2636154126642954
C/C(=C1/SC(=S)N([C@@H](CC(C)C)C(=O)O)C1=O)c1ccccc1,21200.0,-4.326335860928752,0,train,4.673664139071248,-4.063266289251526,-0.26306957167722533,0.26306957167722533
CN(C)CCOc1ccc(-c2ccc(Cl)cc2)c(CN2CCN(c3ccc(C(=O)NS(=O)(=O)c4ccc(NN5CCN(C)CC5)c([N+](=O)[O-])c4)c(Oc4cccc5[nH]ccc45)c3)CC2)c1,0.135,0.8696662315049939,1,train,9.869666231504993,1.1320023501038152,-0.26233611859882133,0.26233611859882133
CC1(C)CCC(CN2CCN(c3ccc(C(=O)NS(=O)(=O)c4cnc(N[C@@H]5CCN(C(CF)CF)C5)c(Cl)c4)c(Oc4cnc5[nH]ccc5c4)c3)CC2)=C(c2ccc(Cl)cc2)C1,0.77,0.11350927482751812,1,train,9.113509274827518,0.3758150689924904,-0.2623057941649723,0.2623057941649723
O=C(NS(=O)(=O)c1ccccc1)[C@H](Cc1ccc(Br)cc1)N1C(=O)/C(=C/c2ccc(-c3ccc([N+](=O)[O-])cc3)cc2)SC1=S,540.0,-2.7323937598229686,1,train,6.267606240177031,-2.992807878274318,0.26041411845134954,0.26041411845134954
O=C(NS(=O)(=O)c1ccc(NC2CCC(N3CCOCC3)CC2)c(S(=O)(=O)C(F)(F)F)c1)c1ccc(N2CCN(CC3=C(c4ccc(Cl)cc4)CCOCC3)CC2)cc1Oc1cc2cc[nH]c2cc1Cl,3.094,-0.49052030936334867,0,train,8.50947969063665,-0.2305346051414555,-0.25998570422189315,0.25998570422189315
CC1(C)CCC(c2ccc(Cl)cc2)=C(CN2CCN(c3ccc(C(=O)NS(=O)(=O)c4ccc(NCC5CCOCC5)c([N+](=O)[O-])c4)c(Oc4ccc5[nH]ccc5c4)c3)CC2)C1,0.365,0.4377071355435253,1,train,9.437707135543524,0.6969806965515649,-0.2592735610080396,0.2592735610080396
CC1(C)CCC(CN2CCN(c3ccc(C(=O)NS(=O)(=O)c4ccc(NC5CCN(C6CCOCC6)CC5)c([N+](=O)[O-])c4)c(Oc4cccnc4)c3)CC2)=C(c2ccc(Cl)cc2)C1,1.233,-0.09096307659573168,1,train,8.909036923404269,0.16793454264002017,-0.2588976192357518,0.2588976192357518
O=C(NS(=O)(=O)c1ccc(NCCCN2CCOCC2)c([N+](=O)[O-])c1)c1ccc(N2CCN(Cc3ccccc3-c3ccc(Cl)cc3)CC2)cc1Oc1cccc(OCc2ccccc2)c1,16.83,-1.2260841159758238,1,train,7.773915884024176,-0.9677235904859925,-0.25836052548983124,0.25836052548983124
N#CC1=C2C3=CC=C(N4CCSCC4)C4=CC=CC(C2=NC1=O)C43,310.0,-2.4913616938342726,0,train,6.508638306165727,-2.7476756090708325,0.2563139152365599,0.2563139152365599
CC1(C)CCC(CN2CCN(c3ccc(C(=O)NS(=O)(=O)c4ccc(OCCCS(C)(=O)=O)c([N+](=O)[O-])c4)c(Oc4cccc5[nH]ccc45)c3)CC2)=C(c2ccc(Cl)cc2)C1,0.149,0.826813731587726,1,train,9.826813731587727,0.5708294201873105,0.25598431140041544,0.25598431140041544
Cc1cc(OCCCc2c3n(c4c(-c5c(C)nn(C)c5C)c(Cl)ccc24)CCCN(c2cccc4c(C(=O)O)cn(C)c24)C3=O)cc(C)c1Cl,140.0,-2.146128035678238,1,train,6.853871964321762,-2.4020143545901123,0.2558863189118741,0.2558863189118741
CC1(C)CCC(CN2CCN(c3ccc(C(=O)NS(=O)(=O)c4ccc(NCC5CCCN(CC#N)C5)c([N+](=O)[O-])c4)c(Oc4cnc5[nH]ccc5c4)c3)CC2)=C(c2ccc(Cl)cc2)C1,2.11,-0.3242824552976926,1,train,8.675717544702307,-0.06881934745244048,-0.25546310784525217,0.25546310784525217
CC1(C)CCC(CN2CCN(c3ccc(C(=O)NS(=O)(=O)c4ccc(NC5CCN(C6CCOCC6)CC5)c([N+](=O)[O-])c4)c(Oc4ccc5[nH]cc(Cl)c5c4)c3)CC2)=C(c2ccc(Cl)cc2)C1,0.111,0.9546770212133425,1,train,9.954677021213342,0.6992428277142102,0.2554341934991322,0.2554341934991322
CC1(C)CCC(CN2CCN(c3ccc(C(=O)NS(=O)(=O)c4cnc(NC5CCN(C6CC6)CC5)c(Cl)c4)c(Oc4cccc5[nH]cnc45)c3)CC2)=C(c2ccc(Cl)cc2)C1,0.24,0.619788758288394,1,train,9.619788758288394,0.8750493125886186,-0.25526055430022465,0.25526055430022465
CC1(C)CCC(CN2CCN(c3ccc(C(=O)NS(=O)(=O)c4ccc(NCC5CN(C6CC6)CCO5)c([N+](=O)[O-])c4)c(Oc4cccc5[nH]ncc45)c3)CC2)=C(c2ccc(Cl)cc2)C1,0.003,2.5228787452803374,1,train,11.522878745280337,2.268381886600784,0.2544968586795533,0.2544968586795533
CC1(C)CCC(CN2CCN(c3ccc(C(=O)NS(=O)(=O)c4ccc(OCC#CCN5CCOCC5)c([N+](=O)[O-])c4)c(Oc4cnc5[nH]ccc5c4)c3)CC2)=C(c2ccc(Cl)cc2)C1,0.012,1.9208187539523751,1,train,10.920818753952375,1.6663412055681865,0.25447754838418857,0.25447754838418857
CN1CCC(Nc2ccc(S(=O)(=O)NC(=O)c3ccc(N4CCN(CC5=C(c6ccc(Cl)cc6)CC(C)(C)CC5)CC4)cc3Oc3ccc4[nH]ccc4c3F)cc2[N+](=O)[O-])CC1,0.72,0.14266750356873156,1,train,9.142667503568731,0.39609698861157605,-0.25342948504284457,0.25342948504284457
Cc1c(C(=O)NCCCN2CCN(C)CC2)c(-c2cccc(N3CCN(c4ccc(NS(=O)(=O)c5cccc(S(=O)(=O)C(F)(F)F)c5)cc4)CC3)c2)c(-c2ccc(Cl)cc2)n1C,39.2,-1.5932860670204572,1,train,7.406713932979542,-1.846184064396286,0.25289799737582874,0.25289799737582874
CN1CCC(Nc2ccc(S(=O)(=O)NC(=O)c3ccc(N4CCN(CC5=C(c6ccc(Cl)cc6)CC(C)(C)CC5)CC4)cc3Oc3ccc4nc(N)sc4c3)cc2[N+](=O)[O-])CC1,1.085,-0.0354297381845483,1,train,8.964570261815451,0.21745741860184778,-0.25288715678639606,0.25288715678639606
CC1(C)CCC(CN2CCN(c3ccc(C(=O)NS(=O)(=O)c4cnc(OCC5CCOC5)c(Cl)c4)c(Oc4cccc5[nH]ncc45)c3)CC2)=C(c2ccc(Cl)cc2)C1,0.063,1.2006594505464183,1,train,10.200659450546418,1.4534150627025704,-0.25275561215615205,0.25275561215615205
CC1(C)CCC(CN2CCN(c3ccc(C(=O)NS(=O)(=O)c4ccc(NN5CCOCC5)c([N+](=O)[O-])c4)c(Oc4cccc(Cl)c4)c3)CC2)=C(c2ccc(Cl)cc2)C1,0.05,1.3010299956639813,1,train,10.301029995663981,1.0486636077387474,0.2523663879252338,0.2523663879252338
O=C(NS(=O)(=O)c1ccc(NC2CCN(S(=O)(=O)c3ccccc3)CC2)c([N+](=O)[O-])c1)c1ccc(N2CCN(Cc3ccccc3-c3ccc(Cl)cc3)CC2)cc1Oc1ccccc1,4.454,-0.6487502126980194,1,train,8.351249787301981,-0.39652468484819964,-0.2522255278498197,0.2522255278498197
C=c1c(-c2c(O)c3cc(O)c(O)c(=Cc4ccc(Cl)cc4)c3c(O)c2=C)c(O)c2cc(O)c(O)c(=Cc3ccc(Cl)cc3)c2c1O,230.0,-2.361727836017593,0,train,6.638272163982407,-2.6133393168825636,0.25161148086497054,0.25161148086497054
O=C(NS(=O)(=O)c1ccc(NC2CCOCC2)c([N+](=O)[O-])c1)c1ccc(N2CCN(CC3=C(c4ccc(Cl)cc4)CCOC3)CC2)cc1,59.0,-1.7708520116421442,0,train,7.229147988357855,-2.0220691726302795,0.2512171609881353,0.2512171609881353
COCCCNc1ccc(S(=O)(=O)NC(=O)c2ccc(N3CCN(CC4=C(c5ccc(Cl)cc5)CC(C)(C)CC4)CC3)cc2Oc2cccc3[nH]ccc23)cc1[N+](=O)[O-],1.468,-0.1667260555800517,1,train,8.833273944419949,0.08354682134238317,-0.2502728769224349,0.2502728769224349
O=C(O)c1ccc([N+](=O)[O-])c(COc2ccc(/C=C3\SC(=S)N(c4ccccc4)C3=O)cc2)c1,9000.0,-3.9542425094393248,0,train,5.045757490560675,-3.704039893971453,-0.2502026154678716,0.2502026154678716
CC1(C)CCC(CN2CCN(c3ccc(C(=O)NS(=O)(=O)c4cnc(OCC5CCOCC5)c(Br)c4)c(Oc4ccc5[nH]ccc5c4)c3)CC2)=C(c2ccc(Cl)cc2)C1,0.285,0.5451551399914898,1,train,9.54515513999149,0.2953285699516008,0.249826570039889,0.249826570039889
CC(=O)Nc1cccc(Oc2cc(N3CCN(CC4=C(c5ccc(Cl)cc5)CC(C)(C)CC4)CC3)ccc2C(=O)NS(=O)(=O)c2ccc(NC3CCN(C4CCOCC4)CC3)c([N+](=O)[O-])c2)c1,3.283,-0.5162708827293401,1,train,8.48372911727066,-0.2668989300782058,-0.24937195265113427,0.24937195265113427
CN(C)CCCNc1ccc(S(=O)(=O)NC(=O)c2ccc(N3CCN(Cc4ccccc4-c4ccc(Cl)cc4)CC3)cc2Oc2ccc3[nH]ccc3c2)cc1S(=O)(=O)C(F)(F)F,0.523,0.2814983111327258,0,train,9.281498311132726,0.03322289706544459,0.24827541406728118,0.24827541406728118
COC1CCC(CNc2ccc(S(=O)(=O)NC(=O)c3ccc(N4CCN(CC5=C(c6ccc(Cl)cc6)CC(C)(C)CC5)CC4)cc3Oc3cnc(N)c(Cl)c3)cc2[N+](=O)[O-])CC1,0.005,2.3010299956639813,1,train,11.301029995663981,2.053263429626615,0.24776656603736624,0.24776656603736624
CN(C)CC[C@H](CSc1ccccc1)Nc1ccc(S(=O)(=O)NC(=O)c2ccc(N3CCN(c4cccc(-c5c(-c6ccc(Cl)cc6)cn(CC[C@H](O)CO)c5C(=O)NCCCN5CCN(C)CC5)c4)CC3)cc2)cc1[N+](=O)[O-],2.0,-0.3010299956639812,0,train,8.698970004336019,-0.5477165201760522,0.24668652451207101,0.24668652451207101
CC1(C)CCC(CN2CCN(c3ccc(C(=O)NS(=O)(=O)c4ccc(NCC5CCCCC5)c([N+](=O)[O-])c4)c(Oc4ccc5[nH]ccc5c4)c3)CC2)=C(c2ccc(Cl)cc2)C1,1.995,-0.2999429000227671,1,train,8.700057099977233,-0.05349796440033895,-0.24644493562242814,0.24644493562242814
O=C(NS(=O)(=O)c1ccccc1)[C@H](Cc1ccc(Br)cc1)N1C(=O)/C(=C/c2ccc(-c3ccc(Cl)cc3)cc2)SC1=S,390.0,-2.591064607026499,1,train,6.4089353929735005,-2.8370391800258257,0.24597457299932657,0.24597457299932657
O=C(NS(=O)(=O)c1ccccc1OCCN1CCCCC1)c1ccc(N2CCN(Cc3ccccc3-c3ccc(Cl)cc3)CC2)cc1Oc1ccccc1,61.123,-1.7862046618547986,0,train,7.213795338145202,-1.5409920687908052,-0.24521259306399346,0.24521259306399346
CC1(C)CCC(CN2CCN(c3ccc(C(=O)NS(=O)(=O)c4ccc(OCC5CCOCC5)c(C(N)=O)c4)c(Oc4ccc5[nH]ccc5c4)c3)CC2)=C(c2ccc(Cl)cc2)C1,1.336,-0.1258064581395269,1,train,8.874193541860473,0.11886937634187313,-0.2446758344814,0.2446758344814
COCCOCCS(=O)(=O)c1ccc(S(=O)(=O)NC(=O)c2ccc(N3CCN(CC4=C(c5ccc(Cl)cc5)CC(C)(C)CC4)CC3)cc2Oc2cnc3[nH]ccc3c2)cc1[N+](=O)[O-],0.203,0.692503962086787,1,train,9.692503962086787,0.9371225466311424,-0.24461858454435537,0.24461858454435537
CC1(C)CCC(CN2CCN(c3ccc(C(=O)NS(=O)(=O)c4cnc(NCC5(F)CCOCC5)c(Cl)c4)c(Oc4cnc5[nH]ccc5c4)c3)CC2)=C(c2ccc(Cl)cc2)C1,0.057,1.2441251443275085,1,train,10.244125144327509,1.000237959368556,0.24388718495895234,0.24388718495895234
CN(C)c1cccc2c(S(=O)(=O)Nc3cc(SCC(=O)O)c(O)c4ccccc34)cccc12,2200.0,-3.342422680822206,0,train,5.657577319177793,-3.5860165512922872,0.24359387047008108,0.24359387047008108
CN1CCC(Nc2ccc(S(=O)(=O)NC(=O)c3ccc(N4CCN(CC5=C(c6ccc(Cl)cc6)CC(C)(C)CC5)C(CO)C4)cc3Oc3ccc4[nH]ccc4c3)cc2[N+](=O)[O-])CC1,0.131,0.8827287043442358,1,train,9.882728704344236,1.1258903724636216,-0.24316166811938578,0.24316166811938578
CN(C)CCCC(O)(c1ccccc1)c1cccc(OCc2cccc(-c3ccc(C(=O)O)cc3)c2)c1,20000.0,-4.301029995663981,0,train,4.698970004336019,-4.05896101982676,-0.24206897583722142,0.24206897583722142
CC1(C)CCC(CN2CCN(c3ccc(C(=O)NS(=O)(=O)c4cc(Cl)c(NCC5CCOCC5)c(C#N)c4)c(Oc4cnc5[nH]ccc5c4)c3)CC2)=C(c2ccc(Cl)cc2)C1,0.114,0.9430951486635274,1,train,9.943095148663527,0.7012163521482089,0.24187879651531852,0.24187879651531852
CC1CC(=O)NN=C1c1ccc(S(=O)(=O)NC(=O)c2ccc(N3CCN(Cc4ccccc4-c4ccc(Cl)cc4)CC3)cc2Oc2ccccc2)cc1,11.911,-1.075948224644035,0,train,7.924051775355965,-1.317443962913991,0.24149573826995585,0.24149573826995585
CC1(C)CCC(CN2CCN(c3ccc(C(=O)NS(=O)(=O)c4ccc(OCC5(F)CCOCC5)c(S(=O)(=O)C(F)(F)F)c4)c(Oc4cnc5[nH]ccc5c4)c3)CC2)=C(c2ccc(Cl)cc2)C1,0.988,0.005243055412371884,1,train,9.005243055412372,0.24518062673189353,-0.23993757131952173,0.23993757131952173
CN1CCC(Nc2ccc(S(=O)(=O)NC(=O)c3ccc(N4CCN(CC5=C(c6ccc(Cl)cc6)CC(C)(C)CC5)CC4)cc3Oc3cccc4[nH]cnc34)cc2[N+](=O)[O-])CC1,0.004,2.3979400086720375,1,train,11.397940008672037,2.158299251170622,0.239640757501415,0.239640757501415
CC(C)N1CCC(Nc2ccc(S(=O)(=O)NC(=O)c3ccc(N4CCN(CC5=C(c6ccc(Cl)cc6)CC(C)(C)CC5)CC4)cc3Oc3ccccc3Cl)cc2[N+](=O)[O-])CC1,0.027,1.5686362358410126,1,train,10.568636235841012,1.3290376564994193,0.23959857934159334,0.23959857934159334
CN(C)CCOc1ccc(-c2ccc(Cl)cc2)c(CN2CCN(c3ccc(C(=O)NS(=O)(=O)c4ccc(NC5CCN(CC(F)(F)F)CC5)c([N+](=O)[O-])c4)c(Oc4ccccc4)c3)CC2)c1,0.305,0.5157001606532141,1,train,9.515700160653214,0.7552325124194613,-0.2395323517662472,0.2395323517662472
CC1(C)CCC(CN2CCN(c3ccc(C(=O)NS(=O)(=O)c4ccc(NCC5CCOCC5)c([N+](=O)[O-])c4)c(Oc4ccc(N)c(Cl)c4)c3)CC2)=C(c2ccc(Cl)cc2)C1,0.039,1.408935392973501,1,train,10.4089353929735,1.1703768442238593,0.23855854874964155,0.23855854874964155
CC1(C)CCC(CN2CCN(c3ccc(C(=O)NS(=O)(=O)c4ccc(N[C@@H]5CCN(CC#N)C5)c([N+](=O)[O-])c4)c(Oc4cccc5[nH]cnc45)c3)CC2)=C(c2ccc(Cl)cc2)C1,0.003,2.5228787452803374,1,train,11.522878745280337,2.284959683636612,0.23791906164372545,0.23791906164372545
CC1(C)CCC(CN2CCN(c3ccc(C(=O)NS(=O)(=O)c4cnc(NCC5CCOCC5)c(C#N)c4)c(Oc4cnc5[nH]ccc5c4)c3)CC2)=C(c2ccc(Cl)cc2)C1,0.895,0.04817696468408802,1,train,9.048176964684089,0.2853146721106796,-0.23713770742659163,0.23713770742659163
CC1(C)CCC(CN2CCN(c3ccc(C(=O)NS(=O)(=O)c4ccc(NCC5CCOCC5)c([N+](=O)[O-])c4)c(Oc4cnc5[nH]ccc5c4Cl)c3)CC2)=C(c2ccc(Cl)cc2)C1,6.233,-0.7946971268919986,1,train,8.205302873108002,-0.5578924401260971,-0.2368046867659015,0.2368046867659015
CC1(C)CCC(CN2CCN(c3ccc(C(=O)NS(=O)(=O)c4ccc(NCC5CCOCC5)c([N+](=O)[O-])c4)c(Oc4cnc(N)c(C#N)c4)c3)CC2)=C(c2ccc(Cl)cc2)C1,0.079,1.1023729087095586,1,train,10.102372908709558,0.865758992418059,0.23661391629149964,0.23661391629149964
Cc1cc(OCCCc2c(C(=O)Nc3cccc(C(=O)O)c3)n(C)c3c(-c4c(C)nn(C)c4C)c(Cl)ccc23)cc(C)c1Cl,5300.0,-3.724275869600789,0,train,5.275724130399211,-3.4882759678970374,-0.23599990170375174,0.23599990170375174
Cc1cc2cc(Oc3cc(N4CCN(CC5=C(c6ccc(Cl)cc6)CC(C)(C)CC5)CC4)ccc3C(=O)NS(=O)(=O)c3ccc(NC4CCN(C)CC4)c([N+](=O)[O-])c3)ccc2[nH]1,0.827,0.08249449044745336,1,train,9.082494490447454,0.3182208976963823,-0.235726407248929,0.235726407248929
CCN(C)C(=O)N1CCO[C@H](COc2ncc(S(=O)(=O)NC(=O)c3ccc(N4CCN(CC5=C(c6ccc(Cl)cc6)CC(C)(C)CC5)CC4)cc3Oc3cnc4[nH]ccc4c3)cc2Cl)C1,0.572,0.24260397120697585,1,train,9.242603971206975,0.47792985317359643,-0.23532588196662063,0.23532588196662063
CC(C)[C@H](CO)Nc1ccc(S(=O)(=O)NC(=O)c2ccc(N3CCN(CC4=C(c5ccc(Cl)cc5)CC(C)(C)CC4)CC3)cc2Oc2ccc3[nH]ccc3c2)cc1[N+](=O)[O-],8.376,-0.9230366686707859,1,train,8.076963331329214,-0.6880298432828849,-0.23500682538790119,0.23500682538790119
Cc1c(C(=O)NCCCN2CCN(C)CC2)c(-c2cccc(N3CCN(c4ccc(NS(=O)(=O)c5cccc(Br)c5)cc4)CC3)c2)c(-c2ccc(Cl)cc2)n1C,65.8,-1.8182258936139555,0,train,7.181774106386045,-2.053137932070712,0.23491203845675646,0.23491203845675646
CN1CCC(Nc2ccc(S(=O)(=O)NC(=O)c3ccc(N4CCN(CC5=C(c6ccc(Cl)cc6)CC(C)(C)OC5)CC4)cc3Oc3ccccc3Cl)cc2[N+](=O)[O-])CC1,0.013,1.8860566476931633,1,train,10.886056647693163,1.6512539290431871,0.23480271864997637,0.23480271864997637
CN(C)CC[C@H](CSc1ccccc1)Nc1ccc(S(=O)(=O)Nc2ccc(C#Cc3cccc(-c4c(-c5ccc(Cl)cc5)cn(CC[C@H](O)CO)c4C(=O)NCCCN4CCN(C)CC4)c3)cc2)cc1[N+](=O)[O-],1.5,-0.17609125905568124,1,train,8.823908740944319,-0.4106412720249517,0.2345500129692705,0.2345500129692705
CC1(C)CCC(CN2CCN(c3ccc(C(=O)NS(=O)(=O)c4ccc(NCCCN5CCOCC5)c([N+](=O)[O-])c4)c(Oc4ccc(N)c(Cl)c4)c3)CC2)=C(c2ccc(Cl)cc2)C1,0.072,1.1426675035687315,1,train,10.142667503568731,0.908954995510165,0.2337125080585667,0.2337125080585667
Cc1c[nH]c2cccc(Oc3cc(N4CCN(CC5=C(c6ccc(Cl)cc6)CC(C)(C)CC5)CC4)ccc3C(=O)NS(=O)(=O)c3ccc(NC4CCN(C)CC4)c([N+](=O)[O-])c3)c12,0.592,0.22767829327708025,1,train,9.22767829327708,0.46118408432572294,-0.23350579104864275,0.23350579104864275
CC1(C)CCC(CN2CCN(c3ccc(C(=O)NS(=O)(=O)c4cnc(OCC5CCC(F)(F)CC5)c(Cl)c4)c(Oc4cccc5[nH]cnc45)c3)CC2)=C(c2ccc(Cl)cc2)C1,0.007,2.154901959985743,1,train,11.154901959985743,1.922249320064222,0.2326526399215212,0.2326526399215212
Cc1c(C(=O)O)c(-c2cccc(N3CCN(c4ccc(NS(=O)(=O)c5ccc(N[C@H](CCN6CCOCC6)CSc6ccccc6)c(S(=O)(=O)C(F)(F)F)c5)cc4)CC3)c2)c(-c2ccc(Cl)cc2)n1C,14.1,-1.14921911265538,1,train,7.85078088734462,-0.9167357958861476,-0.23248331676923228,0.23248331676923228
COc1cc(CN(C)C)ccc1-c1ccc(C(=O)NS(=O)(=O)c2ccc(NCCSc3ccccc3)c([N+](=O)[O-])c2)cc1,4570.0,-3.6599162000698504,1,train,5.34008379993015,-3.427506760536506,-0.2324094395333436,0.2324094395333436
CNc1ccc(S(=O)(=O)NC(=O)c2ccc(N3CCN(CC4=C(c5ccc(Cl)cc5)CC(C)(C)CC4)CC3)cc2Oc2cccc3[nH]ccc23)cc1[N+](=O)[O-],0.783,0.10623823794205658,1,train,9.106238237942057,-0.12605792614260206,0.23229616408465856,0.23229616408465856
CC1(C)CCC(CN2CCN(c3ccc(C(=O)NS(=O)(=O)c4ccc(NC5CCN(C6CCOCC6)CC5)c([N+](=O)[O-])c4)c(Nc4ccccc4Cl)c3)CC2)=C(c2ccc(Cl)cc2)C1,7.586,-0.8800128383667718,1,train,8.119987161633228,-0.6482717266918933,-0.23174111167487854,0.23174111167487854
CC1(C)CCC(CN2CCN(c3ccc(C(=O)NS(=O)(=O)c4ccc(NCC5CCOCC5)c([N+](=O)[O-])c4)c(Oc4ccc(N)nc4)c3)CC2)=C(c2ccc(Cl)cc2)C1,1.24,-0.09342168516223506,1,train,8.906578314837764,-0.3246820002088562,0.2312603150466212,0.2312603150466212
CC1(C)CCC(CN2CCN(c3ccc(C(=O)NS(=O)(=O)c4ccc(OCC5COCCO5)c([N+](=O)[O-])c4)c(Oc4cc5cc[nH]c5cc4Cl)c3)CC2)=C(c2ccc(Cl)cc2)C1,0.251,0.6003262785189618,1,train,9.600326278518962,0.8300929037193525,-0.2297666252003907,0.2297666252003907
O=C(NS(=O)(=O)c1ccc(NCCCN2CCOCC2)c(S(=O)(=O)C(F)(F)F)c1)c1ccc(N2CCN(Cc3ccccc3-c3ccc(Cl)cc3)CC2)cc1Oc1cccc2[nH]ccc12,4.558,-0.6587743208443567,0,train,8.341225679155643,-0.42924138119081134,-0.22953293965354538,0.22953293965354538
CCCOc1ccc(C[C@H](NC(=O)c2cn(Cc3ccc(-c4ccccc4)cc3)c3ccccc23)C(=O)NS(=O)(=O)c2ccc(Cl)c([N+](=O)[O-])c2)cc1,5600.0,-3.7481880270062002,0,train,5.251811972993799,-3.519381469161845,-0.22880655784435477,0.22880655784435477
CCc1sc2ncnc(O[C@H](Cc3ccccc3)C(=O)O)c2c1-c1cccc(Cl)c1C,36000.0,-4.556302500767287,0,train,4.443697499232713,-4.3275737199797994,-0.22872878078748737,0.22872878078748737
O=C(N[C@@H](Cc1ccccc1)C(=O)NS(=O)(=O)c1ccc(Cl)c([N+](=O)[O-])c1)c1cn(Cc2ccc(-c3ccccc3)cc2)c2ccccc12,2600.0,-3.4149733479708178,0,train,5.585026652029182,-3.1871957063942453,-0.22777764157657243,0.22777764157657243
CCNS(=O)(=O)c1cccc(-c2nc(N[C@H](C)C(=O)O)c3c(-c4cccc(Oc5ccc(F)cc5)c4)c(CC)sc3n2)c1,1300.0,-3.113943352306837,0,train,5.886056647693163,-3.3416855836561505,0.2277422313493136,0.2277422313493136
CN1CCC(COc2ccc(S(=O)(=O)NC(=O)c3ccc(N4CCN(CC5=C(c6ccc(Cl)cc6)CC(C)(C)CC5)CC4)cc3Oc3ccc4[nH]ccc4c3)cc2[N+](=O)[O-])CC1,0.036,1.4436974992327127,1,train,10.443697499232712,1.2161397675335623,0.2275577316991504,0.2275577316991504
[C]N([C])[C][C][C@H]([C]Sc1ccccc1)[N]c1ccc(S(=O)(=O)[N]C(=O)c2ccc(N3[C][C]C(=[C]c4ccc(Cl)cc4)[C][C]3)cc2)cc1[N+](=O)[O-],2.1,-0.3222192947339193,1,train,8.67778070526608,-0.5491783830775656,0.2269590883436463,0.2269590883436463
CC1(C)CCC(CN2CCN(c3ccc(C(=O)NS(=O)(=O)c4cnc(OC[C@@H]5CCN(CC(F)F)C5)c(Cl)c4)c(Oc4cccc5[nH]ncc45)c3)CC2)=C(c2ccc(Cl)cc2)C1,0.028,1.5528419686577808,1,train,10.55284196865778,1.3283193867975984,0.22452258186018237,0.22452258186018237
CC1(C)C=CC(c2ccc(Cl)cc2)=C(CN2CCN(c3ccc(C(=O)NS(=O)(=O)c4ccc(NCC5CCOCC5)c([N+](=O)[O-])c4)c(Oc4cnc5[nH]ccc5c4)c3)CC2)C1,0.036,1.4436974992327127,1,train,10.443697499232712,1.2194026609029691,0.22429483832974362,0.22429483832974362
CC1(C)CC(c2ccc(Cl)cc2)=C2CN3CCN(c4ccc(C(=O)NS(=O)(=O)c5ccc(NC[C@H]6CC[C@](C)(O)CC6)c(Cl)c5)c(N5CCCOc6nc7[nH]ccc7cc65)c4)C[C@H]3COCCCO[C@@H]2C1,0.085,1.0705810742857071,0,train,10.070581074285707,0.847230831945031,0.22335024234067613,0.22335024234067613
CC1(C)CCC(CN2CCN(c3ccc(C(=O)NS(=O)(=O)c4ccc(N[C@@H]5CCN(CC(F)F)C5)c([N+](=O)[O-])c4)c(Oc4cccc5[nH]cnc45)c3)CC2)=C(c2ccc(Cl)cc2)C1,0.015,1.8239087409443189,1,train,10.823908740944319,2.0470376688699177,-0.2231289279255988,0.2231289279255988
CC(C)n1cc(CN2CCN(c3ccc(C(=O)NS(=O)(=O)c4ccc(NCC5CCOCC5)c([N+](=O)[O-])c4)c(Oc4ccc5[nH]ccc5c4)c3)CC2)c(-c2ccc(Cl)cc2)cc1=O,3.727,-0.5713593927538396,1,train,8.42864060724616,-0.34849964335917255,-0.22285974939466707,0.22285974939466707
CC(=O)N[C@H](C(=O)Nc1ccc(C(=O)NS(=O)(=O)c2ccc(NCCSc3ccccc3)c([N+](=O)[O-])c2)cc1)C(C)C,9490.0,-3.977266212427293,0,train,5.022733787572707,-3.754760997753239,-0.22250521467405404,0.22250521467405404
COC1(Cc2ccccc2-c2ccc(Cl)cc2)CCN(c2ccc(C(=O)NS(=O)(=O)c3cnc(OCC4(F)CCOCC4)c(Cl)c3)c(Oc3cnc4[nH]ccc4c3)c2)CC1,0.156,0.8068754016455384,0,train,9.806875401645538,1.0293606585915667,-0.22248525694602828,0.22248525694602828
CN1CCC(Nc2ccc(S(=O)(=O)NC(=O)c3ccc(N4CCN(CC5=C(c6ccc(Cl)cc6)CC(C)(C)CC5)CC4)cc3Oc3ccc4[nH]ccc4c3)cc2S(=O)(=O)C(F)(F)F)CC1,0.05,1.3010299956639813,1,train,10.301029995663981,1.0786057970887362,0.2224241985752451,0.2224241985752451
Cc1ccc(-c2ccc(O[C@H]3C[C@@H](C(=O)N[C@@H](Cc4ccccc4)C(=O)NS(=O)(=O)c4ccc(Cl)c([N+](=O)[O-])c4)N(C(=O)OC(C)(C)C)C3)cc2)cc1,4600.0,-3.662757831681574,0,train,5.337242168318426,-3.44113521067753,-0.22162262100404373,0.22162262100404373
CC(C)(C)c1ccc(OCCCn2ccc3cc(OCc4ccccc4C(=O)O)ccc32)cc1,170.0,-2.230448921378274,0,train,6.769551078621726,-2.450593337651567,0.22014441627329306,0.22014441627329306
CC1(C)CN(c2ccc(S(=O)(=O)NC(=O)c3ccc(N4CCN(Cc5ccccc5-c5ccc(Cl)cc5)CC4)cc3Oc3ccccc3)cc2)C1=O,102.92,-2.012499777538309,0,train,6.987500222461691,-1.7943300308281693,-0.21816974671013956,0.21816974671013956
CCN(CC)C1CCC(Nc2ccc(S(=O)(=O)NC(=O)c3ccc(N4CCN(CC5=C(c6ccc(Cl)cc6)CC(C)(C)CC5)CC4)cc3Oc3cccc4[nH]ccc34)cc2[N+](=O)[O-])CC1,0.031,1.5086383061657274,1,train,10.508638306165727,1.2908708900849133,0.21776741608081407,0.21776741608081407
CN(C)CC#Cc1ccc(OCCCc2sc(N3CCc4cccc(C(=O)Nc5nc6ccccc6s5)c4C3)nc2C(=O)O)cc1F,88.0,-1.9444826721501687,0,train,7.055517327849831,-2.1621402619802597,0.21765758983009076,0.21765758983009076
Cc1cc(OCCCn2ccc3c(OCc4cccc(C(=O)O)c4)cccc32)cc(C)c1Cl,140.0,-2.146128035678238,1,train,6.853871964321762,-2.3637170554521556,0.21758901977391742,0.21758901977391742
CC(c1ccccc1-c1ccc(Cl)cc1)N1CCN(c2ccc(C(=O)NS(=O)(=O)c3ccc(NCC4CCOCC4)c([N+](=O)[O-])c3)c(Oc3ccc4[nH]ccc4c3)c2)CC1,0.077,1.1135092748275182,0,train,10.113509274827518,0.8961783222975115,0.21733095253000667,0.21733095253000667
CC1(C)CCC(CN2CCN(c3ccc(C(=O)NS(=O)(=O)c4ccc(NN5CCOCC5)c([N+](=O)[O-])c4)c(Oc4cccc5[nH]ccc45)c3)CC2)=C(c2ccc(Cl)cc2)C1,3.001,-0.4772659954248526,1,train,8.522734004575147,-0.2601999039394144,-0.2170660914854382,0.2170660914854382
CN(C)CCC(CSc1ccccc1)Nc1ccc(S(=O)(=O)NC(=O)c2ccc(N3CCC4(CC3)C[C-](Cc3ccccc3)N=[O+]4)cc2)cc1[N+](=O)[O-],6.5,-0.8129133566428556,0,train,8.187086643357144,-1.0295478599561998,0.21663450331334422,0.21663450331334422
COCCNc1ccc(S(=O)(=O)NC(=O)c2ccc(N3CCN(CC4=C(c5ccc(Cl)cc5)CC(C)(C)CC4)CC3)cc2Oc2cc(F)cc3[nH]ccc23)cc1[N+](=O)[O-],0.469,0.32882715728491674,1,train,9.328827157284916,0.5447736147609171,-0.21594645747600044,0.21594645747600044
O=c1c(O)cccc2c([C@H]3Oc4cc(O)cc(O)c4C[C@H]3O)cc(O)c(O)c12,286.0,-2.456366033129043,0,train,6.543633966870956,-2.6722432583172107,0.21587722518816754,0.21587722518816754
O=C(NS(=O)(=O)c1ccc(NCC2CCOCC2)c(S(=O)(=O)C(F)(F)F)c1)c1ccc(N2CCN(Cc3cc(OCCN4CCOCC4)ccc3-c3ccc(Cl)cc3)CC2)cc1Oc1ccccc1,2.299,-0.36153897126927903,0,train,8.63846102873072,-0.14587726375302304,-0.21566170751625593,0.21566170751625593
CN(C)CCCNc1ccc(S(=O)(=O)NC(=O)c2ccc(N3CCN(Cc4ccccc4-c4ccc(Cl)cc4)CC3)cc2Oc2ccccc2)cc1[N+](=O)[O-],0.133,0.8761483590329142,1,train,9.876148359032914,0.6607072278629742,0.21544113116994001,0.21544113116994001
CC(C)Oc1cc(C(=O)Nc2ccc(C(=O)Nc3ccc(C(=O)O)cc3OC(C)C)nc2OC(C)C)ccc1N,179.0,-2.2528530309798933,0,train,6.747146969020107,-2.467953206994646,0.21510017601475262,0.21510017601475262
CC1(C)CCC(CN2CCN(c3ccc(C(=O)NS(=O)(=O)c4ccc(NCCCN5CCCC5)c([N+](=O)[O-])c4)c(Oc4cccc5[nH]ccc45)c3)CC2)=C(c2cccc(F)c2)C1,3.022,-0.4802944600030065,1,train,8.519705539996993,-0.2657231682716272,-0.21457129173137934,0.21457129173137934
CC(C)Oc1ccc(C(=O)Nc2c(C(=O)O)nn(-c3ccc(Oc4ccccc4)cc3)c2-c2ccc(OC(C)C)cc2)cc1,140.0,-2.146128035678238,0,train,6.853871964321762,-2.360346131110998,0.21421809543275971,0.21421809543275971
Cc1cc(OCCCc2c(C)n(CCC(=O)O)c3c(-c4c(C)nn(C)c4C)cccc23)cc(C)c1Cl,7100.0,-3.8512583487190755,0,train,5.1487416512809245,-3.6375115809675167,-0.2137467677515592,0.2137467677515592
CC1(C)CCC(CN2CCN(c3ccc(C(=O)NS(=O)(=O)c4ccc(NCc5ccc(O)cc5)c([N+](=O)[O-])c4)c(Oc4cnc5[nH]ccc5c4)c3)CC2)=C(c2ccc(Cl)cc2)C1,0.022,1.6575773191777938,1,train,10.657577319177793,1.4450045385534804,0.2125727806243134,0.2125727806243134
COc1cc(CCCN2CCOCC2)ccc1-c1ccc(C(=O)NS(=O)(=O)c2ccc(N[C@H](CCN3CCOCC3)CSc3ccccc3)c([N+](=O)[O-])c2)cc1,165.0,-2.2174839442139063,0,train,6.782516055786093,-2.0053784729588036,-0.2121054712551027,0.2121054712551027
O=C(O)CSc1cc(NS(=O)(=O)c2ccccc2-c2ccccc2)c2ccccc2c1O,23840.0,-4.377306251068199,0,train,4.622693748931801,-4.165759521874895,-0.2115467291933042,0.2115467291933042
CC(C)(C)c1ccc(N2CCN(S(=O)(=O)Nc3ccc(SCCc4ccccc4)cc3C(=O)O)CC2)cc1,1200.0,-3.0791812460476247,1,train,5.920818753952375,-3.290451090669827,0.21126984462220255,0.21126984462220255
O=Cc1ccc(-c2ccc(C[C@@H]3NC(=O)N([C@@H](Cc4ccccc4)C(=O)NS(=O)(=O)c4ccc(Cl)c([N+](=O)[O-])c4)C3=O)cc2)cc1,13000.0,-4.113943352306837,0,train,4.886056647693163,-3.9027463328245746,-0.21119701948226233,0.21119701948226233
CN(C)C(=O)CN1CCC(Nc2ccc(S(=O)(=O)NC(=O)c3ccc(N4CCN(CC5=C(c6ccc(Cl)cc6)CC(C)(C)CC5)CC4)cc3Oc3cccc(Cl)c3)cc2[N+](=O)[O-])CC1,0.036,1.4436974992327127,1,train,10.443697499232712,1.23410914963721,0.20958834959550265,0.20958834959550265
CC1(C)CCC(CN2CCN(c3ccc(C(=O)NS(=O)(=O)c4ccc(NCCCN5CCCC5)c([N+](=O)[O-])c4)c(Oc4cccc5[nH]ccc45)c3)CC2)=C(c2cccc(C(F)(F)F)c2)C1,6.233,-0.7946971268919986,1,train,8.205302873108002,-0.5853317909999048,-0.20936533589209372,0.20936533589209372
COC1CCC(COc2ncc(S(=O)(=O)NC(=O)c3ccc(N4CCN(CC5=C(c6ccc(Cl)cc6)CC(C)(C)CC5)CC4)cc3Oc3cccc4[nH]ncc34)cc2Cl)CC1,0.007,2.154901959985743,1,train,11.154901959985743,1.9457964500716665,0.20910550991407661,0.20910550991407661
CC1(C)CCC(CN2CCN(c3ccc(C(=O)NS(=O)(=O)c4ccc(NCC5CCC(F)(F)CC5)c([N+](=O)[O-])c4)c(Oc4cccc5[nH]ncc45)c3)CC2)=C(c2ccc(Cl)cc2)C1,0.021,1.6777807052660807,1,train,10.67778070526608,1.4687641501667965,0.20901655509928418,0.20901655509928418
CC1(C)CCC(CN2CCN(c3ccc(C(=O)NS(=O)(=O)c4cnc(OCCC5CCCO5)c(Cl)c4)c(Oc4cccc5[nH]ncc45)c3)CC2)=C(c2ccc(Cl)cc2)C1,0.093,1.031517051446065,1,train,10.031517051446064,1.240213651321683,-0.20869659987561806,0.20869659987561806
CC1(C)CCC(CN2CCN(c3ccc(C(=O)NS(=O)(=O)c4ccc(NC5CCN(C6CCOCC6)CC5)c([N+](=O)[O-])c4)c(-c4ccc(N)nc4)c3)CC2)=C(c2ccc(Cl)cc2)C1,7.013,-0.8459038388987825,1,train,8.154096161101217,-0.6376313168116888,-0.20827252208709368,0.20827252208709368
CC1(C)CCC(CN2CCN(c3ccc(C(=O)NS(=O)(=O)c4ccc(NC5CCN(C6CCOCC6)CC5)c([N+](=O)[O-])c4)c(Oc4cccc(F)c4Cl)c3)CC2)=C(c2ccc(Cl)cc2)C1,0.175,0.7569619513137056,1,train,9.756961951313706,0.9649022068653901,-0.2079402555516845,0.2079402555516845
O=C(Nc1ccc(S(=O)(=O)c2ccccc2)cc1)c1cc(Cc2ccccc2)c(O)c(O)c1O,930.0,-2.9684829485539352,0,train,6.031517051446064,-3.175433543269585,0.20695059471564958,0.20695059471564958
CC1(C)CCC(CN2CCN(c3ccc(C(=O)NS(=O)(=O)c4ccc(NCc5cncs5)c([N+](=O)[O-])c4)c(Oc4ccc5[nH]ccc5c4)c3)CC2)=C(c2ccc(Cl)cc2)C1,0.177,0.7520267336381934,1,train,9.752026733638193,0.5452452185753045,0.2067815150628889,0.2067815150628889
O=C(O)c1c(CCCOc2cccc3ccccc23)c2cccc3c2n1CCCS3(=O)=O,11700.0,-4.068185861746161,0,train,4.931814138253839,-3.8621046851359524,-0.20608117661020886,0.20608117661020886
CC1(C)CCC(CN2CCN(c3ccc(C(=O)NS(=O)(=O)c4ccc(OCC5CCN(C6COC6)CC5)c(Cl)c4)c(Oc4cnc5[nH]ccc5c4)c3)CC2)=C(c2ccc(Cl)cc2)C1,0.023,1.6382721639824072,1,train,10.638272163982407,1.432512557582889,0.20575960639951818,0.20575960639951818
CC(C)c1ccc(-n2nc(C(=O)O)cc2-c2ccc(OCc3ccccc3)cc2)cc1,385.0,-2.5854607295085006,0,train,6.414539270491499,-2.7909070669825287,0.20544633747402807,0.20544633747402807
Cc1c(S(C)(=O)=O)c(-c2cc(F)cc(N3CCN(c4ccc(NS(=O)(=O)c5ccc(N[C@H](CCN6CCC(O)CC6)CSc6ccccc6)c(S(=O)(=O)C(F)(F)F)c5)cc4)CC3)c2)c(-c2ccc(Cl)cc2)n1C(C)C,0.7,0.1549019599857432,1,train,9.154901959985743,-0.05048447248466804,0.20538643247041122,0.20538643247041122
CC1(C)CCC(CN2CCN(c3ccc(C(=O)NS(=O)(=O)c4cnc(OCC5(F)CCOCC5)c(Cl)c4)c(Oc4cccc5[nH]ccc45)c3)CC2)=C(c2ccc(Cl)cc2)C1,0.04,1.3979400086720375,1,train,10.397940008672037,1.1926311248491,0.20530888382293755,0.20530888382293755
CC1(C)CCC(CN2CCN(c3ccc(C(=O)NS(=O)(=O)c4ccc(NC5CCN(C6CCOCC6)CC5)c([N+](=O)[O-])c4)c(Oc4cccc5[nH]c(C(F)(F)F)cc45)c3)CC2)=C(c2ccc(Cl)cc2)C1,2.954,-0.4704104909759307,1,train,8.529589509024069,-0.26709351781634916,-0.20331697315958153,0.20331697315958153
CN(C)CCOc1cccc(-c2ccc(Cl)cc2)c1CN1CCN(c2ccc(C(=O)NS(=O)(=O)c3ccc(NC4CCN(C5CCOCC5)CC4)c([N+](=O)[O-])c3)c(Oc3cccc4[nH]ccc34)c2)CC1,0.014,1.853871964321762,0,train,10.853871964321762,1.6506910799213323,0.2031808844004297,0.2031808844004297
O=C(NS(=O)(=O)c1ccc(NC2CCOCC2)c([N+](=O)[O-])c1)c1ccc(N2CCN(CC3=C(c4ccc(Cl)cc4)COCC3)CC2)cc1,59.0,-1.7708520116421442,0,train,7.229147988357855,-1.9737140534949134,0.20286204185276913,0.20286204185276913
CC1(C)CCC(CN2CCN(c3ccc(C(=O)NS(=O)(=O)c4ccc(N[C@@H]5CCN(Cc6ccccc6)C[C@@H]5O)c([N+](=O)[O-])c4)c(Oc4ccc5[nH]ccc5c4)c3)CC2)=C(c2ccc(Cl)cc2)C1,0.329,0.48280410205002566,1,train,9.482804102050025,0.28014552706317003,0.20265857498685558,0.20265857498685558
O=C(NS(=O)(=O)c1ccc(NCCCN2CCOCC2)c([N+](=O)[O-])c1)c1ccc(N2CCN(Cc3ccccc3-c3ccc(Cl)cc3)CC2)cc1Oc1cccc(Cl)c1,0.331,0.48017200622428124,1,train,9.480172006224281,0.2776633701557665,0.2025086360685147,0.2025086360685147
O=C(O)c1c(CCCOc2cccc3ccccc23)c2cccc3c2n1CCC[S+]3O,16000.0,-4.204119982655925,0,train,4.795880017344075,-4.002069628879238,-0.2020503537766869,0.2020503537766869
CC1(C)CCC(CN2CCN(c3ccc(C(=O)NS(=O)(=O)c4ccc(N[C@H]5CCN(C6CC6)C5)c([N+](=O)[O-])c4)c(Oc4cnc5[nH]ccc5c4)c3)CC2)=C(c2ccc(Cl)cc2)C1,0.13,0.8860566476931632,1,train,9.886056647693163,1.0877471525208804,-0.20169050482771722,0.20169050482771722
CC1(C)CCC(CN2CCN(c3ccc(C(=O)NS(=O)(=O)c4ccc(OCC5C[C@H]6C=C[C@@H]5C6)c([N+](=O)[O-])c4)c(Oc4cnc5[nH]ccc5c4)c3)CC2)=C(c2ccc(Cl)cc2)C1,0.014,1.853871964321762,0,train,10.853871964321762,1.652323666430404,0.20154829789135809,0.20154829789135809
COc1cc(CCCN(C)C)ccc1-c1ccc(C(=O)NS(=O)(=O)c2ccc(NCCSc3ccccc3)c([N+](=O)[O-])c2)cc1,1230.0,-3.089905111439398,0,train,5.910094888560602,-3.2912874701177,0.2013823586783019,0.2013823586783019
Cn1ccc2c(Oc3cc(N4CCN(Cc5ccccc5-c5ccc(Cl)cc5)CC4)ccc3C(=O)NS(=O)(=O)c3ccc(NCCCN4CCOCC4)c([N+](=O)[O-])c3)cccc21,5.934,-0.773347541980823,0,train,8.226652458019178,-0.5721592343828203,-0.20118830759800266,0.20118830759800266
CC1(C)CCC(CN2CCN(c3ccc(C(=O)NS(=O)(=O)c4ccc(NCCCN5CCOCC5)c([N+](=O)[O-])c4)c(Oc4ccccc4)c3)CC2)=C(c2ccc(Cl)cc2)C1,0.238,0.623423042943488,1,train,9.623423042943488,0.8244949701256217,-0.20107192718213363,0.20107192718213363
COCCN1CCC(Nc2ccc(S(=O)(=O)NC(=O)c3ccc(N4CCN(CC5=C(c6ccc(Cl)cc6)CC(C)(C)CC5)CC4)cc3Oc3cccc(Cl)c3)cc2[N+](=O)[O-])CC1,0.019,1.7212463990471711,1,train,10.721246399047171,1.5203230517809185,0.2009233472662526,0.2009233472662526
CN(C)CCCC(O)(c1ccccc1)c1ccc(OCc2cccc(-c3ccc(C(=O)O)cc3)c2)cc1,5800.0,-3.7634279935629373,1,train,5.236572006437063,-3.9642144893295006,0.2007864957665637,0.2007864957665637
O=C(NS(=O)(=O)c1ccc(NCC2CCOCC2)c([N+](=O)[O-])c1)c1ccc(N2CCN(Cc3cc(CCN4CCCC4)ccc3-c3ccc(Cl)cc3)CC2)cc1Oc1cccc2[nH]ccc12,0.05,1.3010299956639813,1,train,10.301029995663981,1.1015208840056843,0.199509111658297,0.199509111658297
CN1CC[C@H](Nc2ccc(S(=O)(=O)NC(=O)c3ccc(N4CCN(CC5=C(c6ccc(Cl)cc6)CC(C)(C)CC5)CC4)cc3Oc3ccc4[nH]ccc4c3)cc2[N+](=O)[O-])C1,0.369,0.4329736338409397,1,train,9.43297363384094,0.6323244630216592,-0.19935082918071956,0.19935082918071956
CC1(C)CCC(CN2CCN(c3ccc(C(=O)NS(=O)(=O)c4cnc(OCC5(F)CCOCC5)c(C#N)c4)c(Oc4ccc5[nH]ccc5c4)c3)CC2)=C(c2ccc(Cl)cc2)C1,0.062,1.207608310501746,1,train,10.207608310501746,1.0086170099823204,0.1989913005194257,0.1989913005194257
C#Cc1cc(S(=O)(=O)NC(=O)c2ccc(N3CCN(CC4=C(c5ccc(Cl)cc5)CC(C)(C)CC4)CC3)cc2Oc2cc3cc[nH]c3cc2F)cnc1OCC1CCOCC1,4.53,-0.6560982020128319,1,train,8.343901797987169,-0.4572379367926388,-0.19886026522019307,0.19886026522019307
CC1(C)CCC(CN2CCN(c3ccc(C(=O)NS(=O)(=O)c4ccc(NC5CCN(CCc6ccccc6)CC5)c([N+](=O)[O-])c4)c(Oc4cccc(Cl)c4)c3)CC2)=C(c2ccc(Cl)cc2)C1,0.686,0.16367588429324825,1,train,9.163675884293248,0.36227554662524925,-0.19859966233200105,0.19859966233200105
CC1(C)CCC(CN2CCN(c3ccc(C(=O)NS(=O)(=O)c4ccc(NCC5CCOCC5)c([N+](=O)[O-])c4)c(Oc4cccc5c4CC(=O)N5)c3)CC2)=C(c2ccc(Cl)cc2)C1,0.042,1.3767507096020994,1,train,10.3767507096021,1.1781936194591365,0.19855709014296297,0.19855709014296297
O=C(Nc1nc2ccccc2s1)c1cccc2c1CN(c1ccc(CCCOc3ccccc3)c(C(=O)O)n1)CC2,626.0,-2.7965743332104296,0,train,6.20342566678957,-2.5981559264531064,-0.19841840675732314,0.19841840675732314
O=C(/C=C/c1ccccc1Cl)Nc1ccc(C(=O)NS(=O)(=O)c2ccc(NCCSc3ccccc3)c([N+](=O)[O-])c2)cc1,600.0,-2.7781512503836434,0,train,6.221848749616356,-2.9752992207555677,0.19714797037192433,0.19714797037192433
CC1(C)CCC(CN2CCN(c3ccc(C(=O)NS(=O)(=O)c4ccc(NCC5CCOCC5)c([N+](=O)[O-])c4)c(Oc4ccnc(NC(=O)OC(C)(C)C)c4)c3)CC2)=C(c2ccc(Cl)cc2)C1,7.55,-0.8779469516291882,1,train,8.122053048370812,-1.0747269988051165,0.19678004717592823,0.19678004717592823
CC1(C)CCC(CN2CCN(c3ccc(C(=O)NS(=O)(=O)c4cnc(OCC5CCC(N(C6CC6)C6COC6)CC5)c(Cl)c4)c(Oc4cnc5[nH]ccc5c4)c3)CC2)=C(c2ccc(Cl)cc2)C1,0.03,1.5228787452803376,1,train,10.522878745280337,1.3265248675633063,0.19635387771703128,0.19635387771703128
CC1(C)CCC(CN2CCN(c3ccc(C(=O)NS(=O)(=O)c4ccc(OC[C@H]5CC[C@H](O)CC5)c(Cl)c4)c(Oc4cnc5[nH]ccc5c4)c3)CC2)=C(c2ccc(Cl)cc2)C1,0.033,1.4814860601221125,1,train,10.481486060122112,1.285367491561295,0.19611856856081755,0.19611856856081755
C#Cc1cc(S(=O)(=O)NC(=O)c2ccc(N3CCN(CC4=C(c5ccc(Cl)cc5)CC(C)(C)OC4)CC3)cc2Oc2cc3cc[nH]c3cc2F)cnc1OCC1CCOCC1,3.484,-0.5420781463356256,1,train,8.457921853664374,-0.3460677396016669,-0.19601040673395864,0.19601040673395864
CC1(C)CCC(CN2CCN(c3ccc(C(=O)NS(=O)(=O)c4ccc(NC5CCC(F)(F)CC5)c([N+](=O)[O-])c4)c(Oc4ccc5[nH]ccc5c4)c3)CC2)=C(c2ccc(Cl)cc2)C1,3.684,-0.5663196215248114,1,train,8.433680378475188,-0.3715040923216128,-0.1948155292031986,0.1948155292031986
CC1CCC(O)(COc2ncc(S(=O)(=O)NC(=O)c3ccc(N4CCN(CC5=C(c6ccc(Cl)cc6)CC(C)(C)CC5)CC4)cc3Oc3cnc4[nH]ccc4c3)cc2Cl)CC1,0.013,1.8860566476931633,1,train,10.886056647693163,1.691337037748408,0.19471960994475546,0.19471960994475546
O=C(O)c1[nH]c2cc(Cl)ccc2c1CCCOc1cccc2ccccc12,960.0,-2.9822712330395684,0,train,6.017728766960431,-3.1757967145050072,0.1935254814654388,0.1935254814654388
CC(=O)c1ccc(NC(=O)OCC[C@@H]2C=C[C@]3(C(=O)O)[C@@H](CC(C)=C[C@H]3/C=C(\Cl)c3ccc(C(=O)O)cc3)C2)cc1,2920.0,-3.4653828514484184,0,train,5.534617148551582,-3.2719837045368534,-0.193399146911565,0.193399146911565
CC1(C)CCC(CN2CCN(c3ccc(C(=O)NS(=O)(=O)c4cnc(OCC5(F)CCN(C(CF)CF)CC5)c(C(F)(F)F)c4)c(Oc4cnc(N)c(Cl)c4)c3)CC2)=C(c2ccc(Cl)cc2)C1,0.354,0.45099673797421225,0,train,9.450996737974211,0.6443085662434982,-0.193311828269286,0.193311828269286
CN1CCN(Nc2ccc(S(=O)(=O)NC(=O)c3ccc(N4CCN(CC5=C(c6ccc(Cl)cc6)CC(C)(C)CC5)CC4)cc3Oc3ccc4[nH]ccc4c3)cc2[N+](=O)[O-])CC1,0.487,0.3124710387853657,1,train,9.312471038785366,0.5052298346802717,-0.19275879589490602,0.19275879589490602
CN1CCC(Nc2ccc(S(=O)(=O)NC(=O)c3ccc(N4CCN(CC5=C(c6ccc(Cl)cc6)CC(C)(C)CC5)CC4)cc3Oc3cccc(-c4ccc[nH]4)c3)cc2[N+](=O)[O-])CC1,0.22,0.6575773191777937,1,train,9.657577319177793,0.8500754268942987,-0.192498107716505,0.192498107716505
CN(C)CCOc1ccc(-c2ccc(Cl)cc2)c(CN2CCN(c3ccc(C(=O)NS(=O)(=O)c4ccc(NC5CCN(C)CC5)c([N+](=O)[O-])c4)c(Oc4ccccc4)c3)CC2)c1,0.009,2.0457574905606752,1,train,11.045757490560675,1.8533606786752044,0.19239681188547086,0.19239681188547086
CC(=O)N1CCC(Nc2ccc(S(=O)(=O)NC(=O)c3ccc(N4CCN(CC5=C(c6ccc(Cl)cc6)CC(C)(C)CC5)CC4)cc3Oc3cccc4[nH]ccc34)cc2[N+](=O)[O-])CC1,0.535,0.27164621797877153,1,train,9.271646217978772,0.46368022112818946,-0.192034003149418,0.192034003149418
Cc1cc(OCCCn2ccc3c(OCc4ccccc4C(=O)O)cccc32)cc(C)c1Cl,230.0,-2.361727836017593,0,train,6.638272163982407,-2.553007319753464,0.19127948373587111,0.19127948373587111
COC1CCC(CNc2ccc(S(=O)(=O)NC(=O)c3ccc(N4CCN(CC5=C(c6ccc(Cl)cc6)CC(C)(C)CC5)CC4)cc3Oc3cccc4[nH]ncc34)cc2[N+](=O)[O-])CC1,0.038,1.4202164033831899,1,train,10.42021640338319,1.610927199564862,-0.19071079618167186,0.19071079618167186
CCc1sc2ncnc(N[C@@H](C)C(=O)O)c2c1-c1ccc(SC)cc1,359000.0,-5.555094448578319,0,train,3.444905551421681,-5.364498586068997,-0.1905958625093218,0.1905958625093218
Cc1cc2c(C(C)C)c(O)c(O)c(C=O)c2c(O)c1-c1cc2cc(C(C)C)c(O)c(O)c2c(C=O)c1O,320.0,-2.505149978319906,0,train,6.494850021680094,-2.6954864524018634,0.19033647408195753,0.19033647408195753
O=C(NS(=O)(=O)c1ccc(NC2CCN(C3CCOCC3)CC2)c([N+](=O)[O-])c1)c1ccc(N2CCN(CC3=C(c4ccc(Cl)cc4)CCC(O)C3)CC2)cc1Oc1ccc2[nH]ccc2c1,0.01,2.0,1,train,11.0,1.8099245769017047,0.19007542309829528,0.19007542309829528
CC1(C)CCC(CN2CCN(c3ccc(C(=O)NS(=O)(=O)c4ccc(NCc5cccc(O)c5)c([N+](=O)[O-])c4)c(Oc4cnc5[nH]ccc5c4)c3)CC2)=C(c2ccc(Cl)cc2)C1,0.047,1.3279021420642825,1,train,10.327902142064282,1.1382269931921523,0.18967514887213022,0.18967514887213022
CC1(C)CCC(CN2CCN(c3ccc(C(=O)NS(=O)(=O)c4ccc(NC5CCN(C6CCOCC6)CC5)c([N+](=O)[O-])c4)c(Oc4ccccc4F)c3)CC2)=C(c2ccc(Cl)cc2)C1,0.033,1.4814860601221125,1,train,10.481486060122112,1.2918135061915927,0.18967255393051974,0.18967255393051974
CC1(C)CCC(CN2CCN(c3ccc(C(=O)NS(=O)(=O)c4ccc(NC5CCN(C6CCOCC6)CC5)c([N+](=O)[O-])c4)c(Oc4cccc5[nH]cnc45)c3)CC2)=C(c2ccc(Cl)cc2)C1,0.046,1.337242168318426,1,train,10.337242168318426,1.526776546953867,-0.1895343786354411,0.1895343786354411
CC1(C)CCC(CN2CCN(c3ccc(C(=O)NS(=O)(=O)c4ccc(NC5CCN(CCCC(F)(F)F)CC5)c([N+](=O)[O-])c4)c(Oc4ccc5[nH]ccc5c4)c3)CC2)=C(c2ccc(Cl)cc2)C1,0.615,0.21112488422458325,1,train,9.211124884224583,0.4006380906270542,-0.189513206402471,0.189513206402471
CC(C1=C(c2ccc(Cl)cc2)CC(C)(C)CC1)N1CCN(c2ccc(C(=O)NS(=O)(=O)c3ccc(NC4CCN(C5CCOCC5)CC4)c([N+](=O)[O-])c3)c(Oc3ccc4[nH]ccc4c3)c2)CC1,0.048,1.3187587626244128,0,train,10.318758762624412,1.1296985937361006,0.18906016888831223,0.18906016888831223
CC1(C)CCC(CN2CCN(c3ccc(C(=O)NS(=O)(=O)c4cnc(OC[C@@H]5CN(C6CC6)CCO5)c(Cl)c4)c(Oc4cnc5[nH]ccc5c4)c3)CC2)=C(c2ccc(Cl)cc2)C1,0.042,1.3767507096020994,1,train,10.3767507096021,1.187856991975071,0.18889371762702845,0.18889371762702845
CN1CCN(CCCNc2ccc(S(=O)(=O)NC(=O)c3ccc(N4CCN(CC5=C(c6ccc(Cl)cc6)CC(C)(C)CC5)CC4)cc3Oc3ccc4[nH]ccc4c3)cc2[N+](=O)[O-])CC1,0.047,1.3279021420642825,1,train,10.327902142064282,1.1392460297653155,0.18865611229896695,0.18865611229896695
Cc1ccc(S(=O)(=O)N2CCN(c3ccc(C(=O)NS(=O)(=O)c4ccc(N[C@H](CCN(C)C)CSc5ccccc5)c([N+](=O)[O-])c4)cc3)CC2)cc1,6.1,-0.785329835010767,0,train,8.214670164989233,-0.9727774469263875,0.18744761191562043,0.18744761191562043
CC1(C)CCC(CN2CCN(c3ccc(C(=O)NS(=O)(=O)c4ccc(NCC5CCS(=O)(=O)C5)c([N+](=O)[O-])c4)c(Oc4cccc5[nH]ccc45)c3)CC2)=C(c2ccc(Cl)cc2)C1,0.116,0.9355420107730815,1,train,9.935542010773082,0.7486921546524633,0.18684985612061833,0.18684985612061833
CC1(C)CCC(CN2CCN(c3ccc(C(=O)NS(=O)(=O)c4ccc(OCC5COCCO5)c([N+](=O)[O-])c4)c(Oc4cc5cc[nH]c5cc4F)c3)CC2)=C(c2ccc(Cl)cc2)C1,0.037,1.431798275933005,1,train,10.431798275933005,1.2457369939813494,0.1860612819516556,0.1860612819516556
CC1(C)CCC(CN2CCN(c3ccc(C(=O)NS(=O)(=O)c4ccc(NC(CO)C5CCOCC5)c([N+](=O)[O-])c4)c(Oc4cc5cc[nH]c5cc4F)c3)CC2)=C(c2ccc(Cl)cc2)C1,0.912,0.0400051616715838,1,train,9.040005161671584,0.2260330314263792,-0.1860278697547954,0.1860278697547954
CC1(C)CCC(CN2CCN(c3ccc(C(=O)NS(=O)(=O)c4ccc(NC5CCC(N6CCOCC6)CC5)c([N+](=O)[O-])c4)c(Oc4cc5cc[nH]c5c(F)c4F)c3)CC2)=C(c2ccc(Cl)cc2)C1,0.039,1.408935392973501,1,train,10.4089353929735,1.223296305670774,0.18563908730272694,0.18563908730272694
CN(C)CCC(CSc1ccccc1)Nc1ccc(S(=O)(=O)NC(=O)c2ccc(N3CCC4(CC3)C[C-](c3ccccc3)N=[O+]4)cc2)cc1[N+](=O)[O-],35.2,-1.546542663478131,0,train,7.453457336521869,-1.360995901790458,-0.18554676168767292,0.18554676168767292
COC1(Cc2ccccc2-c2ccc(Cl)cc2)CCN(c2ccc(C(=O)NS(=O)(=O)c3ccc(NCC4CCOCC4)c([N+](=O)[O-])c3)c(Oc3cnc4[nH]ccc4c3)c2)CC1,0.036,1.4436974992327127,0,train,10.443697499232712,1.2582840664194437,0.18541343281326905,0.18541343281326905
CC1(C)CC(c2ccc(Cl)cc2)=C2CN3CCN(c4ccc(C(=O)NS(=O)(=O)c5ccc(NCC6(O)COC6)c([N+](=O)[O-])c5)c(N5CCCOc6nc7[nH]ccc7cc65)c4)C[C@H]3COCCCO[C@@H]2C1,0.761,0.11861534322942716,0,train,9.118615343229427,0.30360485475881954,-0.18498951152939244,0.18498951152939244
O=C(NS(=O)(=O)c1ccc(NCCSc2ccccc2)c([N+](=O)[O-])c1)c1ccc(-c2ccc(F)cc2)cc1,433.0,-2.6364878963533656,0,train,6.363512103646634,-2.820319803641262,0.18383190728789645,0.18383190728789645
Cc1nc2cc(Oc3cc(N4CCN(Cc5ccccc5-c5ccc(Cl)cc5)CC4)ccc3C(=O)NS(=O)(=O)c3ccc(NCCCN4CCOCC4)c([N+](=O)[O-])c3)ccc2s1,14.984,-1.1756277643671809,1,train,7.824372235632819,-0.9918178315005737,-0.18380993286660718,0.18380993286660718
CC1(C)CCC(CN2CCN(c3ccc(C(=O)NS(=O)(=O)c4ccc(NC5CCN(S(C)(=O)=O)CC5)c([N+](=O)[O-])c4)c(Oc4ccc5[nH]ccc5c4)c3)CC2)=C(c2ccc(Cl)cc2)C1,0.438,0.3585258894959005,1,train,9.358525889495901,0.5419190365411206,-0.18339314704522014,0.18339314704522014
CN(C)CCCNc1ccc(S(=O)(=O)NC(=O)c2ccc(N3CCN(Cc4ccccc4-c4ccc(Cl)cc4)CC3)cc2Oc2cccc(OCc3ccccc3)c2)cc1[N+](=O)[O-],2.569,-0.40976410426634613,1,train,8.590235895733654,-0.22644233577174802,-0.18332176849459805,0.18332176849459805
CC(C)(C)OC(=O)N1CCN(c2ccc(C(=O)NS(=O)(=O)c3ccc(NCCSc4ccccc4)c([N+](=O)[O-])c3)cc2)CC1,2880.0,-3.459392487759231,0,train,5.5406075122407685,-3.2761900646111273,-0.18320242314810375,0.18320242314810375
[C]N([C])[C][C][C@H]([C]Sc1ccccc1)[N]c1ccc(S(=O)(=O)[N]C(=O)c2ccc(N3[C][C]C(=[C]c4ccc(F)cc4)[C][C]3)cc2)cc1[N+](=O)[O-],3.4,-0.5314789170422551,1,train,8.468521082957745,-0.7145152129904929,0.18303629594823778,0.18303629594823778
CN1CCC(C)(Nc2ccc(S(=O)(=O)NC(=O)c3ccc(N4CCN(CC5=C(c6ccc(Cl)cc6)CC(C)(C)CC5)CC4)cc3Oc3cccc(Cl)c3)cc2[N+](=O)[O-])CC1,0.498,0.30277065724028246,1,train,9.302770657240282,0.11985448144844234,0.18291617579184005,0.18291617579184005
CC1(C)CCC(CN2CCN(c3ccc(C(=O)NS(=O)(=O)c4ccc(NC5CCN(Cc6ccsc6)CC5)c([N+](=O)[O-])c4)c(Oc4cccc(F)c4F)c3)CC2)=C(c2ccc(Cl)cc2)C1,0.177,0.7520267336381934,1,train,9.752026733638193,0.9344894288894827,-0.18246269525128933,0.18246269525128933
O=C1c2ccc(Sc3ccccc3)cc2C(=O)c2cc(O)c(O)cc21,71.0,-1.8512583487190752,0,train,7.1487416512809245,-2.0332102245933155,0.18195187587424022,0.18195187587424022
CCNCc1cccc(Oc2cc(N3CCN(Cc4ccccc4-c4ccc(Cl)cc4)CC3)ccc2C(=O)NS(=O)(=O)c2ccc(NCC3CCOCC3)c([N+](=O)[O-])c2)c1,31.048,-1.4920336297319585,1,train,7.507966370268042,-1.310971974498149,-0.18106165523380935,0.18106165523380935
CC1(C)CCC(CN2CCN(c3ccc(C(=O)NS(=O)(=O)c4ccc(NCC5COCCN5C5CCOCC5)c([N+](=O)[O-])c4)c(Oc4cnc5[nH]ccc5c4)c3)CC2)=C(c2ccc(Cl)cc2)C1,0.021,1.6777807052660807,1,train,10.67778070526608,1.4969989781236666,0.18078172714241414,0.18078172714241414
Cc1cc(OCCCc2c(C)n(Cc3cccc(C(=O)O)c3)c3c(-c4c(C)n[nH]c4C)cccc23)cc(C)c1Cl,1200.0,-3.0791812460476247,0,train,5.920818753952375,-3.2597972613771584,0.18061601532953375,0.18061601532953375
CN(C)CCCNc1ccc(S(=O)(=O)NC(=O)c2ccc(N3CCN(Cc4ccccc4-c4ccc(Cl)cc4)CC3)cc2Oc2cccc3c2CCC(=O)N3)cc1[N+](=O)[O-],0.155,0.8096683018297085,1,train,9.809668301829708,0.6297201249566755,0.179948176873033,0.179948176873033
O=C([C@@H]1[C@@H](CO)[C@@H]2Cn3c(cccc3=O)[C@@H]2N1Cc1ccc(Cl)c(Cl)c1)N1CCC(Cc2ccccc2)CC1,1200.0,-3.0791812460476247,0,train,5.920818753952375,-3.2591279197346985,0.17994667368707384,0.17994667368707384
O=C(/C=C/c1ccccc1)Nc1ccc(C(=O)NS(=O)(=O)c2ccc(NCCSc3ccccc3)c([N+](=O)[O-])c2)cc1,4900.0,-3.690196080028514,0,train,5.309803919971486,-3.5114640591541506,-0.17873202087436324,0.17873202087436324
N#CC1=C2C(=NC1=O)c1cccc3c(Oc4ccc(-c5ccccc5)cc4)ccc2c13,278.0,-2.444044795918076,0,train,6.555955204081924,-2.622616716835488,0.17857192091741192,0.17857192091741192
CN1CCC(Oc2ccc(S(=O)(=O)NC(=O)c3ccc(N4CCN(CC5=C(c6ccc(Cl)cc6)CC(C)(C)CC5)CC4)cc3Oc3ccc4[nH]ccc4c3)cc2[N+](=O)[O-])CC1,0.292,0.5346171485515817,1,train,9.534617148551582,0.713148755410017,-0.17853160685843528,0.17853160685843528
CC1(C)CCC(CN2CCN(c3ccc(C(=O)NS(=O)(=O)c4cnc(NCC5(F)CCOCC5)c(Cl)c4)c(Oc4cccc5[nH]ncc45)c3)CC2)=C(c2ccc(Cl)cc2)C1,0.12,0.9208187539523752,1,train,9.920818753952375,1.0989568716581644,-0.17813811770578913,0.17813811770578913
CC1(C)CCC(CN2CCN(c3ccc(C(=O)NS(=O)(=O)c4ccc(OCc5ccoc5)c([N+](=O)[O-])c4)c(Oc4cnc5[nH]ccc5c4)c3)CC2)=C(c2ccc(Cl)cc2)C1,0.035,1.4559319556497243,1,train,10.455931955649724,1.2780014883964912,0.17793046725323314,0.17793046725323314
CC1(C)CCC(CN2CCN(c3ccc(C(=O)NS(=O)(=O)c4ccc(NC5CCN(C6CCCC6)CC5)c([N+](=O)[O-])c4)c(Oc4ccccc4F)c3)CC2)=C(c2ccc(Cl)cc2)C1,0.181,0.7423214251308154,1,train,9.742321425130815,0.9200320192573086,-0.17771059412649315,0.17771059412649315
O=C(NS(=O)(=O)c1ccccc1)[C@H](Cc1ccccc1)N1C(=O)N[C@@H](Cc2ccc(-c3ccc(Cl)cc3)cc2)C1=O,19000.0,-4.278753600952829,1,train,4.721246399047171,-4.101604318967249,-0.17714928198557978,0.17714928198557978
CC1(C)CCC(CN2CCN(c3ccc(C(=O)NS(=O)(=O)c4cnc(OC[C@@H]5CCN(C(CF)CF)C5)c(Cl)c4)c(Oc4cccc5[nH]ncc45)c3)CC2)=C(c2ccc(Cl)cc2)C1,0.112,0.9507819773298184,1,train,9.950781977329818,1.1279010715725934,-0.17711909424277505,0.17711909424277505
Cc1cc(OCCCc2c(C(=O)O)[nH]c3ccccc23)ccc1Cl,9100.0,-3.9590413923210934,0,train,5.040958607678906,-3.7821190723804534,-0.17692231994063956,0.17692231994063956
C=C(c1ccc(C(=O)NS(=O)(=O)c2ccc(NCCSc3ccccc3)c([N+](=O)[O-])c2)cc1)c1cc2c(cc1C)C(C)(C)CCC2(C)C,4200.0,-3.6232492903979003,0,train,5.376750709602099,-3.4473288511808615,-0.17592043921703837,0.17592043921703837
CC1(C)CCC(CN2CCN(c3ccc(C(=O)NS(=O)(=O)c4ccc(NC5CCN(CC(F)F)CC5)c([N+](=O)[O-])c4)c(Oc4cnc5[nH]ccc5c4)c3)CC2)=C(c2ccc(Cl)cc2)C1,0.017,1.7695510786217261,1,train,10.769551078621726,1.5942321244711204,0.1753189541506055,0.1753189541506055
CC1(C)CCC(CN2CCN(c3ccc(C(=O)NS(=O)(=O)c4ccc(NCCCN5CCOCC5)c(S(=O)(=O)C(F)(F)F)c4)c(Oc4ccc5[nH]ccc5c4)c3)CC2)=C(c2ccc(Cl)cc2)C1,0.302,0.5199930570428494,1,train,9.51999305704285,0.345169254699527,0.1748238023433224,0.1748238023433224
CC1(C)CCC(CN2CCN(c3ccc(C(=O)NS(=O)(=O)c4ccc(NC[C@H]5CCCO5)c([N+](=O)[O-])c4)c(Oc4ccc5[nH]ccc5c4)c3)CC2)=C(c2ccc(Cl)cc2)C1,0.904,0.04383156952463668,1,train,9.043831569524636,0.2185935048899725,-0.1747619353653359,0.1747619353653359
COc1cccc(CNc2ccc(S(=O)(=O)NC(=O)c3ccc(N4CCN(CC5=C(c6ccc(Cl)cc6)CC(C)(C)CC5)CC4)cc3Oc3cnc4[nH]ccc4c3)cc2[N+](=O)[O-])c1,0.023,1.6382721639824072,1,train,10.638272163982407,1.4635308690317281,0.17474129495067903,0.17474129495067903
CN1CCN(CCCNc2ccc(S(=O)(=O)NC(=O)c3ccc(N4CCN(CC5=C(c6ccc(Cl)cc6)CC(C)(C)CC5)CC4)cc3Oc3cccc4[nH]ccc34)cc2[N+](=O)[O-])CC1,0.04,1.3979400086720375,1,train,10.397940008672037,1.223270304869083,0.17466970380295455,0.17466970380295455
CCC(C)c1ccc(Oc2ccc3c4c(cccc24)C2=NC(=O)C(C#N)=C23)cc1,158.0,-2.1986570869544226,0,train,6.801342913045577,-2.371294859645858,0.17263777269143565,0.17263777269143565
CC1(C)CCC(CN2CCN(c3ccc(C(=O)NS(=O)(=O)c4ccc(NCC5(N)CCOCC5)c([N+](=O)[O-])c4)c(Oc4ccc5[nH]ccc5c4)c3)CC2)=C(c2ccc(Cl)cc2)C1,0.102,0.9913998282380825,1,train,9.991399828238082,0.8195938057777883,0.17180602246029408,0.17180602246029408
CC(c1ccccc1-c1ccc(Cl)cc1)N1CCN(c2ccc(C(=O)NS(=O)(=O)c3ccc(NC4CCN(C)CC4)c([N+](=O)[O-])c3)c(Oc3ccccc3Cl)c2)CC1,0.037,1.431798275933005,0,train,10.431798275933005,1.2606983459288699,0.17109993000413515,0.17109993000413515
CN(C)CCCC(O)(c1ccccc1)c1cccc(OCc2ccc(-c3ccc(C(=O)O)cc3)cc2)c1,5200.0,-3.716003343634799,1,train,5.2839966563652006,-3.886120567681358,0.17011722404655893,0.17011722404655893
CC1(C)CCC(CN2CCN(c3ccc(C(=O)NS(=O)(=O)c4cnc(O[C@@H]5CCN(CC(F)F)C5)c(Cl)c4)c(Oc4cnc5[nH]ccc5c4)c3)CC2)=C(c2ccc(Cl)cc2)C1,0.134,0.8728952016351923,0,train,9.872895201635192,1.0415128687009336,-0.16861766706574133,0.16861766706574133
Cc1cc(OCCCc2c3n(c4c(-c5c(C)nn(C)c5C)c(Cl)ccc24)CCCN(Cc2cccc(C(=O)O)c2)C3=O)cc(C)c1Cl,2340.0,-3.369215857410143,1,train,5.630784142589857,-3.2012447393063557,-0.1679711181037873,0.1679711181037873
CN(C)CC(=O)N1CCC(COc2ncc(S(=O)(=O)NC(=O)c3ccc(N4CCN(CC5=C(c6ccc(Cl)cc6)CC(C)(C)CC5)CC4)cc3Oc3cnc4[nH]ccc4c3)cc2Cl)CC1,0.016,1.7958800173440752,1,train,10.795880017344075,1.6283336242585447,0.16754639308553054,0.16754639308553054
CC1(C)CCC(CN2CCN(c3ccc(C(=O)NS(=O)(=O)c4ccc(NCC5CCOCC5)c([N+](=O)[O-])c4)c(Oc4cncc(Br)c4)c3)CC2)=C(c2ccc(Cl)cc2)C1,0.936,0.028724151261894745,1,train,9.028724151261894,0.1959664444307099,-0.1672422931688152,0.1672422931688152
C=c1c(-c2c(O)c3cc(O)c(O)c(=CC(C)C)c3c(O)c2=C)c(O)c2cc(O)c(O)c(=CC(C)C)c2c1O,170.0,-2.230448921378274,0,train,6.769551078621726,-2.397587065414963,0.1671381440366888,0.1671381440366888
CC1(C)CCC(CN2CCN(c3ccc(C(=O)NS(=O)(=O)c4ccc(S(C)(=O)=O)cc4)c(Oc4ccc5[nH]ccc5c4)c3)CC2)=C(c2ccc(Cl)cc2)C1,1.15,-0.06069784035361165,0,train,8.939302159646388,-0.22769996041599685,0.16700212006238524,0.16700212006238524
C=c1c(-c2c(O)c3cc(O)c(O)c(=CCC4CCCCC4)c3c(O)c2=C)c(O)c2cc(O)c(O)c(=CCC3CCCCC3)c2c1O,4470.0,-3.6503075231319366,0,train,5.349692476868063,-3.483582397486288,-0.16672512564564856,0.16672512564564856
CN(C)CC#Cc1ccc(OCCCc2sc(N3CCc4cccc(C(=O)Nc5nc6ccccc6s5)c4C3)nc2C(=O)O)c(Cl)c1,280.0,-2.4471580313422194,0,train,6.552841968657781,-2.2816794113873997,-0.16547861995481972,0.16547861995481972
CC1(C)CCC(CN2CCN(c3ccc(C(=O)NS(=O)(=O)c4ccc(NCCN5CCCC5=O)c([N+](=O)[O-])c4)c(Oc4ccc5[nH]ccc5c4)c3)CC2)=C(c2ccc(Cl)cc2)C1,0.328,0.4841261562883209,1,train,9.48412615628832,0.3191708368812975,0.1649553194070234,0.1649553194070234
CN1CC(Nc2ccc(S(=O)(=O)NC(=O)c3ccc(N4CCN(CC5=C(c6ccc(Cl)cc6)CC(C)(C)CC5)CC4)cc3Oc3ccc4[nH]ccc4c3)cc2[N+](=O)[O-])CC1=O,0.076,1.1191864077192086,1,train,10.119186407719209,0.95433129799814,0.16485510972106865,0.16485510972106865
CN(C)CCC[C@H](CSc1ccccc1)Nc1ccc(S(=O)(=O)NC(=O)c2ccc(N3CCC(C)(C)CC3)cc2)cc1[N+](=O)[O-],92.0,-1.9637878273455553,0,train,7.036212172654444,-1.7990371946633785,-0.16475063268217705,0.16475063268217705
C#Cc1cc(S(=O)(=O)NC(=O)c2ccc(N3CCN(CC4=C(c5ccc(Cl)cc5)CC(C)(C)CC4)CC3)cc2Oc2cccc3[nH]ccc23)cnc1OCC1CCOCC1,3.54,-0.5490032620257879,1,train,8.450996737974211,-0.3860418093544966,-0.16296145267129125,0.16296145267129125
CN1CCC(Nc2ccc(S(=O)(=O)NC(=O)c3ccc(N4CCN(CC5=C(c6ccc(Cl)cc6)CCCC5)CC4)cc3Oc3ccccc3Cl)cc2[N+](=O)[O-])CC1,0.034,1.4685210829577449,1,train,10.468521082957745,1.3059647132510932,0.16255636970665166,0.16255636970665166
Cc1cc(OCCCn2ccc3cc(OCc4cccc(C(=O)O)c4)ccc32)cc(C)c1Cl,410.0,-2.6127838567197355,0,train,6.3872161432802645,-2.7749124351705587,0.1621285784508233,0.1621285784508233
CNc1ccc(S(=O)(=O)NC(=O)c2ccc(N3CCN(CC4=C(c5ccc(Cl)cc5)CC(C)(C)CC4)CC3)cc2Oc2ccc3[nH]ccc3c2)cc1S(=O)(=O)C(F)(F)F,1.859,-0.2692793897718986,1,train,8.7307206102281,-0.10743219837446123,-0.16184719139743736,0.16184719139743736
Cc1c(C(=O)NCCCN2CCN(C)CC2)c(-c2cccc(N3CCN(c4ccc(NS(=O)(=O)c5cccc(S(C)(=O)=O)c5)cc4)CC3)c2)c(-c2ccc(Cl)cc2)n1C,658.0,-2.8182258936139557,1,train,6.181774106386044,-2.6565067858509956,-0.1617191077629605,0.1617191077629605
CC(C)(C)c1ccc(CN2CCN(c3ccc(C(=O)NS(=O)(=O)c4ccc(OCC5CCOCC5)c([N+](=O)[O-])c4)c(Oc4ccc5[nH]ccc5c4)c3)CC2)c(-c2ccc(Cl)cc2)c1,25.752,-1.410810963677557,1,train,7.589189036322443,-1.2492258615999239,-0.1615851020776331,0.1615851020776331
CC1(C)CCC(CN2CCN(c3ccc(C(=O)NS(=O)(=O)c4ccc(NCCCN5CCOCC5)c([N+](=O)[O-])c4)c(Oc4cccc(F)c4)c3)CC2)=C(c2ccc(Cl)cc2)C1,0.036,1.4436974992327127,1,train,10.443697499232712,1.2821759228018308,0.16152157643088194,0.16152157643088194
CC1(C)CCC(CN2CCN(c3ccc(C(=O)NS(=O)(=O)c4cnc(OCC5(F)CCOCC5)c(Cl)c4)c(Oc4cnc5[nH]ccc5c4)c3)CC2)=C(c2ccc(Cl)cc2)C1,0.014,1.853871964321762,1,train,10.853871964321762,1.692513581509228,0.161358382812534,0.161358382812534
O=C(Nc1nc2ccccc2s1)c1cccc2c1CN(c1nc(C(=O)O)c(CCOc3ccc(-n4ncc5cncnc54)cc3)s1)CC2,90.0,-1.9542425094393248,1,train,7.045757490560675,-2.1153187773885387,0.16107626794921392,0.16107626794921392
CC1(C)CCC(CN2CCN(c3ccc(C(=O)NS(=O)(=O)c4ccc(NCC5CCOC5)c([N+](=O)[O-])c4)c(Oc4cc5cc[nH]c5cc4F)c3)CC2)=C(c2ccc(Cl)cc2)C1,0.034,1.4685210829577449,1,train,10.468521082957745,1.307889223537338,0.1606318594204068,0.1606318594204068
CC1(C)CCC(CN2CCN(c3ccc(C(=O)NS(=O)(=O)c4ccc(NCC5(F)CCOCC5)c([N+](=O)[O-])c4)c(Oc4cc5cc[nH]c5cc4F)c3)CC2)=C(c2ccc(Cl)cc2)C1,0.049,1.3098039199714864,1,train,10.309803919971486,1.1492324988679374,0.16057142110354894,0.16057142110354894
O=C(O)[C@@H](Cc1ccccc1)Nc1ncnc2sc(-c3ccccc3)c(-c3cccc(O)c3)c12,21000.0,-4.3222192947339195,0,train,4.6777807052660805,-4.162146026480461,-0.16007326825345913,0.16007326825345913
CC1=C(C2=C(C)C(=O)c3c(cc(O)c(O)c3C(=O)Cc3ccccc3)C2=O)C(=O)c2cc(O)c(O)c(C(=O)Cc3ccccc3)c2C1=O,150.0,-2.1760912590556813,0,train,6.823908740944319,-2.33578801130719,0.15969675225150848,0.15969675225150848
CC1(C)CC(c2ccc(Cl)cc2)=C2CN3CCN(c4ccc(C(=O)NS(=O)(=O)c5ccc(NC[C@H]6CC[C@H](N7CCOCC7)CO6)c([N+](=O)[O-])c5)c(N5CCCOc6nc7[nH]ccc7cc65)c4)C[C@H]3COCCCO[C@@H]2C1,0.109,0.9625735020593764,0,train,9.962573502059376,0.8032963037175734,0.15927719834180298,0.15927719834180298
C#Cc1cc(S(=O)(=O)NC(=O)c2ccc(N3CCN(CC4=C(c5ccc(Cl)cc5)CC(C)(C)CC4)CC3)cc2Oc2cnc3[nH]ccc3c2)cnc1OCC1CCOCC1,1.16,-0.06445798922691845,1,train,8.935542010773082,0.09476864938550005,-0.15922663861241843,0.15922663861241843
CC1(C)CCC(CN2CCN(c3ccc(C(=O)NS(=O)(=O)c4ccc(NCCCN5CCOCC5)c(S(=O)(=O)C(F)(F)F)c4)c(Oc4cccc5[nH]ccc45)c3)CC2)=C(c2ccc(Cl)cc2)C1,0.467,0.33068311943388784,1,train,9.330683119433887,0.17151802227099652,0.15916509716289126,0.15916509716289126
CN1CCC(O)(CNc2ccc(S(=O)(=O)NC(=O)c3ccc(N4CCN(CC5=C(c6ccc(Cl)cc6)CC(C)(C)CC5)CC4)cc3Oc3ccccc3Cl)cc2[N+](=O)[O-])CC1,0.024,1.6197887582883939,1,train,10.619788758288394,1.462163749456119,0.15762500883227504,0.15762500883227504
CC1(C)CCC(CN2CCN(c3ccc(C(=O)NS(=O)(=O)c4ccc(NCC5COCCO5)c([N+](=O)[O-])c4)c(Oc4cc5cc[nH]c5cc4F)c3)CC2)=C(c2ccc(Cl)cc2)C1,0.191,0.7189666327522725,1,train,9.718966632752272,0.876506053119843,-0.15753942036757052,0.15753942036757052
CN(C)CCCOc1ccc(-c2ccc(Cl)cc2)c(CN2CCN(c3ccc(C(=O)NS(=O)(=O)c4ccc(NCC5CCOCC5)c([N+](=O)[O-])c4)c(Oc4ccccc4)c3)CC2)c1,0.036,1.4436974992327127,1,train,10.443697499232712,1.2862958136972906,0.1574016855354221,0.1574016855354221
COCCNc1ccc(S(=O)(=O)NC(=O)c2ccc(N3CCN(CC4=C(c5ccc(Cl)cc5)CC(C)(C)CC4)CC3)cc2Oc2cccc3c2CC(=O)N3)cc1[N+](=O)[O-],0.029,1.537602002101044,1,train,10.537602002101044,1.3804353202260602,0.15716668187498373,0.15716668187498373
CN1CCC(CNc2ccc(S(=O)(=O)NC(=O)c3ccc(N4CCN(CC5=C(c6ccc(Cl)cc6)CC(C)(C)CC5)CC4)cc3Oc3ccc4[nH]ccc4c3)cc2[N+](=O)[O-])(N(C)C)CC1,0.161,0.7931741239681502,1,train,9.79317412396815,0.9499622587318797,-0.15678813476372944,0.15678813476372944
O=C(NS(=O)(=O)c1ccc(NCCCN2CCCC2)c([N+](=O)[O-])c1)c1ccc(N2CCN(CC3=C(c4ccc(Cl)cc4)CCC3)CC2)cc1Oc1cccc2[nH]ccc12,2.232,-0.34869419026554116,1,train,8.65130580973446,-0.19198168666606574,-0.15671250359947536,0.15671250359947536
CC1(C)CCC(CC2CCN(c3ccc(C(=O)NS(=O)(=O)c4ccc(NCC5CCOCC5)c([N+](=O)[O-])c4)c(Oc4cnc5[nH]ccc5c4)c3)CC2)C(c2ccc(Cl)cc2)C1,0.512,0.2907300390241692,1,train,9.290730039024169,0.44687492447245314,-0.15614488544828392,0.15614488544828392
CC1(C)CCC(CN2CCN(c3ccc(C(=O)NS(=O)(=O)c4ccc(NC5CCN(Cc6cscn6)CC5)c([N+](=O)[O-])c4)c(Oc4ccc5[nH]ccc5c4)c3)CC2)=C(c2ccc(Cl)cc2)C1,0.918,0.03715731879875755,1,train,9.037157318798757,0.19277845156811846,-0.15562113276936096,0.15562113276936096
CC1(C)CCC(CN2CCN(c3ccc(C(=O)NS(=O)(=O)c4ccc(NCCCN5CCNC(=O)C5)c([N+](=O)[O-])c4)c(Oc4cc5cc[nH]c5cc4F)c3)CC2)=C(c2ccc(Cl)cc2)C1,0.037,1.431798275933005,1,train,10.431798275933005,1.276899008580027,0.1548992673529781,0.1548992673529781
COC(=O)C1=C(N)Oc2ccc(Br)cc2C1C(C#N)C(=O)OC,9000.0,-3.9542425094393248,0,train,5.045757490560675,-3.8002586468389357,-0.1539838626003891,0.1539838626003891
CC1(C)CCC(CN2CCN(c3ccc(C(=O)NS(=O)(=O)c4ccc(OCC5COCCN5C5CCOCC5)c([N+](=O)[O-])c4)c(Oc4cnc5[nH]ccc5c4)c3)CC2)=C(c2ccc(Cl)cc2)C1,0.016,1.7958800173440752,1,train,10.795880017344075,1.6423228447012663,0.15355717264280888,0.15355717264280888
N#CC1=C(C#N)c2ccc(Sc3ccc(Br)cc3)c3cccc(c23)C1=O,850.0,-2.929418925714293,0,train,6.070581074285707,-2.7761781307388818,-0.1532407949754111,0.1532407949754111
COc1ccc2c(c1)c(CC(=O)N[C@@H](Cc1ccccc1)C(=O)NS(=O)(=O)c1ccccc1)c(C)n2-c1ccc(-c2ccccc2)cc1,350.0,-2.5440680443502757,0,train,6.455931955649724,-2.696670652269798,0.15260260791952174,0.15260260791952174
Cc1c[nH]c2cccc(Oc3cc(N4CCN(CC5=C(c6ccc(Cl)cc6)CC(C)(C)CC5)CC4)ccc3C(=O)NS(=O)(=O)c3ccc(NCCCN4CCOCC4)c([N+](=O)[O-])c3)c12,0.438,0.3585258894959005,1,train,9.358525889495901,0.5105335861918905,-0.15200769669599,0.15200769669599
CC1(C)CCC(CN2CCN(c3ccc(C(=O)NS(=O)(=O)c4ccc(NCCC(F)(F)F)c([N+](=O)[O-])c4)c(Oc4cnc5[nH]ccc5c4)c3)CC2)=C(c2ccc(Cl)cc2)C1,0.134,0.8728952016351923,1,train,9.872895201635192,1.0245661734398148,-0.15167097180462252,0.15167097180462252
O=C(NS(=O)(=O)c1ccc(NCC2CCOCC2)c([N+](=O)[O-])c1)c1ccc(N2CCN(Cc3c(OCCN4CCOCC4)cccc3-c3ccc(Cl)cc3)CC2)cc1Oc1ccc2[nH]ccc2c1,0.553,0.2572748686953017,1,train,9.257274868695301,0.40855965119420384,-0.15128478249890215,0.15128478249890215
CC1(C)CCC(CN2CCN(c3ccc(C(=O)NS(=O)(=O)c4cnc(NC5CCN(C6CC6)CC5)c(Cl)c4)c(Oc4cnc5[nH]ccc5c4)c3)CC2)=C(c2ccc(Cl)cc2)C1,0.546,0.2628073572952627,1,train,9.262807357295262,0.41365855203242285,-0.15085119473716013,0.15085119473716013
O=C(NS(=O)(=O)c1ccc(NCCCN2CCOCC2)cc1)c1ccc(N2CCN(Cc3ccccc3-c3ccc(Cl)cc3)CC2)cc1Oc1ccccc1,112.51,-2.0511911246856984,0,train,6.948808875314302,-1.9003823330800038,-0.1508087916056946,0.1508087916056946
CC1(C)CCC(CN2CCN(c3ccc(C(=O)NS(=O)(=O)c4ccc(NCC5CCOCC5)c([N+](=O)[O-])c4)c(Oc4cncc(N)c4)c3)CC2)=C(c2ccc(Cl)cc2)C1,1.703,-0.23121464796260108,1,train,8.7687853520374,-0.08064050222462855,-0.15057414573797245,0.15057414573797245
CN(C)CCOc1cccc(-c2ccc(Cl)cc2)c1CN1CCN(c2ccc(C(=O)NS(=O)(=O)c3ccc(NCCCN4CCCC4)c([N+](=O)[O-])c3)c(Oc3ccc4[nH]ccc4c3)c2)CC1,0.052,1.2839966563652008,1,train,10.2839966563652,1.4344641618717437,-0.15046750550654298,0.15046750550654298
O=C(NS(=O)(=O)c1ccc(NCC2CCOCC2)c(S(=O)(=O)C(F)(F)F)c1)c1ccc(N2CCN(Cc3ccccc3-c3ccc(Cl)cc3)CC2)cc1Oc1ccc2[nH]ccc2c1,3.516,-0.5460488664017342,0,train,8.453951133598267,-0.39583030103761224,-0.15021856536412198,0.15021856536412198
CC1(C)CCC(CN2CCN(c3ccc(C(=O)NS(=O)(=O)c4ccc(N[C@@H]5CCN(C(CF)CF)C5)c(S(=O)(=O)C(F)(F)F)c4)c(Oc4cnc5[nH]ccc5c4)c3)CC2)=C(c2ccc(Cl)cc2)C1,0.196,0.707743928643524,0,train,9.707743928643524,0.8579566317300604,-0.15021270308653645,0.15021270308653645
CC1(C)CCC(CN2CCN(c3ccc(C(=O)NS(=O)(=O)c4ccc(OCC5(F)CCOCC5)c(C#N)c4)c(Oc4cnc5[nH]ccc5c4)c3)CC2)=C(c2ccc(Cl)cc2)C1,0.039,1.408935392973501,1,train,10.4089353929735,1.2594609216774344,0.1494744712960665,0.1494744712960665
CN1CCC(Nc2ccc(S(=O)(=O)NC(=O)c3ccc(N4CCN(CC5=C(c6ccc(Cl)cc6)CC(C)(C)CC5)CC4)c(F)c3Oc3ccc4[nH]ccc4c3)cc2[N+](=O)[O-])CC1,0.281,0.5512936800949201,1,train,9.55129368009492,0.6999866196122514,-0.1486929395173313,0.1486929395173313
CC1(C)CCC(CN2CCN(c3ccc(C(=O)NS(=O)(=O)c4ccc(OCC5CCOC5)c(Cl)c4)c(Oc4cnc5[nH]ccc5c4)c3)CC2)=C(c2ccc(Cl)cc2)C1,0.104,0.9829666607012196,1,train,9.98296666070122,0.8343148197448643,0.1486518409563553,0.1486518409563553
CN(C)CCCNc1ccc(S(=O)(=O)NC(=O)c2ccc(N3CCN(CC4=C(c5ccc(Cl)cc5)CC(C)(C)CC4)CC3)cc2Oc2cccc(Cl)c2)cc1[N+](=O)[O-],0.071,1.1487416512809248,0,train,10.148741651280925,1.2973867490595856,-0.14864509777866086,0.14864509777866086
CCn1c(C)c(C(=O)O)c(-c2cccc(N3CCN(c4ccc(NS(=O)(=O)c5ccc(N[C@H](CCN6CCC(O)CC6)CSc6ccccc6)c(S(=O)(=O)C(F)(F)F)c5)cc4)CC3)c2)c1-c1ccc(Cl)cc1,1.2,-0.07918124604762482,1,train,8.920818753952375,-0.22746161864928363,0.14828037260165883,0.14828037260165883
CC1(C)CCC(CN2CCN(c3ccc(C(=O)NS(=O)(=O)c4ccc(NCC5CCOCC5)c(S(F)(F)(F)(F)F)c4)c(Oc4cnc5[nH]ccc5c4)c3)CC2)=C(c2ccc(Cl)cc2)C1,1.6499999999999997,-0.21748394421390618,1,train,8.782516055786093,-0.06928084958173981,-0.1482030946321663,0.1482030946321663
CC1(C)CCC(CN2CCN(c3ccc(C(=O)NS(=O)(=O)c4ccc(NCC5CCOCC5)c([N+](=O)[O-])c4)c(Oc4ccc(NS(C)(=O)=O)nc4)c3)CC2)=C(c2ccc(Cl)cc2)C1,2.822,-0.450557009418329,1,train,8.549442990581671,-0.5977785922930264,0.14722158287469744,0.14722158287469744
COC(=O)CCN/C=C1\C(=O)C(O)=C(C(C)C)c2cc(C)c(-c3c(C)cc4c(c3O)/C(=C/NCCC(=O)OC)C(=O)C(O)=C4C(C)C)c(O)c21,90.0,-1.9542425094393248,1,train,7.045757490560675,-2.101326417555818,0.1470839081164934,0.1470839081164934
O=C(OCCOCCOCCOC(=O)[C@H](Cc1ccccc1)N1C(=O)/C(=C/c2ccc(Br)cc2)SC1=S)[C@H](Cc1ccccc1)N1C(=O)/C(=C/c2ccc(Br)cc2)SC1=S,161000.0,-5.20682587603185,0,train,3.79317412396815,-5.0599931627006445,-0.1468327133312055,0.1468327133312055
Cc1cc(OCCCc2c(C(=O)NCc3cc(C(=O)O)ccn3)[nH]c3c(-c4c(C)nn(C)c4C)cccc23)cc(C)c1Cl,7900.0,-3.8976270912904414,0,train,5.102372908709558,-3.7508716084196205,-0.14675548287082085,0.14675548287082085
CC1(C)CC(c2ccc(Cl)cc2)=C(CN2CCN(c3ccc(C(=O)NS(=O)(=O)c4cnc(OCC5(F)CCOCC5)c(Cl)c4)c(Oc4cc5cc[nH]c5cc4F)c3)CC2)CO1,0.02,1.6989700043360187,0,train,10.698970004336019,1.5523314948936018,0.14663850944241696,0.14663850944241696
O=C(NS(=O)(=O)c1ccc(NCC2CCOCC2)c([N+](=O)[O-])c1)c1ccc(N2CCN(Cc3ccccc3-c3ccc(Cl)cc3)CC2)cc1Oc1ccccc1,6.773,-0.8307810756063612,1,train,8.16921892439364,-0.6847182686893022,-0.14606280691705897,0.14606280691705897
CN1CCC(CNc2ccc(S(=O)(=O)NC(=O)c3ccc(N4CCN(CC5=C(c6ccc(Cl)cc6)CC(C)(C)CC5)CC4)cc3Oc3cccc4[nH]cnc34)cc2[N+](=O)[O-])CC1,0.026,1.585026652029182,1,train,10.585026652029182,1.730579310040429,-0.14555265801124695,0.14555265801124695
N#CC1=C(NCc2ccc(C(=O)O)cc2)c2ccc(Sc3ccc(Br)cc3)c3cccc(c23)C1=O,780.0,-2.8920946026904804,0,train,6.107905397309519,-2.747063648366137,-0.14503095432434332,0.14503095432434332
O=C(NS(=O)(=O)c1ccc(NCC2CCOCC2)c([N+](=O)[O-])c1)c1ccc(N2CCN(Cc3ccccc3-c3ccc(Cl)cc3)CC2)cc1Oc1ccccc1Cl,0.746,0.1272611725273312,1,train,9.127261172527332,-0.017654517737276883,0.1449156902646081,0.1449156902646081
CC1(C)CCC(CN2CCN(c3ccc(C(=O)NS(=O)(=O)c4ccc(NC5CCN(CCCO)CC5)c([N+](=O)[O-])c4)c(Oc4cccc5[nH]ccc45)c3)CC2)=C(c2ccc(Cl)cc2)C1,0.039,1.408935392973501,1,train,10.4089353929735,1.2640892897492788,0.1448461032242221,0.1448461032242221
CC1(C)CCC(CN2CCN(c3ccc(C(=O)NS(=O)(=O)c4cnc(OCC5(F)CCN(C(CF)CF)CC5)c(C(F)(F)F)c4)c(Oc4cnc5[nH]ccc5c4)c3)CC2)=C(c2ccc(Cl)cc2)C1,0.251,0.6003262785189618,0,train,9.600326278518962,0.7450843782171,-0.14475809969813824,0.14475809969813824
CN1CCN(Nc2ccc(S(=O)(=O)NC(=O)c3ccc(N4CCN(CC5=C(c6ccc(Cl)cc6)CC(C)(C)CC5)CC4)cc3Oc3ccc4[nH]ccc4c3)cc2S(=O)(=O)C(F)(F)F)CC1,0.192,0.7166987712964503,1,train,9.71669877129645,0.5720298799661145,0.14466889133033578,0.14466889133033578
CN(C)CCCNc1ccc(S(=O)(=O)NC(=O)c2ccc(N3CCN(CC4=C(c5ccc(Cl)cc5)CC(C)(C)CC4)CC3)cc2Oc2cccc(F)c2)cc1[N+](=O)[O-],0.016,1.7958800173440752,1,train,10.795880017344075,1.6517963877141535,0.14408362962992172,0.14408362962992172
CC1=C(C2=C(C)C(=O)c3c(cc(O)c(O)c3C(=O)NCC(C)c3ccccc3)C2=O)C(=O)c2cc(O)c(O)c(C(=O)NCC(C)c3ccccc3)c2C1=O,150.0,-2.1760912590556813,0,train,6.823908740944319,-2.3200865474810533,0.1439952884253719,0.1439952884253719
CO[C@H]1/C=C/C[C@H](C)[C@@H](C)S(=O)(=O)NC(=O)c2ccc3c(c2)N(C[C@@H]2CC[C@H]21)C[C@@]1(CCCc2cc(Cl)ccc21)CO3,950.0,-2.9777236052888476,0,train,6.022276394711152,-3.1214638105039603,0.14374020521511222,0.14374020521511222
CN1CCC(Nc2ccc(S(=O)(=O)NC(=O)c3ccc(N4CCN(CC5=C(c6ccc(Cl)cc6)CC(C)(C)CC5)CC4)cc3Oc3cccc(Cl)c3F)cc2[N+](=O)[O-])CC1,0.127,0.8961962790440432,1,train,9.896196279044043,1.0397953552945112,-0.14359907625046797,0.14359907625046797
CC1(C)CCC(CN2CCN(c3ccc(C(=O)NS(=O)(=O)c4ccc(NC5C[C@@H]6C=C[C@H]5C6)c([N+](=O)[O-])c4)c(Oc4cnc5[nH]ccc5c4)c3)CC2)=C(c2ccc(Cl)cc2)C1,0.014,1.853871964321762,1,train,10.853871964321762,1.7105247505681502,0.1433472137536118,0.1433472137536118
CC1(C)CCC(CN2CCN(c3ccc(C(=O)NS(=O)(=O)c4ccc(NCCN5CCOCC5)c([N+](=O)[O-])c4)c(Oc4cccc(F)c4F)c3)CC2)=C(c2ccc(Cl)cc2)C1,0.068,1.1674910872937636,1,train,10.167491087293763,1.0242314659587475,0.14325962133501613,0.14325962133501613
COc1ccccc1N1C(=O)/C(=C/c2ccc(OCc3ccc(C(=O)O)cc3)cc2)SC1=S,2000.0,-3.3010299956639813,0,train,5.698970004336019,-3.444075979270406,0.14304598360642462,0.14304598360642462
[C]N([C])[C][C][C@H]([C]Sc1ccccc1)[N]c1ccc(S(=O)(=O)[N]C(=O)c2ccc(N3[C][C]C(=[C]c4ccccc4F)[C][C]3)cc2)cc1[N+](=O)[O-],2.5,-0.3979400086720376,1,train,8.602059991327963,-0.5407816705318748,0.14284166185983715,0.14284166185983715
CN1CCC(Nc2ccc(S(=O)(=O)NC(=O)c3ccc(N4CCN(CC5=C(c6ccc(Cl)cc6)CC(C)(C)CC5)CC4)cc3Oc3cccc4[nH]ccc34)cc2[N+](=O)[O-])CC1,0.056,1.2518119729937995,1,train,10.2518119729938,1.1089732823366325,0.14283869065716703,0.14283869065716703
CC1(C)CCC(CN2CCN(c3ccc(C(=O)NS(=O)(=O)c4ccc(NCCCN5CCOCC5)c([N+](=O)[O-])c4)c(Oc4cccc(Cl)c4F)c3)CC2)=C(c2ccc(Cl)cc2)C1,0.106,0.9746941347352298,1,train,9.97469413473523,0.8323214857975763,0.14237264893765356,0.14237264893765356
CN1CCN(Nc2ccc(S(=O)(=O)NC(=O)c3ccc(N4CCN(CC5=C(c6ccc(Cl)cc6)CC(C)(C)CC5)CC4)cc3Oc3cccc4c3CC(=O)N4)cc2[N+](=O)[O-])CC1,0.131,0.8827287043442358,1,train,9.882728704344236,1.0250246488883625,-0.14229594454412675,0.14229594454412675
O=C(NS(=O)(=O)c1ccc(Cl)c([N+](=O)[O-])c1)[C@H](Cc1ccccc1)N1C(=O)N[C@@H](Cc2ccc(-c3ccc(Cl)cc3)cc2)C1=O,3700.0,-3.568201724066995,0,train,5.431798275933005,-3.7104586725351236,0.14225694846812864,0.14225694846812864
O=C(NS(=O)(=O)c1ccc(NCC2CCOCC2)c([N+](=O)[O-])c1)c1ccc(N2CCN(Cc3c(OCCN4CCOCC4)cccc3-c3ccc(Cl)cc3)CC2)cc1Oc1cccc2[nH]ccc12,0.106,0.9746941347352298,1,train,9.97469413473523,0.8328670868990692,0.14182704783616062,0.14182704783616062
CC1(C)CCC(CN2CCN(c3ccc(C(=O)NS(=O)(=O)c4ccc(NCCC5CCOCC5)c([N+](=O)[O-])c4)c(Oc4ccc5[nH]ccc5c4)c3)CC2)=C(c2ccc(Cl)cc2)C1,0.56,0.25181197299379954,1,train,9.2518119729938,0.3933562835031668,-0.14154431050936733,0.14154431050936733
CN1CCC(Nc2ccc(S(=O)(=O)NC(=O)c3ccc(N4CCN(CC5=C(c6ccc(Cl)cc6)CC(C)(C)CC5)CC4)cc3Oc3cc(F)c4[nH]ccc4c3)cc2[N+](=O)[O-])CC1,0.062,1.207608310501746,1,train,10.207608310501746,1.0663902860065848,0.1412180244951613,0.1412180244951613
CC1(C)CCC(CN2CCN(c3ccc(C(=O)NS(=O)(=O)c4ccc(OCC5(F)CCOCC5)c(Cl)c4)c(Oc4cccc5[nH]ncc45)c3)CC2)=C(c2ccc(Cl)cc2)C1,0.081,1.0915149811213503,1,train,10.09151498112135,1.2327123964329019,-0.1411974153115514,0.1411974153115514
O=C(NS(=O)(=O)c1ccc(NCCCN2CCOCC2)c([N+](=O)[O-])c1)c1ccc(N2CCN(Cc3ccccc3-c3ccc(Cl)cc3)CC2)cc1Oc1cccc(-c2ccncc2)c1,0.959,0.018181392829336417,1,train,9.018181392829337,-0.12270049686927315,0.14088188969860954,0.14088188969860954
CCc1sc2ncnc(N[C@@H](C)C(=O)O)c2c1CC,74000.0,-4.869231719730976,0,train,4.130768280269024,-4.729280852471558,-0.13995086725941785,0.13995086725941785
CCN1CCOCC1COc1ncc(S(=O)(=O)NC(=O)c2ccc(N3CCN(CC4=C(c5ccc(Cl)cc5)CC(C)(C)CC4)CC3)cc2Oc2cnc3[nH]ccc3c2)cc1Br,0.094,1.0268721464003012,1,train,10.0268721464003,1.1668016885593853,-0.13992954215908404,0.13992954215908404
O=C(Nc1nc2ccccc2s1)c1cccc2c1CN(c1ccc(-c3ccn(Cc4ccccc4)c3)c(C(=O)O)n1)CC2,119.0,-2.075546961392531,0,train,6.924453038607469,-2.214953998276387,0.1394070368838558,0.1394070368838558
N#CC1=C2C(=NC1=O)c1cccc3c(N4CCSCC4)ccc2c13,310.0,-2.4913616938342726,0,train,6.508638306165727,-2.6307681866135817,0.13940649277930905,0.13940649277930905
CN1CCN(Nc2ccc(S(=O)(=O)NC(=O)c3ccc(N4CCN(CC5=C(c6ccc(Cl)cc6)CC(C)(C)CC5)CC4)cc3Oc3cnc4[nH]ccc4c3)cc2[N+](=O)[O-])CC1,0.018,1.744727494896694,1,train,10.744727494896694,1.605681309998173,0.13904618489852094,0.13904618489852094
CN1CCC(Nc2ccc(S(=O)(=O)NC(=O)c3ccc(N4CCN(CC5=C(c6ccc(Cl)cc6)CC(C)(C)CC5)CC4)cc3Oc3ccc(F)cc3Cl)cc2[N+](=O)[O-])CC1,0.22,0.6575773191777937,1,train,9.657577319177793,0.7963027239537733,-0.1387254047759796,0.1387254047759796
CN1CCC(Nc2ccc(S(=O)(=O)NC(=O)c3ccc(N4CCN(CC5=C(c6ccc(Cl)cc6)CCC5)CC4)cc3Oc3cccc4[nH]ccc34)cc2[N+](=O)[O-])CC1,2.89,-0.4608978427565479,1,train,8.539102157243452,-0.32277969561374287,-0.13811814714280501,0.13811814714280501
O=C(O)c1ccc(COc2ccc(/C=C3\SC(=S)N(c4ccc(I)cc4)C3=O)cc2)cc1,4300.0,-3.6334684555795866,0,train,5.366531544420413,-3.4955256646156454,-0.1379427909639408,0.1379427909639408
CC1(C)CCC(CN2CCN(c3ccc(C(=O)NS(=O)(=O)c4ccc(NC5CCN(CC6CC6)CC5)c([N+](=O)[O-])c4)c(Oc4ccc5[nH]ccc5c4)c3)CC2)=C(c2ccc(Cl)cc2)C1,0.082,1.0861861476162833,1,train,10.086186147616283,0.948622319547455,0.13756382806882828,0.13756382806882828
Cc1cc(OCCCn2ccc3cc(OCc4ccc(C(=O)O)cc4)ccc32)cc(C)c1Cl,1410.0,-3.1492191126553797,1,train,5.85078088734462,-3.011803785353617,-0.1374153273017633,0.1374153273017633
CN(C)CC[C@H](CSc1ccccc1)Nc1ccc(S(=O)(=O)Nc2ccc(NCCNc3cccc(-c4c(-c5ccc(Cl)cc5)cn(CC[C@H](O)CO)c4C(=O)NCCCN4CCN(C)CC4)c3)cc2)cc1[N+](=O)[O-],15.4,-1.187520720836463,1,train,7.8124792791635365,-1.0504787190143174,-0.13704200182214565,0.13704200182214565
O=C(NCc1ccc(Oc2ccccc2)cc1)[C@H]1[C@H](CO)[C@H]2Cn3c(cccc3=O)[C@H]2N1CC1CCCCC1,8400.0,-3.9242792860618816,0,train,5.075720713938118,-3.7881789125509204,-0.13610037351096116,0.13610037351096116
CN1CCN(CCCNc2ccc(S(=O)(=O)NC(=O)c3ccc(N4CCN(Cc5ccccc5-c5ccc(Cl)cc5)CC4)cc3Oc3ccccc3)cc2[N+](=O)[O-])CC1,0.212,0.6736641390712486,1,train,9.67366413907125,0.5383638847966181,0.13530025427463044,0.13530025427463044
CC1(C)CCC(CN2CCN(c3ccc(C(=O)NS(=O)(=O)c4ccc(NCCN5CCNC(=O)C5)c([N+](=O)[O-])c4)c(Oc4ccc5[nH]ccc5c4)c3)CC2)=C(c2ccc(Cl)cc2)C1,0.076,1.1191864077192086,1,train,10.119186407719209,0.9840814533069406,0.135104954412268,0.135104954412268
CCC/C(=C1/SC(=S)N([C@@H](Cc2ccccc2)C(=O)O)C1=O)c1ccccc1,12000.0,-4.079181246047625,0,train,4.920818753952375,-3.944110698357694,-0.135070547689931,0.135070547689931
CC(C)(C)OC(=O)N[C@@H](Cc1ccc(OCc2ccccc2)cc1)C(=O)NS(=O)(=O)c1ccc(NCCCc2ccccc2)c([N+](=O)[O-])c1,1500.0,-3.1760912590556813,0,train,5.823908740944319,-3.0412704342653756,-0.13482082479030577,0.13482082479030577
CN1CCC(Nc2ccc(S(=O)(=O)NC(=O)c3ccc(N4CCN(CC5=C(c6ccc(Cl)cc6)CC(C)(C)CC5)CC4)cc3Oc3cc(F)cc(F)c3Cl)cc2[N+](=O)[O-])CC1,0.12,0.9208187539523752,1,train,9.920818753952375,1.0553752169898343,-0.13455646303745905,0.13455646303745905
Cc1ccccc1Oc1ccc2c3c(cccc13)C1=NC(=O)C(C#N)=C12,1430.0,-3.155336037465062,0,train,5.844663962534938,-3.021230503049754,-0.13410553441530793,0.13410553441530793
CC1(C)CCC(CN2CCN(c3ccc(C(=O)NS(=O)(=O)c4ccc(OCC#CCN5CCOCC5)c([N+](=O)[O-])c4)c(Oc4ccc5[nH]ccc5c4)c3)CC2)=C(c2ccc(Cl)cc2)C1,0.341,0.4672456210075022,1,train,9.467245621007502,0.601314466257319,-0.13406884524981677,0.13406884524981677
CN1CCC(Nc2ccc(S(=O)(=O)NC(=O)c3ccc(N4CCN(CC5=C(c6ccc(Cl)cc6)CC(C)(C)CC5)CC4)cc3Oc3cccc(C(F)(F)F)c3Cl)cc2[N+](=O)[O-])CC1,0.458,0.3391345219961308,1,train,9.339134521996131,0.47269531896296274,-0.13356079696683193,0.13356079696683193
O=C1c2ccccc2C(=O)c2c(O)cc(O)cc21,1700.0,-3.230448921378274,0,train,5.769551078621726,-3.097024025888301,-0.13342489548997305,0.13342489548997305
CC1(C)CC(c2ccc(Cl)cc2)=C2CN3CCN(c4ccc(C(=O)NS(=O)(=O)c5cnc(NC[C@H]6CC[C@H](O)CO6)c([N+](=O)[O-])c5)c(N5CCCOc6nc7[nH]ccc7cc65)c4)C[C@H]3COCCCO[C@@H]2C1,0.888,0.05158703422139897,0,train,9.051587034221399,0.18406955831131946,-0.13248252408992056,0.13248252408992056
CC1(C)CCC(CN2CCN(c3ccc(C(=O)NS(=O)(=O)c4ccc(NCC5(N)CCCCC5)c([N+](=O)[O-])c4)c(Oc4ccc5[nH]ccc5c4)c3)CC2)=C(c2ccc(Cl)cc2)C1,0.266,0.575118363368933,1,train,9.575118363368933,0.4429240399433826,0.13219432342555038,0.13219432342555038
CN(C)CCCNc1ccc(S(=O)(=O)NC(=O)c2ccc(N3CCN(CC4=C(c5ccc(Cl)cc5)CC(C)(C)CC4)CC3)cc2Oc2ccc3[nH]ccc3c2)cc1[N+](=O)[O-],0.081,1.0915149811213503,1,train,10.09151498112135,0.959844815042571,0.13167016607877946,0.13167016607877946
CN(C)CCCNc1ccc(S(=O)(=O)NC(=O)c2ccc(N3CCN(Cc4ccccc4-c4ccc(Cl)cc4)CC3)cc2Oc2ccc3ccccc3c2)cc1[N+](=O)[O-],0.459,0.33818731446273875,1,train,9.338187314462738,0.20692192265729834,0.13126539180544036,0.13126539180544036
COc1ccccc1N1C(=O)/C(=C/c2ccc(OCC(=O)Nc3ccc(C(=O)O)cc3)cc2)SC1=S,10000.0,-4.0,0,train,5.0,-3.8688922670000228,-0.13110773299997724,0.13110773299997724
O=C(Nc1c(C(=O)NCc2ccccc2)cc(O)c(O)c1O)c1ccccc1,1323.0,-3.1215598441875008,0,train,5.878440155812499,-3.2521712394492615,0.1306113952617607,0.1306113952617607
CC1(C)CC(c2ccc(Cl)cc2)=C2CN3CCN(c4ccc(C(=O)NS(=O)(=O)c5ccc(NCC6CCOCC6)c([N+](=O)[O-])c5)c(N5CCCOc6nc7[nH]ccc7cc65)c4)C[C@H]3COCCCO[C@@H]2C1,0.459,0.33818731446273875,0,train,9.338187314462738,0.4685082695128188,-0.13032095505008012,0.13032095505008012
CC1(C)CCC(CN2CCN(c3ccc(C(=O)NS(=O)(=O)c4ccc(NC5CCN(S(C)(=O)=O)CC5)c([N+](=O)[O-])c4)c(Oc4cc5cc[nH]c5cc4F)c3)CC2)=C(c2ccc(Cl)cc2)C1,0.198,0.7033348097384688,1,train,9.703334809738468,0.8330306850588414,-0.12969587532037252,0.12969587532037252
CC1(C)CCC(CN2CCN(c3ccc(C(=O)NS(=O)(=O)c4cnc(OCC5(F)CCOCC5)c(C(F)(F)F)c4)c(Oc4cccc5[nH]ncc45)c3)CC2)=C(c2ccc(Cl)cc2)C1,0.055,1.2596373105057561,1,train,10.259637310505756,1.1301652231969788,0.12947208730877713,0.12947208730877713
Cc1c(C(=O)NCCCN2CCN(C)CC2)c(-c2cccc(N3CCN(c4ccc(NS(=O)(=O)c5cccc(OC(C)C)c5)cc4)CC3)c2)c(-c2ccc(Cl)cc2)n1C,522.0,-2.717670503002262,1,train,6.282329496997738,-2.5882616478234457,-0.1294088551788164,0.1294088551788164
CC1(C)CCC(CN2CCN(c3ccc(C(=O)NS(=O)(=O)c4ccc(NCC5CCC(C)(C#N)CC5)c([N+](=O)[O-])c4)c(Oc4cnc5[nH]ccc5c4)c3)CC2)=C(c2ccc(Cl)cc2)C1,0.024,1.6197887582883939,1,train,10.619788758288394,1.4910801457856042,0.12870861250278987,0.12870861250278987
CC1(C)CCC(CN2CCN(c3ccc(C(=O)NS(=O)(=O)c4ccc(NCC5(CO)CCOCC5)c([N+](=O)[O-])c4)c(Oc4cc5cc[nH]c5cc4F)c3)CC2)=C(c2ccc(Cl)cc2)C1,0.141,0.8507808873446201,1,train,9.85078088734462,0.9791943402092351,-0.12841345286461503,0.12841345286461503
O=C(NS(=O)(=O)c1ccc(NCC2CCOCC2)c([N+](=O)[O-])c1)c1ccc(N2CCN(Cc3ccccc3-c3ccc(Cl)cc3)CC2)cc1Oc1cccc2[nH]ccc12,0.828,0.08196966321511988,1,train,9.08196966321512,-0.04627170072795414,0.12824136394307395,0.12824136394307395
CN(C)C(=O)C[C@H](CSc1ccccc1)Nc1ccc(S(=O)(=O)NC(=O)c2ccc(N3CCC(C)(C)CC3)cc2)cc1[N+](=O)[O-],75.0,-1.8750612633917,0,train,7.1249387366083,-1.7472291176575794,-0.12783214573412072,0.12783214573412072
Cc1cc(OCCCc2c3n(c4c(-c5c(C)nn(C)c5C)c(Cl)ccc24)CCCN(c2cn(C)c4c(C(=O)O)cccc24)C3=O)cc(C)c1Cl,310.0,-2.4913616938342726,0,train,6.508638306165727,-2.618767767299811,0.12740607346553823,0.12740607346553823
CN1CCC(Nc2ccc(S(=O)(=O)NC(=O)c3ccc(N4CCN(CC5=C(c6ccc(Cl)cc6)CC(C)(C)CC5)CC4)cc3Oc3cccc(O)c3Cl)cc2[N+](=O)[O-])CC1,0.066,1.1804560644581312,1,train,10.18045606445813,1.0534365225708624,0.12701954188726883,0.12701954188726883
COc1cc(CCC(=O)N2CCOCC2)ccc1-c1ccc(C(=O)NS(=O)(=O)c2ccc(NCCSc3ccccc3)c([N+](=O)[O-])c2)cc1,366.0,-2.5634810853944106,0,train,6.436518914605589,-2.6904457804930466,0.12696469509863606,0.12696469509863606
CC1=C[C@@H](/C=C(\Cl)c2ccc(C(=O)O)cc2)[C@]2(C(=O)O)C=C[C@@H](CCn3cc(Cc4ccccc4)nn3)C[C@@H]2C1,2220.0,-3.346352974450639,0,train,5.653647025549361,-3.2195723268998857,-0.12678064755075313,0.12678064755075313
Cc1cc(Oc2ccc(Cn3nc4ccc(Cl)cc4c3C(=O)NS(=O)(=O)c3ccc(NCc4ccncc4)c([N+](=O)[O-])c3)cc2)cc(C)c1Cl,1520.0,-3.1818435879447726,0,train,5.818156412055227,-3.05520642108542,-0.12663716685935267,0.12663716685935267
Cc1oc2c(CC(C)C)c(O)c(O)c(O)c2c(=O)c1-c1ccccc1,340.0,-2.531478917042255,0,train,6.468521082957745,-2.405061840991562,-0.12641707605069286,0.12641707605069286
CN1CCC(Nc2ccc(S(=O)(=O)NC(=O)c3ccc(N4CCN(CC5=C(c6ccc(Cl)cc6)CC(C)(C)CC5)CC4)cc3Oc3cc(Cl)ccc3Cl)cc2[N+](=O)[O-])CC1,0.187,0.728158393463501,1,train,9.7281583934635,0.8537618076661572,-0.1256034142026562,0.1256034142026562
CC1(C)CCC(CN2CCN(c3ccc(C(=O)NS(=O)(=O)c4ccc(NCCCN(CC(F)(F)F)C5CC5)c([N+](=O)[O-])c4)c(Oc4cnc5[nH]ccc5c4)c3)CC2)=C(c2ccc(Cl)cc2)C1,0.141,0.8507808873446201,1,train,9.85078088734462,0.9753270948111118,-0.1245462074664917,0.1245462074664917
Cc1ccc(Sc2ccc3c(c2)C(=O)c2cc(O)c(O)cc2C3=O)cc1,44.0,-1.6434526764861874,0,train,7.356547323513812,-1.7675601475076588,0.12410747102147135,0.12410747102147135
CN(C)CCCNc1ccc(S(=O)(=O)NC(=O)c2ccc(N3CCN(CC4=C(c5ccc(Cl)cc5)CC(C)(C)CC4)CC3)cc2Oc2ccccc2F)cc1[N+](=O)[O-],0.021,1.6777807052660807,1,train,10.67778070526608,1.55398716625481,0.12379353901127077,0.12379353901127077
CC1(C)CCC(CN2CCN(c3ccc(C(=O)NS(=O)(=O)c4ccc(NCC5CCC(C#N)CC5)c([N+](=O)[O-])c4)c(Oc4cccc5[nH]cnc45)c3)CC2)=C(c2ccc(Cl)cc2)C1,0.026,1.585026652029182,1,train,10.585026652029182,1.70854887332918,-0.12352222129999801,0.12352222129999801
CC(C)(C)OC(=O)N1C[C@@H](Oc2ccc(-c3ccc(Cl)cc3)cc2)C[C@H]1C(=O)N[C@@H](Cc1ccc(OCCc2ccccc2)cc1)C(=O)NS(=O)(=O)c1ccc(Cl)c([N+](=O)[O-])c1,670.0,-2.8260748027008264,0,train,6.173925197299173,-2.9494023965360934,0.12332759383526692,0.12332759383526692
CC1(C)CCC(c2ccc(Cl)cc2)=C(CN2CCN(c3ccc(C(=O)NS(=O)(=O)c4ccc(NCC5CCOCC5)c([N+](=O)[O-])c4)c(Oc4cc5cc[nH]c5cc4F)c3)CC2)C1,0.276,0.5590909179347823,1,train,9.559090917934782,0.6820437076828703,-0.12295278974808799,0.12295278974808799
CC1(C)CC(c2ccc(Cl)cc2)=C2CN3CCN(c4ccc(C(=O)NS(=O)(=O)c5ccc(OCC6(F)CCN(C7COC7)CC6)c([N+](=O)[O-])c5)c(N5CCCOc6nc7[nH]ccc7cc65)c4)C[C@H]3COCCCO[C@@H]2C1,0.475,0.3233063903751334,0,train,9.323306390375134,0.4454701837609948,-0.12216379338586136,0.12216379338586136
CC1(C)CCC(CN2CCN(c3ccc(C(=O)NS(=O)(=O)c4ccc(NCCN5CCCCC5=O)c([N+](=O)[O-])c4)c(Oc4ccc5[nH]ccc5c4)c3)CC2)=C(c2ccc(Cl)cc2)C1,0.454,0.34294414714289606,1,train,9.342944147142896,0.46475691998524354,-0.12181277284234754,0.12181277284234754
CC1(C)CCC(CN2CCN(c3ccc(C(=O)NS(=O)(=O)c4ccc(NCC5CCOCC5)c([N+](=O)[O-])c4)c(Oc4cccc5[nH]ccc45)c3)CC2)=C(c2ccc(Cl)cc2)C1,0.16,0.7958800173440752,1,train,9.795880017344075,0.6745020258511479,0.12137799149292727,0.12137799149292727
CC1(C)CCC(c2ccc(Cl)cc2)=C(CN2CCN(c3ccc(C(=O)NS(=O)(=O)c4ccc(NCCCN5CCOCC5)c([N+](=O)[O-])c4)c(Oc4cccc5[nH]ccc45)c3)CC2)C1,0.757,0.12090412049992724,1,train,9.120904120499928,0.24200577715229912,-0.12110165665237192,0.12110165665237192
O=C(Nc1nc2ccccc2s1)c1cccc2c1CN(c1ccc(-c3cn(Cc4ccccc4)nn3)c(C(=O)O)n1)CC2,348.0,-2.5415792439465807,0,train,6.458420756053419,-2.421202668282363,-0.12037657566421789,0.12037657566421789
Cc1cc(Oc2ccc(Cn3nc(C(=O)NS(=O)(=O)c4ccc(Cl)cc4)c4cc(Cl)ccc43)cc2)cc(C)c1Cl,1085.0,-3.0354297381845483,0,train,5.964570261815451,-2.915141593358031,-0.1202881448265174,0.1202881448265174
Cc1cc(OCCCc2c(C(=O)O)[nH]c3cc(Cl)ccc23)ccc1Cl,1400.0,-3.146128035678238,0,train,5.853871964321762,-3.2662510936113933,0.12012305793315514,0.12012305793315514
CC1(C)CCC(CN2CCN(c3ccc(C(=O)NS(=O)(=O)c4ccc(N[C@@H]5CCN(C(CF)CF)C5)c([N+](=O)[O-])c4)c(Oc4cccc5[nH]ncc45)c3)CC2)=C(c2ccc(Cl)cc2)C1,0.017,1.7695510786217261,1,train,10.769551078621726,1.6500802892151918,0.1194707894065341,0.1194707894065341
CCOC(=O)C(C#N)C1c2cc(Br)ccc2OC(=N)C1C(=O)OCC,254000.0,-5.404833716619938,0,train,3.5951662833800624,-5.285366862999654,-0.11946685362028386,0.11946685362028386
CC1(C)CCC(CN2CCN(c3ccc(C(=O)NS(=O)(=O)c4ccc(NCC5CCOCC5)c([N+](=O)[O-])c4)c(Oc4ccccc4)c3)CC2)=C(c2ccc(Cl)cc2)C1,0.049,1.3098039199714864,1,train,10.309803919971486,1.1905543976248374,0.11924952234664898,0.11924952234664898
CN1[C@@H]2CC[C@H]1CC(Nc1ccc(S(=O)(=O)NC(=O)c3ccc(N4CCN(CC5=C(c6ccc(Cl)cc6)CC(C)(C)CC5)CC4)cc3Oc3ccc4[nH]ccc4c3)cc1[N+](=O)[O-])C2,0.08,1.0969100130080565,1,train,10.096910013008056,0.9777126257964448,0.11919738721161166,0.11919738721161166
CN1CCC(Nc2ccc(S(=O)(=O)NC(=O)c3ccc(N4CCN5CC6=C(c7ccc(Cl)cc7)CC(C)(C)C[C@H]6OCCCOC[C@@H]5C4)cc3N3CCCOc4nc5[nH]ccc5cc43)cc2[N+](=O)[O-])CC1,0.51,0.2924298239020636,0,train,9.292429823902063,0.41161637270537743,-0.11918654880331381,0.11918654880331381
CC1(C)CCC(CN2CCN(c3ccc(C(=O)NS(=O)(=O)c4ccc(NCC5CCC(C#N)CC5)c([N+](=O)[O-])c4)c(Oc4cnc(N)c(Cl)c4)c3)CC2)=C(c2ccc(Cl)cc2)C1,0.035,1.4559319556497243,1,train,10.455931955649724,1.5750911803945065,-0.11915922474478213,0.11915922474478213
CC1(C)CCC(CN2CCN(c3ccc(C(=O)NS(=O)(=O)c4ccc(NN5CCCCC5)c([N+](=O)[O-])c4)c(Oc4ccc5[nH]ccc5c4)c3)CC2)=C(c2ccc(Cl)cc2)C1,1.552,-0.19089171692216964,1,train,8.80910828307783,-0.0718257563899277,-0.1190659605322419,0.1190659605322419
O=C(NS(=O)(=O)c1ccc(NCC2CCOCC2)c([N+](=O)[O-])c1)c1ccc(N2CCN(CC3=C(c4ccc(Cl)cc4)CCC(O)C3)CC2)cc1Oc1ccc2[nH]ccc2c1,0.013,1.8860566476931633,1,train,10.886056647693163,1.7672990294925495,0.11875761820061403,0.11875761820061403
Cc1c(-c2ccc(N3CCc4cccc(C(=O)Nc5nc6ccccc6s5)c4C3)nc2C(=O)O)cnn1Cc1ccccc1,70.0,-1.845098040014257,0,train,7.154901959985743,-1.9632828032828327,0.11818476326857574,0.11818476326857574
CN(C)CC[C@H](CSc1ccccc1)Nc1ccc(S(=O)(=O)Nc2ccc(N3CCN(c4cccc(-c5cn(C)cc5-c5ccc(Cl)cc5)c4)CC3)cc2)cc1[N+](=O)[O-],21.1,-1.3242824552976926,0,train,7.675717544702307,-1.2064884882701836,-0.117793967027509,0.117793967027509
Cc1nc(C)c(-c2cccc(Oc3cc(N4CCN(Cc5ccccc5-c5ccc(Cl)cc5)CC4)ccc3C(=O)NS(=O)(=O)c3ccc(NCCCN4CCOCC4)c([N+](=O)[O-])c3)c2)s1,7.173,-0.8557008308354372,0,train,8.144299169164563,-0.7382050085494067,-0.1174958222860305,0.1174958222860305
CC1(C)CCC(CN2CCN(c3ccc(C(=O)NS(=O)(=O)c4ccc(NC5CCC6(CC5)OCCO6)c([N+](=O)[O-])c4)c(Oc4cnc5[nH]ccc5c4)c3)CC2)=C(c2ccc(Cl)cc2)C1,0.076,1.1191864077192086,1,train,10.119186407719209,1.2364070460066647,-0.1172206382874561,0.1172206382874561
Cc1c(C(=O)O)c(-c2cccc(N3CCN(c4ccc(NS(=O)(=O)c5ccc(N[C@H](CCN6CCCCC6)CSc6ccccc6)c(S(=O)(=O)C(F)(F)F)c5)cc4)CC3)c2)c(-c2ccc(Cl)cc2)n1C,3.8,-0.5797835966168101,0,train,8.42021640338319,-0.46258503880134383,-0.11719855781546629,0.11719855781546629
CN1CCC(Nc2ccc(S(=O)(=O)NC(=O)c3ccc(N4CCN(CC5=C(c6ccc(Cl)cc6)CC(C)(C)CC5)CC4)cc3Oc3cccc(Cl)c3)cc2S(=O)(=O)C(F)(F)F)CC1,0.066,1.1804560644581312,1,train,10.18045606445813,1.0633571534639097,0.11709891099422154,0.11709891099422154
O=C(NS(=O)(=O)c1ccc(Cl)c([N+](=O)[O-])c1)[C@@H]1Cc2cc(Br)c(OCc3ccc(-c4ccccc4)cc3)c(Br)c2CC1Cc1ccc([N+](=O)[O-])cc1,410.0,-2.6127838567197355,0,train,6.3872161432802645,-2.729775945931575,0.11699208921183946,0.11699208921183946
O=C(NS(=O)(=O)c1ccc(NCC2CCOCC2)c([N+](=O)[O-])c1)c1ccc(N2CCN(Cc3cc(OCCCN4CCCCC4)ccc3-c3ccc(Cl)cc3)CC2)cc1Oc1ccccc1,0.096,1.0177287669604316,1,train,10.017728766960431,1.1342010747329274,-0.11647230777249584,0.11647230777249584
CCOC(=O)C(C#N)C1c2cc(C)ccc2OC(=N)C1C(=O)OCC,309000.0,-5.489958479424835,0,train,3.5100415205751654,-5.373529314777898,-0.1164291646469362,0.1164291646469362
Cc1cc(OCCCc2c(C(=O)O)n3c4c(c(Cl)ccc24)OCC3)cc(C)c1Cl,1300.0,-3.113943352306837,0,train,5.886056647693163,-2.997791306596117,-0.11615204571072013,0.11615204571072013
CN(C)CCCCNc1ccc(S(=O)(=O)NC(=O)c2ccc(N3CCN(Cc4ccccc4-c4ccc(Cl)cc4)CC3)cc2Oc2ccccc2)cc1[N+](=O)[O-],0.116,0.9355420107730815,1,train,9.935542010773082,0.8197274073904333,0.11581460338264837,0.11581460338264837
CC1(C)CCC(CN2CCN(c3ccc(C(=O)NS(=O)(=O)c4ccc(NC5(CO)CCOCC5)c([N+](=O)[O-])c4)c(Oc4ccc5[nH]ccc5c4)c3)CC2)=C(c2ccc(Cl)cc2)C1,0.83,0.0809219076239261,1,train,9.080921907623926,0.19590523733859444,-0.11498332971466833,0.11498332971466833
CN(C)CCCNc1ccc(S(=O)(=O)NC(=O)c2ccc(N3CCN(Cc4ccccc4-c4ccc(Cl)cc4)CC3)cc2Oc2cccc(N3CCOCC3)c2)cc1[N+](=O)[O-],1.584,-0.19975517725347472,1,train,8.800244822746524,-0.314526520416736,0.11477134316326132,0.11477134316326132
Cc1cc2c(C(=O)Cc3ccccc3)c(O)c(O)cc2c(O)c1-c1c(C)cc2c(C(=O)Cc3ccccc3)c(O)c(O)cc2c1O,360.0,-2.5563025007672873,0,train,6.443697499232712,-2.670869534182649,0.11456703341536123,0.11456703341536123
CC1(C)CCC(CN2CCN(c3ccc(C(=O)NS(=O)(=O)c4ccc(OC5CCN(C6CCOCC6)CC5)c([N+](=O)[O-])c4)c(Oc4ccc5[nH]ccc5c4)c3)CC2)=C(c2ccc(Cl)cc2)C1,0.098,1.0087739243075051,1,train,10.008773924307505,0.8942797067740585,0.11449421753344657,0.11449421753344657
CC1(C)CCC(CN2CCN(c3ccc(C(=O)NS(=O)(=O)c4ccc(NCCC#N)c([N+](=O)[O-])c4)c(Oc4ccc5[nH]ccc5c4)c3)CC2)=C(c2ccc(Cl)cc2)C1,0.413,0.384049948343599,1,train,9.384049948343598,0.49848330009521896,-0.11443335175161995,0.11443335175161995
CCOC(=O)c1c(-c2cccc(N3CCN(c4ccc(NS(=O)(=O)c5ccc(N[C@H](CCN(C)C)CSc6ccccc6)c([N+](=O)[O-])c5)cc4)CC3)c2)c(-c2ccc(Cl)cc2)cn1C,11.6,-1.0644579892269186,0,train,7.935542010773082,-0.9503964455562124,-0.1140615436707062,0.1140615436707062
CCCn1c(C)c(C(=O)O)c(-c2cccc(N3CCN(c4ccc(NS(=O)(=O)c5ccc(N[C@H](CCN6CCC(O)CC6)CSc6ccccc6)c(S(=O)(=O)C(F)(F)F)c5)cc4)CC3)c2)c1-c1ccc(Cl)cc1,7.5,-0.8750612633917001,0,train,8.1249387366083,-0.7611457928247607,-0.1139154705669394,0.1139154705669394
CCOc1ccc(-c2cc(C(=O)O)nn2-c2ccc(Oc3ccccc3)cc2)cc1,694.0,-2.841359470454855,0,train,6.158640529545146,-2.95480021053001,0.11344074007515514,0.11344074007515514
Cc1cc(OCCCc2c(C(=O)Nc3cccc(C(=O)O)c3)[nH]c3c(-c4c(C)nn(C)c4C)c(Cl)ccc23)cc(C)c1Cl,1540.0,-3.187520720836463,0,train,5.8124792791635365,-3.300933992218377,0.11341327138191382,0.11341327138191382
CC1(C)CCC(CN2CCN(c3ccc(C(=O)NS(=O)(=O)c4ccc(NCCN5CCNC5=O)c([N+](=O)[O-])c4)c(Oc4ccc5[nH]ccc5c4)c3)CC2)=C(c2ccc(Cl)cc2)C1,0.092,1.0362121726544447,1,train,10.036212172654444,0.9228115263467502,0.11340064630769464,0.11340064630769464
O=C(O)c1c(CCCOc2cccc3ccccc23)c2cccc3c2n1CCCS3,9900.0,-3.9956351945975497,0,train,5.00436480540245,-3.8823789029294424,-0.11325629166810725,0.11325629166810725
CC1(C)CCC(CN2CCN(c3ccc(C(=O)NS(=O)(=O)c4cnc(OC5CCN(C6CCOCC6)CC5)c(C#N)c4)c(Oc4cnc5[nH]ccc5c4)c3)CC2)=C(c2ccc(Cl)cc2)C1,0.123,0.9100948885606021,1,train,9.910094888560602,1.0232765572230267,-0.11318166866242474,0.11318166866242474
COCCNc1ccc(S(=O)(=O)NC(=O)c2ccc(N3CCN(CC4=C(c5ccc(Cl)cc5)CC(C)(C)CC4)CC3)cc2Oc2ccc3[nH]ccc3c2)cc1[N+](=O)[O-],0.181,0.7423214251308154,1,train,9.742321425130815,0.6292459824668724,0.1130754426639431,0.1130754426639431
O=C(NS(=O)(=O)c1ccc([N+](=O)[O-])cc1)[C@H](Cc1ccc(Br)cc1)N1C(=O)/C(=C/c2ccc(-c3ccc(Cl)cc3)cc2)SC1=S,490.0,-2.690196080028514,0,train,6.309803919971486,-2.8029305261401714,0.1127344461116575,0.1127344461116575
COC1(Cc2ccccc2C)CCN(c2ccc(C(=O)NS(=O)(=O)c3ccc(N[C@H](CCN(C)C)CSc4ccccc4)c([N+](=O)[O-])c3)cc2)CC1,1.4,-0.146128035678238,1,train,8.853871964321762,-0.25830977080224377,0.11218173512400575,0.11218173512400575
Cc1cc(Oc2ccc(Cn3nc(C(=O)NS(=O)(=O)c4ccc([N+](=O)[O-])c(NCc5cccnc5)c4)c4cc(Cl)ccc43)cc2)cc(C)c1Cl,384.0,-2.584331224367531,0,train,6.415668775632469,-2.696446238910618,0.11211501454308692,0.11211501454308692
CC(C1=C(c2ccc(Cl)cc2)CC(C)(C)CC1)N1CCN(c2ccc(C(=O)NS(=O)(=O)c3ccc(NCCCN4CCOCC4)c([N+](=O)[O-])c3)c(Oc3ccc4[nH]ccc4c3)c2)CC1,0.171,0.7670038896078462,0,train,9.767003889607846,0.6550066170651063,0.11199727254273983,0.11199727254273983
Cc1cc(OCCCc2c(C(=O)NCc3c[nH]c(C(=O)O)c3)[nH]c3c(-c4c(C)nn(C)c4C)cccc23)cc(C)c1Cl,5950.0,-3.7745169657285498,0,train,5.22548303427145,-3.662680429736641,-0.1118365359919089,0.1118365359919089
CC1(C)CCC(CN2CCN(c3ccc(C(=O)NS(=O)(=O)c4ccc(NCCCN5CCCC5)c([N+](=O)[O-])c4)c(Oc4cccc(Cl)c4F)c3)CC2)=C(c2ccc(Cl)cc2)C1,0.03,1.5228787452803376,1,train,10.522878745280337,1.411527182361219,0.11135156291911863,0.11135156291911863
CC(C)c1ccc(Oc2ccc3c4c(cccc24)C2=NC(=O)C(C#N)=C23)cc1,252.0,-2.401400540781544,0,train,6.598599459218455,-2.512594837528993,0.11119429674744863,0.11119429674744863
Cc1c(C(=O)NCCCN2CCN(C)CC2)c(-c2cccc(N3CCN(c4ccc(NS(=O)(=O)c5cccc(C(C)(C)C)c5)cc4)CC3)c2)c(-c2ccc(Cl)cc2)n1C,494.0,-2.693726948923647,1,train,6.306273051076353,-2.583756815953912,-0.1099701329697349,0.1099701329697349
CN(C)CCCc1c[nH]c2cccc(Oc3cc(N4CCN(CC5=C(c6ccc(Cl)cc6)CC(C)(C)CC5)CC4)ccc3C(=O)NS(=O)(=O)c3ccc(NN4CCN(C)CC4)c([N+](=O)[O-])c3)c12,0.385,0.4145392704914993,1,train,9.414539270491499,0.5245045880996989,-0.10996531760819961,0.10996531760819961
O=C(Nc1ccc(C(=O)NS(=O)(=O)c2ccc(NCCSc3ccccc3)c([N+](=O)[O-])c2)cc1)c1ccc(Br)cc1,760.0,-2.8808135922807914,0,train,6.119186407719209,-2.990723783275942,0.10991019099515009,0.10991019099515009
CN(C)CCc1ccccc1Oc1cc(N2CCN(Cc3ccccc3-c3ccc(Cl)cc3)CC2)ccc1C(=O)NS(=O)(=O)c1ccc(NCC2CCOCC2)c([N+](=O)[O-])c1,0.903,0.04431224968649419,1,train,9.044312249686493,-0.06518332625234197,0.10949557593883608,0.10949557593883608
CC1(C)CCC(CN2CCN(c3ccc(C(=O)NS(=O)(=O)c4ccc(O[C@@H]5CCN(C(CF)CF)C5)c([N+](=O)[O-])c4)c(Oc4cnc5[nH]ccc5c4)c3)CC2)=C(c2ccc(Cl)cc2)C1,0.023,1.6382721639824072,1,train,10.638272163982407,1.52964270610803,0.10862945787437717,0.10862945787437717
CN(C)Cc1ccc(Oc2cc(N3CCN(Cc4ccccc4-c4ccc(Cl)cc4)CC3)ccc2C(=O)NS(=O)(=O)c2ccc(NCC3CCOCC3)c([N+](=O)[O-])c2)cc1,76.832,-1.8855421383769333,1,train,7.114457861623067,-1.7769584853138554,-0.10858365306307793,0.10858365306307793
CC1(C)CCC(CN2CCN(c3ccc(C(=O)NS(=O)(=O)c4ccc(NC5CCC(N6CCOCC6)CC5)c([N+](=O)[O-])c4)c(Oc4cccc(Cl)c4)c3)CC2)=C(c2ccc(Cl)cc2)C1,0.153,0.8153085691824012,1,train,9.8153085691824,0.9234776082627804,-0.10816903908037911,0.10816903908037911
CC(C)c1ccc(Oc2ccc(O)c(O)c2)c(-c2ccsc2S(=O)(=O)NCCNC(=S)Nc2cc(C(F)(F)F)cc(C(F)(F)F)c2)c1,2400.0,-3.380211241711606,0,train,5.619788758288394,-3.272407802166673,-0.10780343954493299,0.10780343954493299
COC1(Cc2cccc(Cl)c2)CCN(c2ccc(C(=O)NS(=O)(=O)c3ccc(N[C@H](CCN(C)C)CSc4ccccc4)c([N+](=O)[O-])c3)cc2)CC1,1.8,-0.25527250510330607,1,train,8.744727494896694,-0.3629058385917834,0.10763333348847737,0.10763333348847737
COc1cc2[nH]ccc2cc1Oc1cc(N2CCN(CC3=C(c4ccc(Cl)cc4)CC(C)(C)CC3)CC2)ccc1C(=O)NS(=O)(=O)c1ccc(NC2CCN(C3CCOCC3)CC2)c([N+](=O)[O-])c1,0.174,0.7594507517174003,1,train,9.7594507517174,0.8670366081903765,-0.10758585647297625,0.10758585647297625
O=C1CCc2c(cccc2Oc2cc(N3CCN(Cc4ccccc4-c4ccc(Cl)cc4)CC3)ccc2C(=O)NS(=O)(=O)c2ccc(NCC3CCOCC3)c([N+](=O)[O-])c2)N1,0.428,0.368556230986828,1,train,9.368556230986828,0.26166257863943476,0.10689365234739323,0.10689365234739323
CC(C)c1ccc(O)c(Cn2c(-c3ccccc3)nc3c(O)c(O)c(O)cc3c2=O)c1,1113.0,-3.0464951643347082,0,train,5.953504835665292,-2.9396800895188915,-0.10681507481581631,0.10681507481581631
O=C(NS(=O)(=O)c1ccc(NCC2CCOCC2)c([N+](=O)[O-])c1)c1ccc(N2CCN(Cc3ccccc3-c3ccc(Cl)cc3)CC2)cc1Oc1ccc2c(c1)CCN2,4.726,-0.6744937172963502,1,train,8.32550628270365,-0.5682751159618445,-0.10621860133450567,0.10621860133450567
CC1(C)CCC(CN2CCN(c3ccc(C(=O)NS(=O)(=O)c4ccc(NCC5(CO)CCOCC5)c([N+](=O)[O-])c4)c(Oc4ccc5[nH]ccc5c4)c3)CC2)=C(c2ccc(Cl)cc2)C1,0.46,0.3372421683184259,1,train,9.337242168318426,0.44343394071709424,-0.10619177239866834,0.10619177239866834
Cc1c(C(=O)NCCCN2CCN(C)CC2)c(-c2cccc(N3CCN(c4ccc(NS(=O)(=O)c5cccc(Cl)c5)cc4)CC3)c2)c(-c2ccc(Cl)cc2)n1C,171.0,-2.2329961103921536,0,train,6.767003889607846,-2.3390213242417572,0.10602521384960362,0.10602521384960362
CN(C)CCCNc1ccc(S(=O)(=O)NC(=O)c2ccc(N3CCN(Cc4ccccc4-c4ccc(Cl)cc4)CC3)cc2Oc2ccccc2Cl)cc1[N+](=O)[O-],0.171,0.7670038896078462,1,train,9.767003889607846,0.6610013604556374,0.10600252915220876,0.10600252915220876
CC1(C)CCC(CN2CCN(c3ccc(C(=O)NS(=O)(=O)c4ccc(NC5CCN(c6nccs6)CC5)c([N+](=O)[O-])c4)c(Oc4ccc5[nH]ccc5c4)c3)CC2)=C(c2ccc(Cl)cc2)C1,0.737,0.13253251214094852,1,train,9.132532512140948,0.026681169079696483,0.10585134306125202,0.10585134306125202
CN1CCC(F)(COc2ncc(S(=O)(=O)NC(=O)c3ccc(N4CCN(CC5=C(c6ccc(Cl)cc6)CC(C)(C)CC5)CC4)cc3Oc3cnc4[nH]ccc4c3)cc2Cl)CC1,0.016,1.7958800173440752,1,train,10.795880017344075,1.6910865681036753,0.1047934492403999,0.1047934492403999
CC1(C)CCC(CN2CCN(c3ccc(C(=O)NS(=O)(=O)c4ccc(OCC5CCOCC5)c([N+](=O)[O-])c4)c(Oc4cccc5[nH]ccc45)c3)CC2)=C(c2ccc(Cl)cc2)C1,0.112,0.9507819773298184,1,train,9.950781977329818,0.8461338967675219,0.10464808056229646,0.10464808056229646
CC1(C)CCC(CN2CCN(c3ccc(C(=O)NS(=O)(=O)c4ccc(NCCN5CCOCC5)c([N+](=O)[O-])c4)c(Oc4ccccc4F)c3)CC2)=C(c2ccc(Cl)cc2)C1,0.068,1.1674910872937636,1,train,10.167491087293763,1.0637446407521074,0.10374644654165621,0.10374644654165621
O=C(Cc1ccccc1)Nc1ccc(C(=O)NS(=O)(=O)c2ccc(NCCSc3ccccc3)c([N+](=O)[O-])c2)cc1,4000.0,-3.6020599913279625,0,train,5.3979400086720375,-3.4985681080297195,-0.10349188329824299,0.10349188329824299
CC1(C)CCC(CN2CCN(c3ccc(C(=O)NS(=O)(=O)c4ccc(OCC5COCCO5)c([N+](=O)[O-])c4)c(Oc4cnc(N)c(Cl)c4)c3)CC2)=C(c2ccc(Cl)cc2)C1,0.042,1.3767507096020994,1,train,10.3767507096021,1.4797625272930015,-0.10301181769090206,0.10301181769090206
CC1(C)CCC(CN2CCN(c3ccc(C(=O)NS(=O)(=O)c4ccc(NCCCn5ccnc5)c([N+](=O)[O-])c4)c(Oc4ccc5[nH]ccc5c4)c3)CC2)=C(c2ccc(Cl)cc2)C1,0.14,0.8538719643217619,1,train,9.853871964321762,0.7509812233924097,0.10289074092935224,0.10289074092935224
CC1(C)CCC(CN2CCN(c3ccc(C(=O)NS(=O)(=O)c4ccc(NC5CCN(C6CCOCC6)CC5)c([N+](=O)[O-])c4)c(Oc4ccnc(N)c4)c3)CC2)=C(c2ccc(Cl)cc2)C1,0.516,0.28735029837278864,1,train,9.287350298372788,0.3902235503594805,-0.1028732519866919,0.1028732519866919
Cc1cc(Oc2ccc(Cn3nc4ccc(Cl)cc4c3C(=O)NS(=O)(=O)c3ccc(NCCc4cccnc4)c([N+](=O)[O-])c3)cc2)cc(C)c1Cl,460.0,-2.6627578316815743,0,train,6.337242168318426,-2.7652418334186724,0.10248400173709804,0.10248400173709804
COc1ccccc1/C=C/C(=O)Nc1ccc(C(=O)NS(=O)(=O)c2ccc(NCCSc3ccccc3)c([N+](=O)[O-])c2)cc1,720.0,-2.8573324964312685,0,train,6.142667503568731,-2.959626144597971,0.1022936481667025,0.1022936481667025
CC1(C)CCC(CN2CCN(c3ccc(C(=O)NS(=O)(=O)c4ccc(NCC5CCOCC5)c([N+](=O)[O-])c4)c(Oc4cc5cc[nH]c5c(F)c4F)c3)CC2)=C(c2ccc(Cl)cc2)C1,0.069,1.1611509092627446,1,train,10.161150909262744,1.059006499506819,0.10214440975592565,0.10214440975592565
Cc1cc(OCCCc2c3n(c4c(-c5c(C)nn(C)c5C)c(Cl)ccc24)CCCN(c2cc(C(=O)O)cc4c2ccn4C)C3=O)cc(C)c1Cl,950.0,-2.9777236052888476,0,train,6.022276394711152,-2.875634292866743,-0.10208931242210495,0.10208931242210495
N#CC1=C(NCCC(=O)NCc2cccc(C(=O)O)c2)c2ccc(Sc3ccc(Br)cc3)c3cccc(c23)C1=O,1020.0,-3.0086001717619175,0,train,5.991399828238082,-2.9065419034620277,-0.1020582682998894,0.1020582682998894
CN(C)CCCC(O)(c1ccccc1)c1cccc(OCCc2cccc(-c3ccc(C(=O)O)cc3)c2)c1,5000.0,-3.6989700043360187,1,train,5.301029995663981,-3.8009758994165304,0.10200589508051205,0.10200589508051205
CN1CCC(Nc2ccc(S(=O)(=O)NC(=O)c3ccc(N4CCN(CC5=C(c6ccc(Cl)cc6)CC(C)(C)OC5)CC4)cc3Oc3cccc(F)c3F)cc2[N+](=O)[O-])CC1,0.057,1.2441251443275085,1,train,10.244125144327509,1.3460440420997124,-0.10191889777220409,0.10191889777220409
CC(C)(C)c1ccc(CN2CCN(c3ccc(C(=O)NS(=O)(=O)c4ccc(NCC5CCOCC5)c([N+](=O)[O-])c4)c(Oc4ccc5[nH]ccc5c4)c3)CC2)c(-c2ccc(Cl)cc2)c1,12.998,-1.1138765326310525,1,train,7.8861234673689475,-1.0123280974656574,-0.10154843516539502,0.10154843516539502
COc1ccc(-c2ccc(Cn3cc(C(=O)N[C@@H](Cc4c[nH]c5ccccc45)C(=O)NS(=O)(=O)c4ccc(C)cc4)c4ccccc43)cc2)cc1,750.0,-2.8750612633917,0,train,6.1249387366083,-2.976556562641115,0.10149529924941492,0.10149529924941492
O=C(NS(=O)(=O)c1ccc(NCC2CCOCC2)c([N+](=O)[O-])c1)c1ccc(N2CCN(Cc3cc(OCCN4CCOCC4)ccc3-c3ccc(Cl)cc3)CC2)cc1Oc1ccc2[nH]ccc2c1,0.459,0.33818731446273875,1,train,9.338187314462738,0.4396734908906992,-0.10148617642796048,0.10148617642796048
COC1(Cc2ccccc2)CCN(c2ccc(C(=O)NS(=O)(=O)c3ccc(N[C@H](CCN(C)C)CSc4ccccc4)c([N+](=O)[O-])c3)cc2)CC1,8.1,-0.9084850188786497,0,train,8.09151498112135,-0.8070460081008695,-0.10143901077778017,0.10143901077778017
O=C(O)c1c(CCCOc2cccc3ccccc23)c2cccc3c2n1CCS3,3100.0,-3.4913616938342726,0,train,5.508638306165727,-3.592713023990782,0.10135133015650943,0.10135133015650943
Cc1cc(OCCCn2nc(C(=O)NS(=O)(=O)c3ccc(NCC4CCCO4)c([N+](=O)[O-])c3)c3cc(Cl)ccc32)cc(C)c1Cl,1168.0,-3.0674428427763805,0,train,5.93255715722362,-2.966355751475933,-0.10108709130044735,0.10108709130044735
CC1(C)CCC(CN2CCN(c3ccc(C(=O)NS(=O)(=O)c4ccc(NCC5COCCN5C5CCC5)c([N+](=O)[O-])c4)c(Oc4cnc5[nH]ccc5c4)c3)CC2)=C(c2ccc(Cl)cc2)C1,0.022,1.6575773191777938,1,train,10.657577319177793,1.556825027934768,0.10075229124302587,0.10075229124302587
CC1(C)CCC(CN2CCN(c3ccc(C(=O)NS(=O)(=O)c4ccc(NC5CCN(C6CCOCC6)CC5)c([N+](=O)[O-])c4)c(Oc4cc5cc[nH]c5cc4F)c3)CC2)=C(c2ccc(Cl)cc2)C1,0.064,1.193820026016113,1,train,10.193820026016112,1.093083750409443,0.10073627560666987,0.10073627560666987
O=C(NS(=O)(=O)c1ccc(NCC2CCOCC2)c([N+](=O)[O-])c1)c1ccc(N2CCN(Cc3cc(OCCN4CCOCC4)ccc3-c3ccc(Cl)cc3)CC2)cc1Oc1ccccc1,0.176,0.7544873321858502,1,train,9.75448733218585,0.8551479802131731,-0.10066064802732289,0.10066064802732289
Cc1ccc(S(=O)(=O)NC(=O)c2ccc(N3CCN(Cc4ccccc4-c4ccc(Cl)cc4)CC3)cc2Oc2ccccc2)cc1,52.21,-1.7177536932107156,0,train,7.282246306789284,-1.6172886879778425,-0.10046500523287305,0.10046500523287305
CC(C)(C)c1ccc(CN2CCN(c3ccc(C(=O)NS(=O)(=O)c4ccc(NC5CCN(C6CCOCC6)CC5)c([N+](=O)[O-])c4)c(Oc4ccc5[nH]ccc5c4)c3)CC2)c(-c2ccc(Cl)cc2)c1,13.481,-1.1297221086958777,1,train,7.870277891304122,-1.0300163650194671,-0.09970574367641039,0.09970574367641039
CC1(C)CC(c2ccc(Cl)cc2)=C(CN2CCN(c3ccc(C(=O)NS(=O)(=O)c4ccc(NCC5CCOCC5)c([N+](=O)[O-])c4)c(Oc4cc5cc[nH]c5cc4Cl)c3)CC2)CO1,0.081,1.0915149811213503,1,train,10.09151498112135,1.1907515229363481,-0.09923654181499764,0.09923654181499764
Cn1cnc2cc(Oc3cc(N4CCN(Cc5ccccc5-c5ccc(Cl)cc5)CC4)ccc3C(=O)NS(=O)(=O)c3ccc(NCCCN4CCOCC4)c([N+](=O)[O-])c3)ccc21,43.518,-1.6386689278453899,1,train,7.36133107215461,-1.5395681416164466,-0.09910078622894347,0.09910078622894347
CC(C)c1cc(S(=O)(=O)NC(=O)c2ccc(N3CCN(CC4=C(c5ccc(Cl)cc5)CC(C)(C)CC4)CC3)cc2Oc2cnc3[nH]ccc3c2)cnc1OCC1CCOCC1,0.391,0.40782324260413316,1,train,9.407823242604133,0.5069163522983228,-0.09909310969418966,0.09909310969418966
CC1(C)CCC(c2ccc(Cl)cc2)=C(CN2CCN(c3ccc(C(=O)NS(=O)(=O)c4ccc(NCCCN5CCOCC5)c([N+](=O)[O-])c4)c(Oc4ccc5[nH]ccc5c4)c3)CC2)C1,0.471,0.3269790928711038,1,train,9.326979092871104,0.42590373210490995,-0.09892463923380612,0.09892463923380612
CN1CCC(Nc2ccc(S(=O)(=O)NC(=O)c3ccc(N4CCN(CC5=C(c6ccc(Cl)cc6)CCCCC5)CC4)cc3Oc3ccccc3Cl)cc2[N+](=O)[O-])CC1,0.106,0.9746941347352298,1,train,9.97469413473523,0.8761830306586728,0.09851110407655705,0.09851110407655705
CC1(C)CCC(CN2CCN(c3ccc(C(=O)NS(=O)(=O)c4ccc(NC(CO)C5CCOCC5)c([N+](=O)[O-])c4)c(Oc4ccc5[nH]ccc5c4)c3)CC2)=C(c2ccc(Cl)cc2)C1,1.796,-0.2543063323312856,1,train,8.745693667668714,-0.1561830627579894,-0.09812326957329617,0.09812326957329617
CCOc1cccc(S(=O)(=O)Nc2ccc(N3CCN(c4cccc(-c5c(C(=O)NCCCN6CCN(C)CC6)c(C)n(C)c5-c5ccc(Cl)cc5)c4)CC3)cc2)c1,420.0,-2.6232492903979003,0,train,6.376750709602099,-2.525865428652115,-0.09738386174578517,0.09738386174578517
Cc1cc(Oc2ccc(Cn3nc(C)c4c(C(=O)O)cc(-c5ccco5)nc43)cc2)cc(C)c1Cl,1950.0,-3.290034611362518,0,train,5.709965388637482,-3.1927848648471473,-0.09724974651537055,0.09724974651537055
CC1(C)CCC(CN2CCN(c3ccc(C(=O)NS(=O)(=O)c4ccc(NC5CCN(C6CC6)CC5)c([N+](=O)[O-])c4)c(Oc4cccc(Cl)c4)c3)CC2)=C(c2ccc(Cl)cc2)C1,0.156,0.8068754016455384,1,train,9.806875401645538,0.9041246587327076,-0.09724925708716925,0.09724925708716925
CC1(C)CCC(CN2CCN(c3ccc(C(=O)NS(=O)(=O)c4ccc(NCC5CCOCC5)c([N+](=O)[O-])c4)c(Oc4cc5cc[nH]c5cc4F)c3)CC2)=C(c2ccc(Cl)cc2)C1,0.124,0.906578314837765,1,train,9.906578314837764,1.003725263232977,-0.09714694839521198,0.09714694839521198
O=C(O)[C@H](Cc1ccccc1)N1C(=O)/C(=C/c2ccc(Br)cc2)SC1=S,14200.0,-4.152288344383057,1,train,4.847711655616943,-4.055513680387517,-0.09677466399553936,0.09677466399553936
O=C(CCc1ccccc1)Nc1ccc(C(=O)NS(=O)(=O)c2ccc(NCCSc3ccccc3)c([N+](=O)[O-])c2)cc1,4400.0,-3.6434526764861874,0,train,5.356547323513812,-3.546716276610736,-0.0967363998754509,0.0967363998754509
CC1(C)CCC(CN2CCN(c3ccc(C(=O)NS(=O)(=O)c4ccc(NCCCN5CCCC5)c([N+](=O)[O-])c4)c(Oc4cccc5[nH]ccc45)c3)CC2)=C(c2ccc(C(F)(F)F)cc2)C1,1.245,-0.09516935143175517,1,train,8.904830648568245,-0.19187671138391596,0.09670735995216086,0.09670735995216086
CN1CCN(CCCNc2ncnc3c2cnn3-c2ccc(OCCCc3sc(N4CCc5cccc(C(=O)Nc6nc7ccccc7s6)c5C4)nc3C(=O)O)cc2)CC1,140.0,-2.146128035678238,0,train,6.853871964321762,-2.2427619829967007,0.09663394731846253,0.09663394731846253
COC1(CC(C)(C)C)CCN(c2ccc(C(=O)NS(=O)(=O)c3ccc(N[C@H](CCN(C)C)CSc4ccccc4)c([N+](=O)[O-])c3)cc2)CC1,16.0,-1.2041199826559248,1,train,7.795880017344075,-1.1076536469452625,-0.09646633571066232,0.09646633571066232
Cc1cc(Oc2ccc(Cn3nc4ccc(Cl)cc4c3C(=O)NS(=O)(=O)c3ccc(NCc4cccnc4)c([N+](=O)[O-])c3)cc2)cc(C)c1Cl,1180.0,-3.0718820073061255,0,train,5.928117992693874,-2.975580663683646,-0.09630134362247889,0.09630134362247889
[C]N([C])[C][C][C@H]([C]Sc1ccccc1)[N]c1ccc(S(=O)(=O)[N]C(=O)c2ccc(N3[C][C]C(=[C]c4ccc(C(F)(F)F)cc4)[C][C]3)cc2)cc1[N+](=O)[O-],9.4,-0.9731278535996987,1,train,8.0268721464003,-0.87698752878242,-0.09614032481727874,0.09614032481727874
COC1(Cc2ccccc2Br)CCN(c2ccc(C(=O)NS(=O)(=O)c3ccc(N[C@H](CCN(C)C)CSc4ccccc4)c([N+](=O)[O-])c3)cc2)CC1,1.5,-0.17609125905568124,0,train,8.823908740944319,-0.27192446095899503,0.09583320190331382,0.09583320190331382
CN(C)CCOc1cccc(-c2ccc(Cl)cc2)c1CN1CCN(c2ccc(C(=O)NS(=O)(=O)c3ccc(NCC4CCOCC4)c(S(=O)(=O)C(F)(F)F)c3)c(Oc3ccccc3)c2)CC1,0.335,0.4749551929631547,0,train,9.474955192963154,0.570755522461013,-0.09580032949785833,0.09580032949785833
O=C([C@@H]1[C@@H](CO)[C@@H]2Cn3c(cccc3=O)[C@@H]2N1Cc1ccc(Oc2ccccc2)cc1)N1CCC(c2ccc(F)cc2)CC1,6800.0,-3.832508912706236,0,train,5.167491087293763,-3.7369434031971913,-0.09556550950904485,0.09556550950904485
COCC(C)(C)CNc1ccc(S(=O)(=O)NC(=O)c2ccc(N3CCN(CC4=C(c5ccc(Cl)cc5)CC(C)(C)CC4)CC3)cc2Oc2cnc3[nH]ccc3c2)cc1[N+](=O)[O-],0.059,1.2291479883578558,1,train,10.229147988357855,1.3246153340315607,-0.09546734567370496,0.09546734567370496
COc1ccc(C(=O)Nc2ccc(C(=O)NS(=O)(=O)c3ccc(NCCSc4ccccc4)c([N+](=O)[O-])c3)cc2)cc1,800.0,-2.9030899869919438,0,train,6.096910013008056,-2.9983990681959938,0.09530908120404957,0.09530908120404957
CC1(C)CCC(CN2CCN(c3ccc(C(=O)NS(=O)(=O)c4ccc(NCCCN5CCOCC5)c(S(=O)(=O)C(F)(F)F)c4)c(Oc4cnc(N)c(Cl)c4)c3)CC2)=C(c2ccc(Cl)cc2)C1,0.377,0.42365864979420714,1,train,9.423658649794207,0.5187978484931274,-0.09513919869892029,0.09513919869892029
CC1(C)CCC(CN2CCN(c3ccc(C(=O)NS(=O)(=O)c4ccc(N[C@H]5CCCN(C6CCOCC6)C5)c([N+](=O)[O-])c4)c(Oc4cc5cc[nH]c5cc4F)c3)CC2)=C(c2ccc(Cl)cc2)C1,0.108,0.9665762445130504,1,train,9.96657624451305,0.8715216899532754,0.09505455455977496,0.09505455455977496
CN(C)CCCNc1ccc(S(=O)(=O)NC(=O)c2ccc(N3CCN(CC4=C(c5ccc(Cl)cc5)CCC(C)(C)C4)CC3)cc2Oc2ccc3[nH]ccc3c2)cc1[N+](=O)[O-],0.252,0.5985994592184558,1,train,9.598599459218455,0.6934470782436325,-0.09484761902517669,0.09484761902517669
O=C(NS(=O)(=O)c1ccc(NCC2CCOCC2)c([N+](=O)[O-])c1)c1ccc(N2CCN(Cc3ccccc3-c3ccc(Cl)cc3)CC2)cc1Oc1cccc([N+](=O)[O-])c1,3.451,-0.5379449592914869,0,train,8.462055040708513,-0.44323173530411275,-0.09471322398737414,0.09471322398737414
CC1(C)CCC(CN2CCN(c3ccc(C(=O)NS(=O)(=O)c4cnc(O[C@@H]5CCN(C(CF)CF)C5)c(Cl)c4)c(Oc4cnc5[nH]ccc5c4)c3)CC2)=C(c2ccc(Cl)cc2)C1,0.04,1.3979400086720375,1,train,10.397940008672037,1.3034265768551443,0.0945134318168932,0.0945134318168932
CC1(C)CC(c2ccc(Cl)cc2)=C2CN3CCN(c4ccc(C(=O)NS(=O)(=O)c5ccc(OCC6CCOCC6)c([N+](=O)[O-])c5)c(N5CCCOc6nc7[nH]ccc7cc65)c4)C[C@H]3COCCCO[C@@H]2C1,0.202,0.6946486305533762,0,train,9.694648630553376,0.6003438953217871,0.09430473523158911,0.09430473523158911
CCc1sc2ncnc(N[C@H](Cc3ccccc3)C(=O)O)c2c1-c1cccc(Cl)c1C,29000.0,-4.462397997898956,0,train,4.537602002101044,-4.36816677935111,-0.09423121854784533,0.09423121854784533
CC1(C)CC(c2ccc(Cl)cc2)=C(CN2CCN(c3ccc(C(=O)NSc4ccc(NCC5CCOCC5)c([N+](=O)[O-])c4)c(Oc4ccc5[nH]ccc5c4)c3)CC2)CO1,0.083,1.080921907623926,0,train,10.080921907623926,0.9867139990594572,0.09420790856446881,0.09420790856446881
CN1CCC(Nc2ccc(S(=O)(=O)NC(=O)c3ccc(N4CCN(CC5=C(c6ccc(Cl)cc6)CC(C)(C)CC5)CC4)cc3Oc3cccc(Br)c3)cc2[N+](=O)[O-])CC1,0.047,1.3279021420642825,1,train,10.327902142064282,1.233838552344929,0.09406358971935358,0.09406358971935358
CCN1CCC(Nc2ccc(S(=O)(=O)NC(=O)c3ccc(N4CCN(CC5=C(c6ccc(Cl)cc6)CC(C)(C)CC5)CC4)cc3Oc3cccc(Cl)c3)cc2[N+](=O)[O-])CC1,0.037,1.431798275933005,1,train,10.431798275933005,1.3377433392037732,0.09405493672923182,0.09405493672923182
CC1(C)CCC(CN2CCN(c3ccc(C(=O)NS(=O)(=O)c4ccc(NC5CCN(CCCc6ccccc6)CC5)c([N+](=O)[O-])c4)c(Oc4cccc(Cl)c4)c3)CC2)=C(c2ccc(Cl)cc2)C1,0.549,0.26042765554990804,1,train,9.260427655549908,0.35445239514175547,-0.09402473959184748,0.09402473959184748
COc1ccc(Nc2ccc(S(=O)(=O)NC(=O)c3ccc(N4CCN(CC5=C(c6ccc(Cl)cc6)CC(C)(C)CC5)CC4)cc3Oc3ccc4[nH]ccc4c3)cc2[N+](=O)[O-])cc1O,2.507,-0.39915433395821653,1,train,8.600845666041783,-0.3059559061267558,-0.0931984278314607,0.0931984278314607
CC1(C)CCC(CN2CCN(c3ccc(C(=O)NS(=O)(=O)c4ccc(NCC5CCOCC5)c([N+](=O)[O-])c4)c(Oc4cc(Cl)c(=N)n(COP(=O)(O)O)c4)c3)CC2)=C(c2ccc(Cl)cc2)C1,0.137,0.8632794328435931,1,train,9.863279432843592,0.7700924734658326,0.09318695937776045,0.09318695937776045
CC1(C)CCC(CN2CCN(c3ccc(C(=O)NS(=O)(=O)c4cnc(OCCC5CCOCC5)c(C#N)c4)c(Oc4cnc5[nH]ccc5c4)c3)CC2)=C(c2ccc(Cl)cc2)C1,0.252,0.5985994592184558,1,train,9.598599459218455,0.6917834998437212,-0.09318404062526542,0.09318404062526542
Cc1cc(Oc2ccc(Cn3nc(C(=O)NS(=O)(=O)c4ccc([N+](=O)[O-])c(NCc5ccco5)c4)c4cc(Cl)ccc43)cc2)cc(C)c1Cl,384.0,-2.584331224367531,0,train,6.415668775632469,-2.6773758519469584,0.09304462757942744,0.09304462757942744
CC1(C)CCC(CN2CCN(c3ccc(C(=O)NS(=O)(=O)c4ccc(NC5CCN(CCCF)CC5)c([N+](=O)[O-])c4)c(Oc4ccc5[nH]ccc5c4)c3)CC2)=C(c2ccc(Cl)cc2)C1,0.252,0.5985994592184558,1,train,9.598599459218455,0.6912729275768728,-0.09267346835841694,0.09267346835841694
CN1CCN(Nc2ccc(S(=O)(=O)NC(=O)c3ccc(N4CCN(CC5=C(c6ccc(Cl)cc6)CC(C)(C)CC5)CC4)cc3Oc3ccc(O)cc3Cl)cc2[N+](=O)[O-])CC1,0.261,0.5833594926617189,1,train,9.58335949266172,0.6758811934810719,-0.09252170081935296,0.09252170081935296
COCCNC(=O)c1ccc(S(=O)(=O)NC(=O)c2ccc(N3CCN(CC4=C(c5ccc(Cl)cc5)CC(C)(C)CC4)CC3)cc2Oc2ccc3[nH]ccc3c2)cc1,12.582,-1.0997496808489875,1,train,7.900250319151013,-1.0074030070720743,-0.09234667377691319,0.09234667377691319
C=C(c1ccc(C(=O)Nc2ccc(C(=O)NS(=O)(=O)c3ccc(NCCSc4ccccc4)c([N+](=O)[O-])c3)cc2)cc1)c1cc2c(cc1C)C(C)(C)CCC2(C)C,3100.0,-3.4913616938342726,0,train,5.508638306165727,-3.399411300942463,-0.09195039289180951,0.09195039289180951
COCCOCCNc1ccc(S(=O)(=O)NC(=O)c2ccc(N3CCN(CC4=C(c5ccc(Cl)cc5)CC(C)(C)CC4)CC3)cc2Oc2cccc3[nH]ccc23)cc1[N+](=O)[O-],0.516,0.28735029837278864,1,train,9.287350298372788,0.3792814440172318,-0.09193114564444321,0.09193114564444321
CC1(C)CCC(CN2CCN(c3ccc(C(=O)NS(=O)(=O)c4ccc(NC5CCN(C6CC6)CC5)c([N+](=O)[O-])c4)c(Oc4ccccc4F)c3)CC2)=C(c2ccc(Cl)cc2)C1,0.11,0.958607314841775,1,train,9.958607314841775,0.86699533481678,0.09161198002499493,0.09161198002499493
CC1(C)CCC(CN2CCN(c3ccc(C(=O)NS(=O)(=O)c4cc(F)c(NCC5CCOCC5)c(Cl)c4)c(Oc4cnc5[nH]ccc5c4)c3)CC2)=C(c2ccc(Cl)cc2)C1,0.498,0.30277065724028246,1,train,9.302770657240282,0.3937228126878412,-0.0909521554475588,0.0909521554475588
COC(=O)CCNC(=O)[C@H]1CC=C(CCC=C(C)C)C[C@@H]1c1ccccc1,3100.0,-3.4913616938342726,0,train,5.508638306165727,-3.4007140503389643,-0.0906476434953083,0.0906476434953083
COC(=O)CCCCCN/C=C1\C(=O)C(O)=C(C(C)C)c2cc(C)c(-c3c(C)cc4c(c3O)/C(=C/NCCCCCC(=O)OC)C(=O)C(O)=C4C(C)C)c(O)c21,348.0,-2.5415792439465807,1,train,6.458420756053419,-2.451186229955849,-0.09039301399073185,0.09039301399073185
CN1CCN(Nc2ccc(S(=O)(=O)NC(=O)c3ccc(N4CCN(CC5=C(c6ccc(Cl)cc6)CC(C)(C)CC5)CC4)cc3Oc3ccccc3Cl)cc2[N+](=O)[O-])CC1,0.155,0.8096683018297085,1,train,9.809668301829708,0.8998280486311063,-0.09015974680139782,0.09015974680139782
CC1(C)CCC(CN2CCN(c3ccc(C(=O)NS(=O)(=O)c4ccc(NC5CCN(C6CC6)CC5)c([N+](=O)[O-])c4)c(Oc4cc5cc[nH]c5cc4F)c3)CC2)=C(c2ccc(Cl)cc2)C1,0.212,0.6736641390712486,1,train,9.67366413907125,0.7637472996772655,-0.09008316060601695,0.09008316060601695
CN(C)CCCNc1ncnc2c1cnn2-c1ccc(OCCCc2sc(N3CCc4cccc(C(=O)Nc5nc6ccccc6s5)c4C3)nc2C(=O)O)cc1,240.0,-2.380211241711606,0,train,6.619788758288394,-2.470211674934239,0.09000043322263318,0.09000043322263318
O=C(NS(=O)(=O)c1ccc(NCCCN2CCOCC2)c([N+](=O)[O-])c1)c1ccc(N2CCN(Cc3ccccc3-c3ccc(Cl)cc3)CC2)cc1Oc1ccc2[nH]ccc2c1,0.672,0.1726307269461747,1,train,9.172630726946174,0.08276464283406815,0.08986608411210656,0.08986608411210656
Cc1cc(OCCCn2ccc3ccc(OCc4cccc(C(=O)O)c4)cc32)cc(C)c1Cl,1190.0,-3.0755469613925306,0,train,5.924453038607469,-2.985708066320696,-0.08983889507183473,0.08983889507183473
O=C(NS(=O)(=O)c1ccc(NCCn2ccnn2)c([N+](=O)[O-])c1)c1ccc(N2CCN(Cc3ccccc3-c3ccc(Cl)cc3)CC2)cc1Oc1ccccc1,0.963,0.016373712875465497,1,train,9.016373712875465,0.10561442105915228,-0.08924070818368687,0.08924070818368687
O=C(NS(=O)(=O)c1ccc(NCC2CCOCC2)c([N+](=O)[O-])c1)c1ccc(N2CCN(Cc3ccccc3-c3ccc(Cl)cc3)CC2)cc1Oc1cccc(Cl)c1,0.787,0.10402526764093542,1,train,9.104025267640935,0.01605839618815347,0.08796687145278194,0.08796687145278194
CC1(C)CCC(CN2CCN(c3ccc(C(=O)NS(=O)(=O)c4ccc(NCC5CCS(=O)(=O)CC5)c([N+](=O)[O-])c4)c(Oc4cccc5[nH]ccc45)c3)CC2)=C(c2ccc(Cl)cc2)C1,0.291,0.5361070110140927,1,train,9.536107011014092,0.6236673904039803,-0.08756037938988759,0.08756037938988759
Nc1cccc(Oc2cc(N3CCN(Cc4ccccc4-c4ccc(Cl)cc4)CC3)ccc2C(=O)NS(=O)(=O)c2ccc(NCC3CCOCC3)c([N+](=O)[O-])c2)c1,1.679,-0.2250506961380488,1,train,8.774949303861952,-0.3123108121483947,0.08726011601034589,0.08726011601034589
CN(C)CCOc1cccc(-c2ccc(Cl)cc2)c1CN1CCN(c2ccc(C(=O)NS(=O)(=O)c3ccc(NCC4CCOCC4)c([N+](=O)[O-])c3)c(Oc3ccc4[nH]ccc4c3)c2)CC1,0.056,1.2518119729937995,1,train,10.2518119729938,1.3390652769103404,-0.08725330391654085,0.08725330391654085
CN1CCC(Nc2ccc(S(=O)(=O)NC(=O)c3ccc(N4CCN(CC5=C(c6ccc(Cl)cc6)CC(C)(C)C5)CC4)cc3Oc3ccccc3Cl)cc2[N+](=O)[O-])CC1,0.227,0.6439741428068773,1,train,9.643974142806877,0.7311183653315193,-0.08714422252464205,0.08714422252464205
CC1(C)CCC(CN2CCN(c3ccc(C(=O)NS(=O)(=O)c4cnc(OCC5CCC(O)CC5)c(Cl)c4)c(Oc4cccc5[nH]ncc45)c3)CC2)=C(c2ccc(Cl)cc2)C1,0.026,1.585026652029182,1,train,10.585026652029182,1.672003691233958,-0.08697703920477595,0.08697703920477595
CC(c1ccccc1-c1ccc(Cl)cc1)N1CCN(c2ccc(C(=O)NS(=O)(=O)c3ccc(NCC4CCOCC4)c([N+](=O)[O-])c3)c(Oc3ccccc3Cl)c2)CC1,0.039,1.408935392973501,0,train,10.4089353929735,1.322255510280287,0.0866798826932138,0.0866798826932138
O=C(O)c1[nH]c2ccccc2c1CCCOc1cccc2ccccc12,2700.0,-3.4313637641589874,0,train,5.568636235841012,-3.5180307984664547,0.08666703430746692,0.08666703430746692
CN1CCN(Nc2ccc(S(=O)(=O)NC(=O)c3ccc(N4CCN(CC5=C(c6ccc(Cl)cc6)CC(C)(C)OC5)CC4)cc3Oc3cccc(F)c3F)cc2[N+](=O)[O-])CC1,0.035,1.4559319556497243,1,train,10.455931955649724,1.3695431287762014,0.0863888268735229,0.0863888268735229
Cc1c(C(=O)O)c(-c2cccc(N3CCN(c4ccc(NS(=O)(=O)c5ccc(N[C@H](CCN6CCC(O)CC6)CSc6ccccc6)c(S(=O)(=O)C(F)(F)F)c5)cc4)CC3)c2)c(-c2ccc(Cl)cc2)n1C,2.4,-0.38021124171160603,0,train,8.619788758288394,-0.2948256242659598,-0.08538561744564616,0.08538561744564616
CC1(C)CCC(CN2CCN(c3ccc(C(=O)NS(=O)(=O)c4ccc(NC5CCC(NC6CC6(F)F)CC5)c([N+](=O)[O-])c4)c(Oc4cnc5[nH]ccc5c4)c3)CC2)=C(c2ccc(Cl)cc2)C1,0.023,1.6382721639824072,1,train,10.638272163982407,1.5531201326356066,0.0851520313468006,0.0851520313468006
CC1(C)CCC(CN2CCN(c3ccc(C(=O)NS(=O)(=O)c4ccc(NC5CCN(C6CC6)CC5)c([N+](=O)[O-])c4)c(Oc4cccc5[nH]ncc45)c3)CC2)=C(c2ccc(Cl)cc2)C1,0.011,1.958607314841775,1,train,10.958607314841775,1.8736017960786204,0.08500551876315465,0.08500551876315465
CC1(C)CCC(CN2CCN(c3ccc(C(=O)NS(=O)(=O)c4ccc(CCC5OCCO5)c([N+](=O)[O-])c4)c(Oc4ccc5[nH]ccc5c4)c3)CC2)=C(c2ccc(Cl)cc2)C1,0.71,0.14874165128092473,1,train,9.148741651280925,0.23370303371504586,-0.08496138243412116,0.08496138243412116
CC1(C)CCC(CN2CCN(c3ccc(C(=O)NS(=O)(=O)c4ccc(NC5CCN(C6CCOCC6)CC5)c([N+](=O)[O-])c4)c(Oc4cc5cc[nH]c5cc4Cl)c3)CC2)=C(c2ccc(Cl)cc2)C1,0.092,1.0362121726544447,1,train,10.036212172654444,0.9514432694371198,0.08476890321732511,0.08476890321732511
CN(C)CC[C@H](CSc1ccccc1)Nc1ccc(S(=O)(=O)NC(=O)c2ccc(N3CCN(Cc4ccccc4NC4CCCCC4)CC3)cc2)cc1[N+](=O)[O-],3.5,-0.5440680443502757,1,train,8.455931955649724,-0.6286189343979216,0.08455089004764593,0.08455089004764593
O=C(NS(=O)(=O)c1ccc(NCC2CCOCC2)c([N+](=O)[O-])c1)c1ccc(N2CCN(Cc3cc(CN4CCCC4)ccc3-c3ccc(Cl)cc3)CC2)cc1Oc1cccc2[nH]ccc12,0.194,0.712198270069774,1,train,9.712198270069774,0.7966644422566007,-0.08446617218682673,0.08446617218682673
CCc1cccc(S(=O)(=O)Nc2ccc(N3CCN(c4cccc(-c5c(C(=O)NCCCN6CCN(C)CC6)c(C)n(C)c5-c5ccc(Cl)cc5)c4)CC3)cc2)c1,160.0,-2.204119982655925,0,train,6.795880017344075,-2.288380253311562,0.08426027065563702,0.08426027065563702
CN1CCN(Nc2ccc(S(=O)(=O)NC(=O)c3ccc(N4CCN(CC5=C(c6ccc(Cl)cc6)CC(C)(C)OC5)CC4)cc3Oc3cccc(Cl)c3)cc2[N+](=O)[O-])CC1,0.083,1.080921907623926,1,train,10.080921907623926,1.16512688290178,-0.08420497527785398,0.08420497527785398
COC(=O)CCCCN/C=C1\C(=O)C(O)=C(C(C)C)c2cc(C)c(-c3c(C)cc4c(c3O)/C(=C/NCCCCC(=O)OC)C(=O)C(O)=C4C(C)C)c(O)c21,182.0,-2.2600713879850747,1,train,6.739928612014925,-2.3439484987418537,0.08387711075677906,0.08387711075677906
COc1ccccc1CC1(OC)CCN(c2ccc(C(=O)NS(=O)(=O)c3ccc(N[C@H](CCN(C)C)CSc4ccccc4)c([N+](=O)[O-])c3)cc2)CC1,1.6,-0.20411998265592482,1,train,8.795880017344075,-0.28746757055560346,0.08334758789967867,0.08334758789967867
COC1(Cc2ccccc2F)CCN(c2ccc(C(=O)NS(=O)(=O)c3ccc(N[C@H](CCN(C)C)CSc4ccccc4)c([N+](=O)[O-])c3)cc2)CC1,3.1,-0.4913616938342727,1,train,8.508638306165727,-0.4086954628559264,-0.0826662309783463,0.0826662309783463
COC1(COc2ccc(S(=O)(=O)NC(=O)c3ccc(N4CCN(CC5=C(c6ccc(Cl)cc6)CC(C)(C)CC5)CC4)cc3Oc3cnc4[nH]ccc4c3)cc2[N+](=O)[O-])CCOCC1,0.115,0.9393021596463883,1,train,9.939302159646388,1.0217096249869546,-0.0824074653405662,0.0824074653405662
Cc1ccc(-c2ccc(COc3ccc(C[C@H](NC(=O)OC(C)(C)C)C(=O)NS(=O)(=O)c4ccc(Cl)c([N+](=O)[O-])c4)cc3)cc2)cc1,390.0,-2.591064607026499,0,train,6.4089353929735005,-2.6733239217203146,0.08225931469381553,0.08225931469381553
Cc1cc(OCCCc2c3n(c4c(-c5c(C)nn(C)c5C)c(Cl)ccc24)CCCN(c2cccc(C(=O)O)c2)C3=O)cc(C)c1Cl,1900.0,-3.278753600952829,1,train,5.721246399047171,-3.196616415000077,-0.08213718595275177,0.08213718595275177
O=C(O)CSc1cc(NS(=O)(=O)c2ccc(Oc3ccccc3)cc2)c2ccccc2c1O,7560.0,-3.8785217955012063,0,train,5.121478204498794,-3.9605925657956824,0.08207077029447607,0.08207077029447607
CN1CCC(Nc2ccc(S(=O)(=O)NC(=O)c3ccc(N4CCN(CC5=C(c6ccc(Cl)cc6)CC(C)(C)CC5)CC4)cc3Oc3ccccc3Br)cc2[N+](=O)[O-])CC1,0.03,1.5228787452803376,1,train,10.522878745280337,1.440815869860114,0.08206287542022372,0.08206287542022372
COC(=O)[C@@]12C=C[C@@H](CC(=O)NCc3ccc(Cl)cc3)C[C@@H]1CC(C)=C[C@H]2/C=C(\Cl)c1ccc(C(=O)O)cc1,620.0,-2.792391689498254,0,train,6.207608310501746,-2.874134456219969,0.08174276672171521,0.08174276672171521
CC(=O)Nc1ccc(Oc2cc(N3CCN(CC4=C(c5ccc(Cl)cc5)CC(C)(C)CC4)CC3)ccc2C(=O)NS(=O)(=O)c2ccc(NCC3CCOCC3)c([N+](=O)[O-])c2)cn1,9.567,-0.9807757739626216,1,train,8.019224226037379,-0.8990836375906192,-0.08169213637200246,0.08169213637200246
Cc1c(C(=O)O)c(-c2cccc(N3CCN(c4ccc(NS(=O)(=O)c5ccc(N[C@H](CCN6CCC(O)CC6)CSc6ccccc6)c(S(=O)(=O)C(F)(F)F)c5)cc4)CC3)c2)c(-c2ccc(Cl)cc2)n1C(C)C,0.8,0.09691001300805639,1,train,9.096910013008056,0.015609507923416012,0.08130050508464029,0.08130050508464029
CN1CCC(Nc2ccc(S(=O)(=O)NC(=O)c3ccc(N4CCN(CC5=C(c6ccc(Cl)cc6)CC(C)(C)CC5)CC4)cc3Oc3ccccc3Cl)cc2S(=O)(=O)C(F)(F)F)CC1,0.184,0.7351821769904635,0,train,9.735182176990463,0.8162304298503584,-0.08104825285989492,0.08104825285989492
COc1ccc(S(=O)(=O)NC(=O)[C@H](Cc2ccccc2)NC(=O)Cc2c(C)n(-c3ccc(-c4ccccc4)cc3)c3ccc(OC)cc23)cc1,470.0,-2.6720978579357175,0,train,6.327902142064282,-2.753026609539308,0.08092875160359103,0.08092875160359103
CC1(C)CCC(CN2CCN(c3ccc(C(=O)NS(=O)(=O)c4cnc(OCCN5CCOCC5)c(C#N)c4)c(Oc4cccc5[nH]ccc45)c3)CC2)=C(c2ccc(Cl)cc2)C1,0.38,0.42021640338318983,1,train,9.42021640338319,0.5011377621114302,-0.08092135872824047,0.08092135872824047
CN(C)C(=O)Cc1ccccc1Oc1cc(N2CCN(Cc3ccccc3-c3ccc(Cl)cc3)CC2)ccc1C(=O)NS(=O)(=O)c1ccc(NCC2CCOCC2)c([N+](=O)[O-])c1,2.212,-0.3447851226326607,1,train,8.655214877367339,-0.26398543540521197,-0.08079968722744874,0.08079968722744874
CC1(C)CCC(CN2CCN(c3ccc(C(=O)NS(=O)(=O)c4cnc(OCC5(F)CCOCC5)c(F)c4)c(Oc4cccc5[nH]ncc45)c3)CC2)=C(c2ccc(Cl)cc2)C1,0.023,1.6382721639824072,1,train,10.638272163982407,1.558727433257364,0.0795447307250432,0.0795447307250432
Cc1cc(Oc2ccc(Cn3nc4ccc(Cl)cc4c3C(=O)NS(=O)(=O)c3ccc(Cl)cc3)cc2)cc(C)c1Cl,510.0,-2.7075701760979363,0,train,6.292429823902063,-2.786674327941557,0.07910415184362085,0.07910415184362085
O=C([C@@H]1[C@@H](CO)[C@@H]2Cn3c(cccc3=O)[C@@H]2N1Cc1ccc(Oc2ccccc2)cc1)N1CCC(Cc2ccccc2)CC1,5200.0,-3.716003343634799,0,train,5.2839966563652006,-3.637530959342048,-0.07847238429275105,0.07847238429275105
Cc1nn(Cc2ccc(Oc3ccccc3)cc2)c2nc(/C=C/c3ccccc3)cc(C(=O)O)c12,3160.0,-3.499687082618404,0,train,5.500312917381596,-3.421238665726401,-0.07844841689200299,0.07844841689200299
CCCOc1ccc(C[C@H](NC(=O)Cc2c(C)n(C(=O)c3ccc(Cl)cc3)c3ccc(OC)cc23)C(=O)NS(=O)(=O)c2ccc(Cl)c([N+](=O)[O-])c2)cc1,1300.0,-3.113943352306837,0,train,5.886056647693163,-3.035789038459409,-0.0781543138474281,0.0781543138474281
Cc1cc(OCCCc2c3n(c4c(-c5c(C)nn(C)c5C)c(Cl)ccc24)CCCN(c2cccc4c(C(=O)O)cccc24)C3=O)cc(C)c1Cl,250.0,-2.3979400086720375,0,train,6.6020599913279625,-2.4760075392038354,0.07806753053179838,0.07806753053179838
COc1cccc(Oc2cc(N3CCN(CC4=C(c5ccc(Cl)cc5)CC(C)(C)CC4)CC3)ccc2C(=O)NS(=O)(=O)c2ccc(NC3CCN(C)CC3)c([N+](=O)[O-])c2)c1,0.082,1.0861861476162833,1,train,10.086186147616283,1.1641568377665503,-0.07797069015026703,0.07797069015026703
CC1(C)CCC(CN2CCN(c3ccc(C(=O)NS(=O)(=O)c4ccc(NCC5COCCO5)c([N+](=O)[O-])c4)c(Oc4cc5cc[nH]c5cc4Cl)c3)CC2)=C(c2ccc(Cl)cc2)C1,0.273,0.563837352959244,1,train,9.563837352959244,0.6417564776410017,-0.07791912468175777,0.07791912468175777
CC1(C)CCC(CN2CCN(c3ccc(C(=O)NS(=O)(=O)c4ccc(NC5CCN(C6CCCC6)CC5)c([N+](=O)[O-])c4)c(Oc4cccc(F)c4F)c3)CC2)=C(c2ccc(Cl)cc2)C1,0.055,1.2596373105057561,1,train,10.259637310505756,1.182013100856869,0.07762420964888683,0.07762420964888683
CN(C)Cc1cccc(Oc2cc(N3CCN(Cc4ccccc4-c4ccc(Cl)cc4)CC3)ccc2C(=O)NS(=O)(=O)c2ccc(NCC3CCOCC3)c([N+](=O)[O-])c2)c1,8.354,-0.9218944709291023,1,train,8.078105529070898,-0.9990351432710338,0.07714067234193145,0.07714067234193145
COc1cc(CCCN2CCOCC2)ccc1-c1ccc(C(=O)NS(=O)(=O)c2ccc(N[C@@H](CSc3ccccc3)CC(=O)N(C)C)c([N+](=O)[O-])c2)cc1,121.0,-2.08278537031645,0,train,6.91721462968355,-2.0058731929266687,-0.07691217738978118,0.07691217738978118
CC1(C)CC(c2ccc(Cl)cc2)=C2CN3CCN(c4ccc(C(=O)NS(=O)(=O)c5ccc(NCC6(F)CCN(C7COC7)CC6)c([N+](=O)[O-])c5)c(N5CCCOc6nc7[nH]ccc7cc65)c4)C[C@H]3COCCCO[C@@H]2C1,0.194,0.712198270069774,0,train,9.712198270069774,0.6354277798317376,0.07677049023803639,0.07677049023803639
CC(C)(C)OC(=O)N1C[C@@H](Oc2ccc(-c3ccc(Cl)cc3)cc2)C[C@H]1C(=O)N[C@@H](Cc1ccc(OCc2ccccc2)cc1)C(=O)NS(=O)(=O)c1ccc(Cl)c([N+](=O)[O-])c1,510.0,-2.7075701760979363,0,train,6.292429823902063,-2.7842853059443393,0.07671512984640305,0.07671512984640305
CC1(C)CCC(CN2CCN(c3ccc(C(=O)NS(=O)(=O)c4ccc(NC5CCS(=O)(=O)C5)c([N+](=O)[O-])c4)c(Oc4ccc5[nH]ccc5c4)c3)CC2)=C(c2ccc(Cl)cc2)C1,0.144,0.8416375079047503,1,train,9.84163750790475,0.7649878853906596,0.07664962251409069,0.07664962251409069
CCc1ccc(CCNC(=O)c2c(O)c(O)cc3c2C(=O)C(C)=C(C2=C(C)C(=O)c4c(cc(O)c(O)c4C(=O)NCCc4ccc(CC)cc4)C2=O)C3=O)cc1,140.0,-2.146128035678238,0,train,6.853871964321762,-2.22276338923354,0.07663535355530193,0.07663535355530193
COc1cc(CCCN2CCOCC2)ccc1-c1ccc(C(=O)NS(=O)(=O)c2ccc(NCCSc3ccccc3)c([N+](=O)[O-])c2)cc1,402.0,-2.60422605308447,1,train,6.39577394691553,-2.680530652179275,0.07630459909480525,0.07630459909480525
CC1(C)CCC(CN2CCN(c3ccc(C(=O)NS(=O)(=O)c4ccc(NC5CCN(C6CCOCC6)CC5)c([N+](=O)[O-])c4)c(Oc4ccc5nc(N)sc5c4)c3)CC2)=C(c2ccc(Cl)cc2)C1,1.047,-0.019946681678842303,1,train,8.980053318321158,0.05618404453957886,-0.07613072621842117,0.07613072621842117
CC1(C)CCC(CN2CCN(c3ccc(C(=O)NS(=O)(=O)c4ccc(NC5CCN(CCO)CC5)c([N+](=O)[O-])c4)c(Oc4cccc5[nH]ccc45)c3)CC2)=C(c2ccc(Cl)cc2)C1,0.073,1.136677139879544,1,train,10.136677139879545,1.0608873330701025,0.07578980680944158,0.07578980680944158
CC1(C)CCC(CN2CCN(c3ccc(C(=O)NS(=O)(=O)c4ccc(NCCC(F)(F)F)c([N+](=O)[O-])c4)c(Oc4cccc5[nH]ccc45)c3)CC2)=C(c2ccc(Cl)cc2)C1,0.949,0.022733787572707352,1,train,9.022733787572708,0.09809953820933844,-0.07536575063663113,0.07536575063663113
CC(C)(C)OC(=O)N1C[C@@H](Oc2ccc(-c3ccccc3)cc2)C[C@H]1C(=O)N[C@@H](Cc1ccc(O[Si](C)(C)C(C)(C)C)cc1)C(=O)NS(=O)(=O)c1ccc(Cl)c([N+](=O)[O-])c1,930.0,-2.9684829485539352,0,train,6.031517051446064,-3.0431754914669806,0.07469254291304539,0.07469254291304539
CC1(C)CCC(CN2CCN(c3ccc(C(=O)NS(=O)(=O)c4ccc(NCC(F)F)c([N+](=O)[O-])c4)c(Oc4ccc5[nH]ccc5c4)c3)CC2)=C(c2ccc(Cl)cc2)C1,0.504,0.29756946355447467,1,train,9.297569463554474,0.22289997907829762,0.074669484476177,0.074669484476177
CN(C)CC[C@H](CSc1ccccc1)Nc1ccc(S(=O)(=O)NC(=O)c2ccc(N3CCN(CC4=C(c5ccc(Cl)cc5)CCOC4)CC3)cc2)cc1[N+](=O)[O-],2.4,-0.38021124171160603,0,train,8.619788758288394,-0.3056974928023313,-0.07451374890927465,0.07451374890927465
Cc1cc(OCCCc2c3n(c4c(-c5c(C)nn(C)c5C)c(Cl)ccc24)[C@H](C)CN(c2cn(C)c4cc(C(=O)O)ccc24)C3=O)cc(C)c1Cl,500.0,-2.6989700043360187,0,train,6.301029995663981,-2.773053168891155,0.07408316455513608,0.07408316455513608
CCCCCC(=O)N[C@@H](Cc1ccc(OCc2ccc(-c3ccccc3)cc2)cc1)C(=O)NS(=O)(=O)c1ccc(Cl)c([N+](=O)[O-])c1,560.0,-2.7481880270062002,0,train,6.251811972993799,-2.822121807675151,0.07393378066895107,0.07393378066895107
CC1(C)CCC(CN2CCN(c3ccc(C(=O)NS(=O)(=O)c4ccc(NC5CCS(=O)(=O)C5)c([N+](=O)[O-])c4)c(Oc4cccc5[nH]ccc45)c3)CC2)=C(c2ccc(Cl)cc2)C1,0.425,0.37161106994968846,1,train,9.371611069949688,0.44543985029559,-0.07382878034590162,0.07382878034590162
CN1CCN(Nc2ccc(S(=O)(=O)NC(=O)c3ccc(N4CCN(CC5=C(c6ccc(Cl)cc6)CCC(O)C5)CC4)cc3Oc3ccc4[nH]ccc4c3)cc2[N+](=O)[O-])CC1,0.017,1.7695510786217261,1,train,10.769551078621726,1.6959527001084131,0.07359837851331275,0.07359837851331275
CC1(C)CCC(CN2CCN(c3ccc(C(=O)NS(=O)(=O)c4ccc(OCC5CCOC(C)(C)C5)c([N+](=O)[O-])c4)c(Oc4ccc5[nH]ccc5c4)c3)CC2)=C(c2ccc(Cl)cc2)C1,0.076,1.1191864077192086,1,train,10.119186407719209,1.0455999595631562,0.07358644815605242,0.07358644815605242
CC1(C)CCC(CN2CCN(c3ccc(C(=O)NS(=O)(=O)c4ccc(NC5CCC(N6CCOCC6)CC5)c([N+](=O)[O-])c4)c(Oc4cccc5[nH]ncc45)c3)CC2)=C(c2ccc(Cl)cc2)C1,0.03,1.5228787452803376,1,train,10.522878745280337,1.5964172071947496,-0.07353846191441193,0.07353846191441193
Cc1ccc(CC(=O)N[C@@H](Cc2ccc(OCc3ccccc3)cc2)C(=O)NS(=O)(=O)c2ccc(NCCCc3ccccc3)c([N+](=O)[O-])c2)cc1,450.0,-2.6532125137753435,0,train,6.346787486224656,-2.7267193256363917,0.07350681186104824,0.07350681186104824
Cc1cc(OCCCc2c(C(=O)Nc3cncc(C(=O)O)c3)[nH]c3c(-c4c(C)nn(C)c4C)c(Cl)ccc23)cc(C)c1Cl,3200.0,-3.505149978319906,0,train,5.494850021680094,-3.4316657101141828,-0.07348426820572307,0.07348426820572307
CN1CCC(Nc2ccc(S(=O)(=O)NC(=O)c3ccc(N4CCN(CC5=C(c6ccc(Cl)cc6)CC(C)(C)CC5)CC4)cc3Oc3ccccc3Cl)cc2[N+](=O)[O-])CC1,0.049,1.3098039199714864,1,train,10.309803919971486,1.236433857570372,0.07337006240111443,0.07337006240111443
Cn1cncc1CNc1ccc(S(=O)(=O)NC(=O)c2ccc(N3CCN(CC4=C(c5ccc(Cl)cc5)CC(C)(C)CC4)CC3)cc2Oc2ccc3[nH]ccc3c2)cc1[N+](=O)[O-],0.228,0.6420651529995461,1,train,9.642065152999546,0.5689160159185352,0.0731491370810109,0.0731491370810109
CC1(C)CCC(CN2CCN(c3ccc(C(=O)NS(=O)(=O)c4cnc(OCC5(F)CCOCC5)c(Cl)c4)c(Oc4cnc(N)c(Cl)c4)c3)CC2)=C(c2ccc(Cl)cc2)C1,0.019,1.7212463990471711,1,train,10.721246399047171,1.648166444826574,0.0730799542205971,0.0730799542205971
C=c1c(-c2c(O)c3cc(O)c(O)c(=CC4CCCC4)c3c(O)c2=C)c(O)c2cc(O)c(O)c(=CC3CCCC3)c2c1O,1530.0,-3.184691430817599,0,train,5.815308569182401,-3.1116603123699376,-0.0730311184476613,0.0730311184476613
O=C(NS(=O)(=O)c1ccc(NCCCN2CCCC2)c([N+](=O)[O-])c1)c1ccc(N2CCN(Cc3cc(OCCN4CCOCC4)ccc3-c3ccc(Cl)cc3)CC2)cc1Oc1ccc2[nH]ccc2c1,0.259,0.5867002359187481,1,train,9.586700235918748,0.6595546464922006,-0.07285441057345254,0.07285441057345254
CC(=O)N[C@@H](CC(C)C)C(=O)Nc1ccc(C(=O)NS(=O)(=O)c2ccc(NCCSc3ccccc3)c([N+](=O)[O-])c2)cc1,3780.0,-3.577491799837225,0,train,5.422508200162775,-3.504709072119744,-0.07278272771748107,0.07278272771748107
CC(C)c1cc(C(=O)N2CCc3ccc(S(=O)(=O)NCCc4ccccc4)cc3C2)c(O)c(O)c1O,590.0,-2.7708520116421442,0,train,6.229147988357855,-2.6982123176997432,-0.07263969394240055,0.07263969394240055
O=C(NS(=O)(=O)c1ccc(-n2ncc([N+](=O)[O-])n2)cc1)c1ccc(N2CCN(Cc3ccccc3-c3ccc(Cl)cc3)CC2)cc1Oc1ccccc1,36.614,-1.5636471772025553,0,train,7.436352822797445,-1.4911327000361,-0.0725144771664552,0.0725144771664552
CCOC(=O)C(C#N)C1c2cc(C3CCCC3)ccc2OC(=N)C1C(=O)OCC,128000.0,-5.107209969647869,0,train,3.8927900303521312,-5.1795088559072235,0.07229888625935477,0.07229888625935477
CC1(C)CCC(CN2CCN(c3ccc(C(=O)NS(=O)(=O)c4ccc(NC5CCN(C6CCOCC6)CC5)c([N+](=O)[O-])c4)c(Oc4ccc5[nH]ccc5c4)c3)CC2CO)=C(c2ccc(Cl)cc2)C1,0.236,0.6270879970298935,1,train,9.627087997029893,0.6993038945308823,-0.07221589750098878,0.07221589750098878
CC1OC2(CCN(c3ccc(C(=O)NS(=O)(=O)c4ccc(N[C@H](CCN(C)C)CSc5ccccc5)c([N+](=O)[O-])c4)cc3)CC2)N(Cc2ccccc2)C1=O,9.6,-0.9822712330395684,0,train,8.017728766960431,-1.0539374983669187,0.07166626532735032,0.07166626532735032
CN(C)CCNc1ccc(S(=O)(=O)NC(=O)c2ccc(N3CCN(Cc4ccccc4-c4ccc(Cl)cc4)CC3)cc2Oc2ccccc2)cc1[N+](=O)[O-],0.265,0.5767541260631921,1,train,9.576754126063193,0.5055619228801257,0.0711922031830664,0.0711922031830664
COCC(=O)N1CCC(COc2ccc(S(=O)(=O)NC(=O)c3ccc(N4CCN(CC5=C(c6ccc(Cl)cc6)CC(C)(C)CC5)CC4)cc3Oc3cnc4[nH]ccc4c3)cc2Cl)CC1,0.046,1.337242168318426,1,train,10.337242168318426,1.2660829073485877,0.07115926096983816,0.07115926096983816
COCCNc1ccc(S(=O)(=O)NC(=O)c2ccc(N3CCN(CC4=C(c5ccc(Cl)cc5)CC(C)(C)CC4)CC3)cc2Oc2cccc3[nH]ccc23)cc1[N+](=O)[O-],0.252,0.5985994592184558,1,train,9.598599459218455,0.5274739831360663,0.0711254760823895,0.0711254760823895
CN1CCC(Nc2ccc(S(=O)(=O)NC(=O)c3ccc(N4CCN(CC5=C(c6ccc(Cl)cc6)CC(C)(C)CC5)CC4)cc3Nc3ccccc3Cl)cc2[N+](=O)[O-])CC1,2.833,-0.45224657452043726,1,train,8.547753425479563,-0.5233236636276204,0.07107708910718319,0.07107708910718319
Cc1cc2c(c(O)c1-c1c(C)cc3c(c1O)/C(=C/NCC(=O)O)C(=O)C(O)=C3C(C)C)/C(=C/NCC(=O)O)C(=O)C(O)=C2C(C)C,224.0,-2.3502480183341627,0,train,6.649751981665837,-2.2797363915205247,-0.0705116268136381,0.0705116268136381
COc1ccc2c(c1)c(CC(=O)N[C@@H](Cc1ccccc1)C(=O)NS(=O)(=O)c1ccc(Cl)cc1)c(C)n2-c1ccc(-c2ccccc2)cc1,910.0,-2.9590413923210934,0,train,6.040958607678906,-2.8886925220406856,-0.07034887028040737,0.07034887028040737
Cc1cc(Oc2ccc(Cn3nc(C(=O)NS(=O)(=O)c4ccc(NCCN5CCOCC5)c([N+](=O)[O-])c4)c4cc(Cl)ccc43)cc2)cc(C)c1Cl,738.0,-2.8680563618230415,0,train,6.131943638176958,-2.7980870798546302,-0.06996928196841079,0.06996928196841079
O=C1c2ccccc2C(=O)c2cc(O)c(O)cc21,420.0,-2.6232492903979003,0,train,6.376750709602099,-2.6931581098953257,0.06990881949742533,0.06990881949742533
CC1(C)CCC(CN2CCN(c3ccc(C(=O)NS(=O)(=O)c4ccc(N[C@@H]5CCN(C(CF)CF)C5)c([N+](=O)[O-])c4)c(Oc4cnc(N)c(Cl)c4)c3)CC2)=C(c2ccc(Cl)cc2)C1,0.018,1.744727494896694,0,train,10.744727494896694,1.6748416198428302,0.06988587505386379,0.06988587505386379
N#Cc1cccc(Oc2cc(N3CCN(Cc4ccccc4-c4ccc(Cl)cc4)CC3)ccc2C(=O)NS(=O)(=O)c2ccc(NCC3CCOCC3)c([N+](=O)[O-])c2)c1,5.455,-0.7367947549243608,1,train,8.263205245075639,-0.8066370971043901,0.06984234218002938,0.06984234218002938
O=C(O)c1cc(SCCc2ccccc2)ccc1NS(=O)(=O)c1ccc2ccccc2c1,5600.0,-3.7481880270062002,0,train,5.251811972993799,-3.6785752496338944,-0.06961277737230542,0.06961277737230542
CN1CCC(O)(CNc2ccc(S(=O)(=O)NC(=O)c3ccc(N4CCN(CC5=C(c6ccc(Cl)cc6)CC(C)(C)CC5)CC4)cc3Oc3ccc4[nH]ccc4c3)cc2[N+](=O)[O-])CC1,0.039,1.408935392973501,1,train,10.4089353929735,1.3394958241380672,0.06943956883543367,0.06943956883543367
CC(c1ccccc1-c1ccc(Cl)cc1)N1CCN(c2ccc(C(=O)NS(=O)(=O)c3ccc(NC4CCN(C)CC4)c([N+](=O)[O-])c3)c(Oc3cccc4[nH]ccc34)c2)CC1,0.083,1.080921907623926,0,train,10.080921907623926,1.0117278866844834,0.0691940209394426,0.0691940209394426
COC(=O)CCCN/C=C1\C(=O)C(O)=C(C(C)C)c2cc(C)c(-c3c(C)cc4c(c3O)/C(=C/NCCCC(=O)OC)C(=O)C(O)=C4C(C)C)c(O)c21,341.0,-2.5327543789924976,1,train,6.467245621007502,-2.463584310620456,-0.06917006837204154,0.06917006837204154
CN1CCN(CCNc2ccc(S(=O)(=O)NC(=O)c3ccc(N4CCN(Cc5ccccc5-c5ccc(Cl)cc5)CC4)cc3Oc3ccccc3)cc2[N+](=O)[O-])CC1,0.236,0.6270879970298935,1,train,9.627087997029893,0.5579541752130206,0.06913382181687289,0.06913382181687289
CC1(C)CCC(CN2CCN(c3ccc(C(=O)NS(=O)(=O)c4cnc(NC5CCN(C6CCOCC6)CC5)c(Br)c4)c(Oc4cc5cc[nH]c5cc4F)c3)CC2)=C(c2ccc(Cl)cc2)C1,0.531,0.2749054789185309,1,train,9.27490547891853,0.34295604134469143,-0.06805056242616053,0.06805056242616053
CC1(C)CCC(CN2CCN(c3ccc(C(=O)NS(=O)(=O)c4ccc(NCCCN5CCNC(=O)C5)c([N+](=O)[O-])c4)c(Oc4cc5cc[nH]c5c(F)c4F)c3)CC2)=C(c2ccc(Cl)cc2)C1,0.105,0.978810700930062,1,train,9.978810700930062,1.0466317215636922,-0.06782102063363027,0.06782102063363027
CN1CCC(Nc2ccc(S(=O)(=O)NC(=O)c3ccc(N4CCN(Cc5cc(OCCO)ccc5-c5ccc(Cl)cc5)CC4)cc3Oc3cccc4[nH]ccc34)cc2[N+](=O)[O-])CC1,0.057,1.2441251443275085,0,train,10.244125144327509,1.1763545018397272,0.06777064248778109,0.06777064248778109
CC1(C)CCC(CN2CCN(c3ccc(C(=O)NS(=O)(=O)c4ccc(NC5CCN(C6CCOCC6)CC5)c([N+](=O)[O-])c4)c(Oc4ccc5[nH]ccc5c4)c3F)CC2)=C(c2ccc(Cl)cc2)C1,0.228,0.6420651529995461,1,train,9.642065152999546,0.5746405254448159,0.06742462755473022,0.06742462755473022
Cc1cc(OCCCn2c(C(N)=O)cc3ccc(OCc4ccccc4C(=O)O)cc32)cc(C)c1Cl,850.0,-2.929418925714293,0,train,6.070581074285707,-2.996837809789905,0.06741888407561225,0.06741888407561225
CC1(C)CCC(CN2CCN(c3ccc(C(=O)NS(=O)(=O)c4cnc(OC5CCN(C6CCOCC6)CC5)c(C#N)c4)c(Oc4cc5cc[nH]c5cc4F)c3)CC2)=C(c2ccc(Cl)cc2)C1,0.183,0.7375489102695705,1,train,9.73754891026957,0.8049169700492763,-0.06736805977970584,0.06736805977970584
Cc1ccc(-c2ccc(COc3ccc(C[C@H](NC(=O)OC(C)(C)C)C(=O)NS(=O)(=O)c4ccc(NCCOc5ccccc5)c([N+](=O)[O-])c4)cc3)cc2)cc1,850.0,-2.929418925714293,0,train,6.070581074285707,-2.9963083036540197,0.06688937793972682,0.06688937793972682
CC1(C)CCC(CN2CCN(c3ccc(C(=O)NS(=O)(=O)c4cnc(OCC5(F)CCOCC5)c(C(F)(F)F)c4)c(Oc4cnc5[nH]ccc5c4)c3)CC2)=C(c2ccc(Cl)cc2)C1,0.104,0.9829666607012196,1,train,9.98296666070122,1.0495468989457297,-0.06658023824451009,0.06658023824451009
COC1CCC(CNc2ccc(S(=O)(=O)NC(=O)c3ccc(N4CCN(CC5=C(c6ccc(Cl)cc6)CC(C)(C)CC5)CC4)cc3Oc3cnc(N)c(Br)c3)cc2[N+](=O)[O-])CC1,0.012,1.9208187539523751,1,train,10.920818753952375,1.8544048191368694,0.06641393481550573,0.06641393481550573
COc1ccc2c(c1)c(CC(=O)N[C@@H](Cc1ccccc1)C(=O)NS(=O)(=O)c1ccc([N+](=O)[O-])cc1)c(C)n2-c1ccc(-c2ccccc2)cc1,910.0,-2.9590413923210934,0,train,6.040958607678906,-2.8929066018936926,-0.06613479042740034,0.06613479042740034
CCOC(=O)C(C#N)C1c2cc(-c3ccccc3)ccc2OC(=N)C1C(=O)OCC,112000.0,-5.049218022670182,0,train,3.950781977329818,-5.115026787812701,0.06580876514251877,0.06580876514251877
CC1(C)CCC(CN2CCN(c3ccc(C(=O)NS(=O)(=O)c4ccc(NCC(F)(F)F)c([N+](=O)[O-])c4)c(Oc4ccc5[nH]ccc5c4)c3)CC2)=C(c2ccc(Cl)cc2)C1,0.284,0.5466816599529624,1,train,9.546681659952963,0.48087413636499443,0.06580752358796793,0.06580752358796793
Cc1cc(Oc2ccc(Cn3nc4ccc(Cl)cc4c3C(=O)NS(=O)(=O)c3ccc([N+](=O)[O-])c(NCc4ccco4)c3)cc2)cc(C)c1Cl,960.0,-2.9822712330395684,0,train,6.017728766960431,-2.9165905234098175,-0.06568070962975092,0.06568070962975092
CC1(C)CCC(CN2CCN(c3ccc(C(=O)NS(=O)(=O)c4ccc(NCCCN5CCNC(=O)C5)c([N+](=O)[O-])c4)c(Oc4ccccc4Cl)c3)CC2)=C(c2ccc(Cl)cc2)C1,0.119,0.9244530386074693,1,train,9.924453038607469,0.9896431807694832,-0.06519014216201402,0.06519014216201402
CN1CCC(Nc2ccc(S(=O)(=O)NC(=O)c3ccc(N4CCN(CC5=C(c6ccc(Cl)cc6)CC(C)(C)OC5)CC4)cc3Oc3cccc(Cl)c3)cc2[N+](=O)[O-])CC1,0.028,1.5528419686577808,1,train,10.55284196865778,1.487786933067365,0.06505503559041581,0.06505503559041581
O=C(NC1Cc2ccccc2C1)[C@H]1[C@H](CO)[C@H]2Cn3c(cccc3=O)[C@H]2N1CC1CCCCC1,5400.0,-3.7323937598229686,0,train,5.267606240177031,-3.667452739449552,-0.06494102037341642,0.06494102037341642
CCOC(=O)C(C#N)C1c2cc(CC)ccc2OC(=N)C1C(=O)OCC,210000.0,-5.3222192947339195,0,train,3.6777807052660805,-5.25749992253713,-0.06471937219679003,0.06471937219679003
CC1(C)CCC(CN2CCN(c3ccc(C(=O)NS(=O)(=O)c4ccc(NCC5CCOCC5)c([N+](=O)[O-])c4)c(Oc4ccc(NC5CC5)nc4)c3)CC2)=C(c2ccc(Cl)cc2)C1,5.337,-0.7272972028035875,1,train,8.272702797196413,-0.6625803308918826,-0.06471687191170483,0.06471687191170483
C=CCN1CCC(Nc2ccc(S(=O)(=O)NC(=O)c3ccc(N4CCN(CC5=C(c6ccc(Cl)cc6)CC(C)(C)CC5)CC4)cc3Oc3cccc(F)c3F)cc2[N+](=O)[O-])CC1,0.04,1.3979400086720375,1,train,10.397940008672037,1.3332248400666151,0.06471516860542237,0.06471516860542237
CN1CCC(Nc2ccc(S(=O)(=O)NC(=O)c3ccc(N4CCN(CC5=C(c6ccc(Cl)cc6)CC(C)(C)CC5)CC4)cc3Oc3cccc(Cl)c3)cc2[N+](=O)[O-])CC1,0.07,1.154901959985743,1,train,10.154901959985743,1.2194054604388609,-0.06450350045311781,0.06450350045311781
CC1(C)CCC(CN2CCN(c3ccc(C(=O)NS(=O)(=O)c4cccc(C(=O)NCC5CCOCC5)c4)c(Oc4ccc5[nH]ccc5c4)c3)CC2)=C(c2ccc(Cl)cc2)C1,1.146,-0.05918461763137114,1,train,8.940815382368628,0.00487710960285539,-0.0640617272342265,0.0640617272342265
Cc1ccc(CC(=O)N[C@@H](Cc2ccc(OCc3ccc(-c4ccccc4)cc3)cc2)C(=O)NS(=O)(=O)c2ccc(NCCCc3ccccc3)c([N+](=O)[O-])c2)cc1,450.0,-2.6532125137753435,0,train,6.346787486224656,-2.7172115058630935,0.06399899208774995,0.06399899208774995
CC1=C[C@@H](/C=C(\Cl)c2ccc(C(=O)O)cc2)[C@]2(C(=O)O)C=C[C@@H](CCOC(=O)Nc3ccc(Cl)cc3)C[C@@H]2C1,1420.0,-3.1522883443830567,0,train,5.847711655616943,-3.0887949240247665,-0.0634934203582902,0.0634934203582902
COc1ccc2c(c1)c(CC(=O)N[C@@H](Cc1ccc(OCc3ccc([N+](=O)[O-])cc3)cc1)C(=O)NS(=O)(=O)c1ccc(Cl)c([N+](=O)[O-])c1)c(C)n2-c1ccc(C)cc1,720.0,-2.8573324964312685,0,train,6.142667503568731,-2.794078796076813,-0.06325370035445532,0.06325370035445532
CN(C)CC[C@H](CSc1ccccc1)Nc1ccc(S(=O)(=O)NC(=O)c2ccc(N3CCN(Cc4ccccc4-c4ccc(Cl)cc4)CC3)cc2)cc1[N+](=O)[O-],2.522,-0.4017450822370628,0,train,8.598254917762937,-0.4648552170725241,0.0631101348354613,0.0631101348354613
CN1CCC(CNc2ccc(S(=O)(=O)NC(=O)c3ccc(N4CCN(CC5=C(c6ccc(Cl)cc6)CC(C)(C)CC5)CC4)cc3Oc3cccc4[nH]ccc34)cc2[N+](=O)[O-])CC1,0.08,1.0969100130080565,1,train,10.096910013008056,1.0339964242856716,0.06291358872238484,0.06291358872238484
CC1(C)CCC(CN2CCN(c3ccc(C(=O)NS(=O)(=O)c4ccc(NCN5CCN(S(C)(=O)=O)CC5)c([N+](=O)[O-])c4)c(Oc4cccc5[nH]ccc45)c3)CC2)=C(c2ccc(Cl)cc2)C1,0.403,0.39469495385889053,1,train,9.39469495385889,0.4575726914544074,-0.0628777375955169,0.0628777375955169
CN(C)CC[C@H](CSc1ccccc1)Nc1ccc(S(=O)(=O)Nc2ccc(N3CCN(c4ccc(-c5c(-c6ccc(Cl)cc6)cn(CC[C@H](O)CO)c5C(=O)NCCCN5CCN(C)CC5)cc4)CC3)cc2)cc1[N+](=O)[O-],8.5,-0.9294189257142927,0,train,8.070581074285707,-0.8665623237317789,-0.06285660198251397,0.06285660198251397
CC1(C)CCC(CN2CCN(c3ccc(C(=O)NS(=O)(=O)c4ccc(NC5CCN(C6COC6)CC5)c([N+](=O)[O-])c4)c(Oc4cnc(N)c(Cl)c4)c3)CC2)=C(c2ccc(Cl)cc2)C1,0.014,1.853871964321762,1,train,10.853871964321762,1.7911031199145706,0.06276884440719144,0.06276884440719144
Cc1cc(OCCCc2c3n(c4c(-c5c(C)nn(C)c5C)c(Cl)ccc24)CCCN(c2cc(C(=O)O)cc4ccn(C)c24)C3=O)cc(C)c1Cl,520.0,-2.716003343634799,0,train,6.2839966563652006,-2.7785096385582313,0.06250629492343229,0.06250629492343229
Cc1cc(OCCCn2ccc3ccc(OCc4ccccc4C(=O)O)cc32)cc(C)c1Cl,1050.0,-3.0211892990699383,0,train,5.978810700930062,-2.959429220975281,-0.061760078094657445,0.061760078094657445
COc1cc(CCCO)ccc1-c1ccc(C(=O)NS(=O)(=O)c2ccc(NCCSc3ccccc3)c([N+](=O)[O-])c2)cc1,721.0,-2.857935264719429,0,train,6.142064735280571,-2.9195804520378967,0.0616451873184678,0.0616451873184678
Cc1cc(OCCCc2c3n(c4c(-c5c(C)nn(C)c5C)cccc24)CCN(Cc2cccc(C(=O)O)c2)C3=O)cc(C)c1Cl,2200.0,-3.342422680822206,0,train,5.657577319177793,-3.2809700237615145,-0.061452657060691696,0.061452657060691696
CC1(C)CCC(CN2CCN(c3ccc(C(=O)NS(=O)(=O)c4ccc(NCc5cccc(OC(F)(F)F)c5)c([N+](=O)[O-])c4)c(Oc4cnc5[nH]ccc5c4)c3)CC2)=C(c2ccc(Cl)cc2)C1,0.119,0.9244530386074693,1,train,9.924453038607469,0.9858774992202748,-0.0614244606128056,0.0614244606128056
Cc1cc(OCCCc2c(C(=O)N(C)c3cccc(C(=O)O)c3)n(C)c3c(-c4c(C)nn(C)c4C)c(Cl)ccc23)cc(C)c1Cl,1370.0,-3.1367205671564067,0,train,5.863279432843593,-3.1981004500080235,0.061379882851616774,0.061379882851616774
CCN1CCCC1CNC(=O)c1cc(S(=O)(=O)NC(=O)c2ccc(N3CCN(Cc4ccccc4-c4ccc(Cl)cc4)CC3)cc2Oc2ccccc2)ccc1OC,6.684,-0.8250364412213538,0,train,8.174963558778646,-0.8862093181606635,0.06117287693930973,0.06117287693930973
CC1=C[C@@H](/C=C(\Cl)c2ccc(C(=O)O)cc2)[C@]2(C(=O)O)C=C[C@@H](CCOC(=O)c3ccc(Oc4cccnc4)cc3)C[C@@H]2C1,1800.0,-3.255272505103306,0,train,5.7447274948966935,-3.1948283583116863,-0.06044414679161969,0.06044414679161969
C=c1c(-c2c(O)c3cc(O)c(O)c(=CCc4ccccc4)c3c(O)c2=C)c(O)c2cc(O)c(O)c(=CCc3ccccc3)c2c1O,1730.0,-3.2380461031287955,0,train,5.761953896871205,-3.1776164128002735,-0.06042969032852197,0.06042969032852197
CC1(C)CCC(CN2CCN(c3ccc(C(=O)NS(=O)(=O)c4ccc(NN5CCN(CCO)CC5)c([N+](=O)[O-])c4)c(Oc4ccc5[nH]ccc5c4)c3)CC2)=C(c2ccc(Cl)cc2)C1,0.243,0.6143937264016879,1,train,9.614393726401687,0.5542261808539459,0.06016754554774195,0.06016754554774195
Cc1cc(Oc2ccc(Cn3nc(C(=O)O)c4cc(Cl)ccc43)cc2)cc(C)c1Cl,1040.0,-3.0170333392987803,0,train,5.982966660701219,-2.957583816197186,-0.05944952310159435,0.05944952310159435
O=C(NS(=O)(=O)c1ccc(NCC2CCOCC2)c(S(=O)(=O)C(F)(F)F)c1)c1ccc(N2CCN(Cc3ccccc3-c3ccc(Cl)cc3)CC2)cc1Oc1ccccc1,5.616,-0.7494270991217489,1,train,8.25057290087825,-0.8087338840482855,0.059306784926536626,0.059306784926536626
CC(C)=CCCC1=CC[C@@H](C(=O)Nc2ccc(C(=O)O)cc2)[C@H](c2ccccc2)C1,2200.0,-3.342422680822206,0,train,5.657577319177793,-3.283289928306967,-0.05913275251523897,0.05913275251523897
CC1(C)CCC(CN2CCN(c3ccc(C(=O)NS(=O)(=O)c4ccc(NCC5CN(C6CC6)CCO5)c([N+](=O)[O-])c4)c(Oc4cnc(N)c(Cl)c4)c3)CC2)=C(c2ccc(Cl)cc2)C1,0.014,1.853871964321762,1,train,10.853871964321762,1.9128295981957049,-0.058957633873942816,0.058957633873942816
Cc1cc(OCCCc2c3n(c4c(-c5c(C)nn(C)c5C)c(Cl)ccc24)CCCN(c2cc(C(=O)O)c4ccn(C)c4c2)C3=O)cc(C)c1Cl,578.0,-2.761927838420529,0,train,6.2380721615794705,-2.8208801118240716,0.05895227340354259,0.05895227340354259
N#CC1=C(NCCC(=O)NCc2ccccc2C(=O)O)c2ccc(Sc3ccc(Br)cc3)c3cccc(c23)C1=O,1350.0,-3.130333768495006,0,train,5.8696662315049934,-3.071490800134933,-0.0588429683600733,0.0588429683600733
COc1c(OCC2CCOCC2)cc(N2C[C@@H](C)n3c(c(CCCOc4cc(C)c(Cl)c(C)c4)c4ccc(Cl)c(-c5c(C)nc(C)nc5C)c43)C2=O)c2c1cc(C(=O)O)n2C,1800.0,-3.255272505103306,0,train,5.7447274948966935,-3.196525151967089,-0.05874735313621704,0.05874735313621704
CN(C)C1CCC(Nc2ccc(S(=O)(=O)NC(=O)c3ccc(N4CCN(CC5=C(c6ccc(Cl)cc6)CC(C)(C)CC5)CC4)cc3Oc3cccc4[nH]ccc34)cc2[N+](=O)[O-])CC1,0.052,1.2839966563652008,1,train,10.2839966563652,1.2260063388552644,0.05799031750993633,0.05799031750993633
Cc1cc2c(C(C)C)c(O)c(O)cc2c(O)c1-c1c(C)cc2c(C(C)C)c(O)c(O)cc2c1O,640.0,-2.806179973983887,0,train,6.1938200260161125,-2.748238906122786,-0.0579410678611012,0.0579410678611012
CN(C)CCCOc1ccc(-c2ccc(Cl)cc2)c(CN2CCN(c3ccc(C(=O)NS(=O)(=O)c4ccc(NCC5CCOCC5)c(S(=O)(=O)C(F)(F)F)c4)c(Oc4ccccc4)c3)CC2)c1,0.622,0.20620961530918128,0,train,9.20620961530918,0.2641051695758815,-0.05789555426670029,0.05789555426670029
CC1(C)CCC(CN2CCN(c3ccc(C(=O)NS(=O)(=O)c4ccc(NCCCN5CCS(=O)(=O)CC5)c([N+](=O)[O-])c4)c(Oc4cccc5[nH]ccc45)c3)CC2)=C(c2ccc(Cl)cc2)C1,0.183,0.7375489102695705,1,train,9.73754891026957,0.7949790144781167,-0.05743010420854622,0.05743010420854622
Cc1cc(OCCCc2c(C)n(Cc3ccc(C(=O)O)o3)c3c(-c4c(C)n[nH]c4C)cccc23)cc(C)c1Cl,2900.0,-3.462397997898956,0,train,5.537602002101044,-3.4051592008491367,-0.05723879704981938,0.05723879704981938
CC1(C)CCC(CN2CCN(c3ccc(C(=O)NS(=O)(=O)c4ccc(NCCCS(C)(=O)=O)c([N+](=O)[O-])c4)c(Oc4cccc5[nH]ccc45)c3)CC2)=C(c2ccc(Cl)cc2)C1,0.258,0.5883802940367698,1,train,9.588380294036769,0.5313222951990543,0.05705799883771556,0.05705799883771556
COCCOCCn1nc(C)c2c1CSCc1cc(n(C)n1)CCc1cc(c3ccccc3c1)OCCCn1c(C(=O)O)c(C)c3c-2c(Cl)ccc31,3750.0,-3.574031267727719,0,train,5.425968732272281,-3.517182285731398,-0.05684898199632071,0.05684898199632071
CC1(C)CCC(CN2CCN(c3ccc(C(=O)NS(=O)(=O)c4ccc(NC5CCN(C6CCOCC6)CC5)c([N+](=O)[O-])c4)c(Oc4cc5cc[nH]c5cc4C(F)(F)F)c3)CC2)=C(c2ccc(Cl)cc2)C1,0.175,0.7569619513137056,1,train,9.756961951313706,0.7004054302853533,0.05655652102835229,0.05655652102835229
Cc1cc(OCCCc2c3n(c4c(-c5c(C)nn(C)c5C)c(Cl)ccc24)[C@H](C)CN(c2cc(C(=O)O)cc4c2OCO4)C3=O)cc(C)c1Cl,630.0,-2.7993405494535817,0,train,6.200659450546418,-2.8557762541433034,0.0564357046897217,0.0564357046897217
CC1(C)CCC(CN2CCN(c3ccc(C(=O)NS(=O)(=O)c4ccc(NCCCN5CCOCC5)c([N+](=O)[O-])c4)c(Oc4ccccc4Cl)c3)CC2)=C(c2ccc(Cl)cc2)C1,0.123,0.9100948885606021,1,train,9.910094888560602,0.8537110253766897,0.0563838631839122,0.0563838631839122
CN1CCN(Nc2ccc(S(=O)(=O)NC(=O)c3ccc(N4CCN(CC5=C(c6ccc(Cl)cc6)CC(C)(C)CC5)CC4)cc3Oc3cccc4[nH]ccc34)cc2S(=O)(=O)C(F)(F)F)CC1,0.503,0.29843201494407257,1,train,9.298432014944073,0.24218319114278222,0.05624882380129029,0.05624882380129029
CC1(C)CC(c2ccc(Cl)cc2)=C(CN2CCN(c3ccc(C(=O)NS(=O)(=O)c4cnc(OCC5(F)CCOCC5)c(Cl)c4)c(Oc4cccc5[nH]ncc45)c3)CC2)CO1,0.025,1.6020599913279623,0,train,10.602059991327963,1.5459217815554016,0.0561382097725609,0.0561382097725609
Cc1ccc(/N=c2\c3ccc(C)cc3n(C(=O)c3ccc(C(C)(C)C)cc3)c3c(O)c(O)c(O)cc23)cc1,207.0,-2.315970345456918,0,train,6.684029654543082,-2.3718070723963085,0.05583672693939068,0.05583672693939068
CC1(C)CCC(CN2CCN(c3ccc(C(=O)NS(=O)(=O)c4ccc(NCCCN5CCOCC5)c([N+](=O)[O-])c4)c(Oc4ccc5[nH]ncc5c4)c3)CC2)=C(c2ccc(Cl)cc2)C1,2.365,-0.3738311450738304,1,train,8.626168854926169,-0.3180754038068568,-0.055755741266973635,0.055755741266973635
CC1(C)CCC(CN2CCN(c3ccc(C(=O)NS(=O)(=O)c4cnc(OC5CCC(N6CCOCC6)CC5)c(Br)c4)c(Oc4cc5cc[nH]c5cc4F)c3)CC2)=C(c2ccc(Cl)cc2)C1,0.107,0.9706162223147904,1,train,9.97061622231479,0.9152973291213986,0.05531889319339178,0.05531889319339178
CN1CCC(Nc2ccc(S(=O)(=O)NC(=O)c3ccc(N4CCN(CC5=C(c6ccc(Cl)cc6)CC(C)(C)CC5)CC4)cc3Oc3ccc(F)cc3)cc2[N+](=O)[O-])CC1,0.151,0.8210230527068306,1,train,9.821023052706831,0.7657978188560322,0.05522523385079847,0.05522523385079847
COc1cc(CCCN2CCOCC2)ccc1-c1ccc(C(=O)NS(=O)(=O)c2ccc(N[C@H](CCCCN)CSc3ccccc3)c([N+](=O)[O-])c2)cc1,70.0,-1.845098040014257,0,train,7.154901959985743,-1.9002909385191447,0.05519289850488773,0.05519289850488773
CC1=NN(c2nc(-c3ccccc3)cs2)C(=O)/C1=C/C(c1ccccc1)c1ccccc1,1600.0,-3.204119982655925,0,train,5.795880017344075,-3.258914868211234,0.05479488555530887,0.05479488555530887
O=C(/C=C/c1cccc(Cl)c1)Nc1ccc(C(=O)NS(=O)(=O)c2ccc(NCCSc3ccccc3)c([N+](=O)[O-])c2)cc1,1300.0,-3.113943352306837,0,train,5.886056647693163,-3.168565700825115,0.05462234851827796,0.05462234851827796
CCN1CCC(Nc2ccc(S(=O)(=O)NC(=O)c3ccc(N4CCN(CC5=C(c6ccc(Cl)cc6)CC(C)(C)CC5)CC4)cc3Oc3ccccc3Cl)cc2[N+](=O)[O-])CC1,0.05,1.3010299956639813,1,train,10.301029995663981,1.246650232498014,0.054379763165967265,0.054379763165967265
Cc1c(C(=O)NCCCN2CCN(C)CC2)c(-c2cccc(N3CCN(c4ccc(NS(=O)(=O)c5cccc(C(F)(F)F)c5)cc4)CC3)c2)c(-c2ccc(Cl)cc2)n1C,151.0,-2.1789769472931693,0,train,6.821023052706831,-2.2331103122751634,0.05413336498199417,0.05413336498199417
CC1(C)CCC(CN2CCN(c3ccc(C(=O)NS(=O)(=O)c4ccc(N[C@@H]5CCN(C(CF)CF)C5)c([N+](=O)[O-])c4)c(Oc4cnc5[nH]ccc5c4)c3)CC2)=C(c2ccc(Cl)cc2)C1,0.03,1.5228787452803376,1,train,10.522878745280337,1.4695789178805532,0.05329982739978445,0.05329982739978445
Cc1cccc(/C=C/C(=O)Nc2ccc(C(=O)NS(=O)(=O)c3ccc(NCCSc4ccccc4)c([N+](=O)[O-])c3)cc2)c1,1700.0,-3.230448921378274,0,train,5.769551078621726,-3.2834565133045244,0.053007591926250264,0.053007591926250264
CN(C)CC#Cc1ccc(-c2ccc(Cl)cc2)c(CN2CCN(c3ccc(C(=O)NS(=O)(=O)c4ccc(NCC5CCOCC5)c([N+](=O)[O-])c4)c(Oc4cccc5[nH]ccc45)c3)CC2)c1,0.267,0.5734887386354247,1,train,9.573488738635424,0.6261866670539818,-0.05269792841855714,0.05269792841855714
Cc1cc(OCCCc2c(C(=O)O)[nH]c3ccccc23)cc(C)c1Cl,5300.0,-3.724275869600789,0,train,5.275724130399211,-3.6715977011868905,-0.05267816841389861,0.05267816841389861
CC1(C)CCC(CN2CCN(c3ccc(C(=O)NS(=O)(=O)c4cnc(OCC5CCOCC5)c(Cl)c4)c(Oc4cccc5[nH]ccc45)c3)CC2)=C(c2ccc(Cl)cc2)C1,0.162,0.790484985457369,1,train,9.790484985457368,0.7381465162240504,0.05233846923331864,0.05233846923331864
CCCCC1(OC)CCN(c2ccc(C(=O)NS(=O)(=O)c3ccc(N[C@H](CCN(C)C)CSc4ccccc4)c([N+](=O)[O-])c3)cc2)CC1,20.0,-1.3010299956639813,1,train,7.698970004336019,-1.2488609006600624,-0.052169095003918864,0.052169095003918864
Cc1cc(OCCCn2nc(C(=O)NS(=O)(=O)c3ccc(NCc4ccco4)c([N+](=O)[O-])c3)c3cc(Cl)ccc32)cc(C)c1Cl,572.0,-2.7573960287930244,1,train,6.242603971206975,-2.8091377425795088,0.0517417137864844,0.0517417137864844
Cc1cc(OCCCc2c(C(=O)O)n3c4c(c(Cl)ccc24)CCC3)cc(C)c1Cl,770.0,-2.886490725172482,0,train,6.113509274827518,-2.938169049000401,0.05167832382791904,0.05167832382791904
O=C(O)CSc1cc(NS(=O)(=O)c2ccc(-c3ccccc3)cc2)c2ccccc2c1O,8820.0,-3.94546858513182,0,train,5.05453141486818,-3.996835795298214,0.051367210166394006,0.051367210166394006
CC1(C)CCC(CN2CCN(c3ccc(C(=O)NS(=O)(=O)c4ccc(NCCCN5CCOCC5)c([N+](=O)[O-])c4)c(Oc4ccc(F)cc4Cl)c3)CC2)=C(c2ccc(Cl)cc2)C1,0.214,0.6695862266508091,1,train,9.669586226650809,0.7205861128288105,-0.05099988617800133,0.05099988617800133
CC(C)(C)OC(=O)N[C@@H](Cc1ccc(OCc2ccc(C#N)cc2)cc1)C(=O)NS(=O)(=O)c1ccc(NCCCc2ccccc2)c([N+](=O)[O-])c1,800.0,-2.9030899869919438,0,train,6.096910013008056,-2.9540848937354953,0.050994906743551116,0.050994906743551116
Cc1c(C(=O)O)c(-c2cccc(N3CCN(c4ccc(NS(=O)(=O)c5ccc(N[C@H](CCN6CCC6)CSc6ccccc6)c(S(=O)(=O)C(F)(F)F)c5)cc4)CC3)c2)c(-c2ccc(Cl)cc2)n1C,1.7,-0.2304489213782739,0,train,8.769551078621726,-0.28144360547519637,0.050994684096922455,0.050994684096922455
CN(C)CCCC(O)(c1ccccc1)c1cccc(OCCc2ccc(-c3ccc(C(=O)O)cc3)cc2)c1,4600.0,-3.662757831681574,1,train,5.337242168318426,-3.7136541899055793,0.0508963582240054,0.0508963582240054
O=C(O)c1c(CCCOc2ccc3c(c2)CCCC3)c2cccc3c2n1CCS3,4400.0,-3.6434526764861874,0,train,5.356547323513812,-3.5931945994533168,-0.05025807703287022,0.05025807703287022
CC1(C)CCC(CN2CCN(c3ccc(C(=O)NS(=O)(=O)c4ccc(NCC5(N)CCOCC5)c([N+](=O)[O-])c4)c(Oc4cccc5[nH]ccc45)c3)CC2)=C(c2ccc(Cl)cc2)C1,0.18,0.744727494896694,1,train,9.744727494896694,0.6944870062054076,0.05024048869128639,0.05024048869128639
CN1CCC(CNc2ccc(S(=O)(=O)NC(=O)c3ccc(N4CCN(CC5=C(c6ccc(Cl)cc6)CC(C)(C)CC5)CC4)cc3Oc3cccc(F)c3F)cc2[N+](=O)[O-])CC1,0.035,1.4559319556497243,1,train,10.455931955649724,1.4057364767480767,0.05019547890164766,0.05019547890164766
CC1(C)CCC(CN2CCN(c3ccc(C(=O)NS(=O)(=O)c4cnc(OCC5(F)CCOCC5)c(C#N)c4)c(Oc4cnc5[nH]ccc5c4)c3)CC2)=C(c2ccc(Cl)cc2)C1,0.037,1.431798275933005,1,train,10.431798275933005,1.3819563877630967,0.04984188816990831,0.04984188816990831
COc1ccc2c(c1)c(CC(=O)N[C@@H](Cc1ccc(OCc3cccc4ccccc34)cc1)C(=O)NS(=O)(=O)c1ccc(Cl)c([N+](=O)[O-])c1)c(C)n2C(=O)c1ccc(Cl)cc1,560.0,-2.7481880270062002,0,train,6.251811972993799,-2.796533932652446,0.0483459056462463,0.0483459056462463
CC(C)(C)OC(=O)N[C@@H](Cc1ccc(OCc2ccc(-c3ccccc3)cc2)cc1)C(=O)NS(=O)(=O)c1ccc(Cl)c([N+](=O)[O-])c1,620.0,-2.792391689498254,0,train,6.207608310501746,-2.840432747162822,0.04804105766456823,0.04804105766456823
CN(C)CCCNc1ccc(S(=O)(=O)NC(=O)c2ccc(N3CCN(Cc4ccccc4-c4ccc(Cl)cc4)CC3)cc2Oc2ccc3[nH]cc(CCC(=O)N4CCOCC4)c3c2)cc1[N+](=O)[O-],20.421,-1.3100770053242607,0,train,7.689922994675739,-1.2621679014075593,-0.047909103916701445,0.047909103916701445
CC1(C)CCC(CN2CCN(c3ccc(C(=O)NS(=O)(=O)c4ccc(NC5CCN(C6CCCC6)CC5)c([N+](=O)[O-])c4)c(Oc4ccccc4Cl)c3)CC2)=C(c2ccc(Cl)cc2)C1,0.072,1.1426675035687315,1,train,10.142667503568731,1.094800673571119,0.0478668299976126,0.0478668299976126
CC1(C)CCC(CN2CCN(c3ccc(C(=O)NS(=O)(=O)c4cnc(NC5CCC(N6CCOCC6)CC5)c(Br)c4)c(Oc4cc5cc[nH]c5cc4F)c3)CC2)=C(c2ccc(Cl)cc2)C1,0.524,0.28066871301627333,1,train,9.280668713016274,0.32849189873238943,-0.04782318571611616,0.04782318571611616
CC1(C)CCC(CN2CCN(c3ccc(C(=O)NS(=O)(=O)c4ccc(NCCCN5CCNC(=O)C5)c([N+](=O)[O-])c4)c(Oc4cccc5[nH]ccc45)c3)CC2)=C(c2ccc(Cl)cc2)C1,0.169,0.7721132953863264,1,train,9.772113295386326,0.8198870076296919,-0.04777371224336546,0.04777371224336546
CCc1sc2ncnc(N[C@H](CC3CCCCC3)C(=O)O)c2c1-c1cccc(Oc2ccc(F)cc2)c1,8100.0,-3.9084850188786495,0,train,5.0915149811213505,-3.9562072053538824,0.04772218647523285,0.04772218647523285
CC1(C)CCC(CN2CCN(c3ccc(C(=O)NS(=O)(=O)c4ccc(OCC5CCOCC5)c([N+](=O)[O-])c4)c(Oc4cnc(N)c(Cl)c4)c3)CC2)=C(c2ccc(Cl)cc2)C1,0.02,1.6989700043360187,1,train,10.698970004336019,1.6512946001851605,0.04767540415085825,0.04767540415085825
CC1(C)CCC(CN2CCN(c3ccc(C(=O)NS(=O)(=O)c4cnc(OC[C@@H]5CCN(C(CF)CF)C5)c(Cl)c4)c(Oc4cnc5[nH]ccc5c4)c3)CC2)=C(c2ccc(Cl)cc2)C1,0.071,1.1487416512809248,1,train,10.148741651280925,1.1963583687357022,-0.04761671745477747,0.04761671745477747
CC1(C)CCC(CN2CCN(c3ccc(C(=O)NS(=O)(=O)c4cnc(OCCC5CCCO5)c(Cl)c4)c(Oc4cnc5[nH]ccc5c4)c3)CC2)=C(c2ccc(Cl)cc2)C1,0.09,1.0457574905606752,1,train,10.045757490560675,1.0931757480163442,-0.047418257455668966,0.047418257455668966
COc1ccc(/C=C/C(=O)Nc2ccc(C(=O)NS(=O)(=O)c3ccc(NCCSc4ccccc4)c([N+](=O)[O-])c3)cc2)cc1,1300.0,-3.113943352306837,0,train,5.886056647693163,-3.1613485883776593,0.047405236070822365,0.047405236070822365
COC1(Cc2ccc(Cl)cc2)CCN(c2ccc(C(=O)NS(=O)(=O)c3ccc(N[C@H](CCN(C)C)CSc4ccccc4)c([N+](=O)[O-])c3)cc2)CC1,2.7,-0.43136376415898736,1,train,8.568636235841012,-0.47859283844280465,0.04722907428381734,0.04722907428381734
CC(C)N(CCOc1ccc(-c2ccc(Cl)cc2)c(CN2CCN(c3ccc(C(=O)NS(=O)(=O)c4ccc(NCC5CCOCC5)c([N+](=O)[O-])c4)c(Oc4ccccc4)c3)CC2)c1)C(C)C,0.101,0.9956786262173574,1,train,9.995678626217357,1.0428742023493525,-0.0471955761319951,0.0471955761319951
CN1CCC(Nc2ccc(S(=O)(=O)NC(=O)c3ccc(N4CCN(CC5=C(c6ccc(Cl)cc6)CC(C)(C)CC5)CC4)cc3Oc3cccc(F)c3)cc2[N+](=O)[O-])CC1,0.042,1.3767507096020994,1,train,10.3767507096021,1.329580938701781,0.047169770900318486,0.047169770900318486
CC1(C)CCC(CN2CCN(c3ccc(C(=O)NS(=O)(=O)c4ccc(OCC5(F)CCOCC5)c(C(F)(F)F)c4)c(Oc4cnc5[nH]ccc5c4)c3)CC2)=C(c2ccc(Cl)cc2)C1,0.13,0.8860566476931632,1,train,9.886056647693163,0.8390921853542214,0.046964462338941804,0.046964462338941804
CC1(C)CCC(CN2CCN(c3ccc(C(=O)NS(=O)(=O)c4ccc(NCCCN5CCOCC5)c([N+](=O)[O-])c4)c(Oc4cccc(F)c4F)c3)CC2)=C(c2ccc(Cl)cc2)C1,0.066,1.1804560644581312,1,train,10.18045606445813,1.1335044432743255,0.04695162118380569,0.04695162118380569
CC(c1ccccc1-c1ccc(Cl)cc1)N1CCN(c2ccc(C(=O)NS(=O)(=O)c3ccc(NCCCN4CCOCC4)c([N+](=O)[O-])c3)c(Oc3cccc4[nH]ccc34)c2)CC1,0.188,0.7258421507363202,0,train,9.72584215073632,0.7725012586616011,-0.04665910792528094,0.04665910792528094
CC1(C)CCC(CN2CCN(c3ccc(C(=O)NS(=O)(=O)c4cnc(OCC5(F)CCOCC5)c(C#N)c4)c(Oc4cc5cc[nH]c5cc4F)c3)CC2)=C(c2ccc(Cl)cc2)C1,0.04,1.3979400086720375,1,train,10.397940008672037,1.351497590146804,0.04644241852523345,0.04644241852523345
COc1cc(CCCN2CCOCC2)ccc1-c1ccc(C(=O)NS(=O)(=O)c2ccc(N[C@H](CCCCN(C)C)CSc3ccccc3)c([N+](=O)[O-])c2)cc1,59.0,-1.7708520116421442,0,train,7.229147988357855,-1.8171846809696734,0.04633266932752922,0.04633266932752922
CC1(C)CCC(CN2CCN(c3ccc(C(=O)NS(=O)(=O)c4ccc(OC5CCC(N6CCOCC6)CC5)c([N+](=O)[O-])c4)c(Oc4cc5cc[nH]c5cc4F)c3)CC2)=C(c2ccc(Cl)cc2)C1,0.185,0.7328282715969863,1,train,9.732828271596986,0.7791067924393994,-0.04627852084241313,0.04627852084241313
CC1(C)CCC(CN2CCN(c3ccc(C(=O)NS(=O)(=O)c4ccc(NC5CCC(N6CCC(F)(F)C6)CC5)c([N+](=O)[O-])c4)c(Oc4cnc5[nH]ccc5c4)c3)CC2)=C(c2ccc(Cl)cc2)C1,0.042,1.3767507096020994,1,train,10.3767507096021,1.3309856419584045,0.04576506764369492,0.04576506764369492
CC1(C)CCC(CN2CCN(c3ccc(C(=O)NS(=O)(=O)c4ccc(NCCCN5CCNC(=O)C5)c([N+](=O)[O-])c4)c(Oc4cc(F)cc5[nH]ccc45)c3)CC2)=C(c2ccc(Cl)cc2)C1,0.097,1.013228265733755,1,train,10.013228265733755,0.9683097033746053,0.044918562359149705,0.044918562359149705
Cc1cc(OCCCn2c(C(=O)N(C)C)cc3ccc(OCc4ccccc4C(=O)O)cc32)cc(C)c1Cl,730.0,-2.863322860120456,0,train,6.136677139879544,-2.908232347652927,0.044909487532470926,0.044909487532470926
CC1(C)CCC(CN2CCN(c3ccc(C(=O)NS(=O)(=O)c4ccc(NC5CCN(CC6CC6)CC5)c([N+](=O)[O-])c4)c(Oc4cccc(Cl)c4)c3)CC2)=C(c2ccc(Cl)cc2)C1,0.054,1.2676062401770314,1,train,10.267606240177031,1.2227973149343725,0.04480892524265889,0.04480892524265889
COc1ccc2c(c1)c(CC(=O)NS(=O)(=O)c1ccc(Cl)c([N+](=O)[O-])c1)c(C)n2-c1ccc(-c2ccccc2)cc1,720.0,-2.8573324964312685,0,train,6.142667503568731,-2.901712420014203,0.0443799235829343,0.0443799235829343
CC1(C)CCC(CN2CCN(c3ccc(C(=O)NS(=O)(=O)c4ccc(N[C@@H]5CCN(C(CF)CF)C5)c([N+](=O)[O-])c4)c(Oc4cc5cc[nH]c5cc4F)c3)CC2)=C(c2ccc(Cl)cc2)C1,0.177,0.7520267336381934,1,train,9.752026733638193,0.7960509809260939,-0.04402424728790055,0.04402424728790055
O=C(NS(=O)(=O)c1ccc(NCc2cccs2)c([N+](=O)[O-])c1)c1ccc(N2CCN(Cc3ccccc3-c3ccc(Cl)cc3)CC2)cc1Oc1ccccc1,1.348,-0.12968989219930102,1,train,8.8703101078007,-0.17358502832128891,0.04389513612198792,0.04389513612198792
O=C(NS(=O)(=O)c1ccc(OCC2CCOCC2)c([N+](=O)[O-])c1)c1ccc(N2CCN(Cc3ccc(C(F)(F)F)cc3-c3ccc(Cl)cc3)CC2)cc1Oc1ccc2[nH]ccc2c1,7.593,-0.8804133998779167,1,train,8.119586600122084,-0.9242602083558357,0.043846808477919,0.043846808477919
CC1(C)CCC(CN2CCN(c3ccc(C(=O)NS(=O)(=O)c4ccc(NCC5CCOCC5)c(S(=O)(=O)C(F)(F)F)c4)c(Oc4ccc5[nH]ccc5c4)c3)CC2)=C(c2ccc(Cl)cc2)C1,0.678,0.16877030613293661,1,train,9.168770306132936,0.12597539555962772,0.042794910573308864,0.042794910573308864
Cc1cc(Oc2ccc(Cn3nc4ccc(Cl)cc4c3C(=O)NS(=O)(=O)c3ccc(NCCN4CCOCC4)c([N+](=O)[O-])c3)cc2)cc(C)c1Cl,420.0,-2.6232492903979003,0,train,6.376750709602099,-2.665908487456544,0.04265919705864363,0.04265919705864363
CC1(C)CC(c2ccc(Cl)cc2)=C(CN2CCN(c3ccc(C(=O)NS(=O)(=O)c4ccc(NCC5CCOCC5)c([N+](=O)[O-])c4)c(Oc4ccc5[nH]ccc5c4)c3)CC2)CO1,0.083,1.080921907623926,1,train,10.080921907623926,1.123293346151698,-0.04237143852777203,0.04237143852777203
CC(C1=C(c2ccc(Cl)cc2)CC(C)(C)CC1)N1CCN(c2ccc(C(=O)NS(=O)(=O)c3ccc(NCC4CCOCC4)c([N+](=O)[O-])c3)c(Oc3ccc4[nH]ccc4c3)c2)CC1,0.142,0.8477116556169436,0,train,9.847711655616944,0.8896534390712567,-0.0419417834543131,0.0419417834543131
CC1(C)CCC(CN2CCN(c3ccc(C(=O)NS(=O)(=O)c4ccc(N[C@@H]5CCN(CC(F)F)C5)c([N+](=O)[O-])c4)c(Oc4cnc(N)c(Cl)c4)c3)CC2)=C(c2ccc(Cl)cc2)C1,0.016,1.7958800173440752,0,train,10.795880017344075,1.7541389512929897,0.04174106605108552,0.04174106605108552
CN(C)CCCC(O)(c1ccccc1)c1ccc(OCCc2ccc(-c3ccc(C(=O)O)cc3)cc2)cc1,12000.0,-4.079181246047625,0,train,4.920818753952375,-4.120897923593169,0.0417166775455442,0.0417166775455442
O=c1c(O)cc([C@H]2Oc3cc(O)cc(O)c3C[C@H]2O)cc2c([C@H]3Oc4cc(O)cc(O)c4C[C@H]3O)cc(O)c(O)c12,690.0,-2.838849090737255,0,train,6.161150909262744,-2.880494504162419,0.04164541342516381,0.04164541342516381
COc1ccc2c(c1)c(CC(=O)N[C@@H](Cc1ccc(OCc3ccc(C#N)cc3)cc1)C(=O)NS(=O)(=O)c1ccc(Cl)c([N+](=O)[O-])c1)c(C)n2C(=O)c1ccc(Cl)cc1,470.0,-2.6720978579357175,0,train,6.327902142064282,-2.713556292572639,0.041458434636922004,0.041458434636922004
COC1(CC2CCCCC2)CCN(c2ccc(C(=O)NS(=O)(=O)c3ccc(N[C@H](CCN(C)C)CSc4ccccc4)c([N+](=O)[O-])c3)cc2)CC1,6.6,-0.8195439355418687,0,train,8.18045606445813,-0.8609784473960324,0.04143451185416369,0.04143451185416369
CN1C(C)(C)CC(Nc2ccc(S(=O)(=O)NC(=O)c3ccc(N4CCN(CC5=C(c6ccc(Cl)cc6)CC(C)(C)CC5)CC4)cc3Oc3ccccc3Cl)cc2[N+](=O)[O-])CC1(C)C,0.053,1.275724130399211,1,train,10.275724130399212,1.234411357082626,0.041312773316585005,0.041312773316585005
CN1CCC(Nc2ccc(S(=O)(=O)NC(=O)c3ccc(N4CCN(CC5=C(c6ccc(Cl)cc6)CCCCC5)CC4)cc3Oc3ccc4[nH]ccc4c3)cc2[N+](=O)[O-])CC1,0.162,0.790484985457369,1,train,9.790484985457368,0.8315585511396619,-0.04107356568229292,0.04107356568229292
CCc1sc2nc(-c3cccnc3)nc(N[C@H](C)C(=O)O)c2c1-c1cccc(Oc2ccc(F)cc2)c1,4100.0,-3.6127838567197355,0,train,5.3872161432802645,-3.653803810823902,0.041019954104166256,0.041019954104166256
O=C1c2ccccc2C(=O)c2c1ccc(O)c2O,1150.0,-3.060697840353612,0,train,5.939302159646388,-3.0196930755335982,-0.041004764820013584,0.041004764820013584
COc1ccc2c(c1)c(CC(=O)N[C@@H](Cc1ccc(OCc3cccc(C)c3)cc1)C(=O)NS(=O)(=O)c1ccc(Cl)c([N+](=O)[O-])c1)c(C)n2C(=O)c1ccc(Cl)cc1,430.0,-2.6334684555795866,0,train,6.366531544420413,-2.674369470875578,0.04090101529599188,0.04090101529599188
CC(=O)OCOC(=O)c1ccc(/C(Cl)=C/[C@@H]2C=C(C)C[C@H]3C[C@H](CC(=O)O)C=C[C@]32C(=O)OCOC(C)=O)cc1,1820.0,-3.2600713879850747,0,train,5.739928612014925,-3.2192201207374014,-0.040851267247673295,0.040851267247673295
CC1(C)CCC(CN2CCN(c3ccc(C(=O)NS(=O)(=O)c4cnc(OC[C@@H]5C[C@H]6C[C@@H]5C[C@@]6(C)O)c(Cl)c4)c(Oc4cnc5[nH]ccc5c4)c3)CC2)=C(c2ccc(Cl)cc2)C1,0.036,1.4436974992327127,0,train,10.443697499232712,1.4028741345235236,0.040823364709189125,0.040823364709189125
CC1(C)CCC(CN2CCN(c3ccc(C(=O)NS(=O)(=O)c4ccc(NN5CCN(C6COC6)CC5)c([N+](=O)[O-])c4)c(Oc4cnc5[nH]ccc5c4)c3)CC2)=C(c2ccc(Cl)cc2)C1,0.033,1.4814860601221125,1,train,10.481486060122112,1.4406656228858288,0.0408204372362837,0.0408204372362837
Cc1c(C(=O)O)c(-c2cccc(N3CCN(c4ccc(NS(=O)(=O)c5ccc(N[C@H](CCN6CCCC6)CSc6ccccc6)c(S(=O)(=O)C(F)(F)F)c5)cc4)CC3)c2)c(-c2ccc(Cl)cc2)n1C,1.8,-0.25527250510330607,0,train,8.744727494896694,-0.2960161991650111,0.04074369406170508,0.04074369406170508
O=C1c2ccc(Sc3ccc(Br)cc3)cc2C(=O)c2cc(O)c(O)cc21,87.0,-1.9395192526186185,0,train,7.060480747381382,-1.9799809108484172,0.04046165822979875,0.04046165822979875
Cc1ccccc1CN1CCN(c2ccc(C(=O)NS(=O)(=O)c3ccc(N[C@H](CCN(C)C)CSc4ccccc4)c([N+](=O)[O-])c3)cc2)CC1,4.5,-0.6532125137753437,0,train,8.346787486224656,-0.6128883055049084,-0.04032420827043537,0.04032420827043537
CN1CCN(Nc2ccc(S(=O)(=O)NC(=O)c3ccc(N4CCN(CC5=C(c6ccc(Cl)cc6)CC(C)(C)CC5)CC4)cc3Oc3cc4cc[nH]c4c(F)c3F)cc2[N+](=O)[O-])CC1,0.127,0.8961962790440432,1,train,9.896196279044043,0.9365150713033864,-0.040318792259343206,0.040318792259343206
CN(C)C1CCC(Nc2ccc(S(=O)(=O)NC(=O)c3ccc(N4CCN(CC5=C(c6ccc(Cl)cc6)CC(C)(C)CC5)CC4)cc3Oc3cccc(Cl)c3)cc2[N+](=O)[O-])CC1,0.084,1.0757207139381184,1,train,10.075720713938118,1.1159495973711322,-0.040228883433013785,0.040228883433013785
CC1(C)CCC(CN2CCN(c3ccc(C(=O)NS(=O)(=O)c4ccc(NN5CCS(=O)(=O)CC5)c([N+](=O)[O-])c4)c(Oc4cc5cc[nH]c5cc4F)c3)CC2)=C(c2ccc(Cl)cc2)C1,0.238,0.623423042943488,1,train,9.623423042943488,0.6627993166166596,-0.039376273673171536,0.039376273673171536
CC1(C)CC(c2ccc(Cl)cc2)=C(CN2CCN(c3ccc(C(=O)NS(=O)(=O)c4ccc(NC5CCC(N6CCOCC6)CC5)c([N+](=O)[O-])c4)c(Oc4cc5cc[nH]c5cc4Cl)c3)CC2)CO1,0.127,0.8961962790440432,1,train,9.896196279044043,0.9352405791005632,-0.03904430005652004,0.03904430005652004
CC1(C)CCC(CN2CCN(c3ccc(C(=O)NS(=O)(=O)c4cnc5c(c4)nnn5CC4CCOCC4)c(Oc4cnc5[nH]ccc5c4)c3)CC2)=C(c2ccc(Cl)cc2)C1,0.285,0.5451551399914898,0,train,9.54515513999149,0.583998747990506,-0.038843607999016205,0.038843607999016205
CCOc1ccccc1N/N=C1\C(=O)N(c2cccc(-c3ccc(N(C)C)cc3)c2)N=C1C,4200.0,-3.6232492903979003,0,train,5.376750709602099,-3.584473529459886,-0.038775760938013715,0.038775760938013715
CN(C)C1(CNc2ccc(S(=O)(=O)NC(=O)c3ccc(N4CCN(CC5=C(c6ccc(Cl)cc6)CC(C)(C)CC5)CC4)cc3Oc3ccc4[nH]ccc4c3)cc2[N+](=O)[O-])CCOCC1,0.218,0.6615435063953952,1,train,9.661543506395395,0.7002901687418225,-0.03874666234642732,0.03874666234642732
CC1(C)CCC(CN2CCN(c3ccc(C(=O)NS(=O)(=O)c4ccc(NCCCN5CCOCC5)c([N+](=O)[O-])c4)c(Oc4cccc5[nH]ccc45)c3)CC2)=C(c2ccc(Cl)cc2)C1,0.196,0.707743928643524,1,train,9.707743928643524,0.6691119723377196,0.038631956305804405,0.038631956305804405
COc1ccc2c(c1)c(CC(=O)N[C@@H](Cc1c[nH]c3ccccc13)C(=O)NS(=O)(=O)c1ccc(Cl)c([N+](=O)[O-])c1)c(C)n2-c1ccc(-c2ccccc2)cc1,830.0,-2.9190780923760737,0,train,6.080921907623926,-2.9576557626915245,0.038577670315450785,0.038577670315450785
O=C(O)CSc1cc(NS(=O)(=O)c2cccc(-c3ccccc3)c2)c2ccccc2c1O,7850.0,-3.8948696567452528,0,train,5.105130343254747,-3.856820592601132,-0.03804906414412068,0.03804906414412068
O=C(O)c1ccc(-c2ccc(OCCc3cc(C(O)(CCN4CCOCC4)c4ccc(Br)cc4)ccc3Cl)cc2)cc1,200.0,-2.3010299956639813,0,train,6.698970004336019,-2.338925887349991,0.03789589168600971,0.03789589168600971
CC1(C)CCC(CN2CCN(c3ccc(C(=O)NS(=O)(=O)c4cnc(NCC5CN(C6CC6)CCO5)c(Cl)c4)c(Oc4cnc5[nH]ccc5c4)c3)CC2)=C(c2ccc(Cl)cc2)C1,0.15,0.8239087409443188,1,train,9.823908740944319,0.7860773185347131,0.037831422409605686,0.037831422409605686
CC1(C)CCC(CN2CCN(c3ccc(C(=O)NS(=O)(=O)c4cnc(OCC5CCOCC5)c(Cl)c4)c(Oc4cc5cc[nH]c5cc4F)c3)CC2)=C(c2ccc(Cl)cc2)C1,0.092,1.0362121726544447,1,train,10.036212172654444,0.9985101716172433,0.03770200103720156,0.03770200103720156
CC1(C)CCC(CN2CCN(c3ccc(C(=O)NS(=O)(=O)c4cnc(OCC5CCOCC5)c(F)c4)c(Oc4cnc5[nH]ccc5c4)c3)CC2)=C(c2ccc(Cl)cc2)C1,0.093,1.031517051446065,1,train,10.031517051446064,0.9941158926562081,0.037401158789856837,0.037401158789856837
COc1cccc(Oc2cc(N3CCN(Cc4ccccc4-c4ccc(Cl)cc4)CC3)ccc2C(=O)NS(=O)(=O)c2ccc(NCC3CCOCC3)c([N+](=O)[O-])c2)c1,3.965,-0.5982431916536226,1,train,8.401756808346377,-0.6356173379392659,0.037374146285643284,0.037374146285643284
O=C(NS(=O)(=O)c1ccc(NCC2CCOCC2)c([N+](=O)[O-])c1)c1ccc(N2CCN(Cc3ccccc3-c3ccc(Cl)cc3)CC2)cc1Oc1cccc2ccccc12,1.986,-0.29797924415936233,1,train,8.702020755840637,-0.26110191389351944,-0.036877330265842834,0.036877330265842834
CC1(C)CCC(CN2CCN(c3ccc(C(=O)NS(=O)(=O)c4ccc(NCCN5CCOCC5)c([N+](=O)[O-])c4)c(Oc4cccc(F)c4)c3)CC2)=C(c2ccc(Cl)cc2)C1,0.107,0.9706162223147904,1,train,9.97061622231479,1.007352351814548,-0.036736129499757575,0.036736129499757575
Cc1ccc(/C=C/C(=O)Nc2ccc(C(=O)NS(=O)(=O)c3ccc(NCCSc4ccccc4)c([N+](=O)[O-])c3)cc2)cc1,1500.0,-3.1760912590556813,0,train,5.823908740944319,-3.2128232943475297,0.03673203529184832,0.03673203529184832
COC1CCC(CNc2ccc(S(=O)(=O)NC(=O)c3ccc(N4CCN(CC5=C(c6ccc(Cl)cc6)CC(C)(C)CC5)CC4)cc3Oc3ccc4[nH]ccc4c3)cc2[N+](=O)[O-])CC1,0.152,0.8181564120552275,1,train,9.818156412055227,0.7817217745959597,0.03643463745926778,0.03643463745926778
Cc1cc(OCCCc2c(C(=O)O)n3c4c(cccc24)SCC3)cc(C)c1Cl,2300.0,-3.361727836017593,0,train,5.638272163982407,-3.398124732938636,0.03639689692104309,0.03639689692104309
CC1(C)CCC(CN2CCN(c3ccc(C(=O)NS(=O)(=O)c4cnc(O[C@@H]5CCN(C(CF)CF)C5)c(Cl)c4)c(Oc4cccc5[nH]ncc45)c3)CC2)=C(c2ccc(Cl)cc2)C1,0.052,1.2839966563652008,1,train,10.2839966563652,1.320268446560348,-0.03627179019514726,0.03627179019514726
COc1ccc2c(c1)c(CC(=O)N[C@@H](Cc1ccc(OCc3ccc(Br)cc3)cc1)C(=O)NS(=O)(=O)c1ccc(Cl)c([N+](=O)[O-])c1)c(C)n2C(=O)c1ccc(Cl)cc1,440.0,-2.6434526764861874,0,train,6.356547323513812,-2.6795881868013165,0.03613551031512907,0.03613551031512907
CN1CCC(Nc2ccc(S(=O)(=O)NC(=O)c3ccc(N4CCN(CC5=C(c6ccc(Cl)cc6)CC(C)(C)CC5)CC4)cc3Oc3cc4cc[nH]c4c(F)c3F)cc2[N+](=O)[O-])CC1,0.081,1.0915149811213503,1,train,10.09151498112135,1.1275411163665527,-0.03602613524520226,0.03602613524520226
CC1(C)CCC(CN2CCN(c3ccc(C(=O)NS(=O)(=O)c4ccc(NCCCN5CCOCC5)c([N+](=O)[O-])c4)c(Oc4ccccc4F)c3)CC2)=C(c2ccc(Cl)cc2)C1,0.075,1.1249387366083,1,train,10.1249387366083,1.0892721613125622,0.03566657529573769,0.03566657529573769
O=C(NS(=O)(=O)c1ccc(NCCCN2CCCC2)c([N+](=O)[O-])c1)c1ccc(N2CCN(CC3=C(c4ccc(Cl)cc4)CCCCC3)CC2)cc1Oc1cccc2[nH]ccc12,0.673,0.1719849357760231,1,train,9.171984935776024,0.13648581935730747,0.03549911641871564,0.03549911641871564
CC(O)(c1ccc(Cl)cc1)c1ccc(Cl)c(CCOc2ccc(-c3ccc(C(=O)O)cc3)cc2)c1,460.0,-2.6627578316815743,0,train,6.337242168318426,-2.627386447722667,-0.035371383958907376,0.035371383958907376
CC1=C[C@@H](/C=C(\Cl)c2ccc(C(=O)O)cc2)[C@]2(C(=O)O)C=C[C@@H](CCOC(=O)Nc3ccc(Br)cc3)C[C@@H]2C1,830.0,-2.9190780923760737,0,train,6.080921907623926,-2.9539715103612854,0.03489341798521162,0.03489341798521162
N#CC1=C(NCCC(=O)O)c2ccc(Sc3ccc(Br)cc3)c3cccc(c23)C1=O,1270.0,-3.103803720955957,0,train,5.896196279044043,-3.069113949171412,-0.03468977178454491,0.03468977178454491
Cc1cc(Oc2ccc(Cn3nc4ccc(Cl)cc4c3C(=O)NS(=O)(=O)c3ccc(NCc4ccco4)c([N+](=O)[O-])c3)cc2)cc(C)c1Cl,570.0,-2.7558748556724915,0,train,6.2441251443275085,-2.790370261436568,0.034495405764076725,0.034495405764076725
CNC(=O)c1cccc(Oc2cc(N3CCN(Cc4ccccc4-c4ccc(Cl)cc4)CC3)ccc2C(=O)NS(=O)(=O)c2ccc(NCCCN3CCOCC3)c([N+](=O)[O-])c2)c1,6.755,-0.8296253533580493,1,train,8.170374646641951,-0.7952469008370417,-0.034378452521007574,0.034378452521007574
O=C(O)c1ccc(-c2ccc(OCCc3cc(C(O)(CCN4CCOCC4)c4ccc(Cl)cc4)ccc3Cl)cc2)cc1,220.0,-2.342422680822206,0,train,6.657577319177793,-2.3083501192719273,-0.034072561550278824,0.034072561550278824
Cc1cc(OCCCc2c3n(c4c(-c5c(C)nn(C)c5C)c(Cl)ccc24)[C@H](C)CN(c2cccc(C(=O)O)c2)C3=O)cc(C)c1Cl,990.0,-2.9956351945975497,0,train,6.00436480540245,-3.029707532937226,0.03407233833967638,0.03407233833967638
CN(C)CCCOc1ccc(S(=O)(=O)NC(=O)c2ccc(N3CCN(CC4=C(c5ccc(Cl)cc5)CC(C)(C)CC4)CC3)cc2Oc2ccc3[nH]ccc3c2)cc1[N+](=O)[O-],0.116,0.9355420107730815,1,train,9.935542010773082,0.9016235638201049,0.033918446952976744,0.033918446952976744
O=C(NCCNS(=O)(=O)c1ccc(-c2ccccc2Oc2ccc(O)c(O)c2)s1)Nc1cc(C(F)(F)F)cc(C(F)(F)F)c1,3900.0,-3.591064607026499,0,train,5.4089353929735005,-3.5572968521690433,-0.033767754857455756,0.033767754857455756
CC1(C)CCC(CN2CCN(c3ccc(C(=O)NS(=O)(=O)c4cc(F)c(OCC5(F)CCOCC5)c(F)c4)c(Oc4cnc5[nH]ccc5c4)c3)CC2)=C(c2ccc(Cl)cc2)C1,0.165,0.7825160557860937,1,train,9.782516055786093,0.7488471756643542,0.03366888012173952,0.03366888012173952
CC1(C)CCC(CN2CCN(c3ccc(C(=O)NS(=O)(=O)c4ccc(NCCCN5CCOCC5)c([N+](=O)[O-])c4)c(Oc4cccc(Cl)c4)c3)CC2)=C(c2ccc(Cl)cc2)C1,0.064,1.193820026016113,1,train,10.193820026016112,1.160169216365382,0.03365080965073086,0.03365080965073086
CN1CCN(Nc2ccc(S(=O)(=O)NC(=O)c3ccc(N4CCN(CC5=C(c6ccc(Cl)cc6)CC(C)(C)CC5)CC4)cc3Oc3cccc4[nH]ccc34)cc2[N+](=O)[O-])CC1,0.512,0.2907300390241692,1,train,9.290730039024169,0.32431312432553006,-0.03358308530136084,0.03358308530136084
CC(C)(C)c1ccc(C(O)(CCN2CCOCC2)c2ccc(Cl)c(CCOc3ccc(-c4ccc(C(=O)O)cc4)cc3)c2)cc1,110.0,-2.041392685158225,0,train,6.958607314841775,-2.074930411093764,0.033537725935539164,0.033537725935539164
CCOc1ccccc1N/N=C1\C(=O)N(c2cc(O)cc(-c3ccc(N(C)C)cc3)c2)N=C1C,12000.0,-4.079181246047625,0,train,4.920818753952375,-4.045921640226165,-0.033259605821459814,0.033259605821459814
O=C(NS(=O)(=O)c1ccc(NCCn2nccn2)c([N+](=O)[O-])c1)c1ccc(N2CCN(Cc3ccccc3-c3ccc(Cl)cc3)CC2)cc1Oc1ccccc1,0.823,0.08460016478773018,1,train,9.08460016478773,0.11771277744772385,-0.033112612659993754,0.033112612659993754
Cc1cc(Oc2ccc(Cn3nc(C(=O)NS(=O)(=O)Cc4ccc(N5CCOCC5)c([N+](=O)[O-])c4)c4cc(Cl)ccc43)cc2)cc(C)c1Cl,620.0,-2.792391689498254,0,train,6.207608310501746,-2.8247222036121222,0.032330514113868336,0.032330514113868336
Cc1cc(OCCCn2ccc3ccc(OCc4ccc(C(=O)O)cc4)cc32)cc(C)c1Cl,1240.0,-3.093421685162235,0,train,5.906578314837764,-3.06128627842604,-0.03213540673619519,0.03213540673619519
O=C(NS(=O)(=O)c1ccc(NCC2CCOCC2)c(S(=O)(=O)C(F)(F)F)c1)c1ccc(N2CCN(Cc3cc(OCCCN4CCCCC4)ccc3-c3ccc(Cl)cc3)CC2)cc1Oc1ccccc1,0.769,0.11407366019856895,0,train,9.114073660198569,0.14620213140693236,-0.03212847120836346,0.03212847120836346
COc1ccc2c(c1)c(CC(=O)N[C@@H](Cc1ccc(OCc3ccc([N+](=O)[O-])cc3)cc1)C(=O)NS(=O)(=O)c1ccc(Br)cc1)c(C)n2C(=O)c1ccc(Cl)cc1,630.0,-2.7993405494535817,0,train,6.200659450546418,-2.7676505204394664,-0.03169002901411533,0.03169002901411533
CN1CCC(Nc2ccc(S(=O)(=O)NC(=O)c3ccc(N4CCN(CC5=C(c6ccc(Cl)cc6)CC(C)(C)OC5)CC4)cc3Oc3cccc(I)c3)cc2[N+](=O)[O-])CC1,0.031,1.5086383061657274,1,train,10.508638306165727,1.4772482079522453,0.03139009821348204,0.03139009821348204
COc1ccc2c(c1)c(CC(=O)N[C@@H](Cc1ccc(OCc3ccccc3)cc1)C(=O)NS(=O)(=O)c1ccc(Br)cc1)c(C)n2C(=O)c1ccc(Cl)cc1,530.0,-2.724275869600789,0,train,6.275724130399211,-2.755252691324367,0.030976821723577963,0.030976821723577963
O=C(NS(=O)(=O)c1ccc(NCCCN2CCOCC2)c([N+](=O)[O-])c1)c1ccc(N2CCN(Cc3ccccc3-c3ccc(Cl)cc3)CC2)cc1Oc1cccc2[nH]ccc12,1.085,-0.0354297381845483,1,train,8.964570261815451,-0.06635965282284775,0.03092991463829945,0.03092991463829945
Cc1c(C(=O)O)c(-c2cccc(N3CCN(c4ccc(NS(=O)(=O)c5ccc(N[C@H](CCN(C)C)CSc6ccccc6)c(S(=O)(=O)C(F)(F)F)c5)cc4)CC3)c2)c(-c2ccc(Cl)cc2)n1C,2.1,-0.3222192947339193,0,train,8.67778070526608,-0.3529998758911113,0.03078058115719201,0.03078058115719201
CC1(C)CCC(CN2CCN(c3ccc(C(=O)NS(=O)(=O)c4cnc(OCC5CCOCC5)c(C(F)(F)F)c4)c(Oc4cnc5[nH]ccc5c4)c3)CC2)=C(c2ccc(Cl)cc2)C1,0.174,0.7594507517174003,1,train,9.7594507517174,0.7902270817409185,-0.030776330023518206,0.030776330023518206
O=c1c2cc(O)c(O)c(O)c2nc(-c2ccccc2)n1Cc1ccccc1,959.0,-2.9818186071706636,0,train,6.018181392829336,-3.012488300078575,0.030669692907911106,0.030669692907911106
O=C(NS(=O)(=O)c1ccc(NCCCN2CCOCC2)c([N+](=O)[O-])c1)c1ccc(N2CCN(Cc3ccccc3-c3ccc(Cl)cc3)CC2)cc1Oc1ccccc1Cl,0.72,0.14266750356873156,1,train,9.142667503568731,0.11200057085489622,0.03066693271383529,0.03066693271383529
CN(C)CCOc1ccc(-c2ccc(Cl)cc2)c(CN2CCN(c3ccc(C(=O)NS(=O)(=O)c4ccc(NCC5CCOCC5)c(S(=O)(=O)C(F)(F)F)c4)c(Oc4ccccc4)c3)CC2)c1,0.443,0.3535962737769304,0,train,9.35359627377693,0.38356461117824403,-0.029968337401313605,0.029968337401313605
O=C(Nc1ccc(C(=O)NS(=O)(=O)c2ccc(NCCSc3ccccc3)c([N+](=O)[O-])c2)cc1)c1cccc(F)c1,1400.0,-3.146128035678238,0,train,5.853871964321762,-3.116429124126775,-0.02969891155146298,0.02969891155146298
CC1(C)CCC(CN2CCN(c3ccc(C(=O)NS(=O)(=O)c4ccc(CCC5CCOCC5)c([N+](=O)[O-])c4)c(Oc4ccc5[nH]ccc5c4)c3)CC2)=C(c2ccc(Cl)cc2)C1,0.651,0.18641901143180803,1,train,9.186419011431807,0.15674777760604502,0.029671233825762977,0.029671233825762977
CC1(C)CC(c2ccc(Cl)cc2)=C2CN3CCN(c4ccc(C(=O)NS(=O)(=O)c5ccc(NCC6(O)CCOCC6)c([N+](=O)[O-])c5)c(N5CCCOc6nc7[nH]ccc7cc65)c4)C[C@H]3COCCCO[C@@H]2C1,0.223,0.6516951369518393,0,train,9.65169513695184,0.6221177193441079,0.02957741760773147,0.02957741760773147
CC1=NN(c2nc(-c3ccccc3)cs2)C(=O)/C1=C/c1ccc2ccccc2c1,2000.0,-3.3010299956639813,0,train,5.698970004336019,-3.271572859390252,-0.029457136273729034,0.029457136273729034
CN(C)Cc1ccccc1Oc1cc(N2CCN(Cc3ccccc3-c3ccc(Cl)cc3)CC2)ccc1C(=O)NS(=O)(=O)c1ccc(NCC2CCOCC2)c([N+](=O)[O-])c1,2.007,-0.3025473724874856,1,train,8.697452627512515,-0.2734958569897896,-0.029051515497695968,0.029051515497695968
CCS(=O)(=O)c1cccc(S(=O)(=O)Nc2ccc(N3CCN(c4cccc(-c5c(C(=O)NCCCN6CCN(C)CC6)c(C)n(C)c5-c5ccc(Cl)cc5)c4)CC3)cc2)c1,214.0,-2.330413773349191,0,train,6.669586226650809,-2.359232481198814,0.02881870784962315,0.02881870784962315
COc1ccc2c(c1)c(CC(=O)N[C@@H](Cc1ccc(OCc3ccccc3C#N)cc1)C(=O)NS(=O)(=O)c1ccc(Cl)c([N+](=O)[O-])c1)c(C)n2C(=O)c1ccc(Cl)cc1,670.0,-2.8260748027008264,0,train,6.173925197299173,-2.7973875535313883,-0.0286872491694381,0.0286872491694381
CC1(C)CCC(CN2CCN(c3ccc(C(=O)NS(=O)(=O)c4cnc(OC[C@@H]5CCN(CC(F)F)C5)c(Cl)c4)c(Oc4cnc(N)c(Cl)c4)c3)CC2)=C(c2ccc(Cl)cc2)C1,0.082,1.0861861476162833,1,train,10.086186147616283,1.1147955608543663,-0.02860941323808297,0.02860941323808297
CC1(C)CCC(CN2CCN(c3ccc(C(=O)NS(=O)(=O)c4ccc(NCC5CCC(O)CC5)c([N+](=O)[O-])c4)c(Oc4ccc5[nH]ccc5c4)c3)CC2)=C(c2ccc(Cl)cc2)C1,0.1945,0.7110803943382734,1,train,9.711080394338273,0.7396613047783174,-0.02858091044004396,0.02858091044004396
O=C(Nc1ccc(C(=O)NS(=O)(=O)c2ccc(NCCSc3ccccc3)c([N+](=O)[O-])c2)cc1)c1ccc(F)cc1,930.0,-2.9684829485539352,0,train,6.031517051446064,-2.996713686693048,0.0282307381391127,0.0282307381391127
Cc1cc(OCCCc2c(C(=O)O)n3c4c(cccc24)SCCC3)cc(C)c1Cl,3700.0,-3.568201724066995,0,train,5.431798275933005,-3.540572140178589,-0.027629583888406195,0.027629583888406195
COc1ccc(S(=O)(=O)NC(=O)c2ccc(N3CCN(Cc4ccccc4-c4ccc(Cl)cc4)CC3)cc2Oc2ccccc2)cc1,18.93,-1.2771506139637967,0,train,7.722849386036203,-1.3044943589511708,0.02734374498737413,0.02734374498737413
CC1(C)CCC(CN2CCN(c3ccc(C(=O)NS(=O)(=O)c4ccc(NCC5CCOCC5)c(C#N)c4)c(Oc4cnc5[nH]ccc5c4)c3)CC2)=C(c2ccc(Cl)cc2)C1,0.557,0.25414480482627105,1,train,9.254144804826272,0.28142346322780637,-0.02727865840153537,0.02727865840153537
CC1(C)CCC(CN2CCN(c3ccc(C(=O)NS(=O)(=O)c4cnc(OC[C@@H]5CCN(CC(F)F)C5)c(Cl)c4)c(Oc4cnc5[nH]ccc5c4)c3)CC2)=C(c2ccc(Cl)cc2)C1,0.145,0.8386319977650252,1,train,9.838631997765026,0.8114864417846571,0.027145555980368052,0.027145555980368052
COc1ccc2c(c1)c(CC(=O)N[C@@H](Cc1ccc(OCc3ccccc3Br)cc1)C(=O)NS(=O)(=O)c1ccc(Cl)c([N+](=O)[O-])c1)c(C)n2C(=O)c1ccc(Cl)cc1,450.0,-2.6532125137753435,0,train,6.346787486224656,-2.680215597054337,0.02700308327899359,0.02700308327899359
CCN1CCOCC1COc1ccc(S(=O)(=O)NC(=O)c2ccc(N3CCN(CC4=C(c5ccc(Cl)cc5)CC(C)(C)CC4)CC3)cc2Oc2cc3cc[nH]c3cc2F)cc1[N+](=O)[O-],0.068,1.1674910872937636,1,train,10.167491087293763,1.1935433880243578,-0.02605230073059417,0.02605230073059417
CC1(C)CCC(CN2CCN(c3ccc(C(=O)NS(=O)(=O)c4ccc(OCC5CCOCC5)c([N+](=O)[O-])c4)c(Oc4ccc5[nH]ccc5c4)c3)CC2)=C(c2ccc(Cl)cc2)C1,0.095,1.0222763947111522,1,train,10.022276394711152,1.0482615442463141,-0.025985149535161955,0.025985149535161955
O=C(N[C@@H](Cc1ccc(OCc2ccc(-c3ccccc3)cc2)cc1)C(=O)NS(=O)(=O)c1ccc(Cl)c([N+](=O)[O-])c1)c1ccc2ccccc2c1,570.0,-2.7558748556724915,0,train,6.2441251443275085,-2.7818185765501386,0.02594372087764718,0.02594372087764718
CC1(C)CCC(CN2CCN(c3ccc(C(=O)NS(=O)(=O)c4ccc(NC5CCN(CC6CC6)CC5)c([N+](=O)[O-])c4)c(Oc4cc5cc[nH]c5cc4F)c3)CC2)=C(c2ccc(Cl)cc2)C1,0.071,1.1487416512809248,1,train,10.148741651280925,1.1232975676187424,0.025444083662182315,0.025444083662182315
O=C(N[C@@H](Cc1ccccc1)C(=O)NS(=O)(=O)c1ccccc1)c1cn(Cc2ccc(-c3ccc(Cl)cc3)cc2)c2ccccc12,740.0,-2.8692317197309762,0,train,6.130768280269024,-2.894565114568252,0.025333394837276035,0.025333394837276035
O=C(O)[C@H](Cc1ccccc1)N1C(=O)/C(=C/c2ccc(OCOc3ccc(/C=C4\SC(=S)N([C@@H](Cc5ccccc5)C(=O)O)C4=O)cc3)cc2)SC1=S,4300.0,-3.6334684555795866,1,train,5.366531544420413,-3.658521284441195,0.025052828861608756,0.025052828861608756
Cc1cc(OCCCc2c3n(c4c(-c5c(C)nn(C)c5C)c(Cl)ccc24)[C@H](C)CN(c2cn(C)c4ccc(C(=O)O)cc24)C3=O)cc(C)c1Cl,730.0,-2.863322860120456,0,train,6.136677139879544,-2.8387693096652,-0.02455355045525609,0.02455355045525609
CC1(C)CCC(CN2CCN(c3ccc(C(=O)NS(=O)(=O)c4ccc(NC5CCN(CCO)CC5)c([N+](=O)[O-])c4)c(Oc4cccc(Cl)c4)c3)CC2)=C(c2ccc(Cl)cc2)C1,0.048,1.3187587626244128,1,train,10.318758762624412,1.2943488741058724,0.024409888518540424,0.024409888518540424
CC1(C)CCC(CN2CCN(c3ccc(C(=O)NS(=O)(=O)c4cnc(OCC5(F)CCOCC5)c(F)c4)c(Oc4cnc(N)c(Cl)c4)c3)CC2)=C(c2ccc(Cl)cc2)C1,0.039,1.408935392973501,1,train,10.4089353929735,1.3846621184485668,0.024273274524934108,0.024273274524934108
CC1(C)CCC(CN2CCN(c3ccc(C(=O)NS(=O)(=O)c4ccc(NCC5CCOCC5)c([N+](=O)[O-])c4)c(Oc4ccccc4-c4cccnc4N)c3)CC2)=C(c2ccc(Cl)cc2)C1,0.946,0.02410886359820726,1,train,9.024108863598208,0.047846390585520586,-0.023737526987313386,0.023737526987313386
CN(C)C(=O)COc1cccc(Oc2cc(N3CCN(Cc4ccccc4-c4ccc(Cl)cc4)CC3)ccc2C(=O)NS(=O)(=O)c2ccc(NCC3CCOCC3)c([N+](=O)[O-])c2)c1,3.567,-0.552303109338354,1,train,8.447696890661646,-0.5288631493411732,-0.023439959997180848,0.023439959997180848
Cc1cc(OCCCc2c3n(c4c(-c5c(C)nn(C)c5C)c(Cl)ccc24)[C@H](C)CN(c2cc(C(=O)O)cc4c2ccn4C)C3=O)cc(C)c1Cl,630.0,-2.7993405494535817,0,train,6.200659450546418,-2.8227281248767975,0.02338757542321579,0.02338757542321579
O=C(NS(=O)(=O)c1ccc(NCC2CCOCC2)c([N+](=O)[O-])c1)c1ccc(N2CCN(Cc3cc(CCN4CCCC4)ccc3-c3ccc(Cl)cc3)CC2)cc1Oc1cccc(Cl)c1,0.077,1.1135092748275182,1,train,10.113509274827518,1.1367468139178167,-0.023237539090298576,0.023237539090298576
CC1(C)CCC(CN2CCN(c3ccc(C(=O)NS(=O)(=O)c4ccc(NCC5(C)COC5)c([N+](=O)[O-])c4)c(Oc4ccc5[nH]ccc5c4)c3)CC2)=C(c2ccc(Cl)cc2)C1,0.235,0.6289321377282637,1,train,9.628932137728263,0.6520795956204595,-0.023147457892195744,0.023147457892195744
CC1(C)CCC(CN2CCN(c3ccc(C(=O)NS(=O)(=O)c4ccc(NC5CCN(CC6CC6)CC5)c([N+](=O)[O-])c4)c(Oc4ccccc4Cl)c3)CC2)=C(c2ccc(Cl)cc2)C1,0.073,1.136677139879544,1,train,10.136677139879545,1.1597523560406626,-0.023075216161118517,0.023075216161118517
COc1ccc2c(c1)c(CC(=O)N[C@@H](Cc1ccc(OCc3cccc(C#N)c3)cc1)C(=O)NS(=O)(=O)c1ccc(Cl)c([N+](=O)[O-])c1)c(C)n2C(=O)c1ccc(Cl)cc1,440.0,-2.6434526764861874,0,train,6.356547323513812,-2.6663714020767264,0.02291872559053898,0.02291872559053898
CC1(C)CCC(CN2CCN(c3ccc(C(=O)NS(=O)(=O)c4cnc(OCC5CCN(CC#N)CC5)c(Cl)c4)c(Oc4cnc5[nH]ccc5c4)c3)CC2)=C(c2ccc(Cl)cc2)C1,0.052,1.2839966563652008,1,train,10.2839966563652,1.306613726709233,-0.022617070344032264,0.022617070344032264
Cc1cc(OCCCc2c3n(c4c(-c5c(C)nn(C)c5C)c(Cl)ccc24)[C@H](C)CN(c2cccc4c(C(=O)O)cccc24)C3=O)cc(C)c1Cl,380.0,-2.57978359661681,0,train,6.42021640338319,-2.6020201799993896,0.0222365833825795,0.0222365833825795
CC1(C)CCC(CN2CCN(c3ccc(C(=O)NS(=O)(=O)c4cnc(OCC5CCOCC5)c(C#N)c4)c(Oc4cccc5[nH]ccc45)c3)CC2)=C(c2ccc(Cl)cc2)C1,0.239,0.6216020990518624,1,train,9.621602099051863,0.5993731238639411,0.02222897518792122,0.02222897518792122
COc1ccc(-c2ccc(Cn3cc(C(=O)N[C@@H](Cc4ccccc4)C(=O)NS(=O)(=O)c4ccccc4)c4ccccc43)cc2)cc1,1300.0,-3.113943352306837,0,train,5.886056647693163,-3.092079717432823,-0.021863634874013993,0.021863634874013993
Cc1c(C(=O)NCCCN2CCN(C)CC2)c(-c2cccc(N3CCN(c4ccc(NS(=O)(=O)c5cccc(OC(F)(F)F)c5)cc4)CC3)c2)c(-c2ccc(Cl)cc2)n1C,197.0,-2.294466226161593,0,train,6.7055337738384075,-2.31598190998403,0.021515683822437293,0.021515683822437293
O=C(N[C@@H](Cc1ccc(Br)cc1)C(=O)NS(=O)(=O)c1ccccc1)c1cn(Cc2ccc(-c3ccc(Cl)cc3)cc2)c2ccccc12,910.0,-2.9590413923210934,0,train,6.040958607678906,-2.9382394771782008,-0.020801915142892202,0.020801915142892202
Cc1cc(Oc2ccc(Cn3nc4ccc(Cl)cc4c3C(=O)NS(=O)(=O)c3ccc(NCCc4ccncc4)c([N+](=O)[O-])c3)cc2)cc(C)c1Cl,660.0,-2.8195439355418688,0,train,6.180456064458131,-2.8398774257591026,0.02033349021723385,0.02033349021723385
Cc1ccccc1Oc1cc(N2CCN(CC3=C(c4ccc(Cl)cc4)CC(C)(C)CC3)CC2)ccc1C(=O)NS(=O)(=O)c1ccc(NC2CCN(C)CC2)c([N+](=O)[O-])c1,0.119,0.9244530386074693,1,train,9.924453038607469,0.9447686362464485,-0.020315597638979277,0.020315597638979277
CC1(C)CCC(CN2CCN(c3ccc(C(=O)NS(=O)(=O)c4ccc(NCC5(N6CCOCC6)CCCCC5)c([N+](=O)[O-])c4)c(Oc4cnc5[nH]ccc5c4)c3)CC2)=C(c2ccc(Cl)cc2)C1,0.233,0.632644078973981,1,train,9.63264407897398,0.6527803932840847,-0.020136314310103653,0.020136314310103653
CNC(=O)c1cc2ccc(OCc3ccccc3C(=O)O)cc2n1CCCOc1cc(C)c(Cl)c(C)c1,810.0,-2.9084850188786495,0,train,6.0915149811213505,-2.8884077099059677,-0.02007730897268134,0.02007730897268134
CC1(C)CCC(CN2CCN(c3ccc(C(=O)NS(=O)(=O)c4ccc(OCC5COCCO5)c([N+](=O)[O-])c4)c(Oc4cccc5[nH]ncc45)c3)CC2)=C(c2ccc(Cl)cc2)C1,0.028,1.5528419686577808,1,train,10.55284196865778,1.533018004846698,0.019823963811082868,0.019823963811082868
CC1(C)CCC(CN2CCN(c3ccc(C(=O)NS(=O)(=O)c4ccc(NC5CCN(CC(F)(F)F)CC5)c([N+](=O)[O-])c4)c(Oc4cnc5[nH]ccc5c4)c3)CC2)=C(c2ccc(Cl)cc2)C1,0.071,1.1487416512809248,1,train,10.148741651280925,1.129135178687899,0.019606472593025837,0.019606472593025837
CC1(C)CCC(CN2CCN(c3ccc(C(=O)NS(=O)(=O)c4ccc(NCCCN5CCOCC5)c([N+](=O)[O-])c4)c(Oc4ccc5[nH]ccc5c4)c3)CC2)=C(c2ccc(Cl)cc2)C1,0.239,0.6216020990518624,1,train,9.621602099051863,0.6408961800134628,-0.019294080961600457,0.019294080961600457
COc1cc(C(=O)N(C)C)ccc1-c1ccc(C(=O)NS(=O)(=O)c2ccc(NCCSc3ccccc3)c([N+](=O)[O-])c2)cc1,1980.0,-3.296665190261531,0,train,5.703334809738469,-3.277600343186851,-0.019064847074679925,0.019064847074679925
CC(C)C[C@@H](C(=O)O)N1C(=O)/C(=C/c2ccc(Br)cc2)SC1=S,7430.0,-3.870988813760575,1,train,5.129011186239425,-3.852103274675669,-0.01888553908490609,0.01888553908490609
CC1(C)CCC(CN2CCN(c3ccc(C(=O)NS(=O)(=O)c4cnc(OCC5(F)CCOCC5)c(C#N)c4)c(Oc4cccc5[nH]ncc45)c3)CC2)=C(c2ccc(Cl)cc2)C1,0.035,1.4559319556497243,1,train,10.455931955649724,1.4747782721589124,-0.01884631650918811,0.01884631650918811
Cc1cc(OCCCc2c3n(c4c(-c5c(C)nn(C)c5C)c(Cl)ccc24)CCCN(c2cn(C)c4cc(C(=O)O)ccc24)C3=O)cc(C)c1Cl,530.0,-2.724275869600789,0,train,6.275724130399211,-2.742933801633609,0.018657932032819957,0.018657932032819957
COCCNc1ccc(S(=O)(=O)NC(=O)c2ccc(N3CCN(CC4=C(c5ccc(Cl)cc5)CC(C)(C)CC4)CC3)cc2Oc2cc3cc[nH]c3cc2F)cc1[N+](=O)[O-],0.11,0.958607314841775,1,train,9.958607314841775,0.9772205627100246,-0.018613247868249583,0.018613247868249583
O=C(Nc1nc2ccccc2s1)c1cccc2c1CN(c1ccc(-c3cnn(Cc4ccccc4)c3)c(C(=O)O)n1)CC2,117.0,-2.0681858617461617,0,train,6.931814138253838,-2.086506418384912,0.018320556638750318,0.018320556638750318
O=S(=O)(NCCNC(=S)Nc1cc(C(F)(F)F)cc(C(F)(F)F)c1)c1ccc(-c2ccccc2Oc2ccc(O)c(O)c2)s1,2600.0,-3.4149733479708178,0,train,5.585026652029182,-3.4332826723701517,0.01830932439933397,0.01830932439933397
CN1CCC(Nc2ccc(S(=O)(=O)NC(=O)c3ccc(N4CCN(CC5=C(c6ccc(Cl)cc6)CC(C)(C)CC5)CC4)cc3Oc3cccc(F)c3F)cc2[N+](=O)[O-])CC1,0.047,1.3279021420642825,1,train,10.327902142064282,1.3097232665225191,0.01817887554176334,0.01817887554176334
Cc1cc2c(c(O)c1-c1c(C)cc3c(c1O)/C(=C/NCCCC(=O)O)C(=O)C(O)=C3C(C)C)/C(=C/NCCCC(=O)O)C(=O)C(O)=C2C(C)C,235.0,-2.3710678622717363,0,train,6.628932137728263,-2.3892047185945184,0.01813685632278217,0.01813685632278217
CC1(C)CCC(CN2CCN(c3ccc(C(=O)NS(=O)(=O)c4ccc(NCC(F)(F)F)c([N+](=O)[O-])c4)c(Oc4cccc5[nH]ccc45)c3)CC2)=C(c2ccc(Cl)cc2)C1,0.576,0.23957751657678797,1,train,9.239577516576787,0.22152552855695626,0.018051988019831655,0.018051988019831655
CO[C@]1(CF)C[C@@H](CNc2ccc(S(=O)(=O)NC(=O)c3ccc(N4CCN5CC6=C(c7ccc(Cl)cc7)CC(C)(C)C[C@H]6OCCCOC[C@@H]5C4)cc3N3CCCOc4nc5[nH]ccc5cc43)cc2[N+](=O)[O-])C1,0.206,0.6861327796308466,0,train,9.686132779630846,0.668104970584305,0.018027809046541665,0.018027809046541665
CN(C)CCCNc1ccc(S(=O)(=O)NC(=O)c2ccc(N3CCN(CC4=C(c5ccc(Cl)cc5)CCC(C)(C)C4)CC3)cc2Oc2cccc3[nH]ccc23)cc1[N+](=O)[O-],0.268,0.5718652059712112,1,train,9.57186520597121,0.5539329933509939,0.01793221262021727,0.01793221262021727
CC1(C)CCC(CN2CCN(c3ccc(C(=O)NS(=O)(=O)c4cnc(OCC5COCCO5)c(C#N)c4)c(Oc4cc5cc[nH]c5cc4F)c3)CC2)=C(c2ccc(Cl)cc2)C1,0.146,0.8356471442155629,1,train,9.835647144215564,0.8534473565852698,-0.01780021236970697,0.01780021236970697
CC(C)C[C@H](NC(=O)c1cn(Cc2ccc(-c3ccc(Cl)cc3)cc2)c2ccccc12)C(=O)NS(=O)(=O)c1ccccc1,920.0,-2.963787827345555,0,train,6.036212172654444,-2.946529815278688,-0.017258012066867057,0.017258012066867057
CN1CCN(Nc2ccc(S(=O)(=O)NC(=O)c3ccc(N4CCN(CC5=C(c6ccc(Cl)cc6)CC(C)(C)OC5)CC4)cc3Oc3cc4cc[nH]c4cc3F)cc2[N+](=O)[O-])CC1,0.058,1.2365720064370627,1,train,10.236572006437063,1.219644984487729,0.01692702194933382,0.01692702194933382
Cc1cccc(-c2ccc(C[C@@H]3NC(=O)N([C@@H](Cc4ccccc4)C(=O)NS(=O)(=O)c4ccc(Cl)c([N+](=O)[O-])c4)C3=O)cc2)c1,4400.0,-3.6434526764861874,0,train,5.356547323513812,-3.6602741828678296,0.016821506381642592,0.016821506381642592
CC1(C)CCC(CN2CCN(c3ccc(C(=O)NS(=O)(=O)c4cnc(OCC5(F)CCOCC5)c(C#N)c4)c(Oc4cccc5[nH]ccc45)c3)CC2)=C(c2ccc(Cl)cc2)C1,0.083,1.080921907623926,1,train,10.080921907623926,1.064148968595408,0.016772939028518064,0.016772939028518064
COc1ccccc1Oc1ccc2c3c(cccc13)C1=NC(=O)C(C#N)=C12,886.0,-2.9474337218870508,0,train,6.052566278112949,-2.930701016977683,-0.016732704909367957,0.016732704909367957
O=C(/C=C/c1cccc(C(F)(F)F)c1)Nc1ccc(C(=O)NS(=O)(=O)c2ccc(NCCSc3ccccc3)c([N+](=O)[O-])c2)cc1,2600.0,-3.4149733479708178,0,train,5.585026652029182,-3.398302455418348,-0.016670892552469674,0.016670892552469674
CC1(C)CCC(CN2CCN(c3ccc(C(=O)NS(=O)(=O)c4ccc(NCC5CN(C6CC6)CCO5)c([N+](=O)[O-])c4)c(Oc4cccc5[nH]cnc45)c3)CC2)=C(c2ccc(Cl)cc2)C1,0.023,1.6382721639824072,1,train,10.638272163982407,1.6545323555718274,-0.01626019158942027,0.01626019158942027
O=C(N[C@@H](Cc1ccc(OCc2ccc(-c3ccccc3)cc2)cc1)C(=O)NS(=O)(=O)c1ccc(Cl)c([N+](=O)[O-])c1)c1cccnc1,580.0,-2.7634279935629373,0,train,6.236572006437063,-2.7796579742606724,0.01622998069773507,0.01622998069773507
O=C(NS(=O)(=O)c1ccc(N2C(=O)C3CCC3C2=O)cc1)c1ccc(N2CCN(Cc3ccccc3-c3ccc(Cl)cc3)CC2)cc1Oc1ccccc1,33.705,-1.5276943314748102,0,train,7.472305668525189,-1.5439026176536153,0.016208286178805098,0.016208286178805098
CN1CCC(CNc2ccc(S(=O)(=O)NC(=O)c3ccc(N4CCN(CC5=C(c6ccc(Cl)cc6)CC(C)(C)CC5)CC4)cc3Oc3ccc4[nH]ccc4c3)cc2[N+](=O)[O-])CC1,0.077,1.1135092748275182,1,train,10.113509274827518,1.1292229206750857,-0.015713645847567514,0.015713645847567514
CC1(C)CCC(CN2CCN(c3ccc(C(=O)NS(=O)(=O)c4ccc(N[C@@H]5CCN(Cc6cscn6)C[C@@H]5O)c([N+](=O)[O-])c4)c(Oc4cc5cc[nH]c5cc4F)c3)CC2)=C(c2ccc(Cl)cc2)C1,0.168,0.7746907182741372,1,train,9.774690718274137,0.7903932326328106,-0.015702514358673425,0.015702514358673425
Cc1cc(Oc2ccc(Cn3nc4ccc(Cl)cc4c3C(=O)NS(=O)(=O)c3ccc([N+](=O)[O-])c(NCCc4ccco4)c3)cc2)cc(C)c1Cl,840.0,-2.9242792860618816,0,train,6.075720713938118,-2.908883558342247,-0.0153957277196346,0.0153957277196346
CC1(C)CCC(CN2CCN(c3ccc(C(=O)NS(=O)(=O)c4cnc(OCC5CCOCC5)c(C#N)c4)c(Oc4cc5cc[nH]c5cc4F)c3)CC2)=C(c2ccc(Cl)cc2)C1,0.113,0.9469215565165803,1,train,9.94692155651658,0.9623060914372753,-0.015384534920694914,0.015384534920694914
CC1(C)CC(c2ccc(Cl)cc2)=C2CN3CCN(c4ccc(C(=O)NS(=O)(=O)c5ccc(NCC6CCCCO6)c([N+](=O)[O-])c5)c(N5CCCOc6nc7[nH]ccc7cc65)c4)C[C@H]3COCCCO[C@@H]2C1,0.238,0.623423042943488,0,train,9.623423042943488,0.6083887175948751,0.015034325348612931,0.015034325348612931
CN(C)CC[C@H](CSc1ccccc1)Nc1ccc(S(=O)(=O)NC(=O)c2csc(N3CCc4cccc(C(=O)Nc5nc6ccccc6s5)c4C3)n2)cc1[N+](=O)[O-],31.0,-1.4913616938342726,0,train,7.508638306165727,-1.4764317604105726,-0.014929933423700081,0.014929933423700081
O=C(NS(=O)(=O)c1ccc(NC2CCN(C3CCOCC3)CC2)c([N+](=O)[O-])c1)c1ccc(N2CCN(Cc3ccc(C(F)(F)F)cc3-c3ccc(Cl)cc3)CC2)cc1Oc1ccc2[nH]ccc2c1,5.417,-0.7337588355872027,0,train,8.266241164412797,-0.7485876359021694,0.014828800314966695,0.014828800314966695
Cc1cccc(C)c1N1C(=O)/C(=C/c2ccc(OCC(=O)Nc3ccc(C(=O)O)cc3)cc2)SC1=S,7600.0,-3.8808135922807914,0,train,5.119186407719209,-3.866032067301616,-0.014781524979175842,0.014781524979175842
Cc1cc(OCCCc2c3n(c4c(-c5c(C)nn(C)c5C)c(Cl)ccc24)[C@H](C)CN(c2cc(C(=O)O)c4ccn(C)c4c2)C3=O)cc(C)c1Cl,770.0,-2.886490725172482,0,train,6.113509274827518,-2.8717458318710847,-0.014744893301397166,0.014744893301397166
Cc1nc2cc(Oc3cc(N4CCN(Cc5ccccc5-c5ccc(Cl)cc5)CC4)ccc3C(=O)NS(=O)(=O)c3ccc(NCC4CCOCC4)c([N+](=O)[O-])c3)ccc2s1,10.626,-1.0263698115737183,1,train,7.973630188426282,-1.0118498931539035,-0.014519918419814815,0.014519918419814815
O=C(O)c1c(CCCOc2cccc3c2CCCC3)c2cccc3c2n1CCS3,3700.0,-3.568201724066995,0,train,5.431798275933005,-3.553886453419652,-0.014315270647343059,0.014315270647343059
CC(C)(C)OC(=O)N[C@@H](Cc1ccc(OCc2ccc(Oc3ccccc3)cc2)cc1)C(=O)NS(=O)(=O)c1ccc(Cl)c([N+](=O)[O-])c1,700.0,-2.845098040014257,0,train,6.154901959985743,-2.859404028667526,0.014305988653269264,0.014305988653269264
Cc1cc(OCCCc2c3n(c4c(-c5c(C)nn(C)c5C)c(Cl)ccc24)CCCN(c2cn(C)c4ccc(C(=O)O)cc24)C3=O)cc(C)c1Cl,560.0,-2.7481880270062002,0,train,6.251811972993799,-2.762401724903254,0.014213697897054178,0.014213697897054178
CC1(C)CCC(CN2CCN(c3ccc(C(=O)NS(=O)(=O)c4cnc(OCC5(F)CCOCC5)c(Cl)c4)c(Oc4cc5cc[nH]c5cc4F)c3)CC2)=C(c2ccc(Cl)cc2)C1,0.037,1.431798275933005,1,train,10.431798275933005,1.4459788489512102,-0.01418057301820519,0.01418057301820519
Cc1cc(OCCCn2nc(C(=O)NS(=O)(=O)c3ccc(N4CCOCC4)c([N+](=O)[O-])c3)c3cc(Cl)ccc32)cc(C)c1Cl,868.0,-2.938519725176492,1,train,6.0614802748235075,-2.924639874348266,-0.013879850828225848,0.013879850828225848
CCCCNC(=O)c1cc(O)c(O)c(O)c1NC(=O)c1ccccc1,1925.0,-3.2844307338445193,0,train,5.71556926615548,-3.2707301762945007,-0.013700557550019088,0.013700557550019088
CC(C)(C)OC(=O)N1C[C@@H](Oc2ccc(-c3ccccc3)cc2)C[C@H]1C(=O)N[C@@H](Cc1ccc(OCc2ccc(Br)cc2)cc1)C(=O)NS(=O)(=O)c1ccc(Cl)c([N+](=O)[O-])c1,680.0,-2.832508912706236,0,train,6.167491087293763,-2.8458369711762908,0.013328058470054582,0.013328058470054582
C=c1c(-c2c(O)c3cc(O)c(O)c(=CCCc4ccccc4)c3c(O)c2=C)c(O)c2cc(O)c(O)c(=CCCc3ccccc3)c2c1O,1450.0,-3.161368002234975,0,train,5.838631997765026,-3.174687036454963,0.013319034219988257,0.013319034219988257
Cc1cc(OCCCn2ccc3cc(OCc4ccccc4C(=O)O)ccc32)cc(C)c1Cl,760.0,-2.8808135922807914,0,train,6.119186407719209,-2.8675309781989693,-0.013282614081822519,0.013282614081822519
CC1(C)CC(c2ccc(Cl)cc2)=C(CN2CCN(c3ccc(C(=O)NS(=O)(=O)c4ccc(NC5CCC(N6CCOCC6)CC5)c([N+](=O)[O-])c4)c(Oc4cc5cc[nH]c5cc4F)c3)CC2)CO1,0.077,1.1135092748275182,1,train,10.113509274827518,1.1266336133244785,-0.013124338496960375,0.013124338496960375
CN(C)CCCC(O)(c1ccccc1)c1ccc(OCCc2cccc(-c3ccc(C(=O)O)cc3)c2)cc1,8000.0,-3.9030899869919438,1,train,5.096910013008056,-3.89023227102301,-0.012857715968934258,0.012857715968934258
Cc1cc(Oc2ccc(Cn3nc4ccc(Cl)cc4c3C(=O)NS(=O)(=O)c3ccc([N+](=O)[O-])c(NCc4ccn(C)n4)c3)cc2)cc(C)c1Cl,710.0,-2.8512583487190755,0,train,6.1487416512809245,-2.838757129257453,-0.012501219461622526,0.012501219461622526
CC1=NN(c2nc(-c3ccccc3)cs2)C(=O)/C1=C/c1ccccc1,1900.0,-3.278753600952829,0,train,5.721246399047171,-3.266298059050947,-0.012455541901881695,0.012455541901881695
Cc1cc(OCCCc2c3n(c4c(-c5c(C)nn(C)c5C)c(Cl)ccc24)[C@H](C)CN(c2ccc(C(=O)O)cc2)C3=O)cc(C)c1Cl,690.0,-2.838849090737255,0,train,6.161150909262744,-2.851300145506683,0.01245105476942765,0.01245105476942765
CC1(C)CC(c2ccc(Cl)cc2)=C2CN3CCN(c4ccc(C(=O)NS(=O)(=O)c5ccc(NC[C@H]6CC[C@](O)(CF)CC6)c([N+](=O)[O-])c5)c(N5CCCOc6nc7[nH]ccc7cc65)c4)C[C@H]3COCCCO[C@@H]2C1,0.24,0.619788758288394,0,train,9.619788758288394,0.6320534155991607,-0.012264657310766758,0.012264657310766758
Cc1nc2ccc(Oc3cc(N4CCN(Cc5ccccc5-c5ccc(Cl)cc5)CC4)ccc3C(=O)NS(=O)(=O)c3ccc(NCC4CCOCC4)c([N+](=O)[O-])c3)cc2s1,8.27,-0.9175055095525466,1,train,8.082494490447454,-0.9296042425981067,0.012098733045560084,0.012098733045560084
CC1(C)CCC(CN2CCN(c3ccc(C(=O)NS(=O)(=O)c4cnc(OCC5CCC(F)(F)CC5)c(Cl)c4)c(Oc4cnc5[nH]ccc5c4)c3)CC2)=C(c2ccc(Cl)cc2)C1,0.081,1.0915149811213503,1,train,10.09151498112135,1.0796100479032344,0.011904933218116032,0.011904933218116032
CC(=O)N[C@@H](Cc1ccccc1)C(=O)Nc1ccc(C(=O)NS(=O)(=O)c2ccc(NCCSc3ccccc3)c([N+](=O)[O-])c2)cc1,3390.0,-3.530199698203082,0,train,5.4698003017969175,-3.518342732699236,-0.011856965503846073,0.011856965503846073
COCCN1CCC(F)(COc2ncc(S(=O)(=O)NC(=O)c3ccc(N4CCN5CC6=C(c7ccc(Cl)cc7)CC(C)(C)C[C@H]6OCCCOC[C@@H]5C4)cc3N3CCCOc4nc5[nH]ccc5cc43)cc2Cl)CC1,0.339,0.4698003017969178,0,train,9.469800301796917,0.4581762055730709,0.011624096223846858,0.011624096223846858
Cc1cc(Oc2ccc(Cn3nc4ccc(Cl)cc4c3C(=O)NS(=O)(=O)c3ccc([N+](=O)[O-])c(NCCc4ccncc4)c3)cc2)cc(C)c1Cl,770.0,-2.886490725172482,0,train,6.113509274827518,-2.8979974106012385,0.011506685428756658,0.011506685428756658
CN1CCC(Nc2ccc(S(=O)(=O)NC(=O)c3ccc(N4CCN(CC5=C(c6ccc(Cl)cc6)CC(C)(C)CC5)CC4)cc3Oc3cccc(Cl)c3Cl)cc2[N+](=O)[O-])CC1,0.082,1.0861861476162833,1,train,10.086186147616283,1.097589097246654,-0.011402949630370696,0.011402949630370696
CCN(CC)C1CCC(Nc2ccc(S(=O)(=O)NC(=O)c3ccc(N4CCN(CC5=C(c6ccc(Cl)cc6)CC(C)(C)CC5)CC4)cc3Oc3cccc(Cl)c3)cc2[N+](=O)[O-])CC1,0.075,1.1249387366083,1,train,10.1249387366083,1.1359449293822315,-0.011006192773931556,0.011006192773931556
CC1(C)CCC(CN2CCN(c3ccc(C(=O)NS(=O)(=O)c4ccc(NC5CCN(CCN6CCOCC6)CC5)c([N+](=O)[O-])c4)c(Oc4cccc(Cl)c4)c3)CC2)=C(c2ccc(Cl)cc2)C1,0.077,1.1135092748275182,1,train,10.113509274827518,1.1244631386638024,-0.010953863836284272,0.010953863836284272
CN1CCC(Nc2ccc(S(=O)(=O)NC(=O)c3ccc(N4CCN(CC5=C(c6ccc(Cl)cc6)CC(C)(C)CC5)CC4)cc3Oc3cc4cc[nH]c4cc3C(F)(F)F)cc2[N+](=O)[O-])CC1,0.174,0.7594507517174003,1,train,9.7594507517174,0.7487395615030397,0.010711190214360622,0.010711190214360622
CC1(C)CCC(CN2CCN(c3ccc(C(=O)NS(=O)(=O)c4ccc(NCC5CCOCC5)c([N+](=O)[O-])c4)c(Oc4ccnc(N)c4)c3)CC2)=C(c2ccc(Cl)cc2)C1,1.012,-0.005180512503780314,1,train,8.994819487496219,0.004908855383391969,-0.01008936788717227,0.01008936788717227
Cc1c(C(=O)NCCCN2CCN(C)CC2)c(-c2cccc(N3CCN(c4ccc(NS(=O)(=O)c5cccc(S(=O)(=O)C6CC6)c5)cc4)CC3)c2)c(-c2ccc(Cl)cc2)n1C,218.0,-2.3384564936046046,0,train,6.661543506395395,-2.3482194649140804,0.009762971309475788,0.009762971309475788
CC1(C)CCC(CN2CCN(c3ccc(C(=O)NS(=O)(=O)c4ccc(NC5CCN(C6CCCC6)CC5)c([N+](=O)[O-])c4)c(Oc4cccc(Cl)c4)c3)CC2)=C(c2ccc(Cl)cc2)C1,0.067,1.1739251972991736,1,train,10.173925197299173,1.1642632046357526,0.009661992663420937,0.009661992663420937
CC1=NN(c2nc(-c3ccccc3)cs2)C(=O)/C1=C/c1ncc[nH]1,2000.0,-3.3010299956639813,0,train,5.698970004336019,-3.2918283837960893,-0.009201611867891923,0.009201611867891923
CC1=C[C@@H](/C=C(\Cl)c2ccc(C(=O)O)cc2)[C@]2(C(=O)O)C=C[C@@H](CCn3cc(-c4ccccc4)nn3)C[C@@H]2C1,1540.0,-3.187520720836463,0,train,5.8124792791635365,-3.178375965368866,-0.009144755467596966,0.009144755467596966
Cc1cc(Oc2ccc(Cn3nc(C(=O)NS(=O)(=O)c4ccc(NCc5cccnc5)c([N+](=O)[O-])c4)c4cc(Cl)ccc43)cc2)cc(C)c1Cl,611.0,-2.786041210242554,0,train,6.213958789757446,-2.7951844753189046,0.009143265076350549,0.009143265076350549
N#Cc1ccc(Oc2cc(N3CCN(Cc4ccccc4-c4ccc(Cl)cc4)CC3)ccc2C(=O)NS(=O)(=O)c2ccc(NCC3CCOCC3)c([N+](=O)[O-])c2)cc1,31.666,-1.5005932074312172,1,train,7.499406792568783,-1.5088485552404323,0.008255347809215108,0.008255347809215108
O=C(Nc1nc2ccccc2s1)c1cccc2c1CN(c1nc(C(=O)O)c(CCCOc3cccc(-n4ncc5cncnc54)c3)s1)CC2,220.0,-2.342422680822206,1,train,6.657577319177793,-2.3342364006534333,-0.008186280168772875,0.008186280168772875
O=C(NS(=O)(=O)c1ccc(NCCSc2ccccc2)c([N+](=O)[O-])c1)c1ccc(NC(=O)c2ccccc2F)cc1,1090.0,-3.037426497940624,1,train,5.962573502059376,-3.045533373626703,0.008106875686079373,0.008106875686079373
Cc1c(C(=O)NCCCN2CCN(C)CC2)c(-c2cccc(N3CCN(c4ccc(NS(=O)(=O)c5cccc(F)c5)cc4)CC3)c2)c(-c2ccc(Cl)cc2)n1C,253.0,-2.403120521175818,0,train,6.596879478824182,-2.39532823784842,-0.0077922833273977865,0.0077922833273977865
CC(C)N1CCC(Nc2ccc(S(=O)(=O)NC(=O)c3ccc(N4CCN(CC5=C(c6ccc(Cl)cc6)CC(C)(C)CC5)CC4)cc3Oc3cccc(Cl)c3)cc2[N+](=O)[O-])CC1,0.046,1.337242168318426,1,train,10.337242168318426,1.3298100662249774,0.007432102093448467,0.007432102093448467
O=C(/C=C/c1ccccc1C(F)(F)F)Nc1ccc(C(=O)NS(=O)(=O)c2ccc(NCCSc3ccccc3)c([N+](=O)[O-])c2)cc1,1700.0,-3.230448921378274,0,train,5.769551078621726,-3.2231071522521986,-0.007341769126075537,0.007341769126075537
CC1(C)CCC(CN2CCN(c3ccc(C(=O)NS(=O)(=O)c4ccc(NCC5CCOCC5)c([N+](=O)[O-])c4)c(Oc4ccc(NCC(F)F)nc4)c3)CC2)=C(c2ccc(Cl)cc2)C1,57.705,-1.7612134453624968,1,train,7.238786554637503,-1.7683513553081276,0.007137909945630794,0.007137909945630794
O=C(NS(=O)(=O)c1ccc(NCCCN2CCOCC2)c([N+](=O)[O-])c1)c1ccc(N2CCN(Cc3ccccc3-c3ccc(Cl)cc3)CC2)cc1Oc1ccc2ccccc2c1,0.796,0.09908693226233094,1,train,9.099086932262331,0.10615802441839647,-0.007071092156065578,0.007071092156065578
CN1CC(Nc2ccc(S(=O)(=O)NC(=O)c3ccc(N4CCN(CC5=C(c6ccc(Cl)cc6)CC(C)(C)CC5)CC4)cc3Oc3ccc4[nH]ccc4c3)cc2[N+](=O)[O-])CCC1=O,0.164,0.785156151952302,1,train,9.785156151952302,0.7918224078789774,-0.006666255926675357,0.006666255926675357
CN(C)CCCc1ccccc1Oc1cc(N2CCN(Cc3ccccc3-c3ccc(Cl)cc3)CC2)ccc1C(=O)NS(=O)(=O)c1ccc(NCC2CCOCC2)c([N+](=O)[O-])c1,1.326,-0.12254352406875435,1,train,8.877456475931245,-0.12920647931644935,0.006662955247695057,0.006662955247695057
Cc1ccc(Oc2ccc3c4c(cccc24)C2=NC(=O)C(C#N)=C23)cc1,445.0,-2.6483600109809315,1,train,6.351639989019068,-2.642105477204584,-0.006254533776347326,0.006254533776347326
O=C(NCCNS(=O)(=O)c1sccc1-c1ccccc1Oc1ccc(O)c(O)c1)Nc1cc(Cl)cc(Cl)c1,4600.0,-3.662757831681574,0,train,5.337242168318426,-3.6568135426158572,-0.005944289065716646,0.005944289065716646
Cc1ccc(-c2ccc(O[C@H]3C[C@@H](C(=O)N[C@@H](Cc4ccc(OCc5ccc([N+](=O)[O-])cc5)cc4)C(=O)NS(=O)(=O)c4ccc(Cl)c([N+](=O)[O-])c4)N(C(=O)OC(C)(C)C)C3)cc2)cc1,750.0,-2.8750612633917,0,train,6.1249387366083,-2.869373506317073,-0.005687757074626987,0.005687757074626987
Cc1ccccc1N1C(=O)/C(=C/c2cccc(OCc3ccc(C(=O)O)cc3)c2)SC1=S,3100.0,-3.4913616938342726,0,train,5.508638306165727,-3.485690030325733,-0.005671663508539648,0.005671663508539648
COc1cccc(/C=C/C(=O)Nc2ccc(C(=O)NS(=O)(=O)c3ccc(NCCSc4ccccc4)c([N+](=O)[O-])c3)cc2)c1,1900.0,-3.278753600952829,0,train,5.721246399047171,-3.284244178826938,0.005490577874109004,0.005490577874109004
CC1(C)CC(c2ccc(Cl)cc2)=C2CN3CCN(c4ccc(C(=O)NS(=O)(=O)c5ccc(NC[C@H]6CC[C@](O)(CF)CO6)c([N+](=O)[O-])c5)c(N5CCCOc6nc7[nH]ccc7cc65)c4)C[C@H]3COCCCO[C@@H]2C1,0.24,0.619788758288394,0,train,9.619788758288394,0.625207617787432,-0.005418859499037976,0.005418859499037976
CC1(C)CCC(CN2CCN(c3ccc(C(=O)NS(=O)(=O)c4ccc(NCC5CCOCC5)c([N+](=O)[O-])c4)c(Oc4cccc(Cl)c4)c3)CC2)=C(c2ccc(Cl)cc2)C1,0.065,1.1870866433571443,1,train,10.187086643357144,1.1817298241994265,0.005356819157717796,0.005356819157717796
CC1(C)CCC(CN2CCN(c3ccc(C(=O)NS(=O)(=O)c4ccc(OCC5(F)CCOCC5)c([N+](=O)[O-])c4)c(Oc4cnc(N)c(Br)c4)c3)CC2)=C(c2ccc(Cl)cc2)C1,0.05,1.3010299956639813,1,train,10.301029995663981,1.3061251537588823,-0.00509515809490102,0.00509515809490102
COCCN1CCC(Nc2ccc(S(=O)(=O)NC(=O)c3ccc(N4CCN(CC5=C(c6ccc(Cl)cc6)CC(C)(C)CC5)CC4)cc3Oc3ccc4[nH]ccc4c3)cc2[N+](=O)[O-])CC1,0.144,0.8416375079047503,1,train,9.84163750790475,0.8369526213413703,0.004684886563380064,0.004684886563380064
CC1(C)CCC(CN2CCN(c3ccc(C(=O)NS(=O)(=O)c4cnc(NCC5CCOCC5)c(-c5nccs5)c4)c(Oc4cccc5[nH]ccc45)c3)CC2)=C(c2ccc(Cl)cc2)C1,1.077,-0.03221570329798157,1,train,8.967784296702018,-0.027750928737413198,-0.004464774560568301,0.004464774560568301
Cc1cc(Oc2ccc(Cn3nc4ccc(Cl)cc4c3C(=O)NS(=O)(=O)c3ccc(NCCc4ccco4)c([N+](=O)[O-])c3)cc2)cc(C)c1Cl,620.0,-2.792391689498254,0,train,6.207608310501746,-2.788034613003798,-0.004357076494455825,0.004357076494455825
O=C(NCCNS(=O)(=O)c1ccc(-c2ccccc2Oc2ccc(O)c(O)c2)s1)Nc1cc(Cl)cc(Cl)c1,3600.0,-3.5563025007672873,0,train,5.443697499232712,-3.552142295583767,-0.00416020518352056,0.00416020518352056
O=C(Nc1nc2ccccc2s1)c1cccc2c1CN(c1nc(C(=O)O)c(CCCOc3ccc(-n4cccn4)cc3)s1)CC2,150.0,-2.1760912590556813,1,train,6.823908740944319,-2.1802501483404653,0.004158889284783918,0.004158889284783918
COc1ccc2c(c1)c(CC(=O)N[C@@H](Cc1ccc(OCc3ccccc3)cc1)C(=O)NS(=O)(=O)c1ccc(Cl)c([N+](=O)[O-])c1)c(C)n2C(=O)c1ccc(Cl)cc1,520.0,-2.716003343634799,0,train,6.2839966563652006,-2.71189353054043,-0.004109813094368864,0.004109813094368864
O=C(Nc1nc2ccccc2s1)c1cccc2c1CN(c1nc(C(=O)O)c(CCCOc3ccc(-n4ncc5cncnc54)cc3)s1)CC2,170.0,-2.230448921378274,1,train,6.769551078621726,-2.234459427559007,0.004010506180732953,0.004010506180732953
CC1(C)CCC(CN2CCN(c3ccc(C(=O)NS(=O)(=O)c4ccc(OCC5(F)CCOCC5)c(Cl)c4)c(Oc4cnc(N)c(Cl)c4)c3)CC2)=C(c2ccc(Cl)cc2)C1,0.069,1.1611509092627446,1,train,10.161150909262744,1.1572485314907746,0.0039023777719700004,0.0039023777719700004
CN(C)CCOc1cccc(-c2ccc(Cl)cc2)c1CN1CCN(c2ccc(C(=O)NS(=O)(=O)c3ccc(NCC4CCOCC4)c([N+](=O)[O-])c3)c(Oc3ccccc3)c2)CC1,0.058,1.2365720064370627,0,train,10.236572006437063,1.2401079899278427,-0.0035359834907797705,0.0035359834907797705
COCCOCCNc1ccc(S(=O)(=O)NC(=O)c2ccc(N3CCN(CC4=C(c5ccc(Cl)cc5)CC(C)(C)CC4)CC3)cc2Oc2ccc3[nH]ccc3c2)cc1[N+](=O)[O-],0.315,0.5016894462103995,1,train,9.5016894462104,0.5052058697909687,-0.00351642358056925,0.00351642358056925
CN1CCC(Nc2ccc(S(=O)(=O)NC(=O)c3ccc(N4CCN(CC5=C(c6ccc(Cl)cc6)CC(C)(C)CC5)CC4)cc3Oc3cnc(N)c(Cl)c3)cc2S(=O)(=O)C(F)(F)F)CC1,0.114,0.9430951486635274,1,train,9.943095148663527,0.9464794155619678,-0.0033842668984404023,0.0033842668984404023
CCc1sc2ncnc(NC(C(=O)O)c3ccccc3)c2c1-c1cccc(Oc2ccc(F)cc2)c1,13000.0,-4.113943352306837,0,train,4.886056647693163,-4.1171011512720845,0.0031577989652475935,0.0031577989652475935
CC(C)(C)OC(=O)N[C@@H](Cc1ccc(OCc2ccc(-c3ccc(Cl)cc3)cc2)cc1)C(=O)NS(=O)(=O)c1ccc(Cl)c([N+](=O)[O-])c1,580.0,-2.7634279935629373,0,train,6.236572006437063,-2.7604928734706546,-0.0029351200922826948,0.0029351200922826948
CN1CCN(CCNc2ccc(S(=O)(=O)NC(=O)c3ccc(N4CCN(CC5=C(c6ccc(Cl)cc6)CC(C)(C)CC5)CC4)cc3Oc3cccc4[nH]ccc34)cc2[N+](=O)[O-])CC1,0.092,1.0362121726544447,1,train,10.036212172654444,1.0334269940683283,0.002785178586116599,0.002785178586116599
COc1cccc(COc2ccc(C[C@H](NC(=O)Cc3c(C)n(C(=O)c4ccc(Cl)cc4)c4ccc(OC)cc34)C(=O)NS(=O)(=O)c3ccc(Cl)c([N+](=O)[O-])c3)cc2)c1,480.0,-2.681241237375587,0,train,6.318758762624412,-2.6839393106732725,0.002698073297685344,0.002698073297685344
CCN(CC)C1CCC(Nc2ccc(S(=O)(=O)NC(=O)c3ccc(N4CCN(CC5=C(c6ccc(Cl)cc6)CC(C)(C)CC5)CC4)cc3Oc3ccc4[nH]ccc4c3)cc2[N+](=O)[O-])CC1,0.125,0.9030899869919435,1,train,9.903089986991944,0.9057622470332244,-0.0026722600412807385,0.0026722600412807385
O=C(NS(=O)(=O)c1ccc(NCC2CCOCC2)c([N+](=O)[O-])c1)c1ccc(N2CCN(Cc3ccccc3-c3ccc(Cl)cc3)CC2)cc1Oc1cccnc1,2.05,-0.31175386105575426,1,train,8.688246138944246,-0.3141082162146823,0.002354355158928123,0.002354355158928123
CC1(C)CCC(CN2CCN(c3ccc(C(=O)NS(=O)(=O)c4ccc(NCC5CCOCC5)c([N+](=O)[O-])c4)c(Oc4ccc5[nH]cc(Cl)c5c4)c3)CC2)=C(c2ccc(Cl)cc2)C1,0.363,0.4400933749638875,1,train,9.440093374963887,0.4378837857690154,0.0022095891948721302,0.0022095891948721302
Cc1cc(OCCCc2c(C(=O)NCc3cc(C(=O)O)n(C)c3)[nH]c3c(-c4c(C)nn(C)c4C)cccc23)cc(C)c1Cl,3540.0,-3.5490032620257876,0,train,5.450996737974212,-3.5470268672895715,-0.00197639473621658,0.00197639473621658
O=C(NS(=O)(=O)c1ccc(NCC2CCOCC2)c([N+](=O)[O-])c1)c1ccc(N2CCN(Cc3cc(OCCN4CCOCC4)ccc3-c3ccc(Cl)cc3)CC2)cc1Oc1cccc2[nH]ccc12,0.14,0.8538719643217619,1,train,9.853871964321762,0.8558371988726576,-0.0019652345508957003,0.0019652345508957003
CN(C)CC[C@H](CSc1ccccc1)Nc1ccc(S(=O)(=O)NC(=O)c2ccc(N3CCN(Cc4ccccc4S(C)(=O)=O)CC3)cc2)cc1[N+](=O)[O-],4.6,-0.6627578316815741,0,train,8.337242168318426,-0.6646516570599738,0.0018938253783996606,0.0018938253783996606
CC1(C)CCC(CN2CCN(c3ccc(C(=O)NS(=O)(=O)c4ccc(NCCN5CCNC(=O)C5)c([N+](=O)[O-])c4)c(Oc4cccc5[nH]ccc45)c3)CC2)=C(c2ccc(Cl)cc2)C1,0.178,0.7495799976911061,1,train,9.749579997691106,0.7478382819913854,0.0017417156997207028,0.0017417156997207028
O=C([C@@H]1[C@@H](CO)[C@@H]2Cn3c(cccc3=O)[C@@H]2N1Cc1ccc(Cl)c(Cl)c1)N1CCC(c2ccc(F)cc2)CC1,2200.0,-3.342422680822206,0,train,5.657577319177793,-3.343469536344473,0.0010468555222669096,0.0010468555222669096
CC(=O)N1CCC(Nc2ccc(S(=O)(=O)NC(=O)c3ccc(N4CCN(CC5=C(c6ccc(Cl)cc6)CC(C)(C)CC5)CC4)cc3Oc3ccc4[nH]ccc4c3)cc2[N+](=O)[O-])CC1,0.179,0.7471469690201069,1,train,9.747146969020108,0.7463495146000253,0.0007974544200816114,0.0007974544200816114
COc1ccc2c(c1)c(CC(=O)N[C@@H](Cc1ccc(OCc3ccc([N+](=O)[O-])cc3)cc1)C(=O)NS(=O)(=O)c1ccc(Cl)c([N+](=O)[O-])c1)c(C)n2C(=O)c1ccc(Cl)cc1,510.0,-2.7075701760979363,0,train,6.292429823902063,-2.7080880225868484,0.000517846488912177,0.000517846488912177
CC1=NN(c2nc(-c3ccccc3)cs2)C(=O)/C1=C/c1ccc(-c2ccccc2)cc1,1600.0,-3.204119982655925,0,train,5.795880017344075,-3.203813736898121,-0.0003062457578040245,0.0003062457578040245
Cc1cc(Oc2ccc(Cn3nc4ccc(Cl)cc4c3C(=O)NS(=O)(=O)c3ccc(NCc4ccn(C)n4)c([N+](=O)[O-])c3)cc2)cc(C)c1Cl,600.0,-2.7781512503836434,0,train,6.221848749616356,-2.77801956923181,-0.0001316811518332628,0.0001316811518332628
