smiles,exp_mean [nM],y,cliff_mol,split,y[exp_mean [nM],Predicted_y,Error,Abs_Error
O=C(NCc1ccccc1)c1c[nH]n2c(=O)cc(-c3ccncc3)nc12,2.512,-0.40001963506515853,0,test,8.599980364934842,-2.783097125610885,2.3830774905457264,2.3830774905457264
Nc1nnc2cncc(Cl)n12,31622.78,-4.500000046671104,0,test,4.499999953328896,-2.46524000780897,-2.0347600388621343,2.0347600388621343
O=C1Nc2ccc3ncsc3c2C1=CNc1ccc(S(=O)(=O)Nc2ccccn2)cc1,3.162,-0.4999618655961902,0,test,8.500038134403809,-2.475039739006743,1.975077873410553,1.975077873410553
COc1ccc(-c2cc3nccn3c(Nc3ncccc3C(N)=O)n2)cc1OC,19.95,-1.299942900022767,0,test,7.700057099977233,-3.126717757608125,1.826774857585358,1.826774857585358
COC(=O)c1csc2ccc(=O)[nH]c12,79432.82,-4.899999981014695,0,test,4.100000018985305,-3.220482509679261,-1.6795174713354335,1.6795174713354335
Fc1cccc(CNc2ncnc3[nH]cnc23)c1,50118.72,-4.699999970860911,0,test,4.300000029139089,-3.1748554657636454,-1.5251445050972654,1.5251445050972654
Cc1n[nH]c2ccc(-c3cncc(OCC(N)Cc4c[nH]c5ccccc45)c3)cc12,10.0,-1.0,0,test,8.0,-2.4201154005809964,1.4201154005809964,1.4201154005809964
CCOc1ccc2c(-c3ccnc(Nc4cc(OC)cc(C(F)(F)F)c4)n3)cnn2n1,3160.0,-3.499687082618404,1,test,5.500312917381596,-2.084172631426741,-1.415514451191663,1.415514451191663
NC(COc1cncc(-c2cc3ccncc3s2)c1)Cc1c[nH]c2ccccc12,12.59,-1.1000257301078626,1,test,7.899974269892137,-2.469515905477912,1.3694901753700495,1.3694901753700495
O=C1NCCC12CCN(c1c(Cl)cncc1-c1cc3ccccc3s1)CC2,4.0,-0.6020599913279624,0,test,8.397940008672037,-1.9613123169590714,1.3592523256311089,1.3592523256311089
OCCNc1cc2cc(-c3ccncc3)ccc2cn1,6309.57,-3.799999762890647,0,test,5.200000237109354,-2.4837161546974964,-1.3162836081931504,1.3162836081931504
Oc1ccc2oc3ncc(O)c(-c4ccccc4)c3c2c1,20.0,-1.3010299956639813,0,test,7.698970004336019,-2.5919191052941617,1.2908891096301804,1.2908891096301804
CN1CCN(c2nc(C3=C(c4c[nH]c5ccccc45)C(=O)NC3=O)c3ccccc3n2)CC1,199.53,-2.300008202553813,0,test,6.699991797446187,-3.541820973839451,1.241812771285638,1.241812771285638
Cc1nc(N)sc1-c1ccnc(Nc2ccc(N3CCOCC3)cc2)n1,1584.89,-3.1999991251967965,0,test,5.800000874803203,-1.9626733882749436,-1.2373257369218529,1.2373257369218529
CN(C)Cc1ccncc1NC(=O)c1nc(-c2ccc(S(=O)(=O)N3CCCC3)cc2)cnc1N,0.48,0.3187587626244128,0,test,9.318758762624412,-0.9090154581968335,1.2277742208212463,1.2277742208212463
O=c1[nH][nH]c2ccc(Br)cc12,19952.62,-4.29999993144297,0,test,4.70000006855703,-3.1288181291811408,-1.1711818022618297,1.1711818022618297
COc1ccc(C2=NNC(=O)/C2=N\Nc2cccc(Cl)c2)cc1OC,0.4,0.3979400086720376,1,test,9.397940008672037,-0.7626539797834652,1.1605939884555028,1.1605939884555028
COc1cccc(C(C)NC(=O)c2ccc(-c3ccncc3F)cc2OC)c1,39.81,-1.599992177584098,1,test,7.400007822415902,-2.7570202915688093,1.1570281139847114,1.1570281139847114
COc1ccc(CNC(=O)Nc2ncc([N+](=O)[O-])s2)cc1,34.78,-1.5413295776666938,0,test,7.458670422333306,-2.686964408522206,1.1456348308555122,1.1456348308555122
CC(=O)N(C)c1ccc(Sc2nc(Nc3cc(C)[nH]n3)c3ccccc3n2)cc1,17.0,-1.2304489213782739,1,test,7.769551078621726,-2.3689676011845835,1.1385186798063094,1.1385186798063094
CN1CCN(c2cccc(Nc3nccc(-c4c(C(N)=O)nc5ccccn45)n3)c2)CC1,1584.89,-3.1999991251967965,0,test,5.800000874803203,-2.07068688571699,-1.1293122394798067,1.1293122394798067
Nc1n[nH]c2ccc(-c3cn(Cc4ccccc4)nn3)cc12,265.0,-2.423245873936808,0,test,6.576754126063192,-1.3419675425976036,-1.0812783313392043,1.0812783313392043
Cc1ccccc1Nc1nccc(-c2cnn3ncccc23)n1,6000.0,-3.7781512503836434,1,test,5.221848749616356,-2.697459668883233,-1.0806915815004103,1.0806915815004103
CCCOc1ccc2c(-c3ccnc(Nc4cccc(C(F)(F)F)c4)n3)cnn2n1,790.0,-2.8976270912904414,1,test,6.102372908709558,-1.850975794421075,-1.0466512968693664,1.0466512968693664
O=C(Cc1ccccc1)Nc1cccc(-c2nc3sccn3c2-c2ccnc(Nc3cccc(N4CCOCC4)c3)n2)c1,794.33,-2.9000009651534695,1,test,6.0999990348465305,-1.8695805141352562,-1.030420451018213,1.030420451018213
CNS(=O)(=O)c1ccccc1Nc1nc(Nc2cc(N3CCN(C(C)=O)CC3)ccc2OC)ncc1Br,3162.28,-3.5000003213429354,0,test,5.499999678657065,-2.481376547995623,-1.0186237733473127,1.0186237733473127
O=C1CCCN1Cc1ccc2c(c1)[nH]c(=O)c1cccn12,50.12,-1.7000110623221123,0,test,7.299988937677888,-2.679309812737807,0.9792987504156949,0.9792987504156949
COc1ccc(C2=NNC(=O)/C2=N\Nc2ccc(N(C)C)cc2)cc1,110.0,-2.041392685158225,1,test,6.958607314841775,-1.0917389221922011,-0.9496537629660238,0.9496537629660238
FC(F)(F)c1cccc(-c2nnc3ccc(NC4CCNCC4)nn23)c1,2900.0,-3.462397997898956,0,test,5.537602002101044,-2.517537435775284,-0.9448605621236719,0.9448605621236719
Cc1ccc(Nc2nccc(Nc3ccccc3C(=O)O)n2)cc1F,3.162,-0.4999618655961902,0,test,8.500038134403809,-1.4395804939138548,0.9396186283176646,0.9396186283176646
Nc1n[nH]c2cccc(-c3ccc(F)cc3)c12,19952.62,-4.29999993144297,0,test,4.70000006855703,-3.3970342790044112,-0.9029656524385592,0.9029656524385592
Cc1ccc(NC(=O)Nc2ccc(-c3csc4ncnc(N)c34)cc2)cc1C,316.23,-2.500003068051693,1,test,6.499996931948306,-3.384937984437897,0.8849349163862037,0.8849349163862037
Cc1n[nH]c2ccc(-c3cncc(OCC(N)Cc4ccc(Cl)c(Cl)c4)c3)cc12,31.62,-1.4999618655961902,0,test,7.50003813440381,-2.3839115536775486,0.8839496880813584,0.8839496880813584
CCN1CCN(c2ccc(Nc3ncc(C#N)c(Nc4ccc5[nH]ncc5c4)n3)cc2)CC1,1584.89,-3.1999991251967965,0,test,5.800000874803203,-2.3263136126340087,-0.8736855125627878,0.8736855125627878
COc1ccccc1N/N=C1\C(=O)NN=C1c1cnccc1OC,270.0,-2.4313637641589874,0,test,6.568636235841012,-1.5584179878650333,-0.8729457762939545,0.8729457762939545
COC(=O)c1ccccc1-c1ccc2c(c1)Nc1ccccc1NC2=O,3162.28,-3.5000003213429354,0,test,5.499999678657065,-2.634399850978337,-0.865600470364599,0.865600470364599
O=C(Nc1cccc(-c2nc3sccn3c2-c2ccnc(Nc3cccc(N4CCCC4=O)c3)n2)c1)c1c(F)cccc1F,501.19,-2.7000023971422538,0,test,6.299997602857746,-1.8515739050366804,-0.8484284921055734,0.8484284921055734
COc1cnc2oc3ccc(O)cc3c2c1-c1ccccc1,14800.0,-4.1702617153949575,0,test,4.8297382846050425,-3.3289767594523703,-0.8412849559425872,0.8412849559425872
O=C(Nc1cnccn1)Nc1ccnc2ccc(C(F)(F)F)cc12,3.981,-0.599992177584098,1,test,8.400007822415901,-1.428772121958994,0.828779944374896,0.828779944374896
CC[C@H](C)NC(=O)O[C@@H]1CC[C@H](c2cc(NC(=O)Cc3ccccc3S(=O)(=O)NC)n[nH]2)C1,10.8,-1.0334237554869496,1,test,7.966576244513051,-1.8519140174868038,0.8184902619998542,0.8184902619998542
CC(C)(O)CNc1nccc(-c2c(-c3ccc(F)cc3F)nc3c(CC4CC4)nccn23)n1,6309.57,-3.799999762890647,0,test,5.200000237109354,-2.9833759031725906,-0.8166238597180562,0.8166238597180562
CCOC(=O)c1ccc2[nH]c3c(c2c1)CCNC3=O,3981.07,-3.59999981394342,0,test,5.40000018605658,-2.789982426809263,-0.8100173871341574,0.8100173871341574
CC(=O)N(c1ccncc1)c1c(NC(C)C(C)(C)C)c(=O)c1=O,5011.87,-3.6999997975545824,0,test,5.300000202445418,-2.9063952616159123,-0.7936045359386701,0.7936045359386701
C(=Cc1cncc(OCCc2c[nH]c3ccccc23)c1)c1ccncc1,5011.87,-3.6999997975545824,0,test,5.300000202445418,-2.906505824021731,-0.7934939735328514,0.7934939735328514
O=C1Nc2ccccc2Nc2nnc(I)cc21,100.0,-2.0,0,test,7.0,-2.755207141392071,0.7552071413920709,0.7552071413920709
O=C(NCc1ccc(Cl)c(Cl)c1)Nc1ccc2[nH]ncc2c1,3162.28,-3.5000003213429354,0,test,5.499999678657065,-2.745176935808075,-0.754823385534861,0.754823385534861
N#Cc1ccc(-c2nc(Nc3cc(C4CC4)[nH]n3)c3cc(Cl)ccc3n2)cc1,190.0,-2.278753600952829,0,test,6.721246399047171,-1.5315839169218457,-0.7471696840309832,0.7471696840309832
CCc1nc2c(c3cc(OC)c(OC)cc13)C(=O)NC2=O,79.43,-1.899984562549391,0,test,7.100015437450609,-2.638892235263502,0.7389076727141108,0.7389076727141108
Cn1cc(-c2ccccc2)c2nc(-c3ccncc3)cc(=O)n21,125.89,-2.0999912335446846,0,test,6.900008766455315,-2.8323627863579643,0.7323715528132797,0.7323715528132797
CC(CC(F)(F)F)N(C)C(=O)O[C@@H]1CC[C@H](c2cc(NC(=O)Cc3ccno3)n[nH]2)C1,2.36,-0.37291200297010657,0,test,8.627087997029893,-1.0971492226799504,0.7242372197098439,0.7242372197098439
CC(C)(CO)CCCNc1cc(-c2c[nH]c3ncccc23)cc(Cl)n1,31.62,-1.4999618655961902,1,test,7.50003813440381,-2.2120004914560396,0.7120386258598494,0.7120386258598494
OC1CCC(Nc2cc(Cl)nc(-c3c[nH]c4ncccc34)n2)CC1,63.1,-1.8000293592441343,1,test,7.199970640755866,-2.505652712550944,0.7056233533068097,0.7056233533068097
Fc1cccc(-c2c[nH]c3ncccc23)c1,1995.26,-3.2999994961169836,0,test,5.700000503883016,-2.5966251311710566,-0.7033743649459274,0.7033743649459274
Cc1ccc2c(-c3ccnc(Nc4ccc(F)c(F)c4)n3)c(-c3cccc(C(F)(F)F)c3)nn2n1,1580.0,-3.1986570869544226,0,test,5.801342913045577,-2.4985135579224083,-0.7001435290320139,0.7001435290320139
Cc1cccc(-c2[nH]c(-c3ccnc(N)n3)cc2C(N)=O)c1C,25.12,-1.4000196350651586,0,test,7.599980364934842,-2.083207014619971,0.6831873795548122,0.6831873795548122
CCC(CO)CNC(=O)O[C@@H]1CC[C@H](c2cc(NC(=O)Cc3ccc(OC)nc3)n[nH]2)C1,1.41,-0.14921911265537988,1,test,8.85078088734462,-0.8258766139154455,0.6766575012600657,0.6766575012600657
CSc1ccc(-c2nc(-c3ccc(F)cc3)c(-c3ccncc3)[nH]2)cc1,158.49,-2.200001865406602,0,test,6.799998134593398,-2.8719921111990563,0.6719902457924545,0.6719902457924545
CNCc1ccc(-c2cc(-c3nc(-c4ccc(S(=O)(=O)C(C)C)cc4)cnc3N)on2)cc1,140.0,-2.146128035678238,0,test,6.853871964321762,-2.797226363630861,0.651098327952623,0.651098327952623
NS(=O)(=O)c1cccc(Nc2ncc3ccn(Cc4ccccc4)c3n2)c1,501.19,-2.7000023971422538,0,test,6.299997602857746,-2.0867427971190464,-0.6132596000232073,0.6132596000232073
NC(COc1cncc(-c2ccc(F)cc2)c1)Cc1c[nH]c2ccccc12,1995.26,-3.2999994961169836,0,test,5.700000503883016,-2.695792003983738,-0.6042074921332459,0.6042074921332459
CCC(C)c1ccc(Nc2nccc(-c3cnn4ncccc34)n2)cc1,120.0,-2.0791812460476247,0,test,6.920818753952375,-1.4863803286363626,-0.5928009174112621,0.5928009174112621
Nc1n[nH]c2ccc(-c3nnn(Cc4ccccc4)c3C3CC3)cc12,7.943,-0.899984562549391,0,test,8.100015437450608,-1.4740202606100883,0.5740356980606973,0.5740356980606973
COc1ccc(N/N=C2\C(=O)NN=C2c2ccc(OC)cc2)cc1,2.0,-0.3010299956639812,0,test,8.698970004336019,-0.8678731507103592,0.5668431550463779,0.5668431550463779
Cc1cc(Nc2nc(-c3ccccc3)nc3ccccc23)n[nH]1,22.0,-1.3424226808222062,1,test,7.657577319177793,-1.9077144159032868,0.5652917350810807,0.5652917350810807
CN1CCC(c2c(O)cc(O)c3c(=O)cc(-c4ccccc4Cl)oc23)C(O)C1,398.11,-2.60000308662774,0,test,6.399996913372259,-3.155000609868577,0.5549975232408371,0.5549975232408371
FC(F)(F)c1cccc(Nc2nccc(-c3c(-c4ccccc4)nn4ncccc34)n2)c1,10.0,-1.0,1,test,8.0,-1.548438637514295,0.5484386375142949,0.5484386375142949
NCCNc1cc(-c2c[nH]c3ncccc23)cc(Cl)n1,794.33,-2.9000009651534695,0,test,6.0999990348465305,-2.355860184546346,-0.544140780607123,0.544140780607123
Clc1ccc(Nc2c(-c3ccc4[nH]ncc4c3)nc3ncccn23)cc1,121.0,-2.0827853703164503,1,test,6.917214629683549,-1.5425715440414067,-0.5402138262750436,0.5402138262750436
Clc1ccc(Nc2nccc(-c3cnn4ncccc34)n2)cc1Cl,10.0,-1.0,0,test,8.0,-1.539898789179401,0.5398987891794009,0.5398987891794009
CC(C)CNC1CCC(Nc2nc(Cl)cc(-c3c[nH]c4ncccc34)n2)CC1,630.96,-2.800001827817969,0,test,6.199998172182031,-2.260287992488329,-0.53971383532964,0.53971383532964
CCS(=O)(=O)c1ccc(-c2cncc3sc(C(N)=O)cc23)cc1,39.81,-1.599992177584098,0,test,7.400007822415902,-2.133607250094517,0.5336150725104192,0.5336150725104192
COc1cccc(C2=NNC(=O)/C2=N\Nc2ccc(N3CCOCC3)cc2)c1,59.0,-1.7708520116421442,1,test,7.229147988357855,-1.2462167360367378,-0.5246352756054065,0.5246352756054065
COCCOC1CCC(n2nc(-c3ccc(Nc4nc5cc(C)cc(Cl)c5o4)cc3)c3c(N)ncnc32)CC1,125.89,-2.0999912335446846,0,test,6.900008766455315,-2.6164360749503963,0.5164448414057117,0.5164448414057117
N#Cc1ncc2nc1OCCCCCOc1cc(OCCO)c(Cl)cc1NC(=O)N2,199.53,-2.300008202553813,1,test,6.699991797446187,-2.8157967296542505,0.5157885271004377,0.5157885271004377
Cc1cc(Nc2nc(Nc3ccccc3)nc3ccccc23)n[nH]1,24.0,-1.380211241711606,1,test,7.619788758288394,-1.8938543349043682,0.5136430931927622,0.5136430931927622
c1ccc(CNc2nc(-c3ccc4[nH]ncc4c3)c(-c3ccccc3)s2)cc1,3402.0,-3.5317343092765503,0,test,5.46826569072345,-3.0236505560133797,-0.5080837532631706,0.5080837532631706
O=C(Nc1cccc(C(F)(F)F)n1)Nc1ccnc2c(F)ccc(F)c12,7.943,-0.899984562549391,0,test,8.100015437450608,-1.402329296773705,0.5023447342243141,0.5023447342243141
CC(C)(C)Nc1c(Nc2ccnc(Nc3ccc(-c4ccncc4)cc3)n2)c(=O)c1=O,102.0,-2.0086001717619175,0,test,6.991399828238082,-2.5048068316875205,0.4962066599256034,0.4962066599256034
CN(C(=O)C1CCCCC1)c1ccc2c(c1)nc(NC(=O)c1ccc(C#N)cc1)n2C,5011.87,-3.6999997975545824,0,test,5.300000202445418,-3.2050042878182556,-0.4949955097363268,0.4949955097363268
Cc1ncc(CC(=O)Nc2cc([C@H]3CC[C@@H](OC(=O)N4C[C@@H](C#N)[C@@H]4C)C3)[nH]n2)s1,1.72,-0.2355284469075489,1,test,8.76447155309245,-0.7222360132212939,0.486707566313745,0.486707566313745
Cc1nccn2c(-c3ccnc(NCC4(O)CC4)n3)c(-c3ccc(F)cc3F)nc12,3162.28,-3.5000003213429354,0,test,5.499999678657065,-3.015244970011409,-0.4847553513315268,0.4847553513315268
O=C(Cc1cccc(OCCCC2CCNCC2)c1)Nc1nc(-c2c[nH]c3ncccc23)cs1,1900.0,-3.278753600952829,0,test,5.721246399047171,-2.795064768983899,-0.48368883196892964,0.48368883196892964
Cc1ccc(-n2nc(C)c3c(=O)c4cc(Cl)ccc4n(O)c32)cc1,3162.28,-3.5000003213429354,0,test,5.499999678657065,-3.0168145629061547,-0.48318575843678113,0.48318575843678113
COc1cccc(C2=NNC(=O)/C2=N\Nc2ccc(C#N)cc2)c1,4.0,-0.6020599913279624,0,test,8.397940008672037,-1.0754503801841282,0.4733903888561658,0.4733903888561658
CNCCOc1cncc(-c2ccc3[nH]nc(C)c3c2)c1,2511.89,-3.4000006169763797,0,test,5.59999938302362,-2.9273335560172895,-0.4726670609590906,0.4726670609590906
COc1ccc(C2=NNC(=O)/C2=N\Nc2ccc(Cl)cc2)cc1,2.0,-0.3010299956639812,1,test,8.698970004336019,-0.7655809112115648,0.4645509155475836,0.4645509155475836
NC(=O)c1ccc2nc(-c3ccc([N+](=O)[O-])o3)cn2c1,398.11,-2.60000308662774,0,test,6.399996913372259,-3.063312116203168,0.46330902957542763,0.46330902957542763
CC[C@H](C)NC(=O)O[C@@H]1CC[C@H](c2cc(NC(=O)Cc3cccc4c3CN(C)C4=O)n[nH]2)C1,25.6,-1.4082399653118496,0,test,7.59176003468815,-1.8676285927710823,0.4593886274592327,0.4593886274592327
COc1ccc(Nc2nccc(-c3cnn4ncccc34)n2)cc1OC,11.01,-1.0417873189717517,0,test,7.9582126810282485,-1.499308868730919,0.45752154975916737,0.45752154975916737
CN1CCC(C(=O)n2nc(N)c3cc(-c4cn(Cc5ccccc5)nn4)ccc32)CC1,31.62,-1.4999618655961902,0,test,7.50003813440381,-1.950090829128104,0.4501289635319139,0.4501289635319139
CCOc1ccc2c(-c3ccnc(Nc4cccc(C(F)(F)F)c4)n3)cnn2n1,190.0,-2.278753600952829,1,test,6.721246399047171,-1.8289588988280374,-0.44979470212479145,0.44979470212479145
CC[C@H](C)NC(=O)O[C@@H]1CC[C@H](c2cc(NC(=O)Cc3ccc4nc(C)cn4n3)n[nH]2)C1,10.2,-1.0086001717619175,0,test,7.991399828238082,-1.4568121149052249,0.44821194314330737,0.44821194314330737
Cc1ccc(F)c(NC(=O)Nc2ccc(-c3nsc4ncnc(N)c34)cc2)c1,5011.87,-3.6999997975545824,0,test,5.300000202445418,-3.2533776619691834,-0.446622135585399,0.446622135585399
NCCn1cc(-c2cc(-c3cc4ccccc4s3)c3[nH]ncc3c2)c2nc(N)ncc21,1000.0,-3.0,0,test,6.0,-2.5672348952927786,-0.4327651047072214,0.4327651047072214
CC1(NC(=O)O[C@@H]2CC[C@H](c3cc(NC(=O)Cc4ccccc4)n[nH]3)C2)CCOC1,80.7,-1.9068735347220704,0,test,7.09312646527793,-1.4781139824447171,-0.4287595522773533,0.4287595522773533
C[S+](O)c1ccc(-c2nc(-c3ccc(F)cc3)c(-c3ccncc3)[nH]2)cc1,1584.89,-3.1999991251967965,0,test,5.800000874803203,-2.779713659693096,-0.4202854655037007,0.4202854655037007
CCN(CC)c1ccc(N/N=C2\C(=O)NN=C2c2ccc(OC)cc2)cc1,16.0,-1.2041199826559248,0,test,7.795880017344075,-0.7917356416138817,-0.41238434104204313,0.41238434104204313
Cc1cc2oc3ncc(OCc4ccccc4)c(-c4ccccc4)c3c2cc1O,5800.0,-3.7634279935629373,1,test,5.236572006437063,-3.35398176003749,-0.40944623352544696,0.40944623352544696
COc1c(-c2nc3ccccc3[nH]2)c(O)cc2oc(C)cc(=O)c12,398.11,-2.60000308662774,0,test,6.399996913372259,-3.0025152300284246,0.4025121434006844,0.4025121434006844
Cc1ncc(CC(=O)Nc2cc([C@H]3CC[C@@H](OC(=O)NC4(C)CCCC4)C3)[nH]n2)s1,8.86,-0.9474337218870508,0,test,8.052566278112948,-1.3476933500477406,0.40025962816068983,0.40025962816068983
O=C(Nc1cccc(C(F)(F)F)n1)Nc1ccnc2cc(Cl)ccc12,7.943,-0.899984562549391,0,test,8.100015437450608,-1.2925340597083481,0.39254949715895715,0.39254949715895715
COc1ccc(CC(=O)Nc2cc([C@H]3CC[C@@H](OC(=O)N(C)C(C)C)C3)[nH]n2)cn1,2.89,-0.4608978427565479,1,test,8.539102157243452,-0.8489976711771371,0.3880998284205892,0.3880998284205892
CCCCOc1ncnc2[nH]cc(-c3ccccc3)c12,398.11,-2.60000308662774,0,test,6.399996913372259,-2.9861993480328,0.3861962614050598,0.3861962614050598
Cc1ccc(Nc2c(C(=O)O)n(CCCOc3cccc4ccccc34)c3cccc(-c4ccccc4C)c23)cc1,3981.07,-3.59999981394342,0,test,5.40000018605658,-3.215251609497904,-0.38474820444551616,0.38474820444551616
CN(C)c1ccc(-c2cc(-c3ccc([N+](=O)[O-])cc3)nc(NS(=O)(=O)c3ccc(N)cc3)n2)cc1,316.23,-2.500003068051693,0,test,6.499996931948306,-2.8845137707649324,0.3845107027132393,0.3845107027132393
Cc1cccc(CNc2cc(-c3c[nH]c4ncccc34)cc(Cl)n2)c1C,25.12,-1.4000196350651586,0,test,7.599980364934842,-1.7594370533044055,0.3594174182392469,0.3594174182392469
CC(=NNC(=O)c1nnn(-c2nonc2N)c1-c1ccccc1)c1ccco1,1995.26,-3.2999994961169836,0,test,5.700000503883016,-2.941418362965562,-0.3585811331514219,0.3585811331514219
Nc1ncnc2c1N=C(c1ccc(NC(=O)Nc3cc(C(F)(F)F)ccc3F)cc1)CCN2,6309.57,-3.799999762890647,0,test,5.200000237109354,-3.444444310400982,-0.3555554524896647,0.3555554524896647
COc1ccc(CNc2c(Nc3ccncc3)c(=O)c2=O)c(OC)c1,501.19,-2.7000023971422538,0,test,6.299997602857746,-2.348459349523944,-0.3515430476183097,0.3515430476183097
Cc1ccc(F)c(NC(=O)Nc2ccc(-c3coc4c(C#CCN5CCOCC5)cnc(N)c34)cc2)c1,3162.28,-3.5000003213429354,0,test,5.499999678657065,-3.1619016385225103,-0.33809868282042554,0.33809868282042554
OCc1cc(-c2ccc3[nH]ncc3c2)on1,3162.28,-3.5000003213429354,0,test,5.499999678657065,-3.1670412023172325,-0.3329591190257033,0.3329591190257033
Oc1cccc(Nc2ncnc3scc(Cl)c23)c1,3981.07,-3.59999981394342,0,test,5.40000018605658,-3.2686161036579233,-0.33138371028549685,0.33138371028549685
FC(F)(F)c1cccc(Nc2nccc(-c3c(-c4ccc(Cl)cc4)nn4ncccc34)n2)c1,2510.0,-3.399673721481038,1,test,5.600326278518962,-3.0734652358223404,-0.32620848565869753,0.32620848565869753
Cn1cc(-c2ccc(-c3cncc(Cl)c3N3CCC4(CCNC4=O)CC3)cc2)cn1,345.0,-2.537819095073274,0,test,6.462180904926726,-2.212400206758251,-0.32541888831502286,0.32541888831502286
O=c1[nH]c2cc(-c3ccccc3)cnc2[nH]1,2511.89,-3.4000006169763797,1,test,5.59999938302362,-3.7215051456812875,0.3215045287049074,0.3215045287049074
COc1cc(-c2ccc3[nH]nc(C(=O)Nc4ccccc4)c3c2)ccc1O,398.11,-2.60000308662774,0,test,6.399996913372259,-2.919483477857863,0.31948039123012295,0.31948039123012295
COc1ccc(N/N=C2\C(=O)NN=C2c2cc(OC)c(OC)c(OC)c2)cc1,9.0,-0.9542425094393249,0,test,8.045757490560675,-1.2575275267757757,0.30328501733645097,0.30328501733645097
O=c1[nH]cnc2c1oc1ccc(Cl)cc12,6309.57,-3.799999762890647,0,test,5.200000237109354,-3.4998248922902566,-0.30017487060039016,0.30017487060039016
CC[C@H](C)NC(=O)O[C@@H]1CC[C@H](c2cc(NC(=O)Cc3ccc4c(cnn4C)c3)n[nH]2)C1,9.58,-0.9813655090785445,0,test,8.018634490921455,-1.2814920552560147,0.30012654617747037,0.30012654617747037
Cc1cccc(C2(c3cccc(C)c3)CC2C(=O)Nc2ccncc2)c1,398.11,-2.60000308662774,0,test,6.399996913372259,-2.8950943312589645,0.2950912446312244,0.2950912446312244
CCCNC(=O)O[C@H]1CC[C@@H](c2cc(NC(=O)Cc3ccccn3)n[nH]2)C1,18.2,-1.2600713879850747,0,test,7.739928612014925,-1.553694132220722,0.29362274423564716,0.29362274423564716
CCCNC(=O)O[C@@H]1CC[C@H](c2cc(NC(=O)Cc3cnc(C)s3)n[nH]2)C1,13.0,-1.1139433523068367,0,test,7.886056647693163,-1.400404579537377,0.28646122723054024,0.28646122723054024
COc1ccc(CC(=O)Nc2cc([C@@H]3CC[C@H](OC(=O)NC4CCOCC4)C3)[nH]n2)cc1,12.5,-1.0969100130080565,0,test,7.903089986991944,-1.3772022197467124,0.28029220673865596,0.28029220673865596
Cc1cc(-c2cnc(N)c(C(=O)Nc3cccnc3)n2)ccc1S(=O)(=O)N1CCN(C)CC1,6.3,-0.7993405494535817,0,test,8.200659450546418,-1.0722805684912355,0.27294001903765386,0.27294001903765386
N#Cc1cccc(C(=O)Nc2n[nH]c3ccc(-c4cn(Cc5ccccc5)nn4)cc23)c1,3.981,-0.599992177584098,0,test,8.400007822415901,-0.8694263505684916,0.26943417298439365,0.26943417298439365
c1ccc(Nc2nccc(-c3cnn4ncccc34)n2)cc1,14.5,-1.1613680022349748,0,test,7.838631997765026,-1.4296502116979792,0.2682822094630044,0.2682822094630044
CC1(NC(=O)O[C@@H]2CC[C@H](c3cc(NC(=O)Cc4ccno4)n[nH]3)C2)CCOC1,66.2,-1.8208579894397,0,test,7.1791420105603,-1.5541662092161288,-0.2666917802235711,0.2666917802235711
CNC(=O)C(C)n1cc(-c2cnc(N)c3c(-c4ccc(NC(=O)Nc5ccc(C)cc5)cc4)csc23)cn1,5011.87,-3.6999997975545824,0,test,5.300000202445418,-3.438172483716942,-0.2618273138376406,0.2618273138376406
N#CCOc1ccc(Nc2nc(Nc3cccc(S(N)(=O)=O)c3)ncc2Br)cc1,125.89,-2.0999912335446846,0,test,6.900008766455315,-2.354399596133395,0.25440836258871036,0.25440836258871036
NC(COc1cncc(-c2ccc3c(c2)C(=Cc2ccco2)C(=O)N3)c1)Cc1c[nH]c2ccccc12,63.1,-1.8000293592441343,0,test,7.199970640755866,-2.05229065663401,0.2522612973898757,0.2522612973898757
Cc1nc2ccccn2c1-c1csc(Nc2ccc(O)cc2)n1,3162.28,-3.5000003213429354,0,test,5.499999678657065,-3.2490589216869226,-0.25094139965601325,0.25094139965601325
COCCNC(=O)c1nc(-c2ccc(S(=O)(=O)N3C=CN(C)CC3)cc2)cnc1N,90.0,-1.954242509439325,0,test,7.045757490560675,-2.204618197362293,0.25037568792296816,0.25037568792296816
Cc1cccc(NC(=O)Nc2ccc(-c3csc4c(C#CCN5CCCC5)cnc(N)c34)cc2)c1,794.33,-2.9000009651534695,0,test,6.0999990348465305,-3.147147147507677,0.24714618235420804,0.24714618235420804
CCCC(=O)Nc1n[nH]c2nc3ccccc3cc12,158.49,-2.200001865406602,0,test,6.799998134593398,-2.438584731380115,0.23858286597351297,0.23858286597351297
CNC(=O)c1cc(-c2ccccc2)[nH]n1,1000.0,-3.0,0,test,6.0,-2.7657734536418737,-0.23422654635812634,0.23422654635812634
Cc1ccc(C(=O)Nc2c(C(N)=O)sc3ccc(Cl)c(Cl)c23)cc1,3981.07,-3.59999981394342,0,test,5.40000018605658,-3.3684581127707403,-0.23154170117267991,0.23154170117267991
CCNC(=O)NC1CCC(Nc2nc(Cl)cc(-c3c[nH]c4ncccc34)n2)CC1,100.0,-2.0,1,test,7.0,-2.224854929507689,0.22485492950768915,0.22485492950768915
Nc1nonc1-c1nc2ccccc2n1-c1ccccc1,620.0,-2.792391689498254,0,test,6.207608310501746,-3.014655588763258,0.22226389926500412,0.22226389926500412
Cc1ccnc(Nc2cc(C)nc(-c3ccccc3)n2)c1,316.23,-2.500003068051693,0,test,6.499996931948306,-2.7191530526452072,0.2191499845935141,0.2191499845935141
COc1cccc(N/N=C2\C(=O)NN=C2c2cccc(OC)c2)c1,5.0,-0.6989700043360189,1,test,8.301029995663981,-0.9110306945218598,0.21206069018584095,0.21206069018584095
Cc1ccc(CC(=O)Nc2cc([C@H]3CC[C@@H](OC(=O)NC4(C)CC4)C3)[nH]n2)nc1,14.4,-1.1583624920952498,0,test,7.84163750790475,-1.3673048441110425,0.2089423520157927,0.2089423520157927
Cc1cc(CC(=O)Nc2cc([C@H]3CC[C@@H](OC(=O)N4[C@@H](C)CC[C@@H]4C)C3)[nH]n2)on1,14.9,-1.173186268412274,1,test,7.826813731587726,-0.965275980201743,-0.20791028821053104,0.20791028821053104
O=C(Nc1cccc(C(F)(F)F)n1)Nc1ccnc2cc(F)c(F)cc12,25.12,-1.4000196350651586,0,test,7.599980364934842,-1.194670303921596,-0.20534933114356257,0.20534933114356257
Cc1cccc(NC(=O)Nc2ccc(-c3csc4c(C#CCNS(C)(=O)=O)cnc(N)c34)cc2)c1,1995.26,-3.2999994961169836,0,test,5.700000503883016,-3.095712623128642,-0.20428687298834225,0.20428687298834225
CCNC(=O)O[C@@H]1CC[C@H](c2cc(NC(=O)Cc3ccc4c(cnn4C)c3)n[nH]2)C1,10.0,-1.0,0,test,8.0,-1.202527412205197,0.202527412205197,0.202527412205197
CN(C)CC(=O)NC1CCCC(Nc2nc(Cl)cc(-c3c[nH]c4ncccc34)n2)C1,794.33,-2.9000009651534695,0,test,6.0999990348465305,-2.6980400103769284,-0.20196095477654064,0.20196095477654064
O=C(Cc1ccno1)Nc1cc([C@H]2CC[C@@H](OC(=O)NC3CCCC3)C2)[nH]n1,39.9,-1.6009728956867482,0,test,7.399027104313252,-1.400377079680153,-0.20059581600659526,0.20059581600659526
NC(COc1cncc(-c2ccc3[nH]c(=O)oc3c2)c1)Cc1c[nH]c2ccccc12,630.96,-2.800001827817969,0,test,6.199998172182031,-2.6020161622461835,-0.19798566557178532,0.19798566557178532
COc1cc(C=C(C#N)c2nc3cc(C)ccc3[nH]2)c(Br)cc1O,1584.89,-3.1999991251967965,0,test,5.800000874803203,-3.0052779835486807,-0.19472114164811583,0.19472114164811583
CC[C@H](C)CNC(=O)O[C@@H]1CC[C@H](c2cc(NC(=O)Cc3ccno3)n[nH]2)C1,26.4,-1.421603926869831,0,test,7.578396073130169,-1.6087816199369782,0.18717769306714716,0.18717769306714716
Cc1ccc(NC(=O)Nc2ccc(-c3coc4ncnc(N)c34)cc2)cc1,5011.87,-3.6999997975545824,1,test,5.300000202445418,-3.515300191260637,-0.18469960629394544,0.18469960629394544
CC[C@H](C)NC(=O)O[C@@H]1CC[C@H](c2cc(NC(=O)Cc3ccnc(OC)c3)n[nH]2)C1,23.4,-1.3692158574101427,1,test,7.6307841425898575,-1.5521168048538323,0.18290094744368957,0.18290094744368957
Nc1nonc1-n1nnc(C(=O)NN=Cc2cccs2)c1-c1ccccc1,1258.93,-3.100001582801352,0,test,5.899998417198648,-2.9192467929234507,-0.18075478987790117,0.18075478987790117
CC(=O)Nc1ccc(Sc2nc(Nc3cc(C)n[nH]3)c3ccccc3n2)cc1,1034.0,-3.0145205387579237,1,test,5.985479461242076,-2.834680375682387,-0.17984016307553707,0.17984016307553707
NC1CCC(Nc2nc(Cl)cc(-c3c[nH]c4ncccc34)n2)CC1,398.11,-2.60000308662774,0,test,6.399996913372259,-2.4276290085433567,-0.17237407808438343,0.17237407808438343
NC(=O)c1cc2c(Oc3ccc(Br)cc3)cncc2s1,158.49,-2.200001865406602,0,test,6.799998134593398,-2.031993405014941,-0.16800846039166073,0.16800846039166073
O=C(Nc1cccc(C2Nc3ccc4ccccc4c3C3C=CCC32)c1)c1ccc(F)cc1,398.11,-2.60000308662774,0,test,6.399996913372259,-2.7641306853075127,0.16412759867977256,0.16412759867977256
C[C@H]1C[C@H](C)N1C(=O)O[C@@H]1CC[C@H](c2cc(NC(=O)Cc3cnn(C)c3)n[nH]2)C1,9.89,-0.9951962915971795,0,test,8.00480370840282,-0.8312241602546314,-0.16397213134254818,0.16397213134254818
Cc1cnc(CC(=O)Nc2cc([C@H]3CC[C@@H](OC(=O)N4CCC[C@@H]4C)C3)[nH]n2)o1,16.3,-1.212187604403958,0,test,7.787812395596042,-1.05327311811406,-0.1589144862898979,0.1589144862898979
Nc1n[nH]c2cccc(-c3ccc(NC(=O)Nc4cc(C(=O)O)ccc4F)cc3)c12,1995.26,-3.2999994961169836,0,test,5.700000503883016,-3.4547422318766405,0.15474273575965647,0.15474273575965647
CCCc1cn(-c2ccc3[nH]ncc3c2)nn1,2026.0,-3.3066394410242617,0,test,5.693360558975739,-3.1534167750899202,-0.15322266593434142,0.15322266593434142
CCN(C)C(=O)O[C@@H]1CC[C@H](c2cc(NC(=O)Cc3cc(F)cc(F)c3)n[nH]2)C1,19.2,-1.2833012287035497,0,test,7.71669877129645,-1.1309194745872664,-0.1523817541162833,0.1523817541162833
Cc1ccc2c(-c3ccnc(Nc4cccc(C(F)(F)F)c4)n3)c(-c3ccccc3)nn2n1,40.0,-1.6020599913279623,0,test,7.3979400086720375,-1.7534096389611333,0.15134964763317083,0.15134964763317083
CC[C@H](C)NC(=O)O[C@@H]1CC[C@H](c2cc(NC(=O)Cc3cc(C)nn3C)n[nH]2)C1,94.4,-1.974971994298069,0,test,7.025028005701931,-1.8300284571432912,-0.1449435371547778,0.1449435371547778
Cc1cccc(NC(=O)Nc2ccc(-c3csc4c(C#CCN(C)C)cnc(N)c34)cc2)c1,2511.89,-3.4000006169763797,0,test,5.59999938302362,-3.2569995987487146,-0.14300101822766553,0.14300101822766553
Cc1cc(CC(=O)Nc2cc([C@H]3CC[C@@H](OC(=O)N(C)C(C)C)C3)[nH]n2)on1,10.6,-1.0253058652647702,0,test,7.97469413473523,-1.1669475889328964,0.14164172366812622,0.14164172366812622
Cc1cnc(CC(=O)Nc2cc([C@H]3CC[C@@H](OC(=O)NC4(C)CCC4)C3)[nH]n2)o1,17.8,-1.250420002308894,0,test,7.7495799976911055,-1.3916047414649964,0.1411847391561023,0.1411847391561023
COc1cccc(OC)c1CNc1nc(NC2CCCCC2)nc2ccc(Cl)cc12,1258.93,-3.100001582801352,0,test,5.899998417198648,-2.9685367717623694,-0.13146481103898244,0.13146481103898244
Nc1ncc(-c2ccc(OCCN3CCCCC3)cc2)nc1C(=O)Nc1cccnc1,18.0,-1.255272505103306,0,test,7.7447274948966935,-1.1295144462499151,-0.12575805885339086,0.12575805885339086
NC(=O)c1ccc(-c2ccncc2)cc1NCc1cccc(F)c1,794.33,-2.9000009651534695,0,test,6.0999990348465305,-2.778980614584132,-0.12102035056933724,0.12102035056933724
COCc1nnn(-c2nonc2N)c1C(=O)NN=C(C)c1ccc(O)cc1O,398.11,-2.60000308662774,0,test,6.399996913372259,-2.480292024292424,-0.11971106233531614,0.11971106233531614
CC[C@H](C)NC(=O)O[C@@H]1CC[C@H](c2cc(NC(=O)Cc3nc(C)cs3)n[nH]2)C1,26.1,-1.416640507338281,1,test,7.583359492661719,-1.5345872419596214,0.11794673462134031,0.11794673462134031
CCCNC(=O)c1cnc2oc3ccc(O)cc3c2c1-c1ccccc1,4400.0,-3.6434526764861874,0,test,5.356547323513812,-3.5276537918716326,-0.11579888461455434,0.11579888461455434
Cc1cc(Cl)ccc1NC(=S)NNC(=O)C(O)(c1ccccc1)c1ccccc1,794.33,-2.9000009651534695,0,test,6.0999990348465305,-3.013316703648276,0.11331573849480714,0.11331573849480714
Cc1cc(CC(=O)Nc2cc([C@H]3CC[C@@H](OC(=O)N4[C@@H](C)COC[C@@H]4C)C3)[nH]n2)on1,12.2,-1.0863598306747482,0,test,7.913640169325252,-0.9734630181142927,-0.11289681256045547,0.11289681256045547
Cc1ccc2c(-c3ccnc(Nc4ccc(Cl)c(C(F)(F)F)c4)n3)c(-c3ccccc3)nn2n1,100.0,-2.0,0,test,7.0,-1.8901383784830192,-0.10986162151698076,0.10986162151698076
O=C(Nc1cccc(C(F)(F)F)n1)Nc1ccnc2cc(OC(F)F)ccc12,12.59,-1.1000257301078626,0,test,7.899974269892137,-1.2089914660779355,0.10896573597007286,0.10896573597007286
CC(C)(C)NC(=O)O[C@@H]1CC[C@H](c2cc(NC(=O)Cc3cnc(C(F)(F)F)cn3)n[nH]2)C1,46.0,-1.662757831681574,0,test,7.337242168318426,-1.5538376302167827,-0.10892020146479142,0.10892020146479142
CC1(C)CCCN1C(=O)O[C@@H]1CC[C@H](c2cc(NC(=O)Cc3cnco3)n[nH]2)C1,7.06,-0.8488047010518037,0,test,8.151195298948196,-0.9549399863590736,0.1061352853072699,0.1061352853072699
NC(=O)c1ccc(-c2ccnc(N)n2)cc1N1CCCCC1,1000.0,-3.0,0,test,6.0,-2.8948689148156115,-0.10513108518438852,0.10513108518438852
O=C(Nc1cnccn1)Nc1ccnc2c(F)cc(F)cc12,25.12,-1.4000196350651586,0,test,7.599980364934842,-1.297359006973899,-0.10266062809125964,0.10266062809125964
NC(COc1cncc(C=Cc2ccncc2)c1)Cc1c[nH]c2ccccc12,1258.93,-3.100001582801352,0,test,5.899998417198648,-3.010431054005919,-0.08957052879543292,0.08957052879543292
CC[C@H](C)NC(=O)O[C@@H]1CC[C@H](c2cc(NC(=O)Cc3ccccc3S(C)(=O)=O)n[nH]2)C1,50.8,-1.7058637122839193,0,test,7.29413628771608,-1.7908201141162914,0.08495640183237207,0.08495640183237207
Cc1n[nH]c2ccc(-c3nnn(Cc4ccccc4)c3-c3ccc(F)cc3)cc12,19.95,-1.299942900022767,0,test,7.700057099977233,-1.2150850139596363,-0.0848578860631306,0.0848578860631306
O=C1Nc2ccccc2Nc2nnc(Cl)cc21,199.53,-2.300008202553813,0,test,6.699991797446187,-2.216108344392224,-0.08389985816158907,0.08389985816158907
CC(C)Oc1nccn2c(-c3ccnc(NCC(C)(C)CO)n3)c(-c3ccc(F)cc3F)nc12,2511.89,-3.4000006169763797,0,test,5.59999938302362,-3.3172269710490205,-0.08277364592735958,0.08277364592735958
COc1ncc(CC(=O)Nc2cc([C@H]3CC[C@@H](OC(=O)NC(C)C)C3)[nH]n2)s1,24.4,-1.3873898263387294,0,test,7.61261017366127,-1.46999524611354,0.0826054197748105,0.0826054197748105
NC(=O)c1cc2c(-c3ccccc3)cncc2s1,100.0,-2.0,1,test,7.0,-1.9179494926946001,-0.08205050730539987,0.08205050730539987
C[C@H]1CCCN1C(=O)O[C@@H]1CC[C@H](c2cc(NC(=O)Cc3cnco3)n[nH]2)C1,10.6,-1.0253058652647702,0,test,7.97469413473523,-1.1052436601818103,0.07993779491704012,0.07993779491704012
COc1cccc(N/N=C2\C(=O)NN=C2c2cnccc2OC)c1,3.7,-0.568201724066995,0,test,8.431798275933005,-0.6461621498801071,0.07796042581311213,0.07796042581311213
Cc1n[nH]c2c1C(c1ccccc1Br)C(C#N)=C(N)O2,3981.07,-3.59999981394342,0,test,5.40000018605658,-3.523928361460938,-0.07607145248248237,0.07607145248248237
COc1ccc(CC(=O)Nc2cc([C@H]3CC[C@@H](OC(=O)N4C[C@@H](OC)[C@@H]4C)C3)[nH]n2)cn1,2.77,-0.4424797690644486,0,test,8.557520230935552,-0.5121584934731389,0.06967872440869033,0.06967872440869033
CC[C@H](C)NC(=O)O[C@@H]1CC[C@H](c2cc(NC(=O)Cc3ncc(OC)s3)n[nH]2)C1,29.5,-1.469822015978163,1,test,7.530177984021837,-1.5389744163572805,0.06915240037911752,0.06915240037911752
CC1(NC(=O)O[C@@H]2CC[C@H](c3cc(NC(=O)Cc4cc(F)cc(F)c4)n[nH]3)C2)CCOC1,27.15,-1.4337698339248657,0,test,7.566230166075134,-1.5028145069432746,0.06904467301840889,0.06904467301840889
Cc1cc(CC(=O)Nc2cc([C@H]3CC[C@@H](OC(=O)N4CCCCC4(C)C)C3)[nH]n2)on1,7.0,-0.8450980400142568,0,test,8.154901959985743,-0.9127631599089063,0.06766511989464952,0.06766511989464952
Cc1cc(-c2ncnc3[nH]ccc23)ccc1F,6309.57,-3.799999762890647,0,test,5.200000237109354,-3.7353798805544782,-0.06461988233616855,0.06461988233616855
CCNC(=O)O[C@@H]1CC[C@H](c2cc(NC(=O)Cc3ccnc(OC)c3)n[nH]2)C1,34.1,-1.5327543789924978,0,test,7.467245621007502,-1.4687391380569033,-0.06401524093559452,0.06401524093559452
CC[C@H](C)NC(=O)O[C@@H]1CC[C@H](c2cc(NC(=O)Cc3cc(C)on3)n[nH]2)C1,61.3,-1.787460474518415,0,test,7.212539525481585,-1.7234748970160547,-0.06398557750236034,0.06398557750236034
O=C(O)c1ccccc1Nc1ccnc(Nc2cccc(F)c2)n1,31.62,-1.4999618655961902,1,test,7.50003813440381,-1.4402435579499877,-0.05971830764620245,0.05971830764620245
CC(C)(C)c1cc(NC(=O)Nc2cccc3ccccc23)n(-c2cccc(C(=O)NCC#N)c2)n1,1258.93,-3.100001582801352,0,test,5.899998417198648,-3.043069120988367,-0.05693246181298495,0.05693246181298495
CN(C)CC1CCn2cc(c3ccccc32)C2=C(C(=O)NC2=O)c2cn(c3ccccc23)CCO1,794.33,-2.9000009651534695,0,test,6.0999990348465305,-2.9517017942234873,0.05170082907001827,0.05170082907001827
CCNC(=O)O[C@@H]1CC[C@H](c2cc(NC(=O)Cc3ccc(OC)nc3)n[nH]2)C1,15.6,-1.1931245983544616,1,test,7.806875401645538,-1.1448460570414851,-0.048278541312976486,0.048278541312976486
O=C(O)c1ccccc1Nc1ncnc(Nc2cccc(F)c2)n1,50.12,-1.7000110623221123,1,test,7.299988937677888,-1.7456221090750879,0.04561104675297556,0.04561104675297556
Cc1cc(CC(=O)Nc2cc([C@H]3CC[C@@H](OC(=O)N4CCOCC4(C)C)C3)[nH]n2)on1,9.2,-0.9637878273455552,0,test,8.036212172654444,-0.9190180083394446,-0.044769819006110656,0.044769819006110656
CC[C@H](C)NC(=O)O[C@@H]1CC[C@H](c2cc(NC(=O)Cc3ccccc3S(=O)(=O)CC)n[nH]2)C1,64.5,-1.8095597146352678,0,test,7.1904402853647325,-1.8539985122554816,0.04443879762021363,0.04443879762021363
CC[C@H](C)NC(=O)O[C@@H]1CC[C@H](c2cc(NC(=O)Cc3cn4nc(C)sc4n3)n[nH]2)C1,28.5,-1.4548448600085102,0,test,7.54515513999149,-1.498438297712093,0.043593437703582705,0.043593437703582705
CS(=O)(=O)Nc1cc2c(cc1Cl)NC(=O)Nc1cnc(C#N)c(n1)OCCCCCO2,794.33,-2.9000009651534695,0,test,6.0999990348465305,-2.8593961395525547,-0.040604825600914385,0.040604825600914385
Cc1cc(C)cc(NC(=O)Nc2ccc(-c3c(C)sc4ncnc(N)c34)cc2)c1,1995.26,-3.2999994961169836,0,test,5.700000503883016,-3.2690284653867114,-0.03097103073027263,0.03097103073027263
CC(C)(C)NC(=O)O[C@@H]1CC[C@H](c2cc(NC(=O)Cc3cc(C(F)F)ccn3)n[nH]2)C1,40.6,-1.608526033577194,0,test,7.391473966422806,-1.581683898895846,-0.026842134681348107,0.026842134681348107
Cc1n[nH]c2c1C(c1ccccc1I)C(C#N)=C(N)O2,3162.28,-3.5000003213429354,0,test,5.499999678657065,-3.523110848254866,0.02311052691193005,0.02311052691193005
Clc1ccccc1Cn1cc(-c2ccc3[nH]ncc3c2)nn1,45.0,-1.6532125137753437,0,test,7.346787486224656,-1.6337906491181855,-0.019421864657158006,0.019421864657158006
NCCC(C(=O)Nc1ccc2[nH]ncc2c1)c1ccc(Cl)c(Cl)c1,794.33,-2.9000009651534695,0,test,6.0999990348465305,-2.9177327448508725,0.01773177969740347,0.01773177969740347
CN1CCN(S(=O)(=O)c2ccc(-c3ccc(N)c(C(=O)Nc4cccnc4)c3)cc2)CC1,120.0,-2.0791812460476247,1,test,6.920818753952375,-2.0621741275594823,-0.017007118488142403,0.017007118488142403
CC1(NC(=O)O[C@@H]2CC[C@H](c3cc(NC(=O)Cc4cc(Cl)ccn4)n[nH]3)C2)CC1,31.6,-1.4996870826184039,0,test,7.500312917381596,-1.5161433669984021,0.01645628437999802,0.01645628437999802
CN1CCN(Cc2ccc3c(c2)Cc2c(-c4csc(C#CCOCC5CC5)c4)n[nH]c2-3)CC1,2511.89,-3.4000006169763797,0,test,5.59999938302362,-3.3836255658061196,-0.0163750511702605,0.0163750511702605
COc1ccc(CC(=O)Nc2cc([C@H]3CC[C@@H](OC(=O)NC4(C)CCOC4)C3)[nH]n2)cc1,30.3,-1.481442628502305,1,test,7.518557371497695,-1.4895019367912863,0.00805930828898127,0.00805930828898127
O=C(NNC(=S)Nc1ccc(F)cc1)C(O)(c1ccccc1)c1ccccc1,794.33,-2.9000009651534695,0,test,6.0999990348465305,-2.9044550066355543,0.00445404148208528,0.00445404148208528
Cc1cnc(CC(=O)Nc2cc([C@@H]3CC[C@H](OC(=O)NC(C)C)C3)[nH]n2)o1,39.9,-1.6009728956867482,0,test,7.399027104313252,-1.5991184188365641,-0.001854476850184028,0.001854476850184028
Cc1ccc2c(-c3ccnc(Nc4ccc(C(F)(F)F)cc4)n3)cnn2n1,50.0,-1.6989700043360187,0,test,7.301029995663981,-1.6973678936179872,-0.001602110718031513,0.001602110718031513
Nc1ncnc2sc3c(c12)-c1ccc(NC(=O)Nc2ccccc2)cc1CC3,1995.26,-3.2999994961169836,0,test,5.700000503883016,-3.3013884393204616,0.0013889432034774885,0.0013889432034774885
CCNC(=O)O[C@@H]1CC[C@H](c2cc(NC(=O)Cc3cc(F)cc(F)c3)n[nH]2)C1,43.4,-1.6374897295125106,0,test,7.36251027048749,-1.6383472162801294,0.0008574867676187647,0.0008574867676187647
O=[N+]([O-])c1ccc(NCCNc2ncc(-c3ncc[nH]3)c(-c3ccc(Cl)cc3Cl)n2)nc1,0.09,1.0457574905606752,0,train,10.045757490560675,-0.19443134922077498,1.2401888397814502,1.2401888397814502
COc1ccc2oc3ncc(OCc4ccccc4)c(-c4ccccc4)c3c2c1,20.0,-1.3010299956639813,1,train,7.698970004336019,-2.30051410466139,0.9994841089974087,0.9994841089974087
NC(COc1cncc(-c2ccc3c(c2)C(=Cc2ccc[nH]2)C(=O)N3)c1)Cc1ccccc1,2.512,-0.40001963506515853,0,train,8.599980364934842,-1.3452364386272984,0.9452168035621399,0.9452168035621399
Cc1nnc(-c2ccccc2)c(C#N)n1,100000.0,-5.0,0,train,4.0,-4.1270222104549115,-0.8729777895450885,0.8729777895450885
O=C(O)c1csc2c1NCCNC2=O,50118.72,-4.699999970860911,0,train,4.300000029139089,-3.836440340192352,-0.8635596306685587,0.8635596306685587
Cn1c2ccccc2c2c3c(c4c5ccccc5n(CCC#N)c4c21)CNC3=O,15.85,-1.2000292665537702,0,train,7.79997073344623,-2.0398259689253257,0.8397967023715556,0.8397967023715556
NC(=O)c1cc(-c2cccs2)n2nccc2n1,39810.72,-4.600000032123142,1,train,4.399999967876858,-3.764608690631103,-0.8353913414920391,0.8353913414920391
CN1CCN(S(=O)(=O)c2ccccc2-c2cnc(N)c(C(=O)Nc3cccnc3)n2)CC1,300.0,-2.4771212547196626,0,train,6.522878745280337,-1.6715792838667887,-0.8055419708528739,0.8055419708528739
CN1CCN(S(=O)(=O)c2ccc(-c3cnc(N)c(C(=O)Nc4cnccc4CN4CCCC4)n3)cc2)CC1,0.22,0.6575773191777937,0,train,9.657577319177793,-0.11522045995929661,0.7727977791370904,0.7727977791370904
Cc1n[nH]c2c1C(c1ccccc1F)C1=C(CC(C)(C)CC1=O)N2,19.95,-1.299942900022767,0,train,7.700057099977233,-2.0700957096112607,0.7701528095884937,0.7701528095884937
COc1ccc(NC(=O)c2nc(-c3ccc(S(=O)(=O)N4CCN(C)CC4)cc3)cnc2N)cc1,690.0,-2.838849090737255,0,train,6.161150909262744,-2.089267819039923,-0.7495812716973322,0.7495812716973322
Oc1cnc2oc3c4ccccc4c(O)cc3c2c1-c1ccccc1,10.0,-1.0,0,train,8.0,-1.7352774563059012,0.7352774563059012,0.7352774563059012
Cc1cnc(-c2cnc(NCCNc3ccc(C#N)cn3)nc2-c2ccc(Cl)cc2Cl)[nH]1,3.981,-0.599992177584098,0,train,8.400007822415901,-1.331947616038445,0.731955438454347,0.731955438454347
O=c1[nH]c2cc(Br)cnc2[nH]1,63095.73,-4.799999969383821,0,train,4.200000030616179,-4.071100615574863,-0.7288993538089583,0.7288993538089583
Fc1cnc(Nc2ccccc2)nc1Nc1ccccc1,1995.26,-3.2999994961169836,0,train,5.700000503883016,-2.5793677782009583,-0.7206317179160258,0.7206317179160258
Cc1nnc(-c2cc3c(Oc4ccc(C(F)(F)F)cc4)cncc3s2)o1,3.981,-0.599992177584098,0,train,8.400007822415901,-1.3040210771640337,0.7040288995799358,0.7040288995799358
O=C1NC(=O)C(c2ccccc2[N+](=O)[O-])=C1Nc1ccc(O)c(Cl)c1,24.0,-1.380211241711606,0,train,7.619788758288394,-2.0693945632956727,0.6891833215840668,0.6891833215840668
CS(=O)(=O)NC1CCC(Nc2cc(Cl)nc(-c3c[nH]c4ncccc34)n2)CC1,15.85,-1.2000292665537702,1,train,7.79997073344623,-1.8822025384696395,0.6821732719158693,0.6821732719158693
COCCOC1CCC(n2nc(-c3ccc(Nc4nc5cc(C)cc(C)c5o4)cc3)c3c(N)ncnc32)CC1,79.43,-1.899984562549391,0,train,7.100015437450609,-2.5692316554559373,0.6692470929065464,0.6692470929065464
Nc1nnc(-c2cc3c(Oc4ccc(Cl)cc4)cncc3s2)o1,3.162,-0.4999618655961902,0,train,8.500038134403809,-1.129488582887258,0.6295267172910679,0.6295267172910679
Cc1n[nH]c2ccc(-c3cncc(OCC(N)Cc4cccc(Cl)c4)c3)cc12,15.85,-1.2000292665537702,0,train,7.79997073344623,-1.825627656736057,0.6255983901822868,0.6255983901822868
O=c1nc(-c2ccc3[nH]ncc3c2)cc(-c2ccccc2)[nH]1,39.81,-1.599992177584098,1,train,7.400007822415902,-2.2159277911058304,0.6159356135217324,0.6159356135217324
CCCC(=O)Nc1n[nH]c2ccc(-c3cccc(F)c3F)cc12,2.512,-0.40001963506515853,0,train,8.599980364934842,-1.0154128322740625,0.6153931972089041,0.6153931972089041
O=C1NCCC12CCN(c1c(Cl)cncc1-c1cc3ccccc3o1)CC2,18.0,-1.255272505103306,0,train,7.7447274948966935,-1.8705221608515534,0.6152496557482474,0.6152496557482474
O=C1Cc2c([nH]c3ccc(Br)cc23)-c2ncccc2N1,10.0,-1.0,0,train,8.0,-1.6129745574728511,0.6129745574728511,0.6129745574728511
c1ccc(Nc2nccc(-c3c(C4CC4)nn4ncccc34)n2)cc1,19000.0,-4.278753600952829,1,train,4.721246399047171,-3.665831887072806,-0.6129217138800227,0.6129217138800227
Cc1cc(Nc2cc(N3CCN(C)CC3)nc(C=Cc3ccccc3)n2)n[nH]1,1258.93,-3.100001582801352,0,train,5.899998417198648,-2.499081107143162,-0.6009204756581901,0.6009204756581901
N#Cc1ccc2c(c1)C(c1ccc3c(n1)CCCC3O)C(=O)N2,31.62,-1.4999618655961902,0,train,7.50003813440381,-2.0958571574031266,0.5958952918069365,0.5958952918069365
CN1CCN(S(=O)(=O)c2ccc(-c3cnc(N)c(C(=O)Nc4ncns4)n3)cc2)CC1,0.99,0.004364805402450088,1,train,9.00436480540245,-0.58602219021577,0.59038699561822,0.59038699561822
O=C1CN2C(=NN1)COc1ccccc12,31622.78,-4.500000046671104,0,train,4.499999953328896,-3.914950927482254,-0.5850491191888505,0.5850491191888505
NC1CCCCC1Nc1nccc(Nc2ccccc2C(=O)O)n1,6309.57,-3.799999762890647,0,train,5.200000237109354,-3.216969990826854,-0.5830297720637927,0.5830297720637927
FC(F)(F)c1cc(Nc2nccc(-c3c(-c4ccccc4)nn4ncccc34)n2)ccc1Cl,20.0,-1.3010299956639813,1,train,7.698970004336019,-1.8789847683025913,0.5779547726386101,0.5779547726386101
COc1ccc(C2=NNC(=O)/C2=N\Nc2ccc(N(C)C)cc2)cc1OC,87.0,-1.9395192526186185,0,train,7.060480747381382,-1.381958028189159,-0.5575612244294594,0.5575612244294594
COc1cc2c(cc1F)C(c1ccccc1Cl)=Nc1c(n[nH]c1C)N2,19.95,-1.299942900022767,0,train,7.700057099977233,-1.8565718804854978,0.5566289804627309,0.5566289804627309
CC(=O)c1cccc(-c2ccc3nccn3n2)c1,25118.86,-4.399999925393822,0,train,4.600000074606178,-3.844775222677578,-0.5552247027162442,0.5552247027162442
O=[N+]([O-])c1cccc(-c2nnc3ccc(N4CCCCC4)nn23)c1,39.81,-1.599992177584098,0,train,7.400007822415902,-2.1493063228598093,0.5493141452757113,0.5493141452757113
Cc1cc(=O)n2ccc(CN(C)C)c(O)c2n1,79.43,-1.899984562549391,0,train,7.100015437450609,-2.4461601360512217,0.5461755735018308,0.5461755735018308
O=c1[nH]c2ccc(Cl)cc2c2ncnn12,39810.72,-4.600000032123142,0,train,4.399999967876858,-4.056327245455196,-0.5436727866679458,0.5436727866679458
Cc1cccc(-c2cccc3onc(N)c23)c1,39810.72,-4.600000032123142,0,train,4.399999967876858,-4.060727009870041,-0.5392730222531013,0.5392730222531013
Fc1ccc(Nc2nccc(-c3c(C4CC4)nn4ncccc34)n2)cc1F,23000.0,-4.361727836017593,1,train,4.638272163982407,-3.8380861003945363,-0.5236417356230567,0.5236417356230567
CCNc1nc(C)c(-c2ccnc(Nc3ccc(N4CCN(C(C)=O)CC4)cc3)n2)s1,1584.89,-3.1999991251967965,0,train,5.800000874803203,-2.676949840200787,-0.5230492849960093,0.5230492849960093
Cc1cc(S(=O)(=O)N2CCN(C)CC2)c(C)cc1-c1cnc(N)c(C(=O)Nc2cccnc2)n1,1.5,-0.17609125905568124,0,train,8.823908740944319,-0.6943502054050102,0.518258946349329,0.518258946349329
O=C(Nc1cnccn1)Nc1cccc2c(O)cccc12,1000.0,-3.0,1,train,6.0,-2.483634845244065,-0.5163651547559351,0.5163651547559351
CN(C)CC(=O)NC(COc1cncc(-c2ccc3cnccc3c2)c1)Cc1c[nH]c2ccccc12,3162.28,-3.5000003213429354,0,train,5.499999678657065,-2.9839696180008572,-0.5160307033420786,0.5160307033420786
COc1cccc(C2=NNC(=O)/C2=N\Nc2ccccc2Cl)c1,850.0,-2.929418925714293,1,train,6.070581074285707,-2.4156546901027265,-0.5137642356115664,0.5137642356115664
COc1ccc(-c2ccc(N)cc2)c2cnoc12,31622.78,-4.500000046671104,0,train,4.499999953328896,-3.99695753341508,-0.5030425132560241,0.5030425132560241
Nc1cc(=O)[nH]n1-c1ccccn1,19952.62,-4.29999993144297,0,train,4.70000006855703,-3.8047133963941486,-0.4952865350488218,0.4952865350488218
COc1cccc(C(CN)NC(=O)c2ccc(-c3ccncc3)cc2)c1,79.43,-1.899984562549391,1,train,7.100015437450609,-2.394991580822049,0.49500701827265825,0.49500701827265825
O=C1NN=Cc2c[nH]c3cc(NC(=O)C4CC4c4ccccc4)cc1c23,5011.87,-3.6999997975545824,0,train,5.300000202445418,-3.2083959296581996,-0.4916038678963828,0.4916038678963828
O=C(Nc1ccc([N+](=O)[O-])cc1)N1CCc2[nH]c3c(Cl)cc(Cl)cc3c2C1,3162.28,-3.5000003213429354,0,train,5.499999678657065,-3.008569825978173,-0.4914304953647628,0.4914304953647628
CN(c1ccccc1)c1nccc(-c2cnn3ncccc23)n1,19900.0,-4.298853076409706,0,train,4.701146923590294,-3.808969852767728,-0.48988322364197856,0.48988322364197856
NC(=O)c1cc2c(-c3ccc(Br)c(F)c3F)cncc2s1,6.31,-0.8000293592441343,0,train,8.199970640755865,-1.2890185950556476,0.4889892358115133,0.4889892358115133
CCCNC(=O)O[C@H]1CC[C@@H](c2cc(NC(=O)Cc3ccc4[nH]c(C)nc4c3)n[nH]2)C1,2.45,-0.3891660843645325,0,train,8.610833915635467,-0.8744531420528772,0.4852870576883447,0.4852870576883447
CC(C)(C)OC(=O)n1ncc2cc(Nc3c(NCc4ccc(S(N)(=O)=O)cc4)c(=O)c3=O)ccc21,2511.89,-3.4000006169763797,0,train,5.59999938302362,-2.918078530167619,-0.48192208680876103,0.48192208680876103
CC(C)S(=O)(=O)c1ccc(-c2cnc(N)c(-c3nnc(-c4ccccc4)o3)n2)cc1,22.0,-1.3424226808222062,1,train,7.657577319177793,-1.8191988482878534,0.4767761674656472,0.4767761674656472
c1ccc(CNc2nc(Nc3cc(C4CC4)[nH]n3)c3sccc3n2)cc1,7.943,-0.899984562549391,0,train,8.100015437450608,-1.3757427971649527,0.47575823461556177,0.47575823461556177
CCCCn1c(NC(=O)c2cccc(C#N)c2)nc2cc(N(C)C(=O)C3CCCCC3)ccc21,5011.87,-3.6999997975545824,0,train,5.300000202445418,-3.225000546795994,-0.4749992507585885,0.4749992507585885
CN1CCN(S(=O)(=O)c2cccc(-c3cnc(N)c(C(=O)Nc4cccnc4)n3)c2)CC1,74.0,-1.8692317197309762,1,train,7.130768280269024,-1.3994536051693476,-0.46977811456162843,0.46977811456162843
Nc1ncc2cccc(-c3ccccc3)n12,19952.62,-4.29999993144297,0,train,4.70000006855703,-3.830604005387837,-0.46939592605513347,0.46939592605513347
N#Cc1ncc2nc1OCCCCCOc1cc(OCC(O)CO)c(Cl)cc1NC(=O)N2,3981.07,-3.59999981394342,1,train,5.40000018605658,-3.1409923783276805,-0.45900743561573965,0.45900743561573965
Cc1cc(O)ccc1-n1cc(C(N)=O)c(=O)c2ccc(-c3ccncc3)cc21,3162.28,-3.5000003213429354,1,train,5.499999678657065,-3.04520389558696,-0.4547964257559758,0.4547964257559758
COc1cc(Nc2nccc(-c3cnn4nc(C)ccc34)n2)cc(C(F)(F)F)c1,10.0,-1.0,1,train,8.0,-1.453480375952437,0.45348037595243706,0.45348037595243706
COc1ccc(N/N=C2\C(=O)NN=C2c2ccccn2)cc1,640.0,-2.806179973983887,1,train,6.1938200260161125,-2.3543558416787924,-0.45182413230509466,0.45182413230509466
Cc1n[nH]c2ccc(-c3cccnc3)cc12,3981.07,-3.59999981394342,0,train,5.40000018605658,-3.151638618736562,-0.448361195206858,0.448361195206858
Cc1n[nH]c2ccc(-c3cncc(OCC(N)Cc4cccc(OC(F)(F)F)c4)c3)cc12,19.95,-1.299942900022767,0,train,7.700057099977233,-1.7472525627980113,0.4473096627752444,0.4473096627752444
Nc1nonc1-n1nnc(C(=O)NN=Cc2ccncc2)c1-c1ccccc1,3981.07,-3.59999981394342,1,train,5.40000018605658,-3.155423858126157,-0.44457595581726306,0.44457595581726306
CCN(CC)c1ccc(N/N=C2\C(=O)NN=C2c2ccc(OC)c(OC)c2)cc1,2.0,-0.3010299956639812,0,train,8.698970004336019,-0.7452066688446861,0.4441766731807049,0.4441766731807049
CCn1c(C)c(-c2ccnc(Nc3cccc(OC)c3)n2)sc1=O,12.59,-1.1000257301078626,0,train,7.899974269892137,-1.5429454829368552,0.44291975282899254,0.44291975282899254
Cc1nn(C)c2sc3c(=O)[nH]cnc3c12,39810.72,-4.600000032123142,0,train,4.399999967876858,-4.160777693255345,-0.43922233886779694,0.43922233886779694
c1ccc(-c2c(-c3ccc4[nH]ncc4c3)nc3ncccn23)cc1,10.0,-1.0,1,train,8.0,-1.4388640922333513,0.4388640922333513,0.4388640922333513
CC(=O)N1CCC(Nc2nccc(-c3c(-c4ccc(F)cc4)nc4occn34)n2)CC1,79.43,-1.899984562549391,0,train,7.100015437450609,-2.334242299000187,0.434257736450796,0.434257736450796
N#Cc1ncc2nc1OCC(O)C(O)COc1ccc(Cl)cc1NC(=O)N2,6309.57,-3.799999762890647,0,train,5.200000237109354,-3.3707203358897084,-0.42927942700093835,0.42927942700093835
Nc1ncnc2c1N=C(c1ccccc1)CCN2,50118.72,-4.699999970860911,0,train,4.300000029139089,-4.275692719325923,-0.42430725153498816,0.42430725153498816
COc1ccc(Sc2nc(Nc3cc(C)[nH]n3)c3ccccc3n2)cc1OC,1168.0,-3.0674428427763805,0,train,5.93255715722362,-2.6467035189178305,-0.42073932385854995,0.42073932385854995
COc1ccc(F)c(F)c1C(=O)c1cnc(NC2CCN(S(C)(=O)=O)CC2)nc1N,8000.0,-3.9030899869919438,0,train,5.096910013008056,-3.4877235716052253,-0.4153664153867189,0.4153664153867189
COCCN1CCC(CNC(=O)c2n[nH]c3ccc(-c4cccc(F)c4F)cc23)CC1,15.0,-1.1760912590556813,0,train,7.823908740944319,-1.5863106221976764,0.41021936314199525,0.41021936314199525
CCOC(=O)C1=c2sc(=Cc3ccco3)c(=O)n2C(N)=C(C#N)C1c1ccco1,6309.57,-3.799999762890647,0,train,5.200000237109354,-3.39001327804821,-0.4099864848424368,0.4099864848424368
Cc1cc(-c2ccccc2)n(-c2cc(NN=Cc3ccco3)ncn2)n1,100.0,-2.0,0,train,7.0,-2.408327648938872,0.40832764893887186,0.40832764893887186
CC(=O)Nc1nonc1-n1nnc(C(=O)NN=Cc2cccs2)c1-c1ccccc1,6309.57,-3.799999762890647,0,train,5.200000237109354,-3.391734914148856,-0.4082648487417906,0.4082648487417906
COc1ccc(C2=NNC(=O)/C2=N\Nc2ccc(N3CCOCC3)cc2)cc1OC,3.0,-0.47712125471966244,1,train,8.522878745280337,-0.8848836498739814,0.407762395154319,0.407762395154319
O=C1NCCc2[nH]c(-c3ccncc3)cc21,39.81,-1.599992177584098,0,train,7.400007822415902,-2.0069949909833906,0.4070028133992927,0.4070028133992927
Cc1cc(-c2ccc3c(c2)CNC3=O)ccc1F,79432.82,-4.899999981014695,0,train,4.100000018985305,-4.493176231382339,-0.40682374963235546,0.40682374963235546
CC(=O)c1ccccc1-c1ncnc2[nH]ccc12,63095.73,-4.799999969383821,0,train,4.200000030616179,-4.396455184239018,-0.40354478514480263,0.40354478514480263
N#Cc1ccc(NC(=O)Nc2ccnc3cc(C(F)(F)F)ccc23)nc1,3.981,-0.599992177584098,0,train,8.400007822415901,-1.0019976283104437,0.40200545072634575,0.40200545072634575
N#CC1=C(N)n2c(sc(=Cc3ccco3)c2=O)=C(C(N)=O)C1c1ccco1,251.19,-2.400002345927956,0,train,6.599997654072045,-2.796042563139309,0.3960402172113531,0.3960402172113531
COc1cccc(N/N=C2\C(=O)NN=C2c2ccc(OC)c(OC)c2)c1,0.4,0.3979400086720376,1,train,9.397940008672037,0.0021560472542575533,0.39578396141778005,0.39578396141778005
CN1CCN(S(=O)(=O)c2ccc(-c3cncc(C(=O)Nc4cccnc4)n3)cc2)CC1,370.0,-2.568201724066995,1,train,6.431798275933005,-2.174953824392307,-0.3932478996746882,0.3932478996746882
NC(=O)c1cccc2[nH]c(-c3ccc(NC(=O)c4cccc(S(=O)(=O)N5CCOCC5)c4)cc3)nc12,6309.57,-3.799999762890647,0,train,5.200000237109354,-3.409148562379398,-0.390851200511249,0.390851200511249
CN(C)C1CCC(Nc2nc(Cl)cc(-c3c[nH]c4ncccc34)n2)CC1,1584.89,-3.1999991251967965,1,train,5.800000874803203,-2.8092669095717633,-0.39073221562503324,0.39073221562503324
Cc1ccc(CNc2ccc3nnc(-c4ccccc4)n3n2)cc1,5011.87,-3.6999997975545824,0,train,5.300000202445418,-3.3097543813770387,-0.3902454161775437,0.3902454161775437
COc1cccc(C(C)NC(=O)c2cc(C)c(-c3ccc4[nH]nc(C)c4c3)s2)c1,50.12,-1.7000110623221123,0,train,7.299988937677888,-2.08923031461003,0.38921925228791787,0.38921925228791787
NC1C2CN(c3nc4c(cc3F)c(=O)c(C(=O)O)cn4-c3ccc(F)cc3F)CC12,31.62,-1.4999618655961902,0,train,7.50003813440381,-1.888973777045321,0.38901191144913083,0.38901191144913083
CNC(=O)c1cc(-c2ccc3[nH]ncc3c2)on1,4272.0,-3.6306312440205,0,train,5.3693687559795,-3.241995290897141,-0.3886359531233592,0.3886359531233592
COc1ccncc1C1=NNC(=O)/C1=N\Nc1ccc(N2CCOCC2)cc1,50.0,-1.6989700043360187,0,train,7.301029995663981,-1.3140752789440526,-0.3848947253919661,0.3848947253919661
Nc1nc(Cl)cc(-c2c[nH]c3ncccc23)n1,31.62,-1.4999618655961902,1,train,7.50003813440381,-1.8846124189826168,0.3846505533864266,0.3846505533864266
O=C1NCc2ccc(-c3ccc(Cl)cc3)cc21,63095.73,-4.799999969383821,0,train,4.200000030616179,-4.416775226201877,-0.38322474318194377,0.38322474318194377
c1ccc(Cn2nnc(-c3ccc4[nH]ncc4c3)c2-c2ccccc2)cc1,10.0,-1.0,0,train,8.0,-1.3824652082197875,0.38246520821978747,0.38246520821978747
COc1cccc(NC(=O)N2CCC(c3nc4c(C(N)=O)cccc4[nH]3)CC2)c1,3162.28,-3.5000003213429354,0,train,5.499999678657065,-3.119410263085425,-0.380590058257511,0.380590058257511
CC(C)N(C)C(=O)c1c(-c2ccc3[nH]ncc3c2)nnn1Cc1ccccc1,15.85,-1.2000292665537702,1,train,7.79997073344623,-1.5748047016324884,0.37477543507871824,0.37477543507871824
O=C1Cc2cc(-c3ccccc3)cnc2N1,15848.93,-4.199999947261554,1,train,4.800000052738446,-3.8261149127903993,-0.3738850344711544,0.3738850344711544
COc1cc(Nc2ncc([N+](=O)[O-])c(Nc3ccccc3C(N)=O)n2)cc(OC)c1OC,6.31,-0.8000293592441343,0,train,8.199970640755865,-1.171222807394015,0.37119344814988064,0.37119344814988064
Cc1cc(S(=O)(=O)N2CCN(C)CC2)ccc1-c1cnc(N)c(C(=O)Nc2cccnc2)n1,0.46,0.3372421683184259,0,train,9.337242168318426,-0.0336590369574804,0.3709012052759063,0.3709012052759063
CN(Cc1ccccc1)c1cc(-c2c[nH]c3ncccc23)cc(Cl)n1,39.81,-1.599992177584098,0,train,7.400007822415902,-1.9702775225473976,0.3702853449632997,0.3702853449632997
Nc1ncnc2scc(-c3ccccc3)c12,39810.72,-4.600000032123142,0,train,4.399999967876858,-4.231511567795709,-0.36848846432743265,0.36848846432743265
NC1CCCC(Nc2nc(Cl)cc(-c3c[nH]c4ncccc34)n2)C1,3162.28,-3.5000003213429354,1,train,5.499999678657065,-3.1319644286937938,-0.36803589264914205,0.36803589264914205
Cc1nccn2c(-c3ccnc(NCCC(C)(C)O)n3)c(-c3ccc(F)cc3F)nc12,1258.93,-3.100001582801352,0,train,5.899998417198648,-2.7324363529233473,-0.36756522987800455,0.36756522987800455
COc1cc(OC)cc(C(=O)Nc2n[nH]c3ccc(-c4cn(Cc5ccccc5)nn4)cc23)c1,39.81,-1.599992177584098,0,train,7.400007822415902,-1.2336844423916422,-0.36630773519245574,0.36630773519245574
FC(F)(F)c1ccccc1CNc1nccc(-c2c[nH]c3ncccc23)n1,12.59,-1.1000257301078626,0,train,7.899974269892137,-1.4660028758912163,0.3659771457833536,0.3659771457833536
c1cc2c(s1)CCc1cn[nH]c1-2,63095.73,-4.799999969383821,0,train,4.200000030616179,-4.436845471803253,-0.3631544975805676,0.3631544975805676
CN1CCN(C(=O)c2ccc(-c3cnc(N)c(C(=O)Nc4cccnc4)n3)cc2)CC1,3.1,-0.4913616938342727,0,train,8.508638306165727,-0.8501817730907139,0.35882007925644116,0.35882007925644116
Cc1cnc(Nc2cccc(S(N)(=O)=O)c2)nc1Nc1ccc(OCC(N)=O)cc1,1995.26,-3.2999994961169836,0,train,5.700000503883016,-2.9425299101469107,-0.3574695859700734,0.3574695859700734
NC(=O)c1cc(-c2ccnc(N)n2)[nH]c1-c1ccc(Cl)cc1Cl,6.31,-0.8000293592441343,0,train,8.199970640755865,-1.156395457830164,0.35636609858602974,0.35636609858602974
COc1ccncc1C1=NNC(=O)/C1=N\Nc1ccccc1,4.5,-0.6532125137753437,0,train,8.346787486224656,-1.0094027429344459,0.35619022915910215,0.35619022915910215
Clc1cc(NC2CCCCC2)nc(-c2c[nH]c3ncccc23)n1,1258.93,-3.100001582801352,1,train,5.899998417198648,-2.744553319879435,-0.35544826292191667,0.35544826292191667
OC1CCCC(Nc2cc(Cl)nc(-c3c[nH]c4ncccc34)n2)C1,100.0,-2.0,1,train,7.0,-2.354359025459688,0.3543590254596878,0.3543590254596878
CCC(=O)Nc1ccc(C(=O)N2CCNCC2)c(O)c1,100.0,-2.0,0,train,7.0,-2.3524928072102402,0.35249280721024023,0.35249280721024023
Cc1cc(OCC2CCC(C(=O)O)C2)c(NC(=O)Nc2cnc(C#N)cn2)cc1Cl,1258.93,-3.100001582801352,0,train,5.899998417198648,-2.7476293090717534,-0.35237227372959845,0.35237227372959845
FC(F)(F)c1cccc(CNc2cc(-c3c[nH]c4ncccc34)ncn2)c1,100.0,-2.0,0,train,7.0,-1.6480066693187558,-0.35199333068124417,0.35199333068124417
COc1cc(Nc2ncnc(N3CCCc4cc(C)ccc43)n2)cc(OC)c1OC,2511.89,-3.4000006169763797,0,train,5.59999938302362,-3.0509787010283365,-0.34902191594804366,0.34902191594804366
O=c1[nH]cnc2c(Cl)cccc12,19952.62,-4.29999993144297,0,train,4.70000006855703,-3.9510202145087523,-0.34897971693421814,0.34897971693421814
COc1cccc(C2=NNC(=O)/C2=N\Nc2ccccn2)c1,8.0,-0.9030899869919435,1,train,8.096910013008056,-1.2503898653155403,0.34729987832359666,0.34729987832359666
Cc1nc2ccc(NS(=O)(=O)c3ccc(N)cc3)cc2nc1C,100.0,-2.0,0,train,7.0,-2.3472996152205723,0.3472996152205723,0.3472996152205723
Nc1nc(=O)[nH]c2sccc12,39810.72,-4.600000032123142,0,train,4.399999967876858,-4.254352361911003,-0.3456476702121387,0.3456476702121387
CN1CCN(CCCOc2cccc(CC(=O)Nc3nc(-c4c[nH]c5ncccc45)cs3)c2)CC1,2100.0,-3.322219294733919,0,train,5.6777807052660805,-2.976706112940529,-0.3455131817933901,0.3455131817933901
CN(C)CC(C)(C)CNc1nccc(-c2c(-c3ccc(F)cc3)nc3occn23)n1,5011.87,-3.6999997975545824,0,train,5.300000202445418,-3.357737028477004,-0.34226276907757835,0.34226276907757835
c1ccc(CNc2nc(-c3ccc4[nH]ncc4c3)cs2)cc1,6309.57,-3.799999762890647,1,train,5.200000237109354,-3.4584404675882445,-0.34155929530240225,0.34155929530240225
Nc1ncc(-c2ccc(S(=O)(=O)N3CCCC3)cc2)nc1C(=O)Nc1cccnc1,4.4,-0.6434526764861874,1,train,8.356547323513812,-0.30234394799183956,-0.34110872849434787,0.34110872849434787
COc1ccc(C(=O)N2c3ccccc3Sc3c(Cl)cncc32)cc1,5011.87,-3.6999997975545824,0,train,5.300000202445418,-3.3589997051685305,-0.3410000923860519,0.3410000923860519
COc1cccc(CNC(=O)c2ccc(-c3ccncc3)cc2)c1,1995.26,-3.2999994961169836,1,train,5.700000503883016,-2.9600602759868586,-0.33993922013012545,0.33993922013012545
CC[C@H](C)NC(=O)O[C@@H]1CC[C@H](c2cc(NC(=O)Cc3cc(O)ncc3S(C)(=O)=O)n[nH]2)C1,10.9,-1.0374264979406236,1,train,7.962573502059376,-1.3752038326956018,0.3377773347549782,0.3377773347549782
O=C1Cc2c([nH]c3ccc([N+](=O)[O-])cc23)-c2ccccc2N1,15.85,-1.2000292665537702,0,train,7.79997073344623,-1.5353604395569165,0.3353311730031463,0.3353311730031463
NC(=O)c1cn(-c2ccc(O)cc2Cl)c2cc(-c3ccncc3)ccc2c1=O,125.89,-2.0999912335446846,1,train,6.900008766455315,-2.43499394734764,0.3350027138029552,0.3350027138029552
CC(C)(O)c1cn(-c2ccc3[nH]ncc3c2)nn1,12589.25,-4.099999857942367,0,train,4.900000142057633,-3.765767216220165,-0.33423264172220213,0.33423264172220213
O=C(NCC1CCCCC1)c1cc2c(-c3ccccc3)n[nH]c2s1,5011.87,-3.6999997975545824,0,train,5.300000202445418,-3.367173091932224,-0.3328267056223586,0.3328267056223586
CC(C)OC1=NNC(=O)C1=Cc1c[nH]c2ccccc12,6309.57,-3.799999762890647,0,train,5.200000237109354,-3.467303023353007,-0.3326967395376399,0.3326967395376399
N#Cc1cnc(NC(=O)Nc2ccc3cc(C(=O)O)ccc3c2)cn1,3162.28,-3.5000003213429354,0,train,5.499999678657065,-3.168022534909367,-0.3319777864335687,0.3319777864335687
COCCNS(=O)(=O)c1ccc(-c2cnc(N)c(C(=O)Nc3cccnc3)n2)cc1,2.0,-0.3010299956639812,0,train,8.698970004336019,-0.632202339068128,0.33117234340414675,0.33117234340414675
OCCNc1cc2cc(-c3cccnc3)ccc2cn1,1000.0,-3.0,0,train,6.0,-2.669776680752889,-0.3302233192471111,0.3302233192471111
COc1cccc(N/N=C2\C(=O)NN=C2c2ccccc2)c1,35.0,-1.5440680443502757,1,train,7.455931955649724,-1.2146923451768563,-0.32937569917341936,0.32937569917341936
CCC(=O)Nc1ccc(Sc2nc(Nc3cc(C)[nH]n3)c3ccccc3n2)cc1,1500.0,-3.1760912590556813,1,train,5.823908740944319,-2.849065453775185,-0.3270258052804964,0.3270258052804964
COCc1cc(C(=O)Nc2cc([C@H]3CC[C@@H](OC(=O)NC4(C)CC4)C3)nn2C(C)(C)C)n(C)n1,667.0,-2.824125833916549,1,train,6.175874166083451,-2.4976010266206337,-0.3265248072959155,0.3265248072959155
Oc1c2ccccc2c2c3c(cccc13)N=N2,316.23,-2.500003068051693,0,train,6.499996931948306,-2.826001871200297,0.32599880314860386,0.32599880314860386
N#Cc1c(O)[nH]c(=O)c2c(=N)oc3ccc(Cl)cc3c12,251.19,-2.400002345927956,0,train,6.599997654072045,-2.725787160853727,0.3257848149257714,0.3257848149257714
c1ccc(C2CCc3[nH]ncc3C2)cc1,63095.73,-4.799999969383821,1,train,4.200000030616179,-4.474345895884515,-0.3256540734993063,0.3256540734993063
O=C(Nc1ccccc1)Nc1nccs1,10000.0,-4.0,0,train,5.0,-3.675279204490846,-0.3247207955091538,0.3247207955091538
Clc1ccc(Cl)c(Cn2cc(-c3ccc4[nH]ncc4c3)nn2)c1,16.0,-1.2041199826559248,0,train,7.795880017344075,-1.5286950560220922,0.3245750733661674,0.3245750733661674
COc1cc(C=C2SC(=O)NC2=O)ccc1O,3981.07,-3.59999981394342,0,train,5.40000018605658,-3.275935291650971,-0.3240645222924492,0.3240645222924492
Cn1cc(-c2cnc(N)c3c(-c4ccc(NC(=O)Nc5ccc(OC(F)F)cc5)cc4)csc23)cn1,199.53,-2.300008202553813,0,train,6.699991797446187,-2.6240038591050223,0.32399565655120943,0.32399565655120943
Oc1cc2c(oc3ncc(OCc4ccccc4)c(-c4ccccc4)c32)c2ccccc12,1600.0,-3.2041199826559246,0,train,5.795880017344075,-2.8805965313545294,-0.3235234513013956,0.3235234513013956
CC(C)(CN)CNc1cc(-c2c[nH]c3ncccc23)cc(F)n1,1995.26,-3.2999994961169836,0,train,5.700000503883016,-2.9773114402724086,-0.3226880558445755,0.3226880558445755
Oc1ccc2c(-c3ccnc(Nc4cccc(C(F)(F)F)c4)n3)cnn2n1,10.0,-1.0,1,train,8.0,-1.3213831908065177,0.32138319080651767,0.32138319080651767
NC(=O)c1cc2c(-c3cccc(F)c3)cncc2s1,19.95,-1.299942900022767,1,train,7.700057099977233,-1.6209654595492264,0.3210225595264595,0.3210225595264595
O=C(NCCc1cccs1)N1CC=C(c2c[nH]c3ncccc23)CC1,3162.28,-3.5000003213429354,0,train,5.499999678657065,-3.179369190483553,-0.320631130859383,0.320631130859383
COc1ccc(C=C2SC(=Nc3ccccc3)NC2=O)cc1O,3162.28,-3.5000003213429354,0,train,5.499999678657065,-3.179642286926261,-0.320358034416675,0.320358034416675
OCCCc1cn(-c2ccc3[nH]ncc3c2)nn1,5216.0,-3.717337582723864,0,train,5.282662417276136,-3.3987885143795546,-0.3185490683443093,0.3185490683443093
N#Cc1cccc(-c2nc(Nc3cc(C4CC4)[nH]n3)c3ccccc3n2)c1,9.0,-0.9542425094393249,0,train,8.045757490560675,-1.271363464219739,0.31712095478041413,0.31712095478041413
COCCNC(=O)c1nc(-c2ccc(S(=O)(=O)N3CCN(C)CC3)cc2)cnc1N,90.0,-1.954242509439325,0,train,7.045757490560675,-1.6386014179981754,-0.3156410914411496,0.3156410914411496
Cc1ccccc1-c1c(-c2ccc3[nH]nc(N)c3c2)nnn1Cc1ccccc1,125.89,-2.0999912335446846,0,train,6.900008766455315,-1.7875289962093937,-0.312462237335291,0.312462237335291
c1ccc(Nc2nccc(-c3c(-c4ccccc4)nn4ncccc34)n2)cc1,10.0,-1.0,1,train,8.0,-1.3123371355255853,0.3123371355255853,0.3123371355255853
O=C(NCc1ccccc1)Nc1ncc([N+](=O)[O-])s1,199.53,-2.300008202553813,0,train,6.699991797446187,-2.6107861962246774,0.31077799367086456,0.31077799367086456
O=C(Nc1cnccn1)Nc1ccnc2ccc(N3CC4COCC4C3)cc12,7.943,-0.899984562549391,0,train,8.100015437450608,-1.2089927297685366,0.3090081672191456,0.3090081672191456
c1cnc2[nH]cc(-c3ccnc(NC4CCCCC4)n3)c2c1,31.62,-1.4999618655961902,0,train,7.50003813440381,-1.805255488562257,0.30529362296606677,0.30529362296606677
Nc1ncc(-c2ccc(S(=O)(=O)N3CCOCC3)cc2)nc1C(=O)Nc1cccnc1,0.67,0.17392519729917355,0,train,9.173925197299173,-0.13095468883560313,0.3048798861347766,0.3048798861347766
CCCC(=O)Nc1nn(C(=O)CC)c2nc3ccccc3cc12,125.89,-2.0999912335446846,0,train,6.900008766455315,-2.404858157561939,0.30486692401725435,0.30486692401725435
CC(Nc1c(Nc2ccncc2)c(=O)c1=O)C(C)(C)C,2511.89,-3.4000006169763797,0,train,5.59999938302362,-3.0951842390631437,-0.30481637791323646,0.30481637791323646
COc1ccc(CNc2c(Nc3ccc4[nH]ncc4c3)c(=O)c2=O)cc1,63.1,-1.8000293592441343,0,train,7.199970640755866,-2.1035418732801587,0.3035125140360244,0.3035125140360244
CCCCNc1nc(N)c(C(=O)c2ccccc2)s1,158.49,-2.200001865406602,0,train,6.799998134593398,-2.5034350013811655,0.3034331359745637,0.3034331359745637
CCCCNc1c(-c2ccc3[nH]ncc3c2)nc2ncccn12,17.425,-1.241172786770047,0,train,7.758827213229953,-1.5440061352552272,0.3028333484851802,0.3028333484851802
Cc1cccc(Nc2nccc(Nc3c(NC(C)C(C)(C)C)c(=O)c3=O)n2)c1,794.33,-2.9000009651534695,0,train,6.0999990348465305,-2.5972263529903996,-0.30277461216306945,0.30277461216306945
NC(=O)Cn1cc(-c2cc(-c3cc4ccccc4s3)c3[nH]ncc3c2)c2nc(N)ncc21,100.0,-2.0,0,train,7.0,-2.302129758974204,0.3021297589742038,0.3021297589742038
OC1CCC(Nc2nc(Cl)cc(-c3c[nH]c4ncccc34)n2)CC1,50.12,-1.7000110623221123,1,train,7.299988937677888,-2.0020048445054512,0.30199378218333894,0.30199378218333894
CCCOc1cccc(C(C)NC(=O)c2ccc(-c3ccncc3F)cc2)c1,2511.89,-3.4000006169763797,1,train,5.59999938302362,-3.1002470068664896,-0.29975361010989054,0.29975361010989054
COc1cccc(CNC(=O)c2cc3c(-c4ccccc4)n[nH]c3s2)c1,1995.26,-3.2999994961169836,0,train,5.700000503883016,-3.0019897748087265,-0.29800972130825754,0.29800972130825754
Cc1cc(Nc2nc(Sc3ccc(Cl)cc3Cl)nc3ccccc23)n[nH]1,8.0,-0.9030899869919435,1,train,8.096910013008056,-1.2000981410638734,0.2970081540719297,0.2970081540719297
COc1ccccc1-c1ccnc(Nc2cccc(S(C)(=O)=O)c2)n1,398.11,-2.60000308662774,0,train,6.399996913372259,-2.3031351710971673,-0.2968679155305729,0.2968679155305729
Cc1ccccc1-c1c(-c2ccc3[nH]nc(C)c3c2)nnn1Cc1ccccc1,12.59,-1.1000257301078626,0,train,7.899974269892137,-1.396505122948736,0.2964793928408733,0.2964793928408733
NC(=O)c1cc2c(-c3ccc(F)cc3F)cncc2s1,199.53,-2.300008202553813,1,train,6.699991797446187,-2.0050066772911976,-0.29500152526261525,0.29500152526261525
Fc1ccc(Nc2nccc(-c3c(-c4ccccc4)nn4ncccc34)n2)cc1F,10.0,-1.0,1,train,8.0,-1.2944474292427333,0.29444742924273326,0.29444742924273326
COc1ccc(C=NNc2ncnc3c2[nH]c2ccccc23)cc1OC,125.89,-2.0999912335446846,0,train,6.900008766455315,-2.3940033910950222,0.2940121575503376,0.2940121575503376
Nc1n[nH]c2nnc(-c3ccccc3)c(-c3ccccc3)c12,158.49,-2.200001865406602,0,train,6.799998134593398,-2.493346670085492,0.29334480467889,0.29334480467889
FC(F)(F)c1cc(Nc2nccc(-c3c(-c4ccc(Cl)cc4)nn4ncccc34)n2)ccc1Cl,3980.0,-3.5998830720736876,1,train,5.400116927926312,-3.3067288992106514,-0.2931541728630367,0.2931541728630367
Nc1ncc(-c2ccc(S(=O)(=O)N3CCCCC3)cc2)nc1C(=O)Nc1cccnc1,0.4,0.3979400086720376,1,train,9.397940008672037,0.10519969214268383,0.2927403165293538,0.2927403165293538
Nc1nonc1-n1nnc(C(=O)NN=Cc2cccs2)c1-c1cccs1,158.49,-2.200001865406602,1,train,6.799998134593398,-2.4917120703019524,0.2917102048953506,0.2917102048953506
NC(COCc1ccccc1)COc1cncc(C=Cc2ccncc2)c1,6309.57,-3.799999762890647,0,train,5.200000237109354,-3.5094832451458426,-0.29051651774480414,0.29051651774480414
Cn1cc(-c2cc3nc(Br)cnc3[nH]2)c2ccccc21,3162.28,-3.5000003213429354,0,train,5.499999678657065,-3.2098514249555423,-0.2901488963873935,0.2901488963873935
Cc1n[nH]c2ccc(-c3cncc(OCCN)c3)cc12,2511.89,-3.4000006169763797,0,train,5.59999938302362,-3.1099138664107047,-0.29008675056567546,0.29008675056567546
O=C(Nc1cnccn1)Nc1ccnc2cc(C(F)(F)F)ccc12,63.1,-1.8000293592441343,1,train,7.199970640755866,-1.5107782489066983,-0.289251110337436,0.289251110337436
CC(C)S(=O)(=O)c1ccc(-c2cnc(N)c(-c3cc(-c4ccccc4)on3)n2)cc1,530.0,-2.724275869600789,1,train,6.275724130399211,-2.4359869781921044,-0.28828889140868474,0.28828889140868474
Cc1ccc(-c2cc(-c3cc(Br)ccc3O)[nH]c(=O)c2C#N)s1,316.23,-2.500003068051693,0,train,6.499996931948306,-2.7879671454584947,0.2879640774068015,0.2879640774068015
O=C(Nc1cnccn1)Nc1ccnc2c(F)cccc12,5.012,-0.7000110623221123,1,train,8.299988937677888,-0.9873595893208785,0.28734852699876623,0.28734852699876623
CCCn1c(C2CCNCC2)nc(-c2ccc(Cl)c(Cl)c2)c1-c1ccnc(NC2CCCCC2)n1,2511.89,-3.4000006169763797,0,train,5.59999938302362,-3.1133239245866444,-0.2866766923897357,0.2866766923897357
CCOC(=O)c1c(NC(=O)C2C(C)(C)C2(C)C)sc2cnccc12,3981.07,-3.59999981394342,0,train,5.40000018605658,-3.313646560242732,-0.2863532537006881,0.2863532537006881
Nc1ncnc2sccc12,15848.93,-4.199999947261554,0,train,4.800000052738446,-3.9146768537529706,-0.2853230935085831,0.2853230935085831
Cc1ccc(Nc2nc3ccc([N+](=O)[O-])cc3[nH]2)nc1,2511.89,-3.4000006169763797,0,train,5.59999938302362,-3.114972106805543,-0.2850285101708372,0.2850285101708372
CC(C)(C(N)=O)n1cc(-c2cnc(N)c3c(-c4ccc(NC(=O)Nc5cccc(F)c5)cc4)csc23)cn1,5011.87,-3.6999997975545824,0,train,5.300000202445418,-3.4157225647950575,-0.2842772327595249,0.2842772327595249
COc1ccc2c(-c3ccnc(Nc4cc(C(F)(F)F)cc(C(F)(F)F)c4)n3)cnn2n1,630.0,-2.7993405494535817,0,train,6.200659450546418,-2.5152848255399802,-0.28405572391360145,0.28405572391360145
CNC(=O)c1cnc2oc3ccc(O)cc3c2c1-c1ccccc1,9000.0,-3.9542425094393248,0,train,5.045757490560675,-3.671038926133245,-0.28320358330607975,0.28320358330607975
COc1cc(Nc2nccc(Nc3cc(C4CCCCC4)no3)n2)cc(OC)c1OC,2511.89,-3.4000006169763797,0,train,5.59999938302362,-3.118876685927501,-0.28112393104887934,0.28112393104887934
CC(NC(=O)c1ccc(-c2ccncc2)cc1)c1ccccc1,158.49,-2.200001865406602,0,train,6.799998134593398,-2.48112321065294,0.28112134524633836,0.28112134524633836
COc1ccc(-c2nn3ncccc3c2-c2ccnc(Nc3cccc(C(F)(F)F)c3)n2)cc1,31600.0,-4.4996870826184034,1,train,4.5003129173815966,-4.220451923423257,-0.27923515919514674,0.27923515919514674
S=c1[nH]nc2c3c4c(sc3n3c(=S)[nH]nc3n12)CCC4,316.23,-2.500003068051693,0,train,6.499996931948306,-2.779023944259133,0.27902087620744,0.27902087620744
Cc1ccc(Cn2cc(-c3ccc4[nH]ncc4c3)nn2)c(C)c1,501.19,-2.7000023971422538,0,train,6.299997602857746,-2.422085134925621,-0.2779172622166328,0.2779172622166328
O=C(O)c1ccccc1Nc1ccnc(Nc2ccc([N+](=O)[O-])cc2)n1,10.0,-1.0,0,train,8.0,-1.2743451299814872,0.2743451299814872,0.2743451299814872
O=c1[nH]c2sc3c(c2c2nc(-c4ccncc4)nn12)CCCC3,125.89,-2.0999912335446846,0,train,6.900008766455315,-2.3713835628483455,0.27139232930366086,0.27139232930366086
CN(C)CC(C)(C)CNc1nccc(-c2c(-c3ccc(F)cc3)nc3cnccn23)n1,6309.57,-3.799999762890647,0,train,5.200000237109354,-3.529000483544271,-0.2709992793463756,0.2709992793463756
O=C1NN=C(c2ccccc2)/C1=N/Nc1ccc(Cl)cc1,23.0,-1.3617278360175928,0,train,7.638272163982407,-1.6317496218806016,0.27002178586300873,0.27002178586300873
Cc1cc(Nc2nc(Sc3ccc(NS(C)(=O)=O)cc3)nc3ccccc23)n[nH]1,67.0,-1.8260748027008264,0,train,7.173925197299173,-2.0940590279996885,0.267984225298862,0.267984225298862
CCn1c(-c2nonc2N)nc2cnc(Oc3cccc(NC(=O)c4ccc(OCCN5CCOCC5)cc4)c3)cc21,63.1,-1.8000293592441343,0,train,7.199970640755866,-2.0675361586798306,0.26750679943569633,0.26750679943569633
COc1ccc(CNc2cc(-c3c[nH]c4ncccc34)cc(F)n2)cc1,31.62,-1.4999618655961902,0,train,7.50003813440381,-1.7673138260420886,0.2673519604458985,0.2673519604458985
O=C1c2cccn2-c2ccccc2SC1c1cccc2ccccc12,16000.0,-4.204119982655925,0,train,4.795880017344075,-3.936768622871887,-0.26735135978403823,0.26735135978403823
NC(COc1cncc(C=Cc2ccncc2)c1)Cc1ccccc1,5011.87,-3.6999997975545824,0,train,5.300000202445418,-3.4329306674587023,-0.26706913009588007,0.26706913009588007
O=c1[nH]c2sccc2c2nc(-c3ccncc3)nn12,251.19,-2.400002345927956,0,train,6.599997654072045,-2.6669122539521557,0.2669099080241999,0.2669099080241999
CN(C)CCCOc1cc(-c2ccncc2)cc2[nH]nc(N)c12,6309.57,-3.799999762890647,0,train,5.200000237109354,-3.5350002919677035,-0.2649994709229433,0.2649994709229433
Cc1ccc2c(c1)nc(-c1nonc1N)n2C1CCC1,3200.0,-3.505149978319906,0,train,5.494850021680094,-3.241296185516328,-0.263853792803578,0.263853792803578
c1cc2[nH]ncc2cc1-n1cc(C2CC2)nn1,3466.0,-3.539828558377898,0,train,5.460171441622101,-3.276541173301189,-0.26328738507670923,0.26328738507670923
O=C1CN=C(c2cccc(Cl)c2)c2c(sc3c2CCCC3)N1,3162.28,-3.5000003213429354,0,train,5.499999678657065,-3.2370700406875073,-0.26293028065542856,0.26293028065542856
O=c1nc(-c2cc3c(Oc4ccc(I)cc4)cncc3s2)[nH]o1,31.62,-1.4999618655961902,0,train,7.50003813440381,-1.7625691210466925,0.26260725545050234,0.26260725545050234
Cc1ccc(NC(=O)Nc2ccc(-c3cccc4c3CNC4=O)cc2)cc1C,6309.57,-3.799999762890647,0,train,5.200000237109354,-3.5391745978091937,-0.26082516508145304,0.26082516508145304
Cc1n[nH]c2ccc(-c3cncc(OCC(CN)Cc4ccccc4)c3)cc12,794.33,-2.9000009651534695,0,train,6.0999990348465305,-2.6396786570236883,-0.26032230812978074,0.26032230812978074
NC(=O)c1ccc(Nc2ncnc3[nH]cc(-c4ccccc4)c23)cc1,158.49,-2.200001865406602,0,train,6.799998134593398,-2.4602676825296776,0.26026581712307584,0.26026581712307584
O=C1Cc2c([nH]c3ccc(Br)cc23)-c2ccccc2N1,19.95,-1.299942900022767,0,train,7.700057099977233,-1.5593199236268966,0.25937702360412973,0.25937702360412973
CCOc1ccccc1C=NNC(=O)c1nnn(-c2nonc2N)c1N1CCCC1,39.81,-1.599992177584098,0,train,7.400007822415902,-1.859079687936965,0.25908751035286715,0.25908751035286715
CC1=NN(c2ccc(Cl)c(Cl)c2)C(=O)C1=Cc1c(C)c(C#N)c2nc3ccccc3n2c1O,794.33,-2.9000009651534695,0,train,6.0999990348465305,-3.1580004004695454,0.2579994353160764,0.2579994353160764
O=C(NC(CO)c1ccccc1)c1ccc(-c2ccncc2)cc1,158.49,-2.200001865406602,1,train,6.799998134593398,-2.457001461563461,0.2569995961568594,0.2569995961568594
Clc1cc(-c2c[nH]c3ncccc23)cc(NC2CCCCC2)n1,58.0,-1.7634279935629373,1,train,7.236572006437063,-2.019658784711821,0.2562307911488839,0.2562307911488839
CC(=O)Nc1c(C(N)=O)sc2ccc(Cl)c(Cl)c12,5011.87,-3.6999997975545824,0,train,5.300000202445418,-3.4438126867075316,-0.2561871108470508,0.2561871108470508
N#CCC(C1CCCC1)n1cc(-c2ncnc3[nH]ccc23)cn1,2511.89,-3.4000006169763797,0,train,5.59999938302362,-3.6548254526702686,0.2548248356938885,0.2548248356938885
O=C1NCCc2[nH]c(-c3ccnc(C=Cc4ccccc4)c3)cc21,3162.28,-3.5000003213429354,0,train,5.499999678657065,-3.247010461437106,-0.25298985990583,0.25298985990583
NC(=O)c1sc2ccc(Cl)c(Cl)c2c1NC(=O)c1ccc(Cl)cc1,3981.07,-3.59999981394342,0,train,5.40000018605658,-3.347812674099889,-0.25218713984353114,0.25218713984353114
Cc1ccc2c(-c3ccnc(Nc4ccccc4)n3)c(-c3cccc(C(F)(F)F)c3)nn2n1,790.0,-2.8976270912904414,0,train,6.102372908709558,-2.6459931780715373,-0.25163391321890405,0.25163391321890405
Cc1n[nH]c2c1C(c1ccccc1Cl)C(C#N)=C(N)O2,6309.57,-3.799999762890647,0,train,5.200000237109354,-3.548781942530212,-0.2512178203604347,0.2512178203604347
ON=C(c1nc2ccccc2[nH]1)c1nc2ccccc2[nH]1,1258.93,-3.100001582801352,0,train,5.899998417198648,-2.8489228979645618,-0.2510786848367901,0.2510786848367901
Oc1ccc(-c2n[nH]c(Nc3cccc(Cl)c3)c2-c2ccc(O)cc2)cc1,6309.57,-3.799999762890647,0,train,5.200000237109354,-3.549056823180444,-0.25094293971020276,0.25094293971020276
N#Cc1ncc2nc1OCCCCCOc1cc(CCCO)c(Cl)cc1NC(=O)N2,158.49,-2.200001865406602,1,train,6.799998134593398,-2.449908815804757,0.24990695039815503,0.24990695039815503
OCCCn1cnc(-c2ccccc2)c1-c1ccncc1,3981.07,-3.59999981394342,0,train,5.40000018605658,-3.351177274810324,-0.24882253913309604,0.24882253913309604
COc1nc(N)c(C#N)c(-c2ccc(Cl)cc2Cl)c1C#N,2511.89,-3.4000006169763797,0,train,5.59999938302362,-3.1514572397675398,-0.24854337720884034,0.24854337720884034
CC[C@H](C)NC(=O)O[C@@H]1CC[C@H](c2cc(NC(=O)c3cc(OC)nn3C)n[nH]2)C1,343.0,-2.5352941200427703,1,train,6.464705879957229,-2.286776769759823,-0.2485173502829472,0.2485173502829472
c1nc(-c2ccc3c(c2)OCO3)c2cc[nH]c2n1,25118.86,-4.399999925393822,0,train,4.600000074606178,-4.152396273082717,-0.24760365231110537,0.24760365231110537
COc1ccc(C2=NNC(=O)/C2=N\Nc2cccc(OC)c2)cc1,0.8,0.09691001300805639,0,train,9.096910013008056,-0.15011425052165583,0.24702426352971213,0.24702426352971213
Clc1ccc(-c2n[nH]cc2-c2ccncn2)cc1Cl,5011.87,-3.6999997975545824,0,train,5.300000202445418,-3.4589533354750173,-0.24104646207956515,0.24104646207956515
NC(=O)c1cc2ccncc2s1,5011.87,-3.6999997975545824,0,train,5.300000202445418,-3.460000062840468,-0.2399997347141145,0.2399997347141145
CCN1CCN(CCCC(=O)Nc2n[nH]c3nnc(-c4cccc(F)c4F)cc23)CC1,25.12,-1.4000196350651586,0,train,7.599980364934842,-1.6399009047524735,0.23988126968731494,0.23988126968731494
O=C(Nc1cnccn1)Nc1ccnc2ccccc12,7.943,-0.899984562549391,0,train,8.100015437450608,-1.1397545344439257,0.23976997189453475,0.23976997189453475
Fc1ccc(Nc2nccc(-c3cnn4ncccc34)n2)cc1F,10.0,-1.0,0,train,8.0,-1.2370232296389139,0.23702322963891387,0.23702322963891387
Cn1c(-c2nonc2N)nc2ccccc21,7300.0,-3.863322860120456,1,train,5.136677139879544,-3.6275279118660313,-0.2357949482544246,0.2357949482544246
O=C1C(c2cccc3ccccc23)Oc2ccccc2N1Cc1ccc(F)cc1,5600.0,-3.7481880270062002,0,train,5.251811972993799,-3.5131455084963092,-0.23504251850989055,0.23504251850989055
O=C(NCc1ccccc1)c1ccc(-c2ccncc2)cc1,199.53,-2.300008202553813,0,train,6.699991797446187,-2.53400602724412,0.23399782469030717,0.23399782469030717
Cn1cncc1C(OCc1c(-c2ccc(OC(F)(F)F)cc2)cc(C#N)c(=O)n1C)c1ccc(C#N)cc1,2511.89,-3.4000006169763797,0,train,5.59999938302362,-3.166633513587551,-0.23336710338882893,0.23336710338882893
Fc1cccc(Cn2cc(-c3ccc4[nH]ncc4c3)nn2)c1,26.0,-1.414973347970818,0,train,7.585026652029182,-1.6481478540224332,0.23317450605161527,0.23317450605161527
Oc1ccc2oc3ncc(OCc4ccccc4)c(-c4ccccc4)c3c2c1,5800.0,-3.7634279935629373,1,train,5.236572006437063,-3.530669117724193,-0.23275887583874377,0.23275887583874377
Cc1ccc(NC(=O)Nc2ccc(-c3csc4c(-c5cnn(C(C)C(=O)N(C)C)c5)cnc(N)c34)cc2)cc1,6309.57,-3.799999762890647,0,train,5.200000237109354,-3.5672416610112476,-0.23275810187939916,0.23275810187939916
COc1ccc(-c2nn3ncccc3c2-c2ccnc(Nc3ccc(Cl)c(C(F)(F)F)c3)n2)cc1,31000.0,-4.491361693834273,1,train,4.508638306165727,-4.258788769305419,-0.2325729245288537,0.2325729245288537
FC(F)(F)c1cccc(-c2nn3ncccc3c2-c2ccnc(Nc3ccc4c(c3)OCCO4)n2)c1,50.0,-1.6989700043360187,0,train,7.301029995663981,-1.9304074428072207,0.2314374384712019,0.2314374384712019
CC(C)(CNc1cc(-c2c[nH]c3ncccc23)cc(Cl)n1)CNS(C)(=O)=O,1584.89,-3.1999991251967965,0,train,5.800000874803203,-2.968634065785917,-0.2313650594108796,0.2313650594108796
c1ccn2c(NC3CCCCC3)c(-c3ccc4[nH]ncc4c3)nc2c1,2611.0,-3.4168068718229443,0,train,5.583193128177056,-3.1857852906089654,-0.23102158121397887,0.23102158121397887
O=c1[nH]c2cnc(-n3cnc4ccc(F)cc43)nc2n1C1CCOc2c(F)cccc21,5011.87,-3.6999997975545824,0,train,5.300000202445418,-3.469852721918047,-0.23014707563653536,0.23014707563653536
C=Cc1ccc(-c2cccc3nnc(N)n23)cc1,12589.25,-4.099999857942367,0,train,4.900000142057633,-3.8702304762386683,-0.22976938170369898,0.22976938170369898
Cc1[nH]c(C=C2C(=O)Nc3ccccc32)c(C)c1CCC(=O)O,1584.89,-3.1999991251967965,0,train,5.800000874803203,-2.9705832524384808,-0.22941587275831576,0.22941587275831576
O=C(O)c1ccccc1Nc1ncnc(Nc2ccc3cn[nH]c3c2)n1,15.85,-1.2000292665537702,0,train,7.79997073344623,-1.4265276476464732,0.22649838109270304,0.22649838109270304
COc1ccncc1C1=NNC(=O)/C1=N\Nc1ccc(Cl)cc1,3.0,-0.47712125471966244,0,train,8.522878745280337,-0.702000946253423,0.22487969153376064,0.22487969153376064
O=C(O)c1ccccc1Nc1ccnc(NCc2cccc(O)c2)n1,1258.93,-3.100001582801352,1,train,5.899998417198648,-2.8752525434455034,-0.22474903935584845,0.22474903935584845
Cc1nc(N)sc1-c1ccnc(Nc2cccc([N+](=O)[O-])c2)n1,20.0,-1.3010299956639813,0,train,7.698970004336019,-1.5223875203136925,0.22135752464971126,0.22135752464971126
CCOC(=O)c1c(C)n(-c2ccc(I)cc2)c2c1cc(O)c1ccccc12,3162.28,-3.5000003213429354,0,train,5.499999678657065,-3.279503153803615,-0.22049716753932103,0.22049716753932103
CCN(C(C)=O)c1ccc(Nc2nc(NC3CC3)c3nc[nH]c3n2)cc1,1995.26,-3.2999994961169836,0,train,5.700000503883016,-3.07985697290866,-0.22014252320832428,0.22014252320832428
CC(C)(C)c1cnc(CSc2cnc(NC(=O)C3CCNCC3)s2)o1,251.19,-2.400002345927956,0,train,6.599997654072045,-2.6200743749351663,0.22007202900721046,0.22007202900721046
COc1cc2oc3ncc(OCc4ccccc4)c(-c4ccccc4)c3c2c(OC)c1O,5400.0,-3.7323937598229686,0,train,5.267606240177031,-3.512355058134149,-0.22003870168881967,0.22003870168881967
CCCNC(=O)O[C@H]1CC[C@@H](c2cc(NC(=O)Cc3ccccc3S(C)(=O)=O)n[nH]2)C1,34.2,-1.534026106056135,0,train,7.465973893943865,-1.7534121516909704,0.21938604563483532,0.21938604563483532
CSc1cnc2c(ccc3cnccc32)c1O,125.89,-2.0999912335446846,0,train,6.900008766455315,-2.3180904348789544,0.21809920133426974,0.21809920133426974
CCCc1ccc2nccc(NC(=O)Nc3cccc(C(F)(F)F)n3)c2c1,6.31,-0.8000293592441343,0,train,8.199970640755865,-1.0180152661179966,0.21798590687386232,0.21798590687386232
O=C(Cc1ccc(Cl)cc1)Nc1[nH]nc2c1CCC2,199.53,-2.300008202553813,0,train,6.699991797446187,-2.5179720025067494,0.21796379995293647,0.21796379995293647
O=c1[nH]n2ccccc2c1Br,3162.28,-3.5000003213429354,0,train,5.499999678657065,-3.282302420714143,-0.21769790062879268,0.21769790062879268
O=CN(O)C(CS(=O)(=O)c1ccc(-c2ccc(C(F)(F)F)cc2)cc1)c1ccc(O)cc1,1584.89,-3.1999991251967965,0,train,5.800000874803203,-2.9825936007631797,-0.21740552443361683,0.21740552443361683
COc1ccc(CN(C)C)cc1Nc1nccc(-c2c(-c3cccc(NC(=O)Cc4ccccc4)c3)nc3sccn23)n1,1584.89,-3.1999991251967965,0,train,5.800000874803203,-2.9828803328197733,-0.21711879237702325,0.21711879237702325
Cc1cn2c(-c3ccnc(NCC(C)(C)CO)n3)c(-c3ccc(F)cc3F)nc2c(C)n1,3162.28,-3.5000003213429354,0,train,5.499999678657065,-3.2830004366459495,-0.21699988469698628,0.21699988469698628
O=C(O)c1ccccc1Nc1ccnc(Nc2cccc(O)c2)n1,12.59,-1.1000257301078626,1,train,7.899974269892137,-1.3160039533579524,0.21597822325008975,0.21597822325008975
CCC(CO)CNC(=O)O[C@@H]1CC[C@H](c2cc(NC(=O)Cc3cnc(C)s3)n[nH]2)C1,3.76,-0.5751878449276611,1,train,8.424812155072338,-0.7909467905015791,0.21575894557391806,0.21575894557391806
O=C1NN=C(c2ccccc2)/C1=N/Nc1cccc(Cl)c1,120.0,-2.0791812460476247,0,train,6.920818753952375,-1.8639549793743149,-0.2152262666733098,0.2152262666733098
COc1cccc(C(C)NC(=O)c2ccc(-c3ccncc3)c(C)c2)c1,100.0,-2.0,0,train,7.0,-2.2149994301428424,0.2149994301428424,0.2149994301428424
Fc1ccc(-c2nn3ncccc3c2-c2ccnc(Nc3ccc(Cl)c(C(F)(F)F)c3)n2)cc1,40.0,-1.6020599913279623,1,train,7.3979400086720375,-1.8169166148317442,0.21485662350378165,0.21485662350378165
CC(C)(C)NC(=O)c1ccc2nc3[nH]c4ccccc4c3nc2c1,398.11,-2.60000308662774,0,train,6.399996913372259,-2.8147113340806396,0.2147082474528994,0.2147082474528994
COc1ccc(C2=NNC(=O)/C2=N\Nc2cccnc2)cc1,2.0,-0.3010299956639812,1,train,8.698970004336019,-0.514564876710212,0.2135348810462308,0.2135348810462308
COc1ccc2c(c1)C(=Cc1c[nH]cn1)C(=O)N2,158.49,-2.200001865406602,0,train,6.799998134593398,-2.413266708797824,0.21326484339122231,0.21326484339122231
Nc1ncnc2c1C(=O)Nc1ccccc1N2,5011.87,-3.6999997975545824,0,train,5.300000202445418,-3.486996883509654,-0.21300291404492855,0.21300291404492855
COc1cnc(CC(=O)Nc2cc([C@H]3CC[C@@H](OC(=O)NC4(C)CC4)C3)nn2C(C)(C)C)cn1,32.3,-1.5092025223311027,1,train,7.490797477668897,-1.7215310571234292,0.2123285347923265,0.2123285347923265
COc1cc2c(C)cc3c(c2cc1OC)C(=O)NC3=O,259.0,-2.413299764081252,0,train,6.586700235918748,-2.6255115791774957,0.21221181509624376,0.21221181509624376
CC(C)(C)n1nc([C@H]2CC[C@@H](OC(=O)ON3C(=O)CCC3=O)C2)cc1NC(=O)OCc1ccccc1,51.7,-1.7134905430939424,0,train,7.286509456906058,-1.922899961429714,0.20940941833577154,0.20940941833577154
c1cc2cc(-c3ccc4cn[nH]c4c3)cnc2[nH]1,5011.87,-3.6999997975545824,1,train,5.300000202445418,-3.491809953664579,-0.2081898438900036,0.2081898438900036
Cc1cc(Nc2nc(Sc3ccc(NC(=O)C4CC4)cc3)nc3ccccc23)n[nH]1,1314.0,-3.118595365223762,0,train,5.8814046347762385,-2.9104591551766936,-0.20813621004706828,0.20813621004706828
O=c1cc(C(F)(F)F)c2c(-c3cccc(C(F)(F)F)c3)n[nH]c2[nH]1,5011.87,-3.6999997975545824,0,train,5.300000202445418,-3.4921228805183095,-0.20787691703627287,0.20787691703627287
N#CC1=C(c2ccccc2)CC(c2ccc(Cl)cc2)C(C(=O)c2ccccc2)C1=O,501.19,-2.7000023971422538,0,train,6.299997602857746,-2.9077940658883086,0.20779166874605481,0.20779166874605481
CCNC(=O)O[C@@H]1CC[C@H](c2cc(NC(=O)Cc3ccno3)n[nH]2)C1,132.0,-2.12057393120585,0,train,6.8794260687941495,-1.9135514067126087,-0.20702252449324132,0.20702252449324132
NC(COc1cncc(-c2ccc3cnccc3c2)c1)Cc1c[nH]c2ccccc12,158.49,-2.200001865406602,1,train,6.799998134593398,-2.40648335264177,0.20648148723516835,0.20648148723516835
O=C(NC(CCO)c1ccccc1)c1ccc(-c2ccncc2)cc1,1258.93,-3.100001582801352,0,train,5.899998417198648,-2.8940016001696467,-0.20599998263170516,0.20599998263170516
Cc1cc(NC(=O)Cc2ccc(-c3cccc4[nH]nc(N)c34)cc2)ccc1F,5011.87,-3.6999997975545824,1,train,5.300000202445418,-3.494840023372524,-0.20515977418205855,0.20515977418205855
CC(C)(CN)CNc1nc(Cl)cc(-c2c[nH]c3ncccc23)n1,1258.93,-3.100001582801352,0,train,5.899998417198648,-2.8949978082410213,-0.2050037745603306,0.2050037745603306
Cn1cc(-c2cc3nc(Br)cnc3[nH]2)c2cc(F)ccc21,398.11,-2.60000308662774,0,train,6.399996913372259,-2.805002448285525,0.20499936165778498,0.20499936165778498
CCc1ccc2c(NC(=O)Nc3cccc(C(F)(F)F)n3)ccnc2c1,31.62,-1.4999618655961902,0,train,7.50003813440381,-1.2959793480449588,-0.2039825175512313,0.2039825175512313
Cc1ccc2c(-c3ccnc(Nc4ccc(F)c(F)c4)n3)c(-c3ccc(F)cc3)nn2n1,10.0,-1.0,0,train,8.0,-1.2032320983908027,0.2032320983908027,0.2032320983908027
Clc1cc(-c2c[nH]c3ncccc23)ncn1,794.33,-2.9000009651534695,0,train,6.0999990348465305,-2.697381952457775,-0.20261901269569416,0.20261901269569416
COc1cccc(NC(=O)c2nc(-c3ccc(S(=O)(=O)N4CCN(C)CC4)cc3)cnc2N)c1,74.0,-1.8692317197309762,0,train,7.130768280269024,-1.666913784037142,-0.20231793569383405,0.20231793569383405
O=C1NC(=O)c2c1c(-c1ccccc1Cl)cc1[nH]c3ccc(O)cc3c21,1000.0,-3.0,0,train,6.0,-2.7980898048997234,-0.20191019510027663,0.20191019510027663
COc1ccccc1CNC(=N)Nc1nccc(-c2cccs2)n1,2511.89,-3.4000006169763797,0,train,5.59999938302362,-3.1986073444173995,-0.20139327255898065,0.20139327255898065
CSc1ccccc1CNc1ncc([N+](=O)[O-])c(NCC2CCC(CN)CC2)n1,1995.26,-3.2999994961169836,0,train,5.700000503883016,-3.0999883210860064,-0.20001117503097765,0.20001117503097765
COc1cccc(C(C)NC(=O)c2ccc(-c3ccncc3)c(F)c2)c1,125.89,-2.0999912335446846,0,train,6.900008766455315,-2.2999947988168215,0.2000035652721368,0.2000035652721368
CN(C)C(=O)c1c(-c2ccc3[nH]ncc3c2)nnn1Cc1ccccc1,199.53,-2.300008202553813,1,train,6.699991797446187,-2.10050403993207,-0.19950416262174286,0.19950416262174286
COc1ccc(N/N=C2\C(=O)NN=C2c2cnccc2OC)cc1,2.0,-0.3010299956639812,0,train,8.698970004336019,-0.5001921984647545,0.1991622028007733,0.1991622028007733
CN(C)CCNS(=O)(=O)c1ccc(-c2cnc(N)c(C(=O)Nc3cccnc3)n2)cc1,20.0,-1.3010299956639813,0,train,7.698970004336019,-1.1019250822811226,-0.19910491338285863,0.19910491338285863
CCCCOc1cc(-c2ccncc2)cc2[nH]nc(N)c12,630.96,-2.800001827817969,0,train,6.199998172182031,-2.9990697995824904,0.19906797176452162,0.19906797176452162
O[C@H]1CC[C@H](Nc2ccc3nnc(-c4cccc(C(F)(F)F)c4)n3n2)CC1,230.0,-2.361727836017593,0,train,6.638272163982407,-2.5601635197168986,0.19843568369930553,0.19843568369930553
O=c1c(NCc2ccc(Cl)c(Cl)c2)c(Nc2ccncc2)c1=O,63.1,-1.8000293592441343,0,train,7.199970640755866,-1.9970205190694126,0.19699115982527826,0.19699115982527826
Cc1cccc(NC(=O)Nc2ccc(-c3csc4c(C#CCN)cnc(N)c34)cc2)c1,3162.28,-3.5000003213429354,0,train,5.499999678657065,-3.3033886623207653,-0.19661165902217048,0.19661165902217048
Clc1ccc(Cn2cc(-c3ccc4[nH]ncc4c3)nn2)cc1,197.0,-2.294466226161593,0,train,6.7055337738384075,-2.097971163377619,-0.1964950627839741,0.1964950627839741
Cc1cccc(CNc2cc(-c3c[nH]c4ncccc34)ncn2)c1,7.943,-0.899984562549391,0,train,8.100015437450608,-1.0959878591210044,0.19600329657161342,0.19600329657161342
COc1cccc(C(C)NC(=O)c2cnc(-c3ccncc3)nc2)c1,1584.89,-3.1999991251967965,1,train,5.800000874803203,-3.0039996835826703,-0.1959994416141262,0.1959994416141262
Cc1cc(Nc2nc(N(C)c3ccccc3)nc3ccccc23)n[nH]1,312.0,-2.494154594018443,1,train,6.505845405981557,-2.298306559766951,-0.19584803425149167,0.19584803425149167
Nc1nonc1-c1nc2ccccc2n1CC1CC1,290.0,-2.462397997898956,0,train,6.537602002101044,-2.657212142136301,0.19481414423734478,0.19481414423734478
O=C1NN=C(c2ccccc2)/C1=N/Nc1ccccc1Cl,720.0,-2.8573324964312685,0,train,6.142667503568731,-2.663209939871182,-0.1941225565600866,0.1941225565600866
N#Cc1ncc2nc1OCCCCCOc1cc(OCCCO)c(Cl)cc1NC(=O)N2,251.19,-2.400002345927956,1,train,6.599997654072045,-2.5939952488425835,0.19399290291462767,0.19399290291462767
COc1cc(C=C(C#N)c2nc3ccccc3[nH]2)c(Br)cc1O,501.19,-2.7000023971422538,0,train,6.299997602857746,-2.893457197509367,0.19345480036711304,0.19345480036711304
CCC(NC(=O)O[C@@H]1CC[C@H](c2cc(NC(=O)Cc3cc(C)no3)n[nH]2)C1)C(F)(F)F,147.0,-2.167317334748176,0,train,6.8326826652518236,-1.9751084572487536,-0.1922088774994224,0.1922088774994224
NC(=O)c1cccc(-c2cnc3[nH]cc(-c4ccccc4)c3c2)c1,158.49,-2.200001865406602,0,train,6.799998134593398,-2.391713926380176,0.19171206097357407,0.19171206097357407
FC(F)(F)c1cccc(-c2nn3ncccc3c2-c2ccnc(Nc3ccc(Cl)c(C(F)(F)F)c3)n2)c1,1000.0,-3.0,0,train,6.0,-2.8083009261882443,-0.19169907381175566,0.19169907381175566
c1cc2[nH]ncc2cc1-c1cc(CN2CCCCC2)no1,3810.0,-3.5809249756756194,0,train,5.41907502432438,-3.3896508256611777,-0.1912741500144417,0.1912741500144417
O=C(C=Cc1ccc(Br)cc1)Nc1cccc2cnccc12,1995.26,-3.2999994961169836,0,train,5.700000503883016,-3.109010280685709,-0.19098921543127512,0.19098921543127512
CC1CSc2c(C(=O)O)c(=O)c3cc(F)c(N4CCC(N)C4)cc3n21,1584.89,-3.1999991251967965,0,train,5.800000874803203,-3.0094226770271733,-0.19057644816962327,0.19057644816962327
CC1(C)CC2=Nc3cc(Cl)ccc3SC2=C(O)C1,2511.89,-3.4000006169763797,0,train,5.59999938302362,-3.2095228624166476,-0.19047775455973248,0.19047775455973248
Cc1cc(Nc2nc(Sc3ccc(Cl)cc3)nc3ccccc23)n[nH]1,44.0,-1.6434526764861874,0,train,7.356547323513812,-1.8336377756463964,0.19018509916020898,0.19018509916020898
O=C1C(c2cccc3ccccc23)Oc2cc3c(cc2N1Cc1ccccc1)OCO3,6300.0,-3.7993405494535817,0,train,5.200659450546418,-3.6092731512685425,-0.19006739818503915,0.19006739818503915
NC(=O)c1ccc(-c2ccncc2)cc1NCc1ccccc1,1584.89,-3.1999991251967965,0,train,5.800000874803203,-3.0099550997352384,-0.19004402546155807,0.19004402546155807
CN(C)c1cc2sncc2cc1NC(=O)C(=O)O,398.11,-2.60000308662774,0,train,6.399996913372259,-2.7899273124525332,0.18992422582479307,0.18992422582479307
Cc1cc(Nc2nc(Sc3cccc(Cl)c3)nc3ccccc23)n[nH]1,33.0,-1.5185139398778875,0,train,7.481486060122112,-1.708275005340517,0.18976106546262939,0.18976106546262939
O=c1cc(-c2ccncc2)nc(NC2CCCCC2)[nH]1,199.53,-2.300008202553813,0,train,6.699991797446187,-2.489226619267048,0.18921841671323492,0.18921841671323492
COc1ccc(CC(=O)Nc2cc([C@H]3CC[C@@H](OC(=O)NC(C)(C)C)C3)[nH]n2)cn1,5.65,-0.7520484478194386,1,train,8.247951552180561,-0.940382705622973,0.1883342578035344,0.1883342578035344
Clc1cc(Cl)cc(Cn2cc(-c3ccc4[nH]ncc4c3)nn2)c1,28.0,-1.4471580313422192,0,train,7.552841968657781,-1.635149771921872,0.18799174057965273,0.18799174057965273
COCOc1cccc(OCOC)c1-c1ccc(NS(C)(=O)=O)cc1C(=O)OC,398.11,-2.60000308662774,0,train,6.399996913372259,-2.787808450674163,0.18780536404642278,0.18780536404642278
O=S(=O)(O)c1ccc(NCc2ccc3c(c2)OCO3)c2c(O)cccc12,630.96,-2.800001827817969,0,train,6.199998172182031,-2.987606389635878,0.1876045618179094,0.1876045618179094
CC1=NN(c2ccc(C(=O)O)cc2)C(=O)C1=Cc1c(C)c(C#N)c2nc3ccccc3n2c1O,5011.87,-3.6999997975545824,0,train,5.300000202445418,-3.513224671618516,-0.18677512593606638,0.18677512593606638
COc1cc(-c2csc3c(C=CC(=O)NCCN(C)C)cnc(N)c23)ccc1NC(=O)c1cc2ccccc2n1C,3162.28,-3.5000003213429354,0,train,5.499999678657065,-3.31419264192966,-0.18580767941327592,0.18580767941327592
CC(=O)Nc1cccc(CNc2c(Nc3ccc4[nH]ncc4c3)c(=O)c2=O)c1,79.43,-1.899984562549391,0,train,7.100015437450609,-2.0853156393978285,0.18533107684843753,0.18533107684843753
N#Cc1ccc(-c2nc(Nc3cc(C4CC4)[nH]n3)c3ccccc3n2)cc1,70.0,-1.845098040014257,0,train,7.154901959985743,-1.6599737907815666,-0.18512424923269033,0.18512424923269033
CS(=O)(=O)NCCNc1cc(-c2c[nH]c3ncccc23)cc(Cl)n1,398.11,-2.60000308662774,0,train,6.399996913372259,-2.4150017330820894,-0.18500135354565073,0.18500135354565073
O=C(NC(CO)Cc1ccccc1)c1ccc(-c2ccncc2)cc1,1995.26,-3.2999994961169836,1,train,5.700000503883016,-3.115000562973933,-0.18499893314305105,0.18499893314305105
C[C@H]1CCN1C(=O)O[C@@H]1CC[C@H](c2cc(NC(=O)c3cnnn3C)n[nH]2)C1,51.5,-1.711807229041191,0,train,7.288192770958809,-1.526895313788463,-0.18491191525272788,0.18491191525272788
c1ccc(CNc2cc(-c3c[nH]c4ncccc34)ncn2)cc1,7.943,-0.899984562549391,1,train,8.100015437450608,-1.082989454276308,0.18300489172691714,0.18300489172691714
O=c1c(NCc2ccccc2F)c(Nc2ccncc2)c1=O,158.49,-2.200001865406602,0,train,6.799998134593398,-2.382524014875036,0.18252214946843415,0.18252214946843415
COc1ccc(-c2nn3ncccc3c2-c2ccnc(Nc3ccc(F)c(F)c3)n2)cc1,7940.0,-3.8998205024270964,1,train,5.100179497572904,-3.717321944673872,-0.18249855775322388,0.18249855775322388
O=c1[nH]c2cc(Cl)cc(Cl)c2c(-c2cc(Cl)ccc2O)c1O,3162.28,-3.5000003213429354,0,train,5.499999678657065,-3.319244594474305,-0.18075572686863062,0.18075572686863062
COCCN(CCOC)c1cc(-c2c[nH]c3ncccc23)cc(Cl)n1,1000.0,-3.0,0,train,6.0,-2.8195122138675925,-0.18048778613240746,0.18048778613240746
Clc1cc(-c2c[nH]c3ncccc23)cc(NCc2ccccc2)n1,10.0,-1.0,0,train,8.0,-1.1800065693690542,0.18000656936905424,0.18000656936905424
COc1ccc(CC(=O)Nc2cc([C@H]3CC[C@@H](OC(=O)N4C[C@@H](C#N)[C@@H]4C)C3)[nH]n2)cn1,0.78,0.10790539730951958,1,train,9.10790539730952,-0.07156192188017103,0.17946731918969053,0.17946731918969053
Nc1ncc(-c2ccc(S(N)(=O)=O)cc2)nc1C(=O)Nc1cccnc1,12.0,-1.0791812460476249,0,train,7.920818753952375,-0.8997339911075579,-0.17944725494006697,0.17944725494006697
Cn1cc(Nc2ncc(Br)c(Nc3ccccc3C(N)=O)n2)cn1,5.012,-0.7000110623221123,0,train,8.299988937677888,-0.8790156842084705,0.17900462188635824,0.17900462188635824
COc1cc(Nc2nccc(-c3cnn4ncccc34)n2)cc(OC)c1,10.0,-1.0,1,train,8.0,-1.178635555963107,0.17863555596310698,0.17863555596310698
c1ccc(-c2n[nH]cc2-c2ccncc2)cc1,251.19,-2.400002345927956,0,train,6.599997654072045,-2.5780053777155896,0.17800303178763377,0.17800303178763377
COc1cccc(C2=NNC(=O)/C2=N\Nc2ccc(C(=O)O)cc2)c1,6.5,-0.8129133566428556,0,train,8.187086643357144,-0.99066751737228,0.1777541607294244,0.1777541607294244
CCCCNc1cc(-c2c[nH]c3ncccc23)ncn1,50.12,-1.7000110623221123,0,train,7.299988937677888,-1.8774131070969713,0.177402044774859,0.177402044774859
CN(Cc1cc(Cl)c(O)c2ncccc12)C1CCCCC1,2511.89,-3.4000006169763797,0,train,5.59999938302362,-3.224237470368169,-0.17576314660821124,0.17576314660821124
CCCC(=O)Nc1n[nH]c2ccc(-c3nnn(Cc4ccccc4)c3-c3ccccc3)cc12,3.162,-0.4999618655961902,0,train,8.500038134403809,-0.6749811705103115,0.17501930491412127,0.17501930491412127
Nc1ccc2c(c1)nc(-c1nonc1N)n2C1CCC1,2100.0,-3.322219294733919,0,train,5.6777807052660805,-3.1479903666658804,-0.1742289280680387,0.1742289280680387
CC#Cc1ccc2nccc(NC(=O)Nc3cccc(C(F)(F)F)n3)c2c1,39.81,-1.599992177584098,0,train,7.400007822415902,-1.4259965521102271,-0.17399562547387082,0.17399562547387082
c1ccc(-c2ccc3c(-c4ccnc(Nc5ccc6c(c5)OCCO6)n4)cnn3n2)cc1,120.0,-2.0791812460476247,0,train,6.920818753952375,-1.905666846021608,-0.1735144000260167,0.1735144000260167
COCCOc1cnn2ncc(-c3ccnc(Nc4cccc(OC)c4)n3)c2c1,80.0,-1.9030899869919435,0,train,7.096910013008056,-1.7299312000932425,-0.173158786898701,0.173158786898701
Cc1ccc2c(-c3ccnc(Nc4ccc5c(c4)OCCO5)n3)cnn2n1,10.0,-1.0,0,train,8.0,-1.1721882166139825,0.17218821661398254,0.17218821661398254
CS(=O)(=O)NC1CCCC(Nc2nc(Cl)cc(-c3c[nH]c4ncccc34)n2)C1,794.33,-2.9000009651534695,1,train,6.0999990348465305,-2.7279409407652833,-0.1720600243881858,0.1720600243881858
NC(Cc1c[nH]c2ccccc12)C(=O)Nc1cncc(C=Cc2ccncc2)c1,1995.26,-3.2999994961169836,0,train,5.700000503883016,-3.1279999287416866,-0.17199956737529742,0.17199956737529742
CN1CCN(c2ccc(Nc3nc(N)c(C(=O)c4c(Cl)cccc4Cl)s3)cc2)CC1,3162.28,-3.5000003213429354,0,train,5.499999678657065,-3.328103113471185,-0.1718972078717509,0.1718972078717509
CC(C)(C)Nc1ncnc2[nH]cc(-c3ccccc3)c12,630.96,-2.800001827817969,0,train,6.199998172182031,-2.9710008312006058,0.17099900338263696,0.17099900338263696
Nc1ncnc2c1c(I)nn2C1CCC(O)CC1,3162.28,-3.5000003213429354,0,train,5.499999678657065,-3.3295610394653377,-0.17043928187759816,0.17043928187759816
COCc1cc(C(=O)Nc2cc([C@H]3CC[C@@H](OC(=O)N[C@H](C)CC(F)(F)F)C3)nn2C(C)(C)C)n(C)n1,101.0,-2.0043213737826426,0,train,6.995678626217357,-2.174621952835855,0.1703005790532126,0.1703005790532126
COc1cccc(Nc2nccc(-c3cnn4ncccc34)n2)c1,10.0,-1.0,0,train,8.0,-1.1696955952951043,0.16969559529510425,0.16969559529510425
O=C(Nc1cccc(C(F)(F)F)n1)Nc1ccnc2ccc(Cl)cc12,39.81,-1.599992177584098,0,train,7.400007822415902,-1.430539356438541,-0.16945282114555704,0.16945282114555704
O=C(Nc1n[nH]c2ccc(-c3cn(Cc4ccccc4)nn3)cc12)c1cc(F)ccc1F,1.995,-0.2999429000227671,0,train,8.700057099977233,-0.46855377008909366,0.16861087006632658,0.16861087006632658
COCc1cc(C(=O)Nc2cc([C@H]3CC[C@@H](OC(=O)NC(C)(C)C)C3)[nH]n2)n(C)n1,772.0,-2.887617300335736,0,train,6.1123826996642645,-2.7192443000103457,-0.16837300032539027,0.16837300032539027
COc1ccc(C2=NNC(=O)/C2=N\Nc2cccc(Cl)c2)cc1,1.9,-0.2787536009528289,0,train,8.721246399047171,-0.4470111768857414,0.16825757593291246,0.16825757593291246
NC(=O)c1cc(-c2ccnc(N)n2)[nH]c1-c1ccc(Cl)cc1F,25.12,-1.4000196350651586,0,train,7.599980364934842,-1.5680581011493484,0.16803846608418982,0.16803846608418982
Cc1ncc(CC(=O)Nc2cc([C@@H]3CC[C@H](OC(=O)N[C@@H]4CCOC[C@H]4C)C3)[nH]n2)s1,9.37,-0.9717395908877783,0,train,8.028260409112221,-1.1390958526528492,0.1673562617650708,0.1673562617650708
Cc1cccc(NC(=O)Nc2ccc(-c3csc4c(C#CCCCCCCCCN)cnc(N)c34)cc2)c1,630.96,-2.800001827817969,0,train,6.199998172182031,-2.966420746226623,0.1664189184086542,0.1664189184086542
Cc1n[nH]c2ccc(-c3cncc(OCCNS(C)(=O)=O)c3)cc12,1000.0,-3.0,0,train,6.0,-2.836132332866735,-0.16386766713326484,0.16386766713326484
CCCC(=O)Nc1n[nH]c2ccc(-c3cn(Cc4ccccc4)nn3)cc12,2.512,-0.40001963506515853,0,train,8.599980364934842,-0.563304910523592,0.16328527545843352,0.16328527545843352
COc1ccncc1C1=NNC(=O)/C1=N\Nc1cccnc1,23.0,-1.3617278360175928,0,train,7.638272163982407,-1.1986923839415815,-0.16303545207601133,0.16303545207601133
Cn1cc(Nc2ncc(Cl)c(Nc3ccccc3C(N)=O)n2)cn1,7.943,-0.899984562549391,0,train,8.100015437450608,-1.062925213494037,0.16294065094464605,0.16294065094464605
CN1CCN(S(=O)(=O)c2ccc(-c3cnc(N)c(C(=O)Nc4cccnc4)n3)c(C(F)(F)F)c2)CC1,1.1,-0.04139268515822508,0,train,8.958607314841775,-0.2040869698984826,0.1626942847402576,0.1626942847402576
COc1ccc2c(c1)c(-c1cc3nccnc3[nH]1)cn2C,1000.0,-3.0,0,train,6.0,-2.8374684357359725,-0.16253156426402748,0.16253156426402748
NC(=O)c1cc2c(Oc3cccc(F)c3)cncc2s1,251.19,-2.400002345927956,1,train,6.599997654072045,-2.56100058222558,0.16099823629762433,0.16099823629762433
c1cc2[nH]ncc2cc1-c1cn(CC2CCOCC2)nn1,794.33,-2.9000009651534695,0,train,6.0999990348465305,-2.7396494366582345,-0.1603515284952346,0.1603515284952346
Cc1ccnc2[nH]c3cc(C(C)C)ccc3c(=O)c12,251.19,-2.400002345927956,0,train,6.599997654072045,-2.560123528645615,0.1601211827176594,0.1601211827176594
C[C@]1(O)CC[C@@H](NC(=O)O[C@H]2CC[C@@H](c3cc(NC(=O)Cc4ccc(F)cc4)n[nH]3)C2)CC1,9.84,-0.9929950984313415,0,train,8.007004901568658,-1.1523618946256693,0.1593667961943277,0.1593667961943277
COc1cccc(C(C)NC(=O)c2ccc(-c3ccncc3)cc2NCCCN)c1,1258.93,-3.100001582801352,0,train,5.899998417198648,-2.942062778120641,-0.15793880468071064,0.15793880468071064
CN1c2ccc(N)cc2C(c2ccccc2)c2cc(N)ccc21,1258.93,-3.100001582801352,0,train,5.899998417198648,-3.257307485003986,0.15730590220263396,0.15730590220263396
O=C(O)c1ccccc1Nc1ncnc(Nc2ccc(F)cc2)n1,100.0,-2.0,0,train,7.0,-1.8432153146449877,-0.15678468535501233,0.15678468535501233
CC(C)Cc1cc(-c2ccc3[nH]nc(N)c3c2)on1,1258.93,-3.100001582801352,0,train,5.899998417198648,-2.9437457790738244,-0.15625580372752745,0.15625580372752745
COc1ccc(C(=O)Nc2cnc3[nH]cc(-c4ccccc4)c3c2)cc1,1995.26,-3.2999994961169836,0,train,5.700000503883016,-3.1443599393510304,-0.15563955676595365,0.15563955676595365
COc1ccc2c(-c3ccnc(Nc4cccc(C(F)(F)F)c4)n3)cnn2n1,50.0,-1.6989700043360187,1,train,7.301029995663981,-1.8542827321635535,0.1553127278275348,0.1553127278275348
O=C(NC(CO)c1ccccc1)N1CC=C(c2c[nH]c3ncccc23)CC1,1584.89,-3.1999991251967965,0,train,5.800000874803203,-3.0451023665818386,-0.15489675861495789,0.15489675861495789
Cc1ncc(CC(=O)Nc2cc([C@H]3CC[C@@H](OC(=O)NC(C)(C)C)C3)[nH]n2)s1,11.1,-1.0453229787866574,0,train,7.954677021213342,-1.200191432559846,0.15486845377318859,0.15486845377318859
O=C(Nc1nc2ccccc2n1CCCO)c1cccc([N+](=O)[O-])c1,1995.26,-3.2999994961169836,0,train,5.700000503883016,-3.1463597700716806,-0.15363972604530352,0.15363972604530352
O=C(NC(CO)Cc1ccccc1)c1ccc(-c2ccncc2)cc1F,2511.89,-3.4000006169763797,1,train,5.59999938302362,-3.2464673241478024,-0.15353329282857775,0.15353329282857775
Nc1ncnc2scc(-c3ccc(NC(=O)Nc4ccccc4)cc3)c12,6309.57,-3.799999762890647,0,train,5.200000237109354,-3.6470405449155585,-0.15295921797508827,0.15295921797508827
CS(=O)(=O)c1cccc(-c2cnn3c(C(N)=O)cc(-c4ccccc4)nc23)c1,1258.93,-3.100001582801352,0,train,5.899998417198648,-2.9472614650259117,-0.15274011777544017,0.15274011777544017
Cc1coc(CC(=O)Nc2cc([C@H]3CC[C@@H](OC(=O)N[C@@H](C)CC(F)(F)F)C3)[nH]n2)n1,7.64,-0.8830933585756899,0,train,8.11690664142431,-1.0348240791384975,0.15173072056280756,0.15173072056280756
N#Cc1cccc(NC(=O)Nc2ccnc3cc(C(F)(F)F)ccc23)n1,25.12,-1.4000196350651586,0,train,7.599980364934842,-1.2488183590937407,-0.15120127597141786,0.15120127597141786
NC(COc1cncc(-c2cc3cnccc3s2)c1)Cc1c[nH]c2ccccc12,199.53,-2.300008202553813,1,train,6.699991797446187,-2.45051716030549,0.15050895775167694,0.15050895775167694
O=C(Nc1cccc(C(F)(F)F)n1)Nc1ccnc2cc(C(F)(F)F)ccc12,7.943,-0.899984562549391,0,train,8.100015437450608,-1.049990182485419,0.150005619936028,0.150005619936028
CCCNC(=O)O[C@@H]1CC[C@H](c2cc(NC(=O)Cc3ccnc(OC)c3)[nH]n2)C1,26.2,-1.4183012913197455,0,train,7.581698708680254,-1.5679141542226906,0.14961286290294495,0.14961286290294495
COc1cccc(C2=NNC(=O)/C2=N\Nc2cccnc2)c1,30.0,-1.4771212547196624,1,train,7.522878745280337,-1.3278977056620942,-0.14922354905756818,0.14922354905756818
COC(=O)c1c(-c2ccc(NC(=O)Nc3ccccc3)cc2)c2c(N)ncnn2c1C,1000.0,-3.0,0,train,6.0,-3.148942275528248,0.14894227552824812,0.14894227552824812
CC[C@H](C)NC(=O)O[C@@H]1CC[C@H](c2cc(NC(=O)Cc3cn4ccsc4n3)n[nH]2)C1,18.1,-1.2576785748691846,0,train,7.7423214251308154,-1.4058625392865745,0.1481839644173899,0.1481839644173899
CCCNC(=O)O[C@@H]1CC[C@H](c2cc(NC(=O)Cc3ccc4c(cnn4C)c3)n[nH]2)C1,9.25,-0.9661417327390326,0,train,8.033858267260968,-1.113611802696637,0.14747006995760448,0.14747006995760448
Fc1ccc(-c2nc3occn3c2-c2ccnc(NC3CCNCC3)n2)cc1,199.53,-2.300008202553813,0,train,6.699991797446187,-2.4466486195391113,0.1466404169852984,0.1466404169852984
O=C(NNC(=S)Nc1ccc(Cl)cc1)C(O)(c1ccccc1)c1ccccc1,501.19,-2.7000023971422538,0,train,6.299997602857746,-2.846585460635573,0.14658306349331918,0.14658306349331918
CCC(NC(=O)O[C@@H]1CC[C@H](c2cc(NC(=O)Cc3cnc(C)s3)n[nH]2)C1)C(F)(F)F,80.19999999999999,-1.9041743682841634,0,train,7.095825631715837,-1.7580204794364462,-0.1461538888477174,0.1461538888477174
Cn1nc(N)c2c(-c3ccc(NC(=O)Nc4cccc(C(F)(F)F)c4)cc3)cncc21,1995.26,-3.2999994961169836,0,train,5.700000503883016,-3.154409227293279,-0.14559026882370496,0.14559026882370496
Cn1cc(CC(=O)Nc2cc([C@H]3CC[C@@H](OC(=O)NC4(C)CCC4)C3)[nH]n2)cn1,19.3,-1.2855573090077739,0,train,7.714442690992226,-1.4308243852735203,0.1452670762657462,0.1452670762657462
CC[C@H](C)NC(=O)O[C@@H]1CC[C@H](c2cc(NC(=O)c3ccnn3CCN(C)C)[nH]n2)C1,148.0,-2.1702617153949575,0,train,6.8297382846050425,-2.02632719109215,-0.14393452430280718,0.14393452430280718
Oc1ccc(Nc2[nH]nc(-c3ccc(O)cc3)c2-c2ccc(O)cc2)cc1,3981.07,-3.59999981394342,0,train,5.40000018605658,-3.456776485142674,-0.14322332880074606,0.14322332880074606
COCCn1nccc1C(=O)Nc1cc([C@H]2CC[C@@H](OC(=O)N3CC[C@@H]3C)C2)[nH]n1,14.3,-1.1553360374650619,0,train,7.844663962534938,-1.2984770108955663,0.14314097343050425,0.14314097343050425
Cc1c(C=O)c(O)n2c(nc3ccccc32)c1C#N,3162.28,-3.5000003213429354,0,train,5.499999678657065,-3.3576309886198685,-0.1423693327230673,0.1423693327230673
CC1=NNC(=O)/C1=N\Nc1ccccc1Cl,460.0,-2.662757831681574,0,train,6.337242168318426,-2.805062373672823,0.14230454199124898,0.14230454199124898
CCCCNc1cc(-c2ccncc2)cc2[nH]nc(N)c12,398.11,-2.60000308662774,0,train,6.399996913372259,-2.741002390944768,0.1409993043170279,0.1409993043170279
CC[C@H](C)NC(=O)O[C@@H]1CC[C@H](c2cc(NC(=O)Cc3ccc4ncc(C)n4n3)n[nH]2)C1,20.6,-1.3138672203691535,0,train,7.686132779630847,-1.454641611700258,0.14077439133110436,0.14077439133110436
COc1ccc(N/N=C2\C(=O)NN=C2c2cccc(OC)c2)cc1,18.0,-1.255272505103306,0,train,7.7447274948966935,-1.1146519911051638,-0.14062051399814224,0.14062051399814224
O=C(Cc1cc(F)cc(F)c1)Nc1cc([C@@H]2CC[C@H](OC(=O)NCC3CCCOC3)C2)[nH]n1,11.3,-1.0530784434834197,0,train,7.94692155651658,-1.1914894410336985,0.13841099755027897,0.13841099755027897
COc1ccc2c(c1)nc(-c1nonc1N)n2C1CCC1,460.0,-2.662757831681574,0,train,6.337242168318426,-2.801113905592971,0.13835607391139693,0.13835607391139693
Cc1nnc(CC(=O)Nc2cc([C@H]3CC[C@@H](OC(=O)NC(C)(C)C)C3)[nH]n2)o1,72.0,-1.8573324964312685,1,train,7.142667503568731,-1.719504012128498,-0.1378284843027704,0.1378284843027704
NC(COc1cncc(-c2ccc3c(c2)CC(=O)N3)c1)Cc1c[nH]c2ccccc12,100.0,-2.0,0,train,7.0,-2.137124317787337,0.1371243177873369,0.1371243177873369
COc1cc(CC(=O)Nc2cc([C@H]3CC[C@@H](OC(=O)NCCC(F)(F)F)C3)[nH]n2)ccn1,9.9,-0.9956351945975499,0,train,8.00436480540245,-1.1325690497162342,0.13693385511868417,0.13693385511868417
CC(C)NC(=O)O[C@@H]1CC[C@H](c2cc(NC(=O)Cc3ccc4c(cnn4C)c3)n[nH]2)C1,10.4,-1.0170333392987803,0,train,7.982966660701219,-1.1539501580020184,0.1369168187032379,0.1369168187032379
COc1cc(C=C2SC(=S)NC2=O)ccc1O,794.33,-2.9000009651534695,0,train,6.0999990348465305,-3.0363239207897283,0.1363229556362593,0.1363229556362593
COc1ccccc1NC(=O)c1nc(-c2ccc(S(=O)(=O)N3CCN(C)CC3)cc2)cnc1N,12.0,-1.0791812460476249,0,train,7.920818753952375,-1.2152356622983715,0.13605441625074666,0.13605441625074666
COc1cccc(C(C)NC(=O)N2CC=C(c3c[nH]c4ncccc34)CC2)c1,251.19,-2.400002345927956,0,train,6.599997654072045,-2.5360072222823624,0.1360048763544066,0.1360048763544066
COCCNc1cc(-c2c[nH]c3ncccc23)cc(Cl)n1,125.89,-2.0999912335446846,0,train,6.900008766455315,-2.235995057025584,0.13600382348089957,0.13600382348089957
O=c1cc(-c2ccc(F)cc2)[nH]c2c(-c3ccc(F)cc3)cnn12,501.19,-2.7000023971422538,0,train,6.299997602857746,-2.8359683945159064,0.13596599737365267,0.13596599737365267
CC(C)Cn1c(-c2nonc2N)nc2ccccc21,390.0,-2.591064607026499,0,train,6.4089353929735005,-2.7260973302472915,0.1350327232207924,0.1350327232207924
O=C1NN=C/C1=N/Nc1ccccc1Cl,1490.0,-3.173186268412274,0,train,5.826813731587726,-3.03822786448962,-0.13495840392265412,0.13495840392265412
CC[C@H](C)NC(=O)O[C@@H]1CC[C@H](c2cc(NC(=O)c3ccnn3C)n[nH]2)C1,34.4,-1.5365584425715302,0,train,7.46344155742847,-1.670932425859716,0.13437398328818584,0.13437398328818584
Cc1cc(N2CCOCC2)cc2[nH]c(-c3c(NCC(O)c4cccc(Cl)c4)cc[nH]c3=O)nc12,3162.28,-3.5000003213429354,0,train,5.499999678657065,-3.3663461193881505,-0.13365420195478528,0.13365420195478528
[2H]C([2H])([2H])Oc1cccc(C(C)NC(=O)c2sc(-c3ccncc3)nc2C)c1,1995.26,-3.2999994961169836,0,train,5.700000503883016,-3.1670000063844985,-0.13299948973248554,0.13299948973248554
Cc1cccc(NC(=O)Nc2ccc3c(c2)CCc2sc4ncnc(N)c4c2-3)c1,3162.28,-3.5000003213429354,0,train,5.499999678657065,-3.3680000648145967,-0.13200025652833913,0.13200025652833913
Clc1ccc(-c2nn3ncccc3c2-c2ccnc(Nc3ccccc3)n2)cc1,1250.0,-3.0969100130080562,1,train,5.903089986991944,-2.9652539816995045,-0.1316560313085513,0.1316560313085513
COc1ccc(N/N=C2\C(=O)NN=C2c2ccccc2)cc1,20.0,-1.3010299956639813,1,train,7.698970004336019,-1.432483695842548,0.13145370017856672,0.13145370017856672
COc1ccc(OC)c(CNC(=O)c2cc(N)c(C#N)c(OC(C)C)n2)c1,1584.89,-3.1999991251967965,0,train,5.800000874803203,-3.0689813113237765,-0.13101781387302003,0.13101781387302003
COc1ccc(N/N=C2\C(=O)NN=C2c2cccnc2)cc1,20.0,-1.3010299956639813,1,train,7.698970004336019,-1.1710565565729685,-0.12997343909101278,0.12997343909101278
CCNc1nc(-c2ccc3[nH]ncc3c2)cs1,3925.0,-3.5938396610812715,0,train,5.4061603389187285,-3.4642016644199356,-0.1296379966613359,0.1296379966613359
CC(C)(O)Cc1nnc2ccc(-c3c(-c4ccc(F)cc4F)nc4occn34)nn12,630.96,-2.800001827817969,0,train,6.199998172182031,-2.9295751564773926,0.12957332865942384,0.12957332865942384
COc1cc2ncn(-c3cc(OCc4ccccc4C(F)(F)F)c(C(N)=O)s3)c2cc1OC,1995.26,-3.2999994961169836,0,train,5.700000503883016,-3.1704453009160902,-0.12955419520089384,0.12955419520089384
Cc1ccc(CC(=O)Nc2cc([C@H]3CC[C@@H](OC(=O)NC(C)C(C)(F)F)C3)[nH]n2)cn1,27.6,-1.4409090820652177,0,train,7.559090917934782,-1.3124218449470584,-0.12848723711815913,0.12848723711815913
CC(Nc1c(Nc2ccncc2)c(=O)c1=O)c1ccccc1,398.11,-2.60000308662774,0,train,6.399996913372259,-2.728453578245313,0.12845049161757283,0.12845049161757283
Cc1cc(Nc2nc(Sc3ccccc3Cl)nc3ccccc23)n[nH]1,126.0,-2.100370545117563,1,train,6.899629454882437,-1.972201564561603,-0.12816898055596004,0.12816898055596004
COC(=O)c1cc2c(-c3cccc(F)c3)cncc2s1,630.96,-2.800001827817969,1,train,6.199998172182031,-2.672011651164184,-0.12799017665378498,0.12799017665378498
Nc1nonc1-c1nc2ccccc2n1C1CCCC1,210.0,-2.322219294733919,0,train,6.6777807052660805,-2.4501441789537926,0.12792488421987347,0.12792488421987347
FC(F)(F)c1cccc(Nc2nccc(-c3cnn4nc(-c5ccccc5)ccc34)n2)c1,150.0,-2.1760912590556813,0,train,6.823908740944319,-2.048821234591541,-0.12727002446414026,0.12727002446414026
COc1cccc(C(C)NC(=O)c2ccc(-c3ccncc3C)cc2)c1,251.19,-2.400002345927956,0,train,6.599997654072045,-2.5268039584796074,0.12680161255165157,0.12680161255165157
O=C(Nc1cccc(C(F)(F)F)n1)Nc1ccnc2c(C(F)(F)F)cccc12,6.31,-0.8000293592441343,0,train,8.199970640755865,-0.926653795659069,0.1266244364149347,0.1266244364149347
O=C(NC(CO)c1cc(Cl)cc(Cl)c1)c1ccc(-c2ccncc2)cc1,1000.0,-3.0,0,train,6.0,-2.8748093462009923,-0.12519065379900773,0.12519065379900773
O=C(Cc1ccccc1)Nc1cccc(-c2nc3sccn3c2-c2ccnc(Nc3cccc(N4CCCC4=O)c3)n2)c1,50.12,-1.7000110623221123,1,train,7.299988937677888,-1.8249432204279017,0.12493215810578939,0.12493215810578939
FC(F)(F)c1cccc(-c2nn3ncccc3c2-c2ccnc(Nc3ccccc3)n2)c1,150.0,-2.1760912590556813,0,train,6.823908740944319,-2.3009331757558433,0.12484191670016198,0.12484191670016198
O=C1Nc2ccccc2Nc2nnccc21,1584.89,-3.1999991251967965,0,train,5.800000874803203,-3.075689139594405,-0.12430998560239148,0.12430998560239148
Cn1cc(CC(=O)Nc2cc([C@H]3CC[C@@H](OC(=O)NC4(C)CCOCC4)C3)[nH]n2)cn1,77.6,-1.8898617212581883,0,train,7.110138278741812,-1.7661056731605638,-0.12375604809762453,0.12375604809762453
COc1ccc(-c2nn3ncccc3c2-c2ccnc(Nc3ccc4c(c3)OCCO4)n2)cc1,5010.0,-3.699837725867246,1,train,5.300162274132754,-3.5762236170961392,-0.12361410877110668,0.12361410877110668
O=c1cc(-c2cccc(F)c2)[nH]c2c(-c3ccc(F)cc3)cnn12,1995.26,-3.2999994961169836,0,train,5.700000503883016,-3.1769705559379586,-0.12302894017902544,0.12302894017902544
Cc1ncc(CC(=O)Nc2cc([C@H]3CC[C@@H](OC(=O)NC4(C)CCOC4)C3)[nH]n2)s1,40.400000000000006,-1.606381365110605,0,train,7.393618634889395,-1.4835749907288278,-0.1228063743817771,0.1228063743817771
NC(=O)c1cc2c(-c3cc(C(F)(F)F)cc(C(F)(F)F)c3)cncc2s1,100.0,-2.0,0,train,7.0,-1.8780398362930018,-0.12196016370699825,0.12196016370699825
COc1ccc2c(-c3ccnc(Nc4ccc5c(c4)OCCO5)n3)cnn2n1,30.0,-1.4771212547196624,0,train,7.522878745280337,-1.5989747221293644,0.12185346740970204,0.12185346740970204
Fc1ccc(-c2nc3sccn3c2-c2ccncc2)cc1,1584.89,-3.1999991251967965,0,train,5.800000874803203,-3.078270853742299,-0.1217282714544976,0.1217282714544976
CCC(CO)CNC(=O)O[C@@H]1CC[C@H](c2cc(NC(=O)Cc3ccnc(OC)c3)n[nH]2)C1,4.215,-0.6247975789607612,1,train,8.375202421039239,-0.7465167152444825,0.12171913628372133,0.12171913628372133
Clc1ccc(-c2nn3ncccc3c2-c2ccnc(Nc3ccc4c(c3)OCCO4)n2)cc1,790.0,-2.8976270912904414,1,train,6.102372908709558,-2.776264708427023,-0.12136238286341827,0.12136238286341827
COc1ccc(N/N=C2\C(=O)NN=C2c2ccncc2)cc1,30.0,-1.4771212547196624,1,train,7.522878745280337,-1.3559726124824723,-0.12114864223719013,0.12114864223719013
CC(=O)Nc1ccc(Sc2nc(Nc3cc(C4CC4)[nH]n3)c3ccccc3n2)cc1,338.0,-2.5289167002776547,0,train,6.471083299722345,-2.408269948094755,-0.12064675218289977,0.12064675218289977
Nc1ncnc2scc(-c3ccc(NC(=O)Nc4cc(C(F)(F)F)ccc4F)cc3)c12,1000.0,-3.0,0,train,6.0,-3.120040953270721,0.12004095327072095,0.12004095327072095
CN(C)c1ccc(CNC(=O)c2cc3c(-c4ccccc4)n[nH]c3s2)cc1,5011.87,-3.6999997975545824,0,train,5.300000202445418,-3.580020594281669,-0.11997920327291345,0.11997920327291345
CCc1c(-c2ccc(C(C)(C)O)cc2)[nH]c2nccnc12,1995.26,-3.2999994961169836,0,train,5.700000503883016,-3.181539472758584,-0.11846002335839989,0.11846002335839989
NC1CCC(Nc2cc(Cl)nc(-c3c[nH]c4ncccc34)n2)CC1,794.33,-2.9000009651534695,1,train,6.0999990348465305,-2.7816365333108464,-0.11836443184262269,0.11836443184262269
CCc1c(-c2ccc(C(C)=O)cc2)[nH]c2nccnc12,794.33,-2.9000009651534695,0,train,6.0999990348465305,-3.018018536271599,0.11801757111813016,0.11801757111813016
Nc1cc(-c2c[nH]c3ncccc23)cc(Cl)n1,501.19,-2.7000023971422538,1,train,6.299997602857746,-2.5831468188440723,-0.1168555782981815,0.1168555782981815
CCc1nn2cc(CC(=O)Nc3cc([C@H]4CC[C@@H](OC(=O)N[C@@H](C)CC)C4)[nH]n3)nc2s1,23.5,-1.3710678622717363,0,train,7.628932137728263,-1.4870068823059075,0.115939020034171,0.115939020034171
CN1CCN(S(=O)(=O)c2ccc(-c3cnc(N)c(C(=O)Nc4cccnc4)n3)c(F)c2)CC1,1.3,-0.11394335230683679,1,train,8.886056647693163,-0.22942057061650398,0.11547721830966727,0.11547721830966727
Cc1ccc(CC(=O)Nc2cc([C@H]3CC[C@@H](OC(=O)NC(C)CC(F)(F)F)C3)[nH]n2)cn1,7.275,-0.861832997657945,0,train,8.138167002342055,-0.9772874813918393,0.11545448373389433,0.11545448373389433
CS(=O)(=O)NC1CCC(Nc2nc(Cl)cc(-c3c[nH]c4ncccc34)n2)CC1,79.43,-1.899984562549391,1,train,7.100015437450609,-2.014989925950618,0.11500536340122691,0.11500536340122691
COc1ccc(-c2cnc3c(Br)cnn3c2)cc1,3162.28,-3.5000003213429354,0,train,5.499999678657065,-3.3850528791074277,-0.11494744223550812,0.11494744223550812
COCCCNC(=O)c1nc(-c2ccc(S(=O)(=O)N3CCN(C)CC3)cc2)cnc1N,22.0,-1.3424226808222062,0,train,7.657577319177793,-1.4570255485869865,0.11460286776478035,0.11460286776478035
Cc1cnc(CC(=O)Nc2cc([C@H]3CC[C@@H](OC(=O)NC(C)CC(F)F)C3)[nH]n2)o1,18.0,-1.255272505103306,0,train,7.7447274948966935,-1.3697928666776256,0.11452036157431955,0.11452036157431955
CCCNC(=O)O[C@H]1CC[C@@H](c2cc(NC(=O)Cc3ccc(OC)cn3)n[nH]2)C1,16.77,-1.2245330626060857,0,train,7.775466937393914,-1.3387612968801053,0.11422823427401974,0.11422823427401974
CCC1CCN1C(=O)O[C@@H]1CC[C@H](c2cc(NC(=O)Cc3cc(C)no3)n[nH]2)C1,18.65,-1.2706788361447063,0,train,7.729321163855293,-1.1564989765621403,-0.11417985958256605,0.11417985958256605
COc1ccc(-c2nn3ncccc3c2-c2ccnc(Nc3ccccc3)n2)cc1,5010.0,-3.699837725867246,1,train,5.300162274132754,-3.5866421947445177,-0.11319553112272818,0.11319553112272818
NC(=O)c1ccc(-c2c[nH]c3nccc(Cl)c23)cc1,794.33,-2.9000009651534695,0,train,6.0999990348465305,-2.787026292653514,-0.11297467249995519,0.11297467249995519
Clc1cc(-c2c[nH]c3ncccc23)nc(NC2CCOCC2)n1,251.19,-2.400002345927956,0,train,6.599997654072045,-2.287060223051715,-0.11294212287624061,0.11294212287624061
CC1(NC(=O)O[C@@H]2CC[C@H](c3cc(NC(=O)Cc4ccno4)n[nH]3)C2)CCCC1,15.9,-1.2013971243204515,0,train,7.798602875679548,-1.3139235264882216,0.1125264021677701,0.1125264021677701
COc1cc(CC(=O)Nc2cc([C@H]3CC[C@@H](OC(=O)N4C[C@@H](C#N)[C@@H]4C)C3)[nH]n2)ccn1,1.63,-0.21218760440395779,0,train,8.787812395596042,-0.3246257766697147,0.112438172265757,0.112438172265757
COc1cc2cnc3c(c2cc1OC)C(=O)NC3=O,125.89,-2.0999912335446846,0,train,6.900008766455315,-2.2112584808104994,0.11126724726581472,0.11126724726581472
C=CCNc1cc(-c2c[nH]c3ncccc23)cc(Cl)n1,100.0,-2.0,0,train,7.0,-2.1110003837625166,0.11100038376251664,0.11100038376251664
O=C(O)[C@H]1C2CCC(CC2)[C@@H]1Nc1nc(-c2c[nH]c3ncc(F)cc23)ncc1F,1600.0,-3.2041199826559246,0,train,5.795880017344075,-3.093420808554689,-0.11069917410123598,0.11069917410123598
c1cn2c(NC3CCCCC3)c(-c3ccc4[nH]ncc4c3)nc2s1,642.0,-2.807535028068853,0,train,6.192464971931146,-2.917929560133797,0.11039453206494398,0.11039453206494398
Cc1nc2c(sc3c(Br)ccc(Cl)c32)c(=O)o1,1995.26,-3.2999994961169836,0,train,5.700000503883016,-3.19004098700544,-0.10995850911154426,0.10995850911154426
O=C(Nc1nc2ccccc2s1)c1cccc2c1CN(c1nc(C(=O)O)c(-c3ccc(CO)cc3)s1)CC2,630.96,-2.800001827817969,0,train,6.199998172182031,-2.690432213865843,-0.10956961395212561,0.10956961395212561
O=c1[nH]cc(I)c2nc(-c3cccc(Cl)c3)cn12,6309.57,-3.799999762890647,0,train,5.200000237109354,-3.690751630240115,-0.1092481326505319,0.1092481326505319
Cc1cccc(CC(=O)Nc2cc([C@H]3CC[C@@H](OC(=O)NC4(C)CC4)C3)[nH]n2)n1,17.0,-1.2304489213782739,0,train,7.769551078621726,-1.3392278550359835,0.10877893365770941,0.10877893365770941
CCCNC(=O)O[C@@H]1CC[C@H](c2cc(NC(=O)Cc3ccccc3S(=O)(=O)CC)n[nH]2)C1,97.7,-1.989894563718773,0,train,7.010105436281227,-1.8814154390537663,-0.10847912466500675,0.10847912466500675
Cc1sc2[nH]c(=O)n3nc(-c4ccncc4)nc3c2c1C,630.96,-2.800001827817969,0,train,6.199998172182031,-2.691822772239047,-0.10817905557892171,0.10817905557892171
CNC(=O)NC1CCC(Nc2nc(Cl)cc(-c3c[nH]c4ncccc34)n2)CC1,100.0,-2.0,1,train,7.0,-2.107633085917588,0.10763308591758802,0.10763308591758802
Fc1ccc(-c2nn3ncccc3c2-c2ccnc(Nc3cccc(C(F)(F)F)c3)n2)cc1,20.0,-1.3010299956639813,1,train,7.698970004336019,-1.4079908437698347,0.10696084810585349,0.10696084810585349
CC1(NC(=O)O[C@@H]2CC[C@H](c3cc(NC(=O)Cc4ccno4)n[nH]3)C2)CC1,55.4,-1.7435097647284297,0,train,7.2564902352715706,-1.6367660158499633,-0.10674374887846638,0.10674374887846638
Clc1cccc(Cn2cc(-c3ccc4[nH]ncc4c3)nn2)c1,23.0,-1.3617278360175928,0,train,7.638272163982407,-1.468175425439322,0.10644758942172916,0.10644758942172916
Cc1cnc(Nc2nc(NC(C)C)ncc2Br)s1,2511.89,-3.4000006169763797,0,train,5.59999938302362,-3.2935577678060013,-0.10644284917037883,0.10644284917037883
c1ccc(CCc2cn(-c3ccc4[nH]ncc4c3)nn2)cc1,446.0,-2.649334858712142,1,train,6.350665141287858,-2.755450664266795,0.10611580555465316,0.10611580555465316
O=C(Nc1cnc2[nH]cc(-c3ccccc3)c2c1)c1c(F)cccc1F,501.19,-2.7000023971422538,0,train,6.299997602857746,-2.806115212093012,0.10611281495075842,0.10611281495075842
Fc1ccc(-c2nn3ncccc3c2-c2ccnc(Nc3ccc4c(c3)OCCO4)n2)cc1,10.0,-1.0,1,train,8.0,-1.1060082253865628,0.10600822538656285,0.10600822538656285
CNC(=O)c1cc2c(-c3ccccc3F)n[nH]c2s1,794.33,-2.9000009651534695,0,train,6.0999990348465305,-3.0057658006712287,0.10576483551775961,0.10576483551775961
c1cc2[nH]ncc2cc1-c1c[nH]nn1,448.0,-2.651278013998144,1,train,6.3487219860018556,-2.755701482751728,0.1044234687535841,0.1044234687535841
CCN(C)C(=O)O[C@@H]1CC[C@H](c2cc(NC(=O)Cc3ccc(C)nc3)n[nH]2)C1,5.23,-0.7185016888672743,0,train,8.281498311132726,-0.8229039278103646,0.10440223894309031,0.10440223894309031
COc1ccc(C(=O)Nc2nc3ccc(Cl)cc3s2)c(OC)c1,501.19,-2.7000023971422538,0,train,6.299997602857746,-2.5956779292881516,-0.10432446785410221,0.10432446785410221
CC[C@H](C)NC(=O)O[C@@H]1CC[C@H](c2cc(NC(=O)Cc3ccc(C)nc3)n[nH]2)C1,12.5,-1.0969100130080565,1,train,7.903089986991944,-1.2010363612906052,0.10412634828254874,0.10412634828254874
CC[C@H](C)CNC(=O)O[C@@H]1CC[C@H](c2cc(NC(=O)Cc3cnc(C)s3)n[nH]2)C1,12.6,-1.100370545117563,0,train,7.899629454882437,-1.2041431327966974,0.10377258767913444,0.10377258767913444
O=c1[nH]c2ccc(Cl)cc2c(-c2ccccc2)c1C1=NNC(c2ccccc2)C1,3162.28,-3.5000003213429354,0,train,5.499999678657065,-3.3963950078068046,-0.10360531353613123,0.10360531353613123
Nc1nc(-c2ccc3[nH]ncc3c2)cs1,4472.0,-3.650501794878367,0,train,5.349498205121633,-3.54701805445814,-0.10348374042022712,0.10348374042022712
Cc1cc(Nc2nc(Cl)cc(NCc3ccccc3)n2)n[nH]1,50.12,-1.7000110623221123,0,train,7.299988937677888,-1.8025316430923177,0.10252058077020543,0.10252058077020543
Cc1ccc2c(-c3ccnc(Nc4ccc5c(c4)OCCO5)n3)c(-c3ccc(F)cc3)nn2n1,10.0,-1.0,0,train,8.0,-1.1021569709734513,0.10215697097345133,0.10215697097345133
CC[C@H](C)NC(=O)O[C@@H]1CC[C@H](c2cc(NC(=O)Cc3cnn(C)c3C)n[nH]2)C1,94.9,-1.9772662124272926,0,train,7.022733787572707,-1.8753127336919757,-0.10195347873531713,0.10195347873531713
Cc1cc(Nc2nc(Sc3cccc(Cl)c3Cl)nc3ccccc23)n[nH]1,48.0,-1.6812412373755872,0,train,7.318758762624412,-1.7828294255231623,0.10158818814757509,0.10158818814757509
Cc1nccn2c(-c3ccnc(NCC(C)(C)C(=O)O)n3)c(-c3ccc(F)cc3F)nc12,1995.26,-3.2999994961169836,0,train,5.700000503883016,-3.1984245608844115,-0.10157493523257255,0.10157493523257255
c1cc2[nH]ncc2cc1-n1cc(C2CCCC2)nn1,1298.0,-3.1132746924643504,1,train,5.88672530753565,-3.2139571441919457,0.10068245172759527,0.10068245172759527
CSc1c[nH]c2ncnc(NCCCO)c12,2511.89,-3.4000006169763797,0,train,5.59999938302362,-3.299421793570072,-0.10057882340630808,0.10057882340630808
Cc1ncc(CC(=O)Nc2cc([C@H]3CC[C@@H](OC(=O)N[C@@H]4CCC[C@@H]4C)C3)[nH]n2)s1,28.3,-1.4517864355242902,1,train,7.548213564475709,-1.3521209684740396,-0.09966546705025059,0.09966546705025059
COc1cc(C)c(Cl)cc1NC(=O)Nc1cnc(C#N)cn1,1995.26,-3.2999994961169836,0,train,5.700000503883016,-3.200612474895998,-0.09938702122098597,0.09938702122098597
COc1ccc2c(-c3ccnc(Nc4ccc(C#N)cc4)n3)cnn2n1,50.0,-1.6989700043360187,0,train,7.301029995663981,-1.7978244625281428,0.09885445819212402,0.09885445819212402
CC[C@H](C)NC(=O)O[C@@H]1CC[C@H](c2cc(NC(=O)Cc3cncs3)n[nH]2)C1,21.3,-1.3283796034387378,0,train,7.671620396561262,-1.4268405784420757,0.09846097500333784,0.09846097500333784
O=C1NN=C(c2cccnc2)/C1=N/Nc1ccccc1Cl,200.0,-2.3010299956639813,0,train,6.698970004336019,-2.39927696039871,0.0982469647347286,0.0982469647347286
O=C(Nc1n[nH]c2ccc(-c3cn(Cc4ccccc4)nn3)cc12)c1cccc(Cl)c1,3.981,-0.599992177584098,0,train,8.400007822415901,-0.6981413610126623,0.09814918342856438,0.09814918342856438
Cc1cc(Nc2nc(Oc3ccccc3)nc3ccccc23)n[nH]1,51.0,-1.7075701760979363,0,train,7.292429823902063,-1.8053032355391898,0.09773305944125332,0.09773305944125332
OCCCCNc1cc(-c2c[nH]c3ncccc23)cc(Cl)n1,100.0,-2.0,0,train,7.0,-2.097635843935652,0.09763584393565194,0.09763584393565194
COc1cccc(C2=NNC(=O)/C2=N\Nc2ccccc2)c1,39.0,-1.591064607026499,1,train,7.4089353929735005,-1.4940170235446786,-0.09704758348182052,0.09704758348182052
CC(=O)NC1CCCC(Nc2nc(Cl)cc(-c3c[nH]c4ncccc34)n2)C1,794.33,-2.9000009651534695,0,train,6.0999990348465305,-2.803061146547291,-0.09693981860617784,0.09693981860617784
CC(C)NC(=O)O[C@H]1CC[C@@H](c2cc(NC(=O)c3cnnn3C)n[nH]2)C1,121.0,-2.0827853703164503,0,train,6.917214629683549,-1.9858725845471006,-0.0969127857693497,0.0969127857693497
COc1cc(CC(=O)Nc2cc([C@H]3CC[C@@H](OC(=O)NC(C)(C)C)C3)[nH]n2)c(OC)cn1,133.0,-2.123851640967086,1,train,6.876148359032914,-2.0269614288222924,-0.09689021214479343,0.09689021214479343
Cc1cc(Nc2nc(Sc3c(Cl)cccc3Cl)nc3ccccc23)n[nH]1,113.0,-2.0530784434834195,1,train,6.94692155651658,-1.9569320532663201,-0.09614639021709936,0.09614639021709936
COc1ccc(-c2ccc(NC(=O)Nc3ccc(F)c(C)c3)cc2)c2c(N)noc12,6309.57,-3.799999762890647,0,train,5.200000237109354,-3.7040000760265372,-0.09599968686410953,0.09599968686410953
COc1ccc(Sc2nc(Nc3cc(C)[nH]n3)c3ccccc3n2)cc1,124.0,-2.093421685162235,0,train,6.906578314837764,-2.189137010833361,0.09571532567112584,0.09571532567112584
COCC(C)(C)CNc1nccc(-c2c(-c3ccc(F)cc3)nc3c(C)nccn23)n1,1000.0,-3.0,0,train,6.0,-3.0955122443618883,0.09551224436188832,0.09551224436188832
Cc1ccccc1-c1c(C(=O)O)n(CCCOc2cccc3ccccc23)c2ccccc12,2511.89,-3.4000006169763797,0,train,5.59999938302362,-3.3047175073425423,-0.09528310963383779,0.09528310963383779
CC[C@H](C)NC(=O)O[C@@H]1CC[C@H](c2cc(NC(=O)Cc3ncc(C)o3)n[nH]2)C1,63.2,-1.8007170782823851,0,train,7.199282921717614,-1.705883438535841,-0.09483363974654413,0.09483363974654413
Fc1ccc(Nc2nccc(-c3c(-c4ccc(Cl)cc4)nn4ncccc34)n2)cc1F,1000.0,-3.0,1,train,6.0,-2.905573876774385,-0.09442612322561494,0.09442612322561494
CC(C)(CO)CNc1nccc(-c2c(-c3ccc(F)cc3)nc3c(Cl)nccn23)n1,3162.28,-3.5000003213429354,0,train,5.499999678657065,-3.405802280081303,-0.09419804126163278,0.09419804126163278
CCCS(=O)(=O)Nc1ccc(-c2ccc3[nH]nc(NC(=O)CC)c3c2)cc1,63.1,-1.8000293592441343,0,train,7.199970640755866,-1.8940207697101183,0.09399141046598403,0.09399141046598403
COc1cccc(C2=NNC(=O)/C2=N\Nc2ccc(N(C)C)cc2)c1,9.0,-0.9542425094393249,1,train,8.045757490560675,-1.0480232451894969,0.0937807357501721,0.0937807357501721
COc1ccc(C2=NNC(=O)/C2=N\Nc2ccncc2)cc1,14.0,-1.146128035678238,1,train,7.853871964321762,-1.0532192190877598,-0.09290881659047812,0.09290881659047812
CCCNC(=O)O[C@H]1CC[C@@H](c2cc(NC(=O)c3cc(C)nn3C)n[nH]2)C1,102.0,-2.0086001717619175,0,train,6.991399828238082,-2.1012688415382654,0.09266866977634836,0.09266866977634836
COc1cc(Nc2nccc(-c3cnn4nc(OC)ccc34)n2)cc(C(F)(F)F)c1,190.0,-2.278753600952829,1,train,6.721246399047171,-2.186378906659088,-0.09237469429374068,0.09237469429374068
CC(=O)Nc1cc(N)c(C#N)c(-c2ccc3ccccc3c2)n1,1258.93,-3.100001582801352,0,train,5.899998417198648,-3.0076538297126554,-0.09234775308869647,0.09234775308869647
CC[C@H](C)NC(=O)O[C@@H]1CC[C@H](c2cc(NC(=O)Cc3cnn(C)n3)n[nH]2)C1,86.0,-1.9344984512435677,0,train,7.0655015487564325,-1.84299159899926,-0.09150685224430788,0.09150685224430788
CCCNC(=O)O[C@@H]1CC[C@H](c2cc(NC(=O)Cc3cc(OC)ccc3S(C)(=O)=O)n[nH]2)C1,183.0,-2.2624510897304293,0,train,6.73754891026957,-2.1711682627608875,-0.09128282696954182,0.09128282696954182
Nc1nonc1-c1nc2ccccc2n1C1CCC1,380.0,-2.57978359661681,0,train,6.42021640338319,-2.6708351386404643,0.09105154202365418,0.09105154202365418
CC(C)NC(=O)O[C@@H]1CC[C@H](c2cc(NC(=O)Cc3cc(F)cc(F)c3)n[nH]2)C1,53.2,-1.7259116322950483,0,train,7.274088367704952,-1.6351874463625904,-0.0907241859324579,0.0907241859324579
CC[C@H](C)NC(=O)O[C@@H]1CC[C@H](c2cc(NC(=O)Cc3cc(C)ccc3S(C)(=O)=O)n[nH]2)C1,161.0,-2.2068258760318495,1,train,6.79317412396815,-2.116216457465381,-0.09060941856646831,0.09060941856646831
COc1cccc(Nc2nccc(-c3cnn4nc(OC)ccc34)n2)c1,100.0,-2.0,0,train,7.0,-1.909457852622434,-0.09054214737756605,0.09054214737756605
COc1ccc2c(-c3ccnc(Nc4cccc(OC(F)(F)F)c4)n3)cnn2n1,50.0,-1.6989700043360187,1,train,7.301029995663981,-1.7894743144800014,0.09050431014398264,0.09050431014398264
CN(C)CCCC(=O)Nc1n[nH]c2nnc(-c3cccc(F)c3F)cc12,79.43,-1.899984562549391,0,train,7.100015437450609,-1.8098037459037783,-0.09018081664561262,0.09018081664561262
Cc1c(-c2ccc3[nH]nc(N)c3c2)nnn1Cc1ccccc1,63.1,-1.8000293592441343,0,train,7.199970640755866,-1.7099005259648015,-0.09012883327933285,0.09012883327933285
CCC(C)(C)NC(=O)O[C@@H]1CC[C@H](c2cc(NC(=O)Cc3ncc(C)o3)n[nH]2)C1,24.0,-1.380211241711606,0,train,7.619788758288394,-1.4686004595603415,0.08838921784873555,0.08838921784873555
CCN(C)C(=O)O[C@@H]1CC[C@H](c2cc(NC(=O)Cc3ccc(F)cc3)n[nH]2)C1,14.7,-1.167317334748176,0,train,7.8326826652518236,-1.07900283286971,-0.0883145018784659,0.0883145018784659
COc1ccc2[nH]nc(C(=O)NCC3CCN(CCC(=O)O)CC3)c2c1,600.0,-2.7781512503836434,0,train,6.221848749616356,-2.68997232292421,-0.08817892745943334,0.08817892745943334
O=C1NCc2c1cccc2-c1ccc(Nc2nc3ccccc3[nH]2)cc1,5011.87,-3.6999997975545824,0,train,5.300000202445418,-3.6123986058591475,-0.0876011916954349,0.0876011916954349
CC[C@H](C)NC(=O)O[C@@H]1CC[C@H](c2cc(NC(=O)Cc3ccon3)n[nH]2)C1,74.1,-1.8698182079793282,0,train,7.130181792020672,-1.7823729293136208,-0.08744527866570717,0.08744527866570717
NC(=O)c1sc2c(Br)ccc(Cl)c2c1N,2511.89,-3.4000006169763797,0,train,5.59999938302362,-3.3126647658216672,-0.08733585115471287,0.08733585115471287
CC(C)n1nnc2ccc(-c3c(-c4ccc(F)cc4F)nc4occn34)cc21,1258.93,-3.100001582801352,0,train,5.899998417198648,-3.013500858640225,-0.08650072416112664,0.08650072416112664
Nc1n[nH]c2ccc(-c3nnn(Cc4ccccc4)c3-c3ccc(F)cc3)cc12,12.59,-1.1000257301078626,0,train,7.899974269892137,-1.186090658566392,0.08606492845852931,0.08606492845852931
O=C(O)c1ccccc1Nc1ccnc(Nc2ccc3[nH]ncc3c2)n1,7.943,-0.899984562549391,0,train,8.100015437450608,-0.9860067091943587,0.08602214664496777,0.08602214664496777
CC[C@H](C)NC(=O)O[C@@H]1CC[C@H](c2cc(NC(=O)Cc3cnn(C(C)C)c3)n[nH]2)C1,57.3,-1.75815462196739,0,train,7.24184537803261,-1.6722150429556433,-0.08593957901174676,0.08593957901174676
Cn1cc(C=C2C(=O)Nc3cccnc32)c2ccccc21,1995.26,-3.2999994961169836,0,train,5.700000503883016,-3.214516288730147,-0.08548320738683701,0.08548320738683701
Cc1cc(Nc2nc(Sc3ccccc3)nc3ccccc23)n[nH]1,171.0,-2.2329961103921536,0,train,6.767003889607846,-2.1477772378386004,-0.0852188725535532,0.0852188725535532
O=C(Nc1n[nH]c2nc3ccccc3cc12)c1ccncc1,316.23,-2.500003068051693,0,train,6.499996931948306,-2.585045041689514,0.08504197363782096,0.08504197363782096
C[C@@H](CC(F)(F)F)NC(=O)O[C@@H]1CC[C@H](c2cc(NC(=O)c3cnnn3C)n[nH]2)C1,28.1,-1.4487063199050798,0,train,7.55129368009492,-1.533650852184953,0.0849445322798732,0.0849445322798732
CC[C@H](C)NC(=O)O[C@@H]1CC[C@H](c2cc(NC(=O)c3ccc(C)nc3)n[nH]2)C1,94.3,-1.9745116927373283,0,train,7.0254883072626715,-1.8898137686139724,-0.08469792412335586,0.08469792412335586
Nc1c(-c2ccccc2)c2cc(Cl)ccc2[nH]c1=O,2511.89,-3.4000006169763797,0,train,5.59999938302362,-3.315498050178255,-0.08450256679812496,0.08450256679812496
Nc1nonc1-c1nc2ccccc2n1CC1CCC1,690.0,-2.838849090737255,0,train,6.161150909262744,-2.754733783911966,-0.08411530682528934,0.08411530682528934
CC[C@H](C)NC(=O)O[C@@H]1CC[C@H](c2cc(NC(=O)Cc3cncn3C)n[nH]2)C1,107.0,-2.0293837776852097,0,train,6.97061622231479,-1.9453340199012947,-0.08404975778391499,0.08404975778391499
C[C@H]1CCCN1C(=O)O[C@@H]1CC[C@H](c2cc(NC(=O)Cc3ccon3)n[nH]2)C1,20.8,-1.3180633349627615,0,train,7.681936665037238,-1.2343736268897172,-0.08368970807304432,0.08368970807304432
Cn1cc(-c2cc3nc(Br)cnc3[nH]2)c2cc(C#N)ccc21,630.96,-2.800001827817969,0,train,6.199998172182031,-2.8830018409387606,0.08300001312079175,0.08300001312079175
O=C(NN=Cc1cc(Br)c(O)c(Br)c1)Nc1ccccc1,794.33,-2.9000009651534695,0,train,6.0999990348465305,-2.9816796233753022,0.08167865822183318,0.08167865822183318
CC1(NC(=O)O[C@@H]2CC[C@H](c3cc(NC(=O)Cc4ccc(Cl)cn4)n[nH]3)C2)CC1,15.9,-1.2013971243204515,0,train,7.798602875679548,-1.2830366048365054,0.08163948051605385,0.08163948051605385
COc1ccc(NC(=O)Nc2ccc(-c3csc4c(-c5cnn(CC(O)CO)c5)cnc(N)c34)cc2)cc1,2511.89,-3.4000006169763797,0,train,5.59999938302362,-3.3183892340262617,-0.08161138295011838,0.08161138295011838
CC(C)(C)NC(=O)O[C@@H]1CC[C@H](c2cc(NC(=O)Cc3ccon3)n[nH]2)C1,65.8,-1.8182258936139555,0,train,7.181774106386045,-1.7370837180545744,-0.0811421755593813,0.0811421755593813
CCN(C)C(=O)O[C@@H]1CC[C@H](c2cc(NC(=O)Cc3cnc(C)s3)n[nH]2)C1,9.44,-0.9749719942980689,0,train,8.02502800570193,-1.055870317934526,0.0808983236364571,0.0808983236364571
CC[C@H](C)NC(=O)O[C@@H]1CC[C@H](c2cc(NC(=O)Cc3ccc(OC)cc3S(C)(=O)=O)n[nH]2)C1,47.8,-1.6794278966121188,0,train,7.320572103387882,-1.7602388579978174,0.08081096138569865,0.08081096138569865
NS(=O)(=O)c1cccc(Nc2ncc3ccn(-c4ccccc4)c3n2)c1,100.0,-2.0,0,train,7.0,-2.0802934151129864,0.08029341511298638,0.08029341511298638
CCCNC(=O)O[C@H]1CC[C@@H](c2cc(NC(=O)Cc3ccnc(OC)c3)n[nH]2)C1,20.8,-1.3180633349627615,0,train,7.681936665037238,-1.397990877418978,0.07992754245621647,0.07992754245621647
Fc1ccc(Nc2nccc(-c3c(-c4cccc(C(F)(F)F)c4)nn4ncccc34)n2)cc1F,310.0,-2.4913616938342726,0,train,6.508638306165727,-2.4118609187609206,-0.07950077507335207,0.07950077507335207
CCN(CCN)C(=O)c1cccc(-n2nc(C(C)(C)C)cc2NC(=O)Nc2cccc3ccccc23)c1,1995.26,-3.2999994961169836,0,train,5.700000503883016,-3.220617481588879,-0.07938201452810523,0.07938201452810523
CC(CC(F)(F)F)NC(=O)O[C@@H]1CC[C@H](c2cc(NC(=O)c3ccnn3CCN(C)C)[nH]n2)C1,55.5,-1.7442929831226763,0,train,7.255707016877324,-1.8236182646283121,0.07932528150563578,0.07932528150563578
Nc1nonc1-c1nc2ccccc2n1C1CCCCC1,240.0,-2.380211241711606,0,train,6.619788758288394,-2.4593750144931246,0.07916377278151865,0.07916377278151865
NCCNC(=O)c1cnc2oc3ccc(O)cc3c2c1-c1ccccc1,4800.0,-3.681241237375587,0,train,5.318758762624412,-3.6022552913624937,-0.0789859460130935,0.0789859460130935
CSc1ccc2nc3c(c(Cl)c2c1)CCNC3=O,398.11,-2.60000308662774,0,train,6.399996913372259,-2.678947077698967,0.07894399107122663,0.07894399107122663
CCNC(=O)O[C@@H]1CC[C@H](c2cc(NC(=O)Cc3ccc(OC)cc3)n[nH]2)C1,48.6,-1.6866362692622934,0,train,7.313363730737707,-1.6080912481525147,-0.07854502110977868,0.07854502110977868
O=C(Cc1cc(F)cc(F)c1)Nc1cc([C@H]2CC[C@@H](OC(=O)NCC(F)F)C2)[nH]n1,28.8,-1.4593924877592308,0,train,7.540607512240769,-1.3809944755712842,-0.07839801218794662,0.07839801218794662
CN1CCN(S(=O)(=O)c2ccc(-c3cnc(N)c(C(=O)Nc4cccnc4)n3)cc2F)CC1,9.0,-0.9542425094393249,1,train,8.045757490560675,-1.0324333126451553,0.0781908032058305,0.0781908032058305
Fc1ccc(-c2nc3cnccn3c2-c2ccnc(NCC3CC3)n2)cc1,398.11,-2.60000308662774,0,train,6.399996913372259,-2.678023077149769,0.07801999052202868,0.07801999052202868
O=C1Nc2ccccc2Nc2cc(-c3ccncc3F)ccc21,158.49,-2.200001865406602,0,train,6.799998134593398,-2.2780012558750222,0.07799939046842042,0.07799939046842042
Nc1ncnc2c1sc1ncnc(N)c12,1584.89,-3.1999991251967965,0,train,5.800000874803203,-3.277364659899277,0.07736553470248042,0.07736553470248042
C[C@H](F)[C@H](C)NC(=O)O[C@@H]1CC[C@H](c2cc(NC(=O)Cc3cnn(C)c3)n[nH]2)C1,74.2,-1.8704039052790271,0,train,7.129596094720973,-1.7930510262604649,-0.07735287901856225,0.07735287901856225
C[C@H]1[C@H](C#N)CN1C(=O)O[C@@H]1CC[C@H](c2cc(NC(=O)Cc3ccccc3)n[nH]2)C1,5.93,-0.7730546933642626,0,train,8.226945306635738,-0.6961496539061106,-0.07690503945815197,0.07690503945815197
Cc1cc(CC(=O)Nc2cc([C@H]3CC[C@@H](OC(=O)NC(C)(C)C)C3)[nH]n2)no1,56.1,-1.7489628612561614,1,train,7.251037138743839,-1.6726666414589348,-0.07629621979722656,0.07629621979722656
Cc1cc(CC(=O)Nc2cc([C@H]3CC[C@@H](OC(=O)N4CCC4(C)C)C3)[nH]n2)on1,4.86,-0.6866362692622934,1,train,8.313363730737706,-0.7628002526506595,0.07616398338836616,0.07616398338836616
CCC(N)(C#Cc1cnc(N)c2c(-c3ccc(NC(=O)Nc4cccc(C)c4)cc3)csc12)CC,1584.89,-3.1999991251967965,0,train,5.800000874803203,-3.1239993418846823,-0.07599978331211421,0.07599978331211421
Oc1ccc(Nc2ncnc3scc(Cl)c23)cc1,1258.93,-3.100001582801352,0,train,5.899998417198648,-3.175715590603579,0.07571400780222737,0.07571400780222737
Cc1ncc(CC(=O)Nc2cc([C@H]3CC[C@@H](OC(=O)N4CCC[C@@H]4C)C3)[nH]n2)s1,8.48,-0.9283958522567138,0,train,8.071604147743287,-1.0034039189825388,0.07500806672582494,0.07500806672582494
Cc1cnc(CC(=O)Nc2cc([C@H]3CC[C@@H](OC(=O)NCCC(F)(F)F)C3)[nH]n2)o1,30.6,-1.4857214264815801,0,train,7.514278573518419,-1.4113048913239283,-0.07441653515765156,0.07441653515765156
O=C1NN=C(c2ccncc2)/C1=N/Nc1ccccc1Cl,250.0,-2.3979400086720375,0,train,6.6020599913279625,-2.4719540804223485,0.0740140717503115,0.0740140717503115
Nc1ncc(-c2cnn(CCO)c2)c2scc(-c3ccc(NC(=O)Nc4ccc(OC(F)F)cc4)cc3)c12,1258.93,-3.100001582801352,0,train,5.899998417198648,-3.026001855275211,-0.07399972752614081,0.07399972752614081
C[C@H]1CCCN1C(=O)O[C@@H]1CC[C@H](c2cc(NC(=O)Cc3cnc4ncnn4c3)n[nH]2)C1,5.75,-0.7596678446896304,0,train,8.24033215531037,-0.8335097718243198,0.0738419271346894,0.0738419271346894
CCC(CO)CNC(=O)O[C@@H]1CC[C@H](c2cc(NC(=O)Cc3cc(F)cc(F)c3)n[nH]2)C1,10.7,-1.0293837776852097,0,train,7.97061622231479,-0.9558078153110198,-0.07357596237418973,0.07357596237418973
O=C(Cc1cccs1)Nc1nc2ccccc2s1,501.19,-2.7000023971422538,0,train,6.299997602857746,-2.7733909896854128,0.07338859254315899,0.07338859254315899
CC1=NN(c2ccccc2)C(=O)C1=Cc1c(C)c(C#N)c2nc3ccccc3n2c1O,1584.89,-3.1999991251967965,0,train,5.800000874803203,-3.273102471359359,0.07310334616256231,0.07310334616256231
Fc1cc(F)cc(Nc2nccc(-c3c(-c4ccccc4)nn4ncccc34)n2)c1,10.0,-1.0,0,train,8.0,-1.0728581572058844,0.0728581572058844,0.0728581572058844
CC(=O)c1c(-c2ccccc2)nn(C)c(=O)c1N,1258.93,-3.100001582801352,0,train,5.899998417198648,-3.1726147982465758,0.07261321544522392,0.07261321544522392
Cc1ccccc1-c1cccc2c1c(Nc1ccccc1)c(C(=O)O)n2CCCOc1cccc2ccccc12,1995.26,-3.2999994961169836,0,train,5.700000503883016,-3.2274390789255842,-0.07256041719139983,0.07256041719139983
Cc1cc(O)ccc1-n1cc(C(=O)NN)c(=O)c2ccc(-c3ccncc3)cc21,630.96,-2.800001827817969,0,train,6.199998172182031,-2.8724624335148508,0.07246060569688195,0.07246060569688195
COc1cc(CC(=O)Nc2cc([C@H]3CC[C@@H](OC(=O)N4CCC4(C)C)C3)[nH]n2)ccn1,3.47,-0.5403294747908738,1,train,8.459670525209127,-0.6125183631555494,0.07218888836467563,0.07218888836467563
COCc1cc(C(=O)Nc2cc([C@H]3CC[C@@H](OC(=O)NC(C)C)C3)[nH]n2)n(C)n1,538.0,-2.7307822756663893,1,train,6.269217724333611,-2.6587501416371286,-0.07203213402926067,0.07203213402926067
CC(C)Oc1nccn2c(-c3ccnc(NCC(C)(C)O)n3)c(-c3ccc(F)cc3F)nc12,2511.89,-3.4000006169763797,0,train,5.59999938302362,-3.328424908261559,-0.07157570871482122,0.07157570871482122
OC1CCN(c2ncnc3[nH]cc(-c4ccccc4)c23)CC1,1584.89,-3.1999991251967965,0,train,5.800000874803203,-3.128509093953949,-0.0714900312428477,0.0714900312428477
COc1cccc(C2=NNC(=O)/C2=N\Nc2ccncc2)c1,23.0,-1.3617278360175928,1,train,7.638272163982407,-1.2908833828922228,-0.07084445312537002,0.07084445312537002
CCCOc1cccc(C(C)NC(=O)c2ccc(-c3ccncc3)cc2)c1,1258.93,-3.100001582801352,1,train,5.899998417198648,-3.029285330690064,-0.07071625211128785,0.07071625211128785
Cc1ncc(CC(=O)Nc2cc([C@H]3CC[C@@H](OC(=O)NC(C)C(C)(F)F)C3)[nH]n2)s1,38.0,-1.5797835966168101,0,train,7.42021640338319,-1.5093192570313965,-0.07046433958541343,0.07046433958541343
CN(C)C(=O)Nc1ccc2nc(-c3ccco3)c(-c3ccco3)nc2c1,630.96,-2.800001827817969,0,train,6.199998172182031,-2.870281217076598,0.07027938925862909,0.07027938925862909
COc1cc(Nc2nccc(-c3cnn4nc(OC)ccc34)n2)cc(OC)c1,120.0,-2.0791812460476247,1,train,6.920818753952375,-2.0097166693626427,-0.06946457668498196,0.06946457668498196
CC[C@H](C)NC(=O)O[C@@H]1CC[C@H](c2cc(NC(=O)Cc3ccccc3)n[nH]2)C1,69.7,-1.8432327780980093,0,train,7.15676722190199,-1.773988193833072,-0.06924458426493718,0.06924458426493718
CC1(C)CCCN1C(=O)O[C@@H]1CC[C@H](c2cc(NC(=O)Cc3ccon3)n[nH]2)C1,11.7,-1.0681858617461617,0,train,7.931814138253838,-0.999931708091778,-0.0682541536543837,0.0682541536543837
CC(C)(C)Oc1cc(-c2ccncc2)cc2[nH]nc(N)c12,630.96,-2.800001827817969,0,train,6.199998172182031,-2.8675321780034726,0.0675303501855038,0.0675303501855038
COc1cc(C=O)c(Cl)cc1NC(=O)Nc1cnc(C#N)cn1,1584.89,-3.1999991251967965,0,train,5.800000874803203,-3.1326124731023985,-0.06738665209439798,0.06738665209439798
COc1cc(CC(=O)Nc2cc([C@H]3CC[C@@H](OC(=O)N4CCC4C)C3)[nH]n2)ccn1,9.15,-0.9614210940664483,0,train,8.038578905933552,-0.8940548151453176,-0.06736627892113078,0.06736627892113078
O=C(O)c1cc2c(-c3ccccc3)cncc2s1,398.11,-2.60000308662774,1,train,6.399996913372259,-2.5330076974694022,-0.06699538915833791,0.06699538915833791
NCCNS(=O)(=O)c1cccc(C(=O)Nc2ccc(-c3n[nH]c(=O)c4ccccc34)cc2)c1,1995.26,-3.2999994961169836,0,train,5.700000503883016,-3.2333999589858506,-0.06659953713113342,0.06659953713113342
Cc1c(C)n(Cc2ccccc2)c2ccc(C(=O)Nc3nc[nH]n3)cc12,630.96,-2.800001827817969,0,train,6.199998172182031,-2.733817994180362,-0.0661838336376066,0.0661838336376066
CCNc1nc2cc(Cl)c(OC)cc2nc1NCC,501.19,-2.7000023971422538,0,train,6.299997602857746,-2.7659354847130104,0.06593308757075667,0.06593308757075667
COc1cccc(CC(=O)Nc2cc([C@H]3CC[C@@H](OC(=O)NC4(C)CC4)C3)[nH]n2)n1,39.8,-1.5998830720736879,1,train,7.400116927926312,-1.5340571469588258,-0.0658259251148623,0.0658259251148623
NC1CCCCC1Nc1nccc(-c2c[nH]c3ncccc23)n1,199.53,-2.300008202553813,1,train,6.699991797446187,-2.234436257559853,-0.0655719449939598,0.0655719449939598
CCN(CC)C(=O)Nc1ccc2nc(-c3ccco3)c(-c3ccco3)nc2c1,501.19,-2.7000023971422538,0,train,6.299997602857746,-2.7653131738156493,0.06531077667339558,0.06531077667339558
CN(C)CCN(C)C(=O)c1ccc(-c2cnc(N)c(C(=O)Nc3cccnc3)n2)cc1,16.0,-1.2041199826559248,0,train,7.795880017344075,-1.2690132429267056,0.0648932602707808,0.0648932602707808
Cc1cnc(CC(=O)Nc2cc([C@H]3CC[C@@H](OC(=O)N4[C@@H](C)C[C@@H]4C)C3)[nH]n2)o1,11.5,-1.0606978403536116,0,train,7.939302159646388,-0.9958133066015846,-0.06488453375202696,0.06488453375202696
O=C1NN=C(c2ccccc2)/C1=N/Nc1ccccc1,99.0,-1.99563519459755,0,train,7.00436480540245,-1.930937079758882,-0.06469811483866783,0.06469811483866783
COCC(C)Nc1cc(-c2c[nH]c3ncccc23)cc(Cl)n1,251.19,-2.400002345927956,0,train,6.599997654072045,-2.3356734283305154,-0.06432891759744042,0.06432891759744042
c1ccc(Cc2cn(-c3ccc4[nH]ncc4c3)nn2)cc1,542.0,-2.733999286538387,0,train,6.266000713461613,-2.7981545719254317,0.06415528538704462,0.06415528538704462
COc1cc(CC(=O)Nc2cc([C@H]3CC[C@@H](OC(=O)N[C@@H](C)CF)C3)[nH]n2)ccn1,41.7,-1.6201360549737576,1,train,7.379863945026242,-1.5561335570157806,-0.06400249795797697,0.06400249795797697
CC[C@H](C)NC(=O)O[C@@H]1CC[C@H](c2cc(NC(=O)Cc3ccc(COC)cc3S(C)(=O)=O)[nH]n2)C1,99.3,-1.9969492484953812,0,train,7.0030507515046185,-1.9336793896905808,-0.06326985880479996,0.06326985880479996
CCOC(=O)c1c[nH]n2c(=O)cc(-c3ccncc3)nc12,316.23,-2.500003068051693,0,train,6.499996931948306,-2.5630481555295304,0.06304508747783721,0.06304508747783721
CC[C@H](C)NC(=O)O[C@@H]1CC[C@H](c2cc(NC(=O)Cc3cc(C)no3)n[nH]2)C1,35.7,-1.5526682161121932,0,train,7.447331783887806,-1.6155701536398266,0.0629019375276334,0.0629019375276334
Cc1cccc(NC(=O)Nc2ccc(-c3cccc4[nH]nc(N)c34)cc2)c1,3981.07,-3.59999981394342,0,train,5.40000018605658,-3.5376331250132846,-0.06236668893013553,0.06236668893013553
CC[C@H](C)NC(=O)O[C@@H]1CC[C@H](c2cc(NC(=O)Cc3cccc(C)c3S(C)(=O)=O)n[nH]2)C1,115.0,-2.060697840353612,1,train,6.939302159646388,-1.9984132653657931,-0.0622845749878187,0.0622845749878187
Nc1ncnc2onc(-c3ccc(NC(=O)Nc4cccc(C(F)(F)F)c4)cc3)c12,1995.26,-3.2999994961169836,0,train,5.700000503883016,-3.3621940084357202,0.062194512318736184,0.062194512318736184
COc1cccc(C(C)NC(=O)c2ccc(-c3ccncc3)s2)c1,1258.93,-3.100001582801352,1,train,5.899998417198648,-3.0380423251546667,-0.061959257646685195,0.061959257646685195
Cc1ccc2c(-c3ccnc(Nc4ccccc4)n3)c(-c3ccc(F)cc3)nn2n1,20.0,-1.3010299956639813,0,train,7.698970004336019,-1.3628904352134195,0.061860439549438206,0.061860439549438206
CC1c2cccn2CCN1Cc1nc2scc(-c3ccco3)c2c(=O)[nH]1,3162.28,-3.5000003213429354,0,train,5.499999678657065,-3.438690776718009,-0.06130954462492699,0.06130954462492699
Nc1n[nH]c2cccc(-c3ccc(NC(=O)Nc4ccccc4)cc3)c12,3981.07,-3.59999981394342,0,train,5.40000018605658,-3.539000007385389,-0.06099980655803128,0.06099980655803128
OCC(CO)Nc1ncnc2[nH]cc(-c3ccccc3)c12,1584.89,-3.1999991251967965,0,train,5.800000874803203,-3.1391231630939624,-0.06087596210283408,0.06087596210283408
COc1cc(CC(=O)Nc2cc([C@H]3CC[C@@H](OC(=O)NC(C)CC(F)F)C3)[nH]n2)ccn1,21.6,-1.334453751150931,0,train,7.665546248849069,-1.3950497831013837,0.06059603195045282,0.06059603195045282
CC[C@H](C)NC(=O)O[C@@H]1CC[C@H](c2cc(NC(=O)Cc3ccc(OC)nc3)n[nH]2)C1,10.7,-1.0293837776852097,1,train,7.97061622231479,-1.0897260975103964,0.060342319825186896,0.060342319825186896
Fc1ccc(-c2nn3ncccc3c2-c2ccnc(Nc3ccccc3)n2)cc1,20.0,-1.3010299956639813,1,train,7.698970004336019,-1.3612722312597287,0.060242235595747484,0.060242235595747484
CC(C)n1c(-c2nonc2N)nc2ccccc21,1500.0,-3.1760912590556813,0,train,5.823908740944319,-3.1159941434390714,-0.06009711561660991,0.06009711561660991
CC[C@H](C)NC(=O)O[C@@H]1CC[C@H](c2cc(NC(=O)Cc3ccnc(C)c3)n[nH]2)C1,23.9,-1.3783979009481377,0,train,7.621602099051862,-1.4384937385386194,0.06009583759048187,0.06009583759048187
COCCn1nccc1C(=O)Nc1cc([C@H]2CC[C@@H](OC(=O)NC(C)(C)C)C2)[nH]n1,89.1,-1.9498777040368747,0,train,7.050122295963125,-1.8898371843674144,-0.060040519669460446,0.060040519669460446
CC(=O)Nc1ccc(-n2nc3ccc(N)nc3n2)cc1,1258.93,-3.100001582801352,0,train,5.899998417198648,-3.160014197500234,0.06001261469888197,0.06001261469888197
CCN(CCN(C)C)S(=O)(=O)c1ccc(-c2cnc(N)c(C(=O)Nc3cccnc3)n2)cc1,8.4,-0.9242792860618817,0,train,8.075720713938118,-0.9837846315429307,0.05950534548104913,0.05950534548104913
CC[C@H](C)NC(=O)O[C@@H]1CC[C@H](c2cc(NC(=O)Cc3sc(C)nc3C)n[nH]2)C1,58.4,-1.7664128471123994,0,train,7.2335871528876,-1.7069371899718484,-0.05947565714055103,0.05947565714055103
CC(C)NC(=O)O[C@@H]1CC[C@H](c2cc(NC(=O)C3COc4ccccc43)n[nH]2)C1,42.8,-1.631443769013172,0,train,7.368556230986828,-1.6907601277972915,0.05931635878411945,0.05931635878411945
Cc1cc(C)cc(NC(=O)Nc2ccc3c(c2)CCc2sc4ncnc(N)c4c2-3)c1,1584.89,-3.1999991251967965,0,train,5.800000874803203,-3.258988025524496,0.05898890032769932,0.05898890032769932
Cc1cc(CC(=O)Nc2cc([C@H]3CC[C@@H](OC(=O)N4CCOC[C@@H]4C)C3)[nH]n2)on1,10.3,-1.0128372247051722,0,train,7.987162775294828,-1.0716249128324749,0.05878768812730262,0.05878768812730262
Cc1ccc(C)c(NC(=O)c2cc(-c3ccco3)nc3ccccc23)c1,1584.89,-3.1999991251967965,0,train,5.800000874803203,-3.141211628119883,-0.05878749707691355,0.05878749707691355
COc1ccncc1C1=NNC(=O)/C1=N\Nc1ccc(C(=O)O)cc1,7.7,-0.8864907251724818,0,train,8.113509274827518,-0.8278555734101921,-0.05863515176228973,0.05863515176228973
Nc1ncnn2ccc(C(=O)Nc3ccc(NC(=O)Nc4cccc(F)c4)cc3)c12,3981.07,-3.59999981394342,0,train,5.40000018605658,-3.541915311719443,-0.0580845022239771,0.0580845022239771
Nc1n[nH]c2ccc(-c3nnn(Cc4ccccc4)c3-c3ccccc3)cc12,12.59,-1.1000257301078626,0,train,7.899974269892137,-1.1580184295208014,0.05799269941293872,0.05799269941293872
CCc1cccc(NC(=O)Nc2ccc3c(c2)CCc2sc4ncnc(N)c4c2-3)c1,1000.0,-3.0,0,train,6.0,-3.057871039545708,0.05787103954570805,0.05787103954570805
COc1cccc(C2=NNC(=O)/C2=N\Nc2ccc(Cl)cc2)c1,9.0,-0.9542425094393249,0,train,8.045757490560675,-1.0117451785113167,0.057502669071991974,0.057502669071991974
CN1CCN(S(=O)(=O)c2ccc(-c3cnc(N)c(C(=O)Nc4cccnc4)c3)cc2)CC1,64.0,-1.806179973983887,1,train,7.1938200260161125,-1.7487056776843215,-0.057474296299565575,0.057474296299565575
O=C1NCc2c1cccc2-c1ccc(Nc2nc3ccccc3o2)cc1,3162.28,-3.5000003213429354,0,train,5.499999678657065,-3.557433626474587,0.057433305131651124,0.057433305131651124
CC(C)(C)NC(=O)O[C@@H]1CC[C@H](c2cc(NC(=O)Cc3ccccn3)n[nH]2)C1,32.0,-1.505149978319906,0,train,7.494850021680094,-1.5624644981705789,0.05731451985067282,0.05731451985067282
CN(C)c1cc(-c2ccncc2)cc2[nH]nc(N)c12,1258.93,-3.100001582801352,0,train,5.899998417198648,-3.157130453151222,0.05712887034987002,0.05712887034987002
N#Cc1ccc(-c2ccncc2)cc1NCc1ccccc1,501.19,-2.7000023971422538,0,train,6.299997602857746,-2.7567737197982423,0.0567713226559885,0.0567713226559885
CC[C@H](C)NC(=O)O[C@@H]1CC[C@H](c2cc(NC(=O)Cc3cnc(C)cn3)n[nH]2)C1,31.2,-1.4941545940184429,1,train,7.505845405981557,-1.5507788660576642,0.05662427203922138,0.05662427203922138
Oc1cc(O)cc(C=Cc2ccc(O)c(O)c2)c1,1000.0,-3.0,0,train,6.0,-3.0560415629351603,0.05604156293516027,0.05604156293516027
COc1ccccc1C(=O)Nc1n[nH]c2ccc(-c3cn(Cc4ccccc4)nn3)cc12,5.012,-0.7000110623221123,0,train,8.299988937677888,-0.7560002257881004,0.055989163465988145,0.055989163465988145
O=c1cc(-c2ccncc2)nc(NCc2cc(F)cc(F)c2)[nH]1,199.53,-2.300008202553813,0,train,6.699991797446187,-2.355902685717772,0.05589448316395895,0.05589448316395895
Cc1ncc(CC(=O)Nc2cc([C@H]3CC[C@@H](OC(=O)NC(C)CC(F)(F)F)C3)[nH]n2)s1,12.675,-1.1029479680053735,0,train,7.897052031994626,-1.1587769285633476,0.05582896055797404,0.05582896055797404
COc1cc(-c2ccc3c(c2)Nc2ccc(C(=O)NCc4cccc(F)c4)cc2NC3=O)ccc1O,251.19,-2.400002345927956,0,train,6.599997654072045,-2.4552185160998112,0.05521617017185543,0.05521617017185543
CC[C@H](C)NC(=O)O[C@@H]1CC[C@H](c2cc(NC(=O)Cc3ccc(C)cc3S(C)(=O)=O)n[nH]2)C1,61.4,-1.7881683711411678,0,train,7.211831628858832,-1.8432910655264487,0.055122694385280946,0.055122694385280946
COc1ccncc1C1=NNC(=O)/C1=N\Nc1ccncc1,16.0,-1.2041199826559248,0,train,7.795880017344075,-1.149076246646671,-0.05504373600925372,0.05504373600925372
CC(CC(F)(F)F)N(C)C(=O)O[C@@H]1CC[C@H](c2cc(NC(=O)Cc3cnn(C)c3)n[nH]2)C1,9.07,-0.9576072870600952,0,train,8.042392712939904,-1.0126114921560703,0.055004205095975034,0.055004205095975034
COc1ccc(CC(=O)Nc2cc([C@H]3CC[C@@H](OC(=O)NC(C)C)C3)[nH]n2)cc1,53.1,-1.725094521081469,1,train,7.274905478918531,-1.6703923408453236,-0.05470218023614537,0.05470218023614537
COCCN(C)C(=O)c1c(-c2ccc3[nH]ncc3c2)nnn1Cc1ccccc1,100.0,-2.0,0,train,7.0,-1.9456693694311316,-0.05433063056886844,0.05433063056886844
CC[C@H](C)NC(=O)O[C@@H]1CC[C@H](c2cc(NC(=O)Cc3cncc(C)n3)n[nH]2)C1,53.5,-1.7283537820212285,0,train,7.2716462179787715,-1.6741077983651371,-0.054245983656091346,0.054245983656091346
O=C1Nc2ccccc2Nc2cc(-c3ccncc3)ccc21,398.11,-2.60000308662774,0,train,6.399996913372259,-2.546212887079491,-0.05379019954824926,0.05379019954824926
COc1cc(CC(=O)Nc2cc([C@H]3CC[C@@H](OC(=O)N(C)C(C)C)C3)[nH]n2)ccn1,9.86,-0.9938769149412112,1,train,8.006123085058789,-1.0474579527340464,0.053581037792835184,0.053581037792835184
CC(C)(C)c1ccc(Nc2nccc(-c3cnn4ncccc34)n2)cc1,50.0,-1.6989700043360187,0,train,7.301029995663981,-1.6460145659186471,-0.0529554384173716,0.0529554384173716
CC(N)COc1cnc(Cl)c(C=Cc2ccncc2)c1,1584.89,-3.1999991251967965,0,train,5.800000874803203,-3.147632593105324,-0.05236653209147235,0.05236653209147235
O=C(O)c1c2c(nc3ccccc13)C(=C1CCCC1)CC2,794.33,-2.9000009651534695,0,train,6.0999990348465305,-2.9522385060975647,0.052237540944095606,0.052237540944095606
COc1ccc(C2=NNC(=O)/C2=N\Nc2ccccc2Cl)cc1OC,44.0,-1.6434526764861874,1,train,7.356547323513812,-1.6945519703168446,0.051099293830657144,0.051099293830657144
OCCNc1cc(-c2c[nH]c3ncccc23)cc(Cl)n1,199.53,-2.300008202553813,0,train,6.699991797446187,-2.249004824312043,-0.05100337824177004,0.05100337824177004
OCCCNc1ncnc2[nH]cc(-c3ccccc3)c12,1584.89,-3.1999991251967965,0,train,5.800000874803203,-3.148999490677097,-0.050999634519699466,0.050999634519699466
COc1cccc(C(=O)Nc2cnc3[nH]cc(-c4ccccc4)c3c2)c1,501.19,-2.7000023971422538,0,train,6.299997602857746,-2.649901773147293,-0.050100623994960625,0.050100623994960625
Cc1ccc(CC(=O)Nc2cc([C@H]3CC[C@@H](OC(=O)NCC(F)F)C3)[nH]n2)cn1,12.2,-1.0863598306747482,0,train,7.913640169325252,-1.136176870420915,0.0498170397461668,0.0498170397461668
Cc1n[nH]c2ncc(C#N)c(-c3ccccc3)c12,1584.89,-3.1999991251967965,0,train,5.800000874803203,-3.150761103716149,-0.049238021480647376,0.049238021480647376
OC(COc1cncc(C=Cc2ccncc2)c1)Cc1c[nH]c2ccccc12,794.33,-2.9000009651534695,0,train,6.0999990348465305,-2.949000685495561,0.04899972034209199,0.04899972034209199
NC1CCC(Nc2nccc(-c3c[nH]c4ncccc34)n2)CC1,199.53,-2.300008202553813,0,train,6.699991797446187,-2.251410086626306,-0.048598115927506846,0.048598115927506846
CCC(CO)CNC(=O)O[C@@H]1CC[C@H](c2cc(NC(=O)Cc3cc(C)no3)n[nH]2)C1,8.955,-0.9520655901850503,0,train,8.04793440981495,-1.0006163003932946,0.0485507102082442,0.0485507102082442
CCN(C)C(=O)O[C@@H]1CC[C@H](c2cc(NC(=O)Cc3ccc(OC)cc3)n[nH]2)C1,16.1,-1.2068258760318498,1,train,7.79317412396815,-1.1585258465539776,-0.04830002947787215,0.04830002947787215
COc1ccccc1Sc1nc(Nc2cc(C)[nH]n2)c2ccccc2n1,216.0,-2.3344537511509307,0,train,6.665546248849069,-2.286407807628753,-0.048045943522177836,0.048045943522177836
COc1cc(-c2ccc3c(c2)Nc2ccc(CCOc4ccc(N5CCOCC5)cc4)cc2NC3=O)ccc1OCC(O)CO,630.96,-2.800001827817969,0,train,6.199998172182031,-2.752114720717647,-0.047887107100321735,0.047887107100321735
COc1cc(-c2ccc3c(c2)Nc2ccc(C(=O)NCCNC(C)=O)cc2NC3=O)ccc1O,501.19,-2.7000023971422538,0,train,6.299997602857746,-2.653110060312061,-0.04689233683019278,0.04689233683019278
CC[C@H](C)NC(=O)O[C@@H]1CC[C@H](c2cc(NC(=O)Cc3cnc(C)s3)n[nH]2)C1,26.4,-1.421603926869831,1,train,7.578396073130169,-1.468056458407623,0.04645253153779194,0.04645253153779194
NC(=O)c1cc2c(-c3ccc(Nc4nc5ccccc5o4)cc3)cnc(N)c2s1,630.96,-2.800001827817969,0,train,6.199998172182031,-2.7537170201043626,-0.04628480771360621,0.04628480771360621
COc1ccc(CC(=O)Nc2cc([C@H]3CC[C@@H](OC(=O)N4C[C@@](C)(O)[C@@H]4C)C3)[nH]n2)cn1,2.76,-0.4409090820652177,0,train,8.559090917934782,-0.4871627627965884,0.046253680731370705,0.046253680731370705
CCCNC(=O)O[C@H]1CC[C@@H](c2cc(NC(=O)Cc3ccc(OCCN)cc3)n[nH]2)C1,52.1,-1.7168377232995244,0,train,7.283162276700476,-1.6706422860396513,-0.046195437259873184,0.046195437259873184
Cc1cnc(CC(=O)Nc2cc([C@H]3CC[C@@H](OC(=O)NC(C)(C)CC(F)(F)F)C3)[nH]n2)o1,32.2,-1.507855871695831,0,train,7.492144128304169,-1.4618608771556256,-0.04599499454020539,0.04599499454020539
NC(=O)c1cc2c(-c3ccc(Br)cc3)cncc2s1,100.0,-2.0,0,train,7.0,-1.9541714809959958,-0.0458285190040042,0.0458285190040042
COc1ncc(CC(=O)Nc2cc([C@H]3CC[C@@H](OC(=O)NC4(C)CCOC4)C3)[nH]n2)s1,23.35,-1.368286884902131,0,train,7.6317131150978685,-1.4139504562843468,0.04566357138221577,0.04566357138221577
Nc1nonc1-c1nc2cc(O)ccc2n1C1CCC1,1100.0,-3.041392685158225,0,train,5.958607314841775,-2.9957303708012306,-0.045662314356994305,0.045662314356994305
NCC1CCC(CNc2nc(NCc3ccccc3Cl)ncc2[N+](=O)[O-])CC1,630.96,-2.800001827817969,0,train,6.199998172182031,-2.8456130627124288,0.04561123489445995,0.04561123489445995
CC[C@H](C)NC(=O)O[C@@H]1CC[C@H](c2cc(NC(=O)Cc3ccc(C(=O)N(C)C)cc3)n[nH]2)C1,59.9,-1.7774268223893113,0,train,7.2225731776106885,-1.7319059544100817,-0.04552086797922961,0.04552086797922961
Nc1n[nH]c2ccc(-c3nnn(Cc4ccccc4)c3I)cc12,19.95,-1.299942900022767,0,train,7.700057099977233,-1.3451177554018947,0.0451748553791278,0.0451748553791278
COc1ccc(CC(=O)Nc2cc([C@H]3CC[C@@H](OC(=O)NC4(C)CC4)C3)[nH]n2)nc1,17.1,-1.2329961103921538,0,train,7.767003889607846,-1.2780189481995334,0.04502283780737959,0.04502283780737959
Cc1ccc2c(-c3ccnc(Nc4cccc(C(F)(F)F)c4)n3)c(-c3ccc(F)cc3)nn2n1,20.0,-1.3010299956639813,0,train,7.698970004336019,-1.3460458469982086,0.045015851334227364,0.045015851334227364
Cc1cc(CC(=O)Nc2cc([C@H]3CC[C@@H](OC(=O)NC(C)(C)C)C3)[nH]n2)on1,27.1,-1.4329692908744058,0,train,7.567030709125595,-1.4778879667037128,0.044918675829306975,0.044918675829306975
COc1cc(CC(=O)Nc2cc([C@H]3CC[C@@H](OC(=O)N4C[C@@H](OC)[C@@H]4C)C3)[nH]n2)ccn1,5.75,-0.7596678446896304,0,train,8.24033215531037,-0.7152148676149258,-0.044452977074704636,0.044452977074704636
CN(c1ncccc1CNc1nc(Nc2ccc3c(c2)CC(=O)N3)ncc1C(F)(F)F)S(C)(=O)=O,100.0,-2.0,0,train,7.0,-2.0431563181529295,0.04315631815292953,0.04315631815292953
Cc1cc(CC(=O)Nc2cc([C@H]3CC[C@@H](OC(=O)N4CCC4C)C3)[nH]n2)on1,18.2,-1.2600713879850747,0,train,7.739928612014925,-1.2169222870387049,-0.043149100946370034,0.043149100946370034
CCCNC(=O)O[C@H]1CC[C@@H](c2cc(NC(=O)c3ccc(OC)nc3)n[nH]2)C1,90.6,-1.9571281976768131,0,train,7.042871802323187,-1.914030413624478,-0.043097784052335,0.043097784052335
Nc1ncc(-c2ccncc2)c2scc(-c3ccc(NC(=O)Nc4cc(C(F)(F)F)ccc4F)cc3)c12,1000.0,-3.0,0,train,6.0,-3.043041481846258,0.04304148184625811,0.04304148184625811
CCN(CC)CCNC(=O)c1cccc(-n2nc(C(C)(C)C)cc2NC(=O)Nc2cccc3ccccc23)c1,1258.93,-3.100001582801352,0,train,5.899998417198648,-3.057612363904842,-0.04238921889650982,0.04238921889650982
c1cc2[nH]ncc2cc1-n1cc(CC2CCCCC2)nn1,891.0,-2.949877704036875,0,train,6.050122295963125,-2.9075223325661903,-0.04235537147068458,0.04235537147068458
CCCc1cc(-c2ccc3[nH]ncc3c2)on1,2530.0,-3.403120521175818,0,train,5.596879478824182,-3.3610125789929777,-0.04210794218284031,0.04210794218284031
O=C(NN=Cc1ccc(O)cc1O)Nc1cccc2nsnc12,1000.0,-3.0,0,train,6.0,-2.958452613898449,-0.041547386101551176,0.041547386101551176
c1cnc2[nH]cc(-c3ccnc(NCC4CCCCC4)n3)c2c1,125.89,-2.0999912335446846,1,train,6.900008766455315,-2.141493567382721,0.041502333838036254,0.041502333838036254
CCn1c(-c2nonc2N)nc2ccccc21,700.0,-2.845098040014257,1,train,6.154901959985743,-2.886528818358803,0.041430778344546226,0.041430778344546226
CCOC(=O)C1=C(N)n2c(sc(=Cc3cccs3)c2=O)=C(C(N)=O)C1c1cccs1,1000.0,-3.0,0,train,6.0,-3.040948284066681,0.04094828406668105,0.04094828406668105
CC(C)NC(=O)O[C@H]1CC[C@@H](c2cc(NC(=O)Cc3ccno3)n[nH]2)C1,31.9,-1.503790683057181,0,train,7.496209316942819,-1.5445153009465273,0.04072461788934634,0.04072461788934634
Fc1ccc(-c2nn3ncccc3c2-c2ccnc(Nc3ccc(F)c(F)c3)n2)cc1,20.0,-1.3010299956639813,1,train,7.698970004336019,-1.340407410766449,0.03937741510246773,0.03937741510246773
CC[C@H](C)NC(=O)O[C@@H]1CC[C@H](c2cc(NC(=O)Cc3cnc4ncnn4c3)n[nH]2)C1,23.9,-1.3783979009481377,0,train,7.621602099051862,-1.4175754794729085,0.039177578524770995,0.039177578524770995
CCC1(C)CCN1C(=O)O[C@@H]1CC[C@H](c2cc(NC(=O)Cc3cc(C)no3)n[nH]2)C1,9.4,-0.9731278535996987,0,train,8.0268721464003,-0.9342952265714033,-0.038832627028295486,0.038832627028295486
CC(CC(F)F)NC(=O)O[C@@H]1CC[C@H](c2cc(NC(=O)Cc3cnn(C)c3)n[nH]2)C1,45.9,-1.6618126855372612,0,train,7.338187314462739,-1.6231685989557447,-0.038644086581516524,0.038644086581516524
CCNC(=O)O[C@@H]1CC[C@H](c2cc(NC(=O)Cc3ccc(C)nc3)n[nH]2)C1,18.9,-1.276461804173244,0,train,7.723538195826756,-1.2381687934277565,-0.03829301074548752,0.03829301074548752
O=C1Nc2cc(-c3ccc(O)cc3)ccc2C1=Cc1ccc[nH]1,501.19,-2.7000023971422538,0,train,6.299997602857746,-2.6617849681982784,-0.038217428943975396,0.038217428943975396
COc1cc(-c2ccc3c(c2)Nc2ccc([N+](=O)[O-])cc2NC3=O)ccc1O,501.19,-2.7000023971422538,0,train,6.299997602857746,-2.661935938919521,-0.0380664582227328,0.0380664582227328
COCCNc1nccc(-c2c(-c3ccc(F)cc3)nc3cnccn23)n1,630.96,-2.800001827817969,0,train,6.199998172182031,-2.8379254491029946,0.0379236212850258,0.0379236212850258
NCCCn1cc(-c2cc(-c3cc4ccccc4s3)c3[nH]ncc3c2)c2nc(N)ncc21,316.23,-2.500003068051693,0,train,6.499996931948306,-2.5376076769891065,0.03760460893741335,0.03760460893741335
CC(Nc1cncc(-n2cnc3ccc(C#N)cc32)n1)c1ccccc1F,630.96,-2.800001827817969,0,train,6.199998172182031,-2.7629794541768127,-0.037022373641156126,0.037022373641156126
CCc1cnn2c(NCc3ccc[n+]([O-])c3)cc(N3CCCCC3CCO)nc12,1258.93,-3.100001582801352,0,train,5.899998417198648,-3.0631357981036684,-0.036865784697683424,0.036865784697683424
Cc1n[nH]c2ccc(-c3cncc(OCCN(C)S(C)(=O)=O)c3)cc12,398.11,-2.60000308662774,0,train,6.399996913372259,-2.63653508976211,0.036532003134369884,0.036532003134369884
CC[C@H](C)NC(=O)O[C@@H]1CC[C@H](c2cc(NC(=O)c3ccnn3CCO)n[nH]2)C1,45.7,-1.6599162000698502,0,train,7.34008379993015,-1.6960866962775483,0.03617049620769808,0.03617049620769808
CNCC(=O)NC1CCC(Nc2nc(Cl)cc(-c3c[nH]c4ncccc34)n2)CC1,125.89,-2.0999912335446846,1,train,6.900008766455315,-2.136015006751807,0.03602377320712247,0.03602377320712247
COc1ccncc1C1=NNC(=O)/C1=N\Nc1ccc(C#N)cc1,8.3,-0.919078092376074,0,train,8.080921907623926,-0.8839573953259845,-0.03512069705008947,0.03512069705008947
Cc1coc(CC(=O)Nc2cc([C@H]3CC[C@@H](OC(=O)NC(C)C)C3)[nH]n2)n1,40.9,-1.6117233080073419,1,train,7.388276691992658,-1.5766920769508934,-0.035031231056448675,0.035031231056448675
CC(C)(Nc1nccc(-c2c[nH]c3ncccc23)n1)c1ccccc1,125.89,-2.0999912335446846,0,train,6.900008766455315,-2.064970266645072,-0.03502096689961265,0.03502096689961265
C[C@H]1CCCN1C(=O)O[C@@H]1CC[C@H](c2cc(NC(=O)Cc3ccn(C)n3)n[nH]2)C1,13.55,-1.1319392952104246,0,train,7.868060704789576,-1.0974071588388632,-0.034532136371561384,0.034532136371561384
Cc1ccc2c(-c3ccnc(Nc4ccc(F)c(F)c4)n3)c(-c3ccccc3)nn2n1,30.0,-1.4771212547196624,0,train,7.522878745280337,-1.5116072478001765,0.034485993080514143,0.034485993080514143
O=C1NN=C(c2ccccn2)/C1=N/Nc1ccccc1Cl,650.0,-2.8129133566428557,0,train,6.187086643357144,-2.7784301319420126,-0.03448322470084353,0.03448322470084353
CC(C)(C)c1ccc2nc(-c3n[nH]c4ccccc34)[nH]c2c1,1258.93,-3.100001582801352,0,train,5.899998417198648,-3.0656101042157875,-0.03439147858556435,0.03439147858556435
Cc1cc(O)ccc1-n1c2cc(Cl)ccc2c(=O)c2c(N)nc(N)nc21,1995.26,-3.2999994961169836,0,train,5.700000503883016,-3.2657978976095525,-0.03420159850743154,0.03420159850743154
O=C(Nc1cccc(N2CCOCC2)n1)Nc1ccnc2c(C(F)(F)F)cccc12,10.0,-1.0,0,train,8.0,-1.0336253522144174,0.033625352214417426,0.033625352214417426
Cc1ccc(CNc2c(Nc3ccncc3)c(=O)c2=O)cc1,398.11,-2.60000308662774,0,train,6.399996913372259,-2.5664166675195434,-0.03358641910819671,0.03358641910819671
Cc1cccc(NC(=O)Nc2ccc(-c3csc4c(C#CC(C)(C)N)cnc(N)c34)cc2)c1,1258.93,-3.100001582801352,0,train,5.899998417198648,-3.133444057234083,0.033442474432731295,0.033442474432731295
CC(=O)Nc1ccc(Sc2nc(Nc3cc[nH]n3)c3ccccc3n2)cc1,605.0,-2.781755374652469,0,train,6.2182446253475305,-2.7485592686303657,-0.03319610602210332,0.03319610602210332
CN(C)CC(=O)NC1CCC(Nc2nc(Cl)cc(-c3c[nH]c4ncccc34)n2)CC1,251.19,-2.400002345927956,0,train,6.599997654072045,-2.3670003438319616,-0.03300200209599424,0.03300200209599424
Cn1ccc(CC(=O)Nc2cc([C@H]3CC[C@@H](OC(=O)N4CCCC4(C)C)C3)[nH]n2)n1,7.28,-0.8621313793130372,0,train,8.137868620686962,-0.8942266267871092,0.032095247474072,0.032095247474072
COc1ccc(CC(=O)Nc2cc([C@H]3CC[C@@H](OC(=O)NCC(F)F)C3)[nH]n2)cc1,27.4,-1.437750562820388,0,train,7.562249437179612,-1.4057488914457081,-0.032001671374679797,0.032001671374679797
Cc1cc(CC(=O)Nc2cc([C@H]3CC[C@@H](OC(=O)N4[C@@H](C)C[C@@H]4C)C3)[nH]n2)on1,8.35,-0.921686475483602,1,train,8.078313524516398,-0.9522010133943549,0.03051453791075287,0.03051453791075287
c1ccc(Cn2cc(-c3ccc4[nH]nc(-c5ccccc5)c4c3)nn2)cc1,19.95,-1.299942900022767,0,train,7.700057099977233,-1.2696359106636657,-0.030306989359101255,0.030306989359101255
CN1CCN(S(=O)(=O)c2ccc(-c3cnc(N)c(C(=O)Nc4cccnc4)n3)cc2)CC1,4.9,-0.6901960800285137,1,train,8.309803919971486,-0.7202467809893693,0.030050700960855603,0.030050700960855603
Cc1cn(CC(C)C)c(-c2nonc2N)n1,690.0,-2.838849090737255,0,train,6.161150909262744,-2.868868422665979,0.030019331928723858,0.030019331928723858
CC[C@H](C)NC(=O)O[C@@H]1CC[C@H](c2cc(NC(=O)Cc3cc(C)ncc3S(C)(=O)=O)n[nH]2)C1,74.3,-1.8709888137605752,0,train,7.129011186239425,-1.900751082609938,0.02976226884936284,0.02976226884936284
Cc1cc(CC(=O)Nc2cc([C@H]3CC[C@@H](OC(=O)N4CCCC4(C)C)C3)[nH]n2)on1,7.12,-0.8524799936368563,0,train,8.147520006363143,-0.8820095636485018,0.029529570011645467,0.029529570011645467
CNC(=O)COc1ccc(Nc2nc(Nc3ccc(C)c(S(N)(=O)=O)c3)ncc2F)cc1,794.33,-2.9000009651534695,0,train,6.0999990348465305,-2.870754435841012,-0.02924652931245708,0.02924652931245708
CC(C)(C)NC(=O)O[C@@H]1CC[C@H](c2cc(NC(=O)Cc3ccno3)n[nH]2)C1,38.8,-1.5888317255942073,0,train,7.411168274405792,-1.617070460643651,0.02823873504944374,0.02823873504944374
COc1cccc(C(C)NC(=O)c2cnc(-c3ccncc3)s2)c1,630.96,-2.800001827817969,0,train,6.199998172182031,-2.828223861569889,0.02822203375192034,0.02822203375192034
Cc1cnc(CC(=O)Nc2cc([C@H]3CC[C@@H](OC(=O)NC(C)CC(F)(F)F)C3)[nH]n2)cn1,13.2,-1.1205739312058498,0,train,7.87942606879415,-1.1487676553751398,0.028193724169290002,0.028193724169290002
CC[C@H](C)NC(=O)O[C@@H]1CC[C@H](c2cc(NC(=O)Cc3ccnn3C)n[nH]2)C1,72.4,-1.8597385661971468,0,train,7.140261433802853,-1.832411222187272,-0.02732734400987491,0.02732734400987491
CCOC(=O)Cc1nc2c3cc(Br)ccc3[nH]c(=O)n2n1,1000.0,-3.0,0,train,6.0,-3.027262305635273,0.027262305635272988,0.027262305635272988
CCCS(=O)(=O)Nc1ccc(-c2ccc3[nH]nc(NC(C)=O)c3c2)cc1,251.19,-2.400002345927956,0,train,6.599997654072045,-2.3729627308290824,-0.027039615098873426,0.027039615098873426
CC(C)(C#N)c1cccc(-c2ccnc3[nH]ccc23)n1,210.0,-2.322219294733919,0,train,6.6777807052660805,-2.3483899535243804,0.02617065879046132,0.02617065879046132
CC(CC(F)(F)F)NC(=O)O[C@@H]1CC[C@H](c2cc(NC(=O)Cc3ccno3)n[nH]2)C1,12.9,-1.110589710299249,0,train,7.889410289700751,-1.1363485621019067,0.02575885180265769,0.02575885180265769
Cc1cc(CC(=O)Nc2cc([C@H]3CC[C@@H](OC(=O)NC4(C)CC4)C3)[nH]n2)on1,29.3,-1.4668676203541096,0,train,7.53313237964589,-1.4926033174933102,0.025735697139200653,0.025735697139200653
CCC(C)NC(=O)O[C@@H]1CC[C@H](c2cc(NC(=O)c3cc(COC)nn3C)n[nH]2)C1,294.0,-2.4683473304121573,0,train,6.531652669587842,-2.4940588090526,0.025711478640442653,0.025711478640442653
CC[C@H](C)NC(=O)O[C@@H]1CC[C@H](c2cc(NC(=O)c3ccnn3CCOC)n[nH]2)C1,54.0,-1.7323937598229686,0,train,7.267606240177031,-1.757531967409853,0.025138207586884453,0.025138207586884453
Fc1ccccc1Cn1cc(-c2ccc3[nH]ncc3c2)nn1,91.0,-1.9590413923210936,0,train,7.040958607678906,-1.9839029487082633,0.024861556387169692,0.024861556387169692
CC(CC(F)(F)F)NC(=O)O[C@@H]1CC[C@H](c2cc(NC(=O)Cc3ccon3)n[nH]2)C1,18.7,-1.271841606536499,0,train,7.7281583934635005,-1.247274103824297,-0.024567502712202094,0.024567502712202094
Cn1cc(CC(=O)Nc2cc([C@H]3CC[C@@H](OC(=O)NCCC(F)(F)F)C3)[nH]n2)cn1,28.2,-1.4502491083193612,0,train,7.549750891680639,-1.4257433532246089,-0.02450575509475228,0.02450575509475228
Cc1c(CC(=O)Nc2cc([C@H]3CC[C@@H](OC(=O)NC(C)CC(F)(F)F)C3)[nH]n2)cnn1C,33.0,-1.5185139398778875,0,train,7.481486060122112,-1.5427825097745549,0.02426856989666737,0.02426856989666737
N#CC(=Cc1ccc(O)c(O)c1)C(=O)NCc1ccccc1,1258.93,-3.100001582801352,0,train,5.899998417198648,-3.1240422844998688,0.02404070169851691,0.02404070169851691
O=C1NC(=S)SC1=C1C(=O)Nc2ccc(Br)cc21,501.19,-2.7000023971422538,0,train,6.299997602857746,-2.6759939304015643,-0.02400846674068946,0.02400846674068946
CN(C)CC(=O)Nc1n[nH]c2ccc(-c3cn(Cc4ccccc4)nn3)cc12,6.31,-0.8000293592441343,0,train,8.199970640755865,-0.8237487430933043,0.02371938384916994,0.02371938384916994
Cc1ccccc1NC(=O)Nc1ccc2c(c1)CCc1sc3ncnc(N)c3c1-2,1995.26,-3.2999994961169836,0,train,5.700000503883016,-3.2766272759918076,-0.02337222012517648,0.02337222012517648
COc1cc(CC(=O)Nc2cc([C@H]3CC[C@@H](OC(=O)N4[C@@H](C)C[C@@H]4C)C3)[nH]n2)ccn1,5.58,-0.7466341989375788,0,train,8.25336580106242,-0.7699594241182921,0.023325225180713338,0.023325225180713338
COc1ccc(CC(=O)Nc2cc([C@H]3CC[C@@H](OC(=O)N4CCC4C)C3)[nH]n2)cn1,3.89,-0.5899496013257077,1,train,8.410050398674292,-0.6132590638250224,0.023309462499314648,0.023309462499314648
CC[C@H](C)NC(=O)O[C@@H]1CC[C@H](c2cc(NC(=O)Cc3cncc(OC)n3)n[nH]2)C1,54.1,-1.7331972651065695,0,train,7.266802734893431,-1.7099155355146183,-0.023281729591951406,0.023281729591951406
COc1cc(C=C(C#N)c2n[nH]c(N)c2C#N)ccc1O,1258.93,-3.100001582801352,0,train,5.899998417198648,-3.077158309343789,-0.022843273457562763,0.022843273457562763
COc1cc(CC(=O)Nc2cc([C@H]3CC[C@@H](OC(=O)NC(C)C(C)(F)F)C3)[nH]n2)ccn1,34.0,-1.5314789170422551,0,train,7.468521082957745,-1.5089729574970188,-0.022505959545236376,0.022505959545236376
CC[C@H](C)NC(=O)O[C@@H]1CC[C@H](c2cc(NC(=O)Cc3cnc(C(F)(F)F)cn3)n[nH]2)C1,52.0,-1.7160033436347992,0,train,7.2839966563652006,-1.6935440048056025,-0.022459338829196707,0.022459338829196707
COc1ccc2c(c1)c(-c1cc3nc(Br)cnc3[nH]1)cn2C,398.11,-2.60000308662774,0,train,6.399996913372259,-2.6223193282283086,0.022316241600568443,0.022316241600568443
Nc1nc(Nc2ccc(S(N)(=O)=O)cc2)nn1C(=O)c1c(F)cccc1F,158.49,-2.200001865406602,0,train,6.799998134593398,-2.2220584099013587,0.022056544494756913,0.022056544494756913
c1ccc(CCCc2cn(-c3ccc4[nH]ncc4c3)nn2)cc1,528.0,-2.722633922533812,0,train,6.277366077466188,-2.7437969113995466,0.021162988865734533,0.021162988865734533
CCCNC(=O)O[C@@H]1CC[C@H](c2cc(NC(=O)Cc3ccc(OC)cc3S(C)(=O)=O)n[nH]2)C1,77.2,-1.8876173003357362,0,train,7.112382699664264,-1.8667003110216391,-0.0209169893140968,0.0209169893140968
CCCNC(=O)O[C@@H]1CC[C@H](c2cc(NC(=O)Cc3cc(OC)ncc3S(C)(=O)=O)n[nH]2)C1,131.0,-2.1172712956557644,0,train,6.882728704344236,-2.0964323022399465,-0.020838993415817963,0.020838993415817963
CC[C@H](C)NC(=O)O[C@@H]1CC[C@H](c2cc(NC(=O)Cc3cnn(C)c3)n[nH]2)C1,57.8,-1.761927838420529,0,train,7.2380721615794705,-1.741147946567402,-0.020779891853127008,0.020779891853127008
CC(CC(F)(F)F)NC(=O)O[C@@H]1CC[C@H](c2cc(NC(=O)Cc3ccn(C)n3)n[nH]2)C1,17.9,-1.252853030979893,0,train,7.747146969020107,-1.273243374555205,0.020390343575311887,0.020390343575311887
CC[C@H](C)NC(=O)O[C@@H]1CC[C@H](c2cc(NC(=O)Cc3cc(OC)ncc3S(C)(=O)=O)n[nH]2)C1,116.0,-2.0644579892269186,1,train,6.935542010773082,-2.0442391336098833,-0.020218855617035292,0.020218855617035292
O=c1[nH]cnc2c1sc1c(Cl)ccc(Cl)c12,3981.07,-3.59999981394342,0,train,5.40000018605658,-3.620100948203502,0.020101134260081643,0.020101134260081643
CC(=O)NCC(=O)N1C2CCC1c1cc(Nc3ncc(C(F)(F)F)c(NC4CCC4)n3)ccc12,398.11,-2.60000308662774,0,train,6.399996913372259,-2.579938588020213,-0.020064498607527348,0.020064498607527348
Cc1cnc(CC(=O)Nc2cc([C@H]3CC[C@@H](OC(=O)NC4(CC(F)(F)F)CC4)C3)[nH]n2)cn1,21.3,-1.3283796034387378,0,train,7.671620396561262,-1.3481294752619264,0.019749871823188547,0.019749871823188547
Cc1ncc(CC(=O)Nc2cc([C@H]3CC[C@@H](OC(=O)N4C[C@@](C)(O)[C@@H]4C)C3)[nH]n2)s1,6.31,-0.8000293592441343,0,train,8.199970640755865,-0.8186509740412347,0.01862161479710034,0.01862161479710034
Cc1cc(Nc2nc(-c3ccncc3)nc3ccccc23)n[nH]1,73.0,-1.863322860120456,0,train,7.136677139879544,-1.8817749559047954,0.018452095784339484,0.018452095784339484
O=C1Nc2ccccc2Nc2cc(-c3ccncc3Cl)ccc21,251.19,-2.400002345927956,0,train,6.599997654072045,-2.4184463718057,0.018444025877744075,0.018444025877744075
COc1ccc(CC(=O)Nc2cc([C@H]3CC[C@@H](OC(=O)NC4(C)CCOC4)C3)[nH]n2)cn1,10.785,-1.0328201494385638,0,train,7.967179850561436,-1.0511782646820331,0.01835811524346931,0.01835811524346931
Cc1cnc(CC(=O)Nc2cc([C@H]3CC[C@@H](OC(=O)N[C@@H](C)[C@@H](C)F)C3)[nH]n2)o1,43.2,-1.6354837468149122,0,train,7.364516253185088,-1.6172565953229034,-0.01822715149200871,0.01822715149200871
CC(C)Nc1n[nH]c2ccc(N)cc12,794.33,-2.9000009651534695,0,train,6.0999990348465305,-2.8818819086336926,-0.01811905651977641,0.01811905651977641
Cn1cc(CC(=O)Nc2cc([C@H]3CC[C@@H](OC(=O)N4CCC4(C)C)C3)[nH]n2)cn1,5.57,-0.7458551951737289,1,train,8.254144804826272,-0.7632490352898667,0.01739384011613776,0.01739384011613776
COCCn1nccc1C(=O)Nc1cc([C@H]2CC[C@@H](OC(=O)NC(C)C)C2)[nH]n1,56.7,-1.7535830588929067,0,train,7.246416941107094,-1.7709308121609855,0.01734775326807858,0.01734775326807858
Cc1ccc2c(-c3ccnc(Nc4ccccc4)n3)c(-c3ccccc3)nn2n1,50.0,-1.6989700043360187,0,train,7.301029995663981,-1.715803769737629,0.01683376540161019,0.01683376540161019
Cc1cc(CC(=O)Nc2cc([C@H]3CC[C@@H](OC(=O)N4CCC[C@@H]4C)C3)[nH]n2)on1,12.7,-1.1038037209559568,0,train,7.896196279044043,-1.1204280230410066,0.016624302085049836,0.016624302085049836
COc1cc2ncn(-c3cc(OCc4ccccc4C(F)(F)F)c(C(=O)O)s3)c2cc1OC,1584.89,-3.1999991251967965,0,train,5.800000874803203,-3.1834529640088713,-0.01654616118792518,0.01654616118792518
Cc1cc(CC(=O)Nc2cc([C@H]3CC[C@@H](OC(=O)N4CCC[C@@H]4C)C3)[nH]n2)no1,14.4,-1.1583624920952498,0,train,7.84163750790475,-1.1419174913161227,-0.016445000779127028,0.016445000779127028
Cc1cccc(Cn2cc(-c3ccc4[nH]ncc4c3)nn2)c1,70.0,-1.845098040014257,0,train,7.154901959985743,-1.8615216460134485,0.01642360599919157,0.01642360599919157
Cc1ccc(C(=O)Nc2cc([C@H]3CC[C@@H](OC(=O)NC(C)CC(F)(F)F)C3)[nH]n2)cn1,31.3,-1.4955443375464486,0,train,7.504455662453552,-1.479157746415483,-0.016386591130965522,0.016386591130965522
Cc1cnc(CC(=O)Nc2cc([C@H]3CC[C@@H](OC(=O)NC4(C)CC4)C3)[nH]n2)o1,39.4,-1.5954962218255742,0,train,7.404503778174426,-1.579199044168388,-0.01629717765718608,0.01629717765718608
CC[C@H](C)NC(=O)O[C@@H]1CC[C@H](c2cc(NC(=O)Cc3cc(OC)ccc3S(C)(=O)=O)n[nH]2)C1,117.0,-2.0681858617461617,1,train,6.931814138253838,-2.0844701415324645,0.016284279786302758,0.016284279786302758
Fc1ccc(-c2nc(-c3ccc(F)cc3)c(-c3ccncc3)[nH]2)cc1,630.96,-2.800001827817969,0,train,6.199998172182031,-2.783772687150751,-0.016229140667217923,0.016229140667217923
COc1cc(C(=O)O)c(Cl)cc1NC(=O)Nc1cnc(C#N)cn1,1584.89,-3.1999991251967965,0,train,5.800000874803203,-3.2158308720129454,0.01583174681614885,0.01583174681614885
CC(C)c1ccc(Nc2nccc(-c3cnn4ncccc34)n2)cc1,30.0,-1.4771212547196624,0,train,7.522878745280337,-1.492869463824448,0.015748209104785582,0.015748209104785582
COc1cc(CC(=O)Nc2cc([C@H]3CC[C@@H](OC(=O)NC(C)C)C3)[nH]n2)ccn1,33.1,-1.5198279937757189,1,train,7.480172006224281,-1.5043038643363462,-0.015524129439372647,0.015524129439372647
Cc1cnc(CC(=O)Nc2cc([C@H]3CC[C@@H](OC(=O)N4CCC4(C)C)C3)[nH]n2)cn1,7.32,-0.8645110810583919,0,train,8.135488918941608,-0.8491269428811461,-0.01538413817724582,0.01538413817724582
CS(=O)(=O)NCCOc1cncc(-c2ccc3cnccc3c2)c1,630.96,-2.800001827817969,0,train,6.199998172182031,-2.7848658736925005,-0.01513595412546831,0.01513595412546831
N#Cc1ccc(-n2c(-c3nonc3N)nc3ccccc32)cc1,1000.0,-3.0,0,train,6.0,-2.984990912899822,-0.015009087100177787,0.015009087100177787
O=C1NCCc2[nH]c(-c3ccnc(Cl)c3)cc21,794.33,-2.9000009651534695,0,train,6.0999990348465305,-2.9149853512191752,0.014984386065706179,0.014984386065706179
CC[C@H](C)NC(=O)O[C@@H]1CC[C@H](c2cc(NC(=O)c3ccnc4ncsc34)n[nH]2)C1,45.4,-1.657055852857104,0,train,7.342944147142896,-1.6423476867981193,-0.014708166058984729,0.014708166058984729
Cc1ccc(CNc2c(Nc3ccncc3)c(=O)c2=O)cc1C,158.49,-2.200001865406602,0,train,6.799998134593398,-2.214488180705838,0.014486315299236274,0.014486315299236274
CC[C@H](C)NC(=O)O[C@@H]1CC[C@H](c2cc(NC(=O)Cc3cnccn3)n[nH]2)C1,54.0,-1.7323937598229686,0,train,7.267606240177031,-1.718628980609525,-0.013764779213443656,0.013764779213443656
NC(=O)c1cccc2c1Nc1nnc(Cl)cc1C(=O)N2,100.0,-2.0,0,train,7.0,-1.9871921555850856,-0.012807844414914449,0.012807844414914449
CC[C@H](C)NC(=O)O[C@@H]1CC[C@H](c2cc(NC(=O)Cc3scnc3C)n[nH]2)C1,40.0,-1.6020599913279623,0,train,7.3979400086720375,-1.6146274895382269,0.012567498210264372,0.012567498210264372
COc1cccc(C2=NNC(=O)/C2=N\Nc2cccc(Cl)c2)c1,8.0,-0.9030899869919435,1,train,8.096910013008056,-0.915638026002609,0.012548039010665368,0.012548039010665368
CCC(C)(C)NC(=O)O[C@@H]1CC[C@H](c2cc(NC(=O)Cc3cnn(C)c3)n[nH]2)C1,42.3,-1.6263403673750423,1,train,7.373659632624958,-1.6144275364588074,-0.011912830916235073,0.011912830916235073
CO[C@@H]1CN(C(=O)O[C@@H]2CC[C@H](c3cc(NC(=O)Cc4cc(C)no4)n[nH]3)C2)[C@H]1C,8.57,-0.9329808219231982,0,train,8.067019178076801,-0.9445776068167278,0.011596784893529555,0.011596784893529555
O=c1c(NCc2ccc(Cl)cc2)c(Nc2ccncc2)c1=O,316.23,-2.500003068051693,0,train,6.499996931948306,-2.4885106445386826,-0.011492423513010497,0.011492423513010497
CN(C)c1ccc(-c2c(-c3ccc4[nH]nc(N)c4c3)nnn2Cc2ccccc2)cc1,25.12,-1.4000196350651586,0,train,7.599980364934842,-1.389470834031269,-0.010548801033889665,0.010548801033889665
CS(=O)(=O)Nc1cccc(CC(=O)Nc2nc(-c3c[nH]c4ncccc34)cs2)c1,400.0,-2.6020599913279625,0,train,6.3979400086720375,-2.5915986323092786,-0.010461359018683947,0.010461359018683947
CCCCN(CCC#N)C(=O)c1ccc2nc(-c3n[nH]c4ccccc34)[nH]c2c1,501.19,-2.7000023971422538,0,train,6.299997602857746,-2.6897711437162415,-0.010231253426012277,0.010231253426012277
CC[C@H](C)NC(=O)O[C@@H]1CC[C@H](c2cc(NC(=O)Cc3cnc(OC)cn3)n[nH]2)C1,45.6,-1.658964842664435,0,train,7.341035157335565,-1.6685703994887513,0.009605556824316297,0.009605556824316297
COc1ccc(C2=NNC(=O)/C2=N\Nc2ccc(N3CCOCC3)cc2)cc1,8.0,-0.9030899869919435,1,train,8.096910013008056,-0.8935761539421404,-0.009513833049803244,0.009513833049803244
CC(C)S(=O)(=O)c1ccc(-c2cnc(N)c(-c3cc(-c4ccccc4)no3)n2)cc1,650.0,-2.8129133566428557,1,train,6.187086643357144,-2.8036339928029967,-0.00927936383985939,0.00927936383985939
COc1cccc(C(C)NC(=O)c2ccc(-c3ccncc3)cc2)c1,630.96,-2.800001827817969,1,train,6.199998172182031,-2.7910632850838555,-0.00893854273411332,0.00893854273411332
CCn1c(-c2nonc2N)nc2cncc(C(=O)N3CCC(N)C3)c21,501.19,-2.7000023971422538,0,train,6.299997602857746,-2.6914973025973628,-0.008505094544891012,0.008505094544891012
COc1cc(CC(=O)Nc2cc([C@H]3CC[C@@H](OC(=O)NC(C)CC(F)(F)F)C3)[nH]n2)ccn1,14.3,-1.1553360374650619,0,train,7.844663962534938,-1.163788532444018,0.008452494978955949,0.008452494978955949
COc1ccc2c(-c3ccnc(Nc4ccc([N+](=O)[O-])cc4)n3)cnn2n1,70.0,-1.845098040014257,0,train,7.154901959985743,-1.8534152405952111,0.008317200580954198,0.008317200580954198
CC(C)(O)CNc1cc(-c2c[nH]c3ncccc23)cc(Cl)n1,316.23,-2.500003068051693,1,train,6.499996931948306,-2.508270530094272,0.008267462042578888,0.008267462042578888
NC(=O)c1cc2c(-c3ccc(F)cc3)cncc2s1,79.43,-1.899984562549391,0,train,7.100015437450609,-1.9079904628084865,0.008005900259095533,0.008005900259095533
Cc1ccc2c(-c3ccnc(Nc4ccc(Cl)c(C(F)(F)F)c4)n3)c(-c3cccc(C(F)(F)F)c3)nn2n1,630.0,-2.7993405494535817,0,train,6.200659450546418,-2.7914654186888384,-0.007875130764743332,0.007875130764743332
C[C@H]1[C@H](O)CN1C(=O)O[C@@H]1CC[C@H](c2cc(NC(=O)Cc3cc(F)cc(F)c3)n[nH]2)C1,7.18,-0.8561244442423003,0,train,8.143875555757699,-0.8483144589247574,-0.007809985317542845,0.007809985317542845
COc1ccc(S(C)(=O)=O)c(CC(=O)Nc2cc([C@H]3CC[C@@H](OC(=O)NC(C)(C)C)C3)[nH]n2)c1,123.0,-2.089905111439398,0,train,6.910094888560602,-2.082149747780885,-0.007755363658513037,0.007755363658513037
COc1cnc(CC(=O)Nc2cc([C@H]3CC[C@@H](OC(=O)NC(C)CC(F)(F)F)C3)[nH]n2)cn1,16.3,-1.212187604403958,0,train,7.787812395596042,-1.204756584409013,-0.007431019994944998,0.007431019994944998
Cc1ccc2c(-c3ccnc(Nc4ccc5c(c4)OCCO5)n3)c(-c3ccccc3)nn2n1,30.0,-1.4771212547196624,0,train,7.522878745280337,-1.4701924978283605,-0.0069287568913019015,0.0069287568913019015
O=C(Nc1cnc2[nH]cc(-c3ccccc3)c2c1)c1cccc(F)c1F,794.33,-2.9000009651534695,0,train,6.0999990348465305,-2.8930733347877373,-0.006927630365731741,0.006927630365731741
Cc1cnc(CC(=O)Nc2cc([C@H]3CC[C@@H](OC(=O)NC(C)(C)C)C3)[nH]n2)o1,36.2,-1.5587085705331658,1,train,7.441291429466834,-1.5654621665536899,0.006753596020524055,0.006753596020524055
CC1(C)CCCN1C(=O)O[C@@H]1CC[C@H](c2cc(NC(=O)Cc3cnc4ncnn4c3)n[nH]2)C1,6.07,-0.7831886910752576,0,train,8.216811308924742,-0.7766610700628351,-0.006527621012422435,0.006527621012422435
COc1cnc(CC(=O)Nc2cc([C@H]3CC[C@@H](OC(=O)NC4(C)CCOCC4)C3)[nH]n2)s1,30.2,-1.4800069429571505,0,train,7.51999305704285,-1.4865337237136,0.006526780756449746,0.006526780756449746
COc1cccc(C(C)NC(=O)c2ccc(-c3ccncn3)cc2)c1,398.11,-2.60000308662774,1,train,6.399996913372259,-2.5935398117406265,-0.006463274887113624,0.006463274887113624
Cc1ccc2c(-c3ccnc(Nc4ccc5c(c4)OCCO5)n3)c(-c3cccc(C(F)(F)F)c3)nn2n1,150.0,-2.1760912590556813,0,train,6.823908740944319,-2.1697386833901455,-0.00635257566553582,0.00635257566553582
O=C(O)c1cc2c(-c3cccc(F)c3)cncc2s1,251.19,-2.400002345927956,1,train,6.599997654072045,-2.4061607688766347,0.006158422948678854,0.006158422948678854
Cc1ccccc1NC(=O)Nc1ccc(NC(=O)c2csc3ncnc(N)c23)cc1,2511.89,-3.4000006169763797,0,train,5.59999938302362,-3.394169903464246,-0.005830713512134267,0.005830713512134267
Cc1cnc(CC(=O)Nc2cc([C@H]3CC[C@@H](OC(=O)NC(C)(C)C)C3)[nH]n2)cn1,29.9,-1.4756711883244296,1,train,7.52432881167557,-1.4700490777028625,-0.0056221106215670336,0.0056221106215670336
CC(CC(F)(F)F)NC(=O)O[C@@H]1CC[C@H](c2cc(NC(=O)Cc3cnn(C(C)C)c3)n[nH]2)C1,17.9,-1.252853030979893,0,train,7.747146969020107,-1.2583575115566026,0.005504480576709492,0.005504480576709492
O=c1c(NCc2cccc(C(F)(F)F)c2)c(Nc2ccncc2)c1=O,251.19,-2.400002345927956,0,train,6.599997654072045,-2.3950327416329076,-0.004969604295048224,0.004969604295048224
Cc1cnc(CC(=O)Nc2cc([C@H]3CC[C@@H](OC(=O)NC4(C)CC4)C3)[nH]n2)cn1,30.1,-1.4785664955938433,0,train,7.521433504406157,-1.4738167513030833,-0.004749744290759805,0.004749744290759805
O=C1NC(=O)C(Nc2ccccc2)=C1Cl,1000.0,-3.0,0,train,6.0,-2.9952618677515876,-0.004738132248412352,0.004738132248412352
Cc1ccc2c(-c3ccnc(Nc4ccc(Cl)c(C(F)(F)F)c4)n3)c(-c3ccc(F)cc3)nn2n1,50.0,-1.6989700043360187,0,train,7.301029995663981,-1.7031863865035655,0.004216382167546717,0.004216382167546717
COc1cnc(CC(=O)Nc2cc([C@H]3CC[C@@H](OC(=O)NC(C)(C)C)C3)[nH]n2)cn1,39.2,-1.5932860670204574,1,train,7.406713932979542,-1.597348995553654,0.004062928533196564,0.004062928533196564
Clc1cccc(Cn2cc(-c3ccc4[nH]ncc4c3)nn2)c1Cl,48.0,-1.6812412373755872,0,train,7.318758762624412,-1.685267167649465,0.004025930273877876,0.004025930273877876
Cn1cc(CC(=O)Nc2cc([C@H]3CC[C@@H](OC(=O)NC(C)(C)C)C3)[nH]n2)cn1,40.2,-1.60422605308447,1,train,7.39577394691553,-1.6004211028127588,-0.0038049502717112382,0.0038049502717112382
Cc1cnc(CC(=O)Nc2cc([C@H]3CC[C@@H](OC(=O)N4CCC4(C)C)C3)[nH]n2)o1,6.87,-0.8369567370595504,1,train,8.16304326294045,-0.8340964368576117,-0.002860300201938726,0.002860300201938726
Cc1nc(-c2ccc3[nH]ncc3c2)cs1,2861.0,-3.4565178578052627,0,train,5.543482142194737,-3.459298648795446,0.002780790990183135,0.002780790990183135
Cc1cc(-c2ccc3c(c2)Nc2ccccc2NC3=O)ccn1,630.96,-2.800001827817969,0,train,6.199998172182031,-2.797747910947087,-0.0022539168708819446,0.0022539168708819446
COc1ccc(NC(=O)Nc2ccc(-c3csc4c(-c5cnn(CCO)c5)cnc(N)c34)cc2)cc1,1995.26,-3.2999994961169836,0,train,5.700000503883016,-3.3020308935492886,0.002031397432304516,0.002031397432304516
Fc1ccc(Cn2cc(-c3ccc4[nH]ncc4c3)nn2)cc1,70.0,-1.845098040014257,0,train,7.154901959985743,-1.846185319313348,0.0010872792990910263,0.0010872792990910263
COc1ccc(CC(=O)Nc2cc([C@H]3CC[C@@H](OC(=O)NCC(F)F)C3)[nH]n2)cn1,10.6,-1.0253058652647702,0,train,7.97469413473523,-1.0263557991546206,0.0010499338898504185,0.0010499338898504185
O=C(Nc1cnccn1)Nc1ccnc2c(C(F)(F)F)cccc12,15.85,-1.2000292665537702,0,train,7.79997073344623,-1.201019979762045,0.0009907132082749293,0.0009907132082749293
